Extraction Date,Project,Package,Class,Method,CYCLO_method,NOLV_method,CLNAMM_method,CINT_method,CDISP_method,NOII_type,NOAM_type,NOCS_type,number_constructor_NotDefaultConstructor,LOC_method,MAXNESTING_method,CC_method,NMCS_method,LAA_method,CM_method,NOAV_method,ATFD_method,FANOUT_method,ATLD_method,MaMCL_method,MeMCL_method,NOP_method,FDP_method,CFNAMM_method,Number_Final_Not_Static_Methods,TCC_type,WOC_type,LOC_type,LOCNAMM_type,CFNAMM_type,NOMNAMM_type,NOA_type,NIM_type,DIT_type,NOPA_type,CBO_type,RFC_type,isStatic_type,number_private_visibility_attributes,number_protected_visibility_attributes,number_package_visibility_attributes,num_final_attributes,num_static_attributes,num_final_static_attributes,num_not_final_not_static_attributes,NOC_type,WMC_type,LCOM5_type,WMCNAMM_type,AMW_type,NOM_type,NMO_type,num_final_not_static_attributes,num_static_not_final_attributes,number_public_visibility_methods,number_private_visibility_methods,number_protected_visibility_methods,number_package_visibility_methods,number_standard_design_methods,number_constructor_DefaultConstructor_methods,number_final_methods,number_abstract_methods,number_static_methods,number_final_static_methods,number_not_final_static_methods,number_not_final_not_static_methods,number_not_abstract_not_final_methods,NOI_project,NOM_project,NOMNAMM_project,NOCS_package,isStatic_method,ATFD_type,FANOUT_type,AMWNAMM_type,NOMNAMM_Package,NOI_Package,LOC_package,NOPK_project,NOCS_project,NOM_package,LOC_project
2025-07-11,24,com.serwylo.retrowars,AndroidPlatform,shareRetrowars,2,2,0.0,4,1.0,0,2,1,0,13,0,2,0,0.0,0,0,1,5,0.0,1,2.6666666666666665,0,1,0.0,0,0.0,0.6666666666666666,38,13,0.0,2,1,3,1,0,1,2,0,2,0,0,2,1,1,0,0,3,1.0,3,1.0,3,3,2,0,5,0,0,5,0,2,0,0,0,0,0,3,3,8,569,484,5,0,5,34,1.5,20,0,585,22,73,29,10477
2025-07-11,24,com.serwylo.retrowars,AndroidPlatform,getMulticastControl,1,0,0.0,0,0.0,0,2,1,0,1,0,1,0,1.0,0,1,0,0,1.0,0,0.0,0,0,0.0,0,0.0,0.6666666666666666,38,13,0.0,2,1,3,1,0,1,2,0,2,0,0,2,1,1,0,0,3,1.0,3,1.0,3,3,2,0,5,0,0,5,0,2,0,0,0,0,0,3,3,8,569,484,5,0,5,34,1.5,20,0,585,22,73,29,10477
2025-07-11,24,com.serwylo.retrowars,AndroidPlatform,getInetAddress,3,5,0.0,5,0.8,0,2,1,0,14,0,3,0,0.0,0,0,1,10,0.0,4,2.3636363636363638,0,1,0.0,0,0.0,0.6666666666666666,38,13,0.0,2,1,3,1,0,1,2,0,2,0,0,2,1,1,0,0,3,1.0,3,1.0,3,3,2,0,5,0,0,5,0,2,0,0,0,0,0,3,3,8,569,484,5,0,5,34,1.5,20,0,585,22,73,29,10477
2025-07-11,24,com.serwylo.retrowars,AndroidMulticastControl,acquireLock,1,1,0.0,3,1.0,0,0,1,0,8,0,1,0,1.0,0,1,2,12,1.0,0,3.5,0,1,0.0,0,0.0,0.6666666666666666,25,16,0.0,2,1,2,1,0,0,2,0,2,0,0,1,1,1,1,0,3,0.0,3,1.5,2,2,2,0,5,0,0,5,0,2,0,0,0,0,0,2,2,8,569,484,5,0,5,34,1.5,20,0,585,22,73,29,10477
2025-07-11,24,com.serwylo.retrowars,AndroidMulticastControl,releaseLock,2,0,0.0,2,1.0,0,0,1,0,8,1,2,0,1.0,0,1,1,7,1.0,1,2.4,0,1,0.0,0,0.0,0.6666666666666666,25,16,0.0,2,1,2,1,0,0,2,0,2,0,0,1,1,1,1,0,3,0.0,3,1.5,2,2,2,0,5,0,0,5,0,2,0,0,0,0,0,2,2,8,569,484,5,0,5,34,1.5,20,0,585,22,73,29,10477
2025-07-11,24,com.serwylo.retrowars,RetrowarsGame,create,4,0,2.0,6,1.0,0,2,1,0,19,1,4,3,1.0,3,2,4,12,2.0,1,2.75,0,2,0.0,0,0.11029411764705882,0.35294117647058826,128,94,0.6666666666666666,17,2,3,1,0,7,5,0,0,0,0,1,1,1,2,0,19,0.6397058823529411,20,1.1764705882352942,17,3,2,0,15,2,0,15,1,1,0,0,0,0,0,17,17,8,569,484,5,0,15,38,1.3125,20,0,585,22,73,29,10477
2025-07-11,24,com.serwylo.retrowars,RetrowarsGame,ensureMenuMusic,1,0,0.0,1,1.0,0,2,1,0,3,0,1,0,1.0,0,1,0,1,1.0,1,2.0,0,0,0.0,0,0.11029411764705882,0.35294117647058826,128,94,0.6666666666666666,17,2,3,1,0,7,5,0,0,0,0,1,1,1,2,0,19,0.6397058823529411,20,1.1764705882352942,17,3,2,0,15,2,0,15,1,1,0,0,0,0,0,17,17,8,569,484,5,0,15,38,1.3125,20,0,585,22,73,29,10477
2025-07-11,24,com.serwylo.retrowars,RetrowarsGame,stopMenuMusic,1,0,0.0,1,1.0,0,2,1,0,3,0,1,0,1.0,0,1,0,1,1.0,1,2.0,0,0,0.0,0,0.11029411764705882,0.35294117647058826,128,94,0.6666666666666666,17,2,3,1,0,7,5,0,0,0,0,1,1,1,2,0,19,0.6397058823529411,20,1.1764705882352942,17,3,2,0,15,2,0,15,1,1,0,0,0,0,0,17,17,8,569,484,5,0,15,38,1.3125,20,0,585,22,73,29,10477
2025-07-11,24,com.serwylo.retrowars,RetrowarsGame,mute,1,0,0.0,0,0.0,0,2,1,0,3,0,1,0,1.0,0,1,0,0,1.0,0,2.0,0,0,0.0,0,0.11029411764705882,0.35294117647058826,128,94,0.6666666666666666,17,2,3,1,0,7,5,0,0,0,0,1,1,1,2,0,19,0.6397058823529411,20,1.1764705882352942,17,3,2,0,15,2,0,15,1,1,0,0,0,0,0,17,17,8,569,484,5,0,15,38,1.3125,20,0,585,22,73,29,10477
2025-07-11,24,com.serwylo.retrowars,RetrowarsGame,unmute,1,0,0.0,1,1.0,0,2,1,0,3,0,1,0,1.0,0,1,1,2,1.0,0,2.0,0,0,0.0,0,0.11029411764705882,0.35294117647058826,128,94,0.6666666666666666,17,2,3,1,0,7,5,0,0,0,0,1,1,1,2,0,19,0.6397058823529411,20,1.1764705882352942,17,3,2,0,15,2,0,15,1,1,0,0,0,0,0,17,17,8,569,484,5,0,15,38,1.3125,20,0,585,22,73,29,10477
2025-07-11,24,com.serwylo.retrowars,RetrowarsGame,setMusicVolume,1,0,0.0,0,0.0,0,2,1,0,3,0,1,0,0.3333333333333333,0,1,1,0,1.0,0,2.0,1,0,0.0,0,0.11029411764705882,0.35294117647058826,128,94,0.6666666666666666,17,2,3,1,0,7,5,0,0,0,0,1,1,1,2,0,19,0.6397058823529411,20,1.1764705882352942,17,3,2,0,15,2,0,15,1,1,0,0,0,0,0,17,17,8,569,484,5,0,15,38,1.3125,20,0,585,22,73,29,10477
2025-07-11,24,com.serwylo.retrowars,RetrowarsGame,showGameSelectMenu,1,0,1.0,1,1.0,0,2,1,0,7,0,1,2,0.0,2,0,1,2,0.0,0,3.0,0,1,0.0,0,0.11029411764705882,0.35294117647058826,128,94,0.6666666666666666,17,2,3,1,0,7,5,0,0,0,0,1,1,1,2,0,19,0.6397058823529411,20,1.1764705882352942,17,3,2,0,15,2,0,15,1,1,0,0,0,0,0,17,17,8,569,484,5,0,15,38,1.3125,20,0,585,22,73,29,10477
2025-07-11,24,com.serwylo.retrowars,RetrowarsGame,showMultiplayerLobby,1,0,1.0,1,1.0,0,2,1,0,7,0,1,2,0.0,2,0,1,2,0.0,0,3.0,0,1,0.0,0,0.11029411764705882,0.35294117647058826,128,94,0.6666666666666666,17,2,3,1,0,7,5,0,0,0,0,1,1,1,2,0,19,0.6397058823529411,20,1.1764705882352942,17,3,2,0,15,2,0,15,1,1,0,0,0,0,0,17,17,8,569,484,5,0,15,38,1.3125,20,0,585,22,73,29,10477
2025-07-11,24,com.serwylo.retrowars,RetrowarsGame,showMultiplayerLobbyAndConnect,1,0,1.0,1,1.0,0,2,1,0,7,0,1,2,0.0,2,0,1,2,0.0,0,3.0,1,1,0.0,0,0.11029411764705882,0.35294117647058826,128,94,0.6666666666666666,17,2,3,1,0,7,5,0,0,0,0,1,1,1,2,0,19,0.6397058823529411,20,1.1764705882352942,17,3,2,0,15,2,0,15,1,1,0,0,0,0,0,17,17,8,569,484,5,0,15,38,1.3125,20,0,585,22,73,29,10477
2025-07-11,24,com.serwylo.retrowars,RetrowarsGame,showOptions,1,0,1.0,1,1.0,0,2,1,0,7,0,1,2,0.0,2,0,1,2,0.0,0,3.0,0,1,0.0,0,0.11029411764705882,0.35294117647058826,128,94,0.6666666666666666,17,2,3,1,0,7,5,0,0,0,0,1,1,1,2,0,19,0.6397058823529411,20,1.1764705882352942,17,3,2,0,15,2,0,15,1,1,0,0,0,0,0,17,17,8,569,484,5,0,15,38,1.3125,20,0,585,22,73,29,10477
2025-07-11,24,com.serwylo.retrowars,RetrowarsGame,dispose,0,0,1.0,0,0.0,0,2,1,0,0,0,0,0,0.0,0,0,0,0,0.0,0,0.0,0,0,0.0,0,0.11029411764705882,0.35294117647058826,128,94,0.6666666666666666,17,2,3,1,0,7,5,0,0,0,0,1,1,1,2,0,19,0.6397058823529411,20,1.1764705882352942,17,3,2,0,15,2,0,15,1,1,0,0,0,0,0,17,17,8,569,484,5,0,15,38,1.3125,20,0,585,22,73,29,10477
2025-07-11,24,com.serwylo.retrowars,RetrowarsGame,showMainMenu,1,0,1.0,1,1.0,0,2,1,0,7,0,1,2,0.0,2,0,1,2,0.0,0,3.0,0,1,0.0,0,0.11029411764705882,0.35294117647058826,128,94,0.6666666666666666,17,2,3,1,0,7,5,0,0,0,0,1,1,1,2,0,19,0.6397058823529411,20,1.1764705882352942,17,3,2,0,15,2,0,15,1,1,0,0,0,0,0,17,17,8,569,484,5,0,15,38,1.3125,20,0,585,22,73,29,10477
2025-07-11,24,com.serwylo.retrowars,RetrowarsGame,showEndMultiplayerGame,1,0,1.0,1,1.0,0,2,1,0,7,0,1,2,0.0,2,0,1,2,0.0,0,3.0,0,1,0.0,0,0.11029411764705882,0.35294117647058826,128,94,0.6666666666666666,17,2,3,1,0,7,5,0,0,0,0,1,1,1,2,0,19,0.6397058823529411,20,1.1764705882352942,17,3,2,0,15,2,0,15,1,1,0,0,0,0,0,17,17,8,569,484,5,0,15,38,1.3125,20,0,585,22,73,29,10477
2025-07-11,24,com.serwylo.retrowars,RetrowarsGame,showNetworkError,1,0,1.0,1,1.0,0,2,1,0,7,0,1,2,0.0,2,0,1,2,0.0,0,3.0,2,1,0.0,0,0.11029411764705882,0.35294117647058826,128,94,0.6666666666666666,17,2,3,1,0,7,5,0,0,0,0,1,1,1,2,0,19,0.6397058823529411,20,1.1764705882352942,17,3,2,0,15,2,0,15,1,1,0,0,0,0,0,17,17,8,569,484,5,0,15,38,1.3125,20,0,585,22,73,29,10477
2025-07-11,24,com.serwylo.retrowars,RetrowarsGame,launchGame,2,0,1.0,2,1.0,0,2,1,0,7,0,2,2,0.0,2,0,1,4,0.0,1,2.5,1,1,0.0,0,0.11029411764705882,0.35294117647058826,128,94,0.6666666666666666,17,2,3,1,0,7,5,0,0,0,0,1,1,1,2,0,19,0.6397058823529411,20,1.1764705882352942,17,3,2,0,15,2,0,15,1,1,0,0,0,0,0,17,17,8,569,484,5,0,15,38,1.3125,20,0,585,22,73,29,10477
2025-07-11,24,com.serwylo.retrowars,RetrowarsGame,showBetaDetails,2,0,1.0,1,1.0,0,2,1,0,7,0,2,2,0.0,2,0,1,3,0.0,0,2.6666666666666665,2,1,0.0,0,0.11029411764705882,0.35294117647058826,128,94,0.6666666666666666,17,2,3,1,0,7,5,0,0,0,0,1,1,1,2,0,19,0.6397058823529411,20,1.1764705882352942,17,3,2,0,15,2,0,15,1,1,0,0,0,0,0,17,17,8,569,484,5,0,15,38,1.3125,20,0,585,22,73,29,10477
2025-07-11,24,com.serwylo.retrowars,RetrowarsGame,setScreen,1,0,0.0,1,1.0,0,2,1,0,4,0,1,0,0.0,2,0,0,1,0.0,1,2.5,1,0,0.0,0,0.11029411764705882,0.35294117647058826,128,94,0.6666666666666666,17,2,3,1,0,7,5,0,0,0,0,1,1,1,2,0,19,0.6397058823529411,20,1.1764705882352942,17,3,2,0,15,2,0,15,1,1,0,0,0,0,0,17,17,8,569,484,5,0,15,38,1.3125,20,0,585,22,73,29,10477
2025-07-11,24,com.serwylo.retrowars,UiAssets,initSync,1,1,0.0,4,1.0,0,5,5,0,11,0,1,0,1.0,0,6,4,12,6.0,1,2.6666666666666665,0,1,0.0,0,0.3333333333333333,0.16666666666666666,245,11,0.0,1,8,0,0,2,0,2,1,7,0,3,5,2,2,5,0,6,0.6666666666666667,6,1.0,6,0,8,0,6,0,0,6,0,1,0,0,2,0,2,8,10,8,569,484,5,0,4,12,1.0,20,0,585,22,73,29,10477
2025-07-11,24,com.serwylo.retrowars,UiAssets,getStrings,1,0,0.0,0,0.0,0,5,5,0,1,0,1,0,1.0,0,1,0,0,1.0,0,0.0,0,0,0.0,0,0.3333333333333333,0.16666666666666666,245,11,0.0,1,8,0,0,2,0,2,1,7,0,3,5,2,2,5,0,6,0.6666666666666667,6,1.0,6,0,8,0,6,0,0,6,0,1,0,0,2,0,2,8,10,8,569,484,5,0,4,12,1.0,20,0,585,22,73,29,10477
2025-07-11,24,com.serwylo.retrowars,UiAssets,getSkin,1,0,0.0,0,0.0,0,5,5,0,1,0,1,0,1.0,0,1,0,0,1.0,0,0.0,0,0,0.0,0,0.3333333333333333,0.16666666666666666,245,11,0.0,1,8,0,0,2,0,2,1,7,0,3,5,2,2,5,0,6,0.6666666666666667,6,1.0,6,0,8,0,6,0,0,6,0,1,0,0,2,0,2,8,10,8,569,484,5,0,4,12,1.0,20,0,585,22,73,29,10477
2025-07-11,24,com.serwylo.retrowars,UiAssets,getStyles,1,0,0.0,0,0.0,0,5,5,0,1,0,1,0,1.0,0,1,0,0,1.0,0,0.0,0,0,0.0,0,0.3333333333333333,0.16666666666666666,245,11,0.0,1,8,0,0,2,0,2,1,7,0,3,5,2,2,5,0,6,0.6666666666666667,6,1.0,6,0,8,0,6,0,0,6,0,1,0,0,2,0,2,8,10,8,569,484,5,0,4,12,1.0,20,0,585,22,73,29,10477
2025-07-11,24,com.serwylo.retrowars,UiAssets,getSprites,1,0,0.0,0,0.0,0,5,5,0,1,0,1,0,1.0,0,1,0,0,1.0,0,0.0,0,0,0.0,0,0.3333333333333333,0.16666666666666666,245,11,0.0,1,8,0,0,2,0,2,1,7,0,3,5,2,2,5,0,6,0.6666666666666667,6,1.0,6,0,8,0,6,0,0,6,0,1,0,0,2,0,2,8,10,8,569,484,5,0,4,12,1.0,20,0,585,22,73,29,10477
2025-07-11,24,com.serwylo.retrowars,UiAssets,getLocale,1,5,0.0,0,0.0,0,5,5,0,1,0,1,0,1.0,0,0,0,0,0.0,0,0.0,0,0,0.0,0,0.3333333333333333,0.16666666666666666,245,11,0.0,1,8,0,0,2,0,2,1,7,0,3,5,2,2,5,0,6,0.6666666666666667,6,1.0,6,0,8,0,6,0,0,6,0,1,0,0,2,0,2,8,10,8,569,484,5,1,4,12,1.0,20,0,585,22,73,29,10477
2025-07-11,24,com.serwylo.retrowars.audio,SoundLibrary,play,1,0,0.0,1,1.0,1,2,2,0,3,0,1,1,0.5,2,1,0,3,1.0,0,2.5,1,0,0.0,0,0.4,0.5,102,59,0.0,4,8,0,0,0,4,5,0,8,0,0,8,0,0,0,0,12,0.8,12,2.0,6,0,8,0,3,1,3,3,1,1,0,0,0,0,0,6,6,8,569,484,4,0,0,52,3.0,12,0,352,22,73,8,10477
2025-07-11,24,com.serwylo.retrowars.audio,SoundLibrary,getSound,1,2,0.0,2,1.0,1,2,2,0,5,0,1,0,0.6666666666666666,0,2,0,5,0.67,1,2.3333333333333335,1,0,0.0,0,0.4,0.5,102,59,0.0,4,8,0,0,0,4,5,0,8,0,0,8,0,0,0,0,12,0.8,12,2.0,6,0,8,0,3,1,3,3,1,1,0,0,0,0,0,6,6,8,569,484,4,0,0,52,3.0,12,0,352,22,73,8,10477
2025-07-11,24,com.serwylo.retrowars.audio,SoundLibrary,startLoop,2,2,0.0,4,1.0,1,2,2,0,14,1,2,1,0.5,1,4,0,7,1.33,1,2.1666666666666665,1,0,0.0,0,0.4,0.5,102,59,0.0,4,8,0,0,0,4,5,0,8,0,0,8,0,0,0,0,12,0.8,12,2.0,6,0,8,0,3,1,3,3,1,1,0,0,0,0,0,6,6,8,569,484,4,0,0,52,3.0,12,0,352,22,73,8,10477
2025-07-11,24,com.serwylo.retrowars.audio,SoundLibrary,stopLoop,6,3,0.0,5,0.8571,1,2,2,0,39,1,6,0,0.5,0,4,0,12,0.8,1,2.0,2,0,0.0,0,0.4,0.5,102,59,0.0,4,8,0,0,0,4,5,0,8,0,0,8,0,0,0,0,12,0.8,12,2.0,6,0,8,0,3,1,3,3,1,1,0,0,0,0,0,6,6,8,569,484,4,0,0,52,3.0,12,0,352,22,73,8,10477
2025-07-11,24,com.serwylo.retrowars.audio,SoundLibrary,isLoaded,1,0,0.0,1,1.0,1,2,2,0,3,0,1,0,1.0,0,1,0,1,1.0,1,2.0,0,0,0.0,0,0.4,0.5,102,59,0.0,4,8,0,0,0,4,5,0,8,0,0,8,0,0,0,0,12,0.8,12,2.0,6,0,8,0,3,1,3,3,1,1,0,0,0,0,0,6,6,8,569,484,4,0,0,52,3.0,12,0,352,22,73,8,10477
2025-07-11,24,com.serwylo.retrowars.audio,SoundLibrary,dispose,1,0,0.0,0,0.0,1,2,2,0,3,0,1,0,1.0,1,1,0,1,1.0,1,2.0,0,0,0.0,0,0.4,0.5,102,59,0.0,4,8,0,0,0,4,5,0,8,0,0,8,0,0,0,0,12,0.8,12,2.0,6,0,8,0,3,1,3,3,1,1,0,0,0,0,0,6,6,8,569,484,4,0,0,52,3.0,12,0,352,22,73,8,10477
2025-07-11,24,com.serwylo.retrowars.audio,InternalExternalFileHandleResolver,toFileName,3,3,0.0,4,1.0,1,0,1,0,13,1,3,0,0.0,0,0,0,23,0.0,1,2.9375,1,0,0.0,0,0.0,0.5,19,13,0.0,1,0,1,1,0,2,0,0,0,0,0,0,0,0,0,0,1,0.0,1,1.0,1,1,8,0,3,1,3,3,1,1,0,0,1,0,1,1,2,8,569,484,4,1,0,52,3.0,12,0,352,22,73,8,10477
2025-07-11,24,com.serwylo.retrowars.audio,SoundTheme,toString,1,0,0.0,1,1.0,0,0,1,0,1,0,1,0,0.0,0,0,0,3,0.0,0,2.0,0,0,0.0,0,0.0,0.0,3,1,0.0,1,0,1,0,0,0,0,0,0,0,0,0,0,0,0,0,1,0.0,1,1.0,1,1,0,0,0,0,0,0,0,2,0,0,0,0,0,1,1,8,569,484,4,0,0,3,1.0,12,0,352,22,73,8,10477
2025-07-11,24,com.serwylo.retrowars.core,GameSelectScreen,setupStage,2,9,0.0,6,0.875,0,1,1,0,30,1,2,0,1.0,1,4,2,18,0.44,3,2.2142857142857144,0,2,0.0,0,0.39285714285714285,0.625,135,80,0.14285714285714285,8,6,5,1,0,4,7,0,6,0,0,6,0,0,0,0,12,0.8214285714285714,12,1.5,8,5,6,0,6,2,0,6,1,1,0,0,0,0,0,10,10,8,569,484,27,0,7,79,2.375,77,1,2402,22,73,62,10477
2025-07-11,24,com.serwylo.retrowars.core,GameSelectScreen,show,2,0,0.0,3,1.0,0,1,1,0,12,1,2,0,1.0,0,1,2,10,1.0,1,3.2,0,1,0.0,0,0.39285714285714285,0.625,135,80,0.14285714285714285,8,6,5,1,0,4,7,0,6,0,0,6,0,0,0,0,12,0.8214285714285714,12,1.5,8,5,6,0,6,2,0,6,1,1,0,0,0,0,0,10,10,8,569,484,27,0,7,79,2.375,77,1,2402,22,73,62,10477
2025-07-11,24,com.serwylo.retrowars.core,GameSelectScreen,hide,1,0,0.0,1,1.0,0,1,1,0,4,0,1,0,0.0,0,0,1,4,0.0,0,4.0,0,1,0.0,0,0.39285714285714285,0.625,135,80,0.14285714285714285,8,6,5,1,0,4,7,0,6,0,0,6,0,0,0,0,12,0.8214285714285714,12,1.5,8,5,6,0,6,2,0,6,1,1,0,0,0,0,0,10,10,8,569,484,27,0,7,79,2.375,77,1,2402,22,73,62,10477
2025-07-11,24,com.serwylo.retrowars.core,GameSelectScreen,resize,1,0,0.0,2,0.5,0,1,1,0,6,0,1,1,0.42857142857142855,2,2,1,4,1.0,1,2.3333333333333335,2,1,0.0,0,0.39285714285714285,0.625,135,80,0.14285714285714285,8,6,5,1,0,4,7,0,6,0,0,6,0,0,0,0,12,0.8214285714285714,12,1.5,8,5,6,0,6,2,0,6,1,1,0,0,0,0,0,10,10,8,569,484,27,0,7,79,2.375,77,1,2402,22,73,62,10477
2025-07-11,24,com.serwylo.retrowars.core,GameSelectScreen,render,1,0,0.0,2,1.0,0,1,1,0,4,0,1,0,0.75,0,2,0,3,2.0,1,2.0,1,0,0.0,0,0.39285714285714285,0.625,135,80,0.14285714285714285,8,6,5,1,0,4,7,0,6,0,0,6,0,0,0,0,12,0.8214285714285714,12,1.5,8,5,6,0,6,2,0,6,1,1,0,0,0,0,0,10,10,8,569,484,27,0,7,79,2.375,77,1,2402,22,73,62,10477
2025-07-11,24,com.serwylo.retrowars.core,GameSelectScreen,dispose,1,0,0.0,0,0.0,0,1,1,0,3,0,1,0,1.0,1,1,0,1,1.0,1,2.0,0,0,0.0,0,0.39285714285714285,0.625,135,80,0.14285714285714285,8,6,5,1,0,4,7,0,6,0,0,6,0,0,0,0,12,0.8214285714285714,12,1.5,8,5,6,0,6,2,0,6,1,1,0,0,0,0,0,10,10,8,569,484,27,0,7,79,2.375,77,1,2402,22,73,62,10477
2025-07-11,24,com.serwylo.retrowars.core,GameSelectScreen,makeButton,8,7,1.0,12,0.7857,0,1,1,0,43,1,8,1,0.45454545454545453,1,4,1,36,0.5,5,2.4814814814814814,1,1,0.0,0,0.39285714285714285,0.625,135,80,0.14285714285714285,8,6,5,1,0,4,7,0,6,0,0,6,0,0,0,0,12,0.8214285714285714,12,1.5,8,5,6,0,6,2,0,6,1,1,0,0,0,0,0,10,10,8,569,484,27,0,7,79,2.375,77,1,2402,22,73,62,10477
2025-07-11,24,com.serwylo.retrowars.core,GameSelectScreen,onGameSelected,3,1,0.0,1,1.0,0,1,1,0,8,1,3,0,0.0,0,0,0,3,0.0,0,2.75,1,0,0.0,0,0.39285714285714285,0.625,135,80,0.14285714285714285,8,6,5,1,0,4,7,0,6,0,0,6,0,0,0,0,12,0.8214285714285714,12,1.5,8,5,6,0,6,2,0,6,1,1,0,0,0,0,0,10,10,8,569,484,27,0,7,79,2.375,77,1,2402,22,73,62,10477
2025-07-11,24,com.serwylo.retrowars.core,MainMenuScreen,resize,1,0,0.0,2,1.0,0,0,1,0,4,0,1,0,0.2,1,1,1,5,0.5,0,3.5,2,1,0.0,0,0.5,0.5,45,14,0.0,4,1,4,1,0,2,2,0,1,0,0,1,0,0,0,0,4,0.8333333333333334,4,1.0,4,4,1,0,4,0,0,4,0,1,0,0,0,0,0,4,4,8,569,484,27,0,2,10,1.0,77,1,2402,22,73,62,10477
2025-07-11,24,com.serwylo.retrowars.core,MainMenuScreen,show,1,0,0.0,0,0.0,0,0,1,0,3,0,1,0,1.0,0,1,0,0,1.0,0,3.0,0,0,0.0,0,0.5,0.5,45,14,0.0,4,1,4,1,0,2,2,0,1,0,0,1,0,0,0,0,4,0.8333333333333334,4,1.0,4,4,1,0,4,0,0,4,0,1,0,0,0,0,0,4,4,8,569,484,27,0,2,10,1.0,77,1,2402,22,73,62,10477
2025-07-11,24,com.serwylo.retrowars.core,MainMenuScreen,hide,1,0,0.0,0,0.0,0,0,1,0,3,0,1,0,0.0,0,0,0,0,0.0,0,3.0,0,0,0.0,0,0.5,0.5,45,14,0.0,4,1,4,1,0,2,2,0,1,0,0,1,0,0,0,0,4,0.8333333333333334,4,1.0,4,4,1,0,4,0,0,4,0,1,0,0,0,0,0,4,4,8,569,484,27,0,2,10,1.0,77,1,2402,22,73,62,10477
2025-07-11,24,com.serwylo.retrowars.core,MainMenuScreen,render,1,0,0.0,2,1.0,0,0,1,0,4,0,1,0,0.6666666666666666,0,1,1,5,1.0,1,2.6666666666666665,1,1,0.0,0,0.5,0.5,45,14,0.0,4,1,4,1,0,2,2,0,1,0,0,1,0,0,0,0,4,0.8333333333333334,4,1.0,4,4,1,0,4,0,0,4,0,1,0,0,0,0,0,4,4,8,569,484,27,0,2,10,1.0,77,1,2402,22,73,62,10477
2025-07-11,24,com.serwylo.retrowars.core,MultiplayerLobbyScreen,onBack,3,0,0.0,4,0.75,1,0,1,0,11,0,3,0,1.0,0,1,1,8,1.0,1,2.2222222222222223,0,1,0.0,0,0.38620689655172413,0.9333333333333333,629,544,0.5333333333333333,30,9,3,1,0,18,14,0,9,0,0,8,2,2,3,0,48,0.5862068965517242,48,1.6,30,3,9,0,20,27,0,20,7,18,0,0,1,0,1,34,35,8,569,484,27,0,20,603,0.0,77,1,2402,22,73,62,10477
2025-07-11,24,com.serwylo.retrowars.core,MultiplayerLobbyScreen,pause,3,0,0.0,3,1.0,1,0,1,0,8,0,3,0,0.0,1,0,1,8,0.0,1,2.3333333333333335,0,1,0.0,0,0.38620689655172413,0.9333333333333333,629,544,0.5333333333333333,30,9,3,1,0,18,14,0,9,0,0,8,2,2,3,0,48,0.5862068965517242,48,1.6,30,3,9,0,20,27,0,20,7,18,0,0,1,0,1,34,35,8,569,484,27,0,20,603,0.0,77,1,2402,22,73,62,10477
2025-07-11,24,com.serwylo.retrowars.core,MultiplayerLobbyScreen,makeStageDecoration,1,1,1.0,4,1.0,1,0,1,0,10,0,1,1,1.0,1,3,0,7,3.0,1,2.0,0,0,0.0,0,0.38620689655172413,0.9333333333333333,629,544,0.5333333333333333,30,9,3,1,0,18,14,0,9,0,0,8,2,2,3,0,48,0.5862068965517242,48,1.6,30,3,9,0,20,27,0,20,7,18,0,0,1,0,1,34,35,8,569,484,27,0,20,603,0.0,77,1,2402,22,73,62,10477
2025-07-11,24,com.serwylo.retrowars.core,MultiplayerLobbyScreen,changeState,1,2,0.0,2,1.0,1,0,1,0,8,0,1,0,0.8,0,2,1,4,0.67,1,2.5,1,1,0.0,0,0.38620689655172413,0.9333333333333333,629,544,0.5333333333333333,30,9,3,1,0,18,14,0,9,0,0,8,2,2,3,0,48,0.5862068965517242,48,1.6,30,3,9,0,20,27,0,20,7,18,0,0,1,0,1,34,35,8,569,484,27,0,20,603,0.0,77,1,2402,22,73,62,10477
2025-07-11,24,com.serwylo.retrowars.core,MultiplayerLobbyScreen,render,4,2,14.0,7,1.0,1,0,1,0,27,1,4,15,0.8571428571428571,15,3,1,24,1.5,1,2.142857142857143,1,1,0.0,0,0.38620689655172413,0.9333333333333333,629,544,0.5333333333333333,30,9,3,1,0,18,14,0,9,0,0,8,2,2,3,0,48,0.5862068965517242,48,1.6,30,3,9,0,20,27,0,20,7,18,0,0,1,0,1,34,35,8,569,484,27,0,20,603,0.0,77,1,2402,22,73,62,10477
2025-07-11,24,com.serwylo.retrowars.core,MultiplayerLobbyScreen,showSearchingForPublicServers,1,0,0.0,2,0.5,1,0,1,0,4,0,1,0,1.0,0,3,0,6,3.0,1,3.0,0,0,0.0,0,0.38620689655172413,0.9333333333333333,629,544,0.5333333333333333,30,9,3,1,0,18,14,0,9,0,0,8,2,2,3,0,48,0.5862068965517242,48,1.6,30,3,9,0,20,27,0,20,7,18,0,0,1,0,1,34,35,8,569,484,27,0,20,603,0.0,77,1,2402,22,73,62,10477
2025-07-11,24,com.serwylo.retrowars.core,MultiplayerLobbyScreen,showEmptyServerList,1,0,1.0,3,0.3333,1,0,1,0,8,0,1,0,1.0,1,3,0,9,3.0,2,2.7142857142857144,0,0,0.0,0,0.38620689655172413,0.9333333333333333,629,544,0.5333333333333333,30,9,3,1,0,18,14,0,9,0,0,8,2,2,3,0,48,0.5862068965517242,48,1.6,30,3,9,0,20,27,0,20,7,18,0,0,1,0,1,34,35,8,569,484,27,0,20,603,0.0,77,1,2402,22,73,62,10477
2025-07-11,24,com.serwylo.retrowars.core,MultiplayerLobbyScreen,showServerList,2,0,3.0,9,0.8182,1,0,1,0,28,1,2,0,0.7857142857142857,3,3,1,37,1.0,4,2.689655172413793,3,1,0.0,0,0.38620689655172413,0.9333333333333333,629,544,0.5333333333333333,30,9,3,1,0,18,14,0,9,0,0,8,2,2,3,0,48,0.5862068965517242,48,1.6,30,3,9,0,20,27,0,20,7,18,0,0,1,0,1,34,35,8,569,484,27,0,20,603,0.0,77,1,2402,22,73,62,10477
2025-07-11,24,com.serwylo.retrowars.core,MultiplayerLobbyScreen,makeUnsupportedServerInfo,1,2,0.0,8,1.0,1,0,1,0,20,0,1,0,0.75,0,1,0,32,0.67,3,3.230769230769231,1,0,0.0,0,0.38620689655172413,0.9333333333333333,629,544,0.5333333333333333,30,9,3,1,0,18,14,0,9,0,0,8,2,2,3,0,48,0.5862068965517242,48,1.6,30,3,9,0,20,27,0,20,7,18,0,0,1,0,1,34,35,8,569,484,27,0,20,603,0.0,77,1,2402,22,73,62,10477
2025-07-11,24,com.serwylo.retrowars.core,MultiplayerLobbyScreen,makeManualServerInput,2,6,1.0,13,0.8,1,0,1,0,40,1,2,1,1.0,1,1,0,32,0.33,2,2.48,0,0,0.0,0,0.38620689655172413,0.9333333333333333,629,544,0.5333333333333333,30,9,3,1,0,18,14,0,9,0,0,8,2,2,3,0,48,0.5862068965517242,48,1.6,30,3,9,0,20,27,0,20,7,18,0,0,1,0,1,34,35,8,569,484,27,0,20,603,0.0,77,1,2402,22,73,62,10477
2025-07-11,24,com.serwylo.retrowars.core,MultiplayerLobbyScreen,joinServer,2,0,2.0,4,1.0,1,0,1,0,6,0,2,2,0.3333333333333333,2,1,3,8,0.5,1,2.3333333333333335,2,3,0.0,0,0.38620689655172413,0.9333333333333333,629,544,0.5333333333333333,30,9,3,1,0,18,14,0,9,0,0,8,2,2,3,0,48,0.5862068965517242,48,1.6,30,3,9,0,20,27,0,20,7,18,0,0,1,0,1,34,35,8,569,484,27,0,20,603,0.0,77,1,2402,22,73,62,10477
2025-07-11,24,com.serwylo.retrowars.core,MultiplayerLobbyScreen,makeServerInfo,2,7,1.0,19,0.8636,1,0,1,0,49,1,2,1,0.7037037037037037,1,1,0,64,0.33,3,2.9583333333333335,1,0,0.0,0,0.38620689655172413,0.9333333333333333,629,544,0.5333333333333333,30,9,3,1,0,18,14,0,9,0,0,8,2,2,3,0,48,0.5862068965517242,48,1.6,30,3,9,0,20,27,0,20,7,18,0,0,1,0,1,34,35,8,569,484,27,0,20,603,0.0,77,1,2402,22,73,62,10477
2025-07-11,24,com.serwylo.retrowars.core,MultiplayerLobbyScreen,showSplash,1,0,3.0,3,0.3333,1,0,1,0,11,0,1,3,1.0,3,4,0,24,4.0,2,3.611111111111111,0,0,0.0,0,0.38620689655172413,0.9333333333333333,629,544,0.5333333333333333,30,9,3,1,0,18,14,0,9,0,0,8,2,2,3,0,48,0.5862068965517242,48,1.6,30,3,9,0,20,27,0,20,7,18,0,0,1,0,1,34,35,8,569,484,27,0,20,603,0.0,77,1,2402,22,73,62,10477
2025-07-11,24,com.serwylo.retrowars.core,MultiplayerLobbyScreen,findAndJoinLocalServer,9,5,2.0,12,0.6667,1,0,1,0,71,1,9,4,0.0,2,0,4,42,0.0,1,2.6136363636363638,0,4,0.0,0,0.38620689655172413,0.9333333333333333,629,544,0.5333333333333333,30,9,3,1,0,18,14,0,9,0,0,8,2,2,3,0,48,0.5862068965517242,48,1.6,30,3,9,0,20,27,0,20,7,18,0,0,1,0,1,34,35,8,569,484,27,0,20,603,0.0,77,1,2402,22,73,62,10477
2025-07-11,24,com.serwylo.retrowars.core,MultiplayerLobbyScreen,findAndShowPublicServers,15,15,1.0,10,0.9167,1,0,1,0,51,3,15,2,0.0,1,0,0,63,0.0,1,2.2142857142857144,0,0,0.0,0,0.38620689655172413,0.9333333333333333,629,544,0.5333333333333333,30,9,3,1,0,18,14,0,9,0,0,8,2,2,3,0,48,0.5862068965517242,48,1.6,30,3,9,0,20,27,0,20,7,18,0,0,1,0,1,34,35,8,569,484,27,0,20,603,0.0,77,1,2402,22,73,62,10477
2025-07-11,24,com.serwylo.retrowars.core,MultiplayerLobbyScreen,showSearchingForLocalServer,1,0,0.0,3,0.3333,1,0,1,0,6,0,1,0,1.0,0,3,0,10,3.0,1,3.1666666666666665,0,0,0.0,0,0.38620689655172413,0.9333333333333333,629,544,0.5333333333333333,30,9,3,1,0,18,14,0,9,0,0,8,2,2,3,0,48,0.5862068965517242,48,1.6,30,3,9,0,20,27,0,20,7,18,0,0,1,0,1,34,35,8,569,484,27,0,20,603,0.0,77,1,2402,22,73,62,10477
2025-07-11,24,com.serwylo.retrowars.core,MultiplayerLobbyScreen,showNoLocalServerFound,1,0,0.0,3,0.3333,1,0,1,0,10,0,1,0,1.0,0,3,0,12,3.0,1,3.25,0,0,0.0,0,0.38620689655172413,0.9333333333333333,629,544,0.5333333333333333,30,9,3,1,0,18,14,0,9,0,0,8,2,2,3,0,48,0.5862068965517242,48,1.6,30,3,9,0,20,27,0,20,7,18,0,0,1,0,1,34,35,8,569,484,27,0,20,603,0.0,77,1,2402,22,73,62,10477
2025-07-11,24,com.serwylo.retrowars.core,MultiplayerLobbyScreen,showConnectingToServer,1,0,0.0,2,0.5,1,0,1,0,4,0,1,0,1.0,0,3,0,5,3.0,1,2.6666666666666665,0,0,0.0,0,0.38620689655172413,0.9333333333333333,629,544,0.5333333333333333,30,9,3,1,0,18,14,0,9,0,0,8,2,2,3,0,48,0.5862068965517242,48,1.6,30,3,9,0,20,27,0,20,7,18,0,0,1,0,1,34,35,8,569,484,27,0,20,603,0.0,77,1,2402,22,73,62,10477
2025-07-11,24,com.serwylo.retrowars.core,MultiplayerLobbyScreen,showCustomisingServer,4,7,3.0,12,0.6667,1,0,1,0,35,1,4,3,0.6923076923076923,3,2,1,22,0.25,2,2.5,1,1,0.0,0,0.38620689655172413,0.9333333333333333,629,544,0.5333333333333333,30,9,3,1,0,18,14,0,9,0,0,8,2,2,3,0,48,0.5862068965517242,48,1.6,30,3,9,0,20,27,0,20,7,18,0,0,1,0,1,34,35,8,569,484,27,0,20,603,0.0,77,1,2402,22,73,62,10477
2025-07-11,24,com.serwylo.retrowars.core,MultiplayerLobbyScreen,makeGameButton,4,3,0.0,6,1.0,1,0,1,0,26,1,4,0,0.3333333333333333,0,1,1,17,0.17,1,2.1818181818181817,3,0,0.0,0,0.38620689655172413,0.9333333333333333,629,544,0.5333333333333333,30,9,3,1,0,18,14,0,9,0,0,8,2,2,3,0,48,0.5862068965517242,48,1.6,30,3,9,0,20,27,0,20,7,18,0,0,1,0,1,34,35,8,569,484,27,0,20,603,0.0,77,1,2402,22,73,62,10477
2025-07-11,24,com.serwylo.retrowars.core,MultiplayerLobbyScreen,showStartingServer,1,0,0.0,2,0.5,1,0,1,0,4,0,1,0,1.0,0,3,0,6,3.0,1,3.0,0,0,0.0,0,0.38620689655172413,0.9333333333333333,629,544,0.5333333333333333,30,9,3,1,0,18,14,0,9,0,0,8,2,2,3,0,48,0.5862068965517242,48,1.6,30,3,9,0,20,27,0,20,7,18,0,0,1,0,1,34,35,8,569,484,27,0,20,603,0.0,77,1,2402,22,73,62,10477
2025-07-11,24,com.serwylo.retrowars.core,MultiplayerLobbyScreen,showReadyToStart,1,0,1.0,3,0.3333,1,0,1,0,8,0,1,0,0.8333333333333334,1,3,0,13,1.5,2,3.0,2,0,0.0,0,0.38620689655172413,0.9333333333333333,629,544,0.5333333333333333,30,9,3,1,0,18,14,0,9,0,0,8,2,2,3,0,48,0.5862068965517242,48,1.6,30,3,9,0,20,27,0,20,7,18,0,0,1,0,1,34,35,8,569,484,27,0,20,603,0.0,77,1,2402,22,73,62,10477
2025-07-11,24,com.serwylo.retrowars.core,MultiplayerLobbyScreen,showServerWaitingForClients,1,0,1.0,6,0.6667,1,0,1,0,13,0,1,0,0.9230769230769231,1,3,0,20,3.0,2,2.6923076923076925,1,0,0.0,0,0.38620689655172413,0.9333333333333333,629,544,0.5333333333333333,30,9,3,1,0,18,14,0,9,0,0,8,2,2,3,0,48,0.5862068965517242,48,1.6,30,3,9,0,20,27,0,20,7,18,0,0,1,0,1,34,35,8,569,484,27,0,20,603,0.0,77,1,2402,22,73,62,10477
2025-07-11,24,com.serwylo.retrowars.core,MultiplayerLobbyScreen,showObservingGameInProgress,1,0,0.0,3,0.3333,1,0,1,0,8,0,1,0,0.8333333333333334,0,3,0,10,1.5,1,2.875,2,0,0.0,0,0.38620689655172413,0.9333333333333333,629,544,0.5333333333333333,30,9,3,1,0,18,14,0,9,0,0,8,2,2,3,0,48,0.5862068965517242,48,1.6,30,3,9,0,20,27,0,20,7,18,0,0,1,0,1,34,35,8,569,484,27,0,20,603,0.0,77,1,2402,22,73,62,10477
2025-07-11,24,com.serwylo.retrowars.core,MultiplayerLobbyScreen,showFinalScores,5,3,0.0,10,0.7273,1,0,1,0,27,1,5,0,0.7419354838709677,0,3,0,46,0.6,2,3.027027027027027,2,0,0.0,0,0.38620689655172413,0.9333333333333333,629,544,0.5333333333333333,30,9,3,1,0,18,14,0,9,0,0,8,2,2,3,0,48,0.5862068965517242,48,1.6,30,3,9,0,20,27,0,20,7,18,0,0,1,0,1,34,35,8,569,484,27,0,20,603,0.0,77,1,2402,22,73,62,10477
2025-07-11,24,com.serwylo.retrowars.core,MultiplayerLobbyScreen,makeAvatarTiles,4,3,0.0,8,1.0,1,0,1,0,19,2,4,0,0.1111111111111111,0,1,0,26,0.2,1,2.380952380952381,2,0,0.0,0,0.38620689655172413,0.9333333333333333,629,544,0.5333333333333333,30,9,3,1,0,18,14,0,9,0,0,8,2,2,3,0,48,0.5862068965517242,48,1.6,30,3,9,0,20,27,0,20,7,18,0,0,1,0,1,34,35,8,569,484,27,0,20,603,0.0,77,1,2402,22,73,62,10477
2025-07-11,24,com.serwylo.retrowars.core,MultiplayerLobbyScreen,showCountdownToGame,2,4,1.0,11,0.8182,1,0,1,0,18,1,2,1,1.0,1,1,1,28,0.25,3,2.588235294117647,0,1,0.0,0,0.38620689655172413,0.9333333333333333,629,544,0.5333333333333333,30,9,3,1,0,18,14,0,9,0,0,8,2,2,3,0,48,0.5862068965517242,48,1.6,30,3,9,0,20,27,0,20,7,18,0,0,1,0,1,34,35,8,569,484,27,0,20,603,0.0,77,1,2402,22,73,62,10477
2025-07-11,24,com.serwylo.retrowars.core,MultiplayerLobbyScreen,createClient,1,1,1.0,1,1.0,1,0,1,0,5,0,1,1,0.0,1,0,1,1,0.0,1,2.0,2,1,0.0,0,0.38620689655172413,0.9333333333333333,629,544,0.5333333333333333,30,9,3,1,0,18,14,0,9,0,0,8,2,2,3,0,48,0.5862068965517242,48,1.6,30,3,9,0,20,27,0,20,7,18,0,0,1,0,1,34,35,8,569,484,27,0,20,603,0.0,77,1,2402,22,73,62,10477
2025-07-11,24,com.serwylo.retrowars.core,MultiplayerLobbyScreen,listenToClient,1,0,1.0,2,1.0,1,0,1,0,4,0,1,5,0.0,1,0,2,15,0.0,0,2.7777777777777777,1,2,0.0,0,0.38620689655172413,0.9333333333333333,629,544,0.5333333333333333,30,9,3,1,0,18,14,0,9,0,0,8,2,2,3,0,48,0.5862068965517242,48,1.6,30,3,9,0,20,27,0,20,7,18,0,0,1,0,1,34,35,8,569,484,27,0,20,603,0.0,77,1,2402,22,73,62,10477
2025-07-11,24,com.serwylo.retrowars.core,MultiplayerLobbyScreen,dispose,1,0,0.0,1,1.0,1,0,1,0,5,0,1,1,0.0,1,0,2,4,0.0,1,2.25,0,2,0.0,0,0.38620689655172413,0.9333333333333333,629,544,0.5333333333333333,30,9,3,1,0,18,14,0,9,0,0,8,2,2,3,0,48,0.5862068965517242,48,1.6,30,3,9,0,20,27,0,20,7,18,0,0,1,0,1,34,35,8,569,484,27,0,20,603,0.0,77,1,2402,22,73,62,10477
2025-07-11,24,com.serwylo.retrowars.core,NetworkErrorScreen,makeErrorInfo,3,0,5.0,1,1.0,0,0,1,0,7,2,3,5,0.0,5,0,0,7,0.0,0,3.0,4,0,0.0,0,0.0,0.75,64,35,0.625,8,0,0,1,0,6,0,0,0,0,0,0,0,0,0,0,9,0.7142857142857143,9,1.125,8,0,0,0,0,8,0,0,4,1,0,0,0,0,0,8,8,8,569,484,27,0,0,47,1.25,77,1,2402,22,73,62,10477
2025-07-11,24,com.serwylo.retrowars.core,NetworkErrorScreen,makeReconnectButton,1,1,0.0,2,1.0,0,0,1,0,4,0,1,0,0.0,0,0,0,2,0.0,1,2.0,2,0,0.0,0,0.0,0.75,64,35,0.625,8,0,0,1,0,6,0,0,0,0,0,0,0,0,0,0,9,0.7142857142857143,9,1.125,8,0,0,0,0,8,0,0,4,1,0,0,0,0,0,8,8,8,569,484,27,0,0,47,1.25,77,1,2402,22,73,62,10477
2025-07-11,24,com.serwylo.retrowars.core,NetworkErrorScreen,showNoRoomsAvailable,1,0,2.0,4,1.0,0,0,1,0,6,0,1,1,0.0,2,0,0,8,0.0,0,2.75,2,0,0.0,0,0.0,0.75,64,35,0.625,8,0,0,1,0,6,0,0,0,0,0,0,0,0,0,0,9,0.7142857142857143,9,1.125,8,0,0,0,0,8,0,0,4,1,0,0,0,0,0,8,8,8,569,484,27,0,0,47,1.25,77,1,2402,22,73,62,10477
2025-07-11,24,com.serwylo.retrowars.core,NetworkErrorScreen,showClientClosedApp,1,0,2.0,3,1.0,0,0,1,0,5,0,1,1,0.0,2,0,0,7,0.0,0,3.0,2,0,0.0,0,0.0,0.75,64,35,0.625,8,0,0,1,0,6,0,0,0,0,0,0,0,0,0,0,9,0.7142857142857143,9,1.125,8,0,0,0,0,8,0,0,4,1,0,0,0,0,0,8,8,8,569,484,27,0,0,47,1.25,77,1,2402,22,73,62,10477
2025-07-11,24,com.serwylo.retrowars.core,NetworkErrorScreen,showPlayerIdInUse,1,0,3.0,3,1.0,0,0,1,0,6,0,1,1,0.0,3,0,0,9,0.0,0,3.0,2,0,0.0,0,0.0,0.75,64,35,0.625,8,0,0,1,0,6,0,0,0,0,0,0,0,0,0,0,9,0.7142857142857143,9,1.125,8,0,0,0,0,8,0,0,4,1,0,0,0,0,0,8,8,8,569,484,27,0,0,47,1.25,77,1,2402,22,73,62,10477
2025-07-11,24,com.serwylo.retrowars.core,NetworkErrorScreen,showServerShutdown,1,0,2.0,2,1.0,0,0,1,0,5,0,1,0,0.0,2,0,0,6,0.0,0,2.6666666666666665,2,0,0.0,0,0.0,0.75,64,35,0.625,8,0,0,1,0,6,0,0,0,0,0,0,0,0,0,0,9,0.7142857142857143,9,1.125,8,0,0,0,0,8,0,0,4,1,0,0,0,0,0,8,8,8,569,484,27,0,0,47,1.25,77,1,2402,22,73,62,10477
2025-07-11,24,com.serwylo.retrowars.core,NetworkErrorScreen,makeTitle,1,0,0.0,1,1.0,0,0,1,0,1,0,1,0,0.0,0,0,0,4,0.0,0,3.0,2,0,0.0,0,0.0,0.75,64,35,0.625,8,0,0,1,0,6,0,0,0,0,0,0,0,0,0,0,9,0.7142857142857143,9,1.125,8,0,0,0,0,8,0,0,4,1,0,0,0,0,0,8,8,8,569,484,27,0,0,47,1.25,77,1,2402,22,73,62,10477
2025-07-11,24,com.serwylo.retrowars.core,NetworkErrorScreen,makeDetails,1,0,0.0,1,1.0,0,0,1,0,1,0,1,0,0.0,0,0,0,4,0.0,0,3.0,2,0,0.0,0,0.0,0.75,64,35,0.625,8,0,0,1,0,6,0,0,0,0,0,0,0,0,0,0,9,0.7142857142857143,9,1.125,8,0,0,0,0,8,0,0,4,1,0,0,0,0,0,8,8,8,569,484,27,0,0,47,1.25,77,1,2402,22,73,62,10477
2025-07-11,24,com.serwylo.retrowars.core,OptionsScreen,makeControllerSelectButtons,1,1,0.0,3,1.0,0,0,1,0,5,0,1,0,1.0,0,2,0,14,2.0,1,2.3,0,0,0.0,0,0.5333333333333333,0.8333333333333334,156,105,0.0,6,5,1,1,0,1,1,0,5,0,0,5,0,0,0,0,8,0.4666666666666667,8,1.3333333333333333,6,1,11,0,1,7,0,1,6,3,0,0,0,0,0,12,12,8,569,484,27,0,2,137,3.0,77,1,2402,22,73,62,10477
2025-07-11,24,com.serwylo.retrowars.core,OptionsScreen,makeChooseAvatarButton,3,2,0.0,5,1.0,0,0,1,0,10,0,3,0,1.0,0,2,0,12,1.0,1,2.5,0,0,0.0,0,0.5333333333333333,0.8333333333333334,156,105,0.0,6,5,1,1,0,1,1,0,5,0,0,5,0,0,0,0,8,0.4666666666666667,8,1.3333333333333333,6,1,11,0,1,7,0,1,6,3,0,0,0,0,0,12,12,8,569,484,27,0,2,137,3.0,77,1,2402,22,73,62,10477
2025-07-11,24,com.serwylo.retrowars.core,OptionsScreen,makeMusicToggle,6,4,0.0,13,0.7143,0,0,1,0,31,1,6,0,1.0,0,2,0,28,0.5,4,2.4166666666666665,0,0,0.0,0,0.5333333333333333,0.8333333333333334,156,105,0.0,6,5,1,1,0,1,1,0,5,0,0,5,0,0,0,0,8,0.4666666666666667,8,1.3333333333333333,6,1,11,0,1,7,0,1,6,3,0,0,0,0,0,12,12,8,569,484,27,0,2,137,3.0,77,1,2402,22,73,62,10477
2025-07-11,24,com.serwylo.retrowars.core,OptionsScreen,makeSoundToggle,6,4,0.0,14,0.7143,0,0,1,0,31,1,6,0,1.0,0,3,0,29,0.75,4,2.4166666666666665,0,0,0.0,0,0.5333333333333333,0.8333333333333334,156,105,0.0,6,5,1,1,0,1,1,0,5,0,0,5,0,0,0,0,8,0.4666666666666667,8,1.3333333333333333,6,1,11,0,1,7,0,1,6,3,0,0,0,0,0,12,12,8,569,484,27,0,2,137,3.0,77,1,2402,22,73,62,10477
2025-07-11,24,com.serwylo.retrowars.core,OptionsScreen,makeVisualEffectsToggle,1,3,0.0,9,0.9,0,0,1,0,24,0,1,0,1.0,0,3,0,18,1.5,3,2.263157894736842,0,0,0.0,0,0.5333333333333333,0.8333333333333334,156,105,0.0,6,5,1,1,0,1,1,0,5,0,0,5,0,0,0,0,8,0.4666666666666667,8,1.3333333333333333,6,1,11,0,1,7,0,1,6,3,0,0,0,0,0,12,12,8,569,484,27,0,2,137,3.0,77,1,2402,22,73,62,10477
2025-07-11,24,com.serwylo.retrowars.core,OptionsScreen,dispose,1,0,0.0,0,0.0,0,0,1,0,4,0,1,0,1.0,1,1,0,1,1.0,1,2.0,0,0,0.0,0,0.5333333333333333,0.8333333333333334,156,105,0.0,6,5,1,1,0,1,1,0,5,0,0,5,0,0,0,0,8,0.4666666666666667,8,1.3333333333333333,6,1,11,0,1,7,0,1,6,3,0,0,0,0,0,12,12,8,569,484,27,0,2,137,3.0,77,1,2402,22,73,62,10477
2025-07-11,24,com.serwylo.retrowars.core,AvatarSelectScreen,makeAvatarGrid,3,1,0.0,6,1.0,0,0,1,0,16,1,3,0,0.0,0,0,0,12,0.0,3,2.375,1,0,0.0,0,0.06666666666666667,0.8333333333333334,53,16,0.0,1,2,0,1,0,2,0,0,2,0,0,0,0,0,2,0,2,0.0,2,2.0,1,0,11,0,1,7,0,1,6,3,0,0,0,0,0,2,2,8,569,484,27,0,2,137,3.0,77,1,2402,22,73,62,10477
2025-07-11,24,com.serwylo.retrowars.core,ControllerSelectScreen,setSelection,3,2,0.0,9,0.8889,0,1,1,0,16,1,3,0,0.6,0,4,2,23,1.33,4,3.3636363636363638,1,1,0.0,0,0.0,0.8333333333333334,47,0,0.0,0,4,0,1,0,1,3,0,4,0,0,3,0,0,1,0,2,0.0,2,2.0,1,0,11,0,1,7,0,1,6,3,0,0,0,0,0,1,1,8,569,484,27,0,2,137,3.0,77,1,2402,22,73,62,10477
2025-07-11,24,com.serwylo.retrowars.core,Scene2dScreen,resize,1,0,0.0,1,1.0,0,0,1,0,4,0,1,0,0.3333333333333333,1,2,0,3,1.0,1,2.5,2,0,0.0,0,0.5,0.5,38,29,0.0,4,2,4,1,0,2,3,0,1,1,0,2,0,0,0,7,6,0.6666666666666667,6,1.5,4,4,2,0,4,0,0,4,0,0,0,0,0,0,0,5,5,8,569,484,27,0,1,21,1.75,77,1,2402,22,73,62,10477
2025-07-11,24,com.serwylo.retrowars.core,Scene2dScreen,show,4,1,0.0,2,1.0,0,0,1,0,17,2,4,0,1.0,0,1,0,11,1.0,0,3.4,0,0,0.0,0,0.5,0.5,38,29,0.0,4,2,4,1,0,2,3,0,1,1,0,2,0,0,0,7,6,0.6666666666666667,6,1.5,4,4,2,0,4,0,0,4,0,0,0,0,0,0,0,5,5,8,569,484,27,0,1,21,1.75,77,1,2402,22,73,62,10477
2025-07-11,24,com.serwylo.retrowars.core,Scene2dScreen,hide,1,0,0.0,1,1.0,0,0,1,0,4,0,1,0,0.0,0,0,1,4,0.0,0,4.0,0,1,0.0,0,0.5,0.5,38,29,0.0,4,2,4,1,0,2,3,0,1,1,0,2,0,0,0,7,6,0.6666666666666667,6,1.5,4,4,2,0,4,0,0,4,0,0,0,0,0,0,0,5,5,8,569,484,27,0,1,21,1.75,77,1,2402,22,73,62,10477
2025-07-11,24,com.serwylo.retrowars.core,Scene2dScreen,render,1,0,0.0,2,1.0,0,0,1,0,4,0,1,0,0.75,0,2,0,3,2.0,1,2.0,1,0,0.0,0,0.5,0.5,38,29,0.0,4,2,4,1,0,2,3,0,1,1,0,2,0,0,0,7,6,0.6666666666666667,6,1.5,4,4,2,0,4,0,0,4,0,0,0,0,0,0,0,5,5,8,569,484,27,0,1,21,1.75,77,1,2402,22,73,62,10477
2025-07-11,24,com.serwylo.retrowars.games,GameScreen,changeState,1,0,0.0,0,0.0,0,5,2,0,4,0,1,0,0.75,0,2,1,0,2.0,0,0.0,1,0,0.0,1,0.27563025210084036,0.5714285714285714,408,277,0.4,32,17,6,1,0,11,19,0,15,3,0,10,2,2,9,7,54,0.9075268817204301,56,1.8064516129032258,35,6,17,0,8,15,12,8,0,0,0,4,0,0,0,37,33,8,569,484,4,0,20,214,2.310344827586207,30,0,785,22,73,35,10477
2025-07-11,24,com.serwylo.retrowars.games,GameScreen,playQuietMenuMusic,1,0,0.0,1,1.0,0,5,2,0,3,0,1,0,1.0,0,1,0,3,1.0,0,2.0,0,0,0.0,1,0.27563025210084036,0.5714285714285714,408,277,0.4,32,17,6,1,0,11,19,0,15,3,0,10,2,2,9,7,54,0.9075268817204301,56,1.8064516129032258,35,6,17,0,8,15,12,8,0,0,0,4,0,0,0,37,33,8,569,484,4,0,20,214,2.310344827586207,30,0,785,22,73,35,10477
2025-07-11,24,com.serwylo.retrowars.games,GameScreen,getState,1,0,0.0,0,0.0,0,5,2,0,1,0,1,0,1.0,0,1,0,0,1.0,0,0.0,0,0,0.0,1,0.27563025210084036,0.5714285714285714,408,277,0.4,32,17,6,1,0,11,19,0,15,3,0,10,2,2,9,7,54,0.9075268817204301,56,1.8064516129032258,35,6,17,0,8,15,12,8,0,0,0,4,0,0,0,37,33,8,569,484,4,0,20,214,2.310344827586207,30,0,785,22,73,35,10477
2025-07-11,24,com.serwylo.retrowars.games,GameScreen,getPreviousState,1,0,0.0,0,0.0,0,5,2,0,1,0,1,0,1.0,0,1,0,0,1.0,0,0.0,0,0,0.0,1,0.27563025210084036,0.5714285714285714,408,277,0.4,32,17,6,1,0,11,19,0,15,3,0,10,2,2,9,7,54,0.9075268817204301,56,1.8064516129032258,35,6,17,0,8,15,12,8,0,0,0,4,0,0,0,37,33,8,569,484,4,0,20,214,2.310344827586207,30,0,785,22,73,35,10477
2025-07-11,24,com.serwylo.retrowars.games,GameScreen,showMessage,1,0,0.0,0,0.0,0,5,2,0,3,0,1,0,0.3333333333333333,1,1,0,1,0.5,1,2.0,2,0,0.0,1,0.27563025210084036,0.5714285714285714,408,277,0.4,32,17,6,1,0,11,19,0,15,3,0,10,2,2,9,7,54,0.9075268817204301,56,1.8064516129032258,35,6,17,0,8,15,12,8,0,0,0,4,0,0,0,37,33,8,569,484,4,0,20,214,2.310344827586207,30,0,785,22,73,35,10477
2025-07-11,24,com.serwylo.retrowars.games,GameScreen,calculatePlayerPositions,4,4,0.0,4,1.0,0,5,2,0,18,2,4,0,1.0,0,0,1,13,0.4,1,2.4444444444444446,1,1,0.0,1,0.27563025210084036,0.5714285714285714,408,277,0.4,32,17,6,1,0,11,19,0,15,3,0,10,2,2,9,7,54,0.9075268817204301,56,1.8064516129032258,35,6,17,0,8,15,12,8,0,0,0,4,0,0,0,37,33,8,569,484,4,0,20,214,2.310344827586207,30,0,785,22,73,35,10477
2025-07-11,24,com.serwylo.retrowars.games,GameScreen,handleScoreChange,4,4,2.0,4,0.75,0,5,2,0,15,2,4,2,1.0,2,3,0,10,1.0,1,2.3,0,0,0.0,1,0.27563025210084036,0.5714285714285714,408,277,0.4,32,17,6,1,0,11,19,0,15,3,0,10,2,2,9,7,54,0.9075268817204301,56,1.8064516129032258,35,6,17,0,8,15,12,8,0,0,0,4,0,0,0,37,33,8,569,484,4,0,20,214,2.310344827586207,30,0,785,22,73,35,10477
2025-07-11,24,com.serwylo.retrowars.games,GameScreen,handleBreakpointChange,5,1,0.0,6,0.8333,0,5,2,0,17,2,5,0,0.6666666666666666,0,4,2,17,1.33,1,2.4285714285714284,2,2,0.0,1,0.27563025210084036,0.5714285714285714,408,277,0.4,32,17,6,1,0,11,19,0,15,3,0,10,2,2,9,7,54,0.9075268817204301,56,1.8064516129032258,35,6,17,0,8,15,12,8,0,0,0,4,0,0,0,37,33,8,569,484,4,0,20,214,2.310344827586207,30,0,785,22,73,35,10477
2025-07-11,24,com.serwylo.retrowars.games,GameScreen,showLastSurvivorMessage,1,4,0.0,4,1.0,0,5,2,0,7,0,1,0,1.0,0,2,0,8,1.0,1,2.8,0,0,0.0,1,0.27563025210084036,0.5714285714285714,408,277,0.4,32,17,6,1,0,11,19,0,15,3,0,10,2,2,9,7,54,0.9075268817204301,56,1.8064516129032258,35,6,17,0,8,15,12,8,0,0,0,4,0,0,0,37,33,8,569,484,4,0,20,214,2.310344827586207,30,0,785,22,73,35,10477
2025-07-11,24,com.serwylo.retrowars.games,GameScreen,handlePlayerStatusChange,6,2,2.0,7,0.8571,0,5,2,0,17,3,6,2,0.7,2,2,0,13,0.75,1,2.272727272727273,2,0,0.0,1,0.27563025210084036,0.5714285714285714,408,277,0.4,32,17,6,1,0,11,19,0,15,3,0,10,2,2,9,7,54,0.9075268817204301,56,1.8064516129032258,35,6,17,0,8,15,12,8,0,0,0,4,0,0,0,37,33,8,569,484,4,0,20,214,2.310344827586207,30,0,785,22,73,35,10477
2025-07-11,24,com.serwylo.retrowars.games,GameScreen,endGame,7,0,3.0,9,1.0,0,5,2,0,37,1,7,3,1.0,4,6,1,43,6.0,1,2.8620689655172415,0,1,0.0,1,0.27563025210084036,0.5714285714285714,408,277,0.4,32,17,6,1,0,11,19,0,15,3,0,10,2,2,9,7,54,0.9075268817204301,56,1.8064516129032258,35,6,17,0,8,15,12,8,0,0,0,4,0,0,0,37,33,8,569,484,4,0,20,214,2.310344827586207,30,0,785,22,73,35,10477
2025-07-11,24,com.serwylo.retrowars.games,GameScreen,showEndGameScreen,1,3,0.0,6,1.0,0,5,2,0,21,0,1,0,1.0,0,2,0,22,0.67,1,2.5714285714285716,0,0,0.0,1,0.27563025210084036,0.5714285714285714,408,277,0.4,32,17,6,1,0,11,19,0,15,3,0,10,2,2,9,7,54,0.9075268817204301,56,1.8064516129032258,35,6,17,0,8,15,12,8,0,0,0,4,0,0,0,37,33,8,569,484,4,0,20,214,2.310344827586207,30,0,785,22,73,35,10477
2025-07-11,24,com.serwylo.retrowars.games,GameScreen,getSoundLibrary,0,0,0.0,0,0.0,0,5,2,0,0,0,0,0,0.0,0,0,0,0,0.0,0,0.0,0,0,0.0,1,0.27563025210084036,0.5714285714285714,408,277,0.4,32,17,6,1,0,11,19,0,15,3,0,10,2,2,9,7,54,0.9075268817204301,56,1.8064516129032258,35,6,17,0,8,15,12,8,0,0,0,4,0,0,0,37,33,8,569,484,4,0,20,214,2.310344827586207,30,0,785,22,73,35,10477
2025-07-11,24,com.serwylo.retrowars.games,GameScreen,updateGame,0,0,0.0,0,0.0,0,5,2,0,0,0,0,0,0.0,0,0,0,0,0.0,0,0.0,1,0,0.0,1,0.27563025210084036,0.5714285714285714,408,277,0.4,32,17,6,1,0,11,19,0,15,3,0,10,2,2,9,7,54,0.9075268817204301,56,1.8064516129032258,35,6,17,0,8,15,12,8,0,0,0,4,0,0,0,37,33,8,569,484,4,0,20,214,2.310344827586207,30,0,785,22,73,35,10477
2025-07-11,24,com.serwylo.retrowars.games,GameScreen,setupCamera,0,0,0.0,0,0.0,0,5,2,0,0,0,0,0,0.0,0,0,0,0,0.0,0,0.0,2,0,0.0,1,0.27563025210084036,0.5714285714285714,408,277,0.4,32,17,6,1,0,11,19,0,15,3,0,10,2,2,9,7,54,0.9075268817204301,56,1.8064516129032258,35,6,17,0,8,15,12,8,0,0,0,4,0,0,0,37,33,8,569,484,4,0,20,214,2.310344827586207,30,0,785,22,73,35,10477
2025-07-11,24,com.serwylo.retrowars.games,GameScreen,renderGame,0,0,0.0,0,0.0,0,5,2,0,0,0,0,0,0.0,0,0,0,0,0.0,0,0.0,1,0,0.0,1,0.27563025210084036,0.5714285714285714,408,277,0.4,32,17,6,1,0,11,19,0,15,3,0,10,2,2,9,7,54,0.9075268817204301,56,1.8064516129032258,35,6,17,0,8,15,12,8,0,0,0,4,0,0,0,37,33,8,569,484,4,0,20,214,2.310344827586207,30,0,785,22,73,35,10477
2025-07-11,24,com.serwylo.retrowars.games,GameScreen,onReceiveDamage,0,0,0.0,0,0.0,0,5,2,0,0,0,0,0,0.0,0,0,0,0,0.0,0,0.0,1,0,0.0,1,0.27563025210084036,0.5714285714285714,408,277,0.4,32,17,6,1,0,11,19,0,15,3,0,10,2,2,9,7,54,0.9075268817204301,56,1.8064516129032258,35,6,17,0,8,15,12,8,0,0,0,4,0,0,0,37,33,8,569,484,4,0,20,214,2.310344827586207,30,0,785,22,73,35,10477
2025-07-11,24,com.serwylo.retrowars.games,GameScreen,maybeReceiveDamage,4,2,2.0,6,0.8333,0,5,2,0,18,1,4,2,1.0,2,3,1,11,3.0,1,2.375,0,1,0.0,1,0.27563025210084036,0.5714285714285714,408,277,0.4,32,17,6,1,0,11,19,0,15,3,0,10,2,2,9,7,54,0.9075268817204301,56,1.8064516129032258,35,6,17,0,8,15,12,8,0,0,0,4,0,0,0,37,33,8,569,484,4,0,20,214,2.310344827586207,30,0,785,22,73,35,10477
2025-07-11,24,com.serwylo.retrowars.games,GameScreen,startCameraShake,1,0,0.0,2,1.0,0,5,2,0,4,0,1,0,1.0,0,1,1,3,1.0,1,2.5,0,1,0.0,1,0.27563025210084036,0.5714285714285714,408,277,0.4,32,17,6,1,0,11,19,0,15,3,0,10,2,2,9,7,54,0.9075268817204301,56,1.8064516129032258,35,6,17,0,8,15,12,8,0,0,0,4,0,0,0,37,33,8,569,484,4,0,20,214,2.310344827586207,30,0,785,22,73,35,10477
2025-07-11,24,com.serwylo.retrowars.games,GameScreen,shakeCamera,2,1,0.0,2,0.6667,0,5,2,0,7,1,2,0,0.75,0,2,0,4,1.0,1,2.0,1,0,0.0,1,0.27563025210084036,0.5714285714285714,408,277,0.4,32,17,6,1,0,11,19,0,15,3,0,10,2,2,9,7,54,0.9075268817204301,56,1.8064516129032258,35,6,17,0,8,15,12,8,0,0,0,4,0,0,0,37,33,8,569,484,4,0,20,214,2.310344827586207,30,0,785,22,73,35,10477
2025-07-11,24,com.serwylo.retrowars.games,GameScreen,render,4,0,8.0,6,1.0,0,5,2,0,23,2,4,8,0.7692307692307693,9,8,3,12,8.0,1,2.3333333333333335,1,3,0.0,1,0.27563025210084036,0.5714285714285714,408,277,0.4,32,17,6,1,0,11,19,0,15,3,0,10,2,2,9,7,54,0.9075268817204301,56,1.8064516129032258,35,6,17,0,8,15,12,8,0,0,0,4,0,0,0,37,33,8,569,484,4,0,20,214,2.310344827586207,30,0,785,22,73,35,10477
2025-07-11,24,com.serwylo.retrowars.games,GameScreen,getInputProcessor,1,0,0.0,0,0.0,0,5,2,0,1,0,1,0,1.0,1,1,0,1,1.0,1,2.0,0,0,0.0,1,0.27563025210084036,0.5714285714285714,408,277,0.4,32,17,6,1,0,11,19,0,15,3,0,10,2,2,9,7,54,0.9075268817204301,56,1.8064516129032258,35,6,17,0,8,15,12,8,0,0,0,4,0,0,0,37,33,8,569,484,4,0,20,214,2.310344827586207,30,0,785,22,73,35,10477
2025-07-11,24,com.serwylo.retrowars.games,GameScreen,addGameOverlayToHUD,1,0,0.0,1,1.0,0,5,2,0,3,0,1,0,0.5,0,1,0,1,1.0,1,2.0,1,0,0.0,1,0.27563025210084036,0.5714285714285714,408,277,0.4,32,17,6,1,0,11,19,0,15,3,0,10,2,2,9,7,54,0.9075268817204301,56,1.8064516129032258,35,6,17,0,8,15,12,8,0,0,0,4,0,0,0,37,33,8,569,484,4,0,20,214,2.310344827586207,30,0,785,22,73,35,10477
2025-07-11,24,com.serwylo.retrowars.games,GameScreen,addGameScoreToHUD,1,0,0.0,1,1.0,0,5,2,0,3,0,1,0,1.0,0,1,0,1,2.0,1,2.0,1,0,0.0,1,0.27563025210084036,0.5714285714285714,408,277,0.4,32,17,6,1,0,11,19,0,15,3,0,10,2,2,9,7,54,0.9075268817204301,56,1.8064516129032258,35,6,17,0,8,15,12,8,0,0,0,4,0,0,0,37,33,8,569,484,4,0,20,214,2.310344827586207,30,0,785,22,73,35,10477
2025-07-11,24,com.serwylo.retrowars.games,GameScreen,increaseScore,2,0,0.0,2,1.0,0,5,2,0,7,1,2,0,0.8,0,3,1,2,3.0,1,2.0,1,0,0.0,1,0.27563025210084036,0.5714285714285714,408,277,0.4,32,17,6,1,0,11,19,0,15,3,0,10,2,2,9,7,54,0.9075268817204301,56,1.8064516129032258,35,6,17,0,8,15,12,8,0,0,0,4,0,0,0,37,33,8,569,484,4,0,20,214,2.310344827586207,30,0,785,22,73,35,10477
2025-07-11,24,com.serwylo.retrowars.games,GameScreen,resize,1,0,1.0,3,1.0,0,5,2,0,6,0,1,2,0.4,2,2,2,7,1.0,1,2.4,2,2,0.0,1,0.27563025210084036,0.5714285714285714,408,277,0.4,32,17,6,1,0,11,19,0,15,3,0,10,2,2,9,7,54,0.9075268817204301,56,1.8064516129032258,35,6,17,0,8,15,12,8,0,0,0,4,0,0,0,37,33,8,569,484,4,0,20,214,2.310344827586207,30,0,785,22,73,35,10477
2025-07-11,24,com.serwylo.retrowars.games,GameScreen,resizeViewport,0,0,1.0,0,0.0,0,5,2,0,0,0,0,0,0.0,0,0,0,0,0.0,0,0.0,2,0,0.0,1,0.27563025210084036,0.5714285714285714,408,277,0.4,32,17,6,1,0,11,19,0,15,3,0,10,2,2,9,7,54,0.9075268817204301,56,1.8064516129032258,35,6,17,0,8,15,12,8,0,0,0,4,0,0,0,37,33,8,569,484,4,0,20,214,2.310344827586207,30,0,785,22,73,35,10477
2025-07-11,24,com.serwylo.retrowars.games,GameScreen,showMultiplayerMenu,1,1,3.0,4,1.0,0,5,2,0,8,0,1,5,1.0,3,1,1,5,1.0,1,2.0,0,1,0.0,1,0.27563025210084036,0.5714285714285714,408,277,0.4,32,17,6,1,0,11,19,0,15,3,0,10,2,2,9,7,54,0.9075268817204301,56,1.8064516129032258,35,6,17,0,8,15,12,8,0,0,0,4,0,0,0,37,33,8,569,484,4,0,20,214,2.310344827586207,30,0,785,22,73,35,10477
2025-07-11,24,com.serwylo.retrowars.games,GameScreen,showInGameMenu,2,1,1.0,4,0.75,0,5,2,0,9,1,2,1,0.5,1,1,1,5,0.5,1,2.0,1,1,0.0,1,0.27563025210084036,0.5714285714285714,408,277,0.4,32,17,6,1,0,11,19,0,15,3,0,10,2,2,9,7,54,0.9075268817204301,56,1.8064516129032258,35,6,17,0,8,15,12,8,0,0,0,4,0,0,0,37,33,8,569,484,4,0,20,214,2.310344827586207,30,0,785,22,73,35,10477
2025-07-11,24,com.serwylo.retrowars.games,GameScreen,hideInGameMenu,2,0,0.0,3,1.0,0,5,2,0,6,1,2,0,1.0,0,2,0,4,2.0,1,2.0,0,0,0.0,1,0.27563025210084036,0.5714285714285714,408,277,0.4,32,17,6,1,0,11,19,0,15,3,0,10,2,2,9,7,54,0.9075268817204301,56,1.8064516129032258,35,6,17,0,8,15,12,8,0,0,0,4,0,0,0,37,33,8,569,484,4,0,20,214,2.310344827586207,30,0,785,22,73,35,10477
2025-07-11,24,com.serwylo.retrowars.games,GameScreen,pause,4,1,3.0,5,0.8,0,5,2,0,11,0,4,4,1.0,3,2,0,12,2.0,4,2.2,0,0,0.0,1,0.27563025210084036,0.5714285714285714,408,277,0.4,32,17,6,1,0,11,19,0,15,3,0,10,2,2,9,7,54,0.9075268817204301,56,1.8064516129032258,35,6,17,0,8,15,12,8,0,0,0,4,0,0,0,37,33,8,569,484,4,0,20,214,2.310344827586207,30,0,785,22,73,35,10477
2025-07-11,24,com.serwylo.retrowars.games,GameScreen,resume,1,0,1.0,0,0.0,0,5,2,0,4,0,1,2,1.0,1,1,1,0,1.0,0,0.0,0,1,0.0,1,0.27563025210084036,0.5714285714285714,408,277,0.4,32,17,6,1,0,11,19,0,15,3,0,10,2,2,9,7,54,0.9075268817204301,56,1.8064516129032258,35,6,17,0,8,15,12,8,0,0,0,4,0,0,0,37,33,8,569,484,4,0,20,214,2.310344827586207,30,0,785,22,73,35,10477
2025-07-11,24,com.serwylo.retrowars.games,GameScreen,hide,1,0,1.0,0,0.0,0,5,2,0,3,0,1,0,1.0,1,1,0,1,1.0,1,2.0,0,0,0.0,1,0.27563025210084036,0.5714285714285714,408,277,0.4,32,17,6,1,0,11,19,0,15,3,0,10,2,2,9,7,54,0.9075268817204301,56,1.8064516129032258,35,6,17,0,8,15,12,8,0,0,0,4,0,0,0,37,33,8,569,484,4,0,20,214,2.310344827586207,30,0,785,22,73,35,10477
2025-07-11,24,com.serwylo.retrowars.games,GameScreen,dispose,1,0,1.0,1,1.0,0,5,2,0,5,0,1,1,1.0,2,1,2,4,1.0,1,2.3333333333333335,0,2,0.0,1,0.27563025210084036,0.5714285714285714,408,277,0.4,32,17,6,1,0,11,19,0,15,3,0,10,2,2,9,7,54,0.9075268817204301,56,1.8064516129032258,35,6,17,0,8,15,12,8,0,0,0,4,0,0,0,37,33,8,569,484,4,0,20,214,2.310344827586207,30,0,785,22,73,35,10477
2025-07-11,24,com.serwylo.retrowars.games,GameScreen,maybeSimulateAttack,5,0,2.0,3,1.0,0,5,2,0,18,1,5,2,1.0,2,3,2,11,3.0,1,3.0,0,2,0.0,1,0.27563025210084036,0.5714285714285714,408,277,0.4,32,17,6,1,0,11,19,0,15,3,0,10,2,2,9,7,54,0.9075268817204301,56,1.8064516129032258,35,6,17,0,8,15,12,8,0,0,0,4,0,0,0,37,33,8,569,484,4,0,20,214,2.310344827586207,30,0,785,22,73,35,10477
2025-07-11,24,com.serwylo.retrowars.games.asteroids,AsteroidsGameScreen,getSoundLibrary,1,0,0.0,0,0.0,0,1,1,0,1,0,1,0,1.0,0,1,0,0,1.0,0,0.0,0,0,0.0,0,0.7435897435897436,0.9230769230769231,180,138,0.3333333333333333,12,3,6,1,0,3,9,0,3,0,0,4,1,1,0,0,33,0.782051282051282,33,2.5384615384615383,13,6,3,0,6,7,0,6,0,1,0,0,0,0,0,15,15,8,569,484,3,0,9,130,2.923076923076923,21,0,340,22,73,24,10477
2025-07-11,24,com.serwylo.retrowars.games.asteroids,AsteroidsGameScreen,show,1,0,0.0,1,1.0,0,1,1,0,3,0,1,0,0.0,0,0,1,2,0.0,0,3.0,0,0,0.0,0,0.7435897435897436,0.9230769230769231,180,138,0.3333333333333333,12,3,6,1,0,3,9,0,3,0,0,4,1,1,0,0,33,0.782051282051282,33,2.5384615384615383,13,6,3,0,6,7,0,6,0,1,0,0,0,0,0,15,15,8,569,484,3,0,9,130,2.923076923076923,21,0,340,22,73,24,10477
2025-07-11,24,com.serwylo.retrowars.games.asteroids,AsteroidsGameScreen,updateGame,3,0,1.0,5,0.8,0,1,1,0,16,1,3,1,0.75,1,2,3,17,2.0,1,2.875,1,2,0.0,0,0.7435897435897436,0.9230769230769231,180,138,0.3333333333333333,12,3,6,1,0,3,9,0,3,0,0,4,1,1,0,0,33,0.782051282051282,33,2.5384615384615383,13,6,3,0,6,7,0,6,0,1,0,0,0,0,0,15,15,8,569,484,3,0,9,130,2.923076923076923,21,0,340,22,73,24,10477
2025-07-11,24,com.serwylo.retrowars.games.asteroids,AsteroidsGameScreen,updateEntities,13,1,4.0,11,0.6154,0,1,1,0,33,4,13,4,0.8421052631578947,4,2,1,25,1.0,2,2.4761904761904763,1,1,0.0,0,0.7435897435897436,0.9230769230769231,180,138,0.3333333333333333,12,3,6,1,0,3,9,0,3,0,0,4,1,1,0,0,33,0.782051282051282,33,2.5384615384615383,13,6,3,0,6,7,0,6,0,1,0,0,0,0,0,15,15,8,569,484,3,0,9,130,2.923076923076923,21,0,340,22,73,24,10477
2025-07-11,24,com.serwylo.retrowars.games.asteroids,AsteroidsGameScreen,respawnShipIfSafe,2,1,0.0,2,1.0,0,1,1,0,8,1,2,0,1.0,0,1,0,6,1.0,0,2.5,0,0,0.0,0,0.7435897435897436,0.9230769230769231,180,138,0.3333333333333333,12,3,6,1,0,3,9,0,3,0,0,4,1,1,0,0,33,0.782051282051282,33,2.5384615384615383,13,6,3,0,6,7,0,6,0,1,0,0,0,0,0,15,15,8,569,484,3,0,9,130,2.923076923076923,21,0,340,22,73,24,10477
2025-07-11,24,com.serwylo.retrowars.games.asteroids,AsteroidsGameScreen,checkCollisions,7,5,1.0,13,0.8125,0,1,1,0,35,3,7,1,1.0,1,2,1,38,0.4,1,2.4838709677419355,0,1,0.0,0,0.7435897435897436,0.9230769230769231,180,138,0.3333333333333333,12,3,6,1,0,3,9,0,3,0,0,4,1,1,0,0,33,0.782051282051282,33,2.5384615384615383,13,6,3,0,6,7,0,6,0,1,0,0,0,0,0,15,15,8,569,484,3,0,9,130,2.923076923076923,21,0,340,22,73,24,10477
2025-07-11,24,com.serwylo.retrowars.games.asteroids,AsteroidsGameScreen,shipHit,1,0,0.0,0,0.0,0,1,1,0,4,0,1,0,1.0,0,1,0,0,1.0,0,2.0,0,0,0.0,0,0.7435897435897436,0.9230769230769231,180,138,0.3333333333333333,12,3,6,1,0,3,9,0,3,0,0,4,1,1,0,0,33,0.782051282051282,33,2.5384615384615383,13,6,3,0,6,7,0,6,0,1,0,0,0,0,0,15,15,8,569,484,3,0,9,130,2.923076923076923,21,0,340,22,73,24,10477
2025-07-11,24,com.serwylo.retrowars.games.asteroids,AsteroidsGameScreen,queueAsteroidsRespawn,1,0,0.0,0,0.0,0,1,1,0,3,0,1,0,1.0,0,1,0,0,1.0,0,2.0,0,0,0.0,0,0.7435897435897436,0.9230769230769231,180,138,0.3333333333333333,12,3,6,1,0,3,9,0,3,0,0,4,1,1,0,0,33,0.782051282051282,33,2.5384615384615383,13,6,3,0,6,7,0,6,0,1,0,0,0,0,0,15,15,8,569,484,3,0,9,130,2.923076923076923,21,0,340,22,73,24,10477
2025-07-11,24,com.serwylo.retrowars.games.asteroids,AsteroidsGameScreen,respawnAsteroids,1,1,0.0,1,1.0,0,1,1,0,5,0,1,0,1.0,0,1,0,5,1.0,0,2.4,0,0,0.0,0,0.7435897435897436,0.9230769230769231,180,138,0.3333333333333333,12,3,6,1,0,3,9,0,3,0,0,4,1,1,0,0,33,0.782051282051282,33,2.5384615384615383,13,6,3,0,6,7,0,6,0,1,0,0,0,0,0,15,15,8,569,484,3,0,9,130,2.923076923076923,21,0,340,22,73,24,10477
2025-07-11,24,com.serwylo.retrowars.games.asteroids,AsteroidsGameScreen,onReceiveDamage,1,1,0.0,3,0.6667,0,1,1,0,5,0,1,0,0.6666666666666666,0,1,0,7,0.5,0,2.4,1,0,0.0,0,0.7435897435897436,0.9230769230769231,180,138,0.3333333333333333,12,3,6,1,0,3,9,0,3,0,0,4,1,1,0,0,33,0.782051282051282,33,2.5384615384615383,13,6,3,0,6,7,0,6,0,1,0,0,0,0,0,15,15,8,569,484,3,0,9,130,2.923076923076923,21,0,340,22,73,24,10477
2025-07-11,24,com.serwylo.retrowars.games.asteroids,AsteroidsGameScreen,renderGame,3,1,1.0,4,1.0,0,1,1,0,11,1,3,1,0.7,1,2,2,11,1.0,1,2.3,1,2,0.0,0,0.7435897435897436,0.9230769230769231,180,138,0.3333333333333333,12,3,6,1,0,3,9,0,3,0,0,4,1,1,0,0,33,0.782051282051282,33,2.5384615384615383,13,6,3,0,6,7,0,6,0,1,0,0,0,0,0,15,15,8,569,484,3,0,9,130,2.923076923076923,21,0,340,22,73,24,10477
2025-07-11,24,com.serwylo.retrowars.games.asteroids,AsteroidsGameScreen,redrawLives,2,0,0.0,3,0.6667,0,1,1,0,6,1,2,0,1.0,0,2,0,7,2.0,1,2.75,0,0,0.0,0,0.7435897435897436,0.9230769230769231,180,138,0.3333333333333333,12,3,6,1,0,3,9,0,3,0,0,4,1,1,0,0,33,0.782051282051282,33,2.5384615384615383,13,6,3,0,6,7,0,6,0,1,0,0,0,0,0,15,15,8,569,484,3,0,9,130,2.923076923076923,21,0,340,22,73,24,10477
2025-07-11,24,com.serwylo.retrowars.games.asteroids,AsteroidsGameScreen,resizeViewport,2,1,0.0,6,0.8333,0,1,1,0,9,0,2,0,0.2727272727272727,0,1,1,12,0.33,2,2.7142857142857144,2,1,0.0,0,0.7435897435897436,0.9230769230769231,180,138,0.3333333333333333,12,3,6,1,0,3,9,0,3,0,0,4,1,1,0,0,33,0.782051282051282,33,2.5384615384615383,13,6,3,0,6,7,0,6,0,1,0,0,0,0,0,15,15,8,569,484,3,0,9,130,2.923076923076923,21,0,340,22,73,24,10477
2025-07-11,24,com.serwylo.retrowars.games.asteroids,AsteroidsGameState,isShipAlive,1,0,0.0,0,0.0,0,2,1,0,1,0,1,0,1.0,0,1,0,0,1.0,0,0.0,0,0,0.0,0,0.6666666666666666,0.3333333333333333,36,1,0.0,1,9,0,0,9,0,0,0,0,0,9,6,2,2,5,0,3,0.33333333333333337,3,1.0,3,0,9,0,3,0,0,3,0,1,0,0,0,0,0,3,3,8,569,484,3,0,0,0,1.0,21,0,340,22,73,24,10477
2025-07-11,24,com.serwylo.retrowars.games.asteroids,AsteroidsGameState,isShipReadyToRespawn,1,0,0.0,0,0.0,0,2,1,0,1,0,1,0,1.0,0,2,0,0,2.0,0,0.0,0,0,0.0,0,0.6666666666666666,0.3333333333333333,36,1,0.0,1,9,0,0,9,0,0,0,0,0,9,6,2,2,5,0,3,0.33333333333333337,3,1.0,3,0,9,0,3,0,0,3,0,1,0,0,0,0,0,3,3,8,569,484,3,0,0,0,1.0,21,0,340,22,73,24,10477
2025-07-11,24,com.serwylo.retrowars.games.asteroids,AsteroidsGameState,areAsteroidsReadyToRespawn,1,0,0.0,0,0.0,0,2,1,0,1,0,1,0,1.0,0,2,0,0,2.0,0,0.0,0,0,0.0,0,0.6666666666666666,0.3333333333333333,36,1,0.0,1,9,0,0,9,0,0,0,0,0,9,6,2,2,5,0,3,0.33333333333333337,3,1.0,3,0,9,0,3,0,0,3,0,1,0,0,0,0,0,3,3,8,569,484,3,0,0,0,1.0,21,0,340,22,73,24,10477
2025-07-11,24,com.serwylo.retrowars.games.asteroids,AsteroidsSoundLibrary,fire,1,0,0.0,0,0.0,1,0,1,0,1,0,1,0,0.0,0,0,0,1,0.0,0,0.0,0,0,0.0,0,0.0,0.0,17,8,0.0,8,0,0,1,0,0,0,0,0,0,0,0,0,0,0,0,8,1.0,8,1.0,8,0,0,0,8,0,0,8,0,1,0,0,0,0,0,8,8,8,569,484,3,0,0,8,1.0,21,0,340,22,73,24,10477
2025-07-11,24,com.serwylo.retrowars.games.asteroids,AsteroidsSoundLibrary,hitShip,1,0,0.0,0,0.0,1,0,1,0,1,0,1,0,0.0,0,0,0,1,0.0,0,0.0,0,0,0.0,0,0.0,0.0,17,8,0.0,8,0,0,1,0,0,0,0,0,0,0,0,0,0,0,0,8,1.0,8,1.0,8,0,0,0,8,0,0,8,0,1,0,0,0,0,0,8,8,8,569,484,3,0,0,8,1.0,21,0,340,22,73,24,10477
2025-07-11,24,com.serwylo.retrowars.games.asteroids,AsteroidsSoundLibrary,hitTinyAsteroid,1,0,0.0,0,0.0,1,0,1,0,1,0,1,0,0.0,0,0,0,1,0.0,0,0.0,0,0,0.0,0,0.0,0.0,17,8,0.0,8,0,0,1,0,0,0,0,0,0,0,0,0,0,0,0,8,1.0,8,1.0,8,0,0,0,8,0,0,8,0,1,0,0,0,0,0,8,8,8,569,484,3,0,0,8,1.0,21,0,340,22,73,24,10477
2025-07-11,24,com.serwylo.retrowars.games.asteroids,AsteroidsSoundLibrary,hitSmallAsteroid,1,0,0.0,0,0.0,1,0,1,0,1,0,1,0,0.0,0,0,0,1,0.0,0,0.0,0,0,0.0,0,0.0,0.0,17,8,0.0,8,0,0,1,0,0,0,0,0,0,0,0,0,0,0,0,8,1.0,8,1.0,8,0,0,0,8,0,0,8,0,1,0,0,0,0,0,8,8,8,569,484,3,0,0,8,1.0,21,0,340,22,73,24,10477
2025-07-11,24,com.serwylo.retrowars.games.asteroids,AsteroidsSoundLibrary,hitMediumAsteroid,1,0,0.0,0,0.0,1,0,1,0,1,0,1,0,0.0,0,0,0,1,0.0,0,0.0,0,0,0.0,0,0.0,0.0,17,8,0.0,8,0,0,1,0,0,0,0,0,0,0,0,0,0,0,0,8,1.0,8,1.0,8,0,0,0,8,0,0,8,0,1,0,0,0,0,0,8,8,8,569,484,3,0,0,8,1.0,21,0,340,22,73,24,10477
2025-07-11,24,com.serwylo.retrowars.games.asteroids,AsteroidsSoundLibrary,hitLargeAsteroid,1,0,0.0,0,0.0,1,0,1,0,1,0,1,0,0.0,0,0,0,1,0.0,0,0.0,0,0,0.0,0,0.0,0.0,17,8,0.0,8,0,0,1,0,0,0,0,0,0,0,0,0,0,0,0,8,1.0,8,1.0,8,0,0,0,8,0,0,8,0,1,0,0,0,0,0,8,8,8,569,484,3,0,0,8,1.0,21,0,340,22,73,24,10477
2025-07-11,24,com.serwylo.retrowars.games.asteroids,AsteroidsSoundLibrary,startThrust,1,0,0.0,0,0.0,1,0,1,0,1,0,1,0,0.0,0,0,0,1,0.0,0,0.0,0,0,0.0,0,0.0,0.0,17,8,0.0,8,0,0,1,0,0,0,0,0,0,0,0,0,0,0,0,8,1.0,8,1.0,8,0,0,0,8,0,0,8,0,1,0,0,0,0,0,8,8,8,569,484,3,0,0,8,1.0,21,0,340,22,73,24,10477
2025-07-11,24,com.serwylo.retrowars.games.asteroids,AsteroidsSoundLibrary,stopThrust,1,0,0.0,1,1.0,1,0,1,0,1,0,1,0,0.0,0,0,0,1,0.0,0,2.0,0,0,0.0,0,0.0,0.0,17,8,0.0,8,0,0,1,0,0,0,0,0,0,0,0,0,0,0,0,8,1.0,8,1.0,8,0,0,0,8,0,0,8,0,1,0,0,0,0,0,8,8,8,569,484,3,0,0,8,1.0,21,0,340,22,73,24,10477
2025-07-11,24,com.serwylo.retrowars.games.asteroids.entities,Asteroid,update,1,0,0.0,1,1.0,0,9,2,0,5,0,1,0,0.6,0,2,1,3,2.0,1,2.0,1,1,0.0,0,1.0,1.0,123,18,0.0,2,4,8,1,0,4,2,1,3,0,0,3,2,2,3,0,11,0.49090909090909096,11,1.0,11,8,4,0,11,0,0,11,0,1,0,0,0,0,0,12,12,8,569,484,5,0,1,43,1.0,9,2,488,22,73,56,10477
2025-07-11,24,com.serwylo.retrowars.games.asteroids.entities,Asteroid,split,1,8,0.0,5,1.0,0,9,2,0,13,0,1,0,1.0,0,1,0,19,0.12,4,2.2777777777777777,0,0,0.0,0,1.0,1.0,123,18,0.0,2,4,8,1,0,4,2,1,3,0,0,3,2,2,3,0,11,0.49090909090909096,11,1.0,11,8,4,0,11,0,0,11,0,1,0,0,0,0,0,12,12,8,569,484,5,0,1,43,1.0,9,2,488,22,73,56,10477
2025-07-11,24,com.serwylo.retrowars.games.asteroids.entities,Asteroid,isColliding,1,2,0.0,2,1.0,0,9,2,0,5,0,1,0,0.3333333333333333,0,1,0,5,0.33,0,2.6666666666666665,1,0,0.0,0,1.0,1.0,123,18,0.0,2,4,8,1,0,4,2,1,3,0,0,3,2,2,3,0,11,0.49090909090909096,11,1.0,11,8,4,0,11,0,0,11,0,1,0,0,0,0,0,12,12,8,569,484,5,0,1,43,1.0,9,2,488,22,73,56,10477
2025-07-11,24,com.serwylo.retrowars.games.asteroids.entities,Asteroid,isFullyPastRight,1,0,0.0,1,1.0,0,9,2,0,1,0,1,1,1.0,1,1,0,2,1.0,0,2.0,0,0,0.0,0,1.0,1.0,123,18,0.0,2,4,8,1,0,4,2,1,3,0,0,3,2,2,3,0,11,0.49090909090909096,11,1.0,11,8,4,0,11,0,0,11,0,1,0,0,0,0,0,12,12,8,569,484,5,0,1,43,1.0,9,2,488,22,73,56,10477
2025-07-11,24,com.serwylo.retrowars.games.asteroids.entities,Asteroid,isPartiallyPastRight,1,0,0.0,1,1.0,0,9,2,0,1,0,1,1,1.0,1,1,0,2,1.0,0,2.0,0,0,0.0,0,1.0,1.0,123,18,0.0,2,4,8,1,0,4,2,1,3,0,0,3,2,2,3,0,11,0.49090909090909096,11,1.0,11,8,4,0,11,0,0,11,0,1,0,0,0,0,0,12,12,8,569,484,5,0,1,43,1.0,9,2,488,22,73,56,10477
2025-07-11,24,com.serwylo.retrowars.games.asteroids.entities,Asteroid,isFullyPastTop,1,0,0.0,1,1.0,0,9,2,0,1,0,1,1,1.0,1,1,0,2,1.0,0,2.0,0,0,0.0,0,1.0,1.0,123,18,0.0,2,4,8,1,0,4,2,1,3,0,0,3,2,2,3,0,11,0.49090909090909096,11,1.0,11,8,4,0,11,0,0,11,0,1,0,0,0,0,0,12,12,8,569,484,5,0,1,43,1.0,9,2,488,22,73,56,10477
2025-07-11,24,com.serwylo.retrowars.games.asteroids.entities,Asteroid,isPartiallyPastTop,1,0,0.0,1,1.0,0,9,2,0,1,0,1,1,1.0,1,1,0,2,1.0,0,2.0,0,0,0.0,0,1.0,1.0,123,18,0.0,2,4,8,1,0,4,2,1,3,0,0,3,2,2,3,0,11,0.49090909090909096,11,1.0,11,8,4,0,11,0,0,11,0,1,0,0,0,0,0,12,12,8,569,484,5,0,1,43,1.0,9,2,488,22,73,56,10477
2025-07-11,24,com.serwylo.retrowars.games.asteroids.entities,Asteroid,isFullyPastLeft,1,0,0.0,1,1.0,0,9,2,0,1,0,1,1,1.0,1,1,0,2,1.0,0,2.0,0,0,0.0,0,1.0,1.0,123,18,0.0,2,4,8,1,0,4,2,1,3,0,0,3,2,2,3,0,11,0.49090909090909096,11,1.0,11,8,4,0,11,0,0,11,0,1,0,0,0,0,0,12,12,8,569,484,5,0,1,43,1.0,9,2,488,22,73,56,10477
2025-07-11,24,com.serwylo.retrowars.games.asteroids.entities,Asteroid,isPartiallyPastLeft,1,0,0.0,1,1.0,0,9,2,0,1,0,1,1,1.0,1,1,0,2,1.0,0,2.0,0,0,0.0,0,1.0,1.0,123,18,0.0,2,4,8,1,0,4,2,1,3,0,0,3,2,2,3,0,11,0.49090909090909096,11,1.0,11,8,4,0,11,0,0,11,0,1,0,0,0,0,0,12,12,8,569,484,5,0,1,43,1.0,9,2,488,22,73,56,10477
2025-07-11,24,com.serwylo.retrowars.games.asteroids.entities,Asteroid,isFullyPastBottom,1,0,0.0,1,1.0,0,9,2,0,1,0,1,1,1.0,1,1,0,2,1.0,0,2.0,0,0,0.0,0,1.0,1.0,123,18,0.0,2,4,8,1,0,4,2,1,3,0,0,3,2,2,3,0,11,0.49090909090909096,11,1.0,11,8,4,0,11,0,0,11,0,1,0,0,0,0,0,12,12,8,569,484,5,0,1,43,1.0,9,2,488,22,73,56,10477
2025-07-11,24,com.serwylo.retrowars.games.asteroids.entities,Asteroid,isPartiallyPastBottom,1,0,0.0,1,1.0,0,9,2,0,1,0,1,1,1.0,1,1,0,2,1.0,0,2.0,0,0,0.0,0,1.0,1.0,123,18,0.0,2,4,8,1,0,4,2,1,3,0,0,3,2,2,3,0,11,0.49090909090909096,11,1.0,11,8,4,0,11,0,0,11,0,1,0,0,0,0,0,12,12,8,569,484,5,0,1,43,1.0,9,2,488,22,73,56,10477
2025-07-11,24,com.serwylo.retrowars.games.asteroids.entities,Bullet,update,1,0,0.0,1,1.0,0,11,1,0,5,0,1,0,0.6666666666666666,0,3,2,2,3.0,1,2.0,1,1,0.0,0,0.696969696969697,0.08333333333333333,55,5,0.0,2,5,10,1,0,2,2,1,3,0,0,5,3,3,3,0,12,0.9848484848484849,12,1.0,12,10,5,0,12,0,0,12,0,1,0,0,1,0,1,12,13,8,569,484,5,0,2,10,1.0,9,2,488,22,73,56,10477
2025-07-11,24,com.serwylo.retrowars.games.asteroids.entities,Bullet,isExpired,1,0,0.0,0,0.0,0,11,1,0,1,0,1,0,1.0,0,1,0,0,1.0,0,0.0,0,0,0.0,0,0.696969696969697,0.08333333333333333,55,5,0.0,2,5,10,1,0,2,2,1,3,0,0,5,3,3,3,0,12,0.9848484848484849,12,1.0,12,10,5,0,12,0,0,12,0,1,0,0,1,0,1,12,13,8,569,484,5,0,2,10,1.0,9,2,488,22,73,56,10477
2025-07-11,24,com.serwylo.retrowars.games.asteroids.entities,Bullet,getPosition,1,0,0.0,0,0.0,0,11,1,0,1,0,1,0,1.0,0,1,0,0,1.0,0,0.0,0,0,0.0,0,0.696969696969697,0.08333333333333333,55,5,0.0,2,5,10,1,0,2,2,1,3,0,0,5,3,3,3,0,12,0.9848484848484849,12,1.0,12,10,5,0,12,0,0,12,0,1,0,0,1,0,1,12,13,8,569,484,5,0,2,10,1.0,9,2,488,22,73,56,10477
2025-07-11,24,com.serwylo.retrowars.games.asteroids.entities,Bullet,getRadius,1,0,0.0,0,0.0,0,11,1,0,1,0,1,0,0.0,0,0,0,0,0.0,0,0.0,0,0,0.0,0,0.696969696969697,0.08333333333333333,55,5,0.0,2,5,10,1,0,2,2,1,3,0,0,5,3,3,3,0,12,0.9848484848484849,12,1.0,12,10,5,0,12,0,0,12,0,1,0,0,1,0,1,12,13,8,569,484,5,0,2,10,1.0,9,2,488,22,73,56,10477
2025-07-11,24,com.serwylo.retrowars.games.asteroids.entities,Bullet,isFullyPastRight,1,0,0.0,1,1.0,0,11,1,0,1,0,1,1,1.0,1,1,0,1,1.0,0,2.0,0,0,0.0,0,0.696969696969697,0.08333333333333333,55,5,0.0,2,5,10,1,0,2,2,1,3,0,0,5,3,3,3,0,12,0.9848484848484849,12,1.0,12,10,5,0,12,0,0,12,0,1,0,0,1,0,1,12,13,8,569,484,5,0,2,10,1.0,9,2,488,22,73,56,10477
2025-07-11,24,com.serwylo.retrowars.games.asteroids.entities,Bullet,isPartiallyPastRight,1,0,0.0,1,1.0,0,11,1,0,1,0,1,1,1.0,1,1,0,1,1.0,0,2.0,0,0,0.0,0,0.696969696969697,0.08333333333333333,55,5,0.0,2,5,10,1,0,2,2,1,3,0,0,5,3,3,3,0,12,0.9848484848484849,12,1.0,12,10,5,0,12,0,0,12,0,1,0,0,1,0,1,12,13,8,569,484,5,0,2,10,1.0,9,2,488,22,73,56,10477
2025-07-11,24,com.serwylo.retrowars.games.asteroids.entities,Bullet,isFullyPastTop,1,0,0.0,1,1.0,0,11,1,0,1,0,1,1,1.0,1,1,0,1,1.0,0,2.0,0,0,0.0,0,0.696969696969697,0.08333333333333333,55,5,0.0,2,5,10,1,0,2,2,1,3,0,0,5,3,3,3,0,12,0.9848484848484849,12,1.0,12,10,5,0,12,0,0,12,0,1,0,0,1,0,1,12,13,8,569,484,5,0,2,10,1.0,9,2,488,22,73,56,10477
2025-07-11,24,com.serwylo.retrowars.games.asteroids.entities,Bullet,isPartiallyPastTop,1,0,0.0,1,1.0,0,11,1,0,1,0,1,1,1.0,1,1,0,1,1.0,0,2.0,0,0,0.0,0,0.696969696969697,0.08333333333333333,55,5,0.0,2,5,10,1,0,2,2,1,3,0,0,5,3,3,3,0,12,0.9848484848484849,12,1.0,12,10,5,0,12,0,0,12,0,1,0,0,1,0,1,12,13,8,569,484,5,0,2,10,1.0,9,2,488,22,73,56,10477
2025-07-11,24,com.serwylo.retrowars.games.asteroids.entities,Bullet,isFullyPastLeft,1,0,0.0,1,1.0,0,11,1,0,1,0,1,1,1.0,1,1,0,1,1.0,0,2.0,0,0,0.0,0,0.696969696969697,0.08333333333333333,55,5,0.0,2,5,10,1,0,2,2,1,3,0,0,5,3,3,3,0,12,0.9848484848484849,12,1.0,12,10,5,0,12,0,0,12,0,1,0,0,1,0,1,12,13,8,569,484,5,0,2,10,1.0,9,2,488,22,73,56,10477
2025-07-11,24,com.serwylo.retrowars.games.asteroids.entities,Bullet,isPartiallyPastLeft,1,0,0.0,1,1.0,0,11,1,0,1,0,1,1,1.0,1,1,0,1,1.0,0,2.0,0,0,0.0,0,0.696969696969697,0.08333333333333333,55,5,0.0,2,5,10,1,0,2,2,1,3,0,0,5,3,3,3,0,12,0.9848484848484849,12,1.0,12,10,5,0,12,0,0,12,0,1,0,0,1,0,1,12,13,8,569,484,5,0,2,10,1.0,9,2,488,22,73,56,10477
2025-07-11,24,com.serwylo.retrowars.games.asteroids.entities,Bullet,isFullyPastBottom,1,0,0.0,1,1.0,0,11,1,0,1,0,1,1,1.0,1,1,0,1,1.0,0,2.0,0,0,0.0,0,0.696969696969697,0.08333333333333333,55,5,0.0,2,5,10,1,0,2,2,1,3,0,0,5,3,3,3,0,12,0.9848484848484849,12,1.0,12,10,5,0,12,0,0,12,0,1,0,0,1,0,1,12,13,8,569,484,5,0,2,10,1.0,9,2,488,22,73,56,10477
2025-07-11,24,com.serwylo.retrowars.games.asteroids.entities,Bullet,renderBulk,1,0,0.0,1,1.0,0,11,1,0,1,0,1,1,1.0,1,1,0,1,1.0,0,2.0,0,0,0.0,0,0.696969696969697,0.08333333333333333,55,5,0.0,2,5,10,1,0,2,2,1,3,0,0,5,3,3,3,0,12,0.9848484848484849,12,1.0,12,10,5,0,12,0,0,12,0,1,0,0,1,0,1,12,13,8,569,484,5,1,2,10,1.0,9,2,488,22,73,56,10477
2025-07-11,24,com.serwylo.retrowars.games.asteroids.entities,Ship,render,7,0,1.0,1,1.0,0,10,1,0,13,1,7,10,0.47368421052631576,5,3,1,5,1.5,2,3.0,2,1,0.0,0,0.7523809523809524,0.9333333333333333,149,63,0.2,6,20,10,1,8,5,6,0,10,0,8,17,6,6,9,0,23,0.5904761904761905,23,1.5333333333333334,15,10,20,0,14,1,0,14,0,1,0,0,0,0,0,15,15,8,569,484,5,0,6,39,1.9333333333333333,9,2,488,22,73,56,10477
2025-07-11,24,com.serwylo.retrowars.games.asteroids.entities,Ship,renderShipAt,2,0,0.0,6,0.1667,0,10,1,0,17,1,2,0,0.5882352941176471,0,9,3,11,3.33,1,2.1875,3,1,0.0,0,0.7523809523809524,0.9333333333333333,149,63,0.2,6,20,10,1,8,5,6,0,10,0,8,17,6,6,9,0,23,0.5904761904761905,23,1.5333333333333334,15,10,20,0,14,1,0,14,0,1,0,0,0,0,0,15,15,8,569,484,5,0,6,39,1.9333333333333333,9,2,488,22,73,56,10477
2025-07-11,24,com.serwylo.retrowars.games.asteroids.entities,Ship,update,8,1,0.0,6,0.75,0,10,1,0,24,2,8,1,0.8571428571428571,0,10,1,12,5.0,2,2.25,1,1,0.0,0,0.7523809523809524,0.9333333333333333,149,63,0.2,6,20,10,1,8,5,6,0,10,0,8,17,6,6,9,0,23,0.5904761904761905,23,1.5333333333333334,15,10,20,0,14,1,0,14,0,1,0,0,0,0,0,15,15,8,569,484,5,0,6,39,1.9333333333333333,9,2,488,22,73,56,10477
2025-07-11,24,com.serwylo.retrowars.games.asteroids.entities,Ship,isFullyPastRight,1,0,0.0,1,1.0,0,10,1,0,1,0,1,1,1.0,1,1,0,1,1.0,0,2.0,0,0,0.0,0,0.7523809523809524,0.9333333333333333,149,63,0.2,6,20,10,1,8,5,6,0,10,0,8,17,6,6,9,0,23,0.5904761904761905,23,1.5333333333333334,15,10,20,0,14,1,0,14,0,1,0,0,0,0,0,15,15,8,569,484,5,0,6,39,1.9333333333333333,9,2,488,22,73,56,10477
2025-07-11,24,com.serwylo.retrowars.games.asteroids.entities,Ship,isPartiallyPastRight,1,0,0.0,1,1.0,0,10,1,0,1,0,1,1,1.0,1,1,0,1,1.0,0,2.0,0,0,0.0,0,0.7523809523809524,0.9333333333333333,149,63,0.2,6,20,10,1,8,5,6,0,10,0,8,17,6,6,9,0,23,0.5904761904761905,23,1.5333333333333334,15,10,20,0,14,1,0,14,0,1,0,0,0,0,0,15,15,8,569,484,5,0,6,39,1.9333333333333333,9,2,488,22,73,56,10477
2025-07-11,24,com.serwylo.retrowars.games.asteroids.entities,Ship,isFullyPastTop,1,0,0.0,1,1.0,0,10,1,0,1,0,1,1,1.0,1,1,0,1,1.0,0,2.0,0,0,0.0,0,0.7523809523809524,0.9333333333333333,149,63,0.2,6,20,10,1,8,5,6,0,10,0,8,17,6,6,9,0,23,0.5904761904761905,23,1.5333333333333334,15,10,20,0,14,1,0,14,0,1,0,0,0,0,0,15,15,8,569,484,5,0,6,39,1.9333333333333333,9,2,488,22,73,56,10477
2025-07-11,24,com.serwylo.retrowars.games.asteroids.entities,Ship,isPartiallyPastTop,1,0,0.0,1,1.0,0,10,1,0,1,0,1,1,1.0,1,1,0,1,1.0,0,2.0,0,0,0.0,0,0.7523809523809524,0.9333333333333333,149,63,0.2,6,20,10,1,8,5,6,0,10,0,8,17,6,6,9,0,23,0.5904761904761905,23,1.5333333333333334,15,10,20,0,14,1,0,14,0,1,0,0,0,0,0,15,15,8,569,484,5,0,6,39,1.9333333333333333,9,2,488,22,73,56,10477
2025-07-11,24,com.serwylo.retrowars.games.asteroids.entities,Ship,isFullyPastLeft,1,0,0.0,1,1.0,0,10,1,0,1,0,1,1,1.0,1,1,0,1,1.0,0,2.0,0,0,0.0,0,0.7523809523809524,0.9333333333333333,149,63,0.2,6,20,10,1,8,5,6,0,10,0,8,17,6,6,9,0,23,0.5904761904761905,23,1.5333333333333334,15,10,20,0,14,1,0,14,0,1,0,0,0,0,0,15,15,8,569,484,5,0,6,39,1.9333333333333333,9,2,488,22,73,56,10477
2025-07-11,24,com.serwylo.retrowars.games.asteroids.entities,Ship,isPartiallyPastLeft,1,0,0.0,1,1.0,0,10,1,0,1,0,1,1,1.0,1,1,0,1,1.0,0,2.0,0,0,0.0,0,0.7523809523809524,0.9333333333333333,149,63,0.2,6,20,10,1,8,5,6,0,10,0,8,17,6,6,9,0,23,0.5904761904761905,23,1.5333333333333334,15,10,20,0,14,1,0,14,0,1,0,0,0,0,0,15,15,8,569,484,5,0,6,39,1.9333333333333333,9,2,488,22,73,56,10477
2025-07-11,24,com.serwylo.retrowars.games.asteroids.entities,Ship,isFullyPastBottom,1,0,0.0,1,1.0,0,10,1,0,1,0,1,1,1.0,1,1,0,1,1.0,0,2.0,0,0,0.0,0,0.7523809523809524,0.9333333333333333,149,63,0.2,6,20,10,1,8,5,6,0,10,0,8,17,6,6,9,0,23,0.5904761904761905,23,1.5333333333333334,15,10,20,0,14,1,0,14,0,1,0,0,0,0,0,15,15,8,569,484,5,0,6,39,1.9333333333333333,9,2,488,22,73,56,10477
2025-07-11,24,com.serwylo.retrowars.games.asteroids.entities,Ship,isPartiallyPastBottom,1,0,0.0,1,1.0,0,10,1,0,1,0,1,1,1.0,1,1,0,1,1.0,0,2.0,0,0,0.0,0,0.7523809523809524,0.9333333333333333,149,63,0.2,6,20,10,1,8,5,6,0,10,0,8,17,6,6,9,0,23,0.5904761904761905,23,1.5333333333333334,15,10,20,0,14,1,0,14,0,1,0,0,0,0,0,15,15,8,569,484,5,0,6,39,1.9333333333333333,9,2,488,22,73,56,10477
2025-07-11,24,com.serwylo.retrowars.games.asteroids.entities,Ship,onShoot,1,0,0.0,0,0.0,0,10,1,0,3,0,1,1,0.5,0,1,1,0,1.0,0,0.0,1,0,0.0,0,0.7523809523809524,0.9333333333333333,149,63,0.2,6,20,10,1,8,5,6,0,10,0,8,17,6,6,9,0,23,0.5904761904761905,23,1.5333333333333334,15,10,20,0,14,1,0,14,0,1,0,0,0,0,0,15,15,8,569,484,5,0,6,39,1.9333333333333333,9,2,488,22,73,56,10477
2025-07-11,24,com.serwylo.retrowars.games.asteroids.entities,Ship,getPosition,1,0,0.0,0,0.0,0,10,1,0,1,0,1,0,1.0,0,1,0,0,1.0,0,0.0,0,0,0.0,0,0.7523809523809524,0.9333333333333333,149,63,0.2,6,20,10,1,8,5,6,0,10,0,8,17,6,6,9,0,23,0.5904761904761905,23,1.5333333333333334,15,10,20,0,14,1,0,14,0,1,0,0,0,0,0,15,15,8,569,484,5,0,6,39,1.9333333333333333,9,2,488,22,73,56,10477
2025-07-11,24,com.serwylo.retrowars.games.asteroids.entities,Ship,getRadius,1,0,0.0,0,0.0,0,10,1,0,1,0,1,0,0.0,0,0,0,0,0.0,0,0.0,0,0,0.0,0,0.7523809523809524,0.9333333333333333,149,63,0.2,6,20,10,1,8,5,6,0,10,0,8,17,6,6,9,0,23,0.5904761904761905,23,1.5333333333333334,15,10,20,0,14,1,0,14,0,1,0,0,0,0,0,15,15,8,569,484,5,0,6,39,1.9333333333333333,9,2,488,22,73,56,10477
2025-07-11,24,com.serwylo.retrowars.games.asteroids.entities,Ship,respawnInCentre,1,0,0.0,1,1.0,0,10,1,0,6,0,1,0,1.0,0,6,0,3,6.0,1,2.0,0,0,0.0,0,0.7523809523809524,0.9333333333333333,149,63,0.2,6,20,10,1,8,5,6,0,10,0,8,17,6,6,9,0,23,0.5904761904761905,23,1.5333333333333334,15,10,20,0,14,1,0,14,0,1,0,0,0,0,0,15,15,8,569,484,5,0,6,39,1.9333333333333333,9,2,488,22,73,56,10477
2025-07-11,24,com.serwylo.retrowars.games.asteroids.entities,WrapsWorld,setWorldSize,1,0,0.0,0,0.0,0,17,1,0,4,0,1,0,0.5,0,2,2,0,1.0,0,0.0,2,0,0.0,0,0.0718954248366013,0.1111111111111111,55,12,0.0,13,2,0,0,2,3,0,0,0,0,2,0,0,0,2,3,12,0.6666666666666667,12,1.2,18,0,2,0,18,0,0,18,0,1,0,0,0,0,0,18,18,8,569,484,5,0,2,2,4.0,9,2,488,22,73,56,10477
2025-07-11,24,com.serwylo.retrowars.games.asteroids.entities,WrapsWorld,isFullyPastRight,1,0,0.0,0,0.0,0,17,1,0,1,0,1,0,0.5,0,1,0,0,1.0,0,0.0,1,0,0.0,0,0.0718954248366013,0.1111111111111111,55,12,0.0,13,2,0,0,2,3,0,0,0,0,2,0,0,0,2,3,12,0.6666666666666667,12,1.2,18,0,2,0,18,0,0,18,0,1,0,0,0,0,0,18,18,8,569,484,5,0,2,2,4.0,9,2,488,22,73,56,10477
2025-07-11,24,com.serwylo.retrowars.games.asteroids.entities,WrapsWorld,isPartiallyPastRight,1,0,0.0,0,0.0,0,17,1,0,1,0,1,0,0.5,0,1,0,0,1.0,0,0.0,1,0,0.0,0,0.0718954248366013,0.1111111111111111,55,12,0.0,13,2,0,0,2,3,0,0,0,0,2,0,0,0,2,3,12,0.6666666666666667,12,1.2,18,0,2,0,18,0,0,18,0,1,0,0,0,0,0,18,18,8,569,484,5,0,2,2,4.0,9,2,488,22,73,56,10477
2025-07-11,24,com.serwylo.retrowars.games.asteroids.entities,WrapsWorld,isFullyPastTop,1,0,0.0,0,0.0,0,17,1,0,1,0,1,0,0.5,0,1,0,0,1.0,0,0.0,1,0,0.0,0,0.0718954248366013,0.1111111111111111,55,12,0.0,13,2,0,0,2,3,0,0,0,0,2,0,0,0,2,3,12,0.6666666666666667,12,1.2,18,0,2,0,18,0,0,18,0,1,0,0,0,0,0,18,18,8,569,484,5,0,2,2,4.0,9,2,488,22,73,56,10477
2025-07-11,24,com.serwylo.retrowars.games.asteroids.entities,WrapsWorld,isPartiallyPastTop,1,0,0.0,0,0.0,0,17,1,0,1,0,1,0,0.5,0,1,0,0,1.0,0,0.0,1,0,0.0,0,0.0718954248366013,0.1111111111111111,55,12,0.0,13,2,0,0,2,3,0,0,0,0,2,0,0,0,2,3,12,0.6666666666666667,12,1.2,18,0,2,0,18,0,0,18,0,1,0,0,0,0,0,18,18,8,569,484,5,0,2,2,4.0,9,2,488,22,73,56,10477
2025-07-11,24,com.serwylo.retrowars.games.asteroids.entities,WrapsWorld,isFullyPastLeft,1,0,0.0,0,0.0,0,17,1,0,1,0,1,0,0.0,0,0,0,0,0.0,0,0.0,1,0,0.0,0,0.0718954248366013,0.1111111111111111,55,12,0.0,13,2,0,0,2,3,0,0,0,0,2,0,0,0,2,3,12,0.6666666666666667,12,1.2,18,0,2,0,18,0,0,18,0,1,0,0,0,0,0,18,18,8,569,484,5,0,2,2,4.0,9,2,488,22,73,56,10477
2025-07-11,24,com.serwylo.retrowars.games.asteroids.entities,WrapsWorld,isPartiallyPastLeft,1,0,0.0,0,0.0,0,17,1,0,1,0,1,0,0.0,0,0,0,0,0.0,0,0.0,1,0,0.0,0,0.0718954248366013,0.1111111111111111,55,12,0.0,13,2,0,0,2,3,0,0,0,0,2,0,0,0,2,3,12,0.6666666666666667,12,1.2,18,0,2,0,18,0,0,18,0,1,0,0,0,0,0,18,18,8,569,484,5,0,2,2,4.0,9,2,488,22,73,56,10477
2025-07-11,24,com.serwylo.retrowars.games.asteroids.entities,WrapsWorld,isFullyPastBottom,1,0,0.0,0,0.0,0,17,1,0,1,0,1,0,0.0,0,0,0,0,0.0,0,0.0,1,0,0.0,0,0.0718954248366013,0.1111111111111111,55,12,0.0,13,2,0,0,2,3,0,0,0,0,2,0,0,0,2,3,12,0.6666666666666667,12,1.2,18,0,2,0,18,0,0,18,0,1,0,0,0,0,0,18,18,8,569,484,5,0,2,2,4.0,9,2,488,22,73,56,10477
2025-07-11,24,com.serwylo.retrowars.games.asteroids.entities,WrapsWorld,isPartiallyPastBottom,1,0,0.0,0,0.0,0,17,1,0,1,0,1,0,0.0,0,0,0,0,0.0,0,0.0,1,0,0.0,0,0.0718954248366013,0.1111111111111111,55,12,0.0,13,2,0,0,2,3,0,0,0,0,2,0,0,0,2,3,12,0.6666666666666667,12,1.2,18,0,2,0,18,0,0,18,0,1,0,0,0,0,0,18,18,8,569,484,5,0,2,2,4.0,9,2,488,22,73,56,10477
2025-07-11,24,com.serwylo.retrowars.games.asteroids.entities,WrapsWorld,isFullyPastRight,0,0,0.0,0,0.0,0,17,1,0,0,0,0,0,0.0,0,0,0,0,0.0,0,0.0,0,0,0.0,0,0.0718954248366013,0.1111111111111111,55,12,0.0,13,2,0,0,2,3,0,0,0,0,2,0,0,0,2,3,12,0.6666666666666667,12,1.2,18,0,2,0,18,0,0,18,0,1,0,0,0,0,0,18,18,8,569,484,5,0,2,2,4.0,9,2,488,22,73,56,10477
2025-07-11,24,com.serwylo.retrowars.games.asteroids.entities,WrapsWorld,isPartiallyPastRight,0,0,0.0,0,0.0,0,17,1,0,0,0,0,0,0.0,0,0,0,0,0.0,0,0.0,0,0,0.0,0,0.0718954248366013,0.1111111111111111,55,12,0.0,13,2,0,0,2,3,0,0,0,0,2,0,0,0,2,3,12,0.6666666666666667,12,1.2,18,0,2,0,18,0,0,18,0,1,0,0,0,0,0,18,18,8,569,484,5,0,2,2,4.0,9,2,488,22,73,56,10477
2025-07-11,24,com.serwylo.retrowars.games.asteroids.entities,WrapsWorld,isFullyPastTop,0,0,0.0,0,0.0,0,17,1,0,0,0,0,0,0.0,0,0,0,0,0.0,0,0.0,0,0,0.0,0,0.0718954248366013,0.1111111111111111,55,12,0.0,13,2,0,0,2,3,0,0,0,0,2,0,0,0,2,3,12,0.6666666666666667,12,1.2,18,0,2,0,18,0,0,18,0,1,0,0,0,0,0,18,18,8,569,484,5,0,2,2,4.0,9,2,488,22,73,56,10477
2025-07-11,24,com.serwylo.retrowars.games.asteroids.entities,WrapsWorld,isPartiallyPastTop,0,0,0.0,0,0.0,0,17,1,0,0,0,0,0,0.0,0,0,0,0,0.0,0,0.0,0,0,0.0,0,0.0718954248366013,0.1111111111111111,55,12,0.0,13,2,0,0,2,3,0,0,0,0,2,0,0,0,2,3,12,0.6666666666666667,12,1.2,18,0,2,0,18,0,0,18,0,1,0,0,0,0,0,18,18,8,569,484,5,0,2,2,4.0,9,2,488,22,73,56,10477
2025-07-11,24,com.serwylo.retrowars.games.asteroids.entities,WrapsWorld,isFullyPastLeft,0,0,0.0,0,0.0,0,17,1,0,0,0,0,0,0.0,0,0,0,0,0.0,0,0.0,0,0,0.0,0,0.0718954248366013,0.1111111111111111,55,12,0.0,13,2,0,0,2,3,0,0,0,0,2,0,0,0,2,3,12,0.6666666666666667,12,1.2,18,0,2,0,18,0,0,18,0,1,0,0,0,0,0,18,18,8,569,484,5,0,2,2,4.0,9,2,488,22,73,56,10477
2025-07-11,24,com.serwylo.retrowars.games.asteroids.entities,WrapsWorld,isPartiallyPastLeft,0,0,0.0,0,0.0,0,17,1,0,0,0,0,0,0.0,0,0,0,0,0.0,0,0.0,0,0,0.0,0,0.0718954248366013,0.1111111111111111,55,12,0.0,13,2,0,0,2,3,0,0,0,0,2,0,0,0,2,3,12,0.6666666666666667,12,1.2,18,0,2,0,18,0,0,18,0,1,0,0,0,0,0,18,18,8,569,484,5,0,2,2,4.0,9,2,488,22,73,56,10477
2025-07-11,24,com.serwylo.retrowars.games.asteroids.entities,WrapsWorld,isFullyPastBottom,0,0,0.0,0,0.0,0,17,1,0,0,0,0,0,0.0,0,0,0,0,0.0,0,0.0,0,0,0.0,0,0.0718954248366013,0.1111111111111111,55,12,0.0,13,2,0,0,2,3,0,0,0,0,2,0,0,0,2,3,12,0.6666666666666667,12,1.2,18,0,2,0,18,0,0,18,0,1,0,0,0,0,0,18,18,8,569,484,5,0,2,2,4.0,9,2,488,22,73,56,10477
2025-07-11,24,com.serwylo.retrowars.games.asteroids.entities,WrapsWorld,isPartiallyPastBottom,0,0,0.0,0,0.0,0,17,1,0,0,0,0,0,0.0,0,0,0,0,0.0,0,0.0,0,0,0.0,0,0.0718954248366013,0.1111111111111111,55,12,0.0,13,2,0,0,2,3,0,0,0,0,2,0,0,0,2,3,12,0.6666666666666667,12,1.2,18,0,2,0,18,0,0,18,0,1,0,0,0,0,0,18,18,8,569,484,5,0,2,2,4.0,9,2,488,22,73,56,10477
2025-07-11,24,com.serwylo.retrowars.games.asteroids.entities,WrapsWorld,maybeWrapPosition,7,0,4.0,0,0.0,0,17,1,0,12,1,7,0,0.5,8,2,0,2,2.0,0,2.0,1,0,0.0,0,0.0718954248366013,0.1111111111111111,55,12,0.0,13,2,0,0,2,3,0,0,0,0,2,0,0,0,2,3,12,0.6666666666666667,12,1.2,18,0,2,0,18,0,0,18,0,1,0,0,0,0,0,18,18,8,569,484,5,0,2,2,4.0,9,2,488,22,73,56,10477
2025-07-11,24,com.serwylo.retrowars.games.breakout,BreakoutGameScreen,getSoundLibrary,1,0,0.0,0,0.0,0,1,1,0,1,0,1,0,1.0,0,1,0,0,1.0,0,0.0,0,0,0.0,0,0.8014705882352942,0.8823529411764706,266,235,0.3125,16,4,5,1,0,4,7,0,4,0,0,4,0,0,0,0,45,0.7352941176470589,45,2.6470588235294117,17,5,4,0,5,12,0,5,2,1,0,0,0,0,0,20,20,8,569,484,4,0,8,203,3.588235294117647,22,0,505,22,73,23,10477
2025-07-11,24,com.serwylo.retrowars.games.breakout,BreakoutGameScreen,redrawLives,2,0,0.0,3,0.6667,0,1,1,0,6,1,2,0,1.0,0,2,0,7,2.0,1,2.75,0,0,0.0,0,0.8014705882352942,0.8823529411764706,266,235,0.3125,16,4,5,1,0,4,7,0,4,0,0,4,0,0,0,0,45,0.7352941176470589,45,2.6470588235294117,17,5,4,0,5,12,0,5,2,1,0,0,0,0,0,20,20,8,569,484,4,0,8,203,3.588235294117647,22,0,505,22,73,23,10477
2025-07-11,24,com.serwylo.retrowars.games.breakout,BreakoutGameScreen,updateGame,7,5,8.0,13,0.6154,0,1,1,0,35,3,7,7,0.8,8,2,3,27,0.33,1,2.2413793103448274,1,2,0.0,0,0.8014705882352942,0.8823529411764706,266,235,0.3125,16,4,5,1,0,4,7,0,4,0,0,4,0,0,0,0,45,0.7352941176470589,45,2.6470588235294117,17,5,4,0,5,12,0,5,2,1,0,0,0,0,0,20,20,8,569,484,4,0,8,203,3.588235294117647,22,0,505,22,73,23,10477
2025-07-11,24,com.serwylo.retrowars.games.breakout,BreakoutGameScreen,restartLevel,1,0,1.0,1,1.0,0,1,1,0,5,0,1,1,1.0,1,1,1,2,1.0,0,2.5,0,1,0.0,0,0.8014705882352942,0.8823529411764706,266,235,0.3125,16,4,5,1,0,4,7,0,4,0,0,4,0,0,0,0,45,0.7352941176470589,45,2.6470588235294117,17,5,4,0,5,12,0,5,2,1,0,0,0,0,0,20,20,8,569,484,4,0,8,203,3.588235294117647,22,0,505,22,73,23,10477
2025-07-11,24,com.serwylo.retrowars.games.breakout,BreakoutGameScreen,maybeRespawn,2,0,0.0,4,0.5,0,1,1,0,8,1,2,0,1.0,0,1,0,16,1.0,0,2.5454545454545454,0,0,0.0,0,0.8014705882352942,0.8823529411764706,266,235,0.3125,16,4,5,1,0,4,7,0,4,0,0,4,0,0,0,0,45,0.7352941176470589,45,2.6470588235294117,17,5,4,0,5,12,0,5,2,1,0,0,0,0,0,20,20,8,569,484,4,0,8,203,3.588235294117647,22,0,505,22,73,23,10477
2025-07-11,24,com.serwylo.retrowars.games.breakout,BreakoutGameScreen,maybeDie,5,0,2.0,4,0.75,0,1,1,0,15,0,5,2,1.0,2,2,0,6,2.0,1,2.142857142857143,0,0,0.0,0,0.8014705882352942,0.8823529411764706,266,235,0.3125,16,4,5,1,0,4,7,0,4,0,0,4,0,0,0,0,45,0.7352941176470589,45,2.6470588235294117,17,5,4,0,5,12,0,5,2,1,0,0,0,0,0,20,20,8,569,484,4,0,8,203,3.588235294117647,22,0,505,22,73,23,10477
2025-07-11,24,com.serwylo.retrowars.games.breakout,BreakoutGameScreen,resetHandicap,1,0,0.0,0,0.0,0,1,1,0,5,0,1,0,1.0,0,1,0,0,1.0,0,2.0,0,0,0.0,0,0.8014705882352942,0.8823529411764706,266,235,0.3125,16,4,5,1,0,4,7,0,4,0,0,4,0,0,0,0,45,0.7352941176470589,45,2.6470588235294117,17,5,4,0,5,12,0,5,2,1,0,0,0,0,0,20,20,8,569,484,4,0,8,203,3.588235294117647,22,0,505,22,73,23,10477
2025-07-11,24,com.serwylo.retrowars.games.breakout,BreakoutGameScreen,respawnSoon,1,0,0.0,0,0.0,0,1,1,0,3,0,1,0,1.0,0,1,0,0,1.0,0,2.0,0,0,0.0,0,0.8014705882352942,0.8823529411764706,266,235,0.3125,16,4,5,1,0,4,7,0,4,0,0,4,0,0,0,0,45,0.7352941176470589,45,2.6470588235294117,17,5,4,0,5,12,0,5,2,1,0,0,0,0,0,20,20,8,569,484,4,0,8,203,3.588235294117647,22,0,505,22,73,23,10477
2025-07-11,24,com.serwylo.retrowars.games.breakout,BreakoutGameScreen,movePaddle,12,0,0.0,13,0.3846,0,1,1,0,30,2,12,0,0.8333333333333334,0,1,0,38,1.0,0,2.317073170731707,1,0,0.0,0,0.8014705882352942,0.8823529411764706,266,235,0.3125,16,4,5,1,0,4,7,0,4,0,0,4,0,0,0,0,45,0.7352941176470589,45,2.6470588235294117,17,5,4,0,5,12,0,5,2,1,0,0,0,0,0,20,20,8,569,484,4,0,8,203,3.588235294117647,22,0,505,22,73,23,10477
2025-07-11,24,com.serwylo.retrowars.games.breakout,BreakoutGameScreen,moveBall,1,0,0.0,2,0.5,0,1,1,0,4,0,1,0,0.8,0,1,0,6,1.0,0,4.0,1,0,0.0,0,0.8014705882352942,0.8823529411764706,266,235,0.3125,16,4,5,1,0,4,7,0,4,0,0,4,0,0,0,0,45,0.7352941176470589,45,2.6470588235294117,17,5,4,0,5,12,0,5,2,1,0,0,0,0,0,20,20,8,569,484,4,0,8,203,3.588235294117647,22,0,505,22,73,23,10477
2025-07-11,24,com.serwylo.retrowars.games.breakout,BreakoutGameScreen,breakBricks,5,5,0.0,3,1.0,0,1,1,0,19,3,5,0,1.0,0,1,0,13,0.2,0,2.0606060606060606,0,0,0.0,0,0.8014705882352942,0.8823529411764706,266,235,0.3125,16,4,5,1,0,4,7,0,4,0,0,4,0,0,0,0,45,0.7352941176470589,45,2.6470588235294117,17,5,4,0,5,12,0,5,2,1,0,0,0,0,0,20,20,8,569,484,4,0,8,203,3.588235294117647,22,0,505,22,73,23,10477
2025-07-11,24,com.serwylo.retrowars.games.breakout,BreakoutGameScreen,bounceOffPaddle,5,5,0.0,7,1.0,0,1,1,0,28,1,5,0,1.0,0,2,0,21,0.4,1,2.5161290322580645,0,0,0.0,0,0.8014705882352942,0.8823529411764706,266,235,0.3125,16,4,5,1,0,4,7,0,4,0,0,4,0,0,0,0,45,0.7352941176470589,45,2.6470588235294117,17,5,4,0,5,12,0,5,2,1,0,0,0,0,0,20,20,8,569,484,4,0,8,203,3.588235294117647,22,0,505,22,73,23,10477
2025-07-11,24,com.serwylo.retrowars.games.breakout,BreakoutGameScreen,bounceOffWalls,5,3,0.0,4,0.75,0,1,1,0,19,1,5,0,1.0,0,2,0,9,0.67,1,2.0,0,0,0.0,0,0.8014705882352942,0.8823529411764706,266,235,0.3125,16,4,5,1,0,4,7,0,4,0,0,4,0,0,0,0,45,0.7352941176470589,45,2.6470588235294117,17,5,4,0,5,12,0,5,2,1,0,0,0,0,0,20,20,8,569,484,4,0,8,203,3.588235294117647,22,0,505,22,73,23,10477
2025-07-11,24,com.serwylo.retrowars.games.breakout,BreakoutGameScreen,renderGame,7,1,1.0,8,0.625,0,1,1,0,23,1,7,1,0.9473684210526315,1,3,3,35,1.5,1,2.3333333333333335,1,1,0.0,0,0.8014705882352942,0.8823529411764706,266,235,0.3125,16,4,5,1,0,4,7,0,4,0,0,4,0,0,0,0,45,0.7352941176470589,45,2.6470588235294117,17,5,4,0,5,12,0,5,2,1,0,0,0,0,0,20,20,8,569,484,4,0,8,203,3.588235294117647,22,0,505,22,73,23,10477
2025-07-11,24,com.serwylo.retrowars.games.breakout,BreakoutGameScreen,onReceiveDamage,2,0,1.0,0,0.0,0,1,1,0,5,1,2,1,0.0,1,0,0,1,0.0,0,0.0,1,0,0.0,0,0.8014705882352942,0.8823529411764706,266,235,0.3125,16,4,5,1,0,4,7,0,4,0,0,4,0,0,0,0,45,0.7352941176470589,45,2.6470588235294117,17,5,4,0,5,12,0,5,2,1,0,0,0,0,0,20,20,8,569,484,4,0,8,203,3.588235294117647,22,0,505,22,73,23,10477
2025-07-11,24,com.serwylo.retrowars.games.breakout,BreakoutGameScreen,spawnNetworkEnemies,3,3,0.0,5,1.0,0,1,1,0,12,2,3,0,1.0,0,1,0,12,0.33,1,2.3333333333333335,0,0,0.0,0,0.8014705882352942,0.8823529411764706,266,235,0.3125,16,4,5,1,0,4,7,0,4,0,0,4,0,0,0,0,45,0.7352941176470589,45,2.6470588235294117,17,5,4,0,5,12,0,5,2,1,0,0,0,0,0,20,20,8,569,484,4,0,8,203,3.588235294117647,22,0,505,22,73,23,10477
2025-07-11,24,com.serwylo.retrowars.games.breakout,BreakoutGameScreen,show,1,0,0.0,2,1.0,0,1,1,0,18,0,1,0,1.0,0,1,1,10,1.0,0,2.625,0,0,0.0,0,0.8014705882352942,0.8823529411764706,266,235,0.3125,16,4,5,1,0,4,7,0,4,0,0,4,0,0,0,0,45,0.7352941176470589,45,2.6470588235294117,17,5,4,0,5,12,0,5,2,1,0,0,0,0,0,20,20,8,569,484,4,0,8,203,3.588235294117647,22,0,505,22,73,23,10477
2025-07-11,24,com.serwylo.retrowars.games.breakout,BreakoutSoundLibrary,hitFloor,1,0,0.0,0,0.0,1,0,1,0,1,0,1,0,0.0,0,0,0,1,0.0,0,0.0,0,0,0.0,0,0.0,0.25,9,4,0.0,4,0,0,1,0,0,0,0,0,0,0,0,0,0,0,0,4,1.0,4,1.0,4,0,0,0,4,0,0,4,0,1,0,0,0,0,0,4,4,8,569,484,4,0,0,4,1.0,22,0,505,22,73,23,10477
2025-07-11,24,com.serwylo.retrowars.games.breakout,BreakoutSoundLibrary,hitPaddle,1,0,0.0,0,0.0,1,0,1,0,1,0,1,0,0.0,0,0,0,1,0.0,0,0.0,0,0,0.0,0,0.0,0.25,9,4,0.0,4,0,0,1,0,0,0,0,0,0,0,0,0,0,0,0,4,1.0,4,1.0,4,0,0,0,4,0,0,4,0,1,0,0,0,0,0,4,4,8,569,484,4,0,0,4,1.0,22,0,505,22,73,23,10477
2025-07-11,24,com.serwylo.retrowars.games.breakout,BreakoutSoundLibrary,hitBrick,1,0,0.0,0,0.0,1,0,1,0,1,0,1,0,0.0,0,0,0,1,0.0,0,0.0,0,0,0.0,0,0.0,0.25,9,4,0.0,4,0,0,1,0,0,0,0,0,0,0,0,0,0,0,0,4,1.0,4,1.0,4,0,0,0,4,0,0,4,0,1,0,0,0,0,0,4,4,8,569,484,4,0,0,4,1.0,22,0,505,22,73,23,10477
2025-07-11,24,com.serwylo.retrowars.games.breakout,BreakoutSoundLibrary,finalLifeLost,1,0,0.0,0,0.0,1,0,1,0,1,0,1,0,0.0,0,0,0,1,0.0,0,0.0,0,0,0.0,0,0.0,0.25,9,4,0.0,4,0,0,1,0,0,0,0,0,0,0,0,0,0,0,0,4,1.0,4,1.0,4,0,0,0,4,0,0,4,0,1,0,0,0,0,0,4,4,8,569,484,4,0,0,4,1.0,22,0,505,22,73,23,10477
2025-07-11,24,com.serwylo.retrowars.games.breakout,BreakoutState,paddleLeft,1,0,0.0,0,0.0,0,0,1,0,1,0,1,0,1.0,0,2,0,0,2.0,0,0.0,0,0,0.0,0,1.0,1.0,82,2,0.0,2,25,0,0,25,1,0,0,0,0,25,24,11,11,12,0,2,0.0,2,1.0,2,0,0,0,0,0,0,0,0,2,0,0,0,0,0,2,2,8,569,484,4,0,0,0,1.0,22,0,505,22,73,23,10477
2025-07-11,24,com.serwylo.retrowars.games.breakout,BreakoutState,paddleRight,1,0,0.0,0,0.0,0,0,1,0,1,0,1,0,1.0,0,2,0,0,2.0,0,0.0,0,0,0.0,0,1.0,1.0,82,2,0.0,2,25,0,0,25,1,0,0,0,0,25,24,11,11,12,0,2,0.0,2,1.0,2,0,0,0,0,0,0,0,0,2,0,0,0,0,0,2,2,8,569,484,4,0,0,0,1.0,22,0,505,22,73,23,10477
2025-07-11,24,com.serwylo.retrowars.games.missilecommand,MissileCommandGameScreen,getSoundLibrary,1,0,0.0,0,0.0,0,1,1,0,1,0,1,0,1.0,0,1,0,0,1.0,0,0.0,0,0,0.0,0,0.8666666666666667,0.9,148,124,0.4444444444444444,9,2,5,1,0,6,6,0,2,0,0,3,1,1,0,0,24,0.8222222222222222,24,2.4,10,5,2,0,5,5,0,5,0,1,0,0,0,0,0,11,11,8,569,484,3,0,7,99,3.0,18,0,314,22,73,19,10477
2025-07-11,24,com.serwylo.retrowars.games.missilecommand,MissileCommandGameScreen,show,4,2,1.0,7,0.8571,0,1,1,0,18,1,4,1,1.0,1,2,1,19,1.0,1,2.3076923076923075,0,0,0.0,0,0.8666666666666667,0.9,148,124,0.4444444444444444,9,2,5,1,0,6,6,0,2,0,0,3,1,1,0,0,24,0.8222222222222222,24,2.4,10,5,2,0,5,5,0,5,0,1,0,0,0,0,0,11,11,8,569,484,3,0,7,99,3.0,18,0,314,22,73,19,10477
2025-07-11,24,com.serwylo.retrowars.games.missilecommand,MissileCommandGameScreen,fire,1,0,0.0,1,1.0,0,1,1,0,4,0,1,0,0.25,0,1,1,2,0.5,0,2.5,2,1,0.0,0,0.8666666666666667,0.9,148,124,0.4444444444444444,9,2,5,1,0,6,6,0,2,0,0,3,1,1,0,0,24,0.8222222222222222,24,2.4,10,5,2,0,5,5,0,5,0,1,0,0,0,0,0,11,11,8,569,484,3,0,7,99,3.0,18,0,314,22,73,19,10477
2025-07-11,24,com.serwylo.retrowars.games.missilecommand,MissileCommandGameScreen,updateGame,2,0,1.0,2,1.0,0,1,1,0,8,1,2,1,0.6,1,2,2,4,2.0,1,2.0,1,1,0.0,0,0.8666666666666667,0.9,148,124,0.4444444444444444,9,2,5,1,0,6,6,0,2,0,0,3,1,1,0,0,24,0.8222222222222222,24,2.4,10,5,2,0,5,5,0,5,0,1,0,0,0,0,0,11,11,8,569,484,3,0,7,99,3.0,18,0,314,22,73,19,10477
2025-07-11,24,com.serwylo.retrowars.games.missilecommand,MissileCommandGameScreen,renderGame,1,1,0.0,3,0.75,0,1,1,0,8,0,1,0,0.5454545454545454,0,1,2,11,0.5,0,2.25,1,2,0.0,0,0.8666666666666667,0.9,148,124,0.4444444444444444,9,2,5,1,0,6,6,0,2,0,0,3,1,1,0,0,24,0.8222222222222222,24,2.4,10,5,2,0,5,5,0,5,0,1,0,0,0,0,0,11,11,8,569,484,3,0,7,99,3.0,18,0,314,22,73,19,10477
2025-07-11,24,com.serwylo.retrowars.games.missilecommand,MissileCommandGameScreen,updateEntities,14,8,3.0,18,0.8148,0,1,1,0,51,2,14,4,0.8235294117647058,3,2,0,34,0.33,1,2.2777777777777777,1,0,0.0,0,0.8666666666666667,0.9,148,124,0.4444444444444444,9,2,5,1,0,6,6,0,2,0,0,3,1,1,0,0,24,0.8222222222222222,24,2.4,10,5,2,0,5,5,0,5,0,1,0,0,0,0,0,11,11,8,569,484,3,0,7,99,3.0,18,0,314,22,73,19,10477
2025-07-11,24,com.serwylo.retrowars.games.missilecommand,MissileCommandGameScreen,onReceiveDamage,2,1,1.0,1,1.0,0,1,1,0,7,1,2,2,0.6666666666666666,1,1,0,4,0.5,0,2.6666666666666665,1,0,0.0,0,0.8666666666666667,0.9,148,124,0.4444444444444444,9,2,5,1,0,6,6,0,2,0,0,3,1,1,0,0,24,0.8222222222222222,24,2.4,10,5,2,0,5,5,0,5,0,1,0,0,0,0,0,11,11,8,569,484,3,0,7,99,3.0,18,0,314,22,73,19,10477
2025-07-11,24,com.serwylo.retrowars.games.missilecommand,MissileCommandGameScreen,completeLevel,1,0,0.0,4,1.0,0,1,1,0,10,0,1,0,1.0,0,1,1,10,1.0,0,2.2,0,1,0.0,0,0.8666666666666667,0.9,148,124,0.4444444444444444,9,2,5,1,0,6,6,0,2,0,0,3,1,1,0,0,24,0.8222222222222222,24,2.4,10,5,2,0,5,5,0,5,0,1,0,0,0,0,0,11,11,8,569,484,3,0,7,99,3.0,18,0,314,22,73,19,10477
2025-07-11,24,com.serwylo.retrowars.games.missilecommand,MissileCommandGameScreen,fireEnemyMissile,3,4,0.0,5,0.8333,0,1,1,0,13,0,3,0,1.0,0,1,0,11,0.25,1,2.3636363636363638,0,0,0.0,0,0.8666666666666667,0.9,148,124,0.4444444444444444,9,2,5,1,0,6,6,0,2,0,0,3,1,1,0,0,24,0.8222222222222222,24,2.4,10,5,2,0,5,5,0,5,0,1,0,0,0,0,0,11,11,8,569,484,3,0,7,99,3.0,18,0,314,22,73,19,10477
2025-07-11,24,com.serwylo.retrowars.games.missilecommand,MissileCommandGameScreen,queueEnemyMissile,1,2,0.0,1,1.0,0,1,1,0,5,0,1,0,1.0,0,1,0,4,0.5,0,2.0,0,0,0.0,0,0.8666666666666667,0.9,148,124,0.4444444444444444,9,2,5,1,0,6,6,0,2,0,0,3,1,1,0,0,24,0.8222222222222222,24,2.4,10,5,2,0,5,5,0,5,0,1,0,0,0,0,0,11,11,8,569,484,3,0,7,99,3.0,18,0,314,22,73,19,10477
2025-07-11,24,com.serwylo.retrowars.games.missilecommand,MissileCommandGameState,shouldFireEnemyMissile,1,0,0.0,0,0.0,0,0,1,0,1,0,1,0,1.0,0,2,0,0,2.0,0,0.0,0,0,0.0,0,0.0,0.0,51,2,0.0,2,11,0,0,11,0,0,0,0,0,11,14,8,8,5,0,2,1.0,2,1.0,2,0,11,0,2,0,0,2,0,1,0,0,0,0,0,2,2,8,569,484,3,0,0,0,1.0,18,0,314,22,73,19,10477
2025-07-11,24,com.serwylo.retrowars.games.missilecommand,MissileCommandGameState,anyCitiesAlive,1,0,0.0,0,0.0,0,0,1,0,1,0,1,0,1.0,0,1,0,0,1.0,0,2.0,0,0,0.0,0,0.0,0.0,51,2,0.0,2,11,0,0,11,0,0,0,0,0,11,14,8,8,5,0,2,1.0,2,1.0,2,0,11,0,2,0,0,2,0,1,0,0,0,0,0,2,2,8,569,484,3,0,0,0,1.0,18,0,314,22,73,19,10477
2025-07-11,24,com.serwylo.retrowars.games.missilecommand,MissileCommandSoundLibrary,fireEnemy,1,0,0.0,0,0.0,1,0,1,0,1,0,1,0,0.0,0,0,0,1,0.0,0,0.0,0,0,0.0,0,0.0,0.0,15,7,0.0,7,0,0,1,0,0,0,0,0,0,0,0,0,0,0,0,7,1.0,7,1.0,7,0,0,0,7,0,0,7,0,1,0,0,0,0,0,7,7,8,569,484,3,0,0,7,1.0,18,0,314,22,73,19,10477
2025-07-11,24,com.serwylo.retrowars.games.missilecommand,MissileCommandSoundLibrary,firePlayer,1,0,0.0,0,0.0,1,0,1,0,1,0,1,0,0.0,0,0,0,1,0.0,0,0.0,0,0,0.0,0,0.0,0.0,15,7,0.0,7,0,0,1,0,0,0,0,0,0,0,0,0,0,0,0,7,1.0,7,1.0,7,0,0,0,7,0,0,7,0,1,0,0,0,0,0,7,7,8,569,484,3,0,0,7,1.0,18,0,314,22,73,19,10477
2025-07-11,24,com.serwylo.retrowars.games.missilecommand,MissileCommandSoundLibrary,fireNoAmmunition,1,0,0.0,0,0.0,1,0,1,0,1,0,1,0,0.0,0,0,0,1,0.0,0,0.0,0,0,0.0,0,0.0,0.0,15,7,0.0,7,0,0,1,0,0,0,0,0,0,0,0,0,0,0,0,7,1.0,7,1.0,7,0,0,0,7,0,0,7,0,1,0,0,0,0,0,7,7,8,569,484,3,0,0,7,1.0,18,0,314,22,73,19,10477
2025-07-11,24,com.serwylo.retrowars.games.missilecommand,MissileCommandSoundLibrary,hitCity,1,0,0.0,0,0.0,1,0,1,0,1,0,1,0,0.0,0,0,0,1,0.0,0,0.0,0,0,0.0,0,0.0,0.0,15,7,0.0,7,0,0,1,0,0,0,0,0,0,0,0,0,0,0,0,7,1.0,7,1.0,7,0,0,0,7,0,0,7,0,1,0,0,0,0,0,7,7,8,569,484,3,0,0,7,1.0,18,0,314,22,73,19,10477
2025-07-11,24,com.serwylo.retrowars.games.missilecommand,MissileCommandSoundLibrary,hitMissile,1,0,0.0,0,0.0,1,0,1,0,1,0,1,0,0.0,0,0,0,1,0.0,0,0.0,0,0,0.0,0,0.0,0.0,15,7,0.0,7,0,0,1,0,0,0,0,0,0,0,0,0,0,0,0,7,1.0,7,1.0,7,0,0,0,7,0,0,7,0,1,0,0,0,0,0,7,7,8,569,484,3,0,0,7,1.0,18,0,314,22,73,19,10477
2025-07-11,24,com.serwylo.retrowars.games.missilecommand,MissileCommandSoundLibrary,hitNothing,1,0,0.0,0,0.0,1,0,1,0,1,0,1,0,0.0,0,0,0,1,0.0,0,0.0,0,0,0.0,0,0.0,0.0,15,7,0.0,7,0,0,1,0,0,0,0,0,0,0,0,0,0,0,0,7,1.0,7,1.0,7,0,0,0,7,0,0,7,0,1,0,0,0,0,0,7,7,8,569,484,3,0,0,7,1.0,18,0,314,22,73,19,10477
2025-07-11,24,com.serwylo.retrowars.games.missilecommand,MissileCommandSoundLibrary,allCitiesHit,1,0,0.0,0,0.0,1,0,1,0,1,0,1,0,0.0,0,0,0,1,0.0,0,0.0,0,0,0.0,0,0.0,0.0,15,7,0.0,7,0,0,1,0,0,0,0,0,0,0,0,0,0,0,0,7,1.0,7,1.0,7,0,0,0,7,0,0,7,0,1,0,0,0,0,0,7,7,8,569,484,3,0,0,7,1.0,18,0,314,22,73,19,10477
2025-07-11,24,com.serwylo.retrowars.games.missilecommand.entities,City,render,1,0,0.0,6,0.1667,0,0,1,0,10,0,1,0,0.1,0,1,3,11,0.5,1,2.272727272727273,2,1,0.0,0,0.0,1.0,24,10,0.0,1,1,0,0,1,2,1,0,0,0,2,4,4,4,1,0,1,0.0,1,1.0,1,0,1,0,1,0,0,1,0,1,0,0,0,0,0,1,1,8,569,484,6,0,3,11,1.0,6,0,197,22,73,6,10477
2025-07-11,24,com.serwylo.retrowars.games.missilecommand.entities,Explosion,update,1,0,0.0,0,0.0,0,2,1,0,3,0,1,0,0.5,0,1,0,0,1.0,0,0.0,1,0,0.0,0,0.5,0.5,31,4,0.0,2,2,2,1,0,2,0,1,5,0,0,3,3,3,2,0,4,0.5,4,1.0,4,2,2,0,4,0,0,4,0,1,0,0,1,0,1,4,5,8,569,484,6,0,0,0,1.0,6,0,197,22,73,6,10477
2025-07-11,24,com.serwylo.retrowars.games.missilecommand.entities,Explosion,hasReachedMaxSize,1,0,0.0,0,0.0,0,2,1,0,1,0,1,0,1.0,0,1,0,0,1.0,0,0.0,0,0,0.0,0,0.5,0.5,31,4,0.0,2,2,2,1,0,2,0,1,5,0,0,3,3,3,2,0,4,0.5,4,1.0,4,2,2,0,4,0,0,4,0,1,0,0,1,0,1,4,5,8,569,484,6,0,0,0,1.0,6,0,197,22,73,6,10477
2025-07-11,24,com.serwylo.retrowars.games.missilecommand.entities,Explosion,getPosition,1,0,0.0,0,0.0,0,2,1,0,1,0,1,0,1.0,0,1,0,0,1.0,0,0.0,0,0,0.0,0,0.5,0.5,31,4,0.0,2,2,2,1,0,2,0,1,5,0,0,3,3,3,2,0,4,0.5,4,1.0,4,2,2,0,4,0,0,4,0,1,0,0,1,0,1,4,5,8,569,484,6,0,0,0,1.0,6,0,197,22,73,6,10477
2025-07-11,24,com.serwylo.retrowars.games.missilecommand.entities,Explosion,renderBulk,1,0,0.0,0,0.0,0,2,1,0,1,0,1,0,1.0,0,1,0,0,1.0,0,0.0,0,0,0.0,0,0.5,0.5,31,4,0.0,2,2,2,1,0,2,0,1,5,0,0,3,3,3,2,0,4,0.5,4,1.0,4,2,2,0,4,0,0,4,0,1,0,0,1,0,1,4,5,8,569,484,6,1,0,0,1.0,6,0,197,22,73,6,10477
2025-07-11,24,com.serwylo.retrowars.games.missilecommand.entities,Turret,render,2,4,0.0,6,0.1667,0,0,1,0,18,1,2,0,0.08333333333333333,0,1,3,12,0.17,1,2.2142857142857144,2,1,0.0,0,0.0,1.0,32,18,0.0,1,1,0,0,1,2,1,0,0,0,1,4,4,4,1,0,2,0.0,2,2.0,1,0,1,0,1,0,0,1,0,1,0,0,0,0,0,1,1,8,569,484,6,0,3,12,2.0,6,0,197,22,73,6,10477
2025-07-11,24,com.serwylo.retrowars.games.snake,SnakeGameScreen,getSoundLibrary,1,0,0.0,0,0.0,0,1,1,0,1,0,1,0,1.0,0,1,0,0,1.0,0,0.0,0,0,0.0,0,0.4888888888888889,0.8,110,89,0.2222222222222222,9,2,5,1,0,5,6,0,2,0,0,3,1,1,0,0,15,0.9555555555555556,16,1.6,10,5,2,0,5,5,0,5,0,1,0,0,0,0,0,10,10,8,569,484,4,0,9,75,4.111111111111111,12,0,241,22,73,13,10477
2025-07-11,24,com.serwylo.retrowars.games.snake,SnakeGameScreen,show,1,0,0.0,1,1.0,0,1,1,0,3,0,1,0,0.0,0,0,1,2,0.0,0,3.0,0,0,0.0,0,0.4888888888888889,0.8,110,89,0.2222222222222222,9,2,5,1,0,5,6,0,2,0,0,3,1,1,0,0,15,0.9555555555555556,16,1.6,10,5,2,0,5,5,0,5,0,1,0,0,0,0,0,10,10,8,569,484,4,0,9,75,4.111111111111111,12,0,241,22,73,13,10477
2025-07-11,24,com.serwylo.retrowars.games.snake,SnakeGameScreen,updateGame,2,0,2.0,2,1.0,0,1,1,0,9,1,2,2,0.3333333333333333,2,1,4,2,1.0,1,2.0,1,3,0.0,0,0.4888888888888889,0.8,110,89,0.2222222222222222,9,2,5,1,0,5,6,0,2,0,0,3,1,1,0,0,15,0.9555555555555556,16,1.6,10,5,2,0,5,5,0,5,0,1,0,0,0,0,0,10,10,8,569,484,4,0,9,75,4.111111111111111,12,0,241,22,73,13,10477
2025-07-11,24,com.serwylo.retrowars.games.snake,SnakeGameScreen,decideNextDirection,9,4,0.0,2,1.0,0,1,1,0,15,1,9,0,1.0,0,1,0,12,0.25,0,2.4,0,0,0.0,0,0.4888888888888889,0.8,110,89,0.2222222222222222,9,2,5,1,0,5,6,0,2,0,0,3,1,1,0,0,15,0.9555555555555556,16,1.6,10,5,2,0,5,5,0,5,0,1,0,0,0,0,0,10,10,8,569,484,4,0,9,75,4.111111111111111,12,0,241,22,73,13,10477
2025-07-11,24,com.serwylo.retrowars.games.snake,SnakeGameScreen,moveSnake,7,2,3.0,9,0.7,0,1,1,0,27,1,7,3,1.0,3,2,0,18,1.0,1,2.3684210526315788,0,0,0.0,0,0.4888888888888889,0.8,110,89,0.2222222222222222,9,2,5,1,0,5,6,0,2,0,0,3,1,1,0,0,15,0.9555555555555556,16,1.6,10,5,2,0,5,5,0,5,0,1,0,0,0,0,0,10,10,8,569,484,4,0,9,75,4.111111111111111,12,0,241,22,73,13,10477
2025-07-11,24,com.serwylo.retrowars.games.snake,SnakeGameScreen,moveTo,10,0,0.0,4,0.25,0,1,1,0,6,1,10,0,0.23529411764705882,0,1,0,18,0.5,0,2.375,2,0,0.0,0,0.4888888888888889,0.8,110,89,0.2222222222222222,9,2,5,1,0,5,6,0,2,0,0,3,1,1,0,0,15,0.9555555555555556,16,1.6,10,5,2,0,5,5,0,5,0,1,0,0,0,0,0,10,10,8,569,484,4,0,9,75,4.111111111111111,12,0,241,22,73,13,10477
2025-07-11,24,com.serwylo.retrowars.games.snake,SnakeGameScreen,increaseSpeed,0,0,0.0,0,0.0,0,1,1,0,0,0,0,0,0.0,0,0,0,0,0.0,0,0.0,0,0,0.0,0,0.4888888888888889,0.8,110,89,0.2222222222222222,9,2,5,1,0,5,6,0,2,0,0,3,1,1,0,0,15,0.9555555555555556,16,1.6,10,5,2,0,5,5,0,5,0,1,0,0,0,0,0,10,10,8,569,484,4,0,9,75,4.111111111111111,12,0,241,22,73,13,10477
2025-07-11,24,com.serwylo.retrowars.games.snake,SnakeGameScreen,spawnFood,3,2,0.0,3,1.0,0,1,1,0,7,0,3,0,1.0,0,1,0,7,0.5,0,2.8,0,0,0.0,0,0.4888888888888889,0.8,110,89,0.2222222222222222,9,2,5,1,0,5,6,0,2,0,0,3,1,1,0,0,15,0.9555555555555556,16,1.6,10,5,2,0,5,5,0,5,0,1,0,0,0,0,0,10,10,8,569,484,4,0,9,75,4.111111111111111,12,0,241,22,73,13,10477
2025-07-11,24,com.serwylo.retrowars.games.snake,SnakeGameScreen,onReceiveDamage,1,0,0.0,0,0.0,0,1,1,0,3,0,1,0,0.5,0,1,1,0,1.0,0,2.0,1,0,0.0,0,0.4888888888888889,0.8,110,89,0.2222222222222222,9,2,5,1,0,5,6,0,2,0,0,3,1,1,0,0,15,0.9555555555555556,16,1.6,10,5,2,0,5,5,0,5,0,1,0,0,0,0,0,10,10,8,569,484,4,0,9,75,4.111111111111111,12,0,241,22,73,13,10477
2025-07-11,24,com.serwylo.retrowars.games.snake,SnakeGameScreen,renderGame,3,5,0.0,4,0.25,0,1,1,0,19,0,3,0,0.8571428571428571,0,1,3,16,0.17,1,2.5652173913043477,1,1,0.0,0,0.4888888888888889,0.8,110,89,0.2222222222222222,9,2,5,1,0,5,6,0,2,0,0,3,1,1,0,0,15,0.9555555555555556,16,1.6,10,5,2,0,5,5,0,5,0,1,0,0,0,0,0,10,10,8,569,484,4,0,9,75,4.111111111111111,12,0,241,22,73,13,10477
2025-07-11,24,com.serwylo.retrowars.games.snake,SnakeSoundLibrary,tick,1,0,0.0,0,0.0,1,0,1,0,1,0,1,0,0.0,0,0,0,1,0.0,0,0.0,0,0,0.0,0,0.0,0.0,7,3,0.0,3,0,0,1,0,0,0,0,0,0,0,0,0,0,0,0,3,1.0,3,1.0,3,0,0,0,3,0,0,3,0,1,0,0,0,0,0,3,3,8,569,484,4,0,0,3,1.0,12,0,241,22,73,13,10477
2025-07-11,24,com.serwylo.retrowars.games.snake,SnakeSoundLibrary,eat,1,0,0.0,0,0.0,1,0,1,0,1,0,1,0,0.0,0,0,0,1,0.0,0,0.0,0,0,0.0,0,0.0,0.0,7,3,0.0,3,0,0,1,0,0,0,0,0,0,0,0,0,0,0,0,3,1.0,3,1.0,3,0,0,0,3,0,0,3,0,1,0,0,0,0,0,3,3,8,569,484,4,0,0,3,1.0,12,0,241,22,73,13,10477
2025-07-11,24,com.serwylo.retrowars.games.snake,SnakeSoundLibrary,hit,1,0,0.0,0,0.0,1,0,1,0,1,0,1,0,0.0,0,0,0,1,0.0,0,0.0,0,0,0.0,0,0.0,0.0,7,3,0.0,3,0,0,1,0,0,0,0,0,0,0,0,0,0,0,0,3,1.0,3,1.0,3,0,0,0,3,0,0,3,0,1,0,0,0,0,0,3,3,8,569,484,4,0,0,3,1.0,12,0,241,22,73,13,10477
2025-07-11,24,com.serwylo.retrowars.games.spaceinvaders,SpaceInvadersGameScreen,getSoundLibrary,1,0,0.0,0,0.0,0,2,1,0,1,0,1,0,1.0,0,1,0,0,1.0,0,0.0,0,0,0.0,0,0.6403162055335968,0.9130434782608695,330,289,0.3333333333333333,21,4,5,1,0,9,12,0,4,0,0,4,0,0,0,0,62,0.6324110671936759,62,2.6956521739130435,23,5,4,0,5,18,0,5,0,1,0,0,0,0,0,23,23,8,569,484,10,0,18,288,4.043478260869565,32,0,844,22,73,36,10477
2025-07-11,24,com.serwylo.retrowars.games.spaceinvaders,SpaceInvadersGameScreen,updateGame,11,0,4.0,15,0.4667,0,2,1,0,42,3,11,4,0.8378378378378378,5,3,3,31,3.0,1,2.2195121951219514,1,2,0.0,0,0.6403162055335968,0.9130434782608695,330,289,0.3333333333333333,21,4,5,1,0,9,12,0,4,0,0,4,0,0,0,0,62,0.6324110671936759,62,2.6956521739130435,23,5,4,0,5,18,0,5,0,1,0,0,0,0,0,23,23,8,569,484,10,0,18,288,4.043478260869565,32,0,844,22,73,36,10477
2025-07-11,24,com.serwylo.retrowars.games.spaceinvaders,SpaceInvadersGameScreen,isLowestRowAtTheBottom,1,1,0.0,1,1.0,0,2,1,0,4,0,1,0,1.0,0,1,0,4,1.0,0,2.2,0,0,0.0,0,0.6403162055335968,0.9130434782608695,330,289,0.3333333333333333,21,4,5,1,0,9,12,0,4,0,0,4,0,0,0,0,62,0.6324110671936759,62,2.6956521739130435,23,5,4,0,5,18,0,5,0,1,0,0,0,0,0,23,23,8,569,484,10,0,18,288,4.043478260869565,32,0,844,22,73,36,10477
2025-07-11,24,com.serwylo.retrowars.games.spaceinvaders,SpaceInvadersGameScreen,renderPlayer,1,0,0.0,3,0.3333,0,2,1,0,6,0,1,0,0.5555555555555556,0,1,2,10,1.0,1,2.3333333333333335,1,1,0.0,0,0.6403162055335968,0.9130434782608695,330,289,0.3333333333333333,21,4,5,1,0,9,12,0,4,0,0,4,0,0,0,0,62,0.6324110671936759,62,2.6956521739130435,23,5,4,0,5,18,0,5,0,1,0,0,0,0,0,23,23,8,569,484,10,0,18,288,4.043478260869565,32,0,844,22,73,36,10477
2025-07-11,24,com.serwylo.retrowars.games.spaceinvaders,SpaceInvadersGameScreen,renderGame,6,1,3.0,10,0.5,0,2,1,0,25,1,6,4,0.8333333333333334,3,3,4,37,1.5,1,2.3333333333333335,1,2,0.0,0,0.6403162055335968,0.9130434782608695,330,289,0.3333333333333333,21,4,5,1,0,9,12,0,4,0,0,4,0,0,0,0,62,0.6324110671936759,62,2.6956521739130435,23,5,4,0,5,18,0,5,0,1,0,0,0,0,0,23,23,8,569,484,10,0,18,288,4.043478260869565,32,0,844,22,73,36,10477
2025-07-11,24,com.serwylo.retrowars.games.spaceinvaders,SpaceInvadersGameScreen,redrawLives,2,0,0.0,3,0.6667,0,2,1,0,6,1,2,0,1.0,0,2,0,7,2.0,1,2.75,0,0,0.0,0,0.6403162055335968,0.9130434782608695,330,289,0.3333333333333333,21,4,5,1,0,9,12,0,4,0,0,4,0,0,0,0,62,0.6324110671936759,62,2.6956521739130435,23,5,4,0,5,18,0,5,0,1,0,0,0,0,0,23,23,8,569,484,10,0,18,288,4.043478260869565,32,0,844,22,73,36,10477
2025-07-11,24,com.serwylo.retrowars.games.spaceinvaders,SpaceInvadersGameScreen,renderBullet,1,0,0.0,1,1.0,0,2,1,0,3,0,1,0,0.5,0,1,1,6,0.5,0,2.2,2,1,0.0,0,0.6403162055335968,0.9130434782608695,330,289,0.3333333333333333,21,4,5,1,0,9,12,0,4,0,0,4,0,0,0,0,62,0.6324110671936759,62,2.6956521739130435,23,5,4,0,5,18,0,5,0,1,0,0,0,0,0,23,23,8,569,484,10,0,18,288,4.043478260869565,32,0,844,22,73,36,10477
2025-07-11,24,com.serwylo.retrowars.games.spaceinvaders,SpaceInvadersGameScreen,show,1,0,0.0,1,1.0,0,2,1,0,3,0,1,0,0.0,0,0,1,2,0.0,0,3.0,0,0,0.0,0,0.6403162055335968,0.9130434782608695,330,289,0.3333333333333333,21,4,5,1,0,9,12,0,4,0,0,4,0,0,0,0,62,0.6324110671936759,62,2.6956521739130435,23,5,4,0,5,18,0,5,0,1,0,0,0,0,0,23,23,8,569,484,10,0,18,288,4.043478260869565,32,0,844,22,73,36,10477
2025-07-11,24,com.serwylo.retrowars.games.spaceinvaders,SpaceInvadersGameScreen,onReceiveDamage,3,0,1.0,0,0.0,0,2,1,0,7,2,3,1,0.0,1,0,0,1,0.0,0,0.0,1,0,0.0,0,0.6403162055335968,0.9130434782608695,330,289,0.3333333333333333,21,4,5,1,0,9,12,0,4,0,0,4,0,0,0,0,62,0.6324110671936759,62,2.6956521739130435,23,5,4,0,5,18,0,5,0,1,0,0,0,0,0,23,23,8,569,484,10,0,18,288,4.043478260869565,32,0,844,22,73,36,10477
2025-07-11,24,com.serwylo.retrowars.games.spaceinvaders,SpaceInvadersGameScreen,spawnNetworkEnemy,7,10,0.0,6,0.8889,0,2,1,0,28,1,7,0,1.0,0,1,0,39,0.11,1,2.2641509433962264,0,0,0.0,0,0.6403162055335968,0.9130434782608695,330,289,0.3333333333333333,21,4,5,1,0,9,12,0,4,0,0,4,0,0,0,0,62,0.6324110671936759,62,2.6956521739130435,23,5,4,0,5,18,0,5,0,1,0,0,0,0,0,23,23,8,569,484,10,0,18,288,4.043478260869565,32,0,844,22,73,36,10477
2025-07-11,24,com.serwylo.retrowars.games.spaceinvaders,SpaceInvadersGameScreen,countEnemies,1,0,0.0,1,1.0,0,2,1,0,1,0,1,0,1.0,0,1,0,5,1.0,0,2.6666666666666665,0,0,0.0,0,0.6403162055335968,0.9130434782608695,330,289,0.3333333333333333,21,4,5,1,0,9,12,0,4,0,0,4,0,0,0,0,62,0.6324110671936759,62,2.6956521739130435,23,5,4,0,5,18,0,5,0,1,0,0,0,0,0,23,23,8,569,484,10,0,18,288,4.043478260869565,32,0,844,22,73,36,10477
2025-07-11,24,com.serwylo.retrowars.games.spaceinvaders,SpaceInvadersGameScreen,updateBullets,11,2,4.0,8,0.875,0,2,1,0,31,2,11,1,0.9090909090909091,4,2,0,23,0.67,1,2.0588235294117645,1,0,0.0,0,0.6403162055335968,0.9130434782608695,330,289,0.3333333333333333,21,4,5,1,0,9,12,0,4,0,0,4,0,0,0,0,62,0.6324110671936759,62,2.6956521739130435,23,5,4,0,5,18,0,5,0,1,0,0,0,0,0,23,23,8,569,484,10,0,18,288,4.043478260869565,32,0,844,22,73,36,10477
2025-07-11,24,com.serwylo.retrowars.games.spaceinvaders,SpaceInvadersGameScreen,checkBulletBarrierCollision,8,6,1.0,7,1.0,0,2,1,0,16,2,8,1,0.3333333333333333,1,2,0,26,0.25,1,2.4193548387096775,2,0,0.0,0,0.6403162055335968,0.9130434782608695,330,289,0.3333333333333333,21,4,5,1,0,9,12,0,4,0,0,4,0,0,0,0,62,0.6324110671936759,62,2.6956521739130435,23,5,4,0,5,18,0,5,0,1,0,0,0,0,0,23,23,8,569,484,10,0,18,288,4.043478260869565,32,0,844,22,73,36,10477
2025-07-11,24,com.serwylo.retrowars.games.spaceinvaders,SpaceInvadersGameScreen,applyBarrierDamage,2,0,0.0,3,1.0,0,2,1,0,6,0,2,0,0.08333333333333333,0,1,1,11,0.25,0,2.625,4,1,0.0,0,0.6403162055335968,0.9130434782608695,330,289,0.3333333333333333,21,4,5,1,0,9,12,0,4,0,0,4,0,0,0,0,62,0.6324110671936759,62,2.6956521739130435,23,5,4,0,5,18,0,5,0,1,0,0,0,0,0,23,23,8,569,484,10,0,18,288,4.043478260869565,32,0,844,22,73,36,10477
2025-07-11,24,com.serwylo.retrowars.games.spaceinvaders,SpaceInvadersGameScreen,checkPlayerBulletCollision,5,2,1.0,3,1.0,0,2,1,0,17,3,5,1,0.5555555555555556,1,1,0,11,0.33,0,2.1,1,0,0.0,0,0.6403162055335968,0.9130434782608695,330,289,0.3333333333333333,21,4,5,1,0,9,12,0,4,0,0,4,0,0,0,0,62,0.6324110671936759,62,2.6956521739130435,23,5,4,0,5,18,0,5,0,1,0,0,0,0,0,23,23,8,569,484,10,0,18,288,4.043478260869565,32,0,844,22,73,36,10477
2025-07-11,24,com.serwylo.retrowars.games.spaceinvaders,SpaceInvadersGameScreen,onEnemyHit,1,0,0.0,1,1.0,0,2,1,0,3,0,1,0,0.0,0,0,1,1,0.0,0,2.0,0,1,0.0,0,0.6403162055335968,0.9130434782608695,330,289,0.3333333333333333,21,4,5,1,0,9,12,0,4,0,0,4,0,0,0,0,62,0.6324110671936759,62,2.6956521739130435,23,5,4,0,5,18,0,5,0,1,0,0,0,0,0,23,23,8,569,484,10,0,18,288,4.043478260869565,32,0,844,22,73,36,10477
2025-07-11,24,com.serwylo.retrowars.games.spaceinvaders,SpaceInvadersGameScreen,onPlayerHit,3,0,0.0,2,1.0,0,2,1,0,9,1,3,0,1.0,0,2,0,3,2.0,1,2.0,0,0,0.0,0,0.6403162055335968,0.9130434782608695,330,289,0.3333333333333333,21,4,5,1,0,9,12,0,4,0,0,4,0,0,0,0,62,0.6324110671936759,62,2.6956521739130435,23,5,4,0,5,18,0,5,0,1,0,0,0,0,0,23,23,8,569,484,10,0,18,288,4.043478260869565,32,0,844,22,73,36,10477
2025-07-11,24,com.serwylo.retrowars.games.spaceinvaders,SpaceInvadersGameScreen,maybeSpawnEnemyBullet,6,2,0.0,7,0.8571,0,2,1,0,23,1,6,0,0.9090909090909091,0,2,3,20,1.0,1,2.5,1,1,0.0,0,0.6403162055335968,0.9130434782608695,330,289,0.3333333333333333,21,4,5,1,0,9,12,0,4,0,0,4,0,0,0,0,62,0.6324110671936759,62,2.6956521739130435,23,5,4,0,5,18,0,5,0,1,0,0,0,0,0,23,23,8,569,484,10,0,18,288,4.043478260869565,32,0,844,22,73,36,10477
2025-07-11,24,com.serwylo.retrowars.games.spaceinvaders,SpaceInvadersGameScreen,moveEnemies,7,4,4.0,7,0.75,0,2,1,0,27,2,7,2,0.9375,4,2,1,24,0.4,2,2.3181818181818183,1,0,0.0,0,0.6403162055335968,0.9130434782608695,330,289,0.3333333333333333,21,4,5,1,0,9,12,0,4,0,0,4,0,0,0,0,62,0.6324110671936759,62,2.6956521739130435,23,5,4,0,5,18,0,5,0,1,0,0,0,0,0,23,23,8,569,484,10,0,18,288,4.043478260869565,32,0,844,22,73,36,10477
2025-07-11,24,com.serwylo.retrowars.games.spaceinvaders,SpaceInvadersGameScreen,shouldEnemiesDrop,3,2,0.0,1,1.0,0,2,1,0,7,0,3,0,1.0,0,1,0,4,1.0,0,2.176470588235294,0,0,0.0,0,0.6403162055335968,0.9130434782608695,330,289,0.3333333333333333,21,4,5,1,0,9,12,0,4,0,0,4,0,0,0,0,62,0.6324110671936759,62,2.6956521739130435,23,5,4,0,5,18,0,5,0,1,0,0,0,0,0,23,23,8,569,484,10,0,18,288,4.043478260869565,32,0,844,22,73,36,10477
2025-07-11,24,com.serwylo.retrowars.games.spaceinvaders,SpaceInvadersGameScreen,shuffleEnemyRowAcross,3,0,0.0,1,1.0,0,2,1,0,7,0,3,0,0.75,0,1,1,4,1.0,0,2.142857142857143,1,1,0.0,0,0.6403162055335968,0.9130434782608695,330,289,0.3333333333333333,21,4,5,1,0,9,12,0,4,0,0,4,0,0,0,0,62,0.6324110671936759,62,2.6956521739130435,23,5,4,0,5,18,0,5,0,1,0,0,0,0,0,23,23,8,569,484,10,0,18,288,4.043478260869565,32,0,844,22,73,36,10477
2025-07-11,24,com.serwylo.retrowars.games.spaceinvaders,SpaceInvadersGameScreen,dropEnemyRow,3,0,0.0,1,1.0,0,2,1,0,4,0,3,0,1.0,0,1,0,5,1.0,0,2.111111111111111,0,0,0.0,0,0.6403162055335968,0.9130434782608695,330,289,0.3333333333333333,21,4,5,1,0,9,12,0,4,0,0,4,0,0,0,0,62,0.6324110671936759,62,2.6956521739130435,23,5,4,0,5,18,0,5,0,1,0,0,0,0,0,23,23,8,569,484,10,0,18,288,4.043478260869565,32,0,844,22,73,36,10477
2025-07-11,24,com.serwylo.retrowars.games.spaceinvaders,SpaceInvadersGameScreen,updatePlayer,6,1,0.0,7,0.4286,0,2,1,0,18,2,6,0,0.9473684210526315,0,2,0,14,1.0,1,2.0,1,0,0.0,0,0.6403162055335968,0.9130434782608695,330,289,0.3333333333333333,21,4,5,1,0,9,12,0,4,0,0,4,0,0,0,0,62,0.6324110671936759,62,2.6956521739130435,23,5,4,0,5,18,0,5,0,1,0,0,0,0,0,23,23,8,569,484,10,0,18,288,4.043478260869565,32,0,844,22,73,36,10477
2025-07-11,24,com.serwylo.retrowars.games.spaceinvaders,SpaceInvadersGameState,spawnBarriers,2,3,0.0,4,1.0,0,0,1,0,9,1,2,0,0.8333333333333334,0,3,0,14,0.75,1,2.25,1,0,0.0,0,1.0,1.0,124,19,0.3333333333333333,3,26,0,0,26,4,0,0,0,0,29,25,15,15,16,0,4,0.0,4,1.3333333333333333,3,0,0,0,0,0,0,0,0,8,0,0,0,0,0,3,3,8,569,484,10,0,0,20,1.0,32,0,844,22,73,36,10477
2025-07-11,24,com.serwylo.retrowars.games.spaceinvaders,SpaceInvadersGameState,spawnEnemies,1,2,1.0,4,1.0,0,0,1,0,7,0,1,1,1.0,1,4,0,4,2.0,1,2.0,0,0,0.0,0,1.0,1.0,124,19,0.3333333333333333,3,26,0,0,26,4,0,0,0,0,29,25,15,15,16,0,4,0.0,4,1.3333333333333333,3,0,0,0,0,0,0,0,0,8,0,0,0,0,0,3,3,8,569,484,10,0,0,20,1.0,32,0,844,22,73,36,10477
2025-07-11,24,com.serwylo.retrowars.games.spaceinvaders,SpaceInvadersGameState,spawnEnemyRow,1,0,0.0,1,1.0,0,0,1,0,3,0,1,0,0.25,0,2,0,2,0.5,0,2.0,4,0,0.0,0,1.0,1.0,124,19,0.3333333333333333,3,26,0,0,26,4,0,0,0,0,29,25,15,15,16,0,4,0.0,4,1.3333333333333333,3,0,0,0,0,0,0,0,0,8,0,0,0,0,0,3,3,8,569,484,10,0,0,20,1.0,32,0,844,22,73,36,10477
2025-07-11,24,com.serwylo.retrowars.games.spaceinvaders,EnemyRow,countEnemies,1,0,0.0,0,0.0,0,2,1,0,1,0,1,0,0.0,0,0,0,0,0.0,0,2.0,0,0,0.0,0,0.0,1.0,7,1,0.0,3,0,0,0,0,0,0,0,0,0,0,0,0,0,0,0,3,0.6666666666666667,3,1.0,3,0,0,0,0,0,0,0,0,8,0,0,0,0,0,3,3,8,569,484,10,0,0,20,1.0,32,0,844,22,73,36,10477
2025-07-11,24,com.serwylo.retrowars.games.spaceinvaders,EnemyRow,isEmpty,1,0,0.0,0,0.0,0,2,1,0,1,0,1,0,0.0,0,0,0,0,0.0,0,2.0,0,0,0.0,0,0.0,1.0,7,1,0.0,3,0,0,0,0,0,0,0,0,0,0,0,0,0,0,0,3,0.6666666666666667,3,1.0,3,0,0,0,0,0,0,0,0,8,0,0,0,0,0,3,3,8,569,484,10,0,0,20,1.0,32,0,844,22,73,36,10477
2025-07-11,24,com.serwylo.retrowars.games.spaceinvaders,EnemyRow,isNotEmpty,1,0,0.0,0,0.0,0,2,1,0,1,0,1,0,0.0,0,0,0,0,0.0,0,2.0,0,0,0.0,0,0.0,1.0,7,1,0.0,3,0,0,0,0,0,0,0,0,0,0,0,0,0,0,0,3,0.6666666666666667,3,1.0,3,0,0,0,0,0,0,0,0,8,0,0,0,0,0,3,3,8,569,484,10,0,0,20,1.0,32,0,844,22,73,36,10477
2025-07-11,24,com.serwylo.retrowars.games.spaceinvaders,SpaceInvadersSoundLibrary,tick,1,0,0.0,0,0.0,1,0,1,0,1,0,1,0,0.0,0,0,0,1,0.0,0,0.0,0,0,0.0,0,0.0,0.0,15,7,0.0,7,0,0,1,0,0,0,0,0,0,0,0,0,0,0,0,7,1.0,7,1.0,7,0,0,0,7,0,0,7,0,1,0,0,0,0,0,7,7,8,569,484,10,0,0,7,1.0,32,0,844,22,73,36,10477
2025-07-11,24,com.serwylo.retrowars.games.spaceinvaders,SpaceInvadersSoundLibrary,alienFire,1,0,0.0,0,0.0,1,0,1,0,1,0,1,0,0.0,0,0,0,1,0.0,0,0.0,0,0,0.0,0,0.0,0.0,15,7,0.0,7,0,0,1,0,0,0,0,0,0,0,0,0,0,0,0,7,1.0,7,1.0,7,0,0,0,7,0,0,7,0,1,0,0,0,0,0,7,7,8,569,484,10,0,0,7,1.0,32,0,844,22,73,36,10477
2025-07-11,24,com.serwylo.retrowars.games.spaceinvaders,SpaceInvadersSoundLibrary,aliensLand,1,0,0.0,0,0.0,1,0,1,0,1,0,1,0,0.0,0,0,0,1,0.0,0,0.0,0,0,0.0,0,0.0,0.0,15,7,0.0,7,0,0,1,0,0,0,0,0,0,0,0,0,0,0,0,7,1.0,7,1.0,7,0,0,0,7,0,0,7,0,1,0,0,0,0,0,7,7,8,569,484,10,0,0,7,1.0,32,0,844,22,73,36,10477
2025-07-11,24,com.serwylo.retrowars.games.spaceinvaders,SpaceInvadersSoundLibrary,shipFire,1,0,0.0,0,0.0,1,0,1,0,1,0,1,0,0.0,0,0,0,1,0.0,0,0.0,0,0,0.0,0,0.0,0.0,15,7,0.0,7,0,0,1,0,0,0,0,0,0,0,0,0,0,0,0,7,1.0,7,1.0,7,0,0,0,7,0,0,7,0,1,0,0,0,0,0,7,7,8,569,484,10,0,0,7,1.0,32,0,844,22,73,36,10477
2025-07-11,24,com.serwylo.retrowars.games.spaceinvaders,SpaceInvadersSoundLibrary,hitShip,1,0,0.0,0,0.0,1,0,1,0,1,0,1,0,0.0,0,0,0,1,0.0,0,0.0,0,0,0.0,0,0.0,0.0,15,7,0.0,7,0,0,1,0,0,0,0,0,0,0,0,0,0,0,0,7,1.0,7,1.0,7,0,0,0,7,0,0,7,0,1,0,0,0,0,0,7,7,8,569,484,10,0,0,7,1.0,32,0,844,22,73,36,10477
2025-07-11,24,com.serwylo.retrowars.games.spaceinvaders,SpaceInvadersSoundLibrary,hitBarrier,1,0,0.0,0,0.0,1,0,1,0,1,0,1,0,0.0,0,0,0,1,0.0,0,0.0,0,0,0.0,0,0.0,0.0,15,7,0.0,7,0,0,1,0,0,0,0,0,0,0,0,0,0,0,0,7,1.0,7,1.0,7,0,0,0,7,0,0,7,0,1,0,0,0,0,0,7,7,8,569,484,10,0,0,7,1.0,32,0,844,22,73,36,10477
2025-07-11,24,com.serwylo.retrowars.games.spaceinvaders,SpaceInvadersSoundLibrary,hitAlien,1,0,0.0,0,0.0,1,0,1,0,1,0,1,0,0.0,0,0,0,1,0.0,0,0.0,0,0,0.0,0,0.0,0.0,15,7,0.0,7,0,0,1,0,0,0,0,0,0,0,0,0,0,0,0,7,1.0,7,1.0,7,0,0,0,7,0,0,7,0,1,0,0,0,0,0,7,7,8,569,484,10,0,0,7,1.0,32,0,844,22,73,36,10477
2025-07-11,24,com.serwylo.retrowars.games.tempest,TempestGameScreen,getSoundLibrary,1,0,0.0,0,0.0,0,2,1,0,1,0,1,0,1.0,0,1,0,0,1.0,0,0.0,0,0,0.0,0,0.6424242424242425,0.9111111111111111,598,511,0.5116279069767442,44,5,6,1,0,19,19,0,5,0,0,6,1,1,0,0,111,0.8222222222222222,111,2.466666666666667,45,6,5,0,6,39,0,6,5,1,0,0,0,0,0,45,45,8,569,484,15,0,37,504,3.111111111111111,75,0,1757,22,73,52,10477
2025-07-11,24,com.serwylo.retrowars.games.tempest,TempestGameScreen,show,1,0,0.0,1,1.0,0,2,1,0,3,0,1,0,0.0,0,0,1,2,0.0,0,3.0,0,0,0.0,0,0.6424242424242425,0.9111111111111111,598,511,0.5116279069767442,44,5,6,1,0,19,19,0,5,0,0,6,1,1,0,0,111,0.8222222222222222,111,2.466666666666667,45,6,5,0,6,39,0,6,5,1,0,0,0,0,0,45,45,8,569,484,15,0,37,504,3.111111111111111,75,0,1757,22,73,52,10477
2025-07-11,24,com.serwylo.retrowars.games.tempest,TempestGameScreen,updateGame,8,0,11.0,5,0.6,0,2,1,0,27,4,8,10,0.4,11,1,6,7,1.0,1,2.0,1,5,0.0,0,0.6424242424242425,0.9111111111111111,598,511,0.5116279069767442,44,5,6,1,0,19,19,0,5,0,0,6,1,1,0,0,111,0.8222222222222222,111,2.466666666666667,45,6,5,0,6,39,0,6,5,1,0,0,0,0,0,45,45,8,569,484,15,0,37,504,3.111111111111111,75,0,1757,22,73,52,10477
2025-07-11,24,com.serwylo.retrowars.games.tempest,TempestGameScreen,maybeSpawnEnemy,5,2,1.0,8,0.375,0,2,1,0,20,2,5,3,0.9444444444444444,1,1,1,19,0.33,0,2.1818181818181817,1,0,0.0,0,0.6424242424242425,0.9111111111111111,598,511,0.5116279069767442,44,5,6,1,0,19,19,0,5,0,0,6,1,1,0,0,111,0.8222222222222222,111,2.466666666666667,45,6,5,0,6,39,0,6,5,1,0,0,0,0,0,45,45,8,569,484,15,0,37,504,3.111111111111111,75,0,1757,22,73,52,10477
2025-07-11,24,com.serwylo.retrowars.games.tempest,TempestGameScreen,checkCollisions,13,6,4.0,16,0.9474,0,2,1,0,43,3,13,4,0.6666666666666666,4,2,1,33,0.29,1,2.066666666666667,1,1,0.0,0,0.6424242424242425,0.9111111111111111,598,511,0.5116279069767442,44,5,6,1,0,19,19,0,5,0,0,6,1,1,0,0,111,0.8222222222222222,111,2.466666666666667,45,6,5,0,6,39,0,6,5,1,0,0,0,0,0,45,45,8,569,484,15,0,37,504,3.111111111111111,75,0,1757,22,73,52,10477
2025-07-11,24,com.serwylo.retrowars.games.tempest,TempestGameScreen,onEnemiesRemoved,4,0,3.0,4,0.5,0,2,1,0,19,1,4,5,0.6666666666666666,3,1,0,11,1.0,0,2.111111111111111,1,0,0.0,0,0.6424242424242425,0.9111111111111111,598,511,0.5116279069767442,44,5,6,1,0,19,19,0,5,0,0,6,1,1,0,0,111,0.8222222222222222,111,2.466666666666667,45,6,5,0,6,39,0,6,5,1,0,0,0,0,0,45,45,8,569,484,15,0,37,504,3.111111111111111,75,0,1757,22,73,52,10477
2025-07-11,24,com.serwylo.retrowars.games.tempest,TempestGameScreen,maybeSpawnFromPool,2,1,0.0,4,1.0,0,2,1,0,10,1,2,0,0.6,0,2,2,6,1.0,1,2.0,1,0,0.0,0,0.6424242424242425,0.9111111111111111,598,511,0.5116279069767442,44,5,6,1,0,19,19,0,5,0,0,6,1,1,0,0,111,0.8222222222222222,111,2.466666666666667,45,6,5,0,6,39,0,6,5,1,0,0,0,0,0,45,45,8,569,484,15,0,37,504,3.111111111111111,75,0,1757,22,73,52,10477
2025-07-11,24,com.serwylo.retrowars.games.tempest,TempestGameScreen,spawnFlipperTankerFromSpikeBuilder,1,0,0.0,1,1.0,0,2,1,0,3,0,1,0,1.0,0,1,0,5,1.0,0,6.0,0,0,0.0,0,0.6424242424242425,0.9111111111111111,598,511,0.5116279069767442,44,5,6,1,0,19,19,0,5,0,0,6,1,1,0,0,111,0.8222222222222222,111,2.466666666666667,45,6,5,0,6,39,0,6,5,1,0,0,0,0,0,45,45,8,569,484,15,0,37,504,3.111111111111111,75,0,1757,22,73,52,10477
2025-07-11,24,com.serwylo.retrowars.games.tempest,TempestGameScreen,spawnFlippersFromTanker,2,5,0.0,3,1.0,0,2,1,0,11,1,2,0,0.5,0,1,1,9,0.17,0,2.5555555555555554,1,0,0.0,0,0.6424242424242425,0.9111111111111111,598,511,0.5116279069767442,44,5,6,1,0,19,19,0,5,0,0,6,1,1,0,0,111,0.8222222222222222,111,2.466666666666667,45,6,5,0,6,39,0,6,5,1,0,0,0,0,0,45,45,8,569,484,15,0,37,504,3.111111111111111,75,0,1757,22,73,52,10477
2025-07-11,24,com.serwylo.retrowars.games.tempest,TempestGameScreen,updateExplosions,1,0,0.0,0,0.0,0,2,1,0,3,0,1,0,1.0,0,1,0,0,1.0,0,2.25,0,0,0.0,0,0.6424242424242425,0.9111111111111111,598,511,0.5116279069767442,44,5,6,1,0,19,19,0,5,0,0,6,1,1,0,0,111,0.8222222222222222,111,2.466666666666667,45,6,5,0,6,39,0,6,5,1,0,0,0,0,0,45,45,8,569,484,15,0,37,504,3.111111111111111,75,0,1757,22,73,52,10477
2025-07-11,24,com.serwylo.retrowars.games.tempest,TempestGameScreen,checkEndLevel,2,0,0.0,2,1.0,0,2,1,0,6,1,2,0,1.0,0,2,0,8,2.0,1,2.375,0,0,0.0,0,0.6424242424242425,0.9111111111111111,598,511,0.5116279069767442,44,5,6,1,0,19,19,0,5,0,0,6,1,1,0,0,111,0.8222222222222222,111,2.466666666666667,45,6,5,0,6,39,0,6,5,1,0,0,0,0,0,45,45,8,569,484,15,0,37,504,3.111111111111111,75,0,1757,22,73,52,10477
2025-07-11,24,com.serwylo.retrowars.games.tempest,TempestGameScreen,advancePlayer,3,2,1.0,1,1.0,0,2,1,0,12,2,3,1,1.0,1,1,0,6,0.5,0,2.076923076923077,0,0,0.0,0,0.6424242424242425,0.9111111111111111,598,511,0.5116279069767442,44,5,6,1,0,19,19,0,5,0,0,6,1,1,0,0,111,0.8222222222222222,111,2.466666666666667,45,6,5,0,6,39,0,6,5,1,0,0,0,0,0,45,45,8,569,484,15,0,37,504,3.111111111111111,75,0,1757,22,73,52,10477
2025-07-11,24,com.serwylo.retrowars.games.tempest,TempestGameScreen,maybeAdvanceLevel,2,1,1.0,9,0.4444,0,2,1,0,20,1,2,1,1.0,1,1,0,20,1.0,1,2.4285714285714284,0,0,0.0,0,0.6424242424242425,0.9111111111111111,598,511,0.5116279069767442,44,5,6,1,0,19,19,0,5,0,0,6,1,1,0,0,111,0.8222222222222222,111,2.466666666666667,45,6,5,0,6,39,0,6,5,1,0,0,0,0,0,45,45,8,569,484,15,0,37,504,3.111111111111111,75,0,1757,22,73,52,10477
2025-07-11,24,com.serwylo.retrowars.games.tempest,TempestGameScreen,maybeRespawnPlayer,2,0,1.0,4,0.75,0,2,1,0,15,1,2,1,1.0,1,1,0,9,1.0,0,2.2666666666666666,0,0,0.0,0,0.6424242424242425,0.9111111111111111,598,511,0.5116279069767442,44,5,6,1,0,19,19,0,5,0,0,6,1,1,0,0,111,0.8222222222222222,111,2.466666666666667,45,6,5,0,6,39,0,6,5,1,0,0,0,0,0,45,45,8,569,484,15,0,37,504,3.111111111111111,75,0,1757,22,73,52,10477
2025-07-11,24,com.serwylo.retrowars.games.tempest,TempestGameScreen,moveEnemies,4,4,5.0,5,1.0,0,2,1,0,19,1,4,6,0.2,5,1,1,13,0.2,1,2.2,1,1,0.0,0,0.6424242424242425,0.9111111111111111,598,511,0.5116279069767442,44,5,6,1,0,19,19,0,5,0,0,6,1,1,0,0,111,0.8222222222222222,111,2.466666666666667,45,6,5,0,6,39,0,6,5,1,0,0,0,0,0,45,45,8,569,484,15,0,37,504,3.111111111111111,75,0,1757,22,73,52,10477
2025-07-11,24,com.serwylo.retrowars.games.tempest,TempestGameScreen,initEnemyPool,5,4,1.0,13,0.5714,0,2,1,0,25,0,5,1,1.0,1,1,2,26,0.25,2,2.4761904761904763,0,1,0.0,0,0.6424242424242425,0.9111111111111111,598,511,0.5116279069767442,44,5,6,1,0,19,19,0,5,0,0,6,1,1,0,0,111,0.8222222222222222,111,2.466666666666667,45,6,5,0,6,39,0,6,5,1,0,0,0,0,0,45,45,8,569,484,15,0,37,504,3.111111111111111,75,0,1757,22,73,52,10477
2025-07-11,24,com.serwylo.retrowars.games.tempest,TempestGameScreen,apparentSegment,5,0,0.0,1,1.0,0,2,1,0,4,2,5,0,0.125,0,1,0,7,1.0,0,2.3333333333333335,1,0,0.0,0,0.6424242424242425,0.9111111111111111,598,511,0.5116279069767442,44,5,6,1,0,19,19,0,5,0,0,6,1,1,0,0,111,0.8222222222222222,111,2.466666666666667,45,6,5,0,6,39,0,6,5,1,0,0,0,0,0,45,45,8,569,484,15,0,37,504,3.111111111111111,75,0,1757,22,73,52,10477
2025-07-11,24,com.serwylo.retrowars.games.tempest,TempestGameScreen,moveFlipper,10,3,1.0,11,0.4167,0,2,1,0,35,4,10,1,0.24242424242424243,1,1,1,28,0.2,0,2.2,2,0,0.0,0,0.6424242424242425,0.9111111111111111,598,511,0.5116279069767442,44,5,6,1,0,19,19,0,5,0,0,6,1,1,0,0,111,0.8222222222222222,111,2.466666666666667,45,6,5,0,6,39,0,6,5,1,0,0,0,0,0,45,45,8,569,484,15,0,37,504,3.111111111111111,75,0,1757,22,73,52,10477
2025-07-11,24,com.serwylo.retrowars.games.tempest,TempestGameScreen,moveFlipperTanker,3,0,1.0,2,0.5,0,2,1,0,10,2,3,1,0.3333333333333333,1,1,0,3,0.5,0,2.0,2,0,0.0,0,0.6424242424242425,0.9111111111111111,598,511,0.5116279069767442,44,5,6,1,0,19,19,0,5,0,0,6,1,1,0,0,111,0.8222222222222222,111,2.466666666666667,45,6,5,0,6,39,0,6,5,1,0,0,0,0,0,45,45,8,569,484,15,0,37,504,3.111111111111111,75,0,1757,22,73,52,10477
2025-07-11,24,com.serwylo.retrowars.games.tempest,TempestGameScreen,moveSpikeBuilder,5,0,0.0,3,0.3333,0,2,1,0,15,2,5,0,0.16666666666666666,0,1,0,6,0.5,0,2.066666666666667,2,0,0.0,0,0.6424242424242425,0.9111111111111111,598,511,0.5116279069767442,44,5,6,1,0,19,19,0,5,0,0,6,1,1,0,0,111,0.8222222222222222,111,2.466666666666667,45,6,5,0,6,39,0,6,5,1,0,0,0,0,0,45,45,8,569,484,15,0,37,504,3.111111111111111,75,0,1757,22,73,52,10477
2025-07-11,24,com.serwylo.retrowars.games.tempest,TempestGameScreen,moveEnemyBullet,3,0,1.0,2,0.5,0,2,1,0,10,2,3,1,0.3333333333333333,1,1,0,3,0.5,0,2.0,2,0,0.0,0,0.6424242424242425,0.9111111111111111,598,511,0.5116279069767442,44,5,6,1,0,19,19,0,5,0,0,6,1,1,0,0,111,0.8222222222222222,111,2.466666666666667,45,6,5,0,6,39,0,6,5,1,0,0,0,0,0,45,45,8,569,484,15,0,37,504,3.111111111111111,75,0,1757,22,73,52,10477
2025-07-11,24,com.serwylo.retrowars.games.tempest,TempestGameScreen,queueExplosion,1,0,0.0,1,1.0,0,2,1,0,3,0,1,0,0.4,0,1,0,5,0.5,0,2.6666666666666665,2,0,0.0,0,0.6424242424242425,0.9111111111111111,598,511,0.5116279069767442,44,5,6,1,0,19,19,0,5,0,0,6,1,1,0,0,111,0.8222222222222222,111,2.466666666666667,45,6,5,0,6,39,0,6,5,1,0,0,0,0,0,45,45,8,569,484,15,0,37,504,3.111111111111111,75,0,1757,22,73,52,10477
2025-07-11,24,com.serwylo.retrowars.games.tempest,TempestGameScreen,onPlayerHit,2,0,1.0,3,1.0,0,2,1,0,14,1,2,5,1.0,1,2,1,15,2.0,1,2.772727272727273,0,1,0.0,0,0.6424242424242425,0.9111111111111111,598,511,0.5116279069767442,44,5,6,1,0,19,19,0,5,0,0,6,1,1,0,0,111,0.8222222222222222,111,2.466666666666667,45,6,5,0,6,39,0,6,5,1,0,0,0,0,0,45,45,8,569,484,15,0,37,504,3.111111111111111,75,0,1757,22,73,52,10477
2025-07-11,24,com.serwylo.retrowars.games.tempest,TempestGameScreen,moveBullets,3,2,0.0,5,1.0,0,2,1,0,10,1,3,0,0.5,0,1,0,7,0.33,1,2.125,1,0,0.0,0,0.6424242424242425,0.9111111111111111,598,511,0.5116279069767442,44,5,6,1,0,19,19,0,5,0,0,6,1,1,0,0,111,0.8222222222222222,111,2.466666666666667,45,6,5,0,6,39,0,6,5,1,0,0,0,0,0,45,45,8,569,484,15,0,37,504,3.111111111111111,75,0,1757,22,73,52,10477
2025-07-11,24,com.serwylo.retrowars.games.tempest,TempestGameScreen,movePlayer,3,0,0.0,2,1.0,0,2,1,0,8,1,3,0,1.0,0,1,0,10,1.0,0,3.0,0,0,0.0,0,0.6424242424242425,0.9111111111111111,598,511,0.5116279069767442,44,5,6,1,0,19,19,0,5,0,0,6,1,1,0,0,111,0.8222222222222222,111,2.466666666666667,45,6,5,0,6,39,0,6,5,1,0,0,0,0,0,45,45,8,569,484,15,0,37,504,3.111111111111111,75,0,1757,22,73,52,10477
2025-07-11,24,com.serwylo.retrowars.games.tempest,TempestGameScreen,fire,6,2,4.0,11,0.8333,0,2,1,0,23,2,6,3,1.0,4,2,1,21,1.0,1,2.3529411764705883,0,1,0.0,0,0.6424242424242425,0.9111111111111111,598,511,0.5116279069767442,44,5,6,1,0,19,19,0,5,0,0,6,1,1,0,0,111,0.8222222222222222,111,2.466666666666667,45,6,5,0,6,39,0,6,5,1,0,0,0,0,0,45,45,8,569,484,15,0,37,504,3.111111111111111,75,0,1757,22,73,52,10477
2025-07-11,24,com.serwylo.retrowars.games.tempest,TempestGameScreen,onReceiveDamage,3,1,1.0,2,1.0,0,2,1,0,10,1,3,1,0.75,1,1,0,6,0.5,0,2.2857142857142856,1,0,0.0,0,0.6424242424242425,0.9111111111111111,598,511,0.5116279069767442,44,5,6,1,0,19,19,0,5,0,0,6,1,1,0,0,111,0.8222222222222222,111,2.466666666666667,45,6,5,0,6,39,0,6,5,1,0,0,0,0,0,45,45,8,569,484,15,0,37,504,3.111111111111111,75,0,1757,22,73,52,10477
2025-07-11,24,com.serwylo.retrowars.games.tempest,TempestGameScreen,spawnNetworkEnemies,1,1,0.0,2,1.0,0,2,1,0,6,0,1,0,0.75,0,1,2,7,0.5,0,2.5,1,1,0.0,0,0.6424242424242425,0.9111111111111111,598,511,0.5116279069767442,44,5,6,1,0,19,19,0,5,0,0,6,1,1,0,0,111,0.8222222222222222,111,2.466666666666667,45,6,5,0,6,39,0,6,5,1,0,0,0,0,0,45,45,8,569,484,15,0,37,504,3.111111111111111,75,0,1757,22,73,52,10477
2025-07-11,24,com.serwylo.retrowars.games.tempest,TempestGameScreen,setupCamera,3,7,0.0,8,1.0,0,2,1,0,21,1,3,0,0.6666666666666666,0,1,1,24,0.14,1,2.210526315789474,2,1,0.0,0,0.6424242424242425,0.9111111111111111,598,511,0.5116279069767442,44,5,6,1,0,19,19,0,5,0,0,6,1,1,0,0,111,0.8222222222222222,111,2.466666666666667,45,6,5,0,6,39,0,6,5,1,0,0,0,0,0,45,45,8,569,484,15,0,37,504,3.111111111111111,75,0,1757,22,73,52,10477
2025-07-11,24,com.serwylo.retrowars.games.tempest,TempestGameScreen,renderGame,2,0,2.0,1,1.0,0,2,1,0,6,1,2,2,0.6666666666666666,2,2,1,3,2.0,0,2.5,1,1,0.0,0,0.6424242424242425,0.9111111111111111,598,511,0.5116279069767442,44,5,6,1,0,19,19,0,5,0,0,6,1,1,0,0,111,0.8222222222222222,111,2.466666666666667,45,6,5,0,6,39,0,6,5,1,0,0,0,0,0,45,45,8,569,484,15,0,37,504,3.111111111111111,75,0,1757,22,73,52,10477
2025-07-11,24,com.serwylo.retrowars.games.tempest,TempestGameScreen,redrawLives,2,0,0.0,3,0.6667,0,2,1,0,6,1,2,0,1.0,0,2,0,7,2.0,1,2.75,0,0,0.0,0,0.6424242424242425,0.9111111111111111,598,511,0.5116279069767442,44,5,6,1,0,19,19,0,5,0,0,6,1,1,0,0,111,0.8222222222222222,111,2.466666666666667,45,6,5,0,6,39,0,6,5,1,0,0,0,0,0,45,45,8,569,484,15,0,37,504,3.111111111111111,75,0,1757,22,73,52,10477
2025-07-11,24,com.serwylo.retrowars.games.tempest,TempestGameScreen,renderLevel,2,1,5.0,8,0.5,0,2,1,0,17,1,2,6,0.8571428571428571,5,1,3,15,0.5,1,2.4705882352941178,1,1,0.0,0,0.6424242424242425,0.9111111111111111,598,511,0.5116279069767442,44,5,6,1,0,19,19,0,5,0,0,6,1,1,0,0,111,0.8222222222222222,111,2.466666666666667,45,6,5,0,6,39,0,6,5,1,0,0,0,0,0,45,45,8,569,484,15,0,37,504,3.111111111111111,75,0,1757,22,73,52,10477
2025-07-11,24,com.serwylo.retrowars.games.tempest,TempestGameScreen,renderOnAngle,1,0,0.0,3,0.3333,0,2,1,0,8,0,1,0,0.0,0,0,2,6,0.0,1,2.1666666666666665,5,2,0.0,0,0.6424242424242425,0.9111111111111111,598,511,0.5116279069767442,44,5,6,1,0,19,19,0,5,0,0,6,1,1,0,0,111,0.8222222222222222,111,2.466666666666667,45,6,5,0,6,39,0,6,5,1,0,0,0,0,0,45,45,8,569,484,15,0,37,504,3.111111111111111,75,0,1757,22,73,52,10477
2025-07-11,24,com.serwylo.retrowars.games.tempest,TempestGameScreen,renderPlayer,1,0,1.0,1,1.0,0,2,1,0,3,0,1,1,0.8,1,2,1,5,2.0,0,2.5,1,1,0.0,0,0.6424242424242425,0.9111111111111111,598,511,0.5116279069767442,44,5,6,1,0,19,19,0,5,0,0,6,1,1,0,0,111,0.8222222222222222,111,2.466666666666667,45,6,5,0,6,39,0,6,5,1,0,0,0,0,0,45,45,8,569,484,15,0,37,504,3.111111111111111,75,0,1757,22,73,52,10477
2025-07-11,24,com.serwylo.retrowars.games.tempest,TempestGameScreen,renderExplosion,2,3,0.0,6,0.6667,0,2,1,0,10,1,2,0,0.1111111111111111,0,1,1,19,0.2,2,2.2941176470588234,2,1,0.0,0,0.6424242424242425,0.9111111111111111,598,511,0.5116279069767442,44,5,6,1,0,19,19,0,5,0,0,6,1,1,0,0,111,0.8222222222222222,111,2.466666666666667,45,6,5,0,6,39,0,6,5,1,0,0,0,0,0,45,45,8,569,484,15,0,37,504,3.111111111111111,75,0,1757,22,73,52,10477
2025-07-11,24,com.serwylo.retrowars.games.tempest,TempestGameScreen,renderEnemy,2,0,5.0,0,0.0,0,2,1,0,7,1,2,8,0.0,5,0,0,6,0.0,0,0.0,2,0,0.0,0,0.6424242424242425,0.9111111111111111,598,511,0.5116279069767442,44,5,6,1,0,19,19,0,5,0,0,6,1,1,0,0,111,0.8222222222222222,111,2.466666666666667,45,6,5,0,6,39,0,6,5,1,0,0,0,0,0,45,45,8,569,484,15,0,37,504,3.111111111111111,75,0,1757,22,73,52,10477
2025-07-11,24,com.serwylo.retrowars.games.tempest,TempestGameScreen,renderSpikeBuilder,1,0,0.0,3,0.3333,0,2,1,0,6,0,1,0,0.0,0,0,2,10,0.0,1,2.857142857142857,2,1,0.0,0,0.6424242424242425,0.9111111111111111,598,511,0.5116279069767442,44,5,6,1,0,19,19,0,5,0,0,6,1,1,0,0,111,0.8222222222222222,111,2.466666666666667,45,6,5,0,6,39,0,6,5,1,0,0,0,0,0,45,45,8,569,484,15,0,37,504,3.111111111111111,75,0,1757,22,73,52,10477
2025-07-11,24,com.serwylo.retrowars.games.tempest,TempestGameScreen,renderSpike,1,0,0.0,2,0.5,0,2,1,0,5,0,1,0,0.0,0,0,2,19,0.0,0,2.823529411764706,2,1,0.0,0,0.6424242424242425,0.9111111111111111,598,511,0.5116279069767442,44,5,6,1,0,19,19,0,5,0,0,6,1,1,0,0,111,0.8222222222222222,111,2.466666666666667,45,6,5,0,6,39,0,6,5,1,0,0,0,0,0,45,45,8,569,484,15,0,37,504,3.111111111111111,75,0,1757,22,73,52,10477
2025-07-11,24,com.serwylo.retrowars.games.tempest,TempestGameScreen,renderEnemyBullet,3,1,0.0,7,1.0,0,2,1,0,13,0,3,0,0.25,0,1,1,23,0.33,0,2.25,2,1,0.0,0,0.6424242424242425,0.9111111111111111,598,511,0.5116279069767442,44,5,6,1,0,19,19,0,5,0,0,6,1,1,0,0,111,0.8222222222222222,111,2.466666666666667,45,6,5,0,6,39,0,6,5,1,0,0,0,0,0,45,45,8,569,484,15,0,37,504,3.111111111111111,75,0,1757,22,73,52,10477
2025-07-11,24,com.serwylo.retrowars.games.tempest,TempestGameScreen,renderFlipper,8,4,1.0,6,1.0,0,2,1,0,17,2,8,2,0.24,1,3,0,28,0.5,1,2.652173913043478,2,0,0.0,0,0.6424242424242425,0.9111111111111111,598,511,0.5116279069767442,44,5,6,1,0,19,19,0,5,0,0,6,1,1,0,0,111,0.8222222222222222,111,2.466666666666667,45,6,5,0,6,39,0,6,5,1,0,0,0,0,0,45,45,8,569,484,15,0,37,504,3.111111111111111,75,0,1757,22,73,52,10477
2025-07-11,24,com.serwylo.retrowars.games.tempest,TempestGameScreen,renderFlipperTanker,3,0,1.0,4,0.75,0,2,1,0,7,0,3,1,0.14285714285714285,1,1,1,10,0.5,1,2.375,2,1,0.0,0,0.6424242424242425,0.9111111111111111,598,511,0.5116279069767442,44,5,6,1,0,19,19,0,5,0,0,6,1,1,0,0,111,0.8222222222222222,111,2.466666666666667,45,6,5,0,6,39,0,6,5,1,0,0,0,0,0,45,45,8,569,484,15,0,37,504,3.111111111111111,75,0,1757,22,73,52,10477
2025-07-11,24,com.serwylo.retrowars.games.tempest,TempestGameScreen,exactEnemyPosition,3,0,1.0,0,0.0,0,2,1,0,4,2,3,1,0.0,1,0,0,2,0.0,0,3.0,1,0,0.0,0,0.6424242424242425,0.9111111111111111,598,511,0.5116279069767442,44,5,6,1,0,19,19,0,5,0,0,6,1,1,0,0,111,0.8222222222222222,111,2.466666666666667,45,6,5,0,6,39,0,6,5,1,0,0,0,0,0,45,45,8,569,484,15,0,37,504,3.111111111111111,75,0,1757,22,73,52,10477
2025-07-11,24,com.serwylo.retrowars.games.tempest,TempestGameScreen,exactFlipperPosition,3,2,0.0,2,1.0,0,2,1,0,9,1,3,0,0.2222222222222222,0,1,0,13,0.33,0,3.7142857142857144,1,0,0.0,0,0.6424242424242425,0.9111111111111111,598,511,0.5116279069767442,44,5,6,1,0,19,19,0,5,0,0,6,1,1,0,0,111,0.8222222222222222,111,2.466666666666667,45,6,5,0,6,39,0,6,5,1,0,0,0,0,0,45,45,8,569,484,15,0,37,504,3.111111111111111,75,0,1757,22,73,52,10477
2025-07-11,24,com.serwylo.retrowars.games.tempest,TempestGameScreen,renderBullet,1,0,0.0,1,1.0,0,2,1,0,3,0,1,0,0.0,0,0,1,7,0.0,0,3.6666666666666665,2,1,0.0,0,0.6424242424242425,0.9111111111111111,598,511,0.5116279069767442,44,5,6,1,0,19,19,0,5,0,0,6,1,1,0,0,111,0.8222222222222222,111,2.466666666666667,45,6,5,0,6,39,0,6,5,1,0,0,0,0,0,45,45,8,569,484,15,0,37,504,3.111111111111111,75,0,1757,22,73,52,10477
2025-07-11,24,com.serwylo.retrowars.games.tempest,TempestGameScreen,renderSegment,1,0,0.0,1,1.0,0,2,1,0,6,0,1,0,0.0,0,0,1,15,0.0,0,2.888888888888889,2,1,0.0,0,0.6424242424242425,0.9111111111111111,598,511,0.5116279069767442,44,5,6,1,0,19,19,0,5,0,0,6,1,1,0,0,111,0.8222222222222222,111,2.466666666666667,45,6,5,0,6,39,0,6,5,1,0,0,0,0,0,45,45,8,569,484,15,0,37,504,3.111111111111111,75,0,1757,22,73,52,10477
2025-07-11,24,com.serwylo.retrowars.games.tempest,TempestGameState,increaseSpeed,1,1,0.0,1,1.0,0,0,1,0,7,0,1,0,1.0,0,5,0,6,6.0,2,2.0,0,0,0.0,0,0.0,1.0,107,7,0.0,1,25,0,0,25,0,0,0,9,0,25,31,23,23,17,0,1,0.0,1,1.0,1,0,0,0,0,0,0,0,0,13,0,0,0,0,0,1,1,8,569,484,15,0,0,6,1.0,75,0,1757,22,73,52,10477
2025-07-11,24,com.serwylo.retrowars.games.tempest,TempestSoundLibrary,playerFire,1,0,0.0,0,0.0,1,0,1,0,1,0,1,0,0.0,0,0,0,1,0.0,0,0.0,0,0,0.0,0,0.0,0.0,13,6,0.0,6,0,0,1,0,0,0,0,0,0,0,0,0,0,0,0,6,1.0,6,1.0,6,0,0,0,6,0,0,6,0,1,0,0,0,0,0,6,6,8,569,484,15,0,0,6,1.0,75,0,1757,22,73,52,10477
2025-07-11,24,com.serwylo.retrowars.games.tempest,TempestSoundLibrary,enemyFlip,1,0,0.0,0,0.0,1,0,1,0,1,0,1,0,0.0,0,0,0,1,0.0,0,0.0,0,0,0.0,0,0.0,0.0,13,6,0.0,6,0,0,1,0,0,0,0,0,0,0,0,0,0,0,0,6,1.0,6,1.0,6,0,0,0,6,0,0,6,0,1,0,0,0,0,0,6,6,8,569,484,15,0,0,6,1.0,75,0,1757,22,73,52,10477
2025-07-11,24,com.serwylo.retrowars.games.tempest,TempestSoundLibrary,enemySpawn,1,0,0.0,0,0.0,1,0,1,0,1,0,1,0,0.0,0,0,0,1,0.0,0,0.0,0,0,0.0,0,0.0,0.0,13,6,0.0,6,0,0,1,0,0,0,0,0,0,0,0,0,0,0,0,6,1.0,6,1.0,6,0,0,0,6,0,0,6,0,1,0,0,0,0,0,6,6,8,569,484,15,0,0,6,1.0,75,0,1757,22,73,52,10477
2025-07-11,24,com.serwylo.retrowars.games.tempest,TempestSoundLibrary,enemyHit,1,0,0.0,0,0.0,1,0,1,0,1,0,1,0,0.0,0,0,0,1,0.0,0,0.0,0,0,0.0,0,0.0,0.0,13,6,0.0,6,0,0,1,0,0,0,0,0,0,0,0,0,0,0,0,6,1.0,6,1.0,6,0,0,0,6,0,0,6,0,1,0,0,0,0,0,6,6,8,569,484,15,0,0,6,1.0,75,0,1757,22,73,52,10477
2025-07-11,24,com.serwylo.retrowars.games.tempest,TempestSoundLibrary,playerHit,1,0,0.0,0,0.0,1,0,1,0,1,0,1,0,0.0,0,0,0,1,0.0,0,0.0,0,0,0.0,0,0.0,0.0,13,6,0.0,6,0,0,1,0,0,0,0,0,0,0,0,0,0,0,0,6,1.0,6,1.0,6,0,0,0,6,0,0,6,0,1,0,0,0,0,0,6,6,8,569,484,15,0,0,6,1.0,75,0,1757,22,73,52,10477
2025-07-11,24,com.serwylo.retrowars.games.tempest,TempestSoundLibrary,levelWarp,1,0,0.0,0,0.0,1,0,1,0,1,0,1,0,0.0,0,0,0,1,0.0,0,0.0,0,0,0.0,0,0.0,0.0,13,6,0.0,6,0,0,1,0,0,0,0,0,0,0,0,0,0,0,0,6,1.0,6,1.0,6,0,0,0,6,0,0,6,0,1,0,0,0,0,0,6,6,8,569,484,15,0,0,6,1.0,75,0,1757,22,73,52,10477
2025-07-11,24,com.serwylo.retrowars.games.tetris,TetrisGameScreen,getSoundLibrary,1,0,0.0,0,0.0,0,2,1,0,1,0,1,0,1.0,0,1,0,0,1.0,0,0.0,0,0,0.0,0,0.6483516483516484,0.9285714285714286,215,168,0.3333333333333333,12,3,5,1,0,5,11,0,3,0,0,4,1,1,0,0,40,0.7252747252747253,40,2.857142857142857,14,5,3,0,5,9,0,5,0,1,0,0,0,0,0,14,14,8,569,484,4,0,15,126,3.7142857142857144,18,0,480,22,73,20,10477
2025-07-11,24,com.serwylo.retrowars.games.tetris,TetrisGameScreen,show,1,0,0.0,1,1.0,0,2,1,0,3,0,1,0,0.0,0,0,1,2,0.0,0,3.0,0,0,0.0,0,0.6483516483516484,0.9285714285714286,215,168,0.3333333333333333,12,3,5,1,0,5,11,0,3,0,0,4,1,1,0,0,40,0.7252747252747253,40,2.857142857142857,14,5,3,0,5,9,0,5,0,1,0,0,0,0,0,14,14,8,569,484,4,0,15,126,3.7142857142857144,18,0,480,22,73,20,10477
2025-07-11,24,com.serwylo.retrowars.games.tetris,TetrisGameScreen,updateGame,4,0,5.0,2,1.0,0,2,1,0,16,1,4,3,0.3333333333333333,5,1,5,3,1.0,1,2.0,1,4,0.0,0,0.6483516483516484,0.9285714285714286,215,168,0.3333333333333333,12,3,5,1,0,5,11,0,3,0,0,4,1,1,0,0,40,0.7252747252747253,40,2.857142857142857,14,5,3,0,5,9,0,5,0,1,0,0,0,0,0,14,14,8,569,484,4,0,15,126,3.7142857142857144,18,0,480,22,73,20,10477
2025-07-11,24,com.serwylo.retrowars.games.tetris,TetrisGameScreen,moveLaterally,3,0,0.0,1,1.0,0,2,1,0,8,1,3,2,1.0,1,1,0,9,1.0,0,2.4,0,0,0.0,0,0.6483516483516484,0.9285714285714286,215,168,0.3333333333333333,12,3,5,1,0,5,11,0,3,0,0,4,1,1,0,0,40,0.7252747252747253,40,2.857142857142857,14,5,3,0,5,9,0,5,0,1,0,0,0,0,0,14,14,8,569,484,4,0,15,126,3.7142857142857144,18,0,480,22,73,20,10477
2025-07-11,24,com.serwylo.retrowars.games.tetris,TetrisGameScreen,rotate,5,3,0.0,4,1.0,0,2,1,0,13,1,5,1,1.0,1,1,0,11,0.5,1,2.7777777777777777,0,0,0.0,0,0.6483516483516484,0.9285714285714286,215,168,0.3333333333333333,12,3,5,1,0,5,11,0,3,0,0,4,1,1,0,0,40,0.7252747252747253,40,2.857142857142857,14,5,3,0,5,9,0,5,0,1,0,0,0,0,0,14,14,8,569,484,4,0,15,126,3.7142857142857144,18,0,480,22,73,20,10477
2025-07-11,24,com.serwylo.retrowars.games.tetris,TetrisGameScreen,drop,4,1,2.0,4,0.8333,0,2,1,0,18,1,4,2,1.0,3,2,2,13,2.0,1,2.1818181818181817,0,2,0.0,0,0.6483516483516484,0.9285714285714286,215,168,0.3333333333333333,12,3,5,1,0,5,11,0,3,0,0,4,1,1,0,0,40,0.7252747252747253,40,2.857142857142857,14,5,3,0,5,9,0,5,0,1,0,0,0,0,0,14,14,8,569,484,4,0,15,126,3.7142857142857144,18,0,480,22,73,20,10477
2025-07-11,24,com.serwylo.retrowars.games.tetris,TetrisGameScreen,isLegalMove,4,2,0.0,2,1.0,0,2,1,0,17,2,4,0,0.25,0,1,1,5,0.2,0,2.0,3,1,0.0,0,0.6483516483516484,0.9285714285714286,215,168,0.3333333333333333,12,3,5,1,0,5,11,0,3,0,0,4,1,1,0,0,40,0.7252747252747253,40,2.857142857142857,14,5,3,0,5,9,0,5,0,1,0,0,0,0,0,14,14,8,569,484,4,0,15,126,3.7142857142857144,18,0,480,22,73,20,10477
2025-07-11,24,com.serwylo.retrowars.games.tetris,TetrisGameScreen,moveDown,6,1,2.0,8,0.7,0,2,1,0,23,2,6,2,1.0,3,2,0,20,2.0,1,2.0952380952380953,0,0,0.0,0,0.6483516483516484,0.9285714285714286,215,168,0.3333333333333333,12,3,5,1,0,5,11,0,3,0,0,4,1,1,0,0,40,0.7252747252747253,40,2.857142857142857,14,5,3,0,5,9,0,5,0,1,0,0,0,0,0,14,14,8,569,484,4,0,15,126,3.7142857142857144,18,0,480,22,73,20,10477
2025-07-11,24,com.serwylo.retrowars.games.tetris,TetrisGameScreen,clearLines,7,1,0.0,6,0.8571,0,2,1,0,22,3,7,0,1.0,1,3,0,16,3.0,1,2.5,0,0,0.0,0,0.6483516483516484,0.9285714285714286,215,168,0.3333333333333333,12,3,5,1,0,5,11,0,3,0,0,4,1,1,0,0,40,0.7252747252747253,40,2.857142857142857,14,5,3,0,5,9,0,5,0,1,0,0,0,0,0,14,14,8,569,484,4,0,15,126,3.7142857142857144,18,0,480,22,73,20,10477
2025-07-11,24,com.serwylo.retrowars.games.tetris,TetrisGameScreen,addLine,4,1,0.0,5,1.0,0,2,1,0,16,2,4,0,1.0,0,2,1,17,2.0,1,2.6666666666666665,0,0,0.0,0,0.6483516483516484,0.9285714285714286,215,168,0.3333333333333333,12,3,5,1,0,5,11,0,3,0,0,4,1,1,0,0,40,0.7252747252747253,40,2.857142857142857,14,5,3,0,5,9,0,5,0,1,0,0,0,0,0,14,14,8,569,484,4,0,15,126,3.7142857142857144,18,0,480,22,73,20,10477
2025-07-11,24,com.serwylo.retrowars.games.tetris,TetrisGameScreen,storeTetronimoInGrid,2,0,0.0,1,1.0,0,2,1,0,5,0,2,0,0.25,0,1,1,2,0.33,0,2.0,3,1,0.0,0,0.6483516483516484,0.9285714285714286,215,168,0.3333333333333333,12,3,5,1,0,5,11,0,3,0,0,4,1,1,0,0,40,0.7252747252747253,40,2.857142857142857,14,5,3,0,5,9,0,5,0,1,0,0,0,0,0,14,14,8,569,484,4,0,15,126,3.7142857142857144,18,0,480,22,73,20,10477
2025-07-11,24,com.serwylo.retrowars.games.tetris,TetrisGameScreen,chooseNewTetronimo,1,0,0.0,1,1.0,0,2,1,0,7,0,1,0,1.0,0,1,1,2,1.0,0,2.0,0,0,0.0,0,0.6483516483516484,0.9285714285714286,215,168,0.3333333333333333,12,3,5,1,0,5,11,0,3,0,0,4,1,1,0,0,40,0.7252747252747253,40,2.857142857142857,14,5,3,0,5,9,0,5,0,1,0,0,0,0,0,14,14,8,569,484,4,0,15,126,3.7142857142857144,18,0,480,22,73,20,10477
2025-07-11,24,com.serwylo.retrowars.games.tetris,TetrisGameScreen,onReceiveDamage,2,0,1.0,0,0.0,0,2,1,0,5,1,2,1,0.0,1,0,0,1,0.0,0,0.0,1,0,0.0,0,0.6483516483516484,0.9285714285714286,215,168,0.3333333333333333,12,3,5,1,0,5,11,0,3,0,0,4,1,1,0,0,40,0.7252747252747253,40,2.857142857142857,14,5,3,0,5,9,0,5,0,1,0,0,0,0,0,14,14,8,569,484,4,0,15,126,3.7142857142857144,18,0,480,22,73,20,10477
2025-07-11,24,com.serwylo.retrowars.games.tetris,TetrisGameScreen,renderGame,8,7,0.0,9,0.4444,0,2,1,0,32,0,8,0,0.9,0,1,3,25,0.12,2,2.292682926829268,1,1,0.0,0,0.6483516483516484,0.9285714285714286,215,168,0.3333333333333333,12,3,5,1,0,5,11,0,3,0,0,4,1,1,0,0,40,0.7252747252747253,40,2.857142857142857,14,5,3,0,5,9,0,5,0,1,0,0,0,0,0,14,14,8,569,484,4,0,15,126,3.7142857142857144,18,0,480,22,73,20,10477
2025-07-11,24,com.serwylo.retrowars.games.tetris,TetrisGameState,timeStep,1,0,1.0,1,1.0,0,0,1,0,1,0,1,0,0.0,1,0,0,2,0.0,0,3.0,0,0,0.0,0,0.0,1.0,39,2,0.5,2,9,0,0,9,0,0,1,2,0,9,6,6,6,9,0,2,1.0,2,1.0,2,0,9,0,2,0,0,2,0,2,0,0,1,0,1,2,3,8,569,484,4,0,0,2,0.0,18,0,480,22,73,20,10477
2025-07-11,24,com.serwylo.retrowars.games.tetris,TetrisGameState,level,1,0,0.0,0,0.0,0,0,1,0,1,0,1,0,1.0,0,1,0,0,1.0,0,0.0,0,0,0.0,0,0.0,1.0,39,2,0.5,2,9,0,0,9,0,0,1,2,0,9,6,6,6,9,0,2,1.0,2,1.0,2,0,9,0,2,0,0,2,0,2,0,0,1,0,1,2,3,8,569,484,4,0,0,2,0.0,18,0,480,22,73,20,10477
2025-07-11,24,com.serwylo.retrowars.games.tetris,TetrisSoundLibrary,tick,1,0,0.0,0,0.0,1,0,1,0,1,0,1,0,0.0,0,0,0,1,0.0,0,0.0,0,0,0.0,0,0.0,0.0,9,4,0.0,4,0,0,1,0,0,0,0,0,0,0,0,0,0,0,0,4,1.0,4,1.0,4,0,0,0,4,0,0,4,0,1,0,0,0,0,0,4,4,8,569,484,4,0,0,4,1.0,18,0,480,22,73,20,10477
2025-07-11,24,com.serwylo.retrowars.games.tetris,TetrisSoundLibrary,clearLines,1,0,0.0,0,0.0,1,0,1,0,1,0,1,0,0.0,0,0,0,1,0.0,0,0.0,0,0,0.0,0,0.0,0.0,9,4,0.0,4,0,0,1,0,0,0,0,0,0,0,0,0,0,0,0,4,1.0,4,1.0,4,0,0,0,4,0,0,4,0,1,0,0,0,0,0,4,4,8,569,484,4,0,0,4,1.0,18,0,480,22,73,20,10477
2025-07-11,24,com.serwylo.retrowars.games.tetris,TetrisSoundLibrary,dropPiece,1,0,0.0,0,0.0,1,0,1,0,1,0,1,0,0.0,0,0,0,1,0.0,0,0.0,0,0,0.0,0,0.0,0.0,9,4,0.0,4,0,0,1,0,0,0,0,0,0,0,0,0,0,0,0,4,1.0,4,1.0,4,0,0,0,4,0,0,4,0,1,0,0,0,0,0,4,4,8,569,484,4,0,0,4,1.0,18,0,480,22,73,20,10477
2025-07-11,24,com.serwylo.retrowars.games.tetris,TetrisSoundLibrary,screenFull,1,0,0.0,0,0.0,1,0,1,0,1,0,1,0,0.0,0,0,0,1,0.0,0,0.0,0,0,0.0,0,0.0,0.0,9,4,0.0,4,0,0,1,0,0,0,0,0,0,0,0,0,0,0,0,4,1.0,4,1.0,4,0,0,0,4,0,0,4,0,1,0,0,0,0,0,4,4,8,569,484,4,0,0,4,1.0,18,0,480,22,73,20,10477
2025-07-11,24,com.serwylo.retrowars.net,ServerHostAndPort,toString,1,0,0.0,0,0.0,0,0,1,0,1,0,1,0,0.0,0,0,0,0,0.0,0,0.0,0,0,0.0,0,0.0,0.0,3,1,0.0,1,0,1,0,0,0,0,0,0,0,0,0,0,0,0,0,1,0.0,1,1.0,1,1,0,0,1,0,0,1,0,1,0,0,0,0,0,1,1,8,569,484,11,0,0,0,1.0,44,2,1747,22,73,38,10477
2025-07-11,24,com.serwylo.retrowars.net,Player,getGameDetails,1,0,0.0,0,0.0,0,1,1,0,1,0,1,0,0.0,0,0,0,0,0.0,0,2.5,0,0,0.0,0,0.0,0.5,19,1,0.0,2,0,1,0,0,2,0,0,0,0,0,0,0,0,0,0,2,1.0,2,1.0,2,1,0,0,2,0,0,2,0,1,0,0,0,0,0,3,3,8,569,484,11,0,0,0,1.0,44,2,1747,22,73,38,10477
2025-07-11,24,com.serwylo.retrowars.net,Player,toString,1,0,0.0,0,0.0,0,1,1,0,1,0,1,0,0.0,0,0,0,0,0.0,0,0.0,0,0,0.0,0,0.0,0.5,19,1,0.0,2,0,1,0,0,2,0,0,0,0,0,0,0,0,0,0,2,1.0,2,1.0,2,1,0,0,2,0,0,2,0,1,0,0,0,0,0,3,3,8,569,484,11,0,0,0,1.0,44,2,1747,22,73,38,10477
2025-07-11,24,com.serwylo.retrowars.net,RetrowarsClient,me,3,0,0.0,1,1.0,0,2,1,0,1,1,3,0,1.0,0,1,0,1,1.0,0,2.0,0,0,0.0,0,0.3602941176470588,0.7647058823529411,228,112,0.2,15,14,0,0,4,13,10,1,14,0,4,5,4,2,13,0,26,0.7720588235294118,26,1.5294117647058822,17,0,19,2,14,11,0,14,0,3,0,0,4,0,4,17,21,8,569,484,11,0,12,90,1.9411764705882353,44,2,1747,22,73,38,10477
2025-07-11,24,com.serwylo.retrowars.net,RetrowarsClient,otherPlayers,3,0,0.0,1,1.0,0,2,1,0,1,1,3,0,1.0,0,1,0,3,1.0,0,2.0,0,0,0.0,0,0.3602941176470588,0.7647058823529411,228,112,0.2,15,14,0,0,4,13,10,1,14,0,4,5,4,2,13,0,26,0.7720588235294118,26,1.5294117647058822,17,0,19,2,14,11,0,14,0,3,0,0,4,0,4,17,21,8,569,484,11,0,12,90,1.9411764705882353,44,2,1747,22,73,38,10477
2025-07-11,24,com.serwylo.retrowars.net,RetrowarsClient,listen,1,0,0.0,0,0.0,0,2,1,0,9,0,1,1,1.0,0,0,0,0,1.14,0,2.0,7,0,0.0,0,0.3602941176470588,0.7647058823529411,228,112,0.2,15,14,0,0,4,13,10,1,14,0,4,5,4,2,13,0,26,0.7720588235294118,26,1.5294117647058822,17,0,19,2,14,11,0,14,0,3,0,0,4,0,4,17,21,8,569,484,11,0,12,90,1.9411764705882353,44,2,1747,22,73,38,10477
2025-07-11,24,com.serwylo.retrowars.net,RetrowarsClient,onFatalError,1,0,0.0,2,1.0,0,2,1,0,6,0,1,1,0.6,0,3,3,3,1.5,1,2.5,2,1,0.0,0,0.3602941176470588,0.7647058823529411,228,112,0.2,15,14,0,0,4,13,10,1,14,0,4,5,4,2,13,0,26,0.7720588235294118,26,1.5294117647058822,17,0,19,2,14,11,0,14,0,3,0,0,4,0,4,17,21,8,569,484,11,0,12,90,1.9411764705882353,44,2,1747,22,73,38,10477
2025-07-11,24,com.serwylo.retrowars.net,RetrowarsClient,onStartGame,1,0,0.0,3,1.0,0,2,1,0,11,0,1,1,1.0,0,5,1,7,5.0,1,2.2222222222222223,0,1,0.0,0,0.3602941176470588,0.7647058823529411,228,112,0.2,15,14,0,0,4,13,10,1,14,0,4,5,4,2,13,0,26,0.7720588235294118,26,1.5294117647058822,17,0,19,2,14,11,0,14,0,3,0,0,4,0,4,17,21,8,569,484,11,0,12,90,1.9411764705882353,44,2,1747,22,73,38,10477
2025-07-11,24,com.serwylo.retrowars.net,RetrowarsClient,onPlayerAdded,1,0,0.0,3,1.0,0,2,1,0,5,0,1,0,0.5,0,2,1,8,0.67,1,2.3333333333333335,3,1,0.0,0,0.3602941176470588,0.7647058823529411,228,112,0.2,15,14,0,0,4,13,10,1,14,0,4,5,4,2,13,0,26,0.7720588235294118,26,1.5294117647058822,17,0,19,2,14,11,0,14,0,3,0,0,4,0,4,17,21,8,569,484,11,0,12,90,1.9411764705882353,44,2,1747,22,73,38,10477
2025-07-11,24,com.serwylo.retrowars.net,RetrowarsClient,onPlayerRemoved,1,0,0.0,2,1.0,0,2,1,0,5,0,1,0,0.6,0,2,1,7,2.0,0,2.2857142857142856,1,1,0.0,0,0.3602941176470588,0.7647058823529411,228,112,0.2,15,14,0,0,4,13,10,1,14,0,4,5,4,2,13,0,26,0.7720588235294118,26,1.5294117647058822,17,0,19,2,14,11,0,14,0,3,0,0,4,0,4,17,21,8,569,484,11,0,12,90,1.9411764705882353,44,2,1747,22,73,38,10477
2025-07-11,24,com.serwylo.retrowars.net,RetrowarsClient,onScoreChanged,3,3,1.0,2,1.0,0,2,1,0,16,1,3,2,0.4444444444444444,2,5,2,17,1.0,1,2.2777777777777777,2,1,0.0,0,0.3602941176470588,0.7647058823529411,228,112,0.2,15,14,0,0,4,13,10,1,14,0,4,5,4,2,13,0,26,0.7720588235294118,26,1.5294117647058822,17,0,19,2,14,11,0,14,0,3,0,0,4,0,4,17,21,8,569,484,11,0,12,90,1.9411764705882353,44,2,1747,22,73,38,10477
2025-07-11,24,com.serwylo.retrowars.net,RetrowarsClient,onStatusChanged,5,2,0.0,4,1.0,0,2,1,0,18,2,5,0,0.4,0,4,2,17,1.0,1,2.4705882352941178,2,1,0.0,0,0.3602941176470588,0.7647058823529411,228,112,0.2,15,14,0,0,4,13,10,1,14,0,4,5,4,2,13,0,26,0.7720588235294118,26,1.5294117647058822,17,0,19,2,14,11,0,14,0,3,0,0,4,0,4,17,21,8,569,484,11,0,12,90,1.9411764705882353,44,2,1747,22,73,38,10477
2025-07-11,24,com.serwylo.retrowars.net,RetrowarsClient,onReturnToLobby,2,1,0.0,2,1.0,0,2,1,0,12,1,2,0,0.6666666666666666,0,2,1,7,1.0,1,2.3,1,1,0.0,0,0.3602941176470588,0.7647058823529411,228,112,0.2,15,14,0,0,4,13,10,1,14,0,4,5,4,2,13,0,26,0.7720588235294118,26,1.5294117647058822,17,0,19,2,14,11,0,14,0,3,0,0,4,0,4,17,21,8,569,484,11,0,12,90,1.9411764705882353,44,2,1747,22,73,38,10477
2025-07-11,24,com.serwylo.retrowars.net,RetrowarsClient,changeStatus,1,0,1.0,2,1.0,0,2,1,0,4,0,1,1,0.25,1,1,1,4,1.0,0,3.0,1,0,0.0,0,0.3602941176470588,0.7647058823529411,228,112,0.2,15,14,0,0,4,13,10,1,14,0,4,5,4,2,13,0,26,0.7720588235294118,26,1.5294117647058822,17,0,19,2,14,11,0,14,0,3,0,0,4,0,4,17,21,8,569,484,11,0,12,90,1.9411764705882353,44,2,1747,22,73,38,10477
2025-07-11,24,com.serwylo.retrowars.net,RetrowarsClient,updateScore,2,1,2.0,2,1.0,0,2,1,0,7,1,2,3,0.3333333333333333,2,1,0,6,0.5,0,3.0,1,0,0.0,0,0.3602941176470588,0.7647058823529411,228,112,0.2,15,14,0,0,4,13,10,1,14,0,4,5,4,2,13,0,26,0.7720588235294118,26,1.5294117647058822,17,0,19,2,14,11,0,14,0,3,0,0,4,0,4,17,21,8,569,484,11,0,12,90,1.9411764705882353,44,2,1747,22,73,38,10477
2025-07-11,24,com.serwylo.retrowars.net,RetrowarsClient,close,1,0,0.0,1,1.0,0,2,1,0,3,0,1,0,1.0,0,1,0,1,1.0,1,2.0,0,0,0.0,0,0.3602941176470588,0.7647058823529411,228,112,0.2,15,14,0,0,4,13,10,1,14,0,4,5,4,2,13,0,26,0.7720588235294118,26,1.5294117647058822,17,0,19,2,14,11,0,14,0,3,0,0,4,0,4,17,21,8,569,484,11,0,12,90,1.9411764705882353,44,2,1747,22,73,38,10477
2025-07-11,24,com.serwylo.retrowars.net,RetrowarsClient,getScoreFor,1,0,0.0,0,0.0,0,2,1,0,3,0,1,0,0.5,0,1,0,0,1.0,0,0.0,1,0,0.0,0,0.3602941176470588,0.7647058823529411,228,112,0.2,15,14,0,0,4,13,10,1,14,0,4,5,4,2,13,0,26,0.7720588235294118,26,1.5294117647058822,17,0,19,2,14,11,0,14,0,3,0,0,4,0,4,17,21,8,569,484,11,0,12,90,1.9411764705882353,44,2,1747,22,73,38,10477
2025-07-11,24,com.serwylo.retrowars.net,RetrowarsClient,getNextScoreBreakpointFor,2,1,0.0,0,0.0,0,2,1,0,8,1,2,0,0.5,0,1,0,1,0.5,0,0.0,1,0,0.0,0,0.3602941176470588,0.7647058823529411,228,112,0.2,15,14,0,0,4,13,10,1,14,0,4,5,4,2,13,0,26,0.7720588235294118,26,1.5294117647058822,17,0,19,2,14,11,0,14,0,3,0,0,4,0,4,17,21,8,569,484,11,0,12,90,1.9411764705882353,44,2,1747,22,73,38,10477
2025-07-11,24,com.serwylo.retrowars.net,RetrowarsClient,incrementScoreBreakpoint,4,3,0.0,1,1.0,0,2,1,0,11,0,4,1,0.25,1,1,0,5,0.2,0,2.5,2,0,0.0,0,0.3602941176470588,0.7647058823529411,228,112,0.2,15,14,0,0,4,13,10,1,14,0,4,5,4,2,13,0,26,0.7720588235294118,26,1.5294117647058822,17,0,19,2,14,11,0,14,0,3,0,0,4,0,4,17,21,8,569,484,11,0,12,90,1.9411764705882353,44,2,1747,22,73,38,10477
2025-07-11,24,com.serwylo.retrowars.net,RetrowarsClient,startGame,1,0,1.0,1,1.0,0,2,1,0,3,0,1,0,1.0,0,1,0,3,1.0,0,4.0,0,0,0.0,0,0.3602941176470588,0.7647058823529411,228,112,0.2,15,14,0,0,4,13,10,1,14,0,4,5,4,2,13,0,26,0.7720588235294118,26,1.5294117647058822,17,0,19,2,14,11,0,14,0,3,0,0,4,0,4,17,21,8,569,484,11,0,12,90,1.9411764705882353,44,2,1747,22,73,38,10477
2025-07-11,24,com.serwylo.retrowars.net,RetrowarsServer,cleanupInactiveConnections,3,1,1.0,4,0.75,1,5,4,0,13,1,3,1,1.0,1,1,0,12,1.0,0,2.4545454545454546,0,0,0.0,0,0.28104575163398693,0.6666666666666666,403,175,0.5384615384615384,14,8,0,0,0,7,10,1,11,0,0,5,3,2,6,0,35,0.7581699346405228,35,1.9444444444444444,18,0,12,1,10,12,0,10,0,3,0,0,3,0,3,46,49,8,569,484,11,0,26,179,2.888888888888889,44,2,1747,22,73,38,10477
2025-07-11,24,com.serwylo.retrowars.net,RetrowarsServer,getRoomCount,1,0,0.0,0,0.0,1,5,4,0,1,0,1,0,1.0,1,1,0,1,1.0,1,2.0,0,0,0.0,0,0.28104575163398693,0.6666666666666666,403,175,0.5384615384615384,14,8,0,0,0,7,10,1,11,0,0,5,3,2,6,0,35,0.7581699346405228,35,1.9444444444444444,18,0,12,1,10,12,0,10,0,3,0,0,3,0,3,46,49,8,569,484,11,0,26,179,2.888888888888889,44,2,1747,22,73,38,10477
2025-07-11,24,com.serwylo.retrowars.net,RetrowarsServer,getPlayerCount,1,0,0.0,0,0.0,1,5,4,0,1,0,1,0,1.0,1,1,0,1,1.0,1,2.0,0,0,0.0,0,0.28104575163398693,0.6666666666666666,403,175,0.5384615384615384,14,8,0,0,0,7,10,1,11,0,0,5,3,2,6,0,35,0.7581699346405228,35,1.9444444444444444,18,0,12,1,10,12,0,10,0,3,0,0,3,0,3,46,49,8,569,484,11,0,26,179,2.888888888888889,44,2,1747,22,73,38,10477
2025-07-11,24,com.serwylo.retrowars.net,RetrowarsServer,getLastGameTime,1,0,0.0,0,0.0,1,5,4,0,1,0,1,0,1.0,0,1,0,0,1.0,0,0.0,0,0,0.0,0,0.28104575163398693,0.6666666666666666,403,175,0.5384615384615384,14,8,0,0,0,7,10,1,11,0,0,5,3,2,6,0,35,0.7581699346405228,35,1.9444444444444444,18,0,12,1,10,12,0,10,0,3,0,0,3,0,3,46,49,8,569,484,11,0,26,179,2.888888888888889,44,2,1747,22,73,38,10477
2025-07-11,24,com.serwylo.retrowars.net,RetrowarsServer,getLastPlayerTime,1,0,0.0,0,0.0,1,5,4,0,1,0,1,0,1.0,0,1,0,0,1.0,0,0.0,0,0,0.0,0,0.28104575163398693,0.6666666666666666,403,175,0.5384615384615384,14,8,0,0,0,7,10,1,11,0,0,5,3,2,6,0,35,0.7581699346405228,35,1.9444444444444444,18,0,12,1,10,12,0,10,0,3,0,0,3,0,3,46,49,8,569,484,11,0,26,179,2.888888888888889,44,2,1747,22,73,38,10477
2025-07-11,24,com.serwylo.retrowars.net,RetrowarsServer,getSupportedGames,1,0,0.0,0,0.0,1,5,4,0,1,0,1,0,0.0,0,0,0,0,0.0,0,2.0,0,0,0.0,0,0.28104575163398693,0.6666666666666666,403,175,0.5384615384615384,14,8,0,0,0,7,10,1,11,0,0,5,3,2,6,0,35,0.7581699346405228,35,1.9444444444444444,18,0,12,1,10,12,0,10,0,3,0,0,3,0,3,46,49,8,569,484,11,0,26,179,2.888888888888889,44,2,1747,22,73,38,10477
2025-07-11,24,com.serwylo.retrowars.net,RetrowarsServer,updateStatus,2,2,2.0,1,1.0,1,5,4,0,10,1,2,3,0.0,2,0,2,4,0.0,0,2.25,2,2,0.0,0,0.28104575163398693,0.6666666666666666,403,175,0.5384615384615384,14,8,0,0,0,7,10,1,11,0,0,5,3,2,6,0,35,0.7581699346405228,35,1.9444444444444444,18,0,12,1,10,12,0,10,0,3,0,0,3,0,3,46,49,8,569,484,11,0,26,179,2.888888888888889,44,2,1747,22,73,38,10477
2025-07-11,24,com.serwylo.retrowars.net,RetrowarsServer,changeAndBroadcastStatus,1,0,0.0,1,1.0,1,5,4,0,4,0,1,0,0.125,0,1,2,4,0.25,0,3.5,4,1,0.0,0,0.28104575163398693,0.6666666666666666,403,175,0.5384615384615384,14,8,0,0,0,7,10,1,11,0,0,5,3,2,6,0,35,0.7581699346405228,35,1.9444444444444444,18,0,12,1,10,12,0,10,0,3,0,0,3,0,3,46,49,8,569,484,11,0,26,179,2.888888888888889,44,2,1747,22,73,38,10477
2025-07-11,24,com.serwylo.retrowars.net,RetrowarsServer,checkForEndGame,11,5,2.0,6,0.8333,1,5,4,0,33,1,11,3,0.2222222222222222,2,2,3,26,0.33,1,2.3684210526315788,1,3,0.0,0,0.28104575163398693,0.6666666666666666,403,175,0.5384615384615384,14,8,0,0,0,7,10,1,11,0,0,5,3,2,6,0,35,0.7581699346405228,35,1.9444444444444444,18,0,12,1,10,12,0,10,0,3,0,0,3,0,3,46,49,8,569,484,11,0,26,179,2.888888888888889,44,2,1747,22,73,38,10477
2025-07-11,24,com.serwylo.retrowars.net,RetrowarsServer,randomGame,1,0,0.0,1,1.0,1,5,4,0,1,0,1,0,0.0,0,0,0,3,0.0,0,4.0,0,0,0.0,0,0.28104575163398693,0.6666666666666666,403,175,0.5384615384615384,14,8,0,0,0,7,10,1,11,0,0,5,3,2,6,0,35,0.7581699346405228,35,1.9444444444444444,18,0,12,1,10,12,0,10,0,3,0,0,3,0,3,46,49,8,569,484,11,0,26,179,2.888888888888889,44,2,1747,22,73,38,10477
2025-07-11,24,com.serwylo.retrowars.net,RetrowarsServer,scheduleReturnToLobby,6,1,1.0,4,1.0,1,5,4,0,19,1,6,1,0.5714285714285714,1,2,1,20,1.0,1,2.4166666666666665,1,0,0.0,0,0.28104575163398693,0.6666666666666666,403,175,0.5384615384615384,14,8,0,0,0,7,10,1,11,0,0,5,3,2,6,0,35,0.7581699346405228,35,1.9444444444444444,18,0,12,1,10,12,0,10,0,3,0,0,3,0,3,46,49,8,569,484,11,0,26,179,2.888888888888889,44,2,1747,22,73,38,10477
2025-07-11,24,com.serwylo.retrowars.net,RetrowarsServer,updateScore,2,2,1.0,2,1.0,1,5,4,0,11,1,2,2,0.16666666666666666,1,1,3,8,0.25,0,2.6666666666666665,2,2,0.0,0,0.28104575163398693,0.6666666666666666,403,175,0.5384615384615384,14,8,0,0,0,7,10,1,11,0,0,5,3,2,6,0,35,0.7581699346405228,35,1.9444444444444444,18,0,12,1,10,12,0,10,0,3,0,0,3,0,3,46,49,8,569,484,11,0,26,179,2.888888888888889,44,2,1747,22,73,38,10477
2025-07-11,24,com.serwylo.retrowars.net,RetrowarsServer,removePlayer,4,2,2.0,6,0.8333,1,5,4,0,17,1,4,3,0.5,2,2,3,15,0.67,1,2.4545454545454546,1,3,0.0,0,0.28104575163398693,0.6666666666666666,403,175,0.5384615384615384,14,8,0,0,0,7,10,1,11,0,0,5,3,2,6,0,35,0.7581699346405228,35,1.9444444444444444,18,0,12,1,10,12,0,10,0,3,0,0,3,0,3,46,49,8,569,484,11,0,26,179,2.888888888888889,44,2,1747,22,73,38,10477
2025-07-11,24,com.serwylo.retrowars.net,RetrowarsServer,logStats,1,0,0.0,1,1.0,1,5,4,0,3,0,1,0,0.0,2,1,1,3,1.0,0,2.0,0,1,0.0,0,0.28104575163398693,0.6666666666666666,403,175,0.5384615384615384,14,8,0,0,0,7,10,1,11,0,0,5,3,2,6,0,35,0.7581699346405228,35,1.9444444444444444,18,0,12,1,10,12,0,10,0,3,0,0,3,0,3,46,49,8,569,484,11,0,26,179,2.888888888888889,44,2,1747,22,73,38,10477
2025-07-11,24,com.serwylo.retrowars.net,RetrowarsServer,registerKeepAlive,2,1,0.0,3,1.0,1,5,4,0,5,0,2,0,0.0,0,0,2,8,0.0,0,2.2857142857142856,1,1,0.0,0,0.28104575163398693,0.6666666666666666,403,175,0.5384615384615384,14,8,0,0,0,7,10,1,11,0,0,5,3,2,6,0,35,0.7581699346405228,35,1.9444444444444444,18,0,12,1,10,12,0,10,0,3,0,0,3,0,3,46,49,8,569,484,11,0,26,179,2.888888888888889,44,2,1747,22,73,38,10477
2025-07-11,24,com.serwylo.retrowars.net,RetrowarsServer,newPlayer,11,4,2.0,11,0.8333,1,5,4,0,41,1,11,4,0.2,2,3,5,48,0.5,1,2.5384615384615383,3,3,0.0,0,0.28104575163398693,0.6666666666666666,403,175,0.5384615384615384,14,8,0,0,0,7,10,1,11,0,0,5,3,2,6,0,35,0.7581699346405228,35,1.9444444444444444,18,0,12,1,10,12,0,10,0,3,0,0,3,0,3,46,49,8,569,484,11,0,26,179,2.888888888888889,44,2,1747,22,73,38,10477
2025-07-11,24,com.serwylo.retrowars.net,RetrowarsServer,close,1,1,0.0,4,1.0,1,5,4,0,6,0,1,1,1.0,0,3,0,9,3.0,1,2.5,0,0,0.0,0,0.28104575163398693,0.6666666666666666,403,175,0.5384615384615384,14,8,0,0,0,7,10,1,11,0,0,5,3,2,6,0,35,0.7581699346405228,35,1.9444444444444444,18,0,12,1,10,12,0,10,0,3,0,0,3,0,3,46,49,8,569,484,11,0,26,179,2.888888888888889,44,2,1747,22,73,38,10477
2025-07-11,24,com.serwylo.retrowars.net,RetrowarsServer,startGame,2,0,0.0,5,0.6,1,5,4,0,12,1,2,0,0.4,0,2,4,17,2.0,1,2.466666666666667,1,3,0.0,0,0.28104575163398693,0.6666666666666666,403,175,0.5384615384615384,14,8,0,0,0,7,10,1,11,0,0,5,3,2,6,0,35,0.7581699346405228,35,1.9444444444444444,18,0,12,1,10,12,0,10,0,3,0,0,3,0,3,46,49,8,569,484,11,0,26,179,2.888888888888889,44,2,1747,22,73,38,10477
2025-07-11,24,com.serwylo.retrowars.scoring,HighScore,exists,1,0,0.0,0,0.0,0,0,1,0,1,0,1,0,0.0,0,0,0,0,0.0,0,0.0,0,0,0.0,0,0.0,0.0,3,1,0.0,1,0,0,0,0,0,0,0,0,0,0,0,0,0,0,0,1,0.0,1,1.0,1,0,0,0,1,0,0,1,0,1,0,0,0,0,0,1,1,8,569,484,2,0,0,0,1.0,11,0,127,22,73,3,10477
2025-07-11,24,com.serwylo.retrowars.scoring,Stats,scorePerSecond,3,0,0.0,0,0.0,0,0,1,0,1,1,3,0,1.0,0,1,0,1,1.0,0,0.0,0,0,0.0,0,0.0,1.0,9,2,0.0,2,2,0,0,0,0,0,0,2,0,0,2,0,0,0,0,4,0.0,4,2.0,2,0,2,0,2,0,0,2,0,1,0,0,0,0,0,2,2,8,569,484,2,0,0,2,3.0,11,0,127,22,73,3,10477
2025-07-11,24,com.serwylo.retrowars.scoring,Stats,scorePerMin,3,0,0.0,0,0.0,0,0,1,0,1,1,3,0,1.0,0,1,0,1,1.0,0,0.0,0,0,0.0,0,0.0,1.0,9,2,0.0,2,2,0,0,0,0,0,0,2,0,0,2,0,0,0,0,4,0.0,4,2.0,2,0,2,0,2,0,0,2,0,1,0,0,0,0,0,2,2,8,569,484,2,0,0,2,3.0,11,0,127,22,73,3,10477
2025-07-11,24,com.serwylo.retrowars.ui,GameViewport,getBottomOffset,1,0,0.0,0,0.0,0,1,1,0,1,0,1,0,1.0,0,1,0,0,1.0,0,0.0,0,0,0.0,0,0.3333333333333333,0.3333333333333333,25,10,0.0,2,1,1,1,0,3,4,0,1,0,0,3,3,3,1,0,3,0.6666666666666667,3,1.0,3,1,1,0,3,0,0,3,1,1,0,0,0,0,0,3,3,8,569,484,7,0,4,9,1.0,39,0,923,22,73,21,10477
2025-07-11,24,com.serwylo.retrowars.ui,GameViewport,update,1,0,0.0,1,1.0,0,1,1,0,5,0,1,0,0.4,1,1,1,3,0.33,2,2.5,3,1,0.0,0,0.3333333333333333,0.3333333333333333,25,10,0.0,2,1,1,1,0,3,4,0,1,0,0,3,3,3,1,0,3,0.6666666666666667,3,1.0,3,1,1,0,3,0,0,3,1,1,0,0,0,0,0,3,3,8,569,484,7,0,4,9,1.0,39,0,923,22,73,21,10477
2025-07-11,24,com.serwylo.retrowars.ui,GameViewport,renderIn,1,0,0.0,1,1.0,0,1,1,0,5,0,1,0,0.0,0,0,3,6,0.0,0,2.6666666666666665,1,3,0.0,0,0.3333333333333333,0.3333333333333333,25,10,0.0,2,1,1,1,0,3,4,0,1,0,0,3,3,3,1,0,3,0.6666666666666667,3,1.0,3,1,1,0,3,0,0,3,1,1,0,0,0,0,0,3,3,8,569,484,7,0,4,9,1.0,39,0,923,22,73,21,10477
2025-07-11,24,com.serwylo.retrowars.ui,HUD,getInputProcessor,1,0,0.0,0,0.0,0,3,1,0,1,0,1,0,1.0,0,1,0,0,1.0,0,0.0,0,0,0.0,0,0.17142857142857143,0.6666666666666666,194,86,0.25,13,16,0,0,0,11,9,0,17,0,0,11,1,1,6,0,23,0.9142857142857143,23,1.5333333333333334,15,0,16,0,13,2,0,13,2,1,0,0,0,0,0,15,15,8,569,484,7,0,4,76,2.0,39,0,923,22,73,21,10477
2025-07-11,24,com.serwylo.retrowars.ui,HUD,render,1,0,0.0,3,0.6667,0,3,1,0,5,0,1,0,0.6,0,2,0,4,1.0,1,2.3333333333333335,2,0,0.0,0,0.17142857142857143,0.6666666666666666,194,86,0.25,13,16,0,0,0,11,9,0,17,0,0,11,1,1,6,0,23,0.9142857142857143,23,1.5333333333333334,15,0,16,0,13,2,0,13,2,1,0,0,0,0,0,15,15,8,569,484,7,0,4,76,2.0,39,0,923,22,73,21,10477
2025-07-11,24,com.serwylo.retrowars.ui,HUD,setGameOverlay,1,0,0.0,2,0.5,0,3,1,0,5,0,1,0,0.6,0,2,1,2,2.0,1,2.0,1,0,0.0,0,0.17142857142857143,0.6666666666666666,194,86,0.25,13,16,0,0,0,11,9,0,17,0,0,11,1,1,6,0,23,0.9142857142857143,23,1.5333333333333334,15,0,16,0,13,2,0,13,2,1,0,0,0,0,0,15,15,8,569,484,7,0,4,76,2.0,39,0,923,22,73,21,10477
2025-07-11,24,com.serwylo.retrowars.ui,HUD,pushGameOverlay,1,0,0.0,1,1.0,0,3,1,0,4,0,1,0,0.5,0,2,1,1,2.0,1,2.0,1,0,0.0,0,0.17142857142857143,0.6666666666666666,194,86,0.25,13,16,0,0,0,11,9,0,17,0,0,11,1,1,6,0,23,0.9142857142857143,23,1.5333333333333334,15,0,16,0,13,2,0,13,2,1,0,0,0,0,0,15,15,8,569,484,7,0,4,76,2.0,39,0,923,22,73,21,10477
2025-07-11,24,com.serwylo.retrowars.ui,HUD,popGameOverlay,3,0,0.0,3,1.0,0,3,1,0,8,1,3,0,1.0,0,2,0,3,2.0,1,2.0,0,0,0.0,0,0.17142857142857143,0.6666666666666666,194,86,0.25,13,16,0,0,0,11,9,0,17,0,0,11,1,1,6,0,23,0.9142857142857143,23,1.5333333333333334,15,0,16,0,13,2,0,13,2,1,0,0,0,0,0,15,15,8,569,484,7,0,4,76,2.0,39,0,923,22,73,21,10477
2025-07-11,24,com.serwylo.retrowars.ui,HUD,addGameScore,1,0,0.0,1,1.0,0,3,1,0,3,0,1,0,0.5,0,1,0,1,1.0,1,2.0,1,0,0.0,0,0.17142857142857143,0.6666666666666666,194,86,0.25,13,16,0,0,0,11,9,0,17,0,0,11,1,1,6,0,23,0.9142857142857143,23,1.5333333333333334,15,0,16,0,13,2,0,13,2,1,0,0,0,0,0,15,15,8,569,484,7,0,4,76,2.0,39,0,923,22,73,21,10477
2025-07-11,24,com.serwylo.retrowars.ui,HUD,setPersistentMessage,3,1,0.0,4,1.0,0,3,1,0,9,0,3,0,0.7142857142857143,0,3,0,8,1.5,1,2.5,1,0,0.0,0,0.17142857142857143,0.6666666666666666,194,86,0.25,13,16,0,0,0,11,9,0,17,0,0,11,1,1,6,0,23,0.9142857142857143,23,1.5333333333333334,15,0,16,0,13,2,0,13,2,1,0,0,0,0,0,15,15,8,569,484,7,0,4,76,2.0,39,0,923,22,73,21,10477
2025-07-11,24,com.serwylo.retrowars.ui,HUD,logMessage,1,0,0.0,1,1.0,0,3,1,0,3,0,1,0,0.75,0,2,0,7,2.0,0,2.6,1,0,0.0,0,0.17142857142857143,0.6666666666666666,194,86,0.25,13,16,0,0,0,11,9,0,17,0,0,11,1,1,6,0,23,0.9142857142857143,23,1.5333333333333334,15,0,16,0,13,2,0,13,2,1,0,0,0,0,0,15,15,8,569,484,7,0,4,76,2.0,39,0,923,22,73,21,10477
2025-07-11,24,com.serwylo.retrowars.ui,HUD,showMessage,1,0,0.0,3,0.3333,0,3,1,0,5,0,1,0,0.6,0,3,0,5,1.5,0,2.6,2,0,0.0,0,0.17142857142857143,0.6666666666666666,194,86,0.25,13,16,0,0,0,11,9,0,17,0,0,11,1,1,6,0,23,0.9142857142857143,23,1.5333333333333334,15,0,16,0,13,2,0,13,2,1,0,0,0,0,0,15,15,8,569,484,7,0,4,76,2.0,39,0,923,22,73,21,10477
2025-07-11,24,com.serwylo.retrowars.ui,HUD,calcInfoHeight,1,3,0.0,2,1.0,0,3,1,0,6,0,1,0,1.0,0,1,0,9,0.33,1,2.6666666666666665,0,0,0.0,0,0.17142857142857143,0.6666666666666666,194,86,0.25,13,16,0,0,0,11,9,0,17,0,0,11,1,1,6,0,23,0.9142857142857143,23,1.5333333333333334,15,0,16,0,13,2,0,13,2,1,0,0,0,0,0,15,15,8,569,484,7,0,4,76,2.0,39,0,923,22,73,21,10477
2025-07-11,24,com.serwylo.retrowars.ui,HUD,resize,1,0,1.0,2,1.0,0,3,1,0,4,0,1,0,0.5,1,2,0,3,1.0,1,2.5,2,0,0.0,0,0.17142857142857143,0.6666666666666666,194,86,0.25,13,16,0,0,0,11,9,0,17,0,0,11,1,1,6,0,23,0.9142857142857143,23,1.5333333333333334,15,0,16,0,13,2,0,13,2,1,0,0,0,0,0,15,15,8,569,484,7,0,4,76,2.0,39,0,923,22,73,21,10477
2025-07-11,24,com.serwylo.retrowars.ui,HUD,makeAvatarTiles,11,5,0.0,10,1.0,0,3,1,0,32,3,11,0,1.0,0,1,0,28,0.43,1,2.3636363636363638,2,0,0.0,0,0.17142857142857143,0.6666666666666666,194,86,0.25,13,16,0,0,0,11,9,0,17,0,0,11,1,1,6,0,23,0.9142857142857143,23,1.5333333333333334,15,0,16,0,13,2,0,13,2,1,0,0,0,0,0,15,15,8,569,484,7,0,4,76,2.0,39,0,923,22,73,21,10477
2025-07-11,24,com.serwylo.retrowars.ui,HUD,showAttackFrom,1,1,0.0,1,1.0,0,3,1,0,4,0,1,0,0.3333333333333333,0,1,1,2,0.33,0,3.0,2,1,0.0,0,0.17142857142857143,0.6666666666666666,194,86,0.25,13,16,0,0,0,11,9,0,17,0,0,11,1,1,6,0,23,0.9142857142857143,23,1.5333333333333334,15,0,16,0,13,2,0,13,2,1,0,0,0,0,0,15,15,8,569,484,7,0,4,76,2.0,39,0,923,22,73,21,10477
2025-07-11,24,com.serwylo.retrowars.ui,HUD,refreshScores,2,0,1.0,0,0.0,0,3,1,0,8,1,2,0,1.0,1,3,0,3,3.0,0,2.0,0,0,0.0,0,0.17142857142857143,0.6666666666666666,194,86,0.25,13,16,0,0,0,11,9,0,17,0,0,11,1,1,6,0,23,0.9142857142857143,23,1.5333333333333334,15,0,16,0,13,2,0,13,2,1,0,0,0,0,0,15,15,8,569,484,7,0,4,76,2.0,39,0,923,22,73,21,10477
2025-07-11,24,com.serwylo.retrowars.ui,HUD,handleDeadPlayer,1,0,1.0,0,0.0,0,3,1,0,4,0,1,1,0.5,1,1,1,0,1.0,0,2.0,1,1,0.0,0,0.17142857142857143,0.6666666666666666,194,86,0.25,13,16,0,0,0,11,9,0,17,0,0,11,1,1,6,0,23,0.9142857142857143,23,1.5333333333333334,15,0,16,0,13,2,0,13,2,1,0,0,0,0,0,15,15,8,569,484,7,0,4,76,2.0,39,0,923,22,73,21,10477
2025-07-11,24,com.serwylo.retrowars.ui,ShakeAnimation,shake,3,0,0.0,0,0.0,0,1,1,0,4,0,3,1,1.0,0,2,1,1,2.0,0,0.0,0,0,0.0,0,0.6666666666666666,0.6666666666666666,41,28,0.0,2,4,0,0,0,1,0,0,4,0,0,0,0,0,4,0,6,0.33333333333333337,6,2.0,3,0,4,0,3,0,0,3,0,1,0,0,0,0,0,3,3,8,569,484,7,0,2,4,3.0,39,0,923,22,73,21,10477
2025-07-11,24,com.serwylo.retrowars.ui,ShakeAnimation,getY,1,0,0.0,0,0.0,0,1,1,0,1,0,1,0,1.0,0,1,0,0,1.0,0,0.0,0,0,0.0,0,0.6666666666666666,0.6666666666666666,41,28,0.0,2,4,0,0,0,1,0,0,4,0,0,0,0,0,4,0,6,0.33333333333333337,6,2.0,3,0,4,0,3,0,0,3,0,1,0,0,0,0,0,3,3,8,569,484,7,0,2,4,3.0,39,0,923,22,73,21,10477
2025-07-11,24,com.serwylo.retrowars.ui,ShakeAnimation,update,5,5,0.0,1,1.0,0,1,1,0,24,1,5,2,0.9333333333333333,0,4,1,3,0.8,1,2.0,1,0,0.0,0,0.6666666666666666,0.6666666666666666,41,28,0.0,2,4,0,0,0,1,0,0,4,0,0,0,0,0,4,0,6,0.33333333333333337,6,2.0,3,0,4,0,3,0,0,3,0,1,0,0,0,0,0,3,3,8,569,484,7,0,2,4,3.0,39,0,923,22,73,21,10477
2025-07-11,24,com.serwylo.retrowars,I18nTests,testStringFormats,1,5,0.0,7,1.0,0,0,1,0,14,0,1,0,0.0,0,0,1,24,0.0,1,3.0,0,1,0.0,0,0.0,1.0,16,14,0.0,1,0,0,0,0,0,1,0,0,0,0,0,0,0,0,0,1,0.0,1,1.0,1,0,0,0,1,0,0,1,0,1,0,0,0,0,0,1,1,8,569,484,5,0,1,24,1.0,20,0,585,22,73,29,10477
2025-07-11,24,com.serwylo.retrowars.desktop,AnalyseStats,create,1,0,0.0,1,1.0,1,0,1,0,4,0,1,0,0.0,0,0,2,3,0.0,0,3.0,0,2,0.0,0,0.0,0.0,10,4,0.0,1,0,1,1,0,0,2,0,0,0,0,1,1,1,0,0,1,0.0,1,1.0,1,1,0,0,1,0,0,1,1,1,0,0,0,0,0,1,1,8,569,484,1,0,2,3,1.0,1,0,60,22,73,1,10477
2025-07-11,24,com.serwylo.retrowars.server,ServerApp,create,2,0,0.0,3,1.0,0,0,1,0,8,0,2,0,1.0,0,1,3,16,1.0,1,2.3846153846153846,0,2,0.0,0,0.0,0.16666666666666666,26,8,0.0,6,1,6,1,0,1,2,0,2,0,0,1,1,1,1,0,1,1.0,6,1.0,6,6,1,0,6,0,0,6,1,1,0,0,0,0,0,6,6,8,569,484,1,0,3,16,2.0,6,0,138,22,73,6,10477
2025-07-11,24,com.serwylo.retrowars.server,ServerApp,resize,0,0,0.0,0,0.0,0,0,1,0,0,0,0,0,0.0,0,0,0,0,0.0,0,0.0,2,0,0.0,0,0.0,0.16666666666666666,26,8,0.0,6,1,6,1,0,1,2,0,2,0,0,1,1,1,1,0,1,1.0,6,1.0,6,6,1,0,6,0,0,6,1,1,0,0,0,0,0,6,6,8,569,484,1,0,3,16,2.0,6,0,138,22,73,6,10477
2025-07-11,24,com.serwylo.retrowars.server,ServerApp,render,0,0,0.0,0,0.0,0,0,1,0,0,0,0,0,0.0,0,0,0,0,0.0,0,0.0,0,0,0.0,0,0.0,0.16666666666666666,26,8,0.0,6,1,6,1,0,1,2,0,2,0,0,1,1,1,1,0,1,1.0,6,1.0,6,6,1,0,6,0,0,6,1,1,0,0,0,0,0,6,6,8,569,484,1,0,3,16,2.0,6,0,138,22,73,6,10477
2025-07-11,24,com.serwylo.retrowars.server,ServerApp,pause,0,0,0.0,0,0.0,0,0,1,0,0,0,0,0,0.0,0,0,0,0,0.0,0,0.0,0,0,0.0,0,0.0,0.16666666666666666,26,8,0.0,6,1,6,1,0,1,2,0,2,0,0,1,1,1,1,0,1,1.0,6,1.0,6,6,1,0,6,0,0,6,1,1,0,0,0,0,0,6,6,8,569,484,1,0,3,16,2.0,6,0,138,22,73,6,10477
2025-07-11,24,com.serwylo.retrowars.server,ServerApp,resume,0,0,0.0,0,0.0,0,0,1,0,0,0,0,0,0.0,0,0,0,0,0.0,0,0.0,0,0,0.0,0,0.0,0.16666666666666666,26,8,0.0,6,1,6,1,0,1,2,0,2,0,0,1,1,1,1,0,1,1.0,6,1.0,6,6,1,0,6,0,0,6,1,1,0,0,0,0,0,6,6,8,569,484,1,0,3,16,2.0,6,0,138,22,73,6,10477
2025-07-11,24,com.serwylo.retrowars.server,ServerApp,dispose,0,0,0.0,0,0.0,0,0,1,0,0,0,0,0,0.0,0,0,0,0,0.0,0,0.0,0,0,0.0,0,0.0,0.16666666666666666,26,8,0.0,6,1,6,1,0,1,2,0,2,0,0,1,1,1,1,0,1,1.0,6,1.0,6,6,1,0,6,0,0,6,1,1,0,0,0,0,0,6,6,8,569,484,1,0,3,16,2.0,6,0,138,22,73,6,10477
