Extraction Date,Project,Package,Class,Method,CYCLO_method,NOLV_method,CLNAMM_method,CINT_method,CDISP_method,NOII_type,NOAM_type,NOCS_type,number_constructor_NotDefaultConstructor,LOC_method,MAXNESTING_method,CC_method,NMCS_method,LAA_method,CM_method,NOAV_method,ATFD_method,FANOUT_method,ATLD_method,MaMCL_method,MeMCL_method,NOP_method,FDP_method,CFNAMM_method,Number_Final_Not_Static_Methods,TCC_type,WOC_type,LOC_type,LOCNAMM_type,CFNAMM_type,NOMNAMM_type,NOA_type,NIM_type,DIT_type,NOPA_type,CBO_type,RFC_type,isStatic_type,number_private_visibility_attributes,number_protected_visibility_attributes,number_package_visibility_attributes,num_final_attributes,num_static_attributes,num_final_static_attributes,num_not_final_not_static_attributes,NOC_type,WMC_type,LCOM5_type,WMCNAMM_type,AMW_type,NOM_type,NMO_type,num_final_not_static_attributes,num_static_not_final_attributes,number_public_visibility_methods,number_private_visibility_methods,number_protected_visibility_methods,number_package_visibility_methods,number_standard_design_methods,number_constructor_DefaultConstructor_methods,number_final_methods,number_abstract_methods,number_static_methods,number_final_static_methods,number_not_final_static_methods,number_not_final_not_static_methods,number_not_abstract_not_final_methods,NOI_project,NOM_project,NOMNAMM_project,NOCS_package,isStatic_method,ATFD_type,FANOUT_type,AMWNAMM_type,NOMNAMM_Package,NOI_Package,LOC_package,NOPK_project,NOCS_project,NOM_package,LOC_project
2025-07-11,26,com.github.shadowsocks.acl,AclTest,parse,1,0,0.0,1,1.0,0,0,1,0,4,0,1,0,0.0,0,0,1,5,0.0,0,3.0,0,1,0.0,0,0.0,0.0,29,4,0.0,1,0,0,0,0,0,1,0,0,0,0,3,3,3,0,0,1,0.0,1,1.0,1,0,0,0,1,0,0,1,1,1,0,0,0,0,0,1,1,1,427,392,4,0,1,5,1.0,19,0,871,17,83,19,10120
2025-07-11,26,com.github.shadowsocks.database,MigrationTest,migrate27,1,1,0.0,3,1.0,0,0,1,0,5,0,1,0,1.0,0,1,1,4,1.0,1,2.0,0,1,0.0,0,1.0,1.0,19,10,0.0,2,1,0,0,0,0,2,0,1,0,0,2,1,1,0,0,2,0.0,2,1.0,2,0,1,0,2,0,0,2,0,1,0,0,0,0,0,2,2,1,427,392,7,0,2,8,1.0,19,0,947,17,83,16,10120
2025-07-11,26,com.github.shadowsocks.database,MigrationTest,migrate28,1,1,0.0,3,1.0,0,0,1,0,5,0,1,0,1.0,0,1,1,4,1.0,1,2.0,0,1,0.0,0,1.0,1.0,19,10,0.0,2,1,0,0,0,0,2,0,1,0,0,2,1,1,0,0,2,0.0,2,1.0,2,0,1,0,2,0,0,2,0,1,0,0,0,0,0,2,2,1,427,392,7,0,2,8,1.0,19,0,947,17,83,16,10120
2025-07-11,26,com.github.shadowsocks.database,ProfileTest,parsing,1,1,0.0,2,1.0,0,0,1,0,5,0,1,0,0.0,0,0,1,10,0.0,2,2.8333333333333335,0,1,0.0,0,0.0,1.0,7,5,0.0,1,0,0,0,0,0,1,0,0,0,0,0,0,0,0,0,1,0.0,1,1.0,1,0,0,0,1,0,0,1,0,1,0,0,0,0,0,1,1,1,427,392,7,0,1,10,1.0,19,0,947,17,83,16,10120
2025-07-11,26,com.github.shadowsocks.net,SubnetTest,parsingAndEquals,1,0,0.0,2,0.5,0,0,1,0,7,0,1,0,0.0,0,0,1,19,0.0,0,4.3,0,1,0.0,0,0.0,1.0,32,27,0.0,4,0,0,0,0,0,1,0,0,0,0,0,0,0,0,0,4,0.8333333333333334,4,1.0,4,0,0,0,4,0,0,4,0,1,0,0,0,0,0,4,4,1,427,392,6,0,4,60,1.0,23,0,735,17,83,19,10120
2025-07-11,26,com.github.shadowsocks.net,SubnetTest,invalidParsings,1,0,0.0,1,1.0,0,0,1,0,8,0,1,0,0.0,0,0,1,5,0.0,0,2.25,0,1,0.0,0,0.0,1.0,32,27,0.0,4,0,0,0,0,0,1,0,0,0,0,0,0,0,0,0,4,0.8333333333333334,4,1.0,4,0,0,0,4,0,0,4,0,1,0,0,0,0,0,4,4,1,427,392,6,0,4,60,1.0,23,0,735,17,83,19,10120
2025-07-11,26,com.github.shadowsocks.net,SubnetTest,matching1,1,1,0.0,3,0.6667,0,0,1,0,6,0,1,0,0.0,0,0,1,17,0.0,0,6.75,0,1,0.0,0,0.0,1.0,32,27,0.0,4,0,0,0,0,0,1,0,0,0,0,0,0,0,0,0,4,0.8333333333333334,4,1.0,4,0,0,0,4,0,0,4,0,1,0,0,0,0,0,4,4,1,427,392,6,0,4,60,1.0,23,0,735,17,83,19,10120
2025-07-11,26,com.github.shadowsocks.net,SubnetTest,matching2,1,1,0.0,3,0.6667,0,0,1,0,6,0,1,0,0.0,0,0,1,19,0.0,0,6.75,0,1,0.0,0,0.0,1.0,32,27,0.0,4,0,0,0,0,0,1,0,0,0,0,0,0,0,0,0,4,0.8333333333333334,4,1.0,4,0,0,0,4,0,0,4,0,1,0,0,0,0,0,4,4,1,427,392,6,0,4,60,1.0,23,0,735,17,83,19,10120
2025-07-11,26,com.github.shadowsocks,BootReceiver,onReceive,6,1,0.0,3,1.0,1,0,1,0,12,1,6,0,0.0,0,0,0,3,0.0,1,2.2,2,0,0.0,0,0.0,1.0,22,12,0.0,1,0,1,2,0,2,0,0,1,0,1,2,2,2,0,0,3,0.0,3,3.0,1,1,0,1,1,0,0,1,0,1,0,0,0,0,0,1,1,1,427,392,16,0,0,3,6.0,85,0,2507,17,83,88,10120
2025-07-11,26,com.github.shadowsocks,UrlImportActivity,onCreate,3,0,1.0,2,1.0,1,0,3,0,10,1,3,1,0.0,2,0,0,8,0.0,1,2.4,1,0,0.0,0,0.0,1.0,41,17,0.5,2,0,1,4,0,1,0,0,0,0,0,0,0,0,0,0,4,1.0,4,2.0,2,1,0,0,1,1,0,1,1,1,0,0,0,0,0,5,5,1,427,392,16,0,0,19,3.0,85,0,2507,17,83,88,10120
2025-07-11,26,com.github.shadowsocks,UrlImportActivity,handleShareIntent,3,1,0.0,3,1.0,1,0,3,0,7,1,3,0,0.0,0,0,0,11,0.0,0,2.8,0,0,0.0,0,0.0,1.0,41,17,0.5,2,0,1,4,0,1,0,0,0,0,0,0,0,0,0,0,4,1.0,4,2.0,2,1,0,0,1,1,0,1,1,1,0,0,0,0,0,5,5,1,427,392,16,0,0,19,3.0,85,0,2507,17,83,88,10120
2025-07-11,26,com.github.shadowsocks,VpnRequestActivity,onCreate,4,0,0.0,4,1.0,1,0,1,0,11,1,4,0,0.8,1,2,0,6,2.0,1,2.0,1,0,0.0,0,1.0,1.0,25,15,0.0,2,2,2,4,0,1,0,0,2,0,0,1,0,0,1,0,5,1.0,5,2.5,2,2,2,0,2,0,0,2,1,1,0,0,0,0,0,2,2,1,427,392,16,0,0,7,3.0,85,0,2507,17,83,88,10120
2025-07-11,26,com.github.shadowsocks,VpnRequestActivity,onDestroy,2,0,0.0,0,0.0,1,0,1,0,4,1,2,0,1.0,1,1,0,1,1.0,1,2.0,0,0,0.0,0,1.0,1.0,25,15,0.0,2,2,2,4,0,1,0,0,2,0,0,1,0,0,1,0,5,1.0,5,2.5,2,2,2,0,2,0,0,2,1,1,0,0,0,0,0,2,2,1,427,392,16,0,0,7,3.0,85,0,2507,17,83,88,10120
2025-07-11,26,com.github.shadowsocks.acl,Acl,fromAcl,5,0,0.0,5,0.625,0,0,2,0,12,4,5,0,0.7368421052631579,0,5,1,16,5.0,1,2.3076923076923075,1,0,0.0,0,0.6,0.8,168,69,0.4,5,5,1,0,5,5,5,1,1,0,6,14,10,10,1,0,17,0.7,17,3.4,5,1,5,1,5,0,0,5,3,1,0,0,3,0,3,6,9,1,427,392,4,0,2,63,4.6,19,0,871,17,83,19,10120
2025-07-11,26,com.github.shadowsocks.acl,Acl,fromReader,2,1,0.0,2,1.0,0,0,2,0,10,1,2,0,0.8666666666666667,0,5,0,6,2.5,1,2.1666666666666665,2,0,0.0,0,0.6,0.8,168,69,0.4,5,5,1,0,5,5,5,1,1,0,6,14,10,10,1,0,17,0.7,17,3.4,5,1,5,1,5,0,0,5,3,1,0,0,3,0,3,6,9,1,427,392,4,0,2,63,4.6,19,0,871,17,83,19,10120
2025-07-11,26,com.github.shadowsocks.acl,Acl,fromId,3,0,1.0,1,1.0,0,0,2,0,5,1,3,1,0.0,1,0,0,2,0.0,1,2.0,1,0,0.0,0,0.6,0.8,168,69,0.4,5,5,1,0,5,5,5,1,1,0,6,14,10,10,1,0,17,0.7,17,3.4,5,1,5,1,5,0,0,5,3,1,0,0,3,0,3,6,9,1,427,392,4,0,2,63,4.6,19,0,871,17,83,19,10120
2025-07-11,26,com.github.shadowsocks.acl,Acl,flatten,7,1,1.0,7,0.75,0,0,2,0,16,4,7,0,0.7777777777777778,2,5,0,22,1.67,1,2.3333333333333335,2,0,0.0,0,0.6,0.8,168,69,0.4,5,5,1,0,5,5,5,1,1,0,6,14,10,10,1,0,17,0.7,17,3.4,5,1,5,1,5,0,0,5,3,1,0,0,3,0,3,6,9,1,427,392,4,0,2,63,4.6,19,0,871,17,83,19,10120
2025-07-11,26,com.github.shadowsocks.acl,Acl,<T> parse,6,3,0.0,4,1.0,0,0,2,0,26,1,6,0,1.0,1,5,1,17,1.67,5,2.6315789473684212,0,1,0.0,0,0.6,0.8,168,69,0.4,5,5,1,0,5,5,5,1,1,0,6,14,10,10,1,0,17,0.7,17,3.4,5,1,5,1,5,0,0,5,3,1,0,0,3,0,3,6,9,1,427,392,4,1,2,63,4.6,19,0,871,17,83,19,10120
2025-07-11,26,com.github.shadowsocks.acl,AclSyncer,schedule,5,3,0.0,7,1.0,0,0,1,0,10,2,5,0,0.0,0,0,0,17,0.0,2,2.4545454545454546,0,0,0.0,0,0.0,1.0,34,10,0.0,1,0,1,1,0,1,0,1,1,0,0,1,1,1,0,0,2,0.0,2,2.0,1,1,0,0,1,0,0,1,0,1,0,0,1,0,1,1,2,1,427,392,4,1,0,17,5.0,19,0,871,17,83,19,10120
2025-07-11,26,com.github.shadowsocks.aidl,ShadowsocksConnection,onServiceConnected,5,1,0.0,4,1.0,0,0,2,0,13,3,5,0,1.0,1,4,0,8,2.0,1,2.142857142857143,2,0,0.0,0,0.9333333333333333,1.0,120,55,0.3333333333333333,6,7,3,1,2,4,4,0,5,0,3,3,1,1,5,0,12,0.2666666666666667,12,2.0,6,3,7,0,5,1,0,5,0,1,0,0,0,0,0,15,15,1,427,392,2,0,4,28,3.6666666666666665,7,0,199,17,83,7,10120
2025-07-11,26,com.github.shadowsocks.aidl,ShadowsocksConnection,onServiceDisconnected,1,0,1.0,0,0.0,0,0,2,0,6,0,1,1,1.0,2,3,1,1,3.0,1,2.0,1,1,0.0,0,0.9333333333333333,1.0,120,55,0.3333333333333333,6,7,3,1,2,4,4,0,5,0,3,3,1,1,5,0,12,0.2666666666666667,12,2.0,6,3,7,0,5,1,0,5,0,1,0,0,0,0,0,15,15,1,427,392,2,0,4,28,3.6666666666666665,7,0,199,17,83,7,10120
2025-07-11,26,com.github.shadowsocks.aidl,ShadowsocksConnection,binderDied,1,0,0.0,1,1.0,0,0,2,0,5,0,1,0,1.0,0,3,0,5,3.0,0,2.6666666666666665,0,0,0.0,0,0.9333333333333333,1.0,120,55,0.3333333333333333,6,7,3,1,2,4,4,0,5,0,3,3,1,1,5,0,12,0.2666666666666667,12,2.0,6,3,7,0,5,1,0,5,0,1,0,0,0,0,0,15,15,1,427,392,2,0,4,28,3.6666666666666665,7,0,199,17,83,7,10120
2025-07-11,26,com.github.shadowsocks.aidl,ShadowsocksConnection,unregisterCallback,4,1,0.0,0,0.0,0,0,2,0,7,1,4,0,1.0,1,2,0,3,4.0,1,2.0,0,0,0.0,0,0.9333333333333333,1.0,120,55,0.3333333333333333,6,7,3,1,2,4,4,0,5,0,3,3,1,1,5,0,12,0.2666666666666667,12,2.0,6,3,7,0,5,1,0,5,0,1,0,0,0,0,0,15,15,1,427,392,2,0,4,28,3.6666666666666665,7,0,199,17,83,7,10120
2025-07-11,26,com.github.shadowsocks.aidl,ShadowsocksConnection,connect,2,1,0.0,3,1.0,0,0,2,0,8,1,2,1,0.7142857142857143,0,1,2,6,1.0,0,2.2,2,2,0.0,0,0.9333333333333333,1.0,120,55,0.3333333333333333,6,7,3,1,2,4,4,0,5,0,3,3,1,1,5,0,12,0.2666666666666667,12,2.0,6,3,7,0,5,1,0,5,0,1,0,0,0,0,0,15,15,1,427,392,2,0,4,28,3.6666666666666665,7,0,199,17,83,7,10120
2025-07-11,26,com.github.shadowsocks.aidl,ShadowsocksConnection,disconnect,9,0,1.0,3,1.0,0,0,2,0,16,3,9,2,0.8888888888888888,1,5,1,5,5.0,1,2.0,1,1,0.0,0,0.9333333333333333,1.0,120,55,0.3333333333333333,6,7,3,1,2,4,4,0,5,0,3,3,1,1,5,0,12,0.2666666666666667,12,2.0,6,3,7,0,5,1,0,5,0,1,0,0,0,0,0,15,15,1,427,392,2,0,4,28,3.6666666666666665,7,0,199,17,83,7,10120
2025-07-11,26,com.github.shadowsocks.aidl,TrafficStats,plus,1,0,0.0,1,1.0,0,0,1,0,1,0,1,0,0.0,0,0,0,4,0.0,0,2.0,1,0,0.0,0,0.0,1.0,3,1,0.0,1,0,0,1,0,0,0,0,0,0,0,0,0,0,0,0,1,0.0,1,1.0,1,0,0,0,1,0,0,1,0,1,0,0,0,0,0,1,1,1,427,392,2,0,0,4,1.0,7,0,199,17,83,7,10120
2025-07-11,26,com.github.shadowsocks.bg,GuardedProcessPool,start,1,0,0.0,2,1.0,0,0,2,0,7,0,1,1,0.0,1,0,2,4,0.0,0,2.0,2,2,0.0,0,0.0,0.5,81,11,0.0,2,1,0,2,0,3,4,0,1,0,0,2,1,1,0,0,2,1.0,2,1.0,2,0,1,0,2,0,0,2,0,1,0,0,0,0,0,5,5,1,427,392,9,0,3,8,1.0,42,0,1485,17,83,42,10120
2025-07-11,26,com.github.shadowsocks.bg,GuardedProcessPool,close,1,0,0.0,1,1.0,0,0,2,0,4,0,1,0,0.5,0,1,1,4,1.0,0,2.0,1,1,0.0,0,0.0,0.5,81,11,0.0,2,1,0,2,0,3,4,0,1,0,0,2,1,1,0,0,2,1.0,2,1.0,2,0,1,0,2,0,0,2,0,1,0,0,0,0,0,5,5,1,427,392,9,0,3,8,1.0,42,0,1485,17,83,42,10120
2025-07-11,26,com.github.shadowsocks.bg,LocalDnsWorker,acceptInternal,1,0,0.0,0,0.0,0,0,1,0,1,0,1,0,0.0,0,0,0,1,0.0,0,0.0,1,0,0.0,0,0.0,0.5,36,33,0.0,2,0,2,2,0,1,1,0,0,0,0,0,0,0,0,0,3,1.0,3,1.5,2,2,0,0,2,0,0,2,0,1,0,0,0,0,0,2,2,1,427,392,9,0,1,22,6.0,42,0,1485,17,83,42,10120
2025-07-11,26,com.github.shadowsocks.bg,LocalDnsWorker,accept,11,3,0.0,8,0.9167,0,0,1,0,32,3,11,0,0.0,0,0,1,21,0.0,1,2.2777777777777777,1,1,0.0,0,0.0,0.5,36,33,0.0,2,0,2,2,0,1,1,0,0,0,0,0,0,0,0,0,3,1.0,3,1.5,2,2,0,0,2,0,0,2,0,1,0,0,0,0,0,2,2,1,427,392,9,0,1,22,6.0,42,0,1485,17,83,42,10120
2025-07-11,26,com.github.shadowsocks.bg,ProxyInstance,start,11,2,0.0,19,0.9091,0,0,1,0,42,3,11,0,0.4,1,2,3,39,0.43,1,2.2222222222222223,5,2,0.0,0,0.3333333333333333,1.0,74,54,0.0,3,3,0,0,2,5,5,0,1,0,2,1,0,0,2,0,9,0.33333333333333337,9,3.0,3,0,3,0,3,0,0,3,0,1,0,0,0,0,0,3,3,1,427,392,9,0,3,45,4.666666666666667,42,0,1485,17,83,42,10120
2025-07-11,26,com.github.shadowsocks.bg,ProxyInstance,scheduleUpdate,2,0,0.0,1,1.0,0,0,1,0,3,1,2,0,0.0,0,0,0,3,0.0,0,2.0,0,0,0.0,0,0.3333333333333333,1.0,74,54,0.0,3,3,0,0,2,5,5,0,1,0,2,1,0,0,2,0,9,0.33333333333333337,9,3.0,3,0,3,0,3,0,0,3,0,1,0,0,0,0,0,3,3,1,427,392,9,0,3,45,4.666666666666667,42,0,1485,17,83,42,10120
2025-07-11,26,com.github.shadowsocks.bg,ProxyInstance,shutdown,1,0,0.0,2,1.0,0,0,1,0,9,0,1,0,0.8,1,2,0,3,2.0,1,2.0,1,0,0.0,0,0.3333333333333333,1.0,74,54,0.0,3,3,0,0,2,5,5,0,1,0,2,1,0,0,2,0,9,0.33333333333333337,9,3.0,3,0,3,0,3,0,0,3,0,1,0,0,0,0,0,3,3,1,427,392,9,0,3,45,4.666666666666667,42,0,1485,17,83,42,10120
2025-07-11,26,com.github.shadowsocks.bg,ProxyService,createNotification,1,0,0.0,0,0.0,1,0,1,0,1,0,1,0,0.0,0,0,0,1,0.0,0,0.0,1,0,0.0,0,0.0,0.25,16,7,0.0,4,2,4,3,0,5,1,0,0,0,0,2,0,0,0,0,4,1.0,4,1.0,4,4,2,0,4,0,0,4,1,1,0,0,0,0,0,4,4,1,427,392,9,0,0,5,1.0,42,0,1485,17,83,42,10120
2025-07-11,26,com.github.shadowsocks.bg,ProxyService,onBind,1,0,0.0,0,0.0,1,0,1,0,1,0,1,0,0.0,1,0,0,0,0.0,1,2.0,1,0,0.0,0,0.0,0.25,16,7,0.0,4,2,4,3,0,5,1,0,0,0,0,2,0,0,0,0,4,1.0,4,1.0,4,4,2,0,4,0,0,4,1,1,0,0,0,0,0,4,4,1,427,392,9,0,0,5,1.0,42,0,1485,17,83,42,10120
2025-07-11,26,com.github.shadowsocks.bg,ProxyService,onStartCommand,1,0,0.0,1,1.0,1,0,1,0,1,0,1,0,0.0,1,0,0,2,0.0,0,3.0,3,0,0.0,0,0.0,0.25,16,7,0.0,4,2,4,3,0,5,1,0,0,0,0,2,0,0,0,0,4,1.0,4,1.0,4,4,2,0,4,0,0,4,1,1,0,0,0,0,0,4,4,1,427,392,9,0,0,5,1.0,42,0,1485,17,83,42,10120
2025-07-11,26,com.github.shadowsocks.bg,ProxyService,onDestroy,1,0,0.0,1,1.0,1,0,1,0,4,0,1,0,1.0,1,1,0,2,1.0,1,2.5,0,0,0.0,0,0.0,0.25,16,7,0.0,4,2,4,3,0,5,1,0,0,0,0,2,0,0,0,0,4,1.0,4,1.0,4,4,2,0,4,0,0,4,1,1,0,0,0,0,0,4,4,1,427,392,9,0,0,5,1.0,42,0,1485,17,83,42,10120
2025-07-11,26,com.github.shadowsocks.bg,ServiceNotification,onReceive,2,0,1.0,1,1.0,0,0,1,0,3,1,2,1,0.0,1,0,0,6,0.0,0,2.5,2,0,0.0,0,0.0,0.5,58,19,0.5,4,3,1,2,0,3,2,0,3,0,0,2,0,0,1,0,6,0.8333333333333334,6,1.5,4,1,3,0,2,2,0,2,0,1,0,0,0,0,0,7,7,1,427,392,9,0,2,18,2.0,42,0,1485,17,83,42,10120
2025-07-11,26,com.github.shadowsocks.bg,ServiceNotification,updateCallback,4,0,0.0,1,1.0,0,0,1,0,10,1,4,0,0.8571428571428571,0,2,0,7,2.0,0,4.0,1,0,0.0,0,0.0,0.5,58,19,0.5,4,3,1,2,0,3,2,0,3,0,0,2,0,0,1,0,6,0.8333333333333334,6,1.5,4,1,3,0,2,2,0,2,0,1,0,0,0,0,0,7,7,1,427,392,9,0,2,18,2.0,42,0,1485,17,83,42,10120
2025-07-11,26,com.github.shadowsocks.bg,ServiceNotification,show,1,0,0.0,1,1.0,0,0,1,0,1,0,1,0,1.0,0,1,0,2,1.0,0,2.0,0,0,0.0,0,0.0,0.5,58,19,0.5,4,3,1,2,0,3,2,0,3,0,0,2,0,0,1,0,6,0.8333333333333334,6,1.5,4,1,3,0,2,2,0,2,0,1,0,0,0,0,0,7,7,1,427,392,9,0,2,18,2.0,42,0,1485,17,83,42,10120
2025-07-11,26,com.github.shadowsocks.bg,ServiceNotification,destroy,1,0,1.0,2,1.0,0,0,1,0,5,0,1,1,0.0,1,0,2,3,0.0,1,2.0,0,2,0.0,0,0.0,0.5,58,19,0.5,4,3,1,2,0,3,2,0,3,0,0,2,0,0,1,0,6,0.8333333333333334,6,1.5,4,1,3,0,2,2,0,2,0,1,0,0,0,0,0,7,7,1,427,392,9,0,2,18,2.0,42,0,1485,17,83,42,10120
2025-07-11,26,com.github.shadowsocks.bg,TrafficMonitor,requestUpdate,6,3,0.0,6,0.8333,0,0,1,0,26,2,6,0,1.0,0,4,1,9,1.33,1,2.125,0,0,0.0,0,1.0,1.0,82,45,0.0,2,6,0,0,3,2,1,0,3,0,3,2,0,0,4,0,7,1.0,7,3.5,2,0,6,0,2,0,0,2,0,1,0,0,0,0,0,3,3,1,427,392,9,0,2,20,5.0,42,0,1485,17,83,42,10120
2025-07-11,26,com.github.shadowsocks.bg,TrafficMonitor,persistStats,4,3,0.0,6,0.8333,0,0,1,0,19,2,4,0,0.8,0,2,1,11,1.0,1,2.125,1,1,0.0,0,1.0,1.0,82,45,0.0,2,6,0,0,3,2,1,0,3,0,3,2,0,0,4,0,7,1.0,7,3.5,2,0,6,0,2,0,0,2,0,1,0,0,0,0,0,3,3,1,427,392,9,0,2,20,5.0,42,0,1485,17,83,42,10120
2025-07-11,26,com.github.shadowsocks.bg,TransproxyService,createNotification,1,0,0.0,0,0.0,1,0,1,0,1,0,1,0,0.0,0,0,0,1,0.0,0,0.0,1,0,0.0,0,0.06666666666666667,0.3333333333333333,40,29,0.16666666666666666,6,2,5,3,0,5,3,0,0,0,0,2,0,0,0,0,6,1.0,6,1.0,6,5,2,0,5,1,0,5,1,1,0,0,0,0,0,6,6,1,427,392,9,0,2,15,1.0,42,0,1485,17,83,42,10120
2025-07-11,26,com.github.shadowsocks.bg,TransproxyService,onBind,1,0,0.0,0,0.0,1,0,1,0,1,0,1,0,0.0,1,0,0,0,0.0,1,2.0,1,0,0.0,0,0.06666666666666667,0.3333333333333333,40,29,0.16666666666666666,6,2,5,3,0,5,3,0,0,0,0,2,0,0,0,0,6,1.0,6,1.0,6,5,2,0,5,1,0,5,1,1,0,0,0,0,0,6,6,1,427,392,9,0,2,15,1.0,42,0,1485,17,83,42,10120
2025-07-11,26,com.github.shadowsocks.bg,TransproxyService,onStartCommand,1,0,0.0,1,1.0,1,0,1,0,1,0,1,0,0.0,1,0,0,2,0.0,0,3.0,3,0,0.0,0,0.06666666666666667,0.3333333333333333,40,29,0.16666666666666666,6,2,5,3,0,5,3,0,0,0,0,2,0,0,0,0,6,1.0,6,1.0,6,5,2,0,5,1,0,5,1,1,0,0,0,0,0,6,6,1,427,392,9,0,2,15,1.0,42,0,1485,17,83,42,10120
2025-07-11,26,com.github.shadowsocks.bg,TransproxyService,startRedsocksDaemon,1,0,0.0,2,1.0,1,0,1,0,18,0,1,0,1.0,0,1,1,10,1.0,0,2.7777777777777777,0,1,0.0,0,0.06666666666666667,0.3333333333333333,40,29,0.16666666666666666,6,2,5,3,0,5,3,0,0,0,0,2,0,0,0,0,6,1.0,6,1.0,6,5,2,0,5,1,0,5,1,1,0,0,0,0,0,6,6,1,427,392,9,0,2,15,1.0,42,0,1485,17,83,42,10120
2025-07-11,26,com.github.shadowsocks.bg,TransproxyService,startProcesses,1,0,1.0,0,0.0,1,0,1,0,4,0,1,1,0.0,2,0,1,0,0.0,1,2.0,0,1,0.0,0,0.06666666666666667,0.3333333333333333,40,29,0.16666666666666666,6,2,5,3,0,5,3,0,0,0,0,2,0,0,0,0,6,1.0,6,1.0,6,5,2,0,5,1,0,5,1,1,0,0,0,0,0,6,6,1,427,392,9,0,2,15,1.0,42,0,1485,17,83,42,10120
2025-07-11,26,com.github.shadowsocks.bg,TransproxyService,onDestroy,1,0,0.0,1,1.0,1,0,1,0,4,0,1,0,1.0,1,1,0,2,1.0,1,2.5,0,0,0.0,0,0.06666666666666667,0.3333333333333333,40,29,0.16666666666666666,6,2,5,3,0,5,3,0,0,0,0,2,0,0,0,0,6,1.0,6,1.0,6,5,2,0,5,1,0,5,1,1,0,0,0,0,0,6,6,1,427,392,9,0,2,15,1.0,42,0,1485,17,83,42,10120
2025-07-11,26,com.github.shadowsocks.bg,VpnService,createNotification,1,0,0.0,0,0.0,1,0,3,0,1,0,1,0,0.0,0,0,0,1,0.0,0,0.0,1,0,0.0,0,0.06060606060606061,0.5833333333333334,171,90,0.16666666666666666,12,9,10,1,0,9,6,0,11,0,0,10,5,5,4,0,24,0.9242424242424242,24,2.0,12,10,9,0,10,2,0,10,1,1,0,0,1,0,1,14,15,1,427,392,9,0,5,86,2.75,42,0,1485,17,83,42,10120
2025-07-11,26,com.github.shadowsocks.bg,VpnService,onBind,3,0,0.0,2,1.0,1,0,3,0,4,2,3,0,0.0,1,0,0,4,0.0,1,2.3333333333333335,1,0,0.0,0,0.06060606060606061,0.5833333333333334,171,90,0.16666666666666666,12,9,10,1,0,9,6,0,11,0,0,10,5,5,4,0,24,0.9242424242424242,24,2.0,12,10,9,0,10,2,0,10,1,1,0,0,1,0,1,14,15,1,427,392,9,0,5,86,2.75,42,0,1485,17,83,42,10120
2025-07-11,26,com.github.shadowsocks.bg,VpnService,onRevoke,1,0,0.0,0,0.0,1,0,3,0,1,0,1,0,0.0,0,0,0,1,0.0,0,0.0,0,0,0.0,0,0.06060606060606061,0.5833333333333334,171,90,0.16666666666666666,12,9,10,1,0,9,6,0,11,0,0,10,5,5,4,0,24,0.9242424242424242,24,2.0,12,10,9,0,10,2,0,10,1,1,0,0,1,0,1,14,15,1,427,392,9,0,5,86,2.75,42,0,1485,17,83,42,10120
2025-07-11,26,com.github.shadowsocks.bg,VpnService,killProcesses,1,0,0.0,3,1.0,1,0,3,0,9,0,1,0,0.625,1,3,1,4,3.0,1,2.0,1,1,0.0,0,0.06060606060606061,0.5833333333333334,171,90,0.16666666666666666,12,9,10,1,0,9,6,0,11,0,0,10,5,5,4,0,24,0.9242424242424242,24,2.0,12,10,9,0,10,2,0,10,1,1,0,0,1,0,1,14,15,1,427,392,9,0,5,86,2.75,42,0,1485,17,83,42,10120
2025-07-11,26,com.github.shadowsocks.bg,VpnService,onStartCommand,1,0,0.0,1,1.0,1,0,3,0,1,0,1,0,0.0,1,0,0,2,0.0,0,3.0,3,0,0.0,0,0.06060606060606061,0.5833333333333334,171,90,0.16666666666666666,12,9,10,1,0,9,6,0,11,0,0,10,5,5,4,0,24,0.9242424242424242,24,2.0,12,10,9,0,10,2,0,10,1,1,0,0,1,0,1,14,15,1,427,392,9,0,5,86,2.75,42,0,1485,17,83,42,10120
2025-07-11,26,com.github.shadowsocks.bg,VpnService,preInit,1,0,0.0,1,1.0,1,0,3,0,1,0,1,0,1.0,0,1,0,1,1.0,1,2.0,0,0,0.0,0,0.06060606060606061,0.5833333333333334,171,90,0.16666666666666666,12,9,10,1,0,9,6,0,11,0,0,10,5,5,4,0,24,0.9242424242424242,24,2.0,12,10,9,0,10,2,0,10,1,1,0,0,1,0,1,14,15,1,427,392,9,0,5,86,2.75,42,0,1485,17,83,42,10120
2025-07-11,26,com.github.shadowsocks.bg,VpnService,rawResolver,1,0,0.0,1,1.0,1,0,3,0,1,0,1,0,0.5,0,1,0,1,1.0,1,2.0,1,0,0.0,0,0.06060606060606061,0.5833333333333334,171,90,0.16666666666666666,12,9,10,1,0,9,6,0,11,0,0,10,5,5,4,0,24,0.9242424242424242,24,2.0,12,10,9,0,10,2,0,10,1,1,0,0,1,0,1,14,15,1,427,392,9,0,5,86,2.75,42,0,1485,17,83,42,10120
2025-07-11,26,com.github.shadowsocks.bg,VpnService,openConnection,1,0,0.0,1,1.0,1,0,3,0,1,0,1,0,0.0,1,0,0,2,0.0,2,3.0,1,0,0.0,0,0.06060606060606061,0.5833333333333334,171,90,0.16666666666666666,12,9,10,1,0,9,6,0,11,0,0,10,5,5,4,0,24,0.9242424242424242,24,2.0,12,10,9,0,10,2,0,10,1,1,0,0,1,0,1,14,15,1,427,392,9,0,5,86,2.75,42,0,1485,17,83,42,10120
2025-07-11,26,com.github.shadowsocks.bg,VpnService,startProcesses,1,0,2.0,1,1.0,1,0,3,0,5,0,1,1,1.0,3,1,2,1,1.0,1,2.0,0,1,0.0,0,0.06060606060606061,0.5833333333333334,171,90,0.16666666666666666,12,9,10,1,0,9,6,0,11,0,0,10,5,5,4,0,24,0.9242424242424242,24,2.0,12,10,9,0,10,2,0,10,1,1,0,0,1,0,1,14,15,1,427,392,9,0,5,86,2.75,42,0,1485,17,83,42,10120
2025-07-11,26,com.github.shadowsocks.bg,VpnService,startVpn,16,6,1.0,19,0.8,1,0,3,0,46,5,16,1,1.0,1,4,2,53,1.0,1,2.511111111111111,0,1,0.0,0,0.06060606060606061,0.5833333333333334,171,90,0.16666666666666666,12,9,10,1,0,9,6,0,11,0,0,10,5,5,4,0,24,0.9242424242424242,24,2.0,12,10,9,0,10,2,0,10,1,1,0,0,1,0,1,14,15,1,427,392,9,0,5,86,2.75,42,0,1485,17,83,42,10120
2025-07-11,26,com.github.shadowsocks.bg,VpnService,sendFd,5,2,0.0,5,0.6,1,0,3,0,16,1,5,0,0.0,0,0,0,14,0.33,1,2.4285714285714284,1,0,0.0,0,0.06060606060606061,0.5833333333333334,171,90,0.16666666666666666,12,9,10,1,0,9,6,0,11,0,0,10,5,5,4,0,24,0.9242424242424242,24,2.0,12,10,9,0,10,2,0,10,1,1,0,0,1,0,1,14,15,1,427,392,9,0,5,86,2.75,42,0,1485,17,83,42,10120
2025-07-11,26,com.github.shadowsocks.bg,VpnService,<T> FileDescriptor.use,1,0,0.0,1,1.0,1,0,3,0,4,0,1,0,1.0,1,1,0,2,1.0,1,2.5,0,0,0.0,0,0.06060606060606061,0.5833333333333334,171,90,0.16666666666666666,12,9,10,1,0,9,6,0,11,0,0,10,5,5,4,0,24,0.9242424242424242,24,2.0,12,10,9,0,10,2,0,10,1,1,0,0,1,0,1,14,15,1,427,392,9,1,5,86,2.75,42,0,1485,17,83,42,10120
2025-07-11,26,com.github.shadowsocks.database,KeyValuePair,put,2,0,0.0,1,1.0,0,0,2,1,5,0,2,0,1.0,6,1,2,4,2.0,0,2.6666666666666665,1,0,0.0,0,0.0,1.0,103,37,0.0,6,9,0,0,7,6,0,0,0,0,7,15,7,7,1,0,7,0.0,7,1.1666666666666667,6,0,9,0,6,0,0,6,0,1,0,0,0,0,0,9,9,1,427,392,7,0,2,10,2.0,19,0,947,17,83,16,10120
2025-07-11,26,com.github.shadowsocks.database,KeyValuePair,put,1,0,0.0,1,1.0,0,0,2,1,5,0,1,0,1.0,0,1,2,3,2.0,0,3.0,1,0,0.0,0,0.0,1.0,103,37,0.0,6,9,0,0,7,6,0,0,0,0,7,15,7,7,1,0,7,0.0,7,1.1666666666666667,6,0,9,0,6,0,0,6,0,1,0,0,0,0,0,9,9,1,427,392,7,0,2,10,2.0,19,0,947,17,83,16,10120
2025-07-11,26,com.github.shadowsocks.database,KeyValuePair,put,1,0,0.0,1,1.0,0,0,2,1,5,0,1,0,1.0,0,1,2,3,2.0,0,3.0,1,0,0.0,0,0.0,1.0,103,37,0.0,6,9,0,0,7,6,0,0,0,0,7,15,7,7,1,0,7,0.0,7,1.1666666666666667,6,0,9,0,6,0,0,6,0,1,0,0,0,0,0,9,9,1,427,392,7,0,2,10,2.0,19,0,947,17,83,16,10120
2025-07-11,26,com.github.shadowsocks.database,KeyValuePair,put,1,0,0.0,1,1.0,0,0,2,1,5,0,1,0,1.0,0,1,2,3,2.0,0,3.0,1,0,0.0,0,0.0,1.0,103,37,0.0,6,9,0,0,7,6,0,0,0,0,7,15,7,7,1,0,7,0.0,7,1.1666666666666667,6,0,9,0,6,0,0,6,0,1,0,0,0,0,0,9,9,1,427,392,7,0,2,10,2.0,19,0,947,17,83,16,10120
2025-07-11,26,com.github.shadowsocks.database,KeyValuePair,put,1,0,0.0,1,1.0,0,0,2,1,5,0,1,0,1.0,0,1,1,1,2.0,0,2.0,1,0,0.0,0,0.0,1.0,103,37,0.0,6,9,0,0,7,6,0,0,0,0,7,15,7,7,1,0,7,0.0,7,1.1666666666666667,6,0,9,0,6,0,0,6,0,1,0,0,0,0,0,9,9,1,427,392,7,0,2,10,2.0,19,0,947,17,83,16,10120
2025-07-11,26,com.github.shadowsocks.database,KeyValuePair,put,2,2,0.0,4,1.0,0,0,2,1,12,1,2,0,1.0,0,1,2,10,1.0,1,2.6666666666666665,1,0,0.0,0,0.0,1.0,103,37,0.0,6,9,0,0,7,6,0,0,0,0,7,15,7,7,1,0,7,0.0,7,1.1666666666666667,6,0,9,0,6,0,0,6,0,1,0,0,0,0,0,9,9,1,427,392,7,0,2,10,2.0,19,0,947,17,83,16,10120
2025-07-11,26,com.github.shadowsocks.database,Profile,copyFeatureSettingsTo,1,0,0.0,0,0.0,0,0,3,0,9,0,1,0,0.0,0,0,7,0,0.0,0,2.0,1,0,0.0,0,0.0,0.8333333333333334,270,85,0.6666666666666666,6,2,1,1,2,3,2,1,4,0,2,6,4,4,0,0,11,0.6,11,1.8333333333333333,6,1,2,0,6,0,0,6,1,1,0,0,2,0,2,15,17,1,427,392,7,0,16,68,2.3333333333333335,19,0,947,17,83,16,10120
2025-07-11,26,com.github.shadowsocks.database,Profile,toUri,5,4,1.0,7,1.0,0,0,3,0,11,1,5,0,0.0,1,0,0,19,0.0,3,2.5,0,0,0.0,0,0.0,0.8333333333333334,270,85,0.6666666666666666,6,2,1,1,2,3,2,1,4,0,2,6,4,4,0,0,11,0.6,11,1.8333333333333333,6,1,2,0,6,0,0,6,1,1,0,0,2,0,2,15,17,1,427,392,7,0,16,68,2.3333333333333335,19,0,947,17,83,16,10120
2025-07-11,26,com.github.shadowsocks.database,Profile,toString,1,0,1.0,0,0.0,0,0,3,0,1,0,1,1,0.0,2,0,0,1,0.0,1,2.0,0,0,0.0,0,0.0,0.8333333333333334,270,85,0.6666666666666666,6,2,1,1,2,3,2,1,4,0,2,6,4,4,0,0,11,0.6,11,1.8333333333333333,6,1,2,0,6,0,0,6,1,1,0,0,2,0,2,15,17,1,427,392,7,0,16,68,2.3333333333333335,19,0,947,17,83,16,10120
2025-07-11,26,com.github.shadowsocks.database,Profile,toJson,5,1,1.0,6,1.0,0,0,3,0,26,2,5,0,0.0,2,0,0,15,0.0,1,2.4,1,0,0.0,0,0.0,0.8333333333333334,270,85,0.6666666666666666,6,2,1,1,2,3,2,1,4,0,2,6,4,4,0,0,11,0.6,11,1.8333333333333333,6,1,2,0,6,0,0,6,1,1,0,0,2,0,2,15,17,1,427,392,7,0,16,68,2.3333333333333335,19,0,947,17,83,16,10120
2025-07-11,26,com.github.shadowsocks.database,Profile,serialize,1,0,1.0,1,1.0,0,0,3,0,19,0,1,0,0.0,1,0,6,16,0.0,0,3.2222222222222223,0,1,0.0,0,0.0,0.8333333333333334,270,85,0.6666666666666666,6,2,1,1,2,3,2,1,4,0,2,6,4,4,0,0,11,0.6,11,1.8333333333333333,6,1,2,0,6,0,0,6,1,1,0,0,2,0,2,15,17,1,427,392,7,0,16,68,2.3333333333333335,19,0,947,17,83,16,10120
2025-07-11,26,com.github.shadowsocks.database,Profile,toInt,1,0,0.0,2,1.0,0,0,3,0,19,0,1,0,0.0,0,0,3,17,0.0,0,3.111111111111111,0,1,0.0,0,0.0,0.8333333333333334,270,85,0.6666666666666666,6,2,1,1,2,3,2,1,4,0,2,6,4,4,0,0,11,0.6,11,1.8333333333333333,6,1,2,0,6,0,0,6,1,1,0,0,2,0,2,15,17,1,427,392,7,1,16,68,2.3333333333333335,19,0,947,17,83,16,10120
2025-07-11,26,com.github.shadowsocks.database.migration,RecreateSchemaMigration,migrate,1,0,0.0,1,1.0,0,0,1,0,6,0,1,0,0.0,0,0,1,1,0.0,1,2.0,1,1,0.0,0,0.0,0.0,8,6,0.0,1,0,1,1,0,1,1,0,0,0,0,0,0,0,0,0,1,0.0,1,1.0,1,1,0,0,1,0,0,1,0,1,0,0,0,0,0,1,1,1,427,392,1,0,1,1,1.0,1,0,37,17,83,1,10120
2025-07-11,26,com.github.shadowsocks.net,ConcurrentLocalSocketListener,accept,1,0,0.0,0,0.0,0,0,1,0,3,0,1,0,0.0,1,0,1,0,0.0,1,2.0,1,1,0.0,0,0.0,0.5,14,9,0.0,2,1,2,2,0,2,3,0,0,0,0,1,0,0,0,0,2,1.0,2,1.0,2,2,1,0,2,0,0,2,0,0,0,0,0,0,0,2,2,1,427,392,6,0,2,4,1.0,23,0,735,17,83,19,10120
2025-07-11,26,com.github.shadowsocks.net,ConcurrentLocalSocketListener,shutdown,1,0,0.0,1,1.0,0,0,1,0,6,0,1,0,0.3333333333333333,1,1,1,4,1.0,1,2.0,1,1,0.0,0,0.0,0.5,14,9,0.0,2,1,2,2,0,2,3,0,0,0,0,1,0,0,0,0,2,1.0,2,1.0,2,2,1,0,2,0,0,2,0,0,0,0,0,0,0,2,2,1,427,392,6,0,2,4,1.0,23,0,735,17,83,19,10120
2025-07-11,26,com.github.shadowsocks.net,HttpsTest,testConnection,6,5,1.0,8,1.0,1,0,2,0,21,1,6,1,1.0,1,3,4,21,0.6,1,2.3684210526315788,0,2,0.0,0,0.6666666666666666,1.0,80,29,0.6666666666666666,3,3,0,2,1,0,3,0,2,0,1,2,0,0,1,0,4,0.33333333333333337,4,1.3333333333333333,3,0,3,0,2,1,0,2,0,1,0,0,0,0,0,5,5,1,427,392,6,0,6,22,2.6666666666666665,23,0,735,17,83,19,10120
2025-07-11,26,com.github.shadowsocks.net,HttpsTest,cancelTest,1,0,0.0,1,1.0,1,0,2,0,4,0,1,0,1.0,0,1,0,1,1.0,1,2.0,0,0,0.0,0,0.6666666666666666,1.0,80,29,0.6666666666666666,3,3,0,2,1,0,3,0,2,0,1,2,0,0,1,0,4,0.33333333333333337,4,1.3333333333333333,3,0,3,0,2,1,0,2,0,1,0,0,0,0,0,5,5,1,427,392,6,0,6,22,2.6666666666666665,23,0,735,17,83,19,10120
2025-07-11,26,com.github.shadowsocks.net,HttpsTest,invalidate,1,0,1.0,0,0.0,1,0,2,0,4,0,1,1,1.0,1,1,2,0,1.0,0,2.0,0,1,0.0,0,0.6666666666666666,1.0,80,29,0.6666666666666666,3,3,0,2,1,0,3,0,2,0,1,2,0,0,1,0,4,0.33333333333333337,4,1.3333333333333333,3,0,3,0,2,1,0,2,0,1,0,0,0,0,0,5,5,1,427,392,6,0,6,22,2.6666666666666665,23,0,735,17,83,19,10120
2025-07-11,26,com.github.shadowsocks.net,LocalSocketListener,accept,1,0,1.0,1,1.0,0,0,1,0,1,0,1,2,0.0,1,0,0,1,0.0,1,2.0,1,0,0.0,1,0.16666666666666666,0.5,38,21,0.5,4,4,1,2,0,2,3,0,3,1,0,3,0,0,1,1,5,0.6666666666666667,5,1.6666666666666667,4,1,4,0,2,0,2,2,0,0,0,1,0,0,0,4,3,1,427,392,6,0,1,19,3.6666666666666665,23,0,735,17,83,19,10120
2025-07-11,26,com.github.shadowsocks.net,LocalSocketListener,acceptInternal,0,0,0.0,0,0.0,0,0,1,0,0,0,0,0,0.0,0,0,0,0,0.0,0,0.0,1,0,0.0,1,0.16666666666666666,0.5,38,21,0.5,4,4,1,2,0,2,3,0,3,1,0,3,0,0,1,1,5,0.6666666666666667,5,1.6666666666666667,4,1,4,0,2,0,2,2,0,0,0,1,0,0,0,4,3,1,427,392,6,0,1,19,3.6666666666666665,23,0,735,17,83,19,10120
2025-07-11,26,com.github.shadowsocks.net,LocalSocketListener,run,5,0,1.0,3,1.0,0,0,1,0,11,2,5,1,1.0,1,4,0,6,4.0,1,2.25,0,0,0.0,1,0.16666666666666666,0.5,38,21,0.5,4,4,1,2,0,2,3,0,3,1,0,3,0,0,1,1,5,0.6666666666666667,5,1.6666666666666667,4,1,4,0,2,0,2,2,0,0,0,1,0,0,0,4,3,1,427,392,6,0,1,19,3.6666666666666665,23,0,735,17,83,19,10120
2025-07-11,26,com.github.shadowsocks.net,LocalSocketListener,shutdown,5,0,0.0,3,1.0,0,0,1,0,9,1,5,1,0.75,1,3,1,12,3.0,0,2.1,1,1,0.0,1,0.16666666666666666,0.5,38,21,0.5,4,4,1,2,0,2,3,0,3,1,0,3,0,0,1,1,5,0.6666666666666667,5,1.6666666666666667,4,1,4,0,2,0,2,2,0,0,0,1,0,0,0,4,3,1,427,392,6,0,1,19,3.6666666666666665,23,0,735,17,83,19,10120
2025-07-11,26,com.github.shadowsocks.net,Subnet,toImmutable,3,1,0.0,3,1.0,0,0,2,0,8,1,3,0,0.0,0,0,0,6,0.0,2,2.25,0,0,0.0,0,0.0,0.6666666666666666,78,26,0.16666666666666666,6,1,4,1,0,4,0,1,1,0,0,1,0,0,0,0,12,0.6666666666666667,12,2.0,6,4,1,0,5,1,0,5,0,1,0,0,1,0,1,8,9,1,427,392,6,0,0,20,2.1666666666666665,23,0,735,17,83,19,10120
2025-07-11,26,com.github.shadowsocks.net,Subnet,toString,3,0,0.0,1,1.0,0,0,2,0,1,1,3,0,1.0,0,1,0,2,1.0,0,2.0,0,0,0.0,0,0.0,0.6666666666666666,78,26,0.16666666666666666,6,1,4,1,0,4,0,1,1,0,0,1,0,0,0,0,12,0.6666666666666667,12,2.0,6,4,1,0,5,1,0,5,0,1,0,0,1,0,1,8,9,1,427,392,6,0,0,20,2.1666666666666665,23,0,735,17,83,19,10120
2025-07-11,26,com.github.shadowsocks.net,Subnet,unsigned,1,0,0.0,0,0.0,0,0,2,0,1,0,1,0,0.0,0,0,0,1,0.0,0,0.0,0,0,0.0,0,0.0,0.6666666666666666,78,26,0.16666666666666666,6,1,4,1,0,4,0,1,1,0,0,1,0,0,0,0,12,0.6666666666666667,12,2.0,6,4,1,0,5,1,0,5,0,1,0,0,1,0,1,8,9,1,427,392,6,0,0,20,2.1666666666666665,23,0,735,17,83,19,10120
2025-07-11,26,com.github.shadowsocks.net,Subnet,compareTo,4,3,1.0,2,1.0,0,0,2,0,11,3,4,0,0.0,2,0,0,10,0.0,0,3.0,1,0,0.0,0,0.0,0.6666666666666666,78,26,0.16666666666666666,6,1,4,1,0,4,0,1,1,0,0,1,0,0,0,0,12,0.6666666666666667,12,2.0,6,4,1,0,5,1,0,5,0,1,0,0,1,0,1,8,9,1,427,392,6,0,0,20,2.1666666666666665,23,0,735,17,83,19,10120
2025-07-11,26,com.github.shadowsocks.net,Subnet,equals,1,1,0.0,0,0.0,0,0,2,0,4,0,1,0,0.0,0,0,0,0,0.0,0,2.0,1,0,0.0,0,0.0,0.6666666666666666,78,26,0.16666666666666666,6,1,4,1,0,4,0,1,1,0,0,1,0,0,0,0,12,0.6666666666666667,12,2.0,6,4,1,0,5,1,0,5,0,1,0,0,1,0,1,8,9,1,427,392,6,0,0,20,2.1666666666666665,23,0,735,17,83,19,10120
2025-07-11,26,com.github.shadowsocks.net,Subnet,fromString,1,0,0.0,1,1.0,0,0,2,0,1,0,1,0,0.0,0,0,0,1,0.0,1,2.0,0,0,0.0,0,0.0,0.6666666666666666,78,26,0.16666666666666666,6,1,4,1,0,4,0,1,1,0,0,1,0,0,0,0,12,0.6666666666666667,12,2.0,6,4,1,0,5,1,0,5,0,1,0,0,1,0,1,8,9,1,427,392,6,1,0,20,2.1666666666666665,23,0,735,17,83,19,10120
2025-07-11,26,com.github.shadowsocks.plugin,Plugin,equals,3,0,0.0,2,1.0,0,0,1,0,5,2,3,0,0.4,0,1,0,3,1.0,0,2.0,1,0,0.0,0,1.0,0.5,25,6,0.0,2,8,2,0,0,2,0,0,0,0,0,8,0,0,0,1,4,1.0,4,2.0,2,2,8,0,2,0,0,2,0,0,0,0,0,0,0,2,2,1,427,392,15,0,0,4,2.0,41,0,1291,17,83,33,10120
2025-07-11,26,com.github.shadowsocks.plugin,Plugin,hashCode,1,0,0.0,0,0.0,0,0,1,0,1,0,1,0,1.0,1,1,0,1,1.0,1,2.0,0,0,0.0,0,1.0,0.5,25,6,0.0,2,8,2,0,0,2,0,0,0,0,0,8,0,0,0,1,4,1.0,4,2.0,2,2,8,0,2,0,0,2,0,0,0,0,0,0,0,2,2,1,427,392,15,0,0,4,2.0,41,0,1291,17,83,33,10120
2025-07-11,26,com.github.shadowsocks.plugin,PluginConfiguration,getOptions,3,0,0.0,1,1.0,0,1,1,2,1,1,3,0,0.0,0,0,0,1,0.0,1,2.0,2,0,0.0,0,0.0,1.0,31,6,0.0,2,0,1,0,0,2,0,0,0,0,0,0,0,0,0,0,5,1.0,5,2.5,2,1,0,0,2,0,0,2,0,1,0,0,0,0,0,2,2,1,427,392,15,0,0,7,4.0,41,0,1291,17,83,33,10120
2025-07-11,26,com.github.shadowsocks.plugin,PluginConfiguration,toString,5,1,0.0,3,1.0,0,1,1,2,6,2,5,0,0.0,2,0,0,6,0.0,2,2.0,0,0,0.0,0,0.0,1.0,31,6,0.0,2,0,1,0,0,2,0,0,0,0,0,0,0,0,0,0,5,1.0,5,2.5,2,1,0,0,2,0,0,2,0,1,0,0,0,0,0,2,2,1,427,392,15,0,0,7,4.0,41,0,1291,17,83,33,10120
2025-07-11,26,com.github.shadowsocks.preference,RoomPreferenceDataStore,getBoolean,1,0,0.0,0,0.0,0,12,1,0,1,0,1,0,0.0,0,0,0,0,0.0,0,2.0,1,0,0.0,0,0.009230769230769232,0.2692307692307692,76,35,0.8571428571428571,26,1,12,1,0,12,2,0,1,0,0,1,0,0,0,0,32,0.8461538461538461,32,1.2307692307692308,26,12,1,0,25,1,0,25,0,1,0,0,0,0,0,26,26,1,427,392,5,0,10,20,1.25,21,1,540,17,83,36,10120
2025-07-11,26,com.github.shadowsocks.preference,RoomPreferenceDataStore,getFloat,1,0,0.0,0,0.0,0,12,1,0,1,0,1,0,0.0,0,0,0,0,0.0,0,2.0,1,0,0.0,0,0.009230769230769232,0.2692307692307692,76,35,0.8571428571428571,26,1,12,1,0,12,2,0,1,0,0,1,0,0,0,0,32,0.8461538461538461,32,1.2307692307692308,26,12,1,0,25,1,0,25,0,1,0,0,0,0,0,26,26,1,427,392,5,0,10,20,1.25,21,1,540,17,83,36,10120
2025-07-11,26,com.github.shadowsocks.preference,RoomPreferenceDataStore,getInt,1,0,0.0,1,1.0,0,12,1,0,1,0,1,0,0.0,0,0,0,2,0.0,0,3.0,1,0,0.0,0,0.009230769230769232,0.2692307692307692,76,35,0.8571428571428571,26,1,12,1,0,12,2,0,1,0,0,1,0,0,0,0,32,0.8461538461538461,32,1.2307692307692308,26,12,1,0,25,1,0,25,0,1,0,0,0,0,0,26,26,1,427,392,5,0,10,20,1.25,21,1,540,17,83,36,10120
2025-07-11,26,com.github.shadowsocks.preference,RoomPreferenceDataStore,getLong,1,0,0.0,0,0.0,0,12,1,0,1,0,1,0,0.0,0,0,0,0,0.0,0,2.0,1,0,0.0,0,0.009230769230769232,0.2692307692307692,76,35,0.8571428571428571,26,1,12,1,0,12,2,0,1,0,0,1,0,0,0,0,32,0.8461538461538461,32,1.2307692307692308,26,12,1,0,25,1,0,25,0,1,0,0,0,0,0,26,26,1,427,392,5,0,10,20,1.25,21,1,540,17,83,36,10120
2025-07-11,26,com.github.shadowsocks.preference,RoomPreferenceDataStore,getString,1,0,0.0,0,0.0,0,12,1,0,1,0,1,0,0.0,0,0,0,0,0.0,0,2.0,1,0,0.0,0,0.009230769230769232,0.2692307692307692,76,35,0.8571428571428571,26,1,12,1,0,12,2,0,1,0,0,1,0,0,0,0,32,0.8461538461538461,32,1.2307692307692308,26,12,1,0,25,1,0,25,0,1,0,0,0,0,0,26,26,1,427,392,5,0,10,20,1.25,21,1,540,17,83,36,10120
2025-07-11,26,com.github.shadowsocks.preference,RoomPreferenceDataStore,getStringSet,1,0,0.0,0,0.0,0,12,1,0,1,0,1,0,0.0,0,0,0,0,0.0,0,2.0,1,0,0.0,0,0.009230769230769232,0.2692307692307692,76,35,0.8571428571428571,26,1,12,1,0,12,2,0,1,0,0,1,0,0,0,0,32,0.8461538461538461,32,1.2307692307692308,26,12,1,0,25,1,0,25,0,1,0,0,0,0,0,26,26,1,427,392,5,0,10,20,1.25,21,1,540,17,83,36,10120
2025-07-11,26,com.github.shadowsocks.preference,RoomPreferenceDataStore,getBoolean,1,0,0.0,0,0.0,0,12,1,0,1,0,1,2,0.0,2,0,0,0,0.0,0,0.0,2,0,0.0,0,0.009230769230769232,0.2692307692307692,76,35,0.8571428571428571,26,1,12,1,0,12,2,0,1,0,0,1,0,0,0,0,32,0.8461538461538461,32,1.2307692307692308,26,12,1,0,25,1,0,25,0,1,0,0,0,0,0,26,26,1,427,392,5,0,10,20,1.25,21,1,540,17,83,36,10120
2025-07-11,26,com.github.shadowsocks.preference,RoomPreferenceDataStore,getFloat,1,0,0.0,0,0.0,0,12,1,0,1,0,1,2,0.0,2,0,0,0,0.0,0,0.0,2,0,0.0,0,0.009230769230769232,0.2692307692307692,76,35,0.8571428571428571,26,1,12,1,0,12,2,0,1,0,0,1,0,0,0,0,32,0.8461538461538461,32,1.2307692307692308,26,12,1,0,25,1,0,25,0,1,0,0,0,0,0,26,26,1,427,392,5,0,10,20,1.25,21,1,540,17,83,36,10120
2025-07-11,26,com.github.shadowsocks.preference,RoomPreferenceDataStore,getInt,1,0,0.0,0,0.0,0,12,1,0,1,0,1,2,0.0,2,0,0,0,0.0,0,0.0,2,0,0.0,0,0.009230769230769232,0.2692307692307692,76,35,0.8571428571428571,26,1,12,1,0,12,2,0,1,0,0,1,0,0,0,0,32,0.8461538461538461,32,1.2307692307692308,26,12,1,0,25,1,0,25,0,1,0,0,0,0,0,26,26,1,427,392,5,0,10,20,1.25,21,1,540,17,83,36,10120
2025-07-11,26,com.github.shadowsocks.preference,RoomPreferenceDataStore,getLong,1,0,0.0,0,0.0,0,12,1,0,1,0,1,2,0.0,2,0,0,0,0.0,0,0.0,2,0,0.0,0,0.009230769230769232,0.2692307692307692,76,35,0.8571428571428571,26,1,12,1,0,12,2,0,1,0,0,1,0,0,0,0,32,0.8461538461538461,32,1.2307692307692308,26,12,1,0,25,1,0,25,0,1,0,0,0,0,0,26,26,1,427,392,5,0,10,20,1.25,21,1,540,17,83,36,10120
2025-07-11,26,com.github.shadowsocks.preference,RoomPreferenceDataStore,getString,1,0,0.0,0,0.0,0,12,1,0,1,0,1,2,0.0,2,0,0,0,0.0,0,0.0,2,0,0.0,0,0.009230769230769232,0.2692307692307692,76,35,0.8571428571428571,26,1,12,1,0,12,2,0,1,0,0,1,0,0,0,0,32,0.8461538461538461,32,1.2307692307692308,26,12,1,0,25,1,0,25,0,1,0,0,0,0,0,26,26,1,427,392,5,0,10,20,1.25,21,1,540,17,83,36,10120
2025-07-11,26,com.github.shadowsocks.preference,RoomPreferenceDataStore,getStringSet,1,0,0.0,0,0.0,0,12,1,0,1,0,1,4,0.0,2,0,0,0,0.0,0,0.0,2,0,0.0,0,0.009230769230769232,0.2692307692307692,76,35,0.8571428571428571,26,1,12,1,0,12,2,0,1,0,0,1,0,0,0,0,32,0.8461538461538461,32,1.2307692307692308,26,12,1,0,25,1,0,25,0,1,0,0,0,0,0,26,26,1,427,392,5,0,10,20,1.25,21,1,540,17,83,36,10120
2025-07-11,26,com.github.shadowsocks.preference,RoomPreferenceDataStore,putBoolean,3,0,1.0,0,0.0,0,12,1,0,1,1,3,3,0.0,3,0,0,1,0.0,0,0.0,2,0,0.0,0,0.009230769230769232,0.2692307692307692,76,35,0.8571428571428571,26,1,12,1,0,12,2,0,1,0,0,1,0,0,0,0,32,0.8461538461538461,32,1.2307692307692308,26,12,1,0,25,1,0,25,0,1,0,0,0,0,0,26,26,1,427,392,5,0,10,20,1.25,21,1,540,17,83,36,10120
2025-07-11,26,com.github.shadowsocks.preference,RoomPreferenceDataStore,putFloat,3,0,1.0,0,0.0,0,12,1,0,1,1,3,3,0.0,3,0,0,1,0.0,0,0.0,2,0,0.0,0,0.009230769230769232,0.2692307692307692,76,35,0.8571428571428571,26,1,12,1,0,12,2,0,1,0,0,1,0,0,0,0,32,0.8461538461538461,32,1.2307692307692308,26,12,1,0,25,1,0,25,0,1,0,0,0,0,0,26,26,1,427,392,5,0,10,20,1.25,21,1,540,17,83,36,10120
2025-07-11,26,com.github.shadowsocks.preference,RoomPreferenceDataStore,putInt,3,0,1.0,1,1.0,0,12,1,0,1,1,3,3,0.0,3,0,0,1,0.0,1,2.0,2,0,0.0,0,0.009230769230769232,0.2692307692307692,76,35,0.8571428571428571,26,1,12,1,0,12,2,0,1,0,0,1,0,0,0,0,32,0.8461538461538461,32,1.2307692307692308,26,12,1,0,25,1,0,25,0,1,0,0,0,0,0,26,26,1,427,392,5,0,10,20,1.25,21,1,540,17,83,36,10120
2025-07-11,26,com.github.shadowsocks.preference,RoomPreferenceDataStore,putLong,3,0,1.0,0,0.0,0,12,1,0,1,1,3,3,0.0,3,0,0,1,0.0,0,0.0,2,0,0.0,0,0.009230769230769232,0.2692307692307692,76,35,0.8571428571428571,26,1,12,1,0,12,2,0,1,0,0,1,0,0,0,0,32,0.8461538461538461,32,1.2307692307692308,26,12,1,0,25,1,0,25,0,1,0,0,0,0,0,26,26,1,427,392,5,0,10,20,1.25,21,1,540,17,83,36,10120
2025-07-11,26,com.github.shadowsocks.preference,RoomPreferenceDataStore,putBoolean,1,0,1.0,1,1.0,0,12,1,0,4,0,1,1,0.0,1,0,2,2,0.0,2,3.0,2,2,0.0,0,0.009230769230769232,0.2692307692307692,76,35,0.8571428571428571,26,1,12,1,0,12,2,0,1,0,0,1,0,0,0,0,32,0.8461538461538461,32,1.2307692307692308,26,12,1,0,25,1,0,25,0,1,0,0,0,0,0,26,26,1,427,392,5,0,10,20,1.25,21,1,540,17,83,36,10120
2025-07-11,26,com.github.shadowsocks.preference,RoomPreferenceDataStore,putFloat,1,0,1.0,1,1.0,0,12,1,0,4,0,1,1,0.0,1,0,2,2,0.0,2,3.0,2,2,0.0,0,0.009230769230769232,0.2692307692307692,76,35,0.8571428571428571,26,1,12,1,0,12,2,0,1,0,0,1,0,0,0,0,32,0.8461538461538461,32,1.2307692307692308,26,12,1,0,25,1,0,25,0,1,0,0,0,0,0,26,26,1,427,392,5,0,10,20,1.25,21,1,540,17,83,36,10120
2025-07-11,26,com.github.shadowsocks.preference,RoomPreferenceDataStore,putInt,1,0,1.0,1,1.0,0,12,1,0,4,0,1,1,0.0,1,0,2,3,0.0,0,4.0,2,2,0.0,0,0.009230769230769232,0.2692307692307692,76,35,0.8571428571428571,26,1,12,1,0,12,2,0,1,0,0,1,0,0,0,0,32,0.8461538461538461,32,1.2307692307692308,26,12,1,0,25,1,0,25,0,1,0,0,0,0,0,26,26,1,427,392,5,0,10,20,1.25,21,1,540,17,83,36,10120
2025-07-11,26,com.github.shadowsocks.preference,RoomPreferenceDataStore,putLong,1,0,1.0,1,1.0,0,12,1,0,4,0,1,1,0.0,1,0,2,2,0.0,2,3.0,2,2,0.0,0,0.009230769230769232,0.2692307692307692,76,35,0.8571428571428571,26,1,12,1,0,12,2,0,1,0,0,1,0,0,0,0,32,0.8461538461538461,32,1.2307692307692308,26,12,1,0,25,1,0,25,0,1,0,0,0,0,0,26,26,1,427,392,5,0,10,20,1.25,21,1,540,17,83,36,10120
2025-07-11,26,com.github.shadowsocks.preference,RoomPreferenceDataStore,putString,3,0,2.0,1,1.0,0,12,1,0,4,1,3,2,0.0,2,0,0,3,0.0,2,3.0,2,0,0.0,0,0.009230769230769232,0.2692307692307692,76,35,0.8571428571428571,26,1,12,1,0,12,2,0,1,0,0,1,0,0,0,0,32,0.8461538461538461,32,1.2307692307692308,26,12,1,0,25,1,0,25,0,1,0,0,0,0,0,26,26,1,427,392,5,0,10,20,1.25,21,1,540,17,83,36,10120
2025-07-11,26,com.github.shadowsocks.preference,RoomPreferenceDataStore,putStringSet,3,0,2.0,1,1.0,0,12,1,0,4,1,3,2,0.0,2,0,0,3,0.0,2,3.0,2,0,0.0,0,0.009230769230769232,0.2692307692307692,76,35,0.8571428571428571,26,1,12,1,0,12,2,0,1,0,0,1,0,0,0,0,32,0.8461538461538461,32,1.2307692307692308,26,12,1,0,25,1,0,25,0,1,0,0,0,0,0,26,26,1,427,392,5,0,10,20,1.25,21,1,540,17,83,36,10120
2025-07-11,26,com.github.shadowsocks.preference,RoomPreferenceDataStore,remove,1,0,1.0,1,1.0,0,12,1,0,4,0,1,1,0.0,1,0,2,1,0.0,1,2.0,1,2,0.0,0,0.009230769230769232,0.2692307692307692,76,35,0.8571428571428571,26,1,12,1,0,12,2,0,1,0,0,1,0,0,0,0,32,0.8461538461538461,32,1.2307692307692308,26,12,1,0,25,1,0,25,0,1,0,0,0,0,0,26,26,1,427,392,5,0,10,20,1.25,21,1,540,17,83,36,10120
2025-07-11,26,com.github.shadowsocks.preference,RoomPreferenceDataStore,fireChangeListener,1,0,0.0,1,1.0,0,12,1,0,1,0,1,0,0.5,0,1,0,2,1.0,0,2.0,1,0,0.0,0,0.009230769230769232,0.2692307692307692,76,35,0.8571428571428571,26,1,12,1,0,12,2,0,1,0,0,1,0,0,0,0,32,0.8461538461538461,32,1.2307692307692308,26,12,1,0,25,1,0,25,0,1,0,0,0,0,0,26,26,1,427,392,5,0,10,20,1.25,21,1,540,17,83,36,10120
2025-07-11,26,com.github.shadowsocks.preference,RoomPreferenceDataStore,registerChangeListener,1,0,0.0,1,1.0,0,12,1,0,1,0,1,0,0.5,0,1,0,1,1.0,1,2.0,1,0,0.0,0,0.009230769230769232,0.2692307692307692,76,35,0.8571428571428571,26,1,12,1,0,12,2,0,1,0,0,1,0,0,0,0,32,0.8461538461538461,32,1.2307692307692308,26,12,1,0,25,1,0,25,0,1,0,0,0,0,0,26,26,1,427,392,5,0,10,20,1.25,21,1,540,17,83,36,10120
2025-07-11,26,com.github.shadowsocks.preference,RoomPreferenceDataStore,unregisterChangeListener,1,0,1.0,0,0.0,0,12,1,0,1,0,1,0,0.5,1,1,0,1,1.0,1,2.0,1,0,0.0,0,0.009230769230769232,0.2692307692307692,76,35,0.8571428571428571,26,1,12,1,0,12,2,0,1,0,0,1,0,0,0,0,32,0.8461538461538461,32,1.2307692307692308,26,12,1,0,25,1,0,25,0,1,0,0,0,0,0,26,26,1,427,392,5,0,10,20,1.25,21,1,540,17,83,36,10120
2025-07-11,26,com.github.shadowsocks.subscription,Subscription,fromReader,4,0,0.0,3,0.6667,0,0,1,0,7,0,4,0,0.6666666666666666,0,1,1,4,1.0,1,2.0,1,1,0.0,0,1.0,1.0,30,12,0.0,2,1,1,0,1,2,3,0,1,0,2,3,2,2,0,0,2,1.0,2,1.0,2,1,1,1,2,0,0,2,1,1,0,0,0,0,0,2,2,1,427,392,3,0,2,9,2.5,11,0,536,17,83,11,10120
2025-07-11,26,com.github.shadowsocks.subscription,Subscription,toString,1,1,0.0,1,1.0,0,0,1,0,5,0,1,0,1.0,1,1,1,5,1.0,1,3.0,0,1,0.0,0,1.0,1.0,30,12,0.0,2,1,1,0,1,2,3,0,1,0,2,3,2,2,0,0,2,1.0,2,1.0,2,1,1,1,2,0,0,2,1,1,0,0,0,0,0,2,2,1,427,392,3,0,2,9,2.5,11,0,536,17,83,11,10120
2025-07-11,26,com.github.shadowsocks.subscription,SubscriptionService,onBind,1,0,0.0,0,0.0,1,0,1,0,1,0,1,0,0.0,0,0,0,0,0.0,0,0.0,1,0,0.0,0,0.2,0.8,144,118,0.2,5,5,3,3,0,6,3,0,6,0,2,6,4,4,3,0,15,0.7,15,3.0,5,3,5,0,3,2,0,3,1,1,0,0,0,0,0,5,5,1,427,392,3,0,3,128,6.0,11,0,536,17,83,11,10120
2025-07-11,26,com.github.shadowsocks.subscription,SubscriptionService,onStartCommand,9,4,2.0,17,0.9444,1,0,1,0,51,2,9,2,0.8461538461538461,2,4,0,56,0.57,2,2.5,3,0,0.0,0,0.2,0.8,144,118,0.2,5,5,3,3,0,6,3,0,6,0,2,6,4,4,3,0,15,0.7,15,3.0,5,3,5,0,3,2,0,3,1,1,0,0,0,0,0,5,5,1,427,392,3,0,3,128,6.0,11,0,536,17,83,11,10120
2025-07-11,26,com.github.shadowsocks.subscription,SubscriptionService,fetchJsonAsync,4,1,0.0,10,1.0,1,0,1,0,20,2,4,0,0.375,0,1,0,25,0.25,2,2.210526315789474,3,0,0.0,0,0.2,0.8,144,118,0.2,5,5,3,3,0,6,3,0,6,0,2,6,4,4,3,0,15,0.7,15,3.0,5,3,5,0,3,2,0,3,1,1,0,0,0,0,0,5,5,1,427,392,3,0,3,128,6.0,11,0,536,17,83,11,10120
2025-07-11,26,com.github.shadowsocks.subscription,SubscriptionService,createProfilesFromSubscription,14,5,0.0,15,0.8125,1,0,1,0,41,4,14,0,0.0,0,0,2,45,0.0,1,2.404255319148936,1,2,0.0,0,0.2,0.8,144,118,0.2,5,5,3,3,0,6,3,0,6,0,2,6,4,4,3,0,15,0.7,15,3.0,5,3,5,0,3,2,0,3,1,1,0,0,0,0,0,5,5,1,427,392,3,0,3,128,6.0,11,0,536,17,83,11,10120
2025-07-11,26,com.github.shadowsocks.subscription,SubscriptionService,onDestroy,2,0,0.0,0,0.0,1,0,1,0,5,1,2,0,1.0,1,2,1,2,2.0,1,2.0,0,1,0.0,0,0.2,0.8,144,118,0.2,5,5,3,3,0,6,3,0,6,0,2,6,4,4,3,0,15,0.7,15,3.0,5,3,5,0,3,2,0,3,1,1,0,0,0,0,0,5,5,1,427,392,3,0,3,128,6.0,11,0,536,17,83,11,10120
2025-07-11,26,com.github.shadowsocks.utils,DeviceStorageApp,getApplicationContext,1,0,0.0,0,0.0,0,1,1,0,1,0,1,0,0.0,0,0,0,0,0.0,0,0.0,0,0,0.0,0,0.0,0.16666666666666666,29,11,0.0,12,0,12,3,0,6,0,0,0,0,0,0,0,0,0,0,12,1.0,12,1.0,12,12,0,0,12,0,0,12,1,1,0,0,0,0,0,12,12,1,427,392,5,0,0,11,1.0,32,0,648,17,83,12,10120
2025-07-11,26,com.github.shadowsocks.utils,DeviceStorageApp,onCreate,1,0,0.0,0,0.0,0,1,1,0,1,0,1,0,0.0,1,0,0,1,0.0,1,2.0,0,0,0.0,0,0.0,0.16666666666666666,29,11,0.0,12,0,12,3,0,6,0,0,0,0,0,0,0,0,0,0,12,1.0,12,1.0,12,12,0,0,12,0,0,12,1,1,0,0,0,0,0,12,12,1,427,392,5,0,0,11,1.0,32,0,648,17,83,12,10120
2025-07-11,26,com.github.shadowsocks.utils,DeviceStorageApp,onTerminate,1,0,0.0,0,0.0,0,1,1,0,1,0,1,0,0.0,1,0,0,1,0.0,1,2.0,0,0,0.0,0,0.0,0.16666666666666666,29,11,0.0,12,0,12,3,0,6,0,0,0,0,0,0,0,0,0,0,12,1.0,12,1.0,12,12,0,0,12,0,0,12,1,1,0,0,0,0,0,12,12,1,427,392,5,0,0,11,1.0,32,0,648,17,83,12,10120
2025-07-11,26,com.github.shadowsocks.utils,DeviceStorageApp,onConfigurationChanged,1,0,0.0,0,0.0,0,1,1,0,1,0,1,0,0.0,1,0,0,1,0.0,1,2.0,1,0,0.0,0,0.0,0.16666666666666666,29,11,0.0,12,0,12,3,0,6,0,0,0,0,0,0,0,0,0,0,12,1.0,12,1.0,12,12,0,0,12,0,0,12,1,1,0,0,0,0,0,12,12,1,427,392,5,0,0,11,1.0,32,0,648,17,83,12,10120
2025-07-11,26,com.github.shadowsocks.utils,DeviceStorageApp,onLowMemory,1,0,0.0,0,0.0,0,1,1,0,1,0,1,0,0.0,1,0,0,1,0.0,1,2.0,0,0,0.0,0,0.0,0.16666666666666666,29,11,0.0,12,0,12,3,0,6,0,0,0,0,0,0,0,0,0,0,12,1.0,12,1.0,12,12,0,0,12,0,0,12,1,1,0,0,0,0,0,12,12,1,427,392,5,0,0,11,1.0,32,0,648,17,83,12,10120
2025-07-11,26,com.github.shadowsocks.utils,DeviceStorageApp,onTrimMemory,1,0,0.0,0,0.0,0,1,1,0,1,0,1,0,0.0,1,0,0,1,0.0,1,2.0,1,0,0.0,0,0.0,0.16666666666666666,29,11,0.0,12,0,12,3,0,6,0,0,0,0,0,0,0,0,0,0,12,1.0,12,1.0,12,12,0,0,12,0,0,12,1,1,0,0,0,0,0,12,12,1,427,392,5,0,0,11,1.0,32,0,648,17,83,12,10120
2025-07-11,26,com.github.shadowsocks.utils,DeviceStorageApp,registerComponentCallbacks,1,0,0.0,0,0.0,0,1,1,0,1,0,1,0,0.0,1,0,0,1,0.0,1,2.0,1,0,0.0,0,0.0,0.16666666666666666,29,11,0.0,12,0,12,3,0,6,0,0,0,0,0,0,0,0,0,0,12,1.0,12,1.0,12,12,0,0,12,0,0,12,1,1,0,0,0,0,0,12,12,1,427,392,5,0,0,11,1.0,32,0,648,17,83,12,10120
2025-07-11,26,com.github.shadowsocks.utils,DeviceStorageApp,unregisterComponentCallbacks,1,0,1.0,0,0.0,0,1,1,0,1,0,1,0,0.0,1,0,0,1,0.0,1,2.0,1,0,0.0,0,0.0,0.16666666666666666,29,11,0.0,12,0,12,3,0,6,0,0,0,0,0,0,0,0,0,0,12,1.0,12,1.0,12,12,0,0,12,0,0,12,1,1,0,0,0,0,0,12,12,1,427,392,5,0,0,11,1.0,32,0,648,17,83,12,10120
2025-07-11,26,com.github.shadowsocks.utils,DeviceStorageApp,registerActivityLifecycleCallbacks,1,0,0.0,0,0.0,0,1,1,0,1,0,1,0,0.0,1,0,0,1,0.0,1,2.0,1,0,0.0,0,0.0,0.16666666666666666,29,11,0.0,12,0,12,3,0,6,0,0,0,0,0,0,0,0,0,0,12,1.0,12,1.0,12,12,0,0,12,0,0,12,1,1,0,0,0,0,0,12,12,1,427,392,5,0,0,11,1.0,32,0,648,17,83,12,10120
2025-07-11,26,com.github.shadowsocks.utils,DeviceStorageApp,unregisterActivityLifecycleCallbacks,1,0,1.0,0,0.0,0,1,1,0,1,0,1,0,0.0,1,0,0,1,0.0,1,2.0,1,0,0.0,0,0.0,0.16666666666666666,29,11,0.0,12,0,12,3,0,6,0,0,0,0,0,0,0,0,0,0,12,1.0,12,1.0,12,12,0,0,12,0,0,12,1,1,0,0,0,0,0,12,12,1,427,392,5,0,0,11,1.0,32,0,648,17,83,12,10120
2025-07-11,26,com.github.shadowsocks.utils,DeviceStorageApp,registerOnProvideAssistDataListener,1,0,0.0,0,0.0,0,1,1,0,1,0,1,0,0.0,1,0,0,1,0.0,1,2.0,1,0,0.0,0,0.0,0.16666666666666666,29,11,0.0,12,0,12,3,0,6,0,0,0,0,0,0,0,0,0,0,12,1.0,12,1.0,12,12,0,0,12,0,0,12,1,1,0,0,0,0,0,12,12,1,427,392,5,0,0,11,1.0,32,0,648,17,83,12,10120
2025-07-11,26,com.github.shadowsocks.utils,DeviceStorageApp,unregisterOnProvideAssistDataListener,1,0,1.0,0,0.0,0,1,1,0,1,0,1,0,0.0,1,0,0,1,0.0,1,2.0,1,0,0.0,0,0.0,0.16666666666666666,29,11,0.0,12,0,12,3,0,6,0,0,0,0,0,0,0,0,0,0,12,1.0,12,1.0,12,12,0,0,12,0,0,12,1,1,0,0,0,0,0,12,12,1,427,392,5,0,0,11,1.0,32,0,648,17,83,12,10120
2025-07-11,26,com.github.shadowsocks.widget,AutoCollapseTextView,onTextChanged,1,0,0.0,1,1.0,0,0,1,0,4,0,1,0,0.0,1,0,1,1,0.0,1,2.0,4,0,0.0,0,0.0,0.3333333333333333,19,15,0.0,3,0,3,1,0,5,0,0,0,0,0,0,0,0,0,0,3,0.6666666666666667,3,1.0,3,3,0,0,3,0,0,3,0,1,0,0,0,0,0,3,3,1,427,392,5,0,1,5,2.3333333333333335,17,0,479,17,83,20,10120
2025-07-11,26,com.github.shadowsocks.widget,AutoCollapseTextView,onFocusChanged,3,0,0.0,1,1.0,0,0,1,0,5,1,3,0,0.0,1,0,0,2,0.0,1,2.0,3,0,0.0,0,0.0,0.3333333333333333,19,15,0.0,3,0,3,1,0,5,0,0,0,0,0,0,0,0,0,0,3,0.6666666666666667,3,1.0,3,3,0,0,3,0,0,3,0,1,0,0,0,0,0,3,3,1,427,392,5,0,1,5,2.3333333333333335,17,0,479,17,83,20,10120
2025-07-11,26,com.github.shadowsocks.widget,AutoCollapseTextView,onTouchEvent,3,0,0.0,1,1.0,0,0,1,0,6,1,3,0,0.0,1,0,0,2,0.0,1,2.0,1,0,0.0,0,0.0,0.3333333333333333,19,15,0.0,3,0,3,1,0,5,0,0,0,0,0,0,0,0,0,0,3,0.6666666666666667,3,1.0,3,3,0,0,3,0,0,3,0,1,0,0,0,0,0,3,3,1,427,392,5,0,1,5,2.3333333333333335,17,0,479,17,83,20,10120
2025-07-11,26,com.github.shadowsocks.database,KeyValuePairTest,putAndGet,1,2,0.0,2,1.0,0,0,1,0,11,0,1,0,0.0,0,0,1,12,0.0,2,2.466666666666667,0,1,0.0,0,0.0,1.0,13,11,0.0,1,0,0,0,0,0,1,0,0,0,0,0,0,0,0,0,1,0.0,1,1.0,1,0,0,0,1,0,0,1,0,1,0,0,0,0,0,1,1,1,427,392,7,0,1,12,1.0,19,0,947,17,83,16,10120
2025-07-11,26,com.github.shadowsocks,AboutFragment,onCreateView,1,0,0.0,1,1.0,1,0,1,0,1,0,1,0,0.0,0,0,0,3,0.0,0,4.0,3,0,0.0,0,0.0,0.5,30,27,0.0,2,0,2,1,0,5,2,0,0,0,0,0,0,0,0,0,2,1.0,2,1.0,2,2,0,0,2,0,0,2,2,1,0,0,0,0,0,3,3,1,427,392,16,0,3,35,2.5,85,0,2507,17,83,88,10120
2025-07-11,26,com.github.shadowsocks,AboutFragment,onViewCreated,4,0,0.0,10,1.0,1,0,1,0,26,1,4,0,0.0,1,0,3,32,0.0,1,2.9444444444444446,2,2,0.0,0,0.0,0.5,30,27,0.0,2,0,2,1,0,5,2,0,0,0,0,0,0,0,0,0,2,1.0,2,1.0,2,2,0,0,2,0,0,2,2,1,0,0,0,0,0,3,3,1,427,392,16,0,3,35,2.5,85,0,2507,17,83,88,10120
2025-07-11,26,com.github.shadowsocks,App,onCreate,1,0,0.0,2,1.0,1,0,1,0,5,0,1,0,0.0,1,0,2,2,0.0,1,2.0,0,2,0.0,0,0.0,0.5,12,9,0.0,2,0,2,3,0,1,2,0,0,0,0,0,0,0,0,0,2,1.0,2,1.0,2,2,0,0,2,0,0,2,1,1,0,0,0,0,0,2,2,1,427,392,16,0,3,3,1.0,85,0,2507,17,83,88,10120
2025-07-11,26,com.github.shadowsocks,App,onConfigurationChanged,1,0,0.0,1,1.0,1,0,1,0,4,0,1,0,0.0,1,0,1,1,0.0,1,2.0,1,1,0.0,0,0.0,0.5,12,9,0.0,2,0,2,3,0,1,2,0,0,0,0,0,0,0,0,0,2,1.0,2,1.0,2,2,0,0,2,0,0,2,1,1,0,0,0,0,0,2,2,1,427,392,16,0,3,3,1.0,85,0,2507,17,83,88,10120
2025-07-11,26,com.github.shadowsocks,AppManager,crossFadeFrom,2,0,0.0,4,0.75,1,1,4,0,13,1,2,0,0.3333333333333333,0,1,3,10,1.0,3,2.3,1,2,0.0,0,0.15555555555555556,0.7,260,124,0.3333333333333333,9,10,6,4,0,10,15,0,14,0,0,5,4,1,9,0,20,0.8888888888888888,20,2.0,10,6,10,3,6,4,0,6,4,1,0,0,1,0,1,25,26,1,427,392,16,0,16,98,3.1,85,0,2507,17,83,88,10120
2025-07-11,26,com.github.shadowsocks,AppManager,initProxiedUids,2,1,0.0,2,1.0,1,1,4,0,5,1,2,0,0.8,0,1,0,5,1.0,1,2.3333333333333335,1,0,0.0,0,0.15555555555555556,0.7,260,124,0.3333333333333333,9,10,6,4,0,10,15,0,14,0,0,5,4,1,9,0,20,0.8888888888888888,20,2.0,10,6,10,3,6,4,0,6,4,1,0,0,1,0,1,25,26,1,427,392,16,0,16,98,3.1,85,0,2507,17,83,88,10120
2025-07-11,26,com.github.shadowsocks,AppManager,isProxiedApp,1,0,0.0,0,0.0,1,1,4,0,1,0,1,0,0.5,0,1,0,0,1.0,0,2.0,1,0,0.0,0,0.15555555555555556,0.7,260,124,0.3333333333333333,9,10,6,4,0,10,15,0,14,0,0,5,4,1,9,0,20,0.8888888888888888,20,2.0,10,6,10,3,6,4,0,6,4,1,0,0,1,0,1,25,26,1,427,392,16,0,16,98,3.1,85,0,2507,17,83,88,10120
2025-07-11,26,com.github.shadowsocks,AppManager,loadApps,1,1,1.0,3,1.0,1,1,4,0,10,0,1,0,1.0,1,4,1,8,4.0,1,2.25,0,0,0.0,0,0.15555555555555556,0.7,260,124,0.3333333333333333,9,10,6,4,0,10,15,0,14,0,0,5,4,1,9,0,20,0.8888888888888888,20,2.0,10,6,10,3,6,4,0,6,4,1,0,0,1,0,1,25,26,1,427,392,16,0,16,98,3.1,85,0,2507,17,83,88,10120
2025-07-11,26,com.github.shadowsocks,AppManager,onCreate,4,0,2.0,12,0.9333,1,1,4,0,40,1,4,2,0.95,3,5,11,30,6.0,2,2.3636363636363638,1,8,0.0,0,0.15555555555555556,0.7,260,124,0.3333333333333333,9,10,6,4,0,10,15,0,14,0,0,5,4,1,9,0,20,0.8888888888888888,20,2.0,10,6,10,3,6,4,0,6,4,1,0,0,1,0,1,25,26,1,427,392,16,0,16,98,3.1,85,0,2507,17,83,88,10120
2025-07-11,26,com.github.shadowsocks,AppManager,onCreateOptionsMenu,1,0,0.0,1,1.0,1,1,4,0,4,0,1,0,0.0,0,0,1,3,0.0,0,4.0,1,1,0.0,0,0.15555555555555556,0.7,260,124,0.3333333333333333,9,10,6,4,0,10,15,0,14,0,0,5,4,1,9,0,20,0.8888888888888888,20,2.0,10,6,10,3,6,4,0,6,4,1,0,0,1,0,1,25,26,1,427,392,16,0,16,98,3.1,85,0,2507,17,83,88,10120
2025-07-11,26,com.github.shadowsocks,AppManager,onOptionsItemSelected,13,6,1.0,12,1.0,1,1,4,0,43,2,13,1,0.8461538461538461,2,4,0,35,0.8,2,2.5,1,0,0.0,0,0.15555555555555556,0.7,260,124,0.3333333333333333,9,10,6,4,0,10,15,0,14,0,0,5,4,1,9,0,20,0.8888888888888888,20,2.0,10,6,10,3,6,4,0,6,4,1,0,0,1,0,1,25,26,1,427,392,16,0,16,98,3.1,85,0,2507,17,83,88,10120
2025-07-11,26,com.github.shadowsocks,AppManager,supportNavigateUpTo,1,0,0.0,0,0.0,1,1,4,0,1,0,1,0,0.0,1,0,0,2,0.0,0,4.0,1,0,0.0,0,0.15555555555555556,0.7,260,124,0.3333333333333333,9,10,6,4,0,10,15,0,14,0,0,5,4,1,9,0,20,0.8888888888888888,20,2.0,10,6,10,3,6,4,0,6,4,1,0,0,1,0,1,25,26,1,427,392,16,0,16,98,3.1,85,0,2507,17,83,88,10120
2025-07-11,26,com.github.shadowsocks,AppManager,onKeyUp,5,0,0.0,2,1.0,1,1,4,0,3,2,5,0,0.5,1,1,0,4,0.5,1,2.0,2,0,0.0,0,0.15555555555555556,0.7,260,124,0.3333333333333333,9,10,6,4,0,10,15,0,14,0,0,5,4,1,9,0,20,0.8888888888888888,20,2.0,10,6,10,3,6,4,0,6,4,1,0,0,1,0,1,25,26,1,427,392,16,0,16,98,3.1,85,0,2507,17,83,88,10120
2025-07-11,26,com.github.shadowsocks,AppManager,getCachedApps,1,0,0.0,1,1.0,1,1,4,0,5,0,1,0,1.0,1,1,0,1,1.0,1,2.0,0,0,0.0,0,0.15555555555555556,0.7,260,124,0.3333333333333333,9,10,6,4,0,10,15,0,14,0,0,5,4,1,9,0,20,0.8888888888888888,20,2.0,10,6,10,3,6,4,0,6,4,1,0,0,1,0,1,25,26,1,427,392,16,1,16,98,3.1,85,0,2507,17,83,88,10120
2025-07-11,26,com.github.shadowsocks,GlobalSettingsFragment,onCreateView,1,0,0.0,1,1.0,1,0,1,0,1,0,1,0,0.0,0,0,0,3,0.0,0,4.0,3,0,0.0,0,0.0,0.0,9,6,0.0,2,0,2,1,0,5,2,0,0,0,0,0,0,0,0,0,2,1.0,2,1.0,2,2,0,0,2,0,0,2,2,1,0,0,0,0,0,2,2,1,427,392,16,0,2,7,1.0,85,0,2507,17,83,88,10120
2025-07-11,26,com.github.shadowsocks,GlobalSettingsFragment,onViewCreated,1,0,0.0,2,1.0,1,0,1,0,5,0,1,0,0.0,1,0,2,4,0.0,1,2.6666666666666665,2,2,0.0,0,0.0,0.0,9,6,0.0,2,0,2,1,0,5,2,0,0,0,0,0,0,0,0,0,2,1.0,2,1.0,2,2,0,0,2,0,0,2,2,1,0,0,0,0,0,2,2,1,427,392,16,0,2,7,1.0,85,0,2507,17,83,88,10120
2025-07-11,26,com.github.shadowsocks,GlobalSettingsPreferenceFragment,onCreatePreferences,7,8,0.0,15,1.0,1,0,1,0,37,2,7,0,0.0,0,0,8,25,0.0,1,2.2058823529411766,2,7,0.0,0,0.0,0.6666666666666666,49,45,0.0,3,0,3,1,0,3,8,0,0,0,0,0,0,0,0,0,6,0.6666666666666667,6,2.0,3,3,0,0,3,0,0,3,2,1,0,0,0,0,0,3,3,1,427,392,16,0,9,26,3.0,85,0,2507,17,83,88,10120
2025-07-11,26,com.github.shadowsocks,GlobalSettingsPreferenceFragment,onViewCreated,1,0,0.0,1,1.0,1,0,1,0,4,0,1,0,0.0,1,0,1,1,0.0,1,2.0,2,1,0.0,0,0.0,0.6666666666666666,49,45,0.0,3,0,3,1,0,3,8,0,0,0,0,0,0,0,0,0,6,0.6666666666666667,6,2.0,3,3,0,0,3,0,0,3,2,1,0,0,0,0,0,3,3,1,427,392,16,0,9,26,3.0,85,0,2507,17,83,88,10120
2025-07-11,26,com.github.shadowsocks,GlobalSettingsPreferenceFragment,onDestroy,1,0,0.0,0,0.0,1,0,1,0,4,0,1,0,0.0,1,0,0,0,0.0,1,2.0,0,0,0.0,0,0.0,0.6666666666666666,49,45,0.0,3,0,3,1,0,3,8,0,0,0,0,0,0,0,0,0,6,0.6666666666666667,6,2.0,3,3,0,0,3,0,0,3,2,1,0,0,0,0,0,3,3,1,427,392,16,0,9,26,3.0,85,0,2507,17,83,88,10120
2025-07-11,26,com.github.shadowsocks,MainActivity,snackbar,1,0,0.0,1,1.0,1,0,1,0,1,0,1,0,0.6666666666666666,0,2,0,3,2.0,0,2.5,1,0,0.0,0,0.3137254901960784,0.5555555555555556,189,143,0.4444444444444444,18,9,13,4,1,14,14,0,6,0,3,3,1,0,7,0,27,0.8888888888888888,27,1.5,18,13,9,1,15,3,0,15,1,1,0,0,0,0,0,23,23,1,427,392,16,0,12,126,1.9444444444444444,85,0,2507,17,83,88,10120
2025-07-11,26,com.github.shadowsocks,MainActivity,launchUrl,3,0,1.0,1,1.0,1,0,1,0,5,1,3,1,0.5,2,2,0,4,2.0,1,2.0,1,0,0.0,0,0.3137254901960784,0.5555555555555556,189,143,0.4444444444444444,18,9,13,4,1,14,14,0,6,0,3,3,1,0,7,0,27,0.8888888888888888,27,1.5,18,13,9,1,15,3,0,15,1,1,0,0,0,0,0,23,23,1,427,392,16,0,12,126,1.9444444444444444,85,0,2507,17,83,88,10120
2025-07-11,26,com.github.shadowsocks,MainActivity,stateChanged,1,0,1.0,0,0.0,1,0,1,0,1,0,1,1,0.5,1,0,0,0,0.33,0,0.0,3,0,0.0,0,0.3137254901960784,0.5555555555555556,189,143,0.4444444444444444,18,9,13,4,1,14,14,0,6,0,3,3,1,0,7,0,27,0.8888888888888888,27,1.5,18,13,9,1,15,3,0,15,1,1,0,0,0,0,0,23,23,1,427,392,16,0,12,126,1.9444444444444444,85,0,2507,17,83,88,10120
2025-07-11,26,com.github.shadowsocks,MainActivity,trafficUpdated,3,0,0.0,3,1.0,1,0,1,0,6,2,3,0,0.7777777777777778,0,1,0,12,1.0,0,2.7142857142857144,2,0,0.0,0,0.3137254901960784,0.5555555555555556,189,143,0.4444444444444444,18,9,13,4,1,14,14,0,6,0,3,3,1,0,7,0,27,0.8888888888888888,27,1.5,18,13,9,1,15,3,0,15,1,1,0,0,0,0,0,23,23,1,427,392,16,0,12,126,1.9444444444444444,85,0,2507,17,83,88,10120
2025-07-11,26,com.github.shadowsocks,MainActivity,trafficPersisted,1,0,0.0,1,1.0,1,0,1,0,3,0,1,0,0.0,0,0,1,2,0.0,0,3.0,1,1,0.0,0,0.3137254901960784,0.5555555555555556,189,143,0.4444444444444444,18,9,13,4,1,14,14,0,6,0,3,3,1,0,7,0,27,0.8888888888888888,27,1.5,18,13,9,1,15,3,0,15,1,1,0,0,0,0,0,23,23,1,427,392,16,0,12,126,1.9444444444444444,85,0,2507,17,83,88,10120
2025-07-11,26,com.github.shadowsocks,MainActivity,changeState,2,0,1.0,3,1.0,1,0,1,0,8,1,2,1,0.6923076923076923,2,3,2,9,1.33,1,2.375,3,2,0.0,0,0.3137254901960784,0.5555555555555556,189,143,0.4444444444444444,18,9,13,4,1,14,14,0,6,0,3,3,1,0,7,0,27,0.8888888888888888,27,1.5,18,13,9,1,15,3,0,15,1,1,0,0,0,0,0,23,23,1,427,392,16,0,12,126,1.9444444444444444,85,0,2507,17,83,88,10120
2025-07-11,26,com.github.shadowsocks,MainActivity,toggle,3,0,0.0,1,1.0,1,0,1,0,1,1,3,0,1.0,0,2,0,3,2.0,0,2.0,0,0,0.0,0,0.3137254901960784,0.5555555555555556,189,143,0.4444444444444444,18,9,13,4,1,14,14,0,6,0,3,3,1,0,7,0,27,0.8888888888888888,27,1.5,18,13,9,1,15,3,0,15,1,1,0,0,0,0,0,23,23,1,427,392,16,0,12,126,1.9444444444444444,85,0,2507,17,83,88,10120
2025-07-11,26,com.github.shadowsocks,MainActivity,onServiceConnected,2,0,1.0,0,0.0,1,0,1,0,5,0,2,1,0.5,1,1,0,1,1.0,0,3.5,1,0,0.0,0,0.3137254901960784,0.5555555555555556,189,143,0.4444444444444444,18,9,13,4,1,14,14,0,6,0,3,3,1,0,7,0,27,0.8888888888888888,27,1.5,18,13,9,1,15,3,0,15,1,1,0,0,0,0,0,23,23,1,427,392,16,0,12,126,1.9444444444444444,85,0,2507,17,83,88,10120
2025-07-11,26,com.github.shadowsocks,MainActivity,onServiceDisconnected,1,0,1.0,1,1.0,1,0,1,0,1,0,1,1,0.0,1,0,0,2,0.0,0,3.0,0,0,0.0,0,0.3137254901960784,0.5555555555555556,189,143,0.4444444444444444,18,9,13,4,1,14,14,0,6,0,3,3,1,0,7,0,27,0.8888888888888888,27,1.5,18,13,9,1,15,3,0,15,1,1,0,0,0,0,0,23,23,1,427,392,16,0,12,126,1.9444444444444444,85,0,2507,17,83,88,10120
2025-07-11,26,com.github.shadowsocks,MainActivity,onBinderDied,1,0,0.0,2,0.5,1,0,1,0,4,0,1,0,1.0,0,2,0,2,2.0,1,2.0,0,0,0.0,0,0.3137254901960784,0.5555555555555556,189,143,0.4444444444444444,18,9,13,4,1,14,14,0,6,0,3,3,1,0,7,0,27,0.8888888888888888,27,1.5,18,13,9,1,15,3,0,15,1,1,0,0,0,0,0,23,23,1,427,392,16,0,12,126,1.9444444444444444,85,0,2507,17,83,88,10120
2025-07-11,26,com.github.shadowsocks,MainActivity,onCreate,3,1,3.0,17,0.9048,1,0,1,0,45,1,3,4,0.9259259259259259,4,8,7,48,4.0,1,2.7,1,6,0.0,0,0.3137254901960784,0.5555555555555556,189,143,0.4444444444444444,18,9,13,4,1,14,14,0,6,0,3,3,1,0,7,0,27,0.8888888888888888,27,1.5,18,13,9,1,15,3,0,15,1,1,0,0,0,0,0,23,23,1,427,392,16,0,12,126,1.9444444444444444,85,0,2507,17,83,88,10120
2025-07-11,26,com.github.shadowsocks,MainActivity,onPreferenceDataStoreChanged,2,0,0.0,2,0.5,1,0,1,0,8,1,2,0,0.75,0,2,0,3,1.0,1,2.0,2,0,0.0,0,0.3137254901960784,0.5555555555555556,189,143,0.4444444444444444,18,9,13,4,1,14,14,0,6,0,3,3,1,0,7,0,27,0.8888888888888888,27,1.5,18,13,9,1,15,3,0,15,1,1,0,0,0,0,0,23,23,1,427,392,16,0,12,126,1.9444444444444444,85,0,2507,17,83,88,10120
2025-07-11,26,com.github.shadowsocks,MainActivity,displayFragment,1,0,0.0,2,1.0,1,0,1,0,4,0,1,0,0.5,0,1,1,6,1.0,1,3.0,1,1,0.0,0,0.3137254901960784,0.5555555555555556,189,143,0.4444444444444444,18,9,13,4,1,14,14,0,6,0,3,3,1,0,7,0,27,0.8888888888888888,27,1.5,18,13,9,1,15,3,0,15,1,1,0,0,0,0,0,23,23,1,427,392,16,0,12,126,1.9444444444444444,85,0,2507,17,83,88,10120
2025-07-11,26,com.github.shadowsocks,MainActivity,onNavigationItemSelected,5,0,2.0,5,1.0,1,0,1,0,24,2,5,6,0.5,2,2,0,11,3.0,0,2.5714285714285716,1,0,0.0,0,0.3137254901960784,0.5555555555555556,189,143,0.4444444444444444,18,9,13,4,1,14,14,0,6,0,3,3,1,0,7,0,27,0.8888888888888888,27,1.5,18,13,9,1,15,3,0,15,1,1,0,0,0,0,0,23,23,1,427,392,16,0,12,126,1.9444444444444444,85,0,2507,17,83,88,10120
2025-07-11,26,com.github.shadowsocks,MainActivity,onStart,1,0,0.0,0,0.0,1,0,1,0,4,0,1,0,1.0,1,1,0,0,2.0,1,2.0,0,0,0.0,0,0.3137254901960784,0.5555555555555556,189,143,0.4444444444444444,18,9,13,4,1,14,14,0,6,0,3,3,1,0,7,0,27,0.8888888888888888,27,1.5,18,13,9,1,15,3,0,15,1,1,0,0,0,0,0,23,23,1,427,392,16,0,12,126,1.9444444444444444,85,0,2507,17,83,88,10120
2025-07-11,26,com.github.shadowsocks,MainActivity,onKeyShortcut,3,0,1.0,6,0.6667,1,0,1,0,14,1,3,1,0.125,1,1,0,17,0.5,1,2.9,2,0,0.0,0,0.3137254901960784,0.5555555555555556,189,143,0.4444444444444444,18,9,13,4,1,14,14,0,6,0,3,3,1,0,7,0,27,0.8888888888888888,27,1.5,18,13,9,1,15,3,0,15,1,1,0,0,0,0,0,23,23,1,427,392,16,0,12,126,1.9444444444444444,85,0,2507,17,83,88,10120
2025-07-11,26,com.github.shadowsocks,MainActivity,onStop,1,0,0.0,0,0.0,1,0,1,0,4,0,1,0,1.0,1,1,0,0,2.0,1,2.0,0,0,0.0,0,0.3137254901960784,0.5555555555555556,189,143,0.4444444444444444,18,9,13,4,1,14,14,0,6,0,3,3,1,0,7,0,27,0.8888888888888888,27,1.5,18,13,9,1,15,3,0,15,1,1,0,0,0,0,0,23,23,1,427,392,16,0,12,126,1.9444444444444444,85,0,2507,17,83,88,10120
2025-07-11,26,com.github.shadowsocks,MainActivity,onDestroy,1,0,0.0,2,1.0,1,0,1,0,5,0,1,0,1.0,1,1,1,3,2.0,1,2.3333333333333335,0,1,0.0,0,0.3137254901960784,0.5555555555555556,189,143,0.4444444444444444,18,9,13,4,1,14,14,0,6,0,3,3,1,0,7,0,27,0.8888888888888888,27,1.5,18,13,9,1,15,3,0,15,1,1,0,0,0,0,0,23,23,1,427,392,16,0,12,126,1.9444444444444444,85,0,2507,17,83,88,10120
2025-07-11,26,com.github.shadowsocks,ProfileConfigActivity,onCreate,1,0,0.0,5,1.0,1,0,2,0,11,0,1,0,0.5,1,1,5,9,1.0,1,2.4285714285714284,1,5,0.0,0,0.3333333333333333,0.6666666666666666,38,19,0.0,3,2,3,4,2,2,5,0,0,0,2,2,0,0,0,0,4,1.0,4,1.3333333333333333,3,3,2,0,3,0,0,3,1,1,0,0,0,0,0,5,5,1,427,392,16,0,6,10,1.3333333333333333,85,0,2507,17,83,88,10120
2025-07-11,26,com.github.shadowsocks,ProfileConfigActivity,onResume,1,0,0.0,0,0.0,1,0,2,0,4,0,1,0,1.0,1,1,1,0,1.0,1,2.0,0,0,0.0,0,0.3333333333333333,0.6666666666666666,38,19,0.0,3,2,3,4,2,2,5,0,0,0,2,2,0,0,0,0,4,1.0,4,1.3333333333333333,3,3,2,0,3,0,0,3,1,1,0,0,0,0,0,5,5,1,427,392,16,0,6,10,1.3333333333333333,85,0,2507,17,83,88,10120
2025-07-11,26,com.github.shadowsocks,ProfileConfigActivity,onSupportNavigateUp,2,0,0.0,0,0.0,1,0,2,0,4,1,2,0,0.0,1,0,0,1,0.0,1,2.0,0,0,0.0,0,0.3333333333333333,0.6666666666666666,38,19,0.0,3,2,3,4,2,2,5,0,0,0,2,2,0,0,0,0,4,1.0,4,1.3333333333333333,3,3,2,0,3,0,0,3,1,1,0,0,0,0,0,5,5,1,427,392,16,0,6,10,1.3333333333333333,85,0,2507,17,83,88,10120
2025-07-11,26,com.github.shadowsocks,ProfileConfigFragment,makeDirt,1,0,0.0,1,1.0,1,0,3,0,4,0,1,0,0.0,0,0,0,2,0.0,0,2.5,0,0,0.0,0,0.23076923076923078,0.7692307692307693,205,151,0.46153846153846156,13,8,9,1,0,9,17,0,8,0,0,1,0,0,7,0,22,0.7692307692307692,22,1.6923076923076923,13,9,8,0,9,4,0,9,4,1,0,0,1,0,1,16,17,1,427,392,16,0,19,144,2.4615384615384617,85,0,2507,17,83,88,10120
2025-07-11,26,com.github.shadowsocks,ProfileConfigFragment,onCreatePreferences,8,3,3.0,26,0.7143,1,0,3,0,59,1,8,3,1.0,3,6,7,55,1.2,1,2.477272727272727,2,5,0.0,0,0.23076923076923078,0.7692307692307693,205,151,0.46153846153846156,13,8,9,1,0,9,17,0,8,0,0,1,0,0,7,0,22,0.7692307692307692,22,1.6923076923076923,13,9,8,0,9,4,0,9,4,1,0,0,1,0,1,16,17,1,427,392,16,0,19,144,2.4615384615384617,85,0,2507,17,83,88,10120
2025-07-11,26,com.github.shadowsocks,ProfileConfigFragment,onViewCreated,3,2,2.0,11,0.9091,1,0,3,0,21,1,3,2,0.8571428571428571,3,3,3,26,0.75,2,2.5217391304347827,2,3,0.0,0,0.23076923076923078,0.7692307692307693,205,151,0.46153846153846156,13,8,9,1,0,9,17,0,8,0,0,1,0,0,7,0,22,0.7692307692307692,22,1.6923076923076923,13,9,8,0,9,4,0,9,4,1,0,0,1,0,1,16,17,1,427,392,16,0,19,144,2.4615384615384617,85,0,2507,17,83,88,10120
2025-07-11,26,com.github.shadowsocks,ProfileConfigFragment,initPlugins,1,0,0.0,2,1.0,1,0,3,0,6,0,1,0,1.0,0,3,0,4,3.0,1,2.2857142857142856,0,0,0.0,0,0.23076923076923078,0.7692307692307693,205,151,0.46153846153846156,13,8,9,1,0,9,17,0,8,0,0,1,0,0,7,0,22,0.7692307692307692,22,1.6923076923076923,13,9,8,0,9,4,0,9,4,1,0,0,1,0,1,16,17,1,427,392,16,0,19,144,2.4615384615384617,85,0,2507,17,83,88,10120
2025-07-11,26,com.github.shadowsocks,ProfileConfigFragment,showPluginEditor,1,0,0.0,3,1.0,1,0,3,0,6,0,1,0,1.0,0,2,1,6,3.0,0,2.0,0,1,0.0,0,0.23076923076923078,0.7692307692307693,205,151,0.46153846153846156,13,8,9,1,0,9,17,0,8,0,0,1,0,0,7,0,22,0.7692307692307692,22,1.6923076923076923,13,9,8,0,9,4,0,9,4,1,0,0,1,0,1,16,17,1,427,392,16,0,19,144,2.4615384615384617,85,0,2507,17,83,88,10120
2025-07-11,26,com.github.shadowsocks,ProfileConfigFragment,saveAndExit,2,1,0.0,6,1.0,1,0,3,0,9,1,2,0,1.0,0,1,4,10,1.0,1,2.2222222222222223,0,4,0.0,0,0.23076923076923078,0.7692307692307693,205,151,0.46153846153846156,13,8,9,1,0,9,17,0,8,0,0,1,0,0,7,0,22,0.7692307692307692,22,1.6923076923076923,13,9,8,0,9,4,0,9,4,1,0,0,1,0,1,16,17,1,427,392,16,0,19,144,2.4615384615384617,85,0,2507,17,83,88,10120
2025-07-11,26,com.github.shadowsocks,ProfileConfigFragment,onAttach,1,0,1.0,1,1.0,1,0,3,0,4,0,1,1,0.3333333333333333,2,1,1,2,1.0,2,2.0,1,0,0.0,0,0.23076923076923078,0.7692307692307693,205,151,0.46153846153846156,13,8,9,1,0,9,17,0,8,0,0,1,0,0,7,0,22,0.7692307692307692,22,1.6923076923076923,13,9,8,0,9,4,0,9,4,1,0,0,1,0,1,16,17,1,427,392,16,0,19,144,2.4615384615384617,85,0,2507,17,83,88,10120
2025-07-11,26,com.github.shadowsocks,ProfileConfigFragment,onResume,3,1,0.0,2,1.0,1,0,3,0,6,1,3,0,1.0,1,2,1,8,3.0,1,2.375,0,0,0.0,0,0.23076923076923078,0.7692307692307693,205,151,0.46153846153846156,13,8,9,1,0,9,17,0,8,0,0,1,0,0,7,0,22,0.7692307692307692,22,1.6923076923076923,13,9,8,0,9,4,0,9,4,1,0,0,1,0,1,16,17,1,427,392,16,0,19,144,2.4615384615384617,85,0,2507,17,83,88,10120
2025-07-11,26,com.github.shadowsocks,ProfileConfigFragment,onPreferenceChange,3,1,1.0,3,1.0,1,0,3,0,10,1,3,1,0.8571428571428571,1,2,0,9,0.67,0,2.125,2,0,0.0,0,0.23076923076923078,0.7692307692307693,205,151,0.46153846153846156,13,8,9,1,0,9,17,0,8,0,0,1,0,0,7,0,22,0.7692307692307692,22,1.6923076923076923,13,9,8,0,9,4,0,9,4,1,0,0,1,0,1,16,17,1,427,392,16,0,19,144,2.4615384615384617,85,0,2507,17,83,88,10120
2025-07-11,26,com.github.shadowsocks,ProfileConfigFragment,onPreferenceDataStoreChanged,2,0,1.0,1,1.0,1,0,3,0,3,1,2,1,0.0,1,0,0,1,0.0,1,2.0,2,0,0.0,0,0.23076923076923078,0.7692307692307693,205,151,0.46153846153846156,13,8,9,1,0,9,17,0,8,0,0,1,0,0,7,0,22,0.7692307692307692,22,1.6923076923076923,13,9,8,0,9,4,0,9,4,1,0,0,1,0,1,16,17,1,427,392,16,0,19,144,2.4615384615384617,85,0,2507,17,83,88,10120
2025-07-11,26,com.github.shadowsocks,ProfileConfigFragment,onDisplayPreferenceDialog,5,1,1.0,7,1.0,1,0,3,0,15,2,5,1,0.7777777777777778,2,4,0,18,2.0,2,2.4615384615384617,1,0,0.0,0,0.23076923076923078,0.7692307692307693,205,151,0.46153846153846156,13,8,9,1,0,9,17,0,8,0,0,1,0,0,7,0,22,0.7692307692307692,22,1.6923076923076923,13,9,8,0,9,4,0,9,4,1,0,0,1,0,1,16,17,1,427,392,16,0,19,144,2.4615384615384617,85,0,2507,17,83,88,10120
2025-07-11,26,com.github.shadowsocks,ProfileConfigFragment,onDetach,1,0,0.0,1,1.0,1,0,3,0,4,0,1,0,1.0,1,1,1,1,1.0,1,2.0,0,1,0.0,0,0.23076923076923078,0.7692307692307693,205,151,0.46153846153846156,13,8,9,1,0,9,17,0,8,0,0,1,0,0,7,0,22,0.7692307692307692,22,1.6923076923076923,13,9,8,0,9,4,0,9,4,1,0,0,1,0,1,16,17,1,427,392,16,0,19,144,2.4615384615384617,85,0,2507,17,83,88,10120
2025-07-11,26,com.github.shadowsocks,ProfileConfigFragment,provideSummary,1,0,0.0,1,1.0,1,0,3,0,4,0,1,0,0.0,1,0,1,2,0.0,1,2.5,0,1,0.0,0,0.23076923076923078,0.7692307692307693,205,151,0.46153846153846156,13,8,9,1,0,9,17,0,8,0,0,1,0,0,7,0,22,0.7692307692307692,22,1.6923076923076923,13,9,8,0,9,4,0,9,4,1,0,0,1,0,1,16,17,1,427,392,16,1,19,144,2.4615384615384617,85,0,2507,17,83,88,10120
2025-07-11,26,com.github.shadowsocks,ProfilesFragment,isProfileEditable,1,0,0.0,1,1.0,1,1,4,1,1,0,1,0,0.0,0,0,0,4,0.0,0,2.3333333333333335,1,0,0.0,0,0.08974358974358974,0.46153846153846156,413,135,0.08333333333333333,13,10,7,1,1,13,12,0,11,0,2,9,3,2,4,0,16,0.9102564102564102,16,1.2307692307692308,13,7,10,1,9,4,0,9,4,1,0,0,0,0,0,38,38,1,427,392,16,0,11,117,2.3076923076923075,85,0,2507,17,83,88,10120
2025-07-11,26,com.github.shadowsocks,ProfilesFragment,startConfig,1,0,0.0,2,1.0,1,1,4,1,4,0,1,0,0.0,0,0,2,5,0.0,1,2.6666666666666665,1,2,0.0,0,0.08974358974358974,0.46153846153846156,413,135,0.08333333333333333,13,10,7,1,1,13,12,0,11,0,2,9,3,2,4,0,16,0.9102564102564102,16,1.2307692307692308,13,7,10,1,9,4,0,9,4,1,0,0,0,0,0,38,38,1,427,392,16,0,11,117,2.3076923076923075,85,0,2507,17,83,88,10120
2025-07-11,26,com.github.shadowsocks,ProfilesFragment,onQueryTextChange,1,0,0.0,1,1.0,1,1,4,1,4,0,1,0,0.5,0,1,0,1,1.0,1,2.0,1,0,0.0,0,0.08974358974358974,0.46153846153846156,413,135,0.08333333333333333,13,10,7,1,1,13,12,0,11,0,2,9,3,2,4,0,16,0.9102564102564102,16,1.2307692307692308,13,7,10,1,9,4,0,9,4,1,0,0,0,0,0,38,38,1,427,392,16,0,11,117,2.3076923076923075,85,0,2507,17,83,88,10120
2025-07-11,26,com.github.shadowsocks,ProfilesFragment,onQueryTextSubmit,1,0,0.0,0,0.0,1,1,4,1,1,0,1,0,0.0,0,0,0,0,0.0,0,0.0,1,0,0.0,0,0.08974358974358974,0.46153846153846156,413,135,0.08333333333333333,13,10,7,1,1,13,12,0,11,0,2,9,3,2,4,0,16,0.9102564102564102,16,1.2307692307692308,13,7,10,1,9,4,0,9,4,1,0,0,0,0,0,38,38,1,427,392,16,0,11,117,2.3076923076923075,85,0,2507,17,83,88,10120
2025-07-11,26,com.github.shadowsocks,ProfilesFragment,onCreateView,1,0,0.0,1,1.0,1,1,4,1,1,0,1,0,0.0,0,0,0,3,0.0,0,4.0,3,0,0.0,0,0.08974358974358974,0.46153846153846156,413,135,0.08333333333333333,13,10,7,1,1,13,12,0,11,0,2,9,3,2,4,0,16,0.9102564102564102,16,1.2307692307692308,13,7,10,1,9,4,0,9,4,1,0,0,0,0,0,38,38,1,427,392,16,0,11,117,2.3076923076923075,85,0,2507,17,83,88,10120
2025-07-11,26,com.github.shadowsocks,ProfilesFragment,onViewCreated,5,3,0.0,22,0.75,1,1,4,1,46,0,5,0,0.8461538461538461,2,5,9,48,1.0,2,2.3488372093023258,2,5,0.0,0,0.08974358974358974,0.46153846153846156,413,135,0.08333333333333333,13,10,7,1,1,13,12,0,11,0,2,9,3,2,4,0,16,0.9102564102564102,16,1.2307692307692308,13,7,10,1,9,4,0,9,4,1,0,0,0,0,0,38,38,1,427,392,16,0,11,117,2.3076923076923075,85,0,2507,17,83,88,10120
2025-07-11,26,com.github.shadowsocks,ProfilesFragment,onMenuItemClick,7,3,2.0,10,1.0,1,1,4,1,45,2,7,4,0.75,2,3,0,33,1.0,1,3.2083333333333335,1,0,0.0,0,0.08974358974358974,0.46153846153846156,413,135,0.08333333333333333,13,10,7,1,1,13,12,0,11,0,2,9,3,2,4,0,16,0.9102564102564102,16,1.2307692307692308,13,7,10,1,9,4,0,9,4,1,0,0,0,0,0,38,38,1,427,392,16,0,11,117,2.3076923076923075,85,0,2507,17,83,88,10120
2025-07-11,26,com.github.shadowsocks,ProfilesFragment,startFilesForResult,4,0,0.0,2,1.0,1,1,4,1,6,1,4,0,0.0,0,0,0,6,0.0,1,3.5,1,0,0.0,0,0.08974358974358974,0.46153846153846156,413,135,0.08333333333333333,13,10,7,1,1,13,12,0,11,0,2,9,3,2,4,0,16,0.9102564102564102,16,1.2307692307692308,13,7,10,1,9,4,0,9,4,1,0,0,0,0,0,38,38,1,427,392,16,0,11,117,2.3076923076923075,85,0,2507,17,83,88,10120
2025-07-11,26,com.github.shadowsocks,ProfilesFragment,importOrReplaceProfiles,4,1,0.0,3,1.0,1,1,4,1,9,2,4,0,0.0,0,0,0,11,0.0,1,3.0,2,0,0.0,0,0.08974358974358974,0.46153846153846156,413,135,0.08333333333333333,13,10,7,1,1,13,12,0,11,0,2,9,3,2,4,0,16,0.9102564102564102,16,1.2307692307692308,13,7,10,1,9,4,0,9,4,1,0,0,0,0,0,38,38,1,427,392,16,0,11,117,2.3076923076923075,85,0,2507,17,83,88,10120
2025-07-11,26,com.github.shadowsocks,ProfilesFragment,onTrafficUpdated,2,0,0.0,2,1.0,1,1,4,1,6,1,2,0,0.3333333333333333,0,2,0,3,1.0,1,2.0,2,0,0.0,0,0.08974358974358974,0.46153846153846156,413,135,0.08333333333333333,13,10,7,1,1,13,12,0,11,0,2,9,3,2,4,0,16,0.9102564102564102,16,1.2307692307692308,13,7,10,1,9,4,0,9,4,1,0,0,0,0,0,38,38,1,427,392,16,0,11,117,2.3076923076923075,85,0,2507,17,83,88,10120
2025-07-11,26,com.github.shadowsocks,ProfilesFragment,onTrafficPersisted,1,0,0.0,2,1.0,1,1,4,1,4,0,1,0,0.5,0,2,0,2,2.0,1,2.0,1,0,0.0,0,0.08974358974358974,0.46153846153846156,413,135,0.08333333333333333,13,10,7,1,1,13,12,0,11,0,2,9,3,2,4,0,16,0.9102564102564102,16,1.2307692307692308,13,7,10,1,9,4,0,9,4,1,0,0,0,0,0,38,38,1,427,392,16,0,11,117,2.3076923076923075,85,0,2507,17,83,88,10120
2025-07-11,26,com.github.shadowsocks,ProfilesFragment,onDestroyView,1,0,0.0,1,1.0,1,1,4,1,4,0,1,0,1.0,1,1,0,1,1.0,1,2.0,0,0,0.0,0,0.08974358974358974,0.46153846153846156,413,135,0.08333333333333333,13,10,7,1,1,13,12,0,11,0,2,9,3,2,4,0,16,0.9102564102564102,16,1.2307692307692308,13,7,10,1,9,4,0,9,4,1,0,0,0,0,0,38,38,1,427,392,16,0,11,117,2.3076923076923075,85,0,2507,17,83,88,10120
2025-07-11,26,com.github.shadowsocks,ProfilesFragment,onDestroy,1,0,0.0,0,0.0,1,1,4,1,5,0,1,0,0.0,1,0,0,0,0.0,1,2.0,0,0,0.0,0,0.08974358974358974,0.46153846153846156,413,135,0.08333333333333333,13,10,7,1,1,13,12,0,11,0,2,9,3,2,4,0,16,0.9102564102564102,16,1.2307692307692308,13,7,10,1,9,4,0,9,4,1,0,0,0,0,0,38,38,1,427,392,16,0,11,117,2.3076923076923075,85,0,2507,17,83,88,10120
2025-07-11,26,com.github.shadowsocks,QuickToggleShortcut,onCreate,4,0,0.0,4,1.0,1,0,1,0,10,2,4,0,0.5,1,1,0,21,1.0,1,2.909090909090909,1,0,0.0,0,0.16666666666666666,0.5,30,22,0.0,4,1,4,3,0,4,2,0,1,0,0,1,0,0,0,0,6,0.8333333333333334,7,1.75,4,4,1,0,4,0,0,4,1,1,0,0,0,0,0,4,4,1,427,392,16,0,1,28,2.3333333333333335,85,0,2507,17,83,88,10120
2025-07-11,26,com.github.shadowsocks,QuickToggleShortcut,onServiceConnected,2,1,0.0,2,1.0,1,0,1,0,8,1,2,0,0.0,0,0,1,6,0.0,0,2.6,1,1,0.0,0,0.16666666666666666,0.5,30,22,0.0,4,1,4,3,0,4,2,0,1,0,0,1,0,0,0,0,6,0.8333333333333334,7,1.75,4,4,1,0,4,0,0,4,1,1,0,0,0,0,0,4,4,1,427,392,16,0,1,28,2.3333333333333335,85,0,2507,17,83,88,10120
2025-07-11,26,com.github.shadowsocks,QuickToggleShortcut,stateChanged,0,0,0.0,0,0.0,1,0,1,0,0,0,0,0,0.0,0,0,0,0,0.0,0,0.0,3,0,0.0,0,0.16666666666666666,0.5,30,22,0.0,4,1,4,3,0,4,2,0,1,0,0,1,0,0,0,0,6,0.8333333333333334,7,1.75,4,4,1,0,4,0,0,4,1,1,0,0,0,0,0,4,4,1,427,392,16,0,1,28,2.3333333333333335,85,0,2507,17,83,88,10120
2025-07-11,26,com.github.shadowsocks,QuickToggleShortcut,onDestroy,1,0,0.0,1,1.0,1,0,1,0,4,0,1,0,1.0,1,1,0,1,1.0,1,2.0,0,0,0.0,0,0.16666666666666666,0.5,30,22,0.0,4,1,4,3,0,4,2,0,1,0,0,1,0,0,0,0,6,0.8333333333333334,7,1.75,4,4,1,0,4,0,0,4,1,1,0,0,0,0,0,4,4,1,427,392,16,0,1,28,2.3333333333333335,85,0,2507,17,83,88,10120
2025-07-11,26,com.github.shadowsocks,ScannerActivity,analyze,6,2,1.0,3,1.0,1,1,1,0,15,1,6,2,0.2,1,1,1,9,0.33,1,2.125,1,1,0.0,0,0.01818181818181818,0.7272727272727273,119,69,0.4,10,7,7,4,0,10,11,0,7,0,0,5,0,0,2,0,17,0.9454545454545454,17,1.5454545454545454,11,7,7,0,7,4,0,7,3,1,0,0,0,0,0,11,11,1,427,392,16,0,9,60,2.727272727272727,85,0,2507,17,83,88,10120
2025-07-11,26,com.github.shadowsocks,ScannerActivity,onCreate,2,0,0.0,7,1.0,1,1,1,0,10,1,2,0,0.6666666666666666,1,2,5,13,2.0,1,2.5555555555555554,1,5,0.0,0,0.01818181818181818,0.7272727272727273,119,69,0.4,10,7,7,4,0,10,11,0,7,0,0,5,0,0,2,0,17,0.9454545454545454,17,1.5454545454545454,11,7,7,0,7,4,0,7,3,1,0,0,0,0,0,11,11,1,427,392,16,0,9,60,2.727272727272727,85,0,2507,17,83,88,10120
2025-07-11,26,com.github.shadowsocks,ScannerActivity,setZoom,1,1,0.0,1,1.0,1,1,1,0,5,0,1,0,0.75,0,0,0,2,0.5,0,3.0,1,0,0.0,0,0.01818181818181818,0.7272727272727273,119,69,0.4,10,7,7,4,0,10,11,0,7,0,0,5,0,0,2,0,17,0.9454545454545454,17,1.5454545454545454,11,7,7,0,7,4,0,7,3,1,0,0,0,0,0,11,11,1,427,392,16,0,9,60,2.727272727272727,85,0,2507,17,83,88,10120
2025-07-11,26,com.github.shadowsocks,ScannerActivity,process,2,2,0.0,3,1.0,1,1,1,0,9,1,2,0,0.3333333333333333,1,1,0,8,0.25,1,2.3333333333333335,2,0,0.0,0,0.01818181818181818,0.7272727272727273,119,69,0.4,10,7,7,4,0,10,11,0,7,0,0,5,0,0,2,0,17,0.9454545454545454,17,1.5454545454545454,11,7,7,0,7,4,0,7,3,1,0,0,0,0,0,11,11,1,427,392,16,0,9,60,2.727272727272727,85,0,2507,17,83,88,10120
2025-07-11,26,com.github.shadowsocks,ScannerActivity,permissionMissing,1,0,1.0,1,1.0,1,1,1,0,4,0,1,1,0.0,1,0,2,5,1.0,0,2.6666666666666665,0,2,0.0,0,0.01818181818181818,0.7272727272727273,119,69,0.4,10,7,7,4,0,10,11,0,7,0,0,5,0,0,2,0,17,0.9454545454545454,17,1.5454545454545454,11,7,7,0,7,4,0,7,3,1,0,0,0,0,0,11,11,1,427,392,16,0,9,60,2.727272727272727,85,0,2507,17,83,88,10120
2025-07-11,26,com.github.shadowsocks,ScannerActivity,onCreateOptionsMenu,1,0,0.0,1,1.0,1,1,1,0,4,0,1,0,0.0,0,0,1,3,1.0,0,4.0,1,1,0.0,0,0.01818181818181818,0.7272727272727273,119,69,0.4,10,7,7,4,0,10,11,0,7,0,0,5,0,0,2,0,17,0.9454545454545454,17,1.5454545454545454,11,7,7,0,7,4,0,7,3,1,0,0,0,0,0,11,11,1,427,392,16,0,9,60,2.727272727272727,85,0,2507,17,83,88,10120
2025-07-11,26,com.github.shadowsocks,ScannerActivity,onOptionsItemSelected,3,0,1.0,1,1.0,1,1,1,0,7,1,3,1,0.0,1,0,0,1,1.0,0,2.5,1,0,0.0,0,0.01818181818181818,0.7272727272727273,119,69,0.4,10,7,7,4,0,10,11,0,7,0,0,5,0,0,2,0,17,0.9454545454545454,17,1.5454545454545454,11,7,7,0,7,4,0,7,3,1,0,0,0,0,0,11,11,1,427,392,16,0,9,60,2.727272727272727,85,0,2507,17,83,88,10120
2025-07-11,26,com.github.shadowsocks,ScannerActivity,shouldUpRecreateTask,1,0,0.0,0,0.0,1,1,1,0,1,0,1,0,0.0,1,0,0,0,0.0,1,2.0,1,0,0.0,0,0.01818181818181818,0.7272727272727273,119,69,0.4,10,7,7,4,0,10,11,0,7,0,0,5,0,0,2,0,17,0.9454545454545454,17,1.5454545454545454,11,7,7,0,7,4,0,7,3,1,0,0,0,0,0,11,11,1,427,392,16,0,9,60,2.727272727272727,85,0,2507,17,83,88,10120
2025-07-11,26,com.github.shadowsocks,ScannerActivity,onSupportNavigateUp,2,0,0.0,0,0.0,1,1,1,0,5,1,2,0,1.0,1,1,0,1,1.0,1,2.0,0,0,0.0,0,0.01818181818181818,0.7272727272727273,119,69,0.4,10,7,7,4,0,10,11,0,7,0,0,5,0,0,2,0,17,0.9454545454545454,17,1.5454545454545454,11,7,7,0,7,4,0,7,3,1,0,0,0,0,0,11,11,1,427,392,16,0,9,60,2.727272727272727,85,0,2507,17,83,88,10120
2025-07-11,26,com.github.shadowsocks,ScannerActivity,startImport,2,0,0.0,1,1.0,1,1,1,0,1,0,2,0,0.6666666666666666,0,2,0,1,2.0,1,2.0,1,0,0.0,0,0.01818181818181818,0.7272727272727273,119,69,0.4,10,7,7,4,0,10,11,0,7,0,0,5,0,0,2,0,17,0.9454545454545454,17,1.5454545454545454,11,7,7,0,7,4,0,7,3,1,0,0,0,0,0,11,11,1,427,392,16,0,9,60,2.727272727272727,85,0,2507,17,83,88,10120
2025-07-11,26,com.github.shadowsocks,ScannerActivity,importOrFinish,9,2,2.0,3,1.0,1,1,1,0,13,2,9,2,0.0,2,0,0,17,0.25,2,2.5833333333333335,2,0,0.0,0,0.01818181818181818,0.7272727272727273,119,69,0.4,10,7,7,4,0,10,11,0,7,0,0,5,0,0,2,0,17,0.9454545454545454,17,1.5454545454545454,11,7,7,0,7,4,0,7,3,1,0,0,0,0,0,11,11,1,427,392,16,0,9,60,2.727272727272727,85,0,2507,17,83,88,10120
2025-07-11,26,com.github.shadowsocks,ToolbarFragment,onViewCreated,1,0,0.0,3,0.6667,1,0,1,0,6,0,1,0,0.5714285714285714,1,1,1,10,0.5,1,3.2,2,0,0.0,0,0.0,1.0,10,6,0.0,1,1,1,2,0,2,1,0,0,0,0,0,0,0,1,5,1,0.0,1,1.0,1,1,1,0,1,0,0,1,1,1,0,0,0,0,0,1,1,1,427,392,16,0,1,10,1.0,85,0,2507,17,83,88,10120
2025-07-11,26,com.github.shadowsocks,UdpFallbackProfileActivity,onCreate,3,1,0.0,9,0.8,1,0,3,0,21,1,3,0,0.8333333333333334,1,3,4,26,1.5,1,2.6,1,4,0.0,0,0.0,1.0,62,21,0.0,1,3,1,4,0,1,4,0,3,0,0,1,0,0,2,0,2,0.0,2,2.0,1,1,3,0,1,0,0,1,1,1,0,0,0,0,0,6,6,1,427,392,16,0,4,26,3.0,85,0,2507,17,83,88,10120
2025-07-11,26,com.github.shadowsocks.acl,CustomRulesFragment,onSelectedItemsUpdated,4,0,0.0,2,1.0,1,0,8,0,6,1,4,0,1.0,0,4,0,3,4.0,2,2.0,0,0,0.0,0,0.3181818181818182,0.5833333333333334,470,134,0.25,12,7,10,1,0,11,14,0,11,0,0,8,4,4,3,0,19,0.8333333333333334,19,1.5833333333333333,12,10,7,0,10,2,0,10,5,1,0,0,1,0,1,46,47,1,427,392,4,0,15,136,2.4166666666666665,19,0,871,17,83,19,10120
2025-07-11,26,com.github.shadowsocks.acl,CustomRulesFragment,onCreateView,1,0,0.0,1,1.0,1,0,8,0,1,0,1,0,0.0,0,0,0,3,0.0,0,4.0,3,0,0.0,0,0.3181818181818182,0.5833333333333334,470,134,0.25,12,7,10,1,0,11,14,0,11,0,0,8,4,4,3,0,19,0.8333333333333334,19,1.5833333333333333,12,10,7,0,10,2,0,10,5,1,0,0,1,0,1,46,47,1,427,392,4,0,15,136,2.4166666666666665,19,0,871,17,83,19,10120
2025-07-11,26,com.github.shadowsocks.acl,CustomRulesFragment,onViewCreated,6,2,1.0,19,0.8421,1,0,8,0,36,1,6,1,0.7419354838709677,2,5,9,44,1.67,3,2.4705882352941178,2,5,0.0,0,0.3181818181818182,0.5833333333333334,470,134,0.25,12,7,10,1,0,11,14,0,11,0,0,8,4,4,3,0,19,0.8333333333333334,19,1.5833333333333333,12,10,7,0,10,2,0,10,5,1,0,0,1,0,1,46,47,1,427,392,4,0,15,136,2.4166666666666665,19,0,871,17,83,19,10120
2025-07-11,26,com.github.shadowsocks.acl,CustomRulesFragment,onAttach,1,0,0.0,1,1.0,1,0,8,0,4,0,1,0,0.5,1,1,1,2,1.0,1,2.5,1,1,0.0,0,0.3181818181818182,0.5833333333333334,470,134,0.25,12,7,10,1,0,11,14,0,11,0,0,8,4,4,3,0,19,0.8333333333333334,19,1.5833333333333333,12,10,7,0,10,2,0,10,5,1,0,0,1,0,1,46,47,1,427,392,4,0,15,136,2.4166666666666665,19,0,871,17,83,19,10120
2025-07-11,26,com.github.shadowsocks.acl,CustomRulesFragment,onSaveInstanceState,1,0,0.0,1,1.0,1,0,8,0,6,0,1,0,0.42857142857142855,1,1,1,9,1.0,1,2.7142857142857144,1,1,0.0,0,0.3181818181818182,0.5833333333333334,470,134,0.25,12,7,10,1,0,11,14,0,11,0,0,8,4,4,3,0,19,0.8333333333333334,19,1.5833333333333333,12,10,7,0,10,2,0,10,5,1,0,0,1,0,1,46,47,1,427,392,4,0,15,136,2.4166666666666665,19,0,871,17,83,19,10120
2025-07-11,26,com.github.shadowsocks.acl,CustomRulesFragment,copySelected,3,2,0.0,6,1.0,1,0,8,0,11,0,3,0,1.0,0,1,0,16,0.5,1,2.888888888888889,0,0,0.0,0,0.3181818181818182,0.5833333333333334,470,134,0.25,12,7,10,1,0,11,14,0,11,0,0,8,4,4,3,0,19,0.8333333333333334,19,1.5833333333333333,12,10,7,0,10,2,0,10,5,1,0,0,1,0,1,46,47,1,427,392,4,0,15,136,2.4166666666666665,19,0,871,17,83,19,10120
2025-07-11,26,com.github.shadowsocks.acl,CustomRulesFragment,onMenuItemClick,6,1,0.0,10,0.9,1,0,8,0,26,1,6,0,0.8,0,1,0,31,1.0,1,3.1176470588235294,1,0,0.0,0,0.3181818181818182,0.5833333333333334,470,134,0.25,12,7,10,1,0,11,14,0,11,0,0,8,4,4,3,0,19,0.8333333333333334,19,1.5833333333333333,12,10,7,0,10,2,0,10,5,1,0,0,1,0,1,46,47,1,427,392,4,0,15,136,2.4166666666666665,19,0,871,17,83,19,10120
2025-07-11,26,com.github.shadowsocks.acl,CustomRulesFragment,onDetach,1,0,0.0,3,1.0,1,0,8,0,6,0,1,0,1.0,1,3,0,3,3.0,1,2.0,0,0,0.0,0,0.3181818181818182,0.5833333333333334,470,134,0.25,12,7,10,1,0,11,14,0,11,0,0,8,4,4,3,0,19,0.8333333333333334,19,1.5833333333333333,12,10,7,0,10,2,0,10,5,1,0,0,1,0,1,46,47,1,427,392,4,0,15,136,2.4166666666666665,19,0,871,17,83,19,10120
2025-07-11,26,com.github.shadowsocks.acl,CustomRulesFragment,onCreateActionMode,1,1,0.0,2,0.5,1,0,8,0,7,0,1,0,0.0,0,0,2,11,0.0,0,3.2,2,1,0.0,0,0.3181818181818182,0.5833333333333334,470,134,0.25,12,7,10,1,0,11,14,0,11,0,0,8,4,4,3,0,19,0.8333333333333334,19,1.5833333333333333,12,10,7,0,10,2,0,10,5,1,0,0,1,0,1,46,47,1,427,392,4,0,15,136,2.4166666666666665,19,0,871,17,83,19,10120
2025-07-11,26,com.github.shadowsocks.acl,CustomRulesFragment,onPrepareActionMode,1,0,0.0,0,0.0,1,0,8,0,1,0,1,0,0.0,0,0,0,0,0.0,0,0.0,2,0,0.0,0,0.3181818181818182,0.5833333333333334,470,134,0.25,12,7,10,1,0,11,14,0,11,0,0,8,4,4,3,0,19,0.8333333333333334,19,1.5833333333333333,12,10,7,0,10,2,0,10,5,1,0,0,1,0,1,46,47,1,427,392,4,0,15,136,2.4166666666666665,19,0,871,17,83,19,10120
2025-07-11,26,com.github.shadowsocks.acl,CustomRulesFragment,onActionItemClicked,3,0,1.0,3,0.6667,1,0,8,0,20,1,3,2,0.75,1,1,0,3,0.5,1,2.5,2,0,0.0,0,0.3181818181818182,0.5833333333333334,470,134,0.25,12,7,10,1,0,11,14,0,11,0,0,8,4,4,3,0,19,0.8333333333333334,19,1.5833333333333333,12,10,7,0,10,2,0,10,5,1,0,0,1,0,1,46,47,1,427,392,4,0,15,136,2.4166666666666665,19,0,871,17,83,19,10120
2025-07-11,26,com.github.shadowsocks.acl,CustomRulesFragment,AclItem,1,1,1.0,3,1.0,1,0,8,0,10,0,1,1,1.0,1,4,2,11,2.5,1,2.625,1,1,0.0,0,0.3181818181818182,0.5833333333333334,470,134,0.25,12,7,10,1,0,11,14,0,11,0,0,8,4,4,3,0,19,0.8333333333333334,19,1.5833333333333333,12,10,7,0,10,2,0,10,5,1,0,0,1,0,1,46,47,1,427,392,4,1,15,136,2.4166666666666665,19,0,871,17,83,19,10120
2025-07-11,26,com.github.shadowsocks.bg,TileService,stateChanged,1,0,1.0,0,0.0,1,0,1,0,1,0,1,1,0.0,1,0,0,0,0.0,0,0.0,3,0,0.0,0,0.19047619047619047,0.5714285714285714,73,53,0.42857142857142855,7,6,5,1,0,4,3,0,6,0,0,5,0,0,1,0,12,0.8571428571428572,12,1.7142857142857142,7,5,6,0,5,2,0,5,0,1,0,0,0,0,0,7,7,1,427,392,9,0,2,22,2.142857142857143,42,0,1485,17,83,42,10120
2025-07-11,26,com.github.shadowsocks.bg,TileService,onServiceConnected,2,0,2.0,1,1.0,1,0,1,0,7,1,2,2,0.5,2,1,1,5,1.0,0,3.0,1,1,0.0,0,0.19047619047619047,0.5714285714285714,73,53,0.42857142857142855,7,6,5,1,0,4,3,0,6,0,0,5,0,0,1,0,12,0.8571428571428572,12,1.7142857142857142,7,5,6,0,5,2,0,5,0,1,0,0,0,0,0,7,7,1,427,392,9,0,2,22,2.142857142857143,42,0,1485,17,83,42,10120
2025-07-11,26,com.github.shadowsocks.bg,TileService,onStartListening,1,0,0.0,1,1.0,1,0,1,0,4,0,1,0,1.0,1,1,0,1,1.0,1,2.0,0,0,0.0,0,0.19047619047619047,0.5714285714285714,73,53,0.42857142857142855,7,6,5,1,0,4,3,0,6,0,0,5,0,0,1,0,12,0.8571428571428572,12,1.7142857142857142,7,5,6,0,5,2,0,5,0,1,0,0,0,0,0,7,7,1,427,392,9,0,2,22,2.142857142857143,42,0,1485,17,83,42,10120
2025-07-11,26,com.github.shadowsocks.bg,TileService,onStopListening,1,0,0.0,1,1.0,1,0,1,0,4,0,1,0,1.0,1,1,0,1,1.0,1,2.0,0,0,0.0,0,0.19047619047619047,0.5714285714285714,73,53,0.42857142857142855,7,6,5,1,0,4,3,0,6,0,0,5,0,0,1,0,12,0.8571428571428572,12,1.7142857142857142,7,5,6,0,5,2,0,5,0,1,0,0,0,0,0,7,7,1,427,392,9,0,2,22,2.142857142857143,42,0,1485,17,83,42,10120
2025-07-11,26,com.github.shadowsocks.bg,TileService,onClick,3,0,1.0,1,1.0,1,0,1,0,3,1,3,1,0.0,1,0,0,1,0.0,1,2.0,0,0,0.0,0,0.19047619047619047,0.5714285714285714,73,53,0.42857142857142855,7,6,5,1,0,4,3,0,6,0,0,5,0,0,1,0,12,0.8571428571428572,12,1.7142857142857142,7,5,6,0,5,2,0,5,0,1,0,0,0,0,0,7,7,1,427,392,9,0,2,22,2.142857142857143,42,0,1485,17,83,42,10120
2025-07-11,26,com.github.shadowsocks.bg,TileService,updateTile,3,0,0.0,3,1.0,1,0,1,0,27,1,3,1,0.7142857142857143,1,4,1,6,2.0,1,2.5,2,1,0.0,0,0.19047619047619047,0.5714285714285714,73,53,0.42857142857142855,7,6,5,1,0,4,3,0,6,0,0,5,0,0,1,0,12,0.8571428571428572,12,1.7142857142857142,7,5,6,0,5,2,0,5,0,1,0,0,0,0,0,7,7,1,427,392,9,0,2,22,2.142857142857143,42,0,1485,17,83,42,10120
2025-07-11,26,com.github.shadowsocks.bg,TileService,toggle,4,1,0.0,2,1.0,1,0,1,0,7,1,4,0,1.0,0,2,0,8,2.0,0,2.6666666666666665,0,0,0.0,0,0.19047619047619047,0.5714285714285714,73,53,0.42857142857142855,7,6,5,1,0,4,3,0,6,0,0,5,0,0,1,0,12,0.8571428571428572,12,1.7142857142857142,7,5,6,0,5,2,0,5,0,1,0,0,0,0,0,7,7,1,427,392,9,0,2,22,2.142857142857143,42,0,1485,17,83,42,10120
2025-07-11,26,com.github.shadowsocks.preference,PluginConfigurationDialogFragment,setArg,1,0,0.0,1,1.0,1,1,1,0,3,0,1,0,0.0,0,0,1,1,0.0,0,2.0,2,0,0.0,0,0.3333333333333333,1.0,23,10,0.0,3,1,2,1,0,3,0,0,2,0,0,1,1,1,1,0,4,1.0,4,1.3333333333333333,3,2,1,0,3,0,0,3,1,1,0,0,0,0,0,3,3,1,427,392,5,0,2,17,1.3333333333333333,21,1,540,17,83,36,10120
2025-07-11,26,com.github.shadowsocks.preference,PluginConfigurationDialogFragment,onPrepareDialogBuilder,2,2,0.0,2,1.0,1,1,1,0,6,1,2,0,0.3333333333333333,1,1,0,12,0.33,1,2.857142857142857,1,0,0.0,0,0.3333333333333333,1.0,23,10,0.0,3,1,2,1,0,3,0,0,2,0,0,1,1,1,1,0,4,1.0,4,1.3333333333333333,3,2,1,0,3,0,0,3,1,1,0,0,0,0,0,3,3,1,427,392,5,0,2,17,1.3333333333333333,21,1,540,17,83,36,10120
2025-07-11,26,com.github.shadowsocks.preference,PluginConfigurationDialogFragment,onBindDialogView,1,0,0.0,1,1.0,1,1,1,0,4,0,1,0,0.3333333333333333,1,1,1,4,1.0,1,3.5,1,0,0.0,0,0.3333333333333333,1.0,23,10,0.0,3,1,2,1,0,3,0,0,2,0,0,1,1,1,1,0,4,1.0,4,1.3333333333333333,3,2,1,0,3,0,0,3,1,1,0,0,0,0,0,3,3,1,427,392,5,0,2,17,1.3333333333333333,21,1,540,17,83,36,10120
2025-07-11,26,com.github.shadowsocks.preference,PluginPreference,getOnPreferenceChangeListener,1,0,0.0,0,0.0,0,2,1,0,1,0,1,0,1.0,0,1,0,0,1.0,0,0.0,0,0,0.0,0,0.16666666666666666,0.5,44,10,0.5,2,5,3,1,1,2,1,0,3,0,1,3,0,0,2,0,4,0.8333333333333334,4,1.0,4,3,5,0,4,0,0,4,0,1,0,0,1,0,1,4,5,1,427,392,5,0,3,5,1.0,21,1,540,17,83,36,10120
2025-07-11,26,com.github.shadowsocks.preference,PluginPreference,setOnPreferenceChangeListener,1,0,0.0,0,0.0,0,2,1,0,3,0,1,0,1.0,0,0,0,0,1.0,0,2.0,1,0,0.0,0,0.16666666666666666,0.5,44,10,0.5,2,5,3,1,1,2,1,0,3,0,1,3,0,0,2,0,4,0.8333333333333334,4,1.0,4,3,5,0,4,0,0,4,0,1,0,0,1,0,1,4,5,1,427,392,5,0,3,5,1.0,21,1,540,17,83,36,10120
2025-07-11,26,com.github.shadowsocks.preference,PluginPreference,init,1,0,0.0,2,1.0,0,2,1,0,6,0,1,0,1.0,0,2,2,5,2.0,1,2.25,0,0,0.0,0,0.16666666666666666,0.5,44,10,0.5,2,5,3,1,1,2,1,0,3,0,1,3,0,0,2,0,4,0.8333333333333334,4,1.0,4,3,5,0,4,0,0,4,0,1,0,0,1,0,1,4,5,1,427,392,5,0,3,5,1.0,21,1,540,17,83,36,10120
2025-07-11,26,com.github.shadowsocks.preference,PluginPreference,provideSummary,1,0,1.0,0,0.0,0,2,1,0,4,0,1,1,0.0,2,0,1,0,0.0,1,2.0,1,1,0.0,0,0.16666666666666666,0.5,44,10,0.5,2,5,3,1,1,2,1,0,3,0,1,3,0,0,2,0,4,0.8333333333333334,4,1.0,4,3,5,0,4,0,0,4,0,1,0,0,1,0,1,4,5,1,427,392,5,1,3,5,1.0,21,1,540,17,83,36,10120
2025-07-11,26,com.github.shadowsocks.preference,PluginPreferenceDialogFragment,setArg,1,0,0.0,0,0.0,1,1,3,0,3,0,1,0,0.0,0,0,1,1,0.0,0,0.0,1,0,0.0,0,0.0,1.0,93,20,0.0,3,3,2,1,0,4,2,0,3,0,0,3,1,1,1,0,4,1.0,4,1.3333333333333333,3,2,3,0,3,0,0,3,1,1,0,0,0,0,0,9,9,1,427,392,5,0,7,21,1.3333333333333333,21,1,540,17,83,36,10120
2025-07-11,26,com.github.shadowsocks.preference,PluginPreferenceDialogFragment,onCreateDialog,1,4,0.0,8,0.375,1,1,3,0,14,0,1,0,0.0,0,0,6,17,0.0,1,2.5,1,2,0.0,0,0.0,1.0,93,20,0.0,3,3,2,1,0,4,2,0,3,0,0,3,1,1,1,0,4,1.0,4,1.3333333333333333,3,2,3,0,3,0,0,3,1,1,0,0,0,0,0,9,9,1,427,392,5,0,7,21,1.3333333333333333,21,1,540,17,83,36,10120
2025-07-11,26,com.github.shadowsocks.preference,PluginPreferenceDialogFragment,onDialogClosed,2,1,0.0,2,1.0,1,1,3,0,6,1,2,0,1.0,0,1,0,3,1.5,0,2.0,1,0,0.0,0,0.0,1.0,93,20,0.0,3,3,2,1,0,4,2,0,3,0,0,3,1,1,1,0,4,1.0,4,1.3333333333333333,3,2,3,0,3,0,0,3,1,1,0,0,0,0,0,9,9,1,427,392,5,0,7,21,1.3333333333333333,21,1,540,17,83,36,10120
2025-07-11,26,com.github.shadowsocks.subscription,SubscriptionFragment,onCreateView,1,0,0.0,1,1.0,1,0,6,0,1,0,1,0,0.0,0,0,0,3,0.0,0,4.0,3,0,0.0,0,0.16666666666666666,0.5,204,50,0.0,4,3,4,1,0,7,7,0,3,0,0,1,0,0,2,0,7,0.6666666666666667,7,1.75,4,4,3,0,4,0,0,4,2,1,0,0,0,0,0,26,26,1,427,392,3,0,10,53,2.0,11,0,536,17,83,11,10120
2025-07-11,26,com.github.shadowsocks.subscription,SubscriptionFragment,onViewCreated,3,3,0.0,17,0.8235,1,0,6,0,30,1,3,0,0.8181818181818182,1,3,10,41,0.75,2,2.4827586206896552,2,6,0.0,0,0.16666666666666666,0.5,204,50,0.0,4,3,4,1,0,7,7,0,3,0,0,1,0,0,2,0,7,0.6666666666666667,7,1.75,4,4,3,0,4,0,0,4,2,1,0,0,0,0,0,26,26,1,427,392,3,0,10,53,2.0,11,0,536,17,83,11,10120
2025-07-11,26,com.github.shadowsocks.subscription,SubscriptionFragment,onMenuItemClick,3,1,0.0,4,1.0,1,0,6,0,15,1,3,0,0.0,0,0,0,8,0.0,1,2.2857142857142856,1,0,0.0,0,0.16666666666666666,0.5,204,50,0.0,4,3,4,1,0,7,7,0,3,0,0,1,0,0,2,0,7,0.6666666666666667,7,1.75,4,4,3,0,4,0,0,4,2,1,0,0,0,0,0,26,26,1,427,392,3,0,10,53,2.0,11,0,536,17,83,11,10120
2025-07-11,26,com.github.shadowsocks.subscription,SubscriptionFragment,onDetach,1,0,0.0,1,1.0,1,0,6,0,4,0,1,0,1.0,1,1,0,1,1.0,1,2.0,0,0,0.0,0,0.16666666666666666,0.5,204,50,0.0,4,3,4,1,0,7,7,0,3,0,0,1,0,0,2,0,7,0.6666666666666667,7,1.75,4,4,3,0,4,0,0,4,2,1,0,0,0,0,0,26,26,1,427,392,3,0,10,53,2.0,11,0,536,17,83,11,10120
2025-07-11,26,com.github.shadowsocks.tasker,ActionListener,onReceive,5,2,0.0,7,0.8571,1,0,1,0,12,2,5,0,0.0,0,0,0,9,0.0,1,2.2857142857142856,2,0,0.0,0,0.0,1.0,14,12,0.0,1,0,1,2,0,2,0,0,0,0,0,0,0,0,0,0,4,0.0,4,4.0,1,1,0,0,1,0,0,1,0,1,0,0,0,0,0,1,1,1,427,392,3,0,0,9,5.0,3,0,221,17,83,3,10120
2025-07-11,26,com.github.shadowsocks.tasker,ConfigActivity,onCreate,5,2,0.0,10,0.8333,1,0,3,0,25,1,5,0,0.8888888888888888,1,3,5,29,1.0,1,2.526315789473684,1,4,0.0,0,0.0,1.0,74,25,0.0,1,3,1,4,0,1,4,0,3,0,0,1,0,0,2,0,2,0.0,2,2.0,1,1,3,0,1,0,0,1,1,1,0,0,0,0,0,7,7,1,427,392,3,0,5,29,5.0,3,0,221,17,83,3,10120
2025-07-11,26,com.github.shadowsocks.tasker,Settings,fromIntent,6,1,0.0,2,1.0,0,0,1,0,4,0,6,0,0.7142857142857143,0,2,0,12,1.0,1,2.6,1,0,0.0,0,0.0,1.0,23,4,0.0,1,2,0,0,2,2,0,1,2,0,2,2,2,2,2,0,1,0.0,1,1.0,1,0,2,0,1,0,0,1,0,1,0,0,1,0,1,1,2,1,427,392,3,1,0,12,6.0,3,0,221,17,83,3,10120
2025-07-11,26,com.github.shadowsocks.widget,FabProgressBehavior,layoutDependsOn,1,0,0.0,1,1.0,0,0,1,0,1,0,1,0,0.0,0,0,0,4,0.0,0,2.3333333333333335,3,0,0.0,0,0.0,1.0,11,8,0.0,2,0,2,1,0,5,0,0,0,0,0,0,0,0,0,0,2,1.0,2,1.0,2,2,0,0,2,0,0,2,0,1,0,0,0,0,0,2,2,1,427,392,5,0,0,9,2.0,17,0,479,17,83,20,10120
2025-07-11,26,com.github.shadowsocks.widget,FabProgressBehavior,onLayoutChild,3,1,0.0,2,1.0,0,0,1,0,7,0,3,0,0.0,0,0,0,5,0.0,0,2.5,3,0,0.0,0,0.0,1.0,11,8,0.0,2,0,2,1,0,5,0,0,0,0,0,0,0,0,0,0,2,1.0,2,1.0,2,2,0,0,2,0,0,2,0,1,0,0,0,0,0,2,2,1,427,392,5,0,0,9,2.0,17,0,479,17,83,20,10120
2025-07-11,26,com.github.shadowsocks.widget,ServiceButton,initProgress,1,0,0.0,1,1.0,0,0,2,1,4,0,1,0,1.0,0,0,0,2,1.0,0,2.5,1,0,0.0,0,0.26666666666666666,0.8333333333333334,107,48,0.0,6,9,2,1,0,8,4,0,9,0,0,6,0,0,3,0,13,0.9333333333333333,13,2.1666666666666665,6,2,9,0,4,2,0,4,1,1,0,0,0,0,0,10,10,1,427,392,5,0,0,21,2.4,17,0,479,17,83,20,10120
2025-07-11,26,com.github.shadowsocks.widget,ServiceButton,onAnimationEnd,2,0,0.0,1,1.0,0,0,2,1,3,1,2,0,0.5,0,1,0,1,0.25,1,2.0,4,0,0.0,0,0.26666666666666666,0.8333333333333334,107,48,0.0,6,9,2,1,0,8,4,0,9,0,0,6,0,0,3,0,13,0.9333333333333333,13,2.1666666666666665,6,2,9,0,4,2,0,4,1,1,0,0,0,0,0,10,10,1,427,392,5,0,0,21,2.4,17,0,479,17,83,20,10120
2025-07-11,26,com.github.shadowsocks.widget,ServiceButton,hideProgress,1,0,0.0,2,1.0,0,0,2,1,4,0,1,0,1.0,0,2,0,2,2.0,1,2.0,0,0,0.0,0,0.26666666666666666,0.8333333333333334,107,48,0.0,6,9,2,1,0,8,4,0,9,0,0,6,0,0,3,0,13,0.9333333333333333,13,2.1666666666666665,6,2,9,0,4,2,0,4,1,1,0,0,0,0,0,10,10,1,427,392,5,0,0,21,2.4,17,0,479,17,83,20,10120
2025-07-11,26,com.github.shadowsocks.widget,ServiceButton,onCreateDrawableState,2,1,0.0,1,1.0,0,0,2,1,5,1,2,0,0.5,1,1,0,4,0.5,1,2.6666666666666665,1,0,0.0,0,0.26666666666666666,0.8333333333333334,107,48,0.0,6,9,2,1,0,8,4,0,9,0,0,6,0,0,3,0,13,0.9333333333333333,13,2.1666666666666665,6,2,9,0,4,2,0,4,1,1,0,0,0,0,0,10,10,1,427,392,5,0,0,21,2.4,17,0,479,17,83,20,10120
2025-07-11,26,com.github.shadowsocks.widget,ServiceButton,changeState,7,2,0.0,4,1.0,0,0,2,1,18,1,7,8,0.3333333333333333,2,5,4,18,1.0,1,2.5625,3,2,0.0,0,0.26666666666666666,0.8333333333333334,107,48,0.0,6,9,2,1,0,8,4,0,9,0,0,6,0,0,3,0,13,0.9333333333333333,13,2.1666666666666665,6,2,9,0,4,2,0,4,1,1,0,0,0,0,0,10,10,1,427,392,5,0,0,21,2.4,17,0,479,17,83,20,10120
2025-07-11,26,com.github.shadowsocks.widget,ServiceButton,changeState,6,0,0.0,8,0.5,0,0,2,1,14,3,6,0,0.7142857142857143,0,5,0,12,2.5,2,2.1,2,0,0.0,0,0.26666666666666666,0.8333333333333334,107,48,0.0,6,9,2,1,0,8,4,0,9,0,0,6,0,0,3,0,13,0.9333333333333333,13,2.1666666666666665,6,2,9,0,4,2,0,4,1,1,0,0,0,0,0,10,10,1,427,392,5,0,0,21,2.4,17,0,479,17,83,20,10120
2025-07-11,26,com.github.shadowsocks.widget,StatsBar,getBehavior,2,0,0.0,2,1.0,0,3,1,0,8,1,2,0,1.0,0,1,0,2,1.0,1,2.0,0,0,0.0,0,0.2,0.8333333333333334,65,24,0.3333333333333333,4,7,2,1,0,6,1,0,7,0,0,1,0,0,6,0,9,1.0,9,1.5,6,2,7,0,5,1,0,5,0,1,0,0,0,0,0,7,7,1,427,392,5,0,4,33,2.1666666666666665,17,0,479,17,83,20,10120
2025-07-11,26,com.github.shadowsocks.widget,StatsBar,setOnClickListener,1,0,0.0,1,1.0,0,3,1,0,8,0,1,0,0.8333333333333334,1,5,1,6,5.0,1,2.8333333333333335,1,0,0.0,0,0.2,0.8333333333333334,65,24,0.3333333333333333,4,7,2,1,0,6,1,0,7,0,0,1,0,0,6,0,9,1.0,9,1.5,6,2,7,0,5,1,0,5,0,1,0,0,0,0,0,7,7,1,427,392,5,0,4,33,2.1666666666666665,17,0,479,17,83,20,10120
2025-07-11,26,com.github.shadowsocks.widget,StatsBar,setStatus,1,0,0.0,1,1.0,0,3,1,0,4,0,1,0,0.25,0,1,2,1,1.0,1,2.0,1,1,0.0,0,0.2,0.8333333333333334,65,24,0.3333333333333333,4,7,2,1,0,6,1,0,7,0,0,1,0,0,6,0,9,1.0,9,1.5,6,2,7,0,5,1,0,5,0,1,0,0,0,0,0,7,7,1,427,392,5,0,4,33,2.1666666666666665,17,0,479,17,83,20,10120
2025-07-11,26,com.github.shadowsocks.widget,StatsBar,changeState,7,1,1.0,3,1.0,0,3,1,0,17,3,7,2,0.375,2,1,0,14,0.33,1,2.8461538461538463,2,0,0.0,0,0.2,0.8333333333333334,65,24,0.3333333333333333,4,7,2,1,0,6,1,0,7,0,0,1,0,0,6,0,9,1.0,9,1.5,6,2,7,0,5,1,0,5,0,1,0,0,0,0,0,7,7,1,427,392,5,0,4,33,2.1666666666666665,17,0,479,17,83,20,10120
2025-07-11,26,com.github.shadowsocks.widget,StatsBar,updateTraffic,1,0,0.0,3,1.0,0,3,1,0,6,0,1,0,0.6666666666666666,0,4,1,9,1.0,0,2.4,4,0,0.0,0,0.2,0.8333333333333334,65,24,0.3333333333333333,4,7,2,1,0,6,1,0,7,0,0,1,0,0,6,0,9,1.0,9,1.5,6,2,7,0,5,1,0,5,0,1,0,0,0,0,0,7,7,1,427,392,5,0,4,33,2.1666666666666665,17,0,479,17,83,20,10120
2025-07-11,26,com.github.shadowsocks.widget,StatsBar,testConnection,1,0,0.0,0,0.0,0,3,1,0,1,0,1,0,1.0,1,1,0,1,1.0,1,2.0,0,0,0.0,0,0.2,0.8333333333333334,65,24,0.3333333333333333,4,7,2,1,0,6,1,0,7,0,0,1,0,0,6,0,9,1.0,9,1.5,6,2,7,0,5,1,0,5,0,1,0,0,0,0,0,7,7,1,427,392,5,0,4,33,2.1666666666666665,17,0,479,17,83,20,10120
2025-07-11,26,com.github.shadowsocks.widget,UndoSnackbarManager,remove,1,1,0.0,5,0.8,0,0,1,0,13,0,1,0,0.8571428571428571,0,3,1,13,1.5,1,2.7142857142857144,1,1,0.0,0,0.3333333333333333,0.3333333333333333,33,15,0.0,3,3,0,0,0,2,2,0,3,0,0,2,0,0,1,0,3,1.0,3,1.0,3,0,3,0,3,0,0,3,0,1,0,0,0,0,0,4,4,1,427,392,5,0,0,2,1.0,17,0,479,17,83,20,10120
2025-07-11,26,com.github.shadowsocks.widget,UndoSnackbarManager,remove,1,0,0.0,1,1.0,0,0,1,0,1,0,1,2,0.0,2,0,0,1,0.0,1,2.0,1,0,0.0,0,0.3333333333333333,0.3333333333333333,33,15,0.0,3,3,0,0,0,2,2,0,3,0,0,2,0,0,1,0,3,1.0,3,1.0,3,0,3,0,3,0,0,3,0,1,0,0,0,0,0,4,4,1,427,392,5,0,0,2,1.0,17,0,479,17,83,20,10120
2025-07-11,26,com.github.shadowsocks.widget,UndoSnackbarManager,flush,1,0,0.0,1,1.0,0,0,1,0,1,0,1,0,1.0,0,1,0,1,1.0,1,2.0,0,0,0.0,0,0.3333333333333333,0.3333333333333333,33,15,0.0,3,3,0,0,0,2,2,0,3,0,0,2,0,0,1,0,3,1.0,3,1.0,3,0,3,0,3,0,0,3,0,1,0,0,0,0,0,4,4,1,427,392,5,0,0,2,1.0,17,0,479,17,83,20,10120
2025-07-11,26,com.github.shadowsocks.plugin,ConfigurationActivity,discardChanges,1,0,0.0,1,1.0,1,0,1,0,1,0,1,0,0.0,0,0,0,1,0.0,0,2.0,0,0,0.0,0,0.0,0.0,10,6,0.0,3,0,0,1,0,1,2,0,0,0,0,0,0,0,0,0,3,1.0,3,1.0,3,0,0,0,3,0,0,3,1,0,0,0,0,0,0,3,3,1,427,392,15,0,2,7,1.0,41,0,1291,17,83,33,10120
2025-07-11,26,com.github.shadowsocks.plugin,ConfigurationActivity,saveChanges,1,0,0.0,1,1.0,1,0,1,0,1,0,1,0,0.0,0,0,0,4,0.0,0,2.3333333333333335,1,0,0.0,0,0.0,0.0,10,6,0.0,3,0,0,1,0,1,2,0,0,0,0,0,0,0,0,0,3,1.0,3,1.0,3,0,0,0,3,0,0,3,1,0,0,0,0,0,0,3,3,1,427,392,15,0,2,7,1.0,41,0,1291,17,83,33,10120
2025-07-11,26,com.github.shadowsocks.plugin,ConfigurationActivity,fallbackToManualEditor,1,0,0.0,1,1.0,1,0,1,0,4,0,1,0,0.0,0,0,2,2,0.0,0,2.0,0,2,0.0,0,0.0,0.0,10,6,0.0,3,0,0,1,0,1,2,0,0,0,0,0,0,0,0,0,3,1.0,3,1.0,3,0,0,0,3,0,0,3,1,0,0,0,0,0,0,3,3,1,427,392,15,0,2,7,1.0,41,0,1291,17,83,33,10120
2025-07-11,26,com.github.shadowsocks.plugin,NativePluginProvider,getType,1,0,0.0,0,0.0,1,2,1,0,1,0,1,0,0.0,0,0,0,0,0.0,0,0.0,1,0,0.0,0,0.0,0.36363636363636365,34,18,0.1111111111111111,11,0,8,3,0,12,2,0,0,0,0,0,0,0,0,0,10,0.8333333333333334,10,1.1111111111111112,11,8,0,0,10,0,1,10,1,0,0,2,0,0,0,11,9,1,427,392,15,0,3,11,1.2222222222222223,41,0,1291,17,83,33,10120
2025-07-11,26,com.github.shadowsocks.plugin,NativePluginProvider,onCreate,1,0,0.0,0,0.0,1,2,1,0,1,0,1,0,0.0,0,0,0,0,0.0,0,0.0,0,0,0.0,0,0.0,0.36363636363636365,34,18,0.1111111111111111,11,0,8,3,0,12,2,0,0,0,0,0,0,0,0,0,10,0.8333333333333334,10,1.1111111111111112,11,8,0,0,10,0,1,10,1,0,0,2,0,0,0,11,9,1,427,392,15,0,3,11,1.2222222222222223,41,0,1291,17,83,33,10120
2025-07-11,26,com.github.shadowsocks.plugin,NativePluginProvider,populateFiles,0,0,0.0,0,0.0,1,2,1,0,0,0,0,0,0.0,0,0,0,0,0.0,0,0.0,1,0,0.0,0,0.0,0.36363636363636365,34,18,0.1111111111111111,11,0,8,3,0,12,2,0,0,0,0,0,0,0,0,0,10,0.8333333333333334,10,1.1111111111111112,11,8,0,0,10,0,1,10,1,0,0,2,0,0,0,11,9,1,427,392,15,0,3,11,1.2222222222222223,41,0,1291,17,83,33,10120
2025-07-11,26,com.github.shadowsocks.plugin,NativePluginProvider,query,1,1,1.0,0,0.0,1,2,1,0,6,0,1,1,0.0,1,0,2,2,0.0,0,0.0,5,2,0.0,0,0.0,0.36363636363636365,34,18,0.1111111111111111,11,0,8,3,0,12,2,0,0,0,0,0,0,0,0,0,10,0.8333333333333334,10,1.1111111111111112,11,8,0,0,10,0,1,10,1,0,0,2,0,0,0,11,9,1,427,392,15,0,3,11,1.2222222222222223,41,0,1291,17,83,33,10120
2025-07-11,26,com.github.shadowsocks.plugin,NativePluginProvider,getExecutable,1,0,0.0,0,0.0,1,2,1,0,1,0,1,0,0.0,0,0,0,1,0.0,0,0.0,0,0,0.0,0,0.0,0.36363636363636365,34,18,0.1111111111111111,11,0,8,3,0,12,2,0,0,0,0,0,0,0,0,0,10,0.8333333333333334,10,1.1111111111111112,11,8,0,0,10,0,1,10,1,0,0,2,0,0,0,11,9,1,427,392,15,0,3,11,1.2222222222222223,41,0,1291,17,83,33,10120
2025-07-11,26,com.github.shadowsocks.plugin,NativePluginProvider,openFile,0,0,0.0,0,0.0,1,2,1,0,0,0,0,0,0.0,0,0,0,0,0.0,0,0.0,1,0,0.0,0,0.0,0.36363636363636365,34,18,0.1111111111111111,11,0,8,3,0,12,2,0,0,0,0,0,0,0,0,0,10,0.8333333333333334,10,1.1111111111111112,11,8,0,0,10,0,1,10,1,0,0,2,0,0,0,11,9,1,427,392,15,0,3,11,1.2222222222222223,41,0,1291,17,83,33,10120
2025-07-11,26,com.github.shadowsocks.plugin,NativePluginProvider,openFile,1,0,0.0,0,0.0,1,2,1,0,4,0,1,2,0.0,2,0,1,2,0.0,0,0.0,2,1,0.0,0,0.0,0.36363636363636365,34,18,0.1111111111111111,11,0,8,3,0,12,2,0,0,0,0,0,0,0,0,0,10,0.8333333333333334,10,1.1111111111111112,11,8,0,0,10,0,1,10,1,0,0,2,0,0,0,11,9,1,427,392,15,0,3,11,1.2222222222222223,41,0,1291,17,83,33,10120
2025-07-11,26,com.github.shadowsocks.plugin,NativePluginProvider,call,3,0,0.0,1,1.0,1,2,1,0,4,2,3,1,0.0,2,0,0,3,0.0,1,2.0,3,0,0.0,0,0.0,0.36363636363636365,34,18,0.1111111111111111,11,0,8,3,0,12,2,0,0,0,0,0,0,0,0,0,10,0.8333333333333334,10,1.1111111111111112,11,8,0,0,10,0,1,10,1,0,0,2,0,0,0,11,9,1,427,392,15,0,3,11,1.2222222222222223,41,0,1291,17,83,33,10120
2025-07-11,26,com.github.shadowsocks.plugin,NativePluginProvider,insert,1,0,0.0,0,0.0,1,2,1,0,1,0,1,0,0.0,0,0,0,1,0.0,0,0.0,2,0,0.0,0,0.0,0.36363636363636365,34,18,0.1111111111111111,11,0,8,3,0,12,2,0,0,0,0,0,0,0,0,0,10,0.8333333333333334,10,1.1111111111111112,11,8,0,0,10,0,1,10,1,0,0,2,0,0,0,11,9,1,427,392,15,0,3,11,1.2222222222222223,41,0,1291,17,83,33,10120
2025-07-11,26,com.github.shadowsocks.plugin,NativePluginProvider,update,1,0,0.0,0,0.0,1,2,1,0,1,0,1,0,0.0,0,0,0,1,0.0,0,0.0,4,0,0.0,0,0.0,0.36363636363636365,34,18,0.1111111111111111,11,0,8,3,0,12,2,0,0,0,0,0,0,0,0,0,10,0.8333333333333334,10,1.1111111111111112,11,8,0,0,10,0,1,10,1,0,0,2,0,0,0,11,9,1,427,392,15,0,3,11,1.2222222222222223,41,0,1291,17,83,33,10120
2025-07-11,26,com.github.shadowsocks.plugin,NativePluginProvider,delete,1,0,0.0,0,0.0,1,2,1,0,1,0,1,0,0.0,0,0,0,1,0.0,0,0.0,3,0,0.0,0,0.0,0.36363636363636365,34,18,0.1111111111111111,11,0,8,3,0,12,2,0,0,0,0,0,0,0,0,0,10,0.8333333333333334,10,1.1111111111111112,11,8,0,0,10,0,1,10,1,0,0,2,0,0,0,11,9,1,427,392,15,0,3,11,1.2222222222222223,41,0,1291,17,83,33,10120
2025-07-11,26,com.github.shadowsocks.plugin,OptionsCapableActivity,pluginOptions,3,0,0.0,2,1.0,1,0,1,0,6,1,3,0,0.0,0,0,0,8,0.0,0,2.5,1,0,0.0,0,0.0,0.3333333333333333,15,10,0.3333333333333333,3,0,1,4,0,3,0,0,0,0,0,0,0,0,0,2,3,1.0,3,1.5,3,1,0,0,1,0,2,1,1,0,0,1,0,0,0,3,2,1,427,392,15,0,0,9,2.5,41,0,1291,17,83,33,10120
2025-07-11,26,com.github.shadowsocks.plugin,OptionsCapableActivity,onInitializePluginOptions,0,0,0.0,0,0.0,1,0,1,0,0,0,0,0,0.0,0,0,0,0,0.0,0,0.0,1,0,0.0,0,0.0,0.3333333333333333,15,10,0.3333333333333333,3,0,1,4,0,3,0,0,0,0,0,0,0,0,0,2,3,1.0,3,1.5,3,1,0,0,1,0,2,1,1,0,0,1,0,0,0,3,2,1,427,392,15,0,0,9,2.5,41,0,1291,17,83,33,10120
2025-07-11,26,com.github.shadowsocks.plugin,OptionsCapableActivity,onPostCreate,2,0,1.0,0,0.0,1,0,1,0,4,1,2,1,0.0,2,0,0,1,0.0,1,2.0,1,0,0.0,0,0.0,0.3333333333333333,15,10,0.3333333333333333,3,0,1,4,0,3,0,0,0,0,0,0,0,0,0,2,3,1.0,3,1.5,3,1,0,0,1,0,2,1,1,0,0,1,0,0,0,3,2,1,427,392,15,0,0,9,2.5,41,0,1291,17,83,33,10120
2025-07-11,26,com.github.shadowsocks.plugin,PathProvider,addPath,2,1,0.0,2,1.0,0,0,1,1,5,1,2,0,0.3333333333333333,0,1,0,7,0.33,1,2.75,2,0,0.0,0,1.0,1.0,25,19,0.6666666666666666,3,1,0,0,0,3,0,0,1,0,0,1,0,0,0,0,7,0.0,7,2.3333333333333335,3,0,1,0,3,0,0,3,0,1,0,0,0,0,0,3,3,1,427,392,15,0,0,16,3.3333333333333335,41,0,1291,17,83,33,10120
2025-07-11,26,com.github.shadowsocks.plugin,PathProvider,addTo,4,1,1.0,2,1.0,0,0,1,1,8,1,4,2,0.14285714285714285,2,1,0,5,0.25,2,2.25,3,0,0.0,0,1.0,1.0,25,19,0.6666666666666666,3,1,0,0,0,3,0,0,1,0,0,1,0,0,0,0,7,0.0,7,2.3333333333333335,3,0,1,0,3,0,0,3,0,1,0,0,0,0,0,3,3,1,427,392,15,0,0,16,3.3333333333333335,41,0,1291,17,83,33,10120
2025-07-11,26,com.github.shadowsocks.plugin,PathProvider,addAt,4,0,2.0,2,1.0,0,0,1,1,6,2,4,2,0.125,2,1,0,4,0.33,1,2.3333333333333335,3,0,0.0,0,1.0,1.0,25,19,0.6666666666666666,3,1,0,0,0,3,0,0,1,0,0,1,0,0,0,0,7,0.0,7,2.3333333333333335,3,0,1,0,3,0,0,3,0,1,0,0,0,0,0,3,3,1,427,392,15,0,0,16,3.3333333333333335,41,0,1291,17,83,33,10120
2025-07-11,26,com.github.shadowsocks.plugin,PluginOptions,putWithDefault,3,0,0.0,0,0.0,2,0,1,5,1,1,3,0,0.0,0,0,0,1,0.0,0,0.0,3,0,0.0,0,0.2,0.6666666666666666,75,27,0.16666666666666666,6,1,3,1,1,6,0,0,0,0,1,0,0,0,1,0,12,0.8666666666666667,12,2.0,6,3,1,0,5,1,0,5,0,1,0,0,0,0,0,6,6,1,427,392,15,0,0,10,2.0,41,0,1291,17,83,33,10120
2025-07-11,26,com.github.shadowsocks.plugin,PluginOptions,append,3,0,0.0,1,1.0,2,0,1,5,7,1,3,0,0.0,1,0,0,4,0.0,1,2.2,2,0,0.0,0,0.2,0.6666666666666666,75,27,0.16666666666666666,6,1,3,1,1,6,0,0,0,0,1,0,0,0,1,0,12,0.8666666666666667,12,2.0,6,3,1,0,5,1,0,5,0,1,0,0,0,0,0,6,6,1,427,392,15,0,0,10,2.0,41,0,1291,17,83,33,10120
2025-07-11,26,com.github.shadowsocks.plugin,PluginOptions,toString,7,1,0.0,2,1.0,2,0,1,5,13,4,7,3,0.6666666666666666,3,1,0,7,0.5,2,2.0,1,0,0.0,0,0.2,0.6666666666666666,75,27,0.16666666666666666,6,1,3,1,1,6,0,0,0,0,1,0,0,0,1,0,12,0.8666666666666667,12,2.0,6,3,1,0,5,1,0,5,0,1,0,0,0,0,0,6,6,1,427,392,15,0,0,10,2.0,41,0,1291,17,83,33,10120
2025-07-11,26,com.github.shadowsocks.plugin,PluginOptions,toString,1,0,0.0,0,0.0,2,0,1,5,1,0,1,2,0.0,2,0,0,0,0.0,0,0.0,0,0,0.0,0,0.2,0.6666666666666666,75,27,0.16666666666666666,6,1,3,1,1,6,0,0,0,0,1,0,0,0,1,0,12,0.8666666666666667,12,2.0,6,3,1,0,5,1,0,5,0,1,0,0,0,0,0,6,6,1,427,392,15,0,0,10,2.0,41,0,1291,17,83,33,10120
2025-07-11,26,com.github.shadowsocks.plugin,PluginOptions,equals,2,0,0.0,1,1.0,2,0,1,5,4,1,2,0,0.3333333333333333,1,1,0,3,1.0,0,2.0,1,0,0.0,0,0.2,0.6666666666666666,75,27,0.16666666666666666,6,1,3,1,1,6,0,0,0,0,1,0,0,0,1,0,12,0.8666666666666667,12,2.0,6,3,1,0,5,1,0,5,0,1,0,0,0,0,0,6,6,1,427,392,15,0,0,10,2.0,41,0,1291,17,83,33,10120
2025-07-11,26,com.github.shadowsocks.plugin,PluginOptions,hashCode,1,0,0.0,1,1.0,2,0,1,5,1,0,1,0,1.0,1,1,0,2,1.0,0,3.0,0,0,0.0,0,0.2,0.6666666666666666,75,27,0.16666666666666666,6,1,3,1,1,6,0,0,0,0,1,0,0,0,1,0,12,0.8666666666666667,12,2.0,6,3,1,0,5,1,0,5,0,1,0,0,0,0,0,6,6,1,427,392,15,0,0,10,2.0,41,0,1291,17,83,33,10120
2025-07-11,26,com.github.shadowsocks.plugin,PluginOptionsTest,basic,1,4,0.0,3,1.0,0,0,1,0,10,0,1,0,0.0,0,0,1,8,0.0,1,2.125,0,1,0.0,0,0.0,1.0,31,27,0.0,3,0,0,0,0,0,1,0,0,0,0,0,0,0,0,0,3,0.0,3,1.0,3,0,0,0,3,0,0,3,0,1,0,0,0,0,0,3,3,1,427,392,15,0,3,14,1.0,41,0,1291,17,83,33,10120
2025-07-11,26,com.github.shadowsocks.plugin,PluginOptionsTest,nullValues,1,1,0.0,1,1.0,0,0,1,0,4,0,1,0,0.0,0,0,1,3,0.0,0,2.0,0,1,0.0,0,0.0,1.0,31,27,0.0,3,0,0,0,0,0,1,0,0,0,0,0,0,0,0,0,3,0.0,3,1.0,3,0,0,0,3,0,0,3,0,1,0,0,0,0,0,3,3,1,427,392,15,0,3,14,1.0,41,0,1291,17,83,33,10120
2025-07-11,26,com.github.shadowsocks.plugin,PluginOptionsTest,escape,1,1,0.0,1,1.0,0,0,1,0,13,0,1,0,0.0,0,0,1,3,0.0,0,2.0,0,1,0.0,0,0.0,1.0,31,27,0.0,3,0,0,0,0,0,1,0,0,0,0,0,0,0,0,0,3,0.0,3,1.0,3,0,0,0,3,0,0,3,0,1,0,0,0,0,0,3,3,1,427,392,15,0,3,14,1.0,41,0,1291,17,83,33,10120
2025-07-11,26,com.github.shadowsocks.tv,App,onCreate,1,0,0.0,1,1.0,1,0,1,0,4,0,1,0,0.0,1,0,1,1,0.0,1,2.0,0,1,0.0,0,0.0,0.5,11,8,0.0,2,0,2,3,0,1,1,0,0,0,0,0,0,0,0,0,2,1.0,2,1.0,2,2,0,0,2,0,0,2,1,1,0,0,0,0,0,2,2,1,427,392,5,0,2,2,1.0,25,0,493,17,83,25,10120
2025-07-11,26,com.github.shadowsocks.tv,App,onConfigurationChanged,1,0,0.0,1,1.0,1,0,1,0,4,0,1,0,0.0,1,0,1,1,0.0,1,2.0,1,1,0.0,0,0.0,0.5,11,8,0.0,2,0,2,3,0,1,1,0,0,0,0,0,0,0,0,0,2,1.0,2,1.0,2,2,0,0,2,0,0,2,1,1,0,0,0,0,0,2,2,1,427,392,5,0,2,2,1.0,25,0,493,17,83,25,10120
2025-07-11,26,com.github.shadowsocks.tv,MainActivity,onCreate,1,0,0.0,1,1.0,1,0,1,0,4,0,1,0,0.0,1,0,1,2,0.0,1,2.5,1,1,0.0,0,0.0,0.0,6,4,0.0,1,0,1,4,0,1,1,0,6,0,3,3,1,0,7,0,1,0.0,1,1.0,1,1,0,0,1,0,0,1,1,1,0,0,0,0,0,1,1,1,427,392,5,0,1,2,1.0,25,0,493,17,83,25,10120
2025-07-11,26,com.github.shadowsocks.tv,MainFragment,onPreferenceStartInitialScreen,1,0,0.0,0,0.0,1,0,1,0,1,0,1,0,0.0,0,0,0,1,0.0,0,0.0,0,0,0.0,0,0.0,0.4,37,31,0.2,5,0,5,1,0,6,1,0,0,0,0,0,0,0,0,0,9,1.0,9,1.8,5,5,0,0,5,0,0,5,1,1,0,0,0,0,0,5,5,1,427,392,5,0,1,24,1.8,25,0,493,17,83,25,10120
2025-07-11,26,com.github.shadowsocks.tv,MainFragment,onPreferenceStartScreen,1,0,1.0,0,0.0,1,0,1,0,4,0,1,1,0.0,1,0,1,0,0.0,0,0.0,2,1,0.0,0,0.0,0.4,37,31,0.2,5,0,5,1,0,6,1,0,0,0,0,0,0,0,0,0,9,1.0,9,1.8,5,5,0,0,5,0,0,5,1,1,0,0,0,0,0,5,5,1,427,392,5,0,1,24,1.8,25,0,493,17,83,25,10120
2025-07-11,26,com.github.shadowsocks.tv,MainFragment,onPreferenceStartFragment,1,0,0.0,0,0.0,1,0,1,0,1,0,1,0,0.0,0,0,0,0,0.0,0,0.0,2,0,0.0,0,0.0,0.4,37,31,0.2,5,0,5,1,0,6,1,0,0,0,0,0,0,0,0,0,9,1.0,9,1.8,5,5,0,0,5,0,0,5,1,1,0,0,0,0,0,5,5,1,427,392,5,0,1,24,1.8,25,0,493,17,83,25,10120
2025-07-11,26,com.github.shadowsocks.tv,MainFragment,onPreferenceDisplayDialog,4,0,0.0,5,0.8333,1,0,1,0,19,2,4,0,0.0,1,0,0,16,0.0,1,2.25,2,0,0.0,0,0.0,0.4,37,31,0.2,5,0,5,1,0,6,1,0,0,0,0,0,0,0,0,0,9,1.0,9,1.8,5,5,0,0,5,0,0,5,1,1,0,0,0,0,0,5,5,1,427,392,5,0,1,24,1.8,25,0,493,17,83,25,10120
2025-07-11,26,com.github.shadowsocks.tv,MainFragment,onViewCreated,2,0,0.0,2,1.0,1,0,1,0,6,1,2,0,0.0,1,0,0,7,0.0,1,3.0,2,0,0.0,0,0.0,0.4,37,31,0.2,5,0,5,1,0,6,1,0,0,0,0,0,0,0,0,0,9,1.0,9,1.8,5,5,0,0,5,0,0,5,1,1,0,0,0,0,0,5,5,1,427,392,5,0,1,24,1.8,25,0,493,17,83,25,10120
2025-07-11,26,com.github.shadowsocks.tv,MainPreferenceFragment,stateChanged,1,0,1.0,0,0.0,1,0,1,0,1,0,1,1,0.5,1,0,0,0,0.33,0,0.0,3,0,0.0,0,0.325,0.6875,206,137,0.375,16,15,12,1,1,11,14,0,14,0,1,6,0,0,9,0,25,0.875,25,1.5625,16,12,15,0,13,3,0,13,2,1,0,0,0,0,0,16,16,1,427,392,5,0,13,106,2.0625,25,0,493,17,83,25,10120
2025-07-11,26,com.github.shadowsocks.tv,MainPreferenceFragment,trafficUpdated,2,0,0.0,1,1.0,1,0,1,0,3,1,2,0,0.8333333333333334,0,0,0,10,0.5,0,2.3076923076923075,2,0,0.0,0,0.325,0.6875,206,137,0.375,16,15,12,1,1,11,14,0,14,0,1,6,0,0,9,0,25,0.875,25,1.5625,16,12,15,0,13,3,0,13,2,1,0,0,0,0,0,16,16,1,427,392,5,0,13,106,2.0625,25,0,493,17,83,25,10120
2025-07-11,26,com.github.shadowsocks.tv,MainPreferenceFragment,changeState,8,2,1.0,5,1.0,1,0,1,0,27,4,8,1,0.8666666666666667,1,11,1,23,3.25,1,2.5588235294117645,2,0,0.0,0,0.325,0.6875,206,137,0.375,16,15,12,1,1,11,14,0,14,0,1,6,0,0,9,0,25,0.875,25,1.5625,16,12,15,0,13,3,0,13,2,1,0,0,0,0,0,16,16,1,427,392,5,0,13,106,2.0625,25,0,493,17,83,25,10120
2025-07-11,26,com.github.shadowsocks.tv,MainPreferenceFragment,onServiceConnected,2,0,1.0,0,0.0,1,0,1,0,5,0,2,1,0.5,1,1,0,1,1.0,0,3.5,1,0,0.0,0,0.325,0.6875,206,137,0.375,16,15,12,1,1,11,14,0,14,0,1,6,0,0,9,0,25,0.875,25,1.5625,16,12,15,0,13,3,0,13,2,1,0,0,0,0,0,16,16,1,427,392,5,0,13,106,2.0625,25,0,493,17,83,25,10120
2025-07-11,26,com.github.shadowsocks.tv,MainPreferenceFragment,onServiceDisconnected,1,0,1.0,1,1.0,1,0,1,0,1,0,1,1,0.0,1,0,0,2,0.0,0,3.0,0,0,0.0,0,0.325,0.6875,206,137,0.375,16,15,12,1,1,11,14,0,14,0,1,6,0,0,9,0,25,0.875,25,1.5625,16,12,15,0,13,3,0,13,2,1,0,0,0,0,0,16,16,1,427,392,5,0,13,106,2.0625,25,0,493,17,83,25,10120
2025-07-11,26,com.github.shadowsocks.tv,MainPreferenceFragment,onBinderDied,1,0,0.0,2,0.5,1,0,1,0,4,0,1,0,1.0,0,2,0,2,2.0,1,2.0,0,0,0.0,0,0.325,0.6875,206,137,0.375,16,15,12,1,1,11,14,0,14,0,1,6,0,0,9,0,25,0.875,25,1.5625,16,12,15,0,13,3,0,13,2,1,0,0,0,0,0,16,16,1,427,392,5,0,13,106,2.0625,25,0,493,17,83,25,10120
2025-07-11,26,com.github.shadowsocks.tv,MainPreferenceFragment,onCreatePreferences,1,0,3.0,17,0.9474,1,0,1,0,27,0,1,3,1.0,3,11,7,29,5.5,1,2.4,2,6,0.0,0,0.325,0.6875,206,137,0.375,16,15,12,1,1,11,14,0,14,0,1,6,0,0,9,0,25,0.875,25,1.5625,16,12,15,0,13,3,0,13,2,1,0,0,0,0,0,16,16,1,427,392,5,0,13,106,2.0625,25,0,493,17,83,25,10120
2025-07-11,26,com.github.shadowsocks.tv,MainPreferenceFragment,onStart,1,0,0.0,0,0.0,1,0,1,0,4,0,1,0,1.0,1,1,0,0,2.0,1,2.0,0,0,0.0,0,0.325,0.6875,206,137,0.375,16,15,12,1,1,11,14,0,14,0,1,6,0,0,9,0,25,0.875,25,1.5625,16,12,15,0,13,3,0,13,2,1,0,0,0,0,0,16,16,1,427,392,5,0,13,106,2.0625,25,0,493,17,83,25,10120
2025-07-11,26,com.github.shadowsocks.tv,MainPreferenceFragment,onResume,1,0,0.0,1,1.0,1,0,1,0,4,0,1,0,1.0,1,1,1,3,1.0,1,2.3333333333333335,0,0,0.0,0,0.325,0.6875,206,137,0.375,16,15,12,1,1,11,14,0,14,0,1,6,0,0,9,0,25,0.875,25,1.5625,16,12,15,0,13,3,0,13,2,1,0,0,0,0,0,16,16,1,427,392,5,0,13,106,2.0625,25,0,493,17,83,25,10120
2025-07-11,26,com.github.shadowsocks.tv,MainPreferenceFragment,populateProfiles,1,1,0.0,4,0.75,1,0,1,0,7,0,1,0,1.0,0,1,2,9,1.0,1,2.090909090909091,0,1,0.0,0,0.325,0.6875,206,137,0.375,16,15,12,1,1,11,14,0,14,0,1,6,0,0,9,0,25,0.875,25,1.5625,16,12,15,0,13,3,0,13,2,1,0,0,0,0,0,16,16,1,427,392,5,0,13,106,2.0625,25,0,493,17,83,25,10120
2025-07-11,26,com.github.shadowsocks.tv,MainPreferenceFragment,startService,2,0,0.0,1,1.0,1,0,1,0,3,1,2,0,1.0,0,2,0,3,2.0,0,2.5,0,0,0.0,0,0.325,0.6875,206,137,0.375,16,15,12,1,1,11,14,0,14,0,1,6,0,0,9,0,25,0.875,25,1.5625,16,12,15,0,13,3,0,13,2,1,0,0,0,0,0,16,16,1,427,392,5,0,13,106,2.0625,25,0,493,17,83,25,10120
2025-07-11,26,com.github.shadowsocks.tv,MainPreferenceFragment,onPreferenceDataStoreChanged,2,0,0.0,2,0.5,1,0,1,0,8,1,2,0,0.8,0,3,0,3,1.5,1,2.0,2,0,0.0,0,0.325,0.6875,206,137,0.375,16,15,12,1,1,11,14,0,14,0,1,6,0,0,9,0,25,0.875,25,1.5625,16,12,15,0,13,3,0,13,2,1,0,0,0,0,0,16,16,1,427,392,5,0,13,106,2.0625,25,0,493,17,83,25,10120
2025-07-11,26,com.github.shadowsocks.tv,MainPreferenceFragment,onStop,1,0,0.0,0,0.0,1,0,1,0,4,0,1,0,1.0,1,1,0,0,2.0,1,2.0,0,0,0.0,0,0.325,0.6875,206,137,0.375,16,15,12,1,1,11,14,0,14,0,1,6,0,0,9,0,25,0.875,25,1.5625,16,12,15,0,13,3,0,13,2,1,0,0,0,0,0,16,16,1,427,392,5,0,13,106,2.0625,25,0,493,17,83,25,10120
2025-07-11,26,com.github.shadowsocks.tv,MainPreferenceFragment,onPreferenceTreeClick,4,0,1.0,5,1.0,1,0,1,0,27,2,4,2,0.7142857142857143,2,5,0,10,5.0,1,2.1333333333333333,1,0,0.0,0,0.325,0.6875,206,137,0.375,16,15,12,1,1,11,14,0,14,0,1,6,0,0,9,0,25,0.875,25,1.5625,16,12,15,0,13,3,0,13,2,1,0,0,0,0,0,16,16,1,427,392,5,0,13,106,2.0625,25,0,493,17,83,25,10120
2025-07-11,26,com.github.shadowsocks.tv,MainPreferenceFragment,startFilesForResult,4,0,0.0,2,1.0,1,0,1,0,6,1,4,0,0.0,0,0,1,7,0.0,1,2.5,1,1,0.0,0,0.325,0.6875,206,137,0.375,16,15,12,1,1,11,14,0,14,0,1,6,0,0,9,0,25,0.875,25,1.5625,16,12,15,0,13,3,0,13,2,1,0,0,0,0,0,16,16,1,427,392,5,0,13,106,2.0625,25,0,493,17,83,25,10120
2025-07-11,26,com.github.shadowsocks.tv,MainPreferenceFragment,onDestroy,1,1,0.0,2,1.0,1,0,1,0,6,0,1,0,1.0,1,1,1,4,2.0,1,2.3333333333333335,0,1,0.0,0,0.325,0.6875,206,137,0.375,16,15,12,1,1,11,14,0,14,0,1,6,0,0,9,0,25,0.875,25,1.5625,16,12,15,0,13,3,0,13,2,1,0,0,0,0,0,16,16,1,427,392,5,0,13,106,2.0625,25,0,493,17,83,25,10120
2025-07-11,26,com.github.shadowsocks.tv,ProfilesDialogFragment,onCreateView,1,1,0.0,2,1.0,1,0,3,0,7,0,1,0,0.5,1,1,0,10,0.25,0,2.7142857142857144,3,0,0.0,0,0.0,1.0,50,7,0.0,1,1,1,1,0,4,0,0,1,0,0,1,0,0,0,0,1,0.0,1,1.0,1,1,1,0,1,0,0,1,1,1,0,0,0,0,0,5,5,1,427,392,5,0,0,10,1.0,25,0,493,17,83,25,10120
2025-07-11,26,com.github.shadowsocks.tv.preference,LeanbackSingleListPreferenceDialogFragment,onCreateView,2,2,0.0,1,1.0,1,0,1,0,5,0,2,0,0.0,1,0,0,10,0.0,1,2.8333333333333335,3,0,0.0,0,0.0,1.0,13,5,0.0,1,0,1,1,0,4,0,0,2,0,0,2,2,2,0,0,1,0.0,1,1.0,1,1,0,0,1,0,0,1,1,1,0,0,0,0,0,1,1,1,427,392,1,0,0,10,2.0,1,0,50,17,83,1,10120
