Extraction Date,Project,Package,Class,Method,CYCLO_method,NOLV_method,CLNAMM_method,CINT_method,CDISP_method,NOII_type,NOAM_type,NOCS_type,number_constructor_NotDefaultConstructor,LOC_method,MAXNESTING_method,CC_method,NMCS_method,LAA_method,CM_method,NOAV_method,ATFD_method,FANOUT_method,ATLD_method,MaMCL_method,MeMCL_method,NOP_method,FDP_method,CFNAMM_method,Number_Final_Not_Static_Methods,TCC_type,WOC_type,LOC_type,LOCNAMM_type,CFNAMM_type,NOMNAMM_type,NOA_type,NIM_type,DIT_type,NOPA_type,CBO_type,RFC_type,isStatic_type,number_private_visibility_attributes,number_protected_visibility_attributes,number_package_visibility_attributes,num_final_attributes,num_static_attributes,num_final_static_attributes,num_not_final_not_static_attributes,NOC_type,WMC_type,LCOM5_type,WMCNAMM_type,AMW_type,NOM_type,NMO_type,num_final_not_static_attributes,num_static_not_final_attributes,number_public_visibility_methods,number_private_visibility_methods,number_protected_visibility_methods,number_package_visibility_methods,number_standard_design_methods,number_constructor_DefaultConstructor_methods,number_final_methods,number_abstract_methods,number_static_methods,number_final_static_methods,number_not_final_static_methods,number_not_final_not_static_methods,number_not_abstract_not_final_methods,NOI_project,NOM_project,NOMNAMM_project,NOCS_package,isStatic_method,ATFD_type,FANOUT_type,AMWNAMM_type,NOMNAMM_Package,NOI_Package,LOC_package,NOPK_project,NOCS_project,NOM_package,LOC_project
2025-07-11,30,com.thomaskioko.tvmaniac,MainActivity,onCreate,1,3,0.0,6,1.0,1,0,1,0,18,0,1,0,0.8,1,1,4,15,0.25,1,2.3636363636363638,1,3,0.0,0,0.0,1.0,22,18,0.0,1,1,1,1,0,1,4,0,1,0,0,0,0,0,1,0,1,0.0,1,1.0,1,1,1,0,1,0,0,1,1,1,0,0,0,0,0,1,1,114,657,537,2,0,4,15,1.0,5,0,181,119,211,2,17815
2025-07-11,30,com.thomaskioko.tvmaniac,TvManicApplication,onCreate,1,0,0.0,1,1.0,1,0,1,0,4,0,1,0,1.0,1,1,0,2,1.0,1,2.5,0,0,0.0,0,0.0,0.0,8,4,0.0,1,1,1,3,0,0,1,0,1,0,0,1,0,0,0,0,1,0.0,1,1.0,1,1,1,0,1,0,0,1,1,1,0,0,0,0,0,1,1,114,657,537,2,0,0,2,1.0,5,0,181,119,211,2,17815
2025-07-11,30,com.thomaskioko.tvmaniac.initializers,AppInitializers,init,2,0,0.0,0,0.0,0,0,1,0,5,1,2,2,0.0,1,0,0,2,0.0,1,2.0,0,0,0.0,0,0.0,1.0,7,5,0.0,1,0,0,0,0,0,0,0,0,0,0,0,0,0,0,0,2,0.0,2,2.0,1,0,0,0,1,0,0,1,0,1,0,0,0,0,0,1,1,114,657,537,1,0,0,2,2.0,1,0,17,119,211,1,17815
2025-07-11,30,com.thomaskioko.tvmaniac.ui.discover,DiscoverScreenshotTest,discoverScreenEmptyState,1,0,0.0,1,1.0,0,0,1,0,3,0,1,0,1.0,0,1,0,1,1.0,1,2.0,0,0,0.0,0,1.0,1.0,19,12,0.0,4,1,0,0,0,0,1,0,0,0,0,1,0,0,0,0,4,0.0,4,1.0,4,0,1,0,4,0,0,4,2,1,0,0,0,0,0,4,4,114,657,537,2,0,0,4,1.0,14,0,622,119,211,4,17815
2025-07-11,30,com.thomaskioko.tvmaniac.ui.discover,DiscoverScreenshotTest,discoverScreenLoading,1,0,0.0,1,1.0,0,0,1,0,3,0,1,0,1.0,0,1,0,1,1.0,1,2.0,0,0,0.0,0,1.0,1.0,19,12,0.0,4,1,0,0,0,0,1,0,0,0,0,1,0,0,0,0,4,0.0,4,1.0,4,0,1,0,4,0,0,4,2,1,0,0,0,0,0,4,4,114,657,537,2,0,0,4,1.0,14,0,622,119,211,4,17815
2025-07-11,30,com.thomaskioko.tvmaniac.ui.discover,DiscoverScreenshotTest,discoverScreenErrorState,1,0,0.0,1,1.0,0,0,1,0,3,0,1,0,1.0,0,1,0,1,1.0,1,2.0,0,0,0.0,0,1.0,1.0,19,12,0.0,4,1,0,0,0,0,1,0,0,0,0,1,0,0,0,0,4,0.0,4,1.0,4,0,1,0,4,0,0,4,2,1,0,0,0,0,0,4,4,114,657,537,2,0,0,4,1.0,14,0,622,119,211,4,17815
2025-07-11,30,com.thomaskioko.tvmaniac.ui.discover,DiscoverScreenshotTest,discoverScreenDataLoaded,1,0,0.0,1,1.0,0,0,1,0,3,0,1,0,1.0,0,1,0,1,1.0,1,2.0,0,0,0.0,0,1.0,1.0,19,12,0.0,4,1,0,0,0,0,1,0,0,0,0,1,0,0,0,0,4,0.0,4,1.0,4,0,1,0,4,0,0,4,2,1,0,0,0,0,0,4,4,114,657,537,2,0,0,4,1.0,14,0,622,119,211,4,17815
2025-07-11,30,com.thomaskioko.tvmaniac.ui.library,LibraryScreenTest,libraryScreenLoadedState,1,0,0.0,1,1.0,0,0,1,0,3,0,1,0,1.0,0,1,0,1,1.0,1,2.0,0,0,0.0,0,1.0,1.0,11,6,0.0,2,1,0,0,0,0,1,0,0,0,0,1,0,0,0,0,2,0.0,2,1.0,2,0,1,0,2,0,0,2,2,1,0,0,0,0,0,2,2,114,657,537,2,0,0,2,1.0,6,0,262,119,211,2,17815
2025-07-11,30,com.thomaskioko.tvmaniac.ui.library,LibraryScreenTest,libraryScreenErrorLoadingShows,1,0,0.0,1,1.0,0,0,1,0,3,0,1,0,1.0,0,1,0,1,1.0,1,2.0,0,0,0.0,0,1.0,1.0,11,6,0.0,2,1,0,0,0,0,1,0,0,0,0,1,0,0,0,0,2,0.0,2,1.0,2,0,1,0,2,0,0,2,2,1,0,0,0,0,0,2,2,114,657,537,2,0,0,2,1.0,6,0,262,119,211,2,17815
2025-07-11,30,com.thomaskioko.tvmaniac.ui.moreshows,MoreShowsScreenTest,moreShowsLoadedState,1,0,0.0,1,1.0,0,0,1,0,3,0,1,0,1.0,0,1,0,2,1.0,2,2.0,0,0,0.0,0,0.0,1.0,7,3,0.0,1,1,0,0,0,0,1,0,0,0,0,1,0,0,0,0,1,0.0,1,1.0,1,0,1,0,1,0,0,1,1,1,0,0,0,0,0,1,1,114,657,537,2,0,0,2,1.0,7,0,340,119,211,1,17815
2025-07-11,30,com.thomaskioko.tvmaniac.ui.seasondetails,SeasonScreenshotTest,seasonDetailsScreenContentLoadedState,1,0,0.0,1,1.0,0,0,1,0,3,0,1,0,1.0,0,1,0,1,1.0,1,2.0,0,0,0.0,0,1.0,1.0,11,6,0.0,2,1,0,0,0,0,1,0,0,0,0,1,0,0,0,0,2,0.0,2,1.0,2,0,1,0,2,0,0,2,1,1,0,0,0,0,0,2,2,114,657,537,1,0,0,2,1.0,2,0,51,119,211,2,17815
2025-07-11,30,com.thomaskioko.tvmaniac.ui.seasondetails,SeasonScreenshotTest,seasonDetailsScreenErrorState,1,0,0.0,1,1.0,0,0,1,0,3,0,1,0,1.0,0,1,0,1,1.0,1,2.0,0,0,0.0,0,1.0,1.0,11,6,0.0,2,1,0,0,0,0,1,0,0,0,0,1,0,0,0,0,2,0.0,2,1.0,2,0,1,0,2,0,0,2,1,1,0,0,0,0,0,2,2,114,657,537,1,0,0,2,1.0,2,0,51,119,211,2,17815
2025-07-11,30,com.thomaskioko.tvmaniac.ui.showdetails,ShowDetailsScreenScreenshotTest,showDetailsLoadedState,1,0,0.0,1,1.0,0,0,1,0,3,0,1,0,1.0,0,1,0,1,1.0,1,2.0,0,0,0.0,0,1.0,1.0,11,6,0.0,2,1,0,0,0,0,1,0,0,0,0,1,0,0,0,0,2,0.0,2,1.0,2,0,1,0,2,0,0,2,2,1,0,0,0,0,0,2,2,114,657,537,2,0,0,2,1.0,19,0,1104,119,211,2,17815
2025-07-11,30,com.thomaskioko.tvmaniac.ui.showdetails,ShowDetailsScreenScreenshotTest,showDetailsLoadedWithErrorInfoState,1,0,0.0,1,1.0,0,0,1,0,3,0,1,0,1.0,0,1,0,1,1.0,1,2.0,0,0,0.0,0,1.0,1.0,11,6,0.0,2,1,0,0,0,0,1,0,0,0,0,1,0,0,0,0,2,0.0,2,1.0,2,0,1,0,2,0,0,2,2,1,0,0,0,0,0,2,2,114,657,537,2,0,0,2,1.0,19,0,1104,119,211,2,17815
2025-07-11,30,com.thomaskioko.tvmaniac.core.base.di,BaseComponent,provideCoroutineDispatchers,1,0,0.0,1,1.0,0,0,1,0,1,0,1,0,0.0,0,0,0,3,0.0,0,2.0,0,0,0.0,0,0.0,1.0,5,2,0.0,2,0,0,0,0,2,0,0,0,0,0,0,0,0,0,0,2,0.0,2,1.0,2,0,0,0,2,0,0,2,0,1,0,0,0,0,0,2,2,114,657,537,4,0,0,6,1.0,4,4,72,119,211,4,17815
2025-07-11,30,com.thomaskioko.tvmaniac.core.base.di,BaseComponent,provideCoroutineScope,1,0,0.0,1,1.0,0,0,1,0,1,0,1,0,0.0,0,0,0,3,0.0,0,2.0,1,0,0.0,0,0.0,1.0,5,2,0.0,2,0,0,0,0,2,0,0,0,0,0,0,0,0,0,0,2,0.0,2,1.0,2,0,0,0,2,0,0,2,0,1,0,0,0,0,0,2,2,114,657,537,4,0,0,6,1.0,4,4,72,119,211,4,17815
2025-07-11,30,com.thomaskioko.tvmaniac.core.base.di,BaseComponent,provideCoroutineDispatchers,1,0,0.0,1,1.0,0,0,1,0,1,0,1,0,0.0,0,0,0,3,0.0,0,2.0,0,0,0.0,0,0.0,1.0,5,2,0.0,2,0,0,0,0,2,0,0,0,0,0,0,0,0,0,0,2,0.0,2,1.0,2,0,0,0,2,0,0,2,0,1,0,0,0,0,0,2,2,114,657,537,4,0,0,5,1.0,4,4,72,119,211,4,17815
2025-07-11,30,com.thomaskioko.tvmaniac.core.base.di,BaseComponent,provideAppCoroutineScope,1,0,0.0,1,1.0,0,0,1,0,1,0,1,0,0.0,0,0,0,2,0.0,2,2.0,1,0,0.0,0,0.0,1.0,5,2,0.0,2,0,0,0,0,2,0,0,0,0,0,0,0,0,0,0,2,0.0,2,1.0,2,0,0,0,2,0,0,2,0,1,0,0,0,0,0,2,2,114,657,537,4,0,0,5,1.0,4,4,72,119,211,4,17815
2025-07-11,30,com.thomaskioko.tvmaniac.core.logger,KermitLogger,debug,2,0,0.0,1,1.0,0,0,1,0,5,1,2,0,0.0,0,0,0,2,0.0,1,2.0,1,0,0.0,0,0.0,1.0,61,50,0.0,10,0,0,0,0,2,0,0,0,0,0,0,0,0,0,0,20,0.0,20,2.0,10,0,0,0,10,0,0,10,0,1,0,0,0,0,0,10,10,114,657,537,2,0,0,15,2.0,11,0,97,119,211,11,17815
2025-07-11,30,com.thomaskioko.tvmaniac.core.logger,KermitLogger,debug,2,0,0.0,1,1.0,0,0,1,0,5,1,2,0,0.0,0,0,0,3,0.0,2,3.0,2,0,0.0,0,0.0,1.0,61,50,0.0,10,0,0,0,0,2,0,0,0,0,0,0,0,0,0,0,20,0.0,20,2.0,10,0,0,0,10,0,0,10,0,1,0,0,0,0,0,10,10,114,657,537,2,0,0,15,2.0,11,0,97,119,211,11,17815
2025-07-11,30,com.thomaskioko.tvmaniac.core.logger,KermitLogger,error,2,0,0.0,1,1.0,0,0,1,0,5,1,2,0,0.0,0,0,0,2,0.0,1,2.0,2,0,0.0,0,0.0,1.0,61,50,0.0,10,0,0,0,0,2,0,0,0,0,0,0,0,0,0,0,20,0.0,20,2.0,10,0,0,0,10,0,0,10,0,1,0,0,0,0,0,10,10,114,657,537,2,0,0,15,2.0,11,0,97,119,211,11,17815
2025-07-11,30,com.thomaskioko.tvmaniac.core.logger,KermitLogger,error,2,0,0.0,1,1.0,0,0,1,0,5,1,2,0,0.0,0,0,0,3,0.0,2,3.0,2,0,0.0,0,0.0,1.0,61,50,0.0,10,0,0,0,0,2,0,0,0,0,0,0,0,0,0,0,20,0.0,20,2.0,10,0,0,0,10,0,0,10,0,1,0,0,0,0,0,10,10,114,657,537,2,0,0,15,2.0,11,0,97,119,211,11,17815
2025-07-11,30,com.thomaskioko.tvmaniac.core.logger,KermitLogger,info,2,0,0.0,1,1.0,0,0,1,0,5,1,2,0,0.0,0,0,0,2,0.0,1,2.0,2,0,0.0,0,0.0,1.0,61,50,0.0,10,0,0,0,0,2,0,0,0,0,0,0,0,0,0,0,20,0.0,20,2.0,10,0,0,0,10,0,0,10,0,1,0,0,0,0,0,10,10,114,657,537,2,0,0,15,2.0,11,0,97,119,211,11,17815
2025-07-11,30,com.thomaskioko.tvmaniac.core.logger,KermitLogger,info,2,0,0.0,1,1.0,0,0,1,0,5,1,2,0,0.0,0,0,0,3,0.0,2,3.0,2,0,0.0,0,0.0,1.0,61,50,0.0,10,0,0,0,0,2,0,0,0,0,0,0,0,0,0,0,20,0.0,20,2.0,10,0,0,0,10,0,0,10,0,1,0,0,0,0,0,10,10,114,657,537,2,0,0,15,2.0,11,0,97,119,211,11,17815
2025-07-11,30,com.thomaskioko.tvmaniac.core.logger,KermitLogger,warning,2,0,0.0,1,1.0,0,0,1,0,5,1,2,0,0.0,0,0,0,2,0.0,1,2.0,1,0,0.0,0,0.0,1.0,61,50,0.0,10,0,0,0,0,2,0,0,0,0,0,0,0,0,0,0,20,0.0,20,2.0,10,0,0,0,10,0,0,10,0,1,0,0,0,0,0,10,10,114,657,537,2,0,0,15,2.0,11,0,97,119,211,11,17815
2025-07-11,30,com.thomaskioko.tvmaniac.core.logger,KermitLogger,warning,2,0,0.0,1,1.0,0,0,1,0,5,1,2,0,0.0,0,0,0,3,0.0,2,3.0,2,0,0.0,0,0.0,1.0,61,50,0.0,10,0,0,0,0,2,0,0,0,0,0,0,0,0,0,0,20,0.0,20,2.0,10,0,0,0,10,0,0,10,0,1,0,0,0,0,0,10,10,114,657,537,2,0,0,15,2.0,11,0,97,119,211,11,17815
2025-07-11,30,com.thomaskioko.tvmaniac.core.logger,KermitLogger,verbose,2,0,0.0,1,1.0,0,0,1,0,5,1,2,0,0.0,0,0,0,2,0.0,1,2.0,1,0,0.0,0,0.0,1.0,61,50,0.0,10,0,0,0,0,2,0,0,0,0,0,0,0,0,0,0,20,0.0,20,2.0,10,0,0,0,10,0,0,10,0,1,0,0,0,0,0,10,10,114,657,537,2,0,0,15,2.0,11,0,97,119,211,11,17815
2025-07-11,30,com.thomaskioko.tvmaniac.core.logger,KermitLogger,verbose,2,0,0.0,1,1.0,0,0,1,0,5,1,2,0,0.0,0,0,0,3,0.0,2,3.0,2,0,0.0,0,0.0,1.0,61,50,0.0,10,0,0,0,0,2,0,0,0,0,0,0,0,0,0,0,20,0.0,20,2.0,10,0,0,0,10,0,0,10,0,1,0,0,0,0,0,10,10,114,657,537,2,0,0,15,2.0,11,0,97,119,211,11,17815
2025-07-11,30,com.thomaskioko.tvmaniac.core.logger,LoggingInitializer,init,1,0,0.0,1,1.0,1,0,1,0,3,0,1,0,0.0,0,0,1,1,0.0,1,2.0,0,1,0.0,0,0.0,0.0,5,3,0.0,1,0,1,1,0,0,1,0,0,0,0,0,0,0,0,0,1,0.0,1,1.0,1,1,0,0,1,0,0,1,0,1,0,0,0,0,0,1,1,114,657,537,2,0,1,1,1.0,11,0,97,119,211,11,17815
2025-07-11,30,com.thomaskioko.tvmaniac.core.logger.inject,LoggingComponent,providesLoggingInitializer,1,0,0.0,0,0.0,0,0,1,0,1,0,1,0,0.0,0,0,0,0,0.0,0,0.0,1,0,0.0,0,0.0,0.0,5,2,0.0,2,0,0,0,0,4,0,0,0,0,0,0,0,0,0,0,2,1.0,2,1.0,2,0,0,0,2,0,0,2,0,1,0,0,0,0,0,2,2,114,657,537,1,0,0,1,1.0,2,1,25,119,211,2,17815
2025-07-11,30,com.thomaskioko.tvmaniac.core.logger.inject,LoggingComponent,provideKermitLogger,1,0,0.0,1,1.0,0,0,1,0,1,0,1,0,0.0,0,0,0,1,0.0,0,2.0,1,0,0.0,0,0.0,0.0,5,2,0.0,2,0,0,0,0,4,0,0,0,0,0,0,0,0,0,0,2,1.0,2,1.0,2,0,0,0,2,0,0,2,0,1,0,0,0,0,0,2,2,114,657,537,1,0,0,1,1.0,2,1,25,119,211,2,17815
2025-07-11,30,com.thomaskioko.tvmaniac.core.networkutil,AndroidNetworkExceptionHandlerUtil,resolveError,7,0,0.0,2,1.0,0,0,1,0,12,2,7,0,0.6,0,1,0,4,1.0,0,2.5,1,0,0.0,0,0.0,1.0,16,12,0.0,1,1,1,1,1,1,0,0,0,0,1,1,0,0,0,0,3,0.0,3,3.0,1,1,1,0,1,0,0,1,0,1,0,0,0,0,0,1,1,114,657,537,3,0,0,4,7.0,6,1,107,119,211,2,17815
2025-07-11,30,com.thomaskioko.tvmaniac.core.networkutil.di,NetworkUtilPlatformComponent,provideNetworkExceptionHandler,1,0,0.0,0,0.0,0,0,1,0,1,0,1,0,0.0,0,0,0,0,0.0,0,0.0,1,0,0.0,0,0.0,0.0,3,1,0.0,1,0,0,0,0,2,0,0,0,0,0,0,0,0,0,0,1,0.0,1,1.0,1,0,0,0,1,0,0,1,0,1,0,0,0,0,0,1,1,114,657,537,4,0,0,0,1.0,2,4,39,119,211,2,17815
2025-07-11,30,com.thomaskioko.tvmaniac.core.networkutil.model,Either,fold,2,0,0.0,0,0.0,0,2,3,0,4,1,2,0,0.0,0,0,0,3,0.0,0,0.0,2,0,0.0,0,0.0,0.3333333333333333,14,4,0.0,3,0,0,0,0,5,0,0,0,0,0,0,0,0,0,0,4,0.6666666666666667,4,1.3333333333333333,3,0,0,0,3,0,0,3,0,1,0,0,0,0,0,3,3,114,657,537,6,0,0,5,1.3333333333333333,2,0,140,119,211,3,17815
2025-07-11,30,com.thomaskioko.tvmaniac.core.networkutil.model,Either,getOrNull,1,0,0.0,1,1.0,0,2,3,0,1,0,1,0,0.0,0,0,0,1,0.0,0,2.0,0,0,0.0,0,0.0,0.3333333333333333,14,4,0.0,3,0,0,0,0,5,0,0,0,0,0,0,0,0,0,0,4,0.6666666666666667,4,1.3333333333333333,3,0,0,0,3,0,0,3,0,1,0,0,0,0,0,3,3,114,657,537,6,0,0,5,1.3333333333333333,2,0,140,119,211,3,17815
2025-07-11,30,com.thomaskioko.tvmaniac.core.networkutil.model,Either,getErrorOrNull,1,0,0.0,1,1.0,0,2,3,0,1,0,1,0,0.0,0,0,0,1,0.0,0,2.0,0,0,0.0,0,0.0,0.3333333333333333,14,4,0.0,3,0,0,0,0,5,0,0,0,0,0,0,0,0,0,0,4,0.6666666666666667,4,1.3333333333333333,3,0,0,0,3,0,0,3,0,1,0,0,0,0,0,3,3,114,657,537,6,0,0,5,1.3333333333333333,2,0,140,119,211,3,17815
2025-07-11,30,com.thomaskioko.tvmaniac.core.networkutil,IosExceptionHandler,resolveError,7,0,0.0,2,1.0,0,0,1,0,11,2,7,0,0.6,0,1,0,4,1.0,0,2.5,1,0,0.0,0,0.0,1.0,15,11,0.0,1,1,1,1,1,1,0,0,0,0,1,1,0,0,0,0,3,0.0,3,3.0,1,1,1,0,1,0,0,1,0,1,0,0,0,0,0,1,1,114,657,537,3,0,0,4,7.0,6,1,107,119,211,2,17815
2025-07-11,30,com.thomaskioko.tvmaniac.core.networkutil.di,NetworkUtilPlatformComponent,provideExceptionHandler,1,0,0.0,0,0.0,0,0,1,0,1,0,1,0,0.0,0,0,0,0,0.0,0,0.0,1,0,0.0,0,0.0,0.0,3,1,0.0,1,0,0,0,0,2,0,0,0,0,0,0,0,0,0,0,1,0.0,1,1.0,1,0,0,0,1,0,0,1,0,1,0,0,0,0,0,1,1,114,657,537,4,0,0,0,1.0,2,4,39,119,211,2,17815
2025-07-11,30,com.thomaskioko.tvmaniac.core.paging,KeyedQueryPagingSource,getRefreshKey,1,5,0.0,4,1.0,0,1,1,0,8,0,1,0,0.5,0,1,0,8,0.17,1,2.5,1,0,0.0,0,1.0,1.0,36,21,0.0,1,2,2,1,0,4,0,0,1,0,0,1,0,0,1,0,4,0.0,4,2.0,2,2,2,0,2,0,0,2,1,1,0,0,0,0,0,2,2,114,657,537,5,0,0,28,3.0,9,0,391,119,211,8,17815
2025-07-11,30,com.thomaskioko.tvmaniac.core.paging,KeyedQueryPagingSource,load,5,7,0.0,8,0.9,0,1,1,0,21,1,5,0,0.4,0,1,0,20,0.14,1,2.2142857142857144,1,0,0.0,0,1.0,1.0,36,21,0.0,1,2,2,1,0,4,0,0,1,0,0,1,0,0,1,0,4,0.0,4,2.0,2,2,2,0,2,0,0,2,1,1,0,0,0,0,0,2,2,114,657,537,5,0,0,28,3.0,9,0,391,119,211,8,17815
2025-07-11,30,com.thomaskioko.tvmaniac.core.paging,OffsetQueryPagingSource,load,9,8,0.0,8,0.7778,0,1,1,0,24,1,9,2,0.0,0,0,0,22,0.0,1,2.0,1,0,0.0,0,0.0,1.0,30,24,0.0,2,1,2,1,0,3,0,0,0,0,0,1,0,0,0,0,2,0.0,2,1.0,2,2,1,0,2,0,0,2,1,1,0,0,0,0,0,2,2,114,657,537,5,0,0,26,5.0,9,0,391,119,211,8,17815
2025-07-11,30,com.thomaskioko.tvmaniac.core.paging,OffsetQueryPagingSource,getRefreshKey,1,0,0.0,1,1.0,0,1,1,0,1,0,1,0,0.0,0,0,0,4,0.0,0,3.0,1,0,0.0,0,0.0,1.0,30,24,0.0,2,1,2,1,0,3,0,0,0,0,0,1,0,0,0,0,2,0.0,2,1.0,2,2,1,0,2,0,0,2,1,1,0,0,0,0,0,2,2,114,657,537,5,0,0,26,5.0,9,0,391,119,211,8,17815
2025-07-11,30,com.thomaskioko.tvmaniac.core.paging,PaginatedRemoteMediator,load,3,0,1.0,1,1.0,0,1,1,0,6,1,3,2,0.0,2,0,0,3,0.0,1,2.0,2,0,0.0,0,0.0,1.0,33,19,0.5,3,0,1,1,0,5,0,0,0,0,0,0,0,0,0,0,4,0.6666666666666667,4,1.3333333333333333,3,1,0,0,1,2,0,1,1,2,0,0,0,0,0,3,3,114,657,537,5,0,0,16,0.0,9,0,391,119,211,8,17815
2025-07-11,30,com.thomaskioko.tvmaniac.core.paging,PaginatedRemoteMediator,getNextPageNumber,2,1,0.0,2,1.0,0,1,1,0,10,0,2,0,0.0,0,0,0,4,0.0,1,2.2,2,0,0.0,0,0.0,1.0,33,19,0.5,3,0,1,1,0,5,0,0,0,0,0,0,0,0,0,0,4,0.6666666666666667,4,1.3333333333333333,3,1,0,0,1,2,0,1,1,2,0,0,0,0,0,3,3,114,657,537,5,0,0,16,0.0,9,0,391,119,211,8,17815
2025-07-11,30,com.thomaskioko.tvmaniac.core.paging,PaginatedRemoteMediator,fetchPage,5,0,0.0,4,0.5,0,1,1,0,13,1,5,0,0.0,0,0,0,9,0.0,1,2.125,1,0,0.0,0,0.0,1.0,33,19,0.5,3,0,1,1,0,5,0,0,0,0,0,0,0,0,0,0,4,0.6666666666666667,4,1.3333333333333333,3,1,0,0,1,2,0,1,1,2,0,0,0,0,0,3,3,114,657,537,5,0,0,16,0.0,9,0,391,119,211,8,17815
2025-07-11,30,com.thomaskioko.tvmaniac.core.paging,QueryPagingSource,queryResultsChanged,1,0,0.0,0,0.0,0,0,1,0,1,0,1,0,0.0,0,0,0,1,0.0,0,0.0,0,0,0.0,1,0.0,0.0,15,1,0.0,1,1,1,1,0,0,0,0,0,1,0,0,0,0,1,2,1,0.0,1,1.0,1,1,1,0,1,0,0,1,0,0,0,0,0,0,0,1,1,114,657,537,5,0,0,1,1.0,9,0,391,119,211,8,17815
2025-07-11,30,com.thomaskioko.tvmaniac.util,AndroidAppUtils,isYoutubePlayerInstalled,1,1,0.0,1,1.0,0,1,1,0,4,0,1,0,0.0,0,0,0,9,0.0,0,3.6666666666666665,0,0,0.0,0,0.0,1.0,6,0,0.0,1,0,1,1,0,1,0,0,0,0,0,0,0,0,0,0,1,0.0,1,1.0,1,1,0,0,1,0,0,1,0,1,0,0,0,0,0,1,1,114,657,537,16,0,0,9,1.0,20,3,411,119,211,16,17815
2025-07-11,30,com.thomaskioko.tvmaniac.util,ClasspathResourceReader,readResource,1,0,0.0,1,1.0,1,0,1,0,3,0,1,0,0.0,0,0,0,5,0.0,0,2.6666666666666665,1,0,0.0,0,0.0,1.0,5,3,0.0,1,0,1,1,0,1,0,0,0,0,0,0,0,0,0,0,1,0.0,1,1.0,1,1,0,0,1,0,0,1,0,1,0,0,0,0,0,1,1,114,657,537,16,0,0,5,1.0,20,3,411,119,211,16,17815
2025-07-11,30,com.thomaskioko.tvmaniac.util,PlatformDateFormatter,getTimestampMilliseconds,1,0,0.0,1,1.0,0,2,1,0,1,0,1,0,0.0,0,0,0,3,0.0,0,4.0,0,0,0.0,0,0.0,0.6666666666666666,21,6,0.0,3,0,0,0,0,2,0,0,0,0,0,0,0,0,0,0,4,0.6666666666666667,4,1.3333333333333333,3,0,0,0,3,0,0,3,0,1,0,0,0,0,0,3,3,114,657,537,16,0,0,18,2.3333333333333335,20,3,411,119,211,16,17815
2025-07-11,30,com.thomaskioko.tvmaniac.util,PlatformDateFormatter,formatDate,2,3,0.0,4,1.0,0,2,1,0,6,0,2,0,0.0,0,0,0,8,0.0,1,3.0,1,0,0.0,0,0.0,0.6666666666666666,21,6,0.0,3,0,0,0,0,2,0,0,0,0,0,0,0,0,0,0,4,0.6666666666666667,4,1.3333333333333333,3,0,0,0,3,0,0,3,0,1,0,0,0,0,0,3,3,114,657,537,16,0,0,18,2.3333333333333335,20,3,411,119,211,16,17815
2025-07-11,30,com.thomaskioko.tvmaniac.util,PlatformDateFormatter,getYear,4,1,0.0,4,1.0,0,2,1,0,10,1,4,0,0.0,0,0,0,7,0.0,1,2.2,1,0,0.0,0,0.0,0.6666666666666666,21,6,0.0,3,0,0,0,0,2,0,0,0,0,0,0,0,0,0,0,4,0.6666666666666667,4,1.3333333333333333,3,0,0,0,3,0,0,3,0,1,0,0,0,0,0,3,3,114,657,537,16,0,0,18,2.3333333333333335,20,3,411,119,211,16,17815
2025-07-11,30,com.thomaskioko.tvmaniac.util.inject,UtilPlatformComponent,provideAndroidFormatterUtil,1,0,0.0,0,0.0,0,0,1,0,1,0,1,0,0.0,0,0,0,0,0.0,0,0.0,1,0,0.0,0,0.0,0.0,9,4,0.0,4,0,0,0,0,8,0,0,0,0,0,0,0,0,0,0,4,0.5,4,1.0,4,0,0,0,4,0,0,4,0,1,0,0,0,0,0,4,4,114,657,537,4,0,0,3,1.0,9,4,77,119,211,9,17815
2025-07-11,30,com.thomaskioko.tvmaniac.util.inject,UtilPlatformComponent,provideAppUtils,1,0,0.0,0,0.0,0,0,1,0,1,0,1,0,0.0,0,0,0,0,0.0,0,0.0,1,0,0.0,0,0.0,0.0,9,4,0.0,4,0,0,0,0,8,0,0,0,0,0,0,0,0,0,0,4,0.5,4,1.0,4,0,0,0,4,0,0,4,0,1,0,0,0,0,0,4,4,114,657,537,4,0,0,3,1.0,9,4,77,119,211,9,17815
2025-07-11,30,com.thomaskioko.tvmaniac.util.inject,UtilPlatformComponent,provideConfigs,1,0,0.0,1,1.0,0,0,1,0,1,0,1,0,0.0,0,0,0,3,0.0,0,2.5,1,0,0.0,0,0.0,0.0,9,4,0.0,4,0,0,0,0,8,0,0,0,0,0,0,0,0,0,0,4,0.5,4,1.0,4,0,0,0,4,0,0,4,0,1,0,0,0,0,0,4,4,114,657,537,4,0,0,3,1.0,9,4,77,119,211,9,17815
2025-07-11,30,com.thomaskioko.tvmaniac.util.inject,UtilPlatformComponent,provideResourceReader,1,0,0.0,0,0.0,0,0,1,0,1,0,1,0,0.0,0,0,0,0,0.0,0,0.0,1,0,0.0,0,0.0,0.0,9,4,0.0,4,0,0,0,0,8,0,0,0,0,0,0,0,0,0,0,4,0.5,4,1.0,4,0,0,0,4,0,0,4,0,1,0,0,0,0,0,4,4,114,657,537,4,0,0,3,1.0,9,4,77,119,211,9,17815
2025-07-11,30,com.thomaskioko.tvmaniac.util,PlatformDateFormatterTest,`test format timeStamp`,1,1,0.0,1,1.0,0,0,1,0,4,0,1,0,1.0,0,1,0,1,1.0,1,2.0,0,0,0.0,0,1.0,1.0,20,14,0.0,3,1,0,0,0,0,1,0,1,0,0,1,0,0,0,0,3,0.0,3,1.0,3,0,1,0,3,0,0,3,0,1,0,0,0,0,0,3,3,114,657,537,16,0,0,9,1.0,20,3,411,119,211,16,17815
2025-07-11,30,com.thomaskioko.tvmaniac.util,PlatformDateFormatterTest,`given a date verify year is returned`,1,1,0.0,1,1.0,0,0,1,0,4,0,1,0,1.0,0,1,0,1,1.0,1,2.0,0,0,0.0,0,1.0,1.0,20,14,0.0,3,1,0,0,0,0,1,0,1,0,0,1,0,0,0,0,3,0.0,3,1.0,3,0,1,0,3,0,0,3,0,1,0,0,0,0,0,3,3,114,657,537,16,0,0,9,1.0,20,3,411,119,211,16,17815
2025-07-11,30,com.thomaskioko.tvmaniac.util,PlatformDateFormatterTest,`test format timeStamp plus months`,1,3,0.0,3,1.0,0,0,1,0,6,0,1,0,1.0,0,1,0,7,0.33,1,3.3333333333333335,0,0,0.0,0,1.0,1.0,20,14,0.0,3,1,0,0,0,0,1,0,1,0,0,1,0,0,0,0,3,0.0,3,1.0,3,0,1,0,3,0,0,3,0,1,0,0,0,0,0,3,3,114,657,537,16,0,0,9,1.0,20,3,411,119,211,16,17815
2025-07-11,30,com.thomaskioko.tvmaniac.util,BundleResourceReader,readResource,3,3,0.0,5,1.0,1,0,2,0,18,1,3,0,0.0,0,0,0,14,0.0,2,2.3076923076923075,1,0,0.0,0,0.0,1.0,24,18,0.0,1,0,1,1,0,1,0,0,0,0,0,0,0,0,0,0,1,0.0,1,1.0,1,1,0,0,0,0,0,0,0,2,0,0,0,0,0,1,1,114,657,537,16,0,0,14,3.0,20,3,411,119,211,16,17815
2025-07-11,30,com.thomaskioko.tvmaniac.util,IosAppUtils,isYoutubePlayerInstalled,1,0,0.0,0,0.0,1,1,1,0,1,0,1,0,0.0,0,0,0,1,0.0,0,0.0,0,0,0.0,0,0.0,0.0,3,0,0.0,1,0,1,1,0,1,0,0,0,0,0,0,0,0,0,0,1,0.0,1,1.0,1,1,0,0,1,0,0,1,0,1,0,0,0,0,0,1,1,114,657,537,16,0,0,1,1.0,20,3,411,119,211,16,17815
2025-07-11,30,com.thomaskioko.tvmaniac.util,PlatformDateFormatter,getTimestampMilliseconds,1,0,0.0,1,1.0,0,2,1,0,1,0,1,0,0.0,0,0,0,3,0.0,0,4.0,0,0,0.0,0,0.0,0.6666666666666666,23,8,0.0,3,0,0,0,0,2,0,0,0,0,0,0,0,0,0,0,4,1.0,4,1.3333333333333333,3,0,0,0,3,0,0,3,0,1,0,0,0,0,0,3,3,114,657,537,16,0,0,15,2.0,20,3,411,119,211,16,17815
2025-07-11,30,com.thomaskioko.tvmaniac.util,PlatformDateFormatter,formatDate,1,2,0.0,3,1.0,0,2,1,0,8,0,1,0,0.0,0,0,0,5,0.0,1,2.0,1,0,0.0,0,0.0,0.6666666666666666,23,8,0.0,3,0,0,0,0,2,0,0,0,0,0,0,0,0,0,0,4,1.0,4,1.3333333333333333,3,0,0,0,3,0,0,3,0,1,0,0,0,0,0,3,3,114,657,537,16,0,0,15,2.0,20,3,411,119,211,16,17815
2025-07-11,30,com.thomaskioko.tvmaniac.util,PlatformDateFormatter,getYear,4,1,0.0,4,1.0,0,2,1,0,10,1,4,0,0.0,0,0,0,7,0.0,1,2.2,1,0,0.0,0,0.0,0.6666666666666666,23,8,0.0,3,0,0,0,0,2,0,0,0,0,0,0,0,0,0,0,4,1.0,4,1.3333333333333333,3,0,0,0,3,0,0,3,0,1,0,0,0,0,0,3,3,114,657,537,16,0,0,15,2.0,20,3,411,119,211,16,17815
2025-07-11,30,com.thomaskioko.tvmaniac.util.inject,UtilPlatformComponent,provideIosFormatterUtil,1,0,0.0,0,0.0,0,0,1,0,1,0,1,0,0.0,0,0,0,0,0.0,0,0.0,1,0,0.0,0,0.0,0.0,11,5,0.0,5,0,0,0,0,9,0,0,0,0,0,0,0,0,0,0,5,0.7,5,1.0,5,0,0,0,5,0,0,5,0,1,0,0,0,0,0,5,5,114,657,537,4,0,0,4,1.0,9,4,77,119,211,9,17815
2025-07-11,30,com.thomaskioko.tvmaniac.util.inject,UtilPlatformComponent,provideAppUtils,1,0,0.0,0,0.0,0,0,1,0,1,0,1,0,0.0,0,0,0,0,0.0,0,0.0,1,0,0.0,0,0.0,0.0,11,5,0.0,5,0,0,0,0,9,0,0,0,0,0,0,0,0,0,0,5,0.7,5,1.0,5,0,0,0,5,0,0,5,0,1,0,0,0,0,0,5,5,114,657,537,4,0,0,4,1.0,9,4,77,119,211,9,17815
2025-07-11,30,com.thomaskioko.tvmaniac.util.inject,UtilPlatformComponent,provideBundleProvider,1,0,0.0,1,1.0,0,0,1,0,1,0,1,0,0.0,0,0,0,1,0.0,0,2.0,0,0,0.0,0,0.0,0.0,11,5,0.0,5,0,0,0,0,9,0,0,0,0,0,0,0,0,0,0,5,0.7,5,1.0,5,0,0,0,5,0,0,5,0,1,0,0,0,0,0,5,5,114,657,537,4,0,0,4,1.0,9,4,77,119,211,9,17815
2025-07-11,30,com.thomaskioko.tvmaniac.util.inject,UtilPlatformComponent,provideConfigs,1,0,0.0,1,1.0,0,0,1,0,1,0,1,0,0.0,0,0,0,3,0.0,0,2.5,1,0,0.0,0,0.0,0.0,11,5,0.0,5,0,0,0,0,9,0,0,0,0,0,0,0,0,0,0,5,0.7,5,1.0,5,0,0,0,5,0,0,5,0,1,0,0,0,0,0,5,5,114,657,537,4,0,0,4,1.0,9,4,77,119,211,9,17815
2025-07-11,30,com.thomaskioko.tvmaniac.util.inject,UtilPlatformComponent,provideResourceReader,1,0,0.0,0,0.0,0,0,1,0,1,0,1,0,0.0,0,0,0,0,0.0,0,0.0,1,0,0.0,0,0.0,0.0,11,5,0.0,5,0,0,0,0,9,0,0,0,0,0,0,0,0,0,0,5,0.7,5,1.0,5,0,0,0,5,0,0,5,0,1,0,0,0,0,0,5,5,114,657,537,4,0,0,4,1.0,9,4,77,119,211,9,17815
2025-07-11,30,com.thomaskioko.tvmaniac.util,PlatformDateFormatter,getTimestampMilliseconds,1,0,0.0,1,1.0,0,2,1,0,1,0,1,0,0.0,0,0,0,3,0.0,0,4.0,0,0,0.0,0,0.0,0.6666666666666666,21,6,0.0,3,0,0,0,0,2,0,0,0,0,0,0,0,0,0,0,4,0.6666666666666667,4,1.3333333333333333,3,0,0,0,3,0,0,3,0,1,0,0,0,0,0,3,3,114,657,537,16,0,0,18,2.3333333333333335,20,3,411,119,211,16,17815
2025-07-11,30,com.thomaskioko.tvmaniac.util,PlatformDateFormatter,formatDate,2,3,0.0,4,1.0,0,2,1,0,6,0,2,0,0.0,0,0,0,8,0.0,1,3.0,1,0,0.0,0,0.0,0.6666666666666666,21,6,0.0,3,0,0,0,0,2,0,0,0,0,0,0,0,0,0,0,4,0.6666666666666667,4,1.3333333333333333,3,0,0,0,3,0,0,3,0,1,0,0,0,0,0,3,3,114,657,537,16,0,0,18,2.3333333333333335,20,3,411,119,211,16,17815
2025-07-11,30,com.thomaskioko.tvmaniac.util,PlatformDateFormatter,getYear,4,1,0.0,4,1.0,0,2,1,0,10,1,4,0,0.0,0,0,0,7,0.0,1,2.2,1,0,0.0,0,0.0,0.6666666666666666,21,6,0.0,3,0,0,0,0,2,0,0,0,0,0,0,0,0,0,0,4,0.6666666666666667,4,1.3333333333333333,3,0,0,0,3,0,0,3,0,1,0,0,0,0,0,3,3,114,657,537,16,0,0,18,2.3333333333333335,20,3,411,119,211,16,17815
2025-07-11,30,com.thomaskioko.tvmaniac.data.cast.implementation,CastComponent,provideCastDao,1,0,0.0,0,0.0,0,0,1,0,1,0,1,0,0.0,0,0,0,0,0.0,0,0.0,1,0,0.0,0,0.0,0.0,5,2,0.0,2,0,0,0,0,4,0,0,0,0,0,0,0,0,0,0,2,0.0,2,1.0,2,0,0,0,2,0,0,2,0,1,0,0,0,0,0,2,2,114,657,537,3,0,0,0,1.0,9,1,81,119,211,9,17815
2025-07-11,30,com.thomaskioko.tvmaniac.data.cast.implementation,CastComponent,provideCastRepository,1,0,0.0,0,0.0,0,0,1,0,1,0,1,0,0.0,0,0,0,0,0.0,0,0.0,1,0,0.0,0,0.0,0.0,5,2,0.0,2,0,0,0,0,4,0,0,0,0,0,0,0,0,0,0,2,0.0,2,1.0,2,0,0,0,2,0,0,2,0,1,0,0,0,0,0,2,2,114,657,537,3,0,0,0,1.0,9,1,81,119,211,9,17815
2025-07-11,30,com.thomaskioko.tvmaniac.data.cast.implementation,DefaultCastDao,upsert,1,0,0.0,1,1.0,0,0,1,0,3,0,1,0,0.0,1,0,1,9,0.0,0,2.125,1,1,0.0,0,0.0,0.2,13,7,0.0,5,0,5,1,0,6,1,0,0,0,0,0,0,0,0,0,5,1.0,5,1.0,5,5,0,0,5,0,0,5,0,1,0,0,0,0,0,5,5,114,657,537,3,0,1,25,1.0,9,1,81,119,211,9,17815
2025-07-11,30,com.thomaskioko.tvmaniac.data.cast.implementation,DefaultCastDao,fetchShowCast,1,0,0.0,1,1.0,0,0,1,0,1,0,1,0,0.0,0,0,0,3,0.0,0,4.0,1,0,0.0,0,0.0,0.2,13,7,0.0,5,0,5,1,0,6,1,0,0,0,0,0,0,0,0,0,5,1.0,5,1.0,5,5,0,0,5,0,0,5,0,1,0,0,0,0,0,5,5,114,657,537,3,0,1,25,1.0,9,1,81,119,211,9,17815
2025-07-11,30,com.thomaskioko.tvmaniac.data.cast.implementation,DefaultCastDao,observeShowCast,1,0,0.0,1,1.0,0,0,1,0,1,0,1,0,0.0,0,0,0,5,0.0,0,6.0,1,0,0.0,0,0.0,0.2,13,7,0.0,5,0,5,1,0,6,1,0,0,0,0,0,0,0,0,0,5,1.0,5,1.0,5,5,0,0,5,0,0,5,0,1,0,0,0,0,0,5,5,114,657,537,3,0,1,25,1.0,9,1,81,119,211,9,17815
2025-07-11,30,com.thomaskioko.tvmaniac.data.cast.implementation,DefaultCastDao,fetchSeasonCast,1,0,0.0,1,1.0,0,0,1,0,1,0,1,0,0.0,0,0,0,3,0.0,0,4.0,1,0,0.0,0,0.0,0.2,13,7,0.0,5,0,5,1,0,6,1,0,0,0,0,0,0,0,0,0,5,1.0,5,1.0,5,5,0,0,5,0,0,5,0,1,0,0,0,0,0,5,5,114,657,537,3,0,1,25,1.0,9,1,81,119,211,9,17815
2025-07-11,30,com.thomaskioko.tvmaniac.data.cast.implementation,DefaultCastDao,observeSeasonCast,1,0,0.0,1,1.0,0,0,1,0,1,0,1,0,0.0,0,0,0,5,0.0,0,6.0,1,0,0.0,0,0.0,0.2,13,7,0.0,5,0,5,1,0,6,1,0,0,0,0,0,0,0,0,0,5,1.0,5,1.0,5,5,0,0,5,0,0,5,0,1,0,0,0,0,0,5,5,114,657,537,3,0,1,25,1.0,9,1,81,119,211,9,17815
2025-07-11,30,com.thomaskioko.tvmaniac.data.cast.implementation,DefaultCastRepository,observeSeasonCast,1,0,0.0,0,0.0,0,0,1,0,1,0,1,0,0.0,1,0,0,1,0.0,1,2.0,1,0,0.0,0,0.0,0.0,5,2,0.0,2,0,2,1,0,3,0,0,0,0,0,0,0,0,0,0,2,1.0,2,1.0,2,2,0,0,2,0,0,2,0,1,0,0,0,0,0,2,2,114,657,537,3,0,0,2,1.0,9,1,81,119,211,9,17815
2025-07-11,30,com.thomaskioko.tvmaniac.data.cast.implementation,DefaultCastRepository,observeShowCast,1,0,0.0,0,0.0,0,0,1,0,1,0,1,0,0.0,1,0,0,1,0.0,1,2.0,1,0,0.0,0,0.0,0.0,5,2,0.0,2,0,2,1,0,3,0,0,0,0,0,0,0,0,0,0,2,1.0,2,1.0,2,2,0,0,2,0,0,2,0,1,0,0,0,0,0,2,2,114,657,537,3,0,0,2,1.0,9,1,81,119,211,9,17815
2025-07-11,30,com.thomaskioko.tvmaniac.data.cast.testing,FakeCastRepository,setSeasonCast,1,0,0.0,1,1.0,1,2,1,0,3,0,1,0,0.5,0,1,0,1,1.0,1,2.0,1,0,0.0,0,0.3333333333333333,0.0,17,2,0.0,4,2,2,1,0,5,2,0,2,0,0,2,0,0,0,0,4,1.0,4,1.0,4,2,2,0,4,0,0,4,0,1,0,0,0,0,0,4,4,114,657,537,1,0,0,4,1.0,2,0,30,119,211,4,17815
2025-07-11,30,com.thomaskioko.tvmaniac.data.cast.testing,FakeCastRepository,setShowCast,1,0,0.0,1,1.0,1,2,1,0,3,0,1,0,0.5,0,1,0,1,1.0,1,2.0,1,0,0.0,0,0.3333333333333333,0.0,17,2,0.0,4,2,2,1,0,5,2,0,2,0,0,2,0,0,0,0,4,1.0,4,1.0,4,2,2,0,4,0,0,4,0,1,0,0,0,0,0,4,4,114,657,537,1,0,0,4,1.0,2,0,30,119,211,4,17815
2025-07-11,30,com.thomaskioko.tvmaniac.data.cast.testing,FakeCastRepository,observeSeasonCast,1,0,0.0,1,1.0,1,2,1,0,1,0,1,0,1.0,0,1,0,1,1.0,1,2.0,1,0,0.0,0,0.3333333333333333,0.0,17,2,0.0,4,2,2,1,0,5,2,0,2,0,0,2,0,0,0,0,4,1.0,4,1.0,4,2,2,0,4,0,0,4,0,1,0,0,0,0,0,4,4,114,657,537,1,0,0,4,1.0,2,0,30,119,211,4,17815
2025-07-11,30,com.thomaskioko.tvmaniac.data.cast.testing,FakeCastRepository,observeShowCast,1,0,0.0,1,1.0,1,2,1,0,1,0,1,0,1.0,0,1,0,1,1.0,1,2.0,1,0,0.0,0,0.3333333333333333,0.0,17,2,0.0,4,2,2,1,0,5,2,0,2,0,0,2,0,0,0,0,4,1.0,4,1.0,4,2,2,0,4,0,0,4,0,1,0,0,0,0,0,4,4,114,657,537,1,0,0,4,1.0,2,0,30,119,211,4,17815
2025-07-11,30,com.thomaskioko.tvmaniac.episodes.implementation,EpisodeComponent,provideEpisodesDao,1,0,0.0,0,0.0,0,0,1,0,1,0,1,0,0.0,0,0,0,0,0.0,0,0.0,1,0,0.0,0,0.0,0.0,5,2,0.0,2,0,0,0,0,4,0,0,0,0,0,0,0,0,0,0,2,0.0,2,1.0,2,0,0,0,2,0,0,2,0,1,0,0,0,0,0,2,2,114,657,537,3,0,0,0,1.0,6,1,70,119,211,6,17815
2025-07-11,30,com.thomaskioko.tvmaniac.episodes.implementation,EpisodeComponent,provideEpisodeRepository,1,0,0.0,0,0.0,0,0,1,0,1,0,1,0,0.0,0,0,0,0,0.0,0,0.0,1,0,0.0,0,0.0,0.0,5,2,0.0,2,0,0,0,0,4,0,0,0,0,0,0,0,0,0,0,2,0.0,2,1.0,2,0,0,0,2,0,0,2,0,1,0,0,0,0,0,2,2,114,657,537,3,0,0,0,1.0,6,1,70,119,211,6,17815
2025-07-11,30,com.thomaskioko.tvmaniac.episodes.implementation,EpisodesDaoImpl,insert,1,0,0.0,1,1.0,0,0,1,0,3,0,1,0,0.09090909090909091,0,1,1,12,1.0,0,2.0,1,1,0.0,0,0.5,0.25,19,12,0.0,4,1,4,1,0,3,3,0,1,0,0,1,0,0,0,0,4,0.8333333333333334,4,1.0,4,4,1,0,4,0,0,4,0,1,0,0,0,0,0,4,4,114,657,537,3,0,2,4,1.0,6,1,70,119,211,6,17815
2025-07-11,30,com.thomaskioko.tvmaniac.episodes.implementation,EpisodesDaoImpl,insert,1,0,0.0,1,1.0,0,0,1,0,3,0,1,2,0.0,2,0,1,1,0.0,1,2.0,1,1,0.0,0,0.5,0.25,19,12,0.0,4,1,4,1,0,3,3,0,1,0,0,1,0,0,0,0,4,0.8333333333333334,4,1.0,4,4,1,0,4,0,0,4,0,1,0,0,0,0,0,4,4,114,657,537,3,0,2,4,1.0,6,1,70,119,211,6,17815
2025-07-11,30,com.thomaskioko.tvmaniac.episodes.implementation,EpisodesDaoImpl,delete,1,0,0.0,0,0.0,0,0,1,0,3,0,1,0,0.5,1,1,0,1,1.0,1,2.0,1,0,0.0,0,0.5,0.25,19,12,0.0,4,1,4,1,0,3,3,0,1,0,0,1,0,0,0,0,4,0.8333333333333334,4,1.0,4,4,1,0,4,0,0,4,0,1,0,0,0,0,0,4,4,114,657,537,3,0,2,4,1.0,6,1,70,119,211,6,17815
2025-07-11,30,com.thomaskioko.tvmaniac.episodes.implementation,EpisodesDaoImpl,deleteAll,1,0,0.0,1,1.0,0,0,1,0,3,0,1,0,1.0,1,1,1,2,1.0,0,2.0,0,1,0.0,0,0.5,0.25,19,12,0.0,4,1,4,1,0,3,3,0,1,0,0,1,0,0,0,0,4,0.8333333333333334,4,1.0,4,4,1,0,4,0,0,4,0,1,0,0,0,0,0,4,4,114,657,537,3,0,2,4,1.0,6,1,70,119,211,6,17815
2025-07-11,30,com.thomaskioko.tvmaniac.data.featuredshows.implementation,DefaultFeaturedShowsDao,upsert,1,0,0.0,1,1.0,0,0,1,0,3,0,1,0,0.6666666666666666,0,1,0,3,1.0,0,2.0,1,0,0.0,0,0.5,0.5,17,10,0.0,4,1,4,1,0,3,1,0,1,0,0,1,0,0,0,0,4,0.8333333333333334,4,1.0,4,4,1,0,4,0,0,4,0,1,0,0,0,0,0,4,4,114,657,537,4,0,0,10,1.0,7,1,214,119,211,8,17815
2025-07-11,30,com.thomaskioko.tvmaniac.data.featuredshows.implementation,DefaultFeaturedShowsDao,observeFeaturedShows,1,0,0.0,1,1.0,0,0,1,0,1,0,1,0,1.0,0,1,0,5,1.0,0,2.6666666666666665,0,0,0.0,0,0.5,0.5,17,10,0.0,4,1,4,1,0,3,1,0,1,0,0,1,0,0,0,0,4,0.8333333333333334,4,1.0,4,4,1,0,4,0,0,4,0,1,0,0,0,0,0,4,4,114,657,537,4,0,0,10,1.0,7,1,214,119,211,8,17815
2025-07-11,30,com.thomaskioko.tvmaniac.data.featuredshows.implementation,DefaultFeaturedShowsDao,deleteFeaturedShows,1,0,0.0,1,1.0,0,0,1,0,3,0,1,0,0.5,0,1,0,1,1.0,1,2.0,1,0,0.0,0,0.5,0.5,17,10,0.0,4,1,4,1,0,3,1,0,1,0,0,1,0,0,0,0,4,0.8333333333333334,4,1.0,4,4,1,0,4,0,0,4,0,1,0,0,0,0,0,4,4,114,657,537,4,0,0,10,1.0,7,1,214,119,211,8,17815
2025-07-11,30,com.thomaskioko.tvmaniac.data.featuredshows.implementation,DefaultFeaturedShowsDao,deleteFeaturedShows,1,0,0.0,1,1.0,0,0,1,0,3,0,1,0,1.0,0,1,0,2,1.0,0,2.0,0,0,0.0,0,0.5,0.5,17,10,0.0,4,1,4,1,0,3,1,0,1,0,0,1,0,0,0,0,4,0.8333333333333334,4,1.0,4,4,1,0,4,0,0,4,0,1,0,0,0,0,0,4,4,114,657,537,4,0,0,10,1.0,7,1,214,119,211,8,17815
2025-07-11,30,com.thomaskioko.tvmaniac.data.featuredshows.implementation,DefaultFeaturedShowsRepository,observeFeaturedShows,2,1,0.0,2,1.0,0,1,1,0,4,0,2,0,0.0,1,0,0,9,0.0,0,2.5,2,0,0.0,0,0.0,1.0,8,4,0.0,2,0,1,1,0,4,0,0,0,0,0,0,0,0,0,0,2,1.0,2,1.0,2,1,0,0,1,1,0,1,0,1,0,0,0,0,0,2,2,114,657,537,4,0,0,10,1.5,7,1,214,119,211,8,17815
2025-07-11,30,com.thomaskioko.tvmaniac.data.featuredshows.implementation,DefaultFeaturedShowsRepository,getShows,1,0,0.0,1,1.0,0,1,1,0,1,0,1,0,0.0,0,0,0,1,0.0,1,2.0,1,0,0.0,0,0.0,1.0,8,4,0.0,2,0,1,1,0,4,0,0,0,0,0,0,0,0,0,0,2,1.0,2,1.0,2,1,0,0,1,1,0,1,0,1,0,0,0,0,0,2,2,114,657,537,4,0,0,10,1.5,7,1,214,119,211,8,17815
2025-07-11,30,com.thomaskioko.tvmaniac.data.featuredshows.implementation,FeaturedShowsComponent,provideFeaturedShowsDao,1,0,0.0,0,0.0,0,0,1,0,1,0,1,0,0.0,0,0,0,0,0.0,0,0.0,1,0,0.0,0,0.0,0.0,5,2,0.0,2,0,0,0,0,4,0,0,0,0,0,0,0,0,0,0,2,0.0,2,1.0,2,0,0,0,2,0,0,2,0,1,0,0,0,0,0,2,2,114,657,537,4,0,0,0,1.0,7,1,214,119,211,8,17815
2025-07-11,30,com.thomaskioko.tvmaniac.data.featuredshows.implementation,FeaturedShowsComponent,provideFeaturedShowsRepository,1,0,0.0,0,0.0,0,0,1,0,1,0,1,0,0.0,0,0,0,0,0.0,0,0.0,1,0,0.0,0,0.0,0.0,5,2,0.0,2,0,0,0,0,4,0,0,0,0,0,0,0,0,0,0,2,0.0,2,1.0,2,0,0,0,2,0,0,2,0,1,0,0,0,0,0,2,2,114,657,537,4,0,0,0,1.0,7,1,214,119,211,8,17815
2025-07-11,30,com.thomaskioko.tvmaniac.data.featuredshows.testing,FakeFeaturedShowsRepository,setFeaturedShows,1,0,0.0,1,1.0,1,1,1,0,3,0,1,0,0.5,0,1,0,1,1.0,1,2.0,1,0,0.0,0,1.0,0.0,9,1,0.0,2,1,1,1,0,4,1,0,1,0,0,0,0,0,1,0,2,1.0,2,1.0,2,1,1,0,2,0,0,2,0,1,0,0,0,0,0,2,2,114,657,537,1,0,0,2,1.0,1,0,26,119,211,2,17815
2025-07-11,30,com.thomaskioko.tvmaniac.data.featuredshows.testing,FakeFeaturedShowsRepository,observeFeaturedShows,1,0,0.0,1,1.0,1,1,1,0,1,0,1,0,1.0,0,1,0,1,0.5,1,2.0,2,0,0.0,0,1.0,0.0,9,1,0.0,2,1,1,1,0,4,1,0,1,0,0,0,0,0,1,0,2,1.0,2,1.0,2,1,1,0,2,0,0,2,0,1,0,0,0,0,0,2,2,114,657,537,1,0,0,2,1.0,1,0,26,119,211,2,17815
2025-07-11,30,com.thomaskioko.tvmaniac.watchlist.implementation,DefaultLibraryRepository,updateLibrary,3,0,0.0,2,1.0,0,0,1,0,6,2,3,0,0.0,0,0,0,3,0.0,2,2.0,2,0,0.0,0,0.0,0.5,10,7,0.0,2,0,2,1,0,3,0,0,0,0,0,0,0,0,0,0,3,1.0,3,1.5,2,2,0,0,2,0,0,2,0,1,0,0,0,0,0,2,2,114,657,537,3,0,0,10,2.0,8,1,106,119,211,9,17815
2025-07-11,30,com.thomaskioko.tvmaniac.watchlist.implementation,DefaultLibraryRepository,observeLibrary,1,0,0.0,1,1.0,0,0,1,0,1,0,1,0,0.0,0,0,0,7,0.0,0,2.75,0,0,0.0,0,0.0,0.5,10,7,0.0,2,0,2,1,0,3,0,0,0,0,0,0,0,0,0,0,3,1.0,3,1.5,2,2,0,0,2,0,0,2,0,1,0,0,0,0,0,2,2,114,657,537,3,0,0,10,2.0,8,1,106,119,211,9,17815
2025-07-11,30,com.thomaskioko.tvmaniac.watchlist.implementation,LibraryComponent,provideWatchlistDao,1,0,0.0,0,0.0,0,0,1,0,1,0,1,0,0.0,0,0,0,0,0.0,0,0.0,1,0,0.0,0,0.0,0.0,5,2,0.0,2,0,0,0,0,4,0,0,0,0,0,0,0,0,0,0,2,0.0,2,1.0,2,0,0,0,2,0,0,2,0,1,0,0,0,0,0,2,2,114,657,537,3,0,0,0,1.0,8,1,106,119,211,9,17815
2025-07-11,30,com.thomaskioko.tvmaniac.watchlist.implementation,LibraryComponent,provideWatchlist,1,0,0.0,0,0.0,0,0,1,0,1,0,1,0,0.0,0,0,0,0,0.0,0,0.0,1,0,0.0,0,0.0,0.0,5,2,0.0,2,0,0,0,0,4,0,0,0,0,0,0,0,0,0,0,2,0.0,2,1.0,2,0,0,0,2,0,0,2,0,1,0,0,0,0,0,2,2,114,657,537,3,0,0,0,1.0,8,1,106,119,211,9,17815
2025-07-11,30,com.thomaskioko.tvmaniac.watchlist.implementation,LibraryDaoImpl,upsert,1,0,0.0,1,1.0,0,1,1,0,3,0,1,0,0.0,2,0,1,5,0.0,0,2.25,1,1,0.0,0,0.0,0.4,17,10,0.0,5,0,5,1,0,5,2,0,0,0,0,0,0,0,0,0,5,1.0,5,1.0,5,5,0,0,5,0,0,5,0,1,0,0,0,0,0,5,5,114,657,537,3,0,2,11,1.0,8,1,106,119,211,9,17815
2025-07-11,30,com.thomaskioko.tvmaniac.watchlist.implementation,LibraryDaoImpl,upsert,1,0,0.0,1,1.0,0,1,1,0,3,0,1,2,0.0,2,0,1,1,0.0,1,2.0,1,1,0.0,0,0.0,0.4,17,10,0.0,5,0,5,1,0,5,2,0,0,0,0,0,0,0,0,0,5,1.0,5,1.0,5,5,0,0,5,0,0,5,0,1,0,0,0,0,0,5,5,114,657,537,3,0,2,11,1.0,8,1,106,119,211,9,17815
2025-07-11,30,com.thomaskioko.tvmaniac.watchlist.implementation,LibraryDaoImpl,getShowsInLibrary,1,0,0.0,1,1.0,0,1,1,0,1,0,1,0,0.0,0,0,0,3,0.0,0,4.0,0,0,0.0,0,0.0,0.4,17,10,0.0,5,0,5,1,0,5,2,0,0,0,0,0,0,0,0,0,5,1.0,5,1.0,5,5,0,0,5,0,0,5,0,1,0,0,0,0,0,5,5,114,657,537,3,0,2,11,1.0,8,1,106,119,211,9,17815
2025-07-11,30,com.thomaskioko.tvmaniac.watchlist.implementation,LibraryDaoImpl,observeShowsInLibrary,1,0,0.0,1,1.0,0,1,1,0,1,0,1,0,0.0,0,0,0,5,0.0,0,6.0,0,0,0.0,0,0.0,0.4,17,10,0.0,5,0,5,1,0,5,2,0,0,0,0,0,0,0,0,0,5,1.0,5,1.0,5,5,0,0,5,0,0,5,0,1,0,0,0,0,0,5,5,114,657,537,3,0,2,11,1.0,8,1,106,119,211,9,17815
2025-07-11,30,com.thomaskioko.tvmaniac.watchlist.implementation,LibraryDaoImpl,delete,1,0,0.0,1,1.0,0,1,1,0,3,0,1,0,0.0,1,0,1,2,0.0,0,3.0,1,1,0.0,0,0.0,0.4,17,10,0.0,5,0,5,1,0,5,2,0,0,0,0,0,0,0,0,0,5,1.0,5,1.0,5,5,0,0,5,0,0,5,0,1,0,0,0,0,0,5,5,114,657,537,3,0,2,11,1.0,8,1,106,119,211,9,17815
2025-07-11,30,com.thomaskioko.tvmaniac.watchlist.testing,FakeLibraryRepository,setObserveResult,1,0,0.0,1,1.0,1,1,1,0,3,0,1,0,0.5,0,1,0,1,1.0,1,2.0,1,0,0.0,0,0.3333333333333333,0.0,11,1,0.0,3,1,2,1,0,4,1,0,1,0,0,0,0,0,1,0,2,1.0,3,1.0,3,2,1,0,3,0,0,3,0,1,0,0,0,0,0,3,3,114,657,537,1,0,0,2,1.0,2,0,26,119,211,3,17815
2025-07-11,30,com.thomaskioko.tvmaniac.watchlist.testing,FakeLibraryRepository,observeLibrary,1,0,0.0,1,1.0,1,1,1,0,1,0,1,0,1.0,0,1,0,1,1.0,1,2.0,0,0,0.0,0,0.3333333333333333,0.0,11,1,0.0,3,1,2,1,0,4,1,0,1,0,0,0,0,0,1,0,2,1.0,3,1.0,3,2,1,0,3,0,0,3,0,1,0,0,0,0,0,3,3,114,657,537,1,0,0,2,1.0,2,0,26,119,211,3,17815
2025-07-11,30,com.thomaskioko.tvmaniac.watchlist.testing,FakeLibraryRepository,updateLibrary,0,0,0.0,0,0.0,1,1,1,0,0,0,0,0,0.0,0,0,0,0,0.0,0,0.0,2,0,0.0,0,0.3333333333333333,0.0,11,1,0.0,3,1,2,1,0,4,1,0,1,0,0,0,0,0,1,0,2,1.0,3,1.0,3,2,1,0,3,0,0,3,0,1,0,0,0,0,0,3,3,114,657,537,1,0,0,2,1.0,2,0,26,119,211,3,17815
2025-07-11,30,com.thomaskioko.tvmaniac.data.popularshows.implementation,DefaultPopularShowsDao,upsert,1,0,0.0,1,1.0,0,1,1,0,3,0,1,0,0.5,0,1,0,4,1.0,0,2.0,1,0,0.0,0,1.0,0.5,23,13,0.0,5,1,6,1,0,5,1,0,1,0,0,1,0,0,0,0,6,0.7333333333333334,6,1.0,6,6,1,0,6,0,0,6,0,1,0,0,0,0,0,6,6,114,657,537,4,0,0,20,1.0,11,1,275,119,211,15,17815
2025-07-11,30,com.thomaskioko.tvmaniac.data.popularshows.implementation,DefaultPopularShowsDao,observePopularShows,1,0,0.0,1,1.0,0,1,1,0,1,0,1,0,0.5,0,1,0,6,1.0,0,2.5,1,0,0.0,0,1.0,0.5,23,13,0.0,5,1,6,1,0,5,1,0,1,0,0,1,0,0,0,0,6,0.7333333333333334,6,1.0,6,6,1,0,6,0,0,6,0,1,0,0,0,0,0,6,6,114,657,537,4,0,0,20,1.0,11,1,275,119,211,15,17815
2025-07-11,30,com.thomaskioko.tvmaniac.data.popularshows.implementation,DefaultPopularShowsDao,getPagedPopularShows,1,0,0.0,1,1.0,0,1,1,0,1,0,1,0,1.0,0,1,0,5,1.0,0,2.0,0,0,0.0,0,1.0,0.5,23,13,0.0,5,1,6,1,0,5,1,0,1,0,0,1,0,0,0,0,6,0.7333333333333334,6,1.0,6,6,1,0,6,0,0,6,0,1,0,0,0,0,0,6,6,114,657,537,4,0,0,20,1.0,11,1,275,119,211,15,17815
2025-07-11,30,com.thomaskioko.tvmaniac.data.popularshows.implementation,DefaultPopularShowsDao,deletePopularShow,1,0,0.0,1,1.0,0,1,1,0,3,0,1,0,0.5,0,1,0,1,1.0,1,2.0,1,0,0.0,0,1.0,0.5,23,13,0.0,5,1,6,1,0,5,1,0,1,0,0,1,0,0,0,0,6,0.7333333333333334,6,1.0,6,6,1,0,6,0,0,6,0,1,0,0,0,0,0,6,6,114,657,537,4,0,0,20,1.0,11,1,275,119,211,15,17815
2025-07-11,30,com.thomaskioko.tvmaniac.data.popularshows.implementation,DefaultPopularShowsDao,deletePopularShows,1,0,0.0,1,1.0,0,1,1,0,3,0,1,0,1.0,0,1,0,2,1.0,0,2.0,0,0,0.0,0,1.0,0.5,23,13,0.0,5,1,6,1,0,5,1,0,1,0,0,1,0,0,0,0,6,0.7333333333333334,6,1.0,6,6,1,0,6,0,0,6,0,1,0,0,0,0,0,6,6,114,657,537,4,0,0,20,1.0,11,1,275,119,211,15,17815
2025-07-11,30,com.thomaskioko.tvmaniac.data.popularshows.implementation,DefaultPopularShowsDao,pageExists,1,0,0.0,0,0.0,0,1,1,0,3,0,1,0,0.5,1,1,0,2,1.0,2,3.0,1,0,0.0,0,1.0,0.5,23,13,0.0,5,1,6,1,0,5,1,0,1,0,0,1,0,0,0,0,6,0.7333333333333334,6,1.0,6,6,1,0,6,0,0,6,0,1,0,0,0,0,0,6,6,114,657,537,4,0,0,20,1.0,11,1,275,119,211,15,17815
2025-07-11,30,com.thomaskioko.tvmaniac.data.popularshows.implementation,DefaultPopularShowsRepository,observePopularShows,2,1,0.0,1,1.0,0,3,1,0,4,0,2,1,0.0,2,0,0,6,0.0,0,3.5,1,0,0.0,0,0.0,1.0,43,28,0.25,7,0,2,1,0,6,1,0,0,0,0,0,0,0,0,0,8,0.9523809523809523,8,1.1428571428571428,7,2,0,0,2,5,0,2,0,1,0,0,0,0,0,7,7,114,657,537,4,0,1,23,2.4285714285714284,11,1,275,119,211,15,17815
2025-07-11,30,com.thomaskioko.tvmaniac.data.popularshows.implementation,DefaultPopularShowsRepository,getPagedPopularShows,2,0,0.0,1,1.0,0,3,1,0,3,0,2,1,0.0,1,0,0,1,0.0,0,2.0,1,0,0.0,0,0.0,1.0,43,28,0.25,7,0,2,1,0,6,1,0,0,0,0,0,0,0,0,0,8,0.9523809523809523,8,1.1428571428571428,7,2,0,0,2,5,0,2,0,1,0,0,0,0,0,7,7,114,657,537,4,0,1,23,2.4285714285714284,11,1,275,119,211,15,17815
2025-07-11,30,com.thomaskioko.tvmaniac.data.popularshows.implementation,DefaultPopularShowsRepository,fetchPage,8,1,2.0,4,0.75,0,3,1,0,16,1,8,1,0.0,2,0,0,7,0.0,1,2.0,2,0,0.0,0,0.0,1.0,43,28,0.25,7,0,2,1,0,6,1,0,0,0,0,0,0,0,0,0,8,0.9523809523809523,8,1.1428571428571428,7,2,0,0,2,5,0,2,0,1,0,0,0,0,0,7,7,114,657,537,4,0,1,23,2.4285714285714284,11,1,275,119,211,15,17815
2025-07-11,30,com.thomaskioko.tvmaniac.data.popularshows.implementation,DefaultPopularShowsRepository,shouldFetchPage,2,1,0.0,1,1.0,0,3,1,0,5,1,2,1,0.0,1,0,0,3,0.0,1,2.0,2,0,0.0,0,0.0,1.0,43,28,0.25,7,0,2,1,0,6,1,0,0,0,0,0,0,0,0,0,8,0.9523809523809523,8,1.1428571428571428,7,2,0,0,2,5,0,2,0,1,0,0,0,0,0,7,7,114,657,537,4,0,1,23,2.4285714285714284,11,1,275,119,211,15,17815
2025-07-11,30,com.thomaskioko.tvmaniac.data.popularshows.implementation,DefaultPopularShowsRepository,isRequestExpired,1,0,0.0,0,0.0,0,3,1,0,3,0,1,0,0.0,1,0,0,3,0.0,0,2.0,1,0,0.0,0,0.0,1.0,43,28,0.25,7,0,2,1,0,6,1,0,0,0,0,0,0,0,0,0,8,0.9523809523809523,8,1.1428571428571428,7,2,0,0,2,5,0,2,0,1,0,0,0,0,0,7,7,114,657,537,4,0,1,23,2.4285714285714284,11,1,275,119,211,15,17815
2025-07-11,30,com.thomaskioko.tvmaniac.data.popularshows.implementation,DefaultPopularShowsRepository,updateRequestManager,1,0,0.0,1,1.0,0,3,1,0,3,0,1,0,0.0,0,0,1,2,0.0,0,2.0,1,1,0.0,0,0.0,1.0,43,28,0.25,7,0,2,1,0,6,1,0,0,0,0,0,0,0,0,0,8,0.9523809523809523,8,1.1428571428571428,7,2,0,0,2,5,0,2,0,1,0,0,0,0,0,7,7,114,657,537,4,0,1,23,2.4285714285714284,11,1,275,119,211,15,17815
2025-07-11,30,com.thomaskioko.tvmaniac.data.popularshows.implementation,DefaultPopularShowsRepository,getShows,1,0,0.0,1,1.0,0,3,1,0,1,0,1,0,0.0,0,0,0,1,0.0,1,2.0,0,0,0.0,0,0.0,1.0,43,28,0.25,7,0,2,1,0,6,1,0,0,0,0,0,0,0,0,0,8,0.9523809523809523,8,1.1428571428571428,7,2,0,0,2,5,0,2,0,1,0,0,0,0,0,7,7,114,657,537,4,0,1,23,2.4285714285714284,11,1,275,119,211,15,17815
2025-07-11,30,com.thomaskioko.tvmaniac.data.popularshows.implementation,PopularShowsComponent,provideTopRatedShowsDao,1,0,0.0,0,0.0,0,0,1,0,1,0,1,0,0.0,0,0,0,0,0.0,0,0.0,1,0,0.0,0,0.0,0.0,5,2,0.0,2,0,0,0,0,4,0,0,0,0,0,0,0,0,0,0,2,0.0,2,1.0,2,0,0,0,2,0,0,2,0,1,0,0,0,0,0,2,2,114,657,537,4,0,0,0,1.0,11,1,275,119,211,15,17815
2025-07-11,30,com.thomaskioko.tvmaniac.data.popularshows.implementation,PopularShowsComponent,provideTopRatedShowsRepository,1,0,0.0,0,0.0,0,0,1,0,1,0,1,0,0.0,0,0,0,0,0.0,0,0.0,1,0,0.0,0,0.0,0.0,5,2,0.0,2,0,0,0,0,4,0,0,0,0,0,0,0,0,0,0,2,0.0,2,1.0,2,0,0,0,2,0,0,2,0,1,0,0,0,0,0,2,2,114,657,537,4,0,0,0,1.0,11,1,275,119,211,15,17815
2025-07-11,30,com.thomaskioko.tvmaniac.data.popularshows.testing,FakePopularShowsRepository,setPopularShows,1,0,0.0,1,1.0,1,3,1,0,3,0,1,0,0.5,0,1,0,1,1.0,1,2.0,1,0,0.0,0,0.16666666666666666,0.0,21,3,0.0,4,2,2,1,0,5,2,0,2,0,0,0,0,0,2,0,4,1.0,4,1.0,4,2,2,0,4,0,0,4,0,1,0,0,0,0,0,4,4,114,657,537,1,0,0,4,1.0,1,0,38,119,211,4,17815
2025-07-11,30,com.thomaskioko.tvmaniac.data.popularshows.testing,FakePopularShowsRepository,setPagedData,1,0,0.0,1,1.0,1,3,1,0,3,0,1,0,0.5,0,1,0,1,1.0,1,2.0,1,0,0.0,0,0.16666666666666666,0.0,21,3,0.0,4,2,2,1,0,5,2,0,2,0,0,0,0,0,2,0,4,1.0,4,1.0,4,2,2,0,4,0,0,4,0,1,0,0,0,0,0,4,4,114,657,537,1,0,0,4,1.0,1,0,38,119,211,4,17815
2025-07-11,30,com.thomaskioko.tvmaniac.data.popularshows.testing,FakePopularShowsRepository,observePopularShows,1,0,0.0,1,1.0,1,3,1,0,3,0,1,0,1.0,0,1,0,1,1.0,1,2.0,1,0,0.0,0,0.16666666666666666,0.0,21,3,0.0,4,2,2,1,0,5,2,0,2,0,0,0,0,0,2,0,4,1.0,4,1.0,4,2,2,0,4,0,0,4,0,1,0,0,0,0,0,4,4,114,657,537,1,0,0,4,1.0,1,0,38,119,211,4,17815
2025-07-11,30,com.thomaskioko.tvmaniac.data.popularshows.testing,FakePopularShowsRepository,getPagedPopularShows,1,0,0.0,1,1.0,1,3,1,0,3,0,1,0,0.0,0,0,0,1,0.0,1,2.0,1,0,0.0,0,0.16666666666666666,0.0,21,3,0.0,4,2,2,1,0,5,2,0,2,0,0,0,0,0,2,0,4,1.0,4,1.0,4,2,2,0,4,0,0,4,0,1,0,0,0,0,0,4,4,114,657,537,1,0,0,4,1.0,1,0,38,119,211,4,17815
2025-07-11,30,com.thomaskioko.tvmaniac.data.recommendedshows.implementation,DefaultRecommendedShowsDao,upsert,1,0,0.0,1,1.0,0,0,1,0,3,0,1,0,0.0,1,0,1,3,0.0,0,3.0,2,1,0.0,0,0.0,0.25,17,12,0.0,4,0,4,1,0,2,1,0,0,0,0,0,0,0,0,0,4,1.0,4,1.0,4,4,0,0,4,0,0,4,0,1,0,0,0,0,0,4,4,114,657,537,4,0,3,13,1.0,7,1,212,119,211,7,17815
2025-07-11,30,com.thomaskioko.tvmaniac.data.recommendedshows.implementation,DefaultRecommendedShowsDao,observeRecommendedShows,1,0,0.0,1,1.0,0,0,1,0,3,0,1,0,0.0,0,0,0,5,0.0,0,6.0,1,0,0.0,0,0.0,0.25,17,12,0.0,4,0,4,1,0,2,1,0,0,0,0,0,0,0,0,0,4,1.0,4,1.0,4,4,0,0,4,0,0,4,0,1,0,0,0,0,0,4,4,114,657,537,4,0,3,13,1.0,7,1,212,119,211,7,17815
2025-07-11,30,com.thomaskioko.tvmaniac.data.recommendedshows.implementation,DefaultRecommendedShowsDao,delete,1,0,0.0,1,1.0,0,0,1,0,3,0,1,0,0.0,1,0,1,2,0.0,0,3.0,1,1,0.0,0,0.0,0.25,17,12,0.0,4,0,4,1,0,2,1,0,0,0,0,0,0,0,0,0,4,1.0,4,1.0,4,4,0,0,4,0,0,4,0,1,0,0,0,0,0,4,4,114,657,537,4,0,3,13,1.0,7,1,212,119,211,7,17815
2025-07-11,30,com.thomaskioko.tvmaniac.data.recommendedshows.implementation,DefaultRecommendedShowsDao,deleteAll,1,0,0.0,1,1.0,0,0,1,0,3,0,1,0,0.0,1,0,1,3,0.0,0,2.5,0,1,0.0,0,0.0,0.25,17,12,0.0,4,0,4,1,0,2,1,0,0,0,0,0,0,0,0,0,4,1.0,4,1.0,4,4,0,0,4,0,0,4,0,1,0,0,0,0,0,4,4,114,657,537,4,0,3,13,1.0,7,1,212,119,211,7,17815
2025-07-11,30,com.thomaskioko.tvmaniac.data.recommendedshows.implementation,DefaultRecommendedShowsRepository,observeRecommendedShows,2,0,0.0,1,1.0,0,0,1,0,3,0,2,0,0.0,0,0,0,8,0.0,0,3.0,2,0,0.0,0,0.0,1.0,5,3,0.0,1,0,1,1,0,3,0,0,0,0,0,0,0,0,0,0,1,0.0,1,1.0,1,1,0,0,1,0,0,1,0,1,0,0,0,0,0,1,1,114,657,537,4,0,0,8,2.0,7,1,212,119,211,7,17815
2025-07-11,30,com.thomaskioko.tvmaniac.data.recommendedshows.implementation,RecommendedShowsComponent,provideRecommendedShowsDao,1,0,0.0,0,0.0,0,0,1,0,1,0,1,0,0.0,0,0,0,0,0.0,0,0.0,1,0,0.0,0,0.0,0.0,5,2,0.0,2,0,0,0,0,4,0,0,0,0,0,0,0,0,0,0,2,0.0,2,1.0,2,0,0,0,2,0,0,2,0,1,0,0,0,0,0,2,2,114,657,537,4,0,0,0,1.0,7,1,212,119,211,7,17815
2025-07-11,30,com.thomaskioko.tvmaniac.data.recommendedshows.implementation,RecommendedShowsComponent,provideRecommendedShowsRepository,1,0,0.0,0,0.0,0,0,1,0,1,0,1,0,0.0,0,0,0,0,0.0,0,0.0,1,0,0.0,0,0.0,0.0,5,2,0.0,2,0,0,0,0,4,0,0,0,0,0,0,0,0,0,0,2,0.0,2,1.0,2,0,0,0,2,0,0,2,0,1,0,0,0,0,0,2,2,114,657,537,4,0,0,0,1.0,7,1,212,119,211,7,17815
2025-07-11,30,com.thomaskioko.tvmaniac.data.recommendedshows.testing,FakeRecommendedShowsRepository,setObserveRecommendedShows,1,0,0.0,1,1.0,1,1,1,0,3,0,1,0,0.5,0,1,0,1,1.0,1,2.0,1,0,0.0,0,1.0,0.0,11,3,0.0,2,1,1,1,0,4,1,0,1,0,0,0,0,0,1,0,2,1.0,2,1.0,2,1,1,0,2,0,0,2,0,1,0,0,0,0,0,2,2,114,657,537,1,0,0,2,1.0,1,0,28,119,211,2,17815
2025-07-11,30,com.thomaskioko.tvmaniac.data.recommendedshows.testing,FakeRecommendedShowsRepository,observeRecommendedShows,1,0,0.0,1,1.0,1,1,1,0,3,0,1,0,1.0,0,1,0,1,0.5,1,2.0,2,0,0.0,0,1.0,0.0,11,3,0.0,2,1,1,1,0,4,1,0,1,0,0,0,0,0,1,0,2,1.0,2,1.0,2,1,1,0,2,0,0,2,0,1,0,0,0,0,0,2,2,114,657,537,1,0,0,2,1.0,1,0,28,119,211,2,17815
2025-07-11,30,com.thomaskioko.tvmaniac.resourcemanager.implementation,DefaultRequestManagerRepository,upsert,1,0,0.0,1,1.0,0,3,1,0,4,0,1,0,0.0,1,0,1,4,0.0,0,3.5,3,1,0.0,0,0.0,0.3333333333333333,24,10,0.0,6,0,4,1,0,6,1,0,0,0,0,0,0,0,0,0,6,0.9333333333333333,6,1.0,6,4,0,0,4,2,0,4,0,1,0,0,0,0,0,6,6,114,657,537,3,0,3,15,1.0,12,1,204,119,211,16,17815
2025-07-11,30,com.thomaskioko.tvmaniac.resourcemanager.implementation,DefaultRequestManagerRepository,delete,1,0,0.0,1,1.0,0,3,1,0,3,0,1,0,0.0,1,0,1,2,0.0,0,3.0,2,1,0.0,0,0.0,0.3333333333333333,24,10,0.0,6,0,4,1,0,6,1,0,0,0,0,0,0,0,0,0,6,0.9333333333333333,6,1.0,6,4,0,0,4,2,0,4,0,1,0,0,0,0,0,6,6,114,657,537,3,0,3,15,1.0,12,1,204,119,211,16,17815
2025-07-11,30,com.thomaskioko.tvmaniac.resourcemanager.implementation,DefaultRequestManagerRepository,deleteAll,1,0,0.0,1,1.0,0,3,1,0,3,0,1,0,0.0,1,0,1,2,0.0,0,3.0,0,1,0.0,0,0.0,0.3333333333333333,24,10,0.0,6,0,4,1,0,6,1,0,0,0,0,0,0,0,0,0,6,0.9333333333333333,6,1.0,6,4,0,0,4,2,0,4,0,1,0,0,0,0,0,6,6,114,657,537,3,0,3,15,1.0,12,1,204,119,211,16,17815
2025-07-11,30,com.thomaskioko.tvmaniac.resourcemanager.implementation,DefaultRequestManagerRepository,isRequestExpired,1,0,0.0,1,1.0,0,3,1,0,1,0,1,1,0.0,1,0,0,2,0.0,0,3.0,3,0,0.0,0,0.0,0.3333333333333333,24,10,0.0,6,0,4,1,0,6,1,0,0,0,0,0,0,0,0,0,6,0.9333333333333333,6,1.0,6,4,0,0,4,2,0,4,0,1,0,0,0,0,0,6,6,114,657,537,3,0,3,15,1.0,12,1,204,119,211,16,17815
2025-07-11,30,com.thomaskioko.tvmaniac.resourcemanager.implementation,DefaultRequestManagerRepository,isRequestBefore,1,0,0.0,1,1.0,0,3,1,0,3,0,1,1,0.0,1,0,0,2,0.0,0,3.0,3,0,0.0,0,0.0,0.3333333333333333,24,10,0.0,6,0,4,1,0,6,1,0,0,0,0,0,0,0,0,0,6,0.9333333333333333,6,1.0,6,4,0,0,4,2,0,4,0,1,0,0,0,0,0,6,6,114,657,537,3,0,3,15,1.0,12,1,204,119,211,16,17815
2025-07-11,30,com.thomaskioko.tvmaniac.resourcemanager.implementation,DefaultRequestManagerRepository,getLastRequest,1,0,0.0,1,1.0,0,3,1,0,3,0,1,0,0.0,0,0,0,3,0.0,0,2.5,2,0,0.0,0,0.0,0.3333333333333333,24,10,0.0,6,0,4,1,0,6,1,0,0,0,0,0,0,0,0,0,6,0.9333333333333333,6,1.0,6,4,0,0,4,2,0,4,0,1,0,0,0,0,0,6,6,114,657,537,3,0,3,15,1.0,12,1,204,119,211,16,17815
2025-07-11,30,com.thomaskioko.tvmaniac.resourcemanager.implementation,RequestManagerComponent,provideRequestManagerRepository,1,0,0.0,0,0.0,0,0,1,0,1,0,1,0,0.0,0,0,0,0,0.0,0,0.0,1,0,0.0,0,0.0,0.0,3,1,0.0,1,0,0,0,0,2,0,0,0,0,0,0,0,0,0,0,1,0.0,1,1.0,1,0,0,0,1,0,0,1,0,1,0,0,0,0,0,1,1,114,657,537,3,0,0,0,1.0,12,1,204,119,211,16,17815
2025-07-11,30,com.thomaskioko.tvmaniac.resourcemanager.implementation,DefaultRequestManagerRepositoryTest,setup,1,0,0.0,0,0.0,1,1,1,0,3,0,1,0,1.0,0,1,1,1,1.0,0,0.0,0,0,0.0,0,0.7777777777777778,0.8888888888888888,86,69,0.0,8,2,0,1,0,0,4,0,2,0,0,1,0,0,1,0,9,0.41666666666666663,9,1.0,9,0,2,0,9,0,0,9,0,1,0,0,0,0,0,9,9,114,657,537,3,0,2,40,1.0,12,1,204,119,211,16,17815
2025-07-11,30,com.thomaskioko.tvmaniac.resourcemanager.implementation,DefaultRequestManagerRepositoryTest,tearDown,1,0,0.0,0,0.0,1,1,1,0,3,0,1,0,0.0,0,0,1,1,0.0,0,0.0,0,1,0.0,0,0.7777777777777778,0.8888888888888888,86,69,0.0,8,2,0,1,0,0,4,0,2,0,0,1,0,0,1,0,9,0.41666666666666663,9,1.0,9,0,2,0,9,0,0,9,0,1,0,0,0,0,0,9,9,114,657,537,3,0,2,40,1.0,12,1,204,119,211,16,17815
2025-07-11,30,com.thomaskioko.tvmaniac.resourcemanager.implementation,DefaultRequestManagerRepositoryTest,`should return last insert row id when upsert is called`,1,2,0.0,2,1.0,1,1,1,0,5,0,1,0,1.0,0,2,0,5,1.0,2,2.6666666666666665,0,0,0.0,0,0.7777777777777778,0.8888888888888888,86,69,0.0,8,2,0,1,0,0,4,0,2,0,0,1,0,0,1,0,9,0.41666666666666663,9,1.0,9,0,2,0,9,0,0,9,0,1,0,0,0,0,0,9,9,114,657,537,3,0,2,40,1.0,12,1,204,119,211,16,17815
2025-07-11,30,com.thomaskioko.tvmaniac.resourcemanager.implementation,DefaultRequestManagerRepositoryTest,`should update existing record for same entityId and requestType`,1,8,0.0,5,1.0,1,1,1,0,19,0,1,0,1.0,0,2,0,13,0.25,2,2.3157894736842106,0,0,0.0,0,0.7777777777777778,0.8888888888888888,86,69,0.0,8,2,0,1,0,0,4,0,2,0,0,1,0,0,1,0,9,0.41666666666666663,9,1.0,9,0,2,0,9,0,0,9,0,1,0,0,0,0,0,9,9,114,657,537,3,0,2,40,1.0,12,1,204,119,211,16,17815
2025-07-11,30,com.thomaskioko.tvmaniac.resourcemanager.implementation,DefaultRequestManagerRepositoryTest,`should delete existing record for same entityId and requestType`,1,3,0.0,3,0.6667,1,1,1,0,8,0,1,0,1.0,0,2,0,4,0.67,2,2.0,0,0,0.0,0,0.7777777777777778,0.8888888888888888,86,69,0.0,8,2,0,1,0,0,4,0,2,0,0,1,0,0,1,0,9,0.41666666666666663,9,1.0,9,0,2,0,9,0,0,9,0,1,0,0,0,0,0,9,9,114,657,537,3,0,2,40,1.0,12,1,204,119,211,16,17815
2025-07-11,30,com.thomaskioko.tvmaniac.resourcemanager.implementation,DefaultRequestManagerRepositoryTest,`should delete all records when deleteAll is called`,1,3,0.0,3,0.6667,1,1,1,0,8,0,1,0,1.0,0,2,0,4,0.67,2,2.0,0,0,0.0,0,0.7777777777777778,0.8888888888888888,86,69,0.0,8,2,0,1,0,0,4,0,2,0,0,1,0,0,1,0,9,0.41666666666666663,9,1.0,9,0,2,0,9,0,0,9,0,1,0,0,0,0,0,9,9,114,657,537,3,0,2,40,1.0,12,1,204,119,211,16,17815
2025-07-11,30,com.thomaskioko.tvmaniac.resourcemanager.implementation,DefaultRequestManagerRepositoryTest,`should return true when request is older than threshold`,1,5,0.0,4,1.0,1,1,1,0,10,0,1,0,1.0,0,2,0,6,0.4,1,2.1666666666666665,0,0,0.0,0,0.7777777777777778,0.8888888888888888,86,69,0.0,8,2,0,1,0,0,4,0,2,0,0,1,0,0,1,0,9,0.41666666666666663,9,1.0,9,0,2,0,9,0,0,9,0,1,0,0,0,0,0,9,9,114,657,537,3,0,2,40,1.0,12,1,204,119,211,16,17815
2025-07-11,30,com.thomaskioko.tvmaniac.resourcemanager.implementation,DefaultRequestManagerRepositoryTest,`should return false when request is newer than threshold`,1,5,0.0,3,1.0,1,1,1,0,9,0,1,0,1.0,0,1,0,5,0.2,1,2.2,0,0,0.0,0,0.7777777777777778,0.8888888888888888,86,69,0.0,8,2,0,1,0,0,4,0,2,0,0,1,0,0,1,0,9,0.41666666666666663,9,1.0,9,0,2,0,9,0,0,9,0,1,0,0,0,0,0,9,9,114,657,537,3,0,2,40,1.0,12,1,204,119,211,16,17815
2025-07-11,30,com.thomaskioko.tvmaniac.resourcemanager.implementation,DefaultRequestManagerRepositoryTest,`should return true when no request exists`,1,4,0.0,1,1.0,1,1,1,0,7,0,1,0,1.0,0,1,0,1,0.25,1,2.0,0,0,0.0,0,0.7777777777777778,0.8888888888888888,86,69,0.0,8,2,0,1,0,0,4,0,2,0,0,1,0,0,1,0,9,0.41666666666666663,9,1.0,9,0,2,0,9,0,0,9,0,1,0,0,0,0,0,9,9,114,657,537,3,0,2,40,1.0,12,1,204,119,211,16,17815
2025-07-11,30,com.thomaskioko.tvmaniac.seasondetails.implementation,DefaultSeasonDetailsDao,fetchSeasonDetails,1,1,1.0,1,1.0,0,0,1,0,4,0,1,1,0.2,1,1,0,4,0.33,0,2.5,2,0,0.0,0,0.16666666666666666,0.5555555555555556,36,24,0.3333333333333333,9,1,7,1,0,8,2,0,1,0,0,1,0,0,0,0,9,0.8055555555555556,9,1.0,9,7,1,0,7,2,0,7,0,1,0,0,0,0,0,9,9,114,657,537,4,0,2,50,1.0,13,1,280,119,211,13,17815
2025-07-11,30,com.thomaskioko.tvmaniac.seasondetails.implementation,DefaultSeasonDetailsDao,observeSeasonEpisodeDetails,1,0,1.0,1,1.0,0,0,1,0,1,0,1,1,0.2,1,1,0,4,0.5,0,2.3333333333333335,2,0,0.0,0,0.16666666666666666,0.5555555555555556,36,24,0.3333333333333333,9,1,7,1,0,8,2,0,1,0,0,1,0,0,0,0,9,0.8055555555555556,9,1.0,9,7,1,0,7,2,0,7,0,1,0,0,0,0,0,9,9,114,657,537,4,0,2,50,1.0,13,1,280,119,211,13,17815
2025-07-11,30,com.thomaskioko.tvmaniac.seasondetails.implementation,DefaultSeasonDetailsDao,delete,1,0,0.0,0,0.0,0,0,1,0,3,0,1,0,0.5,1,1,0,1,1.0,1,2.0,1,0,0.0,0,0.16666666666666666,0.5555555555555556,36,24,0.3333333333333333,9,1,7,1,0,8,2,0,1,0,0,1,0,0,0,0,9,0.8055555555555556,9,1.0,9,7,1,0,7,2,0,7,0,1,0,0,0,0,0,9,9,114,657,537,4,0,2,50,1.0,13,1,280,119,211,13,17815
2025-07-11,30,com.thomaskioko.tvmaniac.seasondetails.implementation,DefaultSeasonDetailsDao,deleteAll,1,0,0.0,1,1.0,0,0,1,0,3,0,1,0,1.0,1,1,1,2,1.0,0,2.0,0,1,0.0,0,0.16666666666666666,0.5555555555555556,36,24,0.3333333333333333,9,1,7,1,0,8,2,0,1,0,0,1,0,0,0,0,9,0.8055555555555556,9,1.0,9,7,1,0,7,2,0,7,0,1,0,0,0,0,0,9,9,114,657,537,4,0,2,50,1.0,13,1,280,119,211,13,17815
2025-07-11,30,com.thomaskioko.tvmaniac.seasondetails.implementation,DefaultSeasonDetailsDao,upsertSeasonImage,1,0,0.0,1,1.0,0,0,1,0,3,0,1,0,0.0,0,0,1,3,0.0,0,2.5,2,1,0.0,0,0.16666666666666666,0.5555555555555556,36,24,0.3333333333333333,9,1,7,1,0,8,2,0,1,0,0,1,0,0,0,0,9,0.8055555555555556,9,1.0,9,7,1,0,7,2,0,7,0,1,0,0,0,0,0,9,9,114,657,537,4,0,2,50,1.0,13,1,280,119,211,13,17815
2025-07-11,30,com.thomaskioko.tvmaniac.seasondetails.implementation,DefaultSeasonDetailsDao,fetchSeasonImages,1,0,0.0,1,1.0,0,0,1,0,1,0,1,0,0.0,0,0,0,3,0.0,0,4.0,1,0,0.0,0,0.16666666666666666,0.5555555555555556,36,24,0.3333333333333333,9,1,7,1,0,8,2,0,1,0,0,1,0,0,0,0,9,0.8055555555555556,9,1.0,9,7,1,0,7,2,0,7,0,1,0,0,0,0,0,9,9,114,657,537,4,0,2,50,1.0,13,1,280,119,211,13,17815
2025-07-11,30,com.thomaskioko.tvmaniac.seasondetails.implementation,DefaultSeasonDetailsDao,observeSeasonImages,1,0,0.0,1,1.0,0,0,1,0,1,0,1,0,0.0,0,0,0,5,0.0,0,6.0,1,0,0.0,0,0.16666666666666666,0.5555555555555556,36,24,0.3333333333333333,9,1,7,1,0,8,2,0,1,0,0,1,0,0,0,0,9,0.8055555555555556,9,1.0,9,7,1,0,7,2,0,7,0,1,0,0,0,0,0,9,9,114,657,537,4,0,2,50,1.0,13,1,280,119,211,13,17815
2025-07-11,30,com.thomaskioko.tvmaniac.seasondetails.implementation,DefaultSeasonDetailsDao,mapSeasonDetails,1,2,1.0,2,1.0,0,0,1,0,5,0,1,1,0.0,1,0,0,13,0.0,1,2.3333333333333335,1,0,0.0,0,0.16666666666666666,0.5555555555555556,36,24,0.3333333333333333,9,1,7,1,0,8,2,0,1,0,0,1,0,0,0,0,9,0.8055555555555556,9,1.0,9,7,1,0,7,2,0,7,0,1,0,0,0,0,0,9,9,114,657,537,4,0,2,50,1.0,13,1,280,119,211,13,17815
2025-07-11,30,com.thomaskioko.tvmaniac.seasondetails.implementation,DefaultSeasonDetailsDao,mapEpisode,1,0,0.0,1,1.0,0,0,1,0,3,0,1,0,0.0,0,0,0,15,0.0,0,2.1538461538461537,1,0,0.0,0,0.16666666666666666,0.5555555555555556,36,24,0.3333333333333333,9,1,7,1,0,8,2,0,1,0,0,1,0,0,0,0,9,0.8055555555555556,9,1.0,9,7,1,0,7,2,0,7,0,1,0,0,0,0,0,9,9,114,657,537,4,0,2,50,1.0,13,1,280,119,211,13,17815
2025-07-11,30,com.thomaskioko.tvmaniac.seasondetails.implementation,DefaultSeasonDetailsRepository,observeSeasonDetails,1,0,0.0,1,1.0,0,0,1,0,1,0,1,0,0.0,0,0,0,7,0.0,0,2.4,1,0,0.0,0,0.0,0.5,5,2,0.0,2,0,2,1,0,4,0,0,0,0,0,0,0,0,0,0,2,1.0,2,1.0,2,2,0,0,2,0,0,2,0,1,0,0,0,0,0,2,2,114,657,537,4,0,0,8,1.0,13,1,280,119,211,13,17815
2025-07-11,30,com.thomaskioko.tvmaniac.seasondetails.implementation,DefaultSeasonDetailsRepository,observeSeasonImages,1,0,0.0,0,0.0,0,0,1,0,1,0,1,0,0.0,1,0,0,1,0.0,1,2.0,1,0,0.0,0,0.0,0.5,5,2,0.0,2,0,2,1,0,4,0,0,0,0,0,0,0,0,0,0,2,1.0,2,1.0,2,2,0,0,2,0,0,2,0,1,0,0,0,0,0,2,2,114,657,537,4,0,0,8,1.0,13,1,280,119,211,13,17815
2025-07-11,30,com.thomaskioko.tvmaniac.seasondetails.implementation,SeasonDetailsComponent,provideSeasonDetailsRepository,1,0,0.0,0,0.0,0,0,1,0,1,0,1,0,0.0,0,0,0,0,0.0,0,0.0,1,0,0.0,0,0.0,0.0,5,2,0.0,2,0,0,0,0,4,0,0,0,0,0,0,0,0,0,0,2,0.0,2,1.0,2,0,0,0,2,0,0,2,0,1,0,0,0,0,0,2,2,114,657,537,4,0,0,0,1.0,13,1,280,119,211,13,17815
2025-07-11,30,com.thomaskioko.tvmaniac.seasondetails.implementation,SeasonDetailsComponent,provideSeasonDetailsDa,1,0,0.0,0,0.0,0,0,1,0,1,0,1,0,0.0,0,0,0,0,0.0,0,0.0,1,0,0.0,0,0.0,0.0,5,2,0.0,2,0,0,0,0,4,0,0,0,0,0,0,0,0,0,0,2,0.0,2,1.0,2,0,0,0,2,0,0,2,0,1,0,0,0,0,0,2,2,114,657,537,4,0,0,0,1.0,13,1,280,119,211,13,17815
2025-07-11,30,com.thomaskioko.tvmaniac.seasondetails.testing,FakeSeasonDetailsRepository,setSeasonsResult,1,0,0.0,1,1.0,1,1,1,0,3,0,1,0,0.5,0,1,0,1,1.0,1,2.0,1,0,0.0,0,0.3333333333333333,0.0,11,2,0.0,3,1,2,1,0,5,1,0,1,0,0,1,0,0,0,0,3,1.0,3,1.0,3,2,1,0,3,0,0,3,0,1,0,0,0,0,0,3,3,114,657,537,1,0,0,3,1.0,2,0,30,119,211,3,17815
2025-07-11,30,com.thomaskioko.tvmaniac.seasondetails.testing,FakeSeasonDetailsRepository,observeSeasonDetails,1,0,0.0,1,1.0,1,1,1,0,1,0,1,0,1.0,0,1,0,1,1.0,1,2.0,1,0,0.0,0,0.3333333333333333,0.0,11,2,0.0,3,1,2,1,0,5,1,0,1,0,0,1,0,0,0,0,3,1.0,3,1.0,3,2,1,0,3,0,0,3,0,1,0,0,0,0,0,3,3,114,657,537,1,0,0,3,1.0,2,0,30,119,211,3,17815
2025-07-11,30,com.thomaskioko.tvmaniac.seasondetails.testing,FakeSeasonDetailsRepository,observeSeasonImages,1,0,0.0,0,0.0,1,1,1,0,1,0,1,0,0.0,0,0,0,1,0.0,0,0.0,1,0,0.0,0,0.3333333333333333,0.0,11,2,0.0,3,1,2,1,0,5,1,0,1,0,0,1,0,0,0,0,3,1.0,3,1.0,3,2,1,0,3,0,0,3,0,1,0,0,0,0,0,3,3,114,657,537,1,0,0,3,1.0,2,0,30,119,211,3,17815
2025-07-11,30,com.thomaskioko.tvmaniac.seasons.implementation,DefaultSeasonsRepository,observeSeasonsByShowId,1,0,0.0,0,0.0,0,0,1,0,1,0,1,0,0.0,1,0,0,6,0.0,0,3.0,1,0,0.0,0,0.0,1.0,3,1,0.0,1,0,1,1,0,2,0,0,0,0,0,0,0,0,0,0,1,0.0,1,1.0,1,1,0,0,1,0,0,1,0,1,0,0,0,0,0,1,1,114,657,537,3,0,0,6,1.0,9,1,101,119,211,9,17815
2025-07-11,30,com.thomaskioko.tvmaniac.seasons.implementation,SeasonsComponent,provideSeasonsRepository,1,0,0.0,0,0.0,0,0,1,0,1,0,1,0,0.0,0,0,0,0,0.0,0,0.0,1,0,0.0,0,0.0,0.0,5,2,0.0,2,0,0,0,0,4,0,0,0,0,0,0,0,0,0,0,2,0.0,2,1.0,2,0,0,0,2,0,0,2,0,1,0,0,0,0,0,2,2,114,657,537,3,0,0,0,1.0,9,1,101,119,211,9,17815
2025-07-11,30,com.thomaskioko.tvmaniac.seasons.implementation,SeasonsComponent,provideSeasonsDao,1,0,0.0,0,0.0,0,0,1,0,1,0,1,0,0.0,0,0,0,0,0.0,0,0.0,1,0,0.0,0,0.0,0.0,5,2,0.0,2,0,0,0,0,4,0,0,0,0,0,0,0,0,0,0,2,0.0,2,1.0,2,0,0,0,2,0,0,2,0,1,0,0,0,0,0,2,2,114,657,537,3,0,0,0,1.0,9,1,101,119,211,9,17815
2025-07-11,30,com.thomaskioko.tvmaniac.seasons.implementation,SeasonsDaoImpl,upsert,1,0,0.0,1,1.0,0,0,1,0,3,0,1,0,0.125,2,1,1,9,1.0,0,2.0,1,1,0.0,0,0.6666666666666666,0.5,25,16,0.0,6,1,6,1,0,5,3,0,1,0,0,1,0,0,0,0,6,0.9333333333333333,6,1.0,6,6,1,0,6,0,0,6,0,1,0,0,0,0,0,6,6,114,657,537,3,0,2,12,1.0,9,1,101,119,211,9,17815
2025-07-11,30,com.thomaskioko.tvmaniac.seasons.implementation,SeasonsDaoImpl,upsert,1,0,0.0,1,1.0,0,0,1,0,3,0,1,2,0.0,2,0,1,1,0.0,1,2.0,1,1,0.0,0,0.6666666666666666,0.5,25,16,0.0,6,1,6,1,0,5,3,0,1,0,0,1,0,0,0,0,6,0.9333333333333333,6,1.0,6,6,1,0,6,0,0,6,0,1,0,0,0,0,0,6,6,114,657,537,3,0,2,12,1.0,9,1,101,119,211,9,17815
2025-07-11,30,com.thomaskioko.tvmaniac.seasons.implementation,SeasonsDaoImpl,observeSeasonsByShowId,1,0,0.0,1,1.0,0,0,1,0,3,0,1,0,0.5,0,1,0,5,1.0,0,6.0,1,0,0.0,0,0.6666666666666666,0.5,25,16,0.0,6,1,6,1,0,5,3,0,1,0,0,1,0,0,0,0,6,0.9333333333333333,6,1.0,6,6,1,0,6,0,0,6,0,1,0,0,0,0,0,6,6,114,657,537,3,0,2,12,1.0,9,1,101,119,211,9,17815
2025-07-11,30,com.thomaskioko.tvmaniac.seasons.implementation,SeasonsDaoImpl,fetchShowSeasons,1,0,0.0,1,1.0,0,0,1,0,1,0,1,0,0.3333333333333333,0,1,0,3,1.0,0,2.5,1,0,0.0,0,0.6666666666666666,0.5,25,16,0.0,6,1,6,1,0,5,3,0,1,0,0,1,0,0,0,0,6,0.9333333333333333,6,1.0,6,6,1,0,6,0,0,6,0,1,0,0,0,0,0,6,6,114,657,537,3,0,2,12,1.0,9,1,101,119,211,9,17815
2025-07-11,30,com.thomaskioko.tvmaniac.seasons.implementation,SeasonsDaoImpl,delete,1,0,0.0,0,0.0,0,0,1,0,3,0,1,0,0.5,1,1,0,1,1.0,1,2.0,1,0,0.0,0,0.6666666666666666,0.5,25,16,0.0,6,1,6,1,0,5,3,0,1,0,0,1,0,0,0,0,6,0.9333333333333333,6,1.0,6,6,1,0,6,0,0,6,0,1,0,0,0,0,0,6,6,114,657,537,3,0,2,12,1.0,9,1,101,119,211,9,17815
2025-07-11,30,com.thomaskioko.tvmaniac.seasons.implementation,SeasonsDaoImpl,deleteAll,1,0,0.0,1,1.0,0,0,1,0,3,0,1,0,1.0,1,1,1,2,1.0,0,2.0,0,1,0.0,0,0.6666666666666666,0.5,25,16,0.0,6,1,6,1,0,5,3,0,1,0,0,1,0,0,0,0,6,0.9333333333333333,6,1.0,6,6,1,0,6,0,0,6,0,1,0,0,0,0,0,6,6,114,657,537,3,0,2,12,1.0,9,1,101,119,211,9,17815
2025-07-11,30,com.thomaskioko.tvmaniac.seasons.testing,FakeSeasonsRepository,setSeasonsResult,1,0,0.0,1,1.0,1,1,1,0,3,0,1,0,0.5,0,1,0,1,1.0,1,2.0,1,0,0.0,0,1.0,0.0,9,1,0.0,2,1,1,1,0,3,1,0,1,0,0,0,0,0,1,0,2,1.0,2,1.0,2,1,1,0,2,0,0,2,0,1,0,0,0,0,0,2,2,114,657,537,1,0,0,2,1.0,1,0,24,119,211,2,17815
2025-07-11,30,com.thomaskioko.tvmaniac.seasons.testing,FakeSeasonsRepository,observeSeasonsByShowId,1,0,0.0,1,1.0,1,1,1,0,1,0,1,0,1.0,0,1,0,1,1.0,1,2.0,1,0,0.0,0,1.0,0.0,9,1,0.0,2,1,1,1,0,3,1,0,1,0,0,0,0,0,1,0,2,1.0,2,1.0,2,1,1,0,2,0,0,2,0,1,0,0,0,0,0,2,2,114,657,537,1,0,0,2,1.0,1,0,24,119,211,2,17815
2025-07-11,30,com.thomaskioko.tvmaniac.data.showdetails.implementation,DefaultGenreDao,upsert,1,0,0.0,0,0.0,0,0,1,0,3,0,1,0,0.25,1,1,0,4,1.0,0,2.0,1,0,0.0,0,0.0,1.0,7,3,0.0,1,1,0,0,0,1,1,0,1,0,0,1,0,0,0,0,1,0.0,1,1.0,1,0,1,0,1,0,0,1,0,1,0,0,0,0,0,1,1,114,657,537,5,0,0,4,1.0,6,1,259,119,211,7,17815
2025-07-11,30,com.thomaskioko.tvmaniac.data.showdetails.implementation,DefaultShowDetailsDao,observeTvShows,1,0,0.0,1,1.0,0,1,1,0,1,0,1,0,0.5,0,1,0,4,1.0,0,5.0,1,0,0.0,0,1.0,0.0,11,4,0.0,2,1,3,1,0,3,1,0,1,0,0,1,0,0,0,0,3,1.0,3,1.0,3,3,1,0,3,0,0,3,0,1,0,0,0,0,0,3,3,114,657,537,5,0,0,7,1.0,6,1,259,119,211,7,17815
2025-07-11,30,com.thomaskioko.tvmaniac.data.showdetails.implementation,DefaultShowDetailsDao,getTvShow,1,0,0.0,1,1.0,0,1,1,0,1,0,1,0,0.5,0,1,0,2,1.0,2,3.0,1,0,0.0,0,1.0,0.0,11,4,0.0,2,1,3,1,0,3,1,0,1,0,0,1,0,0,0,0,3,1.0,3,1.0,3,3,1,0,3,0,0,3,0,1,0,0,0,0,0,3,3,114,657,537,5,0,0,7,1.0,6,1,259,119,211,7,17815
2025-07-11,30,com.thomaskioko.tvmaniac.data.showdetails.implementation,DefaultShowDetailsDao,deleteTvShow,1,0,0.0,1,1.0,0,1,1,0,3,0,1,0,0.5,0,1,0,1,1.0,1,2.0,1,0,0.0,0,1.0,0.0,11,4,0.0,2,1,3,1,0,3,1,0,1,0,0,1,0,0,0,0,3,1.0,3,1.0,3,3,1,0,3,0,0,3,0,1,0,0,0,0,0,3,3,114,657,537,5,0,0,7,1.0,6,1,259,119,211,7,17815
2025-07-11,30,com.thomaskioko.tvmaniac.data.showdetails.implementation,DefaultShowDetailsRepository,observeShowDetails,2,0,0.0,1,1.0,0,0,1,0,3,0,2,0,0.0,0,0,0,8,0.0,0,3.0,2,0,0.0,0,0.0,1.0,5,3,0.0,1,0,1,1,0,3,0,0,0,0,0,0,0,0,0,0,1,0.0,1,1.0,1,1,0,0,1,0,0,1,0,1,0,0,0,0,0,1,1,114,657,537,5,0,0,8,2.0,6,1,259,119,211,7,17815
2025-07-11,30,com.thomaskioko.tvmaniac.data.showdetails.implementation,ShowDetailsComponent,provideShowDetailsDao,1,0,0.0,0,0.0,0,0,1,0,1,0,1,0,0.0,0,0,0,0,0.0,0,0.0,1,0,0.0,0,0.0,0.0,5,2,0.0,2,0,0,0,0,4,0,0,0,0,0,0,0,0,0,0,2,0.0,2,1.0,2,0,0,0,2,0,0,2,0,1,0,0,0,0,0,2,2,114,657,537,5,0,0,0,1.0,6,1,259,119,211,7,17815
2025-07-11,30,com.thomaskioko.tvmaniac.data.showdetails.implementation,ShowDetailsComponent,provideShowDetailsRepository,1,0,0.0,0,0.0,0,0,1,0,1,0,1,0,0.0,0,0,0,0,0.0,0,0.0,1,0,0.0,0,0.0,0.0,5,2,0.0,2,0,0,0,0,4,0,0,0,0,0,0,0,0,0,0,2,0.0,2,1.0,2,0,0,0,2,0,0,2,0,1,0,0,0,0,0,2,2,114,657,537,5,0,0,0,1.0,6,1,259,119,211,7,17815
2025-07-11,30,com.thomaskioko.tvmaniac.data.showdetails.testing,FakeShowDetailsRepository,setShowDetailsResult,1,0,0.0,0,0.0,1,1,1,0,3,0,1,0,0.5,0,1,1,0,1.0,0,2.0,1,0,0.0,0,1.0,0.5,11,3,0.0,2,1,1,1,0,4,0,0,1,0,0,1,0,0,0,0,2,1.0,2,1.0,2,1,1,0,2,0,0,2,0,1,0,0,0,0,0,2,2,114,657,537,1,0,1,1,1.0,1,0,26,119,211,2,17815
2025-07-11,30,com.thomaskioko.tvmaniac.data.showdetails.testing,FakeShowDetailsRepository,observeShowDetails,1,0,0.0,1,1.0,1,1,1,0,3,0,1,0,1.0,0,1,0,1,0.5,1,2.0,2,0,0.0,0,1.0,0.5,11,3,0.0,2,1,1,1,0,4,0,0,1,0,0,1,0,0,0,0,2,1.0,2,1.0,2,1,1,0,2,0,0,2,0,1,0,0,0,0,0,2,2,114,657,537,1,0,1,1,1.0,1,0,26,119,211,2,17815
2025-07-11,30,com.thomaskioko.tvmaniac.shows.implementation,DefaultTvShowsDao,upsert,1,0,0.0,1,1.0,0,0,1,0,3,0,1,0,0.11764705882352941,2,1,0,17,1.0,0,2.0,1,0,0.0,0,0.3333333333333333,0.6666666666666666,15,9,0.0,3,1,3,1,0,2,2,0,1,0,0,1,0,0,0,0,3,0.6666666666666667,3,1.0,3,3,1,0,3,0,0,3,0,1,0,0,0,0,0,3,3,114,657,537,2,0,1,3,1.0,4,1,57,119,211,4,17815
2025-07-11,30,com.thomaskioko.tvmaniac.shows.implementation,DefaultTvShowsDao,upsert,1,0,0.0,1,1.0,0,0,1,0,3,0,1,2,0.0,2,0,1,1,0.0,1,2.0,1,1,0.0,0,0.3333333333333333,0.6666666666666666,15,9,0.0,3,1,3,1,0,2,2,0,1,0,0,1,0,0,0,0,3,0.6666666666666667,3,1.0,3,3,1,0,3,0,0,3,0,1,0,0,0,0,0,3,3,114,657,537,2,0,1,3,1.0,4,1,57,119,211,4,17815
2025-07-11,30,com.thomaskioko.tvmaniac.shows.implementation,DefaultTvShowsDao,deleteTvShows,1,0,0.0,1,1.0,0,0,1,0,3,0,1,0,1.0,0,1,0,2,1.0,0,2.0,0,0,0.0,0,0.3333333333333333,0.6666666666666666,15,9,0.0,3,1,3,1,0,2,2,0,1,0,0,1,0,0,0,0,3,0.6666666666666667,3,1.0,3,3,1,0,3,0,0,3,0,1,0,0,0,0,0,3,3,114,657,537,2,0,1,3,1.0,4,1,57,119,211,4,17815
2025-07-11,30,com.thomaskioko.tvmaniac.shows.implementation,DiscoverComponent,provideTvShowsDao,1,0,0.0,0,0.0,0,0,1,0,1,0,1,0,0.0,0,0,0,0,0.0,0,0.0,1,0,0.0,0,0.0,0.0,3,1,0.0,1,0,0,0,0,2,0,0,0,0,0,0,0,0,0,0,1,0.0,1,1.0,1,0,0,0,1,0,0,1,0,1,0,0,0,0,0,1,1,114,657,537,2,0,0,0,1.0,4,1,57,119,211,4,17815
2025-07-11,30,com.thomaskioko.tvmaniac.similar.implementation,DefaultSimilarShowsRepository,observeSimilarShows,2,0,0.0,1,1.0,0,0,1,0,3,0,2,0,0.0,0,0,0,9,0.0,0,3.5,2,0,0.0,0,0.0,1.0,5,3,0.0,1,0,1,1,0,3,0,0,0,0,0,0,0,0,0,0,1,0.0,1,1.0,1,1,0,0,1,0,0,1,0,1,0,0,0,0,0,1,1,114,657,537,5,0,0,9,2.0,7,1,216,119,211,7,17815
2025-07-11,30,com.thomaskioko.tvmaniac.similar.implementation,SimilarShowsComponent,provideSimilarShowsDao,1,0,0.0,0,0.0,0,0,1,0,1,0,1,0,0.0,0,0,0,0,0.0,0,0.0,1,0,0.0,0,0.0,0.0,5,2,0.0,2,0,0,0,0,4,0,0,0,0,0,0,0,0,0,0,2,0.0,2,1.0,2,0,0,0,2,0,0,2,0,1,0,0,0,0,0,2,2,114,657,537,5,0,0,0,1.0,7,1,216,119,211,7,17815
2025-07-11,30,com.thomaskioko.tvmaniac.similar.implementation,SimilarShowsComponent,provideSimilarShowsRepository,1,0,0.0,0,0.0,0,0,1,0,1,0,1,0,0.0,0,0,0,0,0.0,0,0.0,1,0,0.0,0,0.0,0.0,5,2,0.0,2,0,0,0,0,4,0,0,0,0,0,0,0,0,0,0,2,0.0,2,1.0,2,0,0,0,2,0,0,2,0,1,0,0,0,0,0,2,2,114,657,537,5,0,0,0,1.0,7,1,216,119,211,7,17815
2025-07-11,30,com.thomaskioko.tvmaniac.similar.implementation,SimilarShowsDaoImpl,upsert,1,0,0.0,1,1.0,0,0,1,0,3,0,1,0,0.0,0,0,1,3,0.0,0,3.0,2,1,0.0,0,0.0,0.25,17,12,0.0,4,0,4,1,0,2,1,0,0,0,0,0,0,0,0,0,4,1.0,4,1.0,4,4,0,0,4,0,0,4,0,1,0,0,0,0,0,4,4,114,657,537,5,0,3,13,1.0,7,1,216,119,211,7,17815
2025-07-11,30,com.thomaskioko.tvmaniac.similar.implementation,SimilarShowsDaoImpl,observeSimilarShows,1,0,0.0,1,1.0,0,0,1,0,3,0,1,0,0.0,0,0,0,5,0.0,0,6.0,1,0,0.0,0,0.0,0.25,17,12,0.0,4,0,4,1,0,2,1,0,0,0,0,0,0,0,0,0,4,1.0,4,1.0,4,4,0,0,4,0,0,4,0,1,0,0,0,0,0,4,4,114,657,537,5,0,3,13,1.0,7,1,216,119,211,7,17815
2025-07-11,30,com.thomaskioko.tvmaniac.similar.implementation,SimilarShowsDaoImpl,delete,1,0,0.0,1,1.0,0,0,1,0,3,0,1,0,0.0,1,0,1,2,0.0,0,3.0,1,1,0.0,0,0.0,0.25,17,12,0.0,4,0,4,1,0,2,1,0,0,0,0,0,0,0,0,0,4,1.0,4,1.0,4,4,0,0,4,0,0,4,0,1,0,0,0,0,0,4,4,114,657,537,5,0,3,13,1.0,7,1,216,119,211,7,17815
2025-07-11,30,com.thomaskioko.tvmaniac.similar.implementation,SimilarShowsDaoImpl,deleteAll,1,0,0.0,1,1.0,0,0,1,0,3,0,1,0,0.0,1,0,1,3,0.0,0,2.5,0,1,0.0,0,0.0,0.25,17,12,0.0,4,0,4,1,0,2,1,0,0,0,0,0,0,0,0,0,4,1.0,4,1.0,4,4,0,0,4,0,0,4,0,1,0,0,0,0,0,4,4,114,657,537,5,0,3,13,1.0,7,1,216,119,211,7,17815
2025-07-11,30,com.thomaskioko.tvmaniac.similar.testing,FakeSimilarShowsRepository,setSimilarShowsResult,1,0,0.0,1,1.0,1,1,1,0,3,0,1,0,0.5,0,1,0,1,1.0,1,2.0,1,0,0.0,0,1.0,0.0,9,1,0.0,2,1,1,1,0,4,1,0,1,0,0,1,0,0,0,0,2,1.0,2,1.0,2,1,1,0,2,0,0,2,0,1,0,0,0,0,0,2,2,114,657,537,1,0,0,2,1.0,1,0,25,119,211,2,17815
2025-07-11,30,com.thomaskioko.tvmaniac.similar.testing,FakeSimilarShowsRepository,observeSimilarShows,1,0,0.0,1,1.0,1,1,1,0,1,0,1,0,1.0,0,1,0,1,0.5,1,2.0,2,0,0.0,0,1.0,0.0,9,1,0.0,2,1,1,1,0,4,1,0,1,0,0,1,0,0,0,0,2,1.0,2,1.0,2,1,1,0,2,0,0,2,0,1,0,0,0,0,0,2,2,114,657,537,1,0,0,2,1.0,1,0,25,119,211,2,17815
2025-07-11,30,com.thomaskioko.tvmaniac.toprated.data.implementation,DefaultTopRatedShowsDao,upsert,1,0,0.0,1,1.0,0,1,1,0,3,0,1,0,0.5,0,1,0,4,1.0,0,2.0,1,0,0.0,0,0.47619047619047616,0.42857142857142855,25,14,0.0,6,1,7,1,0,6,1,0,1,0,0,1,0,0,0,0,7,0.8095238095238095,7,1.0,7,7,1,0,7,0,0,7,0,1,0,0,0,0,0,7,7,114,657,537,4,0,0,19,1.0,12,1,278,119,211,16,17815
2025-07-11,30,com.thomaskioko.tvmaniac.toprated.data.implementation,DefaultTopRatedShowsDao,observeTopRatedShows,1,0,0.0,1,1.0,0,1,1,0,1,0,1,0,1.0,0,1,0,4,1.0,0,5.0,0,0,0.0,0,0.47619047619047616,0.42857142857142855,25,14,0.0,6,1,7,1,0,6,1,0,1,0,0,1,0,0,0,0,7,0.8095238095238095,7,1.0,7,7,1,0,7,0,0,7,0,1,0,0,0,0,0,7,7,114,657,537,4,0,0,19,1.0,12,1,278,119,211,16,17815
2025-07-11,30,com.thomaskioko.tvmaniac.toprated.data.implementation,DefaultTopRatedShowsDao,observeTopRatedShows,1,0,0.0,1,1.0,0,1,1,0,1,0,1,0,0.3333333333333333,0,1,0,6,1.0,0,2.5,1,0,0.0,0,0.47619047619047616,0.42857142857142855,25,14,0.0,6,1,7,1,0,6,1,0,1,0,0,1,0,0,0,0,7,0.8095238095238095,7,1.0,7,7,1,0,7,0,0,7,0,1,0,0,0,0,0,7,7,114,657,537,4,0,0,19,1.0,12,1,278,119,211,16,17815
2025-07-11,30,com.thomaskioko.tvmaniac.toprated.data.implementation,DefaultTopRatedShowsDao,getPagedTopRatedShows,1,0,0.0,1,1.0,0,1,1,0,1,0,1,0,1.0,0,1,0,5,1.0,0,2.0,0,0,0.0,0,0.47619047619047616,0.42857142857142855,25,14,0.0,6,1,7,1,0,6,1,0,1,0,0,1,0,0,0,0,7,0.8095238095238095,7,1.0,7,7,1,0,7,0,0,7,0,1,0,0,0,0,0,7,7,114,657,537,4,0,0,19,1.0,12,1,278,119,211,16,17815
2025-07-11,30,com.thomaskioko.tvmaniac.toprated.data.implementation,DefaultTopRatedShowsDao,pageExists,1,0,0.0,0,0.0,0,1,1,0,3,0,1,0,0.5,1,1,0,2,1.0,2,3.0,1,0,0.0,0,0.47619047619047616,0.42857142857142855,25,14,0.0,6,1,7,1,0,6,1,0,1,0,0,1,0,0,0,0,7,0.8095238095238095,7,1.0,7,7,1,0,7,0,0,7,0,1,0,0,0,0,0,7,7,114,657,537,4,0,0,19,1.0,12,1,278,119,211,16,17815
2025-07-11,30,com.thomaskioko.tvmaniac.toprated.data.implementation,DefaultTopRatedShowsDao,deleteTrendingShows,1,0,0.0,1,1.0,0,1,1,0,3,0,1,0,0.5,0,1,0,1,1.0,1,2.0,1,0,0.0,0,0.47619047619047616,0.42857142857142855,25,14,0.0,6,1,7,1,0,6,1,0,1,0,0,1,0,0,0,0,7,0.8095238095238095,7,1.0,7,7,1,0,7,0,0,7,0,1,0,0,0,0,0,7,7,114,657,537,4,0,0,19,1.0,12,1,278,119,211,16,17815
2025-07-11,30,com.thomaskioko.tvmaniac.toprated.data.implementation,DefaultTopRatedShowsDao,deleteTrendingShows,1,0,0.0,1,1.0,0,1,1,0,3,0,1,0,1.0,0,1,0,2,1.0,0,2.0,0,0,0.0,0,0.47619047619047616,0.42857142857142855,25,14,0.0,6,1,7,1,0,6,1,0,1,0,0,1,0,0,0,0,7,0.8095238095238095,7,1.0,7,7,1,0,7,0,0,7,0,1,0,0,0,0,0,7,7,114,657,537,4,0,0,19,1.0,12,1,278,119,211,16,17815
2025-07-11,30,com.thomaskioko.tvmaniac.toprated.data.implementation,DefaultTopRatedShowsRepository,observeTopRatedShows,2,1,0.0,1,1.0,0,3,1,0,4,0,2,1,0.0,2,0,0,6,0.0,0,3.5,1,0,0.0,0,0.0,1.0,43,28,0.25,7,0,2,1,0,6,1,0,0,0,0,0,0,0,0,0,8,0.9523809523809523,8,1.1428571428571428,7,2,0,0,2,5,0,2,0,1,0,0,0,0,0,7,7,114,657,537,4,0,1,23,2.4285714285714284,12,1,278,119,211,16,17815
2025-07-11,30,com.thomaskioko.tvmaniac.toprated.data.implementation,DefaultTopRatedShowsRepository,getPagedTopRatedShows,2,0,0.0,1,1.0,0,3,1,0,3,0,2,1,0.0,1,0,0,1,0.0,0,2.0,1,0,0.0,0,0.0,1.0,43,28,0.25,7,0,2,1,0,6,1,0,0,0,0,0,0,0,0,0,8,0.9523809523809523,8,1.1428571428571428,7,2,0,0,2,5,0,2,0,1,0,0,0,0,0,7,7,114,657,537,4,0,1,23,2.4285714285714284,12,1,278,119,211,16,17815
2025-07-11,30,com.thomaskioko.tvmaniac.toprated.data.implementation,DefaultTopRatedShowsRepository,fetchPage,8,1,2.0,4,0.75,0,3,1,0,16,1,8,1,0.0,2,0,0,7,0.0,1,2.0,2,0,0.0,0,0.0,1.0,43,28,0.25,7,0,2,1,0,6,1,0,0,0,0,0,0,0,0,0,8,0.9523809523809523,8,1.1428571428571428,7,2,0,0,2,5,0,2,0,1,0,0,0,0,0,7,7,114,657,537,4,0,1,23,2.4285714285714284,12,1,278,119,211,16,17815
2025-07-11,30,com.thomaskioko.tvmaniac.toprated.data.implementation,DefaultTopRatedShowsRepository,shouldFetchPage,2,1,0.0,1,1.0,0,3,1,0,5,1,2,1,0.0,1,0,0,3,0.0,1,2.0,2,0,0.0,0,0.0,1.0,43,28,0.25,7,0,2,1,0,6,1,0,0,0,0,0,0,0,0,0,8,0.9523809523809523,8,1.1428571428571428,7,2,0,0,2,5,0,2,0,1,0,0,0,0,0,7,7,114,657,537,4,0,1,23,2.4285714285714284,12,1,278,119,211,16,17815
2025-07-11,30,com.thomaskioko.tvmaniac.toprated.data.implementation,DefaultTopRatedShowsRepository,isRequestExpired,1,0,0.0,0,0.0,0,3,1,0,3,0,1,0,0.0,1,0,0,3,0.0,0,2.0,1,0,0.0,0,0.0,1.0,43,28,0.25,7,0,2,1,0,6,1,0,0,0,0,0,0,0,0,0,8,0.9523809523809523,8,1.1428571428571428,7,2,0,0,2,5,0,2,0,1,0,0,0,0,0,7,7,114,657,537,4,0,1,23,2.4285714285714284,12,1,278,119,211,16,17815
2025-07-11,30,com.thomaskioko.tvmaniac.toprated.data.implementation,DefaultTopRatedShowsRepository,updateRequestManager,1,0,0.0,1,1.0,0,3,1,0,3,0,1,0,0.0,0,0,1,2,0.0,0,2.0,1,1,0.0,0,0.0,1.0,43,28,0.25,7,0,2,1,0,6,1,0,0,0,0,0,0,0,0,0,8,0.9523809523809523,8,1.1428571428571428,7,2,0,0,2,5,0,2,0,1,0,0,0,0,0,7,7,114,657,537,4,0,1,23,2.4285714285714284,12,1,278,119,211,16,17815
2025-07-11,30,com.thomaskioko.tvmaniac.toprated.data.implementation,DefaultTopRatedShowsRepository,getShows,1,0,0.0,1,1.0,0,3,1,0,1,0,1,0,0.0,0,0,0,1,0.0,1,2.0,0,0,0.0,0,0.0,1.0,43,28,0.25,7,0,2,1,0,6,1,0,0,0,0,0,0,0,0,0,8,0.9523809523809523,8,1.1428571428571428,7,2,0,0,2,5,0,2,0,1,0,0,0,0,0,7,7,114,657,537,4,0,1,23,2.4285714285714284,12,1,278,119,211,16,17815
2025-07-11,30,com.thomaskioko.tvmaniac.toprated.data.implementation,TopRatedShowsComponent,provideTopRatedShowsDao,1,0,0.0,0,0.0,0,0,1,0,1,0,1,0,0.0,0,0,0,0,0.0,0,0.0,1,0,0.0,0,0.0,0.0,5,2,0.0,2,0,0,0,0,4,0,0,0,0,0,0,0,0,0,0,2,0.0,2,1.0,2,0,0,0,2,0,0,2,0,1,0,0,0,0,0,2,2,114,657,537,4,0,0,0,1.0,12,1,278,119,211,16,17815
2025-07-11,30,com.thomaskioko.tvmaniac.toprated.data.implementation,TopRatedShowsComponent,provideTopRatedShowsRepository,1,0,0.0,0,0.0,0,0,1,0,1,0,1,0,0.0,0,0,0,0,0.0,0,0.0,1,0,0.0,0,0.0,0.0,5,2,0.0,2,0,0,0,0,4,0,0,0,0,0,0,0,0,0,0,2,0.0,2,1.0,2,0,0,0,2,0,0,2,0,1,0,0,0,0,0,2,2,114,657,537,4,0,0,0,1.0,12,1,278,119,211,16,17815
2025-07-11,30,com.thomaskioko.tvmaniac.data.topratedshows.testing,FakeTopRatedShowsRepository,setTopRatedShows,1,0,0.0,1,1.0,1,3,1,0,3,0,1,0,0.5,0,1,0,1,1.0,1,2.0,1,0,0.0,0,0.3333333333333333,0.0,21,3,0.0,3,2,2,1,0,5,2,0,2,0,0,0,0,0,2,0,4,1.0,4,1.0,4,2,2,0,4,0,0,4,0,1,0,0,0,0,0,4,4,114,657,537,1,0,0,4,1.0,1,0,37,119,211,4,17815
2025-07-11,30,com.thomaskioko.tvmaniac.data.topratedshows.testing,FakeTopRatedShowsRepository,setPagedData,1,0,0.0,1,1.0,1,3,1,0,3,0,1,0,0.5,0,1,0,1,1.0,1,2.0,1,0,0.0,0,0.3333333333333333,0.0,21,3,0.0,3,2,2,1,0,5,2,0,2,0,0,0,0,0,2,0,4,1.0,4,1.0,4,2,2,0,4,0,0,4,0,1,0,0,0,0,0,4,4,114,657,537,1,0,0,4,1.0,1,0,37,119,211,4,17815
2025-07-11,30,com.thomaskioko.tvmaniac.data.topratedshows.testing,FakeTopRatedShowsRepository,observeTopRatedShows,1,0,0.0,1,1.0,1,3,1,0,3,0,1,0,1.0,0,1,0,1,1.0,1,2.0,1,0,0.0,0,0.3333333333333333,0.0,21,3,0.0,3,2,2,1,0,5,2,0,2,0,0,0,0,0,2,0,4,1.0,4,1.0,4,2,2,0,4,0,0,4,0,1,0,0,0,0,0,4,4,114,657,537,1,0,0,4,1.0,1,0,37,119,211,4,17815
2025-07-11,30,com.thomaskioko.tvmaniac.data.topratedshows.testing,FakeTopRatedShowsRepository,getPagedTopRatedShows,1,0,0.0,1,1.0,1,3,1,0,3,0,1,0,1.0,0,1,0,1,1.0,1,2.0,1,0,0.0,0,0.3333333333333333,0.0,21,3,0.0,3,2,2,1,0,5,2,0,2,0,0,0,0,0,2,0,4,1.0,4,1.0,4,2,2,0,4,0,0,4,0,1,0,0,0,0,0,4,4,114,657,537,1,0,0,4,1.0,1,0,37,119,211,4,17815
2025-07-11,30,com.thomaskioko.tvmaniac.data.trailers.implementation,DefaultTrailerRepository,isYoutubePlayerInstalled,1,0,0.0,0,0.0,0,1,1,0,1,0,1,0,0.0,1,0,0,1,0.0,1,2.0,0,0,0.0,0,0.0,0.0,5,1,0.0,2,0,2,1,0,3,0,0,0,0,0,0,0,0,0,0,2,1.0,2,1.0,2,2,0,0,2,0,0,2,0,1,0,0,0,0,0,2,2,114,657,537,5,0,0,7,1.0,14,3,127,119,211,10,17815
2025-07-11,30,com.thomaskioko.tvmaniac.data.trailers.implementation,DefaultTrailerRepository,observeTrailers,1,0,0.0,1,1.0,0,1,1,0,1,0,1,0,0.0,0,0,0,6,0.0,0,3.0,1,0,0.0,0,0.0,0.0,5,1,0.0,2,0,2,1,0,3,0,0,0,0,0,0,0,0,0,0,2,1.0,2,1.0,2,2,0,0,2,0,0,2,0,1,0,0,0,0,0,2,2,114,657,537,5,0,0,7,1.0,14,3,127,119,211,10,17815
2025-07-11,30,com.thomaskioko.tvmaniac.data.trailers.implementation,TrailerComponent,provideTrailerDao,1,0,0.0,0,0.0,0,0,1,0,1,0,1,0,0.0,0,0,0,0,0.0,0,0.0,1,0,0.0,0,0.0,0.0,5,2,0.0,2,0,0,0,0,4,0,0,0,0,0,0,0,0,0,0,2,0.0,2,1.0,2,0,0,0,2,0,0,2,0,1,0,0,0,0,0,2,2,114,657,537,5,0,0,0,1.0,14,3,127,119,211,10,17815
2025-07-11,30,com.thomaskioko.tvmaniac.data.trailers.implementation,TrailerComponent,provideTrailerRepository,1,0,0.0,0,0.0,0,0,1,0,1,0,1,0,0.0,0,0,0,0,0.0,0,0.0,1,0,0.0,0,0.0,0.0,5,2,0.0,2,0,0,0,0,4,0,0,0,0,0,0,0,0,0,0,2,0.0,2,1.0,2,0,0,0,2,0,0,2,0,1,0,0,0,0,0,2,2,114,657,537,5,0,0,0,1.0,14,3,127,119,211,10,17815
2025-07-11,30,com.thomaskioko.tvmaniac.data.trailers.implementation,TrailerDaoImpl,upsert,1,0,0.0,1,1.0,0,1,1,0,3,0,1,0,0.0,0,0,1,9,0.0,0,2.125,1,1,0.0,0,0.0,0.3333333333333333,23,15,0.0,6,0,6,1,0,4,2,0,0,0,0,0,0,0,0,0,6,0.9333333333333333,6,1.0,6,6,0,0,6,0,0,6,0,1,0,0,0,0,0,6,6,114,657,537,5,0,3,15,1.0,14,3,127,119,211,10,17815
2025-07-11,30,com.thomaskioko.tvmaniac.data.trailers.implementation,TrailerDaoImpl,upsert,1,0,0.0,1,1.0,0,1,1,0,3,0,1,2,0.0,2,0,1,1,0.0,1,2.0,1,1,0.0,0,0.0,0.3333333333333333,23,15,0.0,6,0,6,1,0,4,2,0,0,0,0,0,0,0,0,0,6,0.9333333333333333,6,1.0,6,6,0,0,6,0,0,6,0,1,0,0,0,0,0,6,6,114,657,537,5,0,3,15,1.0,14,3,127,119,211,10,17815
2025-07-11,30,com.thomaskioko.tvmaniac.data.trailers.implementation,TrailerDaoImpl,observeTrailersById,1,0,0.0,1,1.0,0,1,1,0,3,0,1,0,0.0,0,0,0,5,0.0,0,6.0,1,0,0.0,0,0.0,0.3333333333333333,23,15,0.0,6,0,6,1,0,4,2,0,0,0,0,0,0,0,0,0,6,0.9333333333333333,6,1.0,6,6,0,0,6,0,0,6,0,1,0,0,0,0,0,6,6,114,657,537,5,0,3,15,1.0,14,3,127,119,211,10,17815
2025-07-11,30,com.thomaskioko.tvmaniac.data.trailers.implementation,TrailerDaoImpl,getTrailersById,1,0,0.0,1,1.0,0,1,1,0,1,0,1,0,0.0,0,0,0,3,0.0,0,4.0,1,0,0.0,0,0.0,0.3333333333333333,23,15,0.0,6,0,6,1,0,4,2,0,0,0,0,0,0,0,0,0,6,0.9333333333333333,6,1.0,6,6,0,0,6,0,0,6,0,1,0,0,0,0,0,6,6,114,657,537,5,0,3,15,1.0,14,3,127,119,211,10,17815
2025-07-11,30,com.thomaskioko.tvmaniac.data.trailers.implementation,TrailerDaoImpl,delete,1,0,0.0,1,1.0,0,1,1,0,3,0,1,0,0.0,1,0,1,3,0.0,0,2.5,1,1,0.0,0,0.0,0.3333333333333333,23,15,0.0,6,0,6,1,0,4,2,0,0,0,0,0,0,0,0,0,6,0.9333333333333333,6,1.0,6,6,0,0,6,0,0,6,0,1,0,0,0,0,0,6,6,114,657,537,5,0,3,15,1.0,14,3,127,119,211,10,17815
2025-07-11,30,com.thomaskioko.tvmaniac.data.trailers.implementation,TrailerDaoImpl,deleteAll,1,0,0.0,1,1.0,0,1,1,0,3,0,1,0,0.0,1,0,1,3,0.0,0,2.5,0,1,0.0,0,0.0,0.3333333333333333,23,15,0.0,6,0,6,1,0,4,2,0,0,0,0,0,0,0,0,0,6,0.9333333333333333,6,1.0,6,6,0,0,6,0,0,6,0,1,0,0,0,0,0,6,6,114,657,537,5,0,3,15,1.0,14,3,127,119,211,10,17815
2025-07-11,30,com.thomaskioko.tvmaniac.trailers.testing,FakeTrailerRepository,setTrailerResult,1,0,0.0,1,1.0,1,3,1,0,3,0,1,0,0.5,0,1,0,1,1.0,1,2.0,1,0,0.0,0,0.3333333333333333,0.0,17,1,0.0,3,2,2,1,0,5,2,0,2,0,0,1,0,0,1,0,4,1.0,4,1.0,4,2,2,0,4,0,0,4,0,1,0,0,0,0,0,4,4,114,657,537,1,0,0,4,1.0,1,0,47,119,211,4,17815
2025-07-11,30,com.thomaskioko.tvmaniac.trailers.testing,FakeTrailerRepository,setYoutubePlayerInstalled,1,0,0.0,1,1.0,1,3,1,0,3,0,1,0,0.5,0,1,0,1,1.0,1,2.0,1,0,0.0,0,0.3333333333333333,0.0,17,1,0.0,3,2,2,1,0,5,2,0,2,0,0,1,0,0,1,0,4,1.0,4,1.0,4,2,2,0,4,0,0,4,0,1,0,0,0,0,0,4,4,114,657,537,1,0,0,4,1.0,1,0,47,119,211,4,17815
2025-07-11,30,com.thomaskioko.tvmaniac.trailers.testing,FakeTrailerRepository,observeTrailers,1,0,0.0,1,1.0,1,3,1,0,1,0,1,0,1.0,0,1,0,1,1.0,1,2.0,1,0,0.0,0,0.3333333333333333,0.0,17,1,0.0,3,2,2,1,0,5,2,0,2,0,0,1,0,0,1,0,4,1.0,4,1.0,4,2,2,0,4,0,0,4,0,1,0,0,0,0,0,4,4,114,657,537,1,0,0,4,1.0,1,0,47,119,211,4,17815
2025-07-11,30,com.thomaskioko.tvmaniac.trailers.testing,FakeTrailerRepository,isYoutubePlayerInstalled,1,0,0.0,1,1.0,1,3,1,0,1,0,1,0,1.0,0,1,0,1,1.0,1,2.0,0,0,0.0,0,0.3333333333333333,0.0,17,1,0.0,3,2,2,1,0,5,2,0,2,0,0,1,0,0,1,0,4,1.0,4,1.0,4,2,2,0,4,0,0,4,0,1,0,0,0,0,0,4,4,114,657,537,1,0,0,4,1.0,1,0,47,119,211,4,17815
2025-07-11,30,com.thomaskioko.tvmaniac.discover.implementation,DefaultTrendingShowsDao,upsert,1,0,0.0,1,1.0,0,1,1,0,3,0,1,0,0.5,0,1,0,4,1.0,0,2.0,1,0,0.0,0,1.0,0.5,23,13,0.0,5,1,6,1,0,5,1,0,1,0,0,1,0,0,0,0,6,0.7333333333333334,6,1.0,6,6,1,0,6,0,0,6,0,1,0,0,0,0,0,6,6,114,657,537,4,0,0,20,1.0,11,1,302,119,211,15,17815
2025-07-11,30,com.thomaskioko.tvmaniac.discover.implementation,DefaultTrendingShowsDao,observeTvShow,1,0,0.0,1,1.0,0,1,1,0,1,0,1,0,1.0,0,1,0,6,1.0,0,2.5,0,0,0.0,0,1.0,0.5,23,13,0.0,5,1,6,1,0,5,1,0,1,0,0,1,0,0,0,0,6,0.7333333333333334,6,1.0,6,6,1,0,6,0,0,6,0,1,0,0,0,0,0,6,6,114,657,537,4,0,0,20,1.0,11,1,302,119,211,15,17815
2025-07-11,30,com.thomaskioko.tvmaniac.discover.implementation,DefaultTrendingShowsDao,getPagedTrendingShows,1,0,0.0,1,1.0,0,1,1,0,1,0,1,0,1.0,0,1,0,5,1.0,0,2.0,0,0,0.0,0,1.0,0.5,23,13,0.0,5,1,6,1,0,5,1,0,1,0,0,1,0,0,0,0,6,0.7333333333333334,6,1.0,6,6,1,0,6,0,0,6,0,1,0,0,0,0,0,6,6,114,657,537,4,0,0,20,1.0,11,1,302,119,211,15,17815
2025-07-11,30,com.thomaskioko.tvmaniac.discover.implementation,DefaultTrendingShowsDao,pageExists,1,0,0.0,0,0.0,0,1,1,0,3,0,1,0,0.5,1,1,0,2,1.0,2,3.0,1,0,0.0,0,1.0,0.5,23,13,0.0,5,1,6,1,0,5,1,0,1,0,0,1,0,0,0,0,6,0.7333333333333334,6,1.0,6,6,1,0,6,0,0,6,0,1,0,0,0,0,0,6,6,114,657,537,4,0,0,20,1.0,11,1,302,119,211,15,17815
2025-07-11,30,com.thomaskioko.tvmaniac.discover.implementation,DefaultTrendingShowsDao,deleteTrendingShow,1,0,0.0,1,1.0,0,1,1,0,3,0,1,0,0.5,0,1,0,1,1.0,1,2.0,1,0,0.0,0,1.0,0.5,23,13,0.0,5,1,6,1,0,5,1,0,1,0,0,1,0,0,0,0,6,0.7333333333333334,6,1.0,6,6,1,0,6,0,0,6,0,1,0,0,0,0,0,6,6,114,657,537,4,0,0,20,1.0,11,1,302,119,211,15,17815
2025-07-11,30,com.thomaskioko.tvmaniac.discover.implementation,DefaultTrendingShowsDao,deleteTrendingShows,1,0,0.0,1,1.0,0,1,1,0,3,0,1,0,1.0,0,1,0,2,1.0,0,2.0,0,0,0.0,0,1.0,0.5,23,13,0.0,5,1,6,1,0,5,1,0,1,0,0,1,0,0,0,0,6,0.7333333333333334,6,1.0,6,6,1,0,6,0,0,6,0,1,0,0,0,0,0,6,6,114,657,537,4,0,0,20,1.0,11,1,302,119,211,15,17815
2025-07-11,30,com.thomaskioko.tvmaniac.discover.implementation,DefaultTrendingShowsRepository,observeTrendingShows,2,1,0.0,1,1.0,0,3,1,0,4,0,2,1,0.0,2,0,0,6,0.0,0,3.5,1,0,0.0,0,0.0,1.0,43,28,0.25,7,0,2,1,0,6,1,0,0,0,0,0,0,0,0,0,8,0.6666666666666667,8,1.1428571428571428,7,2,0,0,2,5,0,2,0,1,0,0,0,0,0,7,7,114,657,537,4,0,1,26,2.4285714285714284,11,1,302,119,211,15,17815
2025-07-11,30,com.thomaskioko.tvmaniac.discover.implementation,DefaultTrendingShowsRepository,getPagedTrendingShows,2,0,0.0,1,1.0,0,3,1,0,3,0,2,1,0.0,1,0,0,2,0.0,0,2.0,1,0,0.0,0,0.0,1.0,43,28,0.25,7,0,2,1,0,6,1,0,0,0,0,0,0,0,0,0,8,0.6666666666666667,8,1.1428571428571428,7,2,0,0,2,5,0,2,0,1,0,0,0,0,0,7,7,114,657,537,4,0,1,26,2.4285714285714284,11,1,302,119,211,15,17815
2025-07-11,30,com.thomaskioko.tvmaniac.discover.implementation,DefaultTrendingShowsRepository,fetchPage,8,1,2.0,4,0.75,0,3,1,0,16,1,8,1,0.0,2,0,0,7,0.0,1,2.0,2,0,0.0,0,0.0,1.0,43,28,0.25,7,0,2,1,0,6,1,0,0,0,0,0,0,0,0,0,8,0.6666666666666667,8,1.1428571428571428,7,2,0,0,2,5,0,2,0,1,0,0,0,0,0,7,7,114,657,537,4,0,1,26,2.4285714285714284,11,1,302,119,211,15,17815
2025-07-11,30,com.thomaskioko.tvmaniac.discover.implementation,DefaultTrendingShowsRepository,shouldFetchPage,2,1,0.0,1,1.0,0,3,1,0,5,1,2,1,0.0,1,0,0,3,0.0,1,2.0,2,0,0.0,0,0.0,1.0,43,28,0.25,7,0,2,1,0,6,1,0,0,0,0,0,0,0,0,0,8,0.6666666666666667,8,1.1428571428571428,7,2,0,0,2,5,0,2,0,1,0,0,0,0,0,7,7,114,657,537,4,0,1,26,2.4285714285714284,11,1,302,119,211,15,17815
2025-07-11,30,com.thomaskioko.tvmaniac.discover.implementation,DefaultTrendingShowsRepository,isRequestExpired,1,0,0.0,0,0.0,0,3,1,0,3,0,1,0,0.0,1,0,0,4,0.0,0,2.0,1,0,0.0,0,0.0,1.0,43,28,0.25,7,0,2,1,0,6,1,0,0,0,0,0,0,0,0,0,8,0.6666666666666667,8,1.1428571428571428,7,2,0,0,2,5,0,2,0,1,0,0,0,0,0,7,7,114,657,537,4,0,1,26,2.4285714285714284,11,1,302,119,211,15,17815
2025-07-11,30,com.thomaskioko.tvmaniac.discover.implementation,DefaultTrendingShowsRepository,updateRequestManager,1,0,0.0,1,1.0,0,3,1,0,3,0,1,0,0.0,0,0,1,3,0.0,0,2.0,1,1,0.0,0,0.0,1.0,43,28,0.25,7,0,2,1,0,6,1,0,0,0,0,0,0,0,0,0,8,0.6666666666666667,8,1.1428571428571428,7,2,0,0,2,5,0,2,0,1,0,0,0,0,0,7,7,114,657,537,4,0,1,26,2.4285714285714284,11,1,302,119,211,15,17815
2025-07-11,30,com.thomaskioko.tvmaniac.discover.implementation,DefaultTrendingShowsRepository,getShows,1,0,0.0,1,1.0,0,3,1,0,1,0,1,0,0.0,0,0,0,1,0.0,1,2.0,0,0,0.0,0,0.0,1.0,43,28,0.25,7,0,2,1,0,6,1,0,0,0,0,0,0,0,0,0,8,0.6666666666666667,8,1.1428571428571428,7,2,0,0,2,5,0,2,0,1,0,0,0,0,0,7,7,114,657,537,4,0,1,26,2.4285714285714284,11,1,302,119,211,15,17815
2025-07-11,30,com.thomaskioko.tvmaniac.discover.implementation,TrendingShowsComponent,provideTrendingShowsDao,1,0,0.0,0,0.0,0,0,1,0,1,0,1,0,0.0,0,0,0,0,0.0,0,0.0,1,0,0.0,0,0.0,0.0,5,2,0.0,2,0,0,0,0,4,0,0,0,0,0,0,0,0,0,0,2,0.0,2,1.0,2,0,0,0,2,0,0,2,0,1,0,0,0,0,0,2,2,114,657,537,4,0,0,0,1.0,11,1,302,119,211,15,17815
2025-07-11,30,com.thomaskioko.tvmaniac.discover.implementation,TrendingShowsComponent,provideTrendingShowsRepository,1,0,0.0,0,0.0,0,0,1,0,1,0,1,0,0.0,0,0,0,0,0.0,0,0.0,1,0,0.0,0,0.0,0.0,5,2,0.0,2,0,0,0,0,4,0,0,0,0,0,0,0,0,0,0,2,0.0,2,1.0,2,0,0,0,2,0,0,2,0,1,0,0,0,0,0,2,2,114,657,537,4,0,0,0,1.0,11,1,302,119,211,15,17815
2025-07-11,30,com.thomaskioko.tvmaniac.data.trendingshows.testing,FakeTrendingShowsRepository,setTrendingShows,1,0,0.0,1,1.0,1,3,1,0,3,0,1,0,0.5,0,1,0,1,1.0,1,2.0,1,0,0.0,0,0.3333333333333333,0.0,21,3,0.0,3,2,2,1,0,5,2,0,2,0,0,0,0,0,2,0,4,1.0,4,1.0,4,2,2,0,4,0,0,4,0,1,0,0,0,0,0,4,4,114,657,537,1,0,0,4,1.0,1,0,37,119,211,4,17815
2025-07-11,30,com.thomaskioko.tvmaniac.data.trendingshows.testing,FakeTrendingShowsRepository,setPagedData,1,0,0.0,1,1.0,1,3,1,0,3,0,1,0,0.5,0,1,0,1,1.0,1,2.0,1,0,0.0,0,0.3333333333333333,0.0,21,3,0.0,3,2,2,1,0,5,2,0,2,0,0,0,0,0,2,0,4,1.0,4,1.0,4,2,2,0,4,0,0,4,0,1,0,0,0,0,0,4,4,114,657,537,1,0,0,4,1.0,1,0,37,119,211,4,17815
2025-07-11,30,com.thomaskioko.tvmaniac.data.trendingshows.testing,FakeTrendingShowsRepository,observeTrendingShows,1,0,0.0,1,1.0,1,3,1,0,3,0,1,0,1.0,0,1,0,1,1.0,1,2.0,1,0,0.0,0,0.3333333333333333,0.0,21,3,0.0,3,2,2,1,0,5,2,0,2,0,0,0,0,0,2,0,4,1.0,4,1.0,4,2,2,0,4,0,0,4,0,1,0,0,0,0,0,4,4,114,657,537,1,0,0,4,1.0,1,0,37,119,211,4,17815
2025-07-11,30,com.thomaskioko.tvmaniac.data.trendingshows.testing,FakeTrendingShowsRepository,getPagedTrendingShows,1,0,0.0,1,1.0,1,3,1,0,3,0,1,0,1.0,0,1,0,1,1.0,1,2.0,1,0,0.0,0,0.3333333333333333,0.0,21,3,0.0,3,2,2,1,0,5,2,0,2,0,0,0,0,0,2,0,4,1.0,4,1.0,4,2,2,0,4,0,0,4,0,1,0,0,0,0,0,4,4,114,657,537,1,0,0,4,1.0,1,0,37,119,211,4,17815
2025-07-11,30,com.thomaskioko.tvmaniac.data.upcomingshows.implementation,DefaultUpcomingShowsDao,upsert,1,0,0.0,1,1.0,0,1,1,0,3,0,1,0,0.5,0,1,0,4,1.0,0,2.0,1,0,0.0,0,1.0,0.5,23,13,0.0,5,1,6,1,0,5,1,0,1,0,0,1,0,0,0,0,6,0.7333333333333334,6,1.0,6,6,1,0,6,0,0,6,0,1,0,0,0,0,0,6,6,114,657,537,5,0,0,20,1.0,11,1,311,119,211,15,17815
2025-07-11,30,com.thomaskioko.tvmaniac.data.upcomingshows.implementation,DefaultUpcomingShowsDao,observeUpcomingShows,1,0,0.0,1,1.0,0,1,1,0,1,0,1,0,1.0,0,1,0,6,1.0,0,2.5,0,0,0.0,0,1.0,0.5,23,13,0.0,5,1,6,1,0,5,1,0,1,0,0,1,0,0,0,0,6,0.7333333333333334,6,1.0,6,6,1,0,6,0,0,6,0,1,0,0,0,0,0,6,6,114,657,537,5,0,0,20,1.0,11,1,311,119,211,15,17815
2025-07-11,30,com.thomaskioko.tvmaniac.data.upcomingshows.implementation,DefaultUpcomingShowsDao,getPagedUpcomingShows,1,0,0.0,1,1.0,0,1,1,0,1,0,1,0,1.0,0,1,0,5,1.0,0,2.0,0,0,0.0,0,1.0,0.5,23,13,0.0,5,1,6,1,0,5,1,0,1,0,0,1,0,0,0,0,6,0.7333333333333334,6,1.0,6,6,1,0,6,0,0,6,0,1,0,0,0,0,0,6,6,114,657,537,5,0,0,20,1.0,11,1,311,119,211,15,17815
2025-07-11,30,com.thomaskioko.tvmaniac.data.upcomingshows.implementation,DefaultUpcomingShowsDao,pageExists,1,0,0.0,0,0.0,0,1,1,0,3,0,1,0,0.5,1,1,0,2,1.0,2,3.0,1,0,0.0,0,1.0,0.5,23,13,0.0,5,1,6,1,0,5,1,0,1,0,0,1,0,0,0,0,6,0.7333333333333334,6,1.0,6,6,1,0,6,0,0,6,0,1,0,0,0,0,0,6,6,114,657,537,5,0,0,20,1.0,11,1,311,119,211,15,17815
2025-07-11,30,com.thomaskioko.tvmaniac.data.upcomingshows.implementation,DefaultUpcomingShowsDao,deleteUpcomingShow,1,0,0.0,1,1.0,0,1,1,0,3,0,1,0,0.5,0,1,0,1,1.0,1,2.0,1,0,0.0,0,1.0,0.5,23,13,0.0,5,1,6,1,0,5,1,0,1,0,0,1,0,0,0,0,6,0.7333333333333334,6,1.0,6,6,1,0,6,0,0,6,0,1,0,0,0,0,0,6,6,114,657,537,5,0,0,20,1.0,11,1,311,119,211,15,17815
2025-07-11,30,com.thomaskioko.tvmaniac.data.upcomingshows.implementation,DefaultUpcomingShowsDao,deleteUpcomingShows,1,0,0.0,1,1.0,0,1,1,0,3,0,1,0,1.0,0,1,0,2,1.0,0,2.0,0,0,0.0,0,1.0,0.5,23,13,0.0,5,1,6,1,0,5,1,0,1,0,0,1,0,0,0,0,6,0.7333333333333334,6,1.0,6,6,1,0,6,0,0,6,0,1,0,0,0,0,0,6,6,114,657,537,5,0,0,20,1.0,11,1,311,119,211,15,17815
2025-07-11,30,com.thomaskioko.tvmaniac.data.upcomingshows.implementation,DefaultUpcomingShowsRepository,observeUpcomingShows,2,1,0.0,2,1.0,0,3,1,0,4,0,2,1,0.75,2,1,0,6,0.5,0,3.0,1,0,0.0,0,0.047619047619047616,1.0,45,28,0.25,6,1,2,1,0,7,1,0,1,0,0,1,0,0,0,0,8,0.9047619047619048,8,1.1428571428571428,7,2,0,0,0,0,0,0,0,2,0,0,0,0,0,7,7,114,657,537,5,0,1,28,2.4285714285714284,11,1,311,119,211,15,17815
2025-07-11,30,com.thomaskioko.tvmaniac.data.upcomingshows.implementation,DefaultUpcomingShowsRepository,getPagedUpcomingShows,2,0,0.0,1,1.0,0,3,1,0,3,0,2,1,0.0,1,0,0,1,0.0,0,2.0,1,0,0.0,0,0.047619047619047616,1.0,45,28,0.25,6,1,2,1,0,7,1,0,1,0,0,1,0,0,0,0,8,0.9047619047619048,8,1.1428571428571428,7,2,0,0,0,0,0,0,0,2,0,0,0,0,0,7,7,114,657,537,5,0,1,28,2.4285714285714284,11,1,311,119,211,15,17815
2025-07-11,30,com.thomaskioko.tvmaniac.data.upcomingshows.implementation,DefaultUpcomingShowsRepository,fetchPage,8,1,2.0,4,0.75,0,3,1,0,16,1,8,1,0.0,2,0,0,12,0.0,1,2.5,2,0,0.0,0,0.047619047619047616,1.0,45,28,0.25,6,1,2,1,0,7,1,0,1,0,0,1,0,0,0,0,8,0.9047619047619048,8,1.1428571428571428,7,2,0,0,0,0,0,0,0,2,0,0,0,0,0,7,7,114,657,537,5,0,1,28,2.4285714285714284,11,1,311,119,211,15,17815
2025-07-11,30,com.thomaskioko.tvmaniac.data.upcomingshows.implementation,DefaultUpcomingShowsRepository,shouldFetchPage,2,1,0.0,1,1.0,0,3,1,0,5,1,2,1,0.0,1,0,0,3,0.0,1,2.0,2,0,0.0,0,0.047619047619047616,1.0,45,28,0.25,6,1,2,1,0,7,1,0,1,0,0,1,0,0,0,0,8,0.9047619047619048,8,1.1428571428571428,7,2,0,0,0,0,0,0,0,2,0,0,0,0,0,7,7,114,657,537,5,0,1,28,2.4285714285714284,11,1,311,119,211,15,17815
2025-07-11,30,com.thomaskioko.tvmaniac.data.upcomingshows.implementation,DefaultUpcomingShowsRepository,isRequestExpired,1,0,0.0,0,0.0,0,3,1,0,3,0,1,0,0.0,1,0,0,3,0.0,0,2.0,1,0,0.0,0,0.047619047619047616,1.0,45,28,0.25,6,1,2,1,0,7,1,0,1,0,0,1,0,0,0,0,8,0.9047619047619048,8,1.1428571428571428,7,2,0,0,0,0,0,0,0,2,0,0,0,0,0,7,7,114,657,537,5,0,1,28,2.4285714285714284,11,1,311,119,211,15,17815
2025-07-11,30,com.thomaskioko.tvmaniac.data.upcomingshows.implementation,DefaultUpcomingShowsRepository,updateRequestManager,1,0,0.0,1,1.0,0,3,1,0,3,0,1,0,0.0,0,0,1,2,0.0,0,2.0,1,1,0.0,0,0.047619047619047616,1.0,45,28,0.25,6,1,2,1,0,7,1,0,1,0,0,1,0,0,0,0,8,0.9047619047619048,8,1.1428571428571428,7,2,0,0,0,0,0,0,0,2,0,0,0,0,0,7,7,114,657,537,5,0,1,28,2.4285714285714284,11,1,311,119,211,15,17815
2025-07-11,30,com.thomaskioko.tvmaniac.data.upcomingshows.implementation,DefaultUpcomingShowsRepository,getShows,1,0,0.0,1,1.0,0,3,1,0,1,0,1,0,1.0,0,0,0,1,1.0,1,2.0,1,0,0.0,0,0.047619047619047616,1.0,45,28,0.25,6,1,2,1,0,7,1,0,1,0,0,1,0,0,0,0,8,0.9047619047619048,8,1.1428571428571428,7,2,0,0,0,0,0,0,0,2,0,0,0,0,0,7,7,114,657,537,5,0,1,28,2.4285714285714284,11,1,311,119,211,15,17815
2025-07-11,30,com.thomaskioko.tvmaniac.data.upcomingshows.implementation,UpcomingShowsComponent,provideUpcomingShowsDao,1,0,0.0,0,0.0,0,0,1,0,1,0,1,0,0.0,0,0,0,0,0.0,0,0.0,1,0,0.0,0,0.0,0.0,5,2,0.0,2,0,0,0,0,4,0,0,0,0,0,0,0,0,0,0,2,0.0,2,1.0,2,0,0,0,2,0,0,2,0,1,0,0,0,0,0,2,2,114,657,537,5,0,0,0,1.0,11,1,311,119,211,15,17815
2025-07-11,30,com.thomaskioko.tvmaniac.data.upcomingshows.implementation,UpcomingShowsComponent,provideUpcomingShowsRepository,1,0,0.0,0,0.0,0,0,1,0,1,0,1,0,0.0,0,0,0,0,0.0,0,0.0,1,0,0.0,0,0.0,0.0,5,2,0.0,2,0,0,0,0,4,0,0,0,0,0,0,0,0,0,0,2,0.0,2,1.0,2,0,0,0,2,0,0,2,0,1,0,0,0,0,0,2,2,114,657,537,5,0,0,0,1.0,11,1,311,119,211,15,17815
2025-07-11,30,com.thomaskioko.tvmaniac.data.upcomingshows.testing,FakeUpcomingShowsRepository,setUpcomingShows,1,0,0.0,1,1.0,1,3,1,0,3,0,1,0,0.5,0,1,0,1,1.0,1,2.0,1,0,0.0,0,0.3333333333333333,0.0,21,3,0.0,3,2,2,1,0,5,2,0,2,0,0,0,0,0,2,0,4,1.0,4,1.0,4,2,2,0,4,0,0,4,0,1,0,0,0,0,0,4,4,114,657,537,1,0,0,4,1.0,1,0,37,119,211,4,17815
2025-07-11,30,com.thomaskioko.tvmaniac.data.upcomingshows.testing,FakeUpcomingShowsRepository,setPagedData,1,0,0.0,1,1.0,1,3,1,0,3,0,1,0,0.5,0,1,0,1,1.0,1,2.0,1,0,0.0,0,0.3333333333333333,0.0,21,3,0.0,3,2,2,1,0,5,2,0,2,0,0,0,0,0,2,0,4,1.0,4,1.0,4,2,2,0,4,0,0,4,0,1,0,0,0,0,0,4,4,114,657,537,1,0,0,4,1.0,1,0,37,119,211,4,17815
2025-07-11,30,com.thomaskioko.tvmaniac.data.upcomingshows.testing,FakeUpcomingShowsRepository,observeUpcomingShows,1,0,0.0,1,1.0,1,3,1,0,3,0,1,0,1.0,0,1,0,1,1.0,1,2.0,1,0,0.0,0,0.3333333333333333,0.0,21,3,0.0,3,2,2,1,0,5,2,0,2,0,0,0,0,0,2,0,4,1.0,4,1.0,4,2,2,0,4,0,0,4,0,1,0,0,0,0,0,4,4,114,657,537,1,0,0,4,1.0,1,0,37,119,211,4,17815
2025-07-11,30,com.thomaskioko.tvmaniac.data.upcomingshows.testing,FakeUpcomingShowsRepository,getPagedUpcomingShows,1,0,0.0,1,1.0,1,3,1,0,3,0,1,0,1.0,0,1,0,1,1.0,1,2.0,1,0,0.0,0,0.3333333333333333,0.0,21,3,0.0,3,2,2,1,0,5,2,0,2,0,0,0,0,0,2,0,4,1.0,4,1.0,4,2,2,0,4,0,0,4,0,1,0,0,0,0,0,4,4,114,657,537,1,0,0,4,1.0,1,0,37,119,211,4,17815
2025-07-11,30,com.thomaskioko.tvmaniac.data.watchproviders.implementation,DefaultWatchProviderDao,upsert,1,0,0.0,1,1.0,0,0,1,0,3,0,1,0,0.0,1,0,1,6,0.0,0,2.2,1,1,0.0,0,0.0,0.2,17,11,0.0,5,0,5,1,0,4,1,0,0,0,0,0,0,0,0,0,5,1.0,5,1.0,5,5,0,0,5,0,0,5,0,1,0,0,0,0,0,5,5,114,657,537,4,0,3,19,1.0,8,1,190,119,211,8,17815
2025-07-11,30,com.thomaskioko.tvmaniac.data.watchproviders.implementation,DefaultWatchProviderDao,fetchWatchProviders,1,0,0.0,1,1.0,0,0,1,0,1,0,1,0,0.0,0,0,0,3,0.0,0,4.0,1,0,0.0,0,0.0,0.2,17,11,0.0,5,0,5,1,0,4,1,0,0,0,0,0,0,0,0,0,5,1.0,5,1.0,5,5,0,0,5,0,0,5,0,1,0,0,0,0,0,5,5,114,657,537,4,0,3,19,1.0,8,1,190,119,211,8,17815
2025-07-11,30,com.thomaskioko.tvmaniac.data.watchproviders.implementation,DefaultWatchProviderDao,observeWatchProviders,1,0,0.0,1,1.0,0,0,1,0,1,0,1,0,0.0,0,0,0,5,0.0,0,6.0,1,0,0.0,0,0.0,0.2,17,11,0.0,5,0,5,1,0,4,1,0,0,0,0,0,0,0,0,0,5,1.0,5,1.0,5,5,0,0,5,0,0,5,0,1,0,0,0,0,0,5,5,114,657,537,4,0,3,19,1.0,8,1,190,119,211,8,17815
2025-07-11,30,com.thomaskioko.tvmaniac.data.watchproviders.implementation,DefaultWatchProviderDao,delete,1,0,0.0,1,1.0,0,0,1,0,3,0,1,0,0.0,1,0,1,2,0.0,0,3.0,1,1,0.0,0,0.0,0.2,17,11,0.0,5,0,5,1,0,4,1,0,0,0,0,0,0,0,0,0,5,1.0,5,1.0,5,5,0,0,5,0,0,5,0,1,0,0,0,0,0,5,5,114,657,537,4,0,3,19,1.0,8,1,190,119,211,8,17815
2025-07-11,30,com.thomaskioko.tvmaniac.data.watchproviders.implementation,DefaultWatchProviderDao,deleteAll,1,0,0.0,1,1.0,0,0,1,0,3,0,1,0,0.0,1,0,1,3,0.0,0,2.5,0,1,0.0,0,0.0,0.2,17,11,0.0,5,0,5,1,0,4,1,0,0,0,0,0,0,0,0,0,5,1.0,5,1.0,5,5,0,0,5,0,0,5,0,1,0,0,0,0,0,5,5,114,657,537,4,0,3,19,1.0,8,1,190,119,211,8,17815
2025-07-11,30,com.thomaskioko.tvmaniac.data.watchproviders.implementation,DefaultWatchProviderRepository,observeWatchProviders,2,0,0.0,1,1.0,0,0,1,0,3,0,2,0,0.0,0,0,0,8,0.0,0,3.0,2,0,0.0,0,0.0,1.0,5,3,0.0,1,0,1,1,0,3,0,0,0,0,0,0,0,0,0,0,1,0.0,1,1.0,1,1,0,0,1,0,0,1,0,1,0,0,0,0,0,1,1,114,657,537,4,0,0,8,2.0,8,1,190,119,211,8,17815
2025-07-11,30,com.thomaskioko.tvmaniac.data.watchproviders.implementation,WatchProviderComponent,provideWatchProviderDao,1,0,0.0,0,0.0,0,0,1,0,1,0,1,0,0.0,0,0,0,0,0.0,0,0.0,1,0,0.0,0,0.0,0.0,5,2,0.0,2,0,0,0,0,4,0,0,0,0,0,0,0,0,0,0,2,0.0,2,1.0,2,0,0,0,2,0,0,2,0,1,0,0,0,0,0,2,2,114,657,537,4,0,0,0,1.0,8,1,190,119,211,8,17815
2025-07-11,30,com.thomaskioko.tvmaniac.data.watchproviders.implementation,WatchProviderComponent,provideWatchProviderRepository,1,0,0.0,0,0.0,0,0,1,0,1,0,1,0,0.0,0,0,0,0,0.0,0,0.0,1,0,0.0,0,0.0,0.0,5,2,0.0,2,0,0,0,0,4,0,0,0,0,0,0,0,0,0,0,2,0.0,2,1.0,2,0,0,0,2,0,0,2,0,1,0,0,0,0,0,2,2,114,657,537,4,0,0,0,1.0,8,1,190,119,211,8,17815
2025-07-11,30,com.thomaskioko.tvmaniac.data.watchproviders.testing,FakeWatchProviderRepository,setWatchProvidersResult,1,0,0.0,1,1.0,1,1,1,0,3,0,1,0,0.5,0,1,0,1,1.0,1,2.0,1,0,0.0,0,1.0,0.0,9,1,0.0,2,1,1,1,0,4,1,0,1,0,0,0,0,0,1,0,2,1.0,2,1.0,2,1,1,0,2,0,0,2,0,1,0,0,0,0,0,2,2,114,657,537,1,0,0,2,1.0,1,0,25,119,211,2,17815
2025-07-11,30,com.thomaskioko.tvmaniac.data.watchproviders.testing,FakeWatchProviderRepository,observeWatchProviders,1,0,0.0,1,1.0,1,1,1,0,1,0,1,0,1.0,0,1,0,1,0.5,1,2.0,2,0,0.0,0,1.0,0.0,9,1,0.0,2,1,1,1,0,4,1,0,1,0,0,0,0,0,1,0,2,1.0,2,1.0,2,1,1,0,2,0,0,2,0,1,0,0,0,0,0,2,2,114,657,537,1,0,0,2,1.0,1,0,25,119,211,2,17815
2025-07-11,30,com.thomaskioko.tvmaniac.db,DatabasePlatformComponent,provideSqlDriver,1,0,0.0,1,1.0,0,0,1,0,1,0,1,0,0.0,0,0,0,2,0.0,0,2.0,1,0,0.0,0,0.0,1.0,3,1,0.0,1,0,0,0,0,2,0,0,0,0,0,0,0,0,0,0,1,0.0,1,1.0,1,0,0,0,1,0,0,1,0,1,0,0,0,0,0,1,1,114,657,537,20,0,0,2,1.0,8,6,272,119,211,4,17815
2025-07-11,30,com.thomaskioko.tvmaniac.db,IdAdapter,decode,1,0,0.0,0,0.0,0,0,1,0,1,0,1,0,0.0,0,0,0,1,0.0,0,0.0,1,0,0.0,0,0.0,0.5,5,2,0.0,2,0,2,1,0,2,0,0,0,0,0,0,0,0,0,0,2,1.0,2,1.0,2,2,0,0,2,0,0,2,0,1,0,0,0,0,0,2,2,114,657,537,20,0,0,1,1.0,8,6,272,119,211,4,17815
2025-07-11,30,com.thomaskioko.tvmaniac.db,IdAdapter,encode,1,0,0.0,0,0.0,0,0,1,0,1,0,1,0,0.0,0,0,0,0,0.0,0,2.0,1,0,0.0,0,0.0,0.5,5,2,0.0,2,0,2,1,0,2,0,0,0,0,0,0,0,0,0,0,2,1.0,2,1.0,2,2,0,0,2,0,0,2,0,1,0,0,0,0,0,2,2,114,657,537,20,0,0,1,1.0,8,6,272,119,211,4,17815
2025-07-11,30,com.thomaskioko.tvmaniac.core.db,EpisodesCacheTest,insertEpisodes_andEpisodeByEpisodeId_returnsExpectedData,1,2,1.0,2,1.0,1,0,1,0,11,0,1,0,1.0,2,1,1,4,0.5,2,2.2,0,1,0.0,0,0.3333333333333333,0.6666666666666666,23,17,0.3333333333333333,3,1,0,1,0,0,4,0,1,0,0,1,0,0,0,0,3,1.0,3,1.0,3,0,1,0,1,2,0,1,0,1,0,0,0,0,0,3,3,114,657,537,2,0,1,5,1.0,8,0,243,119,211,8,17815
2025-07-11,30,com.thomaskioko.tvmaniac.core.db,EpisodesCacheTest,insertEpisodeEntityQuery,1,0,0.0,0,0.0,1,0,1,0,3,0,1,0,0.0,2,0,1,1,0.0,1,2.0,0,1,0.0,0,0.3333333333333333,0.6666666666666666,23,17,0.3333333333333333,3,1,0,1,0,0,4,0,1,0,0,1,0,0,0,0,3,1.0,3,1.0,3,0,1,0,1,2,0,1,0,1,0,0,0,0,0,3,3,114,657,537,2,0,1,5,1.0,8,0,243,119,211,8,17815
2025-07-11,30,com.thomaskioko.tvmaniac.core.db,EpisodesCacheTest,insertEpisodeEntityQuery,1,0,0.0,1,1.0,1,0,1,0,3,0,1,0,1.0,0,1,0,1,1.0,1,2.0,0,0,0.0,0,0.3333333333333333,0.6666666666666666,23,17,0.3333333333333333,3,1,0,1,0,0,4,0,1,0,0,1,0,0,0,0,3,1.0,3,1.0,3,0,1,0,1,2,0,1,0,1,0,0,0,0,0,3,3,114,657,537,2,0,1,5,1.0,8,0,243,119,211,8,17815
2025-07-11,30,com.thomaskioko.tvmaniac.core.db,TvShowCacheTest,insertTvShow,2,2,2.0,2,1.0,1,0,1,0,9,1,2,0,1.0,2,1,1,7,0.5,2,2.2,0,1,0.0,0,0.2,0.8,39,29,0.6,5,2,0,1,0,0,7,0,2,0,0,2,0,0,0,0,6,0.7,6,1.2,5,0,2,0,2,3,0,2,0,1,0,0,0,0,0,5,5,114,657,537,2,0,3,17,1.2,8,0,243,119,211,8,17815
2025-07-11,30,com.thomaskioko.tvmaniac.core.db,TvShowCacheTest,verify_selectByShowId_returnTvShowEntity_afterInsertHasBeenDone,1,2,1.0,2,1.0,1,0,1,0,11,0,1,0,1.0,1,1,1,7,0.5,1,2.1666666666666665,0,1,0.0,0,0.2,0.8,39,29,0.6,5,2,0,1,0,0,7,0,2,0,0,2,0,0,0,0,6,0.7,6,1.2,5,0,2,0,2,3,0,2,0,1,0,0,0,0,0,5,5,114,657,537,2,0,3,17,1.2,8,0,243,119,211,8,17815
2025-07-11,30,com.thomaskioko.tvmaniac.core.db,TvShowCacheTest,insertTvShowsEntityList,1,0,1.0,0,0.0,1,0,1,0,3,0,1,0,0.0,1,0,1,1,0.0,1,2.0,0,1,0.0,0,0.2,0.8,39,29,0.6,5,2,0,1,0,0,7,0,2,0,0,2,0,0,0,0,6,0.7,6,1.2,5,0,2,0,2,3,0,2,0,1,0,0,0,0,0,5,5,114,657,537,2,0,3,17,1.2,8,0,243,119,211,8,17815
2025-07-11,30,com.thomaskioko.tvmaniac.core.db,TvShowCacheTest,insertTvShowQuery,1,0,0.0,1,1.0,1,0,1,0,3,0,1,0,1.0,0,1,0,1,1.0,1,2.0,0,0,0.0,0,0.2,0.8,39,29,0.6,5,2,0,1,0,0,7,0,2,0,0,2,0,0,0,0,6,0.7,6,1.2,5,0,2,0,2,3,0,2,0,1,0,0,0,0,0,5,5,114,657,537,2,0,3,17,1.2,8,0,243,119,211,8,17815
2025-07-11,30,com.thomaskioko.tvmaniac.core.db,TvShowCacheTest,insert,1,0,0.0,0,0.0,1,0,1,0,3,0,1,0,1.0,1,1,0,1,1.0,1,2.0,0,0,0.0,0,0.2,0.8,39,29,0.6,5,2,0,1,0,0,7,0,2,0,0,2,0,0,0,0,6,0.7,6,1.2,5,0,2,0,2,3,0,2,0,1,0,0,0,0,0,5,5,114,657,537,2,0,3,17,1.2,8,0,243,119,211,8,17815
2025-07-11,30,com.thomaskioko.tvmaniac.db,DatabasePlatformComponent,provideSqlDriver,1,0,0.0,1,1.0,0,0,1,0,1,0,1,0,0.0,0,0,0,2,0.0,0,2.0,0,0,0.0,0,0.0,0.0,3,1,0.0,1,0,0,0,0,1,0,0,0,0,0,0,0,0,0,0,1,0.0,1,1.0,1,0,0,0,1,0,0,1,0,1,0,0,0,0,0,1,1,114,657,537,20,0,0,2,1.0,8,6,272,119,211,4,17815
2025-07-11,30,com.thomaskioko.tvmaniac.datastore.implementation,DataStorePlatformComponent,provideDataStore,1,0,0.0,1,1.0,0,0,1,0,1,0,1,0,0.0,0,0,0,4,0.0,0,3.0,2,0,0.0,0,0.0,1.0,3,1,0.0,1,0,0,0,0,3,0,0,0,0,0,0,0,0,0,0,1,0.0,1,1.0,1,0,0,0,1,0,0,1,0,1,0,0,0,0,0,1,1,114,657,537,9,0,0,4,1.0,9,5,206,119,211,8,17815
2025-07-11,30,com.thomaskioko.tvmaniac.datastore.implementation,DefaultDatastoreRepository,saveTheme,1,0,0.0,0,0.0,0,1,1,0,3,0,1,0,0.0,0,0,1,0,0.0,0,2.3333333333333335,1,1,0.0,0,0.0,0.8333333333333334,47,23,0.0,6,0,6,1,0,5,1,0,0,0,4,4,4,4,0,0,6,0.4,6,1.0,6,6,0,0,6,0,0,6,2,1,0,0,0,0,0,6,6,114,657,537,9,0,3,8,1.6666666666666667,9,5,206,119,211,8,17815
2025-07-11,30,com.thomaskioko.tvmaniac.datastore.implementation,DefaultDatastoreRepository,observeTheme,3,0,0.0,1,1.0,0,1,1,0,5,1,3,0,0.0,0,0,0,2,0.0,0,2.5,0,0,0.0,0,0.0,0.8333333333333334,47,23,0.0,6,0,6,1,0,5,1,0,0,0,4,4,4,4,0,0,6,0.4,6,1.0,6,6,0,0,6,0,0,6,2,1,0,0,0,0,0,6,6,114,657,537,9,0,3,8,1.6666666666666667,9,5,206,119,211,8,17815
2025-07-11,30,com.thomaskioko.tvmaniac.datastore.implementation,DefaultDatastoreRepository,saveAuthState,1,0,0.0,0,0.0,0,1,1,0,7,0,1,0,0.0,0,0,1,0,0.0,0,2.2,1,1,0.0,0,0.0,0.8333333333333334,47,23,0.0,6,0,6,1,0,5,1,0,0,0,4,4,4,4,0,0,6,0.4,6,1.0,6,6,0,0,6,0,0,6,2,1,0,0,0,0,0,6,6,114,657,537,9,0,3,8,1.6666666666666667,9,5,206,119,211,8,17815
2025-07-11,30,com.thomaskioko.tvmaniac.datastore.implementation,DefaultDatastoreRepository,getAuthState,3,0,0.0,1,1.0,0,1,1,0,7,0,3,0,0.0,0,0,0,3,0.0,0,3.0,0,0,0.0,0,0.0,0.8333333333333334,47,23,0.0,6,0,6,1,0,5,1,0,0,0,4,4,4,4,0,0,6,0.4,6,1.0,6,6,0,0,6,0,0,6,2,1,0,0,0,0,0,6,6,114,657,537,9,0,3,8,1.6666666666666667,9,5,206,119,211,8,17815
2025-07-11,30,com.thomaskioko.tvmaniac.datastore.implementation,DefaultDatastoreRepository,clearAuthState,1,0,0.0,1,1.0,0,1,1,0,7,0,1,0,0.0,0,0,1,1,0.0,1,2.2,0,1,0.0,0,0.0,0.8333333333333334,47,23,0.0,6,0,6,1,0,5,1,0,0,0,4,4,4,4,0,0,6,0.4,6,1.0,6,6,0,0,6,0,0,6,2,1,0,0,0,0,0,6,6,114,657,537,9,0,3,8,1.6666666666666667,9,5,206,119,211,8,17815
2025-07-11,30,com.thomaskioko.tvmaniac.datastore.implementation,DefaultDatastoreRepository,observeAuthState,1,0,0.0,1,1.0,0,1,1,0,1,0,1,0,0.0,0,0,0,2,0.0,0,3.0,0,0,0.0,0,0.0,0.8333333333333334,47,23,0.0,6,0,6,1,0,5,1,0,0,0,4,4,4,4,0,0,6,0.4,6,1.0,6,6,0,0,6,0,0,6,2,1,0,0,0,0,0,6,6,114,657,537,9,0,3,8,1.6666666666666667,9,5,206,119,211,8,17815
2025-07-11,30,com.thomaskioko.tvmaniac.datastore.implemetation,DatastoreRepositoryImplTest,clearDataStore,1,0,0.0,2,1.0,0,0,1,0,4,0,1,0,1.0,0,2,0,3,2.0,1,2.0,0,0,0.0,0,0.3333333333333333,0.0,24,10,0.0,3,5,0,0,0,0,0,0,5,0,0,4,0,0,1,0,3,0.0,3,1.0,3,0,5,0,3,0,0,3,0,1,0,0,0,0,0,3,3,114,657,537,1,0,0,12,1.0,3,0,71,119,211,3,17815
2025-07-11,30,com.thomaskioko.tvmaniac.datastore.implemetation,DatastoreRepositoryImplTest,default_theme_is_emitted,1,0,0.0,1,1.0,0,0,1,0,1,0,1,0,1.0,0,1,0,3,1.0,0,2.5,0,0,0.0,0,0.3333333333333333,0.0,24,10,0.0,3,5,0,0,0,0,0,0,5,0,0,4,0,0,1,0,3,0.0,3,1.0,3,0,5,0,3,0,0,3,0,1,0,0,0,0,0,3,3,114,657,537,1,0,0,12,1.0,3,0,71,119,211,3,17815
2025-07-11,30,com.thomaskioko.tvmaniac.datastore.implemetation,DatastoreRepositoryImplTest,when_theme_is_changed_correct_value_is_set,1,0,0.0,4,0.75,0,0,1,0,5,0,1,0,1.0,0,1,0,6,1.0,0,2.5,0,0,0.0,0,0.3333333333333333,0.0,24,10,0.0,3,5,0,0,0,0,0,0,5,0,0,4,0,0,1,0,3,0.0,3,1.0,3,0,5,0,3,0,0,3,0,1,0,0,0,0,0,3,3,114,657,537,1,0,0,12,1.0,3,0,71,119,211,3,17815
2025-07-11,30,com.thomaskioko.tvmaniac.datastore.implementation,DataStorePlatformComponent,provideDataStore,2,1,0.0,3,1.0,0,0,1,0,4,0,2,0,0.0,0,0,0,4,0.0,0,2.3333333333333335,1,0,0.0,0,0.0,1.0,6,4,0.0,1,0,0,0,0,2,0,0,0,0,0,0,0,0,0,0,1,0.0,1,1.0,1,0,0,0,1,0,0,1,0,1,0,0,0,0,0,1,1,114,657,537,9,0,0,4,2.0,9,5,206,119,211,8,17815
2025-07-11,30,com.thomaskioko.tvmaniac.datastore.testing,FakeDatastoreRepository,setTheme,1,0,0.0,1,1.0,1,3,1,0,3,0,1,0,0.5,0,1,0,1,1.0,1,2.0,1,0,0.0,0,0.07142857142857142,0.0,25,2,0.0,8,2,6,1,0,4,2,0,2,0,0,2,0,0,0,0,5,1.0,8,1.0,8,6,2,0,8,0,0,8,2,1,0,0,0,0,0,8,8,114,657,537,1,0,0,5,1.0,5,0,49,119,211,8,17815
2025-07-11,30,com.thomaskioko.tvmaniac.datastore.testing,FakeDatastoreRepository,setAuthState,1,0,0.0,1,1.0,1,3,1,0,3,0,1,0,0.5,0,1,0,1,1.0,1,2.0,1,0,0.0,0,0.07142857142857142,0.0,25,2,0.0,8,2,6,1,0,4,2,0,2,0,0,2,0,0,0,0,5,1.0,8,1.0,8,6,2,0,8,0,0,8,2,1,0,0,0,0,0,8,8,114,657,537,1,0,0,5,1.0,5,0,49,119,211,8,17815
2025-07-11,30,com.thomaskioko.tvmaniac.datastore.testing,FakeDatastoreRepository,saveTheme,0,0,0.0,0,0.0,1,3,1,0,0,0,0,0,0.0,0,0,0,0,0.0,0,0.0,1,0,0.0,0,0.07142857142857142,0.0,25,2,0.0,8,2,6,1,0,4,2,0,2,0,0,2,0,0,0,0,5,1.0,8,1.0,8,6,2,0,8,0,0,8,2,1,0,0,0,0,0,8,8,114,657,537,1,0,0,5,1.0,5,0,49,119,211,8,17815
2025-07-11,30,com.thomaskioko.tvmaniac.datastore.testing,FakeDatastoreRepository,observeTheme,1,0,0.0,1,1.0,1,3,1,0,1,0,1,0,1.0,0,1,0,1,1.0,1,2.0,0,0,0.0,0,0.07142857142857142,0.0,25,2,0.0,8,2,6,1,0,4,2,0,2,0,0,2,0,0,0,0,5,1.0,8,1.0,8,6,2,0,8,0,0,8,2,1,0,0,0,0,0,8,8,114,657,537,1,0,0,5,1.0,5,0,49,119,211,8,17815
2025-07-11,30,com.thomaskioko.tvmaniac.datastore.testing,FakeDatastoreRepository,clearAuthState,0,0,0.0,0,0.0,1,3,1,0,0,0,0,0,0.0,0,0,0,0,0.0,0,0.0,0,0,0.0,0,0.07142857142857142,0.0,25,2,0.0,8,2,6,1,0,4,2,0,2,0,0,2,0,0,0,0,5,1.0,8,1.0,8,6,2,0,8,0,0,8,2,1,0,0,0,0,0,8,8,114,657,537,1,0,0,5,1.0,5,0,49,119,211,8,17815
2025-07-11,30,com.thomaskioko.tvmaniac.datastore.testing,FakeDatastoreRepository,observeAuthState,1,0,0.0,1,1.0,1,3,1,0,1,0,1,0,1.0,0,1,0,1,1.0,1,2.0,0,0,0.0,0,0.07142857142857142,0.0,25,2,0.0,8,2,6,1,0,4,2,0,2,0,0,2,0,0,0,0,5,1.0,8,1.0,8,6,2,0,8,0,0,8,2,1,0,0,0,0,0,8,8,114,657,537,1,0,0,5,1.0,5,0,49,119,211,8,17815
2025-07-11,30,com.thomaskioko.tvmaniac.datastore.testing,FakeDatastoreRepository,saveAuthState,0,0,0.0,0,0.0,1,3,1,0,0,0,0,0,0.0,0,0,0,0,0.0,0,0.0,1,0,0.0,0,0.07142857142857142,0.0,25,2,0.0,8,2,6,1,0,4,2,0,2,0,0,2,0,0,0,0,5,1.0,8,1.0,8,6,2,0,8,0,0,8,2,1,0,0,0,0,0,8,8,114,657,537,1,0,0,5,1.0,5,0,49,119,211,8,17815
2025-07-11,30,com.thomaskioko.tvmaniac.datastore.testing,FakeDatastoreRepository,getAuthState,1,0,0.0,0,0.0,1,3,1,0,1,0,1,0,0.0,0,0,0,1,0.0,0,0.0,0,0,0.0,0,0.07142857142857142,0.0,25,2,0.0,8,2,6,1,0,4,2,0,2,0,0,2,0,0,0,0,5,1.0,8,1.0,8,6,2,0,8,0,0,8,2,1,0,0,0,0,0,8,8,114,657,537,1,0,0,5,1.0,5,0,49,119,211,8,17815
2025-07-11,30,com.thomaskioko.tvmaniac.navigation.di,NavigatorComponent,provideRootComponent,1,0,0.0,0,0.0,0,0,1,0,1,0,1,0,0.0,0,0,0,0,0.0,0,0.0,1,0,0.0,0,0.0,0.0,3,1,0.0,1,0,0,0,0,2,0,0,0,0,0,0,0,0,0,0,1,0.0,1,1.0,1,0,0,0,1,0,0,1,0,1,0,0,0,0,0,1,1,114,657,537,1,0,0,0,1.0,1,1,15,119,211,1,17815
2025-07-11,30,com.thomaskioko.tvmaniac.navigation,DefaultRootComponentTest,before,1,1,5.0,2,1.0,0,0,1,0,6,0,1,5,1.0,5,4,2,4,4.0,1,2.0,0,1,0.0,0,0.16911764705882354,0.8235294117647058,75,45,0.11764705882352941,17,6,0,0,0,10,2,0,6,0,0,5,0,0,1,0,17,0.5588235294117647,17,1.0,17,0,6,0,8,9,0,8,12,1,0,0,0,0,0,17,17,114,657,537,5,0,3,44,1.0,20,2,502,119,211,17,17815
2025-07-11,30,com.thomaskioko.tvmaniac.navigation,DefaultRootComponentTest,tearDown,1,0,0.0,1,1.0,0,0,1,0,3,0,1,0,0.0,0,0,1,1,0.0,1,2.0,0,1,0.0,0,0.16911764705882354,0.8235294117647058,75,45,0.11764705882352941,17,6,0,0,0,10,2,0,6,0,0,5,0,0,1,0,17,0.5588235294117647,17,1.0,17,0,6,0,8,9,0,8,12,1,0,0,0,0,0,17,17,114,657,537,5,0,3,44,1.0,20,2,502,119,211,17,17815
2025-07-11,30,com.thomaskioko.tvmaniac.navigation,DefaultRootComponentTest,`initial state should be Home`,1,0,0.0,1,1.0,0,0,1,0,1,0,1,0,1.0,0,1,0,5,1.0,0,3.5,0,0,0.0,0,0.16911764705882354,0.8235294117647058,75,45,0.11764705882352941,17,6,0,0,0,10,2,0,6,0,0,5,0,0,1,0,17,0.5588235294117647,17,1.0,17,0,6,0,8,9,0,8,12,1,0,0,0,0,0,17,17,114,657,537,5,0,3,44,1.0,20,2,502,119,211,17,17815
2025-07-11,30,com.thomaskioko.tvmaniac.navigation,DefaultRootComponentTest,`should return Home as active instance`,1,1,0.0,4,0.8,0,0,1,0,8,0,1,0,1.0,0,1,0,7,1.0,1,3.0,0,0,0.0,0,0.16911764705882354,0.8235294117647058,75,45,0.11764705882352941,17,6,0,0,0,10,2,0,6,0,0,5,0,0,1,0,17,0.5588235294117647,17,1.0,17,0,6,0,8,9,0,8,12,1,0,0,0,0,0,17,17,114,657,537,5,0,3,44,1.0,20,2,502,119,211,17,17815
2025-07-11,30,com.thomaskioko.tvmaniac.navigation,DefaultRootComponentTest,`should return ShowDetails as active instance`,1,1,0.0,3,1.0,0,0,1,0,6,0,1,0,1.0,0,1,0,6,1.0,1,3.0,0,0,0.0,0,0.16911764705882354,0.8235294117647058,75,45,0.11764705882352941,17,6,0,0,0,10,2,0,6,0,0,5,0,0,1,0,17,0.5588235294117647,17,1.0,17,0,6,0,8,9,0,8,12,1,0,0,0,0,0,17,17,114,657,537,5,0,3,44,1.0,20,2,502,119,211,17,17815
2025-07-11,30,com.thomaskioko.tvmaniac.navigation,DefaultRootComponentTest,`should return MoreShows as active instance`,1,1,0.0,3,1.0,0,0,1,0,6,0,1,0,1.0,0,1,0,6,1.0,1,3.0,0,0,0.0,0,0.16911764705882354,0.8235294117647058,75,45,0.11764705882352941,17,6,0,0,0,10,2,0,6,0,0,5,0,0,1,0,17,0.5588235294117647,17,1.0,17,0,6,0,8,9,0,8,12,1,0,0,0,0,0,17,17,114,657,537,5,0,3,44,1.0,20,2,502,119,211,17,17815
2025-07-11,30,com.thomaskioko.tvmaniac.navigation,DefaultRootComponentTest,`should return initial theme state`,1,0,0.0,1,1.0,0,0,1,0,1,0,1,0,1.0,0,1,0,2,1.0,0,3.0,0,0,0.0,0,0.16911764705882354,0.8235294117647058,75,45,0.11764705882352941,17,6,0,0,0,10,2,0,6,0,0,5,0,0,1,0,17,0.5588235294117647,17,1.0,17,0,6,0,8,9,0,8,12,1,0,0,0,0,0,17,17,114,657,537,5,0,3,44,1.0,20,2,502,119,211,17,17815
2025-07-11,30,com.thomaskioko.tvmaniac.navigation,DefaultRootComponentTest,`should update theme to Dark when DarkTheme is set`,1,0,0.0,2,1.0,0,0,1,0,5,0,1,0,1.0,0,2,0,4,2.0,0,2.6666666666666665,0,0,0.0,0,0.16911764705882354,0.8235294117647058,75,45,0.11764705882352941,17,6,0,0,0,10,2,0,6,0,0,5,0,0,1,0,17,0.5588235294117647,17,1.0,17,0,6,0,8,9,0,8,12,1,0,0,0,0,0,17,17,114,657,537,5,0,3,44,1.0,20,2,502,119,211,17,17815
2025-07-11,30,com.thomaskioko.tvmaniac.navigation,DefaultRootComponentTest,buildDiscoverPresenterFactory,1,0,0.0,0,0.0,0,0,1,0,1,0,1,0,0.5,0,1,0,1,2.0,0,0.0,1,0,0.0,0,0.16911764705882354,0.8235294117647058,75,45,0.11764705882352941,17,6,0,0,0,10,2,0,6,0,0,5,0,0,1,0,17,0.5588235294117647,17,1.0,17,0,6,0,8,9,0,8,12,1,0,0,0,0,0,17,17,114,657,537,5,0,3,44,1.0,20,2,502,119,211,17,17815
2025-07-11,30,com.thomaskioko.tvmaniac.navigation,DefaultRootComponentTest,buildLibraryPresenterFactory,1,0,0.0,0,0.0,0,0,1,0,1,0,1,0,0.0,0,0,0,1,1.0,0,0.0,1,0,0.0,0,0.16911764705882354,0.8235294117647058,75,45,0.11764705882352941,17,6,0,0,0,10,2,0,6,0,0,5,0,0,1,0,17,0.5588235294117647,17,1.0,17,0,6,0,8,9,0,8,12,1,0,0,0,0,0,17,17,114,657,537,5,0,3,44,1.0,20,2,502,119,211,17,17815
2025-07-11,30,com.thomaskioko.tvmaniac.navigation,DefaultRootComponentTest,buildMoreShowsPresenterFactory,1,0,0.0,0,0.0,0,0,1,0,1,0,1,0,0.0,0,0,0,1,1.0,0,0.0,1,0,0.0,0,0.16911764705882354,0.8235294117647058,75,45,0.11764705882352941,17,6,0,0,0,10,2,0,6,0,0,5,0,0,1,0,17,0.5588235294117647,17,1.0,17,0,6,0,8,9,0,8,12,1,0,0,0,0,0,17,17,114,657,537,5,0,3,44,1.0,20,2,502,119,211,17,17815
2025-07-11,30,com.thomaskioko.tvmaniac.navigation,DefaultRootComponentTest,buildSearchPresenterFactory,1,0,0.0,0,0.0,0,0,1,0,1,0,1,0,0.0,0,0,0,1,1.0,0,0.0,1,0,0.0,0,0.16911764705882354,0.8235294117647058,75,45,0.11764705882352941,17,6,0,0,0,10,2,0,6,0,0,5,0,0,1,0,17,0.5588235294117647,17,1.0,17,0,6,0,8,9,0,8,12,1,0,0,0,0,0,17,17,114,657,537,5,0,3,44,1.0,20,2,502,119,211,17,17815
2025-07-11,30,com.thomaskioko.tvmaniac.navigation,DefaultRootComponentTest,buildSettingsPresenterFactory,1,0,0.0,0,0.0,0,0,1,0,1,0,1,0,0.5,0,1,0,1,2.0,0,0.0,1,0,0.0,0,0.16911764705882354,0.8235294117647058,75,45,0.11764705882352941,17,6,0,0,0,10,2,0,6,0,0,5,0,0,1,0,17,0.5588235294117647,17,1.0,17,0,6,0,8,9,0,8,12,1,0,0,0,0,0,17,17,114,657,537,5,0,3,44,1.0,20,2,502,119,211,17,17815
2025-07-11,30,com.thomaskioko.tvmaniac.navigation,DefaultRootComponentTest,buildShowDetailsPresenterPresenterFactory,1,0,0.0,0,0.0,0,0,1,0,1,0,1,0,0.0,0,0,0,1,1.0,0,0.0,1,0,0.0,0,0.16911764705882354,0.8235294117647058,75,45,0.11764705882352941,17,6,0,0,0,10,2,0,6,0,0,5,0,0,1,0,17,0.5588235294117647,17,1.0,17,0,6,0,8,9,0,8,12,1,0,0,0,0,0,17,17,114,657,537,5,0,3,44,1.0,20,2,502,119,211,17,17815
2025-07-11,30,com.thomaskioko.tvmaniac.navigation,DefaultRootComponentTest,buildHomePresenterFactory,1,0,4.0,0,0.0,0,0,1,0,1,0,1,4,1.0,4,1,0,1,2.0,0,0.0,0,0,0.0,0,0.16911764705882354,0.8235294117647058,75,45,0.11764705882352941,17,6,0,0,0,10,2,0,6,0,0,5,0,0,1,0,17,0.5588235294117647,17,1.0,17,0,6,0,8,9,0,8,12,1,0,0,0,0,0,17,17,114,657,537,5,0,3,44,1.0,20,2,502,119,211,17,17815
2025-07-11,30,com.thomaskioko.tvmaniac.navigation,DefaultRootComponentTest,buildSeasonDetailsPresenterFactory,1,0,0.0,0,0.0,0,0,1,0,1,0,1,0,0.0,0,0,0,1,1.0,0,0.0,1,0,0.0,0,0.16911764705882354,0.8235294117647058,75,45,0.11764705882352941,17,6,0,0,0,10,2,0,6,0,0,5,0,0,1,0,17,0.5588235294117647,17,1.0,17,0,6,0,8,9,0,8,12,1,0,0,0,0,0,17,17,114,657,537,5,0,3,44,1.0,20,2,502,119,211,17,17815
2025-07-11,30,com.thomaskioko.tvmaniac.navigation,DefaultRootComponentTest,buildTrailersPresenterFactory,1,0,0.0,0,0.0,0,0,1,0,1,0,1,0,0.0,0,0,0,1,1.0,0,0.0,1,0,0.0,0,0.16911764705882354,0.8235294117647058,75,45,0.11764705882352941,17,6,0,0,0,10,2,0,6,0,0,5,0,0,1,0,17,0.5588235294117647,17,1.0,17,0,6,0,8,9,0,8,12,1,0,0,0,0,0,17,17,114,657,537,5,0,3,44,1.0,20,2,502,119,211,17,17815
2025-07-11,30,com.thomaskioko.tvmaniac.presentation.discover,DiscoverShowsComponentTest,before,1,0,1.0,1,1.0,0,2,1,0,4,0,1,1,1.0,1,2,2,2,2.0,1,2.0,0,1,0.0,0,0.26373626373626374,0.7142857142857143,119,72,0.6666666666666666,14,7,0,0,0,4,6,0,7,0,0,7,1,1,1,0,14,0.6813186813186813,14,1.0,14,0,7,0,9,5,0,9,8,1,0,0,0,0,0,14,14,114,657,537,7,0,3,56,1.0,13,2,508,119,211,14,17815
2025-07-11,30,com.thomaskioko.tvmaniac.presentation.discover,DiscoverShowsComponentTest,tearDown,1,0,0.0,1,1.0,0,2,1,0,3,0,1,0,0.0,0,0,1,1,0.0,1,2.0,0,1,0.0,0,0.26373626373626374,0.7142857142857143,119,72,0.6666666666666666,14,7,0,0,0,4,6,0,7,0,0,7,1,1,1,0,14,0.6813186813186813,14,1.0,14,0,7,0,9,5,0,9,8,1,0,0,0,0,0,14,14,114,657,537,7,0,3,56,1.0,13,2,508,119,211,14,17815
2025-07-11,30,com.thomaskioko.tvmaniac.presentation.discover,DiscoverShowsComponentTest,`instance is maintained across recreations`,1,2,1.0,1,1.0,0,2,1,0,8,0,1,2,0.0,1,0,0,4,0.0,1,2.3333333333333335,0,0,0.0,0,0.26373626373626374,0.7142857142857143,119,72,0.6666666666666666,14,7,0,0,0,4,6,0,7,0,0,7,1,1,1,0,14,0.6813186813186813,14,1.0,14,0,7,0,9,5,0,9,8,1,0,0,0,0,0,14,14,114,657,537,7,0,3,56,1.0,13,2,508,119,211,14,17815
2025-07-11,30,com.thomaskioko.tvmaniac.presentation.discover,DiscoverShowsComponentTest,`should return EmptyState when data is empty`,1,0,0.0,0,0.0,0,2,1,0,5,0,1,1,1.0,1,1,0,1,1.0,0,3.0,0,0,0.0,0,0.26373626373626374,0.7142857142857143,119,72,0.6666666666666666,14,7,0,0,0,4,6,0,7,0,0,7,1,1,1,0,14,0.6813186813186813,14,1.0,14,0,7,0,9,5,0,9,8,1,0,0,0,0,0,14,14,114,657,537,7,0,3,56,1.0,13,2,508,119,211,14,17815
2025-07-11,30,com.thomaskioko.tvmaniac.presentation.discover,DiscoverShowsComponentTest,`should return DataLoaded when data is fetched`,1,0,2.0,0,0.0,0,2,1,0,7,0,1,7,1.0,4,1,0,1,1.0,0,3.0,0,0,0.0,0,0.26373626373626374,0.7142857142857143,119,72,0.6666666666666666,14,7,0,0,0,4,6,0,7,0,0,7,1,1,1,0,14,0.6813186813186813,14,1.0,14,0,7,0,9,5,0,9,8,1,0,0,0,0,0,14,14,114,657,537,7,0,3,56,1.0,13,2,508,119,211,14,17815
2025-07-11,30,com.thomaskioko.tvmaniac.presentation.discover,DiscoverShowsComponentTest,`should return DataLoaded when data is fetched from cache`,1,0,2.0,0,0.0,0,2,1,0,5,0,1,6,1.0,3,1,0,1,1.0,0,3.0,0,0,0.0,0,0.26373626373626374,0.7142857142857143,119,72,0.6666666666666666,14,7,0,0,0,4,6,0,7,0,0,7,1,1,1,0,14,0.6813186813186813,14,1.0,14,0,7,0,9,5,0,9,8,1,0,0,0,0,0,14,14,114,657,537,7,0,3,56,1.0,13,2,508,119,211,14,17815
2025-07-11,30,com.thomaskioko.tvmaniac.presentation.discover,DiscoverShowsComponentTest,`should return DataLoaded when data is empty and refresh is clicked`,1,0,2.0,1,1.0,0,2,1,0,9,0,1,7,1.0,3,1,0,2,1.0,1,2.5,0,0,0.0,0,0.26373626373626374,0.7142857142857143,119,72,0.6666666666666666,14,7,0,0,0,4,6,0,7,0,0,7,1,1,1,0,14,0.6813186813186813,14,1.0,14,0,7,0,9,5,0,9,8,1,0,0,0,0,0,14,14,114,657,537,7,0,3,56,1.0,13,2,508,119,211,14,17815
2025-07-11,30,com.thomaskioko.tvmaniac.presentation.discover,DiscoverShowsComponentTest,`should return DataLoaded with refreshed data when refresh is clicked`,1,4,2.0,2,1.0,0,2,1,0,13,0,1,4,1.0,3,1,0,7,0.25,1,2.3333333333333335,0,0,0.0,0,0.26373626373626374,0.7142857142857143,119,72,0.6666666666666666,14,7,0,0,0,4,6,0,7,0,0,7,1,1,1,0,14,0.6813186813186813,14,1.0,14,0,7,0,9,5,0,9,8,1,0,0,0,0,0,14,14,114,657,537,7,0,3,56,1.0,13,2,508,119,211,14,17815
2025-07-11,30,com.thomaskioko.tvmaniac.presentation.discover,DiscoverShowsComponentTest,`should return DataLoaded when error occurs and refresh is clicked`,1,4,2.0,2,1.0,0,2,1,0,15,0,1,4,1.0,3,1,0,7,0.25,1,2.3333333333333335,0,0,0.0,0,0.26373626373626374,0.7142857142857143,119,72,0.6666666666666666,14,7,0,0,0,4,6,0,7,0,0,7,1,1,1,0,14,0.6813186813186813,14,1.0,14,0,7,0,9,5,0,9,8,1,0,0,0,0,0,14,14,114,657,537,7,0,3,56,1.0,13,2,508,119,211,14,17815
2025-07-11,30,com.thomaskioko.tvmaniac.presentation.discover,DiscoverShowsComponentTest,setList,1,0,0.0,5,1.0,0,2,1,0,7,0,1,0,0.5,0,5,0,10,5.0,0,3.0,1,0,0.0,0,0.26373626373626374,0.7142857142857143,119,72,0.6666666666666666,14,7,0,0,0,4,6,0,7,0,0,7,1,1,1,0,14,0.6813186813186813,14,1.0,14,0,7,0,9,5,0,9,8,1,0,0,0,0,0,14,14,114,657,537,7,0,3,56,1.0,13,2,508,119,211,14,17815
2025-07-11,30,com.thomaskioko.tvmaniac.presentation.discover,DiscoverShowsComponentTest,setObserveList,1,0,0.0,5,1.0,0,2,1,0,7,0,1,0,0.5,0,5,0,10,5.0,0,3.0,1,0,0.0,0,0.26373626373626374,0.7142857142857143,119,72,0.6666666666666666,14,7,0,0,0,4,6,0,7,0,0,7,1,1,1,0,14,0.6813186813186813,14,1.0,14,0,7,0,9,5,0,9,8,1,0,0,0,0,0,14,14,114,657,537,7,0,3,56,1.0,13,2,508,119,211,14,17815
2025-07-11,30,com.thomaskioko.tvmaniac.presentation.discover,DiscoverShowsComponentTest,createDiscoverShowList,1,0,0.0,1,1.0,0,2,1,0,1,0,1,0,0.0,0,0,0,2,0.0,0,2.0,1,0,0.0,0,0.26373626373626374,0.7142857142857143,119,72,0.6666666666666666,14,7,0,0,0,4,6,0,7,0,0,7,1,1,1,0,14,0.6813186813186813,14,1.0,14,0,7,0,9,5,0,9,8,1,0,0,0,0,0,14,14,114,657,537,7,0,3,56,1.0,13,2,508,119,211,14,17815
2025-07-11,30,com.thomaskioko.tvmaniac.presentation.discover,DiscoverShowsComponentTest,uiModelList,1,0,1.0,1,1.0,0,2,1,0,1,0,1,1,0.0,1,0,0,6,0.0,0,2.0,1,0,0.0,0,0.26373626373626374,0.7142857142857143,119,72,0.6666666666666666,14,7,0,0,0,4,6,0,7,0,0,7,1,1,1,0,14,0.6813186813186813,14,1.0,14,0,7,0,9,5,0,9,8,1,0,0,0,0,0,14,14,114,657,537,7,0,3,56,1.0,13,2,508,119,211,14,17815
2025-07-11,30,com.thomaskioko.tvmaniac.presentation.discover,DiscoverShowsComponentTest,buildComponent,1,0,0.0,1,1.0,0,2,1,0,1,0,1,0,0.7692307692307693,0,5,0,2,6.0,0,2.0,1,0,0.0,0,0.26373626373626374,0.7142857142857143,119,72,0.6666666666666666,14,7,0,0,0,4,6,0,7,0,0,7,1,1,1,0,14,0.6813186813186813,14,1.0,14,0,7,0,9,5,0,9,8,1,0,0,0,0,0,14,14,114,657,537,7,0,3,56,1.0,13,2,508,119,211,14,17815
2025-07-11,30,com.thomaskioko.tvmaniac.presentation.home,HomeComponentTest,before,1,0,1.0,2,1.0,0,0,1,0,5,0,1,1,1.0,1,3,2,3,3.0,1,2.0,0,1,0.0,0,0.2222222222222222,0.6,49,26,0.2,10,6,0,0,0,6,2,0,6,0,0,5,0,0,1,0,10,0.6444444444444444,10,1.0,10,0,6,0,5,5,0,5,8,1,0,0,0,0,0,10,10,114,657,537,2,0,2,36,1.0,10,0,296,119,211,10,17815
2025-07-11,30,com.thomaskioko.tvmaniac.presentation.home,HomeComponentTest,`initial state should be Discover`,1,0,0.0,1,1.0,0,0,1,0,1,0,1,0,1.0,0,1,0,7,1.0,0,4.5,0,0,0.0,0,0.2222222222222222,0.6,49,26,0.2,10,6,0,0,0,6,2,0,6,0,0,5,0,0,1,0,10,0.6444444444444444,10,1.0,10,0,6,0,5,5,0,5,8,1,0,0,0,0,0,10,10,114,657,537,2,0,2,36,1.0,10,0,296,119,211,10,17815
2025-07-11,30,com.thomaskioko.tvmaniac.presentation.home,HomeComponentTest,`should return Search as active instance when onSearchClicked`,1,0,0.0,2,1.0,0,0,1,0,5,0,1,0,1.0,0,1,0,7,1.0,1,4.25,0,0,0.0,0,0.2222222222222222,0.6,49,26,0.2,10,6,0,0,0,6,2,0,6,0,0,5,0,0,1,0,10,0.6444444444444444,10,1.0,10,0,6,0,5,5,0,5,8,1,0,0,0,0,0,10,10,114,657,537,2,0,2,36,1.0,10,0,296,119,211,10,17815
2025-07-11,30,com.thomaskioko.tvmaniac.presentation.home,HomeComponentTest,`should return Library as active instance when onSettingsClicked`,1,0,0.0,2,1.0,0,0,1,0,5,0,1,0,1.0,0,1,0,7,1.0,1,4.25,0,0,0.0,0,0.2222222222222222,0.6,49,26,0.2,10,6,0,0,0,6,2,0,6,0,0,5,0,0,1,0,10,0.6444444444444444,10,1.0,10,0,6,0,5,5,0,5,8,1,0,0,0,0,0,10,10,114,657,537,2,0,2,36,1.0,10,0,296,119,211,10,17815
2025-07-11,30,com.thomaskioko.tvmaniac.presentation.home,HomeComponentTest,`should return Settings as active instance when onSettingsClicked`,1,0,0.0,2,1.0,0,0,1,0,5,0,1,0,1.0,0,1,0,7,1.0,1,4.25,0,0,0.0,0,0.2222222222222222,0.6,49,26,0.2,10,6,0,0,0,6,2,0,6,0,0,5,0,0,1,0,10,0.6444444444444444,10,1.0,10,0,6,0,5,5,0,5,8,1,0,0,0,0,0,10,10,114,657,537,2,0,2,36,1.0,10,0,296,119,211,10,17815
2025-07-11,30,com.thomaskioko.tvmaniac.presentation.home,HomeComponentTest,buildSearchPresenterFactory,1,0,0.0,0,0.0,0,0,1,0,1,0,1,0,0.0,0,0,0,1,1.0,0,0.0,1,0,0.0,0,0.2222222222222222,0.6,49,26,0.2,10,6,0,0,0,6,2,0,6,0,0,5,0,0,1,0,10,0.6444444444444444,10,1.0,10,0,6,0,5,5,0,5,8,1,0,0,0,0,0,10,10,114,657,537,2,0,2,36,1.0,10,0,296,119,211,10,17815
2025-07-11,30,com.thomaskioko.tvmaniac.presentation.home,HomeComponentTest,buildHomePresenterFactory,1,0,4.0,0,0.0,0,0,1,0,1,0,1,4,0.25,4,1,0,1,2.0,0,0.0,1,0,0.0,0,0.2222222222222222,0.6,49,26,0.2,10,6,0,0,0,6,2,0,6,0,0,5,0,0,1,0,10,0.6444444444444444,10,1.0,10,0,6,0,5,5,0,5,8,1,0,0,0,0,0,10,10,114,657,537,2,0,2,36,1.0,10,0,296,119,211,10,17815
2025-07-11,30,com.thomaskioko.tvmaniac.presentation.home,HomeComponentTest,buildSettingsPresenterFactory,1,0,0.0,0,0.0,0,0,1,0,1,0,1,0,0.5,0,1,0,1,2.0,0,0.0,1,0,0.0,0,0.2222222222222222,0.6,49,26,0.2,10,6,0,0,0,6,2,0,6,0,0,5,0,0,1,0,10,0.6444444444444444,10,1.0,10,0,6,0,5,5,0,5,8,1,0,0,0,0,0,10,10,114,657,537,2,0,2,36,1.0,10,0,296,119,211,10,17815
2025-07-11,30,com.thomaskioko.tvmaniac.presentation.home,HomeComponentTest,buildDiscoverPresenterFactory,1,0,0.0,0,0.0,0,0,1,0,1,0,1,0,0.5,0,1,0,1,2.0,0,0.0,1,0,0.0,0,0.2222222222222222,0.6,49,26,0.2,10,6,0,0,0,6,2,0,6,0,0,5,0,0,1,0,10,0.6444444444444444,10,1.0,10,0,6,0,5,5,0,5,8,1,0,0,0,0,0,10,10,114,657,537,2,0,2,36,1.0,10,0,296,119,211,10,17815
2025-07-11,30,com.thomaskioko.tvmaniac.presentation.home,HomeComponentTest,buildLibraryPresenterFactory,1,0,0.0,0,0.0,0,0,1,0,1,0,1,0,0.0,0,0,0,1,1.0,0,0.0,1,0,0.0,0,0.2222222222222222,0.6,49,26,0.2,10,6,0,0,0,6,2,0,6,0,0,5,0,0,1,0,10,0.6444444444444444,10,1.0,10,0,6,0,5,5,0,5,8,1,0,0,0,0,0,10,10,114,657,537,2,0,2,36,1.0,10,0,296,119,211,10,17815
2025-07-11,30,com.thomaskioko.tvmaniac.domain.watchlist,LibraryComponentTest,before,1,0,0.0,2,1.0,0,0,1,0,5,0,1,0,1.0,0,4,2,3,4.0,1,2.0,0,1,0.0,0,0.5,0.5,31,18,0.0,4,4,0,0,0,0,2,0,4,0,0,3,0,0,1,0,4,0.8333333333333334,4,1.0,4,0,4,0,4,0,0,4,1,1,0,0,0,0,0,4,4,114,657,537,1,0,3,7,1.0,5,0,127,119,211,4,17815
2025-07-11,30,com.thomaskioko.tvmaniac.domain.watchlist,LibraryComponentTest,tearDown,1,0,0.0,1,1.0,0,0,1,0,3,0,1,0,0.0,0,0,1,1,0.0,1,2.0,0,1,0.0,0,0.5,0.5,31,18,0.0,4,4,0,0,0,0,2,0,4,0,0,3,0,0,1,0,4,0.8333333333333334,4,1.0,4,0,4,0,4,0,0,4,1,1,0,0,0,0,0,4,4,114,657,537,1,0,3,7,1.0,5,0,127,119,211,4,17815
2025-07-11,30,com.thomaskioko.tvmaniac.domain.watchlist,LibraryComponentTest,`should emit LoadingShows on init`,1,0,0.0,0,0.0,0,0,1,0,1,0,1,0,1.0,0,1,0,0,1.0,0,3.0,0,0,0.0,0,0.5,0.5,31,18,0.0,4,4,0,0,0,0,2,0,4,0,0,3,0,0,1,0,4,0.8333333333333334,4,1.0,4,0,4,0,4,0,0,4,1,1,0,0,0,0,0,4,4,114,657,537,1,0,3,7,1.0,5,0,127,119,211,4,17815
2025-07-11,30,com.thomaskioko.tvmaniac.domain.watchlist,LibraryComponentTest,`should emit LibraryContent on success`,1,0,0.0,1,1.0,0,0,1,0,9,0,1,0,1.0,0,2,0,3,2.0,0,3.0,0,0,0.0,0,0.5,0.5,31,18,0.0,4,4,0,0,0,0,2,0,4,0,0,3,0,0,1,0,4,0.8333333333333334,4,1.0,4,0,4,0,4,0,0,4,1,1,0,0,0,0,0,4,4,114,657,537,1,0,3,7,1.0,5,0,127,119,211,4,17815
2025-07-11,30,com.thomaskioko.tvmaniac.data.seasondetails,SeasonComponentTest,setUp,1,0,0.0,1,1.0,0,1,1,0,4,0,1,1,1.0,1,2,2,2,2.0,1,2.0,0,1,0.0,0,0.7111111111111111,0.8,105,80,0.2222222222222222,9,5,0,0,0,3,1,0,5,0,0,4,0,0,1,0,10,0.4444444444444444,10,1.0,10,0,5,0,9,1,0,9,2,1,0,0,0,0,0,10,10,114,657,537,2,0,3,49,1.0,16,0,380,119,211,15,17815
2025-07-11,30,com.thomaskioko.tvmaniac.data.seasondetails,SeasonComponentTest,tearDown,1,0,0.0,1,1.0,0,1,1,0,3,0,1,0,0.0,0,0,1,1,0.0,1,2.0,0,1,0.0,0,0.7111111111111111,0.8,105,80,0.2222222222222222,9,5,0,0,0,3,1,0,5,0,0,4,0,0,1,0,10,0.4444444444444444,10,1.0,10,0,5,0,9,1,0,9,2,1,0,0,0,0,0,10,10,114,657,537,2,0,3,49,1.0,16,0,380,119,211,15,17815
2025-07-11,30,com.thomaskioko.tvmaniac.data.seasondetails,SeasonComponentTest,`should emitt InitialSeasonsState when no data is fetched`,1,0,0.0,1,1.0,0,1,1,0,1,0,1,0,1.0,0,1,0,2,1.0,0,3.0,0,0,0.0,0,0.7111111111111111,0.8,105,80,0.2222222222222222,9,5,0,0,0,3,1,0,5,0,0,4,0,0,1,0,10,0.4444444444444444,10,1.0,10,0,5,0,9,1,0,9,2,1,0,0,0,0,0,10,10,114,657,537,2,0,3,49,1.0,16,0,380,119,211,15,17815
2025-07-11,30,com.thomaskioko.tvmaniac.data.seasondetails,SeasonComponentTest,`should emit SeasonDetailsContent when data is fetched`,1,2,0.0,4,1.0,0,1,1,0,10,0,1,0,1.0,0,3,0,9,1.5,1,2.25,0,0,0.0,0,0.7111111111111111,0.8,105,80,0.2222222222222222,9,5,0,0,0,3,1,0,5,0,0,4,0,0,1,0,10,0.4444444444444444,10,1.0,10,0,5,0,9,1,0,9,2,1,0,0,0,0,0,10,10,114,657,537,2,0,3,49,1.0,16,0,380,119,211,15,17815
2025-07-11,30,com.thomaskioko.tvmaniac.data.seasondetails,SeasonComponentTest,`should update state when ReloadSeasonDetails action is dispatched and data is fetched`,1,4,0.0,5,1.0,0,1,1,0,20,0,1,0,1.0,0,3,0,11,0.75,1,2.3846153846153846,0,0,0.0,0,0.7111111111111111,0.8,105,80,0.2222222222222222,9,5,0,0,0,3,1,0,5,0,0,4,0,0,1,0,10,0.4444444444444444,10,1.0,10,0,5,0,9,1,0,9,2,1,0,0,0,0,0,10,10,114,657,537,2,0,3,49,1.0,16,0,380,119,211,15,17815
2025-07-11,30,com.thomaskioko.tvmaniac.data.seasondetails,SeasonComponentTest,`should emitt ErrorState when fetching data fails`,1,1,0.0,2,1.0,0,1,1,0,9,0,1,0,1.0,0,3,0,4,3.0,1,2.6666666666666665,0,0,0.0,0,0.7111111111111111,0.8,105,80,0.2222222222222222,9,5,0,0,0,3,1,0,5,0,0,4,0,0,1,0,10,0.4444444444444444,10,1.0,10,0,5,0,9,1,0,9,2,1,0,0,0,0,0,10,10,114,657,537,2,0,3,49,1.0,16,0,380,119,211,15,17815
2025-07-11,30,com.thomaskioko.tvmaniac.data.seasondetails,SeasonComponentTest,`should invoke onBack when SeasonDetailsBackClicked action is dispatched`,1,1,1.0,1,1.0,0,1,1,0,7,0,1,1,1.0,1,1,0,3,1.0,1,2.0,0,0,0.0,0,0.7111111111111111,0.8,105,80,0.2222222222222222,9,5,0,0,0,3,1,0,5,0,0,4,0,0,1,0,10,0.4444444444444444,10,1.0,10,0,5,0,9,1,0,9,2,1,0,0,0,0,0,10,10,114,657,537,2,0,3,49,1.0,16,0,380,119,211,15,17815
2025-07-11,30,com.thomaskioko.tvmaniac.data.seasondetails,SeasonComponentTest,`should invoke onEpisodeClick when EpisodeClicked action is dispatched`,1,2,1.0,1,1.0,0,1,1,0,8,0,1,1,1.0,1,1,0,4,1.0,1,2.0,0,0,0.0,0,0.7111111111111111,0.8,105,80,0.2222222222222222,9,5,0,0,0,3,1,0,5,0,0,4,0,0,1,0,10,0.4444444444444444,10,1.0,10,0,5,0,9,1,0,9,2,1,0,0,0,0,0,10,10,114,657,537,2,0,3,49,1.0,16,0,380,119,211,15,17815
2025-07-11,30,com.thomaskioko.tvmaniac.data.seasondetails,SeasonComponentTest,`should toggle showGalleryBottomSheet when SeasonGalleryClicked action is dispatched`,1,4,0.0,4,1.0,0,1,1,0,19,0,1,0,1.0,0,3,0,12,0.75,1,2.1818181818181817,0,0,0.0,0,0.7111111111111111,0.8,105,80,0.2222222222222222,9,5,0,0,0,3,1,0,5,0,0,4,0,0,1,0,10,0.4444444444444444,10,1.0,10,0,5,0,9,1,0,9,2,1,0,0,0,0,0,10,10,114,657,537,2,0,3,49,1.0,16,0,380,119,211,15,17815
2025-07-11,30,com.thomaskioko.tvmaniac.data.seasondetails,SeasonComponentTest,buildSeasonDetailsPresenter,1,0,0.0,0,0.0,0,1,1,0,3,0,1,0,0.6,0,3,0,1,2.0,0,0.0,2,0,0.0,0,0.7111111111111111,0.8,105,80,0.2222222222222222,9,5,0,0,0,3,1,0,5,0,0,4,0,0,1,0,10,0.4444444444444444,10,1.0,10,0,5,0,9,1,0,9,2,1,0,0,0,0,0,10,10,114,657,537,2,0,3,49,1.0,16,0,380,119,211,15,17815
2025-07-11,30,com.thomaskioko.tvmaniac.data.seasondetails,SeasonDetailsReducerTest,`should toggle showGalleryBottomSheet for SeasonGalleryClicked action`,1,3,0.0,0,0.0,0,0,1,0,7,0,1,0,0.0,0,0,0,3,0.0,0,2.0,0,0,0.0,0,0.0,1.0,37,31,0.0,5,0,0,0,0,0,1,0,0,0,0,0,0,0,0,0,5,0.0,5,1.0,5,0,0,0,5,0,0,5,1,1,0,0,0,0,0,5,5,114,657,537,2,0,0,13,1.0,16,0,380,119,211,15,17815
2025-07-11,30,com.thomaskioko.tvmaniac.data.seasondetails,SeasonDetailsReducerTest,`should set showSeasonWatchStateDialog to false for DismissSeasonDialog action`,1,2,0.0,0,0.0,0,0,1,0,5,0,1,0,0.0,0,0,0,2,0.0,0,2.0,0,0,0.0,0,0.0,1.0,37,31,0.0,5,0,0,0,0,0,1,0,0,0,0,0,0,0,0,0,5,0.0,5,1.0,5,0,0,0,5,0,0,5,1,1,0,0,0,0,0,5,5,114,657,537,2,0,0,13,1.0,16,0,380,119,211,15,17815
2025-07-11,30,com.thomaskioko.tvmaniac.data.seasondetails,SeasonDetailsReducerTest,`should set showSeasonWatchStateDialog to false for UpdateSeasonWatchedState action`,1,2,0.0,0,0.0,0,0,1,0,5,0,1,0,0.0,0,0,0,2,0.0,0,2.0,0,0,0.0,0,0.0,1.0,37,31,0.0,5,0,0,0,0,0,1,0,0,0,0,0,0,0,0,0,5,0.0,5,1.0,5,0,0,0,5,0,0,5,1,1,0,0,0,0,0,5,5,114,657,537,2,0,0,13,1.0,16,0,380,119,211,15,17815
2025-07-11,30,com.thomaskioko.tvmaniac.data.seasondetails,SeasonDetailsReducerTest,`should toggle expandEpisodeItems for OnEpisodeHeaderClicked action`,1,3,0.0,0,0.0,0,0,1,0,7,0,1,0,0.0,0,0,0,3,0.0,0,2.0,0,0,0.0,0,0.0,1.0,37,31,0.0,5,0,0,0,0,0,1,0,0,0,0,0,0,0,0,0,5,0.0,5,1.0,5,0,0,0,5,0,0,5,1,1,0,0,0,0,0,5,5,114,657,537,2,0,0,13,1.0,16,0,380,119,211,15,17815
2025-07-11,30,com.thomaskioko.tvmaniac.data.seasondetails,SeasonDetailsReducerTest,`should not change state for non-SeasonDetailsLoaded states`,1,3,0.0,0,0.0,0,0,1,0,7,0,1,0,0.0,0,0,0,3,0.0,0,0.0,0,0,0.0,0,0.0,1.0,37,31,0.0,5,0,0,0,0,0,1,0,0,0,0,0,0,0,0,0,5,0.0,5,1.0,5,0,0,0,5,0,0,5,1,1,0,0,0,0,0,5,5,114,657,537,2,0,0,13,1.0,16,0,380,119,211,15,17815
2025-07-11,30,com.thomaskioko.tvmaniac.presentation.settings,SettingsComponentTest,setUp,1,0,0.0,1,1.0,0,1,1,0,4,0,1,0,1.0,0,5,2,2,5.0,1,2.0,0,1,0.0,0,0.7777777777777778,0.7777777777777778,78,54,0.0,8,5,0,0,0,0,1,0,5,0,0,4,0,0,1,0,9,0.41666666666666663,9,1.0,9,0,5,0,9,0,0,9,0,1,0,0,0,0,0,9,9,114,657,537,6,0,3,31,1.0,8,0,330,119,211,9,17815
2025-07-11,30,com.thomaskioko.tvmaniac.presentation.settings,SettingsComponentTest,tearDown,1,0,0.0,1,1.0,0,1,1,0,3,0,1,0,0.0,0,0,1,1,0.0,1,2.0,0,1,0.0,0,0.7777777777777778,0.7777777777777778,78,54,0.0,8,5,0,0,0,0,1,0,5,0,0,4,0,0,1,0,9,0.41666666666666663,9,1.0,9,0,5,0,9,0,0,9,0,1,0,0,0,0,0,9,9,114,657,537,6,0,3,31,1.0,8,0,330,119,211,9,17815
2025-07-11,30,com.thomaskioko.tvmaniac.presentation.settings,SettingsComponentTest,initial_state_emits_expected_result,1,0,0.0,1,1.0,0,1,1,0,1,0,1,0,1.0,0,1,0,3,1.0,0,2.5,0,0,0.0,0,0.7777777777777778,0.7777777777777778,78,54,0.0,8,5,0,0,0,0,1,0,5,0,0,4,0,0,1,0,9,0.41666666666666663,9,1.0,9,0,5,0,9,0,0,9,0,1,0,0,0,0,0,9,9,114,657,537,6,0,3,31,1.0,8,0,330,119,211,9,17815
2025-07-11,30,com.thomaskioko.tvmaniac.presentation.settings,SettingsComponentTest,when_theme_is_updated_expected_result_is_emitted,1,0,0.0,3,1.0,0,1,1,0,9,0,1,0,1.0,0,2,0,7,2.0,1,2.6,0,0,0.0,0,0.7777777777777778,0.7777777777777778,78,54,0.0,8,5,0,0,0,0,1,0,5,0,0,4,0,0,1,0,9,0.41666666666666663,9,1.0,9,0,5,0,9,0,0,9,0,1,0,0,0,0,0,9,9,114,657,537,6,0,3,31,1.0,8,0,330,119,211,9,17815
2025-07-11,30,com.thomaskioko.tvmaniac.presentation.settings,SettingsComponentTest,when_dialog_is_dismissed_expected_result_is_emitted,1,0,0.0,2,1.0,0,1,1,0,7,0,1,0,1.0,0,1,0,3,1.0,1,2.5,0,0,0.0,0,0.7777777777777778,0.7777777777777778,78,54,0.0,8,5,0,0,0,0,1,0,5,0,0,4,0,0,1,0,9,0.41666666666666663,9,1.0,9,0,5,0,9,0,0,9,0,1,0,0,0,0,0,9,9,114,657,537,6,0,3,31,1.0,8,0,330,119,211,9,17815
2025-07-11,30,com.thomaskioko.tvmaniac.presentation.settings,SettingsComponentTest,when_ShowTraktDialog_is_clicked_expected_result_is_emitted,1,0,0.0,2,1.0,0,1,1,0,7,0,1,0,1.0,0,1,0,3,1.0,1,2.5,0,0,0.0,0,0.7777777777777778,0.7777777777777778,78,54,0.0,8,5,0,0,0,0,1,0,5,0,0,4,0,0,1,0,9,0.41666666666666663,9,1.0,9,0,5,0,9,0,0,9,0,1,0,0,0,0,0,9,9,114,657,537,6,0,3,31,1.0,8,0,330,119,211,9,17815
2025-07-11,30,com.thomaskioko.tvmaniac.presentation.settings,SettingsComponentTest,given_TraktLoginClicked_andUserIsAuthenticated_expectedResultIsEmitted,1,0,0.0,3,1.0,0,1,1,0,8,0,1,0,1.0,0,2,0,4,2.0,1,2.4285714285714284,0,0,0.0,0,0.7777777777777778,0.7777777777777778,78,54,0.0,8,5,0,0,0,0,1,0,5,0,0,4,0,0,1,0,9,0.41666666666666663,9,1.0,9,0,5,0,9,0,0,9,0,1,0,0,0,0,0,9,9,114,657,537,6,0,3,31,1.0,8,0,330,119,211,9,17815
2025-07-11,30,com.thomaskioko.tvmaniac.presentation.settings,SettingsComponentTest,given_TraktLoginClicked_andErrorOccurs_expectedResultIsEmitted,1,1,0.0,3,1.0,0,1,1,0,10,0,1,0,1.0,0,2,0,4,2.0,1,2.5,0,0,0.0,0,0.7777777777777778,0.7777777777777778,78,54,0.0,8,5,0,0,0,0,1,0,5,0,0,4,0,0,1,0,9,0.41666666666666663,9,1.0,9,0,5,0,9,0,0,9,0,1,0,0,0,0,0,9,9,114,657,537,6,0,3,31,1.0,8,0,330,119,211,9,17815
2025-07-11,30,com.thomaskioko.tvmaniac.presentation.settings,SettingsComponentTest,given_TraktLogoutClicked_expectedResultIsEmitted,1,0,0.0,3,1.0,0,1,1,0,9,0,1,0,1.0,0,2,0,4,2.0,1,2.25,0,0,0.0,0,0.7777777777777778,0.7777777777777778,78,54,0.0,8,5,0,0,0,0,1,0,5,0,0,4,0,0,1,0,9,0.41666666666666663,9,1.0,9,0,5,0,9,0,0,9,0,1,0,0,0,0,0,9,9,114,657,537,6,0,3,31,1.0,8,0,330,119,211,9,17815
2025-07-11,30,com.thomaskioko.tvmaniac.presentation.showdetails,ShowDetailsComponentTest,setUp,1,0,0.0,1,1.0,0,1,1,0,4,0,1,1,1.0,1,2,2,2,2.0,1,2.0,0,1,0.0,0,0.4444444444444444,0.8,134,99,0.6666666666666666,9,10,0,0,0,12,8,0,10,0,0,9,0,0,1,0,10,0.6666666666666667,10,1.0,10,0,10,0,8,2,0,8,5,1,0,0,0,0,0,10,10,114,657,537,9,0,3,64,1.0,21,2,757,119,211,10,17815
2025-07-11,30,com.thomaskioko.tvmaniac.presentation.showdetails,ShowDetailsComponentTest,tearDown,1,0,0.0,1,1.0,0,1,1,0,3,0,1,0,0.0,0,0,1,1,0.0,1,2.0,0,1,0.0,0,0.4444444444444444,0.8,134,99,0.6666666666666666,9,10,0,0,0,12,8,0,10,0,0,9,0,0,1,0,10,0.6666666666666667,10,1.0,10,0,10,0,8,2,0,8,5,1,0,0,0,0,0,10,10,114,657,537,9,0,3,64,1.0,21,2,757,119,211,10,17815
2025-07-11,30,com.thomaskioko.tvmaniac.presentation.showdetails,ShowDetailsComponentTest,`should return SeasonDetailsLoaded when all data is available`,1,1,1.0,2,1.0,0,1,1,0,11,0,1,1,1.0,1,1,0,6,1.0,6,2.25,0,0,0.0,0,0.4444444444444444,0.8,134,99,0.6666666666666666,9,10,0,0,0,12,8,0,10,0,0,9,0,0,1,0,10,0.6666666666666667,10,1.0,10,0,10,0,8,2,0,8,5,1,0,0,0,0,0,10,10,114,657,537,9,0,3,64,1.0,21,2,757,119,211,10,17815
2025-07-11,30,com.thomaskioko.tvmaniac.presentation.showdetails,ShowDetailsComponentTest,`should update state with error when show details fetch fails`,1,1,1.0,2,1.0,0,1,1,0,8,0,1,1,1.0,1,1,0,3,1.0,1,2.3333333333333335,0,0,0.0,0,0.4444444444444444,0.8,134,99,0.6666666666666666,9,10,0,0,0,12,8,0,10,0,0,9,0,0,1,0,10,0.6666666666666667,10,1.0,10,0,10,0,8,2,0,8,5,1,0,0,0,0,0,10,10,114,657,537,9,0,3,64,1.0,21,2,757,119,211,10,17815
2025-07-11,30,com.thomaskioko.tvmaniac.presentation.showdetails,ShowDetailsComponentTest,`should update state to Loaded when ReloadShowDetails and new data is available`,1,2,1.0,8,1.0,0,1,1,0,23,0,1,1,1.0,1,6,0,18,3.0,1,2.6315789473684212,0,0,0.0,0,0.4444444444444444,0.8,134,99,0.6666666666666666,9,10,0,0,0,12,8,0,10,0,0,9,0,0,1,0,10,0.6666666666666667,10,1.0,10,0,10,0,8,2,0,8,5,1,0,0,0,0,0,10,10,114,657,537,9,0,3,64,1.0,21,2,757,119,211,10,17815
2025-07-11,30,com.thomaskioko.tvmaniac.presentation.showdetails,ShowDetailsComponentTest,`should update infoState to Loaded with correct data when ReloadShowDetails and fetching season fails`,1,3,1.0,8,1.0,0,1,1,0,24,0,1,1,1.0,1,6,0,18,2.0,1,2.6315789473684212,0,0,0.0,0,0.4444444444444444,0.8,134,99,0.6666666666666666,9,10,0,0,0,12,8,0,10,0,0,9,0,0,1,0,10,0.6666666666666667,10,1.0,10,0,10,0,8,2,0,8,5,1,0,0,0,0,0,10,10,114,657,537,9,0,3,64,1.0,21,2,757,119,211,10,17815
2025-07-11,30,com.thomaskioko.tvmaniac.presentation.showdetails,ShowDetailsComponentTest,`should clear error message when DismissErrorSnackbar`,1,2,1.0,3,1.0,0,1,1,0,11,0,1,1,1.0,1,1,0,5,0.5,1,2.2,0,0,0.0,0,0.4444444444444444,0.8,134,99,0.6666666666666666,9,10,0,0,0,12,8,0,10,0,0,9,0,0,1,0,10,0.6666666666666667,10,1.0,10,0,10,0,8,2,0,8,5,1,0,0,0,0,0,10,10,114,657,537,9,0,3,64,1.0,21,2,757,119,211,10,17815
2025-07-11,30,com.thomaskioko.tvmaniac.presentation.showdetails,ShowDetailsComponentTest,`should invoke navigateToSeason when SeasonClicked`,1,2,1.0,1,1.0,0,1,1,0,6,0,1,1,0.0,1,0,0,2,0.0,1,2.0,0,0,0.0,0,0.4444444444444444,0.8,134,99,0.6666666666666666,9,10,0,0,0,12,8,0,10,0,0,9,0,0,1,0,10,0.6666666666666667,10,1.0,10,0,10,0,8,2,0,8,5,1,0,0,0,0,0,10,10,114,657,537,9,0,3,64,1.0,21,2,757,119,211,10,17815
2025-07-11,30,com.thomaskioko.tvmaniac.presentation.showdetails,ShowDetailsComponentTest,buildMockData,1,0,0.0,8,0.875,0,1,1,0,10,0,1,0,0.5,0,7,0,8,0.88,1,2.0,8,0,0.0,0,0.4444444444444444,0.8,134,99,0.6666666666666666,9,10,0,0,0,12,8,0,10,0,0,9,0,0,1,0,10,0.6666666666666667,10,1.0,10,0,10,0,8,2,0,8,5,1,0,0,0,0,0,10,10,114,657,537,9,0,3,64,1.0,21,2,757,119,211,10,17815
2025-07-11,30,com.thomaskioko.tvmaniac.presentation.showdetails,ShowDetailsComponentTest,buildShowDetailsPresenter,1,0,0.0,0,0.0,0,1,1,0,3,0,1,0,0.6666666666666666,0,8,0,1,2.25,0,0.0,4,0,0.0,0,0.4444444444444444,0.8,134,99,0.6666666666666666,9,10,0,0,0,12,8,0,10,0,0,9,0,0,1,0,10,0.6666666666666667,10,1.0,10,0,10,0,8,2,0,8,5,1,0,0,0,0,0,10,10,114,657,537,9,0,3,64,1.0,21,2,757,119,211,10,17815
2025-07-11,30,com.thomaskioko.tvmaniac.presentation.trailers,TrailersComponentTest,setUp,1,0,0.0,2,1.0,0,1,1,0,5,0,1,0,1.0,0,4,2,3,4.0,1,2.0,0,1,0.0,0,0.5,0.75,40,22,0.0,3,4,0,0,0,0,2,0,4,0,0,3,0,0,1,0,4,0.5,4,1.0,4,0,4,0,4,0,0,4,1,1,0,0,0,0,0,4,4,114,657,537,8,0,3,20,1.0,4,2,233,119,211,4,17815
2025-07-11,30,com.thomaskioko.tvmaniac.presentation.trailers,TrailersComponentTest,tearDown,1,0,0.0,1,1.0,0,1,1,0,3,0,1,0,0.0,0,0,1,1,0.0,1,2.0,0,1,0.0,0,0.5,0.75,40,22,0.0,3,4,0,0,0,0,2,0,4,0,0,3,0,0,1,0,4,0.5,4,1.0,4,0,4,0,4,0,0,4,1,1,0,0,0,0,0,4,4,114,657,537,8,0,3,20,1.0,4,2,233,119,211,4,17815
2025-07-11,30,com.thomaskioko.tvmaniac.presentation.trailers,TrailersComponentTest,`given result is success correct state is emitted`,1,0,0.0,2,1.0,0,1,1,0,7,0,1,0,1.0,0,2,0,6,2.0,0,3.3333333333333335,0,0,0.0,0,0.5,0.75,40,22,0.0,3,4,0,0,0,0,2,0,4,0,0,3,0,0,1,0,4,0.5,4,1.0,4,0,4,0,4,0,0,4,1,1,0,0,0,0,0,4,4,114,657,537,8,0,3,20,1.0,4,2,233,119,211,4,17815
2025-07-11,30,com.thomaskioko.tvmaniac.presentation.trailers,TrailersComponentTest,`given reload is clicked then correct state is emitted`,1,0,0.0,4,1.0,0,1,1,0,12,0,1,0,1.0,0,2,0,10,2.0,1,2.888888888888889,0,0,0.0,0,0.5,0.75,40,22,0.0,3,4,0,0,0,0,2,0,4,0,0,3,0,0,1,0,4,0.5,4,1.0,4,0,4,0,4,0,0,4,1,1,0,0,0,0,0,4,4,114,657,537,8,0,3,20,1.0,4,2,233,119,211,4,17815
2025-07-11,30,com.thomaskioko.tvmaniac.shared,StateFlowObserver,observe,1,0,0.0,1,1.0,0,0,1,0,3,0,1,1,0.5,0,1,1,5,1.0,0,3.5,1,1,0.0,0,0.0,0.0,13,6,0.0,2,2,0,0,0,1,2,0,2,0,0,2,0,0,0,0,2,1.0,2,1.0,2,0,2,0,2,0,0,2,0,1,0,0,0,0,0,2,2,114,657,537,4,0,1,6,1.0,2,0,115,119,211,2,17815
2025-07-11,30,com.thomaskioko.tvmaniac.shared,StateFlowObserver,unsubscribe,1,0,0.0,1,1.0,0,0,1,0,3,0,1,0,1.0,0,1,0,1,1.0,1,2.0,0,0,0.0,0,0.0,0.0,13,6,0.0,2,2,0,0,0,1,2,0,2,0,0,2,0,0,0,0,2,1.0,2,1.0,2,0,2,0,2,0,0,2,0,1,0,0,0,0,0,2,2,114,657,537,4,0,1,6,1.0,2,0,115,119,211,2,17815
2025-07-11,30,com.thomaskioko.tvmaniac.tmdb.implementation,TmdbPlatformComponent,provideTmdbHttpClientEngine,1,0,0.0,1,1.0,0,0,1,0,1,0,1,0,0.0,0,0,0,1,0.0,1,2.0,0,0,0.0,0,0.0,0.0,3,1,0.0,1,0,0,0,0,1,0,0,0,0,0,0,0,0,0,0,1,0.0,1,1.0,1,0,0,0,1,0,0,1,0,1,0,0,0,0,0,1,1,114,657,537,8,0,0,1,1.0,8,5,338,119,211,14,17815
2025-07-11,30,com.thomaskioko.tvmaniac.tmdb.implementation,DefaultTmdbSeasonDetailsNetworkDataSource,getSeasonDetails,1,0,0.0,0,0.0,0,1,1,0,5,0,1,0,0.0,0,0,0,2,0.0,0,2.0,2,0,0.0,0,0.0,1.0,7,0,0.0,1,0,1,1,0,2,0,0,0,0,0,0,0,0,0,0,1,0.0,1,1.0,1,1,0,0,1,0,0,1,0,1,0,0,0,0,0,1,1,114,657,537,8,0,0,2,1.0,8,5,338,119,211,14,17815
2025-07-11,30,com.thomaskioko.tvmaniac.tmdb.implementation,DefaultTmdbShowDetailsNetworkDataSource,getShowDetails,1,0,0.0,0,0.0,0,4,1,0,5,0,1,0,0.0,0,0,0,2,0.0,0,2.0,1,0,0.0,0,0.0,1.0,24,0,0.0,4,0,4,1,0,4,0,0,0,0,0,0,0,0,0,0,4,0.0,4,1.0,4,4,0,0,4,0,0,4,0,1,0,0,0,0,0,4,4,114,657,537,8,0,0,7,1.0,8,5,338,119,211,14,17815
2025-07-11,30,com.thomaskioko.tvmaniac.tmdb.implementation,DefaultTmdbShowDetailsNetworkDataSource,getSimilarShows,1,0,0.0,0,0.0,0,4,1,0,5,0,1,0,0.0,0,0,0,2,0.0,0,2.0,2,0,0.0,0,0.0,1.0,24,0,0.0,4,0,4,1,0,4,0,0,0,0,0,0,0,0,0,0,4,0.0,4,1.0,4,4,0,0,4,0,0,4,0,1,0,0,0,0,0,4,4,114,657,537,8,0,0,7,1.0,8,5,338,119,211,14,17815
2025-07-11,30,com.thomaskioko.tvmaniac.tmdb.implementation,DefaultTmdbShowDetailsNetworkDataSource,getRecommendedShows,1,0,0.0,0,0.0,0,4,1,0,5,0,1,0,0.0,0,0,0,2,0.0,0,2.0,2,0,0.0,0,0.0,1.0,24,0,0.0,4,0,4,1,0,4,0,0,0,0,0,0,0,0,0,0,4,0.0,4,1.0,4,4,0,0,4,0,0,4,0,1,0,0,0,0,0,4,4,114,657,537,8,0,0,7,1.0,8,5,338,119,211,14,17815
2025-07-11,30,com.thomaskioko.tvmaniac.tmdb.implementation,DefaultTmdbShowDetailsNetworkDataSource,getShowWatchProviders,1,0,0.0,0,0.0,0,4,1,0,4,0,1,0,0.0,0,0,0,1,0.0,0,2.0,1,0,0.0,0,0.0,1.0,24,0,0.0,4,0,4,1,0,4,0,0,0,0,0,0,0,0,0,0,4,0.0,4,1.0,4,4,0,0,4,0,0,4,0,1,0,0,0,0,0,4,4,114,657,537,8,0,0,7,1.0,8,5,338,119,211,14,17815
2025-07-11,30,com.thomaskioko.tvmaniac.tmdb.implementation,DefaultTmdbShowsNetworkDataSource,getAiringToday,1,0,0.0,0,0.0,0,7,1,0,5,0,1,0,0.0,0,0,0,2,0.0,0,2.0,1,0,0.0,0,0.0,1.0,48,0,0.0,7,0,7,1,0,4,0,0,0,0,0,0,0,0,0,0,7,0.0,7,1.0,7,7,0,0,7,0,0,7,0,1,0,0,0,0,0,7,7,114,657,537,8,0,0,13,1.0,8,5,338,119,211,14,17815
2025-07-11,30,com.thomaskioko.tvmaniac.tmdb.implementation,DefaultTmdbShowsNetworkDataSource,getDiscoverShows,1,0,0.0,0,0.0,0,7,1,0,6,0,1,0,0.0,0,0,0,2,0.0,0,2.0,2,0,0.0,0,0.0,1.0,48,0,0.0,7,0,7,1,0,4,0,0,0,0,0,0,0,0,0,0,7,0.0,7,1.0,7,7,0,0,7,0,0,7,0,1,0,0,0,0,0,7,7,114,657,537,8,0,0,13,1.0,8,5,338,119,211,14,17815
2025-07-11,30,com.thomaskioko.tvmaniac.tmdb.implementation,DefaultTmdbShowsNetworkDataSource,getPopularShows,1,0,0.0,0,0.0,0,7,1,0,5,0,1,0,0.0,0,0,0,2,0.0,0,2.0,1,0,0.0,0,0.0,1.0,48,0,0.0,7,0,7,1,0,4,0,0,0,0,0,0,0,0,0,0,7,0.0,7,1.0,7,7,0,0,7,0,0,7,0,1,0,0,0,0,0,7,7,114,657,537,8,0,0,13,1.0,8,5,338,119,211,14,17815
2025-07-11,30,com.thomaskioko.tvmaniac.tmdb.implementation,DefaultTmdbShowsNetworkDataSource,getTopRatedShows,1,0,0.0,0,0.0,0,7,1,0,5,0,1,0,0.0,0,0,0,2,0.0,0,2.0,1,0,0.0,0,0.0,1.0,48,0,0.0,7,0,7,1,0,4,0,0,0,0,0,0,0,0,0,0,7,0.0,7,1.0,7,7,0,0,7,0,0,7,0,1,0,0,0,0,0,7,7,114,657,537,8,0,0,13,1.0,8,5,338,119,211,14,17815
2025-07-11,30,com.thomaskioko.tvmaniac.tmdb.implementation,DefaultTmdbShowsNetworkDataSource,getTrendingShows,1,0,0.0,0,0.0,0,7,1,0,4,0,1,0,0.0,0,0,0,1,0.0,0,2.0,1,0,0.0,0,0.0,1.0,48,0,0.0,7,0,7,1,0,4,0,0,0,0,0,0,0,0,0,0,7,0.0,7,1.0,7,7,0,0,7,0,0,7,0,1,0,0,0,0,0,7,7,114,657,537,8,0,0,13,1.0,8,5,338,119,211,14,17815
2025-07-11,30,com.thomaskioko.tvmaniac.tmdb.implementation,DefaultTmdbShowsNetworkDataSource,getUpComingShows,1,0,0.0,0,0.0,0,7,1,0,7,0,1,0,0.0,0,0,0,2,0.0,0,2.0,3,0,0.0,0,0.0,1.0,48,0,0.0,7,0,7,1,0,4,0,0,0,0,0,0,0,0,0,0,7,0.0,7,1.0,7,7,0,0,7,0,0,7,0,1,0,0,0,0,0,7,7,114,657,537,8,0,0,13,1.0,8,5,338,119,211,14,17815
2025-07-11,30,com.thomaskioko.tvmaniac.tmdb.implementation,DefaultTmdbShowsNetworkDataSource,getUpComingShows,1,0,0.0,2,0.5,0,7,1,0,8,0,1,0,0.0,0,0,0,4,0.0,0,2.0,4,0,0.0,0,0.0,1.0,48,0,0.0,7,0,7,1,0,4,0,0,0,0,0,0,0,0,0,0,7,0.0,7,1.0,7,7,0,0,7,0,0,7,0,1,0,0,0,0,0,7,7,114,657,537,8,0,0,13,1.0,8,5,338,119,211,14,17815
2025-07-11,30,com.thomaskioko.tvmaniac.tmdb.implementation,TmdbPlatformComponent,provideTmdbHttpClientEngine,1,0,0.0,1,1.0,0,0,1,0,1,0,1,0,0.0,0,0,0,1,0.0,1,2.0,0,0,0.0,0,0.0,0.0,3,1,0.0,1,0,0,0,0,1,0,0,0,0,0,0,0,0,0,0,1,0.0,1,1.0,1,0,0,0,1,0,0,1,0,1,0,0,0,0,0,1,1,114,657,537,8,0,0,1,1.0,8,5,338,119,211,14,17815
2025-07-11,30,com.thomaskioko.tvmaniac.plugins,AndroidLibraryPlugin,apply,1,0,0.0,1,1.0,1,0,1,0,11,0,1,1,0.0,1,0,1,6,0.0,0,2.25,1,1,0.0,0,0.0,1.0,13,11,0.0,1,0,1,1,0,1,1,0,0,0,0,0,0,0,0,0,1,0.0,1,1.0,1,1,0,0,1,0,0,1,0,1,0,0,0,0,0,1,1,114,657,537,7,0,1,6,1.0,9,0,355,119,211,7,17815
2025-07-11,30,com.thomaskioko.tvmaniac.plugins,ApplicationPlugin,apply,1,0,0.0,3,1.0,1,0,1,0,18,0,1,2,0.0,1,0,1,13,0.0,0,2.7142857142857144,1,1,0.0,0,0.0,1.0,20,18,0.0,1,0,1,1,0,1,1,0,0,0,0,0,0,0,0,0,1,0.0,1,1.0,1,1,0,0,1,0,0,1,0,1,0,0,0,0,0,1,1,114,657,537,7,0,1,13,1.0,9,0,355,119,211,7,17815
2025-07-11,30,com.thomaskioko.tvmaniac.plugins,ComposeLibraryPlugin,apply,1,0,0.0,2,1.0,1,0,1,0,12,0,1,2,0.0,1,0,1,8,0.0,0,3.0,1,1,0.0,0,0.0,0.0,14,12,0.0,1,0,1,1,0,1,1,0,0,0,0,0,0,0,0,0,1,0.0,1,1.0,1,1,0,0,1,0,0,1,0,1,0,0,0,0,0,1,1,114,657,537,7,0,1,8,1.0,9,0,355,119,211,7,17815
2025-07-11,30,com.thomaskioko.tvmaniac.plugins,DependencyAnalysisPlugin,apply,1,0,0.0,6,0.625,1,0,1,0,34,0,1,0,0.0,1,0,0,23,0.0,0,2.7142857142857144,1,0,0.0,0,0.0,1.0,36,34,0.0,1,0,1,1,0,1,0,0,0,0,0,0,0,0,0,0,1,0.0,1,1.0,1,1,0,0,1,0,0,1,0,1,0,0,0,0,0,1,1,114,657,537,7,0,0,23,1.0,9,0,355,119,211,7,17815
2025-07-11,30,com.thomaskioko.tvmaniac.plugins,GitHooksPlugin,apply,4,4,0.0,8,0.8889,1,0,1,0,15,1,4,0,0.0,0,0,1,19,0.0,1,2.909090909090909,1,1,0.0,0,0.0,1.0,17,15,0.0,1,0,1,1,0,1,1,0,0,0,0,0,0,0,0,0,1,0.0,1,1.0,1,1,0,0,1,0,0,1,0,1,0,0,0,0,0,1,1,114,657,537,7,0,1,19,4.0,9,0,355,119,211,7,17815
2025-07-11,30,com.thomaskioko.tvmaniac.plugins,KotlinMultiplatformConventionPlugin,apply,2,0,0.0,10,0.9,1,0,1,0,25,1,2,2,0.0,1,0,0,59,0.0,1,2.8285714285714287,1,0,0.0,0,0.0,1.0,27,25,0.0,1,0,1,1,0,1,0,0,0,0,0,0,0,0,0,0,2,0.0,2,2.0,1,1,0,0,1,0,0,1,0,1,0,0,0,0,0,1,1,114,657,537,7,0,0,59,2.0,9,0,355,119,211,7,17815
2025-07-11,30,com.thomaskioko.tvmaniac.plugins,SpotlessPlugin,apply,2,1,0.0,7,0.8571,1,0,1,0,24,1,2,0,0.0,1,0,1,18,0.0,1,2.5454545454545454,1,1,0.0,0,0.0,1.0,26,24,0.0,1,0,1,1,0,1,1,0,0,0,0,0,0,0,0,0,2,0.0,2,2.0,1,1,0,0,1,0,0,1,0,1,0,0,0,0,0,1,1,114,657,537,7,0,1,18,2.0,9,0,355,119,211,7,17815
2025-07-11,30,com.thomaskioko.trakt.service.implementation,TraktAuthInterceptor,intercept,1,2,0.0,4,1.0,0,0,1,0,6,0,1,0,0.0,0,0,1,11,0.0,1,2.5714285714285716,1,0,0.0,0,0.0,1.0,8,6,0.0,1,0,1,1,0,2,0,0,0,0,0,0,0,0,0,0,1,0.0,1,1.0,1,1,0,0,1,0,0,1,0,1,0,0,0,0,0,1,1,114,657,537,4,0,1,11,1.0,7,0,344,119,211,14,17815
2025-07-11,30,com.thomaskioko.trakt.service.implementation.inject,TraktPlatformComponent,provideTraktHttpClientEngine,1,0,0.0,1,1.0,0,0,1,0,1,0,1,0,0.0,0,0,0,1,0.0,1,2.0,1,0,0.0,0,0.0,0.0,3,1,0.0,1,0,0,0,0,2,0,0,0,0,0,0,0,0,0,0,1,0.0,1,1.0,1,0,0,0,1,0,0,1,0,1,0,0,0,0,0,1,1,114,657,537,5,0,0,1,1.0,7,5,106,119,211,2,17815
2025-07-11,30,com.thomaskioko.trakt.service.implementation,TraktListRemoteDataSourceImpl,getUser,1,0,0.0,0,0.0,0,4,1,0,5,0,1,0,0.0,0,0,0,2,0.0,0,2.0,1,0,0.0,0,0.0,1.0,24,7,0.0,8,0,8,1,0,8,0,0,0,0,0,0,0,0,0,0,8,0.4642857142857143,8,1.0,8,8,0,0,8,0,0,8,2,1,0,0,0,0,0,8,8,114,657,537,4,0,0,21,1.0,7,0,344,119,211,14,17815
2025-07-11,30,com.thomaskioko.trakt.service.implementation,TraktListRemoteDataSourceImpl,getUserList,1,0,0.0,1,1.0,0,4,1,0,1,0,1,0,0.0,0,0,0,2,0.0,2,3.0,1,0,0.0,0,0.0,1.0,24,7,0.0,8,0,8,1,0,8,0,0,0,0,0,0,0,0,0,0,8,0.4642857142857143,8,1.0,8,8,0,0,8,0,0,8,2,1,0,0,0,0,0,8,8,114,657,537,4,0,0,21,1.0,7,0,344,119,211,14,17815
2025-07-11,30,com.thomaskioko.trakt.service.implementation,TraktListRemoteDataSourceImpl,createFollowingList,1,0,0.0,1,1.0,0,4,1,0,1,0,1,0,0.0,0,0,0,2,0.0,2,2.0,1,0,0.0,0,0.0,1.0,24,7,0.0,8,0,8,1,0,8,0,0,0,0,0,0,0,0,0,0,8,0.4642857142857143,8,1.0,8,8,0,0,8,0,0,8,2,1,0,0,0,0,0,8,8,114,657,537,4,0,0,21,1.0,7,0,344,119,211,14,17815
2025-07-11,30,com.thomaskioko.trakt.service.implementation,TraktListRemoteDataSourceImpl,getFollowedList,1,0,0.0,1,1.0,0,4,1,0,1,0,1,0,0.0,0,0,0,2,0.0,2,2.0,2,0,0.0,0,0.0,1.0,24,7,0.0,8,0,8,1,0,8,0,0,0,0,0,0,0,0,0,0,8,0.4642857142857143,8,1.0,8,8,0,0,8,0,0,8,2,1,0,0,0,0,0,8,8,114,657,537,4,0,0,21,1.0,7,0,344,119,211,14,17815
2025-07-11,30,com.thomaskioko.trakt.service.implementation,TraktListRemoteDataSourceImpl,getWatchList,1,0,0.0,1,1.0,0,4,1,0,1,0,1,0,0.0,0,0,0,2,0.0,2,2.0,0,0,0.0,0,0.0,1.0,24,7,0.0,8,0,8,1,0,8,0,0,0,0,0,0,0,0,0,0,8,0.4642857142857143,8,1.0,8,8,0,0,8,0,0,8,2,1,0,0,0,0,0,8,8,114,657,537,4,0,0,21,1.0,7,0,344,119,211,14,17815
2025-07-11,30,com.thomaskioko.trakt.service.implementation,TraktListRemoteDataSourceImpl,addShowToWatchList,1,0,0.0,1,1.0,0,4,1,0,1,0,1,0,0.0,0,0,0,3,0.0,3,2.0,1,0,0.0,0,0.0,1.0,24,7,0.0,8,0,8,1,0,8,0,0,0,0,0,0,0,0,0,0,8,0.4642857142857143,8,1.0,8,8,0,0,8,0,0,8,2,1,0,0,0,0,0,8,8,114,657,537,4,0,0,21,1.0,7,0,344,119,211,14,17815
2025-07-11,30,com.thomaskioko.trakt.service.implementation,TraktListRemoteDataSourceImpl,removeShowFromWatchList,1,0,0.0,4,1.0,0,4,1,0,4,0,1,0,0.0,0,0,0,5,0.0,1,2.25,1,0,0.0,0,0.0,1.0,24,7,0.0,8,0,8,1,0,8,0,0,0,0,0,0,0,0,0,0,8,0.4642857142857143,8,1.0,8,8,0,0,8,0,0,8,2,1,0,0,0,0,0,8,8,114,657,537,4,0,0,21,1.0,7,0,344,119,211,14,17815
2025-07-11,30,com.thomaskioko.trakt.service.implementation,TraktListRemoteDataSourceImpl,addShowToList,1,0,0.0,1,1.0,0,4,1,0,1,0,1,0,0.0,0,0,0,3,0.0,3,2.0,3,0,0.0,0,0.0,1.0,24,7,0.0,8,0,8,1,0,8,0,0,0,0,0,0,0,0,0,0,8,0.4642857142857143,8,1.0,8,8,0,0,8,0,0,8,2,1,0,0,0,0,0,8,8,114,657,537,4,0,0,21,1.0,7,0,344,119,211,14,17815
2025-07-11,30,com.thomaskioko.trakt.service.implementation,TraktTokenRemoteDataSourceImpl,getAccessToken,1,0,0.0,1,1.0,0,2,1,0,1,0,1,0,0.0,0,0,0,5,0.0,0,2.0,1,0,0.0,0,0.0,1.0,9,3,0.0,3,0,3,1,0,3,1,0,0,0,0,0,0,0,0,0,3,0.33333333333333337,3,1.0,3,3,0,0,3,0,0,3,0,1,0,0,0,0,0,3,3,114,657,537,4,0,1,11,1.0,7,0,344,119,211,14,17815
2025-07-11,30,com.thomaskioko.trakt.service.implementation,TraktTokenRemoteDataSourceImpl,getAccessRefreshToken,1,0,0.0,1,1.0,0,2,1,0,1,0,1,0,0.0,0,0,0,2,0.0,2,2.0,1,0,0.0,0,0.0,1.0,9,3,0.0,3,0,3,1,0,3,1,0,0,0,0,0,0,0,0,0,3,0.33333333333333337,3,1.0,3,3,0,0,3,0,0,3,0,1,0,0,0,0,0,3,3,114,657,537,4,0,1,11,1.0,7,0,344,119,211,14,17815
2025-07-11,30,com.thomaskioko.trakt.service.implementation,TraktTokenRemoteDataSourceImpl,revokeAccessToken,1,0,0.0,1,1.0,0,2,1,0,3,0,1,0,0.0,0,0,1,4,0.0,0,2.0,1,1,0.0,0,0.0,1.0,9,3,0.0,3,0,3,1,0,3,1,0,0,0,0,0,0,0,0,0,3,0.33333333333333337,3,1.0,3,3,0,0,3,0,0,3,0,1,0,0,0,0,0,3,3,114,657,537,4,0,1,11,1.0,7,0,344,119,211,14,17815
2025-07-11,30,com.thomaskioko.trakt.service.implementation,TraktUserRemoteDataSourceImpl,getUser,1,0,0.0,0,0.0,0,2,1,0,5,0,1,0,0.0,0,0,0,2,0.0,0,2.0,1,0,0.0,0,0.0,1.0,9,0,0.0,2,0,2,1,0,3,0,0,0,0,0,0,0,0,0,0,2,1.0,2,1.0,2,2,0,0,2,0,0,2,0,1,0,0,0,0,0,2,2,114,657,537,4,0,0,4,1.0,7,0,344,119,211,14,17815
2025-07-11,30,com.thomaskioko.trakt.service.implementation,TraktUserRemoteDataSourceImpl,getUserList,1,0,0.0,1,1.0,0,2,1,0,1,0,1,0,0.0,0,0,0,2,0.0,2,3.0,1,0,0.0,0,0.0,1.0,9,0,0.0,2,0,2,1,0,3,0,0,0,0,0,0,0,0,0,0,2,1.0,2,1.0,2,2,0,0,2,0,0,2,0,1,0,0,0,0,0,2,2,114,657,537,4,0,0,4,1.0,7,0,344,119,211,14,17815
2025-07-11,30,com.thomaskioko.trakt.service.implementation.inject,TraktPlatformComponent,provideTraktHttpClientEngine,1,0,0.0,1,1.0,0,0,1,0,1,0,1,0,0.0,0,0,0,1,0.0,1,2.0,0,0,0.0,0,0.0,0.0,3,1,0.0,1,0,0,0,0,1,0,0,0,0,0,0,0,0,0,0,1,0.0,1,1.0,1,0,0,0,1,0,0,1,0,1,0,0,0,0,0,1,1,114,657,537,5,0,0,1,1.0,7,5,106,119,211,2,17815
2025-07-11,30,com.thomaskioko.tvmaniac.traktauth.implementation,DefaultTraktAuthManager,registerResult,2,0,1.0,1,1.0,0,0,1,0,5,0,2,1,1.0,1,1,1,1,1.0,1,2.0,0,0,0.0,0,0.3333333333333333,0.6666666666666666,22,16,0.3333333333333333,3,1,2,1,0,1,0,0,1,0,0,0,0,0,1,0,4,0.6666666666666667,4,1.3333333333333333,3,2,1,0,2,1,0,2,0,1,0,0,0,0,0,3,3,114,657,537,9,0,1,18,1.6666666666666667,21,3,274,119,211,15,17815
2025-07-11,30,com.thomaskioko.tvmaniac.traktauth.implementation,DefaultTraktAuthManager,launchWebView,1,0,0.0,1,1.0,0,0,1,0,1,0,1,0,1.0,0,1,0,1,1.0,1,2.0,0,0,0.0,0,0.3333333333333333,0.6666666666666666,22,16,0.3333333333333333,3,1,2,1,0,1,0,0,1,0,0,0,0,0,1,0,4,0.6666666666666667,4,1.3333333333333333,3,2,1,0,2,1,0,2,0,1,0,0,0,0,0,3,3,114,657,537,9,0,1,18,1.6666666666666667,21,3,274,119,211,15,17815
2025-07-11,30,com.thomaskioko.tvmaniac.traktauth.implementation,DefaultTraktAuthManager,onLoginResult,2,2,0.0,4,1.0,0,0,1,0,10,1,2,0,0.0,0,0,0,16,0.0,1,2.875,1,0,0.0,0,0.3333333333333333,0.6666666666666666,22,16,0.3333333333333333,3,1,2,1,0,1,0,0,1,0,0,0,0,0,1,0,4,0.6666666666666667,4,1.3333333333333333,3,2,1,0,2,1,0,2,0,1,0,0,0,0,0,3,3,114,657,537,9,0,1,18,1.6666666666666667,21,3,274,119,211,15,17815
2025-07-11,30,com.thomaskioko.tvmaniac.traktauth.implementation,TraktActivityResultContract,createIntent,1,0,0.0,1,1.0,0,0,2,0,3,0,1,0,0.0,0,0,0,1,0.0,1,2.0,2,0,0.0,0,0.0,0.5,9,4,0.0,2,0,2,1,0,6,0,0,0,0,0,0,0,0,0,0,2,1.0,2,1.0,2,2,0,0,2,0,0,2,2,1,0,0,0,0,0,2,2,114,657,537,9,0,0,4,1.0,21,3,274,119,211,15,17815
2025-07-11,30,com.thomaskioko.tvmaniac.traktauth.implementation,TraktActivityResultContract,parseResult,1,0,0.0,1,1.0,0,0,2,0,1,0,1,0,0.0,0,0,0,3,0.0,0,2.0,2,0,0.0,0,0.0,0.5,9,4,0.0,2,0,2,1,0,6,0,0,0,0,0,0,0,0,0,0,2,1.0,2,1.0,2,2,0,0,2,0,0,2,2,1,0,0,0,0,0,2,2,114,657,537,9,0,0,4,1.0,21,3,274,119,211,15,17815
2025-07-11,30,com.thomaskioko.tvmaniac.traktauth.implementation,TraktAuthComponent,provideAuthConfig,1,0,0.0,1,1.0,0,0,1,0,3,0,1,0,0.0,0,0,0,4,0.0,0,3.0,0,0,0.0,0,0.0,0.5,11,6,0.0,4,0,0,0,0,6,0,0,0,0,0,0,0,0,0,0,4,1.0,4,1.0,4,0,0,0,4,0,0,4,0,1,0,0,0,0,0,4,4,114,657,537,9,0,0,13,1.0,21,3,274,119,211,15,17815
2025-07-11,30,com.thomaskioko.tvmaniac.traktauth.implementation,TraktAuthComponent,provideAuthRequest,1,0,0.0,1,1.0,0,0,1,0,1,0,1,0,0.0,0,0,0,7,0.0,0,2.4,2,0,0.0,0,0.0,0.5,11,6,0.0,4,0,0,0,0,6,0,0,0,0,0,0,0,0,0,0,4,1.0,4,1.0,4,0,0,0,4,0,0,4,0,1,0,0,0,0,0,4,4,114,657,537,9,0,0,13,1.0,21,3,274,119,211,15,17815
2025-07-11,30,com.thomaskioko.tvmaniac.traktauth.implementation,TraktAuthComponent,provideClientAuth,1,0,0.0,1,1.0,0,0,1,0,1,0,1,0,0.0,0,0,0,1,0.0,0,2.0,1,0,0.0,0,0.0,0.5,11,6,0.0,4,0,0,0,0,6,0,0,0,0,0,0,0,0,0,0,4,1.0,4,1.0,4,0,0,0,4,0,0,4,0,1,0,0,0,0,0,4,4,114,657,537,9,0,0,13,1.0,21,3,274,119,211,15,17815
2025-07-11,30,com.thomaskioko.tvmaniac.traktauth.implementation,TraktAuthComponent,provideAuthorizationService,1,0,0.0,0,0.0,0,0,1,0,1,0,1,0,0.0,0,0,0,1,0.0,0,0.0,1,0,0.0,0,0.0,0.5,11,6,0.0,4,0,0,0,0,6,0,0,0,0,0,0,0,0,0,0,4,1.0,4,1.0,4,0,0,0,4,0,0,4,0,1,0,0,0,0,0,4,4,114,657,537,9,0,0,13,1.0,21,3,274,119,211,15,17815
2025-07-11,30,com.thomaskioko.tvmaniac.traktauth.implementation,TraktAuthenticationComponent,provideTraktAuthRepository,1,0,0.0,0,0.0,0,0,1,0,1,0,1,0,0.0,0,0,0,0,0.0,0,0.0,1,0,0.0,0,0.0,0.0,3,1,0.0,1,0,0,0,0,2,0,0,0,0,0,0,0,0,0,0,1,0.0,1,1.0,1,0,0,0,1,0,0,1,0,1,0,0,0,0,0,1,1,114,657,537,9,0,0,0,1.0,21,3,274,119,211,15,17815
2025-07-11,30,com.thomaskioko.tvmaniac.traktauth.implementation,TraktAuthManagerComponent,provideTraktAuthManager,1,0,0.0,0,0.0,0,0,1,0,1,0,1,0,0.0,0,0,0,0,0.0,0,0.0,1,0,0.0,0,0.0,0.0,3,1,0.0,1,0,0,0,0,2,0,0,0,0,0,0,0,0,0,0,1,0.0,1,1.0,1,0,0,0,1,0,0,1,0,1,0,0,0,0,0,1,1,114,657,537,9,0,0,0,1.0,21,3,274,119,211,15,17815
2025-07-11,30,com.thomaskioko.tvmaniac.traktauth.implementation,TraktAuthRepositoryImpl,observeState,1,0,0.0,1,1.0,0,0,1,0,1,0,1,0,1.0,0,1,0,1,1.0,1,2.0,0,0,0.0,0,0.3333333333333333,0.5,35,18,0.5,4,2,4,1,0,2,2,0,2,0,0,2,0,0,0,0,4,0.8333333333333334,4,1.0,4,4,2,0,4,0,0,4,0,1,0,0,0,0,0,4,4,114,657,537,9,0,3,7,1.5,21,3,274,119,211,15,17815
2025-07-11,30,com.thomaskioko.tvmaniac.traktauth.implementation,TraktAuthRepositoryImpl,clearAuth,1,0,1.0,1,1.0,0,0,1,0,4,0,1,1,0.0,1,0,2,3,0.0,0,2.5,0,2,0.0,0,0.3333333333333333,0.5,35,18,0.5,4,2,4,1,0,2,2,0,2,0,0,2,0,0,0,0,4,0.8333333333333334,4,1.0,4,4,2,0,4,0,0,4,0,1,0,0,0,0,0,4,4,114,657,537,9,0,3,7,1.5,21,3,274,119,211,15,17815
2025-07-11,30,com.thomaskioko.tvmaniac.traktauth.implementation,TraktAuthRepositoryImpl,onNewAuthState,1,0,1.0,2,1.0,0,0,1,0,7,0,1,1,0.25,1,1,1,3,1.0,1,2.3333333333333335,1,1,0.0,0,0.3333333333333333,0.5,35,18,0.5,4,2,4,1,0,2,2,0,2,0,0,2,0,0,0,0,4,0.8333333333333334,4,1.0,4,4,2,0,4,0,0,4,0,1,0,0,0,0,0,4,4,114,657,537,9,0,3,7,1.5,21,3,274,119,211,15,17815
2025-07-11,30,com.thomaskioko.tvmaniac.traktauth.implementation,TraktAuthRepositoryImpl,updateAuthState,3,0,0.0,0,0.0,0,0,1,0,6,1,3,0,1.0,0,1,0,0,2.0,0,2.0,1,0,0.0,0,0.3333333333333333,0.5,35,18,0.5,4,2,4,1,0,2,2,0,2,0,0,2,0,0,0,0,4,0.8333333333333334,4,1.0,4,4,2,0,4,0,0,4,0,1,0,0,0,0,0,4,4,114,657,537,9,0,3,7,1.5,21,3,274,119,211,15,17815
2025-07-11,30,com.thomaskioko.tvmaniac.traktauth.testing,FakeTraktAuthManager,launchWebView,1,0,0.0,0,0.0,1,0,1,0,3,0,1,0,0.0,0,0,1,1,0.0,0,0.0,0,1,0.0,0,0.0,0.0,9,6,0.0,2,0,2,1,0,0,1,0,0,0,0,0,0,0,0,0,2,0.0,2,1.0,2,2,0,0,2,0,0,2,0,1,0,0,0,0,0,2,2,114,657,537,2,0,2,2,1.0,6,0,47,119,211,7,17815
2025-07-11,30,com.thomaskioko.tvmaniac.traktauth.testing,FakeTraktAuthManager,registerResult,1,0,0.0,0,0.0,1,0,1,0,3,0,1,0,0.0,0,0,1,1,0.0,0,0.0,0,1,0.0,0,0.0,0.0,9,6,0.0,2,0,2,1,0,0,1,0,0,0,0,0,0,0,0,0,2,0.0,2,1.0,2,2,0,0,2,0,0,2,0,1,0,0,0,0,0,2,2,114,657,537,2,0,2,2,1.0,6,0,47,119,211,7,17815
2025-07-11,30,com.thomaskioko.tvmaniac.traktauth.testing,FakeTraktAuthRepository,setAuthState,1,0,0.0,1,1.0,1,1,1,0,3,0,1,0,0.5,0,1,0,1,1.0,1,2.0,1,0,0.0,0,0.1,0.0,15,1,0.0,5,1,4,1,0,3,1,0,1,0,0,1,0,0,0,0,2,1.0,5,1.0,5,4,1,0,5,0,0,5,0,1,0,0,0,0,0,5,5,114,657,537,2,0,0,2,1.0,6,0,47,119,211,7,17815
2025-07-11,30,com.thomaskioko.tvmaniac.traktauth.testing,FakeTraktAuthRepository,observeState,1,0,0.0,1,1.0,1,1,1,0,1,0,1,0,1.0,0,1,0,1,1.0,1,2.0,0,0,0.0,0,0.1,0.0,15,1,0.0,5,1,4,1,0,3,1,0,1,0,0,1,0,0,0,0,2,1.0,5,1.0,5,4,1,0,5,0,0,5,0,1,0,0,0,0,0,5,5,114,657,537,2,0,0,2,1.0,6,0,47,119,211,7,17815
2025-07-11,30,com.thomaskioko.tvmaniac.traktauth.testing,FakeTraktAuthRepository,updateAuthState,0,0,0.0,0,0.0,1,1,1,0,0,0,0,0,0.0,0,0,0,0,0.0,0,0.0,1,0,0.0,0,0.1,0.0,15,1,0.0,5,1,4,1,0,3,1,0,1,0,0,1,0,0,0,0,2,1.0,5,1.0,5,4,1,0,5,0,0,5,0,1,0,0,0,0,0,5,5,114,657,537,2,0,0,2,1.0,6,0,47,119,211,7,17815
2025-07-11,30,com.thomaskioko.tvmaniac.traktauth.testing,FakeTraktAuthRepository,clearAuth,0,0,0.0,0,0.0,1,1,1,0,0,0,0,0,0.0,0,0,0,0,0.0,0,0.0,0,0,0.0,0,0.1,0.0,15,1,0.0,5,1,4,1,0,3,1,0,1,0,0,1,0,0,0,0,2,1.0,5,1.0,5,4,1,0,5,0,0,5,0,1,0,0,0,0,0,5,5,114,657,537,2,0,0,2,1.0,6,0,47,119,211,7,17815
2025-07-11,30,com.thomaskioko.tvmaniac.traktauth.testing,FakeTraktAuthRepository,onNewAuthState,0,0,0.0,0,0.0,1,1,1,0,0,0,0,0,0.0,0,0,0,0,0.0,0,0.0,1,0,0.0,0,0.1,0.0,15,1,0.0,5,1,4,1,0,3,1,0,1,0,0,1,0,0,0,0,2,1.0,5,1.0,5,4,1,0,5,0,0,5,0,1,0,0,0,0,0,5,5,114,657,537,2,0,0,2,1.0,6,0,47,119,211,7,17815
