Extraction Date,Project,Package,Class,Method,CYCLO_method,NOLV_method,CLNAMM_method,CINT_method,CDISP_method,NOII_type,NOAM_type,NOCS_type,number_constructor_NotDefaultConstructor,LOC_method,MAXNESTING_method,CC_method,NMCS_method,LAA_method,CM_method,NOAV_method,ATFD_method,FANOUT_method,ATLD_method,MaMCL_method,MeMCL_method,NOP_method,FDP_method,CFNAMM_method,Number_Final_Not_Static_Methods,TCC_type,WOC_type,LOC_type,LOCNAMM_type,CFNAMM_type,NOMNAMM_type,NOA_type,NIM_type,DIT_type,NOPA_type,CBO_type,RFC_type,isStatic_type,number_private_visibility_attributes,number_protected_visibility_attributes,number_package_visibility_attributes,num_final_attributes,num_static_attributes,num_final_static_attributes,num_not_final_not_static_attributes,NOC_type,WMC_type,LCOM5_type,WMCNAMM_type,AMW_type,NOM_type,NMO_type,num_final_not_static_attributes,num_static_not_final_attributes,number_public_visibility_methods,number_private_visibility_methods,number_protected_visibility_methods,number_package_visibility_methods,number_standard_design_methods,number_constructor_DefaultConstructor_methods,number_final_methods,number_abstract_methods,number_static_methods,number_final_static_methods,number_not_final_static_methods,number_not_final_not_static_methods,number_not_abstract_not_final_methods,NOI_project,NOM_project,NOMNAMM_project,NOCS_package,isStatic_method,ATFD_type,FANOUT_type,AMWNAMM_type,NOMNAMM_Package,NOI_Package,LOC_package,NOPK_project,NOCS_project,NOM_package,LOC_project
2025-07-04,argo,de.grobox.transportr,MockTestRunner,newApplication,1,0,0.0,0,0.0,1,0,1,0,3,0,1,0,0.0,1,0,0,2,0.0,0,2.5,3,0,0.0,0,0.0,0.0,5,3,0.0,1,0,1,1,0,4,0,0,0,0,0,0,0,0,0,0,1,0.0,1,1.0,1,1,0,0,1,0,0,1,0,1,0,0,0,0,0,1,1,2,410,291,6,0,0,2,1.0,14,0,443,16,81,19,8204
2025-07-04,argo,de.grobox.transportr,ScreengrabTest,setUp,1,0,0.0,1,1.0,0,5,1,0,3,0,1,0,0.0,0,0,1,1,0.0,1,2.0,0,1,0.0,0,0.047619047619047616,0.42857142857142855,78,15,0.0,5,4,0,0,3,3,1,0,1,0,3,5,1,1,0,3,10,0.7142857142857143,10,1.4285714285714286,7,0,4,0,1,2,4,1,2,0,0,0,0,0,0,7,7,2,410,291,6,0,1,32,3.4285714285714284,14,0,443,16,81,19,8204
2025-07-04,argo,de.grobox.transportr,ScreengrabTest,getFrom,7,0,0.0,1,1.0,0,5,1,0,14,3,7,2,0.3333333333333333,1,1,0,9,1.0,1,2.0,1,0,0.0,0,0.047619047619047616,0.42857142857142855,78,15,0.0,5,4,0,0,3,3,1,0,1,0,3,5,1,1,0,3,10,0.7142857142857143,10,1.4285714285714286,7,0,4,0,1,2,4,1,2,0,0,0,0,0,0,7,7,2,410,291,6,0,1,32,3.4285714285714284,14,0,443,16,81,19,8204
2025-07-04,argo,de.grobox.transportr,ScreengrabTest,getTo,7,0,0.0,1,1.0,0,5,1,0,14,3,7,2,0.3333333333333333,1,1,0,9,1.0,1,2.0,1,0,0.0,0,0.047619047619047616,0.42857142857142855,78,15,0.0,5,4,0,0,3,3,1,0,1,0,3,5,1,1,0,3,10,0.7142857142857143,10,1.4285714285714286,7,0,4,0,1,2,4,1,2,0,0,0,0,0,0,7,7,2,410,291,6,0,1,32,3.4285714285714284,14,0,443,16,81,19,8204
2025-07-04,argo,de.grobox.transportr,ScreengrabTest,getLocation,1,0,0.0,0,0.0,0,5,1,0,3,0,1,1,0.0,1,0,0,1,0.0,0,0.0,1,0,0.0,0,0.047619047619047616,0.42857142857142855,78,15,0.0,5,4,0,0,3,3,1,0,1,0,3,5,1,1,0,3,10,0.7142857142857143,10,1.4285714285714286,7,0,4,0,1,2,4,1,2,0,0,0,0,0,0,7,7,2,410,291,6,0,1,32,3.4285714285714284,14,0,443,16,81,19,8204
2025-07-04,argo,de.grobox.transportr,ScreengrabTest,getRandomId,1,0,0.0,1,1.0,0,5,1,0,3,0,1,0,0.0,0,0,0,2,0.0,2,3.0,0,0,0.0,0,0.047619047619047616,0.42857142857142855,78,15,0.0,5,4,0,0,3,3,1,0,1,0,3,5,1,1,0,3,10,0.7142857142857143,10,1.4285714285714286,7,0,4,0,1,2,4,1,2,0,0,0,0,0,0,7,7,2,410,291,6,0,1,32,3.4285714285714284,14,0,443,16,81,19,8204
2025-07-04,argo,de.grobox.transportr,ScreengrabTest,makeScreenshot,4,0,0.0,3,1.0,0,5,1,0,8,2,4,0,0.0,0,0,0,6,0.0,1,2.0,1,0,0.0,0,0.047619047619047616,0.42857142857142855,78,15,0.0,5,4,0,0,3,3,1,0,1,0,3,5,1,1,0,3,10,0.7142857142857143,10,1.4285714285714286,7,0,4,0,1,2,4,1,2,0,0,0,0,0,0,7,7,2,410,291,6,0,1,32,3.4285714285714284,14,0,443,16,81,19,8204
2025-07-04,argo,de.grobox.transportr,ScreengrabTest,sleep,3,0,0.0,1,1.0,0,5,1,0,7,1,3,0,0.0,1,0,0,4,0.0,1,2.5,1,0,0.0,0,0.047619047619047616,0.42857142857142855,78,15,0.0,5,4,0,0,3,3,1,0,1,0,3,5,1,1,0,3,10,0.7142857142857143,10,1.4285714285714286,7,0,4,0,1,2,4,1,2,0,0,0,0,0,0,7,7,2,410,291,6,0,1,32,3.4285714285714284,14,0,443,16,81,19,8204
2025-07-04,argo,de.grobox.transportr.map,MapActivityTest,setUp,1,1,0.0,4,1.0,1,1,1,0,9,0,1,0,1.0,1,2,0,5,2.0,1,2.1666666666666665,0,0,0.0,0,0.16666666666666666,1.0,65,41,0.3333333333333333,4,5,1,1,0,1,7,0,0,0,0,2,0,0,3,0,7,1.0,7,1.75,4,1,5,0,3,1,0,3,1,1,0,0,0,0,0,4,4,2,410,291,13,0,7,46,1.75,61,1,1587,16,81,73,8204
2025-07-04,argo,de.grobox.transportr.map,MapActivityTest,favoritesTest,1,0,1.0,5,0.4,1,1,1,0,13,0,1,0,1.0,1,2,3,12,2.0,1,2.6,0,3,0.0,0,0.16666666666666666,1.0,65,41,0.3333333333333333,4,5,1,1,0,1,7,0,0,0,0,2,0,0,3,0,7,1.0,7,1.75,4,1,5,0,3,1,0,3,1,1,0,0,0,0,0,4,4,2,410,291,13,0,7,46,1.75,61,1,1587,16,81,73,8204
2025-07-04,argo,de.grobox.transportr.map,MapActivityTest,searchLocationShowDeparturesTest,1,0,0.0,3,1.0,1,1,1,0,14,0,1,0,0.0,0,0,3,21,0.0,3,4.0,0,3,0.0,0,0.16666666666666666,1.0,65,41,0.3333333333333333,4,5,1,1,0,1,7,0,0,0,0,2,0,0,3,0,7,1.0,7,1.75,4,1,5,0,3,1,0,3,1,1,0,0,0,0,0,4,4,2,410,291,13,0,7,46,1.75,61,1,1587,16,81,73,8204
2025-07-04,argo,de.grobox.transportr.map,MapActivityTest,addSavedSearches,4,3,0.0,6,1.0,1,1,1,0,14,3,4,0,0.4,0,1,1,8,0.25,1,2.0,1,1,0.0,0,0.16666666666666666,1.0,65,41,0.3333333333333333,4,5,1,1,0,1,7,0,0,0,0,2,0,0,3,0,7,1.0,7,1.75,4,1,5,0,3,1,0,3,1,1,0,0,0,0,0,4,4,2,410,291,13,0,7,46,1.75,61,1,1587,16,81,73,8204
2025-07-04,argo,de.grobox.transportr.networks,PickTransportNetworkActivityTest,setUp,1,0,0.0,3,1.0,1,1,1,0,8,0,1,0,1.0,1,2,0,3,2.0,1,2.0,0,0,0.0,0,0.0,0.5,27,12,0.0,2,2,1,1,0,0,4,0,0,0,0,1,0,0,1,0,2,1.0,2,1.0,2,1,2,0,2,0,0,2,0,1,0,0,0,0,0,2,2,2,410,291,16,0,3,21,1.0,17,1,1505,16,81,49,8204
2025-07-04,argo,de.grobox.transportr.networks,PickTransportNetworkActivityTest,firstRunTest,1,4,0.0,2,1.0,1,1,1,0,12,0,1,0,0.0,0,0,3,18,0.0,0,4.833333333333333,0,3,0.0,0,0.0,0.5,27,12,0.0,2,2,1,1,0,0,4,0,0,0,0,1,0,0,1,0,2,1.0,2,1.0,2,1,2,0,2,0,0,2,0,1,0,0,0,0,0,2,2,2,410,291,16,0,3,21,1.0,17,1,1505,16,81,49,8204
2025-07-04,argo,de.grobox.transportr.trips,TripsTest,setUp,1,1,0.0,3,1.0,1,1,1,0,8,0,1,0,1.0,1,2,0,3,2.0,1,2.0,0,0,0.0,0,1.0,1.0,29,14,0.0,2,2,1,1,0,0,5,0,0,0,0,1,0,0,1,0,2,1.0,2,1.0,2,1,2,0,2,0,0,2,0,1,0,0,0,0,0,2,2,2,410,291,3,0,5,18,1.0,2,0,223,16,81,5,8204
2025-07-04,argo,de.grobox.transportr.trips,TripsTest,searchTest,1,1,0.0,4,1.0,1,1,1,0,14,0,1,0,1.0,0,1,5,15,1.0,1,3.2857142857142856,0,4,0.0,0,1.0,1.0,29,14,0.0,2,2,1,1,0,0,5,0,0,0,0,1,0,0,1,0,2,1.0,2,1.0,2,1,2,0,2,0,0,2,0,1,0,0,0,0,0,2,2,2,410,291,3,0,5,18,1.0,2,0,223,16,81,5,8204
2025-07-04,argo,de.grobox.transportr,TransportrDebugApplication,attachBaseContext,1,0,0.0,0,0.0,1,0,1,0,3,0,1,0,0.0,1,0,0,0,0.0,1,2.0,1,0,0.0,0,0.0,0.0,5,3,0.0,1,0,1,1,0,1,0,0,0,0,0,0,0,0,0,0,1,0.0,1,1.0,1,1,0,0,1,0,0,1,0,1,0,0,0,0,0,1,1,2,410,291,6,0,0,0,1.0,14,0,443,16,81,19,8204
2025-07-04,argo,de.grobox.transportr,TransportrActivity,onCreate,1,0,2.0,2,1.0,1,1,1,0,7,0,1,2,0.6666666666666666,3,2,3,3,2.0,1,2.3333333333333335,1,3,0.0,0,0.03571428571428571,0.75,70,43,0.2857142857142857,8,3,3,4,0,5,8,0,0,1,0,1,0,0,2,5,13,0.9642857142857143,13,1.625,8,3,3,0,3,3,2,3,1,0,0,0,0,0,0,8,8,2,410,291,6,0,8,31,1.625,14,0,443,16,81,19,8204
2025-07-04,argo,de.grobox.transportr,TransportrActivity,onStart,1,0,1.0,0,0.0,1,1,1,0,4,0,1,2,0.0,2,0,1,0,0.0,1,2.0,0,1,0.0,0,0.03571428571428571,0.75,70,43,0.2857142857142857,8,3,3,4,0,5,8,0,0,1,0,1,0,0,2,5,13,0.9642857142857143,13,1.625,8,3,3,0,3,3,2,3,1,0,0,0,0,0,0,8,8,2,410,291,6,0,8,31,1.625,14,0,443,16,81,19,8204
2025-07-04,argo,de.grobox.transportr,TransportrActivity,onOptionsItemSelected,2,0,0.0,1,1.0,1,1,1,0,7,1,2,0,0.0,1,0,0,5,0.0,1,2.6666666666666665,1,0,0.0,0,0.03571428571428571,0.75,70,43,0.2857142857142857,8,3,3,4,0,5,8,0,0,1,0,1,0,0,2,5,13,0.9642857142857143,13,1.625,8,3,3,0,3,3,2,3,1,0,0,0,0,0,0,8,8,2,410,291,6,0,8,31,1.625,14,0,443,16,81,19,8204
2025-07-04,argo,de.grobox.transportr,TransportrActivity,setUpCustomToolbar,2,2,0.0,5,0.4,1,1,1,0,12,1,2,0,0.0,0,0,1,8,0.0,1,2.2,1,1,0.0,0,0.03571428571428571,0.75,70,43,0.2857142857142857,8,3,3,4,0,5,8,0,0,1,0,1,0,0,2,5,13,0.9642857142857143,13,1.625,8,3,3,0,3,3,2,3,1,0,0,0,0,0,0,8,8,2,410,291,6,0,8,31,1.625,14,0,443,16,81,19,8204
2025-07-04,argo,de.grobox.transportr,TransportrActivity,fragmentIsVisible,1,1,0.0,1,1.0,1,1,1,0,4,0,1,0,0.0,0,0,0,1,0.0,1,2.0,1,0,0.0,0,0.03571428571428571,0.75,70,43,0.2857142857142857,8,3,3,4,0,5,8,0,0,1,0,1,0,0,2,5,13,0.9642857142857143,13,1.625,8,3,3,0,3,3,2,3,1,0,0,0,0,0,0,8,8,2,410,291,6,0,8,31,1.625,14,0,443,16,81,19,8204
2025-07-04,argo,de.grobox.transportr,TransportrActivity,useLanguage,1,2,0.0,2,1.0,1,1,1,0,7,0,1,0,1.0,0,1,3,3,0.5,1,2.0,0,2,0.0,0,0.03571428571428571,0.75,70,43,0.2857142857142857,8,3,3,4,0,5,8,0,0,1,0,1,0,0,2,5,13,0.9642857142857143,13,1.625,8,3,3,0,3,3,2,3,1,0,0,0,0,0,0,8,8,2,410,291,6,0,8,31,1.625,14,0,443,16,81,19,8204
2025-07-04,argo,de.grobox.transportr,TransportrActivity,useLanguageTitle,2,1,0.0,2,1.0,1,1,1,0,4,1,2,0,0.0,0,0,0,4,1.0,0,2.0,0,0,0.0,0,0.03571428571428571,0.75,70,43,0.2857142857142857,8,3,3,4,0,5,8,0,0,1,0,1,0,0,2,5,13,0.9642857142857143,13,1.625,8,3,3,0,3,3,2,3,1,0,0,0,0,0,0,8,8,2,410,291,6,0,8,31,1.625,14,0,443,16,81,19,8204
2025-07-04,argo,de.grobox.transportr,TransportrActivity,ensureTransportNetworkSelected,3,2,0.0,3,1.0,1,1,1,0,10,2,3,0,1.0,0,1,0,7,0.5,1,2.2,0,0,0.0,0,0.03571428571428571,0.75,70,43,0.2857142857142857,8,3,3,4,0,5,8,0,0,1,0,1,0,0,2,5,13,0.9642857142857143,13,1.625,8,3,3,0,3,3,2,3,1,0,0,0,0,0,0,8,8,2,410,291,6,0,8,31,1.625,14,0,443,16,81,19,8204
2025-07-04,argo,de.grobox.transportr,TransportrApplication,onCreate,1,0,1.0,1,1.0,1,0,1,0,5,0,1,1,1.0,2,1,2,2,1.0,1,2.0,0,1,0.0,0,0.0,0.5,14,8,0.5,2,1,1,3,0,1,1,0,0,0,0,0,0,0,1,0,2,1.0,2,1.0,2,1,1,0,1,0,1,1,2,1,0,0,0,0,0,2,2,2,410,291,6,0,2,5,1.0,14,0,443,16,81,19,8204
2025-07-04,argo,de.grobox.transportr,TransportrApplication,createComponent,1,0,0.0,1,1.0,1,0,1,0,3,0,1,0,0.0,0,0,0,3,0.0,3,4.0,0,0,0.0,0,0.0,0.5,14,8,0.5,2,1,1,3,0,1,1,0,0,0,0,0,0,0,1,0,2,1.0,2,1.0,2,1,1,0,1,0,1,1,2,1,0,0,0,0,0,2,2,2,410,291,6,0,2,5,1.0,14,0,443,16,81,19,8204
2025-07-04,argo,de.grobox.transportr.about,AboutActivity,onCreate,1,0,0.0,3,1.0,1,0,2,1,7,0,1,0,0.0,1,0,4,5,0.0,1,2.25,1,3,0.0,0,0.0,1.0,35,7,0.0,1,0,1,1,0,1,3,0,0,0,0,1,1,1,0,0,1,0.0,1,1.0,1,1,0,0,1,0,0,0,1,1,0,0,0,0,0,4,4,2,410,291,9,0,4,5,1.0,9,0,531,16,81,11,8204
2025-07-04,argo,de.grobox.transportr.about,AboutFragment,onCreateView,3,6,0.0,6,1.0,1,0,1,0,17,0,3,0,0.0,0,0,1,25,0.0,0,3.0,3,1,0.0,0,0.0,1.0,19,17,0.0,1,0,1,1,0,4,1,0,0,0,0,0,0,0,0,0,1,0.0,1,1.0,1,1,0,0,1,0,0,1,1,1,0,0,0,0,0,1,1,2,410,291,9,0,1,25,3.0,9,0,531,16,81,11,8204
2025-07-04,argo,de.grobox.transportr.about,ContributorFragment,onCreateView,1,2,0.0,4,0.75,1,0,1,0,7,0,1,0,0.0,0,0,2,8,0.0,1,3.0,3,0,0.0,0,0.0,1.0,9,7,0.0,1,0,1,1,0,4,0,0,0,0,0,0,0,0,0,0,1,0.0,1,1.0,1,1,0,0,8,0,0,8,4,4,0,0,0,0,0,1,1,2,410,291,9,0,3,15,1.0,9,0,531,16,81,11,8204
2025-07-04,argo,de.grobox.transportr.about,TranslatorsFragment,onCreateView,1,2,0.0,4,0.75,1,0,1,0,7,0,1,0,0.0,0,0,2,8,0.0,1,3.0,3,0,0.0,0,0.0,1.0,9,7,0.0,1,0,1,1,0,4,0,0,0,0,0,0,0,0,0,0,1,0.0,1,1.0,1,1,0,0,8,0,0,8,4,4,0,0,0,0,0,1,1,2,410,291,9,0,3,15,1.0,9,0,531,16,81,11,8204
2025-07-04,argo,de.grobox.transportr.about,ContributorGroupAdapter,onCreateViewHolder,1,1,0.0,1,1.0,1,1,2,0,4,0,1,0,0.0,0,0,0,6,0.0,0,6.0,2,0,0.0,0,0.0,1.0,24,7,0.0,3,0,3,1,0,3,1,0,0,0,0,0,0,0,0,0,3,1.0,3,1.0,3,3,0,0,8,0,0,8,4,4,0,0,0,0,0,4,4,2,410,291,9,0,3,15,1.0,9,0,531,16,81,11,8204
2025-07-04,argo,de.grobox.transportr.about,ContributorGroupAdapter,onBindViewHolder,1,0,0.0,1,1.0,1,1,2,0,3,0,1,0,0.0,0,0,1,1,0.0,1,2.0,2,1,0.0,0,0.0,1.0,24,7,0.0,3,0,3,1,0,3,1,0,0,0,0,0,0,0,0,0,3,1.0,3,1.0,3,3,0,0,8,0,0,8,4,4,0,0,0,0,0,4,4,2,410,291,9,0,3,15,1.0,9,0,531,16,81,11,8204
2025-07-04,argo,de.grobox.transportr.about,ContributorGroupAdapter,getItemCount,1,0,0.0,0,0.0,1,1,2,0,1,0,1,0,0.0,0,0,0,0,0.0,0,2.0,0,0,0.0,0,0.0,1.0,24,7,0.0,3,0,3,1,0,3,1,0,0,0,0,0,0,0,0,0,3,1.0,3,1.0,3,3,0,0,8,0,0,8,4,4,0,0,0,0,0,4,4,2,410,291,9,0,3,15,1.0,9,0,531,16,81,11,8204
2025-07-04,argo,de.grobox.transportr.about,ContributorAdapter,onCreateViewHolder,1,1,0.0,1,1.0,1,1,2,0,4,0,1,0,0.0,0,0,0,6,0.0,0,6.0,2,0,0.0,0,0.0,1.0,20,7,0.0,3,0,3,1,0,3,1,0,0,0,0,0,0,0,0,0,3,1.0,3,1.0,3,3,0,0,8,0,0,8,4,4,0,0,0,0,0,4,4,2,410,291,9,0,3,15,1.0,9,0,531,16,81,11,8204
2025-07-04,argo,de.grobox.transportr.about,ContributorAdapter,onBindViewHolder,1,0,0.0,1,1.0,1,1,2,0,3,0,1,0,0.0,0,0,1,1,0.0,1,2.0,2,1,0.0,0,0.0,1.0,20,7,0.0,3,0,3,1,0,3,1,0,0,0,0,0,0,0,0,0,3,1.0,3,1.0,3,3,0,0,8,0,0,8,4,4,0,0,0,0,0,4,4,2,410,291,9,0,3,15,1.0,9,0,531,16,81,11,8204
2025-07-04,argo,de.grobox.transportr.about,ContributorAdapter,getItemCount,1,0,0.0,0,0.0,1,1,2,0,1,0,1,0,0.0,0,0,0,0,0.0,0,2.0,0,0,0.0,0,0.0,1.0,20,7,0.0,3,0,3,1,0,3,1,0,0,0,0,0,0,0,0,0,3,1.0,3,1.0,3,3,0,0,8,0,0,8,4,4,0,0,0,0,0,4,4,2,410,291,9,0,3,15,1.0,9,0,531,16,81,11,8204
2025-07-04,argo,de.grobox.transportr.about,ContributorsActivity,onCreate,1,0,0.0,3,1.0,1,0,2,1,7,0,1,0,0.0,1,0,4,5,0.0,1,2.25,1,3,0.0,0,0.0,1.0,35,7,0.0,1,0,1,1,0,1,3,0,0,0,0,1,1,1,0,0,1,0.0,1,1.0,1,1,0,0,1,0,0,0,1,1,0,0,0,0,0,4,4,2,410,291,9,0,4,5,1.0,9,0,531,16,81,11,8204
2025-07-04,argo,de.grobox.transportr.data.locations,LocationRepository,setHomeLocation,2,1,0.0,2,1.0,0,3,1,1,7,1,2,1,0.5,2,1,1,5,0.5,0,2.6666666666666665,1,1,0.0,0,0.6,1.0,59,28,0.5,4,4,0,1,3,5,3,0,1,0,3,4,0,0,0,0,9,0.30000000000000004,9,1.8,5,0,4,0,3,2,0,3,0,1,0,0,0,0,0,5,5,2,410,291,1,0,3,37,3.2,2,0,115,16,81,5,8204
2025-07-04,argo,de.grobox.transportr.data.locations,LocationRepository,setWorkLocation,2,1,0.0,2,1.0,0,3,1,1,7,1,2,1,0.5,2,1,1,5,0.5,0,2.6666666666666665,1,1,0.0,0,0.6,1.0,59,28,0.5,4,4,0,1,3,5,3,0,1,0,3,4,0,0,0,0,9,0.30000000000000004,9,1.8,5,0,4,0,3,2,0,3,0,1,0,0,0,0,0,5,5,2,410,291,1,0,3,37,3.2,2,0,115,16,81,5,8204
2025-07-04,argo,de.grobox.transportr.data.locations,LocationRepository,addFavoriteLocation,8,4,1.0,5,1.0,0,3,1,1,24,1,8,2,0.25,3,1,1,12,0.17,1,2.0,2,1,0.0,0,0.6,1.0,59,28,0.5,4,4,0,1,3,5,3,0,1,0,3,4,0,0,0,0,9,0.30000000000000004,9,1.8,5,0,4,0,3,2,0,3,0,1,0,0,0,0,0,5,5,2,410,291,1,0,3,37,3.2,2,0,115,16,81,5,8204
2025-07-04,argo,de.grobox.transportr.data.locations,LocationRepository,getFavoriteLocation,3,0,0.0,0,0.0,0,3,1,1,3,0,3,0,0.125,1,0,0,7,0.5,0,2.0,2,0,0.0,0,0.6,1.0,59,28,0.5,4,4,0,1,3,5,3,0,1,0,3,4,0,0,0,0,9,0.30000000000000004,9,1.8,5,0,4,0,3,2,0,3,0,1,0,0,0,0,0,5,5,2,410,291,1,0,3,37,3.2,2,0,115,16,81,5,8204
2025-07-04,argo,de.grobox.transportr.data.locations,LocationRepository,findExistingLocation,1,0,0.0,1,1.0,0,3,1,1,4,0,1,0,0.25,0,1,0,8,1.0,0,2.142857142857143,1,0,0.0,0,0.6,1.0,59,28,0.5,4,4,0,1,3,5,3,0,1,0,3,4,0,0,0,0,9,0.30000000000000004,9,1.8,5,0,4,0,3,2,0,3,0,1,0,0,0,0,0,5,5,2,410,291,1,0,3,37,3.2,2,0,115,16,81,5,8204
2025-07-04,argo,de.grobox.transportr.data.searches,SearchesRepository,fetchFavoriteTrips,4,5,0.0,4,1.0,0,1,1,0,15,3,4,0,0.6666666666666666,0,1,1,11,0.33,1,2.5,1,1,0.0,0,0.0,0.6666666666666666,57,36,0.0,6,3,0,1,1,5,2,0,2,0,1,3,0,0,0,0,15,0.6,15,2.5,6,0,3,0,5,1,0,5,0,1,0,0,0,0,0,6,6,2,410,291,1,0,3,29,2.8,5,0,104,16,81,6,8204
2025-07-04,argo,de.grobox.transportr.data.searches,SearchesRepository,storeSearch,5,1,0.0,4,0.75,0,1,1,0,10,4,5,0,0.125,1,1,0,13,0.25,1,2.090909090909091,3,0,0.0,0,0.0,0.6666666666666666,57,36,0.0,6,3,0,1,1,5,2,0,2,0,1,3,0,0,0,0,15,0.6,15,2.5,6,0,3,0,5,1,0,5,0,1,0,0,0,0,0,6,6,2,410,291,1,0,3,29,2.8,5,0,104,16,81,6,8204
2025-07-04,argo,de.grobox.transportr.data.searches,SearchesRepository,isFavorite,1,0,0.0,0,0.0,0,1,1,0,3,0,1,0,0.0,1,0,0,1,0.0,1,2.0,1,0,0.0,0,0.0,0.6666666666666666,57,36,0.0,6,3,0,1,1,5,2,0,2,0,1,3,0,0,0,0,15,0.6,15,2.5,6,0,3,0,5,1,0,5,0,1,0,0,0,0,0,6,6,2,410,291,1,0,3,29,2.8,5,0,104,16,81,6,8204
2025-07-04,argo,de.grobox.transportr.data.searches,SearchesRepository,updateFavoriteState,1,0,0.0,1,1.0,0,1,1,0,3,0,1,2,0.0,2,0,1,2,0.0,0,2.0,1,1,0.0,0,0.0,0.6666666666666666,57,36,0.0,6,3,0,1,1,5,2,0,2,0,1,3,0,0,0,0,15,0.6,15,2.5,6,0,3,0,5,1,0,5,0,1,0,0,0,0,0,6,6,2,410,291,1,0,3,29,2.8,5,0,104,16,81,6,8204
2025-07-04,argo,de.grobox.transportr.data.searches,SearchesRepository,updateFavoriteState,2,0,0.0,1,1.0,0,1,1,0,4,1,2,1,0.0,0,0,1,2,0.0,1,2.0,2,1,0.0,0,0.0,0.6666666666666666,57,36,0.0,6,3,0,1,1,5,2,0,2,0,1,3,0,0,0,0,15,0.6,15,2.5,6,0,3,0,5,1,0,5,0,1,0,0,0,0,0,6,6,2,410,291,1,0,3,29,2.8,5,0,104,16,81,6,8204
2025-07-04,argo,de.grobox.transportr.data.searches,SearchesRepository,removeSearch,2,0,0.0,2,1.0,0,1,1,0,4,1,2,0,0.0,0,0,1,2,0.0,1,2.0,1,1,0.0,0,0.0,0.6666666666666666,57,36,0.0,6,3,0,1,1,5,2,0,2,0,1,3,0,0,0,0,15,0.6,15,2.5,6,0,3,0,5,1,0,5,0,1,0,0,0,0,0,6,6,2,410,291,1,0,3,29,2.8,5,0,104,16,81,6,8204
2025-07-04,argo,de.grobox.transportr.departures,DepartureViewHolder,bind,9,3,0.0,8,1.0,0,0,1,0,37,4,9,0,0.7575757575757576,0,9,3,20,4.5,0,2.138888888888889,1,1,0.0,0,0.0,1.0,57,37,0.0,1,9,0,1,0,1,2,0,9,0,0,9,0,0,0,0,6,0.0,6,6.0,1,0,9,0,1,0,0,1,0,1,0,0,0,0,0,1,1,2,410,291,1,0,3,20,9.0,1,0,109,16,81,1,8204
2025-07-04,argo,de.grobox.transportr.favorites.locations,HomePickerDialogFragment,inject,1,0,0.0,0,0.0,1,0,1,0,3,0,1,0,0.0,1,0,1,1,0.0,1,2.0,1,1,0.0,0,0.0,0.0,11,6,0.0,2,1,2,1,0,2,2,0,0,0,0,1,0,0,0,0,2,1.0,2,1.0,2,2,1,0,2,0,0,2,0,0,0,0,0,0,0,2,2,2,410,291,3,0,2,2,1.0,13,0,206,16,81,13,8204
2025-07-04,argo,de.grobox.transportr.favorites.locations,HomePickerDialogFragment,onSpecialLocationSet,1,0,0.0,1,1.0,1,0,1,0,3,0,1,0,0.0,0,0,1,1,0.0,1,2.0,1,1,0.0,0,0.0,0.0,11,6,0.0,2,1,2,1,0,2,2,0,0,0,0,1,0,0,0,0,2,1.0,2,1.0,2,2,1,0,2,0,0,2,0,0,0,0,0,0,0,2,2,2,410,291,3,0,2,2,1.0,13,0,206,16,81,13,8204
2025-07-04,argo,de.grobox.transportr.favorites.locations,SpecialLocationFragment,onCreate,1,0,1.0,2,1.0,1,0,1,0,5,0,1,1,0.0,2,0,2,4,0.0,1,2.25,1,2,0.0,0,0.027777777777777776,0.2222222222222222,62,36,0.3333333333333333,9,6,6,3,1,9,6,0,1,2,2,1,0,0,5,2,6,1.0,7,1.1666666666666667,9,6,6,0,6,0,3,6,3,0,0,3,0,0,0,9,6,2,410,291,3,0,7,32,1.2,13,0,206,16,81,13,8204
2025-07-04,argo,de.grobox.transportr.favorites.locations,SpecialLocationFragment,inject,0,0,1.0,0,0.0,1,0,1,0,0,0,0,0,0.0,0,0,0,0,0.0,0,0.0,1,0,0.0,0,0.027777777777777776,0.2222222222222222,62,36,0.3333333333333333,9,6,6,3,1,9,6,0,1,2,2,1,0,0,5,2,6,1.0,7,1.1666666666666667,9,6,6,0,6,0,3,6,3,0,0,3,0,0,0,9,6,2,410,291,3,0,7,32,1.2,13,0,206,16,81,13,8204
2025-07-04,argo,de.grobox.transportr.favorites.locations,SpecialLocationFragment,viewModel,0,0,2.0,0,0.0,1,0,1,0,0,0,0,0,0.0,0,0,0,0,0.0,0,0.0,0,0,0.0,0,0.027777777777777776,0.2222222222222222,62,36,0.3333333333333333,9,6,6,3,1,9,6,0,1,2,2,1,0,0,5,2,6,1.0,7,1.1666666666666667,9,6,6,0,6,0,3,6,3,0,0,3,0,0,0,9,6,2,410,291,3,0,7,32,1.2,13,0,206,16,81,13,8204
2025-07-04,argo,de.grobox.transportr.favorites.locations,SpecialLocationFragment,onCreateView,1,1,1.0,8,0.6667,1,0,1,0,14,0,1,2,0.8333333333333334,1,3,1,17,0.75,1,2.3076923076923075,3,0,0.0,0,0.027777777777777776,0.2222222222222222,62,36,0.3333333333333333,9,6,6,3,1,9,6,0,1,2,2,1,0,0,5,2,6,1.0,7,1.1666666666666667,9,6,6,0,6,0,3,6,3,0,0,3,0,0,0,9,6,2,410,291,3,0,7,32,1.2,13,0,206,16,81,13,8204
2025-07-04,argo,de.grobox.transportr.favorites.locations,SpecialLocationFragment,onActivityCreated,2,1,0.0,4,0.5,1,0,1,0,10,1,2,0,0.0,1,0,1,9,0.0,1,2.4285714285714284,1,1,0.0,0,0.027777777777777776,0.2222222222222222,62,36,0.3333333333333333,9,6,6,3,1,9,6,0,1,2,2,1,0,0,5,2,6,1.0,7,1.1666666666666667,9,6,6,0,6,0,3,6,3,0,0,3,0,0,0,9,6,2,410,291,3,0,7,32,1.2,13,0,206,16,81,13,8204
2025-07-04,argo,de.grobox.transportr.favorites.locations,SpecialLocationFragment,onCancel,1,0,0.0,1,1.0,1,0,1,0,3,0,1,0,0.0,0,0,1,1,0.0,1,2.0,1,1,0.0,0,0.027777777777777776,0.2222222222222222,62,36,0.3333333333333333,9,6,6,3,1,9,6,0,1,2,2,1,0,0,5,2,6,1.0,7,1.1666666666666667,9,6,6,0,6,0,3,6,3,0,0,3,0,0,0,9,6,2,410,291,3,0,7,32,1.2,13,0,206,16,81,13,8204
2025-07-04,argo,de.grobox.transportr.favorites.locations,SpecialLocationFragment,onLocationItemClick,1,0,1.0,1,1.0,1,0,1,0,4,0,1,1,1.0,1,0,2,1,0.5,1,2.0,2,2,0.0,0,0.027777777777777776,0.2222222222222222,62,36,0.3333333333333333,9,6,6,3,1,9,6,0,1,2,2,1,0,0,5,2,6,1.0,7,1.1666666666666667,9,6,6,0,6,0,3,6,3,0,0,3,0,0,0,9,6,2,410,291,3,0,7,32,1.2,13,0,206,16,81,13,8204
2025-07-04,argo,de.grobox.transportr.favorites.locations,SpecialLocationFragment,onSpecialLocationSet,0,0,0.0,0,0.0,1,0,1,0,0,0,0,0,0.0,0,0,0,0,0.0,0,0.0,1,0,0.0,0,0.027777777777777776,0.2222222222222222,62,36,0.3333333333333333,9,6,6,3,1,9,6,0,1,2,2,1,0,0,5,2,6,1.0,7,1.1666666666666667,9,6,6,0,6,0,3,6,3,0,0,3,0,0,0,9,6,2,410,291,3,0,7,32,1.2,13,0,206,16,81,13,8204
2025-07-04,argo,de.grobox.transportr.favorites.locations,SpecialLocationFragment,onLocationCleared,0,0,1.0,0,0.0,1,0,1,0,0,0,0,0,0.0,0,0,0,0,0.0,0,0.0,1,0,0.0,0,0.027777777777777776,0.2222222222222222,62,36,0.3333333333333333,9,6,6,3,1,9,6,0,1,2,2,1,0,0,5,2,6,1.0,7,1.1666666666666667,9,6,6,0,6,0,3,6,3,0,0,3,0,0,0,9,6,2,410,291,3,0,7,32,1.2,13,0,206,16,81,13,8204
2025-07-04,argo,de.grobox.transportr.favorites.locations,WorkPickerDialogFragment,inject,1,0,0.0,0,0.0,1,0,1,0,3,0,1,0,0.0,1,0,1,1,0.0,1,2.0,1,1,0.0,0,0.0,0.0,11,6,0.0,2,1,2,1,0,2,2,0,0,0,0,1,0,0,0,0,2,1.0,2,1.0,2,2,1,0,2,0,0,2,0,0,0,0,0,0,0,2,2,2,410,291,3,0,2,2,1.0,13,0,206,16,81,13,8204
2025-07-04,argo,de.grobox.transportr.favorites.locations,WorkPickerDialogFragment,onSpecialLocationSet,1,0,0.0,1,1.0,1,0,1,0,3,0,1,0,0.0,0,0,1,1,0.0,1,2.0,1,1,0.0,0,0.0,0.0,11,6,0.0,2,1,2,1,0,2,2,0,0,0,0,1,0,0,0,0,2,1.0,2,1.0,2,2,1,0,2,0,0,2,0,0,0,0,0,0,0,2,2,2,410,291,3,0,2,2,1.0,13,0,206,16,81,13,8204
2025-07-04,argo,de.grobox.transportr.favorites.trips,SpecialLocationPopupMenu,getMenuRes,1,0,0.0,0,0.0,0,1,1,0,3,0,1,0,0.0,0,0,0,0,0.0,0,3.0,0,0,0.0,0,0.0,0.5,19,11,0.0,2,1,2,1,0,3,0,0,0,1,0,1,0,0,0,0,3,1.0,3,1.5,2,2,1,0,2,0,0,2,0,0,0,0,0,0,0,2,2,2,410,291,1,0,0,4,2.0,1,0,56,16,81,2,8204
2025-07-04,argo,de.grobox.transportr.favorites.trips,SpecialLocationPopupMenu,onMenuItemClick,3,0,0.0,3,1.0,0,1,1,0,11,1,3,0,0.3333333333333333,1,1,0,4,1.0,1,2.2857142857142856,1,0,0.0,0,0.0,0.5,19,11,0.0,2,1,2,1,0,3,0,0,0,1,0,1,0,0,0,0,3,1.0,3,1.5,2,2,1,0,2,0,0,2,0,0,0,0,0,0,0,2,2,2,410,291,1,0,0,4,2.0,1,0,56,16,81,2,8204
2025-07-04,argo,de.grobox.transportr.locations,LineAdapter,onCreateViewHolder,1,1,0.0,1,1.0,1,1,1,0,4,0,1,0,0.0,0,0,0,6,0.0,0,6.0,2,0,0.0,0,0.5,0.5,19,11,0.0,3,1,3,1,0,4,2,0,1,0,0,0,0,0,1,0,4,1.0,4,1.0,4,3,1,0,5,0,0,5,1,2,0,0,0,0,0,4,4,2,410,291,5,0,3,9,1.0,29,0,668,16,81,42,8204
2025-07-04,argo,de.grobox.transportr.locations,LineAdapter,onBindViewHolder,1,0,0.0,1,1.0,1,1,1,0,3,0,1,0,0.3333333333333333,0,1,1,1,0.5,1,2.0,2,1,0.0,0,0.5,0.5,19,11,0.0,3,1,3,1,0,4,2,0,1,0,0,0,0,0,1,0,4,1.0,4,1.0,4,3,1,0,5,0,0,5,1,2,0,0,0,0,0,4,4,2,410,291,5,0,3,9,1.0,29,0,668,16,81,42,8204
2025-07-04,argo,de.grobox.transportr.locations,LineAdapter,getItemCount,1,0,0.0,0,0.0,1,1,1,0,1,0,1,0,1.0,0,1,0,0,1.0,0,2.0,0,0,0.0,0,0.5,0.5,19,11,0.0,3,1,3,1,0,4,2,0,1,0,0,0,0,0,1,0,4,1.0,4,1.0,4,3,1,0,5,0,0,5,1,2,0,0,0,0,0,4,4,2,410,291,5,0,3,9,1.0,29,0,668,16,81,42,8204
2025-07-04,argo,de.grobox.transportr.locations,LineAdapter,swapLines,1,0,0.0,0,0.0,1,1,1,0,4,0,1,0,0.5,0,1,2,1,1.0,0,0.0,1,1,0.0,0,0.5,0.5,19,11,0.0,3,1,3,1,0,4,2,0,1,0,0,0,0,0,1,0,4,1.0,4,1.0,4,3,1,0,5,0,0,5,1,2,0,0,0,0,0,4,4,2,410,291,5,0,3,9,1.0,29,0,668,16,81,42,8204
2025-07-04,argo,de.grobox.transportr.locations,LineViewHolder,bind,1,0,0.0,1,1.0,1,0,1,0,1,0,1,0,0.0,0,0,0,1,0.0,1,2.0,1,0,0.0,0,0.0,0.5,3,1,0.0,1,0,0,1,0,1,0,0,0,0,0,0,0,0,0,0,1,0.0,1,1.0,1,0,1,0,5,0,0,5,1,2,0,0,0,0,0,1,1,2,410,291,5,0,3,9,1.0,29,0,668,16,81,42,8204
2025-07-04,argo,de.grobox.transportr.locations,LocationGpsView,setLocation,2,0,0.0,0,0.0,0,2,1,0,4,1,2,1,0.0,2,0,0,1,0.0,1,2.0,3,0,0.0,0,0.16666666666666666,0.75,51,10,0.5,3,1,2,1,1,3,3,0,0,0,1,0,0,0,1,0,7,0.6666666666666667,7,1.75,4,2,1,0,4,0,0,4,0,1,0,0,0,0,0,7,7,2,410,291,5,0,8,15,1.75,29,0,668,16,81,42,8204
2025-07-04,argo,de.grobox.transportr.locations,LocationGpsView,clearLocationAndShowDropDown,1,0,1.0,0,0.0,0,2,1,0,4,0,1,1,0.0,2,0,1,0,0.0,1,2.0,1,1,0.0,0,0.16666666666666666,0.75,51,10,0.5,3,1,2,1,1,3,3,0,0,0,1,0,0,0,1,0,7,0.6666666666666667,7,1.75,4,2,1,0,4,0,0,4,0,1,0,0,0,0,0,7,7,2,410,291,5,0,8,15,1.75,29,0,668,16,81,42,8204
2025-07-04,argo,de.grobox.transportr.locations,LocationGpsView,setSearching,2,1,0.0,4,0.75,0,2,1,0,13,1,2,1,1.0,1,1,5,11,1.0,1,2.6,0,2,0.0,0,0.16666666666666666,0.75,51,10,0.5,3,1,2,1,1,3,3,0,0,0,1,0,0,0,1,0,7,0.6666666666666667,7,1.75,4,2,1,0,4,0,0,4,0,1,0,0,0,0,0,7,7,2,410,291,5,0,8,15,1.75,29,0,668,16,81,42,8204
2025-07-04,argo,de.grobox.transportr.locations,LocationGpsView,clearSearching,2,0,0.0,1,1.0,0,2,1,0,6,1,2,0,1.0,0,1,2,3,1.0,0,3.0,0,1,0.0,0,0.16666666666666666,0.75,51,10,0.5,3,1,2,1,1,3,3,0,0,0,1,0,0,0,1,0,7,0.6666666666666667,7,1.75,4,2,1,0,4,0,0,4,0,1,0,0,0,0,0,7,7,2,410,291,5,0,8,15,1.75,29,0,668,16,81,42,8204
2025-07-04,argo,de.grobox.transportr.locations,LocationView,onSaveInstanceState,2,1,0.0,5,0.4,0,9,3,2,10,1,2,0,1.0,1,3,1,10,3.0,1,2.625,0,1,0.0,0,0.33048433048433046,0.5925925925925926,290,121,0.3333333333333333,23,11,5,1,1,14,11,0,12,3,1,8,5,5,8,1,46,0.8974358974358975,46,1.7037037037037037,27,5,11,0,17,9,1,15,6,1,0,0,0,0,0,32,32,2,410,291,5,0,16,71,1.84,29,0,668,16,81,42,8204
2025-07-04,argo,de.grobox.transportr.locations,LocationView,onRestoreInstanceState,6,3,0.0,4,1.0,0,9,3,2,17,2,6,2,0.5714285714285714,3,2,0,9,0.75,1,2.5,1,0,0.0,0,0.33048433048433046,0.5925925925925926,290,121,0.3333333333333333,23,11,5,1,1,14,11,0,12,3,1,8,5,5,8,1,46,0.8974358974358975,46,1.7037037037037037,27,5,11,0,17,9,1,15,6,1,0,0,0,0,0,32,32,2,410,291,5,0,16,71,1.84,29,0,668,16,81,42,8204
2025-07-04,argo,de.grobox.transportr.locations,LocationView,dispatchSaveInstanceState,1,0,0.0,1,1.0,0,9,3,2,3,0,1,0,0.0,0,0,0,0,0.0,1,2.0,1,0,0.0,0,0.33048433048433046,0.5925925925925926,290,121,0.3333333333333333,23,11,5,1,1,14,11,0,12,3,1,8,5,5,8,1,46,0.8974358974358975,46,1.7037037037037037,27,5,11,0,17,9,1,15,6,1,0,0,0,0,0,32,32,2,410,291,5,0,16,71,1.84,29,0,668,16,81,42,8204
2025-07-04,argo,de.grobox.transportr.locations,LocationView,dispatchRestoreInstanceState,1,0,0.0,1,1.0,0,9,3,2,3,0,1,0,0.0,0,0,0,0,0.0,1,2.0,1,0,0.0,0,0.33048433048433046,0.5925925925925926,290,121,0.3333333333333333,23,11,5,1,1,14,11,0,12,3,1,8,5,5,8,1,46,0.8974358974358975,46,1.7037037037037037,27,5,11,0,17,9,1,15,6,1,0,0,0,0,0,32,32,2,410,291,5,0,16,71,1.84,29,0,668,16,81,42,8204
2025-07-04,argo,de.grobox.transportr.locations,LocationView,setTransportNetwork,1,0,0.0,0,0.0,0,9,3,2,3,0,1,0,1.0,0,0,0,0,1.0,0,2.0,1,0,0.0,0,0.33048433048433046,0.5925925925925926,290,121,0.3333333333333333,23,11,5,1,1,14,11,0,12,3,1,8,5,5,8,1,46,0.8974358974358975,46,1.7037037037037037,27,5,11,0,17,9,1,15,6,1,0,0,0,0,0,32,32,2,410,291,5,0,16,71,1.84,29,0,668,16,81,42,8204
2025-07-04,argo,de.grobox.transportr.locations,LocationView,setHomeLocation,1,0,0.0,0,0.0,0,9,3,2,3,0,1,0,0.5,1,1,0,1,1.0,1,2.0,1,0,0.0,0,0.33048433048433046,0.5925925925925926,290,121,0.3333333333333333,23,11,5,1,1,14,11,0,12,3,1,8,5,5,8,1,46,0.8974358974358975,46,1.7037037037037037,27,5,11,0,17,9,1,15,6,1,0,0,0,0,0,32,32,2,410,291,5,0,16,71,1.84,29,0,668,16,81,42,8204
2025-07-04,argo,de.grobox.transportr.locations,LocationView,setWorkLocation,1,0,0.0,0,0.0,0,9,3,2,3,0,1,0,0.5,1,1,0,1,1.0,1,2.0,1,0,0.0,0,0.33048433048433046,0.5925925925925926,290,121,0.3333333333333333,23,11,5,1,1,14,11,0,12,3,1,8,5,5,8,1,46,0.8974358974358975,46,1.7037037037037037,27,5,11,0,17,9,1,15,6,1,0,0,0,0,0,32,32,2,410,291,5,0,16,71,1.84,29,0,668,16,81,42,8204
2025-07-04,argo,de.grobox.transportr.locations,LocationView,setFavoriteLocations,1,0,0.0,0,0.0,0,9,3,2,3,0,1,0,0.5,1,1,0,1,1.0,1,2.0,1,0,0.0,0,0.33048433048433046,0.5925925925925926,290,121,0.3333333333333333,23,11,5,1,1,14,11,0,12,3,1,8,5,5,8,1,46,0.8974358974358975,46,1.7037037037037037,27,5,11,0,17,9,1,15,6,1,0,0,0,0,0,32,32,2,410,291,5,0,16,71,1.84,29,0,668,16,81,42,8204
2025-07-04,argo,de.grobox.transportr.locations,LocationView,handleTextChanged,4,0,2.0,3,0.6667,0,9,3,2,11,2,4,6,0.3333333333333333,4,1,0,4,2.0,1,2.5,1,0,0.0,0,0.33048433048433046,0.5925925925925926,290,121,0.3333333333333333,23,11,5,1,1,14,11,0,12,3,1,8,5,5,8,1,46,0.8974358974358975,46,1.7037037037037037,27,5,11,0,17,9,1,15,6,1,0,0,0,0,0,32,32,2,410,291,5,0,16,71,1.84,29,0,668,16,81,42,8204
2025-07-04,argo,de.grobox.transportr.locations,LocationView,onContentChanged,1,0,1.0,0,0.0,0,9,3,2,4,0,1,1,1.0,1,1,2,0,1.0,0,3.0,0,1,0.0,0,0.33048433048433046,0.5925925925925926,290,121,0.3333333333333333,23,11,5,1,1,14,11,0,12,3,1,8,5,5,8,1,46,0.8974358974358975,46,1.7037037037037037,27,5,11,0,17,9,1,15,6,1,0,0,0,0,0,32,32,2,410,291,5,0,16,71,1.84,29,0,668,16,81,42,8204
2025-07-04,argo,de.grobox.transportr.locations,LocationView,startSuggestLocationsTaskDelayed,4,0,1.0,3,1.0,0,9,3,2,14,2,4,1,1.0,1,4,1,7,4.0,1,2.0,0,1,0.0,0,0.33048433048433046,0.5925925925925926,290,121,0.3333333333333333,23,11,5,1,1,14,11,0,12,3,1,8,5,5,8,1,46,0.8974358974358975,46,1.7037037037037037,27,5,11,0,17,9,1,15,6,1,0,0,0,0,0,32,32,2,410,291,5,0,16,71,1.84,29,0,668,16,81,42,8204
2025-07-04,argo,de.grobox.transportr.locations,LocationView,onSuggestLocationsResult,2,0,0.0,1,1.0,0,9,3,2,5,1,2,0,0.7142857142857143,0,4,1,6,4.0,0,3.3333333333333335,1,0,0.0,0,0.33048433048433046,0.5925925925925926,290,121,0.3333333333333333,23,11,5,1,1,14,11,0,12,3,1,8,5,5,8,1,46,0.8974358974358975,46,1.7037037037037037,27,5,11,0,17,9,1,15,6,1,0,0,0,0,0,32,32,2,410,291,5,0,16,71,1.84,29,0,668,16,81,42,8204
2025-07-04,argo,de.grobox.transportr.locations,LocationView,stopSuggestLocationsTask,2,0,0.0,1,1.0,0,9,3,2,4,1,2,0,1.0,0,2,1,1,2.0,1,2.5,0,0,0.0,0,0.33048433048433046,0.5925925925925926,290,121,0.3333333333333333,23,11,5,1,1,14,11,0,12,3,1,8,5,5,8,1,46,0.8974358974358975,46,1.7037037037037037,27,5,11,0,17,9,1,15,6,1,0,0,0,0,0,32,32,2,410,291,5,0,16,71,1.84,29,0,668,16,81,42,8204
2025-07-04,argo,de.grobox.transportr.locations,LocationView,setLocation,5,0,0.0,2,0.6667,0,9,3,2,18,3,5,1,0.72,1,4,1,14,1.33,0,3.5,3,0,0.0,0,0.33048433048433046,0.5925925925925926,290,121,0.3333333333333333,23,11,5,1,1,14,11,0,12,3,1,8,5,5,8,1,46,0.8974358974358975,46,1.7037037037037037,27,5,11,0,17,9,1,15,6,1,0,0,0,0,0,32,32,2,410,291,5,0,16,71,1.84,29,0,668,16,81,42,8204
2025-07-04,argo,de.grobox.transportr.locations,LocationView,setLocation,1,0,0.0,1,1.0,0,9,3,2,3,0,1,2,0.0,2,0,1,3,1.0,0,2.5,1,1,0.0,0,0.33048433048433046,0.5925925925925926,290,121,0.3333333333333333,23,11,5,1,1,14,11,0,12,3,1,8,5,5,8,1,46,0.8974358974358975,46,1.7037037037037037,27,5,11,0,17,9,1,15,6,1,0,0,0,0,0,32,32,2,410,291,5,0,16,71,1.84,29,0,668,16,81,42,8204
2025-07-04,argo,de.grobox.transportr.locations,LocationView,getLocation,1,0,0.0,0,0.0,0,9,3,2,3,0,1,0,1.0,0,1,0,0,1.0,0,2.0,0,0,0.0,0,0.33048433048433046,0.5925925925925926,290,121,0.3333333333333333,23,11,5,1,1,14,11,0,12,3,1,8,5,5,8,1,46,0.8974358974358975,46,1.7037037037037037,27,5,11,0,17,9,1,15,6,1,0,0,0,0,0,32,32,2,410,291,5,0,16,71,1.84,29,0,668,16,81,42,8204
2025-07-04,argo,de.grobox.transportr.locations,LocationView,setHint,1,0,0.0,1,1.0,0,9,3,2,3,0,1,0,1.0,1,2,0,2,3.0,0,3.0,1,0,0.0,0,0.33048433048433046,0.5925925925925926,290,121,0.3333333333333333,23,11,5,1,1,14,11,0,12,3,1,8,5,5,8,1,46,0.8974358974358975,46,1.7037037037037037,27,5,11,0,17,9,1,15,6,1,0,0,0,0,0,32,32,2,410,291,5,0,16,71,1.84,29,0,668,16,81,42,8204
2025-07-04,argo,de.grobox.transportr.locations,LocationView,onFocusChange,4,0,1.0,2,1.0,0,9,3,2,9,2,4,1,0.0,1,0,0,3,0.0,1,2.0,2,0,0.0,0,0.33048433048433046,0.5925925925925926,290,121,0.3333333333333333,23,11,5,1,1,14,11,0,12,3,1,8,5,5,8,1,46,0.8974358974358975,46,1.7037037037037037,27,5,11,0,17,9,1,15,6,1,0,0,0,0,0,32,32,2,410,291,5,0,16,71,1.84,29,0,668,16,81,42,8204
2025-07-04,argo,de.grobox.transportr.locations,LocationView,onLocationItemClick,2,0,1.0,1,1.0,0,9,3,2,6,1,2,3,0.7142857142857143,4,4,2,3,4.0,1,2.5,1,2,0.0,0,0.33048433048433046,0.5925925925925926,290,121,0.3333333333333333,23,11,5,1,1,14,11,0,12,3,1,8,5,5,8,1,46,0.8974358974358975,46,1.7037037037037037,27,5,11,0,17,9,1,15,6,1,0,0,0,0,0,32,32,2,410,291,5,0,16,71,1.84,29,0,668,16,81,42,8204
2025-07-04,argo,de.grobox.transportr.locations,LocationView,onClick,2,0,0.0,2,1.0,0,9,3,2,5,1,2,0,1.0,0,3,0,3,3.0,0,2.5,0,0,0.0,0,0.33048433048433046,0.5925925925925926,290,121,0.3333333333333333,23,11,5,1,1,14,11,0,12,3,1,8,5,5,8,1,46,0.8974358974358975,46,1.7037037037037037,27,5,11,0,17,9,1,15,6,1,0,0,0,0,0,32,32,2,410,291,5,0,16,71,1.84,29,0,668,16,81,42,8204
2025-07-04,argo,de.grobox.transportr.locations,LocationView,clearLocation,1,0,0.0,0,0.0,0,9,3,2,3,0,1,2,0.0,2,0,1,0,0.0,0,0.0,0,1,0.0,0,0.33048433048433046,0.5925925925925926,290,121,0.3333333333333333,23,11,5,1,1,14,11,0,12,3,1,8,5,5,8,1,46,0.8974358974358975,46,1.7037037037037037,27,5,11,0,17,9,1,15,6,1,0,0,0,0,0,32,32,2,410,291,5,0,16,71,1.84,29,0,668,16,81,42,8204
2025-07-04,argo,de.grobox.transportr.locations,LocationView,clearLocation,1,0,0.0,2,1.0,0,9,3,2,4,0,1,2,0.5,2,1,1,3,2.0,1,2.5,1,1,0.0,0,0.33048433048433046,0.5925925925925926,290,121,0.3333333333333333,23,11,5,1,1,14,11,0,12,3,1,8,5,5,8,1,46,0.8974358974358975,46,1.7037037037037037,27,5,11,0,17,9,1,15,6,1,0,0,0,0,0,32,32,2,410,291,5,0,16,71,1.84,29,0,668,16,81,42,8204
2025-07-04,argo,de.grobox.transportr.locations,LocationView,clearLocationAndShowDropDown,3,0,4.0,2,1.0,0,9,3,2,12,2,3,5,0.9090909090909091,5,4,4,6,4.0,1,2.8,1,3,0.0,0,0.33048433048433046,0.5925925925925926,290,121,0.3333333333333333,23,11,5,1,1,14,11,0,12,3,1,8,5,5,8,1,46,0.8974358974358975,46,1.7037037037037037,27,5,11,0,17,9,1,15,6,1,0,0,0,0,0,32,32,2,410,291,5,0,16,71,1.84,29,0,668,16,81,42,8204
2025-07-04,argo,de.grobox.transportr.locations,LocationView,reset,1,0,0.0,0,0.0,0,9,3,2,3,0,1,0,1.0,1,1,0,1,1.0,1,2.0,0,0,0.0,0,0.33048433048433046,0.5925925925925926,290,121,0.3333333333333333,23,11,5,1,1,14,11,0,12,3,1,8,5,5,8,1,46,0.8974358974358975,46,1.7037037037037037,27,5,11,0,17,9,1,15,6,1,0,0,0,0,0,32,32,2,410,291,5,0,16,71,1.84,29,0,668,16,81,42,8204
2025-07-04,argo,de.grobox.transportr.locations,LocationView,showSoftKeyboard,1,1,0.0,2,1.0,0,9,3,2,4,0,1,0,1.0,0,2,1,3,3.0,1,2.5,0,1,0.0,0,0.33048433048433046,0.5925925925925926,290,121,0.3333333333333333,23,11,5,1,1,14,11,0,12,3,1,8,5,5,8,1,46,0.8974358974358975,46,1.7037037037037037,27,5,11,0,17,9,1,15,6,1,0,0,0,0,0,32,32,2,410,291,5,0,16,71,1.84,29,0,668,16,81,42,8204
2025-07-04,argo,de.grobox.transportr.locations,LocationView,hideSoftKeyboard,1,1,0.0,2,1.0,0,9,3,2,4,0,1,0,1.0,0,2,1,4,3.0,1,3.0,0,1,0.0,0,0.33048433048433046,0.5925925925925926,290,121,0.3333333333333333,23,11,5,1,1,14,11,0,12,3,1,8,5,5,8,1,46,0.8974358974358975,46,1.7037037037037037,27,5,11,0,17,9,1,15,6,1,0,0,0,0,0,32,32,2,410,291,5,0,16,71,1.84,29,0,668,16,81,42,8204
2025-07-04,argo,de.grobox.transportr.locations,LocationView,setLocationViewListener,1,0,0.0,0,0.0,0,9,3,2,3,0,1,0,1.0,0,0,0,0,1.0,0,2.0,1,0,0.0,0,0.33048433048433046,0.5925925925925926,290,121,0.3333333333333333,23,11,5,1,1,14,11,0,12,3,1,8,5,5,8,1,46,0.8974358974358975,46,1.7037037037037037,27,5,11,0,17,9,1,15,6,1,0,0,0,0,0,32,32,2,410,291,5,0,16,71,1.84,29,0,668,16,81,42,8204
2025-07-04,argo,de.grobox.transportr.locations,ReverseGeocoder,findLocation,2,0,2.0,2,1.0,0,1,2,0,4,1,2,3,0.0,3,0,1,3,0.0,1,2.0,1,1,0.0,0,0.0,0.8333333333333334,91,77,0.4,6,0,0,0,0,4,4,0,0,0,0,0,0,0,0,0,16,0.7333333333333334,16,2.6666666666666665,6,0,0,0,2,4,0,2,0,1,0,0,0,0,0,9,9,2,410,291,5,0,3,50,4.5,29,0,668,16,81,42,8204
2025-07-04,argo,de.grobox.transportr.locations,ReverseGeocoder,findLocation,2,0,2.0,2,1.0,0,1,2,0,4,1,2,3,0.0,3,0,1,6,0.0,0,2.0,1,1,0.0,0,0.0,0.8333333333333334,91,77,0.4,6,0,0,0,0,4,4,0,0,0,0,0,0,0,0,0,16,0.7333333333333334,16,2.6666666666666665,6,0,0,0,2,4,0,2,0,1,0,0,0,0,0,9,9,2,410,291,5,0,3,50,4.5,29,0,668,16,81,42,8204
2025-07-04,argo,de.grobox.transportr.locations,ReverseGeocoder,findLocation,3,0,2.0,1,1.0,0,1,2,0,7,1,3,8,0.0,2,0,0,1,0.0,1,2.0,2,0,0.0,0,0.0,0.8333333333333334,91,77,0.4,6,0,0,0,0,4,4,0,0,0,0,0,0,0,0,0,16,0.7333333333333334,16,2.6666666666666665,6,0,0,0,2,4,0,2,0,1,0,0,0,0,0,9,9,2,410,291,5,0,3,50,4.5,29,0,668,16,81,42,8204
2025-07-04,argo,de.grobox.transportr.locations,ReverseGeocoder,findLocationWithGeocoder,6,7,1.0,9,1.0,0,1,2,0,19,3,6,4,0.0,1,0,1,13,0.0,1,2.0,2,1,0.0,0,0.0,0.8333333333333334,91,77,0.4,6,0,0,0,0,4,4,0,0,0,0,0,0,0,0,0,16,0.7333333333333334,16,2.6666666666666665,6,0,0,0,2,4,0,2,0,1,0,0,0,0,0,9,9,2,410,291,5,0,3,50,4.5,29,0,668,16,81,42,8204
2025-07-04,argo,de.grobox.transportr.locations,ReverseGeocoder,findLocationWithOsm,8,12,0.0,15,1.0,0,1,2,0,43,3,8,0,0.0,1,0,2,35,0.0,3,2.423076923076923,2,2,0.0,0,0.0,0.8333333333333334,91,77,0.4,6,0,0,0,0,4,4,0,0,0,0,0,0,0,0,0,16,0.7333333333333334,16,2.6666666666666665,6,0,0,0,2,4,0,2,0,1,0,0,0,0,0,9,9,2,410,291,5,0,3,50,4.5,29,0,668,16,81,42,8204
2025-07-04,argo,de.grobox.transportr.locations,ReverseGeocoder,getWrapLocation,1,0,0.0,0,0.0,0,1,2,0,3,0,1,0,0.0,0,0,0,1,0.0,0,0.0,2,0,0.0,0,0.0,0.8333333333333334,91,77,0.4,6,0,0,0,0,4,4,0,0,0,0,0,0,0,0,0,16,0.7333333333333334,16,2.6666666666666665,6,0,0,0,2,4,0,2,0,1,0,0,0,0,0,9,9,2,410,291,5,0,3,50,4.5,29,0,668,16,81,42,8204
2025-07-04,argo,de.grobox.transportr.map,BaseMapFragment,makeStyleUrl,1,0,0.0,1,1.0,1,1,2,1,1,0,1,0,0.0,0,0,0,5,0.0,0,3.5,1,0,0.0,0,0.3382352941176471,0.4117647058823529,120,79,0.125,16,6,10,1,0,13,4,0,1,5,0,1,0,0,5,1,19,0.9166666666666666,19,1.1875,17,10,6,0,11,1,5,11,5,0,0,1,0,0,0,18,17,2,410,291,13,0,9,63,1.2666666666666666,61,1,1587,16,81,73,8204
2025-07-04,argo,de.grobox.transportr.map,BaseMapFragment,onCreateView,1,1,0.0,3,1.0,1,1,2,1,8,0,1,0,0.5833333333333334,1,5,2,8,1.25,1,3.2,3,0,0.0,0,0.3382352941176471,0.4117647058823529,120,79,0.125,16,6,10,1,0,13,4,0,1,5,0,1,0,0,5,1,19,0.9166666666666666,19,1.1875,17,10,6,0,11,1,5,11,5,0,0,1,0,0,0,18,17,2,410,291,13,0,9,63,1.2666666666666666,61,1,1587,16,81,73,8204
2025-07-04,argo,de.grobox.transportr.map,BaseMapFragment,onViewCreated,1,0,0.0,4,0.5,1,1,2,1,7,0,1,0,0.5714285714285714,1,2,2,10,1.5,1,2.375,2,0,0.0,0,0.3382352941176471,0.4117647058823529,120,79,0.125,16,6,10,1,0,13,4,0,1,5,0,1,0,0,5,1,19,0.9166666666666666,19,1.1875,17,10,6,0,11,1,5,11,5,0,0,1,0,0,0,18,17,2,410,291,13,0,9,63,1.2666666666666666,61,1,1587,16,81,73,8204
2025-07-04,argo,de.grobox.transportr.map,BaseMapFragment,onStart,1,0,0.0,0,0.0,1,1,2,1,4,0,1,0,1.0,1,1,0,1,2.0,1,2.0,0,0,0.0,0,0.3382352941176471,0.4117647058823529,120,79,0.125,16,6,10,1,0,13,4,0,1,5,0,1,0,0,5,1,19,0.9166666666666666,19,1.1875,17,10,6,0,11,1,5,11,5,0,0,1,0,0,0,18,17,2,410,291,13,0,9,63,1.2666666666666666,61,1,1587,16,81,73,8204
2025-07-04,argo,de.grobox.transportr.map,BaseMapFragment,onMapReady,2,1,1.0,4,1.0,1,1,2,1,10,1,2,1,0.25,1,1,2,9,0.5,1,2.6,1,1,0.0,0,0.3382352941176471,0.4117647058823529,120,79,0.125,16,6,10,1,0,13,4,0,1,5,0,1,0,0,5,1,19,0.9166666666666666,19,1.1875,17,10,6,0,11,1,5,11,5,0,0,1,0,0,0,18,17,2,410,291,13,0,9,63,1.2666666666666666,61,1,1587,16,81,73,8204
2025-07-04,argo,de.grobox.transportr.map,BaseMapFragment,onMapStyleLoaded,0,0,1.0,0,0.0,1,1,2,1,0,0,0,0,0.0,0,0,0,0,0.0,0,0.0,1,0,0.0,0,0.3382352941176471,0.4117647058823529,120,79,0.125,16,6,10,1,0,13,4,0,1,5,0,1,0,0,5,1,19,0.9166666666666666,19,1.1875,17,10,6,0,11,1,5,11,5,0,0,1,0,0,0,18,17,2,410,291,13,0,9,63,1.2666666666666666,61,1,1587,16,81,73,8204
2025-07-04,argo,de.grobox.transportr.map,BaseMapFragment,onResume,1,0,0.0,0,0.0,1,1,2,1,4,0,1,0,1.0,1,1,0,1,2.0,1,2.0,0,0,0.0,0,0.3382352941176471,0.4117647058823529,120,79,0.125,16,6,10,1,0,13,4,0,1,5,0,1,0,0,5,1,19,0.9166666666666666,19,1.1875,17,10,6,0,11,1,5,11,5,0,0,1,0,0,0,18,17,2,410,291,13,0,9,63,1.2666666666666666,61,1,1587,16,81,73,8204
2025-07-04,argo,de.grobox.transportr.map,BaseMapFragment,onPause,1,0,0.0,0,0.0,1,1,2,1,4,0,1,0,1.0,1,1,0,1,2.0,1,2.0,0,0,0.0,0,0.3382352941176471,0.4117647058823529,120,79,0.125,16,6,10,1,0,13,4,0,1,5,0,1,0,0,5,1,19,0.9166666666666666,19,1.1875,17,10,6,0,11,1,5,11,5,0,0,1,0,0,0,18,17,2,410,291,13,0,9,63,1.2666666666666666,61,1,1587,16,81,73,8204
2025-07-04,argo,de.grobox.transportr.map,BaseMapFragment,onSaveInstanceState,1,0,0.0,0,0.0,1,1,2,1,4,0,1,0,0.3333333333333333,1,1,0,1,2.0,1,2.0,1,0,0.0,0,0.3382352941176471,0.4117647058823529,120,79,0.125,16,6,10,1,0,13,4,0,1,5,0,1,0,0,5,1,19,0.9166666666666666,19,1.1875,17,10,6,0,11,1,5,11,5,0,0,1,0,0,0,18,17,2,410,291,13,0,9,63,1.2666666666666666,61,1,1587,16,81,73,8204
2025-07-04,argo,de.grobox.transportr.map,BaseMapFragment,onStop,1,0,0.0,0,0.0,1,1,2,1,4,0,1,0,1.0,1,1,0,1,2.0,1,2.0,0,0,0.0,0,0.3382352941176471,0.4117647058823529,120,79,0.125,16,6,10,1,0,13,4,0,1,5,0,1,0,0,5,1,19,0.9166666666666666,19,1.1875,17,10,6,0,11,1,5,11,5,0,0,1,0,0,0,18,17,2,410,291,13,0,9,63,1.2666666666666666,61,1,1587,16,81,73,8204
2025-07-04,argo,de.grobox.transportr.map,BaseMapFragment,onLowMemory,1,0,0.0,0,0.0,1,1,2,1,4,0,1,0,1.0,1,1,0,1,2.0,1,2.0,0,0,0.0,0,0.3382352941176471,0.4117647058823529,120,79,0.125,16,6,10,1,0,13,4,0,1,5,0,1,0,0,5,1,19,0.9166666666666666,19,1.1875,17,10,6,0,11,1,5,11,5,0,0,1,0,0,0,18,17,2,410,291,13,0,9,63,1.2666666666666666,61,1,1587,16,81,73,8204
2025-07-04,argo,de.grobox.transportr.map,BaseMapFragment,onDestroyView,1,0,0.0,1,1.0,1,1,2,1,4,0,1,0,1.0,1,1,0,1,2.0,1,2.0,0,0,0.0,0,0.3382352941176471,0.4117647058823529,120,79,0.125,16,6,10,1,0,13,4,0,1,5,0,1,0,0,5,1,19,0.9166666666666666,19,1.1875,17,10,6,0,11,1,5,11,5,0,0,1,0,0,0,18,17,2,410,291,13,0,9,63,1.2666666666666666,61,1,1587,16,81,73,8204
2025-07-04,argo,de.grobox.transportr.map,BaseMapFragment,animateTo,4,2,0.0,3,0.6667,1,1,2,1,9,1,4,0,0.5384615384615384,0,3,0,17,0.75,1,2.7,2,0,0.0,0,0.3382352941176471,0.4117647058823529,120,79,0.125,16,6,10,1,0,13,4,0,1,5,0,1,0,0,5,1,19,0.9166666666666666,19,1.1875,17,10,6,0,11,1,5,11,5,0,0,1,0,0,0,18,17,2,410,291,13,0,9,63,1.2666666666666666,61,1,1587,16,81,73,8204
2025-07-04,argo,de.grobox.transportr.map,BaseMapFragment,zoomToBounds,4,2,0.0,4,0.75,1,1,2,1,10,1,4,0,0.6666666666666666,0,3,0,9,0.75,1,2.0,2,0,0.0,0,0.3382352941176471,0.4117647058823529,120,79,0.125,16,6,10,1,0,13,4,0,1,5,0,1,0,0,5,1,19,0.9166666666666666,19,1.1875,17,10,6,0,11,1,5,11,5,0,0,1,0,0,0,18,17,2,410,291,13,0,9,63,1.2666666666666666,61,1,1587,16,81,73,8204
2025-07-04,argo,de.grobox.transportr.map,BaseMapFragment,zoomToBounds,1,0,0.0,0,0.0,1,1,2,1,3,0,1,2,0.0,2,0,1,0,0.0,0,0.0,1,1,0.0,0,0.3382352941176471,0.4117647058823529,120,79,0.125,16,6,10,1,0,13,4,0,1,5,0,1,0,0,5,1,19,0.9166666666666666,19,1.1875,17,10,6,0,11,1,5,11,5,0,0,1,0,0,0,18,17,2,410,291,13,0,9,63,1.2666666666666666,61,1,1587,16,81,73,8204
2025-07-04,argo,de.grobox.transportr.map,BaseMapFragment,animateToBounds,1,0,1.0,0,0.0,1,1,2,1,3,0,1,2,0.0,2,0,1,0,0.0,0,0.0,1,1,0.0,0,0.3382352941176471,0.4117647058823529,120,79,0.125,16,6,10,1,0,13,4,0,1,5,0,1,0,0,5,1,19,0.9166666666666666,19,1.1875,17,10,6,0,11,1,5,11,5,0,0,1,0,0,0,18,17,2,410,291,13,0,9,63,1.2666666666666666,61,1,1587,16,81,73,8204
2025-07-04,argo,de.grobox.transportr.map,BaseMapFragment,setPadding,1,0,0.0,1,1.0,1,1,2,1,4,0,1,0,0.2,0,2,1,7,0.5,0,2.5,4,0,0.0,0,0.3382352941176471,0.4117647058823529,120,79,0.125,16,6,10,1,0,13,4,0,1,5,0,1,0,0,5,1,19,0.9166666666666666,19,1.1875,17,10,6,0,11,1,5,11,5,0,0,1,0,0,0,18,17,2,410,291,13,0,9,63,1.2666666666666666,61,1,1587,16,81,73,8204
2025-07-04,argo,de.grobox.transportr.map,DrawerActivity,setupDrawer,5,5,0.0,9,0.9231,1,2,1,0,37,0,5,7,0.6,3,2,3,50,0.67,2,3.16,1,1,0.0,0,0.19047619047619047,0.5714285714285714,76,20,0.2,6,2,0,1,0,6,5,0,2,0,0,0,0,0,2,0,7,0.9523809523809523,7,1.0,7,0,2,0,0,4,3,0,0,0,0,0,0,0,0,10,10,2,410,291,13,0,5,78,1.5714285714285714,61,1,1587,16,81,73,8204
2025-07-04,argo,de.grobox.transportr.map,DrawerActivity,getDrawerItem,1,0,0.0,2,1.0,1,2,1,0,7,0,1,1,0.0,1,0,0,6,0.0,1,4.0,3,0,0.0,0,0.19047619047619047,0.5714285714285714,76,20,0.2,6,2,0,1,0,6,5,0,2,0,0,0,0,0,2,0,7,0.9523809523809523,7,1.0,7,0,2,0,0,4,3,0,0,0,0,0,0,0,0,10,10,2,410,291,13,0,5,78,1.5714285714285714,61,1,1587,16,81,73,8204
2025-07-04,argo,de.grobox.transportr.map,DrawerActivity,addAccounts,1,0,1.0,2,0.5,1,2,1,0,5,0,1,3,0.0,1,0,1,6,0.0,2,3.3333333333333335,0,1,0.0,0,0.19047619047619047,0.5714285714285714,76,20,0.2,6,2,0,1,0,6,5,0,2,0,0,0,0,0,2,0,7,0.9523809523809523,7,1.0,7,0,2,0,0,4,3,0,0,0,0,0,0,0,0,10,10,2,410,291,13,0,5,78,1.5714285714285714,61,1,1587,16,81,73,8204
2025-07-04,argo,de.grobox.transportr.map,DrawerActivity,addAccountItem,1,1,0.0,2,1.0,1,2,1,0,4,0,1,0,0.3333333333333333,0,1,0,10,0.5,0,4.333333333333333,1,0,0.0,0,0.19047619047619047,0.5714285714285714,76,20,0.2,6,2,0,1,0,6,5,0,2,0,0,0,0,0,2,0,7,0.9523809523809523,7,1.0,7,0,2,0,0,4,3,0,0,0,0,0,0,0,0,10,10,2,410,291,13,0,5,78,1.5714285714285714,61,1,1587,16,81,73,8204
2025-07-04,argo,de.grobox.transportr.map,DrawerActivity,openPickNetworkProviderActivity,1,2,0.0,2,1.0,1,2,1,0,5,0,1,0,0.0,0,0,1,4,0.0,0,2.0,1,1,0.0,0,0.19047619047619047,0.5714285714285714,76,20,0.2,6,2,0,1,0,6,5,0,2,0,0,0,0,0,2,0,7,0.9523809523809523,7,1.0,7,0,2,0,0,4,3,0,0,0,0,0,0,0,0,10,10,2,410,291,13,0,5,78,1.5714285714285714,61,1,1587,16,81,73,8204
2025-07-04,argo,de.grobox.transportr.map,DrawerActivity,openDrawer,1,0,0.0,0,0.0,1,2,1,0,3,0,1,0,1.0,1,1,0,1,1.0,1,2.0,0,0,0.0,0,0.19047619047619047,0.5714285714285714,76,20,0.2,6,2,0,1,0,6,5,0,2,0,0,0,0,0,2,0,7,0.9523809523809523,7,1.0,7,0,2,0,0,4,3,0,0,0,0,0,0,0,0,10,10,2,410,291,13,0,5,78,1.5714285714285714,61,1,1587,16,81,73,8204
2025-07-04,argo,de.grobox.transportr.map,DrawerActivity,closeDrawer,1,0,0.0,0,0.0,1,2,1,0,3,0,1,0,1.0,1,1,0,1,1.0,1,2.0,0,0,0.0,0,0.19047619047619047,0.5714285714285714,76,20,0.2,6,2,0,1,0,6,5,0,2,0,0,0,0,0,2,0,7,0.9523809523809523,7,1.0,7,0,2,0,0,4,3,0,0,0,0,0,0,0,0,10,10,2,410,291,13,0,5,78,1.5714285714285714,61,1,1587,16,81,73,8204
2025-07-04,argo,de.grobox.transportr.map,GpsMapFragment,onCreateView,3,2,1.0,7,0.7143,0,1,1,0,15,1,3,1,0.6666666666666666,2,2,1,22,0.5,1,2.6666666666666665,3,0,0.0,0,0.26666666666666666,0.7,98,76,0.5555555555555556,9,3,4,1,0,9,5,0,2,0,1,2,1,1,2,1,15,0.8666666666666667,15,1.5,10,4,3,0,4,4,2,4,2,0,0,0,0,0,0,12,12,2,410,291,13,0,3,63,2.5,61,1,1587,16,81,73,8204
2025-07-04,argo,de.grobox.transportr.map,GpsMapFragment,onMapReady,1,0,0.0,0,0.0,0,1,1,0,3,0,1,0,0.0,1,0,0,0,0.0,1,2.0,1,0,0.0,0,0.26666666666666666,0.7,98,76,0.5555555555555556,9,3,4,1,0,9,5,0,2,0,1,2,1,1,2,1,15,0.8666666666666667,15,1.5,10,4,3,0,4,4,2,4,2,0,0,0,0,0,0,12,12,2,410,291,13,0,3,63,2.5,61,1,1587,16,81,73,8204
2025-07-04,argo,de.grobox.transportr.map,GpsMapFragment,onMapStyleLoaded,2,0,1.0,0,0.0,0,1,1,0,3,1,2,1,0.0,1,0,1,0,0.0,0,0.0,1,1,0.0,0,0.26666666666666666,0.7,98,76,0.5555555555555556,9,3,4,1,0,9,5,0,2,0,1,2,1,1,2,1,15,0.8666666666666667,15,1.5,10,4,3,0,4,4,2,4,2,0,0,0,0,0,0,12,12,2,410,291,13,0,3,63,2.5,61,1,1587,16,81,73,8204
2025-07-04,argo,de.grobox.transportr.map,GpsMapFragment,tryActivateLocationComponent,3,0,2.0,1,1.0,0,1,1,0,7,1,3,2,0.0,2,0,0,1,0.0,1,2.0,0,0,0.0,0,0.26666666666666666,0.7,98,76,0.5555555555555556,9,3,4,1,0,9,5,0,2,0,1,2,1,1,2,1,15,0.8666666666666667,15,1.5,10,4,3,0,4,4,2,4,2,0,0,0,0,0,0,12,12,2,410,291,13,0,3,63,2.5,61,1,1587,16,81,73,8204
2025-07-04,argo,de.grobox.transportr.map,GpsMapFragment,activateLocationComponent,3,0,0.0,2,1.0,0,1,1,0,23,1,3,1,1.0,1,2,1,17,2.0,0,2.7857142857142856,0,1,0.0,0,0.26666666666666666,0.7,98,76,0.5555555555555556,9,3,4,1,0,9,5,0,2,0,1,2,1,1,2,1,15,0.8666666666666667,15,1.5,10,4,3,0,4,4,2,4,2,0,0,0,0,0,0,12,12,2,410,291,13,0,3,63,2.5,61,1,1587,16,81,73,8204
2025-07-04,argo,de.grobox.transportr.map,GpsMapFragment,onGpsFabClick,3,0,2.0,3,1.0,0,1,1,0,10,1,3,1,1.0,2,2,0,13,2.0,0,2.7777777777777777,0,0,0.0,0,0.26666666666666666,0.7,98,76,0.5555555555555556,9,3,4,1,0,9,5,0,2,0,1,2,1,1,2,1,15,0.8666666666666667,15,1.5,10,4,3,0,4,4,2,4,2,0,0,0,0,0,0,12,12,2,410,291,13,0,3,63,2.5,61,1,1587,16,81,73,8204
2025-07-04,argo,de.grobox.transportr.map,GpsMapFragment,requestPermission,2,0,0.0,1,1.0,0,1,1,0,5,1,2,1,0.0,0,0,0,2,0.0,1,2.0,0,0,0.0,0,0.26666666666666666,0.7,98,76,0.5555555555555556,9,3,4,1,0,9,5,0,2,0,1,2,1,1,2,1,15,0.8666666666666667,15,1.5,10,4,3,0,4,4,2,4,2,0,0,0,0,0,0,12,12,2,410,291,13,0,3,63,2.5,61,1,1587,16,81,73,8204
2025-07-04,argo,de.grobox.transportr.map,GpsMapFragment,onRequestPermissionsResult,4,0,1.0,2,1.0,0,1,1,0,7,3,4,1,0.2,1,1,0,4,0.33,1,2.5,3,0,0.0,0,0.26666666666666666,0.7,98,76,0.5555555555555556,9,3,4,1,0,9,5,0,2,0,1,2,1,1,2,1,15,0.8666666666666667,15,1.5,10,4,3,0,4,4,2,4,2,0,0,0,0,0,0,12,12,2,410,291,13,0,3,63,2.5,61,1,1587,16,81,73,8204
2025-07-04,argo,de.grobox.transportr.map,GpsMapFragment,zoomToMyLocation,3,0,0.0,1,1.0,0,1,1,0,3,0,3,0,1.0,0,1,0,4,1.0,0,2.3333333333333335,0,0,0.0,0,0.26666666666666666,0.7,98,76,0.5555555555555556,9,3,4,1,0,9,5,0,2,0,1,2,1,1,2,1,15,0.8666666666666667,15,1.5,10,4,3,0,4,4,2,4,2,0,0,0,0,0,0,12,12,2,410,291,13,0,3,63,2.5,61,1,1587,16,81,73,8204
2025-07-04,argo,de.grobox.transportr.map,GpsMapFragment,getLastKnownLocation,1,0,0.0,0,0.0,0,1,1,0,1,0,1,0,1.0,0,1,0,0,1.0,0,4.0,0,0,0.0,0,0.26666666666666666,0.7,98,76,0.5555555555555556,9,3,4,1,0,9,5,0,2,0,1,2,1,1,2,1,15,0.8666666666666667,15,1.5,10,4,3,0,4,4,2,4,2,0,0,0,0,0,0,12,12,2,410,291,13,0,3,63,2.5,61,1,1587,16,81,73,8204
2025-07-04,argo,de.grobox.transportr.map,MapDrawer,markLocation,2,0,0.0,2,1.0,0,0,1,0,4,1,2,0,0.0,0,0,0,8,0.0,1,3.6666666666666665,5,0,0.0,0,0.0,1.0,29,23,0.0,3,1,0,0,0,8,2,0,1,0,0,1,0,0,0,1,5,1.0,5,1.6666666666666667,3,0,1,0,0,0,3,0,0,0,0,0,0,0,0,3,3,2,410,291,13,0,2,34,2.6666666666666665,61,1,1587,16,81,73,8204
2025-07-04,argo,de.grobox.transportr.map,MapDrawer,zoomToBounds,5,3,0.0,5,0.8,0,0,1,0,12,2,5,0,0.0,0,0,0,18,0.0,1,2.4166666666666665,3,0,0.0,0,0.0,1.0,29,23,0.0,3,1,0,0,0,8,2,0,1,0,0,1,0,0,0,1,5,1.0,5,1.6666666666666667,3,0,1,0,0,0,3,0,0,0,0,0,0,0,0,3,3,2,410,291,13,0,2,34,2.6666666666666665,61,1,1587,16,81,73,8204
2025-07-04,argo,de.grobox.transportr.map,MapDrawer,toIcon,1,2,0.0,3,1.0,0,0,1,0,7,0,1,0,1.0,0,1,2,8,0.5,1,2.2,0,2,0.0,0,0.0,1.0,29,23,0.0,3,1,0,0,0,8,2,0,1,0,0,1,0,0,0,1,5,1.0,5,1.6666666666666667,3,0,1,0,0,0,3,0,0,0,0,0,0,0,0,3,3,2,410,291,13,0,2,34,2.6666666666666665,61,1,1587,16,81,73,8204
2025-07-04,argo,de.grobox.transportr.map,MapFragment,onCreateView,1,1,1.0,3,1.0,1,1,1,0,8,0,1,1,0.5714285714285714,2,3,3,6,0.75,1,2.5,3,1,0.0,0,0.43956043956043955,0.8571428571428571,125,97,0.3076923076923077,14,5,7,1,0,15,9,0,2,0,1,1,0,0,4,0,23,0.8021978021978022,23,1.6428571428571428,14,7,5,0,7,7,0,7,5,1,0,0,0,0,0,14,14,2,410,291,13,0,11,71,1.8571428571428572,61,1,1587,16,81,73,8204
2025-07-04,argo,de.grobox.transportr.map,MapFragment,onMapReady,1,2,3.0,8,0.5,1,1,1,0,18,0,1,3,0.5555555555555556,4,1,2,14,0.33,2,2.4545454545454546,1,2,0.0,0,0.43956043956043955,0.8571428571428571,125,97,0.3076923076923077,14,5,7,1,0,15,9,0,2,0,1,1,0,0,4,0,23,0.8021978021978022,23,1.6428571428571428,14,7,5,0,7,7,0,7,5,1,0,0,0,0,0,14,14,2,410,291,13,0,11,71,1.8571428571428572,61,1,1587,16,81,73,8204
2025-07-04,argo,de.grobox.transportr.map,MapFragment,onMapStyleLoaded,2,0,1.0,1,1.0,1,1,1,0,7,1,2,1,0.6666666666666666,3,1,0,2,1.0,1,2.0,1,0,0.0,0,0.43956043956043955,0.8571428571428571,125,97,0.3076923076923077,14,5,7,1,0,15,9,0,2,0,1,1,0,0,4,0,23,0.8021978021978022,23,1.6428571428571428,14,7,5,0,7,7,0,7,5,1,0,0,0,0,0,14,14,2,410,291,13,0,11,71,1.8571428571428572,61,1,1587,16,81,73,8204
2025-07-04,argo,de.grobox.transportr.map,MapFragment,isInitialPosition,1,0,0.0,1,1.0,1,1,1,0,3,0,1,0,0.0,0,0,0,4,0.0,0,2.0,0,0,0.0,0,0.43956043956043955,0.8571428571428571,125,97,0.3076923076923077,14,5,7,1,0,15,9,0,2,0,1,1,0,0,4,0,23,0.8021978021978022,23,1.6428571428571428,14,7,5,0,7,7,0,7,5,1,0,0,0,0,0,14,14,2,410,291,13,0,11,71,1.8571428571428572,61,1,1587,16,81,73,8204
2025-07-04,argo,de.grobox.transportr.map,MapFragment,zoomInOnFreshStart,4,0,0.0,2,1.0,1,1,1,0,10,1,4,0,1.0,0,1,0,7,1.0,1,2.6666666666666665,0,0,0.0,0,0.43956043956043955,0.8571428571428571,125,97,0.3076923076923077,14,5,7,1,0,15,9,0,2,0,1,1,0,0,4,0,23,0.8021978021978022,23,1.6428571428571428,14,7,5,0,7,7,0,7,5,1,0,0,0,0,0,14,14,2,410,291,13,0,11,71,1.8571428571428572,61,1,1587,16,81,73,8204
2025-07-04,argo,de.grobox.transportr.map,MapFragment,onMarkerClick,3,1,0.0,3,0.6667,1,1,1,0,12,1,3,0,0.6666666666666666,0,3,0,5,1.5,1,2.3333333333333335,1,0,0.0,0,0.43956043956043955,0.8571428571428571,125,97,0.3076923076923077,14,5,7,1,0,15,9,0,2,0,1,1,0,0,4,0,23,0.8021978021978022,23,1.6428571428571428,14,7,5,0,7,7,0,7,5,1,0,0,0,0,0,14,14,2,410,291,13,0,11,71,1.8571428571428572,61,1,1587,16,81,73,8204
2025-07-04,argo,de.grobox.transportr.map,MapFragment,onTransportNetworkChanged,2,0,0.0,1,1.0,1,1,1,0,6,1,2,0,0.5,0,1,0,3,1.0,2,2.5,1,0,0.0,0,0.43956043956043955,0.8571428571428571,125,97,0.3076923076923077,14,5,7,1,0,15,9,0,2,0,1,1,0,0,4,0,23,0.8021978021978022,23,1.6428571428571428,14,7,5,0,7,7,0,7,5,1,0,0,0,0,0,14,14,2,410,291,13,0,11,71,1.8571428571428572,61,1,1587,16,81,73,8204
2025-07-04,argo,de.grobox.transportr.map,MapFragment,onLocationSelected,2,1,1.0,1,1.0,1,1,1,0,7,1,2,1,0.3333333333333333,1,1,2,3,0.5,1,2.0,1,2,0.0,0,0.43956043956043955,0.8571428571428571,125,97,0.3076923076923077,14,5,7,1,0,15,9,0,2,0,1,1,0,0,4,0,23,0.8021978021978022,23,1.6428571428571428,14,7,5,0,7,7,0,7,5,1,0,0,0,0,0,14,14,2,410,291,13,0,11,71,1.8571428571428572,61,1,1587,16,81,73,8204
2025-07-04,argo,de.grobox.transportr.map,MapFragment,onSelectedLocationClicked,2,0,0.0,0,0.0,1,1,1,0,4,1,2,0,0.0,0,0,1,2,0.0,0,0.0,1,1,0.0,0,0.43956043956043955,0.8571428571428571,125,97,0.3076923076923077,14,5,7,1,0,15,9,0,2,0,1,1,0,0,4,0,23,0.8021978021978022,23,1.6428571428571428,14,7,5,0,7,7,0,7,5,1,0,0,0,0,0,14,14,2,410,291,13,0,11,71,1.8571428571428572,61,1,1587,16,81,73,8204
2025-07-04,argo,de.grobox.transportr.map,MapFragment,addMarker,1,0,0.0,1,1.0,1,1,1,0,4,0,1,0,0.6666666666666666,1,1,1,4,1.0,2,2.3333333333333335,1,0,0.0,0,0.43956043956043955,0.8571428571428571,125,97,0.3076923076923077,14,5,7,1,0,15,9,0,2,0,1,1,0,0,4,0,23,0.8021978021978022,23,1.6428571428571428,14,7,5,0,7,7,0,7,5,1,0,0,0,0,0,14,14,2,410,291,13,0,11,71,1.8571428571428572,61,1,1587,16,81,73,8204
2025-07-04,argo,de.grobox.transportr.map,MapFragment,findNearbyStations,2,1,0.0,2,1.0,1,1,1,0,5,1,2,0,0.0,0,0,1,6,0.0,3,2.6666666666666665,1,1,0.0,0,0.43956043956043955,0.8571428571428571,125,97,0.3076923076923077,14,5,7,1,0,15,9,0,2,0,1,1,0,0,4,0,23,0.8021978021978022,23,1.6428571428571428,14,7,5,0,7,7,0,7,5,1,0,0,0,0,0,14,14,2,410,291,13,0,11,71,1.8571428571428572,61,1,1587,16,81,73,8204
2025-07-04,argo,de.grobox.transportr.map,MapFragment,onCreateLoader,1,0,0.0,1,1.0,1,1,1,0,3,0,1,0,0.5,0,1,0,2,0.5,0,3.0,2,0,0.0,0,0.43956043956043955,0.8571428571428571,125,97,0.3076923076923077,14,5,7,1,0,15,9,0,2,0,1,1,0,0,4,0,23,0.8021978021978022,23,1.6428571428571428,14,7,5,0,7,7,0,7,5,1,0,0,0,0,0,14,14,2,410,291,13,0,11,71,1.8571428571428572,61,1,1587,16,81,73,8204
2025-07-04,argo,de.grobox.transportr.map,MapFragment,onLoadFinished,3,0,0.0,4,1.0,1,1,1,0,10,1,3,0,0.2857142857142857,0,2,1,12,1.0,1,2.3,2,1,0.0,0,0.43956043956043955,0.8571428571428571,125,97,0.3076923076923077,14,5,7,1,0,15,9,0,2,0,1,1,0,0,4,0,23,0.8021978021978022,23,1.6428571428571428,14,7,5,0,7,7,0,7,5,1,0,0,0,0,0,14,14,2,410,291,13,0,11,71,1.8571428571428572,61,1,1587,16,81,73,8204
2025-07-04,argo,de.grobox.transportr.map,MapFragment,onLoaderReset,1,0,0.0,1,1.0,1,1,1,0,3,0,1,0,1.0,0,1,0,1,1.0,1,2.0,1,0,0.0,0,0.43956043956043955,0.8571428571428571,125,97,0.3076923076923077,14,5,7,1,0,15,9,0,2,0,1,1,0,0,4,0,23,0.8021978021978022,23,1.6428571428571428,14,7,5,0,7,7,0,7,5,1,0,0,0,0,0,14,14,2,410,291,13,0,11,71,1.8571428571428572,61,1,1587,16,81,73,8204
2025-07-04,argo,de.grobox.transportr.map,NearbyStationsDrawer,draw,4,2,0.0,6,1.0,0,2,1,0,13,3,4,1,0.4,1,1,1,10,0.25,1,2.125,2,1,0.0,0,0.5,0.75,46,16,0.0,3,1,0,1,0,6,2,0,1,0,0,1,0,0,0,0,8,1.0,8,2.0,4,0,1,0,3,1,0,3,0,1,0,0,0,0,0,4,4,2,410,291,13,0,1,19,2.75,61,1,1587,16,81,73,8204
2025-07-04,argo,de.grobox.transportr.map,NearbyStationsDrawer,getClickedNearbyStation,2,0,0.0,1,1.0,0,2,1,0,6,1,2,0,0.5,0,1,0,2,1.0,1,2.0,1,0,0.0,0,0.5,0.75,46,16,0.0,3,1,0,1,0,6,2,0,1,0,0,1,0,0,0,0,8,1.0,8,2.0,4,0,1,0,3,1,0,3,0,1,0,0,0,0,0,4,4,2,410,291,13,0,1,19,2.75,61,1,1587,16,81,73,8204
2025-07-04,argo,de.grobox.transportr.map,NearbyStationsDrawer,reset,1,0,0.0,1,1.0,0,2,1,0,3,0,1,0,1.0,0,1,0,1,1.0,1,2.0,0,0,0.0,0,0.5,0.75,46,16,0.0,3,1,0,1,0,6,2,0,1,0,0,1,0,0,0,0,8,1.0,8,2.0,4,0,1,0,3,1,0,3,0,1,0,0,0,0,0,4,4,2,410,291,13,0,1,19,2.75,61,1,1587,16,81,73,8204
2025-07-04,argo,de.grobox.transportr.map,NearbyStationsDrawer,getIconForProduct,4,3,0.0,3,1.0,0,2,1,0,17,0,4,2,0.0,0,0,0,6,0.0,3,2.4782608695652173,1,0,0.0,0,0.5,0.75,46,16,0.0,3,1,0,1,0,6,2,0,1,0,0,1,0,0,0,0,8,1.0,8,2.0,4,0,1,0,3,1,0,3,0,1,0,0,0,0,0,4,4,2,410,291,13,0,1,19,2.75,61,1,1587,16,81,73,8204
2025-07-04,argo,de.grobox.transportr.map,PositionController,permissionGranted,3,0,0.0,1,1.0,0,0,2,0,3,0,3,0,1.0,0,2,0,4,5.0,0,2.0,0,0,0.0,0,0.35714285714285715,0.625,107,29,0.0,8,8,7,1,3,6,2,1,5,0,6,13,5,5,0,0,11,0.8214285714285714,12,1.5,8,7,8,0,8,0,0,8,0,1,0,0,1,0,1,8,9,2,410,291,13,0,0,12,1.8571428571428572,61,1,1587,16,81,73,8204
2025-07-04,argo,de.grobox.transportr.map,PositionController,onActive,2,0,0.0,2,1.0,0,0,2,0,5,1,2,0,1.0,0,1,0,3,1.0,1,2.0,0,0,0.0,0,0.35714285714285715,0.625,107,29,0.0,8,8,7,1,3,6,2,1,5,0,6,13,5,5,0,0,11,0.8214285714285714,12,1.5,8,7,8,0,8,0,0,8,0,1,0,0,1,0,1,8,9,2,410,291,13,0,0,12,1.8571428571428572,61,1,1587,16,81,73,8204
2025-07-04,argo,de.grobox.transportr.map,PositionController,onInactive,1,0,0.0,1,1.0,0,0,2,0,3,0,1,0,1.0,0,1,0,1,1.0,1,2.0,0,0,0.0,0,0.35714285714285715,0.625,107,29,0.0,8,8,7,1,3,6,2,1,5,0,6,13,5,5,0,0,11,0.8214285714285714,12,1.5,8,7,8,0,8,0,0,8,0,1,0,0,1,0,1,8,9,2,410,291,13,0,0,12,1.8571428571428572,61,1,1587,16,81,73,8204
2025-07-04,argo,de.grobox.transportr.map,PositionController,onLocationChanged,2,0,0.0,1,1.0,0,0,2,0,5,1,2,0,0.5,0,1,0,1,2.0,0,2.0,1,0,0.0,0,0.35714285714285715,0.625,107,29,0.0,8,8,7,1,3,6,2,1,5,0,6,13,5,5,0,0,11,0.8214285714285714,12,1.5,8,7,8,0,8,0,0,8,0,1,0,0,1,0,1,8,9,2,410,291,13,0,0,12,1.8571428571428572,61,1,1587,16,81,73,8204
2025-07-04,argo,de.grobox.transportr.map,PositionController,onStatusChanged,0,0,0.0,0,0.0,0,0,2,0,0,0,0,0,0.0,0,0,0,0,0.0,0,0.0,3,0,0.0,0,0.35714285714285715,0.625,107,29,0.0,8,8,7,1,3,6,2,1,5,0,6,13,5,5,0,0,11,0.8214285714285714,12,1.5,8,7,8,0,8,0,0,8,0,1,0,0,1,0,1,8,9,2,410,291,13,0,0,12,1.8571428571428572,61,1,1587,16,81,73,8204
2025-07-04,argo,de.grobox.transportr.map,PositionController,onProviderEnabled,2,0,0.0,1,1.0,0,0,2,0,5,1,2,0,0.6666666666666666,0,2,0,1,5.0,1,2.0,1,0,0.0,0,0.35714285714285715,0.625,107,29,0.0,8,8,7,1,3,6,2,1,5,0,6,13,5,5,0,0,11,0.8214285714285714,12,1.5,8,7,8,0,8,0,0,8,0,1,0,0,1,0,1,8,9,2,410,291,13,0,0,12,1.8571428571428572,61,1,1587,16,81,73,8204
2025-07-04,argo,de.grobox.transportr.map,PositionController,onProviderDisabled,2,0,0.0,1,1.0,0,0,2,0,5,1,2,0,0.6666666666666666,0,2,0,1,5.0,1,2.0,1,0,0.0,0,0.35714285714285715,0.625,107,29,0.0,8,8,7,1,3,6,2,1,5,0,6,13,5,5,0,0,11,0.8214285714285714,12,1.5,8,7,8,0,8,0,0,8,0,1,0,0,1,0,1,8,9,2,410,291,13,0,0,12,1.8571428571428572,61,1,1587,16,81,73,8204
2025-07-04,argo,de.grobox.transportr.map,PositionController,isBetterPosition,1,0,0.0,1,1.0,0,0,2,0,3,0,1,0,0.5,0,0,0,1,0.0,1,2.0,0,0,0.0,0,0.35714285714285715,0.625,107,29,0.0,8,8,7,1,3,6,2,1,5,0,6,13,5,5,0,0,11,0.8214285714285714,12,1.5,8,7,8,0,8,0,0,8,0,1,0,0,1,0,1,8,9,2,410,291,13,1,0,12,1.8571428571428572,61,1,1587,16,81,73,8204
2025-07-04,argo,de.grobox.transportr.map,SavedSearchesFragment,getViewModel,1,0,0.0,2,1.0,1,3,3,0,4,0,1,0,0.0,0,0,1,2,0.0,1,2.0,0,1,0.0,0,0.0,0.25,35,4,0.0,4,0,4,1,0,4,2,0,2,0,0,2,2,2,0,0,4,1.0,4,1.0,4,4,0,0,4,0,0,4,0,1,0,0,0,0,0,6,6,2,410,291,13,0,2,6,1.0,61,1,1587,16,81,73,8204
2025-07-04,argo,de.grobox.transportr.map,SavedSearchesFragment,getHomePickerDialogFragment,1,0,0.0,0,0.0,1,3,3,0,3,0,1,0,0.0,0,0,0,1,0.0,0,0.0,0,0,0.0,0,0.0,0.25,35,4,0.0,4,0,4,1,0,4,2,0,2,0,0,2,2,2,0,0,4,1.0,4,1.0,4,4,0,0,4,0,0,4,0,1,0,0,0,0,0,6,6,2,410,291,13,0,2,6,1.0,61,1,1587,16,81,73,8204
2025-07-04,argo,de.grobox.transportr.map,SavedSearchesFragment,getWorkPickerDialogFragment,1,0,0.0,0,0.0,1,3,3,0,3,0,1,0,0.0,0,0,0,1,0.0,0,0.0,0,0,0.0,0,0.0,0.25,35,4,0.0,4,0,4,1,0,4,2,0,2,0,0,2,2,2,0,0,4,1.0,4,1.0,4,4,0,0,4,0,0,4,0,1,0,0,0,0,0,6,6,2,410,291,13,0,2,6,1.0,61,1,1587,16,81,73,8204
2025-07-04,argo,de.grobox.transportr.map,SavedSearchesFragment,onSpecialLocationClicked,1,1,0.0,0,0.0,1,3,3,0,4,0,1,0,0.0,0,0,1,2,0.0,0,0.0,1,1,0.0,0,0.0,0.25,35,4,0.0,4,0,4,1,0,4,2,0,2,0,0,2,2,2,0,0,4,1.0,4,1.0,4,4,0,0,4,0,0,4,0,1,0,0,0,0,0,6,6,2,410,291,13,0,2,6,1.0,61,1,1587,16,81,73,8204
2025-07-04,argo,de.grobox.transportr.networks,Continent,getName,1,0,0.0,1,1.0,0,4,1,0,3,0,1,0,0.0,0,0,0,1,0.0,1,2.0,1,0,0.0,0,0.0,0.25,18,0,0.0,4,0,1,1,0,5,0,0,0,0,0,0,0,0,0,0,4,1.0,4,1.0,4,1,0,0,4,0,0,4,0,1,0,0,0,0,0,4,4,2,410,291,16,0,0,9,1.0,17,1,1505,16,81,49,8204
2025-07-04,argo,de.grobox.transportr.networks,Continent,getItem,1,0,0.0,0,0.0,0,4,1,0,3,0,1,0,0.0,0,0,0,1,0.0,0,0.0,1,0,0.0,0,0.0,0.25,18,0,0.0,4,0,1,1,0,5,0,0,0,0,0,0,0,0,0,0,4,1.0,4,1.0,4,1,0,0,4,0,0,4,0,1,0,0,0,0,0,4,4,2,410,291,16,0,0,9,1.0,17,1,1505,16,81,49,8204
2025-07-04,argo,de.grobox.transportr.networks,Continent,getSubItems,1,1,0.0,2,1.0,0,4,1,0,4,0,1,0,0.0,1,0,0,4,0.0,0,2.3333333333333335,1,0,0.0,0,0.0,0.25,18,0,0.0,4,0,1,1,0,5,0,0,0,0,0,0,0,0,0,0,4,1.0,4,1.0,4,1,0,0,4,0,0,4,0,1,0,0,0,0,0,4,4,2,410,291,16,0,0,9,1.0,17,1,1505,16,81,49,8204
2025-07-04,argo,de.grobox.transportr.networks,Continent,getTransportNetworks,1,0,0.0,1,1.0,0,4,1,0,3,0,1,0,0.0,0,0,0,3,0.0,0,2.0,0,0,0.0,0,0.0,0.25,18,0,0.0,4,0,1,1,0,5,0,0,0,0,0,0,0,0,0,0,4,1.0,4,1.0,4,1,0,0,4,0,0,4,0,1,0,0,0,0,0,4,4,2,410,291,16,0,0,9,1.0,17,1,1505,16,81,49,8204
2025-07-04,argo,de.grobox.transportr.networks,ContinentItem,getName,1,0,0.0,0,0.0,0,6,1,0,3,0,1,0,0.0,1,0,0,1,0.0,1,2.0,1,0,0.0,0,0.0,0.14285714285714285,42,4,0.0,7,0,6,1,0,8,1,0,0,0,0,0,0,0,0,0,9,1.0,9,1.2857142857142858,7,6,0,0,7,0,0,7,0,1,0,0,0,0,0,7,7,2,410,291,16,0,1,14,1.4285714285714286,17,1,1505,16,81,49,8204
2025-07-04,argo,de.grobox.transportr.networks,ContinentItem,getType,1,0,0.0,0,0.0,0,6,1,0,3,0,1,0,0.0,0,0,0,0,0.0,0,3.0,0,0,0.0,0,0.0,0.14285714285714285,42,4,0.0,7,0,6,1,0,8,1,0,0,0,0,0,0,0,0,0,9,1.0,9,1.2857142857142858,7,6,0,0,7,0,0,7,0,1,0,0,0,0,0,7,7,2,410,291,16,0,1,14,1.4285714285714286,17,1,1505,16,81,49,8204
2025-07-04,argo,de.grobox.transportr.networks,ContinentItem,getLayoutRes,1,0,0.0,0,0.0,0,6,1,0,3,0,1,0,0.0,0,0,0,0,0.0,0,3.0,0,0,0.0,0,0.0,0.14285714285714285,42,4,0.0,7,0,6,1,0,8,1,0,0,0,0,0,0,0,0,0,9,1.0,9,1.2857142857142858,7,6,0,0,7,0,0,7,0,1,0,0,0,0,0,7,7,2,410,291,16,0,1,14,1.4285714285714286,17,1,1505,16,81,49,8204
2025-07-04,argo,de.grobox.transportr.networks,ContinentItem,bindView,1,0,0.0,1,1.0,0,6,1,0,4,0,1,0,0.0,1,0,1,1,0.0,1,2.0,2,1,0.0,0,0.0,0.14285714285714285,42,4,0.0,7,0,6,1,0,8,1,0,0,0,0,0,0,0,0,0,9,1.0,9,1.2857142857142858,7,6,0,0,7,0,0,7,0,1,0,0,0,0,0,7,7,2,410,291,16,0,1,14,1.4285714285714286,17,1,1505,16,81,49,8204
2025-07-04,argo,de.grobox.transportr.networks,ContinentItem,getViewHolder,1,0,0.0,0,0.0,0,6,1,0,3,0,1,0,0.0,0,0,0,1,0.0,0,0.0,1,0,0.0,0,0.0,0.14285714285714285,42,4,0.0,7,0,6,1,0,8,1,0,0,0,0,0,0,0,0,0,9,1.0,9,1.2857142857142858,7,6,0,0,7,0,0,7,0,1,0,0,0,0,0,7,7,2,410,291,16,0,1,14,1.4285714285714286,17,1,1505,16,81,49,8204
2025-07-04,argo,de.grobox.transportr.networks,ContinentItem,getIdentifier,1,0,0.0,1,1.0,0,6,1,0,3,0,1,0,0.0,0,0,0,2,0.0,0,3.0,0,0,0.0,0,0.0,0.14285714285714285,42,4,0.0,7,0,6,1,0,8,1,0,0,0,0,0,0,0,0,0,9,1.0,9,1.2857142857142858,7,6,0,0,7,0,0,7,0,1,0,0,0,0,0,7,7,2,410,291,16,0,1,14,1.4285714285714286,17,1,1505,16,81,49,8204
2025-07-04,argo,de.grobox.transportr.networks,ContinentItem,getOnItemClickListener,4,0,0.0,2,1.0,0,6,1,0,11,2,4,0,0.0,0,0,0,9,0.0,0,5.333333333333333,0,0,0.0,0,0.0,0.14285714285714285,42,4,0.0,7,0,6,1,0,8,1,0,0,0,0,0,0,0,0,0,9,1.0,9,1.2857142857142858,7,6,0,0,7,0,0,7,0,1,0,0,0,0,0,7,7,2,410,291,16,0,1,14,1.4285714285714286,17,1,1505,16,81,49,8204
2025-07-04,argo,de.grobox.transportr.networks,Country,getName,1,0,0.0,1,1.0,0,3,2,1,3,0,1,0,0.0,0,0,0,1,0.0,1,2.0,1,0,0.0,0,0.0,0.0,21,0,0.0,3,0,1,1,0,4,0,0,0,0,0,0,0,0,0,0,3,1.0,3,1.0,3,1,0,0,3,0,0,3,0,1,0,0,0,0,0,4,4,2,410,291,16,0,0,4,1.0,17,1,1505,16,81,49,8204
2025-07-04,argo,de.grobox.transportr.networks,Country,getItem,1,0,0.0,0,0.0,0,3,2,1,3,0,1,0,0.0,0,0,0,1,0.0,0,0.0,0,0,0.0,0,0.0,0.0,21,0,0.0,3,0,1,1,0,4,0,0,0,0,0,0,0,0,0,0,3,1.0,3,1.0,3,1,0,0,3,0,0,3,0,1,0,0,0,0,0,4,4,2,410,291,16,0,0,4,1.0,17,1,1505,16,81,49,8204
2025-07-04,argo,de.grobox.transportr.networks,Country,getSubItems,1,0,0.0,1,1.0,0,3,2,1,3,0,1,0,0.0,1,0,0,2,0.0,0,2.0,0,0,0.0,0,0.0,0.0,21,0,0.0,3,0,1,1,0,4,0,0,0,0,0,0,0,0,0,0,3,1.0,3,1.0,3,1,0,0,3,0,0,3,0,1,0,0,0,0,0,4,4,2,410,291,16,0,0,4,1.0,17,1,1505,16,81,49,8204
2025-07-04,argo,de.grobox.transportr.networks,CountryItem,getName,1,0,0.0,0,0.0,0,6,1,0,3,0,1,0,0.0,1,0,0,1,0.0,1,2.0,1,0,0.0,0,0.0,0.14285714285714285,42,4,0.0,7,0,6,1,0,8,1,0,0,0,0,0,0,0,0,0,9,1.0,9,1.2857142857142858,7,6,0,0,7,0,0,7,0,1,0,0,0,0,0,7,7,2,410,291,16,0,1,14,1.4285714285714286,17,1,1505,16,81,49,8204
2025-07-04,argo,de.grobox.transportr.networks,CountryItem,getType,1,0,0.0,0,0.0,0,6,1,0,3,0,1,0,0.0,0,0,0,0,0.0,0,3.0,0,0,0.0,0,0.0,0.14285714285714285,42,4,0.0,7,0,6,1,0,8,1,0,0,0,0,0,0,0,0,0,9,1.0,9,1.2857142857142858,7,6,0,0,7,0,0,7,0,1,0,0,0,0,0,7,7,2,410,291,16,0,1,14,1.4285714285714286,17,1,1505,16,81,49,8204
2025-07-04,argo,de.grobox.transportr.networks,CountryItem,getLayoutRes,1,0,0.0,0,0.0,0,6,1,0,3,0,1,0,0.0,0,0,0,0,0.0,0,3.0,0,0,0.0,0,0.0,0.14285714285714285,42,4,0.0,7,0,6,1,0,8,1,0,0,0,0,0,0,0,0,0,9,1.0,9,1.2857142857142858,7,6,0,0,7,0,0,7,0,1,0,0,0,0,0,7,7,2,410,291,16,0,1,14,1.4285714285714286,17,1,1505,16,81,49,8204
2025-07-04,argo,de.grobox.transportr.networks,CountryItem,bindView,1,0,0.0,1,1.0,0,6,1,0,4,0,1,0,0.0,1,0,1,1,0.0,1,2.0,2,1,0.0,0,0.0,0.14285714285714285,42,4,0.0,7,0,6,1,0,8,1,0,0,0,0,0,0,0,0,0,9,1.0,9,1.2857142857142858,7,6,0,0,7,0,0,7,0,1,0,0,0,0,0,7,7,2,410,291,16,0,1,14,1.4285714285714286,17,1,1505,16,81,49,8204
2025-07-04,argo,de.grobox.transportr.networks,CountryItem,getViewHolder,1,0,0.0,0,0.0,0,6,1,0,3,0,1,0,0.0,0,0,0,1,0.0,0,0.0,1,0,0.0,0,0.0,0.14285714285714285,42,4,0.0,7,0,6,1,0,8,1,0,0,0,0,0,0,0,0,0,9,1.0,9,1.2857142857142858,7,6,0,0,7,0,0,7,0,1,0,0,0,0,0,7,7,2,410,291,16,0,1,14,1.4285714285714286,17,1,1505,16,81,49,8204
2025-07-04,argo,de.grobox.transportr.networks,CountryItem,getIdentifier,1,0,0.0,1,1.0,0,6,1,0,3,0,1,0,0.0,0,0,0,2,0.0,0,3.0,0,0,0.0,0,0.0,0.14285714285714285,42,4,0.0,7,0,6,1,0,8,1,0,0,0,0,0,0,0,0,0,9,1.0,9,1.2857142857142858,7,6,0,0,7,0,0,7,0,1,0,0,0,0,0,7,7,2,410,291,16,0,1,14,1.4285714285714286,17,1,1505,16,81,49,8204
2025-07-04,argo,de.grobox.transportr.networks,CountryItem,getOnItemClickListener,4,0,0.0,2,1.0,0,6,1,0,11,2,4,0,0.0,0,0,0,9,0.0,0,5.333333333333333,0,0,0.0,0,0.0,0.14285714285714285,42,4,0.0,7,0,6,1,0,8,1,0,0,0,0,0,0,0,0,0,9,1.0,9,1.2857142857142858,7,6,0,0,7,0,0,7,0,1,0,0,0,0,0,7,7,2,410,291,16,0,1,14,1.4285714285714286,17,1,1505,16,81,49,8204
2025-07-04,argo,de.grobox.transportr.networks,PickTransportNetworkActivity,onCreate,5,0,1.0,11,0.75,1,0,1,0,29,1,5,1,0.85,2,4,8,22,4.0,1,2.375,1,4,0.0,0,0.5,1.0,94,74,0.2,5,5,4,1,0,6,8,0,5,0,0,1,1,1,5,0,14,0.8,14,2.8,5,4,5,0,4,1,0,4,2,1,0,0,0,0,0,5,5,2,410,291,16,0,11,41,3.4,17,1,1505,16,81,49,8204
2025-07-04,argo,de.grobox.transportr.networks,PickTransportNetworkActivity,onSaveInstanceState,1,1,0.0,1,1.0,1,0,1,0,4,0,1,0,0.3333333333333333,1,1,0,1,0.33,1,2.0,2,0,0.0,0,0.5,1.0,94,74,0.2,5,5,4,1,0,6,8,0,5,0,0,1,1,1,5,0,14,0.8,14,2.8,5,4,5,0,4,1,0,4,2,1,0,0,0,0,0,5,5,2,410,291,16,0,11,41,3.4,17,1,1505,16,81,49,8204
2025-07-04,argo,de.grobox.transportr.networks,PickTransportNetworkActivity,onOptionsItemSelected,3,0,0.0,1,1.0,1,0,1,0,8,0,3,0,0.0,0,0,0,5,0.0,0,3.0,1,0,0.0,0,0.5,1.0,94,74,0.2,5,5,4,1,0,6,8,0,5,0,0,1,1,1,5,0,14,0.8,14,2.8,5,4,5,0,4,1,0,4,2,1,0,0,0,0,0,5,5,2,410,291,16,0,11,41,3.4,17,1,1505,16,81,49,8204
2025-07-04,argo,de.grobox.transportr.networks,PickTransportNetworkActivity,onSelectionChanged,3,2,0.0,2,1.0,1,0,1,0,12,2,3,0,0.5,0,2,3,7,0.5,0,2.5,2,3,0.0,0,0.5,1.0,94,74,0.2,5,5,4,1,0,6,8,0,5,0,0,1,1,1,5,0,14,0.8,14,2.8,5,4,5,0,4,1,0,4,2,1,0,0,0,0,0,5,5,2,410,291,16,0,11,41,3.4,17,1,1505,16,81,49,8204
2025-07-04,argo,de.grobox.transportr.networks,PickTransportNetworkActivity,selectItem,5,3,0.0,4,0.75,1,0,1,0,21,3,5,0,1.0,0,4,0,6,2.0,1,2.1666666666666665,0,0,0.0,0,0.5,1.0,94,74,0.2,5,5,4,1,0,6,8,0,5,0,0,1,1,1,5,0,14,0.8,14,2.8,5,4,5,0,4,1,0,4,2,1,0,0,0,0,0,5,5,2,410,291,16,0,11,41,3.4,17,1,1505,16,81,49,8204
2025-07-04,argo,de.grobox.transportr.networks,RegionViewHolder,bind,1,0,0.0,1,1.0,0,0,1,0,3,0,1,0,0.6666666666666666,0,1,1,3,0.5,0,2.5,2,0,0.0,0,0.0,1.0,7,3,0.0,1,1,0,1,0,2,0,0,0,1,0,1,0,0,0,2,1,0.0,1,1.0,1,0,7,0,5,0,0,5,0,3,0,0,0,0,0,1,1,2,410,291,16,0,0,2,1.0,17,1,1505,16,81,49,8204
2025-07-04,argo,de.grobox.transportr.networks,TransportNetworkViewHolder,bind,5,0,0.0,5,0.8,0,0,1,0,15,2,5,0,0.6666666666666666,1,3,1,13,1.5,1,2.6666666666666665,2,0,0.0,0,0.0,1.0,23,15,0.0,1,3,1,1,0,2,1,0,3,0,0,3,0,0,0,0,3,0.0,3,3.0,1,1,7,0,5,0,0,5,0,3,0,0,0,0,0,1,1,2,410,291,16,0,0,2,1.0,17,1,1505,16,81,49,8204
2025-07-04,argo,de.grobox.transportr.networks,ExpandableRegionViewHolder,bind,3,0,0.0,1,1.0,0,0,1,0,4,1,3,0,0.4,1,1,0,2,0.5,1,2.0,2,0,0.0,0,0.0,1.0,8,4,0.0,1,1,1,1,0,2,0,0,1,0,0,1,0,0,0,2,2,0.0,2,2.0,1,1,7,0,5,0,0,5,0,3,0,0,0,0,0,1,1,2,410,291,16,0,0,2,1.0,17,1,1505,16,81,49,8204
2025-07-04,argo,de.grobox.transportr.networks,CountryViewHolder,bind,1,0,0.0,0,0.0,0,0,1,0,5,0,1,0,0.5,1,1,2,0,0.5,1,2.0,2,0,0.0,0,0.0,1.0,9,5,0.0,1,1,1,1,0,2,0,0,1,0,0,1,0,0,0,0,1,0.0,1,1.0,1,1,7,0,5,0,0,5,0,3,0,0,0,0,0,1,1,2,410,291,16,0,0,2,1.0,17,1,1505,16,81,49,8204
2025-07-04,argo,de.grobox.transportr.networks,ContinentViewHolder,bind,1,0,0.0,1,1.0,0,0,1,0,4,0,1,0,0.4,1,1,0,2,0.5,1,2.5,2,0,0.0,0,0.0,1.0,8,4,0.0,1,1,1,1,0,2,1,0,1,0,0,1,0,0,0,0,1,0.0,1,1.0,1,1,7,0,5,0,0,5,0,3,0,0,0,0,0,1,1,2,410,291,16,0,0,2,1.0,17,1,1505,16,81,49,8204
2025-07-04,argo,de.grobox.transportr.networks,TransportNetwork,getNetworkProviderReference,1,0,0.0,1,1.0,0,4,2,0,1,0,1,0,0.0,0,0,0,1,0.0,1,2.0,0,0,0.0,0,0.0,0.4,45,3,0.0,5,2,1,1,1,5,0,0,1,0,1,2,0,0,0,0,5,1.0,5,1.0,5,1,2,0,3,1,0,3,0,1,0,0,0,0,0,5,5,2,410,291,16,0,0,8,2.6,17,1,1505,16,81,49,8204
2025-07-04,argo,de.grobox.transportr.networks,TransportNetwork,getName,3,0,0.0,1,1.0,0,4,2,0,7,0,3,0,0.0,0,0,0,2,0.0,1,2.0,1,0,0.0,0,0.0,0.4,45,3,0.0,5,2,1,1,1,5,0,0,1,0,1,2,0,0,0,0,5,1.0,5,1.0,5,1,2,0,3,1,0,3,0,1,0,0,0,0,0,5,5,2,410,291,16,0,0,8,2.6,17,1,1505,16,81,49,8204
2025-07-04,argo,de.grobox.transportr.networks,TransportNetwork,getDescription,7,0,0.0,1,1.0,0,4,2,0,11,0,7,0,0.0,0,0,0,4,0.0,2,2.0,1,0,0.0,0,0.0,0.4,45,3,0.0,5,2,1,1,1,5,0,0,1,0,1,2,0,0,0,0,5,1.0,5,1.0,5,1,2,0,3,1,0,3,0,1,0,0,0,0,0,5,5,2,410,291,16,0,0,8,2.6,17,1,1505,16,81,49,8204
2025-07-04,argo,de.grobox.transportr.networks,TransportNetwork,hasGoodLineNames,1,0,0.0,0,0.0,0,4,2,0,3,0,1,0,0.0,0,0,0,0,0.0,0,0.0,0,0,0.0,0,0.0,0.4,45,3,0.0,5,2,1,1,1,5,0,0,1,0,1,2,0,0,0,0,5,1.0,5,1.0,5,1,2,0,3,1,0,3,0,1,0,0,0,0,0,5,5,2,410,291,16,0,0,8,2.6,17,1,1505,16,81,49,8204
2025-07-04,argo,de.grobox.transportr.networks,TransportNetwork,getItem,1,0,0.0,0,0.0,0,4,2,0,3,0,1,0,0.0,0,0,0,1,0.0,0,0.0,0,0,0.0,0,0.0,0.4,45,3,0.0,5,2,1,1,1,5,0,0,1,0,1,2,0,0,0,0,5,1.0,5,1.0,5,1,2,0,3,1,0,3,0,1,0,0,0,0,0,5,5,2,410,291,16,0,0,8,2.6,17,1,1505,16,81,49,8204
2025-07-04,argo,de.grobox.transportr.networks,TransportNetworkItem,getName,1,0,0.0,0,0.0,0,5,1,0,3,0,1,0,0.0,1,0,0,1,0.0,1,2.0,1,0,0.0,0,0.0,0.16666666666666666,28,4,0.0,5,1,5,1,0,7,1,0,1,0,0,1,0,0,0,0,6,1.0,6,1.0,6,5,1,0,6,0,0,6,0,1,0,0,0,0,0,6,6,2,410,291,16,0,1,4,1.0,17,1,1505,16,81,49,8204
2025-07-04,argo,de.grobox.transportr.networks,TransportNetworkItem,getType,1,0,0.0,0,0.0,0,5,1,0,3,0,1,0,0.0,0,0,0,0,0.0,0,3.0,0,0,0.0,0,0.0,0.16666666666666666,28,4,0.0,5,1,5,1,0,7,1,0,1,0,0,1,0,0,0,0,6,1.0,6,1.0,6,5,1,0,6,0,0,6,0,1,0,0,0,0,0,6,6,2,410,291,16,0,1,4,1.0,17,1,1505,16,81,49,8204
2025-07-04,argo,de.grobox.transportr.networks,TransportNetworkItem,getLayoutRes,1,0,0.0,0,0.0,0,5,1,0,3,0,1,0,0.0,0,0,0,0,0.0,0,3.0,0,0,0.0,0,0.0,0.16666666666666666,28,4,0.0,5,1,5,1,0,7,1,0,1,0,0,1,0,0,0,0,6,1.0,6,1.0,6,5,1,0,6,0,0,6,0,1,0,0,0,0,0,6,6,2,410,291,16,0,1,4,1.0,17,1,1505,16,81,49,8204
2025-07-04,argo,de.grobox.transportr.networks,TransportNetworkItem,bindView,1,0,0.0,1,1.0,0,5,1,0,4,0,1,0,0.0,1,0,1,1,0.0,1,2.0,2,1,0.0,0,0.0,0.16666666666666666,28,4,0.0,5,1,5,1,0,7,1,0,1,0,0,1,0,0,0,0,6,1.0,6,1.0,6,5,1,0,6,0,0,6,0,1,0,0,0,0,0,6,6,2,410,291,16,0,1,4,1.0,17,1,1505,16,81,49,8204
2025-07-04,argo,de.grobox.transportr.networks,TransportNetworkItem,getViewHolder,1,0,0.0,0,0.0,0,5,1,0,3,0,1,0,0.0,0,0,0,1,0.0,0,0.0,1,0,0.0,0,0.0,0.16666666666666666,28,4,0.0,5,1,5,1,0,7,1,0,1,0,0,1,0,0,0,0,6,1.0,6,1.0,6,5,1,0,6,0,0,6,0,1,0,0,0,0,0,6,6,2,410,291,16,0,1,4,1.0,17,1,1505,16,81,49,8204
2025-07-04,argo,de.grobox.transportr.networks,TransportNetworkItem,getIdentifier,1,0,0.0,1,1.0,0,5,1,0,3,0,1,0,1.0,0,1,0,1,1.0,1,2.0,0,0,0.0,0,0.0,0.16666666666666666,28,4,0.0,5,1,5,1,0,7,1,0,1,0,0,1,0,0,0,0,6,1.0,6,1.0,6,5,1,0,6,0,0,6,0,1,0,0,0,0,0,6,6,2,410,291,16,0,1,4,1.0,17,1,1505,16,81,49,8204
2025-07-04,argo,de.grobox.transportr.networks,TransportNetworkManager,loadTransportNetwork,1,1,0.0,1,1.0,0,3,1,1,4,0,1,2,0.6666666666666666,1,0,0,2,0.5,1,2.0,1,0,0.0,0,0.4,1.0,51,7,0.0,2,4,0,0,2,4,1,0,2,0,2,2,0,0,2,0,7,0.9,7,1.4,5,0,4,0,4,1,0,4,1,1,0,0,0,0,0,5,5,2,410,291,16,0,2,10,3.0,17,1,1505,16,81,49,8204
2025-07-04,argo,de.grobox.transportr.networks,TransportNetworkManager,getTransportNetwork,7,0,0.0,0,0.0,0,3,1,1,11,0,7,0,0.42857142857142855,0,3,0,3,3.0,0,2.0,1,0,0.0,0,0.4,1.0,51,7,0.0,2,4,0,0,2,4,1,0,2,0,2,2,0,0,2,0,7,0.9,7,1.4,5,0,4,0,4,1,0,4,1,1,0,0,0,0,0,5,5,2,410,291,16,0,2,10,3.0,17,1,1505,16,81,49,8204
2025-07-04,argo,de.grobox.transportr.networks,TransportNetworkManager,setTransportNetwork,3,0,0.0,3,1.0,0,3,1,1,9,2,3,0,0.6666666666666666,0,3,2,4,3.0,0,2.3333333333333335,1,1,0.0,0,0.4,1.0,51,7,0.0,2,4,0,0,2,4,1,0,2,0,2,2,0,0,2,0,7,0.9,7,1.4,5,0,4,0,4,1,0,4,1,1,0,0,0,0,0,5,5,2,410,291,16,0,2,10,3.0,17,1,1505,16,81,49,8204
2025-07-04,argo,de.grobox.transportr.networks,TransportNetworkManager,getTransportNetworkByNetworkId,3,0,0.0,0,0.0,0,3,1,1,3,0,3,1,1.0,1,0,0,1,1.0,0,0.0,1,0,0.0,0,0.4,1.0,51,7,0.0,2,4,0,0,2,4,1,0,2,0,2,2,0,0,2,0,7,0.9,7,1.4,5,0,4,0,4,1,0,4,1,1,0,0,0,0,0,5,5,2,410,291,16,0,2,10,3.0,17,1,1505,16,81,49,8204
2025-07-04,argo,de.grobox.transportr.networks,TransportNetworkManager,clearTransportNetwork,1,0,0.0,0,0.0,0,3,1,1,3,0,1,0,1.0,0,1,0,0,1.0,0,2.0,0,0,0.0,0,0.4,1.0,51,7,0.0,2,4,0,0,2,4,1,0,2,0,2,2,0,0,2,0,7,0.9,7,1.4,5,0,4,0,4,1,0,4,1,1,0,0,0,0,0,5,5,2,410,291,16,0,2,10,3.0,17,1,1505,16,81,49,8204
2025-07-04,argo,de.grobox.transportr.settings,SettingsFragment,onCreate,1,0,0.0,1,1.0,1,0,1,0,4,0,1,0,0.0,1,0,0,3,0.0,1,2.3333333333333335,1,0,0.0,0,0.16666666666666666,0.75,54,41,0.25,4,2,2,1,0,3,5,0,1,0,2,1,1,1,2,0,6,0.8333333333333334,6,1.5,4,2,2,0,2,2,0,2,3,1,0,0,0,0,0,4,4,2,410,291,2,0,4,33,1.75,9,0,300,16,81,13,8204
2025-07-04,argo,de.grobox.transportr.settings,SettingsFragment,onCreatePreferences,4,4,2.0,8,1.0,1,0,1,0,26,2,4,2,1.0,2,2,2,24,0.5,0,2.235294117647059,2,1,0.0,0,0.16666666666666666,0.75,54,41,0.25,4,2,2,1,0,3,5,0,1,0,2,1,1,1,2,0,6,0.8333333333333334,6,1.5,4,2,2,0,2,2,0,2,3,1,0,0,0,0,0,4,4,2,410,291,2,0,4,33,1.75,9,0,300,16,81,13,8204
2025-07-04,argo,de.grobox.transportr.settings,SettingsFragment,onTransportNetworkChanged,1,0,0.0,1,1.0,1,0,1,0,3,0,1,0,0.5,0,1,1,3,1.0,0,2.0,1,1,0.0,0,0.16666666666666666,0.75,54,41,0.25,4,2,2,1,0,3,5,0,1,0,2,1,1,1,2,0,6,0.8333333333333334,6,1.5,4,2,2,0,2,2,0,2,3,1,0,0,0,0,0,4,4,2,410,291,2,0,4,33,1.75,9,0,300,16,81,13,8204
2025-07-04,argo,de.grobox.transportr.settings,SettingsFragment,reload,1,1,0.0,3,0.6667,1,0,1,0,8,0,1,0,0.0,0,0,1,3,0.0,1,2.0,0,1,0.0,0,0.16666666666666666,0.75,54,41,0.25,4,2,2,1,0,3,5,0,1,0,2,1,1,1,2,0,6,0.8333333333333334,6,1.5,4,2,2,0,2,2,0,2,3,1,0,0,0,0,0,4,4,2,410,291,2,0,4,33,1.75,9,0,300,16,81,13,8204
2025-07-04,argo,de.grobox.transportr.settings,SettingsManager,showLocationFragmentOnboarding,1,0,0.0,1,1.0,0,4,1,1,1,0,1,0,1.0,0,1,0,1,1.0,1,2.0,0,0,0.0,0,1.0,0.4444444444444444,140,11,0.0,7,6,0,0,6,5,3,0,9,0,8,17,11,11,0,0,13,0.8333333333333334,13,1.4444444444444444,9,0,6,0,9,0,0,9,0,1,0,0,0,0,0,9,9,2,410,291,2,0,4,38,2.0,9,0,300,16,81,13,8204
2025-07-04,argo,de.grobox.transportr.settings,SettingsManager,locationFragmentOnboardingShown,1,0,0.0,1,1.0,0,4,1,1,3,0,1,0,1.0,0,1,0,3,1.0,3,2.5,0,0,0.0,0,1.0,0.4444444444444444,140,11,0.0,7,6,0,0,6,5,3,0,9,0,8,17,11,11,0,0,13,0.8333333333333334,13,1.4444444444444444,9,0,6,0,9,0,0,9,0,1,0,0,0,0,0,9,9,2,410,291,2,0,4,38,2.0,9,0,300,16,81,13,8204
2025-07-04,argo,de.grobox.transportr.settings,SettingsManager,showTripDetailFragmentOnboarding,1,0,0.0,1,1.0,0,4,1,1,1,0,1,0,1.0,0,1,0,1,1.0,1,2.0,0,0,0.0,0,1.0,0.4444444444444444,140,11,0.0,7,6,0,0,6,5,3,0,9,0,8,17,11,11,0,0,13,0.8333333333333334,13,1.4444444444444444,9,0,6,0,9,0,0,9,0,1,0,0,0,0,0,9,9,2,410,291,2,0,4,38,2.0,9,0,300,16,81,13,8204
2025-07-04,argo,de.grobox.transportr.settings,SettingsManager,tripDetailOnboardingShown,1,0,0.0,1,1.0,0,4,1,1,3,0,1,0,1.0,0,1,0,3,1.0,3,2.5,0,0,0.0,0,1.0,0.4444444444444444,140,11,0.0,7,6,0,0,6,5,3,0,9,0,8,17,11,11,0,0,13,0.8333333333333334,13,1.4444444444444444,9,0,6,0,9,0,0,9,0,1,0,0,0,0,0,9,9,2,410,291,2,0,4,38,2.0,9,0,300,16,81,13,8204
2025-07-04,argo,de.grobox.transportr.settings,SettingsManager,getNetworkId,6,2,0.0,2,1.0,0,4,1,1,10,1,6,0,0.3333333333333333,0,1,0,4,0.33,1,2.0,1,0,0.0,0,1.0,0.4444444444444444,140,11,0.0,7,6,0,0,6,5,3,0,9,0,8,17,11,11,0,0,13,0.8333333333333334,13,1.4444444444444444,9,0,6,0,9,0,0,9,0,1,0,0,0,0,0,9,9,2,410,291,2,0,4,38,2.0,9,0,300,16,81,13,8204
2025-07-04,argo,de.grobox.transportr.settings,SettingsManager,setNetworkId,3,3,0.0,5,0.8571,0,4,1,1,14,1,3,0,0.5,0,1,1,6,0.25,1,2.0,1,1,0.0,0,1.0,0.4444444444444444,140,11,0.0,7,6,0,0,6,5,3,0,9,0,8,17,11,11,0,0,13,0.8333333333333334,13,1.4444444444444444,9,0,6,0,9,0,0,9,0,1,0,0,0,0,0,9,9,2,410,291,2,0,4,38,2.0,9,0,300,16,81,13,8204
2025-07-04,argo,de.grobox.transportr.settings,SettingsManager,showWhenLocked,1,0,0.0,1,1.0,0,4,1,1,3,0,1,0,1.0,0,1,0,1,1.0,1,2.0,0,0,0.0,0,1.0,0.4444444444444444,140,11,0.0,7,6,0,0,6,5,3,0,9,0,8,17,11,11,0,0,13,0.8333333333333334,13,1.4444444444444444,9,0,6,0,9,0,0,9,0,1,0,0,0,0,0,9,9,2,410,291,2,0,4,38,2.0,9,0,300,16,81,13,8204
2025-07-04,argo,de.grobox.transportr.settings,SettingsManager,setPreferredProducts,1,1,0.0,3,1.0,0,4,1,1,5,0,1,0,0.5,0,1,2,7,0.5,1,2.4,1,2,0.0,0,1.0,0.4444444444444444,140,11,0.0,7,6,0,0,6,5,3,0,9,0,8,17,11,11,0,0,13,0.8333333333333334,13,1.4444444444444444,9,0,6,0,9,0,0,9,0,1,0,0,0,0,0,9,9,2,410,291,2,0,4,38,2.0,9,0,300,16,81,13,8204
2025-07-04,argo,de.grobox.transportr.settings,SettingsManager,getPreferredProducts,3,2,0.0,3,1.0,0,4,1,1,12,1,3,1,1.0,1,1,1,12,0.5,1,2.3333333333333335,0,1,0.0,0,1.0,0.4444444444444444,140,11,0.0,7,6,0,0,6,5,3,0,9,0,8,17,11,11,0,0,13,0.8333333333333334,13,1.4444444444444444,9,0,6,0,9,0,0,9,0,1,0,0,0,0,0,9,9,2,410,291,2,0,4,38,2.0,9,0,300,16,81,13,8204
2025-07-04,argo,de.grobox.transportr.trips,BaseViewHolder,setArrivalTimes,6,2,0.0,6,0.8333,0,2,1,0,16,3,6,0,0.18181818181818182,0,1,1,11,0.2,0,2.066666666666667,3,1,0.0,0,0.3333333333333333,1.0,50,4,0.0,3,5,0,1,0,4,1,0,0,5,0,5,0,0,0,3,10,0.0,10,3.3333333333333335,3,0,5,0,2,0,1,2,0,0,0,0,0,0,0,3,3,2,410,291,3,0,2,27,4.666666666666667,2,0,223,16,81,5,8204
2025-07-04,argo,de.grobox.transportr.trips,BaseViewHolder,setDepartureTimes,6,2,0.0,6,0.8333,0,2,1,0,16,3,6,0,0.18181818181818182,0,1,1,11,0.2,0,2.066666666666667,3,1,0.0,0,0.3333333333333333,1.0,50,4,0.0,3,5,0,1,0,4,1,0,0,5,0,5,0,0,0,3,10,0.0,10,3.3333333333333335,3,0,5,0,2,0,1,2,0,0,0,0,0,0,0,3,3,2,410,291,3,0,2,27,4.666666666666667,2,0,223,16,81,5,8204
2025-07-04,argo,de.grobox.transportr.trips,BaseViewHolder,addPlatform,2,0,0.0,1,1.0,0,2,1,0,4,1,2,0,0.0,0,1,0,5,1.0,0,3.0,1,0,0.0,0,0.3333333333333333,1.0,50,4,0.0,3,5,0,1,0,4,1,0,0,5,0,5,0,0,0,3,10,0.0,10,3.3333333333333335,3,0,5,0,2,0,1,2,0,0,0,0,0,0,0,3,3,2,410,291,3,0,2,27,4.666666666666667,2,0,223,16,81,5,8204
2025-07-04,argo,de.grobox.transportr.trips.detail,LegAdapter,onCreateViewHolder,1,1,0.0,1,1.0,0,2,1,0,4,0,1,0,0.0,0,0,0,6,0.0,0,6.0,2,0,0.0,0,0.0,0.75,24,8,0.0,4,0,3,3,0,4,1,0,0,0,0,0,0,0,0,0,4,0.8333333333333334,4,1.0,4,3,0,0,3,1,0,3,1,1,0,0,0,0,0,4,4,2,410,291,10,0,1,7,1.5,30,0,1424,16,81,42,8204
2025-07-04,argo,de.grobox.transportr.trips.detail,LegAdapter,onBindViewHolder,1,1,0.0,1,1.0,0,2,1,0,4,0,1,1,0.0,1,0,1,1,0.0,1,2.0,2,1,0.0,0,0.0,0.75,24,8,0.0,4,0,3,3,0,4,1,0,0,0,0,0,0,0,0,0,4,0.8333333333333334,4,1.0,4,3,0,0,3,1,0,3,1,1,0,0,0,0,0,4,4,2,410,291,10,0,1,7,1.5,30,0,1424,16,81,42,8204
2025-07-04,argo,de.grobox.transportr.trips.detail,LegAdapter,getItemCount,1,0,0.0,0,0.0,0,2,1,0,3,0,1,0,0.0,0,0,0,0,0.0,0,2.0,0,0,0.0,0,0.0,0.75,24,8,0.0,4,0,3,3,0,4,1,0,0,0,0,0,0,0,0,0,4,0.8333333333333334,4,1.0,4,3,0,0,3,1,0,3,1,1,0,0,0,0,0,4,4,2,410,291,10,0,1,7,1.5,30,0,1424,16,81,42,8204
2025-07-04,argo,de.grobox.transportr.trips.detail,LegAdapter,getLegType,3,0,0.0,0,0.0,0,2,1,0,8,1,3,0,0.0,0,0,0,0,0.0,0,2.0,1,0,0.0,0,0.0,0.75,24,8,0.0,4,0,3,3,0,4,1,0,0,0,0,0,0,0,0,0,4,0.8333333333333334,4,1.0,4,3,0,0,3,1,0,3,1,1,0,0,0,0,0,4,4,2,410,291,10,0,1,7,1.5,30,0,1424,16,81,42,8204
2025-07-04,argo,de.grobox.transportr.trips.detail,LegPopupMenu,onMenuItemClick,3,1,0.0,4,1.0,0,0,1,3,32,1,3,0,0.875,0,1,0,21,0.5,1,3.2857142857142856,1,0,0.0,0,0.0,1.0,48,32,0.0,1,1,1,1,0,2,0,0,1,0,0,1,0,0,0,0,2,0.0,2,2.0,1,1,1,0,1,0,0,1,0,1,0,0,0,0,0,1,1,2,410,291,10,0,0,21,3.0,30,0,1424,16,81,42,8204
2025-07-04,argo,de.grobox.transportr.trips.detail,LegViewHolder,bind,9,0,2.0,5,0.7143,0,1,2,0,29,1,9,4,0.4878048780487805,2,10,2,31,5.0,0,2.3225806451612905,2,0,0.0,0,0.5,1.0,155,102,0.3333333333333333,4,15,0,1,0,6,11,0,15,0,1,16,1,1,0,0,18,0.5,18,4.5,4,0,15,0,1,3,0,1,0,1,0,0,0,0,0,5,5,2,410,291,10,0,7,113,7.75,30,0,1424,16,81,42,8204
2025-07-04,argo,de.grobox.transportr.trips.detail,LegViewHolder,bindPublic,12,3,0.0,20,0.84,0,1,2,0,54,2,12,1,0.6851851851851852,1,12,3,49,3.0,1,2.4347826086956523,1,2,0.0,0,0.5,1.0,155,102,0.3333333333333333,4,15,0,1,0,6,11,0,15,0,1,16,1,1,0,0,18,0.5,18,4.5,4,0,15,0,1,3,0,1,0,1,0,0,0,0,0,5,5,2,410,291,10,0,7,113,7.75,30,0,1424,16,81,42,8204
2025-07-04,argo,de.grobox.transportr.trips.detail,LegViewHolder,bindIndividual,3,0,0.0,5,1.0,0,1,2,0,19,1,3,0,0.7647058823529411,0,9,2,22,9.0,1,2.4166666666666665,1,0,0.0,0,0.5,1.0,155,102,0.3333333333333333,4,15,0,1,0,6,11,0,15,0,1,16,1,1,0,0,18,0.5,18,4.5,4,0,15,0,1,3,0,1,0,1,0,0,0,0,0,5,5,2,410,291,10,0,7,113,7.75,30,0,1424,16,81,42,8204
2025-07-04,argo,de.grobox.transportr.trips.detail,LegViewHolder,getLineColor,7,0,0.0,2,0.6667,0,1,2,0,7,4,7,0,0.0,0,0,0,11,0.0,0,2.888888888888889,1,0,0.0,0,0.5,1.0,155,102,0.3333333333333333,4,15,0,1,0,6,11,0,15,0,1,16,1,1,0,0,18,0.5,18,4.5,4,0,15,0,1,3,0,1,0,1,0,0,0,0,0,5,5,2,410,291,10,0,7,113,7.75,30,0,1424,16,81,42,8204
2025-07-04,argo,de.grobox.transportr.trips.detail,StopAdapter,changeDate,1,0,0.0,0,0.0,0,1,1,1,5,0,1,0,1.0,0,0,1,1,1.0,0,2.0,2,1,0.0,0,0.5,0.75,27,15,0.0,3,2,3,3,0,4,1,0,2,0,0,0,0,0,2,0,4,1.0,4,1.0,4,3,2,0,3,0,0,3,1,1,0,0,0,0,0,4,4,2,410,291,10,0,1,9,1.0,30,0,1424,16,81,42,8204
2025-07-04,argo,de.grobox.transportr.trips.detail,StopAdapter,onCreateViewHolder,1,1,0.0,1,1.0,0,1,1,1,4,0,1,0,0.0,0,0,0,6,0.0,0,6.0,2,0,0.0,0,0.5,0.75,27,15,0.0,3,2,3,3,0,4,1,0,2,0,0,0,0,0,2,0,4,1.0,4,1.0,4,3,2,0,3,0,0,3,1,1,0,0,0,0,0,4,4,2,410,291,10,0,1,9,1.0,30,0,1424,16,81,42,8204
2025-07-04,argo,de.grobox.transportr.trips.detail,StopAdapter,onBindViewHolder,1,1,0.0,1,1.0,0,1,1,1,6,0,1,0,0.5,0,2,0,2,0.67,1,2.0,2,0,0.0,0,0.5,0.75,27,15,0.0,3,2,3,3,0,4,1,0,2,0,0,0,0,0,2,0,4,1.0,4,1.0,4,3,2,0,3,0,0,3,1,1,0,0,0,0,0,4,4,2,410,291,10,0,1,9,1.0,30,0,1424,16,81,42,8204
2025-07-04,argo,de.grobox.transportr.trips.detail,StopAdapter,getItemCount,1,0,0.0,0,0.0,0,1,1,1,3,0,1,0,1.0,0,1,0,0,1.0,0,2.0,0,0,0.0,0,0.5,0.75,27,15,0.0,3,2,3,3,0,4,1,0,2,0,0,0,0,0,2,0,4,1.0,4,1.0,4,3,2,0,3,0,0,3,1,1,0,0,0,0,0,4,4,2,410,291,10,0,1,9,1.0,30,0,1424,16,81,42,8204
2025-07-04,argo,de.grobox.transportr.trips.detail,StopViewHolder,bind,10,0,0.0,10,0.5,0,0,1,0,31,2,10,0,0.3684210526315789,0,3,1,19,1.5,1,2.0833333333333335,2,0,0.0,0,0.0,1.0,39,31,0.0,1,3,0,1,0,2,3,0,3,0,0,3,0,0,0,0,5,0.0,5,5.0,1,0,3,0,1,0,0,1,0,1,0,0,0,0,0,1,1,2,410,291,10,0,1,19,10.0,30,0,1424,16,81,42,8204
2025-07-04,argo,de.grobox.transportr.trips.detail,TripDetailFragment,onCreateView,1,0,0.0,1,1.0,1,0,1,0,3,0,1,0,0.0,0,0,0,3,0.0,0,4.0,3,0,0.0,0,0.2909090909090909,0.7272727272727273,139,108,0.18181818181818182,11,3,6,1,0,12,9,0,2,0,1,2,1,1,2,0,16,0.9272727272727272,16,1.4545454545454546,11,6,3,0,6,5,0,6,4,1,0,0,0,0,0,13,13,2,410,291,10,0,16,86,2.272727272727273,30,0,1424,16,81,42,8204
2025-07-04,argo,de.grobox.transportr.trips.detail,TripDetailFragment,onViewCreated,1,0,4.0,8,0.75,1,0,1,0,12,0,1,2,0.6666666666666666,5,2,6,12,1.0,1,2.272727272727273,2,4,0.0,0,0.2909090909090909,0.7272727272727273,139,108,0.18181818181818182,11,3,6,1,0,12,9,0,2,0,1,2,1,1,2,0,16,0.9272727272727272,16,1.4545454545454546,11,6,3,0,6,5,0,6,4,1,0,0,0,0,0,13,13,2,410,291,10,0,16,86,2.272727272727273,30,0,1424,16,81,42,8204
2025-07-04,argo,de.grobox.transportr.trips.detail,TripDetailFragment,onStart,1,0,0.0,1,1.0,1,0,1,0,4,0,1,0,1.0,1,1,0,1,1.0,1,2.0,0,0,0.0,0,0.2909090909090909,0.7272727272727273,139,108,0.18181818181818182,11,3,6,1,0,12,9,0,2,0,1,2,1,1,2,0,16,0.9272727272727272,16,1.4545454545454546,11,6,3,0,6,5,0,6,4,1,0,0,0,0,0,13,13,2,410,291,10,0,16,86,2.272727272727273,30,0,1424,16,81,42,8204
2025-07-04,argo,de.grobox.transportr.trips.detail,TripDetailFragment,onStop,1,0,0.0,1,1.0,1,0,1,0,4,0,1,0,1.0,1,1,0,1,1.0,1,2.0,0,0,0.0,0,0.2909090909090909,0.7272727272727273,139,108,0.18181818181818182,11,3,6,1,0,12,9,0,2,0,1,2,1,1,2,0,16,0.9272727272727272,16,1.4545454545454546,11,6,3,0,6,5,0,6,4,1,0,0,0,0,0,13,13,2,410,291,10,0,16,86,2.272727272727273,30,0,1424,16,81,42,8204
2025-07-04,argo,de.grobox.transportr.trips.detail,TripDetailFragment,onCreateOptionsMenu,1,1,1.0,2,1.0,1,0,1,0,6,0,1,0,0.16666666666666666,2,1,1,5,0.33,1,2.6,2,1,0.0,0,0.2909090909090909,0.7272727272727273,139,108,0.18181818181818182,11,3,6,1,0,12,9,0,2,0,1,2,1,1,2,0,16,0.9272727272727272,16,1.4545454545454546,11,6,3,0,6,5,0,6,4,1,0,0,0,0,0,13,13,2,410,291,10,0,16,86,2.272727272727273,30,0,1424,16,81,42,8204
2025-07-04,argo,de.grobox.transportr.trips.detail,TripDetailFragment,onMenuItemClick,3,0,0.0,4,1.0,1,0,1,0,18,1,3,0,0.6,0,1,0,7,1.0,1,2.875,1,0,0.0,0,0.2909090909090909,0.7272727272727273,139,108,0.18181818181818182,11,3,6,1,0,12,9,0,2,0,1,2,1,1,2,0,16,0.9272727272727272,16,1.4545454545454546,11,6,3,0,6,5,0,6,4,1,0,0,0,0,0,13,13,2,410,291,10,0,16,86,2.272727272727273,30,0,1424,16,81,42,8204
2025-07-04,argo,de.grobox.transportr.trips.detail,TripDetailFragment,onTripChanged,12,4,0.0,10,0.8667,1,0,1,0,23,3,12,0,0.13333333333333333,0,1,6,33,0.2,1,2.25,1,1,0.0,0,0.2909090909090909,0.7272727272727273,139,108,0.18181818181818182,11,3,6,1,0,12,9,0,2,0,1,2,1,1,2,0,16,0.9272727272727272,16,1.4545454545454546,11,6,3,0,6,5,0,6,4,1,0,0,0,0,0,13,13,2,410,291,10,0,16,86,2.272727272727273,30,0,1424,16,81,42,8204
2025-07-04,argo,de.grobox.transportr.trips.detail,TripDetailFragment,onToolbarClose,1,0,0.0,0,0.0,1,0,1,0,3,0,1,0,1.0,0,1,1,0,1.0,0,3.0,0,0,0.0,0,0.2909090909090909,0.7272727272727273,139,108,0.18181818181818182,11,3,6,1,0,12,9,0,2,0,1,2,1,1,2,0,16,0.9272727272727272,16,1.4545454545454546,11,6,3,0,6,5,0,6,4,1,0,0,0,0,0,13,13,2,410,291,10,0,16,86,2.272727272727273,30,0,1424,16,81,42,8204
2025-07-04,argo,de.grobox.transportr.trips.detail,TripDetailFragment,onBottomBarClick,1,0,0.0,0,0.0,1,0,1,0,3,0,1,0,1.0,0,1,1,0,1.0,0,3.0,0,0,0.0,0,0.2909090909090909,0.7272727272727273,139,108,0.18181818181818182,11,3,6,1,0,12,9,0,2,0,1,2,1,1,2,0,16,0.9272727272727272,16,1.4545454545454546,11,6,3,0,6,5,0,6,4,1,0,0,0,0,0,13,13,2,410,291,10,0,16,86,2.272727272727273,30,0,1424,16,81,42,8204
2025-07-04,argo,de.grobox.transportr.trips.detail,TripDetailFragment,onSheetStateChanged,2,0,0.0,2,1.0,1,0,1,0,28,1,2,0,0.0,0,0,0,16,0.0,0,3.1,1,0,0.0,0,0.2909090909090909,0.7272727272727273,139,108,0.18181818181818182,11,3,6,1,0,12,9,0,2,0,1,2,1,1,2,0,16,0.9272727272727272,16,1.4545454545454546,11,6,3,0,6,5,0,6,4,1,0,0,0,0,0,13,13,2,410,291,10,0,16,86,2.272727272727273,30,0,1424,16,81,42,8204
2025-07-04,argo,de.grobox.transportr.trips.detail,TripDetailFragment,onTripReloadError,1,0,0.0,2,1.0,1,0,1,0,4,0,1,0,0.0,0,0,1,8,0.0,0,3.6666666666666665,1,1,0.0,0,0.2909090909090909,0.7272727272727273,139,108,0.18181818181818182,11,3,6,1,0,12,9,0,2,0,1,2,1,1,2,0,16,0.9272727272727272,16,1.4545454545454546,11,6,3,0,6,5,0,6,4,1,0,0,0,0,0,13,13,2,410,291,10,0,16,86,2.272727272727273,30,0,1424,16,81,42,8204
2025-07-04,argo,de.grobox.transportr.trips.detail,TripDrawer,draw,19,11,2.0,18,0.7,0,6,2,0,41,5,19,22,0.0,8,0,0,40,0.0,4,2.3,3,0,0.0,0,0.0,0.8888888888888888,140,56,0.3333333333333333,9,0,0,1,0,11,4,0,0,0,0,0,0,0,0,0,26,0.6388888888888888,26,2.888888888888889,9,0,0,0,1,8,0,1,0,1,0,0,0,0,0,9,9,2,410,291,10,0,4,113,5.25,30,0,1424,16,81,42,8204
2025-07-04,argo,de.grobox.transportr.trips.detail,TripDrawer,calculatePath,5,0,0.0,5,0.4,0,6,2,0,12,2,5,0,0.0,0,0,0,27,0.0,0,3.1875,1,0,0.0,0,0.0,0.8888888888888888,140,56,0.3333333333333333,9,0,0,1,0,11,4,0,0,0,0,0,0,0,0,0,26,0.6388888888888888,26,2.888888888888889,9,0,0,0,1,8,0,1,0,1,0,0,0,0,0,9,9,2,410,291,10,0,4,113,5.25,30,0,1424,16,81,42,8204
2025-07-04,argo,de.grobox.transportr.trips.detail,TripDrawer,getBackgroundColor,4,1,0.0,2,1.0,0,6,2,0,11,1,4,0,0.0,0,0,0,8,0.0,0,2.5,1,0,0.0,0,0.0,0.8888888888888888,140,56,0.3333333333333333,9,0,0,1,0,11,4,0,0,0,0,0,0,0,0,0,26,0.6388888888888888,26,2.888888888888889,9,0,0,0,1,8,0,1,0,1,0,0,0,0,0,9,9,2,410,291,10,0,4,113,5.25,30,0,1424,16,81,42,8204
2025-07-04,argo,de.grobox.transportr.trips.detail,TripDrawer,getForegroundColor,4,1,0.0,2,1.0,0,6,2,0,11,1,4,0,0.0,0,0,0,9,0.0,0,2.75,1,0,0.0,0,0.0,0.8888888888888888,140,56,0.3333333333333333,9,0,0,1,0,11,4,0,0,0,0,0,0,0,0,0,26,0.6388888888888888,26,2.888888888888889,9,0,0,0,1,8,0,1,0,1,0,0,0,0,0,9,9,2,410,291,10,0,4,113,5.25,30,0,1424,16,81,42,8204
2025-07-04,argo,de.grobox.transportr.trips.detail,TripDrawer,markLocation,1,0,0.0,1,1.0,0,6,2,0,3,0,1,1,0.0,1,0,1,1,0.0,1,2.0,4,1,0.0,0,0.0,0.8888888888888888,140,56,0.3333333333333333,9,0,0,1,0,11,4,0,0,0,0,0,0,0,0,0,26,0.6388888888888888,26,2.888888888888889,9,0,0,0,1,8,0,1,0,1,0,0,0,0,0,9,9,2,410,291,10,0,4,113,5.25,30,0,1424,16,81,42,8204
2025-07-04,argo,de.grobox.transportr.trips.detail,TripDrawer,getMarkerIcon,5,2,0.0,4,0.8,0,6,2,0,19,2,5,7,0.0,0,0,0,12,0.0,3,2.625,3,0,0.0,0,0.0,0.8888888888888888,140,56,0.3333333333333333,9,0,0,1,0,11,4,0,0,0,0,0,0,0,0,0,26,0.6388888888888888,26,2.888888888888889,9,0,0,0,1,8,0,1,0,1,0,0,0,0,0,9,9,2,410,291,10,0,4,113,5.25,30,0,1424,16,81,42,8204
2025-07-04,argo,de.grobox.transportr.trips.detail,TripDrawer,getStopText,2,1,0.0,4,0.75,0,6,2,0,9,1,2,0,0.0,0,0,1,9,0.0,1,3.2,1,1,0.0,0,0.0,0.8888888888888888,140,56,0.3333333333333333,9,0,0,1,0,11,4,0,0,0,0,0,0,0,0,0,26,0.6388888888888888,26,2.888888888888889,9,0,0,0,1,8,0,1,0,1,0,0,0,0,0,9,9,2,410,291,10,0,4,113,5.25,30,0,1424,16,81,42,8204
2025-07-04,argo,de.grobox.transportr.trips.detail,TripDrawer,getStationText,3,0,0.0,2,0.5,0,6,2,0,7,1,3,0,0.0,0,0,0,12,0.0,0,3.0,2,0,0.0,0,0.0,0.8888888888888888,140,56,0.3333333333333333,9,0,0,1,0,11,4,0,0,0,0,0,0,0,0,0,26,0.6388888888888888,26,2.888888888888889,9,0,0,0,1,8,0,1,0,1,0,0,0,0,0,9,9,2,410,291,10,0,4,113,5.25,30,0,1424,16,81,42,8204
2025-07-04,argo,de.grobox.transportr.trips.detail,TripDrawer,getStationText,2,1,0.0,3,1.0,0,6,2,0,9,1,2,0,0.0,0,0,2,7,0.0,1,3.2,2,2,0.0,0,0.0,0.8888888888888888,140,56,0.3333333333333333,9,0,0,1,0,11,4,0,0,0,0,0,0,0,0,0,26,0.6388888888888888,26,2.888888888888889,9,0,0,0,1,8,0,1,0,1,0,0,0,0,0,9,9,2,410,291,10,0,4,113,5.25,30,0,1424,16,81,42,8204
2025-07-04,argo,de.grobox.transportr.trips.detail,TripMapFragment,onCreateView,1,0,0.0,2,1.0,1,0,1,0,5,0,1,0,0.4,1,2,2,3,0.67,1,2.3333333333333335,3,1,0.0,0,0.5,0.75,39,24,0.25,4,3,2,1,0,7,5,0,0,0,1,2,1,1,2,0,6,1.0,6,1.5,4,2,3,0,2,2,0,2,1,1,0,0,0,0,0,4,4,2,410,291,10,0,5,15,1.5,30,0,1424,16,81,42,8204
2025-07-04,argo,de.grobox.transportr.trips.detail,TripMapFragment,onMapReady,1,0,2.0,4,0.5,1,0,1,0,7,0,1,1,0.75,3,1,1,7,1.0,3,2.4285714285714284,1,1,0.0,0,0.5,0.75,39,24,0.25,4,3,2,1,0,7,5,0,0,0,1,2,1,1,2,0,6,1.0,6,1.5,4,2,3,0,2,2,0,2,1,1,0,0,0,0,0,4,4,2,410,291,10,0,5,15,1.5,30,0,1424,16,81,42,8204
2025-07-04,argo,de.grobox.transportr.trips.detail,TripMapFragment,onTripChanged,3,2,0.0,2,1.0,1,0,1,0,9,2,3,0,0.5,0,1,1,5,0.33,1,2.6666666666666665,1,1,0.0,0,0.5,0.75,39,24,0.25,4,3,2,1,0,7,5,0,0,0,1,2,1,1,2,0,6,1.0,6,1.5,4,2,3,0,2,2,0,2,1,1,0,0,0,0,0,4,4,2,410,291,10,0,5,15,1.5,30,0,1424,16,81,42,8204
2025-07-04,argo,de.grobox.transportr.trips.detail,TripMapFragment,animateTo,1,0,0.0,0,0.0,1,0,1,0,3,0,1,1,0.0,1,0,1,0,0.0,0,0.0,1,1,0.0,0,0.5,0.75,39,24,0.25,4,3,2,1,0,7,5,0,0,0,1,2,1,1,2,0,6,1.0,6,1.5,4,2,3,0,2,2,0,2,1,1,0,0,0,0,0,4,4,2,410,291,10,0,5,15,1.5,30,0,1424,16,81,42,8204
2025-07-04,argo,de.grobox.transportr.trips.detail,TripReloader,reload,5,2,1.0,4,1.0,0,2,1,0,14,1,5,1,0.0,1,0,1,20,0.0,1,2.466666666666667,0,1,0.0,0,0.0,1.0,46,24,0.5,4,0,0,0,0,4,2,0,0,0,0,0,0,0,0,0,16,0.8333333333333334,16,4.0,4,0,0,0,1,3,0,1,2,1,0,0,0,0,0,4,4,2,410,291,10,0,2,46,4.75,30,0,1424,16,81,42,8204
2025-07-04,argo,de.grobox.transportr.trips.detail,TripReloader,onTripReloaded,3,1,0.0,3,1.0,0,2,1,0,10,2,3,0,0.0,1,0,1,5,0.0,1,2.2,1,1,0.0,0,0.0,1.0,46,24,0.5,4,0,0,0,0,4,2,0,0,0,0,0,0,0,0,0,16,0.8333333333333334,16,4.0,4,0,0,0,1,3,0,1,2,1,0,0,0,0,0,4,4,2,410,291,10,0,2,46,4.75,30,0,1424,16,81,42,8204
2025-07-04,argo,de.grobox.transportr.trips.detail,TripReloader,isTheSame,10,0,0.0,7,0.75,0,2,1,0,12,9,10,0,0.0,1,0,0,19,0.0,1,2.642857142857143,1,0,0.0,0,0.0,1.0,46,24,0.5,4,0,0,0,0,4,2,0,0,0,0,0,0,0,0,0,16,0.8333333333333334,16,4.0,4,0,0,0,1,3,0,1,2,1,0,0,0,0,0,4,4,2,410,291,10,0,2,46,4.75,30,0,1424,16,81,42,8204
2025-07-04,argo,de.grobox.transportr.trips.detail,TripReloader,getPlannedDuration,1,2,0.0,1,1.0,0,2,1,0,5,0,1,0,0.0,0,0,0,2,0.0,1,2.0,0,0,0.0,0,0.0,1.0,46,24,0.5,4,0,0,0,0,4,2,0,0,0,0,0,0,0,0,0,16,0.8333333333333334,16,4.0,4,0,0,0,1,3,0,1,2,1,0,0,0,0,0,4,4,2,410,291,10,0,2,46,4.75,30,0,1424,16,81,42,8204
2025-07-04,argo,de.grobox.transportr.trips.search,DirectionsActivity,onCreate,2,0,3.0,4,1.0,1,0,1,0,12,1,2,3,0.6,4,2,4,9,2.0,1,2.5,1,3,0.0,0,0.24444444444444444,0.6,154,117,0.4,10,4,6,1,0,8,9,0,3,0,1,7,5,5,2,0,26,0.8888888888888888,26,2.6,10,6,4,0,6,4,0,5,3,1,0,0,0,0,0,12,12,2,410,291,7,0,9,62,3.9,51,0,1318,16,81,63,8204
2025-07-04,argo,de.grobox.transportr.trips.search,DirectionsActivity,onStart,1,0,0.0,1,1.0,1,0,1,0,4,0,1,0,1.0,1,1,0,1,1.0,1,2.0,0,0,0.0,0,0.24444444444444444,0.6,154,117,0.4,10,4,6,1,0,8,9,0,3,0,1,7,5,5,2,0,26,0.8888888888888888,26,2.6,10,6,4,0,6,4,0,5,3,1,0,0,0,0,0,12,12,2,410,291,7,0,9,62,3.9,51,0,1318,16,81,63,8204
2025-07-04,argo,de.grobox.transportr.trips.search,DirectionsActivity,onStop,1,0,0.0,1,1.0,1,0,1,0,4,0,1,0,1.0,1,1,0,1,1.0,1,2.0,0,0,0.0,0,0.24444444444444444,0.6,154,117,0.4,10,4,6,1,0,8,9,0,3,0,1,7,5,5,2,0,26,0.8888888888888888,26,2.6,10,6,4,0,6,4,0,5,3,1,0,0,0,0,0,12,12,2,410,291,7,0,9,62,3.9,51,0,1318,16,81,63,8204
2025-07-04,argo,de.grobox.transportr.trips.search,DirectionsActivity,onOptionsItemSelected,2,0,1.0,1,1.0,1,0,1,0,7,1,2,1,0.3333333333333333,2,1,0,4,1.0,1,2.6666666666666665,1,0,0.0,0,0.24444444444444444,0.6,154,117,0.4,10,4,6,1,0,8,9,0,3,0,1,7,5,5,2,0,26,0.8888888888888888,26,2.6,10,6,4,0,6,4,0,5,3,1,0,0,0,0,0,12,12,2,410,291,7,0,9,62,3.9,51,0,1318,16,81,63,8204
2025-07-04,argo,de.grobox.transportr.trips.search,DirectionsActivity,onOffsetChanged,4,1,0.0,0,0.0,1,0,1,0,10,2,4,0,0.75,0,1,0,1,0.33,0,3.0,2,0,0.0,0,0.24444444444444444,0.6,154,117,0.4,10,4,6,1,0,8,9,0,3,0,1,7,5,5,2,0,26,0.8888888888888888,26,2.6,10,6,4,0,6,4,0,5,3,1,0,0,0,0,0,12,12,2,410,291,7,0,9,62,3.9,51,0,1318,16,81,63,8204
2025-07-04,argo,de.grobox.transportr.trips.search,DirectionsActivity,onNewIntent,1,0,1.0,0,0.0,1,0,1,0,4,0,1,1,0.0,2,0,1,0,0.0,1,2.0,1,1,0.0,0,0.24444444444444444,0.6,154,117,0.4,10,4,6,1,0,8,9,0,3,0,1,7,5,5,2,0,26,0.8888888888888888,26,2.6,10,6,4,0,6,4,0,5,3,1,0,0,0,0,0,12,12,2,410,291,7,0,9,62,3.9,51,0,1318,16,81,63,8204
2025-07-04,argo,de.grobox.transportr.trips.search,DirectionsActivity,showFavorites,1,0,0.0,1,1.0,1,0,1,0,4,0,1,0,1.0,0,1,1,7,1.0,0,4.0,0,1,0.0,0,0.24444444444444444,0.6,154,117,0.4,10,4,6,1,0,8,9,0,3,0,1,7,5,5,2,0,26,0.8888888888888888,26,2.6,10,6,4,0,6,4,0,5,3,1,0,0,0,0,0,12,12,2,410,291,7,0,9,62,3.9,51,0,1318,16,81,63,8204
2025-07-04,argo,de.grobox.transportr.trips.search,DirectionsActivity,showTrips,1,0,0.0,2,1.0,1,0,1,0,4,0,1,0,0.0,0,0,2,7,0.0,1,3.3333333333333335,0,2,0.0,0,0.24444444444444444,0.6,154,117,0.4,10,4,6,1,0,8,9,0,3,0,1,7,5,5,2,0,26,0.8888888888888888,26,2.6,10,6,4,0,6,4,0,5,3,1,0,0,0,0,0,12,12,2,410,291,7,0,9,62,3.9,51,0,1318,16,81,63,8204
2025-07-04,argo,de.grobox.transportr.trips.search,DirectionsActivity,processIntent,23,11,1.0,13,0.9375,1,0,1,0,56,9,23,4,0.3333333333333333,1,1,1,24,0.14,1,2.064516129032258,1,1,0.0,0,0.24444444444444444,0.6,154,117,0.4,10,4,6,1,0,8,9,0,3,0,1,7,5,5,2,0,26,0.8888888888888888,26,2.6,10,6,4,0,6,4,0,5,3,1,0,0,0,0,0,12,12,2,410,291,7,0,9,62,3.9,51,0,1318,16,81,63,8204
2025-07-04,argo,de.grobox.transportr.trips.search,DirectionsActivity,searchFromTo,3,0,0.0,6,0.3333,1,0,1,0,12,1,3,0,0.5833333333333334,0,1,0,8,0.33,1,2.375,3,0,0.0,0,0.24444444444444444,0.6,154,117,0.4,10,4,6,1,0,8,9,0,3,0,1,7,5,5,2,0,26,0.8888888888888888,26,2.6,10,6,4,0,6,4,0,5,3,1,0,0,0,0,0,12,12,2,410,291,7,0,9,62,3.9,51,0,1318,16,81,63,8204
2025-07-04,argo,de.grobox.transportr.trips.search,DirectionsFragment,onCreateView,1,1,0.0,3,1.0,1,0,1,0,6,0,1,0,0.5,0,2,2,6,0.5,1,3.0,3,1,0.0,0,0.2727272727272727,0.9090909090909091,188,170,0.09090909090909091,11,3,4,1,0,11,16,0,1,0,2,0,0,0,3,0,20,0.6363636363636364,20,1.8181818181818181,11,4,3,0,4,7,0,4,3,1,0,0,0,0,0,14,14,2,410,291,7,0,23,172,3.4545454545454546,51,0,1318,16,81,63,8204
2025-07-04,argo,de.grobox.transportr.trips.search,DirectionsFragment,onViewCreated,6,2,7.0,30,0.3333,1,0,1,0,61,3,6,8,0.9285714285714286,8,1,13,80,0.25,1,2.390625,2,10,0.0,0,0.2727272727272727,0.9090909090909091,188,170,0.09090909090909091,11,3,4,1,0,11,16,0,1,0,2,0,0,0,3,0,20,0.6363636363636364,20,1.8181818181818181,11,4,3,0,4,7,0,4,3,1,0,0,0,0,0,14,14,2,410,291,7,0,23,172,3.4545454545454546,51,0,1318,16,81,63,8204
2025-07-04,argo,de.grobox.transportr.trips.search,DirectionsFragment,onSaveInstanceState,1,0,0.0,2,0.5,1,0,1,0,6,0,1,0,0.42857142857142855,1,1,1,8,1.0,1,2.4285714285714284,1,1,0.0,0,0.2727272727272727,0.9090909090909091,188,170,0.09090909090909091,11,3,4,1,0,11,16,0,1,0,2,0,0,0,3,0,20,0.6363636363636364,20,1.8181818181818181,11,4,3,0,4,7,0,4,3,1,0,0,0,0,0,14,14,2,410,291,7,0,23,172,3.4545454545454546,51,0,1318,16,81,63,8204
2025-07-04,argo,de.grobox.transportr.trips.search,DirectionsFragment,onViewStateRestored,2,0,0.0,8,0.375,1,0,1,0,12,1,2,0,0.6153846153846154,1,1,0,18,1.0,1,2.9,1,0,0.0,0,0.2727272727272727,0.9090909090909091,188,170,0.09090909090909091,11,3,4,1,0,11,16,0,1,0,2,0,0,0,3,0,20,0.6363636363636364,20,1.8181818181818181,11,4,3,0,4,7,0,4,3,1,0,0,0,0,0,14,14,2,410,291,7,0,23,172,3.4545454545454546,51,0,1318,16,81,63,8204
2025-07-04,argo,de.grobox.transportr.trips.search,DirectionsFragment,onCalendarUpdated,10,1,0.0,5,0.6,1,0,1,0,19,2,10,0,0.0,0,0,0,13,0.0,0,2.1538461538461537,1,0,0.0,0,0.2727272727272727,0.9090909090909091,188,170,0.09090909090909091,11,3,4,1,0,11,16,0,1,0,2,0,0,0,3,0,20,0.6363636363636364,20,1.8181818181818181,11,4,3,0,4,7,0,4,3,1,0,0,0,0,0,14,14,2,410,291,7,0,23,172,3.4545454545454546,51,0,1318,16,81,63,8204
2025-07-04,argo,de.grobox.transportr.trips.search,DirectionsFragment,swapLocations,1,4,0.0,6,0.6667,1,0,1,0,28,0,1,0,1.0,0,1,3,17,0.25,1,2.0,0,3,0.0,0,0.2727272727272727,0.9090909090909091,188,170,0.09090909090909091,11,3,4,1,0,11,16,0,1,0,2,0,0,0,3,0,20,0.6363636363636364,20,1.8181818181818181,11,4,3,0,4,7,0,4,3,1,0,0,0,0,0,14,14,2,410,291,7,0,23,172,3.4545454545454546,51,0,1318,16,81,63,8204
2025-07-04,argo,de.grobox.transportr.trips.search,DirectionsFragment,onIsDepartureChanged,2,0,0.0,1,1.0,1,0,1,0,3,0,2,0,0.0,0,0,1,4,0.0,0,2.6666666666666665,1,0,0.0,0,0.2727272727272727,0.9090909090909091,188,170,0.09090909090909091,11,3,4,1,0,11,16,0,1,0,2,0,0,0,3,0,20,0.6363636363636364,20,1.8181818181818181,11,4,3,0,4,7,0,4,3,1,0,0,0,0,0,14,14,2,410,291,7,0,23,172,3.4545454545454546,51,0,1318,16,81,63,8204
2025-07-04,argo,de.grobox.transportr.trips.search,DirectionsFragment,onViaVisibleChanged,4,0,0.0,2,1.0,1,0,1,0,4,0,4,0,0.0,0,0,1,5,0.0,1,2.5,1,1,0.0,0,0.2727272727272727,0.9090909090909091,188,170,0.09090909090909091,11,3,4,1,0,11,16,0,1,0,2,0,0,0,3,0,20,0.6363636363636364,20,1.8181818181818181,11,4,3,0,4,7,0,4,3,1,0,0,0,0,0,14,14,2,410,291,7,0,23,172,3.4545454545454546,51,0,1318,16,81,63,8204
2025-07-04,argo,de.grobox.transportr.trips.search,DirectionsFragment,onFindGpsLocation,3,0,0.0,7,0.5714,1,0,1,0,17,1,3,0,0.8333333333333334,0,1,2,10,1.0,1,2.3333333333333335,1,2,0.0,0,0.2727272727272727,0.9090909090909091,188,170,0.09090909090909091,11,3,4,1,0,11,16,0,1,0,2,0,0,0,3,0,20,0.6363636363636364,20,1.8181818181818181,11,4,3,0,4,7,0,4,3,1,0,0,0,0,0,14,14,2,410,291,7,0,23,172,3.4545454545454546,51,0,1318,16,81,63,8204
2025-07-04,argo,de.grobox.transportr.trips.search,DirectionsFragment,onFavStatusChanged,5,1,0.0,3,1.0,1,0,1,0,11,1,5,0,0.0,0,0,0,9,0.0,1,2.4444444444444446,1,0,0.0,0,0.2727272727272727,0.9090909090909091,188,170,0.09090909090909091,11,3,4,1,0,11,16,0,1,0,2,0,0,0,3,0,20,0.6363636363636364,20,1.8181818181818181,11,4,3,0,4,7,0,4,3,1,0,0,0,0,0,14,14,2,410,291,7,0,23,172,3.4545454545454546,51,0,1318,16,81,63,8204
2025-07-04,argo,de.grobox.transportr.trips.search,DirectionsFragment,onProductsChanged,3,0,0.0,1,1.0,1,0,1,0,3,0,3,0,0.0,0,0,0,2,0.0,0,2.0,1,0,0.0,0,0.2727272727272727,0.9090909090909091,188,170,0.09090909090909091,11,3,4,1,0,11,16,0,1,0,2,0,0,0,3,0,20,0.6363636363636364,20,1.8181818181818181,11,4,3,0,4,7,0,4,3,1,0,0,0,0,0,14,14,2,410,291,7,0,23,172,3.4545454545454546,51,0,1318,16,81,63,8204
2025-07-04,argo,de.grobox.transportr.trips.search,DirectionsViewModel,setFromLocation,1,0,0.0,0,0.0,0,7,1,0,3,0,1,0,0.5,0,1,1,0,2.0,0,2.0,1,0,0.0,0,0.14705882352941177,0.7647058823529411,169,62,0.5,17,28,4,1,19,6,6,0,9,0,19,28,0,0,0,0,23,0.7426470588235294,23,1.3529411764705883,17,4,28,0,16,1,0,16,2,1,0,0,0,0,0,17,17,2,410,291,7,0,19,33,1.6470588235294117,51,0,1318,16,81,63,8204
2025-07-04,argo,de.grobox.transportr.trips.search,DirectionsViewModel,setViaLocation,1,0,0.0,0,0.0,0,7,1,0,3,0,1,0,0.5,0,1,1,0,2.0,0,2.0,1,0,0.0,0,0.14705882352941177,0.7647058823529411,169,62,0.5,17,28,4,1,19,6,6,0,9,0,19,28,0,0,0,0,23,0.7426470588235294,23,1.3529411764705883,17,4,28,0,16,1,0,16,2,1,0,0,0,0,0,17,17,2,410,291,7,0,19,33,1.6470588235294117,51,0,1318,16,81,63,8204
2025-07-04,argo,de.grobox.transportr.trips.search,DirectionsViewModel,setToLocation,1,0,0.0,0,0.0,0,7,1,0,3,0,1,0,0.5,0,1,1,0,2.0,0,2.0,1,0,0.0,0,0.14705882352941177,0.7647058823529411,169,62,0.5,17,28,4,1,19,6,6,0,9,0,19,28,0,0,0,0,23,0.7426470588235294,23,1.3529411764705883,17,4,28,0,16,1,0,16,2,1,0,0,0,0,0,17,17,2,410,291,7,0,19,33,1.6470588235294117,51,0,1318,16,81,63,8204
2025-07-04,argo,de.grobox.transportr.trips.search,DirectionsViewModel,swapFromAndToLocations,3,1,0.0,1,1.0,0,7,1,0,10,1,3,0,1.0,0,3,1,4,5.0,0,2.25,0,0,0.0,0,0.14705882352941177,0.7647058823529411,169,62,0.5,17,28,4,1,19,6,6,0,9,0,19,28,0,0,0,0,23,0.7426470588235294,23,1.3529411764705883,17,4,28,0,16,1,0,16,2,1,0,0,0,0,0,17,17,2,410,291,7,0,19,33,1.6470588235294117,51,0,1318,16,81,63,8204
2025-07-04,argo,de.grobox.transportr.trips.search,DirectionsViewModel,onTimeAndDateSet,1,0,1.0,0,0.0,0,7,1,0,4,0,1,2,0.0,2,0,2,0,0.0,0,0.0,1,2,0.0,0,0.14705882352941177,0.7647058823529411,169,62,0.5,17,28,4,1,19,6,6,0,9,0,19,28,0,0,0,0,23,0.7426470588235294,23,1.3529411764705883,17,4,28,0,16,1,0,16,2,1,0,0,0,0,0,17,17,2,410,291,7,0,19,33,1.6470588235294117,51,0,1318,16,81,63,8204
2025-07-04,argo,de.grobox.transportr.trips.search,DirectionsViewModel,onDepartureOrArrivalSet,1,0,1.0,0,0.0,0,7,1,0,4,0,1,2,0.0,2,0,2,0,0.0,0,0.0,1,2,0.0,0,0.14705882352941177,0.7647058823529411,169,62,0.5,17,28,4,1,19,6,6,0,9,0,19,28,0,0,0,0,23,0.7426470588235294,23,1.3529411764705883,17,4,28,0,16,1,0,16,2,1,0,0,0,0,0,17,17,2,410,291,7,0,19,33,1.6470588235294117,51,0,1318,16,81,63,8204
2025-07-04,argo,de.grobox.transportr.trips.search,DirectionsViewModel,resetCalender,1,0,1.0,0,0.0,0,7,1,0,4,0,1,1,1.0,1,1,1,0,1.0,0,2.0,0,1,0.0,0,0.14705882352941177,0.7647058823529411,169,62,0.5,17,28,4,1,19,6,6,0,9,0,19,28,0,0,0,0,23,0.7426470588235294,23,1.3529411764705883,17,4,28,0,16,1,0,16,2,1,0,0,0,0,0,17,17,2,410,291,7,0,19,33,1.6470588235294117,51,0,1318,16,81,63,8204
2025-07-04,argo,de.grobox.transportr.trips.search,DirectionsViewModel,setCalendar,1,0,0.0,1,1.0,0,7,1,0,4,0,1,0,0.5,0,2,2,2,2.0,0,2.0,1,0,0.0,0,0.14705882352941177,0.7647058823529411,169,62,0.5,17,28,4,1,19,6,6,0,9,0,19,28,0,0,0,0,23,0.7426470588235294,23,1.3529411764705883,17,4,28,0,16,1,0,16,2,1,0,0,0,0,0,17,17,2,410,291,7,0,19,33,1.6470588235294117,51,0,1318,16,81,63,8204
2025-07-04,argo,de.grobox.transportr.trips.search,DirectionsViewModel,setProducts,1,0,0.0,1,1.0,0,7,1,0,5,0,1,1,0.3333333333333333,1,1,3,1,2.0,1,2.0,1,2,0.0,0,0.14705882352941177,0.7647058823529411,169,62,0.5,17,28,4,1,19,6,6,0,9,0,19,28,0,0,0,0,23,0.7426470588235294,23,1.3529411764705883,17,4,28,0,16,1,0,16,2,1,0,0,0,0,0,17,17,2,410,291,7,0,19,33,1.6470588235294117,51,0,1318,16,81,63,8204
2025-07-04,argo,de.grobox.transportr.trips.search,DirectionsViewModel,setIsDeparture,1,0,0.0,0,0.0,0,7,1,0,4,0,1,1,0.5,1,1,2,0,2.0,0,2.0,1,1,0.0,0,0.14705882352941177,0.7647058823529411,169,62,0.5,17,28,4,1,19,6,6,0,9,0,19,28,0,0,0,0,23,0.7426470588235294,23,1.3529411764705883,17,4,28,0,16,1,0,16,2,1,0,0,0,0,0,17,17,2,410,291,7,0,19,33,1.6470588235294117,51,0,1318,16,81,63,8204
2025-07-04,argo,de.grobox.transportr.trips.search,DirectionsViewModel,setIsExpanded,1,0,0.0,0,0.0,0,7,1,0,3,0,1,0,0.5,0,1,1,0,2.0,0,2.0,1,0,0.0,0,0.14705882352941177,0.7647058823529411,169,62,0.5,17,28,4,1,19,6,6,0,9,0,19,28,0,0,0,0,23,0.7426470588235294,23,1.3529411764705883,17,4,28,0,16,1,0,16,2,1,0,0,0,0,0,17,17,2,410,291,7,0,19,33,1.6470588235294117,51,0,1318,16,81,63,8204
2025-07-04,argo,de.grobox.transportr.trips.search,DirectionsViewModel,toggleIsExpanded,1,0,0.0,0,0.0,0,7,1,0,3,0,1,0,1.0,0,1,0,0,2.0,0,2.0,0,0,0.0,0,0.14705882352941177,0.7647058823529411,169,62,0.5,17,28,4,1,19,6,6,0,9,0,19,28,0,0,0,0,23,0.7426470588235294,23,1.3529411764705883,17,4,28,0,16,1,0,16,2,1,0,0,0,0,0,17,17,2,410,291,7,0,19,33,1.6470588235294117,51,0,1318,16,81,63,8204
2025-07-04,argo,de.grobox.transportr.trips.search,DirectionsViewModel,toggleFavTrip,1,0,0.0,1,1.0,0,7,1,0,3,0,1,0,1.0,0,1,0,1,2.0,1,2.0,0,0,0.0,0,0.14705882352941177,0.7647058823529411,169,62,0.5,17,28,4,1,19,6,6,0,9,0,19,28,0,0,0,0,23,0.7426470588235294,23,1.3529411764705883,17,4,28,0,16,1,0,16,2,1,0,0,0,0,0,17,17,2,410,291,7,0,19,33,1.6470588235294117,51,0,1318,16,81,63,8204
2025-07-04,argo,de.grobox.transportr.trips.search,DirectionsViewModel,onLocationItemClick,3,0,1.0,4,0.5,0,7,1,0,9,1,3,4,0.2857142857142857,4,1,1,6,0.5,1,2.0,2,1,0.0,0,0.14705882352941177,0.7647058823529411,169,62,0.5,17,28,4,1,19,6,6,0,9,0,19,28,0,0,0,0,23,0.7426470588235294,23,1.3529411764705883,17,4,28,0,16,1,0,16,2,1,0,0,0,0,0,17,17,2,410,291,7,0,19,33,1.6470588235294117,51,0,1318,16,81,63,8204
2025-07-04,argo,de.grobox.transportr.trips.search,DirectionsViewModel,onLocationCleared,3,0,1.0,3,0.6667,0,7,1,0,11,1,3,4,0.5,4,1,0,5,1.0,1,2.0,1,0,0.0,0,0.14705882352941177,0.7647058823529411,169,62,0.5,17,28,4,1,19,6,6,0,9,0,19,28,0,0,0,0,23,0.7426470588235294,23,1.3529411764705883,17,4,28,0,16,1,0,16,2,1,0,0,0,0,0,17,17,2,410,291,7,0,19,33,1.6470588235294117,51,0,1318,16,81,63,8204
2025-07-04,argo,de.grobox.transportr.trips.search,DirectionsViewModel,search,6,5,0.0,4,1.0,0,7,1,0,11,1,6,0,1.0,1,10,1,13,3.4,1,2.0,0,0,0.0,0,0.14705882352941177,0.7647058823529411,169,62,0.5,17,28,4,1,19,6,6,0,9,0,19,28,0,0,0,0,23,0.7426470588235294,23,1.3529411764705883,17,4,28,0,16,1,0,16,2,1,0,0,0,0,0,17,17,2,410,291,7,0,19,33,1.6470588235294117,51,0,1318,16,81,63,8204
2025-07-04,argo,de.grobox.transportr.trips.search,DirectionsViewModel,searchMore,1,0,0.0,0,0.0,0,7,1,0,3,0,1,0,0.5,1,1,0,1,2.0,1,2.0,1,0,0.0,0,0.14705882352941177,0.7647058823529411,169,62,0.5,17,28,4,1,19,6,6,0,9,0,19,28,0,0,0,0,23,0.7426470588235294,23,1.3529411764705883,17,4,28,0,16,1,0,16,2,1,0,0,0,0,0,17,17,2,410,291,7,0,19,33,1.6470588235294117,51,0,1318,16,81,63,8204
2025-07-04,argo,de.grobox.transportr.trips.search,SavedSearchesFragment,getViewModel,1,0,0.0,2,1.0,1,3,3,0,4,0,1,0,0.0,0,0,1,2,0.0,1,2.0,0,1,0.0,0,0.0,0.0,35,4,0.0,4,0,4,1,0,4,2,0,2,0,0,2,2,2,0,0,4,1.0,4,1.0,4,4,0,0,4,0,0,4,0,1,0,0,0,0,0,6,6,2,410,291,7,0,2,6,1.0,51,0,1318,16,81,63,8204
2025-07-04,argo,de.grobox.transportr.trips.search,SavedSearchesFragment,getHomePickerDialogFragment,1,0,0.0,0,0.0,1,3,3,0,3,0,1,0,0.0,0,0,0,1,0.0,0,0.0,0,0,0.0,0,0.0,0.0,35,4,0.0,4,0,4,1,0,4,2,0,2,0,0,2,2,2,0,0,4,1.0,4,1.0,4,4,0,0,4,0,0,4,0,1,0,0,0,0,0,6,6,2,410,291,7,0,2,6,1.0,51,0,1318,16,81,63,8204
2025-07-04,argo,de.grobox.transportr.trips.search,SavedSearchesFragment,getWorkPickerDialogFragment,1,0,0.0,0,0.0,1,3,3,0,3,0,1,0,0.0,0,0,0,1,0.0,0,0.0,0,0,0.0,0,0.0,0.0,35,4,0.0,4,0,4,1,0,4,2,0,2,0,0,2,2,2,0,0,4,1.0,4,1.0,4,4,0,0,4,0,0,4,0,1,0,0,0,0,0,6,6,2,410,291,7,0,2,6,1.0,51,0,1318,16,81,63,8204
2025-07-04,argo,de.grobox.transportr.trips.search,SavedSearchesFragment,onSpecialLocationClicked,1,0,0.0,2,0.5,1,3,3,0,4,0,1,0,0.0,0,0,1,2,0.0,1,2.0,1,1,0.0,0,0.0,0.0,35,4,0.0,4,0,4,1,0,4,2,0,2,0,0,2,2,2,0,0,4,1.0,4,1.0,4,4,0,0,4,0,0,4,0,1,0,0,0,0,0,6,6,2,410,291,7,0,2,6,1.0,51,0,1318,16,81,63,8204
2025-07-04,argo,de.grobox.transportr.trips.search,TripsFragment,onCreateView,1,1,0.0,3,1.0,1,0,1,0,6,0,1,0,0.5,0,2,2,6,0.5,1,3.0,3,1,0.0,0,0.37777777777777777,0.9,115,90,0.2,10,5,4,1,0,12,10,0,4,0,2,2,1,1,4,0,18,0.6444444444444444,18,1.8,10,4,5,0,4,6,0,4,3,1,0,0,0,0,0,10,10,2,410,291,7,0,15,71,2.4,51,0,1318,16,81,63,8204
2025-07-04,argo,de.grobox.transportr.trips.search,TripsFragment,onViewCreated,1,1,6.0,14,0.4286,1,0,1,0,22,0,1,6,0.8571428571428571,7,2,5,26,0.67,1,2.45,2,4,0.0,0,0.37777777777777777,0.9,115,90,0.2,10,5,4,1,0,12,10,0,4,0,2,2,1,1,4,0,18,0.6444444444444444,18,1.8,10,4,5,0,4,6,0,4,3,1,0,0,0,0,0,10,10,2,410,291,7,0,15,71,2.4,51,0,1318,16,81,63,8204
2025-07-04,argo,de.grobox.transportr.trips.search,TripsFragment,onRefresh,1,1,0.0,1,1.0,1,0,1,0,5,0,1,0,0.75,0,2,1,1,1.0,1,2.0,1,0,0.0,0,0.37777777777777777,0.9,115,90,0.2,10,5,4,1,0,12,10,0,4,0,2,2,1,1,4,0,18,0.6444444444444444,18,1.8,10,4,5,0,4,6,0,4,3,1,0,0,0,0,0,10,10,2,410,291,7,0,15,71,2.4,51,0,1318,16,81,63,8204
2025-07-04,argo,de.grobox.transportr.trips.search,TripsFragment,onSwipeEnabledChanged,2,0,1.0,2,1.0,1,0,1,0,6,1,2,1,0.6,1,2,1,3,2.0,0,2.5,1,0,0.0,0,0.37777777777777777,0.9,115,90,0.2,10,5,4,1,0,12,10,0,4,0,2,2,1,1,4,0,18,0.6444444444444444,18,1.8,10,4,5,0,4,6,0,4,3,1,0,0,0,0,0,10,10,2,410,291,7,0,15,71,2.4,51,0,1318,16,81,63,8204
2025-07-04,argo,de.grobox.transportr.trips.search,TripsFragment,updateSwipeState,6,1,0.0,1,1.0,1,0,1,0,15,3,6,0,0.14285714285714285,0,1,0,3,0.5,0,2.076923076923077,1,0,0.0,0,0.37777777777777777,0.9,115,90,0.2,10,5,4,1,0,12,10,0,4,0,2,2,1,1,4,0,18,0.6444444444444444,18,1.8,10,4,5,0,4,6,0,4,3,1,0,0,0,0,0,10,10,2,410,291,7,0,15,71,2.4,51,0,1318,16,81,63,8204
2025-07-04,argo,de.grobox.transportr.trips.search,TripsFragment,onTripsLoaded,6,1,0.0,3,1.0,1,0,1,0,11,2,6,0,0.6,0,2,0,5,1.0,1,2.0,1,0,0.0,0,0.37777777777777777,0.9,115,90,0.2,10,5,4,1,0,12,10,0,4,0,2,2,1,1,4,0,18,0.6444444444444444,18,1.8,10,4,5,0,4,6,0,4,3,1,0,0,0,0,0,10,10,2,410,291,7,0,15,71,2.4,51,0,1318,16,81,63,8204
2025-07-04,argo,de.grobox.transportr.trips.search,TripsFragment,onError,2,0,0.0,1,1.0,1,0,1,0,5,1,2,0,0.0,0,0,2,2,0.0,1,2.0,1,1,0.0,0,0.37777777777777777,0.9,115,90,0.2,10,5,4,1,0,12,10,0,4,0,2,2,1,1,4,0,18,0.6444444444444444,18,1.8,10,4,5,0,4,6,0,4,3,1,0,0,0,0,0,10,10,2,410,291,7,0,15,71,2.4,51,0,1318,16,81,63,8204
2025-07-04,argo,de.grobox.transportr.trips.search,TripsFragment,onPTEError,2,1,0.0,4,1.0,1,0,1,0,7,1,2,0,0.0,0,0,2,9,0.0,1,2.3333333333333335,1,2,0.0,0,0.37777777777777777,0.9,115,90,0.2,10,5,4,1,0,12,10,0,4,0,2,2,1,1,4,0,18,0.6444444444444444,18,1.8,10,4,5,0,4,6,0,4,3,1,0,0,0,0,0,10,10,2,410,291,7,0,15,71,2.4,51,0,1318,16,81,63,8204
2025-07-04,argo,de.grobox.transportr.trips.search,TripsFragment,onMoreError,2,0,0.0,1,1.0,1,0,1,0,5,1,2,0,0.0,0,0,1,4,0.0,0,2.3333333333333335,1,1,0.0,0,0.37777777777777777,0.9,115,90,0.2,10,5,4,1,0,12,10,0,4,0,2,2,1,1,4,0,18,0.6444444444444444,18,1.8,10,4,5,0,4,6,0,4,3,1,0,0,0,0,0,10,10,2,410,291,7,0,15,71,2.4,51,0,1318,16,81,63,8204
2025-07-04,argo,de.grobox.transportr.trips.search,TripsFragment,onClick,1,0,0.0,5,0.4,1,0,1,0,8,0,1,0,0.75,0,1,1,12,1.0,0,2.5,1,1,0.0,0,0.37777777777777777,0.9,115,90,0.2,10,5,4,1,0,12,10,0,4,0,2,2,1,1,4,0,18,0.6444444444444444,18,1.8,10,4,5,0,4,6,0,4,3,1,0,0,0,0,0,10,10,2,410,291,7,0,15,71,2.4,51,0,1318,16,81,63,8204
2025-07-04,argo,de.grobox.transportr.trips.search,TripsRepository,clearState,1,0,0.0,0,0.0,0,2,2,0,7,0,1,1,1.0,0,5,1,0,5.0,0,2.0,0,0,0.0,0,0.2222222222222222,1.0,152,86,0.42857142857142855,8,9,0,0,6,6,6,0,4,0,6,7,1,1,3,0,18,0.5555555555555556,18,2.0,9,0,9,0,3,6,0,3,1,1,0,0,0,0,0,9,9,2,410,291,7,0,8,152,4.555555555555555,51,0,1318,16,81,63,8204
2025-07-04,argo,de.grobox.transportr.trips.search,TripsRepository,search,4,0,2.0,3,1.0,0,2,2,0,15,1,4,4,0.3333333333333333,2,1,3,17,1.0,1,2.15,1,2,0.0,0,0.2222222222222222,1.0,152,86,0.42857142857142855,8,9,0,0,6,6,6,0,4,0,6,7,1,1,3,0,18,0.5555555555555556,18,2.0,9,0,9,0,3,6,0,3,1,1,0,0,0,0,0,9,9,2,410,291,7,0,8,152,4.555555555555555,51,0,1318,16,81,63,8204
2025-07-04,argo,de.grobox.transportr.trips.search,TripsRepository,queryTrips,13,5,2.0,11,0.9231,0,2,2,0,26,2,13,7,0.3333333333333333,4,4,0,46,0.67,2,2.7241379310344827,1,0,0.0,0,0.2222222222222222,1.0,152,86,0.42857142857142855,8,9,0,0,6,6,6,0,4,0,6,7,1,1,3,0,18,0.5555555555555556,18,2.0,9,0,9,0,3,6,0,3,1,1,0,0,0,0,0,9,9,2,410,291,7,0,8,152,4.555555555555555,51,0,1318,16,81,63,8204
2025-07-04,argo,de.grobox.transportr.trips.search,TripsRepository,searchMore,8,1,1.0,6,1.0,0,2,2,0,17,4,8,4,0.7272727272727273,2,3,2,14,1.5,1,2.3,1,2,0.0,0,0.2222222222222222,1.0,152,86,0.42857142857142855,8,9,0,0,6,6,6,0,4,0,6,7,1,1,3,0,18,0.5555555555555556,18,2.0,9,0,9,0,3,6,0,3,1,1,0,0,0,0,0,9,9,2,410,291,7,0,8,152,4.555555555555555,51,0,1318,16,81,63,8204
2025-07-04,argo,de.grobox.transportr.trips.search,TripsRepository,onQueryTripsResultReceived,1,1,0.0,4,1.0,0,2,2,0,9,0,1,3,0.75,1,3,1,7,1.5,1,2.5,1,1,0.0,0,0.2222222222222222,1.0,152,86,0.42857142857142855,8,9,0,0,6,6,6,0,4,0,6,7,1,1,3,0,18,0.5555555555555556,18,2.0,9,0,9,0,3,6,0,3,1,1,0,0,0,0,0,9,9,2,410,291,7,0,8,152,4.555555555555555,51,0,1318,16,81,63,8204
2025-07-04,argo,de.grobox.transportr.trips.search,TripsRepository,getQueryMoreStateFromContext,7,0,0.0,3,0.6667,0,2,2,0,9,0,7,0,0.0,0,0,0,4,0.0,1,2.0,1,0,0.0,0,0.2222222222222222,1.0,152,86,0.42857142857142855,8,9,0,0,6,6,6,0,4,0,6,7,1,1,3,0,18,0.5555555555555556,18,2.0,9,0,9,0,3,6,0,3,1,1,0,0,0,0,0,9,9,2,410,291,7,0,8,152,4.555555555555555,51,0,1318,16,81,63,8204
2025-07-04,argo,de.grobox.transportr.trips.search,TripsRepository,getError,2,0,0.0,1,1.0,0,2,2,0,14,1,2,0,0.0,0,0,0,14,1.0,0,4.0,0,0,0.0,0,0.2222222222222222,1.0,152,86,0.42857142857142855,8,9,0,0,6,6,6,0,4,0,6,7,1,1,3,0,18,0.5555555555555556,18,2.0,9,0,9,0,3,6,0,3,1,1,0,0,0,0,0,9,9,2,410,291,7,0,8,152,4.555555555555555,51,0,1318,16,81,63,8204
2025-07-04,argo,de.grobox.transportr.trips.search,TripsRepository,PTEError,3,3,0.0,4,1.0,0,2,2,0,6,0,3,0,0.25,0,1,0,48,0.17,0,3.4761904761904763,3,0,0.0,0,0.2222222222222222,1.0,152,86,0.42857142857142855,8,9,0,0,6,6,6,0,4,0,6,7,1,1,3,0,18,0.5555555555555556,18,2.0,9,0,9,0,3,6,0,3,1,1,0,0,0,0,0,9,9,2,410,291,7,0,8,152,4.555555555555555,51,0,1318,16,81,63,8204
2025-07-04,argo,de.grobox.transportr.trips.search,TripsRepository,toggleFavState,2,1,0.0,1,1.0,0,2,2,0,6,1,2,1,1.0,0,2,1,2,2.0,1,2.0,0,1,0.0,0,0.2222222222222222,1.0,152,86,0.42857142857142855,8,9,0,0,6,6,6,0,4,0,6,7,1,1,3,0,18,0.5555555555555556,18,2.0,9,0,9,0,3,6,0,3,1,1,0,0,0,0,0,9,9,2,410,291,7,0,8,152,4.555555555555555,51,0,1318,16,81,63,8204
2025-07-04,argo,de.grobox.transportr.trips.search,TripViewHolder,bind,20,5,1.0,19,0.9167,0,0,1,0,48,4,20,0,0.4666666666666667,1,7,4,47,1.0,1,2.2045454545454546,2,1,0.0,0,0.0,1.0,74,57,0.5,2,7,0,1,0,3,2,0,7,0,0,7,0,0,0,0,15,0.0,15,7.5,2,0,7,0,1,1,0,1,0,1,0,0,0,0,0,2,2,2,410,291,7,0,4,52,13.0,51,0,1318,16,81,63,8204
2025-07-04,argo,de.grobox.transportr.trips.search,TripViewHolder,hasProblem,6,0,0.0,2,0.5,0,0,1,0,9,5,6,0,0.0,0,0,0,5,0.0,0,2.5,0,0,0.0,0,0.0,1.0,74,57,0.5,2,7,0,1,0,3,2,0,7,0,0,7,0,0,0,0,15,0.0,15,7.5,2,0,7,0,1,1,0,1,0,1,0,0,0,0,0,2,2,2,410,291,7,0,4,52,13.0,51,0,1318,16,81,63,8204
2025-07-04,argo,de.grobox.transportr.ui,LineView,setLine,6,3,0.0,5,1.0,0,3,1,0,14,2,6,1,0.0,1,0,4,9,0.0,1,2.375,1,3,0.0,0,0.0,0.6666666666666666,27,0,0.0,3,0,0,1,0,3,7,0,0,0,0,0,0,0,0,0,6,0.6666666666666667,6,2.0,3,0,0,0,2,1,0,2,0,1,0,0,0,0,0,3,3,2,410,291,3,0,8,21,2.6666666666666665,8,0,327,16,81,16,8204
2025-07-04,argo,de.grobox.transportr.ui,LineView,setWalk,1,0,0.0,1,1.0,0,3,1,0,4,0,1,1,0.0,1,0,2,7,0.0,0,3.3333333333333335,0,2,0.0,0,0.0,0.6666666666666666,27,0,0.0,3,0,0,1,0,3,7,0,0,0,0,0,0,0,0,0,6,0.6666666666666667,6,2.0,3,0,0,0,2,1,0,2,0,1,0,0,0,0,0,3,3,2,410,291,3,0,8,21,2.6666666666666665,8,0,327,16,81,16,8204
2025-07-04,argo,de.grobox.transportr.ui,LineView,setDrawable,1,1,0.0,1,1.0,0,3,1,0,5,0,1,0,0.0,0,0,2,5,0.0,0,2.5,2,2,0.0,0,0.0,0.6666666666666666,27,0,0.0,3,0,0,1,0,3,7,0,0,0,0,0,0,0,0,0,6,0.6666666666666667,6,2.0,3,0,0,0,2,1,0,2,0,1,0,0,0,0,0,3,3,2,410,291,3,0,8,21,2.6666666666666665,8,0,327,16,81,16,8204
2025-07-04,argo,de.grobox.transportr.ui,TimeDateFragment,onCreate,3,0,0.0,1,1.0,1,5,2,0,12,1,3,0,0.5,1,2,0,4,2.0,1,2.0,1,0,0.0,0,0.20512820512820512,0.6923076923076923,140,90,0.25,12,3,6,3,0,11,11,0,5,0,0,3,3,3,3,0,15,0.9358974358974359,15,1.1538461538461537,13,6,3,0,7,6,0,7,4,1,0,0,1,0,1,15,16,2,410,291,3,0,11,46,1.4615384615384615,8,0,327,16,81,16,8204
2025-07-04,argo,de.grobox.transportr.ui,TimeDateFragment,onCreateView,1,0,0.0,1,1.0,1,5,2,0,1,0,1,0,0.0,0,0,0,3,0.0,0,4.0,3,0,0.0,0,0.20512820512820512,0.6923076923076923,140,90,0.25,12,3,6,3,0,11,11,0,5,0,0,3,3,3,3,0,15,0.9358974358974359,15,1.1538461538461537,13,6,3,0,7,6,0,7,4,1,0,0,1,0,1,15,16,2,410,291,3,0,11,46,1.4615384615384615,8,0,327,16,81,16,8204
2025-07-04,argo,de.grobox.transportr.ui,TimeDateFragment,onViewCreated,1,0,2.0,7,0.8571,1,5,2,0,42,0,1,4,0.9130434782608695,3,3,9,16,1.5,1,2.193548387096774,2,9,0.0,0,0.20512820512820512,0.6923076923076923,140,90,0.25,12,3,6,3,0,11,11,0,5,0,0,3,3,3,3,0,15,0.9358974358974359,15,1.1538461538461537,13,6,3,0,7,6,0,7,4,1,0,0,1,0,1,15,16,2,410,291,3,0,11,46,1.4615384615384615,8,0,327,16,81,16,8204
2025-07-04,argo,de.grobox.transportr.ui,TimeDateFragment,onSaveInstanceState,1,0,0.0,1,1.0,1,5,2,0,5,0,1,0,0.4,1,2,1,1,2.0,1,2.0,1,1,0.0,0,0.20512820512820512,0.6923076923076923,140,90,0.25,12,3,6,3,0,11,11,0,5,0,0,3,3,3,3,0,15,0.9358974358974359,15,1.1538461538461537,13,6,3,0,7,6,0,7,4,1,0,0,1,0,1,15,16,2,410,291,3,0,11,46,1.4615384615384615,8,0,327,16,81,16,8204
2025-07-04,argo,de.grobox.transportr.ui,TimeDateFragment,onTimeChanged,1,0,0.0,1,1.0,1,5,2,0,4,0,1,0,0.5,0,1,0,1,0.33,1,2.0,3,0,0.0,0,0.20512820512820512,0.6923076923076923,140,90,0.25,12,3,6,3,0,11,11,0,5,0,0,3,3,3,3,0,15,0.9358974358974359,15,1.1538461538461537,13,6,3,0,7,6,0,7,4,1,0,0,1,0,1,15,16,2,410,291,3,0,11,46,1.4615384615384615,8,0,327,16,81,16,8204
2025-07-04,argo,de.grobox.transportr.ui,TimeDateFragment,onDateSet,1,0,1.0,1,1.0,1,5,2,0,6,0,1,1,0.5714285714285714,1,1,1,1,0.25,1,2.0,4,1,0.0,0,0.20512820512820512,0.6923076923076923,140,90,0.25,12,3,6,3,0,11,11,0,5,0,0,3,3,3,3,0,15,0.9358974358974359,15,1.1538461538461537,13,6,3,0,7,6,0,7,4,1,0,0,1,0,1,15,16,2,410,291,3,0,11,46,1.4615384615384615,8,0,327,16,81,16,8204
2025-07-04,argo,de.grobox.transportr.ui,TimeDateFragment,setTimeDateListener,1,0,0.0,0,0.0,1,5,2,0,3,0,1,0,1.0,0,0,0,0,1.0,0,2.0,1,0,0.0,0,0.20512820512820512,0.6923076923076923,140,90,0.25,12,3,6,3,0,11,11,0,5,0,0,3,3,3,3,0,15,0.9358974358974359,15,1.1538461538461537,13,6,3,0,7,6,0,7,4,1,0,0,1,0,1,15,16,2,410,291,3,0,11,46,1.4615384615384615,8,0,327,16,81,16,8204
2025-07-04,argo,de.grobox.transportr.ui,TimeDateFragment,showTime,3,2,0.0,2,1.0,1,5,2,0,11,1,3,0,0.0,0,0,0,5,0.0,1,2.25,1,0,0.0,0,0.20512820512820512,0.6923076923076923,140,90,0.25,12,3,6,3,0,11,11,0,5,0,0,3,3,3,3,0,15,0.9358974358974359,15,1.1538461538461537,13,6,3,0,7,6,0,7,4,1,0,0,1,0,1,15,16,2,410,291,3,0,11,46,1.4615384615384615,8,0,327,16,81,16,8204
2025-07-04,argo,de.grobox.transportr.ui,TimeDateFragment,showDate,3,1,0.0,2,1.0,1,5,2,0,9,1,3,0,0.25,3,1,0,11,0.5,1,2.5555555555555554,1,0,0.0,0,0.20512820512820512,0.6923076923076923,140,90,0.25,12,3,6,3,0,11,11,0,5,0,0,3,3,3,3,0,15,0.9358974358974359,15,1.1538461538461537,13,6,3,0,7,6,0,7,4,1,0,0,1,0,1,15,16,2,410,291,3,0,11,46,1.4615384615384615,8,0,327,16,81,16,8204
2025-07-04,argo,de.grobox.transportr.ui,TimeDateFragment,isSameMonth,1,0,0.0,1,1.0,1,5,2,0,1,0,1,0,0.0,0,0,0,1,0.0,2,2.0,1,0,0.0,0,0.20512820512820512,0.6923076923076923,140,90,0.25,12,3,6,3,0,11,11,0,5,0,0,3,3,3,3,0,15,0.9358974358974359,15,1.1538461538461537,13,6,3,0,7,6,0,7,4,1,0,0,1,0,1,15,16,2,410,291,3,0,11,46,1.4615384615384615,8,0,327,16,81,16,8204
2025-07-04,argo,de.grobox.transportr.ui,TimeDateFragment,isYesterday,1,0,0.0,1,1.0,1,5,2,0,1,0,1,1,0.0,1,0,0,1,0.0,1,2.0,1,0,0.0,0,0.20512820512820512,0.6923076923076923,140,90,0.25,12,3,6,3,0,11,11,0,5,0,0,3,3,3,3,0,15,0.9358974358974359,15,1.1538461538461537,13,6,3,0,7,6,0,7,4,1,0,0,1,0,1,15,16,2,410,291,3,0,11,46,1.4615384615384615,8,0,327,16,81,16,8204
2025-07-04,argo,de.grobox.transportr.ui,TimeDateFragment,isToday,1,0,0.0,1,1.0,1,5,2,0,1,0,1,1,0.0,1,0,0,1,0.0,1,2.0,1,0,0.0,0,0.20512820512820512,0.6923076923076923,140,90,0.25,12,3,6,3,0,11,11,0,5,0,0,3,3,3,3,0,15,0.9358974358974359,15,1.1538461538461537,13,6,3,0,7,6,0,7,4,1,0,0,1,0,1,15,16,2,410,291,3,0,11,46,1.4615384615384615,8,0,327,16,81,16,8204
2025-07-04,argo,de.grobox.transportr.ui,TimeDateFragment,newInstance,1,0,0.0,1,1.0,1,5,2,0,1,0,1,1,0.0,1,2,0,1,2.0,1,2.0,0,0,0.0,0,0.20512820512820512,0.6923076923076923,140,90,0.25,12,3,6,3,0,11,11,0,5,0,0,3,3,3,3,0,15,0.9358974358974359,15,1.1538461538461537,13,6,3,0,7,6,0,7,4,1,0,0,1,0,1,15,16,2,410,291,3,1,11,46,1.4615384615384615,8,0,327,16,81,16,8204
2025-07-04,argo,de.grobox.transportr.utils,LiveTrigger,trigger,1,0,0.0,0,0.0,1,0,1,0,3,0,1,0,0.0,0,0,0,0,0.0,0,0.0,0,0,0.0,0,0.0,1.0,5,3,0.0,1,0,0,1,0,0,0,0,0,0,0,0,0,0,0,0,1,0.0,1,1.0,1,0,0,0,1,0,0,1,0,1,0,0,0,0,0,1,1,2,410,291,6,0,0,0,1.0,10,0,759,16,81,14,8204
2025-07-04,argo,de.grobox.transportr.utils,NotifyingLiveData,onActive,1,0,0.0,0,0.0,0,0,2,0,4,0,1,0,0.0,1,0,1,1,0.0,1,2.0,0,1,0.0,0,0.0,0.0,17,8,0.0,2,0,2,1,0,0,1,0,0,0,0,0,0,0,0,0,2,1.0,2,1.0,2,2,0,0,2,0,0,2,0,1,0,0,0,0,0,4,4,2,410,291,6,0,2,2,1.0,10,0,759,16,81,14,8204
2025-07-04,argo,de.grobox.transportr.utils,NotifyingLiveData,onInactive,1,0,0.0,0,0.0,0,0,2,0,4,0,1,0,0.0,1,0,1,1,0.0,1,2.0,0,1,0.0,0,0.0,0.0,17,8,0.0,2,0,2,1,0,0,1,0,0,0,0,0,0,0,0,0,2,1.0,2,1.0,2,2,0,0,2,0,0,2,0,1,0,0,0,0,0,4,4,2,410,291,6,0,2,2,1.0,10,0,759,16,81,14,8204
2025-07-04,argo,de.grobox.transportr.map,MapViewModelTest,setUp,1,1,0.0,2,1.0,0,1,1,0,5,0,1,0,1.0,0,6,2,5,6.0,1,3.0,0,1,0.0,0,1.0,0.5,25,3,0.0,1,7,0,0,0,0,2,0,6,0,0,6,0,0,1,0,2,1.0,2,1.0,2,0,7,0,2,0,0,2,0,1,0,0,0,0,0,2,2,2,410,291,13,0,3,6,1.0,61,1,1587,16,81,73,8204
2025-07-04,argo,de.grobox.transportr.map,MapViewModelTest,transportNetworkDidNotChangeInitially,1,0,0.0,1,1.0,0,1,1,0,3,0,1,0,1.0,0,1,1,1,1.0,0,2.0,0,1,0.0,0,1.0,0.5,25,3,0.0,1,7,0,0,0,0,2,0,6,0,0,6,0,0,1,0,2,1.0,2,1.0,2,0,7,0,2,0,0,2,0,1,0,0,0,0,0,2,2,2,410,291,13,0,3,6,1.0,61,1,1587,16,81,73,8204
2025-07-04,argo,de.grobox.transportr.utils,DateUtilsTest,minuteToMillis,1,0,0.0,1,1.0,0,3,1,0,3,0,1,0,0.0,0,0,0,5,0.0,0,6.0,1,0,0.0,0,0.08333333333333333,0.8888888888888888,78,57,0.6666666666666666,9,4,0,0,0,3,3,0,2,0,0,2,0,0,2,0,9,0.9722222222222222,9,1.0,9,0,4,0,5,4,0,5,0,1,0,0,0,0,0,9,9,2,410,291,6,0,6,50,4.555555555555555,10,0,759,16,81,14,8204
2025-07-04,argo,de.grobox.transportr.utils,DateUtilsTest,millisToMinutesTest,1,0,1.0,2,1.0,0,3,1,0,7,0,1,0,0.0,1,0,1,5,0.0,0,2.0,0,1,0.0,0,0.08333333333333333,0.8888888888888888,78,57,0.6666666666666666,9,4,0,0,0,3,3,0,2,0,0,2,0,0,2,0,9,0.9722222222222222,9,1.0,9,0,4,0,5,4,0,5,0,1,0,0,0,0,0,9,9,2,410,291,6,0,6,50,4.555555555555555,10,0,759,16,81,14,8204
2025-07-04,argo,de.grobox.transportr.utils,DateUtilsTest,formatDurationTest,9,0,1.0,3,1.0,0,3,1,0,10,0,9,2,0.0,1,0,1,5,0.0,1,2.0,0,1,0.0,0,0.08333333333333333,0.8888888888888888,78,57,0.6666666666666666,9,4,0,0,0,3,3,0,2,0,0,2,0,0,2,0,9,0.9722222222222222,9,1.0,9,0,4,0,5,4,0,5,0,1,0,0,0,0,0,9,9,2,410,291,6,0,6,50,4.555555555555555,10,0,759,16,81,14,8204
2025-07-04,argo,de.grobox.transportr.utils,DateUtilsTest,getNow,1,0,0.0,0,0.0,0,3,1,0,1,0,1,0,0.0,0,0,0,0,0.0,0,0.0,0,0,0.0,0,0.08333333333333333,0.8888888888888888,78,57,0.6666666666666666,9,4,0,0,0,3,3,0,2,0,0,2,0,0,2,0,9,0.9722222222222222,9,1.0,9,0,4,0,5,4,0,5,0,1,0,0,0,0,0,9,9,2,410,291,6,0,6,50,4.555555555555555,10,0,759,16,81,14,8204
2025-07-04,argo,de.grobox.transportr.utils,DateUtilsTest,getIn,1,0,0.0,0,0.0,0,3,1,0,1,0,1,0,0.0,0,0,0,0,0.0,0,0.0,1,0,0.0,0,0.08333333333333333,0.8888888888888888,78,57,0.6666666666666666,9,4,0,0,0,3,3,0,2,0,0,2,0,0,2,0,9,0.9722222222222222,9,1.0,9,0,4,0,5,4,0,5,0,1,0,0,0,0,0,9,9,2,410,291,6,0,6,50,4.555555555555555,10,0,759,16,81,14,8204
2025-07-04,argo,de.grobox.transportr.utils,DateUtilsTest,getAgo,1,0,0.0,0,0.0,0,3,1,0,1,0,1,0,0.0,0,0,0,0,0.0,0,0.0,1,0,0.0,0,0.08333333333333333,0.8888888888888888,78,57,0.6666666666666666,9,4,0,0,0,3,3,0,2,0,0,2,0,0,2,0,9,0.9722222222222222,9,1.0,9,0,4,0,5,4,0,5,0,1,0,0,0,0,0,9,9,2,410,291,6,0,6,50,4.555555555555555,10,0,759,16,81,14,8204
2025-07-04,argo,de.grobox.transportr.utils,DateUtilsTest,initMocks,1,0,0.0,3,0.6667,0,3,1,0,9,0,1,2,1.0,4,4,2,20,4.0,1,3.272727272727273,0,2,0.0,0,0.08333333333333333,0.8888888888888888,78,57,0.6666666666666666,9,4,0,0,0,3,3,0,2,0,0,2,0,0,2,0,9,0.9722222222222222,9,1.0,9,0,4,0,5,4,0,5,0,1,0,0,0,0,0,9,9,2,410,291,6,0,6,50,4.555555555555555,10,0,759,16,81,14,8204
2025-07-04,argo,de.grobox.transportr.utils,DateUtilsTest,formatDelayTest,12,0,1.0,1,1.0,0,3,1,0,13,0,12,11,1.0,1,3,1,7,3.0,1,2.0,0,1,0.0,0,0.08333333333333333,0.8888888888888888,78,57,0.6666666666666666,9,4,0,0,0,3,3,0,2,0,0,2,0,0,2,0,9,0.9722222222222222,9,1.0,9,0,4,0,5,4,0,5,0,1,0,0,0,0,0,9,9,2,410,291,6,0,6,50,4.555555555555555,10,0,759,16,81,14,8204
2025-07-04,argo,de.grobox.transportr.utils,DateUtilsTest,formatRelativeTimeTest,14,0,1.0,1,1.0,0,3,1,0,15,0,14,12,1.0,4,1,1,8,1.0,3,2.0,0,1,0.0,0,0.08333333333333333,0.8888888888888888,78,57,0.6666666666666666,9,4,0,0,0,3,3,0,2,0,0,2,0,0,2,0,9,0.9722222222222222,9,1.0,9,0,4,0,5,4,0,5,0,1,0,0,0,0,0,9,9,2,410,291,6,0,6,50,4.555555555555555,10,0,759,16,81,14,8204
2025-07-04,argo,de.grobox.transportr.utils,IntentUtilsTest,getWrapLocation,1,0,0.0,2,0.5,0,2,1,0,13,0,1,0,0.0,2,0,1,18,0.0,0,2.6956521739130435,0,1,0.0,0,0.0,0.5,19,0,0.0,2,0,0,0,0,2,1,0,0,0,0,0,0,0,0,0,2,1.0,2,1.0,2,0,0,0,1,1,0,1,0,1,0,0,0,0,0,2,2,2,410,291,6,0,1,19,1.0,10,0,759,16,81,14,8204
2025-07-04,argo,de.grobox.transportr.utils,IntentUtilsTest,get,1,0,0.0,0,0.0,0,2,1,0,3,0,1,0,0.0,0,0,0,1,0.0,0,0.0,2,0,0.0,0,0.0,0.5,19,0,0.0,2,0,0,0,0,2,1,0,0,0,0,0,0,0,0,0,2,1.0,2,1.0,2,0,0,0,1,1,0,1,0,1,0,0,0,0,0,2,2,2,410,291,6,0,1,19,1.0,10,0,759,16,81,14,8204
