Extraction Date,Project,Package,Class,Method,CYCLO_method,NOLV_method,CLNAMM_method,CINT_method,CDISP_method,NOII_type,NOAM_type,NOCS_type,number_constructor_NotDefaultConstructor,LOC_method,MAXNESTING_method,CC_method,NMCS_method,LAA_method,CM_method,NOAV_method,ATFD_method,FANOUT_method,ATLD_method,MaMCL_method,MeMCL_method,NOP_method,FDP_method,CFNAMM_method,Number_Final_Not_Static_Methods,TCC_type,WOC_type,LOC_type,LOCNAMM_type,CFNAMM_type,NOMNAMM_type,NOA_type,NIM_type,DIT_type,NOPA_type,CBO_type,RFC_type,isStatic_type,number_private_visibility_attributes,number_protected_visibility_attributes,number_package_visibility_attributes,num_final_attributes,num_static_attributes,num_final_static_attributes,num_not_final_not_static_attributes,NOC_type,WMC_type,LCOM5_type,WMCNAMM_type,AMW_type,NOM_type,NMO_type,num_final_not_static_attributes,num_static_not_final_attributes,number_public_visibility_methods,number_private_visibility_methods,number_protected_visibility_methods,number_package_visibility_methods,number_standard_design_methods,number_constructor_DefaultConstructor_methods,number_final_methods,number_abstract_methods,number_static_methods,number_final_static_methods,number_not_final_static_methods,number_not_final_not_static_methods,number_not_abstract_not_final_methods,NOI_project,NOM_project,NOMNAMM_project,NOCS_package,isStatic_method,ATFD_type,FANOUT_type,AMWNAMM_type,NOMNAMM_Package,NOI_Package,LOC_package,NOPK_project,NOCS_project,NOM_package,LOC_project
2025-07-05,argo,dev.icerock.moko.resources,AssetResource,getInputStream,1,0,0.0,1,1.0,0,1,1,0,3,0,1,0,0.0,0,0,0,2,0.0,0,3.0,1,0,0.0,0,0.0,0.5,24,14,0.0,4,1,2,0,0,6,0,0,0,0,1,4,0,0,0,0,7,1.0,7,1.75,4,2,1,0,4,0,0,4,0,1,0,0,0,0,0,4,4,17,543,479,44,0,0,9,1.75,39,1,1398,56,127,38,13626
2025-07-05,argo,dev.icerock.moko.resources,AssetResource,readText,1,2,0.0,1,1.0,0,1,1,0,5,0,1,1,0.0,2,0,0,4,0.0,0,2.0,1,0,0.0,0,0.0,0.5,24,14,0.0,4,1,2,0,0,6,0,0,0,0,1,4,0,0,0,0,7,1.0,7,1.75,4,2,1,0,4,0,0,4,0,1,0,0,0,0,0,4,4,17,543,479,44,0,0,9,1.75,39,1,1398,56,127,38,13626
2025-07-05,argo,dev.icerock.moko.resources,AssetResource,equals,4,0,0.0,1,1.0,0,1,1,0,6,3,4,0,0.0,0,0,0,2,0.0,0,2.0,1,0,0.0,0,0.0,0.5,24,14,0.0,4,1,2,0,0,6,0,0,0,0,1,4,0,0,0,0,7,1.0,7,1.75,4,2,1,0,4,0,0,4,0,1,0,0,0,0,0,4,4,17,543,479,44,0,0,9,1.75,39,1,1398,56,127,38,13626
2025-07-05,argo,dev.icerock.moko.resources,AssetResource,hashCode,1,0,0.0,0,0.0,0,1,1,0,3,0,1,0,0.0,1,0,0,1,0.0,1,2.0,0,0,0.0,0,0.0,0.5,24,14,0.0,4,1,2,0,0,6,0,0,0,0,1,4,0,0,0,0,7,1.0,7,1.75,4,2,1,0,4,0,0,4,0,1,0,0,0,0,0,4,4,17,543,479,44,0,0,9,1.75,39,1,1398,56,127,38,13626
2025-07-05,argo,dev.icerock.moko.resources,ColorResource,getColor,1,0,0.0,0,0.0,0,1,1,0,1,0,1,0,0.0,1,0,0,1,0.0,1,2.0,1,0,0.0,0,0.0,0.0,3,0,0.0,1,0,0,0,0,2,0,0,0,0,0,0,0,0,0,0,1,0.0,1,1.0,1,0,0,0,1,0,0,1,0,1,0,0,0,0,0,1,1,17,543,479,44,0,0,1,1.0,39,1,1398,56,127,38,13626
2025-07-05,argo,dev.icerock.moko.resources,FileResource,readText,1,3,0.0,2,1.0,0,0,1,0,6,0,1,0,0.0,1,0,0,4,0.0,1,2.0,1,0,0.0,0,0.0,1.0,8,6,0.0,1,0,0,0,0,2,0,0,0,0,0,2,0,0,0,0,1,0.0,1,1.0,1,0,0,0,1,0,0,1,0,1,0,0,0,0,0,1,1,17,543,479,44,0,0,4,1.0,39,1,1398,56,127,38,13626
2025-07-05,argo,dev.icerock.moko.resources,FontResource,getTypeface,1,0,0.0,1,1.0,0,1,1,0,3,0,1,0,0.0,0,0,0,1,0.0,1,2.0,1,0,0.0,0,0.0,0.0,5,0,0.0,1,0,0,0,0,2,0,0,0,0,4,5,0,0,0,0,1,0.0,1,1.0,1,0,0,0,1,0,0,1,0,1,0,0,0,0,0,1,1,17,543,479,44,0,0,1,1.0,39,1,1398,56,127,38,13626
2025-07-05,argo,dev.icerock.moko.resources,ImageResource,getDrawable,1,0,0.0,0,0.0,0,1,1,0,1,0,1,0,0.0,1,0,0,1,0.0,1,2.0,1,0,0.0,0,0.0,0.0,3,0,0.0,1,0,0,0,0,2,0,0,0,0,1,1,0,0,0,0,1,0.0,1,1.0,1,0,0,0,1,0,0,1,0,1,0,0,0,0,0,1,1,17,543,479,44,0,0,1,1.0,39,1,1398,56,127,38,13626
2025-07-05,argo,dev.icerock.moko.resources,PluralsResource,getQuantityString,1,0,0.0,1,1.0,0,1,1,0,3,0,1,0,0.0,1,0,0,2,0.0,0,3.0,2,0,0.0,0,0.0,0.0,5,0,0.0,1,0,0,0,0,3,0,0,0,0,0,0,0,0,0,0,1,0.0,1,1.0,1,0,0,0,1,0,0,1,0,1,0,0,0,0,0,1,1,17,543,479,44,0,0,2,1.0,39,1,1398,56,127,38,13626
2025-07-05,argo,dev.icerock.moko.resources,StringResource,getString,1,0,0.0,0,0.0,0,1,1,0,1,0,1,0,0.0,1,0,0,1,0.0,1,2.0,1,0,0.0,0,0.0,0.0,3,0,0.0,1,0,0,0,0,2,0,0,0,0,0,0,0,0,0,0,1,0.0,1,1.0,1,0,0,0,1,0,0,1,0,1,0,0,0,0,0,1,1,17,543,479,44,0,0,1,1.0,39,1,1398,56,127,38,13626
2025-07-05,argo,dev.icerock.moko.resources.desc,CompositionStringDesc,toString,1,0,0.0,1,1.0,0,0,1,0,1,0,1,0,0.0,1,0,0,2,0.0,2,2.0,1,0,0.0,0,0.0,1.0,3,1,0.0,1,0,1,1,0,1,0,0,0,0,0,0,0,0,0,0,1,0.0,1,1.0,1,1,0,0,1,0,0,1,0,1,0,0,0,0,0,1,1,17,543,479,38,0,0,2,1.0,66,5,1631,56,127,45,13626
2025-07-05,argo,dev.icerock.moko.resources.desc,PluralFormattedStringDesc,toString,1,0,0.0,1,1.0,0,0,1,0,3,0,1,0,0.0,0,0,0,4,0.0,0,3.0,1,0,0.0,0,0.0,1.0,5,3,0.0,1,0,1,1,0,2,0,0,0,0,0,0,0,0,0,0,1,0.0,1,1.0,1,1,0,0,1,0,0,1,0,1,0,0,0,0,0,1,1,17,543,479,38,0,0,4,1.0,66,5,1631,56,127,45,13626
2025-07-05,argo,dev.icerock.moko.resources.desc,PluralStringDesc,toString,1,0,0.0,1,1.0,0,0,1,0,3,0,1,0,0.0,0,0,0,3,0.0,0,4.0,1,0,0.0,0,0.0,0.0,5,3,0.0,1,0,1,1,0,2,0,0,0,0,0,0,0,0,0,0,1,0.0,1,1.0,1,1,0,0,1,0,0,1,0,1,0,0,0,0,0,1,1,17,543,479,38,0,0,3,1.0,66,5,1631,56,127,45,13626
2025-07-05,argo,dev.icerock.moko.resources.desc,RawStringDesc,toString,1,0,0.0,0,0.0,0,0,1,1,1,0,1,0,0.0,0,0,0,0,0.0,0,0.0,1,0,0.0,0,0.0,0.0,3,1,0.0,1,0,1,1,0,1,0,0,0,0,0,0,0,0,0,0,1,0.0,1,1.0,1,1,0,0,1,0,0,1,0,1,0,0,0,0,0,1,1,17,543,479,38,0,0,0,1.0,66,5,1631,56,127,45,13626
2025-07-05,argo,dev.icerock.moko.resources.desc,ResourceFormattedStringDesc,toString,1,0,0.0,1,1.0,0,0,1,0,3,0,1,0,0.0,0,0,0,4,0.0,0,3.0,1,0,0.0,0,0.0,1.0,5,3,0.0,1,0,1,1,0,2,0,0,0,0,0,0,0,0,0,0,1,0.0,1,1.0,1,1,0,0,1,0,0,1,0,1,0,0,0,0,0,1,1,17,543,479,38,0,0,4,1.0,66,5,1631,56,127,45,13626
2025-07-05,argo,dev.icerock.moko.resources.desc,ResourceStringDesc,toString,1,0,0.0,1,1.0,0,0,1,0,3,0,1,0,0.0,0,0,0,3,0.0,0,4.0,1,0,0.0,0,0.0,0.0,5,3,0.0,1,0,1,1,0,2,0,0,0,0,0,0,0,0,0,0,1,0.0,1,1.0,1,1,0,0,1,0,0,1,0,1,0,0,0,0,0,1,1,17,543,479,38,0,0,3,1.0,66,5,1631,56,127,45,13626
2025-07-05,argo,dev.icerock.moko.resources,AssetResource,equals,4,0,0.0,1,1.0,0,0,1,0,6,3,4,0,0.0,0,0,0,2,0.0,0,2.0,1,0,0.0,0,0.0,0.5,16,9,0.0,2,2,2,1,0,3,0,0,0,0,1,4,0,0,0,0,5,1.0,5,2.5,2,2,2,0,2,0,0,2,0,1,0,0,0,0,0,2,2,17,543,479,44,0,0,3,2.5,39,1,1398,56,127,38,13626
2025-07-05,argo,dev.icerock.moko.resources,AssetResource,hashCode,1,0,0.0,0,0.0,0,0,1,0,3,0,1,0,0.0,1,0,0,1,0.0,1,2.0,0,0,0.0,0,0.0,0.5,16,9,0.0,2,2,2,1,0,3,0,0,0,0,1,4,0,0,0,0,5,1.0,5,2.5,2,2,2,0,2,0,0,2,0,1,0,0,0,0,0,2,2,17,543,479,44,0,0,3,2.5,39,1,1398,56,127,38,13626
2025-07-05,argo,dev.icerock.moko.resources,FileResource,readText,3,4,0.0,1,1.0,0,0,1,0,9,1,3,0,1.0,0,1,0,5,0.5,0,2.0,0,0,0.0,0,0.0,1.0,15,9,0.0,1,2,0,0,0,1,0,0,0,0,0,2,0,0,0,1,2,0.0,2,2.0,1,0,2,0,1,0,0,1,0,1,0,0,0,0,0,1,1,17,543,479,44,0,0,5,3.0,39,1,1398,56,127,38,13626
2025-07-05,argo,dev.icerock.moko.resources,FontResource,registerFont,2,4,0.0,3,1.0,0,0,1,0,14,1,2,0,1.0,0,1,3,9,1.0,0,2.25,0,3,0.0,0,0.0,1.0,35,14,0.0,1,3,0,0,1,0,3,0,0,0,4,5,0,0,0,0,2,0.0,2,2.0,1,0,3,0,1,0,0,1,0,1,0,0,0,0,0,1,1,17,543,479,44,0,3,9,2.0,39,1,1398,56,127,38,13626
2025-07-05,argo,dev.icerock.moko.resources.desc,CompositionStringDesc,localized,1,0,0.0,1,1.0,0,0,1,0,3,0,1,0,0.0,1,0,0,2,0.0,2,2.0,0,0,0.0,0,0.0,1.0,5,3,0.0,1,0,1,1,0,1,0,0,0,0,0,0,0,0,0,0,1,0.0,1,1.0,1,1,0,0,1,0,0,1,0,1,0,0,0,0,0,1,1,17,543,479,38,0,0,2,1.0,66,5,1631,56,127,45,13626
2025-07-05,argo,dev.icerock.moko.resources.desc,PluralFormattedStringDesc,localized,1,1,0.0,2,1.0,0,0,1,0,4,0,1,0,0.0,0,0,0,8,0.0,0,2.5,0,0,0.0,0,0.0,1.0,6,4,0.0,1,0,1,1,0,1,0,0,0,0,0,0,0,0,0,0,1,0.0,1,1.0,1,1,0,0,1,0,0,1,0,1,0,0,0,0,0,1,1,17,543,479,38,0,0,8,1.0,66,5,1631,56,127,45,13626
2025-07-05,argo,dev.icerock.moko.resources.desc,PluralStringDesc,localized,1,0,0.0,1,1.0,0,0,1,0,3,0,1,0,0.0,0,0,0,6,0.0,0,2.75,0,0,0.0,0,0.0,1.0,5,3,0.0,1,0,1,1,0,1,0,0,0,0,0,0,0,0,0,0,1,0.0,1,1.0,1,1,0,0,1,0,0,1,0,1,0,0,0,0,0,1,1,17,543,479,38,0,0,6,1.0,66,5,1631,56,127,45,13626
2025-07-05,argo,dev.icerock.moko.resources.desc,RawStringDesc,localized,1,0,0.0,0,0.0,0,0,1,0,1,0,1,0,0.0,0,0,0,0,0.0,0,0.0,0,0,0.0,0,0.0,0.0,3,1,0.0,1,0,1,1,0,1,0,0,0,0,0,0,0,0,0,0,1,0.0,1,1.0,1,1,0,0,1,0,0,1,0,1,0,0,0,0,0,1,1,17,543,479,38,0,0,0,1.0,66,5,1631,56,127,45,13626
2025-07-05,argo,dev.icerock.moko.resources.desc,ResourceFormattedStringDesc,localized,1,0,0.0,1,1.0,0,0,1,0,3,0,1,0,0.0,0,0,0,3,0.0,0,2.5,0,0,0.0,0,0.0,0.0,5,3,0.0,1,0,1,1,0,1,0,0,0,0,0,0,0,0,0,0,1,0.0,1,1.0,1,1,0,0,1,0,0,1,0,1,0,0,0,0,0,1,1,17,543,479,38,0,0,3,1.0,66,5,1631,56,127,45,13626
2025-07-05,argo,dev.icerock.moko.resources.desc,ResourceStringDesc,localized,1,0,0.0,1,1.0,0,0,1,0,3,0,1,0,0.0,0,0,0,1,0.0,1,2.0,0,0,0.0,0,0.0,0.0,5,3,0.0,1,0,1,1,0,1,0,0,0,0,0,0,0,0,0,0,1,0.0,1,1.0,1,1,0,0,1,0,0,1,0,1,0,0,0,0,0,1,1,17,543,479,38,0,0,1,1.0,66,5,1631,56,127,45,13626
2025-07-05,argo,dev.icerock.moko.resources,ImageResource,toUIImage,1,0,0.0,1,1.0,0,0,1,0,3,0,1,0,0.0,0,0,0,1,0.0,1,2.0,0,0,0.0,0,0.0,1.0,5,3,0.0,1,0,0,0,0,1,0,0,0,0,1,1,0,0,0,0,1,0.0,1,1.0,1,0,0,0,1,0,0,1,0,1,0,0,0,0,0,1,1,17,543,479,44,0,0,1,1.0,39,1,1398,56,127,38,13626
2025-07-05,argo,dev.icerock.moko.resources.desc,AppleLocalizationBundleTests,localizedStringWithLocalizationCaseTest,1,2,0.0,3,1.0,0,0,1,0,7,0,1,0,0.0,0,0,2,9,0.0,1,2.5714285714285716,0,1,0.0,0,0.0,1.0,17,14,0.0,2,0,0,0,0,0,1,0,0,0,0,0,0,0,0,0,2,0.0,2,1.0,2,0,0,0,2,0,0,2,0,1,0,0,0,0,0,2,2,17,543,479,38,0,4,18,1.0,66,5,1631,56,127,45,13626
2025-07-05,argo,dev.icerock.moko.resources.desc,AppleLocalizationBundleTests,localizedStringMissingLocalizationCaseTest,1,2,0.0,3,1.0,0,0,1,0,7,0,1,0,0.0,0,0,2,9,0.0,1,2.5714285714285716,0,1,0.0,0,0.0,1.0,17,14,0.0,2,0,0,0,0,0,1,0,0,0,0,0,0,0,0,0,2,0.0,2,1.0,2,0,0,0,2,0,0,2,0,1,0,0,0,0,0,2,2,17,543,479,38,0,4,18,1.0,66,5,1631,56,127,45,13626
2025-07-05,argo,dev.icerock.moko.resources.desc,PluralFormattedStringDescIntTests,testZeroCase,1,0,1.0,1,1.0,0,0,1,0,3,0,1,1,0.0,1,0,1,1,0.0,1,2.0,0,1,0.0,0,0.0,1.0,26,19,0.8333333333333334,6,0,0,0,0,2,1,0,0,0,0,0,0,0,0,0,6,0.33333333333333337,6,1.0,6,0,0,0,5,1,0,5,1,1,0,0,0,0,0,6,6,17,543,479,38,0,5,10,1.0,66,5,1631,56,127,45,13626
2025-07-05,argo,dev.icerock.moko.resources.desc,PluralFormattedStringDescIntTests,testOneCase,1,0,1.0,1,1.0,0,0,1,0,3,0,1,1,0.0,1,0,1,1,0.0,1,2.0,0,1,0.0,0,0.0,1.0,26,19,0.8333333333333334,6,0,0,0,0,2,1,0,0,0,0,0,0,0,0,0,6,0.33333333333333337,6,1.0,6,0,0,0,5,1,0,5,1,1,0,0,0,0,0,6,6,17,543,479,38,0,5,10,1.0,66,5,1631,56,127,45,13626
2025-07-05,argo,dev.icerock.moko.resources.desc,PluralFormattedStringDescIntTests,testFewCase,1,0,1.0,1,1.0,0,0,1,0,3,0,1,1,0.0,1,0,1,1,0.0,1,2.0,0,1,0.0,0,0.0,1.0,26,19,0.8333333333333334,6,0,0,0,0,2,1,0,0,0,0,0,0,0,0,0,6,0.33333333333333337,6,1.0,6,0,0,0,5,1,0,5,1,1,0,0,0,0,0,6,6,17,543,479,38,0,5,10,1.0,66,5,1631,56,127,45,13626
2025-07-05,argo,dev.icerock.moko.resources.desc,PluralFormattedStringDescIntTests,testManyCase,1,0,1.0,1,1.0,0,0,1,0,3,0,1,1,0.0,1,0,1,1,0.0,1,2.0,0,1,0.0,0,0.0,1.0,26,19,0.8333333333333334,6,0,0,0,0,2,1,0,0,0,0,0,0,0,0,0,6,0.33333333333333337,6,1.0,6,0,0,0,5,1,0,5,1,1,0,0,0,0,0,6,6,17,543,479,38,0,5,10,1.0,66,5,1631,56,127,45,13626
2025-07-05,argo,dev.icerock.moko.resources.desc,PluralFormattedStringDescIntTests,testOtherCase,1,0,1.0,1,1.0,0,0,1,0,3,0,1,1,0.0,1,0,1,1,0.0,1,2.0,0,1,0.0,0,0.0,1.0,26,19,0.8333333333333334,6,0,0,0,0,2,1,0,0,0,0,0,0,0,0,0,6,0.33333333333333337,6,1.0,6,0,0,0,5,1,0,5,1,1,0,0,0,0,0,6,6,17,543,479,38,0,5,10,1.0,66,5,1631,56,127,45,13626
2025-07-05,argo,dev.icerock.moko.resources.desc,PluralFormattedStringDescIntTests,createPluralFormatted,1,1,0.0,1,1.0,0,0,1,0,4,0,1,0,0.0,0,0,0,5,0.0,0,3.0,1,0,0.0,0,0.0,1.0,26,19,0.8333333333333334,6,0,0,0,0,2,1,0,0,0,0,0,0,0,0,0,6,0.33333333333333337,6,1.0,6,0,0,0,5,1,0,5,1,1,0,0,0,0,0,6,6,17,543,479,38,0,5,10,1.0,66,5,1631,56,127,45,13626
2025-07-05,argo,dev.icerock.moko.resources.desc,PluralFormattedStringDescStringTests,testZeroCase,1,0,1.0,1,1.0,0,0,1,0,3,0,1,1,0.0,1,0,1,1,0.0,1,2.0,0,1,0.0,0,0.0,1.0,33,25,0.8571428571428571,7,0,0,0,0,2,1,0,0,0,0,0,0,0,0,0,7,0.2857142857142857,7,1.0,7,0,0,0,6,1,0,6,1,1,0,0,0,0,0,7,7,17,543,479,38,0,7,14,1.0,66,5,1631,56,127,45,13626
2025-07-05,argo,dev.icerock.moko.resources.desc,PluralFormattedStringDescStringTests,testOneCase,1,0,1.0,1,1.0,0,0,1,0,3,0,1,1,0.0,1,0,1,1,0.0,1,2.0,0,1,0.0,0,0.0,1.0,33,25,0.8571428571428571,7,0,0,0,0,2,1,0,0,0,0,0,0,0,0,0,7,0.2857142857142857,7,1.0,7,0,0,0,6,1,0,6,1,1,0,0,0,0,0,7,7,17,543,479,38,0,7,14,1.0,66,5,1631,56,127,45,13626
2025-07-05,argo,dev.icerock.moko.resources.desc,PluralFormattedStringDescStringTests,testFewCase,1,0,1.0,1,1.0,0,0,1,0,3,0,1,1,0.0,1,0,1,1,0.0,1,2.0,0,1,0.0,0,0.0,1.0,33,25,0.8571428571428571,7,0,0,0,0,2,1,0,0,0,0,0,0,0,0,0,7,0.2857142857142857,7,1.0,7,0,0,0,6,1,0,6,1,1,0,0,0,0,0,7,7,17,543,479,38,0,7,14,1.0,66,5,1631,56,127,45,13626
2025-07-05,argo,dev.icerock.moko.resources.desc,PluralFormattedStringDescStringTests,testManyCase,1,0,1.0,1,1.0,0,0,1,0,3,0,1,1,0.0,1,0,1,1,0.0,1,2.0,0,1,0.0,0,0.0,1.0,33,25,0.8571428571428571,7,0,0,0,0,2,1,0,0,0,0,0,0,0,0,0,7,0.2857142857142857,7,1.0,7,0,0,0,6,1,0,6,1,1,0,0,0,0,0,7,7,17,543,479,38,0,7,14,1.0,66,5,1631,56,127,45,13626
2025-07-05,argo,dev.icerock.moko.resources.desc,PluralFormattedStringDescStringTests,testOtherCase,1,0,1.0,1,1.0,0,0,1,0,3,0,1,1,0.0,1,0,1,1,0.0,1,2.0,0,1,0.0,0,0.0,1.0,33,25,0.8571428571428571,7,0,0,0,0,2,1,0,0,0,0,0,0,0,0,0,7,0.2857142857142857,7,1.0,7,0,0,0,6,1,0,6,1,1,0,0,0,0,0,7,7,17,543,479,38,0,7,14,1.0,66,5,1631,56,127,45,13626
2025-07-05,argo,dev.icerock.moko.resources.desc,PluralFormattedStringDescStringTests,testMissingLocalizationCase,1,0,1.0,2,1.0,0,0,1,0,5,0,1,1,0.0,1,0,2,4,0.0,1,2.4,0,1,0.0,0,0.0,1.0,33,25,0.8571428571428571,7,0,0,0,0,2,1,0,0,0,0,0,0,0,0,0,7,0.2857142857142857,7,1.0,7,0,0,0,6,1,0,6,1,1,0,0,0,0,0,7,7,17,543,479,38,0,7,14,1.0,66,5,1631,56,127,45,13626
2025-07-05,argo,dev.icerock.moko.resources.desc,PluralFormattedStringDescStringTests,createPluralFormatted,1,2,0.0,1,1.0,0,0,1,0,5,0,1,0,0.0,0,0,0,5,0.0,0,3.0,1,0,0.0,0,0.0,1.0,33,25,0.8571428571428571,7,0,0,0,0,2,1,0,0,0,0,0,0,0,0,0,7,0.2857142857142857,7,1.0,7,0,0,0,6,1,0,6,1,1,0,0,0,0,0,7,7,17,543,479,38,0,7,14,1.0,66,5,1631,56,127,45,13626
2025-07-05,argo,dev.icerock.moko.resources,AssetResource,getText,1,0,0.0,1,1.0,0,1,1,0,3,0,1,0,0.0,0,0,0,4,0.0,4,5.0,0,0,0.0,0,0.0,0.0,5,0,0.0,1,0,0,0,0,1,0,0,0,0,1,4,0,0,0,0,1,0.0,1,1.0,1,0,0,0,1,0,0,1,0,1,0,0,0,0,0,1,1,17,543,479,44,0,0,4,1.0,39,1,1398,56,127,38,13626
2025-07-05,argo,dev.icerock.moko.resources,ColorResource,getColor,3,0,0.0,1,1.0,0,2,1,0,3,0,3,0,0.0,0,0,0,1,0.0,1,2.0,1,0,0.0,0,0.0,0.5,9,0,0.0,2,0,0,0,0,3,0,0,0,0,0,0,0,0,0,0,2,1.0,2,1.0,2,0,0,0,2,0,0,2,0,1,0,0,0,0,0,2,2,17,543,479,44,0,0,3,2.0,39,1,1398,56,127,38,13626
2025-07-05,argo,dev.icerock.moko.resources,ColorResource,getColorFlow,1,0,0.0,1,1.0,0,2,1,0,3,0,1,1,0.0,1,0,0,2,0.0,2,3.0,1,0,0.0,0,0.0,0.5,9,0,0.0,2,0,0,0,0,3,0,0,0,0,0,0,0,0,0,0,2,1.0,2,1.0,2,0,0,0,2,0,0,2,0,1,0,0,0,0,0,2,2,17,543,479,44,0,0,3,2.0,39,1,1398,56,127,38,13626
2025-07-05,argo,dev.icerock.moko.resources,FileResource,getText,1,0,0.0,1,1.0,0,1,1,0,3,0,1,0,0.0,0,0,0,4,0.0,4,5.0,0,0,0.0,0,0.0,0.0,5,0,0.0,1,0,0,0,0,1,0,0,0,0,0,2,0,0,0,0,1,0.0,1,1.0,1,0,0,0,1,0,0,1,0,1,0,0,0,0,0,1,1,17,543,479,44,0,0,4,1.0,39,1,1398,56,127,38,13626
2025-07-05,argo,dev.icerock.moko.resources,PluralsResource,localized,1,3,0.0,3,1.0,0,0,1,0,6,0,1,0,0.0,0,0,0,4,0.0,1,2.0,3,0,0.0,0,0.0,1.0,15,12,0.0,2,0,0,0,0,5,0,0,0,0,0,0,0,0,0,0,2,0.0,2,1.0,2,0,0,0,2,0,0,2,0,1,0,0,0,0,0,2,2,17,543,479,44,0,0,4,1.0,39,1,1398,56,127,38,13626
2025-07-05,argo,dev.icerock.moko.resources,PluralsResource,localized,1,3,0.0,3,1.0,0,0,1,0,6,0,1,0,0.0,0,0,0,4,0.0,1,2.0,4,0,0.0,0,0.0,1.0,15,12,0.0,2,0,0,0,0,5,0,0,0,0,0,0,0,0,0,0,2,0.0,2,1.0,2,0,0,0,2,0,0,2,0,1,0,0,0,0,0,2,2,17,543,479,44,0,0,4,1.0,39,1,1398,56,127,38,13626
2025-07-05,argo,dev.icerock.moko.resources,StringResource,localized,1,0,0.0,1,1.0,0,0,1,0,3,0,1,0,0.0,0,0,0,1,0.0,1,2.0,2,0,0.0,0,0.0,0.75,19,14,0.0,4,0,2,0,0,6,0,0,0,0,0,0,0,0,0,0,6,0.8333333333333334,6,1.5,4,2,0,0,4,0,0,4,0,1,0,0,0,0,0,4,4,17,543,479,44,0,0,6,1.6666666666666667,39,1,1398,56,127,38,13626
2025-07-05,argo,dev.icerock.moko.resources,StringResource,localized,1,2,0.0,3,1.0,0,0,1,0,5,0,1,0,0.0,0,0,0,3,0.0,1,2.0,3,0,0.0,0,0.0,0.75,19,14,0.0,4,0,2,0,0,6,0,0,0,0,0,0,0,0,0,0,6,0.8333333333333334,6,1.5,4,2,0,0,4,0,0,4,0,1,0,0,0,0,0,4,4,17,543,479,44,0,0,6,1.6666666666666667,39,1,1398,56,127,38,13626
2025-07-05,argo,dev.icerock.moko.resources,StringResource,equals,3,0,0.0,1,1.0,0,0,1,0,5,2,3,0,0.0,0,0,0,2,0.0,0,2.0,1,0,0.0,0,0.0,0.75,19,14,0.0,4,0,2,0,0,6,0,0,0,0,0,0,0,0,0,0,6,0.8333333333333334,6,1.5,4,2,0,0,4,0,0,4,0,1,0,0,0,0,0,4,4,17,543,479,44,0,0,6,1.6666666666666667,39,1,1398,56,127,38,13626
2025-07-05,argo,dev.icerock.moko.resources,StringResource,hashCode,1,0,0.0,0,0.0,0,0,1,0,1,0,1,0,0.0,1,0,0,1,0.0,1,2.0,0,0,0.0,0,0.0,0.75,19,14,0.0,4,0,2,0,0,6,0,0,0,0,0,0,0,0,0,0,6,0.8333333333333334,6,1.5,4,2,0,0,4,0,0,4,0,1,0,0,0,0,0,4,4,17,543,479,44,0,0,6,1.6666666666666667,39,1,1398,56,127,38,13626
2025-07-05,argo,dev.icerock.moko.resources.desc,CompositionStringDesc,toLocalizedString,1,0,0.0,1,1.0,0,0,1,0,1,0,1,0,0.0,2,0,0,3,0.0,0,2.0,0,0,0.0,0,0.0,1.0,5,2,0.0,2,0,2,1,0,2,0,0,0,0,0,0,0,0,0,0,2,0.0,2,1.0,2,2,0,0,2,0,0,2,0,1,0,0,0,0,0,2,2,17,543,479,38,0,0,2,1.0,66,5,1631,56,127,45,13626
2025-07-05,argo,dev.icerock.moko.resources.desc,CompositionStringDesc,toLocalizedString,1,0,0.0,1,1.0,0,0,1,0,1,0,1,0,0.0,2,0,0,2,0.0,2,2.0,1,0,0.0,0,0.0,1.0,5,2,0.0,2,0,2,1,0,2,0,0,0,0,0,0,0,0,0,0,2,0.0,2,1.0,2,2,0,0,2,0,0,2,0,1,0,0,0,0,0,2,2,17,543,479,38,0,0,2,1.0,66,5,1631,56,127,45,13626
2025-07-05,argo,dev.icerock.moko.resources.desc,PluralFormattedStringDesc,toLocalizedString,1,0,0.0,1,1.0,0,0,1,0,1,0,1,2,0.0,2,0,0,2,0.0,0,3.0,0,0,0.0,0,0.0,0.5,7,4,0.0,2,0,2,1,0,2,0,0,0,0,0,0,0,0,0,0,2,1.0,2,1.0,2,2,0,0,2,0,0,2,0,1,0,0,0,0,0,2,2,17,543,479,38,0,0,4,1.0,66,5,1631,56,127,45,13626
2025-07-05,argo,dev.icerock.moko.resources.desc,PluralFormattedStringDesc,toLocalizedString,1,0,0.0,1,1.0,0,0,1,0,3,0,1,0,0.0,0,0,0,4,0.0,0,2.3333333333333335,1,0,0.0,0,0.0,0.5,7,4,0.0,2,0,2,1,0,2,0,0,0,0,0,0,0,0,0,0,2,1.0,2,1.0,2,2,0,0,2,0,0,2,0,1,0,0,0,0,0,2,2,17,543,479,38,0,0,4,1.0,66,5,1631,56,127,45,13626
2025-07-05,argo,dev.icerock.moko.resources.desc,PluralStringDesc,toLocalizedString,1,0,0.0,1,1.0,0,0,1,0,1,0,1,2,0.0,2,0,0,2,0.0,0,3.0,0,0,0.0,0,0.0,0.5,7,4,0.0,2,0,2,1,0,2,0,0,0,0,0,0,0,0,0,0,2,1.0,2,1.0,2,2,0,0,2,0,0,2,0,1,0,0,0,0,0,2,2,17,543,479,38,0,0,3,1.0,66,5,1631,56,127,45,13626
2025-07-05,argo,dev.icerock.moko.resources.desc,PluralStringDesc,toLocalizedString,1,0,0.0,1,1.0,0,0,1,0,3,0,1,0,0.0,0,0,0,3,0.0,0,2.5,1,0,0.0,0,0.0,0.5,7,4,0.0,2,0,2,1,0,2,0,0,0,0,0,0,0,0,0,0,2,1.0,2,1.0,2,2,0,0,2,0,0,2,0,1,0,0,0,0,0,2,2,17,543,479,38,0,0,3,1.0,66,5,1631,56,127,45,13626
2025-07-05,argo,dev.icerock.moko.resources.desc,RawStringDesc,toLocalizedString,1,0,0.0,0,0.0,0,0,1,0,1,0,1,0,0.0,0,0,0,0,0.0,0,0.0,0,0,0.0,0,0.0,0.0,5,2,0.0,2,0,2,1,0,2,0,0,0,0,0,0,0,0,0,0,2,0.0,2,1.0,2,2,0,0,2,0,0,2,0,1,0,0,0,0,0,2,2,17,543,479,38,0,0,0,1.0,66,5,1631,56,127,45,13626
2025-07-05,argo,dev.icerock.moko.resources.desc,RawStringDesc,toLocalizedString,1,0,0.0,0,0.0,0,0,1,0,1,0,1,0,0.0,0,0,0,0,0.0,0,0.0,1,0,0.0,0,0.0,0.0,5,2,0.0,2,0,2,1,0,2,0,0,0,0,0,0,0,0,0,0,2,0.0,2,1.0,2,2,0,0,2,0,0,2,0,1,0,0,0,0,0,2,2,17,543,479,38,0,0,0,1.0,66,5,1631,56,127,45,13626
2025-07-05,argo,dev.icerock.moko.resources.desc,ResourceFormattedStringDesc,toLocalizedString,1,0,0.0,1,1.0,0,0,1,0,1,0,1,2,0.0,2,0,0,2,0.0,0,3.0,0,0,0.0,0,0.0,0.5,7,4,0.0,2,0,2,1,0,2,0,0,0,0,0,0,0,0,0,0,2,1.0,2,1.0,2,2,0,0,2,0,0,2,0,1,0,0,0,0,0,2,2,17,543,479,38,0,0,4,1.0,66,5,1631,56,127,45,13626
2025-07-05,argo,dev.icerock.moko.resources.desc,ResourceFormattedStringDesc,toLocalizedString,1,0,0.0,1,1.0,0,0,1,0,3,0,1,0,0.0,0,0,0,4,0.0,0,2.3333333333333335,1,0,0.0,0,0.0,0.5,7,4,0.0,2,0,2,1,0,2,0,0,0,0,0,0,0,0,0,0,2,1.0,2,1.0,2,2,0,0,2,0,0,2,0,1,0,0,0,0,0,2,2,17,543,479,38,0,0,4,1.0,66,5,1631,56,127,45,13626
2025-07-05,argo,dev.icerock.moko.resources.desc,ResourceStringDesc,toLocalizedString,1,0,0.0,1,1.0,0,0,1,0,1,0,1,2,0.0,2,0,0,2,0.0,0,3.0,0,0,0.0,0,0.0,0.5,7,4,0.0,2,0,2,1,0,2,0,0,0,0,0,0,0,0,0,0,2,1.0,2,1.0,2,2,0,0,2,0,0,2,0,1,0,0,0,0,0,2,2,17,543,479,38,0,0,3,1.0,66,5,1631,56,127,45,13626
2025-07-05,argo,dev.icerock.moko.resources.desc,ResourceStringDesc,toLocalizedString,1,0,0.0,1,1.0,0,0,1,0,3,0,1,0,0.0,0,0,0,3,0.0,0,2.5,1,0,0.0,0,0.0,0.5,7,4,0.0,2,0,2,1,0,2,0,0,0,0,0,0,0,0,0,0,2,1.0,2,1.0,2,2,0,0,2,0,0,2,0,1,0,0,0,0,0,2,2,17,543,479,38,0,0,3,1.0,66,5,1631,56,127,45,13626
2025-07-05,argo,dev.icerock.moko.resources.internal.messageFormat,CompiledVariableString,evaluate,1,2,0.0,1,1.0,0,0,1,0,5,0,1,0,0.0,0,0,0,2,0.0,1,2.0,1,0,0.0,0,0.0,1.0,7,5,0.0,1,0,0,0,0,2,0,0,0,0,0,0,0,0,0,0,1,0.0,1,1.0,1,0,0,0,3,0,0,3,0,3,0,0,0,0,0,3,3,17,543,479,3,0,0,3,1.0,3,0,36,56,127,2,13626
2025-07-05,argo,dev.icerock.moko.resources.internal.messageFormat,CompiledPlural,evaluate,1,2,0.0,1,1.0,0,0,1,0,5,0,1,0,0.0,0,0,0,3,0.0,0,2.0,2,0,0.0,0,0.0,1.0,7,5,0.0,1,0,0,0,0,3,0,0,0,0,0,0,0,0,0,0,1,0.0,1,1.0,1,0,0,0,3,0,0,3,0,3,0,0,0,0,0,3,3,17,543,479,3,0,0,3,1.0,3,0,36,56,127,2,13626
2025-07-05,argo,dev.icerock.moko.resources,AssetResource,equals,4,0,0.0,1,1.0,0,0,1,0,6,3,4,0,0.0,0,0,0,2,0.0,0,2.0,1,0,0.0,0,0.0,0.5,12,9,0.0,2,0,2,1,0,3,0,0,0,0,1,4,0,0,0,0,5,1.0,5,2.5,2,2,0,0,2,0,0,2,0,1,0,0,0,0,0,2,2,17,543,479,44,0,0,3,2.5,39,1,1398,56,127,38,13626
2025-07-05,argo,dev.icerock.moko.resources,AssetResource,hashCode,1,0,0.0,0,0.0,0,0,1,0,3,0,1,0,0.0,1,0,0,1,0.0,1,2.0,0,0,0.0,0,0.0,0.5,12,9,0.0,2,0,2,1,0,3,0,0,0,0,1,4,0,0,0,0,5,1.0,5,2.5,2,2,0,0,2,0,0,2,0,1,0,0,0,0,0,2,2,17,543,479,44,0,0,3,2.5,39,1,1398,56,127,38,13626
2025-07-05,argo,dev.icerock.moko.resources,FileResource,readText,1,1,0.0,2,1.0,0,0,1,0,4,0,1,0,0.0,0,0,0,4,0.0,1,2.3333333333333335,0,0,0.0,0,0.0,1.0,6,4,0.0,1,0,0,0,0,1,0,0,0,0,0,2,0,0,0,1,1,0.0,1,1.0,1,0,0,0,1,0,0,1,0,1,0,0,0,0,0,1,1,17,543,479,44,0,0,4,1.0,39,1,1398,56,127,38,13626
2025-07-05,argo,dev.icerock.moko.resources,ImageResource,getThemedImage,3,0,0.0,0,0.0,0,1,1,0,3,0,3,1,0.0,1,0,0,1,0.0,0,0.0,1,0,0.0,0,0.0,1.0,33,22,0.5,3,1,0,0,1,4,0,0,0,0,1,1,0,0,0,0,3,0.6666666666666667,3,1.0,3,0,1,0,1,2,0,1,0,1,0,0,0,0,0,3,3,17,543,479,44,0,0,18,2.6666666666666665,39,1,1398,56,127,38,13626
2025-07-05,argo,dev.icerock.moko.resources,ImageResource,readImage,3,1,1.0,3,1.0,0,1,1,0,8,0,3,1,0.0,1,0,0,5,0.0,1,2.25,1,0,0.0,0,0.0,1.0,33,22,0.5,3,1,0,0,1,4,0,0,0,0,1,1,0,0,0,0,3,0.6666666666666667,3,1.0,3,0,1,0,1,2,0,1,0,1,0,0,0,0,0,3,3,17,543,479,44,0,0,18,2.6666666666666665,39,1,1398,56,127,38,13626
2025-07-05,argo,dev.icerock.moko.resources,ImageResource,readSvg,2,4,0.0,5,0.8,0,1,1,0,14,1,2,0,0.0,0,0,0,12,0.0,1,2.2857142857142856,1,0,0.0,0,0.0,1.0,33,22,0.5,3,1,0,0,1,4,0,0,0,0,1,1,0,0,0,0,3,0.6666666666666667,3,1.0,3,0,1,0,1,2,0,1,0,1,0,0,0,0,0,3,3,17,543,479,44,0,0,18,2.6666666666666665,39,1,1398,56,127,38,13626
2025-07-05,argo,dev.icerock.moko.resources,PluralsResource,getPluralMessage,3,4,0.0,5,1.0,0,1,1,0,11,0,3,0,0.0,0,0,0,9,0.0,1,2.5714285714285716,2,0,0.0,0,0.0,0.6666666666666666,17,2,0.0,3,0,0,0,0,4,0,0,0,0,0,0,0,0,0,0,3,0.6666666666666667,3,1.0,3,0,0,0,2,1,0,2,0,1,0,0,0,0,0,3,3,17,543,479,44,0,0,10,2.0,39,1,1398,56,127,38,13626
2025-07-05,argo,dev.icerock.moko.resources,PluralsResource,localized,1,0,0.0,0,0.0,0,1,1,0,1,0,1,1,0.0,1,0,0,0,0.0,0,0.0,2,0,0.0,0,0.0,0.6666666666666666,17,2,0.0,3,0,0,0,0,4,0,0,0,0,0,0,0,0,0,0,3,0.6666666666666667,3,1.0,3,0,0,0,2,1,0,2,0,1,0,0,0,0,0,3,3,17,543,479,44,0,0,10,2.0,39,1,1398,56,127,38,13626
2025-07-05,argo,dev.icerock.moko.resources,PluralsResource,localized,1,0,0.0,1,1.0,0,1,1,0,1,0,1,1,0.0,1,0,0,1,0.0,1,2.0,3,0,0.0,0,0.0,0.6666666666666666,17,2,0.0,3,0,0,0,0,4,0,0,0,0,0,0,0,0,0,0,3,0.6666666666666667,3,1.0,3,0,0,0,2,1,0,2,0,1,0,0,0,0,0,3,3,17,543,479,44,0,0,10,2.0,39,1,1398,56,127,38,13626
2025-07-05,argo,dev.icerock.moko.resources,StringResource,localized,1,1,0.0,2,1.0,0,0,1,0,4,0,1,0,0.0,0,0,0,2,0.0,1,2.0,1,0,0.0,0,0.0,1.0,12,9,0.0,2,0,0,0,0,3,0,0,0,0,0,0,0,0,0,0,2,0.0,2,1.0,2,0,0,0,2,0,0,2,0,1,0,0,0,0,0,2,2,17,543,479,44,0,0,3,1.0,39,1,1398,56,127,38,13626
2025-07-05,argo,dev.icerock.moko.resources,StringResource,localized,1,2,0.0,3,1.0,0,0,1,0,5,0,1,0,0.0,0,0,0,3,0.0,1,2.0,2,0,0.0,0,0.0,1.0,12,9,0.0,2,0,0,0,0,3,0,0,0,0,0,0,0,0,0,0,2,0.0,2,1.0,2,0,0,0,2,0,0,2,0,1,0,0,0,0,0,2,2,17,543,479,44,0,0,3,1.0,39,1,1398,56,127,38,13626
2025-07-05,argo,dev.icerock.moko.resources.desc,CompositionStringDesc,localized,1,0,0.0,1,1.0,0,0,1,0,1,0,1,0,0.0,1,0,0,2,0.0,2,2.0,0,0,0.0,0,0.0,1.0,3,1,0.0,1,0,1,1,0,0,0,0,0,0,0,0,0,0,0,0,1,0.0,1,1.0,1,1,0,0,1,0,0,1,0,1,0,0,0,0,0,1,1,17,543,479,38,0,0,2,1.0,66,5,1631,56,127,45,13626
2025-07-05,argo,dev.icerock.moko.resources.desc,PluralFormattedStringDesc,localized,1,0,0.0,0,0.0,0,0,1,0,1,0,1,0,0.0,1,0,0,4,0.0,0,2.3333333333333335,0,0,0.0,0,0.0,1.0,3,1,0.0,1,0,1,1,0,0,0,0,0,0,0,0,0,0,0,0,1,0.0,1,1.0,1,1,0,0,1,0,0,1,0,1,0,0,0,0,0,1,1,17,543,479,38,0,0,4,1.0,66,5,1631,56,127,45,13626
2025-07-05,argo,dev.icerock.moko.resources.desc,PluralStringDesc,localized,1,0,0.0,0,0.0,0,0,1,0,1,0,1,0,0.0,1,0,0,3,0.0,0,2.5,0,0,0.0,0,0.0,1.0,3,1,0.0,1,0,1,1,0,0,0,0,0,0,0,0,0,0,0,0,1,0.0,1,1.0,1,1,0,0,1,0,0,1,0,1,0,0,0,0,0,1,1,17,543,479,38,0,0,3,1.0,66,5,1631,56,127,45,13626
2025-07-05,argo,dev.icerock.moko.resources.desc,RawStringDesc,localized,1,0,0.0,0,0.0,0,0,1,1,1,0,1,0,0.0,0,0,0,0,0.0,0,0.0,0,0,0.0,0,0.0,0.0,3,1,0.0,1,0,1,1,0,0,0,0,0,0,0,0,0,0,0,0,1,0.0,1,1.0,1,1,0,0,1,0,0,1,0,1,0,0,0,0,0,1,1,17,543,479,38,0,0,0,1.0,66,5,1631,56,127,45,13626
2025-07-05,argo,dev.icerock.moko.resources.desc,ResourceFormattedStringDesc,localized,1,0,0.0,0,0.0,0,0,1,0,1,0,1,0,0.0,1,0,0,4,0.0,0,2.3333333333333335,0,0,0.0,0,0.0,1.0,3,1,0.0,1,0,1,1,0,0,0,0,0,0,0,0,0,0,0,0,1,0.0,1,1.0,1,1,0,0,1,0,0,1,0,1,0,0,0,0,0,1,1,17,543,479,38,0,0,4,1.0,66,5,1631,56,127,45,13626
2025-07-05,argo,dev.icerock.moko.resources.desc,ResourceStringDesc,localized,1,0,0.0,0,0.0,0,0,1,0,1,0,1,0,0.0,1,0,0,3,0.0,0,2.5,0,0,0.0,0,0.0,1.0,3,1,0.0,1,0,1,1,0,1,0,0,0,0,0,0,0,0,0,0,1,0.0,1,1.0,1,1,0,0,1,0,0,1,0,1,0,0,0,0,0,1,1,17,543,479,38,0,0,3,1.0,66,5,1631,56,127,45,13626
2025-07-05,argo,dev.icerock.moko.resources,ImageResource,toNSImage,1,0,0.0,1,1.0,0,0,1,0,1,0,1,0,0.0,0,0,0,2,0.0,2,2.0,0,0,0.0,0,0.0,0.0,3,1,0.0,1,0,0,0,0,1,0,0,0,0,1,1,0,0,0,0,1,0.0,1,1.0,1,0,0,0,1,0,0,1,0,1,0,0,0,0,0,1,1,17,543,479,44,0,0,2,1.0,39,1,1398,56,127,38,13626
2025-07-05,argo,dev.icerock.moko.resources,ImageResource,toUIImage,1,0,0.0,1,1.0,0,0,1,0,3,0,1,0,0.0,0,0,0,1,0.0,1,2.0,0,0,0.0,0,0.0,1.0,5,3,0.0,1,0,0,0,0,1,0,0,0,0,1,1,0,0,0,0,1,0.0,1,1.0,1,0,0,0,1,0,0,1,0,1,0,0,0,0,0,1,1,17,543,479,44,0,0,1,1.0,39,1,1398,56,127,38,13626
2025-07-05,argo,dev.icerock.moko.resources.compose.internal,DrawCache,drawCachedImage,2,2,1.0,4,1.0,0,0,1,0,18,0,2,1,0.8421052631578947,1,4,2,11,1.0,1,2.0,4,1,0.0,0,0.3333333333333333,1.0,45,29,0.3333333333333333,3,6,0,0,0,7,5,0,5,0,1,1,0,0,5,0,3,0.6666666666666667,3,1.0,3,0,6,0,2,1,0,2,0,1,0,0,0,0,0,3,3,17,543,479,2,0,5,16,1.3333333333333333,10,0,376,56,127,7,13626
2025-07-05,argo,dev.icerock.moko.resources.compose.internal,DrawCache,drawInto,1,1,0.0,1,1.0,0,0,1,0,8,0,1,0,0.2857142857142857,0,2,2,3,0.5,1,2.0,3,2,0.0,0,0.3333333333333333,1.0,45,29,0.3333333333333333,3,6,0,0,0,7,5,0,5,0,1,1,0,0,5,0,3,0.6666666666666667,3,1.0,3,0,6,0,2,1,0,2,0,1,0,0,0,0,0,3,3,17,543,479,2,0,5,16,1.3333333333333333,10,0,376,56,127,7,13626
2025-07-05,argo,dev.icerock.moko.resources.compose.internal,DrawCache,clear,1,0,0.0,1,1.0,0,0,1,0,3,0,1,0,0.0,0,0,1,2,0.0,0,2.0,0,1,0.0,0,0.3333333333333333,1.0,45,29,0.3333333333333333,3,6,0,0,0,7,5,0,5,0,1,1,0,0,5,0,3,0.6666666666666667,3,1.0,3,0,6,0,2,1,0,2,0,1,0,0,0,0,0,3,3,17,543,479,2,0,5,16,1.3333333333333333,10,0,376,56,127,7,13626
2025-07-05,argo,dev.icerock.moko.resources.compose.internal,SVGPainter,applyAlpha,1,0,0.0,0,0.0,0,0,1,0,4,0,1,0,1.0,0,0,0,0,1.0,0,2.0,1,0,0.0,0,0.3333333333333333,1.0,61,22,0.25,4,7,3,1,0,4,2,0,6,0,0,4,0,0,3,0,5,1.0,5,1.25,4,3,7,0,3,1,0,3,0,1,0,0,0,0,0,4,4,17,543,479,2,0,1,16,1.5,10,0,376,56,127,7,13626
2025-07-05,argo,dev.icerock.moko.resources.compose.internal,SVGPainter,applyColorFilter,1,0,0.0,0,0.0,0,0,1,0,4,0,1,0,1.0,0,0,0,0,1.0,0,2.0,1,0,0.0,0,0.3333333333333333,1.0,61,22,0.25,4,7,3,1,0,4,2,0,6,0,0,4,0,0,3,0,5,1.0,5,1.25,4,3,7,0,3,1,0,3,0,1,0,0,0,0,0,4,4,17,543,479,2,0,1,16,1.5,10,0,376,56,127,7,13626
2025-07-05,argo,dev.icerock.moko.resources.compose.internal,SVGPainter,onDraw,2,0,1.0,2,0.5,0,0,1,0,6,1,2,1,1.0,1,4,0,7,4.0,1,3.0,0,0,0.0,0,0.3333333333333333,1.0,61,22,0.25,4,7,3,1,0,4,2,0,6,0,0,4,0,0,3,0,5,1.0,5,1.25,4,3,7,0,3,1,0,3,0,1,0,0,0,0,0,4,4,17,543,479,2,0,1,16,1.5,10,0,376,56,127,7,13626
2025-07-05,argo,dev.icerock.moko.resources.compose.internal,SVGPainter,drawSvg,2,0,0.0,4,0.5,0,0,1,0,8,0,2,0,0.6,0,1,1,9,1.0,0,2.111111111111111,1,1,0.0,0,0.3333333333333333,1.0,61,22,0.25,4,7,3,1,0,4,2,0,6,0,0,4,0,0,3,0,5,1.0,5,1.25,4,3,7,0,3,1,0,3,0,1,0,0,0,0,0,4,4,17,543,479,2,0,1,16,1.5,10,0,376,56,127,7,13626
2025-07-05,argo,dev.icerock.gradle,MultiplatformResourcesPlugin,apply,1,2,2.0,2,1.0,1,2,1,0,12,0,1,3,0.0,3,0,1,9,0.0,0,2.75,1,1,0.0,0,0.0,1.0,79,55,0.3333333333333333,5,0,1,1,0,6,3,0,0,0,0,0,0,0,0,0,11,0.9,11,2.2,5,1,0,0,1,4,0,1,0,1,0,0,0,0,0,5,5,17,543,479,3,0,5,69,2.2,5,0,266,56,127,6,13626
2025-07-05,argo,dev.icerock.gradle,MultiplatformResourcesPlugin,setupGradleSync,1,1,0.0,1,1.0,1,2,1,0,4,0,1,0,0.0,0,0,1,6,0.0,0,2.4,1,1,0.0,0,0.0,1.0,79,55,0.3333333333333333,5,0,1,1,0,6,3,0,0,0,0,0,0,0,0,0,11,0.9,11,2.2,5,1,0,0,1,4,0,1,0,1,0,0,0,0,0,5,5,17,543,479,3,0,5,69,2.2,5,0,266,56,127,6,13626
2025-07-05,argo,dev.icerock.gradle,MultiplatformResourcesPlugin,configureKotlinTargetGenerator,6,2,0.0,7,0.9,1,2,1,0,37,2,6,1,0.0,1,0,1,36,0.0,1,2.740740740740741,3,1,0.0,0,0.0,1.0,79,55,0.3333333333333333,5,0,1,1,0,6,3,0,0,0,0,0,0,0,0,0,11,0.9,11,2.2,5,1,0,0,1,4,0,1,0,1,0,0,0,0,0,5,5,17,543,479,3,0,5,69,2.2,5,0,266,56,127,6,13626
2025-07-05,argo,dev.icerock.gradle,MultiplatformResourcesPlugin,registerGenerateAllResources,1,0,0.0,2,1.0,1,2,1,0,6,0,1,0,0.0,0,0,1,5,0.0,0,3.0,1,1,0.0,0,0.0,1.0,79,55,0.3333333333333333,5,0,1,1,0,6,3,0,0,0,0,0,0,0,0,0,11,0.9,11,2.2,5,1,0,0,1,4,0,1,0,1,0,0,0,0,0,5,5,17,543,479,3,0,5,69,2.2,5,0,266,56,127,6,13626
2025-07-05,argo,dev.icerock.gradle,MultiplatformResourcesPlugin,setupSourceSets,2,1,0.0,5,0.8,1,2,1,0,14,1,2,0,0.0,0,0,1,13,0.0,0,2.5625,3,1,0.0,0,0.0,1.0,79,55,0.3333333333333333,5,0,1,1,0,6,3,0,0,0,0,0,0,0,0,0,11,0.9,11,2.2,5,1,0,0,1,4,0,1,0,1,0,0,0,0,0,5,5,17,543,479,3,0,5,69,2.2,5,0,266,56,127,6,13626
2025-07-05,argo,dev.icerock.gradle,MultiplatformResourcesPluginExtension,configureCopyXCFrameworkResources,1,0,0.0,1,1.0,0,0,1,0,3,0,1,0,0.0,0,0,1,9,0.0,0,2.8,1,1,0.0,0,0.0,1.0,17,3,0.0,1,6,0,0,0,1,1,0,0,0,0,6,0,0,0,0,1,0.0,1,1.0,1,0,6,0,1,0,0,1,1,0,0,0,0,0,0,1,1,17,543,479,3,0,1,9,1.0,5,0,266,56,127,6,13626
2025-07-05,argo,dev.icerock.gradle.actions.apple,CopyAppleResourcesFromFrameworkToFatAction,execute,1,2,1.0,1,1.0,1,0,1,0,5,0,1,2,0.0,1,0,1,4,0.0,0,3.5,1,1,0.0,0,0.0,1.0,15,12,0.5,2,0,1,1,0,2,2,0,0,0,0,0,0,0,0,0,2,1.0,2,1.0,2,1,0,0,1,1,0,1,0,1,0,0,0,0,0,2,2,17,543,479,5,0,2,12,1.0,7,0,245,56,127,7,13626
2025-07-05,argo,dev.icerock.gradle.actions.apple,CopyAppleResourcesFromFrameworkToFatAction,executeWithFramework,1,1,0.0,4,1.0,1,0,1,0,7,0,1,0,0.0,0,0,1,8,0.0,1,2.3333333333333335,2,1,0.0,0,0.0,1.0,15,12,0.5,2,0,1,1,0,2,2,0,0,0,0,0,0,0,0,0,2,1.0,2,1.0,2,1,0,0,1,1,0,1,0,1,0,0,0,0,0,2,2,17,543,479,5,0,2,12,1.0,7,0,245,56,127,7,13626
2025-07-05,argo,dev.icerock.gradle.actions.apple,CopyResourcesFromKLibsAction,copyResourcesFromLibraries,4,3,0.0,5,0.8,1,0,1,0,15,1,4,0,0.0,0,0,1,22,0.0,0,3.0833333333333335,2,1,0.0,0,0.0,1.0,17,15,0.0,1,0,0,1,0,2,1,0,0,0,0,0,0,0,0,2,1,0.0,1,1.0,1,0,0,0,0,0,1,0,1,0,0,0,0,0,0,1,1,17,543,479,5,0,1,22,4.0,7,0,245,56,127,7,13626
2025-07-05,argo,dev.icerock.gradle.actions.apple,CopyResourcesFromKLibsToExecutableAction,execute,1,0,0.0,1,1.0,1,0,1,0,4,0,1,0,0.0,0,0,1,3,0.0,0,4.0,1,1,0.0,0,0.0,1.0,6,4,0.0,1,0,1,1,0,1,1,0,0,0,0,0,0,0,0,0,1,0.0,1,1.0,1,1,0,0,1,0,0,1,0,1,0,0,0,0,0,1,1,17,543,479,5,0,1,3,1.0,7,0,245,56,127,7,13626
2025-07-05,argo,dev.icerock.gradle.actions.apple,CopyResourcesFromKLibsToFrameworkAction,execute,1,0,0.0,1,1.0,1,0,1,0,4,0,1,0,0.0,0,0,1,2,0.0,0,3.0,1,1,0.0,0,0.0,1.0,6,4,0.0,1,0,1,1,0,1,1,0,0,0,0,0,0,0,0,0,1,0.0,1,1.0,1,1,0,0,1,0,0,1,0,1,0,0,0,0,0,1,1,17,543,479,5,0,1,2,1.0,7,0,245,56,127,7,13626
2025-07-05,argo,dev.icerock.gradle.actions.apple,PackAppleResourcesToKLibAction,execute,6,14,1.0,14,1.0,0,0,1,0,39,1,6,1,0.0,1,0,7,45,0.0,2,2.6333333333333333,1,7,0.0,0,0.0,1.0,62,59,0.5,2,0,1,1,0,3,7,0,0,0,0,0,0,0,0,0,7,0.0,7,3.5,2,1,0,0,1,1,0,1,0,1,0,0,0,0,0,2,2,17,543,479,5,0,7,64,4.5,7,0,245,56,127,7,13626
2025-07-05,argo,dev.icerock.gradle.actions.apple,PackAppleResourcesToKLibAction,compileAppleAssets,3,4,0.0,10,1.0,0,0,1,0,20,1,3,0,0.0,0,0,0,19,0.0,1,2.6923076923076925,2,0,0.0,0,0.0,1.0,62,59,0.5,2,0,1,1,0,3,7,0,0,0,0,0,0,0,0,0,7,0.0,7,3.5,2,1,0,0,1,1,0,1,0,1,0,0,0,0,0,2,2,17,543,479,5,0,7,64,4.5,7,0,245,56,127,7,13626
2025-07-05,argo,dev.icerock.gradle.actions.js,CopyResourcesToExecutableAction,execute,1,1,3.0,2,1.0,0,0,1,0,6,0,1,3,0.0,3,0,3,4,0.0,1,2.3333333333333335,1,3,0.0,0,0.0,1.0,104,99,0.25,4,0,1,1,0,3,7,0,0,0,0,0,0,0,0,0,5,0.6666666666666667,5,1.25,4,1,0,0,1,3,0,1,1,1,0,0,0,0,0,5,5,17,543,479,2,0,8,55,2.5,5,0,179,56,127,5,13626
2025-07-05,argo,dev.icerock.gradle.actions.js,CopyResourcesToExecutableAction,generateWebpackConfig,1,2,0.0,8,0.875,0,0,1,0,46,0,1,0,0.0,0,0,2,19,0.0,1,2.473684210526316,0,2,0.0,0,0.0,1.0,104,99,0.25,4,0,1,1,0,3,7,0,0,0,0,0,0,0,0,0,5,0.6666666666666667,5,1.25,4,1,0,0,1,3,0,1,1,1,0,0,0,0,0,5,5,17,543,479,2,0,8,55,2.5,5,0,179,56,127,5,13626
2025-07-05,argo,dev.icerock.gradle.actions.js,CopyResourcesToExecutableAction,generateKarmaConfig,1,3,0.0,8,1.0,0,0,1,0,29,0,1,0,0.0,0,0,2,14,0.0,1,2.3846153846153846,0,2,0.0,0,0.0,1.0,104,99,0.25,4,0,1,1,0,3,7,0,0,0,0,0,0,0,0,0,5,0.6666666666666667,5,1.25,4,1,0,0,1,3,0,1,1,1,0,0,0,0,0,5,5,17,543,479,2,0,8,55,2.5,5,0,179,56,127,5,13626
2025-07-05,argo,dev.icerock.gradle.actions.js,CopyResourcesToExecutableAction,copyResourcesFromLibraries,7,3,0.0,6,1.0,0,0,1,0,18,1,7,0,0.0,0,0,1,18,0.0,2,2.9,3,1,0.0,0,0.0,1.0,104,99,0.25,4,0,1,1,0,3,7,0,0,0,0,0,0,0,0,0,5,0.6666666666666667,5,1.25,4,1,0,0,1,3,0,1,1,1,0,0,0,0,0,5,5,17,543,479,2,0,8,55,2.5,5,0,179,56,127,5,13626
2025-07-05,argo,dev.icerock.gradle.actions.js,CopyResourcesToKLibAction,execute,2,4,0.0,3,1.0,0,0,1,0,8,1,2,0,0.0,0,0,1,10,0.0,2,3.3333333333333335,1,1,0.0,0,0.0,1.0,10,8,0.0,1,0,1,1,0,1,1,0,0,0,0,0,0,0,0,0,2,0.0,2,2.0,1,1,0,0,1,0,0,1,0,1,0,0,0,0,0,1,1,17,543,479,2,0,1,10,2.0,5,0,179,56,127,5,13626
2025-07-05,argo,dev.icerock.gradle.generator,PlatformContainerGenerator,getImports,1,0,0.0,0,0.0,0,1,1,0,1,0,1,0,0.0,0,0,0,1,0.0,0,0.0,0,0,0.0,0,0.0,0.0,7,2,0.0,3,0,0,0,0,3,0,0,0,0,0,0,0,0,0,4,3,0.6666666666666667,3,1.0,3,0,0,0,3,0,0,3,0,1,0,0,0,0,0,3,3,17,543,479,10,0,0,1,1.0,43,4,973,56,127,18,13626
2025-07-05,argo,dev.icerock.gradle.generator,PlatformContainerGenerator,generateBeforeTypes,1,0,0.0,0,0.0,0,1,1,0,1,0,1,0,0.0,0,0,0,0,0.0,0,0.0,2,0,0.0,0,0.0,0.0,7,2,0.0,3,0,0,0,0,3,0,0,0,0,0,0,0,0,0,4,3,0.6666666666666667,3,1.0,3,0,0,0,3,0,0,3,0,1,0,0,0,0,0,3,3,17,543,479,10,0,0,1,1.0,43,4,973,56,127,18,13626
2025-07-05,argo,dev.icerock.gradle.generator,PlatformContainerGenerator,generateAfterTypes,1,0,0.0,0,0.0,0,1,1,0,1,0,1,0,0.0,0,0,0,0,0.0,0,0.0,1,0,0.0,0,0.0,0.0,7,2,0.0,3,0,0,0,0,3,0,0,0,0,0,0,0,0,0,4,3,0.6666666666666667,3,1.0,3,0,0,0,3,0,0,3,0,1,0,0,0,0,0,3,3,17,543,479,10,0,0,1,1.0,43,4,973,56,127,18,13626
2025-07-05,argo,dev.icerock.gradle.generator,ResourcesFiles,matching,1,0,0.0,1,1.0,0,0,2,0,3,0,1,0,0.0,1,0,0,6,0.0,0,2.4,1,0,0.0,0,0.0,1.0,7,3,0.0,1,0,0,0,0,1,0,0,0,0,0,0,0,0,0,0,1,0.0,1,1.0,1,0,0,0,1,0,0,1,0,1,0,0,0,0,0,1,1,17,543,479,10,0,0,6,1.0,43,4,973,56,127,18,13626
2025-07-05,argo,dev.icerock.gradle.generator,ResourcesGenerator,generateTargetKotlin,5,8,2.0,9,1.0,0,0,1,0,24,2,5,3,0.0,2,0,1,22,0.0,2,2.3,2,1,0.0,0,0.0,1.0,69,63,0.4,5,0,0,0,0,8,7,0,0,0,0,0,0,0,0,0,9,0.30000000000000004,9,1.8,5,0,0,0,3,2,0,3,0,1,0,0,0,0,0,5,5,17,543,479,10,0,10,74,2.4,43,4,973,56,127,18,13626
2025-07-05,argo,dev.icerock.gradle.generator,ResourcesGenerator,generateSimpleResourceObject,1,2,1.0,3,1.0,0,0,1,0,6,0,1,1,0.0,1,0,2,8,0.0,0,2.3333333333333335,5,2,0.0,0,0.0,1.0,69,63,0.4,5,0,0,0,0,8,7,0,0,0,0,0,0,0,0,0,9,0.30000000000000004,9,1.8,5,0,0,0,3,2,0,3,0,1,0,0,0,0,0,5,5,17,543,479,10,0,10,74,2.4,43,4,973,56,127,18,13626
2025-07-05,argo,dev.icerock.gradle.generator,ResourcesGenerator,generateCommonKotlin,4,6,0.0,9,0.9,0,0,1,0,20,1,4,0,0.0,0,0,2,22,0.0,2,2.466666666666667,2,2,0.0,0,0.0,1.0,69,63,0.4,5,0,0,0,0,8,7,0,0,0,0,0,0,0,0,0,9,0.30000000000000004,9,1.8,5,0,0,0,3,2,0,3,0,1,0,0,0,0,0,5,5,17,543,479,10,0,10,74,2.4,43,4,973,56,127,18,13626
2025-07-05,argo,dev.icerock.gradle.generator,ResourcesGenerator,generateResources,1,1,0.0,1,1.0,0,0,1,0,4,0,1,0,0.0,0,0,1,2,0.0,0,2.0,1,1,0.0,0,0.0,1.0,69,63,0.4,5,0,0,0,0,8,7,0,0,0,0,0,0,0,0,0,9,0.30000000000000004,9,1.8,5,0,0,0,3,2,0,3,0,1,0,0,0,0,0,5,5,17,543,479,10,0,10,74,2.4,43,4,973,56,127,18,13626
2025-07-05,argo,dev.icerock.gradle.generator,ResourcesGenerator,finalizeObjectSpec,1,1,0.0,7,0.7143,0,0,1,0,9,0,1,0,0.0,0,0,4,20,0.0,1,2.3333333333333335,6,4,0.0,0,0.0,1.0,69,63,0.4,5,0,0,0,0,8,7,0,0,0,0,0,0,0,0,0,9,0.30000000000000004,9,1.8,5,0,0,0,3,2,0,3,0,1,0,0,0,0,0,5,5,17,543,479,10,0,10,74,2.4,43,4,973,56,127,18,13626
2025-07-05,argo,dev.icerock.gradle.generator,ResourceTypeGenerator,generateMetadata,1,0,0.0,0,0.0,0,1,1,0,3,0,1,0,0.0,1,0,0,5,0.0,0,6.0,1,0,0.0,0,0.0,0.7777777777777778,47,36,0.25,9,0,0,0,0,10,1,0,0,0,0,0,0,0,0,0,11,0.8055555555555556,11,1.2222222222222223,9,0,0,0,6,3,0,6,3,1,0,0,0,0,0,9,9,17,543,479,10,0,1,71,1.3333333333333333,43,4,973,56,127,18,13626
2025-07-05,argo,dev.icerock.gradle.generator,ResourceTypeGenerator,getImports,1,0,0.0,1,1.0,0,1,1,0,1,0,1,0,0.0,0,0,0,1,0.0,1,2.0,0,0,0.0,0,0.0,0.7777777777777778,47,36,0.25,9,0,0,0,0,10,1,0,0,0,0,0,0,0,0,0,11,0.8055555555555556,11,1.2222222222222223,9,0,0,0,6,3,0,6,3,1,0,0,0,0,0,9,9,17,543,479,10,0,1,71,1.3333333333333333,43,4,973,56,127,18,13626
2025-07-05,argo,dev.icerock.gradle.generator,ResourceTypeGenerator,generateExpectObject,2,3,0.0,5,1.0,0,1,1,0,7,1,2,0,0.0,0,0,0,17,0.0,1,2.888888888888889,2,0,0.0,0,0.0,0.7777777777777778,47,36,0.25,9,0,0,0,0,10,1,0,0,0,0,0,0,0,0,0,11,0.8055555555555556,11,1.2222222222222223,9,0,0,0,6,3,0,6,3,1,0,0,0,0,0,9,9,17,543,479,10,0,1,71,1.3333333333333333,43,4,973,56,127,18,13626
2025-07-05,argo,dev.icerock.gradle.generator,ResourceTypeGenerator,generateActualObject,1,3,0.0,3,1.0,0,1,1,0,6,0,1,0,0.0,0,0,0,22,0.0,0,2.5625,2,0,0.0,0,0.0,0.7777777777777778,47,36,0.25,9,0,0,0,0,10,1,0,0,0,0,0,0,0,0,0,11,0.8055555555555556,11,1.2222222222222223,9,0,0,0,6,3,0,6,3,1,0,0,0,0,0,9,9,17,543,479,10,0,1,71,1.3333333333333333,43,4,973,56,127,18,13626
2025-07-05,argo,dev.icerock.gradle.generator,ResourceTypeGenerator,generateObject,2,3,0.0,5,1.0,0,1,1,0,7,1,2,0,0.0,0,0,0,17,0.0,1,2.5454545454545454,2,0,0.0,0,0.0,0.7777777777777778,47,36,0.25,9,0,0,0,0,10,1,0,0,0,0,0,0,0,0,0,11,0.8055555555555556,11,1.2222222222222223,9,0,0,0,6,3,0,6,3,1,0,0,0,0,0,9,9,17,543,479,10,0,1,71,1.3333333333333333,43,4,973,56,127,18,13626
2025-07-05,argo,dev.icerock.gradle.generator,ResourceTypeGenerator,generateFiles,1,1,0.0,2,1.0,0,1,1,0,4,0,1,0,0.0,0,0,1,2,0.0,1,2.0,1,1,0.0,0,0.0,0.7777777777777778,47,36,0.25,9,0,0,0,0,10,1,0,0,0,0,0,0,0,0,0,11,0.8055555555555556,11,1.2222222222222223,9,0,0,0,6,3,0,6,3,1,0,0,0,0,0,9,9,17,543,479,10,0,1,71,1.3333333333333333,43,4,973,56,127,18,13626
2025-07-05,argo,dev.icerock.gradle.generator,ResourceTypeGenerator,createSimpleProperty,1,0,1.0,0,0.0,0,1,1,0,3,0,1,1,0.0,1,0,0,1,0.0,0,0.0,1,0,0.0,0,0.0,0.7777777777777778,47,36,0.25,9,0,0,0,0,10,1,0,0,0,0,0,0,0,0,0,11,0.8055555555555556,11,1.2222222222222223,9,0,0,0,6,3,0,6,3,1,0,0,0,0,0,9,9,17,543,479,10,0,1,71,1.3333333333333333,43,4,973,56,127,18,13626
2025-07-05,argo,dev.icerock.gradle.generator,ResourceTypeGenerator,createActualProperty,1,0,1.0,1,1.0,0,1,1,0,3,0,1,1,0.0,1,0,0,1,0.0,0,2.0,1,0,0.0,0,0.0,0.7777777777777778,47,36,0.25,9,0,0,0,0,10,1,0,0,0,0,0,0,0,0,0,11,0.8055555555555556,11,1.2222222222222223,9,0,0,0,6,3,0,6,3,1,0,0,0,0,0,9,9,17,543,479,10,0,1,71,1.3333333333333333,43,4,973,56,127,18,13626
2025-07-05,argo,dev.icerock.gradle.generator,ResourceTypeGenerator,createProperty,2,0,0.0,1,1.0,0,1,1,0,3,0,2,0,0.0,0,0,0,5,0.0,0,3.5,2,0,0.0,0,0.0,0.7777777777777778,47,36,0.25,9,0,0,0,0,10,1,0,0,0,0,0,0,0,0,0,11,0.8055555555555556,11,1.2222222222222223,9,0,0,0,6,3,0,6,3,1,0,0,0,0,0,9,9,17,543,479,10,0,1,71,1.3333333333333333,43,4,973,56,127,18,13626
2025-07-05,argo,dev.icerock.gradle.generator.container,AppleContainerGenerator,getImports,1,0,0.0,1,1.0,0,1,1,0,3,0,1,0,0.0,0,0,0,4,0.0,0,3.0,0,0,0.0,0,0.0,0.5,9,3,0.0,2,0,2,1,0,3,1,0,0,0,0,0,0,0,0,0,2,1.0,2,1.0,2,2,0,0,2,0,0,2,0,1,0,0,0,0,0,2,2,17,543,479,4,0,1,5,1.0,3,0,96,56,127,5,13626
2025-07-05,argo,dev.icerock.gradle.generator.container,AppleContainerGenerator,generateBeforeTypes,1,0,0.0,1,1.0,0,1,1,0,3,0,1,0,0.0,0,0,1,1,0.0,1,2.0,2,1,0.0,0,0.0,0.5,9,3,0.0,2,0,2,1,0,3,1,0,0,0,0,0,0,0,0,0,2,1.0,2,1.0,2,2,0,0,2,0,0,2,0,1,0,0,0,0,0,2,2,17,543,479,4,0,1,5,1.0,3,0,96,56,127,5,13626
2025-07-05,argo,dev.icerock.gradle.generator.container,JsContainerGenerator,generateAfterTypes,2,5,0.0,4,1.0,1,0,1,0,12,1,2,0,0.0,0,0,0,10,0.0,1,2.6666666666666665,1,0,0.0,0,0.0,1.0,14,12,0.0,1,0,1,1,0,1,0,0,0,0,0,0,0,0,0,0,2,0.0,2,2.0,1,1,0,0,1,0,0,1,0,1,0,0,0,0,0,1,1,17,543,479,4,0,0,10,2.0,3,0,96,56,127,5,13626
2025-07-05,argo,dev.icerock.gradle.generator.container,JvmContainerGenerator,getImports,1,0,0.0,1,1.0,1,1,1,0,3,0,1,0,0.0,0,0,0,2,0.0,0,3.0,0,0,0.0,0,0.0,0.0,9,3,0.0,2,0,2,1,0,3,1,0,0,0,0,0,0,0,0,0,2,1.0,2,1.0,2,2,0,0,2,0,0,2,0,1,0,0,0,0,0,2,2,17,543,479,4,0,1,3,1.0,3,0,96,56,127,5,13626
2025-07-05,argo,dev.icerock.gradle.generator.container,JvmContainerGenerator,generateBeforeTypes,1,0,0.0,1,1.0,1,1,1,0,3,0,1,0,0.0,0,0,1,1,0.0,1,2.0,2,1,0.0,0,0.0,0.0,9,3,0.0,2,0,2,1,0,3,1,0,0,0,0,0,0,0,0,0,2,1.0,2,1.0,2,2,0,0,2,0,0,2,0,1,0,0,0,0,0,2,2,17,543,479,4,0,1,3,1.0,3,0,96,56,127,5,13626
2025-07-05,argo,dev.icerock.gradle.generator.factory,AssetGeneratorFactory,create,1,0,1.0,1,1.0,0,0,1,0,3,0,1,2,0.0,1,0,0,9,0.0,0,2.125,0,0,0.0,0,0.0,1.0,9,6,0.5,2,0,0,0,0,2,0,0,0,0,0,0,0,0,0,0,2,1.0,2,1.0,2,0,0,0,1,1,0,1,2,1,0,0,0,0,0,2,2,17,543,479,7,0,0,10,1.0,14,0,582,56,127,14,13626
2025-07-05,argo,dev.icerock.gradle.generator.factory,AssetGeneratorFactory,createPlatformAssetGenerator,1,0,0.0,0,0.0,0,0,1,0,3,0,1,6,0.0,0,0,0,1,0.0,0,0.0,0,0,0.0,0,0.0,1.0,9,6,0.5,2,0,0,0,0,2,0,0,0,0,0,0,0,0,0,0,2,1.0,2,1.0,2,0,0,0,1,1,0,1,2,1,0,0,0,0,0,2,2,17,543,479,7,0,0,10,1.0,14,0,582,56,127,14,13626
2025-07-05,argo,dev.icerock.gradle.generator.factory,ColorGeneratorFactory,create,1,0,1.0,1,1.0,0,0,1,0,3,0,1,2,0.0,1,0,0,4,0.0,0,2.0,0,0,0.0,0,0.0,1.0,9,6,0.5,2,0,0,0,0,2,0,0,0,0,0,0,0,0,0,0,2,1.0,2,1.0,2,0,0,0,1,1,0,1,2,1,0,0,0,0,0,2,2,17,543,479,7,0,0,5,1.0,14,0,582,56,127,14,13626
2025-07-05,argo,dev.icerock.gradle.generator.factory,ColorGeneratorFactory,createPlatformColorGenerator,1,0,0.0,0,0.0,0,0,1,0,3,0,1,6,0.0,0,0,0,1,0.0,0,0.0,0,0,0.0,0,0.0,1.0,9,6,0.5,2,0,0,0,0,2,0,0,0,0,0,0,0,0,0,0,2,1.0,2,1.0,2,0,0,0,1,1,0,1,2,1,0,0,0,0,0,2,2,17,543,479,7,0,0,5,1.0,14,0,582,56,127,14,13626
2025-07-05,argo,dev.icerock.gradle.generator.factory,FileGeneratorFactory,create,1,0,1.0,1,1.0,0,0,1,0,3,0,1,2,0.0,1,0,0,9,0.0,0,2.125,0,0,0.0,0,0.0,1.0,9,6,0.5,2,0,0,0,0,2,0,0,0,0,0,0,0,0,0,0,2,1.0,2,1.0,2,0,0,0,1,1,0,1,2,1,0,0,0,0,0,2,2,17,543,479,7,0,0,10,1.0,14,0,582,56,127,14,13626
2025-07-05,argo,dev.icerock.gradle.generator.factory,FileGeneratorFactory,createPlatformFileGenerator,1,0,0.0,0,0.0,0,0,1,0,3,0,1,6,0.0,0,0,0,1,0.0,0,0.0,0,0,0.0,0,0.0,1.0,9,6,0.5,2,0,0,0,0,2,0,0,0,0,0,0,0,0,0,0,2,1.0,2,1.0,2,0,0,0,1,1,0,1,2,1,0,0,0,0,0,2,2,17,543,479,7,0,0,10,1.0,14,0,582,56,127,14,13626
2025-07-05,argo,dev.icerock.gradle.generator.factory,FontGeneratorFactory,create,1,0,1.0,1,1.0,0,0,1,0,3,0,1,2,0.0,1,0,0,5,0.0,0,2.0,0,0,0.0,0,0.0,1.0,9,6,0.5,2,0,0,0,0,2,0,0,0,0,0,0,0,0,0,0,2,1.0,2,1.0,2,0,0,0,1,1,0,1,2,1,0,0,0,0,0,2,2,17,543,479,7,0,0,6,1.0,14,0,582,56,127,14,13626
2025-07-05,argo,dev.icerock.gradle.generator.factory,FontGeneratorFactory,createPlatformFontGenerator,1,0,0.0,0,0.0,0,0,1,0,3,0,1,6,0.0,0,0,0,1,0.0,0,0.0,0,0,0.0,0,0.0,1.0,9,6,0.5,2,0,0,0,0,2,0,0,0,0,0,0,0,0,0,0,2,1.0,2,1.0,2,0,0,0,1,1,0,1,2,1,0,0,0,0,0,2,2,17,543,479,7,0,0,6,1.0,14,0,582,56,127,14,13626
2025-07-05,argo,dev.icerock.gradle.generator.factory,ImageGeneratorFactory,create,1,0,1.0,1,1.0,0,0,1,0,3,0,1,2,0.0,1,0,0,6,0.0,0,2.0,0,0,0.0,0,0.0,1.0,9,6,0.5,2,0,0,0,0,2,0,0,0,0,0,0,0,0,0,0,2,1.0,2,1.0,2,0,0,0,1,1,0,1,2,1,0,0,0,0,0,2,2,17,543,479,7,0,0,7,1.0,14,0,582,56,127,14,13626
2025-07-05,argo,dev.icerock.gradle.generator.factory,ImageGeneratorFactory,createPlatformImageGenerator,1,0,0.0,0,0.0,0,0,1,0,3,0,1,6,0.0,0,0,0,1,0.0,0,0.0,0,0,0.0,0,0.0,1.0,9,6,0.5,2,0,0,0,0,2,0,0,0,0,0,0,0,0,0,0,2,1.0,2,1.0,2,0,0,0,1,1,0,1,2,1,0,0,0,0,0,2,2,17,543,479,7,0,0,7,1.0,14,0,582,56,127,14,13626
2025-07-05,argo,dev.icerock.gradle.generator.factory,PluralGeneratorFactory,create,1,0,1.0,1,1.0,0,0,1,0,3,0,1,2,0.0,1,0,0,4,0.0,0,2.0,0,0,0.0,0,0.0,1.0,9,6,0.5,2,0,0,0,0,2,0,0,0,0,0,0,0,0,0,0,2,1.0,2,1.0,2,0,0,0,1,1,0,1,2,1,0,0,0,0,0,2,2,17,543,479,7,0,0,5,1.0,14,0,582,56,127,14,13626
2025-07-05,argo,dev.icerock.gradle.generator.factory,PluralGeneratorFactory,createPlatformPluralGenerator,1,0,0.0,1,1.0,0,0,1,0,3,0,1,6,0.0,0,0,0,1,0.0,1,2.0,0,0,0.0,0,0.0,1.0,9,6,0.5,2,0,0,0,0,2,0,0,0,0,0,0,0,0,0,0,2,1.0,2,1.0,2,0,0,0,1,1,0,1,2,1,0,0,0,0,0,2,2,17,543,479,7,0,0,5,1.0,14,0,582,56,127,14,13626
2025-07-05,argo,dev.icerock.gradle.generator.factory,StringGeneratorFactory,create,1,0,1.0,1,1.0,0,0,1,0,3,0,1,2,0.0,1,0,0,4,0.0,0,2.0,0,0,0.0,0,0.0,1.0,9,6,0.5,2,0,0,0,0,2,0,0,0,0,0,0,0,0,0,0,2,1.0,2,1.0,2,0,0,0,1,1,0,1,2,1,0,0,0,0,0,2,2,17,543,479,7,0,0,5,1.0,14,0,582,56,127,14,13626
2025-07-05,argo,dev.icerock.gradle.generator.factory,StringGeneratorFactory,createPlatformStringGenerator,1,0,0.0,1,1.0,0,0,1,0,3,0,1,6,0.0,0,0,0,1,0.0,1,2.0,0,0,0.0,0,0.0,1.0,9,6,0.5,2,0,0,0,0,2,0,0,0,0,0,0,0,0,0,0,2,1.0,2,1.0,2,0,0,0,1,1,0,1,2,1,0,0,0,0,0,2,2,17,543,479,7,0,0,5,1.0,14,0,582,56,127,14,13626
2025-07-05,argo,dev.icerock.gradle.generator.platform.apple,LoadableBundle,write,1,0,1.0,1,1.0,0,0,1,0,6,0,1,2,1.0,1,3,1,3,3.0,1,2.0,0,1,0.0,0,0.0,0.5,33,22,0.5,2,4,0,0,4,0,5,0,0,0,4,4,0,0,0,0,2,1.0,2,1.0,2,0,4,0,1,1,0,1,0,1,0,0,0,0,0,2,2,17,543,479,1,0,1,5,1.0,5,0,313,56,127,2,13626
2025-07-05,argo,dev.icerock.gradle.generator.platform.apple,LoadableBundle,writeInfoPList,1,0,0.0,1,1.0,0,0,1,0,16,0,1,0,1.0,0,1,0,2,1.0,0,2.6,0,0,0.0,0,0.0,0.5,33,22,0.5,2,4,0,0,4,0,5,0,0,0,4,4,0,0,0,0,2,1.0,2,1.0,2,0,4,0,1,1,0,1,0,1,0,0,0,0,0,2,2,17,543,479,1,0,1,5,1.0,5,0,313,56,127,2,13626
2025-07-05,argo,dev.icerock.gradle.generator.resources,NOPResourceGenerator,imports,1,0,0.0,0,0.0,0,0,1,0,3,0,1,0,0.0,0,0,1,1,0.0,0,0.0,0,1,0.0,0,0.0,0.0,13,9,0.0,3,0,3,1,0,4,1,0,0,0,0,0,0,0,0,0,3,0.0,3,1.0,3,3,0,0,3,0,0,3,0,1,0,0,0,0,0,3,3,17,543,479,1,0,3,3,1.0,3,0,26,56,127,3,13626
2025-07-05,argo,dev.icerock.gradle.generator.resources,NOPResourceGenerator,generateResourceFiles,1,0,0.0,0,0.0,0,0,1,0,3,0,1,0,0.0,0,0,1,1,0.0,0,0.0,1,1,0.0,0,0.0,0.0,13,9,0.0,3,0,3,1,0,4,1,0,0,0,0,0,0,0,0,0,3,0.0,3,1.0,3,3,0,0,3,0,0,3,0,1,0,0,0,0,0,3,3,17,543,479,1,0,3,3,1.0,3,0,26,56,127,3,13626
2025-07-05,argo,dev.icerock.gradle.generator.resources,NOPResourceGenerator,generateInitializer,1,0,0.0,0,0.0,0,0,1,0,3,0,1,0,0.0,0,0,1,1,0.0,0,0.0,1,1,0.0,0,0.0,0.0,13,9,0.0,3,0,3,1,0,4,1,0,0,0,0,0,0,0,0,0,3,0.0,3,1.0,3,3,0,0,3,0,0,3,0,1,0,0,0,0,0,3,3,17,543,479,1,0,3,3,1.0,3,0,26,56,127,3,13626
2025-07-05,argo,dev.icerock.gradle.generator.resources.asset,AndroidAssetResourceGenerator,imports,1,0,0.0,0,0.0,0,0,1,0,1,0,1,0,0.0,0,0,0,1,0.0,0,0.0,0,0,0.0,0,0.0,0.8,19,13,0.0,5,0,5,1,0,6,2,0,0,0,0,0,0,0,0,0,5,0.9,5,1.0,5,5,0,0,5,0,0,5,0,1,0,0,0,0,0,5,5,17,543,479,5,0,3,12,1.0,24,0,299,56,127,24,13626
2025-07-05,argo,dev.icerock.gradle.generator.resources.asset,AndroidAssetResourceGenerator,generateInitializer,1,0,0.0,1,1.0,0,0,1,0,3,0,1,0,0.0,0,0,0,3,0.0,0,2.5,1,0,0.0,0,0.0,0.8,19,13,0.0,5,0,5,1,0,6,2,0,0,0,0,0,0,0,0,0,5,0.9,5,1.0,5,5,0,0,5,0,0,5,0,1,0,0,0,0,0,5,5,17,543,479,5,0,3,12,1.0,24,0,299,56,127,24,13626
2025-07-05,argo,dev.icerock.gradle.generator.resources.asset,AndroidAssetResourceGenerator,generateBeforeProperties,1,0,0.0,1,1.0,0,0,1,0,3,0,1,0,0.0,0,0,1,1,0.0,1,2.0,3,1,0.0,0,0.0,0.8,19,13,0.0,5,0,5,1,0,6,2,0,0,0,0,0,0,0,0,0,5,0.9,5,1.0,5,5,0,0,5,0,0,5,0,1,0,0,0,0,0,5,5,17,543,479,5,0,3,12,1.0,24,0,299,56,127,24,13626
2025-07-05,argo,dev.icerock.gradle.generator.resources.asset,AndroidAssetResourceGenerator,generateAfterProperties,1,0,0.0,1,1.0,0,0,1,0,3,0,1,0,0.0,0,0,1,2,0.0,0,2.0,3,1,0.0,0,0.0,0.8,19,13,0.0,5,0,5,1,0,6,2,0,0,0,0,0,0,0,0,0,5,0.9,5,1.0,5,5,0,0,5,0,0,5,0,1,0,0,0,0,0,5,5,17,543,479,5,0,3,12,1.0,24,0,299,56,127,24,13626
2025-07-05,argo,dev.icerock.gradle.generator.resources.asset,AndroidAssetResourceGenerator,generateResourceFiles,1,0,0.0,1,1.0,0,0,1,0,3,0,1,0,0.0,0,0,1,5,0.0,0,2.6666666666666665,1,1,0.0,0,0.0,0.8,19,13,0.0,5,0,5,1,0,6,2,0,0,0,0,0,0,0,0,0,5,0.9,5,1.0,5,5,0,0,5,0,0,5,0,1,0,0,0,0,0,5,5,17,543,479,5,0,3,12,1.0,24,0,299,56,127,24,13626
2025-07-05,argo,dev.icerock.gradle.generator.resources.asset,AppleAssetResourceGenerator,imports,1,0,0.0,0,0.0,0,0,1,0,1,0,1,0,0.0,0,0,0,1,0.0,0,0.0,0,0,0.0,0,0.0,0.8333333333333334,30,19,0.3333333333333333,6,0,5,1,0,7,2,0,0,0,0,1,1,1,0,0,6,0.9333333333333333,6,1.0,6,5,0,0,5,1,0,5,0,1,0,0,0,0,0,6,6,17,543,479,5,0,3,19,1.0,24,0,299,56,127,24,13626
2025-07-05,argo,dev.icerock.gradle.generator.resources.asset,AppleAssetResourceGenerator,generateInitializer,1,0,1.0,1,1.0,0,0,1,0,3,0,1,1,0.0,1,0,0,9,0.0,0,2.8,1,0,0.0,0,0.0,0.8333333333333334,30,19,0.3333333333333333,6,0,5,1,0,7,2,0,0,0,0,1,1,1,0,0,6,0.9333333333333333,6,1.0,6,5,0,0,5,1,0,5,0,1,0,0,0,0,0,6,6,17,543,479,5,0,3,19,1.0,24,0,299,56,127,24,13626
2025-07-05,argo,dev.icerock.gradle.generator.resources.asset,AppleAssetResourceGenerator,generateResourceFiles,1,1,1.0,1,1.0,0,0,1,0,6,0,1,1,0.0,1,0,1,3,0.0,0,2.5,1,1,0.0,0,0.0,0.8333333333333334,30,19,0.3333333333333333,6,0,5,1,0,7,2,0,0,0,0,1,1,1,0,0,6,0.9333333333333333,6,1.0,6,5,0,0,5,1,0,5,0,1,0,0,0,0,0,6,6,17,543,479,5,0,3,19,1.0,24,0,299,56,127,24,13626
2025-07-05,argo,dev.icerock.gradle.generator.resources.asset,AppleAssetResourceGenerator,processedFilePath,1,0,0.0,1,1.0,0,0,1,0,3,0,1,0,0.0,0,0,0,3,0.0,0,4.0,1,0,0.0,0,0.0,0.8333333333333334,30,19,0.3333333333333333,6,0,5,1,0,7,2,0,0,0,0,1,1,1,0,0,6,0.9333333333333333,6,1.0,6,5,0,0,5,1,0,5,0,1,0,0,0,0,0,6,6,17,543,479,5,0,3,19,1.0,24,0,299,56,127,24,13626
2025-07-05,argo,dev.icerock.gradle.generator.resources.asset,AppleAssetResourceGenerator,generateBeforeProperties,1,0,0.0,1,1.0,0,0,1,0,3,0,1,0,0.0,0,0,1,1,0.0,1,2.0,3,1,0.0,0,0.0,0.8333333333333334,30,19,0.3333333333333333,6,0,5,1,0,7,2,0,0,0,0,1,1,1,0,0,6,0.9333333333333333,6,1.0,6,5,0,0,5,1,0,5,0,1,0,0,0,0,0,6,6,17,543,479,5,0,3,19,1.0,24,0,299,56,127,24,13626
2025-07-05,argo,dev.icerock.gradle.generator.resources.asset,AppleAssetResourceGenerator,generateAfterProperties,1,0,0.0,1,1.0,0,0,1,0,3,0,1,0,0.0,0,0,1,2,0.0,0,2.0,3,1,0.0,0,0.0,0.8333333333333334,30,19,0.3333333333333333,6,0,5,1,0,7,2,0,0,0,0,1,1,1,0,0,6,0.9333333333333333,6,1.0,6,5,0,0,5,1,0,5,0,1,0,0,0,0,0,6,6,17,543,479,5,0,3,19,1.0,24,0,299,56,127,24,13626
2025-07-05,argo,dev.icerock.gradle.generator.resources.asset,AssetResourceGenerator,generateMetadata,1,0,0.0,1,1.0,0,0,1,0,3,0,1,0,0.0,0,0,0,6,0.0,0,2.5,1,0,0.0,0,0.0,0.5,9,6,0.0,2,0,2,1,0,4,0,0,0,0,0,0,0,0,0,0,2,1.0,2,1.0,2,2,0,0,2,0,0,2,0,1,0,0,0,0,0,2,2,17,543,479,5,0,0,9,1.0,24,0,299,56,127,24,13626
2025-07-05,argo,dev.icerock.gradle.generator.resources.asset,AssetResourceGenerator,generateProperty,1,0,0.0,1,1.0,0,0,1,0,3,0,1,0,0.0,0,0,0,3,0.0,0,2.5,1,0,0.0,0,0.0,0.5,9,6,0.0,2,0,2,1,0,4,0,0,0,0,0,0,0,0,0,0,2,1.0,2,1.0,2,2,0,0,2,0,0,2,0,1,0,0,0,0,0,2,2,17,543,479,5,0,0,9,1.0,24,0,299,56,127,24,13626
2025-07-05,argo,dev.icerock.gradle.generator.resources.asset,JsAssetResourceGenerator,imports,1,0,0.0,0,0.0,0,0,1,0,1,0,1,0,0.0,0,0,0,1,0.0,0,0.0,0,0,0.0,0,0.0,0.8,27,17,0.0,5,0,5,1,0,6,3,0,0,0,0,1,1,1,0,0,5,0.9,5,1.0,5,5,0,0,5,0,0,5,0,1,0,0,0,0,0,5,5,17,543,479,5,0,4,17,1.0,24,0,299,56,127,24,13626
2025-07-05,argo,dev.icerock.gradle.generator.resources.asset,JsAssetResourceGenerator,generateInitializer,1,2,0.0,3,1.0,0,0,1,0,5,0,1,0,0.0,0,0,0,6,0.0,0,2.75,1,0,0.0,0,0.0,0.8,27,17,0.0,5,0,5,1,0,6,3,0,0,0,0,1,1,1,0,0,5,0.9,5,1.0,5,5,0,0,5,0,0,5,0,1,0,0,0,0,0,5,5,17,543,479,5,0,4,17,1.0,24,0,299,56,127,24,13626
2025-07-05,argo,dev.icerock.gradle.generator.resources.asset,JsAssetResourceGenerator,generateBeforeProperties,1,0,0.0,1,1.0,0,0,1,0,3,0,1,0,0.0,0,0,1,1,0.0,1,2.0,3,1,0.0,0,0.0,0.8,27,17,0.0,5,0,5,1,0,6,3,0,0,0,0,1,1,1,0,0,5,0.9,5,1.0,5,5,0,0,5,0,0,5,0,1,0,0,0,0,0,5,5,17,543,479,5,0,4,17,1.0,24,0,299,56,127,24,13626
2025-07-05,argo,dev.icerock.gradle.generator.resources.asset,JsAssetResourceGenerator,generateResourceFiles,1,1,0.0,2,1.0,0,0,1,0,5,0,1,0,0.0,0,0,2,7,0.0,1,2.5,1,2,0.0,0,0.0,0.8,27,17,0.0,5,0,5,1,0,6,3,0,0,0,0,1,1,1,0,0,5,0.9,5,1.0,5,5,0,0,5,0,0,5,0,1,0,0,0,0,0,5,5,17,543,479,5,0,4,17,1.0,24,0,299,56,127,24,13626
2025-07-05,argo,dev.icerock.gradle.generator.resources.asset,JsAssetResourceGenerator,generateAfterProperties,1,0,0.0,1,1.0,0,0,1,0,3,0,1,0,0.0,0,0,1,2,0.0,0,2.0,3,1,0.0,0,0.0,0.8,27,17,0.0,5,0,5,1,0,6,3,0,0,0,0,1,1,1,0,0,5,0.9,5,1.0,5,5,0,0,5,0,0,5,0,1,0,0,0,0,0,5,5,17,543,479,5,0,4,17,1.0,24,0,299,56,127,24,13626
2025-07-05,argo,dev.icerock.gradle.generator.resources.asset,JvmAssetResourceGenerator,imports,1,0,0.0,0,0.0,0,0,1,0,1,0,1,0,0.0,0,0,0,1,0.0,0,0.0,0,0,0.0,0,0.0,0.8333333333333334,27,16,0.3333333333333333,6,0,5,1,0,7,2,0,0,0,0,1,1,1,0,0,6,0.9333333333333333,6,1.0,6,5,0,0,5,1,0,5,1,1,0,0,0,0,0,6,6,17,543,479,5,0,3,17,1.0,24,0,299,56,127,24,13626
2025-07-05,argo,dev.icerock.gradle.generator.resources.asset,JvmAssetResourceGenerator,generateInitializer,1,0,1.0,1,1.0,0,0,1,0,3,0,1,1,0.0,1,0,0,6,0.0,0,3.0,1,0,0.0,0,0.0,0.8333333333333334,27,16,0.3333333333333333,6,0,5,1,0,7,2,0,0,0,0,1,1,1,0,0,6,0.9333333333333333,6,1.0,6,5,0,0,5,1,0,5,1,1,0,0,0,0,0,6,6,17,543,479,5,0,3,17,1.0,24,0,299,56,127,24,13626
2025-07-05,argo,dev.icerock.gradle.generator.resources.asset,JvmAssetResourceGenerator,generateResourceFiles,1,0,1.0,1,1.0,0,0,1,0,3,0,1,1,0.0,1,0,1,3,0.0,0,2.5,1,1,0.0,0,0.0,0.8333333333333334,27,16,0.3333333333333333,6,0,5,1,0,7,2,0,0,0,0,1,1,1,0,0,6,0.9333333333333333,6,1.0,6,5,0,0,5,1,0,5,1,1,0,0,0,0,0,6,6,17,543,479,5,0,3,17,1.0,24,0,299,56,127,24,13626
2025-07-05,argo,dev.icerock.gradle.generator.resources.asset,JvmAssetResourceGenerator,generateBeforeProperties,1,0,0.0,1,1.0,0,0,1,0,3,0,1,0,0.0,0,0,1,1,0.0,1,2.0,3,1,0.0,0,0.0,0.8333333333333334,27,16,0.3333333333333333,6,0,5,1,0,7,2,0,0,0,0,1,1,1,0,0,6,0.9333333333333333,6,1.0,6,5,0,0,5,1,0,5,1,1,0,0,0,0,0,6,6,17,543,479,5,0,3,17,1.0,24,0,299,56,127,24,13626
2025-07-05,argo,dev.icerock.gradle.generator.resources.asset,JvmAssetResourceGenerator,generateAfterProperties,1,0,0.0,1,1.0,0,0,1,0,3,0,1,0,0.0,0,0,1,2,0.0,0,2.0,3,1,0.0,0,0.0,0.8333333333333334,27,16,0.3333333333333333,6,0,5,1,0,7,2,0,0,0,0,1,1,1,0,0,6,0.9333333333333333,6,1.0,6,5,0,0,5,1,0,5,1,1,0,0,0,0,0,6,6,17,543,479,5,0,3,17,1.0,24,0,299,56,127,24,13626
2025-07-05,argo,dev.icerock.gradle.generator.resources.asset,JvmAssetResourceGenerator,buildAssetPath,1,0,0.0,1,1.0,0,0,1,0,3,0,1,0,0.0,0,0,0,4,0.0,0,5.0,1,0,0.0,0,0.0,0.8333333333333334,27,16,0.3333333333333333,6,0,5,1,0,7,2,0,0,0,0,1,1,1,0,0,6,0.9333333333333333,6,1.0,6,5,0,0,5,1,0,5,1,1,0,0,0,0,0,6,6,17,543,479,5,0,3,17,1.0,24,0,299,56,127,24,13626
2025-07-05,argo,dev.icerock.gradle.generator.resources.color,AndroidColorResourceGenerator,imports,1,0,0.0,0,0.0,0,0,1,0,1,0,1,0,0.0,0,0,0,1,0.0,0,0.0,0,0,0.0,0,0.0,0.8333333333333334,54,43,0.16666666666666666,6,0,5,1,0,8,5,0,0,0,0,1,1,1,0,0,6,0.8666666666666667,6,1.0,6,5,0,0,5,1,0,5,1,1,0,0,0,0,0,6,6,17,543,479,5,0,6,38,1.1666666666666667,30,0,525,56,127,29,13626
2025-07-05,argo,dev.icerock.gradle.generator.resources.color,AndroidColorResourceGenerator,generateInitializer,1,0,0.0,1,1.0,0,0,1,0,3,0,1,0,0.0,0,0,0,4,0.0,0,3.0,1,0,0.0,0,0.0,0.8333333333333334,54,43,0.16666666666666666,6,0,5,1,0,8,5,0,0,0,0,1,1,1,0,0,6,0.8666666666666667,6,1.0,6,5,0,0,5,1,0,5,1,1,0,0,0,0,0,6,6,17,543,479,5,0,6,38,1.1666666666666667,30,0,525,56,127,29,13626
2025-07-05,argo,dev.icerock.gradle.generator.resources.color,AndroidColorResourceGenerator,generateBeforeProperties,1,0,0.0,1,1.0,0,0,1,0,3,0,1,0,0.0,0,0,1,1,0.0,1,2.0,3,1,0.0,0,0.0,0.8333333333333334,54,43,0.16666666666666666,6,0,5,1,0,8,5,0,0,0,0,1,1,1,0,0,6,0.8666666666666667,6,1.0,6,5,0,0,5,1,0,5,1,1,0,0,0,0,0,6,6,17,543,479,5,0,6,38,1.1666666666666667,30,0,525,56,127,29,13626
2025-07-05,argo,dev.icerock.gradle.generator.resources.color,AndroidColorResourceGenerator,generateAfterProperties,1,0,0.0,1,1.0,0,0,1,0,3,0,1,0,0.0,0,0,1,2,0.0,0,2.0,3,1,0.0,0,0.0,0.8333333333333334,54,43,0.16666666666666666,6,0,5,1,0,8,5,0,0,0,0,1,1,1,0,0,6,0.8666666666666667,6,1.0,6,5,0,0,5,1,0,5,1,1,0,0,0,0,0,6,6,17,543,479,5,0,6,38,1.1666666666666667,30,0,525,56,127,29,13626
2025-07-05,argo,dev.icerock.gradle.generator.resources.color,AndroidColorResourceGenerator,generateResourceFiles,2,9,1.0,8,0.8333,0,0,1,0,29,0,2,3,0.0,1,0,4,29,0.0,1,2.25,1,4,0.0,0,0.0,0.8333333333333334,54,43,0.16666666666666666,6,0,5,1,0,8,5,0,0,0,0,1,1,1,0,0,6,0.8666666666666667,6,1.0,6,5,0,0,5,1,0,5,1,1,0,0,0,0,0,6,6,17,543,479,5,0,6,38,1.1666666666666667,30,0,525,56,127,29,13626
2025-07-05,argo,dev.icerock.gradle.generator.resources.color,AndroidColorResourceGenerator,buildColorString,1,1,0.0,1,1.0,0,0,1,0,4,0,1,0,0.0,0,0,0,1,0.0,1,2.0,2,0,0.0,0,0.0,0.8333333333333334,54,43,0.16666666666666666,6,0,5,1,0,8,5,0,0,0,0,1,1,1,0,0,6,0.8666666666666667,6,1.0,6,5,0,0,5,1,0,5,1,1,0,0,0,0,0,6,6,17,543,479,5,0,6,38,1.1666666666666667,30,0,525,56,127,29,13626
2025-07-05,argo,dev.icerock.gradle.generator.resources.color,AppleColorResourceGenerator,imports,1,0,0.0,0,0.0,0,0,1,0,1,0,1,0,0.0,0,0,0,1,0.0,0,0.0,0,0,0.0,0,0.0,0.625,74,65,0.375,8,0,5,1,0,9,2,0,0,0,0,0,0,0,0,0,8,0.7857142857142857,8,1.0,8,5,0,0,5,3,0,5,3,1,0,0,0,0,0,8,8,17,543,479,5,0,3,34,1.125,30,0,525,56,127,29,13626
2025-07-05,argo,dev.icerock.gradle.generator.resources.color,AppleColorResourceGenerator,generateInitializer,1,0,0.0,1,1.0,0,0,1,0,3,0,1,0,0.0,0,0,0,4,0.0,0,2.3333333333333335,1,0,0.0,0,0.0,0.625,74,65,0.375,8,0,5,1,0,9,2,0,0,0,0,0,0,0,0,0,8,0.7857142857142857,8,1.0,8,5,0,0,5,3,0,5,3,1,0,0,0,0,0,8,8,17,543,479,5,0,3,34,1.125,30,0,525,56,127,29,13626
2025-07-05,argo,dev.icerock.gradle.generator.resources.color,AppleColorResourceGenerator,generateResourceFiles,2,8,2.0,8,0.9091,0,0,1,0,32,0,2,3,0.0,2,0,1,18,0.0,1,2.642857142857143,1,1,0.0,0,0.0,0.625,74,65,0.375,8,0,5,1,0,9,2,0,0,0,0,0,0,0,0,0,8,0.7857142857142857,8,1.0,8,5,0,0,5,3,0,5,3,1,0,0,0,0,0,8,8,17,543,479,5,0,3,34,1.125,30,0,525,56,127,29,13626
2025-07-05,argo,dev.icerock.gradle.generator.resources.color,AppleColorResourceGenerator,generateBeforeProperties,1,0,0.0,1,1.0,0,0,1,0,3,0,1,0,0.0,0,0,1,1,0.0,1,2.0,3,1,0.0,0,0.0,0.625,74,65,0.375,8,0,5,1,0,9,2,0,0,0,0,0,0,0,0,0,8,0.7857142857142857,8,1.0,8,5,0,0,5,3,0,5,3,1,0,0,0,0,0,8,8,17,543,479,5,0,3,34,1.125,30,0,525,56,127,29,13626
2025-07-05,argo,dev.icerock.gradle.generator.resources.color,AppleColorResourceGenerator,generateAfterProperties,1,0,0.0,1,1.0,0,0,1,0,3,0,1,0,0.0,0,0,1,2,0.0,0,2.0,3,1,0.0,0,0.0,0.625,74,65,0.375,8,0,5,1,0,9,2,0,0,0,0,0,0,0,0,0,8,0.7857142857142857,8,1.0,8,5,0,0,5,3,0,5,3,1,0,0,0,0,0,8,8,17,543,479,5,0,3,34,1.125,30,0,525,56,127,29,13626
2025-07-05,argo,dev.icerock.gradle.generator.resources.color,AppleColorResourceGenerator,buildAppearancesIdiomJson,1,0,1.0,0,0.0,0,0,1,0,10,0,1,1,0.0,1,0,0,1,0.0,0,0.0,2,0,0.0,0,0.0,0.625,74,65,0.375,8,0,5,1,0,9,2,0,0,0,0,0,0,0,0,0,8,0.7857142857142857,8,1.0,8,5,0,0,5,3,0,5,3,1,0,0,0,0,0,8,8,17,543,479,5,0,3,34,1.125,30,0,525,56,127,29,13626
2025-07-05,argo,dev.icerock.gradle.generator.resources.color,AppleColorResourceGenerator,buildColorIdiomJson,1,0,1.0,0,0.0,0,0,1,0,4,0,1,1,0.0,1,0,0,1,0.0,0,0.0,1,0,0.0,0,0.0,0.625,74,65,0.375,8,0,5,1,0,9,2,0,0,0,0,0,0,0,0,0,8,0.7857142857142857,8,1.0,8,5,0,0,5,3,0,5,3,1,0,0,0,0,0,8,8,17,543,479,5,0,3,34,1.125,30,0,525,56,127,29,13626
2025-07-05,argo,dev.icerock.gradle.generator.resources.color,AppleColorResourceGenerator,buildColorJson,1,0,0.0,4,1.0,0,0,1,0,9,0,1,0,0.0,0,0,0,6,0.0,0,2.0,1,0,0.0,0,0.0,0.625,74,65,0.375,8,0,5,1,0,9,2,0,0,0,0,0,0,0,0,0,8,0.7857142857142857,8,1.0,8,5,0,0,5,3,0,5,3,1,0,0,0,0,0,8,8,17,543,479,5,0,3,34,1.125,30,0,525,56,127,29,13626
2025-07-05,argo,dev.icerock.gradle.generator.resources.color,ColorResourceGenerator,generateMetadata,4,8,1.0,7,1.0,1,0,1,0,16,1,4,1,0.0,1,0,1,10,0.0,1,2.0,1,1,0.0,0,0.0,0.8,87,69,0.4,5,0,2,1,0,8,1,0,0,0,0,5,5,5,0,0,9,0.8,9,1.8,5,2,0,0,2,3,0,2,1,1,0,0,0,0,0,5,5,17,543,479,5,0,1,41,4.4,30,0,525,56,127,29,13626
2025-07-05,argo,dev.icerock.gradle.generator.resources.color,ColorResourceGenerator,readColorValue,9,7,2.0,7,1.0,1,0,1,0,28,2,9,0,0.0,2,0,0,18,0.0,1,2.6,2,0,0.0,0,0.0,0.8,87,69,0.4,5,0,2,1,0,8,1,0,0,0,0,5,5,5,0,0,9,0.8,9,1.8,5,2,0,0,2,3,0,2,1,1,0,0,0,0,0,5,5,17,543,479,5,0,1,41,4.4,30,0,525,56,127,29,13626
2025-07-05,argo,dev.icerock.gradle.generator.resources.color,ColorResourceGenerator,generateProperty,1,0,0.0,1,1.0,1,0,1,0,3,0,1,0,0.0,0,0,0,3,0.0,0,2.5,1,0,0.0,0,0.0,0.8,87,69,0.4,5,0,2,1,0,8,1,0,0,0,0,5,5,5,0,0,9,0.8,9,1.8,5,2,0,0,2,3,0,2,1,1,0,0,0,0,0,5,5,17,543,479,5,0,1,41,4.4,30,0,525,56,127,29,13626
2025-07-05,argo,dev.icerock.gradle.generator.resources.color,ColorResourceGenerator,parseColor,5,3,0.0,4,1.0,1,0,1,0,14,0,5,1,0.0,1,0,0,6,0.0,2,2.25,1,0,0.0,0,0.0,0.8,87,69,0.4,5,0,2,1,0,8,1,0,0,0,0,5,5,5,0,0,9,0.8,9,1.8,5,2,0,0,2,3,0,2,1,1,0,0,0,0,0,5,5,17,543,479,5,0,1,41,4.4,30,0,525,56,127,29,13626
2025-07-05,argo,dev.icerock.gradle.generator.resources.color,ColorResourceGenerator,toColor,3,1,0.0,3,1.0,1,0,1,0,8,0,3,0,0.0,0,0,0,4,0.0,5,2.0,0,0,0.0,0,0.0,0.8,87,69,0.4,5,0,2,1,0,8,1,0,0,0,0,5,5,5,0,0,9,0.8,9,1.8,5,2,0,0,2,3,0,2,1,1,0,0,0,0,0,5,5,17,543,479,5,0,1,41,4.4,30,0,525,56,127,29,13626
2025-07-05,argo,dev.icerock.gradle.generator.resources.color,JsColorResourceGenerator,imports,1,0,0.0,1,1.0,1,0,1,0,1,0,1,0,0.0,0,0,0,1,0.0,0,2.0,0,0,0.0,0,0.0,0.4,21,15,0.0,5,0,5,1,0,6,1,0,0,0,0,0,0,0,0,0,5,1.0,5,1.0,5,5,0,0,5,0,0,5,0,1,0,0,0,0,0,5,5,17,543,479,5,0,2,15,1.2,30,0,525,56,127,29,13626
2025-07-05,argo,dev.icerock.gradle.generator.resources.color,JsColorResourceGenerator,generateInitializer,1,0,0.0,0,0.0,1,0,1,0,3,0,1,0,0.0,0,0,0,1,0.0,0,0.0,1,0,0.0,0,0.0,0.4,21,15,0.0,5,0,5,1,0,6,1,0,0,0,0,0,0,0,0,0,5,1.0,5,1.0,5,5,0,0,5,0,0,5,0,1,0,0,0,0,0,5,5,17,543,479,5,0,2,15,1.2,30,0,525,56,127,29,13626
2025-07-05,argo,dev.icerock.gradle.generator.resources.color,JsColorResourceGenerator,generateResourceFiles,1,0,0.0,0,0.0,1,0,1,0,1,0,1,0,0.0,0,0,0,0,0.0,0,0.0,1,0,0.0,0,0.0,0.4,21,15,0.0,5,0,5,1,0,6,1,0,0,0,0,0,0,0,0,0,5,1.0,5,1.0,5,5,0,0,5,0,0,5,0,1,0,0,0,0,0,5,5,17,543,479,5,0,2,15,1.2,30,0,525,56,127,29,13626
2025-07-05,argo,dev.icerock.gradle.generator.resources.color,JsColorResourceGenerator,generateBeforeProperties,1,0,0.0,1,1.0,1,0,1,0,3,0,1,0,0.0,0,0,1,1,0.0,1,2.0,3,1,0.0,0,0.0,0.4,21,15,0.0,5,0,5,1,0,6,1,0,0,0,0,0,0,0,0,0,5,1.0,5,1.0,5,5,0,0,5,0,0,5,0,1,0,0,0,0,0,5,5,17,543,479,5,0,2,15,1.2,30,0,525,56,127,29,13626
2025-07-05,argo,dev.icerock.gradle.generator.resources.color,JsColorResourceGenerator,generateAfterProperties,2,2,0.0,3,1.0,1,0,1,0,7,0,2,0,0.0,0,0,1,12,0.0,2,2.75,3,1,0.0,0,0.0,0.4,21,15,0.0,5,0,5,1,0,6,1,0,0,0,0,0,0,0,0,0,5,1.0,5,1.0,5,5,0,0,5,0,0,5,0,1,0,0,0,0,0,5,5,17,543,479,5,0,2,15,1.2,30,0,525,56,127,29,13626
2025-07-05,argo,dev.icerock.gradle.generator.resources.color,JvmColorResourceGenerator,imports,1,0,0.0,1,1.0,1,0,1,0,1,0,1,0,0.0,0,0,0,1,0.0,0,2.0,0,0,0.0,0,0.0,0.4,17,11,0.0,5,0,5,1,0,6,1,0,0,0,0,0,0,0,0,0,5,1.0,5,1.0,5,5,0,0,5,0,0,5,0,1,0,0,0,0,0,5,5,17,543,479,5,0,2,5,1.0,30,0,525,56,127,29,13626
2025-07-05,argo,dev.icerock.gradle.generator.resources.color,JvmColorResourceGenerator,generateInitializer,1,0,0.0,0,0.0,1,0,1,0,3,0,1,0,0.0,0,0,0,1,0.0,0,0.0,1,0,0.0,0,0.0,0.4,17,11,0.0,5,0,5,1,0,6,1,0,0,0,0,0,0,0,0,0,5,1.0,5,1.0,5,5,0,0,5,0,0,5,0,1,0,0,0,0,0,5,5,17,543,479,5,0,2,5,1.0,30,0,525,56,127,29,13626
2025-07-05,argo,dev.icerock.gradle.generator.resources.color,JvmColorResourceGenerator,generateResourceFiles,1,0,0.0,0,0.0,1,0,1,0,1,0,1,0,0.0,0,0,0,0,0.0,0,0.0,1,0,0.0,0,0.0,0.4,17,11,0.0,5,0,5,1,0,6,1,0,0,0,0,0,0,0,0,0,5,1.0,5,1.0,5,5,0,0,5,0,0,5,0,1,0,0,0,0,0,5,5,17,543,479,5,0,2,5,1.0,30,0,525,56,127,29,13626
2025-07-05,argo,dev.icerock.gradle.generator.resources.color,JvmColorResourceGenerator,generateBeforeProperties,1,0,0.0,1,1.0,1,0,1,0,3,0,1,0,0.0,0,0,1,1,0.0,1,2.0,3,1,0.0,0,0.0,0.4,17,11,0.0,5,0,5,1,0,6,1,0,0,0,0,0,0,0,0,0,5,1.0,5,1.0,5,5,0,0,5,0,0,5,0,1,0,0,0,0,0,5,5,17,543,479,5,0,2,5,1.0,30,0,525,56,127,29,13626
2025-07-05,argo,dev.icerock.gradle.generator.resources.color,JvmColorResourceGenerator,generateAfterProperties,1,0,0.0,1,1.0,1,0,1,0,3,0,1,0,0.0,0,0,1,2,0.0,0,2.0,3,1,0.0,0,0.0,0.4,17,11,0.0,5,0,5,1,0,6,1,0,0,0,0,0,0,0,0,0,5,1.0,5,1.0,5,5,0,0,5,0,0,5,0,1,0,0,0,0,0,5,5,17,543,479,5,0,2,5,1.0,30,0,525,56,127,29,13626
2025-07-05,argo,dev.icerock.gradle.generator.resources.file,AndroidFileResourceGenerator,imports,1,0,0.0,0,0.0,0,0,1,0,1,0,1,0,0.0,0,0,0,1,0.0,0,0.0,0,0,0.0,0,0.0,0.6666666666666666,26,19,0.3333333333333333,6,0,5,1,0,7,3,0,0,0,0,0,0,0,0,0,6,0.9333333333333333,6,1.0,6,5,0,0,5,1,0,5,0,1,0,0,0,0,0,6,6,17,543,479,5,0,4,17,1.0,23,0,288,56,127,23,13626
2025-07-05,argo,dev.icerock.gradle.generator.resources.file,AndroidFileResourceGenerator,generateInitializer,1,0,1.0,1,1.0,0,0,1,0,3,0,1,1,0.0,1,0,0,4,0.0,0,3.0,1,0,0.0,0,0.0,0.6666666666666666,26,19,0.3333333333333333,6,0,5,1,0,7,3,0,0,0,0,0,0,0,0,0,6,0.9333333333333333,6,1.0,6,5,0,0,5,1,0,5,0,1,0,0,0,0,0,6,6,17,543,479,5,0,4,17,1.0,23,0,288,56,127,23,13626
2025-07-05,argo,dev.icerock.gradle.generator.resources.file,AndroidFileResourceGenerator,generateBeforeProperties,1,0,0.0,1,1.0,0,0,1,0,3,0,1,0,0.0,0,0,1,1,0.0,1,2.0,3,1,0.0,0,0.0,0.6666666666666666,26,19,0.3333333333333333,6,0,5,1,0,7,3,0,0,0,0,0,0,0,0,0,6,0.9333333333333333,6,1.0,6,5,0,0,5,1,0,5,0,1,0,0,0,0,0,6,6,17,543,479,5,0,4,17,1.0,23,0,288,56,127,23,13626
2025-07-05,argo,dev.icerock.gradle.generator.resources.file,AndroidFileResourceGenerator,generateAfterProperties,1,0,0.0,1,1.0,0,0,1,0,3,0,1,0,0.0,0,0,1,2,0.0,0,2.0,3,1,0.0,0,0.0,0.6666666666666666,26,19,0.3333333333333333,6,0,5,1,0,7,3,0,0,0,0,0,0,0,0,0,6,0.9333333333333333,6,1.0,6,5,0,0,5,1,0,5,0,1,0,0,0,0,0,6,6,17,543,479,5,0,4,17,1.0,23,0,288,56,127,23,13626
2025-07-05,argo,dev.icerock.gradle.generator.resources.file,AndroidFileResourceGenerator,generateResourceFiles,1,2,1.0,3,1.0,0,0,1,0,8,0,1,1,0.0,1,0,2,7,0.0,1,2.3333333333333335,1,2,0.0,0,0.0,0.6666666666666666,26,19,0.3333333333333333,6,0,5,1,0,7,3,0,0,0,0,0,0,0,0,0,6,0.9333333333333333,6,1.0,6,5,0,0,5,1,0,5,0,1,0,0,0,0,0,6,6,17,543,479,5,0,4,17,1.0,23,0,288,56,127,23,13626
2025-07-05,argo,dev.icerock.gradle.generator.resources.file,AndroidFileResourceGenerator,keyToResourceId,1,0,0.0,1,1.0,0,0,1,0,1,0,1,0,0.0,0,0,0,2,0.0,0,3.0,1,0,0.0,0,0.0,0.6666666666666666,26,19,0.3333333333333333,6,0,5,1,0,7,3,0,0,0,0,0,0,0,0,0,6,0.9333333333333333,6,1.0,6,5,0,0,5,1,0,5,0,1,0,0,0,0,0,6,6,17,543,479,5,0,4,17,1.0,23,0,288,56,127,23,13626
2025-07-05,argo,dev.icerock.gradle.generator.resources.file,AppleFileResourceGenerator,imports,1,0,0.0,0,0.0,0,0,1,0,1,0,1,0,0.0,0,0,0,1,0.0,0,0.0,0,0,0.0,0,0.0,0.8,21,15,0.0,5,0,5,1,0,6,3,0,0,0,0,0,0,0,0,0,5,0.9,5,1.0,5,5,0,0,5,0,0,5,0,1,0,0,0,0,0,5,5,17,543,479,5,0,4,16,1.0,23,0,288,56,127,23,13626
2025-07-05,argo,dev.icerock.gradle.generator.resources.file,AppleFileResourceGenerator,generateInitializer,1,0,0.0,1,1.0,0,0,1,0,3,0,1,0,0.0,0,0,0,6,0.0,0,2.75,1,0,0.0,0,0.0,0.8,21,15,0.0,5,0,5,1,0,6,3,0,0,0,0,0,0,0,0,0,5,0.9,5,1.0,5,5,0,0,5,0,0,5,0,1,0,0,0,0,0,5,5,17,543,479,5,0,4,16,1.0,23,0,288,56,127,23,13626
2025-07-05,argo,dev.icerock.gradle.generator.resources.file,AppleFileResourceGenerator,generateResourceFiles,1,1,0.0,2,1.0,0,0,1,0,5,0,1,0,0.0,0,0,2,6,0.0,1,2.5,1,2,0.0,0,0.0,0.8,21,15,0.0,5,0,5,1,0,6,3,0,0,0,0,0,0,0,0,0,5,0.9,5,1.0,5,5,0,0,5,0,0,5,0,1,0,0,0,0,0,5,5,17,543,479,5,0,4,16,1.0,23,0,288,56,127,23,13626
2025-07-05,argo,dev.icerock.gradle.generator.resources.file,AppleFileResourceGenerator,generateBeforeProperties,1,0,0.0,1,1.0,0,0,1,0,3,0,1,0,0.0,0,0,1,1,0.0,1,2.0,3,1,0.0,0,0.0,0.8,21,15,0.0,5,0,5,1,0,6,3,0,0,0,0,0,0,0,0,0,5,0.9,5,1.0,5,5,0,0,5,0,0,5,0,1,0,0,0,0,0,5,5,17,543,479,5,0,4,16,1.0,23,0,288,56,127,23,13626
2025-07-05,argo,dev.icerock.gradle.generator.resources.file,AppleFileResourceGenerator,generateAfterProperties,1,0,0.0,1,1.0,0,0,1,0,3,0,1,0,0.0,0,0,1,2,0.0,0,2.0,3,1,0.0,0,0.0,0.8,21,15,0.0,5,0,5,1,0,6,3,0,0,0,0,0,0,0,0,0,5,0.9,5,1.0,5,5,0,0,5,0,0,5,0,1,0,0,0,0,0,5,5,17,543,479,5,0,4,16,1.0,23,0,288,56,127,23,13626
2025-07-05,argo,dev.icerock.gradle.generator.resources.file,FileResourceGenerator,generateMetadata,1,0,0.0,1,1.0,0,0,1,0,3,0,1,0,0.0,0,0,0,6,0.0,0,2.5,1,0,0.0,0,0.0,0.5,9,6,0.0,2,0,2,1,0,4,0,0,0,0,0,0,0,0,0,0,2,1.0,2,1.0,2,2,0,0,2,0,0,2,0,1,0,0,0,0,0,2,2,17,543,479,5,0,0,9,1.0,23,0,288,56,127,23,13626
2025-07-05,argo,dev.icerock.gradle.generator.resources.file,FileResourceGenerator,generateProperty,1,0,0.0,1,1.0,0,0,1,0,3,0,1,0,0.0,0,0,0,3,0.0,0,2.5,1,0,0.0,0,0.0,0.5,9,6,0.0,2,0,2,1,0,4,0,0,0,0,0,0,0,0,0,0,2,1.0,2,1.0,2,2,0,0,2,0,0,2,0,1,0,0,0,0,0,2,2,17,543,479,5,0,0,9,1.0,23,0,288,56,127,23,13626
2025-07-05,argo,dev.icerock.gradle.generator.resources.file,JsFileResourceGenerator,imports,1,0,0.0,0,0.0,0,0,1,0,1,0,1,0,0.0,0,0,0,1,0.0,0,0.0,0,0,0.0,0,0.0,0.8,26,16,0.0,5,0,5,1,0,6,3,0,0,0,0,1,1,1,0,0,5,1.0,5,1.0,5,5,0,0,5,0,0,5,0,1,0,0,0,0,0,5,5,17,543,479,5,0,4,15,1.0,23,0,288,56,127,23,13626
2025-07-05,argo,dev.icerock.gradle.generator.resources.file,JsFileResourceGenerator,generateInitializer,1,1,0.0,2,1.0,0,0,1,0,4,0,1,0,0.0,0,0,0,4,0.0,1,3.0,1,0,0.0,0,0.0,0.8,26,16,0.0,5,0,5,1,0,6,3,0,0,0,0,1,1,1,0,0,5,1.0,5,1.0,5,5,0,0,5,0,0,5,0,1,0,0,0,0,0,5,5,17,543,479,5,0,4,15,1.0,23,0,288,56,127,23,13626
2025-07-05,argo,dev.icerock.gradle.generator.resources.file,JsFileResourceGenerator,generateResourceFiles,1,1,0.0,2,1.0,0,0,1,0,5,0,1,0,0.0,0,0,2,7,0.0,1,2.0,1,2,0.0,0,0.0,0.8,26,16,0.0,5,0,5,1,0,6,3,0,0,0,0,1,1,1,0,0,5,1.0,5,1.0,5,5,0,0,5,0,0,5,0,1,0,0,0,0,0,5,5,17,543,479,5,0,4,15,1.0,23,0,288,56,127,23,13626
2025-07-05,argo,dev.icerock.gradle.generator.resources.file,JsFileResourceGenerator,generateBeforeProperties,1,0,0.0,1,1.0,0,0,1,0,3,0,1,0,0.0,0,0,1,1,0.0,1,2.0,3,1,0.0,0,0.0,0.8,26,16,0.0,5,0,5,1,0,6,3,0,0,0,0,1,1,1,0,0,5,1.0,5,1.0,5,5,0,0,5,0,0,5,0,1,0,0,0,0,0,5,5,17,543,479,5,0,4,15,1.0,23,0,288,56,127,23,13626
2025-07-05,argo,dev.icerock.gradle.generator.resources.file,JsFileResourceGenerator,generateAfterProperties,1,0,0.0,1,1.0,0,0,1,0,3,0,1,0,0.0,0,0,1,2,0.0,0,2.0,3,1,0.0,0,0.0,0.8,26,16,0.0,5,0,5,1,0,6,3,0,0,0,0,1,1,1,0,0,5,1.0,5,1.0,5,5,0,0,5,0,0,5,0,1,0,0,0,0,0,5,5,17,543,479,5,0,4,15,1.0,23,0,288,56,127,23,13626
2025-07-05,argo,dev.icerock.gradle.generator.resources.file,JvmFileResourceGenerator,imports,1,0,0.0,0,0.0,0,0,1,0,1,0,1,0,0.0,0,0,0,1,0.0,0,0.0,0,0,0.0,0,0.0,0.8,25,15,0.0,5,0,5,1,0,6,3,0,0,0,0,1,1,1,0,0,5,1.0,5,1.0,5,5,0,0,5,0,0,5,0,1,0,0,0,0,0,5,5,17,543,479,5,0,4,17,1.0,23,0,288,56,127,23,13626
2025-07-05,argo,dev.icerock.gradle.generator.resources.file,JvmFileResourceGenerator,generateInitializer,1,0,0.0,1,1.0,0,0,1,0,3,0,1,0,0.0,0,0,0,6,0.0,0,3.0,1,0,0.0,0,0.0,0.8,25,15,0.0,5,0,5,1,0,6,3,0,0,0,0,1,1,1,0,0,5,1.0,5,1.0,5,5,0,0,5,0,0,5,0,1,0,0,0,0,0,5,5,17,543,479,5,0,4,17,1.0,23,0,288,56,127,23,13626
2025-07-05,argo,dev.icerock.gradle.generator.resources.file,JvmFileResourceGenerator,generateResourceFiles,1,1,0.0,2,1.0,0,0,1,0,5,0,1,0,0.0,0,0,2,7,0.0,1,2.0,1,2,0.0,0,0.0,0.8,25,15,0.0,5,0,5,1,0,6,3,0,0,0,0,1,1,1,0,0,5,1.0,5,1.0,5,5,0,0,5,0,0,5,0,1,0,0,0,0,0,5,5,17,543,479,5,0,4,17,1.0,23,0,288,56,127,23,13626
2025-07-05,argo,dev.icerock.gradle.generator.resources.file,JvmFileResourceGenerator,generateBeforeProperties,1,0,0.0,1,1.0,0,0,1,0,3,0,1,0,0.0,0,0,1,1,0.0,1,2.0,3,1,0.0,0,0.0,0.8,25,15,0.0,5,0,5,1,0,6,3,0,0,0,0,1,1,1,0,0,5,1.0,5,1.0,5,5,0,0,5,0,0,5,0,1,0,0,0,0,0,5,5,17,543,479,5,0,4,17,1.0,23,0,288,56,127,23,13626
2025-07-05,argo,dev.icerock.gradle.generator.resources.file,JvmFileResourceGenerator,generateAfterProperties,1,0,0.0,1,1.0,0,0,1,0,3,0,1,0,0.0,0,0,1,2,0.0,0,2.0,3,1,0.0,0,0.0,0.8,25,15,0.0,5,0,5,1,0,6,3,0,0,0,0,1,1,1,0,0,5,1.0,5,1.0,5,5,0,0,5,0,0,5,0,1,0,0,0,0,0,5,5,17,543,479,5,0,4,17,1.0,23,0,288,56,127,23,13626
2025-07-05,argo,dev.icerock.gradle.generator.resources.font,AndroidFontResourceGenerator,imports,1,0,0.0,0,0.0,0,0,1,0,1,0,1,0,0.0,0,0,0,1,0.0,0,0.0,0,0,0.0,0,0.0,0.8,24,18,0.0,5,0,5,1,0,6,3,0,0,0,0,0,0,0,0,0,5,0.9,5,1.0,5,5,0,0,5,0,0,5,0,1,0,0,0,0,0,5,5,17,543,479,5,0,4,12,1.0,22,0,324,56,127,22,13626
2025-07-05,argo,dev.icerock.gradle.generator.resources.font,AndroidFontResourceGenerator,generateInitializer,1,0,0.0,1,1.0,0,0,1,0,3,0,1,0,0.0,0,0,0,4,0.0,0,3.0,1,0,0.0,0,0.0,0.8,24,18,0.0,5,0,5,1,0,6,3,0,0,0,0,0,0,0,0,0,5,0.9,5,1.0,5,5,0,0,5,0,0,5,0,1,0,0,0,0,0,5,5,17,543,479,5,0,4,12,1.0,22,0,324,56,127,22,13626
2025-07-05,argo,dev.icerock.gradle.generator.resources.font,AndroidFontResourceGenerator,generateBeforeProperties,1,0,0.0,1,1.0,0,0,1,0,3,0,1,0,0.0,0,0,1,1,0.0,1,2.0,3,1,0.0,0,0.0,0.8,24,18,0.0,5,0,5,1,0,6,3,0,0,0,0,0,0,0,0,0,5,0.9,5,1.0,5,5,0,0,5,0,0,5,0,1,0,0,0,0,0,5,5,17,543,479,5,0,4,12,1.0,22,0,324,56,127,22,13626
2025-07-05,argo,dev.icerock.gradle.generator.resources.font,AndroidFontResourceGenerator,generateResourceFiles,1,2,0.0,2,1.0,0,0,1,0,8,0,1,0,0.0,0,0,2,4,0.0,1,2.3333333333333335,1,2,0.0,0,0.0,0.8,24,18,0.0,5,0,5,1,0,6,3,0,0,0,0,0,0,0,0,0,5,0.9,5,1.0,5,5,0,0,5,0,0,5,0,1,0,0,0,0,0,5,5,17,543,479,5,0,4,12,1.0,22,0,324,56,127,22,13626
2025-07-05,argo,dev.icerock.gradle.generator.resources.font,AndroidFontResourceGenerator,generateAfterProperties,1,0,0.0,1,1.0,0,0,1,0,3,0,1,0,0.0,0,0,1,2,0.0,0,2.0,3,1,0.0,0,0.0,0.8,24,18,0.0,5,0,5,1,0,6,3,0,0,0,0,0,0,0,0,0,5,0.9,5,1.0,5,5,0,0,5,0,0,5,0,1,0,0,0,0,0,5,5,17,543,479,5,0,4,12,1.0,22,0,324,56,127,22,13626
2025-07-05,argo,dev.icerock.gradle.generator.resources.font,AppleFontResourceGenerator,imports,1,0,0.0,0,0.0,0,0,1,0,1,0,1,0,0.0,0,0,0,1,0.0,0,0.0,0,0,0.0,0,0.0,0.8,19,13,0.0,5,0,5,1,0,6,2,0,0,0,0,0,0,0,0,0,5,1.0,5,1.0,5,5,0,0,5,0,0,5,0,1,0,0,0,0,0,5,5,17,543,479,5,0,3,14,1.0,22,0,324,56,127,22,13626
2025-07-05,argo,dev.icerock.gradle.generator.resources.font,AppleFontResourceGenerator,generateInitializer,1,0,0.0,1,1.0,0,0,1,0,3,0,1,0,0.0,0,0,0,5,0.0,0,2.6666666666666665,1,0,0.0,0,0.0,0.8,19,13,0.0,5,0,5,1,0,6,2,0,0,0,0,0,0,0,0,0,5,1.0,5,1.0,5,5,0,0,5,0,0,5,0,1,0,0,0,0,0,5,5,17,543,479,5,0,3,14,1.0,22,0,324,56,127,22,13626
2025-07-05,argo,dev.icerock.gradle.generator.resources.font,AppleFontResourceGenerator,generateResourceFiles,1,0,0.0,1,1.0,0,0,1,0,3,0,1,0,0.0,0,0,1,5,0.0,0,2.0,1,1,0.0,0,0.0,0.8,19,13,0.0,5,0,5,1,0,6,2,0,0,0,0,0,0,0,0,0,5,1.0,5,1.0,5,5,0,0,5,0,0,5,0,1,0,0,0,0,0,5,5,17,543,479,5,0,3,14,1.0,22,0,324,56,127,22,13626
2025-07-05,argo,dev.icerock.gradle.generator.resources.font,AppleFontResourceGenerator,generateBeforeProperties,1,0,0.0,1,1.0,0,0,1,0,3,0,1,0,0.0,0,0,1,1,0.0,1,2.0,3,1,0.0,0,0.0,0.8,19,13,0.0,5,0,5,1,0,6,2,0,0,0,0,0,0,0,0,0,5,1.0,5,1.0,5,5,0,0,5,0,0,5,0,1,0,0,0,0,0,5,5,17,543,479,5,0,3,14,1.0,22,0,324,56,127,22,13626
2025-07-05,argo,dev.icerock.gradle.generator.resources.font,AppleFontResourceGenerator,generateAfterProperties,1,0,0.0,1,1.0,0,0,1,0,3,0,1,0,0.0,0,0,1,2,0.0,0,2.0,3,1,0.0,0,0.0,0.8,19,13,0.0,5,0,5,1,0,6,2,0,0,0,0,0,0,0,0,0,5,1.0,5,1.0,5,5,0,0,5,0,0,5,0,1,0,0,0,0,0,5,5,17,543,479,5,0,3,14,1.0,22,0,324,56,127,22,13626
2025-07-05,argo,dev.icerock.gradle.generator.resources.font,FontResourceGenerator,generateMetadata,1,1,0.0,1,1.0,1,0,1,0,6,0,1,0,0.0,0,0,0,4,0.0,0,2.3333333333333335,1,0,0.0,0,0.0,0.5,12,9,0.0,2,0,2,1,0,4,0,0,0,0,0,0,0,0,0,0,2,1.0,2,1.0,2,2,0,0,2,0,0,2,0,1,0,0,0,0,0,2,2,17,543,479,5,0,0,7,1.0,22,0,324,56,127,22,13626
2025-07-05,argo,dev.icerock.gradle.generator.resources.font,FontResourceGenerator,generateProperty,1,0,0.0,1,1.0,1,0,1,0,3,0,1,0,0.0,0,0,0,3,0.0,0,2.5,1,0,0.0,0,0.0,0.5,12,9,0.0,2,0,2,1,0,4,0,0,0,0,0,0,0,0,0,0,2,1.0,2,1.0,2,2,0,0,2,0,0,2,0,1,0,0,0,0,0,2,2,17,543,479,5,0,0,7,1.0,22,0,324,56,127,22,13626
2025-07-05,argo,dev.icerock.gradle.generator.resources.font,JsFontResourceGenerator,imports,1,0,0.0,0,0.0,0,0,1,0,1,0,1,0,0.0,0,0,0,1,0.0,0,0.0,0,0,0.0,0,0.1,0.8,45,31,0.0,5,2,5,1,0,6,4,0,2,0,0,3,1,1,0,0,6,0.9,6,1.2,5,5,2,0,5,0,0,5,0,1,0,0,0,0,0,5,5,17,543,479,5,0,5,35,1.4,22,0,324,56,127,22,13626
2025-07-05,argo,dev.icerock.gradle.generator.resources.font,JsFontResourceGenerator,generateInitializer,1,1,0.0,2,1.0,0,0,1,0,4,0,1,0,0.0,0,0,0,5,0.0,0,2.6666666666666665,1,0,0.0,0,0.1,0.8,45,31,0.0,5,2,5,1,0,6,4,0,2,0,0,3,1,1,0,0,6,0.9,6,1.2,5,5,2,0,5,0,0,5,0,1,0,0,0,0,0,5,5,17,543,479,5,0,5,35,1.4,22,0,324,56,127,22,13626
2025-07-05,argo,dev.icerock.gradle.generator.resources.font,JsFontResourceGenerator,generateResourceFiles,2,3,0.0,7,1.0,0,0,1,0,14,1,2,0,0.25,0,1,3,13,0.33,1,2.0,1,3,0.0,0,0.1,0.8,45,31,0.0,5,2,5,1,0,6,4,0,2,0,0,3,1,1,0,0,6,0.9,6,1.2,5,5,2,0,5,0,0,5,0,1,0,0,0,0,0,5,5,17,543,479,5,0,5,35,1.4,22,0,324,56,127,22,13626
2025-07-05,argo,dev.icerock.gradle.generator.resources.font,JsFontResourceGenerator,generateBeforeProperties,1,0,0.0,1,1.0,0,0,1,0,3,0,1,0,0.0,0,0,1,1,0.0,1,2.0,3,1,0.0,0,0.1,0.8,45,31,0.0,5,2,5,1,0,6,4,0,2,0,0,3,1,1,0,0,6,0.9,6,1.2,5,5,2,0,5,0,0,5,0,1,0,0,0,0,0,5,5,17,543,479,5,0,5,35,1.4,22,0,324,56,127,22,13626
2025-07-05,argo,dev.icerock.gradle.generator.resources.font,JsFontResourceGenerator,generateAfterProperties,2,3,0.0,3,1.0,0,0,1,0,9,0,2,0,0.125,0,1,1,15,0.33,2,2.727272727272727,3,1,0.0,0,0.1,0.8,45,31,0.0,5,2,5,1,0,6,4,0,2,0,0,3,1,1,0,0,6,0.9,6,1.2,5,5,2,0,5,0,0,5,0,1,0,0,0,0,0,5,5,17,543,479,5,0,5,35,1.4,22,0,324,56,127,22,13626
2025-07-05,argo,dev.icerock.gradle.generator.resources.font,JvmFontResourceGenerator,imports,1,0,0.0,0,0.0,0,0,1,0,1,0,1,0,0.0,0,0,0,1,0.0,0,0.0,0,0,0.0,0,0.0,0.8,25,15,0.0,5,0,5,1,0,6,3,0,0,0,0,1,1,1,0,0,5,1.0,5,1.0,5,5,0,0,5,0,0,5,0,1,0,0,0,0,0,5,5,17,543,479,5,0,4,17,1.0,22,0,324,56,127,22,13626
2025-07-05,argo,dev.icerock.gradle.generator.resources.font,JvmFontResourceGenerator,generateInitializer,1,0,0.0,1,1.0,0,0,1,0,3,0,1,0,0.0,0,0,0,6,0.0,0,3.0,1,0,0.0,0,0.0,0.8,25,15,0.0,5,0,5,1,0,6,3,0,0,0,0,1,1,1,0,0,5,1.0,5,1.0,5,5,0,0,5,0,0,5,0,1,0,0,0,0,0,5,5,17,543,479,5,0,4,17,1.0,22,0,324,56,127,22,13626
2025-07-05,argo,dev.icerock.gradle.generator.resources.font,JvmFontResourceGenerator,generateResourceFiles,1,1,0.0,2,1.0,0,0,1,0,5,0,1,0,0.0,0,0,2,7,0.0,1,2.0,1,2,0.0,0,0.0,0.8,25,15,0.0,5,0,5,1,0,6,3,0,0,0,0,1,1,1,0,0,5,1.0,5,1.0,5,5,0,0,5,0,0,5,0,1,0,0,0,0,0,5,5,17,543,479,5,0,4,17,1.0,22,0,324,56,127,22,13626
2025-07-05,argo,dev.icerock.gradle.generator.resources.font,JvmFontResourceGenerator,generateBeforeProperties,1,0,0.0,1,1.0,0,0,1,0,3,0,1,0,0.0,0,0,1,1,0.0,1,2.0,3,1,0.0,0,0.0,0.8,25,15,0.0,5,0,5,1,0,6,3,0,0,0,0,1,1,1,0,0,5,1.0,5,1.0,5,5,0,0,5,0,0,5,0,1,0,0,0,0,0,5,5,17,543,479,5,0,4,17,1.0,22,0,324,56,127,22,13626
2025-07-05,argo,dev.icerock.gradle.generator.resources.font,JvmFontResourceGenerator,generateAfterProperties,1,0,0.0,1,1.0,0,0,1,0,3,0,1,0,0.0,0,0,1,2,0.0,0,2.0,3,1,0.0,0,0.0,0.8,25,15,0.0,5,0,5,1,0,6,3,0,0,0,0,1,1,1,0,0,5,1.0,5,1.0,5,5,0,0,5,0,0,5,0,1,0,0,0,0,0,5,5,17,543,479,5,0,4,17,1.0,22,0,324,56,127,22,13626
2025-07-05,argo,dev.icerock.gradle.generator.resources.image,AndroidImageResourceGenerator,imports,1,0,0.0,0,0.0,0,0,1,0,1,0,1,0,0.0,0,0,0,1,0.0,0,0.0,0,0,0.0,0,0.0,0.75,81,72,0.375,8,0,5,1,0,9,2,0,0,0,0,0,0,0,0,0,13,0.9285714285714286,13,1.625,8,5,0,0,5,3,0,5,2,1,0,0,0,0,0,11,11,17,543,479,5,0,3,51,2.875,29,0,598,56,127,29,13626
2025-07-05,argo,dev.icerock.gradle.generator.resources.image,AndroidImageResourceGenerator,generateInitializer,1,0,1.0,1,1.0,0,0,1,0,3,0,1,1,0.0,1,0,0,4,0.0,0,3.0,1,0,0.0,0,0.0,0.75,81,72,0.375,8,0,5,1,0,9,2,0,0,0,0,0,0,0,0,0,13,0.9285714285714286,13,1.625,8,5,0,0,5,3,0,5,2,1,0,0,0,0,0,11,11,17,543,479,5,0,3,51,2.875,29,0,598,56,127,29,13626
2025-07-05,argo,dev.icerock.gradle.generator.resources.image,AndroidImageResourceGenerator,generateBeforeProperties,1,0,0.0,1,1.0,0,0,1,0,3,0,1,0,0.0,0,0,1,1,0.0,1,2.0,3,1,0.0,0,0.0,0.75,81,72,0.375,8,0,5,1,0,9,2,0,0,0,0,0,0,0,0,0,13,0.9285714285714286,13,1.625,8,5,0,0,5,3,0,5,2,1,0,0,0,0,0,11,11,17,543,479,5,0,3,51,2.875,29,0,598,56,127,29,13626
2025-07-05,argo,dev.icerock.gradle.generator.resources.image,AndroidImageResourceGenerator,generateAfterProperties,1,0,0.0,1,1.0,0,0,1,0,3,0,1,0,0.0,0,0,1,2,0.0,0,2.0,3,1,0.0,0,0.0,0.75,81,72,0.375,8,0,5,1,0,9,2,0,0,0,0,0,0,0,0,0,13,0.9285714285714286,13,1.625,8,5,0,0,5,3,0,5,2,1,0,0,0,0,0,11,11,17,543,479,5,0,3,51,2.875,29,0,598,56,127,29,13626
2025-07-05,argo,dev.icerock.gradle.generator.resources.image,AndroidImageResourceGenerator,generateResourceFiles,8,7,2.0,7,1.0,0,0,1,0,32,1,8,2,0.0,2,0,1,16,0.0,0,2.235294117647059,1,1,0.0,0,0.0,0.75,81,72,0.375,8,0,5,1,0,9,2,0,0,0,0,0,0,0,0,0,13,0.9285714285714286,13,1.625,8,5,0,0,5,3,0,5,2,1,0,0,0,0,0,11,11,17,543,479,5,0,3,51,2.875,29,0,598,56,127,29,13626
2025-07-05,argo,dev.icerock.gradle.generator.resources.image,AndroidImageResourceGenerator,parseSvgToVectorDrawable,3,0,1.0,4,0.75,0,0,1,0,9,1,3,1,0.0,1,0,0,10,0.0,1,2.125,2,0,0.0,0,0.0,0.75,81,72,0.375,8,0,5,1,0,9,2,0,0,0,0,0,0,0,0,0,13,0.9285714285714286,13,1.625,8,5,0,0,5,3,0,5,2,1,0,0,0,0,0,11,11,17,543,479,5,0,3,51,2.875,29,0,598,56,127,29,13626
2025-07-05,argo,dev.icerock.gradle.generator.resources.image,AndroidImageResourceGenerator,parseSvgToXml,7,1,0.0,7,0.625,0,0,1,0,18,4,7,4,0.0,1,0,0,16,0.0,1,2.8,2,0,0.0,0,0.0,0.75,81,72,0.375,8,0,5,1,0,9,2,0,0,0,0,0,0,0,0,0,13,0.9285714285714286,13,1.625,8,5,0,0,5,3,0,5,2,1,0,0,0,0,0,11,11,17,543,479,5,0,3,51,2.875,29,0,598,56,127,29,13626
2025-07-05,argo,dev.icerock.gradle.generator.resources.image,AndroidImageResourceGenerator,processKey,1,0,0.0,1,1.0,0,0,1,0,3,0,1,0,0.0,0,0,0,1,0.0,1,2.0,1,0,0.0,0,0.0,0.75,81,72,0.375,8,0,5,1,0,9,2,0,0,0,0,0,0,0,0,0,13,0.9285714285714286,13,1.625,8,5,0,0,5,3,0,5,2,1,0,0,0,0,0,11,11,17,543,479,5,0,3,51,2.875,29,0,598,56,127,29,13626
2025-07-05,argo,dev.icerock.gradle.generator.resources.image,AppleImageResourceGenerator,imports,1,0,0.0,0,0.0,0,1,1,0,1,0,1,0,0.0,0,0,0,1,0.0,0,0.0,0,0,0.0,0,0.0,0.875,76,50,0.14285714285714285,8,0,5,1,0,9,2,0,0,0,1,1,1,1,0,0,11,0.8928571428571429,11,1.375,8,5,0,0,5,3,0,5,0,1,0,0,0,0,0,8,8,17,543,479,5,0,3,50,1.625,29,0,598,56,127,29,13626
2025-07-05,argo,dev.icerock.gradle.generator.resources.image,AppleImageResourceGenerator,generateInitializer,1,0,0.0,1,1.0,0,1,1,0,3,0,1,0,0.0,0,0,0,4,0.0,0,2.3333333333333335,1,0,0.0,0,0.0,0.875,76,50,0.14285714285714285,8,0,5,1,0,9,2,0,0,0,1,1,1,1,0,0,11,0.8928571428571429,11,1.375,8,5,0,0,5,3,0,5,0,1,0,0,0,0,0,8,8,17,543,479,5,0,3,50,1.625,29,0,598,56,127,29,13626
2025-07-05,argo,dev.icerock.gradle.generator.resources.image,AppleImageResourceGenerator,generateResourceFiles,1,6,2.0,7,1.0,0,1,1,0,14,0,1,3,0.0,3,0,1,20,0.0,1,2.3333333333333335,1,1,0.0,0,0.0,0.875,76,50,0.14285714285714285,8,0,5,1,0,9,2,0,0,0,1,1,1,1,0,0,11,0.8928571428571429,11,1.375,8,5,0,0,5,3,0,5,0,1,0,0,0,0,0,8,8,17,543,479,5,0,3,50,1.625,29,0,598,56,127,29,13626
2025-07-05,argo,dev.icerock.gradle.generator.resources.image,AppleImageResourceGenerator,generateBeforeProperties,1,0,0.0,1,1.0,0,1,1,0,3,0,1,0,0.0,0,0,1,1,0.0,1,2.0,3,1,0.0,0,0.0,0.875,76,50,0.14285714285714285,8,0,5,1,0,9,2,0,0,0,1,1,1,1,0,0,11,0.8928571428571429,11,1.375,8,5,0,0,5,3,0,5,0,1,0,0,0,0,0,8,8,17,543,479,5,0,3,50,1.625,29,0,598,56,127,29,13626
2025-07-05,argo,dev.icerock.gradle.generator.resources.image,AppleImageResourceGenerator,generateAfterProperties,1,0,0.0,1,1.0,0,1,1,0,3,0,1,0,0.0,0,0,1,2,0.0,0,2.0,3,1,0.0,0,0.0,0.875,76,50,0.14285714285714285,8,0,5,1,0,9,2,0,0,0,1,1,1,1,0,0,11,0.8928571428571429,11,1.375,8,5,0,0,5,3,0,5,0,1,0,0,0,0,0,8,8,17,543,479,5,0,3,50,1.625,29,0,598,56,127,29,13626
2025-07-05,argo,dev.icerock.gradle.generator.resources.image,AppleImageResourceGenerator,getImagesContent,2,0,0.0,5,1.0,0,1,1,0,13,1,2,0,0.0,0,0,0,10,0.0,1,2.6666666666666665,2,0,0.0,0,0.0,0.875,76,50,0.14285714285714285,8,0,5,1,0,9,2,0,0,0,1,1,1,1,0,0,11,0.8928571428571429,11,1.375,8,5,0,0,5,3,0,5,0,1,0,0,0,0,0,8,8,17,543,479,5,0,3,50,1.625,29,0,598,56,127,29,13626
2025-07-05,argo,dev.icerock.gradle.generator.resources.image,AppleImageResourceGenerator,resourceIsValidOrError,4,2,0.0,3,1.0,0,1,1,0,14,1,4,0,0.0,0,0,0,8,0.0,1,2.1666666666666665,2,0,0.0,0,0.0,0.875,76,50,0.14285714285714285,8,0,5,1,0,9,2,0,0,0,1,1,1,1,0,0,11,0.8928571428571429,11,1.375,8,5,0,0,5,3,0,5,0,1,0,0,0,0,0,8,8,17,543,479,5,0,3,50,1.625,29,0,598,56,127,29,13626
2025-07-05,argo,dev.icerock.gradle.generator.resources.image,AppleImageResourceGenerator,prepareContentInfo,2,0,0.0,2,1.0,0,1,1,0,12,1,2,0,0.0,0,0,0,4,0.0,1,2.0,2,0,0.0,0,0.0,0.875,76,50,0.14285714285714285,8,0,5,1,0,9,2,0,0,0,1,1,1,1,0,0,11,0.8928571428571429,11,1.375,8,5,0,0,5,3,0,5,0,1,0,0,0,0,0,8,8,17,543,479,5,0,3,50,1.625,29,0,598,56,127,29,13626
2025-07-05,argo,dev.icerock.gradle.generator.resources.image,ImageResourceGenerator,generateMetadata,3,0,1.0,1,1.0,1,0,1,0,3,0,3,1,0.0,1,0,0,7,0.0,0,2.0,1,0,0.0,0,0.0,0.6666666666666666,17,13,0.3333333333333333,3,0,2,1,0,6,0,0,0,0,0,0,0,0,0,0,3,0.6666666666666667,3,1.0,3,2,0,0,2,1,0,2,0,1,0,0,0,0,0,3,3,17,543,479,5,0,0,11,2.3333333333333335,29,0,598,56,127,29,13626
2025-07-05,argo,dev.icerock.gradle.generator.resources.image,ImageResourceGenerator,generateProperty,1,0,0.0,1,1.0,1,0,1,0,3,0,1,0,0.0,0,0,0,3,0.0,0,2.5,1,0,0.0,0,0.0,0.6666666666666666,17,13,0.3333333333333333,3,0,2,1,0,6,0,0,0,0,0,0,0,0,0,0,3,0.6666666666666667,3,1.0,3,2,0,0,2,1,0,2,0,1,0,0,0,0,0,3,3,17,543,479,5,0,0,11,2.3333333333333335,29,0,598,56,127,29,13626
2025-07-05,argo,dev.icerock.gradle.generator.resources.image,ImageResourceGenerator,extractKey,3,0,0.0,1,1.0,1,0,1,0,7,0,3,0,0.0,0,0,0,1,0.0,0,2.0,1,0,0.0,0,0.0,0.6666666666666666,17,13,0.3333333333333333,3,0,2,1,0,6,0,0,0,0,0,0,0,0,0,0,3,0.6666666666666667,3,1.0,3,2,0,0,2,1,0,2,0,1,0,0,0,0,0,3,3,17,543,479,5,0,0,11,2.3333333333333335,29,0,598,56,127,29,13626
2025-07-05,argo,dev.icerock.gradle.generator.resources.image,JsImageResourceGenerator,imports,1,0,0.0,0,0.0,0,0,1,0,1,0,1,0,0.0,0,0,0,1,0.0,0,0.0,0,0,0.0,0,0.0,0.8,43,33,0.0,5,0,5,1,0,6,3,0,0,0,0,1,1,1,0,0,6,0.9,6,1.2,5,5,0,0,5,0,0,5,0,1,0,0,0,0,0,5,5,17,543,479,5,0,4,26,2.0,29,0,598,56,127,29,13626
2025-07-05,argo,dev.icerock.gradle.generator.resources.image,JsImageResourceGenerator,generateInitializer,5,5,0.0,6,1.0,0,0,1,0,19,1,5,0,0.0,0,0,1,11,0.0,1,2.6666666666666665,1,1,0.0,0,0.0,0.8,43,33,0.0,5,0,5,1,0,6,3,0,0,0,0,1,1,1,0,0,6,0.9,6,1.2,5,5,0,0,5,0,0,5,0,1,0,0,0,0,0,5,5,17,543,479,5,0,4,26,2.0,29,0,598,56,127,29,13626
2025-07-05,argo,dev.icerock.gradle.generator.resources.image,JsImageResourceGenerator,generateBeforeProperties,1,0,0.0,1,1.0,0,0,1,0,3,0,1,0,0.0,0,0,1,1,0.0,1,2.0,3,1,0.0,0,0.0,0.8,43,33,0.0,5,0,5,1,0,6,3,0,0,0,0,1,1,1,0,0,6,0.9,6,1.2,5,5,0,0,5,0,0,5,0,1,0,0,0,0,0,5,5,17,543,479,5,0,4,26,2.0,29,0,598,56,127,29,13626
2025-07-05,argo,dev.icerock.gradle.generator.resources.image,JsImageResourceGenerator,generateResourceFiles,1,0,0.0,0,0.0,0,0,1,0,3,0,1,0,0.0,0,0,1,1,0.0,0,0.0,1,1,0.0,0,0.0,0.8,43,33,0.0,5,0,5,1,0,6,3,0,0,0,0,1,1,1,0,0,6,0.9,6,1.2,5,5,0,0,5,0,0,5,0,1,0,0,0,0,0,5,5,17,543,479,5,0,4,26,2.0,29,0,598,56,127,29,13626
2025-07-05,argo,dev.icerock.gradle.generator.resources.image,JsImageResourceGenerator,generateAfterProperties,2,2,0.0,3,1.0,0,0,1,0,7,0,2,0,0.0,0,0,1,12,0.0,2,2.75,3,1,0.0,0,0.0,0.8,43,33,0.0,5,0,5,1,0,6,3,0,0,0,0,1,1,1,0,0,6,0.9,6,1.2,5,5,0,0,5,0,0,5,0,1,0,0,0,0,0,5,5,17,543,479,5,0,4,26,2.0,29,0,598,56,127,29,13626
2025-07-05,argo,dev.icerock.gradle.generator.resources.image,JvmImageResourceGenerator,imports,1,0,0.0,0,0.0,0,0,1,0,1,0,1,0,0.0,0,0,0,1,0.0,0,0.0,0,0,0.0,0,0.0,0.8,38,28,0.0,5,0,5,1,0,6,3,0,0,0,0,1,1,1,0,0,6,1.0,6,1.2,5,5,0,0,5,0,0,5,0,1,0,0,0,0,0,5,5,17,543,479,5,0,4,17,1.8,29,0,598,56,127,29,13626
2025-07-05,argo,dev.icerock.gradle.generator.resources.image,JvmImageResourceGenerator,generateInitializer,5,4,0.0,4,1.0,0,0,1,0,18,1,5,0,0.0,0,0,1,12,0.0,0,3.0,1,1,0.0,0,0.0,0.8,38,28,0.0,5,0,5,1,0,6,3,0,0,0,0,1,1,1,0,0,6,1.0,6,1.2,5,5,0,0,5,0,0,5,0,1,0,0,0,0,0,5,5,17,543,479,5,0,4,17,1.8,29,0,598,56,127,29,13626
2025-07-05,argo,dev.icerock.gradle.generator.resources.image,JvmImageResourceGenerator,generateResourceFiles,1,0,0.0,0,0.0,0,0,1,0,3,0,1,0,0.0,0,0,1,1,0.0,0,0.0,1,1,0.0,0,0.0,0.8,38,28,0.0,5,0,5,1,0,6,3,0,0,0,0,1,1,1,0,0,6,1.0,6,1.2,5,5,0,0,5,0,0,5,0,1,0,0,0,0,0,5,5,17,543,479,5,0,4,17,1.8,29,0,598,56,127,29,13626
2025-07-05,argo,dev.icerock.gradle.generator.resources.image,JvmImageResourceGenerator,generateBeforeProperties,1,0,0.0,1,1.0,0,0,1,0,3,0,1,0,0.0,0,0,1,1,0.0,1,2.0,3,1,0.0,0,0.0,0.8,38,28,0.0,5,0,5,1,0,6,3,0,0,0,0,1,1,1,0,0,6,1.0,6,1.2,5,5,0,0,5,0,0,5,0,1,0,0,0,0,0,5,5,17,543,479,5,0,4,17,1.8,29,0,598,56,127,29,13626
2025-07-05,argo,dev.icerock.gradle.generator.resources.image,JvmImageResourceGenerator,generateAfterProperties,1,0,0.0,1,1.0,0,0,1,0,3,0,1,0,0.0,0,0,1,2,0.0,0,2.0,3,1,0.0,0,0.0,0.8,38,28,0.0,5,0,5,1,0,6,3,0,0,0,0,1,1,1,0,0,6,1.0,6,1.2,5,5,0,0,5,0,0,5,0,1,0,0,0,0,0,5,5,17,543,479,5,0,4,17,1.8,29,0,598,56,127,29,13626
2025-07-05,argo,dev.icerock.gradle.generator.resources.plural,AndroidPluralResourceGenerator,imports,1,0,0.0,0,0.0,0,0,1,0,1,0,1,0,0.0,0,0,0,1,0.0,0,0.0,0,0,0.0,0,0.0,0.8333333333333334,44,37,0.16666666666666666,6,0,5,1,0,8,4,0,0,0,0,0,0,0,0,0,6,0.9333333333333333,6,1.0,6,5,0,0,5,1,0,5,0,1,0,0,0,0,0,6,6,17,543,479,5,0,5,21,1.0,31,0,604,56,127,28,13626
2025-07-05,argo,dev.icerock.gradle.generator.resources.plural,AndroidPluralResourceGenerator,generateInitializer,1,0,0.0,1,1.0,0,0,1,0,3,0,1,0,0.0,0,0,0,4,0.0,0,3.0,1,0,0.0,0,0.0,0.8333333333333334,44,37,0.16666666666666666,6,0,5,1,0,8,4,0,0,0,0,0,0,0,0,0,6,0.9333333333333333,6,1.0,6,5,0,0,5,1,0,5,0,1,0,0,0,0,0,6,6,17,543,479,5,0,5,21,1.0,31,0,604,56,127,28,13626
2025-07-05,argo,dev.icerock.gradle.generator.resources.plural,AndroidPluralResourceGenerator,generateBeforeProperties,1,0,0.0,1,1.0,0,0,1,0,3,0,1,0,0.0,0,0,1,1,0.0,1,2.0,3,1,0.0,0,0.0,0.8333333333333334,44,37,0.16666666666666666,6,0,5,1,0,8,4,0,0,0,0,0,0,0,0,0,6,0.9333333333333333,6,1.0,6,5,0,0,5,1,0,5,0,1,0,0,0,0,0,6,6,17,543,479,5,0,5,21,1.0,31,0,604,56,127,28,13626
2025-07-05,argo,dev.icerock.gradle.generator.resources.plural,AndroidPluralResourceGenerator,generateResourceFiles,1,0,1.0,1,1.0,0,0,1,0,3,0,1,1,0.0,1,0,1,3,0.0,3,2.5,1,1,0.0,0,0.0,0.8333333333333334,44,37,0.16666666666666666,6,0,5,1,0,8,4,0,0,0,0,0,0,0,0,0,6,0.9333333333333333,6,1.0,6,5,0,0,5,1,0,5,0,1,0,0,0,0,0,6,6,17,543,479,5,0,5,21,1.0,31,0,604,56,127,28,13626
2025-07-05,argo,dev.icerock.gradle.generator.resources.plural,AndroidPluralResourceGenerator,generateAfterProperties,1,0,0.0,1,1.0,0,0,1,0,3,0,1,0,0.0,0,0,1,2,0.0,0,2.0,3,1,0.0,0,0.0,0.8333333333333334,44,37,0.16666666666666666,6,0,5,1,0,8,4,0,0,0,0,0,0,0,0,0,6,0.9333333333333333,6,1.0,6,5,0,0,5,1,0,5,0,1,0,0,0,0,0,6,6,17,543,479,5,0,5,21,1.0,31,0,604,56,127,28,13626
2025-07-05,argo,dev.icerock.gradle.generator.resources.plural,AndroidPluralResourceGenerator,generateLanguageFile,1,9,0.0,9,0.9,0,0,1,0,24,0,1,0,0.0,0,0,2,10,0.0,1,2.0,2,2,0.0,0,0.0,0.8333333333333334,44,37,0.16666666666666666,6,0,5,1,0,8,4,0,0,0,0,0,0,0,0,0,6,0.9333333333333333,6,1.0,6,5,0,0,5,1,0,5,0,1,0,0,0,0,0,6,6,17,543,479,5,0,5,21,1.0,31,0,604,56,127,28,13626
2025-07-05,argo,dev.icerock.gradle.generator.resources.plural,ApplePluralResourceGenerator,imports,1,0,0.0,0,0.0,0,0,1,0,1,0,1,0,0.0,0,0,0,1,0.0,0,0.0,0,0,0.0,0,0.0,0.875,72,63,0.375,8,0,5,1,0,10,5,0,0,0,0,0,0,0,0,0,9,0.9642857142857143,9,1.125,8,5,0,0,5,3,0,5,0,1,0,0,0,0,0,8,8,17,543,479,5,0,6,25,1.125,31,0,604,56,127,28,13626
2025-07-05,argo,dev.icerock.gradle.generator.resources.plural,ApplePluralResourceGenerator,generateInitializer,1,0,0.0,1,1.0,0,0,1,0,3,0,1,0,0.0,0,0,0,4,0.0,0,2.3333333333333335,1,0,0.0,0,0.0,0.875,72,63,0.375,8,0,5,1,0,10,5,0,0,0,0,0,0,0,0,0,9,0.9642857142857143,9,1.125,8,5,0,0,5,3,0,5,0,1,0,0,0,0,0,8,8,17,543,479,5,0,6,25,1.125,31,0,604,56,127,28,13626
2025-07-05,argo,dev.icerock.gradle.generator.resources.plural,ApplePluralResourceGenerator,generateResourceFiles,1,0,1.0,1,1.0,0,0,1,0,3,0,1,1,0.0,1,0,1,3,0.0,3,2.5,1,1,0.0,0,0.0,0.875,72,63,0.375,8,0,5,1,0,10,5,0,0,0,0,0,0,0,0,0,9,0.9642857142857143,9,1.125,8,5,0,0,5,3,0,5,0,1,0,0,0,0,0,8,8,17,543,479,5,0,6,25,1.125,31,0,604,56,127,28,13626
2025-07-05,argo,dev.icerock.gradle.generator.resources.plural,ApplePluralResourceGenerator,generateBeforeProperties,1,0,0.0,1,1.0,0,0,1,0,3,0,1,0,0.0,0,0,1,1,0.0,1,2.0,3,1,0.0,0,0.0,0.875,72,63,0.375,8,0,5,1,0,10,5,0,0,0,0,0,0,0,0,0,9,0.9642857142857143,9,1.125,8,5,0,0,5,3,0,5,0,1,0,0,0,0,0,8,8,17,543,479,5,0,6,25,1.125,31,0,604,56,127,28,13626
2025-07-05,argo,dev.icerock.gradle.generator.resources.plural,ApplePluralResourceGenerator,generateAfterProperties,1,0,0.0,1,1.0,0,0,1,0,3,0,1,0,0.0,0,0,1,2,0.0,0,2.0,3,1,0.0,0,0.0,0.875,72,63,0.375,8,0,5,1,0,10,5,0,0,0,0,0,0,0,0,0,9,0.9642857142857143,9,1.125,8,5,0,0,5,3,0,5,0,1,0,0,0,0,0,8,8,17,543,479,5,0,6,25,1.125,31,0,604,56,127,28,13626
2025-07-05,argo,dev.icerock.gradle.generator.resources.plural,ApplePluralResourceGenerator,generateLanguageFile,2,4,1.0,5,1.0,0,0,1,0,12,1,2,2,0.0,1,0,2,6,0.0,1,2.0,2,2,0.0,0,0.0,0.875,72,63,0.375,8,0,5,1,0,10,5,0,0,0,0,0,0,0,0,0,9,0.9642857142857143,9,1.125,8,5,0,0,5,3,0,5,0,1,0,0,0,0,0,8,8,17,543,479,5,0,6,25,1.125,31,0,604,56,127,28,13626
2025-07-05,argo,dev.icerock.gradle.generator.resources.plural,ApplePluralResourceGenerator,writeStringsFile,1,7,1.0,4,0.8,0,0,1,0,35,0,1,0,0.0,1,0,1,6,0.0,1,2.25,2,1,0.0,0,0.0,0.875,72,63,0.375,8,0,5,1,0,10,5,0,0,0,0,0,0,0,0,0,9,0.9642857142857143,9,1.125,8,5,0,0,5,3,0,5,0,1,0,0,0,0,0,8,8,17,543,479,5,0,6,25,1.125,31,0,604,56,127,28,13626
2025-07-05,argo,dev.icerock.gradle.generator.resources.plural,ApplePluralResourceGenerator,escapeFormatArguments,1,0,0.0,1,1.0,0,0,1,0,3,0,1,0,0.0,0,0,0,2,0.0,0,4.0,0,0,0.0,0,0.0,0.875,72,63,0.375,8,0,5,1,0,10,5,0,0,0,0,0,0,0,0,0,9,0.9642857142857143,9,1.125,8,5,0,0,5,3,0,5,0,1,0,0,0,0,0,8,8,17,543,479,5,0,6,25,1.125,31,0,604,56,127,28,13626
2025-07-05,argo,dev.icerock.gradle.generator.resources.plural,JsPluralResourceGenerator,imports,1,0,0.0,0,0.0,0,1,1,0,1,0,1,0,0.0,0,0,0,1,0.0,0,0.0,0,0,0.0,0,0.0,0.7142857142857143,68,49,0.16666666666666666,6,1,5,1,0,9,4,0,1,0,0,3,2,2,0,0,7,0.8571428571428572,7,1.0,7,5,1,0,5,2,0,5,0,1,0,0,0,0,0,7,7,17,543,479,5,0,5,56,1.4285714285714286,31,0,604,56,127,28,13626
2025-07-05,argo,dev.icerock.gradle.generator.resources.plural,JsPluralResourceGenerator,generateInitializer,1,0,0.0,1,1.0,0,1,1,0,3,0,1,0,0.0,0,0,0,4,0.0,0,2.3333333333333335,1,0,0.0,0,0.0,0.7142857142857143,68,49,0.16666666666666666,6,1,5,1,0,9,4,0,1,0,0,3,2,2,0,0,7,0.8571428571428572,7,1.0,7,5,1,0,5,2,0,5,0,1,0,0,0,0,0,7,7,17,543,479,5,0,5,56,1.4285714285714286,31,0,604,56,127,28,13626
2025-07-05,argo,dev.icerock.gradle.generator.resources.plural,JsPluralResourceGenerator,generateResourceFiles,1,0,1.0,1,1.0,0,1,1,0,3,0,1,1,0.0,1,0,1,3,0.0,3,2.5,1,1,0.0,0,0.0,0.7142857142857143,68,49,0.16666666666666666,6,1,5,1,0,9,4,0,1,0,0,3,2,2,0,0,7,0.8571428571428572,7,1.0,7,5,1,0,5,2,0,5,0,1,0,0,0,0,0,7,7,17,543,479,5,0,5,56,1.4285714285714286,31,0,604,56,127,28,13626
2025-07-05,argo,dev.icerock.gradle.generator.resources.plural,JsPluralResourceGenerator,generateBeforeProperties,1,1,0.0,7,0.4286,0,1,1,0,10,0,1,2,0.0,1,0,1,24,0.0,1,2.4375,3,1,0.0,0,0.0,0.7142857142857143,68,49,0.16666666666666666,6,1,5,1,0,9,4,0,1,0,0,3,2,2,0,0,7,0.8571428571428572,7,1.0,7,5,1,0,5,2,0,5,0,1,0,0,0,0,0,7,7,17,543,479,5,0,5,56,1.4285714285714286,31,0,604,56,127,28,13626
2025-07-05,argo,dev.icerock.gradle.generator.resources.plural,JsPluralResourceGenerator,generateAfterProperties,2,2,0.0,3,1.0,0,1,1,0,7,0,2,0,0.0,0,0,1,12,0.0,2,2.75,3,1,0.0,0,0.0,0.7142857142857143,68,49,0.16666666666666666,6,1,5,1,0,9,4,0,1,0,0,3,2,2,0,0,7,0.8571428571428572,7,1.0,7,5,1,0,5,2,0,5,0,1,0,0,0,0,0,7,7,17,543,479,5,0,5,56,1.4285714285714286,31,0,604,56,127,28,13626
2025-07-05,argo,dev.icerock.gradle.generator.resources.plural,JsPluralResourceGenerator,generateLanguageFile,3,5,0.0,6,1.0,0,1,1,0,25,1,3,1,0.0,1,0,2,12,0.0,1,2.0,2,2,0.0,0,0.0,0.7142857142857143,68,49,0.16666666666666666,6,1,5,1,0,9,4,0,1,0,0,3,2,2,0,0,7,0.8571428571428572,7,1.0,7,5,1,0,5,2,0,5,0,1,0,0,0,0,0,7,7,17,543,479,5,0,5,56,1.4285714285714286,31,0,604,56,127,28,13626
2025-07-05,argo,dev.icerock.gradle.generator.resources.plural,JsPluralResourceGenerator,getFileNameForLanguage,1,0,0.0,0,0.0,0,1,1,0,3,0,1,0,0.0,0,1,0,0,1.0,0,3.0,1,0,0.0,0,0.0,0.7142857142857143,68,49,0.16666666666666666,6,1,5,1,0,9,4,0,1,0,0,3,2,2,0,0,7,0.8571428571428572,7,1.0,7,5,1,0,5,2,0,5,0,1,0,0,0,0,0,7,7,17,543,479,5,0,5,56,1.4285714285714286,31,0,604,56,127,28,13626
2025-07-05,argo,dev.icerock.gradle.generator.resources.plural,JvmPluralResourceGenerator,imports,1,0,0.0,0,0.0,0,1,1,0,1,0,1,0,0.0,0,0,0,1,0.0,0,0.0,0,0,0.0,0,0.0,0.7142857142857143,40,25,0.16666666666666666,7,0,5,1,0,9,4,0,0,0,0,2,2,2,0,0,7,0.9523809523809523,7,1.0,7,5,0,0,5,2,0,5,0,1,0,0,0,0,0,7,7,17,543,479,5,0,5,25,1.0,31,0,604,56,127,28,13626
2025-07-05,argo,dev.icerock.gradle.generator.resources.plural,JvmPluralResourceGenerator,generateInitializer,1,0,0.0,1,1.0,0,1,1,0,3,0,1,0,0.0,0,0,0,5,0.0,0,2.6666666666666665,1,0,0.0,0,0.0,0.7142857142857143,40,25,0.16666666666666666,7,0,5,1,0,9,4,0,0,0,0,2,2,2,0,0,7,0.9523809523809523,7,1.0,7,5,0,0,5,2,0,5,0,1,0,0,0,0,0,7,7,17,543,479,5,0,5,25,1.0,31,0,604,56,127,28,13626
2025-07-05,argo,dev.icerock.gradle.generator.resources.plural,JvmPluralResourceGenerator,generateResourceFiles,1,0,1.0,1,1.0,0,1,1,0,3,0,1,1,0.0,1,0,1,3,0.0,3,2.5,1,1,0.0,0,0.0,0.7142857142857143,40,25,0.16666666666666666,7,0,5,1,0,9,4,0,0,0,0,2,2,2,0,0,7,0.9523809523809523,7,1.0,7,5,0,0,5,2,0,5,0,1,0,0,0,0,0,7,7,17,543,479,5,0,5,25,1.0,31,0,604,56,127,28,13626
2025-07-05,argo,dev.icerock.gradle.generator.resources.plural,JvmPluralResourceGenerator,generateBeforeProperties,1,0,0.0,2,0.5,0,1,1,0,4,0,1,1,0.0,1,0,1,2,0.0,1,2.0,3,1,0.0,0,0.0,0.7142857142857143,40,25,0.16666666666666666,7,0,5,1,0,9,4,0,0,0,0,2,2,2,0,0,7,0.9523809523809523,7,1.0,7,5,0,0,5,2,0,5,0,1,0,0,0,0,0,7,7,17,543,479,5,0,5,25,1.0,31,0,604,56,127,28,13626
2025-07-05,argo,dev.icerock.gradle.generator.resources.plural,JvmPluralResourceGenerator,generateAfterProperties,1,0,0.0,1,1.0,0,1,1,0,3,0,1,0,0.0,0,0,1,2,0.0,0,2.0,3,1,0.0,0,0.0,0.7142857142857143,40,25,0.16666666666666666,7,0,5,1,0,9,4,0,0,0,0,2,2,2,0,0,7,0.9523809523809523,7,1.0,7,5,0,0,5,2,0,5,0,1,0,0,0,0,0,7,7,17,543,479,5,0,5,25,1.0,31,0,604,56,127,28,13626
2025-07-05,argo,dev.icerock.gradle.generator.resources.plural,JvmPluralResourceGenerator,generateLanguageFile,1,5,0.0,7,1.0,0,1,1,0,11,0,1,0,0.0,1,0,2,12,0.0,2,2.090909090909091,2,2,0.0,0,0.0,0.7142857142857143,40,25,0.16666666666666666,7,0,5,1,0,9,4,0,0,0,0,2,2,2,0,0,7,0.9523809523809523,7,1.0,7,5,0,0,5,2,0,5,0,1,0,0,0,0,0,7,7,17,543,479,5,0,5,25,1.0,31,0,604,56,127,28,13626
2025-07-05,argo,dev.icerock.gradle.generator.resources.plural,JvmPluralResourceGenerator,getBundlePath,1,0,0.0,0,0.0,0,1,1,0,1,0,1,0,0.0,0,0,0,0,0.0,0,0.0,0,0,0.0,0,0.0,0.7142857142857143,40,25,0.16666666666666666,7,0,5,1,0,9,4,0,0,0,0,2,2,2,0,0,7,0.9523809523809523,7,1.0,7,5,0,0,5,2,0,5,0,1,0,0,0,0,0,7,7,17,543,479,5,0,5,25,1.0,31,0,604,56,127,28,13626
2025-07-05,argo,dev.icerock.gradle.generator.resources.string,AndroidStringResourceGenerator,imports,1,0,0.0,0,0.0,0,0,1,0,1,0,1,0,0.0,0,0,0,1,0.0,0,0.0,0,0,0.0,0,0.0,0.8333333333333334,39,32,0.16666666666666666,6,0,5,1,0,8,4,0,0,0,0,0,0,0,0,0,6,1.0,6,1.0,6,5,0,0,5,1,0,5,0,1,0,0,0,0,0,6,6,17,543,479,5,0,5,20,1.0,28,0,490,56,127,26,13626
2025-07-05,argo,dev.icerock.gradle.generator.resources.string,AndroidStringResourceGenerator,generateInitializer,1,0,0.0,1,1.0,0,0,1,0,3,0,1,0,0.0,0,0,0,4,0.0,0,3.0,1,0,0.0,0,0.0,0.8333333333333334,39,32,0.16666666666666666,6,0,5,1,0,8,4,0,0,0,0,0,0,0,0,0,6,1.0,6,1.0,6,5,0,0,5,1,0,5,0,1,0,0,0,0,0,6,6,17,543,479,5,0,5,20,1.0,28,0,490,56,127,26,13626
2025-07-05,argo,dev.icerock.gradle.generator.resources.string,AndroidStringResourceGenerator,generateBeforeProperties,1,0,0.0,1,1.0,0,0,1,0,3,0,1,0,0.0,0,0,1,1,0.0,1,2.0,3,1,0.0,0,0.0,0.8333333333333334,39,32,0.16666666666666666,6,0,5,1,0,8,4,0,0,0,0,0,0,0,0,0,6,1.0,6,1.0,6,5,0,0,5,1,0,5,0,1,0,0,0,0,0,6,6,17,543,479,5,0,5,20,1.0,28,0,490,56,127,26,13626
2025-07-05,argo,dev.icerock.gradle.generator.resources.string,AndroidStringResourceGenerator,generateAfterProperties,1,0,0.0,1,1.0,0,0,1,0,3,0,1,0,0.0,0,0,1,2,0.0,0,2.0,3,1,0.0,0,0.0,0.8333333333333334,39,32,0.16666666666666666,6,0,5,1,0,8,4,0,0,0,0,0,0,0,0,0,6,1.0,6,1.0,6,5,0,0,5,1,0,5,0,1,0,0,0,0,0,6,6,17,543,479,5,0,5,20,1.0,28,0,490,56,127,26,13626
2025-07-05,argo,dev.icerock.gradle.generator.resources.string,AndroidStringResourceGenerator,generateResourceFiles,1,0,1.0,1,1.0,0,0,1,0,3,0,1,1,0.0,1,0,1,3,0.0,3,2.5,1,1,0.0,0,0.0,0.8333333333333334,39,32,0.16666666666666666,6,0,5,1,0,8,4,0,0,0,0,0,0,0,0,0,6,1.0,6,1.0,6,5,0,0,5,1,0,5,0,1,0,0,0,0,0,6,6,17,543,479,5,0,5,20,1.0,28,0,490,56,127,26,13626
2025-07-05,argo,dev.icerock.gradle.generator.resources.string,AndroidStringResourceGenerator,generateLanguageFile,1,6,0.0,9,0.8889,0,0,1,0,19,0,1,0,0.0,0,0,2,9,0.0,1,2.0,2,2,0.0,0,0.0,0.8333333333333334,39,32,0.16666666666666666,6,0,5,1,0,8,4,0,0,0,0,0,0,0,0,0,6,1.0,6,1.0,6,5,0,0,5,1,0,5,0,1,0,0,0,0,0,6,6,17,543,479,5,0,5,20,1.0,28,0,490,56,127,26,13626
2025-07-05,argo,dev.icerock.gradle.generator.resources.string,AppleStringResourceGenerator,imports,1,0,0.0,0,0.0,0,0,1,0,1,0,1,0,0.0,0,0,0,1,0.0,0,0.0,0,0,0.0,0,0.0,0.8333333333333334,33,26,0.16666666666666666,6,0,5,1,0,8,4,0,0,0,0,0,0,0,0,0,7,1.0,7,1.1666666666666667,6,5,0,0,5,1,0,5,0,1,0,0,0,0,0,6,6,17,543,479,5,0,5,23,1.1666666666666667,28,0,490,56,127,26,13626
2025-07-05,argo,dev.icerock.gradle.generator.resources.string,AppleStringResourceGenerator,generateInitializer,1,0,0.0,1,1.0,0,0,1,0,3,0,1,0,0.0,0,0,0,4,0.0,0,2.3333333333333335,1,0,0.0,0,0.0,0.8333333333333334,33,26,0.16666666666666666,6,0,5,1,0,8,4,0,0,0,0,0,0,0,0,0,7,1.0,7,1.1666666666666667,6,5,0,0,5,1,0,5,0,1,0,0,0,0,0,6,6,17,543,479,5,0,5,23,1.1666666666666667,28,0,490,56,127,26,13626
2025-07-05,argo,dev.icerock.gradle.generator.resources.string,AppleStringResourceGenerator,generateResourceFiles,1,0,1.0,1,1.0,0,0,1,0,3,0,1,1,0.0,1,0,1,3,0.0,3,2.5,1,1,0.0,0,0.0,0.8333333333333334,33,26,0.16666666666666666,6,0,5,1,0,8,4,0,0,0,0,0,0,0,0,0,7,1.0,7,1.1666666666666667,6,5,0,0,5,1,0,5,0,1,0,0,0,0,0,6,6,17,543,479,5,0,5,23,1.1666666666666667,28,0,490,56,127,26,13626
2025-07-05,argo,dev.icerock.gradle.generator.resources.string,AppleStringResourceGenerator,generateBeforeProperties,1,0,0.0,1,1.0,0,0,1,0,3,0,1,0,0.0,0,0,1,1,0.0,1,2.0,3,1,0.0,0,0.0,0.8333333333333334,33,26,0.16666666666666666,6,0,5,1,0,8,4,0,0,0,0,0,0,0,0,0,7,1.0,7,1.1666666666666667,6,5,0,0,5,1,0,5,0,1,0,0,0,0,0,6,6,17,543,479,5,0,5,23,1.1666666666666667,28,0,490,56,127,26,13626
2025-07-05,argo,dev.icerock.gradle.generator.resources.string,AppleStringResourceGenerator,generateAfterProperties,1,0,0.0,1,1.0,0,0,1,0,3,0,1,0,0.0,0,0,1,2,0.0,0,2.0,3,1,0.0,0,0.0,0.8333333333333334,33,26,0.16666666666666666,6,0,5,1,0,8,4,0,0,0,0,0,0,0,0,0,7,1.0,7,1.1666666666666667,6,5,0,0,5,1,0,5,0,1,0,0,0,0,0,6,6,17,543,479,5,0,5,23,1.1666666666666667,28,0,490,56,127,26,13626
2025-07-05,argo,dev.icerock.gradle.generator.resources.string,AppleStringResourceGenerator,generateLanguageFile,2,5,0.0,7,1.0,0,0,1,0,13,1,2,0,0.0,0,0,2,12,0.0,4,2.0,2,2,0.0,0,0.0,0.8333333333333334,33,26,0.16666666666666666,6,0,5,1,0,8,4,0,0,0,0,0,0,0,0,0,7,1.0,7,1.1666666666666667,6,5,0,0,5,1,0,5,0,1,0,0,0,0,0,6,6,17,543,479,5,0,5,23,1.1666666666666667,28,0,490,56,127,26,13626
2025-07-05,argo,dev.icerock.gradle.generator.resources.string,JsStringResourceGenerator,imports,1,0,0.0,0,0.0,0,1,1,0,1,0,1,0,0.0,0,0,0,1,0.0,0,0.0,0,0,0.0,0,0.0,0.7142857142857143,50,31,0.16666666666666666,6,1,5,1,0,9,4,0,1,0,0,3,2,2,0,0,7,0.8571428571428572,7,1.0,7,5,1,0,5,2,0,5,0,1,0,0,0,0,0,7,7,17,543,479,5,0,5,51,1.1428571428571428,28,0,490,56,127,26,13626
2025-07-05,argo,dev.icerock.gradle.generator.resources.string,JsStringResourceGenerator,generateInitializer,1,0,0.0,1,1.0,0,1,1,0,3,0,1,0,0.0,0,0,0,4,0.0,0,2.3333333333333335,1,0,0.0,0,0.0,0.7142857142857143,50,31,0.16666666666666666,6,1,5,1,0,9,4,0,1,0,0,3,2,2,0,0,7,0.8571428571428572,7,1.0,7,5,1,0,5,2,0,5,0,1,0,0,0,0,0,7,7,17,543,479,5,0,5,51,1.1428571428571428,28,0,490,56,127,26,13626
2025-07-05,argo,dev.icerock.gradle.generator.resources.string,JsStringResourceGenerator,generateResourceFiles,1,0,1.0,1,1.0,0,1,1,0,3,0,1,1,0.0,1,0,1,3,0.0,3,2.5,1,1,0.0,0,0.0,0.7142857142857143,50,31,0.16666666666666666,6,1,5,1,0,9,4,0,1,0,0,3,2,2,0,0,7,0.8571428571428572,7,1.0,7,5,1,0,5,2,0,5,0,1,0,0,0,0,0,7,7,17,543,479,5,0,5,51,1.1428571428571428,28,0,490,56,127,26,13626
2025-07-05,argo,dev.icerock.gradle.generator.resources.string,JsStringResourceGenerator,generateBeforeProperties,1,1,0.0,7,0.4286,0,1,1,0,10,0,1,2,0.0,1,0,1,24,0.0,1,2.4375,3,1,0.0,0,0.0,0.7142857142857143,50,31,0.16666666666666666,6,1,5,1,0,9,4,0,1,0,0,3,2,2,0,0,7,0.8571428571428572,7,1.0,7,5,1,0,5,2,0,5,0,1,0,0,0,0,0,7,7,17,543,479,5,0,5,51,1.1428571428571428,28,0,490,56,127,26,13626
2025-07-05,argo,dev.icerock.gradle.generator.resources.string,JsStringResourceGenerator,generateAfterProperties,2,2,0.0,3,1.0,0,1,1,0,7,0,2,0,0.0,0,0,1,12,0.0,2,2.75,3,1,0.0,0,0.0,0.7142857142857143,50,31,0.16666666666666666,6,1,5,1,0,9,4,0,1,0,0,3,2,2,0,0,7,0.8571428571428572,7,1.0,7,5,1,0,5,2,0,5,0,1,0,0,0,0,0,7,7,17,543,479,5,0,5,51,1.1428571428571428,28,0,490,56,127,26,13626
2025-07-05,argo,dev.icerock.gradle.generator.resources.string,JsStringResourceGenerator,generateLanguageFile,1,3,0.0,3,1.0,0,1,1,0,7,0,1,1,0.0,1,0,2,7,0.0,3,2.0,2,2,0.0,0,0.0,0.7142857142857143,50,31,0.16666666666666666,6,1,5,1,0,9,4,0,1,0,0,3,2,2,0,0,7,0.8571428571428572,7,1.0,7,5,1,0,5,2,0,5,0,1,0,0,0,0,0,7,7,17,543,479,5,0,5,51,1.1428571428571428,28,0,490,56,127,26,13626
2025-07-05,argo,dev.icerock.gradle.generator.resources.string,JsStringResourceGenerator,getFileNameForLanguage,1,0,0.0,0,0.0,0,1,1,0,3,0,1,0,0.0,0,1,0,0,1.0,0,3.0,1,0,0.0,0,0.0,0.7142857142857143,50,31,0.16666666666666666,6,1,5,1,0,9,4,0,1,0,0,3,2,2,0,0,7,0.8571428571428572,7,1.0,7,5,1,0,5,2,0,5,0,1,0,0,0,0,0,7,7,17,543,479,5,0,5,51,1.1428571428571428,28,0,490,56,127,26,13626
2025-07-05,argo,dev.icerock.gradle.generator.resources.string,JvmStringResourceGenerator,imports,1,0,0.0,0,0.0,0,1,1,0,1,0,1,0,0.0,0,0,0,1,0.0,0,0.0,0,0,0.0,0,0.0,0.7142857142857143,37,22,0.16666666666666666,7,0,5,1,0,9,4,0,0,0,0,2,2,2,0,0,7,0.9523809523809523,7,1.0,7,5,0,0,5,2,0,5,0,1,0,0,0,0,0,7,7,17,543,479,5,0,5,21,1.0,28,0,490,56,127,26,13626
2025-07-05,argo,dev.icerock.gradle.generator.resources.string,JvmStringResourceGenerator,generateInitializer,1,0,0.0,1,1.0,0,1,1,0,3,0,1,0,0.0,0,0,0,5,0.0,0,2.6666666666666665,1,0,0.0,0,0.0,0.7142857142857143,37,22,0.16666666666666666,7,0,5,1,0,9,4,0,0,0,0,2,2,2,0,0,7,0.9523809523809523,7,1.0,7,5,0,0,5,2,0,5,0,1,0,0,0,0,0,7,7,17,543,479,5,0,5,21,1.0,28,0,490,56,127,26,13626
2025-07-05,argo,dev.icerock.gradle.generator.resources.string,JvmStringResourceGenerator,generateResourceFiles,1,0,1.0,1,1.0,0,1,1,0,3,0,1,1,0.0,1,0,1,3,0.0,3,2.5,1,1,0.0,0,0.0,0.7142857142857143,37,22,0.16666666666666666,7,0,5,1,0,9,4,0,0,0,0,2,2,2,0,0,7,0.9523809523809523,7,1.0,7,5,0,0,5,2,0,5,0,1,0,0,0,0,0,7,7,17,543,479,5,0,5,21,1.0,28,0,490,56,127,26,13626
2025-07-05,argo,dev.icerock.gradle.generator.resources.string,JvmStringResourceGenerator,generateBeforeProperties,1,0,0.0,2,0.5,0,1,1,0,4,0,1,1,0.0,1,0,1,2,0.0,1,2.0,3,1,0.0,0,0.0,0.7142857142857143,37,22,0.16666666666666666,7,0,5,1,0,9,4,0,0,0,0,2,2,2,0,0,7,0.9523809523809523,7,1.0,7,5,0,0,5,2,0,5,0,1,0,0,0,0,0,7,7,17,543,479,5,0,5,21,1.0,28,0,490,56,127,26,13626
2025-07-05,argo,dev.icerock.gradle.generator.resources.string,JvmStringResourceGenerator,generateAfterProperties,1,0,0.0,1,1.0,0,1,1,0,3,0,1,0,0.0,0,0,1,2,0.0,0,2.0,3,1,0.0,0,0.0,0.7142857142857143,37,22,0.16666666666666666,7,0,5,1,0,9,4,0,0,0,0,2,2,2,0,0,7,0.9523809523809523,7,1.0,7,5,0,0,5,2,0,5,0,1,0,0,0,0,0,7,7,17,543,479,5,0,5,21,1.0,28,0,490,56,127,26,13626
2025-07-05,argo,dev.icerock.gradle.generator.resources.string,JvmStringResourceGenerator,generateLanguageFile,1,4,0.0,6,1.0,0,1,1,0,8,0,1,0,0.0,1,0,2,8,0.0,3,2.0,2,2,0.0,0,0.0,0.7142857142857143,37,22,0.16666666666666666,7,0,5,1,0,9,4,0,0,0,0,2,2,2,0,0,7,0.9523809523809523,7,1.0,7,5,0,0,5,2,0,5,0,1,0,0,0,0,0,7,7,17,543,479,5,0,5,21,1.0,28,0,490,56,127,26,13626
2025-07-05,argo,dev.icerock.gradle.generator.resources.string,JvmStringResourceGenerator,getBundlePath,1,0,0.0,0,0.0,0,1,1,0,1,0,1,0,0.0,0,0,0,0,0.0,0,0.0,0,0,0.0,0,0.0,0.7142857142857143,37,22,0.16666666666666666,7,0,5,1,0,9,4,0,0,0,0,2,2,2,0,0,7,0.9523809523809523,7,1.0,7,5,0,0,5,2,0,5,0,1,0,0,0,0,0,7,7,17,543,479,5,0,5,21,1.0,28,0,490,56,127,26,13626
2025-07-05,argo,dev.icerock.gradle.metadata.container,ContainerMetadata,contentHash,1,0,0.0,1,1.0,0,0,1,0,1,0,1,0,0.0,1,0,0,3,0.0,0,2.0,0,0,0.0,0,0.0,0.0,3,1,0.0,1,0,0,0,0,1,0,0,0,0,0,0,0,0,0,0,1,0.0,1,1.0,1,0,0,0,1,0,0,1,0,2,0,0,0,0,0,1,1,17,543,479,2,0,0,3,0.0,1,0,27,56,127,1,13626
2025-07-05,argo,dev.icerock.gradle.tasks,CopyExecutableResourcesToApp,copyResources,1,4,0.0,6,1.0,1,0,1,0,12,0,1,0,1.0,0,2,0,23,2.0,0,2.769230769230769,0,0,0.0,0,0.0,1.0,22,12,0.0,1,2,0,1,0,0,1,0,0,0,0,2,0,0,0,0,1,0.0,1,1.0,1,0,2,0,1,0,0,1,1,0,0,0,0,0,0,1,1,17,543,479,4,0,0,23,1.0,7,0,427,56,127,7,13626
2025-07-05,argo,dev.icerock.gradle.tasks,CopyFrameworkResourcesToAppTask,copyResources,2,2,0.0,4,1.0,1,0,1,0,12,1,2,0,1.0,0,3,1,12,3.0,1,2.1666666666666665,0,1,0.0,0,0.0,1.0,30,12,0.0,1,6,0,1,0,0,1,0,0,0,3,3,0,0,3,0,2,0.0,2,2.0,1,0,6,0,1,0,0,1,1,0,0,0,0,0,0,1,1,17,543,479,4,0,1,12,2.0,7,0,427,56,127,7,13626
2025-07-05,argo,dev.icerock.gradle.tasks,CopyXCFrameworkResourcesToApp,copyResources,1,2,0.0,4,1.0,1,0,1,0,8,0,1,0,1.0,0,1,1,12,2.0,1,2.4444444444444446,0,1,0.0,0,0.0,1.0,18,8,0.0,1,2,0,1,0,0,1,0,0,0,0,2,0,0,0,0,1,0.0,1,1.0,1,0,2,0,1,0,0,1,1,0,0,0,0,0,0,1,1,17,543,479,4,0,1,12,1.0,7,0,427,56,127,7,13626
2025-07-05,argo,dev.icerock.gradle.tasks,GenerateMultiplatformResourcesTask,generate,3,6,1.0,8,1.0,1,0,1,0,12,0,3,1,1.0,1,9,1,26,4.5,1,2.4210526315789473,0,1,0.0,0,0.8333333333333334,1.0,73,19,0.5,4,21,0,1,0,2,2,0,2,0,0,21,0,0,0,0,4,0.5,4,1.0,4,0,21,0,1,3,0,1,3,0,0,0,0,0,0,4,4,17,543,479,4,0,1,48,1.5,7,0,427,56,127,7,13626
2025-07-05,argo,dev.icerock.gradle.tasks,GenerateMultiplatformResourcesTask,createGenerator,1,0,2.0,1,1.0,1,0,1,0,3,0,1,2,1.0,2,5,0,7,5.0,0,2.4,0,0,0.0,0,0.8333333333333334,1.0,73,19,0.5,4,21,0,1,0,2,2,0,2,0,0,21,0,0,0,0,4,0.5,4,1.0,4,0,21,0,1,3,0,1,3,0,0,0,0,0,0,4,4,17,543,479,4,0,1,48,1.5,7,0,427,56,127,7,13626
2025-07-05,argo,dev.icerock.gradle.tasks,GenerateMultiplatformResourcesTask,createPlatformContainerGenerator,1,0,0.0,1,1.0,1,0,1,0,3,0,1,0,1.0,0,4,0,1,4.0,1,2.0,0,0,0.0,0,0.8333333333333334,1.0,73,19,0.5,4,21,0,1,0,2,2,0,2,0,0,21,0,0,0,0,4,0.5,4,1.0,4,0,21,0,1,3,0,1,3,0,0,0,0,0,0,4,4,17,543,479,4,0,1,48,1.5,7,0,427,56,127,7,13626
2025-07-05,argo,dev.icerock.gradle.tasks,GenerateMultiplatformResourcesTask,createTypeGenerators,1,0,0.0,1,1.0,1,0,1,0,1,0,1,0,1.0,0,10,0,14,10.0,0,2.3448275862068964,0,0,0.0,0,0.8333333333333334,1.0,73,19,0.5,4,21,0,1,0,2,2,0,2,0,0,21,0,0,0,0,4,0.5,4,1.0,4,0,21,0,1,3,0,1,3,0,0,0,0,0,0,4,4,17,543,479,4,0,1,48,1.5,7,0,427,56,127,7,13626
2025-07-05,argo,dev.icerock.gradle.generator.jsGenerator,JsMessageFormatTest,cleanStringTest,1,0,0.0,1,1.0,0,0,1,0,3,0,1,0,0.0,0,0,1,3,0.0,0,2.5,0,1,0.0,0,0.0,1.0,33,24,0.0,8,0,0,0,0,0,1,0,0,0,0,0,0,0,0,0,8,0.0,8,1.0,8,0,0,0,8,0,0,8,0,1,0,0,0,0,0,8,8,17,543,479,1,0,8,16,1.0,8,0,77,56,127,8,13626
2025-07-05,argo,dev.icerock.gradle.generator.jsGenerator,JsMessageFormatTest,cleanStringWithDotInEndTest,1,0,0.0,1,1.0,0,0,1,0,3,0,1,0,0.0,0,0,1,3,0.0,0,2.5,0,1,0.0,0,0.0,1.0,33,24,0.0,8,0,0,0,0,0,1,0,0,0,0,0,0,0,0,0,8,0.0,8,1.0,8,0,0,0,8,0,0,8,0,1,0,0,0,0,0,8,8,17,543,479,1,0,8,16,1.0,8,0,77,56,127,8,13626
2025-07-05,argo,dev.icerock.gradle.generator.jsGenerator,JsMessageFormatTest,textWithSingleStringArgumentTest,1,0,0.0,1,1.0,0,0,1,0,3,0,1,0,0.0,0,0,1,1,0.0,1,2.0,0,1,0.0,0,0.0,1.0,33,24,0.0,8,0,0,0,0,0,1,0,0,0,0,0,0,0,0,0,8,0.0,8,1.0,8,0,0,0,8,0,0,8,0,1,0,0,0,0,0,8,8,17,543,479,1,0,8,16,1.0,8,0,77,56,127,8,13626
2025-07-05,argo,dev.icerock.gradle.generator.jsGenerator,JsMessageFormatTest,textWithSingleDigitsArgumentTest,1,0,0.0,1,1.0,0,0,1,0,3,0,1,0,0.0,0,0,1,1,0.0,1,2.0,0,1,0.0,0,0.0,1.0,33,24,0.0,8,0,0,0,0,0,1,0,0,0,0,0,0,0,0,0,8,0.0,8,1.0,8,0,0,0,8,0,0,8,0,1,0,0,0,0,0,8,8,17,543,479,1,0,8,16,1.0,8,0,77,56,127,8,13626
2025-07-05,argo,dev.icerock.gradle.generator.jsGenerator,JsMessageFormatTest,textWithSingleWithDecimalArgumentTest,1,0,0.0,1,1.0,0,0,1,0,3,0,1,0,0.0,0,0,1,2,0.0,0,2.0,0,1,0.0,0,0.0,1.0,33,24,0.0,8,0,0,0,0,0,1,0,0,0,0,0,0,0,0,0,8,0.0,8,1.0,8,0,0,0,8,0,0,8,0,1,0,0,0,0,0,8,8,17,543,479,1,0,8,16,1.0,8,0,77,56,127,8,13626
2025-07-05,argo,dev.icerock.gradle.generator.jsGenerator,JsMessageFormatTest,textWithPositionalArgumentsTest,1,0,0.0,1,1.0,0,0,1,0,3,0,1,0,0.0,0,0,1,2,0.0,0,2.0,0,1,0.0,0,0.0,1.0,33,24,0.0,8,0,0,0,0,0,1,0,0,0,0,0,0,0,0,0,8,0.0,8,1.0,8,0,0,0,8,0,0,8,0,1,0,0,0,0,0,8,8,17,543,479,1,0,8,16,1.0,8,0,77,56,127,8,13626
2025-07-05,argo,dev.icerock.gradle.generator.jsGenerator,JsMessageFormatTest,formattedTextWithDecimalArgumentsTest,1,0,0.0,1,1.0,0,0,1,0,3,0,1,0,0.0,0,0,1,2,0.0,0,3.0,0,1,0.0,0,0.0,1.0,33,24,0.0,8,0,0,0,0,0,1,0,0,0,0,0,0,0,0,0,8,0.0,8,1.0,8,0,0,0,8,0,0,8,0,1,0,0,0,0,0,8,8,17,543,479,1,0,8,16,1.0,8,0,77,56,127,8,13626
2025-07-05,argo,dev.icerock.gradle.generator.jsGenerator,JsMessageFormatTest,sameNonPositionalArgumentsTest,1,0,0.0,1,1.0,0,0,1,0,3,0,1,0,0.0,0,0,1,2,0.0,0,2.0,0,1,0.0,0,0.0,1.0,33,24,0.0,8,0,0,0,0,0,1,0,0,0,0,0,0,0,0,0,8,0.0,8,1.0,8,0,0,0,8,0,0,8,0,1,0,0,0,0,0,8,8,17,543,479,1,0,8,16,1.0,8,0,77,56,127,8,13626
2025-07-05,argo,dev.icerock.gradle.generator.metadata.container,ContainerMetadataTest,testSerialization,1,5,0.0,3,1.0,0,0,1,0,8,0,1,0,0.0,0,0,1,6,0.0,1,2.0,0,1,0.0,0,0.0,1.0,10,8,0.0,1,0,0,0,0,0,1,0,0,0,0,0,0,0,0,0,1,0.0,1,1.0,1,0,0,0,1,0,0,1,0,1,0,0,0,0,0,1,1,17,543,479,1,0,1,6,1.0,1,0,44,56,127,1,13626
2025-07-05,argo,dev.icerock.gradle.generator.pluralsGenerator,XmlPluralsToPlatformRuTest,simplePluralsAppleTest,1,0,0.0,1,1.0,0,0,1,0,3,0,1,0,0.0,0,0,1,1,0.0,1,2.0,0,1,0.0,0,0.0,1.0,13,9,0.0,3,0,0,0,0,0,1,0,0,0,0,0,0,0,0,0,3,0.0,3,1.0,3,0,0,0,3,0,0,3,0,1,0,0,0,0,0,3,3,17,543,479,2,0,3,3,1.0,10,0,110,56,127,10,13626
2025-07-05,argo,dev.icerock.gradle.generator.pluralsGenerator,XmlPluralsToPlatformRuTest,simplePluralsAndroidTest,1,0,0.0,1,1.0,0,0,1,0,3,0,1,0,0.0,0,0,1,1,0.0,1,2.0,0,1,0.0,0,0.0,1.0,13,9,0.0,3,0,0,0,0,0,1,0,0,0,0,0,0,0,0,0,3,0.0,3,1.0,3,0,0,0,3,0,0,3,0,1,0,0,0,0,0,3,3,17,543,479,2,0,3,3,1.0,10,0,110,56,127,10,13626
2025-07-05,argo,dev.icerock.gradle.generator.pluralsGenerator,XmlPluralsToPlatformRuTest,simplePluralsOtherPlatformsTest,1,0,0.0,1,1.0,0,0,1,0,3,0,1,0,0.0,0,0,1,1,0.0,1,2.0,0,1,0.0,0,0.0,1.0,13,9,0.0,3,0,0,0,0,0,1,0,0,0,0,0,0,0,0,0,3,0.0,3,1.0,3,0,0,0,3,0,0,3,0,1,0,0,0,0,0,3,3,17,543,479,2,0,3,3,1.0,10,0,110,56,127,10,13626
2025-07-05,argo,dev.icerock.gradle.generator.pluralsGenerator,XmlPluralsToPlatformTest,simplePluralsAppleTest,1,0,0.0,1,1.0,0,0,1,0,3,0,1,0,0.0,0,0,1,1,0.0,1,2.0,0,1,0.0,0,0.0,1.0,30,22,0.0,7,0,0,0,0,0,1,0,0,0,0,0,0,0,0,0,7,0.0,7,1.0,7,0,0,0,7,0,0,7,0,1,0,0,0,0,0,7,7,17,543,479,2,0,7,9,1.0,10,0,110,56,127,10,13626
2025-07-05,argo,dev.icerock.gradle.generator.pluralsGenerator,XmlPluralsToPlatformTest,simplePluralsAndroidTest,1,0,0.0,1,1.0,0,0,1,0,3,0,1,0,0.0,0,0,1,1,0.0,1,2.0,0,1,0.0,0,0.0,1.0,30,22,0.0,7,0,0,0,0,0,1,0,0,0,0,0,0,0,0,0,7,0.0,7,1.0,7,0,0,0,7,0,0,7,0,1,0,0,0,0,0,7,7,17,543,479,2,0,7,9,1.0,10,0,110,56,127,10,13626
2025-07-05,argo,dev.icerock.gradle.generator.pluralsGenerator,XmlPluralsToPlatformTest,simplePluralsOtherPlatformsTest,1,0,0.0,1,1.0,0,0,1,0,3,0,1,0,0.0,0,0,1,1,0.0,1,2.0,0,1,0.0,0,0.0,1.0,30,22,0.0,7,0,0,0,0,0,1,0,0,0,0,0,0,0,0,0,7,0.0,7,1.0,7,0,0,0,7,0,0,7,0,1,0,0,0,0,0,7,7,17,543,479,2,0,7,9,1.0,10,0,110,56,127,10,13626
2025-07-05,argo,dev.icerock.gradle.generator.pluralsGenerator,XmlPluralsToPlatformTest,pluralWithNewLineAppleTest,1,0,0.0,1,1.0,0,0,1,0,4,0,1,0,0.0,0,0,1,3,0.0,2,2.0,0,1,0.0,0,0.0,1.0,30,22,0.0,7,0,0,0,0,0,1,0,0,0,0,0,0,0,0,0,7,0.0,7,1.0,7,0,0,0,7,0,0,7,0,1,0,0,0,0,0,7,7,17,543,479,2,0,7,9,1.0,10,0,110,56,127,10,13626
2025-07-05,argo,dev.icerock.gradle.generator.pluralsGenerator,XmlPluralsToPlatformTest,pluralWithNewLineAndroidTest,1,0,0.0,1,1.0,0,0,1,0,3,0,1,0,0.0,0,0,1,1,0.0,1,2.0,0,1,0.0,0,0.0,1.0,30,22,0.0,7,0,0,0,0,0,1,0,0,0,0,0,0,0,0,0,7,0.0,7,1.0,7,0,0,0,7,0,0,7,0,1,0,0,0,0,0,7,7,17,543,479,2,0,7,9,1.0,10,0,110,56,127,10,13626
2025-07-05,argo,dev.icerock.gradle.generator.pluralsGenerator,XmlPluralsToPlatformTest,pluralWithNewLineOtherPlatformTest,1,0,0.0,1,1.0,0,0,1,0,3,0,1,0,0.0,0,0,1,1,0.0,1,2.0,0,1,0.0,0,0.0,1.0,30,22,0.0,7,0,0,0,0,0,1,0,0,0,0,0,0,0,0,0,7,0.0,7,1.0,7,0,0,0,7,0,0,7,0,1,0,0,0,0,0,7,7,17,543,479,2,0,7,9,1.0,10,0,110,56,127,10,13626
2025-07-05,argo,dev.icerock.gradle.generator.pluralsGenerator,XmlPluralsToPlatformTest,separateSymbolsApplePluralsTest,1,0,0.0,1,1.0,0,0,1,0,3,0,1,0,0.0,0,0,1,1,0.0,1,2.0,0,1,0.0,0,0.0,1.0,30,22,0.0,7,0,0,0,0,0,1,0,0,0,0,0,0,0,0,0,7,0.0,7,1.0,7,0,0,0,7,0,0,7,0,1,0,0,0,0,0,7,7,17,543,479,2,0,7,9,1.0,10,0,110,56,127,10,13626
2025-07-05,argo,dev.icerock.gradle.generator.stringsGenerator,XmlStringsAndroidFormatTest,quotesAndroidFormat,1,0,0.0,1,1.0,0,0,1,0,3,0,1,0,0.0,0,0,1,1,0.0,1,2.0,0,1,0.0,0,0.0,1.0,13,6,0.0,2,0,0,0,0,0,1,0,1,0,0,1,1,1,0,0,2,0.0,2,1.0,2,0,0,0,2,0,0,2,0,1,0,0,0,0,0,2,2,17,543,479,3,0,2,3,1.0,23,0,232,56,127,23,13626
2025-07-05,argo,dev.icerock.gradle.generator.stringsGenerator,XmlStringsAndroidFormatTest,quotesAndroidInOutFormat,1,0,0.0,1,1.0,0,0,1,0,3,0,1,0,0.0,0,0,1,2,0.0,2,3.0,0,1,0.0,0,0.0,1.0,13,6,0.0,2,0,0,0,0,0,1,0,1,0,0,1,1,1,0,0,2,0.0,2,1.0,2,0,0,0,2,0,0,2,0,1,0,0,0,0,0,2,2,17,543,479,3,0,2,3,1.0,23,0,232,56,127,23,13626
2025-07-05,argo,dev.icerock.gradle.generator.stringsGenerator,XmlStringsToPlatformRuTest,newLineAndroid,1,0,0.0,1,1.0,0,0,1,0,3,0,1,0,0.0,0,0,1,1,0.0,1,2.0,0,1,0.0,0,0.0,1.0,25,18,0.0,6,0,0,0,0,0,1,0,0,0,0,0,0,0,0,0,6,0.0,6,1.0,6,0,0,0,6,0,0,6,0,1,0,0,0,0,0,6,6,17,543,479,3,0,6,6,1.0,23,0,232,56,127,23,13626
2025-07-05,argo,dev.icerock.gradle.generator.stringsGenerator,XmlStringsToPlatformRuTest,newLineOtherPlatforms,1,0,0.0,1,1.0,0,0,1,0,3,0,1,0,0.0,0,0,1,1,0.0,1,2.0,0,1,0.0,0,0.0,1.0,25,18,0.0,6,0,0,0,0,0,1,0,0,0,0,0,0,0,0,0,6,0.0,6,1.0,6,0,0,0,6,0,0,6,0,1,0,0,0,0,0,6,6,17,543,479,3,0,6,6,1.0,23,0,232,56,127,23,13626
2025-07-05,argo,dev.icerock.gradle.generator.stringsGenerator,XmlStringsToPlatformRuTest,textWithApostropheAndroid,1,0,0.0,1,1.0,0,0,1,0,3,0,1,0,0.0,0,0,1,1,0.0,1,2.0,0,1,0.0,0,0.0,1.0,25,18,0.0,6,0,0,0,0,0,1,0,0,0,0,0,0,0,0,0,6,0.0,6,1.0,6,0,0,0,6,0,0,6,0,1,0,0,0,0,0,6,6,17,543,479,3,0,6,6,1.0,23,0,232,56,127,23,13626
2025-07-05,argo,dev.icerock.gradle.generator.stringsGenerator,XmlStringsToPlatformRuTest,textWithApostropheOtherPlatforms,1,0,0.0,1,1.0,0,0,1,0,3,0,1,0,0.0,0,0,1,1,0.0,1,2.0,0,1,0.0,0,0.0,1.0,25,18,0.0,6,0,0,0,0,0,1,0,0,0,0,0,0,0,0,0,6,0.0,6,1.0,6,0,0,0,6,0,0,6,0,1,0,0,0,0,0,6,6,17,543,479,3,0,6,6,1.0,23,0,232,56,127,23,13626
2025-07-05,argo,dev.icerock.gradle.generator.stringsGenerator,XmlStringsToPlatformRuTest,textWithXmlTagsAndroid,1,0,0.0,1,1.0,0,0,1,0,3,0,1,0,0.0,0,0,1,1,0.0,1,2.0,0,1,0.0,0,0.0,1.0,25,18,0.0,6,0,0,0,0,0,1,0,0,0,0,0,0,0,0,0,6,0.0,6,1.0,6,0,0,0,6,0,0,6,0,1,0,0,0,0,0,6,6,17,543,479,3,0,6,6,1.0,23,0,232,56,127,23,13626
2025-07-05,argo,dev.icerock.gradle.generator.stringsGenerator,XmlStringsToPlatformRuTest,textWithXmlTagsOtherPlatforms,1,0,0.0,1,1.0,0,0,1,0,3,0,1,0,0.0,0,0,1,1,0.0,1,2.0,0,1,0.0,0,0.0,1.0,25,18,0.0,6,0,0,0,0,0,1,0,0,0,0,0,0,0,0,0,6,0.0,6,1.0,6,0,0,0,6,0,0,6,0,1,0,0,0,0,0,6,6,17,543,479,3,0,6,6,1.0,23,0,232,56,127,23,13626
2025-07-05,argo,dev.icerock.gradle.generator.stringsGenerator,XmlStringsToPlatformTest,newLineAndroid,1,0,0.0,1,1.0,0,0,1,0,3,0,1,0,0.0,0,0,1,1,0.0,1,2.0,0,1,0.0,0,0.0,1.0,61,45,0.0,15,0,0,0,0,0,1,0,0,0,0,0,0,0,0,0,15,0.0,15,1.0,15,0,0,0,15,0,0,15,0,1,0,0,0,0,0,15,15,17,543,479,3,0,15,15,1.0,23,0,232,56,127,23,13626
2025-07-05,argo,dev.icerock.gradle.generator.stringsGenerator,XmlStringsToPlatformTest,newLineOtherPlatforms,1,0,0.0,1,1.0,0,0,1,0,3,0,1,0,0.0,0,0,1,1,0.0,1,2.0,0,1,0.0,0,0.0,1.0,61,45,0.0,15,0,0,0,0,0,1,0,0,0,0,0,0,0,0,0,15,0.0,15,1.0,15,0,0,0,15,0,0,15,0,1,0,0,0,0,0,15,15,17,543,479,3,0,15,15,1.0,23,0,232,56,127,23,13626
2025-07-05,argo,dev.icerock.gradle.generator.stringsGenerator,XmlStringsToPlatformTest,separateSymbolsAndroid,1,0,0.0,1,1.0,0,0,1,0,3,0,1,0,0.0,0,0,1,1,0.0,1,2.0,0,1,0.0,0,0.0,1.0,61,45,0.0,15,0,0,0,0,0,1,0,0,0,0,0,0,0,0,0,15,0.0,15,1.0,15,0,0,0,15,0,0,15,0,1,0,0,0,0,0,15,15,17,543,479,3,0,15,15,1.0,23,0,232,56,127,23,13626
2025-07-05,argo,dev.icerock.gradle.generator.stringsGenerator,XmlStringsToPlatformTest,separateSymbolsOtherPlatforms,1,0,0.0,1,1.0,0,0,1,0,3,0,1,0,0.0,0,0,1,1,0.0,1,2.0,0,1,0.0,0,0.0,1.0,61,45,0.0,15,0,0,0,0,0,1,0,0,0,0,0,0,0,0,0,15,0.0,15,1.0,15,0,0,0,15,0,0,15,0,1,0,0,0,0,0,15,15,17,543,479,3,0,15,15,1.0,23,0,232,56,127,23,13626
2025-07-05,argo,dev.icerock.gradle.generator.stringsGenerator,XmlStringsToPlatformTest,textWithApostropheAndroid,1,0,0.0,1,1.0,0,0,1,0,3,0,1,0,0.0,0,0,1,1,0.0,1,2.0,0,1,0.0,0,0.0,1.0,61,45,0.0,15,0,0,0,0,0,1,0,0,0,0,0,0,0,0,0,15,0.0,15,1.0,15,0,0,0,15,0,0,15,0,1,0,0,0,0,0,15,15,17,543,479,3,0,15,15,1.0,23,0,232,56,127,23,13626
2025-07-05,argo,dev.icerock.gradle.generator.stringsGenerator,XmlStringsToPlatformTest,textWithApostropheOtherPlatforms,1,0,0.0,1,1.0,0,0,1,0,3,0,1,0,0.0,0,0,1,1,0.0,1,2.0,0,1,0.0,0,0.0,1.0,61,45,0.0,15,0,0,0,0,0,1,0,0,0,0,0,0,0,0,0,15,0.0,15,1.0,15,0,0,0,15,0,0,15,0,1,0,0,0,0,0,15,15,17,543,479,3,0,15,15,1.0,23,0,232,56,127,23,13626
2025-07-05,argo,dev.icerock.gradle.generator.stringsGenerator,XmlStringsToPlatformTest,textWithXmlTagsAndroid,1,0,0.0,1,1.0,0,0,1,0,3,0,1,0,0.0,0,0,1,1,0.0,1,2.0,0,1,0.0,0,0.0,1.0,61,45,0.0,15,0,0,0,0,0,1,0,0,0,0,0,0,0,0,0,15,0.0,15,1.0,15,0,0,0,15,0,0,15,0,1,0,0,0,0,0,15,15,17,543,479,3,0,15,15,1.0,23,0,232,56,127,23,13626
2025-07-05,argo,dev.icerock.gradle.generator.stringsGenerator,XmlStringsToPlatformTest,textWithXmlTagsOtherPlatforms,1,0,0.0,1,1.0,0,0,1,0,3,0,1,0,0.0,0,0,1,1,0.0,1,2.0,0,1,0.0,0,0.0,1.0,61,45,0.0,15,0,0,0,0,0,1,0,0,0,0,0,0,0,0,0,15,0.0,15,1.0,15,0,0,0,15,0,0,15,0,1,0,0,0,0,0,15,15,17,543,479,3,0,15,15,1.0,23,0,232,56,127,23,13626
2025-07-05,argo,dev.icerock.gradle.generator.stringsGenerator,XmlStringsToPlatformTest,textWithQuotesAndroid,1,0,0.0,1,1.0,0,0,1,0,3,0,1,0,0.0,0,0,1,1,0.0,1,2.0,0,1,0.0,0,0.0,1.0,61,45,0.0,15,0,0,0,0,0,1,0,0,0,0,0,0,0,0,0,15,0.0,15,1.0,15,0,0,0,15,0,0,15,0,1,0,0,0,0,0,15,15,17,543,479,3,0,15,15,1.0,23,0,232,56,127,23,13626
2025-07-05,argo,dev.icerock.gradle.generator.stringsGenerator,XmlStringsToPlatformTest,textWithQuotesOtherPlatforms,1,0,0.0,1,1.0,0,0,1,0,3,0,1,0,0.0,0,0,1,1,0.0,1,2.0,0,1,0.0,0,0.0,1.0,61,45,0.0,15,0,0,0,0,0,1,0,0,0,0,0,0,0,0,0,15,0.0,15,1.0,15,0,0,0,15,0,0,15,0,1,0,0,0,0,0,15,15,17,543,479,3,0,15,15,1.0,23,0,232,56,127,23,13626
2025-07-05,argo,dev.icerock.gradle.generator.stringsGenerator,XmlStringsToPlatformTest,unicodeEmojiAppleTest,1,0,0.0,1,1.0,0,0,1,0,3,0,1,0,0.0,0,0,1,1,0.0,1,2.0,0,1,0.0,0,0.0,1.0,61,45,0.0,15,0,0,0,0,0,1,0,0,0,0,0,0,0,0,0,15,0.0,15,1.0,15,0,0,0,15,0,0,15,0,1,0,0,0,0,0,15,15,17,543,479,3,0,15,15,1.0,23,0,232,56,127,23,13626
2025-07-05,argo,dev.icerock.gradle.generator.stringsGenerator,XmlStringsToPlatformTest,unicodeEmojiApplePluralTest,1,0,0.0,1,1.0,0,0,1,0,3,0,1,0,0.0,0,0,1,1,0.0,1,2.0,0,1,0.0,0,0.0,1.0,61,45,0.0,15,0,0,0,0,0,1,0,0,0,0,0,0,0,0,0,15,0.0,15,1.0,15,0,0,0,15,0,0,15,0,1,0,0,0,0,0,15,15,17,543,479,3,0,15,15,1.0,23,0,232,56,127,23,13626
2025-07-05,argo,dev.icerock.gradle.generator.stringsGenerator,XmlStringsToPlatformTest,unicodeEmojiAndroidTest,1,0,0.0,1,1.0,0,0,1,0,3,0,1,0,0.0,0,0,1,1,0.0,1,2.0,0,1,0.0,0,0.0,1.0,61,45,0.0,15,0,0,0,0,0,1,0,0,0,0,0,0,0,0,0,15,0.0,15,1.0,15,0,0,0,15,0,0,15,0,1,0,0,0,0,0,15,15,17,543,479,3,0,15,15,1.0,23,0,232,56,127,23,13626
2025-07-05,argo,dev.icerock.gradle.generator.stringsGenerator,XmlStringsToPlatformTest,unicodeEmojiOtherPlatformTest,1,0,0.0,1,1.0,0,0,1,0,3,0,1,0,0.0,0,0,1,1,0.0,1,2.0,0,1,0.0,0,0.0,1.0,61,45,0.0,15,0,0,0,0,0,1,0,0,0,0,0,0,0,0,0,15,0.0,15,1.0,15,0,0,0,15,0,0,15,0,1,0,0,0,0,0,15,15,17,543,479,3,0,15,15,1.0,23,0,232,56,127,23,13626
2025-07-05,argo,dev.icerock.gradle.generator.stringsGenerator,XmlStringsToPlatformTest,stringLikeAndroidLinkOnStringAndroidTest,1,0,0.0,1,1.0,0,0,1,0,3,0,1,0,0.0,0,0,1,1,0.0,1,2.0,0,1,0.0,0,0.0,1.0,61,45,0.0,15,0,0,0,0,0,1,0,0,0,0,0,0,0,0,0,15,0.0,15,1.0,15,0,0,0,15,0,0,15,0,1,0,0,0,0,0,15,15,17,543,479,3,0,15,15,1.0,23,0,232,56,127,23,13626
2025-07-05,argo,com.icerockdev.mpp,MainActivity,onCreate,1,0,0.0,1,1.0,1,0,1,0,4,0,1,0,0.0,1,0,1,1,0.0,1,2.0,1,1,0.0,0,0.0,0.0,6,4,0.0,1,0,1,4,0,1,1,0,0,0,0,0,0,0,0,0,1,0.0,1,1.0,1,1,0,0,1,0,0,1,1,1,0,0,0,0,0,1,1,17,543,479,1,0,1,1,1.0,1,0,20,56,127,1,13626
2025-07-05,argo,com.icerock.cm.sample.app,AndroidApp,onCreate,1,0,0.0,0,0.0,1,0,1,0,4,0,1,0,0.0,1,0,0,0,0.0,1,2.0,0,0,0.0,0,0.0,1.0,10,4,0.0,1,0,1,3,0,0,0,0,0,0,0,0,1,0,1,0,1,0.0,1,1.0,1,1,0,1,2,0,0,2,2,2,0,0,0,0,0,1,1,17,543,479,2,0,2,2,1.0,8,0,207,56,127,2,13626
2025-07-05,argo,com.icerock.cm.sample.app,AppActivity,onCreate,1,0,0.0,0,0.0,1,0,1,0,5,0,1,0,0.0,1,0,2,2,0.0,1,2.0,1,2,0.0,0,0.0,1.0,7,5,0.0,1,0,1,1,0,1,2,0,0,0,0,0,0,0,0,0,1,0.0,1,1.0,1,1,0,1,2,0,0,2,2,2,0,0,0,0,0,1,1,17,543,479,2,0,2,2,1.0,8,0,207,56,127,2,13626
2025-07-05,argo,com.myapplication,MainActivity,onCreate,1,0,0.0,0,0.0,1,0,1,0,4,0,1,0,0.0,1,0,1,1,0.0,1,2.0,1,1,0.0,0,0.0,0.0,6,4,0.0,1,0,1,4,0,1,1,0,0,0,0,0,0,0,0,0,1,0.0,1,1.0,1,1,0,0,1,0,0,1,1,1,0,0,0,0,0,1,1,17,543,479,1,0,1,1,1.0,1,0,17,56,127,1,13626
2025-07-05,argo,com.icerockdev,MainActivity,onCreate,1,11,0.0,14,0.8182,1,0,1,0,28,0,1,0,0.0,1,0,9,59,0.0,2,2.558139534883721,1,6,0.0,0,0.0,0.5,34,31,0.0,2,0,2,4,0,2,6,0,0,0,0,0,0,0,0,0,2,1.0,2,1.0,2,2,0,0,2,0,0,2,1,1,0,0,0,0,0,2,2,17,543,479,4,0,9,60,1.0,10,0,302,56,127,10,13626
2025-07-05,argo,com.icerockdev,MainActivity,attachBaseContext,1,0,0.0,0,0.0,1,0,1,0,3,0,1,0,0.0,1,0,0,1,0.0,0,3.0,1,0,0.0,0,0.0,0.5,34,31,0.0,2,0,2,4,0,2,6,0,0,0,0,0,0,0,0,0,2,1.0,2,1.0,2,2,0,0,2,0,0,2,1,1,0,0,0,0,0,2,2,17,543,479,4,0,9,60,1.0,10,0,302,56,127,10,13626
2025-07-05,argo,com.icerockdev,SelectLanguageActivity,onCreate,1,0,0.0,1,1.0,1,0,1,0,4,0,1,0,0.0,1,0,1,2,0.0,1,2.5,1,1,0.0,0,0.0,0.0,17,13,0.0,3,0,1,4,0,2,3,0,0,0,0,0,0,0,0,0,3,0.6666666666666667,3,1.0,3,1,0,0,3,0,0,3,1,1,0,0,0,0,0,3,3,17,543,479,4,0,5,8,1.0,10,0,302,56,127,10,13626
2025-07-05,argo,com.icerockdev,SelectLanguageActivity,onSystemLanguage,1,0,0.0,2,1.0,1,0,1,0,4,0,1,0,0.0,0,0,2,2,0.0,1,2.0,1,2,0.0,0,0.0,0.0,17,13,0.0,3,0,1,4,0,2,3,0,0,0,0,0,0,0,0,0,3,0.6666666666666667,3,1.0,3,1,0,0,3,0,0,3,1,1,0,0,0,0,0,3,3,17,543,479,4,0,5,8,1.0,10,0,302,56,127,10,13626
2025-07-05,argo,com.icerockdev,SelectLanguageActivity,onCustomLanguage,1,0,0.0,2,1.0,1,0,1,0,5,0,1,0,0.0,0,0,2,4,0.0,0,3.0,1,2,0.0,0,0.0,0.0,17,13,0.0,3,0,1,4,0,2,3,0,0,0,0,0,0,0,0,0,3,0.6666666666666667,3,1.0,3,1,0,0,3,0,0,3,1,1,0,0,0,0,0,3,3,17,543,479,4,0,5,8,1.0,10,0,302,56,127,10,13626
2025-07-05,argo,com.icerock.library,AppleTargetResourceTests,checkAppleTargetString,1,1,0.0,0,0.0,1,0,1,0,4,0,1,0,0.0,0,0,1,1,0.0,0,0.0,0,1,0.0,0,0.0,1.0,21,16,0.0,4,0,0,1,0,0,2,0,0,0,0,0,0,0,0,0,4,0.0,4,1.0,4,0,0,0,4,0,0,4,0,1,0,0,0,0,0,4,4,17,543,479,9,0,4,7,1.0,40,0,526,56,127,42,13626
2025-07-05,argo,com.icerock.library,AppleTargetResourceTests,compareApplePlurals0,1,1,0.0,0,0.0,1,0,1,0,4,0,1,0,0.0,0,0,1,2,0.0,0,0.0,0,1,0.0,0,0.0,1.0,21,16,0.0,4,0,0,1,0,0,2,0,0,0,0,0,0,0,0,0,4,0.0,4,1.0,4,0,0,0,4,0,0,4,0,1,0,0,0,0,0,4,4,17,543,479,9,0,4,7,1.0,40,0,526,56,127,42,13626
2025-07-05,argo,com.icerock.library,AppleTargetResourceTests,compareApplePlurals1,1,1,0.0,0,0.0,1,0,1,0,4,0,1,0,0.0,0,0,1,2,0.0,0,0.0,0,1,0.0,0,0.0,1.0,21,16,0.0,4,0,0,1,0,0,2,0,0,0,0,0,0,0,0,0,4,0.0,4,1.0,4,0,0,0,4,0,0,4,0,1,0,0,0,0,0,4,4,17,543,479,9,0,4,7,1.0,40,0,526,56,127,42,13626
2025-07-05,argo,com.icerock.library,AppleTargetResourceTests,compareApplePlurals5,1,1,0.0,0,0.0,1,0,1,0,4,0,1,0,0.0,0,0,1,2,0.0,0,0.0,0,1,0.0,0,0.0,1.0,21,16,0.0,4,0,0,1,0,0,2,0,0,0,0,0,0,0,0,0,4,0.0,4,1.0,4,0,0,0,4,0,0,4,0,1,0,0,0,0,0,4,4,17,543,479,9,0,4,7,1.0,40,0,526,56,127,42,13626
2025-07-05,argo,com.icerock.library,BaseStringResourceTests,setup,1,0,0.0,1,1.0,0,1,1,0,3,0,1,0,0.0,0,0,1,3,0.0,0,2.5,0,0,0.0,0,0.0,1.0,9,2,0.0,3,0,0,1,0,2,0,0,0,0,0,0,0,0,0,1,3,0.6666666666666667,3,1.0,3,0,0,0,1,0,2,1,0,0,0,0,0,0,0,3,3,17,543,479,9,0,1,5,1.0,40,0,526,56,127,42,13626
2025-07-05,argo,com.icerock.library,BaseStringResourceTests,stringTest,1,0,0.0,1,1.0,0,1,1,0,1,0,1,0,0.0,0,0,0,1,0.0,1,2.0,2,0,0.0,0,0.0,1.0,9,2,0.0,3,0,0,1,0,2,0,0,0,0,0,0,0,0,0,1,3,0.6666666666666667,3,1.0,3,0,0,0,1,0,2,1,0,0,0,0,0,0,0,3,3,17,543,479,9,0,1,5,1.0,40,0,526,56,127,42,13626
2025-07-05,argo,com.icerock.library,BaseStringResourceTests,pluralTest,1,0,0.0,1,1.0,0,1,1,0,1,0,1,0,0.0,0,0,0,1,0.0,1,2.0,2,0,0.0,0,0.0,1.0,9,2,0.0,3,0,0,1,0,2,0,0,0,0,0,0,0,0,0,1,3,0.6666666666666667,3,1.0,3,0,0,0,1,0,2,1,0,0,0,0,0,0,0,3,3,17,543,479,9,0,1,5,1.0,40,0,526,56,127,42,13626
2025-07-05,argo,app.thirtyninth.compose.navigation.kotlin2sample.android,MainActivity,onCreate,1,0,0.0,4,1.0,1,0,1,0,8,0,1,0,0.0,1,0,1,10,0.0,2,2.8333333333333335,1,1,0.0,0,0.0,1.0,10,8,0.0,1,0,1,1,0,1,1,0,0,0,0,0,0,0,0,0,1,0.0,1,1.0,1,1,0,0,1,0,0,1,1,1,0,0,0,0,0,1,1,17,543,479,1,0,1,10,1.0,4,0,107,56,127,1,13626
2025-07-05,argo,app.kotlin2sample,Greeting,greet,1,0,0.0,0,0.0,0,1,1,0,3,0,1,0,0.0,0,1,0,0,1.0,0,2.0,0,0,0.0,0,0.0,0.5,11,3,0.0,2,1,0,0,0,2,0,0,1,0,0,1,0,0,0,0,2,1.0,2,1.0,2,0,1,0,2,0,0,2,0,1,0,0,0,0,0,2,2,17,543,479,4,0,0,3,1.0,1,1,42,56,127,2,13626
2025-07-05,argo,app.kotlin2sample,Greeting,getMR,1,0,0.0,1,1.0,0,1,1,0,3,0,1,0,0.0,0,0,0,3,0.0,0,4.0,0,0,0.0,0,0.0,0.5,11,3,0.0,2,1,0,0,0,2,0,0,1,0,0,1,0,0,0,0,2,1.0,2,1.0,2,0,1,0,2,0,0,2,0,1,0,0,0,0,0,2,2,17,543,479,4,0,0,3,1.0,1,1,42,56,127,2,13626
2025-07-05,argo,Unknown,AppDelegate,window,1,0,0.0,0,0.0,2,1,1,0,1,0,1,0,1.0,0,1,0,0,1.0,0,0.0,0,0,0.0,0,0.3333333333333333,0.6666666666666666,24,11,0.0,2,1,3,1,0,4,0,0,1,0,0,0,0,0,1,0,3,0.33333333333333337,3,1.0,3,3,1,0,3,0,0,3,0,1,0,0,0,0,0,3,3,17,543,479,0,0,2,6,1.0,0,0,0,56,127,4,13626
2025-07-05,argo,Unknown,AppDelegate,setWindow,1,0,0.0,0,0.0,2,1,1,0,3,0,1,1,0.5,0,1,1,0,1.0,0,0.0,1,0,0.0,0,0.3333333333333333,0.6666666666666666,24,11,0.0,2,1,3,1,0,4,0,0,1,0,0,0,0,0,1,0,3,0.33333333333333337,3,1.0,3,3,1,0,3,0,0,3,0,1,0,0,0,0,0,3,3,17,543,479,0,0,2,6,1.0,0,0,0,56,127,4,13626
2025-07-05,argo,Unknown,AppDelegate,application,1,2,0.0,3,1.0,2,1,1,0,10,0,1,1,0.0,0,0,1,6,0.0,1,2.5,2,0,0.0,0,0.3333333333333333,0.6666666666666666,24,11,0.0,2,1,3,1,0,4,0,0,1,0,0,0,0,0,1,0,3,0.33333333333333337,3,1.0,3,3,1,0,3,0,0,3,0,1,0,0,0,0,0,3,3,17,543,479,0,0,2,6,1.0,0,0,0,56,127,4,13626
2025-07-05,argo,Unknown,LabelViewController,viewDidLoad,1,0,0.0,1,1.0,1,0,1,1,4,0,1,0,1.0,1,1,1,3,1.0,1,2.3333333333333335,0,0,0.0,0,0.0,1.0,12,4,0.0,1,1,1,1,0,0,0,0,0,0,0,0,0,0,1,0,1,0.0,1,1.0,1,1,1,0,1,0,0,1,1,1,0,0,0,0,0,1,1,17,543,479,0,0,1,3,1.0,0,0,0,56,127,4,13626
2025-07-05,argo,com.icerockdev,MainActivity,onCreate,1,11,0.0,14,0.8182,1,0,1,0,28,0,1,0,0.0,1,0,9,61,0.0,2,2.5681818181818183,1,6,0.0,0,0.0,0.5,34,31,0.0,2,0,2,4,0,2,6,0,0,0,0,0,0,0,0,0,2,1.0,2,1.0,2,2,0,0,2,0,0,2,1,1,0,0,0,0,0,2,2,17,543,479,4,0,9,62,1.0,10,0,302,56,127,10,13626
2025-07-05,argo,com.icerockdev,MainActivity,attachBaseContext,1,0,0.0,0,0.0,1,0,1,0,3,0,1,0,0.0,1,0,0,1,0.0,0,3.0,1,0,0.0,0,0.0,0.5,34,31,0.0,2,0,2,4,0,2,6,0,0,0,0,0,0,0,0,0,2,1.0,2,1.0,2,2,0,0,2,0,0,2,1,1,0,0,0,0,0,2,2,17,543,479,4,0,9,62,1.0,10,0,302,56,127,10,13626
2025-07-05,argo,com.icerockdev,SelectLanguageActivity,onCreate,1,0,0.0,1,1.0,1,0,1,0,4,0,1,0,0.0,1,0,1,2,0.0,1,2.5,1,1,0.0,0,0.0,0.0,17,13,0.0,3,0,1,4,0,2,3,0,0,0,0,0,0,0,0,0,3,0.6666666666666667,3,1.0,3,1,0,0,3,0,0,3,1,1,0,0,0,0,0,3,3,17,543,479,4,0,5,8,1.0,10,0,302,56,127,10,13626
2025-07-05,argo,com.icerockdev,SelectLanguageActivity,onSystemLanguage,1,0,0.0,2,1.0,1,0,1,0,4,0,1,0,0.0,0,0,2,2,0.0,1,2.0,1,2,0.0,0,0.0,0.0,17,13,0.0,3,0,1,4,0,2,3,0,0,0,0,0,0,0,0,0,3,0.6666666666666667,3,1.0,3,1,0,0,3,0,0,3,1,1,0,0,0,0,0,3,3,17,543,479,4,0,5,8,1.0,10,0,302,56,127,10,13626
2025-07-05,argo,com.icerockdev,SelectLanguageActivity,onCustomLanguage,1,0,0.0,2,1.0,1,0,1,0,5,0,1,0,0.0,0,0,2,4,0.0,0,3.0,1,2,0.0,0,0.0,0.0,17,13,0.0,3,0,1,4,0,2,3,0,0,0,0,0,0,0,0,0,3,0.6666666666666667,3,1.0,3,1,0,0,3,0,0,3,1,1,0,0,0,0,0,3,3,17,543,479,4,0,5,8,1.0,10,0,302,56,127,10,13626
2025-07-05,argo,com.icerock.library,AssetsTests,checkAssetRead,1,0,0.0,1,1.0,1,0,1,0,1,0,1,0,0.0,0,0,0,5,0.0,0,3.5,0,0,0.0,0,0.0,1.0,3,1,0.0,1,0,0,1,0,0,0,0,0,0,0,0,0,0,0,0,1,0.0,1,1.0,1,0,0,0,1,0,0,1,0,1,0,0,0,0,0,1,1,17,543,479,9,0,0,5,1.0,40,0,526,56,127,42,13626
2025-07-05,argo,com.icerock.library,BaseStringResourceTests,setup,1,0,0.0,1,1.0,0,1,1,0,3,0,1,0,0.0,0,0,1,3,0.0,0,2.5,0,0,0.0,0,0.0,1.0,9,2,0.0,3,0,0,1,0,2,0,0,0,0,0,0,0,0,0,4,3,0.6666666666666667,3,1.0,3,0,0,0,1,0,2,1,0,0,0,0,0,0,0,3,3,17,543,479,9,0,1,5,1.0,40,0,526,56,127,42,13626
2025-07-05,argo,com.icerock.library,BaseStringResourceTests,stringTest,1,0,0.0,1,1.0,0,1,1,0,1,0,1,0,0.0,0,0,0,1,0.0,1,2.0,2,0,0.0,0,0.0,1.0,9,2,0.0,3,0,0,1,0,2,0,0,0,0,0,0,0,0,0,4,3,0.6666666666666667,3,1.0,3,0,0,0,1,0,2,1,0,0,0,0,0,0,0,3,3,17,543,479,9,0,1,5,1.0,40,0,526,56,127,42,13626
2025-07-05,argo,com.icerock.library,BaseStringResourceTests,pluralTest,1,0,0.0,1,1.0,0,1,1,0,1,0,1,0,0.0,0,0,0,1,0.0,1,2.0,2,0,0.0,0,0.0,1.0,9,2,0.0,3,0,0,1,0,2,0,0,0,0,0,0,0,0,0,4,3,0.6666666666666667,3,1.0,3,0,0,0,1,0,2,1,0,0,0,0,0,0,0,3,3,17,543,479,9,0,1,5,1.0,40,0,526,56,127,42,13626
2025-07-05,argo,com.icerock.library,PluralResourceEnTests,checkSimplePlural0,1,0,0.0,1,1.0,1,0,1,0,1,0,1,0,0.0,0,0,0,3,0.0,0,4.0,0,0,0.0,0,0.0,1.0,46,36,0.0,9,0,0,1,0,0,0,0,0,0,0,0,0,0,0,0,9,0.0,9,1.0,9,0,0,0,9,0,0,9,0,1,0,0,0,0,0,9,9,17,543,479,9,0,0,27,1.0,40,0,526,56,127,42,13626
2025-07-05,argo,com.icerock.library,PluralResourceEnTests,checkSimplePlural1,1,0,0.0,1,1.0,1,0,1,0,1,0,1,0,0.0,0,0,0,3,0.0,0,4.0,0,0,0.0,0,0.0,1.0,46,36,0.0,9,0,0,1,0,0,0,0,0,0,0,0,0,0,0,0,9,0.0,9,1.0,9,0,0,0,9,0,0,9,0,1,0,0,0,0,0,9,9,17,543,479,9,0,0,27,1.0,40,0,526,56,127,42,13626
2025-07-05,argo,com.icerock.library,PluralResourceEnTests,checkSimplePlural2,1,0,0.0,1,1.0,1,0,1,0,1,0,1,0,0.0,0,0,0,3,0.0,0,4.0,0,0,0.0,0,0.0,1.0,46,36,0.0,9,0,0,1,0,0,0,0,0,0,0,0,0,0,0,0,9,0.0,9,1.0,9,0,0,0,9,0,0,9,0,1,0,0,0,0,0,9,9,17,543,479,9,0,0,27,1.0,40,0,526,56,127,42,13626
2025-07-05,argo,com.icerock.library,PluralResourceEnTests,checkSimplePlural3,1,0,0.0,1,1.0,1,0,1,0,1,0,1,0,0.0,0,0,0,3,0.0,0,4.0,0,0,0.0,0,0.0,1.0,46,36,0.0,9,0,0,1,0,0,0,0,0,0,0,0,0,0,0,0,9,0.0,9,1.0,9,0,0,0,9,0,0,9,0,1,0,0,0,0,0,9,9,17,543,479,9,0,0,27,1.0,40,0,526,56,127,42,13626
2025-07-05,argo,com.icerock.library,PluralResourceEnTests,checkSimplePlural40,1,0,0.0,1,1.0,1,0,1,0,1,0,1,0,0.0,0,0,0,3,0.0,0,4.0,0,0,0.0,0,0.0,1.0,46,36,0.0,9,0,0,1,0,0,0,0,0,0,0,0,0,0,0,0,9,0.0,9,1.0,9,0,0,0,9,0,0,9,0,1,0,0,0,0,0,9,9,17,543,479,9,0,0,27,1.0,40,0,526,56,127,42,13626
2025-07-05,argo,com.icerock.library,PluralResourceEnTests,checkSimplePlural22,1,0,0.0,1,1.0,1,0,1,0,1,0,1,0,0.0,0,0,0,3,0.0,0,4.0,0,0,0.0,0,0.0,1.0,46,36,0.0,9,0,0,1,0,0,0,0,0,0,0,0,0,0,0,0,9,0.0,9,1.0,9,0,0,0,9,0,0,9,0,1,0,0,0,0,0,9,9,17,543,479,9,0,0,27,1.0,40,0,526,56,127,42,13626
2025-07-05,argo,com.icerock.library,PluralResourceEnTests,checkPluralFallback1,1,0,0.0,1,1.0,1,0,1,0,1,0,1,0,0.0,0,0,0,3,0.0,0,4.0,0,0,0.0,0,0.0,1.0,46,36,0.0,9,0,0,1,0,0,0,0,0,0,0,0,0,0,0,0,9,0.0,9,1.0,9,0,0,0,9,0,0,9,0,1,0,0,0,0,0,9,9,17,543,479,9,0,0,27,1.0,40,0,526,56,127,42,13626
2025-07-05,argo,com.icerock.library,PluralResourceEnTests,checkPluralFallback2,1,0,0.0,1,1.0,1,0,1,0,1,0,1,0,0.0,0,0,0,3,0.0,0,4.0,0,0,0.0,0,0.0,1.0,46,36,0.0,9,0,0,1,0,0,0,0,0,0,0,0,0,0,0,0,9,0.0,9,1.0,9,0,0,0,9,0,0,9,0,1,0,0,0,0,0,9,9,17,543,479,9,0,0,27,1.0,40,0,526,56,127,42,13626
2025-07-05,argo,com.icerock.library,PluralResourceEnTests,checkVariantsPlurals,1,0,0.0,1,1.0,1,0,1,0,28,0,1,0,0.0,0,0,0,3,0.0,2,2.0,0,0,0.0,0,0.0,1.0,46,36,0.0,9,0,0,1,0,0,0,0,0,0,0,0,0,0,0,0,9,0.0,9,1.0,9,0,0,0,9,0,0,9,0,1,0,0,0,0,0,9,9,17,543,479,9,0,0,27,1.0,40,0,526,56,127,42,13626
2025-07-05,argo,com.icerock.library,PluralResourceRuTests,checkSimplePlural0,1,0,0.0,1,1.0,1,0,1,0,1,0,1,0,0.0,0,0,0,3,0.0,0,4.0,0,0,0.0,0,0.0,1.0,46,36,0.0,9,0,0,1,0,0,0,0,0,0,0,0,0,0,0,0,9,0.0,9,1.0,9,0,0,0,9,0,0,9,0,1,0,0,0,0,0,9,9,17,543,479,9,0,0,27,1.0,40,0,526,56,127,42,13626
2025-07-05,argo,com.icerock.library,PluralResourceRuTests,checkSimplePlural1,1,0,0.0,1,1.0,1,0,1,0,1,0,1,0,0.0,0,0,0,3,0.0,0,4.0,0,0,0.0,0,0.0,1.0,46,36,0.0,9,0,0,1,0,0,0,0,0,0,0,0,0,0,0,0,9,0.0,9,1.0,9,0,0,0,9,0,0,9,0,1,0,0,0,0,0,9,9,17,543,479,9,0,0,27,1.0,40,0,526,56,127,42,13626
2025-07-05,argo,com.icerock.library,PluralResourceRuTests,checkSimplePlural2,1,0,0.0,1,1.0,1,0,1,0,1,0,1,0,0.0,0,0,0,3,0.0,0,4.0,0,0,0.0,0,0.0,1.0,46,36,0.0,9,0,0,1,0,0,0,0,0,0,0,0,0,0,0,0,9,0.0,9,1.0,9,0,0,0,9,0,0,9,0,1,0,0,0,0,0,9,9,17,543,479,9,0,0,27,1.0,40,0,526,56,127,42,13626
2025-07-05,argo,com.icerock.library,PluralResourceRuTests,checkSimplePlural3,1,0,0.0,1,1.0,1,0,1,0,1,0,1,0,0.0,0,0,0,3,0.0,0,4.0,0,0,0.0,0,0.0,1.0,46,36,0.0,9,0,0,1,0,0,0,0,0,0,0,0,0,0,0,0,9,0.0,9,1.0,9,0,0,0,9,0,0,9,0,1,0,0,0,0,0,9,9,17,543,479,9,0,0,27,1.0,40,0,526,56,127,42,13626
2025-07-05,argo,com.icerock.library,PluralResourceRuTests,checkSimplePlural40,1,0,0.0,1,1.0,1,0,1,0,1,0,1,0,0.0,0,0,0,3,0.0,0,4.0,0,0,0.0,0,0.0,1.0,46,36,0.0,9,0,0,1,0,0,0,0,0,0,0,0,0,0,0,0,9,0.0,9,1.0,9,0,0,0,9,0,0,9,0,1,0,0,0,0,0,9,9,17,543,479,9,0,0,27,1.0,40,0,526,56,127,42,13626
2025-07-05,argo,com.icerock.library,PluralResourceRuTests,checkSimplePlural22,1,0,0.0,1,1.0,1,0,1,0,1,0,1,0,0.0,0,0,0,3,0.0,0,4.0,0,0,0.0,0,0.0,1.0,46,36,0.0,9,0,0,1,0,0,0,0,0,0,0,0,0,0,0,0,9,0.0,9,1.0,9,0,0,0,9,0,0,9,0,1,0,0,0,0,0,9,9,17,543,479,9,0,0,27,1.0,40,0,526,56,127,42,13626
2025-07-05,argo,com.icerock.library,PluralResourceRuTests,checkPluralFallback1,1,0,0.0,1,1.0,1,0,1,0,1,0,1,0,0.0,0,0,0,3,0.0,0,4.0,0,0,0.0,0,0.0,1.0,46,36,0.0,9,0,0,1,0,0,0,0,0,0,0,0,0,0,0,0,9,0.0,9,1.0,9,0,0,0,9,0,0,9,0,1,0,0,0,0,0,9,9,17,543,479,9,0,0,27,1.0,40,0,526,56,127,42,13626
2025-07-05,argo,com.icerock.library,PluralResourceRuTests,checkPluralFallback2,1,0,0.0,1,1.0,1,0,1,0,1,0,1,0,0.0,0,0,0,3,0.0,0,4.0,0,0,0.0,0,0.0,1.0,46,36,0.0,9,0,0,1,0,0,0,0,0,0,0,0,0,0,0,0,9,0.0,9,1.0,9,0,0,0,9,0,0,9,0,1,0,0,0,0,0,9,9,17,543,479,9,0,0,27,1.0,40,0,526,56,127,42,13626
2025-07-05,argo,com.icerock.library,PluralResourceRuTests,checkVariantsPlurals,1,0,0.0,1,1.0,1,0,1,0,28,0,1,0,0.0,0,0,0,3,0.0,2,2.0,0,0,0.0,0,0.0,1.0,46,36,0.0,9,0,0,1,0,0,0,0,0,0,0,0,0,0,0,0,9,0.0,9,1.0,9,0,0,0,9,0,0,9,0,1,0,0,0,0,0,9,9,17,543,479,9,0,0,27,1.0,40,0,526,56,127,42,13626
2025-07-05,argo,com.icerock.library,StringResourceEnTests,checkSimpleString,1,0,0.0,1,1.0,1,0,1,0,1,0,1,0,0.0,0,0,0,3,0.0,0,4.0,0,0,0.0,0,0.0,1.0,5,2,0.0,2,0,0,1,0,0,0,0,0,0,0,0,0,0,0,0,2,0.0,2,1.0,2,0,0,0,2,0,0,2,0,1,0,0,0,0,0,2,2,17,543,479,9,0,0,6,1.0,40,0,526,56,127,42,13626
2025-07-05,argo,com.icerock.library,StringResourceEnTests,checkFormattedString,1,0,0.0,1,1.0,1,0,1,0,1,0,1,0,0.0,0,0,0,3,0.0,0,4.0,0,0,0.0,0,0.0,1.0,5,2,0.0,2,0,0,1,0,0,0,0,0,0,0,0,0,0,0,0,2,0.0,2,1.0,2,0,0,0,2,0,0,2,0,1,0,0,0,0,0,2,2,17,543,479,9,0,0,6,1.0,40,0,526,56,127,42,13626
2025-07-05,argo,com.icerock.library,StringResourceRuTests,checkSimpleString,1,0,0.0,1,1.0,1,0,1,0,1,0,1,0,0.0,0,0,0,3,0.0,0,4.0,0,0,0.0,0,0.0,1.0,5,2,0.0,2,0,0,1,0,0,0,0,0,0,0,0,0,0,0,0,2,0.0,2,1.0,2,0,0,0,2,0,0,2,0,1,0,0,0,0,0,2,2,17,543,479,9,0,0,6,1.0,40,0,526,56,127,42,13626
2025-07-05,argo,com.icerock.library,StringResourceRuTests,checkFormattedString,1,0,0.0,1,1.0,1,0,1,0,1,0,1,0,0.0,0,0,0,3,0.0,0,4.0,0,0,0.0,0,0.0,1.0,5,2,0.0,2,0,0,1,0,0,0,0,0,0,0,0,0,0,0,0,2,0.0,2,1.0,2,0,0,0,2,0,0,2,0,1,0,0,0,0,0,2,2,17,543,479,9,0,0,6,1.0,40,0,526,56,127,42,13626
2025-07-05,argo,com.icerock.library,StringResourceTests,compareStrings,1,0,0.0,2,1.0,1,0,1,0,4,0,1,0,0.0,0,0,1,6,0.0,2,3.0,0,1,0.0,0,0.0,1.0,54,44,0.0,9,0,0,1,0,0,1,0,0,0,0,0,0,0,0,0,9,0.2222222222222222,9,1.0,9,0,0,0,9,0,0,9,0,1,0,0,0,0,0,9,9,17,543,479,9,0,1,68,1.0,40,0,526,56,127,42,13626
2025-07-05,argo,com.icerock.library,StringResourceTests,checkRuStrings,1,1,0.0,2,1.0,1,0,1,0,5,0,1,0,0.0,0,0,0,6,0.0,2,2.6666666666666665,0,0,0.0,0,0.0,1.0,54,44,0.0,9,0,0,1,0,0,1,0,0,0,0,0,0,0,0,0,9,0.2222222222222222,9,1.0,9,0,0,0,9,0,0,9,0,1,0,0,0,0,0,9,9,17,543,479,9,0,1,68,1.0,40,0,526,56,127,42,13626
2025-07-05,argo,com.icerock.library,StringResourceTests,checkEnStrings,1,1,0.0,2,1.0,1,0,1,0,5,0,1,0,0.0,0,0,0,6,0.0,2,2.6666666666666665,0,0,0.0,0,0.0,1.0,54,44,0.0,9,0,0,1,0,0,1,0,0,0,0,0,0,0,0,0,9,0.2222222222222222,9,1.0,9,0,0,0,9,0,0,9,0,1,0,0,0,0,0,9,9,17,543,479,9,0,1,68,1.0,40,0,526,56,127,42,13626
2025-07-05,argo,com.icerock.library,StringResourceTests,checkEnString,1,1,0.0,2,1.0,1,0,1,0,5,0,1,0,0.0,0,0,0,8,0.0,0,3.3333333333333335,0,0,0.0,0,0.0,1.0,54,44,0.0,9,0,0,1,0,0,1,0,0,0,0,0,0,0,0,0,9,0.2222222222222222,9,1.0,9,0,0,0,9,0,0,9,0,1,0,0,0,0,0,9,9,17,543,479,9,0,1,68,1.0,40,0,526,56,127,42,13626
2025-07-05,argo,com.icerock.library,StringResourceTests,checkEnUsString,1,1,0.0,2,1.0,1,0,1,0,5,0,1,0,0.0,0,0,0,8,0.0,0,3.3333333333333335,0,0,0.0,0,0.0,1.0,54,44,0.0,9,0,0,1,0,0,1,0,0,0,0,0,0,0,0,0,9,0.2222222222222222,9,1.0,9,0,0,0,9,0,0,9,0,1,0,0,0,0,0,9,9,17,543,479,9,0,1,68,1.0,40,0,526,56,127,42,13626
2025-07-05,argo,com.icerock.library,StringResourceTests,checkEnGbString,1,1,0.0,2,1.0,1,0,1,0,5,0,1,0,0.0,0,0,0,8,0.0,0,3.3333333333333335,0,0,0.0,0,0.0,1.0,54,44,0.0,9,0,0,1,0,0,1,0,0,0,0,0,0,0,0,0,9,0.2222222222222222,9,1.0,9,0,0,0,9,0,0,9,0,1,0,0,0,0,0,9,9,17,543,479,9,0,1,68,1.0,40,0,526,56,127,42,13626
2025-07-05,argo,com.icerock.library,StringResourceTests,stringFallsBackToBaseUnspecifiedDialect,1,1,0.0,2,1.0,1,0,1,0,5,0,1,0,0.0,0,0,0,8,0.0,0,3.3333333333333335,0,0,0.0,0,0.0,1.0,54,44,0.0,9,0,0,1,0,0,1,0,0,0,0,0,0,0,0,0,9,0.2222222222222222,9,1.0,9,0,0,0,9,0,0,9,0,1,0,0,0,0,0,9,9,17,543,479,9,0,1,68,1.0,40,0,526,56,127,42,13626
2025-07-05,argo,com.icerock.library,StringResourceTests,checkRuStringsList,1,1,0.0,3,1.0,1,0,1,0,5,0,1,0,0.0,0,0,0,9,0.0,0,2.2857142857142856,0,0,0.0,0,0.0,1.0,54,44,0.0,9,0,0,1,0,0,1,0,0,0,0,0,0,0,0,0,9,0.2222222222222222,9,1.0,9,0,0,0,9,0,0,9,0,1,0,0,0,0,0,9,9,17,543,479,9,0,1,68,1.0,40,0,526,56,127,42,13626
2025-07-05,argo,com.icerock.library,StringResourceTests,checkEnStringsList,1,1,0.0,3,1.0,1,0,1,0,5,0,1,0,0.0,0,0,0,9,0.0,0,2.2857142857142856,0,0,0.0,0,0.0,1.0,54,44,0.0,9,0,0,1,0,0,1,0,0,0,0,0,0,0,0,0,9,0.2222222222222222,9,1.0,9,0,0,0,9,0,0,9,0,1,0,0,0,0,0,9,9,17,543,479,9,0,1,68,1.0,40,0,526,56,127,42,13626
