Extraction Date,Project,Package,Class,Method,CYCLO_method,NOLV_method,CLNAMM_method,CINT_method,CDISP_method,NOII_type,NOAM_type,NOCS_type,number_constructor_NotDefaultConstructor,LOC_method,MAXNESTING_method,CC_method,NMCS_method,LAA_method,CM_method,NOAV_method,ATFD_method,FANOUT_method,ATLD_method,MaMCL_method,MeMCL_method,NOP_method,FDP_method,CFNAMM_method,Number_Final_Not_Static_Methods,TCC_type,WOC_type,LOC_type,LOCNAMM_type,CFNAMM_type,NOMNAMM_type,NOA_type,NIM_type,DIT_type,NOPA_type,CBO_type,RFC_type,isStatic_type,number_private_visibility_attributes,number_protected_visibility_attributes,number_package_visibility_attributes,num_final_attributes,num_static_attributes,num_final_static_attributes,num_not_final_not_static_attributes,NOC_type,WMC_type,LCOM5_type,WMCNAMM_type,AMW_type,NOM_type,NMO_type,num_final_not_static_attributes,num_static_not_final_attributes,number_public_visibility_methods,number_private_visibility_methods,number_protected_visibility_methods,number_package_visibility_methods,number_standard_design_methods,number_constructor_DefaultConstructor_methods,number_final_methods,number_abstract_methods,number_static_methods,number_final_static_methods,number_not_final_static_methods,number_not_final_not_static_methods,number_not_abstract_not_final_methods,NOI_project,NOM_project,NOMNAMM_project,NOCS_package,isStatic_method,ATFD_type,FANOUT_type,AMWNAMM_type,NOMNAMM_Package,NOI_Package,LOC_package,NOPK_project,NOCS_project,NOM_package,LOC_project
2025-07-11,argo,com.mrsep.musicrecognizer,ExampleInstrumentedTest,useAppContext,1,1,0.0,2,1.0,0,0,1,0,4,0,1,0,0.0,0,0,1,5,0.0,0,2.6666666666666665,0,1,0.0,0,0.0,1.0,6,4,0.0,1,0,0,0,0,0,1,0,0,0,0,0,0,0,0,0,1,0.0,1,1.0,1,0,0,0,1,0,0,1,0,1,0,0,0,0,0,1,1,44,611,461,2,0,1,5,1.0,14,0,361,82,179,11,27650
2025-07-11,argo,com.mrsep.musicrecognizer,MusicRecognizerApp,attachBaseContext,2,0,0.0,1,1.0,1,2,1,0,5,1,2,1,0.0,2,0,1,1,0.0,1,2.0,1,1,0.0,0,0.0,0.7,99,49,0.125,10,4,3,3,0,4,7,0,2,0,0,3,2,2,3,0,16,0.9555555555555556,16,1.6,10,3,4,0,3,7,0,3,4,1,0,0,0,0,0,10,10,44,611,461,2,0,7,89,1.6,14,0,361,82,179,11,27650
2025-07-11,argo,com.mrsep.musicrecognizer,MusicRecognizerApp,onCreate,3,0,3.0,2,1.0,1,2,1,0,7,2,3,3,0.0,4,0,2,2,0.0,1,2.0,0,2,0.0,0,0.0,0.7,99,49,0.125,10,4,3,3,0,4,7,0,2,0,0,3,2,2,3,0,16,0.9555555555555556,16,1.6,10,3,4,0,3,7,0,3,4,1,0,0,0,0,0,10,10,44,611,461,2,0,7,89,1.6,14,0,361,82,179,11,27650
2025-07-11,argo,com.mrsep.musicrecognizer,MusicRecognizerApp,newImageLoader,1,0,0.0,1,1.0,1,2,1,0,3,0,1,0,0.5,0,1,0,11,1.0,0,2.8333333333333335,1,0,0.0,0,0.0,0.7,99,49,0.125,10,4,3,3,0,4,7,0,2,0,0,3,2,2,3,0,16,0.9555555555555556,16,1.6,10,3,4,0,3,7,0,3,4,1,0,0,0,0,0,10,10,44,611,461,2,0,7,89,1.6,14,0,361,82,179,11,27650
2025-07-11,argo,com.mrsep.musicrecognizer,MusicRecognizerApp,createNotificationChannels,1,0,0.0,0,0.0,1,2,1,0,3,0,1,0,0.0,1,0,1,4,0.0,0,2.3333333333333335,0,1,0.0,0,0.0,0.7,99,49,0.125,10,4,3,3,0,4,7,0,2,0,0,3,2,2,3,0,16,0.9555555555555556,16,1.6,10,3,4,0,3,7,0,3,4,1,0,0,0,0,0,10,10,44,611,461,2,0,7,89,1.6,14,0,361,82,179,11,27650
2025-07-11,argo,com.mrsep.musicrecognizer,MusicRecognizerApp,createShortcuts,1,0,0.0,1,1.0,1,2,1,0,3,0,1,1,0.0,1,0,1,1,0.0,1,2.0,0,1,0.0,0,0.0,0.7,99,49,0.125,10,4,3,3,0,4,7,0,2,0,0,3,2,2,3,0,16,0.9555555555555556,16,1.6,10,3,4,0,3,7,0,3,4,1,0,0,0,0,0,10,10,44,611,461,2,0,7,89,1.6,14,0,361,82,179,11,27650
2025-07-11,argo,com.mrsep.musicrecognizer,MusicRecognizerApp,getShortcuts,1,0,0.0,1,1.0,1,2,1,0,1,0,1,1,0.0,2,0,0,4,0.0,0,2.3333333333333335,0,0,0.0,0,0.0,0.7,99,49,0.125,10,4,3,3,0,4,7,0,2,0,0,3,2,2,3,0,16,0.9555555555555556,16,1.6,10,3,4,0,3,7,0,3,4,1,0,0,0,0,0,10,10,44,611,461,2,0,7,89,1.6,14,0,361,82,179,11,27650
2025-07-11,argo,com.mrsep.musicrecognizer,MusicRecognizerApp,recognitionShortcut,1,0,0.0,1,1.0,1,2,1,0,3,0,1,0,0.0,0,0,0,16,0.0,0,4.2,0,0,0.0,0,0.0,0.7,99,49,0.125,10,4,3,3,0,4,7,0,2,0,0,3,2,2,3,0,16,0.9555555555555556,16,1.6,10,3,4,0,3,7,0,3,4,1,0,0,0,0,0,10,10,44,611,461,2,0,7,89,1.6,14,0,361,82,179,11,27650
2025-07-11,argo,com.mrsep.musicrecognizer,MusicRecognizerApp,backgroundRecognitionShortcut,1,0,0.0,1,1.0,1,2,1,0,3,0,1,0,0.0,0,0,0,14,0.0,0,5.666666666666667,0,0,0.0,0,0.0,0.7,99,49,0.125,10,4,3,3,0,4,7,0,2,0,0,3,2,2,3,0,16,0.9555555555555556,16,1.6,10,3,4,0,3,7,0,3,4,1,0,0,0,0,0,10,10,44,611,461,2,0,7,89,1.6,14,0,361,82,179,11,27650
2025-07-11,argo,com.mrsep.musicrecognizer,MusicRecognizerApp,setupAcra,1,0,0.0,1,1.0,1,2,1,0,24,0,1,0,0.0,0,0,1,6,0.0,0,2.5714285714285716,0,1,0.0,0,0.0,0.7,99,49,0.125,10,4,3,3,0,4,7,0,2,0,0,3,2,2,3,0,16,0.9555555555555556,16,1.6,10,3,4,0,3,7,0,3,4,1,0,0,0,0,0,10,10,44,611,461,2,0,7,89,1.6,14,0,361,82,179,11,27650
2025-07-11,argo,com.mrsep.musicrecognizer,MusicRecognizerApp,enableStrictMode,4,0,0.0,4,0.75,1,2,1,0,22,1,4,0,0.0,0,0,1,30,0.0,3,3.888888888888889,0,1,0.0,0,0.0,0.7,99,49,0.125,10,4,3,3,0,4,7,0,2,0,0,3,2,2,3,0,16,0.9555555555555556,16,1.6,10,3,4,0,3,7,0,3,4,1,0,0,0,0,0,10,10,44,611,461,2,0,7,89,1.6,14,0,361,82,179,11,27650
2025-07-11,argo,com.mrsep.musicrecognizer.crash,PermissionsCollector,collect,5,3,0.0,5,1.0,1,0,1,0,16,1,5,0,0.0,0,0,0,16,0.0,1,2.076923076923077,4,0,0.0,0,0.0,1.0,24,16,0.0,1,0,1,1,0,4,0,0,0,0,0,2,2,2,0,0,1,0.0,1,1.0,1,1,0,0,1,0,0,1,0,1,0,0,0,0,0,1,1,44,611,461,1,0,0,16,5.0,1,0,50,82,179,1,27650
2025-07-11,argo,com.mrsep.musicrecognizer.di,AndroidAppRestarter,restartApplicationOnRestore,1,0,0.0,0,0.0,0,0,1,0,3,0,1,0,0.0,1,0,1,1,0.0,1,2.0,0,1,0.0,0,0.0,0.0,5,3,0.0,1,0,1,1,0,0,1,0,0,0,0,0,0,0,0,0,1,0.0,1,1.0,1,1,0,0,1,0,0,1,0,1,0,0,0,0,0,1,1,44,611,461,4,0,1,1,1.0,6,1,104,82,179,7,27650
2025-07-11,argo,com.mrsep.musicrecognizer.di,AppDeeplinkRouter,getDeepLinkIntentToTrack,1,0,0.0,1,1.0,0,4,1,0,3,0,1,1,0.0,1,0,0,2,0.0,2,3.0,1,0,0.0,0,0.0,0.0,17,0,0.0,4,0,3,1,0,3,0,0,0,0,0,0,0,0,0,0,4,1.0,4,1.0,4,3,0,0,3,1,0,3,0,1,0,0,0,0,0,4,4,44,611,461,4,0,0,9,1.0,6,1,104,82,179,7,27650
2025-07-11,argo,com.mrsep.musicrecognizer.di,AppDeeplinkRouter,getDeepLinkIntentToLyrics,1,0,0.0,1,1.0,0,4,1,0,3,0,1,1,0.0,1,0,0,2,0.0,2,3.0,1,0,0.0,0,0.0,0.0,17,0,0.0,4,0,3,1,0,3,0,0,0,0,0,0,0,0,0,0,4,1.0,4,1.0,4,3,0,0,3,1,0,3,0,1,0,0,0,0,0,4,4,44,611,461,4,0,0,9,1.0,6,1,104,82,179,7,27650
2025-07-11,argo,com.mrsep.musicrecognizer.di,AppDeeplinkRouter,getDeepLinkIntentToQueue,1,0,0.0,1,1.0,0,4,1,0,3,0,1,1,0.0,1,0,0,2,0.0,2,3.0,0,0,0.0,0,0.0,0.0,17,0,0.0,4,0,3,1,0,3,0,0,0,0,0,0,0,0,0,0,4,1.0,4,1.0,4,3,0,0,3,1,0,3,0,1,0,0,0,0,0,4,4,44,611,461,4,0,0,9,1.0,6,1,104,82,179,7,27650
2025-07-11,argo,com.mrsep.musicrecognizer.di,AppDeeplinkRouter,getDeepLinkIntent,1,0,0.0,1,1.0,0,4,1,0,3,0,1,0,0.0,0,0,0,3,0.0,0,2.5,1,0,0.0,0,0.0,0.0,17,0,0.0,4,0,3,1,0,3,0,0,0,0,0,0,0,0,0,0,4,1.0,4,1.0,4,3,0,0,3,1,0,3,0,1,0,0,0,0,0,4,4,44,611,461,4,0,0,9,1.0,6,1,104,82,179,7,27650
2025-07-11,argo,com.mrsep.musicrecognizer.di,ServiceStarter,startServiceHoldMode,1,0,0.0,1,1.0,0,0,1,0,3,0,1,0,0.0,0,0,1,1,0.0,1,2.0,0,1,0.0,0,0.0,0.0,9,6,0.0,2,0,2,1,0,0,1,0,0,0,0,0,0,0,0,0,2,1.0,2,1.0,2,2,0,0,2,0,0,2,0,1,0,0,0,0,0,2,2,44,611,461,4,0,2,2,1.0,6,1,104,82,179,7,27650
2025-07-11,argo,com.mrsep.musicrecognizer.di,ServiceStarter,stopServiceHoldMode,1,0,0.0,1,1.0,0,0,1,0,3,0,1,0,0.0,0,0,1,1,0.0,1,2.0,0,1,0.0,0,0.0,0.0,9,6,0.0,2,0,2,1,0,0,1,0,0,0,0,0,0,0,0,0,2,1.0,2,1.0,2,2,0,0,2,0,0,2,0,1,0,0,0,0,0,2,2,44,611,461,4,0,2,2,1.0,6,1,104,82,179,7,27650
2025-07-11,argo,com.mrsep.musicrecognizer.presentation,MainActivity,onNewIntent,1,0,1.0,0,0.0,1,0,1,0,5,0,1,1,0.0,2,0,2,1,0.0,1,2.0,1,2,0.0,0,0.5,0.75,75,53,0.5,4,2,2,1,0,2,7,1,3,0,0,3,2,2,1,0,9,0.8333333333333334,9,2.25,4,2,2,0,2,2,0,2,1,1,0,0,1,0,1,4,5,44,611,461,4,0,7,40,2.75,17,0,876,82,179,7,27650
2025-07-11,argo,com.mrsep.musicrecognizer.presentation,MainActivity,onCreate,4,7,2.0,7,0.8571,1,0,1,0,29,1,4,2,0.6666666666666666,3,1,4,23,0.12,2,2.5,1,4,0.0,0,0.5,0.75,75,53,0.5,4,2,2,1,0,2,7,1,3,0,0,3,2,2,1,0,9,0.8333333333333334,9,2.25,4,2,2,0,2,2,0,2,1,1,0,0,1,0,1,4,5,44,611,461,4,0,7,40,2.75,17,0,876,82,179,7,27650
2025-07-11,argo,com.mrsep.musicrecognizer.presentation,MainActivity,handleRecognitionRequest,3,0,0.0,4,1.0,1,0,1,0,9,2,3,0,0.5,0,1,0,4,1.0,1,2.0,1,0,0.0,0,0.5,0.75,75,53,0.5,4,2,2,1,0,2,7,1,3,0,0,3,2,2,1,0,9,0.8333333333333334,9,2.25,4,2,2,0,2,2,0,2,1,1,0,0,1,0,1,4,5,44,611,461,4,0,7,40,2.75,17,0,876,82,179,7,27650
2025-07-11,argo,com.mrsep.musicrecognizer.presentation,MainActivity,Context.restartApplicationOnRestore,3,4,0.0,3,1.0,1,0,1,0,10,2,3,0,1.0,0,0,1,12,0.0,0,3.75,0,0,0.0,0,0.5,0.75,75,53,0.5,4,2,2,1,0,2,7,1,3,0,0,3,2,2,1,0,9,0.8333333333333334,9,2.25,4,2,2,0,2,2,0,2,1,1,0,0,1,0,1,4,5,44,611,461,4,1,7,40,2.75,17,0,876,82,179,7,27650
2025-07-11,argo,com.mrsep.musicrecognizer.presentation,MainActivityViewModel,setRecognitionRequested,3,0,0.0,0,0.0,0,1,1,0,7,1,3,1,0.5,1,1,0,1,2.0,0,2.0,1,0,0.0,0,0.3333333333333333,1.0,31,12,0.5,3,4,0,2,3,1,2,0,1,0,3,4,0,0,0,0,5,0.33333333333333337,5,1.6666666666666667,3,0,4,0,2,1,0,2,0,2,0,0,0,0,0,3,3,44,611,461,4,0,2,7,0.0,17,0,876,82,179,7,27650
2025-07-11,argo,com.mrsep.musicrecognizer.presentation,MainActivityViewModel,requestRecognitionOnStartupIfPreferred,1,0,1.0,0,0.0,0,1,1,0,3,0,1,1,0.0,1,0,1,0,0.0,0,0.0,0,1,0.0,0,0.3333333333333333,1.0,31,12,0.5,3,4,0,2,3,1,2,0,1,0,3,4,0,0,0,0,5,0.33333333333333337,5,1.6666666666666667,3,0,4,0,2,1,0,2,0,2,0,0,0,0,0,3,3,44,611,461,4,0,2,7,0.0,17,0,876,82,179,7,27650
2025-07-11,argo,com.mrsep.musicrecognizer.presentation,MainActivityViewModel,requestRecognition,2,2,0.0,2,1.0,0,1,1,0,9,1,2,0,0.6666666666666666,0,2,1,6,1.0,0,2.4,1,1,0.0,0,0.3333333333333333,1.0,31,12,0.5,3,4,0,2,3,1,2,0,1,0,3,4,0,0,0,0,5,0.33333333333333337,5,1.6666666666666667,3,0,4,0,2,1,0,2,0,2,0,0,0,0,0,3,3,44,611,461,4,0,2,7,0.0,17,0,876,82,179,7,27650
2025-07-11,argo,Unknown,AndroidApplicationComposeConventionPlugin,apply,1,1,0.0,3,1.0,1,0,1,0,8,0,1,2,0.0,1,0,1,9,0.0,1,3.3333333333333335,1,1,0.0,0,0.0,1.0,10,8,0.0,1,0,1,1,0,1,1,0,0,0,0,0,0,0,0,0,1,0.0,1,1.0,1,1,0,0,1,0,0,1,0,1,0,0,0,0,0,1,1,44,611,461,0,0,1,9,1.0,0,0,0,82,179,7,27650
2025-07-11,argo,Unknown,AndroidApplicationConventionPlugin,apply,1,0,0.0,5,1.0,1,0,1,0,14,0,1,3,0.0,1,0,1,16,0.0,1,3.142857142857143,1,1,0.0,0,0.0,1.0,16,14,0.0,1,0,1,1,0,1,1,0,0,0,0,0,0,0,0,0,1,0.0,1,1.0,1,1,0,0,1,0,0,1,0,1,0,0,0,0,0,1,1,44,611,461,0,0,1,16,1.0,0,0,0,82,179,7,27650
2025-07-11,argo,Unknown,AndroidFeatureConventionPlugin,apply,1,0,0.0,5,0.6667,1,0,1,0,15,0,1,2,0.0,1,0,1,32,0.0,1,3.0476190476190474,1,1,0.0,0,0.0,1.0,17,15,0.0,1,0,1,1,0,1,1,0,0,0,0,0,0,0,0,0,1,0.0,1,1.0,1,1,0,0,1,0,0,1,0,1,0,0,0,0,0,1,1,44,611,461,0,0,1,32,1.0,0,0,0,82,179,7,27650
2025-07-11,argo,Unknown,AndroidLibraryComposeConventionPlugin,apply,1,1,0.0,3,1.0,1,0,1,0,8,0,1,2,0.0,1,0,1,9,0.0,1,3.3333333333333335,1,1,0.0,0,0.0,1.0,10,8,0.0,1,0,1,1,0,1,1,0,0,0,0,0,0,0,0,0,1,0.0,1,1.0,1,1,0,0,1,0,0,1,0,1,0,0,0,0,0,1,1,44,611,461,0,0,1,9,1.0,0,0,0,82,179,7,27650
2025-07-11,argo,Unknown,AndroidLibraryConventionPlugin,apply,1,0,0.0,6,1.0,1,0,1,0,15,0,1,3,0.0,1,0,1,17,0.0,2,3.4285714285714284,1,1,0.0,0,0.0,0.0,17,15,0.0,1,0,1,1,0,1,1,0,0,0,0,0,0,0,0,0,1,0.0,1,1.0,1,1,0,0,1,0,0,1,0,1,0,0,0,0,0,1,1,44,611,461,0,0,1,17,1.0,0,0,0,82,179,7,27650
2025-07-11,argo,Unknown,HiltConventionPlugin,apply,1,0,0.0,4,1.0,1,0,1,0,11,0,1,2,0.0,1,0,1,21,0.0,0,4.142857142857143,1,1,0.0,0,0.0,1.0,13,11,0.0,1,0,1,1,0,1,1,0,0,0,0,0,0,0,0,0,1,0.0,1,1.0,1,1,0,0,1,0,0,1,0,1,0,0,0,0,0,1,1,44,611,461,0,0,1,21,1.0,0,0,0,82,179,7,27650
2025-07-11,argo,Unknown,JvmLibraryConventionPlugin,apply,1,0,0.0,1,1.0,1,0,1,0,7,0,1,1,0.0,1,0,1,5,0.0,0,4.0,1,1,0.0,0,0.0,1.0,9,7,0.0,1,0,1,1,0,1,1,0,0,0,0,0,0,0,0,0,1,0.0,1,1.0,1,1,0,0,1,0,0,1,0,1,0,0,0,0,0,1,1,44,611,461,0,0,1,5,1.0,0,0,0,82,179,7,27650
2025-07-11,argo,com.mrsep.musicrecognizer.core.audio.audiorecord,AudioRecordingControllerFactory,getAudioController,6,0,0.0,4,0.75,0,1,1,0,15,0,6,0,0.0,0,0,0,7,0.0,1,2.0,1,0,0.0,0,0.0,1.0,17,0,0.0,1,0,0,0,0,2,0,0,0,0,0,0,0,0,0,0,1,0.0,1,1.0,1,0,0,0,1,0,0,1,0,1,0,0,0,0,0,1,1,44,611,461,3,0,0,7,6.0,1,0,136,82,179,2,27650
2025-07-11,argo,com.mrsep.musicrecognizer.core.audio.audiorecord,DeviceFirstAdtsRecordingController,audioRecordingFlow,3,3,0.0,4,1.0,0,0,1,0,12,1,3,0,0.5,1,2,0,10,0.5,1,2.25,1,0,0.0,0,0.0,1.0,20,12,0.0,1,3,1,1,0,2,0,0,2,0,0,3,0,0,0,0,2,0.0,2,2.0,1,1,3,0,1,0,0,1,0,1,0,0,0,0,0,1,1,44,611,461,3,0,0,10,3.0,1,0,136,82,179,2,27650
2025-07-11,argo,com.mrsep.musicrecognizer.core.audio.audiorecord.encoder,AdtsRecordingController,audioRecordingFlow,12,25,2.0,44,0.7727,0,0,1,0,91,3,12,2,0.5,2,1,0,87,0.04,1,2.2816901408450705,1,0,0.0,0,0.0,1.0,124,117,0.25,4,1,1,1,0,5,1,0,0,0,0,1,0,0,0,0,11,0.8333333333333334,11,2.75,4,1,5,0,4,4,0,4,0,2,0,0,0,0,0,8,8,44,611,461,5,0,2,115,2.0,23,0,594,82,179,19,27650
2025-07-11,argo,com.mrsep.musicrecognizer.core.audio.audiorecord.encoder,AdtsRecordingController,checkFloatEncodingSupport,5,1,0.0,2,1.0,0,0,1,0,10,1,5,0,0.0,0,0,0,7,0.0,0,2.25,2,0,0.0,0,0.0,1.0,124,117,0.25,4,1,1,1,0,5,1,0,0,0,0,1,0,0,0,0,11,0.8333333333333334,11,2.75,4,1,5,0,4,4,0,4,0,2,0,0,0,0,0,8,8,44,611,461,5,0,2,115,2.0,23,0,594,82,179,19,27650
2025-07-11,argo,com.mrsep.musicrecognizer.core.audio.audiorecord.encoder,AdtsRecordingController,aacLcFrameDuration,1,0,0.0,1,1.0,0,0,1,0,1,0,1,0,0.0,0,0,0,2,0.0,0,2.0,1,0,0.0,0,0.0,1.0,124,117,0.25,4,1,1,1,0,5,1,0,0,0,0,1,0,0,0,0,11,0.8333333333333334,11,2.75,4,1,5,0,4,4,0,4,0,2,0,0,0,0,0,8,8,44,611,461,5,0,2,115,2.0,23,0,594,82,179,19,27650
2025-07-11,argo,com.mrsep.musicrecognizer.core.audio.audiorecord.encoder,AdtsRecordingController,addAdtsHeader,1,5,0.0,3,1.0,0,0,1,0,15,0,1,0,0.0,0,0,1,11,0.0,1,2.1,2,1,0.0,0,0.0,1.0,124,117,0.25,4,1,1,1,0,5,1,0,0,0,0,1,0,0,0,0,11,0.8333333333333334,11,2.75,4,1,5,0,4,4,0,4,0,2,0,0,0,0,0,8,8,44,611,461,5,0,2,115,2.0,23,0,594,82,179,19,27650
2025-07-11,argo,com.mrsep.musicrecognizer.core.audio.audiorecord.encoder,RecordingEmission,addFrameToBuffer,3,0,0.0,2,1.0,0,1,1,0,8,2,3,0,0.8333333333333334,0,3,1,3,3.0,1,2.0,1,0,0.0,0,0.0,1.0,44,21,0.0,3,4,0,0,3,1,1,0,1,0,3,1,0,0,3,0,8,0.6666666666666667,8,2.0,4,0,5,0,4,4,0,4,0,2,0,0,0,0,0,4,4,44,611,461,5,0,2,115,2.0,23,0,594,82,179,19,27650
2025-07-11,argo,com.mrsep.musicrecognizer.core.audio.audiorecord.encoder,RecordingEmission,getBufferData,2,0,0.0,0,0.0,0,1,1,0,4,1,2,0,1.0,1,2,0,2,2.0,1,2.0,0,0,0.0,0,0.0,1.0,44,21,0.0,3,4,0,0,3,1,1,0,1,0,3,1,0,0,3,0,8,0.6666666666666667,8,2.0,4,0,5,0,4,4,0,4,0,2,0,0,0,0,0,4,4,44,611,461,5,0,2,115,2.0,23,0,594,82,179,19,27650
2025-07-11,argo,com.mrsep.musicrecognizer.core.audio.audiorecord.encoder,RecordingEmission,releaseBuffer,1,0,0.0,0,0.0,0,1,1,0,4,0,1,0,1.0,0,2,0,0,2.0,0,0.0,0,0,0.0,0,0.0,1.0,44,21,0.0,3,4,0,0,3,1,1,0,1,0,3,1,0,0,3,0,8,0.6666666666666667,8,2.0,4,0,5,0,4,4,0,4,0,2,0,0,0,0,0,4,4,44,611,461,5,0,2,115,2.0,23,0,594,82,179,19,27650
2025-07-11,argo,com.mrsep.musicrecognizer.core.audio.audiorecord.encoder,RecordingEmission,concat,2,1,0.0,2,1.0,0,1,1,0,9,1,2,0,0.0,0,0,0,3,0.0,1,2.0,0,0,0.0,0,0.0,1.0,44,21,0.0,3,4,0,0,3,1,1,0,1,0,3,1,0,0,3,0,8,0.6666666666666667,8,2.0,4,0,5,0,4,4,0,4,0,2,0,0,0,0,0,4,4,44,611,461,5,0,2,115,2.0,23,0,594,82,179,19,27650
2025-07-11,argo,com.mrsep.musicrecognizer.core.audio.audiorecord.soundsource,SoundSourceConfig,calcChunkSize,1,1,0.0,0,0.0,0,0,1,0,4,0,1,0,1.0,0,1,0,1,1.0,0,0.0,0,0,0.0,0,0.0,1.0,24,11,0.0,2,3,0,0,3,1,0,0,0,0,3,3,0,0,0,0,2,1.0,2,1.0,2,0,3,0,0,2,0,0,0,1,0,0,0,0,0,2,2,44,611,461,6,0,0,3,2.0,16,1,533,82,179,2,27650
2025-07-11,argo,com.mrsep.musicrecognizer.core.audio.audiorecord.soundsource,SoundSourceConfig,toByteAllocation,3,0,0.0,0,0.0,0,0,1,0,7,1,3,0,0.0,0,0,0,2,0.0,0,2.0,0,0,0.0,0,0.0,1.0,24,11,0.0,2,3,0,0,3,1,0,0,0,0,3,3,0,0,0,0,2,1.0,2,1.0,2,0,3,0,0,2,0,0,0,1,0,0,0,0,0,2,2,44,611,461,6,0,0,3,2.0,16,1,533,82,179,2,27650
2025-07-11,argo,com.mrsep.musicrecognizer.core.audio.audiorecord.encoder,UnsafeSilenceTrackerTest,resetCurrentTime,1,0,0.0,0,0.0,0,0,1,0,3,0,1,0,1.0,0,1,0,0,1.0,0,0.0,0,0,0.0,0,0.9636363636363636,1.0,93,77,0.0,11,2,0,0,0,0,2,0,2,0,0,1,0,0,1,0,11,0.036363636363636376,11,1.0,11,0,2,0,11,0,0,11,0,1,0,0,0,0,0,11,11,44,611,461,5,0,16,56,1.0,23,0,594,82,179,19,27650
2025-07-11,argo,com.mrsep.musicrecognizer.core.audio.audiorecord.encoder,UnsafeSilenceTrackerTest,`initial silence state`,1,2,0.0,2,1.0,0,0,1,0,6,0,1,0,1.0,0,2,1,5,1.0,0,2.3333333333333335,0,1,0.0,0,0.9636363636363636,1.0,93,77,0.0,11,2,0,0,0,0,2,0,2,0,0,1,0,0,1,0,11,0.036363636363636376,11,1.0,11,0,2,0,11,0,0,11,0,1,0,0,0,0,0,11,11,44,611,461,5,0,16,56,1.0,23,0,594,82,179,19,27650
2025-07-11,argo,com.mrsep.musicrecognizer.core.audio.audiorecord.encoder,UnsafeSilenceTrackerTest,`initial non-silence state`,1,2,0.0,2,1.0,0,0,1,0,6,0,1,0,1.0,0,2,1,5,1.0,0,2.3333333333333335,0,1,0.0,0,0.9636363636363636,1.0,93,77,0.0,11,2,0,0,0,0,2,0,2,0,0,1,0,0,1,0,11,0.036363636363636376,11,1.0,11,0,2,0,11,0,0,11,0,1,0,0,0,0,0,11,11,44,611,461,5,0,16,56,1.0,23,0,594,82,179,19,27650
2025-07-11,argo,com.mrsep.musicrecognizer.core.audio.audiorecord.encoder,UnsafeSilenceTrackerTest,`single state change`,1,2,0.0,3,1.0,0,0,1,0,8,0,1,0,1.0,0,2,2,6,1.0,1,2.25,0,2,0.0,0,0.9636363636363636,1.0,93,77,0.0,11,2,0,0,0,0,2,0,2,0,0,1,0,0,1,0,11,0.036363636363636376,11,1.0,11,0,2,0,11,0,0,11,0,1,0,0,0,0,0,11,11,44,611,461,5,0,16,56,1.0,23,0,594,82,179,19,27650
2025-07-11,argo,com.mrsep.musicrecognizer.core.audio.audiorecord.encoder,UnsafeSilenceTrackerTest,`multiple state changes`,1,2,0.0,3,1.0,0,0,1,0,12,0,1,0,1.0,0,2,2,6,1.0,1,2.1666666666666665,0,2,0.0,0,0.9636363636363636,1.0,93,77,0.0,11,2,0,0,0,0,2,0,2,0,0,1,0,0,1,0,11,0.036363636363636376,11,1.0,11,0,2,0,11,0,0,11,0,1,0,0,0,0,0,11,11,44,611,461,5,0,16,56,1.0,23,0,594,82,179,19,27650
2025-07-11,argo,com.mrsep.musicrecognizer.core.audio.audiorecord.encoder,UnsafeSilenceTrackerTest,`query before all intervals`,1,2,0.0,2,1.0,0,0,1,0,5,0,1,0,1.0,0,1,1,5,1.0,0,2.3333333333333335,0,1,0.0,0,0.9636363636363636,1.0,93,77,0.0,11,2,0,0,0,0,2,0,2,0,0,1,0,0,1,0,11,0.036363636363636376,11,1.0,11,0,2,0,11,0,0,11,0,1,0,0,0,0,0,11,11,44,611,461,5,0,16,56,1.0,23,0,594,82,179,19,27650
2025-07-11,argo,com.mrsep.musicrecognizer.core.audio.audiorecord.encoder,UnsafeSilenceTrackerTest,`query after completed intervals`,1,2,0.0,3,1.0,0,0,1,0,8,0,1,0,1.0,0,2,2,6,1.0,1,2.25,0,2,0.0,0,0.9636363636363636,1.0,93,77,0.0,11,2,0,0,0,0,2,0,2,0,0,1,0,0,1,0,11,0.036363636363636376,11,1.0,11,0,2,0,11,0,0,11,0,1,0,0,0,0,0,11,11,44,611,461,5,0,16,56,1.0,23,0,594,82,179,19,27650
2025-07-11,argo,com.mrsep.musicrecognizer.core.audio.audiorecord.encoder,UnsafeSilenceTrackerTest,`exact boundary query`,1,2,0.0,3,1.0,0,0,1,0,7,0,1,0,1.0,0,2,2,6,1.0,1,2.25,0,2,0.0,0,0.9636363636363636,1.0,93,77,0.0,11,2,0,0,0,0,2,0,2,0,0,1,0,0,1,0,11,0.036363636363636376,11,1.0,11,0,2,0,11,0,0,11,0,1,0,0,0,0,0,11,11,44,611,461,5,0,16,56,1.0,23,0,594,82,179,19,27650
2025-07-11,argo,com.mrsep.musicrecognizer.core.audio.audiorecord.encoder,UnsafeSilenceTrackerTest,`partial overlap with current interval`,1,2,0.0,3,1.0,0,0,1,0,10,0,1,0,1.0,0,2,2,6,1.0,1,2.2,0,2,0.0,0,0.9636363636363636,1.0,93,77,0.0,11,2,0,0,0,0,2,0,2,0,0,1,0,0,1,0,11,0.036363636363636376,11,1.0,11,0,2,0,11,0,0,11,0,1,0,0,0,0,0,11,11,44,611,461,5,0,16,56,1.0,23,0,594,82,179,19,27650
2025-07-11,argo,com.mrsep.musicrecognizer.core.audio.audiorecord.encoder,UnsafeSilenceTrackerTest,`future end time query`,1,2,0.0,3,1.0,0,0,1,0,7,0,1,0,1.0,0,2,2,6,1.0,1,2.25,0,2,0.0,0,0.9636363636363636,1.0,93,77,0.0,11,2,0,0,0,0,2,0,2,0,0,1,0,0,1,0,11,0.036363636363636376,11,1.0,11,0,2,0,11,0,0,11,0,1,0,0,0,0,0,11,11,44,611,461,5,0,16,56,1.0,23,0,594,82,179,19,27650
2025-07-11,argo,com.mrsep.musicrecognizer.core.audio.audiorecord.encoder,UnsafeSilenceTrackerTest,`zero duration query`,1,2,0.0,2,1.0,0,0,1,0,5,0,1,0,1.0,0,1,1,5,1.0,0,2.3333333333333335,0,1,0.0,0,0.9636363636363636,1.0,93,77,0.0,11,2,0,0,0,0,2,0,2,0,0,1,0,0,1,0,11,0.036363636363636376,11,1.0,11,0,2,0,11,0,0,11,0,1,0,0,0,0,0,11,11,44,611,461,5,0,16,56,1.0,23,0,594,82,179,19,27650
2025-07-11,argo,com.mrsep.musicrecognizer.core.common.di,CoroutineScopeModule,provideApplicationScope,1,0,0.0,0,0.0,0,0,1,0,1,0,1,0,0.0,0,0,0,1,0.0,0,0.0,1,0,0.0,0,0.0,1.0,3,1,0.0,1,0,0,0,0,2,0,0,0,0,0,0,0,0,0,0,1,0.0,1,1.0,1,0,0,0,0,0,0,0,0,2,0,0,0,0,0,1,1,44,611,461,8,0,0,1,1.0,6,2,106,82,179,4,27650
2025-07-11,argo,com.mrsep.musicrecognizer.core.common.di,DispatcherModule,providesDefaultDispatcher,1,0,0.0,0,0.0,0,0,1,0,1,0,1,0,0.0,0,0,0,0,0.0,0,2.0,0,0,0.0,0,0.0,0.0,7,3,0.0,3,0,0,0,0,1,0,0,0,0,0,0,0,0,0,0,3,1.0,3,1.0,3,0,0,0,0,0,0,0,0,4,0,0,0,0,0,3,3,44,611,461,8,0,0,0,1.0,6,2,106,82,179,4,27650
2025-07-11,argo,com.mrsep.musicrecognizer.core.common.di,DispatcherModule,providesIoDispatcher,1,0,0.0,0,0.0,0,0,1,0,1,0,1,0,0.0,0,0,0,0,0.0,0,2.0,0,0,0.0,0,0.0,0.0,7,3,0.0,3,0,0,0,0,1,0,0,0,0,0,0,0,0,0,0,3,1.0,3,1.0,3,0,0,0,0,0,0,0,0,4,0,0,0,0,0,3,3,44,611,461,8,0,0,0,1.0,6,2,106,82,179,4,27650
2025-07-11,argo,com.mrsep.musicrecognizer.core.common.di,DispatcherModule,providesMainDispatcher,1,0,0.0,0,0.0,0,0,1,0,1,0,1,0,0.0,0,0,0,0,0.0,0,3.0,0,0,0.0,0,0.0,0.0,7,3,0.0,3,0,0,0,0,1,0,0,0,0,0,0,0,0,0,0,3,1.0,3,1.0,3,0,0,0,0,0,0,0,0,4,0,0,0,0,0,3,3,44,611,461,8,0,0,0,1.0,6,2,106,82,179,4,27650
2025-07-11,argo,com.mrsep.musicrecognizer.core.data,ConnectivityManagerNetworkMonitor,isCurrentlyConnected,1,0,0.0,1,1.0,0,1,1,0,3,0,1,0,0.0,0,0,0,3,0.0,0,4.0,0,0,0.0,0,0.0,0.0,31,0,0.0,1,1,0,1,0,1,0,0,0,0,0,1,0,0,0,0,1,0.0,1,1.0,1,0,1,0,0,1,0,0,0,1,0,0,0,0,0,3,3,44,611,461,1,0,0,3,1.0,0,0,71,82,179,1,27650
2025-07-11,argo,com.mrsep.musicrecognizer.core.data.enqueued,EnqueuedRecognitionRepositoryImpl,createRecognition,1,1,0.0,3,1.0,0,4,1,0,6,0,1,0,0.2857142857142857,0,2,0,6,0.67,2,2.75,2,0,0.0,0,1.0,0.5555555555555556,51,25,0.0,5,2,9,1,0,10,1,0,2,0,0,2,0,0,0,0,9,0.6388888888888888,9,1.0,9,9,2,0,9,0,0,9,1,1,0,0,0,0,0,9,9,44,611,461,3,0,4,29,1.0,18,1,356,82,179,18,27650
2025-07-11,argo,com.mrsep.musicrecognizer.core.data.enqueued,EnqueuedRecognitionRepositoryImpl,update,1,0,0.0,0,0.0,0,4,1,0,3,0,1,0,0.6666666666666666,1,2,1,2,2.0,0,3.0,1,1,0.0,0,1.0,0.5555555555555556,51,25,0.0,5,2,9,1,0,10,1,0,2,0,0,2,0,0,0,0,9,0.6388888888888888,9,1.0,9,9,2,0,9,0,0,9,1,1,0,0,0,0,0,9,9,44,611,461,3,0,4,29,1.0,18,1,356,82,179,18,27650
2025-07-11,argo,com.mrsep.musicrecognizer.core.data.enqueued,EnqueuedRecognitionRepositoryImpl,updateTitle,1,0,0.0,0,0.0,0,4,1,0,3,0,1,0,0.5,1,2,1,1,1.0,1,2.0,2,1,0.0,0,1.0,0.5555555555555556,51,25,0.0,5,2,9,1,0,10,1,0,2,0,0,2,0,0,0,0,9,0.6388888888888888,9,1.0,9,9,2,0,9,0,0,9,1,1,0,0,0,0,0,9,9,44,611,461,3,0,4,29,1.0,18,1,356,82,179,18,27650
2025-07-11,argo,com.mrsep.musicrecognizer.core.data.enqueued,EnqueuedRecognitionRepositoryImpl,getRecordingFile,1,0,0.0,0,0.0,0,4,1,0,3,0,1,0,0.5,1,1,0,1,1.0,1,2.0,1,0,0.0,0,1.0,0.5555555555555556,51,25,0.0,5,2,9,1,0,10,1,0,2,0,0,2,0,0,0,0,9,0.6388888888888888,9,1.0,9,9,2,0,9,0,0,9,1,1,0,0,0,0,0,9,9,44,611,461,3,0,4,29,1.0,18,1,356,82,179,18,27650
2025-07-11,argo,com.mrsep.musicrecognizer.core.data.enqueued,EnqueuedRecognitionRepositoryImpl,getRecording,1,0,0.0,0,0.0,0,4,1,0,3,0,1,0,0.5,1,1,0,3,1.0,0,2.5,1,0,0.0,0,1.0,0.5555555555555556,51,25,0.0,5,2,9,1,0,10,1,0,2,0,0,2,0,0,0,0,9,0.6388888888888888,9,1.0,9,9,2,0,9,0,0,9,1,1,0,0,0,0,0,9,9,44,611,461,3,0,4,29,1.0,18,1,356,82,179,18,27650
2025-07-11,argo,com.mrsep.musicrecognizer.core.data.enqueued,EnqueuedRecognitionRepositoryImpl,delete,1,1,0.0,2,1.0,0,4,1,0,7,0,1,0,0.6,1,2,1,5,1.0,1,2.0,1,1,0.0,0,1.0,0.5555555555555556,51,25,0.0,5,2,9,1,0,10,1,0,2,0,0,2,0,0,0,0,9,0.6388888888888888,9,1.0,9,9,2,0,9,0,0,9,1,1,0,0,0,0,0,9,9,44,611,461,3,0,4,29,1.0,18,1,356,82,179,18,27650
2025-07-11,argo,com.mrsep.musicrecognizer.core.data.enqueued,EnqueuedRecognitionRepositoryImpl,deleteAll,1,0,0.0,0,0.0,0,4,1,0,6,0,1,0,1.0,1,2,1,3,2.0,1,2.0,0,1,0.0,0,1.0,0.5555555555555556,51,25,0.0,5,2,9,1,0,10,1,0,2,0,0,2,0,0,0,0,9,0.6388888888888888,9,1.0,9,9,2,0,9,0,0,9,1,1,0,0,0,0,0,9,9,44,611,461,3,0,4,29,1.0,18,1,356,82,179,18,27650
2025-07-11,argo,com.mrsep.musicrecognizer.core.data.enqueued,EnqueuedRecognitionRepositoryImpl,getRecognitionFlow,1,0,0.0,1,1.0,0,4,1,0,3,0,1,0,0.5,0,1,0,4,1.0,0,2.3333333333333335,1,0,0.0,0,1.0,0.5555555555555556,51,25,0.0,5,2,9,1,0,10,1,0,2,0,0,2,0,0,0,0,9,0.6388888888888888,9,1.0,9,9,2,0,9,0,0,9,1,1,0,0,0,0,0,9,9,44,611,461,3,0,4,29,1.0,18,1,356,82,179,18,27650
2025-07-11,argo,com.mrsep.musicrecognizer.core.data.enqueued,EnqueuedRecognitionRepositoryImpl,getAllRecognitionsFlow,1,0,0.0,1,1.0,0,4,1,0,3,0,1,0,1.0,0,1,0,4,1.0,0,2.3333333333333335,0,0,0.0,0,1.0,0.5555555555555556,51,25,0.0,5,2,9,1,0,10,1,0,2,0,0,2,0,0,0,0,9,0.6388888888888888,9,1.0,9,9,2,0,9,0,0,9,1,1,0,0,0,0,0,9,9,44,611,461,3,0,4,29,1.0,18,1,356,82,179,18,27650
2025-07-11,argo,com.mrsep.musicrecognizer.core.data.enqueued,RecordingFileDataSourceImpl,getFiles,1,0,0.0,1,1.0,0,3,1,0,3,0,1,0,1.0,0,1,0,1,1.0,1,2.0,0,0,0.0,0,0.16666666666666666,0.7777777777777778,89,66,0.3333333333333333,8,1,7,1,0,11,0,0,2,0,0,2,1,1,0,0,11,0.6666666666666667,11,1.2222222222222223,9,7,1,0,7,2,0,7,1,1,0,0,0,0,0,9,9,44,611,461,3,0,0,50,2.2222222222222223,18,1,356,82,179,18,27650
2025-07-11,argo,com.mrsep.musicrecognizer.core.data.enqueued,RecordingFileDataSourceImpl,getTotalSize,1,0,0.0,1,1.0,0,3,1,0,3,0,1,1,0.0,1,0,0,2,0.0,2,2.0,0,0,0.0,0,0.16666666666666666,0.7777777777777778,89,66,0.3333333333333333,8,1,7,1,0,11,0,0,2,0,0,2,1,1,0,0,11,0.6666666666666667,11,1.2222222222222223,9,7,1,0,7,2,0,7,1,1,0,0,0,0,0,9,9,44,611,461,3,0,0,50,2.2222222222222223,18,1,356,82,179,18,27650
2025-07-11,argo,com.mrsep.musicrecognizer.core.data.enqueued,RecordingFileDataSourceImpl,write,3,3,0.0,4,1.0,0,3,1,0,15,0,3,2,0.3333333333333333,2,1,0,10,0.2,1,2.1666666666666665,2,0,0.0,0,0.16666666666666666,0.7777777777777778,89,66,0.3333333333333333,8,1,7,1,0,11,0,0,2,0,0,2,1,1,0,0,11,0.6666666666666667,11,1.2222222222222223,9,7,1,0,7,2,0,7,1,1,0,0,0,0,0,9,9,44,611,461,3,0,0,50,2.2222222222222223,18,1,356,82,179,18,27650
2025-07-11,argo,com.mrsep.musicrecognizer.core.data.enqueued,RecordingFileDataSourceImpl,import,3,1,0.0,3,1.0,0,3,1,0,12,0,3,1,0.3333333333333333,0,1,0,8,0.33,1,2.2,2,0,0.0,0,0.16666666666666666,0.7777777777777778,89,66,0.3333333333333333,8,1,7,1,0,11,0,0,2,0,0,2,1,1,0,0,11,0.6666666666666667,11,1.2222222222222223,9,7,1,0,7,2,0,7,1,1,0,0,0,0,0,9,9,44,611,461,3,0,0,50,2.2222222222222223,18,1,356,82,179,18,27650
2025-07-11,argo,com.mrsep.musicrecognizer.core.data.enqueued,RecordingFileDataSourceImpl,read,3,2,1.0,3,1.0,0,3,1,0,10,0,3,2,0.0,1,0,0,10,0.0,1,3.3333333333333335,1,0,0.0,0,0.16666666666666666,0.7777777777777778,89,66,0.3333333333333333,8,1,7,1,0,11,0,0,2,0,0,2,1,1,0,0,11,0.6666666666666667,11,1.2222222222222223,9,7,1,0,7,2,0,7,1,1,0,0,0,0,0,9,9,44,611,461,3,0,0,50,2.2222222222222223,18,1,356,82,179,18,27650
2025-07-11,argo,com.mrsep.musicrecognizer.core.data.enqueued,RecordingFileDataSourceImpl,parseRecordingDuration,1,3,0.0,4,1.0,0,3,1,0,6,0,1,0,0.0,0,0,0,6,0.0,1,2.2,1,0,0.0,0,0.16666666666666666,0.7777777777777778,89,66,0.3333333333333333,8,1,7,1,0,11,0,0,2,0,0,2,1,1,0,0,11,0.6666666666666667,11,1.2222222222222223,9,7,1,0,7,2,0,7,1,1,0,0,0,0,0,9,9,44,611,461,3,0,0,50,2.2222222222222223,18,1,356,82,179,18,27650
2025-07-11,argo,com.mrsep.musicrecognizer.core.data.enqueued,RecordingFileDataSourceImpl,delete,5,2,0.0,2,1.0,0,3,1,0,16,2,5,1,0.0,1,0,0,9,0.0,2,2.25,1,0,0.0,0,0.16666666666666666,0.7777777777777778,89,66,0.3333333333333333,8,1,7,1,0,11,0,0,2,0,0,2,1,1,0,0,11,0.6666666666666667,11,1.2222222222222223,9,7,1,0,7,2,0,7,1,1,0,0,0,0,0,9,9,44,611,461,3,0,0,50,2.2222222222222223,18,1,356,82,179,18,27650
2025-07-11,argo,com.mrsep.musicrecognizer.core.data.enqueued,RecordingFileDataSourceImpl,deleteAll,2,1,1.0,1,1.0,0,3,1,0,7,0,2,0,1.0,1,1,0,3,1.0,2,3.0,0,0,0.0,0,0.16666666666666666,0.7777777777777778,89,66,0.3333333333333333,8,1,7,1,0,11,0,0,2,0,0,2,1,1,0,0,11,0.6666666666666667,11,1.2222222222222223,9,7,1,0,7,2,0,7,1,1,0,0,0,0,0,9,9,44,611,461,3,0,0,50,2.2222222222222223,18,1,356,82,179,18,27650
2025-07-11,argo,com.mrsep.musicrecognizer.core.data.enqueued,RecordingFileDataSourceImpl,getNewRecordingName,1,0,0.0,1,1.0,0,3,1,0,1,0,1,0,0.0,0,0,0,1,0.0,1,2.0,1,0,0.0,0,0.16666666666666666,0.7777777777777778,89,66,0.3333333333333333,8,1,7,1,0,11,0,0,2,0,0,2,1,1,0,0,11,0.6666666666666667,11,1.2222222222222223,9,7,1,0,7,2,0,7,1,1,0,0,0,0,0,9,9,44,611,461,3,0,0,50,2.2222222222222223,18,1,356,82,179,18,27650
2025-07-11,argo,com.mrsep.musicrecognizer.core.data.track,TrackRepositoryImpl,upsert,1,0,0.0,0,0.0,0,8,1,0,3,0,1,0,0.6666666666666666,1,2,1,2,2.0,0,3.0,1,1,0.0,0,1.0,0.21428571428571427,61,18,0.0,9,2,14,1,0,12,1,0,2,0,0,2,0,0,0,0,14,0.5714285714285714,14,1.0,14,14,2,0,14,0,0,14,0,1,0,0,0,0,0,14,14,44,611,461,1,0,7,41,1.0,9,0,251,82,179,14,27650
2025-07-11,argo,com.mrsep.musicrecognizer.core.data.track,TrackRepositoryImpl,update,1,0,0.0,0,0.0,0,8,1,0,3,0,1,0,0.6666666666666666,1,2,1,2,2.0,0,3.0,1,1,0.0,0,1.0,0.21428571428571427,61,18,0.0,9,2,14,1,0,12,1,0,2,0,0,2,0,0,0,0,14,0.5714285714285714,14,1.0,14,14,2,0,14,0,0,14,0,1,0,0,0,0,0,14,14,44,611,461,1,0,7,41,1.0,9,0,251,82,179,14,27650
2025-07-11,argo,com.mrsep.musicrecognizer.core.data.track,TrackRepositoryImpl,upsertKeepProperties,1,0,0.0,0,0.0,0,8,1,0,3,0,1,0,0.6666666666666666,1,2,0,3,2.0,0,4.0,1,0,0.0,0,1.0,0.21428571428571427,61,18,0.0,9,2,14,1,0,12,1,0,2,0,0,2,0,0,0,0,14,0.5714285714285714,14,1.0,14,14,2,0,14,0,0,14,0,1,0,0,0,0,0,14,14,44,611,461,1,0,7,41,1.0,9,0,251,82,179,14,27650
2025-07-11,argo,com.mrsep.musicrecognizer.core.data.track,TrackRepositoryImpl,updateKeepProperties,1,0,0.0,0,0.0,0,8,1,0,3,0,1,0,0.6666666666666666,1,2,0,2,2.0,0,3.0,1,0,0.0,0,1.0,0.21428571428571427,61,18,0.0,9,2,14,1,0,12,1,0,2,0,0,2,0,0,0,0,14,0.5714285714285714,14,1.0,14,14,2,0,14,0,0,14,0,1,0,0,0,0,0,14,14,44,611,461,1,0,7,41,1.0,9,0,251,82,179,14,27650
2025-07-11,argo,com.mrsep.musicrecognizer.core.data.track,TrackRepositoryImpl,setFavorite,1,0,0.0,0,0.0,0,8,1,0,3,0,1,0,0.5,1,2,1,1,1.0,1,2.0,2,1,0.0,0,1.0,0.21428571428571427,61,18,0.0,9,2,14,1,0,12,1,0,2,0,0,2,0,0,0,0,14,0.5714285714285714,14,1.0,14,14,2,0,14,0,0,14,0,1,0,0,0,0,0,14,14,44,611,461,1,0,7,41,1.0,9,0,251,82,179,14,27650
2025-07-11,argo,com.mrsep.musicrecognizer.core.data.track,TrackRepositoryImpl,setViewed,1,0,0.0,0,0.0,0,8,1,0,3,0,1,0,0.5,1,2,1,1,1.0,1,2.0,2,1,0.0,0,1.0,0.21428571428571427,61,18,0.0,9,2,14,1,0,12,1,0,2,0,0,2,0,0,0,0,14,0.5714285714285714,14,1.0,14,14,2,0,14,0,0,14,0,1,0,0,0,0,0,14,14,44,611,461,1,0,7,41,1.0,9,0,251,82,179,14,27650
2025-07-11,argo,com.mrsep.musicrecognizer.core.data.track,TrackRepositoryImpl,setThemeSeedColor,1,0,0.0,0,0.0,0,8,1,0,3,0,1,0,0.5,1,2,1,1,1.0,1,2.0,2,1,0.0,0,1.0,0.21428571428571427,61,18,0.0,9,2,14,1,0,12,1,0,2,0,0,2,0,0,0,0,14,0.5714285714285714,14,1.0,14,14,2,0,14,0,0,14,0,1,0,0,0,0,0,14,14,44,611,461,1,0,7,41,1.0,9,0,251,82,179,14,27650
2025-07-11,argo,com.mrsep.musicrecognizer.core.data.track,TrackRepositoryImpl,delete,1,0,0.0,0,0.0,0,8,1,0,3,0,1,0,0.6666666666666666,1,2,1,1,2.0,1,2.0,1,1,0.0,0,1.0,0.21428571428571427,61,18,0.0,9,2,14,1,0,12,1,0,2,0,0,2,0,0,0,0,14,0.5714285714285714,14,1.0,14,14,2,0,14,0,0,14,0,1,0,0,0,0,0,14,14,44,611,461,1,0,7,41,1.0,9,0,251,82,179,14,27650
2025-07-11,argo,com.mrsep.musicrecognizer.core.data.track,TrackRepositoryImpl,deleteAll,1,0,0.0,0,0.0,0,8,1,0,3,0,1,0,1.0,1,2,1,1,2.0,1,2.0,0,1,0.0,0,1.0,0.21428571428571427,61,18,0.0,9,2,14,1,0,12,1,0,2,0,0,2,0,0,0,0,14,0.5714285714285714,14,1.0,14,14,2,0,14,0,0,14,0,1,0,0,0,0,0,14,14,44,611,461,1,0,7,41,1.0,9,0,251,82,179,14,27650
2025-07-11,argo,com.mrsep.musicrecognizer.core.data.track,TrackRepositoryImpl,isEmptyFlow,1,0,0.0,1,1.0,0,8,1,0,3,0,1,0,1.0,0,1,0,3,1.0,3,4.0,0,0,0.0,0,1.0,0.21428571428571427,61,18,0.0,9,2,14,1,0,12,1,0,2,0,0,2,0,0,0,0,14,0.5714285714285714,14,1.0,14,14,2,0,14,0,0,14,0,1,0,0,0,0,0,14,14,44,611,461,1,0,7,41,1.0,9,0,251,82,179,14,27650
2025-07-11,argo,com.mrsep.musicrecognizer.core.data.track,TrackRepositoryImpl,getUnviewedCountFlow,1,0,0.0,0,0.0,0,8,1,0,3,0,1,0,1.0,1,1,0,3,1.0,3,4.0,0,0,0.0,0,1.0,0.21428571428571427,61,18,0.0,9,2,14,1,0,12,1,0,2,0,0,2,0,0,0,0,14,0.5714285714285714,14,1.0,14,14,2,0,14,0,0,14,0,1,0,0,0,0,0,14,14,44,611,461,1,0,7,41,1.0,9,0,251,82,179,14,27650
2025-07-11,argo,com.mrsep.musicrecognizer.core.data.track,TrackRepositoryImpl,getTrackFlow,1,0,0.0,0,0.0,0,8,1,0,3,0,1,0,0.5,1,1,0,4,1.0,0,2.3333333333333335,1,0,0.0,0,1.0,0.21428571428571427,61,18,0.0,9,2,14,1,0,12,1,0,2,0,0,2,0,0,0,0,14,0.5714285714285714,14,1.0,14,14,2,0,14,0,0,14,0,1,0,0,0,0,0,14,14,44,611,461,1,0,7,41,1.0,9,0,251,82,179,14,27650
2025-07-11,argo,com.mrsep.musicrecognizer.core.data.track,TrackRepositoryImpl,getPreviewsByFilterFlow,1,0,0.0,1,1.0,0,8,1,0,3,0,1,0,0.16666666666666666,0,1,0,10,1.0,0,2.375,1,0,0.0,0,1.0,0.21428571428571427,61,18,0.0,9,2,14,1,0,12,1,0,2,0,0,2,0,0,0,0,14,0.5714285714285714,14,1.0,14,14,2,0,14,0,0,14,0,1,0,0,0,0,0,14,14,44,611,461,1,0,7,41,1.0,9,0,251,82,179,14,27650
2025-07-11,argo,com.mrsep.musicrecognizer.core.data.track,TrackRepositoryImpl,getSearchResultFlow,1,0,0.0,1,1.0,0,8,1,0,3,0,1,0,0.1111111111111111,0,1,0,7,0.5,0,2.0,2,0,0.0,0,1.0,0.21428571428571427,61,18,0.0,9,2,14,1,0,12,1,0,2,0,0,2,0,0,0,0,14,0.5714285714285714,14,1.0,14,14,2,0,14,0,0,14,0,1,0,0,0,0,0,14,14,44,611,461,1,0,7,41,1.0,9,0,251,82,179,14,27650
2025-07-11,argo,com.mrsep.musicrecognizer.core.database,DurationRoomConverter,durationToTimestamp,1,0,0.0,0,0.0,0,0,1,0,3,0,1,0,0.0,0,0,0,0,0.0,0,2.0,1,0,0.0,0,0.0,0.0,9,6,0.0,2,0,0,0,0,2,0,0,0,0,0,0,0,0,0,0,2,1.0,2,1.0,2,0,0,0,2,0,0,2,0,1,0,0,0,0,0,2,2,44,611,461,5,0,0,0,1.0,12,0,179,82,179,8,27650
2025-07-11,argo,com.mrsep.musicrecognizer.core.database,DurationRoomConverter,timestampToDuration,1,0,0.0,0,0.0,0,0,1,0,3,0,1,0,0.0,0,0,0,0,0.0,0,2.0,1,0,0.0,0,0.0,0.0,9,6,0.0,2,0,0,0,0,2,0,0,0,0,0,0,0,0,0,0,2,1.0,2,1.0,2,0,0,0,2,0,0,2,0,1,0,0,0,0,0,2,2,44,611,461,5,0,0,0,1.0,12,0,179,82,179,8,27650
2025-07-11,argo,com.mrsep.musicrecognizer.core.database,FileRoomConverter,stringToFile,1,0,0.0,0,0.0,0,0,1,0,3,0,1,0,0.0,0,0,0,1,0.0,0,0.0,1,0,0.0,0,0.0,0.0,9,6,0.0,2,0,0,0,0,2,0,0,0,0,0,0,0,0,0,0,2,1.0,2,1.0,2,0,0,0,2,0,0,2,1,1,0,0,0,0,0,2,2,44,611,461,5,0,0,1,1.0,12,0,179,82,179,8,27650
2025-07-11,argo,com.mrsep.musicrecognizer.core.database,FileRoomConverter,fileToString,1,0,0.0,0,0.0,0,0,1,0,3,0,1,0,0.0,0,0,0,0,0.0,0,2.0,1,0,0.0,0,0.0,0.0,9,6,0.0,2,0,0,0,0,2,0,0,0,0,0,0,0,0,0,0,2,1.0,2,1.0,2,0,0,0,2,0,0,2,1,1,0,0,0,0,0,2,2,44,611,461,5,0,0,1,1.0,12,0,179,82,179,8,27650
2025-07-11,argo,com.mrsep.musicrecognizer.core.database,InstantRoomConverter,instantToTimestamp,1,0,0.0,1,1.0,0,0,1,0,3,0,1,0,0.0,0,0,0,1,0.0,1,2.0,1,0,0.0,0,0.0,0.0,9,6,0.0,2,0,0,0,0,2,0,0,0,0,0,0,0,0,0,0,2,1.0,2,1.0,2,0,0,0,2,0,0,2,0,1,0,0,0,0,0,2,2,44,611,461,5,0,0,2,1.0,12,0,179,82,179,8,27650
2025-07-11,argo,com.mrsep.musicrecognizer.core.database,InstantRoomConverter,timestampToInstant,1,0,0.0,1,1.0,0,0,1,0,3,0,1,0,0.0,0,0,0,1,0.0,1,2.0,1,0,0.0,0,0.0,0.0,9,6,0.0,2,0,0,0,0,2,0,0,0,0,0,0,0,0,0,0,2,1.0,2,1.0,2,0,0,0,2,0,0,2,0,1,0,0,0,0,0,2,2,44,611,461,5,0,0,2,1.0,12,0,179,82,179,8,27650
2025-07-11,argo,com.mrsep.musicrecognizer.core.database,LocalDateRoomConverter,timestampToLocalDate,1,0,0.0,1,1.0,0,0,1,0,3,0,1,0,0.0,0,0,0,1,0.0,1,2.0,1,0,0.0,0,0.0,0.0,9,6,0.0,2,0,0,0,0,2,0,0,0,0,0,0,0,0,0,0,2,1.0,2,1.0,2,0,0,0,2,0,0,2,0,1,0,0,0,0,0,2,2,44,611,461,5,0,0,2,1.0,12,0,179,82,179,8,27650
2025-07-11,argo,com.mrsep.musicrecognizer.core.database,LocalDateRoomConverter,localDateToTimestamp,1,0,0.0,1,1.0,0,0,1,0,3,0,1,0,0.0,0,0,0,1,0.0,1,2.0,1,0,0.0,0,0.0,0.0,9,6,0.0,2,0,0,0,0,2,0,0,0,0,0,0,0,0,0,0,2,1.0,2,1.0,2,0,0,0,2,0,0,2,0,1,0,0,0,0,0,2,2,44,611,461,5,0,0,2,1.0,12,0,179,82,179,8,27650
2025-07-11,argo,com.mrsep.musicrecognizer.core.network,HttpFileLoggingInterceptor,intercept,4,11,1.0,10,1.0,0,0,1,0,23,1,4,2,0.0,1,1,0,17,0.1,3,2.375,1,0,0.0,0,0.0,1.0,41,32,0.5,2,1,1,1,0,4,1,0,2,0,0,2,1,1,0,0,3,1.0,3,1.5,2,1,1,0,1,1,0,1,0,1,0,0,0,0,0,2,2,44,611,461,2,0,1,28,3.5,3,0,143,82,179,3,27650
2025-07-11,argo,com.mrsep.musicrecognizer.core.network,HttpFileLoggingInterceptor,writeLogFile,3,1,0.0,4,1.0,0,0,1,0,9,0,3,0,0.0,0,0,1,11,0.0,0,2.6666666666666665,2,1,0.0,0,0.0,1.0,41,32,0.5,2,1,1,1,0,4,1,0,2,0,0,2,1,1,0,0,3,1.0,3,1.5,2,1,1,0,1,1,0,1,0,1,0,0,0,0,0,2,2,44,611,461,2,0,1,28,3.5,3,0,143,82,179,3,27650
2025-07-11,argo,com.mrsep.musicrecognizer.core.network,UserAgentInterceptor,intercept,1,0,0.0,1,1.0,0,0,1,0,3,0,1,0,0.3333333333333333,0,1,0,5,1.0,0,3.5,1,0,0.0,0,0.0,1.0,7,3,0.0,1,1,1,1,0,2,0,0,1,0,0,1,0,0,0,0,1,0.0,1,1.0,1,1,1,0,1,0,0,1,0,1,0,0,0,0,0,1,1,44,611,461,2,0,0,5,1.0,3,0,143,82,179,3,27650
2025-07-11,argo,com.mrsep.musicrecognizer.core.recognition.lyrics,LyricsConverterTest,combinedTest,1,3,0.0,11,0.3636,0,0,1,0,29,0,1,0,1.0,0,1,1,30,0.33,1,2.7037037037037037,0,1,0.0,0,0.875,1.0,212,193,0.0,16,1,0,0,0,0,4,0,1,0,0,1,0,0,0,0,16,0.033333333333333326,16,1.0,16,0,1,0,16,0,0,16,1,1,0,0,0,0,0,16,16,44,611,461,6,0,18,169,1.125,27,1,638,82,179,26,27650
2025-07-11,argo,com.mrsep.musicrecognizer.core.recognition.lyrics,LyricsConverterTest,trimMetadataAndLinesContent,1,3,0.0,4,1.0,0,0,1,0,11,0,1,0,1.0,0,1,1,11,0.33,1,2.6666666666666665,0,1,0.0,0,0.875,1.0,212,193,0.0,16,1,0,0,0,0,4,0,1,0,0,1,0,0,0,0,16,0.033333333333333326,16,1.0,16,0,1,0,16,0,0,16,1,1,0,0,0,0,0,16,16,44,611,461,6,0,18,169,1.125,27,1,638,82,179,26,27650
2025-07-11,argo,com.mrsep.musicrecognizer.core.recognition.lyrics,LyricsConverterTest,keepEmptyOrBlankLines,1,3,0.0,4,1.0,0,0,1,0,13,0,1,0,1.0,0,1,1,11,0.33,1,2.4,0,1,0.0,0,0.875,1.0,212,193,0.0,16,1,0,0,0,0,4,0,1,0,0,1,0,0,0,0,16,0.033333333333333326,16,1.0,16,0,1,0,16,0,0,16,1,1,0,0,0,0,0,16,16,44,611,461,6,0,18,169,1.125,27,1,638,82,179,26,27650
2025-07-11,argo,com.mrsep.musicrecognizer.core.recognition.lyrics,LyricsConverterTest,respectMetadataParsingSkip,1,3,0.0,4,1.0,0,0,1,0,10,0,1,0,1.0,0,1,1,6,0.33,1,2.4,0,1,0.0,0,0.875,1.0,212,193,0.0,16,1,0,0,0,0,4,0,1,0,0,1,0,0,0,0,16,0.033333333333333326,16,1.0,16,0,1,0,16,0,0,16,1,1,0,0,0,0,0,16,16,44,611,461,6,0,18,169,1.125,27,1,638,82,179,26,27650
2025-07-11,argo,com.mrsep.musicrecognizer.core.recognition.lyrics,LyricsConverterTest,copyAndShiftByOffset,1,6,0.0,3,1.0,0,0,1,0,11,0,1,0,0.0,1,0,3,23,0.0,1,3.230769230769231,0,3,0.0,0,0.875,1.0,212,193,0.0,16,1,0,0,0,0,4,0,1,0,0,1,0,0,0,0,16,0.033333333333333326,16,1.0,16,0,1,0,16,0,0,16,1,1,0,0,0,0,0,16,16,44,611,461,6,0,18,169,1.125,27,1,638,82,179,26,27650
2025-07-11,argo,com.mrsep.musicrecognizer.core.recognition.lyrics,LyricsConverterTest,validTimeTagVariations,1,3,0.0,4,1.0,0,0,1,0,11,0,1,0,1.0,0,1,1,17,0.33,1,2.642857142857143,0,1,0.0,0,0.875,1.0,212,193,0.0,16,1,0,0,0,0,4,0,1,0,0,1,0,0,0,0,16,0.033333333333333326,16,1.0,16,0,1,0,16,0,0,16,1,1,0,0,0,0,0,16,16,44,611,461,6,0,18,169,1.125,27,1,638,82,179,26,27650
2025-07-11,argo,com.mrsep.musicrecognizer.core.recognition.lyrics,LyricsConverterTest,dropWordTimestamps,1,3,0.0,4,1.0,0,0,1,0,11,0,1,0,1.0,0,1,1,9,0.33,1,2.4,0,1,0.0,0,0.875,1.0,212,193,0.0,16,1,0,0,0,0,4,0,1,0,0,1,0,0,0,0,16,0.033333333333333326,16,1.0,16,0,1,0,16,0,0,16,1,1,0,0,0,0,0,16,16,44,611,461,6,0,18,169,1.125,27,1,638,82,179,26,27650
2025-07-11,argo,com.mrsep.musicrecognizer.core.recognition.lyrics,LyricsConverterTest,sortUnsortedLines,1,3,0.0,4,1.0,0,0,1,0,10,0,1,0,1.0,0,1,1,12,0.33,1,2.6,0,1,0.0,0,0.875,1.0,212,193,0.0,16,1,0,0,0,0,4,0,1,0,0,1,0,0,0,0,16,0.033333333333333326,16,1.0,16,0,1,0,16,0,0,16,1,1,0,0,0,0,0,16,16,44,611,461,6,0,18,169,1.125,27,1,638,82,179,26,27650
2025-07-11,argo,com.mrsep.musicrecognizer.core.recognition.lyrics,LyricsConverterTest,skipLinesWithMalformedTags,1,3,0.0,4,1.0,0,0,1,0,20,0,1,0,1.0,0,1,1,8,0.33,1,2.2666666666666666,0,1,0.0,0,0.875,1.0,212,193,0.0,16,1,0,0,0,0,4,0,1,0,0,1,0,0,0,0,16,0.033333333333333326,16,1.0,16,0,1,0,16,0,0,16,1,1,0,0,0,0,0,16,16,44,611,461,6,0,18,169,1.125,27,1,638,82,179,26,27650
2025-07-11,argo,com.mrsep.musicrecognizer.core.recognition.lyrics,LyricsConverterTest,keepLastMetadataTag,1,3,0.0,6,0.6667,0,0,1,0,13,0,1,0,1.0,0,1,1,11,0.33,1,2.4444444444444446,0,1,0.0,0,0.875,1.0,212,193,0.0,16,1,0,0,0,0,4,0,1,0,0,1,0,0,0,0,16,0.033333333333333326,16,1.0,16,0,1,0,16,0,0,16,1,1,0,0,0,0,0,16,16,44,611,461,6,0,18,169,1.125,27,1,638,82,179,26,27650
2025-07-11,argo,com.mrsep.musicrecognizer.core.recognition.lyrics,LyricsConverterTest,emptyInputIsError,1,1,0.0,2,1.0,0,0,1,0,4,0,1,0,1.0,0,1,1,2,1.0,1,2.0,0,1,0.0,0,0.875,1.0,212,193,0.0,16,1,0,0,0,0,4,0,1,0,0,1,0,0,0,0,16,0.033333333333333326,16,1.0,16,0,1,0,16,0,0,16,1,1,0,0,0,0,0,16,16,44,611,461,6,0,18,169,1.125,27,1,638,82,179,26,27650
2025-07-11,argo,com.mrsep.musicrecognizer.core.recognition.lyrics,LyricsConverterTest,emptyLyricsIsError,1,2,0.0,3,1.0,0,0,1,0,9,0,1,0,1.0,0,1,1,3,0.5,1,2.0,0,1,0.0,0,0.875,1.0,212,193,0.0,16,1,0,0,0,0,4,0,1,0,0,1,0,0,0,0,16,0.033333333333333326,16,1.0,16,0,1,0,16,0,0,16,1,1,0,0,0,0,0,16,16,44,611,461,6,0,18,169,1.125,27,1,638,82,179,26,27650
2025-07-11,argo,com.mrsep.musicrecognizer.core.recognition.lyrics,LyricsConverterTest,blankLyricsIsError,1,2,0.0,3,1.0,0,0,1,0,9,0,1,0,1.0,0,1,1,3,0.5,1,2.0,0,1,0.0,0,0.875,1.0,212,193,0.0,16,1,0,0,0,0,4,0,1,0,0,1,0,0,0,0,16,0.033333333333333326,16,1.0,16,0,1,0,16,0,0,16,1,1,0,0,0,0,0,16,16,44,611,461,6,0,18,169,1.125,27,1,638,82,179,26,27650
2025-07-11,argo,com.mrsep.musicrecognizer.core.recognition.lyrics,LyricsConverterTest,overlappingLyricsIsError,1,2,0.0,3,1.0,0,0,1,0,9,0,1,0,1.0,0,1,1,3,0.5,1,2.0,0,1,0.0,0,0.875,1.0,212,193,0.0,16,1,0,0,0,0,4,0,1,0,0,1,0,0,0,0,16,0.033333333333333326,16,1.0,16,0,1,0,16,0,0,16,1,1,0,0,0,0,0,16,16,44,611,461,6,0,18,169,1.125,27,1,638,82,179,26,27650
2025-07-11,argo,com.mrsep.musicrecognizer.core.recognition.lyrics,LyricsConverterTest,formatCombinedTest,2,3,0.0,4,1.0,0,0,1,0,17,0,2,0,1.0,0,1,1,16,0.33,1,2.933333333333333,0,1,0.0,0,0.875,1.0,212,193,0.0,16,1,0,0,0,0,4,0,1,0,0,1,0,0,0,0,16,0.033333333333333326,16,1.0,16,0,1,0,16,0,0,16,1,1,0,0,0,0,0,16,16,44,611,461,6,0,18,169,1.125,27,1,638,82,179,26,27650
2025-07-11,argo,com.mrsep.musicrecognizer.core.recognition.lyrics,LyricsConverterTest,respectMetadataFormattingSkip,2,3,0.0,3,1.0,0,0,1,0,6,0,2,0,1.0,0,1,1,4,0.33,1,2.25,0,1,0.0,0,0.875,1.0,212,193,0.0,16,1,0,0,0,0,4,0,1,0,0,1,0,0,0,0,16,0.033333333333333326,16,1.0,16,0,1,0,16,0,0,16,1,1,0,0,0,0,0,16,16,44,611,461,6,0,18,169,1.125,27,1,638,82,179,26,27650
2025-07-11,argo,com.mrsep.musicrecognizer.core.recognition,RecognitionServiceFactoryImpl,getService,2,0,0.0,1,1.0,0,1,1,0,6,0,2,0,0.0,0,0,0,3,0.0,1,2.0,1,0,0.0,0,0.0,1.0,8,0,0.0,1,0,1,1,0,2,0,0,0,0,0,0,0,0,0,0,1,0.0,1,1.0,1,1,0,0,1,0,0,1,0,1,0,0,0,0,0,1,1,44,611,461,4,0,0,3,2.0,19,0,525,82,179,9,27650
2025-07-11,argo,com.mrsep.musicrecognizer.core.recognition.artwork,ArtworkFetcherImpl,fetchUrl,1,0,1.0,1,1.0,0,0,1,0,3,0,1,1,0.0,1,0,0,3,0.0,0,4.0,1,0,0.0,0,0.0,0.6666666666666666,39,35,0.6666666666666666,3,0,1,1,0,4,0,0,0,0,0,0,0,0,0,0,8,1.0,8,2.6666666666666665,3,1,0,0,1,2,0,1,1,1,0,0,0,0,0,3,3,44,611,461,3,0,0,40,3.6666666666666665,4,1,89,82,179,3,27650
2025-07-11,argo,com.mrsep.musicrecognizer.core.recognition.artwork,ArtworkFetcherImpl,fetchDeezerSource,9,10,1.0,9,0.8,0,0,1,0,27,5,9,1,0.0,1,0,0,31,0.0,4,3.3125,1,0,0.0,0,0.0,0.6666666666666666,39,35,0.6666666666666666,3,0,1,1,0,4,0,0,0,0,0,0,0,0,0,0,8,1.0,8,2.6666666666666665,3,1,0,0,1,2,0,1,1,1,0,0,0,0,0,3,3,44,611,461,3,0,0,40,3.6666666666666665,4,1,89,82,179,3,27650
2025-07-11,argo,com.mrsep.musicrecognizer.core.recognition.artwork,ArtworkFetcherImpl,verifyAndParseDeezerTrackId,1,2,0.0,3,1.0,0,0,1,0,5,0,1,0,0.0,0,0,0,6,0.0,1,3.0,1,0,0.0,0,0.0,0.6666666666666666,39,35,0.6666666666666666,3,0,1,1,0,4,0,0,0,0,0,0,0,0,0,0,8,1.0,8,2.6666666666666665,3,1,0,0,1,2,0,1,1,1,0,0,0,0,0,3,3,44,611,461,3,0,0,40,3.6666666666666665,4,1,89,82,179,3,27650
2025-07-11,argo,com.mrsep.musicrecognizer.core.recognition.audd.json,LyricsJson,parseMediaItems,4,0,0.0,2,1.0,0,0,2,0,9,1,4,0,0.0,0,0,0,5,0.0,1,2.5,1,0,0.0,0,0.0,1.0,13,9,0.0,1,0,0,0,0,2,0,0,0,0,0,0,0,0,0,0,2,0.0,2,2.0,1,0,0,0,1,0,0,1,1,1,0,0,0,0,0,1,1,44,611,461,7,0,0,5,4.0,32,0,623,82,179,1,27650
2025-07-11,argo,com.mrsep.musicrecognizer.core.recognition.audd.websocket,WebSocketSessionImpl,startReconnectingSession,3,1,1.0,0,0.0,0,0,1,0,8,1,3,0,0.0,1,0,0,4,0.0,0,0.0,1,0,0.0,0,0.0,1.0,38,35,0.5,2,0,1,1,0,2,0,0,0,0,0,0,0,0,0,0,4,1.0,4,2.0,2,1,0,0,1,1,0,1,0,1,0,0,0,0,0,7,7,44,611,461,4,0,0,21,4.5,3,1,88,82,179,2,27650
2025-07-11,argo,com.mrsep.musicrecognizer.core.recognition.audd.websocket,WebSocketSessionImpl,startNewSession,6,2,0.0,7,0.4286,0,0,1,0,27,1,6,0,0.0,0,0,0,17,0.0,1,2.4285714285714284,1,0,0.0,0,0.0,1.0,38,35,0.5,2,0,1,1,0,2,0,0,0,0,0,0,0,0,0,0,4,1.0,4,2.0,2,1,0,0,1,1,0,1,0,1,0,0,0,0,0,7,7,44,611,461,4,0,0,21,4.5,3,1,88,82,179,2,27650
2025-07-11,argo,com.mrsep.musicrecognizer.core.recognition.enhancer.odesli,OdesliMetadataEnhancer,enhance,8,9,1.0,11,0.9091,0,2,1,0,28,1,8,1,0.0,3,0,0,29,0.0,4,2.5416666666666665,1,0,0.0,0,0.0,1.0,42,29,0.5,3,1,1,1,0,6,0,0,1,0,0,1,0,0,0,0,6,0.8333333333333334,6,1.5,4,1,1,0,1,3,0,1,0,1,0,0,0,0,0,4,4,44,611,461,4,0,0,43,2.75,4,0,413,82,179,4,27650
2025-07-11,argo,com.mrsep.musicrecognizer.core.recognition.enhancer.odesli,OdesliMetadataEnhancer,getPriorityLinkForQuery,1,0,0.0,0,0.0,0,2,1,0,3,0,1,0,0.0,0,0,0,0,0.0,0,2.0,1,0,0.0,0,0.0,1.0,42,29,0.5,3,1,1,1,0,6,0,0,1,0,0,1,0,0,0,0,6,0.8333333333333334,6,1.5,4,1,1,0,1,3,0,1,0,1,0,0,0,0,0,4,4,44,611,461,4,0,0,43,2.75,4,0,413,82,179,4,27650
2025-07-11,argo,com.mrsep.musicrecognizer.core.recognition.enhancer.odesli,OdesliMetadataEnhancer,updateLinks,1,0,0.0,1,1.0,0,2,1,0,1,0,1,0,0.0,0,0,0,1,0.0,0,2.0,2,0,0.0,0,0.0,1.0,42,29,0.5,3,1,1,1,0,6,0,0,1,0,0,1,0,0,0,0,6,0.8333333333333334,6,1.5,4,1,1,0,1,3,0,1,0,1,0,0,0,0,0,4,4,44,611,461,4,0,0,43,2.75,4,0,413,82,179,4,27650
2025-07-11,argo,com.mrsep.musicrecognizer.core.recognition.enhancer.odesli,OdesliMetadataEnhancer,getRequestUrl,1,0,0.0,1,1.0,0,2,1,0,3,0,1,0,0.5,0,1,0,13,1.0,0,4.25,1,0,0.0,0,0.0,1.0,42,29,0.5,3,1,1,1,0,6,0,0,1,0,0,1,0,0,0,0,6,0.8333333333333334,6,1.5,4,1,1,0,1,3,0,1,0,1,0,0,0,0,0,4,4,44,611,461,4,0,0,43,2.75,4,0,413,82,179,4,27650
2025-07-11,argo,com.mrsep.musicrecognizer.core.recognition.lyrics,LyricsConverter,parseFromString,6,14,1.0,14,1.0,0,0,1,0,30,2,6,0,0.6666666666666666,1,4,1,41,0.25,3,2.5714285714285716,2,1,0.0,0,0.0,1.0,64,49,0.5,4,5,0,0,0,4,2,0,5,0,0,5,0,0,0,0,9,0.6666666666666667,9,2.25,4,0,11,0,3,2,0,3,2,2,0,0,0,0,0,4,4,44,611,461,6,0,2,77,3.0,27,1,638,82,179,26,27650
2025-07-11,argo,com.mrsep.musicrecognizer.core.recognition.lyrics,LyricsConverter,removeEnhancedTimeTags,3,0,0.0,1,1.0,0,0,1,0,4,2,3,0,1.0,0,1,0,2,1.0,0,3.0,0,0,0.0,0,0.0,1.0,64,49,0.5,4,5,0,0,0,4,2,0,5,0,0,5,0,0,0,0,9,0.6666666666666667,9,2.25,4,0,11,0,3,2,0,3,2,2,0,0,0,0,0,4,4,44,611,461,6,0,2,77,3.0,27,1,638,82,179,26,27650
2025-07-11,argo,com.mrsep.musicrecognizer.core.recognition.lyrics,LyricsConverter,formatToString,2,2,1.0,5,1.0,0,0,1,0,9,1,2,0,0.0,1,0,1,21,0.0,2,2.2777777777777777,2,1,0.0,0,0.0,1.0,64,49,0.5,4,5,0,0,0,4,2,0,5,0,0,5,0,0,0,0,9,0.6666666666666667,9,2.25,4,0,11,0,3,2,0,3,2,2,0,0,0,0,0,4,4,44,611,461,6,0,2,77,3.0,27,1,638,82,179,26,27650
2025-07-11,argo,com.mrsep.musicrecognizer.core.recognition.lyrics,LyricsConverter,toLrcTimeTag,1,1,0.0,2,1.0,0,0,1,0,6,0,1,0,0.0,0,0,0,3,0.0,1,2.5,0,0,0.0,0,0.0,1.0,64,49,0.5,4,5,0,0,0,4,2,0,5,0,0,5,0,0,0,0,9,0.6666666666666667,9,2.25,4,0,11,0,3,2,0,3,2,2,0,0,0,0,0,4,4,44,611,461,6,0,2,77,3.0,27,1,638,82,179,26,27650
2025-07-11,argo,com.mrsep.musicrecognizer.core.recognition.lyrics,SyncedLyricsWithMetadata,copyAndShiftByOffset,3,1,0.0,4,1.0,0,0,1,0,6,2,3,0,0.2,0,1,0,10,0.5,1,2.25,1,0,0.0,0,0.0,1.0,34,6,0.0,1,6,0,0,6,2,0,0,0,0,6,12,6,6,0,0,3,0.0,3,3.0,1,0,11,0,3,2,0,3,2,2,0,0,0,0,0,1,1,44,611,461,6,0,2,77,3.0,27,1,638,82,179,26,27650
2025-07-11,argo,com.mrsep.musicrecognizer.core.recognition.lyrics,LyricsFetcherImpl,fetch,1,1,1.0,2,1.0,0,0,1,0,6,0,1,2,0.0,1,0,0,6,0.0,2,2.3333333333333335,1,0,0.0,0,0.0,0.8,35,29,0.4,5,0,1,1,0,5,0,0,0,0,0,0,0,0,0,0,6,1.0,6,1.2,5,1,0,0,1,4,0,1,2,1,0,0,0,0,0,5,5,44,611,461,6,0,0,50,1.8,27,1,638,82,179,26,27650
2025-07-11,argo,com.mrsep.musicrecognizer.core.recognition.lyrics,LyricsFetcherImpl,fetchFromLrcLib,1,3,2.0,2,1.0,0,0,1,0,6,0,1,2,0.0,2,0,0,26,0.0,4,4.125,1,0,0.0,0,0.0,0.8,35,29,0.4,5,0,1,1,0,5,0,0,0,0,0,0,0,0,0,0,6,1.0,6,1.2,5,1,0,0,1,4,0,1,2,1,0,0,0,0,0,5,5,44,611,461,6,0,0,50,1.8,27,1,638,82,179,26,27650
2025-07-11,argo,com.mrsep.musicrecognizer.core.recognition.lyrics,LyricsFetcherImpl,takeValidContent,1,0,0.0,1,1.0,0,0,1,0,1,0,1,0,0.0,0,0,0,2,0.0,0,2.0,0,0,0.0,0,0.0,0.8,35,29,0.4,5,0,1,1,0,5,0,0,0,0,0,0,0,0,0,0,6,1.0,6,1.2,5,1,0,0,1,4,0,1,2,1,0,0,0,0,0,5,5,44,611,461,6,0,0,50,1.8,27,1,638,82,179,26,27650
2025-07-11,argo,com.mrsep.musicrecognizer.core.recognition.lyrics,LyricsFetcherImpl,parseToSyncedLyrics,1,0,0.0,1,1.0,0,0,1,0,3,0,1,0,0.0,0,0,0,4,0.0,0,2.3333333333333335,0,0,0.0,0,0.0,0.8,35,29,0.4,5,0,1,1,0,5,0,0,0,0,0,0,0,0,0,0,6,1.0,6,1.2,5,1,0,0,1,4,0,1,2,1,0,0,0,0,0,5,5,44,611,461,6,0,0,50,1.8,27,1,638,82,179,26,27650
2025-07-11,argo,com.mrsep.musicrecognizer.core.recognition.lyrics,LyricsFetcherImpl,fetchByRequest,5,0,0.0,4,1.0,0,0,1,0,13,1,5,1,0.0,0,0,0,12,0.0,0,3.2,1,0,0.0,0,0.0,0.8,35,29,0.4,5,0,1,1,0,5,0,0,0,0,0,0,0,0,0,0,6,1.0,6,1.2,5,1,0,0,1,4,0,1,2,1,0,0,0,0,0,5,5,44,611,461,6,0,0,50,1.8,27,1,638,82,179,26,27650
2025-07-11,argo,com.mrsep.musicrecognizer.core.recognition,WebSocketBaseFake,queueSize,1,0,0.0,0,0.0,0,0,1,0,1,0,1,0,0.0,0,0,0,0,0.0,0,0.0,0,0,0.0,0,0.75,0.625,61,46,0.125,8,3,5,1,1,6,3,0,2,0,1,1,0,0,2,0,8,0.5357142857142857,8,1.0,8,5,3,0,8,0,0,8,0,0,0,0,0,0,0,8,8,44,611,461,4,0,8,20,1.125,19,0,525,82,179,9,27650
2025-07-11,argo,com.mrsep.musicrecognizer.core.recognition,WebSocketBaseFake,openConnection,1,1,0.0,1,1.0,0,0,1,0,8,0,1,0,0.75,0,3,2,4,1.5,0,2.5,1,2,0.0,0,0.75,0.625,61,46,0.125,8,3,5,1,1,6,3,0,2,0,1,1,0,0,2,0,8,0.5357142857142857,8,1.0,8,5,3,0,8,0,0,8,0,0,0,0,0,0,0,8,8,44,611,461,4,0,8,20,1.125,19,0,525,82,179,9,27650
2025-07-11,argo,com.mrsep.musicrecognizer.core.recognition,WebSocketBaseFake,failureConnection,2,0,0.0,1,1.0,0,0,1,0,11,0,2,1,0.6,0,3,2,6,1.5,0,2.5,2,2,0.0,0,0.75,0.625,61,46,0.125,8,3,5,1,1,6,3,0,2,0,1,1,0,0,2,0,8,0.5357142857142857,8,1.0,8,5,3,0,8,0,0,8,0,0,0,0,0,0,0,8,8,44,611,461,4,0,8,20,1.125,19,0,525,82,179,9,27650
2025-07-11,argo,com.mrsep.musicrecognizer.core.recognition,WebSocketBaseFake,simulateReconnect,1,0,0.0,1,1.0,0,0,1,0,9,0,1,1,0.6666666666666666,0,3,2,5,1.5,0,2.6666666666666665,2,2,0.0,0,0.75,0.625,61,46,0.125,8,3,5,1,1,6,3,0,2,0,1,1,0,0,2,0,8,0.5357142857142857,8,1.0,8,5,3,0,8,0,0,8,0,0,0,0,0,0,0,8,8,44,611,461,4,0,8,20,1.125,19,0,525,82,179,9,27650
2025-07-11,argo,com.mrsep.musicrecognizer.core.recognition,WebSocketBaseFake,cancel,1,0,1.0,0,0.0,0,0,1,0,4,0,1,1,1.0,1,2,0,1,2.0,1,2.0,0,0,0.0,0,0.75,0.625,61,46,0.125,8,3,5,1,1,6,3,0,2,0,1,1,0,0,2,0,8,0.5357142857142857,8,1.0,8,5,3,0,8,0,0,8,0,0,0,0,0,0,0,8,8,44,611,461,4,0,8,20,1.125,19,0,525,82,179,9,27650
2025-07-11,argo,com.mrsep.musicrecognizer.core.recognition,WebSocketBaseFake,close,1,0,0.0,0,0.0,0,0,1,0,5,0,1,1,1.0,1,2,0,1,1.0,1,2.0,2,0,0.0,0,0.75,0.625,61,46,0.125,8,3,5,1,1,6,3,0,2,0,1,1,0,0,2,0,8,0.5357142857142857,8,1.0,8,5,3,0,8,0,0,8,0,0,0,0,0,0,0,8,8,44,611,461,4,0,8,20,1.125,19,0,525,82,179,9,27650
2025-07-11,argo,com.mrsep.musicrecognizer.core.recognition,WebSocketBaseFake,request,1,0,0.0,0,0.0,0,0,1,0,4,0,1,0,1.0,0,2,1,2,2.0,0,0.0,0,1,0.0,0,0.75,0.625,61,46,0.125,8,3,5,1,1,6,3,0,2,0,1,1,0,0,2,0,8,0.5357142857142857,8,1.0,8,5,3,0,8,0,0,8,0,0,0,0,0,0,0,8,8,44,611,461,4,0,8,20,1.125,19,0,525,82,179,9,27650
2025-07-11,argo,com.mrsep.musicrecognizer.core.recognition,WebSocketBaseFake,send,1,0,0.0,0,0.0,0,0,1,0,4,0,1,0,1.0,0,2,1,1,2.0,0,0.0,1,1,0.0,0,0.75,0.625,61,46,0.125,8,3,5,1,1,6,3,0,2,0,1,1,0,0,2,0,8,0.5357142857142857,8,1.0,8,5,3,0,8,0,0,8,0,0,0,0,0,0,0,8,8,44,611,461,4,0,8,20,1.125,19,0,525,82,179,9,27650
2025-07-11,argo,com.mrsep.musicrecognizer.core.ui.components,MultiSelectionState,select,1,0,0.0,1,1.0,0,2,1,0,3,0,1,1,0.5,0,1,0,1,1.0,1,2.0,1,0,0.0,0,1.0,0.2,25,7,0.0,3,3,0,0,2,3,1,1,1,0,2,3,0,0,0,0,6,0.9,6,1.2,5,0,3,0,5,0,0,5,0,1,0,0,1,0,1,5,6,44,611,461,1,0,0,4,1.4,14,0,510,82,179,5,27650
2025-07-11,argo,com.mrsep.musicrecognizer.core.ui.components,MultiSelectionState,toggleSelection,3,0,0.0,1,1.0,0,2,1,0,3,1,3,3,0.5,0,1,0,2,1.0,2,2.0,1,0,0.0,0,1.0,0.2,25,7,0.0,3,3,0,0,2,3,1,1,1,0,2,3,0,0,0,0,6,0.9,6,1.2,5,0,3,0,5,0,0,5,0,1,0,0,1,0,1,5,6,44,611,461,1,0,0,4,1.4,14,0,510,82,179,5,27650
2025-07-11,argo,com.mrsep.musicrecognizer.core.ui.components,MultiSelectionState,isSelected,1,0,0.0,0,0.0,0,2,1,0,1,0,1,1,0.5,0,1,0,0,1.0,0,0.0,1,0,0.0,0,1.0,0.2,25,7,0.0,3,3,0,0,2,3,1,1,1,0,2,3,0,0,0,0,6,0.9,6,1.2,5,0,3,0,5,0,0,5,0,1,0,0,1,0,1,5,6,44,611,461,1,0,0,4,1.4,14,0,510,82,179,5,27650
2025-07-11,argo,com.mrsep.musicrecognizer.core.ui.components,MultiSelectionState,getSelected,1,0,0.0,0,0.0,0,2,1,0,1,0,1,1,1.0,0,1,0,0,1.0,0,0.0,0,0,0.0,0,1.0,0.2,25,7,0.0,3,3,0,0,2,3,1,1,1,0,2,3,0,0,0,0,6,0.9,6,1.2,5,0,3,0,5,0,0,5,0,1,0,0,1,0,1,5,6,44,611,461,1,0,0,4,1.4,14,0,510,82,179,5,27650
2025-07-11,argo,com.mrsep.musicrecognizer.core.ui.components,MultiSelectionState,<T> getSaver,1,0,0.0,1,1.0,0,2,1,0,1,0,1,1,1.0,0,1,0,1,1.0,1,2.0,0,0,0.0,0,1.0,0.2,25,7,0.0,3,3,0,0,2,3,1,1,1,0,2,3,0,0,0,0,6,0.9,6,1.2,5,0,3,0,5,0,0,5,0,1,0,0,1,0,1,5,6,44,611,461,1,1,0,4,1.4,14,0,510,82,179,5,27650
2025-07-11,argo,com.mrsep.musicrecognizer.feature.backup.data,AppBackupManagerImpl,estimateAppDataSize,1,3,0.0,4,1.0,0,0,1,0,8,0,1,0,0.0,0,0,0,9,0.0,1,2.6,0,0,0.0,0,0.0,0.6875,254,221,0.25,16,1,4,1,0,12,8,0,7,0,0,7,6,6,0,0,29,0.8,29,1.8125,16,4,1,0,4,12,0,4,0,1,0,0,0,0,0,16,16,44,611,461,1,0,16,139,3.5625,16,0,370,82,179,16,27650
2025-07-11,argo,com.mrsep.musicrecognizer.feature.backup.data,AppBackupManagerImpl,backup,9,1,5.0,6,1.0,0,0,1,0,28,1,9,7,0.0,5,0,0,13,0.0,1,2.5,2,0,0.0,0,0.0,0.6875,254,221,0.25,16,1,4,1,0,12,8,0,7,0,0,7,6,6,0,0,29,0.8,29,1.8125,16,4,1,0,4,12,0,4,0,1,0,0,0,0,0,16,16,44,611,461,1,0,16,139,3.5625,16,0,370,82,179,16,27650
2025-07-11,argo,com.mrsep.musicrecognizer.feature.backup.data,AppBackupManagerImpl,deleteUnfinishedBackup,3,0,0.0,2,1.0,0,0,1,0,7,1,3,1,0.0,0,0,0,5,0.0,0,3.0,1,0,0.0,0,0.0,0.6875,254,221,0.25,16,1,4,1,0,12,8,0,7,0,0,7,6,6,0,0,29,0.8,29,1.8125,16,4,1,0,4,12,0,4,0,1,0,0,0,0,0,16,16,44,611,461,1,0,16,139,3.5625,16,0,370,82,179,16,27650
2025-07-11,argo,com.mrsep.musicrecognizer.feature.backup.data,AppBackupManagerImpl,exportDatabase,1,1,0.0,5,1.0,0,0,1,0,11,0,1,0,0.0,0,0,3,11,0.0,1,2.6,1,3,0.0,0,0.0,0.6875,254,221,0.25,16,1,4,1,0,12,8,0,7,0,0,7,6,6,0,0,29,0.8,29,1.8125,16,4,1,0,4,12,0,4,0,1,0,0,0,0,0,16,16,44,611,461,1,0,16,139,3.5625,16,0,370,82,179,16,27650
2025-07-11,argo,com.mrsep.musicrecognizer.feature.backup.data,AppBackupManagerImpl,exportRecordings,2,1,0.0,4,1.0,0,0,1,0,9,0,2,0,0.0,0,0,1,7,0.0,1,2.25,1,1,0.0,0,0.0,0.6875,254,221,0.25,16,1,4,1,0,12,8,0,7,0,0,7,6,6,0,0,29,0.8,29,1.8125,16,4,1,0,4,12,0,4,0,1,0,0,0,0,0,16,16,44,611,461,1,0,16,139,3.5625,16,0,370,82,179,16,27650
2025-07-11,argo,com.mrsep.musicrecognizer.feature.backup.data,AppBackupManagerImpl,exportUserPreferences,1,1,0.0,3,1.0,0,0,1,0,9,0,1,0,0.0,0,0,2,7,0.0,1,2.3333333333333335,1,2,0.0,0,0.0,0.6875,254,221,0.25,16,1,4,1,0,12,8,0,7,0,0,7,6,6,0,0,29,0.8,29,1.8125,16,4,1,0,4,12,0,4,0,1,0,0,0,0,0,16,16,44,611,461,1,0,16,139,3.5625,16,0,370,82,179,16,27650
2025-07-11,argo,com.mrsep.musicrecognizer.feature.backup.data,AppBackupManagerImpl,readBackupMetadata,12,5,2.0,9,1.0,0,0,1,0,42,2,12,3,0.0,2,0,0,17,0.0,1,2.130434782608696,1,0,0.0,0,0.0,0.6875,254,221,0.25,16,1,4,1,0,12,8,0,7,0,0,7,6,6,0,0,29,0.8,29,1.8125,16,4,1,0,4,12,0,4,0,1,0,0,0,0,0,16,16,44,611,461,1,0,16,139,3.5625,16,0,370,82,179,16,27650
2025-07-11,argo,com.mrsep.musicrecognizer.feature.backup.data,AppBackupManagerImpl,restore,18,6,7.0,12,0.9286,0,0,1,0,59,4,18,10,0.16666666666666666,7,1,0,26,0.17,1,2.260869565217391,2,0,0.0,0,0.0,0.6875,254,221,0.25,16,1,4,1,0,12,8,0,7,0,0,7,6,6,0,0,29,0.8,29,1.8125,16,4,1,0,4,12,0,4,0,1,0,0,0,0,0,16,16,44,611,461,1,0,16,139,3.5625,16,0,370,82,179,16,27650
2025-07-11,argo,com.mrsep.musicrecognizer.feature.backup.data,AppBackupManagerImpl,importDatabase,1,1,0.0,5,0.8,0,0,1,0,7,0,1,0,0.0,0,0,3,11,0.0,1,3.0,1,3,0.0,0,0.0,0.6875,254,221,0.25,16,1,4,1,0,12,8,0,7,0,0,7,6,6,0,0,29,0.8,29,1.8125,16,4,1,0,4,12,0,4,0,1,0,0,0,0,0,16,16,44,611,461,1,0,16,139,3.5625,16,0,370,82,179,16,27650
2025-07-11,argo,com.mrsep.musicrecognizer.feature.backup.data,AppBackupManagerImpl,importRecording,1,0,0.0,1,1.0,0,0,1,0,3,0,1,0,0.0,0,0,1,1,0.0,1,2.0,2,1,0.0,0,0.0,0.6875,254,221,0.25,16,1,4,1,0,12,8,0,7,0,0,7,6,6,0,0,29,0.8,29,1.8125,16,4,1,0,4,12,0,4,0,1,0,0,0,0,0,16,16,44,611,461,1,0,16,139,3.5625,16,0,370,82,179,16,27650
2025-07-11,argo,com.mrsep.musicrecognizer.feature.backup.data,AppBackupManagerImpl,importPreferences,1,1,0.0,4,0.5,0,0,1,0,6,0,1,0,0.0,0,0,1,7,0.0,2,2.4,1,1,0.0,0,0.0,0.6875,254,221,0.25,16,1,4,1,0,12,8,0,7,0,0,7,6,6,0,0,29,0.8,29,1.8125,16,4,1,0,4,12,0,4,0,1,0,0,0,0,0,16,16,44,611,461,1,0,16,139,3.5625,16,0,370,82,179,16,27650
2025-07-11,argo,com.mrsep.musicrecognizer.feature.backup.data,AppBackupManagerImpl,deleteAppData,1,0,0.0,4,1.0,0,0,1,0,8,0,1,0,0.0,0,0,3,5,0.0,1,2.0,0,3,0.0,0,0.0,0.6875,254,221,0.25,16,1,4,1,0,12,8,0,7,0,0,7,6,6,0,0,29,0.8,29,1.8125,16,4,1,0,4,12,0,4,0,1,0,0,0,0,0,16,16,44,611,461,1,0,16,139,3.5625,16,0,370,82,179,16,27650
2025-07-11,argo,com.mrsep.musicrecognizer.feature.backup.data,AppBackupManagerImpl,cleanOnRestoreError,1,0,1.0,0,0.0,0,0,1,0,3,0,1,1,0.0,1,0,1,1,0.0,0,0.0,0,1,0.0,0,0.0,0.6875,254,221,0.25,16,1,4,1,0,12,8,0,7,0,0,7,6,6,0,0,29,0.8,29,1.8125,16,4,1,0,4,12,0,4,0,1,0,0,0,0,0,16,16,44,611,461,1,0,16,139,3.5625,16,0,370,82,179,16,27650
2025-07-11,argo,com.mrsep.musicrecognizer.feature.backup.data,AppBackupManagerImpl,writeMetadata,1,3,0.0,3,1.0,0,0,1,0,10,0,1,0,0.0,0,0,1,8,0.0,2,2.0,2,1,0.0,0,0.0,0.6875,254,221,0.25,16,1,4,1,0,12,8,0,7,0,0,7,6,6,0,0,29,0.8,29,1.8125,16,4,1,0,4,12,0,4,0,1,0,0,0,0,0,16,16,44,611,461,1,0,16,139,3.5625,16,0,370,82,179,16,27650
2025-07-11,argo,com.mrsep.musicrecognizer.feature.backup.data,AppBackupManagerImpl,readMetadata,3,1,0.0,2,1.0,0,0,1,0,8,0,3,0,0.0,0,0,0,6,0.0,2,2.6666666666666665,1,0,0.0,0,0.0,0.6875,254,221,0.25,16,1,4,1,0,12,8,0,7,0,0,7,6,6,0,0,29,0.8,29,1.8125,16,4,1,0,4,12,0,4,0,1,0,0,0,0,0,16,16,44,611,461,1,0,16,139,3.5625,16,0,370,82,179,16,27650
2025-07-11,argo,com.mrsep.musicrecognizer.feature.backup.data,AppBackupManagerImpl,findRecordingName,1,0,0.0,1,1.0,0,0,1,0,3,0,1,0,0.0,0,0,0,5,0.0,0,6.0,1,0,0.0,0,0.0,0.6875,254,221,0.25,16,1,4,1,0,12,8,0,7,0,0,7,6,6,0,0,29,0.8,29,1.8125,16,4,1,0,4,12,0,4,0,1,0,0,0,0,0,16,16,44,611,461,1,0,16,139,3.5625,16,0,370,82,179,16,27650
2025-07-11,argo,com.mrsep.musicrecognizer.feature.backup.presentation,ExperimentalFeaturesViewModel,estimateEntriesToBackup,3,1,0.0,4,1.0,0,0,1,0,9,2,3,1,0.625,0,3,0,8,1.5,1,2.111111111111111,1,0,0.0,0,0.2857142857142857,0.8571428571428571,76,52,0.0,7,8,0,2,2,2,5,0,6,0,2,8,0,0,0,0,14,0.47619047619047616,14,2.0,7,0,10,0,7,0,0,7,0,3,0,0,0,0,0,7,7,44,611,461,3,0,4,46,0.0,17,0,811,82,179,7,27650
2025-07-11,argo,com.mrsep.musicrecognizer.feature.backup.presentation,ExperimentalFeaturesViewModel,backup,3,1,0.0,3,1.0,0,0,1,0,9,2,3,3,0.5555555555555556,1,3,0,9,1.0,1,2.1,2,0,0.0,0,0.2857142857142857,0.8571428571428571,76,52,0.0,7,8,0,2,2,2,5,0,6,0,2,8,0,0,0,0,14,0.47619047619047616,14,2.0,7,0,10,0,7,0,0,7,0,3,0,0,0,0,0,7,7,44,611,461,3,0,4,46,0.0,17,0,811,82,179,7,27650
2025-07-11,argo,com.mrsep.musicrecognizer.feature.backup.presentation,ExperimentalFeaturesViewModel,cancelBackupScopeJobs,1,0,0.0,1,1.0,0,0,1,0,6,0,1,1,1.0,0,2,1,3,2.0,0,2.25,0,1,0.0,0,0.2857142857142857,0.8571428571428571,76,52,0.0,7,8,0,2,2,2,5,0,6,0,2,8,0,0,0,0,14,0.47619047619047616,14,2.0,7,0,10,0,7,0,0,7,0,3,0,0,0,0,0,7,7,44,611,461,3,0,4,46,0.0,17,0,811,82,179,7,27650
2025-07-11,argo,com.mrsep.musicrecognizer.feature.backup.presentation,ExperimentalFeaturesViewModel,validateBackup,3,1,0.0,4,1.0,0,0,1,0,9,2,3,1,0.625,0,3,0,8,2.0,1,2.111111111111111,1,0,0.0,0,0.2857142857142857,0.8571428571428571,76,52,0.0,7,8,0,2,2,2,5,0,6,0,2,8,0,0,0,0,14,0.47619047619047616,14,2.0,7,0,10,0,7,0,0,7,0,3,0,0,0,0,0,7,7,44,611,461,3,0,4,46,0.0,17,0,811,82,179,7,27650
2025-07-11,argo,com.mrsep.musicrecognizer.feature.backup.presentation,ExperimentalFeaturesViewModel,restore,2,2,0.0,4,1.0,0,0,1,0,10,1,2,4,0.5,1,4,1,14,1.0,1,2.3333333333333335,2,1,0.0,0,0.2857142857142857,0.8571428571428571,76,52,0.0,7,8,0,2,2,2,5,0,6,0,2,8,0,0,0,0,14,0.47619047619047616,14,2.0,7,0,10,0,7,0,0,7,0,3,0,0,0,0,0,7,7,44,611,461,3,0,4,46,0.0,17,0,811,82,179,7,27650
2025-07-11,argo,com.mrsep.musicrecognizer.feature.backup.presentation,ExperimentalFeaturesViewModel,cancelRestoreScopeJobs,1,0,0.0,1,1.0,0,0,1,0,6,0,1,1,1.0,0,2,1,3,3.0,0,2.25,0,1,0.0,0,0.2857142857142857,0.8571428571428571,76,52,0.0,7,8,0,2,2,2,5,0,6,0,2,8,0,0,0,0,14,0.47619047619047616,14,2.0,7,0,10,0,7,0,0,7,0,3,0,0,0,0,0,7,7,44,611,461,3,0,4,46,0.0,17,0,811,82,179,7,27650
2025-07-11,argo,com.mrsep.musicrecognizer.feature.backup.presentation,ExperimentalFeaturesViewModel,restartApplicationOnRestore,1,0,0.0,0,0.0,0,0,1,0,3,0,1,0,0.0,1,0,1,1,0.0,1,2.0,0,1,0.0,0,0.2857142857142857,0.8571428571428571,76,52,0.0,7,8,0,2,2,2,5,0,6,0,2,8,0,0,0,0,14,0.47619047619047616,14,2.0,7,0,10,0,7,0,0,7,0,3,0,0,0,0,0,7,7,44,611,461,3,0,4,46,0.0,17,0,811,82,179,7,27650
2025-07-11,argo,com.mrsep.musicrecognizer.feature.developermode,ExampleInstrumentedTest,useAppContext,1,1,0.0,2,1.0,0,0,1,0,4,0,1,0,0.0,0,0,1,8,0.0,0,3.6666666666666665,0,1,0.0,0,0.0,1.0,6,4,0.0,1,0,0,0,0,0,1,0,0,0,0,0,0,0,0,0,1,0.0,1,1.0,1,0,0,0,1,0,0,1,0,1,0,0,0,0,0,1,1,44,611,461,1,0,1,8,1.0,1,0,25,82,179,1,27650
2025-07-11,argo,com.mrsep.musicrecognizer.feature.library.presentation.library,LibraryViewModel,applyFilter,1,0,0.0,1,1.0,0,2,1,0,3,0,1,0,0.0,0,0,1,2,0.0,0,2.0,1,1,0.0,0,0.0,0.0,21,6,0.0,4,1,0,2,1,3,1,0,0,0,1,1,0,0,0,0,4,0.0,4,1.0,4,0,1,0,4,0,0,4,0,2,0,0,0,0,0,4,4,44,611,461,4,0,4,9,0.0,20,0,1359,82,179,6,27650
2025-07-11,argo,com.mrsep.musicrecognizer.feature.library.presentation.library,LibraryViewModel,deleteTracks,1,0,0.0,1,1.0,0,2,1,0,3,0,1,0,0.0,0,0,1,3,0.0,0,2.5,1,1,0.0,0,0.0,0.0,21,6,0.0,4,1,0,2,1,3,1,0,0,0,1,1,0,0,0,0,4,0.0,4,1.0,4,0,1,0,4,0,0,4,0,2,0,0,0,0,0,4,4,44,611,461,4,0,4,9,0.0,20,0,1359,82,179,6,27650
2025-07-11,argo,com.mrsep.musicrecognizer.feature.library.presentation.library,LibraryViewModel,setUseGrid,1,0,0.0,1,1.0,0,2,1,0,3,0,1,0,0.0,0,0,1,2,0.0,0,2.0,1,1,0.0,0,0.0,0.0,21,6,0.0,4,1,0,2,1,3,1,0,0,0,1,1,0,0,0,0,4,0.0,4,1.0,4,0,1,0,4,0,0,4,0,2,0,0,0,0,0,4,4,44,611,461,4,0,4,9,0.0,20,0,1359,82,179,6,27650
2025-07-11,argo,com.mrsep.musicrecognizer.feature.library.presentation.library,LibraryViewModel,setShowRecognitionDate,1,0,0.0,1,1.0,0,2,1,0,3,0,1,0,0.0,0,0,1,2,0.0,0,2.0,1,1,0.0,0,0.0,0.0,21,6,0.0,4,1,0,2,1,3,1,0,0,0,1,1,0,0,0,0,4,0.0,4,1.0,4,0,1,0,4,0,0,4,0,2,0,0,0,0,0,4,4,44,611,461,4,0,4,9,0.0,20,0,1359,82,179,6,27650
2025-07-11,argo,com.mrsep.musicrecognizer.feature.library.presentation.library,TrackFilterState,makeFilter,1,0,0.0,0,0.0,0,0,1,0,1,0,1,0,1.0,0,5,0,1,5.0,0,3.0,0,0,0.0,0,1.0,1.0,26,9,0.0,2,5,0,0,5,0,0,0,0,0,6,1,1,1,5,0,2,0.0,2,1.0,2,0,5,0,2,0,0,2,1,1,0,0,0,0,0,2,2,44,611,461,4,0,2,2,1.0,20,0,1359,82,179,6,27650
2025-07-11,argo,com.mrsep.musicrecognizer.feature.library.presentation.library,TrackFilterState,resetFilter,1,1,0.0,1,1.0,0,0,1,0,8,0,1,0,1.0,0,5,2,1,5.0,1,2.0,0,0,0.0,0,1.0,1.0,26,9,0.0,2,5,0,0,5,0,0,0,0,0,6,1,1,1,5,0,2,0.0,2,1.0,2,0,5,0,2,0,0,2,1,1,0,0,0,0,0,2,2,44,611,461,4,0,2,2,1.0,20,0,1359,82,179,6,27650
2025-07-11,argo,com.mrsep.musicrecognizer.feature.library.presentation.search,LibrarySearchViewModel,submitSearchQuery,2,0,0.0,1,1.0,0,0,1,0,4,1,2,0,1.0,0,0,0,1,1.0,0,2.0,1,0,0.0,0,0.0,1.0,34,10,0.0,3,3,0,2,2,2,0,0,5,0,2,8,5,5,0,0,4,0.6666666666666667,4,1.3333333333333333,3,0,3,0,3,0,0,3,0,1,0,0,0,0,0,3,3,44,611,461,2,0,0,1,1.3333333333333333,10,0,730,82,179,3,27650
2025-07-11,argo,com.mrsep.musicrecognizer.feature.library.presentation.search,LibrarySearchViewModel,resetSearchQuery,1,0,0.0,0,0.0,0,0,1,0,3,0,1,0,0.0,0,0,0,0,0.0,0,0.0,0,0,0.0,0,0.0,1.0,34,10,0.0,3,3,0,2,2,2,0,0,5,0,2,8,5,5,0,0,4,0.6666666666666667,4,1.3333333333333333,3,0,3,0,3,0,0,3,0,1,0,0,0,0,0,3,3,44,611,461,2,0,0,1,1.3333333333333333,10,0,730,82,179,3,27650
2025-07-11,argo,com.mrsep.musicrecognizer.feature.library.presentation.search,LibrarySearchViewModel,submitSearchScope,1,0,0.0,0,0.0,0,0,1,0,3,0,1,0,1.0,0,0,0,0,1.0,0,0.0,1,0,0.0,0,0.0,1.0,34,10,0.0,3,3,0,2,2,2,0,0,5,0,2,8,5,5,0,0,4,0.6666666666666667,4,1.3333333333333333,3,0,3,0,3,0,0,3,0,1,0,0,0,0,0,3,3,44,611,461,2,0,0,1,1.3333333333333333,10,0,730,82,179,3,27650
2025-07-11,argo,com.mrsep.musicrecognizer.feature.onboarding,ExampleInstrumentedTest,useAppContext,1,1,0.0,2,1.0,0,0,1,0,4,0,1,0,0.0,0,0,1,8,0.0,0,3.6666666666666665,0,1,0.0,0,0.0,1.0,6,4,0.0,1,0,0,0,0,0,1,0,0,0,0,0,0,0,0,0,1,0.0,1,1.0,1,0,0,0,1,0,0,1,0,1,0,0,0,0,0,1,1,44,611,461,1,0,1,8,1.0,1,0,25,82,179,1,27650
2025-07-11,argo,com.mrsep.musicrecognizer.feature.preferences,ExampleInstrumentedTest,useAppContext,1,1,0.0,2,1.0,0,0,1,0,4,0,1,0,0.0,0,0,1,8,0.0,0,3.6666666666666665,0,1,0.0,0,0.0,1.0,6,4,0.0,1,0,0,0,0,0,1,0,0,0,0,0,0,0,0,0,1,0.0,1,1.0,1,0,0,0,1,0,0,1,0,1,0,0,0,0,0,1,1,44,611,461,2,0,1,8,1.0,3,1,34,82,179,1,27650
2025-07-11,argo,com.mrsep.musicrecognizer.feature.preferences.presentation,PreferencesViewModel,setRecognitionProvider,1,0,0.0,1,1.0,0,15,1,0,3,0,1,0,0.0,0,0,1,2,0.0,0,2.0,1,1,0.0,0,0.0,0.06666666666666667,70,0,0.0,15,1,0,2,1,9,1,0,0,0,1,1,0,0,0,0,16,0.0,16,1.0666666666666667,15,0,1,0,15,0,0,15,0,2,0,0,0,0,0,15,15,44,611,461,3,0,15,32,0.0,14,0,1330,82,179,15,27650
2025-07-11,argo,com.mrsep.musicrecognizer.feature.preferences.presentation,PreferencesViewModel,setAuddConfig,1,0,0.0,1,1.0,0,15,1,0,3,0,1,0,0.0,1,0,1,2,0.0,0,2.0,1,1,0.0,0,0.0,0.06666666666666667,70,0,0.0,15,1,0,2,1,9,1,0,0,0,1,1,0,0,0,0,16,0.0,16,1.0666666666666667,15,0,1,0,15,0,0,15,0,2,0,0,0,0,0,15,15,44,611,461,3,0,15,32,0.0,14,0,1330,82,179,15,27650
2025-07-11,argo,com.mrsep.musicrecognizer.feature.preferences.presentation,PreferencesViewModel,setAcrCloudConfig,1,0,0.0,1,1.0,0,15,1,0,3,0,1,0,0.0,1,0,1,2,0.0,0,2.0,1,1,0.0,0,0.0,0.06666666666666667,70,0,0.0,15,1,0,2,1,9,1,0,0,0,1,1,0,0,0,0,16,0.0,16,1.0666666666666667,15,0,1,0,15,0,0,15,0,2,0,0,0,0,0,15,15,44,611,461,3,0,15,32,0.0,14,0,1330,82,179,15,27650
2025-07-11,argo,com.mrsep.musicrecognizer.feature.preferences.presentation,PreferencesViewModel,setDefaultAudioCaptureMode,1,0,0.0,1,1.0,0,15,1,0,3,0,1,0,0.0,1,0,1,2,0.0,0,2.0,1,1,0.0,0,0.0,0.06666666666666667,70,0,0.0,15,1,0,2,1,9,1,0,0,0,1,1,0,0,0,0,16,0.0,16,1.0666666666666667,15,0,1,0,15,0,0,15,0,2,0,0,0,0,0,15,15,44,611,461,3,0,15,32,0.0,14,0,1330,82,179,15,27650
2025-07-11,argo,com.mrsep.musicrecognizer.feature.preferences.presentation,PreferencesViewModel,setMainButtonLongPressAudioCaptureMode,1,0,0.0,1,1.0,0,15,1,0,3,0,1,0,0.0,1,0,1,2,0.0,0,2.0,1,1,0.0,0,0.0,0.06666666666666667,70,0,0.0,15,1,0,2,1,9,1,0,0,0,1,1,0,0,0,0,16,0.0,16,1.0666666666666667,15,0,1,0,15,0,0,15,0,2,0,0,0,0,0,15,15,44,611,461,3,0,15,32,0.0,14,0,1330,82,179,15,27650
2025-07-11,argo,com.mrsep.musicrecognizer.feature.preferences.presentation,PreferencesViewModel,setUseAltDeviceSoundSource,1,0,0.0,1,1.0,0,15,1,0,3,0,1,0,0.0,1,0,1,2,0.0,0,2.0,1,1,0.0,0,0.0,0.06666666666666667,70,0,0.0,15,1,0,2,1,9,1,0,0,0,1,1,0,0,0,0,16,0.0,16,1.0666666666666667,15,0,1,0,15,0,0,15,0,2,0,0,0,0,0,15,15,44,611,461,3,0,15,32,0.0,14,0,1330,82,179,15,27650
2025-07-11,argo,com.mrsep.musicrecognizer.feature.preferences.presentation,PreferencesViewModel,setNotificationServiceEnabled,3,0,0.0,2,0.5,0,15,1,0,10,1,3,0,0.0,1,0,1,4,0.0,1,2.0,1,1,0.0,0,0.0,0.06666666666666667,70,0,0.0,15,1,0,2,1,9,1,0,0,0,1,1,0,0,0,0,16,0.0,16,1.0666666666666667,15,0,1,0,15,0,0,15,0,2,0,0,0,0,0,15,15,44,611,461,3,0,15,32,0.0,14,0,1330,82,179,15,27650
2025-07-11,argo,com.mrsep.musicrecognizer.feature.preferences.presentation,PreferencesViewModel,setDynamicColorsEnabled,1,0,0.0,1,1.0,0,15,1,0,3,0,1,0,0.0,1,0,1,2,0.0,0,2.0,1,1,0.0,0,0.0,0.06666666666666667,70,0,0.0,15,1,0,2,1,9,1,0,0,0,1,1,0,0,0,0,16,0.0,16,1.0666666666666667,15,0,1,0,15,0,0,15,0,2,0,0,0,0,0,15,15,44,611,461,3,0,15,32,0.0,14,0,1330,82,179,15,27650
2025-07-11,argo,com.mrsep.musicrecognizer.feature.preferences.presentation,PreferencesViewModel,setArtworkBasedThemeEnabled,1,0,0.0,1,1.0,0,15,1,0,3,0,1,0,0.0,1,0,1,2,0.0,0,2.0,1,1,0.0,0,0.0,0.06666666666666667,70,0,0.0,15,1,0,2,1,9,1,0,0,0,1,1,0,0,0,0,16,0.0,16,1.0666666666666667,15,0,1,0,15,0,0,15,0,2,0,0,0,0,0,15,15,44,611,461,3,0,15,32,0.0,14,0,1330,82,179,15,27650
2025-07-11,argo,com.mrsep.musicrecognizer.feature.preferences.presentation,PreferencesViewModel,setRequiredMusicServices,1,0,0.0,1,1.0,0,15,1,0,3,0,1,0,0.0,1,0,1,2,0.0,0,2.0,1,1,0.0,0,0.0,0.06666666666666667,70,0,0.0,15,1,0,2,1,9,1,0,0,0,1,1,0,0,0,0,16,0.0,16,1.0666666666666667,15,0,1,0,15,0,0,15,0,2,0,0,0,0,0,15,15,44,611,461,3,0,15,32,0.0,14,0,1330,82,179,15,27650
2025-07-11,argo,com.mrsep.musicrecognizer.feature.preferences.presentation,PreferencesViewModel,setFallbackPolicy,1,0,0.0,1,1.0,0,15,1,0,3,0,1,0,0.0,1,0,1,2,0.0,0,2.0,1,1,0.0,0,0.0,0.06666666666666667,70,0,0.0,15,1,0,2,1,9,1,0,0,0,1,1,0,0,0,0,16,0.0,16,1.0666666666666667,15,0,1,0,15,0,0,15,0,2,0,0,0,0,0,15,15,44,611,461,3,0,15,32,0.0,14,0,1330,82,179,15,27650
2025-07-11,argo,com.mrsep.musicrecognizer.feature.preferences.presentation,PreferencesViewModel,setHapticFeedback,1,0,0.0,1,1.0,0,15,1,0,3,0,1,0,0.0,1,0,1,2,0.0,0,2.0,1,1,0.0,0,0.0,0.06666666666666667,70,0,0.0,15,1,0,2,1,9,1,0,0,0,1,1,0,0,0,0,16,0.0,16,1.0666666666666667,15,0,1,0,15,0,0,15,0,2,0,0,0,0,0,15,15,44,611,461,3,0,15,32,0.0,14,0,1330,82,179,15,27650
2025-07-11,argo,com.mrsep.musicrecognizer.feature.preferences.presentation,PreferencesViewModel,setThemeMode,1,0,0.0,1,1.0,0,15,1,0,3,0,1,0,0.0,1,0,1,2,0.0,0,2.0,1,1,0.0,0,0.0,0.06666666666666667,70,0,0.0,15,1,0,2,1,9,1,0,0,0,1,1,0,0,0,0,16,0.0,16,1.0666666666666667,15,0,1,0,15,0,0,15,0,2,0,0,0,0,0,15,15,44,611,461,3,0,15,32,0.0,14,0,1330,82,179,15,27650
2025-07-11,argo,com.mrsep.musicrecognizer.feature.preferences.presentation,PreferencesViewModel,setUsePureBlackForDarkTheme,1,0,0.0,1,1.0,0,15,1,0,3,0,1,0,0.0,1,0,1,2,0.0,0,2.0,1,1,0.0,0,0.0,0.06666666666666667,70,0,0.0,15,1,0,2,1,9,1,0,0,0,1,1,0,0,0,0,16,0.0,16,1.0666666666666667,15,0,1,0,15,0,0,15,0,2,0,0,0,0,0,15,15,44,611,461,3,0,15,32,0.0,14,0,1330,82,179,15,27650
2025-07-11,argo,com.mrsep.musicrecognizer.feature.preferences.presentation,PreferencesViewModel,setRecognizeOnStartup,1,0,0.0,1,1.0,0,15,1,0,3,0,1,0,0.0,1,0,1,2,0.0,0,2.0,1,1,0.0,0,0.0,0.06666666666666667,70,0,0.0,15,1,0,2,1,9,1,0,0,0,1,1,0,0,0,0,16,0.0,16,1.0666666666666667,15,0,1,0,15,0,0,15,0,2,0,0,0,0,0,15,15,44,611,461,3,0,15,32,0.0,14,0,1330,82,179,15,27650
2025-07-11,argo,com.mrsep.musicrecognizer.feature.recognition.domain,RecognitionInteractorImpl,launchRecognition,8,16,3.0,23,0.88,0,1,1,0,68,0,8,5,0.7142857142857143,3,2,1,57,0.2,1,2.389830508474576,2,1,0.0,0,0.39285714285714285,1.0,132,108,0.42857142857142855,8,6,4,1,0,8,2,0,5,0,0,5,0,0,1,0,12,0.4642857142857143,12,1.5,8,4,6,0,4,4,0,4,1,1,0,0,0,0,0,8,8,44,611,461,1,0,2,89,3.0,7,0,259,82,179,8,27650
2025-07-11,argo,com.mrsep.musicrecognizer.feature.recognition.domain,RecognitionInteractorImpl,launchOfflineRecognition,1,3,2.0,5,1.0,0,1,1,0,11,0,1,3,0.6,2,2,1,13,0.6,3,2.3,2,1,0.0,0,0.39285714285714285,1.0,132,108,0.42857142857142855,8,6,4,1,0,8,2,0,5,0,0,5,0,0,1,0,12,0.4642857142857143,12,1.5,8,4,6,0,4,4,0,4,1,1,0,0,0,0,0,8,8,44,611,461,1,0,2,89,3.0,7,0,259,82,179,8,27650
2025-07-11,argo,com.mrsep.musicrecognizer.feature.recognition.domain,RecognitionInteractorImpl,cancelAndJoin,3,0,0.0,0,0.0,0,1,1,0,7,1,3,0,1.0,1,3,0,2,4.0,1,2.0,0,0,0.0,0,0.39285714285714285,1.0,132,108,0.42857142857142855,8,6,4,1,0,8,2,0,5,0,0,5,0,0,1,0,12,0.4642857142857143,12,1.5,8,4,6,0,4,4,0,4,1,1,0,0,0,0,0,8,8,44,611,461,1,0,2,89,3.0,7,0,259,82,179,8,27650
2025-07-11,argo,com.mrsep.musicrecognizer.feature.recognition.domain,RecognitionInteractorImpl,resetFinalStatus,3,0,0.0,1,1.0,0,1,1,0,3,0,3,0,1.0,0,1,0,3,2.0,0,2.0,0,0,0.0,0,0.39285714285714285,1.0,132,108,0.42857142857142855,8,6,4,1,0,8,2,0,5,0,0,5,0,0,1,0,12,0.4642857142857143,12,1.5,8,4,6,0,4,4,0,4,1,1,0,0,0,0,0,8,8,44,611,461,1,0,2,89,3.0,7,0,259,82,179,8,27650
2025-07-11,argo,com.mrsep.musicrecognizer.feature.recognition.domain,RecognitionInteractorImpl,launchRecognitionIfPreviousCompleted,2,0,0.0,1,1.0,0,1,1,0,5,1,2,0,0.4,1,2,0,3,1.0,2,2.0,2,0,0.0,0,0.39285714285714285,1.0,132,108,0.42857142857142855,8,6,4,1,0,8,2,0,5,0,0,5,0,0,1,0,12,0.4642857142857143,12,1.5,8,4,6,0,4,4,0,4,1,1,0,0,0,0,0,8,8,44,611,461,1,0,2,89,3.0,7,0,259,82,179,8,27650
2025-07-11,argo,com.mrsep.musicrecognizer.feature.recognition.domain,RecognitionInteractorImpl,enqueueRecognition,3,1,0.0,4,1.0,0,1,1,0,8,1,3,0,0.0,0,0,0,5,0.0,1,2.0,2,0,0.0,0,0.39285714285714285,1.0,132,108,0.42857142857142855,8,6,4,1,0,8,2,0,5,0,0,5,0,0,1,0,12,0.4642857142857143,12,1.5,8,4,6,0,4,4,0,4,1,1,0,0,0,0,0,8,8,44,611,461,1,0,2,89,3.0,7,0,259,82,179,8,27650
2025-07-11,argo,com.mrsep.musicrecognizer.feature.recognition.domain,RecognitionInteractorImpl,handleEnqueuedRecognition,2,2,1.0,1,1.0,0,1,1,0,6,1,2,1,0.0,1,0,0,5,0.0,0,2.25,2,0,0.0,0,0.39285714285714285,1.0,132,108,0.42857142857142855,8,6,4,1,0,8,2,0,5,0,0,5,0,0,1,0,12,0.4642857142857143,12,1.5,8,4,6,0,4,4,0,4,1,1,0,0,0,0,0,8,8,44,611,461,1,0,2,89,3.0,7,0,259,82,179,8,27650
2025-07-11,argo,com.mrsep.musicrecognizer.feature.recognition.domain,RecognitionInteractorImpl,setCancellationHandler,2,0,0.0,0,0.0,0,1,1,0,3,0,2,0,1.0,0,1,0,1,2.0,0,2.0,0,0,0.0,0,0.39285714285714285,1.0,132,108,0.42857142857142855,8,6,4,1,0,8,2,0,5,0,0,5,0,0,1,0,12,0.4642857142857143,12,1.5,8,4,6,0,4,4,0,4,1,1,0,0,0,0,0,8,8,44,611,461,1,0,2,89,3.0,7,0,259,82,179,8,27650
2025-07-11,argo,com.mrsep.musicrecognizer.feature.recognition.platform,VibrationManagerImpl,vibrateResult,3,0,1.0,1,1.0,0,0,1,0,4,1,3,1,0.75,1,3,1,1,3.0,1,2.0,1,1,0.0,0,1.0,1.0,41,17,0.6666666666666666,3,4,2,1,0,2,1,0,4,0,0,4,0,0,0,0,6,0.6666666666666667,6,2.0,3,2,4,0,2,1,0,2,0,1,0,0,0,0,0,3,3,44,611,461,2,0,2,16,2.6666666666666665,5,1,74,82,179,3,27650
2025-07-11,argo,com.mrsep.musicrecognizer.feature.recognition.platform,VibrationManagerImpl,vibrateOnTap,2,0,1.0,1,1.0,0,0,1,0,4,1,2,1,1.0,1,2,1,1,2.0,1,2.0,0,1,0.0,0,1.0,1.0,41,17,0.6666666666666666,3,4,2,1,0,2,1,0,4,0,0,4,0,0,0,0,6,0.6666666666666667,6,2.0,3,2,4,0,2,1,0,2,0,1,0,0,0,0,0,3,3,44,611,461,2,0,2,16,2.6666666666666665,5,1,74,82,179,3,27650
2025-07-11,argo,com.mrsep.musicrecognizer.feature.recognition.platform,VibrationManagerImpl,vibrate,3,2,0.0,2,1.0,0,0,1,0,9,1,3,0,0.5,1,1,0,14,0.33,1,3.6666666666666665,1,0,0.0,0,1.0,1.0,41,17,0.6666666666666666,3,4,2,1,0,2,1,0,4,0,0,4,0,0,0,0,6,0.6666666666666667,6,2.0,3,2,4,0,2,1,0,2,0,1,0,0,0,0,0,3,3,44,611,461,2,0,2,16,2.6666666666666665,5,1,74,82,179,3,27650
2025-07-11,argo,com.mrsep.musicrecognizer.feature.recognition.presentation.queuescreen,QueueScreenViewModel,renameRecognition,1,0,0.0,1,1.0,0,2,1,0,3,0,1,0,0.0,0,0,1,2,0.0,0,2.0,2,1,0.0,0,0.0,0.3,48,29,0.25,10,1,0,2,1,4,5,0,0,0,1,1,0,0,0,0,10,0.7555555555555555,10,1.0,10,0,1,0,10,0,0,10,0,2,0,0,0,0,0,10,10,44,611,461,3,0,10,18,0.0,21,0,1654,82,179,10,27650
2025-07-11,argo,com.mrsep.musicrecognizer.feature.recognition.presentation.queuescreen,QueueScreenViewModel,enqueueRecognition,3,0,0.0,1,1.0,0,2,1,0,3,0,3,0,0.0,0,0,1,1,0.0,1,2.0,2,1,0.0,0,0.0,0.3,48,29,0.25,10,1,0,2,1,4,5,0,0,0,1,1,0,0,0,0,10,0.7555555555555555,10,1.0,10,0,1,0,10,0,0,10,0,2,0,0,0,0,0,10,10,44,611,461,3,0,10,18,0.0,21,0,1654,82,179,10,27650
2025-07-11,argo,com.mrsep.musicrecognizer.feature.recognition.presentation.queuescreen,QueueScreenViewModel,cancelRecognition,1,0,1.0,0,0.0,0,2,1,0,3,0,1,2,0.0,1,0,1,0,0.0,0,0.0,1,1,0.0,0,0.0,0.3,48,29,0.25,10,1,0,2,1,4,5,0,0,0,1,1,0,0,0,0,10,0.7555555555555555,10,1.0,10,0,1,0,10,0,0,10,0,2,0,0,0,0,0,10,10,44,611,461,3,0,10,18,0.0,21,0,1654,82,179,10,27650
2025-07-11,argo,com.mrsep.musicrecognizer.feature.recognition.presentation.queuescreen,QueueScreenViewModel,cancelRecognitions,1,0,0.0,1,1.0,0,2,1,0,3,0,1,0,0.0,0,0,1,2,0.0,0,3.0,1,1,0.0,0,0.0,0.3,48,29,0.25,10,1,0,2,1,4,5,0,0,0,1,1,0,0,0,0,10,0.7555555555555555,10,1.0,10,0,1,0,10,0,0,10,0,2,0,0,0,0,0,10,10,44,611,461,3,0,10,18,0.0,21,0,1654,82,179,10,27650
2025-07-11,argo,com.mrsep.musicrecognizer.feature.recognition.presentation.queuescreen,QueueScreenViewModel,cancelAndDeleteRecognition,1,0,1.0,0,0.0,0,2,1,0,3,0,1,2,0.0,1,0,1,0,0.0,0,0.0,1,1,0.0,0,0.0,0.3,48,29,0.25,10,1,0,2,1,4,5,0,0,0,1,1,0,0,0,0,10,0.7555555555555555,10,1.0,10,0,1,0,10,0,0,10,0,2,0,0,0,0,0,10,10,44,611,461,3,0,10,18,0.0,21,0,1654,82,179,10,27650
2025-07-11,argo,com.mrsep.musicrecognizer.feature.recognition.presentation.queuescreen,QueueScreenViewModel,cancelAndDeleteRecognitions,1,1,0.0,4,1.0,0,2,1,0,8,0,1,0,0.0,0,0,1,4,0.0,1,2.0,1,1,0.0,0,0.0,0.3,48,29,0.25,10,1,0,2,1,4,5,0,0,0,1,1,0,0,0,0,10,0.7555555555555555,10,1.0,10,0,1,0,10,0,0,10,0,2,0,0,0,0,0,10,10,44,611,461,3,0,10,18,0.0,21,0,1654,82,179,10,27650
2025-07-11,argo,com.mrsep.musicrecognizer.feature.recognition.presentation.queuescreen,QueueScreenViewModel,startAudioPlayer,1,0,0.0,1,1.0,0,2,1,0,3,0,1,0,0.0,0,0,1,4,0.0,0,2.3333333333333335,1,1,0.0,0,0.0,0.3,48,29,0.25,10,1,0,2,1,4,5,0,0,0,1,1,0,0,0,0,10,0.7555555555555555,10,1.0,10,0,1,0,10,0,0,10,0,2,0,0,0,0,0,10,10,44,611,461,3,0,10,18,0.0,21,0,1654,82,179,10,27650
2025-07-11,argo,com.mrsep.musicrecognizer.feature.recognition.presentation.queuescreen,QueueScreenViewModel,stopAudioPlayer,1,0,0.0,1,1.0,0,2,1,0,3,0,1,0,0.0,0,0,1,1,0.0,1,2.0,0,1,0.0,0,0.0,0.3,48,29,0.25,10,1,0,2,1,4,5,0,0,0,1,1,0,0,0,0,10,0.7555555555555555,10,1.0,10,0,1,0,10,0,0,10,0,2,0,0,0,0,0,10,10,44,611,461,3,0,10,18,0.0,21,0,1654,82,179,10,27650
2025-07-11,argo,com.mrsep.musicrecognizer.feature.recognition.presentation.queuescreen,QueueScreenViewModel,setUseGridLayout,1,0,0.0,1,1.0,0,2,1,0,3,0,1,0,0.0,0,0,1,2,0.0,0,2.0,1,1,0.0,0,0.0,0.3,48,29,0.25,10,1,0,2,1,4,5,0,0,0,1,1,0,0,0,0,10,0.7555555555555555,10,1.0,10,0,1,0,10,0,0,10,0,2,0,0,0,0,0,10,10,44,611,461,3,0,10,18,0.0,21,0,1654,82,179,10,27650
2025-07-11,argo,com.mrsep.musicrecognizer.feature.recognition.presentation.queuescreen,QueueScreenViewModel,setShowCreationDate,1,0,0.0,1,1.0,0,2,1,0,3,0,1,0,0.0,0,0,1,2,0.0,0,2.0,1,1,0.0,0,0.0,0.3,48,29,0.25,10,1,0,2,1,4,5,0,0,0,1,1,0,0,0,0,10,0.7555555555555555,10,1.0,10,0,1,0,10,0,0,10,0,2,0,0,0,0,0,10,10,44,611,461,3,0,10,18,0.0,21,0,1654,82,179,10,27650
2025-07-11,argo,com.mrsep.musicrecognizer.feature.recognition.presentation.recognitionscreen,RecognitionViewModel,launchRecognition,1,0,0.0,0,0.0,0,0,1,0,3,0,1,0,0.0,1,0,1,1,0.0,1,2.0,1,1,0.0,0,0.0,0.0,33,15,0.0,5,4,0,2,4,2,3,0,0,0,4,4,0,0,0,0,5,1.0,5,1.0,5,0,7,0,9,0,0,9,0,3,0,0,0,0,0,5,5,44,611,461,4,0,5,5,1.0,20,1,1139,82,179,5,27650
2025-07-11,argo,com.mrsep.musicrecognizer.feature.recognition.presentation.recognitionscreen,RecognitionViewModel,cancelRecognition,1,0,0.0,0,0.0,0,0,1,0,3,0,1,0,0.0,1,0,1,1,0.0,1,2.0,0,1,0.0,0,0.0,0.0,33,15,0.0,5,4,0,2,4,2,3,0,0,0,4,4,0,0,0,0,5,1.0,5,1.0,5,0,7,0,9,0,0,9,0,3,0,0,0,0,0,5,5,44,611,461,4,0,5,5,1.0,20,1,1139,82,179,5,27650
2025-07-11,argo,com.mrsep.musicrecognizer.feature.recognition.presentation.recognitionscreen,RecognitionViewModel,resetRecognitionResult,1,0,0.0,1,1.0,0,0,1,0,3,0,1,0,0.0,0,0,1,1,0.0,1,2.0,0,1,0.0,0,0.0,0.0,33,15,0.0,5,4,0,2,4,2,3,0,0,0,4,4,0,0,0,0,5,1.0,5,1.0,5,0,7,0,9,0,0,9,0,3,0,0,0,0,0,5,5,44,611,461,4,0,5,5,1.0,20,1,1139,82,179,5,27650
2025-07-11,argo,com.mrsep.musicrecognizer.feature.recognition.presentation.recognitionscreen,RecognitionViewModel,vibrateOnTap,1,0,0.0,0,0.0,0,0,1,0,3,0,1,0,0.0,1,0,1,1,0.0,1,2.0,0,1,0.0,0,0.0,0.0,33,15,0.0,5,4,0,2,4,2,3,0,0,0,4,4,0,0,0,0,5,1.0,5,1.0,5,0,7,0,9,0,0,9,0,3,0,0,0,0,0,5,5,44,611,461,4,0,5,5,1.0,20,1,1139,82,179,5,27650
2025-07-11,argo,com.mrsep.musicrecognizer.feature.recognition.presentation.recognitionscreen,RecognitionViewModel,vibrateResult,1,0,0.0,0,0.0,0,0,1,0,3,0,1,0,0.0,1,0,1,1,0.0,1,2.0,1,1,0.0,0,0.0,0.0,33,15,0.0,5,4,0,2,4,2,3,0,0,0,4,4,0,0,0,0,5,1.0,5,1.0,5,0,7,0,9,0,0,9,0,3,0,0,0,0,0,5,5,44,611,461,4,0,5,5,1.0,20,1,1139,82,179,5,27650
2025-07-11,argo,com.mrsep.musicrecognizer.feature.recognition.scheduler,EnqueuedRecognitionSchedulerImpl,enqueue,3,1,0.0,1,1.0,0,3,1,0,6,0,3,1,0.25,1,1,1,4,0.33,0,2.0,2,1,0.0,0,0.6666666666666666,0.6666666666666666,35,12,0.0,4,1,5,1,0,5,2,0,2,0,0,2,1,1,0,0,6,0.8666666666666667,6,1.0,6,5,1,0,5,1,0,5,0,1,0,0,0,0,0,6,6,44,611,461,4,0,2,28,1.3333333333333333,11,0,432,82,179,15,27650
2025-07-11,argo,com.mrsep.musicrecognizer.feature.recognition.scheduler,EnqueuedRecognitionSchedulerImpl,cancel,1,0,0.0,1,1.0,0,3,1,0,3,0,1,0,0.5,1,1,1,2,1.0,0,2.0,1,1,0.0,0,0.6666666666666666,0.6666666666666666,35,12,0.0,4,1,5,1,0,5,2,0,2,0,0,2,1,1,0,0,6,0.8666666666666667,6,1.0,6,5,1,0,5,1,0,5,0,1,0,0,0,0,0,6,6,44,611,461,4,0,2,28,1.3333333333333333,11,0,432,82,179,15,27650
2025-07-11,argo,com.mrsep.musicrecognizer.feature.recognition.scheduler,EnqueuedRecognitionSchedulerImpl,cancelAll,1,0,0.0,1,1.0,0,3,1,0,3,0,1,0,1.0,0,1,0,2,1.0,0,3.0,0,0,0.0,0,0.6666666666666666,0.6666666666666666,35,12,0.0,4,1,5,1,0,5,2,0,2,0,0,2,1,1,0,0,6,0.8666666666666667,6,1.0,6,5,1,0,5,1,0,5,0,1,0,0,0,0,0,6,6,44,611,461,4,0,2,28,1.3333333333333333,11,0,432,82,179,15,27650
2025-07-11,argo,com.mrsep.musicrecognizer.feature.recognition.scheduler,EnqueuedRecognitionSchedulerImpl,getJobStatusFlow,1,0,0.0,1,1.0,0,3,1,0,3,0,1,0,0.5,1,1,0,5,1.0,0,2.6666666666666665,1,0,0.0,0,0.6666666666666666,0.6666666666666666,35,12,0.0,4,1,5,1,0,5,2,0,2,0,0,2,1,1,0,0,6,0.8666666666666667,6,1.0,6,5,1,0,5,1,0,5,0,1,0,0,0,0,0,6,6,44,611,461,4,0,2,28,1.3333333333333333,11,0,432,82,179,15,27650
2025-07-11,argo,com.mrsep.musicrecognizer.feature.recognition.scheduler,EnqueuedRecognitionSchedulerImpl,getJobStatusForAllFlow,1,1,0.0,4,1.0,0,3,1,0,6,0,1,0,1.0,0,1,0,14,1.0,2,2.5555555555555554,0,0,0.0,0,0.6666666666666666,0.6666666666666666,35,12,0.0,4,1,5,1,0,5,2,0,2,0,0,2,1,1,0,0,6,0.8666666666666667,6,1.0,6,5,1,0,5,1,0,5,0,1,0,0,0,0,0,6,6,44,611,461,4,0,2,28,1.3333333333333333,11,0,432,82,179,15,27650
2025-07-11,argo,com.mrsep.musicrecognizer.feature.recognition.scheduler,EnqueuedRecognitionSchedulerImpl,getUniqueWorkerName,1,0,0.0,1,1.0,0,3,1,0,1,0,1,0,0.0,0,0,0,1,0.0,1,2.0,1,0,0.0,0,0.6666666666666666,0.6666666666666666,35,12,0.0,4,1,5,1,0,5,2,0,2,0,0,2,1,1,0,0,6,0.8666666666666667,6,1.0,6,5,1,0,5,1,0,5,0,1,0,0,0,0,0,6,6,44,611,461,4,0,2,28,1.3333333333333333,11,0,432,82,179,15,27650
2025-07-11,argo,com.mrsep.musicrecognizer.feature.recognition.scheduler,EnqueuedRecognitionWorker,doWork,11,13,1.0,23,0.8846,0,0,1,0,66,1,11,1,0.0,1,0,2,53,0.0,1,2.377049180327869,0,2,0.0,0,0.0,1.0,94,71,0.5,2,0,1,1,0,2,2,1,3,0,0,4,4,4,0,0,7,0.0,7,3.5,2,1,0,0,1,1,0,1,0,1,0,0,1,0,1,3,4,44,611,461,4,0,2,56,6.5,11,0,432,82,179,15,27650
2025-07-11,argo,com.mrsep.musicrecognizer.feature.recognition.scheduler,EnqueuedRecognitionWorker,getOneTimeWorkRequest,2,6,0.0,2,1.0,0,0,1,0,5,1,2,0,0.0,0,0,0,3,0.0,0,2.5,0,0,0.0,0,0.0,1.0,94,71,0.5,2,0,1,1,0,2,2,1,3,0,0,4,4,4,0,0,7,0.0,7,3.5,2,1,0,0,1,1,0,1,0,1,0,0,1,0,1,3,4,44,611,461,4,1,2,56,6.5,11,0,432,82,179,15,27650
2025-07-11,argo,com.mrsep.musicrecognizer.feature.recognition.scheduler,TrackMetadataEnhancerSchedulerImpl,enqueue,1,0,0.0,1,1.0,0,2,1,0,3,0,1,0,0.25,1,1,0,3,1.0,0,2.0,1,0,0.0,0,0.6,0.4,25,9,0.0,4,1,4,1,0,2,1,0,2,0,0,2,1,1,0,0,5,1.0,5,1.0,5,4,1,0,4,1,0,4,0,1,0,0,0,0,0,5,5,44,611,461,4,0,0,14,1.0,11,0,432,82,179,15,27650
2025-07-11,argo,com.mrsep.musicrecognizer.feature.recognition.scheduler,TrackMetadataEnhancerSchedulerImpl,isRunning,1,0,0.0,1,1.0,0,2,1,0,3,0,1,0,0.5,1,1,0,7,1.0,0,2.75,1,0,0.0,0,0.6,0.4,25,9,0.0,4,1,4,1,0,2,1,0,2,0,0,2,1,1,0,0,5,1.0,5,1.0,5,4,1,0,4,1,0,4,0,1,0,0,0,0,0,5,5,44,611,461,4,0,0,14,1.0,11,0,432,82,179,15,27650
2025-07-11,argo,com.mrsep.musicrecognizer.feature.recognition.scheduler,TrackMetadataEnhancerSchedulerImpl,cancel,1,0,0.0,1,1.0,0,2,1,0,3,0,1,0,0.5,1,1,0,1,1.0,1,2.0,1,0,0.0,0,0.6,0.4,25,9,0.0,4,1,4,1,0,2,1,0,2,0,0,2,1,1,0,0,5,1.0,5,1.0,5,4,1,0,4,1,0,4,0,1,0,0,0,0,0,5,5,44,611,461,4,0,0,14,1.0,11,0,432,82,179,15,27650
2025-07-11,argo,com.mrsep.musicrecognizer.feature.recognition.scheduler,TrackMetadataEnhancerSchedulerImpl,cancelAll,1,0,0.0,1,1.0,0,2,1,0,3,0,1,0,1.0,0,1,0,2,1.0,0,3.0,0,0,0.0,0,0.6,0.4,25,9,0.0,4,1,4,1,0,2,1,0,2,0,0,2,1,1,0,0,5,1.0,5,1.0,5,4,1,0,4,1,0,4,0,1,0,0,0,0,0,5,5,44,611,461,4,0,0,14,1.0,11,0,432,82,179,15,27650
2025-07-11,argo,com.mrsep.musicrecognizer.feature.recognition.scheduler,TrackMetadataEnhancerSchedulerImpl,getUniqueWorkerName,1,0,0.0,1,1.0,0,2,1,0,1,0,1,0,0.0,0,0,0,1,0.0,1,2.0,1,0,0.0,0,0.6,0.4,25,9,0.0,4,1,4,1,0,2,1,0,2,0,0,2,1,1,0,0,5,1.0,5,1.0,5,4,1,0,4,1,0,4,0,1,0,0,0,0,0,5,5,44,611,461,4,0,0,14,1.0,11,0,432,82,179,15,27650
2025-07-11,argo,com.mrsep.musicrecognizer.feature.recognition.scheduler,TrackMetadataEnhancerWorker,doWork,5,2,1.0,12,0.7857,0,0,1,0,26,2,5,2,0.0,1,0,2,20,0.0,1,2.260869565217391,0,2,0.0,0,0.0,1.0,53,34,0.5,2,0,1,1,0,1,2,1,2,0,0,3,3,3,0,0,5,0.0,5,2.5,2,1,0,0,1,1,0,1,0,1,0,0,1,0,1,2,3,44,611,461,4,0,2,24,4.0,11,0,432,82,179,15,27650
2025-07-11,argo,com.mrsep.musicrecognizer.feature.recognition.scheduler,TrackMetadataEnhancerWorker,getOneTimeWorkRequest,3,5,0.0,3,0.6667,0,0,1,0,8,0,3,0,0.0,0,0,0,4,0.0,1,2.0,0,0,0.0,0,0.0,1.0,53,34,0.5,2,0,1,1,0,1,2,1,2,0,0,3,3,3,0,0,5,0.0,5,2.5,2,1,0,0,1,1,0,1,0,1,0,0,1,0,1,2,3,44,611,461,4,1,2,24,4.0,11,0,432,82,179,15,27650
2025-07-11,argo,com.mrsep.musicrecognizer.feature.recognition.service,DisableRecognitionControlServiceReceiver,pendingIntent,1,0,0.0,4,1.0,1,0,1,0,8,0,1,0,0.5,0,0,0,6,0.0,1,2.0,0,0,0.0,0,0.0,1.0,24,8,0.0,1,2,1,2,0,2,1,1,0,0,0,0,0,0,2,0,1,0.0,1,1.0,1,1,2,0,1,0,0,1,0,1,0,0,2,0,2,1,3,44,611,461,8,1,0,6,1.0,47,0,1492,82,179,32,27650
2025-07-11,argo,com.mrsep.musicrecognizer.feature.recognition.service,RecognitionControlActivity,onCreate,1,0,1.0,0,0.0,1,2,1,0,4,0,1,1,0.0,2,0,1,0,0.0,1,2.0,1,1,0.0,0,0.044444444444444446,0.9,153,89,0.375,10,6,2,1,0,5,6,1,6,0,0,4,1,1,3,0,18,0.6888888888888889,18,1.8,10,2,6,0,2,8,0,2,1,1,0,0,2,0,2,10,12,44,611,461,8,0,7,97,3.1,47,0,1492,82,179,32,27650
2025-07-11,argo,com.mrsep.musicrecognizer.feature.recognition.service,RecognitionControlActivity,onStart,7,3,3.0,4,1.0,1,2,1,0,22,3,7,3,1.0,5,4,0,8,1.33,1,2.125,0,0,0.0,0,0.044444444444444446,0.9,153,89,0.375,10,6,2,1,0,5,6,1,6,0,0,4,1,1,3,0,18,0.6888888888888889,18,1.8,10,2,6,0,2,8,0,2,1,1,0,0,2,0,2,10,12,44,611,461,8,0,7,97,3.1,47,0,1492,82,179,32,27650
2025-07-11,argo,com.mrsep.musicrecognizer.feature.recognition.service,RecognitionControlActivity,onRecognitionPermissionsGranted,6,1,1.0,6,1.0,1,2,1,0,16,1,6,2,1.0,1,4,0,14,4.0,1,2.4,0,0,0.0,0,0.044444444444444446,0.9,153,89,0.375,10,6,2,1,0,5,6,1,6,0,0,4,1,1,3,0,18,0.6888888888888889,18,1.8,10,2,6,0,2,8,0,2,1,1,0,0,2,0,2,10,12,44,611,461,8,0,7,97,3.1,47,0,1492,82,179,32,27650
2025-07-11,argo,com.mrsep.musicrecognizer.feature.recognition.service,RecognitionControlActivity,onLaunchRecognition,1,0,0.0,1,1.0,1,2,1,0,4,0,1,0,0.0,0,0,2,3,0.0,0,3.0,1,2,0.0,0,0.044444444444444446,0.9,153,89,0.375,10,6,2,1,0,5,6,1,6,0,0,4,1,1,3,0,18,0.6888888888888889,18,1.8,10,2,6,0,2,8,0,2,1,1,0,0,2,0,2,10,12,44,611,461,8,0,7,97,3.1,47,0,1492,82,179,32,27650
2025-07-11,argo,com.mrsep.musicrecognizer.feature.recognition.service,RecognitionControlActivity,checkPermissionsGranted,1,0,0.0,1,1.0,1,2,1,0,3,0,1,0,0.0,0,0,0,3,0.0,0,2.0,1,0,0.0,0,0.044444444444444446,0.9,153,89,0.375,10,6,2,1,0,5,6,1,6,0,0,4,1,1,3,0,18,0.6888888888888889,18,1.8,10,2,6,0,2,8,0,2,1,1,0,0,2,0,2,10,12,44,611,461,8,0,7,97,3.1,47,0,1492,82,179,32,27650
2025-07-11,argo,com.mrsep.musicrecognizer.feature.recognition.service,RecognitionControlActivity,getRequiredPermissionsForRecognition,3,0,0.0,2,1.0,1,2,1,0,7,0,3,0,0.0,0,0,0,9,0.0,0,3.0,0,0,0.0,0,0.044444444444444446,0.9,153,89,0.375,10,6,2,1,0,5,6,1,6,0,0,4,1,1,3,0,18,0.6888888888888889,18,1.8,10,2,6,0,2,8,0,2,1,1,0,0,2,0,2,10,12,44,611,461,8,0,7,97,3.1,47,0,1492,82,179,32,27650
2025-07-11,argo,com.mrsep.musicrecognizer.feature.recognition.service,RecognitionControlActivity,getPermissionDialogTheme,3,0,0.0,0,0.0,1,2,1,0,7,0,3,0,0.0,0,0,0,1,0.0,0,4.0,0,0,0.0,0,0.044444444444444446,0.9,153,89,0.375,10,6,2,1,0,5,6,1,6,0,0,4,1,1,3,0,18,0.6888888888888889,18,1.8,10,2,6,0,2,8,0,2,1,1,0,0,2,0,2,10,12,44,611,461,8,0,7,97,3.1,47,0,1492,82,179,32,27650
2025-07-11,argo,com.mrsep.musicrecognizer.feature.recognition.service,RecognitionControlActivity,showPermissionsRationaleDialog,3,1,0.0,7,1.0,1,2,1,0,14,1,3,1,1.0,2,1,1,24,1.0,1,2.923076923076923,0,1,0.0,0,0.044444444444444446,0.9,153,89,0.375,10,6,2,1,0,5,6,1,6,0,0,4,1,1,3,0,18,0.6888888888888889,18,1.8,10,2,6,0,2,8,0,2,1,1,0,0,2,0,2,10,12,44,611,461,8,0,7,97,3.1,47,0,1492,82,179,32,27650
2025-07-11,argo,com.mrsep.musicrecognizer.feature.recognition.service,RecognitionControlActivity,showPermissionsBlockedDialog,4,2,0.0,8,1.0,1,2,1,0,17,1,4,1,0.0,1,0,1,30,0.0,3,2.789473684210526,0,1,0.0,0,0.044444444444444446,0.9,153,89,0.375,10,6,2,1,0,5,6,1,6,0,0,4,1,1,3,0,18,0.6888888888888889,18,1.8,10,2,6,0,2,8,0,2,1,1,0,0,2,0,2,10,12,44,611,461,8,0,7,97,3.1,47,0,1492,82,179,32,27650
2025-07-11,argo,com.mrsep.musicrecognizer.feature.recognition.service,RecognitionControlActivity,startRecognitionWithPermissionRequestPendingIntent,2,1,0.0,2,1.0,1,2,1,0,9,1,2,0,0.0,0,0,2,5,0.0,1,2.2222222222222223,0,0,0.0,0,0.044444444444444446,0.9,153,89,0.375,10,6,2,1,0,5,6,1,6,0,0,4,1,1,3,0,18,0.6888888888888889,18,1.8,10,2,6,0,2,8,0,2,1,1,0,0,2,0,2,10,12,44,611,461,8,1,7,97,3.1,47,0,1492,82,179,32,27650
2025-07-11,argo,com.mrsep.musicrecognizer.feature.recognition.service,ResultNotificationHelper,cancelResultNotification,1,0,0.0,1,1.0,0,3,1,0,3,0,1,0,1.0,0,1,0,1,1.0,1,2.0,0,0,0.0,0,0.01282051282051282,0.9230769230769231,182,109,0.5,13,1,0,0,0,9,1,1,4,0,0,4,3,3,0,0,18,0.858974358974359,18,1.3846153846153846,13,0,1,0,3,10,0,3,2,1,0,0,2,0,2,13,15,44,611,461,8,0,0,114,2.0833333333333335,47,0,1492,82,179,32,27650
2025-07-11,argo,com.mrsep.musicrecognizer.feature.recognition.service,ResultNotificationHelper,notifyResult,7,7,4.0,7,1.0,0,3,1,0,50,1,7,4,0.0625,9,1,0,62,0.2,1,3.8297872340425534,1,0,0.0,0,0.01282051282051282,0.9230769230769231,182,109,0.5,13,1,0,0,0,9,1,1,4,0,0,4,3,3,0,0,18,0.858974358974359,18,1.3846153846153846,13,0,1,0,3,10,0,3,2,1,0,0,2,0,2,13,15,44,611,461,8,0,0,114,2.0833333333333335,47,0,1492,82,179,32,27650
2025-07-11,argo,com.mrsep.musicrecognizer.feature.recognition.service,ResultNotificationHelper,notifyResult,4,5,4.0,6,1.0,0,3,1,0,14,2,4,0,0.25,6,1,0,38,0.17,1,3.933333333333333,1,0,0.0,0,0.01282051282051282,0.9230769230769231,182,109,0.5,13,1,0,0,0,9,1,1,4,0,0,4,3,3,0,0,18,0.858974358974359,18,1.3846153846153846,13,0,1,0,3,10,0,3,2,1,0,0,2,0,2,13,15,44,611,461,8,0,0,114,2.0833333333333335,47,0,1492,82,179,32,27650
2025-07-11,argo,com.mrsep.musicrecognizer.feature.recognition.service,ResultNotificationHelper,createPendingIntentForDeeplink,1,0,0.0,2,1.0,0,3,1,0,6,0,1,0,0.0,0,0,0,5,0.0,0,2.3333333333333335,1,0,0.0,0,0.01282051282051282,0.9230769230769231,182,109,0.5,13,1,0,0,0,9,1,1,4,0,0,4,3,3,0,0,18,0.858974358974359,18,1.3846153846153846,13,0,1,0,3,10,0,3,2,1,0,0,2,0,2,13,15,44,611,461,8,0,0,114,2.0833333333333335,47,0,1492,82,179,32,27650
2025-07-11,argo,com.mrsep.musicrecognizer.feature.recognition.service,ResultNotificationHelper,setExpandedStyleWithTrack,6,4,0.0,4,0.75,0,3,1,0,18,1,6,0,0.0,0,0,0,19,0.0,3,3.5,3,0,0.0,0,0.01282051282051282,0.9230769230769231,182,109,0.5,13,1,0,0,0,9,1,1,4,0,0,4,3,3,0,0,18,0.858974358974359,18,1.3846153846153846,13,0,1,0,3,10,0,3,2,1,0,0,2,0,2,13,15,44,611,461,8,0,0,114,2.0833333333333335,47,0,1492,82,179,32,27650
2025-07-11,argo,com.mrsep.musicrecognizer.feature.recognition.service,ResultNotificationHelper,addTrackDeepLinkIntent,1,2,1.0,1,1.0,0,3,1,0,5,0,1,1,0.0,1,0,0,3,0.0,1,2.0,1,0,0.0,0,0.01282051282051282,0.9230769230769231,182,109,0.5,13,1,0,0,0,9,1,1,4,0,0,4,3,3,0,0,18,0.858974358974359,18,1.3846153846153846,13,0,1,0,3,10,0,3,2,1,0,0,2,0,2,13,15,44,611,461,8,0,0,114,2.0833333333333335,47,0,1492,82,179,32,27650
2025-07-11,argo,com.mrsep.musicrecognizer.feature.recognition.service,ResultNotificationHelper,addOptionalQueueScreenDeepLinkIntent,2,2,1.0,1,1.0,0,3,1,0,10,0,2,1,0.0,1,0,0,4,0.0,1,2.0,1,0,0.0,0,0.01282051282051282,0.9230769230769231,182,109,0.5,13,1,0,0,0,9,1,1,4,0,0,4,3,3,0,0,18,0.858974358974359,18,1.3846153846153846,13,0,1,0,3,10,0,3,2,1,0,0,2,0,2,13,15,44,611,461,8,0,0,114,2.0833333333333335,47,0,1492,82,179,32,27650
2025-07-11,argo,com.mrsep.musicrecognizer.feature.recognition.service,ResultNotificationHelper,addOptionalShowLyricsButton,2,2,1.0,3,1.0,0,3,1,0,6,1,2,1,0.0,1,0,0,10,0.0,0,3.25,1,0,0.0,0,0.01282051282051282,0.9230769230769231,182,109,0.5,13,1,0,0,0,9,1,1,4,0,0,4,3,3,0,0,18,0.858974358974359,18,1.3846153846153846,13,0,1,0,3,10,0,3,2,1,0,0,2,0,2,13,15,44,611,461,8,0,0,114,2.0833333333333335,47,0,1492,82,179,32,27650
2025-07-11,argo,com.mrsep.musicrecognizer.feature.recognition.service,ResultNotificationHelper,addShareButton,1,2,0.0,4,1.0,0,3,1,0,8,0,1,0,0.0,0,0,0,12,0.0,1,2.7142857142857144,1,0,0.0,0,0.01282051282051282,0.9230769230769231,182,109,0.5,13,1,0,0,0,9,1,1,4,0,0,4,3,3,0,0,18,0.858974358974359,18,1.3846153846153846,13,0,1,0,3,10,0,3,2,1,0,0,2,0,2,13,15,44,611,461,8,0,0,114,2.0833333333333335,47,0,1492,82,179,32,27650
2025-07-11,argo,com.mrsep.musicrecognizer.feature.recognition.service,ResultNotificationHelper,resultNotificationBuilder,1,0,0.0,1,1.0,0,3,1,0,3,0,1,0,0.0,0,0,0,12,0.0,0,7.0,0,0,0.0,0,0.01282051282051282,0.9230769230769231,182,109,0.5,13,1,0,0,0,9,1,1,4,0,0,4,3,3,0,0,18,0.858974358974359,18,1.3846153846153846,13,0,1,0,3,10,0,3,2,1,0,0,2,0,2,13,15,44,611,461,8,0,0,114,2.0833333333333335,47,0,1492,82,179,32,27650
2025-07-11,argo,com.mrsep.musicrecognizer.feature.recognition.service,ResultNotificationHelper,getMessage,4,0,0.0,1,1.0,0,3,1,0,4,1,4,0,0.0,0,0,0,6,0.0,0,2.8,0,0,0.0,0,0.01282051282051282,0.9230769230769231,182,109,0.5,13,1,0,0,0,9,1,1,4,0,0,4,3,3,0,0,18,0.858974358974359,18,1.3846153846153846,13,0,1,0,3,10,0,3,2,1,0,0,2,0,2,13,15,44,611,461,8,0,0,114,2.0833333333333335,47,0,1492,82,179,32,27650
2025-07-11,argo,com.mrsep.musicrecognizer.feature.recognition.service,ResultNotificationHelper,artistWithAlbumFormatted,1,1,0.0,1,1.0,0,3,1,0,4,0,1,0,0.0,0,0,0,3,0.0,0,2.3333333333333335,0,0,0.0,0,0.01282051282051282,0.9230769230769231,182,109,0.5,13,1,0,0,0,9,1,1,4,0,0,4,3,3,0,0,18,0.858974358974359,18,1.3846153846153846,13,0,1,0,3,10,0,3,2,1,0,0,2,0,2,13,15,44,611,461,8,0,0,114,2.0833333333333335,47,0,1492,82,179,32,27650
2025-07-11,argo,com.mrsep.musicrecognizer.feature.recognition.service,ResultNotificationHelper,getChannelForEnqueuedRecognitionResults,1,7,0.0,0,0.0,0,3,1,0,1,0,1,0,0.0,1,0,0,1,0.0,1,2.0,0,0,0.0,0,0.01282051282051282,0.9230769230769231,182,109,0.5,13,1,0,0,0,9,1,1,4,0,0,4,3,3,0,0,18,0.858974358974359,18,1.3846153846153846,13,0,1,0,3,10,0,3,2,1,0,0,2,0,2,13,15,44,611,461,8,1,0,114,2.0833333333333335,47,0,1492,82,179,32,27650
2025-07-11,argo,com.mrsep.musicrecognizer.feature.recognition.service,ServiceNotificationHelper,statusNotificationBuilder,1,0,0.0,1,1.0,0,0,1,0,3,0,1,0,0.0,0,0,0,14,0.0,0,8.0,0,0,0.0,0,0.2857142857142857,1.0,60,30,0.5714285714285714,7,2,0,0,0,3,1,1,3,0,0,4,2,2,0,0,10,0.9523809523809523,10,1.4285714285714286,7,0,2,0,5,2,0,5,4,1,0,0,1,0,1,7,8,44,611,461,8,0,0,59,1.7142857142857142,47,0,1492,82,179,32,27650
2025-07-11,argo,com.mrsep.musicrecognizer.feature.recognition.service,ServiceNotificationHelper,buildReadyNotification,2,0,1.0,3,1.0,0,0,1,0,5,0,2,1,0.0,1,0,0,21,0.0,1,4.285714285714286,0,0,0.0,0,0.2857142857142857,1.0,60,30,0.5714285714285714,7,2,0,0,0,3,1,1,3,0,0,4,2,2,0,0,10,0.9523809523809523,10,1.4285714285714286,7,0,2,0,5,2,0,5,4,1,0,0,1,0,1,7,8,44,611,461,8,0,0,59,1.7142857142857142,47,0,1492,82,179,32,27650
2025-07-11,argo,com.mrsep.musicrecognizer.feature.recognition.service,ServiceNotificationHelper,buildListeningNotification,2,0,1.0,3,1.0,0,0,1,0,7,0,2,1,0.0,1,0,0,18,0.0,0,4.833333333333333,1,0,0.0,0,0.2857142857142857,1.0,60,30,0.5714285714285714,7,2,0,0,0,3,1,1,3,0,0,4,2,2,0,0,10,0.9523809523809523,10,1.4285714285714286,7,0,2,0,5,2,0,5,4,1,0,0,1,0,1,7,8,44,611,461,8,0,0,59,1.7142857142857142,47,0,1492,82,179,32,27650
2025-07-11,argo,com.mrsep.musicrecognizer.feature.recognition.service,ServiceNotificationHelper,notifyListeningStatus,2,0,1.0,2,1.0,0,0,1,0,4,1,2,1,0.5,1,1,0,2,1.0,1,2.0,1,0,0.0,0,0.2857142857142857,1.0,60,30,0.5714285714285714,7,2,0,0,0,3,1,1,3,0,0,4,2,2,0,0,10,0.9523809523809523,10,1.4285714285714286,7,0,2,0,5,2,0,5,4,1,0,0,1,0,1,7,8,44,611,461,8,0,0,59,1.7142857142857142,47,0,1492,82,179,32,27650
2025-07-11,argo,com.mrsep.musicrecognizer.feature.recognition.service,ServiceNotificationHelper,notifyDetachedReadyStatusIfServiceStopped,3,0,2.0,2,1.0,0,0,1,0,5,2,3,1,1.0,2,1,0,3,1.0,1,2.0,0,0,0.0,0,0.2857142857142857,1.0,60,30,0.5714285714285714,7,2,0,0,0,3,1,1,3,0,0,4,2,2,0,0,10,0.9523809523809523,10,1.4285714285714286,7,0,2,0,5,2,0,5,4,1,0,0,1,0,1,7,8,44,611,461,8,0,0,59,1.7142857142857142,47,0,1492,82,179,32,27650
2025-07-11,argo,com.mrsep.musicrecognizer.feature.recognition.service,ServiceNotificationHelper,cancelDetachedReadyStatus,1,0,0.0,1,1.0,0,0,1,0,3,0,1,0,1.0,0,1,0,1,1.0,1,2.0,0,0,0.0,0,0.2857142857142857,1.0,60,30,0.5714285714285714,7,2,0,0,0,3,1,1,3,0,0,4,2,2,0,0,10,0.9523809523809523,10,1.4285714285714286,7,0,2,0,5,2,0,5,4,1,0,0,1,0,1,7,8,44,611,461,8,0,0,59,1.7142857142857142,47,0,1492,82,179,32,27650
2025-07-11,argo,com.mrsep.musicrecognizer.feature.recognition.service,ServiceNotificationHelper,getChannelForRecognitionStatuses,1,4,0.0,0,0.0,0,0,1,0,3,0,1,0,1.0,0,0,0,0,0.0,0,2.6666666666666665,0,0,0.0,0,0.2857142857142857,1.0,60,30,0.5714285714285714,7,2,0,0,0,3,1,1,3,0,0,4,2,2,0,0,10,0.9523809523809523,10,1.4285714285714286,7,0,2,0,5,2,0,5,4,1,0,0,1,0,1,7,8,44,611,461,8,1,0,59,1.7142857142857142,47,0,1492,82,179,32,27650
2025-07-11,argo,com.mrsep.musicrecognizer.feature.recognition.service,ServiceStartupReceiver,onReceive,3,2,0.0,6,1.0,1,0,1,0,12,2,3,0,0.3333333333333333,0,2,0,13,0.5,1,2.1818181818181817,2,0,0.0,0,0.0,1.0,18,12,0.0,1,2,1,2,0,2,0,0,0,0,0,0,0,0,2,0,3,0.0,3,3.0,1,1,2,0,1,0,0,1,0,1,0,0,0,0,0,1,1,44,611,461,8,0,0,13,3.0,47,0,1492,82,179,32,27650
2025-07-11,argo,com.mrsep.musicrecognizer.feature.recognition.widget,RecognitionWidget,provideGlance,11,11,0.0,22,0.6818,1,0,1,0,46,1,11,0,0.0,0,0,1,51,0.0,1,2.1777777777777776,2,1,0.0,0,0.0,1.0,50,46,0.0,1,1,1,1,0,2,1,0,0,0,0,1,0,0,0,0,1,0.0,1,1.0,1,1,1,0,3,0,0,3,0,3,0,0,0,0,0,2,2,44,611,461,7,0,3,56,1.0,7,1,306,82,179,5,27650
2025-07-11,argo,com.mrsep.musicrecognizer.feature.recognition.widget,CancelRecognition,onAction,1,0,0.0,1,1.0,1,0,1,0,3,0,1,0,0.0,0,0,1,1,0.0,1,2.0,3,1,0.0,0,0.0,1.0,5,3,0.0,1,0,1,1,0,3,1,0,0,0,0,0,0,0,0,0,1,0.0,1,1.0,1,1,1,0,3,0,0,3,0,3,0,0,0,0,0,1,1,44,611,461,7,0,3,56,1.0,7,1,306,82,179,5,27650
2025-07-11,argo,com.mrsep.musicrecognizer.feature.recognition.widget,ResetWidgetFinalState,onAction,1,2,0.0,4,1.0,1,0,1,0,6,0,1,0,0.0,0,0,2,5,0.0,1,2.0,3,2,0.0,0,0.0,1.0,8,6,0.0,1,0,1,1,0,3,2,0,0,0,0,0,0,0,0,0,1,0.0,1,1.0,1,1,1,0,3,0,0,3,0,3,0,0,0,0,0,1,1,44,611,461,7,0,3,56,1.0,7,1,306,82,179,5,27650
2025-07-11,argo,com.mrsep.musicrecognizer.feature.recognition.widget,ResetWidgetStatusWorker,doWork,3,2,1.0,8,1.0,0,0,1,0,20,1,3,1,0.0,1,0,0,9,0.0,1,2.1538461538461537,0,0,0.0,0,0.0,1.0,40,23,0.5,2,0,1,1,0,2,1,1,2,0,0,2,2,2,0,0,4,1.0,4,2.0,2,1,0,0,1,1,0,1,0,1,0,0,2,0,2,2,4,44,611,461,7,0,1,14,2.0,7,1,306,82,179,5,27650
2025-07-11,argo,com.mrsep.musicrecognizer.feature.recognition.widget,ResetWidgetStatusWorker,cancel,1,2,0.0,1,1.0,0,0,1,0,3,0,1,0,0.0,0,0,1,5,0.0,0,2.6666666666666665,0,0,0.0,0,0.0,1.0,40,23,0.5,2,0,1,1,0,2,1,1,2,0,0,2,2,2,0,0,4,1.0,4,2.0,2,1,0,0,1,1,0,1,0,1,0,0,2,0,2,2,4,44,611,461,7,1,1,14,2.0,7,1,306,82,179,5,27650
2025-07-11,argo,com.mrsep.musicrecognizer.feature.track,ExampleInstrumentedTest,useAppContext,1,1,0.0,2,1.0,0,0,1,0,4,0,1,0,0.0,0,0,1,8,0.0,0,3.6666666666666665,0,1,0.0,0,0.0,1.0,6,4,0.0,1,0,0,0,0,0,1,0,0,0,0,0,0,0,0,0,1,0.0,1,1.0,1,0,0,0,1,0,0,1,0,1,0,0,0,0,0,1,1,44,611,461,1,0,1,8,1.0,1,0,25,82,179,1,27650
2025-07-11,argo,com.mrsep.musicrecognizer.feature.track.presentation.lyrics,LyricsPlayer,start,3,2,1.0,5,1.0,0,0,1,0,15,1,3,5,0.45454545454545453,1,3,2,12,0.75,1,2.8,2,1,0.0,0,1.0,1.0,42,20,0.5,2,3,0,0,2,1,1,0,1,0,2,1,0,0,2,0,4,0.0,4,2.0,2,0,3,0,2,0,0,2,0,1,0,0,1,0,1,2,3,44,611,461,4,0,3,12,2.0,24,0,2030,82,179,5,27650
2025-07-11,argo,com.mrsep.musicrecognizer.feature.track.presentation.lyrics,LyricsPlayer,rememberLyricsPlayer,1,1,0.0,0,0.0,0,0,1,0,5,0,1,0,1.0,0,0,1,0,0.0,0,2.0,0,0,0.0,0,1.0,1.0,42,20,0.5,2,3,0,0,2,1,1,0,1,0,2,1,0,0,2,0,4,0.0,4,2.0,2,0,3,0,2,0,0,2,0,1,0,0,1,0,1,2,3,44,611,461,4,1,3,12,2.0,24,0,2030,82,179,5,27650
2025-07-11,argo,com.mrsep.musicrecognizer.feature.track.presentation.lyrics,LyricsViewModel,setLyricsStyle,1,0,0.0,1,1.0,0,3,1,0,3,0,1,0,0.0,1,0,1,2,0.0,0,2.0,1,1,0.0,0,0.0,0.0,17,0,0.0,3,2,0,2,1,3,1,0,1,0,1,2,0,0,0,0,3,0.0,3,1.0,3,0,2,0,3,0,0,3,0,2,0,0,0,0,0,3,3,44,611,461,4,0,3,6,0.0,24,0,2030,82,179,5,27650
2025-07-11,argo,com.mrsep.musicrecognizer.feature.track.presentation.lyrics,LyricsViewModel,setTrackAsViewed,1,0,0.0,1,1.0,0,3,1,0,3,0,1,0,0.0,0,0,1,2,0.0,0,2.0,1,1,0.0,0,0.0,0.0,17,0,0.0,3,2,0,2,1,3,1,0,1,0,1,2,0,0,0,0,3,0.0,3,1.0,3,0,2,0,3,0,0,3,0,2,0,0,0,0,0,3,3,44,611,461,4,0,3,6,0.0,24,0,2030,82,179,5,27650
2025-07-11,argo,com.mrsep.musicrecognizer.feature.track.presentation.lyrics,LyricsViewModel,setThemeSeedColor,1,0,0.0,1,1.0,0,3,1,0,3,0,1,0,0.0,1,0,1,2,0.0,0,2.0,2,1,0.0,0,0.0,0.0,17,0,0.0,3,2,0,2,1,3,1,0,1,0,1,2,0,0,0,0,3,0.0,3,1.0,3,0,2,0,3,0,0,3,0,2,0,0,0,0,0,3,3,44,611,461,4,0,3,6,0.0,24,0,2030,82,179,5,27650
2025-07-11,argo,com.mrsep.musicrecognizer.feature.track.presentation.track,TrackViewModel,deleteTrack,1,0,0.0,1,1.0,0,3,1,0,7,0,1,0,0.6666666666666666,0,2,1,1,3.0,1,2.0,1,1,0.0,0,0.0,0.25,34,7,0.0,4,5,0,2,2,3,1,0,3,0,2,5,0,0,0,0,4,0.0,4,1.0,4,0,5,0,4,0,0,4,0,2,0,0,0,0,0,4,4,44,611,461,8,0,4,7,0.0,40,0,2362,82,179,4,27650
2025-07-11,argo,com.mrsep.musicrecognizer.feature.track.presentation.track,TrackViewModel,setFavorite,1,0,0.0,1,1.0,0,3,1,0,3,0,1,0,0.0,1,0,1,2,0.0,0,2.0,2,1,0.0,0,0.0,0.25,34,7,0.0,4,5,0,2,2,3,1,0,3,0,2,5,0,0,0,0,4,0.0,4,1.0,4,0,5,0,4,0,0,4,0,2,0,0,0,0,0,4,4,44,611,461,8,0,4,7,0.0,40,0,2362,82,179,4,27650
2025-07-11,argo,com.mrsep.musicrecognizer.feature.track.presentation.track,TrackViewModel,setThemeSeedColor,1,0,0.0,1,1.0,0,3,1,0,3,0,1,0,0.0,1,0,1,2,0.0,0,2.0,2,1,0.0,0,0.0,0.25,34,7,0.0,4,5,0,2,2,3,1,0,3,0,2,5,0,0,0,0,4,0.0,4,1.0,4,0,5,0,4,0,0,4,0,2,0,0,0,0,0,4,4,44,611,461,8,0,4,7,0.0,40,0,2362,82,179,4,27650
2025-07-11,argo,com.mrsep.musicrecognizer.feature.track.presentation.track,TrackViewModel,setTrackAsViewed,1,0,0.0,1,1.0,0,3,1,0,3,0,1,0,0.0,0,0,1,2,0.0,0,2.0,1,1,0.0,0,0.0,0.25,34,7,0.0,4,5,0,2,2,3,1,0,3,0,2,5,0,0,0,0,4,0.0,4,1.0,4,0,5,0,4,0,0,4,0,2,0,0,0,0,0,4,4,44,611,461,8,0,4,7,0.0,40,0,2362,82,179,4,27650
