Extraction Date,Project,Package,Class,Method,CYCLO_method,NOLV_method,CLNAMM_method,CINT_method,CDISP_method,NOII_type,NOAM_type,NOCS_type,number_constructor_NotDefaultConstructor,LOC_method,MAXNESTING_method,CC_method,NMCS_method,LAA_method,CM_method,NOAV_method,ATFD_method,FANOUT_method,ATLD_method,MaMCL_method,MeMCL_method,NOP_method,FDP_method,CFNAMM_method,Number_Final_Not_Static_Methods,TCC_type,WOC_type,LOC_type,LOCNAMM_type,CFNAMM_type,NOMNAMM_type,NOA_type,NIM_type,DIT_type,NOPA_type,CBO_type,RFC_type,isStatic_type,number_private_visibility_attributes,number_protected_visibility_attributes,number_package_visibility_attributes,num_final_attributes,num_static_attributes,num_final_static_attributes,num_not_final_not_static_attributes,NOC_type,WMC_type,LCOM5_type,WMCNAMM_type,AMW_type,NOM_type,NMO_type,num_final_not_static_attributes,num_static_not_final_attributes,number_public_visibility_methods,number_private_visibility_methods,number_protected_visibility_methods,number_package_visibility_methods,number_standard_design_methods,number_constructor_DefaultConstructor_methods,number_final_methods,number_abstract_methods,number_static_methods,number_final_static_methods,number_not_final_static_methods,number_not_final_not_static_methods,number_not_abstract_not_final_methods,NOI_project,NOM_project,NOMNAMM_project,NOCS_package,isStatic_method,ATFD_type,FANOUT_type,AMWNAMM_type,NOMNAMM_Package,NOI_Package,LOC_package,NOPK_project,NOCS_project,NOM_package,LOC_project
2025-07-11,argo,com.techyourchance.android,MyApplication,onCreate,1,0,1.0,2,1.0,1,1,1,0,6,0,1,1,1.0,2,1,2,4,1.0,1,2.0,0,2,0.0,0,0.0,0.6666666666666666,28,13,0.5,2,4,2,3,1,1,3,0,0,0,1,1,0,0,3,0,4,1.0,4,1.3333333333333333,3,2,4,0,2,1,0,2,1,1,0,0,0,0,0,3,3,14,624,525,1,0,2,13,1.6666666666666667,2,0,57,70,164,3,9210
2025-07-11,argo,com.techyourchance.android,MyApplication,initLogs,3,0,0.0,2,1.0,1,1,1,0,7,1,3,0,1.0,0,2,0,2,2.0,1,2.0,0,0,0.0,0,0.0,0.6666666666666666,28,13,0.5,2,4,2,3,1,1,3,0,0,0,1,1,0,0,3,0,4,1.0,4,1.3333333333333333,3,2,4,0,2,1,0,2,1,1,0,0,0,0,0,3,3,14,624,525,1,0,2,13,1.6666666666666667,2,0,57,70,164,3,9210
2025-07-11,argo,com.techyourchance.android,MyApplication,getWorkManagerConfiguration,1,0,0.0,1,1.0,1,1,1,0,3,0,1,0,1.0,0,1,0,7,1.0,0,8.0,0,0,0.0,0,0.0,0.6666666666666666,28,13,0.5,2,4,2,3,1,1,3,0,0,0,1,1,0,0,3,0,4,1.0,4,1.3333333333333333,3,2,4,0,2,1,0,2,1,1,0,0,0,0,0,3,3,14,624,525,1,0,2,13,1.6666666666666667,2,0,57,70,164,3,9210
2025-07-11,argo,com.techyourchance.android.apkupdate,FetchLatestApkInfoUseCase,fetchLatestApkInfo,6,4,1.0,9,0.7273,0,1,1,0,23,1,6,0,0.0,3,0,1,19,0.0,1,2.176470588235294,0,1,0.0,0,0.0,1.0,37,26,0.5,3,0,0,0,0,4,1,0,0,0,0,0,0,0,0,0,4,0.6666666666666667,4,1.3333333333333333,3,0,0,0,1,2,0,1,1,1,0,0,0,0,0,3,3,14,624,525,4,0,1,26,3.3333333333333335,11,0,309,70,164,13,9210
2025-07-11,argo,com.techyourchance.android.apkupdate,FetchLatestApkInfoUseCase,getLatestApkInfoFileName,3,0,0.0,1,1.0,0,1,1,0,7,0,3,0,0.0,0,0,0,3,0.0,0,2.6666666666666665,1,0,0.0,0,0.0,1.0,37,26,0.5,3,0,0,0,0,4,1,0,0,0,0,0,0,0,0,0,4,0.6666666666666667,4,1.3333333333333333,3,0,0,0,1,2,0,1,1,1,0,0,0,0,0,3,3,14,624,525,4,0,1,26,3.3333333333333335,11,0,309,70,164,13,9210
2025-07-11,argo,com.techyourchance.android.apkupdate,FetchLatestApkInfoUseCase,tooEarlyForNewVersionCheck,1,0,0.0,1,1.0,0,1,1,0,3,0,1,0,0.0,0,0,0,4,0.0,0,2.3333333333333335,0,0,0.0,0,0.0,1.0,37,26,0.5,3,0,0,0,0,4,1,0,0,0,0,0,0,0,0,0,4,0.6666666666666667,4,1.3333333333333333,3,0,0,0,1,2,0,1,1,1,0,0,0,0,0,3,3,14,624,525,4,0,1,26,3.3333333333333335,11,0,309,70,164,13,9210
2025-07-11,argo,com.techyourchance.android.apkupdate,UpdateApkUseCase,updateApk,6,1,2.0,5,0.8,0,0,1,0,13,0,6,2,0.0,3,0,1,7,0.0,1,2.0,1,1,0.0,0,0.0,1.0,44,40,0.3333333333333333,3,0,0,0,0,3,4,0,0,0,0,0,0,0,0,0,4,0.6666666666666667,4,1.3333333333333333,3,0,0,0,1,2,0,1,1,1,0,0,0,0,0,3,3,14,624,525,4,0,5,32,3.6666666666666665,11,0,309,70,164,13,9210
2025-07-11,argo,com.techyourchance.android.apkupdate,UpdateApkUseCase,downloadApk,3,4,0.0,8,0.8889,0,0,1,0,14,1,3,0,0.0,1,0,3,13,0.0,2,2.2,1,3,0.0,0,0.0,1.0,44,40,0.3333333333333333,3,0,0,0,0,3,4,0,0,0,0,0,0,0,0,0,4,0.6666666666666667,4,1.3333333333333333,3,0,0,0,1,2,0,1,1,1,0,0,0,0,0,3,3,14,624,525,4,0,5,32,3.6666666666666665,11,0,309,70,164,13,9210
2025-07-11,argo,com.techyourchance.android.apkupdate,UpdateApkUseCase,installApk,2,2,0.0,8,0.875,0,0,1,0,13,0,2,0,0.0,1,0,1,12,0.0,1,2.3,1,1,0.0,0,0.0,1.0,44,40,0.3333333333333333,3,0,0,0,0,3,4,0,0,0,0,0,0,0,0,0,4,0.6666666666666667,4,1.3333333333333333,3,0,0,0,1,2,0,1,1,1,0,0,0,0,0,3,3,14,624,525,4,0,5,32,3.6666666666666665,11,0,309,70,164,13,9210
2025-07-11,argo,com.techyourchance.android.backgroundwork.foregroundservice,ForegroundService,onCreate,1,0,0.0,2,1.0,1,0,1,0,5,0,1,0,0.0,1,0,2,2,0.0,1,2.0,0,2,0.0,0,0.09523809523809523,0.7142857142857143,80,49,0.2857142857142857,7,3,4,1,0,4,7,1,3,0,0,2,2,2,3,0,12,0.9523809523809523,12,1.7142857142857142,7,4,3,0,4,3,0,4,3,1,0,0,2,0,2,7,9,14,624,525,3,0,10,41,1.8571428571428572,7,0,159,70,164,9,9210
2025-07-11,argo,com.techyourchance.android.backgroundwork.foregroundservice,ForegroundService,onDestroy,3,0,0.0,4,1.0,1,0,1,0,8,1,3,0,1.0,1,2,2,5,2.0,1,2.2,0,2,0.0,0,0.09523809523809523,0.7142857142857143,80,49,0.2857142857142857,7,3,4,1,0,4,7,1,3,0,0,2,2,2,3,0,12,0.9523809523809523,12,1.7142857142857142,7,4,3,0,4,3,0,4,3,1,0,0,2,0,2,7,9,14,624,525,3,0,10,41,1.8571428571428572,7,0,159,70,164,9,9210
2025-07-11,argo,com.techyourchance.android.backgroundwork.foregroundservice,ForegroundService,onBind,1,0,0.0,0,0.0,1,0,1,0,3,0,1,0,0.0,0,0,0,1,0.0,0,0.0,1,0,0.0,0,0.09523809523809523,0.7142857142857143,80,49,0.2857142857142857,7,3,4,1,0,4,7,1,3,0,0,2,2,2,3,0,12,0.9523809523809523,12,1.7142857142857142,7,4,3,0,4,3,0,4,3,1,0,0,2,0,2,7,9,14,624,525,3,0,10,41,1.8571428571428572,7,0,159,70,164,9,9210
2025-07-11,argo,com.techyourchance.android.backgroundwork.foregroundservice,ForegroundService,onStartCommand,2,1,2.0,2,1.0,1,0,1,0,10,1,2,2,0.6666666666666666,3,1,1,4,0.25,1,2.5,3,1,0.0,0,0.09523809523809523,0.7142857142857143,80,49,0.2857142857142857,7,3,4,1,0,4,7,1,3,0,0,2,2,2,3,0,12,0.9523809523809523,12,1.7142857142857142,7,4,3,0,4,3,0,4,3,1,0,0,2,0,2,7,9,14,624,525,3,0,10,41,1.8571428571428572,7,0,159,70,164,9,9210
2025-07-11,argo,com.techyourchance.android.backgroundwork.foregroundservice,ForegroundService,makeForeground,2,3,1.0,4,1.0,1,0,1,0,8,0,2,1,0.0,1,0,3,21,0.0,1,3.5,1,3,0.0,0,0.09523809523809523,0.7142857142857143,80,49,0.2857142857142857,7,3,4,1,0,4,7,1,3,0,0,2,2,2,3,0,12,0.9523809523809523,12,1.7142857142857142,7,4,3,0,4,3,0,4,3,1,0,0,2,0,2,7,9,14,624,525,3,0,10,41,1.8571428571428572,7,0,159,70,164,9,9210
2025-07-11,argo,com.techyourchance.android.backgroundwork.foregroundservice,ForegroundService,createServiceNotificationChannel,1,1,0.0,2,1.0,1,0,1,0,5,0,1,0,1.0,0,1,1,4,1.0,1,2.2,0,0,0.0,0,0.09523809523809523,0.7142857142857143,80,49,0.2857142857142857,7,3,4,1,0,4,7,1,3,0,0,2,2,2,3,0,12,0.9523809523809523,12,1.7142857142857142,7,4,3,0,4,3,0,4,3,1,0,0,2,0,2,7,9,14,624,525,3,0,10,41,1.8571428571428572,7,0,159,70,164,9,9210
2025-07-11,argo,com.techyourchance.android.backgroundwork.foregroundservice,ForegroundService,stopService,3,4,0.0,1,1.0,1,0,1,0,10,1,3,0,1.0,0,0,1,4,0.0,0,2.5,0,0,0.0,0,0.09523809523809523,0.7142857142857143,80,49,0.2857142857142857,7,3,4,1,0,4,7,1,3,0,0,2,2,2,3,0,12,0.9523809523809523,12,1.7142857142857142,7,4,3,0,4,3,0,4,3,1,0,0,2,0,2,7,9,14,624,525,3,1,10,41,1.8571428571428572,7,0,159,70,164,9,9210
2025-07-11,argo,com.techyourchance.android.backgroundwork.foregroundservice,ForegroundServiceStateManager,getState,1,0,0.0,0,0.0,1,2,2,0,3,0,1,0,1.0,0,1,0,0,1.0,0,0.0,0,0,0.0,0,1.0,0.5,18,0,0.0,0,1,0,1,0,1,0,0,1,0,0,0,0,0,1,0,3,0.0,3,1.5,2,0,1,0,1,0,0,1,0,1,0,0,0,0,0,3,3,14,624,525,3,0,0,3,1.5,7,0,159,70,164,9,9210
2025-07-11,argo,com.techyourchance.android.backgroundwork.foregroundservice,ForegroundServiceStateManager,setState,2,0,0.0,1,1.0,1,2,2,0,6,1,2,0,0.4,0,1,0,3,1.0,0,2.0,1,0,0.0,0,1.0,0.5,18,0,0.0,0,1,0,1,0,1,0,0,1,0,0,0,0,0,1,0,3,0.0,3,1.5,2,0,1,0,1,0,0,1,0,1,0,0,0,0,0,3,3,14,624,525,3,0,0,3,1.5,7,0,159,70,164,9,9210
2025-07-11,argo,com.techyourchance.android.backgroundwork.workmanager,MyWorker,doWork,7,2,0.0,8,0.875,0,1,1,0,24,2,7,0,1.0,1,1,2,13,0.5,1,2.090909090909091,0,1,0.0,0,0.16666666666666666,0.75,56,34,0.0,4,1,3,1,0,2,4,0,3,0,0,3,3,3,1,0,5,1.0,5,1.25,4,3,1,0,3,1,0,3,1,1,0,0,0,0,0,4,4,14,624,525,5,0,6,42,2.5,7,0,281,70,164,10,9210
2025-07-11,argo,com.techyourchance.android.backgroundwork.workmanager,MyWorker,getForegroundInfo,1,3,0.0,3,1.0,0,1,1,0,7,0,1,1,0.0,1,0,1,22,0.0,0,3.75,0,1,0.0,0,0.16666666666666666,0.75,56,34,0.0,4,1,3,1,0,2,4,0,3,0,0,3,3,3,1,0,5,1.0,5,1.25,4,3,1,0,3,1,0,3,1,1,0,0,0,0,0,4,4,14,624,525,5,0,6,42,2.5,7,0,281,70,164,10,9210
2025-07-11,argo,com.techyourchance.android.backgroundwork.workmanager,MyWorker,createNotificationChannel,1,1,0.0,1,1.0,0,1,1,0,5,0,1,0,0.0,1,0,2,5,0.0,1,2.4,0,1,0.0,0,0.16666666666666666,0.75,56,34,0.0,4,1,3,1,0,2,4,0,3,0,0,3,3,3,1,0,5,1.0,5,1.25,4,3,1,0,3,1,0,3,1,1,0,0,0,0,0,4,4,14,624,525,5,0,6,42,2.5,7,0,281,70,164,10,9210
2025-07-11,argo,com.techyourchance.android.backgroundwork.workmanager,MyWorker,onStopped,1,0,0.0,2,1.0,0,1,1,0,5,0,1,0,1.0,1,1,1,2,1.0,1,2.0,0,1,0.0,0,0.16666666666666666,0.75,56,34,0.0,4,1,3,1,0,2,4,0,3,0,0,3,3,3,1,0,5,1.0,5,1.25,4,3,1,0,3,1,0,3,1,1,0,0,0,0,0,4,4,14,624,525,5,0,6,42,2.5,7,0,281,70,164,10,9210
2025-07-11,argo,com.techyourchance.android.backgroundwork.workmanager,MyWorkerFactory,createWorker,3,0,0.0,2,1.0,0,0,1,0,7,1,3,0,0.0,0,0,0,5,0.0,2,2.3333333333333335,3,0,0.0,0,0.0,1.0,9,7,0.0,1,0,1,1,0,4,0,0,0,0,0,0,0,0,0,0,2,0.0,2,2.0,1,1,0,0,1,0,0,1,1,1,0,0,0,0,0,1,1,14,624,525,5,0,0,5,3.0,7,0,281,70,164,10,9210
2025-07-11,argo,com.techyourchance.android.backgroundwork.workmanager,MyWorkerManager,getState,1,0,0.0,0,0.0,0,2,2,0,3,0,1,0,1.0,0,2,0,0,2.0,0,2.0,0,0,0.0,0,0.3,0.6,70,36,0.3333333333333333,3,2,0,1,0,2,5,0,2,0,0,2,1,1,1,0,5,0.9,5,1.0,5,0,2,0,3,1,0,3,0,1,0,0,0,0,0,6,6,14,624,525,5,0,6,46,2.8,7,0,281,70,164,10,9210
2025-07-11,argo,com.techyourchance.android.backgroundwork.workmanager,MyWorkerManager,startWorker,3,3,1.0,7,0.875,0,2,2,0,12,0,3,1,0.0,1,0,3,26,0.0,1,2.8,1,2,0.0,0,0.3,0.6,70,36,0.3333333333333333,3,2,0,1,0,2,5,0,2,0,0,2,1,1,1,0,5,0.9,5,1.0,5,0,2,0,3,1,0,3,0,1,0,0,0,0,0,6,6,14,624,525,5,0,6,46,2.8,7,0,281,70,164,10,9210
2025-07-11,argo,com.techyourchance.android.backgroundwork.workmanager,MyWorkerManager,stopWorker,1,0,0.0,1,1.0,0,2,2,0,3,0,1,0,0.0,0,0,1,1,0.0,1,2.0,0,1,0.0,0,0.3,0.6,70,36,0.3333333333333333,3,2,0,1,0,2,5,0,2,0,0,2,1,1,1,0,5,0.9,5,1.0,5,0,2,0,3,1,0,3,0,1,0,0,0,0,0,6,6,14,624,525,5,0,6,46,2.8,7,0,281,70,164,10,9210
2025-07-11,argo,com.techyourchance.android.backgroundwork.workmanager,MyWorkerManager,observeMyWorkerState,6,3,0.0,8,0.875,0,2,2,0,21,0,6,2,1.0,1,1,1,13,0.33,1,2.526315789473684,0,1,0.0,0,0.3,0.6,70,36,0.3333333333333333,3,2,0,1,0,2,5,0,2,0,0,2,1,1,1,0,5,0.9,5,1.0,5,0,2,0,3,1,0,3,0,1,0,0,0,0,0,6,6,14,624,525,5,0,6,46,2.8,7,0,281,70,164,10,9210
2025-07-11,argo,com.techyourchance.android.backgroundwork.workmanager,MyWorkerManager,setState,3,0,0.0,2,1.0,0,2,2,0,8,0,3,0,0.5,0,2,1,6,2.0,1,2.5,1,1,0.0,0,0.3,0.6,70,36,0.3333333333333333,3,2,0,1,0,2,5,0,2,0,0,2,1,1,1,0,5,0.9,5,1.0,5,0,2,0,3,1,0,3,0,1,0,0,0,0,0,6,6,14,624,525,5,0,6,46,2.8,7,0,281,70,164,10,9210
2025-07-11,argo,com.techyourchance.android.benchmarks.background_tasks.memory,BackgroundTasksMemoryBenchmarkUseCase,runBenchmark,5,2,4.0,4,1.0,0,1,2,0,24,1,5,4,0.0,4,0,0,9,0.0,3,2.0,2,0,0.0,0,0.0,1.0,166,136,0.4444444444444444,10,0,0,0,0,12,10,0,0,0,0,5,5,5,0,0,19,0.5111111111111111,19,1.9,10,0,0,0,1,9,0,1,0,1,0,0,0,0,0,10,10,14,624,525,7,0,15,78,3.0,15,0,431,70,164,16,9210
2025-07-11,argo,com.techyourchance.android.benchmarks.background_tasks.memory,BackgroundTasksMemoryBenchmarkUseCase,preAllocateIterationData,2,1,0.0,0,0.0,0,1,2,0,7,1,2,0,0.0,0,0,0,2,0.0,0,2.0,0,0,0.0,0,0.0,1.0,166,136,0.4444444444444444,10,0,0,0,0,12,10,0,0,0,0,5,5,5,0,0,19,0.5111111111111111,19,1.9,10,0,0,0,1,9,0,1,0,1,0,0,0,0,0,10,10,14,624,525,7,0,15,78,3.0,15,0,431,70,164,16,9210
2025-07-11,argo,com.techyourchance.android.benchmarks.background_tasks.memory,BackgroundTasksMemoryBenchmarkUseCase,benchmarkThreads,2,3,2.0,7,0.8571,0,1,2,0,14,1,2,1,0.0,3,0,4,12,0.0,1,2.0,2,4,0.0,0,0.0,1.0,166,136,0.4444444444444444,10,0,0,0,0,12,10,0,0,0,0,5,5,5,0,0,19,0.5111111111111111,19,1.9,10,0,0,0,1,9,0,1,0,1,0,0,0,0,0,10,10,14,624,525,7,0,15,78,3.0,15,0,431,70,164,16,9210
2025-07-11,argo,com.techyourchance.android.benchmarks.background_tasks.memory,BackgroundTasksMemoryBenchmarkUseCase,benchmarkSingleThread,1,1,0.0,4,1.0,0,1,2,0,9,0,1,1,0.0,1,0,0,6,0.0,1,2.2,4,0,0.0,0,0.0,1.0,166,136,0.4444444444444444,10,0,0,0,0,12,10,0,0,0,0,5,5,5,0,0,19,0.5111111111111111,19,1.9,10,0,0,0,1,9,0,1,0,1,0,0,0,0,0,10,10,14,624,525,7,0,15,78,3.0,15,0,431,70,164,16,9210
2025-07-11,argo,com.techyourchance.android.benchmarks.background_tasks.memory,BackgroundTasksMemoryBenchmarkUseCase,benchmarkCoroutines,2,3,2.0,9,1.0,0,1,2,0,15,1,2,1,0.0,3,0,5,12,0.0,1,2.0,2,5,0.0,0,0.0,1.0,166,136,0.4444444444444444,10,0,0,0,0,12,10,0,0,0,0,5,5,5,0,0,19,0.5111111111111111,19,1.9,10,0,0,0,1,9,0,1,0,1,0,0,0,0,0,10,10,14,624,525,7,0,15,78,3.0,15,0,431,70,164,16,9210
2025-07-11,argo,com.techyourchance.android.benchmarks.background_tasks.memory,BackgroundTasksMemoryBenchmarkUseCase,benchmarkSingleCoroutine,3,0,0.0,3,1.0,0,1,2,0,11,1,3,1,0.0,1,0,1,5,0.0,1,2.0,5,1,0.0,0,0.0,1.0,166,136,0.4444444444444444,10,0,0,0,0,12,10,0,0,0,0,5,5,5,0,0,19,0.5111111111111111,19,1.9,10,0,0,0,1,9,0,1,0,1,0,0,0,0,0,10,10,14,624,525,7,0,15,78,3.0,15,0,431,70,164,16,9210
2025-07-11,argo,com.techyourchance.android.benchmarks.background_tasks.memory,BackgroundTasksMemoryBenchmarkUseCase,benchmarkThreadPool,3,2,2.0,8,1.0,0,1,2,0,16,1,3,2,0.0,3,0,4,12,0.0,1,2.0,2,4,0.0,0,0.0,1.0,166,136,0.4444444444444444,10,0,0,0,0,12,10,0,0,0,0,5,5,5,0,0,19,0.5111111111111111,19,1.9,10,0,0,0,1,9,0,1,0,1,0,0,0,0,0,10,10,14,624,525,7,0,15,78,3.0,15,0,431,70,164,16,9210
2025-07-11,argo,com.techyourchance.android.benchmarks.background_tasks.memory,BackgroundTasksMemoryBenchmarkUseCase,benchmarkSingleThreadPoolThread,1,0,0.0,3,1.0,0,1,2,0,9,0,1,1,0.0,1,0,1,4,0.0,1,2.0,5,1,0.0,0,0.0,1.0,166,136,0.4444444444444444,10,0,0,0,0,12,10,0,0,0,0,5,5,5,0,0,19,0.5111111111111111,19,1.9,10,0,0,0,1,9,0,1,0,1,0,0,0,0,0,10,10,14,624,525,7,0,15,78,3.0,15,0,431,70,164,16,9210
2025-07-11,argo,com.techyourchance.android.benchmarks.background_tasks.memory,BackgroundTasksMemoryBenchmarkUseCase,getBackgroundTaskMemoryData,1,2,0.0,2,1.0,0,1,2,0,5,0,1,0,0.0,0,0,0,4,0.0,1,2.5,0,0,0.0,0,0.0,1.0,166,136,0.4444444444444444,10,0,0,0,0,12,10,0,0,0,0,5,5,5,0,0,19,0.5111111111111111,19,1.9,10,0,0,0,1,9,0,1,0,1,0,0,0,0,0,10,10,14,624,525,7,0,15,78,3.0,15,0,431,70,164,16,9210
2025-07-11,argo,com.techyourchance.android.benchmarks.background_tasks.memory,BackgroundTasksMemoryBenchmarkUseCase,restartAppForNextIteration,10,1,0.0,6,0.3333,0,1,2,0,31,1,10,0,0.0,0,0,0,12,0.0,0,2.090909090909091,2,0,0.0,0,0.0,1.0,166,136,0.4444444444444444,10,0,0,0,0,12,10,0,0,0,0,5,5,5,0,0,19,0.5111111111111111,19,1.9,10,0,0,0,1,9,0,1,0,1,0,0,0,0,0,10,10,14,624,525,7,0,15,78,3.0,15,0,431,70,164,16,9210
2025-07-11,argo,com.techyourchance.android.benchmarks.background_tasks.memory,ClearBackgroundTaskMemoryDataUseCase,clearData,1,0,0.0,1,1.0,0,0,1,0,3,0,1,0,0.0,0,0,1,2,0.0,0,2.0,0,1,0.0,0,0.0,0.0,5,3,0.0,1,0,0,0,0,0,1,0,0,0,0,0,0,0,0,0,1,0.0,1,1.0,1,0,0,0,1,0,0,1,0,1,0,0,0,0,0,1,1,14,624,525,7,0,1,2,1.0,15,0,431,70,164,16,9210
2025-07-11,argo,com.techyourchance.android.benchmarks.background_tasks.memory,FetchBackgroundTaskMemoryDataUseCase,fetchData,1,5,3.0,2,1.0,0,0,1,0,9,0,1,3,0.0,3,0,1,12,0.0,1,2.375,1,1,0.0,0,0.0,1.0,45,40,0.25,4,0,0,0,0,6,1,0,0,0,0,0,0,0,0,0,8,0.6666666666666667,8,2.0,4,0,0,0,1,3,0,1,1,1,0,0,0,0,0,4,4,14,624,525,7,0,1,25,2.0,15,0,431,70,164,16,9210
2025-07-11,argo,com.techyourchance.android.benchmarks.background_tasks.memory,FetchBackgroundTaskMemoryDataUseCase,preAllocatedDataStructures,3,4,0.0,0,0.0,0,0,1,0,13,2,3,0,0.0,0,0,0,3,0.0,0,2.0,1,0,0.0,0,0.0,1.0,45,40,0.25,4,0,0,0,0,6,1,0,0,0,0,0,0,0,0,0,8,0.6666666666666667,8,2.0,4,0,0,0,1,3,0,1,1,1,0,0,0,0,0,4,4,14,624,525,7,0,1,25,2.0,15,0,431,70,164,16,9210
2025-07-11,argo,com.techyourchance.android.benchmarks.background_tasks.memory,FetchBackgroundTaskMemoryDataUseCase,computeAverageOfIterations,3,5,0.0,0,0.0,0,0,1,0,14,2,3,0,0.0,0,0,0,3,0.0,0,2.0,1,0,0.0,0,0.0,1.0,45,40,0.25,4,0,0,0,0,6,1,0,0,0,0,0,0,0,0,0,8,0.6666666666666667,8,2.0,4,0,0,0,1,3,0,1,1,1,0,0,0,0,0,4,4,14,624,525,7,0,1,25,2.0,15,0,431,70,164,16,9210
2025-07-11,argo,com.techyourchance.android.benchmarks.background_tasks.memory,FetchBackgroundTaskMemoryDataUseCase,calculateLinearFit,1,1,0.0,1,1.0,0,0,1,0,4,0,1,0,0.0,1,0,0,7,0.0,1,2.75,1,0,0.0,0,0.0,1.0,45,40,0.25,4,0,0,0,0,6,1,0,0,0,0,0,0,0,0,0,8,0.6666666666666667,8,2.0,4,0,0,0,1,3,0,1,1,1,0,0,0,0,0,4,4,14,624,525,7,0,1,25,2.0,15,0,431,70,164,16,9210
2025-07-11,argo,com.techyourchance.android.benchmarks.background_tasks.memory,SaveBackgroundTaskMemoryDataUseCase,saveData,2,3,0.0,3,1.0,0,0,1,0,8,1,2,0,0.0,0,0,0,4,0.0,1,2.2,3,0,0.0,0,0.0,1.0,10,8,0.0,1,0,0,0,0,3,0,0,0,0,0,0,0,0,0,0,2,0.0,2,2.0,1,0,0,0,1,0,0,1,1,1,0,0,0,0,0,1,1,14,624,525,7,0,0,4,2.0,15,0,431,70,164,16,9210
2025-07-11,argo,com.techyourchance.android.benchmarks.background_tasks.startup,BackgroundTasksStartupBenchmarkUseCase,runBenchmark,1,3,3.0,1,1.0,0,0,2,0,8,0,1,3,0.0,3,0,0,5,0.33,0,2.0,0,0,0.0,0,0.0,1.0,99,76,0.5,10,3,0,0,0,6,1,0,3,0,0,4,1,1,0,0,13,0.8222222222222222,13,1.3,10,0,3,0,1,9,0,1,0,1,0,0,0,0,0,10,10,14,624,525,3,0,4,43,1.3,10,0,156,70,164,10,9210
2025-07-11,argo,com.techyourchance.android.benchmarks.background_tasks.startup,BackgroundTasksStartupBenchmarkUseCase,benchmarkThreads,2,1,2.0,1,1.0,0,0,2,0,8,1,2,2,0.0,2,0,0,4,0.0,1,2.0,0,0,0.0,0,0.0,1.0,99,76,0.5,10,3,0,0,0,6,1,0,3,0,0,4,1,1,0,0,13,0.8222222222222222,13,1.3,10,0,3,0,1,9,0,1,0,1,0,0,0,0,0,10,10,14,624,525,3,0,4,43,1.3,10,0,156,70,164,10,9210
2025-07-11,argo,com.techyourchance.android.benchmarks.background_tasks.startup,BackgroundTasksStartupBenchmarkUseCase,benchmarkSingleThread,1,4,0.0,3,1.0,0,0,2,0,10,0,1,0,0.0,0,0,1,8,0.0,1,2.2,2,0,0.0,0,0.0,1.0,99,76,0.5,10,3,0,0,0,6,1,0,3,0,0,4,1,1,0,0,13,0.8222222222222222,13,1.3,10,0,3,0,1,9,0,1,0,1,0,0,0,0,0,10,10,14,624,525,3,0,4,43,1.3,10,0,156,70,164,10,9210
2025-07-11,argo,com.techyourchance.android.benchmarks.background_tasks.startup,BackgroundTasksStartupBenchmarkUseCase,benchmarkCoroutines,2,1,2.0,1,1.0,0,0,2,0,8,1,2,2,0.0,2,0,0,4,0.0,1,2.0,0,0,0.0,0,0.0,1.0,99,76,0.5,10,3,0,0,0,6,1,0,3,0,0,4,1,1,0,0,13,0.8222222222222222,13,1.3,10,0,3,0,1,9,0,1,0,1,0,0,0,0,0,10,10,14,624,525,3,0,4,43,1.3,10,0,156,70,164,10,9210
2025-07-11,argo,com.techyourchance.android.benchmarks.background_tasks.startup,BackgroundTasksStartupBenchmarkUseCase,benchmarkSingleCoroutine,1,4,0.0,3,1.0,0,0,2,0,7,0,1,0,0.3333333333333333,0,1,1,7,0.17,1,2.1666666666666665,2,0,0.0,0,0.0,1.0,99,76,0.5,10,3,0,0,0,6,1,0,3,0,0,4,1,1,0,0,13,0.8222222222222222,13,1.3,10,0,3,0,1,9,0,1,0,1,0,0,0,0,0,10,10,14,624,525,3,0,4,43,1.3,10,0,156,70,164,10,9210
2025-07-11,argo,com.techyourchance.android.benchmarks.background_tasks.startup,BackgroundTasksStartupBenchmarkUseCase,benchmarkThreadPool,2,1,2.0,1,1.0,0,0,2,0,8,1,2,3,0.0,2,0,0,4,1.0,1,2.0,0,0,0.0,0,0.0,1.0,99,76,0.5,10,3,0,0,0,6,1,0,3,0,0,4,1,1,0,0,13,0.8222222222222222,13,1.3,10,0,3,0,1,9,0,1,0,1,0,0,0,0,0,10,10,14,624,525,3,0,4,43,1.3,10,0,156,70,164,10,9210
2025-07-11,argo,com.techyourchance.android.benchmarks.background_tasks.startup,BackgroundTasksStartupBenchmarkUseCase,benchmarkSingleThreadPoolTask,1,3,0.0,4,1.0,0,0,2,0,10,0,1,0,0.3333333333333333,0,1,2,6,0.2,1,2.1666666666666665,2,1,0.0,0,0.0,1.0,99,76,0.5,10,3,0,0,0,6,1,0,3,0,0,4,1,1,0,0,13,0.8222222222222222,13,1.3,10,0,3,0,1,9,0,1,0,1,0,0,0,0,0,10,10,14,624,525,3,0,4,43,1.3,10,0,156,70,164,10,9210
2025-07-11,argo,com.techyourchance.android.benchmarks.background_tasks.startup,BackgroundTasksStartupBenchmarkUseCase,computeResult,1,2,2.0,0,0.0,0,0,2,0,5,0,1,2,0.0,2,0,0,3,0.0,0,0.0,1,0,0.0,0,0.0,1.0,99,76,0.5,10,3,0,0,0,6,1,0,3,0,0,4,1,1,0,0,13,0.8222222222222222,13,1.3,10,0,3,0,1,9,0,1,0,1,0,0,0,0,0,10,10,14,624,525,3,0,4,43,1.3,10,0,156,70,164,10,9210
2025-07-11,argo,com.techyourchance.android.benchmarks.background_tasks.startup,BackgroundTasksStartupBenchmarkUseCase,computeAverageStartupDurationNano,1,1,0.0,0,0.0,0,0,2,0,4,0,1,0,0.0,0,0,0,0,0.0,0,2.3333333333333335,1,0,0.0,0,0.0,1.0,99,76,0.5,10,3,0,0,0,6,1,0,3,0,0,4,1,1,0,0,13,0.8222222222222222,13,1.3,10,0,3,0,1,9,0,1,0,1,0,0,0,0,0,10,10,14,624,525,3,0,4,43,1.3,10,0,156,70,164,10,9210
2025-07-11,argo,com.techyourchance.android.benchmarks.background_tasks.startup,BackgroundTasksStartupBenchmarkUseCase,computeStdStartupDurationNano,1,3,0.0,1,1.0,0,0,2,0,8,0,1,0,0.0,0,0,0,2,0.0,2,2.5,2,0,0.0,0,0.0,1.0,99,76,0.5,10,3,0,0,0,6,1,0,3,0,0,4,1,1,0,0,13,0.8222222222222222,13,1.3,10,0,3,0,1,9,0,1,0,1,0,0,0,0,0,10,10,14,624,525,3,0,4,43,1.3,10,0,156,70,164,10,9210
2025-07-11,argo,com.techyourchance.android.benchmarks.shared_prefs,SharedPrefsWriteBenchmarkUseCase,runBenchmark,1,5,2.0,3,1.0,0,0,2,0,10,0,1,6,0.3333333333333333,2,1,0,8,0.17,1,2.0,1,0,0.0,0,0.0,0.8333333333333334,72,51,0.5,6,1,0,0,0,10,0,0,5,0,0,5,4,4,0,0,10,0.8666666666666667,10,1.6666666666666667,6,0,1,0,1,5,0,1,0,1,0,0,0,0,0,6,6,14,624,525,2,0,0,42,1.6666666666666667,6,0,131,70,164,6,9210
2025-07-11,argo,com.techyourchance.android.benchmarks.shared_prefs,SharedPrefsWriteBenchmarkUseCase,runBenchmarkWithWriteFunction,3,5,0.0,3,1.0,0,0,2,0,20,2,3,0,0.0,0,0,0,13,0.0,3,3.0,3,0,0.0,0,0.0,0.8333333333333334,72,51,0.5,6,1,0,0,0,10,0,0,5,0,0,5,4,4,0,0,10,0.8666666666666667,10,1.6666666666666667,6,0,1,0,1,5,0,1,0,1,0,0,0,0,0,6,6,14,624,525,2,0,0,42,1.6666666666666667,6,0,131,70,164,6,9210
2025-07-11,argo,com.techyourchance.android.benchmarks.shared_prefs,SharedPrefsWriteBenchmarkUseCase,computeResult,1,2,2.0,1,1.0,0,0,2,0,5,0,1,2,0.0,2,0,0,8,0.0,0,3.0,1,0,0.0,0,0.0,0.8333333333333334,72,51,0.5,6,1,0,0,0,10,0,0,5,0,0,5,4,4,0,0,10,0.8666666666666667,10,1.6666666666666667,6,0,1,0,1,5,0,1,0,1,0,0,0,0,0,6,6,14,624,525,2,0,0,42,1.6666666666666667,6,0,131,70,164,6,9210
2025-07-11,argo,com.techyourchance.android.benchmarks.shared_prefs,SharedPrefsWriteBenchmarkUseCase,computeMaxWriteDurationNano,1,0,0.0,1,1.0,0,0,2,0,3,0,1,0,0.0,0,0,0,4,0.0,0,2.3333333333333335,1,0,0.0,0,0.0,0.8333333333333334,72,51,0.5,6,1,0,0,0,10,0,0,5,0,0,5,4,4,0,0,10,0.8666666666666667,10,1.6666666666666667,6,0,1,0,1,5,0,1,0,1,0,0,0,0,0,6,6,14,624,525,2,0,0,42,1.6666666666666667,6,0,131,70,164,6,9210
2025-07-11,argo,com.techyourchance.android.benchmarks.shared_prefs,SharedPrefsWriteBenchmarkUseCase,computeAverageWriteDurationsNano,1,1,1.0,1,1.0,0,0,2,0,4,0,1,1,0.0,1,0,0,6,0.0,0,2.6666666666666665,1,0,0.0,0,0.0,0.8333333333333334,72,51,0.5,6,1,0,0,0,10,0,0,5,0,0,5,4,4,0,0,10,0.8666666666666667,10,1.6666666666666667,6,0,1,0,1,5,0,1,0,1,0,0,0,0,0,6,6,14,624,525,2,0,0,42,1.6666666666666667,6,0,131,70,164,6,9210
2025-07-11,argo,com.techyourchance.android.benchmarks.shared_prefs,SharedPrefsWriteBenchmarkUseCase,computeSumsWithInternalKeys,3,1,0.0,1,1.0,0,0,2,0,9,2,3,0,0.0,0,0,0,3,0.0,1,2.0,1,0,0.0,0,0.0,0.8333333333333334,72,51,0.5,6,1,0,0,0,10,0,0,5,0,0,5,4,4,0,0,10,0.8666666666666667,10,1.6666666666666667,6,0,1,0,1,5,0,1,0,1,0,0,0,0,0,6,6,14,624,525,2,0,0,42,1.6666666666666667,6,0,131,70,164,6,9210
2025-07-11,argo,com.techyourchance.android.biometric,BiometricAuthUseCase,authenticate,3,1,0.0,3,1.0,0,0,3,0,15,1,3,0,0.25,1,1,0,18,0.25,1,3.4444444444444446,3,0,0.0,0,0.0,1.0,57,15,0.0,1,1,0,1,0,1,1,0,1,0,0,1,0,0,0,0,2,0.0,2,2.0,1,0,1,0,1,0,0,1,0,1,0,0,0,0,0,5,5,14,624,525,1,0,0,18,3.0,1,0,82,70,164,1,9210
2025-07-11,argo,com.techyourchance.android.common,BusyObservable,isBusy,1,0,0.0,1,1.0,0,2,1,0,3,0,1,1,1.0,0,1,0,1,1.0,1,2.0,0,0,0.0,0,1.0,0.0,19,6,0.0,2,1,0,1,0,1,2,0,1,0,0,1,0,0,0,0,4,1.0,4,1.0,4,0,1,0,1,0,3,1,0,0,0,0,0,0,0,4,4,14,624,525,2,0,1,4,1.0,6,0,99,70,164,8,9210
2025-07-11,argo,com.techyourchance.android.common,BusyObservable,assertNotBusyAndBecomeBusy,1,0,0.0,1,1.0,0,2,1,0,3,0,1,0,1.0,0,1,1,1,1.0,1,2.0,0,1,0.0,0,1.0,0.0,19,6,0.0,2,1,0,1,0,1,2,0,1,0,0,1,0,0,0,0,4,1.0,4,1.0,4,0,1,0,1,0,3,1,0,0,0,0,0,0,0,4,4,14,624,525,2,0,1,4,1.0,6,0,99,70,164,8,9210
2025-07-11,argo,com.techyourchance.android.common,BusyObservable,isFreeAndBecomeBusy,1,0,0.0,1,1.0,0,2,1,0,3,0,1,1,1.0,0,1,0,1,1.0,1,2.0,0,0,0.0,0,1.0,0.0,19,6,0.0,2,1,0,1,0,1,2,0,1,0,0,1,0,0,0,0,4,1.0,4,1.0,4,0,1,0,1,0,3,1,0,0,0,0,0,0,0,4,4,14,624,525,2,0,1,4,1.0,6,0,99,70,164,8,9210
2025-07-11,argo,com.techyourchance.android.common,BusyObservable,becomeNotBusy,1,0,0.0,1,1.0,0,2,1,0,3,0,1,1,1.0,0,1,0,1,1.0,1,2.0,0,0,0.0,0,1.0,0.0,19,6,0.0,2,1,0,1,0,1,2,0,1,0,0,1,0,0,0,0,4,1.0,4,1.0,4,0,1,0,1,0,3,1,0,0,0,0,0,0,0,4,4,14,624,525,2,0,1,4,1.0,6,0,99,70,164,8,9210
2025-07-11,argo,com.techyourchance.android.common,Observable,registerListener,2,1,1.0,3,1.0,0,0,1,0,9,1,2,1,0.8,1,2,0,3,1.5,1,2.0,1,0,0.0,0,0.16666666666666666,0.5,33,18,0.5,4,3,0,0,1,1,1,0,2,0,1,3,0,0,0,3,4,0.8333333333333334,6,1.5,4,0,3,0,2,0,2,2,0,0,0,0,0,0,0,4,4,14,624,525,2,0,0,5,2.0,6,0,99,70,164,8,9210
2025-07-11,argo,com.techyourchance.android.common,Observable,unregisterListener,2,1,1.0,2,1.0,0,0,1,0,9,1,2,1,0.8,1,2,0,2,1.5,1,2.0,1,0,0.0,0,0.16666666666666666,0.5,33,18,0.5,4,3,0,0,1,1,1,0,2,0,1,3,0,0,0,3,4,0.8333333333333334,6,1.5,4,0,3,0,2,0,2,2,0,0,0,0,0,0,0,4,4,14,624,525,2,0,0,5,2.0,6,0,99,70,164,8,9210
2025-07-11,argo,com.techyourchance.android.common,Observable,onFirstListenerRegistered,0,0,1.0,0,0.0,0,0,1,0,0,0,0,0,0.0,0,0,0,0,0.0,0,0.0,0,0,0.0,0,0.16666666666666666,0.5,33,18,0.5,4,3,0,0,1,1,1,0,2,0,1,3,0,0,0,3,4,0.8333333333333334,6,1.5,4,0,3,0,2,0,2,2,0,0,0,0,0,0,0,4,4,14,624,525,2,0,0,5,2.0,6,0,99,70,164,8,9210
2025-07-11,argo,com.techyourchance.android.common,Observable,onLastListenerUnregistered,0,0,0.0,0,0.0,0,0,1,0,0,0,0,0,0.0,0,0,0,0,0.0,0,0.0,0,0,0.0,0,0.16666666666666666,0.5,33,18,0.5,4,3,0,0,1,1,1,0,2,0,1,3,0,0,0,3,4,0.8333333333333334,6,1.5,4,0,3,0,2,0,2,2,0,0,0,0,0,0,0,4,4,14,624,525,2,0,0,5,2.0,6,0,99,70,164,8,9210
2025-07-11,argo,com.techyourchance.android.common.application,AppMemoryInfoProvider,getAppMemoryConsumption,1,2,0.0,4,1.0,0,1,1,0,6,0,1,0,0.0,0,0,1,11,0.0,1,3.0,0,1,0.0,0,0.0,1.0,8,0,0.0,1,0,0,0,0,1,1,0,0,0,0,0,0,0,0,0,1,0.0,1,1.0,1,0,0,0,1,0,0,1,0,1,0,0,0,0,0,1,1,14,624,525,4,0,1,11,1.0,0,0,49,70,164,2,9210
2025-07-11,argo,com.techyourchance.android.common.application,AppVersionInfoProvider,getAppVersionInfo,1,0,0.0,1,1.0,0,1,1,0,3,0,1,0,0.0,0,0,0,3,0.0,0,2.0,0,0,0.0,0,0.0,0.0,5,0,0.0,1,0,0,0,0,1,0,0,0,0,0,0,0,0,0,0,1,0.0,1,1.0,1,0,0,0,1,0,0,1,0,1,0,0,0,0,0,1,1,14,624,525,4,0,0,3,1.0,0,0,49,70,164,2,9210
2025-07-11,argo,com.techyourchance.android.common.coroutines,UiThreadDetector,isOnUiThread,1,0,0.0,1,1.0,0,1,1,0,3,0,1,0,0.0,0,0,0,2,0.0,2,2.0,0,0,0.0,0,0.0,1.0,17,10,0.0,3,0,0,0,0,1,0,0,0,0,0,0,0,0,0,0,5,0.6666666666666667,5,1.6666666666666667,3,0,0,0,3,0,0,3,0,1,0,0,0,0,0,3,3,14,624,525,1,0,0,6,1.6666666666666667,2,0,125,70,164,3,9210
2025-07-11,argo,com.techyourchance.android.common.coroutines,UiThreadDetector,assertNotOnUiThread,2,0,0.0,0,0.0,0,1,1,0,5,1,2,0,0.0,1,0,0,2,0.0,0,0.0,0,0,0.0,0,0.0,1.0,17,10,0.0,3,0,0,0,0,1,0,0,0,0,0,0,0,0,0,0,5,0.6666666666666667,5,1.6666666666666667,3,0,0,0,3,0,0,3,0,1,0,0,0,0,0,3,3,14,624,525,1,0,0,6,1.6666666666666667,2,0,125,70,164,3,9210
2025-07-11,argo,com.techyourchance.android.common.coroutines,UiThreadDetector,assertOnUiThread,2,0,0.0,0,0.0,0,1,1,0,5,1,2,0,0.0,1,0,0,2,0.0,0,0.0,0,0,0.0,0,0.0,1.0,17,10,0.0,3,0,0,0,0,1,0,0,0,0,0,0,0,0,0,0,5,0.6666666666666667,5,1.6666666666666667,3,0,0,0,3,0,0,3,0,1,0,0,0,0,0,3,3,14,624,525,1,0,0,6,1.6666666666666667,2,0,125,70,164,3,9210
2025-07-11,argo,com.techyourchance.android.common.datetime,DateTimeProviderImpl,getLocalDate,1,0,0.0,1,1.0,1,7,1,0,3,0,1,0,0.0,0,0,0,1,0.0,1,2.0,0,0,0.0,0,0.027777777777777776,0.2222222222222222,48,8,0.0,9,2,9,1,0,6,1,0,2,0,0,2,0,0,0,0,9,1.0,9,1.0,9,9,2,0,9,0,0,9,0,1,0,0,0,0,0,10,10,14,624,525,3,0,0,11,1.0,2,2,96,70,164,9,9210
2025-07-11,argo,com.techyourchance.android.common.datetime,DateTimeProviderImpl,getLocalTime,1,0,0.0,1,1.0,1,7,1,0,3,0,1,0,0.0,0,0,0,1,0.0,1,2.0,0,0,0.0,0,0.027777777777777776,0.2222222222222222,48,8,0.0,9,2,9,1,0,6,1,0,2,0,0,2,0,0,0,0,9,1.0,9,1.0,9,9,2,0,9,0,0,9,0,1,0,0,0,0,0,10,10,14,624,525,3,0,0,11,1.0,2,2,96,70,164,9,9210
2025-07-11,argo,com.techyourchance.android.common.datetime,DateTimeProviderImpl,getLocalDateTime,1,0,0.0,1,1.0,1,7,1,0,3,0,1,1,0.0,2,0,0,1,0.0,1,2.0,0,0,0.0,0,0.027777777777777776,0.2222222222222222,48,8,0.0,9,2,9,1,0,6,1,0,2,0,0,2,0,0,0,0,9,1.0,9,1.0,9,9,2,0,9,0,0,9,0,1,0,0,0,0,0,10,10,14,624,525,3,0,0,11,1.0,2,2,96,70,164,9,9210
2025-07-11,argo,com.techyourchance.android.common.datetime,DateTimeProviderImpl,getDateUtc,1,0,0.0,1,1.0,1,7,1,0,3,0,1,0,0.0,1,0,0,2,0.0,2,3.0,0,0,0.0,0,0.027777777777777776,0.2222222222222222,48,8,0.0,9,2,9,1,0,6,1,0,2,0,0,2,0,0,0,0,9,1.0,9,1.0,9,9,2,0,9,0,0,9,0,1,0,0,0,0,0,10,10,14,624,525,3,0,0,11,1.0,2,2,96,70,164,9,9210
2025-07-11,argo,com.techyourchance.android.common.datetime,DateTimeProviderImpl,getTimestampUtc,1,0,0.0,1,1.0,1,7,1,0,3,0,1,0,0.0,0,0,0,1,0.0,1,2.0,0,0,0.0,0,0.027777777777777776,0.2222222222222222,48,8,0.0,9,2,9,1,0,6,1,0,2,0,0,2,0,0,0,0,9,1.0,9,1.0,9,9,2,0,9,0,0,9,0,1,0,0,0,0,0,10,10,14,624,525,3,0,0,11,1.0,2,2,96,70,164,9,9210
2025-07-11,argo,com.techyourchance.android.common.datetime,DateTimeProviderImpl,getZonedDateTimeUtc,1,0,0.0,1,1.0,1,7,1,0,3,0,1,0,0.0,0,0,0,2,0.0,0,3.0,0,0,0.0,0,0.027777777777777776,0.2222222222222222,48,8,0.0,9,2,9,1,0,6,1,0,2,0,0,2,0,0,0,0,9,1.0,9,1.0,9,9,2,0,9,0,0,9,0,1,0,0,0,0,0,10,10,14,624,525,3,0,0,11,1.0,2,2,96,70,164,9,9210
2025-07-11,argo,com.techyourchance.android.common.datetime,DateTimeProviderImpl,getNanoTime,1,0,0.0,1,1.0,1,7,1,0,3,0,1,0,0.0,0,0,0,1,0.0,1,2.0,0,0,0.0,0,0.027777777777777776,0.2222222222222222,48,8,0.0,9,2,9,1,0,6,1,0,2,0,0,2,0,0,0,0,9,1.0,9,1.0,9,9,2,0,9,0,0,9,0,1,0,0,0,0,0,10,10,14,624,525,3,0,0,11,1.0,2,2,96,70,164,9,9210
2025-07-11,argo,com.techyourchance.android.common.datetime,DateTimeProviderImpl,onFirstListenerRegistered,1,0,0.0,1,1.0,1,7,1,0,4,0,1,0,1.0,1,2,0,1,2.0,1,2.0,0,0,0.0,0,0.027777777777777776,0.2222222222222222,48,8,0.0,9,2,9,1,0,6,1,0,2,0,0,2,0,0,0,0,9,1.0,9,1.0,9,9,2,0,9,0,0,9,0,1,0,0,0,0,0,10,10,14,624,525,3,0,0,11,1.0,2,2,96,70,164,9,9210
2025-07-11,argo,com.techyourchance.android.common.datetime,DateTimeProviderImpl,onLastListenerUnregistered,1,0,0.0,1,1.0,1,7,1,0,4,0,1,0,1.0,1,2,0,1,2.0,1,2.0,0,0,0.0,0,0.027777777777777776,0.2222222222222222,48,8,0.0,9,2,9,1,0,6,1,0,2,0,0,2,0,0,0,0,9,1.0,9,1.0,9,9,2,0,9,0,0,9,0,1,0,0,0,0,0,10,10,14,624,525,3,0,0,11,1.0,2,2,96,70,164,9,9210
2025-07-11,argo,com.techyourchance.android.common.dependencyinjection.activity,ActivityModule,context,1,0,0.0,0,0.0,0,0,1,0,3,0,1,1,0.0,0,0,0,0,0.0,0,0.0,0,0,0.0,0,0.0,0.0,45,33,0.0,11,0,0,0,0,11,0,0,0,0,0,0,0,0,0,0,11,0.8727272727272728,11,1.0,11,0,0,0,10,0,0,10,1,1,0,0,0,0,0,11,11,14,624,525,3,0,0,5,1.0,12,1,105,70,164,11,9210
2025-07-11,argo,com.techyourchance.android.common.dependencyinjection.activity,ActivityModule,fragmentActivity,1,0,0.0,0,0.0,0,0,1,0,3,0,1,1,0.0,0,0,0,0,0.0,0,0.0,0,0,0.0,0,0.0,0.0,45,33,0.0,11,0,0,0,0,11,0,0,0,0,0,0,0,0,0,0,11,0.8727272727272728,11,1.0,11,0,0,0,10,0,0,10,1,1,0,0,0,0,0,11,11,14,624,525,3,0,0,5,1.0,12,1,105,70,164,11,9210
2025-07-11,argo,com.techyourchance.android.common.dependencyinjection.activity,ActivityModule,appCompatActivity,1,0,0.0,0,0.0,0,0,1,0,3,0,1,1,0.0,0,0,0,0,0.0,0,0.0,0,0,0.0,0,0.0,0.0,45,33,0.0,11,0,0,0,0,11,0,0,0,0,0,0,0,0,0,0,11,0.8727272727272728,11,1.0,11,0,0,0,10,0,0,10,1,1,0,0,0,0,0,11,11,14,624,525,3,0,0,5,1.0,12,1,105,70,164,11,9210
2025-07-11,argo,com.techyourchance.android.common.dependencyinjection.activity,ActivityModule,activity,1,0,0.0,0,0.0,0,0,1,0,3,0,1,1,0.0,0,0,0,0,0.0,0,0.0,0,0,0.0,0,0.0,0.0,45,33,0.0,11,0,0,0,0,11,0,0,0,0,0,0,0,0,0,0,11,0.8727272727272728,11,1.0,11,0,0,0,10,0,0,10,1,1,0,0,0,0,0,11,11,14,624,525,3,0,0,5,1.0,12,1,105,70,164,11,9210
2025-07-11,argo,com.techyourchance.android.common.dependencyinjection.activity,ActivityModule,fragmentManager,1,0,0.0,0,0.0,0,0,1,0,3,0,1,1,0.0,0,0,0,0,0.0,0,2.0,1,0,0.0,0,0.0,0.0,45,33,0.0,11,0,0,0,0,11,0,0,0,0,0,0,0,0,0,0,11,0.8727272727272728,11,1.0,11,0,0,0,10,0,0,10,1,1,0,0,0,0,0,11,11,14,624,525,3,0,0,5,1.0,12,1,105,70,164,11,9210
2025-07-11,argo,com.techyourchance.android.common.dependencyinjection.activity,ActivityModule,permissionsHelperImpl,1,0,0.0,0,0.0,0,0,1,0,3,0,1,0,0.0,0,0,0,1,0.0,0,0.0,1,0,0.0,0,0.0,0.0,45,33,0.0,11,0,0,0,0,11,0,0,0,0,0,0,0,0,0,0,11,0.8727272727272728,11,1.0,11,0,0,0,10,0,0,10,1,1,0,0,0,0,0,11,11,14,624,525,3,0,0,5,1.0,12,1,105,70,164,11,9210
2025-07-11,argo,com.techyourchance.android.common.dependencyinjection.activity,ActivityModule,permissionsHelper,1,0,0.0,0,0.0,0,0,1,0,3,0,1,2,0.0,0,0,0,0,0.0,0,0.0,1,0,0.0,0,0.0,0.0,45,33,0.0,11,0,0,0,0,11,0,0,0,0,0,0,0,0,0,0,11,0.8727272727272728,11,1.0,11,0,0,0,10,0,0,10,1,1,0,0,0,0,0,11,11,14,624,525,3,0,0,5,1.0,12,1,105,70,164,11,9210
2025-07-11,argo,com.techyourchance.android.common.dependencyinjection.activity,ActivityModule,permissionsHelperDelegate,1,0,0.0,0,0.0,0,0,1,0,3,0,1,2,0.0,0,0,0,0,0.0,0,0.0,1,0,0.0,0,0.0,0.0,45,33,0.0,11,0,0,0,0,11,0,0,0,0,0,0,0,0,0,0,11,0.8727272727272728,11,1.0,11,0,0,0,10,0,0,10,1,1,0,0,0,0,0,11,11,14,624,525,3,0,0,5,1.0,12,1,105,70,164,11,9210
2025-07-11,argo,com.techyourchance.android.common.dependencyinjection.activity,ActivityModule,fragNavController,1,0,0.0,1,1.0,0,0,1,0,3,0,1,0,0.0,0,0,0,2,0.0,0,3.0,1,0,0.0,0,0.0,0.0,45,33,0.0,11,0,0,0,0,11,0,0,0,0,0,0,0,0,0,0,11,0.8727272727272728,11,1.0,11,0,0,0,10,0,0,10,1,1,0,0,0,0,0,11,11,14,624,525,3,0,0,5,1.0,12,1,105,70,164,11,9210
2025-07-11,argo,com.techyourchance.android.common.dependencyinjection.activity,ActivityModule,screensNavigator,1,0,0.0,0,0.0,0,0,1,0,3,0,1,1,0.0,0,0,0,1,0.0,0,0.0,2,0,0.0,0,0.0,0.0,45,33,0.0,11,0,0,0,0,11,0,0,0,0,0,0,0,0,0,0,11,0.8727272727272728,11,1.0,11,0,0,0,10,0,0,10,1,1,0,0,0,0,0,11,11,14,624,525,3,0,0,5,1.0,12,1,105,70,164,11,9210
2025-07-11,argo,com.techyourchance.android.common.dependencyinjection.activity,ActivityModule,imageLoader,1,0,0.0,0,0.0,0,0,1,0,3,0,1,0,0.0,0,0,0,1,0.0,0,0.0,0,0,0.0,0,0.0,0.0,45,33,0.0,11,0,0,0,0,11,0,0,0,0,0,0,0,0,0,0,11,0.8727272727272728,11,1.0,11,0,0,0,10,0,0,10,1,1,0,0,0,0,0,11,11,14,624,525,3,0,0,5,1.0,12,1,105,70,164,11,9210
2025-07-11,argo,com.techyourchance.android.common.dependencyinjection.application,ApplicationModule,application,1,0,0.0,0,0.0,0,0,2,0,3,0,1,1,0.0,0,0,0,0,0.0,0,0.0,0,0,0.0,0,0.0,0.15789473684210525,104,78,0.0,19,0,0,0,0,19,1,0,0,0,0,0,0,0,0,0,21,1.0,21,1.105263157894737,19,0,0,0,19,0,0,19,2,1,0,0,0,0,0,21,21,14,624,525,5,0,1,62,1.263157894736842,25,1,294,70,164,23,9210
2025-07-11,argo,com.techyourchance.android.common.dependencyinjection.application,ApplicationModule,resources,1,0,0.0,0,0.0,0,0,2,0,3,0,1,1,0.0,0,0,0,0,0.0,0,2.0,1,0,0.0,0,0.0,0.15789473684210525,104,78,0.0,19,0,0,0,0,19,1,0,0,0,0,0,0,0,0,0,21,1.0,21,1.105263157894737,19,0,0,0,19,0,0,19,2,1,0,0,0,0,0,21,21,14,624,525,5,0,1,62,1.263157894736842,25,1,294,70,164,23,9210
2025-07-11,argo,com.techyourchance.android.common.dependencyinjection.application,ApplicationModule,contentResolver,1,0,0.0,0,0.0,0,0,2,0,3,0,1,1,0.0,0,0,0,0,0.0,0,2.0,1,0,0.0,0,0.0,0.15789473684210525,104,78,0.0,19,0,0,0,0,19,1,0,0,0,0,0,0,0,0,0,21,1.0,21,1.105263157894737,19,0,0,0,19,0,0,19,2,1,0,0,0,0,0,21,21,14,624,525,5,0,1,62,1.263157894736842,25,1,294,70,164,23,9210
2025-07-11,argo,com.techyourchance.android.common.dependencyinjection.application,ApplicationModule,eventBusPoster,1,0,0.0,1,1.0,0,0,2,0,3,0,1,0,0.0,0,0,0,1,0.0,1,2.0,0,0,0.0,0,0.0,0.15789473684210525,104,78,0.0,19,0,0,0,0,19,1,0,0,0,0,0,0,0,0,0,21,1.0,21,1.105263157894737,19,0,0,0,19,0,0,19,2,1,0,0,0,0,0,21,21,14,624,525,5,0,1,62,1.263157894736842,25,1,294,70,164,23,9210
2025-07-11,argo,com.techyourchance.android.common.dependencyinjection.application,ApplicationModule,eventBusSubscriber,1,0,0.0,1,1.0,0,0,2,0,3,0,1,0,0.0,0,0,0,1,0.0,1,2.0,0,0,0.0,0,0.0,0.15789473684210525,104,78,0.0,19,0,0,0,0,19,1,0,0,0,0,0,0,0,0,0,21,1.0,21,1.105263157894737,19,0,0,0,19,0,0,19,2,1,0,0,0,0,0,21,21,14,624,525,5,0,1,62,1.263157894736842,25,1,294,70,164,23,9210
2025-07-11,argo,com.techyourchance.android.common.dependencyinjection.application,ApplicationModule,toastsHelper,1,0,0.0,0,0.0,0,0,2,0,3,0,1,0,0.0,0,0,0,1,0.0,0,0.0,1,0,0.0,0,0.0,0.15789473684210525,104,78,0.0,19,0,0,0,0,19,1,0,0,0,0,0,0,0,0,0,21,1.0,21,1.105263157894737,19,0,0,0,19,0,0,19,2,1,0,0,0,0,0,21,21,14,624,525,5,0,1,62,1.263157894736842,25,1,294,70,164,23,9210
2025-07-11,argo,com.techyourchance.android.common.dependencyinjection.application,ApplicationModule,gson,1,0,0.0,0,0.0,0,0,2,0,3,0,1,0,0.0,0,0,0,1,0.0,0,0.0,0,0,0.0,0,0.0,0.15789473684210525,104,78,0.0,19,0,0,0,0,19,1,0,0,0,0,0,0,0,0,0,21,1.0,21,1.105263157894737,19,0,0,0,19,0,0,19,2,1,0,0,0,0,0,21,21,14,624,525,5,0,1,62,1.263157894736842,25,1,294,70,164,23,9210
2025-07-11,argo,com.techyourchance.android.common.dependencyinjection.application,ApplicationModule,retrofitStackoverflow,4,4,0.0,9,0.9091,0,0,2,0,17,1,4,0,0.0,0,0,1,33,0.0,1,3.2,2,1,0.0,0,0.0,0.15789473684210525,104,78,0.0,19,0,0,0,0,19,1,0,0,0,0,0,0,0,0,0,21,1.0,21,1.105263157894737,19,0,0,0,19,0,0,19,2,1,0,0,0,0,0,21,21,14,624,525,5,0,1,62,1.263157894736842,25,1,294,70,164,23,9210
2025-07-11,argo,com.techyourchance.android.common.dependencyinjection.application,ApplicationModule,retrofitTechyourchance,3,2,0.0,2,1.0,0,0,2,0,10,1,3,0,0.0,0,0,0,12,0.0,3,3.4285714285714284,2,0,0.0,0,0.0,0.15789473684210525,104,78,0.0,19,0,0,0,0,19,1,0,0,0,0,0,0,0,0,0,21,1.0,21,1.105263157894737,19,0,0,0,19,0,0,19,2,1,0,0,0,0,0,21,21,14,624,525,5,0,1,62,1.263157894736842,25,1,294,70,164,23,9210
2025-07-11,argo,com.techyourchance.android.common.dependencyinjection.application,ApplicationModule,stackOverflowApi,1,0,0.0,1,1.0,0,0,2,0,3,0,1,0,0.0,0,0,0,2,0.0,0,3.0,1,0,0.0,0,0.0,0.15789473684210525,104,78,0.0,19,0,0,0,0,19,1,0,0,0,0,0,0,0,0,0,21,1.0,21,1.105263157894737,19,0,0,0,19,0,0,19,2,1,0,0,0,0,0,21,21,14,624,525,5,0,1,62,1.263157894736842,25,1,294,70,164,23,9210
2025-07-11,argo,com.techyourchance.android.common.dependencyinjection.application,ApplicationModule,techyourchanceApi,1,0,0.0,1,1.0,0,0,2,0,3,0,1,0,0.0,0,0,0,2,0.0,0,3.0,1,0,0.0,0,0.0,0.15789473684210525,104,78,0.0,19,0,0,0,0,19,1,0,0,0,0,0,0,0,0,0,21,1.0,21,1.105263157894737,19,0,0,0,19,0,0,19,2,1,0,0,0,0,0,21,21,14,624,525,5,0,1,62,1.263157894736842,25,1,294,70,164,23,9210
2025-07-11,argo,com.techyourchance.android.common.dependencyinjection.application,ApplicationModule,biometricManager,1,0,0.0,1,1.0,0,0,2,0,3,0,1,0,0.0,0,0,0,1,0.0,1,2.0,1,0,0.0,0,0.0,0.15789473684210525,104,78,0.0,19,0,0,0,0,19,1,0,0,0,0,0,0,0,0,0,21,1.0,21,1.105263157894737,19,0,0,0,19,0,0,19,2,1,0,0,0,0,0,21,21,14,624,525,5,0,1,62,1.263157894736842,25,1,294,70,164,23,9210
2025-07-11,argo,com.techyourchance.android.common.dependencyinjection.application,ApplicationModule,ndkManager,1,0,0.0,0,0.0,0,0,2,0,3,0,1,0,0.0,0,0,0,1,0.0,0,0.0,0,0,0.0,0,0.0,0.15789473684210525,104,78,0.0,19,0,0,0,0,19,1,0,0,0,0,0,0,0,0,0,21,1.0,21,1.105263157894737,19,0,0,0,19,0,0,19,2,1,0,0,0,0,0,21,21,14,624,525,5,0,1,62,1.263157894736842,25,1,294,70,164,23,9210
2025-07-11,argo,com.techyourchance.android.common.dependencyinjection.application,ApplicationModule,foregroundServiceStateManager,1,0,0.0,0,0.0,0,0,2,0,3,0,1,0,0.0,0,0,0,1,0.0,0,0.0,0,0,0.0,0,0.0,0.15789473684210525,104,78,0.0,19,0,0,0,0,19,1,0,0,0,0,0,0,0,0,0,21,1.0,21,1.105263157894737,19,0,0,0,19,0,0,19,2,1,0,0,0,0,0,21,21,14,624,525,5,0,1,62,1.263157894736842,25,1,294,70,164,23,9210
2025-07-11,argo,com.techyourchance.android.common.dependencyinjection.application,ApplicationModule,workManager,1,0,0.0,1,1.0,0,0,2,0,3,0,1,0,0.0,0,0,0,1,0.0,1,2.0,1,0,0.0,0,0.0,0.15789473684210525,104,78,0.0,19,0,0,0,0,19,1,0,0,0,0,0,0,0,0,0,21,1.0,21,1.105263157894737,19,0,0,0,19,0,0,19,2,1,0,0,0,0,0,21,21,14,624,525,5,0,1,62,1.263157894736842,25,1,294,70,164,23,9210
2025-07-11,argo,com.techyourchance.android.common.dependencyinjection.application,ApplicationModule,myWorkerManager,1,0,0.0,0,0.0,0,0,2,0,3,0,1,0,0.0,0,0,0,1,0.0,0,0.0,2,0,0.0,0,0.0,0.15789473684210525,104,78,0.0,19,0,0,0,0,19,1,0,0,0,0,0,0,0,0,0,21,1.0,21,1.105263157894737,19,0,0,0,19,0,0,19,2,1,0,0,0,0,0,21,21,14,624,525,5,0,1,62,1.263157894736842,25,1,294,70,164,23,9210
2025-07-11,argo,com.techyourchance.android.common.dependencyinjection.application,ApplicationModule,notificationManager,1,0,0.0,1,1.0,0,0,2,0,3,0,1,1,0.0,0,0,0,2,0.0,0,3.0,1,0,0.0,0,0.0,0.15789473684210525,104,78,0.0,19,0,0,0,0,19,1,0,0,0,0,0,0,0,0,0,21,1.0,21,1.105263157894737,19,0,0,0,19,0,0,19,2,1,0,0,0,0,0,21,21,14,624,525,5,0,1,62,1.263157894736842,25,1,294,70,164,23,9210
2025-07-11,argo,com.techyourchance.android.common.dependencyinjection.application,ApplicationModule,dateTimeProviderImpl,1,0,0.0,0,0.0,0,0,2,0,3,0,1,0,0.0,0,0,0,1,0.0,0,0.0,0,0,0.0,0,0.0,0.15789473684210525,104,78,0.0,19,0,0,0,0,19,1,0,0,0,0,0,0,0,0,0,21,1.0,21,1.105263157894737,19,0,0,0,19,0,0,19,2,1,0,0,0,0,0,21,21,14,624,525,5,0,1,62,1.263157894736842,25,1,294,70,164,23,9210
2025-07-11,argo,com.techyourchance.android.common.dependencyinjection.application,ApplicationModule,overlayManager,1,0,0.0,0,0.0,0,0,2,0,3,0,1,0,0.0,0,0,0,1,0.0,0,0.0,1,0,0.0,0,0.0,0.15789473684210525,104,78,0.0,19,0,0,0,0,19,1,0,0,0,0,0,0,0,0,0,21,1.0,21,1.105263157894737,19,0,0,0,19,0,0,19,2,1,0,0,0,0,0,21,21,14,624,525,5,0,1,62,1.263157894736842,25,1,294,70,164,23,9210
2025-07-11,argo,com.techyourchance.android.common.dependencyinjection.application,DatabaseModule,myDatabase,1,0,0.0,0,0.0,0,0,1,0,3,0,1,0,0.0,0,0,0,1,0.0,0,0.0,2,0,0.0,0,0.0,0.0,9,6,0.0,2,0,0,0,0,4,0,0,0,0,0,0,0,0,0,0,2,1.0,2,1.0,2,0,0,0,2,0,0,2,0,1,0,0,0,0,0,2,2,14,624,525,5,0,0,1,1.0,25,1,294,70,164,23,9210
2025-07-11,argo,com.techyourchance.android.common.dependencyinjection.application,DatabaseModule,backgroundTasksMemoryDao,1,0,0.0,0,0.0,0,0,1,0,3,0,1,1,0.0,0,0,0,0,0.0,0,2.0,1,0,0.0,0,0.0,0.0,9,6,0.0,2,0,0,0,0,4,0,0,0,0,0,0,0,0,0,0,2,1.0,2,1.0,2,0,0,0,2,0,0,2,0,1,0,0,0,0,0,2,2,14,624,525,5,0,0,1,1.0,25,1,294,70,164,23,9210
2025-07-11,argo,com.techyourchance.android.common.dependencyinjection.application,SettingsModule,sharedPrefs,1,0,0.0,1,1.0,0,1,1,0,3,0,1,0,0.0,0,0,0,3,0.0,0,2.5,1,0,0.0,0,0.0,0.5,10,3,0.0,2,0,0,0,0,4,0,0,0,0,0,0,0,0,0,0,2,1.0,2,1.0,2,0,0,0,2,0,0,2,0,1,0,0,0,0,0,2,2,14,624,525,5,0,0,5,1.0,25,1,294,70,164,23,9210
2025-07-11,argo,com.techyourchance.android.common.dependencyinjection.application,SettingsModule,settingsManager,1,1,0.0,0,0.0,0,1,1,0,4,0,1,0,0.0,0,0,0,2,0.0,0,0.0,2,0,0.0,0,0.0,0.5,10,3,0.0,2,0,0,0,0,4,0,0,0,0,0,0,0,0,0,0,2,1.0,2,1.0,2,0,0,0,2,0,0,2,0,1,0,0,0,0,0,2,2,14,624,525,5,0,0,5,1.0,25,1,294,70,164,23,9210
2025-07-11,argo,com.techyourchance.android.common.dependencyinjection.controller,ControllerModule,dialogsNavigator,1,0,0.0,0,0.0,0,0,1,0,3,0,1,0,0.0,0,0,0,1,0.0,0,0.0,2,0,0.0,0,0.0,0.0,13,9,0.0,3,0,0,0,0,5,0,0,0,0,0,0,0,0,0,0,3,1.0,3,1.0,3,0,0,0,3,0,0,3,1,1,0,0,0,0,0,3,3,14,624,525,3,0,0,1,1.0,29,1,115,70,164,4,9210
2025-07-11,argo,com.techyourchance.android.common.dependencyinjection.controller,ControllerModule,activityResultCaller,1,0,0.0,0,0.0,0,0,1,0,3,0,1,1,0.0,0,0,0,0,0.0,0,0.0,0,0,0.0,0,0.0,0.0,13,9,0.0,3,0,0,0,0,5,0,0,0,0,0,0,0,0,0,0,3,1.0,3,1.0,3,0,0,0,3,0,0,3,1,1,0,0,0,0,0,3,3,14,624,525,3,0,0,1,1.0,29,1,115,70,164,4,9210
2025-07-11,argo,com.techyourchance.android.common.dependencyinjection.controller,ControllerModule,savedStateRegistryOwner,1,0,0.0,0,0.0,0,0,1,0,3,0,1,1,0.0,0,0,0,0,0.0,0,0.0,0,0,0.0,0,0.0,0.0,13,9,0.0,3,0,0,0,0,5,0,0,0,0,0,0,0,0,0,0,3,1.0,3,1.0,3,0,0,0,3,0,0,3,1,1,0,0,0,0,0,3,3,14,624,525,3,0,0,1,1.0,29,1,115,70,164,4,9210
2025-07-11,argo,com.techyourchance.android.common.dependencyinjection.controller,ViewMvcModule,layoutInflater,1,0,0.0,1,1.0,0,0,1,0,3,0,1,0,0.0,0,0,0,1,0.0,1,2.0,1,0,0.0,0,0.0,0.0,5,3,0.0,1,0,0,0,0,2,0,0,0,0,0,0,0,0,0,0,1,0.0,1,1.0,1,0,0,0,1,0,0,1,0,1,0,0,0,0,0,1,1,14,624,525,3,0,0,1,1.0,29,1,115,70,164,4,9210
2025-07-11,argo,com.techyourchance.android.common.dependencyinjection.service,ServiceModule,context,1,0,0.0,0,0.0,0,0,1,0,3,0,1,1,0.0,0,0,0,0,0.0,0,0.0,0,0,0.0,0,0.0,0.0,13,9,0.0,3,0,0,0,0,3,0,0,0,0,0,0,0,0,0,0,3,0.6666666666666667,3,1.0,3,0,0,0,3,0,0,3,0,1,0,0,0,0,0,3,3,14,624,525,2,0,0,2,1.0,5,1,38,70,164,3,9210
2025-07-11,argo,com.techyourchance.android.common.dependencyinjection.service,ServiceModule,service,1,0,0.0,0,0.0,0,0,1,0,3,0,1,1,0.0,0,0,0,0,0.0,0,0.0,0,0,0.0,0,0.0,0.0,13,9,0.0,3,0,0,0,0,3,0,0,0,0,0,0,0,0,0,0,3,0.6666666666666667,3,1.0,3,0,0,0,3,0,0,3,0,1,0,0,0,0,0,3,3,14,624,525,2,0,0,2,1.0,5,1,38,70,164,3,9210
2025-07-11,argo,com.techyourchance.android.common.dependencyinjection.service,ServiceModule,windowManager,1,0,0.0,1,1.0,0,0,1,0,3,0,1,1,0.0,0,0,0,2,0.0,0,3.0,1,0,0.0,0,0.0,0.0,13,9,0.0,3,0,0,0,0,3,0,0,0,0,0,0,0,0,0,0,3,0.6666666666666667,3,1.0,3,0,0,0,3,0,0,3,0,1,0,0,0,0,0,3,3,14,624,525,2,0,0,2,1.0,5,1,38,70,164,3,9210
2025-07-11,argo,com.techyourchance.android.common.device,DeviceOsInfoProvider,isAtLeastApi33,1,0,0.0,0,0.0,0,2,1,0,3,0,1,0,0.0,0,0,0,0,0.0,0,3.0,0,0,0.0,0,0.0,1.0,9,0,0.0,2,0,0,0,0,1,0,0,0,0,0,0,0,0,0,0,2,0.0,2,1.0,2,0,0,0,2,0,0,2,0,1,0,0,0,0,0,2,2,14,624,525,3,0,0,0,1.0,0,0,46,70,164,3,9210
2025-07-11,argo,com.techyourchance.android.common.device,DeviceOsInfoProvider,isAtLeastApi31,1,0,0.0,0,0.0,0,2,1,0,3,0,1,0,0.0,0,0,0,0,0.0,0,3.0,0,0,0.0,0,0.0,1.0,9,0,0.0,2,0,0,0,0,1,0,0,0,0,0,0,0,0,0,0,2,0.0,2,1.0,2,0,0,0,2,0,0,2,0,1,0,0,0,0,0,2,2,14,624,525,3,0,0,0,1.0,0,0,46,70,164,3,9210
2025-07-11,argo,com.techyourchance.android.common.device,DeviceScreenMetricsProvider,getScreenMetrics,1,3,0.0,3,1.0,0,1,1,0,7,0,1,0,0.0,0,0,1,10,0.0,1,2.4285714285714284,0,1,0.0,0,0.0,1.0,9,0,0.0,1,0,0,0,0,1,1,0,0,0,0,0,0,0,0,0,1,0.0,1,1.0,1,0,0,0,1,0,0,1,0,1,0,0,0,0,0,1,1,14,624,525,3,0,1,10,1.0,0,0,46,70,164,3,9210
2025-07-11,argo,com.techyourchance.android.common.eventbus,EventBusPoster,post,1,0,0.0,0,0.0,0,0,1,0,3,0,1,0,0.0,1,0,1,1,0.0,1,2.0,1,1,0.0,0,0.0,0.0,9,6,0.0,2,0,0,0,0,1,1,0,0,0,0,0,0,0,0,0,2,1.0,2,1.0,2,0,0,0,2,0,0,2,0,1,0,0,0,0,0,2,2,14,624,525,2,0,2,2,1.0,4,0,28,70,164,4,9210
2025-07-11,argo,com.techyourchance.android.common.eventbus,EventBusPoster,postSticky,1,0,0.0,0,0.0,0,0,1,0,3,0,1,0,0.0,1,0,1,1,0.0,1,2.0,1,1,0.0,0,0.0,0.0,9,6,0.0,2,0,0,0,0,1,1,0,0,0,0,0,0,0,0,0,2,1.0,2,1.0,2,0,0,0,2,0,0,2,0,1,0,0,0,0,0,2,2,14,624,525,2,0,2,2,1.0,4,0,28,70,164,4,9210
2025-07-11,argo,com.techyourchance.android.common.eventbus,EventBusSubscriber,register,1,0,0.0,0,0.0,0,0,1,0,3,0,1,0,0.0,1,0,1,1,0.0,1,2.0,1,1,0.0,0,0.0,0.0,9,6,0.0,2,0,0,0,0,1,1,0,0,0,0,0,0,0,0,0,2,1.0,2,1.0,2,0,0,0,2,0,0,2,0,1,0,0,0,0,0,2,2,14,624,525,2,0,2,2,1.0,4,0,28,70,164,4,9210
2025-07-11,argo,com.techyourchance.android.common.eventbus,EventBusSubscriber,unregister,1,0,1.0,0,0.0,0,0,1,0,3,0,1,0,0.0,1,0,1,1,0.0,1,2.0,1,1,0.0,0,0.0,0.0,9,6,0.0,2,0,0,0,0,1,1,0,0,0,0,0,0,0,0,0,2,1.0,2,1.0,2,0,0,0,2,0,0,2,0,1,0,0,0,0,0,2,2,14,624,525,2,0,2,2,1.0,4,0,28,70,164,4,9210
2025-07-11,argo,com.techyourchance.android.common.imageloader,ImageLoaderImpl,loadImage,1,0,0.0,1,1.0,0,0,1,0,3,0,1,0,0.3333333333333333,0,1,1,4,0.5,4,5.0,2,1,0.0,0,0.16666666666666666,0.5,32,25,0.0,4,1,4,1,0,4,1,0,1,0,0,1,0,0,0,0,4,0.8333333333333334,4,1.0,4,4,1,0,4,0,0,4,4,1,0,0,0,0,0,6,6,14,624,525,3,0,2,19,1.0,8,1,148,70,164,5,9210
2025-07-11,argo,com.techyourchance.android.common.imageloader,ImageLoaderImpl,loadImage,1,1,0.0,2,1.0,0,0,1,0,4,0,1,0,0.2,0,1,1,9,0.2,3,5.5,4,1,0.0,0,0.16666666666666666,0.5,32,25,0.0,4,1,4,1,0,4,1,0,1,0,0,1,0,0,0,0,4,0.8333333333333334,4,1.0,4,4,1,0,4,0,0,4,4,1,0,0,0,0,0,6,6,14,624,525,3,0,2,19,1.0,8,1,148,70,164,5,9210
2025-07-11,argo,com.techyourchance.android.common.imageloader,ImageLoaderImpl,loadImage,1,0,0.0,5,0.8,0,0,1,0,14,0,1,0,0.125,0,1,1,11,0.33,2,2.8,3,1,0.0,0,0.16666666666666666,0.5,32,25,0.0,4,1,4,1,0,4,1,0,1,0,0,1,0,0,0,0,4,0.8333333333333334,4,1.0,4,4,1,0,4,0,0,4,4,1,0,0,0,0,0,6,6,14,624,525,3,0,2,19,1.0,8,1,148,70,164,5,9210
2025-07-11,argo,com.techyourchance.android.common.imageloader,ImageLoaderImpl,loadImageCircular,1,1,0.0,2,1.0,0,0,1,0,4,0,1,0,0.2,0,1,1,8,0.2,4,5.0,4,1,0.0,0,0.16666666666666666,0.5,32,25,0.0,4,1,4,1,0,4,1,0,1,0,0,1,0,0,0,0,4,0.8333333333333334,4,1.0,4,4,1,0,4,0,0,4,4,1,0,0,0,0,0,6,6,14,624,525,3,0,2,19,1.0,8,1,148,70,164,5,9210
2025-07-11,argo,com.techyourchance.android.common.imageloader,ResourcesToUriConverter,getUriForResource,1,0,0.0,1,1.0,0,1,1,1,3,0,1,0,0.0,0,0,0,10,0.0,0,11.0,1,0,0.0,0,0.0,0.0,5,0,0.0,1,0,0,0,0,2,0,0,0,0,0,0,0,0,0,0,1,0.0,1,1.0,1,0,0,0,1,0,0,1,0,1,0,0,0,0,0,1,1,14,624,525,3,0,0,10,1.0,8,1,148,70,164,5,9210
2025-07-11,argo,com.techyourchance.android.common.logs,TimberDebugTree,createStackElementTag,1,1,0.0,1,1.0,0,0,1,0,4,0,1,0,0.0,1,0,0,6,0.0,1,3.25,1,0,0.0,0,0.0,0.5,10,7,0.0,2,0,2,1,0,5,0,0,0,0,0,0,0,0,0,0,2,1.0,2,1.0,2,2,0,0,2,0,0,2,1,1,0,0,0,0,0,2,2,14,624,525,2,0,0,8,1.0,3,0,88,70,164,2,9210
2025-07-11,argo,com.techyourchance.android.common.logs,TimberDebugTree,log,1,0,0.0,0,0.0,0,0,1,0,3,0,1,0,0.0,1,0,0,2,0.0,0,2.5,4,0,0.0,0,0.0,0.5,10,7,0.0,2,0,2,1,0,5,0,0,0,0,0,0,0,0,0,0,2,1.0,2,1.0,2,2,0,0,2,0,0,2,1,1,0,0,0,0,0,2,2,14,624,525,2,0,0,8,1.0,3,0,88,70,164,2,9210
2025-07-11,argo,com.techyourchance.android.common.maths,LinearFitCalculator,calculateLinearFit,3,7,0.0,1,1.0,0,0,1,0,19,1,3,0,0.0,0,0,0,5,0.0,1,2.0,1,0,0.0,0,0.0,1.0,21,19,0.0,1,0,0,0,0,2,0,0,0,0,0,0,0,0,0,0,3,0.0,3,3.0,1,0,0,0,1,0,0,1,0,1,0,0,0,0,0,1,1,14,624,525,3,0,0,5,3.0,4,0,97,70,164,5,9210
2025-07-11,argo,com.techyourchance.android.common.permissions,PermissionsHelperImpl,hasPermission,1,0,0.0,1,1.0,0,0,1,0,3,0,1,0,0.0,0,0,0,3,0.0,0,2.0,1,0,0.0,0,0.0,0.8571428571428571,67,59,0.42857142857142855,7,0,5,1,0,7,2,0,0,0,0,0,0,0,0,0,15,0.8095238095238095,15,2.142857142857143,7,5,0,0,5,2,0,5,0,1,0,0,0,0,0,7,7,14,624,525,4,0,3,26,2.2857142857142856,14,2,153,70,164,7,9210
2025-07-11,argo,com.techyourchance.android.common.permissions,PermissionsHelperImpl,hasAllPermissions,3,0,1.0,0,0.0,0,0,1,0,8,2,3,0,0.0,1,0,0,2,0.0,0,0.0,1,0,0.0,0,0.0,0.8571428571428571,67,59,0.42857142857142855,7,0,5,1,0,7,2,0,0,0,0,0,0,0,0,0,15,0.8095238095238095,15,2.142857142857143,7,5,0,0,5,2,0,5,0,1,0,0,0,0,0,7,7,14,624,525,4,0,3,26,2.2857142857142856,14,2,153,70,164,7,9210
2025-07-11,argo,com.techyourchance.android.common.permissions,PermissionsHelperImpl,requestPermission,1,0,0.0,1,1.0,0,0,1,0,3,0,1,0,0.0,0,0,1,2,0.0,0,2.0,2,1,0.0,0,0.0,0.8571428571428571,67,59,0.42857142857142855,7,0,5,1,0,7,2,0,0,0,0,0,0,0,0,0,15,0.8095238095238095,15,2.142857142857143,7,5,0,0,5,2,0,5,0,1,0,0,0,0,0,7,7,14,624,525,4,0,3,26,2.2857142857142856,14,2,153,70,164,7,9210
2025-07-11,argo,com.techyourchance.android.common.permissions,PermissionsHelperImpl,requestAllPermissions,2,1,0.0,3,1.0,0,0,1,0,7,1,2,0,0.0,0,0,1,3,0.0,1,2.0,2,1,0.0,0,0.0,0.8571428571428571,67,59,0.42857142857142855,7,0,5,1,0,7,2,0,0,0,0,0,0,0,0,0,15,0.8095238095238095,15,2.142857142857143,7,5,0,0,5,2,0,5,0,1,0,0,0,0,0,7,7,14,624,525,4,0,3,26,2.2857142857142856,14,2,153,70,164,7,9210
2025-07-11,argo,com.techyourchance.android.common.permissions,PermissionsHelperImpl,onRequestPermissionsResult,5,6,2.0,6,1.0,0,0,1,0,28,2,5,2,0.0,2,0,1,12,0.0,2,2.0,3,1,0.0,0,0.0,0.8571428571428571,67,59,0.42857142857142855,7,0,5,1,0,7,2,0,0,0,0,0,0,0,0,0,15,0.8095238095238095,15,2.142857142857143,7,5,0,0,5,2,0,5,0,1,0,0,0,0,0,7,7,14,624,525,4,0,3,26,2.2857142857142856,14,2,153,70,164,7,9210
2025-07-11,argo,com.techyourchance.android.common.permissions,PermissionsHelperImpl,notifyPermissionsResult,2,0,1.0,0,0.0,0,0,1,0,5,1,2,0,0.0,1,0,0,2,0.0,1,2.0,2,0,0.0,0,0.0,0.8571428571428571,67,59,0.42857142857142855,7,0,5,1,0,7,2,0,0,0,0,0,0,0,0,0,15,0.8095238095238095,15,2.142857142857143,7,5,0,0,5,2,0,5,0,1,0,0,0,0,0,7,7,14,624,525,4,0,3,26,2.2857142857142856,14,2,153,70,164,7,9210
2025-07-11,argo,com.techyourchance.android.common.permissions,PermissionsHelperImpl,notifyPermissionsRequestCancelled,2,0,0.0,1,1.0,0,0,1,0,5,1,2,0,0.0,0,0,0,2,0.0,1,2.0,1,0,0.0,0,0.0,0.8571428571428571,67,59,0.42857142857142855,7,0,5,1,0,7,2,0,0,0,0,0,0,0,0,0,15,0.8095238095238095,15,2.142857142857143,7,5,0,0,5,2,0,5,0,1,0,0,0,0,0,7,7,14,624,525,4,0,3,26,2.2857142857142856,14,2,153,70,164,7,9210
2025-07-11,argo,com.techyourchance.android.common.random,RandomStringsGenerator,getRandomAlphanumericString,1,0,0.0,0,0.0,0,3,1,0,3,0,1,1,0.0,1,0,0,1,0.0,0,0.0,1,0,0.0,0,0.0,0.3333333333333333,29,0,0.0,3,0,0,0,0,2,0,0,4,0,0,4,4,4,0,0,4,0.0,4,1.3333333333333333,3,0,0,0,2,1,0,2,1,1,0,0,0,0,0,3,3,14,624,525,1,0,0,10,1.3333333333333333,0,0,39,70,164,3,9210
2025-07-11,argo,com.techyourchance.android.common.random,RandomStringsGenerator,getRandomNumericString,1,0,0.0,0,0.0,0,3,1,0,3,0,1,1,0.0,1,0,0,1,0.0,0,0.0,1,0,0.0,0,0.0,0.3333333333333333,29,0,0.0,3,0,0,0,0,2,0,0,4,0,0,4,4,4,0,0,4,0.0,4,1.3333333333333333,3,0,0,0,2,1,0,2,1,1,0,0,0,0,0,3,3,14,624,525,1,0,0,10,1.3333333333333333,0,0,39,70,164,3,9210
2025-07-11,argo,com.techyourchance.android.common.random,RandomStringsGenerator,getRandomStringFromAlphabet,2,2,0.0,3,1.0,0,3,1,0,9,1,2,0,0.0,0,0,0,8,0.0,1,2.5,2,0,0.0,0,0.0,0.3333333333333333,29,0,0.0,3,0,0,0,0,2,0,0,4,0,0,4,4,4,0,0,4,0.0,4,1.3333333333333333,3,0,0,0,2,1,0,2,1,1,0,0,0,0,0,3,3,14,624,525,1,0,0,10,1.3333333333333333,0,0,39,70,164,3,9210
2025-07-11,argo,com.techyourchance.android.common.restart,RestartAppUseCase,restartApp,1,1,0.0,3,1.0,0,0,1,1,6,0,1,0,0.0,0,0,3,6,0.0,1,2.25,0,3,0.0,0,0.0,1.0,16,13,0.0,2,0,0,0,0,1,3,0,0,0,0,0,0,0,0,0,2,0.0,2,1.0,2,0,0,0,2,0,0,2,0,1,0,0,0,0,0,2,2,14,624,525,1,0,6,14,1.0,2,0,32,70,164,2,9210
2025-07-11,argo,com.techyourchance.android.common.restart,RestartAppUseCase,restartAppOnScreen,1,1,0.0,4,0.75,0,0,1,1,7,0,1,0,0.0,0,0,3,8,0.0,1,2.4,1,3,0.0,0,0.0,1.0,16,13,0.0,2,0,0,0,0,1,3,0,0,0,0,0,0,0,0,0,2,0.0,2,1.0,2,0,0,0,2,0,0,2,0,1,0,0,0,0,0,2,2,14,624,525,1,0,6,14,1.0,2,0,32,70,164,2,9210
2025-07-11,argo,com.techyourchance.android.common.settings,SettingsManager,exampleBooleanSetting,1,0,0.0,1,1.0,0,0,1,0,3,0,1,0,0.0,0,0,0,2,0.0,0,3.0,0,0,0.0,0,0.0,0.2,51,33,0.0,5,0,0,0,0,4,0,0,5,0,0,5,5,5,0,0,6,0.8,6,1.2,5,0,0,0,5,0,0,5,0,1,0,0,0,0,0,8,8,14,624,525,1,0,0,20,1.2,5,0,60,70,164,5,9210
2025-07-11,argo,com.techyourchance.android.common.settings,SettingsManager,authToken,1,0,0.0,1,1.0,0,0,1,0,3,0,1,0,0.0,0,0,0,2,0.0,0,3.0,0,0,0.0,0,0.0,0.2,51,33,0.0,5,0,0,0,0,4,0,0,5,0,0,5,5,5,0,0,6,0.8,6,1.2,5,0,0,0,5,0,0,5,0,1,0,0,0,0,0,8,8,14,624,525,1,0,0,20,1.2,5,0,60,70,164,5,9210
2025-07-11,argo,com.techyourchance.android.common.settings,SettingsManager,myWorkerConfig,2,2,0.0,6,0.8333,0,0,1,0,21,1,2,0,0.0,0,0,0,12,0.0,1,2.111111111111111,0,0,0.0,0,0.0,0.2,51,33,0.0,5,0,0,0,0,4,0,0,5,0,0,5,5,5,0,0,6,0.8,6,1.2,5,0,0,0,5,0,0,5,0,1,0,0,0,0,0,8,8,14,624,525,1,0,0,20,1.2,5,0,60,70,164,5,9210
2025-07-11,argo,com.techyourchance.android.common.settings,SettingsManager,lastApkVersionCheckTimestamp,1,0,0.0,1,1.0,0,0,1,0,3,0,1,0,0.0,0,0,0,2,0.0,0,3.0,0,0,0.0,0,0.0,0.2,51,33,0.0,5,0,0,0,0,4,0,0,5,0,0,5,5,5,0,0,6,0.8,6,1.2,5,0,0,0,5,0,0,5,0,1,0,0,0,0,0,8,8,14,624,525,1,0,0,20,1.2,5,0,60,70,164,5,9210
2025-07-11,argo,com.techyourchance.android.common.settings,SettingsManager,stackedCardAnimationUseCompose,1,0,0.0,1,1.0,0,0,1,0,3,0,1,0,0.0,0,0,0,2,0.0,0,3.0,0,0,0.0,0,0.0,0.2,51,33,0.0,5,0,0,0,0,4,0,0,5,0,0,5,5,5,0,0,6,0.8,6,1.2,5,0,0,0,5,0,0,5,0,1,0,0,0,0,0,8,8,14,624,525,1,0,0,20,1.2,5,0,60,70,164,5,9210
2025-07-11,argo,com.techyourchance.android.common.toasts,ToastsHelper,showToast,1,0,0.0,1,1.0,0,0,1,0,3,0,1,1,0.0,0,0,1,3,0.0,0,2.5,1,1,0.0,0,0.0,0.0,13,9,0.0,3,0,0,0,0,2,2,0,0,0,0,0,0,0,0,0,3,0.6666666666666667,3,1.0,3,0,0,0,2,1,0,2,0,1,0,0,0,0,0,4,4,14,624,525,1,0,3,10,1.0,3,0,33,70,164,3,9210
2025-07-11,argo,com.techyourchance.android.common.toasts,ToastsHelper,showToastLong,1,0,0.0,1,1.0,0,0,1,0,3,0,1,1,0.0,0,0,1,3,0.0,0,2.5,1,1,0.0,0,0.0,0.0,13,9,0.0,3,0,0,0,0,2,2,0,0,0,0,0,0,0,0,0,3,0.6666666666666667,3,1.0,3,0,0,0,2,1,0,2,0,1,0,0,0,0,0,4,4,14,624,525,1,0,3,10,1.0,3,0,33,70,164,3,9210
2025-07-11,argo,com.techyourchance.android.common.toasts,ToastsHelper,executeOnUiThread,1,0,0.0,1,1.0,0,0,1,0,3,0,1,0,0.0,0,0,1,4,0.0,0,3.0,1,1,0.0,0,0.0,0.0,13,9,0.0,3,0,0,0,0,2,2,0,0,0,0,0,0,0,0,0,3,0.6666666666666667,3,1.0,3,0,0,0,2,1,0,2,0,1,0,0,0,0,0,4,4,14,624,525,1,0,3,10,1.0,3,0,33,70,164,3,9210
2025-07-11,argo,com.techyourchance.android.ndk,NdkManager,computeFibonacci,1,0,1.0,1,1.0,0,0,1,0,3,0,1,2,0.0,1,0,0,1,0.0,1,2.0,1,0,0.0,0,0.0,0.0,13,3,0.5,2,0,0,0,0,2,0,0,0,0,0,0,0,0,0,0,1,0.0,1,1.0,2,0,0,0,1,1,0,1,0,1,0,0,0,0,0,2,2,14,624,525,2,0,0,1,1.0,2,0,27,70,164,2,9210
2025-07-11,argo,com.techyourchance.android.ndk,NdkManager,computeFibonacciNative,0,0,0.0,0,0.0,0,0,1,0,0,0,0,0,0.0,0,0,0,0,0.0,0,0.0,1,0,0.0,0,0.0,0.0,13,3,0.5,2,0,0,0,0,2,0,0,0,0,0,0,0,0,0,0,1,0.0,1,1.0,2,0,0,0,1,1,0,1,0,1,0,0,0,0,0,2,2,14,624,525,2,0,0,1,1.0,2,0,27,70,164,2,9210
2025-07-11,argo,com.techyourchance.android.overlay,ComposeOverlayService,onCreate,1,0,0.0,4,0.75,1,1,1,0,7,0,1,0,1.0,1,2,1,6,4.0,1,2.4,0,1,0.0,0,0.2857142857142857,0.7142857142857143,100,53,0.3333333333333333,7,9,4,1,0,5,7,0,6,0,0,8,2,2,3,0,11,0.8571428571428572,11,1.5714285714285714,7,4,9,0,4,3,0,4,1,1,0,0,2,0,2,7,9,14,624,525,2,0,5,47,1.5714285714285714,8,0,197,70,164,11,9210
2025-07-11,argo,com.techyourchance.android.overlay,ComposeOverlayService,onBind,1,0,0.0,0,0.0,1,1,1,0,3,0,1,0,0.0,0,0,0,1,0.0,0,0.0,1,0,0.0,0,0.2857142857142857,0.7142857142857143,100,53,0.3333333333333333,7,9,4,1,0,5,7,0,6,0,0,8,2,2,3,0,11,0.8571428571428572,11,1.5714285714285714,7,4,9,0,4,3,0,4,1,1,0,0,2,0,2,7,9,14,624,525,2,0,5,47,1.5714285714285714,8,0,197,70,164,11,9210
2025-07-11,argo,com.techyourchance.android.overlay,ComposeOverlayService,onStartCommand,3,0,2.0,1,1.0,1,1,1,0,9,1,3,2,0.0,2,0,0,1,0.0,1,2.0,3,0,0.0,0,0.2857142857142857,0.7142857142857143,100,53,0.3333333333333333,7,9,4,1,0,5,7,0,6,0,0,8,2,2,3,0,11,0.8571428571428572,11,1.5714285714285714,7,4,9,0,4,3,0,4,1,1,0,0,2,0,2,7,9,14,624,525,2,0,5,47,1.5714285714285714,8,0,197,70,164,11,9210
2025-07-11,argo,com.techyourchance.android.overlay,ComposeOverlayService,onDestroy,1,0,1.0,1,1.0,1,1,1,0,5,0,1,1,1.0,2,1,1,3,2.0,1,3.0,0,1,0.0,0,0.2857142857142857,0.7142857142857143,100,53,0.3333333333333333,7,9,4,1,0,5,7,0,6,0,0,8,2,2,3,0,11,0.8571428571428572,11,1.5714285714285714,7,4,9,0,4,3,0,4,1,1,0,0,2,0,2,7,9,14,624,525,2,0,5,47,1.5714285714285714,8,0,197,70,164,11,9210
2025-07-11,argo,com.techyourchance.android.overlay,ComposeOverlayService,showOverlay,2,0,0.0,6,1.0,1,1,1,0,17,1,2,1,1.0,2,4,2,21,5.0,1,2.8181818181818183,0,1,0.0,0,0.2857142857142857,0.7142857142857143,100,53,0.3333333333333333,7,9,4,1,0,5,7,0,6,0,0,8,2,2,3,0,11,0.8571428571428572,11,1.5714285714285714,7,4,9,0,4,3,0,4,1,1,0,0,2,0,2,7,9,14,624,525,2,0,5,47,1.5714285714285714,8,0,197,70,164,11,9210
2025-07-11,argo,com.techyourchance.android.overlay,ComposeOverlayService,hideOverlay,2,0,0.0,4,1.0,1,1,1,0,12,1,2,0,1.0,1,4,1,8,5.0,1,2.6666666666666665,0,1,0.0,0,0.2857142857142857,0.7142857142857143,100,53,0.3333333333333333,7,9,4,1,0,5,7,0,6,0,0,8,2,2,3,0,11,0.8571428571428572,11,1.5714285714285714,7,4,9,0,4,3,0,4,1,1,0,0,2,0,2,7,9,14,624,525,2,0,5,47,1.5714285714285714,8,0,197,70,164,11,9210
2025-07-11,argo,com.techyourchance.android.overlay,ComposeOverlayService,hideOverlay,1,4,0.0,1,1.0,1,1,1,0,3,0,1,0,0.0,0,0,0,7,0.0,0,3.0,0,0,0.0,0,0.2857142857142857,0.7142857142857143,100,53,0.3333333333333333,7,9,4,1,0,5,7,0,6,0,0,8,2,2,3,0,11,0.8571428571428572,11,1.5714285714285714,7,4,9,0,4,3,0,4,1,1,0,0,2,0,2,7,9,14,624,525,2,1,5,47,1.5714285714285714,8,0,197,70,164,11,9210
2025-07-11,argo,com.techyourchance.android.overlay,OverlayManager,setComposeOverlayShown,2,0,0.0,1,1.0,0,2,2,0,6,1,2,1,0.4,0,1,0,3,1.0,0,2.0,1,0,0.0,0,0.16666666666666666,0.25,26,6,0.0,2,1,0,1,0,1,1,0,1,0,0,0,0,0,1,0,5,0.8333333333333334,5,1.25,4,0,1,0,3,0,0,3,0,1,0,0,0,0,0,5,5,14,624,525,2,0,2,5,1.25,8,0,197,70,164,11,9210
2025-07-11,argo,com.techyourchance.android.overlay,OverlayManager,isComposeOverlayShown,1,0,0.0,0,0.0,0,2,2,0,3,0,1,1,1.0,0,1,0,0,1.0,0,0.0,0,0,0.0,0,0.16666666666666666,0.25,26,6,0.0,2,1,0,1,0,1,1,0,1,0,0,0,0,0,1,0,5,0.8333333333333334,5,1.25,4,0,1,0,3,0,0,3,0,1,0,0,0,0,0,5,5,14,624,525,2,0,2,5,1.25,8,0,197,70,164,11,9210
2025-07-11,argo,com.techyourchance.android.overlay,OverlayManager,showOverlay,1,0,0.0,0,0.0,0,2,2,0,3,0,1,0,0.0,1,0,1,1,0.0,1,2.0,0,1,0.0,0,0.16666666666666666,0.25,26,6,0.0,2,1,0,1,0,1,1,0,1,0,0,0,0,0,1,0,5,0.8333333333333334,5,1.25,4,0,1,0,3,0,0,3,0,1,0,0,0,0,0,5,5,14,624,525,2,0,2,5,1.25,8,0,197,70,164,11,9210
2025-07-11,argo,com.techyourchance.android.overlay,OverlayManager,hideOverlay,1,0,0.0,0,0.0,0,2,2,0,3,0,1,0,0.0,1,0,1,1,0.0,1,2.0,0,1,0.0,0,0.16666666666666666,0.25,26,6,0.0,2,1,0,1,0,1,1,0,1,0,0,0,0,0,1,0,5,0.8333333333333334,5,1.25,4,0,1,0,3,0,0,3,0,1,0,0,0,0,0,5,5,14,624,525,2,0,2,5,1.25,8,0,197,70,164,11,9210
2025-07-11,argo,com.techyourchance.android.questions,FetchQuestionDetailsUseCase,fetchQuestion,7,1,0.0,4,1.0,0,0,2,0,16,1,7,0,0.0,0,0,0,9,0.0,1,2.2857142857142856,1,0,0.0,0,0.0,1.0,24,16,0.0,1,0,0,0,0,2,0,0,0,0,0,0,0,0,0,0,3,0.0,3,3.0,1,0,0,0,1,0,0,1,0,1,0,0,0,0,0,1,1,14,624,525,4,0,0,9,7.0,2,0,94,70,164,2,9210
2025-07-11,argo,com.techyourchance.android.questions,FetchQuestionsUseCase,fetchLatestQuestions,7,1,0.0,4,1.0,0,0,2,0,16,1,7,0,0.0,0,0,0,9,0.0,1,2.2857142857142856,0,0,0.0,0,0.0,1.0,24,16,0.0,1,0,0,0,0,1,0,0,0,0,0,0,0,0,0,0,3,0.0,3,3.0,1,0,0,0,1,0,0,1,0,1,0,0,0,0,0,1,1,14,624,525,4,0,0,9,7.0,2,0,94,70,164,2,9210
2025-07-11,argo,com.techyourchance.android.screens,MainActivity,getActivityName,1,0,0.0,0,0.0,1,1,1,0,1,0,1,0,0.0,0,0,0,0,0.0,0,2.0,0,0,0.0,0,0.0,0.0,47,20,0.0,6,0,6,1,0,1,2,1,1,0,0,1,1,1,0,0,6,1.0,6,1.0,6,6,0,0,6,0,0,6,1,1,0,0,2,0,2,6,8,14,624,525,2,0,5,5,1.0,6,0,95,70,164,8,9210
2025-07-11,argo,com.techyourchance.android.screens,MainActivity,onCreate,1,0,0.0,1,1.0,1,1,1,0,4,0,1,0,0.0,1,0,1,1,0.0,1,2.0,1,1,0.0,0,0.0,0.0,47,20,0.0,6,0,6,1,0,1,2,1,1,0,0,1,1,1,0,0,6,1.0,6,1.0,6,6,0,0,6,0,0,6,1,1,0,0,2,0,2,6,8,14,624,525,2,0,5,5,1.0,6,0,95,70,164,8,9210
2025-07-11,argo,com.techyourchance.android.screens,MainActivity,onStart,1,0,0.0,1,1.0,1,1,1,0,4,0,1,0,0.0,1,0,1,1,0.0,1,2.0,0,1,0.0,0,0.0,0.0,47,20,0.0,6,0,6,1,0,1,2,1,1,0,0,1,1,1,0,0,6,1.0,6,1.0,6,6,0,0,6,0,0,6,1,1,0,0,2,0,2,6,8,14,624,525,2,0,5,5,1.0,6,0,95,70,164,8,9210
2025-07-11,argo,com.techyourchance.android.screens,MainActivity,onStop,1,0,0.0,1,1.0,1,1,1,0,4,0,1,0,0.0,1,0,1,1,0.0,1,2.0,0,1,0.0,0,0.0,0.0,47,20,0.0,6,0,6,1,0,1,2,1,1,0,0,1,1,1,0,0,6,1.0,6,1.0,6,6,0,0,6,0,0,6,1,1,0,0,2,0,2,6,8,14,624,525,2,0,5,5,1.0,6,0,95,70,164,8,9210
2025-07-11,argo,com.techyourchance.android.screens,MainActivity,onResume,1,0,0.0,1,1.0,1,1,1,0,4,0,1,0,0.0,1,0,1,1,0.0,1,2.0,0,1,0.0,0,0.0,0.0,47,20,0.0,6,0,6,1,0,1,2,1,1,0,0,1,1,1,0,0,6,1.0,6,1.0,6,6,0,0,6,0,0,6,1,1,0,0,2,0,2,6,8,14,624,525,2,0,5,5,1.0,6,0,95,70,164,8,9210
2025-07-11,argo,com.techyourchance.android.screens,MainActivity,startClearTask,1,3,0.0,1,1.0,1,1,1,0,4,0,1,0,0.0,1,0,1,1,0.0,1,2.0,0,0,0.0,0,0.0,0.0,47,20,0.0,6,0,6,1,0,1,2,1,1,0,0,1,1,1,0,0,6,1.0,6,1.0,6,6,0,0,6,0,0,6,1,1,0,0,2,0,2,6,8,14,624,525,2,1,5,5,1.0,6,0,95,70,164,8,9210
2025-07-11,argo,com.techyourchance.android.screens,UserInterfacesActivity,getActivityName,1,0,0.0,0,0.0,1,1,1,0,1,0,1,0,0.0,0,0,0,0,0.0,0,2.0,0,0,0.0,0,0.0,0.0,19,4,0.0,2,0,2,1,0,1,1,1,1,0,0,1,1,1,0,0,2,1.0,2,1.0,2,2,0,0,2,0,0,2,1,1,0,0,1,0,1,2,3,14,624,525,2,0,1,1,1.0,6,0,95,70,164,8,9210
2025-07-11,argo,com.techyourchance.android.screens,UserInterfacesActivity,start,1,2,0.0,1,1.0,1,1,1,0,4,0,1,0,0.0,1,0,1,1,0.0,1,2.0,0,0,0.0,0,0.0,0.0,19,4,0.0,2,0,2,1,0,1,1,1,1,0,0,1,1,1,0,0,2,1.0,2,1.0,2,2,0,0,2,0,0,2,1,1,0,0,1,0,1,2,3,14,624,525,2,1,1,1,1.0,6,0,95,70,164,8,9210
2025-07-11,argo,com.techyourchance.android.screens.animations,AnimationsFragment,onCreate,1,0,0.0,1,1.0,1,0,1,0,4,0,1,0,0.0,1,0,1,1,0.0,1,2.0,1,1,0.0,0,0.3,0.2,39,19,0.0,5,4,5,1,0,4,3,1,2,0,0,0,0,0,4,0,5,1.0,5,1.0,5,5,4,0,5,0,0,5,2,1,0,0,1,0,1,5,6,14,624,525,3,0,1,6,1.0,5,0,110,70,164,5,9210
2025-07-11,argo,com.techyourchance.android.screens.animations,AnimationsFragment,onCreateView,1,0,0.0,2,1.0,1,0,1,0,4,0,1,0,0.75,0,2,0,2,0.67,1,2.0,3,0,0.0,0,0.3,0.2,39,19,0.0,5,4,5,1,0,4,3,1,2,0,0,0,0,0,4,0,5,1.0,5,1.0,5,5,4,0,5,0,0,5,2,1,0,0,1,0,1,5,6,14,624,525,3,0,1,6,1.0,5,0,110,70,164,5,9210
2025-07-11,argo,com.techyourchance.android.screens.animations,AnimationsFragment,onStart,1,0,0.0,1,1.0,1,0,1,0,4,0,1,0,1.0,1,1,0,1,1.0,1,2.0,0,0,0.0,0,0.3,0.2,39,19,0.0,5,4,5,1,0,4,3,1,2,0,0,0,0,0,4,0,5,1.0,5,1.0,5,5,4,0,5,0,0,5,2,1,0,0,1,0,1,5,6,14,624,525,3,0,1,6,1.0,5,0,110,70,164,5,9210
2025-07-11,argo,com.techyourchance.android.screens.animations,AnimationsFragment,onStop,1,0,0.0,1,1.0,1,0,1,0,4,0,1,0,1.0,1,1,0,1,1.0,1,2.0,0,0,0.0,0,0.3,0.2,39,19,0.0,5,4,5,1,0,4,3,1,2,0,0,0,0,0,4,0,5,1.0,5,1.0,5,5,4,0,5,0,0,5,2,1,0,0,1,0,1,5,6,14,624,525,3,0,1,6,1.0,5,0,110,70,164,5,9210
2025-07-11,argo,com.techyourchance.android.screens.animations,AnimationsFragment,newInstance,1,0,0.0,1,1.0,1,0,1,0,3,0,1,0,1.0,0,0,0,1,0.0,1,2.0,0,0,0.0,0,0.3,0.2,39,19,0.0,5,4,5,1,0,4,3,1,2,0,0,0,0,0,4,0,5,1.0,5,1.0,5,5,4,0,5,0,0,5,2,1,0,0,1,0,1,5,6,14,624,525,3,1,1,6,1.0,5,0,110,70,164,5,9210
2025-07-11,argo,com.techyourchance.android.screens.animations.animatedmessages,AnimatedMessagesFragment,onCreate,1,0,0.0,1,1.0,1,0,1,0,4,0,1,0,0.0,1,0,1,1,0.0,1,2.0,1,1,0.0,0,0.0,0.5,49,38,0.0,2,1,2,1,0,4,1,1,0,0,0,0,0,0,1,0,5,1.0,5,2.5,2,2,1,0,2,0,0,2,2,1,0,0,1,0,1,2,3,14,624,525,1,0,1,35,2.5,2,0,130,70,164,2,9210
2025-07-11,argo,com.techyourchance.android.screens.animations.animatedmessages,AnimatedMessagesFragment,newInstance,4,0,0.0,8,1.0,1,0,1,0,34,1,4,0,1.0,0,0,0,34,0.0,1,2.5,0,0,0.0,0,0.0,0.5,49,38,0.0,2,1,2,1,0,4,1,1,0,0,0,0,0,0,1,0,5,1.0,5,2.5,2,2,1,0,2,0,0,2,2,1,0,0,1,0,1,2,3,14,624,525,1,1,1,35,2.5,2,0,130,70,164,2,9210
2025-07-11,argo,com.techyourchance.android.screens.animations.dotsprogress,DotsProgressAnimationFragment,onCreate,1,0,0.0,1,1.0,1,0,1,0,4,0,1,0,0.0,1,0,1,1,0.0,1,2.0,1,1,0.0,0,0.4,0.3333333333333333,57,30,0.0,6,5,6,1,0,4,4,1,2,0,0,1,0,0,4,0,6,1.0,6,1.0,6,6,5,0,6,0,0,6,2,1,0,0,1,0,1,6,7,14,624,525,4,0,1,17,1.3333333333333333,12,0,433,70,164,11,9210
2025-07-11,argo,com.techyourchance.android.screens.animations.dotsprogress,DotsProgressAnimationFragment,onCreateView,3,1,0.0,4,1.0,1,0,1,0,10,0,3,0,0.8333333333333334,0,3,0,5,0.75,1,2.1666666666666665,3,0,0.0,0,0.4,0.3333333333333333,57,30,0.0,6,5,6,1,0,4,4,1,2,0,0,1,0,0,4,0,6,1.0,6,1.0,6,6,5,0,6,0,0,6,2,1,0,0,1,0,1,6,7,14,624,525,4,0,1,17,1.3333333333333333,12,0,433,70,164,11,9210
2025-07-11,argo,com.techyourchance.android.screens.animations.dotsprogress,DotsProgressAnimationFragment,onStart,1,0,0.0,2,1.0,1,0,1,0,5,0,1,0,1.0,1,3,0,3,3.0,2,2.3333333333333335,0,0,0.0,0,0.4,0.3333333333333333,57,30,0.0,6,5,6,1,0,4,4,1,2,0,0,1,0,0,4,0,6,1.0,6,1.0,6,6,5,0,6,0,0,6,2,1,0,0,1,0,1,6,7,14,624,525,4,0,1,17,1.3333333333333333,12,0,433,70,164,11,9210
2025-07-11,argo,com.techyourchance.android.screens.animations.dotsprogress,DotsProgressAnimationFragment,onStop,1,0,0.0,2,1.0,1,0,1,0,5,0,1,0,1.0,1,3,0,3,3.0,2,2.3333333333333335,0,0,0.0,0,0.4,0.3333333333333333,57,30,0.0,6,5,6,1,0,4,4,1,2,0,0,1,0,0,4,0,6,1.0,6,1.0,6,6,5,0,6,0,0,6,2,1,0,0,1,0,1,6,7,14,624,525,4,0,1,17,1.3333333333333333,12,0,433,70,164,11,9210
2025-07-11,argo,com.techyourchance.android.screens.animations.dotsprogress,DotsProgressAnimationFragment,onToggleComposeClicked,1,0,0.0,1,1.0,1,0,1,0,3,0,1,0,1.0,0,1,0,4,1.0,0,3.0,0,0,0.0,0,0.4,0.3333333333333333,57,30,0.0,6,5,6,1,0,4,4,1,2,0,0,1,0,0,4,0,6,1.0,6,1.0,6,6,5,0,6,0,0,6,2,1,0,0,1,0,1,6,7,14,624,525,4,0,1,17,1.3333333333333333,12,0,433,70,164,11,9210
2025-07-11,argo,com.techyourchance.android.screens.animations.dotsprogress,DotsProgressAnimationFragment,newInstance,1,0,0.0,1,1.0,1,0,1,0,3,0,1,0,1.0,0,0,0,1,0.0,1,2.0,0,0,0.0,0,0.4,0.3333333333333333,57,30,0.0,6,5,6,1,0,4,4,1,2,0,0,1,0,0,4,0,6,1.0,6,1.0,6,6,5,0,6,0,0,6,2,1,0,0,1,0,1,6,7,14,624,525,4,1,1,17,1.3333333333333333,12,0,433,70,164,11,9210
2025-07-11,argo,com.techyourchance.android.screens.animations.dotsprogress,DotsProgressAnimationViewMvcImpl,setType,4,0,0.0,2,0.5,0,1,1,0,13,1,4,0,0.8333333333333334,0,2,0,11,2.0,1,2.5,1,0,0.0,0,0.0,1.0,30,0,0.0,1,3,1,1,0,1,1,0,3,0,0,3,0,0,0,0,2,0.0,2,2.0,1,1,3,0,1,0,0,1,0,1,0,0,0,0,0,1,1,14,624,525,4,0,0,11,4.0,12,0,433,70,164,11,9210
2025-07-11,argo,com.techyourchance.android.screens.animations.dotsprogress,DotsProgressView,onDraw,16,0,0.0,1,1.0,1,1,1,3,6,0,16,0,0.8620689655172413,1,9,1,1,9.0,1,2.0,1,1,0.0,0,0.5,1.0,81,37,0.3333333333333333,4,10,2,1,0,5,3,0,10,0,0,2,1,1,9,0,4,0.6666666666666667,4,1.0,4,2,10,0,2,2,0,2,0,1,0,0,0,0,0,4,4,14,624,525,4,0,3,27,8.0,12,0,433,70,164,11,9210
2025-07-11,argo,com.techyourchance.android.screens.animations.dotsprogress,DotsProgressView,onSizeChanged,11,0,1.0,0,0.0,1,1,1,3,12,0,11,1,0.7142857142857143,2,8,1,1,2.0,1,2.0,4,1,0.0,0,0.5,1.0,81,37,0.3333333333333333,4,10,2,1,0,5,3,0,10,0,0,2,1,1,9,0,4,0.6666666666666667,4,1.0,4,2,10,0,2,2,0,2,0,1,0,0,0,0,0,4,4,14,624,525,4,0,3,27,8.0,12,0,433,70,164,11,9210
2025-07-11,argo,com.techyourchance.android.screens.animations.dotsprogress,DotsProgressView,startAnimation,4,3,0.0,3,1.0,1,1,1,3,19,0,4,3,1.0,1,4,1,20,1.33,1,2.3157894736842106,0,0,0.0,0,0.5,1.0,81,37,0.3333333333333333,4,10,2,1,0,5,3,0,10,0,0,2,1,1,9,0,4,0.6666666666666667,4,1.0,4,2,10,0,2,2,0,2,0,1,0,0,0,0,0,4,4,14,624,525,4,0,3,27,8.0,12,0,433,70,164,11,9210
2025-07-11,argo,com.techyourchance.android.screens.animations.dotsprogress,DotsProgressView,getAnimator,1,1,0.0,2,1.0,1,1,1,3,9,0,1,0,0.0,0,0,0,5,0.0,0,2.2,2,0,0.0,0,0.5,1.0,81,37,0.3333333333333333,4,10,2,1,0,5,3,0,10,0,0,2,1,1,9,0,4,0.6666666666666667,4,1.0,4,2,10,0,2,2,0,2,0,1,0,0,0,0,0,4,4,14,624,525,4,0,3,27,8.0,12,0,433,70,164,11,9210
2025-07-11,argo,com.techyourchance.android.screens.animations.stackedcards,StackedCardsAnimationFragment,onCreate,1,0,0.0,1,1.0,1,0,1,0,4,0,1,0,0.0,1,0,1,1,0.0,1,2.0,1,1,0.0,0,0.4,0.3333333333333333,59,30,0.0,6,6,6,1,0,4,4,1,2,0,0,1,0,0,5,0,6,1.0,6,1.0,6,6,6,0,6,0,0,6,2,1,0,0,1,0,1,6,7,14,624,525,4,0,1,17,1.3333333333333333,18,0,1008,70,164,20,9210
2025-07-11,argo,com.techyourchance.android.screens.animations.stackedcards,StackedCardsAnimationFragment,onCreateView,3,1,0.0,4,1.0,1,0,1,0,10,0,3,0,0.8333333333333334,0,3,0,5,0.75,1,2.1666666666666665,3,0,0.0,0,0.4,0.3333333333333333,59,30,0.0,6,6,6,1,0,4,4,1,2,0,0,1,0,0,5,0,6,1.0,6,1.0,6,6,6,0,6,0,0,6,2,1,0,0,1,0,1,6,7,14,624,525,4,0,1,17,1.3333333333333333,18,0,1008,70,164,20,9210
2025-07-11,argo,com.techyourchance.android.screens.animations.stackedcards,StackedCardsAnimationFragment,onStart,1,0,0.0,2,1.0,1,0,1,0,5,0,1,0,1.0,1,3,0,3,3.0,2,2.3333333333333335,0,0,0.0,0,0.4,0.3333333333333333,59,30,0.0,6,6,6,1,0,4,4,1,2,0,0,1,0,0,5,0,6,1.0,6,1.0,6,6,6,0,6,0,0,6,2,1,0,0,1,0,1,6,7,14,624,525,4,0,1,17,1.3333333333333333,18,0,1008,70,164,20,9210
2025-07-11,argo,com.techyourchance.android.screens.animations.stackedcards,StackedCardsAnimationFragment,onStop,1,0,0.0,2,1.0,1,0,1,0,5,0,1,0,1.0,1,3,0,3,3.0,2,2.3333333333333335,0,0,0.0,0,0.4,0.3333333333333333,59,30,0.0,6,6,6,1,0,4,4,1,2,0,0,1,0,0,5,0,6,1.0,6,1.0,6,6,6,0,6,0,0,6,2,1,0,0,1,0,1,6,7,14,624,525,4,0,1,17,1.3333333333333333,18,0,1008,70,164,20,9210
2025-07-11,argo,com.techyourchance.android.screens.animations.stackedcards,StackedCardsAnimationFragment,onToggleComposeClicked,1,0,0.0,1,1.0,1,0,1,0,3,0,1,0,1.0,0,1,0,4,1.0,0,3.0,0,0,0.0,0,0.4,0.3333333333333333,59,30,0.0,6,6,6,1,0,4,4,1,2,0,0,1,0,0,5,0,6,1.0,6,1.0,6,6,6,0,6,0,0,6,2,1,0,0,1,0,1,6,7,14,624,525,4,0,1,17,1.3333333333333333,18,0,1008,70,164,20,9210
2025-07-11,argo,com.techyourchance.android.screens.animations.stackedcards,StackedCardsAnimationFragment,newInstance,1,0,0.0,1,1.0,1,0,1,0,3,0,1,0,1.0,0,0,0,1,0.0,1,2.0,0,0,0.0,0,0.4,0.3333333333333333,59,30,0.0,6,6,6,1,0,4,4,1,2,0,0,1,0,0,5,0,6,1.0,6,1.0,6,6,6,0,6,0,0,6,2,1,0,0,1,0,1,6,7,14,624,525,4,1,1,17,1.3333333333333333,18,0,1008,70,164,20,9210
2025-07-11,argo,com.techyourchance.android.screens.animations.stackedcards,StackedCardsAnimationViewMvcImpl,setType,4,0,0.0,2,0.5,0,1,1,0,13,1,4,0,0.8333333333333334,0,2,0,4,2.0,2,2.142857142857143,1,0,0.0,0,0.0,1.0,30,0,0.0,1,3,1,1,0,1,1,0,3,0,0,3,0,0,0,0,2,0.0,2,2.0,1,1,3,0,1,0,0,1,0,1,0,0,0,0,0,1,1,14,624,525,4,0,0,4,4.0,18,0,1008,70,164,20,9210
2025-07-11,argo,com.techyourchance.android.screens.animations.stackedcards,StackedCardsView,onSizeChanged,3,2,1.0,1,1.0,1,6,5,3,21,1,3,2,0.6923076923076923,2,5,2,6,0.83,1,2.4,4,1,0.0,0,0.19230769230769232,0.9230769230769231,515,93,0.42857142857142855,10,9,3,1,0,6,6,0,25,0,0,18,16,16,7,0,20,0.8205128205128205,20,1.5384615384615385,13,3,9,0,3,10,0,3,0,1,0,0,0,0,0,29,29,14,624,525,4,0,9,71,2.0,18,0,1008,70,164,20,9210
2025-07-11,argo,com.techyourchance.android.screens.animations.stackedcards,StackedCardsView,initCards,2,1,2.0,3,0.6667,1,6,5,3,10,1,2,2,1.0,2,2,2,6,2.0,1,2.0,0,2,0.0,0,0.19230769230769232,0.9230769230769231,515,93,0.42857142857142855,10,9,3,1,0,6,6,0,25,0,0,18,16,16,7,0,20,0.8205128205128205,20,1.5384615384615385,13,3,9,0,3,10,0,3,0,1,0,0,0,0,0,29,29,14,624,525,4,0,9,71,2.0,18,0,1008,70,164,20,9210
2025-07-11,argo,com.techyourchance.android.screens.animations.stackedcards,StackedCardsView,initCard,1,5,0.0,3,1.0,1,6,5,3,9,0,1,0,0.4,0,2,1,11,0.33,0,2.4285714285714284,1,0,0.0,0,0.19230769230769232,0.9230769230769231,515,93,0.42857142857142855,10,9,3,1,0,6,6,0,25,0,0,18,16,16,7,0,20,0.8205128205128205,20,1.5384615384615385,13,3,9,0,3,10,0,3,0,1,0,0,0,0,0,29,29,14,624,525,4,0,9,71,2.0,18,0,1008,70,164,20,9210
2025-07-11,argo,com.techyourchance.android.screens.animations.stackedcards,StackedCardsView,onInterceptTouchEvent,6,2,0.0,3,1.0,1,6,5,3,15,4,6,0,0.7,1,3,0,8,1.0,0,2.142857142857143,1,0,0.0,0,0.19230769230769232,0.9230769230769231,515,93,0.42857142857142855,10,9,3,1,0,6,6,0,25,0,0,18,16,16,7,0,20,0.8205128205128205,20,1.5384615384615385,13,3,9,0,3,10,0,3,0,1,0,0,0,0,0,29,29,14,624,525,4,0,9,71,2.0,18,0,1008,70,164,20,9210
2025-07-11,argo,com.techyourchance.android.screens.animations.stackedcards,StackedCardsView,isPointInView,1,3,0.0,4,1.0,1,6,5,3,8,0,1,0,0.0,0,0,2,14,0.0,1,2.7142857142857144,3,2,0.0,0,0.19230769230769232,0.9230769230769231,515,93,0.42857142857142855,10,9,3,1,0,6,6,0,25,0,0,18,16,16,7,0,20,0.8205128205128205,20,1.5384615384615385,13,3,9,0,3,10,0,3,0,1,0,0,0,0,0,29,29,14,624,525,4,0,9,71,2.0,18,0,1008,70,164,20,9210
2025-07-11,argo,com.techyourchance.android.screens.animations.stackedcards,StackedCardsView,onTouchEvent,2,0,0.0,5,0.8,1,6,5,3,19,1,2,0,0.4444444444444444,0,2,0,10,2.0,1,2.2,1,0,0.0,0,0.19230769230769232,0.9230769230769231,515,93,0.42857142857142855,10,9,3,1,0,6,6,0,25,0,0,18,16,16,7,0,20,0.8205128205128205,20,1.5384615384615385,13,3,9,0,3,10,0,3,0,1,0,0,0,0,0,29,29,14,624,525,4,0,9,71,2.0,18,0,1008,70,164,20,9210
2025-07-11,argo,com.techyourchance.android.screens.animations.stackedcards,StackedCardsView,transferCardToStackIndex,3,3,1.0,2,1.0,1,6,5,3,13,1,3,1,0.25,1,1,1,2,0.2,1,2.142857142857143,2,1,0.0,0,0.19230769230769232,0.9230769230769231,515,93,0.42857142857142855,10,9,3,1,0,6,6,0,25,0,0,18,16,16,7,0,20,0.8205128205128205,20,1.5384615384615385,13,3,9,0,3,10,0,3,0,1,0,0,0,0,0,29,29,14,624,525,4,0,9,71,2.0,18,0,1008,70,164,20,9210
2025-07-11,argo,com.techyourchance.android.screens.animations.stackedcards,StackedCardsView,updateCardsTranslationZ,3,1,0.0,1,1.0,1,6,5,3,6,1,3,0,1.0,0,2,0,3,2.0,0,2.3333333333333335,0,0,0.0,0,0.19230769230769232,0.9230769230769231,515,93,0.42857142857142855,10,9,3,1,0,6,6,0,25,0,0,18,16,16,7,0,20,0.8205128205128205,20,1.5384615384615385,13,3,9,0,3,10,0,3,0,1,0,0,0,0,0,29,29,14,624,525,4,0,9,71,2.0,18,0,1008,70,164,20,9210
2025-07-11,argo,com.techyourchance.android.screens.animations.stackedcards,StackedCardsView,getCardTranslationXForIndex,1,0,0.0,0,0.0,1,6,5,3,3,0,1,0,1.0,0,1,0,0,1.0,0,0.0,1,0,0.0,0,0.19230769230769232,0.9230769230769231,515,93,0.42857142857142855,10,9,3,1,0,6,6,0,25,0,0,18,16,16,7,0,20,0.8205128205128205,20,1.5384615384615385,13,3,9,0,3,10,0,3,0,1,0,0,0,0,0,29,29,14,624,525,4,0,9,71,2.0,18,0,1008,70,164,20,9210
2025-07-11,argo,com.techyourchance.android.screens.animations.stackedcards,StackedCardsView,getCardTranslationYForIndex,1,0,0.0,0,0.0,1,6,5,3,3,0,1,0,0.6666666666666666,0,2,0,0,2.0,0,0.0,1,0,0.0,0,0.19230769230769232,0.9230769230769231,515,93,0.42857142857142855,10,9,3,1,0,6,6,0,25,0,0,18,16,16,7,0,20,0.8205128205128205,20,1.5384615384615385,13,3,9,0,3,10,0,3,0,1,0,0,0,0,0,29,29,14,624,525,4,0,9,71,2.0,18,0,1008,70,164,20,9210
2025-07-11,argo,com.techyourchance.android.screens.animations.stackedcards,StackedCardsView,getCardScaleForIndex,1,0,0.0,0,0.0,1,6,5,3,3,0,1,0,0.0,0,0,0,0,0.0,0,2.0,1,0,0.0,0,0.19230769230769232,0.9230769230769231,515,93,0.42857142857142855,10,9,3,1,0,6,6,0,25,0,0,18,16,16,7,0,20,0.8205128205128205,20,1.5384615384615385,13,3,9,0,3,10,0,3,0,1,0,0,0,0,0,29,29,14,624,525,4,0,9,71,2.0,18,0,1008,70,164,20,9210
2025-07-11,argo,com.techyourchance.android.screens.animations.stackedcards,StackedCardsView,isCardAboveTheThrowThreshold,1,1,0.0,2,1.0,1,6,5,3,4,0,1,1,0.6,1,3,0,4,1.5,0,2.3333333333333335,1,0,0.0,0,0.19230769230769232,0.9230769230769231,515,93,0.42857142857142855,10,9,3,1,0,6,6,0,25,0,0,18,16,16,7,0,20,0.8205128205128205,20,1.5384615384615385,13,3,9,0,3,10,0,3,0,1,0,0,0,0,0,29,29,14,624,525,4,0,9,71,2.0,18,0,1008,70,164,20,9210
2025-07-11,argo,com.techyourchance.android.screens.animations.stackedcards,StackedCardsView,isViewAboveY,1,2,0.0,2,1.0,1,6,5,3,6,0,1,0,0.0,0,0,1,7,0.0,0,2.75,2,1,0.0,0,0.19230769230769232,0.9230769230769231,515,93,0.42857142857142855,10,9,3,1,0,6,6,0,25,0,0,18,16,16,7,0,20,0.8205128205128205,20,1.5384615384615385,13,3,9,0,3,10,0,3,0,1,0,0,0,0,0,29,29,14,624,525,4,0,9,71,2.0,18,0,1008,70,164,20,9210
2025-07-11,argo,com.techyourchance.android.screens.animations.widgets,AnimatedCounter,increment,3,2,0.0,3,1.0,1,0,3,3,12,1,3,0,1.0,0,2,1,7,1.0,1,2.0,0,1,0.0,0,0.7,1.0,244,52,0.2,5,8,2,1,0,3,4,0,9,0,0,3,1,1,6,0,11,0.7,11,2.2,5,2,8,0,4,1,0,4,0,1,0,0,0,0,0,6,6,14,624,525,3,0,6,39,2.4,11,0,464,70,164,12,9210
2025-07-11,argo,com.techyourchance.android.screens.animations.widgets,AnimatedCounter,decrement,3,2,0.0,3,1.0,1,0,3,3,12,1,3,0,1.0,0,2,1,7,1.0,1,2.0,0,1,0.0,0,0.7,1.0,244,52,0.2,5,8,2,1,0,3,4,0,9,0,0,3,1,1,6,0,11,0.7,11,2.2,5,2,8,0,4,1,0,4,0,1,0,0,0,0,0,6,6,14,624,525,3,0,6,39,2.4,11,0,464,70,164,12,9210
2025-07-11,argo,com.techyourchance.android.screens.animations.widgets,AnimatedCounter,onSizeChanged,1,0,0.0,4,0.8,1,0,3,3,11,0,1,0,0.7142857142857143,1,7,2,11,1.75,1,2.2222222222222223,4,1,0.0,0,0.7,1.0,244,52,0.2,5,8,2,1,0,3,4,0,9,0,0,3,1,1,6,0,11,0.7,11,2.2,5,2,8,0,4,1,0,4,0,1,0,0,0,0,0,6,6,14,624,525,3,0,6,39,2.4,11,0,464,70,164,12,9210
2025-07-11,argo,com.techyourchance.android.screens.animations.widgets,AnimatedCounter,onDraw,4,2,1.0,5,1.0,1,0,3,3,12,1,4,1,0.5,2,2,0,7,0.67,1,2.0,1,0,0.0,0,0.7,1.0,244,52,0.2,5,8,2,1,0,3,4,0,9,0,0,3,1,1,6,0,11,0.7,11,2.2,5,2,8,0,4,1,0,4,0,1,0,0,0,0,0,6,6,14,624,525,3,0,6,39,2.4,11,0,464,70,164,12,9210
2025-07-11,argo,com.techyourchance.android.screens.animations.widgets,AnimatedCounter,drawLabel,1,1,0.0,2,1.0,1,0,3,3,5,0,1,0,0.375,0,2,2,7,0.67,0,2.6,2,1,0.0,0,0.7,1.0,244,52,0.2,5,8,2,1,0,3,4,0,9,0,0,3,1,1,6,0,11,0.7,11,2.2,5,2,8,0,4,1,0,4,0,1,0,0,0,0,0,6,6,14,624,525,3,0,6,39,2.4,11,0,464,70,164,12,9210
2025-07-11,argo,com.techyourchance.android.screens.animations.widgets,CardView,onSizeChanged,1,5,0.0,2,1.0,1,0,1,3,15,0,1,0,0.7692307692307693,1,7,0,7,0.78,1,2.0,4,0,0.0,0,1.0,1.0,54,23,0.0,2,10,2,1,0,2,4,0,10,0,0,5,0,0,5,0,2,1.0,2,1.0,2,2,10,0,2,0,0,2,0,1,0,0,0,0,0,2,2,14,624,525,3,0,1,9,1.0,11,0,464,70,164,12,9210
2025-07-11,argo,com.techyourchance.android.screens.animations.widgets,CardView,onDraw,1,0,0.0,2,0.5,1,0,1,3,8,0,1,0,0.8333333333333334,0,9,1,2,9.0,1,2.0,1,1,0.0,0,1.0,1.0,54,23,0.0,2,10,2,1,0,2,4,0,10,0,0,5,0,0,5,0,2,1.0,2,1.0,2,2,10,0,2,0,0,2,0,1,0,0,0,0,0,2,2,14,624,525,3,0,1,9,1.0,11,0,464,70,164,12,9210
2025-07-11,argo,com.techyourchance.android.screens.animations.widgets,GradientColoredButton,setText,1,0,0.0,0,0.0,1,1,2,3,4,0,1,0,1.0,0,0,1,1,1.0,0,2.0,1,1,0.0,0,0.4,0.8,105,26,0.25,4,14,2,1,0,3,4,0,14,0,0,6,0,0,8,0,6,0.9,6,1.2,5,2,14,0,4,1,0,4,0,1,0,0,0,0,0,6,6,14,624,525,3,0,5,19,1.2,11,0,464,70,164,12,9210
2025-07-11,argo,com.techyourchance.android.screens.animations.widgets,GradientColoredButton,toggle,2,0,0.0,1,1.0,1,1,2,3,6,1,2,0,1.0,0,1,0,3,1.0,1,2.0,0,0,0.0,0,0.4,0.8,105,26,0.25,4,14,2,1,0,3,4,0,14,0,0,6,0,0,8,0,6,0.9,6,1.2,5,2,14,0,4,1,0,4,0,1,0,0,0,0,0,6,6,14,624,525,3,0,5,19,1.2,11,0,464,70,164,12,9210
2025-07-11,argo,com.techyourchance.android.screens.animations.widgets,GradientColoredButton,onSizeChanged,1,1,1.0,2,1.0,1,1,2,3,8,0,1,1,0.6,2,5,1,4,1.2,3,2.0,4,1,0.0,0,0.4,0.8,105,26,0.25,4,14,2,1,0,3,4,0,14,0,0,6,0,0,8,0,6,0.9,6,1.2,5,2,14,0,4,1,0,4,0,1,0,0,0,0,0,6,6,14,624,525,3,0,5,19,1.2,11,0,464,70,164,12,9210
2025-07-11,argo,com.techyourchance.android.screens.animations.widgets,GradientColoredButton,updateGradients,1,0,0.0,1,1.0,1,1,2,3,6,0,1,0,1.0,0,7,2,7,8.0,0,2.3333333333333335,0,1,0.0,0,0.4,0.8,105,26,0.25,4,14,2,1,0,3,4,0,14,0,0,6,0,0,8,0,6,0.9,6,1.2,5,2,14,0,4,1,0,4,0,1,0,0,0,0,0,6,6,14,624,525,3,0,5,19,1.2,11,0,464,70,164,12,9210
2025-07-11,argo,com.techyourchance.android.screens.animations.widgets,GradientColoredButton,onDraw,1,0,0.0,2,0.5,1,1,2,3,6,0,1,0,0.75,1,8,1,4,8.0,1,2.0,1,1,0.0,0,0.4,0.8,105,26,0.25,4,14,2,1,0,3,4,0,14,0,0,6,0,0,8,0,6,0.9,6,1.2,5,2,14,0,4,1,0,4,0,1,0,0,0,0,0,6,6,14,624,525,3,0,5,19,1.2,11,0,464,70,164,12,9210
2025-07-11,argo,com.techyourchance.android.screens.benchmarks.backgroundtasksmemorybenchmark,BackgroundTasksMemoryBenchmarkFragment,onCreate,1,1,0.0,4,1.0,1,0,1,0,8,0,1,3,0.75,1,3,2,5,1.5,1,2.0,1,1,0.0,0,0.42857142857142855,0.75,102,55,0.25,8,10,6,1,0,4,5,1,5,0,0,3,3,3,10,0,10,0.9642857142857143,10,1.25,8,6,10,0,6,2,0,6,2,1,0,0,1,0,1,8,9,14,624,525,3,0,3,29,1.625,15,0,281,70,164,12,9210
2025-07-11,argo,com.techyourchance.android.screens.benchmarks.backgroundtasksmemorybenchmark,BackgroundTasksMemoryBenchmarkFragment,onCreateView,1,0,0.0,2,1.0,1,0,1,0,4,0,1,0,0.75,0,2,0,2,0.67,1,2.0,3,0,0.0,0,0.42857142857142855,0.75,102,55,0.25,8,10,6,1,0,4,5,1,5,0,0,3,3,3,10,0,10,0.9642857142857143,10,1.25,8,6,10,0,6,2,0,6,2,1,0,0,1,0,1,8,9,14,624,525,3,0,3,29,1.625,15,0,281,70,164,12,9210
2025-07-11,argo,com.techyourchance.android.screens.benchmarks.backgroundtasksmemorybenchmark,BackgroundTasksMemoryBenchmarkFragment,onStart,2,0,1.0,2,0.5,1,0,1,0,8,1,2,1,1.0,2,2,0,3,2.0,1,2.0,0,0,0.0,0,0.42857142857142855,0.75,102,55,0.25,8,10,6,1,0,4,5,1,5,0,0,3,3,3,10,0,10,0.9642857142857143,10,1.25,8,6,10,0,6,2,0,6,2,1,0,0,1,0,1,8,9,14,624,525,3,0,3,29,1.625,15,0,281,70,164,12,9210
2025-07-11,argo,com.techyourchance.android.screens.benchmarks.backgroundtasksmemorybenchmark,BackgroundTasksMemoryBenchmarkFragment,onStop,1,0,0.0,2,1.0,1,0,1,0,5,0,1,0,1.0,1,2,0,2,2.0,1,2.0,0,0,0.0,0,0.42857142857142855,0.75,102,55,0.25,8,10,6,1,0,4,5,1,5,0,0,3,3,3,10,0,10,0.9642857142857143,10,1.25,8,6,10,0,6,2,0,6,2,1,0,0,1,0,1,8,9,14,624,525,3,0,3,29,1.625,15,0,281,70,164,12,9210
2025-07-11,argo,com.techyourchance.android.screens.benchmarks.backgroundtasksmemorybenchmark,BackgroundTasksMemoryBenchmarkFragment,onToggleBenchmarkClicked,3,0,1.0,2,1.0,1,0,1,0,7,0,3,2,1.0,1,1,0,4,1.0,1,2.0,0,0,0.0,0,0.42857142857142855,0.75,102,55,0.25,8,10,6,1,0,4,5,1,5,0,0,3,3,3,10,0,10,0.9642857142857143,10,1.25,8,6,10,0,6,2,0,6,2,1,0,0,1,0,1,8,9,14,624,525,3,0,3,29,1.625,15,0,281,70,164,12,9210
2025-07-11,argo,com.techyourchance.android.screens.benchmarks.backgroundtasksmemorybenchmark,BackgroundTasksMemoryBenchmarkFragment,relaunchAppAndStartBenchmark,1,0,0.0,1,1.0,1,0,1,0,3,0,1,0,1.0,0,2,0,2,2.0,0,3.0,0,0,0.0,0,0.42857142857142855,0.75,102,55,0.25,8,10,6,1,0,4,5,1,5,0,0,3,3,3,10,0,10,0.9642857142857143,10,1.25,8,6,10,0,6,2,0,6,2,1,0,0,1,0,1,8,9,14,624,525,3,0,3,29,1.625,15,0,281,70,164,12,9210
2025-07-11,argo,com.techyourchance.android.screens.benchmarks.backgroundtasksmemorybenchmark,BackgroundTasksMemoryBenchmarkFragment,startBenchmark,3,1,0.0,7,0.7143,1,0,1,0,17,1,3,1,1.0,0,5,1,10,6.0,1,2.3076923076923075,0,0,0.0,0,0.42857142857142855,0.75,102,55,0.25,8,10,6,1,0,4,5,1,5,0,0,3,3,3,10,0,10,0.9642857142857143,10,1.25,8,6,10,0,6,2,0,6,2,1,0,0,1,0,1,8,9,14,624,525,3,0,3,29,1.625,15,0,281,70,164,12,9210
2025-07-11,argo,com.techyourchance.android.screens.benchmarks.backgroundtasksmemorybenchmark,BackgroundTasksMemoryBenchmarkFragment,newInstance,1,5,0.0,1,1.0,1,0,1,0,3,0,1,0,1.0,0,2,0,1,1.0,1,2.0,0,0,0.0,0,0.42857142857142855,0.75,102,55,0.25,8,10,6,1,0,4,5,1,5,0,0,3,3,3,10,0,10,0.9642857142857143,10,1.25,8,6,10,0,6,2,0,6,2,1,0,0,1,0,1,8,9,14,624,525,3,1,3,29,1.625,15,0,281,70,164,12,9210
2025-07-11,argo,com.techyourchance.android.screens.benchmarks.backgroundtasksmemorybenchmark,BackgroundTasksMemoryBenchmarkViewMvcImpl,bindBenchmarkResults,1,7,1.0,3,0.875,0,0,1,0,14,0,1,3,0.6,1,2,1,17,0.2,1,2.782608695652174,3,0,0.0,0,0.3333333333333333,1.0,66,31,0.25,4,4,3,1,0,4,2,0,4,0,0,4,0,0,0,0,4,0.8333333333333334,4,1.0,4,3,4,0,3,1,0,3,0,1,0,0,0,0,0,4,4,14,624,525,3,0,5,34,1.0,15,0,281,70,164,12,9210
2025-07-11,argo,com.techyourchance.android.screens.benchmarks.backgroundtasksmemorybenchmark,BackgroundTasksMemoryBenchmarkViewMvcImpl,toScatterChartDataSet,1,3,0.0,3,0.6667,0,0,1,0,10,0,1,0,0.0,0,0,2,10,0.0,1,2.6666666666666665,3,1,0.0,0,0.3333333333333333,1.0,66,31,0.25,4,4,3,1,0,4,2,0,4,0,0,4,0,0,0,0,4,0.8333333333333334,4,1.0,4,3,4,0,3,1,0,3,0,1,0,0,0,0,0,4,4,14,624,525,3,0,5,34,1.0,15,0,281,70,164,12,9210
2025-07-11,argo,com.techyourchance.android.screens.benchmarks.backgroundtasksmemorybenchmark,BackgroundTasksMemoryBenchmarkViewMvcImpl,showBenchmarkStarted,1,0,0.0,2,1.0,0,0,1,0,4,0,1,0,1.0,0,2,1,4,2.0,1,2.3333333333333335,0,0,0.0,0,0.3333333333333333,1.0,66,31,0.25,4,4,3,1,0,4,2,0,4,0,0,4,0,0,0,0,4,0.8333333333333334,4,1.0,4,3,4,0,3,1,0,3,0,1,0,0,0,0,0,4,4,14,624,525,3,0,5,34,1.0,15,0,281,70,164,12,9210
2025-07-11,argo,com.techyourchance.android.screens.benchmarks.backgroundtasksmemorybenchmark,BackgroundTasksMemoryBenchmarkViewMvcImpl,showBenchmarkStopped,1,0,0.0,1,1.0,0,0,1,0,3,0,1,0,1.0,0,1,1,3,1.0,0,2.5,0,0,0.0,0,0.3333333333333333,1.0,66,31,0.25,4,4,3,1,0,4,2,0,4,0,0,4,0,0,0,0,4,0.8333333333333334,4,1.0,4,3,4,0,3,1,0,3,0,1,0,0,0,0,0,4,4,14,624,525,3,0,5,34,1.0,15,0,281,70,164,12,9210
2025-07-11,argo,com.techyourchance.android.screens.benchmarks.backgroundtasksstartupbenchmark,BackgroundTasksStartupBenchmarkFragment,onCreate,1,0,0.0,1,1.0,1,0,1,0,4,0,1,0,0.0,1,0,1,1,0.0,1,2.0,1,1,0.0,0,0.38095238095238093,0.42857142857142855,63,37,0.14285714285714285,7,6,6,1,0,4,4,1,2,0,0,0,0,0,6,0,7,0.9523809523809523,7,1.0,7,6,6,0,6,1,0,6,2,1,0,0,1,0,1,7,8,14,624,525,3,0,2,19,1.4285714285714286,15,0,241,70,164,12,9210
2025-07-11,argo,com.techyourchance.android.screens.benchmarks.backgroundtasksstartupbenchmark,BackgroundTasksStartupBenchmarkFragment,onCreateView,1,0,0.0,2,1.0,1,0,1,0,4,0,1,0,0.75,0,2,0,2,0.67,1,2.0,3,0,0.0,0,0.38095238095238093,0.42857142857142855,63,37,0.14285714285714285,7,6,6,1,0,4,4,1,2,0,0,0,0,0,6,0,7,0.9523809523809523,7,1.0,7,6,6,0,6,1,0,6,2,1,0,0,1,0,1,7,8,14,624,525,3,0,2,19,1.4285714285714286,15,0,241,70,164,12,9210
2025-07-11,argo,com.techyourchance.android.screens.benchmarks.backgroundtasksstartupbenchmark,BackgroundTasksStartupBenchmarkFragment,onStart,1,0,0.0,2,0.5,1,0,1,0,5,0,1,0,1.0,1,1,0,2,1.0,1,2.0,0,0,0.0,0,0.38095238095238093,0.42857142857142855,63,37,0.14285714285714285,7,6,6,1,0,4,4,1,2,0,0,0,0,0,6,0,7,0.9523809523809523,7,1.0,7,6,6,0,6,1,0,6,2,1,0,0,1,0,1,7,8,14,624,525,3,0,2,19,1.4285714285714286,15,0,241,70,164,12,9210
2025-07-11,argo,com.techyourchance.android.screens.benchmarks.backgroundtasksstartupbenchmark,BackgroundTasksStartupBenchmarkFragment,onStop,1,0,0.0,2,1.0,1,0,1,0,5,0,1,0,1.0,1,2,0,2,2.0,1,2.0,0,0,0.0,0,0.38095238095238093,0.42857142857142855,63,37,0.14285714285714285,7,6,6,1,0,4,4,1,2,0,0,0,0,0,6,0,7,0.9523809523809523,7,1.0,7,6,6,0,6,1,0,6,2,1,0,0,1,0,1,7,8,14,624,525,3,0,2,19,1.4285714285714286,15,0,241,70,164,12,9210
2025-07-11,argo,com.techyourchance.android.screens.benchmarks.backgroundtasksstartupbenchmark,BackgroundTasksStartupBenchmarkFragment,onToggleBenchmarkClicked,3,0,1.0,2,1.0,1,0,1,0,7,0,3,2,1.0,1,1,0,4,1.0,1,2.0,0,0,0.0,0,0.38095238095238093,0.42857142857142855,63,37,0.14285714285714285,7,6,6,1,0,4,4,1,2,0,0,0,0,0,6,0,7,0.9523809523809523,7,1.0,7,6,6,0,6,1,0,6,2,1,0,0,1,0,1,7,8,14,624,525,3,0,2,19,1.4285714285714286,15,0,241,70,164,12,9210
2025-07-11,argo,com.techyourchance.android.screens.benchmarks.backgroundtasksstartupbenchmark,BackgroundTasksStartupBenchmarkFragment,startBenchmark,2,1,0.0,4,0.5,1,0,1,0,9,0,2,0,1.0,0,3,1,7,3.0,1,2.142857142857143,0,0,0.0,0,0.38095238095238093,0.42857142857142855,63,37,0.14285714285714285,7,6,6,1,0,4,4,1,2,0,0,0,0,0,6,0,7,0.9523809523809523,7,1.0,7,6,6,0,6,1,0,6,2,1,0,0,1,0,1,7,8,14,624,525,3,0,2,19,1.4285714285714286,15,0,241,70,164,12,9210
2025-07-11,argo,com.techyourchance.android.screens.benchmarks.backgroundtasksstartupbenchmark,BackgroundTasksStartupBenchmarkFragment,newInstance,1,0,0.0,1,1.0,1,0,1,0,3,0,1,0,1.0,0,0,0,1,0.0,1,2.0,0,0,0.0,0,0.38095238095238093,0.42857142857142855,63,37,0.14285714285714285,7,6,6,1,0,4,4,1,2,0,0,0,0,0,6,0,7,0.9523809523809523,7,1.0,7,6,6,0,6,1,0,6,2,1,0,0,1,0,1,7,8,14,624,525,3,1,2,19,1.4285714285714286,15,0,241,70,164,12,9210
2025-07-11,argo,com.techyourchance.android.screens.benchmarks.backgroundtasksstartupbenchmark,BackgroundTasksStartupBenchmarkViewMvcImpl,bindBenchmarkResults,1,3,1.0,1,1.0,0,0,1,0,7,0,1,2,0.1,1,1,1,12,0.17,0,2.9,3,1,0.0,0,0.3,1.0,66,32,0.4,5,4,3,1,0,4,3,0,4,0,0,4,0,0,0,0,5,0.7,5,1.0,5,3,4,0,3,2,0,3,0,1,0,0,0,0,0,5,5,14,624,525,3,0,6,39,1.0,15,0,241,70,164,12,9210
2025-07-11,argo,com.techyourchance.android.screens.benchmarks.backgroundtasksstartupbenchmark,BackgroundTasksStartupBenchmarkViewMvcImpl,bindBenchmarkResultsToScatterChart,1,3,1.0,3,0.8,0,0,1,0,8,0,1,3,0.5714285714285714,1,1,1,10,0.17,1,2.727272727272727,3,0,0.0,0,0.3,1.0,66,32,0.4,5,4,3,1,0,4,3,0,4,0,0,4,0,0,0,0,5,0.7,5,1.0,5,3,4,0,3,2,0,3,0,1,0,0,0,0,0,5,5,14,624,525,3,0,6,39,1.0,15,0,241,70,164,12,9210
2025-07-11,argo,com.techyourchance.android.screens.benchmarks.backgroundtasksstartupbenchmark,BackgroundTasksStartupBenchmarkViewMvcImpl,toScatterChartDataSet,1,3,0.0,2,1.0,0,0,1,0,9,0,1,0,0.0,0,0,2,10,0.0,0,2.875,3,1,0.0,0,0.3,1.0,66,32,0.4,5,4,3,1,0,4,3,0,4,0,0,4,0,0,0,0,5,0.7,5,1.0,5,3,4,0,3,2,0,3,0,1,0,0,0,0,0,5,5,14,624,525,3,0,6,39,1.0,15,0,241,70,164,12,9210
2025-07-11,argo,com.techyourchance.android.screens.benchmarks.backgroundtasksstartupbenchmark,BackgroundTasksStartupBenchmarkViewMvcImpl,showBenchmarkStarted,1,0,0.0,2,1.0,0,0,1,0,5,0,1,0,1.0,0,3,1,4,3.0,1,2.25,0,0,0.0,0,0.3,1.0,66,32,0.4,5,4,3,1,0,4,3,0,4,0,0,4,0,0,0,0,5,0.7,5,1.0,5,3,4,0,3,2,0,3,0,1,0,0,0,0,0,5,5,14,624,525,3,0,6,39,1.0,15,0,241,70,164,12,9210
2025-07-11,argo,com.techyourchance.android.screens.benchmarks.backgroundtasksstartupbenchmark,BackgroundTasksStartupBenchmarkViewMvcImpl,showBenchmarkStopped,1,0,0.0,1,1.0,0,0,1,0,3,0,1,0,1.0,0,1,1,3,1.0,0,2.5,0,0,0.0,0,0.3,1.0,66,32,0.4,5,4,3,1,0,4,3,0,4,0,0,4,0,0,0,0,5,0.7,5,1.0,5,3,4,0,3,2,0,3,0,1,0,0,0,0,0,5,5,14,624,525,3,0,6,39,1.0,15,0,241,70,164,12,9210
2025-07-11,argo,com.techyourchance.android.screens.benchmarks.benchmarkslist,BenchmarksListFragment,onCreate,1,0,0.0,1,1.0,1,1,1,0,4,0,1,0,0.0,1,0,1,1,0.0,1,2.0,1,1,0.0,0,0.19047619047619047,0.14285714285714285,48,25,0.0,7,3,6,1,0,6,3,1,1,0,0,0,0,0,3,0,8,1.0,8,1.1428571428571428,7,6,3,0,6,1,0,6,2,1,0,0,1,0,1,7,8,14,624,525,4,0,1,18,1.1428571428571428,8,0,184,70,164,8,9210
2025-07-11,argo,com.techyourchance.android.screens.benchmarks.benchmarkslist,BenchmarksListFragment,onCreateView,2,0,0.0,4,1.0,1,1,1,0,7,1,2,0,0.8333333333333334,1,2,0,4,0.67,1,2.0,3,0,0.0,0,0.19047619047619047,0.14285714285714285,48,25,0.0,7,3,6,1,0,6,3,1,1,0,0,0,0,0,3,0,8,1.0,8,1.1428571428571428,7,6,3,0,6,1,0,6,2,1,0,0,1,0,1,7,8,14,624,525,4,0,1,18,1.1428571428571428,8,0,184,70,164,8,9210
2025-07-11,argo,com.techyourchance.android.screens.benchmarks.benchmarkslist,BenchmarksListFragment,getDestinations,1,0,0.0,1,1.0,1,1,1,0,3,0,1,0,0.0,0,0,0,8,0.0,0,2.5,0,0,0.0,0,0.19047619047619047,0.14285714285714285,48,25,0.0,7,3,6,1,0,6,3,1,1,0,0,0,0,0,3,0,8,1.0,8,1.1428571428571428,7,6,3,0,6,1,0,6,2,1,0,0,1,0,1,7,8,14,624,525,4,0,1,18,1.1428571428571428,8,0,184,70,164,8,9210
2025-07-11,argo,com.techyourchance.android.screens.benchmarks.benchmarkslist,BenchmarksListFragment,onStart,1,0,0.0,1,1.0,1,1,1,0,4,0,1,0,1.0,1,1,0,1,1.0,1,2.0,0,0,0.0,0,0.19047619047619047,0.14285714285714285,48,25,0.0,7,3,6,1,0,6,3,1,1,0,0,0,0,0,3,0,8,1.0,8,1.1428571428571428,7,6,3,0,6,1,0,6,2,1,0,0,1,0,1,7,8,14,624,525,4,0,1,18,1.1428571428571428,8,0,184,70,164,8,9210
2025-07-11,argo,com.techyourchance.android.screens.benchmarks.benchmarkslist,BenchmarksListFragment,onStop,1,0,0.0,1,1.0,1,1,1,0,4,0,1,0,1.0,1,1,0,1,1.0,1,2.0,0,0,0.0,0,0.19047619047619047,0.14285714285714285,48,25,0.0,7,3,6,1,0,6,3,1,1,0,0,0,0,0,3,0,8,1.0,8,1.1428571428571428,7,6,3,0,6,1,0,6,2,1,0,0,1,0,1,7,8,14,624,525,4,0,1,18,1.1428571428571428,8,0,184,70,164,8,9210
2025-07-11,argo,com.techyourchance.android.screens.benchmarks.benchmarkslist,BenchmarksListFragment,onDestinationClicked,1,0,0.0,1,1.0,1,1,1,0,3,0,1,0,0.5,0,1,0,2,1.0,0,3.0,1,0,0.0,0,0.19047619047619047,0.14285714285714285,48,25,0.0,7,3,6,1,0,6,3,1,1,0,0,0,0,0,3,0,8,1.0,8,1.1428571428571428,7,6,3,0,6,1,0,6,2,1,0,0,1,0,1,7,8,14,624,525,4,0,1,18,1.1428571428571428,8,0,184,70,164,8,9210
2025-07-11,argo,com.techyourchance.android.screens.benchmarks.benchmarkslist,BenchmarksListFragment,newInstance,1,0,0.0,1,1.0,1,1,1,0,3,0,1,0,1.0,0,0,0,1,0.0,1,2.0,0,0,0.0,0,0.19047619047619047,0.14285714285714285,48,25,0.0,7,3,6,1,0,6,3,1,1,0,0,0,0,0,3,0,8,1.0,8,1.1428571428571428,7,6,3,0,6,1,0,6,2,1,0,0,1,0,1,7,8,14,624,525,4,1,1,18,1.1428571428571428,8,0,184,70,164,8,9210
2025-07-11,argo,com.techyourchance.android.screens.benchmarks.benchmarkslist,BenchmarksListViewMvcImpl,bindDestinations,1,0,0.0,0,0.0,0,0,3,0,3,0,1,0,0.5,1,1,0,1,1.0,1,2.0,1,0,0.0,0,0.0,0.0,56,3,0.0,1,3,1,1,0,1,1,0,3,0,0,3,0,0,0,0,1,0.0,1,1.0,1,1,3,0,1,0,0,1,0,1,0,0,0,0,0,5,5,14,624,525,4,0,0,1,1.0,8,0,184,70,164,8,9210
2025-07-11,argo,com.techyourchance.android.screens.benchmarks.sharedprefs,SharedPrefsBenchmarkFragment,onCreate,1,0,0.0,1,1.0,1,0,1,0,4,0,1,0,0.0,1,0,1,1,0.0,1,2.0,1,1,0.0,0,0.42857142857142855,0.5714285714285714,76,41,0.2857142857142857,7,8,6,1,0,4,4,1,4,0,0,1,1,1,8,0,8,0.9047619047619048,8,1.1428571428571428,7,6,8,0,6,1,0,6,2,1,0,0,1,0,1,7,8,14,624,525,3,0,2,20,1.5714285714285714,16,0,262,70,164,13,9210
2025-07-11,argo,com.techyourchance.android.screens.benchmarks.sharedprefs,SharedPrefsBenchmarkFragment,onCreateView,1,0,0.0,2,1.0,1,0,1,0,4,0,1,0,0.75,0,2,0,2,0.67,1,2.0,3,0,0.0,0,0.42857142857142855,0.5714285714285714,76,41,0.2857142857142857,7,8,6,1,0,4,4,1,4,0,0,1,1,1,8,0,8,0.9047619047619048,8,1.1428571428571428,7,6,8,0,6,1,0,6,2,1,0,0,1,0,1,7,8,14,624,525,3,0,2,20,1.5714285714285714,16,0,262,70,164,13,9210
2025-07-11,argo,com.techyourchance.android.screens.benchmarks.sharedprefs,SharedPrefsBenchmarkFragment,onStart,2,0,1.0,2,0.5,1,0,1,0,8,1,2,1,1.0,2,2,0,3,2.0,1,2.0,0,0,0.0,0,0.42857142857142855,0.5714285714285714,76,41,0.2857142857142857,7,8,6,1,0,4,4,1,4,0,0,1,1,1,8,0,8,0.9047619047619048,8,1.1428571428571428,7,6,8,0,6,1,0,6,2,1,0,0,1,0,1,7,8,14,624,525,3,0,2,20,1.5714285714285714,16,0,262,70,164,13,9210
2025-07-11,argo,com.techyourchance.android.screens.benchmarks.sharedprefs,SharedPrefsBenchmarkFragment,onStop,1,0,0.0,2,1.0,1,0,1,0,5,0,1,0,1.0,1,2,0,2,2.0,1,2.0,0,0,0.0,0,0.42857142857142855,0.5714285714285714,76,41,0.2857142857142857,7,8,6,1,0,4,4,1,4,0,0,1,1,1,8,0,8,0.9047619047619048,8,1.1428571428571428,7,6,8,0,6,1,0,6,2,1,0,0,1,0,1,7,8,14,624,525,3,0,2,20,1.5714285714285714,16,0,262,70,164,13,9210
2025-07-11,argo,com.techyourchance.android.screens.benchmarks.sharedprefs,SharedPrefsBenchmarkFragment,onToggleBenchmarkClicked,3,0,1.0,2,1.0,1,0,1,0,7,0,3,2,1.0,1,2,0,4,2.0,1,2.0,0,0,0.0,0,0.42857142857142855,0.5714285714285714,76,41,0.2857142857142857,7,8,6,1,0,4,4,1,4,0,0,1,1,1,8,0,8,0.9047619047619048,8,1.1428571428571428,7,6,8,0,6,1,0,6,2,1,0,0,1,0,1,7,8,14,624,525,3,0,2,20,1.5714285714285714,16,0,262,70,164,13,9210
2025-07-11,argo,com.techyourchance.android.screens.benchmarks.sharedprefs,SharedPrefsBenchmarkFragment,startBenchmark,2,2,0.0,5,0.6,1,0,1,0,10,0,2,0,1.0,0,4,1,7,2.0,1,2.0,0,0,0.0,0,0.42857142857142855,0.5714285714285714,76,41,0.2857142857142857,7,8,6,1,0,4,4,1,4,0,0,1,1,1,8,0,8,0.9047619047619048,8,1.1428571428571428,7,6,8,0,6,1,0,6,2,1,0,0,1,0,1,7,8,14,624,525,3,0,2,20,1.5714285714285714,16,0,262,70,164,13,9210
2025-07-11,argo,com.techyourchance.android.screens.benchmarks.sharedprefs,SharedPrefsBenchmarkFragment,newInstance,1,3,0.0,1,1.0,1,0,1,0,3,0,1,0,1.0,0,0,0,1,0.0,1,2.0,0,0,0.0,0,0.42857142857142855,0.5714285714285714,76,41,0.2857142857142857,7,8,6,1,0,4,4,1,4,0,0,1,1,1,8,0,8,0.9047619047619048,8,1.1428571428571428,7,6,8,0,6,1,0,6,2,1,0,0,1,0,1,7,8,14,624,525,3,1,2,20,1.5714285714285714,16,0,262,70,164,13,9210
2025-07-11,argo,com.techyourchance.android.screens.benchmarks.sharedprefs,SharedPrefsBenchmarkViewMvcImpl,bindBenchmarkResults,1,0,2.0,0,0.0,0,0,1,0,4,0,1,2,0.0,2,0,2,0,0.0,0,0.0,3,2,0.0,0,0.13333333333333333,0.8333333333333334,84,47,0.3333333333333333,6,4,3,1,0,4,5,0,4,0,0,4,0,0,0,0,6,0.9333333333333333,6,1.0,6,3,4,0,3,3,0,3,0,1,0,0,0,0,0,6,6,14,624,525,3,0,8,40,1.0,16,0,262,70,164,13,9210
2025-07-11,argo,com.techyourchance.android.screens.benchmarks.sharedprefs,SharedPrefsBenchmarkViewMvcImpl,bindChartResults,1,3,1.0,3,0.75,0,0,1,0,9,0,1,2,0.8,1,1,1,8,0.2,1,2.7142857142857144,2,0,0.0,0,0.13333333333333333,0.8333333333333334,84,47,0.3333333333333333,6,4,3,1,0,4,5,0,4,0,0,4,0,0,0,0,6,0.9333333333333333,6,1.0,6,3,4,0,3,3,0,3,0,1,0,0,0,0,0,6,6,14,624,525,3,0,8,40,1.0,16,0,262,70,164,13,9210
2025-07-11,argo,com.techyourchance.android.screens.benchmarks.sharedprefs,SharedPrefsBenchmarkViewMvcImpl,bindOtherResults,1,7,0.0,3,1.0,0,0,1,0,17,0,1,0,0.14285714285714285,0,1,1,15,0.1,2,2.3846153846153846,3,1,0.0,0,0.13333333333333333,0.8333333333333334,84,47,0.3333333333333333,6,4,3,1,0,4,5,0,4,0,0,4,0,0,0,0,6,0.9333333333333333,6,1.0,6,3,4,0,3,3,0,3,0,1,0,0,0,0,0,6,6,14,624,525,3,0,8,40,1.0,16,0,262,70,164,13,9210
2025-07-11,argo,com.techyourchance.android.screens.benchmarks.sharedprefs,SharedPrefsBenchmarkViewMvcImpl,toScatterChartDataSet,1,3,0.0,3,0.6667,0,0,1,0,10,0,1,0,0.0,0,0,2,10,0.0,1,2.6666666666666665,3,1,0.0,0,0.13333333333333333,0.8333333333333334,84,47,0.3333333333333333,6,4,3,1,0,4,5,0,4,0,0,4,0,0,0,0,6,0.9333333333333333,6,1.0,6,3,4,0,3,3,0,3,0,1,0,0,0,0,0,6,6,14,624,525,3,0,8,40,1.0,16,0,262,70,164,13,9210
2025-07-11,argo,com.techyourchance.android.screens.benchmarks.sharedprefs,SharedPrefsBenchmarkViewMvcImpl,showBenchmarkStarted,1,0,0.0,2,1.0,0,0,1,0,4,0,1,0,1.0,0,2,1,4,2.0,1,2.3333333333333335,0,0,0.0,0,0.13333333333333333,0.8333333333333334,84,47,0.3333333333333333,6,4,3,1,0,4,5,0,4,0,0,4,0,0,0,0,6,0.9333333333333333,6,1.0,6,3,4,0,3,3,0,3,0,1,0,0,0,0,0,6,6,14,624,525,3,0,8,40,1.0,16,0,262,70,164,13,9210
2025-07-11,argo,com.techyourchance.android.screens.benchmarks.sharedprefs,SharedPrefsBenchmarkViewMvcImpl,showBenchmarkStopped,1,0,0.0,1,1.0,0,0,1,0,3,0,1,0,1.0,0,1,1,3,1.0,0,2.5,0,0,0.0,0,0.13333333333333333,0.8333333333333334,84,47,0.3333333333333333,6,4,3,1,0,4,5,0,4,0,0,4,0,0,0,0,6,0.9333333333333333,6,1.0,6,3,4,0,3,3,0,3,0,1,0,0,0,0,0,6,6,14,624,525,3,0,8,40,1.0,16,0,262,70,164,13,9210
2025-07-11,argo,com.techyourchance.android.screens.biometricauth,BiometricAuthFragment,onCreate,1,0,0.0,1,1.0,1,0,1,0,4,0,1,0,0.0,1,0,1,1,0.0,1,2.0,1,1,0.0,0,0.13333333333333333,0.4,101,62,0.2,10,8,7,1,0,6,6,1,3,0,0,2,1,1,7,0,12,0.9777777777777777,12,1.2,10,7,8,0,8,2,0,8,2,1,0,0,1,0,1,10,11,14,624,525,3,0,2,30,1.4,10,0,178,70,164,10,9210
2025-07-11,argo,com.techyourchance.android.screens.biometricauth,BiometricAuthFragment,onCreateView,1,0,0.0,2,1.0,1,0,1,0,4,0,1,0,0.75,0,2,0,2,0.67,1,2.0,3,0,0.0,0,0.13333333333333333,0.4,101,62,0.2,10,8,7,1,0,6,6,1,3,0,0,2,1,1,7,0,12,0.9777777777777777,12,1.2,10,7,8,0,8,2,0,8,2,1,0,0,1,0,1,10,11,14,624,525,3,0,2,30,1.4,10,0,178,70,164,10,9210
2025-07-11,argo,com.techyourchance.android.screens.biometricauth,BiometricAuthFragment,onStart,1,0,0.0,1,1.0,1,0,1,0,5,0,1,0,1.0,1,2,0,2,2.0,1,2.0,0,0,0.0,0,0.13333333333333333,0.4,101,62,0.2,10,8,7,1,0,6,6,1,3,0,0,2,1,1,7,0,12,0.9777777777777777,12,1.2,10,7,8,0,8,2,0,8,2,1,0,0,1,0,1,10,11,14,624,525,3,0,2,30,1.4,10,0,178,70,164,10,9210
2025-07-11,argo,com.techyourchance.android.screens.biometricauth,BiometricAuthFragment,onStop,1,0,0.0,1,1.0,1,0,1,0,5,0,1,0,1.0,1,2,0,2,2.0,1,2.0,0,0,0.0,0,0.13333333333333333,0.4,101,62,0.2,10,8,7,1,0,6,6,1,3,0,0,2,1,1,7,0,12,0.9777777777777777,12,1.2,10,7,8,0,8,2,0,8,2,1,0,0,1,0,1,10,11,14,624,525,3,0,2,30,1.4,10,0,178,70,164,10,9210
2025-07-11,argo,com.techyourchance.android.screens.biometricauth,BiometricAuthFragment,onAuthenticateClicked,1,0,1.0,0,0.0,1,0,1,0,3,0,1,1,0.0,1,0,1,0,0.0,0,0.0,0,1,0.0,0,0.13333333333333333,0.4,101,62,0.2,10,8,7,1,0,6,6,1,3,0,0,2,1,1,7,0,12,0.9777777777777777,12,1.2,10,7,8,0,8,2,0,8,2,1,0,0,1,0,1,10,11,14,624,525,3,0,2,30,1.4,10,0,178,70,164,10,9210
2025-07-11,argo,com.techyourchance.android.screens.biometricauth,BiometricAuthFragment,authenticate,1,0,0.0,0,0.0,1,0,1,0,3,0,1,0,1.0,1,1,0,6,1.0,0,3.3333333333333335,0,0,0.0,0,0.13333333333333333,0.4,101,62,0.2,10,8,7,1,0,6,6,1,3,0,0,2,1,1,7,0,12,0.9777777777777777,12,1.2,10,7,8,0,8,2,0,8,2,1,0,0,1,0,1,10,11,14,624,525,3,0,2,30,1.4,10,0,178,70,164,10,9210
2025-07-11,argo,com.techyourchance.android.screens.biometricauth,BiometricAuthFragment,onBiometricAuthResult,2,0,1.0,4,0.25,1,0,1,0,19,1,2,1,0.5714285714285714,1,1,0,7,1.0,1,2.4545454545454546,1,0,0.0,0,0.13333333333333333,0.4,101,62,0.2,10,8,7,1,0,6,6,1,3,0,0,2,1,1,7,0,12,0.9777777777777777,12,1.2,10,7,8,0,8,2,0,8,2,1,0,0,1,0,1,10,11,14,624,525,3,0,2,30,1.4,10,0,178,70,164,10,9210
2025-07-11,argo,com.techyourchance.android.screens.biometricauth,BiometricAuthFragment,launchBiometricEnrollment,3,1,0.0,3,1.0,1,0,1,0,9,1,3,0,1.0,0,1,0,7,1.0,1,2.8333333333333335,0,0,0.0,0,0.13333333333333333,0.4,101,62,0.2,10,8,7,1,0,6,6,1,3,0,0,2,1,1,7,0,12,0.9777777777777777,12,1.2,10,7,8,0,8,2,0,8,2,1,0,0,1,0,1,10,11,14,624,525,3,0,2,30,1.4,10,0,178,70,164,10,9210
2025-07-11,argo,com.techyourchance.android.screens.biometricauth,BiometricAuthFragment,onEvent,2,0,0.0,2,1.0,1,0,1,0,7,1,2,0,0.5,0,1,0,2,1.0,1,2.0,1,0,0.0,0,0.13333333333333333,0.4,101,62,0.2,10,8,7,1,0,6,6,1,3,0,0,2,1,1,7,0,12,0.9777777777777777,12,1.2,10,7,8,0,8,2,0,8,2,1,0,0,1,0,1,10,11,14,624,525,3,0,2,30,1.4,10,0,178,70,164,10,9210
2025-07-11,argo,com.techyourchance.android.screens.biometricauth,BiometricAuthFragment,newInstance,1,1,0.0,1,1.0,1,0,1,0,3,0,1,0,1.0,0,0,0,1,0.0,1,2.0,0,0,0.0,0,0.13333333333333333,0.4,101,62,0.2,10,8,7,1,0,6,6,1,3,0,0,2,1,1,7,0,12,0.9777777777777777,12,1.2,10,7,8,0,8,2,0,8,2,1,0,0,1,0,1,10,11,14,624,525,3,1,2,30,1.4,10,0,178,70,164,10,9210
2025-07-11,argo,com.techyourchance.android.screens.common,ScreensNavigator,init,2,0,0.0,6,0.6667,0,3,2,0,20,0,2,0,0.0,1,0,3,13,0.0,1,2.1666666666666665,1,1,0.0,0,0.0,0.6666666666666666,111,87,0.3333333333333333,9,0,0,1,0,6,1,0,0,0,0,0,0,0,0,0,13,0.9166666666666666,13,1.4444444444444444,9,0,0,0,4,5,0,4,2,1,0,0,0,0,0,13,13,14,624,525,3,0,4,72,2.4444444444444446,6,0,211,70,164,9,9210
2025-07-11,argo,com.techyourchance.android.screens.common,ScreensNavigator,getRootFragment,1,0,0.0,0,0.0,0,3,2,0,3,0,1,0,0.0,0,0,0,1,0.0,0,0.0,0,0,0.0,0,0.0,0.6666666666666666,111,87,0.3333333333333333,9,0,0,1,0,6,1,0,0,0,0,0,0,0,0,0,13,0.9166666666666666,13,1.4444444444444444,9,0,0,0,4,5,0,4,2,1,0,0,0,0,0,13,13,14,624,525,3,0,4,72,2.4444444444444446,6,0,211,70,164,9,9210
2025-07-11,argo,com.techyourchance.android.screens.common,ScreensNavigator,onSaveInstanceState,1,0,0.0,0,0.0,0,3,2,0,3,0,1,0,0.0,1,0,1,1,0.0,1,2.0,1,1,0.0,0,0.0,0.6666666666666666,111,87,0.3333333333333333,9,0,0,1,0,6,1,0,0,0,0,0,0,0,0,0,13,0.9166666666666666,13,1.4444444444444444,9,0,0,0,4,5,0,4,2,1,0,0,0,0,0,13,13,14,624,525,3,0,4,72,2.4444444444444446,6,0,211,70,164,9,9210
2025-07-11,argo,com.techyourchance.android.screens.common,ScreensNavigator,toScreen,5,1,1.0,22,0.2174,0,3,2,0,36,1,5,1,0.0,2,0,0,43,0.0,1,2.0,2,0,0.0,0,0.0,0.6666666666666666,111,87,0.3333333333333333,9,0,0,1,0,6,1,0,0,0,0,0,0,0,0,0,13,0.9166666666666666,13,1.4444444444444444,9,0,0,0,4,5,0,4,2,1,0,0,0,0,0,13,13,14,624,525,3,0,4,72,2.4444444444444446,6,0,211,70,164,9,9210
2025-07-11,argo,com.techyourchance.android.screens.common,ScreensNavigator,navigateBack,5,1,0.0,7,0.8571,0,3,2,0,14,2,5,0,0.0,0,0,0,8,0.0,1,2.111111111111111,0,0,0.0,0,0.0,0.6666666666666666,111,87,0.3333333333333333,9,0,0,1,0,6,1,0,0,0,0,0,0,0,0,0,13,0.9166666666666666,13,1.4444444444444444,9,0,0,0,4,5,0,4,2,1,0,0,0,0,0,13,13,14,624,525,3,0,4,72,2.4444444444444446,6,0,211,70,164,9,9210
2025-07-11,argo,com.techyourchance.android.screens.common,ScreensNavigator,toFragment,5,0,1.0,3,0.3333,0,3,2,0,10,1,5,1,0.0,2,0,0,5,0.0,1,2.0,2,0,0.0,0,0.0,0.6666666666666666,111,87,0.3333333333333333,9,0,0,1,0,6,1,0,0,0,0,0,0,0,0,0,13,0.9166666666666666,13,1.4444444444444444,9,0,0,0,4,5,0,4,2,1,0,0,0,0,0,13,13,14,624,525,3,0,4,72,2.4444444444444446,6,0,211,70,164,9,9210
2025-07-11,argo,com.techyourchance.android.screens.common,ScreensNavigator,isFragmentMustBeRoot,1,1,0.0,0,0.0,0,3,2,0,4,0,1,0,0.0,0,0,0,0,0.0,0,2.0,1,0,0.0,0,0.0,0.6666666666666666,111,87,0.3333333333333333,9,0,0,1,0,6,1,0,0,0,0,0,0,0,0,0,13,0.9166666666666666,13,1.4444444444444444,9,0,0,0,4,5,0,4,2,1,0,0,0,0,0,13,13,14,624,525,3,0,4,72,2.4444444444444446,6,0,211,70,164,9,9210
2025-07-11,argo,com.techyourchance.android.screens.common,ScreensNavigator,shouldReplaceCurrentFragment,1,1,0.0,0,0.0,0,3,2,0,4,0,1,0,0.0,0,0,0,0,0.0,0,2.0,1,0,0.0,0,0.0,0.6666666666666666,111,87,0.3333333333333333,9,0,0,1,0,6,1,0,0,0,0,0,0,0,0,0,13,0.9166666666666666,13,1.4444444444444444,9,0,0,0,4,5,0,4,2,1,0,0,0,0,0,13,13,14,624,525,3,0,4,72,2.4444444444444446,6,0,211,70,164,9,9210
2025-07-11,argo,com.techyourchance.android.screens.common,ScreensNavigator,getCurrentActivityName,1,0,0.0,1,1.0,0,3,2,0,3,0,1,0,0.0,0,0,0,1,0.0,1,2.0,0,0,0.0,0,0.0,0.6666666666666666,111,87,0.3333333333333333,9,0,0,1,0,6,1,0,0,0,0,0,0,0,0,0,13,0.9166666666666666,13,1.4444444444444444,9,0,0,0,4,5,0,4,2,1,0,0,0,0,0,13,13,14,624,525,3,0,4,72,2.4444444444444446,6,0,211,70,164,9,9210
2025-07-11,argo,com.techyourchance.android.screens.common.activities,BaseViewsActivity,onCreate,3,1,1.0,6,0.8333,1,0,1,0,15,2,3,1,0.625,2,3,4,10,1.5,1,2.375,1,3,0.0,0,0.26666666666666666,0.5,68,40,0.16666666666666666,6,5,5,1,0,6,7,0,2,0,0,1,0,0,4,0,10,0.9333333333333333,10,1.6666666666666667,6,5,5,0,5,1,0,5,2,0,0,0,0,0,0,7,7,14,624,525,2,0,5,25,1.6666666666666667,6,0,155,70,164,6,9210
2025-07-11,argo,com.techyourchance.android.screens.common.activities,BaseViewsActivity,addDebugDrawerIfNeeded,2,0,0.0,2,1.0,1,0,1,0,5,1,2,0,0.0,0,0,0,7,0.0,0,3.3333333333333335,0,0,0.0,0,0.26666666666666666,0.5,68,40,0.16666666666666666,6,5,5,1,0,6,7,0,2,0,0,1,0,0,4,0,10,0.9333333333333333,10,1.6666666666666667,6,5,5,0,5,1,0,5,2,0,0,0,0,0,0,7,7,14,624,525,2,0,5,25,1.6666666666666667,6,0,155,70,164,6,9210
2025-07-11,argo,com.techyourchance.android.screens.common.activities,BaseViewsActivity,onDestroy,1,0,0.0,1,1.0,1,0,1,0,4,0,1,0,1.0,1,1,0,1,1.0,1,2.0,0,0,0.0,0,0.26666666666666666,0.5,68,40,0.16666666666666666,6,5,5,1,0,6,7,0,2,0,0,1,0,0,4,0,10,0.9333333333333333,10,1.6666666666666667,6,5,5,0,5,1,0,5,2,0,0,0,0,0,0,7,7,14,624,525,2,0,5,25,1.6666666666666667,6,0,155,70,164,6,9210
2025-07-11,argo,com.techyourchance.android.screens.common.activities,BaseViewsActivity,onNewIntent,2,1,0.0,3,1.0,1,0,1,0,8,1,2,0,0.3333333333333333,1,1,1,5,0.5,1,2.25,1,1,0.0,0,0.26666666666666666,0.5,68,40,0.16666666666666666,6,5,5,1,0,6,7,0,2,0,0,1,0,0,4,0,10,0.9333333333333333,10,1.6666666666666667,6,5,5,0,5,1,0,5,2,0,0,0,0,0,0,7,7,14,624,525,2,0,5,25,1.6666666666666667,6,0,155,70,164,6,9210
2025-07-11,argo,com.techyourchance.android.screens.common.activities,BaseViewsActivity,onSaveInstanceState,1,0,0.0,0,0.0,1,0,1,0,4,0,1,0,0.3333333333333333,1,1,0,1,1.0,1,2.0,1,0,0.0,0,0.26666666666666666,0.5,68,40,0.16666666666666666,6,5,5,1,0,6,7,0,2,0,0,1,0,0,4,0,10,0.9333333333333333,10,1.6666666666666667,6,5,5,0,5,1,0,5,2,0,0,0,0,0,0,7,7,14,624,525,2,0,5,25,1.6666666666666667,6,0,155,70,164,6,9210
2025-07-11,argo,com.techyourchance.android.screens.common.activities,BaseViewsActivity,onRequestPermissionsResult,1,0,0.0,0,0.0,1,0,1,0,4,0,1,0,0.14285714285714285,1,1,0,1,0.33,1,2.0,3,0,0.0,0,0.26666666666666666,0.5,68,40,0.16666666666666666,6,5,5,1,0,6,7,0,2,0,0,1,0,0,4,0,10,0.9333333333333333,10,1.6666666666666667,6,5,5,0,5,1,0,5,2,0,0,0,0,0,0,7,7,14,624,525,2,0,5,25,1.6666666666666667,6,0,155,70,164,6,9210
2025-07-11,argo,com.techyourchance.android.screens.common.dialogs,BaseDialog,onStart,1,0,1.0,0,0.0,1,4,1,0,5,0,1,2,1.0,2,1,1,0,1.0,1,2.0,0,1,0.0,1,0.13333333333333333,0.9,87,35,0.3333333333333333,6,9,2,3,0,3,6,0,5,3,0,3,0,0,6,2,11,0.8888888888888888,11,1.2222222222222223,10,2,9,0,3,5,2,3,3,0,0,1,0,0,0,10,9,14,624,525,4,0,7,31,1.6666666666666667,24,0,444,70,164,29,9210
2025-07-11,argo,com.techyourchance.android.screens.common.dialogs,BaseDialog,onCreateDialogInternal,0,0,2.0,0,0.0,1,4,1,0,0,0,0,0,0.0,0,0,0,0,0.0,0,0.0,1,0,0.0,1,0.13333333333333333,0.9,87,35,0.3333333333333333,6,9,2,3,0,3,6,0,5,3,0,3,0,0,6,2,11,0.8888888888888888,11,1.2222222222222223,10,2,9,0,3,5,2,3,3,0,0,1,0,0,0,10,9,14,624,525,4,0,7,31,1.6666666666666667,24,0,444,70,164,29,9210
2025-07-11,argo,com.techyourchance.android.screens.common.dialogs,BaseDialog,onCreateDialog,1,1,3.0,0,0.0,1,4,1,0,6,0,1,4,0.0,3,0,2,1,0.0,0,0.0,1,2,0.0,1,0.13333333333333333,0.9,87,35,0.3333333333333333,6,9,2,3,0,3,6,0,5,3,0,3,0,0,6,2,11,0.8888888888888888,11,1.2222222222222223,10,2,9,0,3,5,2,3,3,0,0,1,0,0,0,10,9,14,624,525,4,0,7,31,1.6666666666666667,24,0,444,70,164,29,9210
2025-07-11,argo,com.techyourchance.android.screens.common.dialogs,BaseDialog,preventSystemUiReappearingWhenDialogShown,1,1,0.0,3,0.6667,1,4,1,0,6,0,1,0,0.0,0,0,3,14,0.0,0,3.142857142857143,1,2,0.0,1,0.13333333333333333,0.9,87,35,0.3333333333333333,6,9,2,3,0,3,6,0,5,3,0,3,0,0,6,2,11,0.8888888888888888,11,1.2222222222222223,10,2,9,0,3,5,2,3,3,0,0,1,0,0,0,10,9,14,624,525,4,0,7,31,1.6666666666666667,24,0,444,70,164,29,9210
2025-07-11,argo,com.techyourchance.android.screens.common.dialogs,BaseDialog,removeDefaultFrameFromDialog,1,1,0.0,1,1.0,1,4,1,0,4,0,1,0,0.0,0,0,1,2,0.0,0,2.5,1,1,0.0,1,0.13333333333333333,0.9,87,35,0.3333333333333333,6,9,2,3,0,3,6,0,5,3,0,3,0,0,6,2,11,0.8888888888888888,11,1.2222222222222223,10,2,9,0,3,5,2,3,3,0,0,1,0,0,0,10,9,14,624,525,4,0,7,31,1.6666666666666667,24,0,444,70,164,29,9210
2025-07-11,argo,com.techyourchance.android.screens.common.dialogs,BaseDialog,setTargetWidthPx,2,0,0.0,0,0.0,1,4,1,0,7,1,2,1,1.0,1,2,0,2,3.0,0,2.0,1,0,0.0,1,0.13333333333333333,0.9,87,35,0.3333333333333333,6,9,2,3,0,3,6,0,5,3,0,3,0,0,6,2,11,0.8888888888888888,11,1.2222222222222223,10,2,9,0,3,5,2,3,3,0,0,1,0,0,0,10,9,14,624,525,4,0,7,31,1.6666666666666667,24,0,444,70,164,29,9210
2025-07-11,argo,com.techyourchance.android.screens.common.dialogs,BaseDialog,setTargetHeightPx,2,0,0.0,0,0.0,1,4,1,0,7,1,2,1,1.0,1,2,0,2,3.0,0,2.0,1,0,0.0,1,0.13333333333333333,0.9,87,35,0.3333333333333333,6,9,2,3,0,3,6,0,5,3,0,3,0,0,6,2,11,0.8888888888888888,11,1.2222222222222223,10,2,9,0,3,5,2,3,3,0,0,1,0,0,0,10,9,14,624,525,4,0,7,31,1.6666666666666667,24,0,444,70,164,29,9210
2025-07-11,argo,com.techyourchance.android.screens.common.dialogs,BaseDialog,adjustDialogWindowSize,5,1,0.0,2,0.5,1,4,1,0,14,0,5,2,1.0,2,4,0,2,4.0,1,2.8,0,0,0.0,1,0.13333333333333333,0.9,87,35,0.3333333333333333,6,9,2,3,0,3,6,0,5,3,0,3,0,0,6,2,11,0.8888888888888888,11,1.2222222222222223,10,2,9,0,3,5,2,3,3,0,0,1,0,0,0,10,9,14,624,525,4,0,7,31,1.6666666666666667,24,0,444,70,164,29,9210
2025-07-11,argo,com.techyourchance.android.screens.common.dialogs,BaseDialog,getDefaultWidth,1,1,0.0,2,1.0,1,4,1,0,4,0,1,0,1.0,0,1,0,4,1.0,0,3.0,0,0,0.0,1,0.13333333333333333,0.9,87,35,0.3333333333333333,6,9,2,3,0,3,6,0,5,3,0,3,0,0,6,2,11,0.8888888888888888,11,1.2222222222222223,10,2,9,0,3,5,2,3,3,0,0,1,0,0,0,10,9,14,624,525,4,0,7,31,1.6666666666666667,24,0,444,70,164,29,9210
2025-07-11,argo,com.techyourchance.android.screens.common.dialogs,BaseDialog,getDefaultHeight,1,1,0.0,2,1.0,1,4,1,0,4,0,1,0,1.0,0,1,0,4,1.0,0,3.0,0,0,0.0,1,0.13333333333333333,0.9,87,35,0.3333333333333333,6,9,2,3,0,3,6,0,5,3,0,3,0,0,6,2,11,0.8888888888888888,11,1.2222222222222223,10,2,9,0,3,5,2,3,3,0,0,1,0,0,0,10,9,14,624,525,4,0,7,31,1.6666666666666667,24,0,444,70,164,29,9210
2025-07-11,argo,com.techyourchance.android.screens.common.dialogs,DialogsNavigator,getCurrentlyShownDialog,1,0,0.0,0,0.0,0,5,1,0,3,0,1,0,0.0,0,0,0,0,0.0,0,2.0,0,0,0.0,0,0.005847953216374269,0.15789473684210525,79,42,0.6428571428571429,19,1,0,0,0,10,4,0,1,0,0,1,0,0,0,0,19,0.7485380116959064,19,1.0,19,0,1,0,16,3,0,16,0,1,0,0,0,0,0,19,19,14,624,525,4,0,12,50,1.0,24,0,444,70,164,29,9210
2025-07-11,argo,com.techyourchance.android.screens.common.dialogs,DialogsNavigator,getCurrentlyShownDialogId,1,0,0.0,0,0.0,0,5,1,0,3,0,1,0,0.0,0,0,0,0,0.0,0,2.0,0,0,0.0,0,0.005847953216374269,0.15789473684210525,79,42,0.6428571428571429,19,1,0,0,0,10,4,0,1,0,0,1,0,0,0,0,19,0.7485380116959064,19,1.0,19,0,1,0,16,3,0,16,0,1,0,0,0,0,0,19,19,14,624,525,4,0,12,50,1.0,24,0,444,70,164,29,9210
2025-07-11,argo,com.techyourchance.android.screens.common.dialogs,DialogsNavigator,isDialogCurrentlyShown,1,0,0.0,0,0.0,0,5,1,0,3,0,1,0,0.0,0,0,0,0,0.0,0,2.0,1,0,0.0,0,0.005847953216374269,0.15789473684210525,79,42,0.6428571428571429,19,1,0,0,0,10,4,0,1,0,0,1,0,0,0,0,19,0.7485380116959064,19,1.0,19,0,1,0,16,3,0,16,0,1,0,0,0,0,0,19,19,14,624,525,4,0,12,50,1.0,24,0,444,70,164,29,9210
2025-07-11,argo,com.techyourchance.android.screens.common.dialogs,DialogsNavigator,dismissCurrentlyShownDialog,1,0,0.0,0,0.0,0,5,1,0,3,0,1,0,0.0,1,0,1,1,0.0,1,2.0,0,1,0.0,0,0.005847953216374269,0.15789473684210525,79,42,0.6428571428571429,19,1,0,0,0,10,4,0,1,0,0,1,0,0,0,0,19,0.7485380116959064,19,1.0,19,0,1,0,16,3,0,16,0,1,0,0,0,0,0,19,19,14,624,525,4,0,12,50,1.0,24,0,444,70,164,29,9210
2025-07-11,argo,com.techyourchance.android.screens.common.dialogs,DialogsNavigator,getDialogId,1,0,0.0,0,0.0,0,5,1,0,3,0,1,0,0.0,1,0,0,1,0.0,1,2.0,1,0,0.0,0,0.005847953216374269,0.15789473684210525,79,42,0.6428571428571429,19,1,0,0,0,10,4,0,1,0,0,1,0,0,0,0,19,0.7485380116959064,19,1.0,19,0,1,0,16,3,0,16,0,1,0,0,0,0,0,19,19,14,624,525,4,0,12,50,1.0,24,0,444,70,164,29,9210
2025-07-11,argo,com.techyourchance.android.screens.common.dialogs,DialogsNavigator,getString,1,0,0.0,0,0.0,0,5,1,0,3,0,1,0,0.0,1,0,0,1,0.0,1,2.0,2,0,0.0,0,0.005847953216374269,0.15789473684210525,79,42,0.6428571428571429,19,1,0,0,0,10,4,0,1,0,0,1,0,0,0,0,19,0.7485380116959064,19,1.0,19,0,1,0,16,3,0,16,0,1,0,0,0,0,0,19,19,14,624,525,4,0,12,50,1.0,24,0,444,70,164,29,9210
2025-07-11,argo,com.techyourchance.android.screens.common.dialogs,DialogsNavigator,showPromptDialog,1,0,0.0,1,1.0,0,5,1,0,3,0,1,0,0.16666666666666666,0,1,0,3,0.2,0,2.5,5,0,0.0,0,0.005847953216374269,0.15789473684210525,79,42,0.6428571428571429,19,1,0,0,0,10,4,0,1,0,0,1,0,0,0,0,19,0.7485380116959064,19,1.0,19,0,1,0,16,3,0,16,0,1,0,0,0,0,0,19,19,14,624,525,4,0,12,50,1.0,24,0,444,70,164,29,9210
2025-07-11,argo,com.techyourchance.android.screens.common.dialogs,DialogsNavigator,showInfoDialog,1,0,0.0,1,1.0,0,5,1,0,3,0,1,0,0.2,0,1,0,3,0.25,0,2.5,4,0,0.0,0,0.005847953216374269,0.15789473684210525,79,42,0.6428571428571429,19,1,0,0,0,10,4,0,1,0,0,1,0,0,0,0,19,0.7485380116959064,19,1.0,19,0,1,0,16,3,0,16,0,1,0,0,0,0,0,19,19,14,624,525,4,0,12,50,1.0,24,0,444,70,164,29,9210
2025-07-11,argo,com.techyourchance.android.screens.common.dialogs,DialogsNavigator,showServerErrorDialog,1,0,1.0,1,1.0,0,5,1,0,3,0,1,2,0.0,2,0,1,4,0.0,0,3.0,1,1,0.0,0,0.005847953216374269,0.15789473684210525,79,42,0.6428571428571429,19,1,0,0,0,10,4,0,1,0,0,1,0,0,0,0,19,0.7485380116959064,19,1.0,19,0,1,0,16,3,0,16,0,1,0,0,0,0,0,19,19,14,624,525,4,0,12,50,1.0,24,0,444,70,164,29,9210
2025-07-11,argo,com.techyourchance.android.screens.common.dialogs,DialogsNavigator,showBiometricAuthNotSupportedInfoDialog,1,0,1.0,1,1.0,0,5,1,0,3,0,1,2,0.0,2,0,1,4,0.0,0,3.0,1,1,0.0,0,0.005847953216374269,0.15789473684210525,79,42,0.6428571428571429,19,1,0,0,0,10,4,0,1,0,0,1,0,0,0,0,19,0.7485380116959064,19,1.0,19,0,1,0,16,3,0,16,0,1,0,0,0,0,0,19,19,14,624,525,4,0,12,50,1.0,24,0,444,70,164,29,9210
2025-07-11,argo,com.techyourchance.android.screens.common.dialogs,DialogsNavigator,showBiometricAuthSuccessDialog,1,0,1.0,1,1.0,0,5,1,0,3,0,1,2,0.0,2,0,1,4,0.0,0,3.0,1,1,0.0,0,0.005847953216374269,0.15789473684210525,79,42,0.6428571428571429,19,1,0,0,0,10,4,0,1,0,0,1,0,0,0,0,19,0.7485380116959064,19,1.0,19,0,1,0,16,3,0,16,0,1,0,0,0,0,0,19,19,14,624,525,4,0,12,50,1.0,24,0,444,70,164,29,9210
2025-07-11,argo,com.techyourchance.android.screens.common.dialogs,DialogsNavigator,showBiometricAuthCancelDialog,1,0,1.0,1,1.0,0,5,1,0,3,0,1,2,0.0,2,0,1,4,0.0,0,3.0,1,1,0.0,0,0.005847953216374269,0.15789473684210525,79,42,0.6428571428571429,19,1,0,0,0,10,4,0,1,0,0,1,0,0,0,0,19,0.7485380116959064,19,1.0,19,0,1,0,16,3,0,16,0,1,0,0,0,0,0,19,19,14,624,525,4,0,12,50,1.0,24,0,444,70,164,29,9210
2025-07-11,argo,com.techyourchance.android.screens.common.dialogs,DialogsNavigator,showBiometricAuthErrorDialog,1,0,1.0,1,1.0,0,5,1,0,3,0,1,2,0.0,2,0,1,4,0.0,0,3.0,3,1,0.0,0,0.005847953216374269,0.15789473684210525,79,42,0.6428571428571429,19,1,0,0,0,10,4,0,1,0,0,1,0,0,0,0,19,0.7485380116959064,19,1.0,19,0,1,0,16,3,0,16,0,1,0,0,0,0,0,19,19,14,624,525,4,0,12,50,1.0,24,0,444,70,164,29,9210
2025-07-11,argo,com.techyourchance.android.screens.common.dialogs,DialogsNavigator,showBiometricEnrollmentCancelledDialog,1,0,1.0,1,1.0,0,5,1,0,3,0,1,2,0.0,2,0,1,4,0.0,0,3.0,1,1,0.0,0,0.005847953216374269,0.15789473684210525,79,42,0.6428571428571429,19,1,0,0,0,10,4,0,1,0,0,1,0,0,0,0,19,0.7485380116959064,19,1.0,19,0,1,0,16,3,0,16,0,1,0,0,0,0,0,19,19,14,624,525,4,0,12,50,1.0,24,0,444,70,164,29,9210
2025-07-11,argo,com.techyourchance.android.screens.common.dialogs,DialogsNavigator,showInvalidFibonacciArgumentDialog,1,0,1.0,1,1.0,0,5,1,0,3,0,1,2,0.0,2,0,1,4,0.0,0,3.0,2,1,0.0,0,0.005847953216374269,0.15789473684210525,79,42,0.6428571428571429,19,1,0,0,0,10,4,0,1,0,0,1,0,0,0,0,19,0.7485380116959064,19,1.0,19,0,1,0,16,3,0,16,0,1,0,0,0,0,0,19,19,14,624,525,4,0,12,50,1.0,24,0,444,70,164,29,9210
2025-07-11,argo,com.techyourchance.android.screens.common.dialogs,DialogsNavigator,showForegroundServiceWithoutNotificationInfoDialog,1,0,1.0,1,1.0,0,5,1,0,3,0,1,2,0.0,2,0,1,4,0.0,0,3.0,1,1,0.0,0,0.005847953216374269,0.15789473684210525,79,42,0.6428571428571429,19,1,0,0,0,10,4,0,1,0,0,1,0,0,0,0,19,0.7485380116959064,19,1.0,19,0,1,0,16,3,0,16,0,1,0,0,0,0,0,19,19,14,624,525,4,0,12,50,1.0,24,0,444,70,164,29,9210
2025-07-11,argo,com.techyourchance.android.screens.common.dialogs,DialogsNavigator,showUpdateApkPromptDialog,1,0,1.0,1,1.0,0,5,1,0,3,0,1,3,0.0,2,0,1,5,0.0,0,3.0,2,1,0.0,0,0.005847953216374269,0.15789473684210525,79,42,0.6428571428571429,19,1,0,0,0,10,4,0,1,0,0,1,0,0,0,0,19,0.7485380116959064,19,1.0,19,0,1,0,16,3,0,16,0,1,0,0,0,0,0,19,19,14,624,525,4,0,12,50,1.0,24,0,444,70,164,29,9210
2025-07-11,argo,com.techyourchance.android.screens.common.dialogs,DialogsNavigator,showProgressDialog,1,0,0.0,1,1.0,0,5,1,0,3,0,1,0,0.0,0,0,1,2,0.0,0,3.0,2,1,0.0,0,0.005847953216374269,0.15789473684210525,79,42,0.6428571428571429,19,1,0,0,0,10,4,0,1,0,0,1,0,0,0,0,19,0.7485380116959064,19,1.0,19,0,1,0,16,3,0,16,0,1,0,0,0,0,0,19,19,14,624,525,4,0,12,50,1.0,24,0,444,70,164,29,9210
2025-07-11,argo,com.techyourchance.android.screens.common.dialogs,DialogsNavigator,showCancellableProgressDialog,1,0,0.0,1,1.0,0,5,1,0,3,0,1,0,0.0,0,0,1,2,0.0,0,3.0,2,1,0.0,0,0.005847953216374269,0.15789473684210525,79,42,0.6428571428571429,19,1,0,0,0,10,4,0,1,0,0,1,0,0,0,0,19,0.7485380116959064,19,1.0,19,0,1,0,16,3,0,16,0,1,0,0,0,0,0,19,19,14,624,525,4,0,12,50,1.0,24,0,444,70,164,29,9210
2025-07-11,argo,com.techyourchance.android.screens.common.dialogs.info,InfoDialog,onCreate,1,0,0.0,1,1.0,1,5,1,0,5,0,1,0,0.0,1,0,2,1,0.0,1,2.0,1,1,0.0,0,0.0,0.125,56,12,0.0,8,1,8,1,0,4,3,1,3,0,0,3,3,3,1,0,8,0.9642857142857143,8,1.0,8,8,1,0,8,0,0,8,2,1,0,0,1,0,1,8,9,14,624,525,2,0,4,7,1.0,3,0,78,70,164,8,9210
2025-07-11,argo,com.techyourchance.android.screens.common.dialogs.info,InfoDialog,getDialogImageUri,1,0,0.0,0,0.0,1,5,1,0,3,0,1,0,0.0,0,0,0,0,0.0,0,0.0,0,0,0.0,0,0.0,0.125,56,12,0.0,8,1,8,1,0,4,3,1,3,0,0,3,3,3,1,0,8,0.9642857142857143,8,1.0,8,8,1,0,8,0,0,8,2,1,0,0,1,0,1,8,9,14,624,525,2,0,4,7,1.0,3,0,78,70,164,8,9210
2025-07-11,argo,com.techyourchance.android.screens.common.dialogs.info,InfoDialog,getMessage,1,0,0.0,1,1.0,1,5,1,0,3,0,1,0,0.0,0,0,0,1,0.0,1,2.0,0,0,0.0,0,0.0,0.125,56,12,0.0,8,1,8,1,0,4,3,1,3,0,0,3,3,3,1,0,8,0.9642857142857143,8,1.0,8,8,1,0,8,0,0,8,2,1,0,0,1,0,1,8,9,14,624,525,2,0,4,7,1.0,3,0,78,70,164,8,9210
2025-07-11,argo,com.techyourchance.android.screens.common.dialogs.info,InfoDialog,getPositiveButtonCaption,1,0,0.0,1,1.0,1,5,1,0,3,0,1,0,0.0,0,0,0,1,0.0,1,2.0,0,0,0.0,0,0.0,0.125,56,12,0.0,8,1,8,1,0,4,3,1,3,0,0,3,3,3,1,0,8,0.9642857142857143,8,1.0,8,8,1,0,8,0,0,8,2,1,0,0,1,0,1,8,9,14,624,525,2,0,4,7,1.0,3,0,78,70,164,8,9210
2025-07-11,argo,com.techyourchance.android.screens.common.dialogs.info,InfoDialog,getNegativeButtonCaption,1,0,0.0,0,0.0,1,5,1,0,3,0,1,0,0.0,0,0,0,0,0.0,0,0.0,0,0,0.0,0,0.0,0.125,56,12,0.0,8,1,8,1,0,4,3,1,3,0,0,3,3,3,1,0,8,0.9642857142857143,8,1.0,8,8,1,0,8,0,0,8,2,1,0,0,1,0,1,8,9,14,624,525,2,0,4,7,1.0,3,0,78,70,164,8,9210
2025-07-11,argo,com.techyourchance.android.screens.common.dialogs.info,InfoDialog,getPayload,1,0,0.0,1,1.0,1,5,1,0,3,0,1,0,0.0,0,0,0,1,0.0,1,2.0,0,0,0.0,0,0.0,0.125,56,12,0.0,8,1,8,1,0,4,3,1,3,0,0,3,3,3,1,0,8,0.9642857142857143,8,1.0,8,8,1,0,8,0,0,8,2,1,0,0,1,0,1,8,9,14,624,525,2,0,4,7,1.0,3,0,78,70,164,8,9210
2025-07-11,argo,com.techyourchance.android.screens.common.dialogs.info,InfoDialog,onPositiveButtonClicked,1,0,0.0,1,1.0,1,5,1,0,4,0,1,0,1.0,0,1,1,2,1.0,1,2.0,0,1,0.0,0,0.0,0.125,56,12,0.0,8,1,8,1,0,4,3,1,3,0,0,3,3,3,1,0,8,0.9642857142857143,8,1.0,8,8,1,0,8,0,0,8,2,1,0,0,1,0,1,8,9,14,624,525,2,0,4,7,1.0,3,0,78,70,164,8,9210
2025-07-11,argo,com.techyourchance.android.screens.common.dialogs.info,InfoDialog,newInstance,1,5,0.0,0,0.0,1,5,1,0,3,0,1,0,0.0,0,0,1,1,0.0,0,0.0,0,0,0.0,0,0.0,0.125,56,12,0.0,8,1,8,1,0,4,3,1,3,0,0,3,3,3,1,0,8,0.9642857142857143,8,1.0,8,8,1,0,8,0,0,8,2,1,0,0,1,0,1,8,9,14,624,525,2,1,4,7,1.0,3,0,78,70,164,8,9210
2025-07-11,argo,com.techyourchance.android.screens.common.dialogs.progress,ProgressDialog,onCreate,1,0,0.0,3,1.0,1,0,1,0,7,0,1,0,0.5,1,1,2,3,1.0,1,2.0,1,1,0.0,0,0.3333333333333333,0.5,59,29,0.0,4,5,4,1,0,3,3,1,6,0,0,2,2,2,5,0,5,0.8333333333333334,5,1.25,4,4,5,0,4,0,0,4,2,1,0,0,1,0,1,4,5,14,624,525,2,0,3,15,1.25,4,0,77,70,164,4,9210
2025-07-11,argo,com.techyourchance.android.screens.common.dialogs.progress,ProgressDialog,onCreateDialogInternal,2,1,0.0,3,1.0,1,0,1,0,14,1,2,0,1.0,0,4,1,10,2.0,2,2.75,1,1,0.0,0,0.3333333333333333,0.5,59,29,0.0,4,5,4,1,0,3,3,1,6,0,0,2,2,2,5,0,5,0.8333333333333334,5,1.25,4,4,5,0,4,0,0,4,2,1,0,0,1,0,1,4,5,14,624,525,2,0,3,15,1.25,4,0,77,70,164,4,9210
2025-07-11,argo,com.techyourchance.android.screens.common.dialogs.progress,ProgressDialog,onCancel,1,0,0.0,1,1.0,1,0,1,0,4,0,1,0,0.5,1,1,0,1,1.0,1,2.0,1,0,0.0,0,0.3333333333333333,0.5,59,29,0.0,4,5,4,1,0,3,3,1,6,0,0,2,2,2,5,0,5,0.8333333333333334,5,1.25,4,4,5,0,4,0,0,4,2,1,0,0,1,0,1,4,5,14,624,525,2,0,3,15,1.25,4,0,77,70,164,4,9210
2025-07-11,argo,com.techyourchance.android.screens.common.dialogs.progress,ProgressDialog,newInstance,1,4,0.0,1,1.0,1,0,1,0,4,0,1,0,0.5,1,1,0,1,0.5,1,2.0,0,0,0.0,0,0.3333333333333333,0.5,59,29,0.0,4,5,4,1,0,3,3,1,6,0,0,2,2,2,5,0,5,0.8333333333333334,5,1.25,4,4,5,0,4,0,0,4,2,1,0,0,1,0,1,4,5,14,624,525,2,1,3,15,1.25,4,0,77,70,164,4,9210
2025-07-11,argo,com.techyourchance.android.screens.common.dialogs.prompt,PromptDialog,onCreate,1,0,0.0,1,1.0,1,5,1,0,5,0,1,0,0.0,1,0,2,1,0.0,1,2.0,1,1,0.0,0,0.015151515151515152,0.08333333333333333,80,29,0.0,12,1,12,1,0,4,4,1,4,0,0,4,4,4,1,0,12,0.9848484848484849,12,1.0,12,12,1,0,12,0,0,12,2,1,0,0,1,0,1,12,13,14,624,525,3,0,8,15,1.0,7,0,115,70,164,12,9210
2025-07-11,argo,com.techyourchance.android.screens.common.dialogs.prompt,PromptDialog,onStart,1,0,0.0,1,1.0,1,5,1,0,4,0,1,0,0.0,1,0,1,1,0.0,1,2.0,0,1,0.0,0,0.015151515151515152,0.08333333333333333,80,29,0.0,12,1,12,1,0,4,4,1,4,0,0,4,4,4,1,0,12,0.9848484848484849,12,1.0,12,12,1,0,12,0,0,12,2,1,0,0,1,0,1,12,13,14,624,525,3,0,8,15,1.0,7,0,115,70,164,12,9210
2025-07-11,argo,com.techyourchance.android.screens.common.dialogs.prompt,PromptDialog,onStop,1,0,0.0,1,1.0,1,5,1,0,4,0,1,0,0.0,1,0,1,1,0.0,1,2.0,0,1,0.0,0,0.015151515151515152,0.08333333333333333,80,29,0.0,12,1,12,1,0,4,4,1,4,0,0,4,4,4,1,0,12,0.9848484848484849,12,1.0,12,12,1,0,12,0,0,12,2,1,0,0,1,0,1,12,13,14,624,525,3,0,8,15,1.0,7,0,115,70,164,12,9210
2025-07-11,argo,com.techyourchance.android.screens.common.dialogs.prompt,PromptDialog,onResume,1,0,0.0,1,1.0,1,5,1,0,4,0,1,0,0.0,1,0,1,1,0.0,1,2.0,0,1,0.0,0,0.015151515151515152,0.08333333333333333,80,29,0.0,12,1,12,1,0,4,4,1,4,0,0,4,4,4,1,0,12,0.9848484848484849,12,1.0,12,12,1,0,12,0,0,12,2,1,0,0,1,0,1,12,13,14,624,525,3,0,8,15,1.0,7,0,115,70,164,12,9210
2025-07-11,argo,com.techyourchance.android.screens.common.dialogs.prompt,PromptDialog,onPause,1,0,0.0,1,1.0,1,5,1,0,4,0,1,0,0.0,1,0,1,1,0.0,1,2.0,0,1,0.0,0,0.015151515151515152,0.08333333333333333,80,29,0.0,12,1,12,1,0,4,4,1,4,0,0,4,4,4,1,0,12,0.9848484848484849,12,1.0,12,12,1,0,12,0,0,12,2,1,0,0,1,0,1,12,13,14,624,525,3,0,8,15,1.0,7,0,115,70,164,12,9210
2025-07-11,argo,com.techyourchance.android.screens.common.dialogs.prompt,PromptDialog,getDialogImageUri,1,0,0.0,0,0.0,1,5,1,0,3,0,1,0,0.0,0,0,0,0,0.0,0,0.0,0,0,0.0,0,0.015151515151515152,0.08333333333333333,80,29,0.0,12,1,12,1,0,4,4,1,4,0,0,4,4,4,1,0,12,0.9848484848484849,12,1.0,12,12,1,0,12,0,0,12,2,1,0,0,1,0,1,12,13,14,624,525,3,0,8,15,1.0,7,0,115,70,164,12,9210
2025-07-11,argo,com.techyourchance.android.screens.common.dialogs.prompt,PromptDialog,getMessage,1,0,0.0,1,1.0,1,5,1,0,3,0,1,0,0.0,0,0,0,1,0.0,1,2.0,0,0,0.0,0,0.015151515151515152,0.08333333333333333,80,29,0.0,12,1,12,1,0,4,4,1,4,0,0,4,4,4,1,0,12,0.9848484848484849,12,1.0,12,12,1,0,12,0,0,12,2,1,0,0,1,0,1,12,13,14,624,525,3,0,8,15,1.0,7,0,115,70,164,12,9210
2025-07-11,argo,com.techyourchance.android.screens.common.dialogs.prompt,PromptDialog,getPositiveButtonCaption,1,0,0.0,1,1.0,1,5,1,0,3,0,1,0,0.0,0,0,0,1,0.0,1,2.0,0,0,0.0,0,0.015151515151515152,0.08333333333333333,80,29,0.0,12,1,12,1,0,4,4,1,4,0,0,4,4,4,1,0,12,0.9848484848484849,12,1.0,12,12,1,0,12,0,0,12,2,1,0,0,1,0,1,12,13,14,624,525,3,0,8,15,1.0,7,0,115,70,164,12,9210
2025-07-11,argo,com.techyourchance.android.screens.common.dialogs.prompt,PromptDialog,getNegativeButtonCaption,1,0,0.0,1,1.0,1,5,1,0,3,0,1,0,0.0,0,0,0,1,0.0,1,2.0,0,0,0.0,0,0.015151515151515152,0.08333333333333333,80,29,0.0,12,1,12,1,0,4,4,1,4,0,0,4,4,4,1,0,12,0.9848484848484849,12,1.0,12,12,1,0,12,0,0,12,2,1,0,0,1,0,1,12,13,14,624,525,3,0,8,15,1.0,7,0,115,70,164,12,9210
2025-07-11,argo,com.techyourchance.android.screens.common.dialogs.prompt,PromptDialog,getPayload,1,0,0.0,1,1.0,1,5,1,0,3,0,1,0,0.0,0,0,0,1,0.0,1,2.0,0,0,0.0,0,0.015151515151515152,0.08333333333333333,80,29,0.0,12,1,12,1,0,4,4,1,4,0,0,4,4,4,1,0,12,0.9848484848484849,12,1.0,12,12,1,0,12,0,0,12,2,1,0,0,1,0,1,12,13,14,624,525,3,0,8,15,1.0,7,0,115,70,164,12,9210
2025-07-11,argo,com.techyourchance.android.screens.common.dialogs.prompt,PromptDialog,onPositiveButtonClicked,1,0,0.0,1,1.0,1,5,1,0,4,0,1,1,1.0,1,1,1,3,1.0,0,2.0,0,1,0.0,0,0.015151515151515152,0.08333333333333333,80,29,0.0,12,1,12,1,0,4,4,1,4,0,0,4,4,4,1,0,12,0.9848484848484849,12,1.0,12,12,1,0,12,0,0,12,2,1,0,0,1,0,1,12,13,14,624,525,3,0,8,15,1.0,7,0,115,70,164,12,9210
2025-07-11,argo,com.techyourchance.android.screens.common.dialogs.prompt,PromptDialog,newInstance,1,6,0.0,1,1.0,1,5,1,0,4,0,1,1,1.0,1,0,1,3,0.0,0,2.0,0,0,0.0,0,0.015151515151515152,0.08333333333333333,80,29,0.0,12,1,12,1,0,4,4,1,4,0,0,4,4,4,1,0,12,0.9848484848484849,12,1.0,12,12,1,0,12,0,0,12,2,1,0,0,1,0,1,12,13,14,624,525,3,1,8,15,1.0,7,0,115,70,164,12,9210
2025-07-11,argo,com.techyourchance.android.screens.common.mvcviews,BaseObservableComposeViewMvc,registerListener,1,0,0.0,1,1.0,0,2,1,0,3,0,1,0,0.5,0,1,0,1,2.0,1,2.0,1,0,0.0,0,0.3333333333333333,0.25,23,6,0.0,2,3,3,1,0,2,1,0,2,1,0,2,0,0,1,0,4,0.8333333333333334,4,1.0,4,3,3,0,3,0,1,3,0,0,0,0,0,0,0,4,4,14,624,525,7,0,1,2,1.0,23,2,223,70,164,28,9210
2025-07-11,argo,com.techyourchance.android.screens.common.mvcviews,BaseObservableComposeViewMvc,unregisterListener,1,0,0.0,1,1.0,0,2,1,0,3,0,1,0,0.5,0,1,0,1,2.0,1,2.0,1,0,0.0,0,0.3333333333333333,0.25,23,6,0.0,2,3,3,1,0,2,1,0,2,1,0,2,0,0,1,0,4,0.8333333333333334,4,1.0,4,3,3,0,3,0,1,3,0,0,0,0,0,0,0,4,4,14,624,525,7,0,1,2,1.0,23,2,223,70,164,28,9210
2025-07-11,argo,com.techyourchance.android.screens.common.mvcviews,BaseObservableComposeViewMvc,setRootView,1,0,0.0,0,0.0,0,2,1,0,3,0,1,0,0.5,0,1,1,0,1.0,0,0.0,1,0,0.0,0,0.3333333333333333,0.25,23,6,0.0,2,3,3,1,0,2,1,0,2,1,0,2,0,0,1,0,4,0.8333333333333334,4,1.0,4,3,3,0,3,0,1,3,0,0,0,0,0,0,0,4,4,14,624,525,7,0,1,2,1.0,23,2,223,70,164,28,9210
2025-07-11,argo,com.techyourchance.android.screens.common.mvcviews,BaseObservableComposeViewMvc,getRootView,1,0,0.0,0,0.0,0,2,1,0,3,0,1,0,1.0,0,1,0,0,1.0,0,0.0,0,0,0.0,0,0.3333333333333333,0.25,23,6,0.0,2,3,3,1,0,2,1,0,2,1,0,2,0,0,1,0,4,0.8333333333333334,4,1.0,4,3,3,0,3,0,1,3,0,0,0,0,0,0,0,4,4,14,624,525,7,0,1,2,1.0,23,2,223,70,164,28,9210
2025-07-11,argo,com.techyourchance.android.screens.common.mvcviews,BaseObservableViewMvc,registerListener,1,0,0.0,1,1.0,0,0,1,0,3,0,1,0,0.5,0,1,0,1,2.0,1,2.0,1,0,0.0,0,1.0,0.0,13,6,0.0,2,2,2,1,0,1,1,0,1,1,0,2,0,0,0,0,2,1.0,2,1.0,2,2,2,0,2,0,0,2,0,0,0,0,0,0,0,2,2,14,624,525,7,0,0,2,1.0,23,2,223,70,164,28,9210
2025-07-11,argo,com.techyourchance.android.screens.common.mvcviews,BaseObservableViewMvc,unregisterListener,1,0,0.0,1,1.0,0,0,1,0,3,0,1,0,0.5,0,1,0,1,2.0,1,2.0,1,0,0.0,0,1.0,0.0,13,6,0.0,2,2,2,1,0,1,1,0,1,1,0,2,0,0,0,0,2,1.0,2,1.0,2,2,2,0,2,0,0,2,0,0,0,0,0,0,0,2,2,14,624,525,7,0,0,2,1.0,23,2,223,70,164,28,9210
2025-07-11,argo,com.techyourchance.android.screens.common.mvcviews,BaseViewMvc,setRootView,1,0,0.0,0,0.0,1,5,1,0,3,0,1,0,0.5,0,1,1,0,1.0,0,0.0,1,0,0.0,0,0.13333333333333333,0.3333333333333333,29,3,0.0,1,2,1,1,0,5,0,0,1,1,0,1,0,0,1,1,6,0.9333333333333333,6,1.0,6,1,2,0,1,0,5,1,0,0,0,0,0,0,0,6,6,14,624,525,7,0,1,3,1.0,23,2,223,70,164,28,9210
2025-07-11,argo,com.techyourchance.android.screens.common.mvcviews,BaseViewMvc,getRootView,1,0,0.0,0,0.0,1,5,1,0,3,0,1,0,1.0,0,1,0,0,1.0,0,0.0,0,0,0.0,0,0.13333333333333333,0.3333333333333333,29,3,0.0,1,2,1,1,0,5,0,0,1,1,0,1,0,0,1,1,6,0.9333333333333333,6,1.0,6,1,2,0,1,0,5,1,0,0,0,0,0,0,0,6,6,14,624,525,7,0,1,3,1.0,23,2,223,70,164,28,9210
2025-07-11,argo,com.techyourchance.android.screens.common.mvcviews,BaseViewMvc,findViewById,1,0,0.0,0,0.0,1,5,1,0,3,0,1,1,0.0,2,0,0,1,0.0,1,2.0,1,0,0.0,0,0.13333333333333333,0.3333333333333333,29,3,0.0,1,2,1,1,0,5,0,0,1,1,0,1,0,0,1,1,6,0.9333333333333333,6,1.0,6,1,2,0,1,0,5,1,0,0,0,0,0,0,0,6,6,14,624,525,7,0,1,3,1.0,23,2,223,70,164,28,9210
2025-07-11,argo,com.techyourchance.android.screens.common.mvcviews,BaseViewMvc,getString,1,0,0.0,0,0.0,1,5,1,0,3,0,1,0,0.5,2,1,0,1,1.0,1,2.0,1,0,0.0,0,0.13333333333333333,0.3333333333333333,29,3,0.0,1,2,1,1,0,5,0,0,1,1,0,1,0,0,1,1,6,0.9333333333333333,6,1.0,6,1,2,0,1,0,5,1,0,0,0,0,0,0,0,6,6,14,624,525,7,0,1,3,1.0,23,2,223,70,164,28,9210
2025-07-11,argo,com.techyourchance.android.screens.common.mvcviews,BaseViewMvc,getString,1,0,0.0,0,0.0,1,5,1,0,3,0,1,0,0.3333333333333333,2,1,0,1,0.5,1,2.0,2,0,0.0,0,0.13333333333333333,0.3333333333333333,29,3,0.0,1,2,1,1,0,5,0,0,1,1,0,1,0,0,1,1,6,0.9333333333333333,6,1.0,6,1,2,0,1,0,5,1,0,0,0,0,0,0,0,6,6,14,624,525,7,0,1,3,1.0,23,2,223,70,164,28,9210
2025-07-11,argo,com.techyourchance.android.screens.common.mvcviews,BaseViewMvc,getColor,1,0,0.0,0,0.0,1,5,1,0,3,0,1,0,0.5,1,1,0,1,1.0,1,2.0,1,0,0.0,0,0.13333333333333333,0.3333333333333333,29,3,0.0,1,2,1,1,0,5,0,0,1,1,0,1,0,0,1,1,6,0.9333333333333333,6,1.0,6,1,2,0,1,0,5,1,0,0,0,0,0,0,0,6,6,14,624,525,7,0,1,3,1.0,23,2,223,70,164,28,9210
2025-07-11,argo,com.techyourchance.android.screens.common.mvcviews,ViewMvcFactory,newHomeViewMvc,1,0,0.0,0,0.0,0,0,1,0,3,0,1,0,0.5,0,1,0,1,1.0,0,0.0,1,0,0.0,0,0.875,0.0,71,48,0.0,16,3,0,0,0,17,0,0,3,0,0,3,0,0,0,0,16,0.125,16,1.0,16,0,3,0,16,0,0,16,0,1,0,0,0,0,0,16,16,14,624,525,7,0,0,16,1.0,23,2,223,70,164,28,9210
2025-07-11,argo,com.techyourchance.android.screens.common.mvcviews,ViewMvcFactory,newQuestionsListViewMvc,1,0,0.0,0,0.0,0,0,1,0,3,0,1,0,0.5,0,1,0,1,1.0,0,0.0,1,0,0.0,0,0.875,0.0,71,48,0.0,16,3,0,0,0,17,0,0,3,0,0,3,0,0,0,0,16,0.125,16,1.0,16,0,3,0,16,0,0,16,0,1,0,0,0,0,0,16,16,14,624,525,7,0,0,16,1.0,23,2,223,70,164,28,9210
2025-07-11,argo,com.techyourchance.android.screens.common.mvcviews,ViewMvcFactory,newQuestionDetailsViewMvc,1,0,0.0,0,0.0,0,0,1,0,3,0,1,0,0.5,0,1,0,1,1.0,0,0.0,1,0,0.0,0,0.875,0.0,71,48,0.0,16,3,0,0,0,17,0,0,3,0,0,3,0,0,0,0,16,0.125,16,1.0,16,0,3,0,16,0,0,16,0,1,0,0,0,0,0,16,16,14,624,525,7,0,0,16,1.0,23,2,223,70,164,28,9210
2025-07-11,argo,com.techyourchance.android.screens.common.mvcviews,ViewMvcFactory,newBiometricLockViewMvc,1,0,0.0,0,0.0,0,0,1,0,3,0,1,0,0.5,0,1,0,1,1.0,0,0.0,1,0,0.0,0,0.875,0.0,71,48,0.0,16,3,0,0,0,17,0,0,3,0,0,3,0,0,0,0,16,0.125,16,1.0,16,0,3,0,16,0,0,16,0,1,0,0,0,0,0,16,16,14,624,525,7,0,0,16,1.0,23,2,223,70,164,28,9210
2025-07-11,argo,com.techyourchance.android.screens.common.mvcviews,ViewMvcFactory,newNdkBasicsViewMvc,1,0,0.0,0,0.0,0,0,1,0,3,0,1,0,0.5,0,1,0,1,1.0,0,0.0,1,0,0.0,0,0.875,0.0,71,48,0.0,16,3,0,0,0,17,0,0,3,0,0,3,0,0,0,0,16,0.125,16,1.0,16,0,3,0,16,0,0,16,0,1,0,0,0,0,0,16,16,14,624,525,7,0,0,16,1.0,23,2,223,70,164,28,9210
2025-07-11,argo,com.techyourchance.android.screens.common.mvcviews,ViewMvcFactory,newForegroundServiceViewMvc,1,0,0.0,0,0.0,0,0,1,0,3,0,1,0,0.5,0,1,0,1,1.0,0,0.0,1,0,0.0,0,0.875,0.0,71,48,0.0,16,3,0,0,0,17,0,0,3,0,0,3,0,0,0,0,16,0.125,16,1.0,16,0,3,0,16,0,0,16,0,1,0,0,0,0,0,16,16,14,624,525,7,0,0,16,1.0,23,2,223,70,164,28,9210
2025-07-11,argo,com.techyourchance.android.screens.common.mvcviews,ViewMvcFactory,newWorkManagerViewMvc,1,0,0.0,0,0.0,0,0,1,0,3,0,1,0,0.5,0,1,0,1,1.0,0,0.0,1,0,0.0,0,0.875,0.0,71,48,0.0,16,3,0,0,0,17,0,0,3,0,0,3,0,0,0,0,16,0.125,16,1.0,16,0,3,0,16,0,0,16,0,1,0,0,0,0,0,16,16,14,624,525,7,0,0,16,1.0,23,2,223,70,164,28,9210
2025-07-11,argo,com.techyourchance.android.screens.common.mvcviews,ViewMvcFactory,newUserInterfacesViewMvc,1,0,0.0,0,0.0,0,0,1,0,3,0,1,0,0.5,0,1,0,1,1.0,0,0.0,1,0,0.0,0,0.875,0.0,71,48,0.0,16,3,0,0,0,17,0,0,3,0,0,3,0,0,0,0,16,0.125,16,1.0,16,0,3,0,16,0,0,16,0,1,0,0,0,0,0,16,16,14,624,525,7,0,0,16,1.0,23,2,223,70,164,28,9210
2025-07-11,argo,com.techyourchance.android.screens.common.mvcviews,ViewMvcFactory,newAnimationsViewMvc,1,0,0.0,0,0.0,0,0,1,0,3,0,1,0,0.5,0,1,0,1,1.0,0,0.0,1,0,0.0,0,0.875,0.0,71,48,0.0,16,3,0,0,0,17,0,0,3,0,0,3,0,0,0,0,16,0.125,16,1.0,16,0,3,0,16,0,0,16,0,1,0,0,0,0,0,16,16,14,624,525,7,0,0,16,1.0,23,2,223,70,164,28,9210
2025-07-11,argo,com.techyourchance.android.screens.common.mvcviews,ViewMvcFactory,newStackedCardsAnimationViewMvc,1,0,0.0,0,0.0,0,0,1,0,3,0,1,0,0.5,0,1,0,1,1.0,0,0.0,1,0,0.0,0,0.875,0.0,71,48,0.0,16,3,0,0,0,17,0,0,3,0,0,3,0,0,0,0,16,0.125,16,1.0,16,0,3,0,16,0,0,16,0,1,0,0,0,0,0,16,16,14,624,525,7,0,0,16,1.0,23,2,223,70,164,28,9210
2025-07-11,argo,com.techyourchance.android.screens.common.mvcviews,ViewMvcFactory,newDotsProgressAnimationViewMvc,1,0,0.0,0,0.0,0,0,1,0,3,0,1,0,0.5,0,1,0,1,1.0,0,0.0,1,0,0.0,0,0.875,0.0,71,48,0.0,16,3,0,0,0,17,0,0,3,0,0,3,0,0,0,0,16,0.125,16,1.0,16,0,3,0,16,0,0,16,0,1,0,0,0,0,0,16,16,14,624,525,7,0,0,16,1.0,23,2,223,70,164,28,9210
2025-07-11,argo,com.techyourchance.android.screens.common.mvcviews,ViewMvcFactory,newBenchmarksViewMvc,1,0,0.0,0,0.0,0,0,1,0,3,0,1,0,0.5,0,1,0,1,1.0,0,0.0,1,0,0.0,0,0.875,0.0,71,48,0.0,16,3,0,0,0,17,0,0,3,0,0,3,0,0,0,0,16,0.125,16,1.0,16,0,3,0,16,0,0,16,0,1,0,0,0,0,0,16,16,14,624,525,7,0,0,16,1.0,23,2,223,70,164,28,9210
2025-07-11,argo,com.techyourchance.android.screens.common.mvcviews,ViewMvcFactory,newBackgroundTasksStartupBenchmarkViewMvc,1,0,0.0,0,0.0,0,0,1,0,3,0,1,0,0.5,0,1,0,1,1.0,0,0.0,1,0,0.0,0,0.875,0.0,71,48,0.0,16,3,0,0,0,17,0,0,3,0,0,3,0,0,0,0,16,0.125,16,1.0,16,0,3,0,16,0,0,16,0,1,0,0,0,0,0,16,16,14,624,525,7,0,0,16,1.0,23,2,223,70,164,28,9210
2025-07-11,argo,com.techyourchance.android.screens.common.mvcviews,ViewMvcFactory,newBackgroundTasksMemoryBenchmarkViewMvc,1,0,0.0,0,0.0,0,0,1,0,3,0,1,0,0.5,0,1,0,1,1.0,0,0.0,1,0,0.0,0,0.875,0.0,71,48,0.0,16,3,0,0,0,17,0,0,3,0,0,3,0,0,0,0,16,0.125,16,1.0,16,0,3,0,16,0,0,16,0,1,0,0,0,0,0,16,16,14,624,525,7,0,0,16,1.0,23,2,223,70,164,28,9210
2025-07-11,argo,com.techyourchance.android.screens.common.mvcviews,ViewMvcFactory,newSharedPrefsBenchmarkViewMvc,1,0,0.0,0,0.0,0,0,1,0,3,0,1,0,0.5,0,1,0,1,1.0,0,0.0,1,0,0.0,0,0.875,0.0,71,48,0.0,16,3,0,0,0,17,0,0,3,0,0,3,0,0,0,0,16,0.125,16,1.0,16,0,3,0,16,0,0,16,0,1,0,0,0,0,0,16,16,14,624,525,7,0,0,16,1.0,23,2,223,70,164,28,9210
2025-07-11,argo,com.techyourchance.android.screens.common.mvcviews,ViewMvcFactory,newComposeOverlayViewMvc,1,0,0.0,0,0.0,0,0,1,0,3,0,1,0,1.0,0,1,0,1,1.0,0,0.0,0,0,0.0,0,0.875,0.0,71,48,0.0,16,3,0,0,0,17,0,0,3,0,0,3,0,0,0,0,16,0.125,16,1.0,16,0,3,0,16,0,0,16,0,1,0,0,0,0,0,16,16,14,624,525,7,0,0,16,1.0,23,2,223,70,164,28,9210
2025-07-11,argo,com.techyourchance.android.screens.common.toolbar,MyToolbar,init,1,1,0.0,3,1.0,1,2,1,3,7,0,1,0,0.8,0,3,0,10,1.5,0,2.8333333333333335,1,0,0.0,0,0.6666666666666666,1.0,37,7,0.0,2,3,0,1,0,3,1,0,3,0,0,0,0,0,3,0,3,1.0,3,1.0,3,0,3,0,2,1,0,2,0,1,0,0,0,0,0,3,3,14,624,525,1,0,1,10,1.0,1,0,51,70,164,3,9210
2025-07-11,argo,com.techyourchance.android.screens.common.toolbar,MyToolbar,setNavigateUpListener,1,0,0.0,0,0.0,1,2,1,3,4,0,1,0,1.0,0,1,0,0,2.0,0,2.0,1,0,0.0,0,0.6666666666666666,1.0,37,7,0.0,2,3,0,1,0,3,1,0,3,0,0,0,0,0,3,0,3,1.0,3,1.0,3,0,3,0,2,1,0,2,0,1,0,0,0,0,0,3,3,14,624,525,1,0,1,10,1.0,1,0,51,70,164,3,9210
2025-07-11,argo,com.techyourchance.android.screens.common.toolbar,MyToolbar,setTitle,1,0,0.0,0,0.0,1,2,1,3,4,0,1,0,0.6666666666666666,0,1,1,0,1.0,0,2.0,1,0,0.0,0,0.6666666666666666,1.0,37,7,0.0,2,3,0,1,0,3,1,0,3,0,0,0,0,0,3,0,3,1.0,3,1.0,3,0,3,0,2,1,0,2,0,1,0,0,0,0,0,3,3,14,624,525,1,0,1,10,1.0,1,0,51,70,164,3,9210
2025-07-11,argo,com.techyourchance.android.screens.common.widgets,MyButton,setEnabled,3,0,0.0,0,0.0,1,1,1,3,4,0,3,0,0.0,1,0,0,1,0.0,1,2.0,1,0,0.0,0,0.0,1.0,30,9,0.0,2,1,2,1,0,1,0,0,3,0,0,2,2,2,1,0,2,1.0,2,1.0,2,2,1,0,2,0,0,2,0,1,0,0,0,0,0,2,2,14,624,525,1,0,0,3,3.0,1,0,102,70,164,2,9210
2025-07-11,argo,com.techyourchance.android.screens.common.widgets,MyButton,performClick,3,1,0.0,1,1.0,1,1,1,3,9,0,3,0,1.0,1,1,0,2,1.0,1,2.0,0,0,0.0,0,0.0,1.0,30,9,0.0,2,1,2,1,0,1,0,0,3,0,0,2,2,2,1,0,2,1.0,2,1.0,2,2,1,0,2,0,0,2,0,1,0,0,0,0,0,2,2,14,624,525,1,0,0,3,3.0,1,0,102,70,164,2,9210
2025-07-11,argo,com.techyourchance.android.screens.composenavbottombar,ComposeNavBottomBarActivity,getActivityName,1,0,0.0,0,0.0,1,1,1,0,1,0,1,0,0.0,0,0,0,0,0.0,0,2.0,0,0,0.0,0,0.0,0.8333333333333334,75,56,0.6,6,0,2,1,0,5,7,1,1,0,0,1,1,1,0,0,6,0.7333333333333334,6,1.0,6,2,0,0,6,0,0,6,1,1,0,0,1,0,1,6,7,14,624,525,3,0,7,80,1.1666666666666667,5,0,252,70,164,6,9210
2025-07-11,argo,com.techyourchance.android.screens.composenavbottombar,ComposeNavBottomBarActivity,onCreate,1,0,1.0,2,1.0,1,1,1,0,5,0,1,1,0.0,2,0,2,4,0.0,1,2.25,1,2,0.0,0,0.0,0.8333333333333334,75,56,0.6,6,0,2,1,0,5,7,1,1,0,0,1,1,1,0,0,6,0.7333333333333334,6,1.0,6,2,0,0,6,0,0,6,1,1,0,0,1,0,1,6,7,14,624,525,3,0,7,80,1.1666666666666667,5,0,252,70,164,6,9210
2025-07-11,argo,com.techyourchance.android.screens.composenavbottombar,ComposeNavBottomBarActivity,MainScreen,1,4,2.0,3,1.0,1,1,1,0,9,0,1,3,0.0,2,0,1,14,0.0,1,2.5833333333333335,0,1,0.0,0,0.0,0.8333333333333334,75,56,0.6,6,0,2,1,0,5,7,1,1,0,0,1,1,1,0,0,6,0.7333333333333334,6,1.0,6,2,0,0,6,0,0,6,1,1,0,0,1,0,1,6,7,14,624,525,3,0,7,80,1.1666666666666667,5,0,252,70,164,6,9210
2025-07-11,argo,com.techyourchance.android.screens.composenavbottombar,ComposeNavBottomBarActivity,MyBottomAppBar,2,3,0.0,6,0.8333,1,1,1,0,16,0,2,0,0.0,0,0,2,24,0.0,0,2.533333333333333,1,2,0.0,0,0.0,0.8333333333333334,75,56,0.6,6,0,2,1,0,5,7,1,1,0,0,1,1,1,0,0,6,0.7333333333333334,6,1.0,6,2,0,0,6,0,0,6,1,1,0,0,1,0,1,6,7,14,624,525,3,0,7,80,1.1666666666666667,5,0,252,70,164,6,9210
2025-07-11,argo,com.techyourchance.android.screens.composenavbottombar,ComposeNavBottomBarActivity,MainScreenContent,1,5,1.0,8,0.6364,1,1,1,0,19,0,1,4,0.0,1,0,1,31,0.0,1,3.0,1,1,0.0,0,0.0,0.8333333333333334,75,56,0.6,6,0,2,1,0,5,7,1,1,0,0,1,1,1,0,0,6,0.7333333333333334,6,1.0,6,2,0,0,6,0,0,6,1,1,0,0,1,0,1,6,7,14,624,525,3,0,7,80,1.1666666666666667,5,0,252,70,164,6,9210
2025-07-11,argo,com.techyourchance.android.screens.composenavbottombar,ComposeNavBottomBarActivity,start,1,2,0.0,4,1.0,1,1,1,0,7,0,1,0,0.0,0,0,1,7,0.0,0,2.1666666666666665,0,0,0.0,0,0.0,0.8333333333333334,75,56,0.6,6,0,2,1,0,5,7,1,1,0,0,1,1,1,0,0,6,0.7333333333333334,6,1.0,6,2,0,0,6,0,0,6,1,1,0,0,1,0,1,6,7,14,624,525,3,1,7,80,1.1666666666666667,5,0,252,70,164,6,9210
2025-07-11,argo,com.techyourchance.android.screens.composeoverlay,ComposeOverlayFragment,onCreate,1,0,0.0,1,1.0,1,0,1,0,4,0,1,0,0.0,1,0,1,1,0.0,1,2.0,1,1,0.0,0,0.38095238095238093,0.2857142857142857,63,37,0.0,7,6,7,1,0,5,4,1,1,0,0,0,0,0,6,0,9,1.0,9,1.2857142857142858,7,7,6,0,7,0,0,7,2,1,0,0,1,0,1,7,8,14,624,525,3,0,1,19,1.5714285714285714,9,0,155,70,164,8,9210
2025-07-11,argo,com.techyourchance.android.screens.composeoverlay,ComposeOverlayFragment,onCreateView,1,0,0.0,2,1.0,1,0,1,0,4,0,1,0,1.0,0,2,0,2,0.67,1,2.0,3,0,0.0,0,0.38095238095238093,0.2857142857142857,63,37,0.0,7,6,7,1,0,5,4,1,1,0,0,0,0,0,6,0,9,1.0,9,1.2857142857142858,7,7,6,0,7,0,0,7,2,1,0,0,1,0,1,7,8,14,624,525,3,0,1,19,1.5714285714285714,9,0,155,70,164,8,9210
2025-07-11,argo,com.techyourchance.android.screens.composeoverlay,ComposeOverlayFragment,onStart,1,0,0.0,2,0.6667,1,0,1,0,6,0,1,0,1.0,1,2,0,4,2.0,1,2.25,0,0,0.0,0,0.38095238095238093,0.2857142857142857,63,37,0.0,7,6,7,1,0,5,4,1,1,0,0,0,0,0,6,0,9,1.0,9,1.2857142857142858,7,7,6,0,7,0,0,7,2,1,0,0,1,0,1,7,8,14,624,525,3,0,1,19,1.5714285714285714,9,0,155,70,164,8,9210
2025-07-11,argo,com.techyourchance.android.screens.composeoverlay,ComposeOverlayFragment,onStop,1,0,0.0,1,1.0,1,0,1,0,5,0,1,0,1.0,1,2,0,2,2.0,1,2.0,0,0,0.0,0,0.38095238095238093,0.2857142857142857,63,37,0.0,7,6,7,1,0,5,4,1,1,0,0,0,0,0,6,0,9,1.0,9,1.2857142857142858,7,7,6,0,7,0,0,7,2,1,0,0,1,0,1,7,8,14,624,525,3,0,1,19,1.5714285714285714,9,0,155,70,164,8,9210
2025-07-11,argo,com.techyourchance.android.screens.composeoverlay,ComposeOverlayFragment,onToggleOverlayClicked,5,1,0.0,5,0.8,1,0,1,0,12,2,5,0,1.0,0,1,0,8,1.0,1,2.1666666666666665,0,0,0.0,0,0.38095238095238093,0.2857142857142857,63,37,0.0,7,6,7,1,0,5,4,1,1,0,0,0,0,0,6,0,9,1.0,9,1.2857142857142858,7,7,6,0,7,0,0,7,2,1,0,0,1,0,1,7,8,14,624,525,3,0,1,19,1.5714285714285714,9,0,155,70,164,8,9210
2025-07-11,argo,com.techyourchance.android.screens.composeoverlay,ComposeOverlayFragment,onBackClicked,1,0,0.0,1,1.0,1,0,1,0,3,0,1,0,1.0,0,1,0,1,1.0,1,2.0,0,0,0.0,0,0.38095238095238093,0.2857142857142857,63,37,0.0,7,6,7,1,0,5,4,1,1,0,0,0,0,0,6,0,9,1.0,9,1.2857142857142858,7,7,6,0,7,0,0,7,2,1,0,0,1,0,1,7,8,14,624,525,3,0,1,19,1.5714285714285714,9,0,155,70,164,8,9210
2025-07-11,argo,com.techyourchance.android.screens.composeoverlay,ComposeOverlayFragment,newInstance,1,0,0.0,1,1.0,1,0,1,0,3,0,1,0,0.5,0,0,0,1,0.0,1,2.0,0,0,0.0,0,0.38095238095238093,0.2857142857142857,63,37,0.0,7,6,7,1,0,5,4,1,1,0,0,0,0,0,6,0,9,1.0,9,1.2857142857142858,7,7,6,0,7,0,0,7,2,1,0,0,1,0,1,7,8,14,624,525,3,1,1,19,1.5714285714285714,9,0,155,70,164,8,9210
2025-07-11,argo,com.techyourchance.android.screens.composeoverlay,ComposeOverlayViewMvcImpl,bindIsOverlayShown,1,0,0.0,0,0.0,0,0,1,0,3,0,1,0,0.5,0,1,1,0,1.0,0,2.0,1,0,0.0,0,0.0,1.0,15,3,0.0,1,1,1,1,1,1,0,0,0,0,1,1,0,0,0,0,1,0.0,1,1.0,1,1,1,0,1,0,0,1,0,1,0,0,0,0,0,1,1,14,624,525,3,0,1,0,1.0,9,0,155,70,164,8,9210
2025-07-11,argo,com.techyourchance.android.screens.debugdrawer,DebugDrawerFragment,onCreate,1,0,0.0,1,1.0,1,0,1,0,4,0,1,0,0.0,1,0,1,1,0.0,1,2.0,1,1,0.0,0,0.4,0.5,50,27,0.3333333333333333,6,5,4,1,0,4,5,1,2,0,0,0,0,0,5,0,6,0.9333333333333333,6,1.0,6,4,5,0,4,2,0,4,2,1,0,0,1,0,1,6,7,14,624,525,1,0,4,15,1.0,6,0,68,70,164,6,9210
2025-07-11,argo,com.techyourchance.android.screens.debugdrawer,DebugDrawerFragment,onCreateView,1,1,0.0,2,1.0,1,0,1,0,8,0,1,0,0.6666666666666666,0,2,1,7,0.5,0,3.3333333333333335,3,1,0.0,0,0.4,0.5,50,27,0.3333333333333333,6,5,4,1,0,4,5,1,2,0,0,0,0,0,5,0,6,0.9333333333333333,6,1.0,6,4,5,0,4,2,0,4,2,1,0,0,1,0,1,6,7,14,624,525,1,0,4,15,1.0,6,0,68,70,164,6,9210
2025-07-11,argo,com.techyourchance.android.screens.debugdrawer,DebugDrawerFragment,onStart,1,0,1.0,1,1.0,1,0,1,0,5,0,1,1,1.0,2,2,1,3,2.0,1,2.3333333333333335,0,1,0.0,0,0.4,0.5,50,27,0.3333333333333333,6,5,4,1,0,4,5,1,2,0,0,0,0,0,5,0,6,0.9333333333333333,6,1.0,6,4,5,0,4,2,0,4,2,1,0,0,1,0,1,6,7,14,624,525,1,0,4,15,1.0,6,0,68,70,164,6,9210
2025-07-11,argo,com.techyourchance.android.screens.debugdrawer,DebugDrawerFragment,onStop,1,0,2.0,0,0.0,1,0,1,0,4,0,1,1,0.0,2,0,1,0,0.0,1,2.0,0,1,0.0,0,0.4,0.5,50,27,0.3333333333333333,6,5,4,1,0,4,5,1,2,0,0,0,0,0,5,0,6,0.9333333333333333,6,1.0,6,4,5,0,4,2,0,4,2,1,0,0,1,0,1,6,7,14,624,525,1,0,4,15,1.0,6,0,68,70,164,6,9210
2025-07-11,argo,com.techyourchance.android.screens.debugdrawer,DebugDrawerFragment,registerListeners,1,0,0.0,1,1.0,1,0,1,0,3,0,1,0,1.0,0,2,0,3,2.0,0,2.5,0,0,0.0,0,0.4,0.5,50,27,0.3333333333333333,6,5,4,1,0,4,5,1,2,0,0,0,0,0,5,0,6,0.9333333333333333,6,1.0,6,4,5,0,4,2,0,4,2,1,0,0,1,0,1,6,7,14,624,525,1,0,4,15,1.0,6,0,68,70,164,6,9210
2025-07-11,argo,com.techyourchance.android.screens.debugdrawer,DebugDrawerFragment,newInstance,1,0,0.0,1,1.0,1,0,1,0,3,0,1,0,1.0,0,0,0,1,0.0,1,2.0,0,0,0.0,0,0.4,0.5,50,27,0.3333333333333333,6,5,4,1,0,4,5,1,2,0,0,0,0,0,5,0,6,0.9333333333333333,6,1.0,6,4,5,0,4,2,0,4,2,1,0,0,1,0,1,6,7,14,624,525,1,1,4,15,1.0,6,0,68,70,164,6,9210
2025-07-11,argo,com.techyourchance.android.screens.foregroundservice,ForegroundServiceFragment,onCreate,1,0,0.0,1,1.0,1,0,1,0,4,0,1,0,0.0,1,0,1,1,0.0,1,2.0,1,1,0.0,0,0.1282051282051282,0.5384615384615384,117,73,0.38461538461538464,13,10,9,1,0,8,9,1,4,0,0,2,2,2,10,0,21,0.9615384615384616,21,1.6153846153846154,13,9,10,0,10,3,0,10,2,1,0,0,1,0,1,13,14,14,624,525,3,0,6,32,1.9230769230769231,15,0,211,70,164,14,9210
2025-07-11,argo,com.techyourchance.android.screens.foregroundservice,ForegroundServiceFragment,onCreateView,1,0,0.0,2,1.0,1,0,1,0,4,0,1,0,0.75,0,2,0,2,0.67,1,2.0,3,0,0.0,0,0.1282051282051282,0.5384615384615384,117,73,0.38461538461538464,13,10,9,1,0,8,9,1,4,0,0,2,2,2,10,0,21,0.9615384615384616,21,1.6153846153846154,13,9,10,0,10,3,0,10,2,1,0,0,1,0,1,13,14,14,624,525,3,0,6,32,1.9230769230769231,15,0,211,70,164,14,9210
2025-07-11,argo,com.techyourchance.android.screens.foregroundservice,ForegroundServiceFragment,onStart,2,0,1.0,3,1.0,1,0,1,0,8,1,2,1,1.0,2,4,1,5,4.0,1,2.0,0,1,0.0,0,0.1282051282051282,0.5384615384615384,117,73,0.38461538461538464,13,10,9,1,0,8,9,1,4,0,0,2,2,2,10,0,21,0.9615384615384616,21,1.6153846153846154,13,9,10,0,10,3,0,10,2,1,0,0,1,0,1,13,14,14,624,525,3,0,6,32,1.9230769230769231,15,0,211,70,164,14,9210
2025-07-11,argo,com.techyourchance.android.screens.foregroundservice,ForegroundServiceFragment,onStop,2,0,0.0,2,1.0,1,0,1,0,7,1,2,0,1.0,1,4,0,4,4.0,1,2.0,0,0,0.0,0,0.1282051282051282,0.5384615384615384,117,73,0.38461538461538464,13,10,9,1,0,8,9,1,4,0,0,2,2,2,10,0,21,0.9615384615384616,21,1.6153846153846154,13,9,10,0,10,3,0,10,2,1,0,0,1,0,1,13,14,14,624,525,3,0,6,32,1.9230769230769231,15,0,211,70,164,14,9210
2025-07-11,argo,com.techyourchance.android.screens.foregroundservice,ForegroundServiceFragment,handleForegroundServiceState,1,0,0.0,1,1.0,1,0,1,0,4,0,1,0,0.5,0,2,1,1,2.0,1,2.0,1,0,0.0,0,0.1282051282051282,0.5384615384615384,117,73,0.38461538461538464,13,10,9,1,0,8,9,1,4,0,0,2,2,2,10,0,21,0.9615384615384616,21,1.6153846153846154,13,9,10,0,10,3,0,10,2,1,0,0,1,0,1,13,14,14,624,525,3,0,6,32,1.9230769230769231,15,0,211,70,164,14,9210
2025-07-11,argo,com.techyourchance.android.screens.foregroundservice,ForegroundServiceFragment,onForegroundServiceStateChanged,1,0,1.0,0,0.0,1,0,1,0,3,0,1,1,0.0,1,0,1,0,0.0,0,0.0,1,1,0.0,0,0.1282051282051282,0.5384615384615384,117,73,0.38461538461538464,13,10,9,1,0,8,9,1,4,0,0,2,2,2,10,0,21,0.9615384615384616,21,1.6153846153846154,13,9,10,0,10,3,0,10,2,1,0,0,1,0,1,13,14,14,624,525,3,0,6,32,1.9230769230769231,15,0,211,70,164,14,9210
2025-07-11,argo,com.techyourchance.android.screens.foregroundservice,ForegroundServiceFragment,onToggleServiceClicked,7,0,2.0,4,1.0,1,0,1,0,15,3,7,3,1.0,2,3,0,6,3.0,1,2.5,0,0,0.0,0,0.1282051282051282,0.5384615384615384,117,73,0.38461538461538464,13,10,9,1,0,8,9,1,4,0,0,2,2,2,10,0,21,0.9615384615384616,21,1.6153846153846154,13,9,10,0,10,3,0,10,2,1,0,0,1,0,1,13,14,14,624,525,3,0,6,32,1.9230769230769231,15,0,211,70,164,14,9210
2025-07-11,argo,com.techyourchance.android.screens.foregroundservice,ForegroundServiceFragment,onRequestPermissionsResult,4,0,1.0,3,1.0,1,0,1,0,9,2,4,1,0.5,1,2,0,5,1.0,1,2.6666666666666665,2,0,0.0,0,0.1282051282051282,0.5384615384615384,117,73,0.38461538461538464,13,10,9,1,0,8,9,1,4,0,0,2,2,2,10,0,21,0.9615384615384616,21,1.6153846153846154,13,9,10,0,10,3,0,10,2,1,0,0,1,0,1,13,14,14,624,525,3,0,6,32,1.9230769230769231,15,0,211,70,164,14,9210
2025-07-11,argo,com.techyourchance.android.screens.foregroundservice,ForegroundServiceFragment,onPermissionsRequestCancelled,1,0,0.0,1,1.0,1,0,1,0,3,0,1,0,1.0,0,1,0,3,1.0,0,4.0,1,0,0.0,0,0.1282051282051282,0.5384615384615384,117,73,0.38461538461538464,13,10,9,1,0,8,9,1,4,0,0,2,2,2,10,0,21,0.9615384615384616,21,1.6153846153846154,13,9,10,0,10,3,0,10,2,1,0,0,1,0,1,13,14,14,624,525,3,0,6,32,1.9230769230769231,15,0,211,70,164,14,9210
2025-07-11,argo,com.techyourchance.android.screens.foregroundservice,ForegroundServiceFragment,onEvent,2,0,1.0,1,1.0,1,0,1,0,7,1,2,1,0.0,1,0,0,1,0.0,0,2.0,1,0,0.0,0,0.1282051282051282,0.5384615384615384,117,73,0.38461538461538464,13,10,9,1,0,8,9,1,4,0,0,2,2,2,10,0,21,0.9615384615384616,21,1.6153846153846154,13,9,10,0,10,3,0,10,2,1,0,0,1,0,1,13,14,14,624,525,3,0,6,32,1.9230769230769231,15,0,211,70,164,14,9210
2025-07-11,argo,com.techyourchance.android.screens.foregroundservice,ForegroundServiceFragment,startForegroundService,1,0,0.0,1,1.0,1,0,1,0,3,0,1,0,0.0,0,0,1,2,0.0,0,2.0,0,1,0.0,0,0.1282051282051282,0.5384615384615384,117,73,0.38461538461538464,13,10,9,1,0,8,9,1,4,0,0,2,2,2,10,0,21,0.9615384615384616,21,1.6153846153846154,13,9,10,0,10,3,0,10,2,1,0,0,1,0,1,13,14,14,624,525,3,0,6,32,1.9230769230769231,15,0,211,70,164,14,9210
2025-07-11,argo,com.techyourchance.android.screens.foregroundservice,ForegroundServiceFragment,stopForegroundService,1,0,0.0,1,1.0,1,0,1,0,3,0,1,0,0.0,0,0,1,1,0.0,1,2.0,0,1,0.0,0,0.1282051282051282,0.5384615384615384,117,73,0.38461538461538464,13,10,9,1,0,8,9,1,4,0,0,2,2,2,10,0,21,0.9615384615384616,21,1.6153846153846154,13,9,10,0,10,3,0,10,2,1,0,0,1,0,1,13,14,14,624,525,3,0,6,32,1.9230769230769231,15,0,211,70,164,14,9210
2025-07-11,argo,com.techyourchance.android.screens.foregroundservice,ForegroundServiceFragment,newInstance,1,2,0.0,1,1.0,1,0,1,0,3,0,1,0,1.0,0,0,0,1,0.0,1,2.0,0,0,0.0,0,0.1282051282051282,0.5384615384615384,117,73,0.38461538461538464,13,10,9,1,0,8,9,1,4,0,0,2,2,2,10,0,21,0.9615384615384616,21,1.6153846153846154,13,9,10,0,10,3,0,10,2,1,0,0,1,0,1,13,14,14,624,525,3,1,6,32,1.9230769230769231,15,0,211,70,164,14,9210
2025-07-11,argo,com.techyourchance.android.screens.foregroundservice,ForegroundServiceViewMvcImpl,bindServiceState,2,0,0.0,1,1.0,0,0,1,0,16,1,2,0,0.75,0,2,0,10,2.0,0,2.375,1,0,0.0,0,0.0,1.0,33,16,0.0,1,3,1,1,0,1,0,0,3,0,0,3,0,0,0,0,2,0.0,2,2.0,1,1,3,0,1,0,0,1,0,1,0,0,0,0,0,1,1,14,624,525,3,0,0,10,2.0,15,0,211,70,164,14,9210
2025-07-11,argo,com.techyourchance.android.screens.handlerlooper,HandlerLooperFragment,onCreate,1,0,0.0,1,1.0,1,0,3,0,4,0,1,0,0.0,1,0,1,1,0.0,1,2.0,1,1,0.0,0,0.19047619047619047,0.5714285714285714,106,44,0.14285714285714285,7,3,4,1,0,5,4,1,2,0,0,0,0,0,3,0,9,0.9047619047619048,9,1.2857142857142858,7,4,3,0,4,3,0,4,2,1,0,0,1,0,1,11,12,14,624,525,1,0,3,31,1.2857142857142858,7,0,193,70,164,7,9210
2025-07-11,argo,com.techyourchance.android.screens.handlerlooper,HandlerLooperFragment,onCreateView,1,0,2.0,2,1.0,1,0,3,0,7,0,1,3,1.0,2,2,0,15,0.67,0,2.4,3,0,0.0,0,0.19047619047619047,0.5714285714285714,106,44,0.14285714285714285,7,3,4,1,0,5,4,1,2,0,0,0,0,0,3,0,9,0.9047619047619048,9,1.2857142857142858,7,4,3,0,4,3,0,4,2,1,0,0,1,0,1,11,12,14,624,525,1,0,3,31,1.2857142857142858,7,0,193,70,164,7,9210
2025-07-11,argo,com.techyourchance.android.screens.handlerlooper,HandlerLooperFragment,executeTaskInNewThread,2,1,0.0,4,1.0,1,0,3,0,11,1,2,0,0.0,0,0,1,6,0.0,2,2.2857142857142856,1,1,0.0,0,0.19047619047619047,0.5714285714285714,106,44,0.14285714285714285,7,3,4,1,0,5,4,1,2,0,0,0,0,0,3,0,9,0.9047619047619048,9,1.2857142857142858,7,4,3,0,4,3,0,4,2,1,0,0,1,0,1,11,12,14,624,525,1,0,3,31,1.2857142857142858,7,0,193,70,164,7,9210
2025-07-11,argo,com.techyourchance.android.screens.handlerlooper,HandlerLooperFragment,executeTaskInLooperThread,2,1,0.0,4,1.0,1,0,3,0,11,1,2,0,0.5,0,1,0,6,0.5,2,2.2857142857142856,1,0,0.0,0,0.19047619047619047,0.5714285714285714,106,44,0.14285714285714285,7,3,4,1,0,5,4,1,2,0,0,0,0,0,3,0,9,0.9047619047619048,9,1.2857142857142858,7,4,3,0,4,3,0,4,2,1,0,0,1,0,1,11,12,14,624,525,1,0,3,31,1.2857142857142858,7,0,193,70,164,7,9210
2025-07-11,argo,com.techyourchance.android.screens.handlerlooper,HandlerLooperFragment,onStart,1,0,0.0,0,0.0,1,0,3,0,4,0,1,0,1.0,1,1,1,1,1.0,1,2.0,0,0,0.0,0,0.19047619047619047,0.5714285714285714,106,44,0.14285714285714285,7,3,4,1,0,5,4,1,2,0,0,0,0,0,3,0,9,0.9047619047619048,9,1.2857142857142858,7,4,3,0,4,3,0,4,2,1,0,0,1,0,1,11,12,14,624,525,1,0,3,31,1.2857142857142858,7,0,193,70,164,7,9210
2025-07-11,argo,com.techyourchance.android.screens.handlerlooper,HandlerLooperFragment,onStop,1,0,0.0,1,1.0,1,0,3,0,4,0,1,0,1.0,1,1,0,1,1.0,1,2.0,0,0,0.0,0,0.19047619047619047,0.5714285714285714,106,44,0.14285714285714285,7,3,4,1,0,5,4,1,2,0,0,0,0,0,3,0,9,0.9047619047619048,9,1.2857142857142858,7,4,3,0,4,3,0,4,2,1,0,0,1,0,1,11,12,14,624,525,1,0,3,31,1.2857142857142858,7,0,193,70,164,7,9210
2025-07-11,argo,com.techyourchance.android.screens.handlerlooper,HandlerLooperFragment,newInstance,1,4,0.0,1,1.0,1,0,3,0,3,0,1,0,1.0,0,0,0,1,0.0,1,2.0,0,0,0.0,0,0.19047619047619047,0.5714285714285714,106,44,0.14285714285714285,7,3,4,1,0,5,4,1,2,0,0,0,0,0,3,0,9,0.9047619047619048,9,1.2857142857142858,7,4,3,0,4,3,0,4,2,1,0,0,1,0,1,11,12,14,624,525,1,1,3,31,1.2857142857142858,7,0,193,70,164,7,9210
2025-07-11,argo,com.techyourchance.android.screens.home,HomeFragment,onCreate,1,0,0.0,1,1.0,1,1,1,0,4,0,1,0,0.0,1,0,1,1,0.0,1,2.0,1,1,0.0,0,0.23809523809523808,0.5714285714285714,84,47,0.0,7,8,5,1,0,7,7,1,4,0,0,2,2,2,8,0,11,0.9523809523809523,11,1.5714285714285714,7,5,8,0,6,1,0,6,2,1,0,0,1,0,1,7,8,14,624,525,5,0,4,52,1.5714285714285714,8,0,278,70,164,8,9210
2025-07-11,argo,com.techyourchance.android.screens.home,HomeFragment,onCreateView,2,0,0.0,4,1.0,1,1,1,0,7,1,2,0,0.8333333333333334,1,2,0,4,0.67,1,2.0,3,0,0.0,0,0.23809523809523808,0.5714285714285714,84,47,0.0,7,8,5,1,0,7,7,1,4,0,0,2,2,2,8,0,11,0.9523809523809523,11,1.5714285714285714,7,5,8,0,6,1,0,6,2,1,0,0,1,0,1,7,8,14,624,525,5,0,4,52,1.5714285714285714,8,0,278,70,164,8,9210
2025-07-11,argo,com.techyourchance.android.screens.home,HomeFragment,getDestinations,1,0,0.0,1,1.0,1,1,1,0,3,0,1,0,0.0,0,0,0,26,0.0,0,2.3333333333333335,0,0,0.0,0,0.23809523809523808,0.5714285714285714,84,47,0.0,7,8,5,1,0,7,7,1,4,0,0,2,2,2,8,0,11,0.9523809523809523,11,1.5714285714285714,7,5,8,0,6,1,0,6,2,1,0,0,1,0,1,7,8,14,624,525,5,0,4,52,1.5714285714285714,8,0,278,70,164,8,9210
2025-07-11,argo,com.techyourchance.android.screens.home,HomeFragment,onStart,2,1,0.0,6,1.0,1,1,1,0,12,1,2,0,1.0,1,4,2,9,4.0,1,2.1,0,2,0.0,0,0.23809523809523808,0.5714285714285714,84,47,0.0,7,8,5,1,0,7,7,1,4,0,0,2,2,2,8,0,11,0.9523809523809523,11,1.5714285714285714,7,5,8,0,6,1,0,6,2,1,0,0,1,0,1,7,8,14,624,525,5,0,4,52,1.5714285714285714,8,0,278,70,164,8,9210
2025-07-11,argo,com.techyourchance.android.screens.home,HomeFragment,onStop,1,0,0.0,4,1.0,1,1,1,0,7,0,1,0,1.0,1,3,1,4,3.0,1,2.0,0,1,0.0,0,0.23809523809523808,0.5714285714285714,84,47,0.0,7,8,5,1,0,7,7,1,4,0,0,2,2,2,8,0,11,0.9523809523809523,11,1.5714285714285714,7,5,8,0,6,1,0,6,2,1,0,0,1,0,1,7,8,14,624,525,5,0,4,52,1.5714285714285714,8,0,278,70,164,8,9210
2025-07-11,argo,com.techyourchance.android.screens.home,HomeFragment,onDestinationClicked,1,0,0.0,1,1.0,1,1,1,0,3,0,1,0,0.5,0,1,0,2,1.0,0,3.0,1,0,0.0,0,0.23809523809523808,0.5714285714285714,84,47,0.0,7,8,5,1,0,7,7,1,4,0,0,2,2,2,8,0,11,0.9523809523809523,11,1.5714285714285714,7,5,8,0,6,1,0,6,2,1,0,0,1,0,1,7,8,14,624,525,5,0,4,52,1.5714285714285714,8,0,278,70,164,8,9210
2025-07-11,argo,com.techyourchance.android.screens.home,HomeFragment,newInstance,3,2,0.0,4,0.75,1,1,1,0,14,2,3,0,0.5714285714285714,0,0,0,6,0.0,1,2.142857142857143,0,0,0.0,0,0.23809523809523808,0.5714285714285714,84,47,0.0,7,8,5,1,0,7,7,1,4,0,0,2,2,2,8,0,11,0.9523809523809523,11,1.5714285714285714,7,5,8,0,6,1,0,6,2,1,0,0,1,0,1,7,8,14,624,525,5,1,4,52,1.5714285714285714,8,0,278,70,164,8,9210
2025-07-11,argo,com.techyourchance.android.screens.home,HomeViewMvcImpl,bindDestinations,1,0,0.0,0,0.0,0,0,3,0,3,0,1,0,0.5,1,1,0,1,1.0,1,2.0,1,0,0.0,0,0.0,0.0,58,3,0.0,1,3,1,1,0,1,1,0,3,0,0,3,0,0,0,0,1,0.0,1,1.0,1,1,3,0,1,0,0,1,0,1,0,0,0,0,0,5,5,14,624,525,5,0,0,1,1.0,8,0,278,70,164,8,9210
2025-07-11,argo,com.techyourchance.android.screens.ndkbasics,NdkBasicsFragment,onCreate,1,0,0.0,1,1.0,1,0,1,0,4,0,1,0,0.0,1,0,1,1,0.0,1,2.0,1,1,0.0,0,0.38095238095238093,0.42857142857142855,79,47,0.0,7,8,6,1,0,5,5,1,2,0,0,1,1,1,8,0,10,0.9523809523809523,10,1.4285714285714286,7,6,8,0,7,0,0,7,2,1,0,0,1,0,1,7,8,14,624,525,3,0,2,20,1.7142857142857142,7,0,159,70,164,8,9210
2025-07-11,argo,com.techyourchance.android.screens.ndkbasics,NdkBasicsFragment,onCreateView,1,0,0.0,2,1.0,1,0,1,0,4,0,1,0,0.75,0,2,0,2,0.67,1,2.0,3,0,0.0,0,0.38095238095238093,0.42857142857142855,79,47,0.0,7,8,6,1,0,5,5,1,2,0,0,1,1,1,8,0,10,0.9523809523809523,10,1.4285714285714286,7,6,8,0,7,0,0,7,2,1,0,0,1,0,1,7,8,14,624,525,3,0,2,20,1.7142857142857142,7,0,159,70,164,8,9210
2025-07-11,argo,com.techyourchance.android.screens.ndkbasics,NdkBasicsFragment,onStart,1,0,0.0,2,1.0,1,0,1,0,5,0,1,0,1.0,1,2,0,2,2.0,1,2.0,0,0,0.0,0,0.38095238095238093,0.42857142857142855,79,47,0.0,7,8,6,1,0,5,5,1,2,0,0,1,1,1,8,0,10,0.9523809523809523,10,1.4285714285714286,7,6,8,0,7,0,0,7,2,1,0,0,1,0,1,7,8,14,624,525,3,0,2,20,1.7142857142857142,7,0,159,70,164,8,9210
2025-07-11,argo,com.techyourchance.android.screens.ndkbasics,NdkBasicsFragment,onStop,1,0,0.0,3,1.0,1,0,1,0,6,0,1,0,1.0,1,3,0,3,3.0,1,2.0,0,0,0.0,0,0.38095238095238093,0.42857142857142855,79,47,0.0,7,8,6,1,0,5,5,1,2,0,0,1,1,1,8,0,10,0.9523809523809523,10,1.4285714285714286,7,6,8,0,7,0,0,7,2,1,0,0,1,0,1,7,8,14,624,525,3,0,2,20,1.7142857142857142,7,0,159,70,164,8,9210
2025-07-11,argo,com.techyourchance.android.screens.ndkbasics,NdkBasicsFragment,onComputeFibonacciClicked,4,2,0.0,6,0.6667,1,0,1,0,16,1,4,0,1.0,0,5,1,8,2.5,1,2.0,0,0,0.0,0,0.38095238095238093,0.42857142857142855,79,47,0.0,7,8,6,1,0,5,5,1,2,0,0,1,1,1,8,0,10,0.9523809523809523,10,1.4285714285714286,7,6,8,0,7,0,0,7,2,1,0,0,1,0,1,7,8,14,624,525,3,0,2,20,1.7142857142857142,7,0,159,70,164,8,9210
2025-07-11,argo,com.techyourchance.android.screens.ndkbasics,NdkBasicsFragment,onEvent,3,0,0.0,3,1.0,1,0,1,0,9,2,3,0,0.3333333333333333,0,1,0,3,1.0,1,2.0,1,0,0.0,0,0.38095238095238093,0.42857142857142855,79,47,0.0,7,8,6,1,0,5,5,1,2,0,0,1,1,1,8,0,10,0.9523809523809523,10,1.4285714285714286,7,6,8,0,7,0,0,7,2,1,0,0,1,0,1,7,8,14,624,525,3,0,2,20,1.7142857142857142,7,0,159,70,164,8,9210
2025-07-11,argo,com.techyourchance.android.screens.ndkbasics,NdkBasicsFragment,newInstance,1,1,0.0,1,1.0,1,0,1,0,3,0,1,0,1.0,0,0,0,1,0.0,1,2.0,0,0,0.0,0,0.38095238095238093,0.42857142857142855,79,47,0.0,7,8,6,1,0,5,5,1,2,0,0,1,1,1,8,0,10,0.9523809523809523,10,1.4285714285714286,7,6,8,0,7,0,0,7,2,1,0,0,1,0,1,7,8,14,624,525,3,1,2,20,1.7142857142857142,7,0,159,70,164,8,9210
2025-07-11,argo,com.techyourchance.android.screens.ndkbasics,NdkBasicsViewMvcImpl,getArgument,3,0,0.0,1,1.0,0,1,1,0,7,0,3,0,1.0,0,1,0,4,1.0,0,4.0,0,0,0.0,0,0.0,1.0,24,0,0.0,0,3,1,1,0,1,0,0,3,0,0,3,0,0,0,0,1,0.0,1,1.0,1,1,3,0,1,0,0,1,0,1,0,0,0,0,0,1,1,14,624,525,3,0,0,4,3.0,7,0,159,70,164,8,9210
2025-07-11,argo,com.techyourchance.android.screens.questiondetails,QuestionDetailsFragment,onCreate,1,0,0.0,2,1.0,1,0,1,0,5,0,1,0,0.5,1,1,2,2,1.0,1,2.0,1,1,0.0,0,0.3333333333333333,0.42857142857142855,72,40,0.2857142857142857,7,6,5,1,0,4,6,1,3,0,0,1,1,1,6,0,8,1.0,8,1.1428571428571428,7,5,6,0,5,2,0,5,2,1,0,0,1,0,1,7,8,14,624,525,3,0,4,17,1.2857142857142858,13,0,153,70,164,10,9210
2025-07-11,argo,com.techyourchance.android.screens.questiondetails,QuestionDetailsFragment,onCreateView,1,0,0.0,2,1.0,1,0,1,0,4,0,1,0,0.75,0,2,0,2,0.67,1,2.0,3,0,0.0,0,0.3333333333333333,0.42857142857142855,72,40,0.2857142857142857,7,6,5,1,0,4,6,1,3,0,0,1,1,1,6,0,8,1.0,8,1.1428571428571428,7,5,6,0,5,2,0,5,2,1,0,0,1,0,1,7,8,14,624,525,3,0,4,17,1.2857142857142858,13,0,153,70,164,10,9210
2025-07-11,argo,com.techyourchance.android.screens.questiondetails,QuestionDetailsFragment,onStart,1,0,1.0,1,1.0,1,0,1,0,5,0,1,1,1.0,2,1,1,1,1.0,1,2.0,0,1,0.0,0,0.3333333333333333,0.42857142857142855,72,40,0.2857142857142857,7,6,5,1,0,4,6,1,3,0,0,1,1,1,6,0,8,1.0,8,1.1428571428571428,7,5,6,0,5,2,0,5,2,1,0,0,1,0,1,7,8,14,624,525,3,0,4,17,1.2857142857142858,13,0,153,70,164,10,9210
2025-07-11,argo,com.techyourchance.android.screens.questiondetails,QuestionDetailsFragment,onStop,1,0,0.0,1,1.0,1,0,1,0,4,0,1,0,1.0,1,1,0,1,1.0,1,2.0,0,0,0.0,0,0.3333333333333333,0.42857142857142855,72,40,0.2857142857142857,7,6,5,1,0,4,6,1,3,0,0,1,1,1,6,0,8,1.0,8,1.1428571428571428,7,5,6,0,5,2,0,5,2,1,0,0,1,0,1,7,8,14,624,525,3,0,4,17,1.2857142857142858,13,0,153,70,164,10,9210
2025-07-11,argo,com.techyourchance.android.screens.questiondetails,QuestionDetailsFragment,fetchQuestionDetails,3,1,1.0,5,0.6,1,0,1,0,16,2,3,2,1.0,1,3,1,9,3.0,1,2.5714285714285716,0,1,0.0,0,0.3333333333333333,0.42857142857142855,72,40,0.2857142857142857,7,6,5,1,0,4,6,1,3,0,0,1,1,1,6,0,8,1.0,8,1.1428571428571428,7,5,6,0,5,2,0,5,2,1,0,0,1,0,1,7,8,14,624,525,3,0,4,17,1.2857142857142858,13,0,153,70,164,10,9210
2025-07-11,argo,com.techyourchance.android.screens.questiondetails,QuestionDetailsFragment,onFetchFailed,1,0,0.0,1,1.0,1,0,1,0,3,0,1,0,1.0,0,1,0,1,1.0,1,2.0,0,0,0.0,0,0.3333333333333333,0.42857142857142855,72,40,0.2857142857142857,7,6,5,1,0,4,6,1,3,0,0,1,1,1,6,0,8,1.0,8,1.1428571428571428,7,5,6,0,5,2,0,5,2,1,0,0,1,0,1,7,8,14,624,525,3,0,4,17,1.2857142857142858,13,0,153,70,164,10,9210
2025-07-11,argo,com.techyourchance.android.screens.questiondetails,QuestionDetailsFragment,newInstance,1,3,0.0,1,1.0,1,0,1,0,3,0,1,0,1.0,0,1,0,1,0.5,1,2.0,0,0,0.0,0,0.3333333333333333,0.42857142857142855,72,40,0.2857142857142857,7,6,5,1,0,4,6,1,3,0,0,1,1,1,6,0,8,1.0,8,1.1428571428571428,7,5,6,0,5,2,0,5,2,1,0,0,1,0,1,7,8,14,624,525,3,1,4,17,1.2857142857142858,13,0,153,70,164,10,9210
2025-07-11,argo,com.techyourchance.android.screens.questiondetails,QuestionDetailsViewMvcImpl,bindQuestionBody,1,0,0.0,1,1.0,0,0,1,0,3,0,1,0,0.5,0,1,1,3,1.0,0,2.0,1,0,0.0,0,0.3333333333333333,1.0,32,11,0.0,3,3,3,1,0,1,0,0,3,0,0,3,0,0,0,0,4,0.6666666666666667,4,1.3333333333333333,3,3,3,0,3,0,0,3,0,1,0,0,0,0,0,3,3,14,624,525,3,0,1,4,1.3333333333333333,13,0,153,70,164,10,9210
2025-07-11,argo,com.techyourchance.android.screens.questiondetails,QuestionDetailsViewMvcImpl,showProgressIndication,1,0,0.0,0,0.0,0,0,1,0,3,0,1,0,1.0,0,1,0,0,1.0,0,2.0,0,0,0.0,0,0.3333333333333333,1.0,32,11,0.0,3,3,3,1,0,1,0,0,3,0,0,3,0,0,0,0,4,0.6666666666666667,4,1.3333333333333333,3,3,3,0,3,0,0,3,0,1,0,0,0,0,0,3,3,14,624,525,3,0,1,4,1.3333333333333333,13,0,153,70,164,10,9210
2025-07-11,argo,com.techyourchance.android.screens.questiondetails,QuestionDetailsViewMvcImpl,hideProgressIndication,2,0,0.0,1,1.0,0,0,1,0,5,1,2,0,1.0,0,1,0,1,1.0,0,2.0,0,0,0.0,0,0.3333333333333333,1.0,32,11,0.0,3,3,3,1,0,1,0,0,3,0,0,3,0,0,0,0,4,0.6666666666666667,4,1.3333333333333333,3,3,3,0,3,0,0,3,0,1,0,0,0,0,0,3,3,14,624,525,3,0,1,4,1.3333333333333333,13,0,153,70,164,10,9210
2025-07-11,argo,com.techyourchance.android.screens.questionslist,QuestionsListFragment,onCreate,1,0,0.0,1,1.0,1,0,1,0,4,0,1,0,0.0,1,0,1,1,0.0,1,2.0,1,1,0.0,0,0.21428571428571427,0.375,74,47,0.375,8,6,6,1,0,5,6,1,2,0,0,0,0,0,6,0,10,0.9642857142857143,10,1.25,8,6,6,0,6,2,0,6,2,1,0,0,1,0,1,8,9,14,624,525,3,0,3,19,1.5,14,0,197,70,164,11,9210
2025-07-11,argo,com.techyourchance.android.screens.questionslist,QuestionsListFragment,onCreateView,1,0,0.0,2,1.0,1,0,1,0,4,0,1,0,0.75,0,2,0,2,0.67,1,2.0,3,0,0.0,0,0.21428571428571427,0.375,74,47,0.375,8,6,6,1,0,5,6,1,2,0,0,0,0,0,6,0,10,0.9642857142857143,10,1.25,8,6,6,0,6,2,0,6,2,1,0,0,1,0,1,8,9,14,624,525,3,0,3,19,1.5,14,0,197,70,164,11,9210
2025-07-11,argo,com.techyourchance.android.screens.questionslist,QuestionsListFragment,onStart,3,0,1.0,2,0.5,1,0,1,0,9,1,3,1,1.0,2,2,0,3,2.0,1,2.0,0,0,0.0,0,0.21428571428571427,0.375,74,47,0.375,8,6,6,1,0,5,6,1,2,0,0,0,0,0,6,0,10,0.9642857142857143,10,1.25,8,6,6,0,6,2,0,6,2,1,0,0,1,0,1,8,9,14,624,525,3,0,3,19,1.5,14,0,197,70,164,11,9210
2025-07-11,argo,com.techyourchance.android.screens.questionslist,QuestionsListFragment,onStop,1,0,0.0,1,1.0,1,0,1,0,4,0,1,0,1.0,1,1,0,1,1.0,1,2.0,0,0,0.0,0,0.21428571428571427,0.375,74,47,0.375,8,6,6,1,0,5,6,1,2,0,0,0,0,0,6,0,10,0.9642857142857143,10,1.25,8,6,6,0,6,2,0,6,2,1,0,0,1,0,1,8,9,14,624,525,3,0,3,19,1.5,14,0,197,70,164,11,9210
2025-07-11,argo,com.techyourchance.android.screens.questionslist,QuestionsListFragment,onRefreshClicked,1,0,1.0,0,0.0,1,0,1,0,3,0,1,1,0.0,1,0,1,0,0.0,0,0.0,0,1,0.0,0,0.21428571428571427,0.375,74,47,0.375,8,6,6,1,0,5,6,1,2,0,0,0,0,0,6,0,10,0.9642857142857143,10,1.25,8,6,6,0,6,2,0,6,2,1,0,0,1,0,1,8,9,14,624,525,3,0,3,19,1.5,14,0,197,70,164,11,9210
2025-07-11,argo,com.techyourchance.android.screens.questionslist,QuestionsListFragment,fetchQuestions,3,1,1.0,5,0.6,1,0,1,0,17,2,3,2,1.0,1,3,1,8,3.0,1,2.375,0,1,0.0,0,0.21428571428571427,0.375,74,47,0.375,8,6,6,1,0,5,6,1,2,0,0,0,0,0,6,0,10,0.9642857142857143,10,1.25,8,6,6,0,6,2,0,6,2,1,0,0,1,0,1,8,9,14,624,525,3,0,3,19,1.5,14,0,197,70,164,11,9210
2025-07-11,argo,com.techyourchance.android.screens.questionslist,QuestionsListFragment,onFetchFailed,1,0,0.0,1,1.0,1,0,1,0,3,0,1,0,1.0,0,1,0,1,1.0,1,2.0,0,0,0.0,0,0.21428571428571427,0.375,74,47,0.375,8,6,6,1,0,5,6,1,2,0,0,0,0,0,6,0,10,0.9642857142857143,10,1.25,8,6,6,0,6,2,0,6,2,1,0,0,1,0,1,8,9,14,624,525,3,0,3,19,1.5,14,0,197,70,164,11,9210
2025-07-11,argo,com.techyourchance.android.screens.questionslist,QuestionsListFragment,newInstance,1,0,0.0,1,1.0,1,0,1,0,3,0,1,0,0.5,0,0,0,3,0.0,0,4.0,0,0,0.0,0,0.21428571428571427,0.375,74,47,0.375,8,6,6,1,0,5,6,1,2,0,0,0,0,0,6,0,10,0.9642857142857143,10,1.25,8,6,6,0,6,2,0,6,2,1,0,0,1,0,1,8,9,14,624,525,3,1,3,19,1.5,14,0,197,70,164,11,9210
2025-07-11,argo,com.techyourchance.android.screens.questionslist,QuestionsListViewMvcImpl,bindQuestions,1,0,0.0,1,1.0,0,0,2,0,3,0,1,0,0.5,0,1,0,1,1.0,1,2.0,1,0,0.0,0,0.3333333333333333,0.6666666666666666,62,11,0.0,3,3,3,1,0,1,1,0,3,0,0,3,0,0,0,0,4,0.6666666666666667,4,1.3333333333333333,3,3,3,0,3,0,0,3,0,1,0,0,0,0,0,7,7,14,624,525,3,0,0,2,1.3333333333333333,14,0,197,70,164,11,9210
2025-07-11,argo,com.techyourchance.android.screens.questionslist,QuestionsListViewMvcImpl,showProgressIndication,1,0,0.0,0,0.0,0,0,2,0,3,0,1,0,1.0,0,1,0,0,1.0,0,2.0,0,0,0.0,0,0.3333333333333333,0.6666666666666666,62,11,0.0,3,3,3,1,0,1,1,0,3,0,0,3,0,0,0,0,4,0.6666666666666667,4,1.3333333333333333,3,3,3,0,3,0,0,3,0,1,0,0,0,0,0,7,7,14,624,525,3,0,0,2,1.3333333333333333,14,0,197,70,164,11,9210
2025-07-11,argo,com.techyourchance.android.screens.questionslist,QuestionsListViewMvcImpl,hideProgressIndication,2,0,0.0,1,1.0,0,0,2,0,5,1,2,0,1.0,0,1,0,1,1.0,0,2.0,0,0,0.0,0,0.3333333333333333,0.6666666666666666,62,11,0.0,3,3,3,1,0,1,1,0,3,0,0,3,0,0,0,0,4,0.6666666666666667,4,1.3333333333333333,3,3,3,0,3,0,0,3,0,1,0,0,0,0,0,7,7,14,624,525,3,0,0,2,1.3333333333333333,14,0,197,70,164,11,9210
2025-07-11,argo,com.techyourchance.android.screens.userinterfaces,UserInterfacesFragment,onCreate,1,0,0.0,1,1.0,1,1,1,0,4,0,1,0,0.0,1,0,1,1,0.0,1,2.0,1,1,0.0,0,0.19047619047619047,0.14285714285714285,48,25,0.0,7,3,6,1,0,6,3,1,1,0,0,0,0,0,3,0,8,1.0,8,1.1428571428571428,7,6,3,0,6,1,0,6,2,1,0,0,1,0,1,7,8,14,624,525,4,0,1,20,1.1428571428571428,8,0,187,70,164,8,9210
2025-07-11,argo,com.techyourchance.android.screens.userinterfaces,UserInterfacesFragment,onCreateView,2,0,0.0,4,1.0,1,1,1,0,7,1,2,0,0.8333333333333334,1,2,0,4,0.67,1,2.0,3,0,0.0,0,0.19047619047619047,0.14285714285714285,48,25,0.0,7,3,6,1,0,6,3,1,1,0,0,0,0,0,3,0,8,1.0,8,1.1428571428571428,7,6,3,0,6,1,0,6,2,1,0,0,1,0,1,7,8,14,624,525,4,0,1,20,1.1428571428571428,8,0,187,70,164,8,9210
2025-07-11,argo,com.techyourchance.android.screens.userinterfaces,UserInterfacesFragment,getDestinations,1,0,0.0,1,1.0,1,1,1,0,3,0,1,0,0.0,0,0,0,10,0.0,0,2.5,0,0,0.0,0,0.19047619047619047,0.14285714285714285,48,25,0.0,7,3,6,1,0,6,3,1,1,0,0,0,0,0,3,0,8,1.0,8,1.1428571428571428,7,6,3,0,6,1,0,6,2,1,0,0,1,0,1,7,8,14,624,525,4,0,1,20,1.1428571428571428,8,0,187,70,164,8,9210
2025-07-11,argo,com.techyourchance.android.screens.userinterfaces,UserInterfacesFragment,onStart,1,0,0.0,1,1.0,1,1,1,0,4,0,1,0,1.0,1,1,0,1,1.0,1,2.0,0,0,0.0,0,0.19047619047619047,0.14285714285714285,48,25,0.0,7,3,6,1,0,6,3,1,1,0,0,0,0,0,3,0,8,1.0,8,1.1428571428571428,7,6,3,0,6,1,0,6,2,1,0,0,1,0,1,7,8,14,624,525,4,0,1,20,1.1428571428571428,8,0,187,70,164,8,9210
2025-07-11,argo,com.techyourchance.android.screens.userinterfaces,UserInterfacesFragment,onStop,1,0,0.0,1,1.0,1,1,1,0,4,0,1,0,1.0,1,1,0,1,1.0,1,2.0,0,0,0.0,0,0.19047619047619047,0.14285714285714285,48,25,0.0,7,3,6,1,0,6,3,1,1,0,0,0,0,0,3,0,8,1.0,8,1.1428571428571428,7,6,3,0,6,1,0,6,2,1,0,0,1,0,1,7,8,14,624,525,4,0,1,20,1.1428571428571428,8,0,187,70,164,8,9210
2025-07-11,argo,com.techyourchance.android.screens.userinterfaces,UserInterfacesFragment,onDestinationClicked,1,0,0.0,1,1.0,1,1,1,0,3,0,1,0,0.5,0,1,0,2,1.0,0,3.0,1,0,0.0,0,0.19047619047619047,0.14285714285714285,48,25,0.0,7,3,6,1,0,6,3,1,1,0,0,0,0,0,3,0,8,1.0,8,1.1428571428571428,7,6,3,0,6,1,0,6,2,1,0,0,1,0,1,7,8,14,624,525,4,0,1,20,1.1428571428571428,8,0,187,70,164,8,9210
2025-07-11,argo,com.techyourchance.android.screens.userinterfaces,UserInterfacesFragment,newInstance,1,0,0.0,1,1.0,1,1,1,0,3,0,1,0,1.0,0,0,0,1,0.0,1,2.0,0,0,0.0,0,0.19047619047619047,0.14285714285714285,48,25,0.0,7,3,6,1,0,6,3,1,1,0,0,0,0,0,3,0,8,1.0,8,1.1428571428571428,7,6,3,0,6,1,0,6,2,1,0,0,1,0,1,7,8,14,624,525,4,1,1,20,1.1428571428571428,8,0,187,70,164,8,9210
2025-07-11,argo,com.techyourchance.android.screens.userinterfaces,UserInterfacesViewMvcImpl,bindDestinations,1,0,0.0,0,0.0,0,0,3,0,3,0,1,0,0.5,1,1,0,1,1.0,1,2.0,1,0,0.0,0,0.0,0.0,56,3,0.0,1,3,1,1,0,1,1,0,3,0,0,3,0,0,0,0,1,0.0,1,1.0,1,1,3,0,1,0,0,1,0,1,0,0,0,0,0,5,5,14,624,525,4,0,0,1,1.0,8,0,187,70,164,8,9210
2025-07-11,argo,com.techyourchance.android.screens.workmanager,WorkManagerFragment,onCreate,1,0,0.0,1,1.0,1,0,1,0,4,0,1,0,0.0,1,0,1,1,0.0,1,2.0,1,1,0.0,0,0.35714285714285715,0.375,68,39,0.25,8,5,7,1,0,5,5,1,2,0,0,2,2,2,5,0,9,1.0,9,1.125,8,7,5,0,7,1,0,7,2,1,0,0,1,0,1,8,9,14,624,525,3,0,4,15,1.25,10,0,194,70,164,11,9210
2025-07-11,argo,com.techyourchance.android.screens.workmanager,WorkManagerFragment,onCreateView,1,0,0.0,2,1.0,1,0,1,0,4,0,1,0,0.75,0,2,0,2,0.67,1,2.0,3,0,0.0,0,0.35714285714285715,0.375,68,39,0.25,8,5,7,1,0,5,5,1,2,0,0,2,2,2,5,0,9,1.0,9,1.125,8,7,5,0,7,1,0,7,2,1,0,0,1,0,1,8,9,14,624,525,3,0,4,15,1.25,10,0,194,70,164,11,9210
2025-07-11,argo,com.techyourchance.android.screens.workmanager,WorkManagerFragment,onStart,1,0,1.0,2,1.0,1,0,1,0,6,0,1,1,1.0,2,2,1,3,2.0,1,2.0,0,1,0.0,0,0.35714285714285715,0.375,68,39,0.25,8,5,7,1,0,5,5,1,2,0,0,2,2,2,5,0,9,1.0,9,1.125,8,7,5,0,7,1,0,7,2,1,0,0,1,0,1,8,9,14,624,525,3,0,4,15,1.25,10,0,194,70,164,11,9210
2025-07-11,argo,com.techyourchance.android.screens.workmanager,WorkManagerFragment,onStop,1,0,0.0,1,1.0,1,0,1,0,5,0,1,0,1.0,1,2,0,2,2.0,1,2.0,0,0,0.0,0,0.35714285714285715,0.375,68,39,0.25,8,5,7,1,0,5,5,1,2,0,0,2,2,2,5,0,9,1.0,9,1.125,8,7,5,0,7,1,0,7,2,1,0,0,1,0,1,8,9,14,624,525,3,0,4,15,1.25,10,0,194,70,164,11,9210
2025-07-11,argo,com.techyourchance.android.screens.workmanager,WorkManagerFragment,handleMyWorkerState,1,0,0.0,1,1.0,1,0,1,0,4,0,1,0,0.5,0,2,1,1,2.0,1,2.0,1,0,0.0,0,0.35714285714285715,0.375,68,39,0.25,8,5,7,1,0,5,5,1,2,0,0,2,2,2,5,0,9,1.0,9,1.125,8,7,5,0,7,1,0,7,2,1,0,0,1,0,1,8,9,14,624,525,3,0,4,15,1.25,10,0,194,70,164,11,9210
2025-07-11,argo,com.techyourchance.android.screens.workmanager,WorkManagerFragment,onMyWorkerStateChanged,1,0,1.0,0,0.0,1,0,1,0,3,0,1,1,0.0,1,0,1,0,0.0,0,0.0,1,1,0.0,0,0.35714285714285715,0.375,68,39,0.25,8,5,7,1,0,5,5,1,2,0,0,2,2,2,5,0,9,1.0,9,1.125,8,7,5,0,7,1,0,7,2,1,0,0,1,0,1,8,9,14,624,525,3,0,4,15,1.25,10,0,194,70,164,11,9210
2025-07-11,argo,com.techyourchance.android.screens.workmanager,WorkManagerFragment,onToggleWorkClicked,3,0,0.0,2,0.5,1,0,1,0,10,1,3,0,1.0,0,3,0,5,3.0,1,2.2,0,0,0.0,0,0.35714285714285715,0.375,68,39,0.25,8,5,7,1,0,5,5,1,2,0,0,2,2,2,5,0,9,1.0,9,1.125,8,7,5,0,7,1,0,7,2,1,0,0,1,0,1,8,9,14,624,525,3,0,4,15,1.25,10,0,194,70,164,11,9210
2025-07-11,argo,com.techyourchance.android.screens.workmanager,WorkManagerFragment,newInstance,1,2,0.0,1,1.0,1,0,1,0,3,0,1,0,1.0,0,0,0,1,0.0,1,2.0,0,0,0.0,0,0.35714285714285715,0.375,68,39,0.25,8,5,7,1,0,5,5,1,2,0,0,2,2,2,5,0,9,1.0,9,1.125,8,7,5,0,7,1,0,7,2,1,0,0,1,0,1,8,9,14,624,525,3,1,4,15,1.25,10,0,194,70,164,11,9210
2025-07-11,argo,com.techyourchance.android.screens.workmanager,WorkManagerViewMvcImpl,bindWorkerState,2,0,0.0,1,1.0,0,2,1,0,38,1,2,0,0.7741935483870968,0,4,0,14,4.0,0,2.3333333333333335,1,0,0.0,0,0.6666666666666666,0.3333333333333333,69,38,0.0,1,5,3,1,0,2,0,0,5,0,0,5,0,0,0,0,4,0.33333333333333337,4,1.3333333333333333,3,3,5,0,3,0,0,3,0,1,0,0,0,0,0,3,3,14,624,525,3,0,0,14,1.3333333333333333,10,0,194,70,164,11,9210
2025-07-11,argo,com.techyourchance.android.screens.workmanager,WorkManagerViewMvcImpl,getIsExpedited,1,0,0.0,0,0.0,0,2,1,0,3,0,1,0,1.0,0,1,0,0,1.0,0,2.0,0,0,0.0,0,0.6666666666666666,0.3333333333333333,69,38,0.0,1,5,3,1,0,2,0,0,5,0,0,5,0,0,0,0,4,0.33333333333333337,4,1.3333333333333333,3,3,5,0,3,0,0,3,0,1,0,0,0,0,0,3,3,14,624,525,3,0,0,14,1.3333333333333333,10,0,194,70,164,11,9210
2025-07-11,argo,com.techyourchance.android.screens.workmanager,WorkManagerViewMvcImpl,getIsNetworkConstrained,1,0,0.0,0,0.0,0,2,1,0,3,0,1,0,1.0,0,1,0,0,1.0,0,2.0,0,0,0.0,0,0.6666666666666666,0.3333333333333333,69,38,0.0,1,5,3,1,0,2,0,0,5,0,0,5,0,0,0,0,4,0.33333333333333337,4,1.3333333333333333,3,3,5,0,3,0,0,3,0,1,0,0,0,0,0,3,3,14,624,525,3,0,0,14,1.3333333333333333,10,0,194,70,164,11,9210
2025-07-11,argo,com.techyourchance.android.apkupdate,FetchLatestApkInfoUseCaseTest,setup,1,0,0.0,1,1.0,0,1,1,0,4,0,1,0,1.0,0,8,1,2,8.0,1,2.0,0,0,0.0,0,1.0,1.0,74,38,0.0,6,12,0,0,0,0,1,0,12,0,0,11,0,0,1,0,7,0.04761904761904767,7,1.0,7,0,12,0,7,0,0,7,0,1,0,0,0,0,0,7,7,14,624,525,4,0,1,44,1.0,11,0,309,70,164,13,9210
2025-07-11,argo,com.techyourchance.android.apkupdate,FetchLatestApkInfoUseCaseTest,`new version available returns correct data`,1,1,0.0,3,1.0,0,1,1,0,5,0,1,0,1.0,0,5,0,5,5.0,2,2.25,0,0,0.0,0,1.0,1.0,74,38,0.0,6,12,0,0,0,0,1,0,12,0,0,11,0,0,1,0,7,0.04761904761904767,7,1.0,7,0,12,0,7,0,0,7,0,1,0,0,0,0,0,7,7,14,624,525,4,0,1,44,1.0,11,0,309,70,164,13,9210
2025-07-11,argo,com.techyourchance.android.apkupdate,FetchLatestApkInfoUseCaseTest,`no new version returns correct data`,1,1,0.0,3,1.0,0,1,1,0,5,0,1,0,1.0,0,5,0,5,5.0,2,2.25,0,0,0.0,0,1.0,1.0,74,38,0.0,6,12,0,0,0,0,1,0,12,0,0,11,0,0,1,0,7,0.04761904761904767,7,1.0,7,0,12,0,7,0,0,7,0,1,0,0,0,0,0,7,7,14,624,525,4,0,1,44,1.0,11,0,309,70,164,13,9210
2025-07-11,argo,com.techyourchance.android.apkupdate,FetchLatestApkInfoUseCaseTest,`repeated check before min time interval new version available returns null data`,1,2,0.0,5,1.0,0,1,1,0,9,0,1,0,1.0,0,6,0,11,3.0,2,2.3,0,0,0.0,0,1.0,1.0,74,38,0.0,6,12,0,0,0,0,1,0,12,0,0,11,0,0,1,0,7,0.04761904761904767,7,1.0,7,0,12,0,7,0,0,7,0,1,0,0,0,0,0,7,7,14,624,525,4,0,1,44,1.0,11,0,309,70,164,13,9210
2025-07-11,argo,com.techyourchance.android.apkupdate,FetchLatestApkInfoUseCaseTest,`repeated check after min time interval new version available returns correct data`,1,2,0.0,5,1.0,0,1,1,0,9,0,1,0,1.0,0,6,0,10,3.0,2,2.2,0,0,0.0,0,1.0,1.0,74,38,0.0,6,12,0,0,0,0,1,0,12,0,0,11,0,0,1,0,7,0.04761904761904767,7,1.0,7,0,12,0,7,0,0,7,0,1,0,0,0,0,0,7,7,14,624,525,4,0,1,44,1.0,11,0,309,70,164,13,9210
2025-07-11,argo,com.techyourchance.android.apkupdate,FetchLatestApkInfoUseCaseTest,`network request fails returns failure`,1,1,0.0,3,1.0,0,1,1,0,5,0,1,0,1.0,0,2,0,7,2.0,1,2.4,0,0,0.0,0,1.0,1.0,74,38,0.0,6,12,0,0,0,0,1,0,12,0,0,11,0,0,1,0,7,0.04761904761904767,7,1.0,7,0,12,0,7,0,0,7,0,1,0,0,0,0,0,7,7,14,624,525,4,0,1,44,1.0,11,0,309,70,164,13,9210
2025-07-11,argo,com.techyourchance.android.apkupdate,FetchLatestApkInfoUseCaseTest,`network request fails with exception returns failure`,1,1,0.0,3,1.0,0,1,1,0,5,0,1,0,1.0,0,2,0,4,2.0,1,2.3333333333333335,0,0,0.0,0,1.0,1.0,74,38,0.0,6,12,0,0,0,0,1,0,12,0,0,11,0,0,1,0,7,0.04761904761904767,7,1.0,7,0,12,0,7,0,0,7,0,1,0,0,0,0,0,7,7,14,624,525,4,0,1,44,1.0,11,0,309,70,164,13,9210
2025-07-11,argo,com.techyourchance.android.common.maths,LinearFitCalculatorTest,setup,1,0,0.0,0,0.0,0,1,1,0,3,0,1,0,1.0,0,1,1,1,1.0,0,0.0,0,0,0.0,0,1.0,1.0,28,16,0.0,3,2,0,0,0,0,2,0,2,0,0,1,0,0,1,0,4,0.5,4,1.0,4,0,2,0,4,0,0,4,0,1,0,0,0,0,0,4,4,14,624,525,3,0,3,29,1.0,4,0,97,70,164,5,9210
2025-07-11,argo,com.techyourchance.android.common.maths,LinearFitCalculatorTest,zeros_input_zeros_output,1,2,0.0,2,1.0,0,1,1,0,5,0,1,0,1.0,0,1,1,8,0.5,1,2.2857142857142856,0,1,0.0,0,1.0,1.0,28,16,0.0,3,2,0,0,0,0,2,0,2,0,0,1,0,0,1,0,4,0.5,4,1.0,4,0,2,0,4,0,0,4,0,1,0,0,0,0,0,4,4,14,624,525,3,0,3,29,1.0,4,0,97,70,164,5,9210
2025-07-11,argo,com.techyourchance.android.common.maths,LinearFitCalculatorTest,ones_input_correct_output,1,2,0.0,2,1.0,0,1,1,0,5,0,1,0,1.0,0,1,1,8,0.5,1,2.2857142857142856,0,1,0.0,0,1.0,1.0,28,16,0.0,3,2,0,0,0,0,2,0,2,0,0,1,0,0,1,0,4,0.5,4,1.0,4,0,2,0,4,0,0,4,0,1,0,0,0,0,0,4,4,14,624,525,3,0,3,29,1.0,4,0,97,70,164,5,9210
2025-07-11,argo,com.techyourchance.android.common.maths,LinearFitCalculatorTest,line_with_slope_input_correct_output,1,2,0.0,4,0.75,0,1,1,0,6,0,1,0,1.0,0,2,0,12,1.0,1,2.090909090909091,0,0,0.0,0,1.0,1.0,28,16,0.0,3,2,0,0,0,0,2,0,2,0,0,1,0,0,1,0,4,0.5,4,1.0,4,0,2,0,4,0,0,4,0,1,0,0,0,0,0,4,4,14,624,525,3,0,3,29,1.0,4,0,97,70,164,5,9210
2025-07-11,argo,com.techyourchance.android.testdoubles,DateTimeProviderImplTd,getLocalDate,1,0,0.0,1,1.0,1,7,1,0,3,0,1,1,0.0,1,0,0,1,0.0,1,2.0,0,0,0.0,0,0.0,0.0,31,0,0.0,6,1,7,1,1,6,0,0,0,0,1,0,0,0,1,0,7,1.0,7,1.0,7,7,1,0,7,0,0,7,0,1,0,0,0,0,0,7,7,14,624,525,2,0,0,11,1.0,1,0,64,70,164,8,9210
2025-07-11,argo,com.techyourchance.android.testdoubles,DateTimeProviderImplTd,getLocalTime,1,0,0.0,1,1.0,1,7,1,0,3,0,1,1,0.0,1,0,0,1,0.0,1,2.0,0,0,0.0,0,0.0,0.0,31,0,0.0,6,1,7,1,1,6,0,0,0,0,1,0,0,0,1,0,7,1.0,7,1.0,7,7,1,0,7,0,0,7,0,1,0,0,0,0,0,7,7,14,624,525,2,0,0,11,1.0,1,0,64,70,164,8,9210
2025-07-11,argo,com.techyourchance.android.testdoubles,DateTimeProviderImplTd,getLocalDateTime,1,0,0.0,1,1.0,1,7,1,0,3,0,1,1,0.0,1,0,0,1,0.0,1,2.0,0,0,0.0,0,0.0,0.0,31,0,0.0,6,1,7,1,1,6,0,0,0,0,1,0,0,0,1,0,7,1.0,7,1.0,7,7,1,0,7,0,0,7,0,1,0,0,0,0,0,7,7,14,624,525,2,0,0,11,1.0,1,0,64,70,164,8,9210
2025-07-11,argo,com.techyourchance.android.testdoubles,DateTimeProviderImplTd,getDateUtc,1,0,0.0,0,0.0,1,7,1,0,3,0,1,0,0.0,1,0,0,1,0.0,0,0.0,0,0,0.0,0,0.0,0.0,31,0,0.0,6,1,7,1,1,6,0,0,0,0,1,0,0,0,1,0,7,1.0,7,1.0,7,7,1,0,7,0,0,7,0,1,0,0,0,0,0,7,7,14,624,525,2,0,0,11,1.0,1,0,64,70,164,8,9210
2025-07-11,argo,com.techyourchance.android.testdoubles,DateTimeProviderImplTd,getTimestampUtc,1,0,0.0,1,1.0,1,7,1,0,3,0,1,1,0.0,1,0,0,2,0.0,2,3.0,0,0,0.0,0,0.0,0.0,31,0,0.0,6,1,7,1,1,6,0,0,0,0,1,0,0,0,1,0,7,1.0,7,1.0,7,7,1,0,7,0,0,7,0,1,0,0,0,0,0,7,7,14,624,525,2,0,0,11,1.0,1,0,64,70,164,8,9210
2025-07-11,argo,com.techyourchance.android.testdoubles,DateTimeProviderImplTd,getZonedDateTimeUtc,1,0,0.0,1,1.0,1,7,1,0,3,0,1,0,1.0,0,1,0,4,1.0,0,3.0,0,0,0.0,0,0.0,0.0,31,0,0.0,6,1,7,1,1,6,0,0,0,0,1,0,0,0,1,0,7,1.0,7,1.0,7,7,1,0,7,0,0,7,0,1,0,0,0,0,0,7,7,14,624,525,2,0,0,11,1.0,1,0,64,70,164,8,9210
2025-07-11,argo,com.techyourchance.android.testdoubles,DateTimeProviderImplTd,getNanoTime,1,0,0.0,1,1.0,1,7,1,0,3,0,1,0,0.0,0,0,0,1,0.0,1,2.0,0,0,0.0,0,0.0,0.0,31,0,0.0,6,1,7,1,1,6,0,0,0,0,1,0,0,0,1,0,7,1.0,7,1.0,7,7,1,0,7,0,0,7,0,1,0,0,0,0,0,7,7,14,624,525,2,0,0,11,1.0,1,0,64,70,164,8,9210
2025-07-11,argo,com.techyourchance.android.testdoubles,SettingsEntriesFactoryTd,newSettingEntry,1,1,0.0,0,0.0,1,0,1,0,17,0,1,0,0.0,0,0,0,4,0.0,0,0.0,3,0,0.0,0,0.0,1.0,19,17,0.0,1,0,1,1,0,4,0,0,0,0,0,0,0,0,0,0,1,0.0,1,1.0,1,1,0,0,1,0,0,1,0,1,0,0,0,0,0,4,4,14,624,525,2,0,0,4,1.0,1,0,64,70,164,8,9210
2025-07-11,argo,com.techyourchance.android.database,ExampleInstrumentedTest,useAppContext,1,1,0.0,2,1.0,0,0,1,0,4,0,1,0,0.0,0,0,1,7,0.0,0,3.3333333333333335,0,1,0.0,0,0.0,1.0,6,4,0.0,1,0,0,0,0,0,1,0,0,0,0,0,0,0,0,0,1,0.0,1,1.0,1,0,0,0,1,0,0,1,0,1,0,0,0,0,0,1,1,14,624,525,4,0,1,7,1.0,3,0,114,70,164,3,9210
2025-07-11,argo,com.techyourchance.android.database,TransactionsController,runInTransaction,1,0,0.0,0,0.0,0,0,1,0,3,0,1,0,0.0,2,0,1,1,0.0,1,2.0,1,1,0.0,0,0.0,0.0,9,6,0.0,2,0,0,0,0,3,1,0,0,0,0,0,0,0,0,0,2,1.0,2,1.0,2,0,0,0,2,0,0,2,0,1,0,0,0,0,0,2,2,14,624,525,4,0,0,1,1.0,3,0,114,70,164,3,9210
2025-07-11,argo,com.techyourchance.android.database,TransactionsController,runInTransaction,1,0,0.0,0,0.0,0,0,1,0,3,0,1,0,0.0,2,0,0,1,0.0,1,2.0,1,0,0.0,0,0.0,0.0,9,6,0.0,2,0,0,0,0,3,1,0,0,0,0,0,0,0,0,0,2,1.0,2,1.0,2,0,0,0,2,0,0,2,0,1,0,0,0,0,0,2,2,14,624,525,4,0,0,1,1.0,3,0,114,70,164,3,9210
2025-07-11,argo,com.techyourchance.android.database.converters,AppMemoryInfoConverter,fromString,1,0,0.0,1,1.0,0,0,1,0,3,0,1,0,0.0,0,0,0,2,0.0,0,2.0,1,0,0.0,0,0.0,0.0,9,6,0.0,2,0,0,0,0,2,0,0,0,0,0,0,0,0,0,0,2,1.0,2,1.0,2,0,0,0,2,0,0,2,1,1,0,0,0,0,0,2,2,14,624,525,1,0,0,3,1.0,2,0,21,70,164,2,9210
2025-07-11,argo,com.techyourchance.android.database.converters,AppMemoryInfoConverter,toString,1,0,0.0,1,1.0,0,0,1,0,3,0,1,0,0.0,0,0,0,1,0.0,1,2.0,1,0,0.0,0,0.0,0.0,9,6,0.0,2,0,0,0,0,2,0,0,0,0,0,0,0,0,0,0,2,1.0,2,1.0,2,0,0,0,2,0,0,2,1,1,0,0,0,0,0,2,2,14,624,525,1,0,0,3,1.0,2,0,21,70,164,2,9210
2025-07-11,argo,com.techyourchance.android.database.migrations,Migration_1_2,migrate,1,0,0.0,1,1.0,1,0,1,0,3,0,1,0,0.0,0,0,1,1,0.0,1,2.0,1,1,0.0,0,0.0,0.0,5,3,0.0,1,0,1,1,0,1,1,0,0,0,0,0,0,0,0,0,1,0.0,1,1.0,1,1,0,0,1,0,0,1,0,1,0,0,0,0,0,1,1,14,624,525,1,0,1,1,1.0,1,0,12,70,164,1,9210
