Extraction Date,Project,Package,Class,Method,CYCLO_method,NOLV_method,CLNAMM_method,CINT_method,CDISP_method,NOII_type,NOAM_type,NOCS_type,number_constructor_NotDefaultConstructor,LOC_method,MAXNESTING_method,CC_method,NMCS_method,LAA_method,CM_method,NOAV_method,ATFD_method,FANOUT_method,ATLD_method,MaMCL_method,MeMCL_method,NOP_method,FDP_method,CFNAMM_method,Number_Final_Not_Static_Methods,TCC_type,WOC_type,LOC_type,LOCNAMM_type,CFNAMM_type,NOMNAMM_type,NOA_type,NIM_type,DIT_type,NOPA_type,CBO_type,RFC_type,isStatic_type,number_private_visibility_attributes,number_protected_visibility_attributes,number_package_visibility_attributes,num_final_attributes,num_static_attributes,num_final_static_attributes,num_not_final_not_static_attributes,NOC_type,WMC_type,LCOM5_type,WMCNAMM_type,AMW_type,NOM_type,NMO_type,num_final_not_static_attributes,num_static_not_final_attributes,number_public_visibility_methods,number_private_visibility_methods,number_protected_visibility_methods,number_package_visibility_methods,number_standard_design_methods,number_constructor_DefaultConstructor_methods,number_final_methods,number_abstract_methods,number_static_methods,number_final_static_methods,number_not_final_static_methods,number_not_final_not_static_methods,number_not_abstract_not_final_methods,NOI_project,NOM_project,NOMNAMM_project,NOCS_package,isStatic_method,ATFD_type,FANOUT_type,AMWNAMM_type,NOMNAMM_Package,NOI_Package,LOC_package,NOPK_project,NOCS_project,NOM_package,LOC_project
2025-07-11,argo,app.shosetsu.android,AbstractMemoryDataSourceTest,main,3,0,0.0,3,1.0,0,0,1,0,10,0,3,0,1.0,0,1,1,6,1.0,1,2.0,0,1,0.0,0,0.0,1.0,18,10,0.0,1,1,0,0,0,0,1,0,1,0,0,1,0,0,0,0,1,0.0,1,1.0,1,0,1,0,1,0,0,1,0,1,0,0,0,0,0,1,1,69,1613,1249,11,0,1,6,3.0,22,0,819,96,382,22,43206
2025-07-11,argo,app.shosetsu.android,BackupTest,randomRepositories,2,0,0.0,1,1.0,1,0,1,0,3,0,2,0,1.0,0,2,0,2,2.0,1,2.0,0,0,0.0,0,0.2857142857142857,0.8571428571428571,64,42,0.42857142857142855,7,7,0,1,0,2,2,0,6,0,0,7,0,0,0,0,7,0.7142857142857143,7,1.0,7,0,7,0,3,4,0,3,0,1,0,0,0,0,0,7,7,69,1613,1249,11,0,2,41,1.5714285714285714,22,0,819,96,382,22,43206
2025-07-11,argo,app.shosetsu.android,BackupTest,randomChapters,2,0,0.0,2,1.0,1,0,1,0,3,0,2,0,1.0,0,2,0,5,3.0,1,2.25,0,0,0.0,0,0.2857142857142857,0.8571428571428571,64,42,0.42857142857142855,7,7,0,1,0,2,2,0,6,0,0,7,0,0,0,0,7,0.7142857142857143,7,1.0,7,0,7,0,3,4,0,3,0,1,0,0,0,0,0,7,7,69,1613,1249,11,0,2,41,1.5714285714285714,22,0,819,96,382,22,43206
2025-07-11,argo,app.shosetsu.android,BackupTest,randomNovels,2,0,1.0,1,1.0,1,0,1,0,3,0,2,1,1.0,1,2,0,2,2.0,1,2.0,0,0,0.0,0,0.2857142857142857,0.8571428571428571,64,42,0.42857142857142855,7,7,0,1,0,2,2,0,6,0,0,7,0,0,0,0,7,0.7142857142857143,7,1.0,7,0,7,0,3,4,0,3,0,1,0,0,0,0,0,7,7,69,1613,1249,11,0,2,41,1.5714285714285714,22,0,819,96,382,22,43206
2025-07-11,argo,app.shosetsu.android,BackupTest,randomExtensions,2,0,1.0,1,1.0,1,0,1,0,3,0,2,1,1.0,1,1,0,2,1.0,1,2.0,0,0,0.0,0,0.2857142857142857,0.8571428571428571,64,42,0.42857142857142855,7,7,0,1,0,2,2,0,6,0,0,7,0,0,0,0,7,0.7142857142857143,7,1.0,7,0,7,0,3,4,0,3,0,1,0,0,0,0,0,7,7,69,1613,1249,11,0,2,41,1.5714285714285714,22,0,819,96,382,22,43206
2025-07-11,argo,app.shosetsu.android,BackupTest,gzip,1,1,0.0,2,1.0,1,0,1,0,5,0,1,0,0.0,0,0,1,5,0.0,1,2.3333333333333335,1,1,0.0,0,0.2857142857142857,0.8571428571428571,64,42,0.42857142857142855,7,7,0,1,0,2,2,0,6,0,0,7,0,0,0,0,7,0.7142857142857143,7,1.0,7,0,7,0,3,4,0,3,0,1,0,0,0,0,0,7,7,69,1613,1249,11,0,2,41,1.5714285714285714,22,0,819,96,382,22,43206
2025-07-11,argo,app.shosetsu.android,BackupTest,ungzip,1,0,0.0,1,1.0,1,0,1,0,1,0,1,0,0.0,0,0,0,4,0.0,0,3.0,1,0,0.0,0,0.2857142857142857,0.8571428571428571,64,42,0.42857142857142855,7,7,0,1,0,2,2,0,6,0,0,7,0,0,0,0,7,0.7142857142857143,7,1.0,7,0,7,0,3,4,0,3,0,1,0,0,0,0,0,7,7,69,1613,1249,11,0,2,41,1.5714285714285714,22,0,819,96,382,22,43206
2025-07-11,argo,app.shosetsu.android,BackupTest,test,1,3,1.0,9,0.9091,1,0,1,0,24,0,1,1,1.0,1,2,1,21,0.67,2,2.5925925925925926,0,1,0.0,0,0.2857142857142857,0.8571428571428571,64,42,0.42857142857142855,7,7,0,1,0,2,2,0,6,0,0,7,0,0,0,0,7,0.7142857142857143,7,1.0,7,0,7,0,3,4,0,3,0,1,0,0,0,0,0,7,7,69,1613,1249,11,0,2,41,1.5714285714285714,22,0,819,96,382,22,43206
2025-07-11,argo,app.shosetsu.android,DirectoryTest,test,1,0,0.0,1,1.0,1,0,1,0,4,0,1,0,1.0,0,1,2,4,1.0,0,2.5,0,2,0.0,0,0.0,1.0,12,4,0.0,1,3,0,1,0,0,2,0,2,0,0,3,0,0,0,0,1,0.0,1,1.0,1,0,3,0,1,0,0,1,0,1,0,0,0,0,0,1,1,69,1613,1249,11,0,2,4,1.0,22,0,819,96,382,22,43206
2025-07-11,argo,app.shosetsu.android,ExtensionRepositoryTest,print,1,1,0.0,2,1.0,1,0,1,0,6,0,1,0,1.0,0,1,2,4,1.0,1,2.0,0,2,0.0,0,1.0,1.0,40,31,0.5,2,3,0,1,0,0,3,0,2,0,0,3,0,0,0,0,2,1.0,2,1.0,2,0,3,0,1,1,0,1,0,1,0,0,0,0,0,2,2,69,1613,1249,11,0,3,15,2.0,22,0,819,96,382,22,43206
2025-07-11,argo,app.shosetsu.android,ExtensionRepositoryTest,test,3,4,1.0,4,0.8,1,0,1,0,25,1,3,8,1.0,1,1,1,11,0.25,1,2.2857142857142856,0,1,0.0,0,1.0,1.0,40,31,0.5,2,3,0,1,0,0,3,0,2,0,0,3,0,0,0,0,2,1.0,2,1.0,2,0,3,0,1,1,0,1,0,1,0,0,0,0,0,2,2,69,1613,1249,11,0,3,15,2.0,22,0,819,96,382,22,43206
2025-07-11,argo,app.shosetsu.android,GenerateTest,generateQRCodeTest,1,0,0.0,1,1.0,0,0,1,0,3,0,1,0,1.0,0,1,1,1,1.0,1,2.0,0,1,0.0,0,0.0,0.0,9,3,0.0,1,2,0,0,0,0,1,0,2,0,0,2,0,0,0,0,1,0.0,1,1.0,1,0,2,0,1,0,0,1,0,1,0,0,0,0,0,1,1,69,1613,1249,11,0,1,1,1.0,22,0,819,96,382,22,43206
2025-07-11,argo,app.shosetsu.android,LoggingTest,log1,1,0,1.0,0,0.0,0,0,1,0,3,0,1,1,0.0,1,0,1,0,0.0,0,0.0,0,1,0.0,0,0.0,0.0,15,9,0.75,4,0,0,0,0,1,1,0,0,0,0,0,0,0,0,0,3,0.5,4,1.0,4,0,0,0,4,0,0,4,0,1,0,0,0,0,0,4,4,69,1613,1249,11,0,3,0,1.0,22,0,819,96,382,22,43206
2025-07-11,argo,app.shosetsu.android,LoggingTest,log2,1,0,1.0,0,0.0,0,0,1,0,3,0,1,1,0.0,1,0,1,0,0.0,0,0.0,0,1,0.0,0,0.0,0.0,15,9,0.75,4,0,0,0,0,1,1,0,0,0,0,0,0,0,0,0,3,0.5,4,1.0,4,0,0,0,4,0,0,4,0,1,0,0,0,0,0,4,4,69,1613,1249,11,0,3,0,1.0,22,0,819,96,382,22,43206
2025-07-11,argo,app.shosetsu.android,LoggingTest,log3,1,0,1.0,0,0.0,0,0,1,0,3,0,1,1,0.0,1,0,1,0,0.0,0,0.0,0,1,0.0,0,0.0,0.0,15,9,0.75,4,0,0,0,0,1,1,0,0,0,0,0,0,0,0,0,3,0.5,4,1.0,4,0,0,0,4,0,0,4,0,1,0,0,0,0,0,4,4,69,1613,1249,11,0,3,0,1.0,22,0,819,96,382,22,43206
2025-07-11,argo,app.shosetsu.android,LoggingTest,advancedLogV,0,0,0.0,0,0.0,0,0,1,0,0,0,0,0,0.0,0,0,0,0,0.0,0,0.0,1,0,0.0,0,0.0,0.0,15,9,0.75,4,0,0,0,0,1,1,0,0,0,0,0,0,0,0,0,3,0.5,4,1.0,4,0,0,0,4,0,0,4,0,1,0,0,0,0,0,4,4,69,1613,1249,11,0,3,0,1.0,22,0,819,96,382,22,43206
2025-07-11,argo,app.shosetsu.android,MemoryChapterDataSourceTest,before,3,0,0.0,1,1.0,0,0,1,0,9,0,3,0,1.0,0,2,2,3,2.0,0,2.0,0,2,0.0,0,1.0,1.0,64,51,0.0,2,2,0,0,0,0,3,0,4,0,0,4,2,2,0,0,5,0.0,5,2.5,2,0,2,0,2,0,0,2,0,1,0,0,0,0,0,2,2,69,1613,1249,11,0,4,17,4.5,22,0,819,96,382,22,43206
2025-07-11,argo,app.shosetsu.android,MemoryChapterDataSourceTest,main,6,4,0.0,5,0.875,0,0,1,0,42,1,6,0,1.0,0,2,2,14,1.0,2,2.1875,0,2,0.0,0,1.0,1.0,64,51,0.0,2,2,0,0,0,0,3,0,4,0,0,4,2,2,0,0,5,0.0,5,2.5,2,0,2,0,2,0,0,2,0,1,0,0,0,0,0,2,2,69,1613,1249,11,0,4,17,4.5,22,0,819,96,382,22,43206
2025-07-11,argo,app.shosetsu.android,RestoreTest,test,1,1,0.0,2,1.0,1,0,1,0,6,0,1,0,1.0,0,1,1,3,1.0,1,2.0,0,1,0.0,0,0.0,1.0,14,6,0.0,1,3,0,1,0,0,1,0,2,0,0,3,0,0,0,0,1,0.0,1,1.0,1,0,3,0,1,0,0,1,0,1,0,0,0,0,0,1,1,69,1613,1249,11,0,1,3,1.0,22,0,819,96,382,22,43206
2025-07-11,argo,app.shosetsu.android,StringChapterAsHtmlTest,main,1,1,0.0,4,1.0,1,0,1,0,6,0,1,0,1.0,0,3,1,10,3.0,1,2.4285714285714284,0,1,0.0,0,0.0,1.0,18,6,0.0,1,5,0,1,0,0,1,0,4,0,0,5,0,0,0,0,1,0.0,1,1.0,1,0,5,0,1,0,0,1,0,1,0,0,0,0,0,1,1,69,1613,1249,11,0,1,10,1.0,22,0,819,96,382,22,43206
2025-07-11,argo,app.shosetsu.android,StringToHtmlTest,main,1,1,0.0,0,0.0,0,0,1,0,4,0,1,0,0.0,0,0,1,1,0.0,0,2.0,0,1,0.0,0,0.0,1.0,6,4,0.0,1,0,0,0,0,0,1,0,0,0,0,0,0,0,0,0,1,0.0,1,1.0,1,0,0,0,1,0,0,1,0,1,0,0,0,0,0,1,1,69,1613,1249,11,0,1,1,1.0,22,0,819,96,382,22,43206
2025-07-11,argo,app.shosetsu.android,SystemTimeSpeedTest,main,1,1,0.0,1,1.0,0,0,1,0,3,0,1,0,0.0,0,0,1,1,0.0,1,2.0,0,1,0.0,0,0.0,1.0,5,3,0.0,1,0,0,0,0,0,1,0,0,0,0,0,0,0,0,0,1,0.0,1,1.0,1,0,0,0,1,0,0,1,0,1,0,0,0,0,0,1,1,69,1613,1249,11,0,1,1,1.0,22,0,819,96,382,22,43206
2025-07-11,argo,app.shosetsu.android.activity,MainActivity,onDestroy,2,0,0.0,0,0.0,1,6,2,0,4,1,2,0,1.0,1,2,0,1,2.0,1,2.0,0,0,0.0,0,0.42105263157894735,0.8,341,175,0.42857142857142855,18,13,4,4,0,9,24,0,12,0,0,9,1,1,5,0,36,0.8842105263157894,36,1.8,20,4,13,0,6,12,0,6,4,1,0,0,0,0,0,29,29,69,1613,1249,1,0,23,190,2.8421052631578947,14,0,665,96,382,20,43206
2025-07-11,argo,app.shosetsu.android.activity,MainActivity,onCreate,5,2,5.0,13,1.0,1,6,2,0,47,1,5,8,0.9285714285714286,9,6,10,37,3.5,1,2.423076923076923,1,9,0.0,0,0.42105263157894735,0.8,341,175,0.42857142857142855,18,13,4,4,0,9,24,0,12,0,0,9,1,1,5,0,36,0.8842105263157894,36,1.8,20,4,13,0,6,12,0,6,4,1,0,0,0,0,0,29,29,69,1613,1249,1,0,23,190,2.8421052631578947,14,0,665,96,382,20,43206
2025-07-11,argo,app.shosetsu.android.activity,MainActivity,onConfigurationChanged,1,0,1.0,0,0.0,1,6,2,0,4,0,1,1,0.0,2,0,1,0,0.0,1,2.0,1,1,0.0,0,0.42105263157894735,0.8,341,175,0.42857142857142855,18,13,4,4,0,9,24,0,12,0,0,9,1,1,5,0,36,0.8842105263157894,36,1.8,20,4,13,0,6,12,0,6,4,1,0,0,0,0,0,29,29,69,1613,1249,1,0,23,190,2.8421052631578947,14,0,665,96,382,20,43206
2025-07-11,argo,app.shosetsu.android.activity,MainActivity,computeWindowSizeClasses,3,2,0.0,6,0.6667,1,6,2,0,19,2,3,1,1.0,1,3,2,20,2.0,2,3.25,0,2,0.0,0,0.42105263157894735,0.8,341,175,0.42857142857142855,18,13,4,4,0,9,24,0,12,0,0,9,1,1,5,0,36,0.8842105263157894,36,1.8,20,4,13,0,6,12,0,6,4,1,0,0,0,0,0,29,29,69,1613,1249,1,0,23,190,2.8421052631578947,14,0,665,96,382,20,43206
2025-07-11,argo,app.shosetsu.android.activity,MainActivity,getMaterialNav,3,0,0.0,1,1.0,1,6,2,0,3,0,3,0,1.0,0,2,0,2,3.0,0,2.0,0,0,0.0,0,0.42105263157894735,0.8,341,175,0.42857142857142855,18,13,4,4,0,9,24,0,12,0,0,9,1,1,5,0,36,0.8842105263157894,36,1.8,20,4,13,0,6,12,0,6,4,1,0,0,0,0,0,29,29,69,1613,1249,1,0,23,190,2.8421052631578947,14,0,665,96,382,20,43206
2025-07-11,argo,app.shosetsu.android.activity,MainActivity,onPostCreate,1,0,0.0,1,1.0,1,6,2,0,4,0,1,0,0.5,1,1,0,1,1.0,1,2.0,1,0,0.0,0,0.42105263157894735,0.8,341,175,0.42857142857142855,18,13,4,4,0,9,24,0,12,0,0,9,1,1,5,0,36,0.8842105263157894,36,1.8,20,4,13,0,6,12,0,6,4,1,0,0,0,0,0,29,29,69,1613,1249,1,0,23,190,2.8421052631578947,14,0,665,96,382,20,43206
2025-07-11,argo,app.shosetsu.android.activity,MainActivity,protectedBackWait,1,1,1.0,3,0.6667,1,6,2,0,9,0,1,2,1.0,2,1,1,7,2.0,1,2.5,0,1,0.0,0,0.42105263157894735,0.8,341,175,0.42857142857142855,18,13,4,4,0,9,24,0,12,0,0,9,1,1,5,0,36,0.8842105263157894,36,1.8,20,4,13,0,6,12,0,6,4,1,0,0,0,0,0,29,29,69,1613,1249,1,0,23,190,2.8421052631578947,14,0,665,96,382,20,43206
2025-07-11,argo,app.shosetsu.android.activity,MainActivity,shouldProtectBack,1,0,0.0,0,0.0,1,6,2,0,1,0,1,0,1.0,0,3,0,0,3.0,0,2.5,0,0,0.0,0,0.42105263157894735,0.8,341,175,0.42857142857142855,18,13,4,4,0,9,24,0,12,0,0,9,1,1,5,0,36,0.8842105263157894,36,1.8,20,4,13,0,6,12,0,6,4,1,0,0,0,0,0,29,29,69,1613,1249,1,0,23,190,2.8421052631578947,14,0,665,96,382,20,43206
2025-07-11,argo,app.shosetsu.android.activity,MainActivity,setupView,6,0,0.0,7,0.8571,1,6,2,0,23,2,6,4,1.0,3,3,1,12,4.0,0,2.6,0,1,0.0,0,0.42105263157894735,0.8,341,175,0.42857142857142855,18,13,4,4,0,9,24,0,12,0,0,9,1,1,5,0,36,0.8842105263157894,36,1.8,20,4,13,0,6,12,0,6,4,1,0,0,0,0,0,29,29,69,1613,1249,1,0,23,190,2.8421052631578947,14,0,665,96,382,20,43206
2025-07-11,argo,app.shosetsu.android.activity,MainActivity,setupLegacyNavigation,1,0,0.0,6,1.0,1,6,2,0,8,0,1,0,1.0,0,3,3,12,4.0,1,2.4444444444444446,0,2,0.0,0,0.42105263157894735,0.8,341,175,0.42857142857142855,18,13,4,4,0,9,24,0,12,0,0,9,1,1,5,0,36,0.8842105263157894,36,1.8,20,4,13,0,6,12,0,6,4,1,0,0,0,0,0,29,29,69,1613,1249,1,0,23,190,2.8421052631578947,14,0,665,96,382,20,43206
2025-07-11,argo,app.shosetsu.android.activity,MainActivity,setupMaterialNavigation,1,0,0.0,2,1.0,1,6,2,0,5,0,1,1,1.0,1,2,2,5,3.0,1,3.5,0,2,0.0,0,0.42105263157894735,0.8,341,175,0.42857142857142855,18,13,4,4,0,9,24,0,12,0,0,9,1,1,5,0,36,0.8842105263157894,36,1.8,20,4,13,0,6,12,0,6,4,1,0,0,0,0,0,29,29,69,1613,1249,1,0,23,190,2.8421052631578947,14,0,665,96,382,20,43206
2025-07-11,argo,app.shosetsu.android.activity,MainActivity,setupNavigationController,1,0,0.0,2,1.0,1,6,2,0,4,0,1,1,1.0,1,1,1,3,1.0,1,2.5,0,1,0.0,0,0.42105263157894735,0.8,341,175,0.42857142857142855,18,13,4,4,0,9,24,0,12,0,0,9,1,1,5,0,36,0.8842105263157894,36,1.8,20,4,13,0,6,12,0,6,4,1,0,0,0,0,0,29,29,69,1613,1249,1,0,23,190,2.8421052631578947,14,0,665,96,382,20,43206
2025-07-11,argo,app.shosetsu.android.activity,MainActivity,handleIntentAction,3,0,1.0,3,1.0,1,6,2,0,19,1,3,1,0.6666666666666666,1,1,1,10,1.0,0,3.4,1,1,0.0,0,0.42105263157894735,0.8,341,175,0.42857142857142855,18,13,4,4,0,9,24,0,12,0,0,9,1,1,5,0,36,0.8842105263157894,36,1.8,20,4,13,0,6,12,0,6,4,1,0,0,0,0,0,29,29,69,1613,1249,1,0,23,190,2.8421052631578947,14,0,665,96,382,20,43206
2025-07-11,argo,app.shosetsu.android.activity,MainActivity,setupProcesses,5,0,0.0,7,0.9,1,6,2,0,30,0,5,3,1.0,3,2,0,32,3.0,1,2.7857142857142856,0,0,0.0,0,0.42105263157894735,0.8,341,175,0.42857142857142855,18,13,4,4,0,9,24,0,12,0,0,9,1,1,5,0,36,0.8842105263157894,36,1.8,20,4,13,0,6,12,0,6,4,1,0,0,0,0,0,29,29,69,1613,1249,1,0,23,190,2.8421052631578947,14,0,665,96,382,20,43206
2025-07-11,argo,app.shosetsu.android.activity,MainActivity,handleAppUpdate,4,0,1.0,2,1.0,1,6,2,0,10,0,4,4,1.0,3,1,0,15,1.0,0,2.727272727272727,0,0,0.0,0,0.42105263157894735,0.8,341,175,0.42857142857142855,18,13,4,4,0,9,24,0,12,0,0,9,1,1,5,0,36,0.8842105263157894,36,1.8,20,4,13,0,6,12,0,6,4,1,0,0,0,0,0,29,29,69,1613,1249,1,0,23,190,2.8421052631578947,14,0,665,96,382,20,43206
2025-07-11,argo,app.shosetsu.android.activity,MainActivity,hideNavigation,4,0,0.0,4,1.0,1,6,2,0,13,1,4,0,1.0,0,4,0,9,5.0,1,2.5,0,0,0.0,0,0.42105263157894735,0.8,341,175,0.42857142857142855,18,13,4,4,0,9,24,0,12,0,0,9,1,1,5,0,36,0.8842105263157894,36,1.8,20,4,13,0,6,12,0,6,4,1,0,0,0,0,0,29,29,69,1613,1249,1,0,23,190,2.8421052631578947,14,0,665,96,382,20,43206
2025-07-11,argo,app.shosetsu.android.activity,MainActivity,showNavigation,4,0,0.0,4,1.0,1,6,2,0,13,1,4,0,1.0,0,4,0,9,5.0,1,2.5,0,0,0.0,0,0.42105263157894735,0.8,341,175,0.42857142857142855,18,13,4,4,0,9,24,0,12,0,0,9,1,1,5,0,36,0.8842105263157894,36,1.8,20,4,13,0,6,12,0,6,4,1,0,0,0,0,0,29,29,69,1613,1249,1,0,23,190,2.8421052631578947,14,0,665,96,382,20,43206
2025-07-11,argo,app.shosetsu.android.activity,MainActivity,syncActivityViewWithFragment,6,0,2.0,6,0.6667,1,6,2,0,27,2,6,2,0.6875,2,2,1,12,3.0,1,2.75,1,1,0.0,0,0.42105263157894735,0.8,341,175,0.42857142857142855,18,13,4,4,0,9,24,0,12,0,0,9,1,1,5,0,36,0.8842105263157894,36,1.8,20,4,13,0,6,12,0,6,4,1,0,0,0,0,0,29,29,69,1613,1249,1,0,23,190,2.8421052631578947,14,0,665,96,382,20,43206
2025-07-11,argo,app.shosetsu.android.activity,MainActivity,makeSnackBar,1,0,0.0,0,0.0,1,6,2,0,1,0,1,2,0.0,2,0,0,0,0.0,0,0.0,2,0,0.0,0,0.42105263157894735,0.8,341,175,0.42857142857142855,18,13,4,4,0,9,24,0,12,0,0,9,1,1,5,0,36,0.8842105263157894,36,1.8,20,4,13,0,6,12,0,6,4,1,0,0,0,0,0,29,29,69,1613,1249,1,0,23,190,2.8421052631578947,14,0,665,96,382,20,43206
2025-07-11,argo,app.shosetsu.android.activity,MainActivity,makeSnackBar,2,0,0.0,1,1.0,1,6,2,0,4,0,2,0,0.7142857142857143,0,1,0,3,1.0,0,2.5,2,0,0.0,0,0.42105263157894735,0.8,341,175,0.42857142857142855,18,13,4,4,0,9,24,0,12,0,0,9,1,1,5,0,36,0.8842105263157894,36,1.8,20,4,13,0,6,12,0,6,4,1,0,0,0,0,0,29,29,69,1613,1249,1,0,23,190,2.8421052631578947,14,0,665,96,382,20,43206
2025-07-11,argo,app.shosetsu.android.application,MultipleOutputStream,write,1,0,0.0,1,1.0,0,0,1,0,3,0,1,0,0.0,1,0,1,2,0.0,0,2.0,1,1,0.0,0,0.0,1.0,5,3,0.0,1,0,1,1,0,1,1,0,0,0,0,0,0,0,0,0,1,0.0,1,1.0,1,1,0,0,1,0,0,1,0,1,0,0,0,0,0,1,1,69,1613,1249,2,0,1,2,1.0,4,0,274,96,382,8,43206
2025-07-11,argo,app.shosetsu.android.application,ShosetsuApplication,attachBaseContext,1,0,0.0,2,1.0,1,4,1,0,6,0,1,1,0.0,2,0,3,2,0.0,1,2.0,1,3,0.0,0,0.0,0.7142857142857143,110,17,0.0,7,6,4,3,0,4,9,0,5,0,0,6,0,0,0,0,9,0.8571428571428572,10,1.4285714285714286,7,4,6,0,4,3,0,4,1,1,0,0,0,0,0,7,7,69,1613,1249,2,0,11,57,3.1666666666666665,4,0,274,96,382,8,43206
2025-07-11,argo,app.shosetsu.android.application,ShosetsuApplication,setupDualOutput,8,6,0.0,11,0.8182,1,4,1,0,27,3,8,0,0.0,0,0,2,30,0.17,1,2.217391304347826,0,1,0.0,0,0.0,0.7142857142857143,110,17,0.0,7,6,4,3,0,4,9,0,5,0,0,6,0,0,0,0,9,0.8571428571428572,10,1.4285714285714286,7,4,6,0,4,3,0,4,1,1,0,0,0,0,0,7,7,69,1613,1249,2,0,11,57,3.1666666666666665,4,0,274,96,382,8,43206
2025-07-11,argo,app.shosetsu.android.application,ShosetsuApplication,onCreate,5,0,0.0,4,1.0,1,4,1,0,11,1,5,2,1.0,3,3,4,8,3.0,2,2.6,0,4,0.0,0,0.0,0.7142857142857143,110,17,0.0,7,6,4,3,0,4,9,0,5,0,0,6,0,0,0,0,9,0.8571428571428572,10,1.4285714285714286,7,4,6,0,4,3,0,4,1,1,0,0,0,0,0,7,7,69,1613,1249,2,0,11,57,3.1666666666666665,4,0,274,96,382,8,43206
2025-07-11,argo,app.shosetsu.android.application,ShosetsuApplication,setupCoreLib,3,2,0.0,7,0.8571,1,4,1,0,16,1,3,0,1.0,0,2,1,11,1.5,1,2.0,0,0,0.0,0,0.0,0.7142857142857143,110,17,0.0,7,6,4,3,0,4,9,0,5,0,0,6,0,0,0,0,9,0.8571428571428572,10,1.4285714285714286,7,4,6,0,4,3,0,4,1,1,0,0,0,0,0,7,7,69,1613,1249,2,0,11,57,3.1666666666666665,4,0,274,96,382,8,43206
2025-07-11,argo,app.shosetsu.android.application,ShosetsuApplication,setupACRA,1,0,0.0,1,1.0,1,4,1,0,17,0,1,0,0.0,0,0,1,3,1.0,0,2.4444444444444446,0,1,0.0,0,0.0,0.7142857142857143,110,17,0.0,7,6,4,3,0,4,9,0,5,0,0,6,0,0,0,0,9,0.8571428571428572,10,1.4285714285714286,7,4,6,0,4,3,0,4,1,1,0,0,0,0,0,7,7,69,1613,1249,2,0,11,57,3.1666666666666665,4,0,274,96,382,8,43206
2025-07-11,argo,app.shosetsu.android.application,ShosetsuApplication,onStateChanged,0,0,0.0,0,0.0,1,4,1,0,0,0,0,0,0.0,0,0,0,0,0.0,0,0.0,2,0,0.0,0,0.0,0.7142857142857143,110,17,0.0,7,6,4,3,0,4,9,0,5,0,0,6,0,0,0,0,9,0.8571428571428572,10,1.4285714285714286,7,4,6,0,4,3,0,4,1,1,0,0,0,0,0,7,7,69,1613,1249,2,0,11,57,3.1666666666666665,4,0,274,96,382,8,43206
2025-07-11,argo,app.shosetsu.android.application,ShosetsuApplication,getWorkManagerConfiguration,1,0,0.0,1,1.0,1,4,1,0,1,0,1,0,0.0,0,0,0,3,0.0,0,2.5,0,0,0.0,0,0.0,0.7142857142857143,110,17,0.0,7,6,4,3,0,4,9,0,5,0,0,6,0,0,0,0,9,0.8571428571428572,10,1.4285714285714286,7,4,6,0,4,3,0,4,1,1,0,0,0,0,0,7,7,69,1613,1249,2,0,11,57,3.1666666666666665,4,0,274,96,382,8,43206
2025-07-11,argo,app.shosetsu.android.backend.receivers,BootReceiver,onReceive,2,0,0.0,2,1.0,1,0,3,0,9,1,2,0,0.0,0,0,3,6,0.0,1,2.0,2,3,0.0,0,0.0,1.0,47,9,0.0,1,0,1,2,0,2,3,0,0,0,0,0,0,0,0,0,2,0.0,2,2.0,1,1,0,0,1,0,0,1,0,1,0,0,0,0,0,3,3,69,1613,1249,2,0,3,6,2.0,2,0,173,96,382,2,43206
2025-07-11,argo,app.shosetsu.android.backend.receivers,NotificationBroadcastReceiver,onReceive,5,7,0.0,10,0.7273,1,0,1,0,32,3,5,0,0.0,0,0,0,18,0.0,1,2.4705882352941178,2,0,0.0,0,0.0,1.0,34,32,0.0,1,0,1,2,0,2,0,0,0,0,0,0,0,0,0,0,5,0.0,5,5.0,1,1,0,0,1,0,0,1,0,1,0,0,0,0,0,1,1,69,1613,1249,2,0,0,18,5.0,2,0,173,96,382,2,43206
2025-07-11,argo,app.shosetsu.android.backend.workers,NotificationCapable,notify,1,0,0.0,1,1.0,0,0,1,0,1,0,1,2,0.25,2,1,0,1,0.33,1,2.0,3,0,0.0,0,0.0,1.0,18,7,0.0,2,4,0,0,4,3,1,0,0,0,4,4,0,0,0,9,2,1.0,2,1.0,2,0,4,0,2,0,0,2,0,1,0,0,0,0,0,2,2,69,1613,1249,2,0,0,5,1.0,4,1,128,96,382,2,43206
2025-07-11,argo,app.shosetsu.android.backend.workers,NotificationCapable,notify,1,0,0.0,1,1.0,0,0,1,0,6,0,1,0,0.4,2,2,0,5,0.67,1,2.0,3,0,0.0,0,0.0,1.0,18,7,0.0,2,4,0,0,4,3,1,0,0,0,4,4,0,0,0,9,2,1.0,2,1.0,2,0,4,0,2,0,0,2,0,1,0,0,0,0,0,2,2,69,1613,1249,2,0,0,5,1.0,4,1,128,96,382,2,43206
2025-07-11,argo,app.shosetsu.android.backend.workers.onetime,AppUpdateCheckWorker,doWork,11,1,0.0,8,0.75,0,0,2,0,41,1,11,0,1.0,0,4,1,25,5.0,1,2.263157894736842,0,1,0.0,0,0.0,1.0,94,41,0.0,1,7,1,1,0,1,1,0,2,0,0,7,0,0,0,0,2,0.0,2,2.0,1,1,7,0,1,0,0,1,0,1,0,0,0,0,0,9,9,69,1613,1249,9,0,1,25,11.0,38,0,3367,96,382,44,43206
2025-07-11,argo,app.shosetsu.android.backend.workers.onetime,AppUpdateInstallWorker,doWork,16,3,1.0,11,0.8571,0,0,2,0,77,0,16,1,1.0,1,2,1,27,1.0,1,2.2758620689655173,0,1,0.0,0,0.0,1.0,126,84,0.5,2,6,1,1,0,4,1,0,1,0,0,6,0,0,0,0,2,1.0,2,1.0,2,1,6,0,1,1,0,1,0,1,0,0,0,0,0,8,8,69,1613,1249,9,0,1,36,9.5,38,0,3367,96,382,44,43206
2025-07-11,argo,app.shosetsu.android.backend.workers.onetime,AppUpdateInstallWorker,installApkPendingActivity,3,1,0.0,2,1.0,0,0,2,0,7,0,3,0,0.0,0,0,0,9,0.33,0,2.4285714285714284,2,0,0.0,0,0.0,1.0,126,84,0.5,2,6,1,1,0,4,1,0,1,0,0,6,0,0,0,0,2,1.0,2,1.0,2,1,6,0,1,1,0,1,0,1,0,0,0,0,0,8,8,69,1613,1249,9,0,1,36,9.5,38,0,3367,96,382,44,43206
2025-07-11,argo,app.shosetsu.android.backend.workers.onetime,BackupWorker,backupChapters,1,0,0.0,1,1.0,0,1,2,0,1,0,1,0,1.0,0,1,0,1,1.0,1,2.0,0,0,0.0,0,0.2,0.6666666666666666,159,83,0.2,5,12,1,1,0,5,5,0,7,0,0,12,0,0,0,0,8,0.9333333333333333,8,1.3333333333333333,6,1,12,0,2,4,0,2,0,1,0,0,0,0,0,15,15,69,1613,1249,9,0,4,70,2.6666666666666665,38,0,3367,96,382,44,43206
2025-07-11,argo,app.shosetsu.android.backend.workers.onetime,BackupWorker,backupSettings,1,0,0.0,1,1.0,0,1,2,0,1,0,1,0,1.0,0,1,0,1,1.0,1,2.0,0,0,0.0,0,0.2,0.6666666666666666,159,83,0.2,5,12,1,1,0,5,5,0,7,0,0,12,0,0,0,0,8,0.9333333333333333,8,1.3333333333333333,6,1,12,0,2,4,0,2,0,1,0,0,0,0,0,15,15,69,1613,1249,9,0,4,70,2.6666666666666665,38,0,3367,96,382,44,43206
2025-07-11,argo,app.shosetsu.android.backend.workers.onetime,BackupWorker,backupOnlyModified,1,0,0.0,1,1.0,0,1,2,0,1,0,1,0,1.0,0,1,0,1,2.0,1,2.0,0,0,0.0,0,0.2,0.6666666666666666,159,83,0.2,5,12,1,1,0,5,5,0,7,0,0,12,0,0,0,0,8,0.9333333333333333,8,1.3333333333333333,6,1,12,0,2,4,0,2,0,1,0,0,0,0,0,15,15,69,1613,1249,9,0,4,70,2.6666666666666665,38,0,3367,96,382,44,43206
2025-07-11,argo,app.shosetsu.android.backend.workers.onetime,BackupWorker,gzip,1,1,0.0,2,1.0,0,1,2,0,5,0,1,0,0.0,0,0,1,5,0.0,1,2.3333333333333335,1,1,0.0,0,0.2,0.6666666666666666,159,83,0.2,5,12,1,1,0,5,5,0,7,0,0,12,0,0,0,0,8,0.9333333333333333,8,1.3333333333333333,6,1,12,0,2,4,0,2,0,1,0,0,0,0,0,15,15,69,1613,1249,9,0,4,70,2.6666666666666665,38,0,3367,96,382,44,43206
2025-07-11,argo,app.shosetsu.android.backend.workers.onetime,BackupWorker,getBackupChapters,4,0,0.0,2,1.0,0,1,2,0,6,1,4,0,0.5,2,1,0,10,2.0,0,2.076923076923077,1,0,0.0,0,0.2,0.6666666666666666,159,83,0.2,5,12,1,1,0,5,5,0,7,0,0,12,0,0,0,0,8,0.9333333333333333,8,1.3333333333333333,6,1,12,0,2,4,0,2,0,1,0,0,0,0,0,15,15,69,1613,1249,9,0,4,70,2.6666666666666665,38,0,3367,96,382,44,43206
2025-07-11,argo,app.shosetsu.android.backend.workers.onetime,BackupWorker,doWork,8,13,2.0,21,0.9545,0,1,2,0,75,1,8,4,1.0,3,5,3,52,0.55,1,2.22,0,3,0.0,0,0.2,0.6666666666666666,159,83,0.2,5,12,1,1,0,5,5,0,7,0,0,12,0,0,0,0,8,0.9333333333333333,8,1.3333333333333333,6,1,12,0,2,4,0,2,0,1,0,0,0,0,0,15,15,69,1613,1249,9,0,4,70,2.6666666666666665,38,0,3367,96,382,44,43206
2025-07-11,argo,app.shosetsu.android.backend.workers.onetime,DownloadWorker,addCancelAction,3,0,0.0,2,1.0,0,5,3,0,6,0,3,0,1.0,0,1,1,11,2.0,0,2.6666666666666665,0,1,0.0,0,0.16363636363636364,0.6363636363636364,204,111,0.3333333333333333,6,11,1,1,0,5,3,0,6,0,0,11,1,1,1,0,24,0.9272727272727272,24,2.1818181818181817,11,1,11,0,1,10,0,1,6,1,0,0,0,0,0,23,23,69,1613,1249,9,0,3,71,5.454545454545454,38,0,3367,96,382,44,43206
2025-07-11,argo,app.shosetsu.android.backend.workers.onetime,DownloadWorker,isDownloadPaused,1,0,0.0,1,1.0,0,5,3,0,1,0,1,0,1.0,0,1,0,1,1.0,1,2.0,0,0,0.0,0,0.16363636363636364,0.6363636363636364,204,111,0.3333333333333333,6,11,1,1,0,5,3,0,6,0,0,11,1,1,1,0,24,0.9272727272727272,24,2.1818181818181817,11,1,11,0,1,10,0,1,6,1,0,0,0,0,0,23,23,69,1613,1249,9,0,3,71,5.454545454545454,38,0,3367,96,382,44,43206
2025-07-11,argo,app.shosetsu.android.backend.workers.onetime,DownloadWorker,getDownloadThreads,1,0,0.0,1,1.0,0,5,3,0,1,0,1,0,1.0,0,1,0,1,1.0,1,2.0,0,0,0.0,0,0.16363636363636364,0.6363636363636364,204,111,0.3333333333333333,6,11,1,1,0,5,3,0,6,0,0,11,1,1,1,0,24,0.9272727272727272,24,2.1818181818181817,11,1,11,0,1,10,0,1,6,1,0,0,0,0,0,23,23,69,1613,1249,9,0,3,71,5.454545454545454,38,0,3367,96,382,44,43206
2025-07-11,argo,app.shosetsu.android.backend.workers.onetime,DownloadWorker,getDownloadThreadsPerExtension,1,0,0.0,1,1.0,0,5,3,0,1,0,1,0,1.0,0,1,0,1,1.0,1,2.0,0,0,0.0,0,0.16363636363636364,0.6363636363636364,204,111,0.3333333333333333,6,11,1,1,0,5,3,0,6,0,0,11,1,1,1,0,24,0.9272727272727272,24,2.1818181818181817,11,1,11,0,1,10,0,1,6,1,0,0,0,0,0,23,23,69,1613,1249,9,0,3,71,5.454545454545454,38,0,3367,96,382,44,43206
2025-07-11,argo,app.shosetsu.android.backend.workers.onetime,DownloadWorker,getNotifyIndividualChapters,1,0,0.0,1,1.0,0,5,3,0,1,0,1,0,1.0,0,1,0,1,1.0,1,2.0,0,0,0.0,0,0.16363636363636364,0.6363636363636364,204,111,0.3333333333333333,6,11,1,1,0,5,3,0,6,0,0,11,1,1,1,0,24,0.9272727272727272,24,2.1818181818181817,11,1,11,0,1,10,0,1,6,1,0,0,0,0,0,23,23,69,1613,1249,9,0,3,71,5.454545454545454,38,0,3367,96,382,44,43206
2025-07-11,argo,app.shosetsu.android.backend.workers.onetime,DownloadWorker,getDownloadCount,2,0,0.0,1,1.0,0,5,3,0,1,0,2,1,1.0,0,1,0,1,1.0,1,2.0,0,0,0.0,0,0.16363636363636364,0.6363636363636364,204,111,0.3333333333333333,6,11,1,1,0,5,3,0,6,0,0,11,1,1,1,0,24,0.9272727272727272,24,2.1818181818181817,11,1,11,0,1,10,0,1,6,1,0,0,0,0,0,23,23,69,1613,1249,9,0,3,71,5.454545454545454,38,0,3367,96,382,44,43206
2025-07-11,argo,app.shosetsu.android.backend.workers.onetime,DownloadWorker,download,1,0,0.0,1,1.0,0,5,3,0,1,0,1,0,0.8,0,2,0,9,2.0,0,2.5,1,0,0.0,0,0.16363636363636364,0.6363636363636364,204,111,0.3333333333333333,6,11,1,1,0,5,3,0,6,0,0,11,1,1,1,0,24,0.9272727272727272,24,2.1818181818181817,11,1,11,0,1,10,0,1,6,1,0,0,0,0,0,23,23,69,1613,1249,9,0,3,71,5.454545454545454,38,0,3367,96,382,44,43206
2025-07-11,argo,app.shosetsu.android.backend.workers.onetime,DownloadWorker,activeExt,7,2,0.0,1,1.0,0,5,3,0,10,3,7,2,0.6666666666666666,0,1,0,3,0.33,0,2.0,1,0,0.0,0,0.16363636363636364,0.6363636363636364,204,111,0.3333333333333333,6,11,1,1,0,5,3,0,6,0,0,11,1,1,1,0,24,0.9272727272727272,24,2.1818181818181817,11,1,11,0,1,10,0,1,6,1,0,0,0,0,0,23,23,69,1613,1249,9,0,3,71,5.454545454545454,38,0,3367,96,382,44,43206
2025-07-11,argo,app.shosetsu.android.backend.workers.onetime,DownloadWorker,notify,12,1,0.0,5,1.0,0,5,3,0,23,3,12,3,0.1,2,1,1,13,0.67,0,2.4,2,1,0.0,0,0.16363636363636364,0.6363636363636364,204,111,0.3333333333333333,6,11,1,1,0,5,3,0,6,0,0,11,1,1,1,0,24,0.9272727272727272,24,2.1818181818181817,11,1,11,0,1,10,0,1,6,1,0,0,0,0,0,23,23,69,1613,1249,9,0,3,71,5.454545454545454,38,0,3367,96,382,44,43206
2025-07-11,argo,app.shosetsu.android.backend.workers.onetime,DownloadWorker,launchDownload,24,1,3.0,7,0.7143,0,5,3,0,50,2,24,21,1.0,5,3,0,22,4.0,1,2.260869565217391,0,0,0.0,0,0.16363636363636364,0.6363636363636364,204,111,0.3333333333333333,6,11,1,1,0,5,3,0,6,0,0,11,1,1,1,0,24,0.9272727272727272,24,2.1818181818181817,11,1,11,0,1,10,0,1,6,1,0,0,0,0,0,23,23,69,1613,1249,9,0,3,71,5.454545454545454,38,0,3367,96,382,44,43206
2025-07-11,argo,app.shosetsu.android.backend.workers.onetime,DownloadWorker,doWork,7,1,3.0,3,0.6667,0,5,3,0,21,1,7,6,1.0,6,1,1,8,2.0,1,2.0,0,1,0.0,0,0.16363636363636364,0.6363636363636364,204,111,0.3333333333333333,6,11,1,1,0,5,3,0,6,0,0,11,1,1,1,0,24,0.9272727272727272,24,2.1818181818181817,11,1,11,0,1,10,0,1,6,1,0,0,0,0,0,23,23,69,1613,1249,9,0,3,71,5.454545454545454,38,0,3367,96,382,44,43206
2025-07-11,argo,app.shosetsu.android.backend.workers.onetime,ExportBackupWorker,writeToUri,1,1,0.0,2,1.0,0,0,2,0,4,0,1,0,0.0,0,0,0,9,0.0,1,2.2857142857142856,2,0,0.0,0,0.0,1.0,100,50,0.5,2,7,1,1,0,3,2,0,2,0,0,8,1,1,0,0,5,1.0,5,2.5,2,1,7,0,1,1,0,1,0,1,0,0,0,0,0,8,8,69,1613,1249,9,0,2,28,4.5,38,0,3367,96,382,44,43206
2025-07-11,argo,app.shosetsu.android.backend.workers.onetime,ExportBackupWorker,doWork,8,3,1.0,6,0.8333,0,0,2,0,46,1,8,1,1.0,1,3,2,19,1.0,1,2.411764705882353,0,2,0.0,0,0.0,1.0,100,50,0.5,2,7,1,1,0,3,2,0,2,0,0,8,1,1,0,0,5,1.0,5,2.5,2,1,7,0,1,1,0,1,0,1,0,0,0,0,0,8,8,69,1613,1249,9,0,2,28,4.5,38,0,3367,96,382,44,43206
2025-07-11,argo,app.shosetsu.android.backend.workers.onetime,ExtensionInstallWorker,doWork,26,8,0.0,23,0.7778,0,0,2,0,119,2,26,0,1.0,0,9,3,77,1.67,1,2.442622950819672,0,3,0.0,0,0.0,1.0,176,119,0.0,1,11,1,1,0,1,4,0,6,0,0,13,2,2,0,0,9,0.0,9,9.0,1,1,11,0,1,0,0,1,0,1,0,0,0,0,0,11,11,69,1613,1249,9,0,3,77,26.0,38,0,3367,96,382,44,43206
2025-07-11,argo,app.shosetsu.android.backend.workers.onetime,NovelUpdateWorker,addCancelAction,3,0,0.0,2,1.0,0,0,2,0,6,0,3,0,1.0,0,1,1,11,2.0,0,2.6666666666666665,0,1,0.0,0,0.39285714285714285,0.5,206,126,0.125,8,9,1,1,0,3,5,0,4,0,0,14,5,5,0,0,17,0.9642857142857143,17,2.125,8,1,9,0,1,7,0,1,1,1,0,0,0,0,0,18,18,69,1613,1249,9,0,4,91,4.25,38,0,3367,96,382,44,43206
2025-07-11,argo,app.shosetsu.android.backend.workers.onetime,NovelUpdateWorker,onlyUpdateOngoing,1,0,0.0,1,1.0,0,0,2,0,1,0,1,0,1.0,0,1,0,1,1.0,1,2.0,0,0,0.0,0,0.39285714285714285,0.5,206,126,0.125,8,9,1,1,0,3,5,0,4,0,0,14,5,5,0,0,17,0.9642857142857143,17,2.125,8,1,9,0,1,7,0,1,1,1,0,0,0,0,0,18,18,69,1613,1249,9,0,4,91,4.25,38,0,3367,96,382,44,43206
2025-07-11,argo,app.shosetsu.android.backend.workers.onetime,NovelUpdateWorker,downloadOnUpdate,1,0,0.0,1,1.0,0,0,2,0,1,0,1,0,1.0,0,1,0,1,1.0,1,2.0,0,0,0.0,0,0.39285714285714285,0.5,206,126,0.125,8,9,1,1,0,3,5,0,4,0,0,14,5,5,0,0,17,0.9642857142857143,17,2.125,8,1,9,0,1,7,0,1,1,1,0,0,0,0,0,18,18,69,1613,1249,9,0,4,91,4.25,38,0,3367,96,382,44,43206
2025-07-11,argo,app.shosetsu.android.backend.workers.onetime,NovelUpdateWorker,notificationStyle,1,0,0.0,1,1.0,0,0,2,0,1,0,1,0,1.0,0,1,0,1,1.0,1,2.0,0,0,0.0,0,0.39285714285714285,0.5,206,126,0.125,8,9,1,1,0,3,5,0,4,0,0,14,5,5,0,0,17,0.9642857142857143,17,2.125,8,1,9,0,1,7,0,1,1,1,0,0,0,0,0,18,18,69,1613,1249,9,0,4,91,4.25,38,0,3367,96,382,44,43206
2025-07-11,argo,app.shosetsu.android.backend.workers.onetime,NovelUpdateWorker,showProgress,1,0,0.0,1,1.0,0,0,2,0,1,0,1,0,1.0,0,1,0,1,1.0,1,2.0,0,0,0.0,0,0.39285714285714285,0.5,206,126,0.125,8,9,1,1,0,3,5,0,4,0,0,14,5,5,0,0,17,0.9642857142857143,17,2.125,8,1,9,0,1,7,0,1,1,1,0,0,0,0,0,18,18,69,1613,1249,9,0,4,91,4.25,38,0,3367,96,382,44,43206
2025-07-11,argo,app.shosetsu.android.backend.workers.onetime,NovelUpdateWorker,classicFinale,1,0,0.0,1,1.0,0,0,2,0,1,0,1,0,1.0,0,1,0,1,1.0,1,2.0,0,0,0.0,0,0.39285714285714285,0.5,206,126,0.125,8,9,1,1,0,3,5,0,4,0,0,14,5,5,0,0,17,0.9642857142857143,17,2.125,8,1,9,0,1,7,0,1,1,1,0,0,0,0,0,18,18,69,1613,1249,9,0,4,91,4.25,38,0,3367,96,382,44,43206
2025-07-11,argo,app.shosetsu.android.backend.workers.onetime,NovelUpdateWorker,doWork,24,11,7.0,16,1.0,0,0,2,0,112,3,24,9,1.0,7,5,2,69,0.71,1,2.4,0,2,0.0,0,0.39285714285714285,0.5,206,126,0.125,8,9,1,1,0,3,5,0,4,0,0,14,5,5,0,0,17,0.9642857142857143,17,2.125,8,1,9,0,1,7,0,1,1,1,0,0,0,0,0,18,18,69,1613,1249,9,0,4,91,4.25,38,0,3367,96,382,44,43206
2025-07-11,argo,app.shosetsu.android.backend.workers.onetime,NovelUpdateWorker,addOpenReader,2,0,0.0,1,1.0,0,0,2,0,3,0,2,0,0.0,0,0,1,6,0.5,0,2.0,2,1,0.0,0,0.39285714285714285,0.5,206,126,0.125,8,9,1,1,0,3,5,0,4,0,0,14,5,5,0,0,17,0.9642857142857143,17,2.125,8,1,9,0,1,7,0,1,1,1,0,0,0,0,0,18,18,69,1613,1249,9,0,4,91,4.25,38,0,3367,96,382,44,43206
2025-07-11,argo,app.shosetsu.android.backend.workers.onetime,RepositoryUpdateWorker,disableOnFail,1,0,0.0,1,1.0,0,0,2,0,1,0,1,0,1.0,0,1,0,2,1.0,0,3.0,0,0,0.0,0,0.3333333333333333,0.8571428571428571,208,135,0.2857142857142857,7,10,1,1,0,9,11,0,5,0,0,10,0,0,0,0,13,0.7619047619047619,13,1.8571428571428572,7,1,10,0,1,6,0,1,0,1,0,0,0,0,0,17,17,69,1613,1249,9,0,10,99,4.142857142857143,38,0,3367,96,382,44,43206
2025-07-11,argo,app.shosetsu.android.backend.workers.onetime,RepositoryUpdateWorker,updateLibraries,11,7,0.0,9,0.9091,0,0,2,0,52,2,11,0,0.3333333333333333,0,2,3,26,0.5,1,2.2,2,3,0.0,0,0.3333333333333333,0.8571428571428571,208,135,0.2857142857142857,7,10,1,1,0,9,11,0,5,0,0,10,0,0,0,0,13,0.7619047619047619,13,1.8571428571428572,7,1,10,0,1,6,0,1,0,1,0,0,0,0,0,17,17,69,1613,1249,9,0,10,99,4.142857142857143,38,0,3367,96,382,44,43206
2025-07-11,argo,app.shosetsu.android.backend.workers.onetime,RepositoryUpdateWorker,handlePresentExtensions,3,0,0.0,2,1.0,0,0,2,0,8,0,3,0,0.6,0,2,1,9,1.0,0,2.4,2,1,0.0,0,0.3333333333333333,0.8571428571428571,208,135,0.2857142857142857,7,10,1,1,0,9,11,0,5,0,0,10,0,0,0,0,13,0.7619047619047619,13,1.8571428571428572,7,1,10,0,1,6,0,1,0,1,0,0,0,0,0,17,17,69,1613,1249,9,0,10,99,4.142857142857143,38,0,3367,96,382,44,43206
2025-07-11,argo,app.shosetsu.android.backend.workers.onetime,RepositoryUpdateWorker,addUpdate,3,1,0.0,2,1.0,0,0,2,0,7,0,3,0,0.0,0,0,1,11,0.5,0,2.6666666666666665,1,1,0.0,0,0.3333333333333333,0.8571428571428571,208,135,0.2857142857142857,7,10,1,1,0,9,11,0,5,0,0,10,0,0,0,0,13,0.7619047619047619,13,1.8571428571428572,7,1,10,0,1,6,0,1,0,1,0,0,0,0,0,17,17,69,1613,1249,9,0,10,99,4.142857142857143,38,0,3367,96,382,44,43206
2025-07-11,argo,app.shosetsu.android.backend.workers.onetime,RepositoryUpdateWorker,updateExtension,3,1,0.0,3,0.6667,0,0,2,0,8,1,3,0,0.14285714285714285,0,1,0,18,0.33,0,2.15,2,0,0.0,0,0.3333333333333333,0.8571428571428571,208,135,0.2857142857142857,7,10,1,1,0,9,11,0,5,0,0,10,0,0,0,0,13,0.7619047619047619,13,1.8571428571428572,7,1,10,0,1,6,0,1,0,1,0,0,0,0,0,17,17,69,1613,1249,9,0,10,99,4.142857142857143,38,0,3367,96,382,44,43206
2025-07-11,argo,app.shosetsu.android.backend.workers.onetime,RepositoryUpdateWorker,updateExtensions,1,1,2.0,2,1.0,0,0,2,0,9,0,1,2,0.25,2,1,2,5,0.33,0,2.6666666666666665,2,2,0.0,0,0.3333333333333333,0.8571428571428571,208,135,0.2857142857142857,7,10,1,1,0,9,11,0,5,0,0,10,0,0,0,0,13,0.7619047619047619,13,1.8571428571428572,7,1,10,0,1,6,0,1,0,1,0,0,0,0,0,17,17,69,1613,1249,9,0,10,99,4.142857142857143,38,0,3367,96,382,44,43206
2025-07-11,argo,app.shosetsu.android.backend.workers.onetime,RepositoryUpdateWorker,doWork,7,3,4.0,15,0.8,0,0,2,0,50,1,7,4,1.0,4,4,3,28,1.67,1,2.090909090909091,0,3,0.0,0,0.3333333333333333,0.8571428571428571,208,135,0.2857142857142857,7,10,1,1,0,9,11,0,5,0,0,10,0,0,0,0,13,0.7619047619047619,13,1.8571428571428572,7,1,10,0,1,6,0,1,0,1,0,0,0,0,0,17,17,69,1613,1249,9,0,10,99,4.142857142857143,38,0,3367,96,382,44,43206
2025-07-11,argo,app.shosetsu.android.backend.workers.onetime,RestoreBackupWorker,unGZip,1,0,0.0,1,1.0,0,0,2,0,1,0,1,0,0.0,0,0,0,1,0.0,1,2.0,1,0,0.0,0,0.2,0.8333333333333334,327,247,0.5,6,17,1,1,0,14,10,0,14,0,0,21,4,4,0,0,17,0.5333333333333333,17,2.8333333333333335,6,1,17,0,1,5,0,1,1,1,0,0,0,0,0,13,13,69,1613,1249,9,0,14,138,7.5,38,0,3367,96,382,44,43206
2025-07-11,argo,app.shosetsu.android.backend.workers.onetime,RestoreBackupWorker,loadBackupFromUri,1,3,0.0,3,1.0,0,0,2,0,6,0,1,0,0.0,0,0,0,4,0.0,1,2.0,1,0,0.0,0,0.2,0.8333333333333334,327,247,0.5,6,17,1,1,0,14,10,0,14,0,0,21,4,4,0,0,17,0.5333333333333333,17,2.8333333333333335,6,1,17,0,1,5,0,1,1,1,0,0,0,0,0,13,13,69,1613,1249,9,0,14,138,7.5,38,0,3367,96,382,44,43206
2025-07-11,argo,app.shosetsu.android.backend.workers.onetime,RestoreBackupWorker,doWork,10,9,3.0,19,0.9,0,0,2,0,72,1,10,4,1.0,3,7,5,46,1.33,2,2.40625,0,5,0.0,0,0.2,0.8333333333333334,327,247,0.5,6,17,1,1,0,14,10,0,14,0,0,21,4,4,0,0,17,0.5333333333333333,17,2.8333333333333335,6,1,17,0,1,5,0,1,1,1,0,0,0,0,0,13,13,69,1613,1249,9,0,14,138,7.5,38,0,3367,96,382,44,43206
2025-07-11,argo,app.shosetsu.android.backend.workers.onetime,RestoreBackupWorker,restoreExtension,5,3,1.0,5,1.0,0,0,2,0,21,1,5,1,0.42857142857142855,1,3,2,11,0.5,1,2.076923076923077,3,2,0.0,0,0.2,0.8333333333333334,327,247,0.5,6,17,1,1,0,14,10,0,14,0,0,21,4,4,0,0,17,0.5333333333333333,17,2.8333333333333335,6,1,17,0,1,5,0,1,1,1,0,0,0,0,0,13,13,69,1613,1249,9,0,14,138,7.5,38,0,3367,96,382,44,43206
2025-07-11,argo,app.shosetsu.android.backend.workers.onetime,RestoreBackupWorker,restoreNovel,24,11,1.0,17,0.8889,0,0,2,0,126,2,24,1,0.30434782608695654,1,4,6,63,0.36,1,2.377049180327869,4,6,0.0,0,0.2,0.8333333333333334,327,247,0.5,6,17,1,1,0,14,10,0,14,0,0,21,4,4,0,0,17,0.5333333333333333,17,2.8333333333333335,6,1,17,0,1,5,0,1,1,1,0,0,0,0,0,13,13,69,1613,1249,9,0,14,138,7.5,38,0,3367,96,382,44,43206
2025-07-11,argo,app.shosetsu.android.backend.workers.onetime,RestoreBackupWorker,restoreChapter,4,5,0.0,3,1.0,0,0,2,0,21,1,4,0,0.16666666666666666,0,2,1,13,0.27,1,2.125,6,1,0.0,0,0.2,0.8333333333333334,327,247,0.5,6,17,1,1,0,14,10,0,14,0,0,21,4,4,0,0,17,0.5333333333333333,17,2.8333333333333335,6,1,17,0,1,5,0,1,1,1,0,0,0,0,0,13,13,69,1613,1249,9,0,14,138,7.5,38,0,3367,96,382,44,43206
2025-07-11,argo,app.shosetsu.android.backend.workers.perodic,AppUpdateCheckCycleWorker,doWork,2,1,0.0,5,1.0,0,0,2,0,28,1,2,0,0.0,0,0,1,6,0.0,1,2.4615384615384617,0,1,0.0,0,0.0,1.0,69,28,0.0,1,0,1,1,0,1,1,0,0,0,0,0,0,0,0,0,2,0.0,2,2.0,1,1,0,0,1,0,0,1,0,1,0,0,0,0,0,10,10,69,1613,1249,3,0,1,6,2.0,3,0,464,96,382,3,43206
2025-07-11,argo,app.shosetsu.android.backend.workers.perodic,BackupCycleWorker,doWork,2,1,0.0,5,1.0,0,0,2,0,28,1,2,0,0.0,0,0,1,6,0.0,1,2.4615384615384617,0,1,0.0,0,0.0,1.0,72,28,0.0,1,0,1,1,0,1,1,0,0,0,0,0,0,0,0,0,2,0.0,2,2.0,1,1,0,0,1,0,0,1,0,1,0,0,0,0,0,11,11,69,1613,1249,3,0,1,6,2.0,3,0,464,96,382,3,43206
2025-07-11,argo,app.shosetsu.android.backend.workers.perodic,NovelUpdateCycleWorker,doWork,2,1,0.0,5,1.0,0,0,2,0,28,1,2,0,0.0,0,0,1,6,0.0,1,2.4615384615384617,0,1,0.0,0,0.0,1.0,74,28,0.0,1,0,1,1,0,1,1,0,0,0,0,0,0,0,0,0,2,0.0,2,2.0,1,1,0,0,1,0,0,1,0,1,0,0,0,0,0,12,12,69,1613,1249,3,0,1,6,2.0,3,0,464,96,382,3,43206
2025-07-11,argo,app.shosetsu.android.common.enums,NovelCardType,valueOf,1,0,0.0,0,0.0,0,0,1,0,1,0,1,0,0.0,0,0,0,0,0.0,0,0.0,0,0,0.0,0,0.0,0.0,11,1,0.0,1,0,0,0,0,1,0,1,0,0,0,0,0,0,0,0,1,0.0,1,1.0,1,0,0,0,1,0,0,1,0,1,0,0,1,0,1,1,2,69,1613,1249,17,1,0,0,1.0,2,0,476,96,382,2,43206
2025-07-11,argo,app.shosetsu.android.common.enums,TriStateState,cycle,4,0,0.0,0,0.0,0,0,1,0,5,1,4,0,0.0,0,0,0,2,0.0,0,0.0,1,0,0.0,0,0.0,1.0,11,5,0.0,1,0,0,0,0,1,0,0,0,0,0,0,0,0,0,0,2,0.0,2,2.0,1,0,0,0,1,0,0,1,0,1,0,0,0,0,0,1,1,69,1613,1249,17,0,0,2,4.0,2,0,476,96,382,2,43206
2025-07-11,argo,app.shosetsu.android.common.utils.uifactory,BrowseExtensionConversionFactory,convertTo,1,0,0.0,0,0.0,0,0,1,0,1,0,1,0,0.0,0,0,0,1,0.0,0,0.0,0,0,0.0,0,0.0,1.0,3,1,0.0,1,0,1,1,0,1,0,0,0,0,0,0,0,0,0,0,1,0.0,1,1.0,1,1,0,0,1,0,0,1,0,1,0,0,0,0,0,1,1,69,1613,1249,11,0,0,1,1.0,30,0,523,96,382,10,43206
2025-07-11,argo,app.shosetsu.android.common.utils.uifactory,ChapterConversionFactory,convertTo,1,0,0.0,0,0.0,0,0,1,0,1,0,1,0,0.0,0,0,0,1,0.0,0,0.0,0,0,0.0,0,0.0,1.0,3,1,0.0,1,0,1,1,0,1,0,0,0,0,0,0,0,0,0,0,1,0.0,1,1.0,1,1,0,0,1,0,0,1,0,1,0,0,0,0,0,1,1,69,1613,1249,11,0,0,1,1.0,30,0,523,96,382,10,43206
2025-07-11,argo,app.shosetsu.android.common.utils.uifactory,ColorChoiceConversionFactory,convertTo,1,0,0.0,0,0.0,0,0,1,0,1,0,1,0,0.0,0,0,0,1,0.0,0,0.0,0,0,0.0,0,0.0,1.0,3,1,0.0,1,0,1,1,0,1,0,0,0,0,0,0,0,0,0,0,1,0.0,1,1.0,1,1,0,0,1,0,0,1,0,1,0,0,0,0,0,1,1,69,1613,1249,11,0,0,1,1.0,30,0,523,96,382,10,43206
2025-07-11,argo,app.shosetsu.android.common.utils.uifactory,DownloadConversionFactory,convertTo,1,0,0.0,0,0.0,0,0,1,0,1,0,1,0,0.0,0,0,0,1,0.0,0,0.0,0,0,0.0,0,0.0,0.0,3,1,0.0,1,0,1,1,0,1,0,0,0,0,0,0,0,0,0,0,1,0.0,1,1.0,1,1,0,0,1,0,0,1,0,1,0,0,0,0,0,1,1,69,1613,1249,11,0,0,1,1.0,30,0,523,96,382,10,43206
2025-07-11,argo,app.shosetsu.android.common.utils.uifactory,InstalledExtensionConversionFactory,convertTo,1,0,0.0,0,0.0,0,0,1,0,1,0,1,0,0.0,0,0,0,1,0.0,0,0.0,0,0,0.0,0,0.0,1.0,3,1,0.0,1,0,1,1,0,1,0,0,0,0,0,0,0,0,0,0,1,0.0,1,1.0,1,1,0,0,1,0,0,1,0,1,0,0,0,0,0,1,1,69,1613,1249,11,0,0,1,1.0,30,0,523,96,382,10,43206
2025-07-11,argo,app.shosetsu.android.common.utils.uifactory,NovelConversionFactory,convertTo,1,0,0.0,1,1.0,0,0,1,0,1,0,1,0,0.0,0,0,0,4,0.0,4,2.0,0,0,0.0,0,0.0,1.0,3,1,0.0,1,0,1,1,0,1,0,0,0,0,0,0,0,0,0,0,1,0.0,1,1.0,1,1,0,0,1,0,0,1,0,1,0,0,0,0,0,1,1,69,1613,1249,11,0,0,4,1.0,30,0,523,96,382,10,43206
2025-07-11,argo,app.shosetsu.android.common.utils.uifactory,NovelSettingConversionFactory,convertTo,1,0,0.0,0,0.0,0,0,1,0,1,0,1,0,0.0,0,0,0,1,0.0,0,0.0,0,0,0.0,0,0.0,0.0,3,1,0.0,1,0,1,1,0,1,0,0,0,0,0,0,0,0,0,0,1,0.0,1,1.0,1,1,0,0,1,0,0,1,0,1,0,0,0,0,0,1,1,69,1613,1249,11,0,0,1,1.0,30,0,523,96,382,10,43206
2025-07-11,argo,app.shosetsu.android.common.utils.uifactory,RepositoryConversionFactory,convertTo,1,0,0.0,0,0.0,0,0,1,0,1,0,1,0,0.0,0,0,0,1,0.0,0,0.0,0,0,0.0,0,0.0,0.0,3,1,0.0,1,0,1,1,0,1,0,0,0,0,0,0,0,0,0,0,1,0.0,1,1.0,1,1,0,0,1,0,0,1,0,1,0,0,0,0,0,1,1,69,1613,1249,11,0,0,1,1.0,30,0,523,96,382,10,43206
2025-07-11,argo,app.shosetsu.android.common.utils.uifactory,StrippedNovelConversionFactory,convertTo,1,0,0.0,0,0.0,0,0,1,0,1,0,1,0,0.0,0,0,0,1,0.0,0,0.0,0,0,0.0,0,0.0,0.0,3,1,0.0,1,0,1,1,0,1,0,0,0,0,0,0,0,0,0,0,1,0.0,1,1.0,1,1,0,0,1,0,0,1,0,1,0,0,0,0,0,1,1,69,1613,1249,11,0,0,1,1.0,30,0,523,96,382,10,43206
2025-07-11,argo,app.shosetsu.android.common.utils.uifactory,UpdateConversionFactory,convertTo,1,0,0.0,0,0.0,0,0,1,0,1,0,1,0,0.0,0,0,0,1,0.0,0,0.0,0,0,0.0,0,0.0,1.0,3,1,0.0,1,0,1,1,0,1,0,0,0,0,0,0,0,0,0,0,1,0.0,1,1.0,1,1,0,0,1,0,0,1,0,1,0,0,0,0,0,1,1,69,1613,1249,11,0,0,1,1.0,30,0,523,96,382,10,43206
2025-07-11,argo,app.shosetsu.android.datasource.local.database.impl,DBChaptersDataSource,getChaptersFlow,1,0,0.0,0,0.0,0,7,1,0,1,0,1,0,0.0,1,0,0,3,0.0,0,2.5,1,0,0.0,0,0.0,0.0,39,16,0.0,15,0,15,1,0,13,1,0,0,0,0,0,0,0,0,0,15,0.9809523809523809,15,1.0,15,15,0,0,15,0,0,15,0,1,0,0,0,0,0,15,15,69,1613,1249,10,0,4,22,1.0,60,0,665,96,382,78,43206
2025-07-11,argo,app.shosetsu.android.datasource.local.database.impl,DBChaptersDataSource,getChapters,1,0,0.0,0,0.0,0,7,1,0,1,0,1,0,0.0,1,0,0,2,0.0,2,3.0,1,0,0.0,0,0.0,0.0,39,16,0.0,15,0,15,1,0,13,1,0,0,0,0,0,0,0,0,0,15,0.9809523809523809,15,1.0,15,15,0,0,15,0,0,15,0,1,0,0,0,0,0,15,15,69,1613,1249,10,0,4,22,1.0,60,0,665,96,382,78,43206
2025-07-11,argo,app.shosetsu.android.datasource.local.database.impl,DBChaptersDataSource,getChaptersByExtension,1,0,0.0,0,0.0,0,7,1,0,1,0,1,0,0.0,1,0,0,2,0.0,2,3.0,1,0,0.0,0,0.0,0.0,39,16,0.0,15,0,15,1,0,13,1,0,0,0,0,0,0,0,0,0,15,0.9809523809523809,15,1.0,15,15,0,0,15,0,0,15,0,1,0,0,0,0,0,15,15,69,1613,1249,10,0,4,22,1.0,60,0,665,96,382,78,43206
2025-07-11,argo,app.shosetsu.android.datasource.local.database.impl,DBChaptersDataSource,getChapter,1,0,0.0,0,0.0,0,7,1,0,1,0,1,0,0.0,1,0,0,2,0.0,2,3.0,1,0,0.0,0,0.0,0.0,39,16,0.0,15,0,15,1,0,13,1,0,0,0,0,0,0,0,0,0,15,0.9809523809523809,15,1.0,15,15,0,0,15,0,0,15,0,1,0,0,0,0,0,15,15,69,1613,1249,10,0,4,22,1.0,60,0,665,96,382,78,43206
2025-07-11,argo,app.shosetsu.android.datasource.local.database.impl,DBChaptersDataSource,getReaderChapters,1,0,0.0,1,1.0,0,7,1,0,1,0,1,0,0.0,0,0,0,1,0.0,1,2.0,1,0,0.0,0,0.0,0.0,39,16,0.0,15,0,15,1,0,13,1,0,0,0,0,0,0,0,0,0,15,0.9809523809523809,15,1.0,15,15,0,0,15,0,0,15,0,1,0,0,0,0,0,15,15,69,1613,1249,10,0,4,22,1.0,60,0,665,96,382,78,43206
2025-07-11,argo,app.shosetsu.android.datasource.local.database.impl,DBChaptersDataSource,handleChapters,1,0,0.0,1,1.0,0,7,1,0,1,0,1,0,0.0,0,0,0,1,0.0,1,2.0,3,0,0.0,0,0.0,0.0,39,16,0.0,15,0,15,1,0,13,1,0,0,0,0,0,0,0,0,0,15,0.9809523809523809,15,1.0,15,15,0,0,15,0,0,15,0,1,0,0,0,0,0,15,15,69,1613,1249,10,0,4,22,1.0,60,0,665,96,382,78,43206
2025-07-11,argo,app.shosetsu.android.datasource.local.database.impl,DBChaptersDataSource,handleChapterReturn,1,0,0.0,1,1.0,0,7,1,0,1,0,1,0,0.0,0,0,0,2,0.0,2,2.0,3,0,0.0,0,0.0,0.0,39,16,0.0,15,0,15,1,0,13,1,0,0,0,0,0,0,0,0,0,15,0.9809523809523809,15,1.0,15,15,0,0,15,0,0,15,0,1,0,0,0,0,0,15,15,69,1613,1249,10,0,4,22,1.0,60,0,665,96,382,78,43206
2025-07-11,argo,app.shosetsu.android.datasource.local.database.impl,DBChaptersDataSource,updateChapter,1,0,0.0,1,1.0,0,7,1,0,1,0,1,0,0.0,0,0,0,2,0.0,0,3.0,1,0,0.0,0,0.0,0.0,39,16,0.0,15,0,15,1,0,13,1,0,0,0,0,0,0,0,0,0,15,0.9809523809523809,15,1.0,15,15,0,0,15,0,0,15,0,1,0,0,0,0,0,15,15,69,1613,1249,10,0,4,22,1.0,60,0,665,96,382,78,43206
2025-07-11,argo,app.shosetsu.android.datasource.local.database.impl,DBChaptersDataSource,delete,1,0,0.0,0,0.0,0,7,1,0,1,0,1,0,0.0,2,0,0,2,0.0,0,3.0,1,0,0.0,0,0.0,0.0,39,16,0.0,15,0,15,1,0,13,1,0,0,0,0,0,0,0,0,0,15,0.9809523809523809,15,1.0,15,15,0,0,15,0,0,15,0,1,0,0,0,0,0,15,15,69,1613,1249,10,0,4,22,1.0,60,0,665,96,382,78,43206
2025-07-11,argo,app.shosetsu.android.datasource.local.database.impl,DBChaptersDataSource,delete,1,0,0.0,0,0.0,0,7,1,0,3,0,1,0,0.0,2,0,1,2,0.0,0,3.0,1,1,0.0,0,0.0,0.0,39,16,0.0,15,0,15,1,0,13,1,0,0,0,0,0,0,0,0,0,15,0.9809523809523809,15,1.0,15,15,0,0,15,0,0,15,0,1,0,0,0,0,0,15,15,69,1613,1249,10,0,4,22,1.0,60,0,665,96,382,78,43206
2025-07-11,argo,app.shosetsu.android.datasource.local.database.impl,DBChaptersDataSource,getChapterProgress,1,0,0.0,0,0.0,0,7,1,0,1,0,1,0,0.0,1,0,0,1,0.0,1,2.0,1,0,0.0,0,0.0,0.0,39,16,0.0,15,0,15,1,0,13,1,0,0,0,0,0,0,0,0,0,15,0.9809523809523809,15,1.0,15,15,0,0,15,0,0,15,0,1,0,0,0,0,0,15,15,69,1613,1249,10,0,4,22,1.0,60,0,665,96,382,78,43206
2025-07-11,argo,app.shosetsu.android.datasource.local.database.impl,DBChaptersDataSource,getChapterBookmarkedFlow,1,0,0.0,0,0.0,0,7,1,0,1,0,1,0,0.0,1,0,0,1,0.0,1,2.0,1,0,0.0,0,0.0,0.0,39,16,0.0,15,0,15,1,0,13,1,0,0,0,0,0,0,0,0,0,15,0.9809523809523809,15,1.0,15,15,0,0,15,0,0,15,0,1,0,0,0,0,0,15,15,69,1613,1249,10,0,4,22,1.0,60,0,665,96,382,78,43206
2025-07-11,argo,app.shosetsu.android.datasource.local.database.impl,DBChaptersDataSource,updateChapterReadingStatus,1,0,0.0,1,1.0,0,7,1,0,3,0,1,0,0.0,0,0,1,1,0.0,1,2.0,2,1,0.0,0,0.0,0.0,39,16,0.0,15,0,15,1,0,13,1,0,0,0,0,0,0,0,0,0,15,0.9809523809523809,15,1.0,15,15,0,0,15,0,0,15,0,1,0,0,0,0,0,15,15,69,1613,1249,10,0,4,22,1.0,60,0,665,96,382,78,43206
2025-07-11,argo,app.shosetsu.android.datasource.local.database.impl,DBChaptersDataSource,updateChapterBookmark,1,0,0.0,1,1.0,0,7,1,0,3,0,1,0,0.0,0,0,1,1,0.0,1,2.0,2,1,0.0,0,0.0,0.0,39,16,0.0,15,0,15,1,0,13,1,0,0,0,0,0,0,0,0,0,15,0.9809523809523809,15,1.0,15,15,0,0,15,0,0,15,0,1,0,0,0,0,0,15,15,69,1613,1249,10,0,4,22,1.0,60,0,665,96,382,78,43206
2025-07-11,argo,app.shosetsu.android.datasource.local.database.impl,DBChaptersDataSource,markChaptersDeleted,1,0,0.0,1,1.0,0,7,1,0,3,0,1,0,0.0,0,0,1,1,0.0,1,2.0,1,1,0.0,0,0.0,0.0,39,16,0.0,15,0,15,1,0,13,1,0,0,0,0,0,0,0,0,0,15,0.9809523809523809,15,1.0,15,15,0,0,15,0,0,15,0,1,0,0,0,0,0,15,15,69,1613,1249,10,0,4,22,1.0,60,0,665,96,382,78,43206
2025-07-11,argo,app.shosetsu.android.datasource.local.database.impl,DBDownloadsDataSource,loadLiveDownloads,2,0,0.0,1,1.0,0,1,1,0,1,0,2,0,0.0,0,0,0,3,0.0,0,2.5,0,0,0.0,0,0.0,0.0,31,16,0.0,11,0,11,1,0,9,1,0,0,0,0,0,0,0,0,0,11,0.9818181818181818,11,1.0,11,11,0,0,11,0,0,11,9,1,0,0,0,0,0,11,11,69,1613,1249,10,0,4,20,1.7,60,0,665,96,382,78,43206
2025-07-11,argo,app.shosetsu.android.datasource.local.database.impl,DBDownloadsDataSource,loadDownloadCount,1,0,0.0,0,0.0,0,1,1,0,1,0,1,0,0.0,1,0,0,1,0.0,1,2.0,0,0,0.0,0,0.0,0.0,31,16,0.0,11,0,11,1,0,9,1,0,0,0,0,0,0,0,0,0,11,0.9818181818181818,11,1.0,11,11,0,0,11,0,0,11,9,1,0,0,0,0,0,11,11,69,1613,1249,10,0,4,20,1.7,60,0,665,96,382,78,43206
2025-07-11,argo,app.shosetsu.android.datasource.local.database.impl,DBDownloadsDataSource,loadFirstDownload,2,0,0.0,0,0.0,0,1,1,0,1,0,2,0,0.0,1,0,0,2,0.0,2,3.0,0,0,0.0,0,0.0,0.0,31,16,0.0,11,0,11,1,0,9,1,0,0,0,0,0,0,0,0,0,11,0.9818181818181818,11,1.0,11,11,0,0,11,0,0,11,9,1,0,0,0,0,0,11,11,69,1613,1249,10,0,4,20,1.7,60,0,665,96,382,78,43206
2025-07-11,argo,app.shosetsu.android.datasource.local.database.impl,DBDownloadsDataSource,insertDownload,1,0,0.0,1,1.0,0,1,1,0,1,0,1,0,0.0,0,0,0,2,0.0,0,3.0,1,0,0.0,0,0.0,0.0,31,16,0.0,11,0,11,1,0,9,1,0,0,0,0,0,0,0,0,0,11,0.9818181818181818,11,1.0,11,11,0,0,11,0,0,11,9,1,0,0,0,0,0,11,11,69,1613,1249,10,0,4,20,1.7,60,0,665,96,382,78,43206
2025-07-11,argo,app.shosetsu.android.datasource.local.database.impl,DBDownloadsDataSource,updateDownload,1,0,0.0,1,1.0,0,1,1,0,1,0,1,0,0.0,0,0,0,2,0.0,0,3.0,1,0,0.0,0,0.0,0.0,31,16,0.0,11,0,11,1,0,9,1,0,0,0,0,0,0,0,0,0,11,0.9818181818181818,11,1.0,11,11,0,0,11,0,0,11,9,1,0,0,0,0,0,11,11,69,1613,1249,10,0,4,20,1.7,60,0,665,96,382,78,43206
2025-07-11,argo,app.shosetsu.android.datasource.local.database.impl,DBDownloadsDataSource,deleteDownload,1,0,0.0,1,1.0,0,1,1,0,1,0,1,0,0.0,0,0,0,2,0.0,0,3.0,1,0,0.0,0,0.0,0.0,31,16,0.0,11,0,11,1,0,9,1,0,0,0,0,0,0,0,0,0,11,0.9818181818181818,11,1.0,11,11,0,0,11,0,0,11,9,1,0,0,0,0,0,11,11,69,1613,1249,10,0,4,20,1.7,60,0,665,96,382,78,43206
2025-07-11,argo,app.shosetsu.android.datasource.local.database.impl,DBDownloadsDataSource,loadDownload,2,0,0.0,0,0.0,0,1,1,0,1,0,2,0,0.0,1,0,0,2,0.0,2,3.0,1,0,0.0,0,0.0,0.0,31,16,0.0,11,0,11,1,0,9,1,0,0,0,0,0,0,0,0,0,11,0.9818181818181818,11,1.0,11,11,0,0,11,0,0,11,9,1,0,0,0,0,0,11,11,69,1613,1249,10,0,4,20,1.7,60,0,665,96,382,78,43206
2025-07-11,argo,app.shosetsu.android.datasource.local.database.impl,DBDownloadsDataSource,insertDownloads,2,0,0.0,1,1.0,0,1,1,0,3,0,2,0,0.0,0,0,1,3,0.0,0,2.5,1,1,0.0,0,0.0,0.0,31,16,0.0,11,0,11,1,0,9,1,0,0,0,0,0,0,0,0,0,11,0.9818181818181818,11,1.0,11,11,0,0,11,0,0,11,9,1,0,0,0,0,0,11,11,69,1613,1249,10,0,4,20,1.7,60,0,665,96,382,78,43206
2025-07-11,argo,app.shosetsu.android.datasource.local.database.impl,DBDownloadsDataSource,deleteDownload,2,0,0.0,1,1.0,0,1,1,0,3,0,2,0,0.0,0,0,1,3,0.0,0,2.5,1,1,0.0,0,0.0,0.0,31,16,0.0,11,0,11,1,0,9,1,0,0,0,0,0,0,0,0,0,11,0.9818181818181818,11,1.0,11,11,0,0,11,0,0,11,9,1,0,0,0,0,0,11,11,69,1613,1249,10,0,4,20,1.7,60,0,665,96,382,78,43206
2025-07-11,argo,app.shosetsu.android.datasource.local.database.impl,DBDownloadsDataSource,updateStatus,2,0,0.0,1,1.0,0,1,1,0,3,0,2,0,0.0,0,0,1,1,0.0,1,2.0,2,1,0.0,0,0.0,0.0,31,16,0.0,11,0,11,1,0,9,1,0,0,0,0,0,0,0,0,0,11,0.9818181818181818,11,1.0,11,11,0,0,11,0,0,11,9,1,0,0,0,0,0,11,11,69,1613,1249,10,0,4,20,1.7,60,0,665,96,382,78,43206
2025-07-11,argo,app.shosetsu.android.datasource.local.database.impl,DBDownloadsDataSource,setAllPending,2,0,0.0,0,0.0,0,1,1,0,3,0,2,0,0.0,1,0,1,1,0.0,1,2.0,0,1,0.0,0,0.0,0.0,31,16,0.0,11,0,11,1,0,9,1,0,0,0,0,0,0,0,0,0,11,0.9818181818181818,11,1.0,11,11,0,0,11,0,0,11,9,1,0,0,0,0,0,11,11,69,1613,1249,10,0,4,20,1.7,60,0,665,96,382,78,43206
2025-07-11,argo,app.shosetsu.android.datasource.local.database.impl,DBExtLibDataSource,updateExtension,1,0,0.0,1,1.0,0,0,1,0,1,0,1,0,0.0,0,0,0,2,0.0,0,3.0,1,0,0.0,0,0.0,0.0,7,3,0.0,3,0,3,1,0,4,0,0,0,0,0,0,0,0,0,0,3,1.0,3,1.0,3,3,0,0,3,0,0,3,1,1,0,0,0,0,0,3,3,69,1613,1249,10,0,0,6,1.0,60,0,665,96,382,78,43206
2025-07-11,argo,app.shosetsu.android.datasource.local.database.impl,DBExtLibDataSource,updateOrInsert,1,0,0.0,1,1.0,0,0,1,0,1,0,1,0,0.0,0,0,0,2,0.0,0,3.0,1,0,0.0,0,0.0,0.0,7,3,0.0,3,0,3,1,0,4,0,0,0,0,0,0,0,0,0,0,3,1.0,3,1.0,3,3,0,0,3,0,0,3,1,1,0,0,0,0,0,3,3,69,1613,1249,10,0,0,6,1.0,60,0,665,96,382,78,43206
2025-07-11,argo,app.shosetsu.android.datasource.local.database.impl,DBExtLibDataSource,loadExtLibByRepo,1,0,0.0,1,1.0,0,0,1,0,1,0,1,0,0.0,0,0,0,2,0.0,2,3.0,1,0,0.0,0,0.0,0.0,7,3,0.0,3,0,3,1,0,4,0,0,0,0,0,0,0,0,0,0,3,1.0,3,1.0,3,3,0,0,3,0,0,3,1,1,0,0,0,0,0,3,3,69,1613,1249,10,0,0,6,1.0,60,0,665,96,382,78,43206
2025-07-11,argo,app.shosetsu.android.datasource.local.database.impl,DBExtRepoDataSource,loadRepositoriesLive,1,0,0.0,0,0.0,0,0,1,0,1,0,1,0,0.0,1,0,0,3,0.0,0,2.5,0,0,0.0,0,0.0,0.0,19,9,0.3333333333333333,9,0,7,1,0,8,0,0,0,0,0,0,0,0,0,0,9,0.9722222222222222,9,1.0,9,7,0,0,9,0,0,9,3,1,0,0,0,0,0,9,9,69,1613,1249,10,0,0,15,1.0,60,0,665,96,382,78,43206
2025-07-11,argo,app.shosetsu.android.datasource.local.database.impl,DBExtRepoDataSource,loadRepositories,1,0,0.0,0,0.0,0,0,1,0,1,0,1,0,0.0,1,0,0,2,0.0,2,3.0,0,0,0.0,0,0.0,0.0,19,9,0.3333333333333333,9,0,7,1,0,8,0,0,0,0,0,0,0,0,0,0,9,0.9722222222222222,9,1.0,9,7,0,0,9,0,0,9,3,1,0,0,0,0,0,9,9,69,1613,1249,10,0,0,15,1.0,60,0,665,96,382,78,43206
2025-07-11,argo,app.shosetsu.android.datasource.local.database.impl,DBExtRepoDataSource,loadRepository,1,0,0.0,1,1.0,0,0,1,0,1,0,1,0,0.0,0,0,0,2,0.0,2,3.0,1,0,0.0,0,0.0,0.0,19,9,0.3333333333333333,9,0,7,1,0,8,0,0,0,0,0,0,0,0,0,0,9,0.9722222222222222,9,1.0,9,7,0,0,9,0,0,9,3,1,0,0,0,0,0,9,9,69,1613,1249,10,0,0,15,1.0,60,0,665,96,382,78,43206
2025-07-11,argo,app.shosetsu.android.datasource.local.database.impl,DBExtRepoDataSource,addRepository,1,0,0.0,1,1.0,0,0,1,0,1,0,1,0,0.0,0,0,0,1,0.0,1,2.0,2,0,0.0,0,0.0,0.0,19,9,0.3333333333333333,9,0,7,1,0,8,0,0,0,0,0,0,0,0,0,0,9,0.9722222222222222,9,1.0,9,7,0,0,9,0,0,9,3,1,0,0,0,0,0,9,9,69,1613,1249,10,0,0,15,1.0,60,0,665,96,382,78,43206
2025-07-11,argo,app.shosetsu.android.datasource.local.database.impl,DBExtRepoDataSource,remove,1,0,1.0,1,1.0,0,0,1,0,1,0,1,0,0.0,2,0,0,2,0.0,0,3.0,1,0,0.0,0,0.0,0.0,19,9,0.3333333333333333,9,0,7,1,0,8,0,0,0,0,0,0,0,0,0,0,9,0.9722222222222222,9,1.0,9,7,0,0,9,0,0,9,3,1,0,0,0,0,0,9,9,69,1613,1249,10,0,0,15,1.0,60,0,665,96,382,78,43206
2025-07-11,argo,app.shosetsu.android.datasource.local.database.impl,DBExtRepoDataSource,update,1,0,1.0,0,0.0,0,0,1,0,1,0,1,0,0.0,3,0,0,2,0.0,0,3.0,1,0,0.0,0,0.0,0.0,19,9,0.3333333333333333,9,0,7,1,0,8,0,0,0,0,0,0,0,0,0,0,9,0.9722222222222222,9,1.0,9,7,0,0,9,0,0,9,3,1,0,0,0,0,0,9,9,69,1613,1249,10,0,0,15,1.0,60,0,665,96,382,78,43206
2025-07-11,argo,app.shosetsu.android.datasource.local.database.impl,DBExtRepoDataSource,insert,1,0,1.0,1,1.0,0,0,1,0,1,0,1,0,0.0,2,0,0,2,0.0,0,3.0,1,0,0.0,0,0.0,0.0,19,9,0.3333333333333333,9,0,7,1,0,8,0,0,0,0,0,0,0,0,0,0,9,0.9722222222222222,9,1.0,9,7,0,0,9,0,0,9,3,1,0,0,0,0,0,9,9,69,1613,1249,10,0,0,15,1.0,60,0,665,96,382,78,43206
2025-07-11,argo,app.shosetsu.android.datasource.local.database.impl,DBExtRepoDataSource,toDB,1,0,0.0,0,0.0,0,0,1,0,1,0,1,0,0.0,0,0,0,1,0.0,0,0.0,0,0,0.0,0,0.0,0.0,19,9,0.3333333333333333,9,0,7,1,0,8,0,0,0,0,0,0,0,0,0,0,9,0.9722222222222222,9,1.0,9,7,0,0,9,0,0,9,3,1,0,0,0,0,0,9,9,69,1613,1249,10,0,0,15,1.0,60,0,665,96,382,78,43206
2025-07-11,argo,app.shosetsu.android.datasource.local.database.impl,DBExtRepoDataSource,toDB,1,0,0.0,0,0.0,0,0,1,0,1,0,1,0,0.0,2,0,0,1,0.0,1,2.0,0,0,0.0,0,0.0,0.0,19,9,0.3333333333333333,9,0,7,1,0,8,0,0,0,0,0,0,0,0,0,0,9,0.9722222222222222,9,1.0,9,7,0,0,9,0,0,9,3,1,0,0,0,0,0,9,9,69,1613,1249,10,0,0,15,1.0,60,0,665,96,382,78,43206
2025-07-11,argo,app.shosetsu.android.datasource.local.database.impl,DBInstalledExtensionsDataSource,loadExtensionsFlow,1,0,0.0,0,0.0,0,1,1,0,1,0,1,0,0.0,1,0,0,3,0.0,0,2.5,0,0,0.0,0,0.0,0.25,17,7,0.0,8,0,8,1,0,8,0,0,0,0,0,0,0,0,0,0,8,1.0,8,1.0,8,8,0,0,8,0,0,8,4,1,0,0,0,0,0,8,8,69,1613,1249,10,0,0,18,1.0,60,0,665,96,382,78,43206
2025-07-11,argo,app.shosetsu.android.datasource.local.database.impl,DBInstalledExtensionsDataSource,loadExtensionLive,1,0,0.0,1,1.0,0,1,1,0,1,0,1,0,0.0,0,0,0,3,0.0,0,2.5,1,0,0.0,0,0.0,0.25,17,7,0.0,8,0,8,1,0,8,0,0,0,0,0,0,0,0,0,0,8,1.0,8,1.0,8,8,0,0,8,0,0,8,4,1,0,0,0,0,0,8,8,69,1613,1249,10,0,0,18,1.0,60,0,665,96,382,78,43206
2025-07-11,argo,app.shosetsu.android.datasource.local.database.impl,DBInstalledExtensionsDataSource,updateExtension,1,0,0.0,1,1.0,0,1,1,0,1,0,1,0,0.0,0,0,0,2,0.0,0,3.0,1,0,0.0,0,0.0,0.25,17,7,0.0,8,0,8,1,0,8,0,0,0,0,0,0,0,0,0,0,8,1.0,8,1.0,8,8,0,0,8,0,0,8,4,1,0,0,0,0,0,8,8,69,1613,1249,10,0,0,18,1.0,60,0,665,96,382,78,43206
2025-07-11,argo,app.shosetsu.android.datasource.local.database.impl,DBInstalledExtensionsDataSource,deleteExtension,1,0,0.0,1,1.0,0,1,1,0,1,0,1,0,0.0,0,0,0,2,0.0,0,3.0,1,0,0.0,0,0.0,0.25,17,7,0.0,8,0,8,1,0,8,0,0,0,0,0,0,0,0,0,0,8,1.0,8,1.0,8,8,0,0,8,0,0,8,4,1,0,0,0,0,0,8,8,69,1613,1249,10,0,0,18,1.0,60,0,665,96,382,78,43206
2025-07-11,argo,app.shosetsu.android.datasource.local.database.impl,DBInstalledExtensionsDataSource,loadExtension,1,0,0.0,1,1.0,0,1,1,0,1,0,1,0,0.0,0,0,0,2,0.0,2,3.0,1,0,0.0,0,0.0,0.25,17,7,0.0,8,0,8,1,0,8,0,0,0,0,0,0,0,0,0,0,8,1.0,8,1.0,8,8,0,0,8,0,0,8,4,1,0,0,0,0,0,8,8,69,1613,1249,10,0,0,18,1.0,60,0,665,96,382,78,43206
2025-07-11,argo,app.shosetsu.android.datasource.local.database.impl,DBInstalledExtensionsDataSource,getExtensions,1,0,0.0,0,0.0,0,1,1,0,1,0,1,0,0.0,1,0,0,2,0.0,2,3.0,1,0,0.0,0,0.0,0.25,17,7,0.0,8,0,8,1,0,8,0,0,0,0,0,0,0,0,0,0,8,1.0,8,1.0,8,8,0,0,8,0,0,8,4,1,0,0,0,0,0,8,8,69,1613,1249,10,0,0,18,1.0,60,0,665,96,382,78,43206
2025-07-11,argo,app.shosetsu.android.datasource.local.database.impl,DBInstalledExtensionsDataSource,loadExtensions,1,0,0.0,0,0.0,0,1,1,0,1,0,1,0,0.0,1,0,0,2,0.0,2,3.0,0,0,0.0,0,0.0,0.25,17,7,0.0,8,0,8,1,0,8,0,0,0,0,0,0,0,0,0,0,8,1.0,8,1.0,8,8,0,0,8,0,0,8,4,1,0,0,0,0,0,8,8,69,1613,1249,10,0,0,18,1.0,60,0,665,96,382,78,43206
2025-07-11,argo,app.shosetsu.android.datasource.local.database.impl,DBInstalledExtensionsDataSource,insert,1,0,0.0,1,1.0,0,1,1,0,1,0,1,0,0.0,0,0,0,2,0.0,0,3.0,1,0,0.0,0,0.0,0.25,17,7,0.0,8,0,8,1,0,8,0,0,0,0,0,0,0,0,0,0,8,1.0,8,1.0,8,8,0,0,8,0,0,8,4,1,0,0,0,0,0,8,8,69,1613,1249,10,0,0,18,1.0,60,0,665,96,382,78,43206
2025-07-11,argo,app.shosetsu.android.datasource.local.database.impl,DBNovelReaderSettingsDataSource,get,1,0,0.0,0,0.0,0,2,1,0,1,0,1,0,0.0,1,0,0,1,0.0,1,2.0,1,0,0.0,0,0.0,0.2,11,3,0.6666666666666666,5,0,4,1,0,6,0,0,0,0,0,0,0,0,0,0,5,1.0,5,1.0,5,4,0,0,5,0,0,5,0,1,0,0,0,0,0,5,5,69,1613,1249,10,0,0,9,1.0,60,0,665,96,382,78,43206
2025-07-11,argo,app.shosetsu.android.datasource.local.database.impl,DBNovelReaderSettingsDataSource,getFlow,1,0,0.0,0,0.0,0,2,1,0,1,0,1,0,0.0,1,0,0,3,0.0,0,2.5,1,0,0.0,0,0.0,0.2,11,3,0.6666666666666666,5,0,4,1,0,6,0,0,0,0,0,0,0,0,0,0,5,1.0,5,1.0,5,4,0,0,5,0,0,5,0,1,0,0,0,0,0,5,5,69,1613,1249,10,0,0,9,1.0,60,0,665,96,382,78,43206
2025-07-11,argo,app.shosetsu.android.datasource.local.database.impl,DBNovelReaderSettingsDataSource,insert,1,0,1.0,1,1.0,0,2,1,0,1,0,1,0,0.0,1,0,0,2,0.0,0,3.0,1,0,0.0,0,0.0,0.2,11,3,0.6666666666666666,5,0,4,1,0,6,0,0,0,0,0,0,0,0,0,0,5,1.0,5,1.0,5,4,0,0,5,0,0,5,0,1,0,0,0,0,0,5,5,69,1613,1249,10,0,0,9,1.0,60,0,665,96,382,78,43206
2025-07-11,argo,app.shosetsu.android.datasource.local.database.impl,DBNovelReaderSettingsDataSource,update,1,0,1.0,0,0.0,0,2,1,0,1,0,1,0,0.0,2,0,0,2,0.0,0,3.0,1,0,0.0,0,0.0,0.2,11,3,0.6666666666666666,5,0,4,1,0,6,0,0,0,0,0,0,0,0,0,0,5,1.0,5,1.0,5,4,0,0,5,0,0,5,0,1,0,0,0,0,0,5,5,69,1613,1249,10,0,0,9,1.0,60,0,665,96,382,78,43206
2025-07-11,argo,app.shosetsu.android.datasource.local.database.impl,DBNovelReaderSettingsDataSource,toDB,1,0,0.0,0,0.0,0,2,1,0,1,0,1,0,0.0,0,0,0,1,0.0,0,0.0,0,0,0.0,0,0.0,0.2,11,3,0.6666666666666666,5,0,4,1,0,6,0,0,0,0,0,0,0,0,0,0,5,1.0,5,1.0,5,4,0,0,5,0,0,5,0,1,0,0,0,0,0,5,5,69,1613,1249,10,0,0,9,1.0,60,0,665,96,382,78,43206
2025-07-11,argo,app.shosetsu.android.datasource.local.database.impl,DBNovelsDataSource,loadBookmarkedNovels,1,0,0.0,0,0.0,0,2,1,0,1,0,1,0,0.0,1,0,0,2,0.0,2,3.0,0,0,0.0,0,0.0,0.0,23,9,0.0,11,0,11,1,0,12,0,0,0,0,0,0,0,0,0,0,11,1.0,11,1.0,11,11,0,0,11,0,0,11,3,1,0,0,0,0,0,11,11,69,1613,1249,10,0,0,18,1.0,60,0,665,96,382,78,43206
2025-07-11,argo,app.shosetsu.android.datasource.local.database.impl,DBNovelsDataSource,loadBookmarkedNovelsFlow,1,0,0.0,0,0.0,0,2,1,0,1,0,1,0,0.0,1,0,0,1,0.0,1,2.0,0,0,0.0,0,0.0,0.0,23,9,0.0,11,0,11,1,0,12,0,0,0,0,0,0,0,0,0,0,11,1.0,11,1.0,11,11,0,0,11,0,0,11,3,1,0,0,0,0,0,11,11,69,1613,1249,10,0,0,18,1.0,60,0,665,96,382,78,43206
2025-07-11,argo,app.shosetsu.android.datasource.local.database.impl,DBNovelsDataSource,getNovel,1,0,0.0,0,0.0,0,2,1,0,1,0,1,0,0.0,1,0,0,2,0.0,2,3.0,1,0,0.0,0,0.0,0.0,23,9,0.0,11,0,11,1,0,12,0,0,0,0,0,0,0,0,0,0,11,1.0,11,1.0,11,11,0,0,11,0,0,11,3,1,0,0,0,0,0,11,11,69,1613,1249,10,0,0,18,1.0,60,0,665,96,382,78,43206
2025-07-11,argo,app.shosetsu.android.datasource.local.database.impl,DBNovelsDataSource,getNovelFlow,1,0,0.0,0,0.0,0,2,1,0,1,0,1,0,0.0,1,0,0,3,0.0,0,2.5,1,0,0.0,0,0.0,0.0,23,9,0.0,11,0,11,1,0,12,0,0,0,0,0,0,0,0,0,0,11,1.0,11,1.0,11,11,0,0,11,0,0,11,3,1,0,0,0,0,0,11,11,69,1613,1249,10,0,0,18,1.0,60,0,665,96,382,78,43206
2025-07-11,argo,app.shosetsu.android.datasource.local.database.impl,DBNovelsDataSource,update,1,0,0.0,0,0.0,0,2,1,0,1,0,1,0,0.0,2,0,0,2,0.0,0,3.0,1,0,0.0,0,0.0,0.0,23,9,0.0,11,0,11,1,0,12,0,0,0,0,0,0,0,0,0,0,11,1.0,11,1.0,11,11,0,0,11,0,0,11,3,1,0,0,0,0,0,11,11,69,1613,1249,10,0,0,18,1.0,60,0,665,96,382,78,43206
2025-07-11,argo,app.shosetsu.android.datasource.local.database.impl,DBNovelsDataSource,update,1,0,0.0,0,0.0,0,2,1,0,1,0,1,0,0.0,2,0,0,1,0.0,1,2.0,1,0,0.0,0,0.0,0.0,23,9,0.0,11,0,11,1,0,12,0,0,0,0,0,0,0,0,0,0,11,1.0,11,1.0,11,11,0,0,11,0,0,11,3,1,0,0,0,0,0,11,11,69,1613,1249,10,0,0,18,1.0,60,0,665,96,382,78,43206
2025-07-11,argo,app.shosetsu.android.datasource.local.database.impl,DBNovelsDataSource,insertReturnStripped,1,0,0.0,0,0.0,0,2,1,0,1,0,1,0,0.0,1,0,0,3,0.0,0,4.0,1,0,0.0,0,0.0,0.0,23,9,0.0,11,0,11,1,0,12,0,0,0,0,0,0,0,0,0,0,11,1.0,11,1.0,11,11,0,0,11,0,0,11,3,1,0,0,0,0,0,11,11,69,1613,1249,10,0,0,18,1.0,60,0,665,96,382,78,43206
2025-07-11,argo,app.shosetsu.android.datasource.local.database.impl,DBNovelsDataSource,insert,1,0,0.0,1,1.0,0,2,1,0,1,0,1,0,0.0,0,0,0,2,0.0,0,3.0,1,0,0.0,0,0.0,0.0,23,9,0.0,11,0,11,1,0,12,0,0,0,0,0,0,0,0,0,0,11,1.0,11,1.0,11,11,0,0,11,0,0,11,3,1,0,0,0,0,0,11,11,69,1613,1249,10,0,0,18,1.0,60,0,665,96,382,78,43206
2025-07-11,argo,app.shosetsu.android.datasource.local.database.impl,DBNovelsDataSource,clearUnBookmarkedNovels,1,0,0.0,0,0.0,0,2,1,0,1,0,1,0,0.0,1,0,0,1,0.0,1,2.0,0,0,0.0,0,0.0,0.0,23,9,0.0,11,0,11,1,0,12,0,0,0,0,0,0,0,0,0,0,11,1.0,11,1.0,11,11,0,0,11,0,0,11,3,1,0,0,0,0,0,11,11,69,1613,1249,10,0,0,18,1.0,60,0,665,96,382,78,43206
2025-07-11,argo,app.shosetsu.android.datasource.local.database.impl,DBNovelsDataSource,loadNovels,1,0,0.0,0,0.0,0,2,1,0,1,0,1,0,0.0,1,0,0,2,0.0,2,3.0,0,0,0.0,0,0.0,0.0,23,9,0.0,11,0,11,1,0,12,0,0,0,0,0,0,0,0,0,0,11,1.0,11,1.0,11,11,0,0,11,0,0,11,3,1,0,0,0,0,0,11,11,69,1613,1249,10,0,0,18,1.0,60,0,665,96,382,78,43206
2025-07-11,argo,app.shosetsu.android.datasource.local.database.impl,DBNovelsDataSource,searchBookmarked,1,0,0.0,0,0.0,0,2,1,0,1,0,1,0,0.0,1,0,0,1,0.0,1,2.0,1,0,0.0,0,0.0,0.0,23,9,0.0,11,0,11,1,0,12,0,0,0,0,0,0,0,0,0,0,11,1.0,11,1.0,11,11,0,0,11,0,0,11,3,1,0,0,0,0,0,11,11,69,1613,1249,10,0,0,18,1.0,60,0,665,96,382,78,43206
2025-07-11,argo,app.shosetsu.android.datasource.local.database.impl,DBNovelSettingsDataSource,getFlow,1,0,0.0,0,0.0,0,2,1,0,1,0,1,0,0.0,1,0,0,3,0.0,0,2.5,1,0,0.0,0,0.0,0.0,11,3,0.6666666666666666,5,0,4,1,0,7,0,0,0,0,0,0,0,0,0,0,5,1.0,5,1.0,5,4,0,0,4,1,0,4,0,1,0,0,0,0,0,5,5,69,1613,1249,10,0,0,10,1.0,60,0,665,96,382,78,43206
2025-07-11,argo,app.shosetsu.android.datasource.local.database.impl,DBNovelSettingsDataSource,update,1,0,1.0,0,0.0,0,2,1,0,1,0,1,0,0.0,2,0,0,2,0.0,0,3.0,1,0,0.0,0,0.0,0.0,11,3,0.6666666666666666,5,0,4,1,0,7,0,0,0,0,0,0,0,0,0,0,5,1.0,5,1.0,5,4,0,0,4,1,0,4,0,1,0,0,0,0,0,5,5,69,1613,1249,10,0,0,10,1.0,60,0,665,96,382,78,43206
2025-07-11,argo,app.shosetsu.android.datasource.local.database.impl,DBNovelSettingsDataSource,get,1,0,0.0,0,0.0,0,2,1,0,1,0,1,0,0.0,1,0,0,2,0.0,2,3.0,1,0,0.0,0,0.0,0.0,11,3,0.6666666666666666,5,0,4,1,0,7,0,0,0,0,0,0,0,0,0,0,5,1.0,5,1.0,5,4,0,0,4,1,0,4,0,1,0,0,0,0,0,5,5,69,1613,1249,10,0,0,10,1.0,60,0,665,96,382,78,43206
2025-07-11,argo,app.shosetsu.android.datasource.local.database.impl,DBNovelSettingsDataSource,insert,1,0,1.0,1,1.0,0,2,1,0,1,0,1,0,0.0,1,0,0,2,0.0,0,3.0,1,0,0.0,0,0.0,0.0,11,3,0.6666666666666666,5,0,4,1,0,7,0,0,0,0,0,0,0,0,0,0,5,1.0,5,1.0,5,4,0,0,4,1,0,4,0,1,0,0,0,0,0,5,5,69,1613,1249,10,0,0,10,1.0,60,0,665,96,382,78,43206
2025-07-11,argo,app.shosetsu.android.datasource.local.database.impl,DBNovelSettingsDataSource,toDB,1,0,0.0,0,0.0,0,2,1,0,1,0,1,0,0.0,0,0,0,1,0.0,0,0.0,0,0,0.0,0,0.0,0.0,11,3,0.6666666666666666,5,0,4,1,0,7,0,0,0,0,0,0,0,0,0,0,5,1.0,5,1.0,5,4,0,0,4,1,0,4,0,1,0,0,0,0,0,5,5,69,1613,1249,10,0,0,10,1.0,60,0,665,96,382,78,43206
2025-07-11,argo,app.shosetsu.android.datasource.local.database.impl,DBRepositoryExtensionsDataSource,toDB,1,0,0.0,0,0.0,0,1,1,0,1,0,1,0,0.0,0,0,0,1,0.0,0,0.0,0,0,0.0,0,0.0,0.0,21,11,0.42857142857142855,8,0,7,1,0,7,1,0,0,0,0,0,0,0,0,0,8,0.9642857142857143,8,1.0,8,7,0,0,8,0,0,8,3,1,0,0,0,0,0,8,8,69,1613,1249,10,0,2,18,1.0,60,0,665,96,382,78,43206
2025-07-11,argo,app.shosetsu.android.datasource.local.database.impl,DBRepositoryExtensionsDataSource,loadExtensions,1,0,0.0,0,0.0,0,1,1,0,1,0,1,0,0.0,1,0,0,3,0.0,0,2.5,0,0,0.0,0,0.0,0.0,21,11,0.42857142857142855,8,0,7,1,0,7,1,0,0,0,0,0,0,0,0,0,8,0.9642857142857143,8,1.0,8,7,0,0,8,0,0,8,3,1,0,0,0,0,0,8,8,69,1613,1249,10,0,2,18,1.0,60,0,665,96,382,78,43206
2025-07-11,argo,app.shosetsu.android.datasource.local.database.impl,DBRepositoryExtensionsDataSource,loadExtensionsFlow,1,0,0.0,0,0.0,0,1,1,0,1,0,1,0,0.0,1,0,0,3,0.0,0,2.5,0,0,0.0,0,0.0,0.0,21,11,0.42857142857142855,8,0,7,1,0,7,1,0,0,0,0,0,0,0,0,0,8,0.9642857142857143,8,1.0,8,7,0,0,8,0,0,8,3,1,0,0,0,0,0,8,8,69,1613,1249,10,0,2,18,1.0,60,0,665,96,382,78,43206
2025-07-11,argo,app.shosetsu.android.datasource.local.database.impl,DBRepositoryExtensionsDataSource,updateExtension,1,0,1.0,1,1.0,0,1,1,0,3,0,1,0,0.0,1,0,1,2,0.0,0,3.0,1,1,0.0,0,0.0,0.0,21,11,0.42857142857142855,8,0,7,1,0,7,1,0,0,0,0,0,0,0,0,0,8,0.9642857142857143,8,1.0,8,7,0,0,8,0,0,8,3,1,0,0,0,0,0,8,8,69,1613,1249,10,0,2,18,1.0,60,0,665,96,382,78,43206
2025-07-11,argo,app.shosetsu.android.datasource.local.database.impl,DBRepositoryExtensionsDataSource,deleteExtension,1,0,1.0,1,1.0,0,1,1,0,3,0,1,0,0.0,1,0,1,2,0.0,0,3.0,1,1,0.0,0,0.0,0.0,21,11,0.42857142857142855,8,0,7,1,0,7,1,0,0,0,0,0,0,0,0,0,8,0.9642857142857143,8,1.0,8,7,0,0,8,0,0,8,3,1,0,0,0,0,0,8,8,69,1613,1249,10,0,2,18,1.0,60,0,665,96,382,78,43206
2025-07-11,argo,app.shosetsu.android.datasource.local.database.impl,DBRepositoryExtensionsDataSource,loadExtension,1,0,0.0,1,1.0,0,1,1,0,1,0,1,0,0.0,0,0,0,2,0.0,2,2.0,2,0,0.0,0,0.0,0.0,21,11,0.42857142857142855,8,0,7,1,0,7,1,0,0,0,0,0,0,0,0,0,8,0.9642857142857143,8,1.0,8,7,0,0,8,0,0,8,3,1,0,0,0,0,0,8,8,69,1613,1249,10,0,2,18,1.0,60,0,665,96,382,78,43206
2025-07-11,argo,app.shosetsu.android.datasource.local.database.impl,DBRepositoryExtensionsDataSource,getExtensions,1,0,0.0,0,0.0,0,1,1,0,1,0,1,0,0.0,1,0,0,3,0.0,0,2.5,1,0,0.0,0,0.0,0.0,21,11,0.42857142857142855,8,0,7,1,0,7,1,0,0,0,0,0,0,0,0,0,8,0.9642857142857143,8,1.0,8,7,0,0,8,0,0,8,3,1,0,0,0,0,0,8,8,69,1613,1249,10,0,2,18,1.0,60,0,665,96,382,78,43206
2025-07-11,argo,app.shosetsu.android.datasource.local.database.impl,DBRepositoryExtensionsDataSource,insert,1,0,1.0,1,1.0,0,1,1,0,1,0,1,0,0.0,1,0,0,2,0.0,0,3.0,1,0,0.0,0,0.0,0.0,21,11,0.42857142857142855,8,0,7,1,0,7,1,0,0,0,0,0,0,0,0,0,8,0.9642857142857143,8,1.0,8,7,0,0,8,0,0,8,3,1,0,0,0,0,0,8,8,69,1613,1249,10,0,2,18,1.0,60,0,665,96,382,78,43206
2025-07-11,argo,app.shosetsu.android.datasource.local.database.impl,DBUpdatesDataSource,getUpdates,1,0,0.0,1,1.0,0,2,1,0,1,0,1,0,0.0,0,0,0,3,0.0,0,2.5,0,0,0.0,0,0.0,0.0,7,1,0.0,3,0,3,1,0,4,0,0,0,0,0,0,0,0,0,0,3,1.0,3,1.0,3,3,0,0,3,0,0,3,0,1,0,0,0,0,0,3,3,69,1613,1249,10,0,0,6,1.0,60,0,665,96,382,78,43206
2025-07-11,argo,app.shosetsu.android.datasource.local.database.impl,DBUpdatesDataSource,insertUpdates,1,0,0.0,1,1.0,0,2,1,0,1,0,1,0,0.0,0,0,0,2,0.0,0,3.0,1,0,0.0,0,0.0,0.0,7,1,0.0,3,0,3,1,0,4,0,0,0,0,0,0,0,0,0,0,3,1.0,3,1.0,3,3,0,0,3,0,0,3,0,1,0,0,0,0,0,3,3,69,1613,1249,10,0,0,6,1.0,60,0,665,96,382,78,43206
2025-07-11,argo,app.shosetsu.android.datasource.local.database.impl,DBUpdatesDataSource,getCompleteUpdates,1,0,0.0,1,1.0,0,2,1,0,1,0,1,0,0.0,0,0,0,1,0.0,1,2.0,0,0,0.0,0,0.0,0.0,7,1,0.0,3,0,3,1,0,4,0,0,0,0,0,0,0,0,0,0,3,1.0,3,1.0,3,3,0,0,3,0,0,3,0,1,0,0,0,0,0,3,3,69,1613,1249,10,0,0,6,1.0,60,0,665,96,382,78,43206
2025-07-11,argo,app.shosetsu.android.datasource.local.file.impl,FileAppUpdateDataSource,write,1,0,0.0,1,1.0,0,0,1,0,1,0,1,0,0.0,0,0,0,3,0.0,0,2.5,1,0,0.0,0,0.16666666666666666,0.5,36,12,0.25,4,1,3,1,0,5,2,0,0,0,0,4,3,3,0,0,5,0.6666666666666667,5,1.25,4,3,1,0,3,1,0,3,2,1,0,0,0,0,0,4,4,69,1613,1249,8,0,2,15,1.75,32,0,789,96,382,44,43206
2025-07-11,argo,app.shosetsu.android.datasource.local.file.impl,FileAppUpdateDataSource,loadCachedAppUpdate,1,0,0.0,1,1.0,0,0,1,0,1,0,1,0,1.0,0,1,0,5,1.0,0,2.6666666666666665,0,0,0.0,0,0.16666666666666666,0.5,36,12,0.25,4,1,3,1,0,5,2,0,0,0,0,4,3,3,0,0,5,0.6666666666666667,5,1.25,4,3,1,0,3,1,0,3,2,1,0,0,0,0,0,4,4,69,1613,1249,8,0,2,15,1.75,32,0,789,96,382,44,43206
2025-07-11,argo,app.shosetsu.android.datasource.local.file.impl,FileAppUpdateDataSource,putAppUpdateInCache,3,0,1.0,2,1.0,0,0,1,0,4,0,3,1,0.25,1,1,1,2,0.5,1,2.0,2,1,0.0,0,0.16666666666666666,0.5,36,12,0.25,4,1,3,1,0,5,2,0,0,0,0,4,3,3,0,0,5,0.6666666666666667,5,1.25,4,3,1,0,3,1,0,3,2,1,0,0,0,0,0,4,4,69,1613,1249,8,0,2,15,1.75,32,0,789,96,382,44,43206
2025-07-11,argo,app.shosetsu.android.datasource.local.file.impl,FileAppUpdateDataSource,saveAPK,2,0,0.0,4,0.75,0,0,1,0,6,1,2,0,0.0,0,0,1,5,0.0,2,2.0,2,1,0.0,0,0.16666666666666666,0.5,36,12,0.25,4,1,3,1,0,5,2,0,0,0,0,4,3,3,0,0,5,0.6666666666666667,5,1.25,4,3,1,0,3,1,0,3,2,1,0,0,0,0,0,4,4,69,1613,1249,8,0,2,15,1.75,32,0,789,96,382,44,43206
2025-07-11,argo,app.shosetsu.android.datasource.local.file.impl,FileBackupDataSource,loadBackup,3,1,0.0,1,1.0,0,0,1,0,5,0,3,0,0.0,0,0,1,3,0.0,2,2.0,2,1,0.0,0,0.0,0.6666666666666666,28,11,0.0,3,0,3,1,0,4,2,0,1,0,0,1,1,1,0,0,3,1.0,3,1.0,3,3,0,0,3,0,0,3,3,1,0,0,0,0,0,3,3,69,1613,1249,8,0,2,6,1.6666666666666667,32,0,789,96,382,44,43206
2025-07-11,argo,app.shosetsu.android.datasource.local.file.impl,FileBackupDataSource,saveBackup,1,1,0.0,1,1.0,0,0,1,0,5,0,1,0,0.0,0,0,1,2,0.0,0,2.0,1,1,0.0,0,0.0,0.6666666666666666,28,11,0.0,3,0,3,1,0,4,2,0,1,0,0,1,1,1,0,0,3,1.0,3,1.0,3,3,0,0,3,0,0,3,3,1,0,0,0,0,0,3,3,69,1613,1249,8,0,2,6,1.6666666666666667,32,0,789,96,382,44,43206
2025-07-11,argo,app.shosetsu.android.datasource.local.file.impl,FileBackupDataSource,loadBackups,1,0,0.0,1,1.0,0,0,1,0,1,0,1,0,0.0,0,0,0,1,0.0,1,2.0,0,0,0.0,0,0.0,0.6666666666666666,28,11,0.0,3,0,3,1,0,4,2,0,1,0,0,1,1,1,0,0,3,1.0,3,1.0,3,3,0,0,3,0,0,3,3,1,0,0,0,0,0,3,3,69,1613,1249,8,0,2,6,1.6666666666666667,32,0,789,96,382,44,43206
2025-07-11,argo,app.shosetsu.android.datasource.local.file.impl,FileCachedChapterDataSource,writeFile,1,0,0.0,0,0.0,0,0,1,0,3,0,1,0,1.0,1,1,1,3,1.0,0,2.5,0,1,0.0,0,0.3,0.6,97,57,0.6,5,2,2,1,0,4,4,0,5,0,0,6,5,5,1,0,11,0.7,11,2.2,5,2,2,0,2,3,0,2,3,1,0,0,0,0,0,5,5,69,1613,1249,8,0,6,28,3.2,32,0,789,96,382,44,43206
2025-07-11,argo,app.shosetsu.android.datasource.local.file.impl,FileCachedChapterDataSource,createFilePath,1,0,0.0,0,0.0,0,0,1,0,1,0,1,0,0.0,0,0,0,0,0.0,0,3.0,2,0,0.0,0,0.3,0.6,97,57,0.6,5,2,2,1,0,4,4,0,5,0,0,6,5,5,1,0,11,0.7,11,2.2,5,2,2,0,2,3,0,2,3,1,0,0,0,0,0,5,5,69,1613,1249,8,0,6,28,3.2,32,0,789,96,382,44,43206
2025-07-11,argo,app.shosetsu.android.datasource.local.file.impl,FileCachedChapterDataSource,launchCleanUp,6,5,1.0,7,1.0,0,0,1,0,22,2,6,1,1.0,1,2,1,10,0.67,1,2.0,0,1,0.0,0,0.3,0.6,97,57,0.6,5,2,2,1,0,4,4,0,5,0,0,6,5,5,1,0,11,0.7,11,2.2,5,2,2,0,2,3,0,2,3,1,0,0,0,0,0,5,5,69,1613,1249,8,0,6,28,3.2,32,0,789,96,382,44,43206
2025-07-11,argo,app.shosetsu.android.datasource.local.file.impl,FileCachedChapterDataSource,saveChapterInCache,5,2,3.0,5,1.0,0,0,1,0,23,2,5,4,0.3333333333333333,3,1,3,12,0.2,1,2.1,3,3,0.0,0,0.3,0.6,97,57,0.6,5,2,2,1,0,4,4,0,5,0,0,6,5,5,1,0,11,0.7,11,2.2,5,2,2,0,2,3,0,2,3,1,0,0,0,0,0,5,5,69,1613,1249,8,0,6,28,3.2,32,0,789,96,382,44,43206
2025-07-11,argo,app.shosetsu.android.datasource.local.file.impl,FileCachedChapterDataSource,loadChapterPassage,3,0,2.0,1,1.0,0,0,1,0,8,0,3,2,0.0,2,0,1,3,0.0,1,2.0,2,1,0.0,0,0.3,0.6,97,57,0.6,5,2,2,1,0,4,4,0,5,0,0,6,5,5,1,0,11,0.7,11,2.2,5,2,2,0,2,3,0,2,3,1,0,0,0,0,0,5,5,69,1613,1249,8,0,6,28,3.2,32,0,789,96,382,44,43206
2025-07-11,argo,app.shosetsu.android.datasource.local.file.impl,FileChapterDataSource,makePath,1,0,0.0,0,0.0,0,0,1,0,1,0,1,0,0.0,0,0,0,0,0.0,0,6.0,2,0,0.0,0,0.0,0.6,29,13,0.8,5,0,4,1,0,5,2,0,0,0,0,0,0,0,0,0,5,0.4,5,1.0,5,4,0,0,4,1,0,4,3,1,0,0,0,0,0,5,5,69,1613,1249,8,0,2,7,1.0,32,0,789,96,382,44,43206
2025-07-11,argo,app.shosetsu.android.datasource.local.file.impl,FileChapterDataSource,save,1,1,1.0,2,0.5,0,0,1,0,5,0,1,1,0.0,1,0,1,4,0.0,1,2.0,3,1,0.0,0,0.0,0.6,29,13,0.8,5,0,4,1,0,5,2,0,0,0,0,0,0,0,0,0,5,0.4,5,1.0,5,4,0,0,4,1,0,4,3,1,0,0,0,0,0,5,5,69,1613,1249,8,0,2,7,1.0,32,0,789,96,382,44,43206
2025-07-11,argo,app.shosetsu.android.datasource.local.file.impl,FileChapterDataSource,load,1,0,1.0,1,1.0,0,0,1,0,1,0,1,1,0.0,1,0,0,1,0.0,1,2.0,2,0,0.0,0,0.0,0.6,29,13,0.8,5,0,4,1,0,5,2,0,0,0,0,0,0,0,0,0,5,0.4,5,1.0,5,4,0,0,4,1,0,4,3,1,0,0,0,0,0,5,5,69,1613,1249,8,0,2,7,1.0,32,0,789,96,382,44,43206
2025-07-11,argo,app.shosetsu.android.datasource.local.file.impl,FileChapterDataSource,delete,1,0,1.0,1,1.0,0,0,1,0,3,0,1,1,0.0,1,0,1,1,0.0,1,2.0,2,1,0.0,0,0.0,0.6,29,13,0.8,5,0,4,1,0,5,2,0,0,0,0,0,0,0,0,0,5,0.4,5,1.0,5,4,0,0,4,1,0,4,3,1,0,0,0,0,0,5,5,69,1613,1249,8,0,2,7,1.0,32,0,789,96,382,44,43206
2025-07-11,argo,app.shosetsu.android.datasource.local.file.impl,FileChapterDataSource,delete,1,0,1.0,1,1.0,0,0,1,0,3,0,1,1,0.0,1,0,1,2,0.0,0,2.0,2,1,0.0,0,0.0,0.6,29,13,0.8,5,0,4,1,0,5,2,0,0,0,0,0,0,0,0,0,5,0.4,5,1.0,5,4,0,0,4,1,0,4,3,1,0,0,0,0,0,5,5,69,1613,1249,8,0,2,7,1.0,32,0,789,96,382,44,43206
2025-07-11,argo,app.shosetsu.android.datasource.local.file.impl,FileCrashDataSource,writeCrash,1,0,0.0,1,1.0,0,0,1,0,1,0,1,0,0.0,0,1,0,3,1.0,0,2.0,1,0,0.0,0,0.0,1.0,18,1,0.0,1,1,1,1,1,2,0,0,1,0,1,2,1,1,0,0,1,0.0,1,1.0,1,1,1,0,1,0,0,1,0,1,0,0,0,0,0,1,1,69,1613,1249,8,0,0,3,1.0,32,0,789,96,382,44,43206
2025-07-11,argo,app.shosetsu.android.datasource.local.file.impl,FileExtensionDataSource,makeExtensionFileURL,1,0,0.0,0,0.0,0,0,1,0,1,0,1,0,0.0,0,0,0,0,0.0,0,5.0,1,0,0.0,0,0.0,0.0,25,6,0.75,4,0,3,1,0,4,1,0,0,0,0,1,1,1,0,0,4,1.0,4,1.0,4,3,0,0,3,1,0,3,2,1,0,0,0,0,0,4,4,69,1613,1249,8,0,1,4,1.0,32,0,789,96,382,44,43206
2025-07-11,argo,app.shosetsu.android.datasource.local.file.impl,FileExtensionDataSource,loadExtension,1,0,1.0,1,1.0,0,0,1,0,1,0,1,1,0.0,1,0,0,2,0.0,0,3.0,1,0,0.0,0,0.0,0.0,25,6,0.75,4,0,3,1,0,4,1,0,0,0,0,1,1,1,0,0,4,1.0,4,1.0,4,3,0,0,3,1,0,3,2,1,0,0,0,0,0,4,4,69,1613,1249,8,0,1,4,1.0,32,0,789,96,382,44,43206
2025-07-11,argo,app.shosetsu.android.datasource.local.file.impl,FileExtensionDataSource,writeExtension,1,0,1.0,1,1.0,0,0,1,0,1,0,1,1,0.0,1,0,0,1,0.0,1,2.0,2,0,0.0,0,0.0,0.0,25,6,0.75,4,0,3,1,0,4,1,0,0,0,0,1,1,1,0,0,4,1.0,4,1.0,4,3,0,0,3,1,0,3,2,1,0,0,0,0,0,4,4,69,1613,1249,8,0,1,4,1.0,32,0,789,96,382,44,43206
2025-07-11,argo,app.shosetsu.android.datasource.local.file.impl,FileExtensionDataSource,deleteExtension,1,0,1.0,1,1.0,0,0,1,0,3,0,1,1,0.0,1,0,1,1,0.0,1,2.0,1,1,0.0,0,0.0,0.0,25,6,0.75,4,0,3,1,0,4,1,0,0,0,0,1,1,1,0,0,4,1.0,4,1.0,4,3,0,0,3,1,0,3,2,1,0,0,0,0,0,4,4,69,1613,1249,8,0,1,4,1.0,32,0,789,96,382,44,43206
2025-07-11,argo,app.shosetsu.android.datasource.local.file.impl,FileExtLibDataSource,makeLibraryFile,1,0,0.0,0,0.0,0,0,1,0,1,0,1,0,0.0,0,0,0,0,0.0,0,2.0,1,0,0.0,0,0.0,0.0,23,8,0.75,4,0,3,1,0,1,1,0,0,0,0,0,0,0,0,0,4,1.0,4,1.0,4,3,0,0,3,1,0,3,2,1,0,0,0,0,0,4,4,69,1613,1249,8,0,2,5,1.0,32,0,789,96,382,44,43206
2025-07-11,argo,app.shosetsu.android.datasource.local.file.impl,FileExtLibDataSource,writeExtLib,1,0,1.0,1,1.0,0,0,1,0,3,0,1,1,0.0,1,0,1,2,0.0,2,2.0,2,1,0.0,0,0.0,0.0,23,8,0.75,4,0,3,1,0,1,1,0,0,0,0,0,0,0,0,0,4,1.0,4,1.0,4,3,0,0,3,1,0,3,2,1,0,0,0,0,0,4,4,69,1613,1249,8,0,2,5,1.0,32,0,789,96,382,44,43206
2025-07-11,argo,app.shosetsu.android.datasource.local.file.impl,FileExtLibDataSource,loadExtLib,1,0,1.0,1,1.0,0,0,1,0,1,0,1,1,0.0,1,0,0,2,0.0,2,2.0,1,0,0.0,0,0.0,0.0,23,8,0.75,4,0,3,1,0,1,1,0,0,0,0,0,0,0,0,0,4,1.0,4,1.0,4,3,0,0,3,1,0,3,2,1,0,0,0,0,0,4,4,69,1613,1249,8,0,2,5,1.0,32,0,789,96,382,44,43206
2025-07-11,argo,app.shosetsu.android.datasource.local.file.impl,FileExtLibDataSource,deleteExtLib,1,0,1.0,1,1.0,0,0,1,0,3,0,1,1,0.0,1,0,1,1,0.0,1,2.0,1,1,0.0,0,0.0,0.0,23,8,0.75,4,0,3,1,0,1,1,0,0,0,0,0,0,0,0,0,4,1.0,4,1.0,4,3,0,0,3,1,0,3,2,1,0,0,0,0,0,4,4,69,1613,1249,8,0,2,5,1.0,32,0,789,96,382,44,43206
2025-07-11,argo,app.shosetsu.android.datasource.local.file.impl,FileSharedPreferencesSettingsDataSource,observeLong,1,0,0.0,0,0.0,0,12,1,0,1,0,1,0,0.0,1,0,0,1,0.0,1,2.0,2,0,0.0,0,0.0,0.0,37,6,0.0,18,0,18,1,0,19,0,0,0,0,0,0,0,0,0,0,18,0.7058823529411764,18,1.0,18,18,0,0,18,0,0,18,0,1,0,0,0,0,0,18,18,69,1613,1249,8,0,0,18,1.0,32,0,789,96,382,44,43206
2025-07-11,argo,app.shosetsu.android.datasource.local.file.impl,FileSharedPreferencesSettingsDataSource,observeString,1,0,0.0,0,0.0,0,12,1,0,1,0,1,0,0.0,1,0,0,1,0.0,1,2.0,2,0,0.0,0,0.0,0.0,37,6,0.0,18,0,18,1,0,19,0,0,0,0,0,0,0,0,0,0,18,0.7058823529411764,18,1.0,18,18,0,0,18,0,0,18,0,1,0,0,0,0,0,18,18,69,1613,1249,8,0,0,18,1.0,32,0,789,96,382,44,43206
2025-07-11,argo,app.shosetsu.android.datasource.local.file.impl,FileSharedPreferencesSettingsDataSource,observeInt,1,0,0.0,0,0.0,0,12,1,0,1,0,1,0,0.0,1,0,0,1,0.0,1,2.0,2,0,0.0,0,0.0,0.0,37,6,0.0,18,0,18,1,0,19,0,0,0,0,0,0,0,0,0,0,18,0.7058823529411764,18,1.0,18,18,0,0,18,0,0,18,0,1,0,0,0,0,0,18,18,69,1613,1249,8,0,0,18,1.0,32,0,789,96,382,44,43206
2025-07-11,argo,app.shosetsu.android.datasource.local.file.impl,FileSharedPreferencesSettingsDataSource,observeBoolean,1,0,0.0,0,0.0,0,12,1,0,1,0,1,0,0.0,1,0,0,1,0.0,1,2.0,2,0,0.0,0,0.0,0.0,37,6,0.0,18,0,18,1,0,19,0,0,0,0,0,0,0,0,0,0,18,0.7058823529411764,18,1.0,18,18,0,0,18,0,0,18,0,1,0,0,0,0,0,18,18,69,1613,1249,8,0,0,18,1.0,32,0,789,96,382,44,43206
2025-07-11,argo,app.shosetsu.android.datasource.local.file.impl,FileSharedPreferencesSettingsDataSource,observeStringSet,1,0,0.0,0,0.0,0,12,1,0,1,0,1,0,0.0,1,0,0,1,0.0,1,2.0,2,0,0.0,0,0.0,0.0,37,6,0.0,18,0,18,1,0,19,0,0,0,0,0,0,0,0,0,0,18,0.7058823529411764,18,1.0,18,18,0,0,18,0,0,18,0,1,0,0,0,0,0,18,18,69,1613,1249,8,0,0,18,1.0,32,0,789,96,382,44,43206
2025-07-11,argo,app.shosetsu.android.datasource.local.file.impl,FileSharedPreferencesSettingsDataSource,observeFloat,1,0,0.0,0,0.0,0,12,1,0,1,0,1,0,0.0,1,0,0,1,0.0,1,2.0,2,0,0.0,0,0.0,0.0,37,6,0.0,18,0,18,1,0,19,0,0,0,0,0,0,0,0,0,0,18,0.7058823529411764,18,1.0,18,18,0,0,18,0,0,18,0,1,0,0,0,0,0,18,18,69,1613,1249,8,0,0,18,1.0,32,0,789,96,382,44,43206
2025-07-11,argo,app.shosetsu.android.datasource.local.file.impl,FileSharedPreferencesSettingsDataSource,getLong,1,0,0.0,0,0.0,0,12,1,0,1,0,1,0,0.0,1,0,0,1,0.0,1,2.0,2,0,0.0,0,0.0,0.0,37,6,0.0,18,0,18,1,0,19,0,0,0,0,0,0,0,0,0,0,18,0.7058823529411764,18,1.0,18,18,0,0,18,0,0,18,0,1,0,0,0,0,0,18,18,69,1613,1249,8,0,0,18,1.0,32,0,789,96,382,44,43206
2025-07-11,argo,app.shosetsu.android.datasource.local.file.impl,FileSharedPreferencesSettingsDataSource,getString,1,0,0.0,0,0.0,0,12,1,0,1,0,1,0,0.0,1,0,0,1,0.0,1,2.0,2,0,0.0,0,0.0,0.0,37,6,0.0,18,0,18,1,0,19,0,0,0,0,0,0,0,0,0,0,18,0.7058823529411764,18,1.0,18,18,0,0,18,0,0,18,0,1,0,0,0,0,0,18,18,69,1613,1249,8,0,0,18,1.0,32,0,789,96,382,44,43206
2025-07-11,argo,app.shosetsu.android.datasource.local.file.impl,FileSharedPreferencesSettingsDataSource,getInt,1,0,0.0,0,0.0,0,12,1,0,1,0,1,0,0.0,1,0,0,1,0.0,1,2.0,2,0,0.0,0,0.0,0.0,37,6,0.0,18,0,18,1,0,19,0,0,0,0,0,0,0,0,0,0,18,0.7058823529411764,18,1.0,18,18,0,0,18,0,0,18,0,1,0,0,0,0,0,18,18,69,1613,1249,8,0,0,18,1.0,32,0,789,96,382,44,43206
2025-07-11,argo,app.shosetsu.android.datasource.local.file.impl,FileSharedPreferencesSettingsDataSource,getBoolean,1,0,0.0,0,0.0,0,12,1,0,1,0,1,0,0.0,1,0,0,1,0.0,1,2.0,2,0,0.0,0,0.0,0.0,37,6,0.0,18,0,18,1,0,19,0,0,0,0,0,0,0,0,0,0,18,0.7058823529411764,18,1.0,18,18,0,0,18,0,0,18,0,1,0,0,0,0,0,18,18,69,1613,1249,8,0,0,18,1.0,32,0,789,96,382,44,43206
2025-07-11,argo,app.shosetsu.android.datasource.local.file.impl,FileSharedPreferencesSettingsDataSource,getStringSet,1,0,0.0,0,0.0,0,12,1,0,1,0,1,0,0.0,1,0,0,1,0.0,1,2.0,2,0,0.0,0,0.0,0.0,37,6,0.0,18,0,18,1,0,19,0,0,0,0,0,0,0,0,0,0,18,0.7058823529411764,18,1.0,18,18,0,0,18,0,0,18,0,1,0,0,0,0,0,18,18,69,1613,1249,8,0,0,18,1.0,32,0,789,96,382,44,43206
2025-07-11,argo,app.shosetsu.android.datasource.local.file.impl,FileSharedPreferencesSettingsDataSource,getFloat,1,0,0.0,0,0.0,0,12,1,0,1,0,1,0,0.0,1,0,0,1,0.0,1,2.0,2,0,0.0,0,0.0,0.0,37,6,0.0,18,0,18,1,0,19,0,0,0,0,0,0,0,0,0,0,18,0.7058823529411764,18,1.0,18,18,0,0,18,0,0,18,0,1,0,0,0,0,0,18,18,69,1613,1249,8,0,0,18,1.0,32,0,789,96,382,44,43206
2025-07-11,argo,app.shosetsu.android.datasource.local.file.impl,FileSharedPreferencesSettingsDataSource,setLong,1,0,0.0,0,0.0,0,12,1,0,1,0,1,0,0.0,1,0,0,1,0.0,1,2.0,3,0,0.0,0,0.0,0.0,37,6,0.0,18,0,18,1,0,19,0,0,0,0,0,0,0,0,0,0,18,0.7058823529411764,18,1.0,18,18,0,0,18,0,0,18,0,1,0,0,0,0,0,18,18,69,1613,1249,8,0,0,18,1.0,32,0,789,96,382,44,43206
2025-07-11,argo,app.shosetsu.android.datasource.local.file.impl,FileSharedPreferencesSettingsDataSource,setString,1,0,0.0,0,0.0,0,12,1,0,1,0,1,0,0.0,1,0,0,1,0.0,1,2.0,3,0,0.0,0,0.0,0.0,37,6,0.0,18,0,18,1,0,19,0,0,0,0,0,0,0,0,0,0,18,0.7058823529411764,18,1.0,18,18,0,0,18,0,0,18,0,1,0,0,0,0,0,18,18,69,1613,1249,8,0,0,18,1.0,32,0,789,96,382,44,43206
2025-07-11,argo,app.shosetsu.android.datasource.local.file.impl,FileSharedPreferencesSettingsDataSource,setInt,1,0,0.0,0,0.0,0,12,1,0,1,0,1,0,0.0,1,0,0,1,0.0,1,2.0,3,0,0.0,0,0.0,0.0,37,6,0.0,18,0,18,1,0,19,0,0,0,0,0,0,0,0,0,0,18,0.7058823529411764,18,1.0,18,18,0,0,18,0,0,18,0,1,0,0,0,0,0,18,18,69,1613,1249,8,0,0,18,1.0,32,0,789,96,382,44,43206
2025-07-11,argo,app.shosetsu.android.datasource.local.file.impl,FileSharedPreferencesSettingsDataSource,setBoolean,1,0,0.0,0,0.0,0,12,1,0,1,0,1,0,0.0,1,0,0,1,0.0,1,2.0,3,0,0.0,0,0.0,0.0,37,6,0.0,18,0,18,1,0,19,0,0,0,0,0,0,0,0,0,0,18,0.7058823529411764,18,1.0,18,18,0,0,18,0,0,18,0,1,0,0,0,0,0,18,18,69,1613,1249,8,0,0,18,1.0,32,0,789,96,382,44,43206
2025-07-11,argo,app.shosetsu.android.datasource.local.file.impl,FileSharedPreferencesSettingsDataSource,setStringSet,1,0,0.0,0,0.0,0,12,1,0,1,0,1,0,0.0,1,0,0,1,0.0,1,2.0,3,0,0.0,0,0.0,0.0,37,6,0.0,18,0,18,1,0,19,0,0,0,0,0,0,0,0,0,0,18,0.7058823529411764,18,1.0,18,18,0,0,18,0,0,18,0,1,0,0,0,0,0,18,18,69,1613,1249,8,0,0,18,1.0,32,0,789,96,382,44,43206
2025-07-11,argo,app.shosetsu.android.datasource.local.file.impl,FileSharedPreferencesSettingsDataSource,setFloat,1,0,0.0,0,0.0,0,12,1,0,1,0,1,0,0.0,1,0,0,1,0.0,1,2.0,3,0,0.0,0,0.0,0.0,37,6,0.0,18,0,18,1,0,19,0,0,0,0,0,0,0,0,0,0,18,0.7058823529411764,18,1.0,18,18,0,0,18,0,0,18,0,1,0,0,0,0,0,18,18,69,1613,1249,8,0,0,18,1.0,32,0,789,96,382,44,43206
2025-07-11,argo,app.shosetsu.android.datasource.local.memory.impl,AbstractMemoryDataSource,recycle,7,3,1.0,2,1.0,0,1,1,0,21,2,7,2,1.0,1,2,0,10,1.0,1,2.5,0,0,0.0,0,1.0,1.0,63,45,0.75,4,3,0,0,0,4,1,0,1,0,0,3,0,0,0,3,12,0.7,12,2.4,5,0,3,0,5,0,0,5,0,0,0,0,0,0,0,5,5,69,1613,1249,7,0,1,23,4.6,18,0,415,96,382,21,43206
2025-07-11,argo,app.shosetsu.android.datasource.local.memory.impl,AbstractMemoryDataSource,remove,3,0,1.0,0,0.0,0,1,1,0,1,1,3,0,0.3333333333333333,2,1,0,1,1.0,1,2.0,1,0,0.0,0,1.0,1.0,63,45,0.75,4,3,0,0,0,4,1,0,1,0,0,3,0,0,0,3,12,0.7,12,2.4,5,0,3,0,5,0,0,5,0,0,0,0,0,0,0,5,5,69,1613,1249,7,0,1,23,4.6,18,0,415,96,382,21,43206
2025-07-11,argo,app.shosetsu.android.datasource.local.memory.impl,AbstractMemoryDataSource,put,2,0,1.0,3,1.0,0,1,1,0,6,1,2,1,0.6666666666666666,1,2,0,4,1.0,1,2.3333333333333335,2,0,0.0,0,1.0,1.0,63,45,0.75,4,3,0,0,0,4,1,0,1,0,0,3,0,0,0,3,12,0.7,12,2.4,5,0,3,0,5,0,0,5,0,0,0,0,0,0,0,5,5,69,1613,1249,7,0,1,23,4.6,18,0,415,96,382,21,43206
2025-07-11,argo,app.shosetsu.android.datasource.local.memory.impl,AbstractMemoryDataSource,contains,8,1,0.0,2,1.0,0,1,1,0,17,2,8,0,0.75,0,1,0,7,0.5,0,2.6666666666666665,1,0,0.0,0,1.0,1.0,63,45,0.75,4,3,0,0,0,4,1,0,1,0,0,3,0,0,0,3,12,0.7,12,2.4,5,0,3,0,5,0,0,5,0,0,0,0,0,0,0,5,5,69,1613,1249,7,0,1,23,4.6,18,0,415,96,382,21,43206
2025-07-11,argo,app.shosetsu.android.datasource.local.memory.impl,AbstractMemoryDataSource,get,3,0,0.0,0,0.0,0,1,1,0,6,0,3,1,0.3333333333333333,2,1,1,1,1.0,0,2.0,1,1,0.0,0,1.0,1.0,63,45,0.75,4,3,0,0,0,4,1,0,1,0,0,3,0,0,0,3,12,0.7,12,2.4,5,0,3,0,5,0,0,5,0,0,0,0,0,0,0,5,5,69,1613,1249,7,0,1,23,4.6,18,0,415,96,382,21,43206
2025-07-11,argo,app.shosetsu.android.datasource.local.memory.impl,GenericMemChaptersDataSource,saveChapterInCache,1,0,0.0,0,0.0,3,0,1,0,1,0,1,0,0.0,0,0,0,1,0.0,0,0.0,2,0,0.0,0,0.0,0.0,9,2,0.0,2,2,2,1,0,3,0,0,0,0,0,2,0,0,0,0,2,1.0,2,1.0,2,2,2,0,2,0,0,2,2,1,0,0,0,0,0,2,2,69,1613,1249,7,0,0,2,1.0,18,0,415,96,382,21,43206
2025-07-11,argo,app.shosetsu.android.datasource.local.memory.impl,GenericMemChaptersDataSource,loadChapterFromCache,1,0,0.0,0,0.0,3,0,1,0,1,0,1,0,0.0,0,0,0,1,0.0,0,0.0,1,0,0.0,0,0.0,0.0,9,2,0.0,2,2,2,1,0,3,0,0,0,0,0,2,0,0,0,0,2,1.0,2,1.0,2,2,2,0,2,0,0,2,2,1,0,0,0,0,0,2,2,69,1613,1249,7,0,0,2,1.0,18,0,415,96,382,21,43206
2025-07-11,argo,app.shosetsu.android.datasource.local.memory.impl,GenericMemExtensionDataSource,loadExtensionFromMemory,1,0,0.0,0,0.0,3,0,1,0,1,0,1,0,0.0,0,0,0,1,0.0,0,0.0,1,0,0.0,0,0.0,0.3333333333333333,11,3,0.0,3,2,3,1,0,3,0,0,0,0,0,2,0,0,0,0,3,1.0,3,1.0,3,3,2,0,3,0,0,3,2,1,0,0,0,0,0,3,3,69,1613,1249,7,0,0,3,1.0,18,0,415,96,382,21,43206
2025-07-11,argo,app.shosetsu.android.datasource.local.memory.impl,GenericMemExtensionDataSource,putExtensionInMemory,1,0,0.0,1,1.0,3,0,1,0,1,0,1,0,0.0,0,0,0,1,0.0,0,2.0,1,0,0.0,0,0.0,0.3333333333333333,11,3,0.0,3,2,3,1,0,3,0,0,0,0,0,2,0,0,0,0,3,1.0,3,1.0,3,3,2,0,3,0,0,3,2,1,0,0,0,0,0,3,3,69,1613,1249,7,0,0,3,1.0,18,0,415,96,382,21,43206
2025-07-11,argo,app.shosetsu.android.datasource.local.memory.impl,GenericMemExtensionDataSource,removeExtensionFromMemory,1,0,0.0,0,0.0,3,0,1,0,1,0,1,0,0.0,0,0,0,1,0.0,0,0.0,1,0,0.0,0,0.0,0.3333333333333333,11,3,0.0,3,2,3,1,0,3,0,0,0,0,0,2,0,0,0,0,3,1.0,3,1.0,3,3,2,0,3,0,0,3,2,1,0,0,0,0,0,3,3,69,1613,1249,7,0,0,3,1.0,18,0,415,96,382,21,43206
2025-07-11,argo,app.shosetsu.android.datasource.local.memory.impl,GenericMemExtLibDataSource,loadLibrary,1,0,0.0,0,0.0,3,1,1,0,1,0,1,0,0.0,0,0,0,1,0.0,0,0.0,1,0,0.0,0,0.0,0.0,13,4,0.0,3,2,3,1,0,2,1,0,0,0,0,2,0,0,0,0,3,1.0,3,1.0,3,3,2,0,3,0,0,3,1,1,0,0,0,0,0,3,3,69,1613,1249,7,0,1,3,1.0,18,0,415,96,382,21,43206
2025-07-11,argo,app.shosetsu.android.datasource.local.memory.impl,GenericMemExtLibDataSource,setLibrary,1,0,0.0,0,0.0,3,1,1,0,1,0,1,0,0.0,0,0,0,1,0.0,0,0.0,2,0,0.0,0,0.0,0.0,13,4,0.0,3,2,3,1,0,2,1,0,0,0,0,2,0,0,0,0,3,1.0,3,1.0,3,3,2,0,3,0,0,3,1,1,0,0,0,0,0,3,3,69,1613,1249,7,0,1,3,1.0,18,0,415,96,382,21,43206
2025-07-11,argo,app.shosetsu.android.datasource.local.memory.impl,GenericMemExtLibDataSource,removeLibrary,1,0,0.0,0,0.0,3,1,1,0,3,0,1,0,0.0,0,0,1,1,0.0,0,0.0,1,1,0.0,0,0.0,0.0,13,4,0.0,3,2,3,1,0,2,1,0,0,0,0,2,0,0,0,0,3,1.0,3,1.0,3,3,2,0,3,0,0,3,1,1,0,0,0,0,0,3,3,69,1613,1249,7,0,1,3,1.0,18,0,415,96,382,21,43206
2025-07-11,argo,app.shosetsu.android.datasource.local.memory.impl,GuavaMemChaptersDataSource,saveChapterInCache,1,0,0.0,0,0.0,1,0,1,0,3,0,1,0,0.3333333333333333,0,1,1,0,0.5,0,0.0,2,0,0.0,0,1.0,0.5,9,4,0.0,2,1,2,1,0,3,0,0,1,0,0,1,0,0,0,0,2,0.0,2,1.0,2,2,1,0,2,0,0,2,2,1,0,0,0,0,0,2,2,69,1613,1249,7,0,1,0,1.0,18,0,415,96,382,21,43206
2025-07-11,argo,app.shosetsu.android.datasource.local.memory.impl,GuavaMemChaptersDataSource,loadChapterFromCache,1,0,0.0,0,0.0,1,0,1,0,1,0,1,0,0.5,0,1,0,0,1.0,0,0.0,1,0,0.0,0,1.0,0.5,9,4,0.0,2,1,2,1,0,3,0,0,1,0,0,1,0,0,0,0,2,0.0,2,1.0,2,2,1,0,2,0,0,2,2,1,0,0,0,0,0,2,2,69,1613,1249,7,0,1,0,1.0,18,0,415,96,382,21,43206
2025-07-11,argo,app.shosetsu.android.datasource.local.memory.impl,GuavaMemExtensionDataSource,loadExtensionFromMemory,1,0,0.0,0,0.0,1,0,1,0,3,0,1,0,0.5,0,1,0,0,1.0,0,0.0,1,0,0.0,0,1.0,0.3333333333333333,16,10,0.0,3,1,3,1,0,4,1,0,1,0,0,1,0,0,0,0,3,1.0,3,1.0,3,3,1,0,3,0,0,3,2,1,0,0,0,0,0,3,3,69,1613,1249,7,0,1,1,1.0,18,0,415,96,382,21,43206
2025-07-11,argo,app.shosetsu.android.datasource.local.memory.impl,GuavaMemExtensionDataSource,putExtensionInMemory,1,0,0.0,0,0.0,1,0,1,0,3,0,1,0,0.3333333333333333,0,1,1,0,1.0,0,2.0,1,0,0.0,0,1.0,0.3333333333333333,16,10,0.0,3,1,3,1,0,4,1,0,1,0,0,1,0,0,0,0,3,1.0,3,1.0,3,3,1,0,3,0,0,3,2,1,0,0,0,0,0,3,3,69,1613,1249,7,0,1,1,1.0,18,0,415,96,382,21,43206
2025-07-11,argo,app.shosetsu.android.datasource.local.memory.impl,GuavaMemExtensionDataSource,removeExtensionFromMemory,1,0,0.0,1,1.0,1,0,1,0,4,0,1,0,0.5,0,1,0,1,1.0,1,2.0,1,0,0.0,0,1.0,0.3333333333333333,16,10,0.0,3,1,3,1,0,4,1,0,1,0,0,1,0,0,0,0,3,1.0,3,1.0,3,3,1,0,3,0,0,3,2,1,0,0,0,0,0,3,3,69,1613,1249,7,0,1,1,1.0,18,0,415,96,382,21,43206
2025-07-11,argo,app.shosetsu.android.datasource.local.memory.impl,GuavaMemExtLibDataSource,loadLibrary,1,0,0.0,0,0.0,1,1,1,0,3,0,1,0,0.5,0,1,0,0,1.0,0,0.0,1,0,0.0,0,1.0,0.3333333333333333,15,6,0.0,3,1,3,1,0,2,1,0,1,0,0,1,0,0,0,0,3,0.6666666666666667,3,1.0,3,3,1,0,3,0,0,3,1,1,0,0,0,0,0,3,3,69,1613,1249,7,0,1,1,1.0,18,0,415,96,382,21,43206
2025-07-11,argo,app.shosetsu.android.datasource.local.memory.impl,GuavaMemExtLibDataSource,setLibrary,1,0,0.0,0,0.0,1,1,1,0,3,0,1,0,0.3333333333333333,0,1,1,0,0.5,0,0.0,2,0,0.0,0,1.0,0.3333333333333333,15,6,0.0,3,1,3,1,0,2,1,0,1,0,0,1,0,0,0,0,3,0.6666666666666667,3,1.0,3,3,1,0,3,0,0,3,1,1,0,0,0,0,0,3,3,69,1613,1249,7,0,1,1,1.0,18,0,415,96,382,21,43206
2025-07-11,argo,app.shosetsu.android.datasource.local.memory.impl,GuavaMemExtLibDataSource,removeLibrary,1,0,0.0,1,1.0,1,1,1,0,3,0,1,0,0.5,0,1,0,1,1.0,1,2.0,1,0,0.0,0,1.0,0.3333333333333333,15,6,0.0,3,1,3,1,0,2,1,0,1,0,0,1,0,0,0,0,3,0.6666666666666667,3,1.0,3,3,1,0,3,0,0,3,1,1,0,0,0,0,0,3,3,69,1613,1249,7,0,1,1,1.0,18,0,415,96,382,21,43206
2025-07-11,argo,app.shosetsu.android.datasource.remote.impl,RemoteCatalogueDataSource,search,7,0,0.0,2,1.0,1,0,1,0,9,2,7,0,0.0,1,0,0,8,0.0,0,2.2,3,0,0.0,0,0.0,1.0,23,20,0.0,2,0,2,1,0,5,1,0,0,0,0,0,0,0,0,0,4,0.0,4,2.0,2,2,0,0,2,0,0,2,1,1,0,0,0,0,0,2,2,69,1613,1249,6,0,1,17,7.0,9,0,343,96,382,9,43206
2025-07-11,argo,app.shosetsu.android.datasource.remote.impl,RemoteCatalogueDataSource,loadListing,7,1,0.0,4,1.0,1,0,1,0,11,1,7,0,0.0,0,0,1,9,0.0,2,2.142857142857143,3,1,0.0,0,0.0,1.0,23,20,0.0,2,0,2,1,0,5,1,0,0,0,0,0,0,0,0,0,4,0.0,4,2.0,2,2,0,0,2,0,0,2,1,1,0,0,0,0,0,2,2,69,1613,1249,6,0,1,17,7.0,9,0,343,96,382,9,43206
2025-07-11,argo,app.shosetsu.android.datasource.remote.impl,RemoteChaptersDataSource,loadChapterPassage,6,0,0.0,2,1.0,1,0,1,0,5,3,6,0,0.0,0,0,0,4,0.0,1,2.0,2,0,0.0,0,0.0,1.0,7,5,0.0,1,0,1,1,0,3,0,0,0,0,0,0,0,0,0,0,3,0.0,3,3.0,1,1,0,0,1,0,0,1,1,1,0,0,0,0,0,1,1,69,1613,1249,6,0,0,4,6.0,9,0,343,96,382,9,43206
2025-07-11,argo,app.shosetsu.android.datasource.remote.impl,RemoteExtensionDataSource,makeExtensionURL,1,0,0.0,0,0.0,0,0,1,0,1,0,1,0,0.0,0,0,0,0,0.0,0,5.0,2,0,0.0,0,0.0,1.0,9,6,0.5,2,0,1,1,0,4,0,0,0,0,0,0,0,0,0,0,3,1.0,3,1.5,2,1,0,0,1,1,0,1,2,1,0,0,0,0,0,2,2,69,1613,1249,6,0,0,6,2.0,9,0,343,96,382,9,43206
2025-07-11,argo,app.shosetsu.android.datasource.remote.impl,RemoteExtensionDataSource,downloadExtension,3,2,1.0,2,1.0,0,0,1,0,5,1,3,1,0.0,1,0,0,6,0.0,1,2.25,2,0,0.0,0,0.0,1.0,9,6,0.5,2,0,1,1,0,4,0,0,0,0,0,0,0,0,0,0,3,1.0,3,1.5,2,1,0,0,1,1,0,1,2,1,0,0,0,0,0,2,2,69,1613,1249,6,0,0,6,2.0,9,0,343,96,382,9,43206
2025-07-11,argo,app.shosetsu.android.datasource.remote.impl,RemoteExtLibDataSource,makeLibraryURL,1,0,0.0,0,0.0,0,0,1,0,1,0,1,0,0.0,0,0,0,0,0.0,0,3.0,2,0,0.0,0,0.0,1.0,11,8,0.5,2,0,1,1,0,2,0,0,0,0,0,0,0,0,0,0,3,1.0,3,1.5,2,1,0,0,1,1,0,1,2,1,0,0,0,0,0,2,2,69,1613,1249,6,0,0,6,2.0,9,0,343,96,382,9,43206
2025-07-11,argo,app.shosetsu.android.datasource.remote.impl,RemoteExtLibDataSource,downloadLibrary,3,2,1.0,4,1.0,0,0,1,0,7,1,3,1,0.0,1,0,0,6,0.0,1,2.25,2,0,0.0,0,0.0,1.0,11,8,0.5,2,0,1,1,0,2,0,0,0,0,0,0,0,0,0,0,3,1.0,3,1.5,2,1,0,0,1,1,0,1,2,1,0,0,0,0,0,2,2,69,1613,1249,6,0,0,6,2.0,9,0,343,96,382,9,43206
2025-07-11,argo,app.shosetsu.android.datasource.remote.impl,RemoteExtRepoDataSource,downloadRepoData,3,2,0.0,4,1.0,0,0,1,0,9,1,3,0,0.0,0,0,0,8,0.0,1,2.6666666666666665,1,0,0.0,0,0.0,1.0,11,9,0.0,1,0,1,1,0,2,0,0,0,0,0,0,0,0,0,0,2,0.0,2,2.0,1,1,0,0,1,0,0,1,1,1,0,0,0,0,0,1,1,69,1613,1249,6,0,0,8,3.0,9,0,343,96,382,9,43206
2025-07-11,argo,app.shosetsu.android.datasource.remote.impl,RemoteNovelDataSource,loadNovel,6,0,0.0,2,1.0,1,0,1,0,7,2,6,0,0.0,0,0,0,4,0.0,1,2.0,3,0,0.0,0,0.0,1.0,9,7,0.0,1,0,1,1,0,4,0,0,0,0,0,0,0,0,0,0,2,0.0,2,2.0,1,1,0,0,1,0,0,1,1,1,0,0,0,0,0,1,1,69,1613,1249,6,0,0,4,6.0,9,0,343,96,382,9,43206
2025-07-11,argo,app.shosetsu.android.datasource.remote.impl.fauk,FaukRemoteChaptersDataSource,loadChapterPassage,3,0,0.0,0,0.0,1,0,1,0,11,2,3,0,0.0,0,0,1,8,0.0,0,0.0,2,1,0.0,0,0.0,1.0,13,11,0.0,1,0,1,1,0,3,1,0,0,0,0,0,0,0,0,0,2,0.0,2,2.0,1,1,0,0,1,0,0,1,1,1,0,0,0,0,0,1,1,69,1613,1249,1,0,1,8,3.0,1,0,50,96,382,1,43206
2025-07-11,argo,app.shosetsu.android.datasource.remote.impl.update,FDroidAppUpdateDataSource,loadAppUpdate,1,0,0.0,0,0.0,2,0,1,0,3,0,1,0,0.0,0,0,1,1,0.0,0,0.0,0,1,0.0,0,0.0,1.0,9,6,0.0,2,0,2,1,0,2,1,0,0,0,0,0,0,0,0,0,2,0.0,2,1.0,2,2,0,0,2,0,0,2,2,1,0,0,0,0,0,2,2,69,1613,1249,4,0,2,2,1.0,7,0,140,96,382,7,43206
2025-07-11,argo,app.shosetsu.android.datasource.remote.impl.update,FDroidAppUpdateDataSource,downloadAppUpdate,1,0,0.0,0,0.0,2,0,1,0,3,0,1,0,0.0,0,0,1,1,0.0,0,0.0,1,1,0.0,0,0.0,1.0,9,6,0.0,2,0,2,1,0,2,1,0,0,0,0,0,0,0,0,0,2,0.0,2,1.0,2,2,0,0,2,0,0,2,2,1,0,0,0,0,0,2,2,69,1613,1249,4,0,2,2,1.0,7,0,140,96,382,7,43206
2025-07-11,argo,app.shosetsu.android.datasource.remote.impl.update,GithubAppUpdateDataSource,loadAppUpdate,2,0,0.0,3,1.0,0,0,1,0,6,1,2,0,1.0,0,2,1,10,2.0,0,2.6666666666666665,0,1,0.0,0,0.0,1.0,22,11,0.0,2,2,2,1,0,2,1,0,2,0,0,2,0,0,0,0,3,0.0,3,1.5,2,2,2,0,2,0,0,2,2,1,0,0,0,0,0,2,2,69,1613,1249,4,0,2,18,2.5,7,0,140,96,382,7,43206
2025-07-11,argo,app.shosetsu.android.datasource.remote.impl.update,GithubAppUpdateDataSource,downloadAppUpdate,3,0,0.0,3,1.0,0,0,1,0,5,0,3,0,0.0,0,0,1,8,0.0,0,2.6,1,1,0.0,0,0.0,1.0,22,11,0.0,2,2,2,1,0,2,1,0,2,0,0,2,0,0,0,0,3,0.0,3,1.5,2,2,2,0,2,0,0,2,2,1,0,0,0,0,0,2,2,69,1613,1249,4,0,2,18,2.5,7,0,140,96,382,7,43206
2025-07-11,argo,app.shosetsu.android.datasource.remote.impl.update,PlayAppUpdateDataSource,loadAppUpdate,1,0,0.0,0,0.0,1,0,1,0,3,0,1,0,0.0,0,0,1,1,0.0,0,0.0,0,1,0.0,0,0.0,0.0,5,3,0.0,1,0,1,1,0,1,1,0,0,0,0,0,0,0,0,0,1,0.0,1,1.0,1,1,0,0,1,0,0,1,1,1,0,0,0,0,0,1,1,69,1613,1249,4,0,1,1,1.0,7,0,140,96,382,7,43206
2025-07-11,argo,app.shosetsu.android.datasource.remote.impl.update,UpToDownAppUpdateDataSource,loadAppUpdate,1,0,0.0,0,0.0,2,0,1,0,3,0,1,0,0.0,0,0,1,1,0.0,0,0.0,0,1,0.0,0,0.0,1.0,9,6,0.0,2,0,2,1,0,2,1,0,0,0,0,0,0,0,0,0,2,0.0,2,1.0,2,2,0,0,2,0,0,2,2,1,0,0,0,0,0,2,2,69,1613,1249,4,0,2,2,1.0,7,0,140,96,382,7,43206
2025-07-11,argo,app.shosetsu.android.datasource.remote.impl.update,UpToDownAppUpdateDataSource,downloadAppUpdate,1,0,0.0,0,0.0,2,0,1,0,3,0,1,0,0.0,0,0,1,1,0.0,0,0.0,1,1,0.0,0,0.0,1.0,9,6,0.0,2,0,2,1,0,2,1,0,0,0,0,0,0,0,0,0,2,0.0,2,1.0,2,2,0,0,2,0,0,2,2,1,0,0,0,0,0,2,2,69,1613,1249,4,0,2,2,1.0,7,0,140,96,382,7,43206
2025-07-11,argo,app.shosetsu.android.domain.model.database,DBChapterEntity,convertTo,1,0,0.0,0,0.0,0,0,1,0,1,0,1,0,0.0,0,0,0,1,0.0,0,0.0,0,0,0.0,0,0.0,0.0,3,1,0.0,1,0,1,1,0,1,0,0,0,0,0,0,0,0,0,0,1,0.0,1,1.0,1,1,0,0,1,0,0,1,0,1,0,0,0,0,0,1,1,69,1613,1249,11,0,0,1,1.0,11,0,781,96,382,11,43206
2025-07-11,argo,app.shosetsu.android.domain.model.database,DBDownloadEntity,convertTo,1,0,0.0,0,0.0,0,0,1,0,1,0,1,0,0.0,0,0,0,1,0.0,0,0.0,0,0,0.0,0,0.0,0.0,3,1,0.0,1,0,1,1,0,1,0,0,0,0,0,0,0,0,0,0,1,0.0,1,1.0,1,1,0,0,1,0,0,1,0,1,0,0,0,0,0,1,1,69,1613,1249,11,0,0,1,1.0,11,0,781,96,382,11,43206
2025-07-11,argo,app.shosetsu.android.domain.model.database,DBExtLibEntity,convertTo,1,0,0.0,0,0.0,0,0,1,0,1,0,1,0,0.0,0,0,0,1,0.0,0,0.0,0,0,0.0,0,0.0,0.0,3,1,0.0,1,0,1,1,0,1,0,0,0,0,0,0,0,0,0,0,1,0.0,1,1.0,1,1,0,0,1,0,0,1,0,1,0,0,0,0,0,1,1,69,1613,1249,11,0,0,1,1.0,11,0,781,96,382,11,43206
2025-07-11,argo,app.shosetsu.android.domain.model.database,DBInstalledExtensionEntity,convertTo,1,0,0.0,0,0.0,0,0,1,0,1,0,1,0,0.0,0,0,0,1,0.0,0,0.0,0,0,0.0,0,0.0,1.0,3,1,0.0,1,0,1,1,0,1,0,0,0,0,0,0,0,0,0,0,1,0.0,1,1.0,1,1,0,0,1,0,0,1,0,1,0,0,0,0,0,1,1,69,1613,1249,11,0,0,1,1.0,11,0,781,96,382,11,43206
2025-07-11,argo,app.shosetsu.android.domain.model.database,DBNovelEntity,convertTo,1,0,0.0,0,0.0,0,0,1,0,1,0,1,0,0.0,0,0,0,1,0.0,0,0.0,0,0,0.0,0,0.0,0.0,3,1,0.0,1,0,1,1,0,1,0,0,0,0,0,0,0,0,0,0,1,0.0,1,1.0,1,1,0,0,1,0,0,1,0,1,0,0,0,0,0,1,1,69,1613,1249,11,0,0,1,1.0,11,0,781,96,382,11,43206
2025-07-11,argo,app.shosetsu.android.domain.model.database,DBNovelReaderSettingEntity,convertTo,1,0,0.0,0,0.0,0,0,1,0,1,0,1,0,0.0,0,0,0,1,0.0,0,0.0,0,0,0.0,0,0.0,0.0,3,1,0.0,1,0,1,1,0,1,0,0,0,0,0,0,0,0,0,0,1,0.0,1,1.0,1,1,0,0,1,0,0,1,0,1,0,0,0,0,0,1,1,69,1613,1249,11,0,0,1,1.0,11,0,781,96,382,11,43206
2025-07-11,argo,app.shosetsu.android.domain.model.database,DBNovelSettingsEntity,convertTo,1,0,0.0,0,0.0,0,0,1,0,1,0,1,0,0.0,0,0,0,1,0.0,0,0.0,0,0,0.0,0,0.0,0.0,3,1,0.0,1,0,1,1,0,1,0,0,0,0,0,0,0,0,0,0,1,0.0,1,1.0,1,1,0,0,1,0,0,1,0,1,0,0,0,0,0,1,1,69,1613,1249,11,0,0,1,1.0,11,0,781,96,382,11,43206
2025-07-11,argo,app.shosetsu.android.domain.model.database,DBRepositoryEntity,convertTo,1,0,0.0,0,0.0,0,0,1,0,1,0,1,0,0.0,0,0,0,1,0.0,0,0.0,0,0,0.0,0,0.0,0.0,3,1,0.0,1,0,1,1,0,1,0,0,0,0,0,0,0,0,0,0,1,0.0,1,1.0,1,1,0,0,1,0,0,1,0,1,0,0,0,0,0,1,1,69,1613,1249,11,0,0,1,1.0,11,0,781,96,382,11,43206
2025-07-11,argo,app.shosetsu.android.domain.model.database,DBRepositoryExtensionEntity,convertTo,1,0,0.0,0,0.0,0,0,1,0,1,0,1,0,0.0,0,0,0,1,0.0,0,0.0,0,0,0.0,0,0.0,0.0,3,1,0.0,1,0,1,1,0,1,0,0,0,0,0,0,0,0,0,0,1,0.0,1,1.0,1,1,0,0,1,0,0,1,0,1,0,0,0,0,0,1,1,69,1613,1249,11,0,0,1,1.0,11,0,781,96,382,11,43206
2025-07-11,argo,app.shosetsu.android.domain.model.database,DBStrippedNovelEntity,convertTo,1,0,0.0,0,0.0,0,0,1,0,1,0,1,0,0.0,0,0,0,1,0.0,0,0.0,0,0,0.0,0,0.0,0.0,3,1,0.0,1,0,1,1,0,0,0,0,0,0,0,0,0,0,0,0,1,0.0,1,1.0,1,1,0,0,1,0,0,1,0,1,0,0,0,0,0,1,1,69,1613,1249,11,0,0,1,1.0,11,0,781,96,382,11,43206
2025-07-11,argo,app.shosetsu.android.domain.model.database,DBUpdate,convertTo,1,0,0.0,0,0.0,0,0,1,0,1,0,1,0,0.0,0,0,0,1,0.0,0,0.0,0,0,0.0,0,0.0,0.0,3,1,0.0,1,0,1,1,0,1,0,0,0,0,0,0,0,0,0,0,1,0.0,1,1.0,1,1,0,0,1,0,0,1,0,1,0,0,0,0,0,1,1,69,1613,1249,11,0,0,1,1.0,11,0,781,96,382,11,43206
2025-07-11,argo,app.shosetsu.android.domain.model.local,BackupEntity,equals,4,0,0.0,1,1.0,0,0,1,0,6,3,4,0,0.0,0,0,0,3,0.0,0,3.0,1,0,0.0,0,0.0,0.5,16,9,0.0,2,2,2,0,2,3,0,0,0,0,2,2,0,0,0,0,5,1.0,5,2.5,2,2,2,0,2,0,0,2,0,1,0,0,0,0,0,2,2,69,1613,1249,30,0,0,4,2.5,7,0,1220,96,382,3,43206
2025-07-11,argo,app.shosetsu.android.domain.model.local,BackupEntity,hashCode,1,0,0.0,1,1.0,0,0,1,0,3,0,1,0,0.0,0,0,0,1,0.0,1,2.0,0,0,0.0,0,0.0,0.5,16,9,0.0,2,2,2,0,2,3,0,0,0,0,2,2,0,0,0,0,5,1.0,5,2.5,2,2,2,0,2,0,0,2,0,1,0,0,0,0,0,2,2,69,1613,1249,30,0,0,4,2.5,7,0,1220,96,382,3,43206
2025-07-11,argo,app.shosetsu.android.domain.model.local,ColorChoiceData,fromString,3,0,0.0,1,1.0,0,0,1,0,5,1,3,0,0.0,0,0,0,2,0.0,1,2.0,0,0,0.0,0,0.0,1.0,15,5,0.0,1,0,1,0,0,1,0,1,0,0,0,0,0,0,0,0,1,0.0,1,1.0,1,1,0,0,1,0,0,1,0,1,0,0,1,0,1,1,2,69,1613,1249,30,1,0,2,3.0,7,0,1220,96,382,3,43206
2025-07-11,argo,app.shosetsu.android.domain.model.remote,AppUpdateDTO,convertTo,1,0,0.0,0,0.0,0,0,1,0,1,0,1,0,0.0,1,0,0,1,0.0,1,2.0,0,0,0.0,0,0.0,1.0,9,1,0.0,1,0,1,1,0,0,0,1,0,0,0,0,0,0,0,0,1,0.0,1,1.0,1,1,0,0,2,0,0,2,0,2,0,0,1,0,1,1,2,69,1613,1249,2,0,0,1,1.0,2,0,98,96,382,2,43206
2025-07-11,argo,app.shosetsu.android.domain.model.remote,ArchitectureURLsDTO,fromEntity,1,0,0.0,0,0.0,0,0,1,0,1,0,1,0,0.0,0,0,0,1,0.0,0,0.0,0,0,0.0,0,0.0,1.0,7,1,0.0,1,0,1,1,0,1,0,1,0,0,0,0,0,0,0,0,1,0.0,1,1.0,1,1,0,0,2,0,0,2,0,2,0,0,1,0,1,1,2,69,1613,1249,2,1,0,1,1.0,2,0,98,96,382,2,43206
2025-07-11,argo,app.shosetsu.android.domain.repository.impl,AppUpdatesRepository,loadAppUpdateFlow,1,0,0.0,1,1.0,0,0,1,0,1,0,1,0,0.0,0,0,0,2,0.0,0,3.0,0,0,0.0,0,0.0,0.5,48,41,0.16666666666666666,6,0,5,1,0,6,0,0,0,0,0,0,0,0,0,0,8,0.8,8,1.3333333333333333,6,5,0,0,5,1,0,5,4,1,0,0,0,0,0,6,6,69,1613,1249,18,0,0,21,2.5,84,0,1775,96,382,152,43206
2025-07-11,argo,app.shosetsu.android.domain.repository.impl,AppUpdatesRepository,compareVersion,5,2,0.0,3,1.0,0,0,1,0,23,1,5,0,0.0,0,0,0,8,0.0,0,2.6666666666666665,1,0,0.0,0,0.0,0.5,48,41,0.16666666666666666,6,0,5,1,0,6,0,0,0,0,0,0,0,0,0,0,8,0.8,8,1.3333333333333333,6,5,0,0,5,1,0,5,4,1,0,0,0,0,0,6,6,69,1613,1249,18,0,0,21,2.5,84,0,1775,96,382,152,43206
2025-07-11,argo,app.shosetsu.android.domain.repository.impl,AppUpdatesRepository,loadRemoteUpdate,4,2,2.0,2,1.0,0,0,1,0,14,1,4,1,0.0,2,0,0,6,0.0,1,2.0,0,0,0.0,0,0.0,0.5,48,41,0.16666666666666666,6,0,5,1,0,6,0,0,0,0,0,0,0,0,0,0,8,0.8,8,1.3333333333333333,6,5,0,0,5,1,0,5,4,1,0,0,0,0,0,6,6,69,1613,1249,18,0,0,21,2.5,84,0,1775,96,382,152,43206
2025-07-11,argo,app.shosetsu.android.domain.repository.impl,AppUpdatesRepository,loadAppUpdate,1,0,0.0,1,1.0,0,0,1,0,1,0,1,0,0.0,0,0,0,1,0.0,1,2.0,0,0,0.0,0,0.0,0.5,48,41,0.16666666666666666,6,0,5,1,0,6,0,0,0,0,0,0,0,0,0,0,8,0.8,8,1.3333333333333333,6,5,0,0,5,1,0,5,4,1,0,0,0,0,0,6,6,69,1613,1249,18,0,0,21,2.5,84,0,1775,96,382,152,43206
2025-07-11,argo,app.shosetsu.android.domain.repository.impl,AppUpdatesRepository,canSelfUpdate,1,0,0.0,0,0.0,0,0,1,0,1,0,1,0,0.0,0,0,0,0,0.0,0,2.0,0,0,0.0,0,0.0,0.5,48,41,0.16666666666666666,6,0,5,1,0,6,0,0,0,0,0,0,0,0,0,0,8,0.8,8,1.3333333333333333,6,5,0,0,5,1,0,5,4,1,0,0,0,0,0,6,6,69,1613,1249,18,0,0,21,2.5,84,0,1775,96,382,152,43206
2025-07-11,argo,app.shosetsu.android.domain.repository.impl,AppUpdatesRepository,downloadAppUpdate,3,0,1.0,1,1.0,0,0,1,0,1,0,3,0,0.0,1,0,0,4,0.0,0,2.3333333333333335,1,0,0.0,0,0.0,0.5,48,41,0.16666666666666666,6,0,5,1,0,6,0,0,0,0,0,0,0,0,0,0,8,0.8,8,1.3333333333333333,6,5,0,0,5,1,0,5,4,1,0,0,0,0,0,6,6,69,1613,1249,18,0,0,21,2.5,84,0,1775,96,382,152,43206
2025-07-11,argo,app.shosetsu.android.domain.repository.impl,BackupRepository,updateProgress,1,0,0.0,0,0.0,0,0,1,0,3,0,1,0,0.5,0,1,1,0,2.0,0,2.0,1,0,0.0,0,0.0,0.25,15,6,0.0,4,2,4,1,0,5,0,0,1,0,0,2,0,0,0,0,4,0.5,4,1.0,4,4,2,0,4,0,0,4,3,1,0,0,0,0,0,4,4,69,1613,1249,18,0,1,3,1.0,84,0,1775,96,382,152,43206
2025-07-11,argo,app.shosetsu.android.domain.repository.impl,BackupRepository,loadBackups,1,0,0.0,0,0.0,0,0,1,0,1,0,1,0,0.0,1,0,0,1,0.0,1,2.0,0,0,0.0,0,0.0,0.25,15,6,0.0,4,2,4,1,0,5,0,0,1,0,0,2,0,0,0,0,4,0.5,4,1.0,4,4,2,0,4,0,0,4,3,1,0,0,0,0,0,4,4,69,1613,1249,18,0,1,3,1.0,84,0,1775,96,382,152,43206
2025-07-11,argo,app.shosetsu.android.domain.repository.impl,BackupRepository,loadBackup,1,0,0.0,0,0.0,0,0,1,0,1,0,1,0,0.0,1,0,0,1,0.0,1,2.0,2,0,0.0,0,0.0,0.25,15,6,0.0,4,2,4,1,0,5,0,0,1,0,0,2,0,0,0,0,4,0.5,4,1.0,4,4,2,0,4,0,0,4,3,1,0,0,0,0,0,4,4,69,1613,1249,18,0,1,3,1.0,84,0,1775,96,382,152,43206
2025-07-11,argo,app.shosetsu.android.domain.repository.impl,BackupRepository,saveBackup,1,0,0.0,0,0.0,0,0,1,0,1,0,1,0,0.0,1,0,0,1,0.0,1,2.0,1,0,0.0,0,0.0,0.25,15,6,0.0,4,2,4,1,0,5,0,0,1,0,0,2,0,0,0,0,4,0.5,4,1.0,4,4,2,0,4,0,0,4,3,1,0,0,0,0,0,4,4,69,1613,1249,18,0,1,3,1.0,84,0,1775,96,382,152,43206
2025-07-11,argo,app.shosetsu.android.domain.repository.impl,BackupUriRepository,give,1,0,0.0,0,0.0,1,0,1,0,3,0,1,0,0.5,0,1,1,0,1.0,0,0.0,1,0,0.0,0,1.0,1.0,13,8,0.0,2,1,2,1,0,2,0,0,1,0,0,0,0,0,1,0,3,0.0,3,1.5,2,2,1,0,2,0,0,2,0,1,0,0,0,0,0,2,2,69,1613,1249,18,0,1,1,2.0,84,0,1775,96,382,152,43206
2025-07-11,argo,app.shosetsu.android.domain.repository.impl,BackupUriRepository,take,3,0,0.0,0,0.0,1,0,1,0,5,1,3,0,1.0,0,1,0,1,1.0,0,2.0,0,0,0.0,0,1.0,1.0,13,8,0.0,2,1,2,1,0,2,0,0,1,0,0,0,0,0,1,0,3,0.0,3,1.5,2,2,1,0,2,0,0,2,0,1,0,0,0,0,0,2,2,69,1613,1249,18,0,1,1,2.0,84,0,1775,96,382,152,43206
2025-07-11,argo,app.shosetsu.android.domain.repository.impl,ChaptersRepository,placeIntoCache,1,0,1.0,0,0.0,0,8,1,0,1,0,1,1,0.0,1,0,0,0,0.0,0,0.0,3,0,0.0,0,0.0,0.15,75,34,0.3333333333333333,20,0,18,1,0,18,1,0,0,0,0,0,0,0,0,0,20,0.43157894736842106,20,1.0,20,18,0,0,19,1,0,19,2,1,0,0,0,0,0,20,20,69,1613,1249,18,0,4,48,1.6111111111111112,84,0,1775,96,382,152,43206
2025-07-11,argo,app.shosetsu.android.domain.repository.impl,ChaptersRepository,getChapterPassage,11,0,0.0,3,1.0,0,8,1,0,13,2,11,2,0.0,1,0,0,15,0.0,0,2.6,2,0,0.0,0,0.0,0.15,75,34,0.3333333333333333,20,0,18,1,0,18,1,0,0,0,0,0,0,0,0,0,20,0.43157894736842106,20,1.0,20,18,0,0,19,1,0,19,2,1,0,0,0,0,0,20,20,69,1613,1249,18,0,4,48,1.6111111111111112,84,0,1775,96,382,152,43206
2025-07-11,argo,app.shosetsu.android.domain.repository.impl,ChaptersRepository,saveChapterPassageToMemory,1,0,0.0,1,1.0,0,8,1,0,6,0,1,0,0.0,0,0,1,4,0.0,0,3.0,3,1,0.0,0,0.0,0.15,75,34,0.3333333333333333,20,0,18,1,0,18,1,0,0,0,0,0,0,0,0,0,20,0.43157894736842106,20,1.0,20,18,0,0,19,1,0,19,2,1,0,0,0,0,0,20,20,69,1613,1249,18,0,4,48,1.6111111111111112,84,0,1775,96,382,152,43206
2025-07-11,argo,app.shosetsu.android.domain.repository.impl,ChaptersRepository,saveChapterPassageToStorage,1,0,2.0,1,1.0,0,8,1,0,7,0,1,1,0.0,2,0,1,3,0.0,1,2.5,3,1,0.0,0,0.0,0.15,75,34,0.3333333333333333,20,0,18,1,0,18,1,0,0,0,0,0,0,0,0,0,20,0.43157894736842106,20,1.0,20,18,0,0,19,1,0,19,2,1,0,0,0,0,0,20,20,69,1613,1249,18,0,4,48,1.6111111111111112,84,0,1775,96,382,152,43206
2025-07-11,argo,app.shosetsu.android.domain.repository.impl,ChaptersRepository,handleChapters,1,0,0.0,0,0.0,0,8,1,0,1,0,1,0,0.0,1,0,0,1,0.0,1,2.0,3,0,0.0,0,0.0,0.15,75,34,0.3333333333333333,20,0,18,1,0,18,1,0,0,0,0,0,0,0,0,0,20,0.43157894736842106,20,1.0,20,18,0,0,19,1,0,19,2,1,0,0,0,0,0,20,20,69,1613,1249,18,0,4,48,1.6111111111111112,84,0,1775,96,382,152,43206
2025-07-11,argo,app.shosetsu.android.domain.repository.impl,ChaptersRepository,handleChaptersReturn,1,0,0.0,1,1.0,0,8,1,0,1,0,1,0,0.0,0,0,0,1,0.0,1,2.0,3,0,0.0,0,0.0,0.15,75,34,0.3333333333333333,20,0,18,1,0,18,1,0,0,0,0,0,0,0,0,0,20,0.43157894736842106,20,1.0,20,18,0,0,19,1,0,19,2,1,0,0,0,0,0,20,20,69,1613,1249,18,0,4,48,1.6111111111111112,84,0,1775,96,382,152,43206
2025-07-11,argo,app.shosetsu.android.domain.repository.impl,ChaptersRepository,getChaptersLive,1,0,0.0,1,1.0,0,8,1,0,1,0,1,0,0.0,0,0,0,3,0.0,3,4.0,1,0,0.0,0,0.0,0.15,75,34,0.3333333333333333,20,0,18,1,0,18,1,0,0,0,0,0,0,0,0,0,20,0.43157894736842106,20,1.0,20,18,0,0,19,1,0,19,2,1,0,0,0,0,0,20,20,69,1613,1249,18,0,4,48,1.6111111111111112,84,0,1775,96,382,152,43206
2025-07-11,argo,app.shosetsu.android.domain.repository.impl,ChaptersRepository,getChapters,1,0,0.0,0,0.0,0,8,1,0,1,0,1,0,0.0,1,0,0,1,0.0,1,2.0,1,0,0.0,0,0.0,0.15,75,34,0.3333333333333333,20,0,18,1,0,18,1,0,0,0,0,0,0,0,0,0,20,0.43157894736842106,20,1.0,20,18,0,0,19,1,0,19,2,1,0,0,0,0,0,20,20,69,1613,1249,18,0,4,48,1.6111111111111112,84,0,1775,96,382,152,43206
2025-07-11,argo,app.shosetsu.android.domain.repository.impl,ChaptersRepository,getChaptersByExtension,1,0,0.0,0,0.0,0,8,1,0,1,0,1,0,0.0,1,0,0,1,0.0,1,2.0,1,0,0.0,0,0.0,0.15,75,34,0.3333333333333333,20,0,18,1,0,18,1,0,0,0,0,0,0,0,0,0,20,0.43157894736842106,20,1.0,20,18,0,0,19,1,0,19,2,1,0,0,0,0,0,20,20,69,1613,1249,18,0,4,48,1.6111111111111112,84,0,1775,96,382,152,43206
2025-07-11,argo,app.shosetsu.android.domain.repository.impl,ChaptersRepository,updateChapter,1,0,0.0,0,0.0,0,8,1,0,1,0,1,0,0.0,1,0,0,1,0.0,1,2.0,1,0,0.0,0,0.0,0.15,75,34,0.3333333333333333,20,0,18,1,0,18,1,0,0,0,0,0,0,0,0,0,20,0.43157894736842106,20,1.0,20,18,0,0,19,1,0,19,2,1,0,0,0,0,0,20,20,69,1613,1249,18,0,4,48,1.6111111111111112,84,0,1775,96,382,152,43206
2025-07-11,argo,app.shosetsu.android.domain.repository.impl,ChaptersRepository,getChapter,1,0,0.0,0,0.0,0,8,1,0,1,0,1,0,0.0,1,0,0,1,0.0,1,2.0,1,0,0.0,0,0.0,0.15,75,34,0.3333333333333333,20,0,18,1,0,18,1,0,0,0,0,0,0,0,0,0,20,0.43157894736842106,20,1.0,20,18,0,0,19,1,0,19,2,1,0,0,0,0,0,20,20,69,1613,1249,18,0,4,48,1.6111111111111112,84,0,1775,96,382,152,43206
2025-07-11,argo,app.shosetsu.android.domain.repository.impl,ChaptersRepository,getReaderChaptersFlow,1,0,0.0,1,1.0,0,8,1,0,1,0,1,0,0.0,0,0,0,3,0.0,3,4.0,1,0,0.0,0,0.0,0.15,75,34,0.3333333333333333,20,0,18,1,0,18,1,0,0,0,0,0,0,0,0,0,20,0.43157894736842106,20,1.0,20,18,0,0,19,1,0,19,2,1,0,0,0,0,0,20,20,69,1613,1249,18,0,4,48,1.6111111111111112,84,0,1775,96,382,152,43206
2025-07-11,argo,app.shosetsu.android.domain.repository.impl,ChaptersRepository,deleteChapterPassage,1,0,1.0,0,0.0,0,8,1,0,4,0,1,0,0.0,3,0,0,3,0.0,1,2.5,2,0,0.0,0,0.0,0.15,75,34,0.3333333333333333,20,0,18,1,0,18,1,0,0,0,0,0,0,0,0,0,20,0.43157894736842106,20,1.0,20,18,0,0,19,1,0,19,2,1,0,0,0,0,0,20,20,69,1613,1249,18,0,4,48,1.6111111111111112,84,0,1775,96,382,152,43206
2025-07-11,argo,app.shosetsu.android.domain.repository.impl,ChaptersRepository,deleteChapterPassage,2,0,1.0,1,1.0,0,8,1,0,7,0,2,0,0.0,2,0,1,4,0.0,1,2.3333333333333335,2,1,0.0,0,0.0,0.15,75,34,0.3333333333333333,20,0,18,1,0,18,1,0,0,0,0,0,0,0,0,0,20,0.43157894736842106,20,1.0,20,18,0,0,19,1,0,19,2,1,0,0,0,0,0,20,20,69,1613,1249,18,0,4,48,1.6111111111111112,84,0,1775,96,382,152,43206
2025-07-11,argo,app.shosetsu.android.domain.repository.impl,ChaptersRepository,delete,1,0,0.0,0,0.0,0,8,1,0,1,0,1,0,0.0,2,0,0,1,0.0,1,2.0,1,0,0.0,0,0.0,0.15,75,34,0.3333333333333333,20,0,18,1,0,18,1,0,0,0,0,0,0,0,0,0,20,0.43157894736842106,20,1.0,20,18,0,0,19,1,0,19,2,1,0,0,0,0,0,20,20,69,1613,1249,18,0,4,48,1.6111111111111112,84,0,1775,96,382,152,43206
2025-07-11,argo,app.shosetsu.android.domain.repository.impl,ChaptersRepository,delete,1,0,0.0,0,0.0,0,8,1,0,3,0,1,0,0.0,2,0,1,1,0.0,1,2.0,1,1,0.0,0,0.0,0.15,75,34,0.3333333333333333,20,0,18,1,0,18,1,0,0,0,0,0,0,0,0,0,20,0.43157894736842106,20,1.0,20,18,0,0,19,1,0,19,2,1,0,0,0,0,0,20,20,69,1613,1249,18,0,4,48,1.6111111111111112,84,0,1775,96,382,152,43206
2025-07-11,argo,app.shosetsu.android.domain.repository.impl,ChaptersRepository,getChapterProgress,1,0,0.0,0,0.0,0,8,1,0,1,0,1,0,0.0,1,0,0,4,0.0,0,5.0,1,0,0.0,0,0.0,0.15,75,34,0.3333333333333333,20,0,18,1,0,18,1,0,0,0,0,0,0,0,0,0,20,0.43157894736842106,20,1.0,20,18,0,0,19,1,0,19,2,1,0,0,0,0,0,20,20,69,1613,1249,18,0,4,48,1.6111111111111112,84,0,1775,96,382,152,43206
2025-07-11,argo,app.shosetsu.android.domain.repository.impl,ChaptersRepository,getChapterBookmarkedFlow,1,0,0.0,0,0.0,0,8,1,0,1,0,1,0,0.0,1,0,0,3,0.0,3,4.0,1,0,0.0,0,0.0,0.15,75,34,0.3333333333333333,20,0,18,1,0,18,1,0,0,0,0,0,0,0,0,0,20,0.43157894736842106,20,1.0,20,18,0,0,19,1,0,19,2,1,0,0,0,0,0,20,20,69,1613,1249,18,0,4,48,1.6111111111111112,84,0,1775,96,382,152,43206
2025-07-11,argo,app.shosetsu.android.domain.repository.impl,ChaptersRepository,updateChapterReadingStatus,1,0,0.0,0,0.0,0,8,1,0,1,0,1,0,0.0,1,0,0,1,0.0,1,2.0,2,0,0.0,0,0.0,0.15,75,34,0.3333333333333333,20,0,18,1,0,18,1,0,0,0,0,0,0,0,0,0,20,0.43157894736842106,20,1.0,20,18,0,0,19,1,0,19,2,1,0,0,0,0,0,20,20,69,1613,1249,18,0,4,48,1.6111111111111112,84,0,1775,96,382,152,43206
2025-07-11,argo,app.shosetsu.android.domain.repository.impl,ChaptersRepository,updateChapterBookmark,1,0,0.0,0,0.0,0,8,1,0,1,0,1,0,0.0,1,0,0,1,0.0,1,2.0,2,0,0.0,0,0.0,0.15,75,34,0.3333333333333333,20,0,18,1,0,18,1,0,0,0,0,0,0,0,0,0,20,0.43157894736842106,20,1.0,20,18,0,0,19,1,0,19,2,1,0,0,0,0,0,20,20,69,1613,1249,18,0,4,48,1.6111111111111112,84,0,1775,96,382,152,43206
2025-07-11,argo,app.shosetsu.android.domain.repository.impl,DownloadsRepository,loadDownloadsFlow,1,0,0.0,1,1.0,0,2,1,0,1,0,1,0,0.0,0,0,0,2,0.0,2,3.0,0,0,0.0,0,0.0,0.0,31,15,0.0,11,0,11,1,0,7,1,0,0,0,0,0,0,0,0,0,11,0.18181818181818177,11,1.0,11,11,0,0,11,0,0,11,6,1,0,0,0,0,0,11,11,69,1613,1249,18,0,4,12,1.0,84,0,1775,96,382,152,43206
2025-07-11,argo,app.shosetsu.android.domain.repository.impl,DownloadsRepository,loadFirstDownload,1,0,0.0,0,0.0,0,2,1,0,1,0,1,0,0.0,1,0,0,1,0.0,1,2.0,0,0,0.0,0,0.0,0.0,31,15,0.0,11,0,11,1,0,7,1,0,0,0,0,0,0,0,0,0,11,0.18181818181818177,11,1.0,11,11,0,0,11,0,0,11,6,1,0,0,0,0,0,11,11,69,1613,1249,18,0,4,12,1.0,84,0,1775,96,382,152,43206
2025-07-11,argo,app.shosetsu.android.domain.repository.impl,DownloadsRepository,loadDownloadCount,1,0,0.0,0,0.0,0,2,1,0,1,0,1,0,0.0,1,0,0,1,0.0,1,2.0,0,0,0.0,0,0.0,0.0,31,15,0.0,11,0,11,1,0,7,1,0,0,0,0,0,0,0,0,0,11,0.18181818181818177,11,1.0,11,11,0,0,11,0,0,11,6,1,0,0,0,0,0,11,11,69,1613,1249,18,0,4,12,1.0,84,0,1775,96,382,152,43206
2025-07-11,argo,app.shosetsu.android.domain.repository.impl,DownloadsRepository,getDownload,1,0,0.0,1,1.0,0,2,1,0,1,0,1,0,0.0,0,0,0,1,0.0,1,2.0,1,0,0.0,0,0.0,0.0,31,15,0.0,11,0,11,1,0,7,1,0,0,0,0,0,0,0,0,0,11,0.18181818181818177,11,1.0,11,11,0,0,11,0,0,11,6,1,0,0,0,0,0,11,11,69,1613,1249,18,0,4,12,1.0,84,0,1775,96,382,152,43206
2025-07-11,argo,app.shosetsu.android.domain.repository.impl,DownloadsRepository,addDownload,1,0,0.0,1,1.0,0,2,1,0,1,0,1,0,0.0,0,0,0,1,0.0,1,2.0,1,0,0.0,0,0.0,0.0,31,15,0.0,11,0,11,1,0,7,1,0,0,0,0,0,0,0,0,0,11,0.18181818181818177,11,1.0,11,11,0,0,11,0,0,11,6,1,0,0,0,0,0,11,11,69,1613,1249,18,0,4,12,1.0,84,0,1775,96,382,152,43206
2025-07-11,argo,app.shosetsu.android.domain.repository.impl,DownloadsRepository,addDownload,1,0,0.0,1,1.0,0,2,1,0,3,0,1,0,0.0,0,0,1,1,0.0,1,2.0,1,1,0.0,0,0.0,0.0,31,15,0.0,11,0,11,1,0,7,1,0,0,0,0,0,0,0,0,0,11,0.18181818181818177,11,1.0,11,11,0,0,11,0,0,11,6,1,0,0,0,0,0,11,11,69,1613,1249,18,0,4,12,1.0,84,0,1775,96,382,152,43206
2025-07-11,argo,app.shosetsu.android.domain.repository.impl,DownloadsRepository,update,1,0,0.0,1,1.0,0,2,1,0,1,0,1,0,0.0,0,0,0,1,0.0,1,2.0,1,0,0.0,0,0.0,0.0,31,15,0.0,11,0,11,1,0,7,1,0,0,0,0,0,0,0,0,0,11,0.18181818181818177,11,1.0,11,11,0,0,11,0,0,11,6,1,0,0,0,0,0,11,11,69,1613,1249,18,0,4,12,1.0,84,0,1775,96,382,152,43206
2025-07-11,argo,app.shosetsu.android.domain.repository.impl,DownloadsRepository,deleteEntity,1,0,0.0,1,1.0,0,2,1,0,1,0,1,0,0.0,0,0,0,1,0.0,1,2.0,1,0,0.0,0,0.0,0.0,31,15,0.0,11,0,11,1,0,7,1,0,0,0,0,0,0,0,0,0,11,0.18181818181818177,11,1.0,11,11,0,0,11,0,0,11,6,1,0,0,0,0,0,11,11,69,1613,1249,18,0,4,12,1.0,84,0,1775,96,382,152,43206
2025-07-11,argo,app.shosetsu.android.domain.repository.impl,DownloadsRepository,deleteEntity,1,0,0.0,1,1.0,0,2,1,0,3,0,1,0,0.0,0,0,1,1,0.0,1,2.0,1,1,0.0,0,0.0,0.0,31,15,0.0,11,0,11,1,0,7,1,0,0,0,0,0,0,0,0,0,11,0.18181818181818177,11,1.0,11,11,0,0,11,0,0,11,6,1,0,0,0,0,0,11,11,69,1613,1249,18,0,4,12,1.0,84,0,1775,96,382,152,43206
2025-07-11,argo,app.shosetsu.android.domain.repository.impl,DownloadsRepository,updateStatus,1,0,0.0,0,0.0,0,2,1,0,3,0,1,0,0.0,1,0,1,3,0.0,0,2.5,2,1,0.0,0,0.0,0.0,31,15,0.0,11,0,11,1,0,7,1,0,0,0,0,0,0,0,0,0,11,0.18181818181818177,11,1.0,11,11,0,0,11,0,0,11,6,1,0,0,0,0,0,11,11,69,1613,1249,18,0,4,12,1.0,84,0,1775,96,382,152,43206
2025-07-11,argo,app.shosetsu.android.domain.repository.impl,DownloadsRepository,setAllPending,1,0,0.0,0,0.0,0,2,1,0,3,0,1,0,0.0,1,0,1,1,0.0,1,2.0,0,1,0.0,0,0.0,0.0,31,15,0.0,11,0,11,1,0,7,1,0,0,0,0,0,0,0,0,0,11,0.18181818181818177,11,1.0,11,11,0,0,11,0,0,11,6,1,0,0,0,0,0,11,11,69,1613,1249,18,0,4,12,1.0,84,0,1775,96,382,152,43206
2025-07-11,argo,app.shosetsu.android.domain.repository.impl,ExtensionDownloadRepository,iGet,1,0,0.0,1,1.0,1,2,1,0,1,0,1,0,0.0,0,0,0,1,0.0,0,2.0,1,0,0.0,0,0.6666666666666666,0.0,21,10,0.75,4,1,5,1,0,3,1,0,1,0,0,1,0,0,0,0,6,0.6,6,1.0,6,5,1,0,5,1,0,5,0,1,0,0,0,0,0,6,6,69,1613,1249,18,0,3,13,1.0,84,0,1775,96,382,152,43206
2025-07-11,argo,app.shosetsu.android.domain.repository.impl,ExtensionDownloadRepository,add,1,0,1.0,0,0.0,1,2,1,0,3,0,1,0,0.5,1,1,1,3,1.0,0,4.0,1,1,0.0,0,0.6666666666666666,0.0,21,10,0.75,4,1,5,1,0,3,1,0,1,0,0,1,0,0,0,0,6,0.6,6,1.0,6,5,1,0,5,1,0,5,0,1,0,0,0,0,0,6,6,69,1613,1249,18,0,3,13,1.0,84,0,1775,96,382,152,43206
2025-07-11,argo,app.shosetsu.android.domain.repository.impl,ExtensionDownloadRepository,remove,1,0,1.0,0,0.0,1,2,1,0,3,0,1,0,0.5,1,1,1,3,1.0,0,4.0,1,1,0.0,0,0.6666666666666666,0.0,21,10,0.75,4,1,5,1,0,3,1,0,1,0,0,1,0,0,0,0,6,0.6,6,1.0,6,5,1,0,5,1,0,5,0,1,0,0,0,0,0,6,6,69,1613,1249,18,0,3,13,1.0,84,0,1775,96,382,152,43206
2025-07-11,argo,app.shosetsu.android.domain.repository.impl,ExtensionDownloadRepository,getStatus,1,0,0.0,0,0.0,1,2,1,0,1,0,1,0,0.5,1,1,0,2,1.0,0,3.0,1,0,0.0,0,0.6666666666666666,0.0,21,10,0.75,4,1,5,1,0,3,1,0,1,0,0,1,0,0,0,0,6,0.6,6,1.0,6,5,1,0,5,1,0,5,0,1,0,0,0,0,0,6,6,69,1613,1249,18,0,3,13,1.0,84,0,1775,96,382,152,43206
2025-07-11,argo,app.shosetsu.android.domain.repository.impl,ExtensionDownloadRepository,getStatusFlow,1,0,0.0,0,0.0,1,2,1,0,1,0,1,0,0.5,1,1,0,2,1.0,2,3.0,1,0,0.0,0,0.6666666666666666,0.0,21,10,0.75,4,1,5,1,0,3,1,0,1,0,0,1,0,0,0,0,6,0.6,6,1.0,6,5,1,0,5,1,0,5,0,1,0,0,0,0,0,6,6,69,1613,1249,18,0,3,13,1.0,84,0,1775,96,382,152,43206
2025-07-11,argo,app.shosetsu.android.domain.repository.impl,ExtensionDownloadRepository,updateStatus,1,0,1.0,0,0.0,1,2,1,0,3,0,1,0,0.3333333333333333,1,1,1,2,0.5,2,3.0,2,1,0.0,0,0.6666666666666666,0.0,21,10,0.75,4,1,5,1,0,3,1,0,1,0,0,1,0,0,0,0,6,0.6,6,1.0,6,5,1,0,5,1,0,5,0,1,0,0,0,0,0,6,6,69,1613,1249,18,0,3,13,1.0,84,0,1775,96,382,152,43206
2025-07-11,argo,app.shosetsu.android.domain.repository.impl,ExtensionEntitiesRepository,get,4,1,0.0,5,0.8,0,6,1,0,9,1,4,1,0.0,1,0,0,11,0.0,1,2.6666666666666665,1,0,0.0,0,0.0,0.25,59,8,0.0,8,0,3,1,0,8,1,0,0,0,0,0,0,0,0,0,9,0.6785714285714286,9,1.125,8,3,0,0,7,1,0,7,1,1,0,0,0,0,0,8,8,69,1613,1249,18,0,1,35,1.625,84,0,1775,96,382,152,43206
2025-07-11,argo,app.shosetsu.android.domain.repository.impl,ExtensionEntitiesRepository,uninstall,1,0,0.0,2,1.0,0,6,1,0,4,0,1,0,0.0,0,0,0,3,0.0,1,2.5,1,0,0.0,0,0.0,0.25,59,8,0.0,8,0,3,1,0,8,1,0,0,0,0,0,0,0,0,0,9,0.6785714285714286,9,1.125,8,3,0,0,7,1,0,7,1,1,0,0,0,0,0,8,8,69,1613,1249,18,0,1,35,1.625,84,0,1775,96,382,152,43206
2025-07-11,argo,app.shosetsu.android.domain.repository.impl,ExtensionEntitiesRepository,save,1,0,0.0,2,1.0,0,6,1,0,4,0,1,0,0.0,0,0,0,2,0.0,1,2.0,3,0,0.0,0,0.0,0.25,59,8,0.0,8,0,3,1,0,8,1,0,0,0,0,0,0,0,0,0,9,0.6785714285714286,9,1.125,8,3,0,0,7,1,0,7,1,1,0,0,0,0,0,8,8,69,1613,1249,18,0,1,35,1.625,84,0,1775,96,382,152,43206
2025-07-11,argo,app.shosetsu.android.domain.repository.impl,ExtensionEntitiesRepository,getInt,1,0,0.0,0,0.0,0,6,1,0,1,0,1,0,0.0,1,0,0,2,0.0,0,2.0,3,0,0.0,0,0.0,0.25,59,8,0.0,8,0,3,1,0,8,1,0,0,0,0,0,0,0,0,0,9,0.6785714285714286,9,1.125,8,3,0,0,7,1,0,7,1,1,0,0,0,0,0,8,8,69,1613,1249,18,0,1,35,1.625,84,0,1775,96,382,152,43206
2025-07-11,argo,app.shosetsu.android.domain.repository.impl,ExtensionEntitiesRepository,getString,1,0,0.0,0,0.0,0,6,1,0,1,0,1,0,0.0,1,0,0,2,0.0,0,2.0,3,0,0.0,0,0.0,0.25,59,8,0.0,8,0,3,1,0,8,1,0,0,0,0,0,0,0,0,0,9,0.6785714285714286,9,1.125,8,3,0,0,7,1,0,7,1,1,0,0,0,0,0,8,8,69,1613,1249,18,0,1,35,1.625,84,0,1775,96,382,152,43206
2025-07-11,argo,app.shosetsu.android.domain.repository.impl,ExtensionEntitiesRepository,getBoolean,1,0,0.0,0,0.0,0,6,1,0,1,0,1,0,0.0,1,0,0,2,0.0,0,2.0,3,0,0.0,0,0.0,0.25,59,8,0.0,8,0,3,1,0,8,1,0,0,0,0,0,0,0,0,0,9,0.6785714285714286,9,1.125,8,3,0,0,7,1,0,7,1,1,0,0,0,0,0,8,8,69,1613,1249,18,0,1,35,1.625,84,0,1775,96,382,152,43206
2025-07-11,argo,app.shosetsu.android.domain.repository.impl,ExtensionEntitiesRepository,getFloat,1,0,0.0,0,0.0,0,6,1,0,1,0,1,0,0.0,1,0,0,2,0.0,0,2.0,3,0,0.0,0,0.0,0.25,59,8,0.0,8,0,3,1,0,8,1,0,0,0,0,0,0,0,0,0,9,0.6785714285714286,9,1.125,8,3,0,0,7,1,0,7,1,1,0,0,0,0,0,8,8,69,1613,1249,18,0,1,35,1.625,84,0,1775,96,382,152,43206
2025-07-11,argo,app.shosetsu.android.domain.repository.impl,ExtensionEntitiesRepository,setSettings,3,0,0.0,3,1.0,0,6,1,0,29,1,3,14,0.0,4,0,1,11,0.0,1,2.1714285714285713,2,1,0.0,0,0.0,0.25,59,8,0.0,8,0,3,1,0,8,1,0,0,0,0,0,0,0,0,0,9,0.6785714285714286,9,1.125,8,3,0,0,7,1,0,7,1,1,0,0,0,0,0,8,8,69,1613,1249,18,0,1,35,1.625,84,0,1775,96,382,152,43206
2025-07-11,argo,app.shosetsu.android.domain.repository.impl,ExtensionLibrariesRepository,loadExtLibByRepo,1,0,0.0,0,0.0,0,0,1,0,1,0,1,0,0.0,1,0,0,1,0.0,1,2.0,1,0,0.0,0,0.0,0.3333333333333333,14,10,0.0,3,0,3,1,0,4,0,0,0,0,0,0,0,0,0,0,3,0.6666666666666667,3,1.0,3,3,0,0,3,0,0,3,2,1,0,0,0,0,0,3,3,69,1613,1249,18,0,0,20,1.0,84,0,1775,96,382,152,43206
2025-07-11,argo,app.shosetsu.android.domain.repository.impl,ExtensionLibrariesRepository,installExtLibrary,1,2,0.0,6,1.0,0,0,1,0,8,0,1,0,0.0,0,0,0,15,0.0,1,2.6666666666666665,2,0,0.0,0,0.0,0.3333333333333333,14,10,0.0,3,0,3,1,0,4,0,0,0,0,0,0,0,0,0,0,3,0.6666666666666667,3,1.0,3,3,0,0,3,0,0,3,2,1,0,0,0,0,0,3,3,69,1613,1249,18,0,0,20,1.0,84,0,1775,96,382,152,43206
2025-07-11,argo,app.shosetsu.android.domain.repository.impl,ExtensionLibrariesRepository,loadExtLibrary,1,0,0.0,1,1.0,0,0,1,0,1,0,1,0,0.0,0,0,0,4,0.0,0,2.3333333333333335,1,0,0.0,0,0.0,0.3333333333333333,14,10,0.0,3,0,3,1,0,4,0,0,0,0,0,0,0,0,0,0,3,0.6666666666666667,3,1.0,3,3,0,0,3,0,0,3,2,1,0,0,0,0,0,3,3,69,1613,1249,18,0,0,20,1.0,84,0,1775,96,382,152,43206
2025-07-11,argo,app.shosetsu.android.domain.repository.impl,ExtensionSettingsRepository,selectedListingKey,1,0,0.0,0,0.0,0,14,1,0,1,0,1,0,0.0,0,0,0,1,0.0,0,0.0,0,0,0.0,0,0.0,0.0,33,2,0.5,16,0,15,1,0,8,0,0,0,0,0,0,0,0,0,0,16,0.5,16,1.0,16,15,0,0,15,1,0,15,0,1,0,0,0,0,0,16,16,69,1613,1249,18,0,0,21,1.0,84,0,1775,96,382,152,43206
2025-07-11,argo,app.shosetsu.android.domain.repository.impl,ExtensionSettingsRepository,getSelectedListing,1,0,0.0,0,0.0,0,14,1,0,1,0,1,1,0.0,2,0,0,1,0.0,1,2.0,1,0,0.0,0,0.0,0.0,33,2,0.5,16,0,15,1,0,8,0,0,0,0,0,0,0,0,0,0,16,0.5,16,1.0,16,15,0,0,15,1,0,15,0,1,0,0,0,0,0,16,16,69,1613,1249,18,0,0,21,1.0,84,0,1775,96,382,152,43206
2025-07-11,argo,app.shosetsu.android.domain.repository.impl,ExtensionSettingsRepository,observeSelectedListing,1,0,1.0,1,1.0,0,14,1,0,1,0,1,1,0.0,1,0,0,2,0.0,2,2.0,1,0,0.0,0,0.0,0.0,33,2,0.5,16,0,15,1,0,8,0,0,0,0,0,0,0,0,0,0,16,0.5,16,1.0,16,15,0,0,15,1,0,15,0,1,0,0,0,0,0,16,16,69,1613,1249,18,0,0,21,1.0,84,0,1775,96,382,152,43206
2025-07-11,argo,app.shosetsu.android.domain.repository.impl,ExtensionSettingsRepository,setSelectedListing,1,0,0.0,0,0.0,0,14,1,0,1,0,1,1,0.0,2,0,0,1,0.0,1,2.0,2,0,0.0,0,0.0,0.0,33,2,0.5,16,0,15,1,0,8,0,0,0,0,0,0,0,0,0,0,16,0.5,16,1.0,16,15,0,0,15,1,0,15,0,1,0,0,0,0,0,16,16,69,1613,1249,18,0,0,21,1.0,84,0,1775,96,382,152,43206
2025-07-11,argo,app.shosetsu.android.domain.repository.impl,ExtensionSettingsRepository,getInt,1,0,0.0,0,0.0,0,14,1,0,1,0,1,0,0.0,1,0,0,1,0.0,1,2.0,3,0,0.0,0,0.0,0.0,33,2,0.5,16,0,15,1,0,8,0,0,0,0,0,0,0,0,0,0,16,0.5,16,1.0,16,15,0,0,15,1,0,15,0,1,0,0,0,0,0,16,16,69,1613,1249,18,0,0,21,1.0,84,0,1775,96,382,152,43206
2025-07-11,argo,app.shosetsu.android.domain.repository.impl,ExtensionSettingsRepository,getString,1,0,0.0,0,0.0,0,14,1,0,1,0,1,0,0.0,1,0,0,1,0.0,1,2.0,3,0,0.0,0,0.0,0.0,33,2,0.5,16,0,15,1,0,8,0,0,0,0,0,0,0,0,0,0,16,0.5,16,1.0,16,15,0,0,15,1,0,15,0,1,0,0,0,0,0,16,16,69,1613,1249,18,0,0,21,1.0,84,0,1775,96,382,152,43206
2025-07-11,argo,app.shosetsu.android.domain.repository.impl,ExtensionSettingsRepository,getBoolean,1,0,0.0,0,0.0,0,14,1,0,1,0,1,0,0.0,1,0,0,1,0.0,1,2.0,3,0,0.0,0,0.0,0.0,33,2,0.5,16,0,15,1,0,8,0,0,0,0,0,0,0,0,0,0,16,0.5,16,1.0,16,15,0,0,15,1,0,15,0,1,0,0,0,0,0,16,16,69,1613,1249,18,0,0,21,1.0,84,0,1775,96,382,152,43206
2025-07-11,argo,app.shosetsu.android.domain.repository.impl,ExtensionSettingsRepository,getFloat,1,0,0.0,0,0.0,0,14,1,0,1,0,1,0,0.0,1,0,0,1,0.0,1,2.0,3,0,0.0,0,0.0,0.0,33,2,0.5,16,0,15,1,0,8,0,0,0,0,0,0,0,0,0,0,16,0.5,16,1.0,16,15,0,0,15,1,0,15,0,1,0,0,0,0,0,16,16,69,1613,1249,18,0,0,21,1.0,84,0,1775,96,382,152,43206
2025-07-11,argo,app.shosetsu.android.domain.repository.impl,ExtensionSettingsRepository,getIntFlow,1,0,0.0,1,1.0,0,14,1,0,1,0,1,0,0.0,0,0,0,2,0.0,2,2.0,3,0,0.0,0,0.0,0.0,33,2,0.5,16,0,15,1,0,8,0,0,0,0,0,0,0,0,0,0,16,0.5,16,1.0,16,15,0,0,15,1,0,15,0,1,0,0,0,0,0,16,16,69,1613,1249,18,0,0,21,1.0,84,0,1775,96,382,152,43206
2025-07-11,argo,app.shosetsu.android.domain.repository.impl,ExtensionSettingsRepository,getStringFlow,1,0,0.0,1,1.0,0,14,1,0,1,0,1,0,0.0,0,0,0,2,0.0,2,2.0,3,0,0.0,0,0.0,0.0,33,2,0.5,16,0,15,1,0,8,0,0,0,0,0,0,0,0,0,0,16,0.5,16,1.0,16,15,0,0,15,1,0,15,0,1,0,0,0,0,0,16,16,69,1613,1249,18,0,0,21,1.0,84,0,1775,96,382,152,43206
2025-07-11,argo,app.shosetsu.android.domain.repository.impl,ExtensionSettingsRepository,getBooleanFlow,1,0,0.0,1,1.0,0,14,1,0,1,0,1,0,0.0,0,0,0,2,0.0,2,2.0,3,0,0.0,0,0.0,0.0,33,2,0.5,16,0,15,1,0,8,0,0,0,0,0,0,0,0,0,0,16,0.5,16,1.0,16,15,0,0,15,1,0,15,0,1,0,0,0,0,0,16,16,69,1613,1249,18,0,0,21,1.0,84,0,1775,96,382,152,43206
2025-07-11,argo,app.shosetsu.android.domain.repository.impl,ExtensionSettingsRepository,getFloatFlow,1,0,0.0,1,1.0,0,14,1,0,1,0,1,0,0.0,0,0,0,2,0.0,2,2.0,3,0,0.0,0,0.0,0.0,33,2,0.5,16,0,15,1,0,8,0,0,0,0,0,0,0,0,0,0,16,0.5,16,1.0,16,15,0,0,15,1,0,15,0,1,0,0,0,0,0,16,16,69,1613,1249,18,0,0,21,1.0,84,0,1775,96,382,152,43206
2025-07-11,argo,app.shosetsu.android.domain.repository.impl,ExtensionSettingsRepository,setInt,1,0,0.0,0,0.0,0,14,1,0,1,0,1,0,0.0,1,0,0,1,0.0,1,2.0,3,0,0.0,0,0.0,0.0,33,2,0.5,16,0,15,1,0,8,0,0,0,0,0,0,0,0,0,0,16,0.5,16,1.0,16,15,0,0,15,1,0,15,0,1,0,0,0,0,0,16,16,69,1613,1249,18,0,0,21,1.0,84,0,1775,96,382,152,43206
2025-07-11,argo,app.shosetsu.android.domain.repository.impl,ExtensionSettingsRepository,setString,1,0,0.0,0,0.0,0,14,1,0,1,0,1,0,0.0,1,0,0,1,0.0,1,2.0,3,0,0.0,0,0.0,0.0,33,2,0.5,16,0,15,1,0,8,0,0,0,0,0,0,0,0,0,0,16,0.5,16,1.0,16,15,0,0,15,1,0,15,0,1,0,0,0,0,0,16,16,69,1613,1249,18,0,0,21,1.0,84,0,1775,96,382,152,43206
2025-07-11,argo,app.shosetsu.android.domain.repository.impl,ExtensionSettingsRepository,setBoolean,1,0,0.0,0,0.0,0,14,1,0,1,0,1,0,0.0,1,0,0,1,0.0,1,2.0,3,0,0.0,0,0.0,0.0,33,2,0.5,16,0,15,1,0,8,0,0,0,0,0,0,0,0,0,0,16,0.5,16,1.0,16,15,0,0,15,1,0,15,0,1,0,0,0,0,0,16,16,69,1613,1249,18,0,0,21,1.0,84,0,1775,96,382,152,43206
2025-07-11,argo,app.shosetsu.android.domain.repository.impl,ExtensionSettingsRepository,setFloat,1,0,0.0,0,0.0,0,14,1,0,1,0,1,0,0.0,1,0,0,1,0.0,1,2.0,3,0,0.0,0,0.0,0.0,33,2,0.5,16,0,15,1,0,8,0,0,0,0,0,0,0,0,0,0,16,0.5,16,1.0,16,15,0,0,15,1,0,15,0,1,0,0,0,0,0,16,16,69,1613,1249,18,0,0,21,1.0,84,0,1775,96,382,152,43206
2025-07-11,argo,app.shosetsu.android.domain.repository.impl,ExtensionsRepository,loadBrowseExtensions,9,4,0.0,9,0.8889,0,5,1,0,17,2,9,0,0.0,0,0,0,30,0.0,2,2.1142857142857143,0,0,0.0,0,0.0,0.13333333333333333,58,37,0.0,15,0,15,1,0,13,1,0,0,0,0,0,0,0,0,0,17,0.37142857142857144,17,1.1333333333333333,15,15,0,0,15,0,0,15,4,1,0,0,0,0,0,15,15,69,1613,1249,18,0,4,50,1.5714285714285714,84,0,1775,96,382,152,43206
2025-07-11,argo,app.shosetsu.android.domain.repository.impl,ExtensionsRepository,loadExtensionsFLow,1,0,0.0,1,1.0,0,5,1,0,1,0,1,0,0.0,0,0,0,2,0.0,2,3.0,0,0,0.0,0,0.0,0.13333333333333333,58,37,0.0,15,0,15,1,0,13,1,0,0,0,0,0,0,0,0,0,17,0.37142857142857144,17,1.1333333333333333,15,15,0,0,15,0,0,15,4,1,0,0,0,0,0,15,15,69,1613,1249,18,0,4,50,1.5714285714285714,84,0,1775,96,382,152,43206
2025-07-11,argo,app.shosetsu.android.domain.repository.impl,ExtensionsRepository,getInstalledExtensionFlow,1,0,0.0,1,1.0,0,5,1,0,1,0,1,0,0.0,0,0,0,2,0.0,2,3.0,1,0,0.0,0,0.0,0.13333333333333333,58,37,0.0,15,0,15,1,0,13,1,0,0,0,0,0,0,0,0,0,17,0.37142857142857144,17,1.1333333333333333,15,15,0,0,15,0,0,15,4,1,0,0,0,0,0,15,15,69,1613,1249,18,0,4,50,1.5714285714285714,84,0,1775,96,382,152,43206
2025-07-11,argo,app.shosetsu.android.domain.repository.impl,ExtensionsRepository,getExtension,1,0,0.0,1,1.0,0,5,1,0,1,0,1,0,0.0,0,0,0,1,0.0,1,2.0,2,0,0.0,0,0.0,0.13333333333333333,58,37,0.0,15,0,15,1,0,13,1,0,0,0,0,0,0,0,0,0,17,0.37142857142857144,17,1.1333333333333333,15,15,0,0,15,0,0,15,4,1,0,0,0,0,0,15,15,69,1613,1249,18,0,4,50,1.5714285714285714,84,0,1775,96,382,152,43206
2025-07-11,argo,app.shosetsu.android.domain.repository.impl,ExtensionsRepository,getInstalledExtension,1,0,0.0,1,1.0,0,5,1,0,1,0,1,0,0.0,0,0,0,1,0.0,1,2.0,1,0,0.0,0,0.0,0.13333333333333333,58,37,0.0,15,0,15,1,0,13,1,0,0,0,0,0,0,0,0,0,17,0.37142857142857144,17,1.1333333333333333,15,15,0,0,15,0,0,15,4,1,0,0,0,0,0,15,15,69,1613,1249,18,0,4,50,1.5714285714285714,84,0,1775,96,382,152,43206
2025-07-11,argo,app.shosetsu.android.domain.repository.impl,ExtensionsRepository,getRepositoryExtensions,1,0,0.0,1,1.0,0,5,1,0,1,0,1,0,0.0,0,0,0,1,0.0,1,2.0,1,0,0.0,0,0.0,0.13333333333333333,58,37,0.0,15,0,15,1,0,13,1,0,0,0,0,0,0,0,0,0,17,0.37142857142857144,17,1.1333333333333333,15,15,0,0,15,0,0,15,4,1,0,0,0,0,0,15,15,69,1613,1249,18,0,4,50,1.5714285714285714,84,0,1775,96,382,152,43206
2025-07-11,argo,app.shosetsu.android.domain.repository.impl,ExtensionsRepository,loadRepositoryExtensions,1,0,0.0,1,1.0,0,5,1,0,1,0,1,0,0.0,0,0,0,1,0.0,1,2.0,0,0,0.0,0,0.0,0.13333333333333333,58,37,0.0,15,0,15,1,0,13,1,0,0,0,0,0,0,0,0,0,17,0.37142857142857144,17,1.1333333333333333,15,15,0,0,15,0,0,15,4,1,0,0,0,0,0,15,15,69,1613,1249,18,0,4,50,1.5714285714285714,84,0,1775,96,382,152,43206
2025-07-11,argo,app.shosetsu.android.domain.repository.impl,ExtensionsRepository,uninstall,1,0,0.0,1,1.0,0,5,1,0,3,0,1,0,0.0,0,0,1,1,0.0,1,2.0,1,1,0.0,0,0.0,0.13333333333333333,58,37,0.0,15,0,15,1,0,13,1,0,0,0,0,0,0,0,0,0,17,0.37142857142857144,17,1.1333333333333333,15,15,0,0,15,0,0,15,4,1,0,0,0,0,0,15,15,69,1613,1249,18,0,4,50,1.5714285714285714,84,0,1775,96,382,152,43206
2025-07-11,argo,app.shosetsu.android.domain.repository.impl,ExtensionsRepository,updateRepositoryExtension,1,0,0.0,1,1.0,0,5,1,0,3,0,1,0,0.0,0,0,1,1,0.0,1,2.0,1,1,0.0,0,0.0,0.13333333333333333,58,37,0.0,15,0,15,1,0,13,1,0,0,0,0,0,0,0,0,0,17,0.37142857142857144,17,1.1333333333333333,15,15,0,0,15,0,0,15,4,1,0,0,0,0,0,15,15,69,1613,1249,18,0,4,50,1.5714285714285714,84,0,1775,96,382,152,43206
2025-07-11,argo,app.shosetsu.android.domain.repository.impl,ExtensionsRepository,updateInstalledExtension,1,0,0.0,1,1.0,0,5,1,0,3,0,1,0,0.0,0,0,1,1,0.0,1,2.0,1,1,0.0,0,0.0,0.13333333333333333,58,37,0.0,15,0,15,1,0,13,1,0,0,0,0,0,0,0,0,0,17,0.37142857142857144,17,1.1333333333333333,15,15,0,0,15,0,0,15,4,1,0,0,0,0,0,15,15,69,1613,1249,18,0,4,50,1.5714285714285714,84,0,1775,96,382,152,43206
2025-07-11,argo,app.shosetsu.android.domain.repository.impl,ExtensionsRepository,delete,1,0,0.0,2,1.0,0,5,1,0,6,0,1,0,0.0,0,0,1,5,0.0,1,2.6666666666666665,1,1,0.0,0,0.0,0.13333333333333333,58,37,0.0,15,0,15,1,0,13,1,0,0,0,0,0,0,0,0,0,17,0.37142857142857144,17,1.1333333333333333,15,15,0,0,15,0,0,15,4,1,0,0,0,0,0,15,15,69,1613,1249,18,0,4,50,1.5714285714285714,84,0,1775,96,382,152,43206
2025-07-11,argo,app.shosetsu.android.domain.repository.impl,ExtensionsRepository,insert,1,0,0.0,0,0.0,0,5,1,0,1,0,1,0,0.0,2,0,0,1,0.0,1,2.0,1,0,0.0,0,0.0,0.13333333333333333,58,37,0.0,15,0,15,1,0,13,1,0,0,0,0,0,0,0,0,0,17,0.37142857142857144,17,1.1333333333333333,15,15,0,0,15,0,0,15,4,1,0,0,0,0,0,15,15,69,1613,1249,18,0,4,50,1.5714285714285714,84,0,1775,96,382,152,43206
2025-07-11,argo,app.shosetsu.android.domain.repository.impl,ExtensionsRepository,insert,1,0,0.0,0,0.0,0,5,1,0,1,0,1,0,0.0,2,0,0,1,0.0,1,2.0,1,0,0.0,0,0.0,0.13333333333333333,58,37,0.0,15,0,15,1,0,13,1,0,0,0,0,0,0,0,0,0,17,0.37142857142857144,17,1.1333333333333333,15,15,0,0,15,0,0,15,4,1,0,0,0,0,0,15,15,69,1613,1249,18,0,4,50,1.5714285714285714,84,0,1775,96,382,152,43206
2025-07-11,argo,app.shosetsu.android.domain.repository.impl,ExtensionsRepository,downloadExtension,1,0,0.0,0,0.0,0,5,1,0,1,0,1,0,0.0,1,0,0,1,0.0,1,2.0,2,0,0.0,0,0.0,0.13333333333333333,58,37,0.0,15,0,15,1,0,13,1,0,0,0,0,0,0,0,0,0,17,0.37142857142857144,17,1.1333333333333333,15,15,0,0,15,0,0,15,4,1,0,0,0,0,0,15,15,69,1613,1249,18,0,4,50,1.5714285714285714,84,0,1775,96,382,152,43206
2025-07-11,argo,app.shosetsu.android.domain.repository.impl,ExtensionsRepository,isExtensionInstalled,1,0,0.0,1,1.0,0,5,1,0,1,0,1,0,0.0,0,0,0,2,0.0,0,3.0,1,0,0.0,0,0.0,0.13333333333333333,58,37,0.0,15,0,15,1,0,13,1,0,0,0,0,0,0,0,0,0,17,0.37142857142857144,17,1.1333333333333333,15,15,0,0,15,0,0,15,4,1,0,0,0,0,0,15,15,69,1613,1249,18,0,4,50,1.5714285714285714,84,0,1775,96,382,152,43206
2025-07-11,argo,app.shosetsu.android.domain.repository.impl,ExtRepoRepository,getRepoData,1,0,0.0,1,1.0,0,2,1,0,1,0,1,0,0.0,0,0,0,1,0.0,1,2.0,1,0,0.0,0,0.0,0.0,19,7,0.14285714285714285,9,0,9,1,0,9,0,0,0,0,0,0,0,0,0,0,9,0.2222222222222222,9,1.0,9,9,0,0,9,0,0,9,3,1,0,0,0,0,0,9,9,69,1613,1249,18,0,0,11,1.0,84,0,1775,96,382,152,43206
2025-07-11,argo,app.shosetsu.android.domain.repository.impl,ExtRepoRepository,loadRepositories,1,0,0.0,0,0.0,0,2,1,0,1,0,1,0,0.0,1,0,0,1,0.0,1,2.0,0,0,0.0,0,0.0,0.0,19,7,0.14285714285714285,9,0,9,1,0,9,0,0,0,0,0,0,0,0,0,0,9,0.2222222222222222,9,1.0,9,9,0,0,9,0,0,9,3,1,0,0,0,0,0,9,9,69,1613,1249,18,0,0,11,1.0,84,0,1775,96,382,152,43206
2025-07-11,argo,app.shosetsu.android.domain.repository.impl,ExtRepoRepository,loadEnabledRepos,1,0,1.0,1,1.0,0,2,1,0,1,0,1,1,0.0,1,0,0,2,0.0,0,2.0,0,0,0.0,0,0.0,0.0,19,7,0.14285714285714285,9,0,9,1,0,9,0,0,0,0,0,0,0,0,0,0,9,0.2222222222222222,9,1.0,9,9,0,0,9,0,0,9,3,1,0,0,0,0,0,9,9,69,1613,1249,18,0,0,11,1.0,84,0,1775,96,382,152,43206
2025-07-11,argo,app.shosetsu.android.domain.repository.impl,ExtRepoRepository,loadRepositoriesLive,1,0,0.0,0,0.0,0,2,1,0,1,0,1,0,0.0,1,0,0,2,0.0,2,3.0,0,0,0.0,0,0.0,0.0,19,7,0.14285714285714285,9,0,9,1,0,9,0,0,0,0,0,0,0,0,0,0,9,0.2222222222222222,9,1.0,9,9,0,0,9,0,0,9,3,1,0,0,0,0,0,9,9,69,1613,1249,18,0,0,11,1.0,84,0,1775,96,382,152,43206
2025-07-11,argo,app.shosetsu.android.domain.repository.impl,ExtRepoRepository,addRepository,1,0,0.0,0,0.0,0,2,1,0,1,0,1,0,0.0,1,0,0,1,0.0,1,2.0,2,0,0.0,0,0.0,0.0,19,7,0.14285714285714285,9,0,9,1,0,9,0,0,0,0,0,0,0,0,0,0,9,0.2222222222222222,9,1.0,9,9,0,0,9,0,0,9,3,1,0,0,0,0,0,9,9,69,1613,1249,18,0,0,11,1.0,84,0,1775,96,382,152,43206
2025-07-11,argo,app.shosetsu.android.domain.repository.impl,ExtRepoRepository,remove,1,0,0.0,0,0.0,0,2,1,0,1,0,1,0,0.0,1,0,0,1,0.0,1,2.0,1,0,0.0,0,0.0,0.0,19,7,0.14285714285714285,9,0,9,1,0,9,0,0,0,0,0,0,0,0,0,0,9,0.2222222222222222,9,1.0,9,9,0,0,9,0,0,9,3,1,0,0,0,0,0,9,9,69,1613,1249,18,0,0,11,1.0,84,0,1775,96,382,152,43206
2025-07-11,argo,app.shosetsu.android.domain.repository.impl,ExtRepoRepository,update,1,0,0.0,0,0.0,0,2,1,0,1,0,1,0,0.0,1,0,0,1,0.0,1,2.0,1,0,0.0,0,0.0,0.0,19,7,0.14285714285714285,9,0,9,1,0,9,0,0,0,0,0,0,0,0,0,0,9,0.2222222222222222,9,1.0,9,9,0,0,9,0,0,9,3,1,0,0,0,0,0,9,9,69,1613,1249,18,0,0,11,1.0,84,0,1775,96,382,152,43206
2025-07-11,argo,app.shosetsu.android.domain.repository.impl,ExtRepoRepository,insert,1,0,0.0,0,0.0,0,2,1,0,1,0,1,0,0.0,1,0,0,1,0.0,1,2.0,1,0,0.0,0,0.0,0.0,19,7,0.14285714285714285,9,0,9,1,0,9,0,0,0,0,0,0,0,0,0,0,9,0.2222222222222222,9,1.0,9,9,0,0,9,0,0,9,3,1,0,0,0,0,0,9,9,69,1613,1249,18,0,0,11,1.0,84,0,1775,96,382,152,43206
2025-07-11,argo,app.shosetsu.android.domain.repository.impl,ExtRepoRepository,getRepo,1,0,0.0,1,1.0,0,2,1,0,1,0,1,0,0.0,0,0,0,1,0.0,1,2.0,1,0,0.0,0,0.0,0.0,19,7,0.14285714285714285,9,0,9,1,0,9,0,0,0,0,0,0,0,0,0,0,9,0.2222222222222222,9,1.0,9,9,0,0,9,0,0,9,3,1,0,0,0,0,0,9,9,69,1613,1249,18,0,0,11,1.0,84,0,1775,96,382,152,43206
2025-07-11,argo,app.shosetsu.android.domain.repository.impl,FakeAppUpdatesRepository,loadAppUpdateFlow,1,0,0.0,1,1.0,0,0,1,0,1,0,1,0,1.0,0,1,0,1,1.0,1,2.0,0,0,0.0,0,0.1,0.4,17,9,0.2,5,1,5,1,0,4,0,0,1,0,0,1,0,0,0,0,5,0.7,5,1.0,5,5,1,0,5,0,0,5,4,1,0,0,0,0,0,5,5,69,1613,1249,18,0,0,13,1.4,84,0,1775,96,382,152,43206
2025-07-11,argo,app.shosetsu.android.domain.repository.impl,FakeAppUpdatesRepository,loadRemoteUpdate,1,0,1.0,0,0.0,0,0,1,0,1,0,1,1,0.0,1,0,0,1,0.0,0,0.0,0,0,0.0,0,0.1,0.4,17,9,0.2,5,1,5,1,0,4,0,0,1,0,0,1,0,0,0,0,5,0.7,5,1.0,5,5,1,0,5,0,0,5,4,1,0,0,0,0,0,5,5,69,1613,1249,18,0,0,13,1.4,84,0,1775,96,382,152,43206
2025-07-11,argo,app.shosetsu.android.domain.repository.impl,FakeAppUpdatesRepository,loadAppUpdate,1,1,0.0,2,1.0,0,0,1,0,5,0,1,0,1.0,0,1,0,5,1.0,1,2.6666666666666665,0,0,0.0,0,0.1,0.4,17,9,0.2,5,1,5,1,0,4,0,0,1,0,0,1,0,0,0,0,5,0.7,5,1.0,5,5,1,0,5,0,0,5,4,1,0,0,0,0,0,5,5,69,1613,1249,18,0,0,13,1.4,84,0,1775,96,382,152,43206
2025-07-11,argo,app.shosetsu.android.domain.repository.impl,FakeAppUpdatesRepository,canSelfUpdate,1,0,0.0,0,0.0,0,0,1,0,1,0,1,0,0.0,0,0,0,0,0.0,0,0.0,0,0,0.0,0,0.1,0.4,17,9,0.2,5,1,5,1,0,4,0,0,1,0,0,1,0,0,0,0,5,0.7,5,1.0,5,5,1,0,5,0,0,5,4,1,0,0,0,0,0,5,5,69,1613,1249,18,0,0,13,1.4,84,0,1775,96,382,152,43206
2025-07-11,argo,app.shosetsu.android.domain.repository.impl,FakeAppUpdatesRepository,downloadAppUpdate,3,0,1.0,1,1.0,0,0,1,0,1,0,3,0,0.0,1,0,0,6,0.0,0,2.2,1,0,0.0,0,0.1,0.4,17,9,0.2,5,1,5,1,0,4,0,0,1,0,0,1,0,0,0,0,5,0.7,5,1.0,5,5,1,0,5,0,0,5,4,1,0,0,0,0,0,5,5,69,1613,1249,18,0,0,13,1.4,84,0,1775,96,382,152,43206
2025-07-11,argo,app.shosetsu.android.domain.repository.impl,NovelReaderSettingsRepository,get,1,0,0.0,0,0.0,0,2,1,0,1,0,1,0,0.0,1,0,0,1,0.0,1,2.0,1,0,0.0,0,0.0,0.0,9,2,0.0,4,0,4,1,0,6,0,0,0,0,0,0,0,0,0,0,4,0.5,4,1.0,4,4,0,0,4,0,0,4,0,1,0,0,0,0,0,4,4,69,1613,1249,18,0,0,5,1.0,84,0,1775,96,382,152,43206
2025-07-11,argo,app.shosetsu.android.domain.repository.impl,NovelReaderSettingsRepository,getFlow,1,0,0.0,0,0.0,0,2,1,0,1,0,1,0,0.0,1,0,0,2,0.0,2,3.0,1,0,0.0,0,0.0,0.0,9,2,0.0,4,0,4,1,0,6,0,0,0,0,0,0,0,0,0,0,4,0.5,4,1.0,4,4,0,0,4,0,0,4,0,1,0,0,0,0,0,4,4,69,1613,1249,18,0,0,5,1.0,84,0,1775,96,382,152,43206
2025-07-11,argo,app.shosetsu.android.domain.repository.impl,NovelReaderSettingsRepository,insert,1,0,0.0,0,0.0,0,2,1,0,1,0,1,0,0.0,1,0,0,1,0.0,1,2.0,1,0,0.0,0,0.0,0.0,9,2,0.0,4,0,4,1,0,6,0,0,0,0,0,0,0,0,0,0,4,0.5,4,1.0,4,4,0,0,4,0,0,4,0,1,0,0,0,0,0,4,4,69,1613,1249,18,0,0,5,1.0,84,0,1775,96,382,152,43206
2025-07-11,argo,app.shosetsu.android.domain.repository.impl,NovelReaderSettingsRepository,update,1,0,0.0,0,0.0,0,2,1,0,1,0,1,0,0.0,1,0,0,1,0.0,1,2.0,1,0,0.0,0,0.0,0.0,9,2,0.0,4,0,4,1,0,6,0,0,0,0,0,0,0,0,0,0,4,0.5,4,1.0,4,4,0,0,4,0,0,4,0,1,0,0,0,0,0,4,4,69,1613,1249,18,0,0,5,1.0,84,0,1775,96,382,152,43206
2025-07-11,argo,app.shosetsu.android.domain.repository.impl,NovelSettingsRepository,get,1,0,0.0,0,0.0,0,2,1,0,1,0,1,0,0.0,1,0,0,1,0.0,1,2.0,1,0,0.0,0,0.0,0.0,9,2,0.0,4,0,4,1,0,6,0,0,0,0,0,0,0,0,0,0,4,0.5,4,1.0,4,4,0,0,4,0,0,4,0,1,0,0,0,0,0,4,4,69,1613,1249,18,0,0,5,1.0,84,0,1775,96,382,152,43206
2025-07-11,argo,app.shosetsu.android.domain.repository.impl,NovelSettingsRepository,getFlow,1,0,0.0,0,0.0,0,2,1,0,1,0,1,0,0.0,1,0,0,2,0.0,2,3.0,1,0,0.0,0,0.0,0.0,9,2,0.0,4,0,4,1,0,6,0,0,0,0,0,0,0,0,0,0,4,0.5,4,1.0,4,4,0,0,4,0,0,4,0,1,0,0,0,0,0,4,4,69,1613,1249,18,0,0,5,1.0,84,0,1775,96,382,152,43206
2025-07-11,argo,app.shosetsu.android.domain.repository.impl,NovelSettingsRepository,update,1,0,0.0,0,0.0,0,2,1,0,1,0,1,0,0.0,1,0,0,1,0.0,1,2.0,1,0,0.0,0,0.0,0.0,9,2,0.0,4,0,4,1,0,6,0,0,0,0,0,0,0,0,0,0,4,0.5,4,1.0,4,4,0,0,4,0,0,4,0,1,0,0,0,0,0,4,4,69,1613,1249,18,0,0,5,1.0,84,0,1775,96,382,152,43206
2025-07-11,argo,app.shosetsu.android.domain.repository.impl,NovelSettingsRepository,insert,1,0,0.0,0,0.0,0,2,1,0,1,0,1,0,0.0,1,0,0,1,0.0,1,2.0,1,0,0.0,0,0.0,0.0,9,2,0.0,4,0,4,1,0,6,0,0,0,0,0,0,0,0,0,0,4,0.5,4,1.0,4,4,0,0,4,0,0,4,0,1,0,0,0,0,0,4,4,69,1613,1249,18,0,0,5,1.0,84,0,1775,96,382,152,43206
2025-07-11,argo,app.shosetsu.android.domain.repository.impl,NovelsRepository,loadLibraryNovelEntities,1,0,0.0,1,1.0,0,4,1,0,1,0,1,0,0.0,0,0,0,3,0.0,3,4.0,0,0,0.0,0,0.0,0.13333333333333333,37,17,0.18181818181818182,15,0,15,1,0,17,1,0,0,0,0,0,0,0,0,0,15,0.37142857142857144,15,1.0,15,15,0,0,15,0,0,15,3,1,0,0,0,0,0,15,15,69,1613,1249,18,0,3,38,1.0,84,0,1775,96,382,152,43206
2025-07-11,argo,app.shosetsu.android.domain.repository.impl,NovelsRepository,loadBookmarkedNovelEntities,1,0,0.0,1,1.0,0,4,1,0,1,0,1,0,0.0,0,0,0,1,0.0,1,2.0,0,0,0.0,0,0.0,0.13333333333333333,37,17,0.18181818181818182,15,0,15,1,0,17,1,0,0,0,0,0,0,0,0,0,15,0.37142857142857144,15,1.0,15,15,0,0,15,0,0,15,3,1,0,0,0,0,0,15,15,69,1613,1249,18,0,3,38,1.0,84,0,1775,96,382,152,43206
2025-07-11,argo,app.shosetsu.android.domain.repository.impl,NovelsRepository,loadNovels,1,0,0.0,0,0.0,0,4,1,0,1,0,1,0,0.0,1,0,0,1,0.0,1,2.0,0,0,0.0,0,0.0,0.13333333333333333,37,17,0.18181818181818182,15,0,15,1,0,17,1,0,0,0,0,0,0,0,0,0,15,0.37142857142857144,15,1.0,15,15,0,0,15,0,0,15,3,1,0,0,0,0,0,15,15,69,1613,1249,18,0,3,38,1.0,84,0,1775,96,382,152,43206
2025-07-11,argo,app.shosetsu.android.domain.repository.impl,NovelsRepository,update,1,0,0.0,0,0.0,0,4,1,0,1,0,1,0,0.0,1,0,0,1,0.0,1,2.0,1,0,0.0,0,0.0,0.13333333333333333,37,17,0.18181818181818182,15,0,15,1,0,17,1,0,0,0,0,0,0,0,0,0,15,0.37142857142857144,15,1.0,15,15,0,0,15,0,0,15,3,1,0,0,0,0,0,15,15,69,1613,1249,18,0,3,38,1.0,84,0,1775,96,382,152,43206
2025-07-11,argo,app.shosetsu.android.domain.repository.impl,NovelsRepository,insertReturnStripped,1,0,0.0,0,0.0,0,4,1,0,1,0,1,0,0.0,1,0,0,1,0.0,1,2.0,1,0,0.0,0,0.0,0.13333333333333333,37,17,0.18181818181818182,15,0,15,1,0,17,1,0,0,0,0,0,0,0,0,0,15,0.37142857142857144,15,1.0,15,15,0,0,15,0,0,15,3,1,0,0,0,0,0,15,15,69,1613,1249,18,0,3,38,1.0,84,0,1775,96,382,152,43206
2025-07-11,argo,app.shosetsu.android.domain.repository.impl,NovelsRepository,insert,1,0,0.0,0,0.0,0,4,1,0,1,0,1,0,0.0,1,0,0,1,0.0,1,2.0,1,0,0.0,0,0.0,0.13333333333333333,37,17,0.18181818181818182,15,0,15,1,0,17,1,0,0,0,0,0,0,0,0,0,15,0.37142857142857144,15,1.0,15,15,0,0,15,0,0,15,3,1,0,0,0,0,0,15,15,69,1613,1249,18,0,3,38,1.0,84,0,1775,96,382,152,43206
2025-07-11,argo,app.shosetsu.android.domain.repository.impl,NovelsRepository,searchBookmarked,1,0,0.0,0,0.0,0,4,1,0,1,0,1,0,0.0,1,0,0,1,0.0,1,2.0,1,0,0.0,0,0.0,0.13333333333333333,37,17,0.18181818181818182,15,0,15,1,0,17,1,0,0,0,0,0,0,0,0,0,15,0.37142857142857144,15,1.0,15,15,0,0,15,0,0,15,3,1,0,0,0,0,0,15,15,69,1613,1249,18,0,3,38,1.0,84,0,1775,96,382,152,43206
2025-07-11,argo,app.shosetsu.android.domain.repository.impl,NovelsRepository,getNovel,1,0,0.0,0,0.0,0,4,1,0,1,0,1,0,0.0,1,0,0,1,0.0,1,2.0,1,0,0.0,0,0.0,0.13333333333333333,37,17,0.18181818181818182,15,0,15,1,0,17,1,0,0,0,0,0,0,0,0,0,15,0.37142857142857144,15,1.0,15,15,0,0,15,0,0,15,3,1,0,0,0,0,0,15,15,69,1613,1249,18,0,3,38,1.0,84,0,1775,96,382,152,43206
2025-07-11,argo,app.shosetsu.android.domain.repository.impl,NovelsRepository,getNovelFlow,1,0,0.0,0,0.0,0,4,1,0,1,0,1,0,0.0,1,0,0,2,0.0,2,3.0,1,0,0.0,0,0.0,0.13333333333333333,37,17,0.18181818181818182,15,0,15,1,0,17,1,0,0,0,0,0,0,0,0,0,15,0.37142857142857144,15,1.0,15,15,0,0,15,0,0,15,3,1,0,0,0,0,0,15,15,69,1613,1249,18,0,3,38,1.0,84,0,1775,96,382,152,43206
2025-07-11,argo,app.shosetsu.android.domain.repository.impl,NovelsRepository,updateNovelData,1,0,1.0,0,0.0,0,4,1,0,3,0,1,0,0.0,1,0,1,15,0.0,0,2.5,2,1,0.0,0,0.0,0.13333333333333333,37,17,0.18181818181818182,15,0,15,1,0,17,1,0,0,0,0,0,0,0,0,0,15,0.37142857142857144,15,1.0,15,15,0,0,15,0,0,15,3,1,0,0,0,0,0,15,15,69,1613,1249,18,0,3,38,1.0,84,0,1775,96,382,152,43206
2025-07-11,argo,app.shosetsu.android.domain.repository.impl,NovelsRepository,updateLibraryNovelEntity,1,0,1.0,0,0.0,0,4,1,0,3,0,1,0,0.0,1,0,1,1,0.0,1,2.0,1,1,0.0,0,0.0,0.13333333333333333,37,17,0.18181818181818182,15,0,15,1,0,17,1,0,0,0,0,0,0,0,0,0,15,0.37142857142857144,15,1.0,15,15,0,0,15,0,0,15,3,1,0,0,0,0,0,15,15,69,1613,1249,18,0,3,38,1.0,84,0,1775,96,382,152,43206
2025-07-11,argo,app.shosetsu.android.domain.repository.impl,NovelsRepository,retrieveNovelInfo,1,0,0.0,1,1.0,0,4,1,0,1,0,1,0,0.0,0,0,0,7,0.0,0,2.1666666666666665,3,0,0.0,0,0.0,0.13333333333333333,37,17,0.18181818181818182,15,0,15,1,0,17,1,0,0,0,0,0,0,0,0,0,15,0.37142857142857144,15,1.0,15,15,0,0,15,0,0,15,3,1,0,0,0,0,0,15,15,69,1613,1249,18,0,3,38,1.0,84,0,1775,96,382,152,43206
2025-07-11,argo,app.shosetsu.android.domain.repository.impl,NovelsRepository,clearUnBookmarkedNovels,1,0,0.0,0,0.0,0,4,1,0,3,0,1,0,0.0,1,0,1,1,0.0,1,2.0,0,1,0.0,0,0.0,0.13333333333333333,37,17,0.18181818181818182,15,0,15,1,0,17,1,0,0,0,0,0,0,0,0,0,15,0.37142857142857144,15,1.0,15,15,0,0,15,0,0,15,3,1,0,0,0,0,0,15,15,69,1613,1249,18,0,3,38,1.0,84,0,1775,96,382,152,43206
2025-07-11,argo,app.shosetsu.android.domain.repository.impl,NovelsRepository,getCatalogueSearch,1,0,0.0,1,1.0,0,4,1,0,1,0,1,0,0.0,0,0,0,1,0.0,1,2.0,3,0,0.0,0,0.0,0.13333333333333333,37,17,0.18181818181818182,15,0,15,1,0,17,1,0,0,0,0,0,0,0,0,0,15,0.37142857142857144,15,1.0,15,15,0,0,15,0,0,15,3,1,0,0,0,0,0,15,15,69,1613,1249,18,0,3,38,1.0,84,0,1775,96,382,152,43206
2025-07-11,argo,app.shosetsu.android.domain.repository.impl,NovelsRepository,getCatalogueData,1,0,0.0,1,1.0,0,4,1,0,1,0,1,0,0.0,0,0,0,1,0.0,1,2.0,3,0,0.0,0,0.0,0.13333333333333333,37,17,0.18181818181818182,15,0,15,1,0,17,1,0,0,0,0,0,0,0,0,0,15,0.37142857142857144,15,1.0,15,15,0,0,15,0,0,15,3,1,0,0,0,0,0,15,15,69,1613,1249,18,0,3,38,1.0,84,0,1775,96,382,152,43206
2025-07-11,argo,app.shosetsu.android.domain.repository.impl,SettingsRepository,getLongFlow,1,0,0.0,1,1.0,0,18,1,0,1,0,1,0,0.0,0,0,0,2,0.0,2,2.0,1,0,0.0,0,0.0,0.0,41,0,0.0,18,0,18,1,0,19,0,0,1,0,0,1,1,1,0,0,18,0.47058823529411764,18,1.0,18,18,0,0,18,0,0,18,0,1,0,0,0,0,0,18,18,69,1613,1249,18,0,0,24,1.0,84,0,1775,96,382,152,43206
2025-07-11,argo,app.shosetsu.android.domain.repository.impl,SettingsRepository,getStringFlow,1,0,0.0,1,1.0,0,18,1,0,1,0,1,0,0.0,0,0,0,2,0.0,2,2.0,1,0,0.0,0,0.0,0.0,41,0,0.0,18,0,18,1,0,19,0,0,1,0,0,1,1,1,0,0,18,0.47058823529411764,18,1.0,18,18,0,0,18,0,0,18,0,1,0,0,0,0,0,18,18,69,1613,1249,18,0,0,24,1.0,84,0,1775,96,382,152,43206
2025-07-11,argo,app.shosetsu.android.domain.repository.impl,SettingsRepository,getIntFlow,1,0,0.0,1,1.0,0,18,1,0,1,0,1,0,0.0,0,0,0,2,0.0,2,2.0,1,0,0.0,0,0.0,0.0,41,0,0.0,18,0,18,1,0,19,0,0,1,0,0,1,1,1,0,0,18,0.47058823529411764,18,1.0,18,18,0,0,18,0,0,18,0,1,0,0,0,0,0,18,18,69,1613,1249,18,0,0,24,1.0,84,0,1775,96,382,152,43206
2025-07-11,argo,app.shosetsu.android.domain.repository.impl,SettingsRepository,getBooleanFlow,1,0,0.0,1,1.0,0,18,1,0,1,0,1,0,0.0,0,0,0,2,0.0,2,2.0,1,0,0.0,0,0.0,0.0,41,0,0.0,18,0,18,1,0,19,0,0,1,0,0,1,1,1,0,0,18,0.47058823529411764,18,1.0,18,18,0,0,18,0,0,18,0,1,0,0,0,0,0,18,18,69,1613,1249,18,0,0,24,1.0,84,0,1775,96,382,152,43206
2025-07-11,argo,app.shosetsu.android.domain.repository.impl,SettingsRepository,getStringSetFlow,1,0,0.0,1,1.0,0,18,1,0,1,0,1,0,0.0,0,0,0,2,0.0,2,2.0,1,0,0.0,0,0.0,0.0,41,0,0.0,18,0,18,1,0,19,0,0,1,0,0,1,1,1,0,0,18,0.47058823529411764,18,1.0,18,18,0,0,18,0,0,18,0,1,0,0,0,0,0,18,18,69,1613,1249,18,0,0,24,1.0,84,0,1775,96,382,152,43206
2025-07-11,argo,app.shosetsu.android.domain.repository.impl,SettingsRepository,getFloatFlow,1,0,0.0,1,1.0,0,18,1,0,1,0,1,0,0.0,0,0,0,2,0.0,2,2.0,1,0,0.0,0,0.0,0.0,41,0,0.0,18,0,18,1,0,19,0,0,1,0,0,1,1,1,0,0,18,0.47058823529411764,18,1.0,18,18,0,0,18,0,0,18,0,1,0,0,0,0,0,18,18,69,1613,1249,18,0,0,24,1.0,84,0,1775,96,382,152,43206
2025-07-11,argo,app.shosetsu.android.domain.repository.impl,SettingsRepository,getLong,1,0,0.0,0,0.0,0,18,1,0,1,0,1,0,0.0,1,0,0,1,0.0,1,2.0,1,0,0.0,0,0.0,0.0,41,0,0.0,18,0,18,1,0,19,0,0,1,0,0,1,1,1,0,0,18,0.47058823529411764,18,1.0,18,18,0,0,18,0,0,18,0,1,0,0,0,0,0,18,18,69,1613,1249,18,0,0,24,1.0,84,0,1775,96,382,152,43206
2025-07-11,argo,app.shosetsu.android.domain.repository.impl,SettingsRepository,getString,1,0,0.0,0,0.0,0,18,1,0,1,0,1,0,0.0,1,0,0,1,0.0,1,2.0,1,0,0.0,0,0.0,0.0,41,0,0.0,18,0,18,1,0,19,0,0,1,0,0,1,1,1,0,0,18,0.47058823529411764,18,1.0,18,18,0,0,18,0,0,18,0,1,0,0,0,0,0,18,18,69,1613,1249,18,0,0,24,1.0,84,0,1775,96,382,152,43206
2025-07-11,argo,app.shosetsu.android.domain.repository.impl,SettingsRepository,getInt,1,0,0.0,0,0.0,0,18,1,0,1,0,1,0,0.0,1,0,0,1,0.0,1,2.0,1,0,0.0,0,0.0,0.0,41,0,0.0,18,0,18,1,0,19,0,0,1,0,0,1,1,1,0,0,18,0.47058823529411764,18,1.0,18,18,0,0,18,0,0,18,0,1,0,0,0,0,0,18,18,69,1613,1249,18,0,0,24,1.0,84,0,1775,96,382,152,43206
2025-07-11,argo,app.shosetsu.android.domain.repository.impl,SettingsRepository,getBoolean,1,0,0.0,0,0.0,0,18,1,0,1,0,1,0,0.0,1,0,0,1,0.0,1,2.0,1,0,0.0,0,0.0,0.0,41,0,0.0,18,0,18,1,0,19,0,0,1,0,0,1,1,1,0,0,18,0.47058823529411764,18,1.0,18,18,0,0,18,0,0,18,0,1,0,0,0,0,0,18,18,69,1613,1249,18,0,0,24,1.0,84,0,1775,96,382,152,43206
2025-07-11,argo,app.shosetsu.android.domain.repository.impl,SettingsRepository,getStringSet,1,0,0.0,0,0.0,0,18,1,0,1,0,1,0,0.0,1,0,0,1,0.0,1,2.0,1,0,0.0,0,0.0,0.0,41,0,0.0,18,0,18,1,0,19,0,0,1,0,0,1,1,1,0,0,18,0.47058823529411764,18,1.0,18,18,0,0,18,0,0,18,0,1,0,0,0,0,0,18,18,69,1613,1249,18,0,0,24,1.0,84,0,1775,96,382,152,43206
2025-07-11,argo,app.shosetsu.android.domain.repository.impl,SettingsRepository,getFloat,1,0,0.0,0,0.0,0,18,1,0,1,0,1,0,0.0,1,0,0,1,0.0,1,2.0,1,0,0.0,0,0.0,0.0,41,0,0.0,18,0,18,1,0,19,0,0,1,0,0,1,1,1,0,0,18,0.47058823529411764,18,1.0,18,18,0,0,18,0,0,18,0,1,0,0,0,0,0,18,18,69,1613,1249,18,0,0,24,1.0,84,0,1775,96,382,152,43206
2025-07-11,argo,app.shosetsu.android.domain.repository.impl,SettingsRepository,setLong,1,0,0.0,0,0.0,0,18,1,0,1,0,1,0,0.0,1,0,0,1,0.0,1,2.0,2,0,0.0,0,0.0,0.0,41,0,0.0,18,0,18,1,0,19,0,0,1,0,0,1,1,1,0,0,18,0.47058823529411764,18,1.0,18,18,0,0,18,0,0,18,0,1,0,0,0,0,0,18,18,69,1613,1249,18,0,0,24,1.0,84,0,1775,96,382,152,43206
2025-07-11,argo,app.shosetsu.android.domain.repository.impl,SettingsRepository,setString,1,0,0.0,0,0.0,0,18,1,0,1,0,1,0,0.0,1,0,0,1,0.0,1,2.0,2,0,0.0,0,0.0,0.0,41,0,0.0,18,0,18,1,0,19,0,0,1,0,0,1,1,1,0,0,18,0.47058823529411764,18,1.0,18,18,0,0,18,0,0,18,0,1,0,0,0,0,0,18,18,69,1613,1249,18,0,0,24,1.0,84,0,1775,96,382,152,43206
2025-07-11,argo,app.shosetsu.android.domain.repository.impl,SettingsRepository,setInt,1,0,0.0,0,0.0,0,18,1,0,1,0,1,0,0.0,1,0,0,1,0.0,1,2.0,2,0,0.0,0,0.0,0.0,41,0,0.0,18,0,18,1,0,19,0,0,1,0,0,1,1,1,0,0,18,0.47058823529411764,18,1.0,18,18,0,0,18,0,0,18,0,1,0,0,0,0,0,18,18,69,1613,1249,18,0,0,24,1.0,84,0,1775,96,382,152,43206
2025-07-11,argo,app.shosetsu.android.domain.repository.impl,SettingsRepository,setBoolean,1,0,0.0,0,0.0,0,18,1,0,1,0,1,0,0.0,1,0,0,1,0.0,1,2.0,2,0,0.0,0,0.0,0.0,41,0,0.0,18,0,18,1,0,19,0,0,1,0,0,1,1,1,0,0,18,0.47058823529411764,18,1.0,18,18,0,0,18,0,0,18,0,1,0,0,0,0,0,18,18,69,1613,1249,18,0,0,24,1.0,84,0,1775,96,382,152,43206
2025-07-11,argo,app.shosetsu.android.domain.repository.impl,SettingsRepository,setStringSet,1,0,0.0,0,0.0,0,18,1,0,1,0,1,0,0.0,1,0,0,1,0.0,1,2.0,2,0,0.0,0,0.0,0.0,41,0,0.0,18,0,18,1,0,19,0,0,1,0,0,1,1,1,0,0,18,0.47058823529411764,18,1.0,18,18,0,0,18,0,0,18,0,1,0,0,0,0,0,18,18,69,1613,1249,18,0,0,24,1.0,84,0,1775,96,382,152,43206
2025-07-11,argo,app.shosetsu.android.domain.repository.impl,SettingsRepository,setFloat,1,0,0.0,0,0.0,0,18,1,0,1,0,1,0,0.0,1,0,0,1,0.0,1,2.0,2,0,0.0,0,0.0,0.0,41,0,0.0,18,0,18,1,0,19,0,0,1,0,0,1,1,1,0,0,18,0.47058823529411764,18,1.0,18,18,0,0,18,0,0,18,0,1,0,0,0,0,0,18,18,69,1613,1249,18,0,0,24,1.0,84,0,1775,96,382,152,43206
2025-07-11,argo,app.shosetsu.android.domain.repository.impl,TempChapterHistoryRepository,markChapterAsRead,1,0,0.0,1,1.0,1,1,1,0,3,0,1,0,0.5,0,1,0,7,1.0,0,2.1666666666666665,1,0,0.0,0,1.0,1.0,19,6,0.0,2,2,3,1,0,3,0,0,1,0,0,2,0,0,0,0,4,0.6666666666666667,4,1.3333333333333333,3,3,2,0,3,0,0,3,0,1,0,0,0,0,0,3,3,69,1613,1249,18,0,0,21,1.3333333333333333,84,0,1775,96,382,152,43206
2025-07-11,argo,app.shosetsu.android.domain.repository.impl,TempChapterHistoryRepository,markChapterAsReading,1,0,0.0,1,1.0,1,1,1,0,3,0,1,0,0.5,0,1,0,7,1.0,0,2.1666666666666665,1,0,0.0,0,1.0,1.0,19,6,0.0,2,2,3,1,0,3,0,0,1,0,0,2,0,0,0,0,4,0.6666666666666667,4,1.3333333333333333,3,3,2,0,3,0,0,3,0,1,0,0,0,0,0,3,3,69,1613,1249,18,0,0,21,1.3333333333333333,84,0,1775,96,382,152,43206
2025-07-11,argo,app.shosetsu.android.domain.repository.impl,TempChapterHistoryRepository,getLastRead,2,1,0.0,2,1.0,1,1,1,0,5,1,2,0,0.3333333333333333,0,1,0,7,1.0,1,2.25,1,0,0.0,0,1.0,1.0,19,6,0.0,2,2,3,1,0,3,0,0,1,0,0,2,0,0,0,0,4,0.6666666666666667,4,1.3333333333333333,3,3,2,0,3,0,0,3,0,1,0,0,0,0,0,3,3,69,1613,1249,18,0,0,21,1.3333333333333333,84,0,1775,96,382,152,43206
2025-07-11,argo,app.shosetsu.android.domain.repository.impl,UpdatesRepository,addUpdates,1,0,0.0,1,1.0,0,2,1,0,1,0,1,0,0.0,0,0,0,1,0.0,1,2.0,1,0,0.0,0,0.0,0.0,7,1,0.0,3,0,3,1,0,4,0,0,0,0,0,0,0,0,0,0,3,1.0,3,1.0,3,3,0,0,3,0,0,3,0,1,0,0,0,0,0,3,3,69,1613,1249,18,0,0,6,1.0,84,0,1775,96,382,152,43206
2025-07-11,argo,app.shosetsu.android.domain.repository.impl,UpdatesRepository,getUpdatesFlow,1,0,0.0,1,1.0,0,2,1,0,1,0,1,0,0.0,0,0,0,2,0.0,2,3.0,0,0,0.0,0,0.0,0.0,7,1,0.0,3,0,3,1,0,4,0,0,0,0,0,0,0,0,0,0,3,1.0,3,1.0,3,3,0,0,3,0,0,3,0,1,0,0,0,0,0,3,3,69,1613,1249,18,0,0,6,1.0,84,0,1775,96,382,152,43206
2025-07-11,argo,app.shosetsu.android.domain.repository.impl,UpdatesRepository,getCompleteUpdatesFlow,1,0,0.0,1,1.0,0,2,1,0,1,0,1,0,0.0,0,0,0,3,0.0,3,4.0,0,0,0.0,0,0.0,0.0,7,1,0.0,3,0,3,1,0,4,0,0,0,0,0,0,0,0,0,0,3,1.0,3,1.0,3,3,0,0,3,0,0,3,0,1,0,0,0,0,0,3,3,69,1613,1249,18,0,0,6,1.0,84,0,1775,96,382,152,43206
2025-07-11,argo,app.shosetsu.android.domain.usecases,AddRepositoryUseCase,invoke,1,0,0.0,1,1.0,0,0,1,0,1,0,1,0,0.0,0,0,0,1,0.0,1,2.0,2,0,0.0,0,0.0,0.0,3,1,0.0,1,0,0,0,0,1,0,0,0,0,0,0,0,0,0,0,1,0.0,1,1.0,1,0,0,0,1,0,0,1,0,1,0,0,0,0,0,1,1,69,1613,1249,17,0,0,1,1.0,27,0,870,96,382,27,43206
2025-07-11,argo,app.shosetsu.android.domain.usecases,CanAppSelfUpdateUseCase,invoke,1,0,0.0,1,1.0,0,0,1,0,1,0,1,0,0.0,0,0,0,1,0.0,1,2.0,0,0,0.0,0,0.0,0.0,3,1,0.0,1,0,0,0,0,1,0,0,0,0,0,0,0,0,0,0,1,0.0,1,1.0,1,0,0,0,1,0,0,1,0,1,0,0,0,0,0,1,1,69,1613,1249,17,0,0,1,1.0,27,0,870,96,382,27,43206
2025-07-11,argo,app.shosetsu.android.domain.usecases,CancelExtensionInstallUseCase,invoke,1,0,0.0,1,1.0,0,0,1,0,3,0,1,0,0.0,0,0,1,2,0.0,0,3.0,1,1,0.0,0,0.0,0.0,5,3,0.0,1,0,0,0,0,1,1,0,0,0,0,0,0,0,0,0,1,0.0,1,1.0,1,0,0,0,1,0,0,1,0,1,0,0,0,0,0,1,1,69,1613,1249,17,0,1,2,1.0,27,0,870,96,382,27,43206
2025-07-11,argo,app.shosetsu.android.domain.usecases,DownloadChapterPassageUseCase,invoke,6,2,0.0,6,1.0,0,0,1,0,12,1,6,0,0.0,0,0,1,13,0.0,1,2.5,1,1,0.0,0,0.0,0.3333333333333333,20,16,0.0,3,0,0,0,0,3,2,0,0,0,0,0,0,0,0,0,5,1.0,5,1.6666666666666667,3,0,0,0,3,0,0,3,0,1,0,0,0,0,0,3,3,69,1613,1249,17,0,1,2,1.0,27,0,870,96,382,27,43206
2025-07-11,argo,app.shosetsu.android.domain.usecases,DownloadChapterPassageUseCase,invoke,1,0,0.0,1,1.0,0,0,1,0,1,0,1,3,0.0,3,0,0,1,0.0,1,2.0,1,0,0.0,0,0.0,0.3333333333333333,20,16,0.0,3,0,0,0,0,3,2,0,0,0,0,0,0,0,0,0,5,1.0,5,1.6666666666666667,3,0,0,0,3,0,0,3,0,1,0,0,0,0,0,3,3,69,1613,1249,17,0,1,2,1.0,27,0,870,96,382,27,43206
2025-07-11,argo,app.shosetsu.android.domain.usecases,DownloadChapterPassageUseCase,invoke,1,0,0.0,1,1.0,0,0,1,0,3,0,1,3,0.0,3,0,1,2,0.0,0,2.0,1,1,0.0,0,0.0,0.3333333333333333,20,16,0.0,3,0,0,0,0,3,2,0,0,0,0,0,0,0,0,0,5,1.0,5,1.6666666666666667,3,0,0,0,3,0,0,3,0,1,0,0,0,0,0,3,3,69,1613,1249,17,0,1,2,1.0,27,0,870,96,382,27,43206
2025-07-11,argo,app.shosetsu.android.domain.usecases,ForceInsertRepositoryUseCase,invoke,1,0,0.0,1,1.0,0,0,1,0,1,0,1,0,0.0,0,0,0,2,0.0,0,3.0,1,0,0.0,0,0.0,0.0,3,1,0.0,1,0,0,0,0,1,0,0,0,0,0,0,0,0,0,0,1,0.0,1,1.0,1,0,0,0,1,0,0,1,0,1,0,0,0,0,0,1,1,69,1613,1249,17,0,0,2,1.0,27,0,870,96,382,27,43206
2025-07-11,argo,app.shosetsu.android.domain.usecases,InstallExtensionUseCase,invoke,6,6,0.0,9,1.0,0,0,1,0,21,2,6,0,0.0,0,0,1,29,0.0,1,2.15625,1,1,0.0,0,0.0,1.0,23,21,0.0,1,0,0,0,0,2,1,0,0,0,0,0,0,0,0,0,4,0.0,4,4.0,1,0,0,0,1,0,0,1,0,1,0,0,0,0,0,1,1,69,1613,1249,17,0,1,29,6.0,27,0,870,96,382,27,43206
2025-07-11,argo,app.shosetsu.android.domain.usecases,IsOnlineUseCase,invoke,7,3,0.0,5,1.0,0,0,1,0,24,2,7,0,1.0,0,1,0,8,0.5,1,2.125,0,0,0.0,0,0.0,1.0,28,24,0.0,1,1,0,0,0,1,0,0,1,0,0,1,0,0,0,0,2,0.0,2,2.0,1,0,1,0,1,0,0,1,0,1,0,0,0,0,0,1,1,69,1613,1249,17,0,0,8,7.0,27,0,870,96,382,27,43206
2025-07-11,argo,app.shosetsu.android.domain.usecases,NovelBackgroundAddUseCase,invoke,1,0,0.0,1,1.0,0,0,1,0,3,0,1,0,0.0,0,0,0,4,0.0,0,2.3333333333333335,1,0,0.0,0,0.0,1.0,5,3,0.0,1,0,0,0,0,1,0,0,0,0,0,0,0,0,0,0,1,0.0,1,1.0,1,0,0,0,1,0,0,1,0,1,0,0,0,0,0,1,1,69,1613,1249,17,0,0,4,1.0,27,0,870,96,382,27,43206
2025-07-11,argo,app.shosetsu.android.domain.usecases,PurgeNovelCacheUseCase,invoke,1,0,0.0,1,1.0,0,0,1,0,4,0,1,0,0.0,0,0,1,2,0.0,1,2.0,0,1,0.0,0,0.0,0.0,6,4,0.0,1,0,0,0,0,0,1,0,0,0,0,0,0,0,0,0,1,0.0,1,1.0,1,0,0,0,1,0,0,1,0,1,0,0,0,0,0,1,1,69,1613,1249,17,0,1,2,1.0,27,0,870,96,382,27,43206
2025-07-11,argo,app.shosetsu.android.domain.usecases,RecordChapterIsReadingUseCase,invoke,1,0,0.0,1,1.0,0,0,1,0,3,0,1,0,0.0,0,0,1,1,0.0,1,2.0,1,1,0.0,0,0.0,0.0,15,10,0.0,4,0,0,0,0,4,2,0,0,0,0,0,0,0,0,0,4,0.8333333333333334,4,1.0,4,0,0,0,4,0,0,4,0,1,0,0,0,0,0,4,4,69,1613,1249,17,0,1,1,1.0,27,0,870,96,382,27,43206
2025-07-11,argo,app.shosetsu.android.domain.usecases,RecordChapterIsReadingUseCase,invoke,1,0,0.0,1,1.0,0,0,1,0,1,0,1,4,0.0,4,0,0,3,0.0,0,4.0,1,0,0.0,0,0.0,0.0,15,10,0.0,4,0,0,0,0,4,2,0,0,0,0,0,0,0,0,0,4,0.8333333333333334,4,1.0,4,0,0,0,4,0,0,4,0,1,0,0,0,0,0,4,4,69,1613,1249,17,0,1,1,1.0,27,0,870,96,382,27,43206
2025-07-11,argo,app.shosetsu.android.domain.usecases,RecordChapterIsReadingUseCase,invoke,1,0,0.0,1,1.0,0,0,1,0,3,0,1,4,0.0,4,0,1,1,0.0,1,2.0,1,1,0.0,0,0.0,0.0,15,10,0.0,4,0,0,0,0,4,2,0,0,0,0,0,0,0,0,0,4,0.8333333333333334,4,1.0,4,0,0,0,4,0,0,4,0,1,0,0,0,0,0,4,4,69,1613,1249,17,0,1,1,1.0,27,0,870,96,382,27,43206
2025-07-11,argo,app.shosetsu.android.domain.usecases,RecordChapterIsReadingUseCase,invoke,1,0,0.0,1,1.0,0,0,1,0,3,0,1,4,0.0,4,0,1,1,0.0,1,2.0,1,1,0.0,0,0.0,0.0,15,10,0.0,4,0,0,0,0,4,2,0,0,0,0,0,0,0,0,0,4,0.8333333333333334,4,1.0,4,0,0,0,4,0,0,4,0,1,0,0,0,0,0,4,4,69,1613,1249,17,0,1,1,1.0,27,0,870,96,382,27,43206
2025-07-11,argo,app.shosetsu.android.domain.usecases,RecordChapterIsReadUseCase,invoke,1,0,0.0,1,1.0,0,0,1,0,3,0,1,0,0.0,0,0,1,1,0.0,1,2.0,1,1,0.0,0,0.0,0.0,15,10,0.0,4,0,0,0,0,4,2,0,0,0,0,0,0,0,0,0,4,0.8333333333333334,4,1.0,4,0,0,0,4,0,0,4,0,1,0,0,0,0,0,4,4,69,1613,1249,17,0,1,1,1.0,27,0,870,96,382,27,43206
2025-07-11,argo,app.shosetsu.android.domain.usecases,RecordChapterIsReadUseCase,invoke,1,0,0.0,1,1.0,0,0,1,0,1,0,1,4,0.0,4,0,0,3,0.0,0,4.0,1,0,0.0,0,0.0,0.0,15,10,0.0,4,0,0,0,0,4,2,0,0,0,0,0,0,0,0,0,4,0.8333333333333334,4,1.0,4,0,0,0,4,0,0,4,0,1,0,0,0,0,0,4,4,69,1613,1249,17,0,1,1,1.0,27,0,870,96,382,27,43206
2025-07-11,argo,app.shosetsu.android.domain.usecases,RecordChapterIsReadUseCase,invoke,1,0,0.0,1,1.0,0,0,1,0,3,0,1,4,0.0,4,0,1,1,0.0,1,2.0,1,1,0.0,0,0.0,0.0,15,10,0.0,4,0,0,0,0,4,2,0,0,0,0,0,0,0,0,0,4,0.8333333333333334,4,1.0,4,0,0,0,4,0,0,4,0,1,0,0,0,0,0,4,4,69,1613,1249,17,0,1,1,1.0,27,0,870,96,382,27,43206
2025-07-11,argo,app.shosetsu.android.domain.usecases,RecordChapterIsReadUseCase,invoke,1,0,0.0,1,1.0,0,0,1,0,3,0,1,4,0.0,4,0,1,1,0.0,1,2.0,1,1,0.0,0,0.0,0.0,15,10,0.0,4,0,0,0,0,4,2,0,0,0,0,0,0,0,0,0,4,0.8333333333333334,4,1.0,4,0,0,0,4,0,0,4,0,1,0,0,0,0,0,4,4,69,1613,1249,17,0,1,1,1.0,27,0,870,96,382,27,43206
2025-07-11,argo,app.shosetsu.android.domain.usecases,RemoveExtensionEntityUseCase,invoke,1,0,0.0,2,1.0,0,0,1,0,4,0,1,0,0.0,0,0,2,2,0.0,1,2.0,1,2,0.0,0,0.0,0.0,6,4,0.0,1,0,0,0,0,1,2,0,0,0,0,0,0,0,0,0,1,0.0,1,1.0,1,0,0,0,1,0,0,1,0,1,0,0,0,0,0,1,1,69,1613,1249,17,0,2,2,1.0,27,0,870,96,382,27,43206
2025-07-11,argo,app.shosetsu.android.domain.usecases,RequestInstallExtensionUseCase,invoke,1,0,0.0,1,1.0,0,0,1,0,1,0,1,3,0.0,3,0,0,2,0.0,0,2.0,2,0,0.0,0,0.0,0.3333333333333333,21,17,0.0,3,0,0,0,0,3,0,0,0,0,0,0,0,0,0,0,5,0.6666666666666667,5,1.6666666666666667,3,0,0,0,3,0,0,3,0,1,0,0,0,0,0,3,3,69,1613,1249,17,0,0,10,7.0,27,0,870,96,382,27,43206
2025-07-11,argo,app.shosetsu.android.domain.usecases,RequestInstallExtensionUseCase,invoke,1,0,0.0,1,1.0,0,0,1,0,1,0,1,3,0.0,3,0,0,2,0.0,0,2.0,1,0,0.0,0,0.0,0.3333333333333333,21,17,0.0,3,0,0,0,0,3,0,0,0,0,0,0,0,0,0,0,5,0.6666666666666667,5,1.6666666666666667,3,0,0,0,3,0,0,3,0,1,0,0,0,0,0,3,3,69,1613,1249,17,0,0,10,7.0,27,0,870,96,382,27,43206
2025-07-11,argo,app.shosetsu.android.domain.usecases,RequestInstallExtensionUseCase,invoke,7,1,0.0,6,1.0,0,0,1,0,15,3,7,0,0.0,0,0,0,10,0.0,1,2.2857142857142856,2,0,0.0,0,0.0,0.3333333333333333,21,17,0.0,3,0,0,0,0,3,0,0,0,0,0,0,0,0,0,0,5,0.6666666666666667,5,1.6666666666666667,3,0,0,0,3,0,0,3,0,1,0,0,0,0,0,3,3,69,1613,1249,17,0,0,10,7.0,27,0,870,96,382,27,43206
2025-07-11,argo,app.shosetsu.android.domain.usecases,SearchBookMarkedNovelsUseCase,invoke,1,0,0.0,1,1.0,0,0,1,0,1,0,1,0,0.0,0,0,0,1,0.0,1,2.0,1,0,0.0,0,0.0,0.0,3,1,0.0,1,0,0,0,0,2,0,0,0,0,0,0,0,0,0,0,1,0.0,1,1.0,1,0,0,0,1,0,0,1,0,1,0,0,0,0,0,1,1,69,1613,1249,17,0,0,1,1.0,27,0,870,96,382,27,43206
2025-07-11,argo,app.shosetsu.android.domain.usecases,StartDownloadWorkerAfterUpdateUseCase,invoke,4,0,0.0,1,1.0,0,0,1,0,5,0,4,0,0.0,0,0,0,5,0.0,0,4.0,1,0,0.0,0,0.0,1.0,7,5,0.0,1,0,0,0,0,2,0,0,0,0,0,0,0,0,0,0,1,0.0,1,1.0,1,0,0,0,1,0,0,1,0,1,0,0,0,0,0,1,1,69,1613,1249,17,0,0,5,4.0,27,0,870,96,382,27,43206
2025-07-11,argo,app.shosetsu.android.domain.usecases,StartRepositoryUpdateManagerUseCase,invoke,3,0,0.0,1,1.0,0,0,1,0,3,0,3,0,0.0,0,0,1,2,0.0,2,2.0,1,1,0.0,0,0.0,1.0,5,3,0.0,1,0,0,0,0,1,1,0,0,0,0,0,0,0,0,0,1,0.0,1,1.0,1,0,0,0,1,0,0,1,0,1,0,0,0,0,0,1,1,69,1613,1249,17,0,1,2,3.0,27,0,870,96,382,27,43206
2025-07-11,argo,app.shosetsu.android.domain.usecases,UninstallExtensionUseCase,invoke,1,1,0.0,2,1.0,0,0,1,0,5,0,1,0,0.0,0,0,2,4,0.0,1,2.3333333333333335,1,2,0.0,0,0.0,1.0,7,5,0.0,1,0,0,0,0,1,2,0,0,0,0,0,0,0,0,0,1,0.0,1,1.0,1,0,0,0,1,0,0,1,0,1,0,0,0,0,0,1,1,69,1613,1249,17,0,2,4,1.0,27,0,870,96,382,27,43206
2025-07-11,argo,app.shosetsu.android.domain.usecases.delete,DeleteChapterPassageUseCase,invoke,1,0,0.0,1,1.0,0,0,1,0,3,0,1,0,0.0,0,0,0,1,0.0,1,2.0,1,0,0.0,0,0.0,0.25,18,13,0.0,4,0,0,0,0,4,2,0,0,0,0,0,0,0,0,0,4,1.0,4,1.0,4,0,0,0,4,0,0,4,0,1,0,0,0,0,0,4,4,69,1613,1249,3,0,1,7,1.0,9,0,164,96,382,9,43206
2025-07-11,argo,app.shosetsu.android.domain.usecases.delete,DeleteChapterPassageUseCase,invoke,1,0,0.0,0,0.0,0,0,1,0,3,0,1,0,0.0,0,0,0,1,0.0,0,0.0,1,0,0.0,0,0.0,0.25,18,13,0.0,4,0,0,0,0,4,2,0,0,0,0,0,0,0,0,0,4,1.0,4,1.0,4,0,0,0,4,0,0,4,0,1,0,0,0,0,0,4,4,69,1613,1249,3,0,1,7,1.0,9,0,164,96,382,9,43206
2025-07-11,argo,app.shosetsu.android.domain.usecases.delete,DeleteChapterPassageUseCase,invoke,1,0,0.0,1,1.0,0,0,1,0,3,0,1,4,0.0,4,0,1,2,0.0,2,3.0,1,1,0.0,0,0.0,0.25,18,13,0.0,4,0,0,0,0,4,2,0,0,0,0,0,0,0,0,0,4,1.0,4,1.0,4,0,0,0,4,0,0,4,0,1,0,0,0,0,0,4,4,69,1613,1249,3,0,1,7,1.0,9,0,164,96,382,9,43206
2025-07-11,argo,app.shosetsu.android.domain.usecases.delete,DeleteChapterPassageUseCase,invoke,1,1,0.0,2,1.0,0,0,1,0,4,0,1,0,0.0,0,0,1,7,0.0,0,2.75,1,1,0.0,0,0.0,0.25,18,13,0.0,4,0,0,0,0,4,2,0,0,0,0,0,0,0,0,0,4,1.0,4,1.0,4,0,0,0,4,0,0,4,0,1,0,0,0,0,0,4,4,69,1613,1249,3,0,1,7,1.0,9,0,164,96,382,9,43206
2025-07-11,argo,app.shosetsu.android.domain.usecases.delete,DeleteRepositoryUseCase,invoke,1,0,0.0,1,1.0,0,0,1,0,1,0,1,0,0.0,0,0,0,1,0.0,1,2.0,1,0,0.0,0,0.0,0.0,5,2,0.0,2,0,0,0,0,2,0,0,0,0,0,0,0,0,0,0,2,1.0,2,1.0,2,0,0,0,2,0,0,2,0,1,0,0,0,0,0,2,2,69,1613,1249,3,0,0,1,1.0,9,0,164,96,382,9,43206
2025-07-11,argo,app.shosetsu.android.domain.usecases.delete,DeleteRepositoryUseCase,invoke,1,0,0.0,1,1.0,0,0,1,0,1,0,1,2,0.0,2,0,0,1,0.0,1,2.0,1,0,0.0,0,0.0,0.0,5,2,0.0,2,0,0,0,0,2,0,0,0,0,0,0,0,0,0,0,2,1.0,2,1.0,2,0,0,0,2,0,0,2,0,1,0,0,0,0,0,2,2,69,1613,1249,3,0,0,1,1.0,9,0,164,96,382,9,43206
2025-07-11,argo,app.shosetsu.android.domain.usecases.delete,TrueDeleteChapterUseCase,invoke,1,0,0.0,1,1.0,0,0,1,0,3,0,1,0,0.0,0,0,0,1,0.0,1,2.0,1,0,0.0,0,0.0,0.3333333333333333,16,12,0.0,3,0,0,0,0,3,2,0,0,0,0,0,0,0,0,0,3,1.0,3,1.0,3,0,0,0,3,0,0,3,0,1,0,0,0,0,0,3,3,69,1613,1249,3,0,2,2,1.0,9,0,164,96,382,9,43206
2025-07-11,argo,app.shosetsu.android.domain.usecases.delete,TrueDeleteChapterUseCase,invoke,1,1,0.0,3,1.0,0,0,1,0,5,0,1,0,0.0,0,0,2,3,0.0,1,2.0,1,2,0.0,0,0.0,0.3333333333333333,16,12,0.0,3,0,0,0,0,3,2,0,0,0,0,0,0,0,0,0,3,1.0,3,1.0,3,0,0,0,3,0,0,3,0,1,0,0,0,0,0,3,3,69,1613,1249,3,0,2,2,1.0,9,0,164,96,382,9,43206
2025-07-11,argo,app.shosetsu.android.domain.usecases.delete,TrueDeleteChapterUseCase,invoke,1,0,0.0,1,1.0,0,0,1,0,4,0,1,0,0.0,0,0,2,2,0.0,1,2.0,1,2,0.0,0,0.0,0.3333333333333333,16,12,0.0,3,0,0,0,0,3,2,0,0,0,0,0,0,0,0,0,3,1.0,3,1.0,3,0,0,0,3,0,0,3,0,1,0,0,0,0,0,3,3,69,1613,1249,3,0,2,2,1.0,9,0,164,96,382,9,43206
2025-07-11,argo,app.shosetsu.android.domain.usecases.get,GetCatalogueListingDataUseCase,invoke,1,0,0.0,0,0.0,0,0,2,0,1,0,1,0,0.0,0,0,0,1,0.0,0,0.0,2,0,0.0,0,0.0,0.5,41,7,0.0,2,0,0,0,0,3,0,0,0,0,0,0,0,0,0,0,2,1.0,2,1.0,2,0,0,0,2,0,0,2,0,1,0,0,0,0,0,4,4,69,1613,1249,19,0,0,13,2.0,30,0,1224,96,382,30,43206
2025-07-11,argo,app.shosetsu.android.domain.usecases.get,GetCatalogueListingDataUseCase,search,3,0,0.0,2,1.0,0,0,2,0,6,0,3,0,0.0,0,0,0,12,0.0,2,2.4285714285714284,2,0,0.0,0,0.0,0.5,41,7,0.0,2,0,0,0,0,3,0,0,0,0,0,0,0,0,0,0,2,1.0,2,1.0,2,0,0,0,2,0,0,2,0,1,0,0,0,0,0,4,4,69,1613,1249,19,0,0,13,2.0,30,0,1224,96,382,30,43206
2025-07-11,argo,app.shosetsu.android.domain.usecases.get,GetCatalogueQueryDataUseCase,invoke,1,0,0.0,1,1.0,0,0,2,0,1,0,1,2,0.0,2,0,0,1,0.0,1,2.0,3,0,0.0,0,0.0,0.0,44,2,0.0,2,0,0,0,0,5,0,0,0,0,0,0,0,0,0,0,2,0.0,2,1.0,2,0,0,0,2,0,0,2,0,1,0,0,0,0,0,4,4,69,1613,1249,19,0,0,1,1.0,30,0,1224,96,382,30,43206
2025-07-11,argo,app.shosetsu.android.domain.usecases.get,GetCatalogueQueryDataUseCase,invoke,1,0,0.0,0,0.0,0,0,2,0,1,0,1,0,0.0,0,0,0,1,0.0,0,0.0,3,0,0.0,0,0.0,0.0,44,2,0.0,2,0,0,0,0,5,0,0,0,0,0,0,0,0,0,0,2,0.0,2,1.0,2,0,0,0,2,0,0,2,0,1,0,0,0,0,0,4,4,69,1613,1249,19,0,0,1,1.0,30,0,1224,96,382,30,43206
2025-07-11,argo,app.shosetsu.android.domain.usecases.get,GetChapterPassageUseCase,invoke,1,0,0.0,1,1.0,0,0,1,0,1,0,1,0,0.0,0,0,0,6,0.0,0,3.0,1,0,0.0,0,0.0,1.0,3,1,0.0,1,0,0,0,0,2,0,0,0,0,0,0,0,0,0,0,1,0.0,1,1.0,1,0,0,0,1,0,0,1,0,1,0,0,0,0,0,1,1,69,1613,1249,19,0,0,6,1.0,30,0,1224,96,382,30,43206
2025-07-11,argo,app.shosetsu.android.domain.usecases.get,GetChapterUIsUseCase,invoke,2,0,0.0,1,1.0,0,0,1,0,1,0,2,0,0.0,0,0,0,4,0.0,0,3.0,1,0,0.0,0,0.0,1.0,3,1,0.0,1,0,0,0,0,2,0,0,0,0,0,0,0,0,0,0,1,0.0,1,1.0,1,0,0,0,1,0,0,1,0,1,0,0,0,0,0,1,1,69,1613,1249,19,0,0,4,2.0,30,0,1224,96,382,30,43206
2025-07-11,argo,app.shosetsu.android.domain.usecases.get,GetExtensionSettingsUseCase,asSettingItem,1,0,0.0,1,1.0,0,0,1,0,1,0,1,0,0.0,0,0,0,5,0.0,0,2.25,2,0,0.0,0,0.0,0.8,35,29,0.4,5,0,0,0,0,6,0,0,0,0,0,0,0,0,0,0,6,0.6,6,1.2,5,0,0,0,1,4,0,1,0,1,0,0,0,0,0,5,5,69,1613,1249,19,0,0,39,1.5,30,0,1224,96,382,30,43206
2025-07-11,argo,app.shosetsu.android.domain.usecases.get,GetExtensionSettingsUseCase,asSettingItem,1,0,0.0,1,1.0,0,0,1,0,1,0,1,0,0.0,0,0,0,5,0.0,0,2.25,2,0,0.0,0,0.0,0.8,35,29,0.4,5,0,0,0,0,6,0,0,0,0,0,0,0,0,0,0,6,0.6,6,1.2,5,0,0,0,1,4,0,1,0,1,0,0,0,0,0,5,5,69,1613,1249,19,0,0,39,1.5,30,0,1224,96,382,30,43206
2025-07-11,argo,app.shosetsu.android.domain.usecases.get,GetExtensionSettingsUseCase,convert,2,0,2.0,8,0.125,0,0,1,0,16,0,2,4,0.0,4,0,0,25,0.0,1,2.3548387096774195,1,0,0.0,0,0.0,0.8,35,29,0.4,5,0,0,0,0,6,0,0,0,0,0,0,0,0,0,0,6,0.6,6,1.2,5,0,0,0,1,4,0,1,0,1,0,0,0,0,0,5,5,69,1613,1249,19,0,0,39,1.5,30,0,1224,96,382,30,43206
2025-07-11,argo,app.shosetsu.android.domain.usecases.get,GetExtensionSettingsUseCase,combine,1,0,0.0,1,1.0,0,0,1,0,1,0,1,1,0.0,1,0,0,1,0.0,1,2.0,0,0,0.0,0,0.0,0.8,35,29,0.4,5,0,0,0,0,6,0,0,0,0,0,0,0,0,0,0,6,0.6,6,1.2,5,0,0,0,1,4,0,1,0,1,0,0,0,0,0,5,5,69,1613,1249,19,0,0,39,1.5,30,0,1224,96,382,30,43206
2025-07-11,argo,app.shosetsu.android.domain.usecases.get,GetExtensionSettingsUseCase,invoke,2,1,2.0,2,1.0,0,0,1,0,10,1,2,0,0.0,2,0,0,8,0.0,2,2.5,1,0,0.0,0,0.0,0.8,35,29,0.4,5,0,0,0,0,6,0,0,0,0,0,0,0,0,0,0,6,0.6,6,1.2,5,0,0,0,1,4,0,1,0,1,0,0,0,0,0,5,5,69,1613,1249,19,0,0,39,1.5,30,0,1224,96,382,30,43206
2025-07-11,argo,app.shosetsu.android.domain.usecases.get,GetExtensionUseCase,invoke,2,0,0.0,1,1.0,0,0,1,0,4,1,2,0,0.0,0,0,0,5,0.0,0,3.0,1,0,0.0,0,0.0,1.0,6,4,0.0,1,0,0,0,0,2,0,0,0,0,0,0,0,0,0,0,2,0.0,2,2.0,1,0,0,0,1,0,0,1,0,1,0,0,0,0,0,1,1,69,1613,1249,19,0,0,5,2.0,30,0,1224,96,382,30,43206
2025-07-11,argo,app.shosetsu.android.domain.usecases.get,GetExtListingNamesUseCase,invoke,2,0,0.0,1,1.0,0,0,1,0,4,1,2,0,0.0,0,0,0,5,0.0,0,2.3333333333333335,1,0,0.0,0,0.0,1.0,6,4,0.0,1,0,0,0,0,2,0,0,0,0,0,0,0,0,0,0,2,0.0,2,2.0,1,0,0,0,1,0,0,1,0,1,0,0,0,0,0,1,1,69,1613,1249,19,0,0,5,2.0,30,0,1224,96,382,30,43206
2025-07-11,argo,app.shosetsu.android.domain.usecases.get,GetExtSelectedListingFlowUseCase,invoke,2,0,0.0,1,1.0,0,0,1,0,7,1,2,0,0.0,0,0,0,3,0.0,1,2.0,1,0,0.0,0,0.0,1.0,9,7,0.0,1,0,0,0,0,2,0,0,0,0,0,0,0,0,0,0,2,0.0,2,2.0,1,0,0,0,1,0,0,1,0,1,0,0,0,0,0,1,1,69,1613,1249,19,0,0,3,2.0,30,0,1224,96,382,30,43206
2025-07-11,argo,app.shosetsu.android.domain.usecases.get,GetExtSelectedListingUseCase,invoke,2,0,0.0,1,1.0,0,0,1,0,4,1,2,0,0.0,0,0,0,2,0.0,1,2.0,1,0,0.0,0,0.0,1.0,6,4,0.0,1,0,0,0,0,1,0,0,0,0,0,0,0,0,0,0,2,0.0,2,2.0,1,0,0,0,1,0,0,1,0,1,0,0,0,0,0,1,1,69,1613,1249,19,0,0,2,2.0,30,0,1224,96,382,30,43206
2025-07-11,argo,app.shosetsu.android.domain.usecases.get,GetInstalledExtensionUseCase,invoke,1,0,0.0,1,1.0,0,0,1,0,1,0,1,0,0.0,0,0,0,4,0.0,0,2.3333333333333335,1,0,0.0,0,0.0,0.0,3,1,0.0,1,0,0,0,0,2,0,0,0,0,0,0,0,0,0,0,1,0.0,1,1.0,1,0,0,0,1,0,0,1,0,1,0,0,0,0,0,1,1,69,1613,1249,19,0,0,4,1.0,30,0,1224,96,382,30,43206
2025-07-11,argo,app.shosetsu.android.domain.usecases.get,GetLastReadChapterUseCase,invoke,1,0,0.0,1,1.0,0,0,1,0,3,0,1,0,0.0,0,0,0,1,0.0,1,2.0,1,0,0.0,0,0.0,0.0,5,3,0.0,1,0,0,0,0,2,0,0,0,0,0,0,0,0,0,0,1,0.0,1,1.0,1,0,0,0,1,0,0,1,0,1,0,0,0,0,0,1,1,69,1613,1249,19,0,0,1,1.0,30,0,1224,96,382,30,43206
2025-07-11,argo,app.shosetsu.android.domain.usecases.get,GetNovelSettingFlowUseCase,invoke,4,0,0.0,2,1.0,0,0,1,0,8,1,4,0,0.0,0,0,0,8,0.0,1,2.25,1,0,0.0,0,0.0,1.0,10,8,0.0,1,0,0,0,0,2,0,0,0,0,0,0,0,0,0,0,2,0.0,2,2.0,1,0,0,0,1,0,0,1,0,1,0,0,0,0,0,1,1,69,1613,1249,19,0,0,8,4.0,30,0,1224,96,382,30,43206
2025-07-11,argo,app.shosetsu.android.domain.usecases.get,GetNovelUIUseCase,invoke,4,0,0.0,1,1.0,0,0,1,0,1,0,4,0,0.0,0,0,0,10,0.0,0,2.4285714285714284,1,0,0.0,0,0.0,1.0,3,1,0.0,1,0,0,0,0,2,0,0,0,0,0,0,0,0,0,0,1,0.0,1,1.0,1,0,0,0,1,0,0,1,0,1,0,0,0,0,0,1,1,69,1613,1249,19,0,0,10,4.0,30,0,1224,96,382,30,43206
2025-07-11,argo,app.shosetsu.android.domain.usecases.get,GetReaderChaptersUseCase,invoke,1,0,0.0,1,1.0,0,0,1,0,1,0,1,0,0.0,0,0,0,3,0.0,0,2.5,1,0,0.0,0,0.0,1.0,3,1,0.0,1,0,0,0,0,2,0,0,0,0,0,0,0,0,0,0,1,0.0,1,1.0,1,0,0,0,1,0,0,1,0,1,0,0,0,0,0,1,1,69,1613,1249,19,0,0,3,1.0,30,0,1224,96,382,30,43206
2025-07-11,argo,app.shosetsu.android.domain.usecases.get,GetReaderSettingUseCase,invoke,5,0,0.0,2,1.0,0,0,1,0,9,1,5,0,0.0,0,0,0,10,0.0,2,2.75,1,0,0.0,0,0.0,1.0,11,9,0.0,1,0,0,0,0,2,0,0,0,0,0,0,0,0,0,0,1,0.0,1,1.0,1,0,0,0,1,0,0,1,0,1,0,0,0,0,0,1,1,69,1613,1249,19,0,0,10,5.0,30,0,1224,96,382,30,43206
2025-07-11,argo,app.shosetsu.android.domain.usecases.get,GetRemoteNovelUseCase,main,10,1,0.0,6,0.8333,0,0,2,0,19,3,10,0,0.0,0,0,1,23,0.0,1,2.1904761904761907,2,1,0.0,0,0.0,1.0,27,21,0.6666666666666666,3,0,0,0,0,4,1,0,0,0,0,0,0,0,0,0,6,0.0,6,2.0,3,0,0,0,2,1,0,2,0,1,0,0,0,0,0,3,3,69,1613,1249,19,0,1,25,5.5,30,0,1224,96,382,30,43206
2025-07-11,argo,app.shosetsu.android.domain.usecases.get,GetRemoteNovelUseCase,invoke,1,0,1.0,0,0.0,0,0,2,0,1,0,1,1,0.0,1,0,0,0,0.0,0,0.0,2,0,0.0,0,0.0,1.0,27,21,0.6666666666666666,3,0,0,0,0,4,1,0,0,0,0,0,0,0,0,0,6,0.0,6,2.0,3,0,0,0,2,1,0,2,0,1,0,0,0,0,0,3,3,69,1613,1249,19,0,1,25,5.5,30,0,1224,96,382,30,43206
2025-07-11,argo,app.shosetsu.android.domain.usecases.get,GetRemoteNovelUseCase,invoke,1,0,1.0,1,1.0,0,0,2,0,1,0,1,1,0.0,1,0,0,2,0.0,2,3.0,2,0,0.0,0,0.0,1.0,27,21,0.6666666666666666,3,0,0,0,0,4,1,0,0,0,0,0,0,0,0,0,6,0.0,6,2.0,3,0,0,0,2,1,0,2,0,1,0,0,0,0,0,3,3,69,1613,1249,19,0,1,25,5.5,30,0,1224,96,382,30,43206
2025-07-11,argo,app.shosetsu.android.domain.usecases.get,GetRepositoryUseCase,invoke,1,0,0.0,1,1.0,0,0,1,0,1,0,1,0,0.0,0,0,0,1,0.0,1,2.0,1,0,0.0,0,0.0,0.0,3,1,0.0,1,0,0,0,0,1,0,0,0,0,0,0,0,0,0,0,1,0.0,1,1.0,1,0,0,0,1,0,0,1,0,1,0,0,0,0,0,1,1,69,1613,1249,19,0,0,1,1.0,30,0,1224,96,382,30,43206
2025-07-11,argo,app.shosetsu.android.domain.usecases.get,GetTrueDeleteChapterUseCase,invoke,1,0,0.0,1,1.0,0,0,1,0,1,0,1,0,0.0,0,0,0,2,0.0,0,3.0,0,0,0.0,0,0.0,0.0,3,1,0.0,1,0,0,0,0,0,0,0,0,0,0,0,0,0,0,0,1,0.0,1,1.0,1,0,0,0,1,0,0,1,0,1,0,0,0,0,0,1,1,69,1613,1249,19,0,0,2,1.0,30,0,1224,96,382,30,43206
2025-07-11,argo,app.shosetsu.android.domain.usecases.get,GetURLUseCase,invoke,1,0,0.0,1,1.0,0,0,1,0,1,0,1,0,0.0,0,0,0,1,0.0,1,2.0,3,0,0.0,0,0.0,0.25,9,4,0.0,4,0,0,0,0,6,0,0,0,0,0,0,0,0,0,0,4,0.8333333333333334,4,1.0,4,0,0,0,4,0,0,4,0,1,0,0,0,0,0,4,4,69,1613,1249,19,0,0,2,1.0,30,0,1224,96,382,30,43206
2025-07-11,argo,app.shosetsu.android.domain.usecases.get,GetURLUseCase,invoke,1,0,0.0,1,1.0,0,0,1,0,1,0,1,0,0.0,0,0,0,2,0.0,0,2.0,1,0,0.0,0,0.0,0.25,9,4,0.0,4,0,0,0,0,6,0,0,0,0,0,0,0,0,0,0,4,0.8333333333333334,4,1.0,4,0,0,0,4,0,0,4,0,1,0,0,0,0,0,4,4,69,1613,1249,19,0,0,2,1.0,30,0,1224,96,382,30,43206
2025-07-11,argo,app.shosetsu.android.domain.usecases.get,GetURLUseCase,invoke,1,0,0.0,1,1.0,0,0,1,0,1,0,1,0,0.0,0,0,0,2,0.0,0,2.0,1,0,0.0,0,0.0,0.25,9,4,0.0,4,0,0,0,0,6,0,0,0,0,0,0,0,0,0,0,4,0.8333333333333334,4,1.0,4,0,0,0,4,0,0,4,0,1,0,0,0,0,0,4,4,69,1613,1249,19,0,0,2,1.0,30,0,1224,96,382,30,43206
2025-07-11,argo,app.shosetsu.android.domain.usecases.get,GetURLUseCase,invoke,1,0,0.0,1,1.0,0,0,1,0,1,0,1,0,0.0,0,0,0,2,0.0,0,2.0,1,0,0.0,0,0.0,0.25,9,4,0.0,4,0,0,0,0,6,0,0,0,0,0,0,0,0,0,0,4,0.8333333333333334,4,1.0,4,0,0,0,4,0,0,4,0,1,0,0,0,0,0,4,4,69,1613,1249,19,0,0,2,1.0,30,0,1224,96,382,30,43206
2025-07-11,argo,app.shosetsu.android.domain.usecases.load,LoadAppUpdateFlowLiveUseCase,invoke,1,0,0.0,1,1.0,0,0,1,0,1,0,1,0,0.0,0,0,0,1,0.0,1,2.0,0,0,0.0,0,0.0,0.0,3,1,0.0,1,0,0,0,0,1,0,0,0,0,0,0,0,0,0,0,1,0.0,1,1.0,1,0,0,0,1,0,0,1,0,1,0,0,0,0,0,1,1,69,1613,1249,19,0,0,1,1.0,19,0,819,96,382,19,43206
2025-07-11,argo,app.shosetsu.android.domain.usecases.load,LoadAppUpdateUseCase,invoke,1,0,0.0,1,1.0,0,0,1,0,1,0,1,0,0.0,0,0,0,1,0.0,1,2.0,0,0,0.0,0,0.0,0.0,3,1,0.0,1,0,0,0,0,0,0,0,0,0,0,0,0,0,0,0,1,0.0,1,1.0,1,0,0,0,1,0,0,1,0,1,0,0,0,0,0,1,1,69,1613,1249,19,0,0,1,1.0,19,0,819,96,382,19,43206
2025-07-11,argo,app.shosetsu.android.domain.usecases.load,LoadBackupProgressFlowUseCase,invoke,1,0,0.0,0,0.0,0,0,1,0,1,0,1,0,0.0,0,0,0,0,0.0,0,2.0,0,0,0.0,0,0.0,0.0,3,1,0.0,1,0,0,0,0,0,0,0,0,0,0,0,0,0,0,0,1,0.0,1,1.0,1,0,0,0,1,0,0,1,0,1,0,0,0,0,0,1,1,69,1613,1249,19,0,0,0,1.0,19,0,819,96,382,19,43206
2025-07-11,argo,app.shosetsu.android.domain.usecases.load,LoadBrowseExtensionsUseCase,invoke,1,2,0.0,5,1.0,0,0,1,0,8,0,1,0,0.0,0,0,0,18,0.0,3,2.3333333333333335,0,0,0.0,0,0.0,1.0,10,8,0.0,1,0,0,0,0,1,0,0,0,0,0,0,0,0,0,0,1,0.0,1,1.0,1,0,0,0,1,0,0,1,0,1,0,0,0,0,0,1,1,69,1613,1249,19,0,0,18,1.0,19,0,819,96,382,19,43206
2025-07-11,argo,app.shosetsu.android.domain.usecases.load,LoadDeletePreviousChapterUseCase,invoke,1,0,0.0,1,1.0,0,0,1,0,1,0,1,0,0.0,0,0,0,2,0.0,0,3.0,0,0,0.0,0,0.0,0.0,3,1,0.0,1,0,0,0,0,0,0,0,0,0,0,0,0,0,0,0,1,0.0,1,1.0,1,0,0,0,1,0,0,1,0,1,0,0,0,0,0,1,1,69,1613,1249,19,0,0,2,1.0,19,0,819,96,382,19,43206
2025-07-11,argo,app.shosetsu.android.domain.usecases.load,LoadDownloadsUseCase,invoke,1,0,0.0,1,1.0,0,0,1,0,1,0,1,0,0.0,0,0,0,4,0.0,0,3.0,0,0,0.0,0,0.0,0.0,3,1,0.0,1,0,0,0,0,1,0,0,0,0,0,0,0,0,0,0,1,0.0,1,1.0,1,0,0,0,1,0,0,1,0,1,0,0,0,0,0,1,1,69,1613,1249,19,0,0,4,1.0,19,0,819,96,382,19,43206
2025-07-11,argo,app.shosetsu.android.domain.usecases.load,LoadInternalBackupNamesUseCase,invoke,1,0,0.0,1,1.0,0,0,1,0,1,0,1,0,0.0,0,0,0,1,0.0,1,2.0,0,0,0.0,0,0.0,0.0,3,1,0.0,1,0,0,0,0,0,0,0,0,0,0,0,0,0,0,0,1,0.0,1,1.0,1,0,0,0,1,0,0,1,0,1,0,0,0,0,0,1,1,69,1613,1249,19,0,0,1,1.0,19,0,819,96,382,19,43206
2025-07-11,argo,app.shosetsu.android.domain.usecases.load,LoadLibraryFilterSettingsUseCase,invoke,1,0,0.0,1,1.0,0,0,1,0,3,0,1,0,0.0,0,0,0,4,0.0,0,3.0,0,0,0.0,0,0.0,0.0,5,3,0.0,1,0,0,0,0,1,0,0,0,0,0,0,0,0,0,0,1,0.0,1,1.0,1,0,0,0,1,0,0,1,0,1,0,0,0,0,0,1,1,69,1613,1249,19,0,0,4,1.0,19,0,819,96,382,19,43206
2025-07-11,argo,app.shosetsu.android.domain.usecases.load,LoadLibraryUseCase,invoke,1,0,0.0,1,1.0,0,0,1,0,1,0,1,0,0.0,0,0,0,3,0.0,0,2.5,0,0,0.0,0,0.0,1.0,3,1,0.0,1,0,0,0,0,1,0,0,0,0,0,0,0,0,0,0,1,0.0,1,1.0,1,0,0,0,1,0,0,1,0,1,0,0,0,0,0,1,1,69,1613,1249,19,0,0,3,1.0,19,0,819,96,382,19,43206
2025-07-11,argo,app.shosetsu.android.domain.usecases.load,LoadLiveAppThemeUseCase,invoke,1,0,0.0,1,1.0,0,0,1,0,1,0,1,0,0.0,0,0,0,4,0.0,0,3.0,0,0,0.0,0,0.0,0.0,3,1,0.0,1,0,0,0,0,1,0,0,0,0,0,0,0,0,0,0,1,0.0,1,1.0,1,0,0,0,1,0,0,1,0,1,0,0,0,0,0,1,1,69,1613,1249,19,0,0,4,1.0,19,0,819,96,382,19,43206
2025-07-11,argo,app.shosetsu.android.domain.usecases.load,LoadNovelUIBadgeToastUseCase,invoke,1,0,0.0,1,1.0,0,0,1,0,1,0,1,0,0.0,0,0,0,2,0.0,0,3.0,0,0,0.0,0,0.0,0.0,3,1,0.0,1,0,0,0,0,0,0,0,0,0,0,0,0,0,0,0,1,0.0,1,1.0,1,0,0,0,1,0,0,1,0,1,0,0,0,0,0,1,1,69,1613,1249,19,0,0,2,1.0,19,0,819,96,382,19,43206
2025-07-11,argo,app.shosetsu.android.domain.usecases.load,LoadNovelUIColumnsHUseCase,invoke,3,0,0.0,1,1.0,0,0,1,0,1,0,3,0,0.0,0,0,0,3,0.0,0,4.0,0,0,0.0,0,0.0,1.0,3,1,0.0,1,0,0,0,0,0,0,0,0,0,0,0,0,0,0,0,1,0.0,1,1.0,1,0,0,0,1,0,0,1,0,1,0,0,0,0,0,1,1,69,1613,1249,19,0,0,3,3.0,19,0,819,96,382,19,43206
2025-07-11,argo,app.shosetsu.android.domain.usecases.load,LoadNovelUIColumnsPUseCase,invoke,3,0,0.0,1,1.0,0,0,1,0,1,0,3,0,0.0,0,0,0,3,0.0,0,4.0,0,0,0.0,0,0.0,1.0,3,1,0.0,1,0,0,0,0,0,0,0,0,0,0,0,0,0,0,0,1,0.0,1,1.0,1,0,0,0,1,0,0,1,0,1,0,0,0,0,0,1,1,69,1613,1249,19,0,0,3,3.0,19,0,819,96,382,19,43206
2025-07-11,argo,app.shosetsu.android.domain.usecases.load,LoadNovelUITypeUseCase,invoke,1,0,0.0,1,1.0,0,0,1,0,3,0,1,0,0.0,0,0,0,4,0.0,0,3.0,0,0,0.0,0,0.0,0.0,5,3,0.0,1,0,0,0,0,1,0,0,0,0,0,0,0,0,0,0,1,0.0,1,1.0,1,0,0,0,1,0,0,1,0,1,0,0,0,0,0,1,1,69,1613,1249,19,0,0,4,1.0,19,0,819,96,382,19,43206
2025-07-11,argo,app.shosetsu.android.domain.usecases.load,LoadReaderThemes,invoke,2,0,0.0,1,1.0,0,0,1,0,3,0,2,0,0.0,0,0,0,25,0.0,0,2.9375,0,0,0.0,0,0.0,1.0,5,3,0.0,1,0,0,0,0,1,0,0,0,0,0,0,0,0,0,0,1,0.0,1,1.0,1,0,0,0,1,0,0,1,0,1,0,0,0,0,0,1,1,69,1613,1249,19,0,0,25,2.0,19,0,819,96,382,19,43206
2025-07-11,argo,app.shosetsu.android.domain.usecases.load,LoadRemoteAppUpdateUseCase,invoke,1,0,0.0,1,1.0,0,0,1,0,1,0,1,0,0.0,0,0,0,1,0.0,1,2.0,0,0,0.0,0,0.0,0.0,3,1,0.0,1,0,0,0,0,1,0,0,0,0,0,0,0,0,0,0,1,0.0,1,1.0,1,0,0,0,1,0,0,1,0,1,0,0,0,0,0,1,1,69,1613,1249,19,0,0,1,1.0,19,0,819,96,382,19,43206
2025-07-11,argo,app.shosetsu.android.domain.usecases.load,LoadRepositoriesUseCase,invoke,1,0,0.0,1,1.0,0,0,1,0,1,0,1,0,0.0,0,0,0,4,0.0,0,3.0,0,0,0.0,0,0.0,0.0,3,1,0.0,1,0,0,0,0,1,0,0,0,0,0,0,0,0,0,0,1,0.0,1,1.0,1,0,0,0,1,0,0,1,0,1,0,0,0,0,0,1,1,69,1613,1249,19,0,0,4,1.0,19,0,819,96,382,19,43206
2025-07-11,argo,app.shosetsu.android.domain.usecases.load,LoadSearchRowUIUseCase,invoke,4,1,0.0,5,0.8,0,0,1,0,14,0,4,0,0.0,0,0,0,18,0.0,1,2.230769230769231,0,0,0.0,0,0.0,1.0,16,14,0.0,1,0,0,0,0,1,0,0,0,0,0,0,0,0,0,0,1,0.0,1,1.0,1,0,0,0,1,0,0,1,0,1,0,0,0,0,0,1,1,69,1613,1249,19,0,0,18,4.0,19,0,819,96,382,19,43206
2025-07-11,argo,app.shosetsu.android.domain.usecases.load,LoadUpdatesUseCase,invoke,1,0,0.0,1,1.0,0,0,1,0,1,0,1,0,0.0,0,0,0,4,0.0,0,3.0,0,0,0.0,0,0.0,0.0,3,1,0.0,1,0,0,0,0,1,0,0,0,0,0,0,0,0,0,0,1,0.0,1,1.0,1,0,0,0,1,0,0,1,0,1,0,0,0,0,0,1,1,69,1613,1249,19,0,0,4,1.0,19,0,819,96,382,19,43206
2025-07-11,argo,app.shosetsu.android.domain.usecases.settings,LoadChaptersResumeFirstUnreadUseCase,invoke,1,0,0.0,1,1.0,0,0,1,0,1,0,1,0,0.0,0,0,0,2,0.0,0,3.0,0,0,0.0,0,0.0,0.0,3,1,0.0,1,0,0,0,0,1,0,0,0,0,0,0,0,0,0,0,1,0.0,1,1.0,1,0,0,0,1,0,0,1,0,1,0,0,0,0,0,1,1,69,1613,1249,4,0,0,2,1.0,4,0,131,96,382,4,43206
2025-07-11,argo,app.shosetsu.android.domain.usecases.settings,LoadNavigationStyleUseCase,invoke,1,0,0.0,1,1.0,0,0,1,0,1,0,1,0,0.0,0,0,0,2,0.0,0,3.0,0,0,0.0,0,0.0,0.0,3,1,0.0,1,0,0,0,0,1,0,0,0,0,0,0,0,0,0,0,1,0.0,1,1.0,1,0,0,0,1,0,0,1,0,1,0,0,0,0,0,1,1,69,1613,1249,4,0,0,2,1.0,4,0,131,96,382,4,43206
2025-07-11,argo,app.shosetsu.android.domain.usecases.settings,LoadRequireDoubleBackUseCase,invoke,1,0,0.0,1,1.0,0,0,1,0,1,0,1,0,0.0,0,0,0,2,0.0,0,3.0,0,0,0.0,0,0.0,0.0,3,1,0.0,1,0,0,0,0,1,0,0,0,0,0,0,0,0,0,0,1,0.0,1,1.0,1,0,0,0,1,0,0,1,0,1,0,0,0,0,0,1,1,69,1613,1249,4,0,0,2,1.0,4,0,131,96,382,4,43206
2025-07-11,argo,app.shosetsu.android.domain.usecases.settings,SetNovelUITypeUseCase,invoke,1,0,0.0,1,1.0,0,0,1,0,1,0,1,0,0.0,0,0,0,3,0.0,0,2.5,1,0,0.0,0,0.0,0.0,3,1,0.0,1,0,0,0,0,1,0,0,0,0,0,0,0,0,0,0,1,0.0,1,1.0,1,0,0,0,1,0,0,1,0,1,0,0,0,0,0,1,1,69,1613,1249,4,0,0,3,1.0,4,0,131,96,382,4,43206
2025-07-11,argo,app.shosetsu.android.domain.usecases.start,StartAppUpdateInstallWorkerUseCase,invoke,2,0,0.0,2,1.0,0,0,1,0,5,0,2,0,0.0,0,0,1,2,0.0,1,2.0,0,1,0.0,0,0.0,1.0,7,5,0.0,1,0,0,0,0,0,1,0,0,0,0,0,0,0,0,0,1,0.0,1,1.0,1,0,0,0,1,0,0,1,0,1,0,0,0,0,0,1,1,69,1613,1249,6,0,1,2,2.0,7,0,272,96,382,7,43206
2025-07-11,argo,app.shosetsu.android.domain.usecases.start,StartBackupWorkerUseCase,invoke,3,0,0.0,2,1.0,0,0,1,0,6,1,3,0,0.0,0,0,1,4,0.0,2,2.0,0,1,0.0,0,0.0,1.0,8,6,0.0,1,0,0,0,0,0,1,0,0,0,0,0,0,0,0,0,2,0.0,2,2.0,1,0,0,0,1,0,0,1,0,1,0,0,0,0,0,1,1,69,1613,1249,6,0,1,4,3.0,7,0,272,96,382,7,43206
2025-07-11,argo,app.shosetsu.android.domain.usecases.start,StartDownloadWorkerUseCase,invoke,3,0,0.0,2,1.0,0,0,1,0,4,2,3,0,0.0,0,0,0,4,0.0,2,2.3333333333333335,1,0,0.0,0,0.0,1.0,6,4,0.0,1,0,0,0,0,1,0,0,0,0,0,0,0,0,0,0,3,0.0,3,3.0,1,0,0,0,1,0,0,1,0,1,0,0,0,0,0,1,1,69,1613,1249,6,0,0,4,3.0,7,0,272,96,382,7,43206
2025-07-11,argo,app.shosetsu.android.domain.usecases.start,StartExportBackupWorkerUseCase,invoke,1,0,0.0,2,1.0,0,0,1,0,4,0,1,0,0.0,0,0,2,6,0.0,1,2.2,2,2,0.0,0,0.0,1.0,6,4,0.0,1,0,0,0,0,2,2,0,0,0,0,0,0,0,0,0,1,0.0,1,1.0,1,0,0,0,1,0,0,1,0,1,0,0,0,0,0,1,1,69,1613,1249,6,0,2,6,1.0,7,0,272,96,382,7,43206
2025-07-11,argo,app.shosetsu.android.domain.usecases.start,StartRestoreWorkerUseCase,invoke,2,0,0.0,2,1.0,0,0,1,0,6,0,2,0,0.0,0,0,1,7,0.0,1,2.6666666666666665,1,1,0.0,0,0.0,1.0,15,12,0.0,2,0,0,0,0,2,1,0,0,0,0,0,0,0,0,0,2,0.0,2,1.0,2,0,0,0,2,0,0,2,0,1,0,0,0,0,0,2,2,69,1613,1249,6,0,1,6,2.0,7,0,272,96,382,7,43206
2025-07-11,argo,app.shosetsu.android.domain.usecases.start,StartRestoreWorkerUseCase,invoke,2,0,0.0,3,1.0,0,0,1,0,6,0,2,0,0.0,0,0,1,6,0.0,1,2.5,1,1,0.0,0,0.0,1.0,15,12,0.0,2,0,0,0,0,2,1,0,0,0,0,0,0,0,0,0,2,0.0,2,1.0,2,0,0,0,2,0,0,2,0,1,0,0,0,0,0,2,2,69,1613,1249,6,0,1,6,2.0,7,0,272,96,382,7,43206
2025-07-11,argo,app.shosetsu.android.domain.usecases.start,StartUpdateWorkerUseCase,invoke,4,0,0.0,2,1.0,0,0,1,0,6,1,4,0,0.0,0,0,1,4,0.0,3,2.3333333333333335,1,1,0.0,0,0.0,1.0,8,6,0.0,1,0,0,0,0,1,1,0,0,0,0,0,0,0,0,0,2,0.0,2,2.0,1,0,0,0,1,0,0,1,0,1,0,0,0,0,0,1,1,69,1613,1249,6,0,1,4,4.0,7,0,272,96,382,7,43206
2025-07-11,argo,app.shosetsu.android.domain.usecases.update,UpdateBookmarkedNovelUseCase,invoke,1,0,0.0,1,1.0,0,0,1,0,1,0,1,0,0.0,0,0,0,2,0.0,0,3.0,1,0,0.0,0,0.0,0.0,3,1,0.0,1,0,0,0,0,1,0,0,0,0,0,0,0,0,0,0,1,0.0,1,1.0,1,0,0,0,1,0,0,1,0,1,0,0,0,0,0,1,1,69,1613,1249,8,0,0,2,1.0,15,0,330,96,382,15,43206
2025-07-11,argo,app.shosetsu.android.domain.usecases.update,UpdateChapterUseCase,invoke,1,0,0.0,1,1.0,0,0,1,0,3,0,1,0,0.0,0,0,1,2,0.0,0,3.0,1,1,0.0,0,0.0,0.0,5,3,0.0,1,0,0,0,0,1,1,0,0,0,0,0,0,0,0,0,1,0.0,1,1.0,1,0,0,0,1,0,0,1,0,1,0,0,0,0,0,1,1,69,1613,1249,8,0,1,2,1.0,15,0,330,96,382,15,43206
2025-07-11,argo,app.shosetsu.android.domain.usecases.update,UpdateExtensionSettingUseCase,update,1,0,0.0,1,1.0,0,0,1,0,1,0,1,0,0.0,0,0,0,6,0.0,0,3.0,3,0,0.0,0,0.0,1.0,27,21,0.8,5,0,0,0,0,5,3,0,0,0,0,0,0,0,0,0,5,0.4,5,1.0,5,0,0,0,4,1,0,4,0,1,0,0,0,0,0,5,5,69,1613,1249,8,0,3,8,1.5,15,0,330,96,382,15,43206
2025-07-11,argo,app.shosetsu.android.domain.usecases.update,UpdateExtensionSettingUseCase,invoke,2,0,1.0,1,1.0,0,0,1,0,5,0,2,1,0.0,1,0,3,2,0.0,1,2.0,3,3,0.0,0,0.0,1.0,27,21,0.8,5,0,0,0,0,5,3,0,0,0,0,0,0,0,0,0,5,0.4,5,1.0,5,0,0,0,4,1,0,4,0,1,0,0,0,0,0,5,5,69,1613,1249,8,0,3,8,1.5,15,0,330,96,382,15,43206
2025-07-11,argo,app.shosetsu.android.domain.usecases.update,UpdateExtensionSettingUseCase,invoke,2,0,1.0,1,1.0,0,0,1,0,5,0,2,1,0.0,1,0,3,2,0.0,1,2.0,3,3,0.0,0,0.0,1.0,27,21,0.8,5,0,0,0,0,5,3,0,0,0,0,0,0,0,0,0,5,0.4,5,1.0,5,0,0,0,4,1,0,4,0,1,0,0,0,0,0,5,5,69,1613,1249,8,0,3,8,1.5,15,0,330,96,382,15,43206
2025-07-11,argo,app.shosetsu.android.domain.usecases.update,UpdateExtensionSettingUseCase,invoke,2,0,1.0,1,1.0,0,0,1,0,5,0,2,1,0.0,1,0,3,2,0.0,1,2.0,3,3,0.0,0,0.0,1.0,27,21,0.8,5,0,0,0,0,5,3,0,0,0,0,0,0,0,0,0,5,0.4,5,1.0,5,0,0,0,4,1,0,4,0,1,0,0,0,0,0,5,5,69,1613,1249,8,0,3,8,1.5,15,0,330,96,382,15,43206
2025-07-11,argo,app.shosetsu.android.domain.usecases.update,UpdateExtensionSettingUseCase,invoke,2,0,1.0,1,1.0,0,0,1,0,5,0,2,1,0.0,1,0,3,2,0.0,1,2.0,3,3,0.0,0,0.0,1.0,27,21,0.8,5,0,0,0,0,5,3,0,0,0,0,0,0,0,0,0,5,0.4,5,1.0,5,0,0,0,4,1,0,4,0,1,0,0,0,0,0,5,5,69,1613,1249,8,0,3,8,1.5,15,0,330,96,382,15,43206
2025-07-11,argo,app.shosetsu.android.domain.usecases.update,UpdateExtSelectedListing,invoke,2,0,0.0,1,1.0,0,0,1,0,4,1,2,0,0.0,0,0,0,2,0.0,1,2.0,2,0,0.0,0,0.0,1.0,6,4,0.0,1,0,0,0,0,1,0,0,0,0,0,0,0,0,0,0,2,0.0,2,2.0,1,0,0,0,1,0,0,1,0,1,0,0,0,0,0,1,1,69,1613,1249,8,0,0,2,2.0,15,0,330,96,382,15,43206
2025-07-11,argo,app.shosetsu.android.domain.usecases.update,UpdateLibraryFilterSettingsUseCase,invoke,1,0,0.0,1,1.0,0,0,1,0,3,0,1,0,0.0,0,0,1,3,0.0,0,2.5,1,1,0.0,0,0.0,0.0,5,3,0.0,1,0,0,0,0,1,1,0,0,0,0,0,0,0,0,0,1,0.0,1,1.0,1,0,0,0,1,0,0,1,0,1,0,0,0,0,0,1,1,69,1613,1249,8,0,1,3,1.0,15,0,330,96,382,15,43206
2025-07-11,argo,app.shosetsu.android.domain.usecases.update,UpdateNovelSettingUseCase,invoke,1,0,0.0,1,1.0,0,0,1,0,1,0,1,2,0.0,2,0,0,1,0.0,1,2.0,1,0,0.0,0,0.0,0.0,5,2,0.0,2,0,0,0,0,2,0,0,0,0,0,0,0,0,0,0,2,1.0,2,1.0,2,0,0,0,2,0,0,2,0,1,0,0,0,0,0,2,2,69,1613,1249,8,0,0,1,1.0,15,0,330,96,382,15,43206
2025-07-11,argo,app.shosetsu.android.domain.usecases.update,UpdateNovelSettingUseCase,invoke,1,0,0.0,1,1.0,0,0,1,0,1,0,1,0,0.0,0,0,0,1,0.0,1,2.0,1,0,0.0,0,0.0,0.0,5,2,0.0,2,0,0,0,0,2,0,0,0,0,0,0,0,0,0,0,2,1.0,2,1.0,2,0,0,0,2,0,0,2,0,1,0,0,0,0,0,2,2,69,1613,1249,8,0,0,1,1.0,15,0,330,96,382,15,43206
2025-07-11,argo,app.shosetsu.android.domain.usecases.update,UpdateNovelUseCase,invoke,1,0,0.0,1,1.0,0,0,1,0,1,0,1,0,0.0,0,0,0,1,0.0,1,2.0,1,0,0.0,0,0.0,0.0,5,2,0.0,2,0,0,0,0,2,0,0,0,0,0,0,0,0,0,0,2,1.0,2,1.0,2,0,0,0,2,0,0,2,0,1,0,0,0,0,0,2,2,69,1613,1249,8,0,0,1,1.0,15,0,330,96,382,15,43206
2025-07-11,argo,app.shosetsu.android.domain.usecases.update,UpdateNovelUseCase,invoke,1,0,0.0,1,1.0,0,0,1,0,1,0,1,0,0.0,0,0,0,1,0.0,1,2.0,1,0,0.0,0,0.0,0.0,5,2,0.0,2,0,0,0,0,2,0,0,0,0,0,0,0,0,0,0,2,1.0,2,1.0,2,0,0,0,2,0,0,2,0,1,0,0,0,0,0,2,2,69,1613,1249,8,0,0,1,1.0,15,0,330,96,382,15,43206
2025-07-11,argo,app.shosetsu.android.domain.usecases.update,UpdateRepositoryUseCase,invoke,1,0,0.0,1,1.0,0,0,1,0,1,0,1,0,0.0,0,0,0,1,0.0,1,2.0,1,0,0.0,0,0.0,0.0,5,2,0.0,2,0,0,0,0,2,0,0,0,0,0,0,0,0,0,0,2,1.0,2,1.0,2,0,0,0,2,0,0,2,0,1,0,0,0,0,0,2,2,69,1613,1249,8,0,0,1,1.0,15,0,330,96,382,15,43206
2025-07-11,argo,app.shosetsu.android.domain.usecases.update,UpdateRepositoryUseCase,invoke,1,0,0.0,1,1.0,0,0,1,0,1,0,1,2,0.0,2,0,0,1,0.0,1,2.0,1,0,0.0,0,0.0,0.0,5,2,0.0,2,0,0,0,0,2,0,0,0,0,0,0,0,0,0,0,2,1.0,2,1.0,2,0,0,0,2,0,0,2,0,1,0,0,0,0,0,2,2,69,1613,1249,8,0,0,1,1.0,15,0,330,96,382,15,43206
2025-07-11,argo,app.shosetsu.android.providers.database.converters,ChapterSortTypeConverter,toString,1,0,0.0,0,0.0,0,0,1,0,1,0,1,0,0.0,0,0,0,0,0.0,0,2.0,1,0,0.0,0,0.0,0.0,5,2,0.0,2,0,0,0,0,2,0,0,0,0,0,0,0,0,0,0,2,1.0,2,1.0,2,0,0,0,2,0,0,2,0,1,0,0,0,0,0,2,2,69,1613,1249,9,0,0,2,1.0,18,0,320,96,382,18,43206
2025-07-11,argo,app.shosetsu.android.providers.database.converters,ChapterSortTypeConverter,toSortType,1,0,0.0,1,1.0,0,0,1,0,1,0,1,0,0.0,0,0,0,2,0.0,0,2.0,1,0,0.0,0,0.0,0.0,5,2,0.0,2,0,0,0,0,2,0,0,0,0,0,0,0,0,0,0,2,1.0,2,1.0,2,0,0,0,2,0,0,2,0,1,0,0,0,0,0,2,2,69,1613,1249,9,0,0,2,1.0,18,0,320,96,382,18,43206
2025-07-11,argo,app.shosetsu.android.providers.database.converters,ChapterTypeConverter,toString,1,0,0.0,0,0.0,0,0,1,0,1,0,1,0,0.0,0,0,0,0,0.0,0,2.0,1,0,0.0,0,0.0,0.0,5,2,0.0,2,0,0,0,0,2,0,0,0,0,0,0,0,0,0,0,2,1.0,2,1.0,2,0,0,0,2,0,0,2,0,1,0,0,0,0,0,2,2,69,1613,1249,9,0,0,1,1.0,18,0,320,96,382,18,43206
2025-07-11,argo,app.shosetsu.android.providers.database.converters,ChapterTypeConverter,toSortType,1,0,0.0,0,0.0,0,0,1,0,1,0,1,0,0.0,0,0,0,1,0.0,0,0.0,1,0,0.0,0,0.0,0.0,5,2,0.0,2,0,0,0,0,2,0,0,0,0,0,0,0,0,0,0,2,1.0,2,1.0,2,0,0,0,2,0,0,2,0,1,0,0,0,0,0,2,2,69,1613,1249,9,0,0,1,1.0,18,0,320,96,382,18,43206
2025-07-11,argo,app.shosetsu.android.providers.database.converters,DownloadStatusConverter,toInt,2,0,0.0,0,0.0,0,0,1,0,1,0,2,0,0.0,0,0,0,0,0.0,0,2.0,1,0,0.0,0,0.0,0.0,5,2,0.0,2,0,0,0,0,2,0,0,0,0,0,0,0,0,0,0,2,1.0,2,1.0,2,0,0,0,2,0,0,2,0,1,0,0,0,0,0,2,2,69,1613,1249,9,0,0,1,1.5,18,0,320,96,382,18,43206
2025-07-11,argo,app.shosetsu.android.providers.database.converters,DownloadStatusConverter,toStatus,1,0,0.0,1,1.0,0,0,1,0,1,0,1,0,0.0,0,0,0,1,0.0,1,2.0,1,0,0.0,0,0.0,0.0,5,2,0.0,2,0,0,0,0,2,0,0,0,0,0,0,0,0,0,0,2,1.0,2,1.0,2,0,0,0,2,0,0,2,0,1,0,0,0,0,0,2,2,69,1613,1249,9,0,0,1,1.5,18,0,320,96,382,18,43206
2025-07-11,argo,app.shosetsu.android.providers.database.converters,ExtensionTypeConverter,toInt,1,0,0.0,0,0.0,0,0,1,0,1,0,1,0,0.0,0,0,0,0,0.0,0,2.0,1,0,0.0,0,0.0,0.0,5,2,0.0,2,0,0,0,0,2,0,0,0,0,0,0,0,0,0,0,2,1.0,2,1.0,2,0,0,0,2,0,0,2,0,1,0,0,0,0,0,2,2,69,1613,1249,9,0,0,1,1.0,18,0,320,96,382,18,43206
2025-07-11,argo,app.shosetsu.android.providers.database.converters,ExtensionTypeConverter,toExtensionType,1,0,0.0,1,1.0,0,0,1,0,1,0,1,0,0.0,0,0,0,1,0.0,1,2.0,1,0,0.0,0,0.0,0.0,5,2,0.0,2,0,0,0,0,2,0,0,0,0,0,0,0,0,0,0,2,1.0,2,1.0,2,0,0,0,2,0,0,2,0,1,0,0,0,0,0,2,2,69,1613,1249,9,0,0,1,1.0,18,0,320,96,382,18,43206
2025-07-11,argo,app.shosetsu.android.providers.database.converters,ListConverter,toArray,1,0,0.0,1,1.0,0,0,1,0,1,0,1,0,0.0,0,0,0,1,0.0,1,2.0,1,0,0.0,0,0.0,0.0,5,2,0.0,2,0,0,0,0,2,0,0,0,0,0,0,0,0,0,0,2,1.0,2,1.0,2,0,0,0,2,0,0,2,0,1,0,0,0,0,0,2,2,69,1613,1249,9,0,0,2,1.0,18,0,320,96,382,18,43206
2025-07-11,argo,app.shosetsu.android.providers.database.converters,ListConverter,toList,1,0,0.0,0,0.0,0,0,1,0,1,0,1,0,0.0,1,0,0,1,0.0,1,2.0,1,0,0.0,0,0.0,0.0,5,2,0.0,2,0,0,0,0,2,0,0,0,0,0,0,0,0,0,0,2,1.0,2,1.0,2,0,0,0,2,0,0,2,0,1,0,0,0,0,0,2,2,69,1613,1249,9,0,0,2,1.0,18,0,320,96,382,18,43206
2025-07-11,argo,app.shosetsu.android.providers.database.converters,NovelStatusConverter,toInt,1,0,0.0,0,0.0,0,0,1,0,1,0,1,0,0.0,0,0,0,0,0.0,0,2.0,1,0,0.0,0,0.0,0.0,5,2,0.0,2,0,0,0,0,2,0,0,0,0,0,0,0,0,0,0,2,1.0,2,1.0,2,0,0,0,2,0,0,2,0,1,0,0,0,0,0,2,2,69,1613,1249,9,0,0,1,1.0,18,0,320,96,382,18,43206
2025-07-11,argo,app.shosetsu.android.providers.database.converters,NovelStatusConverter,toStatus,1,0,0.0,0,0.0,0,0,1,0,1,0,1,0,0.0,0,0,0,1,0.0,0,0.0,1,0,0.0,0,0.0,0.0,5,2,0.0,2,0,0,0,0,2,0,0,0,0,0,0,0,0,0,0,2,1.0,2,1.0,2,0,0,0,2,0,0,2,0,1,0,0,0,0,0,2,2,69,1613,1249,9,0,0,1,1.0,18,0,320,96,382,18,43206
2025-07-11,argo,app.shosetsu.android.providers.database.converters,ReadingStatusConverter,toInt,1,0,0.0,0,0.0,0,0,1,0,1,0,1,0,0.0,0,0,0,0,0.0,0,2.0,1,0,0.0,0,0.0,0.0,5,2,0.0,2,0,0,0,0,2,0,0,0,0,0,0,0,0,0,0,2,1.0,2,1.0,2,0,0,0,2,0,0,2,0,1,0,0,0,0,0,2,2,69,1613,1249,9,0,0,2,1.0,18,0,320,96,382,18,43206
2025-07-11,argo,app.shosetsu.android.providers.database.converters,ReadingStatusConverter,toStatus,1,0,0.0,1,1.0,0,0,1,0,1,0,1,0,0.0,0,0,0,2,0.0,0,2.0,1,0,0.0,0,0.0,0.0,5,2,0.0,2,0,0,0,0,2,0,0,0,0,0,0,0,0,0,0,2,1.0,2,1.0,2,0,0,0,2,0,0,2,0,1,0,0,0,0,0,2,2,69,1613,1249,9,0,0,2,1.0,18,0,320,96,382,18,43206
2025-07-11,argo,app.shosetsu.android.providers.database.converters,StringArrayConverters,toString,1,0,0.0,1,1.0,0,0,1,0,1,0,1,0,0.0,0,0,0,1,0.0,1,2.0,1,0,0.0,0,0.0,0.0,5,2,0.0,2,0,0,0,0,2,0,0,0,0,0,0,0,0,0,0,2,1.0,2,1.0,2,0,0,0,2,0,0,2,0,1,0,0,0,0,0,2,2,69,1613,1249,9,0,0,2,1.0,18,0,320,96,382,18,43206
2025-07-11,argo,app.shosetsu.android.providers.database.converters,StringArrayConverters,toArray,1,0,0.0,1,1.0,0,0,1,0,1,0,1,0,0.0,0,0,0,1,0.0,1,2.0,1,0,0.0,0,0.0,0.0,5,2,0.0,2,0,0,0,0,2,0,0,0,0,0,0,0,0,0,0,2,1.0,2,1.0,2,0,0,0,2,0,0,2,0,1,0,0,0,0,0,2,2,69,1613,1249,9,0,0,2,1.0,18,0,320,96,382,18,43206
2025-07-11,argo,app.shosetsu.android.providers.database.converters,VersionConverter,toString,2,0,0.0,1,1.0,0,0,1,0,4,1,2,0,0.0,0,0,0,3,0.0,0,3.0,1,0,0.0,0,0.0,1.0,11,8,0.0,2,0,0,0,0,3,0,0,0,0,0,0,0,0,0,0,4,1.0,4,2.0,2,0,0,0,2,0,0,2,0,1,0,0,0,0,0,2,2,69,1613,1249,9,0,0,5,2.0,18,0,320,96,382,18,43206
2025-07-11,argo,app.shosetsu.android.providers.database.converters,VersionConverter,toVersion,2,0,0.0,1,1.0,0,0,1,0,4,1,2,0,0.0,0,0,0,2,0.0,1,2.0,1,0,0.0,0,0.0,1.0,11,8,0.0,2,0,0,0,0,3,0,0,0,0,0,0,0,0,0,0,4,1.0,4,2.0,2,0,0,0,2,0,0,2,0,1,0,0,0,0,0,2,2,69,1613,1249,9,0,0,5,2.0,18,0,320,96,382,18,43206
2025-07-11,argo,app.shosetsu.android.providers.database.dao,RepositoryDao,insertRepositoryAndReturn,1,0,1.0,0,0.0,0,0,1,0,1,0,1,1,0.0,1,0,0,0,0.0,0,0.0,1,0,0.0,0,0.0,0.18181818181818182,32,13,0.36363636363636365,11,0,0,1,0,9,2,0,0,0,0,0,0,0,0,0,6,1.0,6,1.5,11,0,0,0,11,0,0,11,8,1,0,0,0,0,0,11,11,69,1613,1249,10,0,2,8,1.5,55,10,981,96,382,11,43206
2025-07-11,argo,app.shosetsu.android.providers.database.dao,RepositoryDao,loadRepositoryFromURL,0,0,1.0,0,0.0,0,0,1,0,0,0,0,0,0.0,0,0,0,0,0.0,0,0.0,1,0,0.0,0,0.0,0.18181818181818182,32,13,0.36363636363636365,11,0,0,1,0,9,2,0,0,0,0,0,0,0,0,0,6,1.0,6,1.5,11,0,0,0,11,0,0,11,8,1,0,0,0,0,0,11,11,69,1613,1249,10,0,2,8,1.5,55,10,981,96,382,11,43206
2025-07-11,argo,app.shosetsu.android.providers.database.dao,RepositoryDao,loadRepositoryFromROWID,0,0,0.0,0,0.0,0,0,1,0,0,0,0,0,0.0,0,0,0,0,0.0,0,0.0,1,0,0.0,0,0.0,0.18181818181818182,32,13,0.36363636363636365,11,0,0,1,0,9,2,0,0,0,0,0,0,0,0,0,6,1.0,6,1.5,11,0,0,0,11,0,0,11,8,1,0,0,0,0,0,11,11,69,1613,1249,10,0,2,8,1.5,55,10,981,96,382,11,43206
2025-07-11,argo,app.shosetsu.android.providers.database.dao,RepositoryDao,loadRepositoryFromID,0,0,1.0,0,0.0,0,0,1,0,0,0,0,0,0.0,0,0,0,0,0.0,0,0.0,1,0,0.0,0,0.0,0.18181818181818182,32,13,0.36363636363636365,11,0,0,1,0,9,2,0,0,0,0,0,0,0,0,0,6,1.0,6,1.5,11,0,0,0,11,0,0,11,8,1,0,0,0,0,0,11,11,69,1613,1249,10,0,2,8,1.5,55,10,981,96,382,11,43206
2025-07-11,argo,app.shosetsu.android.providers.database.dao,RepositoryDao,loadRepositoriesLive,0,0,1.0,0,0.0,0,0,1,0,0,0,0,0,0.0,0,0,0,0,0.0,0,0.0,0,0,0.0,0,0.0,0.18181818181818182,32,13,0.36363636363636365,11,0,0,1,0,9,2,0,0,0,0,0,0,0,0,0,6,1.0,6,1.5,11,0,0,0,11,0,0,11,8,1,0,0,0,0,0,11,11,69,1613,1249,10,0,2,8,1.5,55,10,981,96,382,11,43206
2025-07-11,argo,app.shosetsu.android.providers.database.dao,RepositoryDao,loadRepositories,0,0,1.0,0,0.0,0,0,1,0,0,0,0,0,0.0,0,0,0,0,0.0,0,0.0,0,0,0.0,0,0.0,0.18181818181818182,32,13,0.36363636363636365,11,0,0,1,0,9,2,0,0,0,0,0,0,0,0,0,6,1.0,6,1.5,11,0,0,0,11,0,0,11,8,1,0,0,0,0,0,11,11,69,1613,1249,10,0,2,8,1.5,55,10,981,96,382,11,43206
2025-07-11,argo,app.shosetsu.android.providers.database.dao,RepositoryDao,repositoryCountFromURL,0,0,1.0,0,0.0,0,0,1,0,0,0,0,0,0.0,0,0,0,0,0.0,0,0.0,1,0,0.0,0,0.0,0.18181818181818182,32,13,0.36363636363636365,11,0,0,1,0,9,2,0,0,0,0,0,0,0,0,0,6,1.0,6,1.5,11,0,0,0,11,0,0,11,8,1,0,0,0,0,0,11,11,69,1613,1249,10,0,2,8,1.5,55,10,981,96,382,11,43206
2025-07-11,argo,app.shosetsu.android.providers.database.dao,RepositoryDao,repositoryCountAndROWIDFromURL,0,0,1.0,0,0.0,0,0,1,0,0,0,0,0,0.0,0,0,0,0,0.0,0,0.0,1,0,0.0,0,0.0,0.18181818181818182,32,13,0.36363636363636365,11,0,0,1,0,9,2,0,0,0,0,0,0,0,0,0,6,1.0,6,1.5,11,0,0,0,11,0,0,11,8,1,0,0,0,0,0,11,11,69,1613,1249,10,0,2,8,1.5,55,10,981,96,382,11,43206
2025-07-11,argo,app.shosetsu.android.providers.database.dao,RepositoryDao,doesRepositoryExist,1,0,1.0,0,0.0,0,0,1,0,1,0,1,1,0.0,1,0,0,0,0.0,0,0.0,1,0,0.0,0,0.0,0.18181818181818182,32,13,0.36363636363636365,11,0,0,1,0,9,2,0,0,0,0,0,0,0,0,0,6,1.0,6,1.5,11,0,0,0,11,0,0,11,8,1,0,0,0,0,0,11,11,69,1613,1249,10,0,2,8,1.5,55,10,981,96,382,11,43206
2025-07-11,argo,app.shosetsu.android.providers.database.dao,RepositoryDao,initializeData,2,0,1.0,2,1.0,0,0,1,0,4,1,2,2,0.0,1,0,1,4,0.0,0,2.6666666666666665,0,1,0.0,0,0.0,0.18181818181818182,32,13,0.36363636363636365,11,0,0,1,0,9,2,0,0,0,0,0,0,0,0,0,6,1.0,6,1.5,11,0,0,0,11,0,0,11,8,1,0,0,0,0,0,11,11,69,1613,1249,10,0,2,8,1.5,55,10,981,96,382,11,43206
2025-07-11,argo,app.shosetsu.android.providers.database.dao,RepositoryDao,createIfNotExist,2,0,2.0,2,1.0,0,0,1,0,7,1,2,2,0.0,2,0,1,4,0.0,0,2.25,1,1,0.0,0,0.0,0.18181818181818182,32,13,0.36363636363636365,11,0,0,1,0,9,2,0,0,0,0,0,0,0,0,0,6,1.0,6,1.5,11,0,0,0,11,0,0,11,8,1,0,0,0,0,0,11,11,69,1613,1249,10,0,2,8,1.5,55,10,981,96,382,11,43206
2025-07-11,argo,app.shosetsu.android.providers.database.migrations,RemoveMigration,deleteColumnFromTable,18,13,1.0,12,0.96,0,0,1,0,65,3,18,1,0.0,1,0,1,27,0.0,2,2.026315789473684,3,1,0.0,0,0.0,1.0,76,73,0.5,2,0,0,1,0,4,1,0,0,0,0,0,0,0,0,0,11,1.0,11,5.5,2,0,0,0,1,1,0,1,1,0,0,0,0,0,0,2,2,69,1613,1249,1,0,1,29,11.5,2,0,546,96,382,2,43206
2025-07-11,argo,app.shosetsu.android.providers.database.migrations,RemoveMigration,extractColumnInfo,5,5,0.0,2,1.0,0,0,1,0,8,0,5,0,0.0,0,0,0,2,0.0,1,2.0,1,0,0.0,0,0.0,1.0,76,73,0.5,2,0,0,1,0,4,1,0,0,0,0,0,0,0,0,0,11,1.0,11,5.5,2,0,0,0,1,1,0,1,1,0,0,0,0,0,0,2,2,69,1613,1249,1,0,1,29,11.5,2,0,546,96,382,2,43206
2025-07-11,argo,app.shosetsu.android.providers.file.impl,AndroidFileSystemProvider,path,2,0,0.0,0,0.0,0,0,1,0,5,1,2,0,0.0,0,3,0,1,3.0,0,2.0,0,0,0.0,0,0.0,1.0,125,88,0.85,20,6,18,1,0,7,1,0,6,0,0,6,0,0,0,0,41,0.4,41,2.05,20,18,6,0,18,2,0,18,4,1,0,0,0,0,0,20,20,69,1613,1249,1,0,0,31,2.2222222222222223,20,0,264,96,382,20,43206
2025-07-11,argo,app.shosetsu.android.providers.file.impl,AndroidFileSystemProvider,path,2,0,0.0,0,0.0,0,0,1,0,5,1,2,0,0.0,0,3,0,1,3.0,0,2.0,0,0,0.0,0,0.0,1.0,125,88,0.85,20,6,18,1,0,7,1,0,6,0,0,6,0,0,0,0,41,0.4,41,2.05,20,18,6,0,18,2,0,18,4,1,0,0,0,0,0,20,20,69,1613,1249,1,0,0,31,2.2222222222222223,20,0,264,96,382,20,43206
2025-07-11,argo,app.shosetsu.android.providers.file.impl,AndroidFileSystemProvider,listFiles,1,0,1.0,0,0.0,0,0,1,0,1,0,1,2,0.0,2,0,0,4,0.0,4,3.0,2,0,0.0,0,0.0,1.0,125,88,0.85,20,6,18,1,0,7,1,0,6,0,0,6,0,0,0,0,41,0.4,41,2.05,20,18,6,0,18,2,0,18,4,1,0,0,0,0,0,20,20,69,1613,1249,1,0,0,31,2.2222222222222223,20,0,264,96,382,20,43206
2025-07-11,argo,app.shosetsu.android.providers.file.impl,AndroidFileSystemProvider,listFiles,1,0,1.0,0,0.0,0,0,1,0,1,0,1,2,0.0,2,0,0,4,0.0,4,3.0,2,0,0.0,0,0.0,1.0,125,88,0.85,20,6,18,1,0,7,1,0,6,0,0,6,0,0,0,0,41,0.4,41,2.05,20,18,6,0,18,2,0,18,4,1,0,0,0,0,0,20,20,69,1613,1249,1,0,0,31,2.2222222222222223,20,0,264,96,382,20,43206
2025-07-11,argo,app.shosetsu.android.providers.file.impl,AndroidFileSystemProvider,doesFileExist,1,0,1.0,0,0.0,0,0,1,0,1,0,1,2,0.0,2,0,0,2,0.0,2,2.0,2,0,0.0,0,0.0,1.0,125,88,0.85,20,6,18,1,0,7,1,0,6,0,0,6,0,0,0,0,41,0.4,41,2.05,20,18,6,0,18,2,0,18,4,1,0,0,0,0,0,20,20,69,1613,1249,1,0,0,31,2.2222222222222223,20,0,264,96,382,20,43206
2025-07-11,argo,app.shosetsu.android.providers.file.impl,AndroidFileSystemProvider,doesFileExist,3,0,1.0,0,0.0,0,0,1,0,1,1,3,2,0.0,2,0,0,2,0.0,2,2.0,2,0,0.0,0,0.0,1.0,125,88,0.85,20,6,18,1,0,7,1,0,6,0,0,6,0,0,0,0,41,0.4,41,2.05,20,18,6,0,18,2,0,18,4,1,0,0,0,0,0,20,20,69,1613,1249,1,0,0,31,2.2222222222222223,20,0,264,96,382,20,43206
2025-07-11,argo,app.shosetsu.android.providers.file.impl,AndroidFileSystemProvider,readFile,4,1,0.0,3,0.6667,0,0,1,0,6,2,4,2,0.0,2,0,0,6,0.0,1,2.0,2,0,0.0,0,0.0,1.0,125,88,0.85,20,6,18,1,0,7,1,0,6,0,0,6,0,0,0,0,41,0.4,41,2.05,20,18,6,0,18,2,0,18,4,1,0,0,0,0,0,20,20,69,1613,1249,1,0,0,31,2.2222222222222223,20,0,264,96,382,20,43206
2025-07-11,argo,app.shosetsu.android.providers.file.impl,AndroidFileSystemProvider,readFile,4,1,0.0,3,0.6667,0,0,1,0,6,2,4,2,0.0,2,0,0,6,0.0,1,2.0,2,0,0.0,0,0.0,1.0,125,88,0.85,20,6,18,1,0,7,1,0,6,0,0,6,0,0,0,0,41,0.4,41,2.05,20,18,6,0,18,2,0,18,4,1,0,0,0,0,0,20,20,69,1613,1249,1,0,0,31,2.2222222222222223,20,0,264,96,382,20,43206
2025-07-11,argo,app.shosetsu.android.providers.file.impl,AndroidFileSystemProvider,readFile,3,1,0.0,3,0.6667,0,0,1,0,6,2,3,0,0.0,0,0,0,5,0.0,1,2.0,1,0,0.0,0,0.0,1.0,125,88,0.85,20,6,18,1,0,7,1,0,6,0,0,6,0,0,0,0,41,0.4,41,2.05,20,18,6,0,18,2,0,18,4,1,0,0,0,0,0,20,20,69,1613,1249,1,0,0,31,2.2222222222222223,20,0,264,96,382,20,43206
2025-07-11,argo,app.shosetsu.android.providers.file.impl,AndroidFileSystemProvider,deleteFile,3,1,1.0,3,0.6667,0,0,1,0,6,2,3,2,0.0,2,0,0,6,0.0,1,2.0,2,0,0.0,0,0.0,1.0,125,88,0.85,20,6,18,1,0,7,1,0,6,0,0,6,0,0,0,0,41,0.4,41,2.05,20,18,6,0,18,2,0,18,4,1,0,0,0,0,0,20,20,69,1613,1249,1,0,0,31,2.2222222222222223,20,0,264,96,382,20,43206
2025-07-11,argo,app.shosetsu.android.providers.file.impl,AndroidFileSystemProvider,deleteFile,3,1,1.0,3,0.6667,0,0,1,0,6,2,3,2,0.0,2,0,0,6,0.0,1,2.0,2,0,0.0,0,0.0,1.0,125,88,0.85,20,6,18,1,0,7,1,0,6,0,0,6,0,0,0,0,41,0.4,41,2.05,20,18,6,0,18,2,0,18,4,1,0,0,0,0,0,20,20,69,1613,1249,1,0,0,31,2.2222222222222223,20,0,264,96,382,20,43206
2025-07-11,argo,app.shosetsu.android.providers.file.impl,AndroidFileSystemProvider,writeFile,3,1,1.0,3,0.6667,0,0,1,0,6,2,3,2,0.0,2,0,0,7,0.0,2,2.0,3,0,0.0,0,0.0,1.0,125,88,0.85,20,6,18,1,0,7,1,0,6,0,0,6,0,0,0,0,41,0.4,41,2.05,20,18,6,0,18,2,0,18,4,1,0,0,0,0,0,20,20,69,1613,1249,1,0,0,31,2.2222222222222223,20,0,264,96,382,20,43206
2025-07-11,argo,app.shosetsu.android.providers.file.impl,AndroidFileSystemProvider,writeFile,3,1,1.0,3,0.6667,0,0,1,0,6,2,3,2,0.0,2,0,1,10,0.0,2,2.111111111111111,3,1,0.0,0,0.0,1.0,125,88,0.85,20,6,18,1,0,7,1,0,6,0,0,6,0,0,0,0,41,0.4,41,2.05,20,18,6,0,18,2,0,18,4,1,0,0,0,0,0,20,20,69,1613,1249,1,0,0,31,2.2222222222222223,20,0,264,96,382,20,43206
2025-07-11,argo,app.shosetsu.android.providers.file.impl,AndroidFileSystemProvider,writeFile,3,1,1.0,3,0.6667,0,0,1,0,6,2,3,2,0.0,2,0,0,7,0.0,2,2.0,3,0,0.0,0,0.0,1.0,125,88,0.85,20,6,18,1,0,7,1,0,6,0,0,6,0,0,0,0,41,0.4,41,2.05,20,18,6,0,18,2,0,18,4,1,0,0,0,0,0,20,20,69,1613,1249,1,0,0,31,2.2222222222222223,20,0,264,96,382,20,43206
2025-07-11,argo,app.shosetsu.android.providers.file.impl,AndroidFileSystemProvider,createDirectory,1,1,1.0,1,1.0,0,0,1,0,4,0,1,2,0.0,2,0,0,2,0.0,1,2.0,2,0,0.0,0,0.0,1.0,125,88,0.85,20,6,18,1,0,7,1,0,6,0,0,6,0,0,0,0,41,0.4,41,2.05,20,18,6,0,18,2,0,18,4,1,0,0,0,0,0,20,20,69,1613,1249,1,0,0,31,2.2222222222222223,20,0,264,96,382,20,43206
2025-07-11,argo,app.shosetsu.android.providers.file.impl,AndroidFileSystemProvider,createDirectory,1,1,1.0,1,1.0,0,0,1,0,4,0,1,2,0.0,2,0,0,2,0.0,1,2.0,2,0,0.0,0,0.0,1.0,125,88,0.85,20,6,18,1,0,7,1,0,6,0,0,6,0,0,0,0,41,0.4,41,2.05,20,18,6,0,18,2,0,18,4,1,0,0,0,0,0,20,20,69,1613,1249,1,0,0,31,2.2222222222222223,20,0,264,96,382,20,43206
2025-07-11,argo,app.shosetsu.android.providers.file.impl,AndroidFileSystemProvider,retrievePath,3,1,1.0,1,1.0,0,0,1,0,5,1,3,2,0.0,2,0,0,2,0.0,1,2.0,2,0,0.0,0,0.0,1.0,125,88,0.85,20,6,18,1,0,7,1,0,6,0,0,6,0,0,0,0,41,0.4,41,2.05,20,18,6,0,18,2,0,18,4,1,0,0,0,0,0,20,20,69,1613,1249,1,0,0,31,2.2222222222222223,20,0,264,96,382,20,43206
2025-07-11,argo,app.shosetsu.android.providers.file.impl,AndroidFileSystemProvider,retrievePath,3,1,1.0,1,1.0,0,0,1,0,5,1,3,2,0.0,2,0,0,2,0.0,1,2.0,2,0,0.0,0,0.0,1.0,125,88,0.85,20,6,18,1,0,7,1,0,6,0,0,6,0,0,0,0,41,0.4,41,2.05,20,18,6,0,18,2,0,18,4,1,0,0,0,0,0,20,20,69,1613,1249,1,0,0,31,2.2222222222222223,20,0,264,96,382,20,43206
2025-07-11,argo,app.shosetsu.android.providers.file.impl,AndroidFileSystemProvider,createFile,1,1,1.0,1,1.0,0,0,1,0,4,0,1,2,0.0,2,0,0,2,0.0,1,2.0,2,0,0.0,0,0.0,1.0,125,88,0.85,20,6,18,1,0,7,1,0,6,0,0,6,0,0,0,0,41,0.4,41,2.05,20,18,6,0,18,2,0,18,4,1,0,0,0,0,0,20,20,69,1613,1249,1,0,0,31,2.2222222222222223,20,0,264,96,382,20,43206
2025-07-11,argo,app.shosetsu.android.providers.file.impl,AndroidFileSystemProvider,createFile,1,1,1.0,1,1.0,0,0,1,0,4,0,1,2,0.0,2,0,0,2,0.0,1,2.0,2,0,0.0,0,0.0,1.0,125,88,0.85,20,6,18,1,0,7,1,0,6,0,0,6,0,0,0,0,41,0.4,41,2.05,20,18,6,0,18,2,0,18,4,1,0,0,0,0,0,20,20,69,1613,1249,1,0,0,31,2.2222222222222223,20,0,264,96,382,20,43206
2025-07-11,argo,app.shosetsu.android.ui.about,AboutController,onCreateView,1,0,0.0,2,1.0,1,0,1,0,4,0,1,0,1.0,0,1,0,3,0.33,0,2.0,3,0,0.0,0,0.0,0.18181818181818182,39,23,0.7272727272727273,11,2,1,1,0,5,3,0,1,0,0,2,0,0,0,0,11,1.0,11,1.0,11,1,2,0,1,10,0,1,1,1,0,0,0,0,0,11,11,69,1613,1249,1,0,3,11,1.0,14,0,311,96,382,11,43206
2025-07-11,argo,app.shosetsu.android.ui.about,AboutController,onClickLicense,1,0,0.0,1,1.0,1,0,1,0,6,0,1,0,0.0,0,0,1,6,0.0,0,3.5,0,1,0.0,0,0.0,0.18181818181818182,39,23,0.7272727272727273,11,2,1,1,0,5,3,0,1,0,0,2,0,0,0,0,11,1.0,11,1.0,11,1,2,0,1,10,0,1,1,1,0,0,0,0,0,11,11,69,1613,1249,1,0,3,11,1.0,14,0,311,96,382,11,43206
2025-07-11,argo,app.shosetsu.android.ui.about,AboutController,onClickDisclaimer,1,0,1.0,0,0.0,1,0,1,0,3,0,1,1,0.0,1,0,1,0,0.0,0,0.0,0,1,0.0,0,0.0,0.18181818181818182,39,23,0.7272727272727273,11,2,1,1,0,5,3,0,1,0,0,2,0,0,0,0,11,1.0,11,1.0,11,1,2,0,1,10,0,1,1,1,0,0,0,0,0,11,11,69,1613,1249,1,0,3,11,1.0,14,0,311,96,382,11,43206
2025-07-11,argo,app.shosetsu.android.ui.about,AboutController,openSite,1,0,0.0,1,1.0,1,0,1,0,3,0,1,0,0.0,0,0,1,2,0.0,0,2.0,1,1,0.0,0,0.0,0.18181818181818182,39,23,0.7272727272727273,11,2,1,1,0,5,3,0,1,0,0,2,0,0,0,0,11,1.0,11,1.0,11,1,2,0,1,10,0,1,1,1,0,0,0,0,0,11,11,69,1613,1249,1,0,3,11,1.0,14,0,311,96,382,11,43206
2025-07-11,argo,app.shosetsu.android.ui.about,AboutController,openWebsite,1,0,1.0,0,0.0,1,0,1,0,1,0,1,1,0.0,1,0,0,0,0.0,0,0.0,0,0,0.0,0,0.0,0.18181818181818182,39,23,0.7272727272727273,11,2,1,1,0,5,3,0,1,0,0,2,0,0,0,0,11,1.0,11,1.0,11,1,2,0,1,10,0,1,1,1,0,0,0,0,0,11,11,69,1613,1249,1,0,3,11,1.0,14,0,311,96,382,11,43206
2025-07-11,argo,app.shosetsu.android.ui.about,AboutController,openExtensions,1,0,1.0,0,0.0,1,0,1,0,1,0,1,1,0.0,1,0,0,0,0.0,0,0.0,0,0,0.0,0,0.0,0.18181818181818182,39,23,0.7272727272727273,11,2,1,1,0,5,3,0,1,0,0,2,0,0,0,0,11,1.0,11,1.0,11,1,2,0,1,10,0,1,1,1,0,0,0,0,0,11,11,69,1613,1249,1,0,3,11,1.0,14,0,311,96,382,11,43206
2025-07-11,argo,app.shosetsu.android.ui.about,AboutController,openDiscord,1,0,1.0,0,0.0,1,0,1,0,1,0,1,1,0.0,1,0,0,0,0.0,0,0.0,0,0,0.0,0,0.0,0.18181818181818182,39,23,0.7272727272727273,11,2,1,1,0,5,3,0,1,0,0,2,0,0,0,0,11,1.0,11,1.0,11,1,2,0,1,10,0,1,1,1,0,0,0,0,0,11,11,69,1613,1249,1,0,3,11,1.0,14,0,311,96,382,11,43206
2025-07-11,argo,app.shosetsu.android.ui.about,AboutController,openMatrix,1,0,1.0,0,0.0,1,0,1,0,1,0,1,1,0.0,1,0,0,0,0.0,0,0.0,0,0,0.0,0,0.0,0.18181818181818182,39,23,0.7272727272727273,11,2,1,1,0,5,3,0,1,0,0,2,0,0,0,0,11,1.0,11,1.0,11,1,2,0,1,10,0,1,1,1,0,0,0,0,0,11,11,69,1613,1249,1,0,3,11,1.0,14,0,311,96,382,11,43206
2025-07-11,argo,app.shosetsu.android.ui.about,AboutController,openPatreon,1,0,1.0,0,0.0,1,0,1,0,1,0,1,1,0.0,1,0,0,0,0.0,0,0.0,0,0,0.0,0,0.0,0.18181818181818182,39,23,0.7272727272727273,11,2,1,1,0,5,3,0,1,0,0,2,0,0,0,0,11,1.0,11,1.0,11,1,2,0,1,10,0,1,1,1,0,0,0,0,0,11,11,69,1613,1249,1,0,3,11,1.0,14,0,311,96,382,11,43206
2025-07-11,argo,app.shosetsu.android.ui.about,AboutController,openGithub,1,0,1.0,0,0.0,1,0,1,0,1,0,1,1,0.0,1,0,0,0,0.0,0,0.0,0,0,0.0,0,0.0,0.18181818181818182,39,23,0.7272727272727273,11,2,1,1,0,5,3,0,1,0,0,2,0,0,0,0,11,1.0,11,1.0,11,1,2,0,1,10,0,1,1,1,0,0,0,0,0,11,11,69,1613,1249,1,0,3,11,1.0,14,0,311,96,382,11,43206
2025-07-11,argo,app.shosetsu.android.ui.about,AboutController,openPrivacy,1,0,1.0,0,0.0,1,0,1,0,1,0,1,1,0.0,1,0,0,0,0.0,0,0.0,0,0,0.0,0,0.0,0.18181818181818182,39,23,0.7272727272727273,11,2,1,1,0,5,3,0,1,0,0,2,0,0,0,0,11,1.0,11,1.0,11,1,2,0,1,10,0,1,1,1,0,0,0,0,0,11,11,69,1613,1249,1,0,3,11,1.0,14,0,311,96,382,11,43206
2025-07-11,argo,app.shosetsu.android.ui.add,AddShareController,onViewCreated,3,0,0.0,1,1.0,1,0,1,0,3,0,3,0,1.0,0,2,0,3,1.0,0,2.5,2,0,0.0,0,0.7,0.8,77,65,0.0,5,3,4,1,0,7,1,0,1,0,0,2,0,0,1,0,7,0.8,7,1.4,5,4,3,0,4,1,0,4,3,1,0,0,0,0,0,5,5,69,1613,1249,1,0,1,52,2.6,7,0,502,96,382,5,43206
2025-07-11,argo,app.shosetsu.android.ui.add,AddShareController,onCreateView,2,13,0.0,16,1.0,1,0,1,0,24,1,2,0,1.0,0,1,0,34,0.06,1,2.736842105263158,3,0,0.0,0,0.7,0.8,77,65,0.0,5,3,4,1,0,7,1,0,1,0,0,2,0,0,1,0,7,0.8,7,1.4,5,4,3,0,4,1,0,4,3,1,0,0,0,0,0,5,5,69,1613,1249,1,0,1,52,2.6,7,0,502,96,382,5,43206
2025-07-11,argo,app.shosetsu.android.ui.add,AddShareController,handleResult,4,0,0.0,5,0.6,1,0,1,0,25,1,4,0,0.6666666666666666,0,1,0,9,1.0,1,2.142857142857143,1,0,0.0,0,0.7,0.8,77,65,0.0,5,3,4,1,0,7,1,0,1,0,0,2,0,0,1,0,7,0.8,7,1.4,5,4,3,0,4,1,0,4,3,1,0,0,0,0,0,5,5,69,1613,1249,1,0,1,52,2.6,7,0,502,96,382,5,43206
2025-07-11,argo,app.shosetsu.android.ui.add,AddShareController,onLifecycleCreate,1,0,0.0,1,1.0,1,0,1,0,4,0,1,0,0.25,1,1,1,1,0.5,1,2.0,2,0,0.0,0,0.7,0.8,77,65,0.0,5,3,4,1,0,7,1,0,1,0,0,2,0,0,1,0,7,0.8,7,1.4,5,4,3,0,4,1,0,4,3,1,0,0,0,0,0,5,5,69,1613,1249,1,0,1,52,2.6,7,0,502,96,382,5,43206
2025-07-11,argo,app.shosetsu.android.ui.add,AddShareController,onDestroy,3,0,0.0,2,1.0,1,0,1,0,9,1,3,0,1.0,1,1,0,5,1.0,1,2.3333333333333335,0,0,0.0,0,0.7,0.8,77,65,0.0,5,3,4,1,0,7,1,0,1,0,0,2,0,0,1,0,7,0.8,7,1.4,5,4,3,0,4,1,0,4,3,1,0,0,0,0,0,5,5,69,1613,1249,1,0,1,52,2.6,7,0,502,96,382,5,43206
2025-07-11,argo,app.shosetsu.android.ui.backup,BackupFragment,onCreateView,1,0,1.0,2,1.0,1,0,1,0,7,0,1,2,1.0,1,1,0,4,0.33,1,2.0,3,0,0.0,0,0.6666666666666666,1.0,50,37,0.25,4,4,2,1,1,6,2,0,0,0,1,2,0,0,2,0,7,0.6666666666666667,7,1.75,4,2,4,0,2,2,0,2,2,1,0,0,0,0,0,4,4,69,1613,1249,1,0,1,23,1.75,6,0,412,96,382,4,43206
2025-07-11,argo,app.shosetsu.android.ui.backup,BackupFragment,onLifecycleCreate,3,0,0.0,5,0.6667,1,0,1,0,19,1,3,0,0.5555555555555556,0,3,1,9,1.5,1,2.2222222222222223,2,0,0.0,0,0.6666666666666666,1.0,50,37,0.25,4,4,2,1,1,6,2,0,0,0,1,2,0,0,2,0,7,0.6666666666666667,7,1.75,4,2,4,0,2,2,0,2,2,1,0,0,0,0,0,4,4,69,1613,1249,1,0,1,23,1.75,6,0,412,96,382,4,43206
2025-07-11,argo,app.shosetsu.android.ui.backup,BackupFragment,performExportSelection,2,1,0.0,3,1.0,1,0,1,0,8,1,2,1,1.0,1,2,0,9,2.0,1,3.0,0,0,0.0,0,0.6666666666666666,1.0,50,37,0.25,4,4,2,1,1,6,2,0,0,0,1,2,0,0,2,0,7,0.6666666666666667,7,1.75,4,2,4,0,2,2,0,2,2,1,0,0,0,0,0,4,4,69,1613,1249,1,0,1,23,1.75,6,0,412,96,382,4,43206
2025-07-11,argo,app.shosetsu.android.ui.backup,BackupFragment,performFileSelection,1,0,0.0,1,1.0,1,0,1,0,3,0,1,0,1.0,0,1,0,1,1.0,1,2.0,0,0,0.0,0,0.6666666666666666,1.0,50,37,0.25,4,4,2,1,1,6,2,0,0,0,1,2,0,0,2,0,7,0.6666666666666667,7,1.75,4,2,4,0,2,2,0,2,2,1,0,0,0,0,0,4,4,69,1613,1249,1,0,1,23,1.75,6,0,412,96,382,4,43206
2025-07-11,argo,app.shosetsu.android.ui.browse,BrowseController,onCreateMenu,1,0,0.0,1,1.0,1,0,1,0,3,0,1,0,0.0,0,0,1,3,0.0,0,4.0,2,1,0.0,0,0.3333333333333333,0.8,97,78,0.2,10,4,5,1,1,11,7,0,2,0,1,2,0,0,2,0,18,0.8888888888888888,18,1.8,10,5,4,0,5,5,0,5,2,1,0,0,0,0,0,10,10,69,1613,1249,2,0,5,65,2.3,27,0,867,96,382,12,43206
2025-07-11,argo,app.shosetsu.android.ui.browse,BrowseController,onPrepareMenu,1,0,0.0,1,1.0,1,0,1,0,6,0,1,0,0.0,0,0,0,6,0.0,0,3.5,1,0,0.0,0,0.3333333333333333,0.8,97,78,0.2,10,4,5,1,1,11,7,0,2,0,1,2,0,0,2,0,18,0.8888888888888888,18,1.8,10,5,4,0,5,5,0,5,2,1,0,0,0,0,0,10,10,69,1613,1249,2,0,5,65,2.3,27,0,867,96,382,12,43206
2025-07-11,argo,app.shosetsu.android.ui.browse,BrowseController,installExtension,4,0,0.0,3,1.0,1,0,1,0,9,2,4,0,0.4,1,1,0,5,0.5,1,2.25,2,0,0.0,0,0.3333333333333333,0.8,97,78,0.2,10,4,5,1,1,11,7,0,2,0,1,2,0,0,2,0,18,0.8888888888888888,18,1.8,10,5,4,0,5,5,0,5,2,1,0,0,0,0,0,10,10,69,1613,1249,2,0,5,65,2.3,27,0,867,96,382,12,43206
2025-07-11,argo,app.shosetsu.android.ui.browse,BrowseController,onCreateView,1,2,1.0,3,1.0,1,0,1,0,13,0,1,4,1.0,1,2,2,7,0.4,1,2.3333333333333335,3,2,0.0,0,0.3333333333333333,0.8,97,78,0.2,10,4,5,1,1,11,7,0,2,0,1,2,0,0,2,0,18,0.8888888888888888,18,1.8,10,5,4,0,5,5,0,5,2,1,0,0,0,0,0,10,10,69,1613,1249,2,0,5,65,2.3,27,0,867,96,382,12,43206
2025-07-11,argo,app.shosetsu.android.ui.browse,BrowseController,openSettings,1,0,0.0,2,1.0,1,0,1,0,7,0,1,0,0.5,0,1,1,6,1.0,1,2.6666666666666665,1,1,0.0,0,0.3333333333333333,0.8,97,78,0.2,10,4,5,1,1,11,7,0,2,0,1,2,0,0,2,0,18,0.8888888888888888,18,1.8,10,5,4,0,5,5,0,5,2,1,0,0,0,0,0,10,10,69,1613,1249,2,0,5,65,2.3,27,0,867,96,382,12,43206
2025-07-11,argo,app.shosetsu.android.ui.browse,BrowseController,openCatalogue,5,0,0.0,5,1.0,1,0,1,0,11,2,5,0,0.5,0,1,0,16,1.0,1,2.875,1,0,0.0,0,0.3333333333333333,0.8,97,78,0.2,10,4,5,1,1,11,7,0,2,0,1,2,0,0,2,0,18,0.8888888888888888,18,1.8,10,5,4,0,5,5,0,5,2,1,0,0,0,0,0,10,10,69,1613,1249,2,0,5,65,2.3,27,0,867,96,382,12,43206
2025-07-11,argo,app.shosetsu.android.ui.browse,BrowseController,onMenuItemSelected,3,0,1.0,2,1.0,1,0,1,0,12,1,3,1,0.0,1,0,0,4,0.0,0,3.0,1,0,0.0,0,0.3333333333333333,0.8,97,78,0.2,10,4,5,1,1,11,7,0,2,0,1,2,0,0,2,0,18,0.8888888888888888,18,1.8,10,5,4,0,5,5,0,5,2,1,0,0,0,0,0,10,10,69,1613,1249,2,0,5,65,2.3,27,0,867,96,382,12,43206
2025-07-11,argo,app.shosetsu.android.ui.browse,BrowseController,openHelpMenu,1,0,0.0,1,1.0,1,0,1,0,3,0,1,0,0.0,0,0,1,1,0.0,1,2.0,0,1,0.0,0,0.3333333333333333,0.8,97,78,0.2,10,4,5,1,1,11,7,0,2,0,1,2,0,0,2,0,18,0.8888888888888888,18,1.8,10,5,4,0,5,5,0,5,2,1,0,0,0,0,0,10,10,69,1613,1249,2,0,5,65,2.3,27,0,867,96,382,12,43206
2025-07-11,argo,app.shosetsu.android.ui.browse,BrowseController,onRefresh,3,0,0.0,1,1.0,1,0,1,0,3,1,3,0,1.0,0,1,0,4,1.0,0,2.3333333333333335,0,0,0.0,0,0.3333333333333333,0.8,97,78,0.2,10,4,5,1,1,11,7,0,2,0,1,2,0,0,2,0,18,0.8888888888888888,18,1.8,10,5,4,0,5,5,0,5,2,1,0,0,0,0,0,10,10,69,1613,1249,2,0,5,65,2.3,27,0,867,96,382,12,43206
2025-07-11,argo,app.shosetsu.android.ui.browse,BrowseController,manipulateFAB,3,0,0.0,5,0.8,1,0,1,0,11,2,3,0,1.0,0,2,0,13,3.0,0,2.6666666666666665,1,0,0.0,0,0.3333333333333333,0.8,97,78,0.2,10,4,5,1,1,11,7,0,2,0,1,2,0,0,2,0,18,0.8888888888888888,18,1.8,10,5,4,0,5,5,0,5,2,1,0,0,0,0,0,10,10,69,1613,1249,2,0,5,65,2.3,27,0,867,96,382,12,43206
2025-07-11,argo,app.shosetsu.android.ui.browse,BrowseSearchQuery,onQueryTextSubmit,3,0,0.0,1,1.0,0,0,1,0,3,0,3,0,0.0,0,0,0,4,0.0,0,3.0,1,0,0.0,0,0.0,0.0,7,4,0.0,2,0,2,1,0,2,0,0,0,0,0,0,0,0,0,0,2,1.0,2,1.0,2,2,0,0,2,0,0,2,0,1,0,0,0,0,0,2,2,69,1613,1249,2,0,0,4,2.0,27,0,867,96,382,12,43206
2025-07-11,argo,app.shosetsu.android.ui.browse,BrowseSearchQuery,onQueryTextChange,1,0,0.0,0,0.0,0,0,1,0,1,0,1,0,0.0,0,0,0,0,0.0,0,0.0,1,0,0.0,0,0.0,0.0,7,4,0.0,2,0,2,1,0,2,0,0,0,0,0,0,0,0,0,0,2,1.0,2,1.0,2,2,0,0,2,0,0,2,0,1,0,0,0,0,0,2,2,69,1613,1249,2,0,0,4,2.0,27,0,867,96,382,12,43206
2025-07-11,argo,app.shosetsu.android.ui.catalogue,CatalogController,onCreateView,6,8,1.0,12,1.0,1,1,1,0,24,2,6,1,1.0,1,2,2,38,0.18,1,2.814814814814815,3,2,0.0,0,0.8,0.7,150,126,0.2222222222222222,10,4,7,1,1,10,9,0,3,0,1,1,0,0,3,0,17,0.7111111111111111,17,1.7,10,7,4,0,7,3,0,7,3,1,0,0,0,0,0,10,10,69,1613,1249,1,0,9,146,3.2,30,0,1177,96,382,10,43206
2025-07-11,argo,app.shosetsu.android.ui.catalogue,CatalogController,itemLongClicked,5,0,0.0,3,1.0,1,1,1,0,16,1,5,0,0.25,0,1,1,24,1.0,0,2.857142857142857,1,1,0.0,0,0.8,0.7,150,126,0.2222222222222222,10,4,7,1,1,10,9,0,3,0,1,1,0,0,3,0,17,0.7111111111111111,17,1.7,10,7,4,0,7,3,0,7,3,1,0,0,0,0,0,10,10,69,1613,1249,1,0,9,146,3.2,30,0,1177,96,382,10,43206
2025-07-11,argo,app.shosetsu.android.ui.catalogue,CatalogController,onViewCreated,1,0,0.0,1,1.0,1,1,1,0,4,0,1,1,1.0,1,1,1,2,0.5,0,3.0,2,1,0.0,0,0.8,0.7,150,126,0.2222222222222222,10,4,7,1,1,10,9,0,3,0,1,1,0,0,3,0,17,0.7111111111111111,17,1.7,10,7,4,0,7,3,0,7,3,1,0,0,0,0,0,10,10,69,1613,1249,1,0,9,146,3.2,30,0,1177,96,382,10,43206
2025-07-11,argo,app.shosetsu.android.ui.catalogue,CatalogController,onDestroy,1,0,0.0,1,1.0,1,1,1,0,4,0,1,0,1.0,1,1,0,1,1.0,1,2.0,0,0,0.0,0,0.8,0.7,150,126,0.2222222222222222,10,4,7,1,1,10,9,0,3,0,1,1,0,0,3,0,17,0.7111111111111111,17,1.7,10,7,4,0,7,3,0,7,3,1,0,0,0,0,0,10,10,69,1613,1249,1,0,9,146,3.2,30,0,1177,96,382,10,43206
2025-07-11,argo,app.shosetsu.android.ui.catalogue,CatalogController,onCreateMenu,1,0,0.0,2,1.0,1,1,1,0,4,0,1,0,0.0,0,0,2,4,0.0,1,3.0,2,2,0.0,0,0.8,0.7,150,126,0.2222222222222222,10,4,7,1,1,10,9,0,3,0,1,1,0,0,3,0,17,0.7111111111111111,17,1.7,10,7,4,0,7,3,0,7,3,1,0,0,0,0,0,10,10,69,1613,1249,1,0,9,146,3.2,30,0,1177,96,382,10,43206
2025-07-11,argo,app.shosetsu.android.ui.catalogue,CatalogController,onPrepareMenu,6,0,0.0,7,0.75,1,1,1,0,28,0,6,0,0.5454545454545454,0,2,2,24,2.0,1,3.3333333333333335,1,2,0.0,0,0.8,0.7,150,126,0.2222222222222222,10,4,7,1,1,10,9,0,3,0,1,1,0,0,3,0,17,0.7111111111111111,17,1.7,10,7,4,0,7,3,0,7,3,1,0,0,0,0,0,10,10,69,1613,1249,1,0,9,146,3.2,30,0,1177,96,382,10,43206
2025-07-11,argo,app.shosetsu.android.ui.catalogue,CatalogController,onMenuItemSelected,3,0,1.0,2,1.0,1,1,1,0,22,1,3,1,0.42857142857142855,1,1,0,2,1.0,1,2.3636363636363638,1,0,0.0,0,0.8,0.7,150,126,0.2222222222222222,10,4,7,1,1,10,9,0,3,0,1,1,0,0,3,0,17,0.7111111111111111,17,1.7,10,7,4,0,7,3,0,7,3,1,0,0,0,0,0,10,10,69,1613,1249,1,0,9,146,3.2,30,0,1177,96,382,10,43206
2025-07-11,argo,app.shosetsu.android.ui.catalogue,CatalogController,openInWebView,2,1,0.0,2,1.0,1,1,1,0,7,0,2,0,1.0,1,1,0,13,1.0,1,2.625,0,0,0.0,0,0.8,0.7,150,126,0.2222222222222222,10,4,7,1,1,10,9,0,3,0,1,1,0,0,3,0,17,0.7111111111111111,17,1.7,10,7,4,0,7,3,0,7,3,1,0,0,0,0,0,10,10,69,1613,1249,1,0,9,146,3.2,30,0,1177,96,382,10,43206
2025-07-11,argo,app.shosetsu.android.ui.catalogue,CatalogController,setupObservers,1,0,0.0,3,0.6667,1,1,1,0,5,0,1,0,1.0,0,1,1,17,1.0,0,2.7857142857142856,0,1,0.0,0,0.8,0.7,150,126,0.2222222222222222,10,4,7,1,1,10,9,0,3,0,1,1,0,0,3,0,17,0.7111111111111111,17,1.7,10,7,4,0,7,3,0,7,3,1,0,0,0,0,0,10,10,69,1613,1249,1,0,9,146,3.2,30,0,1177,96,382,10,43206
2025-07-11,argo,app.shosetsu.android.ui.catalogue,CatalogController,manipulateFAB,6,1,0.0,9,0.7778,1,1,1,0,17,2,6,0,1.0,0,2,0,21,1.5,1,2.466666666666667,1,0,0.0,0,0.8,0.7,150,126,0.2222222222222222,10,4,7,1,1,10,9,0,3,0,1,1,0,0,3,0,17,0.7111111111111111,17,1.7,10,7,4,0,7,3,0,7,3,1,0,0,0,0,0,10,10,69,1613,1249,1,0,9,146,3.2,30,0,1177,96,382,10,43206
2025-07-11,argo,app.shosetsu.android.ui.catalogue.listeners,CatalogueSearchQuery,onQueryTextSubmit,1,0,0.0,1,1.0,0,0,1,0,4,0,1,0,0.0,0,0,1,2,0.0,0,3.0,1,1,0.0,0,0.0,0.0,10,7,0.0,2,0,2,1,0,2,1,0,0,0,0,0,0,0,0,0,2,1.0,2,1.0,2,2,0,0,2,0,0,2,0,1,0,0,0,0,0,2,2,69,1613,1249,1,0,1,2,1.0,2,0,39,96,382,2,43206
2025-07-11,argo,app.shosetsu.android.ui.catalogue.listeners,CatalogueSearchQuery,onQueryTextChange,1,0,0.0,0,0.0,0,0,1,0,3,0,1,0,0.0,0,0,0,0,0.0,0,0.0,1,0,0.0,0,0.0,0.0,10,7,0.0,2,0,2,1,0,2,1,0,0,0,0,0,0,0,0,0,2,1.0,2,1.0,2,2,0,0,2,0,0,2,0,1,0,0,0,0,0,2,2,69,1613,1249,1,0,1,2,1.0,2,0,39,96,382,2,43206
2025-07-11,argo,app.shosetsu.android.ui.css,CSSEditorActivity,onCreate,6,4,0.0,11,1.0,1,0,1,0,26,2,6,0,0.8333333333333334,1,2,2,26,0.6,1,2.625,1,2,0.0,0,0.0,1.0,40,26,0.0,1,3,1,4,0,1,2,0,3,0,0,5,2,2,0,0,3,0.0,3,3.0,1,1,3,0,1,0,0,1,1,1,0,0,0,0,0,1,1,69,1613,1249,1,0,2,26,6.0,3,0,362,96,382,1,43206
2025-07-11,argo,app.shosetsu.android.ui.downloads,DownloadsController,onCreateView,1,2,0.0,5,1.0,1,0,2,0,9,0,1,0,1.0,0,2,2,8,0.4,1,2.4,3,2,0.0,0,0.5,0.7777777777777778,108,58,0.2222222222222222,9,4,7,1,0,9,7,0,3,0,0,2,0,0,2,0,12,0.9444444444444444,12,1.3333333333333333,9,7,4,0,7,2,0,7,3,1,0,0,0,0,0,13,13,69,1613,1249,1,0,5,42,2.3333333333333335,12,0,405,96,382,9,43206
2025-07-11,argo,app.shosetsu.android.ui.downloads,DownloadsController,startSelectionAction,2,0,0.0,1,1.0,1,0,2,0,6,1,2,0,1.0,0,2,2,3,2.0,1,2.0,0,1,0.0,0,0.5,0.7777777777777778,108,58,0.2222222222222222,9,4,7,1,0,9,7,0,3,0,0,2,0,0,2,0,12,0.9444444444444444,12,1.3333333333333333,9,7,4,0,7,2,0,7,3,1,0,0,0,0,0,13,13,69,1613,1249,1,0,5,42,2.3333333333333335,12,0,405,96,382,9,43206
2025-07-11,argo,app.shosetsu.android.ui.downloads,DownloadsController,onCreateMenu,1,0,0.0,1,1.0,1,0,2,0,3,0,1,0,0.0,0,0,1,3,0.0,0,4.0,2,1,0.0,0,0.5,0.7777777777777778,108,58,0.2222222222222222,9,4,7,1,0,9,7,0,3,0,0,2,0,0,2,0,12,0.9444444444444444,12,1.3333333333333333,9,7,4,0,7,2,0,7,3,1,0,0,0,0,0,13,13,69,1613,1249,1,0,5,42,2.3333333333333335,12,0,405,96,382,9,43206
2025-07-11,argo,app.shosetsu.android.ui.downloads,DownloadsController,onMenuItemSelected,3,0,0.0,3,0.6667,1,0,2,0,13,1,3,0,0.6666666666666666,0,1,0,3,1.0,1,2.4,1,0,0.0,0,0.5,0.7777777777777778,108,58,0.2222222222222222,9,4,7,1,0,9,7,0,3,0,0,2,0,0,2,0,12,0.9444444444444444,12,1.3333333333333333,9,7,4,0,7,2,0,7,3,1,0,0,0,0,0,13,13,69,1613,1249,1,0,5,42,2.3333333333333335,12,0,405,96,382,9,43206
2025-07-11,argo,app.shosetsu.android.ui.downloads,DownloadsController,togglePause,3,0,0.0,1,1.0,1,0,2,0,3,1,3,0,1.0,1,1,0,4,1.0,0,2.3333333333333335,0,0,0.0,0,0.5,0.7777777777777778,108,58,0.2222222222222222,9,4,7,1,0,9,7,0,3,0,0,2,0,0,2,0,12,0.9444444444444444,12,1.3333333333333333,9,7,4,0,7,2,0,7,3,1,0,0,0,0,0,13,13,69,1613,1249,1,0,5,42,2.3333333333333335,12,0,405,96,382,9,43206
2025-07-11,argo,app.shosetsu.android.ui.downloads,DownloadsController,onViewCreated,7,0,1.0,5,0.6,1,0,2,0,11,0,7,1,1.0,1,3,0,13,1.5,1,2.6666666666666665,2,0,0.0,0,0.5,0.7777777777777778,108,58,0.2222222222222222,9,4,7,1,0,9,7,0,3,0,0,2,0,0,2,0,12,0.9444444444444444,12,1.3333333333333333,9,7,4,0,7,2,0,7,3,1,0,0,0,0,0,13,13,69,1613,1249,1,0,5,42,2.3333333333333335,12,0,405,96,382,9,43206
2025-07-11,argo,app.shosetsu.android.ui.downloads,DownloadsController,onDestroy,1,0,0.0,1,1.0,1,0,2,0,4,0,1,0,1.0,1,1,0,1,1.0,1,2.0,0,0,0.0,0,0.5,0.7777777777777778,108,58,0.2222222222222222,9,4,7,1,0,9,7,0,3,0,0,2,0,0,2,0,12,0.9444444444444444,12,1.3333333333333333,9,7,4,0,7,2,0,7,3,1,0,0,0,0,0,13,13,69,1613,1249,1,0,5,42,2.3333333333333335,12,0,405,96,382,9,43206
2025-07-11,argo,app.shosetsu.android.ui.downloads,DownloadsController,manipulateFAB,1,0,1.0,3,0.3333,1,0,2,0,6,0,1,1,1.0,1,0,0,7,1.0,1,3.0,1,0,0.0,0,0.5,0.7777777777777778,108,58,0.2222222222222222,9,4,7,1,0,9,7,0,3,0,0,2,0,0,2,0,12,0.9444444444444444,12,1.3333333333333333,9,7,4,0,7,2,0,7,3,1,0,0,0,0,0,13,13,69,1613,1249,1,0,5,42,2.3333333333333335,12,0,405,96,382,9,43206
2025-07-11,argo,app.shosetsu.android.ui.downloads,DownloadsController,showFAB,2,0,0.0,0,0.0,1,0,2,0,3,1,2,0,1.0,1,1,0,0,2.0,1,2.0,1,0,0.0,0,0.5,0.7777777777777778,108,58,0.2222222222222222,9,4,7,1,0,9,7,0,3,0,0,2,0,0,2,0,12,0.9444444444444444,12,1.3333333333333333,9,7,4,0,7,2,0,7,3,1,0,0,0,0,0,13,13,69,1613,1249,1,0,5,42,2.3333333333333335,12,0,405,96,382,9,43206
2025-07-11,argo,app.shosetsu.android.ui.extensionsConfigure,ConfigureExtension,onViewCreated,1,0,0.0,1,1.0,1,0,1,0,3,0,1,0,1.0,0,1,0,2,0.5,0,3.0,2,0,0.0,0,1.0,0.3333333333333333,17,11,0.0,3,1,3,1,1,4,1,0,0,0,1,1,0,0,0,0,3,1.0,3,1.0,3,3,1,0,3,0,0,3,2,1,0,0,0,0,0,3,3,69,1613,1249,1,0,0,6,1.0,7,0,366,96,382,3,43206
2025-07-11,argo,app.shosetsu.android.ui.extensionsConfigure,ConfigureExtension,onCreateView,1,0,0.0,2,1.0,1,0,1,0,4,0,1,0,1.0,0,1,0,3,0.33,1,2.0,3,0,0.0,0,1.0,0.3333333333333333,17,11,0.0,3,1,3,1,1,4,1,0,0,0,1,1,0,0,0,0,3,1.0,3,1.0,3,3,1,0,3,0,0,3,2,1,0,0,0,0,0,3,3,69,1613,1249,1,0,0,6,1.0,7,0,366,96,382,3,43206
2025-07-11,argo,app.shosetsu.android.ui.extensionsConfigure,ConfigureExtension,onDestroy,1,0,0.0,1,1.0,1,0,1,0,4,0,1,0,1.0,1,1,0,1,1.0,1,2.0,0,0,0.0,0,1.0,0.3333333333333333,17,11,0.0,3,1,3,1,1,4,1,0,0,0,1,1,0,0,0,0,3,1.0,3,1.0,3,3,1,0,3,0,0,3,2,1,0,0,0,0,0,3,3,69,1613,1249,1,0,0,6,1.0,7,0,366,96,382,3,43206
2025-07-11,argo,app.shosetsu.android.ui.intro,IntroductionActivity,onCreate,1,0,0.0,1,1.0,1,0,2,0,13,0,1,0,0.0,1,0,2,39,0.0,1,7.875,1,2,0.0,0,0.0,1.0,32,13,0.0,1,0,1,1,0,1,2,0,0,0,0,0,0,0,0,0,1,0.0,1,1.0,1,1,0,0,1,0,0,1,1,1,0,0,0,0,0,6,6,69,1613,1249,1,0,2,39,1.0,1,0,121,96,382,1,43206
2025-07-11,argo,app.shosetsu.android.ui.library,LibraryController,onCreateView,7,7,3.0,13,1.0,1,0,1,0,22,0,7,2,1.0,2,2,2,36,0.2,1,2.9411764705882355,3,2,0.0,0,0.8333333333333334,0.5833333333333334,157,134,0.25,12,5,6,1,1,9,8,0,3,0,1,2,0,0,3,0,19,0.8636363636363636,19,1.5833333333333333,12,6,5,0,7,5,0,7,3,1,0,0,0,0,0,12,12,69,1613,1249,2,0,5,105,3.0833333333333335,21,0,851,96,382,19,43206
2025-07-11,argo,app.shosetsu.android.ui.library,LibraryController,onViewCreated,1,0,1.0,0,0.0,1,0,1,0,3,0,1,1,0.0,1,0,1,0,0.0,0,0.0,2,1,0.0,0,0.8333333333333334,0.5833333333333334,157,134,0.25,12,5,6,1,1,9,8,0,3,0,1,2,0,0,3,0,19,0.8636363636363636,19,1.5833333333333333,12,6,5,0,7,5,0,7,3,1,0,0,0,0,0,12,12,69,1613,1249,2,0,5,105,3.0833333333333335,21,0,851,96,382,19,43206
2025-07-11,argo,app.shosetsu.android.ui.library,LibraryController,startObservation,5,0,0.0,2,0.5,1,0,1,0,4,0,5,0,1.0,0,2,0,7,2.0,0,2.4,0,0,0.0,0,0.8333333333333334,0.5833333333333334,157,134,0.25,12,5,6,1,1,9,8,0,3,0,1,2,0,0,3,0,19,0.8636363636363636,19,1.5833333333333333,12,6,5,0,7,5,0,7,3,1,0,0,0,0,0,12,12,69,1613,1249,2,0,5,105,3.0833333333333335,21,0,851,96,382,19,43206
2025-07-11,argo,app.shosetsu.android.ui.library,LibraryController,onCreateMenu,3,0,0.0,2,1.0,1,0,1,0,7,1,3,0,0.14285714285714285,0,1,0,5,0.5,0,3.3333333333333335,2,0,0.0,0,0.8333333333333334,0.5833333333333334,157,134,0.25,12,5,6,1,1,9,8,0,3,0,1,2,0,0,3,0,19,0.8636363636363636,19,1.5833333333333333,12,6,5,0,7,5,0,7,3,1,0,0,0,0,0,12,12,69,1613,1249,2,0,5,105,3.0833333333333335,21,0,851,96,382,19,43206
2025-07-11,argo,app.shosetsu.android.ui.library,LibraryController,onPrepareMenu,5,1,0.0,7,0.7778,1,0,1,0,26,1,5,0,0.5333333333333333,0,2,2,26,1.0,1,3.7142857142857144,1,2,0.0,0,0.8333333333333334,0.5833333333333334,157,134,0.25,12,5,6,1,1,9,8,0,3,0,1,2,0,0,3,0,19,0.8636363636363636,19,1.5833333333333333,12,6,5,0,7,5,0,7,3,1,0,0,0,0,0,12,12,69,1613,1249,2,0,5,105,3.0833333333333335,21,0,851,96,382,19,43206
2025-07-11,argo,app.shosetsu.android.ui.library,LibraryController,onMenuItemSelected,6,0,4.0,5,0.6,1,0,1,0,46,2,6,4,0.5,4,1,0,11,1.0,2,2.5,1,0,0.0,0,0.8333333333333334,0.5833333333333334,157,134,0.25,12,5,6,1,1,9,8,0,3,0,1,2,0,0,3,0,19,0.8636363636363636,19,1.5833333333333333,12,6,5,0,7,5,0,7,3,1,0,0,0,0,0,12,12,69,1613,1249,2,0,5,105,3.0833333333333335,21,0,851,96,382,19,43206
2025-07-11,argo,app.shosetsu.android.ui.library,LibraryController,deselectAll,1,0,1.0,0,0.0,1,0,1,0,3,0,1,0,1.0,1,1,0,1,1.0,1,2.0,0,0,0.0,0,0.8333333333333334,0.5833333333333334,157,134,0.25,12,5,6,1,1,9,8,0,3,0,1,2,0,0,3,0,19,0.8636363636363636,19,1.5833333333333333,12,6,5,0,7,5,0,7,3,1,0,0,0,0,0,12,12,69,1613,1249,2,0,5,105,3.0833333333333335,21,0,851,96,382,19,43206
2025-07-11,argo,app.shosetsu.android.ui.library,LibraryController,selectAll,1,0,0.0,0,0.0,1,0,1,0,3,0,1,0,1.0,1,1,0,1,1.0,1,2.0,0,0,0.0,0,0.8333333333333334,0.5833333333333334,157,134,0.25,12,5,6,1,1,9,8,0,3,0,1,2,0,0,3,0,19,0.8636363636363636,19,1.5833333333333333,12,6,5,0,7,5,0,7,3,1,0,0,0,0,0,12,12,69,1613,1249,2,0,5,105,3.0833333333333335,21,0,851,96,382,19,43206
2025-07-11,argo,app.shosetsu.android.ui.library,LibraryController,invertSelection,1,0,0.0,0,0.0,1,0,1,0,3,0,1,0,1.0,1,1,0,1,1.0,1,2.0,0,0,0.0,0,0.8333333333333334,0.5833333333333334,157,134,0.25,12,5,6,1,1,9,8,0,3,0,1,2,0,0,3,0,19,0.8636363636363636,19,1.5833333333333333,12,6,5,0,7,5,0,7,3,1,0,0,0,0,0,12,12,69,1613,1249,2,0,5,105,3.0833333333333335,21,0,851,96,382,19,43206
2025-07-11,argo,app.shosetsu.android.ui.library,LibraryController,selectBetween,1,0,0.0,0,0.0,1,0,1,0,3,0,1,0,1.0,1,1,0,1,1.0,1,2.0,0,0,0.0,0,0.8333333333333334,0.5833333333333334,157,134,0.25,12,5,6,1,1,9,8,0,3,0,1,2,0,0,3,0,19,0.8636363636363636,19,1.5833333333333333,12,6,5,0,7,5,0,7,3,1,0,0,0,0,0,12,12,69,1613,1249,2,0,5,105,3.0833333333333335,21,0,851,96,382,19,43206
2025-07-11,argo,app.shosetsu.android.ui.library,LibraryController,manipulateFAB,3,0,0.0,5,0.8,1,0,1,0,11,2,3,0,1.0,0,2,0,12,3.0,0,2.4,1,0,0.0,0,0.8333333333333334,0.5833333333333334,157,134,0.25,12,5,6,1,1,9,8,0,3,0,1,2,0,0,3,0,19,0.8636363636363636,19,1.5833333333333333,12,6,5,0,7,5,0,7,3,1,0,0,0,0,0,12,12,69,1613,1249,2,0,5,105,3.0833333333333335,21,0,851,96,382,19,43206
2025-07-11,argo,app.shosetsu.android.ui.library,LibraryController,onRefresh,3,0,0.0,1,1.0,1,0,1,0,3,1,3,0,1.0,0,1,0,4,1.0,0,2.3333333333333335,0,0,0.0,0,0.8333333333333334,0.5833333333333334,157,134,0.25,12,5,6,1,1,9,8,0,3,0,1,2,0,0,3,0,19,0.8636363636363636,19,1.5833333333333333,12,6,5,0,7,5,0,7,3,1,0,0,0,0,0,12,12,69,1613,1249,2,0,5,105,3.0833333333333335,21,0,851,96,382,19,43206
2025-07-11,argo,app.shosetsu.android.ui.library,LibraryFilterMenuBuilder,build,2,3,2.0,4,1.0,0,0,1,0,16,0,2,2,0.0,2,0,0,15,0.0,1,2.3,0,0,0.0,0,0.0,1.0,84,76,0.7142857142857143,7,0,0,0,0,12,5,0,0,0,0,0,0,0,0,0,11,0.04761904761904767,11,1.5714285714285714,7,0,0,0,1,6,0,1,1,1,0,0,0,0,0,7,7,69,1613,1249,2,0,7,93,2.4285714285714284,21,0,851,96,382,19,43206
2025-07-11,argo,app.shosetsu.android.ui.library,LibraryFilterMenuBuilder,Menu0Content,5,12,2.0,7,1.0,0,0,1,0,21,4,5,5,0.0,2,0,1,27,0.0,2,2.5294117647058822,0,1,0.0,0,0.0,1.0,84,76,0.7142857142857143,7,0,0,0,0,12,5,0,0,0,0,0,0,0,0,0,11,0.04761904761904767,11,1.5714285714285714,7,0,0,0,1,6,0,1,1,1,0,0,0,0,0,7,7,69,1613,1249,2,0,7,93,2.4285714285714284,21,0,851,96,382,19,43206
2025-07-11,argo,app.shosetsu.android.ui.library,LibraryFilterMenuBuilder,UnreadStatusFilter,1,0,1.0,1,1.0,0,0,1,0,3,0,1,1,0.0,1,0,1,6,0.0,0,2.2,0,1,0.0,0,0.0,1.0,84,76,0.7142857142857143,7,0,0,0,0,12,5,0,0,0,0,0,0,0,0,0,11,0.04761904761904767,11,1.5714285714285714,7,0,0,0,1,6,0,1,1,1,0,0,0,0,0,7,7,69,1613,1249,2,0,7,93,2.4285714285714284,21,0,851,96,382,19,43206
2025-07-11,argo,app.shosetsu.android.ui.library,LibraryFilterMenuBuilder,SimpleFilter,1,1,0.0,3,1.0,0,0,1,0,9,0,1,0,0.0,0,0,1,11,0.0,1,2.125,4,1,0.0,0,0.0,1.0,84,76,0.7142857142857143,7,0,0,0,0,12,5,0,0,0,0,0,0,0,0,0,11,0.04761904761904767,11,1.5714285714285714,7,0,0,0,1,6,0,1,1,1,0,0,0,0,0,7,7,69,1613,1249,2,0,7,93,2.4285714285714284,21,0,851,96,382,19,43206
2025-07-11,argo,app.shosetsu.android.ui.library,LibraryFilterMenuBuilder,FilterContent,2,0,1.0,3,1.0,0,0,1,0,7,0,2,1,0.0,1,0,2,10,0.0,1,2.5,6,2,0.0,0,0.0,1.0,84,76,0.7142857142857143,7,0,0,0,0,12,5,0,0,0,0,0,0,0,0,0,11,0.04761904761904767,11,1.5714285714285714,7,0,0,0,1,6,0,1,1,1,0,0,0,0,0,7,7,69,1613,1249,2,0,7,93,2.4285714285714284,21,0,851,96,382,19,43206
2025-07-11,argo,app.shosetsu.android.ui.library,LibraryFilterMenuBuilder,Menu1Item,5,1,0.0,4,0.75,0,0,1,0,11,0,5,0,0.0,0,0,1,14,0.0,0,2.5833333333333335,4,1,0.0,0,0.0,1.0,84,76,0.7142857142857143,7,0,0,0,0,12,5,0,0,0,0,0,0,0,0,0,11,0.04761904761904767,11,1.5714285714285714,7,0,0,0,1,6,0,1,1,1,0,0,0,0,0,7,7,69,1613,1249,2,0,7,93,2.4285714285714284,21,0,851,96,382,19,43206
2025-07-11,argo,app.shosetsu.android.ui.library,LibraryFilterMenuBuilder,Menu1Content,1,2,1.0,4,1.0,0,0,1,0,9,0,1,3,0.0,1,0,1,10,0.0,2,3.0,0,1,0.0,0,0.0,1.0,84,76,0.7142857142857143,7,0,0,0,0,12,5,0,0,0,0,0,0,0,0,0,11,0.04761904761904767,11,1.5714285714285714,7,0,0,0,1,6,0,1,1,1,0,0,0,0,0,7,7,69,1613,1249,2,0,7,93,2.4285714285714284,21,0,851,96,382,19,43206
2025-07-11,argo,app.shosetsu.android.ui.library.listener,LibrarySearchQuery,onQueryTextSubmit,1,0,0.0,1,1.0,0,0,1,0,4,0,1,0,0.0,0,0,1,1,0.0,1,2.0,1,1,0.0,0,0.0,0.0,11,8,0.0,2,0,2,1,0,2,1,0,0,0,0,0,0,0,0,0,2,1.0,2,1.0,2,2,0,0,2,0,0,2,0,1,0,0,0,0,0,2,2,69,1613,1249,1,0,2,2,1.0,2,0,41,96,382,2,43206
2025-07-11,argo,app.shosetsu.android.ui.library.listener,LibrarySearchQuery,onQueryTextChange,1,0,0.0,1,1.0,0,0,1,0,4,0,1,0,0.0,0,0,1,1,0.0,1,2.0,1,1,0.0,0,0.0,0.0,11,8,0.0,2,0,2,1,0,2,1,0,0,0,0,0,0,0,0,0,2,1.0,2,1.0,2,2,0,0,2,0,0,2,0,1,0,0,0,0,0,2,2,69,1613,1249,1,0,2,2,1.0,2,0,41,96,382,2,43206
2025-07-11,argo,app.shosetsu.android.ui.migration,MigrationController,onViewCreated,1,0,0.0,1,1.0,1,0,1,0,3,0,1,0,1.0,0,1,0,2,0.5,0,3.0,2,0,0.0,0,1.0,0.0,13,4,0.0,2,1,2,1,0,4,1,0,1,0,0,2,1,1,0,0,2,1.0,2,1.0,2,2,1,0,2,0,0,2,2,1,0,0,0,0,0,2,2,69,1613,1249,1,0,0,3,1.0,12,0,369,96,382,2,43206
2025-07-11,argo,app.shosetsu.android.ui.migration,MigrationController,onCreateView,1,0,0.0,1,1.0,1,0,1,0,1,0,1,0,1.0,0,1,0,1,0.33,1,2.0,3,0,0.0,0,1.0,0.0,13,4,0.0,2,1,2,1,0,4,1,0,1,0,0,2,1,1,0,0,2,1.0,2,1.0,2,2,1,0,2,0,0,2,2,1,0,0,0,0,0,2,2,69,1613,1249,1,0,0,3,1.0,12,0,369,96,382,2,43206
2025-07-11,argo,app.shosetsu.android.ui.more,ComposeMoreController,onCreateView,1,0,0.0,2,1.0,1,0,1,0,7,0,1,0,0.0,0,0,0,7,0.0,0,2.6666666666666665,3,0,0.0,0,0.0,1.0,11,7,0.0,1,1,1,1,0,4,0,0,0,0,0,1,0,0,0,0,1,0.0,1,1.0,1,1,1,0,1,0,0,1,1,1,0,0,0,0,0,1,1,69,1613,1249,1,0,0,7,1.0,4,0,200,96,382,1,43206
2025-07-11,argo,app.shosetsu.android.ui.novel,NovelController,onAttach,2,0,1.0,1,1.0,1,0,2,0,4,1,2,0,0.6666666666666666,2,1,0,3,1.0,1,2.3333333333333335,1,0,0.0,0,0.5253623188405797,0.7083333333333334,302,228,0.20833333333333334,24,6,8,1,0,10,15,0,4,0,1,3,0,0,3,0,36,0.786231884057971,36,1.5,24,8,6,0,9,15,0,9,4,1,0,0,0,0,0,28,28,69,1613,1249,2,0,15,206,2.8333333333333335,35,0,1640,96,382,26,43206
2025-07-11,argo,app.shosetsu.android.ui.novel,NovelController,startSelectionAction,2,0,0.0,1,1.0,1,0,2,0,5,1,2,0,1.0,0,2,2,3,2.0,1,2.0,0,1,0.0,0,0.5253623188405797,0.7083333333333334,302,228,0.20833333333333334,24,6,8,1,0,10,15,0,4,0,1,3,0,0,3,0,36,0.786231884057971,36,1.5,24,8,6,0,9,15,0,9,4,1,0,0,0,0,0,28,28,69,1613,1249,2,0,15,206,2.8333333333333335,35,0,1640,96,382,26,43206
2025-07-11,argo,app.shosetsu.android.ui.novel,NovelController,finishSelectionAction,1,0,0.0,1,1.0,1,0,2,0,3,0,1,0,1.0,0,1,0,1,1.0,1,2.0,0,0,0.0,0,0.5253623188405797,0.7083333333333334,302,228,0.20833333333333334,24,6,8,1,0,10,15,0,4,0,1,3,0,0,3,0,36,0.786231884057971,36,1.5,24,8,6,0,9,15,0,9,4,1,0,0,0,0,0,28,28,69,1613,1249,2,0,15,206,2.8333333333333335,35,0,1640,96,382,26,43206
2025-07-11,argo,app.shosetsu.android.ui.novel,NovelController,refresh,1,0,0.0,1,1.0,1,0,2,0,7,0,1,1,1.0,1,1,1,7,1.0,0,2.3333333333333335,0,1,0.0,0,0.5253623188405797,0.7083333333333334,302,228,0.20833333333333334,24,6,8,1,0,10,15,0,4,0,1,3,0,0,3,0,36,0.786231884057971,36,1.5,24,8,6,0,9,15,0,9,4,1,0,0,0,0,0,28,28,69,1613,1249,2,0,15,206,2.8333333333333335,35,0,1640,96,382,26,43206
2025-07-11,argo,app.shosetsu.android.ui.novel,NovelController,showFAB,2,0,0.0,0,0.0,1,0,2,0,3,1,2,0,0.5,1,1,0,0,1.0,1,2.0,1,0,0.0,0,0.5253623188405797,0.7083333333333334,302,228,0.20833333333333334,24,6,8,1,0,10,15,0,4,0,1,3,0,0,3,0,36,0.786231884057971,36,1.5,24,8,6,0,9,15,0,9,4,1,0,0,0,0,0,28,28,69,1613,1249,2,0,15,206,2.8333333333333335,35,0,1640,96,382,26,43206
2025-07-11,argo,app.shosetsu.android.ui.novel,NovelController,manipulateFAB,1,0,1.0,3,0.3333,1,0,2,0,6,0,1,1,0.3333333333333333,1,1,1,5,1.0,1,2.6666666666666665,1,1,0.0,0,0.5253623188405797,0.7083333333333334,302,228,0.20833333333333334,24,6,8,1,0,10,15,0,4,0,1,3,0,0,3,0,36,0.786231884057971,36,1.5,24,8,6,0,9,15,0,9,4,1,0,0,0,0,0,28,28,69,1613,1249,2,0,15,206,2.8333333333333335,35,0,1640,96,382,26,43206
2025-07-11,argo,app.shosetsu.android.ui.novel,NovelController,openLastRead,4,1,0.0,3,1.0,1,0,2,0,11,1,4,0,1.0,1,1,0,7,1.0,2,2.5,0,0,0.0,0,0.5253623188405797,0.7083333333333334,302,228,0.20833333333333334,24,6,8,1,0,10,15,0,4,0,1,3,0,0,3,0,36,0.786231884057971,36,1.5,24,8,6,0,9,15,0,9,4,1,0,0,0,0,0,28,28,69,1613,1249,2,0,15,206,2.8333333333333335,35,0,1640,96,382,26,43206
2025-07-11,argo,app.shosetsu.android.ui.novel,NovelController,migrateOpen,1,0,0.0,1,1.0,1,0,2,0,3,0,1,0,0.0,0,0,1,5,0.0,0,3.5,0,1,0.0,0,0.5253623188405797,0.7083333333333334,302,228,0.20833333333333334,24,6,8,1,0,10,15,0,4,0,1,3,0,0,3,0,36,0.786231884057971,36,1.5,24,8,6,0,9,15,0,9,4,1,0,0,0,0,0,28,28,69,1613,1249,2,0,15,206,2.8333333333333335,35,0,1640,96,382,26,43206
2025-07-11,argo,app.shosetsu.android.ui.novel,NovelController,openShare,2,0,0.0,1,1.0,1,0,2,0,3,0,2,1,1.0,1,1,1,13,1.0,0,2.4444444444444446,0,1,0.0,0,0.5253623188405797,0.7083333333333334,302,228,0.20833333333333334,24,6,8,1,0,10,15,0,4,0,1,3,0,0,3,0,36,0.786231884057971,36,1.5,24,8,6,0,9,15,0,9,4,1,0,0,0,0,0,28,28,69,1613,1249,2,0,15,206,2.8333333333333335,35,0,1640,96,382,26,43206
2025-07-11,argo,app.shosetsu.android.ui.novel,NovelController,onMenuItemSelected,4,0,5.0,6,0.3333,1,0,2,0,43,1,4,5,0.8333333333333334,5,1,0,6,1.0,1,2.625,1,0,0.0,0,0.5253623188405797,0.7083333333333334,302,228,0.20833333333333334,24,6,8,1,0,10,15,0,4,0,1,3,0,0,3,0,36,0.786231884057971,36,1.5,24,8,6,0,9,15,0,9,4,1,0,0,0,0,0,28,28,69,1613,1249,2,0,15,206,2.8333333333333335,35,0,1640,96,382,26,43206
2025-07-11,argo,app.shosetsu.android.ui.novel,NovelController,openChapterJumpDialog,8,4,0.0,11,0.7857,1,0,2,0,30,1,8,3,1.0,1,1,2,40,0.33,2,3.5,0,2,0.0,0,0.5253623188405797,0.7083333333333334,302,228,0.20833333333333334,24,6,8,1,0,10,15,0,4,0,1,3,0,0,3,0,36,0.786231884057971,36,1.5,24,8,6,0,9,15,0,9,4,1,0,0,0,0,0,28,28,69,1613,1249,2,0,15,206,2.8333333333333335,35,0,1640,96,382,26,43206
2025-07-11,argo,app.shosetsu.android.ui.novel,NovelController,downloadCustom,3,1,0.0,7,0.875,1,0,2,0,16,1,3,0,1.0,0,1,0,18,1.0,1,2.7,0,0,0.0,0,0.5253623188405797,0.7083333333333334,302,228,0.20833333333333334,24,6,8,1,0,10,15,0,4,0,1,3,0,0,3,0,36,0.786231884057971,36,1.5,24,8,6,0,9,15,0,9,4,1,0,0,0,0,0,28,28,69,1613,1249,2,0,15,206,2.8333333333333335,35,0,1640,96,382,26,43206
2025-07-11,argo,app.shosetsu.android.ui.novel,NovelController,onCreateMenu,1,0,0.0,2,1.0,1,0,2,0,4,0,1,0,0.2,0,1,2,9,0.5,0,4.0,2,2,0.0,0,0.5253623188405797,0.7083333333333334,302,228,0.20833333333333334,24,6,8,1,0,10,15,0,4,0,1,3,0,0,3,0,36,0.786231884057971,36,1.5,24,8,6,0,9,15,0,9,4,1,0,0,0,0,0,28,28,69,1613,1249,2,0,15,206,2.8333333333333335,35,0,1640,96,382,26,43206
2025-07-11,argo,app.shosetsu.android.ui.novel,NovelController,toggleBookmark,4,0,0.0,4,1.0,1,0,2,0,12,0,4,0,1.0,0,1,0,12,1.0,2,2.4545454545454546,0,0,0.0,0,0.5253623188405797,0.7083333333333334,302,228,0.20833333333333334,24,6,8,1,0,10,15,0,4,0,1,3,0,0,3,0,36,0.786231884057971,36,1.5,24,8,6,0,9,15,0,9,4,1,0,0,0,0,0,28,28,69,1613,1249,2,0,15,206,2.8333333333333335,35,0,1640,96,382,26,43206
2025-07-11,argo,app.shosetsu.android.ui.novel,NovelController,onCreateView,8,5,1.0,14,0.8571,1,0,2,0,24,3,8,4,1.0,1,3,2,24,0.38,1,2.388888888888889,3,2,0.0,0,0.5253623188405797,0.7083333333333334,302,228,0.20833333333333334,24,6,8,1,0,10,15,0,4,0,1,3,0,0,3,0,36,0.786231884057971,36,1.5,24,8,6,0,9,15,0,9,4,1,0,0,0,0,0,28,28,69,1613,1249,2,0,15,206,2.8333333333333335,35,0,1640,96,382,26,43206
2025-07-11,argo,app.shosetsu.android.ui.novel,NovelController,collectDeletePrevious,3,0,0.0,2,1.0,1,0,2,0,10,1,3,0,0.0,0,0,1,9,0.0,0,2.125,0,1,0.0,0,0.5253623188405797,0.7083333333333334,302,228,0.20833333333333334,24,6,8,1,0,10,15,0,4,0,1,3,0,0,3,0,36,0.786231884057971,36,1.5,24,8,6,0,9,15,0,9,4,1,0,0,0,0,0,28,28,69,1613,1249,2,0,15,206,2.8333333333333335,35,0,1640,96,382,26,43206
2025-07-11,argo,app.shosetsu.android.ui.novel,NovelController,onViewCreated,10,0,3.0,6,0.3333,1,0,2,0,12,1,10,2,1.0,3,1,0,21,0.5,0,2.588235294117647,2,0,0.0,0,0.5253623188405797,0.7083333333333334,302,228,0.20833333333333334,24,6,8,1,0,10,15,0,4,0,1,3,0,0,3,0,36,0.786231884057971,36,1.5,24,8,6,0,9,15,0,9,4,1,0,0,0,0,0,28,28,69,1613,1249,2,0,15,206,2.8333333333333335,35,0,1640,96,382,26,43206
2025-07-11,argo,app.shosetsu.android.ui.novel,NovelController,openWebView,3,1,0.0,3,1.0,1,0,2,0,7,0,3,0,1.0,0,1,0,11,1.0,1,2.375,0,0,0.0,0,0.5253623188405797,0.7083333333333334,302,228,0.20833333333333334,24,6,8,1,0,10,15,0,4,0,1,3,0,0,3,0,36,0.786231884057971,36,1.5,24,8,6,0,9,15,0,9,4,1,0,0,0,0,0,28,28,69,1613,1249,2,0,15,206,2.8333333333333335,35,0,1640,96,382,26,43206
2025-07-11,argo,app.shosetsu.android.ui.novel,NovelController,openFilterMenu,1,0,0.0,1,1.0,1,0,2,0,3,0,1,0,1.0,0,1,1,2,1.0,2,2.0,0,1,0.0,0,0.5253623188405797,0.7083333333333334,302,228,0.20833333333333334,24,6,8,1,0,10,15,0,4,0,1,3,0,0,3,0,36,0.786231884057971,36,1.5,24,8,6,0,9,15,0,9,4,1,0,0,0,0,0,28,28,69,1613,1249,2,0,15,206,2.8333333333333335,35,0,1640,96,382,26,43206
2025-07-11,argo,app.shosetsu.android.ui.novel,NovelController,onDestroy,3,0,0.0,3,1.0,1,0,2,0,10,1,3,0,1.0,1,3,1,6,3.0,1,2.25,0,0,0.0,0,0.5253623188405797,0.7083333333333334,302,228,0.20833333333333334,24,6,8,1,0,10,15,0,4,0,1,3,0,0,3,0,36,0.786231884057971,36,1.5,24,8,6,0,9,15,0,9,4,1,0,0,0,0,0,28,28,69,1613,1249,2,0,15,206,2.8333333333333335,35,0,1640,96,382,26,43206
2025-07-11,argo,app.shosetsu.android.ui.novel,NovelController,selectAll,1,0,0.0,0,0.0,1,0,2,0,3,0,1,0,1.0,1,1,0,1,1.0,1,2.0,0,0,0.0,0,0.5253623188405797,0.7083333333333334,302,228,0.20833333333333334,24,6,8,1,0,10,15,0,4,0,1,3,0,0,3,0,36,0.786231884057971,36,1.5,24,8,6,0,9,15,0,9,4,1,0,0,0,0,0,28,28,69,1613,1249,2,0,15,206,2.8333333333333335,35,0,1640,96,382,26,43206
2025-07-11,argo,app.shosetsu.android.ui.novel,NovelController,invertSelection,1,0,0.0,0,0.0,1,0,2,0,3,0,1,0,1.0,1,1,0,1,1.0,1,2.0,0,0,0.0,0,0.5253623188405797,0.7083333333333334,302,228,0.20833333333333334,24,6,8,1,0,10,15,0,4,0,1,3,0,0,3,0,36,0.786231884057971,36,1.5,24,8,6,0,9,15,0,9,4,1,0,0,0,0,0,28,28,69,1613,1249,2,0,15,206,2.8333333333333335,35,0,1640,96,382,26,43206
2025-07-11,argo,app.shosetsu.android.ui.novel,NovelController,selectBetween,1,0,0.0,0,0.0,1,0,2,0,3,0,1,0,1.0,1,1,0,1,1.0,1,2.0,0,0,0.0,0,0.5253623188405797,0.7083333333333334,302,228,0.20833333333333334,24,6,8,1,0,10,15,0,4,0,1,3,0,0,3,0,36,0.786231884057971,36,1.5,24,8,6,0,9,15,0,9,4,1,0,0,0,0,0,28,28,69,1613,1249,2,0,15,206,2.8333333333333335,35,0,1640,96,382,26,43206
2025-07-11,argo,app.shosetsu.android.ui.novel,NovelController,trueDeleteSelection,1,0,0.0,1,1.0,1,0,2,0,3,0,1,0,1.0,0,1,0,1,1.0,1,2.0,0,0,0.0,0,0.5253623188405797,0.7083333333333334,302,228,0.20833333333333334,24,6,8,1,0,10,15,0,4,0,1,3,0,0,3,0,36,0.786231884057971,36,1.5,24,8,6,0,9,15,0,9,4,1,0,0,0,0,0,28,28,69,1613,1249,2,0,15,206,2.8333333333333335,35,0,1640,96,382,26,43206
2025-07-11,argo,app.shosetsu.android.ui.novel,NovelFilterMenuBuilder,updateNovelSetting,1,0,0.0,0,0.0,0,0,2,0,1,0,1,0,0.0,1,0,0,1,0.0,1,2.0,1,0,0.0,0,0.0,0.5,103,49,0.5,2,1,0,0,0,2,0,0,1,0,0,1,0,0,0,0,6,1.0,6,3.0,2,0,1,0,1,1,0,1,1,1,0,0,0,0,0,8,8,69,1613,1249,2,0,0,32,7.0,35,0,1640,96,382,26,43206
2025-07-11,argo,app.shosetsu.android.ui.novel,NovelFilterMenuBuilder,build,13,3,1.0,12,0.8462,0,0,2,0,48,4,13,6,1.0,1,1,0,31,0.33,1,2.347826086956522,0,0,0.0,0,0.0,0.5,103,49,0.5,2,1,0,0,0,2,0,0,1,0,0,1,0,0,0,0,6,1.0,6,3.0,2,0,1,0,1,1,0,1,1,1,0,0,0,0,0,8,8,69,1613,1249,2,0,0,32,7.0,35,0,1640,96,382,26,43206
2025-07-11,argo,app.shosetsu.android.ui.reader,ChapterReader,onTrimMemory,3,0,0.0,1,1.0,1,0,1,0,11,2,3,0,0.3333333333333333,1,1,0,2,1.0,1,2.0,1,0,0.0,0,0.26666666666666666,0.8333333333333334,158,125,0.16666666666666666,6,6,4,4,0,4,5,0,4,0,1,6,0,0,0,0,9,0.8666666666666667,9,1.5,6,4,6,0,4,2,0,3,1,1,0,0,0,0,0,6,6,69,1613,1249,1,0,5,99,5.666666666666667,6,0,401,96,382,6,43206
2025-07-11,argo,app.shosetsu.android.ui.reader,ChapterReader,onCreate,21,16,2.0,41,0.6383,1,0,1,0,84,2,21,2,0.9863013698630136,3,2,3,90,0.29,1,2.4794520547945207,1,3,0.0,0,0.26666666666666666,0.8333333333333334,158,125,0.16666666666666666,6,6,4,4,0,4,5,0,4,0,1,6,0,0,0,0,9,0.8666666666666667,9,1.5,6,4,6,0,4,2,0,3,1,1,0,0,0,0,0,6,6,69,1613,1249,1,0,5,99,5.666666666666667,6,0,401,96,382,6,43206
2025-07-11,argo,app.shosetsu.android.ui.reader,ChapterReader,onDestroy,1,0,0.0,2,0.5,1,0,1,0,6,0,1,0,1.0,1,1,1,3,1.0,1,2.0,0,1,0.0,0,0.26666666666666666,0.8333333333333334,158,125,0.16666666666666666,6,6,4,4,0,4,5,0,4,0,1,6,0,0,0,0,9,0.8666666666666667,9,1.5,6,4,6,0,4,2,0,3,1,1,0,0,0,0,0,6,6,69,1613,1249,1,0,5,99,5.666666666666667,6,0,401,96,382,6,43206
2025-07-11,argo,app.shosetsu.android.ui.reader,ChapterReader,onKeyDown,5,0,0.0,3,0.6667,1,0,1,0,13,1,5,0,0.375,1,1,0,3,0.5,1,2.0,2,0,0.0,0,0.26666666666666666,0.8333333333333334,158,125,0.16666666666666666,6,6,4,4,0,4,5,0,4,0,1,6,0,0,0,0,9,0.8666666666666667,9,1.5,6,4,6,0,4,2,0,3,1,1,0,0,0,0,0,6,6,69,1613,1249,1,0,5,99,5.666666666666667,6,0,401,96,382,6,43206
2025-07-11,argo,app.shosetsu.android.ui.reader,ChapterReader,lockRotation,3,1,0.0,1,1.0,1,0,1,0,8,0,3,0,0.0,0,0,0,1,0.0,0,2.25,0,0,0.0,0,0.26666666666666666,0.8333333333333334,158,125,0.16666666666666666,6,6,4,4,0,4,5,0,4,0,1,6,0,0,0,0,9,0.8666666666666667,9,1.5,6,4,6,0,4,2,0,3,1,1,0,0,0,0,0,6,6,69,1613,1249,1,0,5,99,5.666666666666667,6,0,401,96,382,6,43206
2025-07-11,argo,app.shosetsu.android.ui.reader,ChapterReader,unlockRotation,1,0,0.0,0,0.0,1,0,1,0,3,0,1,0,0.0,0,0,1,0,0.0,0,2.0,0,0,0.0,0,0.26666666666666666,0.8333333333333334,158,125,0.16666666666666666,6,6,4,4,0,4,5,0,4,0,1,6,0,0,0,0,9,0.8666666666666667,9,1.5,6,4,6,0,4,2,0,3,1,1,0,0,0,0,0,6,6,69,1613,1249,1,0,5,99,5.666666666666667,6,0,401,96,382,6,43206
2025-07-11,argo,app.shosetsu.android.ui.repository,RepositoryController,onCreateView,1,1,4.0,3,1.0,1,0,1,0,9,0,1,7,1.0,4,2,0,4,0.5,1,2.3333333333333335,3,0,0.0,0,0.35555555555555557,1.0,66,49,0.9,10,3,2,1,0,8,4,0,2,0,0,2,0,0,1,0,11,0.7111111111111111,11,1.1,10,2,3,0,2,8,0,2,1,1,0,0,0,0,0,10,10,69,1613,1249,1,0,3,104,1.4,12,0,363,96,382,10,43206
2025-07-11,argo,app.shosetsu.android.ui.repository,RepositoryController,onRemove,1,0,1.0,1,1.0,1,0,1,0,3,0,1,1,0.0,1,0,1,14,0.0,0,6.0,2,1,0.0,0,0.35555555555555557,1.0,66,49,0.9,10,3,2,1,0,8,4,0,2,0,0,2,0,0,1,0,11,0.7111111111111111,11,1.1,10,2,3,0,2,8,0,2,1,1,0,0,0,0,0,10,10,69,1613,1249,1,0,3,104,1.4,12,0,363,96,382,10,43206
2025-07-11,argo,app.shosetsu.android.ui.repository,RepositoryController,undoRemoveRepository,1,0,1.0,4,1.0,1,0,1,0,7,0,1,3,0.3333333333333333,2,1,0,13,1.0,1,3.0,1,0,0.0,0,0.35555555555555557,1.0,66,49,0.9,10,3,2,1,0,8,4,0,2,0,0,2,0,0,1,0,11,0.7111111111111111,11,1.1,10,2,3,0,2,8,0,2,1,1,0,0,0,0,0,10,10,69,1613,1249,1,0,3,104,1.4,12,0,363,96,382,10,43206
2025-07-11,argo,app.shosetsu.android.ui.repository,RepositoryController,removeRepository,1,0,2.0,2,1.0,1,0,1,0,6,0,1,3,0.25,3,1,0,13,1.0,0,3.5,1,0,0.0,0,0.35555555555555557,1.0,66,49,0.9,10,3,2,1,0,8,4,0,2,0,0,2,0,0,1,0,11,0.7111111111111111,11,1.1,10,2,3,0,2,8,0,2,1,1,0,0,0,0,0,10,10,69,1613,1249,1,0,3,104,1.4,12,0,363,96,382,10,43206
2025-07-11,argo,app.shosetsu.android.ui.repository,RepositoryController,toggleIsEnabled,3,0,1.0,0,0.0,1,0,1,0,3,0,3,2,0.3333333333333333,2,1,0,12,1.0,0,3.3333333333333335,1,0,0.0,0,0.35555555555555557,1.0,66,49,0.9,10,3,2,1,0,8,4,0,2,0,0,2,0,0,1,0,11,0.7111111111111111,11,1.1,10,2,3,0,2,8,0,2,1,1,0,0,0,0,0,10,10,69,1613,1249,1,0,3,104,1.4,12,0,363,96,382,10,43206
2025-07-11,argo,app.shosetsu.android.ui.repository,RepositoryController,addRepository,1,0,1.0,0,0.0,1,0,1,0,3,0,1,2,0.2,2,1,0,10,0.5,0,3.0,2,0,0.0,0,0.35555555555555557,1.0,66,49,0.9,10,3,2,1,0,8,4,0,2,0,0,2,0,0,1,0,11,0.7111111111111111,11,1.1,10,2,3,0,2,8,0,2,1,1,0,0,0,0,0,10,10,69,1613,1249,1,0,3,104,1.4,12,0,363,96,382,10,43206
2025-07-11,argo,app.shosetsu.android.ui.repository,RepositoryController,launchAddRepositoryDialog,1,1,1.0,2,1.0,1,0,1,0,4,0,1,1,0.0,1,0,1,20,0.0,0,4.666666666666667,1,1,0.0,0,0.35555555555555557,1.0,66,49,0.9,10,3,2,1,0,8,4,0,2,0,0,2,0,0,1,0,11,0.7111111111111111,11,1.1,10,2,3,0,2,8,0,2,1,1,0,0,0,0,0,10,10,69,1613,1249,1,0,3,104,1.4,12,0,363,96,382,10,43206
2025-07-11,argo,app.shosetsu.android.ui.repository,RepositoryController,showWarning,1,0,1.0,1,1.0,1,0,1,0,3,0,1,1,0.0,1,0,1,7,0.0,0,3.3333333333333335,0,1,0.0,0,0.35555555555555557,1.0,66,49,0.9,10,3,2,1,0,8,4,0,2,0,0,2,0,0,1,0,11,0.7111111111111111,11,1.1,10,2,3,0,2,8,0,2,1,1,0,0,0,0,0,10,10,69,1613,1249,1,0,3,104,1.4,12,0,363,96,382,10,43206
2025-07-11,argo,app.shosetsu.android.ui.repository,RepositoryController,manipulateFAB,1,0,1.0,3,0.3333,1,0,1,0,6,0,1,1,1.0,1,0,0,7,1.0,1,3.0,1,0,0.0,0,0.35555555555555557,1.0,66,49,0.9,10,3,2,1,0,8,4,0,2,0,0,2,0,0,1,0,11,0.7111111111111111,11,1.1,10,2,3,0,2,8,0,2,1,1,0,0,0,0,0,10,10,69,1613,1249,1,0,3,104,1.4,12,0,363,96,382,10,43206
2025-07-11,argo,app.shosetsu.android.ui.repository,RepositoryController,onRefresh,3,0,0.0,3,1.0,1,0,1,0,5,1,3,0,1.0,0,1,0,4,1.0,1,2.3333333333333335,0,0,0.0,0,0.35555555555555557,1.0,66,49,0.9,10,3,2,1,0,8,4,0,2,0,0,2,0,0,1,0,11,0.7111111111111111,11,1.1,10,2,3,0,2,8,0,2,1,1,0,0,0,0,0,10,10,69,1613,1249,1,0,3,104,1.4,12,0,363,96,382,10,43206
2025-07-11,argo,app.shosetsu.android.ui.search,SearchController,onCreateView,3,2,0.0,5,1.0,1,0,2,0,8,0,3,0,1.0,0,1,1,13,0.2,1,2.4444444444444446,3,1,0.0,0,0.4,0.3333333333333333,57,34,0.0,6,2,6,1,0,8,5,0,0,0,1,2,0,0,0,0,6,0.9333333333333333,6,1.0,6,6,2,0,6,0,0,6,3,1,0,0,0,0,0,8,8,69,1613,1249,1,0,4,41,2.0,11,0,358,96,382,6,43206
2025-07-11,argo,app.shosetsu.android.ui.search,SearchController,onDestroy,3,0,0.0,2,1.0,1,0,2,0,9,1,3,0,1.0,1,1,0,5,1.0,1,2.3333333333333335,0,0,0.0,0,0.4,0.3333333333333333,57,34,0.0,6,2,6,1,0,8,5,0,0,0,1,2,0,0,0,0,6,0.9333333333333333,6,1.0,6,6,2,0,6,0,0,6,3,1,0,0,0,0,0,8,8,69,1613,1249,1,0,4,41,2.0,11,0,358,96,382,6,43206
2025-07-11,argo,app.shosetsu.android.ui.search,SearchController,onCreateMenu,1,0,0.0,1,1.0,1,0,2,0,3,0,1,0,0.0,0,0,1,3,0.0,0,4.0,2,1,0.0,0,0.4,0.3333333333333333,57,34,0.0,6,2,6,1,0,8,5,0,0,0,1,2,0,0,0,0,6,0.9333333333333333,6,1.0,6,6,2,0,6,0,0,6,3,1,0,0,0,0,0,8,8,69,1613,1249,1,0,4,41,2.0,11,0,358,96,382,6,43206
2025-07-11,argo,app.shosetsu.android.ui.search,SearchController,onPrepareMenu,3,1,0.0,5,0.6,1,0,2,0,10,0,3,0,0.5,0,1,2,17,0.5,1,3.0,1,2,0.0,0,0.4,0.3333333333333333,57,34,0.0,6,2,6,1,0,8,5,0,0,0,1,2,0,0,0,0,6,0.9333333333333333,6,1.0,6,6,2,0,6,0,0,6,3,1,0,0,0,0,0,8,8,69,1613,1249,1,0,4,41,2.0,11,0,358,96,382,6,43206
2025-07-11,argo,app.shosetsu.android.ui.search,SearchController,onMenuItemSelected,1,0,0.0,0,0.0,1,0,2,0,1,0,1,0,0.0,0,0,0,0,0.0,0,0.0,1,0,0.0,0,0.4,0.3333333333333333,57,34,0.0,6,2,6,1,0,8,5,0,0,0,1,2,0,0,0,0,6,0.9333333333333333,6,1.0,6,6,2,0,6,0,0,6,3,1,0,0,0,0,0,8,8,69,1613,1249,1,0,4,41,2.0,11,0,358,96,382,6,43206
2025-07-11,argo,app.shosetsu.android.ui.search,SearchController,onViewCreated,1,0,0.0,1,1.0,1,0,2,0,3,0,1,0,1.0,0,1,0,3,0.5,0,4.0,2,0,0.0,0,0.4,0.3333333333333333,57,34,0.0,6,2,6,1,0,8,5,0,0,0,1,2,0,0,0,0,6,0.9333333333333333,6,1.0,6,6,2,0,6,0,0,6,3,1,0,0,0,0,0,8,8,69,1613,1249,1,0,4,41,2.0,11,0,358,96,382,6,43206
2025-07-11,argo,app.shosetsu.android.ui.settings,ComposeSettingsController,onCreateView,1,0,0.0,2,1.0,1,0,1,0,4,0,1,0,0.0,0,0,0,3,0.0,1,2.0,3,0,0.0,0,0.0,0.0,8,4,0.0,1,1,1,1,0,4,0,0,0,0,0,1,0,0,0,0,1,0.0,1,1.0,1,1,1,0,1,0,0,1,1,1,0,0,0,0,0,1,1,69,1613,1249,1,0,0,3,1.0,3,0,124,96,382,1,43206
2025-07-11,argo,app.shosetsu.android.ui.settings.sub,AdvancedSettings,purgeNovelCache,1,0,0.0,2,1.0,1,0,1,0,6,0,1,1,1.0,1,1,0,11,1.0,0,3.2,0,0,0.0,0,0.6,0.4,41,31,0.0,5,2,1,1,1,5,6,0,0,0,1,2,0,0,0,0,5,0.7,5,1.0,5,1,2,0,1,4,0,1,1,1,0,0,0,0,0,5,5,69,1613,1249,6,0,5,41,1.0,19,0,1430,96,382,14,43206
2025-07-11,argo,app.shosetsu.android.ui.settings.sub,AdvancedSettings,clearWebCookies,1,0,0.0,2,1.0,1,0,1,0,8,0,1,0,0.0,0,0,3,7,0.0,0,3.5,0,3,0.0,0,0.6,0.4,41,31,0.0,5,2,1,1,1,5,6,0,0,0,1,2,0,0,0,0,5,0.7,5,1.0,5,1,2,0,1,4,0,1,1,1,0,0,0,0,0,5,5,69,1613,1249,6,0,5,41,1.0,19,0,1430,96,382,14,43206
2025-07-11,argo,app.shosetsu.android.ui.settings.sub,AdvancedSettings,themeSelected,1,0,0.0,2,1.0,1,0,1,0,6,0,1,0,0.5,0,1,1,10,1.0,1,3.0,1,1,0.0,0,0.6,0.4,41,31,0.0,5,2,1,1,1,5,6,0,0,0,1,2,0,0,0,0,5,0.7,5,1.0,5,1,2,0,1,4,0,1,1,1,0,0,0,0,0,5,5,69,1613,1249,6,0,5,41,1.0,19,0,1430,96,382,14,43206
2025-07-11,argo,app.shosetsu.android.ui.settings.sub,AdvancedSettings,killCycleWorkers,1,0,0.0,3,1.0,1,0,1,0,7,0,1,0,1.0,1,1,1,10,1.0,1,2.5714285714285716,0,1,0.0,0,0.6,0.4,41,31,0.0,5,2,1,1,1,5,6,0,0,0,1,2,0,0,0,0,5,0.7,5,1.0,5,1,2,0,1,4,0,1,1,1,0,0,0,0,0,5,5,69,1613,1249,6,0,5,41,1.0,19,0,1430,96,382,14,43206
2025-07-11,argo,app.shosetsu.android.ui.settings.sub,AdvancedSettings,onCreateView,1,0,0.0,2,1.0,1,0,1,0,4,0,1,0,1.0,0,1,0,3,0.33,1,2.0,3,0,0.0,0,0.6,0.4,41,31,0.0,5,2,1,1,1,5,6,0,0,0,1,2,0,0,0,0,5,0.7,5,1.0,5,1,2,0,1,4,0,1,1,1,0,0,0,0,0,5,5,69,1613,1249,6,0,5,41,1.0,19,0,1430,96,382,14,43206
2025-07-11,argo,app.shosetsu.android.ui.settings.sub,DownloadSettings,onCreateView,1,0,0.0,1,1.0,1,1,1,0,4,0,1,0,1.0,0,1,0,3,0.33,0,2.0,3,0,0.0,0,0.16666666666666666,0.75,26,16,0.0,4,2,2,1,1,5,3,0,0,0,1,2,0,0,0,0,4,1.0,5,1.25,4,2,2,0,2,2,0,2,2,1,0,0,0,0,0,5,5,69,1613,1249,6,0,3,21,1.3333333333333333,19,0,1430,96,382,14,43206
2025-07-11,argo,app.shosetsu.android.ui.settings.sub,DownloadSettings,setDownloadDirectory,0,0,0.0,0,0.0,1,1,1,0,0,0,0,0,0.0,0,0,0,0,0.0,0,0.0,1,0,0.0,0,0.16666666666666666,0.75,26,16,0.0,4,2,2,1,1,5,3,0,0,0,1,2,0,0,0,0,4,1.0,5,1.25,4,2,2,0,2,2,0,2,2,1,0,0,0,0,0,5,5,69,1613,1249,6,0,3,21,1.3333333333333333,19,0,1430,96,382,14,43206
2025-07-11,argo,app.shosetsu.android.ui.settings.sub,DownloadSettings,performFileSearch,1,1,0.0,3,1.0,1,1,1,0,5,0,1,0,0.0,0,0,2,5,0.0,0,2.25,0,2,0.0,0,0.16666666666666666,0.75,26,16,0.0,4,2,2,1,1,5,3,0,0,0,1,2,0,0,0,0,4,1.0,5,1.25,4,2,2,0,2,2,0,2,2,1,0,0,0,0,0,5,5,69,1613,1249,6,0,3,21,1.3333333333333333,19,0,1430,96,382,14,43206
2025-07-11,argo,app.shosetsu.android.ui.settings.sub,DownloadSettings,onDestroy,2,0,0.0,2,1.0,1,1,1,0,7,1,2,0,1.0,1,1,1,13,1.0,1,2.5555555555555554,0,1,0.0,0,0.16666666666666666,0.75,26,16,0.0,4,2,2,1,1,5,3,0,0,0,1,2,0,0,0,0,4,1.0,5,1.25,4,2,2,0,2,2,0,2,2,1,0,0,0,0,0,5,5,69,1613,1249,6,0,3,21,1.3333333333333333,19,0,1430,96,382,14,43206
2025-07-11,argo,app.shosetsu.android.ui.settings.sub,ReaderSettings,onCreateView,1,0,0.0,2,1.0,1,0,1,0,4,0,1,0,1.0,0,1,0,8,0.33,0,2.75,3,0,0.0,0,0.0,1.0,10,4,0.0,1,2,1,1,0,4,0,0,1,0,0,2,0,0,0,0,1,0.0,1,1.0,1,1,2,0,1,0,0,1,1,1,0,0,0,0,0,1,1,69,1613,1249,6,0,0,8,1.0,19,0,1430,96,382,14,43206
2025-07-11,argo,app.shosetsu.android.ui.settings.sub,TextAssetReader,onCreateView,1,1,0.0,2,1.0,1,0,1,0,4,0,1,0,1.0,0,1,0,4,0.25,0,2.5,3,0,0.0,0,1.0,1.0,19,8,0.0,2,1,2,1,0,4,1,0,1,0,1,3,2,2,0,0,2,0.0,2,1.0,2,2,1,0,2,0,0,2,2,1,0,0,0,0,0,2,2,69,1613,1249,6,0,0,12,1.5,19,0,1430,96,382,14,43206
2025-07-11,argo,app.shosetsu.android.ui.settings.sub,TextAssetReader,onViewCreated,2,0,0.0,2,0.5,1,0,1,0,4,0,2,0,1.0,0,1,0,8,0.5,0,3.0,2,0,0.0,0,1.0,1.0,19,8,0.0,2,1,2,1,0,4,1,0,1,0,1,3,2,2,0,0,2,0.0,2,1.0,2,2,1,0,2,0,0,2,2,1,0,0,0,0,0,2,2,69,1613,1249,6,0,0,12,1.5,19,0,1430,96,382,14,43206
2025-07-11,argo,app.shosetsu.android.ui.settings.sub,UpdateSettings,onCreateView,1,0,0.0,1,1.0,1,0,1,0,4,0,1,0,1.0,0,1,0,3,0.33,0,2.0,3,0,0.0,0,0.0,0.0,10,4,0.0,1,2,1,1,1,4,0,0,0,0,1,2,0,0,0,0,1,0.0,1,1.0,1,1,2,0,1,0,0,1,1,1,0,0,0,0,0,1,1,69,1613,1249,6,0,0,3,1.0,19,0,1430,96,382,14,43206
2025-07-11,argo,app.shosetsu.android.ui.settings.sub,ViewSettings,onCreateView,1,0,0.0,2,1.0,1,0,1,0,4,0,1,0,1.0,0,1,0,3,0.33,1,2.0,3,0,0.0,0,0.0,1.0,10,4,0.0,1,2,1,1,0,4,0,0,1,0,0,2,0,0,0,0,1,0.0,1,1.0,1,1,2,0,1,0,0,1,1,1,0,0,0,0,0,1,1,69,1613,1249,6,0,0,3,1.0,19,0,1430,96,382,14,43206
2025-07-11,argo,app.shosetsu.android.ui.updates,ComposeUpdatesController,onCreateView,1,2,0.0,4,1.0,1,0,1,0,8,0,1,1,1.0,0,1,0,7,0.25,1,2.5,3,0,0.0,0,1.0,1.0,18,11,0.0,2,2,1,1,0,4,0,0,1,0,0,2,0,0,0,0,3,1.0,3,1.5,2,1,2,0,2,0,0,2,1,1,0,0,0,0,0,2,2,69,1613,1249,1,0,0,11,2.0,7,0,273,96,382,2,43206
2025-07-11,argo,app.shosetsu.android.ui.updates,ComposeUpdatesController,onRefresh,3,0,0.0,1,1.0,1,0,1,0,3,1,3,0,1.0,0,1,0,4,1.0,0,2.3333333333333335,0,0,0.0,0,1.0,1.0,18,11,0.0,2,2,1,1,0,4,0,0,1,0,0,2,0,0,0,0,3,1.0,3,1.5,2,1,2,0,2,0,0,2,1,1,0,0,0,0,0,2,2,69,1613,1249,1,0,0,11,2.0,7,0,273,96,382,2,43206
2025-07-11,argo,app.shosetsu.android.ui.webView,WebViewApp,onCreateView,1,0,0.0,0,0.0,1,0,1,0,3,0,1,0,0.25,1,1,0,2,0.67,0,2.0,3,0,0.0,0,0.3,0.8,54,44,0.2,5,2,5,4,0,8,4,0,1,0,0,1,0,0,1,0,7,0.9,7,1.4,5,5,2,0,5,0,0,5,3,1,0,0,0,0,0,6,6,69,1613,1249,1,0,4,41,1.6,5,0,125,96,382,5,43206
2025-07-11,argo,app.shosetsu.android.ui.webView,WebViewApp,onOptionsItemSelected,2,0,0.0,3,1.0,1,0,1,0,10,1,2,0,0.0,1,0,0,6,0.0,1,3.1666666666666665,1,0,0.0,0,0.3,0.8,54,44,0.2,5,2,5,4,0,8,4,0,1,0,0,1,0,0,1,0,7,0.9,7,1.4,5,5,2,0,5,0,0,5,3,1,0,0,0,0,0,6,6,69,1613,1249,1,0,4,41,1.6,5,0,125,96,382,5,43206
2025-07-11,argo,app.shosetsu.android.ui.webView,WebViewApp,onBackPressed,3,0,0.0,1,1.0,1,0,1,0,5,1,3,0,1.0,1,1,0,4,2.0,1,2.6666666666666665,0,0,0.0,0,0.3,0.8,54,44,0.2,5,2,5,4,0,8,4,0,1,0,0,1,0,0,1,0,7,0.9,7,1.4,5,5,2,0,5,0,0,5,3,1,0,0,0,0,0,6,6,69,1613,1249,1,0,4,41,1.6,5,0,125,96,382,5,43206
2025-07-11,argo,app.shosetsu.android.ui.webView,WebViewApp,onCreateOptionsMenu,1,0,0.0,1,1.0,1,0,1,0,4,0,1,0,0.0,0,0,1,3,0.0,0,4.0,1,1,0.0,0,0.3,0.8,54,44,0.2,5,2,5,4,0,8,4,0,1,0,0,1,0,0,1,0,7,0.9,7,1.4,5,5,2,0,5,0,0,5,3,1,0,0,0,0,0,6,6,69,1613,1249,1,0,4,41,1.6,5,0,125,96,382,5,43206
2025-07-11,argo,app.shosetsu.android.ui.webView,WebViewApp,onCreate,1,1,1.0,10,1.0,1,0,1,0,22,0,1,1,0.8571428571428571,2,1,3,26,1.0,1,2.7058823529411766,1,3,0.0,0,0.3,0.8,54,44,0.2,5,2,5,4,0,8,4,0,1,0,0,1,0,0,1,0,7,0.9,7,1.4,5,5,2,0,5,0,0,5,3,1,0,0,0,0,0,6,6,69,1613,1249,1,0,4,41,1.6,5,0,125,96,382,5,43206
2025-07-11,argo,app.shosetsu.android.view,AndroidQRCodeDrawable,drawImage,1,2,0.0,3,1.0,0,0,1,0,7,0,1,0,0.25,0,1,0,5,0.25,2,2.0,3,0,0.0,0,1.0,1.0,51,41,0.2857142857142857,7,1,7,1,0,3,1,0,0,0,0,1,0,0,0,0,8,0.2857142857142857,8,1.1428571428571428,7,7,1,0,7,0,0,7,0,1,0,0,0,0,0,7,7,69,1613,1249,4,0,0,41,1.1428571428571428,13,0,512,96,382,11,43206
2025-07-11,argo,app.shosetsu.android.view,AndroidQRCodeDrawable,drawLine,1,0,0.0,1,1.0,0,0,1,0,6,0,1,0,0.14285714285714285,1,1,0,6,0.2,0,2.25,5,0,0.0,0,1.0,1.0,51,41,0.2857142857142857,7,1,7,1,0,3,1,0,0,0,0,1,0,0,0,0,8,0.2857142857142857,8,1.1428571428571428,7,7,1,0,7,0,0,7,0,1,0,0,0,0,0,7,7,69,1613,1249,4,0,0,41,1.1428571428571428,13,0,512,96,382,11,43206
2025-07-11,argo,app.shosetsu.android.view,AndroidQRCodeDrawable,drawRect,1,0,0.0,1,1.0,0,0,1,0,6,0,1,0,0.14285714285714285,1,1,0,6,0.2,0,2.25,5,0,0.0,0,1.0,1.0,51,41,0.2857142857142857,7,1,7,1,0,3,1,0,0,0,0,1,0,0,0,0,8,0.2857142857142857,8,1.1428571428571428,7,7,1,0,7,0,0,7,0,1,0,0,0,0,0,7,7,69,1613,1249,4,0,0,41,1.1428571428571428,13,0,512,96,382,11,43206
2025-07-11,argo,app.shosetsu.android.view,AndroidQRCodeDrawable,drawRoundRect,1,0,0.0,1,1.0,0,0,1,0,6,0,1,0,0.1111111111111111,1,1,0,7,0.17,0,2.2,6,0,0.0,0,1.0,1.0,51,41,0.2857142857142857,7,1,7,1,0,3,1,0,0,0,0,1,0,0,0,0,8,0.2857142857142857,8,1.1428571428571428,7,7,1,0,7,0,0,7,0,1,0,0,0,0,0,7,7,69,1613,1249,4,0,0,41,1.1428571428571428,13,0,512,96,382,11,43206
2025-07-11,argo,app.shosetsu.android.view,AndroidQRCodeDrawable,fillRect,1,0,1.0,1,1.0,0,0,1,0,6,0,1,0,0.14285714285714285,1,1,0,6,0.2,0,2.25,5,0,0.0,0,1.0,1.0,51,41,0.2857142857142857,7,1,7,1,0,3,1,0,0,0,0,1,0,0,0,0,8,0.2857142857142857,8,1.1428571428571428,7,7,1,0,7,0,0,7,0,1,0,0,0,0,0,7,7,69,1613,1249,4,0,0,41,1.1428571428571428,13,0,512,96,382,11,43206
2025-07-11,argo,app.shosetsu.android.view,AndroidQRCodeDrawable,fillRoundRect,1,0,1.0,1,1.0,0,0,1,0,6,0,1,0,0.1111111111111111,1,1,0,7,0.17,0,2.2,6,0,0.0,0,1.0,1.0,51,41,0.2857142857142857,7,1,7,1,0,3,1,0,0,0,0,1,0,0,0,0,8,0.2857142857142857,8,1.1428571428571428,7,7,1,0,7,0,0,7,0,1,0,0,0,0,0,7,7,69,1613,1249,4,0,0,41,1.1428571428571428,13,0,512,96,382,11,43206
2025-07-11,argo,app.shosetsu.android.view,AndroidQRCodeDrawable,writeImage,2,1,0.0,1,1.0,0,0,1,0,4,1,2,0,0.5,0,1,0,4,0.5,0,4.0,1,0,0.0,0,1.0,1.0,51,41,0.2857142857142857,7,1,7,1,0,3,1,0,0,0,0,1,0,0,0,0,8,0.2857142857142857,8,1.1428571428571428,7,7,1,0,7,0,0,7,0,1,0,0,0,0,0,7,7,69,1613,1249,4,0,0,41,1.1428571428571428,13,0,512,96,382,11,43206
2025-07-11,argo,app.shosetsu.android.view,ComposeDialog,onCreate,1,0,0.0,2,1.0,0,0,1,0,7,0,1,0,0.0,1,0,0,2,0.0,1,2.5,1,0,0.0,0,0.0,1.0,9,7,0.0,1,0,1,1,0,1,0,0,0,0,0,0,0,0,0,0,1,0.0,1,1.0,1,1,0,0,2,0,0,2,2,2,0,0,0,0,0,1,1,69,1613,1249,4,0,0,2,1.0,13,0,512,96,382,11,43206
2025-07-11,argo,app.shosetsu.android.view,ComposeBottomSheetDialog,onCreate,1,0,0.0,2,1.0,0,0,1,0,7,0,1,0,0.0,1,0,0,2,0.0,1,2.5,1,0,0.0,0,0.0,1.0,9,7,0.0,1,0,1,1,0,1,0,0,0,0,0,0,0,0,0,0,1,0.0,1,1.0,1,1,0,0,2,0,0,2,2,2,0,0,0,0,0,1,1,69,1613,1249,4,0,0,2,1.0,13,0,512,96,382,11,43206
2025-07-11,argo,app.shosetsu.android.view,DoubleClickListener,onClick,3,0,1.0,0,0.0,0,0,1,0,4,1,3,1,0.6666666666666666,1,1,1,2,1.0,0,0.0,1,0,0.0,0,0.0,0.5,10,4,0.5,2,1,1,1,0,1,0,0,1,0,0,0,0,0,1,0,2,0.0,2,2.0,2,1,1,0,2,0,0,2,0,0,0,1,0,0,0,2,1,69,1613,1249,4,0,1,2,3.0,13,0,512,96,382,11,43206
2025-07-11,argo,app.shosetsu.android.view,DoubleClickListener,onDoubleClick,0,0,0.0,0,0.0,0,0,1,0,0,0,0,0,0.0,0,0,0,0,0.0,0,0.0,1,0,0.0,0,0.0,0.5,10,4,0.5,2,1,1,1,0,1,0,0,1,0,0,0,0,0,1,0,2,0.0,2,2.0,2,1,1,0,2,0,0,2,0,0,0,1,0,0,0,2,1,69,1613,1249,4,0,1,2,3.0,13,0,512,96,382,11,43206
2025-07-11,argo,app.shosetsu.android.view.controller,ShosetsuController,onCreate,1,0,1.0,1,1.0,1,1,1,0,4,0,1,1,0.0,2,0,1,1,0.0,1,2.0,1,1,0.0,0,0.0,0.4,23,6,0.25,5,3,1,2,0,6,2,0,0,0,0,3,0,0,0,0,4,0.9,5,1.0,5,1,3,0,5,0,0,5,2,0,0,0,0,0,0,5,5,69,1613,1249,1,0,2,4,1.5,4,0,84,96,382,5,43206
2025-07-11,argo,app.shosetsu.android.view.controller,ShosetsuController,setViewTitle,1,0,0.0,0,0.0,1,1,1,0,4,0,1,0,1.0,0,0,1,1,1.0,0,2.0,1,1,0.0,0,0.0,0.4,23,6,0.25,5,3,1,2,0,6,2,0,0,0,0,3,0,0,0,0,4,0.9,5,1.0,5,1,3,0,5,0,0,5,2,0,0,0,0,0,0,5,5,69,1613,1249,1,0,2,4,1.5,4,0,84,96,382,5,43206
2025-07-11,argo,app.shosetsu.android.view.controller,ShosetsuController,observe,2,0,0.0,0,0.0,1,1,1,0,1,0,2,0,0.0,0,0,0,1,0.0,0,0.0,2,0,0.0,0,0.0,0.4,23,6,0.25,5,3,1,2,0,6,2,0,0,0,0,3,0,0,0,0,4,0.9,5,1.0,5,1,3,0,5,0,0,5,2,0,0,0,0,0,0,5,5,69,1613,1249,1,0,2,4,1.5,4,0,84,96,382,5,43206
2025-07-11,argo,app.shosetsu.android.view.controller,ShosetsuController,observeLatest,2,0,0.0,0,0.0,1,1,1,0,1,0,2,0,0.0,0,0,0,1,0.0,0,0.0,2,0,0.0,0,0.0,0.4,23,6,0.25,5,3,1,2,0,6,2,0,0,0,0,3,0,0,0,0,4,0.9,5,1.0,5,1,3,0,5,0,0,5,2,0,0,0,0,0,0,5,5,69,1613,1249,1,0,2,4,1.5,4,0,84,96,382,5,43206
2025-07-11,argo,app.shosetsu.android.view.controller,ShosetsuController,onLifecycleCreate,0,0,0.0,0,0.0,1,1,1,0,0,0,0,0,0.0,0,0,0,0,0.0,0,0.0,2,0,0.0,0,0.0,0.4,23,6,0.25,5,3,1,2,0,6,2,0,0,0,0,3,0,0,0,0,4,0.9,5,1.0,5,1,3,0,5,0,0,5,2,0,0,0,0,0,0,5,5,69,1613,1249,1,0,2,4,1.5,4,0,84,96,382,5,43206
2025-07-11,argo,app.shosetsu.android.view.controller.base,ExtendedFABController,hideFAB,1,0,0.0,2,1.0,0,0,2,0,4,0,1,0,0.0,0,0,2,2,0.0,1,2.0,1,2,0.0,0,0.0,0.0,35,13,0.25,4,0,0,0,0,1,3,0,0,0,0,0,0,0,0,0,3,0.0,3,1.0,4,0,0,0,4,0,0,4,0,1,0,0,0,0,0,11,11,69,1613,1249,4,0,7,6,1.0,6,4,196,96,382,4,43206
2025-07-11,argo,app.shosetsu.android.view.controller.base,ExtendedFABController,showFAB,1,0,0.0,2,1.0,0,0,2,0,4,0,1,0,0.0,0,0,2,2,0.0,1,2.0,1,2,0.0,0,0.0,0.0,35,13,0.25,4,0,0,0,0,1,3,0,0,0,0,0,0,0,0,0,3,0.0,3,1.0,4,0,0,0,4,0,0,4,0,1,0,0,0,0,0,11,11,69,1613,1249,4,0,7,6,1.0,6,4,196,96,382,4,43206
2025-07-11,argo,app.shosetsu.android.view.controller.base,ExtendedFABController,resetFAB,1,0,1.0,2,1.0,0,0,2,0,5,0,1,1,0.0,1,0,3,2,0.0,1,2.0,1,3,0.0,0,0.0,0.0,35,13,0.25,4,0,0,0,0,1,3,0,0,0,0,0,0,0,0,0,3,0.0,3,1.0,4,0,0,0,4,0,0,4,0,1,0,0,0,0,0,11,11,69,1613,1249,4,0,7,6,1.0,6,4,196,96,382,4,43206
2025-07-11,argo,app.shosetsu.android.view.controller.base,ExtendedFABController,manipulateFAB,0,0,0.0,0,0.0,0,0,2,0,0,0,0,0,0.0,0,0,0,0,0.0,0,0.0,1,0,0.0,0,0.0,0.0,35,13,0.25,4,0,0,0,0,1,3,0,0,0,0,0,0,0,0,0,3,0.0,3,1.0,4,0,0,0,4,0,0,4,0,1,0,0,0,0,0,11,11,69,1613,1249,4,0,7,6,1.0,6,4,196,96,382,4,43206
2025-07-11,argo,app.shosetsu.android.view.uimodels,NovelSettingUI,convertTo,1,0,0.0,0,0.0,0,0,1,0,1,0,1,0,0.0,0,0,0,1,0.0,0,0.0,0,0,0.0,0,0.0,0.0,3,1,0.0,1,0,1,1,0,1,0,0,0,0,0,0,0,0,0,0,1,0.0,1,1.0,1,1,0,0,1,0,0,1,0,1,0,0,0,0,0,1,1,69,1613,1249,1,0,0,1,1.0,1,0,49,96,382,1,43206
2025-07-11,argo,app.shosetsu.android.view.uimodels.model,ChapterUI,convertTo,1,0,0.0,0,0.0,0,0,1,0,1,0,1,0,0.0,0,0,0,1,0.0,0,0.0,0,0,0.0,0,0.0,0.0,5,1,0.0,1,1,1,1,1,1,0,0,0,0,1,1,0,0,0,0,1,0.0,1,1.0,1,1,1,0,1,0,0,1,0,1,0,0,0,0,0,1,1,69,1613,1249,14,0,0,1,1.0,9,0,620,96,382,9,43206
2025-07-11,argo,app.shosetsu.android.view.uimodels.model,DownloadUI,convertTo,1,0,0.0,0,0.0,0,0,1,0,1,0,1,0,0.0,0,0,0,1,0.0,0,0.0,0,0,0.0,0,0.0,0.0,3,1,0.0,1,0,1,1,0,1,0,0,0,0,0,0,0,0,0,0,1,0.0,1,1.0,1,1,0,0,1,0,0,1,0,1,0,0,0,0,0,1,1,69,1613,1249,14,0,0,1,1.0,9,0,620,96,382,9,43206
2025-07-11,argo,app.shosetsu.android.view.uimodels.model,IDTitleImageBookUI,convertTo,1,0,0.0,0,0.0,0,0,1,0,1,0,1,0,0.0,0,0,0,1,0.0,0,0.0,0,0,0.0,0,0.0,0.0,3,1,0.0,1,0,1,1,0,1,0,0,0,0,0,0,0,0,0,0,1,0.0,1,1.0,1,1,0,0,1,0,0,1,0,1,0,0,0,0,0,1,1,69,1613,1249,14,0,0,1,1.0,9,0,620,96,382,9,43206
2025-07-11,argo,app.shosetsu.android.view.uimodels.model,IDTitleImageUI,convertTo,1,0,0.0,0,0.0,0,0,1,0,1,0,1,0,0.0,0,0,0,1,0.0,0,0.0,0,0,0.0,0,0.0,0.0,3,1,0.0,1,0,1,1,0,1,0,0,0,0,0,0,0,0,0,0,1,0.0,1,1.0,1,1,0,0,1,0,0,1,0,1,0,0,0,0,0,1,1,69,1613,1249,14,0,0,1,1.0,9,0,620,96,382,9,43206
2025-07-11,argo,app.shosetsu.android.view.uimodels.model,InstalledExtensionUI,convertTo,1,0,0.0,0,0.0,0,0,1,0,1,0,1,0,0.0,0,0,0,1,0.0,0,0.0,0,0,0.0,0,0.0,1.0,5,1,0.0,1,1,1,1,1,1,0,0,0,0,1,1,0,0,0,0,1,0.0,1,1.0,1,1,1,0,1,0,0,1,0,1,0,0,0,0,0,1,1,69,1613,1249,14,0,0,1,1.0,9,0,620,96,382,9,43206
2025-07-11,argo,app.shosetsu.android.view.uimodels.model,LibraryNovelUI,convertTo,1,0,0.0,0,0.0,0,0,1,0,1,0,1,0,0.0,0,0,0,1,0.0,0,0.0,0,0,0.0,0,0.0,0.0,3,1,0.0,1,0,1,1,0,1,0,0,0,0,0,0,0,0,0,0,1,0.0,1,1.0,1,1,0,0,1,0,0,1,0,1,0,0,0,0,0,1,1,69,1613,1249,14,0,0,1,1.0,9,0,620,96,382,9,43206
2025-07-11,argo,app.shosetsu.android.view.uimodels.model,NovelUI,convertTo,1,0,0.0,0,0.0,0,0,1,0,1,0,1,0,0.0,0,0,0,1,0.0,0,0.0,0,0,0.0,0,0.0,1.0,7,1,0.0,1,2,1,1,2,1,0,0,0,0,2,2,0,0,0,0,1,0.0,1,1.0,1,1,2,0,1,0,0,1,0,1,0,0,0,0,0,1,1,69,1613,1249,14,0,0,1,1.0,9,0,620,96,382,9,43206
2025-07-11,argo,app.shosetsu.android.view.uimodels.model,RepositoryUI,convertTo,1,0,0.0,0,0.0,0,0,1,0,1,0,1,0,0.0,0,0,0,1,0.0,0,0.0,0,0,0.0,0,0.0,0.0,3,1,0.0,1,0,1,1,0,1,0,0,0,0,0,0,0,0,0,0,1,0.0,1,1.0,1,1,0,0,1,0,0,1,0,1,0,0,0,0,0,1,1,69,1613,1249,14,0,0,1,1.0,9,0,620,96,382,9,43206
2025-07-11,argo,app.shosetsu.android.view.uimodels.model,URLTitleImageUI,convertTo,1,0,0.0,0,0.0,0,0,1,0,1,0,1,0,0.0,0,0,0,1,0.0,0,0.0,0,0,0.0,0,0.0,0.0,3,1,0.0,1,0,1,1,0,1,0,0,0,0,0,0,0,0,0,0,1,0.0,1,1.0,1,1,0,0,1,0,0,1,0,1,0,0,0,0,0,1,1,69,1613,1249,14,0,0,1,1.0,9,0,620,96,382,9,43206
2025-07-11,argo,app.shosetsu.android.view.widget,ElevatedAppBarLayout,elevate,1,0,0.0,0,0.0,0,0,1,0,4,0,1,0,0.5,0,1,1,0,1.0,0,0.0,1,0,0.0,0,0.0,1.0,21,12,0.0,2,1,0,1,0,1,0,0,1,0,0,0,0,0,1,0,2,0.0,2,1.0,2,0,1,0,2,0,0,2,0,1,0,0,0,0,0,2,2,69,1613,1249,4,0,2,10,1.0,10,1,303,96,382,13,43206
2025-07-11,argo,app.shosetsu.android.view.widget,ElevatedAppBarLayout,drop,1,1,0.0,3,1.0,0,0,1,0,8,0,1,0,0.0,0,0,1,10,0.0,1,3.0,0,0,0.0,0,0.0,1.0,21,12,0.0,2,1,0,1,0,1,0,0,1,0,0,0,0,0,1,0,2,0.0,2,1.0,2,0,1,0,2,0,0,2,0,1,0,0,0,0,0,2,2,69,1613,1249,4,0,2,10,1.0,10,1,303,96,382,13,43206
2025-07-11,argo,app.shosetsu.android.view.widget,TriState,cycleState,1,0,0.0,1,1.0,0,0,1,0,3,0,1,0,1.0,0,2,0,1,2.0,1,2.0,0,0,0.0,0,0.0,1.0,11,3,0.0,1,3,0,0,3,0,0,0,0,0,3,1,0,0,2,1,1,0.0,1,1.0,1,0,3,0,1,0,0,1,0,1,0,0,0,0,0,1,1,69,1613,1249,4,0,0,1,1.0,10,1,303,96,382,13,43206
2025-07-11,argo,app.shosetsu.android.view.widget,TriStateButton,setText,1,0,0.0,1,1.0,0,3,1,0,1,0,1,0,0.5,2,1,0,2,1.0,0,3.0,1,0,0.0,0,0.26666666666666666,0.3333333333333333,67,9,0.0,5,8,0,1,0,3,2,0,5,0,0,7,0,0,1,0,8,1.0,8,1.3333333333333333,6,0,8,0,5,1,0,5,0,1,0,0,0,0,0,6,6,69,1613,1249,4,0,1,8,1.8,10,1,303,96,382,13,43206
2025-07-11,argo,app.shosetsu.android.view.widget,TriStateButton,setText,1,0,0.0,0,0.0,0,3,1,0,3,0,1,0,0.5,0,1,1,0,1.0,0,3.0,1,0,0.0,0,0.26666666666666666,0.3333333333333333,67,9,0.0,5,8,0,1,0,3,2,0,5,0,0,7,0,0,1,0,8,1.0,8,1.3333333333333333,6,0,8,0,5,1,0,5,0,1,0,0,0,0,0,6,6,69,1613,1249,4,0,1,8,1.8,10,1,303,96,382,13,43206
2025-07-11,argo,app.shosetsu.android.view.widget,TriStateButton,addOnClickListener,1,0,0.0,1,1.0,0,3,1,0,3,0,1,0,0.5,0,1,0,1,1.0,1,2.0,1,0,0.0,0,0.26666666666666666,0.3333333333333333,67,9,0.0,5,8,0,1,0,3,2,0,5,0,0,7,0,0,1,0,8,1.0,8,1.3333333333333333,6,0,8,0,5,1,0,5,0,1,0,0,0,0,0,6,6,69,1613,1249,4,0,1,8,1.8,10,1,303,96,382,13,43206
2025-07-11,argo,app.shosetsu.android.view.widget,TriStateButton,removeOnClickListener,1,0,0.0,1,1.0,0,3,1,0,3,0,1,0,0.5,0,1,0,1,1.0,1,2.0,1,0,0.0,0,0.26666666666666666,0.3333333333333333,67,9,0.0,5,8,0,1,0,3,2,0,5,0,0,7,0,0,1,0,8,1.0,8,1.3333333333333333,6,0,8,0,5,1,0,5,0,1,0,0,0,0,0,6,6,69,1613,1249,4,0,1,8,1.8,10,1,303,96,382,13,43206
2025-07-11,argo,app.shosetsu.android.view.widget,TriStateButton,clearOnClickListeners,1,0,0.0,1,1.0,0,3,1,0,3,0,1,0,1.0,0,1,0,1,1.0,1,2.0,0,0,0.0,0,0.26666666666666666,0.3333333333333333,67,9,0.0,5,8,0,1,0,3,2,0,5,0,0,7,0,0,1,0,8,1.0,8,1.3333333333333333,6,0,8,0,5,1,0,5,0,1,0,0,0,0,0,6,6,69,1613,1249,4,0,1,8,1.8,10,1,303,96,382,13,43206
2025-07-11,argo,app.shosetsu.android.view.widget,TriStateButton,setDrawable,5,0,0.0,2,1.0,0,3,1,0,10,2,5,0,1.0,0,5,0,5,5.0,0,2.6666666666666665,0,0,0.0,0,0.26666666666666666,0.3333333333333333,67,9,0.0,5,8,0,1,0,3,2,0,5,0,0,7,0,0,1,0,8,1.0,8,1.3333333333333333,6,0,8,0,5,1,0,5,0,1,0,0,0,0,0,6,6,69,1613,1249,4,0,1,8,1.8,10,1,303,96,382,13,43206
2025-07-11,argo,app.shosetsu.android.view.widget,TriStateGroup,onViewAdded,3,0,1.0,2,0.5,0,0,1,0,6,1,3,1,0.16666666666666666,1,1,0,7,1.0,1,2.2,1,0,0.0,0,0.16666666666666666,0.75,29,20,0.25,4,2,2,1,0,3,1,0,2,0,0,2,0,0,0,0,6,0.8333333333333334,6,1.5,4,2,2,0,3,1,0,3,0,1,0,0,0,0,0,4,4,69,1613,1249,4,0,0,12,1.75,10,1,303,96,382,13,43206
2025-07-11,argo,app.shosetsu.android.view.widget,TriStateGroup,onViewRemoved,2,0,0.0,2,0.5,0,0,1,0,6,1,2,0,0.0,0,0,0,4,0.0,1,2.5,1,0,0.0,0,0.16666666666666666,0.75,29,20,0.25,4,2,2,1,0,3,1,0,2,0,0,2,0,0,0,0,6,0.8333333333333334,6,1.5,4,2,2,0,3,1,0,3,0,1,0,0,0,0,0,4,4,69,1613,1249,4,0,0,12,1.75,10,1,303,96,382,13,43206
2025-07-11,argo,app.shosetsu.android.view.widget,TriStateGroup,triStateClicked,1,0,0.0,0,0.0,0,0,1,0,7,0,1,0,0.3333333333333333,0,1,0,0,1.0,0,2.0,1,0,0.0,0,0.16666666666666666,0.75,29,20,0.25,4,2,2,1,0,3,1,0,2,0,0,2,0,0,0,0,6,0.8333333333333334,6,1.5,4,2,2,0,3,1,0,3,0,1,0,0,0,0,0,4,4,69,1613,1249,4,0,0,12,1.75,10,1,303,96,382,13,43206
2025-07-11,argo,app.shosetsu.android.view.widget,TriStateGroup,addOnStateChangeListener,1,0,0.0,1,1.0,0,0,1,0,1,0,1,0,0.5,0,1,0,1,1.0,1,2.0,1,0,0.0,0,0.16666666666666666,0.75,29,20,0.25,4,2,2,1,0,3,1,0,2,0,0,2,0,0,0,0,6,0.8333333333333334,6,1.5,4,2,2,0,3,1,0,3,0,1,0,0,0,0,0,4,4,69,1613,1249,4,0,0,12,1.75,10,1,303,96,382,13,43206
2025-07-11,argo,app.shosetsu.android.viewmodel.base,ShosetsuViewModel,asIOLiveData,1,0,0.0,1,1.0,1,0,1,0,1,0,1,0,0.0,0,0,0,2,0.0,0,2.0,0,0,0.0,0,0.0,0.5,5,2,0.0,2,0,0,2,0,2,0,0,0,0,0,0,0,0,0,0,2,1.0,2,1.0,2,0,0,0,2,0,0,2,0,0,0,0,0,0,0,2,2,69,1613,1249,5,0,0,3,1.0,3,4,167,96,382,2,43206
2025-07-11,argo,app.shosetsu.android.viewmodel.base,ShosetsuViewModel,onIO,1,0,0.0,1,1.0,1,0,1,0,1,0,1,0,0.0,0,0,0,1,0.0,0,2.0,0,0,0.0,0,0.0,0.5,5,2,0.0,2,0,0,2,0,2,0,0,0,0,0,0,0,0,0,0,2,1.0,2,1.0,2,0,0,0,2,0,0,2,0,0,0,0,0,0,0,2,2,69,1613,1249,5,0,0,3,1.0,3,4,167,96,382,2,43206
2025-07-11,argo,app.shosetsu.android.viewmodel.factory,ViewModelFactory,create,1,0,0.0,2,1.0,0,0,1,0,4,0,1,0,0.5,0,1,1,3,1.0,0,2.5,1,1,0.0,0,0.0,0.0,8,4,0.0,1,1,1,1,0,2,1,0,0,0,0,1,0,0,0,0,1,0.0,1,1.0,1,1,1,0,1,0,0,1,1,1,0,0,0,0,0,1,1,69,1613,1249,1,0,1,3,1.0,1,0,44,96,382,1,43206
2025-07-11,argo,app.shosetsu.android.viewmodel.impl,AboutViewModel,appUpdateCheck,2,0,0.0,1,1.0,0,0,1,0,3,0,2,0,0.0,0,0,1,2,0.0,2,2.0,0,1,0.0,0,0.0,1.0,5,3,0.0,1,0,1,1,0,0,1,0,0,0,0,0,0,0,0,0,1,0.0,1,1.0,1,1,0,0,1,0,0,1,0,1,0,0,0,0,0,1,1,69,1613,1249,14,0,1,2,2.0,144,0,4103,96,382,205,43206
2025-07-11,argo,app.shosetsu.android.viewmodel.impl,AddShareViewModel,takeData,1,0,0.0,0,0.0,0,3,1,0,5,0,1,0,0.5,0,2,2,1,2.0,0,2.0,1,1,0.0,0,0.5714285714285714,0.8571428571428571,235,103,0.0,6,18,7,1,0,2,3,0,4,0,0,14,0,0,4,0,18,0.4285714285714286,18,2.5714285714285716,7,7,18,0,7,0,0,7,0,1,0,0,0,0,0,8,8,69,1613,1249,14,0,5,52,4.714285714285714,144,0,4103,96,382,205,43206
2025-07-11,argo,app.shosetsu.android.viewmodel.impl,AddShareViewModel,setUserCancelled,1,0,0.0,0,0.0,0,3,1,0,4,0,1,1,1.0,1,1,1,0,1.0,0,2.0,0,1,0.0,0,0.5714285714285714,0.8571428571428571,235,103,0.0,6,18,7,1,0,2,3,0,4,0,0,14,0,0,4,0,18,0.4285714285714286,18,2.5714285714285716,7,7,18,0,7,0,0,7,0,1,0,0,0,0,0,8,8,69,1613,1249,14,0,5,52,4.714285714285714,144,0,4103,96,382,205,43206
2025-07-11,argo,app.shosetsu.android.viewmodel.impl,AddShareViewModel,setInvalidQRCode,1,0,0.0,0,0.0,0,3,1,0,4,0,1,0,1.0,0,2,0,0,2.0,0,2.0,0,0,0.0,0,0.5714285714285714,0.8571428571428571,235,103,0.0,6,18,7,1,0,2,3,0,4,0,0,14,0,0,4,0,18,0.4285714285714286,18,2.5714285714285716,7,7,18,0,7,0,0,7,0,1,0,0,0,0,0,8,8,69,1613,1249,14,0,5,52,4.714285714285714,144,0,4103,96,382,205,43206
2025-07-11,argo,app.shosetsu.android.viewmodel.impl,AddShareViewModel,add,27,6,0.0,12,0.9333,0,3,1,0,70,6,27,0,1.0,1,14,1,51,3.5,0,2.5555555555555554,0,1,0.0,0,0.5714285714285714,0.8571428571428571,235,103,0.0,6,18,7,1,0,2,3,0,4,0,0,14,0,0,4,0,18,0.4285714285714286,18,2.5714285714285716,7,7,18,0,7,0,0,7,0,1,0,0,0,0,0,8,8,69,1613,1249,14,0,5,52,4.714285714285714,144,0,4103,96,382,205,43206
2025-07-11,argo,app.shosetsu.android.viewmodel.impl,AddShareViewModel,destroy,1,0,0.0,0,0.0,0,3,1,0,22,0,1,0,1.0,0,18,1,0,18.0,0,2.0,0,1,0.0,0,0.5714285714285714,0.8571428571428571,235,103,0.0,6,18,7,1,0,2,3,0,4,0,0,14,0,0,4,0,18,0.4285714285714286,18,2.5714285714285716,7,7,18,0,7,0,0,7,0,1,0,0,0,0,0,8,8,69,1613,1249,14,0,5,52,4.714285714285714,144,0,4103,96,382,205,43206
2025-07-11,argo,app.shosetsu.android.viewmodel.impl,AddShareViewModel,retry,1,0,0.0,0,0.0,0,3,1,0,6,0,1,0,1.0,0,4,0,0,4.0,0,2.0,0,0,0.0,0,0.5714285714285714,0.8571428571428571,235,103,0.0,6,18,7,1,0,2,3,0,4,0,0,14,0,0,4,0,18,0.4285714285714286,18,2.5714285714285716,7,7,18,0,7,0,0,7,0,1,0,0,0,0,0,8,8,69,1613,1249,14,0,5,52,4.714285714285714,144,0,4103,96,382,205,43206
2025-07-11,argo,app.shosetsu.android.viewmodel.impl,AddShareViewModel,getNovel,1,0,0.0,0,0.0,0,3,1,0,1,0,1,0,1.0,0,1,0,0,1.0,0,0.0,0,0,0.0,0,0.5714285714285714,0.8571428571428571,235,103,0.0,6,18,7,1,0,2,3,0,4,0,0,14,0,0,4,0,18,0.4285714285714286,18,2.5714285714285716,7,7,18,0,7,0,0,7,0,1,0,0,0,0,0,8,8,69,1613,1249,14,0,5,52,4.714285714285714,144,0,4103,96,382,205,43206
2025-07-11,argo,app.shosetsu.android.viewmodel.impl,CatalogViewModel,init,3,0,0.0,7,0.2857,0,9,1,0,18,1,3,6,0.0,4,0,1,10,0.0,1,2.3333333333333335,0,1,0.0,0,0.09090909090909091,0.5652173913043478,179,83,0.7142857142857143,19,16,15,1,0,14,6,0,7,0,0,15,0,0,1,0,27,0.8102766798418972,27,1.173913043478261,23,15,16,0,15,8,0,15,0,1,0,0,0,0,0,23,23,69,1613,1249,14,0,16,62,1.3636363636363635,144,0,4103,96,382,205,43206
2025-07-11,argo,app.shosetsu.android.viewmodel.impl,CatalogViewModel,getBaseURL,1,1,0.0,3,1.0,0,9,1,0,4,0,1,0,1.0,0,1,0,3,1.0,1,2.0,0,0,0.0,0,0.09090909090909091,0.5652173913043478,179,83,0.7142857142857143,19,16,15,1,0,14,6,0,7,0,0,15,0,0,1,0,27,0.8102766798418972,27,1.173913043478261,23,15,16,0,15,8,0,15,0,1,0,0,0,0,0,23,23,69,1613,1249,14,0,16,62,1.3636363636363635,144,0,4103,96,382,205,43206
2025-07-11,argo,app.shosetsu.android.viewmodel.impl,CatalogViewModel,setExtensionID,3,0,0.0,2,0.5,0,9,1,0,11,1,3,0,0.5714285714285714,0,1,1,3,1.0,1,2.0,1,0,0.0,0,0.09090909090909091,0.5652173913043478,179,83,0.7142857142857143,19,16,15,1,0,14,6,0,7,0,0,15,0,0,1,0,27,0.8102766798418972,27,1.173913043478261,23,15,16,0,15,8,0,15,0,1,0,0,0,0,0,23,23,69,1613,1249,14,0,16,62,1.3636363636363635,144,0,4103,96,382,205,43206
2025-07-11,argo,app.shosetsu.android.viewmodel.impl,CatalogViewModel,applyQuery,1,0,2.0,0,0.0,0,9,1,0,4,0,1,1,0.5,1,1,2,0,1.0,0,2.0,1,1,0.0,0,0.09090909090909091,0.5652173913043478,179,83,0.7142857142857143,19,16,15,1,0,14,6,0,7,0,0,15,0,0,1,0,27,0.8102766798418972,27,1.173913043478261,23,15,16,0,15,8,0,15,0,1,0,0,0,0,0,23,23,69,1613,1249,14,0,16,62,1.3636363636363635,144,0,4103,96,382,205,43206
2025-07-11,argo,app.shosetsu.android.viewmodel.impl,CatalogViewModel,resetView,1,0,3.0,0,0.0,0,9,1,0,7,0,1,4,1.0,2,1,1,0,1.0,0,2.0,0,1,0.0,0,0.09090909090909091,0.5652173913043478,179,83,0.7142857142857143,19,16,15,1,0,14,6,0,7,0,0,15,0,0,1,0,27,0.8102766798418972,27,1.173913043478261,23,15,16,0,15,8,0,15,0,1,0,0,0,0,0,23,23,69,1613,1249,14,0,16,62,1.3636363636363635,144,0,4103,96,382,205,43206
2025-07-11,argo,app.shosetsu.android.viewmodel.impl,CatalogViewModel,resetFilter,3,0,3.0,8,0.125,0,9,1,0,13,2,3,10,0.0,5,0,0,12,0.0,0,2.125,1,0,0.0,0,0.09090909090909091,0.5652173913043478,179,83,0.7142857142857143,19,16,15,1,0,14,6,0,7,0,0,15,0,0,1,0,27,0.8102766798418972,27,1.173913043478261,23,15,16,0,15,8,0,15,0,1,0,0,0,0,0,23,23,69,1613,1249,14,0,16,62,1.3636363636363635,144,0,4103,96,382,205,43206
2025-07-11,argo,app.shosetsu.android.viewmodel.impl,CatalogViewModel,resetFilterDataState,1,0,1.0,1,1.0,0,9,1,0,3,0,1,2,1.0,2,1,0,2,1.0,2,3.0,0,0,0.0,0,0.09090909090909091,0.5652173913043478,179,83,0.7142857142857143,19,16,15,1,0,14,6,0,7,0,0,15,0,0,1,0,27,0.8102766798418972,27,1.173913043478261,23,15,16,0,15,8,0,15,0,1,0,0,0,0,0,23,23,69,1613,1249,14,0,16,62,1.3636363636363635,144,0,4103,96,382,205,43206
2025-07-11,argo,app.shosetsu.android.viewmodel.impl,CatalogViewModel,backgroundNovelAdd,1,0,0.0,3,0.6667,0,9,1,0,5,0,1,0,0.0,0,0,0,4,0.0,1,2.0,1,0,0.0,0,0.09090909090909091,0.5652173913043478,179,83,0.7142857142857143,19,16,15,1,0,14,6,0,7,0,0,15,0,0,1,0,27,0.8102766798418972,27,1.173913043478261,23,15,16,0,15,8,0,15,0,1,0,0,0,0,0,23,23,69,1613,1249,14,0,16,62,1.3636363636363635,144,0,4103,96,382,205,43206
2025-07-11,argo,app.shosetsu.android.viewmodel.impl,CatalogViewModel,_applyFilter,5,0,1.0,1,1.0,0,9,1,0,7,2,5,1,0.6666666666666666,1,2,0,7,2.0,0,2.6666666666666665,1,0,0.0,0,0.09090909090909091,0.5652173913043478,179,83,0.7142857142857143,19,16,15,1,0,14,6,0,7,0,0,15,0,0,1,0,27,0.8102766798418972,27,1.173913043478261,23,15,16,0,15,8,0,15,0,1,0,0,0,0,0,23,23,69,1613,1249,14,0,16,62,1.3636363636363635,144,0,4103,96,382,205,43206
2025-07-11,argo,app.shosetsu.android.viewmodel.impl,CatalogViewModel,applyFilter,1,0,1.0,0,0.0,0,9,1,0,3,0,1,1,0.0,1,0,1,1,0.0,0,0.0,0,1,0.0,0,0.09090909090909091,0.5652173913043478,179,83,0.7142857142857143,19,16,15,1,0,14,6,0,7,0,0,15,0,0,1,0,27,0.8102766798418972,27,1.173913043478261,23,15,16,0,15,8,0,15,0,1,0,0,0,0,0,23,23,69,1613,1249,14,0,16,62,1.3636363636363635,144,0,4103,96,382,205,43206
2025-07-11,argo,app.shosetsu.android.viewmodel.impl,CatalogViewModel,getFilterStringState,1,0,0.0,0,0.0,0,9,1,0,1,0,1,0,0.25,1,1,0,4,1.0,0,2.3333333333333335,1,0,0.0,0,0.09090909090909091,0.5652173913043478,179,83,0.7142857142857143,19,16,15,1,0,14,6,0,7,0,0,15,0,0,1,0,27,0.8102766798418972,27,1.173913043478261,23,15,16,0,15,8,0,15,0,1,0,0,0,0,0,23,23,69,1613,1249,14,0,16,62,1.3636363636363635,144,0,4103,96,382,205,43206
2025-07-11,argo,app.shosetsu.android.viewmodel.impl,CatalogViewModel,_setFilterStringState,1,0,1.0,0,0.0,0,9,1,0,3,0,1,0,0.16666666666666666,1,1,1,4,0.5,0,2.3333333333333335,2,0,0.0,0,0.09090909090909091,0.5652173913043478,179,83,0.7142857142857143,19,16,15,1,0,14,6,0,7,0,0,15,0,0,1,0,27,0.8102766798418972,27,1.173913043478261,23,15,16,0,15,8,0,15,0,1,0,0,0,0,0,23,23,69,1613,1249,14,0,16,62,1.3636363636363635,144,0,4103,96,382,205,43206
2025-07-11,argo,app.shosetsu.android.viewmodel.impl,CatalogViewModel,setFilterStringState,1,0,0.0,0,0.0,0,9,1,0,3,0,1,1,0.0,1,0,1,1,0.0,0,0.0,2,1,0.0,0,0.09090909090909091,0.5652173913043478,179,83,0.7142857142857143,19,16,15,1,0,14,6,0,7,0,0,15,0,0,1,0,27,0.8102766798418972,27,1.173913043478261,23,15,16,0,15,8,0,15,0,1,0,0,0,0,0,23,23,69,1613,1249,14,0,16,62,1.3636363636363635,144,0,4103,96,382,205,43206
2025-07-11,argo,app.shosetsu.android.viewmodel.impl,CatalogViewModel,getFilterBooleanState,1,0,0.0,0,0.0,0,9,1,0,1,0,1,0,0.25,1,1,0,4,1.0,0,2.3333333333333335,1,0,0.0,0,0.09090909090909091,0.5652173913043478,179,83,0.7142857142857143,19,16,15,1,0,14,6,0,7,0,0,15,0,0,1,0,27,0.8102766798418972,27,1.173913043478261,23,15,16,0,15,8,0,15,0,1,0,0,0,0,0,23,23,69,1613,1249,14,0,16,62,1.3636363636363635,144,0,4103,96,382,205,43206
2025-07-11,argo,app.shosetsu.android.viewmodel.impl,CatalogViewModel,_setFilterBooleanState,1,0,1.0,0,0.0,0,9,1,0,3,0,1,0,0.16666666666666666,1,1,1,4,0.5,0,2.3333333333333335,2,0,0.0,0,0.09090909090909091,0.5652173913043478,179,83,0.7142857142857143,19,16,15,1,0,14,6,0,7,0,0,15,0,0,1,0,27,0.8102766798418972,27,1.173913043478261,23,15,16,0,15,8,0,15,0,1,0,0,0,0,0,23,23,69,1613,1249,14,0,16,62,1.3636363636363635,144,0,4103,96,382,205,43206
2025-07-11,argo,app.shosetsu.android.viewmodel.impl,CatalogViewModel,setFilterBooleanState,1,0,0.0,0,0.0,0,9,1,0,3,0,1,1,0.0,1,0,1,1,0.0,0,0.0,2,1,0.0,0,0.09090909090909091,0.5652173913043478,179,83,0.7142857142857143,19,16,15,1,0,14,6,0,7,0,0,15,0,0,1,0,27,0.8102766798418972,27,1.173913043478261,23,15,16,0,15,8,0,15,0,1,0,0,0,0,0,23,23,69,1613,1249,14,0,16,62,1.3636363636363635,144,0,4103,96,382,205,43206
2025-07-11,argo,app.shosetsu.android.viewmodel.impl,CatalogViewModel,getFilterIntState,1,0,0.0,0,0.0,0,9,1,0,1,0,1,0,0.25,1,1,0,4,1.0,0,2.3333333333333335,1,0,0.0,0,0.09090909090909091,0.5652173913043478,179,83,0.7142857142857143,19,16,15,1,0,14,6,0,7,0,0,15,0,0,1,0,27,0.8102766798418972,27,1.173913043478261,23,15,16,0,15,8,0,15,0,1,0,0,0,0,0,23,23,69,1613,1249,14,0,16,62,1.3636363636363635,144,0,4103,96,382,205,43206
2025-07-11,argo,app.shosetsu.android.viewmodel.impl,CatalogViewModel,_setFilterIntState,1,0,1.0,0,0.0,0,9,1,0,3,0,1,0,0.16666666666666666,1,1,1,4,0.5,0,2.3333333333333335,2,0,0.0,0,0.09090909090909091,0.5652173913043478,179,83,0.7142857142857143,19,16,15,1,0,14,6,0,7,0,0,15,0,0,1,0,27,0.8102766798418972,27,1.173913043478261,23,15,16,0,15,8,0,15,0,1,0,0,0,0,0,23,23,69,1613,1249,14,0,16,62,1.3636363636363635,144,0,4103,96,382,205,43206
2025-07-11,argo,app.shosetsu.android.viewmodel.impl,CatalogViewModel,setFilterIntState,1,0,0.0,0,0.0,0,9,1,0,3,0,1,1,0.0,1,0,1,1,0.0,0,0.0,2,1,0.0,0,0.09090909090909091,0.5652173913043478,179,83,0.7142857142857143,19,16,15,1,0,14,6,0,7,0,0,15,0,0,1,0,27,0.8102766798418972,27,1.173913043478261,23,15,16,0,15,8,0,15,0,1,0,0,0,0,0,23,23,69,1613,1249,14,0,16,62,1.3636363636363635,144,0,4103,96,382,205,43206
2025-07-11,argo,app.shosetsu.android.viewmodel.impl,CatalogViewModel,resetFilter,1,0,3.0,0,0.0,0,9,1,0,6,0,1,4,0.0,2,0,1,0,0.0,0,0.0,0,1,0.0,0,0.09090909090909091,0.5652173913043478,179,83,0.7142857142857143,19,16,15,1,0,14,6,0,7,0,0,15,0,0,1,0,27,0.8102766798418972,27,1.173913043478261,23,15,16,0,15,8,0,15,0,1,0,0,0,0,0,23,23,69,1613,1249,14,0,16,62,1.3636363636363635,144,0,4103,96,382,205,43206
2025-07-11,argo,app.shosetsu.android.viewmodel.impl,CatalogViewModel,setViewType,1,0,0.0,0,0.0,0,9,1,0,3,0,1,0,0.0,0,0,1,1,0.0,0,0.0,1,1,0.0,0,0.09090909090909091,0.5652173913043478,179,83,0.7142857142857143,19,16,15,1,0,14,6,0,7,0,0,15,0,0,1,0,27,0.8102766798418972,27,1.173913043478261,23,15,16,0,15,8,0,15,0,1,0,0,0,0,0,23,23,69,1613,1249,14,0,16,62,1.3636363636363635,144,0,4103,96,382,205,43206
2025-07-11,argo,app.shosetsu.android.viewmodel.impl,CatalogViewModel,destroy,1,0,1.0,1,1.0,0,9,1,0,5,0,1,1,1.0,1,1,2,1,1.0,1,2.0,0,2,0.0,0,0.09090909090909091,0.5652173913043478,179,83,0.7142857142857143,19,16,15,1,0,14,6,0,7,0,0,15,0,0,1,0,27,0.8102766798418972,27,1.173913043478261,23,15,16,0,15,8,0,15,0,1,0,0,0,0,0,23,23,69,1613,1249,14,0,16,62,1.3636363636363635,144,0,4103,96,382,205,43206
2025-07-11,argo,app.shosetsu.android.viewmodel.impl,CatalogViewModel,specialGetOrPut,1,0,0.0,1,1.0,0,9,1,0,3,0,1,0,0.0,0,0,0,3,0.0,0,2.0,2,0,0.0,0,0.09090909090909091,0.5652173913043478,179,83,0.7142857142857143,19,16,15,1,0,14,6,0,7,0,0,15,0,0,1,0,27,0.8102766798418972,27,1.173913043478261,23,15,16,0,15,8,0,15,0,1,0,0,0,0,0,23,23,69,1613,1249,14,0,16,62,1.3636363636363635,144,0,4103,96,382,205,43206
2025-07-11,argo,app.shosetsu.android.viewmodel.impl,ChapterReaderViewModel,onFirstFocus,1,0,0.0,1,1.0,0,9,2,0,3,0,1,0,0.0,0,0,1,1,0.0,1,2.0,0,1,0.0,0,0.08465608465608465,0.75,430,154,0.15789473684210525,23,46,23,1,0,11,5,0,24,0,0,42,2,2,6,0,49,0.7275132275132274,49,1.75,28,23,46,0,23,5,0,23,1,1,0,0,0,0,0,31,31,69,1613,1249,14,0,17,173,2.5357142857142856,144,0,4103,96,382,205,43206
2025-07-11,argo,app.shosetsu.android.viewmodel.impl,ChapterReaderViewModel,cleanStringMap,2,2,0.0,4,0.75,0,9,2,0,10,1,2,0,0.4,0,1,2,11,0.33,1,2.1538461538461537,1,2,0.0,0,0.08465608465608465,0.75,430,154,0.15789473684210525,23,46,23,1,0,11,5,0,24,0,0,42,2,2,6,0,49,0.7275132275132274,49,1.75,28,23,46,0,23,5,0,23,1,1,0,0,0,0,0,31,31,69,1613,1249,14,0,17,173,2.5357142857142856,144,0,4103,96,382,205,43206
2025-07-11,argo,app.shosetsu.android.viewmodel.impl,ChapterReaderViewModel,clearMaps,1,0,0.0,1,1.0,0,9,2,0,3,0,1,0,1.0,0,1,0,1,1.0,1,2.0,0,0,0.0,0,0.08465608465608465,0.75,430,154,0.15789473684210525,23,46,23,1,0,11,5,0,24,0,0,42,2,2,6,0,49,0.7275132275132274,49,1.75,28,23,46,0,23,5,0,23,1,1,0,0,0,0,0,31,31,69,1613,1249,14,0,17,173,2.5357142857142856,144,0,4103,96,382,205,43206
2025-07-11,argo,app.shosetsu.android.viewmodel.impl,ChapterReaderViewModel,getRefreshFlow,1,0,0.0,1,1.0,0,9,2,0,1,0,1,0,0.5,0,1,0,2,1.0,0,3.0,1,0,0.0,0,0.08465608465608465,0.75,430,154,0.15789473684210525,23,46,23,1,0,11,5,0,24,0,0,42,2,2,6,0,49,0.7275132275132274,49,1.75,28,23,46,0,23,5,0,23,1,1,0,0,0,0,0,31,31,69,1613,1249,14,0,17,173,2.5357142857142856,144,0,4103,96,382,205,43206
2025-07-11,argo,app.shosetsu.android.viewmodel.impl,ChapterReaderViewModel,retryChapter,1,1,0.0,0,0.0,0,9,2,0,4,0,1,1,0.0,1,0,0,1,0.0,0,2.0,1,0,0.0,0,0.08465608465608465,0.75,430,154,0.15789473684210525,23,46,23,1,0,11,5,0,24,0,0,42,2,2,6,0,49,0.7275132275132274,49,1.75,28,23,46,0,23,5,0,23,1,1,0,0,0,0,0,31,31,69,1613,1249,14,0,17,173,2.5357142857142856,144,0,4103,96,382,205,43206
2025-07-11,argo,app.shosetsu.android.viewmodel.impl,ChapterReaderViewModel,getChapterStringPassage,7,4,0.0,13,0.9231,0,9,2,0,31,3,7,4,0.6666666666666666,3,4,0,24,0.8,2,2.2777777777777777,1,0,0.0,0,0.08465608465608465,0.75,430,154,0.15789473684210525,23,46,23,1,0,11,5,0,24,0,0,42,2,2,6,0,49,0.7275132275132274,49,1.75,28,23,46,0,23,5,0,23,1,1,0,0,0,0,0,31,31,69,1613,1249,14,0,17,173,2.5357142857142856,144,0,4103,96,382,205,43206
2025-07-11,argo,app.shosetsu.android.viewmodel.impl,ChapterReaderViewModel,getChapterHTMLPassage,11,7,0.0,21,0.8636,0,9,2,0,46,1,11,4,0.7058823529411765,3,6,0,34,1.17,2,2.24,1,0,0.0,0,0.08465608465608465,0.75,430,154,0.15789473684210525,23,46,23,1,0,11,5,0,24,0,0,42,2,2,6,0,49,0.7275132275132274,49,1.75,28,23,46,0,23,5,0,23,1,1,0,0,0,0,0,31,31,69,1613,1249,14,0,17,173,2.5357142857142856,144,0,4103,96,382,205,43206
2025-07-11,argo,app.shosetsu.android.viewmodel.impl,ChapterReaderViewModel,getChapterProgress,3,0,0.0,1,1.0,0,9,2,0,1,0,3,0,0.25,1,1,0,7,1.0,0,2.4,1,0,0.0,0,0.08465608465608465,0.75,430,154,0.15789473684210525,23,46,23,1,0,11,5,0,24,0,0,42,2,2,6,0,49,0.7275132275132274,49,1.75,28,23,46,0,23,5,0,23,1,1,0,0,0,0,0,31,31,69,1613,1249,14,0,17,173,2.5357142857142856,144,0,4103,96,382,205,43206
2025-07-11,argo,app.shosetsu.android.viewmodel.impl,ChapterReaderViewModel,combineDividers,5,2,0.0,2,1.0,0,9,2,0,9,1,5,0,0.0,0,0,0,6,0.0,2,2.1666666666666665,0,0,0.0,0,0.08465608465608465,0.75,430,154,0.15789473684210525,23,46,23,1,0,11,5,0,24,0,0,42,2,2,6,0,49,0.7275132275132274,49,1.75,28,23,46,0,23,5,0,23,1,1,0,0,0,0,0,31,31,69,1613,1249,14,0,17,173,2.5357142857142856,144,0,4103,96,382,205,43206
2025-07-11,argo,app.shosetsu.android.viewmodel.impl,ChapterReaderViewModel,setCurrentPage,1,0,0.0,0,0.0,0,9,2,0,3,0,1,0,0.5,0,1,1,0,1.0,0,2.0,1,0,0.0,0,0.08465608465608465,0.75,430,154,0.15789473684210525,23,46,23,1,0,11,5,0,24,0,0,42,2,2,6,0,49,0.7275132275132274,49,1.75,28,23,46,0,23,5,0,23,1,1,0,0,0,0,0,31,31,69,1613,1249,14,0,17,173,2.5357142857142856,144,0,4103,96,382,205,43206
2025-07-11,argo,app.shosetsu.android.viewmodel.impl,ChapterReaderViewModel,setNovelID,2,0,0.0,0,0.0,0,9,2,0,10,1,2,0,0.5714285714285714,0,1,1,0,1.0,0,2.0,1,0,0.0,0,0.08465608465608465,0.75,430,154,0.15789473684210525,23,46,23,1,0,11,5,0,24,0,0,42,2,2,6,0,49,0.7275132275132274,49,1.75,28,23,46,0,23,5,0,23,1,1,0,0,0,0,0,31,31,69,1613,1249,14,0,17,173,2.5357142857142856,144,0,4103,96,382,205,43206
2025-07-11,argo,app.shosetsu.android.viewmodel.impl,ChapterReaderViewModel,getChapterPassage,1,0,0.0,0,0.0,0,9,2,0,1,0,1,0,0.0,0,0,0,1,0.0,0,0.0,1,0,0.0,0,0.08465608465608465,0.75,430,154,0.15789473684210525,23,46,23,1,0,11,5,0,24,0,0,42,2,2,6,0,49,0.7275132275132274,49,1.75,28,23,46,0,23,5,0,23,1,1,0,0,0,0,0,31,31,69,1613,1249,14,0,17,173,2.5357142857142856,144,0,4103,96,382,205,43206
2025-07-11,argo,app.shosetsu.android.viewmodel.impl,ChapterReaderViewModel,toggleBookmark,1,2,0.0,3,1.0,0,9,2,0,7,0,1,0,1.0,0,1,1,5,0.5,1,2.25,0,1,0.0,0,0.08465608465608465,0.75,430,154,0.15789473684210525,23,46,23,1,0,11,5,0,24,0,0,42,2,2,6,0,49,0.7275132275132274,49,1.75,28,23,46,0,23,5,0,23,1,1,0,0,0,0,0,31,31,69,1613,1249,14,0,17,173,2.5357142857142856,144,0,4103,96,382,205,43206
2025-07-11,argo,app.shosetsu.android.viewmodel.impl,ChapterReaderViewModel,updateChapterAsRead,3,0,0.0,2,1.0,0,9,2,0,11,1,3,0,0.0,0,0,1,11,0.0,0,3.0,1,1,0.0,0,0.08465608465608465,0.75,430,154,0.15789473684210525,23,46,23,1,0,11,5,0,24,0,0,42,2,2,6,0,49,0.7275132275132274,49,1.75,28,23,46,0,23,5,0,23,1,1,0,0,0,0,0,31,31,69,1613,1249,14,0,17,173,2.5357142857142856,144,0,4103,96,382,205,43206
2025-07-11,argo,app.shosetsu.android.viewmodel.impl,ChapterReaderViewModel,onViewed,3,1,0.0,5,1.0,0,9,2,0,9,2,3,0,0.3333333333333333,0,1,1,9,0.5,1,2.6,1,1,0.0,0,0.08465608465608465,0.75,430,154,0.15789473684210525,23,46,23,1,0,11,5,0,24,0,0,42,2,2,6,0,49,0.7275132275132274,49,1.75,28,23,46,0,23,5,0,23,1,1,0,0,0,0,0,31,31,69,1613,1249,14,0,17,173,2.5357142857142856,144,0,4103,96,382,205,43206
2025-07-11,argo,app.shosetsu.android.viewmodel.impl,ChapterReaderViewModel,onScroll,7,2,0.0,6,1.0,0,9,2,0,23,2,7,0,0.3684210526315789,0,2,1,20,0.5,1,2.5555555555555554,2,1,0.0,0,0.08465608465608465,0.75,430,154,0.15789473684210525,23,46,23,1,0,11,5,0,24,0,0,42,2,2,6,0,49,0.7275132275132274,49,1.75,28,23,46,0,23,5,0,23,1,1,0,0,0,0,0,31,31,69,1613,1249,14,0,17,173,2.5357142857142856,144,0,4103,96,382,205,43206
2025-07-11,argo,app.shosetsu.android.viewmodel.impl,ChapterReaderViewModel,loadChapterCss,1,0,0.0,1,1.0,0,9,2,0,1,0,1,0,0.0,0,0,0,1,0.0,1,2.0,0,0,0.0,0,0.08465608465608465,0.75,430,154,0.15789473684210525,23,46,23,1,0,11,5,0,24,0,0,42,2,2,6,0,49,0.7275132275132274,49,1.75,28,23,46,0,23,5,0,23,1,1,0,0,0,0,0,31,31,69,1613,1249,14,0,17,173,2.5357142857142856,144,0,4103,96,382,205,43206
2025-07-11,argo,app.shosetsu.android.viewmodel.impl,ChapterReaderViewModel,updateSetting,1,0,0.0,1,1.0,0,9,2,0,3,0,1,0,0.0,0,0,1,1,0.0,1,2.0,1,1,0.0,0,0.08465608465608465,0.75,430,154,0.15789473684210525,23,46,23,1,0,11,5,0,24,0,0,42,2,2,6,0,49,0.7275132275132274,49,1.75,28,23,46,0,23,5,0,23,1,1,0,0,0,0,0,31,31,69,1613,1249,14,0,17,173,2.5357142857142856,144,0,4103,96,382,205,43206
2025-07-11,argo,app.shosetsu.android.viewmodel.impl,ChapterReaderViewModel,getSettings,1,0,0.0,1,1.0,0,9,2,0,1,0,1,0,1.0,0,1,0,1,1.0,1,2.0,0,0,0.0,0,0.08465608465608465,0.75,430,154,0.15789473684210525,23,46,23,1,0,11,5,0,24,0,0,42,2,2,6,0,49,0.7275132275132274,49,1.75,28,23,46,0,23,5,0,23,1,1,0,0,0,0,0,31,31,69,1613,1249,14,0,17,173,2.5357142857142856,144,0,4103,96,382,205,43206
2025-07-11,argo,app.shosetsu.android.viewmodel.impl,ChapterReaderViewModel,toggleFocus,1,0,0.0,0,0.0,0,9,2,0,3,0,1,0,1.0,0,1,0,0,1.0,0,2.0,0,0,0.0,0,0.08465608465608465,0.75,430,154,0.15789473684210525,23,46,23,1,0,11,5,0,24,0,0,42,2,2,6,0,49,0.7275132275132274,49,1.75,28,23,46,0,23,5,0,23,1,1,0,0,0,0,0,31,31,69,1613,1249,14,0,17,173,2.5357142857142856,144,0,4103,96,382,205,43206
2025-07-11,argo,app.shosetsu.android.viewmodel.impl,ChapterReaderViewModel,toggleSystemVisible,1,0,0.0,0,0.0,0,9,2,0,4,0,1,0,1.0,0,2,0,0,3.0,0,2.0,0,0,0.0,0,0.08465608465608465,0.75,430,154,0.15789473684210525,23,46,23,1,0,11,5,0,24,0,0,42,2,2,6,0,49,0.7275132275132274,49,1.75,28,23,46,0,23,5,0,23,1,1,0,0,0,0,0,31,31,69,1613,1249,14,0,17,173,2.5357142857142856,144,0,4103,96,382,205,43206
2025-07-11,argo,app.shosetsu.android.viewmodel.impl,ChapterReaderViewModel,onReaderClicked,3,1,0.0,1,1.0,0,9,2,0,7,1,3,0,1.0,0,4,1,3,5.0,1,2.0,0,1,0.0,0,0.08465608465608465,0.75,430,154,0.15789473684210525,23,46,23,1,0,11,5,0,24,0,0,42,2,2,6,0,49,0.7275132275132274,49,1.75,28,23,46,0,23,5,0,23,1,1,0,0,0,0,0,31,31,69,1613,1249,14,0,17,173,2.5357142857142856,144,0,4103,96,382,205,43206
2025-07-11,argo,app.shosetsu.android.viewmodel.impl,ChapterReaderViewModel,onReaderDoubleClicked,5,1,1.0,1,1.0,0,9,2,0,9,1,5,1,1.0,1,5,1,4,6.0,1,2.0,0,1,0.0,0,0.08465608465608465,0.75,430,154,0.15789473684210525,23,46,23,1,0,11,5,0,24,0,0,42,2,2,6,0,49,0.7275132275132274,49,1.75,28,23,46,0,23,5,0,23,1,1,0,0,0,0,0,31,31,69,1613,1249,14,0,17,173,2.5357142857142856,144,0,4103,96,382,205,43206
2025-07-11,argo,app.shosetsu.android.viewmodel.impl,ChapterReaderViewModel,toggleScreenRotationLock,1,0,0.0,0,0.0,0,9,2,0,3,0,1,0,1.0,0,1,0,0,1.0,0,2.0,0,0,0.0,0,0.08465608465608465,0.75,430,154,0.15789473684210525,23,46,23,1,0,11,5,0,24,0,0,42,2,2,6,0,49,0.7275132275132274,49,1.75,28,23,46,0,23,5,0,23,1,1,0,0,0,0,0,31,31,69,1613,1249,14,0,17,173,2.5357142857142856,144,0,4103,96,382,205,43206
2025-07-11,argo,app.shosetsu.android.viewmodel.impl,ChapterReaderViewModel,setCurrentChapterID,2,1,0.0,1,1.0,0,9,2,0,7,1,2,0,0.5,0,3,1,2,1.0,1,2.0,2,0,0.0,0,0.08465608465608465,0.75,430,154,0.15789473684210525,23,46,23,1,0,11,5,0,24,0,0,42,2,2,6,0,49,0.7275132275132274,49,1.75,28,23,46,0,23,5,0,23,1,1,0,0,0,0,0,31,31,69,1613,1249,14,0,17,173,2.5357142857142856,144,0,4103,96,382,205,43206
2025-07-11,argo,app.shosetsu.android.viewmodel.impl,ChapterReaderViewModel,incrementProgress,2,3,1.0,3,1.0,0,9,2,0,8,1,2,1,1.0,1,2,1,8,0.67,1,2.3333333333333335,0,1,0.0,0,0.08465608465608465,0.75,430,154,0.15789473684210525,23,46,23,1,0,11,5,0,24,0,0,42,2,2,6,0,49,0.7275132275132274,49,1.75,28,23,46,0,23,5,0,23,1,1,0,0,0,0,0,31,31,69,1613,1249,14,0,17,173,2.5357142857142856,144,0,4103,96,382,205,43206
2025-07-11,argo,app.shosetsu.android.viewmodel.impl,ChapterReaderViewModel,depleteProgress,2,3,1.0,3,1.0,0,9,2,0,8,1,2,1,1.0,1,2,1,8,0.67,1,2.3333333333333335,0,1,0.0,0,0.08465608465608465,0.75,430,154,0.15789473684210525,23,46,23,1,0,11,5,0,24,0,0,42,2,2,6,0,49,0.7275132275132274,49,1.75,28,23,46,0,23,5,0,23,1,1,0,0,0,0,0,31,31,69,1613,1249,14,0,17,173,2.5357142857142856,144,0,4103,96,382,205,43206
2025-07-11,argo,app.shosetsu.android.viewmodel.impl,ChapterReaderViewModel,clearMemory,1,11,0.0,3,1.0,0,9,2,0,29,0,1,0,1.0,0,4,2,12,1.0,1,2.130434782608696,0,2,0.0,0,0.08465608465608465,0.75,430,154,0.15789473684210525,23,46,23,1,0,11,5,0,24,0,0,42,2,2,6,0,49,0.7275132275132274,49,1.75,28,23,46,0,23,5,0,23,1,1,0,0,0,0,0,31,31,69,1613,1249,14,0,17,173,2.5357142857142856,144,0,4103,96,382,205,43206
2025-07-11,argo,app.shosetsu.android.viewmodel.impl,CSSEditorViewModel,undo,2,0,0.0,3,1.0,0,1,1,0,9,1,2,2,1.0,0,5,1,6,8.0,0,2.1666666666666665,0,1,0.0,0,1.0,0.8333333333333334,89,44,0.0,6,13,6,1,0,2,4,0,7,0,0,13,0,0,0,0,11,0.1333333333333333,11,1.8333333333333333,6,6,13,0,6,0,0,6,1,1,0,0,0,0,0,6,6,69,1613,1249,14,0,8,28,2.0,144,0,4103,96,382,205,43206
2025-07-11,argo,app.shosetsu.android.viewmodel.impl,CSSEditorViewModel,redo,2,0,0.0,3,1.0,0,1,1,0,9,1,2,2,1.0,0,5,1,6,8.0,0,2.1666666666666665,0,1,0.0,0,1.0,0.8333333333333334,89,44,0.0,6,13,6,1,0,2,4,0,7,0,0,13,0,0,0,0,11,0.1333333333333333,11,1.8333333333333333,6,6,13,0,6,0,0,6,1,1,0,0,0,0,0,6,6,69,1613,1249,14,0,8,28,2.0,144,0,4103,96,382,205,43206
2025-07-11,argo,app.shosetsu.android.viewmodel.impl,CSSEditorViewModel,write,2,0,0.0,3,1.0,0,1,1,0,10,1,2,3,0.8,0,5,2,5,8.0,1,2.142857142857143,1,1,0.0,0,1.0,0.8333333333333334,89,44,0.0,6,13,6,1,0,2,4,0,7,0,0,13,0,0,0,0,11,0.1333333333333333,11,1.8333333333333333,6,6,13,0,6,0,0,6,1,1,0,0,0,0,0,6,6,69,1613,1249,14,0,8,28,2.0,144,0,4103,96,382,205,43206
2025-07-11,argo,app.shosetsu.android.viewmodel.impl,CSSEditorViewModel,saveCSS,1,0,0.0,1,1.0,0,1,1,0,3,0,1,0,1.0,0,1,1,3,2.0,0,2.5,0,1,0.0,0,1.0,0.8333333333333334,89,44,0.0,6,13,6,1,0,2,4,0,7,0,0,13,0,0,0,0,11,0.1333333333333333,11,1.8333333333333333,6,6,13,0,6,0,0,6,1,1,0,0,0,0,0,6,6,69,1613,1249,14,0,8,28,2.0,144,0,4103,96,382,205,43206
2025-07-11,argo,app.shosetsu.android.viewmodel.impl,CSSEditorViewModel,appendText,3,2,0.0,3,1.0,0,1,1,0,13,2,3,3,0.8888888888888888,0,5,2,5,2.67,1,2.0,1,1,0.0,0,1.0,0.8333333333333334,89,44,0.0,6,13,6,1,0,2,4,0,7,0,0,13,0,0,0,0,11,0.1333333333333333,11,1.8333333333333333,6,6,13,0,6,0,0,6,1,1,0,0,0,0,0,6,6,69,1613,1249,14,0,8,28,2.0,144,0,4103,96,382,205,43206
2025-07-11,argo,app.shosetsu.android.viewmodel.impl,CSSEditorViewModel,setCSSId,2,0,0.0,2,1.0,0,1,1,0,8,0,2,2,0.7142857142857143,0,4,1,3,5.0,1,2.0,1,1,0.0,0,1.0,0.8333333333333334,89,44,0.0,6,13,6,1,0,2,4,0,7,0,0,13,0,0,0,0,11,0.1333333333333333,11,1.8333333333333333,6,6,13,0,6,0,0,6,1,1,0,0,0,0,0,6,6,69,1613,1249,14,0,8,28,2.0,144,0,4103,96,382,205,43206
2025-07-11,argo,app.shosetsu.android.viewmodel.impl,DownloadsViewModel,updateDownloadStatus,2,0,0.0,1,1.0,0,2,1,0,3,0,2,0,0.0,0,0,1,2,0.0,0,3.0,2,1,0.0,0,0.15714285714285714,0.5714285714285714,153,109,0.5263157894736842,21,6,13,1,0,5,4,0,2,0,0,6,0,0,0,0,25,0.6523809523809524,25,1.1904761904761905,21,13,6,0,13,8,0,13,5,1,0,0,0,0,0,21,21,69,1613,1249,14,0,18,65,1.45,144,0,4103,96,382,205,43206
2025-07-11,argo,app.shosetsu.android.viewmodel.impl,DownloadsViewModel,updateDownloadUseCase,2,0,0.0,1,1.0,0,2,1,0,3,0,2,0,0.0,0,0,1,2,0.0,0,3.0,1,1,0.0,0,0.15714285714285714,0.5714285714285714,153,109,0.5263157894736842,21,6,13,1,0,5,4,0,2,0,0,6,0,0,0,0,25,0.6523809523809524,25,1.1904761904761905,21,13,6,0,13,8,0,13,5,1,0,0,0,0,0,21,21,69,1613,1249,14,0,18,65,1.45,144,0,4103,96,382,205,43206
2025-07-11,argo,app.shosetsu.android.viewmodel.impl,DownloadsViewModel,deleteDownloadUseCase,2,0,0.0,1,1.0,0,2,1,0,3,0,2,0,0.0,0,0,1,2,0.0,0,3.0,1,1,0.0,0,0.15714285714285714,0.5714285714285714,153,109,0.5263157894736842,21,6,13,1,0,5,4,0,2,0,0,6,0,0,0,0,25,0.6523809523809524,25,1.1904761904761905,21,13,6,0,13,8,0,13,5,1,0,0,0,0,0,21,21,69,1613,1249,14,0,18,65,1.45,144,0,4103,96,382,205,43206
2025-07-11,argo,app.shosetsu.android.viewmodel.impl,DownloadsViewModel,deleteDownloadUseCase,2,0,0.0,1,1.0,0,2,1,0,3,0,2,0,0.0,0,0,1,2,0.0,0,3.0,1,1,0.0,0,0.15714285714285714,0.5714285714285714,153,109,0.5263157894736842,21,6,13,1,0,5,4,0,2,0,0,6,0,0,0,0,25,0.6523809523809524,25,1.1904761904761905,21,13,6,0,13,8,0,13,5,1,0,0,0,0,0,21,21,69,1613,1249,14,0,18,65,1.45,144,0,4103,96,382,205,43206
2025-07-11,argo,app.shosetsu.android.viewmodel.impl,DownloadsViewModel,copySelected,1,0,0.0,1,1.0,0,2,1,0,1,0,1,0,1.0,0,1,0,2,1.0,2,3.0,0,0,0.0,0,0.15714285714285714,0.5714285714285714,153,109,0.5263157894736842,21,6,13,1,0,5,4,0,2,0,0,6,0,0,0,0,25,0.6523809523809524,25,1.1904761904761905,21,13,6,0,13,8,0,13,5,1,0,0,0,0,0,21,21,69,1613,1249,14,0,18,65,1.45,144,0,4103,96,382,205,43206
2025-07-11,argo,app.shosetsu.android.viewmodel.impl,DownloadsViewModel,clearSelected,1,0,0.0,1,1.0,0,2,1,0,3,0,1,0,1.0,0,1,1,1,1.0,1,2.0,0,0,0.0,0,0.15714285714285714,0.5714285714285714,153,109,0.5263157894736842,21,6,13,1,0,5,4,0,2,0,0,6,0,0,0,0,25,0.6523809523809524,25,1.1904761904761905,21,13,6,0,13,8,0,13,5,1,0,0,0,0,0,21,21,69,1613,1249,14,0,18,65,1.45,144,0,4103,96,382,205,43206
2025-07-11,argo,app.shosetsu.android.viewmodel.impl,DownloadsViewModel,sort,1,0,0.0,1,1.0,0,2,1,0,1,0,1,1,0.0,0,0,0,7,0.0,0,2.0,0,0,0.0,0,0.15714285714285714,0.5714285714285714,153,109,0.5263157894736842,21,6,13,1,0,5,4,0,2,0,0,6,0,0,0,0,25,0.6523809523809524,25,1.1904761904761905,21,13,6,0,13,8,0,13,5,1,0,0,0,0,0,21,21,69,1613,1249,14,0,18,65,1.45,144,0,4103,96,382,205,43206
2025-07-11,argo,app.shosetsu.android.viewmodel.impl,DownloadsViewModel,isOnline,1,0,0.0,0,0.0,0,2,1,0,1,0,1,1,0.0,0,0,0,1,0.0,0,0.0,0,0,0.0,0,0.15714285714285714,0.5714285714285714,153,109,0.5263157894736842,21,6,13,1,0,5,4,0,2,0,0,6,0,0,0,0,25,0.6523809523809524,25,1.1904761904761905,21,13,6,0,13,8,0,13,5,1,0,0,0,0,0,21,21,69,1613,1249,14,0,18,65,1.45,144,0,4103,96,382,205,43206
2025-07-11,argo,app.shosetsu.android.viewmodel.impl,DownloadsViewModel,togglePause,2,0,0.0,2,1.0,0,2,1,0,6,1,2,0,0.0,0,0,1,4,0.0,1,2.5,0,1,0.0,0,0.15714285714285714,0.5714285714285714,153,109,0.5263157894736842,21,6,13,1,0,5,4,0,2,0,0,6,0,0,0,0,25,0.6523809523809524,25,1.1904761904761905,21,13,6,0,13,8,0,13,5,1,0,0,0,0,0,21,21,69,1613,1249,14,0,18,65,1.45,144,0,4103,96,382,205,43206
2025-07-11,argo,app.shosetsu.android.viewmodel.impl,DownloadsViewModel,deleteAll,2,0,2.0,1,1.0,0,2,1,0,6,0,2,3,1.0,3,1,1,4,1.0,0,2.0,0,1,0.0,0,0.15714285714285714,0.5714285714285714,153,109,0.5263157894736842,21,6,13,1,0,5,4,0,2,0,0,6,0,0,0,0,25,0.6523809523809524,25,1.1904761904761905,21,13,6,0,13,8,0,13,5,1,0,0,0,0,0,21,21,69,1613,1249,14,0,18,65,1.45,144,0,4103,96,382,205,43206
2025-07-11,argo,app.shosetsu.android.viewmodel.impl,DownloadsViewModel,pauseAndWait,1,0,0.0,1,1.0,0,2,1,0,4,0,1,0,0.0,0,0,2,2,0.0,1,2.0,0,2,0.0,0,0.15714285714285714,0.5714285714285714,153,109,0.5263157894736842,21,6,13,1,0,5,4,0,2,0,0,6,0,0,0,0,25,0.6523809523809524,25,1.1904761904761905,21,13,6,0,13,8,0,13,5,1,0,0,0,0,0,21,21,69,1613,1249,14,0,18,65,1.45,144,0,4103,96,382,205,43206
2025-07-11,argo,app.shosetsu.android.viewmodel.impl,DownloadsViewModel,setAllPending,2,0,0.0,0,0.0,0,2,1,0,6,0,2,1,0.0,2,0,1,1,0.0,1,2.0,0,1,0.0,0,0.15714285714285714,0.5714285714285714,153,109,0.5263157894736842,21,6,13,1,0,5,4,0,2,0,0,6,0,0,0,0,25,0.6523809523809524,25,1.1904761904761905,21,13,6,0,13,8,0,13,5,1,0,0,0,0,0,21,21,69,1613,1249,14,0,18,65,1.45,144,0,4103,96,382,205,43206
2025-07-11,argo,app.shosetsu.android.viewmodel.impl,DownloadsViewModel,selectBetween,4,4,1.0,3,1.0,0,2,1,0,22,1,4,1,1.0,1,2,1,8,0.5,1,2.0,0,1,0.0,0,0.15714285714285714,0.5714285714285714,153,109,0.5263157894736842,21,6,13,1,0,5,4,0,2,0,0,6,0,0,0,0,25,0.6523809523809524,25,1.1904761904761905,21,13,6,0,13,8,0,13,5,1,0,0,0,0,0,21,21,69,1613,1249,14,0,18,65,1.45,144,0,4103,96,382,205,43206
2025-07-11,argo,app.shosetsu.android.viewmodel.impl,DownloadsViewModel,invertSelection,1,2,1.0,1,1.0,0,2,1,0,8,0,1,1,1.0,1,2,1,2,1.0,1,2.0,0,1,0.0,0,0.15714285714285714,0.5714285714285714,153,109,0.5263157894736842,21,6,13,1,0,5,4,0,2,0,0,6,0,0,0,0,25,0.6523809523809524,25,1.1904761904761905,21,13,6,0,13,8,0,13,5,1,0,0,0,0,0,21,21,69,1613,1249,14,0,18,65,1.45,144,0,4103,96,382,205,43206
2025-07-11,argo,app.shosetsu.android.viewmodel.impl,DownloadsViewModel,selectAll,1,2,1.0,1,1.0,0,2,1,0,8,0,1,1,1.0,1,2,1,2,1.0,1,2.0,0,1,0.0,0,0.15714285714285714,0.5714285714285714,153,109,0.5263157894736842,21,6,13,1,0,5,4,0,2,0,0,6,0,0,0,0,25,0.6523809523809524,25,1.1904761904761905,21,13,6,0,13,8,0,13,5,1,0,0,0,0,0,21,21,69,1613,1249,14,0,18,65,1.45,144,0,4103,96,382,205,43206
2025-07-11,argo,app.shosetsu.android.viewmodel.impl,DownloadsViewModel,deleteSelected,1,1,2.0,1,1.0,0,2,1,0,7,0,1,3,1.0,3,1,1,3,1.0,0,2.5,0,1,0.0,0,0.15714285714285714,0.5714285714285714,153,109,0.5263157894736842,21,6,13,1,0,5,4,0,2,0,0,6,0,0,0,0,25,0.6523809523809524,25,1.1904761904761905,21,13,6,0,13,8,0,13,5,1,0,0,0,0,0,21,21,69,1613,1249,14,0,18,65,1.45,144,0,4103,96,382,205,43206
2025-07-11,argo,app.shosetsu.android.viewmodel.impl,DownloadsViewModel,pauseSelection,1,1,2.0,2,1.0,0,2,1,0,7,0,1,2,1.0,2,1,1,4,1.0,0,2.3333333333333335,0,1,0.0,0,0.15714285714285714,0.5714285714285714,153,109,0.5263157894736842,21,6,13,1,0,5,4,0,2,0,0,6,0,0,0,0,25,0.6523809523809524,25,1.1904761904761905,21,13,6,0,13,8,0,13,5,1,0,0,0,0,0,21,21,69,1613,1249,14,0,18,65,1.45,144,0,4103,96,382,205,43206
2025-07-11,argo,app.shosetsu.android.viewmodel.impl,DownloadsViewModel,restartSelection,1,1,2.0,2,1.0,0,2,1,0,7,0,1,2,1.0,2,1,1,8,1.0,0,2.125,0,1,0.0,0,0.15714285714285714,0.5714285714285714,153,109,0.5263157894736842,21,6,13,1,0,5,4,0,2,0,0,6,0,0,0,0,25,0.6523809523809524,25,1.1904761904761905,21,13,6,0,13,8,0,13,5,1,0,0,0,0,0,21,21,69,1613,1249,14,0,18,65,1.45,144,0,4103,96,382,205,43206
2025-07-11,argo,app.shosetsu.android.viewmodel.impl,DownloadsViewModel,startSelection,1,1,2.0,2,1.0,0,2,1,0,7,0,1,2,1.0,2,1,1,8,1.0,0,2.125,0,1,0.0,0,0.15714285714285714,0.5714285714285714,153,109,0.5263157894736842,21,6,13,1,0,5,4,0,2,0,0,6,0,0,0,0,25,0.6523809523809524,25,1.1904761904761905,21,13,6,0,13,8,0,13,5,1,0,0,0,0,0,21,21,69,1613,1249,14,0,18,65,1.45,144,0,4103,96,382,205,43206
2025-07-11,argo,app.shosetsu.android.viewmodel.impl,DownloadsViewModel,toggleSelection,1,1,1.0,0,0.0,0,2,1,0,7,0,1,1,0.3333333333333333,1,1,1,1,0.5,0,2.0,1,1,0.0,0,0.15714285714285714,0.5714285714285714,153,109,0.5263157894736842,21,6,13,1,0,5,4,0,2,0,0,6,0,0,0,0,25,0.6523809523809524,25,1.1904761904761905,21,13,6,0,13,8,0,13,5,1,0,0,0,0,0,21,21,69,1613,1249,14,0,18,65,1.45,144,0,4103,96,382,205,43206
2025-07-11,argo,app.shosetsu.android.viewmodel.impl,DownloadsViewModel,deselectAll,1,0,1.0,0,0.0,0,2,1,0,3,0,1,1,0.0,1,0,1,1,0.0,0,0.0,0,1,0.0,0,0.15714285714285714,0.5714285714285714,153,109,0.5263157894736842,21,6,13,1,0,5,4,0,2,0,0,6,0,0,0,0,25,0.6523809523809524,25,1.1904761904761905,21,13,6,0,13,8,0,13,5,1,0,0,0,0,0,21,21,69,1613,1249,14,0,18,65,1.45,144,0,4103,96,382,205,43206
2025-07-11,argo,app.shosetsu.android.viewmodel.impl,LibraryViewModel,copySelected,1,0,0.0,1,1.0,0,13,1,0,1,0,1,0,1.0,0,1,0,2,1.0,2,3.0,0,0,0.0,0,0.0859465737514518,0.6190476190476191,263,145,0.5172413793103449,34,22,26,1,0,15,2,0,9,0,0,21,0,0,1,0,49,0.867595818815331,49,1.1666666666666667,42,26,22,0,29,13,0,29,2,1,0,0,0,0,0,42,42,69,1613,1249,14,0,19,111,1.5476190476190477,144,0,4103,96,382,205,43206
2025-07-11,argo,app.shosetsu.android.viewmodel.impl,LibraryViewModel,clearSelected,1,0,0.0,1,1.0,0,13,1,0,3,0,1,0,1.0,0,1,1,1,1.0,1,2.0,0,0,0.0,0,0.0859465737514518,0.6190476190476191,263,145,0.5172413793103449,34,22,26,1,0,15,2,0,9,0,0,21,0,0,1,0,49,0.867595818815331,49,1.1666666666666667,42,26,22,0,29,13,0,29,2,1,0,0,0,0,0,42,42,69,1613,1249,14,0,19,111,1.5476190476190477,144,0,4103,96,382,205,43206
2025-07-11,argo,app.shosetsu.android.viewmodel.impl,LibraryViewModel,selectAll,1,2,1.0,1,1.0,0,13,1,0,8,0,1,1,1.0,1,2,1,2,1.0,1,2.0,0,1,0.0,0,0.0859465737514518,0.6190476190476191,263,145,0.5172413793103449,34,22,26,1,0,15,2,0,9,0,0,21,0,0,1,0,49,0.867595818815331,49,1.1666666666666667,42,26,22,0,29,13,0,29,2,1,0,0,0,0,0,42,42,69,1613,1249,14,0,19,111,1.5476190476190477,144,0,4103,96,382,205,43206
2025-07-11,argo,app.shosetsu.android.viewmodel.impl,LibraryViewModel,selectBetween,4,4,1.0,3,1.0,0,13,1,0,22,1,4,1,1.0,1,2,1,8,0.5,1,2.0,0,1,0.0,0,0.0859465737514518,0.6190476190476191,263,145,0.5172413793103449,34,22,26,1,0,15,2,0,9,0,0,21,0,0,1,0,49,0.867595818815331,49,1.1666666666666667,42,26,22,0,29,13,0,29,2,1,0,0,0,0,0,42,42,69,1613,1249,14,0,19,111,1.5476190476190477,144,0,4103,96,382,205,43206
2025-07-11,argo,app.shosetsu.android.viewmodel.impl,LibraryViewModel,toggleSelection,1,1,1.0,0,0.0,0,13,1,0,7,0,1,1,0.3333333333333333,1,1,1,1,0.5,0,2.0,1,1,0.0,0,0.0859465737514518,0.6190476190476191,263,145,0.5172413793103449,34,22,26,1,0,15,2,0,9,0,0,21,0,0,1,0,49,0.867595818815331,49,1.1666666666666667,42,26,22,0,29,13,0,29,2,1,0,0,0,0,0,42,42,69,1613,1249,14,0,19,111,1.5476190476190477,144,0,4103,96,382,205,43206
2025-07-11,argo,app.shosetsu.android.viewmodel.impl,LibraryViewModel,invertSelection,1,2,1.0,1,1.0,0,13,1,0,8,0,1,1,1.0,1,2,1,2,1.0,1,2.0,0,1,0.0,0,0.0859465737514518,0.6190476190476191,263,145,0.5172413793103449,34,22,26,1,0,15,2,0,9,0,0,21,0,0,1,0,49,0.867595818815331,49,1.1666666666666667,42,26,22,0,29,13,0,29,2,1,0,0,0,0,0,42,42,69,1613,1249,14,0,19,111,1.5476190476190477,144,0,4103,96,382,205,43206
2025-07-11,argo,app.shosetsu.android.viewmodel.impl,LibraryViewModel,stripOutList,6,0,0.0,3,1.0,0,13,1,0,3,0,6,0,0.5,0,1,0,12,1.0,1,2.0,1,0,0.0,0,0.0859465737514518,0.6190476190476191,263,145,0.5172413793103449,34,22,26,1,0,15,2,0,9,0,0,21,0,0,1,0,49,0.867595818815331,49,1.1666666666666667,42,26,22,0,29,13,0,29,2,1,0,0,0,0,0,42,42,69,1613,1249,14,0,19,111,1.5476190476190477,144,0,4103,96,382,205,43206
2025-07-11,argo,app.shosetsu.android.viewmodel.impl,LibraryViewModel,applyFilterList,8,1,0.0,4,1.0,0,13,1,0,10,0,8,0,0.0,0,0,0,9,0.0,1,2.0,2,0,0.0,0,0.0859465737514518,0.6190476190476191,263,145,0.5172413793103449,34,22,26,1,0,15,2,0,9,0,0,21,0,0,1,0,49,0.867595818815331,49,1.1666666666666667,42,26,22,0,29,13,0,29,2,1,0,0,0,0,0,42,42,69,1613,1249,14,0,19,111,1.5476190476190477,144,0,4103,96,382,205,43206
2025-07-11,argo,app.shosetsu.android.viewmodel.impl,LibraryViewModel,combineGenreFilter,1,0,1.0,1,1.0,0,13,1,0,1,0,1,1,1.0,1,1,0,1,1.0,0,2.0,0,0,0.0,0,0.0859465737514518,0.6190476190476191,263,145,0.5172413793103449,34,22,26,1,0,15,2,0,9,0,0,21,0,0,1,0,49,0.867595818815331,49,1.1666666666666667,42,26,22,0,29,13,0,29,2,1,0,0,0,0,0,42,42,69,1613,1249,14,0,19,111,1.5476190476190477,144,0,4103,96,382,205,43206
2025-07-11,argo,app.shosetsu.android.viewmodel.impl,LibraryViewModel,combineTagsFilter,1,0,1.0,1,1.0,0,13,1,0,1,0,1,1,1.0,1,1,0,1,1.0,0,2.0,0,0,0.0,0,0.0859465737514518,0.6190476190476191,263,145,0.5172413793103449,34,22,26,1,0,15,2,0,9,0,0,21,0,0,1,0,49,0.867595818815331,49,1.1666666666666667,42,26,22,0,29,13,0,29,2,1,0,0,0,0,0,42,42,69,1613,1249,14,0,19,111,1.5476190476190477,144,0,4103,96,382,205,43206
2025-07-11,argo,app.shosetsu.android.viewmodel.impl,LibraryViewModel,combineAuthorFilter,1,0,1.0,1,1.0,0,13,1,0,1,0,1,1,1.0,1,1,0,1,1.0,0,2.0,0,0,0.0,0,0.0859465737514518,0.6190476190476191,263,145,0.5172413793103449,34,22,26,1,0,15,2,0,9,0,0,21,0,0,1,0,49,0.867595818815331,49,1.1666666666666667,42,26,22,0,29,13,0,29,2,1,0,0,0,0,0,42,42,69,1613,1249,14,0,19,111,1.5476190476190477,144,0,4103,96,382,205,43206
2025-07-11,argo,app.shosetsu.android.viewmodel.impl,LibraryViewModel,combineArtistFilter,1,0,1.0,1,1.0,0,13,1,0,1,0,1,1,1.0,1,1,0,1,1.0,0,2.0,0,0,0.0,0,0.0859465737514518,0.6190476190476191,263,145,0.5172413793103449,34,22,26,1,0,15,2,0,9,0,0,21,0,0,1,0,49,0.867595818815331,49,1.1666666666666667,42,26,22,0,29,13,0,29,2,1,0,0,0,0,0,42,42,69,1613,1249,14,0,19,111,1.5476190476190477,144,0,4103,96,382,205,43206
2025-07-11,argo,app.shosetsu.android.viewmodel.impl,LibraryViewModel,combineSortReverse,3,0,0.0,1,1.0,0,13,1,0,1,0,3,0,1.0,0,1,0,2,1.0,2,2.0,0,0,0.0,0,0.0859465737514518,0.6190476190476191,263,145,0.5172413793103449,34,22,26,1,0,15,2,0,9,0,0,21,0,0,1,0,49,0.867595818815331,49,1.1666666666666667,42,26,22,0,29,13,0,29,2,1,0,0,0,0,0,42,42,69,1613,1249,14,0,19,111,1.5476190476190477,144,0,4103,96,382,205,43206
2025-07-11,argo,app.shosetsu.android.viewmodel.impl,LibraryViewModel,combineFilter,1,0,0.0,1,1.0,0,13,1,0,1,0,1,0,1.0,0,1,0,3,1.0,0,2.5,0,0,0.0,0,0.0859465737514518,0.6190476190476191,263,145,0.5172413793103449,34,22,26,1,0,15,2,0,9,0,0,21,0,0,1,0,49,0.867595818815331,49,1.1666666666666667,42,26,22,0,29,13,0,29,2,1,0,0,0,0,0,42,42,69,1613,1249,14,0,19,111,1.5476190476190477,144,0,4103,96,382,205,43206
2025-07-11,argo,app.shosetsu.android.viewmodel.impl,LibraryViewModel,combineSelection,1,0,0.0,1,1.0,0,13,1,0,1,0,1,0,1.0,0,1,0,4,1.0,0,2.3333333333333335,0,0,0.0,0,0.0859465737514518,0.6190476190476191,263,145,0.5172413793103449,34,22,26,1,0,15,2,0,9,0,0,21,0,0,1,0,49,0.867595818815331,49,1.1666666666666667,42,26,22,0,29,13,0,29,2,1,0,0,0,0,0,42,42,69,1613,1249,14,0,19,111,1.5476190476190477,144,0,4103,96,382,205,43206
2025-07-11,argo,app.shosetsu.android.viewmodel.impl,LibraryViewModel,combineSortType,2,0,0.0,1,1.0,0,13,1,0,5,0,2,0,1.0,0,1,0,1,1.0,1,2.0,0,0,0.0,0,0.0859465737514518,0.6190476190476191,263,145,0.5172413793103449,34,22,26,1,0,15,2,0,9,0,0,21,0,0,1,0,49,0.867595818815331,49,1.1666666666666667,42,26,22,0,29,13,0,29,2,1,0,0,0,0,0,42,42,69,1613,1249,14,0,19,111,1.5476190476190477,144,0,4103,96,382,205,43206
2025-07-11,argo,app.shosetsu.android.viewmodel.impl,LibraryViewModel,combineUnreadStatus,2,0,0.0,1,1.0,0,13,1,0,4,0,2,0,1.0,0,1,0,2,1.0,0,2.0,0,0,0.0,0,0.0859465737514518,0.6190476190476191,263,145,0.5172413793103449,34,22,26,1,0,15,2,0,9,0,0,21,0,0,1,0,49,0.867595818815331,49,1.1666666666666667,42,26,22,0,29,13,0,29,2,1,0,0,0,0,0,42,42,69,1613,1249,14,0,19,111,1.5476190476190477,144,0,4103,96,382,205,43206
2025-07-11,argo,app.shosetsu.android.viewmodel.impl,LibraryViewModel,isOnline,1,0,0.0,0,0.0,0,13,1,0,1,0,1,1,0.0,0,0,0,1,0.0,0,0.0,0,0,0.0,0,0.0859465737514518,0.6190476190476191,263,145,0.5172413793103449,34,22,26,1,0,15,2,0,9,0,0,21,0,0,1,0,49,0.867595818815331,49,1.1666666666666667,42,26,22,0,29,13,0,29,2,1,0,0,0,0,0,42,42,69,1613,1249,14,0,19,111,1.5476190476190477,144,0,4103,96,382,205,43206
2025-07-11,argo,app.shosetsu.android.viewmodel.impl,LibraryViewModel,startUpdateManager,1,0,0.0,0,0.0,0,13,1,0,3,0,1,0,0.0,0,0,1,1,0.0,0,0.0,0,1,0.0,0,0.0859465737514518,0.6190476190476191,263,145,0.5172413793103449,34,22,26,1,0,15,2,0,9,0,0,21,0,0,1,0,49,0.867595818815331,49,1.1666666666666667,42,26,22,0,29,13,0,29,2,1,0,0,0,0,0,42,42,69,1613,1249,14,0,19,111,1.5476190476190477,144,0,4103,96,382,205,43206
2025-07-11,argo,app.shosetsu.android.viewmodel.impl,LibraryViewModel,removeSelectedFromLibrary,1,1,1.0,2,1.0,0,13,1,0,7,0,1,1,1.0,1,1,1,5,1.0,0,2.25,0,1,0.0,0,0.0859465737514518,0.6190476190476191,263,145,0.5172413793103449,34,22,26,1,0,15,2,0,9,0,0,21,0,0,1,0,49,0.867595818815331,49,1.1666666666666667,42,26,22,0,29,13,0,29,2,1,0,0,0,0,0,42,42,69,1613,1249,14,0,19,111,1.5476190476190477,144,0,4103,96,382,205,43206
2025-07-11,argo,app.shosetsu.android.viewmodel.impl,LibraryViewModel,getSelectedIds,2,1,0.0,2,1.0,0,13,1,0,6,1,2,1,1.0,1,1,0,5,1.0,1,3.0,0,0,0.0,0,0.0859465737514518,0.6190476190476191,263,145,0.5172413793103449,34,22,26,1,0,15,2,0,9,0,0,21,0,0,1,0,49,0.867595818815331,49,1.1666666666666667,42,26,22,0,29,13,0,29,2,1,0,0,0,0,0,42,42,69,1613,1249,14,0,19,111,1.5476190476190477,144,0,4103,96,382,205,43206
2025-07-11,argo,app.shosetsu.android.viewmodel.impl,LibraryViewModel,deselectAll,1,0,1.0,0,0.0,0,13,1,0,3,0,1,1,0.0,1,0,1,1,0.0,0,0.0,0,1,0.0,0,0.0859465737514518,0.6190476190476191,263,145,0.5172413793103449,34,22,26,1,0,15,2,0,9,0,0,21,0,0,1,0,49,0.867595818815331,49,1.1666666666666667,42,26,22,0,29,13,0,29,2,1,0,0,0,0,0,42,42,69,1613,1249,14,0,19,111,1.5476190476190477,144,0,4103,96,382,205,43206
2025-07-11,argo,app.shosetsu.android.viewmodel.impl,LibraryViewModel,getSortType,1,0,0.0,0,0.0,0,13,1,0,1,0,1,0,1.0,0,1,0,0,1.0,0,0.0,0,0,0.0,0,0.0859465737514518,0.6190476190476191,263,145,0.5172413793103449,34,22,26,1,0,15,2,0,9,0,0,21,0,0,1,0,49,0.867595818815331,49,1.1666666666666667,42,26,22,0,29,13,0,29,2,1,0,0,0,0,0,42,42,69,1613,1249,14,0,19,111,1.5476190476190477,144,0,4103,96,382,205,43206
2025-07-11,argo,app.shosetsu.android.viewmodel.impl,LibraryViewModel,setSortType,1,0,0.0,0,0.0,0,13,1,0,4,0,1,0,0.6666666666666666,0,2,1,0,2.0,0,2.0,1,0,0.0,0,0.0859465737514518,0.6190476190476191,263,145,0.5172413793103449,34,22,26,1,0,15,2,0,9,0,0,21,0,0,1,0,49,0.867595818815331,49,1.1666666666666667,42,26,22,0,29,13,0,29,2,1,0,0,0,0,0,42,42,69,1613,1249,14,0,19,111,1.5476190476190477,144,0,4103,96,382,205,43206
2025-07-11,argo,app.shosetsu.android.viewmodel.impl,LibraryViewModel,isSortReversed,1,0,0.0,0,0.0,0,13,1,0,1,0,1,0,1.0,0,1,0,0,1.0,0,0.0,0,0,0.0,0,0.0859465737514518,0.6190476190476191,263,145,0.5172413793103449,34,22,26,1,0,15,2,0,9,0,0,21,0,0,1,0,49,0.867595818815331,49,1.1666666666666667,42,26,22,0,29,13,0,29,2,1,0,0,0,0,0,42,42,69,1613,1249,14,0,19,111,1.5476190476190477,144,0,4103,96,382,205,43206
2025-07-11,argo,app.shosetsu.android.viewmodel.impl,LibraryViewModel,setIsSortReversed,1,0,0.0,0,0.0,0,13,1,0,3,0,1,0,0.5,0,1,1,0,1.0,0,2.0,1,0,0.0,0,0.0859465737514518,0.6190476190476191,263,145,0.5172413793103449,34,22,26,1,0,15,2,0,9,0,0,21,0,0,1,0,49,0.867595818815331,49,1.1666666666666667,42,26,22,0,29,13,0,29,2,1,0,0,0,0,0,42,42,69,1613,1249,14,0,19,111,1.5476190476190477,144,0,4103,96,382,205,43206
2025-07-11,argo,app.shosetsu.android.viewmodel.impl,LibraryViewModel,cycleFilterGenreState,1,1,2.0,1,1.0,0,13,1,0,7,0,1,0,0.4,2,1,1,6,0.33,0,2.75,2,1,0.0,0,0.0859465737514518,0.6190476190476191,263,145,0.5172413793103449,34,22,26,1,0,15,2,0,9,0,0,21,0,0,1,0,49,0.867595818815331,49,1.1666666666666667,42,26,22,0,29,13,0,29,2,1,0,0,0,0,0,42,42,69,1613,1249,14,0,19,111,1.5476190476190477,144,0,4103,96,382,205,43206
2025-07-11,argo,app.shosetsu.android.viewmodel.impl,LibraryViewModel,getFilterGenreState,1,0,0.0,1,1.0,0,13,1,0,1,0,1,0,0.5,1,1,0,2,1.0,0,2.0,1,0,0.0,0,0.0859465737514518,0.6190476190476191,263,145,0.5172413793103449,34,22,26,1,0,15,2,0,9,0,0,21,0,0,1,0,49,0.867595818815331,49,1.1666666666666667,42,26,22,0,29,13,0,29,2,1,0,0,0,0,0,42,42,69,1613,1249,14,0,19,111,1.5476190476190477,144,0,4103,96,382,205,43206
2025-07-11,argo,app.shosetsu.android.viewmodel.impl,LibraryViewModel,cycleFilterAuthorState,1,1,2.0,1,1.0,0,13,1,0,7,0,1,0,0.4,2,1,1,6,0.33,0,2.75,2,1,0.0,0,0.0859465737514518,0.6190476190476191,263,145,0.5172413793103449,34,22,26,1,0,15,2,0,9,0,0,21,0,0,1,0,49,0.867595818815331,49,1.1666666666666667,42,26,22,0,29,13,0,29,2,1,0,0,0,0,0,42,42,69,1613,1249,14,0,19,111,1.5476190476190477,144,0,4103,96,382,205,43206
2025-07-11,argo,app.shosetsu.android.viewmodel.impl,LibraryViewModel,getFilterAuthorState,1,0,0.0,1,1.0,0,13,1,0,1,0,1,0,0.5,1,1,0,2,1.0,0,2.0,1,0,0.0,0,0.0859465737514518,0.6190476190476191,263,145,0.5172413793103449,34,22,26,1,0,15,2,0,9,0,0,21,0,0,1,0,49,0.867595818815331,49,1.1666666666666667,42,26,22,0,29,13,0,29,2,1,0,0,0,0,0,42,42,69,1613,1249,14,0,19,111,1.5476190476190477,144,0,4103,96,382,205,43206
2025-07-11,argo,app.shosetsu.android.viewmodel.impl,LibraryViewModel,cycleFilterArtistState,1,1,2.0,1,1.0,0,13,1,0,7,0,1,0,0.4,2,1,1,6,0.33,0,2.75,2,1,0.0,0,0.0859465737514518,0.6190476190476191,263,145,0.5172413793103449,34,22,26,1,0,15,2,0,9,0,0,21,0,0,1,0,49,0.867595818815331,49,1.1666666666666667,42,26,22,0,29,13,0,29,2,1,0,0,0,0,0,42,42,69,1613,1249,14,0,19,111,1.5476190476190477,144,0,4103,96,382,205,43206
2025-07-11,argo,app.shosetsu.android.viewmodel.impl,LibraryViewModel,getFilterArtistState,1,0,0.0,1,1.0,0,13,1,0,1,0,1,0,0.5,1,1,0,2,1.0,0,2.0,1,0,0.0,0,0.0859465737514518,0.6190476190476191,263,145,0.5172413793103449,34,22,26,1,0,15,2,0,9,0,0,21,0,0,1,0,49,0.867595818815331,49,1.1666666666666667,42,26,22,0,29,13,0,29,2,1,0,0,0,0,0,42,42,69,1613,1249,14,0,19,111,1.5476190476190477,144,0,4103,96,382,205,43206
2025-07-11,argo,app.shosetsu.android.viewmodel.impl,LibraryViewModel,cycleFilterTagState,1,1,2.0,1,1.0,0,13,1,0,7,0,1,0,0.4,2,1,1,6,0.33,0,2.75,2,1,0.0,0,0.0859465737514518,0.6190476190476191,263,145,0.5172413793103449,34,22,26,1,0,15,2,0,9,0,0,21,0,0,1,0,49,0.867595818815331,49,1.1666666666666667,42,26,22,0,29,13,0,29,2,1,0,0,0,0,0,42,42,69,1613,1249,14,0,19,111,1.5476190476190477,144,0,4103,96,382,205,43206
2025-07-11,argo,app.shosetsu.android.viewmodel.impl,LibraryViewModel,getFilterTagState,1,0,0.0,1,1.0,0,13,1,0,1,0,1,0,0.5,1,1,0,2,1.0,0,2.0,1,0,0.0,0,0.0859465737514518,0.6190476190476191,263,145,0.5172413793103449,34,22,26,1,0,15,2,0,9,0,0,21,0,0,1,0,49,0.867595818815331,49,1.1666666666666667,42,26,22,0,29,13,0,29,2,1,0,0,0,0,0,42,42,69,1613,1249,14,0,19,111,1.5476190476190477,144,0,4103,96,382,205,43206
2025-07-11,argo,app.shosetsu.android.viewmodel.impl,LibraryViewModel,resetSortAndFilters,1,0,0.0,1,1.0,0,13,1,0,8,0,1,0,1.0,0,6,2,4,6.0,1,2.0,0,0,0.0,0,0.0859465737514518,0.6190476190476191,263,145,0.5172413793103449,34,22,26,1,0,15,2,0,9,0,0,21,0,0,1,0,49,0.867595818815331,49,1.1666666666666667,42,26,22,0,29,13,0,29,2,1,0,0,0,0,0,42,42,69,1613,1249,14,0,19,111,1.5476190476190477,144,0,4103,96,382,205,43206
2025-07-11,argo,app.shosetsu.android.viewmodel.impl,LibraryViewModel,setViewType,1,0,0.0,0,0.0,0,13,1,0,3,0,1,0,0.0,0,0,1,1,0.0,0,0.0,1,1,0.0,0,0.0859465737514518,0.6190476190476191,263,145,0.5172413793103449,34,22,26,1,0,15,2,0,9,0,0,21,0,0,1,0,49,0.867595818815331,49,1.1666666666666667,42,26,22,0,29,13,0,29,2,1,0,0,0,0,0,42,42,69,1613,1249,14,0,19,111,1.5476190476190477,144,0,4103,96,382,205,43206
2025-07-11,argo,app.shosetsu.android.viewmodel.impl,LibraryViewModel,cycleUnreadFilter,1,0,2.0,1,1.0,0,13,1,0,3,0,1,0,0.5,2,1,1,3,1.0,0,2.5,1,0,0.0,0,0.0859465737514518,0.6190476190476191,263,145,0.5172413793103449,34,22,26,1,0,15,2,0,9,0,0,21,0,0,1,0,49,0.867595818815331,49,1.1666666666666667,42,26,22,0,29,13,0,29,2,1,0,0,0,0,0,42,42,69,1613,1249,14,0,19,111,1.5476190476190477,144,0,4103,96,382,205,43206
2025-07-11,argo,app.shosetsu.android.viewmodel.impl,LibraryViewModel,getUnreadFilter,1,0,0.0,1,1.0,0,13,1,0,1,0,1,0,1.0,1,1,0,2,1.0,0,2.0,0,0,0.0,0,0.0859465737514518,0.6190476190476191,263,145,0.5172413793103449,34,22,26,1,0,15,2,0,9,0,0,21,0,0,1,0,49,0.867595818815331,49,1.1666666666666667,42,26,22,0,29,13,0,29,2,1,0,0,0,0,0,42,42,69,1613,1249,14,0,19,111,1.5476190476190477,144,0,4103,96,382,205,43206
2025-07-11,argo,app.shosetsu.android.viewmodel.impl,LibraryViewModel,toInclusionState,2,0,0.0,0,0.0,0,13,1,0,5,1,2,0,0.0,0,0,0,1,0.0,0,2.0,0,0,0.0,0,0.0859465737514518,0.6190476190476191,263,145,0.5172413793103449,34,22,26,1,0,15,2,0,9,0,0,21,0,0,1,0,49,0.867595818815331,49,1.1666666666666667,42,26,22,0,29,13,0,29,2,1,0,0,0,0,0,42,42,69,1613,1249,14,0,19,111,1.5476190476190477,144,0,4103,96,382,205,43206
2025-07-11,argo,app.shosetsu.android.viewmodel.impl,LibraryViewModel,toToggleableState,2,0,0.0,0,0.0,0,13,1,0,5,1,2,0,0.0,0,0,0,1,0.0,0,2.0,0,0,0.0,0,0.0859465737514518,0.6190476190476191,263,145,0.5172413793103449,34,22,26,1,0,15,2,0,9,0,0,21,0,0,1,0,49,0.867595818815331,49,1.1666666666666667,42,26,22,0,29,13,0,29,2,1,0,0,0,0,0,42,42,69,1613,1249,14,0,19,111,1.5476190476190477,144,0,4103,96,382,205,43206
2025-07-11,argo,app.shosetsu.android.viewmodel.impl,LibraryViewModel,cycle,2,0,0.0,0,0.0,0,13,1,0,5,1,2,0,0.0,0,0,0,1,0.0,0,0.0,0,0,0.0,0,0.0859465737514518,0.6190476190476191,263,145,0.5172413793103449,34,22,26,1,0,15,2,0,9,0,0,21,0,0,1,0,49,0.867595818815331,49,1.1666666666666667,42,26,22,0,29,13,0,29,2,1,0,0,0,0,0,42,42,69,1613,1249,14,0,19,111,1.5476190476190477,144,0,4103,96,382,205,43206
2025-07-11,argo,app.shosetsu.android.viewmodel.impl,LibraryViewModel,setQuery,1,0,0.0,0,0.0,0,13,1,0,3,0,1,0,0.5,0,1,1,0,1.0,0,2.0,1,0,0.0,0,0.0859465737514518,0.6190476190476191,263,145,0.5172413793103449,34,22,26,1,0,15,2,0,9,0,0,21,0,0,1,0,49,0.867595818815331,49,1.1666666666666667,42,26,22,0,29,13,0,29,2,1,0,0,0,0,0,42,42,69,1613,1249,14,0,19,111,1.5476190476190477,144,0,4103,96,382,205,43206
2025-07-11,argo,app.shosetsu.android.viewmodel.impl,MainViewModel,startAppUpdateCheck,1,0,0.0,0,0.0,0,1,1,0,1,0,1,0,0.0,0,0,0,1,0.0,0,0.0,0,0,0.0,0,0.0,0.2,44,11,0.0,5,7,5,1,0,3,1,0,3,0,0,4,0,0,3,0,5,1.0,5,1.0,5,5,7,0,5,0,0,5,0,1,0,0,0,0,0,5,5,69,1613,1249,14,0,1,12,1.4,144,0,4103,96,382,205,43206
2025-07-11,argo,app.shosetsu.android.viewmodel.impl,MainViewModel,isOnline,1,0,0.0,0,0.0,0,1,1,0,1,0,1,1,0.0,0,0,0,1,0.0,0,0.0,0,0,0.0,0,0.0,0.2,44,11,0.0,5,7,5,1,0,3,1,0,3,0,0,4,0,0,3,0,5,1.0,5,1.0,5,5,7,0,5,0,0,5,0,1,0,0,0,0,0,5,5,69,1613,1249,14,0,1,12,1.4,144,0,4103,96,382,205,43206
2025-07-11,argo,app.shosetsu.android.viewmodel.impl,MainViewModel,handleAppUpdate,3,0,0.0,2,1.0,0,1,1,0,6,0,3,0,0.0,0,0,0,6,0.0,1,2.2,0,0,0.0,0,0.0,0.2,44,11,0.0,5,7,5,1,0,3,1,0,3,0,0,4,0,0,3,0,5,1.0,5,1.0,5,5,7,0,5,0,0,5,0,1,0,0,0,0,0,5,5,69,1613,1249,14,0,1,12,1.4,144,0,4103,96,382,205,43206
2025-07-11,argo,app.shosetsu.android.viewmodel.impl,MainViewModel,showIntro,1,0,0.0,1,1.0,0,1,1,0,1,0,1,0,0.0,0,0,0,2,0.0,0,3.0,0,0,0.0,0,0.0,0.2,44,11,0.0,5,7,5,1,0,3,1,0,3,0,0,4,0,0,3,0,5,1.0,5,1.0,5,5,7,0,5,0,0,5,0,1,0,0,0,0,0,5,5,69,1613,1249,14,0,1,12,1.4,144,0,4103,96,382,205,43206
2025-07-11,argo,app.shosetsu.android.viewmodel.impl,MainViewModel,toggleShowIntro,1,0,0.0,1,1.0,0,1,1,0,3,0,1,0,1.0,0,1,1,2,1.0,0,3.0,0,1,0.0,0,0.0,0.2,44,11,0.0,5,7,5,1,0,3,1,0,3,0,0,4,0,0,3,0,5,1.0,5,1.0,5,5,7,0,5,0,0,5,0,1,0,0,0,0,0,5,5,69,1613,1249,14,0,1,12,1.4,144,0,4103,96,382,205,43206
2025-07-11,argo,app.shosetsu.android.viewmodel.impl,MigrationViewModel,setWorkingOn,1,0,0.0,0,0.0,0,4,1,0,4,0,1,0,0.5,0,1,2,1,2.0,0,2.0,1,1,0.0,0,0.5,1.0,64,0,0.0,4,11,4,1,0,4,1,0,6,0,0,11,0,0,0,0,6,0.5,6,1.5,4,4,11,0,4,0,0,4,0,1,0,0,0,0,0,4,4,69,1613,1249,14,0,5,11,2.0,144,0,4103,96,382,205,43206
2025-07-11,argo,app.shosetsu.android.viewmodel.impl,MigrationViewModel,setNovels,1,0,0.0,0,0.0,0,4,1,0,3,0,1,0,0.5,0,1,1,0,1.0,0,2.0,1,0,0.0,0,0.5,1.0,64,0,0.0,4,11,4,1,0,4,1,0,6,0,0,11,0,0,0,0,6,0.5,6,1.5,4,4,11,0,4,0,0,4,0,1,0,0,0,0,0,4,4,69,1613,1249,14,0,5,11,2.0,144,0,4103,96,382,205,43206
2025-07-11,argo,app.shosetsu.android.viewmodel.impl,MigrationViewModel,setSelectedExtension,3,1,0.0,3,1.0,0,4,1,0,11,1,3,0,0.6666666666666666,0,2,1,6,1.5,1,2.1666666666666665,1,1,0.0,0,0.5,1.0,64,0,0.0,4,11,4,1,0,4,1,0,6,0,0,11,0,0,0,0,6,0.5,6,1.5,4,4,11,0,4,0,0,4,0,1,0,0,0,0,0,4,4,69,1613,1249,14,0,5,11,2.0,144,0,4103,96,382,205,43206
2025-07-11,argo,app.shosetsu.android.viewmodel.impl,MigrationViewModel,setQuery,3,1,0.0,1,1.0,0,4,1,0,11,1,3,0,0.6666666666666666,0,2,1,4,1.5,1,2.0,1,1,0.0,0,0.5,1.0,64,0,0.0,4,11,4,1,0,4,1,0,6,0,0,11,0,0,0,0,6,0.5,6,1.5,4,4,11,0,4,0,0,4,0,1,0,0,0,0,0,4,4,69,1613,1249,14,0,5,11,2.0,144,0,4103,96,382,205,43206
2025-07-11,argo,app.shosetsu.android.viewmodel.impl,NovelViewModel,copySelected,1,0,0.0,1,1.0,0,11,1,0,1,0,1,0,1.0,0,1,0,2,1.0,2,3.0,0,0,0.0,0,0.1686868686868687,0.6444444444444445,367,233,0.5294117647058824,39,22,35,1,0,18,6,0,11,0,0,22,0,0,0,0,61,0.7313131313131314,61,1.3555555555555556,45,35,22,0,35,10,0,35,11,1,0,0,0,0,0,45,45,69,1613,1249,14,0,25,185,2.066666666666667,144,0,4103,96,382,205,43206
2025-07-11,argo,app.shosetsu.android.viewmodel.impl,NovelViewModel,getSelectedIds,1,0,0.0,1,1.0,0,11,1,0,1,0,1,0,1.0,0,1,0,5,1.0,0,2.25,0,0,0.0,0,0.1686868686868687,0.6444444444444445,367,233,0.5294117647058824,39,22,35,1,0,18,6,0,11,0,0,22,0,0,0,0,61,0.7313131313131314,61,1.3555555555555556,45,35,22,0,35,10,0,35,11,1,0,0,0,0,0,45,45,69,1613,1249,14,0,25,185,2.066666666666667,144,0,4103,96,382,205,43206
2025-07-11,argo,app.shosetsu.android.viewmodel.impl,NovelViewModel,clearSelection,1,0,1.0,0,0.0,0,11,1,0,3,0,1,1,0.0,1,0,1,1,0.0,0,0.0,0,1,0.0,0,0.1686868686868687,0.6444444444444445,367,233,0.5294117647058824,39,22,35,1,0,18,6,0,11,0,0,22,0,0,0,0,61,0.7313131313131314,61,1.3555555555555556,45,35,22,0,35,10,0,35,11,1,0,0,0,0,0,45,45,69,1613,1249,14,0,25,185,2.066666666666667,144,0,4103,96,382,205,43206
2025-07-11,argo,app.shosetsu.android.viewmodel.impl,NovelViewModel,clearSelected,1,0,0.0,1,1.0,0,11,1,0,3,0,1,0,1.0,0,1,1,1,1.0,1,2.0,0,0,0.0,0,0.1686868686868687,0.6444444444444445,367,233,0.5294117647058824,39,22,35,1,0,18,6,0,11,0,0,22,0,0,0,0,61,0.7313131313131314,61,1.3555555555555556,45,35,22,0,35,10,0,35,11,1,0,0,0,0,0,45,45,69,1613,1249,14,0,25,185,2.066666666666667,144,0,4103,96,382,205,43206
2025-07-11,argo,app.shosetsu.android.viewmodel.impl,NovelViewModel,getIfAllowTrueDelete,1,0,0.0,1,1.0,0,11,1,0,1,0,1,0,0.0,0,0,0,1,0.0,1,2.0,0,0,0.0,0,0.1686868686868687,0.6444444444444445,367,233,0.5294117647058824,39,22,35,1,0,18,6,0,11,0,0,22,0,0,0,0,61,0.7313131313131314,61,1.3555555555555556,45,35,22,0,35,10,0,35,11,1,0,0,0,0,0,45,45,69,1613,1249,14,0,25,185,2.066666666666667,144,0,4103,96,382,205,43206
2025-07-11,argo,app.shosetsu.android.viewmodel.impl,NovelViewModel,getQRCode,9,6,0.0,9,1.0,0,11,1,0,12,1,9,0,1.0,1,1,0,32,0.17,1,2.3181818181818183,0,0,0.0,0,0.1686868686868687,0.6444444444444445,367,233,0.5294117647058824,39,22,35,1,0,18,6,0,11,0,0,22,0,0,0,0,61,0.7313131313131314,61,1.3555555555555556,45,35,22,0,35,10,0,35,11,1,0,0,0,0,0,45,45,69,1613,1249,14,0,25,185,2.066666666666667,144,0,4103,96,382,205,43206
2025-07-11,argo,app.shosetsu.android.viewmodel.impl,NovelViewModel,combineBookmarked,3,0,0.0,1,1.0,0,11,1,0,1,0,3,0,1.0,0,1,0,2,1.0,0,2.0,0,0,0.0,0,0.1686868686868687,0.6444444444444445,367,233,0.5294117647058824,39,22,35,1,0,18,6,0,11,0,0,22,0,0,0,0,61,0.7313131313131314,61,1.3555555555555556,45,35,22,0,35,10,0,35,11,1,0,0,0,0,0,45,45,69,1613,1249,14,0,25,185,2.066666666666667,144,0,4103,96,382,205,43206
2025-07-11,argo,app.shosetsu.android.viewmodel.impl,NovelViewModel,combineDownloaded,3,0,0.0,1,1.0,0,11,1,0,1,0,3,0,1.0,0,1,0,2,1.0,0,2.0,0,0,0.0,0,0.1686868686868687,0.6444444444444445,367,233,0.5294117647058824,39,22,35,1,0,18,6,0,11,0,0,22,0,0,0,0,61,0.7313131313131314,61,1.3555555555555556,45,35,22,0,35,10,0,35,11,1,0,0,0,0,0,45,45,69,1613,1249,14,0,25,185,2.066666666666667,144,0,4103,96,382,205,43206
2025-07-11,argo,app.shosetsu.android.viewmodel.impl,NovelViewModel,combineStatus,3,0,0.0,1,1.0,0,11,1,0,1,0,3,0,1.0,0,1,0,7,1.0,0,2.0,0,0,0.0,0,0.1686868686868687,0.6444444444444445,367,233,0.5294117647058824,39,22,35,1,0,18,6,0,11,0,0,22,0,0,0,0,61,0.7313131313131314,61,1.3555555555555556,45,35,22,0,35,10,0,35,11,1,0,0,0,0,0,45,45,69,1613,1249,14,0,25,185,2.066666666666667,144,0,4103,96,382,205,43206
2025-07-11,argo,app.shosetsu.android.viewmodel.impl,NovelViewModel,combineSort,2,0,0.0,0,0.0,0,11,1,0,8,0,2,0,1.0,0,1,0,1,1.0,0,2.0,0,0,0.0,0,0.1686868686868687,0.6444444444444445,367,233,0.5294117647058824,39,22,35,1,0,18,6,0,11,0,0,22,0,0,0,0,61,0.7313131313131314,61,1.3555555555555556,45,35,22,0,35,10,0,35,11,1,0,0,0,0,0,45,45,69,1613,1249,14,0,25,185,2.066666666666667,144,0,4103,96,382,205,43206
2025-07-11,argo,app.shosetsu.android.viewmodel.impl,NovelViewModel,combineReverse,3,0,0.0,1,1.0,0,11,1,0,1,0,3,0,1.0,0,1,0,1,1.0,1,2.0,0,0,0.0,0,0.1686868686868687,0.6444444444444445,367,233,0.5294117647058824,39,22,35,1,0,18,6,0,11,0,0,22,0,0,0,0,61,0.7313131313131314,61,1.3555555555555556,45,35,22,0,35,10,0,35,11,1,0,0,0,0,0,45,45,69,1613,1249,14,0,25,185,2.066666666666667,144,0,4103,96,382,205,43206
2025-07-11,argo,app.shosetsu.android.viewmodel.impl,NovelViewModel,combineSelection,1,0,0.0,1,1.0,0,11,1,0,1,0,1,0,1.0,0,1,0,4,1.0,0,2.3333333333333335,0,0,0.0,0,0.1686868686868687,0.6444444444444445,367,233,0.5294117647058824,39,22,35,1,0,18,6,0,11,0,0,22,0,0,0,0,61,0.7313131313131314,61,1.3555555555555556,45,35,22,0,35,10,0,35,11,1,0,0,0,0,0,45,45,69,1613,1249,14,0,25,185,2.066666666666667,144,0,4103,96,382,205,43206
2025-07-11,argo,app.shosetsu.android.viewmodel.impl,NovelViewModel,deletePrevious,7,3,0.0,4,1.0,0,11,1,0,24,1,7,0,1.0,0,2,1,12,0.67,1,2.111111111111111,0,1,0.0,0,0.1686868686868687,0.6444444444444445,367,233,0.5294117647058824,39,22,35,1,0,18,6,0,11,0,0,22,0,0,0,0,61,0.7313131313131314,61,1.3555555555555556,45,35,22,0,35,10,0,35,11,1,0,0,0,0,0,45,45,69,1613,1249,14,0,25,185,2.066666666666667,144,0,4103,96,382,205,43206
2025-07-11,argo,app.shosetsu.android.viewmodel.impl,NovelViewModel,destroy,1,0,1.0,0,0.0,0,11,1,0,9,0,1,1,1.0,1,6,1,0,7.0,0,2.0,0,1,0.0,0,0.1686868686868687,0.6444444444444445,367,233,0.5294117647058824,39,22,35,1,0,18,6,0,11,0,0,22,0,0,0,0,61,0.7313131313131314,61,1.3555555555555556,45,35,22,0,35,10,0,35,11,1,0,0,0,0,0,45,45,69,1613,1249,14,0,25,185,2.066666666666667,144,0,4103,96,382,205,43206
2025-07-11,argo,app.shosetsu.android.viewmodel.impl,NovelViewModel,downloadChapter,4,0,0.0,1,1.0,0,11,1,0,5,2,4,1,0.0,0,0,1,3,0.0,1,2.0,2,1,0.0,0,0.1686868686868687,0.6444444444444445,367,233,0.5294117647058824,39,22,35,1,0,18,6,0,11,0,0,22,0,0,0,0,61,0.7313131313131314,61,1.3555555555555556,45,35,22,0,35,10,0,35,11,1,0,0,0,0,0,45,45,69,1613,1249,14,0,25,185,2.066666666666667,144,0,4103,96,382,205,43206
2025-07-11,argo,app.shosetsu.android.viewmodel.impl,NovelViewModel,isOnline,1,0,0.0,0,0.0,0,11,1,0,1,0,1,1,0.0,0,0,0,1,0.0,0,0.0,0,0,0.0,0,0.1686868686868687,0.6444444444444445,367,233,0.5294117647058824,39,22,35,1,0,18,6,0,11,0,0,22,0,0,0,0,61,0.7313131313131314,61,1.3555555555555556,45,35,22,0,35,10,0,35,11,1,0,0,0,0,0,45,45,69,1613,1249,14,0,25,185,2.066666666666667,144,0,4103,96,382,205,43206
2025-07-11,argo,app.shosetsu.android.viewmodel.impl,NovelViewModel,openLastRead,4,4,0.0,4,1.0,0,11,1,0,12,0,4,0,1.0,0,2,0,11,0.5,1,2.090909090909091,0,0,0.0,0,0.1686868686868687,0.6444444444444445,367,233,0.5294117647058824,39,22,35,1,0,18,6,0,11,0,0,22,0,0,0,0,61,0.7313131313131314,61,1.3555555555555556,45,35,22,0,35,10,0,35,11,1,0,0,0,0,0,45,45,69,1613,1249,14,0,25,185,2.066666666666667,144,0,4103,96,382,205,43206
2025-07-11,argo,app.shosetsu.android.viewmodel.impl,NovelViewModel,getNovelURL,1,0,0.0,1,1.0,0,11,1,0,1,0,1,0,1.0,0,1,0,2,1.0,0,2.0,0,0,0.0,0,0.1686868686868687,0.6444444444444445,367,233,0.5294117647058824,39,22,35,1,0,18,6,0,11,0,0,22,0,0,0,0,61,0.7313131313131314,61,1.3555555555555556,45,35,22,0,35,10,0,35,11,1,0,0,0,0,0,45,45,69,1613,1249,14,0,25,185,2.066666666666667,144,0,4103,96,382,205,43206
2025-07-11,argo,app.shosetsu.android.viewmodel.impl,NovelViewModel,getShareInfo,1,0,0.0,1,1.0,0,11,1,0,1,0,1,0,1.0,0,1,0,5,1.0,0,2.0,0,0,0.0,0,0.1686868686868687,0.6444444444444445,367,233,0.5294117647058824,39,22,35,1,0,18,6,0,11,0,0,22,0,0,0,0,61,0.7313131313131314,61,1.3555555555555556,45,35,22,0,35,10,0,35,11,1,0,0,0,0,0,45,45,69,1613,1249,14,0,25,185,2.066666666666667,144,0,4103,96,382,205,43206
2025-07-11,argo,app.shosetsu.android.viewmodel.impl,NovelViewModel,getChapterURL,1,0,0.0,1,1.0,0,11,1,0,1,0,1,0,0.0,0,0,0,1,0.0,1,2.0,1,0,0.0,0,0.1686868686868687,0.6444444444444445,367,233,0.5294117647058824,39,22,35,1,0,18,6,0,11,0,0,22,0,0,0,0,61,0.7313131313131314,61,1.3555555555555556,45,35,22,0,35,10,0,35,11,1,0,0,0,0,0,45,45,69,1613,1249,14,0,25,185,2.066666666666667,144,0,4103,96,382,205,43206
2025-07-11,argo,app.shosetsu.android.viewmodel.impl,NovelViewModel,refresh,4,1,0.0,2,1.0,0,11,1,0,11,1,4,0,1.0,0,2,0,7,3.0,1,2.0,0,0,0.0,0,0.1686868686868687,0.6444444444444445,367,233,0.5294117647058824,39,22,35,1,0,18,6,0,11,0,0,22,0,0,0,0,61,0.7313131313131314,61,1.3555555555555556,45,35,22,0,35,10,0,35,11,1,0,0,0,0,0,45,45,69,1613,1249,14,0,25,185,2.066666666666667,144,0,4103,96,382,205,43206
2025-07-11,argo,app.shosetsu.android.viewmodel.impl,NovelViewModel,setNovelID,2,0,0.0,2,0.5,0,11,1,0,11,1,2,0,0.5714285714285714,0,1,1,3,1.0,1,2.0,1,0,0.0,0,0.1686868686868687,0.6444444444444445,367,233,0.5294117647058824,39,22,35,1,0,18,6,0,11,0,0,22,0,0,0,0,61,0.7313131313131314,61,1.3555555555555556,45,35,22,0,35,10,0,35,11,1,0,0,0,0,0,45,45,69,1613,1249,14,0,25,185,2.066666666666667,144,0,4103,96,382,205,43206
2025-07-11,argo,app.shosetsu.android.viewmodel.impl,NovelViewModel,toggleNovelBookmark,3,3,0.0,5,1.0,0,11,1,0,13,2,3,0,1.0,0,2,0,11,0.67,1,2.090909090909091,0,0,0.0,0,0.1686868686868687,0.6444444444444445,367,233,0.5294117647058824,39,22,35,1,0,18,6,0,11,0,0,22,0,0,0,0,61,0.7313131313131314,61,1.3555555555555556,45,35,22,0,35,10,0,35,11,1,0,0,0,0,0,45,45,69,1613,1249,14,0,25,185,2.066666666666667,144,0,4103,96,382,205,43206
2025-07-11,argo,app.shosetsu.android.viewmodel.impl,NovelViewModel,isBookmarked,1,0,0.0,1,1.0,0,11,1,0,1,0,1,0,1.0,0,1,0,3,1.0,0,2.5,0,0,0.0,0,0.1686868686868687,0.6444444444444445,367,233,0.5294117647058824,39,22,35,1,0,18,6,0,11,0,0,22,0,0,0,0,61,0.7313131313131314,61,1.3555555555555556,45,35,22,0,35,10,0,35,11,1,0,0,0,0,0,45,45,69,1613,1249,14,0,25,185,2.066666666666667,144,0,4103,96,382,205,43206
2025-07-11,argo,app.shosetsu.android.viewmodel.impl,NovelViewModel,downloadNextChapter,3,2,1.0,1,1.0,0,11,1,0,8,1,3,1,1.0,1,1,1,5,0.5,0,2.2,0,1,0.0,0,0.1686868686868687,0.6444444444444445,367,233,0.5294117647058824,39,22,35,1,0,18,6,0,11,0,0,22,0,0,0,0,61,0.7313131313131314,61,1.3555555555555556,45,35,22,0,35,10,0,35,11,1,0,0,0,0,0,45,45,69,1613,1249,14,0,25,185,2.066666666666667,144,0,4103,96,382,205,43206
2025-07-11,argo,app.shosetsu.android.viewmodel.impl,NovelViewModel,downloadNextCustomChapters,4,4,1.0,4,1.0,0,11,1,0,17,1,4,1,0.5,1,1,1,9,0.2,1,2.111111111111111,1,1,0.0,0,0.1686868686868687,0.6444444444444445,367,233,0.5294117647058824,39,22,35,1,0,18,6,0,11,0,0,22,0,0,0,0,61,0.7313131313131314,61,1.3555555555555556,45,35,22,0,35,10,0,35,11,1,0,0,0,0,0,45,45,69,1613,1249,14,0,25,185,2.066666666666667,144,0,4103,96,382,205,43206
2025-07-11,argo,app.shosetsu.android.viewmodel.impl,NovelViewModel,downloadNext5Chapters,2,0,1.0,0,0.0,0,11,1,0,1,0,2,1,0.0,1,0,0,0,0.0,0,0.0,0,0,0.0,0,0.1686868686868687,0.6444444444444445,367,233,0.5294117647058824,39,22,35,1,0,18,6,0,11,0,0,22,0,0,0,0,61,0.7313131313131314,61,1.3555555555555556,45,35,22,0,35,10,0,35,11,1,0,0,0,0,0,45,45,69,1613,1249,14,0,25,185,2.066666666666667,144,0,4103,96,382,205,43206
2025-07-11,argo,app.shosetsu.android.viewmodel.impl,NovelViewModel,downloadNext10Chapters,2,0,1.0,0,0.0,0,11,1,0,1,0,2,1,0.0,1,0,0,0,0.0,0,0.0,0,0,0.0,0,0.1686868686868687,0.6444444444444445,367,233,0.5294117647058824,39,22,35,1,0,18,6,0,11,0,0,22,0,0,0,0,61,0.7313131313131314,61,1.3555555555555556,45,35,22,0,35,10,0,35,11,1,0,0,0,0,0,45,45,69,1613,1249,14,0,25,185,2.066666666666667,144,0,4103,96,382,205,43206
2025-07-11,argo,app.shosetsu.android.viewmodel.impl,NovelViewModel,downloadAllUnreadChapters,2,0,1.0,1,1.0,0,11,1,0,6,0,2,1,1.0,1,1,1,6,1.0,0,2.25,0,1,0.0,0,0.1686868686868687,0.6444444444444445,367,233,0.5294117647058824,39,22,35,1,0,18,6,0,11,0,0,22,0,0,0,0,61,0.7313131313131314,61,1.3555555555555556,45,35,22,0,35,10,0,35,11,1,0,0,0,0,0,45,45,69,1613,1249,14,0,25,185,2.066666666666667,144,0,4103,96,382,205,43206
2025-07-11,argo,app.shosetsu.android.viewmodel.impl,NovelViewModel,downloadAllChapters,2,0,1.0,1,1.0,0,11,1,0,6,0,2,1,1.0,1,1,1,3,1.0,2,3.0,0,1,0.0,0,0.1686868686868687,0.6444444444444445,367,233,0.5294117647058824,39,22,35,1,0,18,6,0,11,0,0,22,0,0,0,0,61,0.7313131313131314,61,1.3555555555555556,45,35,22,0,35,10,0,35,11,1,0,0,0,0,0,45,45,69,1613,1249,14,0,25,185,2.066666666666667,144,0,4103,96,382,205,43206
2025-07-11,argo,app.shosetsu.android.viewmodel.impl,NovelViewModel,updateNovelSetting,1,0,0.0,0,0.0,0,11,1,0,4,0,1,1,0.0,0,0,2,2,0.0,0,0.0,1,2,0.0,0,0.1686868686868687,0.6444444444444445,367,233,0.5294117647058824,39,22,35,1,0,18,6,0,11,0,0,22,0,0,0,0,61,0.7313131313131314,61,1.3555555555555556,45,35,22,0,35,10,0,35,11,1,0,0,0,0,0,45,45,69,1613,1249,14,0,25,185,2.066666666666667,144,0,4103,96,382,205,43206
2025-07-11,argo,app.shosetsu.android.viewmodel.impl,NovelViewModel,setItemAt,1,0,0.0,0,0.0,0,11,1,0,3,0,1,0,0.5,0,1,1,0,1.0,0,2.0,1,0,0.0,0,0.1686868686868687,0.6444444444444445,367,233,0.5294117647058824,39,22,35,1,0,18,6,0,11,0,0,22,0,0,0,0,61,0.7313131313131314,61,1.3555555555555556,45,35,22,0,35,10,0,35,11,1,0,0,0,0,0,45,45,69,1613,1249,14,0,25,185,2.066666666666667,144,0,4103,96,382,205,43206
2025-07-11,argo,app.shosetsu.android.viewmodel.impl,NovelViewModel,bookmarkSelected,1,0,1.0,1,1.0,0,11,1,0,6,0,1,1,0.0,2,0,1,1,0.0,1,2.0,0,1,0.0,0,0.1686868686868687,0.6444444444444445,367,233,0.5294117647058824,39,22,35,1,0,18,6,0,11,0,0,22,0,0,0,0,61,0.7313131313131314,61,1.3555555555555556,45,35,22,0,35,10,0,35,11,1,0,0,0,0,0,45,45,69,1613,1249,14,0,25,185,2.066666666666667,144,0,4103,96,382,205,43206
2025-07-11,argo,app.shosetsu.android.viewmodel.impl,NovelViewModel,deleteSelected,1,1,1.0,1,1.0,0,11,1,0,7,0,1,1,1.0,1,1,1,5,1.0,0,2.3333333333333335,0,1,0.0,0,0.1686868686868687,0.6444444444444445,367,233,0.5294117647058824,39,22,35,1,0,18,6,0,11,0,0,22,0,0,0,0,61,0.7313131313131314,61,1.3555555555555556,45,35,22,0,35,10,0,35,11,1,0,0,0,0,0,45,45,69,1613,1249,14,0,25,185,2.066666666666667,144,0,4103,96,382,205,43206
2025-07-11,argo,app.shosetsu.android.viewmodel.impl,NovelViewModel,downloadSelected,2,1,1.0,2,1.0,0,11,1,0,8,0,2,2,1.0,1,1,1,6,1.0,1,2.25,0,1,0.0,0,0.1686868686868687,0.6444444444444445,367,233,0.5294117647058824,39,22,35,1,0,18,6,0,11,0,0,22,0,0,0,0,61,0.7313131313131314,61,1.3555555555555556,45,35,22,0,35,10,0,35,11,1,0,0,0,0,0,45,45,69,1613,1249,14,0,25,185,2.066666666666667,144,0,4103,96,382,205,43206
2025-07-11,argo,app.shosetsu.android.viewmodel.impl,NovelViewModel,invertSelection,1,2,1.0,1,1.0,0,11,1,0,8,0,1,1,1.0,1,2,1,2,1.0,1,2.0,0,1,0.0,0,0.1686868686868687,0.6444444444444445,367,233,0.5294117647058824,39,22,35,1,0,18,6,0,11,0,0,22,0,0,0,0,61,0.7313131313131314,61,1.3555555555555556,45,35,22,0,35,10,0,35,11,1,0,0,0,0,0,45,45,69,1613,1249,14,0,25,185,2.066666666666667,144,0,4103,96,382,205,43206
2025-07-11,argo,app.shosetsu.android.viewmodel.impl,NovelViewModel,markSelectedAs,1,0,1.0,1,1.0,0,11,1,0,6,0,1,1,0.0,2,0,1,1,0.0,1,2.0,1,1,0.0,0,0.1686868686868687,0.6444444444444445,367,233,0.5294117647058824,39,22,35,1,0,18,6,0,11,0,0,22,0,0,0,0,61,0.7313131313131314,61,1.3555555555555556,45,35,22,0,35,10,0,35,11,1,0,0,0,0,0,45,45,69,1613,1249,14,0,25,185,2.066666666666667,144,0,4103,96,382,205,43206
2025-07-11,argo,app.shosetsu.android.viewmodel.impl,NovelViewModel,removeBookmarkFromSelected,1,0,1.0,1,1.0,0,11,1,0,6,0,1,1,0.0,2,0,1,1,0.0,1,2.0,0,1,0.0,0,0.1686868686868687,0.6444444444444445,367,233,0.5294117647058824,39,22,35,1,0,18,6,0,11,0,0,22,0,0,0,0,61,0.7313131313131314,61,1.3555555555555556,45,35,22,0,35,10,0,35,11,1,0,0,0,0,0,45,45,69,1613,1249,14,0,25,185,2.066666666666667,144,0,4103,96,382,205,43206
2025-07-11,argo,app.shosetsu.android.viewmodel.impl,NovelViewModel,selectAll,1,2,1.0,1,1.0,0,11,1,0,8,0,1,1,1.0,1,2,1,2,1.0,1,2.0,0,1,0.0,0,0.1686868686868687,0.6444444444444445,367,233,0.5294117647058824,39,22,35,1,0,18,6,0,11,0,0,22,0,0,0,0,61,0.7313131313131314,61,1.3555555555555556,45,35,22,0,35,10,0,35,11,1,0,0,0,0,0,45,45,69,1613,1249,14,0,25,185,2.066666666666667,144,0,4103,96,382,205,43206
2025-07-11,argo,app.shosetsu.android.viewmodel.impl,NovelViewModel,selectBetween,4,4,1.0,3,1.0,0,11,1,0,22,1,4,1,1.0,1,2,1,8,0.5,1,2.0,0,1,0.0,0,0.1686868686868687,0.6444444444444445,367,233,0.5294117647058824,39,22,35,1,0,18,6,0,11,0,0,22,0,0,0,0,61,0.7313131313131314,61,1.3555555555555556,45,35,22,0,35,10,0,35,11,1,0,0,0,0,0,45,45,69,1613,1249,14,0,25,185,2.066666666666667,144,0,4103,96,382,205,43206
2025-07-11,argo,app.shosetsu.android.viewmodel.impl,NovelViewModel,trueDeleteSelected,1,1,1.0,2,1.0,0,11,1,0,7,0,1,1,1.0,1,1,1,3,1.0,1,2.0,0,1,0.0,0,0.1686868686868687,0.6444444444444445,367,233,0.5294117647058824,39,22,35,1,0,18,6,0,11,0,0,22,0,0,0,0,61,0.7313131313131314,61,1.3555555555555556,45,35,22,0,35,10,0,35,11,1,0,0,0,0,0,45,45,69,1613,1249,14,0,25,185,2.066666666666667,144,0,4103,96,382,205,43206
2025-07-11,argo,app.shosetsu.android.viewmodel.impl,NovelViewModel,scrollTo,1,1,0.0,2,1.0,0,11,1,0,7,0,1,0,0.6666666666666666,0,2,0,6,1.0,1,2.25,1,0,0.0,0,0.1686868686868687,0.6444444444444445,367,233,0.5294117647058824,39,22,35,1,0,18,6,0,11,0,0,22,0,0,0,0,61,0.7313131313131314,61,1.3555555555555556,45,35,22,0,35,10,0,35,11,1,0,0,0,0,0,45,45,69,1613,1249,14,0,25,185,2.066666666666667,144,0,4103,96,382,205,43206
2025-07-11,argo,app.shosetsu.android.viewmodel.impl,NovelViewModel,toggleSelection,1,1,1.0,0,0.0,0,11,1,0,8,0,1,1,0.3333333333333333,1,1,2,2,0.5,0,2.0,1,2,0.0,0,0.1686868686868687,0.6444444444444445,367,233,0.5294117647058824,39,22,35,1,0,18,6,0,11,0,0,22,0,0,0,0,61,0.7313131313131314,61,1.3555555555555556,45,35,22,0,35,10,0,35,11,1,0,0,0,0,0,45,45,69,1613,1249,14,0,25,185,2.066666666666667,144,0,4103,96,382,205,43206
2025-07-11,argo,app.shosetsu.android.viewmodel.impl,NovelViewModel,getChapterCount,1,0,0.0,1,1.0,0,11,1,0,1,0,1,0,1.0,0,1,0,2,1.0,0,3.0,0,0,0.0,0,0.1686868686868687,0.6444444444444445,367,233,0.5294117647058824,39,22,35,1,0,18,6,0,11,0,0,22,0,0,0,0,61,0.7313131313131314,61,1.3555555555555556,45,35,22,0,35,10,0,35,11,1,0,0,0,0,0,45,45,69,1613,1249,14,0,25,185,2.066666666666667,144,0,4103,96,382,205,43206
2025-07-11,argo,app.shosetsu.android.viewmodel.impl,NovelViewModel,deleteChapters,1,0,0.0,1,1.0,0,11,1,0,3,0,1,0,1.0,0,1,1,3,1.0,0,2.5,0,1,0.0,0,0.1686868686868687,0.6444444444444445,367,233,0.5294117647058824,39,22,35,1,0,18,6,0,11,0,0,22,0,0,0,0,61,0.7313131313131314,61,1.3555555555555556,45,35,22,0,35,10,0,35,11,1,0,0,0,0,0,45,45,69,1613,1249,14,0,25,185,2.066666666666667,144,0,4103,96,382,205,43206
2025-07-11,argo,app.shosetsu.android.viewmodel.impl,RepositoryViewModel,addRepository,1,0,0.0,0,0.0,0,2,1,0,4,0,1,1,0.0,0,0,0,2,0.0,0,0.0,2,0,0.0,0,0.0,0.42857142857142855,30,16,0.0,7,1,7,1,0,5,1,0,0,0,0,1,0,0,0,0,8,0.7142857142857143,8,1.1428571428571428,7,7,1,0,7,0,0,7,0,1,0,0,0,0,0,7,7,69,1613,1249,14,0,1,9,1.1428571428571428,144,0,4103,96,382,205,43206
2025-07-11,argo,app.shosetsu.android.viewmodel.impl,RepositoryViewModel,undoRemove,2,0,0.0,0,0.0,0,2,1,0,4,1,2,0,0.0,0,0,0,2,0.0,0,0.0,1,0,0.0,0,0.0,0.42857142857142855,30,16,0.0,7,1,7,1,0,5,1,0,0,0,0,1,0,0,0,0,8,0.7142857142857143,8,1.1428571428571428,7,7,1,0,7,0,0,7,0,1,0,0,0,0,0,7,7,69,1613,1249,14,0,1,9,1.1428571428571428,144,0,4103,96,382,205,43206
2025-07-11,argo,app.shosetsu.android.viewmodel.impl,RepositoryViewModel,isURL,1,0,0.0,0,0.0,0,2,1,0,3,0,1,0,0.0,0,0,0,0,0.0,0,0.0,1,0,0.0,0,0.0,0.42857142857142855,30,16,0.0,7,1,7,1,0,5,1,0,0,0,0,1,0,0,0,0,8,0.7142857142857143,8,1.1428571428571428,7,7,1,0,7,0,0,7,0,1,0,0,0,0,0,7,7,69,1613,1249,14,0,1,9,1.1428571428571428,144,0,4103,96,382,205,43206
2025-07-11,argo,app.shosetsu.android.viewmodel.impl,RepositoryViewModel,remove,1,0,0.0,1,1.0,0,2,1,0,1,0,1,0,0.0,0,0,0,1,0.0,1,2.0,1,0,0.0,0,0.0,0.42857142857142855,30,16,0.0,7,1,7,1,0,5,1,0,0,0,0,1,0,0,0,0,8,0.7142857142857143,8,1.1428571428571428,7,7,1,0,7,0,0,7,0,1,0,0,0,0,0,7,7,69,1613,1249,14,0,1,9,1.1428571428571428,144,0,4103,96,382,205,43206
2025-07-11,argo,app.shosetsu.android.viewmodel.impl,RepositoryViewModel,toggleIsEnabled,1,1,0.0,1,1.0,0,2,1,0,4,0,1,0,0.0,0,0,0,2,0.0,0,2.0,1,0,0.0,0,0.0,0.42857142857142855,30,16,0.0,7,1,7,1,0,5,1,0,0,0,0,1,0,0,0,0,8,0.7142857142857143,8,1.1428571428571428,7,7,1,0,7,0,0,7,0,1,0,0,0,0,0,7,7,69,1613,1249,14,0,1,9,1.1428571428571428,144,0,4103,96,382,205,43206
2025-07-11,argo,app.shosetsu.android.viewmodel.impl,RepositoryViewModel,updateRepositories,1,0,0.0,0,0.0,0,2,1,0,3,0,1,0,0.0,0,0,1,1,0.0,0,0.0,0,1,0.0,0,0.0,0.42857142857142855,30,16,0.0,7,1,7,1,0,5,1,0,0,0,0,1,0,0,0,0,8,0.7142857142857143,8,1.1428571428571428,7,7,1,0,7,0,0,7,0,1,0,0,0,0,0,7,7,69,1613,1249,14,0,1,9,1.1428571428571428,144,0,4103,96,382,205,43206
2025-07-11,argo,app.shosetsu.android.viewmodel.impl,RepositoryViewModel,isOnline,1,0,0.0,0,0.0,0,2,1,0,1,0,1,1,0.0,0,0,0,1,0.0,0,0.0,0,0,0.0,0,0.0,0.42857142857142855,30,16,0.0,7,1,7,1,0,5,1,0,0,0,0,1,0,0,0,0,8,0.7142857142857143,8,1.1428571428571428,7,7,1,0,7,0,0,7,0,1,0,0,0,0,0,7,7,69,1613,1249,14,0,1,9,1.1428571428571428,144,0,4103,96,382,205,43206
2025-07-11,argo,app.shosetsu.android.viewmodel.impl,SearchViewModel,initQuery,2,0,0.0,1,1.0,0,4,1,0,6,0,2,0,0.6,0,2,1,1,3.0,1,2.0,1,1,0.0,0,0.18181818181818182,0.5833333333333334,96,42,0.125,10,9,9,1,0,4,3,0,6,0,0,9,0,0,0,0,13,0.8333333333333334,13,1.0833333333333333,12,9,9,0,9,3,0,9,1,1,0,0,0,0,0,12,12,69,1613,1249,14,0,4,20,1.1818181818181819,144,0,4103,96,382,205,43206
2025-07-11,argo,app.shosetsu.android.viewmodel.impl,SearchViewModel,setQuery,1,0,0.0,0,0.0,0,4,1,0,3,0,1,0,1.0,0,1,0,0,2.0,0,3.0,1,0,0.0,0,0.18181818181818182,0.5833333333333334,96,42,0.125,10,9,9,1,0,4,3,0,6,0,0,9,0,0,0,0,13,0.8333333333333334,13,1.0833333333333333,12,9,9,0,9,3,0,9,1,1,0,0,0,0,0,12,12,69,1613,1249,14,0,4,20,1.1818181818181819,144,0,4103,96,382,205,43206
2025-07-11,argo,app.shosetsu.android.viewmodel.impl,SearchViewModel,applyQuery,1,0,0.0,0,0.0,0,4,1,0,4,0,1,0,1.0,0,2,0,0,3.0,0,2.0,1,0,0.0,0,0.18181818181818182,0.5833333333333334,96,42,0.125,10,9,9,1,0,4,3,0,6,0,0,9,0,0,0,0,13,0.8333333333333334,13,1.0833333333333333,12,9,9,0,9,3,0,9,1,1,0,0,0,0,0,12,12,69,1613,1249,14,0,4,20,1.1818181818181819,144,0,4103,96,382,205,43206
2025-07-11,argo,app.shosetsu.android.viewmodel.impl,SearchViewModel,searchLibrary,1,0,0.0,1,1.0,0,4,1,0,1,0,1,0,1.0,0,1,0,2,1.0,2,3.0,0,0,0.0,0,0.18181818181818182,0.5833333333333334,96,42,0.125,10,9,9,1,0,4,3,0,6,0,0,9,0,0,0,0,13,0.8333333333333334,13,1.0833333333333333,12,9,9,0,9,3,0,9,1,1,0,0,0,0,0,12,12,69,1613,1249,14,0,4,20,1.1818181818181819,144,0,4103,96,382,205,43206
2025-07-11,argo,app.shosetsu.android.viewmodel.impl,SearchViewModel,searchExtension,1,0,1.0,1,1.0,0,4,1,0,1,0,1,1,0.3333333333333333,1,1,0,2,1.0,2,2.0,1,0,0.0,0,0.18181818181818182,0.5833333333333334,96,42,0.125,10,9,9,1,0,4,3,0,6,0,0,9,0,0,0,0,13,0.8333333333333334,13,1.0833333333333333,12,9,9,0,9,3,0,9,1,1,0,0,0,0,0,12,12,69,1613,1249,14,0,4,20,1.1818181818181819,144,0,4103,96,382,205,43206
2025-07-11,argo,app.shosetsu.android.viewmodel.impl,SearchViewModel,getException,1,0,0.0,0,0.0,0,4,1,0,1,0,1,2,0.0,1,0,0,0,0.0,0,0.0,1,0,0.0,0,0.18181818181818182,0.5833333333333334,96,42,0.125,10,9,9,1,0,4,3,0,6,0,0,9,0,0,0,0,13,0.8333333333333334,13,1.0833333333333333,12,9,9,0,9,3,0,9,1,1,0,0,0,0,0,12,12,69,1613,1249,14,0,4,20,1.1818181818181819,144,0,4103,96,382,205,43206
2025-07-11,argo,app.shosetsu.android.viewmodel.impl,SearchViewModel,refresh,1,0,0.0,1,1.0,0,4,1,0,3,0,1,2,1.0,0,1,1,4,1.0,0,3.0,0,1,0.0,0,0.18181818181818182,0.5833333333333334,96,42,0.125,10,9,9,1,0,4,3,0,6,0,0,9,0,0,0,0,13,0.8333333333333334,13,1.0833333333333333,12,9,9,0,9,3,0,9,1,1,0,0,0,0,0,12,12,69,1613,1249,14,0,4,20,1.1818181818181819,144,0,4103,96,382,205,43206
2025-07-11,argo,app.shosetsu.android.viewmodel.impl,SearchViewModel,refresh,1,1,0.0,0,0.0,0,4,1,0,7,0,1,1,0.0,1,0,2,2,0.0,0,2.0,1,2,0.0,0,0.18181818181818182,0.5833333333333334,96,42,0.125,10,9,9,1,0,4,3,0,6,0,0,9,0,0,0,0,13,0.8333333333333334,13,1.0833333333333333,12,9,9,0,9,3,0,9,1,1,0,0,0,0,0,12,12,69,1613,1249,14,0,4,20,1.1818181818181819,144,0,4103,96,382,205,43206
2025-07-11,argo,app.shosetsu.android.viewmodel.impl,SearchViewModel,destroy,1,0,0.0,1,1.0,0,4,1,0,6,0,1,0,1.0,0,3,1,2,4.0,1,2.0,0,1,0.0,0,0.18181818181818182,0.5833333333333334,96,42,0.125,10,9,9,1,0,4,3,0,6,0,0,9,0,0,0,0,13,0.8333333333333334,13,1.0833333333333333,12,9,9,0,9,3,0,9,1,1,0,0,0,0,0,12,12,69,1613,1249,14,0,4,20,1.1818181818181819,144,0,4103,96,382,205,43206
2025-07-11,argo,app.shosetsu.android.viewmodel.impl,SearchViewModel,getRefreshFlow,1,0,0.0,1,1.0,0,4,1,0,1,0,1,2,0.5,0,1,0,1,1.0,1,2.0,1,0,0.0,0,0.18181818181818182,0.5833333333333334,96,42,0.125,10,9,9,1,0,4,3,0,6,0,0,9,0,0,0,0,13,0.8333333333333334,13,1.0833333333333333,12,9,9,0,9,3,0,9,1,1,0,0,0,0,0,12,12,69,1613,1249,14,0,4,20,1.1818181818181819,144,0,4103,96,382,205,43206
2025-07-11,argo,app.shosetsu.android.viewmodel.impl,SearchViewModel,getExceptionFlow,1,0,0.0,1,1.0,0,4,1,0,1,0,1,0,0.5,0,1,0,1,1.0,1,2.0,1,0,0.0,0,0.18181818181818182,0.5833333333333334,96,42,0.125,10,9,9,1,0,4,3,0,6,0,0,9,0,0,0,0,13,0.8333333333333334,13,1.0833333333333333,12,9,9,0,9,3,0,9,1,1,0,0,0,0,0,12,12,69,1613,1249,14,0,4,20,1.1818181818181819,144,0,4103,96,382,205,43206
2025-07-11,argo,app.shosetsu.android.viewmodel.impl,SearchViewModel,loadExtension,2,2,0.0,4,1.0,0,4,1,0,14,1,2,2,0.6,2,2,0,9,0.67,1,2.1,1,0,0.0,0,0.18181818181818182,0.5833333333333334,96,42,0.125,10,9,9,1,0,4,3,0,6,0,0,9,0,0,0,0,13,0.8333333333333334,13,1.0833333333333333,12,9,9,0,9,3,0,9,1,1,0,0,0,0,0,12,12,69,1613,1249,14,0,4,20,1.1818181818181819,144,0,4103,96,382,205,43206
2025-07-11,argo,app.shosetsu.android.viewmodel.impl,TextAssetReaderViewModel,setTarget,3,0,0.0,3,0.6667,0,1,1,0,8,2,3,0,0.6666666666666666,0,1,2,6,1.0,0,2.2,1,1,0.0,0,0.0,1.0,20,0,0.0,1,3,1,1,0,1,1,0,1,0,0,3,0,0,0,0,3,0.0,3,3.0,1,1,3,0,1,0,0,1,0,1,0,0,0,0,0,1,1,69,1613,1249,14,0,2,6,3.0,144,0,4103,96,382,205,43206
2025-07-11,argo,app.shosetsu.android.viewmodel.impl,UpdatesViewModel,startUpdateManager,1,0,0.0,0,0.0,0,1,1,0,1,0,1,0,0.0,0,0,0,1,0.0,0,0.0,0,0,0.0,0,0.0,0.0,17,4,0.0,3,2,3,1,0,3,1,0,0,0,0,2,0,0,0,0,3,1.0,3,1.0,3,3,2,0,3,0,0,3,0,1,0,0,0,0,0,3,3,69,1613,1249,14,0,1,3,1.0,144,0,4103,96,382,205,43206
2025-07-11,argo,app.shosetsu.android.viewmodel.impl,UpdatesViewModel,isOnline,1,0,0.0,0,0.0,0,1,1,0,1,0,1,1,0.0,0,0,0,1,0.0,0,0.0,0,0,0.0,0,0.0,0.0,17,4,0.0,3,2,3,1,0,3,1,0,0,0,0,2,0,0,0,0,3,1.0,3,1.0,3,3,2,0,3,0,0,3,0,1,0,0,0,0,0,3,3,69,1613,1249,14,0,1,3,1.0,144,0,4103,96,382,205,43206
2025-07-11,argo,app.shosetsu.android.viewmodel.impl,UpdatesViewModel,updateChapter,1,0,0.0,0,0.0,0,1,1,0,3,0,1,0,0.0,0,0,1,1,0.0,0,0.0,2,1,0.0,0,0.0,0.0,17,4,0.0,3,2,3,1,0,3,1,0,0,0,0,2,0,0,0,0,3,1.0,3,1.0,3,3,2,0,3,0,0,3,0,1,0,0,0,0,0,3,3,69,1613,1249,14,0,1,3,1.0,144,0,4103,96,382,205,43206
2025-07-11,argo,app.shosetsu.android.viewmodel.impl.extension,ExtensionConfigureViewModel,setExtensionID,2,0,0.0,1,1.0,0,2,1,0,19,1,2,1,0.5714285714285714,1,1,2,2,1.0,1,2.0,1,2,0.0,0,0.2857142857142857,0.2857142857142857,60,15,0.0,7,6,7,1,0,4,2,0,3,0,0,6,0,0,0,0,8,0.23809523809523814,8,1.1428571428571428,7,7,6,0,7,0,0,7,3,1,0,0,0,0,0,7,7,69,1613,1249,2,0,5,5,1.2,11,0,343,96,382,16,43206
2025-07-11,argo,app.shosetsu.android.viewmodel.impl.extension,ExtensionConfigureViewModel,uninstall,1,0,0.0,0,0.0,0,2,1,0,3,0,1,1,0.0,0,0,1,1,0.0,0,0.0,1,1,0.0,0,0.2857142857142857,0.2857142857142857,60,15,0.0,7,6,7,1,0,4,2,0,3,0,0,6,0,0,0,0,8,0.23809523809523814,8,1.1428571428571428,7,7,6,0,7,0,0,7,3,1,0,0,0,0,0,7,7,69,1613,1249,2,0,5,5,1.2,11,0,343,96,382,16,43206
2025-07-11,argo,app.shosetsu.android.viewmodel.impl.extension,ExtensionConfigureViewModel,destroy,1,0,0.0,0,0.0,0,2,1,0,3,0,1,0,1.0,0,1,0,0,1.0,0,2.0,0,0,0.0,0,0.2857142857142857,0.2857142857142857,60,15,0.0,7,6,7,1,0,4,2,0,3,0,0,6,0,0,0,0,8,0.23809523809523814,8,1.1428571428571428,7,7,6,0,7,0,0,7,3,1,0,0,0,0,0,7,7,69,1613,1249,2,0,5,5,1.2,11,0,343,96,382,16,43206
2025-07-11,argo,app.shosetsu.android.viewmodel.impl.extension,ExtensionConfigureViewModel,saveSetting,1,0,0.0,1,1.0,0,2,1,0,3,0,1,0,0.25,0,1,1,1,0.5,0,2.0,2,1,0.0,0,0.2857142857142857,0.2857142857142857,60,15,0.0,7,6,7,1,0,4,2,0,3,0,0,6,0,0,0,0,8,0.23809523809523814,8,1.1428571428571428,7,7,6,0,7,0,0,7,3,1,0,0,0,0,0,7,7,69,1613,1249,2,0,5,5,1.2,11,0,343,96,382,16,43206
2025-07-11,argo,app.shosetsu.android.viewmodel.impl.extension,ExtensionConfigureViewModel,saveSetting,1,0,0.0,1,1.0,0,2,1,0,3,0,1,0,0.25,0,1,1,1,0.5,0,2.0,2,1,0.0,0,0.2857142857142857,0.2857142857142857,60,15,0.0,7,6,7,1,0,4,2,0,3,0,0,6,0,0,0,0,8,0.23809523809523814,8,1.1428571428571428,7,7,6,0,7,0,0,7,3,1,0,0,0,0,0,7,7,69,1613,1249,2,0,5,5,1.2,11,0,343,96,382,16,43206
2025-07-11,argo,app.shosetsu.android.viewmodel.impl.extension,ExtensionConfigureViewModel,saveSetting,1,0,0.0,1,1.0,0,2,1,0,3,0,1,0,0.25,0,1,1,1,0.5,0,2.0,2,1,0.0,0,0.2857142857142857,0.2857142857142857,60,15,0.0,7,6,7,1,0,4,2,0,3,0,0,6,0,0,0,0,8,0.23809523809523814,8,1.1428571428571428,7,7,6,0,7,0,0,7,3,1,0,0,0,0,0,7,7,69,1613,1249,2,0,5,5,1.2,11,0,343,96,382,16,43206
2025-07-11,argo,app.shosetsu.android.viewmodel.impl.extension,ExtensionConfigureViewModel,setSelectedListing,1,0,0.0,1,1.0,0,2,1,0,3,0,1,0,0.3333333333333333,0,1,1,1,1.0,0,2.0,1,1,0.0,0,0.2857142857142857,0.2857142857142857,60,15,0.0,7,6,7,1,0,4,2,0,3,0,0,6,0,0,0,0,8,0.23809523809523814,8,1.1428571428571428,7,7,6,0,7,0,0,7,3,1,0,0,0,0,0,7,7,69,1613,1249,2,0,5,5,1.2,11,0,343,96,382,16,43206
2025-07-11,argo,app.shosetsu.android.viewmodel.impl.extension,ExtensionsViewModel,refresh,1,0,0.0,0,0.0,0,3,1,0,3,0,1,0,0.0,0,0,1,1,0.0,0,0.0,0,1,0.0,0,0.027777777777777776,0.3333333333333333,78,24,0.0,9,8,9,1,0,4,3,0,4,0,0,8,0,0,0,0,10,0.6944444444444444,10,1.1111111111111112,9,9,8,0,9,0,0,9,0,1,0,0,0,0,0,9,9,69,1613,1249,2,0,9,21,1.8888888888888888,11,0,343,96,382,16,43206
2025-07-11,argo,app.shosetsu.android.viewmodel.impl.extension,ExtensionsViewModel,installExtension,1,0,0.0,0,0.0,0,3,1,0,3,0,1,1,0.0,0,0,1,1,0.0,0,0.0,2,1,0.0,0,0.027777777777777776,0.3333333333333333,78,24,0.0,9,8,9,1,0,4,3,0,4,0,0,8,0,0,0,0,10,0.6944444444444444,10,1.1111111111111112,9,9,8,0,9,0,0,9,0,1,0,0,0,0,0,9,9,69,1613,1249,2,0,9,21,1.8888888888888888,11,0,343,96,382,16,43206
2025-07-11,argo,app.shosetsu.android.viewmodel.impl.extension,ExtensionsViewModel,updateExtension,1,0,0.0,0,0.0,0,3,1,0,3,0,1,1,0.0,0,0,1,1,0.0,0,0.0,1,1,0.0,0,0.027777777777777776,0.3333333333333333,78,24,0.0,9,8,9,1,0,4,3,0,4,0,0,8,0,0,0,0,10,0.6944444444444444,10,1.1111111111111112,9,9,8,0,9,0,0,9,0,1,0,0,0,0,0,9,9,69,1613,1249,2,0,9,21,1.8888888888888888,11,0,343,96,382,16,43206
2025-07-11,argo,app.shosetsu.android.viewmodel.impl.extension,ExtensionsViewModel,cancelInstall,1,0,0.0,0,0.0,0,3,1,0,3,0,1,0,0.0,0,0,1,1,0.0,0,0.0,1,1,0.0,0,0.027777777777777776,0.3333333333333333,78,24,0.0,9,8,9,1,0,4,3,0,4,0,0,8,0,0,0,0,10,0.6944444444444444,10,1.1111111111111112,9,9,8,0,9,0,0,9,0,1,0,0,0,0,0,9,9,69,1613,1249,2,0,9,21,1.8888888888888888,11,0,343,96,382,16,43206
2025-07-11,argo,app.shosetsu.android.viewmodel.impl.extension,ExtensionsViewModel,setLanguageFiltered,7,1,0.0,4,0.75,0,3,1,0,21,1,7,0,0.0,0,0,2,10,0.0,1,2.2,2,2,0.0,0,0.027777777777777776,0.3333333333333333,78,24,0.0,9,8,9,1,0,4,3,0,4,0,0,8,0,0,0,0,10,0.6944444444444444,10,1.1111111111111112,9,9,8,0,9,0,0,9,0,1,0,0,0,0,0,9,9,69,1613,1249,2,0,9,21,1.8888888888888888,11,0,343,96,382,16,43206
2025-07-11,argo,app.shosetsu.android.viewmodel.impl.extension,ExtensionsViewModel,showOnlyInstalled,3,0,0.0,2,1.0,0,3,1,0,9,0,3,0,0.0,0,0,2,6,0.0,0,2.5,1,2,0.0,0,0.027777777777777776,0.3333333333333333,78,24,0.0,9,8,9,1,0,4,3,0,4,0,0,8,0,0,0,0,10,0.6944444444444444,10,1.1111111111111112,9,9,8,0,9,0,0,9,0,1,0,0,0,0,0,9,9,69,1613,1249,2,0,9,21,1.8888888888888888,11,0,343,96,382,16,43206
2025-07-11,argo,app.shosetsu.android.viewmodel.impl.extension,ExtensionsViewModel,setSearch,1,0,0.0,0,0.0,0,3,1,0,3,0,1,0,0.5,0,1,1,0,1.0,0,2.0,1,0,0.0,0,0.027777777777777776,0.3333333333333333,78,24,0.0,9,8,9,1,0,4,3,0,4,0,0,8,0,0,0,0,10,0.6944444444444444,10,1.1111111111111112,9,9,8,0,9,0,0,9,0,1,0,0,0,0,0,9,9,69,1613,1249,2,0,9,21,1.8888888888888888,11,0,343,96,382,16,43206
2025-07-11,argo,app.shosetsu.android.viewmodel.impl.extension,ExtensionsViewModel,resetSearch,1,0,0.0,0,0.0,0,3,1,0,3,0,1,0,1.0,0,1,0,0,1.0,0,2.0,0,0,0.0,0,0.027777777777777776,0.3333333333333333,78,24,0.0,9,8,9,1,0,4,3,0,4,0,0,8,0,0,0,0,10,0.6944444444444444,10,1.1111111111111112,9,9,8,0,9,0,0,9,0,1,0,0,0,0,0,9,9,69,1613,1249,2,0,9,21,1.8888888888888888,11,0,343,96,382,16,43206
2025-07-11,argo,app.shosetsu.android.viewmodel.impl.extension,ExtensionsViewModel,isOnline,1,0,0.0,0,0.0,0,3,1,0,1,0,1,1,0.0,0,0,0,1,0.0,0,0.0,0,0,0.0,0,0.027777777777777776,0.3333333333333333,78,24,0.0,9,8,9,1,0,4,3,0,4,0,0,8,0,0,0,0,10,0.6944444444444444,10,1.1111111111111112,9,9,8,0,9,0,0,9,0,1,0,0,0,0,0,9,9,69,1613,1249,2,0,9,21,1.8888888888888888,11,0,343,96,382,16,43206
2025-07-11,argo,app.shosetsu.android.viewmodel.impl.settings,AdvancedSettingsViewModel,purgeUselessData,1,0,0.0,1,1.0,0,0,1,0,1,0,1,0,0.0,0,0,0,1,0.0,1,2.0,0,0,0.0,0,0.0,0.25,23,18,0.0,4,0,4,1,0,1,4,0,0,0,0,0,0,0,0,0,4,1.0,4,1.0,4,4,0,0,4,0,0,4,0,1,0,0,0,0,0,4,4,69,1613,1249,6,0,7,10,1.25,29,0,585,96,382,16,43206
2025-07-11,argo,app.shosetsu.android.viewmodel.impl.settings,AdvancedSettingsViewModel,killCycleWorkers,1,0,0.0,1,1.0,0,0,1,0,5,0,1,0,0.0,0,0,3,3,0.0,1,2.0,0,3,0.0,0,0.0,0.25,23,18,0.0,4,0,4,1,0,1,4,0,0,0,0,0,0,0,0,0,4,1.0,4,1.0,4,4,0,0,4,0,0,4,0,1,0,0,0,0,0,4,4,69,1613,1249,6,0,7,10,1.25,29,0,585,96,382,16,43206
2025-07-11,argo,app.shosetsu.android.viewmodel.impl.settings,AdvancedSettingsViewModel,startCycleWorkers,1,0,0.0,1,1.0,0,0,1,0,5,0,1,0,0.0,0,0,3,3,0.0,1,2.0,0,3,0.0,0,0.0,0.25,23,18,0.0,4,0,4,1,0,1,4,0,0,0,0,0,0,0,0,0,4,1.0,4,1.0,4,4,0,0,4,0,0,4,0,1,0,0,0,0,0,4,4,69,1613,1249,6,0,7,10,1.25,29,0,585,96,382,16,43206
2025-07-11,argo,app.shosetsu.android.viewmodel.impl.settings,AdvancedSettingsViewModel,forceRepoSync,2,0,0.0,2,0.5,0,0,1,0,7,0,2,0,0.0,0,0,1,3,0.0,2,2.5,0,1,0.0,0,0.0,0.25,23,18,0.0,4,0,4,1,0,1,4,0,0,0,0,0,0,0,0,0,4,1.0,4,1.0,4,4,0,0,4,0,0,4,0,1,0,0,0,0,0,4,4,69,1613,1249,6,0,7,10,1.25,29,0,585,96,382,16,43206
2025-07-11,argo,app.shosetsu.android.viewmodel.impl.settings,BackupSettingsViewModel,startBackup,2,0,0.0,1,1.0,0,1,1,0,6,1,2,1,0.0,0,0,1,3,0.0,2,2.0,0,1,0.0,0,0.21428571428571427,0.625,37,25,0.0,7,1,8,1,0,4,4,0,1,0,0,0,0,0,1,0,11,0.8928571428571429,11,1.375,8,8,1,0,8,0,0,8,1,1,0,0,0,0,0,8,8,69,1613,1249,6,0,4,10,1.5714285714285714,29,0,585,96,382,16,43206
2025-07-11,argo,app.shosetsu.android.viewmodel.impl.settings,BackupSettingsViewModel,loadInternalOptions,1,0,0.0,1,1.0,0,1,1,0,1,0,1,0,0.0,0,0,0,2,0.0,2,2.0,0,0,0.0,0,0.21428571428571427,0.625,37,25,0.0,7,1,8,1,0,4,4,0,1,0,0,0,0,0,1,0,11,0.8928571428571429,11,1.375,8,8,1,0,8,0,0,8,1,1,0,0,0,0,0,8,8,69,1613,1249,6,0,4,10,1.5714285714285714,29,0,585,96,382,16,43206
2025-07-11,argo,app.shosetsu.android.viewmodel.impl.settings,BackupSettingsViewModel,restore,1,0,0.0,0,0.0,0,1,1,0,4,0,1,0,0.0,0,0,2,2,0.0,0,0.0,1,2,0.0,0,0.21428571428571427,0.625,37,25,0.0,7,1,8,1,0,4,4,0,1,0,0,0,0,0,1,0,11,0.8928571428571429,11,1.375,8,8,1,0,8,0,0,8,1,1,0,0,0,0,0,8,8,69,1613,1249,6,0,4,10,1.5714285714285714,29,0,585,96,382,16,43206
2025-07-11,argo,app.shosetsu.android.viewmodel.impl.settings,BackupSettingsViewModel,restore,1,0,0.0,0,0.0,0,1,1,0,4,0,1,0,0.0,0,0,2,2,0.0,0,0.0,1,2,0.0,0,0.21428571428571427,0.625,37,25,0.0,7,1,8,1,0,4,4,0,1,0,0,0,0,0,1,0,11,0.8928571428571429,11,1.375,8,8,1,0,8,0,0,8,1,1,0,0,0,0,0,8,8,69,1613,1249,6,0,4,10,1.5714285714285714,29,0,585,96,382,16,43206
2025-07-11,argo,app.shosetsu.android.viewmodel.impl.settings,BackupSettingsViewModel,holdBackupToExport,1,0,0.0,0,0.0,0,1,1,0,3,0,1,0,1.0,0,0,0,0,1.0,0,2.0,1,0,0.0,0,0.21428571428571427,0.625,37,25,0.0,7,1,8,1,0,4,4,0,1,0,0,0,0,0,1,0,11,0.8928571428571429,11,1.375,8,8,1,0,8,0,0,8,1,1,0,0,0,0,0,8,8,69,1613,1249,6,0,4,10,1.5714285714285714,29,0,585,96,382,16,43206
2025-07-11,argo,app.shosetsu.android.viewmodel.impl.settings,BackupSettingsViewModel,getBackupToExport,3,0,0.0,0,0.0,0,1,1,0,1,1,3,0,1.0,0,1,0,1,1.0,0,0.0,0,0,0.0,0,0.21428571428571427,0.625,37,25,0.0,7,1,8,1,0,4,4,0,1,0,0,0,0,0,1,0,11,0.8928571428571429,11,1.375,8,8,1,0,8,0,0,8,1,1,0,0,0,0,0,8,8,69,1613,1249,6,0,4,10,1.5714285714285714,29,0,585,96,382,16,43206
2025-07-11,argo,app.shosetsu.android.viewmodel.impl.settings,BackupSettingsViewModel,clearExport,1,0,0.0,0,0.0,0,1,1,0,3,0,1,0,1.0,0,1,0,0,1.0,0,0.0,0,0,0.0,0,0.21428571428571427,0.625,37,25,0.0,7,1,8,1,0,4,4,0,1,0,0,0,0,0,1,0,11,0.8928571428571429,11,1.375,8,8,1,0,8,0,0,8,1,1,0,0,0,0,0,8,8,69,1613,1249,6,0,4,10,1.5714285714285714,29,0,585,96,382,16,43206
2025-07-11,argo,app.shosetsu.android.viewmodel.impl.settings,BackupSettingsViewModel,exportBackup,2,0,0.0,0,0.0,0,1,1,0,4,1,2,0,0.6666666666666666,0,1,1,2,1.0,0,0.0,1,1,0.0,0,0.21428571428571427,0.625,37,25,0.0,7,1,8,1,0,4,4,0,1,0,0,0,0,0,1,0,11,0.8928571428571429,11,1.375,8,8,1,0,8,0,0,8,1,1,0,0,0,0,0,8,8,69,1613,1249,6,0,4,10,1.5714285714285714,29,0,585,96,382,16,43206
2025-07-11,argo,app.shosetsu.android.viewmodel.impl.settings,DownloadSettingsViewModel,restartDownloadWorker,1,0,0.0,2,0.5,0,0,1,0,4,0,1,0,0.0,0,0,1,2,0.0,1,2.0,0,1,0.0,0,0.0,0.0,21,4,0.0,1,1,1,1,0,0,1,0,0,0,0,0,0,0,1,0,1,0.0,1,1.0,1,1,1,0,1,0,0,1,1,1,0,0,0,0,0,1,1,69,1613,1249,6,0,1,2,1.0,29,0,585,96,382,16,43206
2025-07-11,argo,app.shosetsu.android.viewmodel.impl.settings,ReaderSettingsViewModel,getReaderThemes,3,0,0.0,1,1.0,0,1,1,0,1,0,3,0,0.0,0,0,0,7,0.0,0,2.1666666666666665,0,0,0.0,0,0.0,1.0,3,0,0.0,1,0,1,1,0,1,0,0,0,0,0,0,0,0,0,0,1,0.0,1,1.0,1,1,0,0,1,0,0,1,0,1,0,0,0,0,0,1,1,69,1613,1249,6,0,0,7,3.0,29,0,585,96,382,16,43206
2025-07-11,argo,app.shosetsu.android.viewmodel.impl.settings,UpdateSettingsViewModel,restartNovelUpdater,2,0,0.0,3,0.6667,0,0,1,0,8,1,2,0,0.0,0,0,1,8,0.0,1,2.1666666666666665,0,1,0.0,0,0.0,0.5,39,13,0.0,2,0,0,1,0,0,3,0,0,0,0,0,0,0,0,0,3,0.0,3,1.5,2,0,0,0,0,2,0,0,0,1,0,0,0,0,0,2,2,69,1613,1249,6,0,3,11,1.5,29,0,585,96,382,16,43206
2025-07-11,argo,app.shosetsu.android.viewmodel.impl.settings,UpdateSettingsViewModel,restartRepoUpdater,1,0,0.0,2,0.5,0,0,1,0,5,0,1,0,0.0,0,0,2,3,0.0,1,2.0,0,2,0.0,0,0.0,0.5,39,13,0.0,2,0,0,1,0,0,3,0,0,0,0,0,0,0,0,0,3,0.0,3,1.5,2,0,0,0,0,2,0,0,0,1,0,0,0,0,0,2,2,69,1613,1249,6,0,3,11,1.5,29,0,585,96,382,16,43206
