Extraction Date,Project,Package,Class,Method,CYCLO_method,NOLV_method,CLNAMM_method,CINT_method,CDISP_method,NOII_type,NOAM_type,NOCS_type,number_constructor_NotDefaultConstructor,LOC_method,MAXNESTING_method,CC_method,NMCS_method,LAA_method,CM_method,NOAV_method,ATFD_method,FANOUT_method,ATLD_method,MaMCL_method,MeMCL_method,NOP_method,FDP_method,CFNAMM_method,Number_Final_Not_Static_Methods,TCC_type,WOC_type,LOC_type,LOCNAMM_type,CFNAMM_type,NOMNAMM_type,NOA_type,NIM_type,DIT_type,NOPA_type,CBO_type,RFC_type,isStatic_type,number_private_visibility_attributes,number_protected_visibility_attributes,number_package_visibility_attributes,num_final_attributes,num_static_attributes,num_final_static_attributes,num_not_final_not_static_attributes,NOC_type,WMC_type,LCOM5_type,WMCNAMM_type,AMW_type,NOM_type,NMO_type,num_final_not_static_attributes,num_static_not_final_attributes,number_public_visibility_methods,number_private_visibility_methods,number_protected_visibility_methods,number_package_visibility_methods,number_standard_design_methods,number_constructor_DefaultConstructor_methods,number_final_methods,number_abstract_methods,number_static_methods,number_final_static_methods,number_not_final_static_methods,number_not_final_not_static_methods,number_not_abstract_not_final_methods,NOI_project,NOM_project,NOMNAMM_project,NOCS_package,isStatic_method,ATFD_type,FANOUT_type,AMWNAMM_type,NOMNAMM_Package,NOI_Package,LOC_package,NOPK_project,NOCS_project,NOM_package,LOC_project
2025-07-05,argo,voice.app.misc,MediaAnalyzerInstrumentationTest,defectFile,1,0,1.0,1,1.0,0,0,1,0,3,0,1,1,0.0,1,0,1,3,0.0,0,4.0,0,1,0.0,0,0.0,0.75,26,17,0.75,4,2,0,0,0,3,4,0,1,0,0,2,0,0,0,0,4,0.5,4,1.0,4,0,2,0,2,2,0,2,0,1,0,0,0,0,0,4,4,34,688,639,5,0,3,19,1.25,15,0,365,73,223,15,18932
2025-07-05,argo,voice.app.misc,MediaAnalyzerInstrumentationTest,intactFile,2,0,1.0,1,1.0,0,0,1,0,3,0,2,1,0.0,1,0,0,4,0.0,0,3.0,0,0,0.0,0,0.0,0.75,26,17,0.75,4,2,0,0,0,3,4,0,1,0,0,2,0,0,0,0,4,0.5,4,1.0,4,0,2,0,2,2,0,2,0,1,0,0,0,0,0,4,4,34,688,639,5,0,3,19,1.25,15,0,365,73,223,15,18932
2025-07-05,argo,voice.app.misc,MediaAnalyzerInstrumentationTest,analyze,1,1,1.0,0,0.0,0,0,1,0,4,0,1,1,0.5,2,1,0,2,0.5,1,2.0,1,0,0.0,0,0.0,0.75,26,17,0.75,4,2,0,0,0,3,4,0,1,0,0,2,0,0,0,0,4,0.5,4,1.0,4,0,2,0,2,2,0,2,0,1,0,0,0,0,0,4,4,34,688,639,5,0,3,19,1.25,15,0,365,73,223,15,18932
2025-07-05,argo,voice.app.misc,MediaAnalyzerInstrumentationTest,resourceToTemporaryFile,1,2,0.0,4,1.0,0,0,1,0,7,0,1,0,0.5,0,1,2,10,0.33,1,2.6666666666666665,1,2,0.0,0,0.0,0.75,26,17,0.75,4,2,0,0,0,3,4,0,1,0,0,2,0,0,0,0,4,0.5,4,1.0,4,0,2,0,2,2,0,2,0,1,0,0,0,0,0,4,4,34,688,639,5,0,3,19,1.25,15,0,365,73,223,15,18932
2025-07-05,argo,voice.app.misc,ScreenshotCapture,screenshots,1,5,1.0,9,0.8889,0,0,2,0,22,0,1,1,1.0,1,1,1,32,0.2,1,2.44,0,1,0.0,0,0.0,1.0,71,62,0.75,4,1,0,0,0,4,5,0,0,0,0,1,0,0,0,0,5,0.8333333333333334,5,1.25,4,0,1,0,1,3,0,1,1,1,0,0,0,0,0,6,6,34,688,639,5,0,5,89,2.25,15,0,365,73,223,15,18932
2025-07-05,argo,voice.app.misc,ScreenshotCapture,copyAssets,3,2,0.0,10,0.9,0,0,2,0,20,1,3,0,0.0,0,0,2,23,0.0,1,2.4,2,2,0.0,0,0.0,1.0,71,62,0.75,4,1,0,0,0,4,5,0,0,0,0,1,0,0,0,0,5,0.8333333333333334,5,1.25,4,0,1,0,1,3,0,1,1,1,0,0,0,0,0,6,6,34,688,639,5,0,5,89,2.25,15,0,365,73,223,15,18932
2025-07-05,argo,voice.app.misc,ScreenshotCapture,screenshotData,1,3,1.0,1,1.0,0,0,2,0,6,0,1,4,0.0,1,0,0,5,0.0,0,2.0,0,0,0.0,0,0.0,1.0,71,62,0.75,4,1,0,0,0,4,5,0,0,0,0,1,0,0,0,0,5,0.8333333333333334,5,1.25,4,0,1,0,1,3,0,1,1,1,0,0,0,0,0,6,6,34,688,639,5,0,5,89,2.25,15,0,365,73,223,15,18932
2025-07-05,argo,voice.app.misc,ScreenshotCapture,bookOverviewViewState,4,7,1.0,7,1.0,0,0,2,0,14,0,4,1,0.0,1,0,2,29,0.0,1,2.3043478260869565,0,2,0.0,0,0.0,1.0,71,62,0.75,4,1,0,0,0,4,5,0,0,0,0,1,0,0,0,0,5,0.8333333333333334,5,1.25,4,0,1,0,1,3,0,1,1,1,0,0,0,0,0,6,6,34,688,639,5,0,5,89,2.25,15,0,365,73,223,15,18932
2025-07-05,argo,voice.app,AppController,Content,7,1,0.0,14,0.7333,1,0,1,0,47,1,7,0,1.0,0,2,4,29,2.0,1,2.15625,0,4,0.0,0,0.0,1.0,57,47,0.0,1,2,1,1,0,0,4,0,0,0,0,0,0,0,2,0,2,0.0,2,2.0,1,1,2,0,1,0,0,1,0,1,0,0,0,0,0,1,1,34,688,639,2,0,4,29,7.0,4,0,210,73,223,3,18932
2025-07-05,argo,voice.app,StartDestinationProvider,invoke,3,0,1.0,0,0.0,0,0,1,0,7,0,3,0,0.0,1,0,0,1,0.0,0,2.0,0,0,0.0,0,0.0,1.0,17,14,0.5,2,0,0,0,0,2,0,0,0,0,0,0,0,0,0,0,2,1.0,2,1.0,2,0,0,0,1,1,0,1,0,1,0,0,0,0,0,2,2,34,688,639,2,0,0,4,3.0,4,0,210,73,223,3,18932
2025-07-05,argo,voice.app,StartDestinationProvider,showOnboarding,3,0,0.0,2,1.0,0,0,1,0,7,1,3,0,0.0,0,0,0,3,0.0,1,2.5,0,0,0.0,0,0.0,1.0,17,14,0.5,2,0,0,0,0,2,0,0,0,0,0,0,0,0,0,0,2,1.0,2,1.0,2,0,0,0,1,1,0,1,0,1,0,0,0,0,0,2,2,34,688,639,2,0,0,4,3.0,4,0,210,73,223,3,18932
2025-07-05,argo,voice.app.features,MainActivity,onCreate,8,2,0.0,13,0.9231,1,2,1,0,46,1,8,2,0.8181818181818182,3,3,6,33,1.0,1,2.3870967741935485,1,5,0.0,0,0.16666666666666666,0.5,102,50,0.0,4,6,2,4,0,3,7,1,2,0,0,1,1,1,6,0,9,0.6666666666666667,9,2.25,4,2,6,0,2,2,0,2,2,1,0,0,1,0,1,4,5,34,688,639,1,0,7,47,3.5,2,0,175,73,223,4,18932
2025-07-05,argo,voice.app.features,MainActivity,onNewIntent,1,0,0.0,0,0.0,1,2,1,0,4,0,1,1,0.0,2,0,1,0,0.0,1,2.0,1,1,0.0,0,0.16666666666666666,0.5,102,50,0.0,4,6,2,4,0,3,7,1,2,0,0,1,1,1,6,0,9,0.6666666666666667,9,2.25,4,2,6,0,2,2,0,2,2,1,0,0,1,0,1,4,5,34,688,639,1,0,7,47,3.5,2,0,175,73,223,4,18932
2025-07-05,argo,voice.app.features,MainActivity,setupFromIntent,1,0,0.0,1,1.0,1,2,1,0,3,0,1,0,0.6666666666666666,0,2,0,3,2.0,0,2.5,1,0,0.0,0,0.16666666666666666,0.5,102,50,0.0,4,6,2,4,0,3,7,1,2,0,0,1,1,1,6,0,9,0.6666666666666667,9,2.25,4,2,6,0,2,2,0,2,2,1,0,0,1,0,1,4,5,34,688,639,1,0,7,47,3.5,2,0,175,73,223,4,18932
2025-07-05,argo,voice.app.features,MainActivity,goToBookIntent,4,1,0.0,8,0.9,1,2,1,0,23,2,4,0,1.0,0,0,0,11,0.0,1,2.142857142857143,0,0,0.0,0,0.16666666666666666,0.5,102,50,0.0,4,6,2,4,0,3,7,1,2,0,0,1,1,1,6,0,9,0.6666666666666667,9,2.25,4,2,6,0,2,2,0,2,2,1,0,0,1,0,1,4,5,34,688,639,1,1,7,47,3.5,2,0,175,73,223,4,18932
2025-07-05,argo,voice.app.features.imagepicker,CropOverlay,updateForSelectionState,1,0,0.0,0,0.0,0,0,3,0,7,0,1,0,1.0,0,5,1,1,5.0,0,2.0,0,1,0.0,0,0.3333333333333333,0.9166666666666666,230,148,0.25,12,15,3,1,2,6,9,0,13,0,2,12,0,0,3,0,26,0.8333333333333334,26,2.1666666666666665,12,3,15,0,3,9,0,3,1,1,0,0,0,0,0,13,13,34,688,639,1,0,4,50,2.75,12,0,313,73,223,12,18932
2025-07-05,argo,voice.app.features.imagepicker,CropOverlay,newCircle,1,0,0.0,1,1.0,0,0,3,0,1,0,1,0,0.0,0,0,0,5,0.0,0,3.5,0,0,0.0,0,0.3333333333333333,0.9166666666666666,230,148,0.25,12,15,3,1,2,6,9,0,13,0,2,12,0,0,3,0,26,0.8333333333333334,26,2.1666666666666665,12,3,15,0,3,9,0,3,1,1,0,0,0,0,0,13,13,34,688,639,1,0,4,50,2.75,12,0,313,73,223,12,18932
2025-07-05,argo,voice.app.features.imagepicker,CropOverlay,minRectSize,1,0,0.0,1,1.0,0,0,3,0,1,0,1,0,1.0,0,1,0,2,1.0,2,2.0,0,0,0.0,0,0.3333333333333333,0.9166666666666666,230,148,0.25,12,15,3,1,2,6,9,0,13,0,2,12,0,0,3,0,26,0.8333333333333334,26,2.1666666666666665,12,3,15,0,3,9,0,3,1,1,0,0,0,0,0,13,13,34,688,639,1,0,4,50,2.75,12,0,313,73,223,12,18932
2025-07-05,argo,voice.app.features.imagepicker,CropOverlay,inRangeOf,1,0,0.0,0,0.0,0,0,3,0,1,0,1,0,0.5,0,1,0,1,1.0,0,0.0,1,0,0.0,0,0.3333333333333333,0.9166666666666666,230,148,0.25,12,15,3,1,2,6,9,0,13,0,2,12,0,0,3,0,26,0.8333333333333334,26,2.1666666666666665,12,3,15,0,3,9,0,3,1,1,0,0,0,0,0,13,13,34,688,639,1,0,4,50,2.75,12,0,313,73,223,12,18932
2025-07-05,argo,voice.app.features.imagepicker,CropOverlay,asResizeType,3,3,0.0,0,0.0,0,0,3,0,12,1,3,4,1.0,0,1,0,0,0.33,0,2.0,0,0,0.0,0,0.3333333333333333,0.9166666666666666,230,148,0.25,12,15,3,1,2,6,9,0,13,0,2,12,0,0,3,0,26,0.8333333333333334,26,2.1666666666666665,12,3,15,0,3,9,0,3,1,1,0,0,0,0,0,13,13,34,688,639,1,0,4,50,2.75,12,0,313,73,223,12,18932
2025-07-05,argo,voice.app.features.imagepicker,CropOverlay,squareInset,1,0,0.0,0,0.0,0,0,3,0,3,0,1,0,0.0,0,0,1,1,0.0,0,0.0,1,1,0.0,0,0.3333333333333333,0.9166666666666666,230,148,0.25,12,15,3,1,2,6,9,0,13,0,2,12,0,0,3,0,26,0.8333333333333334,26,2.1666666666666665,12,3,15,0,3,9,0,3,1,1,0,0,0,0,0,13,13,34,688,639,1,0,4,50,2.75,12,0,313,73,223,12,18932
2025-07-05,argo,voice.app.features.imagepicker,CropOverlay,onTouchEvent,12,7,4.0,5,0.8333,0,0,3,0,54,4,12,2,0.8378378378378378,5,7,2,12,0.88,1,2.0,1,2,0.0,0,0.3333333333333333,0.9166666666666666,230,148,0.25,12,15,3,1,2,6,9,0,13,0,2,12,0,0,3,0,26,0.8333333333333334,26,2.1666666666666665,12,3,15,0,3,9,0,3,1,1,0,0,0,0,0,13,13,34,688,639,1,0,4,50,2.75,12,0,313,73,223,12,18932
2025-07-05,argo,voice.app.features.imagepicker,CropOverlay,preserveBounds,5,4,0.0,1,1.0,0,0,3,0,18,1,5,0,1.0,0,2,0,2,0.5,1,2.0,0,0,0.0,0,0.3333333333333333,0.9166666666666666,230,148,0.25,12,15,3,1,2,6,9,0,13,0,2,12,0,0,3,0,26,0.8333333333333334,26,2.1666666666666665,12,3,15,0,3,9,0,3,1,1,0,0,0,0,0,13,13,34,688,639,1,0,4,50,2.75,12,0,313,73,223,12,18932
2025-07-05,argo,voice.app.features.imagepicker,CropOverlay,preserveSize,3,7,2.0,1,1.0,0,0,3,0,15,1,3,1,1.0,2,3,0,6,0.5,2,2.0,0,0,0.0,0,0.3333333333333333,0.9166666666666666,230,148,0.25,12,15,3,1,2,6,9,0,13,0,2,12,0,0,3,0,26,0.8333333333333334,26,2.1666666666666665,12,3,15,0,3,9,0,3,1,1,0,0,0,0,0,13,13,34,688,639,1,0,4,50,2.75,12,0,313,73,223,12,18932
2025-07-05,argo,voice.app.features.imagepicker,CropOverlay,onSizeChanged,1,3,0.0,3,0.8333,0,0,3,0,10,0,1,0,0.5,1,3,0,9,0.43,1,2.125,4,0,0.0,0,0.3333333333333333,0.9166666666666666,230,148,0.25,12,15,3,1,2,6,9,0,13,0,2,12,0,0,3,0,26,0.8333333333333334,26,2.1666666666666665,12,3,15,0,3,9,0,3,1,1,0,0,0,0,0,13,13,34,688,639,1,0,4,50,2.75,12,0,313,73,223,12,18932
2025-07-05,argo,voice.app.features.imagepicker,CropOverlay,onDraw,3,8,1.0,4,1.0,0,0,3,0,22,2,3,4,0.782608695652174,2,8,0,11,0.89,1,2.0,1,0,0.0,0,0.3333333333333333,0.9166666666666666,230,148,0.25,12,15,3,1,2,6,9,0,13,0,2,12,0,0,3,0,26,0.8333333333333334,26,2.1666666666666665,12,3,15,0,3,9,0,3,1,1,0,0,0,0,0,13,13,34,688,639,1,0,4,50,2.75,12,0,313,73,223,12,18932
2025-07-05,argo,voice.app.features.imagepicker,CropOverlay,center,1,0,0.0,0,0.0,0,0,3,0,4,0,1,0,0.0,0,0,0,0,0.0,0,0.0,2,0,0.0,0,0.3333333333333333,0.9166666666666666,230,148,0.25,12,15,3,1,2,6,9,0,13,0,2,12,0,0,3,0,26,0.8333333333333334,26,2.1666666666666665,12,3,15,0,3,9,0,3,1,1,0,0,0,0,0,13,13,34,688,639,1,0,4,50,2.75,12,0,313,73,223,12,18932
2025-07-05,argo,voice.app.features.widget,BaseWidgetProvider,onReceive,1,0,0.0,1,1.0,1,0,1,0,4,0,1,0,0.0,1,0,1,1,0.0,1,2.0,2,1,0.0,0,0.3333333333333333,0.0,16,10,0.0,3,1,3,1,0,6,2,0,0,0,0,0,0,0,1,0,3,0.6666666666666667,3,1.0,3,3,1,0,3,0,0,3,0,1,0,0,0,0,0,3,3,34,688,639,3,0,1,3,1.0,15,0,361,73,223,18,18932
2025-07-05,argo,voice.app.features.widget,BaseWidgetProvider,onUpdate,1,0,0.0,1,1.0,1,0,1,0,3,0,1,0,1.0,0,1,0,1,0.33,1,2.0,3,0,0.0,0,0.3333333333333333,0.0,16,10,0.0,3,1,3,1,0,6,2,0,0,0,0,0,0,0,1,0,3,0.6666666666666667,3,1.0,3,3,1,0,3,0,0,3,0,1,0,0,0,0,0,3,3,34,688,639,3,0,1,3,1.0,15,0,361,73,223,18,18932
2025-07-05,argo,voice.app.features.widget,BaseWidgetProvider,onAppWidgetOptionsChanged,1,0,0.0,1,1.0,1,0,1,0,3,0,1,0,1.0,0,1,0,1,0.25,1,2.0,4,0,0.0,0,0.3333333333333333,0.0,16,10,0.0,3,1,3,1,0,6,2,0,0,0,0,0,0,0,1,0,3,0.6666666666666667,3,1.0,3,3,1,0,3,0,0,3,0,1,0,0,0,0,0,3,3,34,688,639,3,0,1,3,1.0,15,0,361,73,223,18,18932
2025-07-05,argo,voice.app.features.widget,TriggerWidgetOnChange,init,1,0,1.0,1,1.0,0,0,1,0,3,0,1,1,0.0,1,0,1,3,0.0,0,2.0,0,1,0.0,0,0.0,0.2,21,15,0.4,5,0,0,0,0,4,1,0,0,0,0,0,0,0,0,0,5,1.0,5,1.0,5,0,0,0,1,4,0,1,0,1,0,0,0,0,0,5,5,34,688,639,3,0,1,20,1.0,15,0,361,73,223,18,18932
2025-07-05,argo,voice.app.features.widget,TriggerWidgetOnChange,anythingChanged,1,0,3.0,0,0.0,0,0,1,0,3,0,1,2,0.0,3,0,0,1,0.0,0,0.0,0,0,0.0,0,0.0,0.2,21,15,0.4,5,0,0,0,0,4,1,0,0,0,0,0,0,0,0,0,5,1.0,5,1.0,5,0,0,0,1,4,0,1,0,1,0,0,0,0,0,5,5,34,688,639,3,0,1,20,1.0,15,0,361,73,223,18,18932
2025-07-05,argo,voice.app.features.widget,TriggerWidgetOnChange,bookIdChanged,1,0,0.0,1,1.0,0,0,1,0,3,0,1,0,0.0,0,0,0,2,0.0,0,3.0,0,0,0.0,0,0.0,0.2,21,15,0.4,5,0,0,0,0,4,1,0,0,0,0,0,0,0,0,0,5,1.0,5,1.0,5,0,0,0,1,4,0,1,0,1,0,0,0,0,0,5,5,34,688,639,3,0,1,20,1.0,15,0,361,73,223,18,18932
2025-07-05,argo,voice.app.features.widget,TriggerWidgetOnChange,playStateChanged,1,0,0.0,0,0.0,0,0,1,0,3,0,1,0,0.0,0,0,0,0,0.0,0,2.0,0,0,0.0,0,0.0,0.2,21,15,0.4,5,0,0,0,0,4,1,0,0,0,0,0,0,0,0,0,5,1.0,5,1.0,5,0,0,0,1,4,0,1,0,1,0,0,0,0,0,5,5,34,688,639,3,0,1,20,1.0,15,0,361,73,223,18,18932
2025-07-05,argo,voice.app.features.widget,TriggerWidgetOnChange,currentBookChanged,1,0,0.0,1,1.0,0,0,1,0,3,0,1,0,0.0,0,0,0,14,0.0,0,2.7777777777777777,0,0,0.0,0,0.0,0.2,21,15,0.4,5,0,0,0,0,4,1,0,0,0,0,0,0,0,0,0,5,1.0,5,1.0,5,0,0,0,1,4,0,1,0,1,0,0,0,0,0,5,5,34,688,639,3,0,1,20,1.0,15,0,361,73,223,18,18932
2025-07-05,argo,voice.app.features.widget,WidgetUpdater,update,2,3,1.0,3,1.0,0,3,1,0,10,1,2,2,1.0,1,2,0,8,0.67,1,2.3333333333333335,0,0,0.0,0,0.08888888888888889,0.9,139,82,0.42857142857142855,10,3,0,0,0,6,6,0,3,0,0,3,0,0,0,0,19,0.8222222222222222,19,1.9,10,0,3,0,1,9,0,1,0,1,0,0,0,0,0,10,10,34,688,639,3,0,7,117,2.7,15,0,361,73,223,18,18932
2025-07-05,argo,voice.app.features.widget,WidgetUpdater,updateWidgetForId,3,0,2.0,0,0.0,0,3,1,0,7,1,3,2,0.0,2,0,0,1,0.0,0,0.0,2,0,0.0,0,0.08888888888888889,0.9,139,82,0.42857142857142855,10,3,0,0,0,6,6,0,3,0,0,3,0,0,0,0,19,0.8222222222222222,19,1.9,10,0,3,0,1,9,0,1,0,1,0,0,0,0,0,10,10,34,688,639,3,0,7,117,2.7,15,0,361,73,223,18,18932
2025-07-05,argo,voice.app.features.widget,WidgetUpdater,initWidgetForPresentBook,2,4,3.0,4,1.0,0,3,1,0,11,1,2,4,0.2857142857142857,4,1,1,11,0.17,1,2.6,2,1,0.0,0,0.08888888888888889,0.9,139,82,0.42857142857142855,10,3,0,0,0,6,6,0,3,0,0,3,0,0,0,0,19,0.8222222222222222,19,1.9,10,0,3,0,1,9,0,1,0,1,0,0,0,0,0,10,10,34,688,639,3,0,7,117,2.7,15,0,361,73,223,18,18932
2025-07-05,argo,voice.app.features.widget,WidgetUpdater,widgetWidth,3,2,0.0,2,1.0,0,3,1,0,9,0,3,0,0.5,0,1,0,4,0.33,1,2.25,1,0,0.0,0,0.08888888888888889,0.9,139,82,0.42857142857142855,10,3,0,0,0,6,6,0,3,0,0,3,0,0,0,0,19,0.8222222222222222,19,1.9,10,0,3,0,1,9,0,1,0,1,0,0,0,0,0,10,10,34,688,639,3,0,7,117,2.7,15,0,361,73,223,18,18932
2025-07-05,argo,voice.app.features.widget,WidgetUpdater,widgetHeight,3,2,0.0,2,1.0,0,3,1,0,9,0,3,0,0.5,0,1,0,4,0.33,1,2.25,1,0,0.0,0,0.08888888888888889,0.9,139,82,0.42857142857142855,10,3,0,0,0,6,6,0,3,0,0,3,0,0,0,0,19,0.8222222222222222,19,1.9,10,0,3,0,1,9,0,1,0,1,0,0,0,0,0,10,10,34,688,639,3,0,7,117,2.7,15,0,361,73,223,18,18932
2025-07-05,argo,voice.app.features.widget,WidgetUpdater,initWidgetForAbsentBook,1,3,0.0,6,0.8333,0,3,1,0,9,0,1,0,0.5,0,1,1,18,0.25,1,2.5,1,1,0.0,0,0.08888888888888889,0.9,139,82,0.42857142857142855,10,3,0,0,0,6,6,0,3,0,0,3,0,0,0,0,19,0.8222222222222222,19,1.9,10,0,3,0,1,9,0,1,0,1,0,0,0,0,0,10,10,34,688,639,3,0,7,117,2.7,15,0,361,73,223,18,18932
2025-07-05,argo,voice.app.features.widget,WidgetUpdater,initElements,5,9,0.0,9,0.7273,0,3,1,0,27,1,5,0,0.0,0,0,1,49,0.0,1,3.4,3,1,0.0,0,0.08888888888888889,0.9,139,82,0.42857142857142855,10,3,0,0,0,6,6,0,3,0,0,3,0,0,0,0,19,0.8222222222222222,19,1.9,10,0,3,0,1,9,0,1,0,1,0,0,0,0,0,10,10,34,688,639,3,0,7,117,2.7,15,0,361,73,223,18,18932
2025-07-05,argo,voice.app.features.widget,WidgetUpdater,setVisibilities,1,0,0.0,0,0.0,0,3,1,0,4,0,1,2,0.0,2,0,2,0,0.0,0,0.0,4,2,0.0,0,0.08888888888888889,0.9,139,82,0.42857142857142855,10,3,0,0,0,6,6,0,3,0,0,3,0,0,0,0,19,0.8222222222222222,19,1.9,10,0,3,0,1,9,0,1,0,1,0,0,0,0,0,10,10,34,688,639,3,0,7,117,2.7,15,0,361,73,223,18,18932
2025-07-05,argo,voice.app.features.widget,WidgetUpdater,setHorizontalVisibility,4,2,0.0,2,1.0,0,3,1,0,18,1,4,3,0.0,0,0,1,9,0.0,1,2.923076923076923,3,1,0.0,0,0.08888888888888889,0.9,139,82,0.42857142857142855,10,3,0,0,0,6,6,0,3,0,0,3,0,0,0,0,19,0.8222222222222222,19,1.9,10,0,3,0,1,9,0,1,0,1,0,0,0,0,0,10,10,34,688,639,3,0,7,117,2.7,15,0,361,73,223,18,18932
2025-07-05,argo,voice.app.features.widget,WidgetUpdater,setVerticalVisibility,3,4,0.0,3,1.0,0,3,1,0,15,1,3,2,0.0,0,0,1,13,0.0,1,3.272727272727273,3,1,0.0,0,0.08888888888888889,0.9,139,82,0.42857142857142855,10,3,0,0,0,6,6,0,3,0,0,3,0,0,0,0,19,0.8222222222222222,19,1.9,10,0,3,0,1,9,0,1,0,1,0,0,0,0,0,10,10,34,688,639,3,0,7,117,2.7,15,0,361,73,223,18,18932
2025-07-05,argo,voice.app.injection,App,onCreate,4,1,0.0,9,1.0,1,0,1,0,14,1,4,0,1.0,1,3,4,17,3.0,2,2.5,0,3,0.0,0,0.0,1.0,22,14,0.0,1,3,1,3,0,0,5,0,0,0,0,0,0,0,3,0,2,0.0,2,2.0,1,1,3,0,1,0,0,1,1,1,0,0,0,0,0,1,1,34,688,639,2,0,4,17,4.0,7,1,368,73,223,1,18932
2025-07-05,argo,voice.app.misc,MainActivityIntentProviderImpl,toCurrentBook,1,1,0.0,2,1.0,0,0,1,1,4,0,1,0,0.0,0,0,0,4,0.0,1,2.0,0,0,0.0,0,0.0,1.0,6,4,0.0,1,0,1,1,0,1,0,0,0,0,0,0,0,0,0,0,1,0.0,1,1.0,1,1,0,0,1,0,0,1,0,1,0,0,0,0,0,1,1,34,688,639,5,0,0,4,1.0,15,0,365,73,223,15,18932
2025-07-05,argo,voice.app.misc.conductor,ChangeHandlerCoordinatorLayout,onInterceptTouchEvent,1,0,0.0,0,0.0,2,0,1,3,1,0,1,0,0.5,1,1,0,0,1.0,1,2.0,1,0,0.0,0,1.0,0.6666666666666666,19,7,0.0,3,1,3,1,0,5,1,0,1,0,0,0,0,0,1,0,3,1.0,3,1.0,3,3,1,0,3,0,0,3,0,1,0,0,0,0,0,3,3,34,688,639,1,0,0,0,1.0,4,0,64,73,223,3,18932
2025-07-05,argo,voice.app.misc.conductor,ChangeHandlerCoordinatorLayout,onChangeStarted,1,0,0.0,0,0.0,2,0,1,3,3,0,1,0,1.0,0,1,0,0,0.2,0,0.0,5,0,0.0,0,1.0,0.6666666666666666,19,7,0.0,3,1,3,1,0,5,1,0,1,0,0,0,0,0,1,0,3,1.0,3,1.0,3,3,1,0,3,0,0,3,0,1,0,0,0,0,0,3,3,34,688,639,1,0,0,0,1.0,4,0,64,73,223,3,18932
2025-07-05,argo,voice.app.misc.conductor,ChangeHandlerCoordinatorLayout,onChangeCompleted,1,0,0.0,0,0.0,2,0,1,3,3,0,1,0,1.0,0,1,0,0,0.2,0,0.0,5,0,0.0,0,1.0,0.6666666666666666,19,7,0.0,3,1,3,1,0,5,1,0,1,0,0,0,0,0,1,0,3,1.0,3,1.0,3,3,1,0,3,0,0,3,0,1,0,0,0,0,0,3,3,34,688,639,1,0,0,0,1.0,4,0,64,73,223,3,18932
2025-07-05,argo,voice.app.uitools,CropTransformation,transform,1,1,1.0,2,1.0,0,0,1,0,5,0,1,1,0.7142857142857143,1,1,1,8,0.5,0,2.142857142857143,2,1,0.0,0,1.0,1.0,13,6,0.5,2,2,1,1,0,4,1,0,1,0,0,2,0,0,0,0,2,1.0,2,1.0,2,1,2,0,1,1,0,1,0,1,0,0,0,0,0,2,2,34,688,639,2,0,1,14,1.0,4,0,115,73,223,2,18932
2025-07-05,argo,voice.app.uitools,CropTransformation,scaleRect,1,0,0.0,1,1.0,0,0,1,0,1,0,1,0,0.5555555555555556,0,0,0,6,0.5,0,2.125,2,0,0.0,0,1.0,1.0,13,6,0.5,2,2,1,1,0,4,1,0,1,0,0,2,0,0,0,0,2,1.0,2,1.0,2,1,2,0,1,1,0,1,0,1,0,0,0,0,0,2,2,34,688,639,2,0,1,14,1.0,4,0,115,73,223,2,18932
2025-07-05,argo,voice.app.misc,FormatTimeKtTest,withSeconds_noDuration_no_hours_multipleDigits,4,2,1.0,0,0.0,0,0,1,0,5,1,4,2,0.0,1,0,0,2,0.0,0,0.0,0,0,0.0,0,0.0,1.0,35,28,0.6666666666666666,6,0,0,0,0,1,1,0,0,0,0,0,0,0,0,0,11,0.33333333333333337,11,1.8333333333333333,6,0,0,0,5,1,0,5,0,1,0,0,0,0,0,6,6,34,688,639,5,0,0,16,3.5,15,0,365,73,223,15,18932
2025-07-05,argo,voice.app.misc,FormatTimeKtTest,withSeconds_noDuration_no_hours_singleDigit,4,2,1.0,0,0.0,0,0,1,0,5,1,4,2,0.0,1,0,0,2,0.0,0,0.0,0,0,0.0,0,0.0,1.0,35,28,0.6666666666666666,6,0,0,0,0,1,1,0,0,0,0,0,0,0,0,0,11,0.33333333333333337,11,1.8333333333333333,6,0,0,0,5,1,0,5,0,1,0,0,0,0,0,6,6,34,688,639,5,0,0,16,3.5,15,0,365,73,223,15,18932
2025-07-05,argo,voice.app.misc,FormatTimeKtTest,withSeconds_noDuration_with_hours_multipleDigits,4,2,1.0,0,0.0,0,0,1,0,5,1,4,2,0.0,1,0,0,2,0.0,0,0.0,0,0,0.0,0,0.0,1.0,35,28,0.6666666666666666,6,0,0,0,0,1,1,0,0,0,0,0,0,0,0,0,11,0.33333333333333337,11,1.8333333333333333,6,0,0,0,5,1,0,5,0,1,0,0,0,0,0,6,6,34,688,639,5,0,0,16,3.5,15,0,365,73,223,15,18932
2025-07-05,argo,voice.app.misc,FormatTimeKtTest,withDuration_andSeconds,4,3,1.0,0,0.0,0,0,1,0,6,1,4,2,0.0,1,0,0,3,0.0,0,0.0,0,0,0.0,0,0.0,1.0,35,28,0.6666666666666666,6,0,0,0,0,1,1,0,0,0,0,0,0,0,0,0,11,0.33333333333333337,11,1.8333333333333333,6,0,0,0,5,1,0,5,0,1,0,0,0,0,0,6,6,34,688,639,5,0,0,16,3.5,15,0,365,73,223,15,18932
2025-07-05,argo,voice.app.misc,FormatTimeKtTest,zero,4,1,0.0,0,0.0,0,0,1,0,4,1,4,0,0.0,0,0,0,1,0.0,0,0.0,0,0,0.0,0,0.0,1.0,35,28,0.6666666666666666,6,0,0,0,0,1,1,0,0,0,0,0,0,0,0,0,11,0.33333333333333337,11,1.8333333333333333,6,0,0,0,5,1,0,5,0,1,0,0,0,0,0,6,6,34,688,639,5,0,0,16,3.5,15,0,365,73,223,15,18932
2025-07-05,argo,voice.app.misc,FormatTimeKtTest,ms,1,0,0.0,1,1.0,0,0,1,0,3,0,1,0,0.0,0,0,0,6,0.0,0,3.0,3,0,0.0,0,0.0,1.0,35,28,0.6666666666666666,6,0,0,0,0,1,1,0,0,0,0,0,0,0,0,0,11,0.33333333333333337,11,1.8333333333333333,6,0,0,0,5,1,0,5,0,1,0,0,0,0,0,6,6,34,688,639,5,0,0,16,3.5,15,0,365,73,223,15,18932
2025-07-05,argo,voice.bookmark,BookmarkViewModel,viewState,7,5,0.0,9,1.0,0,0,2,0,26,1,7,0,1.0,0,4,1,30,1.0,1,2.4583333333333335,0,1,0.0,0,0.4888888888888889,0.9,99,74,0.1,10,5,0,0,0,3,4,0,5,0,0,1,0,0,4,0,13,0.5111111111111111,13,1.3,10,0,5,0,10,0,0,10,0,1,0,0,0,0,0,11,11,34,688,639,6,0,7,48,1.7,15,2,532,73,223,10,18932
2025-07-05,argo,voice.bookmark,BookmarkViewModel,deleteBookmark,1,0,0.0,0,0.0,0,0,2,0,6,0,1,0,0.5,1,2,0,1,2.0,1,2.0,1,0,0.0,0,0.4888888888888889,0.9,99,74,0.1,10,5,0,0,0,3,4,0,5,0,0,1,0,0,4,0,13,0.5111111111111111,13,1.3,10,0,5,0,10,0,0,10,0,1,0,0,0,0,0,11,11,34,688,639,6,0,7,48,1.7,15,2,532,73,223,10,18932
2025-07-05,argo,voice.bookmark,BookmarkViewModel,selectBookmark,2,2,0.0,3,0.6667,0,0,2,0,10,1,2,0,0.5,0,2,2,6,0.67,1,2.2,1,2,0.0,0,0.4888888888888889,0.9,99,74,0.1,10,5,0,0,0,3,4,0,5,0,0,1,0,0,4,0,13,0.5111111111111111,13,1.3,10,0,5,0,10,0,0,10,0,1,0,0,0,0,0,11,11,34,688,639,6,0,7,48,1.7,15,2,532,73,223,10,18932
2025-07-05,argo,voice.bookmark,BookmarkViewModel,editBookmark,1,2,1.0,2,1.0,0,0,2,0,8,0,1,0,0.5,1,2,0,4,0.5,1,2.111111111111111,2,0,0.0,0,0.4888888888888889,0.9,99,74,0.1,10,5,0,0,0,3,4,0,5,0,0,1,0,0,4,0,13,0.5111111111111111,13,1.3,10,0,5,0,10,0,0,10,0,1,0,0,0,0,0,11,11,34,688,639,6,0,7,48,1.7,15,2,532,73,223,10,18932
2025-07-05,argo,voice.bookmark,BookmarkViewModel,addBookmark,1,2,0.0,3,1.0,0,0,2,0,8,0,1,0,0.8,0,3,0,4,1.0,1,2.0,1,0,0.0,0,0.4888888888888889,0.9,99,74,0.1,10,5,0,0,0,3,4,0,5,0,0,1,0,0,4,0,13,0.5111111111111111,13,1.3,10,0,5,0,10,0,0,10,0,1,0,0,0,0,0,11,11,34,688,639,6,0,7,48,1.7,15,2,532,73,223,10,18932
2025-07-05,argo,voice.bookmark,BookmarkViewModel,onScrollConfirm,1,0,0.0,0,0.0,0,0,2,0,3,0,1,0,1.0,0,1,0,0,1.0,0,0.0,0,0,0.0,0,0.4888888888888889,0.9,99,74,0.1,10,5,0,0,0,3,4,0,5,0,0,1,0,0,4,0,13,0.5111111111111111,13,1.3,10,0,5,0,10,0,0,10,0,1,0,0,0,0,0,11,11,34,688,639,6,0,7,48,1.7,15,2,532,73,223,10,18932
2025-07-05,argo,voice.bookmark,BookmarkViewModel,closeDialog,1,0,0.0,0,0.0,0,0,2,0,3,0,1,0,1.0,0,1,1,0,1.0,0,2.0,0,0,0.0,0,0.4888888888888889,0.9,99,74,0.1,10,5,0,0,0,3,4,0,5,0,0,1,0,0,4,0,13,0.5111111111111111,13,1.3,10,0,5,0,10,0,0,10,0,1,0,0,0,0,0,11,11,34,688,639,6,0,7,48,1.7,15,2,532,73,223,10,18932
2025-07-05,argo,voice.bookmark,BookmarkViewModel,onAddClick,1,0,0.0,0,0.0,0,0,2,0,3,0,1,0,1.0,0,1,1,0,1.0,0,2.0,0,0,0.0,0,0.4888888888888889,0.9,99,74,0.1,10,5,0,0,0,3,4,0,5,0,0,1,0,0,4,0,13,0.5111111111111111,13,1.3,10,0,5,0,10,0,0,10,0,1,0,0,0,0,0,11,11,34,688,639,6,0,7,48,1.7,15,2,532,73,223,10,18932
2025-07-05,argo,voice.bookmark,BookmarkViewModel,onEditClick,1,1,0.0,1,1.0,0,0,2,0,4,0,1,0,0.4,0,2,1,2,1.0,0,2.0,1,0,0.0,0,0.4888888888888889,0.9,99,74,0.1,10,5,0,0,0,3,4,0,5,0,0,1,0,0,4,0,13,0.5111111111111111,13,1.3,10,0,5,0,10,0,0,10,0,1,0,0,0,0,0,11,11,34,688,639,6,0,7,48,1.7,15,2,532,73,223,10,18932
2025-07-05,argo,voice.bookmark,BookmarkViewModel,closeScreen,1,0,0.0,1,1.0,0,0,2,0,3,0,1,0,0.0,0,0,1,1,0.0,1,2.0,0,1,0.0,0,0.4888888888888889,0.9,99,74,0.1,10,5,0,0,0,3,4,0,5,0,0,1,0,0,4,0,13,0.5111111111111111,13,1.3,10,0,5,0,10,0,0,10,0,1,0,0,0,0,0,11,11,34,688,639,6,0,7,48,1.7,15,2,532,73,223,10,18932
2025-07-05,argo,voice.bookOverview.bottomSheet,BottomSheetViewModel,bookSelected,1,1,0.0,2,1.0,0,0,1,1,7,0,1,0,1.0,0,2,0,5,2.0,1,2.1666666666666665,1,0,0.0,0,1.0,1.0,23,11,0.0,2,4,0,0,1,2,1,0,2,0,2,3,0,0,1,0,2,0.0,2,1.0,2,0,4,0,0,0,0,0,0,1,0,0,0,0,0,2,2,34,688,639,4,0,0,8,1.0,5,1,125,73,223,2,18932
2025-07-05,argo,voice.bookOverview.bottomSheet,BottomSheetViewModel,onItemClick,1,1,0.0,1,1.0,0,0,1,1,4,0,1,0,0.8,1,1,0,3,1.0,0,2.0,1,0,0.0,0,1.0,1.0,23,11,0.0,2,4,0,0,1,2,1,0,2,0,2,3,0,0,1,0,2,0.0,2,1.0,2,0,4,0,0,0,0,0,0,1,0,0,0,0,0,2,2,34,688,639,4,0,0,8,1.0,5,1,125,73,223,2,18932
2025-07-05,argo,voice.bookOverview.deleteBook,DeleteBookViewModel,items,1,0,0.0,1,1.0,0,0,1,0,3,0,1,0,0.0,0,0,0,1,0.0,0,2.0,1,0,0.0,0,0.6,0.8,48,36,0.0,5,3,2,1,0,4,0,0,2,0,1,3,0,0,0,0,8,0.4,8,1.6,5,2,4,0,2,0,0,2,0,2,0,0,0,0,0,5,5,34,688,639,2,0,1,21,0.0,6,0,176,73,223,5,18932
2025-07-05,argo,voice.bookOverview.deleteBook,DeleteBookViewModel,onItemClick,5,1,0.0,6,1.0,0,0,1,0,12,2,5,0,0.25,0,1,1,10,0.67,2,2.4285714285714284,2,0,0.0,0,0.6,0.8,48,36,0.0,5,3,2,1,0,4,0,0,2,0,1,3,0,0,0,0,8,0.4,8,1.6,5,2,4,0,2,0,0,2,0,2,0,0,0,0,0,5,5,34,688,639,2,0,1,21,0.0,6,0,176,73,223,5,18932
2025-07-05,argo,voice.bookOverview.deleteBook,DeleteBookViewModel,onDismiss,1,0,0.0,0,0.0,0,0,1,0,3,0,1,0,1.0,0,1,0,0,2.0,0,2.0,0,0,0.0,0,0.6,0.8,48,36,0.0,5,3,2,1,0,4,0,0,2,0,1,3,0,0,0,0,8,0.4,8,1.6,5,2,4,0,2,0,0,2,0,2,0,0,0,0,0,5,5,34,688,639,2,0,1,21,0.0,6,0,176,73,223,5,18932
2025-07-05,argo,voice.bookOverview.deleteBook,DeleteBookViewModel,onDeleteCheckBoxCheck,1,0,0.0,1,1.0,0,0,1,0,3,0,1,0,0.6666666666666666,0,1,0,3,2.0,0,2.5,1,0,0.0,0,0.6,0.8,48,36,0.0,5,3,2,1,0,4,0,0,2,0,1,3,0,0,0,0,8,0.4,8,1.6,5,2,4,0,2,0,0,2,0,2,0,0,0,0,0,5,5,34,688,639,2,0,1,21,0.0,6,0,176,73,223,5,18932
2025-07-05,argo,voice.bookOverview.deleteBook,DeleteBookViewModel,onConfirmDeletion,4,3,0.0,5,1.0,0,0,1,0,15,1,4,0,1.0,0,2,0,7,1.0,1,2.111111111111111,0,0,0.0,0,0.6,0.8,48,36,0.0,5,3,2,1,0,4,0,0,2,0,1,3,0,0,0,0,8,0.4,8,1.6,5,2,4,0,2,0,0,2,0,2,0,0,0,0,0,5,5,34,688,639,2,0,1,21,0.0,6,0,176,73,223,5,18932
2025-07-05,argo,voice.bookOverview.editBookCategory,EditBookCategoryViewModel,items,2,1,0.0,5,0.6,0,0,1,1,8,0,2,0,0.0,0,0,0,9,0.0,1,2.0,1,0,0.0,0,0.0,1.0,28,25,0.0,2,0,2,1,0,3,1,0,0,0,0,0,0,0,0,0,2,0.0,2,1.0,2,2,0,0,2,0,0,2,0,1,0,0,0,0,0,2,2,34,688,639,1,0,1,20,2.5,2,0,71,73,223,2,18932
2025-07-05,argo,voice.bookOverview.editBookCategory,EditBookCategoryViewModel,onItemClick,3,3,0.0,3,1.0,0,0,1,1,17,1,3,0,0.0,0,0,1,11,0.0,1,2.5,2,1,0.0,0,0.0,1.0,28,25,0.0,2,0,2,1,0,3,1,0,0,0,0,0,0,0,0,0,2,0.0,2,1.0,2,2,0,0,2,0,0,2,0,1,0,0,0,0,0,2,2,34,688,639,1,0,1,20,2.5,2,0,71,73,223,2,18932
2025-07-05,argo,voice.bookOverview.editTitle,EditBookTitleViewModel,items,1,0,0.0,1,1.0,0,0,1,1,3,0,1,0,0.0,0,0,0,1,0.0,0,2.0,1,0,0.0,0,0.6,0.8,34,22,0.0,5,3,2,1,0,4,0,0,2,0,1,3,0,0,0,0,7,0.4,7,1.4,5,2,3,0,2,0,0,2,0,1,0,0,0,0,0,5,5,34,688,639,2,0,1,17,1.4,6,0,127,73,223,5,18932
2025-07-05,argo,voice.bookOverview.editTitle,EditBookTitleViewModel,onItemClick,2,1,0.0,3,1.0,0,0,1,1,5,1,2,0,0.2,0,1,1,5,0.67,1,2.25,2,0,0.0,0,0.6,0.8,34,22,0.0,5,3,2,1,0,4,0,0,2,0,1,3,0,0,0,0,7,0.4,7,1.4,5,2,3,0,2,0,0,2,0,1,0,0,0,0,0,5,5,34,688,639,2,0,1,17,1.4,6,0,127,73,223,5,18932
2025-07-05,argo,voice.bookOverview.editTitle,EditBookTitleViewModel,onDismissEditTitle,1,0,0.0,0,0.0,0,0,1,1,3,0,1,0,1.0,0,1,0,0,2.0,0,2.0,0,0,0.0,0,0.6,0.8,34,22,0.0,5,3,2,1,0,4,0,0,2,0,1,3,0,0,0,0,7,0.4,7,1.4,5,2,3,0,2,0,0,2,0,1,0,0,0,0,0,5,5,34,688,639,2,0,1,17,1.4,6,0,127,73,223,5,18932
2025-07-05,argo,voice.bookOverview.editTitle,EditBookTitleViewModel,onUpdateEditTitle,1,0,0.0,1,1.0,0,0,1,1,3,0,1,0,0.5,0,1,0,3,2.0,0,2.5,1,0,0.0,0,0.6,0.8,34,22,0.0,5,3,2,1,0,4,0,0,2,0,1,3,0,0,0,0,7,0.4,7,1.4,5,2,3,0,2,0,0,2,0,1,0,0,0,0,0,5,5,34,688,639,2,0,1,17,1.4,6,0,127,73,223,5,18932
2025-07-05,argo,voice.bookOverview.editTitle,EditBookTitleViewModel,onConfirmEditTitle,2,1,0.0,2,1.0,0,0,1,1,8,1,2,0,1.0,0,2,0,8,3.0,0,2.2857142857142856,0,0,0.0,0,0.6,0.8,34,22,0.0,5,3,2,1,0,4,0,0,2,0,1,3,0,0,0,0,7,0.4,7,1.4,5,2,3,0,2,0,0,2,0,1,0,0,0,0,0,5,5,34,688,639,2,0,1,17,1.4,6,0,127,73,223,5,18932
2025-07-05,argo,voice.bookOverview.fileCover,FileCoverViewModel,items,1,0,0.0,1,1.0,0,0,1,1,3,0,1,0,0.0,0,0,0,1,0.0,0,2.0,1,0,0.0,0,0.3333333333333333,0.6666666666666666,18,12,0.0,3,1,2,1,0,4,1,0,1,0,0,0,0,0,1,0,4,0.6666666666666667,4,1.3333333333333333,3,2,1,0,3,0,0,3,0,1,0,0,0,0,0,3,3,34,688,639,1,0,1,4,1.3333333333333333,3,0,40,73,223,3,18932
2025-07-05,argo,voice.bookOverview.fileCover,FileCoverViewModel,onItemClick,2,0,0.0,1,1.0,0,0,1,1,5,1,2,0,0.6666666666666666,0,0,0,1,0.5,0,2.0,2,0,0.0,0,0.3333333333333333,0.6666666666666666,18,12,0.0,3,1,2,1,0,4,1,0,1,0,0,0,0,0,1,0,4,0.6666666666666667,4,1.3333333333333333,3,2,1,0,3,0,0,3,0,1,0,0,0,0,0,3,3,34,688,639,1,0,1,4,1.3333333333333333,3,0,40,73,223,3,18932
2025-07-05,argo,voice.bookOverview.fileCover,FileCoverViewModel,onImagePicked,1,1,0.0,1,1.0,0,0,1,1,4,0,1,0,0.75,0,0,1,2,0.5,0,3.0,1,1,0.0,0,0.3333333333333333,0.6666666666666666,18,12,0.0,3,1,2,1,0,4,1,0,1,0,0,0,0,0,1,0,4,0.6666666666666667,4,1.3333333333333333,3,2,1,0,3,0,0,3,0,1,0,0,0,0,0,3,3,34,688,639,1,0,1,4,1.3333333333333333,3,0,40,73,223,3,18932
2025-07-05,argo,voice.bookOverview.internetCover,InternetCoverViewModel,items,1,0,0.0,1,1.0,0,0,1,1,3,0,1,0,0.0,0,0,0,1,0.0,0,2.0,1,0,0.0,0,0.0,0.5,11,8,0.0,2,0,2,1,0,3,0,0,0,0,0,0,0,0,0,0,3,1.0,3,1.5,2,2,0,0,2,0,0,2,0,1,0,0,0,0,0,2,2,34,688,639,1,0,0,4,1.5,2,0,32,73,223,2,18932
2025-07-05,argo,voice.bookOverview.internetCover,InternetCoverViewModel,onItemClick,2,0,0.0,2,1.0,0,0,1,1,5,1,2,0,0.0,0,0,0,3,0.0,0,2.5,2,0,0.0,0,0.0,0.5,11,8,0.0,2,0,2,1,0,3,0,0,0,0,0,0,0,0,0,0,3,1.0,3,1.5,2,2,0,0,2,0,0,2,0,1,0,0,0,0,0,2,2,34,688,639,1,0,0,4,1.5,2,0,32,73,223,2,18932
2025-07-05,argo,voice.bookOverview.overview,BookOverviewViewModel,attach,1,0,0.0,1,1.0,0,0,1,0,3,0,1,0,0.0,0,0,1,1,0.0,1,2.0,0,1,0.0,0,0.1282051282051282,0.46153846153846156,111,91,0.07692307692307693,13,3,0,0,0,6,4,0,3,0,0,1,0,0,2,0,16,0.8717948717948718,16,1.2307692307692308,13,0,3,0,11,1,0,11,0,1,0,0,0,0,0,13,13,34,688,639,5,0,8,81,2.076923076923077,15,0,384,73,223,13,18932
2025-07-05,argo,voice.bookOverview.overview,BookOverviewViewModel,state,8,12,1.0,11,1.0,0,0,1,0,31,0,8,3,1.0,1,1,0,36,0.08,1,2.2,0,0,0.0,0,0.1282051282051282,0.46153846153846156,111,91,0.07692307692307693,13,3,0,0,0,6,4,0,3,0,0,1,0,0,2,0,16,0.8717948717948718,16,1.2307692307692308,13,0,3,0,11,1,0,11,0,1,0,0,0,0,0,13,13,34,688,639,5,0,8,81,2.076923076923077,15,0,384,73,223,13,18932
2025-07-05,argo,voice.bookOverview.overview,BookOverviewViewModel,bookSearchViewState,5,4,0.0,6,0.8571,0,0,1,0,17,0,5,2,0.8333333333333334,0,2,0,19,0.5,1,2.2666666666666666,1,0,0.0,0,0.1282051282051282,0.46153846153846156,111,91,0.07692307692307693,13,3,0,0,0,6,4,0,3,0,0,1,0,0,2,0,16,0.8717948717948718,16,1.2307692307692308,13,0,3,0,11,1,0,11,0,1,0,0,0,0,0,13,13,34,688,639,5,0,8,81,2.076923076923077,15,0,384,73,223,13,18932
2025-07-05,argo,voice.bookOverview.overview,BookOverviewViewModel,onSettingsClick,1,0,0.0,1,1.0,0,0,1,0,3,0,1,0,0.0,0,0,1,2,0.0,0,3.0,0,1,0.0,0,0.1282051282051282,0.46153846153846156,111,91,0.07692307692307693,13,3,0,0,0,6,4,0,3,0,0,1,0,0,2,0,16,0.8717948717948718,16,1.2307692307692308,13,0,3,0,11,1,0,11,0,1,0,0,0,0,0,13,13,34,688,639,5,0,8,81,2.076923076923077,15,0,384,73,223,13,18932
2025-07-05,argo,voice.bookOverview.overview,BookOverviewViewModel,onBookClick,1,0,0.0,1,1.0,0,0,1,0,3,0,1,0,0.0,0,0,1,2,0.0,0,3.0,1,1,0.0,0,0.1282051282051282,0.46153846153846156,111,91,0.07692307692307693,13,3,0,0,0,6,4,0,3,0,0,1,0,0,2,0,16,0.8717948717948718,16,1.2307692307692308,13,0,3,0,11,1,0,11,0,1,0,0,0,0,0,13,13,34,688,639,5,0,8,81,2.076923076923077,15,0,384,73,223,13,18932
2025-07-05,argo,voice.bookOverview.overview,BookOverviewViewModel,onBookFolderClick,1,0,0.0,1,1.0,0,0,1,0,3,0,1,0,0.0,0,0,1,2,0.0,0,3.0,0,1,0.0,0,0.1282051282051282,0.46153846153846156,111,91,0.07692307692307693,13,3,0,0,0,6,4,0,3,0,0,1,0,0,2,0,16,0.8717948717948718,16,1.2307692307692308,13,0,3,0,11,1,0,11,0,1,0,0,0,0,0,13,13,34,688,639,5,0,8,81,2.076923076923077,15,0,384,73,223,13,18932
2025-07-05,argo,voice.bookOverview.overview,BookOverviewViewModel,onBookMigrationClick,1,0,0.0,1,1.0,0,0,1,0,3,0,1,0,0.0,0,0,1,2,0.0,0,3.0,0,1,0.0,0,0.1282051282051282,0.46153846153846156,111,91,0.07692307692307693,13,3,0,0,0,6,4,0,3,0,0,1,0,0,2,0,16,0.8717948717948718,16,1.2307692307692308,13,0,3,0,11,1,0,11,0,1,0,0,0,0,0,13,13,34,688,639,5,0,8,81,2.076923076923077,15,0,384,73,223,13,18932
2025-07-05,argo,voice.bookOverview.overview,BookOverviewViewModel,onSearchActiveChange,2,0,0.0,0,0.0,0,0,1,0,6,1,2,0,0.6,0,2,1,1,2.0,0,2.0,1,0,0.0,0,0.1282051282051282,0.46153846153846156,111,91,0.07692307692307693,13,3,0,0,0,6,4,0,3,0,0,1,0,0,2,0,16,0.8717948717948718,16,1.2307692307692308,13,0,3,0,11,1,0,11,0,1,0,0,0,0,0,13,13,34,688,639,5,0,8,81,2.076923076923077,15,0,384,73,223,13,18932
2025-07-05,argo,voice.bookOverview.overview,BookOverviewViewModel,onSearchQueryChange,1,0,0.0,0,0.0,0,0,1,0,3,0,1,0,1.0,0,0,0,0,1.0,0,2.0,1,0,0.0,0,0.1282051282051282,0.46153846153846156,111,91,0.07692307692307693,13,3,0,0,0,6,4,0,3,0,0,1,0,0,2,0,16,0.8717948717948718,16,1.2307692307692308,13,0,3,0,11,1,0,11,0,1,0,0,0,0,0,13,13,34,688,639,5,0,8,81,2.076923076923077,15,0,384,73,223,13,18932
2025-07-05,argo,voice.bookOverview.overview,BookOverviewViewModel,onSearchBookClick,2,1,0.0,4,1.0,0,0,1,0,8,1,2,0,0.8571428571428571,0,2,1,6,1.5,1,2.2,1,1,0.0,0,0.1282051282051282,0.46153846153846156,111,91,0.07692307692307693,13,3,0,0,0,6,4,0,3,0,0,1,0,0,2,0,16,0.8717948717948718,16,1.2307692307692308,13,0,3,0,11,1,0,11,0,1,0,0,0,0,0,13,13,34,688,639,5,0,8,81,2.076923076923077,15,0,384,73,223,13,18932
2025-07-05,argo,voice.bookOverview.overview,BookOverviewViewModel,onBoomMigrationHelperConfirmClick,1,0,0.0,0,0.0,0,0,1,0,3,0,1,0,1.0,0,1,0,0,1.0,0,2.0,0,0,0.0,0,0.1282051282051282,0.46153846153846156,111,91,0.07692307692307693,13,3,0,0,0,6,4,0,3,0,0,1,0,0,2,0,16,0.8717948717948718,16,1.2307692307692308,13,0,3,0,11,1,0,11,0,1,0,0,0,0,0,13,13,34,688,639,5,0,8,81,2.076923076923077,15,0,384,73,223,13,18932
2025-07-05,argo,voice.bookOverview.overview,BookOverviewViewModel,playPause,1,0,0.0,0,0.0,0,0,1,0,3,0,1,0,0.0,1,0,1,1,0.0,1,2.0,0,1,0.0,0,0.1282051282051282,0.46153846153846156,111,91,0.07692307692307693,13,3,0,0,0,6,4,0,3,0,0,1,0,0,2,0,16,0.8717948717948718,16,1.2307692307692308,13,0,3,0,11,1,0,11,0,1,0,0,0,0,0,13,13,34,688,639,5,0,8,81,2.076923076923077,15,0,384,73,223,13,18932
2025-07-05,argo,voice.bookOverview.overview,BookOverviewViewModel,onPermissionBugCardClick,2,0,0.0,2,1.0,0,0,1,0,5,1,2,0,0.0,0,0,0,9,0.0,0,5.5,0,0,0.0,0,0.1282051282051282,0.46153846153846156,111,91,0.07692307692307693,13,3,0,0,0,6,4,0,3,0,0,1,0,0,2,0,16,0.8717948717948718,16,1.2307692307692308,13,0,3,0,11,1,0,11,0,1,0,0,0,0,0,13,13,34,688,639,5,0,8,81,2.076923076923077,15,0,384,73,223,13,18932
2025-07-05,argo,voice.bookOverview,BookOverviewCategoryTest,finished,1,2,0.0,3,1.0,0,0,1,0,7,0,1,0,0.0,0,0,0,8,0.0,0,2.25,0,0,0.0,0,0.0,1.0,22,18,0.0,3,0,0,0,0,0,1,0,0,0,0,0,0,0,0,0,3,0.0,3,1.0,3,0,0,0,3,0,0,3,0,1,0,0,0,0,0,3,3,34,688,639,2,0,0,22,1.0,5,0,112,73,223,3,18932
2025-07-05,argo,voice.bookOverview,BookOverviewCategoryTest,notStarted,1,2,0.0,3,1.0,0,0,1,0,7,0,1,0,0.0,0,0,0,7,0.0,0,2.2857142857142856,0,0,0.0,0,0.0,1.0,22,18,0.0,3,0,0,0,0,0,1,0,0,0,0,0,0,0,0,0,3,0.0,3,1.0,3,0,0,0,3,0,0,3,0,1,0,0,0,0,0,3,3,34,688,639,2,0,0,22,1.0,5,0,112,73,223,3,18932
2025-07-05,argo,voice.bookOverview,BookOverviewCategoryTest,current,1,1,0.0,1,1.0,0,0,1,0,4,0,1,0,0.0,0,0,0,7,0.0,0,2.5,0,0,0.0,0,0.0,1.0,22,18,0.0,3,0,0,0,0,0,1,0,0,0,0,0,0,0,0,0,3,0.0,3,1.0,3,0,0,0,3,0,0,3,0,1,0,0,0,0,0,3,3,34,688,639,2,0,0,22,1.0,5,0,112,73,223,3,18932
2025-07-05,argo,voice.common,BookId,toUri,1,0,0.0,0,0.0,0,0,1,1,3,0,1,0,0.0,1,0,0,1,0.0,1,2.0,0,0,0.0,0,0.0,0.0,7,3,0.0,1,0,0,1,0,1,0,0,0,0,0,0,0,0,0,0,1,0.0,1,1.0,1,0,0,0,1,0,0,1,0,1,0,0,0,0,0,1,1,34,688,639,4,0,0,1,1.0,12,1,145,73,223,1,18932
2025-07-05,argo,voice.common.compose,ComposeController,onCreateView,1,0,1.0,1,1.0,0,0,1,0,3,0,1,1,0.0,1,0,0,3,0.0,0,2.5,3,0,0.0,1,0.0,0.0,7,3,0.5,2,0,1,1,0,4,0,0,0,0,0,0,0,0,0,0,1,0.0,1,1.0,2,1,0,0,2,0,0,2,1,0,0,1,0,0,0,2,1,34,688,639,4,0,0,3,1.0,7,1,216,73,223,2,18932
2025-07-05,argo,voice.common.compose,ComposeController,Content,0,0,0.0,0,0.0,0,0,1,0,0,0,0,0,0.0,0,0,0,0,0.0,0,0.0,0,0,0.0,1,0.0,0.0,7,3,0.5,2,0,1,1,0,4,0,0,0,0,0,0,0,0,0,0,1,0.0,1,1.0,2,1,0,0,2,0,0,2,1,0,0,1,0,0,0,2,1,34,688,639,4,0,0,3,1.0,7,1,216,73,223,2,18932
2025-07-05,argo,voice.common.grid,GridCount,useGridAsDefault,1,4,0.0,1,1.0,0,0,1,1,7,0,1,0,0.0,0,0,0,2,0.0,0,2.6666666666666665,0,0,0.0,0,0.0,1.0,9,7,0.0,1,0,0,0,0,1,0,0,0,0,0,0,0,0,0,0,1,0.0,1,1.0,1,0,0,0,1,0,0,1,0,1,0,0,0,0,0,1,1,34,688,639,2,0,0,2,1.0,1,0,26,73,223,1,18932
2025-07-05,argo,voice.common.navigation,Navigator,goTo,1,0,0.0,1,1.0,0,0,1,0,3,0,1,0,0.5,0,2,0,3,1.5,0,2.5,2,0,0.0,0,1.0,0.0,19,9,0.0,3,3,0,0,1,3,1,0,2,0,1,3,0,0,0,0,3,0.0,3,1.0,3,0,3,0,3,0,0,3,0,1,0,0,0,0,0,3,3,34,688,639,4,0,0,9,1.0,6,2,146,73,223,4,18932
2025-07-05,argo,voice.common.navigation,Navigator,goBack,1,0,0.0,1,1.0,0,0,1,0,3,0,1,0,1.0,0,2,0,3,3.0,0,2.5,0,0,0.0,0,1.0,0.0,19,9,0.0,3,3,0,0,1,3,1,0,2,0,1,3,0,0,0,0,3,0.0,3,1.0,3,0,3,0,3,0,0,3,0,1,0,0,0,0,0,3,3,34,688,639,4,0,0,9,1.0,6,2,146,73,223,4,18932
2025-07-05,argo,voice.common.navigation,Navigator,execute,1,0,0.0,1,1.0,0,0,1,0,3,0,1,0,0.6666666666666666,0,2,0,3,3.0,0,2.5,1,0,0.0,0,1.0,0.0,19,9,0.0,3,3,0,0,1,3,1,0,2,0,1,3,0,0,0,0,3,0.0,3,1.0,3,0,3,0,3,0,0,3,0,1,0,0,0,0,0,3,3,34,688,639,4,0,0,9,1.0,6,2,146,73,223,4,18932
2025-07-05,argo,voice.common.comparator,NaturalOrderComparatorTest,testFolder,1,0,0.0,0,0.0,0,1,1,0,1,0,1,1,1.0,0,1,0,0,1.0,0,0.0,0,0,0.0,0,0.2857142857142857,0.5714285714285714,38,25,0.16666666666666666,7,1,0,0,0,1,3,0,1,0,0,1,0,0,0,0,7,0.8571428571428572,7,1.0,7,0,1,0,6,1,0,6,0,1,0,0,0,0,0,7,7,34,688,639,1,0,2,46,1.0,7,0,283,73,223,7,18932
2025-07-05,argo,voice.common.comparator,NaturalOrderComparatorTest,setUp,1,0,0.0,1,1.0,0,1,1,0,3,0,1,1,1.0,0,1,0,1,1.0,1,2.0,0,0,0.0,0,0.2857142857142857,0.5714285714285714,38,25,0.16666666666666666,7,1,0,0,0,1,3,0,1,0,0,1,0,0,0,0,7,0.8571428571428572,7,1.0,7,0,1,0,6,1,0,6,0,1,0,0,0,0,0,7,7,34,688,639,1,0,2,46,1.0,7,0,283,73,223,7,18932
2025-07-05,argo,voice.common.comparator,NaturalOrderComparatorTest,testFiles,1,0,0.0,2,1.0,0,1,1,0,6,0,1,12,1.0,0,1,0,13,1.0,1,2.769230769230769,0,0,0.0,0,0.2857142857142857,0.5714285714285714,38,25,0.16666666666666666,7,1,0,0,0,1,3,0,1,0,0,1,0,0,0,0,7,0.8571428571428572,7,1.0,7,0,1,0,6,1,0,6,0,1,0,0,0,0,0,7,7,34,688,639,1,0,2,46,1.0,7,0,283,73,223,7,18932
2025-07-05,argo,voice.common.comparator,NaturalOrderComparatorTest,stringComparator,1,2,0.0,2,1.0,0,1,1,0,5,0,1,0,0.0,0,0,0,6,0.0,0,2.2,0,0,0.0,0,0.2857142857142857,0.5714285714285714,38,25,0.16666666666666666,7,1,0,0,0,1,3,0,1,0,0,1,0,0,0,0,7,0.8571428571428572,7,1.0,7,0,1,0,6,1,0,6,0,1,0,0,0,0,0,7,7,34,688,639,1,0,2,46,1.0,7,0,283,73,223,7,18932
2025-07-05,argo,voice.common.comparator,NaturalOrderComparatorTest,uriComparatorContent,1,2,0.0,3,1.0,0,1,1,0,5,0,1,0,0.0,0,0,1,19,0.0,0,3.7142857142857144,0,1,0.0,0,0.2857142857142857,0.5714285714285714,38,25,0.16666666666666666,7,1,0,0,0,1,3,0,1,0,0,1,0,0,0,0,7,0.8571428571428572,7,1.0,7,0,1,0,6,1,0,6,0,1,0,0,0,0,0,7,7,34,688,639,1,0,2,46,1.0,7,0,283,73,223,7,18932
2025-07-05,argo,voice.common.comparator,NaturalOrderComparatorTest,uriComparatorFiles,1,2,1.0,2,1.0,0,1,1,0,5,0,1,1,0.0,1,0,1,6,0.0,0,2.6666666666666665,0,1,0.0,0,0.2857142857142857,0.5714285714285714,38,25,0.16666666666666666,7,1,0,0,0,1,3,0,1,0,0,1,0,0,0,0,7,0.8571428571428572,7,1.0,7,0,1,0,6,1,0,6,0,1,0,0,0,0,0,7,7,34,688,639,1,0,2,46,1.0,7,0,283,73,223,7,18932
2025-07-05,argo,voice.common.comparator,NaturalOrderComparatorTest,tearDown,1,0,0.0,1,1.0,0,1,1,0,3,0,1,1,1.0,0,1,0,1,1.0,1,2.0,0,0,0.0,0,0.2857142857142857,0.5714285714285714,38,25,0.16666666666666666,7,1,0,0,0,1,3,0,1,0,0,1,0,0,0,0,7,0.8571428571428572,7,1.0,7,0,1,0,6,1,0,6,0,1,0,0,0,0,0,7,7,34,688,639,1,0,2,46,1.0,7,0,283,73,223,7,18932
2025-07-05,argo,voice.common.navigation,Base64Test,conversion,1,1,0.0,1,1.0,0,0,1,0,5,0,1,0,0.0,0,0,0,2,0.0,2,2.5,0,0,0.0,0,0.0,1.0,7,5,0.0,1,0,0,0,0,0,2,0,0,0,0,0,0,0,0,0,1,0.0,1,1.0,1,0,0,0,1,0,0,1,0,1,0,0,0,0,0,1,1,34,688,639,4,0,0,2,1.0,6,2,146,73,223,4,18932
2025-07-05,argo,voice.cover,CoverDownloader,download,6,4,0.0,8,1.0,0,0,1,0,23,0,6,1,0.0,0,0,0,20,0.0,3,2.6363636363636362,1,0,0.0,0,0.0,1.0,25,23,0.0,1,0,0,0,0,2,0,0,0,0,0,0,0,0,0,0,1,0.0,1,1.0,1,0,0,0,0,0,0,0,1,1,0,0,0,0,0,1,1,34,688,639,2,0,0,20,6.0,13,0,528,73,223,2,18932
2025-07-05,argo,voice.cover,SelectCoverFromInternetViewModel,viewState,8,6,0.0,14,0.8571,0,0,5,0,34,1,8,0,0.0,0,0,2,38,0.0,1,2.4285714285714284,1,2,0.0,0,0.0,1.0,64,34,0.0,1,0,0,0,0,2,2,0,0,0,0,0,0,0,0,0,2,0.0,2,2.0,1,0,0,0,0,0,0,0,0,1,0,0,0,0,0,2,2,34,688,639,2,0,2,38,8.0,13,0,528,73,223,2,18932
2025-07-05,argo,voice.cover.api,CoverApi,token,1,1,0.0,3,1.0,0,0,1,1,5,0,1,1,0.0,0,0,1,6,0.0,1,3.0,1,1,0.0,0,0.0,1.0,12,9,0.0,2,0,0,0,0,3,1,0,0,0,0,0,0,0,0,0,2,1.0,2,1.0,2,0,0,0,0,0,0,0,0,1,0,0,0,0,0,2,2,34,688,639,6,0,2,8,1.0,7,1,195,73,223,6,18932
2025-07-05,argo,voice.cover.api,CoverApi,search,1,0,0.0,1,1.0,0,0,1,1,4,0,1,0,0.0,1,0,1,2,0.0,1,2.0,3,1,0.0,0,0.0,1.0,12,9,0.0,2,0,0,0,0,3,1,0,0,0,0,0,0,0,0,0,2,1.0,2,1.0,2,0,0,0,0,0,0,0,0,1,0,0,0,0,0,2,2,34,688,639,6,0,2,8,1.0,7,1,195,73,223,6,18932
2025-07-05,argo,voice.cover.api,ImageSearchPagingSource,getRefreshKey,1,0,0.0,0,0.0,0,1,1,0,1,0,1,0,0.0,0,0,0,0,0.0,0,0.0,1,0,0.0,0,0.0,0.6666666666666666,30,25,0.5,3,0,2,1,0,4,0,0,0,0,0,0,0,0,0,0,5,0.6666666666666667,5,1.6666666666666667,3,2,0,0,2,1,0,2,1,1,0,0,0,0,0,3,3,34,688,639,6,0,0,15,3.3333333333333335,7,1,195,73,223,6,18932
2025-07-05,argo,voice.cover.api,ImageSearchPagingSource,freshSearchParams,1,1,0.0,2,1.0,0,1,1,0,4,0,1,0,0.0,0,0,0,2,0.0,1,2.0,0,0,0.0,0,0.0,0.6666666666666666,30,25,0.5,3,0,2,1,0,4,0,0,0,0,0,0,0,0,0,0,5,0.6666666666666667,5,1.6666666666666667,3,2,0,0,2,1,0,2,1,1,0,0,0,0,0,3,3,34,688,639,6,0,0,15,3.3333333333333335,7,1,195,73,223,6,18932
2025-07-05,argo,voice.cover.api,ImageSearchPagingSource,load,8,3,1.0,7,0.875,0,1,1,0,21,1,8,1,0.0,1,0,0,13,0.0,2,2.0,1,0,0.0,0,0.0,0.6666666666666666,30,25,0.5,3,0,2,1,0,4,0,0,0,0,0,0,0,0,0,0,5,0.6666666666666667,5,1.6666666666666667,3,2,0,0,2,1,0,2,1,1,0,0,0,0,0,3,3,34,688,639,6,0,0,15,3.3333333333333335,7,1,195,73,223,6,18932
2025-07-05,argo,voice.cover.api,CoverApiTest,test,1,3,0.0,3,1.0,0,0,1,0,6,0,1,0,0.0,0,0,0,7,0.0,2,2.75,0,0,0.0,0,0.0,1.0,8,6,0.0,1,0,0,0,0,0,0,0,0,0,0,0,0,0,0,0,1,0.0,1,1.0,1,0,0,0,1,0,0,1,0,1,0,0,0,0,0,1,1,34,688,639,6,0,0,7,1.0,7,1,195,73,223,6,18932
2025-07-05,argo,voice.data,Book,update,1,0,0.0,0,0.0,0,0,1,0,3,0,1,1,0.0,1,0,0,1,0.0,0,0.0,1,0,0.0,0,0.0,1.0,20,3,0.0,1,5,0,0,5,1,0,0,0,0,5,5,0,0,0,0,1,0.0,1,1.0,1,0,5,0,1,0,0,1,0,1,0,0,0,0,0,1,1,34,688,639,15,0,0,1,1.0,44,1,871,73,223,34,18932
2025-07-05,argo,voice.data,Chapter,compareTo,1,0,0.0,0,0.0,0,0,1,0,3,0,1,0,0.0,1,0,0,2,0.0,0,3.0,1,0,0.0,0,0.0,0.0,7,3,0.0,1,1,1,1,0,1,0,0,0,0,0,1,0,0,0,0,1,0.0,1,1.0,1,1,1,0,1,0,0,1,0,1,0,0,0,0,0,1,1,34,688,639,15,0,0,2,1.0,44,1,871,73,223,34,18932
2025-07-05,argo,voice.data,ChapterId,compareTo,1,0,0.0,1,1.0,0,0,1,1,3,0,1,0,0.0,0,0,0,5,0.0,0,3.5,1,0,0.0,0,0.0,0.0,7,3,0.0,1,0,1,1,0,1,0,0,0,0,0,0,0,0,0,0,1,0.0,1,1.0,1,1,0,0,1,0,0,1,0,1,0,0,0,0,0,1,1,34,688,639,15,0,0,5,1.0,44,1,871,73,223,34,18932
2025-07-05,argo,voice.data,MarkData,compareTo,1,0,0.0,0,0.0,0,0,1,0,3,0,1,0,0.0,1,0,0,2,0.0,0,3.0,1,0,0.0,0,0.0,0.0,5,3,0.0,1,0,1,1,0,1,0,0,0,0,0,0,0,0,0,0,1,0.0,1,1.0,1,1,0,0,3,0,0,3,0,2,0,0,0,0,0,1,1,34,688,639,15,0,0,2,1.0,44,1,871,73,223,34,18932
2025-07-05,argo,voice.data,ChapterMark,contains,1,0,0.0,0,0.0,0,0,1,0,1,0,1,0,0.0,0,0,0,0,0.0,0,2.5,1,0,0.0,0,0.0,0.0,9,2,0.0,2,0,0,0,0,3,0,0,0,0,0,0,0,0,0,0,2,0.0,2,1.0,2,0,0,0,3,0,0,3,0,2,0,0,0,0,0,2,2,34,688,639,15,0,0,2,1.0,44,1,871,73,223,34,18932
2025-07-05,argo,voice.data,ChapterMark,contains,1,0,0.0,0,0.0,0,0,1,0,1,0,1,0,0.0,0,0,0,0,0.0,0,3.0,1,0,0.0,0,0.0,0.0,9,2,0.0,2,0,0,0,0,3,0,0,0,0,0,0,0,0,0,0,2,0.0,2,1.0,2,0,0,0,3,0,0,3,0,2,0,0,0,0,0,2,2,34,688,639,15,0,0,2,1.0,44,1,871,73,223,34,18932
2025-07-05,argo,voice.data.folders,AudiobookFolders,all,3,2,2.0,3,1.0,0,0,1,0,7,0,3,1,0.0,2,0,0,7,0.0,1,2.4,0,0,0.0,0,0.06666666666666667,0.8333333333333334,48,39,0.6666666666666666,6,1,0,0,0,6,2,0,1,0,0,1,0,0,0,0,6,0.6666666666666667,6,1.0,6,0,0,0,0,0,0,0,0,2,0,0,0,0,0,6,6,34,688,639,3,0,1,32,2.1666666666666665,6,0,132,73,223,6,18932
2025-07-05,argo,voice.data.folders,AudiobookFolders,toDocumentFile,2,1,0.0,2,1.0,0,0,1,0,9,0,2,0,0.0,0,0,0,4,0.0,1,2.0,1,0,0.0,0,0.06666666666666667,0.8333333333333334,48,39,0.6666666666666666,6,1,0,0,0,6,2,0,1,0,0,1,0,0,0,0,6,0.6666666666666667,6,1.0,6,0,0,0,0,0,0,0,0,2,0,0,0,0,0,6,6,34,688,639,3,0,1,32,2.1666666666666665,6,0,132,73,223,6,18932
2025-07-05,argo,voice.data.folders,AudiobookFolders,add,1,0,1.0,2,1.0,0,0,1,0,4,0,1,1,0.25,1,1,1,7,0.5,3,2.1666666666666665,2,1,0.0,0,0.06666666666666667,0.8333333333333334,48,39,0.6666666666666666,6,1,0,0,0,6,2,0,1,0,0,1,0,0,0,0,6,0.6666666666666667,6,1.0,6,0,0,0,0,0,0,0,0,2,0,0,0,0,0,6,6,34,688,639,3,0,1,32,2.1666666666666665,6,0,132,73,223,6,18932
2025-07-05,argo,voice.data.folders,AudiobookFolders,remove,4,0,1.0,3,1.0,0,0,1,0,8,1,4,1,0.25,1,1,0,8,0.5,1,2.1666666666666665,2,0,0.0,0,0.06666666666666667,0.8333333333333334,48,39,0.6666666666666666,6,1,0,0,0,6,2,0,1,0,0,1,0,0,0,0,6,0.6666666666666667,6,1.0,6,0,0,0,0,0,0,0,0,2,0,0,0,0,0,6,6,34,688,639,3,0,1,32,2.1666666666666665,6,0,132,73,223,6,18932
2025-07-05,argo,voice.data.folders,AudiobookFolders,dataStore,2,0,0.0,0,0.0,0,0,1,0,8,0,2,0,0.0,0,0,0,1,0.0,0,2.0,1,0,0.0,0,0.06666666666666667,0.8333333333333334,48,39,0.6666666666666666,6,1,0,0,0,6,2,0,1,0,0,1,0,0,0,0,6,0.6666666666666667,6,1.0,6,0,0,0,0,0,0,0,0,2,0,0,0,0,0,6,6,34,688,639,3,0,1,32,2.1666666666666665,6,0,132,73,223,6,18932
2025-07-05,argo,voice.data.folders,AudiobookFolders,hasAnyFolders,1,0,1.0,1,1.0,0,0,1,0,3,0,1,1,0.0,1,0,0,5,0.0,0,3.5,0,0,0.0,0,0.06666666666666667,0.8333333333333334,48,39,0.6666666666666666,6,1,0,0,0,6,2,0,1,0,0,1,0,0,0,0,6,0.6666666666666667,6,1.0,6,0,0,0,0,0,0,0,0,2,0,0,0,0,0,6,6,34,688,639,3,0,1,32,2.1666666666666665,6,0,132,73,223,6,18932
2025-07-05,argo,voice.data.legacy,LegacyChapter,markForPosition,1,0,0.0,1,1.0,0,0,1,0,3,0,1,0,0.6,0,1,0,6,1.0,0,2.142857142857143,1,0,0.0,0,0.0,1.0,18,3,0.0,1,1,0,0,0,2,0,0,0,0,0,1,0,0,0,0,1,0.0,1,1.0,1,0,1,0,1,0,0,1,0,1,0,0,0,0,0,1,1,34,688,639,7,0,0,6,1.0,2,0,168,73,223,2,18932
2025-07-05,argo,voice.data.legacy,LegacyMarkData,compareTo,1,0,0.0,0,0.0,0,0,1,0,3,0,1,0,0.0,1,0,0,2,0.0,0,3.0,1,0,0.0,0,0.0,0.0,5,3,0.0,1,0,1,1,0,1,0,0,0,0,0,0,0,0,0,0,1,0.0,1,1.0,1,1,0,0,0,0,0,0,0,2,0,0,0,0,0,1,1,34,688,639,7,0,0,2,1.0,2,0,168,73,223,2,18932
2025-07-05,argo,voice.data.repo,BookContentRepo,fillCache,3,0,1.0,1,1.0,0,3,1,1,8,2,3,0,1.0,1,3,0,3,3.0,0,2.0,0,0,0.0,0,0.5357142857142857,0.625,54,28,1.0,7,3,0,0,0,8,3,0,3,0,0,2,0,0,1,0,10,0.4642857142857143,10,1.25,8,0,3,0,7,1,0,7,0,1,0,0,0,0,0,8,8,34,688,639,4,0,4,19,1.2857142857142858,17,0,286,73,223,23,18932
2025-07-05,argo,voice.data.repo,BookContentRepo,flow,1,0,1.0,1,1.0,0,3,1,1,3,0,1,1,1.0,1,1,0,2,1.0,2,2.0,0,0,0.0,0,0.5357142857142857,0.625,54,28,1.0,7,3,0,0,0,8,3,0,3,0,0,2,0,0,1,0,10,0.4642857142857143,10,1.25,8,0,3,0,7,1,0,7,0,1,0,0,0,0,0,8,8,34,688,639,4,0,4,19,1.2857142857142858,17,0,286,73,223,23,18932
2025-07-05,argo,voice.data.repo,BookContentRepo,all,1,0,1.0,0,0.0,0,3,1,1,4,0,1,1,1.0,1,1,1,0,1.0,0,2.0,0,1,0.0,0,0.5357142857142857,0.625,54,28,1.0,7,3,0,0,0,8,3,0,3,0,0,2,0,0,1,0,10,0.4642857142857143,10,1.25,8,0,3,0,7,1,0,7,0,1,0,0,0,0,0,8,8,34,688,639,4,0,4,19,1.2857142857142858,17,0,286,73,223,23,18932
2025-07-05,argo,voice.data.repo,BookContentRepo,flow,1,0,1.0,1,1.0,0,3,1,1,3,0,1,1,0.3333333333333333,1,1,0,6,1.0,0,2.2,1,0,0.0,0,0.5357142857142857,0.625,54,28,1.0,7,3,0,0,0,8,3,0,3,0,0,2,0,0,1,0,10,0.4642857142857143,10,1.25,8,0,3,0,7,1,0,7,0,1,0,0,0,0,0,8,8,34,688,639,4,0,4,19,1.2857142857142858,17,0,286,73,223,23,18932
2025-07-05,argo,voice.data.repo,BookContentRepo,get,1,0,0.0,0,0.0,0,3,1,1,4,0,1,1,0.3333333333333333,1,1,1,0,1.0,0,2.5,1,1,0.0,0,0.5357142857142857,0.625,54,28,1.0,7,3,0,0,0,8,3,0,3,0,0,2,0,0,1,0,10,0.4642857142857143,10,1.25,8,0,3,0,7,1,0,7,0,1,0,0,0,0,0,8,8,34,688,639,4,0,4,19,1.2857142857142858,17,0,286,73,223,23,18932
2025-07-05,argo,voice.data.repo,BookContentRepo,setAllInactiveExcept,1,0,0.0,1,1.0,0,3,1,1,4,0,1,1,0.5,1,1,1,6,1.0,0,2.0,1,1,0.0,0,0.5357142857142857,0.625,54,28,1.0,7,3,0,0,0,8,3,0,3,0,0,2,0,0,1,0,10,0.4642857142857143,10,1.25,8,0,3,0,7,1,0,7,0,1,0,0,0,0,0,8,8,34,688,639,4,0,4,19,1.2857142857142858,17,0,286,73,223,23,18932
2025-07-05,argo,voice.data.repo,BookContentRepo,put,1,1,1.0,3,1.0,0,3,1,1,10,0,1,1,0.25,1,1,1,3,0.5,1,2.0,1,1,0.0,0,0.5357142857142857,0.625,54,28,1.0,7,3,0,0,0,8,3,0,3,0,0,2,0,0,1,0,10,0.4642857142857143,10,1.25,8,0,3,0,7,1,0,7,0,1,0,0,0,0,0,8,8,34,688,639,4,0,4,19,1.2857142857142858,17,0,286,73,223,23,18932
2025-07-05,argo,voice.data.repo,BookContentRepo,getOrPut,1,0,0.0,1,1.0,0,3,1,1,3,0,1,2,0.0,2,0,0,1,0.0,1,2.0,2,0,0.0,0,0.5357142857142857,0.625,54,28,1.0,7,3,0,0,0,8,3,0,3,0,0,2,0,0,1,0,10,0.4642857142857143,10,1.25,8,0,3,0,7,1,0,7,0,1,0,0,0,0,0,8,8,34,688,639,4,0,4,19,1.2857142857142858,17,0,286,73,223,23,18932
2025-07-05,argo,voice.data.repo,BookmarkRepo,deleteBookmark,1,0,0.0,0,0.0,0,0,1,0,3,0,1,0,0.0,1,0,1,1,0.0,1,2.0,1,1,0.0,0,0.0,0.5,23,18,0.25,4,0,0,0,0,7,1,0,0,0,0,0,0,0,0,0,4,1.0,4,1.0,4,0,0,0,4,0,0,4,0,1,0,0,0,0,0,4,4,34,688,639,4,0,2,14,1.0,17,0,286,73,223,23,18932
2025-07-05,argo,voice.data.repo,BookmarkRepo,addBookmark,1,0,0.0,0,0.0,0,0,1,0,3,0,1,0,0.0,1,0,1,1,0.0,1,2.0,1,1,0.0,0,0.0,0.5,23,18,0.25,4,0,0,0,0,7,1,0,0,0,0,0,0,0,0,0,4,1.0,4,1.0,4,0,0,0,4,0,0,4,0,1,0,0,0,0,0,4,4,34,688,639,4,0,2,14,1.0,17,0,286,73,223,23,18932
2025-07-05,argo,voice.data.repo,BookmarkRepo,addBookmarkAtBookPosition,1,1,1.0,3,1.0,0,0,1,0,8,0,1,1,0.0,1,0,0,9,0.0,1,2.4285714285714284,3,0,0.0,0,0.0,0.5,23,18,0.25,4,0,0,0,0,7,1,0,0,0,0,0,0,0,0,0,4,1.0,4,1.0,4,0,0,0,4,0,0,4,0,1,0,0,0,0,0,4,4,34,688,639,4,0,2,14,1.0,17,0,286,73,223,23,18932
2025-07-05,argo,voice.data.repo,BookmarkRepo,bookmarks,1,1,0.0,1,1.0,0,0,1,0,4,0,1,0,0.0,0,0,0,3,0.0,0,2.0,1,0,0.0,0,0.0,0.5,23,18,0.25,4,0,0,0,0,7,1,0,0,0,0,0,0,0,0,0,4,1.0,4,1.0,4,0,0,0,4,0,0,4,0,1,0,0,0,0,0,4,4,34,688,639,4,0,2,14,1.0,17,0,286,73,223,23,18932
2025-07-05,argo,voice.data.repo,BookRepository,warmUp,3,1,1.0,1,1.0,0,1,1,0,9,2,3,0,1.0,1,2,0,7,2.0,1,2.1666666666666665,0,0,0.0,0,0.047619047619047616,0.5714285714285714,51,36,0.8333333333333334,7,2,0,0,0,6,2,0,2,0,0,1,0,0,1,0,10,0.7142857142857143,10,1.4285714285714286,7,0,2,0,5,2,0,5,0,1,0,0,0,0,0,7,7,34,688,639,4,0,1,24,1.6666666666666667,17,0,286,73,223,23,18932
2025-07-05,argo,voice.data.repo,BookRepository,flow,1,0,1.0,0,0.0,0,1,1,0,3,0,1,0,0.0,3,0,0,6,0.0,0,2.2,0,0,0.0,0,0.047619047619047616,0.5714285714285714,51,36,0.8333333333333334,7,2,0,0,0,6,2,0,2,0,0,1,0,0,1,0,10,0.7142857142857143,10,1.4285714285714286,7,0,2,0,5,2,0,5,0,1,0,0,0,0,0,7,7,34,688,639,4,0,1,24,1.6666666666666667,17,0,286,73,223,23,18932
2025-07-05,argo,voice.data.repo,BookRepository,all,1,0,1.0,0,0.0,0,1,1,0,3,0,1,0,0.0,2,0,0,5,0.0,0,2.25,0,0,0.0,0,0.047619047619047616,0.5714285714285714,51,36,0.8333333333333334,7,2,0,0,0,6,2,0,2,0,0,1,0,0,1,0,10,0.7142857142857143,10,1.4285714285714286,7,0,2,0,5,2,0,5,0,1,0,0,0,0,0,7,7,34,688,639,4,0,1,24,1.6666666666666667,17,0,286,73,223,23,18932
2025-07-05,argo,voice.data.repo,BookRepository,flow,1,0,1.0,0,0.0,0,1,1,0,3,0,1,0,0.0,3,0,0,3,0.0,0,2.5,1,0,0.0,0,0.047619047619047616,0.5714285714285714,51,36,0.8333333333333334,7,2,0,0,0,6,2,0,2,0,0,1,0,0,1,0,10,0.7142857142857143,10,1.4285714285714286,7,0,2,0,5,2,0,5,0,1,0,0,0,0,0,7,7,34,688,639,4,0,1,24,1.6666666666666667,17,0,286,73,223,23,18932
2025-07-05,argo,voice.data.repo,BookRepository,get,1,0,0.0,0,0.0,0,1,1,0,3,0,1,0,0.0,2,0,0,2,0.0,2,3.0,1,0,0.0,0,0.047619047619047616,0.5714285714285714,51,36,0.8333333333333334,7,2,0,0,0,6,2,0,2,0,0,1,0,0,1,0,10,0.7142857142857143,10,1.4285714285714286,7,0,2,0,5,2,0,5,0,1,0,0,0,0,0,7,7,34,688,639,4,0,1,24,1.6666666666666667,17,0,286,73,223,23,18932
2025-07-05,argo,voice.data.repo,BookRepository,updateBook,1,2,0.0,1,1.0,0,1,1,0,7,0,1,0,0.3333333333333333,1,1,0,3,0.25,1,2.0,2,0,0.0,0,0.047619047619047616,0.5714285714285714,51,36,0.8333333333333334,7,2,0,0,0,6,2,0,2,0,0,1,0,0,1,0,10,0.7142857142857143,10,1.4285714285714286,7,0,2,0,5,2,0,5,0,1,0,0,0,0,0,7,7,34,688,639,4,0,1,24,1.6666666666666667,17,0,286,73,223,23,18932
2025-07-05,argo,voice.data.repo,BookRepository,book,3,1,1.0,2,1.0,0,1,1,0,11,1,3,1,0.0,2,0,1,4,0.0,1,2.0,0,1,0.0,0,0.047619047619047616,0.5714285714285714,51,36,0.8333333333333334,7,2,0,0,0,6,2,0,2,0,0,1,0,0,1,0,10,0.7142857142857143,10,1.4285714285714286,7,0,2,0,5,2,0,5,0,1,0,0,0,0,0,7,7,34,688,639,4,0,1,24,1.6666666666666667,17,0,286,73,223,23,18932
2025-07-05,argo,voice.data.repo,ChapterRepo,get,2,0,0.0,2,1.0,0,2,1,1,6,1,2,0,0.42857142857142855,0,1,0,2,1.0,1,2.0,1,0,0.0,0,0.5,1.0,28,8,0.0,3,1,0,0,0,6,2,0,1,0,0,1,0,0,0,0,6,0.8333333333333334,6,1.5,4,0,1,0,4,0,0,4,0,1,0,0,0,0,0,4,4,34,688,639,4,0,3,10,1.5,17,0,286,73,223,23,18932
2025-07-05,argo,voice.data.repo,ChapterRepo,warmup,1,1,0.0,1,1.0,0,2,1,1,4,0,1,0,0.6666666666666666,0,1,1,4,0.5,0,2.0,1,1,0.0,0,0.5,1.0,28,8,0.0,3,1,0,0,0,6,2,0,1,0,0,1,0,0,0,0,6,0.8333333333333334,6,1.5,4,0,1,0,4,0,0,4,0,1,0,0,0,0,0,4,4,34,688,639,4,0,3,10,1.5,17,0,286,73,223,23,18932
2025-07-05,argo,voice.data.repo,ChapterRepo,put,1,0,0.0,1,1.0,0,2,1,1,4,0,1,0,0.25,0,1,2,1,1.0,1,2.0,1,1,0.0,0,0.5,1.0,28,8,0.0,3,1,0,0,0,6,2,0,1,0,0,1,0,0,0,0,6,0.8333333333333334,6,1.5,4,0,1,0,4,0,0,4,0,1,0,0,0,0,0,4,4,34,688,639,4,0,3,10,1.5,17,0,286,73,223,23,18932
2025-07-05,argo,voice.data.repo,ChapterRepo,getOrPut,2,1,0.0,2,1.0,0,2,1,1,7,1,2,2,0.0,2,0,0,3,0.0,1,2.0,3,0,0.0,0,0.5,1.0,28,8,0.0,3,1,0,0,0,6,2,0,1,0,0,1,0,0,0,0,6,0.8333333333333334,6,1.5,4,0,1,0,4,0,0,4,0,1,0,0,0,0,0,4,4,34,688,639,4,0,3,10,1.5,17,0,286,73,223,23,18932
2025-07-05,argo,voice.data.repo.internals,Converters,fromMarks,1,0,0.0,1,1.0,0,0,1,0,1,0,1,0,0.5,0,1,0,2,1.0,0,3.0,1,0,0.0,0,0.06493506493506493,0.0,55,30,0.0,22,1,0,0,0,12,0,0,1,0,0,1,0,0,0,0,22,0.9783549783549783,22,1.0,22,0,1,0,22,0,0,22,12,1,0,0,0,0,0,22,22,34,688,639,4,0,0,26,1.0,45,0,758,73,223,32,18932
2025-07-05,argo,voice.data.repo.internals,Converters,toMarks,1,0,0.0,1,1.0,0,0,1,0,1,0,1,0,0.5,0,1,0,2,1.0,0,3.0,1,0,0.0,0,0.06493506493506493,0.0,55,30,0.0,22,1,0,0,0,12,0,0,1,0,0,1,0,0,0,0,22,0.9783549783549783,22,1.0,22,0,1,0,22,0,0,22,12,1,0,0,0,0,0,22,22,34,688,639,4,0,0,26,1.0,45,0,758,73,223,32,18932
2025-07-05,argo,voice.data.repo.internals,Converters,fromLegacyMarks,1,0,0.0,1,1.0,0,0,1,0,1,0,1,0,0.5,0,1,0,2,1.0,0,3.0,1,0,0.0,0,0.06493506493506493,0.0,55,30,0.0,22,1,0,0,0,12,0,0,1,0,0,1,0,0,0,0,22,0.9783549783549783,22,1.0,22,0,1,0,22,0,0,22,12,1,0,0,0,0,0,22,22,34,688,639,4,0,0,26,1.0,45,0,758,73,223,32,18932
2025-07-05,argo,voice.data.repo.internals,Converters,toLegacyMarks,1,0,0.0,1,1.0,0,0,1,0,1,0,1,0,0.5,0,1,0,2,1.0,0,3.0,1,0,0.0,0,0.06493506493506493,0.0,55,30,0.0,22,1,0,0,0,12,0,0,1,0,0,1,0,0,0,0,22,0.9783549783549783,22,1.0,22,0,1,0,22,0,0,22,12,1,0,0,0,0,0,22,22,34,688,639,4,0,0,26,1.0,45,0,758,73,223,32,18932
2025-07-05,argo,voice.data.repo.internals,Converters,fromFile,1,0,0.0,0,0.0,0,0,1,0,1,0,1,0,0.0,0,0,0,0,0.0,0,2.0,1,0,0.0,0,0.06493506493506493,0.0,55,30,0.0,22,1,0,0,0,12,0,0,1,0,0,1,0,0,0,0,22,0.9783549783549783,22,1.0,22,0,1,0,22,0,0,22,12,1,0,0,0,0,0,22,22,34,688,639,4,0,0,26,1.0,45,0,758,73,223,32,18932
2025-07-05,argo,voice.data.repo.internals,Converters,toFile,1,0,0.0,0,0.0,0,0,1,0,1,0,1,0,0.0,0,0,0,1,0.0,0,0.0,1,0,0.0,0,0.06493506493506493,0.0,55,30,0.0,22,1,0,0,0,12,0,0,1,0,0,1,0,0,0,0,22,0.9783549783549783,22,1.0,22,0,1,0,22,0,0,22,12,1,0,0,0,0,0,22,22,34,688,639,4,0,0,26,1.0,45,0,758,73,223,32,18932
2025-07-05,argo,voice.data.repo.internals,Converters,fromBookType,1,0,0.0,0,0.0,0,0,1,0,1,0,1,0,0.0,0,0,0,0,0.0,0,2.0,1,0,0.0,0,0.06493506493506493,0.0,55,30,0.0,22,1,0,0,0,12,0,0,1,0,0,1,0,0,0,0,22,0.9783549783549783,22,1.0,22,0,1,0,22,0,0,22,12,1,0,0,0,0,0,22,22,34,688,639,4,0,0,26,1.0,45,0,758,73,223,32,18932
2025-07-05,argo,voice.data.repo.internals,Converters,toBookType,1,0,0.0,1,1.0,0,0,1,0,1,0,1,0,0.0,0,0,0,1,0.0,1,2.0,1,0,0.0,0,0.06493506493506493,0.0,55,30,0.0,22,1,0,0,0,12,0,0,1,0,0,1,0,0,0,0,22,0.9783549783549783,22,1.0,22,0,1,0,22,0,0,22,12,1,0,0,0,0,0,22,22,34,688,639,4,0,0,26,1.0,45,0,758,73,223,32,18932
2025-07-05,argo,voice.data.repo.internals,Converters,fromUUID,1,0,0.0,1,1.0,0,0,1,0,1,0,1,0,0.0,0,0,0,1,0.0,1,2.0,1,0,0.0,0,0.06493506493506493,0.0,55,30,0.0,22,1,0,0,0,12,0,0,1,0,0,1,0,0,0,0,22,0.9783549783549783,22,1.0,22,0,1,0,22,0,0,22,12,1,0,0,0,0,0,22,22,34,688,639,4,0,0,26,1.0,45,0,758,73,223,32,18932
2025-07-05,argo,voice.data.repo.internals,Converters,toUUID,1,0,0.0,1,1.0,0,0,1,0,1,0,1,0,0.0,0,0,0,1,0.0,1,2.0,1,0,0.0,0,0.06493506493506493,0.0,55,30,0.0,22,1,0,0,0,12,0,0,1,0,0,1,0,0,0,0,22,0.9783549783549783,22,1.0,22,0,1,0,22,0,0,22,12,1,0,0,0,0,0,22,22,34,688,639,4,0,0,26,1.0,45,0,758,73,223,32,18932
2025-07-05,argo,voice.data.repo.internals,Converters,fromInstant,1,0,0.0,1,1.0,0,0,1,0,3,0,1,0,0.0,0,0,0,1,0.0,1,2.0,1,0,0.0,0,0.06493506493506493,0.0,55,30,0.0,22,1,0,0,0,12,0,0,1,0,0,1,0,0,0,0,22,0.9783549783549783,22,1.0,22,0,1,0,22,0,0,22,12,1,0,0,0,0,0,22,22,34,688,639,4,0,0,26,1.0,45,0,758,73,223,32,18932
2025-07-05,argo,voice.data.repo.internals,Converters,toInstant,1,0,0.0,1,1.0,0,0,1,0,3,0,1,0,0.0,0,0,0,1,0.0,1,2.0,1,0,0.0,0,0.06493506493506493,0.0,55,30,0.0,22,1,0,0,0,12,0,0,1,0,0,1,0,0,0,0,22,0.9783549783549783,22,1.0,22,0,1,0,22,0,0,22,12,1,0,0,0,0,0,22,22,34,688,639,4,0,0,26,1.0,45,0,758,73,223,32,18932
2025-07-05,argo,voice.data.repo.internals,Converters,fromUri,1,0,0.0,1,1.0,0,0,1,0,1,0,1,0,0.0,0,0,0,1,0.0,1,2.0,1,0,0.0,0,0.06493506493506493,0.0,55,30,0.0,22,1,0,0,0,12,0,0,1,0,0,1,0,0,0,0,22,0.9783549783549783,22,1.0,22,0,1,0,22,0,0,22,12,1,0,0,0,0,0,22,22,34,688,639,4,0,0,26,1.0,45,0,758,73,223,32,18932
2025-07-05,argo,voice.data.repo.internals,Converters,toUri,1,0,0.0,0,0.0,0,0,1,0,1,0,1,0,0.0,1,0,0,1,0.0,1,2.0,1,0,0.0,0,0.06493506493506493,0.0,55,30,0.0,22,1,0,0,0,12,0,0,1,0,0,1,0,0,0,0,22,0.9783549783549783,22,1.0,22,0,1,0,22,0,0,22,12,1,0,0,0,0,0,22,22,34,688,639,4,0,0,26,1.0,45,0,758,73,223,32,18932
2025-07-05,argo,voice.data.repo.internals,Converters,fromChapterList,1,0,0.0,1,1.0,0,0,1,0,3,0,1,0,0.5,0,1,0,2,1.0,0,3.0,1,0,0.0,0,0.06493506493506493,0.0,55,30,0.0,22,1,0,0,0,12,0,0,1,0,0,1,0,0,0,0,22,0.9783549783549783,22,1.0,22,0,1,0,22,0,0,22,12,1,0,0,0,0,0,22,22,34,688,639,4,0,0,26,1.0,45,0,758,73,223,32,18932
2025-07-05,argo,voice.data.repo.internals,Converters,toChapterList,1,0,0.0,1,1.0,0,0,1,0,3,0,1,0,0.5,0,1,0,2,1.0,0,3.0,1,0,0.0,0,0.06493506493506493,0.0,55,30,0.0,22,1,0,0,0,12,0,0,1,0,0,1,0,0,0,0,22,0.9783549783549783,22,1.0,22,0,1,0,22,0,0,22,12,1,0,0,0,0,0,22,22,34,688,639,4,0,0,26,1.0,45,0,758,73,223,32,18932
2025-07-05,argo,voice.data.repo.internals,Converters,toBookId,1,0,0.0,0,0.0,0,0,1,0,1,0,1,0,0.0,0,0,0,1,0.0,0,0.0,1,0,0.0,0,0.06493506493506493,0.0,55,30,0.0,22,1,0,0,0,12,0,0,1,0,0,1,0,0,0,0,22,0.9783549783549783,22,1.0,22,0,1,0,22,0,0,22,12,1,0,0,0,0,0,22,22,34,688,639,4,0,0,26,1.0,45,0,758,73,223,32,18932
2025-07-05,argo,voice.data.repo.internals,Converters,fromBookId,1,0,0.0,0,0.0,0,0,1,0,1,0,1,0,0.0,0,0,0,0,0.0,0,2.0,1,0,0.0,0,0.06493506493506493,0.0,55,30,0.0,22,1,0,0,0,12,0,0,1,0,0,1,0,0,0,0,22,0.9783549783549783,22,1.0,22,0,1,0,22,0,0,22,12,1,0,0,0,0,0,22,22,34,688,639,4,0,0,26,1.0,45,0,758,73,223,32,18932
2025-07-05,argo,voice.data.repo.internals,Converters,toChapterId,1,0,0.0,0,0.0,0,0,1,0,1,0,1,0,0.0,0,0,0,1,0.0,0,0.0,1,0,0.0,0,0.06493506493506493,0.0,55,30,0.0,22,1,0,0,0,12,0,0,1,0,0,1,0,0,0,0,22,0.9783549783549783,22,1.0,22,0,1,0,22,0,0,22,12,1,0,0,0,0,0,22,22,34,688,639,4,0,0,26,1.0,45,0,758,73,223,32,18932
2025-07-05,argo,voice.data.repo.internals,Converters,fromChapterId,1,0,0.0,0,0.0,0,0,1,0,1,0,1,0,0.0,0,0,0,0,0.0,0,2.0,1,0,0.0,0,0.06493506493506493,0.0,55,30,0.0,22,1,0,0,0,12,0,0,1,0,0,1,0,0,0,0,22,0.9783549783549783,22,1.0,22,0,1,0,22,0,0,22,12,1,0,0,0,0,0,22,22,34,688,639,4,0,0,26,1.0,45,0,758,73,223,32,18932
2025-07-05,argo,voice.data.repo.internals,Converters,toBookmarkId,1,0,0.0,1,1.0,0,0,1,0,1,0,1,0,0.0,0,0,0,2,0.0,0,3.0,1,0,0.0,0,0.06493506493506493,0.0,55,30,0.0,22,1,0,0,0,12,0,0,1,0,0,1,0,0,0,0,22,0.9783549783549783,22,1.0,22,0,1,0,22,0,0,22,12,1,0,0,0,0,0,22,22,34,688,639,4,0,0,26,1.0,45,0,758,73,223,32,18932
2025-07-05,argo,voice.data.repo.internals,Converters,fromBookmarkId,1,0,0.0,1,1.0,0,0,1,0,1,0,1,0,0.0,0,0,0,2,0.0,0,3.0,1,0,0.0,0,0.06493506493506493,0.0,55,30,0.0,22,1,0,0,0,12,0,0,1,0,0,1,0,0,0,0,22,0.9783549783549783,22,1.0,22,0,1,0,22,0,0,22,12,1,0,0,0,0,0,22,22,34,688,639,4,0,0,26,1.0,45,0,758,73,223,32,18932
2025-07-05,argo,voice.data.repo.internals.migrations,Migration23to24,migrate,1,0,0.0,1,1.0,0,0,1,0,21,0,1,0,0.0,0,0,1,4,0.0,1,2.0,1,1,0.0,0,0.0,0.0,23,21,0.0,1,0,1,1,0,1,1,0,0,0,0,0,0,0,0,0,1,0.0,1,1.0,1,1,0,0,1,0,0,1,0,1,0,0,0,0,0,1,1,34,688,639,31,0,1,4,1.0,41,0,1863,73,223,36,18932
2025-07-05,argo,voice.data.repo.internals.migrations,Migration24to25,migrate,34,51,0.0,30,0.9483,0,0,1,0,170,3,34,0,0.0,0,0,2,95,0.0,3,2.13,1,2,0.0,0,0.0,1.0,172,170,0.0,1,0,1,1,0,1,2,0,0,0,0,0,0,0,0,0,12,0.0,12,12.0,1,1,0,0,1,0,0,1,0,1,0,0,0,0,0,1,1,34,688,639,31,0,2,95,34.0,41,0,1863,73,223,36,18932
2025-07-05,argo,voice.data.repo.internals.migrations,Migration25to26,migrate,4,5,0.0,9,1.0,0,0,1,0,16,2,4,0,0.0,0,0,1,15,0.0,1,2.0833333333333335,1,1,0.0,0,0.0,1.0,18,16,0.0,1,0,1,1,0,1,1,0,0,0,0,0,0,0,0,0,3,0.0,3,3.0,1,1,0,0,1,0,0,1,0,1,0,0,0,0,0,1,1,34,688,639,31,0,1,15,4.0,41,0,1863,73,223,36,18932
2025-07-05,argo,voice.data.repo.internals.migrations,Migration26to27,migrate,1,3,0.0,5,0.8,0,0,1,0,19,0,1,0,0.0,0,0,2,8,0.0,1,2.0,1,2,0.0,0,0.0,1.0,21,19,0.0,1,0,1,1,0,1,2,0,0,0,0,0,0,0,0,0,1,0.0,1,1.0,1,1,0,0,1,0,0,1,0,1,0,0,0,0,0,1,1,34,688,639,31,0,2,8,1.0,41,0,1863,73,223,36,18932
2025-07-05,argo,voice.data.repo.internals.migrations,Migration27to28,migrate,1,0,0.0,1,1.0,0,0,1,0,3,0,1,0,0.0,0,0,1,1,0.0,1,2.0,1,1,0.0,0,0.0,0.0,5,3,0.0,1,0,1,1,0,1,1,0,0,0,0,0,0,0,0,0,1,0.0,1,1.0,1,1,0,0,1,0,0,1,0,1,0,0,0,0,0,1,1,34,688,639,31,0,1,1,1.0,41,0,1863,73,223,36,18932
2025-07-05,argo,voice.data.repo.internals.migrations,Migration28to29,migrate,7,7,0.0,10,0.9167,0,0,1,0,21,1,7,0,0.0,0,0,1,22,0.0,1,2.176470588235294,1,1,0.0,0,0.0,1.0,23,21,0.0,1,0,1,1,0,1,1,0,0,0,0,0,0,0,0,0,2,0.0,2,2.0,1,1,0,0,1,0,0,1,0,1,0,0,0,0,0,1,1,34,688,639,31,0,1,22,7.0,41,0,1863,73,223,36,18932
2025-07-05,argo,voice.data.repo.internals.migrations,Migration30to31,migrate,2,6,0.0,2,0.6667,0,0,1,0,14,1,2,0,0.0,0,0,1,9,0.0,0,2.2857142857142856,1,1,0.0,0,0.0,1.0,16,14,0.0,1,0,1,1,0,1,1,0,0,0,0,0,0,0,0,0,2,0.0,2,2.0,1,1,0,0,1,0,0,1,0,1,0,0,0,0,0,1,1,34,688,639,31,0,1,9,2.0,41,0,1863,73,223,36,18932
2025-07-05,argo,voice.data.repo.internals.migrations,Migration37to38,migrate,1,1,0.0,3,0.6667,0,0,1,0,7,0,1,0,0.0,0,0,1,4,0.0,1,2.0,1,1,0.0,0,0.0,1.0,9,7,0.0,1,0,1,1,0,1,1,0,0,0,0,0,0,0,0,0,1,0.0,1,1.0,1,1,0,0,1,0,0,1,0,1,0,0,0,0,0,1,1,34,688,639,31,0,1,4,1.0,41,0,1863,73,223,36,18932
2025-07-05,argo,voice.data.repo.internals.migrations,Migration38to39,migrate,1,2,0.0,2,1.0,0,0,1,0,6,0,1,0,0.0,0,0,1,4,0.0,1,2.0,1,1,0.0,0,0.0,1.0,8,6,0.0,1,0,1,1,0,1,1,0,0,0,0,0,0,0,0,0,1,0.0,1,1.0,1,1,0,0,1,0,0,1,0,1,0,0,0,0,0,1,1,34,688,639,31,0,1,4,1.0,41,0,1863,73,223,36,18932
2025-07-05,argo,voice.data.repo.internals.migrations,Migration40to41,migrate,1,0,0.0,1,1.0,0,0,1,0,3,0,1,0,0.0,0,0,1,1,0.0,1,2.0,1,1,0.0,0,0.0,0.0,5,3,0.0,1,0,1,1,0,1,1,0,0,0,0,0,0,0,0,0,1,0.0,1,1.0,1,1,0,0,1,0,0,1,0,1,0,0,0,0,0,1,1,34,688,639,31,0,1,1,1.0,41,0,1863,73,223,36,18932
2025-07-05,argo,voice.data.repo.internals.migrations,Migration41to42,migrate,1,2,0.0,2,1.0,0,0,1,0,6,0,1,0,0.0,0,0,1,4,0.0,1,2.0,1,1,0.0,0,0.0,1.0,8,6,0.0,1,0,1,1,0,1,1,0,0,0,0,0,0,0,0,0,1,0.0,1,1.0,1,1,0,0,1,0,0,1,0,1,0,0,0,0,0,1,1,34,688,639,31,0,1,4,1.0,41,0,1863,73,223,36,18932
2025-07-05,argo,voice.data.repo.internals.migrations,Migration42to43,migrate,1,1,0.0,2,1.0,0,0,1,0,4,0,1,0,0.0,0,0,1,3,0.0,1,2.0,1,1,0.0,0,0.0,1.0,6,4,0.0,1,0,1,1,0,1,1,0,0,0,0,0,0,0,0,0,1,0.0,1,1.0,1,1,0,0,1,0,0,1,0,1,0,0,0,0,0,1,1,34,688,639,31,0,1,3,1.0,41,0,1863,73,223,36,18932
2025-07-05,argo,voice.data.repo.internals.migrations,Migration43to44,migrate,1,0,3.0,0,0.0,0,0,1,0,5,0,1,3,0.0,3,0,3,0,0.0,0,0.0,1,3,0.0,0,0.0,0.5714285714285714,120,112,0.5714285714285714,7,0,1,1,0,3,8,0,0,0,0,0,0,0,0,0,7,0.8571428571428572,7,1.0,7,1,0,0,1,6,0,1,1,1,0,0,0,0,0,7,7,34,688,639,31,0,11,36,1.0,41,0,1863,73,223,36,18932
2025-07-05,argo,voice.data.repo.internals.migrations,Migration43to44,createNewTables,1,0,0.0,2,1.0,0,0,1,0,40,0,1,0,0.0,0,0,1,8,0.0,1,2.0,1,1,0.0,0,0.0,0.5714285714285714,120,112,0.5714285714285714,7,0,1,1,0,3,8,0,0,0,0,0,0,0,0,0,7,0.8571428571428572,7,1.0,7,1,0,0,1,6,0,1,1,1,0,0,0,0,0,7,7,34,688,639,31,0,11,36,1.0,41,0,1863,73,223,36,18932
2025-07-05,argo,voice.data.repo.internals.migrations,Migration43to44,fill,1,0,2.0,0,0.0,0,0,1,0,4,0,1,4,0.0,2,0,2,0,0.0,0,0.0,1,2,0.0,0,0.0,0.5714285714285714,120,112,0.5714285714285714,7,0,1,1,0,3,8,0,0,0,0,0,0,0,0,0,7,0.8571428571428572,7,1.0,7,1,0,0,1,6,0,1,1,1,0,0,0,0,0,7,7,34,688,639,31,0,11,36,1.0,41,0,1863,73,223,36,18932
2025-07-05,argo,voice.data.repo.internals.migrations,Migration43to44,fillBookmarks,1,3,1.0,1,1.0,0,0,1,0,12,0,1,0,0.0,1,0,1,7,0.0,1,2.0,1,1,0.0,0,0.0,0.5714285714285714,120,112,0.5714285714285714,7,0,1,1,0,3,8,0,0,0,0,0,0,0,0,0,7,0.8571428571428572,7,1.0,7,1,0,0,1,6,0,1,1,1,0,0,0,0,0,7,7,34,688,639,31,0,11,36,1.0,41,0,1863,73,223,36,18932
2025-07-05,argo,voice.data.repo.internals.migrations,Migration43to44,fillBooksAndChapters,1,16,1.0,8,1.0,0,0,1,0,41,0,1,0,0.0,1,0,1,17,0.0,2,2.0416666666666665,1,1,0.0,0,0.0,0.5714285714285714,120,112,0.5714285714285714,7,0,1,1,0,3,8,0,0,0,0,0,0,0,0,0,7,0.8571428571428572,7,1.0,7,1,0,0,1,6,0,1,1,1,0,0,0,0,0,7,7,34,688,639,31,0,11,36,1.0,41,0,1863,73,223,36,18932
2025-07-05,argo,voice.data.repo.internals.migrations,Migration43to44,insert,1,1,0.0,1,1.0,0,0,1,0,5,0,1,1,0.0,1,0,2,3,0.0,0,2.0,2,2,0.0,0,0.0,0.5714285714285714,120,112,0.5714285714285714,7,0,1,1,0,3,8,0,0,0,0,0,0,0,0,0,7,0.8571428571428572,7,1.0,7,1,0,0,1,6,0,1,1,1,0,0,0,0,0,7,7,34,688,639,31,0,11,36,1.0,41,0,1863,73,223,36,18932
2025-07-05,argo,voice.data.repo.internals.migrations,Migration43to44,deleteOldTables,1,0,0.0,1,1.0,0,0,1,0,5,0,1,0,0.0,0,0,1,1,0.0,1,2.0,1,1,0.0,0,0.0,0.5714285714285714,120,112,0.5714285714285714,7,0,1,1,0,3,8,0,0,0,0,0,0,0,0,0,7,0.8571428571428572,7,1.0,7,1,0,0,1,6,0,1,1,1,0,0,0,0,0,7,7,34,688,639,31,0,11,36,1.0,41,0,1863,73,223,36,18932
2025-07-05,argo,voice.data.repo.internals.migrations,Migration44,migrate,6,6,0.0,6,0.8889,0,0,1,0,25,2,6,0,0.0,0,0,1,13,0.0,1,2.0,1,1,0.0,0,0.0,1.0,27,25,0.0,1,0,1,1,0,1,1,0,0,0,0,0,0,0,0,0,5,0.0,5,5.0,1,1,0,0,1,0,0,1,0,1,0,0,0,0,0,1,1,34,688,639,31,0,1,13,6.0,41,0,1863,73,223,36,18932
2025-07-05,argo,voice.data.repo.internals.migrations,Migration45,migrate,6,5,0.0,5,0.875,0,0,1,0,24,2,6,0,0.0,0,0,1,14,0.0,1,2.0,1,1,0.0,0,0.0,1.0,26,24,0.0,1,0,1,1,0,1,1,0,0,0,0,0,0,0,0,0,5,0.0,5,5.0,1,1,0,0,1,0,0,1,0,1,0,0,0,0,0,1,1,34,688,639,31,0,1,14,6.0,41,0,1863,73,223,36,18932
2025-07-05,argo,voice.data.repo.internals.migrations,Migration46,migrate,1,1,0.0,2,1.0,0,0,1,0,4,0,1,0,0.0,0,0,1,3,0.0,1,2.0,1,1,0.0,0,0.0,1.0,6,4,0.0,1,0,1,1,0,1,1,0,0,0,0,0,0,0,0,0,1,0.0,1,1.0,1,1,0,0,1,0,0,1,0,1,0,0,0,0,0,1,1,34,688,639,31,0,1,3,1.0,41,0,1863,73,223,36,18932
2025-07-05,argo,voice.data.repo.internals.migrations,Migration47,migrate,1,1,0.0,2,1.0,0,0,1,0,7,0,1,0,0.0,0,0,1,4,0.0,0,2.0,1,1,0.0,0,0.0,1.0,9,7,0.0,1,0,1,1,0,1,1,0,0,0,0,0,0,0,0,0,1,0.0,1,1.0,1,1,0,0,1,0,0,1,0,1,0,0,0,0,0,1,1,34,688,639,31,0,1,4,1.0,41,0,1863,73,223,36,18932
2025-07-05,argo,voice.data.repo.internals.migrations,Migration48,migrate,1,1,0.0,2,1.0,0,0,1,0,4,0,1,0,0.0,0,0,1,3,0.0,1,2.0,1,1,0.0,0,0.0,1.0,6,4,0.0,1,0,1,1,0,1,1,0,0,0,0,0,0,0,0,0,1,0.0,1,1.0,1,1,0,0,1,0,0,1,0,1,0,0,0,0,0,1,1,34,688,639,31,0,1,3,1.0,41,0,1863,73,223,36,18932
2025-07-05,argo,voice.data.repo.internals.migrations,Migration49,migrate,1,3,0.0,5,1.0,0,0,1,0,27,0,1,0,0.0,0,0,1,16,0.0,2,2.3333333333333335,1,1,0.0,0,0.0,1.0,29,27,0.0,1,0,1,1,0,1,1,0,0,0,0,0,0,0,0,0,1,0.0,1,1.0,1,1,0,0,1,0,0,1,0,1,0,0,0,0,0,1,1,34,688,639,31,0,1,16,1.0,41,0,1863,73,223,36,18932
2025-07-05,argo,voice.data.repo.internals.migrations,Migration50,migrate,1,1,0.0,2,1.0,0,0,1,0,6,0,1,0,0.0,0,0,1,3,0.0,1,2.0,1,1,0.0,0,0.0,1.0,8,6,0.0,1,0,1,1,0,1,1,0,0,0,0,0,0,0,0,0,1,0.0,1,1.0,1,1,0,0,1,0,0,1,0,1,0,0,0,0,0,1,1,34,688,639,31,0,1,3,1.0,41,0,1863,73,223,36,18932
2025-07-05,argo,voice.data.repo.internals.migrations,Migration53,migrate,1,1,0.0,2,1.0,0,0,1,0,4,0,1,0,0.0,0,0,1,5,0.0,0,2.25,1,1,0.0,0,0.0,1.0,6,4,0.0,1,0,1,1,0,1,1,0,0,0,0,0,0,0,0,0,1,0.0,1,1.0,1,1,0,0,1,0,0,1,0,1,0,0,0,0,0,1,1,34,688,639,31,0,1,5,1.0,41,0,1863,73,223,36,18932
2025-07-05,argo,voice.data,BookComparatorTest,byLastPlayed,1,1,0.0,2,1.0,0,0,1,0,4,0,1,0,1.0,0,6,1,3,6.0,1,2.5,0,1,0.0,0,1.0,1.0,23,8,0.0,2,6,0,0,0,0,1,0,6,0,0,6,0,0,0,0,2,0.0,2,1.0,2,0,6,0,2,0,0,2,0,1,0,0,0,0,0,2,2,34,688,639,15,0,2,6,1.0,44,1,871,73,223,34,18932
2025-07-05,argo,voice.data,BookComparatorTest,byName,1,1,0.0,2,1.0,0,0,1,0,4,0,1,0,1.0,0,6,1,3,6.0,1,2.5,0,1,0.0,0,1.0,1.0,23,8,0.0,2,6,0,0,0,0,1,0,6,0,0,6,0,0,0,0,2,0.0,2,1.0,2,0,6,0,2,0,0,2,0,1,0,0,0,0,0,2,2,34,688,639,15,0,2,6,1.0,44,1,871,73,223,34,18932
2025-07-05,argo,voice.data,BookTest,bookPositionForSingleFile,1,2,1.0,1,1.0,0,0,1,0,5,0,1,2,0.0,1,0,0,2,0.0,0,2.0,0,0,0.0,0,0.0,1.0,70,58,0.2727272727272727,11,0,0,0,0,3,2,0,0,0,0,0,0,0,0,0,11,0.0,11,1.0,11,0,0,0,10,1,0,10,0,1,0,0,0,0,0,11,11,34,688,639,15,0,0,28,1.0,44,1,871,73,223,34,18932
2025-07-05,argo,voice.data,BookTest,bookPositionForFirstChapterInMultipleFiles,1,3,1.0,1,1.0,0,0,1,0,6,0,1,2,0.0,1,0,0,3,0.0,0,2.0,0,0,0.0,0,0.0,1.0,70,58,0.2727272727272727,11,0,0,0,0,3,2,0,0,0,0,0,0,0,0,0,11,0.0,11,1.0,11,0,0,0,10,1,0,10,0,1,0,0,0,0,0,11,11,34,688,639,15,0,0,28,1.0,44,1,871,73,223,34,18932
2025-07-05,argo,voice.data,BookTest,bookPositionForLastChapterInMultipleFiles,1,3,1.0,1,1.0,0,0,1,0,6,0,1,2,0.0,1,0,0,3,0.0,0,2.0,0,0,0.0,0,0.0,1.0,70,58,0.2727272727272727,11,0,0,0,0,3,2,0,0,0,0,0,0,0,0,0,11,0.0,11,1.0,11,0,0,0,10,1,0,10,0,1,0,0,0,0,0,11,11,34,688,639,15,0,0,28,1.0,44,1,871,73,223,34,18932
2025-07-05,argo,voice.data,BookTest,globalPositionWhenTimeIs0AndCurrentFileIsFirst,1,2,0.0,1,1.0,0,0,1,0,5,0,1,1,0.0,0,0,0,3,0.0,0,2.5,0,0,0.0,0,0.0,1.0,70,58,0.2727272727272727,11,0,0,0,0,3,2,0,0,0,0,0,0,0,0,0,11,0.0,11,1.0,11,0,0,0,10,1,0,10,0,1,0,0,0,0,0,11,11,34,688,639,15,0,0,28,1.0,44,1,871,73,223,34,18932
2025-07-05,argo,voice.data,BookTest,globalPositionWhenTimeIsNot0AndCurrentFileIsFirst,1,2,0.0,1,1.0,0,0,1,0,5,0,1,1,0.0,0,0,0,3,0.0,0,2.5,0,0,0.0,0,0.0,1.0,70,58,0.2727272727272727,11,0,0,0,0,3,2,0,0,0,0,0,0,0,0,0,11,0.0,11,1.0,11,0,0,0,10,1,0,10,0,1,0,0,0,0,0,11,11,34,688,639,15,0,0,28,1.0,44,1,871,73,223,34,18932
2025-07-05,argo,voice.data,BookTest,globalPositionWhenTimeIs0AndCurrentFileIsNotFirst,1,2,0.0,0,0.0,0,0,1,0,5,0,1,1,0.0,0,0,0,2,0.0,0,2.0,0,0,0.0,0,0.0,1.0,70,58,0.2727272727272727,11,0,0,0,0,3,2,0,0,0,0,0,0,0,0,0,11,0.0,11,1.0,11,0,0,0,10,1,0,10,0,1,0,0,0,0,0,11,11,34,688,639,15,0,0,28,1.0,44,1,871,73,223,34,18932
2025-07-05,argo,voice.data,BookTest,globalPositionWhenTimeIsNot0AndCurrentFileIsNotFirst,1,2,0.0,0,0.0,0,0,1,0,5,0,1,1,0.0,0,0,0,2,0.0,0,2.0,0,0,0.0,0,0.0,1.0,70,58,0.2727272727272727,11,0,0,0,0,3,2,0,0,0,0,0,0,0,0,0,11,0.0,11,1.0,11,0,0,0,10,1,0,10,0,1,0,0,0,0,0,11,11,34,688,639,15,0,0,28,1.0,44,1,871,73,223,34,18932
2025-07-05,argo,voice.data,BookTest,totalDuration,1,1,0.0,0,0.0,0,0,1,0,4,0,1,0,0.0,0,0,0,1,0.0,0,2.0,0,0,0.0,0,0.0,1.0,70,58,0.2727272727272727,11,0,0,0,0,3,2,0,0,0,0,0,0,0,0,0,11,0.0,11,1.0,11,0,0,0,10,1,0,10,0,1,0,0,0,0,0,11,11,34,688,639,15,0,0,28,1.0,44,1,871,73,223,34,18932
2025-07-05,argo,voice.data,BookTest,currentChapter,1,4,0.0,1,1.0,0,0,1,0,7,0,1,1,0.0,0,0,0,4,0.0,0,2.0,0,0,0.0,0,0.0,1.0,70,58,0.2727272727272727,11,0,0,0,0,3,2,0,0,0,0,0,0,0,0,0,11,0.0,11,1.0,11,0,0,0,10,1,0,10,0,1,0,0,0,0,0,11,11,34,688,639,15,0,0,28,1.0,44,1,871,73,223,34,18932
2025-07-05,argo,voice.data,BookTest,currentChapterIndex,1,4,0.0,1,1.0,0,0,1,0,7,0,1,1,0.0,0,0,0,4,0.0,0,2.5,0,0,0.0,0,0.0,1.0,70,58,0.2727272727272727,11,0,0,0,0,3,2,0,0,0,0,0,0,0,0,0,11,0.0,11,1.0,11,0,0,0,10,1,0,10,0,1,0,0,0,0,0,11,11,34,688,639,15,0,0,28,1.0,44,1,871,73,223,34,18932
2025-07-05,argo,voice.data,BookTest,bookPosition,1,0,0.0,1,1.0,0,0,1,0,3,0,1,2,0.0,0,0,0,1,0.0,0,2.0,3,0,0.0,0,0.0,1.0,70,58,0.2727272727272727,11,0,0,0,0,3,2,0,0,0,0,0,0,0,0,0,11,0.0,11,1.0,11,0,0,0,10,1,0,10,0,1,0,0,0,0,0,11,11,34,688,639,15,0,0,28,1.0,44,1,871,73,223,34,18932
2025-07-05,argo,voice.data,ChapterTest,`filters duplicates`,1,0,1.0,0,0.0,0,0,2,0,3,0,1,1,0.0,1,0,1,0,0.0,0,0.0,0,1,0.0,0,0.0,1.0,44,31,0.9,10,0,0,0,0,3,2,0,0,0,0,0,0,0,0,0,10,0.19999999999999996,10,1.0,10,0,0,0,9,1,0,9,2,1,0,0,0,0,0,10,10,34,688,639,15,0,10,9,1.0,44,1,871,73,223,34,18932
2025-07-05,argo,voice.data,ChapterTest,`missing start position`,1,0,1.0,0,0.0,0,0,2,0,3,0,1,1,0.0,1,0,1,0,0.0,0,0.0,0,1,0.0,0,0.0,1.0,44,31,0.9,10,0,0,0,0,3,2,0,0,0,0,0,0,0,0,0,10,0.19999999999999996,10,1.0,10,0,0,0,9,1,0,9,2,1,0,0,0,0,0,10,10,34,688,639,15,0,10,9,1.0,44,1,871,73,223,34,18932
2025-07-05,argo,voice.data,ChapterTest,`exceeding end position`,1,0,1.0,0,0.0,0,0,2,0,3,0,1,1,0.0,1,0,1,0,0.0,0,0.0,0,1,0.0,0,0.0,1.0,44,31,0.9,10,0,0,0,0,3,2,0,0,0,0,0,0,0,0,0,10,0.19999999999999996,10,1.0,10,0,0,0,9,1,0,9,2,1,0,0,0,0,0,10,10,34,688,639,15,0,10,9,1.0,44,1,871,73,223,34,18932
2025-07-05,argo,voice.data,ChapterTest,`marks without duration`,1,0,1.0,0,0.0,0,0,2,0,3,0,1,1,0.0,1,0,1,0,0.0,0,0.0,0,1,0.0,0,0.0,1.0,44,31,0.9,10,0,0,0,0,3,2,0,0,0,0,0,0,0,0,0,10,0.19999999999999996,10,1.0,10,0,0,0,9,1,0,9,2,1,0,0,0,0,0,10,10,34,688,639,15,0,10,9,1.0,44,1,871,73,223,34,18932
2025-07-05,argo,voice.data,ChapterTest,`on single chapter creates fallback`,1,0,1.0,0,0.0,0,0,2,0,3,0,1,1,0.0,1,0,1,0,0.0,0,0.0,0,1,0.0,0,0.0,1.0,44,31,0.9,10,0,0,0,0,3,2,0,0,0,0,0,0,0,0,0,10,0.19999999999999996,10,1.0,10,0,0,0,9,1,0,9,2,1,0,0,0,0,0,10,10,34,688,639,15,0,10,9,1.0,44,1,871,73,223,34,18932
2025-07-05,argo,voice.data,ChapterTest,`on missing chapters creates a single fallback`,1,0,1.0,0,0.0,0,0,2,0,3,0,1,1,0.0,1,0,1,0,0.0,0,0.0,0,1,0.0,0,0.0,1.0,44,31,0.9,10,0,0,0,0,3,2,0,0,0,0,0,0,0,0,0,10,0.19999999999999996,10,1.0,10,0,0,0,9,1,0,9,2,1,0,0,0,0,0,10,10,34,688,639,15,0,10,9,1.0,44,1,871,73,223,34,18932
2025-07-05,argo,voice.data,ChapterTest,`negative start points are ignored`,1,0,1.0,0,0.0,0,0,2,0,3,0,1,1,0.0,1,0,1,0,0.0,0,0.0,0,1,0.0,0,0.0,1.0,44,31,0.9,10,0,0,0,0,3,2,0,0,0,0,0,0,0,0,0,10,0.19999999999999996,10,1.0,10,0,0,0,9,1,0,9,2,1,0,0,0,0,0,10,10,34,688,639,15,0,10,9,1.0,44,1,871,73,223,34,18932
2025-07-05,argo,voice.data,ChapterTest,`negative start points without following below zero are ignored`,1,0,1.0,0,0.0,0,0,2,0,3,0,1,1,0.0,1,0,1,0,0.0,0,0.0,0,1,0.0,0,0.0,1.0,44,31,0.9,10,0,0,0,0,3,2,0,0,0,0,0,0,0,0,0,10,0.19999999999999996,10,1.0,10,0,0,0,9,1,0,9,2,1,0,0,0,0,0,10,10,34,688,639,15,0,10,9,1.0,44,1,871,73,223,34,18932
2025-07-05,argo,voice.data,ChapterTest,`no duration mark on first position`,1,0,1.0,0,0.0,0,0,2,0,3,0,1,1,0.0,1,0,1,0,0.0,0,0.0,0,1,0.0,0,0.0,1.0,44,31,0.9,10,0,0,0,0,3,2,0,0,0,0,0,0,0,0,0,10,0.19999999999999996,10,1.0,10,0,0,0,9,1,0,9,2,1,0,0,0,0,0,10,10,34,688,639,15,0,10,9,1.0,44,1,871,73,223,34,18932
2025-07-05,argo,voice.data,ChapterTest,test,1,1,0.0,2,1.0,0,0,2,0,4,0,1,0,0.0,0,0,1,9,0.0,1,2.2857142857142856,3,1,0.0,0,0.0,1.0,44,31,0.9,10,0,0,0,0,3,2,0,0,0,0,0,0,0,0,0,10,0.19999999999999996,10,1.0,10,0,0,0,9,1,0,9,2,1,0,0,0,0,0,10,10,34,688,639,15,0,10,9,1.0,44,1,871,73,223,34,18932
2025-07-05,argo,voice.data,RecentBookSearchTest,`add delete replace`,1,1,0.0,5,0.8,0,0,1,0,17,0,1,0,0.0,0,0,0,10,0.0,1,2.2,0,0,0.0,0,0.0,1.0,28,25,0.0,2,0,0,0,0,0,0,0,0,0,0,0,0,0,0,0,2,0.0,2,1.0,2,0,0,0,2,0,0,2,0,1,0,0,0,0,0,2,2,34,688,639,15,0,0,25,1.0,44,1,871,73,223,34,18932
2025-07-05,argo,voice.data,RecentBookSearchTest,`add over limit replaces`,1,3,0.0,5,1.0,0,0,1,0,8,0,1,0,0.0,0,0,0,15,0.0,1,2.6,0,0,0.0,0,0.0,1.0,28,25,0.0,2,0,0,0,0,0,0,0,0,0,0,0,0,0,0,0,2,0.0,2,1.0,2,0,0,0,2,0,0,2,0,1,0,0,0,0,0,2,2,34,688,639,15,0,0,25,1.0,44,1,871,73,223,34,18932
2025-07-05,argo,voice.data,SqlStatementSplitterTest,chunked,1,3,0.0,3,1.0,0,0,1,0,10,0,1,0,0.0,0,0,2,7,0.0,1,2.0,0,2,0.0,0,0.0,1.0,31,27,0.0,3,0,0,0,0,0,2,0,0,0,0,0,0,0,0,0,3,0.0,3,1.0,3,0,0,0,3,0,0,3,0,1,0,0,0,0,0,3,3,34,688,639,15,0,6,19,1.0,44,1,871,73,223,34,18932
2025-07-05,argo,voice.data,SqlStatementSplitterTest,lessThanThreshold,1,3,0.0,3,1.0,0,0,1,0,10,0,1,0,0.0,0,0,2,7,0.0,1,2.0,0,2,0.0,0,0.0,1.0,31,27,0.0,3,0,0,0,0,0,2,0,0,0,0,0,0,0,0,0,3,0.0,3,1.0,3,0,0,0,3,0,0,3,0,1,0,0,0,0,0,3,3,34,688,639,15,0,6,19,1.0,44,1,871,73,223,34,18932
2025-07-05,argo,voice.data,SqlStatementSplitterTest,noElements,1,3,0.0,2,1.0,0,0,1,0,7,0,1,0,0.0,0,0,2,5,0.0,1,2.0,0,2,0.0,0,0.0,1.0,31,27,0.0,3,0,0,0,0,0,2,0,0,0,0,0,0,0,0,0,3,0.0,3,1.0,3,0,0,0,3,0,0,3,0,1,0,0,0,0,0,3,3,34,688,639,15,0,6,19,1.0,44,1,871,73,223,34,18932
2025-07-05,argo,voice.data.repo.internals,ConvertersTest,instant,1,0,1.0,1,1.0,0,0,1,0,3,0,1,1,0.0,1,0,1,1,0.0,1,2.0,0,1,0.0,0,0.0,0.5714285714285714,32,24,0.8571428571428571,7,0,0,0,0,3,3,0,0,0,0,0,0,0,0,0,7,0.9523809523809523,7,1.0,7,0,0,0,6,1,0,6,0,1,0,0,0,0,0,7,7,34,688,639,4,0,6,9,1.0,45,0,758,73,223,32,18932
2025-07-05,argo,voice.data.repo.internals,ConvertersTest,uuid,1,0,1.0,1,1.0,0,0,1,0,3,0,1,1,0.0,1,0,1,1,0.0,1,2.0,0,1,0.0,0,0.0,0.5714285714285714,32,24,0.8571428571428571,7,0,0,0,0,3,3,0,0,0,0,0,0,0,0,0,7,0.9523809523809523,7,1.0,7,0,0,0,6,1,0,6,0,1,0,0,0,0,0,7,7,34,688,639,4,0,6,9,1.0,45,0,758,73,223,32,18932
2025-07-05,argo,voice.data.repo.internals,ConvertersTest,file,1,0,1.0,1,1.0,0,0,1,0,3,0,1,1,0.0,1,0,1,1,0.0,0,2.0,0,1,0.0,0,0.0,0.5714285714285714,32,24,0.8571428571428571,7,0,0,0,0,3,3,0,0,0,0,0,0,0,0,0,7,0.9523809523809523,7,1.0,7,0,0,0,6,1,0,6,0,1,0,0,0,0,0,7,7,34,688,639,4,0,6,9,1.0,45,0,758,73,223,32,18932
2025-07-05,argo,voice.data.repo.internals,ConvertersTest,bookType,1,0,1.0,1,1.0,0,0,1,0,3,0,1,2,0.0,1,0,1,2,0.0,0,3.0,0,1,0.0,0,0.0,0.5714285714285714,32,24,0.8571428571428571,7,0,0,0,0,3,3,0,0,0,0,0,0,0,0,0,7,0.9523809523809523,7,1.0,7,0,0,0,6,1,0,6,0,1,0,0,0,0,0,7,7,34,688,639,4,0,6,9,1.0,45,0,758,73,223,32,18932
2025-07-05,argo,voice.data.repo.internals,ConvertersTest,marksEmpty,1,0,1.0,0,0.0,0,0,1,0,3,0,1,1,0.0,1,0,1,0,0.0,0,0.0,0,1,0.0,0,0.0,0.5714285714285714,32,24,0.8571428571428571,7,0,0,0,0,3,3,0,0,0,0,0,0,0,0,0,7,0.9523809523809523,7,1.0,7,0,0,0,6,1,0,6,0,1,0,0,0,0,0,7,7,34,688,639,4,0,6,9,1.0,45,0,758,73,223,32,18932
2025-07-05,argo,voice.data.repo.internals,ConvertersTest,marks,1,0,1.0,1,1.0,0,0,1,0,3,0,1,1,0.0,1,0,1,1,0.0,0,2.0,0,1,0.0,0,0.0,0.5714285714285714,32,24,0.8571428571428571,7,0,0,0,0,3,3,0,0,0,0,0,0,0,0,0,7,0.9523809523809523,7,1.0,7,0,0,0,6,1,0,6,0,1,0,0,0,0,0,7,7,34,688,639,4,0,6,9,1.0,45,0,758,73,223,32,18932
2025-07-05,argo,voice.data.repo.internals,ConvertersTest,test,1,3,0.0,2,1.0,0,0,1,0,6,0,1,0,0.0,0,0,0,3,0.0,1,2.0,3,0,0.0,0,0.0,0.5714285714285714,32,24,0.8571428571428571,7,0,0,0,0,3,3,0,0,0,0,0,0,0,0,0,7,0.9523809523809523,7,1.0,7,0,0,0,6,1,0,6,0,1,0,0,0,0,0,7,7,34,688,639,4,0,6,9,1.0,45,0,758,73,223,32,18932
2025-07-05,argo,voice.data.repo.internals,DataBaseMigratorTest,emptyTableLeadsToCorrectSchema,1,2,0.0,4,0.75,0,0,1,0,9,0,1,0,1.0,0,1,1,8,0.5,1,2.4285714285714284,0,1,0.0,0,1.0,1.0,222,128,0.0,3,1,0,0,0,0,11,0,0,0,0,1,0,0,0,0,3,0.0,3,1.0,3,0,1,0,3,0,0,3,0,1,0,0,0,0,0,8,8,34,688,639,4,0,11,125,1.0,45,0,758,73,223,32,18932
2025-07-05,argo,voice.data.repo.internals,DataBaseMigratorTest,migrate44,1,12,0.0,6,0.8333,0,0,1,0,27,0,1,0,1.0,0,1,4,20,0.1,2,2.0,0,4,0.0,0,1.0,1.0,222,128,0.0,3,1,0,0,0,0,11,0,0,0,0,1,0,0,0,0,3,0.0,3,1.0,3,0,1,0,3,0,0,3,0,1,0,0,0,0,0,8,8,34,688,639,4,0,11,125,1.0,45,0,758,73,223,32,18932
2025-07-05,argo,voice.data.repo.internals,DataBaseMigratorTest,migrate43,1,17,0.0,34,0.434,0,0,1,0,92,0,1,0,1.0,0,1,6,97,0.07,2,2.086206896551724,0,6,0.0,0,1.0,1.0,222,128,0.0,3,1,0,0,0,0,11,0,0,0,0,1,0,0,0,0,3,0.0,3,1.0,3,0,1,0,3,0,0,3,0,1,0,0,0,0,0,8,8,34,688,639,4,0,11,125,1.0,45,0,758,73,223,32,18932
2025-07-05,argo,voice.data.repo.internals.migrations,Migration39to40Test,setUp,1,1,0.0,4,1.0,0,1,1,0,11,0,1,0,1.0,0,2,1,10,2.0,1,2.5,0,0,0.0,0,0.3333333333333333,0.75,77,21,0.3333333333333333,3,2,0,0,0,1,4,0,2,0,0,0,0,0,2,0,4,1.0,4,1.0,4,0,2,0,3,1,0,3,0,1,0,0,0,0,0,6,6,34,688,639,31,0,3,35,1.0,41,0,1863,73,223,36,18932
2025-07-05,argo,voice.data.repo.internals.migrations,Migration39to40Test,tearDown,1,0,0.0,1,1.0,0,1,1,0,3,0,1,0,1.0,0,1,0,1,1.0,1,2.0,0,0,0.0,0,0.3333333333333333,0.75,77,21,0.3333333333333333,3,2,0,0,0,1,4,0,2,0,0,0,0,0,2,0,4,1.0,4,1.0,4,0,2,0,3,1,0,3,0,1,0,0,0,0,0,6,6,34,688,639,31,0,3,35,1.0,41,0,1863,73,223,36,18932
2025-07-05,argo,voice.data.repo.internals.migrations,Migration39to40Test,negativeNumbersBecomeZero,1,4,1.0,5,1.0,0,1,1,0,10,0,1,2,1.0,1,1,2,16,0.25,1,2.7777777777777777,0,2,0.0,0,0.3333333333333333,0.75,77,21,0.3333333333333333,3,2,0,0,0,1,4,0,2,0,0,0,0,0,2,0,4,1.0,4,1.0,4,0,2,0,3,1,0,3,0,1,0,0,0,0,0,6,6,34,688,639,31,0,3,35,1.0,41,0,1863,73,223,36,18932
2025-07-05,argo,voice.data.repo.internals.migrations,Migration39to40Test,contentValuesForBookWithTime,1,0,0.0,7,0.2857,0,1,1,0,8,0,1,0,0.0,0,0,0,8,0.0,0,2.0,1,0,0.0,0,0.3333333333333333,0.75,77,21,0.3333333333333333,3,2,0,0,0,1,4,0,2,0,0,0,0,0,2,0,4,1.0,4,1.0,4,0,2,0,3,1,0,3,0,1,0,0,0,0,0,6,6,34,688,639,31,0,3,35,1.0,41,0,1863,73,223,36,18932
2025-07-05,argo,voice.data.repo.internals.migrations,Migration40to41Test,setUp,1,1,0.0,4,1.0,0,1,1,0,11,0,1,0,1.0,0,2,1,10,2.0,1,2.5,0,0,0.0,0,0.4,0.8,83,26,0.5,4,2,0,0,0,0,5,0,2,0,0,0,0,0,2,0,5,0.8,5,1.0,5,0,2,0,4,1,0,4,0,1,0,0,0,0,0,7,7,34,688,639,31,0,4,41,1.0,41,0,1863,73,223,36,18932
2025-07-05,argo,voice.data.repo.internals.migrations,Migration40to41Test,insertBeforeMigrationThrows,1,1,2.0,1,1.0,0,1,1,0,5,0,1,1,1.0,2,1,1,5,1.0,1,2.3333333333333335,0,1,0.0,0,0.4,0.8,83,26,0.5,4,2,0,0,0,0,5,0,2,0,0,0,0,0,2,0,5,0.8,5,1.0,5,0,2,0,4,1,0,4,0,1,0,0,0,0,0,7,7,34,688,639,31,0,4,41,1.0,41,0,1863,73,223,36,18932
2025-07-05,argo,voice.data.repo.internals.migrations,Migration40to41Test,insert,1,5,1.0,6,1.0,0,1,1,0,10,0,1,1,1.0,2,1,2,17,0.2,2,2.6,0,2,0.0,0,0.4,0.8,83,26,0.5,4,2,0,0,0,0,5,0,2,0,0,0,0,0,2,0,5,0.8,5,1.0,5,0,2,0,4,1,0,4,0,1,0,0,0,0,0,7,7,34,688,639,31,0,4,41,1.0,41,0,1863,73,223,36,18932
2025-07-05,argo,voice.data.repo.internals.migrations,Migration40to41Test,bookContentValues,1,0,0.0,7,0.2857,0,1,1,0,8,0,1,0,0.0,0,0,0,8,0.0,0,2.0,0,0,0.0,0,0.4,0.8,83,26,0.5,4,2,0,0,0,0,5,0,2,0,0,0,0,0,2,0,5,0.8,5,1.0,5,0,2,0,4,1,0,4,0,1,0,0,0,0,0,7,7,34,688,639,31,0,4,41,1.0,41,0,1863,73,223,36,18932
2025-07-05,argo,voice.data.repo.internals.migrations,Migration40to41Test,tearDown,1,0,0.0,1,1.0,0,1,1,0,3,0,1,0,1.0,0,1,0,1,1.0,1,2.0,0,0,0.0,0,0.4,0.8,83,26,0.5,4,2,0,0,0,0,5,0,2,0,0,0,0,0,2,0,5,0.8,5,1.0,5,0,2,0,4,1,0,4,0,1,0,0,0,0,0,7,7,34,688,639,31,0,4,41,1.0,41,0,1863,73,223,36,18932
2025-07-05,argo,voice.datastore,KotlinxDataStoreSerializer,readFrom,1,0,0.0,1,1.0,0,0,1,0,1,0,1,0,0.0,0,0,0,1,0.0,1,2.0,1,0,0.0,0,0.0,0.0,7,4,0.0,2,0,2,1,0,3,1,0,0,0,0,0,0,0,0,0,2,1.0,2,1.0,2,2,0,0,2,0,0,2,1,1,0,0,0,0,0,2,2,34,688,639,2,0,1,2,1.0,5,0,85,73,223,5,18932
2025-07-05,argo,voice.datastore,KotlinxDataStoreSerializer,writeTo,1,0,0.0,1,1.0,0,0,1,0,3,0,1,0,0.0,0,0,1,1,0.0,1,2.0,2,1,0.0,0,0.0,0.0,7,4,0.0,2,0,2,1,0,3,1,0,0,0,0,0,0,0,0,0,2,1.0,2,1.0,2,2,0,0,2,0,0,2,1,1,0,0,0,0,0,2,2,34,688,639,2,0,1,2,1.0,5,0,85,73,223,5,18932
2025-07-05,argo,voice.datastore,VoiceDataStoreFactory,create,1,0,0.0,0,0.0,0,0,1,0,3,0,1,0,0.0,1,0,0,2,0.0,2,2.0,3,0,0.0,0,0.0,1.0,13,9,0.6666666666666666,3,0,0,0,0,8,0,0,0,0,0,0,0,0,0,0,3,0.0,3,1.0,3,0,0,0,3,0,0,3,1,1,0,0,0,0,0,3,3,34,688,639,2,0,0,4,1.0,5,0,85,73,223,5,18932
2025-07-05,argo,voice.datastore,VoiceDataStoreFactory,int,1,0,1.0,1,1.0,0,0,1,0,3,0,1,1,0.0,1,0,0,1,0.0,1,2.0,2,0,0.0,0,0.0,1.0,13,9,0.6666666666666666,3,0,0,0,0,8,0,0,0,0,0,0,0,0,0,0,3,0.0,3,1.0,3,0,0,0,3,0,0,3,1,1,0,0,0,0,0,3,3,34,688,639,2,0,0,4,1.0,5,0,85,73,223,5,18932
2025-07-05,argo,voice.datastore,VoiceDataStoreFactory,boolean,1,0,1.0,1,1.0,0,0,1,0,3,0,1,1,0.0,1,0,0,1,0.0,1,2.0,2,0,0.0,0,0.0,1.0,13,9,0.6666666666666666,3,0,0,0,0,8,0,0,0,0,0,0,0,0,0,0,3,0.0,3,1.0,3,0,0,0,3,0,0,3,1,1,0,0,0,0,0,3,3,34,688,639,2,0,0,4,1.0,5,0,85,73,223,5,18932
2025-07-05,argo,voice.documentfile,RealCachedDocumentFile,toString,1,0,0.0,0,0.0,0,0,1,0,1,0,1,0,0.0,0,0,0,1,0.0,0,0.0,0,0,0.0,0,0.0,0.0,21,1,0.0,1,7,1,1,0,1,0,0,1,0,0,7,0,0,0,0,1,0.0,1,1.0,1,1,7,0,1,0,0,1,0,1,0,0,0,0,0,1,1,34,688,639,6,0,0,1,1.0,9,2,259,73,223,2,18932
2025-07-05,argo,voice.documentfile,RealCachedDocumentFileFactory,create,1,0,0.0,0,0.0,0,0,1,1,3,0,1,0,0.0,0,0,0,1,0.0,0,0.0,1,0,0.0,0,0.0,1.0,5,3,0.0,1,0,1,1,0,2,0,0,0,0,0,0,0,0,0,0,1,0.0,1,1.0,1,1,0,0,1,0,0,1,1,1,0,0,0,0,0,1,1,34,688,639,6,0,0,1,1.0,9,2,259,73,223,2,18932
2025-07-05,argo,voice.folderPicker.addcontent,AddContentViewModel,add,4,0,0.0,3,0.6667,0,0,2,0,19,2,4,0,0.0,1,0,0,6,0.0,1,2.0,2,0,0.0,0,0.0,0.5,29,22,0.0,2,0,0,0,0,2,1,0,0,0,0,0,0,0,0,0,4,0.0,4,2.0,2,0,0,0,0,0,0,0,0,1,0,0,0,0,0,3,3,34,688,639,2,0,1,7,2.5,9,1,317,73,223,2,18932
2025-07-05,argo,voice.folderPicker.addcontent,AddContentViewModel,back,1,0,0.0,1,1.0,0,0,2,0,3,0,1,0,0.0,0,0,1,1,0.0,1,2.0,0,1,0.0,0,0.0,0.5,29,22,0.0,2,0,0,0,0,2,1,0,0,0,0,0,0,0,0,0,4,0.0,4,2.0,2,0,0,0,0,0,0,0,0,1,0,0,0,0,0,3,3,34,688,639,2,0,1,7,2.5,9,1,317,73,223,2,18932
2025-07-05,argo,voice.folderPicker.folderPicker,FolderPickerViewModel,viewState,1,1,1.0,1,1.0,0,0,1,0,4,0,1,1,0.0,1,0,0,3,0.0,2,2.0,0,0,0.0,0,0.0,0.5,18,13,0.25,4,0,0,0,0,3,2,0,0,0,0,0,0,0,0,0,4,1.0,4,1.0,4,0,0,0,2,1,0,2,0,1,0,0,0,0,0,4,4,34,688,639,4,0,2,19,1.25,7,1,245,73,223,4,18932
2025-07-05,argo,voice.folderPicker.folderPicker,FolderPickerViewModel,items,2,0,0.0,1,1.0,0,0,1,0,3,0,2,0,0.0,0,0,0,8,0.0,0,2.142857142857143,0,0,0.0,0,0.0,0.5,18,13,0.25,4,0,0,0,0,3,2,0,0,0,0,0,0,0,0,0,4,1.0,4,1.0,4,0,0,0,2,1,0,2,0,1,0,0,0,0,0,4,4,34,688,639,4,0,2,19,1.25,7,1,245,73,223,4,18932
2025-07-05,argo,voice.folderPicker.folderPicker,FolderPickerViewModel,add,1,0,0.0,1,1.0,0,0,1,0,3,0,1,0,0.0,0,0,1,5,0.0,0,6.0,0,1,0.0,0,0.0,0.5,18,13,0.25,4,0,0,0,0,3,2,0,0,0,0,0,0,0,0,0,4,1.0,4,1.0,4,0,0,0,2,1,0,2,0,1,0,0,0,0,0,4,4,34,688,639,4,0,2,19,1.25,7,1,245,73,223,4,18932
2025-07-05,argo,voice.folderPicker.folderPicker,FolderPickerViewModel,removeFolder,1,0,0.0,1,1.0,0,0,1,0,3,0,1,0,0.0,0,0,1,3,0.0,0,2.5,1,1,0.0,0,0.0,0.5,18,13,0.25,4,0,0,0,0,3,2,0,0,0,0,0,0,0,0,0,4,1.0,4,1.0,4,0,0,0,2,1,0,2,0,1,0,0,0,0,0,4,4,34,688,639,4,0,2,19,1.25,7,1,245,73,223,4,18932
2025-07-05,argo,voice.folderPicker.selectType,SelectFolderTypeViewModel,defaultFolderMode,3,1,0.0,3,1.0,0,1,2,0,15,1,3,0,0.0,0,0,0,5,0.0,0,2.0,0,0,0.0,0,0.3,0.8,74,59,0.25,5,1,0,0,0,2,3,0,1,0,0,0,0,0,1,0,7,0.6,7,1.4,5,0,1,0,0,1,0,0,0,1,0,0,0,0,0,6,6,34,688,639,5,0,4,39,3.8,16,1,693,73,223,6,18932
2025-07-05,argo,voice.folderPicker.selectType,SelectFolderTypeViewModel,setFolderMode,1,0,0.0,0,0.0,0,1,2,0,3,0,1,0,0.5,0,1,1,0,1.0,0,2.0,1,0,0.0,0,0.3,0.8,74,59,0.25,5,1,0,0,0,2,3,0,1,0,0,0,0,0,1,0,7,0.6,7,1.4,5,0,1,0,0,1,0,0,0,1,0,0,0,0,0,6,6,34,688,639,5,0,4,39,3.8,16,1,693,73,223,6,18932
2025-07-05,argo,voice.folderPicker.selectType,SelectFolderTypeViewModel,onCloseClick,1,0,0.0,1,1.0,0,1,2,0,3,0,1,0,0.0,0,0,1,1,0.0,1,2.0,0,1,0.0,0,0.3,0.8,74,59,0.25,5,1,0,0,0,2,3,0,1,0,0,0,0,0,1,0,7,0.6,7,1.4,5,0,1,0,0,1,0,0,0,1,0,0,0,0,0,6,6,34,688,639,5,0,4,39,3.8,16,1,693,73,223,6,18932
2025-07-05,argo,voice.folderPicker.selectType,SelectFolderTypeViewModel,add,3,0,0.0,1,1.0,0,1,2,0,16,1,3,0,1.0,1,1,1,6,1.0,0,2.0,0,1,0.0,0,0.3,0.8,74,59,0.25,5,1,0,0,0,2,3,0,1,0,0,0,0,0,1,0,7,0.6,7,1.4,5,0,1,0,0,1,0,0,0,1,0,0,0,0,0,6,6,34,688,639,5,0,4,39,3.8,16,1,693,73,223,6,18932
2025-07-05,argo,voice.folderPicker.selectType,SelectFolderTypeViewModel,viewState,11,5,1.0,10,1.0,0,1,2,0,25,1,11,1,1.0,1,0,1,27,0.33,2,2.1785714285714284,0,1,0.0,0,0.3,0.8,74,59,0.25,5,1,0,0,0,2,3,0,1,0,0,0,0,0,1,0,7,0.6,7,1.4,5,0,1,0,0,1,0,0,0,1,0,0,0,0,0,6,6,34,688,639,5,0,4,39,3.8,16,1,693,73,223,6,18932
2025-07-05,argo,voice.folderPicker.selectType,SelectFolderTypeViewModelTest,test,3,2,0.0,10,0.8333,0,0,1,0,24,0,3,0,1.0,0,1,0,25,0.5,1,2.2916666666666665,0,0,0.0,0,0.0,1.0,28,24,0.0,1,1,0,0,0,0,0,0,0,0,0,1,0,0,0,0,1,0.0,1,1.0,1,0,1,0,1,0,0,1,0,1,0,0,0,0,0,2,2,34,688,639,5,0,0,25,3.0,16,1,693,73,223,6,18932
2025-07-05,argo,voice.logging.debug,DebugLogWriter,log,11,7,0.0,8,0.875,1,0,1,0,29,2,11,0,0.0,0,0,0,14,0.0,1,2.066666666666667,3,0,0.0,0,0.0,1.0,31,29,0.0,1,0,1,1,0,3,0,0,0,0,0,0,0,0,0,0,5,0.0,5,5.0,1,1,0,0,1,0,0,1,0,1,0,0,0,0,0,1,1,34,688,639,2,0,0,14,11.0,4,0,94,73,223,3,18932
2025-07-05,argo,voice.logging.debug,DebugLogWriterInitializer,create,1,0,0.0,1,1.0,1,0,1,0,3,0,1,0,0.0,0,0,1,1,0.0,1,2.0,1,1,0.0,0,0.0,0.0,7,4,0.0,2,0,2,1,0,2,1,0,0,0,0,0,0,0,0,0,2,1.0,2,1.0,2,2,0,0,2,0,0,2,1,1,0,0,0,0,0,2,2,34,688,639,2,0,1,2,1.0,4,0,94,73,223,3,18932
2025-07-05,argo,voice.logging.debug,DebugLogWriterInitializer,dependencies,1,0,0.0,0,0.0,1,0,1,0,1,0,1,0,0.0,0,0,0,1,0.0,0,0.0,0,0,0.0,0,0.0,0.0,7,4,0.0,2,0,2,1,0,2,1,0,0,0,0,0,0,0,0,0,2,1.0,2,1.0,2,2,0,0,2,0,0,2,1,1,0,0,0,0,0,2,2,34,688,639,2,0,1,2,1.0,4,0,94,73,223,3,18932
2025-07-05,argo,voice.onboarding.completion,OnboardingCompletionViewModel,next,1,0,0.0,1,1.0,0,0,1,0,4,0,1,0,1.0,0,1,1,2,1.0,0,2.0,0,1,0.0,0,0.0,0.0,12,7,0.0,2,1,0,0,0,0,2,0,1,0,0,1,0,0,0,0,2,1.0,2,1.0,2,0,1,0,2,0,0,2,0,1,0,0,0,0,0,2,2,34,688,639,2,0,2,3,1.0,5,1,152,73,223,2,18932
2025-07-05,argo,voice.onboarding.completion,OnboardingCompletionViewModel,back,1,0,0.0,1,1.0,0,0,1,0,3,0,1,0,0.0,0,0,1,1,0.0,1,2.0,0,1,0.0,0,0.0,0.0,12,7,0.0,2,1,0,0,0,0,2,0,1,0,0,1,0,0,0,0,2,1.0,2,1.0,2,0,1,0,2,0,0,2,0,1,0,0,0,0,0,2,2,34,688,639,2,0,2,3,1.0,5,1,152,73,223,2,18932
2025-07-05,argo,voice.playback,PlayerController,newControllerAsync,1,0,0.0,1,1.0,0,4,1,0,1,0,1,0,0.0,0,0,0,4,0.0,0,3.0,0,0,0.0,0,0.6862745098039216,0.9444444444444444,110,62,0.2857142857142857,18,3,0,0,0,11,2,0,3,0,0,2,0,0,1,0,23,0.4117647058823529,23,1.2777777777777777,18,0,3,0,14,4,0,14,1,1,0,0,0,0,0,18,18,34,688,639,1,0,0,54,1.6111111111111112,14,0,176,73,223,18,18932
2025-07-05,argo,voice.playback,PlayerController,setPosition,2,3,0.0,3,1.0,0,4,1,0,8,1,2,2,0.4,0,1,0,5,0.2,1,2.4,2,0,0.0,0,0.6862745098039216,0.9444444444444444,110,62,0.2857142857142857,18,3,0,0,0,11,2,0,3,0,0,2,0,0,1,0,23,0.4117647058823529,23,1.2777777777777777,18,0,3,0,14,4,0,14,1,1,0,0,0,0,0,18,18,34,688,639,1,0,0,54,1.6111111111111112,14,0,176,73,223,18,18932
2025-07-05,argo,voice.playback,PlayerController,pauseIfCurrentBookDifferentFrom,2,2,2.0,1,1.0,0,4,1,0,9,1,2,3,0.8,2,1,0,4,0.67,1,2.0,1,0,0.0,0,0.6862745098039216,0.9444444444444444,110,62,0.2857142857142857,18,3,0,0,0,11,2,0,3,0,0,2,0,0,1,0,23,0.4117647058823529,23,1.2777777777777777,18,0,3,0,14,4,0,14,1,1,0,0,0,0,0,18,18,34,688,639,1,0,0,54,1.6111111111111112,14,0,176,73,223,18,18932
2025-07-05,argo,voice.playback,PlayerController,skipSilence,1,0,0.0,1,1.0,0,4,1,0,1,0,1,1,0.6666666666666666,0,1,0,2,1.0,0,3.0,1,0,0.0,0,0.6862745098039216,0.9444444444444444,110,62,0.2857142857142857,18,3,0,0,0,11,2,0,3,0,0,2,0,0,1,0,23,0.4117647058823529,23,1.2777777777777777,18,0,3,0,14,4,0,14,1,1,0,0,0,0,0,18,18,34,688,639,1,0,0,54,1.6111111111111112,14,0,176,73,223,18,18932
2025-07-05,argo,voice.playback,PlayerController,fastForward,1,0,0.0,1,1.0,0,4,1,0,1,0,1,1,1.0,0,1,0,1,1.0,1,2.0,0,0,0.0,0,0.6862745098039216,0.9444444444444444,110,62,0.2857142857142857,18,3,0,0,0,11,2,0,3,0,0,2,0,0,1,0,23,0.4117647058823529,23,1.2777777777777777,18,0,3,0,14,4,0,14,1,1,0,0,0,0,0,18,18,34,688,639,1,0,0,54,1.6111111111111112,14,0,176,73,223,18,18932
2025-07-05,argo,voice.playback,PlayerController,rewind,1,0,0.0,1,1.0,0,4,1,0,1,0,1,1,1.0,0,1,0,1,1.0,1,2.0,0,0,0.0,0,0.6862745098039216,0.9444444444444444,110,62,0.2857142857142857,18,3,0,0,0,11,2,0,3,0,0,2,0,0,1,0,23,0.4117647058823529,23,1.2777777777777777,18,0,3,0,14,4,0,14,1,1,0,0,0,0,0,18,18,34,688,639,1,0,0,54,1.6111111111111112,14,0,176,73,223,18,18932
2025-07-05,argo,voice.playback,PlayerController,previous,1,0,0.0,1,1.0,0,4,1,0,1,0,1,1,1.0,0,1,0,2,1.0,0,3.0,0,0,0.0,0,0.6862745098039216,0.9444444444444444,110,62,0.2857142857142857,18,3,0,0,0,11,2,0,3,0,0,2,0,0,1,0,23,0.4117647058823529,23,1.2777777777777777,18,0,3,0,14,4,0,14,1,1,0,0,0,0,0,18,18,34,688,639,1,0,0,54,1.6111111111111112,14,0,176,73,223,18,18932
2025-07-05,argo,voice.playback,PlayerController,next,1,0,0.0,1,1.0,0,4,1,0,1,0,1,1,1.0,0,1,0,2,1.0,0,3.0,0,0,0.0,0,0.6862745098039216,0.9444444444444444,110,62,0.2857142857142857,18,3,0,0,0,11,2,0,3,0,0,2,0,0,1,0,23,0.4117647058823529,23,1.2777777777777777,18,0,3,0,14,4,0,14,1,1,0,0,0,0,0,18,18,34,688,639,1,0,0,54,1.6111111111111112,14,0,176,73,223,18,18932
2025-07-05,argo,voice.playback,PlayerController,play,1,0,0.0,0,0.0,0,4,1,0,1,0,1,1,1.0,1,1,0,1,1.0,1,2.0,0,0,0.0,0,0.6862745098039216,0.9444444444444444,110,62,0.2857142857142857,18,3,0,0,0,11,2,0,3,0,0,2,0,0,1,0,23,0.4117647058823529,23,1.2777777777777777,18,0,3,0,14,4,0,14,1,1,0,0,0,0,0,18,18,34,688,639,1,0,0,54,1.6111111111111112,14,0,176,73,223,18,18932
2025-07-05,argo,voice.playback,PlayerController,playPause,3,0,1.0,2,1.0,0,4,1,0,5,0,3,1,1.0,1,1,0,3,1.0,1,2.0,0,0,0.0,0,0.6862745098039216,0.9444444444444444,110,62,0.2857142857142857,18,3,0,0,0,11,2,0,3,0,0,2,0,0,1,0,23,0.4117647058823529,23,1.2777777777777777,18,0,3,0,14,4,0,14,1,1,0,0,0,0,0,18,18,34,688,639,1,0,0,54,1.6111111111111112,14,0,176,73,223,18,18932
2025-07-05,argo,voice.playback,PlayerController,maybePrepare,2,2,1.0,4,0.75,0,4,1,0,10,1,2,1,1.0,1,0,0,10,0.33,1,2.25,1,0,0.0,0,0.6862745098039216,0.9444444444444444,110,62,0.2857142857142857,18,3,0,0,0,11,2,0,3,0,0,2,0,0,1,0,23,0.4117647058823529,23,1.2777777777777777,18,0,3,0,14,4,0,14,1,1,0,0,0,0,0,18,18,34,688,639,1,0,0,54,1.6111111111111112,14,0,176,73,223,18,18932
2025-07-05,argo,voice.playback,PlayerController,currentBookId,2,2,0.0,1,1.0,0,4,1,0,10,0,2,0,0.0,0,0,0,3,0.0,0,2.142857142857143,0,0,0.0,0,0.6862745098039216,0.9444444444444444,110,62,0.2857142857142857,18,3,0,0,0,11,2,0,3,0,0,2,0,0,1,0,23,0.4117647058823529,23,1.2777777777777777,18,0,3,0,14,4,0,14,1,1,0,0,0,0,0,18,18,34,688,639,1,0,0,54,1.6111111111111112,14,0,176,73,223,18,18932
2025-07-05,argo,voice.playback,PlayerController,pauseWithRewind,1,0,0.0,2,0.5,0,4,1,0,4,0,1,2,0.8,0,1,0,5,1.0,1,2.6666666666666665,1,0,0.0,0,0.6862745098039216,0.9444444444444444,110,62,0.2857142857142857,18,3,0,0,0,11,2,0,3,0,0,2,0,0,1,0,23,0.4117647058823529,23,1.2777777777777777,18,0,3,0,14,4,0,14,1,1,0,0,0,0,0,18,18,34,688,639,1,0,0,54,1.6111111111111112,14,0,176,73,223,18,18932
2025-07-05,argo,voice.playback,PlayerController,setSpeed,1,0,0.0,1,1.0,0,4,1,0,1,0,1,1,0.6666666666666666,0,1,0,1,1.0,1,2.0,1,0,0.0,0,0.6862745098039216,0.9444444444444444,110,62,0.2857142857142857,18,3,0,0,0,11,2,0,3,0,0,2,0,0,1,0,23,0.4117647058823529,23,1.2777777777777777,18,0,3,0,14,4,0,14,1,1,0,0,0,0,0,18,18,34,688,639,1,0,0,54,1.6111111111111112,14,0,176,73,223,18,18932
2025-07-05,argo,voice.playback,PlayerController,setGain,1,0,0.0,1,1.0,0,4,1,0,1,0,1,1,0.6666666666666666,0,1,0,2,1.0,0,3.0,1,0,0.0,0,0.6862745098039216,0.9444444444444444,110,62,0.2857142857142857,18,3,0,0,0,11,2,0,3,0,0,2,0,0,1,0,23,0.4117647058823529,23,1.2777777777777777,18,0,3,0,14,4,0,14,1,1,0,0,0,0,0,18,18,34,688,639,1,0,0,54,1.6111111111111112,14,0,176,73,223,18,18932
2025-07-05,argo,voice.playback,PlayerController,setVolume,1,0,0.0,0,0.0,0,4,1,0,4,0,1,1,0.0,0,0,0,1,0.0,0,2.5,1,0,0.0,0,0.6862745098039216,0.9444444444444444,110,62,0.2857142857142857,18,3,0,0,0,11,2,0,3,0,0,2,0,0,1,0,23,0.4117647058823529,23,1.2777777777777777,18,0,3,0,14,4,0,14,1,1,0,0,0,0,0,18,18,34,688,639,1,0,0,54,1.6111111111111112,14,0,176,73,223,18,18932
2025-07-05,argo,voice.playback,PlayerController,executeAfterPrepare,2,1,2.0,0,0.0,0,4,1,0,8,1,2,1,0.8,2,1,0,3,1.0,0,2.0,1,0,0.0,0,0.6862745098039216,0.9444444444444444,110,62,0.2857142857142857,18,3,0,0,0,11,2,0,3,0,0,2,0,0,1,0,23,0.4117647058823529,23,1.2777777777777777,18,0,3,0,14,4,0,14,1,1,0,0,0,0,0,18,18,34,688,639,1,0,0,54,1.6111111111111112,14,0,176,73,223,18,18932
2025-07-05,argo,voice.playback,PlayerController,awaitConnect,5,0,0.0,2,1.0,0,4,1,0,9,1,5,0,1.0,0,1,0,4,1.0,1,2.0,0,0,0.0,0,0.6862745098039216,0.9444444444444444,110,62,0.2857142857142857,18,3,0,0,0,11,2,0,3,0,0,2,0,0,1,0,23,0.4117647058823529,23,1.2777777777777777,18,0,3,0,14,4,0,14,1,1,0,0,0,0,0,18,18,34,688,639,1,0,0,54,1.6111111111111112,14,0,176,73,223,18,18932
2025-07-05,argo,voice.playback.misc,Decibel,compareTo,1,0,0.0,0,0.0,0,0,1,0,1,0,1,0,0.0,1,0,0,2,0.0,0,3.0,1,0,0.0,0,0.0,0.0,9,1,0.0,1,1,0,0,1,0,0,0,0,0,2,2,1,1,0,0,1,0.0,1,1.0,1,0,1,0,1,0,0,1,0,1,0,0,0,0,0,1,1,34,688,639,3,0,0,2,1.0,6,0,137,73,223,8,18932
2025-07-05,argo,voice.playback.misc,VolumeGainSetter,set,3,0,0.0,2,1.0,0,2,2,1,11,1,3,2,0.0,3,0,1,5,0.0,1,2.25,2,1,0.0,0,0.2,0.8333333333333334,67,38,0.25,6,1,0,0,0,4,3,0,1,0,0,0,0,0,1,0,11,0.6,11,1.8333333333333333,6,0,3,0,2,5,0,2,2,2,0,0,0,0,0,6,6,34,688,639,3,0,4,31,3.0,6,0,137,73,223,8,18932
2025-07-05,argo,voice.playback.misc,VolumeGainSetter,reset,1,0,0.0,2,1.0,0,2,2,1,5,0,1,0,1.0,0,1,1,3,1.0,1,2.5,0,1,0.0,0,0.2,0.8333333333333334,67,38,0.25,6,1,0,0,0,4,3,0,1,0,0,0,0,0,1,0,11,0.6,11,1.8333333333333333,6,0,3,0,2,5,0,2,2,2,0,0,0,0,0,6,6,34,688,639,3,0,4,31,3.0,6,0,137,73,223,8,18932
2025-07-05,argo,voice.playback.misc,VolumeGainSetter,createNewConfiguration,3,1,2.0,1,1.0,0,2,2,1,11,1,3,2,0.2,3,1,1,6,0.33,1,2.0,2,1,0.0,0,0.2,0.8333333333333334,67,38,0.25,6,1,0,0,0,4,3,0,1,0,0,0,0,0,1,0,11,0.6,11,1.8333333333333333,6,0,3,0,2,5,0,2,2,2,0,0,0,0,0,6,6,34,688,639,3,0,4,31,3.0,6,0,137,73,223,8,18932
2025-07-05,argo,voice.playback.misc,VolumeGainSetter,updateCurrentConfiguration,4,1,0.0,5,0.8,0,2,2,1,14,2,4,0,0.2222222222222222,1,1,0,7,0.33,1,2.142857142857143,2,0,0.0,0,0.2,0.8333333333333334,67,38,0.25,6,1,0,0,0,4,3,0,1,0,0,0,0,0,1,0,11,0.6,11,1.8333333333333333,6,0,3,0,2,5,0,2,2,2,0,0,0,0,0,6,6,34,688,639,3,0,4,31,3.0,6,0,137,73,223,8,18932
2025-07-05,argo,voice.playback.misc,VolumeGainSetter,setGain,3,0,0.0,2,1.0,0,2,2,1,7,1,3,1,0.0,0,0,0,3,0.0,1,2.0,1,0,0.0,0,0.2,0.8333333333333334,67,38,0.25,6,1,0,0,0,4,3,0,1,0,0,0,0,0,1,0,11,0.6,11,1.8333333333333333,6,0,3,0,2,5,0,2,2,2,0,0,0,0,0,6,6,34,688,639,3,0,4,31,3.0,6,0,137,73,223,8,18932
2025-07-05,argo,voice.playback.misc,VolumeGainSetter,createEnhancer,3,0,0.0,2,1.0,0,2,2,1,8,0,3,0,0.0,0,0,0,3,0.0,1,2.0,1,0,0.0,0,0.2,0.8333333333333334,67,38,0.25,6,1,0,0,0,4,3,0,1,0,0,0,0,0,1,0,11,0.6,11,1.8333333333333333,6,0,3,0,2,5,0,2,2,2,0,0,0,0,0,6,6,34,688,639,3,0,4,31,3.0,6,0,137,73,223,8,18932
2025-07-05,argo,voice.playback.misc,VolumeGain,updateLoudnessEnhancer,3,1,0.0,3,0.6667,0,0,1,1,9,1,3,0,1.0,1,1,1,4,2.0,1,2.0,0,1,0.0,0,0.4,0.8333333333333334,19,9,0.0,1,2,0,0,2,0,1,0,0,0,3,1,1,1,2,0,2,0.0,2,2.0,1,0,3,0,2,5,0,2,2,2,0,0,0,0,0,1,1,34,688,639,3,0,4,31,3.0,6,0,137,73,223,8,18932
2025-07-05,argo,voice.playback.player,DurationInconsistenciesUpdater,attachTo,1,0,0.0,1,1.0,0,0,1,1,4,0,1,0,1.0,0,0,0,1,1.0,1,2.0,1,0,0.0,0,1.0,1.0,27,20,0.0,2,2,1,1,0,2,1,0,2,0,0,1,0,0,1,0,5,0.0,5,2.5,2,1,2,0,2,0,0,2,0,1,0,0,0,0,0,2,2,34,688,639,4,0,0,15,2.5,31,0,838,73,223,38,18932
2025-07-05,argo,voice.playback.player,DurationInconsistenciesUpdater,onPlaybackStateChanged,4,3,0.0,8,1.0,0,0,1,1,16,3,4,0,0.8,0,2,0,14,0.5,1,2.3076923076923075,1,0,0.0,0,1.0,1.0,27,20,0.0,2,2,1,1,0,2,1,0,2,0,0,1,0,0,1,0,5,0.0,5,2.5,2,1,2,0,2,0,0,2,0,1,0,0,0,0,0,2,2,34,688,639,4,0,0,15,2.5,31,0,838,73,223,38,18932
2025-07-05,argo,voice.playback.player,VoicePlayer,forceSeekToNext,3,4,2.0,2,1.0,0,13,1,0,13,1,3,4,0.0,2,0,1,7,0.0,1,2.272727272727273,0,1,0.0,0,0.0,0.6923076923076923,206,105,0.6153846153846154,26,0,18,1,0,10,6,0,0,0,0,0,0,0,0,0,40,0.8738461538461538,40,1.5384615384615385,26,18,0,0,22,4,0,22,0,1,0,0,0,0,0,26,26,34,688,639,4,0,17,107,2.1818181818181817,31,0,838,73,223,38,18932
2025-07-05,argo,voice.playback.player,VoicePlayer,chapter,2,1,0.0,3,1.0,0,13,1,0,5,1,2,1,0.0,0,0,0,4,0.0,1,2.3333333333333335,0,0,0.0,0,0.0,0.6923076923076923,206,105,0.6153846153846154,26,0,18,1,0,10,6,0,0,0,0,0,0,0,0,0,40,0.8738461538461538,40,1.5384615384615385,26,18,0,0,22,4,0,22,0,1,0,0,0,0,0,26,26,34,688,639,4,0,17,107,2.1818181818181817,31,0,838,73,223,38,18932
2025-07-05,argo,voice.playback.player,VoicePlayer,forceSeekToPrevious,7,9,1.0,6,1.0,0,13,1,0,26,3,7,8,0.0,1,0,1,18,0.0,1,2.3684210526315788,0,1,0.0,0,0.0,0.6923076923076923,206,105,0.6153846153846154,26,0,18,1,0,10,6,0,0,0,0,0,0,0,0,0,40,0.8738461538461538,40,1.5384615384615385,26,18,0,0,22,4,0,22,0,1,0,0,0,0,0,26,26,34,688,639,4,0,17,107,2.1818181818181817,31,0,838,73,223,38,18932
2025-07-05,argo,voice.playback.player,VoicePlayer,getAvailableCommands,1,0,0.0,0,0.0,0,13,1,0,3,0,1,0,0.0,1,0,0,7,0.0,0,3.0,0,0,0.0,0,0.0,0.6923076923076923,206,105,0.6153846153846154,26,0,18,1,0,10,6,0,0,0,0,0,0,0,0,0,40,0.8738461538461538,40,1.5384615384615385,26,18,0,0,22,4,0,22,0,1,0,0,0,0,0,26,26,34,688,639,4,0,17,107,2.1818181818181817,31,0,838,73,223,38,18932
2025-07-05,argo,voice.playback.player,VoicePlayer,seekToPreviousMediaItem,1,0,1.0,0,0.0,0,13,1,0,3,0,1,1,0.0,1,0,1,0,0.0,0,0.0,0,1,0.0,0,0.0,0.6923076923076923,206,105,0.6153846153846154,26,0,18,1,0,10,6,0,0,0,0,0,0,0,0,0,40,0.8738461538461538,40,1.5384615384615385,26,18,0,0,22,4,0,22,0,1,0,0,0,0,0,26,26,34,688,639,4,0,17,107,2.1818181818181817,31,0,838,73,223,38,18932
2025-07-05,argo,voice.playback.player,VoicePlayer,seekToNextMediaItem,1,0,1.0,0,0.0,0,13,1,0,3,0,1,1,0.0,1,0,1,0,0.0,0,0.0,0,1,0.0,0,0.0,0.6923076923076923,206,105,0.6153846153846154,26,0,18,1,0,10,6,0,0,0,0,0,0,0,0,0,40,0.8738461538461538,40,1.5384615384615385,26,18,0,0,22,4,0,22,0,1,0,0,0,0,0,26,26,34,688,639,4,0,17,107,2.1818181818181817,31,0,838,73,223,38,18932
2025-07-05,argo,voice.playback.player,VoicePlayer,seekToPrevious,1,0,1.0,0,0.0,0,13,1,0,3,0,1,1,0.0,1,0,1,0,0.0,0,0.0,0,1,0.0,0,0.0,0.6923076923076923,206,105,0.6153846153846154,26,0,18,1,0,10,6,0,0,0,0,0,0,0,0,0,40,0.8738461538461538,40,1.5384615384615385,26,18,0,0,22,4,0,22,0,1,0,0,0,0,0,26,26,34,688,639,4,0,17,107,2.1818181818181817,31,0,838,73,223,38,18932
2025-07-05,argo,voice.playback.player,VoicePlayer,seekToNext,1,0,1.0,0,0.0,0,13,1,0,3,0,1,1,0.0,1,0,1,0,0.0,0,0.0,0,1,0.0,0,0.0,0.6923076923076923,206,105,0.6153846153846154,26,0,18,1,0,10,6,0,0,0,0,0,0,0,0,0,40,0.8738461538461538,40,1.5384615384615385,26,18,0,0,22,4,0,22,0,1,0,0,0,0,0,26,26,34,688,639,4,0,17,107,2.1818181818181817,31,0,838,73,223,38,18932
2025-07-05,argo,voice.playback.player,VoicePlayer,seekBack,5,7,1.0,3,1.0,0,13,1,0,20,2,5,7,0.0,1,0,1,12,0.0,1,2.4285714285714284,0,1,0.0,0,0.0,0.6923076923076923,206,105,0.6153846153846154,26,0,18,1,0,10,6,0,0,0,0,0,0,0,0,0,40,0.8738461538461538,40,1.5384615384615385,26,18,0,0,22,4,0,22,0,1,0,0,0,0,0,26,26,34,688,639,4,0,17,107,2.1818181818181817,31,0,838,73,223,38,18932
2025-07-05,argo,voice.playback.player,VoicePlayer,seekForward,3,5,0.0,2,1.0,0,13,1,0,12,1,3,4,0.0,0,0,0,10,0.0,0,2.5,0,0,0.0,0,0.0,0.6923076923076923,206,105,0.6153846153846154,26,0,18,1,0,10,6,0,0,0,0,0,0,0,0,0,40,0.8738461538461538,40,1.5384615384615385,26,18,0,0,22,4,0,22,0,1,0,0,0,0,0,26,26,34,688,639,4,0,17,107,2.1818181818181817,31,0,838,73,223,38,18932
2025-07-05,argo,voice.playback.player,VoicePlayer,play,1,0,0.0,0,0.0,0,13,1,0,3,0,1,1,0.0,0,0,0,0,0.0,0,0.0,0,0,0.0,0,0.0,0.6923076923076923,206,105,0.6153846153846154,26,0,18,1,0,10,6,0,0,0,0,0,0,0,0,0,40,0.8738461538461538,40,1.5384615384615385,26,18,0,0,22,4,0,22,0,1,0,0,0,0,0,26,26,34,688,639,4,0,17,107,2.1818181818181817,31,0,838,73,223,38,18932
2025-07-05,argo,voice.playback.player,VoicePlayer,setPlayWhenReady,4,1,0.0,2,1.0,0,13,1,0,12,2,4,2,0.0,2,0,1,6,0.0,1,2.6666666666666665,1,1,0.0,0,0.0,0.6923076923076923,206,105,0.6153846153846154,26,0,18,1,0,10,6,0,0,0,0,0,0,0,0,0,40,0.8738461538461538,40,1.5384615384615385,26,18,0,0,22,4,0,22,0,1,0,0,0,0,0,26,26,34,688,639,4,0,17,107,2.1818181818181817,31,0,838,73,223,38,18932
2025-07-05,argo,voice.playback.player,VoicePlayer,pause,1,0,0.0,0,0.0,0,13,1,0,3,0,1,1,0.0,0,0,0,0,0.0,0,0.0,0,0,0.0,0,0.0,0.6923076923076923,206,105,0.6153846153846154,26,0,18,1,0,10,6,0,0,0,0,0,0,0,0,0,40,0.8738461538461538,40,1.5384615384615385,26,18,0,0,22,4,0,22,0,1,0,0,0,0,0,26,26,34,688,639,4,0,17,107,2.1818181818181817,31,0,838,73,223,38,18932
2025-07-05,argo,voice.playback.player,VoicePlayer,updateLastPlayedAt,1,1,1.0,4,1.0,0,13,1,0,7,0,1,0,0.0,1,0,1,9,0.0,1,2.2857142857142856,0,1,0.0,0,0.0,0.6923076923076923,206,105,0.6153846153846154,26,0,18,1,0,10,6,0,0,0,0,0,0,0,0,0,40,0.8738461538461538,40,1.5384615384615385,26,18,0,0,22,4,0,22,0,1,0,0,0,0,0,26,26,34,688,639,4,0,17,107,2.1818181818181817,31,0,838,73,223,38,18932
2025-07-05,argo,voice.playback.player,VoicePlayer,getPlaybackState,3,0,0.0,0,0.0,0,13,1,0,4,2,3,0,0.0,1,0,0,0,0.0,1,2.0,0,0,0.0,0,0.0,0.6923076923076923,206,105,0.6153846153846154,26,0,18,1,0,10,6,0,0,0,0,0,0,0,0,0,40,0.8738461538461538,40,1.5384615384615385,26,18,0,0,22,4,0,22,0,1,0,0,0,0,0,26,26,34,688,639,4,0,17,107,2.1818181818181817,31,0,838,73,223,38,18932
2025-07-05,argo,voice.playback.player,VoicePlayer,setMediaItem,1,0,0.0,0,0.0,0,13,1,0,3,0,1,1,0.0,1,0,1,0,0.0,0,0.0,2,1,0.0,0,0.0,0.6923076923076923,206,105,0.6153846153846154,26,0,18,1,0,10,6,0,0,0,0,0,0,0,0,0,40,0.8738461538461538,40,1.5384615384615385,26,18,0,0,22,4,0,22,0,1,0,0,0,0,0,26,26,34,688,639,4,0,17,107,2.1818181818181817,31,0,838,73,223,38,18932
2025-07-05,argo,voice.playback.player,VoicePlayer,setMediaItem,1,0,0.0,0,0.0,0,13,1,0,3,0,1,1,0.0,1,0,1,0,0.0,0,0.0,2,1,0.0,0,0.0,0.6923076923076923,206,105,0.6153846153846154,26,0,18,1,0,10,6,0,0,0,0,0,0,0,0,0,40,0.8738461538461538,40,1.5384615384615385,26,18,0,0,22,4,0,22,0,1,0,0,0,0,0,26,26,34,688,639,4,0,17,107,2.1818181818181817,31,0,838,73,223,38,18932
2025-07-05,argo,voice.playback.player,VoicePlayer,setMediaItems,1,1,0.0,1,1.0,0,13,1,0,4,0,1,1,0.0,1,0,1,1,0.0,1,2.0,1,1,0.0,0,0.0,0.6923076923076923,206,105,0.6153846153846154,26,0,18,1,0,10,6,0,0,0,0,0,0,0,0,0,40,0.8738461538461538,40,1.5384615384615385,26,18,0,0,22,4,0,22,0,1,0,0,0,0,0,26,26,34,688,639,4,0,17,107,2.1818181818181817,31,0,838,73,223,38,18932
2025-07-05,argo,voice.playback.player,VoicePlayer,setMediaItems,1,1,0.0,1,1.0,0,13,1,0,4,0,1,1,0.0,1,0,1,1,0.0,1,2.0,2,1,0.0,0,0.0,0.6923076923076923,206,105,0.6153846153846154,26,0,18,1,0,10,6,0,0,0,0,0,0,0,0,0,40,0.8738461538461538,40,1.5384615384615385,26,18,0,0,22,4,0,22,0,1,0,0,0,0,0,26,26,34,688,639,4,0,17,107,2.1818181818181817,31,0,838,73,223,38,18932
2025-07-05,argo,voice.playback.player,VoicePlayer,setMediaItem,1,0,0.0,0,0.0,0,13,1,0,3,0,1,1,0.0,1,0,1,0,0.0,0,0.0,1,1,0.0,0,0.0,0.6923076923076923,206,105,0.6153846153846154,26,0,18,1,0,10,6,0,0,0,0,0,0,0,0,0,40,0.8738461538461538,40,1.5384615384615385,26,18,0,0,22,4,0,22,0,1,0,0,0,0,0,26,26,34,688,639,4,0,17,107,2.1818181818181817,31,0,838,73,223,38,18932
2025-07-05,argo,voice.playback.player,VoicePlayer,setMediaItems,1,1,0.0,1,1.0,0,13,1,0,4,0,1,1,0.0,1,0,1,1,0.0,1,2.0,3,1,0.0,0,0.0,0.6923076923076923,206,105,0.6153846153846154,26,0,18,1,0,10,6,0,0,0,0,0,0,0,0,0,40,0.8738461538461538,40,1.5384615384615385,26,18,0,0,22,4,0,22,0,1,0,0,0,0,0,26,26,34,688,639,4,0,17,107,2.1818181818181817,31,0,838,73,223,38,18932
2025-07-05,argo,voice.playback.player,VoicePlayer,setBook,5,2,0.0,7,0.8571,0,13,1,0,17,3,5,3,0.0,6,0,1,22,0.0,1,2.8333333333333335,1,1,0.0,0,0.0,0.6923076923076923,206,105,0.6153846153846154,26,0,18,1,0,10,6,0,0,0,0,0,0,0,0,0,40,0.8738461538461538,40,1.5384615384615385,26,18,0,0,22,4,0,22,0,1,0,0,0,0,0,26,26,34,688,639,4,0,17,107,2.1818181818181817,31,0,838,73,223,38,18932
2025-07-05,argo,voice.playback.player,VoicePlayer,setPlaybackSpeed,1,0,0.0,1,1.0,0,13,1,0,4,0,1,1,0.0,1,0,1,2,0.0,1,2.0,1,1,0.0,0,0.0,0.6923076923076923,206,105,0.6153846153846154,26,0,18,1,0,10,6,0,0,0,0,0,0,0,0,0,40,0.8738461538461538,40,1.5384615384615385,26,18,0,0,22,4,0,22,0,1,0,0,0,0,0,26,26,34,688,639,4,0,17,107,2.1818181818181817,31,0,838,73,223,38,18932
2025-07-05,argo,voice.playback.player,VoicePlayer,setSkipSilenceEnabled,3,0,0.0,1,1.0,0,13,1,0,9,0,3,2,0.0,0,0,1,3,0.0,0,2.0,1,1,0.0,0,0.0,0.6923076923076923,206,105,0.6153846153846154,26,0,18,1,0,10,6,0,0,0,0,0,0,0,0,0,40,0.8738461538461538,40,1.5384615384615385,26,18,0,0,22,4,0,22,0,1,0,0,0,0,0,26,26,34,688,639,4,0,17,107,2.1818181818181817,31,0,838,73,223,38,18932
2025-07-05,argo,voice.playback.player,VoicePlayer,setGain,1,0,0.0,1,1.0,0,13,1,0,4,0,1,1,0.0,0,0,2,3,0.0,0,2.0,1,1,0.0,0,0.0,0.6923076923076923,206,105,0.6153846153846154,26,0,18,1,0,10,6,0,0,0,0,0,0,0,0,0,40,0.8738461538461538,40,1.5384615384615385,26,18,0,0,22,4,0,22,0,1,0,0,0,0,0,26,26,34,688,639,4,0,17,107,2.1818181818181817,31,0,838,73,223,38,18932
2025-07-05,argo,voice.playback.player,VoicePlayer,updateBook,1,1,0.0,1,1.0,0,13,1,0,4,0,1,0,0.0,1,0,1,3,0.0,1,2.5,1,1,0.0,0,0.0,0.6923076923076923,206,105,0.6153846153846154,26,0,18,1,0,10,6,0,0,0,0,0,0,0,0,0,40,0.8738461538461538,40,1.5384615384615385,26,18,0,0,22,4,0,22,0,1,0,0,0,0,0,26,26,34,688,639,4,0,17,107,2.1818181818181817,31,0,838,73,223,38,18932
2025-07-05,argo,voice.playback.playstate,PlayStateDelegatingListener,attachTo,1,0,1.0,1,1.0,0,0,1,1,5,0,1,1,1.0,1,0,1,1,1.0,1,2.0,1,1,0.0,0,0.16666666666666666,0.5,26,19,0.75,4,1,2,1,0,3,2,0,1,0,0,0,0,0,1,0,4,0.5,4,1.0,4,2,1,0,3,1,0,3,0,1,0,0,0,0,0,4,4,34,688,639,3,0,3,1,1.5,7,0,142,73,223,7,18932
2025-07-05,argo,voice.playback.playstate,PlayStateDelegatingListener,onPlaybackStateChanged,1,0,1.0,0,0.0,0,0,1,1,3,0,1,1,0.0,1,0,1,0,0.0,0,0.0,1,1,0.0,0,0.16666666666666666,0.5,26,19,0.75,4,1,2,1,0,3,2,0,1,0,0,0,0,0,1,0,4,0.5,4,1.0,4,2,1,0,3,1,0,3,0,1,0,0,0,0,0,4,4,34,688,639,3,0,3,1,1.5,7,0,142,73,223,7,18932
2025-07-05,argo,voice.playback.playstate,PlayStateDelegatingListener,onPlayWhenReadyChanged,1,0,1.0,0,0.0,0,0,1,1,3,0,1,1,0.0,1,0,1,0,0.0,0,0.0,2,1,0.0,0,0.16666666666666666,0.5,26,19,0.75,4,1,2,1,0,3,2,0,1,0,0,0,0,0,1,0,4,0.5,4,1.0,4,2,1,0,3,1,0,3,0,1,0,0,0,0,0,4,4,34,688,639,3,0,3,1,1.5,7,0,142,73,223,7,18932
2025-07-05,argo,voice.playback.playstate,PlayStateDelegatingListener,updatePlayState,3,1,0.0,0,0.0,0,0,1,1,8,1,3,0,1.0,0,1,0,0,1.0,0,2.375,0,0,0.0,0,0.16666666666666666,0.5,26,19,0.75,4,1,2,1,0,3,2,0,1,0,0,0,0,0,1,0,4,0.5,4,1.0,4,2,1,0,3,1,0,3,0,1,0,0,0,0,0,4,4,34,688,639,3,0,3,1,1.5,7,0,142,73,223,7,18932
2025-07-05,argo,voice.playback.playstate,PositionUpdater,attachTo,3,0,1.0,3,1.0,0,0,1,0,10,0,3,1,1.0,1,0,1,10,1.0,1,2.4285714285714284,1,1,0.0,0,0.3333333333333333,0.6666666666666666,32,26,0.6666666666666666,3,1,1,1,0,3,3,0,1,0,0,0,0,0,1,0,4,0.6666666666666667,4,1.3333333333333333,3,1,1,0,2,1,0,2,0,1,0,0,0,0,0,3,3,34,688,639,3,0,3,18,2.3333333333333335,7,0,142,73,223,7,18932
2025-07-05,argo,voice.playback.playstate,PositionUpdater,onPositionDiscontinuity,1,0,1.0,1,1.0,0,0,1,0,3,0,1,1,0.0,1,0,1,1,0.0,1,2.0,3,1,0.0,0,0.3333333333333333,0.6666666666666666,32,26,0.6666666666666666,3,1,1,1,0,3,3,0,1,0,0,0,0,0,1,0,4,0.6666666666666667,4,1.3333333333333333,3,1,1,0,2,1,0,2,0,1,0,0,0,0,0,3,3,34,688,639,3,0,3,18,2.3333333333333335,7,0,142,73,223,7,18932
2025-07-05,argo,voice.playback.playstate,PositionUpdater,updatePosition,3,4,0.0,4,1.0,0,0,1,0,13,0,3,0,1.0,0,1,1,7,0.25,1,2.3333333333333335,0,1,0.0,0,0.3333333333333333,0.6666666666666666,32,26,0.6666666666666666,3,1,1,1,0,3,3,0,1,0,0,0,0,0,1,0,4,0.6666666666666667,4,1.3333333333333333,3,1,1,0,2,1,0,2,0,1,0,0,0,0,0,3,3,34,688,639,3,0,3,18,2.3333333333333335,7,0,142,73,223,7,18932
2025-07-05,argo,voice.playback.receiver,WidgetButtonReceiver,pendingIntent,3,0,0.0,10,0.7,1,0,3,0,25,1,3,0,0.875,0,0,2,15,0.0,1,2.0625,0,0,0.0,0,0.0,1.0,63,25,0.0,1,2,1,2,0,2,3,1,3,0,0,3,2,2,1,0,2,0.0,2,2.0,1,1,2,0,1,0,0,1,0,1,0,0,1,0,1,2,3,34,688,639,1,1,2,15,3.0,1,0,105,73,223,1,18932
2025-07-05,argo,voice.playback.session,ImageFileProvider,uri,1,0,0.0,1,1.0,0,0,1,1,3,0,1,2,0.0,0,0,0,18,0.0,0,3.1666666666666665,1,0,0.0,0,0.0,1.0,5,3,0.0,1,0,0,0,0,2,0,0,0,0,0,0,0,0,0,0,1,0.0,1,1.0,1,0,0,0,0,0,0,0,0,1,0,0,0,0,0,1,1,34,688,639,11,0,0,18,1.0,36,3,761,73,223,33,18932
2025-07-05,argo,voice.playback.session,LibrarySessionCallback,onAddMediaItems,1,0,0.0,2,1.0,0,0,1,0,4,0,1,0,0.0,0,0,1,5,0.0,1,2.25,3,1,0.0,0,0.0,0.9166666666666666,127,114,0.25,12,0,9,1,0,19,3,0,0,0,0,0,0,0,0,0,18,0.6212121212121212,18,1.5,12,9,0,0,9,3,0,9,0,1,0,0,0,0,0,12,12,34,688,639,11,0,7,99,2.4166666666666665,36,3,761,73,223,33,18932
2025-07-05,argo,voice.playback.session,LibrarySessionCallback,onSetMediaItems,3,1,1.0,4,1.0,0,0,1,0,9,0,3,2,0.0,2,0,1,8,0.0,3,2.25,5,1,0.0,0,0.0,0.9166666666666666,127,114,0.25,12,0,9,1,0,19,3,0,0,0,0,0,0,0,0,0,18,0.6212121212121212,18,1.5,12,9,0,0,9,3,0,9,0,1,0,0,0,0,0,12,12,34,688,639,11,0,7,99,2.4166666666666665,36,3,761,73,223,33,18932
2025-07-05,argo,voice.playback.session,LibrarySessionCallback,onSetMediaItemsForSingleItem,3,3,0.0,4,1.0,0,0,1,0,12,0,3,2,0.0,0,0,0,13,0.0,1,2.4166666666666665,1,0,0.0,0,0.0,0.9166666666666666,127,114,0.25,12,0,9,1,0,19,3,0,0,0,0,0,0,0,0,0,18,0.6212121212121212,18,1.5,12,9,0,0,9,3,0,9,0,1,0,0,0,0,0,12,12,34,688,639,11,0,7,99,2.4166666666666665,36,3,761,73,223,33,18932
2025-07-05,argo,voice.playback.session,LibrarySessionCallback,onGetLibraryRoot,3,1,0.0,5,0.8,0,0,1,0,9,0,3,0,0.0,1,0,1,9,0.0,2,2.25,3,1,0.0,0,0.0,0.9166666666666666,127,114,0.25,12,0,9,1,0,19,3,0,0,0,0,0,0,0,0,0,18,0.6212121212121212,18,1.5,12,9,0,0,9,3,0,9,0,1,0,0,0,0,0,12,12,34,688,639,11,0,7,99,2.4166666666666665,36,3,761,73,223,33,18932
2025-07-05,argo,voice.playback.session,LibrarySessionCallback,onGetItem,3,1,0.0,4,0.75,0,0,1,0,9,1,3,0,0.0,1,0,0,6,0.0,1,2.2,3,0,0.0,0,0.0,0.9166666666666666,127,114,0.25,12,0,9,1,0,19,3,0,0,0,0,0,0,0,0,0,18,0.6212121212121212,18,1.5,12,9,0,0,9,3,0,9,0,1,0,0,0,0,0,12,12,34,688,639,11,0,7,99,2.4166666666666665,36,3,761,73,223,33,18932
2025-07-05,argo,voice.playback.session,LibrarySessionCallback,onGetChildren,4,1,0.0,4,0.75,0,0,1,0,9,1,4,0,0.0,0,0,0,6,0.0,1,2.2,6,0,0.0,0,0.0,0.9166666666666666,127,114,0.25,12,0,9,1,0,19,3,0,0,0,0,0,0,0,0,0,18,0.6212121212121212,18,1.5,12,9,0,0,9,3,0,9,0,1,0,0,0,0,0,12,12,34,688,639,11,0,7,99,2.4166666666666665,36,3,761,73,223,33,18932
2025-07-05,argo,voice.playback.session,LibrarySessionCallback,onPlaybackResumption,3,1,1.0,2,1.0,0,0,1,0,11,1,3,2,0.0,1,0,1,5,0.0,1,2.0,2,1,0.0,0,0.0,0.9166666666666666,127,114,0.25,12,0,9,1,0,19,3,0,0,0,0,0,0,0,0,0,18,0.6212121212121212,18,1.5,12,9,0,0,9,3,0,9,0,1,0,0,0,0,0,12,12,34,688,639,11,0,7,99,2.4166666666666665,36,3,761,73,223,33,18932
2025-07-05,argo,voice.playback.session,LibrarySessionCallback,currentBook,1,1,0.0,2,1.0,0,0,1,0,4,0,1,1,0.0,0,0,0,3,0.0,1,2.5,0,0,0.0,0,0.0,0.9166666666666666,127,114,0.25,12,0,9,1,0,19,3,0,0,0,0,0,0,0,0,0,18,0.6212121212121212,18,1.5,12,9,0,0,9,3,0,9,0,1,0,0,0,0,0,12,12,34,688,639,11,0,7,99,2.4166666666666665,36,3,761,73,223,33,18932
2025-07-05,argo,voice.playback.session,LibrarySessionCallback,onConnect,2,2,1.0,5,1.0,0,0,1,0,11,1,2,1,0.0,2,0,1,24,0.0,1,2.5,2,1,0.0,0,0.0,0.9166666666666666,127,114,0.25,12,0,9,1,0,19,3,0,0,0,0,0,0,0,0,0,18,0.6212121212121212,18,1.5,12,9,0,0,9,3,0,9,0,1,0,0,0,0,0,12,12,34,688,639,11,0,7,99,2.4166666666666665,36,3,761,73,223,33,18932
2025-07-05,argo,voice.playback.session,LibrarySessionCallback,prepareCurrentBook,1,3,0.0,5,0.8,0,0,1,0,7,0,1,1,0.0,0,0,1,6,0.0,1,2.2,0,1,0.0,0,0.0,0.9166666666666666,127,114,0.25,12,0,9,1,0,19,3,0,0,0,0,0,0,0,0,0,18,0.6212121212121212,18,1.5,12,9,0,0,9,3,0,9,0,1,0,0,0,0,0,12,12,34,688,639,11,0,7,99,2.4166666666666665,36,3,761,73,223,33,18932
2025-07-05,argo,voice.playback.session,LibrarySessionCallback,onCustomCommand,4,1,0.0,7,0.5714,0,0,1,0,25,2,4,0,0.0,1,0,0,12,0.0,2,2.3846153846153846,4,0,0.0,0,0.0,0.9166666666666666,127,114,0.25,12,0,9,1,0,19,3,0,0,0,0,0,0,0,0,0,18,0.6212121212121212,18,1.5,12,9,0,0,9,3,0,9,0,1,0,0,0,0,0,12,12,34,688,639,11,0,7,99,2.4166666666666665,36,3,761,73,223,33,18932
2025-07-05,argo,voice.playback.session,LibrarySessionCallback,onPostConnect,1,0,0.0,1,1.0,0,0,1,0,4,0,1,0,0.0,1,0,1,2,0.0,1,2.0,2,1,0.0,0,0.0,0.9166666666666666,127,114,0.25,12,0,9,1,0,19,3,0,0,0,0,0,0,0,0,0,18,0.6212121212121212,18,1.5,12,9,0,0,9,3,0,9,0,1,0,0,0,0,0,12,12,34,688,639,11,0,7,99,2.4166666666666665,36,3,761,73,223,33,18932
2025-07-05,argo,voice.playback.session,MediaItemProvider,root,1,0,0.0,1,1.0,0,0,1,0,1,0,1,0,0.0,0,0,0,5,0.0,0,2.6666666666666665,0,0,0.0,0,0.0,0.8181818181818182,65,53,0.5454545454545454,11,0,0,0,0,12,0,0,0,0,0,0,0,0,0,0,11,0.5636363636363637,11,1.0,11,0,0,0,8,2,0,8,0,1,0,0,0,0,0,11,11,34,688,639,11,0,0,55,1.375,36,3,761,73,223,33,18932
2025-07-05,argo,voice.playback.session,MediaItemProvider,recent,1,0,0.0,1,1.0,0,0,1,0,1,0,1,0,0.0,0,0,0,8,0.0,0,3.0,0,0,0.0,0,0.0,0.8181818181818182,65,53,0.5454545454545454,11,0,0,0,0,12,0,0,0,0,0,0,0,0,0,0,11,0.5636363636363637,11,1.0,11,0,0,0,8,2,0,8,0,1,0,0,0,0,0,11,11,34,688,639,11,0,0,55,1.375,36,3,761,73,223,33,18932
2025-07-05,argo,voice.playback.session,MediaItemProvider,item,2,2,3.0,4,0.8333,0,0,1,0,14,0,2,4,0.0,4,0,0,12,0.0,1,2.625,1,0,0.0,0,0.0,0.8181818181818182,65,53,0.5454545454545454,11,0,0,0,0,12,0,0,0,0,0,0,0,0,0,0,11,0.5636363636363637,11,1.0,11,0,0,0,8,2,0,8,0,1,0,0,0,0,0,11,11,34,688,639,11,0,0,55,1.375,36,3,761,73,223,33,18932
2025-07-05,argo,voice.playback.session,MediaItemProvider,mediaItemsWithStartPosition,1,0,0.0,1,1.0,0,0,1,0,3,0,1,0,0.0,2,0,0,2,0.0,0,2.0,1,0,0.0,0,0.0,0.8181818181818182,65,53,0.5454545454545454,11,0,0,0,0,12,0,0,0,0,0,0,0,0,0,0,11,0.5636363636363637,11,1.0,11,0,0,0,8,2,0,8,0,1,0,0,0,0,0,11,11,34,688,639,11,0,0,55,1.375,36,3,761,73,223,33,18932
2025-07-05,argo,voice.playback.session,MediaItemProvider,mediaItemsWithStartPosition,2,1,0.0,2,1.0,0,0,1,0,9,0,2,4,0.0,2,0,0,3,0.0,1,2.1666666666666665,1,0,0.0,0,0.0,0.8181818181818182,65,53,0.5454545454545454,11,0,0,0,0,12,0,0,0,0,0,0,0,0,0,0,11,0.5636363636363637,11,1.0,11,0,0,0,8,2,0,8,0,1,0,0,0,0,0,11,11,34,688,639,11,0,0,55,1.375,36,3,761,73,223,33,18932
2025-07-05,argo,voice.playback.session,MediaItemProvider,chapters,1,1,1.0,1,1.0,0,0,1,0,4,0,1,2,0.0,2,0,0,2,0.0,1,2.0,1,0,0.0,0,0.0,0.8181818181818182,65,53,0.5454545454545454,11,0,0,0,0,12,0,0,0,0,0,0,0,0,0,0,11,0.5636363636363637,11,1.0,11,0,0,0,8,2,0,8,0,1,0,0,0,0,0,11,11,34,688,639,11,0,0,55,1.375,36,3,761,73,223,33,18932
2025-07-05,argo,voice.playback.session,MediaItemProvider,chapters,1,0,1.0,0,0.0,0,0,1,0,3,0,1,2,0.0,2,0,0,3,0.0,0,2.5,1,0,0.0,0,0.0,0.8181818181818182,65,53,0.5454545454545454,11,0,0,0,0,12,0,0,0,0,0,0,0,0,0,0,11,0.5636363636363637,11,1.0,11,0,0,0,8,2,0,8,0,1,0,0,0,0,0,11,11,34,688,639,11,0,0,55,1.375,36,3,761,73,223,33,18932
2025-07-05,argo,voice.playback.session,MediaItemProvider,children,2,3,2.0,5,1.0,0,0,1,0,15,0,2,4,0.0,4,0,0,12,0.0,1,2.4444444444444446,1,0,0.0,0,0.0,0.8181818181818182,65,53,0.5454545454545454,11,0,0,0,0,12,0,0,0,0,0,0,0,0,0,0,11,0.5636363636363637,11,1.0,11,0,0,0,8,2,0,8,0,1,0,0,0,0,0,11,11,34,688,639,11,0,0,55,1.375,36,3,761,73,223,33,18932
2025-07-05,argo,voice.playback.session,MediaItemProvider,mediaItem,1,0,1.0,1,1.0,0,0,1,0,1,0,1,0,0.0,1,0,0,7,0.0,0,3.0,1,0,0.0,0,0.0,0.8181818181818182,65,53,0.5454545454545454,11,0,0,0,0,12,0,0,0,0,0,0,0,0,0,0,11,0.5636363636363637,11,1.0,11,0,0,0,8,2,0,8,0,1,0,0,0,0,0,11,11,34,688,639,11,0,0,55,1.375,36,3,761,73,223,33,18932
2025-07-05,argo,voice.playback.session,MediaItemProvider,mediaItem,1,0,1.0,1,1.0,0,0,1,0,1,0,1,0,0.0,1,0,0,11,0.0,0,2.3333333333333335,2,0,0.0,0,0.0,0.8181818181818182,65,53,0.5454545454545454,11,0,0,0,0,12,0,0,0,0,0,0,0,0,0,0,11,0.5636363636363637,11,1.0,11,0,0,0,8,2,0,8,0,1,0,0,0,0,0,11,11,34,688,639,11,0,0,55,1.375,36,3,761,73,223,33,18932
2025-07-05,argo,voice.playback.session,MediaItemProvider,toProvidedUri,1,0,0.0,1,1.0,0,0,1,0,1,0,1,0,0.0,0,0,0,1,0.0,1,2.0,0,0,0.0,0,0.0,0.8181818181818182,65,53,0.5454545454545454,11,0,0,0,0,12,0,0,0,0,0,0,0,0,0,0,11,0.5636363636363637,11,1.0,11,0,0,0,8,2,0,8,0,1,0,0,0,0,0,11,11,34,688,639,11,0,0,55,1.375,36,3,761,73,223,33,18932
2025-07-05,argo,voice.playback.session,PlaybackService,onCreate,1,0,0.0,1,1.0,1,0,1,0,5,0,1,0,1.0,1,1,2,5,1.0,1,3.5,0,2,0.0,0,0.2,0.6,40,26,0.4,5,4,4,1,0,3,6,0,0,0,0,0,0,0,4,0,6,0.9,6,1.2,5,4,4,0,4,1,0,4,1,1,0,0,0,0,0,5,5,34,688,639,11,0,3,14,1.4,36,3,761,73,223,33,18932
2025-07-05,argo,voice.playback.session,PlaybackService,onTaskRemoved,2,0,1.0,1,1.0,1,0,1,0,7,1,2,1,0.5,2,1,0,2,1.0,1,2.0,1,0,0.0,0,0.2,0.6,40,26,0.4,5,4,4,1,0,3,6,0,0,0,0,0,0,0,4,0,6,0.9,6,1.2,5,4,4,0,4,1,0,4,1,1,0,0,0,0,0,5,5,34,688,639,11,0,3,14,1.4,36,3,761,73,223,33,18932
2025-07-05,argo,voice.playback.session,PlaybackService,release,1,0,0.0,1,1.0,1,0,1,0,5,0,1,0,1.0,1,3,0,3,3.0,1,2.0,0,0,0.0,0,0.2,0.6,40,26,0.4,5,4,4,1,0,3,6,0,0,0,0,0,0,0,4,0,6,0.9,6,1.2,5,4,4,0,4,1,0,4,1,1,0,0,0,0,0,5,5,34,688,639,11,0,3,14,1.4,36,3,761,73,223,33,18932
2025-07-05,argo,voice.playback.session,PlaybackService,onDestroy,1,0,1.0,0,0.0,1,0,1,0,4,0,1,1,0.0,2,0,1,0,0.0,1,2.0,0,1,0.0,0,0.2,0.6,40,26,0.4,5,4,4,1,0,3,6,0,0,0,0,0,0,0,4,0,6,0.9,6,1.2,5,4,4,0,4,1,0,4,1,1,0,0,0,0,0,5,5,34,688,639,11,0,3,14,1.4,36,3,761,73,223,33,18932
2025-07-05,argo,voice.playback.session,PlaybackService,onGetSession,2,0,0.0,2,1.0,1,0,1,0,5,0,2,1,1.0,0,1,0,4,1.0,1,2.0,1,0,0.0,0,0.2,0.6,40,26,0.4,5,4,4,1,0,3,6,0,0,0,0,0,0,0,4,0,6,0.9,6,1.2,5,4,4,0,4,1,0,4,1,1,0,0,0,0,0,5,5,34,688,639,11,0,3,14,1.4,36,3,761,73,223,33,18932
2025-07-05,argo,voice.playback.session,SleepTimerCommandUpdater,update,1,0,1.0,1,1.0,0,0,1,1,3,0,1,1,0.0,1,0,1,1,0.0,1,2.0,3,1,0.0,0,0.0,0.3333333333333333,21,17,0.6666666666666666,3,0,0,0,0,4,1,0,0,0,0,0,0,0,0,0,3,1.0,3,1.0,3,0,0,0,2,1,0,2,0,1,0,0,0,0,0,3,3,34,688,639,11,0,1,9,2.0,36,3,761,73,223,33,18932
2025-07-05,argo,voice.playback.session,SleepTimerCommandUpdater,update,1,0,1.0,1,1.0,0,0,1,1,3,0,1,0,0.0,1,0,1,1,0.0,1,2.0,2,1,0.0,0,0.0,0.3333333333333333,21,17,0.6666666666666666,3,0,0,0,0,4,1,0,0,0,0,0,0,0,0,0,3,1.0,3,1.0,3,0,0,0,2,1,0,2,0,1,0,0,0,0,0,3,3,34,688,639,11,0,1,9,2.0,36,3,761,73,223,33,18932
2025-07-05,argo,voice.playback.session,SleepTimerCommandUpdater,layout,3,0,0.0,3,1.0,0,0,1,1,11,0,3,0,0.0,0,0,0,8,0.0,1,3.2857142857142856,1,0,0.0,0,0.0,0.3333333333333333,21,17,0.6666666666666666,3,0,0,0,0,4,1,0,0,0,0,0,0,0,0,0,3,1.0,3,1.0,3,0,0,0,2,1,0,2,0,1,0,0,0,0,0,3,3,34,688,639,11,0,1,9,2.0,36,3,761,73,223,33,18932
2025-07-05,argo,voice.playback.session,VoiceMediaNotificationProvider,getMediaButtons,2,0,0.0,0,0.0,0,1,1,1,3,0,2,0,0.0,1,0,0,3,0.0,0,2.3333333333333335,4,0,0.0,0,0.0,1.0,5,0,0.0,1,0,1,1,0,4,0,0,0,0,0,0,0,0,0,0,1,0.0,1,1.0,1,1,0,0,1,0,0,1,0,1,0,0,0,0,0,1,1,34,688,639,11,0,0,3,2.0,36,3,761,73,223,33,18932
2025-07-05,argo,voice.playback.session.search,BookSearchHandler,handle,3,0,3.0,4,1.0,0,0,1,0,8,1,3,3,0.0,3,0,1,10,0.0,1,3.0,1,1,0.0,0,0.0,0.8,55,49,0.2,5,0,0,0,0,4,1,0,0,0,0,0,0,0,0,0,11,0.7,11,2.2,5,0,0,0,1,4,0,1,0,1,0,0,0,0,0,5,5,34,688,639,5,0,3,39,2.6,17,0,275,73,223,15,18932
2025-07-05,argo,voice.playback.session.search,BookSearchHandler,searchAlbum,3,3,0.0,3,1.0,0,0,1,0,11,1,3,1,0.0,0,0,0,10,0.0,0,3.5,1,0,0.0,0,0.0,0.8,55,49,0.2,5,0,0,0,0,4,1,0,0,0,0,0,0,0,0,0,11,0.7,11,2.2,5,0,0,0,1,4,0,1,0,1,0,0,0,0,0,5,5,34,688,639,5,0,3,39,2.6,17,0,275,73,223,15,18932
2025-07-05,argo,voice.playback.session.search,BookSearchHandler,searchUnstructured,3,6,0.0,4,1.0,0,0,1,0,17,1,3,2,0.0,0,0,1,10,0.0,1,2.875,1,1,0.0,0,0.0,0.8,55,49,0.2,5,0,0,0,0,4,1,0,0,0,0,0,0,0,0,0,11,0.7,11,2.2,5,0,0,0,1,4,0,1,0,1,0,0,0,0,0,5,5,34,688,639,5,0,3,39,2.6,17,0,275,73,223,15,18932
2025-07-05,argo,voice.playback.session.search,BookSearchHandler,searchByArtist,3,1,0.0,3,1.0,0,0,1,0,10,2,3,1,0.0,0,0,1,7,0.0,1,3.0,1,1,0.0,0,0.0,0.8,55,49,0.2,5,0,0,0,0,4,1,0,0,0,0,0,0,0,0,0,11,0.7,11,2.2,5,0,0,0,1,4,0,1,0,1,0,0,0,0,0,5,5,34,688,639,5,0,3,39,2.6,17,0,275,73,223,15,18932
2025-07-05,argo,voice.playback.session.search,BookSearchHandler,findBook,1,0,0.0,1,1.0,0,0,1,0,3,0,1,0,0.0,0,0,0,2,0.0,2,3.0,1,0,0.0,0,0.0,0.8,55,49,0.2,5,0,0,0,0,4,1,0,0,0,0,0,0,0,0,0,11,0.7,11,2.2,5,0,0,0,1,4,0,1,0,1,0,0,0,0,0,5,5,34,688,639,5,0,3,39,2.6,17,0,275,73,223,15,18932
2025-07-05,argo,voice.playback.session.search,BookSearchParser,parse,1,0,0.0,1,1.0,0,0,1,0,3,0,1,0,0.0,0,0,0,4,0.0,0,3.0,2,0,0.0,0,0.0,1.0,15,12,0.0,2,0,0,0,0,5,0,0,0,0,0,0,0,0,0,0,2,1.0,2,1.0,2,0,0,0,2,0,0,2,2,1,0,0,0,0,0,2,2,34,688,639,5,0,0,4,3.0,17,0,275,73,223,15,18932
2025-07-05,argo,voice.playback.session.search,BookSearchParser,parse,3,2,0.0,2,1.0,0,0,1,0,9,0,3,2,0.0,2,0,0,4,0.0,0,2.25,1,0,0.0,0,0.0,1.0,15,12,0.0,2,0,0,0,0,5,0,0,0,0,0,0,0,0,0,0,2,1.0,2,1.0,2,0,0,0,2,0,0,2,2,1,0,0,0,0,0,2,2,34,688,639,5,0,0,4,3.0,17,0,275,73,223,15,18932
2025-07-05,argo,voice.playback.player,VoicePlayerTest,`seekToNext does not clip`,1,0,3.0,2,0.5,0,1,1,0,19,0,1,3,1.0,4,3,0,3,3.0,1,2.0,0,0,0.0,0,0.6,0.8,149,101,0.6666666666666666,9,7,0,0,0,6,5,0,7,0,0,6,0,0,1,0,10,0.5333333333333333,10,1.0,10,0,7,0,6,4,0,6,0,1,0,0,0,0,0,11,11,34,688,639,4,0,3,38,1.0,31,0,838,73,223,38,18932
2025-07-05,argo,voice.playback.player,VoicePlayerTest,`seekToPrevious does not clip`,1,0,3.0,3,0.3333,0,1,1,0,18,0,1,3,1.0,4,3,0,4,3.0,1,2.0,0,0,0.0,0,0.6,0.8,149,101,0.6666666666666666,9,7,0,0,0,6,5,0,7,0,0,6,0,0,1,0,10,0.5333333333333333,10,1.0,10,0,7,0,6,4,0,6,0,1,0,0,0,0,0,11,11,34,688,639,4,0,3,38,1.0,31,0,838,73,223,38,18932
2025-07-05,argo,voice.playback.player,VoicePlayerTest,`forceSeekToNext jumps to chapters`,1,0,3.0,2,0.5,0,1,1,0,14,0,1,3,1.0,4,2,0,3,2.0,1,2.0,0,0,0.0,0,0.6,0.8,149,101,0.6666666666666666,9,7,0,0,0,6,5,0,7,0,0,6,0,0,1,0,10,0.5333333333333333,10,1.0,10,0,7,0,6,4,0,6,0,1,0,0,0,0,0,11,11,34,688,639,4,0,3,38,1.0,31,0,838,73,223,38,18932
2025-07-05,argo,voice.playback.player,VoicePlayerTest,`forceSeekToPrevious jumps to chapters`,1,0,3.0,3,0.3333,0,1,1,0,15,0,1,3,1.0,4,2,0,4,2.0,1,2.0,0,0,0.0,0,0.6,0.8,149,101,0.6666666666666666,9,7,0,0,0,6,5,0,7,0,0,6,0,0,1,0,10,0.5333333333333333,10,1.0,10,0,7,0,6,4,0,6,0,1,0,0,0,0,0,11,11,34,688,639,4,0,3,38,1.0,31,0,838,73,223,38,18932
2025-07-05,argo,voice.playback.player,VoicePlayerTest,`forceSeekToPrevious jumps to previous chapter when in the 2s window`,1,0,3.0,3,0.3333,0,1,1,0,12,0,1,3,1.0,4,2,0,4,2.0,1,2.0,0,0,0.0,0,0.6,0.8,149,101,0.6666666666666666,9,7,0,0,0,6,5,0,7,0,0,6,0,0,1,0,10,0.5333333333333333,10,1.0,10,0,7,0,6,4,0,6,0,1,0,0,0,0,0,11,11,34,688,639,4,0,3,38,1.0,31,0,838,73,223,38,18932
2025-07-05,argo,voice.playback.player,VoicePlayerTest,setMediaItems,1,0,0.0,1,1.0,0,1,1,0,5,0,1,0,0.8333333333333334,0,4,2,4,4.0,0,3.0,1,1,0.0,0,0.6,0.8,149,101,0.6666666666666666,9,7,0,0,0,6,5,0,7,0,0,6,0,0,1,0,10,0.5333333333333333,10,1.0,10,0,7,0,6,4,0,6,0,1,0,0,0,0,0,11,11,34,688,639,4,0,3,38,1.0,31,0,838,73,223,38,18932
2025-07-05,argo,voice.playback.player,VoicePlayerTest,`forceSeekToPrevious jumps to chapter start when outside the 2s window`,1,0,3.0,3,0.3333,0,1,1,0,12,0,1,3,1.0,4,2,0,4,2.0,1,2.0,0,0,0.0,0,0.6,0.8,149,101,0.6666666666666666,9,7,0,0,0,6,5,0,7,0,0,6,0,0,1,0,10,0.5333333333333333,10,1.0,10,0,7,0,6,4,0,6,0,1,0,0,0,0,0,11,11,34,688,639,4,0,3,38,1.0,31,0,838,73,223,38,18932
2025-07-05,argo,voice.playback.player,VoicePlayerTest,chapter,1,0,0.0,1,1.0,0,1,1,0,3,0,1,0,0.0,0,0,0,8,0.0,0,2.142857142857143,1,0,0.0,0,0.6,0.8,149,101,0.6666666666666666,9,7,0,0,0,6,5,0,7,0,0,6,0,0,1,0,10,0.5333333333333333,10,1.0,10,0,7,0,6,4,0,6,0,1,0,0,0,0,0,11,11,34,688,639,4,0,3,38,1.0,31,0,838,73,223,38,18932
2025-07-05,argo,voice.playback.player,VoicePlayerTest,awaitReady,1,0,0.0,1,1.0,0,1,1,0,3,0,1,0,1.0,0,1,1,2,1.0,0,2.0,0,1,0.0,0,0.6,0.8,149,101,0.6666666666666666,9,7,0,0,0,6,5,0,7,0,0,6,0,0,1,0,10,0.5333333333333333,10,1.0,10,0,7,0,6,4,0,6,0,1,0,0,0,0,0,11,11,34,688,639,4,0,3,38,1.0,31,0,838,73,223,38,18932
2025-07-05,argo,voice.playback.player,VoicePlayerTest,shouldHavePosition,1,0,0.0,1,1.0,0,1,1,0,5,0,1,0,0.3333333333333333,0,1,0,2,0.5,1,2.0,2,0,0.0,0,0.6,0.8,149,101,0.6666666666666666,9,7,0,0,0,6,5,0,7,0,0,6,0,0,1,0,10,0.5333333333333333,10,1.0,10,0,7,0,6,4,0,6,0,1,0,0,0,0,0,11,11,34,688,639,4,0,3,38,1.0,31,0,838,73,223,38,18932
2025-07-05,argo,voice.playback.session.search,BookSearchHandlerTest,unstructuredSearchByBook,1,1,0.0,2,1.0,0,0,1,0,4,0,1,0,1.0,0,2,0,3,2.0,1,2.5,0,0,0.0,0,1.0,1.0,53,30,0.0,7,5,0,0,0,0,0,0,5,0,0,5,0,0,0,0,7,0.0,7,1.0,7,0,7,0,8,0,0,8,0,2,0,0,0,0,0,7,7,34,688,639,5,0,0,37,1.0,17,0,275,73,223,15,18932
2025-07-05,argo,voice.playback.session.search,BookSearchHandlerTest,unstructuredSearchByArtist,1,1,0.0,2,1.0,0,0,1,0,4,0,1,0,1.0,0,2,0,3,2.0,1,2.5,0,0,0.0,0,1.0,1.0,53,30,0.0,7,5,0,0,0,0,0,0,5,0,0,5,0,0,0,0,7,0.0,7,1.0,7,0,7,0,8,0,0,8,0,2,0,0,0,0,0,7,7,34,688,639,5,0,0,37,1.0,17,0,275,73,223,15,18932
2025-07-05,argo,voice.playback.session.search,BookSearchHandlerTest,unstructuredSearchByChapter,1,1,0.0,2,1.0,0,0,1,0,4,0,1,0,1.0,0,2,0,4,2.0,1,3.0,0,0,0.0,0,1.0,1.0,53,30,0.0,7,5,0,0,0,0,0,0,5,0,0,5,0,0,0,0,7,0.0,7,1.0,7,0,7,0,8,0,0,8,0,2,0,0,0,0,0,7,7,34,688,639,5,0,0,37,1.0,17,0,275,73,223,15,18932
2025-07-05,argo,voice.playback.session.search,BookSearchHandlerTest,mediaFocusAnyNoneFoundButPlayed,1,1,0.0,2,1.0,0,0,1,0,4,0,1,0,1.0,0,1,0,5,1.0,2,3.5,0,0,0.0,0,1.0,1.0,53,30,0.0,7,5,0,0,0,0,0,0,5,0,0,5,0,0,0,0,7,0.0,7,1.0,7,0,7,0,8,0,0,8,0,2,0,0,0,0,0,7,7,34,688,639,5,0,0,37,1.0,17,0,275,73,223,15,18932
2025-07-05,argo,voice.playback.session.search,BookSearchHandlerTest,mediaFocusArtist,1,1,0.0,2,1.0,0,0,1,0,4,0,1,0,1.0,0,2,0,6,2.0,1,3.0,0,0,0.0,0,1.0,1.0,53,30,0.0,7,5,0,0,0,0,0,0,5,0,0,5,0,0,0,0,7,0.0,7,1.0,7,0,7,0,8,0,0,8,0,2,0,0,0,0,0,7,7,34,688,639,5,0,0,37,1.0,17,0,275,73,223,15,18932
2025-07-05,argo,voice.playback.session.search,BookSearchHandlerTest,mediaFocusArtistInTitleNoArtistInBook,1,2,0.0,4,1.0,0,0,1,0,6,0,1,0,1.0,0,2,0,8,1.5,1,2.6,0,0,0.0,0,1.0,1.0,53,30,0.0,7,5,0,0,0,0,0,0,5,0,0,5,0,0,0,0,7,0.0,7,1.0,7,0,7,0,8,0,0,8,0,2,0,0,0,0,0,7,7,34,688,639,5,0,0,37,1.0,17,0,275,73,223,15,18932
2025-07-05,argo,voice.playback.session.search,BookSearchHandlerTest,mediaFocusAlbum,1,1,0.0,2,1.0,0,0,1,0,4,0,1,0,1.0,0,2,0,7,2.0,1,3.0,0,0,0.0,0,1.0,1.0,53,30,0.0,7,5,0,0,0,0,0,0,5,0,0,5,0,0,0,0,7,0.0,7,1.0,7,0,7,0,8,0,0,8,0,2,0,0,0,0,0,7,7,34,688,639,5,0,0,37,1.0,17,0,275,73,223,15,18932
2025-07-05,argo,voice.playback.session.search,MemoryDataStore,updateData,1,0,0.0,1,1.0,0,0,1,0,3,0,1,0,0.5,0,1,0,1,1.0,1,2.0,1,0,0.0,0,0.0,1.0,9,3,0.0,1,2,1,1,0,2,0,0,2,0,0,4,0,0,0,0,1,0.0,1,1.0,1,1,7,0,8,0,0,8,0,2,0,0,0,0,0,1,1,34,688,639,5,0,0,37,1.0,17,0,275,73,223,15,18932
2025-07-05,argo,voice.playbackScreen,BookPlayViewModel,viewState,1,5,0.0,8,1.0,0,0,2,0,10,0,1,0,0.0,0,0,2,31,0.0,1,2.75,0,2,0.0,0,0.2608695652173913,0.782608695652174,198,160,0.08695652173913043,23,5,0,0,0,7,6,0,3,0,2,5,0,0,0,0,28,0.7035573122529644,28,1.2173913043478262,23,0,5,0,21,2,0,21,0,1,0,0,0,0,0,24,24,34,688,639,7,0,18,110,1.608695652173913,34,2,810,73,223,27,18932
2025-07-05,argo,voice.playbackScreen,BookPlayViewModel,dismissDialog,1,0,0.0,1,1.0,0,0,2,0,4,0,1,0,1.0,0,1,1,1,2.0,1,2.0,0,1,0.0,0,0.2608695652173913,0.782608695652174,198,160,0.08695652173913043,23,5,0,0,0,7,6,0,3,0,2,5,0,0,0,0,28,0.7035573122529644,28,1.2173913043478262,23,0,5,0,21,2,0,21,0,1,0,0,0,0,0,24,24,34,688,639,7,0,18,110,1.608695652173913,34,2,810,73,223,27,18932
2025-07-05,argo,voice.playbackScreen,BookPlayViewModel,incrementSleepTime,3,2,0.0,0,0.0,0,0,2,0,11,1,3,1,0.0,0,0,1,1,0.0,0,2.0,0,1,0.0,0,0.2608695652173913,0.782608695652174,198,160,0.08695652173913043,23,5,0,0,0,7,6,0,3,0,2,5,0,0,0,0,28,0.7035573122529644,28,1.2173913043478262,23,0,5,0,21,2,0,21,0,1,0,0,0,0,0,24,24,34,688,639,7,0,18,110,1.608695652173913,34,2,810,73,223,27,18932
2025-07-05,argo,voice.playbackScreen,BookPlayViewModel,decrementSleepTime,3,2,0.0,1,1.0,0,0,2,0,12,1,3,1,0.0,0,0,1,2,0.0,1,2.0,0,1,0.0,0,0.2608695652173913,0.782608695652174,198,160,0.08695652173913043,23,5,0,0,0,7,6,0,3,0,2,5,0,0,0,0,28,0.7035573122529644,28,1.2173913043478262,23,0,5,0,21,2,0,21,0,1,0,0,0,0,0,24,24,34,688,639,7,0,18,110,1.608695652173913,34,2,810,73,223,27,18932
2025-07-05,argo,voice.playbackScreen,BookPlayViewModel,onAcceptSleepTime,1,1,0.0,3,1.0,0,0,2,0,10,0,1,1,0.5,0,1,1,4,0.5,1,2.25,1,1,0.0,0,0.2608695652173913,0.782608695652174,198,160,0.08695652173913043,23,5,0,0,0,7,6,0,3,0,2,5,0,0,0,0,28,0.7035573122529644,28,1.2173913043478262,23,0,5,0,21,2,0,21,0,1,0,0,0,0,0,24,24,34,688,639,7,0,18,110,1.608695652173913,34,2,810,73,223,27,18932
2025-07-05,argo,voice.playbackScreen,BookPlayViewModel,updateSleepTimeViewState,3,2,0.0,4,1.0,0,0,2,0,9,0,3,0,0.5,0,2,1,5,1.0,0,2.0,1,0,0.0,0,0.2608695652173913,0.782608695652174,198,160,0.08695652173913043,23,5,0,0,0,7,6,0,3,0,2,5,0,0,0,0,28,0.7035573122529644,28,1.2173913043478262,23,0,5,0,21,2,0,21,0,1,0,0,0,0,0,24,24,34,688,639,7,0,18,110,1.608695652173913,34,2,810,73,223,27,18932
2025-07-05,argo,voice.playbackScreen,BookPlayViewModel,onPlaybackSpeedChanged,1,0,0.0,2,1.0,0,0,2,0,4,0,1,0,0.3333333333333333,0,1,2,3,2.0,1,2.0,1,1,0.0,0,0.2608695652173913,0.782608695652174,198,160,0.08695652173913043,23,5,0,0,0,7,6,0,3,0,2,5,0,0,0,0,28,0.7035573122529644,28,1.2173913043478262,23,0,5,0,21,2,0,21,0,1,0,0,0,0,0,24,24,34,688,639,7,0,18,110,1.608695652173913,34,2,810,73,223,27,18932
2025-07-05,argo,voice.playbackScreen,BookPlayViewModel,onVolumeGainChanged,1,0,1.0,2,1.0,0,0,2,0,4,0,1,1,0.3333333333333333,1,1,2,2,2.0,1,2.0,1,1,0.0,0,0.2608695652173913,0.782608695652174,198,160,0.08695652173913043,23,5,0,0,0,7,6,0,3,0,2,5,0,0,0,0,28,0.7035573122529644,28,1.2173913043478262,23,0,5,0,21,2,0,21,0,1,0,0,0,0,0,24,24,34,688,639,7,0,18,110,1.608695652173913,34,2,810,73,223,27,18932
2025-07-05,argo,voice.playbackScreen,BookPlayViewModel,next,1,0,0.0,0,0.0,0,0,2,0,3,0,1,0,0.0,1,0,1,1,0.0,1,2.0,0,1,0.0,0,0.2608695652173913,0.782608695652174,198,160,0.08695652173913043,23,5,0,0,0,7,6,0,3,0,2,5,0,0,0,0,28,0.7035573122529644,28,1.2173913043478262,23,0,5,0,21,2,0,21,0,1,0,0,0,0,0,24,24,34,688,639,7,0,18,110,1.608695652173913,34,2,810,73,223,27,18932
2025-07-05,argo,voice.playbackScreen,BookPlayViewModel,previous,1,0,0.0,0,0.0,0,0,2,0,3,0,1,0,0.0,1,0,1,1,0.0,1,2.0,0,1,0.0,0,0.2608695652173913,0.782608695652174,198,160,0.08695652173913043,23,5,0,0,0,7,6,0,3,0,2,5,0,0,0,0,28,0.7035573122529644,28,1.2173913043478262,23,0,5,0,21,2,0,21,0,1,0,0,0,0,0,24,24,34,688,639,7,0,18,110,1.608695652173913,34,2,810,73,223,27,18932
2025-07-05,argo,voice.playbackScreen,BookPlayViewModel,playPause,3,0,0.0,4,1.0,0,0,2,0,9,1,3,0,1.0,1,2,1,9,3.0,1,2.2857142857142856,0,1,0.0,0,0.2608695652173913,0.782608695652174,198,160,0.08695652173913043,23,5,0,0,0,7,6,0,3,0,2,5,0,0,0,0,28,0.7035573122529644,28,1.2173913043478262,23,0,5,0,21,2,0,21,0,1,0,0,0,0,0,24,24,34,688,639,7,0,18,110,1.608695652173913,34,2,810,73,223,27,18932
2025-07-05,argo,voice.playbackScreen,BookPlayViewModel,rewind,1,0,0.0,0,0.0,0,0,2,0,3,0,1,0,0.0,1,0,1,1,0.0,1,2.0,0,1,0.0,0,0.2608695652173913,0.782608695652174,198,160,0.08695652173913043,23,5,0,0,0,7,6,0,3,0,2,5,0,0,0,0,28,0.7035573122529644,28,1.2173913043478262,23,0,5,0,21,2,0,21,0,1,0,0,0,0,0,24,24,34,688,639,7,0,18,110,1.608695652173913,34,2,810,73,223,27,18932
2025-07-05,argo,voice.playbackScreen,BookPlayViewModel,fastForward,1,0,0.0,0,0.0,0,0,2,0,3,0,1,0,0.0,1,0,1,1,0.0,1,2.0,0,1,0.0,0,0.2608695652173913,0.782608695652174,198,160,0.08695652173913043,23,5,0,0,0,7,6,0,3,0,2,5,0,0,0,0,28,0.7035573122529644,28,1.2173913043478262,23,0,5,0,21,2,0,21,0,1,0,0,0,0,0,24,24,34,688,639,7,0,18,110,1.608695652173913,34,2,810,73,223,27,18932
2025-07-05,argo,voice.playbackScreen,BookPlayViewModel,onCurrentChapterClick,1,3,0.0,3,1.0,0,0,2,0,8,0,1,0,1.0,0,2,0,6,1.0,1,2.25,0,0,0.0,0,0.2608695652173913,0.782608695652174,198,160,0.08695652173913043,23,5,0,0,0,7,6,0,3,0,2,5,0,0,0,0,28,0.7035573122529644,28,1.2173913043478262,23,0,5,0,21,2,0,21,0,1,0,0,0,0,0,24,24,34,688,639,7,0,18,110,1.608695652173913,34,2,810,73,223,27,18932
2025-07-05,argo,voice.playbackScreen,BookPlayViewModel,onChapterClick,2,2,0.0,2,1.0,0,0,2,0,14,1,2,0,0.6666666666666666,0,2,0,5,1.0,1,2.4285714285714284,1,0,0.0,0,0.2608695652173913,0.782608695652174,198,160,0.08695652173913043,23,5,0,0,0,7,6,0,3,0,2,5,0,0,0,0,28,0.7035573122529644,28,1.2173913043478262,23,0,5,0,21,2,0,21,0,1,0,0,0,0,0,24,24,34,688,639,7,0,18,110,1.608695652173913,34,2,810,73,223,27,18932
2025-07-05,argo,voice.playbackScreen,BookPlayViewModel,onPlaybackSpeedIconClick,2,1,0.0,2,1.0,0,0,2,0,8,1,2,0,1.0,0,2,0,6,3.0,0,2.5,0,0,0.0,0,0.2608695652173913,0.782608695652174,198,160,0.08695652173913043,23,5,0,0,0,7,6,0,3,0,2,5,0,0,0,0,28,0.7035573122529644,28,1.2173913043478262,23,0,5,0,21,2,0,21,0,1,0,0,0,0,0,24,24,34,688,639,7,0,18,110,1.608695652173913,34,2,810,73,223,27,18932
2025-07-05,argo,voice.playbackScreen,BookPlayViewModel,onVolumeGainIconClick,2,1,1.0,2,1.0,0,0,2,0,8,1,2,1,1.0,1,2,0,5,3.0,0,2.25,0,0,0.0,0,0.2608695652173913,0.782608695652174,198,160,0.08695652173913043,23,5,0,0,0,7,6,0,3,0,2,5,0,0,0,0,28,0.7035573122529644,28,1.2173913043478262,23,0,5,0,21,2,0,21,0,1,0,0,0,0,0,24,24,34,688,639,7,0,18,110,1.608695652173913,34,2,810,73,223,27,18932
2025-07-05,argo,voice.playbackScreen,BookPlayViewModel,volumeGainDialogViewState,1,0,0.0,1,1.0,0,0,2,0,3,0,1,0,0.0,0,0,0,3,0.0,0,2.0,1,0,0.0,0,0.2608695652173913,0.782608695652174,198,160,0.08695652173913043,23,5,0,0,0,7,6,0,3,0,2,5,0,0,0,0,28,0.7035573122529644,28,1.2173913043478262,23,0,5,0,21,2,0,21,0,1,0,0,0,0,0,24,24,34,688,639,7,0,18,110,1.608695652173913,34,2,810,73,223,27,18932
2025-07-05,argo,voice.playbackScreen,BookPlayViewModel,onBookmarkClick,1,0,0.0,1,1.0,0,0,2,0,3,0,1,0,0.0,0,0,1,2,0.0,0,3.0,0,1,0.0,0,0.2608695652173913,0.782608695652174,198,160,0.08695652173913043,23,5,0,0,0,7,6,0,3,0,2,5,0,0,0,0,28,0.7035573122529644,28,1.2173913043478262,23,0,5,0,21,2,0,21,0,1,0,0,0,0,0,24,24,34,688,639,7,0,18,110,1.608695652173913,34,2,810,73,223,27,18932
2025-07-05,argo,voice.playbackScreen,BookPlayViewModel,onBookmarkLongClick,1,1,0.0,3,1.0,0,0,2,0,7,0,1,0,1.0,0,2,0,4,3.0,1,2.25,0,0,0.0,0,0.2608695652173913,0.782608695652174,198,160,0.08695652173913043,23,5,0,0,0,7,6,0,3,0,2,5,0,0,0,0,28,0.7035573122529644,28,1.2173913043478262,23,0,5,0,21,2,0,21,0,1,0,0,0,0,0,24,24,34,688,639,7,0,18,110,1.608695652173913,34,2,810,73,223,27,18932
2025-07-05,argo,voice.playbackScreen,BookPlayViewModel,seekTo,1,3,0.0,3,1.0,0,0,2,0,8,0,1,0,0.5,0,1,0,8,0.25,1,2.4285714285714284,1,0,0.0,0,0.2608695652173913,0.782608695652174,198,160,0.08695652173913043,23,5,0,0,0,7,6,0,3,0,2,5,0,0,0,0,28,0.7035573122529644,28,1.2173913043478262,23,0,5,0,21,2,0,21,0,1,0,0,0,0,0,24,24,34,688,639,7,0,18,110,1.608695652173913,34,2,810,73,223,27,18932
2025-07-05,argo,voice.playbackScreen,BookPlayViewModel,toggleSleepTimer,4,0,0.0,4,1.0,0,0,2,0,9,1,4,0,1.0,0,1,1,7,2.0,1,2.142857142857143,0,1,0.0,0,0.2608695652173913,0.782608695652174,198,160,0.08695652173913043,23,5,0,0,0,7,6,0,3,0,2,5,0,0,0,0,28,0.7035573122529644,28,1.2173913043478262,23,0,5,0,21,2,0,21,0,1,0,0,0,0,0,24,24,34,688,639,7,0,18,110,1.608695652173913,34,2,810,73,223,27,18932
2025-07-05,argo,voice.playbackScreen,BookPlayViewModel,toggleSkipSilence,1,2,0.0,2,1.0,0,0,2,0,7,0,1,0,1.0,0,1,0,2,0.5,1,2.25,0,0,0.0,0,0.2608695652173913,0.782608695652174,198,160,0.08695652173913043,23,5,0,0,0,7,6,0,3,0,2,5,0,0,0,0,28,0.7035573122529644,28,1.2173913043478262,23,0,5,0,21,2,0,21,0,1,0,0,0,0,0,24,24,34,688,639,7,0,18,110,1.608695652173913,34,2,810,73,223,27,18932
2025-07-05,argo,voice.playbackScreen,VolumeGainFormatter,format,1,0,0.0,0,0.0,0,0,1,0,3,0,1,0,0.5,1,1,0,2,1.0,0,3.0,1,0,0.0,0,0.0,1.0,7,3,0.0,1,1,0,0,0,2,0,0,1,0,0,1,0,0,0,0,1,0.0,1,1.0,1,0,1,0,1,0,0,1,0,1,0,0,0,0,0,1,1,34,688,639,7,0,0,2,1.0,34,2,810,73,223,27,18932
2025-07-05,argo,voice.playbackScreen.batteryOptimization,BatteryOptimization,shouldRequest,3,0,0.0,2,1.0,0,0,1,0,5,2,3,0,0.0,0,0,0,5,0.0,0,3.0,0,0,0.0,0,0.0,1.0,11,8,0.0,2,0,0,0,0,1,1,0,0,0,0,0,0,0,0,0,3,1.0,3,1.5,2,0,0,0,2,0,0,2,0,1,0,0,0,0,0,2,2,34,688,639,5,0,1,5,2.0,7,0,126,73,223,5,18932
2025-07-05,argo,voice.playbackScreen.batteryOptimization,BatteryOptimization,onBatteryOptimizationsRequested,1,0,0.0,0,0.0,0,0,1,0,3,0,1,0,0.0,0,0,1,0,0.0,0,2.0,0,1,0.0,0,0.0,1.0,11,8,0.0,2,0,0,0,0,1,1,0,0,0,0,0,0,0,0,0,3,1.0,3,1.5,2,0,0,0,2,0,0,2,0,1,0,0,0,0,0,2,2,34,688,639,5,0,1,5,2.0,7,0,126,73,223,5,18932
2025-07-05,argo,voice.playbackScreen,BookPlayViewModelTest,sleepTimerValueChanging,1,0,0.0,4,0.25,0,0,1,0,28,0,1,0,1.0,0,2,0,12,2.0,1,2.1666666666666665,0,0,0.0,0,1.0,0.6666666666666666,63,44,0.0,3,5,0,0,0,0,3,0,5,0,0,5,0,0,0,0,3,0.0,3,1.0,3,0,5,0,3,0,0,3,0,1,0,0,0,0,0,6,6,34,688,639,7,0,1,21,1.0,34,2,810,73,223,27,18932
2025-07-05,argo,voice.playbackScreen,BookPlayViewModelTest,sleepTimerSettingFixedValue,1,0,0.0,3,0.6667,0,0,1,0,6,0,1,0,1.0,0,4,0,4,4.0,1,2.2,0,0,0.0,0,1.0,0.6666666666666666,63,44,0.0,3,5,0,0,0,0,3,0,5,0,0,5,0,0,0,0,3,0.0,3,1.0,3,0,5,0,3,0,0,3,0,1,0,0,0,0,0,6,6,34,688,639,7,0,1,21,1.0,34,2,810,73,223,27,18932
2025-07-05,argo,voice.playbackScreen,BookPlayViewModelTest,deactivateSleepTimer,1,0,0.0,4,0.5,0,0,1,0,10,0,1,0,1.0,0,2,1,5,2.0,1,2.1666666666666665,0,1,0.0,0,1.0,0.6666666666666666,63,44,0.0,3,5,0,0,0,0,3,0,5,0,0,5,0,0,0,0,3,0.0,3,1.0,3,0,5,0,3,0,0,3,0,1,0,0,0,0,0,6,6,34,688,639,7,0,1,21,1.0,34,2,810,73,223,27,18932
2025-07-05,argo,voice.playbackScreen.batteryOptimization,BatteryOptimizationTest,`requests at most three times`,1,1,0.0,2,0.5,0,0,1,0,12,0,1,0,0.0,0,0,0,5,0.0,2,2.5555555555555554,0,0,0.0,0,0.0,1.0,19,16,0.0,2,0,0,0,0,0,0,0,0,0,0,0,0,0,0,0,2,0.0,2,1.0,2,0,2,0,3,0,0,3,0,2,0,0,0,0,0,2,2,34,688,639,5,0,0,9,1.0,7,0,126,73,223,5,18932
2025-07-05,argo,voice.playbackScreen.batteryOptimization,BatteryOptimizationTest,`does not request when optimizations are ignored`,1,1,0.0,1,1.0,0,0,1,0,4,0,1,0,0.0,0,0,0,3,0.0,2,3.0,0,0,0.0,0,0.0,1.0,19,16,0.0,2,0,0,0,0,0,0,0,0,0,0,0,0,0,0,0,2,0.0,2,1.0,2,0,2,0,3,0,0,3,0,2,0,0,0,0,0,2,2,34,688,639,5,0,0,9,1.0,7,0,126,73,223,5,18932
2025-07-05,argo,voice.playbackScreen.batteryOptimization,MemoryDataStore,updateData,1,0,0.0,1,1.0,0,0,1,0,3,0,1,0,0.5,0,1,0,1,1.0,1,2.0,1,0,0.0,0,0.0,1.0,9,3,0.0,1,2,1,1,0,2,0,0,2,0,0,4,0,0,0,0,1,0.0,1,1.0,1,1,2,0,3,0,0,3,0,2,0,0,0,0,0,1,1,34,688,639,5,0,0,9,1.0,7,0,126,73,223,5,18932
2025-07-05,argo,Unknown,AppPlugin,apply,1,0,0.0,4,0.8,1,0,1,0,11,0,1,3,0.0,1,0,1,8,0.0,1,2.6666666666666665,1,1,0.0,0,0.0,1.0,13,11,0.0,1,0,1,1,0,1,1,0,0,0,0,0,0,0,0,0,1,0.0,1,1.0,1,1,0,0,1,0,0,1,0,1,0,0,0,0,0,1,1,34,688,639,0,0,1,8,1.0,0,0,0,73,223,5,18932
2025-07-05,argo,Unknown,ComposePlugin,apply,1,0,1.0,1,1.0,1,0,1,0,4,0,1,2,0.0,1,0,1,8,0.0,0,4.0,1,1,0.0,0,0.0,0.5,15,12,1.0,2,0,1,1,0,2,1,0,0,0,0,0,0,0,0,0,2,1.0,2,1.0,2,1,0,0,1,1,0,1,0,1,0,0,0,0,0,2,2,34,688,639,0,0,2,41,1.0,0,0,0,73,223,5,18932
2025-07-05,argo,Unknown,ComposePlugin,configureCompose,1,1,1.0,4,0.5,1,0,1,0,8,0,1,0,0.0,1,0,1,33,0.0,0,4.071428571428571,2,1,0.0,0,0.0,0.5,15,12,1.0,2,0,1,1,0,2,1,0,0,0,0,0,0,0,0,0,2,1.0,2,1.0,2,1,0,0,1,1,0,1,0,1,0,0,0,0,0,2,2,34,688,639,0,0,2,41,1.0,0,0,0,73,223,5,18932
2025-07-05,argo,Unknown,KtlintPlugin,apply,1,1,0.0,3,0.5,1,0,1,0,6,0,1,0,0.0,1,0,1,18,0.0,0,4.166666666666667,1,1,0.0,0,0.0,1.0,8,6,0.0,1,0,1,1,0,1,1,0,0,0,0,0,0,0,0,0,1,0.0,1,1.0,1,1,0,0,1,0,0,1,0,1,0,0,0,0,0,1,1,34,688,639,0,0,1,18,1.0,0,0,0,73,223,5,18932
2025-07-05,argo,Unknown,LibraryPlugin,apply,1,0,0.0,4,0.8,1,0,1,0,11,0,1,3,0.0,1,0,1,8,0.0,1,2.6666666666666665,1,1,0.0,0,0.0,1.0,13,11,0.0,1,0,1,1,0,1,1,0,0,0,0,0,0,0,0,0,1,0.0,1,1.0,1,1,0,0,1,0,0,1,0,1,0,0,0,0,0,1,1,34,688,639,0,0,1,8,1.0,0,0,0,73,223,5,18932
2025-07-05,argo,voice.review,InstallationTimeProvider,installationTime,3,2,0.0,3,1.0,0,0,1,1,9,0,3,0,0.0,0,0,0,9,0.0,0,2.8333333333333335,0,0,0.0,0,0.0,1.0,11,9,0.0,1,0,0,0,0,1,0,0,0,0,0,0,0,0,0,0,1,0.0,1,1.0,1,0,0,0,0,0,0,0,0,1,0,0,0,0,0,1,1,34,688,639,6,0,0,9,3.0,19,1,529,73,223,14,18932
2025-07-05,argo,voice.review,ReviewTranslated,translated,1,1,0.0,1,1.0,0,0,1,1,4,0,1,0,0.0,0,0,0,6,0.0,0,6.0,0,0,0.0,0,0.0,1.0,6,4,0.0,1,0,0,0,0,1,0,0,0,0,0,0,0,0,0,0,1,0.0,1,1.0,1,0,0,0,1,0,0,1,0,1,0,0,0,0,0,1,1,34,688,639,6,0,0,6,1.0,19,1,529,73,223,14,18932
2025-07-05,argo,voice.review,ShouldShowReviewDialog,shouldShow,1,0,3.0,1,1.0,0,2,1,0,3,0,1,4,0.0,4,0,0,1,0.0,1,2.0,0,0,0.0,0,0.0,0.5,23,12,0.25,6,0,0,0,0,1,1,0,0,0,0,0,0,0,0,0,6,1.0,6,1.0,6,0,0,0,0,4,0,0,0,1,0,0,0,0,0,6,6,34,688,639,6,0,1,14,1.0,19,1,529,73,223,14,18932
2025-07-05,argo,voice.review,ShouldShowReviewDialog,setShown,1,0,0.0,0,0.0,0,2,1,0,3,0,1,0,0.0,0,0,1,0,0.0,0,2.0,0,1,0.0,0,0.0,0.5,23,12,0.25,6,0,0,0,0,1,1,0,0,0,0,0,0,0,0,0,6,1.0,6,1.0,6,0,0,0,0,4,0,0,0,1,0,0,0,0,0,6,6,34,688,639,6,0,1,14,1.0,19,1,529,73,223,14,18932
2025-07-05,argo,voice.review,ShouldShowReviewDialog,enoughTimeElapsedSinceInstallation,1,1,0.0,1,1.0,0,2,1,0,4,0,1,0,0.0,0,0,0,5,0.0,0,3.0,0,0,0.0,0,0.0,0.5,23,12,0.25,6,0,0,0,0,1,1,0,0,0,0,0,0,0,0,0,6,1.0,6,1.0,6,0,0,0,0,4,0,0,0,1,0,0,0,0,0,6,6,34,688,639,6,0,1,14,1.0,19,1,529,73,223,14,18932
2025-07-05,argo,voice.review,ShouldShowReviewDialog,reviewDialogNotShown,1,0,0.0,1,1.0,0,2,1,0,1,0,1,0,0.0,0,0,0,2,0.0,0,3.0,0,0,0.0,0,0.0,0.5,23,12,0.25,6,0,0,0,0,1,1,0,0,0,0,0,0,0,0,0,6,1.0,6,1.0,6,0,0,0,0,4,0,0,0,1,0,0,0,0,0,6,6,34,688,639,6,0,1,14,1.0,19,1,529,73,223,14,18932
2025-07-05,argo,voice.review,ShouldShowReviewDialog,isNotPlaying,1,0,0.0,0,0.0,0,2,1,0,1,0,1,0,0.0,0,0,0,0,0.0,0,2.5,0,0,0.0,0,0.0,0.5,23,12,0.25,6,0,0,0,0,1,1,0,0,0,0,0,0,0,0,0,6,1.0,6,1.0,6,0,0,0,0,4,0,0,0,1,0,0,0,0,0,6,6,34,688,639,6,0,1,14,1.0,19,1,529,73,223,14,18932
2025-07-05,argo,voice.review,ShouldShowReviewDialog,listenedForEnoughTime,1,1,0.0,1,1.0,0,2,1,0,4,0,1,0,0.0,0,0,0,6,0.0,0,2.75,0,0,0.0,0,0.0,0.5,23,12,0.25,6,0,0,0,0,1,1,0,0,0,0,0,0,0,0,0,6,1.0,6,1.0,6,0,0,0,0,4,0,0,0,1,0,0,0,0,0,6,6,34,688,639,6,0,1,14,1.0,19,1,529,73,223,14,18932
2025-07-05,argo,voice.review,ShouldShowReviewDialogTest,`shouldShow returns false when playstate is playing`,1,0,1.0,1,1.0,0,0,1,0,3,0,1,1,0.0,1,0,1,4,0.0,0,2.3333333333333335,0,1,0.0,0,0.0,1.0,28,21,0.8333333333333334,6,0,0,0,0,3,2,0,0,0,0,0,0,0,0,0,6,0.0,6,1.0,6,0,0,0,5,1,0,5,0,1,0,0,0,0,0,6,6,34,688,639,6,0,5,28,1.0,19,1,529,73,223,14,18932
2025-07-05,argo,voice.review,ShouldShowReviewDialogTest,`shouldShow returns false when time since installation is less than 2 days`,1,0,1.0,1,1.0,0,0,1,0,3,0,1,1,0.0,1,0,1,4,0.0,0,2.3333333333333335,0,1,0.0,0,0.0,1.0,28,21,0.8333333333333334,6,0,0,0,0,3,2,0,0,0,0,0,0,0,0,0,6,0.0,6,1.0,6,0,0,0,5,1,0,5,0,1,0,0,0,0,0,6,6,34,688,639,6,0,5,28,1.0,19,1,529,73,223,14,18932
2025-07-05,argo,voice.review,ShouldShowReviewDialogTest,`shouldShow returns false when review dialog was shown before`,1,0,1.0,1,1.0,0,0,1,0,3,0,1,1,0.0,1,0,1,4,0.0,0,2.3333333333333335,0,1,0.0,0,0.0,1.0,28,21,0.8333333333333334,6,0,0,0,0,3,2,0,0,0,0,0,0,0,0,0,6,0.0,6,1.0,6,0,0,0,5,1,0,5,0,1,0,0,0,0,0,6,6,34,688,639,6,0,5,28,1.0,19,1,529,73,223,14,18932
2025-07-05,argo,voice.review,ShouldShowReviewDialogTest,`shouldShow returns false when listened time is less than 5 hours`,1,0,1.0,1,1.0,0,0,1,0,3,0,1,1,0.0,1,0,1,4,0.0,0,2.3333333333333335,0,1,0.0,0,0.0,1.0,28,21,0.8333333333333334,6,0,0,0,0,3,2,0,0,0,0,0,0,0,0,0,6,0.0,6,1.0,6,0,0,0,5,1,0,5,0,1,0,0,0,0,0,6,6,34,688,639,6,0,5,28,1.0,19,1,529,73,223,14,18932
2025-07-05,argo,voice.review,ShouldShowReviewDialogTest,`shouldShow returns true when all conditions are satisfied`,1,0,1.0,1,1.0,0,0,1,0,3,0,1,1,0.0,1,0,1,4,0.0,0,2.3333333333333335,0,1,0.0,0,0.0,1.0,28,21,0.8333333333333334,6,0,0,0,0,3,2,0,0,0,0,0,0,0,0,0,6,0.0,6,1.0,6,0,0,0,5,1,0,5,0,1,0,0,0,0,0,6,6,34,688,639,6,0,5,28,1.0,19,1,529,73,223,14,18932
2025-07-05,argo,voice.review,ShouldShowReviewDialogTest,test,1,3,0.0,3,1.0,0,0,1,0,6,0,1,0,0.0,0,0,0,8,0.0,1,2.142857142857143,5,0,0.0,0,0.0,1.0,28,21,0.8333333333333334,6,0,0,0,0,3,2,0,0,0,0,0,0,0,0,0,6,0.0,6,1.0,6,0,0,0,5,1,0,5,0,1,0,0,0,0,0,6,6,34,688,639,6,0,5,28,1.0,19,1,529,73,223,14,18932
2025-07-05,argo,voice.app.scanner,BookmarkMigrator,migrate,3,3,0.0,4,1.0,0,0,1,0,14,1,3,0,0.0,0,0,1,27,0.0,0,2.2916666666666665,3,1,0.0,0,0.0,1.0,16,14,0.0,1,0,0,0,0,3,1,0,0,0,0,0,0,0,0,0,3,0.0,3,3.0,1,0,0,0,1,0,0,1,0,1,0,0,0,0,0,1,1,34,688,639,18,0,1,27,3.0,35,0,1202,73,223,33,18932
2025-07-05,argo,voice.app.scanner,BookParser,parseAndStore,2,7,2.0,9,1.0,0,0,2,0,15,1,2,1,0.0,2,0,0,45,0.0,1,2.3636363636363638,2,0,0.0,0,0.0,1.0,44,38,0.3333333333333333,3,0,0,0,0,6,0,0,0,0,0,0,0,0,0,0,6,0.0,6,2.0,3,0,0,0,1,2,0,1,1,1,0,0,0,0,0,3,3,34,688,639,18,0,0,65,3.3333333333333335,35,0,1202,73,223,33,18932
2025-07-05,argo,voice.app.scanner,BookParser,findMigratedPlaybackPosition,3,2,0.0,3,1.0,0,0,2,0,11,1,3,0,0.0,0,0,0,9,0.0,0,2.8,2,0,0.0,0,0.0,1.0,44,38,0.3333333333333333,3,0,0,0,0,6,0,0,0,0,0,0,0,0,0,0,6,0.0,6,2.0,3,0,0,0,1,2,0,1,1,1,0,0,0,0,0,3,3,34,688,639,18,0,0,65,3.3333333333333335,35,0,1202,73,223,33,18932
2025-07-05,argo,voice.app.scanner,BookParser,bookName,5,1,0.0,2,1.0,0,0,2,0,12,1,5,0,0.0,0,0,0,11,0.0,0,3.25,0,0,0.0,0,0.0,1.0,44,38,0.3333333333333333,3,0,0,0,0,6,0,0,0,0,0,0,0,0,0,0,6,0.0,6,2.0,3,0,0,0,1,2,0,1,1,1,0,0,0,0,0,3,3,34,688,639,18,0,0,65,3.3333333333333335,35,0,1202,73,223,33,18932
2025-07-05,argo,voice.app.scanner,ChapterParser,parse,6,4,0.0,9,1.0,0,0,1,0,19,1,6,3,0.0,0,0,1,20,0.0,1,2.2142857142857144,1,1,0.0,0,0.0,1.0,21,19,0.0,1,0,0,0,0,2,1,0,0,0,0,0,0,0,0,0,3,0.0,3,3.0,1,0,0,0,1,0,0,1,1,1,0,0,0,0,0,2,2,34,688,639,18,0,1,20,6.0,35,0,1202,73,223,33,18932
2025-07-05,argo,voice.app.scanner,CoverSaver,save,10,4,1.0,10,1.0,0,1,1,0,29,1,10,2,0.0,2,0,2,16,0.0,1,2.3076923076923075,2,2,0.0,0,0.0,1.0,44,33,0.5,3,0,0,0,0,3,3,0,0,0,0,0,0,0,0,0,4,0.0,4,1.3333333333333333,3,0,0,0,3,0,0,3,1,1,0,0,0,0,0,3,3,34,688,639,18,0,3,30,4.333333333333333,35,0,1202,73,223,33,18932
2025-07-05,argo,voice.app.scanner,CoverSaver,newBookCoverFile,1,1,0.0,2,1.0,0,1,1,0,4,0,1,0,0.0,0,0,0,6,0.0,0,2.2,0,0,0.0,0,0.0,1.0,44,33,0.5,3,0,0,0,0,3,3,0,0,0,0,0,0,0,0,0,4,0.0,4,1.3333333333333333,3,0,0,0,3,0,0,3,1,1,0,0,0,0,0,3,3,34,688,639,18,0,3,30,4.333333333333333,35,0,1202,73,223,33,18932
2025-07-05,argo,voice.app.scanner,CoverSaver,setBookCover,2,1,0.0,3,1.0,0,1,1,0,7,1,2,0,0.0,0,0,1,8,0.0,2,2.4,2,1,0.0,0,0.0,1.0,44,33,0.5,3,0,0,0,0,3,3,0,0,0,0,0,0,0,0,0,4,0.0,4,1.3333333333333333,3,0,0,0,3,0,0,3,1,1,0,0,0,0,0,3,3,34,688,639,18,0,3,30,4.333333333333333,35,0,1202,73,223,33,18932
2025-07-05,argo,voice.app.scanner,CoverScanner,scan,1,0,1.0,1,1.0,0,0,1,0,3,0,1,1,0.0,1,0,1,1,0.0,1,2.0,1,1,0.0,0,0.0,1.0,57,52,0.5,4,0,0,0,0,3,3,0,0,0,0,0,0,0,0,0,9,0.5,9,2.25,4,0,0,0,1,3,0,1,1,1,0,0,0,0,0,4,4,34,688,639,18,0,3,40,4.75,35,0,1202,73,223,33,18932
2025-07-05,argo,voice.app.scanner,CoverScanner,findCoverForBook,3,2,2.0,1,1.0,0,0,1,0,11,1,3,3,0.0,2,0,1,3,0.0,1,2.5,1,1,0.0,0,0.0,1.0,57,52,0.5,4,0,0,0,0,3,3,0,0,0,0,0,0,0,0,0,9,0.5,9,2.25,4,0,0,0,1,3,0,1,1,1,0,0,0,0,0,4,4,34,688,639,18,0,3,40,4.75,35,0,1202,73,223,33,18932
2025-07-05,argo,voice.app.scanner,CoverScanner,findAndSaveCoverFromDisc,13,3,0.0,8,1.0,0,0,1,0,28,1,13,0,0.0,0,0,0,25,0.0,1,2.388888888888889,1,0,0.0,0,0.0,1.0,57,52,0.5,4,0,0,0,0,3,3,0,0,0,0,0,0,0,0,0,9,0.5,9,2.25,4,0,0,0,1,3,0,1,1,1,0,0,0,0,0,4,4,34,688,639,18,0,3,40,4.75,35,0,1202,73,223,33,18932
2025-07-05,argo,voice.app.scanner,CoverScanner,scanForEmbeddedCover,2,1,0.0,5,1.0,0,0,1,0,10,1,2,0,0.0,0,0,1,11,0.0,2,2.375,1,1,0.0,0,0.0,1.0,57,52,0.5,4,0,0,0,0,3,3,0,0,0,0,0,0,0,0,0,9,0.5,9,2.25,4,0,0,0,1,3,0,1,1,1,0,0,0,0,0,4,4,34,688,639,18,0,3,40,4.75,35,0,1202,73,223,33,18932
2025-07-05,argo,voice.app.scanner,DeviceHasStoragePermissionBug,checkForBugAndSet,1,0,1.0,3,1.0,0,0,1,1,6,0,1,1,0.5,1,2,0,3,2.0,1,2.0,1,0,0.0,0,0.0,0.5,26,19,0.5,2,2,0,0,1,2,0,0,1,0,1,2,0,0,0,0,3,1.0,3,1.5,2,0,2,0,1,1,0,1,0,1,0,0,0,0,0,2,2,34,688,639,18,0,0,14,4.0,35,0,1202,73,223,33,18932
2025-07-05,argo,voice.app.scanner,DeviceHasStoragePermissionBug,deviceHasPermissionBug,7,0,0.0,4,1.0,0,0,1,1,13,1,7,0,0.0,0,0,0,11,0.0,1,2.6666666666666665,1,0,0.0,0,0.0,0.5,26,19,0.5,2,2,0,0,1,2,0,0,1,0,1,2,0,0,0,0,3,1.0,3,1.5,2,0,2,0,1,1,0,1,0,1,0,0,0,0,0,2,2,34,688,639,18,0,0,14,4.0,35,0,1202,73,223,33,18932
2025-07-05,argo,voice.app.scanner,FFProbeAnalyze,analyze,4,2,0.0,4,1.0,0,0,1,1,14,1,4,0,0.5,0,1,0,12,0.33,1,2.375,1,0,0.0,0,0.0,1.0,21,14,0.0,1,1,0,0,0,2,0,0,1,0,0,1,0,0,0,0,2,0.0,2,2.0,1,0,1,0,0,0,0,0,0,1,0,0,0,0,0,1,1,34,688,639,18,0,0,12,4.0,35,0,1202,73,223,33,18932
2025-07-05,argo,voice.app.scanner,MediaAnalyzer,analyze,3,2,0.0,2,1.0,0,0,2,1,8,0,3,0,0.0,1,0,0,20,0.0,1,2.7142857142857144,1,0,0.0,0,0.0,1.0,12,8,0.0,1,0,0,0,0,2,0,0,0,0,0,0,0,0,0,0,1,0.0,1,1.0,1,0,0,0,1,0,0,1,0,1,0,0,0,0,0,1,1,34,688,639,18,0,0,20,3.0,35,0,1202,73,223,33,18932
2025-07-05,argo,voice.app.scanner,MediaScanner,scan,6,2,0.0,7,1.0,0,0,1,0,22,2,6,4,0.0,3,0,2,19,0.0,1,2.25,1,2,0.0,0,0.0,1.0,43,39,0.3333333333333333,3,0,0,0,0,3,2,0,0,0,0,0,0,0,0,0,7,1.0,7,2.3333333333333335,3,0,0,0,1,2,0,1,0,1,0,0,0,0,0,3,3,34,688,639,18,0,0,19,4.0,35,0,1202,73,223,33,18932
2025-07-05,argo,voice.app.scanner,MediaScanner,findProbeFile,1,0,0.0,1,1.0,0,0,1,0,3,0,1,0,0.0,0,0,0,9,0.0,0,2.5,0,0,0.0,0,0.0,1.0,43,39,0.3333333333333333,3,0,0,0,0,3,2,0,0,0,0,0,0,0,0,0,7,1.0,7,2.3333333333333335,3,0,0,0,1,2,0,1,0,1,0,0,0,0,0,3,3,34,688,639,18,0,0,19,4.0,35,0,1202,73,223,33,18932
2025-07-05,argo,voice.app.scanner,MediaScanner,scan,7,7,0.0,7,1.0,0,0,1,0,14,2,7,0,0.0,0,0,0,10,0.0,1,2.0,1,0,0.0,0,0.0,1.0,43,39,0.3333333333333333,3,0,0,0,0,3,2,0,0,0,0,0,0,0,0,0,7,1.0,7,2.3333333333333335,3,0,0,0,1,2,0,1,0,1,0,0,0,0,0,3,3,34,688,639,18,0,0,19,4.0,35,0,1202,73,223,33,18932
2025-07-05,argo,voice.app.scanner,MediaScanTrigger,scan,5,3,0.0,5,1.0,0,0,1,0,18,1,5,3,0.8571428571428571,1,3,1,14,1.33,1,2.2857142857142856,1,1,0.0,0,0.0,1.0,28,18,0.0,1,4,0,0,1,1,1,0,3,0,1,3,0,0,1,0,2,0.0,2,2.0,1,0,4,0,1,0,0,1,0,1,0,0,0,0,0,1,1,34,688,639,18,0,1,14,5.0,35,0,1202,73,223,33,18932
2025-07-05,argo,voice.app.scanner,ChapterParserTest,testFolder,1,0,0.0,0,0.0,0,1,1,0,1,0,1,1,1.0,0,1,0,0,1.0,0,0.0,0,0,0.0,0,1.0,0.3333333333333333,26,17,0.0,3,1,0,0,0,0,1,0,1,0,0,1,0,0,0,0,3,1.0,3,1.0,3,0,1,0,3,0,0,3,1,1,0,0,0,0,0,3,3,34,688,639,18,0,0,19,1.0,35,0,1202,73,223,33,18932
2025-07-05,argo,voice.app.scanner,ChapterParserTest,setUp,1,0,0.0,1,1.0,0,1,1,0,3,0,1,1,1.0,0,1,0,1,1.0,1,2.0,0,0,0.0,0,1.0,0.3333333333333333,26,17,0.0,3,1,0,0,0,0,1,0,1,0,0,1,0,0,0,0,3,1.0,3,1.0,3,0,1,0,3,0,0,3,1,1,0,0,0,0,0,3,3,34,688,639,18,0,0,19,1.0,35,0,1202,73,223,33,18932
2025-07-05,argo,voice.app.scanner,ChapterParserTest,parserSorts,1,3,0.0,4,1.0,0,1,1,0,16,0,1,6,1.0,0,1,0,18,0.33,1,2.0625,0,0,0.0,0,1.0,0.3333333333333333,26,17,0.0,3,1,0,0,0,0,1,0,1,0,0,1,0,0,0,0,3,1.0,3,1.0,3,0,1,0,3,0,0,3,1,1,0,0,0,0,0,3,3,34,688,639,18,0,0,19,1.0,35,0,1202,73,223,33,18932
2025-07-05,argo,voice.app.scanner,MediaAnalyzerTest,chapterNameUsed,2,1,0.0,2,1.0,0,0,1,0,5,0,2,0,1.0,0,2,0,5,2.0,0,2.25,0,0,0.0,0,1.0,1.0,17,10,0.0,2,2,0,0,0,0,0,0,2,0,0,2,0,0,0,0,2,0.0,2,1.0,2,0,2,0,2,0,0,2,1,1,0,0,0,0,0,2,2,34,688,639,18,0,0,10,2.0,35,0,1202,73,223,33,18932
2025-07-05,argo,voice.app.scanner,MediaAnalyzerTest,chapterFallbackDerivedFromFileName,2,1,0.0,2,1.0,0,0,1,0,5,0,2,0,1.0,0,2,0,5,2.0,0,2.25,0,0,0.0,0,1.0,1.0,17,10,0.0,2,2,0,0,0,0,0,0,2,0,0,2,0,0,0,0,2,0.0,2,1.0,2,0,2,0,2,0,0,2,1,1,0,0,0,0,0,2,2,34,688,639,18,0,0,10,2.0,35,0,1202,73,223,33,18932
2025-07-05,argo,voice.app.scanner,MediaScannerTest,singleFileDeletion,1,3,0.0,4,1.0,1,0,3,0,9,0,1,1,0.0,0,0,0,9,0.0,2,2.142857142857143,0,0,0.0,0,0.0,0.875,126,71,0.0,8,0,0,0,0,1,1,0,0,0,0,0,0,0,0,0,8,0.25,8,1.0,8,0,0,0,7,1,0,7,0,1,0,0,0,0,0,13,13,34,688,639,18,0,1,67,1.0,35,0,1202,73,223,33,18932
2025-07-05,argo,voice.app.scanner,MediaScannerTest,metadataPreservedOnDeletion,1,5,0.0,7,0.9,1,0,3,0,15,0,1,1,0.0,0,0,0,20,0.0,1,2.3333333333333335,0,0,0.0,0,0.0,0.875,126,71,0.0,8,0,0,0,0,1,1,0,0,0,0,0,0,0,0,0,8,0.25,8,1.0,8,0,0,0,7,1,0,7,0,1,0,0,0,0,0,13,13,34,688,639,18,0,1,67,1.0,35,0,1202,73,223,33,18932
2025-07-05,argo,voice.app.scanner,MediaScannerTest,multipleRoots,1,7,0.0,4,1.0,1,0,3,0,11,0,1,1,0.0,0,0,0,11,0.0,0,2.0,0,0,0.0,0,0.0,0.875,126,71,0.0,8,0,0,0,0,1,1,0,0,0,0,0,0,0,0,0,8,0.25,8,1.0,8,0,0,0,7,1,0,7,0,1,0,0,0,0,0,13,13,34,688,639,18,0,1,67,1.0,35,0,1202,73,223,33,18932
2025-07-05,argo,voice.app.scanner,MediaScannerTest,scanRoot,1,6,0.0,3,1.0,1,0,3,0,10,0,1,1,0.0,0,0,0,9,0.0,0,2.0,0,0,0.0,0,0.0,0.875,126,71,0.0,8,0,0,0,0,1,1,0,0,0,0,0,0,0,0,0,8,0.25,8,1.0,8,0,0,0,7,1,0,7,0,1,0,0,0,0,0,13,13,34,688,639,18,0,1,67,1.0,35,0,1202,73,223,33,18932
2025-07-05,argo,voice.app.scanner,MediaScannerTest,scanSingleFile,1,1,0.0,2,1.0,1,0,3,0,5,0,1,1,0.0,0,0,0,3,0.0,0,2.0,0,0,0.0,0,0.0,0.875,126,71,0.0,8,0,0,0,0,1,1,0,0,0,0,0,0,0,0,0,8,0.25,8,1.0,8,0,0,0,7,1,0,7,0,1,0,0,0,0,0,13,13,34,688,639,18,0,1,67,1.0,35,0,1202,73,223,33,18932
2025-07-05,argo,voice.app.scanner,MediaScannerTest,scanSingleFolder,1,2,0.0,2,1.0,1,0,3,0,6,0,1,1,0.0,0,0,0,4,0.0,0,2.0,0,0,0.0,0,0.0,0.875,126,71,0.0,8,0,0,0,0,1,1,0,0,0,0,0,0,0,0,0,8,0.25,8,1.0,8,0,0,0,7,1,0,7,0,1,0,0,0,0,0,13,13,34,688,639,18,0,1,67,1.0,35,0,1202,73,223,33,18932
2025-07-05,argo,voice.app.scanner,MediaScannerTest,scanAuthor,1,8,0.0,2,1.0,1,0,3,0,12,0,1,1,0.0,0,0,0,10,0.0,0,2.0,0,0,0.0,0,0.0,0.875,126,71,0.0,8,0,0,0,0,1,1,0,0,0,0,0,0,0,0,0,8,0.25,8,1.0,8,0,0,0,7,1,0,7,0,1,0,0,0,0,0,13,13,34,688,639,18,0,1,67,1.0,35,0,1202,73,223,33,18932
2025-07-05,argo,voice.app.scanner,MediaScannerTest,test,1,0,0.0,1,1.0,1,0,3,0,3,0,1,1,0.0,1,0,1,1,0.0,1,2.0,1,1,0.0,0,0.0,0.875,126,71,0.0,8,0,0,0,0,1,1,0,0,0,0,0,0,0,0,0,8,0.25,8,1.0,8,0,0,0,7,1,0,7,0,1,0,0,0,0,0,13,13,34,688,639,18,0,1,67,1.0,35,0,1202,73,223,33,18932
2025-07-05,argo,voice.scripts,NewFeatureModule,run,1,4,2.0,7,0.875,1,0,1,0,12,0,1,1,1.0,2,1,3,12,0.25,1,2.3333333333333335,0,3,0.0,0,0.0,1.0,48,35,0.3333333333333333,3,2,1,1,0,1,4,0,2,0,0,2,0,0,0,0,4,1.0,4,1.3333333333333333,3,1,2,0,1,2,0,1,0,1,0,0,0,0,0,3,3,34,688,639,4,0,4,26,1.3333333333333333,14,0,229,73,223,11,18932
2025-07-05,argo,voice.scripts,NewFeatureModule,addModuleToSettingsGradle,2,2,0.0,5,1.0,1,0,1,0,9,1,2,0,1.0,0,1,1,10,0.5,2,2.8,0,1,0.0,0,0.0,1.0,48,35,0.3333333333333333,3,2,1,1,0,1,4,0,2,0,0,2,0,0,0,0,4,1.0,4,1.3333333333333333,3,1,2,0,1,2,0,1,0,1,0,0,0,0,0,3,3,34,688,639,4,0,4,26,1.3333333333333333,14,0,229,73,223,11,18932
2025-07-05,argo,voice.scripts,NewFeatureModule,gradleContent,1,1,0.0,3,1.0,1,0,1,0,14,0,1,0,0.0,0,0,0,4,0.0,1,2.0,0,0,0.0,0,0.0,1.0,48,35,0.3333333333333333,3,2,1,1,0,1,4,0,2,0,0,2,0,0,0,0,4,1.0,4,1.3333333333333333,3,1,2,0,1,2,0,1,0,1,0,0,0,0,0,3,3,34,688,639,4,0,4,26,1.3333333333333333,14,0,229,73,223,11,18932
2025-07-05,argo,voice.scripts,PopulateTestFiles,run,1,0,5.0,0,0.0,1,0,1,0,7,0,1,8,0.0,5,0,5,0,0.0,0,0.0,0,5,0.0,0,0.14285714285714285,0.7142857142857143,56,46,0.5714285714285714,7,1,1,1,0,1,10,0,1,0,0,1,0,0,0,0,7,0.8571428571428572,7,1.0,7,1,1,0,1,6,0,1,0,1,0,0,0,0,0,7,7,34,688,639,4,0,13,30,1.0,14,0,229,73,223,11,18932
2025-07-05,argo,voice.scripts,PopulateTestFiles,pushToAdb,1,0,0.0,1,1.0,1,0,1,0,5,0,1,2,1.0,0,1,2,3,1.0,0,2.0,0,2,0.0,0,0.14285714285714285,0.7142857142857143,56,46,0.5714285714285714,7,1,1,1,0,1,10,0,1,0,0,1,0,0,0,0,7,0.8571428571428572,7,1.0,7,1,1,0,1,6,0,1,0,1,0,0,0,0,0,7,7,34,688,639,4,0,13,30,1.0,14,0,229,73,223,11,18932
2025-07-05,argo,voice.scripts,PopulateTestFiles,addAuthorBooks,1,0,1.0,1,1.0,1,0,1,0,10,0,1,8,0.0,1,0,1,8,0.0,0,2.0,0,1,0.0,0,0.14285714285714285,0.7142857142857143,56,46,0.5714285714285714,7,1,1,1,0,1,10,0,1,0,0,1,0,0,0,0,7,0.8571428571428572,7,1.0,7,1,1,0,1,6,0,1,0,1,0,0,0,0,0,7,7,34,688,639,4,0,13,30,1.0,14,0,229,73,223,11,18932
2025-07-05,argo,voice.scripts,PopulateTestFiles,addSingleBook,1,0,1.0,1,1.0,1,0,1,0,4,0,1,2,0.0,1,0,1,2,0.0,0,2.0,0,1,0.0,0,0.14285714285714285,0.7142857142857143,56,46,0.5714285714285714,7,1,1,1,0,1,10,0,1,0,0,1,0,0,0,0,7,0.8571428571428572,7,1.0,7,1,1,0,1,6,0,1,0,1,0,0,0,0,0,7,7,34,688,639,4,0,13,30,1.0,14,0,229,73,223,11,18932
2025-07-05,argo,voice.scripts,PopulateTestFiles,addRootBooks,1,0,1.0,1,1.0,1,0,1,0,9,0,1,7,0.0,1,0,1,7,0.0,0,2.0,0,1,0.0,0,0.14285714285714285,0.7142857142857143,56,46,0.5714285714285714,7,1,1,1,0,1,10,0,1,0,0,1,0,0,0,0,7,0.8571428571428572,7,1.0,7,1,1,0,1,6,0,1,0,1,0,0,0,0,0,7,7,34,688,639,4,0,13,30,1.0,14,0,229,73,223,11,18932
2025-07-05,argo,voice.scripts,PopulateTestFiles,cleanFolder,1,0,0.0,2,0.5,1,0,1,0,5,0,1,0,1.0,0,1,1,3,1.0,1,2.0,0,1,0.0,0,0.14285714285714285,0.7142857142857143,56,46,0.5714285714285714,7,1,1,1,0,1,10,0,1,0,0,1,0,0,0,0,7,0.8571428571428572,7,1.0,7,1,1,0,1,6,0,1,0,1,0,0,0,0,0,7,7,34,688,639,4,0,13,30,1.0,14,0,229,73,223,11,18932
2025-07-05,argo,voice.scripts,PopulateTestFiles,add,1,2,0.0,3,1.0,1,0,1,0,6,0,1,1,0.5,0,1,2,7,0.33,0,2.2,1,2,0.0,0,0.14285714285714285,0.7142857142857143,56,46,0.5714285714285714,7,1,1,1,0,1,10,0,1,0,0,1,0,0,0,0,7,0.8571428571428572,7,1.0,7,1,1,0,1,6,0,1,0,1,0,0,0,0,0,7,7,34,688,639,4,0,13,30,1.0,14,0,229,73,223,11,18932
2025-07-05,argo,voice.scripts,UpdateScreenshots,run,1,4,0.0,7,0.875,1,0,1,0,16,0,1,2,0.0,0,0,2,19,0.0,1,2.6,0,2,0.0,0,0.0,1.0,18,16,0.0,1,0,1,1,0,0,2,0,0,0,0,0,0,0,0,0,1,0.0,1,1.0,1,1,0,0,1,0,0,1,0,1,0,0,0,0,0,1,1,34,688,639,4,0,2,19,1.0,14,0,229,73,223,11,18932
2025-07-05,argo,voice.search,BookSearch,search,1,0,0.0,2,1.0,0,0,1,0,9,0,1,0,0.0,1,0,0,6,0.0,2,2.25,1,0,0.0,0,0.0,1.0,11,9,0.0,1,0,0,0,0,2,0,0,0,0,0,0,0,0,0,0,1,0.0,1,1.0,1,0,0,0,1,0,0,1,0,1,0,0,0,0,0,1,1,34,688,639,3,0,0,6,1.0,15,0,220,73,223,12,18932
2025-07-05,argo,voice.search,BookSearchTest,`search complete name`,1,0,0.0,0,0.0,0,0,1,0,1,0,1,1,1.0,0,1,0,1,1.0,0,0.0,0,0,0.0,0,0.5,0.2222222222222222,50,34,0.0,9,3,0,0,0,1,1,0,3,0,0,3,0,0,0,0,9,0.2222222222222222,9,1.0,9,0,3,0,10,1,0,10,2,2,0,0,0,0,0,10,10,34,688,639,3,0,2,32,1.0,15,0,220,73,223,12,18932
2025-07-05,argo,voice.search,BookSearchTest,`search single word in name`,1,0,0.0,0,0.0,0,0,1,0,1,0,1,1,1.0,0,1,0,1,1.0,0,0.0,0,0,0.0,0,0.5,0.2222222222222222,50,34,0.0,9,3,0,0,0,1,1,0,3,0,0,3,0,0,0,0,9,0.2222222222222222,9,1.0,9,0,3,0,10,1,0,10,2,2,0,0,0,0,0,10,10,34,688,639,3,0,2,32,1.0,15,0,220,73,223,12,18932
2025-07-05,argo,voice.search,BookSearchTest,`search partial word in name from beginning with whitespace`,1,0,0.0,0,0.0,0,0,1,0,1,0,1,1,1.0,0,1,0,1,1.0,0,0.0,0,0,0.0,0,0.5,0.2222222222222222,50,34,0.0,9,3,0,0,0,1,1,0,3,0,0,3,0,0,0,0,9,0.2222222222222222,9,1.0,9,0,3,0,10,1,0,10,2,2,0,0,0,0,0,10,10,34,688,639,3,0,2,32,1.0,15,0,220,73,223,12,18932
2025-07-05,argo,voice.search,BookSearchTest,`search single word in author`,1,0,0.0,0,0.0,0,0,1,0,1,0,1,1,1.0,0,1,0,1,1.0,0,0.0,0,0,0.0,0,0.5,0.2222222222222222,50,34,0.0,9,3,0,0,0,1,1,0,3,0,0,3,0,0,0,0,9,0.2222222222222222,9,1.0,9,0,3,0,10,1,0,10,2,2,0,0,0,0,0,10,10,34,688,639,3,0,2,32,1.0,15,0,220,73,223,12,18932
2025-07-05,argo,voice.search,BookSearchTest,`search partial word in name from beginning`,1,0,0.0,0,0.0,0,0,1,0,1,0,1,1,1.0,0,1,0,1,1.0,0,0.0,0,0,0.0,0,0.5,0.2222222222222222,50,34,0.0,9,3,0,0,0,1,1,0,3,0,0,3,0,0,0,0,9,0.2222222222222222,9,1.0,9,0,3,0,10,1,0,10,2,2,0,0,0,0,0,10,10,34,688,639,3,0,2,32,1.0,15,0,220,73,223,12,18932
2025-07-05,argo,voice.search,BookSearchTest,`multiple matches on author`,1,0,0.0,0,0.0,0,0,1,0,1,0,1,1,1.0,0,2,0,1,2.0,0,0.0,0,0,0.0,0,0.5,0.2222222222222222,50,34,0.0,9,3,0,0,0,1,1,0,3,0,0,3,0,0,0,0,9,0.2222222222222222,9,1.0,9,0,3,0,10,1,0,10,2,2,0,0,0,0,0,10,10,34,688,639,3,0,2,32,1.0,15,0,220,73,223,12,18932
2025-07-05,argo,voice.search,BookSearchTest,`multiple matches on title`,1,0,0.0,0,0.0,0,0,1,0,1,0,1,1,1.0,0,2,0,1,2.0,0,0.0,0,0,0.0,0,0.5,0.2222222222222222,50,34,0.0,9,3,0,0,0,1,1,0,3,0,0,3,0,0,0,0,9,0.2222222222222222,9,1.0,9,0,3,0,10,1,0,10,2,2,0,0,0,0,0,10,10,34,688,639,3,0,2,32,1.0,15,0,220,73,223,12,18932
2025-07-05,argo,voice.search,BookSearchTest,`sql reserved chars do not crash`,1,0,0.0,0,0.0,0,0,1,0,7,0,1,1,0.0,0,0,0,1,0.0,0,0.0,0,0,0.0,0,0.5,0.2222222222222222,50,34,0.0,9,3,0,0,0,1,1,0,3,0,0,3,0,0,0,0,9,0.2222222222222222,9,1.0,9,0,3,0,10,1,0,10,2,2,0,0,0,0,0,10,10,34,688,639,3,0,2,32,1.0,15,0,220,73,223,12,18932
2025-07-05,argo,voice.search,BookSearchTest,test,1,4,0.0,7,0.9,0,0,1,0,20,0,1,2,0.8571428571428571,0,3,1,21,0.6,2,2.4615384615384617,1,1,0.0,0,0.5,0.2222222222222222,50,34,0.0,9,3,0,0,0,1,1,0,3,0,0,3,0,0,0,0,9,0.2222222222222222,9,1.0,9,0,3,0,10,1,0,10,2,2,0,0,0,0,0,10,10,34,688,639,3,0,2,32,1.0,15,0,220,73,223,12,18932
2025-07-05,argo,voice.search,TestBase,expectSearchResult,1,1,1.0,1,1.0,0,0,1,0,4,0,1,1,0.0,1,0,0,2,0.0,1,2.0,2,0,0.0,0,0.0,0.2222222222222222,10,7,0.5,2,0,0,0,0,2,2,0,0,0,0,0,0,0,0,0,2,0.0,2,1.0,2,0,3,0,10,1,0,10,2,2,0,0,0,0,0,2,2,34,688,639,3,0,2,32,1.0,15,0,220,73,223,12,18932
2025-07-05,argo,voice.search,TestBase,search,1,0,0.0,0,0.0,0,0,1,0,3,0,1,1,0.0,1,0,1,1,0.0,1,2.0,1,1,0.0,0,0.0,0.2222222222222222,10,7,0.5,2,0,0,0,0,2,2,0,0,0,0,0,0,0,0,0,2,0.0,2,1.0,2,0,3,0,10,1,0,10,2,2,0,0,0,0,0,2,2,34,688,639,3,0,2,32,1.0,15,0,220,73,223,12,18932
2025-07-05,argo,voice.settings,SettingsViewModel,viewState,2,4,0.0,3,1.0,0,1,1,0,11,0,2,0,1.0,0,1,0,10,0.25,0,2.0,0,0,0.0,0,0.07692307692307693,0.9230769230769231,73,54,0.08333333333333333,13,1,12,1,0,2,2,0,1,0,0,1,0,0,0,0,13,0.9358974358974359,13,1.0,13,12,1,0,13,0,0,13,0,1,0,0,0,0,0,13,13,34,688,639,3,0,10,41,1.3076923076923077,23,1,159,73,223,13,18932
2025-07-05,argo,voice.settings,SettingsViewModel,close,1,0,0.0,1,1.0,0,1,1,0,3,0,1,0,0.0,0,0,1,1,0.0,1,2.0,0,1,0.0,0,0.07692307692307693,0.9230769230769231,73,54,0.08333333333333333,13,1,12,1,0,2,2,0,1,0,0,1,0,0,0,0,13,0.9358974358974359,13,1.0,13,12,1,0,13,0,0,13,0,1,0,0,0,0,0,13,13,34,688,639,3,0,10,41,1.3076923076923077,23,1,159,73,223,13,18932
2025-07-05,argo,voice.settings,SettingsViewModel,toggleDarkTheme,1,0,0.0,0,0.0,0,1,1,0,3,0,1,0,0.0,0,0,0,0,0.0,0,2.0,0,0,0.0,0,0.07692307692307693,0.9230769230769231,73,54,0.08333333333333333,13,1,12,1,0,2,2,0,1,0,0,1,0,0,0,0,13,0.9358974358974359,13,1.0,13,12,1,0,13,0,0,13,0,1,0,0,0,0,0,13,13,34,688,639,3,0,10,41,1.3076923076923077,23,1,159,73,223,13,18932
2025-07-05,argo,voice.settings,SettingsViewModel,toggleGrid,4,0,0.0,2,1.0,0,1,1,0,11,0,4,0,0.0,0,0,0,4,0.0,0,2.0,0,0,0.0,0,0.07692307692307693,0.9230769230769231,73,54,0.08333333333333333,13,1,12,1,0,2,2,0,1,0,0,1,0,0,0,0,13,0.9358974358974359,13,1.0,13,12,1,0,13,0,0,13,0,1,0,0,0,0,0,13,13,34,688,639,3,0,10,41,1.3076923076923077,23,1,159,73,223,13,18932
2025-07-05,argo,voice.settings,SettingsViewModel,seekAmountChanged,1,0,0.0,0,0.0,0,1,1,0,3,0,1,0,0.0,0,0,1,0,0.0,0,2.0,1,0,0.0,0,0.07692307692307693,0.9230769230769231,73,54,0.08333333333333333,13,1,12,1,0,2,2,0,1,0,0,1,0,0,0,0,13,0.9358974358974359,13,1.0,13,12,1,0,13,0,0,13,0,1,0,0,0,0,0,13,13,34,688,639,3,0,10,41,1.3076923076923077,23,1,159,73,223,13,18932
2025-07-05,argo,voice.settings,SettingsViewModel,onSeekAmountRowClick,1,0,0.0,0,0.0,0,1,1,0,3,0,1,0,1.0,0,1,1,0,1.0,0,2.5,0,0,0.0,0,0.07692307692307693,0.9230769230769231,73,54,0.08333333333333333,13,1,12,1,0,2,2,0,1,0,0,1,0,0,0,0,13,0.9358974358974359,13,1.0,13,12,1,0,13,0,0,13,0,1,0,0,0,0,0,13,13,34,688,639,3,0,10,41,1.3076923076923077,23,1,159,73,223,13,18932
2025-07-05,argo,voice.settings,SettingsViewModel,autoRewindAmountChang,1,0,0.0,0,0.0,0,1,1,0,3,0,1,0,0.0,0,0,1,0,0.0,0,2.0,1,0,0.0,0,0.07692307692307693,0.9230769230769231,73,54,0.08333333333333333,13,1,12,1,0,2,2,0,1,0,0,1,0,0,0,0,13,0.9358974358974359,13,1.0,13,12,1,0,13,0,0,13,0,1,0,0,0,0,0,13,13,34,688,639,3,0,10,41,1.3076923076923077,23,1,159,73,223,13,18932
2025-07-05,argo,voice.settings,SettingsViewModel,onAutoRewindRowClick,1,0,0.0,0,0.0,0,1,1,0,3,0,1,0,1.0,0,1,1,0,1.0,0,2.5,0,0,0.0,0,0.07692307692307693,0.9230769230769231,73,54,0.08333333333333333,13,1,12,1,0,2,2,0,1,0,0,1,0,0,0,0,13,0.9358974358974359,13,1.0,13,12,1,0,13,0,0,13,0,1,0,0,0,0,0,13,13,34,688,639,3,0,10,41,1.3076923076923077,23,1,159,73,223,13,18932
2025-07-05,argo,voice.settings,SettingsViewModel,dismissDialog,1,0,0.0,0,0.0,0,1,1,0,3,0,1,0,1.0,0,1,0,0,1.0,0,2.0,0,0,0.0,0,0.07692307692307693,0.9230769230769231,73,54,0.08333333333333333,13,1,12,1,0,2,2,0,1,0,0,1,0,0,0,0,13,0.9358974358974359,13,1.0,13,12,1,0,13,0,0,13,0,1,0,0,0,0,0,13,13,34,688,639,3,0,10,41,1.3076923076923077,23,1,159,73,223,13,18932
2025-07-05,argo,voice.settings,SettingsViewModel,getSupport,1,0,0.0,1,1.0,0,1,1,0,3,0,1,0,0.0,0,0,1,3,0.0,0,4.0,0,1,0.0,0,0.07692307692307693,0.9230769230769231,73,54,0.08333333333333333,13,1,12,1,0,2,2,0,1,0,0,1,0,0,0,0,13,0.9358974358974359,13,1.0,13,12,1,0,13,0,0,13,0,1,0,0,0,0,0,13,13,34,688,639,3,0,10,41,1.3076923076923077,23,1,159,73,223,13,18932
2025-07-05,argo,voice.settings,SettingsViewModel,suggestIdea,1,0,0.0,1,1.0,0,1,1,0,3,0,1,0,0.0,0,0,1,3,0.0,0,4.0,0,1,0.0,0,0.07692307692307693,0.9230769230769231,73,54,0.08333333333333333,13,1,12,1,0,2,2,0,1,0,0,1,0,0,0,0,13,0.9358974358974359,13,1.0,13,12,1,0,13,0,0,13,0,1,0,0,0,0,0,13,13,34,688,639,3,0,10,41,1.3076923076923077,23,1,159,73,223,13,18932
2025-07-05,argo,voice.settings,SettingsViewModel,openBugReport,1,1,0.0,2,1.0,0,1,1,0,4,0,1,0,0.0,0,0,1,16,0.0,0,3.6666666666666665,0,1,0.0,0,0.07692307692307693,0.9230769230769231,73,54,0.08333333333333333,13,1,12,1,0,2,2,0,1,0,0,1,0,0,0,0,13,0.9358974358974359,13,1.0,13,12,1,0,13,0,0,13,0,1,0,0,0,0,0,13,13,34,688,639,3,0,10,41,1.3076923076923077,23,1,159,73,223,13,18932
2025-07-05,argo,voice.settings,SettingsViewModel,openTranslations,1,0,1.0,1,1.0,0,1,1,0,4,0,1,1,0.0,1,0,2,4,0.0,0,5.0,0,2,0.0,0,0.07692307692307693,0.9230769230769231,73,54,0.08333333333333333,13,1,12,1,0,2,2,0,1,0,0,1,0,0,0,0,13,0.9358974358974359,13,1.0,13,12,1,0,13,0,0,13,0,1,0,0,0,0,0,13,13,34,688,639,3,0,10,41,1.3076923076923077,23,1,159,73,223,13,18932
2025-07-05,argo,voice.sleepTimer,ShakeDetector,detect,2,3,0.0,5,0.8,0,0,1,1,11,0,2,0,0.0,0,0,1,10,0.0,1,2.125,0,1,0.0,0,0.0,1.0,13,11,0.0,1,0,0,0,0,0,1,0,0,0,0,0,0,0,0,0,1,0.0,1,1.0,1,0,0,0,1,0,0,1,0,1,0,0,0,0,0,1,1,34,688,639,3,0,1,10,2.0,8,0,265,73,223,8,18932
2025-07-05,argo,voice.sleepTimer,SleepTimer,sleepTimerActive,1,0,0.0,0,0.0,0,2,1,0,1,0,1,0,1.0,0,2,0,0,2.0,0,2.0,0,0,0.0,0,0.47619047619047616,1.0,86,36,0.2,6,6,2,1,0,2,3,0,5,0,1,6,0,0,1,0,11,0.6190476190476191,11,1.5714285714285714,7,2,6,0,3,4,0,3,0,1,0,0,0,0,0,7,7,34,688,639,3,0,7,32,2.3333333333333335,8,0,265,73,223,8,18932
2025-07-05,argo,voice.sleepTimer,SleepTimer,setActive,3,0,0.0,1,1.0,0,2,1,0,8,1,3,3,0.0,3,0,1,2,0.0,1,2.0,1,1,0.0,0,0.47619047619047616,1.0,86,36,0.2,6,6,2,1,0,2,3,0,5,0,1,6,0,0,1,0,11,0.6190476190476191,11,1.5714285714285714,7,2,6,0,3,4,0,3,0,1,0,0,0,0,0,7,7,34,688,639,3,0,7,32,2.3333333333333335,8,0,265,73,223,8,18932
2025-07-05,argo,voice.sleepTimer,SleepTimer,setActive,3,1,0.0,5,0.6,0,2,1,0,18,0,3,3,0.8,4,3,3,10,1.5,1,2.0,1,2,0.0,0,0.47619047619047616,1.0,86,36,0.2,6,6,2,1,0,2,3,0,5,0,1,6,0,0,1,0,11,0.6190476190476191,11,1.5714285714285714,7,2,6,0,3,4,0,3,0,1,0,0,0,0,0,7,7,34,688,639,3,0,7,32,2.3333333333333335,8,0,265,73,223,8,18932
2025-07-05,argo,voice.sleepTimer,SleepTimer,startSleepTimerCountdown,3,1,2.0,4,0.75,0,2,1,0,14,1,3,2,1.0,2,2,1,7,2.0,1,2.1666666666666665,0,1,0.0,0,0.47619047619047616,1.0,86,36,0.2,6,6,2,1,0,2,3,0,5,0,1,6,0,0,1,0,11,0.6190476190476191,11,1.5714285714285714,7,2,6,0,3,4,0,3,0,1,0,0,0,0,0,7,7,34,688,639,3,0,7,32,2.3333333333333335,8,0,265,73,223,8,18932
2025-07-05,argo,voice.sleepTimer,SleepTimer,updateVolumeForSleepTime,3,2,0.0,5,1.0,0,2,1,0,9,0,3,0,1.0,0,2,1,5,1.0,1,2.0,0,1,0.0,0,0.47619047619047616,1.0,86,36,0.2,6,6,2,1,0,2,3,0,5,0,1,6,0,0,1,0,11,0.6190476190476191,11,1.5714285714285714,7,2,6,0,3,4,0,3,0,1,0,0,0,0,0,7,7,34,688,639,3,0,7,32,2.3333333333333335,8,0,265,73,223,8,18932
2025-07-05,argo,voice.sleepTimer,SleepTimer,suspendUntilPlaying,3,0,0.0,3,1.0,0,2,1,0,7,1,3,0,0.0,0,0,0,8,0.0,0,2.125,0,0,0.0,0,0.47619047619047616,1.0,86,36,0.2,6,6,2,1,0,2,3,0,5,0,1,6,0,0,1,0,11,0.6190476190476191,11,1.5714285714285714,7,2,6,0,3,4,0,3,0,1,0,0,0,0,0,7,7,34,688,639,3,0,7,32,2.3333333333333335,8,0,265,73,223,8,18932
2025-07-05,argo,voice.sleepTimer,SleepTimer,cancel,1,0,0.0,1,1.0,0,2,1,0,5,0,1,0,1.0,1,2,2,2,2.0,1,2.0,0,1,0.0,0,0.47619047619047616,1.0,86,36,0.2,6,6,2,1,0,2,3,0,5,0,1,6,0,0,1,0,11,0.6190476190476191,11,1.5714285714285714,7,2,6,0,3,4,0,3,0,1,0,0,0,0,0,7,7,34,688,639,3,0,7,32,2.3333333333333335,8,0,265,73,223,8,18932
