Extraction Date,Project,Package,Class,Method,CYCLO_method,NOLV_method,CLNAMM_method,CINT_method,CDISP_method,NOII_type,NOAM_type,NOCS_type,number_constructor_NotDefaultConstructor,LOC_method,MAXNESTING_method,CC_method,NMCS_method,LAA_method,CM_method,NOAV_method,ATFD_method,FANOUT_method,ATLD_method,MaMCL_method,MeMCL_method,NOP_method,FDP_method,CFNAMM_method,Number_Final_Not_Static_Methods,TCC_type,WOC_type,LOC_type,LOCNAMM_type,CFNAMM_type,NOMNAMM_type,NOA_type,NIM_type,DIT_type,NOPA_type,CBO_type,RFC_type,isStatic_type,number_private_visibility_attributes,number_protected_visibility_attributes,number_package_visibility_attributes,num_final_attributes,num_static_attributes,num_final_static_attributes,num_not_final_not_static_attributes,NOC_type,WMC_type,LCOM5_type,WMCNAMM_type,AMW_type,NOM_type,NMO_type,num_final_not_static_attributes,num_static_not_final_attributes,number_public_visibility_methods,number_private_visibility_methods,number_protected_visibility_methods,number_package_visibility_methods,number_standard_design_methods,number_constructor_DefaultConstructor_methods,number_final_methods,number_abstract_methods,number_static_methods,number_final_static_methods,number_not_final_static_methods,number_not_final_not_static_methods,number_not_abstract_not_final_methods,NOI_project,NOM_project,NOMNAMM_project,NOCS_package,isStatic_method,ATFD_type,FANOUT_type,AMWNAMM_type,NOMNAMM_Package,NOI_Package,LOC_package,NOPK_project,NOCS_project,NOM_package,LOC_project
2025-07-11,argo,com.vrem.wifianalyzer,FilterInstrumentedTest,run,1,0,0.0,2,1.0,1,0,1,0,4,0,1,0,0.0,0,0,1,6,0.0,0,2.75,0,1,0.0,0,0.0,1.0,6,4,0.0,1,0,1,1,0,0,1,0,0,0,0,0,0,0,0,0,1,0.0,1,1.0,1,1,0,0,1,0,0,1,0,1,0,0,0,0,0,1,1,4,1420,1300,20,0,1,6,1.0,96,0,1857,26,241,90,20143
2025-07-11,argo,com.vrem.wifianalyzer,MainInstrumentedTest,navigation,1,0,0.0,1,1.0,0,0,1,0,3,0,1,0,0.0,0,0,1,1,0.0,1,2.0,0,1,0.0,0,0.0,0.0,17,9,0.0,3,2,0,0,0,0,3,0,0,0,0,2,0,0,0,0,3,1.0,3,1.0,3,0,2,0,3,0,0,3,0,1,0,0,0,0,0,3,3,4,1420,1300,20,0,3,3,1.0,96,0,1857,26,241,90,20143
2025-07-11,argo,com.vrem.wifianalyzer,MainInstrumentedTest,scanner,1,0,0.0,1,1.0,0,0,1,0,3,0,1,0,0.0,0,0,1,1,0.0,1,2.0,0,1,0.0,0,0.0,0.0,17,9,0.0,3,2,0,0,0,0,3,0,0,0,0,2,0,0,0,0,3,1.0,3,1.0,3,0,2,0,3,0,0,3,0,1,0,0,0,0,0,3,3,4,1420,1300,20,0,3,3,1.0,96,0,1857,26,241,90,20143
2025-07-11,argo,com.vrem.wifianalyzer,MainInstrumentedTest,filter,1,0,0.0,1,1.0,0,0,1,0,3,0,1,0,0.0,0,0,1,1,0.0,1,2.0,0,1,0.0,0,0.0,0.0,17,9,0.0,3,2,0,0,0,0,3,0,0,0,0,2,0,0,0,0,3,1.0,3,1.0,3,0,2,0,3,0,0,3,0,1,0,0,0,0,0,3,3,4,1420,1300,20,0,3,3,1.0,96,0,1857,26,241,90,20143
2025-07-11,argo,com.vrem.wifianalyzer,DrawerNavigation,syncState,1,0,0.0,0,0.0,0,0,1,0,1,0,1,0,1.0,1,1,0,1,1.0,1,2.0,0,0,0.0,0,0.5,0.25,16,9,0.25,4,1,0,0,0,3,2,0,1,0,0,0,0,0,1,0,4,1.0,4,1.0,4,0,1,0,4,0,0,4,2,1,0,0,0,0,0,4,4,4,1420,1300,20,0,3,10,1.0,96,0,1857,26,241,90,20143
2025-07-11,argo,com.vrem.wifianalyzer,DrawerNavigation,onConfigurationChanged,1,0,0.0,0,0.0,0,0,1,0,1,0,1,0,0.5,1,1,0,1,1.0,1,2.0,1,0,0.0,0,0.5,0.25,16,9,0.25,4,1,0,0,0,3,2,0,1,0,0,0,0,0,1,0,4,1.0,4,1.0,4,0,1,0,4,0,0,4,2,1,0,0,0,0,0,4,4,4,1420,1300,20,0,3,10,1.0,96,0,1857,26,241,90,20143
2025-07-11,argo,com.vrem.wifianalyzer,DrawerNavigation,create,1,1,2.0,2,1.0,0,0,1,0,6,0,1,3,1.0,2,1,3,5,1.0,1,3.0,0,2,0.0,0,0.5,0.25,16,9,0.25,4,1,0,0,0,3,2,0,1,0,0,0,0,0,1,0,4,1.0,4,1.0,4,0,1,0,4,0,0,4,2,1,0,0,0,0,0,4,4,4,1420,1300,20,0,3,10,1.0,96,0,1857,26,241,90,20143
2025-07-11,argo,com.vrem.wifianalyzer,DrawerNavigation,createDrawerToggle,1,0,0.0,1,1.0,0,0,1,0,1,0,1,0,0.0,0,0,0,3,0.0,0,3.0,1,0,0.0,0,0.5,0.25,16,9,0.25,4,1,0,0,0,3,2,0,1,0,0,0,0,0,1,0,4,1.0,4,1.0,4,0,1,0,4,0,0,4,2,1,0,0,0,0,0,4,4,4,1420,1300,20,0,3,10,1.0,96,0,1857,26,241,90,20143
2025-07-11,argo,com.vrem.wifianalyzer,MainActivityBackPressed,handleOnBackPressed,4,1,0.0,5,0.6667,0,0,1,0,11,2,4,0,0.0,0,0,0,8,0.0,1,2.5,0,0,0.0,0,0.0,1.0,13,11,0.0,1,0,1,1,0,0,0,0,0,0,0,0,0,0,0,0,3,0.0,3,3.0,1,1,0,0,1,0,0,1,0,1,0,0,0,0,0,1,1,4,1420,1300,20,0,0,8,4.0,96,0,1857,26,241,90,20143
2025-07-11,argo,com.vrem.wifianalyzer,MainActivity,attachBaseContext,1,0,0.0,0,0.0,1,0,1,0,1,0,1,0,0.0,1,0,0,2,0.0,0,4.0,1,0,0.0,0,0.0761904761904762,0.42857142857142855,162,124,0.5238095238095238,21,6,17,4,0,13,16,0,1,0,5,1,0,0,5,0,28,0.8904761904761904,28,1.3333333333333333,21,17,6,0,21,0,0,16,3,1,0,0,0,0,0,21,21,4,1420,1300,20,0,28,81,1.5,96,0,1857,26,241,90,20143
2025-07-11,argo,com.vrem.wifianalyzer,MainActivity,onCreate,1,3,3.0,7,0.8571,1,0,1,0,22,0,1,1,0.8888888888888888,5,6,13,19,1.5,1,2.272727272727273,1,8,0.0,0,0.0761904761904762,0.42857142857142855,162,124,0.5238095238095238,21,6,17,4,0,13,16,0,1,0,5,1,0,0,5,0,28,0.8904761904761904,28,1.3333333333333333,21,17,6,0,21,0,0,16,3,1,0,0,0,0,0,21,21,4,1420,1300,20,0,28,81,1.5,96,0,1857,26,241,90,20143
2025-07-11,argo,com.vrem.wifianalyzer,MainActivity,onPostCreate,1,0,0.0,1,1.0,1,0,1,0,4,0,1,0,0.5,1,1,0,1,1.0,1,2.0,1,0,0.0,0,0.0761904761904762,0.42857142857142855,162,124,0.5238095238095238,21,6,17,4,0,13,16,0,1,0,5,1,0,0,5,0,28,0.8904761904761904,28,1.3333333333333333,21,17,6,0,21,0,0,16,3,1,0,0,0,0,0,21,21,4,1420,1300,20,0,28,81,1.5,96,0,1857,26,241,90,20143
2025-07-11,argo,com.vrem.wifianalyzer,MainActivity,onConfigurationChanged,1,0,0.0,0,0.0,1,0,1,0,4,0,1,0,0.3333333333333333,1,1,0,1,1.0,1,2.0,1,0,0.0,0,0.0761904761904762,0.42857142857142855,162,124,0.5238095238095238,21,6,17,4,0,13,16,0,1,0,5,1,0,0,5,0,28,0.8904761904761904,28,1.3333333333333333,21,17,6,0,21,0,0,16,3,1,0,0,0,0,0,21,21,4,1420,1300,20,0,28,81,1.5,96,0,1857,26,241,90,20143
2025-07-11,argo,com.vrem.wifianalyzer,MainActivity,onRequestPermissionsResult,2,0,0.0,1,1.0,1,0,1,0,6,1,2,0,0.0,1,0,0,4,0.0,1,3.0,3,0,0.0,0,0.0761904761904762,0.42857142857142855,162,124,0.5238095238095238,21,6,17,4,0,13,16,0,1,0,5,1,0,0,5,0,28,0.8904761904761904,28,1.3333333333333333,21,17,6,0,21,0,0,16,3,1,0,0,0,0,0,21,21,4,1420,1300,20,0,28,81,1.5,96,0,1857,26,241,90,20143
2025-07-11,argo,com.vrem.wifianalyzer,MainActivity,onSharedPreferenceChanged,3,1,1.0,2,1.0,1,0,1,0,10,1,3,1,1.0,1,1,0,7,0.33,0,3.0,2,0,0.0,0,0.0761904761904762,0.42857142857142855,162,124,0.5238095238095238,21,6,17,4,0,13,16,0,1,0,5,1,0,0,5,0,28,0.8904761904761904,28,1.3333333333333333,21,17,6,0,21,0,0,16,3,1,0,0,0,0,0,21,21,4,1420,1300,20,0,28,81,1.5,96,0,1857,26,241,90,20143
2025-07-11,argo,com.vrem.wifianalyzer,MainActivity,update,1,0,1.0,1,1.0,1,0,1,0,4,0,1,2,0.0,2,0,2,3,0.0,0,4.0,0,2,0.0,0,0.0761904761904762,0.42857142857142855,162,124,0.5238095238095238,21,6,17,4,0,13,16,0,1,0,5,1,0,0,5,0,28,0.8904761904761904,28,1.3333333333333333,21,17,6,0,21,0,0,16,3,1,0,0,0,0,0,21,21,4,1420,1300,20,0,28,81,1.5,96,0,1857,26,241,90,20143
2025-07-11,argo,com.vrem.wifianalyzer,MainActivity,onNavigationItemSelected,1,1,1.0,2,1.0,1,0,1,0,6,0,1,5,0.0,1,0,2,3,0.0,1,2.5,1,2,0.0,0,0.0761904761904762,0.42857142857142855,162,124,0.5238095238095238,21,6,17,4,0,13,16,0,1,0,5,1,0,0,5,0,28,0.8904761904761904,28,1.3333333333333333,21,17,6,0,21,0,0,16,3,1,0,0,0,0,0,21,21,4,1420,1300,20,0,28,81,1.5,96,0,1857,26,241,90,20143
2025-07-11,argo,com.vrem.wifianalyzer,MainActivity,closeDrawer,2,1,0.0,2,1.0,1,0,1,0,8,1,2,0,0.0,1,0,0,6,0.0,0,3.0,0,0,0.0,0,0.0761904761904762,0.42857142857142855,162,124,0.5238095238095238,21,6,17,4,0,13,16,0,1,0,5,1,0,0,5,0,28,0.8904761904761904,28,1.3333333333333333,21,17,6,0,21,0,0,16,3,1,0,0,0,0,0,21,21,4,1420,1300,20,0,28,81,1.5,96,0,1857,26,241,90,20143
2025-07-11,argo,com.vrem.wifianalyzer,MainActivity,onPause,1,1,1.0,2,0.5,1,0,1,0,7,0,1,2,1.0,2,1,2,2,1.0,1,2.25,0,2,0.0,0,0.0761904761904762,0.42857142857142855,162,124,0.5238095238095238,21,6,17,4,0,13,16,0,1,0,5,1,0,0,5,0,28,0.8904761904761904,28,1.3333333333333333,21,17,6,0,21,0,0,16,3,1,0,0,0,0,0,21,21,4,1420,1300,20,0,28,81,1.5,96,0,1857,26,241,90,20143
2025-07-11,argo,com.vrem.wifianalyzer,MainActivity,onResume,4,1,1.0,4,0.6,1,0,1,0,14,2,4,2,1.0,2,1,2,9,1.0,1,2.7142857142857144,0,2,0.0,0,0.0761904761904762,0.42857142857142855,162,124,0.5238095238095238,21,6,17,4,0,13,16,0,1,0,5,1,0,0,5,0,28,0.8904761904761904,28,1.3333333333333333,21,17,6,0,21,0,0,16,3,1,0,0,0,0,0,21,21,4,1420,1300,20,0,28,81,1.5,96,0,1857,26,241,90,20143
2025-07-11,argo,com.vrem.wifianalyzer,MainActivity,onStop,1,0,1.0,1,1.0,1,0,1,0,5,0,1,2,0.0,2,0,2,3,0.0,1,3.0,0,2,0.0,0,0.0761904761904762,0.42857142857142855,162,124,0.5238095238095238,21,6,17,4,0,13,16,0,1,0,5,1,0,0,5,0,28,0.8904761904761904,28,1.3333333333333333,21,17,6,0,21,0,0,16,3,1,0,0,0,0,0,21,21,4,1420,1300,20,0,28,81,1.5,96,0,1857,26,241,90,20143
2025-07-11,argo,com.vrem.wifianalyzer,MainActivity,onStart,4,0,1.0,1,1.0,1,0,1,0,12,2,4,2,0.0,2,0,1,10,0.0,1,3.6,0,1,0.0,0,0.0761904761904762,0.42857142857142855,162,124,0.5238095238095238,21,6,17,4,0,13,16,0,1,0,5,1,0,0,5,0,28,0.8904761904761904,28,1.3333333333333333,21,17,6,0,21,0,0,16,3,1,0,0,0,0,0,21,21,4,1420,1300,20,0,28,81,1.5,96,0,1857,26,241,90,20143
2025-07-11,argo,com.vrem.wifianalyzer,MainActivity,onCreateOptionsMenu,1,0,1.0,1,1.0,1,0,1,0,5,0,1,2,0.5,1,1,1,1,1.0,1,2.0,1,1,0.0,0,0.0761904761904762,0.42857142857142855,162,124,0.5238095238095238,21,6,17,4,0,13,16,0,1,0,5,1,0,0,5,0,28,0.8904761904761904,28,1.3333333333333333,21,17,6,0,21,0,0,16,3,1,0,0,0,0,0,21,21,4,1420,1300,20,0,28,81,1.5,96,0,1857,26,241,90,20143
2025-07-11,argo,com.vrem.wifianalyzer,MainActivity,onOptionsItemSelected,1,0,1.0,1,1.0,1,0,1,0,5,0,1,2,0.5,1,1,1,1,1.0,1,2.0,1,1,0.0,0,0.0761904761904762,0.42857142857142855,162,124,0.5238095238095238,21,6,17,4,0,13,16,0,1,0,5,1,0,0,5,0,28,0.8904761904761904,28,1.3333333333333333,21,17,6,0,21,0,0,16,3,1,0,0,0,0,0,21,21,4,1420,1300,20,0,28,81,1.5,96,0,1857,26,241,90,20143
2025-07-11,argo,com.vrem.wifianalyzer,MainActivity,updateActionBar,1,0,1.0,1,1.0,1,0,1,0,1,0,1,2,0.0,2,0,0,1,0.0,1,2.0,0,0,0.0,0,0.0761904761904762,0.42857142857142855,162,124,0.5238095238095238,21,6,17,4,0,13,16,0,1,0,5,1,0,0,5,0,28,0.8904761904761904,28,1.3333333333333333,21,17,6,0,21,0,0,16,3,1,0,0,0,0,0,21,21,4,1420,1300,20,0,28,81,1.5,96,0,1857,26,241,90,20143
2025-07-11,argo,com.vrem.wifianalyzer,MainActivity,currentMenuItem,1,0,0.0,0,0.0,1,0,1,0,1,0,1,0,1.0,1,1,0,1,1.0,1,2.0,0,0,0.0,0,0.0761904761904762,0.42857142857142855,162,124,0.5238095238095238,21,6,17,4,0,13,16,0,1,0,5,1,0,0,5,0,28,0.8904761904761904,28,1.3333333333333333,21,17,6,0,21,0,0,16,3,1,0,0,0,0,0,21,21,4,1420,1300,20,0,28,81,1.5,96,0,1857,26,241,90,20143
2025-07-11,argo,com.vrem.wifianalyzer,MainActivity,currentNavigationMenu,1,0,0.0,0,0.0,1,0,1,0,1,0,1,0,1.0,2,1,0,1,1.0,1,2.0,0,0,0.0,0,0.0761904761904762,0.42857142857142855,162,124,0.5238095238095238,21,6,17,4,0,13,16,0,1,0,5,1,0,0,5,0,28,0.8904761904761904,28,1.3333333333333333,21,17,6,0,21,0,0,16,3,1,0,0,0,0,0,21,21,4,1420,1300,20,0,28,81,1.5,96,0,1857,26,241,90,20143
2025-07-11,argo,com.vrem.wifianalyzer,MainActivity,currentNavigationMenu,1,0,0.0,1,1.0,1,0,1,0,4,0,1,0,0.3333333333333333,2,1,1,4,1.0,1,3.0,1,1,0.0,0,0.0761904761904762,0.42857142857142855,162,124,0.5238095238095238,21,6,17,4,0,13,16,0,1,0,5,1,0,0,5,0,28,0.8904761904761904,28,1.3333333333333333,21,17,6,0,21,0,0,16,3,1,0,0,0,0,0,21,21,4,1420,1300,20,0,28,81,1.5,96,0,1857,26,241,90,20143
2025-07-11,argo,com.vrem.wifianalyzer,MainActivity,navigationView,1,0,0.0,0,0.0,1,0,1,0,1,0,1,0,1.0,0,1,0,0,2.0,0,2.0,0,0,0.0,0,0.0761904761904762,0.42857142857142855,162,124,0.5238095238095238,21,6,17,4,0,13,16,0,1,0,5,1,0,0,5,0,28,0.8904761904761904,28,1.3333333333333333,21,17,6,0,21,0,0,16,3,1,0,0,0,0,0,21,21,4,1420,1300,20,0,28,81,1.5,96,0,1857,26,241,90,20143
2025-07-11,argo,com.vrem.wifianalyzer,MainActivity,mainConnectionVisibility,1,0,0.0,1,1.0,1,0,1,0,3,0,1,0,0.0,0,0,1,3,0.0,0,4.0,1,0,0.0,0,0.0761904761904762,0.42857142857142855,162,124,0.5238095238095238,21,6,17,4,0,13,16,0,1,0,5,1,0,0,5,0,28,0.8904761904761904,28,1.3333333333333333,21,17,6,0,21,0,0,16,3,1,0,0,0,0,0,21,21,4,1420,1300,20,0,28,81,1.5,96,0,1857,26,241,90,20143
2025-07-11,argo,com.vrem.wifianalyzer,MainContext,initialize,1,0,0.0,2,1.0,0,0,1,0,10,0,1,0,0.7894736842105263,0,11,8,7,5.5,1,2.0,2,0,0.0,0,0.0,1.0,38,10,0.0,1,12,0,0,3,2,0,0,1,0,3,4,0,0,8,0,1,0.0,1,1.0,1,0,12,0,1,0,0,1,0,1,0,0,0,0,0,1,1,4,1420,1300,20,0,8,7,1.0,96,0,1857,26,241,90,20143
2025-07-11,argo,com.vrem.wifianalyzer,MainReload,shouldReload,1,0,3.0,0,0.0,0,0,1,0,1,0,1,3,0.0,3,0,0,0,1.0,0,0.0,1,0,0.0,0,0.0,0.75,45,25,0.25,4,3,0,0,3,2,0,0,0,0,3,0,0,0,3,0,7,1.0,7,1.75,4,0,3,0,1,3,0,1,1,1,0,0,0,0,0,4,4,4,1420,1300,20,0,0,6,1.75,96,0,1857,26,241,90,20143
2025-07-11,argo,com.vrem.wifianalyzer,MainReload,connectionViewTypeChanged,2,2,0.0,1,1.0,0,0,1,0,8,1,2,2,0.75,0,1,0,2,0.33,1,2.0,1,0,0.0,0,0.0,0.75,45,25,0.25,4,3,0,0,3,2,0,0,0,0,3,0,0,0,3,0,7,1.0,7,1.75,4,0,3,0,1,3,0,1,1,1,0,0,0,0,0,4,4,4,1420,1300,20,0,0,6,1.75,96,0,1857,26,241,90,20143
2025-07-11,argo,com.vrem.wifianalyzer,MainReload,themeChanged,2,2,0.0,1,1.0,0,0,1,0,8,1,2,2,0.75,0,1,0,2,0.33,1,2.0,1,0,0.0,0,0.0,0.75,45,25,0.25,4,3,0,0,3,2,0,0,0,0,3,0,0,0,3,0,7,1.0,7,1.75,4,0,3,0,1,3,0,1,1,1,0,0,0,0,0,4,4,4,1420,1300,20,0,0,6,1.75,96,0,1857,26,241,90,20143
2025-07-11,argo,com.vrem.wifianalyzer,MainReload,languageChanged,2,2,0.0,1,1.0,0,0,1,0,8,1,2,0,0.75,0,1,0,2,0.33,1,2.0,1,0,0.0,0,0.0,0.75,45,25,0.25,4,3,0,0,3,2,0,0,0,0,3,0,0,0,3,0,7,1.0,7,1.75,4,0,3,0,1,3,0,1,1,1,0,0,0,0,0,4,4,4,1420,1300,20,0,0,6,1.75,96,0,1857,26,241,90,20143
2025-07-11,argo,com.vrem.wifianalyzer.about,AboutFragment,onCreateView,1,2,1.0,1,1.0,1,2,3,0,8,0,1,3,0.0,3,0,3,2,0.0,1,2.0,3,3,0.0,0,0.0,1.0,96,40,0.375,10,0,1,2,0,9,5,0,1,0,0,1,1,1,0,0,12,0.9555555555555556,12,1.2,10,1,0,0,1,9,0,1,2,1,0,0,0,0,0,12,12,4,1420,1300,3,0,9,51,1.8,22,0,432,26,241,26,20143
2025-07-11,argo,com.vrem.wifianalyzer.about,AboutFragment,setTexts,1,0,0.0,3,0.3333,1,2,3,0,6,0,1,3,0.0,3,0,4,6,0.0,0,2.8,2,0,0.0,0,0.0,1.0,96,40,0.375,10,0,1,2,0,9,5,0,1,0,0,1,1,1,0,0,12,0.9555555555555556,12,1.2,10,1,0,0,1,9,0,1,2,1,0,0,0,0,0,12,12,4,1420,1300,3,0,9,51,1.8,22,0,432,26,241,26,20143
2025-07-11,argo,com.vrem.wifianalyzer.about,AboutFragment,device,1,0,0.0,0,0.0,1,2,3,0,1,0,1,0,0.0,0,0,0,0,0.0,0,2.0,0,0,0.0,0,0.0,1.0,96,40,0.375,10,0,1,2,0,9,5,0,1,0,0,1,1,1,0,0,12,0.9555555555555556,12,1.2,10,1,0,0,1,9,0,1,2,1,0,0,0,0,0,12,12,4,1420,1300,3,0,9,51,1.8,22,0,432,26,241,26,20143
2025-07-11,argo,com.vrem.wifianalyzer.about,AboutFragment,wiFiState,1,1,1.0,3,0.3333,1,2,3,0,6,0,1,3,0.0,1,0,1,9,0.0,0,2.1,1,1,0.0,0,0.0,1.0,96,40,0.375,10,0,1,2,0,9,5,0,1,0,0,1,1,1,0,0,12,0.9555555555555556,12,1.2,10,1,0,0,1,9,0,1,2,1,0,0,0,0,0,12,12,4,1420,1300,3,0,9,51,1.8,22,0,432,26,241,26,20143
2025-07-11,argo,com.vrem.wifianalyzer.about,AboutFragment,toggle,3,0,0.0,0,0.0,1,2,3,0,9,1,3,0,0.0,0,0,0,1,0.0,0,2.0,3,0,0.0,0,0.0,1.0,96,40,0.375,10,0,1,2,0,9,5,0,1,0,0,1,1,1,0,0,12,0.9555555555555556,12,1.2,10,1,0,0,1,9,0,1,2,1,0,0,0,0,0,12,12,4,1420,1300,3,0,9,51,1.8,22,0,432,26,241,26,20143
2025-07-11,argo,com.vrem.wifianalyzer.about,AboutFragment,setOnClicks,1,3,0.0,6,0.5,1,2,3,0,10,0,1,0,0.0,0,0,1,18,0.0,0,3.0,2,1,0.0,0,0.0,1.0,96,40,0.375,10,0,1,2,0,9,5,0,1,0,0,1,1,1,0,0,12,0.9555555555555556,12,1.2,10,1,0,0,1,9,0,1,2,1,0,0,0,0,0,12,12,4,1420,1300,3,0,9,51,1.8,22,0,432,26,241,26,20143
2025-07-11,argo,com.vrem.wifianalyzer.about,AboutFragment,copyright,1,0,0.0,1,1.0,1,2,3,0,1,0,1,0,0.0,0,0,0,5,0.0,0,3.5,0,0,0.0,0,0.0,1.0,96,40,0.375,10,0,1,2,0,9,5,0,1,0,0,1,1,1,0,0,12,0.9555555555555556,12,1.2,10,1,0,0,1,9,0,1,2,1,0,0,0,0,0,12,12,4,1420,1300,3,0,9,51,1.8,22,0,432,26,241,26,20143
2025-07-11,argo,com.vrem.wifianalyzer.about,AboutFragment,version,3,1,2.0,1,1.0,1,2,3,0,4,0,3,3,0.0,2,0,0,5,0.0,0,2.6,1,0,0.0,0,0.0,1.0,96,40,0.375,10,0,1,2,0,9,5,0,1,0,0,1,1,1,0,0,12,0.9555555555555556,12,1.2,10,1,0,0,1,9,0,1,2,1,0,0,0,0,0,12,12,4,1420,1300,3,0,9,51,1.8,22,0,432,26,241,26,20143
2025-07-11,argo,com.vrem.wifianalyzer.about,AboutFragment,applicationVersion,3,1,0.0,2,1.0,1,2,3,0,6,1,3,0,0.0,0,0,0,4,0.0,1,2.0,1,0,0.0,0,0.0,1.0,96,40,0.375,10,0,1,2,0,9,5,0,1,0,0,1,1,1,0,0,12,0.9555555555555556,12,1.2,10,1,0,0,1,9,0,1,2,1,0,0,0,0,0,12,12,4,1420,1300,3,0,9,51,1.8,22,0,432,26,241,26,20143
2025-07-11,argo,com.vrem.wifianalyzer.about,AboutFragment,ifElse,3,0,0.0,0,0.0,1,2,3,0,5,1,3,0,0.0,0,0,0,1,0.0,0,2.0,2,0,0.0,0,0.0,1.0,96,40,0.375,10,0,1,2,0,9,5,0,1,0,0,1,1,1,0,0,12,0.9555555555555556,12,1.2,10,1,0,0,1,9,0,1,2,1,0,0,0,0,0,12,12,4,1420,1300,3,0,9,51,1.8,22,0,432,26,241,26,20143
2025-07-11,argo,com.vrem.wifianalyzer.export,Export,export,1,0,3.0,0,0.0,0,0,1,0,1,0,1,2,0.0,2,0,0,0,0.0,0,0.0,2,0,0.0,0,0.0,0.8333333333333334,28,15,0.3333333333333333,6,1,0,0,0,7,0,0,2,0,0,2,1,1,0,0,6,0.8666666666666667,6,1.0,6,0,1,0,2,1,0,2,0,1,0,0,0,0,0,6,6,4,1420,1300,4,0,0,33,1.0,21,0,332,26,241,21,20143
2025-07-11,argo,com.vrem.wifianalyzer.export,Export,export,1,4,3.0,1,1.0,0,0,1,0,7,0,1,11,0.0,3,0,0,4,0.0,1,2.0,3,0,0.0,0,0.0,0.8333333333333334,28,15,0.3333333333333333,6,1,0,0,0,7,0,0,2,0,0,2,1,1,0,0,6,0.8666666666666667,6,1.0,6,0,1,0,2,1,0,2,0,1,0,0,0,0,0,6,6,4,1420,1300,4,0,0,33,1.0,21,0,332,26,241,21,20143
2025-07-11,argo,com.vrem.wifianalyzer.export,Export,data,1,0,1.0,1,1.0,0,0,1,0,1,0,1,2,0.25,1,1,0,2,0.33,0,2.0,3,0,0.0,0,0.0,0.8333333333333334,28,15,0.3333333333333333,6,1,0,0,0,7,0,0,2,0,0,2,1,1,0,0,6,0.8666666666666667,6,1.0,6,0,1,0,2,1,0,2,0,1,0,0,0,0,0,6,6,4,1420,1300,4,0,0,33,1.0,21,0,332,26,241,21,20143
2025-07-11,argo,com.vrem.wifianalyzer.export,Export,title,1,1,0.0,1,1.0,0,0,1,0,4,0,1,1,0.0,0,0,0,3,0.0,0,4.0,2,0,0.0,0,0.0,0.8333333333333334,28,15,0.3333333333333333,6,1,0,0,0,7,0,0,2,0,0,2,1,1,0,0,6,0.8666666666666667,6,1.0,6,0,1,0,2,1,0,2,0,1,0,0,0,0,0,6,6,4,1420,1300,4,0,0,33,1.0,21,0,332,26,241,21,20143
2025-07-11,argo,com.vrem.wifianalyzer.export,Export,timestamp,1,0,0.0,1,1.0,0,0,1,0,1,0,1,0,0.0,0,0,0,2,0.0,0,3.0,1,0,0.0,0,0.0,0.8333333333333334,28,15,0.3333333333333333,6,1,0,0,0,7,0,0,2,0,0,2,1,1,0,0,6,0.8666666666666667,6,1.0,6,0,1,0,2,1,0,2,0,1,0,0,0,0,0,6,6,4,1420,1300,4,0,0,33,1.0,21,0,332,26,241,21,20143
2025-07-11,argo,com.vrem.wifianalyzer.export,Export,toExportString,1,0,0.0,1,1.0,0,0,1,0,1,0,1,0,0.0,0,0,0,22,0.0,0,2.533333333333333,2,0,0.0,0,0.0,0.8333333333333334,28,15,0.3333333333333333,6,1,0,0,0,7,0,0,2,0,0,2,1,1,0,0,6,0.8666666666666667,6,1.0,6,0,1,0,2,1,0,2,0,1,0,0,0,0,0,6,6,4,1420,1300,4,0,0,33,1.0,21,0,332,26,241,21,20143
2025-07-11,argo,com.vrem.wifianalyzer.export,ExportIntent,intent,1,1,2.0,1,1.0,0,0,1,0,9,0,1,16,0.0,2,0,2,6,0.0,0,2.5,2,1,0.0,0,0.0,0.3333333333333333,15,11,0.3333333333333333,3,0,0,0,0,2,1,0,0,0,0,0,0,0,0,0,3,0.6666666666666667,3,1.0,3,0,0,0,0,0,0,0,0,1,0,0,0,0,0,3,3,4,1420,1300,4,0,2,8,1.0,21,0,332,26,241,21,20143
2025-07-11,argo,com.vrem.wifianalyzer.export,ExportIntent,intentSend,1,0,0.0,1,1.0,0,0,1,0,1,0,1,0,0.0,0,0,0,1,0.0,0,2.0,0,0,0.0,0,0.0,0.3333333333333333,15,11,0.3333333333333333,3,0,0,0,0,2,1,0,0,0,0,0,0,0,0,0,3,0.6666666666666667,3,1.0,3,0,0,0,0,0,0,0,0,1,0,0,0,0,0,3,3,4,1420,1300,4,0,2,8,1.0,21,0,332,26,241,21,20143
2025-07-11,argo,com.vrem.wifianalyzer.export,ExportIntent,intentChooser,1,0,0.0,1,1.0,0,0,1,0,1,0,1,0,0.0,0,0,0,1,0.0,1,2.0,2,0,0.0,0,0.0,0.3333333333333333,15,11,0.3333333333333333,3,0,0,0,0,2,1,0,0,0,0,0,0,0,0,0,3,0.6666666666666667,3,1.0,3,0,0,0,0,0,0,0,0,1,0,0,0,0,0,3,3,4,1420,1300,4,0,2,8,1.0,21,0,332,26,241,21,20143
2025-07-11,argo,com.vrem.wifianalyzer.navigation,NavigationMenuController,currentMenuItem,1,0,0.0,0,0.0,0,1,1,0,1,0,1,0,1.0,0,1,0,0,1.0,0,3.0,0,0,0.0,0,0.16666666666666666,0.5,25,7,0.0,4,1,0,0,0,4,1,0,1,0,0,0,0,0,1,0,5,0.8333333333333334,5,1.25,4,0,1,0,3,1,0,3,0,1,0,0,0,0,0,4,4,4,1420,1300,5,0,2,7,1.3333333333333333,29,1,514,26,241,25,20143
2025-07-11,argo,com.vrem.wifianalyzer.navigation,NavigationMenuController,currentNavigationMenu,1,0,0.0,0,0.0,0,1,1,0,1,0,1,2,1.0,0,1,0,0,1.0,0,0.0,0,0,0.0,0,0.16666666666666666,0.5,25,7,0.0,4,1,0,0,0,4,1,0,1,0,0,0,0,0,1,0,5,0.8333333333333334,5,1.25,4,0,1,0,3,1,0,3,0,1,0,0,0,0,0,4,4,4,1420,1300,5,0,2,7,1.3333333333333333,29,1,514,26,241,25,20143
2025-07-11,argo,com.vrem.wifianalyzer.navigation,NavigationMenuController,currentNavigationMenu,1,0,0.0,1,1.0,0,1,1,0,5,0,1,4,0.25,1,1,2,4,1.0,0,2.0,1,1,0.0,0,0.16666666666666666,0.5,25,7,0.0,4,1,0,0,0,4,1,0,1,0,0,0,0,0,1,0,5,0.8333333333333334,5,1.25,4,0,1,0,3,1,0,3,0,1,0,0,0,0,0,4,4,4,1420,1300,5,0,2,7,1.3333333333333333,29,1,514,26,241,25,20143
2025-07-11,argo,com.vrem.wifianalyzer.navigation,NavigationMenuController,setChecked,2,0,0.0,1,1.0,0,1,1,0,6,1,2,0,0.0,0,0,0,3,0.0,0,2.3333333333333335,2,0,0.0,0,0.16666666666666666,0.5,25,7,0.0,4,1,0,0,0,4,1,0,1,0,0,0,0,0,1,0,5,0.8333333333333334,5,1.25,4,0,1,0,3,1,0,3,0,1,0,0,0,0,0,4,4,4,1420,1300,5,0,2,7,1.3333333333333333,29,1,514,26,241,25,20143
2025-07-11,argo,com.vrem.wifianalyzer.navigation.items,ExportItem,activate,5,2,1.0,5,1.0,0,0,1,0,17,1,5,0,0.0,1,0,0,16,0.0,1,2.6153846153846154,2,0,0.0,0,0.0,1.0,21,18,0.5,2,0,1,1,0,4,0,0,0,0,0,0,0,0,0,0,4,1.0,4,2.0,2,1,0,0,1,1,0,1,0,1,0,0,0,0,0,2,2,4,1420,1300,7,0,0,18,3.0,29,1,537,26,241,28,20143
2025-07-11,argo,com.vrem.wifianalyzer.navigation.items,ExportItem,exportAvailable,1,0,0.0,1,1.0,0,0,1,0,1,0,1,0,0.0,0,0,0,2,0.0,0,3.0,2,0,0.0,0,0.0,1.0,21,18,0.5,2,0,1,1,0,4,0,0,0,0,0,0,0,0,0,0,4,1.0,4,2.0,2,1,0,0,1,1,0,1,0,1,0,0,0,0,0,2,2,4,1420,1300,7,0,0,18,3.0,29,1,537,26,241,28,20143
2025-07-11,argo,com.vrem.wifianalyzer.navigation.items,FragmentItem,activate,2,1,2.0,1,1.0,0,0,1,0,6,1,2,2,0.0,2,0,2,1,0.0,0,2.0,2,2,0.0,0,0.0,0.6666666666666666,19,15,0.3333333333333333,3,0,1,1,0,3,4,0,0,0,0,0,0,0,0,0,4,1.0,4,1.3333333333333333,3,1,0,0,1,2,0,1,0,1,0,0,0,0,0,3,3,4,1420,1300,7,0,4,10,1.3333333333333333,29,1,537,26,241,28,20143
2025-07-11,argo,com.vrem.wifianalyzer.navigation.items,FragmentItem,startFragment,1,0,0.0,1,1.0,0,0,1,0,3,0,1,0,0.0,0,0,1,3,0.0,0,2.5,1,1,0.0,0,0.0,0.6666666666666666,19,15,0.3333333333333333,3,0,1,1,0,3,4,0,0,0,0,0,0,0,0,0,4,1.0,4,1.3333333333333333,3,1,0,0,1,2,0,1,0,1,0,0,0,0,0,3,3,4,1420,1300,7,0,4,10,1.3333333333333333,29,1,537,26,241,28,20143
2025-07-11,argo,com.vrem.wifianalyzer.navigation.items,FragmentItem,updateMainActivity,1,0,0.0,4,0.25,0,0,1,0,6,0,1,0,0.0,0,0,1,6,0.0,1,2.2,2,1,0.0,0,0.0,0.6666666666666666,19,15,0.3333333333333333,3,0,1,1,0,3,4,0,0,0,0,0,0,0,0,0,4,1.0,4,1.3333333333333333,3,1,0,0,1,2,0,1,0,1,0,0,0,0,0,3,3,4,1420,1300,7,0,4,10,1.3333333333333333,29,1,537,26,241,28,20143
2025-07-11,argo,com.vrem.wifianalyzer.navigation.options,OptionMenu,create,1,0,1.0,1,1.0,0,0,1,0,5,0,1,1,0.8333333333333334,1,0,2,4,0.5,0,3.5,2,2,0.0,0,0.3333333333333333,0.3333333333333333,17,11,0.3333333333333333,3,1,0,0,1,4,2,0,0,0,1,0,0,0,1,0,3,1.0,3,1.0,3,0,1,0,2,1,0,2,1,1,0,0,0,0,0,3,3,4,1420,1300,4,0,2,9,1.6666666666666667,13,0,299,26,241,17,20143
2025-07-11,argo,com.vrem.wifianalyzer.navigation.options,OptionMenu,select,1,0,0.0,1,1.0,0,0,1,0,1,0,1,0,0.0,0,0,0,3,0.0,0,4.0,1,0,0.0,0,0.3333333333333333,0.3333333333333333,17,11,0.3333333333333333,3,1,0,0,1,4,2,0,0,0,1,0,0,0,1,0,3,1.0,3,1.0,3,0,1,0,2,1,0,2,1,1,0,0,0,0,0,3,3,4,1420,1300,4,0,2,9,1.6666666666666667,13,0,299,26,241,17,20143
2025-07-11,argo,com.vrem.wifianalyzer.navigation.options,OptionMenu,iconsVisible,3,0,0.0,1,1.0,0,0,1,0,5,1,3,0,1.0,0,0,0,2,1.0,1,2.0,1,0,0.0,0,0.3333333333333333,0.3333333333333333,17,11,0.3333333333333333,3,1,0,0,1,4,2,0,0,0,1,0,0,0,1,0,3,1.0,3,1.0,3,0,1,0,2,1,0,2,1,1,0,0,0,0,0,3,3,4,1420,1300,4,0,2,9,1.6666666666666667,13,0,299,26,241,17,20143
2025-07-11,argo,com.vrem.wifianalyzer.permission,ApplicationPermission,check,2,0,1.0,2,1.0,0,0,1,0,5,0,2,0,0.0,3,0,1,3,0.0,1,2.0,0,1,0.0,0,0.0,0.75,19,8,0.25,4,0,0,0,0,4,1,0,0,0,2,2,2,2,0,0,4,0.8333333333333334,4,1.0,4,0,0,0,3,1,0,3,0,1,0,0,0,0,0,4,4,4,1420,1300,8,0,1,5,1.5,42,0,697,26,241,42,20143
2025-07-11,argo,com.vrem.wifianalyzer.permission,ApplicationPermission,granted,1,0,0.0,1,1.0,0,0,1,0,1,0,1,0,0.0,0,0,0,2,0.0,0,2.0,2,0,0.0,0,0.0,0.75,19,8,0.25,4,0,0,0,0,4,1,0,0,0,2,2,2,2,0,0,4,0.8333333333333334,4,1.0,4,0,0,0,3,1,0,3,0,1,0,0,0,0,0,4,4,4,1420,1300,8,0,1,5,1.5,42,0,697,26,241,42,20143
2025-07-11,argo,com.vrem.wifianalyzer.permission,ApplicationPermission,granted,1,0,0.0,1,1.0,0,0,1,0,1,0,1,3,0.0,3,0,0,1,0.0,1,2.0,0,0,0.0,0,0.0,0.75,19,8,0.25,4,0,0,0,0,4,1,0,0,0,2,2,2,2,0,0,4,0.8333333333333334,4,1.0,4,0,0,0,3,1,0,3,0,1,0,0,0,0,0,4,4,4,1420,1300,8,0,1,5,1.5,42,0,697,26,241,42,20143
2025-07-11,argo,com.vrem.wifianalyzer.permission,ApplicationPermission,granted,1,0,0.0,1,1.0,0,0,1,0,1,0,1,0,0.0,0,0,0,2,0.0,0,2.0,1,0,0.0,0,0.0,0.75,19,8,0.25,4,0,0,0,0,4,1,0,0,0,2,2,2,2,0,0,4,0.8333333333333334,4,1.0,4,0,0,0,3,1,0,3,0,1,0,0,0,0,0,4,4,4,1420,1300,8,0,1,5,1.5,42,0,697,26,241,42,20143
2025-07-11,argo,com.vrem.wifianalyzer.permission,LocationPermission,enabled,5,1,3.0,1,1.0,0,0,1,0,10,2,5,3,0.0,3,0,0,4,0.0,0,3.0,0,0,0.0,0,0.0,0.25,30,25,0.25,4,0,0,0,0,2,0,0,0,0,0,0,0,0,0,0,5,0.0,5,1.25,4,0,0,0,1,3,0,1,0,1,0,0,0,0,0,4,4,4,1420,1300,8,0,0,11,3.5,42,0,697,26,241,42,20143
2025-07-11,argo,com.vrem.wifianalyzer.permission,LocationPermission,gpsProviderEnabled,3,0,0.0,1,1.0,0,0,1,0,5,1,3,0,0.0,0,0,0,3,0.0,0,3.0,1,0,0.0,0,0.0,0.25,30,25,0.25,4,0,0,0,0,2,0,0,0,0,0,0,0,0,0,0,5,0.0,5,1.25,4,0,0,0,1,3,0,1,0,1,0,0,0,0,0,4,4,4,1420,1300,8,0,0,11,3.5,42,0,697,26,241,42,20143
2025-07-11,argo,com.vrem.wifianalyzer.permission,LocationPermission,networkProviderEnabled,3,0,0.0,1,1.0,0,0,1,0,5,1,3,0,0.0,0,0,0,3,0.0,0,3.0,1,0,0.0,0,0.0,0.25,30,25,0.25,4,0,0,0,0,2,0,0,0,0,0,0,0,0,0,0,5,0.0,5,1.25,4,0,0,0,1,3,0,1,0,1,0,0,0,0,0,4,4,4,1420,1300,8,0,0,11,3.5,42,0,697,26,241,42,20143
2025-07-11,argo,com.vrem.wifianalyzer.permission,LocationPermission,locationEnabled,3,0,0.0,0,0.0,0,0,1,0,5,1,3,0,0.0,0,0,0,1,0.0,0,2.0,1,0,0.0,0,0.0,0.25,30,25,0.25,4,0,0,0,0,2,0,0,0,0,0,0,0,0,0,0,5,0.0,5,1.25,4,0,0,0,1,3,0,1,0,1,0,0,0,0,0,4,4,4,1420,1300,8,0,0,11,3.5,42,0,697,26,241,42,20143
2025-07-11,argo,com.vrem.wifianalyzer.permission,PermissionDialog,show,3,2,0.0,4,1.0,0,0,3,0,7,0,3,0,0.0,1,0,2,27,0.0,0,5.0,0,1,0.0,0,0.0,1.0,23,7,0.0,1,0,0,0,0,1,1,0,0,0,0,0,0,0,0,0,1,0.0,1,1.0,1,0,0,0,1,0,0,1,0,1,0,0,0,0,0,3,3,4,1420,1300,8,0,2,27,3.0,42,0,697,26,241,42,20143
2025-07-11,argo,com.vrem.wifianalyzer.permission,PermissionService,enabled,1,0,2.0,0,0.0,0,0,1,0,1,0,1,2,0.0,2,0,0,0,0.0,0,0.0,0,0,0.0,0,0.0,0.0,11,5,0.6,5,0,0,0,0,4,0,0,0,0,0,0,0,0,0,0,5,1.0,5,1.0,5,0,0,0,5,0,0,5,0,1,0,0,0,0,0,5,5,4,1420,1300,8,0,0,4,1.0,42,0,697,26,241,42,20143
2025-07-11,argo,com.vrem.wifianalyzer.permission,PermissionService,locationEnabled,1,0,1.0,0,0.0,0,0,1,0,1,0,1,0,0.0,1,0,0,1,0.0,1,2.0,0,0,0.0,0,0.0,0.0,11,5,0.6,5,0,0,0,0,4,0,0,0,0,0,0,0,0,0,0,5,1.0,5,1.0,5,0,0,0,5,0,0,5,0,1,0,0,0,0,0,5,5,4,1420,1300,8,0,0,4,1.0,42,0,697,26,241,42,20143
2025-07-11,argo,com.vrem.wifianalyzer.permission,PermissionService,check,1,0,0.0,0,0.0,0,0,1,0,1,0,1,0,0.0,1,0,0,1,0.0,1,2.0,0,0,0.0,0,0.0,0.0,11,5,0.6,5,0,0,0,0,4,0,0,0,0,0,0,0,0,0,0,5,1.0,5,1.0,5,0,0,0,5,0,0,5,0,1,0,0,0,0,0,5,5,4,1420,1300,8,0,0,4,1.0,42,0,697,26,241,42,20143
2025-07-11,argo,com.vrem.wifianalyzer.permission,PermissionService,granted,1,0,0.0,0,0.0,0,0,1,0,1,0,1,0,0.0,1,0,0,1,0.0,1,2.0,2,0,0.0,0,0.0,0.0,11,5,0.6,5,0,0,0,0,4,0,0,0,0,0,0,0,0,0,0,5,1.0,5,1.0,5,0,0,0,5,0,0,5,0,1,0,0,0,0,0,5,5,4,1420,1300,8,0,0,4,1.0,42,0,697,26,241,42,20143
2025-07-11,argo,com.vrem.wifianalyzer.permission,PermissionService,permissionGranted,1,0,1.0,0,0.0,0,0,1,0,1,0,1,0,0.0,1,0,0,1,0.0,1,2.0,0,0,0.0,0,0.0,0.0,11,5,0.6,5,0,0,0,0,4,0,0,0,0,0,0,0,0,0,0,5,1.0,5,1.0,5,0,0,0,5,0,0,5,0,1,0,0,0,0,0,5,5,4,1420,1300,8,0,0,4,1.0,42,0,697,26,241,42,20143
2025-07-11,argo,com.vrem.wifianalyzer.settings,CustomPreference,codes,1,0,0.0,1,1.0,0,0,1,0,3,0,1,0,0.0,0,0,0,3,0.0,0,2.0,1,0,0.0,0,0.0,0.0,15,6,0.0,2,0,0,1,0,2,0,0,0,0,0,0,0,0,0,2,2,0.0,2,1.0,2,0,0,0,0,2,0,0,0,0,0,0,0,0,0,2,2,4,1420,1300,15,0,0,6,1.0,123,0,1547,26,241,124,20143
2025-07-11,argo,com.vrem.wifianalyzer.settings,CustomPreference,names,1,0,0.0,1,1.0,0,0,1,0,3,0,1,0,0.0,0,0,0,3,0.0,0,2.0,1,0,0.0,0,0.0,0.0,15,6,0.0,2,0,0,1,0,2,0,0,0,0,0,0,0,0,0,2,2,0.0,2,1.0,2,0,0,0,0,2,0,0,0,0,0,0,0,0,0,2,2,4,1420,1300,15,0,0,6,1.0,123,0,1547,26,241,124,20143
2025-07-11,argo,com.vrem.wifianalyzer.settings,Data,compareTo,1,0,0.0,1,1.0,0,0,1,0,1,0,1,0,0.0,0,0,0,4,0.0,0,2.0,1,0,0.0,0,0.0,0.0,3,1,0.0,1,0,1,1,0,1,0,0,0,0,0,0,0,0,0,0,1,0.0,1,1.0,1,1,0,0,1,0,0,1,0,1,0,0,0,0,0,1,1,4,1420,1300,15,0,0,4,1.0,123,0,1547,26,241,124,20143
2025-07-11,argo,com.vrem.wifianalyzer.settings,Repository,initializeDefaultValues,1,0,1.0,1,1.0,0,0,1,0,1,0,1,1,0.0,1,0,0,2,0.0,0,3.0,0,0,0.0,0,0.0,0.2857142857142857,61,46,0.7142857142857143,14,0,0,0,0,8,0,0,0,0,0,0,0,0,0,0,14,0.8351648351648352,14,1.0,14,0,0,0,13,1,0,13,3,1,0,0,0,0,0,14,14,4,1420,1300,15,0,0,30,1.6153846153846154,123,0,1547,26,241,124,20143
2025-07-11,argo,com.vrem.wifianalyzer.settings,Repository,registerOnSharedPreferenceChangeListener,1,0,1.0,0,0.0,0,0,1,0,1,0,1,1,0.0,2,0,0,1,0.0,1,2.0,1,0,0.0,0,0.0,0.2857142857142857,61,46,0.7142857142857143,14,0,0,0,0,8,0,0,0,0,0,0,0,0,0,0,14,0.8351648351648352,14,1.0,14,0,0,0,13,1,0,13,3,1,0,0,0,0,0,14,14,4,1420,1300,15,0,0,30,1.6153846153846154,123,0,1547,26,241,124,20143
2025-07-11,argo,com.vrem.wifianalyzer.settings,Repository,save,1,0,1.0,1,1.0,0,0,1,0,1,0,1,2,0.0,2,0,0,1,0.0,1,2.0,2,0,0.0,0,0.0,0.2857142857142857,61,46,0.7142857142857143,14,0,0,0,0,8,0,0,0,0,0,0,0,0,0,0,14,0.8351648351648352,14,1.0,14,0,0,0,13,1,0,13,3,1,0,0,0,0,0,14,14,4,1420,1300,15,0,0,30,1.6153846153846154,123,0,1547,26,241,124,20143
2025-07-11,argo,com.vrem.wifianalyzer.settings,Repository,save,1,0,1.0,1,1.0,0,0,1,0,1,0,1,1,0.0,1,0,0,2,0.0,0,2.0,2,0,0.0,0,0.0,0.2857142857142857,61,46,0.7142857142857143,14,0,0,0,0,8,0,0,0,0,0,0,0,0,0,0,14,0.8351648351648352,14,1.0,14,0,0,0,13,1,0,13,3,1,0,0,0,0,0,14,14,4,1420,1300,15,0,0,30,1.6153846153846154,123,0,1547,26,241,124,20143
2025-07-11,argo,com.vrem.wifianalyzer.settings,Repository,stringAsInteger,1,0,1.0,1,1.0,0,0,1,0,1,0,1,1,0.0,1,0,0,2,0.0,2,3.0,2,0,0.0,0,0.0,0.2857142857142857,61,46,0.7142857142857143,14,0,0,0,0,8,0,0,0,0,0,0,0,0,0,0,14,0.8351648351648352,14,1.0,14,0,0,0,13,1,0,13,3,1,0,0,0,0,0,14,14,4,1420,1300,15,0,0,30,1.6153846153846154,123,0,1547,26,241,124,20143
2025-07-11,argo,com.vrem.wifianalyzer.settings,Repository,string,3,1,1.0,2,0.6667,0,0,1,0,9,0,3,2,0.0,1,0,0,4,0.0,1,2.0,2,0,0.0,0,0.0,0.2857142857142857,61,46,0.7142857142857143,14,0,0,0,0,8,0,0,0,0,0,0,0,0,0,0,14,0.8351648351648352,14,1.0,14,0,0,0,13,1,0,13,3,1,0,0,0,0,0,14,14,4,1420,1300,15,0,0,30,1.6153846153846154,123,0,1547,26,241,124,20143
2025-07-11,argo,com.vrem.wifianalyzer.settings,Repository,boolean,3,1,1.0,3,0.6667,0,0,1,0,9,0,3,2,0.0,1,0,0,4,0.0,1,2.0,2,0,0.0,0,0.0,0.2857142857142857,61,46,0.7142857142857143,14,0,0,0,0,8,0,0,0,0,0,0,0,0,0,0,14,0.8351648351648352,14,1.0,14,0,0,0,13,1,0,13,3,1,0,0,0,0,0,14,14,4,1420,1300,15,0,0,30,1.6153846153846154,123,0,1547,26,241,124,20143
2025-07-11,argo,com.vrem.wifianalyzer.settings,Repository,resourceBoolean,1,0,0.0,1,1.0,0,0,1,0,1,0,1,0,0.0,0,0,0,2,0.0,0,3.0,1,0,0.0,0,0.0,0.2857142857142857,61,46,0.7142857142857143,14,0,0,0,0,8,0,0,0,0,0,0,0,0,0,0,14,0.8351648351648352,14,1.0,14,0,0,0,13,1,0,13,3,1,0,0,0,0,0,14,14,4,1420,1300,15,0,0,30,1.6153846153846154,123,0,1547,26,241,124,20143
2025-07-11,argo,com.vrem.wifianalyzer.settings,Repository,integer,3,1,1.0,3,0.6667,0,0,1,0,9,0,3,2,0.0,1,0,0,5,0.0,1,2.0,2,0,0.0,0,0.0,0.2857142857142857,61,46,0.7142857142857143,14,0,0,0,0,8,0,0,0,0,0,0,0,0,0,0,14,0.8351648351648352,14,1.0,14,0,0,0,13,1,0,13,3,1,0,0,0,0,0,14,14,4,1420,1300,15,0,0,30,1.6153846153846154,123,0,1547,26,241,124,20143
2025-07-11,argo,com.vrem.wifianalyzer.settings,Repository,stringSet,3,1,1.0,3,0.6667,0,0,1,0,9,0,3,5,0.0,1,0,0,4,0.0,1,2.0,2,0,0.0,0,0.0,0.2857142857142857,61,46,0.7142857142857143,14,0,0,0,0,8,0,0,0,0,0,0,0,0,0,0,14,0.8351648351648352,14,1.0,14,0,0,0,13,1,0,13,3,1,0,0,0,0,0,14,14,4,1420,1300,15,0,0,30,1.6153846153846154,123,0,1547,26,241,124,20143
2025-07-11,argo,com.vrem.wifianalyzer.settings,Repository,saveStringSet,1,0,1.0,1,1.0,0,0,1,0,1,0,1,1,0.0,1,0,0,2,0.0,0,2.0,2,0,0.0,0,0.0,0.2857142857142857,61,46,0.7142857142857143,14,0,0,0,0,8,0,0,0,0,0,0,0,0,0,0,14,0.8351648351648352,14,1.0,14,0,0,0,13,1,0,13,3,1,0,0,0,0,0,14,14,4,1420,1300,15,0,0,30,1.6153846153846154,123,0,1547,26,241,124,20143
2025-07-11,argo,com.vrem.wifianalyzer.settings,Repository,defaultValues,1,0,0.0,1,1.0,0,0,1,0,1,0,1,0,0.0,0,0,0,1,0.0,1,2.0,3,0,0.0,0,0.0,0.2857142857142857,61,46,0.7142857142857143,14,0,0,0,0,8,0,0,0,0,0,0,0,0,0,0,14,0.8351648351648352,14,1.0,14,0,0,0,13,1,0,13,3,1,0,0,0,0,0,14,14,4,1420,1300,15,0,0,30,1.6153846153846154,123,0,1547,26,241,124,20143
2025-07-11,argo,com.vrem.wifianalyzer.settings,Repository,defaultSharedPreferences,1,0,0.0,1,1.0,0,0,1,0,1,0,1,0,0.0,0,0,0,1,0.0,1,2.0,1,0,0.0,0,0.0,0.2857142857142857,61,46,0.7142857142857143,14,0,0,0,0,8,0,0,0,0,0,0,0,0,0,0,14,0.8351648351648352,14,1.0,14,0,0,0,13,1,0,13,3,1,0,0,0,0,0,14,14,4,1420,1300,15,0,0,30,1.6153846153846154,123,0,1547,26,241,124,20143
2025-07-11,argo,com.vrem.wifianalyzer.settings,Repository,sharedPreferences,1,0,1.0,0,0.0,0,0,1,0,1,0,1,1,0.0,1,0,0,0,0.0,0,0.0,0,0,0.0,0,0.0,0.2857142857142857,61,46,0.7142857142857143,14,0,0,0,0,8,0,0,0,0,0,0,0,0,0,0,14,0.8351648351648352,14,1.0,14,0,0,0,13,1,0,13,3,1,0,0,0,0,0,14,14,4,1420,1300,15,0,0,30,1.6153846153846154,123,0,1547,26,241,124,20143
2025-07-11,argo,com.vrem.wifianalyzer.settings,Settings,initializeDefaultValues,1,0,0.0,0,0.0,0,0,1,0,1,0,1,0,0.0,1,0,0,1,0.0,1,2.0,0,0,0.0,0,0.0,0.3225806451612903,94,54,0.4838709677419355,31,0,0,0,0,21,0,0,3,0,0,3,3,3,0,0,33,0.9763440860215054,33,1.064516129032258,31,0,0,0,28,3,0,28,8,1,0,0,0,0,0,31,31,4,1420,1300,15,0,0,109,1.1,123,0,1547,26,241,124,20143
2025-07-11,argo,com.vrem.wifianalyzer.settings,Settings,registerOnSharedPreferenceChangeListener,1,0,0.0,0,0.0,0,0,1,0,1,0,1,0,0.0,1,0,0,1,0.0,1,2.0,1,0,0.0,0,0.0,0.3225806451612903,94,54,0.4838709677419355,31,0,0,0,0,21,0,0,3,0,0,3,3,3,0,0,33,0.9763440860215054,33,1.064516129032258,31,0,0,0,28,3,0,28,8,1,0,0,0,0,0,31,31,4,1420,1300,15,0,0,109,1.1,123,0,1547,26,241,124,20143
2025-07-11,argo,com.vrem.wifianalyzer.settings,Settings,scanSpeed,1,0,0.0,1,1.0,0,0,1,0,1,0,1,0,0.0,0,0,0,4,0.0,0,4.0,0,0,0.0,0,0.0,0.3225806451612903,94,54,0.4838709677419355,31,0,0,0,0,21,0,0,3,0,0,3,3,3,0,0,33,0.9763440860215054,33,1.064516129032258,31,0,0,0,28,3,0,28,8,1,0,0,0,0,0,31,31,4,1420,1300,15,0,0,109,1.1,123,0,1547,26,241,124,20143
2025-07-11,argo,com.vrem.wifianalyzer.settings,Settings,cacheOff,1,0,0.0,1,1.0,0,0,1,0,1,0,1,0,0.0,0,0,0,6,0.0,0,4.0,0,0,0.0,0,0.0,0.3225806451612903,94,54,0.4838709677419355,31,0,0,0,0,21,0,0,3,0,0,3,3,3,0,0,33,0.9763440860215054,33,1.064516129032258,31,0,0,0,28,3,0,28,8,1,0,0,0,0,0,31,31,4,1420,1300,15,0,0,109,1.1,123,0,1547,26,241,124,20143
2025-07-11,argo,com.vrem.wifianalyzer.settings,Settings,graphMaximumY,1,2,0.0,1,1.0,0,0,1,0,5,0,1,0,0.0,0,0,0,4,0.0,0,4.0,0,0,0.0,0,0.0,0.3225806451612903,94,54,0.4838709677419355,31,0,0,0,0,21,0,0,3,0,0,3,3,3,0,0,33,0.9763440860215054,33,1.064516129032258,31,0,0,0,28,3,0,28,8,1,0,0,0,0,0,31,31,4,1420,1300,15,0,0,109,1.1,123,0,1547,26,241,124,20143
2025-07-11,argo,com.vrem.wifianalyzer.settings,Settings,wiFiBand,1,0,1.0,1,1.0,0,0,1,0,1,0,1,2,0.0,0,0,0,4,0.0,0,3.0,1,0,0.0,0,0.0,0.3225806451612903,94,54,0.4838709677419355,31,0,0,0,0,21,0,0,3,0,0,3,3,3,0,0,33,0.9763440860215054,33,1.064516129032258,31,0,0,0,28,3,0,28,8,1,0,0,0,0,0,31,31,4,1420,1300,15,0,0,109,1.1,123,0,1547,26,241,124,20143
2025-07-11,argo,com.vrem.wifianalyzer.settings,Settings,countryCode,1,0,0.0,1,1.0,0,0,1,0,1,0,1,0,0.0,0,0,0,3,0.0,0,4.0,0,0,0.0,0,0.0,0.3225806451612903,94,54,0.4838709677419355,31,0,0,0,0,21,0,0,3,0,0,3,3,3,0,0,33,0.9763440860215054,33,1.064516129032258,31,0,0,0,28,3,0,28,8,1,0,0,0,0,0,31,31,4,1420,1300,15,0,0,109,1.1,123,0,1547,26,241,124,20143
2025-07-11,argo,com.vrem.wifianalyzer.settings,Settings,languageLocale,1,2,0.0,1,1.0,0,0,1,0,5,0,1,1,0.0,0,0,0,5,0.0,0,4.0,0,0,0.0,0,0.0,0.3225806451612903,94,54,0.4838709677419355,31,0,0,0,0,21,0,0,3,0,0,3,3,3,0,0,33,0.9763440860215054,33,1.064516129032258,31,0,0,0,28,3,0,28,8,1,0,0,0,0,0,31,31,4,1420,1300,15,0,0,109,1.1,123,0,1547,26,241,124,20143
2025-07-11,argo,com.vrem.wifianalyzer.settings,Settings,sortBy,1,0,1.0,1,1.0,0,0,1,0,1,0,1,1,0.0,1,0,0,4,0.0,0,2.3333333333333335,0,0,0.0,0,0.0,0.3225806451612903,94,54,0.4838709677419355,31,0,0,0,0,21,0,0,3,0,0,3,3,3,0,0,33,0.9763440860215054,33,1.064516129032258,31,0,0,0,28,3,0,28,8,1,0,0,0,0,0,31,31,4,1420,1300,15,0,0,109,1.1,123,0,1547,26,241,124,20143
2025-07-11,argo,com.vrem.wifianalyzer.settings,Settings,groupBy,1,0,1.0,1,1.0,0,0,1,0,1,0,1,1,0.0,1,0,0,4,0.0,0,2.3333333333333335,0,0,0.0,0,0.0,0.3225806451612903,94,54,0.4838709677419355,31,0,0,0,0,21,0,0,3,0,0,3,3,3,0,0,33,0.9763440860215054,33,1.064516129032258,31,0,0,0,28,3,0,28,8,1,0,0,0,0,0,31,31,4,1420,1300,15,0,0,109,1.1,123,0,1547,26,241,124,20143
2025-07-11,argo,com.vrem.wifianalyzer.settings,Settings,accessPointView,1,0,1.0,1,1.0,0,0,1,0,1,0,1,1,0.0,1,0,0,4,0.0,0,2.3333333333333335,0,0,0.0,0,0.0,0.3225806451612903,94,54,0.4838709677419355,31,0,0,0,0,21,0,0,3,0,0,3,3,3,0,0,33,0.9763440860215054,33,1.064516129032258,31,0,0,0,28,3,0,28,8,1,0,0,0,0,0,31,31,4,1420,1300,15,0,0,109,1.1,123,0,1547,26,241,124,20143
2025-07-11,argo,com.vrem.wifianalyzer.settings,Settings,connectionViewType,1,0,1.0,1,1.0,0,0,1,0,1,0,1,1,0.0,1,0,0,4,0.0,0,2.3333333333333335,0,0,0.0,0,0.0,0.3225806451612903,94,54,0.4838709677419355,31,0,0,0,0,21,0,0,3,0,0,3,3,3,0,0,33,0.9763440860215054,33,1.064516129032258,31,0,0,0,28,3,0,28,8,1,0,0,0,0,0,31,31,4,1420,1300,15,0,0,109,1.1,123,0,1547,26,241,124,20143
2025-07-11,argo,com.vrem.wifianalyzer.settings,Settings,channelGraphLegend,1,0,1.0,1,1.0,0,0,1,0,1,0,1,1,0.0,1,0,0,4,0.0,0,2.3333333333333335,0,0,0.0,0,0.0,0.3225806451612903,94,54,0.4838709677419355,31,0,0,0,0,21,0,0,3,0,0,3,3,3,0,0,33,0.9763440860215054,33,1.064516129032258,31,0,0,0,28,3,0,28,8,1,0,0,0,0,0,31,31,4,1420,1300,15,0,0,109,1.1,123,0,1547,26,241,124,20143
2025-07-11,argo,com.vrem.wifianalyzer.settings,Settings,timeGraphLegend,1,0,1.0,1,1.0,0,0,1,0,1,0,1,1,0.0,1,0,0,4,0.0,0,2.3333333333333335,0,0,0.0,0,0.0,0.3225806451612903,94,54,0.4838709677419355,31,0,0,0,0,21,0,0,3,0,0,3,3,3,0,0,33,0.9763440860215054,33,1.064516129032258,31,0,0,0,28,3,0,28,8,1,0,0,0,0,0,31,31,4,1420,1300,15,0,0,109,1.1,123,0,1547,26,241,124,20143
2025-07-11,argo,com.vrem.wifianalyzer.settings,Settings,wiFiBand,1,0,1.0,1,1.0,0,0,1,0,1,0,1,1,0.0,1,0,0,4,0.0,0,2.3333333333333335,0,0,0.0,0,0.0,0.3225806451612903,94,54,0.4838709677419355,31,0,0,0,0,21,0,0,3,0,0,3,3,3,0,0,33,0.9763440860215054,33,1.064516129032258,31,0,0,0,28,3,0,28,8,1,0,0,0,0,0,31,31,4,1420,1300,15,0,0,109,1.1,123,0,1547,26,241,124,20143
2025-07-11,argo,com.vrem.wifianalyzer.settings,Settings,wiFiOffOnExit,3,0,0.0,1,1.0,0,0,1,0,5,1,3,0,0.0,0,0,0,7,0.0,0,4.0,0,0,0.0,0,0.0,0.3225806451612903,94,54,0.4838709677419355,31,0,0,0,0,21,0,0,3,0,0,3,3,3,0,0,33,0.9763440860215054,33,1.064516129032258,31,0,0,0,28,3,0,28,8,1,0,0,0,0,0,31,31,4,1420,1300,15,0,0,109,1.1,123,0,1547,26,241,124,20143
2025-07-11,argo,com.vrem.wifianalyzer.settings,Settings,keepScreenOn,1,0,0.0,1,1.0,0,0,1,0,1,0,1,0,0.0,0,0,0,6,0.0,0,4.0,0,0,0.0,0,0.0,0.3225806451612903,94,54,0.4838709677419355,31,0,0,0,0,21,0,0,3,0,0,3,3,3,0,0,33,0.9763440860215054,33,1.064516129032258,31,0,0,0,28,3,0,28,8,1,0,0,0,0,0,31,31,4,1420,1300,15,0,0,109,1.1,123,0,1547,26,241,124,20143
2025-07-11,argo,com.vrem.wifianalyzer.settings,Settings,themeStyle,1,0,1.0,1,1.0,0,0,1,0,1,0,1,1,0.0,1,0,0,4,0.0,0,2.3333333333333335,0,0,0.0,0,0.0,0.3225806451612903,94,54,0.4838709677419355,31,0,0,0,0,21,0,0,3,0,0,3,3,3,0,0,33,0.9763440860215054,33,1.064516129032258,31,0,0,0,28,3,0,28,8,1,0,0,0,0,0,31,31,4,1420,1300,15,0,0,109,1.1,123,0,1547,26,241,124,20143
2025-07-11,argo,com.vrem.wifianalyzer.settings,Settings,selectedMenu,1,0,1.0,1,1.0,0,0,1,0,1,0,1,1,0.0,1,0,0,4,0.0,0,2.3333333333333335,0,0,0.0,0,0.0,0.3225806451612903,94,54,0.4838709677419355,31,0,0,0,0,21,0,0,3,0,0,3,3,3,0,0,33,0.9763440860215054,33,1.064516129032258,31,0,0,0,28,3,0,28,8,1,0,0,0,0,0,31,31,4,1420,1300,15,0,0,109,1.1,123,0,1547,26,241,124,20143
2025-07-11,argo,com.vrem.wifianalyzer.settings,Settings,saveSelectedMenu,2,0,0.0,2,1.0,0,0,1,0,5,1,2,0,0.0,0,0,0,5,0.0,1,2.6666666666666665,1,0,0.0,0,0.0,0.3225806451612903,94,54,0.4838709677419355,31,0,0,0,0,21,0,0,3,0,0,3,3,3,0,0,33,0.9763440860215054,33,1.064516129032258,31,0,0,0,28,3,0,28,8,1,0,0,0,0,0,31,31,4,1420,1300,15,0,0,109,1.1,123,0,1547,26,241,124,20143
2025-07-11,argo,com.vrem.wifianalyzer.settings,Settings,findSSIDs,1,0,0.0,1,1.0,0,0,1,0,1,0,1,0,0.0,0,0,0,3,0.0,0,4.0,0,0,0.0,0,0.0,0.3225806451612903,94,54,0.4838709677419355,31,0,0,0,0,21,0,0,3,0,0,3,3,3,0,0,33,0.9763440860215054,33,1.064516129032258,31,0,0,0,28,3,0,28,8,1,0,0,0,0,0,31,31,4,1420,1300,15,0,0,109,1.1,123,0,1547,26,241,124,20143
2025-07-11,argo,com.vrem.wifianalyzer.settings,Settings,saveSSIDs,1,0,0.0,1,1.0,0,0,1,0,1,0,1,0,0.0,0,0,0,3,0.0,0,4.0,1,0,0.0,0,0.0,0.3225806451612903,94,54,0.4838709677419355,31,0,0,0,0,21,0,0,3,0,0,3,3,3,0,0,33,0.9763440860215054,33,1.064516129032258,31,0,0,0,28,3,0,28,8,1,0,0,0,0,0,31,31,4,1420,1300,15,0,0,109,1.1,123,0,1547,26,241,124,20143
2025-07-11,argo,com.vrem.wifianalyzer.settings,Settings,findWiFiBands,1,0,1.0,1,1.0,0,0,1,0,1,0,1,2,0.0,1,0,0,4,0.0,0,2.3333333333333335,0,0,0.0,0,0.0,0.3225806451612903,94,54,0.4838709677419355,31,0,0,0,0,21,0,0,3,0,0,3,3,3,0,0,33,0.9763440860215054,33,1.064516129032258,31,0,0,0,28,3,0,28,8,1,0,0,0,0,0,31,31,4,1420,1300,15,0,0,109,1.1,123,0,1547,26,241,124,20143
2025-07-11,argo,com.vrem.wifianalyzer.settings,Settings,saveWiFiBands,1,0,1.0,1,1.0,0,0,1,0,1,0,1,1,0.0,1,0,0,2,0.0,0,3.0,1,0,0.0,0,0.0,0.3225806451612903,94,54,0.4838709677419355,31,0,0,0,0,21,0,0,3,0,0,3,3,3,0,0,33,0.9763440860215054,33,1.064516129032258,31,0,0,0,28,3,0,28,8,1,0,0,0,0,0,31,31,4,1420,1300,15,0,0,109,1.1,123,0,1547,26,241,124,20143
2025-07-11,argo,com.vrem.wifianalyzer.settings,Settings,findStrengths,1,0,1.0,1,1.0,0,0,1,0,1,0,1,2,0.0,1,0,0,4,0.0,0,2.3333333333333335,0,0,0.0,0,0.0,0.3225806451612903,94,54,0.4838709677419355,31,0,0,0,0,21,0,0,3,0,0,3,3,3,0,0,33,0.9763440860215054,33,1.064516129032258,31,0,0,0,28,3,0,28,8,1,0,0,0,0,0,31,31,4,1420,1300,15,0,0,109,1.1,123,0,1547,26,241,124,20143
2025-07-11,argo,com.vrem.wifianalyzer.settings,Settings,saveStrengths,1,0,1.0,1,1.0,0,0,1,0,1,0,1,1,0.0,1,0,0,2,0.0,0,3.0,1,0,0.0,0,0.0,0.3225806451612903,94,54,0.4838709677419355,31,0,0,0,0,21,0,0,3,0,0,3,3,3,0,0,33,0.9763440860215054,33,1.064516129032258,31,0,0,0,28,3,0,28,8,1,0,0,0,0,0,31,31,4,1420,1300,15,0,0,109,1.1,123,0,1547,26,241,124,20143
2025-07-11,argo,com.vrem.wifianalyzer.settings,Settings,findSecurities,1,0,1.0,1,1.0,0,0,1,0,1,0,1,2,0.0,1,0,0,4,0.0,0,2.3333333333333335,0,0,0.0,0,0.0,0.3225806451612903,94,54,0.4838709677419355,31,0,0,0,0,21,0,0,3,0,0,3,3,3,0,0,33,0.9763440860215054,33,1.064516129032258,31,0,0,0,28,3,0,28,8,1,0,0,0,0,0,31,31,4,1420,1300,15,0,0,109,1.1,123,0,1547,26,241,124,20143
2025-07-11,argo,com.vrem.wifianalyzer.settings,Settings,saveSecurities,1,0,1.0,1,1.0,0,0,1,0,1,0,1,1,0.0,1,0,0,2,0.0,0,3.0,1,0,0.0,0,0.0,0.3225806451612903,94,54,0.4838709677419355,31,0,0,0,0,21,0,0,3,0,0,3,3,3,0,0,33,0.9763440860215054,33,1.064516129032258,31,0,0,0,28,3,0,28,8,1,0,0,0,0,0,31,31,4,1420,1300,15,0,0,109,1.1,123,0,1547,26,241,124,20143
2025-07-11,argo,com.vrem.wifianalyzer.settings,Settings,find,1,1,0.0,1,1.0,0,0,1,0,4,0,1,1,0.0,0,0,0,3,0.0,0,2.0,3,0,0.0,0,0.0,0.3225806451612903,94,54,0.4838709677419355,31,0,0,0,0,21,0,0,3,0,0,3,3,3,0,0,33,0.9763440860215054,33,1.064516129032258,31,0,0,0,28,3,0,28,8,1,0,0,0,0,0,31,31,4,1420,1300,15,0,0,109,1.1,123,0,1547,26,241,124,20143
2025-07-11,argo,com.vrem.wifianalyzer.settings,Settings,findSet,1,2,0.0,1,1.0,0,0,1,0,5,0,1,2,0.0,1,0,0,3,0.0,1,2.0,3,0,0.0,0,0.0,0.3225806451612903,94,54,0.4838709677419355,31,0,0,0,0,21,0,0,3,0,0,3,3,3,0,0,33,0.9763440860215054,33,1.064516129032258,31,0,0,0,28,3,0,28,8,1,0,0,0,0,0,31,31,4,1420,1300,15,0,0,109,1.1,123,0,1547,26,241,124,20143
2025-07-11,argo,com.vrem.wifianalyzer.settings,Settings,saveSet,1,0,0.0,1,1.0,0,0,1,0,1,0,1,0,0.0,0,0,0,1,0.0,1,2.0,2,0,0.0,0,0.0,0.3225806451612903,94,54,0.4838709677419355,31,0,0,0,0,21,0,0,3,0,0,3,3,3,0,0,33,0.9763440860215054,33,1.064516129032258,31,0,0,0,28,3,0,28,8,1,0,0,0,0,0,31,31,4,1420,1300,15,0,0,109,1.1,123,0,1547,26,241,124,20143
2025-07-11,argo,com.vrem.wifianalyzer.settings,SettingsFragment,onCreatePreferences,1,0,0.0,0,0.0,1,1,1,0,3,0,1,1,0.0,1,0,1,0,0.0,0,0.0,2,1,0.0,0,0.0,0.6666666666666666,20,12,0.0,3,0,2,1,0,4,2,0,0,0,0,0,0,0,0,0,4,0.6666666666666667,4,1.3333333333333333,3,2,0,0,2,1,0,2,1,1,0,0,0,0,0,3,3,4,1420,1300,15,0,2,11,1.3333333333333333,123,0,1547,26,241,124,20143
2025-07-11,argo,com.vrem.wifianalyzer.settings,SettingsFragment,onPreferenceTreeClick,2,0,0.0,3,1.0,1,1,1,0,9,1,2,1,0.0,2,0,0,6,0.0,1,2.4,1,0,0.0,0,0.0,0.6666666666666666,20,12,0.0,3,0,2,1,0,4,2,0,0,0,0,0,0,0,0,0,4,0.6666666666666667,4,1.3333333333333333,3,2,0,0,2,1,0,2,1,1,0,0,0,0,0,3,3,4,1420,1300,15,0,2,11,1.3333333333333333,123,0,1547,26,241,124,20143
2025-07-11,argo,com.vrem.wifianalyzer.settings,SettingsFragment,setupPreferences,1,0,0.0,2,1.0,1,1,1,0,4,0,1,0,0.0,0,0,1,5,0.0,0,3.5,0,1,0.0,0,0.0,0.6666666666666666,20,12,0.0,3,0,2,1,0,4,2,0,0,0,0,0,0,0,0,0,4,0.6666666666666667,4,1.3333333333333333,3,2,0,0,2,1,0,2,1,1,0,0,0,0,0,3,3,4,1420,1300,15,0,2,11,1.3333333333333333,123,0,1547,26,241,124,20143
2025-07-11,argo,com.vrem.wifianalyzer.vendor,VendorAdapter,getView,1,1,0.0,3,1.0,0,1,2,2,8,0,1,0,0.0,1,0,1,6,0.0,1,2.5,3,1,0.0,0,0.0,0.3333333333333333,37,5,0.0,3,0,1,1,0,6,3,0,0,0,0,0,0,0,0,0,3,1.0,3,1.0,3,1,0,0,2,1,0,2,1,1,0,0,0,0,0,3,3,4,1420,1300,4,0,3,11,1.0,10,0,340,26,241,15,20143
2025-07-11,argo,com.vrem.wifianalyzer.vendor,VendorAdapter,update,1,0,0.0,1,1.0,0,1,2,2,4,0,1,0,0.0,0,0,2,2,0.0,1,2.0,1,2,0.0,0,0.0,0.3333333333333333,37,5,0.0,3,0,1,1,0,6,3,0,0,0,0,0,0,0,0,0,3,1.0,3,1.0,3,1,0,0,2,1,0,2,1,1,0,0,0,0,0,3,3,4,1420,1300,4,0,3,11,1.0,10,0,340,26,241,15,20143
2025-07-11,argo,com.vrem.wifianalyzer.vendor,VendorAdapter,create,1,0,0.0,1,1.0,0,1,2,2,1,0,1,0,0.0,0,0,0,3,0.0,0,4.0,1,0,0.0,0,0.0,0.3333333333333333,37,5,0.0,3,0,1,1,0,6,3,0,0,0,0,0,0,0,0,0,3,1.0,3,1.0,3,1,0,0,2,1,0,2,1,1,0,0,0,0,0,3,3,4,1420,1300,4,0,3,11,1.0,10,0,340,26,241,15,20143
2025-07-11,argo,com.vrem.wifianalyzer.vendor,VendorFragment,onCreateView,1,2,0.0,3,1.0,1,0,2,0,7,0,1,0,0.0,0,0,2,5,0.0,1,2.5,3,1,0.0,0,0.0,1.0,18,7,0.0,1,0,1,1,0,4,1,0,0,0,0,0,0,0,0,0,1,0.0,1,1.0,1,1,0,0,1,0,0,1,1,1,0,0,0,0,0,3,3,4,1420,1300,4,0,2,5,1.0,10,0,340,26,241,15,20143
2025-07-11,argo,com.vrem.wifianalyzer.vendor.model,VendorService,findVendorName,1,0,0.0,1,1.0,0,0,2,0,1,0,1,0,0.5,0,1,0,3,1.0,0,4.0,1,0,0.0,0,0.2857142857142857,0.2857142857142857,32,20,0.42857142857142855,7,1,0,0,0,5,1,0,1,0,0,1,0,0,0,0,7,0.9523809523809523,7,1.0,7,0,1,0,3,3,0,3,1,1,0,0,0,0,0,7,7,4,1420,1300,3,0,1,34,1.0,24,0,323,26,241,22,20143
2025-07-11,argo,com.vrem.wifianalyzer.vendor.model,VendorService,findMacAddresses,1,0,0.0,1,1.0,0,0,2,0,1,0,1,0,0.5,0,1,0,4,1.0,0,5.0,1,0,0.0,0,0.2857142857142857,0.2857142857142857,32,20,0.42857142857142855,7,1,0,0,0,5,1,0,1,0,0,1,0,0,0,0,7,0.9523809523809523,7,1.0,7,0,1,0,3,3,0,3,1,1,0,0,0,0,0,7,7,4,1420,1300,3,0,1,34,1.0,24,0,323,26,241,22,20143
2025-07-11,argo,com.vrem.wifianalyzer.vendor.model,VendorService,findVendors,1,1,1.0,2,1.0,0,0,2,0,4,0,1,1,0.5,1,1,0,6,0.5,0,3.0,1,0,0.0,0,0.2857142857142857,0.2857142857142857,32,20,0.42857142857142855,7,1,0,0,0,5,1,0,1,0,0,1,0,0,0,0,7,0.9523809523809523,7,1.0,7,0,1,0,3,3,0,3,1,1,0,0,0,0,0,7,7,4,1420,1300,3,0,1,34,1.0,24,0,323,26,241,22,20143
2025-07-11,argo,com.vrem.wifianalyzer.vendor.model,VendorService,findMacs,1,0,0.0,1,1.0,0,0,2,0,1,0,1,0,1.0,0,1,0,3,1.0,0,4.0,0,0,0.0,0,0.2857142857142857,0.2857142857142857,32,20,0.42857142857142855,7,1,0,0,0,5,1,0,1,0,0,1,0,0,0,0,7,0.9523809523809523,7,1.0,7,0,1,0,3,3,0,3,1,1,0,0,0,0,0,7,7,4,1420,1300,3,0,1,34,1.0,24,0,323,26,241,22,20143
2025-07-11,argo,com.vrem.wifianalyzer.vendor.model,VendorService,filter,1,0,1.0,1,1.0,0,0,2,0,1,0,1,2,0.0,1,0,0,1,0.0,1,2.0,2,0,0.0,0,0.2857142857142857,0.2857142857142857,32,20,0.42857142857142855,7,1,0,0,0,5,1,0,1,0,0,1,0,0,0,0,7,0.9523809523809523,7,1.0,7,0,1,0,3,3,0,3,1,1,0,0,0,0,0,7,7,4,1420,1300,3,0,1,34,1.0,24,0,323,26,241,22,20143
2025-07-11,argo,com.vrem.wifianalyzer.vendor.model,VendorService,macContains,1,0,1.0,1,1.0,0,0,2,0,1,0,1,1,0.0,1,0,0,2,0.0,0,2.0,2,0,0.0,0,0.2857142857142857,0.2857142857142857,32,20,0.42857142857142855,7,1,0,0,0,5,1,0,1,0,0,1,0,0,0,0,7,0.9523809523809523,7,1.0,7,0,1,0,3,3,0,3,1,1,0,0,0,0,0,7,7,4,1420,1300,3,0,1,34,1.0,24,0,323,26,241,22,20143
2025-07-11,argo,com.vrem.wifianalyzer.vendor.model,VendorService,load,1,4,0.0,3,1.0,0,0,2,0,11,0,1,0,0.0,0,0,1,15,0.0,1,2.4444444444444446,1,1,0.0,0,0.2857142857142857,0.2857142857142857,32,20,0.42857142857142855,7,1,0,0,0,5,1,0,1,0,0,1,0,0,0,0,7,0.9523809523809523,7,1.0,7,0,1,0,3,3,0,3,1,1,0,0,0,0,0,7,7,4,1420,1300,3,0,1,34,1.0,24,0,323,26,241,22,20143
2025-07-11,argo,com.vrem.wifianalyzer.wifi.accesspoint,AccessPointDetail,makeView,1,1,0.0,2,1.0,0,16,1,0,7,0,1,3,0.0,3,0,3,4,0.0,0,3.0,5,3,0.0,0,0.0,0.8421052631578947,104,26,0.3333333333333333,19,0,0,0,0,9,12,0,0,0,0,0,0,0,0,0,19,0.631578947368421,19,1.0,19,0,0,0,2,17,0,2,2,1,0,0,0,0,0,19,19,4,1420,1300,20,0,14,164,1.4210526315789473,141,0,2502,26,241,184,20143
2025-07-11,argo,com.vrem.wifianalyzer.wifi.accesspoint,AccessPointDetail,makeViewDetailed,1,1,1.0,4,1.0,0,16,1,0,15,0,1,11,0.0,11,0,11,8,0.0,0,2.4444444444444446,1,11,0.0,0,0.0,0.8421052631578947,104,26,0.3333333333333333,19,0,0,0,0,9,12,0,0,0,0,0,0,0,0,0,19,0.631578947368421,19,1.0,19,0,0,0,2,17,0,2,2,1,0,0,0,0,0,19,19,4,1420,1300,20,0,14,164,1.4210526315789473,141,0,2502,26,241,184,20143
2025-07-11,argo,com.vrem.wifianalyzer.wifi.accesspoint,AccessPointDetail,enableTextSelection,1,0,0.0,2,1.0,0,16,1,0,4,0,1,0,0.0,0,0,0,7,0.0,1,4.0,1,0,0.0,0,0.0,0.8421052631578947,104,26,0.3333333333333333,19,0,0,0,0,9,12,0,0,0,0,0,0,0,0,0,19,0.631578947368421,19,1.0,19,0,0,0,2,17,0,2,2,1,0,0,0,0,0,19,19,4,1420,1300,20,0,14,164,1.4210526315789473,141,0,2502,26,241,184,20143
2025-07-11,argo,com.vrem.wifianalyzer.wifi.accesspoint,AccessPointDetail,setViewCompact,3,1,0.0,2,0.5,0,16,1,0,10,0,3,2,0.0,2,0,0,20,0.0,0,3.3076923076923075,3,0,0.0,0,0.0,0.8421052631578947,104,26,0.3333333333333333,19,0,0,0,0,9,12,0,0,0,0,0,0,0,0,0,19,0.631578947368421,19,1.0,19,0,0,0,2,17,0,2,2,1,0,0,0,0,0,19,19,4,1420,1300,20,0,14,164,1.4210526315789473,141,0,2502,26,241,184,20143
2025-07-11,argo,com.vrem.wifianalyzer.wifi.accesspoint,AccessPointDetail,setSecurityImage,1,1,0.0,2,1.0,0,16,1,0,5,0,1,0,0.0,0,0,0,6,0.0,0,3.0,2,0,0.0,0,0.0,0.8421052631578947,104,26,0.3333333333333333,19,0,0,0,0,9,12,0,0,0,0,0,0,0,0,0,19,0.631578947368421,19,1.0,19,0,0,0,2,17,0,2,2,1,0,0,0,0,0,19,19,4,1420,1300,20,0,14,164,1.4210526315789473,141,0,2502,26,241,184,20143
2025-07-11,argo,com.vrem.wifianalyzer.wifi.accesspoint,AccessPointDetail,setViewExtra,1,1,0.0,1,1.0,0,16,1,0,8,0,1,3,0.0,3,0,0,10,0.0,0,3.5714285714285716,2,0,0.0,0,0.0,0.8421052631578947,104,26,0.3333333333333333,19,0,0,0,0,9,12,0,0,0,0,0,0,0,0,0,19,0.631578947368421,19,1.0,19,0,0,0,2,17,0,2,2,1,0,0,0,0,0,19,19,4,1420,1300,20,0,14,164,1.4210526315789473,141,0,2502,26,241,184,20143
2025-07-11,argo,com.vrem.wifianalyzer.wifi.accesspoint,AccessPointDetail,setWiFiWidth,1,0,0.0,1,1.0,0,16,1,0,1,0,1,0,0.0,0,0,0,9,0.0,0,3.25,2,0,0.0,0,0.0,0.8421052631578947,104,26,0.3333333333333333,19,0,0,0,0,9,12,0,0,0,0,0,0,0,0,0,19,0.631578947368421,19,1.0,19,0,0,0,2,17,0,2,2,1,0,0,0,0,0,19,19,4,1420,1300,20,0,14,164,1.4210526315789473,141,0,2502,26,241,184,20143
2025-07-11,argo,com.vrem.wifianalyzer.wifi.accesspoint,AccessPointDetail,setWiFiStandardImage,1,0,0.0,1,1.0,0,16,1,0,1,0,1,0,0.0,0,0,0,10,0.0,0,3.5,2,0,0.0,0,0.0,0.8421052631578947,104,26,0.3333333333333333,19,0,0,0,0,9,12,0,0,0,0,0,0,0,0,0,19,0.631578947368421,19,1.0,19,0,0,0,2,17,0,2,2,1,0,0,0,0,0,19,19,4,1420,1300,20,0,14,164,1.4210526315789473,141,0,2502,26,241,184,20143
2025-07-11,argo,com.vrem.wifianalyzer.wifi.accesspoint,AccessPointDetail,setLevelText,1,0,0.0,2,1.0,0,16,1,0,4,0,1,0,0.0,0,0,0,9,0.0,0,3.2,2,0,0.0,0,0.0,0.8421052631578947,104,26,0.3333333333333333,19,0,0,0,0,9,12,0,0,0,0,0,0,0,0,0,19,0.631578947368421,19,1.0,19,0,0,0,2,17,0,2,2,1,0,0,0,0,0,19,19,4,1420,1300,20,0,14,164,1.4210526315789473,141,0,2502,26,241,184,20143
2025-07-11,argo,com.vrem.wifianalyzer.wifi.accesspoint,AccessPointDetail,setLevelImage,1,1,0.0,3,0.6667,0,16,1,0,6,0,1,0,0.0,0,0,0,10,0.0,0,2.857142857142857,2,0,0.0,0,0.0,0.8421052631578947,104,26,0.3333333333333333,19,0,0,0,0,9,12,0,0,0,0,0,0,0,0,0,19,0.631578947368421,19,1.0,19,0,0,0,2,17,0,2,2,1,0,0,0,0,0,19,19,4,1420,1300,20,0,14,164,1.4210526315789473,141,0,2502,26,241,184,20143
2025-07-11,argo,com.vrem.wifianalyzer.wifi.accesspoint,AccessPointDetail,setViewVendorShort,3,0,0.0,1,1.0,0,16,1,0,6,0,3,0,0.0,0,0,0,6,0.0,0,2.5,2,0,0.0,0,0.0,0.8421052631578947,104,26,0.3333333333333333,19,0,0,0,0,9,12,0,0,0,0,0,0,0,0,0,19,0.631578947368421,19,1.0,19,0,0,0,2,17,0,2,2,1,0,0,0,0,0,19,19,4,1420,1300,20,0,14,164,1.4210526315789473,141,0,2502,26,241,184,20143
2025-07-11,argo,com.vrem.wifianalyzer.wifi.accesspoint,AccessPointDetail,setViewCapabilitiesLong,1,0,0.0,1,1.0,0,16,1,0,1,0,1,0,0.0,0,0,0,6,0.0,0,3.0,2,0,0.0,0,0.0,0.8421052631578947,104,26,0.3333333333333333,19,0,0,0,0,9,12,0,0,0,0,0,0,0,0,0,19,0.631578947368421,19,1.0,19,0,0,0,2,17,0,2,2,1,0,0,0,0,0,19,19,4,1420,1300,20,0,14,164,1.4210526315789473,141,0,2502,26,241,184,20143
2025-07-11,argo,com.vrem.wifianalyzer.wifi.accesspoint,AccessPointDetail,setViewSecurityTypes,1,0,0.0,1,1.0,0,16,1,0,1,0,1,0,0.0,0,0,0,7,0.0,0,3.3333333333333335,2,0,0.0,0,0.0,0.8421052631578947,104,26,0.3333333333333333,19,0,0,0,0,9,12,0,0,0,0,0,0,0,0,0,19,0.631578947368421,19,1.0,19,0,0,0,2,17,0,2,2,1,0,0,0,0,0,19,19,4,1420,1300,20,0,14,164,1.4210526315789473,141,0,2502,26,241,184,20143
2025-07-11,argo,com.vrem.wifianalyzer.wifi.accesspoint,AccessPointDetail,setViewVendorLong,3,0,0.0,1,1.0,0,16,1,0,6,0,3,0,0.0,0,0,0,6,0.0,0,2.5,2,0,0.0,0,0.0,0.8421052631578947,104,26,0.3333333333333333,19,0,0,0,0,9,12,0,0,0,0,0,0,0,0,0,19,0.631578947368421,19,1.0,19,0,0,0,2,17,0,2,2,1,0,0,0,0,0,19,19,4,1420,1300,20,0,14,164,1.4210526315789473,141,0,2502,26,241,184,20143
2025-07-11,argo,com.vrem.wifianalyzer.wifi.accesspoint,AccessPointDetail,setViewWiFiBand,1,0,0.0,1,1.0,0,16,1,0,1,0,1,0,0.0,0,0,0,6,0.0,0,7.0,2,0,0.0,0,0.0,0.8421052631578947,104,26,0.3333333333333333,19,0,0,0,0,9,12,0,0,0,0,0,0,0,0,0,19,0.631578947368421,19,1.0,19,0,0,0,2,17,0,2,2,1,0,0,0,0,0,19,19,4,1420,1300,20,0,14,164,1.4210526315789473,141,0,2502,26,241,184,20143
2025-07-11,argo,com.vrem.wifianalyzer.wifi.accesspoint,AccessPointDetail,setViewFastRoaming,1,0,0.0,1,1.0,0,16,1,0,1,0,1,0,0.0,0,0,0,8,0.0,0,3.6666666666666665,2,0,0.0,0,0.0,0.8421052631578947,104,26,0.3333333333333333,19,0,0,0,0,9,12,0,0,0,0,0,0,0,0,0,19,0.631578947368421,19,1.0,19,0,0,0,2,17,0,2,2,1,0,0,0,0,0,19,19,4,1420,1300,20,0,14,164,1.4210526315789473,141,0,2502,26,241,184,20143
2025-07-11,argo,com.vrem.wifianalyzer.wifi.accesspoint,AccessPointDetail,setViewWiFiStandard,1,0,0.0,1,1.0,0,16,1,0,1,0,1,0,0.0,0,0,0,7,0.0,0,8.0,2,0,0.0,0,0.0,0.8421052631578947,104,26,0.3333333333333333,19,0,0,0,0,9,12,0,0,0,0,0,0,0,0,0,19,0.631578947368421,19,1.0,19,0,0,0,2,17,0,2,2,1,0,0,0,0,0,19,19,4,1420,1300,20,0,14,164,1.4210526315789473,141,0,2502,26,241,184,20143
2025-07-11,argo,com.vrem.wifianalyzer.wifi.accesspoint,AccessPointDetail,setView80211mc,3,0,0.0,1,1.0,0,16,1,0,1,0,3,0,0.0,0,0,0,9,0.0,0,2.8,2,0,0.0,0,0.0,0.8421052631578947,104,26,0.3333333333333333,19,0,0,0,0,9,12,0,0,0,0,0,0,0,0,0,19,0.631578947368421,19,1.0,19,0,0,0,2,17,0,2,2,1,0,0,0,0,0,19,19,4,1420,1300,20,0,14,164,1.4210526315789473,141,0,2502,26,241,184,20143
2025-07-11,argo,com.vrem.wifianalyzer.wifi.accesspoint,AccessPointDetail,setViewWiFiChannelPair,1,0,0.0,1,1.0,0,16,1,0,5,0,1,0,0.0,0,0,0,16,0.0,0,3.375,2,0,0.0,0,0.0,0.8421052631578947,104,26,0.3333333333333333,19,0,0,0,0,9,12,0,0,0,0,0,0,0,0,0,19,0.631578947368421,19,1.0,19,0,0,0,2,17,0,2,2,1,0,0,0,0,0,19,19,4,1420,1300,20,0,14,164,1.4210526315789473,141,0,2502,26,241,184,20143
2025-07-11,argo,com.vrem.wifianalyzer.wifi.accesspoint,AccessPointPopup,show,1,1,0.0,1,1.0,0,0,1,0,5,0,1,0,0.0,1,0,1,10,0.0,1,3.5,1,1,0.0,0,0.0,0.5,13,10,0.5,2,0,0,0,0,3,2,0,0,0,0,0,0,0,0,0,2,1.0,2,1.0,2,0,0,0,2,0,0,2,0,1,0,0,0,0,0,2,2,4,1420,1300,20,0,2,12,2.0,141,0,2502,26,241,184,20143
2025-07-11,argo,com.vrem.wifianalyzer.wifi.accesspoint,AccessPointPopup,attach,3,0,1.0,1,1.0,0,0,1,0,5,0,3,1,0.0,1,0,1,2,0.0,1,2.0,2,1,0.0,0,0.0,0.5,13,10,0.5,2,0,0,0,0,3,2,0,0,0,0,0,0,0,0,0,2,1.0,2,1.0,2,0,0,0,2,0,0,2,0,1,0,0,0,0,0,2,2,4,1420,1300,20,0,2,12,2.0,141,0,2502,26,241,184,20143
2025-07-11,argo,com.vrem.wifianalyzer.wifi.accesspoint,AccessPointsAdapter,getGroupView,4,4,0.0,3,1.0,0,9,1,0,14,1,4,4,0.0,3,0,1,11,0.0,1,2.4444444444444446,4,1,0.0,0,0.0,0.21428571428571427,58,13,0.0,14,1,13,1,0,8,4,0,0,0,0,0,0,0,1,0,15,0.9560439560439561,15,1.0714285714285714,14,13,1,0,13,1,0,13,0,1,0,0,0,0,0,14,14,4,1420,1300,20,0,6,36,1.2142857142857142,141,0,2502,26,241,184,20143
2025-07-11,argo,com.vrem.wifianalyzer.wifi.accesspoint,AccessPointsAdapter,getChildView,1,2,0.0,2,1.0,0,9,1,0,7,0,1,2,0.0,2,0,2,7,0.0,1,3.0,5,1,0.0,0,0.0,0.21428571428571427,58,13,0.0,14,1,13,1,0,8,4,0,0,0,0,0,0,0,1,0,15,0.9560439560439561,15,1.0714285714285714,14,13,1,0,13,1,0,13,0,1,0,0,0,0,0,14,14,4,1420,1300,20,0,6,36,1.2142857142857142,141,0,2502,26,241,184,20143
2025-07-11,argo,com.vrem.wifianalyzer.wifi.accesspoint,AccessPointsAdapter,update,1,0,0.0,0,0.0,0,9,1,0,4,0,1,0,0.5,1,1,2,2,1.0,1,2.0,1,2,0.0,0,0.0,0.21428571428571427,58,13,0.0,14,1,13,1,0,8,4,0,0,0,0,0,0,0,1,0,15,0.9560439560439561,15,1.0714285714285714,14,13,1,0,13,1,0,13,0,1,0,0,0,0,0,14,14,4,1420,1300,20,0,6,36,1.2142857142857142,141,0,2502,26,241,184,20143
2025-07-11,argo,com.vrem.wifianalyzer.wifi.accesspoint,AccessPointsAdapter,getGroupCount,1,0,0.0,1,1.0,0,9,1,0,1,0,1,0,0.0,0,0,0,1,0.0,1,2.0,0,0,0.0,0,0.0,0.21428571428571427,58,13,0.0,14,1,13,1,0,8,4,0,0,0,0,0,0,0,1,0,15,0.9560439560439561,15,1.0714285714285714,14,13,1,0,13,1,0,13,0,1,0,0,0,0,0,14,14,4,1420,1300,20,0,6,36,1.2142857142857142,141,0,2502,26,241,184,20143
2025-07-11,argo,com.vrem.wifianalyzer.wifi.accesspoint,AccessPointsAdapter,getChildrenCount,1,0,0.0,1,1.0,0,9,1,0,1,0,1,0,0.0,0,0,0,1,0.0,1,2.0,1,0,0.0,0,0.0,0.21428571428571427,58,13,0.0,14,1,13,1,0,8,4,0,0,0,0,0,0,0,1,0,15,0.9560439560439561,15,1.0714285714285714,14,13,1,0,13,1,0,13,0,1,0,0,0,0,0,14,14,4,1420,1300,20,0,6,36,1.2142857142857142,141,0,2502,26,241,184,20143
2025-07-11,argo,com.vrem.wifianalyzer.wifi.accesspoint,AccessPointsAdapter,getGroup,1,0,0.0,1,1.0,0,9,1,0,1,0,1,0,0.0,0,0,0,1,0.0,1,2.0,1,0,0.0,0,0.0,0.21428571428571427,58,13,0.0,14,1,13,1,0,8,4,0,0,0,0,0,0,0,1,0,15,0.9560439560439561,15,1.0714285714285714,14,13,1,0,13,1,0,13,0,1,0,0,0,0,0,14,14,4,1420,1300,20,0,6,36,1.2142857142857142,141,0,2502,26,241,184,20143
2025-07-11,argo,com.vrem.wifianalyzer.wifi.accesspoint,AccessPointsAdapter,getChild,1,0,0.0,1,1.0,0,9,1,0,1,0,1,0,0.0,0,0,0,1,0.0,1,2.0,2,0,0.0,0,0.0,0.21428571428571427,58,13,0.0,14,1,13,1,0,8,4,0,0,0,0,0,0,0,1,0,15,0.9560439560439561,15,1.0714285714285714,14,13,1,0,13,1,0,13,0,1,0,0,0,0,0,14,14,4,1420,1300,20,0,6,36,1.2142857142857142,141,0,2502,26,241,184,20143
2025-07-11,argo,com.vrem.wifianalyzer.wifi.accesspoint,AccessPointsAdapter,getGroupId,1,0,0.0,1,1.0,0,9,1,0,1,0,1,0,0.0,0,0,0,1,0.0,1,2.0,1,0,0.0,0,0.0,0.21428571428571427,58,13,0.0,14,1,13,1,0,8,4,0,0,0,0,0,0,0,1,0,15,0.9560439560439561,15,1.0714285714285714,14,13,1,0,13,1,0,13,0,1,0,0,0,0,0,14,14,4,1420,1300,20,0,6,36,1.2142857142857142,141,0,2502,26,241,184,20143
2025-07-11,argo,com.vrem.wifianalyzer.wifi.accesspoint,AccessPointsAdapter,getChildId,1,0,0.0,1,1.0,0,9,1,0,1,0,1,0,0.0,0,0,0,1,0.0,1,2.0,2,0,0.0,0,0.0,0.21428571428571427,58,13,0.0,14,1,13,1,0,8,4,0,0,0,0,0,0,0,1,0,15,0.9560439560439561,15,1.0714285714285714,14,13,1,0,13,1,0,13,0,1,0,0,0,0,0,14,14,4,1420,1300,20,0,6,36,1.2142857142857142,141,0,2502,26,241,184,20143
2025-07-11,argo,com.vrem.wifianalyzer.wifi.accesspoint,AccessPointsAdapter,hasStableIds,1,0,0.0,0,0.0,0,9,1,0,1,0,1,0,0.0,0,0,0,0,0.0,0,0.0,0,0,0.0,0,0.0,0.21428571428571427,58,13,0.0,14,1,13,1,0,8,4,0,0,0,0,0,0,0,1,0,15,0.9560439560439561,15,1.0714285714285714,14,13,1,0,13,1,0,13,0,1,0,0,0,0,0,14,14,4,1420,1300,20,0,6,36,1.2142857142857142,141,0,2502,26,241,184,20143
2025-07-11,argo,com.vrem.wifianalyzer.wifi.accesspoint,AccessPointsAdapter,isChildSelectable,1,0,0.0,0,0.0,0,9,1,0,1,0,1,0,0.0,0,0,0,0,0.0,0,0.0,2,0,0.0,0,0.0,0.21428571428571427,58,13,0.0,14,1,13,1,0,8,4,0,0,0,0,0,0,0,1,0,15,0.9560439560439561,15,1.0714285714285714,14,13,1,0,13,1,0,13,0,1,0,0,0,0,0,14,14,4,1420,1300,20,0,6,36,1.2142857142857142,141,0,2502,26,241,184,20143
2025-07-11,argo,com.vrem.wifianalyzer.wifi.accesspoint,AccessPointsAdapter,onGroupCollapsed,1,0,0.0,0,0.0,0,9,1,0,1,0,1,0,0.0,1,0,0,1,0.0,1,2.0,1,0,0.0,0,0.0,0.21428571428571427,58,13,0.0,14,1,13,1,0,8,4,0,0,0,0,0,0,0,1,0,15,0.9560439560439561,15,1.0714285714285714,14,13,1,0,13,1,0,13,0,1,0,0,0,0,0,14,14,4,1420,1300,20,0,6,36,1.2142857142857142,141,0,2502,26,241,184,20143
2025-07-11,argo,com.vrem.wifianalyzer.wifi.accesspoint,AccessPointsAdapter,onGroupExpanded,1,0,0.0,0,0.0,0,9,1,0,1,0,1,0,0.0,1,0,0,1,0.0,1,2.0,1,0,0.0,0,0.0,0.21428571428571427,58,13,0.0,14,1,13,1,0,8,4,0,0,0,0,0,0,0,1,0,15,0.9560439560439561,15,1.0714285714285714,14,13,1,0,13,1,0,13,0,1,0,0,0,0,0,14,14,4,1420,1300,20,0,6,36,1.2142857142857142,141,0,2502,26,241,184,20143
2025-07-11,argo,com.vrem.wifianalyzer.wifi.accesspoint,AccessPointsAdapter,attachPopup,1,0,0.0,2,1.0,0,9,1,0,6,0,1,0,0.0,0,0,1,8,0.0,1,4.0,2,1,0.0,0,0.0,0.21428571428571427,58,13,0.0,14,1,13,1,0,8,4,0,0,0,0,0,0,0,1,0,15,0.9560439560439561,15,1.0714285714285714,14,13,1,0,13,1,0,13,0,1,0,0,0,0,0,14,14,4,1420,1300,20,0,6,36,1.2142857142857142,141,0,2502,26,241,184,20143
2025-07-11,argo,com.vrem.wifianalyzer.wifi.accesspoint,AccessPointsAdapterData,update,1,2,2.0,3,0.6667,0,0,1,0,8,0,1,1,0.0,3,0,3,10,0.0,1,2.5714285714285716,2,2,0.0,0,0.0,0.3333333333333333,34,24,0.2222222222222222,9,0,0,0,0,4,2,0,0,0,0,0,0,0,0,0,10,0.9166666666666666,10,1.1111111111111112,9,0,0,0,7,2,0,7,0,1,0,0,0,0,0,9,9,4,1420,1300,20,0,3,30,1.4444444444444444,141,0,2502,26,241,184,20143
2025-07-11,argo,com.vrem.wifianalyzer.wifi.accesspoint,AccessPointsAdapterData,parentsCount,1,0,0.0,0,0.0,0,0,1,0,1,0,1,0,0.0,0,0,0,0,0.0,0,2.0,0,0,0.0,0,0.0,0.3333333333333333,34,24,0.2222222222222222,9,0,0,0,0,4,2,0,0,0,0,0,0,0,0,0,10,0.9166666666666666,10,1.1111111111111112,9,0,0,0,7,2,0,7,0,1,0,0,0,0,0,9,9,4,1420,1300,20,0,3,30,1.4444444444444444,141,0,2502,26,241,184,20143
2025-07-11,argo,com.vrem.wifianalyzer.wifi.accesspoint,AccessPointsAdapterData,parent,1,0,0.0,1,1.0,0,0,1,0,1,0,1,0,0.0,0,0,0,2,0.0,0,2.0,1,0,0.0,0,0.0,0.3333333333333333,34,24,0.2222222222222222,9,0,0,0,0,4,2,0,0,0,0,0,0,0,0,0,10,0.9166666666666666,10,1.1111111111111112,9,0,0,0,7,2,0,7,0,1,0,0,0,0,0,9,9,4,1420,1300,20,0,3,30,1.4444444444444444,141,0,2502,26,241,184,20143
2025-07-11,argo,com.vrem.wifianalyzer.wifi.accesspoint,AccessPointsAdapterData,childrenCount,1,0,0.0,1,1.0,0,0,1,0,1,0,1,0,0.0,0,0,0,3,0.0,0,4.0,1,0,0.0,0,0.0,0.3333333333333333,34,24,0.2222222222222222,9,0,0,0,0,4,2,0,0,0,0,0,0,0,0,0,10,0.9166666666666666,10,1.1111111111111112,9,0,0,0,7,2,0,7,0,1,0,0,0,0,0,9,9,4,1420,1300,20,0,3,30,1.4444444444444444,141,0,2502,26,241,184,20143
2025-07-11,argo,com.vrem.wifianalyzer.wifi.accesspoint,AccessPointsAdapterData,child,1,0,0.0,1,1.0,0,0,1,0,1,0,1,0,0.0,0,0,0,4,0.0,0,3.0,2,0,0.0,0,0.0,0.3333333333333333,34,24,0.2222222222222222,9,0,0,0,0,4,2,0,0,0,0,0,0,0,0,0,10,0.9166666666666666,10,1.1111111111111112,9,0,0,0,7,2,0,7,0,1,0,0,0,0,0,9,9,4,1420,1300,20,0,3,30,1.4444444444444444,141,0,2502,26,241,184,20143
2025-07-11,argo,com.vrem.wifianalyzer.wifi.accesspoint,AccessPointsAdapterData,onGroupCollapsed,1,0,0.0,0,0.0,0,0,1,0,1,0,1,0,0.0,1,0,0,1,0.0,1,2.0,1,0,0.0,0,0.0,0.3333333333333333,34,24,0.2222222222222222,9,0,0,0,0,4,2,0,0,0,0,0,0,0,0,0,10,0.9166666666666666,10,1.1111111111111112,9,0,0,0,7,2,0,7,0,1,0,0,0,0,0,9,9,4,1420,1300,20,0,3,30,1.4444444444444444,141,0,2502,26,241,184,20143
2025-07-11,argo,com.vrem.wifianalyzer.wifi.accesspoint,AccessPointsAdapterData,onGroupExpanded,1,0,0.0,0,0.0,0,0,1,0,1,0,1,0,0.0,1,0,0,1,0.0,1,2.0,1,0,0.0,0,0.0,0.3333333333333333,34,24,0.2222222222222222,9,0,0,0,0,4,2,0,0,0,0,0,0,0,0,0,10,0.9166666666666666,10,1.1111111111111112,9,0,0,0,7,2,0,7,0,1,0,0,0,0,0,9,9,4,1420,1300,20,0,3,30,1.4444444444444444,141,0,2502,26,241,184,20143
2025-07-11,argo,com.vrem.wifianalyzer.wifi.accesspoint,AccessPointsAdapterData,calculateChildType,3,1,1.0,3,1.0,0,0,1,0,9,1,3,1,0.0,1,0,0,8,0.0,1,3.0,0,0,0.0,0,0.0,0.3333333333333333,34,24,0.2222222222222222,9,0,0,0,0,4,2,0,0,0,0,0,0,0,0,0,10,0.9166666666666666,10,1.1111111111111112,9,0,0,0,7,2,0,7,0,1,0,0,0,0,0,9,9,4,1420,1300,20,0,3,30,1.4444444444444444,141,0,2502,26,241,184,20143
2025-07-11,argo,com.vrem.wifianalyzer.wifi.accesspoint,AccessPointsAdapterData,type,3,0,0.0,0,0.0,0,0,1,0,1,1,3,0,0.0,0,0,0,1,0.0,0,0.0,1,0,0.0,0,0.0,0.3333333333333333,34,24,0.2222222222222222,9,0,0,0,0,4,2,0,0,0,0,0,0,0,0,0,10,0.9166666666666666,10,1.1111111111111112,9,0,0,0,7,2,0,7,0,1,0,0,0,0,0,9,9,4,1420,1300,20,0,3,30,1.4444444444444444,141,0,2502,26,241,184,20143
2025-07-11,argo,com.vrem.wifianalyzer.wifi.accesspoint,AccessPointsAdapterGroup,update,2,0,2.0,2,1.0,0,0,1,0,6,1,2,3,0.0,2,0,1,2,0.0,1,2.0,2,1,0.0,0,0.0,1.0,41,35,0.2,5,0,0,0,0,4,1,0,0,0,0,0,0,0,0,0,10,0.7,10,2.0,5,0,0,0,4,1,0,4,0,1,0,0,0,0,0,5,5,4,1420,1300,20,0,1,28,2.6,141,0,2502,26,241,184,20143
2025-07-11,argo,com.vrem.wifianalyzer.wifi.accesspoint,AccessPointsAdapterGroup,updateGroupBy,2,1,0.0,2,1.0,0,0,1,0,7,1,2,0,0.0,0,0,0,5,0.0,1,3.0,0,0,0.0,0,0.0,1.0,41,35,0.2,5,0,0,0,0,4,1,0,0,0,0,0,0,0,0,0,10,0.7,10,2.0,5,0,0,0,4,1,0,4,0,1,0,0,0,0,0,5,5,4,1420,1300,20,0,1,28,2.6,141,0,2502,26,241,184,20143
2025-07-11,argo,com.vrem.wifianalyzer.wifi.accesspoint,AccessPointsAdapterGroup,onGroupCollapsed,3,0,0.0,3,1.0,0,0,1,0,7,1,3,0,0.0,0,0,0,6,0.0,0,2.5,2,0,0.0,0,0.0,1.0,41,35,0.2,5,0,0,0,0,4,1,0,0,0,0,0,0,0,0,0,10,0.7,10,2.0,5,0,0,0,4,1,0,4,0,1,0,0,0,0,0,5,5,4,1420,1300,20,0,1,28,2.6,141,0,2502,26,241,184,20143
2025-07-11,argo,com.vrem.wifianalyzer.wifi.accesspoint,AccessPointsAdapterGroup,onGroupExpanded,3,0,0.0,3,1.0,0,0,1,0,7,1,3,0,0.0,0,0,0,6,0.0,0,2.5,2,0,0.0,0,0.0,1.0,41,35,0.2,5,0,0,0,0,4,1,0,0,0,0,0,0,0,0,0,10,0.7,10,2.0,5,0,0,0,4,1,0,4,0,1,0,0,0,0,0,5,5,4,1420,1300,20,0,1,28,2.6,141,0,2502,26,241,184,20143
2025-07-11,argo,com.vrem.wifianalyzer.wifi.accesspoint,AccessPointsAdapterGroup,toggle,3,1,0.0,5,0.8,0,0,1,0,8,1,3,0,0.0,0,0,0,9,0.0,1,2.5,2,0,0.0,0,0.0,1.0,41,35,0.2,5,0,0,0,0,4,1,0,0,0,0,0,0,0,0,0,10,0.7,10,2.0,5,0,0,0,4,1,0,4,0,1,0,0,0,0,0,5,5,4,1420,1300,20,0,1,28,2.6,141,0,2502,26,241,184,20143
2025-07-11,argo,com.vrem.wifianalyzer.wifi.accesspoint,AccessPointsFragment,onCreateView,2,1,0.0,3,1.0,1,0,1,0,13,1,2,0,0.7777777777777778,0,2,2,6,0.5,1,2.111111111111111,3,1,0.0,0,0.6666666666666666,0.5,37,27,0.25,4,2,4,2,0,4,4,0,1,0,0,0,0,0,2,0,5,0.8333333333333334,5,1.25,4,4,2,0,4,0,0,4,1,1,0,0,0,0,0,4,4,4,1420,1300,20,0,6,15,1.25,141,0,2502,26,241,184,20143
2025-07-11,argo,com.vrem.wifianalyzer.wifi.accesspoint,AccessPointsFragment,onRefresh,1,0,0.0,1,1.0,1,0,1,0,5,0,1,0,1.0,0,1,1,3,1.0,0,2.6666666666666665,0,1,0.0,0,0.6666666666666666,0.5,37,27,0.25,4,2,4,2,0,4,4,0,1,0,0,0,0,0,2,0,5,0.8333333333333334,5,1.25,4,4,2,0,4,0,0,4,1,1,0,0,0,0,0,4,4,4,1420,1300,20,0,6,15,1.25,141,0,2502,26,241,184,20143
2025-07-11,argo,com.vrem.wifianalyzer.wifi.accesspoint,AccessPointsFragment,onResume,1,0,1.0,1,1.0,1,0,1,0,5,0,1,1,1.0,2,1,2,3,1.0,1,3.0,0,2,0.0,0,0.6666666666666666,0.5,37,27,0.25,4,2,4,2,0,4,4,0,1,0,0,0,0,0,2,0,5,0.8333333333333334,5,1.25,4,4,2,0,4,0,0,4,1,1,0,0,0,0,0,4,4,4,1420,1300,20,0,6,15,1.25,141,0,2502,26,241,184,20143
2025-07-11,argo,com.vrem.wifianalyzer.wifi.accesspoint,AccessPointsFragment,onPause,1,0,0.0,1,1.0,1,0,1,0,4,0,1,0,1.0,1,1,1,3,1.0,1,3.0,0,1,0.0,0,0.6666666666666666,0.5,37,27,0.25,4,2,4,2,0,4,4,0,1,0,0,0,0,0,2,0,5,0.8333333333333334,5,1.25,4,4,2,0,4,0,0,4,1,1,0,0,0,0,0,4,4,4,1420,1300,20,0,6,15,1.25,141,0,2502,26,241,184,20143
2025-07-11,argo,com.vrem.wifianalyzer.wifi.accesspoint,ConnectionView,update,1,1,2.0,1,1.0,0,1,1,0,6,0,1,2,0.0,3,0,3,3,0.0,1,2.0,1,3,0.0,0,0.0,0.8,55,37,0.5,5,0,1,1,0,5,4,0,0,0,0,0,0,0,0,0,8,0.7,8,1.6,5,1,0,0,1,4,0,1,0,1,0,0,0,0,0,5,5,4,1420,1300,20,0,7,43,2.4,141,0,2502,26,241,184,20143
2025-07-11,argo,com.vrem.wifianalyzer.wifi.accesspoint,ConnectionView,displayWiFiSupport,3,3,0.0,4,1.0,0,1,1,0,7,0,3,0,0.0,0,0,2,11,0.0,1,2.5,1,0,0.0,0,0.0,0.8,55,37,0.5,5,0,1,1,0,5,4,0,0,0,0,0,0,0,0,0,8,0.7,8,1.6,5,1,0,0,1,4,0,1,0,1,0,0,0,0,0,5,5,4,1420,1300,20,0,7,43,2.4,141,0,2502,26,241,184,20143
2025-07-11,argo,com.vrem.wifianalyzer.wifi.accesspoint,ConnectionView,displayConnection,4,6,1.0,8,1.0,0,1,1,0,18,2,4,2,0.0,2,0,0,15,0.0,1,2.4,2,0,0.0,0,0.0,0.8,55,37,0.5,5,0,1,1,0,5,4,0,0,0,0,0,0,0,0,0,8,0.7,8,1.6,5,1,0,0,1,4,0,1,0,1,0,0,0,0,0,5,5,4,1420,1300,20,0,7,43,2.4,141,0,2502,26,241,184,20143
2025-07-11,argo,com.vrem.wifianalyzer.wifi.accesspoint,ConnectionView,setViewConnection,3,3,0.0,2,1.0,0,1,1,0,12,1,3,0,0.0,0,0,1,6,0.0,0,2.4545454545454546,2,0,0.0,0,0.0,0.8,55,37,0.5,5,0,1,1,0,5,4,0,0,0,0,0,0,0,0,0,8,0.7,8,1.6,5,1,0,0,1,4,0,1,0,1,0,0,0,0,0,5,5,4,1420,1300,20,0,7,43,2.4,141,0,2502,26,241,184,20143
2025-07-11,argo,com.vrem.wifianalyzer.wifi.accesspoint,ConnectionView,attachPopup,1,0,0.0,2,1.0,0,1,1,0,6,0,1,0,0.0,0,0,1,8,0.0,1,4.0,2,1,0.0,0,0.0,0.8,55,37,0.5,5,0,1,1,0,5,4,0,0,0,0,0,0,0,0,0,8,0.7,8,1.6,5,1,0,0,1,4,0,1,0,1,0,0,0,0,0,5,5,4,1420,1300,20,0,7,43,2.4,141,0,2502,26,241,184,20143
2025-07-11,argo,com.vrem.wifianalyzer.wifi.accesspoint,WarningView,update,3,5,3.0,5,1.0,0,0,1,0,10,0,3,7,0.0,3,0,1,11,0.0,2,2.5,1,1,0.0,0,0.0,1.0,36,31,0.25,4,0,0,0,0,5,1,0,0,0,0,0,0,0,0,0,5,0.0,5,1.25,4,0,0,0,1,0,0,1,0,1,0,0,0,0,0,4,4,4,1420,1300,20,0,2,37,3.5,141,0,2502,26,241,184,20143
2025-07-11,argo,com.vrem.wifianalyzer.wifi.accesspoint,WarningView,throttling,3,2,0.0,3,1.0,0,0,1,0,5,0,3,1,0.0,0,0,1,7,0.0,1,2.75,2,0,0.0,0,0.0,1.0,36,31,0.25,4,0,0,0,0,5,1,0,0,0,0,0,0,0,0,0,5,0.0,5,1.25,4,0,0,0,1,0,0,1,0,1,0,0,0,0,0,4,4,4,1420,1300,20,0,2,37,3.5,141,0,2502,26,241,184,20143
2025-07-11,argo,com.vrem.wifianalyzer.wifi.accesspoint,WarningView,noData,3,1,0.0,2,1.0,0,0,1,0,5,0,3,2,0.0,0,0,0,7,0.0,1,2.75,2,0,0.0,0,0.0,1.0,36,31,0.25,4,0,0,0,0,5,1,0,0,0,0,0,0,0,0,0,5,0.0,5,1.25,4,0,0,0,1,0,0,1,0,1,0,0,0,0,0,4,4,4,1420,1300,20,0,2,37,3.5,141,0,2502,26,241,184,20143
2025-07-11,argo,com.vrem.wifianalyzer.wifi.accesspoint,WarningView,noLocation,5,1,0.0,2,1.0,0,0,1,0,11,1,5,2,0.0,0,0,0,12,0.0,1,3.2,2,0,0.0,0,0.0,1.0,36,31,0.25,4,0,0,0,0,5,1,0,0,0,0,0,0,0,0,0,5,0.0,5,1.25,4,0,0,0,1,0,0,1,0,1,0,0,0,0,0,4,4,4,1420,1300,20,0,2,37,3.5,141,0,2502,26,241,184,20143
2025-07-11,argo,com.vrem.wifianalyzer.wifi.band,WiFiChannelCountry,countryName,3,1,0.0,2,1.0,0,0,1,0,4,0,3,4,0.5,0,1,0,2,1.0,1,2.0,1,0,0.0,0,0.0,0.5,18,5,0.0,2,2,0,0,1,4,0,1,1,0,1,2,0,0,0,0,2,1.0,2,1.0,2,0,2,0,2,0,0,2,0,1,0,0,2,0,2,2,4,4,1420,1300,10,0,0,4,2.0,58,0,1079,26,241,46,20143
2025-07-11,argo,com.vrem.wifianalyzer.wifi.band,WiFiChannelCountry,findAll,1,0,0.0,1,1.0,0,0,1,0,1,0,1,0,0.3333333333333333,0,1,0,2,1.0,0,3.0,0,0,0.0,0,0.0,0.5,18,5,0.0,2,2,0,0,1,4,0,1,1,0,1,2,0,0,0,0,2,1.0,2,1.0,2,0,2,0,2,0,0,2,0,1,0,0,2,0,2,2,4,4,1420,1300,10,1,0,4,2.0,58,0,1079,26,241,46,20143
2025-07-11,argo,com.vrem.wifianalyzer.wifi.channelavailable,ChannelAvailableFragment,onCreateView,1,0,1.0,1,1.0,1,0,1,0,5,0,1,1,0.5,1,1,2,1,0.33,1,2.0,3,1,0.0,0,0.3333333333333333,0.6666666666666666,26,20,0.6666666666666666,3,1,2,2,0,4,2,0,1,0,0,0,0,0,1,0,3,0.6666666666666667,3,1.0,3,2,1,0,2,1,0,2,1,1,0,0,0,0,0,3,3,4,1420,1300,2,0,3,19,1.0,5,0,163,26,241,6,20143
2025-07-11,argo,com.vrem.wifianalyzer.wifi.channelavailable,ChannelAvailableFragment,update,1,4,0.0,5,1.0,1,0,1,0,11,0,1,0,1.0,0,1,0,18,0.25,1,2.090909090909091,0,0,0.0,0,0.3333333333333333,0.6666666666666666,26,20,0.6666666666666666,3,1,2,2,0,4,2,0,1,0,0,0,0,0,1,0,3,0.6666666666666667,3,1.0,3,2,1,0,2,1,0,2,1,1,0,0,0,0,0,3,3,4,1420,1300,2,0,3,19,1.0,5,0,163,26,241,6,20143
2025-07-11,argo,com.vrem.wifianalyzer.wifi.channelavailable,ChannelAvailableFragment,onResume,1,0,1.0,0,0.0,1,0,1,0,4,0,1,1,0.0,2,0,1,0,0.0,1,2.0,0,1,0.0,0,0.3333333333333333,0.6666666666666666,26,20,0.6666666666666666,3,1,2,2,0,4,2,0,1,0,0,0,0,0,1,0,3,0.6666666666666667,3,1.0,3,2,1,0,2,1,0,2,1,1,0,0,0,0,0,3,3,4,1420,1300,2,0,3,19,1.0,5,0,163,26,241,6,20143
2025-07-11,argo,com.vrem.wifianalyzer.wifi.channelgraph,ChannelAxisLabel,formatLabel,5,1,1.0,2,1.0,0,1,1,0,8,0,5,1,0.0,1,0,0,6,0.0,0,2.6666666666666665,2,0,0.0,0,0.0,0.6666666666666666,18,13,0.5,3,0,2,1,0,5,0,0,0,0,0,0,0,0,0,0,3,0.6666666666666667,4,1.3333333333333333,3,2,0,0,2,1,0,2,0,1,0,0,0,0,0,3,3,4,1420,1300,8,0,0,7,4.0,40,0,707,26,241,34,20143
2025-07-11,argo,com.vrem.wifianalyzer.wifi.channelgraph,ChannelAxisLabel,yValue,3,0,0.0,0,0.0,0,1,1,0,5,1,3,0,0.0,0,0,0,1,0.0,0,2.5,1,0,0.0,0,0.0,0.6666666666666666,18,13,0.5,3,0,2,1,0,5,0,0,0,0,0,0,0,0,0,0,3,0.6666666666666667,4,1.3333333333333333,3,2,0,0,2,1,0,2,0,1,0,0,0,0,0,3,3,4,1420,1300,8,0,0,7,4.0,40,0,707,26,241,34,20143
2025-07-11,argo,com.vrem.wifianalyzer.wifi.channelgraph,ChannelAxisLabel,setViewport,0,0,0.0,0,0.0,0,1,1,0,0,0,0,0,0.0,0,0,0,0,0.0,0,0.0,1,0,0.0,0,0.0,0.6666666666666666,18,13,0.5,3,0,2,1,0,5,0,0,0,0,0,0,0,0,0,0,3,0.6666666666666667,4,1.3333333333333333,3,2,0,0,2,1,0,2,0,1,0,0,0,0,0,3,3,4,1420,1300,8,0,0,7,4.0,40,0,707,26,241,34,20143
2025-07-11,argo,com.vrem.wifianalyzer.wifi.channelgraph,ChannelGraphFragment,onCreateView,2,2,0.0,4,1.0,1,0,1,0,13,1,2,0,0.75,0,2,2,10,0.4,1,2.3333333333333335,3,0,0.0,0,0.6666666666666666,0.5,37,27,0.25,4,2,4,2,0,4,4,0,1,0,0,0,0,0,2,0,5,0.8333333333333334,5,1.25,4,4,2,0,4,0,0,4,1,1,0,0,0,0,0,4,4,4,1420,1300,8,0,6,19,1.25,40,0,707,26,241,34,20143
2025-07-11,argo,com.vrem.wifianalyzer.wifi.channelgraph,ChannelGraphFragment,onRefresh,1,0,0.0,1,1.0,1,0,1,0,5,0,1,0,1.0,0,1,1,3,1.0,0,2.6666666666666665,0,1,0.0,0,0.6666666666666666,0.5,37,27,0.25,4,2,4,2,0,4,4,0,1,0,0,0,0,0,2,0,5,0.8333333333333334,5,1.25,4,4,2,0,4,0,0,4,1,1,0,0,0,0,0,4,4,4,1420,1300,8,0,6,19,1.25,40,0,707,26,241,34,20143
2025-07-11,argo,com.vrem.wifianalyzer.wifi.channelgraph,ChannelGraphFragment,onResume,1,0,1.0,1,1.0,1,0,1,0,5,0,1,1,1.0,2,1,2,3,1.0,1,3.0,0,2,0.0,0,0.6666666666666666,0.5,37,27,0.25,4,2,4,2,0,4,4,0,1,0,0,0,0,0,2,0,5,0.8333333333333334,5,1.25,4,4,2,0,4,0,0,4,1,1,0,0,0,0,0,4,4,4,1420,1300,8,0,6,19,1.25,40,0,707,26,241,34,20143
2025-07-11,argo,com.vrem.wifianalyzer.wifi.channelgraph,ChannelGraphFragment,onPause,1,0,0.0,1,1.0,1,0,1,0,4,0,1,0,1.0,1,1,1,3,1.0,1,3.0,0,1,0.0,0,0.6666666666666666,0.5,37,27,0.25,4,2,4,2,0,4,4,0,1,0,0,0,0,0,2,0,5,0.8333333333333334,5,1.25,4,4,2,0,4,0,0,4,1,1,0,0,0,0,0,4,4,4,1420,1300,8,0,6,19,1.25,40,0,707,26,241,34,20143
2025-07-11,argo,com.vrem.wifianalyzer.wifi.channelgraph,DataManager,newSeries,1,0,0.0,1,1.0,0,0,1,0,1,0,1,0,0.0,0,0,0,1,0.0,1,2.0,1,0,0.0,0,0.0,0.6666666666666666,23,19,0.3333333333333333,3,0,0,0,0,6,1,0,0,0,2,0,0,0,2,0,4,1.0,4,1.3333333333333333,3,0,0,0,3,0,0,3,0,1,0,0,0,0,0,3,3,4,1420,1300,8,0,1,8,1.6666666666666667,40,0,707,26,241,34,20143
2025-07-11,argo,com.vrem.wifianalyzer.wifi.channelgraph,DataManager,graphDataPoints,1,5,0.0,2,1.0,0,0,1,0,8,0,1,0,0.0,0,0,0,3,0.0,1,2.6666666666666665,2,0,0.0,0,0.0,0.6666666666666666,23,19,0.3333333333333333,3,0,0,0,0,6,1,0,0,0,2,0,0,0,2,0,4,1.0,4,1.3333333333333333,3,0,0,0,3,0,0,3,0,1,0,0,0,0,0,3,3,4,1420,1300,8,0,1,8,1.6666666666666667,40,0,707,26,241,34,20143
2025-07-11,argo,com.vrem.wifianalyzer.wifi.channelgraph,DataManager,addSeriesData,3,1,2.0,2,0.5,0,0,1,0,10,1,3,1,0.0,2,0,1,4,0.0,1,2.0,3,1,0.0,0,0.0,0.6666666666666666,23,19,0.3333333333333333,3,0,0,0,0,6,1,0,0,0,2,0,0,0,2,0,4,1.0,4,1.3333333333333333,3,0,0,0,3,0,0,3,0,1,0,0,0,0,0,3,3,4,1420,1300,8,0,1,8,1.6666666666666667,40,0,707,26,241,34,20143
2025-07-11,argo,com.vrem.wifianalyzer.wifi.channelrating,ChannelRatingAdapter,update,1,6,2.0,4,1.0,0,1,1,0,11,0,1,4,0.0,2,0,3,8,0.0,1,2.142857142857143,1,3,0.0,0,0.0,0.875,77,54,0.2857142857142857,8,1,2,1,0,12,8,0,1,0,0,1,0,0,0,0,9,0.8214285714285714,9,1.125,8,2,1,0,2,5,0,2,1,1,0,0,0,0,0,8,8,4,1420,1300,7,0,10,72,1.75,31,0,720,26,241,33,20143
2025-07-11,argo,com.vrem.wifianalyzer.wifi.channelrating,ChannelRatingAdapter,wiFiChannels,1,1,0.0,0,0.0,0,1,1,0,6,0,1,2,0.0,0,0,2,4,0.0,0,3.0,2,2,0.0,0,0.0,0.875,77,54,0.2857142857142857,8,1,2,1,0,12,8,0,1,0,0,1,0,0,0,0,9,0.8214285714285714,9,1.125,8,2,1,0,2,5,0,2,1,1,0,0,0,0,0,8,8,4,1420,1300,7,0,10,72,1.75,31,0,720,26,241,33,20143
2025-07-11,argo,com.vrem.wifianalyzer.wifi.channelrating,ChannelRatingAdapter,getView,1,3,0.0,7,0.7143,0,1,1,0,12,0,1,1,0.0,2,0,1,21,0.0,1,2.6923076923076925,3,1,0.0,0,0.0,0.875,77,54,0.2857142857142857,8,1,2,1,0,12,8,0,1,0,0,1,0,0,0,0,9,0.8214285714285714,9,1.125,8,2,1,0,2,5,0,2,1,1,0,0,0,0,0,8,8,4,1420,1300,7,0,10,72,1.75,31,0,720,26,241,33,20143
2025-07-11,argo,com.vrem.wifianalyzer.wifi.channelrating,ChannelRatingAdapter,ratingBar,1,3,0.0,4,0.75,0,1,1,0,9,0,1,4,0.0,0,0,2,8,0.0,1,2.090909090909091,2,0,0.0,0,0.0,0.875,77,54,0.2857142857142857,8,1,2,1,0,12,8,0,1,0,0,1,0,0,0,0,9,0.8214285714285714,9,1.125,8,2,1,0,2,5,0,2,1,1,0,0,0,0,0,8,8,4,1420,1300,7,0,10,72,1.75,31,0,720,26,241,33,20143
2025-07-11,argo,com.vrem.wifianalyzer.wifi.channelrating,ChannelRatingAdapter,bestChannels,3,2,2.0,3,0.6667,0,1,1,0,12,1,3,4,0.0,3,0,1,8,0.0,1,2.4,2,1,0.0,0,0.0,0.875,77,54,0.2857142857142857,8,1,2,1,0,12,8,0,1,0,0,1,0,0,0,0,9,0.8214285714285714,9,1.125,8,2,1,0,2,5,0,2,1,1,0,0,0,0,0,8,8,4,1420,1300,7,0,10,72,1.75,31,0,720,26,241,33,20143
2025-07-11,argo,com.vrem.wifianalyzer.wifi.channelrating,ChannelRatingAdapter,updateChannelRatings,3,2,0.0,3,1.0,0,1,1,0,10,0,3,0,0.5,0,1,1,10,0.33,1,2.1666666666666665,1,1,0.0,0,0.0,0.875,77,54,0.2857142857142857,8,1,2,1,0,12,8,0,1,0,0,1,0,0,0,0,9,0.8214285714285714,9,1.125,8,2,1,0,2,5,0,2,1,1,0,0,0,0,0,8,8,4,1420,1300,7,0,10,72,1.75,31,0,720,26,241,33,20143
2025-07-11,argo,com.vrem.wifianalyzer.wifi.channelrating,ChannelRatingAdapter,errorMessage,3,0,0.0,3,1.0,0,1,1,0,5,0,3,0,0.0,0,0,0,10,0.0,0,2.8333333333333335,1,0,0.0,0,0.0,0.875,77,54,0.2857142857142857,8,1,2,1,0,12,8,0,1,0,0,1,0,0,0,0,9,0.8214285714285714,9,1.125,8,2,1,0,2,5,0,2,1,1,0,0,0,0,0,8,8,4,1420,1300,7,0,10,72,1.75,31,0,720,26,241,33,20143
2025-07-11,argo,com.vrem.wifianalyzer.wifi.channelrating,ChannelRatingAdapter,create,1,0,0.0,1,1.0,0,1,1,0,1,0,1,0,0.0,0,0,0,3,0.0,0,4.0,1,0,0.0,0,0.0,0.875,77,54,0.2857142857142857,8,1,2,1,0,12,8,0,1,0,0,1,0,0,0,0,9,0.8214285714285714,9,1.125,8,2,1,0,2,5,0,2,1,1,0,0,0,0,0,8,8,4,1420,1300,7,0,10,72,1.75,31,0,720,26,241,33,20143
2025-07-11,argo,com.vrem.wifianalyzer.wifi.channelrating,ChannelRatingFragment,onCreateView,2,2,0.0,4,1.0,1,0,1,0,13,1,2,0,0.75,0,2,2,8,0.67,1,2.3333333333333335,3,0,0.0,0,0.6666666666666666,0.5,37,27,0.25,4,2,4,2,0,4,3,0,1,0,0,0,0,0,2,0,5,0.8333333333333334,5,1.25,4,4,2,0,4,0,0,4,1,1,0,0,0,0,0,4,4,4,1420,1300,7,0,6,17,1.25,31,0,720,26,241,33,20143
2025-07-11,argo,com.vrem.wifianalyzer.wifi.channelrating,ChannelRatingFragment,onRefresh,1,0,0.0,1,1.0,1,0,1,0,5,0,1,0,1.0,0,1,1,3,1.0,0,2.6666666666666665,0,1,0.0,0,0.6666666666666666,0.5,37,27,0.25,4,2,4,2,0,4,3,0,1,0,0,0,0,0,2,0,5,0.8333333333333334,5,1.25,4,4,2,0,4,0,0,4,1,1,0,0,0,0,0,4,4,4,1420,1300,7,0,6,17,1.25,31,0,720,26,241,33,20143
2025-07-11,argo,com.vrem.wifianalyzer.wifi.channelrating,ChannelRatingFragment,onResume,1,0,1.0,1,1.0,1,0,1,0,5,0,1,1,1.0,2,1,2,3,1.0,1,3.0,0,2,0.0,0,0.6666666666666666,0.5,37,27,0.25,4,2,4,2,0,4,3,0,1,0,0,0,0,0,2,0,5,0.8333333333333334,5,1.25,4,4,2,0,4,0,0,4,1,1,0,0,0,0,0,4,4,4,1420,1300,7,0,6,17,1.25,31,0,720,26,241,33,20143
2025-07-11,argo,com.vrem.wifianalyzer.wifi.channelrating,ChannelRatingFragment,onPause,1,0,0.0,1,1.0,1,0,1,0,4,0,1,0,1.0,1,1,1,3,1.0,1,3.0,0,1,0.0,0,0.6666666666666666,0.5,37,27,0.25,4,2,4,2,0,4,3,0,1,0,0,0,0,0,2,0,5,0.8333333333333334,5,1.25,4,4,2,0,4,0,0,4,1,1,0,0,0,0,0,4,4,4,1420,1300,7,0,6,17,1.25,31,0,720,26,241,33,20143
2025-07-11,argo,com.vrem.wifianalyzer.wifi.filter,EnumFilter,setColor,2,1,0.0,4,1.0,0,1,1,0,9,1,2,0,0.0,0,0,0,7,0.0,1,2.75,2,0,0.0,0,0.0,0.6666666666666666,27,9,0.5,3,0,0,0,0,4,3,0,0,0,0,0,0,0,0,3,4,0.33333333333333337,4,1.3333333333333333,3,0,0,0,0,3,0,0,0,0,0,0,0,0,0,3,3,4,1420,1300,8,0,4,10,1.3333333333333333,24,0,625,26,241,27,20143
2025-07-11,argo,com.vrem.wifianalyzer.wifi.filter,EnumFilter,process,1,1,1.0,2,1.0,0,1,1,0,5,0,1,2,0.0,2,0,2,2,0.0,1,2.0,3,2,0.0,0,0.0,0.6666666666666666,27,9,0.5,3,0,0,0,0,4,3,0,0,0,0,0,0,0,0,3,4,0.33333333333333337,4,1.3333333333333333,3,0,0,0,0,3,0,0,0,0,0,0,0,0,0,3,3,4,1420,1300,8,0,4,10,1.3333333333333333,24,0,625,26,241,27,20143
2025-07-11,argo,com.vrem.wifianalyzer.wifi.filter,EnumFilter,onClickListener,1,0,0.0,1,1.0,0,1,1,0,4,0,1,1,0.0,1,0,2,1,0.0,1,2.0,2,2,0.0,0,0.0,0.6666666666666666,27,9,0.5,3,0,0,0,0,4,3,0,0,0,0,0,0,0,0,3,4,0.33333333333333337,4,1.3333333333333333,3,0,0,0,0,3,0,0,0,0,0,0,0,0,0,3,3,4,1420,1300,8,0,4,10,1.3333333333333333,24,0,625,26,241,27,20143
2025-07-11,argo,com.vrem.wifianalyzer.wifi.filter,Filter,show,2,0,4.0,1,1.0,1,0,4,0,9,1,2,4,1.0,5,4,0,6,4.0,1,2.0,0,0,0.0,0,0.0,0.4,69,15,0.2,5,4,0,0,0,5,0,1,1,0,3,0,0,0,4,0,7,0.4,7,1.4,5,0,4,0,1,4,0,1,0,1,0,0,2,0,2,8,10,4,1420,1300,8,0,0,22,1.6,24,0,625,26,241,27,20143
2025-07-11,argo,com.vrem.wifianalyzer.wifi.filter,Filter,addSSIDFilter,1,0,0.0,1,1.0,1,0,4,0,1,0,1,0,0.0,0,0,0,3,0.0,0,4.0,1,0,0.0,0,0.0,0.4,69,15,0.2,5,4,0,0,0,5,0,1,1,0,3,0,0,0,4,0,7,0.4,7,1.4,5,0,4,0,1,4,0,1,0,1,0,0,2,0,2,8,10,4,1420,1300,8,0,0,22,1.6,24,0,625,26,241,27,20143
2025-07-11,argo,com.vrem.wifianalyzer.wifi.filter,Filter,addWiFiBandFilter,3,0,0.0,2,1.0,1,0,4,0,3,1,3,0,0.0,0,0,0,7,0.0,0,3.3333333333333335,1,0,0.0,0,0.0,0.4,69,15,0.2,5,4,0,0,0,5,0,1,1,0,3,0,0,0,4,0,7,0.4,7,1.4,5,0,4,0,1,4,0,1,0,1,0,0,2,0,2,8,10,4,1420,1300,8,0,0,22,1.6,24,0,625,26,241,27,20143
2025-07-11,argo,com.vrem.wifianalyzer.wifi.filter,Filter,addStrengthFilter,1,0,0.0,1,1.0,1,0,4,0,1,0,1,0,0.0,0,0,0,3,0.0,0,4.0,1,0,0.0,0,0.0,0.4,69,15,0.2,5,4,0,0,0,5,0,1,1,0,3,0,0,0,4,0,7,0.4,7,1.4,5,0,4,0,1,4,0,1,0,1,0,0,2,0,2,8,10,4,1420,1300,8,0,0,22,1.6,24,0,625,26,241,27,20143
2025-07-11,argo,com.vrem.wifianalyzer.wifi.filter,Filter,buildAlertDialog,1,1,0.0,1,1.0,1,0,4,0,1,0,1,0,0.0,0,0,0,3,0.0,0,4.0,0,0,0.0,0,0.0,0.4,69,15,0.2,5,4,0,0,0,5,0,1,1,0,3,0,0,0,4,0,7,0.4,7,1.4,5,0,4,0,1,4,0,1,0,1,0,0,2,0,2,8,10,4,1420,1300,8,1,0,22,1.6,24,0,625,26,241,27,20143
2025-07-11,argo,com.vrem.wifianalyzer.wifi.filter.adapter,BasicFilterAdapter,selections,1,0,0.0,0,0.0,0,1,1,0,3,0,1,1,0.0,0,0,1,0,0.0,0,2.0,1,0,0.0,0,0.0,0.25,11,3,0.0,4,0,0,0,0,3,0,0,0,0,0,0,0,0,0,2,1,0.0,1,1.0,4,0,0,0,4,0,0,4,1,0,0,3,0,0,0,4,1,4,1420,1300,12,0,1,0,1.0,42,0,879,26,241,76,20143
2025-07-11,argo,com.vrem.wifianalyzer.wifi.filter.adapter,BasicFilterAdapter,isActive,0,0,0.0,0,0.0,0,1,1,0,0,0,0,0,0.0,0,0,0,0,0.0,0,0.0,0,0,0.0,0,0.0,0.25,11,3,0.0,4,0,0,0,0,3,0,0,0,0,0,0,0,0,0,2,1,0.0,1,1.0,4,0,0,0,4,0,0,4,1,0,0,3,0,0,0,4,1,4,1420,1300,12,0,1,0,1.0,42,0,879,26,241,76,20143
2025-07-11,argo,com.vrem.wifianalyzer.wifi.filter.adapter,BasicFilterAdapter,reset,0,0,0.0,0,0.0,0,1,1,0,0,0,0,0,0.0,0,0,0,0,0.0,0,0.0,0,0,0.0,0,0.0,0.25,11,3,0.0,4,0,0,0,0,3,0,0,0,0,0,0,0,0,0,2,1,0.0,1,1.0,4,0,0,0,4,0,0,4,1,0,0,3,0,0,0,4,1,4,1420,1300,12,0,1,0,1.0,42,0,879,26,241,76,20143
2025-07-11,argo,com.vrem.wifianalyzer.wifi.filter.adapter,BasicFilterAdapter,save,0,0,0.0,0,0.0,0,1,1,0,0,0,0,0,0.0,0,0,0,0,0.0,0,0.0,1,0,0.0,0,0.0,0.25,11,3,0.0,4,0,0,0,0,3,0,0,0,0,0,0,0,0,0,2,1,0.0,1,1.0,4,0,0,0,4,0,0,4,1,0,0,3,0,0,0,4,1,4,1420,1300,12,0,1,0,1.0,42,0,879,26,241,76,20143
2025-07-11,argo,com.vrem.wifianalyzer.wifi.filter.adapter,EnumFilterAdapter,isActive,1,0,0.0,0,0.0,0,1,1,0,1,0,1,0,0.0,0,0,0,0,0.0,0,2.0,0,0,0.0,0,0.0,0.6,23,16,0.5,5,0,2,1,0,3,1,0,0,0,0,0,0,0,0,3,8,0.8,8,1.6,5,2,0,0,5,0,0,5,0,0,0,0,0,0,0,5,5,4,1420,1300,12,0,1,10,2.0,42,0,879,26,241,76,20143
2025-07-11,argo,com.vrem.wifianalyzer.wifi.filter.adapter,EnumFilterAdapter,toggle,4,1,1.0,2,0.5,0,1,1,0,11,2,4,0,0.0,1,0,0,4,0.0,1,2.0,1,0,0.0,0,0.0,0.6,23,16,0.5,5,0,2,1,0,3,1,0,0,0,0,0,0,0,0,3,8,0.8,8,1.6,5,2,0,0,5,0,0,5,0,0,0,0,0,0,0,5,5,4,1420,1300,12,0,1,10,2.0,42,0,879,26,241,76,20143
2025-07-11,argo,com.vrem.wifianalyzer.wifi.filter.adapter,EnumFilterAdapter,reset,1,0,0.0,1,1.0,0,1,1,0,3,0,1,0,0.0,0,0,1,1,0.0,1,2.0,0,1,0.0,0,0.0,0.6,23,16,0.5,5,0,2,1,0,3,1,0,0,0,0,0,0,0,0,3,8,0.8,8,1.6,5,2,0,0,5,0,0,5,0,0,0,0,0,0,0,5,5,4,1420,1300,12,0,1,10,2.0,42,0,879,26,241,76,20143
2025-07-11,argo,com.vrem.wifianalyzer.wifi.filter.adapter,EnumFilterAdapter,color,3,0,1.0,0,0.0,0,1,1,0,1,1,3,0,0.0,1,0,0,4,0.0,0,2.6666666666666665,1,0,0.0,0,0.0,0.6,23,16,0.5,5,0,2,1,0,3,1,0,0,0,0,0,0,0,0,3,8,0.8,8,1.6,5,2,0,0,5,0,0,5,0,0,0,0,0,0,0,5,5,4,1420,1300,12,0,1,10,2.0,42,0,879,26,241,76,20143
2025-07-11,argo,com.vrem.wifianalyzer.wifi.filter.adapter,EnumFilterAdapter,contains,1,0,0.0,0,0.0,0,1,1,0,1,0,1,0,0.0,1,0,0,1,0.0,1,2.0,1,0,0.0,0,0.0,0.6,23,16,0.5,5,0,2,1,0,3,1,0,0,0,0,0,0,0,0,3,8,0.8,8,1.6,5,2,0,0,5,0,0,5,0,0,0,0,0,0,0,5,5,4,1420,1300,12,0,1,10,2.0,42,0,879,26,241,76,20143
2025-07-11,argo,com.vrem.wifianalyzer.wifi.filter.adapter,FiltersAdapter,reload,1,0,0.0,4,1.0,0,2,1,0,6,0,1,4,1.0,0,4,4,4,4.0,1,2.0,0,0,0.0,0,0.2,0.5,37,16,0.25,10,4,0,0,0,7,0,0,4,0,0,0,0,0,4,0,11,0.8888888888888888,11,1.1,10,0,4,0,7,1,0,7,2,1,0,0,0,0,0,10,10,4,1420,1300,12,0,4,16,1.2,42,0,879,26,241,76,20143
2025-07-11,argo,com.vrem.wifianalyzer.wifi.filter.adapter,FiltersAdapter,reset,1,0,2.0,1,1.0,0,2,1,0,4,0,1,1,0.0,4,0,0,3,0.0,1,2.0,0,0,0.0,0,0.2,0.5,37,16,0.25,10,4,0,0,0,7,0,0,4,0,0,0,0,0,4,0,11,0.8888888888888888,11,1.1,10,0,4,0,7,1,0,7,2,1,0,0,0,0,0,10,10,4,1420,1300,12,0,4,16,1.2,42,0,879,26,241,76,20143
2025-07-11,argo,com.vrem.wifianalyzer.wifi.filter.adapter,FiltersAdapter,save,1,0,1.0,1,1.0,0,2,1,0,1,0,1,1,0.0,3,0,0,2,0.0,0,2.0,0,0,0.0,0,0.2,0.5,37,16,0.25,10,4,0,0,0,7,0,0,4,0,0,0,0,0,4,0,11,0.8888888888888888,11,1.1,10,0,4,0,7,1,0,7,2,1,0,0,0,0,0,10,10,4,1420,1300,12,0,4,16,1.2,42,0,879,26,241,76,20143
2025-07-11,argo,com.vrem.wifianalyzer.wifi.filter.adapter,FiltersAdapter,ssidAdapter,1,0,0.0,0,0.0,0,2,1,0,1,0,1,1,1.0,0,1,0,0,1.0,0,0.0,0,0,0.0,0,0.2,0.5,37,16,0.25,10,4,0,0,0,7,0,0,4,0,0,0,0,0,4,0,11,0.8888888888888888,11,1.1,10,0,4,0,7,1,0,7,2,1,0,0,0,0,0,10,10,4,1420,1300,12,0,4,16,1.2,42,0,879,26,241,76,20143
2025-07-11,argo,com.vrem.wifianalyzer.wifi.filter.adapter,FiltersAdapter,wiFiBandAdapter,1,0,0.0,0,0.0,0,2,1,0,1,0,1,1,1.0,0,1,0,0,1.0,0,0.0,0,0,0.0,0,0.2,0.5,37,16,0.25,10,4,0,0,0,7,0,0,4,0,0,0,0,0,4,0,11,0.8888888888888888,11,1.1,10,0,4,0,7,1,0,7,2,1,0,0,0,0,0,10,10,4,1420,1300,12,0,4,16,1.2,42,0,879,26,241,76,20143
2025-07-11,argo,com.vrem.wifianalyzer.wifi.filter.adapter,FiltersAdapter,strengthAdapter,1,0,0.0,0,0.0,0,2,1,0,1,0,1,1,1.0,0,1,0,0,1.0,0,0.0,0,0,0.0,0,0.2,0.5,37,16,0.25,10,4,0,0,0,7,0,0,4,0,0,0,0,0,4,0,11,0.8888888888888888,11,1.1,10,0,4,0,7,1,0,7,2,1,0,0,0,0,0,10,10,4,1420,1300,12,0,4,16,1.2,42,0,879,26,241,76,20143
2025-07-11,argo,com.vrem.wifianalyzer.wifi.filter.adapter,FiltersAdapter,securityAdapter,1,0,0.0,0,0.0,0,2,1,0,1,0,1,1,1.0,0,1,0,0,1.0,0,0.0,0,0,0.0,0,0.2,0.5,37,16,0.25,10,4,0,0,0,7,0,0,4,0,0,0,0,0,4,0,11,0.8888888888888888,11,1.1,10,0,4,0,7,1,0,7,2,1,0,0,0,0,0,10,10,4,1420,1300,12,0,4,16,1.2,42,0,879,26,241,76,20143
2025-07-11,argo,com.vrem.wifianalyzer.wifi.filter.adapter,FiltersAdapter,isActive,1,0,0.0,1,1.0,0,2,1,0,1,0,1,1,0.0,3,0,0,2,0.0,0,2.0,0,0,0.0,0,0.2,0.5,37,16,0.25,10,4,0,0,0,7,0,0,4,0,0,0,0,0,4,0,11,0.8888888888888888,11,1.1,10,0,4,0,7,1,0,7,2,1,0,0,0,0,0,10,10,4,1420,1300,12,0,4,16,1.2,42,0,879,26,241,76,20143
2025-07-11,argo,com.vrem.wifianalyzer.wifi.filter.adapter,FiltersAdapter,filterAdapters,3,0,0.0,0,0.0,0,2,1,0,1,1,3,5,0.875,0,4,0,1,4.0,0,0.0,1,0,0.0,0,0.2,0.5,37,16,0.25,10,4,0,0,0,7,0,0,4,0,0,0,0,0,4,0,11,0.8888888888888888,11,1.1,10,0,4,0,7,1,0,7,2,1,0,0,0,0,0,10,10,4,1420,1300,12,0,4,16,1.2,42,0,879,26,241,76,20143
2025-07-11,argo,com.vrem.wifianalyzer.wifi.filter.adapter,FiltersAdapter,isAccessPoints,1,0,0.0,1,1.0,0,2,1,0,1,0,1,0,0.0,0,0,0,4,0.0,0,3.0,0,0,0.0,0,0.2,0.5,37,16,0.25,10,4,0,0,0,7,0,0,4,0,0,0,0,0,4,0,11,0.8888888888888888,11,1.1,10,0,4,0,7,1,0,7,2,1,0,0,0,0,0,10,10,4,1420,1300,12,0,4,16,1.2,42,0,879,26,241,76,20143
2025-07-11,argo,com.vrem.wifianalyzer.wifi.filter.adapter,SecurityAdapter,save,1,0,0.0,1,1.0,0,0,1,0,3,0,1,0,0.0,0,0,1,1,0.0,1,2.0,1,1,0.0,0,0.0,0.0,5,3,0.0,1,0,1,1,0,1,1,0,0,0,0,0,0,0,0,0,1,0.0,1,1.0,1,1,0,0,1,0,0,1,1,1,0,0,0,0,0,1,1,4,1420,1300,12,0,1,1,1.0,42,0,879,26,241,76,20143
2025-07-11,argo,com.vrem.wifianalyzer.wifi.filter.adapter,SSIDAdapter,isActive,1,0,0.0,1,1.0,0,1,1,0,1,0,1,0,1.0,0,1,0,1,1.0,1,2.0,0,0,0.0,0,1.0,0.3333333333333333,15,4,0.0,2,1,3,1,0,3,0,0,0,0,0,1,0,0,0,0,3,1.0,3,1.0,3,3,1,0,3,0,0,3,1,1,0,0,0,0,0,3,3,4,1420,1300,12,0,1,3,1.0,42,0,879,26,241,76,20143
2025-07-11,argo,com.vrem.wifianalyzer.wifi.filter.adapter,SSIDAdapter,reset,1,0,0.0,0,0.0,0,1,1,0,3,0,1,0,1.0,0,1,1,1,1.0,0,0.0,0,0,0.0,0,1.0,0.3333333333333333,15,4,0.0,2,1,3,1,0,3,0,0,0,0,0,1,0,0,0,0,3,1.0,3,1.0,3,3,1,0,3,0,0,3,1,1,0,0,0,0,0,3,3,4,1420,1300,12,0,1,3,1.0,42,0,879,26,241,76,20143
2025-07-11,argo,com.vrem.wifianalyzer.wifi.filter.adapter,SSIDAdapter,save,1,0,0.0,1,1.0,0,1,1,0,1,0,1,0,0.5,0,1,0,1,1.0,1,2.0,1,0,0.0,0,1.0,0.3333333333333333,15,4,0.0,2,1,3,1,0,3,0,0,0,0,0,1,0,0,0,0,3,1.0,3,1.0,3,3,1,0,3,0,0,3,1,1,0,0,0,0,0,3,3,4,1420,1300,12,0,1,3,1.0,42,0,879,26,241,76,20143
2025-07-11,argo,com.vrem.wifianalyzer.wifi.filter.adapter,StrengthAdapter,color,3,0,0.0,1,1.0,0,0,1,0,1,1,3,0,0.0,0,0,0,4,0.0,0,2.3333333333333335,1,0,0.0,0,0.0,0.5,5,2,0.0,2,0,2,1,0,4,0,0,0,0,0,0,0,0,0,0,3,1.0,3,1.5,2,2,0,0,2,0,0,2,1,1,0,0,0,0,0,2,2,4,1420,1300,12,0,0,5,2.0,42,0,879,26,241,76,20143
2025-07-11,argo,com.vrem.wifianalyzer.wifi.filter.adapter,StrengthAdapter,save,1,0,0.0,1,1.0,0,0,1,0,1,0,1,0,0.0,0,0,0,1,0.0,1,2.0,1,0,0.0,0,0.0,0.5,5,2,0.0,2,0,2,1,0,4,0,0,0,0,0,0,0,0,0,0,3,1.0,3,1.5,2,2,0,0,2,0,0,2,1,1,0,0,0,0,0,2,2,4,1420,1300,12,0,0,5,2.0,42,0,879,26,241,76,20143
2025-07-11,argo,com.vrem.wifianalyzer.wifi.filter.adapter,WiFiBandAdapter,save,1,0,0.0,1,1.0,0,0,1,0,1,0,1,0,0.0,0,0,0,1,0.0,1,2.0,1,0,0.0,0,0.0,0.0,3,1,0.0,1,0,1,1,0,2,0,0,0,0,0,0,0,0,0,0,1,0.0,1,1.0,1,1,0,0,1,0,0,1,1,1,0,0,0,0,0,1,1,4,1420,1300,12,0,0,1,1.0,42,0,879,26,241,76,20143
2025-07-11,argo,com.vrem.wifianalyzer.wifi.graphutils,GraphAdapter,graphViews,1,0,0.0,1,1.0,0,0,1,0,1,0,1,1,0.0,0,0,0,2,0.0,0,2.0,0,0,0.0,0,0.0,1.0,7,3,0.0,3,0,1,1,0,3,0,0,0,0,0,0,0,0,0,0,3,1.0,3,1.0,3,1,0,0,3,0,0,3,0,1,0,0,0,0,0,3,3,4,1420,1300,17,0,0,4,1.0,105,1,1710,26,241,100,20143
2025-07-11,argo,com.vrem.wifianalyzer.wifi.graphutils,GraphAdapter,update,1,0,0.0,1,1.0,0,0,1,0,1,0,1,1,0.0,1,0,0,2,0.0,0,2.0,1,0,0.0,0,0.0,1.0,7,3,0.0,3,0,1,1,0,3,0,0,0,0,0,0,0,0,0,0,3,1.0,3,1.0,3,1,0,0,3,0,0,3,0,1,0,0,0,0,0,3,3,4,1420,1300,17,0,0,4,1.0,105,1,1710,26,241,100,20143
2025-07-11,argo,com.vrem.wifianalyzer.wifi.graphutils,GraphAdapter,graphViewNotifiers,1,0,0.0,0,0.0,0,0,1,0,1,0,1,1,0.0,0,0,0,0,0.0,0,0.0,0,0,0.0,0,0.0,1.0,7,3,0.0,3,0,1,1,0,3,0,0,0,0,0,0,0,0,0,0,3,1.0,3,1.0,3,1,0,0,3,0,0,3,0,1,0,0,0,0,0,3,3,4,1420,1300,17,0,0,4,1.0,105,1,1710,26,241,100,20143
2025-07-11,argo,com.vrem.wifianalyzer.wifi.graphutils,GraphViewWrapper,removeSeries,1,0,1.0,2,1.0,0,3,1,0,4,0,1,0,0.0,2,0,0,4,0.0,1,2.3333333333333335,1,0,0.0,0,0.0,0.7222222222222222,109,75,0.4666666666666667,18,1,0,0,1,12,6,0,0,0,1,1,0,0,0,0,23,0.9477124183006536,23,1.2777777777777777,18,0,1,0,15,3,0,15,0,1,0,0,0,0,0,18,18,4,1420,1300,17,0,10,50,1.6875,105,1,1710,26,241,100,20143
2025-07-11,argo,com.vrem.wifianalyzer.wifi.graphutils,GraphViewWrapper,differenceSeries,1,0,0.0,1,1.0,0,3,1,0,1,0,1,0,0.0,0,0,0,1,0.0,1,2.0,1,0,0.0,0,0.0,0.7222222222222222,109,75,0.4666666666666667,18,1,0,0,1,12,6,0,0,0,1,1,0,0,0,0,23,0.9477124183006536,23,1.2777777777777777,18,0,1,0,15,3,0,15,0,1,0,0,0,0,0,18,18,4,1420,1300,17,0,10,50,1.6875,105,1,1710,26,241,100,20143
2025-07-11,argo,com.vrem.wifianalyzer.wifi.graphutils,GraphViewWrapper,addSeries,3,0,0.0,6,0.5,0,3,1,0,12,1,3,0,0.0,4,0,0,15,0.0,1,2.3636363636363638,3,0,0.0,0,0.0,0.7222222222222222,109,75,0.4666666666666667,18,1,0,0,1,12,6,0,0,0,1,1,0,0,0,0,23,0.9477124183006536,23,1.2777777777777777,18,0,1,0,15,3,0,15,0,1,0,0,0,0,0,18,18,4,1420,1300,17,0,10,50,1.6875,105,1,1710,26,241,100,20143
2025-07-11,argo,com.vrem.wifianalyzer.wifi.graphutils,GraphViewWrapper,updateSeries,3,1,1.0,4,0.5,0,3,1,0,10,1,3,0,0.0,1,0,0,12,0.0,1,2.5714285714285716,3,0,0.0,0,0.0,0.7222222222222222,109,75,0.4666666666666667,18,1,0,0,1,12,6,0,0,0,1,1,0,0,0,0,23,0.9477124183006536,23,1.2777777777777777,18,0,1,0,15,3,0,15,0,1,0,0,0,0,0,18,18,4,1420,1300,17,0,10,50,1.6875,105,1,1710,26,241,100,20143
2025-07-11,argo,com.vrem.wifianalyzer.wifi.graphutils,GraphViewWrapper,appendToSeries,3,1,1.0,3,0.6667,0,3,1,0,9,1,3,0,0.0,1,0,0,7,0.0,1,2.5,4,0,0.0,0,0.0,0.7222222222222222,109,75,0.4666666666666667,18,1,0,0,1,12,6,0,0,0,1,1,0,0,0,0,23,0.9477124183006536,23,1.2777777777777777,18,0,1,0,15,3,0,15,0,1,0,0,0,0,0,18,18,4,1420,1300,17,0,10,50,1.6875,105,1,1710,26,241,100,20143
2025-07-11,argo,com.vrem.wifianalyzer.wifi.graphutils,GraphViewWrapper,newSeries,1,0,1.0,0,0.0,0,3,1,0,1,0,1,0,0.0,1,0,0,1,0.0,0,0.0,1,0,0.0,0,0.0,0.7222222222222222,109,75,0.4666666666666667,18,1,0,0,1,12,6,0,0,0,1,1,0,0,0,0,23,0.9477124183006536,23,1.2777777777777777,18,0,1,0,15,3,0,15,0,1,0,0,0,0,0,18,18,4,1420,1300,17,0,10,50,1.6875,105,1,1710,26,241,100,20143
2025-07-11,argo,com.vrem.wifianalyzer.wifi.graphutils,GraphViewWrapper,setViewport,1,1,0.0,2,0.5,0,3,1,0,5,0,1,0,1.0,0,1,1,4,1.0,0,2.6666666666666665,0,1,0.0,0,0.0,0.7222222222222222,109,75,0.4666666666666667,18,1,0,0,1,12,6,0,0,0,1,1,0,0,0,0,23,0.9477124183006536,23,1.2777777777777777,18,0,1,0,15,3,0,15,0,1,0,0,0,0,0,18,18,4,1420,1300,17,0,10,50,1.6875,105,1,1710,26,241,100,20143
2025-07-11,argo,com.vrem.wifianalyzer.wifi.graphutils,GraphViewWrapper,setViewport,1,1,0.0,2,0.5,0,3,1,0,5,0,1,0,0.0,0,0,1,4,0.0,0,2.6666666666666665,2,1,0.0,0,0.0,0.7222222222222222,109,75,0.4666666666666667,18,1,0,0,1,12,6,0,0,0,1,1,0,0,0,0,23,0.9477124183006536,23,1.2777777777777777,18,0,1,0,15,3,0,15,0,1,0,0,0,0,0,18,18,4,1420,1300,17,0,10,50,1.6875,105,1,1710,26,241,100,20143
2025-07-11,argo,com.vrem.wifianalyzer.wifi.graphutils,GraphViewWrapper,addSeries,1,0,0.0,0,0.0,0,3,1,0,3,0,1,0,0.0,2,0,1,1,0.0,1,2.0,1,1,0.0,0,0.0,0.7222222222222222,109,75,0.4666666666666667,18,1,0,0,1,12,6,0,0,0,1,1,0,0,0,0,23,0.9477124183006536,23,1.2777777777777777,18,0,1,0,15,3,0,15,0,1,0,0,0,0,0,18,18,4,1420,1300,17,0,10,50,1.6875,105,1,1710,26,241,100,20143
2025-07-11,argo,com.vrem.wifianalyzer.wifi.graphutils,GraphViewWrapper,updateLegend,1,1,1.0,2,1.0,0,3,1,0,9,0,1,1,0.0,1,0,5,2,0.0,1,2.0,1,3,0.0,0,0.0,0.7222222222222222,109,75,0.4666666666666667,18,1,0,0,1,12,6,0,0,0,1,1,0,0,0,0,23,0.9477124183006536,23,1.2777777777777777,18,0,1,0,15,3,0,15,0,1,0,0,0,0,0,18,18,4,1420,1300,17,0,10,50,1.6875,105,1,1710,26,241,100,20143
2025-07-11,argo,com.vrem.wifianalyzer.wifi.graphutils,GraphViewWrapper,calculateGraphType,3,1,0.0,3,1.0,0,3,1,0,9,1,3,0,0.0,0,0,0,8,0.0,1,3.0,0,0,0.0,0,0.0,0.7222222222222222,109,75,0.4666666666666667,18,1,0,0,1,12,6,0,0,0,1,1,0,0,0,0,23,0.9477124183006536,23,1.2777777777777777,18,0,1,0,15,3,0,15,0,1,0,0,0,0,0,18,18,4,1420,1300,17,0,10,50,1.6875,105,1,1710,26,241,100,20143
2025-07-11,argo,com.vrem.wifianalyzer.wifi.graphutils,GraphViewWrapper,setHorizontalLabelsVisible,1,0,0.0,0,0.0,0,3,1,0,3,0,1,0,0.0,0,0,1,0,0.0,0,3.0,1,0,0.0,0,0.0,0.7222222222222222,109,75,0.4666666666666667,18,1,0,0,1,12,6,0,0,0,1,1,0,0,0,0,23,0.9477124183006536,23,1.2777777777777777,18,0,1,0,15,3,0,15,0,1,0,0,0,0,0,18,18,4,1420,1300,17,0,10,50,1.6875,105,1,1710,26,241,100,20143
2025-07-11,argo,com.vrem.wifianalyzer.wifi.graphutils,GraphViewWrapper,visibility,1,0,0.0,0,0.0,0,3,1,0,3,0,1,1,0.0,0,0,1,0,0.0,0,2.0,1,0,0.0,0,0.0,0.7222222222222222,109,75,0.4666666666666667,18,1,0,0,1,12,6,0,0,0,1,1,0,0,0,0,23,0.9477124183006536,23,1.2777777777777777,18,0,1,0,15,3,0,15,0,1,0,0,0,0,0,18,18,4,1420,1300,17,0,10,50,1.6875,105,1,1710,26,241,100,20143
2025-07-11,argo,com.vrem.wifianalyzer.wifi.graphutils,GraphViewWrapper,size,3,0,0.0,0,0.0,0,3,1,0,1,1,3,0,0.0,0,0,0,1,0.0,0,0.0,1,0,0.0,0,0.0,0.7222222222222222,109,75,0.4666666666666667,18,1,0,0,1,12,6,0,0,0,1,1,0,0,0,0,23,0.9477124183006536,23,1.2777777777777777,18,0,1,0,15,3,0,15,0,1,0,0,0,0,0,18,18,4,1420,1300,17,0,10,50,1.6875,105,1,1710,26,241,100,20143
2025-07-11,argo,com.vrem.wifianalyzer.wifi.graphutils,GraphViewWrapper,newLegendRenderer,1,0,0.0,0,0.0,0,3,1,0,1,0,1,0,0.0,0,0,0,1,0.0,0,0.0,0,0,0.0,0,0.0,0.7222222222222222,109,75,0.4666666666666667,18,1,0,0,1,12,6,0,0,0,1,1,0,0,0,0,23,0.9477124183006536,23,1.2777777777777777,18,0,1,0,15,3,0,15,0,1,0,0,0,0,0,18,18,4,1420,1300,17,0,10,50,1.6875,105,1,1710,26,241,100,20143
2025-07-11,argo,com.vrem.wifianalyzer.wifi.graphutils,GraphViewWrapper,resetLegendRenderer,2,0,1.0,2,1.0,0,3,1,0,6,1,2,1,0.0,1,0,0,2,0.0,1,2.0,1,0,0.0,0,0.0,0.7222222222222222,109,75,0.4666666666666667,18,1,0,0,1,12,6,0,0,0,1,1,0,0,0,0,23,0.9477124183006536,23,1.2777777777777777,18,0,1,0,15,3,0,15,0,1,0,0,0,0,0,18,18,4,1420,1300,17,0,10,50,1.6875,105,1,1710,26,241,100,20143
2025-07-11,argo,com.vrem.wifianalyzer.wifi.graphutils,GraphViewWrapper,seriesExists,1,0,0.0,1,1.0,0,3,1,0,1,0,1,0,0.0,0,0,0,1,0.0,1,2.0,1,0,0.0,0,0.0,0.7222222222222222,109,75,0.4666666666666667,18,1,0,0,1,12,6,0,0,0,1,1,0,0,0,0,23,0.9477124183006536,23,1.2777777777777777,18,0,1,0,15,3,0,15,0,1,0,0,0,0,0,18,18,4,1420,1300,17,0,10,50,1.6875,105,1,1710,26,241,100,20143
2025-07-11,argo,com.vrem.wifianalyzer.wifi.graphutils,GraphViewWrapper,popup,3,0,0.0,2,1.0,0,3,1,0,5,0,3,0,0.0,0,0,1,5,0.0,2,3.0,1,1,0.0,0,0.0,0.7222222222222222,109,75,0.4666666666666667,18,1,0,0,1,12,6,0,0,0,1,1,0,0,0,0,23,0.9477124183006536,23,1.2777777777777777,18,0,1,0,15,3,0,15,0,1,0,0,0,0,0,18,18,4,1420,1300,17,0,10,50,1.6875,105,1,1710,26,241,100,20143
2025-07-11,argo,com.vrem.wifianalyzer.wifi.graphutils,SeriesCache,difference,1,0,0.0,1,1.0,0,1,1,0,1,0,1,0,0.5,0,1,0,3,1.0,0,4.0,1,0,0.0,0,1.0,0.16666666666666666,15,5,0.0,5,1,0,0,0,7,0,0,1,0,0,1,0,0,0,0,6,1.0,6,1.0,6,0,1,0,6,0,0,6,0,1,0,0,0,0,0,6,6,4,1420,1300,17,0,0,9,1.0,105,1,1710,26,241,100,20143
2025-07-11,argo,com.vrem.wifianalyzer.wifi.graphutils,SeriesCache,remove,1,0,0.0,1,1.0,0,1,1,0,1,0,1,0,0.6666666666666666,1,1,0,4,1.0,0,2.0,1,0,0.0,0,1.0,0.16666666666666666,15,5,0.0,5,1,0,0,0,7,0,0,1,0,0,1,0,0,0,0,6,1.0,6,1.0,6,0,1,0,6,0,0,6,0,1,0,0,0,0,0,6,6,4,1420,1300,17,0,0,9,1.0,105,1,1710,26,241,100,20143
2025-07-11,argo,com.vrem.wifianalyzer.wifi.graphutils,SeriesCache,find,1,0,0.0,0,0.0,0,1,1,0,1,0,1,0,0.6666666666666666,0,1,0,0,1.0,0,3.0,1,0,0.0,0,1.0,0.16666666666666666,15,5,0.0,5,1,0,0,0,7,0,0,1,0,0,1,0,0,0,0,6,1.0,6,1.0,6,0,1,0,6,0,0,6,0,1,0,0,0,0,0,6,6,4,1420,1300,17,0,0,9,1.0,105,1,1710,26,241,100,20143
2025-07-11,argo,com.vrem.wifianalyzer.wifi.graphutils,SeriesCache,contains,1,0,0.0,1,1.0,0,1,1,0,1,0,1,0,0.5,0,1,0,1,1.0,1,2.0,1,0,0.0,0,1.0,0.16666666666666666,15,5,0.0,5,1,0,0,0,7,0,0,1,0,0,1,0,0,0,0,6,1.0,6,1.0,6,0,1,0,6,0,0,6,0,1,0,0,0,0,0,6,6,4,1420,1300,17,0,0,9,1.0,105,1,1710,26,241,100,20143
2025-07-11,argo,com.vrem.wifianalyzer.wifi.graphutils,SeriesCache,get,1,0,0.0,0,0.0,0,1,1,0,1,0,1,0,0.5,0,1,0,0,1.0,0,0.0,1,0,0.0,0,1.0,0.16666666666666666,15,5,0.0,5,1,0,0,0,7,0,0,1,0,0,1,0,0,0,0,6,1.0,6,1.0,6,0,1,0,6,0,0,6,0,1,0,0,0,0,0,6,6,4,1420,1300,17,0,0,9,1.0,105,1,1710,26,241,100,20143
2025-07-11,argo,com.vrem.wifianalyzer.wifi.graphutils,SeriesCache,put,1,0,0.0,0,0.0,0,1,1,0,1,0,1,0,0.3333333333333333,1,1,0,1,0.5,1,2.0,2,0,0.0,0,1.0,0.16666666666666666,15,5,0.0,5,1,0,0,0,7,0,0,1,0,0,1,0,0,0,0,6,1.0,6,1.0,6,0,1,0,6,0,0,6,0,1,0,0,0,0,0,6,6,4,1420,1300,17,0,0,9,1.0,105,1,1710,26,241,100,20143
2025-07-11,argo,com.vrem.wifianalyzer.wifi.manager,WiFiManagerWrapper,wiFiEnabled,3,0,0.0,0,0.0,0,4,1,0,5,1,3,0,0.0,0,0,0,1,0.0,0,2.0,0,0,0.0,0,0.0,0.7272727272727273,55,31,0.2857142857142857,11,0,0,0,0,3,0,0,0,0,0,0,0,0,0,0,13,0.7090909090909091,13,1.1818181818181819,11,0,0,0,10,1,0,10,0,1,0,0,0,0,0,11,11,4,1420,1300,4,0,0,14,2.4545454545454546,34,0,500,26,241,43,20143
2025-07-11,argo,com.vrem.wifianalyzer.wifi.manager,WiFiManagerWrapper,enableWiFi,3,0,1.0,1,1.0,0,4,1,0,5,1,3,1,0.0,1,0,0,2,0.0,1,2.0,0,0,0.0,0,0.0,0.7272727272727273,55,31,0.2857142857142857,11,0,0,0,0,3,0,0,0,0,0,0,0,0,0,0,13,0.7090909090909091,13,1.1818181818181819,11,0,0,0,10,1,0,10,0,1,0,0,0,0,0,11,11,4,1420,1300,4,0,0,14,2.4545454545454546,34,0,500,26,241,43,20143
2025-07-11,argo,com.vrem.wifianalyzer.wifi.manager,WiFiManagerWrapper,disableWiFi,3,0,1.0,1,1.0,0,4,1,0,5,1,3,0,0.0,1,0,0,2,0.0,1,2.0,0,0,0.0,0,0.0,0.7272727272727273,55,31,0.2857142857142857,11,0,0,0,0,3,0,0,0,0,0,0,0,0,0,0,13,0.7090909090909091,13,1.1818181818181819,11,0,0,0,10,1,0,10,0,1,0,0,0,0,0,11,11,4,1420,1300,4,0,0,14,2.4545454545454546,34,0,500,26,241,43,20143
2025-07-11,argo,com.vrem.wifianalyzer.wifi.manager,WiFiManagerWrapper,startScan,3,0,0.0,0,0.0,0,4,1,0,5,1,3,0,0.0,1,0,0,2,0.0,1,2.0,0,0,0.0,0,0.0,0.7272727272727273,55,31,0.2857142857142857,11,0,0,0,0,3,0,0,0,0,0,0,0,0,0,0,13,0.7090909090909091,13,1.1818181818181819,11,0,0,0,10,1,0,10,0,1,0,0,0,0,0,11,11,4,1420,1300,4,0,0,14,2.4545454545454546,34,0,500,26,241,43,20143
2025-07-11,argo,com.vrem.wifianalyzer.wifi.manager,WiFiManagerWrapper,scanResults,3,0,0.0,1,1.0,0,4,1,0,5,1,3,0,0.0,0,0,0,3,0.0,1,2.0,0,0,0.0,0,0.0,0.7272727272727273,55,31,0.2857142857142857,11,0,0,0,0,3,0,0,0,0,0,0,0,0,0,0,13,0.7090909090909091,13,1.1818181818181819,11,0,0,0,10,1,0,10,0,1,0,0,0,0,0,11,11,4,1420,1300,4,0,0,14,2.4545454545454546,34,0,500,26,241,43,20143
2025-07-11,argo,com.vrem.wifianalyzer.wifi.manager,WiFiManagerWrapper,wiFiInfo,3,0,0.0,0,0.0,0,4,1,0,5,1,3,0,0.0,0,0,0,1,0.0,0,2.0,0,0,0.0,0,0.0,0.7272727272727273,55,31,0.2857142857142857,11,0,0,0,0,3,0,0,0,0,0,0,0,0,0,0,13,0.7090909090909091,13,1.1818181818181819,11,0,0,0,10,1,0,10,0,1,0,0,0,0,0,11,11,4,1420,1300,4,0,0,14,2.4545454545454546,34,0,500,26,241,43,20143
2025-07-11,argo,com.vrem.wifianalyzer.wifi.manager,WiFiManagerWrapper,is5GHzBandSupported,1,0,0.0,0,0.0,0,4,1,0,1,0,1,0,0.0,0,0,0,0,0.0,0,2.0,0,0,0.0,0,0.0,0.7272727272727273,55,31,0.2857142857142857,11,0,0,0,0,3,0,0,0,0,0,0,0,0,0,0,13,0.7090909090909091,13,1.1818181818181819,11,0,0,0,10,1,0,10,0,1,0,0,0,0,0,11,11,4,1420,1300,4,0,0,14,2.4545454545454546,34,0,500,26,241,43,20143
2025-07-11,argo,com.vrem.wifianalyzer.wifi.manager,WiFiManagerWrapper,is6GHzBandSupported,3,0,0.0,0,0.0,0,4,1,0,5,1,3,0,0.0,1,0,0,1,0.0,0,2.0,0,0,0.0,0,0.0,0.7272727272727273,55,31,0.2857142857142857,11,0,0,0,0,3,0,0,0,0,0,0,0,0,0,0,13,0.7090909090909091,13,1.1818181818181819,11,0,0,0,10,1,0,10,0,1,0,0,0,0,0,11,11,4,1420,1300,4,0,0,14,2.4545454545454546,34,0,500,26,241,43,20143
2025-07-11,argo,com.vrem.wifianalyzer.wifi.manager,WiFiManagerWrapper,isScanThrottleEnabled,3,0,0.0,0,0.0,0,4,1,0,5,1,3,2,0.0,2,0,0,1,0.0,0,0.0,0,0,0.0,0,0.0,0.7272727272727273,55,31,0.2857142857142857,11,0,0,0,0,3,0,0,0,0,0,0,0,0,0,0,13,0.7090909090909091,13,1.1818181818181819,11,0,0,0,10,1,0,10,0,1,0,0,0,0,0,11,11,4,1420,1300,4,0,0,14,2.4545454545454546,34,0,500,26,241,43,20143
2025-07-11,argo,com.vrem.wifianalyzer.wifi.manager,WiFiManagerWrapper,isScanThrottleEnabledR,1,0,0.0,0,0.0,0,4,1,0,1,0,1,0,0.0,0,0,0,0,0.0,0,2.0,0,0,0.0,0,0.0,0.7272727272727273,55,31,0.2857142857142857,11,0,0,0,0,3,0,0,0,0,0,0,0,0,0,0,13,0.7090909090909091,13,1.1818181818181819,11,0,0,0,10,1,0,10,0,1,0,0,0,0,0,11,11,4,1420,1300,4,0,0,14,2.4545454545454546,34,0,500,26,241,43,20143
2025-07-11,argo,com.vrem.wifianalyzer.wifi.manager,WiFiManagerWrapper,minVersionR,1,0,0.0,0,0.0,0,4,1,0,1,0,1,0,0.0,0,0,0,1,0.0,0,0.0,0,0,0.0,0,0.0,0.7272727272727273,55,31,0.2857142857142857,11,0,0,0,0,3,0,0,0,0,0,0,0,0,0,0,13,0.7090909090909091,13,1.1818181818181819,11,0,0,0,10,1,0,10,0,1,0,0,0,0,0,11,11,4,1420,1300,4,0,0,14,2.4545454545454546,34,0,500,26,241,43,20143
2025-07-11,argo,com.vrem.wifianalyzer.wifi.manager,WiFiSwitch,on,1,0,1.0,0,0.0,0,0,1,0,1,0,1,1,0.0,1,0,0,0,0.0,0,0.0,0,0,0.0,0,0.0,0.2857142857142857,18,10,0.5714285714285714,7,0,0,0,0,2,1,0,0,0,0,0,0,0,0,0,8,1.0,8,1.1428571428571428,7,0,0,0,4,3,0,4,1,1,0,0,0,0,0,7,7,4,1420,1300,4,0,1,6,1.2857142857142858,34,0,500,26,241,43,20143
2025-07-11,argo,com.vrem.wifianalyzer.wifi.manager,WiFiSwitch,off,1,0,1.0,0,0.0,0,0,1,0,1,0,1,1,0.0,1,0,0,0,0.0,0,0.0,0,0,0.0,0,0.0,0.2857142857142857,18,10,0.5714285714285714,7,0,0,0,0,2,1,0,0,0,0,0,0,0,0,0,8,1.0,8,1.1428571428571428,7,0,0,0,4,3,0,4,1,1,0,0,0,0,0,7,7,4,1420,1300,4,0,1,6,1.2857142857142858,34,0,500,26,241,43,20143
2025-07-11,argo,com.vrem.wifianalyzer.wifi.manager,WiFiSwitch,startWiFiSettings,1,0,0.0,1,1.0,0,0,1,0,1,0,1,0,0.0,1,0,0,3,0.0,0,4.0,0,0,0.0,0,0.0,0.2857142857142857,18,10,0.5714285714285714,7,0,0,0,0,2,1,0,0,0,0,0,0,0,0,0,8,1.0,8,1.1428571428571428,7,0,0,0,4,3,0,4,1,1,0,0,0,0,0,7,7,4,1420,1300,4,0,1,6,1.2857142857142858,34,0,500,26,241,43,20143
2025-07-11,argo,com.vrem.wifianalyzer.wifi.manager,WiFiSwitch,minVersionQ,1,0,0.0,0,0.0,0,0,1,0,1,0,1,0,0.0,0,0,0,1,0.0,0,0.0,0,0,0.0,0,0.0,0.2857142857142857,18,10,0.5714285714285714,7,0,0,0,0,2,1,0,0,0,0,0,0,0,0,0,8,1.0,8,1.1428571428571428,7,0,0,0,4,3,0,4,1,1,0,0,0,0,0,7,7,4,1420,1300,4,0,1,6,1.2857142857142858,34,0,500,26,241,43,20143
2025-07-11,argo,com.vrem.wifianalyzer.wifi.manager,WiFiSwitch,enable,3,0,3.0,0,0.0,0,0,1,0,1,1,3,4,0.0,3,0,0,1,0.0,0,0.0,1,0,0.0,0,0.0,0.2857142857142857,18,10,0.5714285714285714,7,0,0,0,0,2,1,0,0,0,0,0,0,0,0,0,8,1.0,8,1.1428571428571428,7,0,0,0,4,3,0,4,1,1,0,0,0,0,0,7,7,4,1420,1300,4,0,1,6,1.2857142857142858,34,0,500,26,241,43,20143
2025-07-11,argo,com.vrem.wifianalyzer.wifi.manager,WiFiSwitch,enableWiFiAndroidQ,1,0,1.0,0,0.0,0,0,1,0,4,0,1,1,0.0,1,0,1,0,0.0,0,0.0,0,1,0.0,0,0.0,0.2857142857142857,18,10,0.5714285714285714,7,0,0,0,0,2,1,0,0,0,0,0,0,0,0,0,8,1.0,8,1.1428571428571428,7,0,0,0,4,3,0,4,1,1,0,0,0,0,0,7,7,4,1420,1300,4,0,1,6,1.2857142857142858,34,0,500,26,241,43,20143
2025-07-11,argo,com.vrem.wifianalyzer.wifi.manager,WiFiSwitch,enableWiFiLegacy,1,0,0.0,1,1.0,0,0,1,0,1,0,1,0,0.0,0,0,0,1,0.0,1,2.0,1,0,0.0,0,0.0,0.2857142857142857,18,10,0.5714285714285714,7,0,0,0,0,2,1,0,0,0,0,0,0,0,0,0,8,1.0,8,1.1428571428571428,7,0,0,0,4,3,0,4,1,1,0,0,0,0,0,7,7,4,1420,1300,4,0,1,6,1.2857142857142858,34,0,500,26,241,43,20143
2025-07-11,argo,com.vrem.wifianalyzer.wifi.model,ChannelAPCount,compareTo,1,0,0.0,1,1.0,0,0,1,0,1,0,1,0,0.0,0,0,0,4,0.0,0,2.0,1,0,0.0,0,0.0,0.0,3,1,0.0,1,0,1,1,0,1,0,0,0,0,0,0,0,0,0,0,1,0.0,1,1.0,1,1,0,0,1,0,0,1,0,1,0,0,0,0,0,1,1,4,1420,1300,47,0,0,4,1.0,193,0,3790,26,241,179,20143
2025-07-11,argo,com.vrem.wifianalyzer.wifi.model,ChannelRating,count,1,0,1.0,1,1.0,0,0,1,0,1,0,1,1,0.0,1,0,0,1,0.0,0,2.0,1,0,0.0,0,0.0,0.14285714285714285,21,13,0.7142857142857143,7,0,0,0,0,8,1,0,0,0,0,0,0,0,0,0,7,0.9523809523809523,7,1.0,7,0,0,0,4,3,0,4,0,1,0,0,0,0,0,7,7,4,1420,1300,47,0,1,31,1.0,193,0,3790,26,241,179,20143
2025-07-11,argo,com.vrem.wifianalyzer.wifi.model,ChannelRating,strength,1,0,1.0,1,1.0,0,0,1,0,1,0,1,0,0.0,1,0,0,12,0.0,0,3.0,1,0,0.0,0,0.0,0.14285714285714285,21,13,0.7142857142857143,7,0,0,0,0,8,1,0,0,0,0,0,0,0,0,0,7,0.9523809523809523,7,1.0,7,0,0,0,4,3,0,4,0,1,0,0,0,0,0,7,7,4,1420,1300,47,0,1,31,1.0,193,0,3790,26,241,179,20143
2025-07-11,argo,com.vrem.wifianalyzer.wifi.model,ChannelRating,wiFiDetails,1,0,1.0,2,0.5,0,0,1,0,4,0,1,2,0.0,1,0,1,2,0.0,1,2.0,1,1,0.0,0,0.0,0.14285714285714285,21,13,0.7142857142857143,7,0,0,0,0,8,1,0,0,0,0,0,0,0,0,0,7,0.9523809523809523,7,1.0,7,0,0,0,4,3,0,4,0,1,0,0,0,0,0,7,7,4,1420,1300,47,0,1,31,1.0,193,0,3790,26,241,179,20143
2025-07-11,argo,com.vrem.wifianalyzer.wifi.model,ChannelRating,bestChannels,1,0,2.0,1,1.0,0,0,1,0,1,0,1,2,0.0,2,0,0,6,0.0,0,2.5,2,0,0.0,0,0.0,0.14285714285714285,21,13,0.7142857142857143,7,0,0,0,0,8,1,0,0,0,0,0,0,0,0,0,7,0.9523809523809523,7,1.0,7,0,0,0,4,3,0,4,0,1,0,0,0,0,0,7,7,4,1420,1300,47,0,1,31,1.0,193,0,3790,26,241,179,20143
2025-07-11,argo,com.vrem.wifianalyzer.wifi.model,ChannelRating,removeSame,1,0,0.0,1,1.0,0,0,1,0,1,0,1,1,0.0,0,0,0,5,0.0,0,2.6666666666666665,1,0,0.0,0,0.0,0.14285714285714285,21,13,0.7142857142857143,7,0,0,0,0,8,1,0,0,0,0,0,0,0,0,0,7,0.9523809523809523,7,1.0,7,0,0,0,4,3,0,4,0,1,0,0,0,0,0,7,7,4,1420,1300,47,0,1,31,1.0,193,0,3790,26,241,179,20143
2025-07-11,argo,com.vrem.wifianalyzer.wifi.model,ChannelRating,collectOverlapping,1,0,0.0,1,1.0,0,0,1,0,1,0,1,1,0.0,0,0,0,4,0.0,0,3.0,1,0,0.0,0,0.0,0.14285714285714285,21,13,0.7142857142857143,7,0,0,0,0,8,1,0,0,0,0,0,0,0,0,0,7,0.9523809523809523,7,1.0,7,0,0,0,4,3,0,4,0,1,0,0,0,0,0,7,7,4,1420,1300,47,0,1,31,1.0,193,0,3790,26,241,179,20143
2025-07-11,argo,com.vrem.wifianalyzer.wifi.model,ChannelRating,bestChannel,1,1,1.0,0,0.0,0,0,1,0,4,0,1,4,0.0,1,0,0,1,0.0,0,2.0,1,0,0.0,0,0.0,0.14285714285714285,21,13,0.7142857142857143,7,0,0,0,0,8,1,0,0,0,0,0,0,0,0,0,7,0.9523809523809523,7,1.0,7,0,0,0,4,3,0,4,0,1,0,0,0,0,0,7,7,4,1420,1300,47,0,1,31,1.0,193,0,3790,26,241,179,20143
2025-07-11,argo,com.vrem.wifianalyzer.wifi.model,Strength,reverse,1,0,0.0,0,0.0,0,0,1,0,1,0,1,0,0.0,0,0,0,0,0.0,0,0.0,0,0,0.0,0,0.0,1.0,19,1,0.0,1,0,0,0,0,1,0,1,0,0,0,0,0,0,0,0,1,0.0,1,1.0,1,0,0,0,1,0,0,1,0,1,0,0,2,0,2,1,3,4,1420,1300,47,1,0,0,1.0,193,0,3790,26,241,179,20143
2025-07-11,argo,com.vrem.wifianalyzer.wifi.model,WiFiConnection,equals,3,0,0.0,1,1.0,0,0,1,0,6,2,3,0,0.0,0,0,0,2,0.0,0,2.0,1,0,0.0,0,0.0,1.0,20,8,0.0,3,1,3,1,1,3,0,0,0,0,2,3,2,2,0,0,5,1.0,5,1.6666666666666667,3,3,1,0,3,0,0,3,0,1,0,0,0,0,0,3,3,4,1420,1300,47,0,0,5,1.6666666666666667,193,0,3790,26,241,179,20143
2025-07-11,argo,com.vrem.wifianalyzer.wifi.model,WiFiConnection,hashCode,1,0,0.0,0,0.0,0,0,1,0,1,0,1,0,0.0,1,0,0,1,0.0,1,2.0,0,0,0.0,0,0.0,1.0,20,8,0.0,3,1,3,1,1,3,0,0,0,0,2,3,2,2,0,0,5,1.0,5,1.6666666666666667,3,3,1,0,3,0,0,3,0,1,0,0,0,0,0,3,3,4,1420,1300,47,0,0,5,1.6666666666666667,193,0,3790,26,241,179,20143
2025-07-11,argo,com.vrem.wifianalyzer.wifi.model,WiFiConnection,compareTo,1,0,0.0,0,0.0,0,0,1,0,1,0,1,0,0.0,1,0,0,2,0.0,0,3.0,1,0,0.0,0,0.0,1.0,20,8,0.0,3,1,3,1,1,3,0,0,0,0,2,3,2,2,0,0,5,1.0,5,1.6666666666666667,3,3,1,0,3,0,0,3,0,1,0,0,0,0,0,3,3,4,1420,1300,47,0,0,5,1.6666666666666667,193,0,3790,26,241,179,20143
2025-07-11,argo,com.vrem.wifianalyzer.wifi.model,WiFiData,connection,1,0,2.0,1,1.0,0,0,1,0,1,0,1,4,0.0,2,0,0,3,0.0,0,2.0,0,0,0.0,0,0.0,0.75,45,32,0.375,8,0,0,0,0,7,0,0,0,0,1,1,1,1,0,0,11,0.9642857142857143,11,1.375,8,0,0,0,3,5,0,3,1,1,0,0,0,0,0,8,8,4,1420,1300,47,0,0,42,1.8571428571428572,193,0,3790,26,241,179,20143
2025-07-11,argo,com.vrem.wifianalyzer.wifi.model,WiFiData,wiFiDetails,1,0,3.0,1,1.0,0,0,1,0,1,0,1,2,0.0,2,0,0,1,0.0,0,2.0,2,0,0.0,0,0.0,0.75,45,32,0.375,8,0,0,0,0,7,0,0,0,0,1,1,1,1,0,0,11,0.9642857142857143,11,1.375,8,0,0,0,3,5,0,3,1,1,0,0,0,0,0,8,8,4,1420,1300,47,0,0,42,1.8571428571428572,193,0,3790,26,241,179,20143
2025-07-11,argo,com.vrem.wifianalyzer.wifi.model,WiFiData,wiFiDetails,1,1,3.0,1,1.0,0,0,1,0,4,0,1,6,0.0,3,0,0,6,0.0,0,2.25,3,0,0.0,0,0.0,0.75,45,32,0.375,8,0,0,0,0,7,0,0,0,0,1,1,1,1,0,0,11,0.9642857142857143,11,1.375,8,0,0,0,3,5,0,3,1,1,0,0,0,0,0,8,8,4,1420,1300,47,0,0,42,1.8571428571428572,193,0,3790,26,241,179,20143
2025-07-11,argo,com.vrem.wifianalyzer.wifi.model,WiFiData,sortAndGroup,3,0,1.0,2,1.0,0,0,1,0,5,1,3,0,0.0,1,0,0,6,0.0,0,2.4,2,0,0.0,0,0.0,0.75,45,32,0.375,8,0,0,0,0,7,0,0,0,0,1,1,1,1,0,0,11,0.9642857142857143,11,1.375,8,0,0,0,3,5,0,3,1,1,0,0,0,0,0,8,8,4,1420,1300,47,0,0,42,1.8571428571428572,193,0,3790,26,241,179,20143
2025-07-11,argo,com.vrem.wifianalyzer.wifi.model,WiFiData,map,3,1,0.0,3,1.0,0,0,1,0,7,2,3,0,0.0,0,0,0,9,0.0,1,2.5,2,0,0.0,0,0.0,0.75,45,32,0.375,8,0,0,0,0,7,0,0,0,0,1,1,1,1,0,0,11,0.9642857142857143,11,1.375,8,0,0,0,3,5,0,3,1,1,0,0,0,0,0,8,8,4,1420,1300,47,0,0,42,1.8571428571428572,193,0,3790,26,241,179,20143
2025-07-11,argo,com.vrem.wifianalyzer.wifi.model,WiFiData,transform,3,2,0.0,2,1.0,0,0,1,0,8,2,3,2,0.0,0,0,0,8,0.0,0,4.0,2,0,0.0,0,0.0,0.75,45,32,0.375,8,0,0,0,0,7,0,0,0,0,1,1,1,1,0,0,11,0.9642857142857143,11,1.375,8,0,0,0,3,5,0,3,1,1,0,0,0,0,0,8,8,4,1420,1300,47,0,0,42,1.8571428571428572,193,0,3790,26,241,179,20143
2025-07-11,argo,com.vrem.wifianalyzer.wifi.model,WiFiData,connected,1,0,0.0,1,1.0,0,0,1,0,1,0,1,0,0.0,0,0,0,3,0.0,0,4.0,1,0,0.0,0,0.0,0.75,45,32,0.375,8,0,0,0,0,7,0,0,0,0,1,1,1,1,0,0,11,0.9642857142857143,11,1.375,8,0,0,0,3,5,0,3,1,1,0,0,0,0,0,8,8,4,1420,1300,47,0,0,42,1.8571428571428572,193,0,3790,26,241,179,20143
2025-07-11,argo,com.vrem.wifianalyzer.wifi.model,WiFiData,copy,1,2,0.0,1,1.0,0,0,1,0,5,0,1,0,0.0,0,0,0,7,0.0,0,6.0,1,0,0.0,0,0.0,0.75,45,32,0.375,8,0,0,0,0,7,0,0,0,0,1,1,1,1,0,0,11,0.9642857142857143,11,1.375,8,0,0,0,3,5,0,3,1,1,0,0,0,0,0,8,8,4,1420,1300,47,0,0,42,1.8571428571428572,193,0,3790,26,241,179,20143
2025-07-11,argo,com.vrem.wifianalyzer.wifi.model,WiFiDetail,equals,3,0,0.0,1,1.0,0,0,1,2,6,2,3,0,0.0,0,0,0,2,0.0,0,2.0,1,0,0.0,0,0.0,1.0,22,8,0.0,3,1,3,1,1,3,0,0,0,0,2,2,1,1,0,0,5,1.0,5,1.6666666666666667,3,3,1,0,3,0,0,3,0,1,0,0,0,0,0,3,3,4,1420,1300,47,0,0,5,1.6666666666666667,193,0,3790,26,241,179,20143
2025-07-11,argo,com.vrem.wifianalyzer.wifi.model,WiFiDetail,hashCode,1,0,0.0,0,0.0,0,0,1,2,1,0,1,0,0.0,1,0,0,1,0.0,1,2.0,0,0,0.0,0,0.0,1.0,22,8,0.0,3,1,3,1,1,3,0,0,0,0,2,2,1,1,0,0,5,1.0,5,1.6666666666666667,3,3,1,0,3,0,0,3,0,1,0,0,0,0,0,3,3,4,1420,1300,47,0,0,5,1.6666666666666667,193,0,3790,26,241,179,20143
2025-07-11,argo,com.vrem.wifianalyzer.wifi.model,WiFiDetail,compareTo,1,0,0.0,0,0.0,0,0,1,2,1,0,1,0,0.0,1,0,0,2,0.0,0,3.0,1,0,0.0,0,0.0,1.0,22,8,0.0,3,1,3,1,1,3,0,0,0,0,2,2,1,1,0,0,5,1.0,5,1.6666666666666667,3,3,1,0,3,0,0,3,0,1,0,0,0,0,0,3,3,4,1420,1300,47,0,0,5,1.6666666666666667,193,0,3790,26,241,179,20143
2025-07-11,argo,com.vrem.wifianalyzer.wifi.model,WiFiSignalExtra,wiFiStandardDisplay,1,0,0.0,1,1.0,0,0,1,0,1,0,1,0,0.0,0,0,0,2,0.0,0,3.0,1,0,0.0,0,0.0,0.5,9,2,0.0,2,0,0,0,0,2,0,0,0,0,1,1,1,1,0,0,2,1.0,2,1.0,2,0,7,0,6,0,0,6,0,2,0,0,0,0,0,2,2,4,1420,1300,47,0,0,15,2.25,193,0,3790,26,241,179,20143
2025-07-11,argo,com.vrem.wifianalyzer.wifi.model,WiFiSignalExtra,fastRoamingDisplay,1,0,0.0,1,1.0,0,0,1,0,1,0,1,0,0.0,0,0,0,7,0.0,0,2.4,1,0,0.0,0,0.0,0.5,9,2,0.0,2,0,0,0,0,2,0,0,0,0,1,1,1,1,0,0,2,1.0,2,1.0,2,0,7,0,6,0,0,6,0,2,0,0,0,0,0,2,2,4,1420,1300,47,0,0,15,2.25,193,0,3790,26,241,179,20143
2025-07-11,argo,com.vrem.wifianalyzer.wifi.model,WiFiSignal,inRange,1,0,0.0,0,0.0,0,0,1,0,1,0,1,0,0.4,0,2,0,0,2.0,0,2.3333333333333335,1,0,0.0,0,0.0,0.5,40,15,0.0,4,7,2,0,7,4,0,0,0,0,8,9,2,2,0,0,7,1.0,7,1.75,4,2,7,0,6,0,0,6,0,2,0,0,0,0,0,4,4,4,1420,1300,47,0,0,15,2.25,193,0,3790,26,241,179,20143
2025-07-11,argo,com.vrem.wifianalyzer.wifi.model,WiFiSignal,channelDisplay,3,3,0.0,1,1.0,0,0,1,0,6,0,3,0,1.0,0,2,0,2,2.0,1,2.0,0,0,0.0,0,0.0,0.5,40,15,0.0,4,7,2,0,7,4,0,0,0,0,8,9,2,2,0,0,7,1.0,7,1.75,4,2,7,0,6,0,0,6,0,2,0,0,0,0,0,4,4,4,1420,1300,47,0,0,15,2.25,193,0,3790,26,241,179,20143
2025-07-11,argo,com.vrem.wifianalyzer.wifi.model,WiFiSignal,equals,4,0,0.0,2,1.0,0,0,1,0,7,3,4,0,0.0,0,0,0,3,0.0,0,2.0,1,0,0.0,0,0.0,0.5,40,15,0.0,4,7,2,0,7,4,0,0,0,0,8,9,2,2,0,0,7,1.0,7,1.75,4,2,7,0,6,0,0,6,0,2,0,0,0,0,0,4,4,4,1420,1300,47,0,0,15,2.25,193,0,3790,26,241,179,20143
2025-07-11,argo,com.vrem.wifianalyzer.wifi.model,WiFiSignal,hashCode,1,0,0.0,0,0.0,0,0,1,0,1,0,1,0,0.0,1,0,0,1,0.0,1,2.0,0,0,0.0,0,0.0,0.5,40,15,0.0,4,7,2,0,7,4,0,0,0,0,8,9,2,2,0,0,7,1.0,7,1.75,4,2,7,0,6,0,0,6,0,2,0,0,0,0,0,4,4,4,1420,1300,47,0,0,15,2.25,193,0,3790,26,241,179,20143
2025-07-11,argo,com.vrem.wifianalyzer.wifi.scanner,PeriodicScan,stop,1,0,0.0,1,1.0,0,0,1,0,4,0,1,1,1.0,0,1,1,1,1.0,1,2.0,0,1,0.0,0,0.1,0.6,33,19,0.8,5,1,1,1,0,1,5,0,1,0,1,2,2,2,1,0,5,0.9,5,1.0,5,1,1,0,4,1,0,4,0,1,0,0,0,0,0,5,5,4,1420,1300,18,0,7,4,1.0,107,1,1584,26,241,79,20143
2025-07-11,argo,com.vrem.wifianalyzer.wifi.scanner,PeriodicScan,start,1,0,1.0,0,0.0,0,0,1,0,3,0,1,1,0.0,1,0,1,0,0.0,0,0.0,0,1,0.0,0,0.1,0.6,33,19,0.8,5,1,1,1,0,1,5,0,1,0,1,2,2,2,1,0,5,0.9,5,1.0,5,1,1,0,4,1,0,4,0,1,0,0,0,0,0,5,5,4,1420,1300,18,0,7,4,1.0,107,1,1584,26,241,79,20143
2025-07-11,argo,com.vrem.wifianalyzer.wifi.scanner,PeriodicScan,startWithDelay,1,0,1.0,1,1.0,0,0,1,0,3,0,1,1,0.0,1,0,1,1,0.0,1,2.0,0,1,0.0,0,0.1,0.6,33,19,0.8,5,1,1,1,0,1,5,0,1,0,1,2,2,2,1,0,5,0.9,5,1.0,5,1,1,0,4,1,0,4,0,1,0,0,0,0,0,5,5,4,1420,1300,18,0,7,4,1.0,107,1,1584,26,241,79,20143
2025-07-11,argo,com.vrem.wifianalyzer.wifi.scanner,PeriodicScan,run,1,0,1.0,1,1.0,0,0,1,0,4,0,1,2,0.0,1,0,2,1,0.0,1,2.0,0,2,0.0,0,0.1,0.6,33,19,0.8,5,1,1,1,0,1,5,0,1,0,1,2,2,2,1,0,5,0.9,5,1.0,5,1,1,0,4,1,0,4,0,1,0,0,0,0,0,5,5,4,1420,1300,18,0,7,4,1.0,107,1,1584,26,241,79,20143
2025-07-11,argo,com.vrem.wifianalyzer.wifi.scanner,PeriodicScan,nextRun,1,0,1.0,1,1.0,0,0,1,0,5,0,1,2,0.5,1,1,2,1,1.0,1,2.0,1,2,0.0,0,0.1,0.6,33,19,0.8,5,1,1,1,0,1,5,0,1,0,1,2,2,2,1,0,5,0.9,5,1.0,5,1,1,0,4,1,0,4,0,1,0,0,0,0,0,5,5,4,1420,1300,18,0,7,4,1.0,107,1,1584,26,241,79,20143
2025-07-11,argo,com.vrem.wifianalyzer.wifi.scanner,Scanner,update,3,0,1.0,6,0.8333,0,0,1,0,13,2,3,2,1.0,2,5,2,9,5.0,1,2.0,0,1,0.0,0,0.4909090909090909,0.5454545454545454,61,37,0.36363636363636365,11,6,10,1,0,5,4,0,3,0,0,1,0,0,5,0,15,0.9090909090909091,15,1.3636363636363635,11,10,6,0,11,0,0,11,0,1,0,0,0,0,0,11,11,4,1420,1300,18,0,2,23,1.4545454545454546,107,1,1584,26,241,79,20143
2025-07-11,argo,com.vrem.wifianalyzer.wifi.scanner,Scanner,wiFiData,1,0,0.0,0,0.0,0,0,1,0,1,0,1,1,1.0,0,1,0,0,1.0,0,0.0,0,0,0.0,0,0.4909090909090909,0.5454545454545454,61,37,0.36363636363636365,11,6,10,1,0,5,4,0,3,0,0,1,0,0,5,0,15,0.9090909090909091,15,1.3636363636363635,11,10,6,0,11,0,0,11,0,1,0,0,0,0,0,11,11,4,1420,1300,18,0,2,23,1.4545454545454546,107,1,1584,26,241,79,20143
2025-07-11,argo,com.vrem.wifianalyzer.wifi.scanner,Scanner,register,1,0,0.0,1,1.0,0,0,1,0,1,0,1,1,0.5,0,1,0,1,1.0,1,2.0,1,0,0.0,0,0.4909090909090909,0.5454545454545454,61,37,0.36363636363636365,11,6,10,1,0,5,4,0,3,0,0,1,0,0,5,0,15,0.9090909090909091,15,1.3636363636363635,11,10,6,0,11,0,0,11,0,1,0,0,0,0,0,11,11,4,1420,1300,18,0,2,23,1.4545454545454546,107,1,1584,26,241,79,20143
2025-07-11,argo,com.vrem.wifianalyzer.wifi.scanner,Scanner,unregister,1,0,0.0,1,1.0,0,0,1,0,1,0,1,1,0.5,0,1,0,1,1.0,1,2.0,1,0,0.0,0,0.4909090909090909,0.5454545454545454,61,37,0.36363636363636365,11,6,10,1,0,5,4,0,3,0,0,1,0,0,5,0,15,0.9090909090909091,15,1.3636363636363635,11,10,6,0,11,0,0,11,0,1,0,0,0,0,0,11,11,4,1420,1300,18,0,2,23,1.4545454545454546,107,1,1584,26,241,79,20143
2025-07-11,argo,com.vrem.wifianalyzer.wifi.scanner,Scanner,pause,1,0,3.0,0,0.0,0,0,1,0,4,0,1,0,1.0,2,2,0,2,2.0,1,2.0,0,0,0.0,0,0.4909090909090909,0.5454545454545454,61,37,0.36363636363636365,11,6,10,1,0,5,4,0,3,0,0,1,0,0,5,0,15,0.9090909090909091,15,1.3636363636363635,11,10,6,0,11,0,0,11,0,1,0,0,0,0,0,11,11,4,1420,1300,18,0,2,23,1.4545454545454546,107,1,1584,26,241,79,20143
2025-07-11,argo,com.vrem.wifianalyzer.wifi.scanner,Scanner,running,1,0,0.0,0,0.0,0,0,1,0,1,0,1,0,1.0,0,1,0,0,1.0,0,2.0,0,0,0.0,0,0.4909090909090909,0.5454545454545454,61,37,0.36363636363636365,11,6,10,1,0,5,4,0,3,0,0,1,0,0,5,0,15,0.9090909090909091,15,1.3636363636363635,11,10,6,0,11,0,0,11,0,1,0,0,0,0,0,11,11,4,1420,1300,18,0,2,23,1.4545454545454546,107,1,1584,26,241,79,20143
2025-07-11,argo,com.vrem.wifianalyzer.wifi.scanner,Scanner,resume,1,0,0.0,1,1.0,0,0,1,0,1,0,1,0,1.0,0,1,0,1,1.0,1,2.0,0,0,0.0,0,0.4909090909090909,0.5454545454545454,61,37,0.36363636363636365,11,6,10,1,0,5,4,0,3,0,0,1,0,0,5,0,15,0.9090909090909091,15,1.3636363636363635,11,10,6,0,11,0,0,11,0,1,0,0,0,0,0,11,11,4,1420,1300,18,0,2,23,1.4545454545454546,107,1,1584,26,241,79,20143
2025-07-11,argo,com.vrem.wifianalyzer.wifi.scanner,Scanner,resumeWithDelay,1,0,0.0,1,1.0,0,0,1,0,1,0,1,0,1.0,0,1,0,1,1.0,1,2.0,0,0,0.0,0,0.4909090909090909,0.5454545454545454,61,37,0.36363636363636365,11,6,10,1,0,5,4,0,3,0,0,1,0,0,5,0,15,0.9090909090909091,15,1.3636363636363635,11,10,6,0,11,0,0,11,0,1,0,0,0,0,0,11,11,4,1420,1300,18,0,2,23,1.4545454545454546,107,1,1584,26,241,79,20143
2025-07-11,argo,com.vrem.wifianalyzer.wifi.scanner,Scanner,stop,2,0,2.0,3,1.0,0,0,1,0,8,1,2,1,1.0,2,3,0,5,3.0,1,2.0,0,0,0.0,0,0.4909090909090909,0.5454545454545454,61,37,0.36363636363636365,11,6,10,1,0,5,4,0,3,0,0,1,0,0,5,0,15,0.9090909090909091,15,1.3636363636363635,11,10,6,0,11,0,0,11,0,1,0,0,0,0,0,11,11,4,1420,1300,18,0,2,23,1.4545454545454546,107,1,1584,26,241,79,20143
2025-07-11,argo,com.vrem.wifianalyzer.wifi.scanner,Scanner,toggle,3,0,1.0,2,1.0,0,0,1,0,5,1,3,0,1.0,1,1,0,3,1.0,1,2.0,0,0,0.0,0,0.4909090909090909,0.5454545454545454,61,37,0.36363636363636365,11,6,10,1,0,5,4,0,3,0,0,1,0,0,5,0,15,0.9090909090909091,15,1.3636363636363635,11,10,6,0,11,0,0,11,0,1,0,0,0,0,0,11,11,4,1420,1300,18,0,2,23,1.4545454545454546,107,1,1584,26,241,79,20143
2025-07-11,argo,com.vrem.wifianalyzer.wifi.scanner,Scanner,registered,1,0,0.0,0,0.0,0,0,1,0,1,0,1,1,1.0,0,1,0,0,1.0,0,2.0,0,0,0.0,0,0.4909090909090909,0.5454545454545454,61,37,0.36363636363636365,11,6,10,1,0,5,4,0,3,0,0,1,0,0,5,0,15,0.9090909090909091,15,1.3636363636363635,11,10,6,0,11,0,0,11,0,1,0,0,0,0,0,11,11,4,1420,1300,18,0,2,23,1.4545454545454546,107,1,1584,26,241,79,20143
2025-07-11,argo,com.vrem.wifianalyzer.wifi.scanner,ScannerCallback,onSuccess,1,0,0.0,2,0.5,0,0,1,0,4,0,1,0,0.0,0,0,2,4,0.0,0,2.3333333333333335,0,1,0.0,0,0.0,1.0,6,4,0.0,1,0,1,1,0,0,1,0,0,0,0,0,0,0,0,0,1,0.0,1,1.0,1,1,0,0,1,0,0,1,0,1,0,0,0,0,0,1,1,4,1420,1300,18,0,2,4,1.0,107,1,1584,26,241,79,20143
2025-07-11,argo,com.vrem.wifianalyzer.wifi.timegraph,DataManager,addSeriesData,3,1,3.0,3,1.0,0,0,1,0,13,1,3,3,0.4444444444444444,3,2,2,5,0.67,1,2.0,3,2,0.0,0,0.5,0.75,45,36,0.5,4,2,0,0,2,5,5,0,0,0,2,0,0,0,2,0,7,0.6666666666666667,7,1.75,4,0,2,0,4,0,0,4,0,1,0,0,0,0,0,4,4,4,1420,1300,12,0,5,22,2.25,56,0,935,26,241,46,20143
2025-07-11,argo,com.vrem.wifianalyzer.wifi.timegraph,DataManager,adjustData,1,2,0.0,4,0.5,0,0,1,0,9,0,1,0,0.4,0,2,2,6,0.5,1,2.6,2,2,0.0,0,0.5,0.75,45,36,0.5,4,2,0,0,2,5,5,0,0,0,2,0,0,0,2,0,7,0.6666666666666667,7,1.75,4,0,2,0,4,0,0,4,0,1,0,0,0,0,0,4,4,4,1420,1300,12,0,5,22,2.25,56,0,935,26,241,46,20143
2025-07-11,argo,com.vrem.wifianalyzer.wifi.timegraph,DataManager,newSeries,1,0,0.0,1,1.0,0,0,1,0,1,0,1,0,0.0,0,0,0,2,0.0,0,3.0,1,0,0.0,0,0.5,0.75,45,36,0.5,4,2,0,0,2,5,5,0,0,0,2,0,0,0,2,0,7,0.6666666666666667,7,1.75,4,0,2,0,4,0,0,4,0,1,0,0,0,0,0,4,4,4,1420,1300,12,0,5,22,2.25,56,0,935,26,241,46,20143
2025-07-11,argo,com.vrem.wifianalyzer.wifi.timegraph,DataManager,addData,4,5,1.0,4,0.75,0,0,1,0,13,1,4,0,0.2857142857142857,1,2,1,9,0.29,1,2.6666666666666665,3,1,0.0,0,0.5,0.75,45,36,0.5,4,2,0,0,2,5,5,0,0,0,2,0,0,0,2,0,7,0.6666666666666667,7,1.75,4,0,2,0,4,0,0,4,0,1,0,0,0,0,0,4,4,4,1420,1300,12,0,5,22,2.25,56,0,935,26,241,46,20143
2025-07-11,argo,com.vrem.wifianalyzer.wifi.timegraph,TimeAxisLabel,formatLabel,7,1,0.0,2,1.0,1,1,1,0,14,1,7,0,0.0,0,0,0,6,0.0,1,2.2857142857142856,2,0,0.0,0,0.0,0.5,18,14,0.0,2,0,2,1,0,4,0,0,0,0,0,0,0,0,0,0,2,1.0,3,1.5,2,2,0,0,2,0,0,2,0,1,0,0,0,0,0,2,2,4,1420,1300,12,0,0,6,7.0,56,0,935,26,241,46,20143
2025-07-11,argo,com.vrem.wifianalyzer.wifi.timegraph,TimeAxisLabel,setViewport,0,0,0.0,0,0.0,1,1,1,0,0,0,0,0,0.0,0,0,0,0,0.0,0,0.0,1,0,0.0,0,0.0,0.5,18,14,0.0,2,0,2,1,0,4,0,0,0,0,0,0,0,0,0,0,2,1.0,3,1.5,2,2,0,0,2,0,0,2,0,1,0,0,0,0,0,2,2,4,1420,1300,12,0,0,6,7.0,56,0,935,26,241,46,20143
2025-07-11,argo,com.vrem.wifianalyzer.wifi.timegraph,TimeGraphCache,active,1,0,0.0,1,1.0,0,0,1,0,1,0,1,0,1.0,0,1,0,3,1.0,0,2.5,0,0,0.0,0,1.0,1.0,17,8,0.0,4,2,0,0,1,2,0,0,1,0,1,2,0,0,0,0,5,0.6666666666666667,5,1.25,4,0,2,0,4,0,0,4,0,1,0,0,0,0,0,4,4,4,1420,1300,12,0,0,9,1.25,56,0,935,26,241,46,20143
2025-07-11,argo,com.vrem.wifianalyzer.wifi.timegraph,TimeGraphCache,clear,1,0,0.0,1,1.0,0,0,1,0,1,0,1,0,1.0,0,1,0,4,1.0,0,2.3333333333333335,0,0,0.0,0,1.0,1.0,17,8,0.0,4,2,0,0,1,2,0,0,1,0,1,2,0,0,0,0,5,0.6666666666666667,5,1.25,4,0,2,0,4,0,0,4,0,1,0,0,0,0,0,4,4,4,1420,1300,12,0,0,9,1.25,56,0,935,26,241,46,20143
2025-07-11,argo,com.vrem.wifianalyzer.wifi.timegraph,TimeGraphCache,add,1,0,0.0,0,0.0,0,0,1,0,3,0,1,0,0.5,0,1,0,1,1.0,0,0.0,1,0,0.0,0,1.0,1.0,17,8,0.0,4,2,0,0,1,2,0,0,1,0,1,2,0,0,0,0,5,0.6666666666666667,5,1.25,4,0,2,0,4,0,0,4,0,1,0,0,0,0,0,4,4,4,1420,1300,12,0,0,9,1.25,56,0,935,26,241,46,20143
2025-07-11,argo,com.vrem.wifianalyzer.wifi.timegraph,TimeGraphCache,reset,2,0,0.0,0,0.0,0,0,1,0,3,1,2,0,0.5,0,1,0,1,1.0,0,0.0,1,0,0.0,0,1.0,1.0,17,8,0.0,4,2,0,0,1,2,0,0,1,0,1,2,0,0,0,0,5,0.6666666666666667,5,1.25,4,0,2,0,4,0,0,4,0,1,0,0,0,0,0,4,4,4,1420,1300,12,0,0,9,1.25,56,0,935,26,241,46,20143
2025-07-11,argo,com.vrem.util,CompatUtilsTest,setUp,1,0,0.0,0,0.0,0,1,1,0,3,0,1,0,1.0,0,1,1,0,1.0,0,2.0,0,0,0.0,0,0.4888888888888889,1.0,118,82,0.0,9,11,0,0,0,0,4,0,11,0,0,10,0,0,1,0,25,0.5333333333333333,25,2.5,10,0,11,0,10,0,0,10,1,1,0,0,0,0,0,10,10,4,1420,1300,5,0,23,66,2.5,63,0,863,26,241,36,20143
2025-07-11,argo,com.vrem.util,CompatUtilsTest,tearDown,1,0,0.0,0,0.0,0,1,1,0,12,0,1,0,1.0,0,10,1,1,10.0,0,0.0,0,1,0.0,0,0.4888888888888889,1.0,118,82,0.0,9,11,0,0,0,0,4,0,11,0,0,10,0,0,1,0,25,0.5333333333333333,25,2.5,10,0,11,0,10,0,0,10,1,1,0,0,0,0,0,10,10,4,1420,1300,5,0,23,66,2.5,63,0,863,26,241,36,20143
2025-07-11,argo,com.vrem.util,CompatUtilsTest,createContext,5,1,0.0,9,0.8182,0,1,1,0,14,4,5,0,1.0,1,5,3,17,5.0,2,2.4166666666666665,0,3,0.0,0,0.4888888888888889,1.0,118,82,0.0,9,11,0,0,0,0,4,0,11,0,0,10,0,0,1,0,25,0.5333333333333333,25,2.5,10,0,11,0,10,0,0,10,1,1,0,0,0,0,0,10,10,4,1420,1300,5,0,23,66,2.5,63,0,863,26,241,36,20143
2025-07-11,argo,com.vrem.util,CompatUtilsTest,contextPackageInfo,4,2,0.0,7,0.75,0,1,1,0,11,3,4,0,1.0,0,3,3,11,1.5,2,2.2222222222222223,0,3,0.0,0,0.4888888888888889,1.0,118,82,0.0,9,11,0,0,0,0,4,0,11,0,0,10,0,0,1,0,25,0.5333333333333333,25,2.5,10,0,11,0,10,0,0,10,1,1,0,0,0,0,0,10,10,4,1420,1300,5,0,23,66,2.5,63,0,863,26,241,36,20143
2025-07-11,argo,com.vrem.util,CompatUtilsTest,contextPackageInfoLegacy,4,2,0.0,7,0.75,0,1,1,0,11,3,4,0,1.0,0,3,3,11,1.5,2,2.2222222222222223,0,3,0.0,0,0.4888888888888889,1.0,118,82,0.0,9,11,0,0,0,0,4,0,11,0,0,10,0,0,1,0,25,0.5333333333333333,25,2.5,10,0,11,0,10,0,0,10,1,1,0,0,0,0,0,10,10,4,1420,1300,5,0,23,66,2.5,63,0,863,26,241,36,20143
2025-07-11,argo,com.vrem.util,CompatUtilsTest,scanResultSSID,3,3,0.0,5,1.0,0,1,1,0,9,2,3,0,1.0,0,2,3,7,0.67,2,2.4,0,3,0.0,0,0.4888888888888889,1.0,118,82,0.0,9,11,0,0,0,0,4,0,11,0,0,10,0,0,1,0,25,0.5333333333333333,25,2.5,10,0,11,0,10,0,0,10,1,1,0,0,0,0,0,10,10,4,1420,1300,5,0,23,66,2.5,63,0,863,26,241,36,20143
2025-07-11,argo,com.vrem.util,CompatUtilsTest,scanResultSSIDWhenWifiSsidNull,2,1,0.0,4,1.0,0,1,1,0,6,1,2,0,1.0,0,2,3,6,2.0,1,2.5,0,3,0.0,0,0.4888888888888889,1.0,118,82,0.0,9,11,0,0,0,0,4,0,11,0,0,10,0,0,1,0,25,0.5333333333333333,25,2.5,10,0,11,0,10,0,0,10,1,1,0,0,0,0,0,10,10,4,1420,1300,5,0,23,66,2.5,63,0,863,26,241,36,20143
2025-07-11,argo,com.vrem.util,CompatUtilsTest,scanResultSSIDWhenNull,3,1,0.0,5,1.0,0,1,1,0,7,2,3,0,1.0,0,2,3,8,2.0,2,2.6,0,3,0.0,0,0.4888888888888889,1.0,118,82,0.0,9,11,0,0,0,0,4,0,11,0,0,10,0,0,1,0,25,0.5333333333333333,25,2.5,10,0,11,0,10,0,0,10,1,1,0,0,0,0,0,10,10,4,1420,1300,5,0,23,66,2.5,63,0,863,26,241,36,20143
2025-07-11,argo,com.vrem.util,CompatUtilsTest,scanResultSSIDLegacy,1,3,0.0,2,1.0,0,1,1,0,7,0,1,0,1.0,0,1,2,2,0.33,1,2.0,0,1,0.0,0,0.4888888888888889,1.0,118,82,0.0,9,11,0,0,0,0,4,0,11,0,0,10,0,0,1,0,25,0.5333333333333333,25,2.5,10,0,11,0,10,0,0,10,1,1,0,0,0,0,0,10,10,4,1420,1300,5,0,23,66,2.5,63,0,863,26,241,36,20143
2025-07-11,argo,com.vrem.util,CompatUtilsTest,scanResultSSIDLegacyWhenNull,1,1,0.0,2,1.0,0,1,1,0,5,0,1,0,1.0,0,1,1,3,1.0,1,2.3333333333333335,0,1,0.0,0,0.4888888888888889,1.0,118,82,0.0,9,11,0,0,0,0,4,0,11,0,0,10,0,0,1,0,25,0.5333333333333333,25,2.5,10,0,11,0,10,0,0,10,1,1,0,0,0,0,0,10,10,4,1420,1300,5,0,23,66,2.5,63,0,863,26,241,36,20143
2025-07-11,argo,com.vrem.util,EnumUtilsTest,ordinals,1,2,0.0,3,1.0,0,0,2,0,6,0,1,1,0.0,1,0,2,6,0.0,0,2.1666666666666665,0,2,0.0,0,0.0,1.0,61,46,0.25,8,0,0,0,0,1,4,0,0,0,0,0,0,0,0,0,8,0.2142857142857143,8,1.0,8,0,0,0,7,1,0,7,0,1,0,0,0,0,0,8,8,4,1420,1300,5,0,10,36,1.0,63,0,863,26,241,36,20143
2025-07-11,argo,com.vrem.util,EnumUtilsTest,findSetUsingOrdinals,1,3,1.0,3,1.0,0,0,2,0,6,0,1,3,0.0,1,0,1,10,0.0,0,2.6666666666666665,0,1,0.0,0,0.0,1.0,61,46,0.25,8,0,0,0,0,1,4,0,0,0,0,0,0,0,0,0,8,0.2142857142857143,8,1.0,8,0,0,0,7,1,0,7,0,1,0,0,0,0,0,8,8,4,1420,1300,5,0,10,36,1.0,63,0,863,26,241,36,20143
2025-07-11,argo,com.vrem.util,EnumUtilsTest,findSetUsingOrdinalsWithEmptyInput,1,2,1.0,2,1.0,0,0,2,0,5,0,1,1,0.0,1,0,1,4,0.0,0,2.3333333333333335,0,1,0.0,0,0.0,1.0,61,46,0.25,8,0,0,0,0,1,4,0,0,0,0,0,0,0,0,0,8,0.2142857142857143,8,1.0,8,0,0,0,7,1,0,7,0,1,0,0,0,0,0,8,8,4,1420,1300,5,0,10,36,1.0,63,0,863,26,241,36,20143
2025-07-11,argo,com.vrem.util,EnumUtilsTest,findSetUsingOrdinalsWithInvalidInput,1,3,0.0,3,0.6667,0,0,2,0,7,0,1,2,0.0,0,0,1,4,0.0,1,2.0,0,1,0.0,0,0.0,1.0,61,46,0.25,8,0,0,0,0,1,4,0,0,0,0,0,0,0,0,0,8,0.2142857142857143,8,1.0,8,0,0,0,7,1,0,7,0,1,0,0,0,0,0,8,8,4,1420,1300,5,0,10,36,1.0,63,0,863,26,241,36,20143
2025-07-11,argo,com.vrem.util,EnumUtilsTest,findOneUsingIndex,1,1,0.0,2,1.0,0,0,2,0,6,0,1,0,0.0,0,0,1,4,0.0,1,2.2,0,1,0.0,0,0.0,1.0,61,46,0.25,8,0,0,0,0,1,4,0,0,0,0,0,0,0,0,0,8,0.2142857142857143,8,1.0,8,0,0,0,7,1,0,7,0,1,0,0,0,0,0,8,8,4,1420,1300,5,0,10,36,1.0,63,0,863,26,241,36,20143
2025-07-11,argo,com.vrem.util,EnumUtilsTest,findOneUsingInvalidLowIndex,1,3,0.0,2,1.0,0,0,2,0,6,0,1,0,0.0,0,0,1,2,0.0,1,2.0,0,1,0.0,0,0.0,1.0,61,46,0.25,8,0,0,0,0,1,4,0,0,0,0,0,0,0,0,0,8,0.2142857142857143,8,1.0,8,0,0,0,7,1,0,7,0,1,0,0,0,0,0,8,8,4,1420,1300,5,0,10,36,1.0,63,0,863,26,241,36,20143
2025-07-11,argo,com.vrem.util,EnumUtilsTest,findOneUsingInvalidHighIndex,1,3,0.0,2,1.0,0,0,2,0,6,0,1,0,0.0,0,0,1,2,0.0,1,2.25,0,1,0.0,0,0.0,1.0,61,46,0.25,8,0,0,0,0,1,4,0,0,0,0,0,0,0,0,0,8,0.2142857142857143,8,1.0,8,0,0,0,7,1,0,7,0,1,0,0,0,0,0,8,8,4,1420,1300,5,0,10,36,1.0,63,0,863,26,241,36,20143
2025-07-11,argo,com.vrem.util,EnumUtilsTest,validate,1,0,0.0,2,1.0,0,0,2,0,4,0,1,0,0.0,0,0,2,4,0.0,2,2.3333333333333335,2,2,0.0,0,0.0,1.0,61,46,0.25,8,0,0,0,0,1,4,0,0,0,0,0,0,0,0,0,8,0.2142857142857143,8,1.0,8,0,0,0,7,1,0,7,0,1,0,0,0,0,0,8,8,4,1420,1300,5,0,10,36,1.0,63,0,863,26,241,36,20143
2025-07-11,argo,com.vrem.util,FileUtilsTest,tearDown,1,0,0.0,0,0.0,0,0,1,0,3,0,1,0,1.0,0,1,1,1,1.0,0,0.0,0,1,0.0,0,1.0,1.0,25,19,0.3333333333333333,3,1,0,0,0,0,4,0,1,0,0,1,0,0,0,0,5,0.6666666666666667,5,1.6666666666666667,3,0,1,0,3,0,0,3,0,1,0,0,0,0,0,3,3,4,1420,1300,5,0,7,13,1.6666666666666667,63,0,863,26,241,36,20143
2025-07-11,argo,com.vrem.util,FileUtilsTest,readFile,2,4,0.0,3,1.0,0,0,1,0,9,1,2,1,1.0,1,1,3,6,0.5,2,2.25,0,3,0.0,0,1.0,1.0,25,19,0.3333333333333333,3,1,0,0,0,0,4,0,1,0,0,1,0,0,0,0,5,0.6666666666666667,5,1.6666666666666667,3,0,1,0,3,0,0,3,0,1,0,0,0,0,0,3,3,4,1420,1300,5,0,7,13,1.6666666666666667,63,0,863,26,241,36,20143
2025-07-11,argo,com.vrem.util,FileUtilsTest,readFileHandleException,2,2,1.0,2,1.0,0,0,1,0,7,1,2,1,1.0,1,1,3,6,1.0,1,2.6666666666666665,0,3,0.0,0,1.0,1.0,25,19,0.3333333333333333,3,1,0,0,0,0,4,0,1,0,0,1,0,0,0,0,5,0.6666666666666667,5,1.6666666666666667,3,0,1,0,3,0,0,3,0,1,0,0,0,0,0,3,3,4,1420,1300,5,0,7,13,1.6666666666666667,63,0,863,26,241,36,20143
2025-07-11,argo,com.vrem.util,LocaleUtilsTest,setUp,1,0,0.0,1,1.0,0,1,1,0,3,0,1,0,0.0,0,0,1,2,0.0,0,3.0,0,1,0.0,0,0.0,0.5454545454545454,67,50,0.0,11,1,0,0,0,0,2,0,1,0,0,1,0,0,0,0,12,0.8909090909090909,12,1.0909090909090908,11,0,1,0,11,0,0,11,0,1,0,0,0,0,0,11,11,4,1420,1300,5,0,11,68,1.0909090909090908,63,0,863,26,241,36,20143
2025-07-11,argo,com.vrem.util,LocaleUtilsTest,tearDown,1,0,0.0,1,1.0,0,1,1,0,3,0,1,0,1.0,0,1,1,1,1.0,1,2.0,0,1,0.0,0,0.0,0.5454545454545454,67,50,0.0,11,1,0,0,0,0,2,0,1,0,0,1,0,0,0,0,12,0.8909090909090909,12,1.0909090909090908,11,0,1,0,11,0,0,11,0,1,0,0,0,0,0,11,11,4,1420,1300,5,0,11,68,1.0909090909090908,63,0,863,26,241,36,20143
2025-07-11,argo,com.vrem.util,LocaleUtilsTest,allSupportedCountries,1,1,0.0,2,1.0,0,1,1,0,5,0,1,0,0.0,0,0,1,7,0.0,0,3.0,0,1,0.0,0,0.0,0.5454545454545454,67,50,0.0,11,1,0,0,0,0,2,0,1,0,0,1,0,0,0,0,12,0.8909090909090909,12,1.0909090909090908,11,0,1,0,11,0,0,11,0,1,0,0,0,0,0,11,11,4,1420,1300,5,0,11,68,1.0909090909090908,63,0,863,26,241,36,20143
2025-07-11,argo,com.vrem.util,LocaleUtilsTest,findByCountryCodeWithKnownCode,1,2,0.0,3,0.8,0,1,1,0,9,0,1,0,0.0,0,0,1,13,0.0,1,3.3333333333333335,0,1,0.0,0,0.0,0.5454545454545454,67,50,0.0,11,1,0,0,0,0,2,0,1,0,0,1,0,0,0,0,12,0.8909090909090909,12,1.0909090909090908,11,0,1,0,11,0,0,11,0,1,0,0,0,0,0,11,11,4,1420,1300,5,0,11,68,1.0909090909090908,63,0,863,26,241,36,20143
2025-07-11,argo,com.vrem.util,LocaleUtilsTest,findByCountryCodeWithUnknownCode,1,1,0.0,1,1.0,0,1,1,0,4,0,1,0,0.0,0,0,1,3,0.0,0,3.0,0,1,0.0,0,0.0,0.5454545454545454,67,50,0.0,11,1,0,0,0,0,2,0,1,0,0,1,0,0,0,0,12,0.8909090909090909,12,1.0909090909090908,11,0,1,0,11,0,0,11,0,1,0,0,0,0,0,11,11,4,1420,1300,5,0,11,68,1.0909090909090908,63,0,863,26,241,36,20143
2025-07-11,argo,com.vrem.util,LocaleUtilsTest,toLanguageTagWithKnownCode,1,0,0.0,2,0.5,0,1,1,0,4,0,1,0,0.0,0,0,1,10,0.0,0,4.333333333333333,0,1,0.0,0,0.0,0.5454545454545454,67,50,0.0,11,1,0,0,0,0,2,0,1,0,0,1,0,0,0,0,12,0.8909090909090909,12,1.0909090909090908,11,0,1,0,11,0,0,11,0,1,0,0,0,0,0,11,11,4,1420,1300,5,0,11,68,1.0909090909090908,63,0,863,26,241,36,20143
2025-07-11,argo,com.vrem.util,LocaleUtilsTest,findByLanguageTagWithUnknownTag,1,1,0.0,3,1.0,0,1,1,0,6,0,1,0,0.0,0,0,1,5,0.0,1,2.25,0,1,0.0,0,0.0,0.5454545454545454,67,50,0.0,11,1,0,0,0,0,2,0,1,0,0,1,0,0,0,0,12,0.8909090909090909,12,1.0909090909090908,11,0,1,0,11,0,0,11,0,1,0,0,0,0,0,11,11,4,1420,1300,5,0,11,68,1.0909090909090908,63,0,863,26,241,36,20143
2025-07-11,argo,com.vrem.util,LocaleUtilsTest,findByLanguageTagWithKnownTag,1,0,0.0,3,0.3333,0,1,1,0,5,0,1,0,0.0,0,0,1,9,0.0,0,4.0,0,1,0.0,0,0.0,0.5454545454545454,67,50,0.0,11,1,0,0,0,0,2,0,1,0,0,1,0,0,0,0,12,0.8909090909090909,12,1.0909090909090908,11,0,1,0,11,0,0,11,0,1,0,0,0,0,0,11,11,4,1420,1300,5,0,11,68,1.0909090909090908,63,0,863,26,241,36,20143
2025-07-11,argo,com.vrem.util,LocaleUtilsTest,allSupportedLanguages,2,2,0.0,3,0.6667,0,1,1,0,8,1,2,0,0.0,0,0,1,13,0.0,1,2.1,0,1,0.0,0,0.0,0.5454545454545454,67,50,0.0,11,1,0,0,0,0,2,0,1,0,0,1,0,0,0,0,12,0.8909090909090909,12,1.0909090909090908,11,0,1,0,11,0,0,11,0,1,0,0,0,0,0,11,11,4,1420,1300,5,0,11,68,1.0909090909090908,63,0,863,26,241,36,20143
2025-07-11,argo,com.vrem.util,LocaleUtilsTest,currentDefaultCountryCode,1,0,0.0,1,1.0,0,1,1,0,3,0,1,0,0.0,0,0,1,3,0.0,0,4.0,0,1,0.0,0,0.0,0.5454545454545454,67,50,0.0,11,1,0,0,0,0,2,0,1,0,0,1,0,0,0,0,12,0.8909090909090909,12,1.0909090909090908,11,0,1,0,11,0,0,11,0,1,0,0,0,0,0,11,11,4,1420,1300,5,0,11,68,1.0909090909090908,63,0,863,26,241,36,20143
2025-07-11,argo,com.vrem.util,LocaleUtilsTest,currentDefaultLanguageTag,1,0,0.0,1,1.0,0,1,1,0,3,0,1,0,0.0,0,0,1,2,0.0,0,3.0,0,1,0.0,0,0.0,0.5454545454545454,67,50,0.0,11,1,0,0,0,0,2,0,1,0,0,1,0,0,0,0,12,0.8909090909090909,12,1.0909090909090908,11,0,1,0,11,0,0,11,0,1,0,0,0,0,0,11,11,4,1420,1300,5,0,11,68,1.0909090909090908,63,0,863,26,241,36,20143
2025-07-11,argo,com.vrem.util,StringUtilsTest,specialTrim,1,3,0.0,1,1.0,0,0,1,0,6,0,1,0,0.0,1,0,1,2,0.0,1,2.0,0,1,0.0,0,0.0,1.0,29,24,0.25,4,0,0,0,0,0,1,0,0,0,0,0,0,0,0,0,4,0.0,4,1.0,4,0,0,0,4,0,0,4,0,1,0,0,0,0,0,4,4,4,1420,1300,5,0,4,9,1.0,63,0,863,26,241,36,20143
2025-07-11,argo,com.vrem.util,StringUtilsTest,toCapitalize,1,3,0.0,1,1.0,0,0,1,0,6,0,1,0,0.0,1,0,1,3,0.0,1,2.5,0,1,0.0,0,0.0,1.0,29,24,0.25,4,0,0,0,0,0,1,0,0,0,0,0,0,0,0,0,4,0.0,4,1.0,4,0,0,0,4,0,0,4,0,1,0,0,0,0,0,4,4,4,1420,1300,5,0,4,9,1.0,63,0,863,26,241,36,20143
2025-07-11,argo,com.vrem.util,StringUtilsTest,nullToEmptyWhenNull,1,3,1.0,1,1.0,0,0,1,0,6,0,1,0,0.0,1,0,1,2,0.0,1,2.0,0,1,0.0,0,0.0,1.0,29,24,0.25,4,0,0,0,0,0,1,0,0,0,0,0,0,0,0,0,4,0.0,4,1.0,4,0,0,0,4,0,0,4,0,1,0,0,0,0,0,4,4,4,1420,1300,5,0,4,9,1.0,63,0,863,26,241,36,20143
2025-07-11,argo,com.vrem.util,StringUtilsTest,nullToEmpty,1,3,0.0,1,1.0,0,0,1,0,6,0,1,0,0.0,1,0,1,2,0.0,1,2.0,0,1,0.0,0,0.0,1.0,29,24,0.25,4,0,0,0,0,0,1,0,0,0,0,0,0,0,0,0,4,0.0,4,1.0,4,0,0,0,4,0,0,4,0,1,0,0,0,0,0,4,4,4,1420,1300,5,0,4,9,1.0,63,0,863,26,241,36,20143
2025-07-11,argo,com.vrem.wifianalyzer,ActivityUtilsTest,tearDown,1,0,0.0,1,1.0,0,1,1,0,9,0,1,0,1.0,0,6,2,3,6.0,0,3.0,0,2,0.0,0,1.0,1.0,63,33,0.0,6,6,0,0,0,0,6,0,6,0,0,6,0,0,0,0,12,0.8666666666666667,12,2.0,6,0,6,0,6,0,0,6,1,1,0,0,0,0,0,6,6,4,1420,1300,20,0,11,42,2.0,96,0,1857,26,241,90,20143
2025-07-11,argo,com.vrem.wifianalyzer,ActivityUtilsTest,setupToolbar,3,1,0.0,8,0.625,0,1,1,0,11,2,3,0,1.0,1,3,3,15,3.0,1,2.6666666666666665,0,3,0.0,0,1.0,1.0,63,33,0.0,6,6,0,0,0,0,6,0,6,0,0,6,0,0,0,0,12,0.8666666666666667,12,2.0,6,0,6,0,6,0,0,6,1,1,0,0,0,0,0,6,6,4,1420,1300,20,0,11,42,2.0,96,0,1857,26,241,90,20143
2025-07-11,argo,com.vrem.wifianalyzer,ActivityUtilsTest,keepScreenOnSwitchOn,3,0,0.0,4,1.0,0,1,1,0,8,2,3,0,1.0,0,3,2,10,3.0,2,2.6666666666666665,0,2,0.0,0,1.0,1.0,63,33,0.0,6,6,0,0,0,0,6,0,6,0,0,6,0,0,0,0,12,0.8666666666666667,12,2.0,6,0,6,0,6,0,0,6,1,1,0,0,0,0,0,6,6,4,1420,1300,20,0,11,42,2.0,96,0,1857,26,241,90,20143
2025-07-11,argo,com.vrem.wifianalyzer,ActivityUtilsTest,keepScreenOnSwitchOff,3,0,0.0,4,1.0,0,1,1,0,8,2,3,0,1.0,0,3,2,10,3.0,2,2.6666666666666665,0,2,0.0,0,1.0,1.0,63,33,0.0,6,6,0,0,0,0,6,0,6,0,0,6,0,0,0,0,12,0.8666666666666667,12,2.0,6,0,6,0,6,0,0,6,1,1,0,0,0,0,0,6,6,4,1420,1300,20,0,11,42,2.0,96,0,1857,26,241,90,20143
2025-07-11,argo,com.vrem.wifianalyzer,ActivityUtilsTest,startWiFiSettings,1,0,0.0,1,1.0,0,1,1,0,4,0,1,0,1.0,1,1,1,2,1.0,1,2.0,0,1,0.0,0,1.0,1.0,63,33,0.0,6,6,0,0,0,0,6,0,6,0,0,6,0,0,0,0,12,0.8666666666666667,12,2.0,6,0,6,0,6,0,0,6,1,1,0,0,0,0,0,6,6,4,1420,1300,20,0,11,42,2.0,96,0,1857,26,241,90,20143
2025-07-11,argo,com.vrem.wifianalyzer,ActivityUtilsTest,startLocationSettings,1,0,0.0,1,1.0,0,1,1,0,4,0,1,0,1.0,1,1,1,2,1.0,1,2.0,0,1,0.0,0,1.0,1.0,63,33,0.0,6,6,0,0,0,0,6,0,6,0,0,6,0,0,0,0,12,0.8666666666666667,12,2.0,6,0,6,0,6,0,0,6,1,1,0,0,0,0,0,6,6,4,1420,1300,20,0,11,42,2.0,96,0,1857,26,241,90,20143
2025-07-11,argo,com.vrem.wifianalyzer,ConfigurationTest,sizeAvailable,1,0,0.0,1,1.0,0,0,1,0,3,0,1,0,1.0,0,1,1,2,1.0,0,3.0,0,1,0.0,0,1.0,0.3333333333333333,16,10,0.0,3,1,0,0,0,0,1,0,1,0,0,1,0,0,0,0,3,1.0,3,1.0,3,0,1,0,3,0,0,3,0,1,0,0,0,0,0,3,3,4,1420,1300,20,0,4,6,1.0,96,0,1857,26,241,90,20143
2025-07-11,argo,com.vrem.wifianalyzer,ConfigurationTest,sizeIsNotAvailable,1,0,0.0,1,1.0,0,0,1,0,4,0,1,0,1.0,0,1,2,2,1.0,0,2.5,0,1,0.0,0,1.0,0.3333333333333333,16,10,0.0,3,1,0,0,0,0,1,0,1,0,0,1,0,0,0,0,3,1.0,3,1.0,3,0,1,0,3,0,0,3,0,1,0,0,0,0,0,3,3,4,1420,1300,20,0,4,6,1.0,96,0,1857,26,241,90,20143
2025-07-11,argo,com.vrem.wifianalyzer,ConfigurationTest,largeScreen,1,0,0.0,1,1.0,0,0,1,0,3,0,1,0,1.0,0,1,1,2,1.0,0,3.0,0,1,0.0,0,1.0,0.3333333333333333,16,10,0.0,3,1,0,0,0,0,1,0,1,0,0,1,0,0,0,0,3,1.0,3,1.0,3,0,1,0,3,0,0,3,0,1,0,0,0,0,0,3,3,4,1420,1300,20,0,4,6,1.0,96,0,1857,26,241,90,20143
2025-07-11,argo,com.vrem.wifianalyzer,DrawerNavigationTest,setUp,3,0,0.0,2,1.0,0,1,1,0,5,1,3,0,1.0,1,4,2,7,4.0,2,3.3333333333333335,0,2,0.0,0,1.0,0.8,45,22,0.5,5,6,0,0,0,0,5,0,6,0,0,6,0,0,0,0,6,0.9,6,1.2,5,0,6,0,5,0,0,5,1,1,0,0,0,0,0,5,5,4,1420,1300,20,0,7,19,1.4,96,0,1857,26,241,90,20143
2025-07-11,argo,com.vrem.wifianalyzer,DrawerNavigationTest,tearDown,1,0,0.0,3,1.0,0,1,1,0,10,0,1,0,1.0,0,6,2,6,6.0,1,2.6666666666666665,0,2,0.0,0,1.0,0.8,45,22,0.5,5,6,0,0,0,0,5,0,6,0,0,6,0,0,0,0,6,0.9,6,1.2,5,0,6,0,5,0,0,5,1,1,0,0,0,0,0,5,5,4,1420,1300,20,0,7,19,1.4,96,0,1857,26,241,90,20143
2025-07-11,argo,com.vrem.wifianalyzer,DrawerNavigationTest,create,1,0,1.0,0,0.0,0,1,1,0,3,0,1,0,1.0,1,1,1,1,1.0,1,2.0,0,1,0.0,0,1.0,0.8,45,22,0.5,5,6,0,0,0,0,5,0,6,0,0,6,0,0,0,0,6,0.9,6,1.2,5,0,6,0,5,0,0,5,1,1,0,0,0,0,0,5,5,4,1420,1300,20,0,7,19,1.4,96,0,1857,26,241,90,20143
2025-07-11,argo,com.vrem.wifianalyzer,DrawerNavigationTest,syncState,1,0,0.0,0,0.0,0,1,1,0,4,0,1,0,1.0,1,2,1,2,2.0,1,2.0,0,1,0.0,0,1.0,0.8,45,22,0.5,5,6,0,0,0,0,5,0,6,0,0,6,0,0,0,0,6,0.9,6,1.2,5,0,6,0,5,0,0,5,1,1,0,0,0,0,0,5,5,4,1420,1300,20,0,7,19,1.4,96,0,1857,26,241,90,20143
2025-07-11,argo,com.vrem.wifianalyzer,DrawerNavigationTest,onConfigurationChanged,1,0,1.0,0,0.0,0,1,1,0,5,0,1,0,1.0,2,3,1,3,3.0,1,2.0,0,1,0.0,0,1.0,0.8,45,22,0.5,5,6,0,0,0,0,5,0,6,0,0,6,0,0,0,0,6,0.9,6,1.2,5,0,6,0,5,0,0,5,1,1,0,0,0,0,0,5,5,4,1420,1300,20,0,7,19,1.4,96,0,1857,26,241,90,20143
2025-07-11,argo,com.vrem.wifianalyzer,MainActivityBackPressedTest,tearDown,1,0,0.0,1,1.0,0,0,1,0,6,0,1,0,1.0,0,3,2,3,3.0,0,3.0,0,2,0.0,0,1.0,1.0,47,34,0.0,4,4,0,0,0,0,5,0,4,0,0,4,0,0,0,0,12,0.5,12,3.0,4,0,4,0,4,0,0,4,0,1,0,0,0,0,0,4,4,4,1420,1300,20,0,8,36,3.0,96,0,1857,26,241,90,20143
2025-07-11,argo,com.vrem.wifianalyzer,MainActivityBackPressedTest,handleOnBackPressedWhenCloseDrawerIsClosed,2,0,0.0,2,1.0,0,0,1,0,5,1,2,0,1.0,0,2,2,4,2.0,2,2.3333333333333335,0,2,0.0,0,1.0,1.0,47,34,0.0,4,4,0,0,0,0,5,0,4,0,0,4,0,0,0,0,12,0.5,12,3.0,4,0,4,0,4,0,0,4,0,1,0,0,0,0,0,4,4,4,1420,1300,20,0,8,36,3.0,96,0,1857,26,241,90,20143
2025-07-11,argo,com.vrem.wifianalyzer,MainActivityBackPressedTest,handleOnBackPressedWillFinishMainActivity,4,0,0.0,5,0.625,0,0,1,0,10,3,4,0,1.0,0,3,2,12,3.0,2,2.625,0,2,0.0,0,1.0,1.0,47,34,0.0,4,4,0,0,0,0,5,0,4,0,0,4,0,0,0,0,12,0.5,12,3.0,4,0,4,0,4,0,0,4,0,1,0,0,0,0,0,4,4,4,1420,1300,20,0,8,36,3.0,96,0,1857,26,241,90,20143
2025-07-11,argo,com.vrem.wifianalyzer,MainActivityBackPressedTest,handleOnBackPressedWillSwitchToPreviousMenu,5,0,0.0,6,0.5,0,0,1,0,13,4,5,0,1.0,0,4,2,17,4.0,2,2.6363636363636362,0,2,0.0,0,1.0,1.0,47,34,0.0,4,4,0,0,0,0,5,0,4,0,0,4,0,0,0,0,12,0.5,12,3.0,4,0,4,0,4,0,0,4,0,1,0,0,0,0,0,4,4,4,1420,1300,20,0,8,36,3.0,96,0,1857,26,241,90,20143
2025-07-11,argo,com.vrem.wifianalyzer,MainActivityTest,tearDown,1,0,0.0,1,1.0,0,4,1,0,3,0,1,0,0.0,0,0,1,2,0.0,0,3.0,0,1,0.0,0,0.8142857142857143,0.9047619047619048,181,121,0.0,18,1,0,0,0,0,5,0,1,0,0,1,0,0,0,0,34,0.6095238095238096,34,1.619047619047619,21,0,1,0,21,0,0,21,2,1,0,0,0,0,0,21,21,4,1420,1300,20,0,43,109,1.619047619047619,96,0,1857,26,241,90,20143
2025-07-11,argo,com.vrem.wifianalyzer,MainActivityTest,mainActivity,1,0,0.0,1,1.0,0,4,1,0,3,0,1,0,0.0,0,0,1,4,0.0,0,5.0,0,1,0.0,0,0.8142857142857143,0.9047619047619048,181,121,0.0,18,1,0,0,0,0,5,0,1,0,0,1,0,0,0,0,34,0.6095238095238096,34,1.619047619047619,21,0,1,0,21,0,0,21,2,1,0,0,0,0,0,21,21,4,1420,1300,20,0,43,109,1.619047619047619,96,0,1857,26,241,90,20143
2025-07-11,argo,com.vrem.wifianalyzer,MainActivityTest,onPauseWillPauseScanner,1,1,0.0,3,0.6667,0,4,1,0,6,0,1,0,1.0,0,1,1,4,1.0,1,2.5,0,1,0.0,0,0.8142857142857143,0.9047619047619048,181,121,0.0,18,1,0,0,0,0,5,0,1,0,0,1,0,0,0,0,34,0.6095238095238096,34,1.619047619047619,21,0,1,0,21,0,0,21,2,1,0,0,0,0,0,21,21,4,1420,1300,20,0,43,109,1.619047619047619,96,0,1857,26,241,90,20143
2025-07-11,argo,com.vrem.wifianalyzer,MainActivityTest,onResumeWithPermissionGrantedAndLocationDisabledWillResumeScanner,3,2,0.0,5,0.5714,0,4,1,0,11,2,3,0,1.0,0,1,2,10,0.5,2,2.5555555555555554,0,2,0.0,0,0.8142857142857143,0.9047619047619048,181,121,0.0,18,1,0,0,0,0,5,0,1,0,0,1,0,0,0,0,34,0.6095238095238096,34,1.619047619047619,21,0,1,0,21,0,0,21,2,1,0,0,0,0,0,21,21,4,1420,1300,20,0,43,109,1.619047619047619,96,0,1857,26,241,90,20143
2025-07-11,argo,com.vrem.wifianalyzer,MainActivityTest,onResumeWithPermissionGrantedAndLocationEnabledWillResumeScanner,3,2,0.0,5,0.5714,0,4,1,0,11,2,3,0,1.0,0,1,2,10,0.5,2,2.5555555555555554,0,2,0.0,0,0.8142857142857143,0.9047619047619048,181,121,0.0,18,1,0,0,0,0,5,0,1,0,0,1,0,0,0,0,34,0.6095238095238096,34,1.619047619047619,21,0,1,0,21,0,0,21,2,1,0,0,0,0,0,21,21,4,1420,1300,20,0,43,109,1.619047619047619,96,0,1857,26,241,90,20143
2025-07-11,argo,com.vrem.wifianalyzer,MainActivityTest,onResumeWithPermissionNotGrantedWillPauseScanner,2,2,0.0,5,0.8333,0,4,1,0,10,1,2,0,1.0,0,1,2,8,0.5,2,2.5,0,2,0.0,0,0.8142857142857143,0.9047619047619048,181,121,0.0,18,1,0,0,0,0,5,0,1,0,0,1,0,0,0,0,34,0.6095238095238096,34,1.619047619047619,21,0,1,0,21,0,0,21,2,1,0,0,0,0,0,21,21,4,1420,1300,20,0,43,109,1.619047619047619,96,0,1857,26,241,90,20143
2025-07-11,argo,com.vrem.wifianalyzer,MainActivityTest,onStartWithPermissionGrantedAndLocationDisabledWillResumeScanner,3,2,0.0,4,0.6667,0,4,1,0,10,2,3,0,1.0,0,1,2,8,0.5,2,2.5,0,2,0.0,0,0.8142857142857143,0.9047619047619048,181,121,0.0,18,1,0,0,0,0,5,0,1,0,0,1,0,0,0,0,34,0.6095238095238096,34,1.619047619047619,21,0,1,0,21,0,0,21,2,1,0,0,0,0,0,21,21,4,1420,1300,20,0,43,109,1.619047619047619,96,0,1857,26,241,90,20143
2025-07-11,argo,com.vrem.wifianalyzer,MainActivityTest,onStartWithPermissionGrantedAndLocationEnabledWillResumeScanner,3,2,0.0,4,0.6667,0,4,1,0,10,2,3,0,1.0,0,1,2,8,0.5,2,2.5,0,2,0.0,0,0.8142857142857143,0.9047619047619048,181,121,0.0,18,1,0,0,0,0,5,0,1,0,0,1,0,0,0,0,34,0.6095238095238096,34,1.619047619047619,21,0,1,0,21,0,0,21,2,1,0,0,0,0,0,21,21,4,1420,1300,20,0,43,109,1.619047619047619,96,0,1857,26,241,90,20143
2025-07-11,argo,com.vrem.wifianalyzer,MainActivityTest,onStartWithPermissionNotGrantedWillCheckPermission,2,1,0.0,4,0.8,0,4,1,0,8,1,2,0,1.0,0,1,2,6,1.0,2,2.3333333333333335,0,2,0.0,0,0.8142857142857143,0.9047619047619048,181,121,0.0,18,1,0,0,0,0,5,0,1,0,0,1,0,0,0,0,34,0.6095238095238096,34,1.619047619047619,21,0,1,0,21,0,0,21,2,1,0,0,0,0,0,21,21,4,1420,1300,20,0,43,109,1.619047619047619,96,0,1857,26,241,90,20143
2025-07-11,argo,com.vrem.wifianalyzer,MainActivityTest,onCreateOptionsMenu,1,3,0.0,2,1.0,0,4,1,0,8,0,1,2,1.0,1,1,3,5,1.0,1,2.0,0,2,0.0,0,0.8142857142857143,0.9047619047619048,181,121,0.0,18,1,0,0,0,0,5,0,1,0,0,1,0,0,0,0,34,0.6095238095238096,34,1.619047619047619,21,0,1,0,21,0,0,21,2,1,0,0,0,0,0,21,21,4,1420,1300,20,0,43,109,1.619047619047619,96,0,1857,26,241,90,20143
2025-07-11,argo,com.vrem.wifianalyzer,MainActivityTest,onOptionsItemSelected,1,3,0.0,2,1.0,0,4,1,0,8,0,1,2,1.0,1,1,3,5,1.0,1,2.0,0,2,0.0,0,0.8142857142857143,0.9047619047619048,181,121,0.0,18,1,0,0,0,0,5,0,1,0,0,1,0,0,0,0,34,0.6095238095238096,34,1.619047619047619,21,0,1,0,21,0,0,21,2,1,0,0,0,0,0,21,21,4,1420,1300,20,0,43,109,1.619047619047619,96,0,1857,26,241,90,20143
2025-07-11,argo,com.vrem.wifianalyzer,MainActivityTest,onConfigurationChanged,1,2,0.0,0,0.0,0,4,1,0,7,0,1,0,1.0,1,1,2,3,1.0,1,2.25,0,1,0.0,0,0.8142857142857143,0.9047619047619048,181,121,0.0,18,1,0,0,0,0,5,0,1,0,0,1,0,0,0,0,34,0.6095238095238096,34,1.619047619047619,21,0,1,0,21,0,0,21,2,1,0,0,0,0,0,21,21,4,1420,1300,20,0,43,109,1.619047619047619,96,0,1857,26,241,90,20143
2025-07-11,argo,com.vrem.wifianalyzer,MainActivityTest,onPostCreate,1,1,0.0,1,1.0,0,4,1,0,6,0,1,0,1.0,1,1,2,3,1.0,1,2.0,0,1,0.0,0,0.8142857142857143,0.9047619047619048,181,121,0.0,18,1,0,0,0,0,5,0,1,0,0,1,0,0,0,0,34,0.6095238095238096,34,1.619047619047619,21,0,1,0,21,0,0,21,2,1,0,0,0,0,0,21,21,4,1420,1300,20,0,43,109,1.619047619047619,96,0,1857,26,241,90,20143
2025-07-11,argo,com.vrem.wifianalyzer,MainActivityTest,onStop,1,1,0.0,1,1.0,0,4,1,0,5,0,1,0,1.0,1,1,1,2,1.0,1,2.3333333333333335,0,1,0.0,0,0.8142857142857143,0.9047619047619048,181,121,0.0,18,1,0,0,0,0,5,0,1,0,0,1,0,0,0,0,34,0.6095238095238096,34,1.619047619047619,21,0,1,0,21,0,0,21,2,1,0,0,0,0,0,21,21,4,1420,1300,20,0,43,109,1.619047619047619,96,0,1857,26,241,90,20143
2025-07-11,argo,com.vrem.wifianalyzer,MainActivityTest,updateShouldUpdateScanner,1,1,0.0,1,1.0,0,4,1,0,5,0,1,0,1.0,0,1,1,2,1.0,1,2.3333333333333335,0,1,0.0,0,0.8142857142857143,0.9047619047619048,181,121,0.0,18,1,0,0,0,0,5,0,1,0,0,1,0,0,0,0,34,0.6095238095238096,34,1.619047619047619,21,0,1,0,21,0,0,21,2,1,0,0,0,0,0,21,21,4,1420,1300,20,0,43,109,1.619047619047619,96,0,1857,26,241,90,20143
2025-07-11,argo,com.vrem.wifianalyzer,MainActivityTest,onSharedPreferenceChangedShouldUpdateScanner,1,2,0.0,2,1.0,0,4,1,0,6,0,1,0,1.0,0,1,1,4,1.0,1,2.25,0,1,0.0,0,0.8142857142857143,0.9047619047619048,181,121,0.0,18,1,0,0,0,0,5,0,1,0,0,1,0,0,0,0,34,0.6095238095238096,34,1.619047619047619,21,0,1,0,21,0,0,21,2,1,0,0,0,0,0,21,21,4,1420,1300,20,0,43,109,1.619047619047619,96,0,1857,26,241,90,20143
2025-07-11,argo,com.vrem.wifianalyzer,MainActivityTest,optionMenu,1,1,0.0,1,1.0,0,4,1,0,4,0,1,0,1.0,0,1,1,1,1.0,1,2.0,0,1,0.0,0,0.8142857142857143,0.9047619047619048,181,121,0.0,18,1,0,0,0,0,5,0,1,0,0,1,0,0,0,0,34,0.6095238095238096,34,1.619047619047619,21,0,1,0,21,0,0,21,2,1,0,0,0,0,0,21,21,4,1420,1300,20,0,43,109,1.619047619047619,96,0,1857,26,241,90,20143
2025-07-11,argo,com.vrem.wifianalyzer,MainActivityTest,getCurrentMenuItem,2,3,0.0,2,1.0,0,4,1,0,9,1,2,0,1.0,0,1,4,7,1.0,2,2.2,0,3,0.0,0,0.8142857142857143,0.9047619047619048,181,121,0.0,18,1,0,0,0,0,5,0,1,0,0,1,0,0,0,0,34,0.6095238095238096,34,1.619047619047619,21,0,1,0,21,0,0,21,2,1,0,0,0,0,0,21,21,4,1420,1300,20,0,43,109,1.619047619047619,96,0,1857,26,241,90,20143
2025-07-11,argo,com.vrem.wifianalyzer,MainActivityTest,getCurrentNavigationMenu,2,3,0.0,2,1.0,0,4,1,0,9,1,2,0,1.0,0,1,4,6,0.5,2,2.1666666666666665,0,3,0.0,0,0.8142857142857143,0.9047619047619048,181,121,0.0,18,1,0,0,0,0,5,0,1,0,0,1,0,0,0,0,34,0.6095238095238096,34,1.619047619047619,21,0,1,0,21,0,0,21,2,1,0,0,0,0,0,21,21,4,1420,1300,20,0,43,109,1.619047619047619,96,0,1857,26,241,90,20143
2025-07-11,argo,com.vrem.wifianalyzer,MainActivityTest,setCurrentNavigationMenu,1,3,0.0,2,1.0,0,4,1,0,9,0,1,0,1.0,0,1,2,4,0.5,1,2.1666666666666665,0,1,0.0,0,0.8142857142857143,0.9047619047619048,181,121,0.0,18,1,0,0,0,0,5,0,1,0,0,1,0,0,0,0,34,0.6095238095238096,34,1.619047619047619,21,0,1,0,21,0,0,21,2,1,0,0,0,0,0,21,21,4,1420,1300,20,0,43,109,1.619047619047619,96,0,1857,26,241,90,20143
2025-07-11,argo,com.vrem.wifianalyzer,MainActivityTest,getNavigationView,2,3,0.0,4,1.0,0,4,1,0,9,1,2,0,1.0,0,1,4,7,1.0,1,2.2,0,3,0.0,0,0.8142857142857143,0.9047619047619048,181,121,0.0,18,1,0,0,0,0,5,0,1,0,0,1,0,0,0,0,34,0.6095238095238096,34,1.619047619047619,21,0,1,0,21,0,0,21,2,1,0,0,0,0,0,21,21,4,1420,1300,20,0,43,109,1.619047619047619,96,0,1857,26,241,90,20143
2025-07-11,argo,com.vrem.wifianalyzer,MainContextHelper,restore,2,0,0.0,2,0.5,0,0,1,0,12,0,2,0,1.0,0,8,0,4,8.0,1,2.0416666666666665,0,0,0.0,0,0.0,1.0,84,12,0.0,1,10,0,0,8,0,1,0,2,0,8,10,0,0,0,0,1,0.0,1,1.0,1,0,10,0,1,0,0,1,0,1,0,0,0,0,0,1,1,4,1420,1300,20,0,0,4,2.0,96,0,1857,26,241,90,20143
2025-07-11,argo,com.vrem.wifianalyzer,MainReloadTest,setUp,4,0,0.0,3,0.3333,0,1,1,0,6,3,4,0,1.0,0,2,2,10,2.0,0,4.0,0,1,0.0,0,1.0,1.0,62,43,0.0,7,2,0,0,0,0,5,0,2,0,0,1,0,0,1,0,14,0.4642857142857143,14,1.75,8,0,2,0,8,0,0,8,6,1,0,0,0,0,0,8,8,4,1420,1300,20,0,14,49,1.75,96,0,1857,26,241,90,20143
2025-07-11,argo,com.vrem.wifianalyzer,MainReloadTest,tearDown,1,0,0.0,4,0.5,0,1,1,0,7,0,1,0,1.0,0,1,3,6,1.0,1,2.25,0,3,0.0,0,1.0,1.0,62,43,0.0,7,2,0,0,0,0,5,0,2,0,0,1,0,0,1,0,14,0.4642857142857143,14,1.75,8,0,2,0,8,0,0,8,6,1,0,0,0,0,0,8,8,4,1420,1300,20,0,14,49,1.75,96,0,1857,26,241,90,20143
2025-07-11,argo,com.vrem.wifianalyzer,MainReloadTest,shouldNotReloadWithNoThemeChanges,1,1,0.0,3,1.0,0,1,1,0,5,0,1,0,1.0,0,2,1,5,2.0,1,2.6666666666666665,0,1,0.0,0,1.0,1.0,62,43,0.0,7,2,0,0,0,0,5,0,2,0,0,1,0,0,1,0,14,0.4642857142857143,14,1.75,8,0,2,0,8,0,0,8,6,1,0,0,0,0,0,8,8,4,1420,1300,20,0,14,49,1.75,96,0,1857,26,241,90,20143
2025-07-11,argo,com.vrem.wifianalyzer,MainReloadTest,shouldReloadWithThemeChange,2,2,0.0,4,1.0,0,1,1,0,7,1,2,0,1.0,0,2,2,6,1.0,2,2.4,0,2,0.0,0,1.0,1.0,62,43,0.0,7,2,0,0,0,0,5,0,2,0,0,1,0,0,1,0,14,0.4642857142857143,14,1.75,8,0,2,0,8,0,0,8,6,1,0,0,0,0,0,8,8,4,1420,1300,20,0,14,49,1.75,96,0,1857,26,241,90,20143
2025-07-11,argo,com.vrem.wifianalyzer,MainReloadTest,shouldNotReloadWithNoConnectionViewTypeChanges,1,1,0.0,3,1.0,0,1,1,0,5,0,1,0,1.0,0,2,1,5,2.0,1,2.6666666666666665,0,1,0.0,0,1.0,1.0,62,43,0.0,7,2,0,0,0,0,5,0,2,0,0,1,0,0,1,0,14,0.4642857142857143,14,1.75,8,0,2,0,8,0,0,8,6,1,0,0,0,0,0,8,8,4,1420,1300,20,0,14,49,1.75,96,0,1857,26,241,90,20143
2025-07-11,argo,com.vrem.wifianalyzer,MainReloadTest,shouldReloadWithConnectionViewTypeChange,2,2,0.0,4,1.0,0,1,1,0,7,1,2,0,1.0,0,2,2,6,1.0,2,2.4,0,2,0.0,0,1.0,1.0,62,43,0.0,7,2,0,0,0,0,5,0,2,0,0,1,0,0,1,0,14,0.4642857142857143,14,1.75,8,0,2,0,8,0,0,8,6,1,0,0,0,0,0,8,8,4,1420,1300,20,0,14,49,1.75,96,0,1857,26,241,90,20143
2025-07-11,argo,com.vrem.wifianalyzer,MainReloadTest,shouldNotReloadWithNoLanguageLocaleChanges,1,1,0.0,3,1.0,0,1,1,0,5,0,1,0,1.0,0,2,1,5,2.0,1,2.6666666666666665,0,1,0.0,0,1.0,1.0,62,43,0.0,7,2,0,0,0,0,5,0,2,0,0,1,0,0,1,0,14,0.4642857142857143,14,1.75,8,0,2,0,8,0,0,8,6,1,0,0,0,0,0,8,8,4,1420,1300,20,0,14,49,1.75,96,0,1857,26,241,90,20143
2025-07-11,argo,com.vrem.wifianalyzer,MainReloadTest,shouldReloadWithLanguageLocaleChange,2,2,0.0,4,1.0,0,1,1,0,7,1,2,0,1.0,0,2,2,6,1.0,2,2.4,0,2,0.0,0,1.0,1.0,62,43,0.0,7,2,0,0,0,0,5,0,2,0,0,1,0,0,1,0,14,0.4642857142857143,14,1.75,8,0,2,0,8,0,0,8,6,1,0,0,0,0,0,8,8,4,1420,1300,20,0,14,49,1.75,96,0,1857,26,241,90,20143
2025-07-11,argo,com.vrem.wifianalyzer,MainRobolectricTest,setUp,1,2,0.0,5,1.0,0,1,1,0,8,0,1,0,1.0,0,2,3,18,1.0,1,3.3333333333333335,0,2,0.0,0,0.7,0.8,70,48,0.0,4,4,0,0,0,0,7,0,4,0,0,2,0,0,2,0,5,0.4,5,1.0,5,0,4,0,5,0,0,5,0,1,0,0,0,0,0,7,7,4,1420,1300,20,0,9,90,1.0,96,0,1857,26,241,90,20143
2025-07-11,argo,com.vrem.wifianalyzer,MainRobolectricTest,tearDown,1,0,0.0,1,1.0,0,1,1,0,3,0,1,0,1.0,0,1,0,1,2.0,1,2.0,0,0,0.0,0,0.7,0.8,70,48,0.0,4,4,0,0,0,0,7,0,4,0,0,2,0,0,2,0,5,0.4,5,1.0,5,0,4,0,5,0,0,5,0,1,0,0,0,0,0,7,7,4,1420,1300,20,0,9,90,1.0,96,0,1857,26,241,90,20143
2025-07-11,argo,com.vrem.wifianalyzer,MainRobolectricTest,navigation,1,4,0.0,10,0.8,0,1,1,0,18,0,1,2,1.0,0,1,1,33,0.25,1,2.9411764705882355,0,1,0.0,0,0.7,0.8,70,48,0.0,4,4,0,0,0,0,7,0,4,0,0,2,0,0,2,0,5,0.4,5,1.0,5,0,4,0,5,0,0,5,0,1,0,0,0,0,0,7,7,4,1420,1300,20,0,9,90,1.0,96,0,1857,26,241,90,20143
2025-07-11,argo,com.vrem.wifianalyzer,MainRobolectricTest,scanner,1,3,0.0,8,1.0,0,1,1,0,14,0,1,2,1.0,0,3,2,18,1.0,1,3.25,0,2,0.0,0,0.7,0.8,70,48,0.0,4,4,0,0,0,0,7,0,4,0,0,2,0,0,2,0,5,0.4,5,1.0,5,0,4,0,5,0,0,5,0,1,0,0,0,0,0,7,7,4,1420,1300,20,0,9,90,1.0,96,0,1857,26,241,90,20143
2025-07-11,argo,com.vrem.wifianalyzer,MainRobolectricTest,filter,1,3,0.0,8,1.0,0,1,1,0,13,0,1,1,1.0,0,1,3,20,0.33,1,3.1818181818181817,0,3,0.0,0,0.7,0.8,70,48,0.0,4,4,0,0,0,0,7,0,4,0,0,2,0,0,2,0,5,0.4,5,1.0,5,0,4,0,5,0,0,5,0,1,0,0,0,0,0,7,7,4,1420,1300,20,0,9,90,1.0,96,0,1857,26,241,90,20143
2025-07-11,argo,com.vrem.wifianalyzer,RobolectricUtil,startFragment,1,2,1.0,3,0.6667,0,0,1,0,7,0,1,1,0.5,1,1,2,3,0.33,1,2.0,1,2,0.0,0,0.0,0.5,17,10,0.5,2,1,0,0,1,1,3,0,0,0,1,1,0,0,0,0,2,1.0,2,1.0,2,0,1,0,2,0,0,2,0,1,0,0,0,0,0,2,2,4,1420,1300,20,0,3,6,1.0,96,0,1857,26,241,90,20143
2025-07-11,argo,com.vrem.wifianalyzer,RobolectricUtil,clearLooper,1,0,0.0,1,1.0,0,0,1,0,3,0,1,0,0.0,0,0,1,3,0.0,0,4.0,0,1,0.0,0,0.0,0.5,17,10,0.5,2,1,0,0,1,1,3,0,0,0,1,1,0,0,0,0,2,1.0,2,1.0,2,0,1,0,2,0,0,2,0,1,0,0,0,0,0,2,2,4,1420,1300,20,0,3,6,1.0,96,0,1857,26,241,90,20143
2025-07-11,argo,com.vrem.wifianalyzer.about,AboutFragment2Test,setUp,4,0,0.0,2,1.0,0,1,1,0,7,0,4,0,1.0,0,2,2,7,2.0,2,3.0,0,2,0.0,0,0.6666666666666666,0.6666666666666666,32,15,0.0,3,3,0,0,0,0,5,0,3,0,0,3,0,0,0,0,3,1.0,3,1.0,3,0,3,0,3,0,0,3,0,1,0,0,0,0,0,3,3,4,1420,1300,3,0,5,32,2.0,22,0,432,26,241,26,20143
2025-07-11,argo,com.vrem.wifianalyzer.about,AboutFragment2Test,tearDown,1,0,0.0,4,0.5,0,1,1,0,6,0,1,0,1.0,0,1,2,5,1.0,1,2.25,0,2,0.0,0,0.6666666666666666,0.6666666666666666,32,15,0.0,3,3,0,0,0,0,5,0,3,0,0,3,0,0,0,0,3,1.0,3,1.0,3,0,3,0,3,0,0,3,0,1,0,0,0,0,0,3,3,4,1420,1300,3,0,5,32,2.0,22,0,432,26,241,26,20143
2025-07-11,argo,com.vrem.wifianalyzer.about,AboutFragment2Test,deviceInformation,1,0,0.0,1,1.0,0,1,1,0,9,0,1,0,1.0,0,1,1,20,1.0,0,8.0,0,1,0.0,0,0.6666666666666666,0.6666666666666666,32,15,0.0,3,3,0,0,0,0,5,0,3,0,0,3,0,0,0,0,3,1.0,3,1.0,3,0,3,0,3,0,0,3,0,1,0,0,0,0,0,3,3,4,1420,1300,3,0,5,32,2.0,22,0,432,26,241,26,20143
2025-07-11,argo,com.vrem.wifianalyzer.about,AboutFragmentTest,setUp,6,0,0.0,2,1.0,0,1,1,0,9,0,6,0,1.0,0,3,2,10,3.0,2,3.0,0,2,0.0,0,0.717948717948718,0.7692307692307693,105,74,0.16666666666666666,13,4,0,0,0,2,7,0,4,0,0,4,0,0,0,0,13,0.7948717948717949,13,1.0,13,0,4,0,11,2,0,11,2,1,0,0,0,0,0,13,13,4,1420,1300,3,0,15,122,1.3846153846153846,22,0,432,26,241,26,20143
2025-07-11,argo,com.vrem.wifianalyzer.about,AboutFragmentTest,tearDown,1,0,0.0,6,0.6667,0,1,1,0,8,0,1,0,1.0,0,2,2,7,2.0,1,2.1666666666666665,0,2,0.0,0,0.717948717948718,0.7692307692307693,105,74,0.16666666666666666,13,4,0,0,0,2,7,0,4,0,0,4,0,0,0,0,13,0.7948717948717949,13,1.0,13,0,4,0,11,2,0,11,2,1,0,0,0,0,0,13,13,4,1420,1300,3,0,15,122,1.3846153846153846,22,0,432,26,241,26,20143
2025-07-11,argo,com.vrem.wifianalyzer.about,AboutFragmentTest,onCreateView,1,0,0.0,1,1.0,0,1,1,0,3,0,1,0,1.0,0,1,1,2,1.0,0,3.0,0,1,0.0,0,0.717948717948718,0.7692307692307693,105,74,0.16666666666666666,13,4,0,0,0,2,7,0,4,0,0,4,0,0,0,0,13,0.7948717948717949,13,1.0,13,0,4,0,11,2,0,11,2,1,0,0,0,0,0,13,13,4,1420,1300,3,0,15,122,1.3846153846153846,22,0,432,26,241,26,20143
2025-07-11,argo,com.vrem.wifianalyzer.about,AboutFragmentTest,versionNumber,1,2,1.0,4,1.0,0,1,1,0,6,0,1,1,1.0,1,1,1,10,1.0,1,3.2,0,1,0.0,0,0.717948717948718,0.7692307692307693,105,74,0.16666666666666666,13,4,0,0,0,2,7,0,4,0,0,4,0,0,0,0,13,0.7948717948717949,13,1.0,13,0,4,0,11,2,0,11,2,1,0,0,0,0,0,13,13,4,1420,1300,3,0,15,122,1.3846153846153846,22,0,432,26,241,26,20143
2025-07-11,argo,com.vrem.wifianalyzer.about,AboutFragmentTest,packageName,1,1,0.0,3,1.0,0,1,1,0,5,0,1,0,1.0,0,1,1,9,1.0,1,4.0,0,1,0.0,0,0.717948717948718,0.7692307692307693,105,74,0.16666666666666666,13,4,0,0,0,2,7,0,4,0,0,4,0,0,0,0,13,0.7948717948717949,13,1.0,13,0,4,0,11,2,0,11,2,1,0,0,0,0,0,13,13,4,1420,1300,3,0,15,122,1.3846153846153846,22,0,432,26,241,26,20143
2025-07-11,argo,com.vrem.wifianalyzer.about,AboutFragmentTest,applicationName,1,2,0.0,4,1.0,0,1,1,0,6,0,1,0,1.0,0,1,1,10,0.5,1,3.5,0,1,0.0,0,0.717948717948718,0.7692307692307693,105,74,0.16666666666666666,13,4,0,0,0,2,7,0,4,0,0,4,0,0,0,0,13,0.7948717948717949,13,1.0,13,0,4,0,11,2,0,11,2,1,0,0,0,0,0,13,13,4,1420,1300,3,0,15,122,1.3846153846153846,22,0,432,26,241,26,20143
2025-07-11,argo,com.vrem.wifianalyzer.about,AboutFragmentTest,copyright,1,2,0.0,4,1.0,0,1,1,0,6,0,1,0,1.0,0,1,1,11,0.5,1,3.2,0,1,0.0,0,0.717948717948718,0.7692307692307693,105,74,0.16666666666666666,13,4,0,0,0,2,7,0,4,0,0,4,0,0,0,0,13,0.7948717948717949,13,1.0,13,0,4,0,11,2,0,11,2,1,0,0,0,0,0,13,13,4,1420,1300,3,0,15,122,1.3846153846153846,22,0,432,26,241,26,20143
2025-07-11,argo,com.vrem.wifianalyzer.about,AboutFragmentTest,device,1,2,0.0,3,1.0,0,1,1,0,6,0,1,0,1.0,0,1,1,7,0.5,1,3.3333333333333335,0,1,0.0,0,0.717948717948718,0.7692307692307693,105,74,0.16666666666666666,13,4,0,0,0,2,7,0,4,0,0,4,0,0,0,0,13,0.7948717948717949,13,1.0,13,0,4,0,11,2,0,11,2,1,0,0,0,0,0,13,13,4,1420,1300,3,0,15,122,1.3846153846153846,22,0,432,26,241,26,20143
2025-07-11,argo,com.vrem.wifianalyzer.about,AboutFragmentTest,deviceInformation,1,0,0.0,1,1.0,0,1,1,0,9,0,1,0,1.0,0,1,1,20,1.0,0,8.0,0,1,0.0,0,0.717948717948718,0.7692307692307693,105,74,0.16666666666666666,13,4,0,0,0,2,7,0,4,0,0,4,0,0,0,0,13,0.7948717948717949,13,1.0,13,0,4,0,11,2,0,11,2,1,0,0,0,0,0,13,13,4,1420,1300,3,0,15,122,1.3846153846153846,22,0,432,26,241,26,20143
2025-07-11,argo,com.vrem.wifianalyzer.about,AboutFragmentTest,writeReview,1,2,0.0,3,1.0,0,1,1,0,5,0,1,0,1.0,0,1,1,6,0.5,1,3.0,0,1,0.0,0,0.717948717948718,0.7692307692307693,105,74,0.16666666666666666,13,4,0,0,0,2,7,0,4,0,0,4,0,0,0,0,13,0.7948717948717949,13,1.0,13,0,4,0,11,2,0,11,2,1,0,0,0,0,0,13,13,4,1420,1300,3,0,15,122,1.3846153846153846,22,0,432,26,241,26,20143
2025-07-11,argo,com.vrem.wifianalyzer.about,AboutFragmentTest,alertDialogClickListener,1,0,1.0,1,1.0,0,1,1,0,6,0,1,4,0.0,1,0,1,13,0.0,0,3.0,0,1,0.0,0,0.717948717948718,0.7692307692307693,105,74,0.16666666666666666,13,4,0,0,0,2,7,0,4,0,0,4,0,0,0,0,13,0.7948717948717949,13,1.0,13,0,4,0,11,2,0,11,2,1,0,0,0,0,0,13,13,4,1420,1300,3,0,15,122,1.3846153846153846,22,0,432,26,241,26,20143
2025-07-11,argo,com.vrem.wifianalyzer.about,AboutFragmentTest,version,1,1,0.0,1,1.0,0,1,1,0,4,0,1,0,1.0,0,1,0,2,1.0,2,2.3333333333333335,0,0,0.0,0,0.717948717948718,0.7692307692307693,105,74,0.16666666666666666,13,4,0,0,0,2,7,0,4,0,0,4,0,0,0,0,13,0.7948717948717949,13,1.0,13,0,4,0,11,2,0,11,2,1,0,0,0,0,0,13,13,4,1420,1300,3,0,15,122,1.3846153846153846,22,0,432,26,241,26,20143
2025-07-11,argo,com.vrem.wifianalyzer.about,AboutFragmentTest,validateAlertDialogClickListener,1,5,0.0,6,0.8571,0,1,1,0,10,0,1,0,0.5,0,1,2,15,0.12,1,3.142857142857143,3,2,0.0,0,0.717948717948718,0.7692307692307693,105,74,0.16666666666666666,13,4,0,0,0,2,7,0,4,0,0,4,0,0,0,0,13,0.7948717948717949,13,1.0,13,0,4,0,11,2,0,11,2,1,0,0,0,0,0,13,13,4,1420,1300,3,0,15,122,1.3846153846153846,22,0,432,26,241,26,20143
2025-07-11,argo,com.vrem.wifianalyzer.export,ExportIntentTest,tearDown,1,0,0.0,0,0.0,0,0,1,0,4,0,1,0,1.0,0,2,1,1,2.0,0,0.0,0,1,0.0,0,1.0,1.0,28,19,0.0,2,3,0,0,0,0,4,0,3,0,0,3,0,0,0,0,2,1.0,2,1.0,2,0,3,0,2,0,0,2,0,1,0,0,0,0,0,2,2,4,1420,1300,4,0,5,16,2.0,21,0,332,26,241,21,20143
2025-07-11,argo,com.vrem.wifianalyzer.export,ExportIntentTest,intent,3,3,0.0,7,0.625,0,0,1,0,15,0,3,0,1.0,1,3,4,15,1.0,2,2.4166666666666665,0,3,0.0,0,1.0,1.0,28,19,0.0,2,3,0,0,0,0,4,0,3,0,0,3,0,0,0,0,2,1.0,2,1.0,2,0,3,0,2,0,0,2,0,1,0,0,0,0,0,2,2,4,1420,1300,4,0,5,16,2.0,21,0,332,26,241,21,20143
2025-07-11,argo,com.vrem.wifianalyzer.export,ExportTest,tearDown,1,0,0.0,0,0.0,0,0,1,0,6,0,1,0,1.0,0,4,1,1,4.0,0,0.0,0,1,0.0,0,0.2,0.9,86,61,0.4,10,7,0,0,0,5,5,0,7,0,0,7,0,0,0,0,11,0.7777777777777778,11,1.1,10,0,7,0,5,5,0,5,0,1,0,0,0,0,0,10,10,4,1420,1300,4,0,5,46,1.7142857142857142,21,0,332,26,241,21,20143
2025-07-11,argo,com.vrem.wifianalyzer.export,ExportTest,export,6,6,4.0,7,0.9,0,0,1,0,19,1,6,18,1.0,8,7,4,26,1.17,2,3.2857142857142856,0,4,0.0,0,0.2,0.9,86,61,0.4,10,7,0,0,0,5,5,0,7,0,0,7,0,0,0,0,11,0.7777777777777778,11,1.1,10,0,7,0,5,5,0,5,0,1,0,0,0,0,0,10,10,4,1420,1300,4,0,5,46,1.7142857142857142,21,0,332,26,241,21,20143
2025-07-11,argo,com.vrem.wifianalyzer.export,ExportTest,timestamp,1,2,0.0,1,1.0,0,0,1,0,5,0,1,2,1.0,2,2,1,3,1.0,1,2.0,0,1,0.0,0,0.2,0.9,86,61,0.4,10,7,0,0,0,5,5,0,7,0,0,7,0,0,0,0,11,0.7777777777777778,11,1.1,10,0,7,0,5,5,0,5,0,1,0,0,0,0,0,10,10,4,1420,1300,4,0,5,46,1.7142857142857142,21,0,332,26,241,21,20143
2025-07-11,argo,com.vrem.wifianalyzer.export,ExportTest,data,3,5,0.0,4,0.75,0,0,1,0,12,0,3,10,1.0,5,3,3,15,0.6,1,3.7142857142857144,0,3,0.0,0,0.2,0.9,86,61,0.4,10,7,0,0,0,5,5,0,7,0,0,7,0,0,0,0,11,0.7777777777777778,11,1.1,10,0,7,0,5,5,0,5,0,1,0,0,0,0,0,10,10,4,1420,1300,4,0,5,46,1.7142857142857142,21,0,332,26,241,21,20143
2025-07-11,argo,com.vrem.wifianalyzer.export,ExportTest,title,2,3,0.0,3,1.0,0,0,1,0,8,0,2,6,1.0,4,4,3,8,1.33,1,3.25,0,3,0.0,0,0.2,0.9,86,61,0.4,10,7,0,0,0,5,5,0,7,0,0,7,0,0,0,0,11,0.7777777777777778,11,1.1,10,0,7,0,5,5,0,5,0,1,0,0,0,0,0,10,10,4,1420,1300,4,0,5,46,1.7142857142857142,21,0,332,26,241,21,20143
2025-07-11,argo,com.vrem.wifianalyzer.export,ExportTest,title,1,0,0.0,0,0.0,0,0,1,0,1,0,1,0,0.0,0,1,0,0,1.0,0,0.0,1,0,0.0,0,0.2,0.9,86,61,0.4,10,7,0,0,0,5,5,0,7,0,0,7,0,0,0,0,11,0.7777777777777778,11,1.1,10,0,7,0,5,5,0,5,0,1,0,0,0,0,0,10,10,4,1420,1300,4,0,5,46,1.7142857142857142,21,0,332,26,241,21,20143
2025-07-11,argo,com.vrem.wifianalyzer.export,ExportTest,data,1,0,0.0,1,1.0,0,0,1,0,1,0,1,6,0.0,0,0,0,10,0.0,0,3.5,1,0,0.0,0,0.2,0.9,86,61,0.4,10,7,0,0,0,5,5,0,7,0,0,7,0,0,0,0,11,0.7777777777777778,11,1.1,10,0,7,0,5,5,0,5,0,1,0,0,0,0,0,10,10,4,1420,1300,4,0,5,46,1.7142857142857142,21,0,332,26,241,21,20143
2025-07-11,argo,com.vrem.wifianalyzer.export,ExportTest,timestamp,1,0,0.0,1,1.0,0,0,1,0,1,0,1,0,1.0,0,0,0,2,1.0,0,3.0,1,0,0.0,0,0.2,0.9,86,61,0.4,10,7,0,0,0,5,5,0,7,0,0,7,0,0,0,0,11,0.7777777777777778,11,1.1,10,0,7,0,5,5,0,5,0,1,0,0,0,0,0,10,10,4,1420,1300,4,0,5,46,1.7142857142857142,21,0,332,26,241,21,20143
2025-07-11,argo,com.vrem.wifianalyzer.export,ExportTest,withWiFiDetails,1,0,1.0,0,0.0,0,0,1,0,1,0,1,2,0.0,1,0,0,1,0.0,0,0.0,0,0,0.0,0,0.2,0.9,86,61,0.4,10,7,0,0,0,5,5,0,7,0,0,7,0,0,0,0,11,0.7777777777777778,11,1.1,10,0,7,0,5,5,0,5,0,1,0,0,0,0,0,10,10,4,1420,1300,4,0,5,46,1.7142857142857142,21,0,332,26,241,21,20143
2025-07-11,argo,com.vrem.wifianalyzer.export,ExportTest,withWiFiDetail,1,4,0.0,2,1.0,0,0,1,0,7,0,1,0,0.0,0,0,0,6,0.0,0,2.0,1,0,0.0,0,0.2,0.9,86,61,0.4,10,7,0,0,0,5,5,0,7,0,0,7,0,0,0,0,11,0.7777777777777778,11,1.1,10,0,7,0,5,5,0,5,0,1,0,0,0,0,0,10,10,4,1420,1300,4,0,5,46,1.7142857142857142,21,0,332,26,241,21,20143
2025-07-11,argo,com.vrem.wifianalyzer.navigation,NavigationMenuControllerTest,tearDown,1,0,0.0,1,1.0,0,4,1,0,3,0,1,0,1.0,0,1,0,2,1.0,0,3.0,0,0,0.0,0,0.6190476190476191,0.8571428571428571,67,11,0.0,5,6,0,0,2,0,4,0,4,0,2,6,0,0,0,0,9,0.7619047619047619,9,1.2857142857142858,7,0,6,0,7,0,0,7,0,1,0,0,0,0,0,7,7,4,1420,1300,5,0,6,43,1.5714285714285714,29,1,514,26,241,25,20143
2025-07-11,argo,com.vrem.wifianalyzer.navigation,NavigationMenuControllerTest,drawerNavigationMenuView,1,1,0.0,1,1.0,0,4,1,0,4,0,1,0,1.0,0,2,1,3,2.0,0,3.0,0,1,0.0,0,0.6190476190476191,0.8571428571428571,67,11,0.0,5,6,0,0,2,0,4,0,4,0,2,6,0,0,0,0,9,0.7619047619047619,9,1.2857142857142858,7,0,6,0,7,0,0,7,0,1,0,0,0,0,0,7,7,4,1420,1300,5,0,6,43,1.5714285714285714,29,1,514,26,241,25,20143
2025-07-11,argo,com.vrem.wifianalyzer.navigation,NavigationMenuControllerTest,bottomNavigationMenuView,1,1,0.0,1,1.0,0,4,1,0,4,0,1,0,1.0,0,2,1,3,2.0,0,3.0,0,1,0.0,0,0.6190476190476191,0.8571428571428571,67,11,0.0,5,6,0,0,2,0,4,0,4,0,2,6,0,0,0,0,9,0.7619047619047619,9,1.2857142857142858,7,0,6,0,7,0,0,7,0,1,0,0,0,0,0,7,7,4,1420,1300,5,0,6,43,1.5714285714285714,29,1,514,26,241,25,20143
2025-07-11,argo,com.vrem.wifianalyzer.navigation,NavigationMenuControllerTest,getCurrentDrawerMenuItem,1,2,0.0,4,1.0,0,4,1,0,6,0,1,0,1.0,0,2,1,8,1.0,1,3.0,0,1,0.0,0,0.6190476190476191,0.8571428571428571,67,11,0.0,5,6,0,0,2,0,4,0,4,0,2,6,0,0,0,0,9,0.7619047619047619,9,1.2857142857142858,7,0,6,0,7,0,0,7,0,1,0,0,0,0,0,7,7,4,1420,1300,5,0,6,43,1.5714285714285714,29,1,514,26,241,25,20143
2025-07-11,argo,com.vrem.wifianalyzer.navigation,NavigationMenuControllerTest,getCurrentNavigationMenu,1,1,0.0,2,1.0,0,4,1,0,4,0,1,0,1.0,0,1,1,3,1.0,1,2.5,0,1,0.0,0,0.6190476190476191,0.8571428571428571,67,11,0.0,5,6,0,0,2,0,4,0,4,0,2,6,0,0,0,0,9,0.7619047619047619,9,1.2857142857142858,7,0,6,0,7,0,0,7,0,1,0,0,0,0,0,7,7,4,1420,1300,5,0,6,43,1.5714285714285714,29,1,514,26,241,25,20143
2025-07-11,argo,com.vrem.wifianalyzer.navigation,NavigationMenuControllerTest,setCurrentNavigationMenuWithDrawerNavigationView,3,2,0.0,3,1.0,0,4,1,0,13,1,3,0,1.0,0,3,1,12,1.5,2,3.2857142857142856,0,1,0.0,0,0.6190476190476191,0.8571428571428571,67,11,0.0,5,6,0,0,2,0,4,0,4,0,2,6,0,0,0,0,9,0.7619047619047619,9,1.2857142857142858,7,0,6,0,7,0,0,7,0,1,0,0,0,0,0,7,7,4,1420,1300,5,0,6,43,1.5714285714285714,29,1,514,26,241,25,20143
2025-07-11,argo,com.vrem.wifianalyzer.navigation,NavigationMenuControllerTest,setCurrentNavigationMenuWithBottomNavigationView,3,2,0.0,3,1.0,0,4,1,0,13,1,3,0,1.0,0,3,1,12,1.5,2,3.2857142857142856,0,1,0.0,0,0.6190476190476191,0.8571428571428571,67,11,0.0,5,6,0,0,2,0,4,0,4,0,2,6,0,0,0,0,9,0.7619047619047619,9,1.2857142857142858,7,0,6,0,7,0,0,7,0,1,0,0,0,0,0,7,7,4,1420,1300,5,0,6,43,1.5714285714285714,29,1,514,26,241,25,20143
2025-07-11,argo,com.vrem.wifianalyzer.navigation,NavigationMenuTest,groupFeature,1,0,0.0,1,1.0,0,0,1,0,3,0,1,0,0.0,0,0,1,5,0.0,0,2.25,0,1,0.0,0,0.0,0.07142857142857142,122,107,0.0,14,0,0,0,0,0,1,0,0,0,0,0,0,0,0,0,14,1.0,14,1.0,14,0,0,0,14,0,0,14,0,1,0,0,0,0,0,14,14,4,1420,1300,5,0,14,213,1.0,29,1,514,26,241,25,20143
2025-07-11,argo,com.vrem.wifianalyzer.navigation,NavigationMenuTest,navigationMenu,1,0,0.0,1,1.0,0,0,1,0,3,0,1,0,0.0,0,0,1,2,0.0,0,3.0,0,1,0.0,0,0.0,0.07142857142857142,122,107,0.0,14,0,0,0,0,0,1,0,0,0,0,0,0,0,0,0,14,1.0,14,1.0,14,0,0,0,14,0,0,14,0,1,0,0,0,0,0,14,14,4,1420,1300,5,0,14,213,1.0,29,1,514,26,241,25,20143
2025-07-11,argo,com.vrem.wifianalyzer.navigation,NavigationMenuTest,navigationItem,1,0,0.0,9,0.1111,0,0,1,0,11,0,1,0,0.0,0,0,1,19,0.0,0,4.0,0,1,0.0,0,0.0,0.07142857142857142,122,107,0.0,14,0,0,0,0,0,1,0,0,0,0,0,0,0,0,0,14,1.0,14,1.0,14,0,0,0,14,0,0,14,0,1,0,0,0,0,0,14,14,4,1420,1300,5,0,14,213,1.0,29,1,514,26,241,25,20143
2025-07-11,argo,com.vrem.wifianalyzer.navigation,NavigationMenuTest,title,1,0,0.0,9,0.1111,0,0,1,0,11,0,1,0,0.0,0,0,1,29,0.0,0,6.0,0,1,0.0,0,0.0,0.07142857142857142,122,107,0.0,14,0,0,0,0,0,1,0,0,0,0,0,0,0,0,0,14,1.0,14,1.0,14,0,0,0,14,0,0,14,0,1,0,0,0,0,0,14,14,4,1420,1300,5,0,14,213,1.0,29,1,514,26,241,25,20143
2025-07-11,argo,com.vrem.wifianalyzer.navigation,NavigationMenuTest,wiFiBandSwitchableTrue,1,0,0.0,3,0.3333,0,0,1,0,5,0,1,0,0.0,0,0,1,7,0.0,0,4.0,0,1,0.0,0,0.0,0.07142857142857142,122,107,0.0,14,0,0,0,0,0,1,0,0,0,0,0,0,0,0,0,14,1.0,14,1.0,14,0,0,0,14,0,0,14,0,1,0,0,0,0,0,14,14,4,1420,1300,5,0,14,213,1.0,29,1,514,26,241,25,20143
2025-07-11,argo,com.vrem.wifianalyzer.navigation,NavigationMenuTest,wiFiBandSwitchableFalse,1,0,0.0,6,0.1667,0,0,1,0,8,0,1,0,0.0,0,0,1,13,0.0,0,4.0,0,1,0.0,0,0.0,0.07142857142857142,122,107,0.0,14,0,0,0,0,0,1,0,0,0,0,0,0,0,0,0,14,1.0,14,1.0,14,0,0,0,14,0,0,14,0,1,0,0,0,0,0,14,14,4,1420,1300,5,0,14,213,1.0,29,1,514,26,241,25,20143
2025-07-11,argo,com.vrem.wifianalyzer.navigation,NavigationMenuTest,registeredTrue,1,0,0.0,4,0.25,0,0,1,0,6,0,1,0,0.0,0,0,1,9,0.0,0,4.0,0,1,0.0,0,0.0,0.07142857142857142,122,107,0.0,14,0,0,0,0,0,1,0,0,0,0,0,0,0,0,0,14,1.0,14,1.0,14,0,0,0,14,0,0,14,0,1,0,0,0,0,0,14,14,4,1420,1300,5,0,14,213,1.0,29,1,514,26,241,25,20143
2025-07-11,argo,com.vrem.wifianalyzer.navigation,NavigationMenuTest,registeredFalse,1,0,0.0,5,0.2,0,0,1,0,7,0,1,0,0.0,0,0,1,11,0.0,0,4.0,0,1,0.0,0,0.0,0.07142857142857142,122,107,0.0,14,0,0,0,0,0,1,0,0,0,0,0,0,0,0,0,14,1.0,14,1.0,14,0,0,0,14,0,0,14,0,1,0,0,0,0,0,14,14,4,1420,1300,5,0,14,213,1.0,29,1,514,26,241,25,20143
2025-07-11,argo,com.vrem.wifianalyzer.navigation,NavigationMenuTest,idDrawer,1,0,0.0,9,0.1111,0,0,1,0,11,0,1,0,0.0,0,0,1,29,0.0,0,6.0,0,1,0.0,0,0.0,0.07142857142857142,122,107,0.0,14,0,0,0,0,0,1,0,0,0,0,0,0,0,0,0,14,1.0,14,1.0,14,0,0,0,14,0,0,14,0,1,0,0,0,0,0,14,14,4,1420,1300,5,0,14,213,1.0,29,1,514,26,241,25,20143
2025-07-11,argo,com.vrem.wifianalyzer.navigation,NavigationMenuTest,idBottom,1,0,0.0,9,0.1111,0,0,1,0,11,0,1,0,0.0,0,0,1,24,0.0,0,4.888888888888889,0,1,0.0,0,0.0,0.07142857142857142,122,107,0.0,14,0,0,0,0,0,1,0,0,0,0,0,0,0,0,0,14,1.0,14,1.0,14,0,0,0,14,0,0,14,0,1,0,0,0,0,0,14,14,4,1420,1300,5,0,14,213,1.0,29,1,514,26,241,25,20143
2025-07-11,argo,com.vrem.wifianalyzer.navigation,NavigationMenuTest,navigationOptions,1,0,0.0,9,0.1111,0,0,1,0,11,0,1,0,0.0,0,0,1,19,0.0,0,4.0,0,1,0.0,0,0.0,0.07142857142857142,122,107,0.0,14,0,0,0,0,0,1,0,0,0,0,0,0,0,0,0,14,1.0,14,1.0,14,0,0,0,14,0,0,14,0,1,0,0,0,0,0,14,14,4,1420,1300,5,0,14,213,1.0,29,1,514,26,241,25,20143
2025-07-11,argo,com.vrem.wifianalyzer.navigation,NavigationMenuTest,findByDrawerId,1,0,0.0,1,1.0,0,0,1,0,11,0,1,0,0.0,0,0,1,29,0.0,0,6.0,0,1,0.0,0,0.0,0.07142857142857142,122,107,0.0,14,0,0,0,0,0,1,0,0,0,0,0,0,0,0,0,14,1.0,14,1.0,14,0,0,0,14,0,0,14,0,1,0,0,0,0,0,14,14,4,1420,1300,5,0,14,213,1.0,29,1,514,26,241,25,20143
2025-07-11,argo,com.vrem.wifianalyzer.navigation,NavigationMenuTest,findByBottomId,1,0,0.0,1,1.0,0,0,1,0,6,0,1,0,0.0,0,0,1,14,0.0,0,6.0,0,1,0.0,0,0.0,0.07142857142857142,122,107,0.0,14,0,0,0,0,0,1,0,0,0,0,0,0,0,0,0,14,1.0,14,1.0,14,0,0,0,14,0,0,14,0,1,0,0,0,0,0,14,14,4,1420,1300,5,0,14,213,1.0,29,1,514,26,241,25,20143
2025-07-11,argo,com.vrem.wifianalyzer.navigation,NavigationMenuTest,findDefault,1,0,0.0,1,1.0,0,0,1,0,3,0,1,0,0.0,0,0,1,3,0.0,0,4.0,0,1,0.0,0,0.0,0.07142857142857142,122,107,0.0,14,0,0,0,0,0,1,0,0,0,0,0,0,0,0,0,14,1.0,14,1.0,14,0,0,0,14,0,0,14,0,1,0,0,0,0,0,14,14,4,1420,1300,5,0,14,213,1.0,29,1,514,26,241,25,20143
2025-07-11,argo,com.vrem.wifianalyzer.navigation.availability,BottomNavTest,tearDown,1,0,0.0,0,0.0,0,0,1,0,4,0,1,0,1.0,0,2,1,1,2.0,0,0.0,0,1,0.0,0,1.0,1.0,24,16,0.0,3,2,0,0,0,0,5,0,2,0,0,2,0,0,0,0,5,0.6666666666666667,5,1.6666666666666667,3,0,2,0,3,0,0,3,1,1,0,0,0,0,0,3,3,4,1420,1300,8,0,9,19,1.6666666666666667,31,0,908,26,241,30,20143
2025-07-11,argo,com.vrem.wifianalyzer.navigation.availability,BottomNavTest,navigationOptionBottomNavOff,2,0,0.0,3,1.0,0,0,1,0,6,1,2,1,1.0,1,2,4,9,2.0,0,3.25,0,3,0.0,0,1.0,1.0,24,16,0.0,3,2,0,0,0,0,5,0,2,0,0,2,0,0,0,0,5,0.6666666666666667,5,1.6666666666666667,3,0,2,0,3,0,0,3,1,1,0,0,0,0,0,3,3,4,1420,1300,8,0,9,19,1.6666666666666667,31,0,908,26,241,30,20143
2025-07-11,argo,com.vrem.wifianalyzer.navigation.availability,BottomNavTest,navigationOptionBottomNavOn,2,0,0.0,3,1.0,0,0,1,0,6,1,2,1,1.0,1,2,4,9,2.0,0,3.25,0,3,0.0,0,1.0,1.0,24,16,0.0,3,2,0,0,0,0,5,0,2,0,0,2,0,0,0,0,5,0.6666666666666667,5,1.6666666666666667,3,0,2,0,3,0,0,3,1,1,0,0,0,0,0,3,3,4,1420,1300,8,0,9,19,1.6666666666666667,31,0,908,26,241,30,20143
2025-07-11,argo,com.vrem.wifianalyzer.navigation.availability,FilterOffTest,tearDown,1,0,0.0,0,0.0,0,0,1,0,6,0,1,0,1.0,0,4,1,1,4.0,0,0.0,0,1,0.0,0,1.0,1.0,37,25,0.3333333333333333,3,4,0,0,0,0,4,0,4,0,0,4,0,0,0,0,8,0.6666666666666667,8,2.6666666666666665,3,0,4,0,3,0,0,3,2,1,0,0,0,0,0,3,3,4,1420,1300,8,0,8,24,2.6666666666666665,31,0,908,26,241,30,20143
2025-07-11,argo,com.vrem.wifianalyzer.navigation.availability,FilterOffTest,navigationOptionFilterOff,4,0,0.0,6,1.0,0,0,1,0,10,3,4,1,1.0,1,4,3,13,4.0,0,3.0,0,3,0.0,0,1.0,1.0,37,25,0.3333333333333333,3,4,0,0,0,0,4,0,4,0,0,4,0,0,0,0,8,0.6666666666666667,8,2.6666666666666665,3,0,4,0,3,0,0,3,2,1,0,0,0,0,0,3,3,4,1420,1300,8,0,8,24,2.6666666666666665,31,0,908,26,241,30,20143
2025-07-11,argo,com.vrem.wifianalyzer.navigation.availability,FilterOffTest,navigationOptionFilterOffWithNoMenuDoesNotSetVisibleFalse,3,0,1.0,6,1.0,0,0,1,0,9,2,3,1,1.0,1,4,4,10,4.0,1,2.6666666666666665,0,3,0.0,0,1.0,1.0,37,25,0.3333333333333333,3,4,0,0,0,0,4,0,4,0,0,4,0,0,0,0,8,0.6666666666666667,8,2.6666666666666665,3,0,4,0,3,0,0,3,2,1,0,0,0,0,0,3,3,4,1420,1300,8,0,8,24,2.6666666666666665,31,0,908,26,241,30,20143
2025-07-11,argo,com.vrem.wifianalyzer.navigation.availability,FilterOnTest,tearDown,1,0,0.0,1,1.0,0,0,1,0,9,0,1,0,1.0,0,6,2,2,6.0,1,2.0,0,2,0.0,0,1.0,0.8333333333333334,69,50,0.3333333333333333,6,6,0,0,0,0,8,0,6,0,0,6,0,0,0,0,16,0.6666666666666667,16,2.6666666666666665,6,0,6,0,4,2,0,4,0,1,0,0,0,0,0,6,6,4,1420,1300,8,0,19,47,2.6666666666666665,31,0,908,26,241,30,20143
2025-07-11,argo,com.vrem.wifianalyzer.navigation.availability,FilterOnTest,navigationOptionFilterOnWithFilterInactive,3,1,2.0,3,1.0,0,0,1,0,10,2,3,2,1.0,2,3,6,10,3.0,2,2.6666666666666665,0,6,0.0,0,1.0,0.8333333333333334,69,50,0.3333333333333333,6,6,0,0,0,0,8,0,6,0,0,6,0,0,0,0,16,0.6666666666666667,16,2.6666666666666665,6,0,6,0,4,2,0,4,0,1,0,0,0,0,0,6,6,4,1420,1300,8,0,19,47,2.6666666666666665,31,0,908,26,241,30,20143
2025-07-11,argo,com.vrem.wifianalyzer.navigation.availability,FilterOnTest,navigationOptionFilterOnWithFilterActive,3,1,2.0,3,1.0,0,0,1,0,10,2,3,2,1.0,2,3,6,10,3.0,2,2.6666666666666665,0,6,0.0,0,1.0,0.8333333333333334,69,50,0.3333333333333333,6,6,0,0,0,0,8,0,6,0,0,6,0,0,0,0,16,0.6666666666666667,16,2.6666666666666665,6,0,6,0,4,2,0,4,0,1,0,0,0,0,0,6,6,4,1420,1300,8,0,19,47,2.6666666666666665,31,0,908,26,241,30,20143
2025-07-11,argo,com.vrem.wifianalyzer.navigation.availability,FilterOnTest,navigationOptionFilterOnWithNoMenuDoesNotSetVisibleTrue,3,0,0.0,4,1.0,0,0,1,0,7,2,3,0,1.0,0,3,3,7,3.0,0,2.5,0,3,0.0,0,1.0,0.8333333333333334,69,50,0.3333333333333333,6,6,0,0,0,0,8,0,6,0,0,6,0,0,0,0,16,0.6666666666666667,16,2.6666666666666665,6,0,6,0,4,2,0,4,0,1,0,0,0,0,0,6,6,4,1420,1300,8,0,19,47,2.6666666666666665,31,0,908,26,241,30,20143
2025-07-11,argo,com.vrem.wifianalyzer.navigation.availability,FilterOnTest,verifyMenuItem,1,0,0.0,6,0.8333,0,0,1,0,8,0,1,0,1.0,0,5,1,8,5.0,1,2.3333333333333335,0,1,0.0,0,1.0,0.8333333333333334,69,50,0.3333333333333333,6,6,0,0,0,0,8,0,6,0,0,6,0,0,0,0,16,0.6666666666666667,16,2.6666666666666665,6,0,6,0,4,2,0,4,0,1,0,0,0,0,0,6,6,4,1420,1300,8,0,19,47,2.6666666666666665,31,0,908,26,241,30,20143
2025-07-11,argo,com.vrem.wifianalyzer.navigation.availability,FilterOnTest,withMenuItem,5,0,0.0,4,1.0,0,0,1,0,6,4,5,0,1.0,0,5,1,10,5.0,0,3.5,0,1,0.0,0,1.0,0.8333333333333334,69,50,0.3333333333333333,6,6,0,0,0,0,8,0,6,0,0,6,0,0,0,0,16,0.6666666666666667,16,2.6666666666666665,6,0,6,0,4,2,0,4,0,1,0,0,0,0,0,6,6,4,1420,1300,8,0,19,47,2.6666666666666665,31,0,908,26,241,30,20143
2025-07-11,argo,com.vrem.wifianalyzer.navigation.availability,NavigationOptionsTest,rating,1,1,0.0,3,0.3333,0,0,1,0,12,0,1,0,0.0,0,0,1,3,0.0,1,2.0,0,1,0.0,0,0.0,1.0,53,48,0.0,4,0,0,0,0,0,1,0,0,0,0,0,0,0,0,0,4,0.0,4,1.0,4,0,0,0,4,0,0,4,1,1,0,0,0,0,0,4,4,4,1420,1300,8,0,4,12,1.0,31,0,908,26,241,30,20143
2025-07-11,argo,com.vrem.wifianalyzer.navigation.availability,NavigationOptionsTest,other,1,1,0.0,3,0.3333,0,0,1,0,12,0,1,0,0.0,0,0,1,3,0.0,1,2.0,0,1,0.0,0,0.0,1.0,53,48,0.0,4,0,0,0,0,0,1,0,0,0,0,0,0,0,0,0,4,0.0,4,1.0,4,0,0,0,4,0,0,4,1,1,0,0,0,0,0,4,4,4,1420,1300,8,0,4,12,1.0,31,0,908,26,241,30,20143
2025-07-11,argo,com.vrem.wifianalyzer.navigation.availability,NavigationOptionsTest,off,1,1,0.0,3,0.3333,0,0,1,0,12,0,1,0,0.0,0,0,1,3,0.0,1,2.0,0,1,0.0,0,0.0,1.0,53,48,0.0,4,0,0,0,0,0,1,0,0,0,0,0,0,0,0,0,4,0.0,4,1.0,4,0,0,0,4,0,0,4,1,1,0,0,0,0,0,4,4,4,1420,1300,8,0,4,12,1.0,31,0,908,26,241,30,20143
2025-07-11,argo,com.vrem.wifianalyzer.navigation.availability,NavigationOptionsTest,accessPoints,1,1,0.0,3,0.3333,0,0,1,0,12,0,1,0,0.0,0,0,1,3,0.0,1,2.0,0,1,0.0,0,0.0,1.0,53,48,0.0,4,0,0,0,0,0,1,0,0,0,0,0,0,0,0,0,4,0.0,4,1.0,4,0,0,0,4,0,0,4,1,1,0,0,0,0,0,4,4,4,1420,1300,8,0,4,12,1.0,31,0,908,26,241,30,20143
2025-07-11,argo,com.vrem.wifianalyzer.navigation.availability,ScannerSwitchOffTest,tearDown,1,0,0.0,0,0.0,0,0,1,0,6,0,1,0,1.0,0,4,1,1,4.0,0,0.0,0,1,0.0,0,1.0,1.0,37,25,0.3333333333333333,3,4,0,0,0,0,4,0,4,0,0,4,0,0,0,0,8,0.6666666666666667,8,2.6666666666666665,3,0,4,0,3,0,0,3,2,1,0,0,0,0,0,3,3,4,1420,1300,8,0,8,24,2.6666666666666665,31,0,908,26,241,30,20143
2025-07-11,argo,com.vrem.wifianalyzer.navigation.availability,ScannerSwitchOffTest,navigationOptionScannerSwitchOff,4,0,0.0,6,1.0,0,0,1,0,10,3,4,1,1.0,1,4,3,13,4.0,0,3.0,0,3,0.0,0,1.0,1.0,37,25,0.3333333333333333,3,4,0,0,0,0,4,0,4,0,0,4,0,0,0,0,8,0.6666666666666667,8,2.6666666666666665,3,0,4,0,3,0,0,3,2,1,0,0,0,0,0,3,3,4,1420,1300,8,0,8,24,2.6666666666666665,31,0,908,26,241,30,20143
2025-07-11,argo,com.vrem.wifianalyzer.navigation.availability,ScannerSwitchOffTest,navigationOptionScannerSwitchOffWithNoMenuDoesNotSetVisibleFalse,3,0,1.0,6,1.0,0,0,1,0,9,2,3,1,1.0,1,4,4,10,4.0,1,2.6666666666666665,0,3,0.0,0,1.0,1.0,37,25,0.3333333333333333,3,4,0,0,0,0,4,0,4,0,0,4,0,0,0,0,8,0.6666666666666667,8,2.6666666666666665,3,0,4,0,3,0,0,3,2,1,0,0,0,0,0,3,3,4,1420,1300,8,0,8,24,2.6666666666666665,31,0,908,26,241,30,20143
2025-07-11,argo,com.vrem.wifianalyzer.navigation.availability,ScannerSwitchOnTest,tearDown,1,0,0.0,1,1.0,0,0,1,0,8,0,1,0,1.0,0,5,2,2,5.0,1,2.0,0,2,0.0,0,1.0,1.0,74,58,0.6,5,5,0,0,0,0,5,0,5,0,0,5,0,0,0,0,18,0.4,18,3.6,5,0,5,0,5,0,0,5,0,1,0,0,0,0,0,5,5,4,1420,1300,8,0,14,76,3.6,31,0,908,26,241,30,20143
2025-07-11,argo,com.vrem.wifianalyzer.navigation.availability,ScannerSwitchOnTest,navigationOptionScannerSwitchOn,4,0,0.0,9,0.8,0,0,1,0,13,3,4,1,1.0,1,5,3,20,5.0,1,3.1,0,3,0.0,0,1.0,1.0,74,58,0.6,5,5,0,0,0,0,5,0,5,0,0,5,0,0,0,0,18,0.4,18,3.6,5,0,5,0,5,0,0,5,0,1,0,0,0,0,0,5,5,4,1420,1300,8,0,14,76,3.6,31,0,908,26,241,30,20143
2025-07-11,argo,com.vrem.wifianalyzer.navigation.availability,ScannerSwitchOnTest,navigationOptionScannerSwitchOnWithScannerRunningUpdateMenuItemIconAndTitle,5,0,1.0,9,0.8182,0,0,1,0,14,4,5,1,1.0,1,5,3,22,5.0,2,3.090909090909091,0,3,0.0,0,1.0,1.0,74,58,0.6,5,5,0,0,0,0,5,0,5,0,0,5,0,0,0,0,18,0.4,18,3.6,5,0,5,0,5,0,0,5,0,1,0,0,0,0,0,5,5,4,1420,1300,8,0,14,76,3.6,31,0,908,26,241,30,20143
2025-07-11,argo,com.vrem.wifianalyzer.navigation.availability,ScannerSwitchOnTest,navigationOptionScannerSwitchOnWithScannerNotRunningUpdateMenuItemIconAndTitle,5,0,1.0,9,0.8182,0,0,1,0,14,4,5,1,1.0,1,5,3,22,5.0,2,3.090909090909091,0,3,0.0,0,1.0,1.0,74,58,0.6,5,5,0,0,0,0,5,0,5,0,0,5,0,0,0,0,18,0.4,18,3.6,5,0,5,0,5,0,0,5,0,1,0,0,0,0,0,5,5,4,1420,1300,8,0,14,76,3.6,31,0,908,26,241,30,20143
2025-07-11,argo,com.vrem.wifianalyzer.navigation.availability,ScannerSwitchOnTest,navigationOptionScannerSwitchOnWithNoMenuDoesNotSetVisibleTrue,3,0,1.0,6,1.0,0,0,1,0,9,2,3,1,1.0,1,4,3,10,5.0,0,2.6666666666666665,0,3,0.0,0,1.0,1.0,74,58,0.6,5,5,0,0,0,0,5,0,5,0,0,5,0,0,0,0,18,0.4,18,3.6,5,0,5,0,5,0,0,5,0,1,0,0,0,0,0,5,5,4,1420,1300,8,0,14,76,3.6,31,0,908,26,241,30,20143
2025-07-11,argo,com.vrem.wifianalyzer.navigation.availability,WiFiSwitchOffTest,tearDown,1,0,0.0,1,1.0,0,0,1,0,7,0,1,0,1.0,0,4,2,3,4.0,0,3.0,0,2,0.0,0,1.0,1.0,39,27,0.0,3,4,0,0,0,0,5,0,4,0,0,4,0,0,0,0,9,0.6666666666666667,9,3.0,3,0,4,0,3,0,0,3,2,1,0,0,0,0,0,3,3,4,1420,1300,8,0,9,28,3.0,31,0,908,26,241,30,20143
2025-07-11,argo,com.vrem.wifianalyzer.navigation.availability,WiFiSwitchOffTest,navigationOptionWiFiSwitchOffWithMenuWillSetVisibility,4,0,0.0,6,1.0,0,0,1,0,10,3,4,0,1.0,0,4,3,14,4.0,0,3.0,0,3,0.0,0,1.0,1.0,39,27,0.0,3,4,0,0,0,0,5,0,4,0,0,4,0,0,0,0,9,0.6666666666666667,9,3.0,3,0,4,0,3,0,0,3,2,1,0,0,0,0,0,3,3,4,1420,1300,8,0,9,28,3.0,31,0,908,26,241,30,20143
2025-07-11,argo,com.vrem.wifianalyzer.navigation.availability,WiFiSwitchOffTest,navigationOptionWiFiSwitchOffWithNoMenuWillNotVisibility,4,0,0.0,6,1.0,0,0,1,0,10,3,4,0,1.0,0,4,4,11,4.0,1,2.7142857142857144,0,3,0.0,0,1.0,1.0,39,27,0.0,3,4,0,0,0,0,5,0,4,0,0,4,0,0,0,0,9,0.6666666666666667,9,3.0,3,0,4,0,3,0,0,3,2,1,0,0,0,0,0,3,3,4,1420,1300,8,0,9,28,3.0,31,0,908,26,241,30,20143
2025-07-11,argo,com.vrem.wifianalyzer.navigation.availability,WiFiSwitchOnTest,tearDown,1,0,0.0,1,1.0,0,0,1,0,8,0,1,0,1.0,0,5,2,3,5.0,0,3.0,0,2,0.0,0,1.0,1.0,50,36,0.0,3,5,0,0,0,0,5,0,5,0,0,5,0,0,0,0,10,0.6666666666666667,10,3.3333333333333335,3,0,5,0,3,0,0,3,0,1,0,0,0,0,0,3,3,4,1420,1300,8,0,10,44,3.3333333333333335,31,0,908,26,241,30,20143
2025-07-11,argo,com.vrem.wifianalyzer.navigation.availability,WiFiSwitchOnTest,navigationOptionWiFiSwitchOnWithMenuWillSetTitleAndVisibility,6,1,0.0,9,0.75,0,0,1,0,16,5,6,0,1.0,0,5,4,25,5.0,1,3.1666666666666665,0,3,0.0,0,1.0,1.0,50,36,0.0,3,5,0,0,0,0,5,0,5,0,0,5,0,0,0,0,10,0.6666666666666667,10,3.3333333333333335,3,0,5,0,3,0,0,3,0,1,0,0,0,0,0,3,3,4,1420,1300,8,0,10,44,3.3333333333333335,31,0,908,26,241,30,20143
2025-07-11,argo,com.vrem.wifianalyzer.navigation.availability,WiFiSwitchOnTest,navigationOptionWiFiSwitchOnWithNoMenuWillNotSetTitleAndVisibility,3,0,0.0,9,0.8889,0,0,1,0,12,2,3,0,1.0,0,5,4,16,5.0,1,2.6666666666666665,0,3,0.0,0,1.0,1.0,50,36,0.0,3,5,0,0,0,0,5,0,5,0,0,5,0,0,0,0,10,0.6666666666666667,10,3.3333333333333335,3,0,5,0,3,0,0,3,0,1,0,0,0,0,0,3,3,4,1420,1300,8,0,10,44,3.3333333333333335,31,0,908,26,241,30,20143
2025-07-11,argo,com.vrem.wifianalyzer.navigation.items,ExportItemTest,tearDown,1,0,0.0,1,1.0,0,0,1,0,9,0,1,0,1.0,0,6,2,3,6.0,0,3.0,0,2,0.0,0,0.4,0.4,52,32,0.2,5,7,0,0,0,1,7,0,7,0,0,7,0,0,0,0,5,1.0,5,1.0,5,0,7,0,4,1,0,4,0,1,0,0,0,0,0,5,5,4,1420,1300,7,0,7,29,2.0,29,1,537,26,241,28,20143
2025-07-11,argo,com.vrem.wifianalyzer.navigation.items,ExportItemTest,activate,6,1,1.0,6,0.9,0,0,1,0,14,0,6,1,1.0,2,7,3,19,7.0,2,2.357142857142857,0,3,0.0,0,0.4,0.4,52,32,0.2,5,7,0,0,0,1,7,0,7,0,0,7,0,0,0,0,5,1.0,5,1.0,5,0,7,0,4,1,0,4,0,1,0,0,0,0,0,5,5,4,1420,1300,7,0,7,29,2.0,29,1,537,26,241,28,20143
2025-07-11,argo,com.vrem.wifianalyzer.navigation.items,ExportItemTest,registered,1,0,0.0,1,1.0,0,0,1,0,3,0,1,0,1.0,0,1,1,2,1.0,0,3.0,0,1,0.0,0,0.4,0.4,52,32,0.2,5,7,0,0,0,1,7,0,7,0,0,7,0,0,0,0,5,1.0,5,1.0,5,0,7,0,4,1,0,4,0,1,0,0,0,0,0,5,5,4,1420,1300,7,0,7,29,2.0,29,1,537,26,241,28,20143
2025-07-11,argo,com.vrem.wifianalyzer.navigation.items,ExportItemTest,visibility,1,0,0.0,1,1.0,0,0,1,0,3,0,1,0,1.0,0,1,1,3,1.0,0,4.0,0,1,0.0,0,0.4,0.4,52,32,0.2,5,7,0,0,0,1,7,0,7,0,0,7,0,0,0,0,5,1.0,5,1.0,5,0,7,0,4,1,0,4,0,1,0,0,0,0,0,5,5,4,1420,1300,7,0,7,29,2.0,29,1,537,26,241,28,20143
2025-07-11,argo,com.vrem.wifianalyzer.navigation.items,ExportItemTest,withWiFiData,1,0,0.0,1,1.0,0,0,1,0,3,0,1,0,0.0,0,0,0,2,0.0,0,2.0,0,0,0.0,0,0.4,0.4,52,32,0.2,5,7,0,0,0,1,7,0,7,0,0,7,0,0,0,0,5,1.0,5,1.0,5,0,7,0,4,1,0,4,0,1,0,0,0,0,0,5,5,4,1420,1300,7,0,7,29,2.0,29,1,537,26,241,28,20143
2025-07-11,argo,com.vrem.wifianalyzer.navigation.items,FragmentItemTest,tearDown,1,0,0.0,0,0.0,0,0,1,0,6,0,1,0,1.0,0,4,1,1,4.0,0,0.0,0,1,0.0,0,0.7818181818181819,0.9090909090909091,91,69,0.18181818181818182,11,5,0,0,0,1,10,0,5,0,0,5,0,0,0,0,18,0.7636363636363637,18,1.6363636363636365,11,0,5,0,6,5,0,6,2,1,0,0,0,0,0,11,11,4,1420,1300,7,0,20,58,1.6363636363636365,29,1,537,26,241,28,20143
2025-07-11,argo,com.vrem.wifianalyzer.navigation.items,FragmentItemTest,activateWithStateSaved,3,2,2.0,7,1.0,0,0,1,0,12,2,3,3,1.0,2,4,5,10,2.0,1,2.375,0,5,0.0,0,0.7818181818181819,0.9090909090909091,91,69,0.18181818181818182,11,5,0,0,0,1,10,0,5,0,0,5,0,0,0,0,18,0.7636363636363637,18,1.6363636363636365,11,0,5,0,6,5,0,6,2,1,0,0,0,0,0,11,11,4,1420,1300,7,0,20,58,1.6363636363636365,29,1,537,26,241,28,20143
2025-07-11,argo,com.vrem.wifianalyzer.navigation.items,FragmentItemTest,activateWithStateNotSaved,4,2,3.0,7,0.75,0,0,1,0,14,3,4,3,1.0,3,4,6,13,2.0,1,2.5555555555555554,0,6,0.0,0,0.7818181818181819,0.9090909090909091,91,69,0.18181818181818182,11,5,0,0,0,1,10,0,5,0,0,5,0,0,0,0,18,0.7636363636363637,18,1.6363636363636365,11,0,5,0,6,5,0,6,2,1,0,0,0,0,0,11,11,4,1420,1300,7,0,20,58,1.6363636363636365,29,1,537,26,241,28,20143
2025-07-11,argo,com.vrem.wifianalyzer.navigation.items,FragmentItemTest,registeredFalse,1,1,0.0,2,1.0,0,0,1,0,4,0,1,0,1.0,0,1,1,3,1.0,0,2.5,0,1,0.0,0,0.7818181818181819,0.9090909090909091,91,69,0.18181818181818182,11,5,0,0,0,1,10,0,5,0,0,5,0,0,0,0,18,0.7636363636363637,18,1.6363636363636365,11,0,5,0,6,5,0,6,2,1,0,0,0,0,0,11,11,4,1420,1300,7,0,20,58,1.6363636363636365,29,1,537,26,241,28,20143
2025-07-11,argo,com.vrem.wifianalyzer.navigation.items,FragmentItemTest,registeredTrue,1,1,0.0,2,1.0,0,0,1,0,4,0,1,0,1.0,0,1,1,3,1.0,0,2.5,0,1,0.0,0,0.7818181818181819,0.9090909090909091,91,69,0.18181818181818182,11,5,0,0,0,1,10,0,5,0,0,5,0,0,0,0,18,0.7636363636363637,18,1.6363636363636365,11,0,5,0,6,5,0,6,2,1,0,0,0,0,0,11,11,4,1420,1300,7,0,20,58,1.6363636363636365,29,1,537,26,241,28,20143
2025-07-11,argo,com.vrem.wifianalyzer.navigation.items,FragmentItemTest,visibility,1,1,0.0,2,1.0,0,0,1,0,4,0,1,0,1.0,0,1,1,4,1.0,0,3.0,0,1,0.0,0,0.7818181818181819,0.9090909090909091,91,69,0.18181818181818182,11,5,0,0,0,1,10,0,5,0,0,5,0,0,0,0,18,0.7636363636363637,18,1.6363636363636365,11,0,5,0,6,5,0,6,2,1,0,0,0,0,0,11,11,4,1420,1300,7,0,20,58,1.6363636363636365,29,1,537,26,241,28,20143
2025-07-11,argo,com.vrem.wifianalyzer.navigation.items,FragmentItemTest,withFragmentTransaction,3,0,0.0,2,1.0,0,0,1,0,4,2,3,0,1.0,0,3,1,6,3.0,2,3.0,0,1,0.0,0,0.7818181818181819,0.9090909090909091,91,69,0.18181818181818182,11,5,0,0,0,1,10,0,5,0,0,5,0,0,0,0,18,0.7636363636363637,18,1.6363636363636365,11,0,5,0,6,5,0,6,2,1,0,0,0,0,0,11,11,4,1420,1300,7,0,20,58,1.6363636363636365,29,1,537,26,241,28,20143
2025-07-11,argo,com.vrem.wifianalyzer.navigation.items,FragmentItemTest,verifyFragmentManager,1,0,0.0,3,0.6667,0,0,1,0,5,0,1,0,1.0,0,3,1,5,3.0,1,2.6666666666666665,0,1,0.0,0,0.7818181818181819,0.9090909090909091,91,69,0.18181818181818182,11,5,0,0,0,1,10,0,5,0,0,5,0,0,0,0,18,0.7636363636363637,18,1.6363636363636365,11,0,5,0,6,5,0,6,2,1,0,0,0,0,0,11,11,4,1420,1300,7,0,20,58,1.6363636363636365,29,1,537,26,241,28,20143
2025-07-11,argo,com.vrem.wifianalyzer.navigation.items,FragmentItemTest,verifyMainActivityChanges,1,0,0.0,4,0.25,0,0,1,0,6,0,1,0,0.8571428571428571,0,2,1,5,2.0,1,2.25,1,1,0.0,0,0.7818181818181819,0.9090909090909091,91,69,0.18181818181818182,11,5,0,0,0,1,10,0,5,0,0,5,0,0,0,0,18,0.7636363636363637,18,1.6363636363636365,11,0,5,0,6,5,0,6,2,1,0,0,0,0,0,11,11,4,1420,1300,7,0,20,58,1.6363636363636365,29,1,537,26,241,28,20143
2025-07-11,argo,com.vrem.wifianalyzer.navigation.items,FragmentItemTest,verifyFragmentManagerIsNotCalled,1,0,0.0,3,0.6667,0,0,1,0,5,0,1,0,1.0,0,3,1,5,3.0,1,2.6666666666666665,0,1,0.0,0,0.7818181818181819,0.9090909090909091,91,69,0.18181818181818182,11,5,0,0,0,1,10,0,5,0,0,5,0,0,0,0,18,0.7636363636363637,18,1.6363636363636365,11,0,5,0,6,5,0,6,2,1,0,0,0,0,0,11,11,4,1420,1300,7,0,20,58,1.6363636363636365,29,1,537,26,241,28,20143
2025-07-11,argo,com.vrem.wifianalyzer.navigation.items,FragmentItemTest,verifyNoChangesToMainActivity,1,0,0.0,3,0.3333,0,0,1,0,5,0,1,0,0.8333333333333334,0,2,1,3,2.0,1,2.0,1,1,0.0,0,0.7818181818181819,0.9090909090909091,91,69,0.18181818181818182,11,5,0,0,0,1,10,0,5,0,0,5,0,0,0,0,18,0.7636363636363637,18,1.6363636363636365,11,0,5,0,6,5,0,6,2,1,0,0,0,0,0,11,11,4,1420,1300,7,0,20,58,1.6363636363636365,29,1,537,26,241,28,20143
2025-07-11,argo,com.vrem.wifianalyzer.navigation.items,NavigationItemsTest,fragmentItem,1,0,0.0,8,1.0,0,0,1,0,10,0,1,0,0.0,0,0,1,16,0.0,0,2.0,0,1,0.0,0,0.0,0.0,43,37,0.0,5,0,0,0,0,0,1,0,0,0,0,0,0,0,0,0,5,1.0,5,1.0,5,0,0,0,5,0,0,5,0,1,0,0,0,0,0,5,5,4,1420,1300,7,0,5,40,1.0,29,1,537,26,241,28,20143
2025-07-11,argo,com.vrem.wifianalyzer.navigation.items,NavigationItemsTest,registeredTrue,1,0,0.0,1,1.0,0,0,1,0,6,0,1,0,0.0,0,0,1,5,0.0,0,3.0,0,1,0.0,0,0.0,0.0,43,37,0.0,5,0,0,0,0,0,1,0,0,0,0,0,0,0,0,0,5,1.0,5,1.0,5,0,0,0,5,0,0,5,0,1,0,0,0,0,0,5,5,4,1420,1300,7,0,5,40,1.0,29,1,537,26,241,28,20143
2025-07-11,argo,com.vrem.wifianalyzer.navigation.items,NavigationItemsTest,registeredFalse,1,0,0.0,1,1.0,0,0,1,0,7,0,1,0,0.0,0,0,1,6,0.0,0,3.0,0,1,0.0,0,0.0,0.0,43,37,0.0,5,0,0,0,0,0,1,0,0,0,0,0,0,0,0,0,5,1.0,5,1.0,5,0,0,0,5,0,0,5,0,1,0,0,0,0,0,5,5,4,1420,1300,7,0,5,40,1.0,29,1,537,26,241,28,20143
2025-07-11,argo,com.vrem.wifianalyzer.navigation.items,NavigationItemsTest,visibility,1,0,0.0,1,1.0,0,0,1,0,11,0,1,0,0.0,0,0,1,12,0.0,0,4.0,0,1,0.0,0,0.0,0.0,43,37,0.0,5,0,0,0,0,0,1,0,0,0,0,0,0,0,0,0,5,1.0,5,1.0,5,0,0,0,5,0,0,5,0,1,0,0,0,0,0,5,5,4,1420,1300,7,0,5,40,1.0,29,1,537,26,241,28,20143
2025-07-11,argo,com.vrem.wifianalyzer.navigation.items,NavigationItemsTest,exportItem,1,0,0.0,1,1.0,0,0,1,0,3,0,1,0,0.0,0,0,1,1,0.0,0,2.0,0,1,0.0,0,0.0,0.0,43,37,0.0,5,0,0,0,0,0,1,0,0,0,0,0,0,0,0,0,5,1.0,5,1.0,5,0,0,0,5,0,0,5,0,1,0,0,0,0,0,5,5,4,1420,1300,7,0,5,40,1.0,29,1,537,26,241,28,20143
2025-07-11,argo,com.vrem.wifianalyzer.navigation.items,NavigationItemTest,registered,1,0,0.0,1,1.0,0,0,1,0,3,0,1,0,1.0,0,1,1,2,1.0,0,3.0,0,1,0.0,0,1.0,0.0,13,6,0.0,2,1,0,0,0,0,1,0,1,0,0,1,0,0,0,0,2,1.0,2,1.0,2,0,1,0,2,0,0,2,0,1,0,0,0,0,0,3,3,4,1420,1300,7,0,2,5,1.0,29,1,537,26,241,28,20143
2025-07-11,argo,com.vrem.wifianalyzer.navigation.items,NavigationItemTest,visibility,1,0,0.0,1,1.0,0,0,1,0,3,0,1,0,1.0,0,1,1,3,1.0,0,4.0,0,1,0.0,0,1.0,0.0,13,6,0.0,2,1,0,0,0,0,1,0,1,0,0,1,0,0,0,0,2,1.0,2,1.0,2,0,1,0,2,0,0,2,0,1,0,0,0,0,0,3,3,4,1420,1300,7,0,2,5,1.0,29,1,537,26,241,28,20143
2025-07-11,argo,com.vrem.wifianalyzer.navigation.options,OptionActionTest,tearDown,1,0,0.0,1,1.0,0,4,1,0,5,0,1,0,1.0,0,2,2,2,2.0,1,2.0,0,2,0.0,0,0.12727272727272726,0.7272727272727273,73,27,0.0,11,3,0,0,0,0,9,0,3,0,0,3,0,0,0,0,11,1.0,11,1.0,11,0,3,0,11,0,0,11,1,1,0,0,0,0,0,11,11,4,1420,1300,4,0,16,75,1.0,13,0,299,26,241,17,20143
2025-07-11,argo,com.vrem.wifianalyzer.navigation.options,OptionActionTest,scannerActionShouldToggleScannerService,1,0,0.0,1,1.0,0,4,1,0,4,0,1,0,1.0,0,1,2,2,1.0,1,2.0,0,2,0.0,0,0.12727272727272726,0.7272727272727273,73,27,0.0,11,3,0,0,0,0,9,0,3,0,0,3,0,0,0,0,11,1.0,11,1.0,11,0,3,0,11,0,0,11,1,1,0,0,0,0,0,11,11,4,1420,1300,4,0,16,75,1.0,13,0,299,26,241,17,20143
2025-07-11,argo,com.vrem.wifianalyzer.navigation.options,OptionActionTest,wiFiBandAction2ShouldSwitchToGHZ2,1,0,0.0,1,1.0,0,4,1,0,4,0,1,0,1.0,0,1,2,3,1.0,0,3.0,0,2,0.0,0,0.12727272727272726,0.7272727272727273,73,27,0.0,11,3,0,0,0,0,9,0,3,0,0,3,0,0,0,0,11,1.0,11,1.0,11,0,3,0,11,0,0,11,1,1,0,0,0,0,0,11,11,4,1420,1300,4,0,16,75,1.0,13,0,299,26,241,17,20143
2025-07-11,argo,com.vrem.wifianalyzer.navigation.options,OptionActionTest,wiFiBandAction5ShouldSwitchToGHZ5,1,0,0.0,1,1.0,0,4,1,0,4,0,1,0,1.0,0,1,2,3,1.0,0,3.0,0,2,0.0,0,0.12727272727272726,0.7272727272727273,73,27,0.0,11,3,0,0,0,0,9,0,3,0,0,3,0,0,0,0,11,1.0,11,1.0,11,0,3,0,11,0,0,11,1,1,0,0,0,0,0,11,11,4,1420,1300,4,0,16,75,1.0,13,0,299,26,241,17,20143
2025-07-11,argo,com.vrem.wifianalyzer.navigation.options,OptionActionTest,wiFiBandAction6ShouldSwitchToGHZ6,1,0,0.0,1,1.0,0,4,1,0,4,0,1,0,1.0,0,1,2,3,1.0,0,3.0,0,2,0.0,0,0.12727272727272726,0.7272727272727273,73,27,0.0,11,3,0,0,0,0,9,0,3,0,0,3,0,0,0,0,11,1.0,11,1.0,11,0,3,0,11,0,0,11,1,1,0,0,0,0,0,11,11,4,1420,1300,4,0,16,75,1.0,13,0,299,26,241,17,20143
2025-07-11,argo,com.vrem.wifianalyzer.navigation.options,OptionActionTest,filterActionShouldBuildAndShow,1,0,0.0,0,0.0,0,4,1,0,3,0,1,0,0.0,0,0,1,1,0.0,0,0.0,0,1,0.0,0,0.12727272727272726,0.7272727272727273,73,27,0.0,11,3,0,0,0,0,9,0,3,0,0,3,0,0,0,0,11,1.0,11,1.0,11,0,3,0,11,0,0,11,1,1,0,0,0,0,0,11,11,4,1420,1300,4,0,16,75,1.0,13,0,299,26,241,17,20143
2025-07-11,argo,com.vrem.wifianalyzer.navigation.options,OptionActionTest,optionAction,1,0,0.0,1,1.0,0,4,1,0,3,0,1,0,0.0,0,0,1,2,0.0,0,3.0,0,1,0.0,0,0.12727272727272726,0.7272727272727273,73,27,0.0,11,3,0,0,0,0,9,0,3,0,0,3,0,0,0,0,11,1.0,11,1.0,11,0,3,0,11,0,0,11,1,1,0,0,0,0,0,11,11,4,1420,1300,4,0,16,75,1.0,13,0,299,26,241,17,20143
2025-07-11,argo,com.vrem.wifianalyzer.navigation.options,OptionActionTest,getKey,1,0,0.0,6,0.1667,0,4,1,0,8,0,1,0,0.0,0,0,1,19,0.0,0,5.666666666666667,0,1,0.0,0,0.12727272727272726,0.7272727272727273,73,27,0.0,11,3,0,0,0,0,9,0,3,0,0,3,0,0,0,0,11,1.0,11,1.0,11,0,3,0,11,0,0,11,1,1,0,0,0,0,0,11,11,4,1420,1300,4,0,16,75,1.0,13,0,299,26,241,17,20143
2025-07-11,argo,com.vrem.wifianalyzer.navigation.options,OptionActionTest,getAction,1,0,0.0,6,0.1667,0,4,1,0,8,0,1,0,0.0,0,0,1,18,0.0,0,2.5,0,1,0.0,0,0.12727272727272726,0.7272727272727273,73,27,0.0,11,3,0,0,0,0,9,0,3,0,0,3,0,0,0,0,11,1.0,11,1.0,11,0,3,0,11,0,0,11,1,1,0,0,0,0,0,11,11,4,1420,1300,4,0,16,75,1.0,13,0,299,26,241,17,20143
2025-07-11,argo,com.vrem.wifianalyzer.navigation.options,OptionActionTest,getOptionAction,1,0,0.0,6,0.1667,0,4,1,0,8,0,1,0,0.0,0,0,1,19,0.0,0,5.0,0,1,0.0,0,0.12727272727272726,0.7272727272727273,73,27,0.0,11,3,0,0,0,0,9,0,3,0,0,3,0,0,0,0,11,1.0,11,1.0,11,0,3,0,11,0,0,11,1,1,0,0,0,0,0,11,11,4,1420,1300,4,0,16,75,1.0,13,0,299,26,241,17,20143
2025-07-11,argo,com.vrem.wifianalyzer.navigation.options,OptionActionTest,getOptionActionInvalidKey,1,0,0.0,1,1.0,0,4,1,0,4,0,1,0,0.0,0,0,1,3,0.0,0,3.0,0,1,0.0,0,0.12727272727272726,0.7272727272727273,73,27,0.0,11,3,0,0,0,0,9,0,3,0,0,3,0,0,0,0,11,1.0,11,1.0,11,0,3,0,11,0,0,11,1,1,0,0,0,0,0,11,11,4,1420,1300,4,0,16,75,1.0,13,0,299,26,241,17,20143
2025-07-11,argo,com.vrem.wifianalyzer.navigation.options,OptionMenuTest,tearDown,1,0,1.0,0,0.0,0,0,1,0,6,0,1,0,1.0,0,4,1,1,4.0,0,0.0,0,1,0.0,0,1.0,1.0,33,19,0.0,3,5,0,0,0,0,5,0,5,0,0,5,0,0,0,0,5,1.0,5,1.6666666666666667,3,0,5,0,3,0,0,3,1,1,0,0,0,0,0,3,3,4,1420,1300,4,0,6,14,1.6666666666666667,13,0,299,26,241,17,20143
2025-07-11,argo,com.vrem.wifianalyzer.navigation.options,OptionMenuTest,create,2,0,0.0,4,1.0,0,0,1,0,7,1,2,0,1.0,1,4,3,9,4.0,1,2.8,0,3,0.0,0,1.0,1.0,33,19,0.0,3,5,0,0,0,0,5,0,5,0,0,5,0,0,0,0,5,1.0,5,1.6666666666666667,3,0,5,0,3,0,0,3,1,1,0,0,0,0,0,3,3,4,1420,1300,4,0,6,14,1.6666666666666667,13,0,299,26,241,17,20143
2025-07-11,argo,com.vrem.wifianalyzer.navigation.options,OptionMenuTest,actions,2,1,0.0,3,1.0,0,0,1,0,6,1,2,0,1.0,0,2,2,4,3.0,1,2.3333333333333335,0,2,0.0,0,1.0,1.0,33,19,0.0,3,5,0,0,0,0,5,0,5,0,0,5,0,0,0,0,5,1.0,5,1.6666666666666667,3,0,5,0,3,0,0,3,1,1,0,0,0,0,0,3,3,4,1420,1300,4,0,6,14,1.6666666666666667,13,0,299,26,241,17,20143
2025-07-11,argo,com.vrem.wifianalyzer.permission,ApplicationPermissionTest,tearDown,1,0,0.0,0,0.0,0,0,1,0,3,0,1,0,1.0,0,1,1,1,1.0,0,0.0,0,1,0.0,0,0.8571428571428571,1.0,61,46,0.375,8,3,0,0,0,0,5,0,3,0,0,3,0,0,0,0,13,0.6785714285714286,13,1.625,8,0,3,0,8,0,0,8,0,1,0,0,0,0,0,8,8,4,1420,1300,8,0,11,57,1.625,42,0,697,26,241,42,20143
2025-07-11,argo,com.vrem.wifianalyzer.permission,ApplicationPermissionTest,checkWithFineLocationGranted,2,0,0.0,4,0.8,0,0,1,0,7,1,2,0,1.0,0,2,2,13,2.0,1,3.3333333333333335,0,2,0.0,0,0.8571428571428571,1.0,61,46,0.375,8,3,0,0,0,0,5,0,3,0,0,3,0,0,0,0,13,0.6785714285714286,13,1.625,8,0,3,0,8,0,0,8,0,1,0,0,0,0,0,8,8,4,1420,1300,8,0,11,57,1.625,42,0,697,26,241,42,20143
2025-07-11,argo,com.vrem.wifianalyzer.permission,ApplicationPermissionTest,checkWithActivityFinish,3,0,0.0,5,0.6667,0,0,1,0,8,2,3,0,1.0,0,2,2,15,2.0,1,3.2857142857142856,0,2,0.0,0,0.8571428571428571,1.0,61,46,0.375,8,3,0,0,0,0,5,0,3,0,0,3,0,0,0,0,13,0.6785714285714286,13,1.625,8,0,3,0,8,0,0,8,0,1,0,0,0,0,0,8,8,4,1420,1300,8,0,11,57,1.625,42,0,697,26,241,42,20143
2025-07-11,argo,com.vrem.wifianalyzer.permission,ApplicationPermissionTest,checkWithRequestPermissions,3,0,0.0,5,0.6667,0,0,1,0,8,2,3,0,1.0,0,3,2,12,3.0,1,3.1666666666666665,0,2,0.0,0,0.8571428571428571,1.0,61,46,0.375,8,3,0,0,0,0,5,0,3,0,0,3,0,0,0,0,13,0.6785714285714286,13,1.625,8,0,3,0,8,0,0,8,0,1,0,0,0,0,0,8,8,4,1420,1300,8,0,11,57,1.625,42,0,697,26,241,42,20143
2025-07-11,argo,com.vrem.wifianalyzer.permission,ApplicationPermissionTest,granted,1,2,0.0,2,1.0,0,0,1,0,5,0,1,0,1.0,1,1,1,4,0.5,0,2.3333333333333335,0,1,0.0,0,0.8571428571428571,1.0,61,46,0.375,8,3,0,0,0,0,5,0,3,0,0,3,0,0,0,0,13,0.6785714285714286,13,1.625,8,0,3,0,8,0,0,8,0,1,0,0,0,0,0,8,8,4,1420,1300,8,0,11,57,1.625,42,0,697,26,241,42,20143
2025-07-11,argo,com.vrem.wifianalyzer.permission,ApplicationPermissionTest,grantedWithOtherRequestCode,1,2,1.0,2,1.0,0,0,1,0,5,0,1,0,1.0,1,1,1,4,0.5,0,2.3333333333333335,0,1,0.0,0,0.8571428571428571,1.0,61,46,0.375,8,3,0,0,0,0,5,0,3,0,0,3,0,0,0,0,13,0.6785714285714286,13,1.625,8,0,3,0,8,0,0,8,0,1,0,0,0,0,0,8,8,4,1420,1300,8,0,11,57,1.625,42,0,697,26,241,42,20143
2025-07-11,argo,com.vrem.wifianalyzer.permission,ApplicationPermissionTest,grantedWithNoResults,1,2,1.0,1,1.0,0,0,1,0,5,0,1,0,1.0,1,1,1,4,0.5,0,2.5,0,1,0.0,0,0.8571428571428571,1.0,61,46,0.375,8,3,0,0,0,0,5,0,3,0,0,3,0,0,0,0,13,0.6785714285714286,13,1.625,8,0,3,0,8,0,0,8,0,1,0,0,0,0,0,8,8,4,1420,1300,8,0,11,57,1.625,42,0,697,26,241,42,20143
2025-07-11,argo,com.vrem.wifianalyzer.permission,ApplicationPermissionTest,grantedWithNoPermissionGranted,1,2,1.0,2,1.0,0,0,1,0,5,0,1,0,1.0,1,1,1,4,0.5,0,2.3333333333333335,0,1,0.0,0,0.8571428571428571,1.0,61,46,0.375,8,3,0,0,0,0,5,0,3,0,0,3,0,0,0,0,13,0.6785714285714286,13,1.625,8,0,3,0,8,0,0,8,0,1,0,0,0,0,0,8,8,4,1420,1300,8,0,11,57,1.625,42,0,697,26,241,42,20143
2025-07-11,argo,com.vrem.wifianalyzer.permission,LocationPermissionTest,tearDown,1,0,0.0,0,0.0,0,0,1,0,4,0,1,0,1.0,0,2,1,1,2.0,0,0.0,0,1,0.0,0,1.0,1.0,84,69,0.0,8,3,0,0,0,0,4,0,3,0,0,3,0,0,0,0,26,0.25,26,3.25,8,0,3,0,8,0,0,8,0,1,0,0,0,0,0,8,8,4,1420,1300,8,0,21,92,3.25,42,0,697,26,241,42,20143
2025-07-11,argo,com.vrem.wifianalyzer.permission,LocationPermissionTest,enabledWhenGPSProviderIsEnabled,5,1,0.0,6,0.75,0,0,1,0,12,4,5,0,1.0,0,3,3,18,3.0,1,3.0,0,3,0.0,0,1.0,1.0,84,69,0.0,8,3,0,0,0,0,4,0,3,0,0,3,0,0,0,0,26,0.25,26,3.25,8,0,3,0,8,0,0,8,0,1,0,0,0,0,0,8,8,4,1420,1300,8,0,21,92,3.25,42,0,697,26,241,42,20143
2025-07-11,argo,com.vrem.wifianalyzer.permission,LocationPermissionTest,enabledWhenLocationEnabled,3,1,0.0,5,1.0,0,0,1,0,8,2,3,0,1.0,0,3,3,10,3.0,1,2.6666666666666665,0,3,0.0,0,1.0,1.0,84,69,0.0,8,3,0,0,0,0,4,0,3,0,0,3,0,0,0,0,26,0.25,26,3.25,8,0,3,0,8,0,0,8,0,1,0,0,0,0,0,8,8,4,1420,1300,8,0,21,92,3.25,42,0,697,26,241,42,20143
2025-07-11,argo,com.vrem.wifianalyzer.permission,LocationPermissionTest,enabledWhenNetworkProviderEnabled,4,1,0.0,6,0.75,0,0,1,0,10,3,4,0,1.0,0,3,3,15,3.0,1,2.875,0,3,0.0,0,1.0,1.0,84,69,0.0,8,3,0,0,0,0,4,0,3,0,0,3,0,0,0,0,26,0.25,26,3.25,8,0,3,0,8,0,0,8,0,1,0,0,0,0,0,8,8,4,1420,1300,8,0,21,92,3.25,42,0,697,26,241,42,20143
2025-07-11,argo,com.vrem.wifianalyzer.permission,LocationPermissionTest,enabledWhenAllProvidersAreDisabled,5,1,0.0,6,0.75,0,0,1,0,12,4,5,0,1.0,0,3,3,18,3.0,1,3.0,0,3,0.0,0,1.0,1.0,84,69,0.0,8,3,0,0,0,0,4,0,3,0,0,3,0,0,0,0,26,0.25,26,3.25,8,0,3,0,8,0,0,8,0,1,0,0,0,0,0,8,8,4,1420,1300,8,0,21,92,3.25,42,0,697,26,241,42,20143
2025-07-11,argo,com.vrem.wifianalyzer.permission,LocationPermissionTest,enabledWhenAllProvidersThrowException,5,1,0.0,6,0.75,0,0,1,0,12,4,5,0,1.0,0,3,3,19,3.0,1,3.3,0,3,0.0,0,1.0,1.0,84,69,0.0,8,3,0,0,0,0,4,0,3,0,0,3,0,0,0,0,26,0.25,26,3.25,8,0,3,0,8,0,0,8,0,1,0,0,0,0,0,8,8,4,1420,1300,8,0,21,92,3.25,42,0,697,26,241,42,20143
2025-07-11,argo,com.vrem.wifianalyzer.permission,LocationPermissionTest,enabledWhenException,2,1,0.0,3,1.0,0,0,1,0,6,1,2,0,1.0,0,2,3,8,2.0,1,3.0,0,3,0.0,0,1.0,1.0,84,69,0.0,8,3,0,0,0,0,4,0,3,0,0,3,0,0,0,0,26,0.25,26,3.25,8,0,3,0,8,0,0,8,0,1,0,0,0,0,0,8,8,4,1420,1300,8,0,21,92,3.25,42,0,697,26,241,42,20143
2025-07-11,argo,com.vrem.wifianalyzer.permission,LocationPermissionTest,enabledReturnsTrueLegacy,1,1,0.0,3,1.0,0,0,1,0,5,0,1,0,1.0,0,2,2,3,2.0,1,2.0,0,2,0.0,0,1.0,1.0,84,69,0.0,8,3,0,0,0,0,4,0,3,0,0,3,0,0,0,0,26,0.25,26,3.25,8,0,3,0,8,0,0,8,0,1,0,0,0,0,0,8,8,4,1420,1300,8,0,21,92,3.25,42,0,697,26,241,42,20143
2025-07-11,argo,com.vrem.wifianalyzer.permission,PermissionDialogTest,show,1,1,0.0,2,1.0,0,0,1,0,5,0,1,0,1.0,1,1,1,7,1.0,1,3.3333333333333335,0,1,0.0,0,1.0,1.0,39,30,0.25,4,2,0,0,0,0,4,0,2,0,0,2,0,0,0,0,4,0.6666666666666667,4,1.0,4,0,2,0,4,0,0,4,0,1,0,0,0,0,0,4,4,4,1420,1300,8,0,6,30,1.0,42,0,697,26,241,42,20143
2025-07-11,argo,com.vrem.wifianalyzer.permission,PermissionDialogTest,showAndroidO,1,1,1.0,2,1.0,0,0,1,0,5,0,1,0,1.0,1,1,1,7,1.0,1,3.3333333333333335,0,1,0.0,0,1.0,1.0,39,30,0.25,4,2,0,0,0,0,4,0,2,0,0,2,0,0,0,0,4,0.6666666666666667,4,1.0,4,0,2,0,4,0,0,4,0,1,0,0,0,0,0,4,4,4,1420,1300,8,0,6,30,1.0,42,0,697,26,241,42,20143
2025-07-11,argo,com.vrem.wifianalyzer.permission,PermissionDialogTest,okClick,1,3,0.0,3,1.0,0,0,1,0,10,0,1,0,1.0,0,0,2,9,2.0,1,2.25,0,2,0.0,0,1.0,1.0,39,30,0.25,4,2,0,0,0,0,4,0,2,0,0,2,0,0,0,0,4,0.6666666666666667,4,1.0,4,0,2,0,4,0,0,4,0,1,0,0,0,0,0,4,4,4,1420,1300,8,0,6,30,1.0,42,0,697,26,241,42,20143
2025-07-11,argo,com.vrem.wifianalyzer.permission,PermissionDialogTest,cancelClick,1,3,0.0,3,1.0,0,0,1,0,10,0,1,0,1.0,0,0,2,7,2.0,1,2.0,0,2,0.0,0,1.0,1.0,39,30,0.25,4,2,0,0,0,0,4,0,2,0,0,2,0,0,0,0,4,0.6666666666666667,4,1.0,4,0,2,0,4,0,0,4,0,1,0,0,0,0,0,4,4,4,1420,1300,8,0,6,30,1.0,42,0,697,26,241,42,20143
2025-07-11,argo,com.vrem.wifianalyzer.permission,PermissionServiceTest,tearDown,1,0,0.0,0,0.0,0,0,1,0,5,0,1,0,1.0,0,3,1,1,3.0,0,0.0,0,1,0.0,0,1.0,1.0,68,51,0.625,8,4,0,0,0,0,5,0,4,0,0,4,0,0,0,0,16,0.4642857142857143,16,2.0,8,0,4,0,8,0,0,8,0,1,0,0,0,0,0,8,8,4,1420,1300,8,0,20,40,2.0,42,0,697,26,241,42,20143
2025-07-11,argo,com.vrem.wifianalyzer.permission,PermissionServiceTest,enabled,3,1,1.0,1,1.0,0,0,1,0,8,2,3,0,1.0,2,3,3,8,3.0,2,2.3333333333333335,0,3,0.0,0,1.0,1.0,68,51,0.625,8,4,0,0,0,0,5,0,4,0,0,4,0,0,0,0,16,0.4642857142857143,16,2.0,8,0,4,0,8,0,0,8,0,1,0,0,0,0,0,8,8,4,1420,1300,8,0,20,40,2.0,42,0,697,26,241,42,20143
2025-07-11,argo,com.vrem.wifianalyzer.permission,PermissionServiceTest,enabledWhenLocationPermissionIsNotEnabled,2,1,1.0,1,1.0,0,0,1,0,6,1,2,0,1.0,1,2,3,5,2.0,2,2.25,0,3,0.0,0,1.0,1.0,68,51,0.625,8,4,0,0,0,0,5,0,4,0,0,4,0,0,0,0,16,0.4642857142857143,16,2.0,8,0,4,0,8,0,0,8,0,1,0,0,0,0,0,8,8,4,1420,1300,8,0,20,40,2.0,42,0,697,26,241,42,20143
2025-07-11,argo,com.vrem.wifianalyzer.permission,PermissionServiceTest,enabledWhenApplicationPermissionAreNotGranted,3,1,2.0,1,1.0,0,0,1,0,8,2,3,0,1.0,2,3,3,8,3.0,2,2.3333333333333335,0,3,0.0,0,1.0,1.0,68,51,0.625,8,4,0,0,0,0,5,0,4,0,0,4,0,0,0,0,16,0.4642857142857143,16,2.0,8,0,4,0,8,0,0,8,0,1,0,0,0,0,0,8,8,4,1420,1300,8,0,20,40,2.0,42,0,697,26,241,42,20143
2025-07-11,argo,com.vrem.wifianalyzer.permission,PermissionServiceTest,systemEnabled,2,1,1.0,2,1.0,0,0,1,0,6,1,2,0,1.0,1,2,3,5,2.0,2,2.25,0,3,0.0,0,1.0,1.0,68,51,0.625,8,4,0,0,0,0,5,0,4,0,0,4,0,0,0,0,16,0.4642857142857143,16,2.0,8,0,4,0,8,0,0,8,0,1,0,0,0,0,0,8,8,4,1420,1300,8,0,20,40,2.0,42,0,697,26,241,42,20143
2025-07-11,argo,com.vrem.wifianalyzer.permission,PermissionServiceTest,permissionGranted,2,1,1.0,1,1.0,0,0,1,0,6,1,2,0,1.0,2,2,3,5,2.0,2,2.25,0,3,0.0,0,1.0,1.0,68,51,0.625,8,4,0,0,0,0,5,0,4,0,0,4,0,0,0,0,16,0.4642857142857143,16,2.0,8,0,4,0,8,0,0,8,0,1,0,0,0,0,0,8,8,4,1420,1300,8,0,20,40,2.0,42,0,697,26,241,42,20143
2025-07-11,argo,com.vrem.wifianalyzer.permission,PermissionServiceTest,permissionCheck,1,0,0.0,1,1.0,0,0,1,0,4,0,1,0,1.0,0,2,1,2,2.0,1,2.0,0,1,0.0,0,1.0,1.0,68,51,0.625,8,4,0,0,0,0,5,0,4,0,0,4,0,0,0,0,16,0.4642857142857143,16,2.0,8,0,4,0,8,0,0,8,0,1,0,0,0,0,0,8,8,4,1420,1300,8,0,20,40,2.0,42,0,697,26,241,42,20143
2025-07-11,argo,com.vrem.wifianalyzer.permission,PermissionServiceTest,granted,2,3,0.0,1,1.0,0,0,1,0,8,1,2,0,1.0,1,2,3,6,0.67,2,2.0,0,3,0.0,0,1.0,1.0,68,51,0.625,8,4,0,0,0,0,5,0,4,0,0,4,0,0,0,0,16,0.4642857142857143,16,2.0,8,0,4,0,8,0,0,8,0,1,0,0,0,0,0,8,8,4,1420,1300,8,0,20,40,2.0,42,0,697,26,241,42,20143
2025-07-11,argo,com.vrem.wifianalyzer.settings,CountryPreferenceTest,entries,1,1,0.0,2,1.0,0,0,1,0,5,0,1,0,1.0,0,3,1,5,3.0,0,2.5,0,1,0.0,0,1.0,1.0,21,10,0.0,2,4,0,0,0,0,2,0,4,0,0,4,0,0,0,0,2,0.0,2,1.0,2,0,4,0,2,0,0,2,0,1,0,0,0,0,0,2,2,4,1420,1300,15,0,2,10,1.0,123,0,1547,26,241,124,20143
2025-07-11,argo,com.vrem.wifianalyzer.settings,CountryPreferenceTest,entryValues,1,1,0.0,2,1.0,0,0,1,0,5,0,1,0,1.0,0,2,1,5,2.0,0,2.5,0,1,0.0,0,1.0,1.0,21,10,0.0,2,4,0,0,0,0,2,0,4,0,0,4,0,0,0,0,2,0.0,2,1.0,2,0,4,0,2,0,0,2,0,1,0,0,0,0,0,2,2,4,1420,1300,15,0,2,10,1.0,123,0,1547,26,241,124,20143
2025-07-11,argo,com.vrem.wifianalyzer.settings,DataTest,compareToWhenAreSame,1,3,0.0,2,1.0,0,0,1,0,6,0,1,0,0.0,0,0,1,4,0.0,1,2.0,0,1,0.0,0,0.0,1.0,22,18,0.0,3,0,0,0,0,0,1,0,0,0,0,0,0,0,0,0,3,0.0,3,1.0,3,0,0,0,3,0,0,3,0,1,0,0,0,0,0,3,3,4,1420,1300,15,0,3,12,1.0,123,0,1547,26,241,124,20143
2025-07-11,argo,com.vrem.wifianalyzer.settings,DataTest,compareToWhenCodesAreDifferent,1,3,0.0,2,1.0,0,0,1,0,6,0,1,0,0.0,0,0,1,4,0.0,1,2.0,0,1,0.0,0,0.0,1.0,22,18,0.0,3,0,0,0,0,0,1,0,0,0,0,0,0,0,0,0,3,0.0,3,1.0,3,0,0,0,3,0,0,3,0,1,0,0,0,0,0,3,3,4,1420,1300,15,0,3,12,1.0,123,0,1547,26,241,124,20143
2025-07-11,argo,com.vrem.wifianalyzer.settings,DataTest,compareToWhenNamesAreDifferent,1,3,0.0,2,1.0,0,0,1,0,6,0,1,0,0.0,0,0,1,4,0.0,1,2.0,0,1,0.0,0,0.0,1.0,22,18,0.0,3,0,0,0,0,0,1,0,0,0,0,0,0,0,0,0,3,0.0,3,1.0,3,0,0,0,3,0,0,3,0,1,0,0,0,0,0,3,3,4,1420,1300,15,0,3,12,1.0,123,0,1547,26,241,124,20143
2025-07-11,argo,com.vrem.wifianalyzer.settings,LanguagePreferenceTest,entries,1,1,0.0,2,1.0,0,0,1,0,5,0,1,0,1.0,0,2,1,7,2.0,0,3.0,0,1,0.0,0,1.0,1.0,19,10,0.0,2,3,0,0,0,0,2,0,3,0,0,3,0,0,0,0,2,0.0,2,1.0,2,0,3,0,2,0,0,2,0,1,0,0,0,0,0,2,2,4,1420,1300,15,0,2,11,1.0,123,0,1547,26,241,124,20143
2025-07-11,argo,com.vrem.wifianalyzer.settings,LanguagePreferenceTest,entryValues,1,1,0.0,2,1.0,0,0,1,0,5,0,1,0,1.0,0,2,1,4,2.0,2,2.25,0,1,0.0,0,1.0,1.0,19,10,0.0,2,3,0,0,0,0,2,0,3,0,0,3,0,0,0,0,2,0.0,2,1.0,2,0,3,0,2,0,0,2,0,1,0,0,0,0,0,2,2,4,1420,1300,15,0,2,11,1.0,123,0,1547,26,241,124,20143
2025-07-11,argo,com.vrem.wifianalyzer.settings,RepositoryTest,setUp,2,0,0.0,1,1.0,0,1,1,0,3,0,2,0,1.0,0,3,1,2,3.0,2,3.0,0,1,0.0,0,0.69,0.84,243,198,0.5833333333333334,25,8,0,0,0,2,10,0,8,0,0,8,0,0,0,0,25,0.43666666666666665,25,1.0,25,0,8,0,18,7,0,18,9,1,0,0,0,0,0,25,25,4,1420,1300,15,0,73,124,2.3333333333333335,123,0,1547,26,241,124,20143
2025-07-11,argo,com.vrem.wifianalyzer.settings,RepositoryTest,tearDown,1,0,0.0,0,0.0,0,1,1,0,7,0,1,0,1.0,0,5,1,1,5.0,0,0.0,0,1,0.0,0,0.69,0.84,243,198,0.5833333333333334,25,8,0,0,0,2,10,0,8,0,0,8,0,0,0,0,25,0.43666666666666665,25,1.0,25,0,8,0,18,7,0,18,9,1,0,0,0,0,0,25,25,4,1420,1300,15,0,73,124,2.3333333333333335,123,0,1547,26,241,124,20143
2025-07-11,argo,com.vrem.wifianalyzer.settings,RepositoryTest,initializeDefaultValues,2,0,0.0,2,1.0,0,1,1,0,5,0,2,0,1.0,1,2,2,6,2.0,1,2.6,0,2,0.0,0,0.69,0.84,243,198,0.5833333333333334,25,8,0,0,0,2,10,0,8,0,0,8,0,0,0,0,25,0.43666666666666665,25,1.0,25,0,8,0,18,7,0,18,9,1,0,0,0,0,0,25,25,4,1420,1300,15,0,73,124,2.3333333333333335,123,0,1547,26,241,124,20143
2025-07-11,argo,com.vrem.wifianalyzer.settings,RepositoryTest,saveString,1,1,3.0,1,1.0,0,1,1,0,7,0,1,7,1.0,7,2,3,1,2.0,1,2.0,0,3,0.0,0,0.69,0.84,243,198,0.5833333333333334,25,8,0,0,0,2,10,0,8,0,0,8,0,0,0,0,25,0.43666666666666665,25,1.0,25,0,8,0,18,7,0,18,9,1,0,0,0,0,0,25,25,4,1420,1300,15,0,73,124,2.3333333333333335,123,0,1547,26,241,124,20143
2025-07-11,argo,com.vrem.wifianalyzer.settings,RepositoryTest,saveInteger,1,1,3.0,2,1.0,0,1,1,0,7,0,1,7,1.0,7,2,3,3,2.0,1,2.0,0,3,0.0,0,0.69,0.84,243,198,0.5833333333333334,25,8,0,0,0,2,10,0,8,0,0,8,0,0,0,0,25,0.43666666666666665,25,1.0,25,0,8,0,18,7,0,18,9,1,0,0,0,0,0,25,25,4,1420,1300,15,0,73,124,2.3333333333333335,123,0,1547,26,241,124,20143
2025-07-11,argo,com.vrem.wifianalyzer.settings,RepositoryTest,string,3,3,1.0,3,1.0,0,1,1,0,11,0,3,1,1.0,2,5,4,8,1.67,2,2.3333333333333335,0,4,0.0,0,0.69,0.84,243,198,0.5833333333333334,25,8,0,0,0,2,10,0,8,0,0,8,0,0,0,0,25,0.43666666666666665,25,1.0,25,0,8,0,18,7,0,18,9,1,0,0,0,0,0,25,25,4,1420,1300,15,0,73,124,2.3333333333333335,123,0,1547,26,241,124,20143
2025-07-11,argo,com.vrem.wifianalyzer.settings,RepositoryTest,stringAsInteger,3,3,1.0,4,1.0,0,1,1,0,11,0,3,1,1.0,2,5,4,10,1.67,2,2.375,0,4,0.0,0,0.69,0.84,243,198,0.5833333333333334,25,8,0,0,0,2,10,0,8,0,0,8,0,0,0,0,25,0.43666666666666665,25,1.0,25,0,8,0,18,7,0,18,9,1,0,0,0,0,0,25,25,4,1420,1300,15,0,73,124,2.3333333333333335,123,0,1547,26,241,124,20143
2025-07-11,argo,com.vrem.wifianalyzer.settings,RepositoryTest,stringAsIntegerThrowsException,3,3,4.0,4,1.0,0,1,1,0,13,0,3,7,1.0,8,5,7,9,1.67,2,2.2857142857142856,0,7,0.0,0,0.69,0.84,243,198,0.5833333333333334,25,8,0,0,0,2,10,0,8,0,0,8,0,0,0,0,25,0.43666666666666665,25,1.0,25,0,8,0,18,7,0,18,9,1,0,0,0,0,0,25,25,4,1420,1300,15,0,73,124,2.3333333333333335,123,0,1547,26,241,124,20143
2025-07-11,argo,com.vrem.wifianalyzer.settings,RepositoryTest,integer,3,3,1.0,4,1.0,0,1,1,0,11,0,3,1,1.0,2,5,4,8,1.67,2,2.3333333333333335,0,4,0.0,0,0.69,0.84,243,198,0.5833333333333334,25,8,0,0,0,2,10,0,8,0,0,8,0,0,0,0,25,0.43666666666666665,25,1.0,25,0,8,0,18,7,0,18,9,1,0,0,0,0,0,25,25,4,1420,1300,15,0,73,124,2.3333333333333335,123,0,1547,26,241,124,20143
2025-07-11,argo,com.vrem.wifianalyzer.settings,RepositoryTest,integerThrowsException,3,2,4.0,5,1.0,0,1,1,0,12,0,3,7,1.0,8,5,7,10,2.5,2,2.25,0,7,0.0,0,0.69,0.84,243,198,0.5833333333333334,25,8,0,0,0,2,10,0,8,0,0,8,0,0,0,0,25,0.43666666666666665,25,1.0,25,0,8,0,18,7,0,18,9,1,0,0,0,0,0,25,25,4,1420,1300,15,0,73,124,2.3333333333333335,123,0,1547,26,241,124,20143
2025-07-11,argo,com.vrem.wifianalyzer.settings,RepositoryTest,resourceBoolean,3,2,0.0,4,1.0,0,1,1,0,9,0,3,0,1.0,1,3,3,8,2.0,2,2.4285714285714284,0,3,0.0,0,0.69,0.84,243,198,0.5833333333333334,25,8,0,0,0,2,10,0,8,0,0,8,0,0,0,0,25,0.43666666666666665,25,1.0,25,0,8,0,18,7,0,18,9,1,0,0,0,0,0,25,25,4,1420,1300,15,0,73,124,2.3333333333333335,123,0,1547,26,241,124,20143
2025-07-11,argo,com.vrem.wifianalyzer.settings,RepositoryTest,boolean,3,1,1.0,4,1.0,0,1,1,0,9,0,3,1,1.0,2,5,4,8,5.0,2,2.3333333333333335,0,4,0.0,0,0.69,0.84,243,198,0.5833333333333334,25,8,0,0,0,2,10,0,8,0,0,8,0,0,0,0,25,0.43666666666666665,25,1.0,25,0,8,0,18,7,0,18,9,1,0,0,0,0,0,25,25,4,1420,1300,15,0,73,124,2.3333333333333335,123,0,1547,26,241,124,20143
2025-07-11,argo,com.vrem.wifianalyzer.settings,RepositoryTest,booleanThrowsException,3,2,4.0,4,1.0,0,1,1,0,12,0,3,7,1.0,8,5,7,8,2.5,2,2.3333333333333335,0,7,0.0,0,0.69,0.84,243,198,0.5833333333333334,25,8,0,0,0,2,10,0,8,0,0,8,0,0,0,0,25,0.43666666666666665,25,1.0,25,0,8,0,18,7,0,18,9,1,0,0,0,0,0,25,25,4,1420,1300,15,0,73,124,2.3333333333333335,123,0,1547,26,241,124,20143
2025-07-11,argo,com.vrem.wifianalyzer.settings,RepositoryTest,registerOnSharedPreferenceChangeListener,2,0,1.0,1,1.0,0,1,1,0,6,0,2,1,1.0,2,3,3,4,3.0,2,2.3333333333333335,0,3,0.0,0,0.69,0.84,243,198,0.5833333333333334,25,8,0,0,0,2,10,0,8,0,0,8,0,0,0,0,25,0.43666666666666665,25,1.0,25,0,8,0,18,7,0,18,9,1,0,0,0,0,0,25,25,4,1420,1300,15,0,73,124,2.3333333333333335,123,0,1547,26,241,124,20143
2025-07-11,argo,com.vrem.wifianalyzer.settings,RepositoryTest,stringSet,3,3,1.0,4,1.0,0,1,1,0,11,0,3,1,1.0,2,5,4,10,1.67,2,2.3333333333333335,0,4,0.0,0,0.69,0.84,243,198,0.5833333333333334,25,8,0,0,0,2,10,0,8,0,0,8,0,0,0,0,25,0.43666666666666665,25,1.0,25,0,8,0,18,7,0,18,9,1,0,0,0,0,0,25,25,4,1420,1300,15,0,73,124,2.3333333333333335,123,0,1547,26,241,124,20143
2025-07-11,argo,com.vrem.wifianalyzer.settings,RepositoryTest,stringSetThrowsException,2,2,4.0,3,1.0,0,1,1,0,10,0,2,7,1.0,8,4,6,6,2.0,2,2.25,0,6,0.0,0,0.69,0.84,243,198,0.5833333333333334,25,8,0,0,0,2,10,0,8,0,0,8,0,0,0,0,25,0.43666666666666665,25,1.0,25,0,8,0,18,7,0,18,9,1,0,0,0,0,0,25,25,4,1420,1300,15,0,73,124,2.3333333333333335,123,0,1547,26,241,124,20143
2025-07-11,argo,com.vrem.wifianalyzer.settings,RepositoryTest,saveStringSet,1,2,3.0,0,0.0,0,1,1,0,8,0,1,7,1.0,8,1,3,2,1.0,1,2.5,0,3,0.0,0,0.69,0.84,243,198,0.5833333333333334,25,8,0,0,0,2,10,0,8,0,0,8,0,0,0,0,25,0.43666666666666665,25,1.0,25,0,8,0,18,7,0,18,9,1,0,0,0,0,0,25,25,4,1420,1300,15,0,73,124,2.3333333333333335,123,0,1547,26,241,124,20143
2025-07-11,argo,com.vrem.wifianalyzer.settings,RepositoryTest,stringWhenGetStringReturnsNull,3,3,1.0,3,1.0,0,1,1,0,10,0,3,0,1.0,1,4,3,8,1.67,2,2.3333333333333335,0,3,0.0,0,0.69,0.84,243,198,0.5833333333333334,25,8,0,0,0,2,10,0,8,0,0,8,0,0,0,0,25,0.43666666666666665,25,1.0,25,0,8,0,18,7,0,18,9,1,0,0,0,0,0,25,25,4,1420,1300,15,0,73,124,2.3333333333333335,123,0,1547,26,241,124,20143
2025-07-11,argo,com.vrem.wifianalyzer.settings,RepositoryTest,verifySave,1,0,0.0,4,0.75,0,1,1,0,6,0,1,0,0.8571428571428571,0,5,1,4,5.0,1,2.0,1,1,0.0,0,0.69,0.84,243,198,0.5833333333333334,25,8,0,0,0,2,10,0,8,0,0,8,0,0,0,0,25,0.43666666666666665,25,1.0,25,0,8,0,18,7,0,18,9,1,0,0,0,0,0,25,25,4,1420,1300,15,0,73,124,2.3333333333333335,123,0,1547,26,241,124,20143
2025-07-11,argo,com.vrem.wifianalyzer.settings,RepositoryTest,verifySave,1,0,0.0,4,0.75,0,1,1,0,6,0,1,0,0.8571428571428571,0,5,1,4,5.0,1,2.0,1,1,0.0,0,0.69,0.84,243,198,0.5833333333333334,25,8,0,0,0,2,10,0,8,0,0,8,0,0,0,0,25,0.43666666666666665,25,1.0,25,0,8,0,18,7,0,18,9,1,0,0,0,0,0,25,25,4,1420,1300,15,0,73,124,2.3333333333333335,123,0,1547,26,241,124,20143
2025-07-11,argo,com.vrem.wifianalyzer.settings,RepositoryTest,verifySave,1,0,0.0,4,0.75,0,1,1,0,6,0,1,0,1.0,0,5,1,4,5.0,1,2.0,0,1,0.0,0,0.69,0.84,243,198,0.5833333333333334,25,8,0,0,0,2,10,0,8,0,0,8,0,0,0,0,25,0.43666666666666665,25,1.0,25,0,8,0,18,7,0,18,9,1,0,0,0,0,0,25,25,4,1420,1300,15,0,73,124,2.3333333333333335,123,0,1547,26,241,124,20143
2025-07-11,argo,com.vrem.wifianalyzer.settings,RepositoryTest,withSave,5,0,0.0,1,1.0,0,1,1,0,6,0,5,0,0.9,0,5,2,7,5.0,2,3.0,1,2,0.0,0,0.69,0.84,243,198,0.5833333333333334,25,8,0,0,0,2,10,0,8,0,0,8,0,0,0,0,25,0.43666666666666665,25,1.0,25,0,8,0,18,7,0,18,9,1,0,0,0,0,0,25,25,4,1420,1300,15,0,73,124,2.3333333333333335,123,0,1547,26,241,124,20143
2025-07-11,argo,com.vrem.wifianalyzer.settings,RepositoryTest,withSave,5,0,0.0,1,1.0,0,1,1,0,6,0,5,0,1.0,0,5,2,7,5.0,2,3.0,0,2,0.0,0,0.69,0.84,243,198,0.5833333333333334,25,8,0,0,0,2,10,0,8,0,0,8,0,0,0,0,25,0.43666666666666665,25,1.0,25,0,8,0,18,7,0,18,9,1,0,0,0,0,0,25,25,4,1420,1300,15,0,73,124,2.3333333333333335,123,0,1547,26,241,124,20143
2025-07-11,argo,com.vrem.wifianalyzer.settings,RepositoryTest,withSave,5,0,0.0,1,1.0,0,1,1,0,6,0,5,0,0.9,0,5,2,7,5.0,2,3.0,1,2,0.0,0,0.69,0.84,243,198,0.5833333333333334,25,8,0,0,0,2,10,0,8,0,0,8,0,0,0,0,25,0.43666666666666665,25,1.0,25,0,8,0,18,7,0,18,9,1,0,0,0,0,0,25,25,4,1420,1300,15,0,73,124,2.3333333333333335,123,0,1547,26,241,124,20143
2025-07-11,argo,com.vrem.wifianalyzer.settings,RepositoryTest,verifyPreferenceManager,1,0,0.0,1,1.0,0,1,1,0,3,0,1,0,1.0,0,2,1,1,2.0,1,2.0,0,1,0.0,0,0.69,0.84,243,198,0.5833333333333334,25,8,0,0,0,2,10,0,8,0,0,8,0,0,0,0,25,0.43666666666666665,25,1.0,25,0,8,0,18,7,0,18,9,1,0,0,0,0,0,25,25,4,1420,1300,15,0,73,124,2.3333333333333335,123,0,1547,26,241,124,20143
2025-07-11,argo,com.vrem.wifianalyzer.settings,SettingsFragmentTest,onCreate,1,0,0.0,1,1.0,0,0,1,0,3,0,1,0,1.0,0,1,1,2,1.0,0,3.0,0,1,0.0,0,1.0,0.8333333333333334,46,35,0.0,6,2,0,0,2,0,1,0,0,0,2,2,0,0,0,0,6,0.4666666666666667,6,1.0,6,0,2,0,6,0,0,6,3,1,0,0,0,0,0,6,6,4,1420,1300,15,0,6,43,1.0,123,0,1547,26,241,124,20143
2025-07-11,argo,com.vrem.wifianalyzer.settings,SettingsFragmentTest,wiFiOnExitIsVisible,1,2,0.0,3,1.0,0,0,1,0,5,0,1,0,1.0,0,1,1,6,0.5,1,3.0,0,1,0.0,0,1.0,0.8333333333333334,46,35,0.0,6,2,0,0,2,0,1,0,0,0,2,2,0,0,0,0,6,0.4666666666666667,6,1.0,6,0,2,0,6,0,0,6,3,1,0,0,0,0,0,6,6,4,1420,1300,15,0,6,43,1.0,123,0,1547,26,241,124,20143
2025-07-11,argo,com.vrem.wifianalyzer.settings,SettingsFragmentTest,wiFiOnExitIsNotVisible,1,2,0.0,3,1.0,0,0,1,0,5,0,1,0,1.0,0,1,1,6,0.5,1,3.0,0,1,0.0,0,1.0,0.8333333333333334,46,35,0.0,6,2,0,0,2,0,1,0,0,0,2,2,0,0,0,0,6,0.4666666666666667,6,1.0,6,0,2,0,6,0,0,6,3,1,0,0,0,0,0,6,6,4,1420,1300,15,0,6,43,1.0,123,0,1547,26,241,124,20143
2025-07-11,argo,com.vrem.wifianalyzer.settings,SettingsFragmentTest,resetPreferenceShouldClearsPreferencesAndReloadsSettings,1,3,0.0,5,0.8333,0,0,1,0,8,0,1,0,1.0,0,1,1,13,0.33,1,3.1666666666666665,0,1,0.0,0,1.0,0.8333333333333334,46,35,0.0,6,2,0,0,2,0,1,0,0,0,2,2,0,0,0,0,6,0.4666666666666667,6,1.0,6,0,2,0,6,0,0,6,3,1,0,0,0,0,0,6,6,4,1420,1300,15,0,6,43,1.0,123,0,1547,26,241,124,20143
2025-07-11,argo,com.vrem.wifianalyzer.settings,SettingsFragmentTest,onPreferenceTreeClickShouldReturnsFalseForUnknownPreference,1,2,0.0,3,1.0,0,0,1,0,6,0,1,0,1.0,0,1,1,3,0.5,1,2.0,0,1,0.0,0,1.0,0.8333333333333334,46,35,0.0,6,2,0,0,2,0,1,0,0,0,2,2,0,0,0,0,6,0.4666666666666667,6,1.0,6,0,2,0,6,0,0,6,3,1,0,0,0,0,0,6,6,4,1420,1300,15,0,6,43,1.0,123,0,1547,26,241,124,20143
2025-07-11,argo,com.vrem.wifianalyzer.settings,SettingsFragmentTest,resetPreferenceShouldClearsPreferencesAndReloadsSettingsLegacy,1,3,0.0,5,0.8333,0,0,1,0,8,0,1,0,1.0,0,1,1,13,0.33,1,3.1666666666666665,0,1,0.0,0,1.0,0.8333333333333334,46,35,0.0,6,2,0,0,2,0,1,0,0,0,2,2,0,0,0,0,6,0.4666666666666667,6,1.0,6,0,2,0,6,0,0,6,3,1,0,0,0,0,0,6,6,4,1420,1300,15,0,6,43,1.0,123,0,1547,26,241,124,20143
2025-07-11,argo,com.vrem.wifianalyzer.settings,SettingsTest,tearDown,1,0,0.0,0,0.0,0,2,1,0,4,0,1,0,1.0,0,2,1,1,2.0,0,0.0,0,1,0.0,0,0.9956989247311828,0.967741935483871,254,199,0.06896551724137931,30,6,0,0,0,0,6,0,6,0,0,6,0,0,0,0,31,0.4989247311827957,31,1.0,31,0,6,0,31,0,0,31,9,1,0,0,0,0,0,31,31,4,1420,1300,15,0,78,278,2.064516129032258,123,0,1547,26,241,124,20143
2025-07-11,argo,com.vrem.wifianalyzer.settings,SettingsTest,initializeDefaultValues,2,0,0.0,1,1.0,0,2,1,0,5,0,2,0,1.0,1,2,2,4,2.0,2,2.3333333333333335,0,2,0.0,0,0.9956989247311828,0.967741935483871,254,199,0.06896551724137931,30,6,0,0,0,0,6,0,6,0,0,6,0,0,0,0,31,0.4989247311827957,31,1.0,31,0,6,0,31,0,0,31,9,1,0,0,0,0,0,31,31,4,1420,1300,15,0,78,278,2.064516129032258,123,0,1547,26,241,124,20143
2025-07-11,argo,com.vrem.wifianalyzer.settings,SettingsTest,registerOnSharedPreferenceChangeListener,2,0,0.0,1,1.0,0,2,1,0,5,0,2,0,1.0,1,3,2,4,3.0,2,2.3333333333333335,0,2,0.0,0,0.9956989247311828,0.967741935483871,254,199,0.06896551724137931,30,6,0,0,0,0,6,0,6,0,0,6,0,0,0,0,31,0.4989247311827957,31,1.0,31,0,6,0,31,0,0,31,9,1,0,0,0,0,0,31,31,4,1420,1300,15,0,78,278,2.064516129032258,123,0,1547,26,241,124,20143
2025-07-11,argo,com.vrem.wifianalyzer.settings,SettingsTest,scanSpeed,3,3,0.0,3,1.0,0,2,1,0,10,0,3,4,1.0,1,3,3,9,1.0,1,3.6666666666666665,0,3,0.0,0,0.9956989247311828,0.967741935483871,254,199,0.06896551724137931,30,6,0,0,0,0,6,0,6,0,0,6,0,0,0,0,31,0.4989247311827957,31,1.0,31,0,6,0,31,0,0,31,9,1,0,0,0,0,0,31,31,4,1420,1300,15,0,78,278,2.064516129032258,123,0,1547,26,241,124,20143
2025-07-11,argo,com.vrem.wifianalyzer.settings,SettingsTest,graphMaximumY,3,4,0.0,3,1.0,0,2,1,0,11,0,3,0,1.0,1,4,3,9,1.0,1,3.6666666666666665,0,3,0.0,0,0.9956989247311828,0.967741935483871,254,199,0.06896551724137931,30,6,0,0,0,0,6,0,6,0,0,6,0,0,0,0,31,0.4989247311827957,31,1.0,31,0,6,0,31,0,0,31,9,1,0,0,0,0,0,31,31,4,1420,1300,15,0,78,278,2.064516129032258,123,0,1547,26,241,124,20143
2025-07-11,argo,com.vrem.wifianalyzer.settings,SettingsTest,groupBy,2,1,0.0,3,1.0,0,2,1,0,6,0,2,0,1.0,1,2,3,12,2.0,1,3.6666666666666665,0,3,0.0,0,0.9956989247311828,0.967741935483871,254,199,0.06896551724137931,30,6,0,0,0,0,6,0,6,0,0,6,0,0,0,0,31,0.4989247311827957,31,1.0,31,0,6,0,31,0,0,31,9,1,0,0,0,0,0,31,31,4,1420,1300,15,0,78,278,2.064516129032258,123,0,1547,26,241,124,20143
2025-07-11,argo,com.vrem.wifianalyzer.settings,SettingsTest,sortBy,2,1,0.0,3,1.0,0,2,1,0,6,0,2,0,1.0,1,2,3,12,2.0,1,3.6666666666666665,0,3,0.0,0,0.9956989247311828,0.967741935483871,254,199,0.06896551724137931,30,6,0,0,0,0,6,0,6,0,0,6,0,0,0,0,31,0.4989247311827957,31,1.0,31,0,6,0,31,0,0,31,9,1,0,0,0,0,0,31,31,4,1420,1300,15,0,78,278,2.064516129032258,123,0,1547,26,241,124,20143
2025-07-11,argo,com.vrem.wifianalyzer.settings,SettingsTest,accessPointView,2,1,0.0,3,1.0,0,2,1,0,6,0,2,0,1.0,1,2,3,12,2.0,1,3.6666666666666665,0,3,0.0,0,0.9956989247311828,0.967741935483871,254,199,0.06896551724137931,30,6,0,0,0,0,6,0,6,0,0,6,0,0,0,0,31,0.4989247311827957,31,1.0,31,0,6,0,31,0,0,31,9,1,0,0,0,0,0,31,31,4,1420,1300,15,0,78,278,2.064516129032258,123,0,1547,26,241,124,20143
2025-07-11,argo,com.vrem.wifianalyzer.settings,SettingsTest,connectionViewType,2,1,0.0,3,1.0,0,2,1,0,6,0,2,0,1.0,1,2,3,12,2.0,1,3.6666666666666665,0,3,0.0,0,0.9956989247311828,0.967741935483871,254,199,0.06896551724137931,30,6,0,0,0,0,6,0,6,0,0,6,0,0,0,0,31,0.4989247311827957,31,1.0,31,0,6,0,31,0,0,31,9,1,0,0,0,0,0,31,31,4,1420,1300,15,0,78,278,2.064516129032258,123,0,1547,26,241,124,20143
2025-07-11,argo,com.vrem.wifianalyzer.settings,SettingsTest,themeStyle,2,1,0.0,3,1.0,0,2,1,0,6,0,2,0,1.0,1,2,3,12,2.0,1,3.6666666666666665,0,3,0.0,0,0.9956989247311828,0.967741935483871,254,199,0.06896551724137931,30,6,0,0,0,0,6,0,6,0,0,6,0,0,0,0,31,0.4989247311827957,31,1.0,31,0,6,0,31,0,0,31,9,1,0,0,0,0,0,31,31,4,1420,1300,15,0,78,278,2.064516129032258,123,0,1547,26,241,124,20143
2025-07-11,argo,com.vrem.wifianalyzer.settings,SettingsTest,channelGraphLegend,2,1,0.0,3,1.0,0,2,1,0,6,0,2,0,1.0,1,2,3,12,2.0,1,3.6666666666666665,0,3,0.0,0,0.9956989247311828,0.967741935483871,254,199,0.06896551724137931,30,6,0,0,0,0,6,0,6,0,0,6,0,0,0,0,31,0.4989247311827957,31,1.0,31,0,6,0,31,0,0,31,9,1,0,0,0,0,0,31,31,4,1420,1300,15,0,78,278,2.064516129032258,123,0,1547,26,241,124,20143
2025-07-11,argo,com.vrem.wifianalyzer.settings,SettingsTest,timeGraphLegend,2,1,0.0,3,1.0,0,2,1,0,6,0,2,0,1.0,1,2,3,12,2.0,1,3.6666666666666665,0,3,0.0,0,0.9956989247311828,0.967741935483871,254,199,0.06896551724137931,30,6,0,0,0,0,6,0,6,0,0,6,0,0,0,0,31,0.4989247311827957,31,1.0,31,0,6,0,31,0,0,31,9,1,0,0,0,0,0,31,31,4,1420,1300,15,0,78,278,2.064516129032258,123,0,1547,26,241,124,20143
2025-07-11,argo,com.vrem.wifianalyzer.settings,SettingsTest,getWiFiBand,2,1,0.0,4,1.0,0,2,1,0,6,0,2,0,1.0,0,2,3,12,2.0,1,3.6666666666666665,0,3,0.0,0,0.9956989247311828,0.967741935483871,254,199,0.06896551724137931,30,6,0,0,0,0,6,0,6,0,0,6,0,0,0,0,31,0.4989247311827957,31,1.0,31,0,6,0,31,0,0,31,9,1,0,0,0,0,0,31,31,4,1420,1300,15,0,78,278,2.064516129032258,123,0,1547,26,241,124,20143
2025-07-11,argo,com.vrem.wifianalyzer.settings,SettingsTest,setWiFiBand,2,0,0.0,3,1.0,0,2,1,0,5,0,2,0,1.0,0,2,2,9,2.0,0,3.6,0,2,0.0,0,0.9956989247311828,0.967741935483871,254,199,0.06896551724137931,30,6,0,0,0,0,6,0,6,0,0,6,0,0,0,0,31,0.4989247311827957,31,1.0,31,0,6,0,31,0,0,31,9,1,0,0,0,0,0,31,31,4,1420,1300,15,0,78,278,2.064516129032258,123,0,1547,26,241,124,20143
2025-07-11,argo,com.vrem.wifianalyzer.settings,SettingsTest,findSSIDs,2,2,0.0,3,1.0,0,2,1,0,7,0,2,0,1.0,1,2,3,8,2.0,1,3.25,0,3,0.0,0,0.9956989247311828,0.967741935483871,254,199,0.06896551724137931,30,6,0,0,0,0,6,0,6,0,0,6,0,0,0,0,31,0.4989247311827957,31,1.0,31,0,6,0,31,0,0,31,9,1,0,0,0,0,0,31,31,4,1420,1300,15,0,78,278,2.064516129032258,123,0,1547,26,241,124,20143
2025-07-11,argo,com.vrem.wifianalyzer.settings,SettingsTest,saveSSIDs,2,1,0.0,2,1.0,0,2,1,0,6,0,2,0,1.0,1,2,2,7,2.0,1,3.6666666666666665,0,2,0.0,0,0.9956989247311828,0.967741935483871,254,199,0.06896551724137931,30,6,0,0,0,0,6,0,6,0,0,6,0,0,0,0,31,0.4989247311827957,31,1.0,31,0,6,0,31,0,0,31,9,1,0,0,0,0,0,31,31,4,1420,1300,15,0,78,278,2.064516129032258,123,0,1547,26,241,124,20143
2025-07-11,argo,com.vrem.wifianalyzer.settings,SettingsTest,findWiFiBands,2,4,0.0,6,0.8333,0,2,1,0,10,0,2,0,1.0,1,2,3,10,0.5,1,2.625,0,3,0.0,0,0.9956989247311828,0.967741935483871,254,199,0.06896551724137931,30,6,0,0,0,0,6,0,6,0,0,6,0,0,0,0,31,0.4989247311827957,31,1.0,31,0,6,0,31,0,0,31,9,1,0,0,0,0,0,31,31,4,1420,1300,15,0,78,278,2.064516129032258,123,0,1547,26,241,124,20143
2025-07-11,argo,com.vrem.wifianalyzer.settings,SettingsTest,saveWiFiBands,2,2,0.0,4,1.0,0,2,1,0,7,0,2,0,1.0,1,2,2,9,1.0,1,3.2,0,2,0.0,0,0.9956989247311828,0.967741935483871,254,199,0.06896551724137931,30,6,0,0,0,0,6,0,6,0,0,6,0,0,0,0,31,0.4989247311827957,31,1.0,31,0,6,0,31,0,0,31,9,1,0,0,0,0,0,31,31,4,1420,1300,15,0,78,278,2.064516129032258,123,0,1547,26,241,124,20143
2025-07-11,argo,com.vrem.wifianalyzer.settings,SettingsTest,findStrengths,2,4,0.0,6,0.8333,0,2,1,0,10,0,2,0,1.0,1,2,3,10,0.5,1,2.625,0,3,0.0,0,0.9956989247311828,0.967741935483871,254,199,0.06896551724137931,30,6,0,0,0,0,6,0,6,0,0,6,0,0,0,0,31,0.4989247311827957,31,1.0,31,0,6,0,31,0,0,31,9,1,0,0,0,0,0,31,31,4,1420,1300,15,0,78,278,2.064516129032258,123,0,1547,26,241,124,20143
2025-07-11,argo,com.vrem.wifianalyzer.settings,SettingsTest,saveStrengths,2,2,0.0,4,1.0,0,2,1,0,7,0,2,0,1.0,1,2,2,9,1.0,1,3.2,0,2,0.0,0,0.9956989247311828,0.967741935483871,254,199,0.06896551724137931,30,6,0,0,0,0,6,0,6,0,0,6,0,0,0,0,31,0.4989247311827957,31,1.0,31,0,6,0,31,0,0,31,9,1,0,0,0,0,0,31,31,4,1420,1300,15,0,78,278,2.064516129032258,123,0,1547,26,241,124,20143
2025-07-11,argo,com.vrem.wifianalyzer.settings,SettingsTest,findSecurities,2,4,0.0,6,0.8333,0,2,1,0,10,0,2,0,1.0,1,2,3,10,0.5,1,2.625,0,3,0.0,0,0.9956989247311828,0.967741935483871,254,199,0.06896551724137931,30,6,0,0,0,0,6,0,6,0,0,6,0,0,0,0,31,0.4989247311827957,31,1.0,31,0,6,0,31,0,0,31,9,1,0,0,0,0,0,31,31,4,1420,1300,15,0,78,278,2.064516129032258,123,0,1547,26,241,124,20143
2025-07-11,argo,com.vrem.wifianalyzer.settings,SettingsTest,saveSecurities,2,2,0.0,4,1.0,0,2,1,0,7,0,2,0,1.0,1,2,2,9,1.0,1,3.2,0,2,0.0,0,0.9956989247311828,0.967741935483871,254,199,0.06896551724137931,30,6,0,0,0,0,6,0,6,0,0,6,0,0,0,0,31,0.4989247311827957,31,1.0,31,0,6,0,31,0,0,31,9,1,0,0,0,0,0,31,31,4,1420,1300,15,0,78,278,2.064516129032258,123,0,1547,26,241,124,20143
2025-07-11,argo,com.vrem.wifianalyzer.settings,SettingsTest,countryCode,2,3,0.0,3,1.0,0,2,1,0,8,0,2,0,1.0,1,2,3,8,0.67,1,3.25,0,3,0.0,0,0.9956989247311828,0.967741935483871,254,199,0.06896551724137931,30,6,0,0,0,0,6,0,6,0,0,6,0,0,0,0,31,0.4989247311827957,31,1.0,31,0,6,0,31,0,0,31,9,1,0,0,0,0,0,31,31,4,1420,1300,15,0,78,278,2.064516129032258,123,0,1547,26,241,124,20143
2025-07-11,argo,com.vrem.wifianalyzer.settings,SettingsTest,languageLocale,2,3,0.0,3,1.0,0,2,1,0,8,0,2,0,1.0,1,2,3,8,0.67,1,3.0,0,3,0.0,0,0.9956989247311828,0.967741935483871,254,199,0.06896551724137931,30,6,0,0,0,0,6,0,6,0,0,6,0,0,0,0,31,0.4989247311827957,31,1.0,31,0,6,0,31,0,0,31,9,1,0,0,0,0,0,31,31,4,1420,1300,15,0,78,278,2.064516129032258,123,0,1547,26,241,124,20143
2025-07-11,argo,com.vrem.wifianalyzer.settings,SettingsTest,selectedMenu,2,1,0.0,3,1.0,0,2,1,0,6,0,2,0,1.0,1,2,3,12,2.0,1,3.6666666666666665,0,3,0.0,0,0.9956989247311828,0.967741935483871,254,199,0.06896551724137931,30,6,0,0,0,0,6,0,6,0,0,6,0,0,0,0,31,0.4989247311827957,31,1.0,31,0,6,0,31,0,0,31,9,1,0,0,0,0,0,31,31,4,1420,1300,15,0,78,278,2.064516129032258,123,0,1547,26,241,124,20143
2025-07-11,argo,com.vrem.wifianalyzer.settings,SettingsTest,saveSelectedMenu,2,0,0.0,2,1.0,0,2,1,0,5,0,2,0,1.0,1,2,2,9,2.0,0,3.6,0,2,0.0,0,0.9956989247311828,0.967741935483871,254,199,0.06896551724137931,30,6,0,0,0,0,6,0,6,0,0,6,0,0,0,0,31,0.4989247311827957,31,1.0,31,0,6,0,31,0,0,31,9,1,0,0,0,0,0,31,31,4,1420,1300,15,0,78,278,2.064516129032258,123,0,1547,26,241,124,20143
2025-07-11,argo,com.vrem.wifianalyzer.settings,SettingsTest,saveSelectedMenuWithNotAllowedMenu,1,0,1.0,0,0.0,0,2,1,0,3,0,1,0,1.0,1,1,0,2,1.0,0,3.0,0,0,0.0,0,0.9956989247311828,0.967741935483871,254,199,0.06896551724137931,30,6,0,0,0,0,6,0,6,0,0,6,0,0,0,0,31,0.4989247311827957,31,1.0,31,0,6,0,31,0,0,31,9,1,0,0,0,0,0,31,31,4,1420,1300,15,0,78,278,2.064516129032258,123,0,1547,26,241,124,20143
2025-07-11,argo,com.vrem.wifianalyzer.settings,SettingsTest,wiFiOffOnExit,1,1,0.0,1,1.0,0,2,1,0,4,0,1,0,1.0,1,1,1,2,1.0,1,2.0,0,1,0.0,0,0.9956989247311828,0.967741935483871,254,199,0.06896551724137931,30,6,0,0,0,0,6,0,6,0,0,6,0,0,0,0,31,0.4989247311827957,31,1.0,31,0,6,0,31,0,0,31,9,1,0,0,0,0,0,31,31,4,1420,1300,15,0,78,278,2.064516129032258,123,0,1547,26,241,124,20143
2025-07-11,argo,com.vrem.wifianalyzer.settings,SettingsTest,wiFiOffOnExitLegacy,3,1,1.0,4,0.75,0,2,1,0,8,0,3,0,1.0,1,2,3,11,2.0,1,3.6666666666666665,0,3,0.0,0,0.9956989247311828,0.967741935483871,254,199,0.06896551724137931,30,6,0,0,0,0,6,0,6,0,0,6,0,0,0,0,31,0.4989247311827957,31,1.0,31,0,6,0,31,0,0,31,9,1,0,0,0,0,0,31,31,4,1420,1300,15,0,78,278,2.064516129032258,123,0,1547,26,241,124,20143
2025-07-11,argo,com.vrem.wifianalyzer.settings,SettingsTest,keepScreenOn,3,1,0.0,4,0.75,0,2,1,0,8,0,3,0,1.0,1,2,3,11,2.0,1,3.6666666666666665,0,3,0.0,0,0.9956989247311828,0.967741935483871,254,199,0.06896551724137931,30,6,0,0,0,0,6,0,6,0,0,6,0,0,0,0,31,0.4989247311827957,31,1.0,31,0,6,0,31,0,0,31,9,1,0,0,0,0,0,31,31,4,1420,1300,15,0,78,278,2.064516129032258,123,0,1547,26,241,124,20143
2025-07-11,argo,com.vrem.wifianalyzer.settings,SettingsTest,cacheOff,3,1,0.0,4,0.75,0,2,1,0,8,0,3,0,1.0,1,2,3,11,2.0,1,3.6666666666666665,0,3,0.0,0,0.9956989247311828,0.967741935483871,254,199,0.06896551724137931,30,6,0,0,0,0,6,0,6,0,0,6,0,0,0,0,31,0.4989247311827957,31,1.0,31,0,6,0,31,0,0,31,9,1,0,0,0,0,0,31,31,4,1420,1300,15,0,78,278,2.064516129032258,123,0,1547,26,241,124,20143
2025-07-11,argo,com.vrem.wifianalyzer.settings,ThemeStyleTest,themeStyle,1,0,0.0,1,1.0,0,0,1,0,3,0,1,0,0.0,0,0,1,2,0.0,0,3.0,0,1,0.0,0,0.0,0.0,23,18,0.0,4,0,0,0,0,0,1,0,0,0,0,0,0,0,0,0,4,1.0,4,1.0,4,0,0,0,4,0,0,4,0,1,0,0,0,0,0,4,4,4,1420,1300,15,0,4,34,1.0,123,0,1547,26,241,124,20143
2025-07-11,argo,com.vrem.wifianalyzer.settings,ThemeStyleTest,theme,1,0,0.0,3,0.3333,0,0,1,0,5,0,1,0,0.0,0,0,1,11,0.0,0,6.0,0,1,0.0,0,0.0,0.0,23,18,0.0,4,0,0,0,0,0,1,0,0,0,0,0,0,0,0,0,4,1.0,4,1.0,4,0,0,0,4,0,0,4,0,1,0,0,0,0,0,4,4,4,1420,1300,15,0,4,34,1.0,123,0,1547,26,241,124,20143
2025-07-11,argo,com.vrem.wifianalyzer.settings,ThemeStyleTest,themeNoActionBar,1,0,0.0,3,0.3333,0,0,1,0,5,0,1,0,0.0,0,0,1,11,0.0,0,6.0,0,1,0.0,0,0.0,0.0,23,18,0.0,4,0,0,0,0,0,1,0,0,0,0,0,0,0,0,0,4,1.0,4,1.0,4,0,0,0,4,0,0,4,0,1,0,0,0,0,0,4,4,4,1420,1300,15,0,4,34,1.0,123,0,1547,26,241,124,20143
2025-07-11,argo,com.vrem.wifianalyzer.settings,ThemeStyleTest,colorGraphText,1,0,0.0,3,0.3333,0,0,1,0,5,0,1,0,0.0,0,0,1,10,0.0,0,5.0,0,1,0.0,0,0.0,0.0,23,18,0.0,4,0,0,0,0,0,1,0,0,0,0,0,0,0,0,0,4,1.0,4,1.0,4,0,0,0,4,0,0,4,0,1,0,0,0,0,0,4,4,4,1420,1300,15,0,4,34,1.0,123,0,1547,26,241,124,20143
2025-07-11,argo,com.vrem.wifianalyzer.vendor,VendorAdapterTest,setUp,2,0,0.0,1,1.0,0,3,1,0,4,1,2,0,1.0,0,4,2,3,4.0,2,3.0,0,1,0.0,0,1.0,1.0,78,22,0.0,3,8,0,0,0,0,7,0,8,0,0,7,0,0,1,0,12,0.8,12,2.0,6,0,8,0,6,0,0,6,1,1,0,0,0,0,0,6,6,4,1420,1300,4,0,18,67,2.3333333333333335,10,0,340,26,241,15,20143
2025-07-11,argo,com.vrem.wifianalyzer.vendor,VendorAdapterTest,tearDown,1,0,0.0,2,1.0,0,3,1,0,5,0,1,0,1.0,0,1,3,3,1.0,1,2.0,0,3,0.0,0,1.0,1.0,78,22,0.0,3,8,0,0,0,0,7,0,8,0,0,7,0,0,1,0,12,0.8,12,2.0,6,0,8,0,6,0,0,6,1,1,0,0,0,0,0,6,6,4,1420,1300,4,0,18,67,2.3333333333333335,10,0,340,26,241,15,20143
2025-07-11,argo,com.vrem.wifianalyzer.vendor,VendorAdapterTest,constructor,1,0,0.0,3,0.6667,0,3,1,0,7,0,1,0,1.0,0,3,2,8,3.0,2,3.0,0,2,0.0,0,1.0,1.0,78,22,0.0,3,8,0,0,0,0,7,0,8,0,0,7,0,0,1,0,12,0.8,12,2.0,6,0,8,0,6,0,0,6,1,1,0,0,0,0,0,6,6,4,1420,1300,4,0,18,67,2.3333333333333335,10,0,340,26,241,15,20143
2025-07-11,argo,com.vrem.wifianalyzer.vendor,VendorAdapterTest,getView,2,3,0.0,6,1.0,0,3,1,0,12,1,2,0,1.0,1,7,3,19,2.33,2,3.4,0,3,0.0,0,1.0,1.0,78,22,0.0,3,8,0,0,0,0,7,0,8,0,0,7,0,0,1,0,12,0.8,12,2.0,6,0,8,0,6,0,0,6,1,1,0,0,0,0,0,6,6,4,1420,1300,4,0,18,67,2.3333333333333335,10,0,340,26,241,15,20143
2025-07-11,argo,com.vrem.wifianalyzer.vendor,VendorAdapterTest,update,4,0,0.0,4,0.8,0,3,1,0,10,1,4,0,1.0,1,5,4,10,5.0,2,2.4285714285714284,0,3,0.0,0,1.0,1.0,78,22,0.0,3,8,0,0,0,0,7,0,8,0,0,7,0,0,1,0,12,0.8,12,2.0,6,0,8,0,6,0,0,6,1,1,0,0,0,0,0,6,6,4,1420,1300,4,0,18,67,2.3333333333333335,10,0,340,26,241,15,20143
2025-07-11,argo,com.vrem.wifianalyzer.vendor,VendorAdapterTest,getViewWhenRootViewNotNull,4,6,0.0,7,1.0,0,3,1,0,17,3,4,0,1.0,1,5,4,24,1.67,2,3.1666666666666665,0,3,0.0,0,1.0,1.0,78,22,0.0,3,8,0,0,0,0,7,0,8,0,0,7,0,0,1,0,12,0.8,12,2.0,6,0,8,0,6,0,0,6,1,1,0,0,0,0,0,6,6,4,1420,1300,4,0,18,67,2.3333333333333335,10,0,340,26,241,15,20143
2025-07-11,argo,com.vrem.wifianalyzer.vendor,VendorFragmentTest,setUp,2,0,0.0,2,1.0,0,1,1,0,4,1,2,0,1.0,0,2,2,4,2.0,2,3.0,0,2,0.0,0,0.7,0.8,42,26,0.0,5,3,0,0,0,0,5,0,3,0,0,3,0,0,0,0,6,0.7,6,1.2,5,0,3,0,5,0,0,5,0,1,0,0,0,0,0,5,5,4,1420,1300,4,0,9,23,1.2,10,0,340,26,241,15,20143
2025-07-11,argo,com.vrem.wifianalyzer.vendor,VendorFragmentTest,tearDown,1,0,0.0,2,1.0,0,1,1,0,4,0,1,0,1.0,0,1,2,2,1.0,1,2.0,0,2,0.0,0,0.7,0.8,42,26,0.0,5,3,0,0,0,0,5,0,3,0,0,3,0,0,0,0,6,0.7,6,1.2,5,0,3,0,5,0,0,5,0,1,0,0,0,0,0,5,5,4,1420,1300,4,0,9,23,1.2,10,0,340,26,241,15,20143
2025-07-11,argo,com.vrem.wifianalyzer.vendor,VendorFragmentTest,listenerOnQueryTextChange,1,5,0.0,4,1.0,0,1,1,0,9,0,1,0,1.0,0,0,2,5,0.25,1,2.0,0,2,0.0,0,0.7,0.8,42,26,0.0,5,3,0,0,0,0,5,0,3,0,0,3,0,0,0,0,6,0.7,6,1.2,5,0,3,0,5,0,0,5,0,1,0,0,0,0,0,5,5,4,1420,1300,4,0,9,23,1.2,10,0,340,26,241,15,20143
2025-07-11,argo,com.vrem.wifianalyzer.vendor,VendorFragmentTest,listenerOnQueryTextChangeWithNull,1,3,0.0,4,1.0,0,1,1,0,7,0,1,0,1.0,0,0,2,7,0.5,1,2.5,0,2,0.0,0,0.7,0.8,42,26,0.0,5,3,0,0,0,0,5,0,3,0,0,3,0,0,0,0,6,0.7,6,1.2,5,0,3,0,5,0,0,5,0,1,0,0,0,0,0,5,5,4,1420,1300,4,0,9,23,1.2,10,0,340,26,241,15,20143
2025-07-11,argo,com.vrem.wifianalyzer.vendor,VendorFragmentTest,listenerOnQueryTextSubmit,1,3,0.0,3,1.0,0,1,1,0,6,0,1,0,1.0,0,0,1,5,0.5,1,2.3333333333333335,0,1,0.0,0,0.7,0.8,42,26,0.0,5,3,0,0,0,0,5,0,3,0,0,3,0,0,0,0,6,0.7,6,1.2,5,0,3,0,5,0,0,5,0,1,0,0,0,0,0,5,5,4,1420,1300,4,0,9,23,1.2,10,0,340,26,241,15,20143
2025-07-11,argo,com.vrem.wifianalyzer.vendor.model,VendorServiceTest,findVendorNameUsingLowerCase,1,1,0.0,2,1.0,0,0,1,0,4,0,1,0,1.0,0,3,1,3,3.0,1,2.5,0,1,0.0,0,1.0,1.0,114,66,0.5384615384615384,13,17,0,0,0,0,1,0,17,0,0,17,0,0,0,0,13,0.0,13,1.0,13,0,17,0,13,0,0,13,0,1,0,0,0,0,0,13,13,4,1420,1300,3,0,13,44,1.0,24,0,323,26,241,22,20143
2025-07-11,argo,com.vrem.wifianalyzer.vendor.model,VendorServiceTest,findVendorNameWithInvalidMac,1,1,0.0,2,1.0,0,0,1,0,4,0,1,0,1.0,0,2,1,2,3.0,1,2.0,0,1,0.0,0,1.0,1.0,114,66,0.5384615384615384,13,17,0,0,0,0,1,0,17,0,0,17,0,0,0,0,13,0.0,13,1.0,13,0,17,0,13,0,0,13,0,1,0,0,0,0,0,13,13,4,1420,1300,3,0,13,44,1.0,24,0,323,26,241,22,20143
2025-07-11,argo,com.vrem.wifianalyzer.vendor.model,VendorServiceTest,findVendorNameUsingDefault,1,1,0.0,2,1.0,0,0,1,0,4,0,1,0,1.0,0,1,1,2,1.0,1,2.0,0,1,0.0,0,1.0,1.0,114,66,0.5384615384615384,13,17,0,0,0,0,1,0,17,0,0,17,0,0,0,0,13,0.0,13,1.0,13,0,17,0,13,0,0,13,0,1,0,0,0,0,0,13,13,4,1420,1300,3,0,13,44,1.0,24,0,323,26,241,22,20143
2025-07-11,argo,com.vrem.wifianalyzer.vendor.model,VendorServiceTest,findMacAddresses,1,1,0.0,2,1.0,0,0,1,0,7,0,1,0,1.0,1,6,1,5,6.0,1,2.0,0,1,0.0,0,1.0,1.0,114,66,0.5384615384615384,13,17,0,0,0,0,1,0,17,0,0,17,0,0,0,0,13,0.0,13,1.0,13,0,17,0,13,0,0,13,0,1,0,0,0,0,0,13,13,4,1420,1300,3,0,13,44,1.0,24,0,323,26,241,22,20143
2025-07-11,argo,com.vrem.wifianalyzer.vendor.model,VendorServiceTest,findMacAddressesUsingLowerCase,1,1,1.0,2,1.0,0,0,1,0,7,0,1,0,1.0,1,6,1,6,6.0,1,2.2,0,1,0.0,0,1.0,1.0,114,66,0.5384615384615384,13,17,0,0,0,0,1,0,17,0,0,17,0,0,0,0,13,0.0,13,1.0,13,0,17,0,13,0,0,13,0,1,0,0,0,0,0,13,13,4,1420,1300,3,0,13,44,1.0,24,0,323,26,241,22,20143
2025-07-11,argo,com.vrem.wifianalyzer.vendor.model,VendorServiceTest,findMacAddressesWithInvalidName,1,1,1.0,1,1.0,0,0,1,0,4,0,1,0,1.0,1,2,1,2,3.0,1,2.0,0,1,0.0,0,1.0,1.0,114,66,0.5384615384615384,13,17,0,0,0,0,1,0,17,0,0,17,0,0,0,0,13,0.0,13,1.0,13,0,17,0,13,0,0,13,0,1,0,0,0,0,0,13,13,4,1420,1300,3,0,13,44,1.0,24,0,323,26,241,22,20143
2025-07-11,argo,com.vrem.wifianalyzer.vendor.model,VendorServiceTest,findMacAddressesWithDefault,1,1,1.0,1,1.0,0,0,1,0,4,0,1,0,1.0,1,1,1,2,1.0,1,2.0,0,1,0.0,0,1.0,1.0,114,66,0.5384615384615384,13,17,0,0,0,0,1,0,17,0,0,17,0,0,0,0,13,0.0,13,1.0,13,0,17,0,13,0,0,13,0,1,0,0,0,0,0,13,13,4,1420,1300,3,0,13,44,1.0,24,0,323,26,241,22,20143
2025-07-11,argo,com.vrem.wifianalyzer.vendor.model,VendorServiceTest,findVendors,1,1,0.0,1,1.0,0,0,1,0,4,0,1,0,1.0,1,2,1,2,2.0,1,2.0,0,1,0.0,0,1.0,1.0,114,66,0.5384615384615384,13,17,0,0,0,0,1,0,17,0,0,17,0,0,0,0,13,0.0,13,1.0,13,0,17,0,13,0,0,13,0,1,0,0,0,0,0,13,13,4,1420,1300,3,0,13,44,1.0,24,0,323,26,241,22,20143
2025-07-11,argo,com.vrem.wifianalyzer.vendor.model,VendorServiceTest,findVendorsWithVendorFilter,1,1,1.0,2,1.0,0,0,1,0,6,0,1,0,1.0,1,4,1,4,4.0,1,2.0,0,1,0.0,0,1.0,1.0,114,66,0.5384615384615384,13,17,0,0,0,0,1,0,17,0,0,17,0,0,0,0,13,0.0,13,1.0,13,0,17,0,13,0,0,13,0,1,0,0,0,0,0,13,13,4,1420,1300,3,0,13,44,1.0,24,0,323,26,241,22,20143
2025-07-11,argo,com.vrem.wifianalyzer.vendor.model,VendorServiceTest,findVendorsWithVendorFilterUsingLowerCase,1,1,1.0,2,1.0,0,0,1,0,6,0,1,0,1.0,1,4,1,5,4.0,1,2.25,0,1,0.0,0,1.0,1.0,114,66,0.5384615384615384,13,17,0,0,0,0,1,0,17,0,0,17,0,0,0,0,13,0.0,13,1.0,13,0,17,0,13,0,0,13,0,1,0,0,0,0,0,13,13,4,1420,1300,3,0,13,44,1.0,24,0,323,26,241,22,20143
2025-07-11,argo,com.vrem.wifianalyzer.vendor.model,VendorServiceTest,findVendorsWithMacFilter,1,1,1.0,2,1.0,0,0,1,0,6,0,1,0,1.0,1,4,1,4,4.0,1,2.0,0,1,0.0,0,1.0,1.0,114,66,0.5384615384615384,13,17,0,0,0,0,1,0,17,0,0,17,0,0,0,0,13,0.0,13,1.0,13,0,17,0,13,0,0,13,0,1,0,0,0,0,0,13,13,4,1420,1300,3,0,13,44,1.0,24,0,323,26,241,22,20143
2025-07-11,argo,com.vrem.wifianalyzer.vendor.model,VendorServiceTest,findVendorsWithMacFilterUsingLowerCase,1,1,1.0,2,1.0,0,0,1,0,6,0,1,0,1.0,1,4,1,5,4.0,1,2.25,0,1,0.0,0,1.0,1.0,114,66,0.5384615384615384,13,17,0,0,0,0,1,0,17,0,0,17,0,0,0,0,13,0.0,13,1.0,13,0,17,0,13,0,0,13,0,1,0,0,0,0,0,13,13,4,1420,1300,3,0,13,44,1.0,24,0,323,26,241,22,20143
2025-07-11,argo,com.vrem.wifianalyzer.vendor.model,VendorServiceTest,findMacs,1,1,0.0,1,1.0,0,0,1,0,4,0,1,0,1.0,1,2,1,2,2.0,1,2.0,0,1,0.0,0,1.0,1.0,114,66,0.5384615384615384,13,17,0,0,0,0,1,0,17,0,0,17,0,0,0,0,13,0.0,13,1.0,13,0,17,0,13,0,0,13,0,1,0,0,0,0,0,13,13,4,1420,1300,3,0,13,44,1.0,24,0,323,26,241,22,20143
2025-07-11,argo,com.vrem.wifianalyzer.vendor.model,VendorUtilsTest,clean,1,0,0.0,0,0.0,0,0,1,0,8,0,1,0,1.0,1,2,1,8,2.0,2,3.0,0,1,0.0,0,1.0,0.5,23,14,0.0,2,3,0,0,0,0,1,0,3,0,0,3,0,0,0,0,2,1.0,2,1.0,2,0,3,0,2,0,0,2,0,1,0,0,0,0,0,2,2,4,1420,1300,3,0,2,14,1.0,24,0,323,26,241,22,20143
2025-07-11,argo,com.vrem.wifianalyzer.vendor.model,VendorUtilsTest,toMacAddress,1,0,0.0,0,0.0,0,0,1,0,6,0,1,0,1.0,1,2,1,6,2.0,2,3.0,0,1,0.0,0,1.0,0.5,23,14,0.0,2,3,0,0,0,0,1,0,3,0,0,3,0,0,0,0,2,1.0,2,1.0,2,0,3,0,2,0,0,2,0,1,0,0,0,0,0,2,2,4,1420,1300,3,0,2,14,1.0,24,0,323,26,241,22,20143
2025-07-11,argo,com.vrem.wifianalyzer.wifi.accesspoint,AccessPointDetailTest,setUp,2,0,0.0,1,1.0,0,1,1,0,3,1,2,0,1.0,0,1,1,3,1.0,0,4.0,0,1,0.0,0,0.5852272727272727,0.8787878787878788,241,190,0.875,33,7,0,0,0,6,9,0,7,0,0,7,0,0,0,0,42,0.3617424242424242,42,1.2727272727272727,33,0,7,0,27,6,0,27,25,1,0,0,0,0,0,33,33,4,1420,1300,20,0,45,271,1.2727272727272727,141,0,2502,26,241,184,20143
2025-07-11,argo,com.vrem.wifianalyzer.wifi.accesspoint,AccessPointDetailTest,tearDown,1,0,0.0,1,1.0,0,1,1,0,3,0,1,0,0.0,0,0,1,1,0.0,1,2.0,0,1,0.0,0,0.5852272727272727,0.8787878787878788,241,190,0.875,33,7,0,0,0,6,9,0,7,0,0,7,0,0,0,0,42,0.3617424242424242,42,1.2727272727272727,33,0,7,0,27,6,0,27,25,1,0,0,0,0,0,33,33,4,1420,1300,20,0,45,271,1.2727272727272727,141,0,2502,26,241,184,20143
2025-07-11,argo,com.vrem.wifianalyzer.wifi.accesspoint,AccessPointDetailTest,makeViewShouldCreateNewView,1,2,1.0,2,1.0,0,1,1,0,5,0,1,1,1.0,1,1,1,3,0.5,1,2.0,0,1,0.0,0,0.5852272727272727,0.8787878787878788,241,190,0.875,33,7,0,0,0,6,9,0,7,0,0,7,0,0,0,0,42,0.3617424242424242,42,1.2727272727272727,33,0,7,0,27,6,0,27,25,1,0,0,0,0,0,33,33,4,1420,1300,20,0,45,271,1.2727272727272727,141,0,2502,26,241,184,20143
2025-07-11,argo,com.vrem.wifianalyzer.wifi.accesspoint,AccessPointDetailTest,makeViewShouldUseGivenView,1,3,1.0,3,1.0,0,1,1,0,6,0,1,1,1.0,1,2,1,7,0.67,1,3.0,0,1,0.0,0,0.5852272727272727,0.8787878787878788,241,190,0.875,33,7,0,0,0,6,9,0,7,0,0,7,0,0,0,0,42,0.3617424242424242,42,1.2727272727272727,33,0,7,0,27,6,0,27,25,1,0,0,0,0,0,33,33,4,1420,1300,20,0,45,271,1.2727272727272727,141,0,2502,26,241,184,20143
2025-07-11,argo,com.vrem.wifianalyzer.wifi.accesspoint,AccessPointDetailTest,makeViewCompleteWithTabGone,1,2,1.0,2,1.0,0,1,1,0,5,0,1,1,1.0,1,1,1,8,0.5,1,4.5,0,1,0.0,0,0.5852272727272727,0.8787878787878788,241,190,0.875,33,7,0,0,0,6,9,0,7,0,0,7,0,0,0,0,42,0.3617424242424242,42,1.2727272727272727,33,0,7,0,27,6,0,27,25,1,0,0,0,0,0,33,33,4,1420,1300,20,0,45,271,1.2727272727272727,141,0,2502,26,241,184,20143
2025-07-11,argo,com.vrem.wifianalyzer.wifi.accesspoint,AccessPointDetailTest,makeViewCompleteWithGroupIndicatorGone,1,2,1.0,2,1.0,0,1,1,0,5,0,1,1,1.0,1,1,1,8,0.5,1,4.5,0,1,0.0,0,0.5852272727272727,0.8787878787878788,241,190,0.875,33,7,0,0,0,6,9,0,7,0,0,7,0,0,0,0,42,0.3617424242424242,42,1.2727272727272727,33,0,7,0,27,6,0,27,25,1,0,0,0,0,0,33,33,4,1420,1300,20,0,45,271,1.2727272727272727,141,0,2502,26,241,184,20143
2025-07-11,argo,com.vrem.wifianalyzer.wifi.accesspoint,AccessPointDetailTest,makeViewCompleteWithVendorShortNotVisible,1,2,1.0,2,1.0,0,1,1,0,6,0,1,1,1.0,1,1,1,10,0.5,1,4.666666666666667,0,1,0.0,0,0.5852272727272727,0.8787878787878788,241,190,0.875,33,7,0,0,0,6,9,0,7,0,0,7,0,0,0,0,42,0.3617424242424242,42,1.2727272727272727,33,0,7,0,27,6,0,27,25,1,0,0,0,0,0,33,33,4,1420,1300,20,0,45,271,1.2727272727272727,141,0,2502,26,241,184,20143
2025-07-11,argo,com.vrem.wifianalyzer.wifi.accesspoint,AccessPointDetailTest,makeViewCompleteWithVendorShortVisible,1,2,2.0,4,1.0,0,1,1,0,7,0,1,2,1.0,2,2,2,11,1.0,1,3.8,0,2,0.0,0,0.5852272727272727,0.8787878787878788,241,190,0.875,33,7,0,0,0,6,9,0,7,0,0,7,0,0,0,0,42,0.3617424242424242,42,1.2727272727272727,33,0,7,0,27,6,0,27,25,1,0,0,0,0,0,33,33,4,1420,1300,20,0,45,271,1.2727272727272727,141,0,2502,26,241,184,20143
2025-07-11,argo,com.vrem.wifianalyzer.wifi.accesspoint,AccessPointDetailTest,makeViewCompleteWithTabVisible,1,2,1.0,3,1.0,0,1,1,0,5,0,1,1,1.0,1,1,1,8,0.5,1,3.6666666666666665,0,1,0.0,0,0.5852272727272727,0.8787878787878788,241,190,0.875,33,7,0,0,0,6,9,0,7,0,0,7,0,0,0,0,42,0.3617424242424242,42,1.2727272727272727,33,0,7,0,27,6,0,27,25,1,0,0,0,0,0,33,33,4,1420,1300,20,0,45,271,1.2727272727272727,141,0,2502,26,241,184,20143
2025-07-11,argo,com.vrem.wifianalyzer.wifi.accesspoint,AccessPointDetailTest,makeViewCompleteWithWiFiDetailAndEmptySSID,1,2,2.0,2,1.0,0,1,1,0,5,0,1,3,1.0,2,1,1,2,0.5,1,2.0,0,1,0.0,0,0.5852272727272727,0.8787878787878788,241,190,0.875,33,7,0,0,0,6,9,0,7,0,0,7,0,0,0,0,42,0.3617424242424242,42,1.2727272727272727,33,0,7,0,27,6,0,27,25,1,0,0,0,0,0,33,33,4,1420,1300,20,0,45,271,1.2727272727272727,141,0,2502,26,241,184,20143
2025-07-11,argo,com.vrem.wifianalyzer.wifi.accesspoint,AccessPointDetailTest,makeViewCompleteWithWiFiDetail,1,2,2.0,1,1.0,0,1,1,0,5,0,1,3,1.0,2,1,1,2,0.5,1,2.0,0,1,0.0,0,0.5852272727272727,0.8787878787878788,241,190,0.875,33,7,0,0,0,6,9,0,7,0,0,7,0,0,0,0,42,0.3617424242424242,42,1.2727272727272727,33,0,7,0,27,6,0,27,25,1,0,0,0,0,0,33,33,4,1420,1300,20,0,45,271,1.2727272727272727,141,0,2502,26,241,184,20143
2025-07-11,argo,com.vrem.wifianalyzer.wifi.accesspoint,AccessPointDetailTest,makeViewCompleteWithTextNotSelectable,1,2,1.0,2,1.0,0,1,1,0,5,0,1,1,1.0,1,1,1,7,0.5,1,4.0,0,1,0.0,0,0.5852272727272727,0.8787878787878788,241,190,0.875,33,7,0,0,0,6,9,0,7,0,0,7,0,0,0,0,42,0.3617424242424242,42,1.2727272727272727,33,0,7,0,27,6,0,27,25,1,0,0,0,0,0,33,33,4,1420,1300,20,0,45,271,1.2727272727272727,141,0,2502,26,241,184,20143
2025-07-11,argo,com.vrem.wifianalyzer.wifi.accesspoint,AccessPointDetailTest,makeViewCompactWithTabGone,2,2,1.0,3,1.0,0,1,1,0,6,1,2,1,1.0,1,2,2,11,1.0,1,4.333333333333333,0,2,0.0,0,0.5852272727272727,0.8787878787878788,241,190,0.875,33,7,0,0,0,6,9,0,7,0,0,7,0,0,0,0,42,0.3617424242424242,42,1.2727272727272727,33,0,7,0,27,6,0,27,25,1,0,0,0,0,0,33,33,4,1420,1300,20,0,45,271,1.2727272727272727,141,0,2502,26,241,184,20143
2025-07-11,argo,com.vrem.wifianalyzer.wifi.accesspoint,AccessPointDetailTest,makeViewCompactWithGroupIndicatorGone,2,2,1.0,3,1.0,0,1,1,0,6,1,2,1,1.0,1,2,2,11,1.0,1,4.333333333333333,0,2,0.0,0,0.5852272727272727,0.8787878787878788,241,190,0.875,33,7,0,0,0,6,9,0,7,0,0,7,0,0,0,0,42,0.3617424242424242,42,1.2727272727272727,33,0,7,0,27,6,0,27,25,1,0,0,0,0,0,33,33,4,1420,1300,20,0,45,271,1.2727272727272727,141,0,2502,26,241,184,20143
2025-07-11,argo,com.vrem.wifianalyzer.wifi.accesspoint,AccessPointDetailTest,makeViewCompactWithTabVisible,2,2,1.0,4,1.0,0,1,1,0,6,1,2,1,1.0,1,2,2,11,1.0,1,3.75,0,2,0.0,0,0.5852272727272727,0.8787878787878788,241,190,0.875,33,7,0,0,0,6,9,0,7,0,0,7,0,0,0,0,42,0.3617424242424242,42,1.2727272727272727,33,0,7,0,27,6,0,27,25,1,0,0,0,0,0,33,33,4,1420,1300,20,0,45,271,1.2727272727272727,141,0,2502,26,241,184,20143
2025-07-11,argo,com.vrem.wifianalyzer.wifi.accesspoint,AccessPointDetailTest,makeViewCompactWithWiFiDetailAndEmptySSID,2,2,2.0,3,1.0,0,1,1,0,6,1,2,3,1.0,2,2,2,5,1.0,1,2.6666666666666665,0,2,0.0,0,0.5852272727272727,0.8787878787878788,241,190,0.875,33,7,0,0,0,6,9,0,7,0,0,7,0,0,0,0,42,0.3617424242424242,42,1.2727272727272727,33,0,7,0,27,6,0,27,25,1,0,0,0,0,0,33,33,4,1420,1300,20,0,45,271,1.2727272727272727,141,0,2502,26,241,184,20143
2025-07-11,argo,com.vrem.wifianalyzer.wifi.accesspoint,AccessPointDetailTest,makeViewCompactWithWiFiDetail,2,2,2.0,2,1.0,0,1,1,0,6,1,2,3,1.0,2,2,2,5,1.0,1,3.0,0,2,0.0,0,0.5852272727272727,0.8787878787878788,241,190,0.875,33,7,0,0,0,6,9,0,7,0,0,7,0,0,0,0,42,0.3617424242424242,42,1.2727272727272727,33,0,7,0,27,6,0,27,25,1,0,0,0,0,0,33,33,4,1420,1300,20,0,45,271,1.2727272727272727,141,0,2502,26,241,184,20143
2025-07-11,argo,com.vrem.wifianalyzer.wifi.accesspoint,AccessPointDetailTest,makeViewCompactWithAttachPopup,2,2,1.0,3,1.0,0,1,1,0,6,1,2,1,1.0,1,2,2,9,1.0,1,3.6666666666666665,0,2,0.0,0,0.5852272727272727,0.8787878787878788,241,190,0.875,33,7,0,0,0,6,9,0,7,0,0,7,0,0,0,0,42,0.3617424242424242,42,1.2727272727272727,33,0,7,0,27,6,0,27,25,1,0,0,0,0,0,33,33,4,1420,1300,20,0,45,271,1.2727272727272727,141,0,2502,26,241,184,20143
2025-07-11,argo,com.vrem.wifianalyzer.wifi.accesspoint,AccessPointDetailTest,makeViewCompactDoesNotHaveFullDetails,2,2,1.0,3,1.0,0,1,1,0,11,1,2,1,1.0,1,2,2,19,1.0,1,4.5,0,2,0.0,0,0.5852272727272727,0.8787878787878788,241,190,0.875,33,7,0,0,0,6,9,0,7,0,0,7,0,0,0,0,42,0.3617424242424242,42,1.2727272727272727,33,0,7,0,27,6,0,27,25,1,0,0,0,0,0,33,33,4,1420,1300,20,0,45,271,1.2727272727272727,141,0,2502,26,241,184,20143
2025-07-11,argo,com.vrem.wifianalyzer.wifi.accesspoint,AccessPointDetailTest,makeViewCompactWithTextNotSelectable,2,2,1.0,3,1.0,0,1,1,0,6,1,2,1,1.0,1,2,2,10,1.0,1,4.0,0,2,0.0,0,0.5852272727272727,0.8787878787878788,241,190,0.875,33,7,0,0,0,6,9,0,7,0,0,7,0,0,0,0,42,0.3617424242424242,42,1.2727272727272727,33,0,7,0,27,6,0,27,25,1,0,0,0,0,0,33,33,4,1420,1300,20,0,45,271,1.2727272727272727,141,0,2502,26,241,184,20143
2025-07-11,argo,com.vrem.wifianalyzer.wifi.accesspoint,AccessPointDetailTest,makeViewPopupWithWiFiDetail,1,2,2.0,1,1.0,0,1,1,0,5,0,1,3,1.0,2,1,1,2,0.5,1,2.0,0,1,0.0,0,0.5852272727272727,0.8787878787878788,241,190,0.875,33,7,0,0,0,6,9,0,7,0,0,7,0,0,0,0,42,0.3617424242424242,42,1.2727272727272727,33,0,7,0,27,6,0,27,25,1,0,0,0,0,0,33,33,4,1420,1300,20,0,45,271,1.2727272727272727,141,0,2502,26,241,184,20143
2025-07-11,argo,com.vrem.wifianalyzer.wifi.accesspoint,AccessPointDetailTest,makeViewDetailedWithVendorNotVisible,1,2,1.0,2,1.0,0,1,1,0,6,0,1,1,1.0,1,1,1,10,0.5,1,5.333333333333333,0,1,0.0,0,0.5852272727272727,0.8787878787878788,241,190,0.875,33,7,0,0,0,6,9,0,7,0,0,7,0,0,0,0,42,0.3617424242424242,42,1.2727272727272727,33,0,7,0,27,6,0,27,25,1,0,0,0,0,0,33,33,4,1420,1300,20,0,45,271,1.2727272727272727,141,0,2502,26,241,184,20143
2025-07-11,argo,com.vrem.wifianalyzer.wifi.accesspoint,AccessPointDetailTest,makeViewDetailedWithVendorVisible,1,2,2.0,4,1.0,0,1,1,0,7,0,1,2,1.0,2,2,2,12,1.0,1,4.2,0,2,0.0,0,0.5852272727272727,0.8787878787878788,241,190,0.875,33,7,0,0,0,6,9,0,7,0,0,7,0,0,0,0,42,0.3617424242424242,42,1.2727272727272727,33,0,7,0,27,6,0,27,25,1,0,0,0,0,0,33,33,4,1420,1300,20,0,45,271,1.2727272727272727,141,0,2502,26,241,184,20143
2025-07-11,argo,com.vrem.wifianalyzer.wifi.accesspoint,AccessPointDetailTest,makeViewDetailedWithTextSelectable,1,2,1.0,2,1.0,0,1,1,0,6,0,1,1,1.0,1,1,1,9,0.5,1,4.666666666666667,0,1,0.0,0,0.5852272727272727,0.8787878787878788,241,190,0.875,33,7,0,0,0,6,9,0,7,0,0,7,0,0,0,0,42,0.3617424242424242,42,1.2727272727272727,33,0,7,0,27,6,0,27,25,1,0,0,0,0,0,33,33,4,1420,1300,20,0,45,271,1.2727272727272727,141,0,2502,26,241,184,20143
2025-07-11,argo,com.vrem.wifianalyzer.wifi.accesspoint,AccessPointDetailTest,makeViewDetailedWith80211mcNotVisible,1,2,1.0,2,1.0,0,1,1,0,5,0,1,1,1.0,1,1,1,8,0.5,1,4.5,0,1,0.0,0,0.5852272727272727,0.8787878787878788,241,190,0.875,33,7,0,0,0,6,9,0,7,0,0,7,0,0,0,0,42,0.3617424242424242,42,1.2727272727272727,33,0,7,0,27,6,0,27,25,1,0,0,0,0,0,33,33,4,1420,1300,20,0,45,271,1.2727272727272727,141,0,2502,26,241,184,20143
2025-07-11,argo,com.vrem.wifianalyzer.wifi.accesspoint,AccessPointDetailTest,makeViewDetailedWith80211mcVisible,1,2,1.0,2,1.0,0,1,1,0,5,0,1,1,1.0,1,1,1,8,0.5,1,4.5,0,1,0.0,0,0.5852272727272727,0.8787878787878788,241,190,0.875,33,7,0,0,0,6,9,0,7,0,0,7,0,0,0,0,42,0.3617424242424242,42,1.2727272727272727,33,0,7,0,27,6,0,27,25,1,0,0,0,0,0,33,33,4,1420,1300,20,0,45,271,1.2727272727272727,141,0,2502,26,241,184,20143
2025-07-11,argo,com.vrem.wifianalyzer.wifi.accesspoint,AccessPointDetailTest,makeViewDetailedWithFastRoaming,1,3,2.0,2,1.0,0,1,1,0,6,0,1,2,1.0,2,1,1,4,0.33,1,2.2,0,1,0.0,0,0.5852272727272727,0.8787878787878788,241,190,0.875,33,7,0,0,0,6,9,0,7,0,0,7,0,0,0,0,42,0.3617424242424242,42,1.2727272727272727,33,0,7,0,27,6,0,27,25,1,0,0,0,0,0,33,33,4,1420,1300,20,0,45,271,1.2727272727272727,141,0,2502,26,241,184,20143
2025-07-11,argo,com.vrem.wifianalyzer.wifi.accesspoint,AccessPointDetailTest,withWiFiDetail,1,0,0.0,1,1.0,0,1,1,0,1,0,1,0,0.0,0,0,0,5,0.0,0,2.25,3,0,0.0,0,0.5852272727272727,0.8787878787878788,241,190,0.875,33,7,0,0,0,6,9,0,7,0,0,7,0,0,0,0,42,0.3617424242424242,42,1.2727272727272727,33,0,7,0,27,6,0,27,25,1,0,0,0,0,0,33,33,4,1420,1300,20,0,45,271,1.2727272727272727,141,0,2502,26,241,184,20143
2025-07-11,argo,com.vrem.wifianalyzer.wifi.accesspoint,AccessPointDetailTest,validateTextViewValuesCompleteView,1,2,3.0,5,1.0,0,1,1,0,11,0,1,8,0.15384615384615385,3,2,3,21,0.5,0,3.25,2,3,0.0,0,0.5852272727272727,0.8787878787878788,241,190,0.875,33,7,0,0,0,6,9,0,7,0,0,7,0,0,0,0,42,0.3617424242424242,42,1.2727272727272727,33,0,7,0,27,6,0,27,25,1,0,0,0,0,0,33,33,4,1420,1300,20,0,45,271,1.2727272727272727,141,0,2502,26,241,184,20143
2025-07-11,argo,com.vrem.wifianalyzer.wifi.accesspoint,AccessPointDetailTest,validateTextViewValuesPopupView,1,2,2.0,5,0.8889,0,1,1,0,14,0,1,9,0.14285714285714285,2,2,2,21,0.5,0,3.3333333333333335,2,2,0.0,0,0.5852272727272727,0.8787878787878788,241,190,0.875,33,7,0,0,0,6,9,0,7,0,0,7,0,0,0,0,42,0.3617424242424242,42,1.2727272727272727,33,0,7,0,27,6,0,27,25,1,0,0,0,0,0,33,33,4,1420,1300,20,0,45,271,1.2727272727272727,141,0,2502,26,241,184,20143
2025-07-11,argo,com.vrem.wifianalyzer.wifi.accesspoint,AccessPointDetailTest,validateTextViewValuesCompactView,1,1,1.0,5,0.6,0,1,1,0,8,0,1,5,0.0,1,0,1,13,0.0,0,2.6363636363636362,2,1,0.0,0,0.5852272727272727,0.8787878787878788,241,190,0.875,33,7,0,0,0,6,9,0,7,0,0,7,0,0,0,0,42,0.3617424242424242,42,1.2727272727272727,33,0,7,0,27,6,0,27,25,1,0,0,0,0,0,33,33,4,1420,1300,20,0,45,271,1.2727272727272727,141,0,2502,26,241,184,20143
2025-07-11,argo,com.vrem.wifianalyzer.wifi.accesspoint,AccessPointDetailTest,validateTextViewValue,1,0,0.0,1,1.0,0,1,1,0,3,0,1,0,0.0,0,0,1,4,0.0,0,5.0,3,1,0.0,0,0.5852272727272727,0.8787878787878788,241,190,0.875,33,7,0,0,0,6,9,0,7,0,0,7,0,0,0,0,42,0.3617424242424242,42,1.2727272727272727,33,0,7,0,27,6,0,27,25,1,0,0,0,0,0,33,33,4,1420,1300,20,0,45,271,1.2727272727272727,141,0,2502,26,241,184,20143
2025-07-11,argo,com.vrem.wifianalyzer.wifi.accesspoint,AccessPointDetailTest,validateImageViewValue,1,0,0.0,1,1.0,0,1,1,0,3,0,1,0,0.0,0,0,1,3,0.0,0,4.0,3,1,0.0,0,0.5852272727272727,0.8787878787878788,241,190,0.875,33,7,0,0,0,6,9,0,7,0,0,7,0,0,0,0,42,0.3617424242424242,42,1.2727272727272727,33,0,7,0,27,6,0,27,25,1,0,0,0,0,0,33,33,4,1420,1300,20,0,45,271,1.2727272727272727,141,0,2502,26,241,184,20143
2025-07-11,argo,com.vrem.wifianalyzer.wifi.accesspoint,AccessPointPopupTest,showOpensPopup,1,2,0.0,4,1.0,0,0,1,0,6,0,1,0,1.0,0,2,1,8,1.0,1,3.0,0,1,0.0,0,0.7142857142857143,1.0,51,39,0.14285714285714285,7,2,0,0,0,1,4,0,2,0,0,2,0,0,0,0,7,0.2857142857142857,7,1.0,7,0,2,0,6,1,0,6,0,1,0,0,0,0,0,7,7,4,1420,1300,20,0,8,59,1.0,141,0,2502,26,241,184,20143
2025-07-11,argo,com.vrem.wifianalyzer.wifi.accesspoint,AccessPointPopupTest,popupIsClosedOnPositiveButtonClick,1,3,0.0,6,1.0,0,0,1,0,8,0,1,0,1.0,0,2,3,12,0.67,1,3.0,0,3,0.0,0,0.7142857142857143,1.0,51,39,0.14285714285714285,7,2,0,0,0,1,4,0,2,0,0,2,0,0,0,0,7,0.2857142857142857,7,1.0,7,0,2,0,6,1,0,6,0,1,0,0,0,0,0,7,7,4,1420,1300,20,0,8,59,1.0,141,0,2502,26,241,184,20143
2025-07-11,argo,com.vrem.wifianalyzer.wifi.accesspoint,AccessPointPopupTest,popupPositiveButtonIsNotVisible,1,3,0.0,4,1.0,0,0,1,0,6,0,1,0,1.0,0,2,1,10,0.67,1,3.5,0,1,0.0,0,0.7142857142857143,1.0,51,39,0.14285714285714285,7,2,0,0,0,1,4,0,2,0,0,2,0,0,0,0,7,0.2857142857142857,7,1.0,7,0,2,0,6,1,0,6,0,1,0,0,0,0,0,7,7,4,1420,1300,20,0,8,59,1.0,141,0,2502,26,241,184,20143
2025-07-11,argo,com.vrem.wifianalyzer.wifi.accesspoint,AccessPointPopupTest,popupNegativeButtonIsNotVisible,1,3,0.0,4,1.0,0,0,1,0,6,0,1,0,1.0,0,2,1,10,0.67,1,3.5,0,1,0.0,0,0.7142857142857143,1.0,51,39,0.14285714285714285,7,2,0,0,0,1,4,0,2,0,0,2,0,0,0,0,7,0.2857142857142857,7,1.0,7,0,2,0,6,1,0,6,0,1,0,0,0,0,0,7,7,4,1420,1300,20,0,8,59,1.0,141,0,2502,26,241,184,20143
2025-07-11,argo,com.vrem.wifianalyzer.wifi.accesspoint,AccessPointPopupTest,popupNeutralButtonIsNotVisible,1,3,0.0,4,1.0,0,0,1,0,6,0,1,0,1.0,0,2,1,10,0.67,1,3.5,0,1,0.0,0,0.7142857142857143,1.0,51,39,0.14285714285714285,7,2,0,0,0,1,4,0,2,0,0,2,0,0,0,0,7,0.2857142857142857,7,1.0,7,0,2,0,6,1,0,6,0,1,0,0,0,0,0,7,7,4,1420,1300,20,0,8,59,1.0,141,0,2502,26,241,184,20143
2025-07-11,argo,com.vrem.wifianalyzer.wifi.accesspoint,AccessPointPopupTest,attach,1,2,1.0,2,1.0,0,0,1,0,6,0,1,1,1.0,2,2,1,8,1.0,1,3.3333333333333335,0,1,0.0,0,0.7142857142857143,1.0,51,39,0.14285714285714285,7,2,0,0,0,1,4,0,2,0,0,2,0,0,0,0,7,0.2857142857142857,7,1.0,7,0,2,0,6,1,0,6,0,1,0,0,0,0,0,7,7,4,1420,1300,20,0,8,59,1.0,141,0,2502,26,241,184,20143
2025-07-11,argo,com.vrem.wifianalyzer.wifi.accesspoint,AccessPointPopupTest,withWiFiDetail,1,0,0.0,1,1.0,0,0,1,0,1,0,1,0,0.0,0,0,0,1,0.0,0,2.0,0,0,0.0,0,0.7142857142857143,1.0,51,39,0.14285714285714285,7,2,0,0,0,1,4,0,2,0,0,2,0,0,0,0,7,0.2857142857142857,7,1.0,7,0,2,0,6,1,0,6,0,1,0,0,0,0,0,7,7,4,1420,1300,20,0,8,59,1.0,141,0,2502,26,241,184,20143
2025-07-11,argo,com.vrem.wifianalyzer.wifi.accesspoint,AccessPointsAdapterDataTest,tearDown,1,0,0.0,1,1.0,0,0,1,0,7,0,1,0,1.0,0,4,2,2,4.0,1,2.0,0,2,0.0,0,0.3055555555555556,0.8888888888888888,83,61,0.2222222222222222,9,6,0,0,0,2,8,0,6,0,0,6,0,0,0,0,15,0.9444444444444444,15,1.6666666666666667,9,0,6,0,5,4,0,5,0,1,0,0,0,0,0,9,9,4,1420,1300,20,0,13,69,1.6666666666666667,141,0,2502,26,241,184,20143
2025-07-11,argo,com.vrem.wifianalyzer.wifi.accesspoint,AccessPointsAdapterDataTest,beforeUpdate,1,0,0.0,4,0.25,0,0,1,0,8,0,1,0,1.0,0,1,1,11,1.0,2,3.0,0,1,0.0,0,0.3055555555555556,0.8888888888888888,83,61,0.2222222222222222,9,6,0,0,0,2,8,0,6,0,0,6,0,0,0,0,15,0.9444444444444444,15,1.6666666666666667,9,0,6,0,5,4,0,5,0,1,0,0,0,0,0,9,9,4,1420,1300,20,0,13,69,1.6666666666666667,141,0,2502,26,241,184,20143
2025-07-11,argo,com.vrem.wifianalyzer.wifi.accesspoint,AccessPointsAdapterDataTest,afterUpdateWithGroupByChannel,2,1,3.0,6,0.625,0,0,1,0,17,1,2,4,1.0,3,4,5,28,4.0,2,2.8947368421052633,0,5,0.0,0,0.3055555555555556,0.8888888888888888,83,61,0.2222222222222222,9,6,0,0,0,2,8,0,6,0,0,6,0,0,0,0,15,0.9444444444444444,15,1.6666666666666667,9,0,6,0,5,4,0,5,0,1,0,0,0,0,0,9,9,4,1420,1300,20,0,13,69,1.6666666666666667,141,0,2502,26,241,184,20143
2025-07-11,argo,com.vrem.wifianalyzer.wifi.accesspoint,AccessPointsAdapterDataTest,onGroupCollapsed,1,2,0.0,0,0.0,0,0,1,0,6,0,1,0,1.0,1,2,1,2,2.0,1,2.0,0,1,0.0,0,0.3055555555555556,0.8888888888888888,83,61,0.2222222222222222,9,6,0,0,0,2,8,0,6,0,0,6,0,0,0,0,15,0.9444444444444444,15,1.6666666666666667,9,0,6,0,5,4,0,5,0,1,0,0,0,0,0,9,9,4,1420,1300,20,0,13,69,1.6666666666666667,141,0,2502,26,241,184,20143
2025-07-11,argo,com.vrem.wifianalyzer.wifi.accesspoint,AccessPointsAdapterDataTest,onGroupExpanded,1,2,0.0,0,0.0,0,0,1,0,6,0,1,0,1.0,1,2,1,2,2.0,1,2.0,0,1,0.0,0,0.3055555555555556,0.8888888888888888,83,61,0.2222222222222222,9,6,0,0,0,2,8,0,6,0,0,6,0,0,0,0,15,0.9444444444444444,15,1.6666666666666667,9,0,6,0,5,4,0,5,0,1,0,0,0,0,0,9,9,4,1420,1300,20,0,13,69,1.6666666666666667,141,0,2502,26,241,184,20143
2025-07-11,argo,com.vrem.wifianalyzer.wifi.accesspoint,AccessPointsAdapterDataTest,withWiFiDetail,1,0,0.0,1,1.0,0,0,1,0,1,0,1,0,0.0,0,0,0,1,0.0,1,2.0,0,0,0.0,0,0.3055555555555556,0.8888888888888888,83,61,0.2222222222222222,9,6,0,0,0,2,8,0,6,0,0,6,0,0,0,0,15,0.9444444444444444,15,1.6666666666666667,9,0,6,0,5,4,0,5,0,1,0,0,0,0,0,9,9,4,1420,1300,20,0,13,69,1.6666666666666667,141,0,2502,26,241,184,20143
2025-07-11,argo,com.vrem.wifianalyzer.wifi.accesspoint,AccessPointsAdapterDataTest,withWiFiDetails,1,0,1.0,0,0.0,0,0,1,0,1,0,1,0,0.0,1,0,0,1,0.0,0,0.0,0,0,0.0,0,0.3055555555555556,0.8888888888888888,83,61,0.2222222222222222,9,6,0,0,0,2,8,0,6,0,0,6,0,0,0,0,15,0.9444444444444444,15,1.6666666666666667,9,0,6,0,5,4,0,5,0,1,0,0,0,0,0,9,9,4,1420,1300,20,0,13,69,1.6666666666666667,141,0,2502,26,241,184,20143
2025-07-11,argo,com.vrem.wifianalyzer.wifi.accesspoint,AccessPointsAdapterDataTest,verifySettings,1,0,0.0,6,0.3333,0,0,1,0,8,0,1,0,1.0,0,2,2,6,2.0,1,2.0,0,1,0.0,0,0.3055555555555556,0.8888888888888888,83,61,0.2222222222222222,9,6,0,0,0,2,8,0,6,0,0,6,0,0,0,0,15,0.9444444444444444,15,1.6666666666666667,9,0,6,0,5,4,0,5,0,1,0,0,0,0,0,9,9,4,1420,1300,20,0,13,69,1.6666666666666667,141,0,2502,26,241,184,20143
2025-07-11,argo,com.vrem.wifianalyzer.wifi.accesspoint,AccessPointsAdapterDataTest,withSettings,6,0,0.0,5,0.2,0,0,1,0,7,5,6,0,1.0,0,1,1,16,1.0,0,4.6,0,1,0.0,0,0.3055555555555556,0.8888888888888888,83,61,0.2222222222222222,9,6,0,0,0,2,8,0,6,0,0,6,0,0,0,0,15,0.9444444444444444,15,1.6666666666666667,9,0,6,0,5,4,0,5,0,1,0,0,0,0,0,9,9,4,1420,1300,20,0,13,69,1.6666666666666667,141,0,2502,26,241,184,20143
2025-07-11,argo,com.vrem.wifianalyzer.wifi.accesspoint,AccessPointsAdapterGroupTest,tearDown,1,0,0.0,1,1.0,0,0,1,0,5,0,1,0,1.0,0,2,2,2,2.0,1,2.0,0,2,0.0,0,0.4888888888888889,0.8,78,59,0.6,10,4,0,0,0,2,6,0,4,0,0,4,0,0,0,0,18,0.6444444444444444,18,1.8,10,0,4,0,8,2,0,8,0,1,0,0,0,0,0,10,10,4,1420,1300,20,0,18,73,1.8,141,0,2502,26,241,184,20143
2025-07-11,argo,com.vrem.wifianalyzer.wifi.accesspoint,AccessPointsAdapterGroupTest,beforeUpdate,1,0,0.0,2,0.5,0,0,1,0,4,0,1,0,1.0,0,1,1,5,1.0,0,3.5,0,1,0.0,0,0.4888888888888889,0.8,78,59,0.6,10,4,0,0,0,2,6,0,4,0,0,4,0,0,0,0,18,0.6444444444444444,18,1.8,10,0,4,0,8,2,0,8,0,1,0,0,0,0,0,10,10,4,1420,1300,20,0,18,73,1.8,141,0,2502,26,241,184,20143
2025-07-11,argo,com.vrem.wifianalyzer.wifi.accesspoint,AccessPointsAdapterGroupTest,afterUpdateWithGroupByChannel,4,1,1.0,8,1.0,0,0,1,0,12,3,4,2,1.0,1,4,3,17,4.0,1,2.7777777777777777,0,3,0.0,0,0.4888888888888889,0.8,78,59,0.6,10,4,0,0,0,2,6,0,4,0,0,4,0,0,0,0,18,0.6444444444444444,18,1.8,10,0,4,0,8,2,0,8,0,1,0,0,0,0,0,10,10,4,1420,1300,20,0,18,73,1.8,141,0,2502,26,241,184,20143
2025-07-11,argo,com.vrem.wifianalyzer.wifi.accesspoint,AccessPointsAdapterGroupTest,updateGroupBy,2,0,0.0,2,1.0,0,0,1,0,6,1,2,0,1.0,1,2,3,8,2.0,1,3.0,0,3,0.0,0,0.4888888888888889,0.8,78,59,0.6,10,4,0,0,0,2,6,0,4,0,0,4,0,0,0,0,18,0.6444444444444444,18,1.8,10,0,4,0,8,2,0,8,0,1,0,0,0,0,0,10,10,4,1420,1300,20,0,18,73,1.8,141,0,2502,26,241,184,20143
2025-07-11,argo,com.vrem.wifianalyzer.wifi.accesspoint,AccessPointsAdapterGroupTest,updateGroupByWillClearExpandedWhenGroupByIsChanged,2,0,1.0,4,0.8,0,0,1,0,8,1,2,0,1.0,1,2,3,12,2.0,1,3.0,0,3,0.0,0,0.4888888888888889,0.8,78,59,0.6,10,4,0,0,0,2,6,0,4,0,0,4,0,0,0,0,18,0.6444444444444444,18,1.8,10,0,4,0,8,2,0,8,0,1,0,0,0,0,0,10,10,4,1420,1300,20,0,18,73,1.8,141,0,2502,26,241,184,20143
2025-07-11,argo,com.vrem.wifianalyzer.wifi.accesspoint,AccessPointsAdapterGroupTest,updateGroupByWillNotClearExpandedWhenGroupByIsSame,2,0,1.0,3,1.0,0,0,1,0,7,1,2,0,1.0,1,2,2,8,2.0,1,2.8,0,2,0.0,0,0.4888888888888889,0.8,78,59,0.6,10,4,0,0,0,2,6,0,4,0,0,4,0,0,0,0,18,0.6444444444444444,18,1.8,10,0,4,0,8,2,0,8,0,1,0,0,0,0,0,10,10,4,1420,1300,20,0,18,73,1.8,141,0,2502,26,241,184,20143
2025-07-11,argo,com.vrem.wifianalyzer.wifi.accesspoint,AccessPointsAdapterGroupTest,onGroupExpanded,2,1,2.0,2,1.0,0,0,1,0,7,1,2,2,1.0,3,2,2,10,2.0,1,3.25,0,2,0.0,0,0.4888888888888889,0.8,78,59,0.6,10,4,0,0,0,2,6,0,4,0,0,4,0,0,0,0,18,0.6444444444444444,18,1.8,10,0,4,0,8,2,0,8,0,1,0,0,0,0,0,10,10,4,1420,1300,20,0,18,73,1.8,141,0,2502,26,241,184,20143
2025-07-11,argo,com.vrem.wifianalyzer.wifi.accesspoint,AccessPointsAdapterGroupTest,onGroupCollapsed,2,1,3.0,2,1.0,0,0,1,0,8,1,2,2,1.0,4,2,2,9,2.0,1,2.6,0,2,0.0,0,0.4888888888888889,0.8,78,59,0.6,10,4,0,0,0,2,6,0,4,0,0,4,0,0,0,0,18,0.6444444444444444,18,1.8,10,0,4,0,8,2,0,8,0,1,0,0,0,0,0,10,10,4,1420,1300,20,0,18,73,1.8,141,0,2502,26,241,184,20143
2025-07-11,argo,com.vrem.wifianalyzer.wifi.accesspoint,AccessPointsAdapterGroupTest,withWiFiDetail,1,0,0.0,1,1.0,0,0,1,0,1,0,1,0,0.0,0,0,0,1,0.0,1,2.0,0,0,0.0,0,0.4888888888888889,0.8,78,59,0.6,10,4,0,0,0,2,6,0,4,0,0,4,0,0,0,0,18,0.6444444444444444,18,1.8,10,0,4,0,8,2,0,8,0,1,0,0,0,0,0,10,10,4,1420,1300,20,0,18,73,1.8,141,0,2502,26,241,184,20143
2025-07-11,argo,com.vrem.wifianalyzer.wifi.accesspoint,AccessPointsAdapterGroupTest,withWiFiDetails,1,0,1.0,0,0.0,0,0,1,0,1,0,1,0,0.0,1,0,0,1,0.0,0,0.0,0,0,0.0,0,0.4888888888888889,0.8,78,59,0.6,10,4,0,0,0,2,6,0,4,0,0,4,0,0,0,0,18,0.6444444444444444,18,1.8,10,0,4,0,8,2,0,8,0,1,0,0,0,0,0,10,10,4,1420,1300,20,0,18,73,1.8,141,0,2502,26,241,184,20143
2025-07-11,argo,com.vrem.wifianalyzer.wifi.accesspoint,AccessPointsAdapterTest,setUp,1,0,0.0,0,0.0,0,13,1,0,3,0,1,0,1.0,0,2,0,0,2.0,0,2.0,0,0,0.0,0,0.7748917748917749,0.9090909090909091,186,43,0.0,9,8,0,0,0,3,8,0,8,0,0,8,0,0,0,0,38,0.6666666666666667,38,1.7272727272727273,22,0,8,0,18,4,0,18,0,1,0,0,0,0,0,22,22,4,1420,1300,20,0,45,134,1.7272727272727273,141,0,2502,26,241,184,20143
2025-07-11,argo,com.vrem.wifianalyzer.wifi.accesspoint,AccessPointsAdapterTest,tearDown,1,0,0.0,1,1.0,0,13,1,0,7,0,1,0,1.0,0,4,2,3,4.0,0,3.0,0,2,0.0,0,0.7748917748917749,0.9090909090909091,186,43,0.0,9,8,0,0,0,3,8,0,8,0,0,8,0,0,0,0,38,0.6666666666666667,38,1.7272727272727273,22,0,8,0,18,4,0,18,0,1,0,0,0,0,0,22,22,4,1420,1300,20,0,45,134,1.7272727272727273,141,0,2502,26,241,184,20143
2025-07-11,argo,com.vrem.wifianalyzer.wifi.accesspoint,AccessPointsAdapterTest,getGroupViewWithNoChildren,3,3,0.0,6,0.75,0,13,1,0,12,2,3,2,1.0,2,3,4,15,1.0,2,2.7777777777777777,0,4,0.0,0,0.7748917748917749,0.9090909090909091,186,43,0.0,9,8,0,0,0,3,8,0,8,0,0,8,0,0,0,0,38,0.6666666666666667,38,1.7272727272727273,22,0,8,0,18,4,0,18,0,1,0,0,0,0,0,22,22,4,1420,1300,20,0,45,134,1.7272727272727273,141,0,2502,26,241,184,20143
2025-07-11,argo,com.vrem.wifianalyzer.wifi.accesspoint,AccessPointsAdapterTest,getGroupViewCompactAddsPopup,3,3,0.0,7,0.7778,0,13,1,0,14,2,3,2,1.0,2,4,4,20,1.33,2,3.1818181818181817,0,4,0.0,0,0.7748917748917749,0.9090909090909091,186,43,0.0,9,8,0,0,0,3,8,0,8,0,0,8,0,0,0,0,38,0.6666666666666667,38,1.7272727272727273,22,0,8,0,18,4,0,18,0,1,0,0,0,0,0,22,22,4,1420,1300,20,0,45,134,1.7272727272727273,141,0,2502,26,241,184,20143
2025-07-11,argo,com.vrem.wifianalyzer.wifi.accesspoint,AccessPointsAdapterTest,getGroupViewWithChildren,3,3,0.0,6,0.75,0,13,1,0,12,2,3,2,1.0,2,3,4,15,1.0,2,2.7777777777777777,0,4,0.0,0,0.7748917748917749,0.9090909090909091,186,43,0.0,9,8,0,0,0,3,8,0,8,0,0,8,0,0,0,0,38,0.6666666666666667,38,1.7272727272727273,22,0,8,0,18,4,0,18,0,1,0,0,0,0,0,22,22,4,1420,1300,20,0,45,134,1.7272727272727273,141,0,2502,26,241,184,20143
2025-07-11,argo,com.vrem.wifianalyzer.wifi.accesspoint,AccessPointsAdapterTest,getChildView,2,3,0.0,4,1.0,0,13,1,0,10,1,2,2,1.0,3,3,4,12,1.0,2,2.625,0,4,0.0,0,0.7748917748917749,0.9090909090909091,186,43,0.0,9,8,0,0,0,3,8,0,8,0,0,8,0,0,0,0,38,0.6666666666666667,38,1.7272727272727273,22,0,8,0,18,4,0,18,0,1,0,0,0,0,0,22,22,4,1420,1300,20,0,45,134,1.7272727272727273,141,0,2502,26,241,184,20143
2025-07-11,argo,com.vrem.wifianalyzer.wifi.accesspoint,AccessPointsAdapterTest,getChildViewCompactAddsPopup,2,3,0.0,5,1.0,0,13,1,0,12,1,2,2,1.0,3,4,4,17,1.33,2,3.1,0,4,0.0,0,0.7748917748917749,0.9090909090909091,186,43,0.0,9,8,0,0,0,3,8,0,8,0,0,8,0,0,0,0,38,0.6666666666666667,38,1.7272727272727273,22,0,8,0,18,4,0,18,0,1,0,0,0,0,0,22,22,4,1420,1300,20,0,45,134,1.7272727272727273,141,0,2502,26,241,184,20143
2025-07-11,argo,com.vrem.wifianalyzer.wifi.accesspoint,AccessPointsAdapterTest,update,1,1,0.0,1,1.0,0,13,1,0,5,0,1,0,1.0,1,3,1,3,3.0,1,2.0,0,1,0.0,0,0.7748917748917749,0.9090909090909091,186,43,0.0,9,8,0,0,0,3,8,0,8,0,0,8,0,0,0,0,38,0.6666666666666667,38,1.7272727272727273,22,0,8,0,18,4,0,18,0,1,0,0,0,0,0,22,22,4,1420,1300,20,0,45,134,1.7272727272727273,141,0,2502,26,241,184,20143
2025-07-11,argo,com.vrem.wifianalyzer.wifi.accesspoint,AccessPointsAdapterTest,getGroupCount,2,2,0.0,2,1.0,0,13,1,0,7,1,2,0,1.0,0,2,3,4,1.0,2,2.25,0,3,0.0,0,0.7748917748917749,0.9090909090909091,186,43,0.0,9,8,0,0,0,3,8,0,8,0,0,8,0,0,0,0,38,0.6666666666666667,38,1.7272727272727273,22,0,8,0,18,4,0,18,0,1,0,0,0,0,0,22,22,4,1420,1300,20,0,45,134,1.7272727272727273,141,0,2502,26,241,184,20143
2025-07-11,argo,com.vrem.wifianalyzer.wifi.accesspoint,AccessPointsAdapterTest,getChildrenCount,2,2,0.0,2,1.0,0,13,1,0,7,1,2,0,1.0,1,2,3,5,1.0,2,2.25,0,3,0.0,0,0.7748917748917749,0.9090909090909091,186,43,0.0,9,8,0,0,0,3,8,0,8,0,0,8,0,0,0,0,38,0.6666666666666667,38,1.7272727272727273,22,0,8,0,18,4,0,18,0,1,0,0,0,0,0,22,22,4,1420,1300,20,0,45,134,1.7272727272727273,141,0,2502,26,241,184,20143
2025-07-11,argo,com.vrem.wifianalyzer.wifi.accesspoint,AccessPointsAdapterTest,getGroup,2,2,0.0,2,1.0,0,13,1,0,7,1,2,0,1.0,1,2,3,5,1.0,2,2.2,0,3,0.0,0,0.7748917748917749,0.9090909090909091,186,43,0.0,9,8,0,0,0,3,8,0,8,0,0,8,0,0,0,0,38,0.6666666666666667,38,1.7272727272727273,22,0,8,0,18,4,0,18,0,1,0,0,0,0,0,22,22,4,1420,1300,20,0,45,134,1.7272727272727273,141,0,2502,26,241,184,20143
2025-07-11,argo,com.vrem.wifianalyzer.wifi.accesspoint,AccessPointsAdapterTest,getChild,2,2,0.0,2,1.0,0,13,1,0,7,1,2,0,1.0,1,2,3,5,1.0,2,2.0,0,3,0.0,0,0.7748917748917749,0.9090909090909091,186,43,0.0,9,8,0,0,0,3,8,0,8,0,0,8,0,0,0,0,38,0.6666666666666667,38,1.7272727272727273,22,0,8,0,18,4,0,18,0,1,0,0,0,0,0,22,22,4,1420,1300,20,0,45,134,1.7272727272727273,141,0,2502,26,241,184,20143
2025-07-11,argo,com.vrem.wifianalyzer.wifi.accesspoint,AccessPointsAdapterTest,getGroupId,1,2,0.0,1,1.0,0,13,1,0,5,0,1,0,1.0,1,1,1,3,0.5,1,2.5,0,1,0.0,0,0.7748917748917749,0.9090909090909091,186,43,0.0,9,8,0,0,0,3,8,0,8,0,0,8,0,0,0,0,38,0.6666666666666667,38,1.7272727272727273,22,0,8,0,18,4,0,18,0,1,0,0,0,0,0,22,22,4,1420,1300,20,0,45,134,1.7272727272727273,141,0,2502,26,241,184,20143
2025-07-11,argo,com.vrem.wifianalyzer.wifi.accesspoint,AccessPointsAdapterTest,getChildId,1,2,0.0,1,1.0,0,13,1,0,5,0,1,0,1.0,1,1,1,3,0.5,1,2.0,0,1,0.0,0,0.7748917748917749,0.9090909090909091,186,43,0.0,9,8,0,0,0,3,8,0,8,0,0,8,0,0,0,0,38,0.6666666666666667,38,1.7272727272727273,22,0,8,0,18,4,0,18,0,1,0,0,0,0,0,22,22,4,1420,1300,20,0,45,134,1.7272727272727273,141,0,2502,26,241,184,20143
2025-07-11,argo,com.vrem.wifianalyzer.wifi.accesspoint,AccessPointsAdapterTest,hasStableIds,1,0,0.0,0,0.0,0,13,1,0,3,0,1,0,1.0,1,1,1,2,1.0,0,3.0,0,1,0.0,0,0.7748917748917749,0.9090909090909091,186,43,0.0,9,8,0,0,0,3,8,0,8,0,0,8,0,0,0,0,38,0.6666666666666667,38,1.7272727272727273,22,0,8,0,18,4,0,18,0,1,0,0,0,0,0,22,22,4,1420,1300,20,0,45,134,1.7272727272727273,141,0,2502,26,241,184,20143
2025-07-11,argo,com.vrem.wifianalyzer.wifi.accesspoint,AccessPointsAdapterTest,isChildSelectable,1,0,0.0,0,0.0,0,13,1,0,3,0,1,0,1.0,1,1,1,2,1.0,0,2.0,0,1,0.0,0,0.7748917748917749,0.9090909090909091,186,43,0.0,9,8,0,0,0,3,8,0,8,0,0,8,0,0,0,0,38,0.6666666666666667,38,1.7272727272727273,22,0,8,0,18,4,0,18,0,1,0,0,0,0,0,22,22,4,1420,1300,20,0,45,134,1.7272727272727273,141,0,2502,26,241,184,20143
2025-07-11,argo,com.vrem.wifianalyzer.wifi.accesspoint,AccessPointsAdapterTest,onGroupCollapsed,1,1,0.0,0,0.0,0,13,1,0,5,0,1,0,1.0,1,2,1,2,2.0,1,2.0,0,1,0.0,0,0.7748917748917749,0.9090909090909091,186,43,0.0,9,8,0,0,0,3,8,0,8,0,0,8,0,0,0,0,38,0.6666666666666667,38,1.7272727272727273,22,0,8,0,18,4,0,18,0,1,0,0,0,0,0,22,22,4,1420,1300,20,0,45,134,1.7272727272727273,141,0,2502,26,241,184,20143
2025-07-11,argo,com.vrem.wifianalyzer.wifi.accesspoint,AccessPointsAdapterTest,onGroupExpanded,1,1,0.0,0,0.0,0,13,1,0,5,0,1,0,1.0,1,2,1,2,2.0,1,2.0,0,1,0.0,0,0.7748917748917749,0.9090909090909091,186,43,0.0,9,8,0,0,0,3,8,0,8,0,0,8,0,0,0,0,38,0.6666666666666667,38,1.7272727272727273,22,0,8,0,18,4,0,18,0,1,0,0,0,0,0,22,22,4,1420,1300,20,0,45,134,1.7272727272727273,141,0,2502,26,241,184,20143
2025-07-11,argo,com.vrem.wifianalyzer.wifi.accesspoint,AccessPointsAdapterTest,withView,3,1,0.0,3,1.0,0,13,1,0,6,2,3,0,0.5714285714285714,0,4,1,7,1.33,2,2.75,2,1,0.0,0,0.7748917748917749,0.9090909090909091,186,43,0.0,9,8,0,0,0,3,8,0,8,0,0,8,0,0,0,0,38,0.6666666666666667,38,1.7272727272727273,22,0,8,0,18,4,0,18,0,1,0,0,0,0,0,22,22,4,1420,1300,20,0,45,134,1.7272727272727273,141,0,2502,26,241,184,20143
2025-07-11,argo,com.vrem.wifianalyzer.wifi.accesspoint,AccessPointsAdapterTest,withChildView,3,1,0.0,3,1.0,0,13,1,0,6,2,3,0,0.5714285714285714,0,4,1,7,1.33,2,2.75,2,1,0.0,0,0.7748917748917749,0.9090909090909091,186,43,0.0,9,8,0,0,0,3,8,0,8,0,0,8,0,0,0,0,38,0.6666666666666667,38,1.7272727272727273,22,0,8,0,18,4,0,18,0,1,0,0,0,0,0,22,22,4,1420,1300,20,0,45,134,1.7272727272727273,141,0,2502,26,241,184,20143
2025-07-11,argo,com.vrem.wifianalyzer.wifi.accesspoint,AccessPointsAdapterTest,verifyView,1,0,0.0,1,1.0,0,13,1,0,3,0,1,0,0.5,0,2,1,1,1.0,1,2.0,2,1,0.0,0,0.7748917748917749,0.9090909090909091,186,43,0.0,9,8,0,0,0,3,8,0,8,0,0,8,0,0,0,0,38,0.6666666666666667,38,1.7272727272727273,22,0,8,0,18,4,0,18,0,1,0,0,0,0,0,22,22,4,1420,1300,20,0,45,134,1.7272727272727273,141,0,2502,26,241,184,20143
2025-07-11,argo,com.vrem.wifianalyzer.wifi.accesspoint,AccessPointsAdapterTest,verifyChildView,1,0,0.0,1,1.0,0,13,1,0,3,0,1,0,0.5,0,2,1,1,1.0,1,2.0,2,1,0.0,0,0.7748917748917749,0.9090909090909091,186,43,0.0,9,8,0,0,0,3,8,0,8,0,0,8,0,0,0,0,38,0.6666666666666667,38,1.7272727272727273,22,0,8,0,18,4,0,18,0,1,0,0,0,0,0,22,22,4,1420,1300,20,0,45,134,1.7272727272727273,141,0,2502,26,241,184,20143
2025-07-11,argo,com.vrem.wifianalyzer.wifi.accesspoint,AccessPointsFragmentTest,tearDown,1,0,0.0,1,1.0,0,0,1,0,3,0,1,0,0.0,0,0,1,2,0.0,0,3.0,0,1,0.0,0,0.6666666666666666,0.8333333333333334,44,31,0.0,6,3,0,0,0,0,5,0,3,0,0,3,0,0,0,0,6,0.33333333333333337,6,1.0,6,0,3,0,6,0,0,6,1,1,0,0,0,0,0,6,6,4,1420,1300,20,0,12,37,1.0,141,0,2502,26,241,184,20143
2025-07-11,argo,com.vrem.wifianalyzer.wifi.accesspoint,AccessPointsFragmentTest,onCreateView,1,0,0.0,4,0.75,0,0,1,0,6,0,1,0,1.0,0,2,3,6,2.0,1,2.5,0,3,0.0,0,0.6666666666666666,0.8333333333333334,44,31,0.0,6,3,0,0,0,0,5,0,3,0,0,3,0,0,0,0,6,0.33333333333333337,6,1.0,6,0,3,0,6,0,0,6,1,1,0,0,0,0,0,6,6,4,1420,1300,20,0,12,37,1.0,141,0,2502,26,241,184,20143
2025-07-11,argo,com.vrem.wifianalyzer.wifi.accesspoint,AccessPointsFragmentTest,refreshEnabled,1,1,0.0,3,1.0,0,0,1,0,5,0,1,0,1.0,0,1,2,8,1.0,0,3.6666666666666665,0,2,0.0,0,0.6666666666666666,0.8333333333333334,44,31,0.0,6,3,0,0,0,0,5,0,3,0,0,3,0,0,0,0,6,0.33333333333333337,6,1.0,6,0,3,0,6,0,0,6,1,1,0,0,0,0,0,6,6,4,1420,1300,20,0,12,37,1.0,141,0,2502,26,241,184,20143
2025-07-11,argo,com.vrem.wifianalyzer.wifi.accesspoint,AccessPointsFragmentTest,onResume,1,0,0.0,3,0.6667,0,0,1,0,6,0,1,0,1.0,1,2,2,6,2.0,1,2.5,0,2,0.0,0,0.6666666666666666,0.8333333333333334,44,31,0.0,6,3,0,0,0,0,5,0,3,0,0,3,0,0,0,0,6,0.33333333333333337,6,1.0,6,0,3,0,6,0,0,6,1,1,0,0,0,0,0,6,6,4,1420,1300,20,0,12,37,1.0,141,0,2502,26,241,184,20143
2025-07-11,argo,com.vrem.wifianalyzer.wifi.accesspoint,AccessPointsFragmentTest,onPause,1,0,0.0,2,1.0,0,0,1,0,5,0,1,0,1.0,1,2,2,5,2.0,1,2.6666666666666665,0,2,0.0,0,0.6666666666666666,0.8333333333333334,44,31,0.0,6,3,0,0,0,0,5,0,3,0,0,3,0,0,0,0,6,0.33333333333333337,6,1.0,6,0,3,0,6,0,0,6,1,1,0,0,0,0,0,6,6,4,1420,1300,20,0,12,37,1.0,141,0,2502,26,241,184,20143
2025-07-11,argo,com.vrem.wifianalyzer.wifi.accesspoint,AccessPointsFragmentTest,refreshDisabled,1,1,0.0,4,0.75,0,0,1,0,6,0,1,0,1.0,0,1,2,10,1.0,0,3.5,0,2,0.0,0,0.6666666666666666,0.8333333333333334,44,31,0.0,6,3,0,0,0,0,5,0,3,0,0,3,0,0,0,0,6,0.33333333333333337,6,1.0,6,0,3,0,6,0,0,6,1,1,0,0,0,0,0,6,6,4,1420,1300,20,0,12,37,1.0,141,0,2502,26,241,184,20143
2025-07-11,argo,com.vrem.wifianalyzer.wifi.accesspoint,AccessPointViewTypeTest,accessPointViewCount,1,0,0.0,1,1.0,0,1,1,0,3,0,1,0,0.0,0,0,1,2,0.0,0,3.0,0,1,0.0,0,0.0,0.0,10,3,0.0,2,0,0,0,0,0,1,0,0,0,0,0,0,0,0,0,2,1.0,2,1.0,2,0,0,0,2,0,0,2,0,1,0,0,0,0,0,2,2,4,1420,1300,20,0,2,10,1.0,141,0,2502,26,241,184,20143
2025-07-11,argo,com.vrem.wifianalyzer.wifi.accesspoint,AccessPointViewTypeTest,getLayout,1,0,0.0,2,0.5,0,1,1,0,4,0,1,0,0.0,0,0,1,8,0.0,0,6.0,0,1,0.0,0,0.0,0.0,10,3,0.0,2,0,0,0,0,0,1,0,0,0,0,0,0,0,0,0,2,1.0,2,1.0,2,0,0,0,2,0,0,2,0,1,0,0,0,0,0,2,2,4,1420,1300,20,0,2,10,1.0,141,0,2502,26,241,184,20143
2025-07-11,argo,com.vrem.wifianalyzer.wifi.accesspoint,ConnectionViewTest,tearDown,1,0,0.0,1,1.0,0,0,1,0,4,0,1,0,1.0,0,1,2,3,1.0,0,3.0,0,2,0.0,0,0.7252747252747253,0.9285714285714286,154,117,0.5714285714285714,14,11,0,0,0,4,9,0,11,0,0,11,0,0,0,0,34,0.6373626373626373,34,2.4285714285714284,14,0,11,0,9,5,0,9,0,1,0,0,0,0,0,14,14,4,1420,1300,20,0,43,184,2.4285714285714284,141,0,2502,26,241,184,20143
2025-07-11,argo,com.vrem.wifianalyzer.wifi.accesspoint,ConnectionViewTest,connectionGoneWithNoConnectionInformation,3,0,3.0,5,0.8333,0,0,1,0,9,2,3,3,1.0,3,5,5,15,5.0,1,3.5,0,5,0.0,0,0.7252747252747253,0.9285714285714286,154,117,0.5714285714285714,14,11,0,0,0,4,9,0,11,0,0,11,0,0,0,0,34,0.6373626373626373,34,2.4285714285714284,14,0,11,0,9,5,0,9,0,1,0,0,0,0,0,14,14,4,1420,1300,20,0,43,184,2.4285714285714284,141,0,2502,26,241,184,20143
2025-07-11,argo,com.vrem.wifianalyzer.wifi.accesspoint,ConnectionViewTest,connectionGoneWithConnectionInformationAndHideType,3,1,5.0,5,0.8333,0,0,1,0,11,2,3,5,1.0,5,5,6,17,5.0,1,3.6666666666666665,0,6,0.0,0,0.7252747252747253,0.9285714285714286,154,117,0.5714285714285714,14,11,0,0,0,4,9,0,11,0,0,11,0,0,0,0,34,0.6373626373626373,34,2.4285714285714284,14,0,11,0,9,5,0,9,0,1,0,0,0,0,0,14,14,4,1420,1300,20,0,43,184,2.4285714285714284,141,0,2502,26,241,184,20143
2025-07-11,argo,com.vrem.wifianalyzer.wifi.accesspoint,ConnectionViewTest,connectionVisibleWithConnectionInformation,3,1,5.0,5,0.8333,0,0,1,0,11,2,3,5,1.0,5,5,6,17,5.0,1,3.6666666666666665,0,6,0.0,0,0.7252747252747253,0.9285714285714286,154,117,0.5714285714285714,14,11,0,0,0,4,9,0,11,0,0,11,0,0,0,0,34,0.6373626373626373,34,2.4285714285714284,14,0,11,0,9,5,0,9,0,1,0,0,0,0,0,14,14,4,1420,1300,20,0,43,184,2.4285714285714284,141,0,2502,26,241,184,20143
2025-07-11,argo,com.vrem.wifianalyzer.wifi.accesspoint,ConnectionViewTest,connectionWithConnectionInformation,3,7,4.0,9,0.8462,0,0,1,0,19,2,3,5,1.0,4,6,5,36,0.86,1,3.8,0,5,0.0,0,0.7252747252747253,0.9285714285714286,154,117,0.5714285714285714,14,11,0,0,0,4,9,0,11,0,0,11,0,0,0,0,34,0.6373626373626373,34,2.4285714285714284,14,0,11,0,9,5,0,9,0,1,0,0,0,0,0,14,14,4,1420,1300,20,0,43,184,2.4285714285714284,141,0,2502,26,241,184,20143
2025-07-11,argo,com.vrem.wifianalyzer.wifi.accesspoint,ConnectionViewTest,connectionWithInvalidLinkSpeed,3,5,3.0,9,0.9,0,0,1,0,14,2,3,4,1.0,3,8,5,22,1.6,1,3.1,0,5,0.0,0,0.7252747252747253,0.9285714285714286,154,117,0.5714285714285714,14,11,0,0,0,4,9,0,11,0,0,11,0,0,0,0,34,0.6373626373626373,34,2.4285714285714284,14,0,11,0,9,5,0,9,0,1,0,0,0,0,0,14,14,4,1420,1300,20,0,43,184,2.4285714285714284,141,0,2502,26,241,184,20143
2025-07-11,argo,com.vrem.wifianalyzer.wifi.accesspoint,ConnectionViewTest,viewCompactAddsPopup,3,2,4.0,5,0.8333,0,0,1,0,11,2,3,4,1.0,4,6,3,16,3.0,1,3.5714285714285716,0,3,0.0,0,0.7252747252747253,0.9285714285714286,154,117,0.5714285714285714,14,11,0,0,0,4,9,0,11,0,0,11,0,0,0,0,34,0.6373626373626373,34,2.4285714285714284,14,0,11,0,9,5,0,9,0,1,0,0,0,0,0,14,14,4,1420,1300,20,0,43,184,2.4285714285714284,141,0,2502,26,241,184,20143
2025-07-11,argo,com.vrem.wifianalyzer.wifi.accesspoint,ConnectionViewTest,wiFiSupportIsGoneWhenWiFiBandIsAvailable,3,0,2.0,5,0.8571,0,0,1,0,9,2,3,2,1.0,2,5,4,16,5.0,1,3.2857142857142856,0,4,0.0,0,0.7252747252747253,0.9285714285714286,154,117,0.5714285714285714,14,11,0,0,0,4,9,0,11,0,0,11,0,0,0,0,34,0.6373626373626373,34,2.4285714285714284,14,0,11,0,9,5,0,9,0,1,0,0,0,0,0,14,14,4,1420,1300,20,0,43,184,2.4285714285714284,141,0,2502,26,241,184,20143
2025-07-11,argo,com.vrem.wifianalyzer.wifi.accesspoint,ConnectionViewTest,wiFiSupportIsVisibleWhenWiFiBandIsNotAvailable,4,2,2.0,9,0.8333,0,0,1,0,14,3,4,2,1.0,2,6,4,25,3.0,2,3.0833333333333335,0,4,0.0,0,0.7252747252747253,0.9285714285714286,154,117,0.5714285714285714,14,11,0,0,0,4,9,0,11,0,0,11,0,0,0,0,34,0.6373626373626373,34,2.4285714285714284,14,0,11,0,9,5,0,9,0,1,0,0,0,0,0,14,14,4,1420,1300,20,0,43,184,2.4285714285714284,141,0,2502,26,241,184,20143
2025-07-11,argo,com.vrem.wifianalyzer.wifi.accesspoint,ConnectionViewTest,withConnection,1,0,0.0,1,1.0,0,0,1,0,1,0,1,0,0.6666666666666666,0,2,0,2,2.0,0,2.0,1,0,0.0,0,0.7252747252747253,0.9285714285714286,154,117,0.5714285714285714,14,11,0,0,0,4,9,0,11,0,0,11,0,0,0,0,34,0.6373626373626373,34,2.4285714285714284,14,0,11,0,9,5,0,9,0,1,0,0,0,0,0,14,14,4,1420,1300,20,0,43,184,2.4285714285714284,141,0,2502,26,241,184,20143
2025-07-11,argo,com.vrem.wifianalyzer.wifi.accesspoint,ConnectionViewTest,withWiFiAdditional,1,0,0.0,0,0.0,0,0,1,0,1,0,1,0,1.0,0,3,0,1,3.0,0,0.0,0,0,0.0,0,0.7252747252747253,0.9285714285714286,154,117,0.5714285714285714,14,11,0,0,0,4,9,0,11,0,0,11,0,0,0,0,34,0.6373626373626373,34,2.4285714285714284,14,0,11,0,9,5,0,9,0,1,0,0,0,0,0,14,14,4,1420,1300,20,0,43,184,2.4285714285714284,141,0,2502,26,241,184,20143
2025-07-11,argo,com.vrem.wifianalyzer.wifi.accesspoint,ConnectionViewTest,withAccessPointDetailView,3,2,0.0,3,1.0,0,0,1,0,7,2,3,0,0.3333333333333333,0,2,1,11,0.5,2,3.1666666666666665,2,1,0.0,0,0.7252747252747253,0.9285714285714286,154,117,0.5714285714285714,14,11,0,0,0,4,9,0,11,0,0,11,0,0,0,0,34,0.6373626373626373,34,2.4285714285714284,14,0,11,0,9,5,0,9,0,1,0,0,0,0,0,14,14,4,1420,1300,20,0,43,184,2.4285714285714284,141,0,2502,26,241,184,20143
2025-07-11,argo,com.vrem.wifianalyzer.wifi.accesspoint,ConnectionViewTest,withConnectionInformation,2,0,0.0,1,1.0,0,0,1,0,3,1,2,0,0.3333333333333333,0,1,1,2,1.0,2,3.0,1,1,0.0,0,0.7252747252747253,0.9285714285714286,154,117,0.5714285714285714,14,11,0,0,0,4,9,0,11,0,0,11,0,0,0,0,34,0.6373626373626373,34,2.4285714285714284,14,0,11,0,9,5,0,9,0,1,0,0,0,0,0,14,14,4,1420,1300,20,0,43,184,2.4285714285714284,141,0,2502,26,241,184,20143
2025-07-11,argo,com.vrem.wifianalyzer.wifi.accesspoint,ConnectionViewTest,verifyConnectionInformation,1,0,0.0,1,1.0,0,0,1,0,3,0,1,0,1.0,0,1,1,1,1.0,1,2.0,0,1,0.0,0,0.7252747252747253,0.9285714285714286,154,117,0.5714285714285714,14,11,0,0,0,4,9,0,11,0,0,11,0,0,0,0,34,0.6373626373626373,34,2.4285714285714284,14,0,11,0,9,5,0,9,0,1,0,0,0,0,0,14,14,4,1420,1300,20,0,43,184,2.4285714285714284,141,0,2502,26,241,184,20143
2025-07-11,argo,com.vrem.wifianalyzer.wifi.accesspoint,ConnectionViewTypeTest,connectionViewTypeCount,1,0,0.0,1,1.0,0,2,1,0,3,0,1,0,0.0,0,0,1,2,0.0,0,3.0,0,1,0.0,0,0.0,0.0,17,3,0.0,3,0,0,0,0,0,1,0,0,0,0,0,0,0,0,0,3,1.0,3,1.0,3,0,0,0,3,0,0,3,0,1,0,0,0,0,0,3,3,4,1420,1300,20,0,3,21,1.0,141,0,2502,26,241,184,20143
2025-07-11,argo,com.vrem.wifianalyzer.wifi.accesspoint,ConnectionViewTypeTest,getLayout,1,0,0.0,3,0.3333,0,2,1,0,5,0,1,0,0.0,0,0,1,11,0.0,0,6.0,0,1,0.0,0,0.0,0.0,17,3,0.0,3,0,0,0,0,0,1,0,0,0,0,0,0,0,0,0,3,1.0,3,1.0,3,0,0,0,3,0,0,3,0,1,0,0,0,0,0,3,3,4,1420,1300,20,0,3,21,1.0,141,0,2502,26,241,184,20143
2025-07-11,argo,com.vrem.wifianalyzer.wifi.accesspoint,ConnectionViewTypeTest,isHide,1,0,0.0,3,0.3333,0,2,1,0,5,0,1,0,0.0,0,0,1,8,0.0,0,4.0,0,1,0.0,0,0.0,0.0,17,3,0.0,3,0,0,0,0,0,1,0,0,0,0,0,0,0,0,0,3,1.0,3,1.0,3,0,0,0,3,0,0,3,0,1,0,0,0,0,0,3,3,4,1420,1300,20,0,3,21,1.0,141,0,2502,26,241,184,20143
2025-07-11,argo,com.vrem.wifianalyzer.wifi.accesspoint,WarningViewTest,tearDown,1,0,0.0,2,1.0,0,0,1,0,6,0,1,0,1.0,0,3,2,5,3.0,0,3.0,0,2,0.0,0,1.0,1.0,154,129,0.0,16,4,0,0,0,0,9,0,4,0,0,4,0,0,0,0,24,0.41666666666666663,24,1.5,16,0,4,0,16,0,0,16,0,1,0,0,0,0,0,16,16,4,1420,1300,20,0,42,183,2.0625,141,0,2502,26,241,184,20143
2025-07-11,argo,com.vrem.wifianalyzer.wifi.accesspoint,WarningViewTest,warningGone,4,3,0.0,8,0.7778,0,0,1,0,13,0,4,0,1.0,0,4,4,18,1.33,2,2.6153846153846154,0,4,0.0,0,1.0,1.0,154,129,0.0,16,4,0,0,0,0,9,0,4,0,0,4,0,0,0,0,24,0.41666666666666663,24,1.5,16,0,4,0,16,0,0,16,0,1,0,0,0,0,0,16,16,4,1420,1300,20,0,42,183,2.0625,141,0,2502,26,241,184,20143
2025-07-11,argo,com.vrem.wifianalyzer.wifi.accesspoint,WarningViewTest,warningVisibleWhenNoData,4,3,0.0,8,0.8,0,0,1,0,13,0,4,0,1.0,0,4,4,19,1.33,2,2.6153846153846154,0,4,0.0,0,1.0,1.0,154,129,0.0,16,4,0,0,0,0,9,0,4,0,0,4,0,0,0,0,24,0.41666666666666663,24,1.5,16,0,4,0,16,0,0,16,0,1,0,0,0,0,0,16,16,4,1420,1300,20,0,42,183,2.0625,141,0,2502,26,241,184,20143
2025-07-11,argo,com.vrem.wifianalyzer.wifi.accesspoint,WarningViewTest,warningVisibleWhenNoLocation,4,3,0.0,8,0.8,0,0,1,0,13,0,4,0,1.0,0,4,4,19,1.33,2,2.6153846153846154,0,4,0.0,0,1.0,1.0,154,129,0.0,16,4,0,0,0,0,9,0,4,0,0,4,0,0,0,0,24,0.41666666666666663,24,1.5,16,0,4,0,16,0,0,16,0,1,0,0,0,0,0,16,16,4,1420,1300,20,0,42,183,2.0625,141,0,2502,26,241,184,20143
2025-07-11,argo,com.vrem.wifianalyzer.wifi.accesspoint,WarningViewTest,noDataVisible,1,2,0.0,3,1.0,0,0,1,0,6,0,1,0,1.0,0,2,1,8,2.0,1,3.3333333333333335,0,1,0.0,0,1.0,1.0,154,129,0.0,16,4,0,0,0,0,9,0,4,0,0,4,0,0,0,0,24,0.41666666666666663,24,1.5,16,0,4,0,16,0,0,16,0,1,0,0,0,0,0,16,16,4,1420,1300,20,0,42,183,2.0625,141,0,2502,26,241,184,20143
2025-07-11,argo,com.vrem.wifianalyzer.wifi.accesspoint,WarningViewTest,noDataGoneWhenNotRegistered,1,1,0.0,2,1.0,0,0,1,0,5,0,1,0,1.0,0,2,1,7,2.0,1,4.0,0,1,0.0,0,1.0,1.0,154,129,0.0,16,4,0,0,0,0,9,0,4,0,0,4,0,0,0,0,24,0.41666666666666663,24,1.5,16,0,4,0,16,0,0,16,0,1,0,0,0,0,0,16,16,4,1420,1300,20,0,42,183,2.0625,141,0,2502,26,241,184,20143
2025-07-11,argo,com.vrem.wifianalyzer.wifi.accesspoint,WarningViewTest,noDataGoneWithWiFiDetails,1,2,0.0,4,1.0,0,0,1,0,6,0,1,0,1.0,0,2,1,8,2.0,1,3.0,0,1,0.0,0,1.0,1.0,154,129,0.0,16,4,0,0,0,0,9,0,4,0,0,4,0,0,0,0,24,0.41666666666666663,24,1.5,16,0,4,0,16,0,0,16,0,1,0,0,0,0,0,16,16,4,1420,1300,20,0,42,183,2.0625,141,0,2502,26,241,184,20143
2025-07-11,argo,com.vrem.wifianalyzer.wifi.accesspoint,WarningViewTest,noDataGoneWhenNotRegisteredAndWithWiFiDetails,1,2,0.0,4,1.0,0,0,1,0,6,0,1,0,1.0,0,2,1,8,2.0,1,3.0,0,1,0.0,0,1.0,1.0,154,129,0.0,16,4,0,0,0,0,9,0,4,0,0,4,0,0,0,0,24,0.41666666666666663,24,1.5,16,0,4,0,16,0,0,16,0,1,0,0,0,0,0,16,16,4,1420,1300,20,0,42,183,2.0625,141,0,2502,26,241,184,20143
2025-07-11,argo,com.vrem.wifianalyzer.wifi.accesspoint,WarningViewTest,noLocationVisible,2,1,0.0,4,1.0,0,0,1,0,8,1,2,0,1.0,0,3,3,12,3.0,2,3.5,0,3,0.0,0,1.0,1.0,154,129,0.0,16,4,0,0,0,0,9,0,4,0,0,4,0,0,0,0,24,0.41666666666666663,24,1.5,16,0,4,0,16,0,0,16,0,1,0,0,0,0,0,16,16,4,1420,1300,20,0,42,183,2.0625,141,0,2502,26,241,184,20143
2025-07-11,argo,com.vrem.wifianalyzer.wifi.accesspoint,WarningViewTest,noLocationVisibleAndThrottlingIsGoneAndroidP,2,1,0.0,4,1.0,0,0,1,0,8,1,2,0,1.0,0,3,3,13,3.0,2,3.5,0,3,0.0,0,1.0,1.0,154,129,0.0,16,4,0,0,0,0,9,0,4,0,0,4,0,0,0,0,24,0.41666666666666663,24,1.5,16,0,4,0,16,0,0,16,0,1,0,0,0,0,0,16,16,4,1420,1300,20,0,42,183,2.0625,141,0,2502,26,241,184,20143
2025-07-11,argo,com.vrem.wifianalyzer.wifi.accesspoint,WarningViewTest,noLocationGoneWhenNotRegistered,2,1,0.0,4,1.0,0,0,1,0,8,1,2,0,1.0,0,3,3,12,3.0,2,3.5,0,3,0.0,0,1.0,1.0,154,129,0.0,16,4,0,0,0,0,9,0,4,0,0,4,0,0,0,0,24,0.41666666666666663,24,1.5,16,0,4,0,16,0,0,16,0,1,0,0,0,0,0,16,16,4,1420,1300,20,0,42,183,2.0625,141,0,2502,26,241,184,20143
2025-07-11,argo,com.vrem.wifianalyzer.wifi.accesspoint,WarningViewTest,noLocationGoneWithNoPermission,2,1,0.0,4,1.0,0,0,1,0,8,1,2,0,1.0,0,3,3,12,3.0,2,3.5,0,3,0.0,0,1.0,1.0,154,129,0.0,16,4,0,0,0,0,9,0,4,0,0,4,0,0,0,0,24,0.41666666666666663,24,1.5,16,0,4,0,16,0,0,16,0,1,0,0,0,0,0,16,16,4,1420,1300,20,0,42,183,2.0625,141,0,2502,26,241,184,20143
2025-07-11,argo,com.vrem.wifianalyzer.wifi.accesspoint,WarningViewTest,noLocationGoneWhenNotRegisteredAndNoPermission,2,1,0.0,4,1.0,0,0,1,0,8,1,2,0,1.0,0,3,3,12,3.0,2,3.5,0,3,0.0,0,1.0,1.0,154,129,0.0,16,4,0,0,0,0,9,0,4,0,0,4,0,0,0,0,24,0.41666666666666663,24,1.5,16,0,4,0,16,0,0,16,0,1,0,0,0,0,0,16,16,4,1420,1300,20,0,42,183,2.0625,141,0,2502,26,241,184,20143
2025-07-11,argo,com.vrem.wifianalyzer.wifi.accesspoint,WarningViewTest,throttlingIsVisibleWhenRegisteredAndThrottlingIsEnabled,2,1,0.0,4,1.0,0,0,1,0,7,1,2,0,1.0,0,3,3,10,3.0,2,3.0,0,3,0.0,0,1.0,1.0,154,129,0.0,16,4,0,0,0,0,9,0,4,0,0,4,0,0,0,0,24,0.41666666666666663,24,1.5,16,0,4,0,16,0,0,16,0,1,0,0,0,0,0,16,16,4,1420,1300,20,0,42,183,2.0625,141,0,2502,26,241,184,20143
2025-07-11,argo,com.vrem.wifianalyzer.wifi.accesspoint,WarningViewTest,throttlingIsGoneWhenNotRegisteredAndThrottlingIsEnabled,2,1,0.0,4,1.0,0,0,1,0,7,1,2,0,1.0,0,3,3,10,3.0,2,3.0,0,3,0.0,0,1.0,1.0,154,129,0.0,16,4,0,0,0,0,9,0,4,0,0,4,0,0,0,0,24,0.41666666666666663,24,1.5,16,0,4,0,16,0,0,16,0,1,0,0,0,0,0,16,16,4,1420,1300,20,0,42,183,2.0625,141,0,2502,26,241,184,20143
2025-07-11,argo,com.vrem.wifianalyzer.wifi.accesspoint,WarningViewTest,throttlingIsGoneWhenRegisteredAndThrottlingIsDisabled,2,1,0.0,4,1.0,0,0,1,0,7,1,2,0,1.0,0,3,3,10,3.0,2,3.0,0,3,0.0,0,1.0,1.0,154,129,0.0,16,4,0,0,0,0,9,0,4,0,0,4,0,0,0,0,24,0.41666666666666663,24,1.5,16,0,4,0,16,0,0,16,0,1,0,0,0,0,0,16,16,4,1420,1300,20,0,42,183,2.0625,141,0,2502,26,241,184,20143
2025-07-11,argo,com.vrem.wifianalyzer.wifi.band,WiFiBandTest,tearDown,1,0,0.0,1,1.0,0,0,1,0,4,0,1,0,1.0,0,1,2,3,1.0,0,3.0,0,2,0.0,0,0.03296703296703297,0.5714285714285714,88,71,0.21428571428571427,14,1,0,0,0,0,5,0,1,0,0,1,0,0,0,0,16,0.9340659340659341,16,1.1428571428571428,14,0,1,0,14,0,0,14,0,1,0,0,0,0,0,14,14,4,1420,1300,10,0,19,111,1.1428571428571428,58,0,1079,26,241,46,20143
2025-07-11,argo,com.vrem.wifianalyzer.wifi.band,WiFiBandTest,wiFiBand,1,0,0.0,1,1.0,0,0,1,0,3,0,1,0,0.0,0,0,1,2,0.0,0,3.0,0,1,0.0,0,0.03296703296703297,0.5714285714285714,88,71,0.21428571428571427,14,1,0,0,0,0,5,0,1,0,0,1,0,0,0,0,16,0.9340659340659341,16,1.1428571428571428,14,0,1,0,14,0,0,14,0,1,0,0,0,0,0,14,14,4,1420,1300,10,0,19,111,1.1428571428571428,58,0,1079,26,241,46,20143
2025-07-11,argo,com.vrem.wifianalyzer.wifi.band,WiFiBandTest,available,1,0,0.0,3,0.3333,0,0,1,0,5,0,1,0,0.0,0,0,1,11,0.0,0,6.0,0,1,0.0,0,0.03296703296703297,0.5714285714285714,88,71,0.21428571428571427,14,1,0,0,0,0,5,0,1,0,0,1,0,0,0,0,16,0.9340659340659341,16,1.1428571428571428,14,0,1,0,14,0,0,14,0,1,0,0,0,0,0,14,14,4,1420,1300,10,0,19,111,1.1428571428571428,58,0,1079,26,241,46,20143
2025-07-11,argo,com.vrem.wifianalyzer.wifi.band,WiFiBandTest,textResource,1,0,0.0,3,0.3333,0,0,1,0,5,0,1,0,0.0,0,0,1,11,0.0,0,6.0,0,1,0.0,0,0.03296703296703297,0.5714285714285714,88,71,0.21428571428571427,14,1,0,0,0,0,5,0,1,0,0,1,0,0,0,0,16,0.9340659340659341,16,1.1428571428571428,14,0,1,0,14,0,0,14,0,1,0,0,0,0,0,14,14,4,1420,1300,10,0,19,111,1.1428571428571428,58,0,1079,26,241,46,20143
2025-07-11,argo,com.vrem.wifianalyzer.wifi.band,WiFiBandTest,wiFiChannels,1,0,0.0,3,0.3333,0,0,1,0,5,0,1,0,0.0,0,0,1,7,0.0,0,4.0,0,1,0.0,0,0.03296703296703297,0.5714285714285714,88,71,0.21428571428571427,14,1,0,0,0,0,5,0,1,0,0,1,0,0,0,0,16,0.9340659340659341,16,1.1428571428571428,14,0,1,0,14,0,0,14,0,1,0,0,0,0,0,14,14,4,1420,1300,10,0,19,111,1.1428571428571428,58,0,1079,26,241,46,20143
2025-07-11,argo,com.vrem.wifianalyzer.wifi.band,WiFiBandTest,ghz5,1,0,0.0,3,0.3333,0,0,1,0,5,0,1,0,0.0,0,0,1,8,0.0,0,4.0,0,1,0.0,0,0.03296703296703297,0.5714285714285714,88,71,0.21428571428571427,14,1,0,0,0,0,5,0,1,0,0,1,0,0,0,0,16,0.9340659340659341,16,1.1428571428571428,14,0,1,0,14,0,0,14,0,1,0,0,0,0,0,14,14,4,1420,1300,10,0,19,111,1.1428571428571428,58,0,1079,26,241,46,20143
2025-07-11,argo,com.vrem.wifianalyzer.wifi.band,WiFiBandTest,ghz2,1,0,0.0,3,0.3333,0,0,1,0,5,0,1,0,0.0,0,0,1,8,0.0,0,4.0,0,1,0.0,0,0.03296703296703297,0.5714285714285714,88,71,0.21428571428571427,14,1,0,0,0,0,5,0,1,0,0,1,0,0,0,0,16,0.9340659340659341,16,1.1428571428571428,14,0,1,0,14,0,0,14,0,1,0,0,0,0,0,14,14,4,1420,1300,10,0,19,111,1.1428571428571428,58,0,1079,26,241,46,20143
2025-07-11,argo,com.vrem.wifianalyzer.wifi.band,WiFiBandTest,ghz6,1,0,0.0,3,0.3333,0,0,1,0,5,0,1,0,0.0,0,0,1,8,0.0,0,4.0,0,1,0.0,0,0.03296703296703297,0.5714285714285714,88,71,0.21428571428571427,14,1,0,0,0,0,5,0,1,0,0,1,0,0,0,0,16,0.9340659340659341,16,1.1428571428571428,14,0,1,0,14,0,0,14,0,1,0,0,0,0,0,14,14,4,1420,1300,10,0,19,111,1.1428571428571428,58,0,1079,26,241,46,20143
2025-07-11,argo,com.vrem.wifianalyzer.wifi.band,WiFiBandTest,findGHZ2,1,0,0.0,1,1.0,0,0,1,0,6,0,1,0,0.0,0,0,1,12,0.0,0,5.666666666666667,0,1,0.0,0,0.03296703296703297,0.5714285714285714,88,71,0.21428571428571427,14,1,0,0,0,0,5,0,1,0,0,1,0,0,0,0,16,0.9340659340659341,16,1.1428571428571428,14,0,1,0,14,0,0,14,0,1,0,0,0,0,0,14,14,4,1420,1300,10,0,19,111,1.1428571428571428,58,0,1079,26,241,46,20143
2025-07-11,argo,com.vrem.wifianalyzer.wifi.band,WiFiBandTest,findGHZ5,1,0,0.0,1,1.0,0,0,1,0,6,0,1,0,0.0,0,0,1,13,0.0,0,5.666666666666667,0,1,0.0,0,0.03296703296703297,0.5714285714285714,88,71,0.21428571428571427,14,1,0,0,0,0,5,0,1,0,0,1,0,0,0,0,16,0.9340659340659341,16,1.1428571428571428,14,0,1,0,14,0,0,14,0,1,0,0,0,0,0,14,14,4,1420,1300,10,0,19,111,1.1428571428571428,58,0,1079,26,241,46,20143
2025-07-11,argo,com.vrem.wifianalyzer.wifi.band,WiFiBandTest,findGHZ6,1,0,0.0,1,1.0,0,0,1,0,6,0,1,0,0.0,0,0,1,13,0.0,0,5.666666666666667,0,1,0.0,0,0.03296703296703297,0.5714285714285714,88,71,0.21428571428571427,14,1,0,0,0,0,5,0,1,0,0,1,0,0,0,0,16,0.9340659340659341,16,1.1428571428571428,14,0,1,0,14,0,0,14,0,1,0,0,0,0,0,14,14,4,1420,1300,10,0,19,111,1.1428571428571428,58,0,1079,26,241,46,20143
2025-07-11,argo,com.vrem.wifianalyzer.wifi.band,WiFiBandTest,availableGHZ2,1,1,1.0,2,1.0,0,0,1,0,4,0,1,0,0.0,1,0,1,3,0.0,0,2.5,0,1,0.0,0,0.03296703296703297,0.5714285714285714,88,71,0.21428571428571427,14,1,0,0,0,0,5,0,1,0,0,1,0,0,0,0,16,0.9340659340659341,16,1.1428571428571428,14,0,1,0,14,0,0,14,0,1,0,0,0,0,0,14,14,4,1420,1300,10,0,19,111,1.1428571428571428,58,0,1079,26,241,46,20143
2025-07-11,argo,com.vrem.wifianalyzer.wifi.band,WiFiBandTest,availableGHZ5,2,1,1.0,3,1.0,0,0,1,0,6,1,2,0,1.0,1,1,3,6,1.0,2,2.5,0,3,0.0,0,0.03296703296703297,0.5714285714285714,88,71,0.21428571428571427,14,1,0,0,0,0,5,0,1,0,0,1,0,0,0,0,16,0.9340659340659341,16,1.1428571428571428,14,0,1,0,14,0,0,14,0,1,0,0,0,0,0,14,14,4,1420,1300,10,0,19,111,1.1428571428571428,58,0,1079,26,241,46,20143
2025-07-11,argo,com.vrem.wifianalyzer.wifi.band,WiFiBandTest,availableGHZ6,2,1,1.0,3,1.0,0,0,1,0,6,1,2,0,1.0,1,1,3,6,1.0,2,2.5,0,3,0.0,0,0.03296703296703297,0.5714285714285714,88,71,0.21428571428571427,14,1,0,0,0,0,5,0,1,0,0,1,0,0,0,0,16,0.9340659340659341,16,1.1428571428571428,14,0,1,0,14,0,0,14,0,1,0,0,0,0,0,14,14,4,1420,1300,10,0,19,111,1.1428571428571428,58,0,1079,26,241,46,20143
2025-07-11,argo,com.vrem.wifianalyzer.wifi.band,WiFiChannelCountryParameterizedTest,setUp,1,0,0.0,0,0.0,0,1,1,0,3,0,1,0,1.0,0,2,1,1,2.0,0,0.0,0,0,0.0,0,1.0,0.5,31,9,0.0,3,5,0,0,0,0,2,0,1,0,0,1,0,0,4,0,4,1.0,4,1.0,4,0,5,0,4,0,0,4,0,1,0,0,1,0,1,4,5,4,1420,1300,10,0,3,11,1.0,58,0,1079,26,241,46,20143
2025-07-11,argo,com.vrem.wifianalyzer.wifi.band,WiFiChannelCountryParameterizedTest,countryCode,1,0,0.0,1,1.0,0,1,1,0,3,0,1,0,1.0,0,2,1,2,2.0,0,3.0,0,1,0.0,0,1.0,0.5,31,9,0.0,3,5,0,0,0,0,2,0,1,0,0,1,0,0,4,0,4,1.0,4,1.0,4,0,5,0,4,0,0,4,0,1,0,0,1,0,1,4,5,4,1420,1300,10,0,3,11,1.0,58,0,1079,26,241,46,20143
2025-07-11,argo,com.vrem.wifianalyzer.wifi.band,WiFiChannelCountryParameterizedTest,countryName,1,0,0.0,0,0.0,0,1,1,0,3,0,1,0,1.0,1,2,1,3,2.0,0,4.0,0,1,0.0,0,1.0,0.5,31,9,0.0,3,5,0,0,0,0,2,0,1,0,0,1,0,0,4,0,4,1.0,4,1.0,4,0,5,0,4,0,0,4,0,1,0,0,1,0,1,4,5,4,1420,1300,10,0,3,11,1.0,58,0,1079,26,241,46,20143
2025-07-11,argo,com.vrem.wifianalyzer.wifi.band,WiFiChannelCountryParameterizedTest,data,1,0,0.0,1,1.0,0,1,1,0,3,0,1,1,1.0,1,1,0,5,1.0,0,3.5,0,0,0.0,0,1.0,0.5,31,9,0.0,3,5,0,0,0,0,2,0,1,0,0,1,0,0,4,0,4,1.0,4,1.0,4,0,5,0,4,0,0,4,0,1,0,0,1,0,1,4,5,4,1420,1300,10,1,3,11,1.0,58,0,1079,26,241,46,20143
2025-07-11,argo,com.vrem.wifianalyzer.wifi.band,WiFiChannelCountryTest,findAll,1,0,0.0,0,0.0,0,0,1,0,3,0,1,0,0.0,1,0,1,3,0.0,0,4.0,0,1,0.0,0,0.0,0.6666666666666666,19,15,0.0,3,0,0,0,0,0,1,0,0,0,0,0,0,0,0,0,3,1.0,3,1.0,3,0,0,0,3,0,0,3,0,1,0,0,0,0,0,3,3,4,1420,1300,10,0,3,18,1.0,58,0,1079,26,241,46,20143
2025-07-11,argo,com.vrem.wifianalyzer.wifi.band,WiFiChannelCountryTest,find,1,2,0.0,2,0.5,0,0,1,0,6,0,1,0,0.0,1,0,1,8,0.0,0,3.25,0,1,0.0,0,0.0,0.6666666666666666,19,15,0.0,3,0,0,0,0,0,1,0,0,0,0,0,0,0,0,0,3,1.0,3,1.0,3,0,0,0,3,0,0,3,0,1,0,0,0,0,0,3,3,4,1420,1300,10,0,3,18,1.0,58,0,1079,26,241,46,20143
2025-07-11,argo,com.vrem.wifianalyzer.wifi.band,WiFiChannelCountryTest,unknownLocale,1,2,0.0,2,0.5,0,0,1,0,6,0,1,0,0.0,0,0,1,7,0.0,0,3.5,0,1,0.0,0,0.0,0.6666666666666666,19,15,0.0,3,0,0,0,0,0,1,0,0,0,0,0,0,0,0,0,3,1.0,3,1.0,3,0,0,0,3,0,0,3,0,1,0,0,0,0,0,3,3,4,1420,1300,10,0,3,18,1.0,58,0,1079,26,241,46,20143
2025-07-11,argo,com.vrem.wifianalyzer.wifi.band,WiFiChannelsParameterizedTest,inRange,1,0,0.0,0,0.0,0,0,1,0,4,0,1,0,1.0,1,2,1,7,2.0,0,6.0,0,1,0.0,0,1.0,0.6842105263157895,105,73,0.15789473684210525,19,4,0,0,0,0,5,0,1,0,0,1,0,0,3,0,20,0.9298245614035088,20,1.0526315789473684,19,0,4,0,19,0,0,19,2,1,0,0,1,0,1,19,20,4,1420,1300,10,0,12,130,1.0526315789473684,58,0,1079,26,241,46,20143
2025-07-11,argo,com.vrem.wifianalyzer.wifi.band,WiFiChannelsParameterizedTest,notInRange,1,0,1.0,0,0.0,0,0,1,0,4,0,1,0,1.0,1,2,1,7,2.0,0,3.5,0,1,0.0,0,1.0,0.6842105263157895,105,73,0.15789473684210525,19,4,0,0,0,0,5,0,1,0,0,1,0,0,3,0,20,0.9298245614035088,20,1.0526315789473684,19,0,4,0,19,0,0,19,2,1,0,0,1,0,1,19,20,4,1420,1300,10,0,12,130,1.0526315789473684,58,0,1079,26,241,46,20143
2025-07-11,argo,com.vrem.wifianalyzer.wifi.band,WiFiChannelsParameterizedTest,wiFiChannelByFrequencyInRange,1,0,0.0,1,1.0,0,0,1,0,3,0,1,0,1.0,0,2,0,5,2.0,0,3.5,0,0,0.0,0,1.0,0.6842105263157895,105,73,0.15789473684210525,19,4,0,0,0,0,5,0,1,0,0,1,0,0,3,0,20,0.9298245614035088,20,1.0526315789473684,19,0,4,0,19,0,0,19,2,1,0,0,1,0,1,19,20,4,1420,1300,10,0,12,130,1.0526315789473684,58,0,1079,26,241,46,20143
2025-07-11,argo,com.vrem.wifianalyzer.wifi.band,WiFiChannelsParameterizedTest,wiFiChannelByFrequencyOutOfRange,1,0,0.0,1,1.0,0,0,1,0,4,0,1,0,1.0,0,2,1,8,2.0,0,4.0,0,1,0.0,0,1.0,0.6842105263157895,105,73,0.15789473684210525,19,4,0,0,0,0,5,0,1,0,0,1,0,0,3,0,20,0.9298245614035088,20,1.0526315789473684,19,0,4,0,19,0,0,19,2,1,0,0,1,0,1,19,20,4,1420,1300,10,0,12,130,1.0526315789473684,58,0,1079,26,241,46,20143
2025-07-11,argo,com.vrem.wifianalyzer.wifi.band,WiFiChannelsParameterizedTest,wiFiChannelByChannelInRange,1,0,0.0,1,1.0,0,0,1,0,3,0,1,0,1.0,0,2,0,5,2.0,0,3.5,0,0,0.0,0,1.0,0.6842105263157895,105,73,0.15789473684210525,19,4,0,0,0,0,5,0,1,0,0,1,0,0,3,0,20,0.9298245614035088,20,1.0526315789473684,19,0,4,0,19,0,0,19,2,1,0,0,1,0,1,19,20,4,1420,1300,10,0,12,130,1.0526315789473684,58,0,1079,26,241,46,20143
2025-07-11,argo,com.vrem.wifianalyzer.wifi.band,WiFiChannelsParameterizedTest,wiFiChannelByChannelNotInRange,1,0,0.0,1,1.0,0,0,1,0,4,0,1,0,1.0,0,2,1,8,2.0,0,4.0,0,1,0.0,0,1.0,0.6842105263157895,105,73,0.15789473684210525,19,4,0,0,0,0,5,0,1,0,0,1,0,0,3,0,20,0.9298245614035088,20,1.0526315789473684,19,0,4,0,19,0,0,19,2,1,0,0,1,0,1,19,20,4,1420,1300,10,0,12,130,1.0526315789473684,58,0,1079,26,241,46,20143
2025-07-11,argo,com.vrem.wifianalyzer.wifi.band,WiFiChannelsParameterizedTest,channelRange,1,0,0.0,0,0.0,0,0,1,0,4,0,1,0,1.0,0,2,1,8,2.0,0,6.0,0,1,0.0,0,1.0,0.6842105263157895,105,73,0.15789473684210525,19,4,0,0,0,0,5,0,1,0,0,1,0,0,3,0,20,0.9298245614035088,20,1.0526315789473684,19,0,4,0,19,0,0,19,2,1,0,0,1,0,1,19,20,4,1420,1300,10,0,12,130,1.0526315789473684,58,0,1079,26,241,46,20143
2025-07-11,argo,com.vrem.wifianalyzer.wifi.band,WiFiChannelsParameterizedTest,activeChannels,1,1,0.0,2,1.0,0,0,1,0,6,0,1,0,1.0,0,2,0,8,2.0,2,2.6,0,0,0.0,0,1.0,0.6842105263157895,105,73,0.15789473684210525,19,4,0,0,0,0,5,0,1,0,0,1,0,0,3,0,20,0.9298245614035088,20,1.0526315789473684,19,0,4,0,19,0,0,19,2,1,0,0,1,0,1,19,20,4,1420,1300,10,0,12,130,1.0526315789473684,58,0,1079,26,241,46,20143
2025-07-11,argo,com.vrem.wifianalyzer.wifi.band,WiFiChannelsParameterizedTest,wiFiWidthUsingChannelInRange,2,0,0.0,2,1.0,0,0,1,0,8,1,2,0,1.0,0,2,0,8,2.0,0,2.3333333333333335,0,0,0.0,0,1.0,0.6842105263157895,105,73,0.15789473684210525,19,4,0,0,0,0,5,0,1,0,0,1,0,0,3,0,20,0.9298245614035088,20,1.0526315789473684,19,0,4,0,19,0,0,19,2,1,0,0,1,0,1,19,20,4,1420,1300,10,0,12,130,1.0526315789473684,58,0,1079,26,241,46,20143
2025-07-11,argo,com.vrem.wifianalyzer.wifi.band,WiFiChannelsParameterizedTest,wiFiWidthUsingChannelNotInRange,1,0,0.0,1,1.0,0,0,1,0,4,0,1,0,1.0,0,2,1,9,2.0,0,4.5,0,1,0.0,0,1.0,0.6842105263157895,105,73,0.15789473684210525,19,4,0,0,0,0,5,0,1,0,0,1,0,0,3,0,20,0.9298245614035088,20,1.0526315789473684,19,0,4,0,19,0,0,19,2,1,0,0,1,0,1,19,20,4,1420,1300,10,0,12,130,1.0526315789473684,58,0,1079,26,241,46,20143
2025-07-11,argo,com.vrem.wifianalyzer.wifi.band,WiFiChannelsParameterizedTest,availableChannels,1,0,0.0,1,1.0,0,0,1,0,3,0,1,0,1.0,0,2,1,3,2.0,0,4.0,0,1,0.0,0,1.0,0.6842105263157895,105,73,0.15789473684210525,19,4,0,0,0,0,5,0,1,0,0,1,0,0,3,0,20,0.9298245614035088,20,1.0526315789473684,19,0,4,0,19,0,0,19,2,1,0,0,1,0,1,19,20,4,1420,1300,10,0,12,130,1.0526315789473684,58,0,1079,26,241,46,20143
2025-07-11,argo,com.vrem.wifianalyzer.wifi.band,WiFiChannelsParameterizedTest,graphChannels,1,0,0.0,0,0.0,0,0,1,0,4,0,1,0,1.0,0,2,1,8,2.0,0,6.0,0,1,0.0,0,1.0,0.6842105263157895,105,73,0.15789473684210525,19,4,0,0,0,0,5,0,1,0,0,1,0,0,3,0,20,0.9298245614035088,20,1.0526315789473684,19,0,4,0,19,0,0,19,2,1,0,0,1,0,1,19,20,4,1420,1300,10,0,12,130,1.0526315789473684,58,0,1079,26,241,46,20143
2025-07-11,argo,com.vrem.wifianalyzer.wifi.band,WiFiChannelsParameterizedTest,availableChannelsUsingWiFiBandAndCountry,1,0,1.0,1,1.0,0,0,1,0,3,0,1,0,1.0,1,3,0,9,3.0,0,2.5,0,0,0.0,0,1.0,0.6842105263157895,105,73,0.15789473684210525,19,4,0,0,0,0,5,0,1,0,0,1,0,0,3,0,20,0.9298245614035088,20,1.0526315789473684,19,0,4,0,19,0,0,19,2,1,0,0,1,0,1,19,20,4,1420,1300,10,0,12,130,1.0526315789473684,58,0,1079,26,241,46,20143
2025-07-11,argo,com.vrem.wifianalyzer.wifi.band,WiFiChannelsParameterizedTest,availableChannelsUsingWiFiWidthWiFiBandAndCountry,1,0,1.0,1,1.0,0,0,1,0,3,0,1,0,1.0,1,4,1,9,4.0,0,2.5,0,1,0.0,0,1.0,0.6842105263157895,105,73,0.15789473684210525,19,4,0,0,0,0,5,0,1,0,0,1,0,0,3,0,20,0.9298245614035088,20,1.0526315789473684,19,0,4,0,19,0,0,19,2,1,0,0,1,0,1,19,20,4,1420,1300,10,0,12,130,1.0526315789473684,58,0,1079,26,241,46,20143
2025-07-11,argo,com.vrem.wifianalyzer.wifi.band,WiFiChannelsParameterizedTest,ratingChannels,1,0,0.0,1,1.0,0,0,1,0,3,0,1,0,1.0,1,4,0,8,4.0,0,2.6,0,0,0.0,0,1.0,0.6842105263157895,105,73,0.15789473684210525,19,4,0,0,0,0,5,0,1,0,0,1,0,0,3,0,20,0.9298245614035088,20,1.0526315789473684,19,0,4,0,19,0,0,19,2,1,0,0,1,0,1,19,20,4,1420,1300,10,0,12,130,1.0526315789473684,58,0,1079,26,241,46,20143
2025-07-11,argo,com.vrem.wifianalyzer.wifi.band,WiFiChannelsParameterizedTest,wiFiChannels,1,0,0.0,0,0.0,0,0,1,0,3,0,1,0,1.0,1,2,1,3,2.0,0,4.0,0,1,0.0,0,1.0,0.6842105263157895,105,73,0.15789473684210525,19,4,0,0,0,0,5,0,1,0,0,1,0,0,3,0,20,0.9298245614035088,20,1.0526315789473684,19,0,4,0,19,0,0,19,2,1,0,0,1,0,1,19,20,4,1420,1300,10,0,12,130,1.0526315789473684,58,0,1079,26,241,46,20143
2025-07-11,argo,com.vrem.wifianalyzer.wifi.band,WiFiChannelsParameterizedTest,graphChannelCount,1,0,0.0,0,0.0,0,0,1,0,3,0,1,0,1.0,1,2,1,3,2.0,0,4.0,0,1,0.0,0,1.0,0.6842105263157895,105,73,0.15789473684210525,19,4,0,0,0,0,5,0,1,0,0,1,0,0,3,0,20,0.9298245614035088,20,1.0526315789473684,19,0,4,0,19,0,0,19,2,1,0,0,1,0,1,19,20,4,1420,1300,10,0,12,130,1.0526315789473684,58,0,1079,26,241,46,20143
2025-07-11,argo,com.vrem.wifianalyzer.wifi.band,WiFiChannelsParameterizedTest,graphChannelByFrequencyInRange,1,0,0.0,1,1.0,0,0,1,0,3,0,1,0,1.0,0,2,0,7,2.0,0,2.75,0,0,0.0,0,1.0,0.6842105263157895,105,73,0.15789473684210525,19,4,0,0,0,0,5,0,1,0,0,1,0,0,3,0,20,0.9298245614035088,20,1.0526315789473684,19,0,4,0,19,0,0,19,2,1,0,0,1,0,1,19,20,4,1420,1300,10,0,12,130,1.0526315789473684,58,0,1079,26,241,46,20143
2025-07-11,argo,com.vrem.wifianalyzer.wifi.band,WiFiChannelsParameterizedTest,data,1,0,0.0,1,1.0,0,0,1,0,4,0,1,0,1.0,0,0,1,7,1.0,0,3.5,0,0,0.0,0,1.0,0.6842105263157895,105,73,0.15789473684210525,19,4,0,0,0,0,5,0,1,0,0,1,0,0,3,0,20,0.9298245614035088,20,1.0526315789473684,19,0,4,0,19,0,0,19,2,1,0,0,1,0,1,19,20,4,1420,1300,10,1,12,130,1.0526315789473684,58,0,1079,26,241,46,20143
2025-07-11,argo,com.vrem.wifianalyzer.wifi.band,WiFiChannelTest,inRange,1,0,0.0,0,0.0,0,0,1,0,7,0,1,0,1.0,1,2,1,4,2.0,0,2.111111111111111,0,1,0.0,0,1.0,1.0,30,19,0.0,4,3,0,0,0,0,1,0,3,0,0,3,0,0,0,0,4,0.5,4,1.0,4,0,3,0,4,0,0,4,0,1,0,0,0,0,0,4,4,4,1420,1300,10,0,4,13,1.0,58,0,1079,26,241,46,20143
2025-07-11,argo,com.vrem.wifianalyzer.wifi.band,WiFiChannelTest,compareToUsingSameChannelAndFrequency,1,1,0.0,1,1.0,0,0,1,0,4,0,1,0,1.0,0,3,1,3,3.0,2,3.0,0,1,0.0,0,1.0,1.0,30,19,0.0,4,3,0,0,0,0,1,0,3,0,0,3,0,0,0,0,4,0.5,4,1.0,4,0,3,0,4,0,0,4,0,1,0,0,0,0,0,4,4,4,1420,1300,10,0,4,13,1.0,58,0,1079,26,241,46,20143
2025-07-11,argo,com.vrem.wifianalyzer.wifi.band,WiFiChannelTest,compareToUsingDifferentChannel,1,1,0.0,1,1.0,0,0,1,0,4,0,1,0,1.0,0,3,1,3,3.0,2,3.0,0,1,0.0,0,1.0,1.0,30,19,0.0,4,3,0,0,0,0,1,0,3,0,0,3,0,0,0,0,4,0.5,4,1.0,4,0,3,0,4,0,0,4,0,1,0,0,0,0,0,4,4,4,1420,1300,10,0,4,13,1.0,58,0,1079,26,241,46,20143
2025-07-11,argo,com.vrem.wifianalyzer.wifi.band,WiFiChannelTest,compareToUsingDifferentFrequency,1,1,0.0,1,1.0,0,0,1,0,4,0,1,0,1.0,0,3,1,3,3.0,2,3.0,0,1,0.0,0,1.0,1.0,30,19,0.0,4,3,0,0,0,0,1,0,3,0,0,3,0,0,0,0,4,0.5,4,1.0,4,0,3,0,4,0,0,4,0,1,0,0,0,0,0,4,4,4,1420,1300,10,0,4,13,1.0,58,0,1079,26,241,46,20143
2025-07-11,argo,com.vrem.wifianalyzer.wifi.channelavailable,ChannelAvailableFragmentTest,setUp,3,0,0.0,2,0.5,0,1,1,0,4,2,3,0,1.0,0,2,1,6,2.0,0,4.0,0,1,0.0,0,0.6666666666666666,0.6666666666666666,31,13,0.0,3,5,0,0,0,0,6,0,5,0,0,5,0,0,0,0,5,1.0,5,1.6666666666666667,3,0,5,0,3,0,0,3,1,1,0,0,0,0,0,3,3,4,1420,1300,2,0,5,27,1.6666666666666667,5,0,163,26,241,6,20143
2025-07-11,argo,com.vrem.wifianalyzer.wifi.channelavailable,ChannelAvailableFragmentTest,tearDown,1,0,0.0,3,0.6667,0,1,1,0,5,0,1,0,1.0,0,1,2,3,1.0,1,2.0,0,2,0.0,0,0.6666666666666666,0.6666666666666666,31,13,0.0,3,5,0,0,0,0,6,0,5,0,0,5,0,0,0,0,5,1.0,5,1.6666666666666667,3,0,5,0,3,0,0,3,1,1,0,0,0,0,0,3,3,4,1420,1300,2,0,5,27,1.6666666666666667,5,0,163,26,241,6,20143
2025-07-11,argo,com.vrem.wifianalyzer.wifi.channelavailable,ChannelAvailableFragmentTest,onCreateView,1,1,0.0,4,1.0,0,1,1,0,8,0,1,0,1.0,0,3,2,18,3.0,1,4.0,0,2,0.0,0,0.6666666666666666,0.6666666666666666,31,13,0.0,3,5,0,0,0,0,6,0,5,0,0,5,0,0,0,0,5,1.0,5,1.6666666666666667,3,0,5,0,3,0,0,3,1,1,0,0,0,0,0,3,3,4,1420,1300,2,0,5,27,1.6666666666666667,5,0,163,26,241,6,20143
2025-07-11,argo,com.vrem.wifianalyzer.wifi.channelgraph,ChannelAxisLabelTest,yAxis,1,0,0.0,1,1.0,0,0,1,0,6,0,1,0,1.0,0,1,1,6,1.0,0,2.4,0,1,0.0,0,1.0,1.0,34,26,0.0,5,1,0,0,0,0,1,0,1,0,0,1,0,0,0,0,5,0.4,5,1.0,5,0,1,0,5,0,0,5,0,1,0,0,0,0,0,5,5,4,1420,1300,8,0,5,18,1.0,40,0,707,26,241,34,20143
2025-07-11,argo,com.vrem.wifianalyzer.wifi.channelgraph,ChannelAxisLabelTest,formatLabelWithFirstFrequencyInRange,1,2,0.0,2,1.0,0,0,1,0,5,0,1,0,1.0,0,1,1,3,0.5,1,3.0,0,1,0.0,0,1.0,1.0,34,26,0.0,5,1,0,0,0,0,1,0,1,0,0,1,0,0,0,0,5,0.4,5,1.0,5,0,1,0,5,0,0,5,0,1,0,0,0,0,0,5,5,4,1420,1300,8,0,5,18,1.0,40,0,707,26,241,34,20143
2025-07-11,argo,com.vrem.wifianalyzer.wifi.channelgraph,ChannelAxisLabelTest,formatLabelWithLastFrequencyInRange,1,2,0.0,2,1.0,0,0,1,0,5,0,1,0,1.0,0,1,1,3,0.5,1,3.0,0,1,0.0,0,1.0,1.0,34,26,0.0,5,1,0,0,0,0,1,0,1,0,0,1,0,0,0,0,5,0.4,5,1.0,5,0,1,0,5,0,0,5,0,1,0,0,0,0,0,5,5,4,1420,1300,8,0,5,18,1.0,40,0,707,26,241,34,20143
2025-07-11,argo,com.vrem.wifianalyzer.wifi.channelgraph,ChannelAxisLabelTest,formatLabelWithFirstFrequencyNotInRange,1,2,0.0,2,1.0,0,0,1,0,5,0,1,0,1.0,0,1,1,3,0.5,1,3.6666666666666665,0,1,0.0,0,1.0,1.0,34,26,0.0,5,1,0,0,0,0,1,0,1,0,0,1,0,0,0,0,5,0.4,5,1.0,5,0,1,0,5,0,0,5,0,1,0,0,0,0,0,5,5,4,1420,1300,8,0,5,18,1.0,40,0,707,26,241,34,20143
2025-07-11,argo,com.vrem.wifianalyzer.wifi.channelgraph,ChannelAxisLabelTest,formatLabelWithLastFrequencyNotInRange,1,2,0.0,2,1.0,0,0,1,0,5,0,1,0,1.0,0,1,1,3,0.5,1,3.6666666666666665,0,1,0.0,0,1.0,1.0,34,26,0.0,5,1,0,0,0,0,1,0,1,0,0,1,0,0,0,0,5,0.4,5,1.0,5,0,1,0,5,0,0,5,0,1,0,0,0,0,0,5,5,4,1420,1300,8,0,5,18,1.0,40,0,707,26,241,34,20143
2025-07-11,argo,com.vrem.wifianalyzer.wifi.channelgraph,ChannelGraphFragmentTest,tearDown,1,0,0.0,1,1.0,0,0,1,0,3,0,1,0,0.0,0,0,1,2,0.0,0,3.0,0,1,0.0,0,0.6666666666666666,0.8333333333333334,44,31,0.0,6,3,0,0,0,0,5,0,3,0,0,3,0,0,0,0,6,0.33333333333333337,6,1.0,6,0,3,0,6,0,0,6,1,1,0,0,0,0,0,6,6,4,1420,1300,8,0,12,37,1.0,40,0,707,26,241,34,20143
2025-07-11,argo,com.vrem.wifianalyzer.wifi.channelgraph,ChannelGraphFragmentTest,onCreateView,1,0,0.0,4,0.75,0,0,1,0,6,0,1,0,1.0,0,2,3,6,2.0,1,2.5,0,3,0.0,0,0.6666666666666666,0.8333333333333334,44,31,0.0,6,3,0,0,0,0,5,0,3,0,0,3,0,0,0,0,6,0.33333333333333337,6,1.0,6,0,3,0,6,0,0,6,1,1,0,0,0,0,0,6,6,4,1420,1300,8,0,12,37,1.0,40,0,707,26,241,34,20143
2025-07-11,argo,com.vrem.wifianalyzer.wifi.channelgraph,ChannelGraphFragmentTest,refreshEnabled,1,1,0.0,3,1.0,0,0,1,0,5,0,1,0,1.0,0,1,2,8,1.0,0,3.6666666666666665,0,2,0.0,0,0.6666666666666666,0.8333333333333334,44,31,0.0,6,3,0,0,0,0,5,0,3,0,0,3,0,0,0,0,6,0.33333333333333337,6,1.0,6,0,3,0,6,0,0,6,1,1,0,0,0,0,0,6,6,4,1420,1300,8,0,12,37,1.0,40,0,707,26,241,34,20143
2025-07-11,argo,com.vrem.wifianalyzer.wifi.channelgraph,ChannelGraphFragmentTest,onResume,1,0,0.0,3,0.6667,0,0,1,0,6,0,1,0,1.0,1,2,2,6,2.0,1,2.5,0,2,0.0,0,0.6666666666666666,0.8333333333333334,44,31,0.0,6,3,0,0,0,0,5,0,3,0,0,3,0,0,0,0,6,0.33333333333333337,6,1.0,6,0,3,0,6,0,0,6,1,1,0,0,0,0,0,6,6,4,1420,1300,8,0,12,37,1.0,40,0,707,26,241,34,20143
2025-07-11,argo,com.vrem.wifianalyzer.wifi.channelgraph,ChannelGraphFragmentTest,onPause,1,0,0.0,2,1.0,0,0,1,0,5,0,1,0,1.0,1,2,2,5,2.0,1,2.6666666666666665,0,2,0.0,0,0.6666666666666666,0.8333333333333334,44,31,0.0,6,3,0,0,0,0,5,0,3,0,0,3,0,0,0,0,6,0.33333333333333337,6,1.0,6,0,3,0,6,0,0,6,1,1,0,0,0,0,0,6,6,4,1420,1300,8,0,12,37,1.0,40,0,707,26,241,34,20143
2025-07-11,argo,com.vrem.wifianalyzer.wifi.channelgraph,ChannelGraphFragmentTest,refreshDisabled,1,1,0.0,4,0.75,0,0,1,0,6,0,1,0,1.0,0,1,2,10,1.0,0,3.5,0,2,0.0,0,0.6666666666666666,0.8333333333333334,44,31,0.0,6,3,0,0,0,0,5,0,3,0,0,3,0,0,0,0,6,0.33333333333333337,6,1.0,6,0,3,0,6,0,0,6,1,1,0,0,0,0,0,6,6,4,1420,1300,8,0,12,37,1.0,40,0,707,26,241,34,20143
2025-07-11,argo,com.vrem.wifianalyzer.wifi.channelgraph,ChannelGraphViewTest,tearDown,1,0,0.0,1,1.0,0,0,1,0,5,0,1,0,1.0,0,2,2,3,2.0,0,3.0,0,2,0.0,0,0.2,1.0,70,55,0.0,6,4,0,0,0,0,8,0,4,0,0,4,0,0,0,0,12,0.5333333333333333,12,2.0,6,0,4,0,6,0,0,6,3,1,0,0,0,0,0,6,6,4,1420,1300,8,0,16,53,2.3333333333333335,40,0,707,26,241,34,20143
2025-07-11,argo,com.vrem.wifianalyzer.wifi.channelgraph,ChannelGraphViewTest,update,8,4,0.0,13,0.5,0,0,1,0,25,5,8,0,1.0,1,4,4,34,4.0,2,2.6315789473684212,0,4,0.0,0,0.2,1.0,70,55,0.0,6,4,0,0,0,0,8,0,4,0,0,4,0,0,0,0,12,0.5333333333333333,12,2.0,6,0,4,0,6,0,0,6,3,1,0,0,0,0,0,6,6,4,1420,1300,8,0,16,53,2.3333333333333335,40,0,707,26,241,34,20143
2025-07-11,argo,com.vrem.wifianalyzer.wifi.channelgraph,ChannelGraphViewTest,graphView,2,2,0.0,2,1.0,0,0,1,0,7,1,2,0,1.0,1,2,3,6,2.0,1,2.25,0,3,0.0,0,0.2,1.0,70,55,0.0,6,4,0,0,0,0,8,0,4,0,0,4,0,0,0,0,12,0.5333333333333333,12,2.0,6,0,4,0,6,0,0,6,3,1,0,0,0,0,0,6,6,4,1420,1300,8,0,16,53,2.3333333333333335,40,0,707,26,241,34,20143
2025-07-11,argo,com.vrem.wifianalyzer.wifi.channelgraph,ChannelGraphViewTest,makeGraphView,1,1,0.0,2,1.0,0,0,1,0,5,0,1,1,0.0,1,0,2,4,0.0,1,2.2,0,2,0.0,0,0.2,1.0,70,55,0.0,6,4,0,0,0,0,8,0,4,0,0,4,0,0,0,0,12,0.5333333333333333,12,2.0,6,0,4,0,6,0,0,6,3,1,0,0,0,0,0,6,6,4,1420,1300,8,0,16,53,2.3333333333333335,40,0,707,26,241,34,20143
2025-07-11,argo,com.vrem.wifianalyzer.wifi.channelgraph,ChannelGraphViewTest,makeGraphViewWrapper,1,1,0.0,3,1.0,0,0,1,0,6,0,1,2,0.0,1,0,3,4,0.0,1,2.5,0,3,0.0,0,0.2,1.0,70,55,0.0,6,4,0,0,0,0,8,0,4,0,0,4,0,0,0,0,12,0.5333333333333333,12,2.0,6,0,4,0,6,0,0,6,3,1,0,0,0,0,0,6,6,4,1420,1300,8,0,16,53,2.3333333333333335,40,0,707,26,241,34,20143
2025-07-11,argo,com.vrem.wifianalyzer.wifi.channelgraph,ChannelGraphViewTest,makeDefaultSeries,1,3,0.0,1,1.0,0,0,1,0,7,0,1,1,0.0,1,0,2,2,0.0,1,2.5,0,2,0.0,0,0.2,1.0,70,55,0.0,6,4,0,0,0,0,8,0,4,0,0,4,0,0,0,0,12,0.5333333333333333,12,2.0,6,0,4,0,6,0,0,6,3,1,0,0,0,0,0,6,6,4,1420,1300,8,0,16,53,2.3333333333333335,40,0,707,26,241,34,20143
2025-07-11,argo,com.vrem.wifianalyzer.wifi.channelgraph,DataManagerTest,newSeries,1,2,1.0,1,1.0,0,0,1,0,5,0,1,2,1.0,2,1,1,3,0.5,1,2.0,0,1,0.0,0,0.5714285714285714,0.8571428571428571,67,53,0.8571428571428571,7,3,0,0,0,4,4,0,9,0,0,9,0,0,0,0,9,0.6190476190476191,9,1.2857142857142858,7,0,3,0,5,2,0,5,2,1,0,0,0,0,0,7,7,4,1420,1300,8,0,7,47,1.2857142857142858,40,0,707,26,241,34,20143
2025-07-11,argo,com.vrem.wifianalyzer.wifi.channelgraph,DataManagerTest,graphDataPoints,1,2,1.0,2,1.0,0,0,1,0,10,0,1,1,1.0,2,2,1,11,1.0,3,2.4166666666666665,0,1,0.0,0,0.5714285714285714,0.8571428571428571,67,53,0.8571428571428571,7,3,0,0,0,4,4,0,9,0,0,9,0,0,0,0,9,0.6190476190476191,9,1.2857142857142858,7,0,3,0,5,2,0,5,2,1,0,0,0,0,0,7,7,4,1420,1300,8,0,7,47,1.2857142857142858,40,0,707,26,241,34,20143
2025-07-11,argo,com.vrem.wifianalyzer.wifi.channelgraph,DataManagerTest,graphDataPointsExpectLevelToEqualToLevelMax,1,3,2.0,2,1.0,0,0,1,0,11,0,1,1,1.0,2,2,1,11,0.67,3,2.4166666666666665,0,1,0.0,0,0.5714285714285714,0.8571428571428571,67,53,0.8571428571428571,7,3,0,0,0,4,4,0,9,0,0,9,0,0,0,0,9,0.6190476190476191,9,1.2857142857142858,7,0,3,0,5,2,0,5,2,1,0,0,0,0,0,7,7,4,1420,1300,8,0,7,47,1.2857142857142858,40,0,707,26,241,34,20143
2025-07-11,argo,com.vrem.wifianalyzer.wifi.channelgraph,DataManagerTest,addSeriesDataWithExistingWiFiDetails,2,4,3.0,2,1.0,0,0,1,0,10,1,2,1,1.0,3,1,2,9,0.33,2,2.2,0,2,0.0,0,0.5714285714285714,0.8571428571428571,67,53,0.8571428571428571,7,3,0,0,0,4,4,0,9,0,0,9,0,0,0,0,9,0.6190476190476191,9,1.2857142857142858,7,0,3,0,5,2,0,5,2,1,0,0,0,0,0,7,7,4,1420,1300,8,0,7,47,1.2857142857142858,40,0,707,26,241,34,20143
2025-07-11,argo,com.vrem.wifianalyzer.wifi.channelgraph,DataManagerTest,addSeriesDataNewWiFiDetails,2,3,2.0,2,1.0,0,0,1,0,9,1,2,1,1.0,2,1,2,8,0.5,2,2.25,0,2,0.0,0,0.5714285714285714,0.8571428571428571,67,53,0.8571428571428571,7,3,0,0,0,4,4,0,9,0,0,9,0,0,0,0,9,0.6190476190476191,9,1.2857142857142858,7,0,3,0,5,2,0,5,2,1,0,0,0,0,0,7,7,4,1420,1300,8,0,7,47,1.2857142857142858,40,0,707,26,241,34,20143
2025-07-11,argo,com.vrem.wifianalyzer.wifi.channelgraph,DataManagerTest,makeWiFiDetail,1,2,0.0,2,1.0,0,0,1,0,5,0,1,0,0.25,0,1,0,4,0.25,0,2.0,2,0,0.0,0,0.5714285714285714,0.8571428571428571,67,53,0.8571428571428571,7,3,0,0,0,4,4,0,9,0,0,9,0,0,0,0,9,0.6190476190476191,9,1.2857142857142858,7,0,3,0,5,2,0,5,2,1,0,0,0,0,0,7,7,4,1420,1300,8,0,7,47,1.2857142857142858,40,0,707,26,241,34,20143
2025-07-11,argo,com.vrem.wifianalyzer.wifi.channelgraph,DataManagerTest,makeWiFiDetails,1,0,1.0,0,0.0,0,0,1,0,3,0,1,2,0.0,1,0,0,1,0.0,0,0.0,0,0,0.0,0,0.5714285714285714,0.8571428571428571,67,53,0.8571428571428571,7,3,0,0,0,4,4,0,9,0,0,9,0,0,0,0,9,0.6190476190476191,9,1.2857142857142858,7,0,3,0,5,2,0,5,2,1,0,0,0,0,0,7,7,4,1420,1300,8,0,7,47,1.2857142857142858,40,0,707,26,241,34,20143
2025-07-11,argo,com.vrem.wifianalyzer.wifi.channelrating,ChannelRatingAdapterBindingTest,channelRatingAdapterBinding,5,6,0.0,8,0.375,0,0,1,0,21,4,5,0,0.0,0,0,3,34,0.0,0,3.923076923076923,0,3,0.0,0,0.0,1.0,23,21,0.0,1,0,0,0,0,0,3,0,0,0,0,0,0,0,0,0,5,0.0,5,5.0,1,0,0,0,1,0,0,1,0,1,0,0,0,0,0,1,1,4,1420,1300,7,0,3,34,5.0,31,0,720,26,241,33,20143
2025-07-11,argo,com.vrem.wifianalyzer.wifi.channelrating,ChannelRatingAdapterParameterizedTest,tearDown,1,0,0.0,1,1.0,0,0,1,0,5,0,1,0,1.0,0,2,2,3,2.0,0,3.0,0,2,0.0,0,0.4,1.0,68,41,0.3333333333333333,6,8,0,0,0,4,6,0,8,0,0,8,0,0,0,0,6,0.8,6,1.0,6,0,8,0,4,2,0,4,0,1,0,0,1,0,1,6,7,4,1420,1300,7,0,8,69,1.5,31,0,720,26,241,33,20143
2025-07-11,argo,com.vrem.wifianalyzer.wifi.channelrating,ChannelRatingAdapterParameterizedTest,bestChannelsRatingGHZ2NotVisible,2,2,0.0,5,1.0,0,0,1,0,11,0,2,1,1.0,0,3,2,15,4.0,1,3.5,0,2,0.0,0,0.4,1.0,68,41,0.3333333333333333,6,8,0,0,0,4,6,0,8,0,0,8,0,0,0,0,6,0.8,6,1.0,6,0,8,0,4,2,0,4,0,1,0,0,1,0,1,6,7,4,1420,1300,7,0,8,69,1.5,31,0,720,26,241,33,20143
2025-07-11,argo,com.vrem.wifianalyzer.wifi.channelrating,ChannelRatingAdapterParameterizedTest,bestChannelsRatingGHZ5NotVisible,2,2,0.0,5,1.0,0,0,1,0,11,0,2,1,1.0,0,3,2,15,4.0,1,3.5,0,2,0.0,0,0.4,1.0,68,41,0.3333333333333333,6,8,0,0,0,4,6,0,8,0,0,8,0,0,0,0,6,0.8,6,1.0,6,0,8,0,4,2,0,4,0,1,0,0,1,0,1,6,7,4,1420,1300,7,0,8,69,1.5,31,0,720,26,241,33,20143
2025-07-11,argo,com.vrem.wifianalyzer.wifi.channelrating,ChannelRatingAdapterParameterizedTest,bestChannelsRatingGHZ5Visible,2,3,1.0,6,1.0,0,0,1,0,12,0,2,3,1.0,1,3,2,20,2.0,1,2.909090909090909,0,2,0.0,0,0.4,1.0,68,41,0.3333333333333333,6,8,0,0,0,4,6,0,8,0,0,8,0,0,0,0,6,0.8,6,1.0,6,0,8,0,4,2,0,4,0,1,0,0,1,0,1,6,7,4,1420,1300,7,0,8,69,1.5,31,0,720,26,241,33,20143
2025-07-11,argo,com.vrem.wifianalyzer.wifi.channelrating,ChannelRatingAdapterParameterizedTest,withChannelAPCounts,1,0,1.0,0,0.0,0,0,1,0,1,0,1,5,0.0,1,0,0,15,0.0,0,2.3333333333333335,0,0,0.0,0,0.4,1.0,68,41,0.3333333333333333,6,8,0,0,0,4,6,0,8,0,0,8,0,0,0,0,6,0.8,6,1.0,6,0,8,0,4,2,0,4,0,1,0,0,1,0,1,6,7,4,1420,1300,7,0,8,69,1.5,31,0,720,26,241,33,20143
2025-07-11,argo,com.vrem.wifianalyzer.wifi.channelrating,ChannelRatingAdapterParameterizedTest,data,1,0,0.0,0,0.0,0,0,1,0,1,0,1,0,0.0,0,0,0,1,0.0,0,0.0,0,0,0.0,0,0.4,1.0,68,41,0.3333333333333333,6,8,0,0,0,4,6,0,8,0,0,8,0,0,0,0,6,0.8,6,1.0,6,0,8,0,4,2,0,4,0,1,0,0,1,0,1,6,7,4,1420,1300,7,1,8,69,1.5,31,0,720,26,241,33,20143
2025-07-11,argo,com.vrem.wifianalyzer.wifi.channelrating,ChannelRatingAdapterTest,tearDown,1,0,0.0,1,1.0,0,1,1,0,5,0,1,0,1.0,0,2,2,3,2.0,0,3.0,0,2,0.0,0,0.5357142857142857,0.875,102,56,0.2857142857142857,7,7,0,0,0,3,6,0,7,0,0,7,0,0,0,0,8,0.75,8,1.0,8,0,7,0,6,2,0,6,0,1,0,0,0,0,0,8,8,4,1420,1300,7,0,17,133,2.0,31,0,720,26,241,33,20143
2025-07-11,argo,com.vrem.wifianalyzer.wifi.channelrating,ChannelRatingAdapterTest,getView,4,7,0.0,13,0.8,0,1,1,0,23,0,4,0,1.0,1,4,3,39,0.57,2,3.35,0,3,0.0,0,0.5357142857142857,0.875,102,56,0.2857142857142857,7,7,0,0,0,3,6,0,7,0,0,7,0,0,0,0,8,0.75,8,1.0,8,0,7,0,6,2,0,6,0,1,0,0,0,0,0,8,8,4,1420,1300,7,0,17,133,2.0,31,0,720,26,241,33,20143
2025-07-11,argo,com.vrem.wifianalyzer.wifi.channelrating,ChannelRatingAdapterTest,update,3,6,0.0,11,0.8333,0,1,1,0,16,0,3,0,1.0,1,5,3,26,1.0,2,2.75,0,3,0.0,0,0.5357142857142857,0.875,102,56,0.2857142857142857,7,7,0,0,0,3,6,0,7,0,0,7,0,0,0,0,8,0.75,8,1.0,8,0,7,0,6,2,0,6,0,1,0,0,0,0,0,8,8,4,1420,1300,7,0,17,133,2.0,31,0,720,26,241,33,20143
2025-07-11,argo,com.vrem.wifianalyzer.wifi.channelrating,ChannelRatingAdapterTest,bestChannelsGHZ2WithErrorMessage,2,5,0.0,5,1.0,0,1,1,0,12,0,2,1,1.0,0,4,3,24,1.33,0,3.5454545454545454,0,3,0.0,0,0.5357142857142857,0.875,102,56,0.2857142857142857,7,7,0,0,0,3,6,0,7,0,0,7,0,0,0,0,8,0.75,8,1.0,8,0,7,0,6,2,0,6,0,1,0,0,0,0,0,8,8,4,1420,1300,7,0,17,133,2.0,31,0,720,26,241,33,20143
2025-07-11,argo,com.vrem.wifianalyzer.wifi.channelrating,ChannelRatingAdapterTest,bestChannelsGHZ5WithErrorMessage,2,4,0.0,5,1.0,0,1,1,0,11,0,2,1,1.0,0,4,3,21,2.0,0,3.75,0,3,0.0,0,0.5357142857142857,0.875,102,56,0.2857142857142857,7,7,0,0,0,3,6,0,7,0,0,7,0,0,0,0,8,0.75,8,1.0,8,0,7,0,6,2,0,6,0,1,0,0,0,0,0,8,8,4,1420,1300,7,0,17,133,2.0,31,0,720,26,241,33,20143
2025-07-11,argo,com.vrem.wifianalyzer.wifi.channelrating,ChannelRatingAdapterTest,bestChannelsGHZ5WithSuccessMessage,2,3,1.0,4,1.0,0,1,1,0,10,0,2,2,1.0,1,4,3,17,2.0,0,3.5714285714285716,0,3,0.0,0,0.5357142857142857,0.875,102,56,0.2857142857142857,7,7,0,0,0,3,6,0,7,0,0,7,0,0,0,0,8,0.75,8,1.0,8,0,7,0,6,2,0,6,0,1,0,0,0,0,0,8,8,4,1420,1300,7,0,17,133,2.0,31,0,720,26,241,33,20143
2025-07-11,argo,com.vrem.wifianalyzer.wifi.channelrating,ChannelRatingAdapterTest,withChannelAPCounts,1,0,1.0,0,0.0,0,1,1,0,1,0,1,1,0.0,1,0,0,2,0.0,0,2.5,0,0,0.0,0,0.5357142857142857,0.875,102,56,0.2857142857142857,7,7,0,0,0,3,6,0,7,0,0,7,0,0,0,0,8,0.75,8,1.0,8,0,7,0,6,2,0,6,0,1,0,0,0,0,0,8,8,4,1420,1300,7,0,17,133,2.0,31,0,720,26,241,33,20143
2025-07-11,argo,com.vrem.wifianalyzer.wifi.channelrating,ChannelRatingAdapterTest,channelAPCount,1,0,0.0,1,1.0,0,1,1,0,1,0,1,0,0.0,0,0,0,1,0.0,0,2.0,1,0,0.0,0,0.5357142857142857,0.875,102,56,0.2857142857142857,7,7,0,0,0,3,6,0,7,0,0,7,0,0,0,0,8,0.75,8,1.0,8,0,7,0,6,2,0,6,0,1,0,0,0,0,0,8,8,4,1420,1300,7,0,17,133,2.0,31,0,720,26,241,33,20143
2025-07-11,argo,com.vrem.wifianalyzer.wifi.channelrating,ChannelRatingFragmentTest,tearDown,1,0,0.0,1,1.0,0,0,1,0,3,0,1,0,0.0,0,0,1,1,0.0,1,2.0,0,1,0.0,0,0.6666666666666666,0.8333333333333334,43,30,0.0,6,3,0,0,0,0,5,0,3,0,0,3,0,0,0,0,6,0.33333333333333337,6,1.0,6,0,3,0,6,0,0,6,1,1,0,0,0,0,0,6,6,4,1420,1300,7,0,11,35,1.0,31,0,720,26,241,33,20143
2025-07-11,argo,com.vrem.wifianalyzer.wifi.channelrating,ChannelRatingFragmentTest,onCreateView,1,0,0.0,3,0.6667,0,0,1,0,5,0,1,0,1.0,0,2,2,5,2.0,1,2.6666666666666665,0,2,0.0,0,0.6666666666666666,0.8333333333333334,43,30,0.0,6,3,0,0,0,0,5,0,3,0,0,3,0,0,0,0,6,0.33333333333333337,6,1.0,6,0,3,0,6,0,0,6,1,1,0,0,0,0,0,6,6,4,1420,1300,7,0,11,35,1.0,31,0,720,26,241,33,20143
2025-07-11,argo,com.vrem.wifianalyzer.wifi.channelrating,ChannelRatingFragmentTest,refreshEnabled,1,1,0.0,3,1.0,0,0,1,0,5,0,1,0,1.0,0,1,2,8,1.0,0,3.6666666666666665,0,2,0.0,0,0.6666666666666666,0.8333333333333334,43,30,0.0,6,3,0,0,0,0,5,0,3,0,0,3,0,0,0,0,6,0.33333333333333337,6,1.0,6,0,3,0,6,0,0,6,1,1,0,0,0,0,0,6,6,4,1420,1300,7,0,11,35,1.0,31,0,720,26,241,33,20143
2025-07-11,argo,com.vrem.wifianalyzer.wifi.channelrating,ChannelRatingFragmentTest,onResume,1,0,0.0,3,0.6667,0,0,1,0,6,0,1,0,1.0,1,2,2,6,2.0,1,2.5,0,2,0.0,0,0.6666666666666666,0.8333333333333334,43,30,0.0,6,3,0,0,0,0,5,0,3,0,0,3,0,0,0,0,6,0.33333333333333337,6,1.0,6,0,3,0,6,0,0,6,1,1,0,0,0,0,0,6,6,4,1420,1300,7,0,11,35,1.0,31,0,720,26,241,33,20143
2025-07-11,argo,com.vrem.wifianalyzer.wifi.channelrating,ChannelRatingFragmentTest,onPause,1,0,0.0,2,1.0,0,0,1,0,5,0,1,0,1.0,1,2,2,5,2.0,1,2.6666666666666665,0,2,0.0,0,0.6666666666666666,0.8333333333333334,43,30,0.0,6,3,0,0,0,0,5,0,3,0,0,3,0,0,0,0,6,0.33333333333333337,6,1.0,6,0,3,0,6,0,0,6,1,1,0,0,0,0,0,6,6,4,1420,1300,7,0,11,35,1.0,31,0,720,26,241,33,20143
2025-07-11,argo,com.vrem.wifianalyzer.wifi.channelrating,ChannelRatingFragmentTest,refreshDisabled,1,1,0.0,4,0.75,0,0,1,0,6,0,1,0,1.0,0,1,2,10,1.0,0,3.5,0,2,0.0,0,0.6666666666666666,0.8333333333333334,43,30,0.0,6,3,0,0,0,0,5,0,3,0,0,3,0,0,0,0,6,0.33333333333333337,6,1.0,6,0,3,0,6,0,0,6,1,1,0,0,0,0,0,6,6,4,1420,1300,7,0,11,35,1.0,31,0,720,26,241,33,20143
2025-07-11,argo,com.vrem.wifianalyzer.wifi.filter,FilterTest,setUp,1,0,0.0,1,1.0,0,1,1,0,3,0,1,0,0.0,0,0,1,2,0.0,0,3.0,0,1,0.0,0,0.7428571428571429,0.8,114,91,0.7142857142857143,15,2,0,0,0,0,7,0,2,0,0,2,0,0,0,0,15,0.36190476190476195,15,1.0,15,0,2,0,15,0,0,15,0,1,0,0,0,0,0,15,15,4,1420,1300,8,0,27,106,1.0,24,0,625,26,241,27,20143
2025-07-11,argo,com.vrem.wifianalyzer.wifi.filter,FilterTest,tearDown,1,0,0.0,1,1.0,0,1,1,0,3,0,1,0,0.0,0,0,1,1,0.0,1,2.0,0,1,0.0,0,0.7428571428571429,0.8,114,91,0.7142857142857143,15,2,0,0,0,0,7,0,2,0,0,2,0,0,0,0,15,0.36190476190476195,15,1.0,15,0,2,0,15,0,0,15,0,1,0,0,0,0,0,15,15,4,1420,1300,8,0,27,106,1.0,24,0,625,26,241,27,20143
2025-07-11,argo,com.vrem.wifianalyzer.wifi.filter,FilterTest,alertDialog,1,1,0.0,1,1.0,0,1,1,0,4,0,1,0,1.0,0,1,1,2,1.0,0,2.5,0,1,0.0,0,0.7428571428571429,0.8,114,91,0.7142857142857143,15,2,0,0,0,0,7,0,2,0,0,2,0,0,0,0,15,0.36190476190476195,15,1.0,15,0,2,0,15,0,0,15,0,1,0,0,0,0,0,15,15,4,1420,1300,8,0,27,106,1.0,24,0,625,26,241,27,20143
2025-07-11,argo,com.vrem.wifianalyzer.wifi.filter,FilterTest,show,1,0,0.0,1,1.0,0,1,1,0,4,0,1,0,1.0,1,1,1,4,1.0,1,3.0,0,1,0.0,0,0.7428571428571429,0.8,114,91,0.7142857142857143,15,2,0,0,0,0,7,0,2,0,0,2,0,0,0,0,15,0.36190476190476195,15,1.0,15,0,2,0,15,0,0,15,0,1,0,0,0,0,0,15,15,4,1420,1300,8,0,27,106,1.0,24,0,625,26,241,27,20143
2025-07-11,argo,com.vrem.wifianalyzer.wifi.filter,FilterTest,title,1,3,0.0,3,1.0,0,1,1,0,6,0,1,0,1.0,0,2,1,8,0.67,2,3.25,0,1,0.0,0,0.7428571428571429,0.8,114,91,0.7142857142857143,15,2,0,0,0,0,7,0,2,0,0,2,0,0,0,0,15,0.36190476190476195,15,1.0,15,0,2,0,15,0,0,15,0,1,0,0,0,0,0,15,15,4,1420,1300,8,0,27,106,1.0,24,0,625,26,241,27,20143
2025-07-11,argo,com.vrem.wifianalyzer.wifi.filter,FilterTest,positiveButton,1,3,1.0,5,1.0,0,1,1,0,11,0,1,0,1.0,1,1,4,12,0.67,1,2.5555555555555554,0,4,0.0,0,0.7428571428571429,0.8,114,91,0.7142857142857143,15,2,0,0,0,0,7,0,2,0,0,2,0,0,0,0,15,0.36190476190476195,15,1.0,15,0,2,0,15,0,0,15,0,1,0,0,0,0,0,15,15,4,1420,1300,8,0,27,106,1.0,24,0,625,26,241,27,20143
2025-07-11,argo,com.vrem.wifianalyzer.wifi.filter,FilterTest,negativeButton,1,3,1.0,5,1.0,0,1,1,0,11,0,1,0,1.0,1,1,4,12,0.67,1,2.5555555555555554,0,4,0.0,0,0.7428571428571429,0.8,114,91,0.7142857142857143,15,2,0,0,0,0,7,0,2,0,0,2,0,0,0,0,15,0.36190476190476195,15,1.0,15,0,2,0,15,0,0,15,0,1,0,0,0,0,0,15,15,4,1420,1300,8,0,27,106,1.0,24,0,625,26,241,27,20143
2025-07-11,argo,com.vrem.wifianalyzer.wifi.filter,FilterTest,neutralButton,1,3,1.0,5,1.0,0,1,1,0,11,0,1,0,1.0,1,1,4,12,0.67,1,2.5555555555555554,0,4,0.0,0,0.7428571428571429,0.8,114,91,0.7142857142857143,15,2,0,0,0,0,7,0,2,0,0,2,0,0,0,0,15,0.36190476190476195,15,1.0,15,0,2,0,15,0,0,15,0,1,0,0,0,0,0,15,15,4,1420,1300,8,0,27,106,1.0,24,0,625,26,241,27,20143
2025-07-11,argo,com.vrem.wifianalyzer.wifi.filter,FilterTest,sSIDFilterViewIsVisible,1,1,1.0,2,1.0,0,1,1,0,5,0,1,0,1.0,1,1,1,8,1.0,1,3.6666666666666665,0,1,0.0,0,0.7428571428571429,0.8,114,91,0.7142857142857143,15,2,0,0,0,0,7,0,2,0,0,2,0,0,0,0,15,0.36190476190476195,15,1.0,15,0,2,0,15,0,0,15,0,1,0,0,0,0,0,15,15,4,1420,1300,8,0,27,106,1.0,24,0,625,26,241,27,20143
2025-07-11,argo,com.vrem.wifianalyzer.wifi.filter,FilterTest,wiFiBandFilterViewIsVisible,1,1,1.0,2,1.0,0,1,1,0,5,0,1,0,1.0,1,1,1,8,1.0,1,3.6666666666666665,0,1,0.0,0,0.7428571428571429,0.8,114,91,0.7142857142857143,15,2,0,0,0,0,7,0,2,0,0,2,0,0,0,0,15,0.36190476190476195,15,1.0,15,0,2,0,15,0,0,15,0,1,0,0,0,0,0,15,15,4,1420,1300,8,0,27,106,1.0,24,0,625,26,241,27,20143
2025-07-11,argo,com.vrem.wifianalyzer.wifi.filter,FilterTest,wiFiBandFilterMapping,1,2,1.0,3,1.0,0,1,1,0,7,0,1,0,1.0,1,1,2,7,1.0,2,2.5,0,2,0.0,0,0.7428571428571429,0.8,114,91,0.7142857142857143,15,2,0,0,0,0,7,0,2,0,0,2,0,0,0,0,15,0.36190476190476195,15,1.0,15,0,2,0,15,0,0,15,0,1,0,0,0,0,0,15,15,4,1420,1300,8,0,27,106,1.0,24,0,625,26,241,27,20143
2025-07-11,argo,com.vrem.wifianalyzer.wifi.filter,FilterTest,securityFilterViewIsVisible,1,1,1.0,2,1.0,0,1,1,0,5,0,1,0,1.0,1,1,1,8,1.0,1,3.6666666666666665,0,1,0.0,0,0.7428571428571429,0.8,114,91,0.7142857142857143,15,2,0,0,0,0,7,0,2,0,0,2,0,0,0,0,15,0.36190476190476195,15,1.0,15,0,2,0,15,0,0,15,0,1,0,0,0,0,0,15,15,4,1420,1300,8,0,27,106,1.0,24,0,625,26,241,27,20143
2025-07-11,argo,com.vrem.wifianalyzer.wifi.filter,FilterTest,securityFilterMapping,1,2,1.0,3,1.0,0,1,1,0,7,0,1,0,1.0,1,1,2,7,1.0,2,2.5,0,2,0.0,0,0.7428571428571429,0.8,114,91,0.7142857142857143,15,2,0,0,0,0,7,0,2,0,0,2,0,0,0,0,15,0.36190476190476195,15,1.0,15,0,2,0,15,0,0,15,0,1,0,0,0,0,0,15,15,4,1420,1300,8,0,27,106,1.0,24,0,625,26,241,27,20143
2025-07-11,argo,com.vrem.wifianalyzer.wifi.filter,FilterTest,strengthFilterViewIsVisible,1,1,1.0,2,1.0,0,1,1,0,5,0,1,0,1.0,1,1,1,8,1.0,1,3.6666666666666665,0,1,0.0,0,0.7428571428571429,0.8,114,91,0.7142857142857143,15,2,0,0,0,0,7,0,2,0,0,2,0,0,0,0,15,0.36190476190476195,15,1.0,15,0,2,0,15,0,0,15,0,1,0,0,0,0,0,15,15,4,1420,1300,8,0,27,106,1.0,24,0,625,26,241,27,20143
2025-07-11,argo,com.vrem.wifianalyzer.wifi.filter,FilterTest,strengthFilterMapping,1,2,1.0,3,1.0,0,1,1,0,7,0,1,0,1.0,1,1,2,7,1.0,2,2.5,0,2,0.0,0,0.7428571428571429,0.8,114,91,0.7142857142857143,15,2,0,0,0,0,7,0,2,0,0,2,0,0,0,0,15,0.36190476190476195,15,1.0,15,0,2,0,15,0,0,15,0,1,0,0,0,0,0,15,15,4,1420,1300,8,0,27,106,1.0,24,0,625,26,241,27,20143
2025-07-11,argo,com.vrem.wifianalyzer.wifi.filter,SSIDFilterTest,setUp,1,0,0.0,0,0.0,0,1,1,0,3,0,1,0,0.0,0,0,1,0,0.0,0,3.0,0,1,0.0,0,0.5,0.75,47,29,0.0,4,5,0,0,0,0,6,0,5,0,0,5,0,0,0,0,8,0.8333333333333334,8,2.0,4,0,5,0,4,0,0,4,0,1,0,0,0,0,0,4,4,4,1420,1300,8,0,9,28,2.0,24,0,625,26,241,27,20143
2025-07-11,argo,com.vrem.wifianalyzer.wifi.filter,SSIDFilterTest,tearDown,1,0,0.0,0,0.0,0,1,1,0,7,0,1,0,1.0,0,5,1,1,5.0,0,0.0,0,1,0.0,0,0.5,0.75,47,29,0.0,4,5,0,0,0,0,6,0,5,0,0,5,0,0,0,0,8,0.8333333333333334,8,2.0,4,0,5,0,4,0,0,4,0,1,0,0,0,0,0,4,4,4,1420,1300,8,0,9,28,2.0,24,0,625,26,241,27,20143
2025-07-11,argo,com.vrem.wifianalyzer.wifi.filter,SSIDFilterTest,sSIDFilterWithValues,4,2,0.0,7,0.6667,0,1,1,0,14,3,4,0,1.0,0,4,4,21,4.0,1,3.1,0,3,0.0,0,0.5,0.75,47,29,0.0,4,5,0,0,0,0,6,0,5,0,0,5,0,0,0,0,8,0.8333333333333334,8,2.0,4,0,5,0,4,0,0,4,0,1,0,0,0,0,0,4,4,4,1420,1300,8,0,9,28,2.0,24,0,625,26,241,27,20143
2025-07-11,argo,com.vrem.wifianalyzer.wifi.filter,SSIDFilterTest,onChangeAfterTextChangedWithValues,2,3,0.0,3,1.0,0,1,1,0,8,1,2,0,1.0,0,2,3,6,1.0,2,2.3333333333333335,0,2,0.0,0,0.5,0.75,47,29,0.0,4,5,0,0,0,0,6,0,5,0,0,5,0,0,0,0,8,0.8333333333333334,8,2.0,4,0,5,0,4,0,0,4,0,1,0,0,0,0,0,4,4,4,1420,1300,8,0,9,28,2.0,24,0,625,26,241,27,20143
2025-07-11,argo,com.vrem.wifianalyzer.wifi.filter.adapter,FiltersAdapterTest,setUp,5,0,0.0,4,0.25,0,6,1,0,11,4,5,0,1.0,0,6,3,13,6.0,2,2.5,0,2,0.0,0,0.8888888888888888,0.7,80,25,0.0,4,7,0,0,0,0,6,0,7,0,0,6,0,0,1,0,14,0.9333333333333333,14,1.4,10,0,7,0,10,0,0,10,2,1,0,0,0,0,0,10,10,4,1420,1300,12,0,13,47,1.4,42,0,879,26,241,76,20143
2025-07-11,argo,com.vrem.wifianalyzer.wifi.filter.adapter,FiltersAdapterTest,tearDown,1,0,0.0,1,1.0,0,6,1,0,4,0,1,0,1.0,0,1,2,3,1.0,0,3.0,0,2,0.0,0,0.8888888888888888,0.7,80,25,0.0,4,7,0,0,0,0,6,0,7,0,0,6,0,0,1,0,14,0.9333333333333333,14,1.4,10,0,7,0,10,0,0,10,2,1,0,0,0,0,0,10,10,4,1420,1300,12,0,13,47,1.4,42,0,879,26,241,76,20143
2025-07-11,argo,com.vrem.wifianalyzer.wifi.filter.adapter,FiltersAdapterTest,isActive,1,0,0.0,0,0.0,0,6,1,0,3,0,1,0,1.0,1,1,1,2,1.0,0,3.0,0,1,0.0,0,0.8888888888888888,0.7,80,25,0.0,4,7,0,0,0,0,6,0,7,0,0,6,0,0,1,0,14,0.9333333333333333,14,1.4,10,0,7,0,10,0,0,10,2,1,0,0,0,0,0,10,10,4,1420,1300,12,0,13,47,1.4,42,0,879,26,241,76,20143
2025-07-11,argo,com.vrem.wifianalyzer.wifi.filter.adapter,FiltersAdapterTest,getFilterAdapters,1,1,0.0,2,1.0,0,6,1,0,4,0,1,0,1.0,0,1,1,2,1.0,1,2.0,0,1,0.0,0,0.8888888888888888,0.7,80,25,0.0,4,7,0,0,0,0,6,0,7,0,0,6,0,0,1,0,14,0.9333333333333333,14,1.4,10,0,7,0,10,0,0,10,2,1,0,0,0,0,0,10,10,4,1420,1300,12,0,13,47,1.4,42,0,879,26,241,76,20143
2025-07-11,argo,com.vrem.wifianalyzer.wifi.filter.adapter,FiltersAdapterTest,getFilterAdaptersWithNptAccessPoints,1,1,0.0,2,1.0,0,6,1,0,4,0,1,0,1.0,0,1,1,2,1.0,1,2.0,0,1,0.0,0,0.8888888888888888,0.7,80,25,0.0,4,7,0,0,0,0,6,0,7,0,0,6,0,0,1,0,14,0.9333333333333333,14,1.4,10,0,7,0,10,0,0,10,2,1,0,0,0,0,0,10,10,4,1420,1300,12,0,13,47,1.4,42,0,879,26,241,76,20143
2025-07-11,argo,com.vrem.wifianalyzer.wifi.filter.adapter,FiltersAdapterTest,isActiveWhenStrengthFilterIsChanged,1,0,0.0,1,1.0,0,6,1,0,4,0,1,0,1.0,1,1,1,5,1.0,0,3.5,0,1,0.0,0,0.8888888888888888,0.7,80,25,0.0,4,7,0,0,0,0,6,0,7,0,0,6,0,0,1,0,14,0.9333333333333333,14,1.4,10,0,7,0,10,0,0,10,2,1,0,0,0,0,0,10,10,4,1420,1300,12,0,13,47,1.4,42,0,879,26,241,76,20143
2025-07-11,argo,com.vrem.wifianalyzer.wifi.filter.adapter,FiltersAdapterTest,isActiveWhenWiFiBandFilterIsChanged,1,0,0.0,1,1.0,0,6,1,0,4,0,1,0,1.0,1,1,1,5,1.0,0,3.5,0,1,0.0,0,0.8888888888888888,0.7,80,25,0.0,4,7,0,0,0,0,6,0,7,0,0,6,0,0,1,0,14,0.9333333333333333,14,1.4,10,0,7,0,10,0,0,10,2,1,0,0,0,0,0,10,10,4,1420,1300,12,0,13,47,1.4,42,0,879,26,241,76,20143
2025-07-11,argo,com.vrem.wifianalyzer.wifi.filter.adapter,FiltersAdapterTest,reset,1,0,0.0,4,0.25,0,6,1,0,7,0,1,0,1.0,1,6,1,5,6.0,1,2.0,0,1,0.0,0,0.8888888888888888,0.7,80,25,0.0,4,7,0,0,0,0,6,0,7,0,0,6,0,0,1,0,14,0.9333333333333333,14,1.4,10,0,7,0,10,0,0,10,2,1,0,0,0,0,0,10,10,4,1420,1300,12,0,13,47,1.4,42,0,879,26,241,76,20143
2025-07-11,argo,com.vrem.wifianalyzer.wifi.filter.adapter,FiltersAdapterTest,reload,1,0,0.0,4,0.25,0,6,1,0,7,0,1,0,1.0,1,2,1,5,2.0,1,2.0,0,1,0.0,0,0.8888888888888888,0.7,80,25,0.0,4,7,0,0,0,0,6,0,7,0,0,6,0,0,1,0,14,0.9333333333333333,14,1.4,10,0,7,0,10,0,0,10,2,1,0,0,0,0,0,10,10,4,1420,1300,12,0,13,47,1.4,42,0,879,26,241,76,20143
2025-07-11,argo,com.vrem.wifianalyzer.wifi.filter.adapter,FiltersAdapterTest,save,1,0,0.0,4,0.25,0,6,1,0,7,0,1,0,1.0,1,6,1,5,6.0,1,2.0,0,1,0.0,0,0.8888888888888888,0.7,80,25,0.0,4,7,0,0,0,0,6,0,7,0,0,6,0,0,1,0,14,0.9333333333333333,14,1.4,10,0,7,0,10,0,0,10,2,1,0,0,0,0,0,10,10,4,1420,1300,12,0,13,47,1.4,42,0,879,26,241,76,20143
2025-07-11,argo,com.vrem.wifianalyzer.wifi.filter.adapter,SecurityAdapterTest,tearDown,1,0,0.0,0,0.0,0,6,1,0,3,0,1,0,1.0,0,1,1,1,1.0,0,0.0,0,1,0.0,0,0.8363636363636363,0.6363636363636364,65,25,0.0,5,2,0,0,0,0,5,0,2,0,0,2,0,0,0,0,11,0.8,11,1.0,11,0,2,0,11,0,0,11,1,1,0,0,0,0,0,11,11,4,1420,1300,12,0,12,43,1.0,42,0,879,26,241,76,20143
2025-07-11,argo,com.vrem.wifianalyzer.wifi.filter.adapter,SecurityAdapterTest,isActive,1,0,0.0,0,0.0,0,6,1,0,3,0,1,0,1.0,1,1,1,2,1.0,0,3.0,0,1,0.0,0,0.8363636363636363,0.6363636363636364,65,25,0.0,5,2,0,0,0,0,5,0,2,0,0,2,0,0,0,0,11,0.8,11,1.0,11,0,2,0,11,0,0,11,1,1,0,0,0,0,0,11,11,4,1420,1300,12,0,12,43,1.0,42,0,879,26,241,76,20143
2025-07-11,argo,com.vrem.wifianalyzer.wifi.filter.adapter,SecurityAdapterTest,isActiveWithChanges,1,0,0.0,1,1.0,0,6,1,0,4,0,1,0,1.0,1,1,1,4,1.0,0,3.0,0,1,0.0,0,0.8363636363636363,0.6363636363636364,65,25,0.0,5,2,0,0,0,0,5,0,2,0,0,2,0,0,0,0,11,0.8,11,1.0,11,0,2,0,11,0,0,11,1,1,0,0,0,0,0,11,11,4,1420,1300,12,0,12,43,1.0,42,0,879,26,241,76,20143
2025-07-11,argo,com.vrem.wifianalyzer.wifi.filter.adapter,SecurityAdapterTest,getValues,1,2,0.0,1,1.0,0,6,1,0,5,0,1,0,1.0,0,1,1,1,0.5,1,2.0,0,1,0.0,0,0.8363636363636363,0.6363636363636364,65,25,0.0,5,2,0,0,0,0,5,0,2,0,0,2,0,0,0,0,11,0.8,11,1.0,11,0,2,0,11,0,0,11,1,1,0,0,0,0,0,11,11,4,1420,1300,12,0,12,43,1.0,42,0,879,26,241,76,20143
2025-07-11,argo,com.vrem.wifianalyzer.wifi.filter.adapter,SecurityAdapterTest,getValuesDefault,1,2,0.0,1,1.0,0,6,1,0,5,0,1,0,1.0,0,1,1,1,0.5,1,2.0,0,1,0.0,0,0.8363636363636363,0.6363636363636364,65,25,0.0,5,2,0,0,0,0,5,0,2,0,0,2,0,0,0,0,11,0.8,11,1.0,11,0,2,0,11,0,0,11,1,1,0,0,0,0,0,11,11,4,1420,1300,12,0,12,43,1.0,42,0,879,26,241,76,20143
2025-07-11,argo,com.vrem.wifianalyzer.wifi.filter.adapter,SecurityAdapterTest,toggleRemoves,1,1,0.0,3,1.0,0,6,1,0,5,0,1,0,1.0,0,1,1,6,1.0,0,3.0,0,1,0.0,0,0.8363636363636363,0.6363636363636364,65,25,0.0,5,2,0,0,0,0,5,0,2,0,0,2,0,0,0,0,11,0.8,11,1.0,11,0,2,0,11,0,0,11,1,1,0,0,0,0,0,11,11,4,1420,1300,12,0,12,43,1.0,42,0,879,26,241,76,20143
2025-07-11,argo,com.vrem.wifianalyzer.wifi.filter.adapter,SecurityAdapterTest,toggleAdds,1,1,0.0,3,1.0,0,6,1,0,6,0,1,0,1.0,0,1,1,6,1.0,0,3.0,0,1,0.0,0,0.8363636363636363,0.6363636363636364,65,25,0.0,5,2,0,0,0,0,5,0,2,0,0,2,0,0,0,0,11,0.8,11,1.0,11,0,2,0,11,0,0,11,1,1,0,0,0,0,0,11,11,4,1420,1300,12,0,12,43,1.0,42,0,879,26,241,76,20143
2025-07-11,argo,com.vrem.wifianalyzer.wifi.filter.adapter,SecurityAdapterTest,removingAllWillNotRemoveLast,1,1,0.0,3,1.0,0,6,1,0,6,0,1,0,1.0,0,1,2,8,1.0,0,2.5,0,2,0.0,0,0.8363636363636363,0.6363636363636364,65,25,0.0,5,2,0,0,0,0,5,0,2,0,0,2,0,0,0,0,11,0.8,11,1.0,11,0,2,0,11,0,0,11,1,1,0,0,0,0,0,11,11,4,1420,1300,12,0,12,43,1.0,42,0,879,26,241,76,20143
2025-07-11,argo,com.vrem.wifianalyzer.wifi.filter.adapter,SecurityAdapterTest,getColorWithExisting,1,0,0.0,1,1.0,0,6,1,0,3,0,1,0,1.0,0,1,1,5,1.0,0,6.0,0,1,0.0,0,0.8363636363636363,0.6363636363636364,65,25,0.0,5,2,0,0,0,0,5,0,2,0,0,2,0,0,0,0,11,0.8,11,1.0,11,0,2,0,11,0,0,11,1,1,0,0,0,0,0,11,11,4,1420,1300,12,0,12,43,1.0,42,0,879,26,241,76,20143
2025-07-11,argo,com.vrem.wifianalyzer.wifi.filter.adapter,SecurityAdapterTest,getColorWithNonExisting,1,0,0.0,2,1.0,0,6,1,0,4,0,1,0,1.0,0,1,1,7,1.0,0,4.5,0,1,0.0,0,0.8363636363636363,0.6363636363636364,65,25,0.0,5,2,0,0,0,0,5,0,2,0,0,2,0,0,0,0,11,0.8,11,1.0,11,0,2,0,11,0,0,11,1,1,0,0,0,0,0,11,11,4,1420,1300,12,0,12,43,1.0,42,0,879,26,241,76,20143
2025-07-11,argo,com.vrem.wifianalyzer.wifi.filter.adapter,SecurityAdapterTest,save,1,1,0.0,1,1.0,0,6,1,0,5,0,1,0,1.0,1,2,1,2,2.0,1,2.0,0,1,0.0,0,0.8363636363636363,0.6363636363636364,65,25,0.0,5,2,0,0,0,0,5,0,2,0,0,2,0,0,0,0,11,0.8,11,1.0,11,0,2,0,11,0,0,11,1,1,0,0,0,0,0,11,11,4,1420,1300,12,0,12,43,1.0,42,0,879,26,241,76,20143
2025-07-11,argo,com.vrem.wifianalyzer.wifi.filter.adapter,SSIDAdapterTest,tearDown,1,0,0.0,0,0.0,0,5,1,0,3,0,1,0,1.0,0,1,1,1,1.0,0,0.0,0,1,0.0,0,0.7619047619047619,0.7142857142857143,44,7,0.0,3,3,0,0,0,0,4,0,3,0,0,3,0,0,0,0,7,0.8095238095238095,7,1.0,7,0,3,0,7,0,0,7,1,1,0,0,0,0,0,7,7,4,1420,1300,12,0,9,20,1.0,42,0,879,26,241,76,20143
2025-07-11,argo,com.vrem.wifianalyzer.wifi.filter.adapter,SSIDAdapterTest,getValues,1,1,0.0,1,1.0,0,5,1,0,4,0,1,0,1.0,0,2,1,1,2.0,1,2.0,0,1,0.0,0,0.7619047619047619,0.7142857142857143,44,7,0.0,3,3,0,0,0,0,4,0,3,0,0,3,0,0,0,0,7,0.8095238095238095,7,1.0,7,0,3,0,7,0,0,7,1,1,0,0,0,0,0,7,7,4,1420,1300,12,0,9,20,1.0,42,0,879,26,241,76,20143
2025-07-11,argo,com.vrem.wifianalyzer.wifi.filter.adapter,SSIDAdapterTest,isActive,1,0,0.0,0,0.0,0,5,1,0,3,0,1,0,1.0,1,1,1,2,1.0,0,3.0,0,1,0.0,0,0.7619047619047619,0.7142857142857143,44,7,0.0,3,3,0,0,0,0,4,0,3,0,0,3,0,0,0,0,7,0.8095238095238095,7,1.0,7,0,3,0,7,0,0,7,1,1,0,0,0,0,0,7,7,4,1420,1300,12,0,9,20,1.0,42,0,879,26,241,76,20143
2025-07-11,argo,com.vrem.wifianalyzer.wifi.filter.adapter,SSIDAdapterTest,isNotActiveWithEmptyValue,1,0,0.0,2,1.0,0,5,1,0,5,0,1,0,1.0,1,1,2,5,1.0,1,2.6666666666666665,0,1,0.0,0,0.7619047619047619,0.7142857142857143,44,7,0.0,3,3,0,0,0,0,4,0,3,0,0,3,0,0,0,0,7,0.8095238095238095,7,1.0,7,0,3,0,7,0,0,7,1,1,0,0,0,0,0,7,7,4,1420,1300,12,0,9,20,1.0,42,0,879,26,241,76,20143
2025-07-11,argo,com.vrem.wifianalyzer.wifi.filter.adapter,SSIDAdapterTest,isNotActiveWithReset,1,0,0.0,2,1.0,0,5,1,0,5,0,1,0,1.0,1,1,1,5,1.0,1,2.6666666666666665,0,1,0.0,0,0.7619047619047619,0.7142857142857143,44,7,0.0,3,3,0,0,0,0,4,0,3,0,0,3,0,0,0,0,7,0.8095238095238095,7,1.0,7,0,3,0,7,0,0,7,1,1,0,0,0,0,0,7,7,4,1420,1300,12,0,9,20,1.0,42,0,879,26,241,76,20143
2025-07-11,argo,com.vrem.wifianalyzer.wifi.filter.adapter,SSIDAdapterTest,save,1,0,0.0,1,1.0,0,5,1,0,4,0,1,0,1.0,1,3,1,2,3.0,1,2.0,0,1,0.0,0,0.7619047619047619,0.7142857142857143,44,7,0.0,3,3,0,0,0,0,4,0,3,0,0,3,0,0,0,0,7,0.8095238095238095,7,1.0,7,0,3,0,7,0,0,7,1,1,0,0,0,0,0,7,7,4,1420,1300,12,0,9,20,1.0,42,0,879,26,241,76,20143
2025-07-11,argo,com.vrem.wifianalyzer.wifi.filter.adapter,SSIDAdapterTest,setValues,1,2,0.0,1,1.0,0,5,1,0,6,0,1,0,1.0,0,1,2,4,1.0,0,2.5,0,1,0.0,0,0.7619047619047619,0.7142857142857143,44,7,0.0,3,3,0,0,0,0,4,0,3,0,0,3,0,0,0,0,7,0.8095238095238095,7,1.0,7,0,3,0,7,0,0,7,1,1,0,0,0,0,0,7,7,4,1420,1300,12,0,9,20,1.0,42,0,879,26,241,76,20143
2025-07-11,argo,com.vrem.wifianalyzer.wifi.filter.adapter,StrengthAdapterTest,tearDown,1,0,0.0,0,0.0,0,6,1,0,3,0,1,0,1.0,0,1,1,1,1.0,0,0.0,0,1,0.0,0,0.8363636363636363,0.6363636363636364,65,25,0.0,5,2,0,0,0,0,5,0,2,0,0,2,0,0,0,0,11,0.8,11,1.0,11,0,2,0,11,0,0,11,1,1,0,0,0,0,0,11,11,4,1420,1300,12,0,12,48,1.0,42,0,879,26,241,76,20143
2025-07-11,argo,com.vrem.wifianalyzer.wifi.filter.adapter,StrengthAdapterTest,isActive,1,0,0.0,0,0.0,0,6,1,0,3,0,1,0,1.0,1,1,1,2,1.0,0,3.0,0,1,0.0,0,0.8363636363636363,0.6363636363636364,65,25,0.0,5,2,0,0,0,0,5,0,2,0,0,2,0,0,0,0,11,0.8,11,1.0,11,0,2,0,11,0,0,11,1,1,0,0,0,0,0,11,11,4,1420,1300,12,0,12,48,1.0,42,0,879,26,241,76,20143
2025-07-11,argo,com.vrem.wifianalyzer.wifi.filter.adapter,StrengthAdapterTest,isActiveWithChanges,1,0,0.0,1,1.0,0,6,1,0,4,0,1,0,1.0,1,1,1,4,1.0,0,3.0,0,1,0.0,0,0.8363636363636363,0.6363636363636364,65,25,0.0,5,2,0,0,0,0,5,0,2,0,0,2,0,0,0,0,11,0.8,11,1.0,11,0,2,0,11,0,0,11,1,1,0,0,0,0,0,11,11,4,1420,1300,12,0,12,48,1.0,42,0,879,26,241,76,20143
2025-07-11,argo,com.vrem.wifianalyzer.wifi.filter.adapter,StrengthAdapterTest,getValues,1,2,0.0,1,1.0,0,6,1,0,5,0,1,0,1.0,0,1,1,2,0.5,0,2.3333333333333335,0,1,0.0,0,0.8363636363636363,0.6363636363636364,65,25,0.0,5,2,0,0,0,0,5,0,2,0,0,2,0,0,0,0,11,0.8,11,1.0,11,0,2,0,11,0,0,11,1,1,0,0,0,0,0,11,11,4,1420,1300,12,0,12,48,1.0,42,0,879,26,241,76,20143
2025-07-11,argo,com.vrem.wifianalyzer.wifi.filter.adapter,StrengthAdapterTest,getValuesDefault,1,2,0.0,1,1.0,0,6,1,0,5,0,1,0,1.0,0,1,1,1,0.5,1,2.0,0,1,0.0,0,0.8363636363636363,0.6363636363636364,65,25,0.0,5,2,0,0,0,0,5,0,2,0,0,2,0,0,0,0,11,0.8,11,1.0,11,0,2,0,11,0,0,11,1,1,0,0,0,0,0,11,11,4,1420,1300,12,0,12,48,1.0,42,0,879,26,241,76,20143
2025-07-11,argo,com.vrem.wifianalyzer.wifi.filter.adapter,StrengthAdapterTest,toggleRemoves,1,1,0.0,3,1.0,0,6,1,0,5,0,1,0,1.0,0,1,1,6,1.0,0,3.0,0,1,0.0,0,0.8363636363636363,0.6363636363636364,65,25,0.0,5,2,0,0,0,0,5,0,2,0,0,2,0,0,0,0,11,0.8,11,1.0,11,0,2,0,11,0,0,11,1,1,0,0,0,0,0,11,11,4,1420,1300,12,0,12,48,1.0,42,0,879,26,241,76,20143
2025-07-11,argo,com.vrem.wifianalyzer.wifi.filter.adapter,StrengthAdapterTest,toggleAdds,1,1,0.0,3,1.0,0,6,1,0,6,0,1,0,1.0,0,1,1,6,1.0,0,3.0,0,1,0.0,0,0.8363636363636363,0.6363636363636364,65,25,0.0,5,2,0,0,0,0,5,0,2,0,0,2,0,0,0,0,11,0.8,11,1.0,11,0,2,0,11,0,0,11,1,1,0,0,0,0,0,11,11,4,1420,1300,12,0,12,48,1.0,42,0,879,26,241,76,20143
2025-07-11,argo,com.vrem.wifianalyzer.wifi.filter.adapter,StrengthAdapterTest,removingAllWillNotRemoveLast,1,1,0.0,4,0.75,0,6,1,0,6,0,1,0,1.0,0,1,2,12,1.0,0,2.625,0,2,0.0,0,0.8363636363636363,0.6363636363636364,65,25,0.0,5,2,0,0,0,0,5,0,2,0,0,2,0,0,0,0,11,0.8,11,1.0,11,0,2,0,11,0,0,11,1,1,0,0,0,0,0,11,11,4,1420,1300,12,0,12,48,1.0,42,0,879,26,241,76,20143
2025-07-11,argo,com.vrem.wifianalyzer.wifi.filter.adapter,StrengthAdapterTest,getColorWithExisting,1,0,0.0,1,1.0,0,6,1,0,3,0,1,0,1.0,0,1,1,5,1.0,0,6.0,0,1,0.0,0,0.8363636363636363,0.6363636363636364,65,25,0.0,5,2,0,0,0,0,5,0,2,0,0,2,0,0,0,0,11,0.8,11,1.0,11,0,2,0,11,0,0,11,1,1,0,0,0,0,0,11,11,4,1420,1300,12,0,12,48,1.0,42,0,879,26,241,76,20143
2025-07-11,argo,com.vrem.wifianalyzer.wifi.filter.adapter,StrengthAdapterTest,getColorWithNonExisting,1,0,0.0,2,1.0,0,6,1,0,4,0,1,0,1.0,0,1,1,7,1.0,0,4.5,0,1,0.0,0,0.8363636363636363,0.6363636363636364,65,25,0.0,5,2,0,0,0,0,5,0,2,0,0,2,0,0,0,0,11,0.8,11,1.0,11,0,2,0,11,0,0,11,1,1,0,0,0,0,0,11,11,4,1420,1300,12,0,12,48,1.0,42,0,879,26,241,76,20143
2025-07-11,argo,com.vrem.wifianalyzer.wifi.filter.adapter,StrengthAdapterTest,save,1,1,0.0,1,1.0,0,6,1,0,5,0,1,0,1.0,1,2,1,2,2.0,1,2.0,0,1,0.0,0,0.8363636363636363,0.6363636363636364,65,25,0.0,5,2,0,0,0,0,5,0,2,0,0,2,0,0,0,0,11,0.8,11,1.0,11,0,2,0,11,0,0,11,1,1,0,0,0,0,0,11,11,4,1420,1300,12,0,12,48,1.0,42,0,879,26,241,76,20143
2025-07-11,argo,com.vrem.wifianalyzer.wifi.filter.adapter,WiFiBandAdapterTest,tearDown,1,0,0.0,0,0.0,0,6,1,0,3,0,1,0,1.0,0,1,1,1,1.0,0,0.0,0,1,0.0,0,0.8363636363636363,0.6363636363636364,65,25,0.0,5,2,0,0,0,0,5,0,2,0,0,2,0,0,0,0,11,0.8,11,1.0,11,0,2,0,11,0,0,11,1,1,0,0,0,0,0,11,11,4,1420,1300,12,0,12,47,1.0,42,0,879,26,241,76,20143
2025-07-11,argo,com.vrem.wifianalyzer.wifi.filter.adapter,WiFiBandAdapterTest,isActive,1,0,0.0,0,0.0,0,6,1,0,3,0,1,0,1.0,1,1,1,2,1.0,0,3.0,0,1,0.0,0,0.8363636363636363,0.6363636363636364,65,25,0.0,5,2,0,0,0,0,5,0,2,0,0,2,0,0,0,0,11,0.8,11,1.0,11,0,2,0,11,0,0,11,1,1,0,0,0,0,0,11,11,4,1420,1300,12,0,12,47,1.0,42,0,879,26,241,76,20143
2025-07-11,argo,com.vrem.wifianalyzer.wifi.filter.adapter,WiFiBandAdapterTest,isActiveWithChanges,1,0,0.0,1,1.0,0,6,1,0,4,0,1,0,1.0,1,1,1,4,1.0,0,3.0,0,1,0.0,0,0.8363636363636363,0.6363636363636364,65,25,0.0,5,2,0,0,0,0,5,0,2,0,0,2,0,0,0,0,11,0.8,11,1.0,11,0,2,0,11,0,0,11,1,1,0,0,0,0,0,11,11,4,1420,1300,12,0,12,47,1.0,42,0,879,26,241,76,20143
2025-07-11,argo,com.vrem.wifianalyzer.wifi.filter.adapter,WiFiBandAdapterTest,getValues,1,2,0.0,1,1.0,0,6,1,0,5,0,1,0,1.0,0,1,1,1,0.5,1,2.0,0,1,0.0,0,0.8363636363636363,0.6363636363636364,65,25,0.0,5,2,0,0,0,0,5,0,2,0,0,2,0,0,0,0,11,0.8,11,1.0,11,0,2,0,11,0,0,11,1,1,0,0,0,0,0,11,11,4,1420,1300,12,0,12,47,1.0,42,0,879,26,241,76,20143
2025-07-11,argo,com.vrem.wifianalyzer.wifi.filter.adapter,WiFiBandAdapterTest,getValuesDefault,1,2,0.0,1,1.0,0,6,1,0,5,0,1,0,1.0,0,1,1,1,0.5,1,2.0,0,1,0.0,0,0.8363636363636363,0.6363636363636364,65,25,0.0,5,2,0,0,0,0,5,0,2,0,0,2,0,0,0,0,11,0.8,11,1.0,11,0,2,0,11,0,0,11,1,1,0,0,0,0,0,11,11,4,1420,1300,12,0,12,47,1.0,42,0,879,26,241,76,20143
2025-07-11,argo,com.vrem.wifianalyzer.wifi.filter.adapter,WiFiBandAdapterTest,toggleRemoves,1,1,0.0,3,1.0,0,6,1,0,5,0,1,0,1.0,0,1,1,6,1.0,0,3.0,0,1,0.0,0,0.8363636363636363,0.6363636363636364,65,25,0.0,5,2,0,0,0,0,5,0,2,0,0,2,0,0,0,0,11,0.8,11,1.0,11,0,2,0,11,0,0,11,1,1,0,0,0,0,0,11,11,4,1420,1300,12,0,12,47,1.0,42,0,879,26,241,76,20143
2025-07-11,argo,com.vrem.wifianalyzer.wifi.filter.adapter,WiFiBandAdapterTest,toggleAdds,1,1,0.0,3,1.0,0,6,1,0,6,0,1,0,1.0,0,1,1,6,1.0,0,3.0,0,1,0.0,0,0.8363636363636363,0.6363636363636364,65,25,0.0,5,2,0,0,0,0,5,0,2,0,0,2,0,0,0,0,11,0.8,11,1.0,11,0,2,0,11,0,0,11,1,1,0,0,0,0,0,11,11,4,1420,1300,12,0,12,47,1.0,42,0,879,26,241,76,20143
2025-07-11,argo,com.vrem.wifianalyzer.wifi.filter.adapter,WiFiBandAdapterTest,removingAllWillNotRemoveLast,1,1,0.0,4,0.75,0,6,1,0,6,0,1,0,1.0,0,1,2,12,1.0,0,2.625,0,2,0.0,0,0.8363636363636363,0.6363636363636364,65,25,0.0,5,2,0,0,0,0,5,0,2,0,0,2,0,0,0,0,11,0.8,11,1.0,11,0,2,0,11,0,0,11,1,1,0,0,0,0,0,11,11,4,1420,1300,12,0,12,47,1.0,42,0,879,26,241,76,20143
2025-07-11,argo,com.vrem.wifianalyzer.wifi.filter.adapter,WiFiBandAdapterTest,getColorWithExisting,1,0,0.0,1,1.0,0,6,1,0,3,0,1,0,1.0,0,1,1,5,1.0,0,6.0,0,1,0.0,0,0.8363636363636363,0.6363636363636364,65,25,0.0,5,2,0,0,0,0,5,0,2,0,0,2,0,0,0,0,11,0.8,11,1.0,11,0,2,0,11,0,0,11,1,1,0,0,0,0,0,11,11,4,1420,1300,12,0,12,47,1.0,42,0,879,26,241,76,20143
2025-07-11,argo,com.vrem.wifianalyzer.wifi.filter.adapter,WiFiBandAdapterTest,getColorWithNonExisting,1,0,0.0,2,1.0,0,6,1,0,4,0,1,0,1.0,0,1,1,7,1.0,0,4.5,0,1,0.0,0,0.8363636363636363,0.6363636363636364,65,25,0.0,5,2,0,0,0,0,5,0,2,0,0,2,0,0,0,0,11,0.8,11,1.0,11,0,2,0,11,0,0,11,1,1,0,0,0,0,0,11,11,4,1420,1300,12,0,12,47,1.0,42,0,879,26,241,76,20143
2025-07-11,argo,com.vrem.wifianalyzer.wifi.filter.adapter,WiFiBandAdapterTest,save,1,1,0.0,1,1.0,0,6,1,0,5,0,1,0,1.0,1,2,1,2,2.0,1,2.0,0,1,0.0,0,0.8363636363636363,0.6363636363636364,65,25,0.0,5,2,0,0,0,0,5,0,2,0,0,2,0,0,0,0,11,0.8,11,1.0,11,0,2,0,11,0,0,11,1,1,0,0,0,0,0,11,11,4,1420,1300,12,0,12,47,1.0,42,0,879,26,241,76,20143
2025-07-11,argo,com.vrem.wifianalyzer.wifi.graphutils,GraphAdapterTest,tearDown,1,0,0.0,1,1.0,0,0,1,0,6,0,1,0,1.0,0,3,2,3,3.0,0,3.0,0,2,0.0,0,1.0,1.0,29,17,0.0,3,4,0,0,0,0,6,0,4,0,0,4,0,0,0,0,4,1.0,4,1.3333333333333333,3,0,4,0,3,0,0,3,0,1,0,0,0,0,0,3,3,4,1420,1300,17,0,6,11,1.3333333333333333,105,1,1710,26,241,100,20143
2025-07-11,argo,com.vrem.wifianalyzer.wifi.graphutils,GraphAdapterTest,update,1,0,0.0,0,0.0,0,0,1,0,4,0,1,0,1.0,1,3,1,2,4.0,1,2.0,0,1,0.0,0,1.0,1.0,29,17,0.0,3,4,0,0,0,0,6,0,4,0,0,4,0,0,0,0,4,1.0,4,1.3333333333333333,3,0,4,0,3,0,0,3,0,1,0,0,0,0,0,3,3,4,1420,1300,17,0,6,11,1.3333333333333333,105,1,1710,26,241,100,20143
2025-07-11,argo,com.vrem.wifianalyzer.wifi.graphutils,GraphAdapterTest,graphViews,2,1,0.0,3,1.0,0,0,1,0,7,1,2,0,1.0,1,3,3,6,3.0,2,2.2,0,3,0.0,0,1.0,1.0,29,17,0.0,3,4,0,0,0,0,6,0,4,0,0,4,0,0,0,0,4,1.0,4,1.3333333333333333,3,0,4,0,3,0,0,3,0,1,0,0,0,0,0,3,3,4,1420,1300,17,0,6,11,1.3333333333333333,105,1,1710,26,241,100,20143
2025-07-11,argo,com.vrem.wifianalyzer.wifi.graphutils,GraphColorsTest,setUp,4,1,0.0,3,1.0,0,2,1,0,6,3,4,0,1.0,1,2,1,8,2.0,0,3.5,0,1,0.0,0,0.19047619047619047,0.7142857142857143,56,29,0.4,6,3,0,0,0,2,6,0,3,0,0,3,0,0,0,0,10,0.8571428571428572,10,1.4285714285714286,7,0,3,0,5,2,0,5,0,1,0,0,0,0,0,7,7,4,1420,1300,17,0,7,29,1.4285714285714286,105,1,1710,26,241,100,20143
2025-07-11,argo,com.vrem.wifianalyzer.wifi.graphutils,GraphColorsTest,tearDown,1,0,0.0,3,1.0,0,2,1,0,7,0,1,0,1.0,0,2,3,7,2.0,0,3.0,0,3,0.0,0,0.19047619047619047,0.7142857142857143,56,29,0.4,6,3,0,0,0,2,6,0,3,0,0,3,0,0,0,0,10,0.8571428571428572,10,1.4285714285714286,7,0,3,0,5,2,0,5,0,1,0,0,0,0,0,7,7,4,1420,1300,17,0,7,29,1.4285714285714286,105,1,1710,26,241,100,20143
2025-07-11,argo,com.vrem.wifianalyzer.wifi.graphutils,GraphColorsTest,getColorStartsOverWhenEndIsReached,1,1,0.0,1,1.0,0,2,1,0,7,0,1,1,1.0,1,1,1,3,1.0,2,3.0,0,1,0.0,0,0.19047619047619047,0.7142857142857143,56,29,0.4,6,3,0,0,0,2,6,0,3,0,0,3,0,0,0,0,10,0.8571428571428572,10,1.4285714285714286,7,0,3,0,5,2,0,5,0,1,0,0,0,0,0,7,7,4,1420,1300,17,0,7,29,1.4285714285714286,105,1,1710,26,241,100,20143
2025-07-11,argo,com.vrem.wifianalyzer.wifi.graphutils,GraphColorsTest,addColorAddsColorToAvailablePool,1,2,1.0,2,1.0,0,2,1,0,7,0,1,1,1.0,1,1,1,5,0.5,2,3.0,0,1,0.0,0,0.19047619047619047,0.7142857142857143,56,29,0.4,6,3,0,0,0,2,6,0,3,0,0,3,0,0,0,0,10,0.8571428571428572,10,1.4285714285714286,7,0,3,0,5,2,0,5,0,1,0,0,0,0,0,7,7,4,1420,1300,17,0,7,29,1.4285714285714286,105,1,1710,26,241,100,20143
2025-07-11,argo,com.vrem.wifianalyzer.wifi.graphutils,GraphColorsTest,addColorDoesNotAddNonExistingColor,1,5,1.0,2,1.0,0,2,1,0,9,0,1,1,1.0,1,1,1,4,0.2,1,2.0,0,1,0.0,0,0.19047619047619047,0.7142857142857143,56,29,0.4,6,3,0,0,0,2,6,0,3,0,0,3,0,0,0,0,10,0.8571428571428572,10,1.4285714285714286,7,0,3,0,5,2,0,5,0,1,0,0,0,0,0,7,7,4,1420,1300,17,0,7,29,1.4285714285714286,105,1,1710,26,241,100,20143
2025-07-11,argo,com.vrem.wifianalyzer.wifi.graphutils,GraphColorsTest,withColors,1,0,0.0,0,0.0,0,2,1,0,3,0,1,0,0.0,0,0,0,1,0.0,0,0.0,0,0,0.0,0,0.19047619047619047,0.7142857142857143,56,29,0.4,6,3,0,0,0,2,6,0,3,0,0,3,0,0,0,0,10,0.8571428571428572,10,1.4285714285714286,7,0,3,0,5,2,0,5,0,1,0,0,0,0,0,7,7,4,1420,1300,17,0,7,29,1.4285714285714286,105,1,1710,26,241,100,20143
2025-07-11,argo,com.vrem.wifianalyzer.wifi.graphutils,GraphColorsTest,withGraphColors,1,0,0.0,0,0.0,0,2,1,0,3,0,1,0,0.0,0,0,0,1,0.0,0,0.0,0,0,0.0,0,0.19047619047619047,0.7142857142857143,56,29,0.4,6,3,0,0,0,2,6,0,3,0,0,3,0,0,0,0,10,0.8571428571428572,10,1.4285714285714286,7,0,3,0,5,2,0,5,0,1,0,0,0,0,0,7,7,4,1420,1300,17,0,7,29,1.4285714285714286,105,1,1710,26,241,100,20143
2025-07-11,argo,com.vrem.wifianalyzer.wifi.graphutils,GraphLegendTest,tearDown,1,0,0.0,0,0.0,0,1,1,0,3,0,1,0,1.0,0,1,1,1,1.0,0,0.0,0,1,0.0,0,0.4,0.6666666666666666,34,20,0.0,6,1,0,0,0,0,4,0,1,0,0,1,0,0,0,0,6,0.8,6,1.0,6,0,1,0,6,0,0,6,0,1,0,0,0,0,0,6,6,4,1420,1300,17,0,8,25,1.0,105,1,1710,26,241,100,20143
2025-07-11,argo,com.vrem.wifianalyzer.wifi.graphutils,GraphLegendTest,sortByNumber,1,0,0.0,1,1.0,0,1,1,0,3,0,1,0,0.0,0,0,1,2,0.0,0,3.0,0,1,0.0,0,0.4,0.6666666666666666,34,20,0.0,6,1,0,0,0,0,4,0,1,0,0,1,0,0,0,0,6,0.8,6,1.0,6,0,1,0,6,0,0,6,0,1,0,0,0,0,0,6,6,4,1420,1300,17,0,8,25,1.0,105,1,1710,26,241,100,20143
2025-07-11,argo,com.vrem.wifianalyzer.wifi.graphutils,GraphLegendTest,getDisplay,1,0,0.0,1,1.0,0,1,1,0,5,0,1,0,0.0,0,0,1,9,0.0,0,4.0,0,1,0.0,0,0.4,0.6666666666666666,34,20,0.0,6,1,0,0,0,0,4,0,1,0,0,1,0,0,0,0,6,0.8,6,1.0,6,0,1,0,6,0,0,6,0,1,0,0,0,0,0,6,6,4,1420,1300,17,0,8,25,1.0,105,1,1710,26,241,100,20143
2025-07-11,argo,com.vrem.wifianalyzer.wifi.graphutils,GraphLegendTest,displayHide,1,0,0.0,2,1.0,0,1,1,0,4,0,1,0,1.0,0,1,1,3,1.0,0,2.5,0,1,0.0,0,0.4,0.6666666666666666,34,20,0.0,6,1,0,0,0,0,4,0,1,0,0,1,0,0,0,0,6,0.8,6,1.0,6,0,1,0,6,0,0,6,0,1,0,0,0,0,0,6,6,4,1420,1300,17,0,8,25,1.0,105,1,1710,26,241,100,20143
2025-07-11,argo,com.vrem.wifianalyzer.wifi.graphutils,GraphLegendTest,displayLeft,1,0,0.0,3,0.6667,0,1,1,0,5,0,1,0,1.0,0,1,2,4,1.0,1,2.3333333333333335,0,2,0.0,0,0.4,0.6666666666666666,34,20,0.0,6,1,0,0,0,0,4,0,1,0,0,1,0,0,0,0,6,0.8,6,1.0,6,0,1,0,6,0,0,6,0,1,0,0,0,0,0,6,6,4,1420,1300,17,0,8,25,1.0,105,1,1710,26,241,100,20143
2025-07-11,argo,com.vrem.wifianalyzer.wifi.graphutils,GraphLegendTest,displayRight,1,0,0.0,3,0.6667,0,1,1,0,5,0,1,0,1.0,0,1,2,6,1.0,0,2.5,0,1,0.0,0,0.4,0.6666666666666666,34,20,0.0,6,1,0,0,0,0,4,0,1,0,0,1,0,0,0,0,6,0.8,6,1.0,6,0,1,0,6,0,0,6,0,1,0,0,0,0,0,6,6,4,1420,1300,17,0,8,25,1.0,105,1,1710,26,241,100,20143
2025-07-11,argo,com.vrem.wifianalyzer.wifi.graphutils,GraphViewBuilderTest,tearDown,1,0,0.0,0,0.0,0,2,1,0,6,0,1,0,1.0,0,4,1,1,4.0,0,0.0,0,1,0.0,0,0.46153846153846156,1.0,125,89,0.0,12,5,0,0,0,1,8,0,5,0,0,5,0,0,0,0,16,0.8717948717948718,16,1.2307692307692308,13,0,5,0,12,1,0,12,0,1,0,0,0,0,0,13,13,4,1420,1300,17,0,24,61,1.2307692307692308,105,1,1710,26,241,100,20143
2025-07-11,argo,com.vrem.wifianalyzer.wifi.graphutils,GraphViewBuilderTest,graphViewLayout,1,2,0.0,4,0.75,0,2,1,0,7,0,1,0,1.0,0,2,2,5,1.0,1,2.0,0,0,0.0,0,0.46153846153846156,1.0,125,89,0.0,12,5,0,0,0,1,8,0,5,0,0,5,0,0,0,0,16,0.8717948717948718,16,1.2307692307692308,13,0,5,0,12,1,0,12,0,1,0,0,0,0,0,13,13,4,1420,1300,17,0,24,61,1.2307692307692308,105,1,1710,26,241,100,20143
2025-07-11,argo,com.vrem.wifianalyzer.wifi.graphutils,GraphViewBuilderTest,viewPortInitialize,1,2,0.0,8,0.25,0,2,1,0,12,0,1,0,1.0,0,1,2,10,0.5,1,2.25,0,1,0.0,0,0.46153846153846156,1.0,125,89,0.0,12,5,0,0,0,1,8,0,5,0,0,5,0,0,0,0,16,0.8717948717948718,16,1.2307692307692308,13,0,5,0,12,1,0,12,0,1,0,0,0,0,0,13,13,4,1420,1300,17,0,24,61,1.2307692307692308,105,1,1710,26,241,100,20143
2025-07-11,argo,com.vrem.wifianalyzer.wifi.graphutils,GraphViewBuilderTest,gridLabelRendererLabelFormat,1,0,0.0,2,1.0,0,2,1,0,4,0,1,0,1.0,0,2,0,2,2.0,1,2.0,0,0,0.0,0,0.46153846153846156,1.0,125,89,0.0,12,5,0,0,0,1,8,0,5,0,0,5,0,0,0,0,16,0.8717948717948718,16,1.2307692307692308,13,0,5,0,12,1,0,12,0,1,0,0,0,0,0,13,13,4,1420,1300,17,0,24,61,1.2307692307692308,105,1,1710,26,241,100,20143
2025-07-11,argo,com.vrem.wifianalyzer.wifi.graphutils,GraphViewBuilderTest,gridLabelRendererLabels,2,4,0.0,11,0.2727,0,2,1,0,17,1,2,0,1.0,0,1,4,12,0.5,1,2.0833333333333335,0,2,0.0,0,0.46153846153846156,1.0,125,89,0.0,12,5,0,0,0,1,8,0,5,0,0,5,0,0,0,0,16,0.8717948717948718,16,1.2307692307692308,13,0,5,0,12,1,0,12,0,1,0,0,0,0,0,13,13,4,1420,1300,17,0,24,61,1.2307692307692308,105,1,1710,26,241,100,20143
2025-07-11,argo,com.vrem.wifianalyzer.wifi.graphutils,GraphViewBuilderTest,gridLabelRendererVerticalAxisTitle,2,3,0.0,5,0.6,0,2,1,0,10,1,2,0,1.0,0,1,4,6,0.33,1,2.1666666666666665,0,2,0.0,0,0.46153846153846156,1.0,125,89,0.0,12,5,0,0,0,1,8,0,5,0,0,5,0,0,0,0,16,0.8717948717948718,16,1.2307692307692308,13,0,5,0,12,1,0,12,0,1,0,0,0,0,0,13,13,4,1420,1300,17,0,24,61,1.2307692307692308,105,1,1710,26,241,100,20143
2025-07-11,argo,com.vrem.wifianalyzer.wifi.graphutils,GraphViewBuilderTest,gridLabelRendererVerticalTitleEmpty,1,0,0.0,3,0.6667,0,2,1,0,5,0,1,0,1.0,0,1,1,3,1.0,1,2.0,0,0,0.0,0,0.46153846153846156,1.0,125,89,0.0,12,5,0,0,0,1,8,0,5,0,0,5,0,0,0,0,16,0.8717948717948718,16,1.2307692307692308,13,0,5,0,12,1,0,12,0,1,0,0,0,0,0,13,13,4,1420,1300,17,0,24,61,1.2307692307692308,105,1,1710,26,241,100,20143
2025-07-11,argo,com.vrem.wifianalyzer.wifi.graphutils,GraphViewBuilderTest,gridLabelRendererHorizontalAxisTitle,2,3,0.0,5,0.6,0,2,1,0,10,1,2,0,1.0,0,1,4,6,0.33,1,2.2,0,2,0.0,0,0.46153846153846156,1.0,125,89,0.0,12,5,0,0,0,1,8,0,5,0,0,5,0,0,0,0,16,0.8717948717948718,16,1.2307692307692308,13,0,5,0,12,1,0,12,0,1,0,0,0,0,0,13,13,4,1420,1300,17,0,24,61,1.2307692307692308,105,1,1710,26,241,100,20143
2025-07-11,argo,com.vrem.wifianalyzer.wifi.graphutils,GraphViewBuilderTest,gridLabelRendererHorizontalAxisTitleEmpty,1,0,0.0,3,0.6667,0,2,1,0,5,0,1,0,1.0,0,1,1,3,1.0,1,2.0,0,0,0.0,0,0.46153846153846156,1.0,125,89,0.0,12,5,0,0,0,1,8,0,5,0,0,5,0,0,0,0,16,0.8717948717948718,16,1.2307692307692308,13,0,5,0,12,1,0,12,0,1,0,0,0,0,0,13,13,4,1420,1300,17,0,24,61,1.2307692307692308,105,1,1710,26,241,100,20143
2025-07-11,argo,com.vrem.wifianalyzer.wifi.graphutils,GraphViewBuilderTest,getNumVerticalLabels,1,3,0.0,2,1.0,0,2,1,0,6,0,1,0,1.0,0,1,1,2,0.33,1,2.0,0,1,0.0,0,0.46153846153846156,1.0,125,89,0.0,12,5,0,0,0,1,8,0,5,0,0,5,0,0,0,0,16,0.8717948717948718,16,1.2307692307692308,13,0,5,0,12,1,0,12,0,1,0,0,0,0,0,13,13,4,1420,1300,17,0,24,61,1.2307692307692308,105,1,1710,26,241,100,20143
2025-07-11,argo,com.vrem.wifianalyzer.wifi.graphutils,GraphViewBuilderTest,getMaximumYLimits,1,0,0.0,0,0.0,0,2,1,0,6,0,1,4,0.0,1,0,1,0,0.0,0,0.0,0,1,0.0,0,0.46153846153846156,1.0,125,89,0.0,12,5,0,0,0,1,8,0,5,0,0,5,0,0,0,0,16,0.8717948717948718,16,1.2307692307692308,13,0,5,0,12,1,0,12,0,1,0,0,0,0,0,13,13,4,1420,1300,17,0,24,61,1.2307692307692308,105,1,1710,26,241,100,20143
2025-07-11,argo,com.vrem.wifianalyzer.wifi.graphutils,GraphViewBuilderTest,validateMaximumY,1,1,0.0,2,1.0,0,2,1,0,4,0,1,0,0.3333333333333333,0,1,1,3,0.33,0,2.5,2,1,0.0,0,0.46153846153846156,1.0,125,89,0.0,12,5,0,0,0,1,8,0,5,0,0,5,0,0,0,0,16,0.8717948717948718,16,1.2307692307692308,13,0,5,0,12,1,0,12,0,1,0,0,0,0,0,13,13,4,1420,1300,17,0,24,61,1.2307692307692308,105,1,1710,26,241,100,20143
2025-07-11,argo,com.vrem.wifianalyzer.wifi.graphutils,GraphViewBuilderTest,gridLabelRenderColors,1,1,0.0,6,0.3333,0,2,1,0,9,0,1,0,1.0,0,1,2,8,1.0,1,2.0,0,0,0.0,0,0.46153846153846156,1.0,125,89,0.0,12,5,0,0,0,1,8,0,5,0,0,5,0,0,0,0,16,0.8717948717948718,16,1.2307692307692308,13,0,5,0,12,1,0,12,0,1,0,0,0,0,0,13,13,4,1420,1300,17,0,24,61,1.2307692307692308,105,1,1710,26,241,100,20143
2025-07-11,argo,com.vrem.wifianalyzer.wifi.graphutils,GraphViewWrapperTest,setUp,1,0,0.0,1,1.0,0,7,1,0,3,0,1,0,1.0,0,1,1,3,1.0,0,4.0,0,1,0.0,0,0.9824561403508771,0.8421052631578947,202,117,0.0,17,11,0,0,0,0,6,0,11,0,0,11,0,0,0,0,37,0.8128654970760234,37,1.9473684210526316,19,0,11,0,19,0,0,19,0,1,0,0,0,0,0,19,19,4,1420,1300,17,0,47,150,2.0526315789473686,105,1,1710,26,241,100,20143
2025-07-11,argo,com.vrem.wifianalyzer.wifi.graphutils,GraphViewWrapperTest,tearDown,1,0,0.0,0,0.0,0,7,1,0,9,0,1,0,1.0,0,7,1,1,7.0,0,0.0,0,1,0.0,0,0.9824561403508771,0.8421052631578947,202,117,0.0,17,11,0,0,0,0,6,0,11,0,0,11,0,0,0,0,37,0.8128654970760234,37,1.9473684210526316,19,0,11,0,19,0,0,19,0,1,0,0,0,0,0,19,19,4,1420,1300,17,0,47,150,2.0526315789473686,105,1,1710,26,241,100,20143
2025-07-11,argo,com.vrem.wifianalyzer.wifi.graphutils,GraphViewWrapperTest,removeSeries,3,3,0.0,3,0.6,0,7,1,0,12,2,3,0,1.0,1,5,2,12,5.0,2,2.2857142857142856,0,2,0.0,0,0.9824561403508771,0.8421052631578947,202,117,0.0,17,11,0,0,0,0,6,0,11,0,0,11,0,0,0,0,37,0.8128654970760234,37,1.9473684210526316,19,0,11,0,19,0,0,19,0,1,0,0,0,0,0,19,19,4,1420,1300,17,0,47,150,2.0526315789473686,105,1,1710,26,241,100,20143
2025-07-11,argo,com.vrem.wifianalyzer.wifi.graphutils,GraphViewWrapperTest,differenceSeries,2,3,0.0,2,1.0,0,7,1,0,8,1,2,0,1.0,1,2,3,7,2.0,2,2.25,0,3,0.0,0,0.9824561403508771,0.8421052631578947,202,117,0.0,17,11,0,0,0,0,6,0,11,0,0,11,0,0,0,0,37,0.8128654970760234,37,1.9473684210526316,19,0,11,0,19,0,0,19,0,1,0,0,0,0,0,19,19,4,1420,1300,17,0,47,150,2.0526315789473686,105,1,1710,26,241,100,20143
2025-07-11,argo,com.vrem.wifianalyzer.wifi.graphutils,GraphViewWrapperTest,addSeriesDirectly,1,0,0.0,1,1.0,0,7,1,0,4,0,1,0,1.0,0,3,1,2,3.0,1,2.0,0,1,0.0,0,0.9824561403508771,0.8421052631578947,202,117,0.0,17,11,0,0,0,0,6,0,11,0,0,11,0,0,0,0,37,0.8128654970760234,37,1.9473684210526316,19,0,11,0,19,0,0,19,0,1,0,0,0,0,0,19,19,4,1420,1300,17,0,47,150,2.0526315789473686,105,1,1710,26,241,100,20143
2025-07-11,argo,com.vrem.wifianalyzer.wifi.graphutils,GraphViewWrapperTest,addSeriesWhenSeriesExistsDoesNotAddSeries,2,1,0.0,4,1.0,0,7,1,0,7,1,2,0,1.0,0,4,3,6,4.0,2,2.2,0,3,0.0,0,0.9824561403508771,0.8421052631578947,202,117,0.0,17,11,0,0,0,0,6,0,11,0,0,11,0,0,0,0,37,0.8128654970760234,37,1.9473684210526316,19,0,11,0,19,0,0,19,0,1,0,0,0,0,0,19,19,4,1420,1300,17,0,47,150,2.0526315789473686,105,1,1710,26,241,100,20143
2025-07-11,argo,com.vrem.wifianalyzer.wifi.graphutils,GraphViewWrapperTest,addSeriesAddsSeries,2,3,0.0,10,0.6667,0,7,1,0,15,1,2,0,1.0,0,6,4,16,2.0,2,2.357142857142857,0,3,0.0,0,0.9824561403508771,0.8421052631578947,202,117,0.0,17,11,0,0,0,0,6,0,11,0,0,11,0,0,0,0,37,0.8128654970760234,37,1.9473684210526316,19,0,11,0,19,0,0,19,0,1,0,0,0,0,0,19,19,4,1420,1300,17,0,47,150,2.0526315789473686,105,1,1710,26,241,100,20143
2025-07-11,argo,com.vrem.wifianalyzer.wifi.graphutils,GraphViewWrapperTest,updateSeriesWhenSeriesDoesNotExistsDoesNotUpdateSeries,2,1,0.0,3,1.0,0,7,1,0,7,1,2,0,1.0,0,4,3,6,5.0,2,2.25,0,3,0.0,0,0.9824561403508771,0.8421052631578947,202,117,0.0,17,11,0,0,0,0,6,0,11,0,0,11,0,0,0,0,37,0.8128654970760234,37,1.9473684210526316,19,0,11,0,19,0,0,19,0,1,0,0,0,0,0,19,19,4,1420,1300,17,0,47,150,2.0526315789473686,105,1,1710,26,241,100,20143
2025-07-11,argo,com.vrem.wifianalyzer.wifi.graphutils,GraphViewWrapperTest,updateSeriesWhenSeriesDoesExists,3,3,0.0,9,0.8,0,7,1,0,14,2,3,0,1.0,0,6,4,15,2.33,2,2.4166666666666665,0,3,0.0,0,0.9824561403508771,0.8421052631578947,202,117,0.0,17,11,0,0,0,0,6,0,11,0,0,11,0,0,0,0,37,0.8128654970760234,37,1.9473684210526316,19,0,11,0,19,0,0,19,0,1,0,0,0,0,0,19,19,4,1420,1300,17,0,47,150,2.0526315789473686,105,1,1710,26,241,100,20143
2025-07-11,argo,com.vrem.wifianalyzer.wifi.graphutils,GraphViewWrapperTest,appendSeriesWhenSeriesDoesNotExistsDoesNotUpdateSeries,2,2,0.0,3,1.0,0,7,1,0,8,1,2,0,1.0,0,4,3,6,2.0,2,2.25,0,3,0.0,0,0.9824561403508771,0.8421052631578947,202,117,0.0,17,11,0,0,0,0,6,0,11,0,0,11,0,0,0,0,37,0.8128654970760234,37,1.9473684210526316,19,0,11,0,19,0,0,19,0,1,0,0,0,0,0,19,19,4,1420,1300,17,0,47,150,2.0526315789473686,105,1,1710,26,241,100,20143
2025-07-11,argo,com.vrem.wifianalyzer.wifi.graphutils,GraphViewWrapperTest,appendSeriesWhenSeriesDoesExists,3,3,0.0,7,0.875,0,7,1,0,13,2,3,0,1.0,0,6,3,10,2.0,2,2.3333333333333335,0,3,0.0,0,0.9824561403508771,0.8421052631578947,202,117,0.0,17,11,0,0,0,0,6,0,11,0,0,11,0,0,0,0,37,0.8128654970760234,37,1.9473684210526316,19,0,11,0,19,0,0,19,0,1,0,0,0,0,0,19,19,4,1420,1300,17,0,47,150,2.0526315789473686,105,1,1710,26,241,100,20143
2025-07-11,argo,com.vrem.wifianalyzer.wifi.graphutils,GraphViewWrapperTest,updateLegend,4,1,0.0,13,0.3846,0,7,1,0,17,2,4,0,1.0,1,3,7,23,3.0,2,2.4375,0,4,0.0,0,0.9824561403508771,0.8421052631578947,202,117,0.0,17,11,0,0,0,0,6,0,11,0,0,11,0,0,0,0,37,0.8128654970760234,37,1.9473684210526316,19,0,11,0,19,0,0,19,0,1,0,0,0,0,0,19,19,4,1420,1300,17,0,47,150,2.0526315789473686,105,1,1710,26,241,100,20143
2025-07-11,argo,com.vrem.wifianalyzer.wifi.graphutils,GraphViewWrapperTest,setVisibility,1,0,0.0,2,1.0,0,7,1,0,4,0,1,0,1.0,0,2,1,4,2.0,0,2.3333333333333335,0,0,0.0,0,0.9824561403508771,0.8421052631578947,202,117,0.0,17,11,0,0,0,0,6,0,11,0,0,11,0,0,0,0,37,0.8128654970760234,37,1.9473684210526316,19,0,11,0,19,0,0,19,0,1,0,0,0,0,0,19,19,4,1420,1300,17,0,47,150,2.0526315789473686,105,1,1710,26,241,100,20143
2025-07-11,argo,com.vrem.wifianalyzer.wifi.graphutils,GraphViewWrapperTest,setHorizontalLabelsVisible,2,0,0.0,3,1.0,0,7,1,0,6,0,2,0,1.0,1,3,2,5,3.0,1,2.25,0,2,0.0,0,0.9824561403508771,0.8421052631578947,202,117,0.0,17,11,0,0,0,0,6,0,11,0,0,11,0,0,0,0,37,0.8128654970760234,37,1.9473684210526316,19,0,11,0,19,0,0,19,0,1,0,0,0,0,0,19,19,4,1420,1300,17,0,47,150,2.0526315789473686,105,1,1710,26,241,100,20143
2025-07-11,argo,com.vrem.wifianalyzer.wifi.graphutils,GraphViewWrapperTest,calculateGraphType,1,0,0.0,0,0.0,0,7,1,0,3,0,1,0,1.0,1,1,1,2,1.0,2,3.0,0,1,0.0,0,0.9824561403508771,0.8421052631578947,202,117,0.0,17,11,0,0,0,0,6,0,11,0,0,11,0,0,0,0,37,0.8128654970760234,37,1.9473684210526316,19,0,11,0,19,0,0,19,0,1,0,0,0,0,0,19,19,4,1420,1300,17,0,47,150,2.0526315789473686,105,1,1710,26,241,100,20143
2025-07-11,argo,com.vrem.wifianalyzer.wifi.graphutils,GraphViewWrapperTest,setViewport,4,0,0.0,8,0.625,0,7,1,0,11,3,4,0,1.0,1,4,2,14,4.0,1,2.5555555555555554,0,2,0.0,0,0.9824561403508771,0.8421052631578947,202,117,0.0,17,11,0,0,0,0,6,0,11,0,0,11,0,0,0,0,37,0.8128654970760234,37,1.9473684210526316,19,0,11,0,19,0,0,19,0,1,0,0,0,0,0,19,19,4,1420,1300,17,0,47,150,2.0526315789473686,105,1,1710,26,241,100,20143
2025-07-11,argo,com.vrem.wifianalyzer.wifi.graphutils,GraphViewWrapperTest,getSize,1,0,0.0,1,1.0,0,7,1,0,6,0,1,0,1.0,0,1,1,5,1.0,2,3.0,0,1,0.0,0,0.9824561403508771,0.8421052631578947,202,117,0.0,17,11,0,0,0,0,6,0,11,0,0,11,0,0,0,0,37,0.8128654970760234,37,1.9473684210526316,19,0,11,0,19,0,0,19,0,1,0,0,0,0,0,19,19,4,1420,1300,17,0,47,150,2.0526315789473686,105,1,1710,26,241,100,20143
2025-07-11,argo,com.vrem.wifianalyzer.wifi.graphutils,GraphViewWrapperTest,setViewportWithMinAndMax,2,0,0.0,4,0.75,0,7,1,0,7,1,2,0,1.0,1,3,2,8,3.0,1,2.6,0,2,0.0,0,0.9824561403508771,0.8421052631578947,202,117,0.0,17,11,0,0,0,0,6,0,11,0,0,11,0,0,0,0,37,0.8128654970760234,37,1.9473684210526316,19,0,11,0,19,0,0,19,0,1,0,0,0,0,0,19,19,4,1420,1300,17,0,47,150,2.0526315789473686,105,1,1710,26,241,100,20143
2025-07-11,argo,com.vrem.wifianalyzer.wifi.graphutils,GraphViewWrapperTest,isNewSeries,2,1,0.0,3,1.0,0,7,1,0,6,1,2,0,1.0,0,3,3,5,3.0,2,2.25,0,3,0.0,0,0.9824561403508771,0.8421052631578947,202,117,0.0,17,11,0,0,0,0,6,0,11,0,0,11,0,0,0,0,37,0.8128654970760234,37,1.9473684210526316,19,0,11,0,19,0,0,19,0,1,0,0,0,0,0,19,19,4,1420,1300,17,0,47,150,2.0526315789473686,105,1,1710,26,241,100,20143
2025-07-11,argo,com.vrem.wifianalyzer.wifi.graphutils,SeriesCacheTest,tearDown,1,0,0.0,0,0.0,0,1,1,0,5,0,1,0,1.0,0,3,1,1,4.0,0,0.0,0,1,0.0,0,0.7619047619047619,1.0,126,93,0.8571428571428571,14,5,0,0,0,3,3,0,5,0,0,5,0,0,0,0,21,0.36190476190476195,21,1.4,15,0,5,0,13,2,0,13,1,1,0,0,0,0,0,15,15,4,1420,1300,17,0,15,78,1.4,105,1,1710,26,241,100,20143
2025-07-11,argo,com.vrem.wifianalyzer.wifi.graphutils,SeriesCacheTest,contains,1,2,1.0,1,1.0,0,1,1,0,5,0,1,1,1.0,2,1,1,3,0.5,1,2.0,0,1,0.0,0,0.7619047619047619,1.0,126,93,0.8571428571428571,14,5,0,0,0,3,3,0,5,0,0,5,0,0,0,0,21,0.36190476190476195,21,1.4,15,0,5,0,13,2,0,13,1,1,0,0,0,0,0,15,15,4,1420,1300,17,0,15,78,1.4,105,1,1710,26,241,100,20143
2025-07-11,argo,com.vrem.wifianalyzer.wifi.graphutils,SeriesCacheTest,get,2,2,0.0,2,1.0,0,1,1,0,7,1,2,1,1.0,1,2,0,3,1.0,1,2.0,0,0,0.0,0,0.7619047619047619,1.0,126,93,0.8571428571428571,14,5,0,0,0,3,3,0,5,0,0,5,0,0,0,0,21,0.36190476190476195,21,1.4,15,0,5,0,13,2,0,13,1,1,0,0,0,0,0,15,15,4,1420,1300,17,0,15,78,1.4,105,1,1710,26,241,100,20143
2025-07-11,argo,com.vrem.wifianalyzer.wifi.graphutils,SeriesCacheTest,addExistingSeries,1,2,1.0,2,1.0,0,1,1,0,6,0,1,1,1.0,1,3,1,4,2.0,1,2.0,0,1,0.0,0,0.7619047619047619,1.0,126,93,0.8571428571428571,14,5,0,0,0,3,3,0,5,0,0,5,0,0,0,0,21,0.36190476190476195,21,1.4,15,0,5,0,13,2,0,13,1,1,0,0,0,0,0,15,15,4,1420,1300,17,0,15,78,1.4,105,1,1710,26,241,100,20143
2025-07-11,argo,com.vrem.wifianalyzer.wifi.graphutils,SeriesCacheTest,tesDifferenceExpectOneLess,2,2,1.0,4,1.0,0,1,1,0,8,1,2,1,1.0,1,1,1,8,0.5,1,2.4,0,1,0.0,0,0.7619047619047619,1.0,126,93,0.8571428571428571,14,5,0,0,0,3,3,0,5,0,0,5,0,0,0,0,21,0.36190476190476195,21,1.4,15,0,5,0,13,2,0,13,1,1,0,0,0,0,0,15,15,4,1420,1300,17,0,15,78,1.4,105,1,1710,26,241,100,20143
2025-07-11,argo,com.vrem.wifianalyzer.wifi.graphutils,SeriesCacheTest,tesDifferenceExpectEverything,2,2,1.0,4,1.0,0,1,1,0,8,1,2,1,1.0,1,1,1,6,0.5,1,2.25,0,1,0.0,0,0.7619047619047619,1.0,126,93,0.8571428571428571,14,5,0,0,0,3,3,0,5,0,0,5,0,0,0,0,21,0.36190476190476195,21,1.4,15,0,5,0,13,2,0,13,1,1,0,0,0,0,0,15,15,4,1420,1300,17,0,15,78,1.4,105,1,1710,26,241,100,20143
2025-07-11,argo,com.vrem.wifianalyzer.wifi.graphutils,SeriesCacheTest,tesDifferenceExpectNone,1,2,1.0,2,1.0,0,1,1,0,5,0,1,1,1.0,1,1,1,4,0.5,1,2.5,0,1,0.0,0,0.7619047619047619,1.0,126,93,0.8571428571428571,14,5,0,0,0,3,3,0,5,0,0,5,0,0,0,0,21,0.36190476190476195,21,1.4,15,0,5,0,13,2,0,13,1,1,0,0,0,0,0,15,15,4,1420,1300,17,0,15,78,1.4,105,1,1710,26,241,100,20143
2025-07-11,argo,com.vrem.wifianalyzer.wifi.graphutils,SeriesCacheTest,removeExpectedAllLeft,1,2,2.0,3,1.0,0,1,1,0,6,0,1,1,1.0,2,1,2,6,0.5,1,2.25,0,2,0.0,0,0.7619047619047619,1.0,126,93,0.8571428571428571,14,5,0,0,0,3,3,0,5,0,0,5,0,0,0,0,21,0.36190476190476195,21,1.4,15,0,5,0,13,2,0,13,1,1,0,0,0,0,0,15,15,4,1420,1300,17,0,15,78,1.4,105,1,1710,26,241,100,20143
2025-07-11,argo,com.vrem.wifianalyzer.wifi.graphutils,SeriesCacheTest,removeExpectNoneLeft,1,2,2.0,3,1.0,0,1,1,0,6,0,1,1,1.0,2,1,2,7,0.5,1,2.5,0,2,0.0,0,0.7619047619047619,1.0,126,93,0.8571428571428571,14,5,0,0,0,3,3,0,5,0,0,5,0,0,0,0,21,0.36190476190476195,21,1.4,15,0,5,0,13,2,0,13,1,1,0,0,0,0,0,15,15,4,1420,1300,17,0,15,78,1.4,105,1,1710,26,241,100,20143
2025-07-11,argo,com.vrem.wifianalyzer.wifi.graphutils,SeriesCacheTest,removeExpectOneLeft,2,2,2.0,3,1.0,0,1,1,0,10,1,2,1,1.0,2,2,1,10,1.0,1,2.4285714285714284,0,1,0.0,0,0.7619047619047619,1.0,126,93,0.8571428571428571,14,5,0,0,0,3,3,0,5,0,0,5,0,0,0,0,21,0.36190476190476195,21,1.4,15,0,5,0,13,2,0,13,1,1,0,0,0,0,0,15,15,4,1420,1300,17,0,15,78,1.4,105,1,1710,26,241,100,20143
2025-07-11,argo,com.vrem.wifianalyzer.wifi.graphutils,SeriesCacheTest,removeNonExistingOne,1,3,3.0,3,1.0,0,1,1,0,7,0,1,1,1.0,3,1,2,7,0.33,1,2.25,0,2,0.0,0,0.7619047619047619,1.0,126,93,0.8571428571428571,14,5,0,0,0,3,3,0,5,0,0,5,0,0,0,0,21,0.36190476190476195,21,1.4,15,0,5,0,13,2,0,13,1,1,0,0,0,0,0,15,15,4,1420,1300,17,0,15,78,1.4,105,1,1710,26,241,100,20143
2025-07-11,argo,com.vrem.wifianalyzer.wifi.graphutils,SeriesCacheTest,removeExpectMoreThanOneLeft,2,2,2.0,3,1.0,0,1,1,0,10,1,2,1,1.0,2,2,1,9,1.0,1,2.5,0,1,0.0,0,0.7619047619047619,1.0,126,93,0.8571428571428571,14,5,0,0,0,3,3,0,5,0,0,5,0,0,0,0,21,0.36190476190476195,21,1.4,15,0,5,0,13,2,0,13,1,1,0,0,0,0,0,15,15,4,1420,1300,17,0,15,78,1.4,105,1,1710,26,241,100,20143
2025-07-11,argo,com.vrem.wifianalyzer.wifi.graphutils,SeriesCacheTest,find,1,2,1.0,1,1.0,0,1,1,0,5,0,1,1,1.0,2,2,1,3,1.5,1,2.0,0,1,0.0,0,0.7619047619047619,1.0,126,93,0.8571428571428571,14,5,0,0,0,3,3,0,5,0,0,5,0,0,0,0,21,0.36190476190476195,21,1.4,15,0,5,0,13,2,0,13,1,1,0,0,0,0,0,15,15,4,1420,1300,17,0,15,78,1.4,105,1,1710,26,241,100,20143
2025-07-11,argo,com.vrem.wifianalyzer.wifi.graphutils,SeriesCacheTest,makeWiFiDetail,1,0,0.0,1,1.0,0,1,1,0,3,0,1,0,0.0,0,0,0,2,0.0,0,2.0,1,0,0.0,0,0.7619047619047619,1.0,126,93,0.8571428571428571,14,5,0,0,0,3,3,0,5,0,0,5,0,0,0,0,21,0.36190476190476195,21,1.4,15,0,5,0,13,2,0,13,1,1,0,0,0,0,0,15,15,4,1420,1300,17,0,15,78,1.4,105,1,1710,26,241,100,20143
2025-07-11,argo,com.vrem.wifianalyzer.wifi.graphutils,SeriesCacheTest,withData,2,2,1.0,3,1.0,0,1,1,0,9,1,2,1,1.0,1,2,0,5,2.0,1,2.0,0,0,0.0,0,0.7619047619047619,1.0,126,93,0.8571428571428571,14,5,0,0,0,3,3,0,5,0,0,5,0,0,0,0,21,0.36190476190476195,21,1.4,15,0,5,0,13,2,0,13,1,1,0,0,0,0,0,15,15,4,1420,1300,17,0,15,78,1.4,105,1,1710,26,241,100,20143
2025-07-11,argo,com.vrem.wifianalyzer.wifi.graphutils,SeriesOptionsTest,tearDown,1,0,0.0,0,0.0,0,2,1,0,5,0,1,0,1.0,0,3,1,1,4.0,0,0.0,0,1,0.0,0,1.0,1.0,83,44,0.0,10,5,0,0,0,0,4,0,5,0,0,5,0,0,0,0,13,0.6222222222222222,13,1.3,10,0,5,0,10,0,0,10,0,1,0,0,0,0,0,10,10,4,1420,1300,17,0,15,51,1.3,105,1,1710,26,241,100,20143
2025-07-11,argo,com.vrem.wifianalyzer.wifi.graphutils,SeriesOptionsTest,removeSeries,2,1,0.0,4,1.0,0,2,1,0,7,1,2,0,1.0,0,3,2,6,4.0,1,2.5,0,2,0.0,0,1.0,1.0,83,44,0.0,10,5,0,0,0,0,4,0,5,0,0,5,0,0,0,0,13,0.6222222222222222,13,1.3,10,0,5,0,10,0,0,10,0,1,0,0,0,0,0,10,10,4,1420,1300,17,0,15,51,1.3,105,1,1710,26,241,100,20143
2025-07-11,argo,com.vrem.wifianalyzer.wifi.graphutils,SeriesOptionsTest,highlightConnectedLineGraphSeriesSetsConnectedThickness,1,0,0.0,4,0.75,0,2,1,0,6,0,1,0,1.0,0,3,2,4,3.0,1,2.0,0,1,0.0,0,1.0,1.0,83,44,0.0,10,5,0,0,0,0,4,0,5,0,0,5,0,0,0,0,13,0.6222222222222222,13,1.3,10,0,5,0,10,0,0,10,0,1,0,0,0,0,0,10,10,4,1420,1300,17,0,15,51,1.3,105,1,1710,26,241,100,20143
2025-07-11,argo,com.vrem.wifianalyzer.wifi.graphutils,SeriesOptionsTest,highlightConnectedLineGraphSeriesSetsNotConnectedThickness,1,0,0.0,4,0.75,0,2,1,0,6,0,1,0,1.0,0,3,2,4,3.0,1,2.0,0,1,0.0,0,1.0,1.0,83,44,0.0,10,5,0,0,0,0,4,0,5,0,0,5,0,0,0,0,13,0.6222222222222222,13,1.3,10,0,5,0,10,0,0,10,0,1,0,0,0,0,0,10,10,4,1420,1300,17,0,15,51,1.3,105,1,1710,26,241,100,20143
2025-07-11,argo,com.vrem.wifianalyzer.wifi.graphutils,SeriesOptionsTest,highlightConnectedTitleLineGraphSeriesSetsConnectedThickness,1,0,0.0,4,0.75,0,2,1,0,6,0,1,0,1.0,0,3,2,4,3.0,1,2.0,0,1,0.0,0,1.0,1.0,83,44,0.0,10,5,0,0,0,0,4,0,5,0,0,5,0,0,0,0,13,0.6222222222222222,13,1.3,10,0,5,0,10,0,0,10,0,1,0,0,0,0,0,10,10,4,1420,1300,17,0,15,51,1.3,105,1,1710,26,241,100,20143
2025-07-11,argo,com.vrem.wifianalyzer.wifi.graphutils,SeriesOptionsTest,highlightConnectedTitleLineGraphSeriesSetsNotConnectedThickness,1,0,0.0,4,0.75,0,2,1,0,6,0,1,0,1.0,0,3,2,4,3.0,1,2.0,0,1,0.0,0,1.0,1.0,83,44,0.0,10,5,0,0,0,0,4,0,5,0,0,5,0,0,0,0,13,0.6222222222222222,13,1.3,10,0,5,0,10,0,0,10,0,1,0,0,0,0,0,10,10,4,1420,1300,17,0,15,51,1.3,105,1,1710,26,241,100,20143
2025-07-11,argo,com.vrem.wifianalyzer.wifi.graphutils,SeriesOptionsTest,setSeriesColorForLineGraphSeries,2,0,0.0,6,0.7143,0,2,1,0,9,1,2,0,1.0,0,5,2,12,5.0,2,2.3333333333333335,0,2,0.0,0,1.0,1.0,83,44,0.0,10,5,0,0,0,0,4,0,5,0,0,5,0,0,0,0,13,0.6222222222222222,13,1.3,10,0,5,0,10,0,0,10,0,1,0,0,0,0,0,10,10,4,1420,1300,17,0,15,51,1.3,105,1,1710,26,241,100,20143
2025-07-11,argo,com.vrem.wifianalyzer.wifi.graphutils,SeriesOptionsTest,setSeriesColorForTitleLineGraphSeries,2,0,0.0,6,0.7143,0,2,1,0,9,1,2,0,1.0,0,5,2,12,5.0,2,2.3333333333333335,0,2,0.0,0,1.0,1.0,83,44,0.0,10,5,0,0,0,0,4,0,5,0,0,5,0,0,0,0,13,0.6222222222222222,13,1.3,10,0,5,0,10,0,0,10,0,1,0,0,0,0,0,10,10,4,1420,1300,17,0,15,51,1.3,105,1,1710,26,241,100,20143
2025-07-11,argo,com.vrem.wifianalyzer.wifi.graphutils,SeriesOptionsTest,drawBackgroundForLineGraphSeries,1,0,0.0,2,1.0,0,2,1,0,4,0,1,0,1.0,0,2,0,2,2.0,1,2.0,0,0,0.0,0,1.0,1.0,83,44,0.0,10,5,0,0,0,0,4,0,5,0,0,5,0,0,0,0,13,0.6222222222222222,13,1.3,10,0,5,0,10,0,0,10,0,1,0,0,0,0,0,10,10,4,1420,1300,17,0,15,51,1.3,105,1,1710,26,241,100,20143
2025-07-11,argo,com.vrem.wifianalyzer.wifi.graphutils,SeriesOptionsTest,drawBackgroundForTitleLineGraphSeries,1,0,0.0,2,1.0,0,2,1,0,4,0,1,0,1.0,0,2,0,2,2.0,1,2.0,0,0,0.0,0,1.0,1.0,83,44,0.0,10,5,0,0,0,0,4,0,5,0,0,5,0,0,0,0,13,0.6222222222222222,13,1.3,10,0,5,0,10,0,0,10,0,1,0,0,0,0,0,10,10,4,1420,1300,17,0,15,51,1.3,105,1,1710,26,241,100,20143
2025-07-11,argo,com.vrem.wifianalyzer.wifi.manager,WiFiManagerWrapperTest,tearDown,1,0,0.0,0,0.0,0,5,1,0,4,0,1,0,1.0,0,2,1,1,2.0,0,0.0,0,1,0.0,0,1.0,1.0,172,106,0.5625,16,4,0,0,0,0,5,0,4,0,0,4,0,0,0,0,43,0.09523809523809523,43,2.0476190476190474,21,0,4,0,21,0,0,21,0,1,0,0,0,0,0,21,21,4,1420,1300,4,0,63,125,2.238095238095238,34,0,500,26,241,43,20143
2025-07-11,argo,com.vrem.wifianalyzer.wifi.manager,WiFiManagerWrapperTest,wiFiEnabled,2,1,0.0,3,1.0,0,5,1,0,6,1,2,0,1.0,1,2,3,5,2.0,1,2.25,0,3,0.0,0,1.0,1.0,172,106,0.5625,16,4,0,0,0,0,5,0,4,0,0,4,0,0,0,0,43,0.09523809523809523,43,2.0476190476190474,21,0,4,0,21,0,0,21,0,1,0,0,0,0,0,21,21,4,1420,1300,4,0,63,125,2.238095238095238,34,0,500,26,241,43,20143
2025-07-11,argo,com.vrem.wifianalyzer.wifi.manager,WiFiManagerWrapperTest,wiFiEnabledWithException,2,1,1.0,3,1.0,0,5,1,0,6,1,2,0,1.0,1,2,3,5,2.0,1,2.25,0,3,0.0,0,1.0,1.0,172,106,0.5625,16,4,0,0,0,0,5,0,4,0,0,4,0,0,0,0,43,0.09523809523809523,43,2.0476190476190474,21,0,4,0,21,0,0,21,0,1,0,0,0,0,0,21,21,4,1420,1300,4,0,63,125,2.238095238095238,34,0,500,26,241,43,20143
2025-07-11,argo,com.vrem.wifianalyzer.wifi.manager,WiFiManagerWrapperTest,enableWiFi,2,1,0.0,3,1.0,0,5,1,0,6,1,2,0,1.0,1,2,3,5,2.0,1,2.25,0,3,0.0,0,1.0,1.0,172,106,0.5625,16,4,0,0,0,0,5,0,4,0,0,4,0,0,0,0,43,0.09523809523809523,43,2.0476190476190474,21,0,4,0,21,0,0,21,0,1,0,0,0,0,0,21,21,4,1420,1300,4,0,63,125,2.238095238095238,34,0,500,26,241,43,20143
2025-07-11,argo,com.vrem.wifianalyzer.wifi.manager,WiFiManagerWrapperTest,enableWiFiWhenDisabled,3,1,1.0,4,1.0,0,5,1,0,8,2,3,0,1.0,1,3,3,8,3.0,2,2.3333333333333335,0,3,0.0,0,1.0,1.0,172,106,0.5625,16,4,0,0,0,0,5,0,4,0,0,4,0,0,0,0,43,0.09523809523809523,43,2.0476190476190474,21,0,4,0,21,0,0,21,0,1,0,0,0,0,0,21,21,4,1420,1300,4,0,63,125,2.238095238095238,34,0,500,26,241,43,20143
2025-07-11,argo,com.vrem.wifianalyzer.wifi.manager,WiFiManagerWrapperTest,enableWiFiWithException,3,1,1.0,4,1.0,0,5,1,0,8,2,3,0,1.0,1,3,3,8,3.0,2,2.3333333333333335,0,3,0.0,0,1.0,1.0,172,106,0.5625,16,4,0,0,0,0,5,0,4,0,0,4,0,0,0,0,43,0.09523809523809523,43,2.0476190476190474,21,0,4,0,21,0,0,21,0,1,0,0,0,0,0,21,21,4,1420,1300,4,0,63,125,2.238095238095238,34,0,500,26,241,43,20143
2025-07-11,argo,com.vrem.wifianalyzer.wifi.manager,WiFiManagerWrapperTest,disableWiFi,3,1,0.0,4,1.0,0,5,1,0,8,2,3,0,1.0,1,3,3,8,3.0,2,2.3333333333333335,0,3,0.0,0,1.0,1.0,172,106,0.5625,16,4,0,0,0,0,5,0,4,0,0,4,0,0,0,0,43,0.09523809523809523,43,2.0476190476190474,21,0,4,0,21,0,0,21,0,1,0,0,0,0,0,21,21,4,1420,1300,4,0,63,125,2.238095238095238,34,0,500,26,241,43,20143
2025-07-11,argo,com.vrem.wifianalyzer.wifi.manager,WiFiManagerWrapperTest,disableWiFiWhenDisabled,2,1,1.0,4,1.0,0,5,1,0,7,1,2,0,1.0,1,3,3,6,3.0,1,2.2,0,3,0.0,0,1.0,1.0,172,106,0.5625,16,4,0,0,0,0,5,0,4,0,0,4,0,0,0,0,43,0.09523809523809523,43,2.0476190476190474,21,0,4,0,21,0,0,21,0,1,0,0,0,0,0,21,21,4,1420,1300,4,0,63,125,2.238095238095238,34,0,500,26,241,43,20143
2025-07-11,argo,com.vrem.wifianalyzer.wifi.manager,WiFiManagerWrapperTest,disableWiFiWithException,3,1,1.0,4,1.0,0,5,1,0,8,2,3,0,1.0,1,3,3,8,3.0,2,2.3333333333333335,0,3,0.0,0,1.0,1.0,172,106,0.5625,16,4,0,0,0,0,5,0,4,0,0,4,0,0,0,0,43,0.09523809523809523,43,2.0476190476190474,21,0,4,0,21,0,0,21,0,1,0,0,0,0,0,21,21,4,1420,1300,4,0,63,125,2.238095238095238,34,0,500,26,241,43,20143
2025-07-11,argo,com.vrem.wifianalyzer.wifi.manager,WiFiManagerWrapperTest,startScan,2,1,0.0,1,1.0,0,5,1,0,6,1,2,0,1.0,1,2,3,5,2.0,2,2.25,0,3,0.0,0,1.0,1.0,172,106,0.5625,16,4,0,0,0,0,5,0,4,0,0,4,0,0,0,0,43,0.09523809523809523,43,2.0476190476190474,21,0,4,0,21,0,0,21,0,1,0,0,0,0,0,21,21,4,1420,1300,4,0,63,125,2.238095238095238,34,0,500,26,241,43,20143
2025-07-11,argo,com.vrem.wifianalyzer.wifi.manager,WiFiManagerWrapperTest,startScanWithException,2,1,1.0,1,1.0,0,5,1,0,6,1,2,0,1.0,1,2,3,5,2.0,2,2.25,0,3,0.0,0,1.0,1.0,172,106,0.5625,16,4,0,0,0,0,5,0,4,0,0,4,0,0,0,0,43,0.09523809523809523,43,2.0476190476190474,21,0,4,0,21,0,0,21,0,1,0,0,0,0,0,21,21,4,1420,1300,4,0,63,125,2.238095238095238,34,0,500,26,241,43,20143
2025-07-11,argo,com.vrem.wifianalyzer.wifi.manager,WiFiManagerWrapperTest,scanResults,2,2,0.0,2,1.0,0,5,1,0,7,1,2,0,1.0,1,2,3,6,1.0,1,2.25,0,3,0.0,0,1.0,1.0,172,106,0.5625,16,4,0,0,0,0,5,0,4,0,0,4,0,0,0,0,43,0.09523809523809523,43,2.0476190476190474,21,0,4,0,21,0,0,21,0,1,0,0,0,0,0,21,21,4,1420,1300,4,0,63,125,2.238095238095238,34,0,500,26,241,43,20143
2025-07-11,argo,com.vrem.wifianalyzer.wifi.manager,WiFiManagerWrapperTest,scanResultsWhenWiFiManagerReturnsNullScanResults,2,1,1.0,3,0.6667,0,5,1,0,7,1,2,0,1.0,1,2,3,6,2.0,1,2.2,0,3,0.0,0,1.0,1.0,172,106,0.5625,16,4,0,0,0,0,5,0,4,0,0,4,0,0,0,0,43,0.09523809523809523,43,2.0476190476190474,21,0,4,0,21,0,0,21,0,1,0,0,0,0,0,21,21,4,1420,1300,4,0,63,125,2.238095238095238,34,0,500,26,241,43,20143
2025-07-11,argo,com.vrem.wifianalyzer.wifi.manager,WiFiManagerWrapperTest,scanResultsWithException,2,1,1.0,3,0.6667,0,5,1,0,7,1,2,0,1.0,1,2,3,6,2.0,1,2.2,0,3,0.0,0,1.0,1.0,172,106,0.5625,16,4,0,0,0,0,5,0,4,0,0,4,0,0,0,0,43,0.09523809523809523,43,2.0476190476190474,21,0,4,0,21,0,0,21,0,1,0,0,0,0,0,21,21,4,1420,1300,4,0,63,125,2.238095238095238,34,0,500,26,241,43,20143
2025-07-11,argo,com.vrem.wifianalyzer.wifi.manager,WiFiManagerWrapperTest,wiFiInfo,2,1,0.0,3,1.0,0,5,1,0,6,1,2,0,1.0,1,3,3,5,3.0,1,2.25,0,3,0.0,0,1.0,1.0,172,106,0.5625,16,4,0,0,0,0,5,0,4,0,0,4,0,0,0,0,43,0.09523809523809523,43,2.0476190476190474,21,0,4,0,21,0,0,21,0,1,0,0,0,0,0,21,21,4,1420,1300,4,0,63,125,2.238095238095238,34,0,500,26,241,43,20143
2025-07-11,argo,com.vrem.wifianalyzer.wifi.manager,WiFiManagerWrapperTest,wiFiInfoWithException,2,1,1.0,3,1.0,0,5,1,0,6,1,2,0,1.0,1,2,3,5,2.0,1,2.25,0,3,0.0,0,1.0,1.0,172,106,0.5625,16,4,0,0,0,0,5,0,4,0,0,4,0,0,0,0,43,0.09523809523809523,43,2.0476190476190474,21,0,4,0,21,0,0,21,0,1,0,0,0,0,0,21,21,4,1420,1300,4,0,63,125,2.238095238095238,34,0,500,26,241,43,20143
2025-07-11,argo,com.vrem.wifianalyzer.wifi.manager,WiFiManagerWrapperTest,is5GHzBandSupported,2,1,0.0,2,1.0,0,5,1,0,6,1,2,0,1.0,1,2,3,5,2.0,1,2.25,0,3,0.0,0,1.0,1.0,172,106,0.5625,16,4,0,0,0,0,5,0,4,0,0,4,0,0,0,0,43,0.09523809523809523,43,2.0476190476190474,21,0,4,0,21,0,0,21,0,1,0,0,0,0,0,21,21,4,1420,1300,4,0,63,125,2.238095238095238,34,0,500,26,241,43,20143
2025-07-11,argo,com.vrem.wifianalyzer.wifi.manager,WiFiManagerWrapperTest,is6GHzBandSupported,2,1,0.0,3,1.0,0,5,1,0,7,0,2,0,1.0,1,2,3,6,2.0,2,2.2,0,3,0.0,0,1.0,1.0,172,106,0.5625,16,4,0,0,0,0,5,0,4,0,0,4,0,0,0,0,43,0.09523809523809523,43,2.0476190476190474,21,0,4,0,21,0,0,21,0,1,0,0,0,0,0,21,21,4,1420,1300,4,0,63,125,2.238095238095238,34,0,500,26,241,43,20143
2025-07-11,argo,com.vrem.wifianalyzer.wifi.manager,WiFiManagerWrapperTest,is6GHzBandSupportedWithAndroidR,3,1,0.0,4,1.0,0,5,1,0,8,1,3,0,1.0,1,2,4,8,2.0,2,2.3333333333333335,0,4,0.0,0,1.0,1.0,172,106,0.5625,16,4,0,0,0,0,5,0,4,0,0,4,0,0,0,0,43,0.09523809523809523,43,2.0476190476190474,21,0,4,0,21,0,0,21,0,1,0,0,0,0,0,21,21,4,1420,1300,4,0,63,125,2.238095238095238,34,0,500,26,241,43,20143
2025-07-11,argo,com.vrem.wifianalyzer.wifi.manager,WiFiManagerWrapperTest,isScanThrottleEnabledSupported,2,1,0.0,4,1.0,0,5,1,0,7,0,2,0,1.0,0,2,3,6,2.0,2,2.2,0,3,0.0,0,1.0,1.0,172,106,0.5625,16,4,0,0,0,0,5,0,4,0,0,4,0,0,0,0,43,0.09523809523809523,43,2.0476190476190474,21,0,4,0,21,0,0,21,0,1,0,0,0,0,0,21,21,4,1420,1300,4,0,63,125,2.238095238095238,34,0,500,26,241,43,20143
2025-07-11,argo,com.vrem.wifianalyzer.wifi.manager,WiFiManagerWrapperTest,isScanThrottleEnabledSupportedWithAndroidR,3,1,0.0,5,1.0,0,5,1,0,8,1,3,0,1.0,0,2,4,8,2.0,2,2.3333333333333335,0,4,0.0,0,1.0,1.0,172,106,0.5625,16,4,0,0,0,0,5,0,4,0,0,4,0,0,0,0,43,0.09523809523809523,43,2.0476190476190474,21,0,4,0,21,0,0,21,0,1,0,0,0,0,0,21,21,4,1420,1300,4,0,63,125,2.238095238095238,34,0,500,26,241,43,20143
2025-07-11,argo,com.vrem.wifianalyzer.wifi.manager,WiFiSwitchTest,tearDown,1,0,0.0,0,0.0,0,0,1,0,3,0,1,0,1.0,0,1,1,1,1.0,0,0.0,0,1,0.0,0,0.8333333333333334,1.0,32,23,0.25,4,2,0,0,0,0,6,0,2,0,0,2,0,0,0,0,6,0.5,6,1.5,4,0,2,0,4,0,0,4,1,1,0,0,0,0,0,4,4,4,1420,1300,4,0,9,19,2.0,34,0,500,26,241,43,20143
2025-07-11,argo,com.vrem.wifianalyzer.wifi.manager,WiFiSwitchTest,on,2,1,0.0,3,1.0,0,0,1,0,6,1,2,0,1.0,1,2,2,5,2.0,2,2.25,0,2,0.0,0,0.8333333333333334,1.0,32,23,0.25,4,2,0,0,0,0,6,0,2,0,0,2,0,0,0,0,6,0.5,6,1.5,4,0,2,0,4,0,0,4,1,1,0,0,0,0,0,4,4,4,1420,1300,4,0,9,19,2.0,34,0,500,26,241,43,20143
2025-07-11,argo,com.vrem.wifianalyzer.wifi.manager,WiFiSwitchTest,off,2,1,0.0,3,1.0,0,0,1,0,6,1,2,0,1.0,1,2,2,5,2.0,2,2.25,0,2,0.0,0,0.8333333333333334,1.0,32,23,0.25,4,2,0,0,0,0,6,0,2,0,0,2,0,0,0,0,6,0.5,6,1.5,4,0,2,0,4,0,0,4,1,1,0,0,0,0,0,4,4,4,1420,1300,4,0,9,19,2.0,34,0,500,26,241,43,20143
2025-07-11,argo,com.vrem.wifianalyzer.wifi.manager,WiFiSwitchTest,onWithAndroidQ,3,1,1.0,4,0.8,0,0,1,0,8,0,3,0,1.0,1,1,4,8,1.0,2,2.3333333333333335,0,4,0.0,0,0.8333333333333334,1.0,32,23,0.25,4,2,0,0,0,0,6,0,2,0,0,2,0,0,0,0,6,0.5,6,1.5,4,0,2,0,4,0,0,4,1,1,0,0,0,0,0,4,4,4,1420,1300,4,0,9,19,2.0,34,0,500,26,241,43,20143
2025-07-11,argo,com.vrem.wifianalyzer.wifi.model,ChannelAPCountTest,compareToUsingSameCountAndChannel,1,2,0.0,2,1.0,0,0,1,0,5,0,1,0,1.0,0,4,1,4,2.5,2,2.5,0,1,0.0,0,1.0,1.0,35,20,0.0,4,5,0,0,0,0,1,0,5,0,0,5,0,0,0,0,4,0.0,4,1.0,4,0,5,0,4,0,0,4,0,1,0,0,0,0,0,4,4,4,1420,1300,47,0,4,16,1.0,193,0,3790,26,241,179,20143
2025-07-11,argo,com.vrem.wifianalyzer.wifi.model,ChannelAPCountTest,compareToUsingDifferentCount,1,2,0.0,2,1.0,0,0,1,0,5,0,1,0,1.0,0,4,1,4,2.5,2,2.5,0,1,0.0,0,1.0,1.0,35,20,0.0,4,5,0,0,0,0,1,0,5,0,0,5,0,0,0,0,4,0.0,4,1.0,4,0,5,0,4,0,0,4,0,1,0,0,0,0,0,4,4,4,1420,1300,47,0,4,16,1.0,193,0,3790,26,241,179,20143
2025-07-11,argo,com.vrem.wifianalyzer.wifi.model,ChannelAPCountTest,compareToUsingDifferentChannel,1,2,0.0,2,1.0,0,0,1,0,5,0,1,0,1.0,0,4,1,4,2.5,2,2.5,0,1,0.0,0,1.0,1.0,35,20,0.0,4,5,0,0,0,0,1,0,5,0,0,5,0,0,0,0,4,0.0,4,1.0,4,0,5,0,4,0,0,4,0,1,0,0,0,0,0,4,4,4,1420,1300,47,0,4,16,1.0,193,0,3790,26,241,179,20143
2025-07-11,argo,com.vrem.wifianalyzer.wifi.model,ChannelAPCountTest,compareToUsingDifferentFrequency,1,2,0.0,2,1.0,0,0,1,0,5,0,1,0,1.0,0,4,1,4,2.5,2,2.5,0,1,0.0,0,1.0,1.0,35,20,0.0,4,5,0,0,0,0,1,0,5,0,0,5,0,0,0,0,4,0.0,4,1.0,4,0,5,0,4,0,0,4,0,1,0,0,0,0,0,4,4,4,1420,1300,47,0,4,16,1.0,193,0,3790,26,241,179,20143
2025-07-11,argo,com.vrem.wifianalyzer.wifi.model,ChannelRatingTest,channelRating,1,1,1.0,1,1.0,0,1,1,0,5,0,1,0,1.0,1,2,1,5,2.0,2,3.3333333333333335,0,1,0.0,0,0.6888888888888889,0.7,91,61,0.7777777777777778,10,7,0,0,0,4,4,0,7,0,0,7,0,0,0,0,10,0.7333333333333334,10,1.0,10,0,7,0,7,3,0,7,1,1,0,0,0,0,0,10,10,4,1420,1300,47,0,11,58,1.0,193,0,3790,26,241,179,20143
2025-07-11,argo,com.vrem.wifianalyzer.wifi.model,ChannelRatingTest,count,1,0,1.0,2,1.0,0,1,1,0,6,0,1,3,1.0,1,5,1,5,5.0,1,2.75,0,1,0.0,0,0.6888888888888889,0.7,91,61,0.7777777777777778,10,7,0,0,0,4,4,0,7,0,0,7,0,0,0,0,10,0.7333333333333334,10,1.0,10,0,7,0,7,3,0,7,1,1,0,0,0,0,0,10,10,4,1420,1300,47,0,11,58,1.0,193,0,3790,26,241,179,20143
2025-07-11,argo,com.vrem.wifianalyzer.wifi.model,ChannelRatingTest,validateCount,1,0,1.0,0,0.0,0,1,1,0,3,0,1,0,0.3333333333333333,1,1,1,2,0.5,2,3.0,2,1,0.0,0,0.6888888888888889,0.7,91,61,0.7777777777777778,10,7,0,0,0,4,4,0,7,0,0,7,0,0,0,0,10,0.7333333333333334,10,1.0,10,0,7,0,7,3,0,7,1,1,0,0,0,0,0,10,10,4,1420,1300,47,0,11,58,1.0,193,0,3790,26,241,179,20143
2025-07-11,argo,com.vrem.wifianalyzer.wifi.model,ChannelRatingTest,strengthShouldReturnMaximum,1,3,1.0,3,1.0,0,1,1,0,7,0,1,1,1.0,1,2,1,6,2.0,1,2.75,0,1,0.0,0,0.6888888888888889,0.7,91,61,0.7777777777777778,10,7,0,0,0,4,4,0,7,0,0,7,0,0,0,0,10,0.7333333333333334,10,1.0,10,0,7,0,7,3,0,7,1,1,0,0,0,0,0,10,10,4,1420,1300,47,0,11,58,1.0,193,0,3790,26,241,179,20143
2025-07-11,argo,com.vrem.wifianalyzer.wifi.model,ChannelRatingTest,strengthWithConnected,1,3,1.0,3,1.0,0,1,1,0,7,0,1,1,1.0,1,2,1,6,2.0,1,2.75,0,1,0.0,0,0.6888888888888889,0.7,91,61,0.7777777777777778,10,7,0,0,0,4,4,0,7,0,0,7,0,0,0,0,10,0.7333333333333334,10,1.0,10,0,7,0,7,3,0,7,1,1,0,0,0,0,0,10,10,4,1420,1300,47,0,11,58,1.0,193,0,3790,26,241,179,20143
2025-07-11,argo,com.vrem.wifianalyzer.wifi.model,ChannelRatingTest,makeCopy,1,1,0.0,1,1.0,0,1,1,0,4,0,1,0,0.5,0,1,0,5,1.0,0,2.0,1,0,0.0,0,0.6888888888888889,0.7,91,61,0.7777777777777778,10,7,0,0,0,4,4,0,7,0,0,7,0,0,0,0,10,0.7333333333333334,10,1.0,10,0,7,0,7,3,0,7,1,1,0,0,0,0,0,10,10,4,1420,1300,47,0,11,58,1.0,193,0,3790,26,241,179,20143
2025-07-11,argo,com.vrem.wifianalyzer.wifi.model,ChannelRatingTest,bestChannelsSortedInOrderWithMinimumChannelsUS,1,3,1.0,4,1.0,0,1,1,0,11,0,1,4,1.0,1,5,2,7,5.0,1,2.3333333333333335,0,2,0.0,0,0.6888888888888889,0.7,91,61,0.7777777777777778,10,7,0,0,0,4,4,0,7,0,0,7,0,0,0,0,10,0.7333333333333334,10,1.0,10,0,7,0,7,3,0,7,1,1,0,0,0,0,0,10,10,4,1420,1300,47,0,11,58,1.0,193,0,3790,26,241,179,20143
2025-07-11,argo,com.vrem.wifianalyzer.wifi.model,ChannelRatingTest,bestChannelsSortedInOrderWithMinimumChannelsJP,1,3,1.0,4,1.0,0,1,1,0,13,0,1,6,1.0,1,5,2,7,5.0,1,2.3333333333333335,0,2,0.0,0,0.6888888888888889,0.7,91,61,0.7777777777777778,10,7,0,0,0,4,4,0,7,0,0,7,0,0,0,0,10,0.7333333333333334,10,1.0,10,0,7,0,7,3,0,7,1,1,0,0,0,0,0,10,10,4,1420,1300,47,0,11,58,1.0,193,0,3790,26,241,179,20143
2025-07-11,argo,com.vrem.wifianalyzer.wifi.model,ChannelRatingTest,validateChannelAPCount,1,0,0.0,3,0.3333,0,1,1,0,5,0,1,0,0.2857142857142857,0,1,1,7,0.33,0,3.3333333333333335,3,1,0.0,0,0.6888888888888889,0.7,91,61,0.7777777777777778,10,7,0,0,0,4,4,0,7,0,0,7,0,0,0,0,10,0.7333333333333334,10,1.0,10,0,7,0,7,3,0,7,1,1,0,0,0,0,0,10,10,4,1420,1300,47,0,11,58,1.0,193,0,3790,26,241,179,20143
2025-07-11,argo,com.vrem.wifianalyzer.wifi.model,ChannelRatingTest,setWiFiChannelsRemovesDuplicateAccessPoints,1,1,0.0,3,1.0,0,1,1,0,5,0,1,0,1.0,0,3,1,8,3.0,1,2.6,0,1,0.0,0,0.6888888888888889,0.7,91,61,0.7777777777777778,10,7,0,0,0,4,4,0,7,0,0,7,0,0,0,0,10,0.7333333333333334,10,1.0,10,0,7,0,7,3,0,7,1,1,0,0,0,0,0,10,10,4,1420,1300,47,0,11,58,1.0,193,0,3790,26,241,179,20143
2025-07-11,argo,com.vrem.wifianalyzer.wifi.model,FastRoamingParameterizedTest,data,4,0,0.0,8,0.8889,0,0,2,0,19,0,4,0,0.0,1,0,5,21,0.0,1,2.6666666666666665,0,0,0.0,0,0.0,1.0,27,19,0.0,1,0,0,0,0,0,5,0,0,0,0,0,0,0,0,0,1,0.0,1,1.0,1,0,0,0,1,0,0,1,0,1,0,0,1,0,1,1,2,4,1420,1300,47,1,5,21,4.0,193,0,3790,26,241,179,20143
2025-07-11,argo,com.vrem.wifianalyzer.wifi.model,FastRoamingTest,findLegacy,1,2,0.0,2,1.0,0,0,1,0,6,0,1,0,0.0,0,0,2,4,0.0,1,2.0,0,2,0.0,0,0.0,1.0,8,6,0.0,1,0,0,0,0,0,2,0,0,0,0,0,0,0,0,0,1,0.0,1,1.0,1,0,0,0,1,0,0,1,0,1,0,0,0,0,0,1,1,4,1420,1300,47,0,2,4,1.0,193,0,3790,26,241,179,20143
2025-07-11,argo,com.vrem.wifianalyzer.wifi.model,GroupByTest,groupByNumber,1,0,0.0,1,1.0,0,0,1,0,3,0,1,0,0.0,0,0,1,2,0.0,0,3.0,0,1,0.0,0,0.0,0.5555555555555556,56,46,0.2222222222222222,9,0,0,0,0,0,1,0,0,0,0,0,0,0,0,0,9,0.8333333333333334,9,1.0,9,0,0,0,8,1,0,8,0,1,0,0,0,0,0,9,9,4,1420,1300,47,0,8,55,1.0,193,0,3790,26,241,179,20143
2025-07-11,argo,com.vrem.wifianalyzer.wifi.model,GroupByTest,groupBySort,1,0,0.0,4,0.25,0,0,1,0,6,0,1,0,0.0,0,0,1,13,0.0,0,6.0,0,1,0.0,0,0.0,0.5555555555555556,56,46,0.2222222222222222,9,0,0,0,0,0,1,0,0,0,0,0,0,0,0,0,9,0.8333333333333334,9,1.0,9,0,0,0,8,1,0,8,0,1,0,0,0,0,0,9,9,4,1420,1300,47,0,8,55,1.0,193,0,3790,26,241,179,20143
2025-07-11,argo,com.vrem.wifianalyzer.wifi.model,GroupByTest,groupByGroup,1,0,0.0,4,0.25,0,0,1,0,6,0,1,0,0.0,0,0,1,13,0.0,0,6.0,0,1,0.0,0,0.0,0.5555555555555556,56,46,0.2222222222222222,9,0,0,0,0,0,1,0,0,0,0,0,0,0,0,0,9,0.8333333333333334,9,1.0,9,0,0,0,8,1,0,8,0,1,0,0,0,0,0,9,9,4,1420,1300,47,0,8,55,1.0,193,0,3790,26,241,179,20143
2025-07-11,argo,com.vrem.wifianalyzer.wifi.model,GroupByTest,none,1,0,0.0,4,0.25,0,0,1,0,6,0,1,0,0.0,0,0,1,10,0.0,0,4.0,0,1,0.0,0,0.0,0.5555555555555556,56,46,0.2222222222222222,9,0,0,0,0,0,1,0,0,0,0,0,0,0,0,0,9,0.8333333333333334,9,1.0,9,0,0,0,8,1,0,8,0,1,0,0,0,0,0,9,9,4,1420,1300,47,0,8,55,1.0,193,0,3790,26,241,179,20143
2025-07-11,argo,com.vrem.wifianalyzer.wifi.model,GroupByTest,groupByKeyWithNone,1,3,0.0,2,1.0,0,0,1,0,6,0,1,0,0.0,0,0,1,4,0.0,1,2.5,0,1,0.0,0,0.0,0.5555555555555556,56,46,0.2222222222222222,9,0,0,0,0,0,1,0,0,0,0,0,0,0,0,0,9,0.8333333333333334,9,1.0,9,0,0,0,8,1,0,8,0,1,0,0,0,0,0,9,9,4,1420,1300,47,0,8,55,1.0,193,0,3790,26,241,179,20143
2025-07-11,argo,com.vrem.wifianalyzer.wifi.model,GroupByTest,groupByKeyWithSSID,1,3,0.0,2,1.0,0,0,1,0,6,0,1,0,0.0,0,0,1,4,0.0,1,2.5,0,1,0.0,0,0.0,0.5555555555555556,56,46,0.2222222222222222,9,0,0,0,0,0,1,0,0,0,0,0,0,0,0,0,9,0.8333333333333334,9,1.0,9,0,0,0,8,1,0,8,0,1,0,0,0,0,0,9,9,4,1420,1300,47,0,8,55,1.0,193,0,3790,26,241,179,20143
2025-07-11,argo,com.vrem.wifianalyzer.wifi.model,GroupByTest,groupByKeyWithChannel,1,3,1.0,2,1.0,0,0,1,0,6,0,1,1,0.0,1,0,1,4,0.0,1,2.5,0,1,0.0,0,0.0,0.5555555555555556,56,46,0.2222222222222222,9,0,0,0,0,0,1,0,0,0,0,0,0,0,0,0,9,0.8333333333333334,9,1.0,9,0,0,0,8,1,0,8,0,1,0,0,0,0,0,9,9,4,1420,1300,47,0,8,55,1.0,193,0,3790,26,241,179,20143
2025-07-11,argo,com.vrem.wifianalyzer.wifi.model,GroupByTest,groupByKeyWithVirtual,1,3,1.0,2,1.0,0,0,1,0,6,0,1,1,0.0,1,0,1,4,0.0,1,2.5,0,1,0.0,0,0.0,0.5555555555555556,56,46,0.2222222222222222,9,0,0,0,0,0,1,0,0,0,0,0,0,0,0,0,9,0.8333333333333334,9,1.0,9,0,0,0,8,1,0,8,0,1,0,0,0,0,0,9,9,4,1420,1300,47,0,8,55,1.0,193,0,3790,26,241,179,20143
2025-07-11,argo,com.vrem.wifianalyzer.wifi.model,GroupByTest,withWiFiDetail,1,0,0.0,1,1.0,0,0,1,0,1,0,1,0,0.0,0,0,0,1,0.0,0,2.0,0,0,0.0,0,0.0,0.5555555555555556,56,46,0.2222222222222222,9,0,0,0,0,0,1,0,0,0,0,0,0,0,0,0,9,0.8333333333333334,9,1.0,9,0,0,0,8,1,0,8,0,1,0,0,0,0,0,9,9,4,1420,1300,47,0,8,55,1.0,193,0,3790,26,241,179,20143
2025-07-11,argo,com.vrem.wifianalyzer.wifi.model,SecurityTest,size,1,0,0.0,1,1.0,0,0,1,0,3,0,1,0,0.0,0,0,1,2,0.0,0,3.0,0,1,0.0,0,0.0,0.25,29,24,0.0,4,0,0,0,0,0,1,0,0,0,0,0,0,0,0,0,4,1.0,4,1.0,4,0,0,0,4,0,0,4,0,1,0,0,0,0,0,4,4,4,1420,1300,47,0,4,40,1.0,193,0,3790,26,241,179,20143
2025-07-11,argo,com.vrem.wifianalyzer.wifi.model,SecurityTest,imageResource,1,0,0.0,6,0.1667,0,0,1,0,8,0,1,0,0.0,0,0,1,17,0.0,0,6.0,0,1,0.0,0,0.0,0.25,29,24,0.0,4,0,0,0,0,0,1,0,0,0,0,0,0,0,0,0,4,1.0,4,1.0,4,0,0,0,4,0,0,4,0,1,0,0,0,0,0,4,4,4,1420,1300,47,0,4,40,1.0,193,0,3790,26,241,179,20143
2025-07-11,argo,com.vrem.wifianalyzer.wifi.model,SecurityTest,order,1,2,0.0,2,1.0,0,0,1,0,5,0,1,0,0.0,0,0,1,7,0.0,1,2.0,0,1,0.0,0,0.0,0.25,29,24,0.0,4,0,0,0,0,0,1,0,0,0,0,0,0,0,0,0,4,1.0,4,1.0,4,0,0,0,4,0,0,4,0,1,0,0,0,0,0,4,4,4,1420,1300,47,0,4,40,1.0,193,0,3790,26,241,179,20143
2025-07-11,argo,com.vrem.wifianalyzer.wifi.model,SecurityTest,extras,1,0,0.0,6,0.1667,0,0,1,0,8,0,1,0,0.0,0,0,1,14,0.0,0,4.0,0,1,0.0,0,0.0,0.25,29,24,0.0,4,0,0,0,0,0,1,0,0,0,0,0,0,0,0,0,4,1.0,4,1.0,4,0,0,0,4,0,0,4,0,1,0,0,0,0,0,4,4,4,1420,1300,47,0,4,40,1.0,193,0,3790,26,241,179,20143
2025-07-11,argo,com.vrem.wifianalyzer.wifi.model,SortByChannelTest,sortByChannelUsingSame,1,3,0.0,3,1.0,0,0,1,0,6,0,1,0,1.0,0,1,1,6,0.33,1,2.0,0,1,0.0,0,1.0,1.0,38,30,0.0,5,1,0,0,0,0,1,0,1,0,0,1,0,0,0,0,5,0.0,5,1.0,5,0,1,0,5,0,0,5,0,1,0,0,0,0,0,5,5,4,1420,1300,47,0,5,27,1.0,193,0,3790,26,241,179,20143
2025-07-11,argo,com.vrem.wifianalyzer.wifi.model,SortByChannelTest,sortByChannelWithDifferentChannel,1,3,0.0,3,1.0,0,0,1,0,6,0,1,0,1.0,0,1,1,5,0.33,1,2.0,0,1,0.0,0,1.0,1.0,38,30,0.0,5,1,0,0,0,0,1,0,1,0,0,1,0,0,0,0,5,0.0,5,1.0,5,0,1,0,5,0,0,5,0,1,0,0,0,0,0,5,5,4,1420,1300,47,0,5,27,1.0,193,0,3790,26,241,179,20143
2025-07-11,argo,com.vrem.wifianalyzer.wifi.model,SortByChannelTest,sortByChannelWithDifferentSSID,1,3,0.0,3,1.0,0,0,1,0,6,0,1,0,1.0,0,1,1,5,0.33,1,2.0,0,1,0.0,0,1.0,1.0,38,30,0.0,5,1,0,0,0,0,1,0,1,0,0,1,0,0,0,0,5,0.0,5,1.0,5,0,1,0,5,0,0,5,0,1,0,0,0,0,0,5,5,4,1420,1300,47,0,5,27,1.0,193,0,3790,26,241,179,20143
2025-07-11,argo,com.vrem.wifianalyzer.wifi.model,SortByChannelTest,sortByChannelWithDifferentBSSID,1,3,0.0,3,1.0,0,0,1,0,6,0,1,0,1.0,0,1,1,5,0.33,1,2.0,0,1,0.0,0,1.0,1.0,38,30,0.0,5,1,0,0,0,0,1,0,1,0,0,1,0,0,0,0,5,0.0,5,1.0,5,0,1,0,5,0,0,5,0,1,0,0,0,0,0,5,5,4,1420,1300,47,0,5,27,1.0,193,0,3790,26,241,179,20143
2025-07-11,argo,com.vrem.wifianalyzer.wifi.model,SortByChannelTest,sortByChannelWithDifferentStrength,1,3,0.0,3,1.0,0,0,1,0,6,0,1,0,1.0,0,1,1,6,0.33,1,2.0,0,1,0.0,0,1.0,1.0,38,30,0.0,5,1,0,0,0,0,1,0,1,0,0,1,0,0,0,0,5,0.0,5,1.0,5,0,1,0,5,0,0,5,0,1,0,0,0,0,0,5,5,4,1420,1300,47,0,5,27,1.0,193,0,3790,26,241,179,20143
2025-07-11,argo,com.vrem.wifianalyzer.wifi.model,SortByDefaultTest,sortByDefaultUsingSame,1,3,0.0,3,1.0,0,0,1,0,6,0,1,0,1.0,0,1,1,6,0.33,1,2.0,0,1,0.0,0,1.0,1.0,24,18,0.0,3,1,0,0,0,0,1,0,1,0,0,1,0,0,0,0,3,0.0,3,1.0,3,0,1,0,3,0,0,3,0,1,0,0,0,0,0,3,3,4,1420,1300,47,0,3,16,1.0,193,0,3790,26,241,179,20143
2025-07-11,argo,com.vrem.wifianalyzer.wifi.model,SortByDefaultTest,sortByDefaultWithDifferentSSID,1,3,0.0,3,1.0,0,0,1,0,6,0,1,0,1.0,0,1,1,5,0.33,1,2.0,0,1,0.0,0,1.0,1.0,24,18,0.0,3,1,0,0,0,0,1,0,1,0,0,1,0,0,0,0,3,0.0,3,1.0,3,0,1,0,3,0,0,3,0,1,0,0,0,0,0,3,3,4,1420,1300,47,0,3,16,1.0,193,0,3790,26,241,179,20143
2025-07-11,argo,com.vrem.wifianalyzer.wifi.model,SortByDefaultTest,sortByDefaultWithDifferentBSSID,1,3,0.0,3,1.0,0,0,1,0,6,0,1,0,1.0,0,1,1,5,0.33,1,2.0,0,1,0.0,0,1.0,1.0,24,18,0.0,3,1,0,0,0,0,1,0,1,0,0,1,0,0,0,0,3,0.0,3,1.0,3,0,1,0,3,0,0,3,0,1,0,0,0,0,0,3,3,4,1420,1300,47,0,3,16,1.0,193,0,3790,26,241,179,20143
2025-07-11,argo,com.vrem.wifianalyzer.wifi.model,SortBySSIDTest,sortBySSIDUsingSame,1,3,0.0,3,1.0,0,0,1,0,6,0,1,0,1.0,0,1,1,6,0.33,1,2.0,0,1,0.0,0,1.0,1.0,31,24,0.0,4,1,0,0,0,0,1,0,1,0,0,1,0,0,0,0,4,0.0,4,1.0,4,0,1,0,4,0,0,4,0,1,0,0,0,0,0,4,4,4,1420,1300,47,0,4,22,1.0,193,0,3790,26,241,179,20143
2025-07-11,argo,com.vrem.wifianalyzer.wifi.model,SortBySSIDTest,sortBySSIDWithDifferentSSID,1,3,0.0,3,1.0,0,0,1,0,6,0,1,0,1.0,0,1,1,5,0.33,1,2.0,0,1,0.0,0,1.0,1.0,31,24,0.0,4,1,0,0,0,0,1,0,1,0,0,1,0,0,0,0,4,0.0,4,1.0,4,0,1,0,4,0,0,4,0,1,0,0,0,0,0,4,4,4,1420,1300,47,0,4,22,1.0,193,0,3790,26,241,179,20143
2025-07-11,argo,com.vrem.wifianalyzer.wifi.model,SortBySSIDTest,sortBySSIDWithDifferentBSSID,1,3,0.0,3,1.0,0,0,1,0,6,0,1,0,1.0,0,1,1,5,0.33,1,2.0,0,1,0.0,0,1.0,1.0,31,24,0.0,4,1,0,0,0,0,1,0,1,0,0,1,0,0,0,0,4,0.0,4,1.0,4,0,1,0,4,0,0,4,0,1,0,0,0,0,0,4,4,4,1420,1300,47,0,4,22,1.0,193,0,3790,26,241,179,20143
2025-07-11,argo,com.vrem.wifianalyzer.wifi.model,SortBySSIDTest,sortBySSIDWithDifferentStrength,1,3,0.0,3,1.0,0,0,1,0,6,0,1,0,1.0,0,1,1,6,0.33,1,2.0,0,1,0.0,0,1.0,1.0,31,24,0.0,4,1,0,0,0,0,1,0,1,0,0,1,0,0,0,0,4,0.0,4,1.0,4,0,1,0,4,0,0,4,0,1,0,0,0,0,0,4,4,4,1420,1300,47,0,4,22,1.0,193,0,3790,26,241,179,20143
2025-07-11,argo,com.vrem.wifianalyzer.wifi.model,SortByStrengthTest,sortByStrengthUsingSame,1,3,0.0,3,1.0,0,0,1,0,6,0,1,0,1.0,0,1,1,6,0.33,1,2.0,0,1,0.0,0,1.0,1.0,31,24,0.0,4,1,0,0,0,0,1,0,1,0,0,1,0,0,0,0,4,0.0,4,1.0,4,0,1,0,4,0,0,4,0,1,0,0,0,0,0,4,4,4,1420,1300,47,0,4,22,1.0,193,0,3790,26,241,179,20143
2025-07-11,argo,com.vrem.wifianalyzer.wifi.model,SortByStrengthTest,sortByStrengthWithDifferentSSID,1,3,0.0,3,1.0,0,0,1,0,6,0,1,0,1.0,0,1,1,5,0.33,1,2.0,0,1,0.0,0,1.0,1.0,31,24,0.0,4,1,0,0,0,0,1,0,1,0,0,1,0,0,0,0,4,0.0,4,1.0,4,0,1,0,4,0,0,4,0,1,0,0,0,0,0,4,4,4,1420,1300,47,0,4,22,1.0,193,0,3790,26,241,179,20143
2025-07-11,argo,com.vrem.wifianalyzer.wifi.model,SortByStrengthTest,sortByStrengthWithDifferentBSSID,1,3,0.0,3,1.0,0,0,1,0,6,0,1,0,1.0,0,1,1,5,0.33,1,2.0,0,1,0.0,0,1.0,1.0,31,24,0.0,4,1,0,0,0,0,1,0,1,0,0,1,0,0,0,0,4,0.0,4,1.0,4,0,1,0,4,0,0,4,0,1,0,0,0,0,0,4,4,4,1420,1300,47,0,4,22,1.0,193,0,3790,26,241,179,20143
2025-07-11,argo,com.vrem.wifianalyzer.wifi.model,SortByStrengthTest,sortByStrengthWithDifferentStrength,1,3,0.0,3,1.0,0,0,1,0,6,0,1,0,1.0,0,1,1,6,0.33,1,2.0,0,1,0.0,0,1.0,1.0,31,24,0.0,4,1,0,0,0,0,1,0,1,0,0,1,0,0,0,0,4,0.0,4,1.0,4,0,1,0,4,0,0,4,0,1,0,0,0,0,0,4,4,4,1420,1300,47,0,4,22,1.0,193,0,3790,26,241,179,20143
2025-07-11,argo,com.vrem.wifianalyzer.wifi.model,SortByTest,sortByNumber,1,0,0.0,1,1.0,0,0,1,0,3,0,1,0,0.0,0,0,1,2,0.0,0,3.0,0,1,0.0,0,0.0,0.0,11,8,0.0,2,0,0,0,0,0,1,0,0,0,0,0,0,0,0,0,2,1.0,2,1.0,2,0,0,0,2,0,0,2,0,1,0,0,0,0,0,2,2,4,1420,1300,47,0,2,13,1.0,193,0,3790,26,241,179,20143
2025-07-11,argo,com.vrem.wifianalyzer.wifi.model,SortByTest,comparator,1,0,0.0,3,0.3333,0,0,1,0,5,0,1,0,0.0,0,0,1,11,0.0,0,6.0,0,1,0.0,0,0.0,0.0,11,8,0.0,2,0,0,0,0,0,1,0,0,0,0,0,0,0,0,0,2,1.0,2,1.0,2,0,0,0,2,0,0,2,0,1,0,0,0,0,0,2,2,4,1420,1300,47,0,2,13,1.0,193,0,3790,26,241,179,20143
2025-07-11,argo,com.vrem.wifianalyzer.wifi.model,StrengthTest,strength,1,0,0.0,1,1.0,0,0,1,0,3,0,1,0,0.0,0,0,1,2,0.0,0,3.0,0,1,0.0,0,0.0,0.3333333333333333,49,42,0.0,6,0,0,0,0,0,1,0,0,0,0,0,0,0,0,0,6,1.0,6,1.0,6,0,0,0,6,0,0,6,0,1,0,0,0,0,0,6,6,4,1420,1300,47,0,6,75,1.0,193,0,3790,26,241,179,20143
2025-07-11,argo,com.vrem.wifianalyzer.wifi.model,StrengthTest,imageResource,1,0,0.0,5,0.2,0,0,1,0,7,0,1,0,0.0,0,0,1,17,0.0,0,6.0,0,1,0.0,0,0.0,0.3333333333333333,49,42,0.0,6,0,0,0,0,0,1,0,0,0,0,0,0,0,0,0,6,1.0,6,1.0,6,0,0,0,6,0,0,6,0,1,0,0,0,0,0,6,6,4,1420,1300,47,0,6,75,1.0,193,0,3790,26,241,179,20143
2025-07-11,argo,com.vrem.wifianalyzer.wifi.model,StrengthTest,colorResource,1,0,0.0,5,0.2,0,0,1,0,7,0,1,0,0.0,0,0,1,15,0.0,0,6.0,0,1,0.0,0,0.0,0.3333333333333333,49,42,0.0,6,0,0,0,0,0,1,0,0,0,0,0,0,0,0,0,6,1.0,6,1.0,6,0,0,0,6,0,0,6,0,1,0,0,0,0,0,6,6,4,1420,1300,47,0,6,75,1.0,193,0,3790,26,241,179,20143
2025-07-11,argo,com.vrem.wifianalyzer.wifi.model,StrengthTest,weak,1,0,0.0,5,0.2,0,0,1,0,7,0,1,0,0.0,1,0,1,12,0.0,0,4.0,0,1,0.0,0,0.0,0.3333333333333333,49,42,0.0,6,0,0,0,0,0,1,0,0,0,0,0,0,0,0,0,6,1.0,6,1.0,6,0,0,0,6,0,0,6,0,1,0,0,0,0,0,6,6,4,1420,1300,47,0,6,75,1.0,193,0,3790,26,241,179,20143
2025-07-11,argo,com.vrem.wifianalyzer.wifi.model,StrengthTest,calculate,1,0,0.0,1,1.0,0,0,1,0,11,0,1,0,0.0,1,0,1,14,0.0,0,3.0,0,1,0.0,0,0.0,0.3333333333333333,49,42,0.0,6,0,0,0,0,0,1,0,0,0,0,0,0,0,0,0,6,1.0,6,1.0,6,0,0,0,6,0,0,6,0,1,0,0,0,0,0,6,6,4,1420,1300,47,0,6,75,1.0,193,0,3790,26,241,179,20143
2025-07-11,argo,com.vrem.wifianalyzer.wifi.model,StrengthTest,reverse,1,0,0.0,5,0.2,0,0,1,0,7,0,1,0,0.0,1,0,1,15,0.0,0,4.0,0,1,0.0,0,0.0,0.3333333333333333,49,42,0.0,6,0,0,0,0,0,1,0,0,0,0,0,0,0,0,0,6,1.0,6,1.0,6,0,0,0,6,0,0,6,0,1,0,0,0,0,0,6,6,4,1420,1300,47,0,6,75,1.0,193,0,3790,26,241,179,20143
2025-07-11,argo,com.vrem.wifianalyzer.wifi.model,WiFiAdditionalTest,wiFiAdditionalWithWiFiConnection,1,2,0.0,3,0.6667,0,0,1,0,6,0,1,0,1.0,0,1,1,8,0.5,0,3.3333333333333335,0,1,0.0,0,1.0,0.6666666666666666,19,13,0.0,3,1,0,0,0,0,1,0,1,0,0,1,0,0,0,0,3,0.6666666666666667,3,1.0,3,0,1,0,3,0,0,3,0,1,0,0,0,0,0,3,3,4,1420,1300,47,0,3,14,1.0,193,0,3790,26,241,179,20143
2025-07-11,argo,com.vrem.wifianalyzer.wifi.model,WiFiAdditionalTest,wiFiAdditional,1,1,0.0,2,1.0,0,0,1,0,4,0,1,0,1.0,0,1,1,3,1.0,0,2.5,0,1,0.0,0,1.0,0.6666666666666666,19,13,0.0,3,1,0,0,0,0,1,0,1,0,0,1,0,0,0,0,3,0.6666666666666667,3,1.0,3,0,1,0,3,0,0,3,0,1,0,0,0,0,0,3,3,4,1420,1300,47,0,3,14,1.0,193,0,3790,26,241,179,20143
2025-07-11,argo,com.vrem.wifianalyzer.wifi.model,WiFiAdditionalTest,wiFiAdditionalEmpty,1,0,0.0,1,1.0,0,0,1,0,3,0,1,0,1.0,0,1,1,3,1.0,0,4.0,0,1,0.0,0,1.0,0.6666666666666666,19,13,0.0,3,1,0,0,0,0,1,0,1,0,0,1,0,0,0,0,3,0.6666666666666667,3,1.0,3,0,1,0,3,0,0,3,0,1,0,0,0,0,0,3,3,4,1420,1300,47,0,3,14,1.0,193,0,3790,26,241,179,20143
2025-07-11,argo,com.vrem.wifianalyzer.wifi.model,WiFiConnectionTest,wiFiConnectionEmpty,1,0,0.0,1,1.0,0,0,1,0,6,0,1,0,1.0,0,3,1,12,3.0,0,4.75,0,1,0.0,0,0.7,0.4,38,22,0.0,5,5,0,0,0,0,1,0,5,0,0,5,0,0,0,0,5,1.0,5,1.0,5,0,5,0,5,0,0,5,0,1,0,0,0,0,0,5,5,4,1420,1300,47,0,5,27,1.0,193,0,3790,26,241,179,20143
2025-07-11,argo,com.vrem.wifianalyzer.wifi.model,WiFiConnectionTest,wiFiConnection,1,0,0.0,4,0.25,0,0,1,0,6,0,1,0,1.0,0,4,1,8,4.0,0,3.0,0,1,0.0,0,0.7,0.4,38,22,0.0,5,5,0,0,0,0,1,0,5,0,0,5,0,0,0,0,5,1.0,5,1.0,5,0,5,0,5,0,0,5,0,1,0,0,0,0,0,5,5,4,1420,1300,47,0,5,27,1.0,193,0,3790,26,241,179,20143
2025-07-11,argo,com.vrem.wifianalyzer.wifi.model,WiFiConnectionTest,equalsUsingIdentifier,1,0,0.0,2,0.5,0,0,1,0,4,0,1,0,1.0,0,2,1,2,2.0,1,2.0,0,1,0.0,0,0.7,0.4,38,22,0.0,5,5,0,0,0,0,1,0,5,0,0,5,0,0,0,0,5,1.0,5,1.0,5,0,5,0,5,0,0,5,0,1,0,0,0,0,0,5,5,4,1420,1300,47,0,5,27,1.0,193,0,3790,26,241,179,20143
2025-07-11,argo,com.vrem.wifianalyzer.wifi.model,WiFiConnectionTest,hashCodeUsingIdentifier,1,0,0.0,1,1.0,0,0,1,0,3,0,1,0,1.0,0,2,1,3,2.0,0,4.0,0,1,0.0,0,0.7,0.4,38,22,0.0,5,5,0,0,0,0,1,0,5,0,0,5,0,0,0,0,5,1.0,5,1.0,5,0,5,0,5,0,0,5,0,1,0,0,0,0,0,5,5,4,1420,1300,47,0,5,27,1.0,193,0,3790,26,241,179,20143
2025-07-11,argo,com.vrem.wifianalyzer.wifi.model,WiFiConnectionTest,compareToUsingIdentifier,1,0,0.0,1,1.0,0,0,1,0,3,0,1,0,1.0,0,2,1,2,2.0,2,3.0,0,1,0.0,0,0.7,0.4,38,22,0.0,5,5,0,0,0,0,1,0,5,0,0,5,0,0,0,0,5,1.0,5,1.0,5,0,5,0,5,0,0,5,0,1,0,0,0,0,0,5,5,4,1420,1300,47,0,5,27,1.0,193,0,3790,26,241,179,20143
2025-07-11,argo,com.vrem.wifianalyzer.wifi.model,WiFiDataTest,tearDown,1,0,0.0,1,1.0,0,0,1,0,4,0,1,0,1.0,0,1,2,2,1.0,1,2.0,0,2,0.0,0,0.8011695906432749,1.0,266,200,0.5789473684210527,19,23,0,0,0,2,11,0,23,0,0,23,0,0,0,0,21,0.4678362573099415,21,1.105263157894737,19,0,23,0,13,6,0,13,0,1,0,0,0,0,0,19,19,4,1420,1300,47,0,50,191,1.1111111111111112,193,0,3790,26,241,179,20143
2025-07-11,argo,com.vrem.wifianalyzer.wifi.model,WiFiDataTest,connection,2,1,0.0,3,0.75,0,0,1,0,8,1,2,0,1.0,1,7,3,12,8.0,2,3.1666666666666665,0,3,0.0,0,0.8011695906432749,1.0,266,200,0.5789473684210527,19,23,0,0,0,2,11,0,23,0,0,23,0,0,0,0,21,0.4678362573099415,21,1.105263157894737,19,0,23,0,13,6,0,13,0,1,0,0,0,0,0,19,19,4,1420,1300,47,0,50,191,1.1111111111111112,193,0,3790,26,241,179,20143
2025-07-11,argo,com.vrem.wifianalyzer.wifi.model,WiFiDataTest,wiFiDetailsWithConfiguredNetwork,1,3,2.0,5,0.9091,0,0,1,0,16,0,1,2,1.0,2,5,3,18,5.0,1,3.9166666666666665,0,3,0.0,0,0.8011695906432749,1.0,266,200,0.5789473684210527,19,23,0,0,0,2,11,0,23,0,0,23,0,0,0,0,21,0.4678362573099415,21,1.105263157894737,19,0,23,0,13,6,0,13,0,1,0,0,0,0,0,19,19,4,1420,1300,47,0,50,191,1.1111111111111112,193,0,3790,26,241,179,20143
2025-07-11,argo,com.vrem.wifianalyzer.wifi.model,WiFiDataTest,wiFiDetailsWithVendorName,1,2,2.0,5,1.0,0,0,1,0,15,0,1,2,1.0,2,8,4,16,12.0,1,3.1538461538461537,0,4,0.0,0,0.8011695906432749,1.0,266,200,0.5789473684210527,19,23,0,0,0,2,11,0,23,0,0,23,0,0,0,0,21,0.4678362573099415,21,1.105263157894737,19,0,23,0,13,6,0,13,0,1,0,0,0,0,0,19,19,4,1420,1300,47,0,50,191,1.1111111111111112,193,0,3790,26,241,179,20143
2025-07-11,argo,com.vrem.wifianalyzer.wifi.model,WiFiDataTest,wiFiDetailsSortByStrengthGroupByNone,1,2,3.0,4,1.0,0,0,1,0,15,0,1,4,1.0,4,7,4,14,11.0,1,3.3636363636363638,0,4,0.0,0,0.8011695906432749,1.0,266,200,0.5789473684210527,19,23,0,0,0,2,11,0,23,0,0,23,0,0,0,0,21,0.4678362573099415,21,1.105263157894737,19,0,23,0,13,6,0,13,0,1,0,0,0,0,0,19,19,4,1420,1300,47,0,50,191,1.1111111111111112,193,0,3790,26,241,179,20143
2025-07-11,argo,com.vrem.wifianalyzer.wifi.model,WiFiDataTest,wiFiDetailsSortByStrengthGroupBySSID,1,2,3.0,4,1.0,0,0,1,0,12,0,1,4,1.0,4,7,4,12,7.0,1,3.0,0,4,0.0,0,0.8011695906432749,1.0,266,200,0.5789473684210527,19,23,0,0,0,2,11,0,23,0,0,23,0,0,0,0,21,0.4678362573099415,21,1.105263157894737,19,0,23,0,13,6,0,13,0,1,0,0,0,0,0,19,19,4,1420,1300,47,0,50,191,1.1111111111111112,193,0,3790,26,241,179,20143
2025-07-11,argo,com.vrem.wifianalyzer.wifi.model,WiFiDataTest,wiFiDetailsSortByStrengthGroupByChannel,1,2,3.0,4,1.0,0,0,1,0,11,0,1,5,1.0,3,6,4,11,6.0,1,2.875,0,4,0.0,0,0.8011695906432749,1.0,266,200,0.5789473684210527,19,23,0,0,0,2,11,0,23,0,0,23,0,0,0,0,21,0.4678362573099415,21,1.105263157894737,19,0,23,0,13,6,0,13,0,1,0,0,0,0,0,19,19,4,1420,1300,47,0,50,191,1.1111111111111112,193,0,3790,26,241,179,20143
2025-07-11,argo,com.vrem.wifianalyzer.wifi.model,WiFiDataTest,wiFiDetailsSortBySSIDGroupByNone,1,2,3.0,4,1.0,0,0,1,0,15,0,1,4,1.0,4,7,4,14,11.0,1,3.3636363636363638,0,4,0.0,0,0.8011695906432749,1.0,266,200,0.5789473684210527,19,23,0,0,0,2,11,0,23,0,0,23,0,0,0,0,21,0.4678362573099415,21,1.105263157894737,19,0,23,0,13,6,0,13,0,1,0,0,0,0,0,19,19,4,1420,1300,47,0,50,191,1.1111111111111112,193,0,3790,26,241,179,20143
2025-07-11,argo,com.vrem.wifianalyzer.wifi.model,WiFiDataTest,wiFiDetailsSortBySSIDGroupBySSID,1,2,3.0,4,1.0,0,0,1,0,12,0,1,4,1.0,4,7,4,12,7.0,1,3.0,0,4,0.0,0,0.8011695906432749,1.0,266,200,0.5789473684210527,19,23,0,0,0,2,11,0,23,0,0,23,0,0,0,0,21,0.4678362573099415,21,1.105263157894737,19,0,23,0,13,6,0,13,0,1,0,0,0,0,0,19,19,4,1420,1300,47,0,50,191,1.1111111111111112,193,0,3790,26,241,179,20143
2025-07-11,argo,com.vrem.wifianalyzer.wifi.model,WiFiDataTest,wiFiDetailsSortBySSIDGroupByChannel,1,2,3.0,4,1.0,0,0,1,0,11,0,1,5,1.0,3,6,4,11,6.0,1,2.875,0,4,0.0,0,0.8011695906432749,1.0,266,200,0.5789473684210527,19,23,0,0,0,2,11,0,23,0,0,23,0,0,0,0,21,0.4678362573099415,21,1.105263157894737,19,0,23,0,13,6,0,13,0,1,0,0,0,0,0,19,19,4,1420,1300,47,0,50,191,1.1111111111111112,193,0,3790,26,241,179,20143
2025-07-11,argo,com.vrem.wifianalyzer.wifi.model,WiFiDataTest,wiFiDetailsSortByChannelGroupByNone,1,2,3.0,4,1.0,0,0,1,0,15,0,1,4,1.0,4,7,4,14,11.0,1,3.3636363636363638,0,4,0.0,0,0.8011695906432749,1.0,266,200,0.5789473684210527,19,23,0,0,0,2,11,0,23,0,0,23,0,0,0,0,21,0.4678362573099415,21,1.105263157894737,19,0,23,0,13,6,0,13,0,1,0,0,0,0,0,19,19,4,1420,1300,47,0,50,191,1.1111111111111112,193,0,3790,26,241,179,20143
2025-07-11,argo,com.vrem.wifianalyzer.wifi.model,WiFiDataTest,wiFiDetailsSortByChannelGroupBySSID,1,2,3.0,4,1.0,0,0,1,0,12,0,1,4,1.0,4,7,4,12,7.0,1,3.0,0,4,0.0,0,0.8011695906432749,1.0,266,200,0.5789473684210527,19,23,0,0,0,2,11,0,23,0,0,23,0,0,0,0,21,0.4678362573099415,21,1.105263157894737,19,0,23,0,13,6,0,13,0,1,0,0,0,0,0,19,19,4,1420,1300,47,0,50,191,1.1111111111111112,193,0,3790,26,241,179,20143
2025-07-11,argo,com.vrem.wifianalyzer.wifi.model,WiFiDataTest,wiFiDetailsSortByChannelGroupByChannel,1,2,3.0,4,1.0,0,0,1,0,11,0,1,5,1.0,3,6,4,11,6.0,1,2.875,0,4,0.0,0,0.8011695906432749,1.0,266,200,0.5789473684210527,19,23,0,0,0,2,11,0,23,0,0,23,0,0,0,0,21,0.4678362573099415,21,1.105263157894737,19,0,23,0,13,6,0,13,0,1,0,0,0,0,0,19,19,4,1420,1300,47,0,50,191,1.1111111111111112,193,0,3790,26,241,179,20143
2025-07-11,argo,com.vrem.wifianalyzer.wifi.model,WiFiDataTest,withVendorNames,2,0,0.0,1,1.0,0,0,1,0,3,0,2,0,1.0,0,4,0,7,4.0,0,3.3333333333333335,0,0,0.0,0,0.8011695906432749,1.0,266,200,0.5789473684210527,19,23,0,0,0,2,11,0,23,0,0,23,0,0,0,0,21,0.4678362573099415,21,1.105263157894737,19,0,23,0,13,6,0,13,0,1,0,0,0,0,0,19,19,4,1420,1300,47,0,50,191,1.1111111111111112,193,0,3790,26,241,179,20143
2025-07-11,argo,com.vrem.wifianalyzer.wifi.model,WiFiDataTest,withWiFiDetails,1,7,0.0,1,1.0,0,0,1,0,10,0,1,0,1.0,0,15,0,8,2.14,0,2.0,0,0,0.0,0,0.8011695906432749,1.0,266,200,0.5789473684210527,19,23,0,0,0,2,11,0,23,0,0,23,0,0,0,0,21,0.4678362573099415,21,1.105263157894737,19,0,23,0,13,6,0,13,0,1,0,0,0,0,0,19,19,4,1420,1300,47,0,50,191,1.1111111111111112,193,0,3790,26,241,179,20143
2025-07-11,argo,com.vrem.wifianalyzer.wifi.model,WiFiDataTest,verifyChildren,3,1,0.0,3,1.0,0,0,1,0,13,1,3,0,0.5454545454545454,0,2,1,9,1.5,1,3.142857142857143,2,1,0.0,0,0.8011695906432749,1.0,266,200,0.5789473684210527,19,23,0,0,0,2,11,0,23,0,0,23,0,0,0,0,21,0.4678362573099415,21,1.105263157894737,19,0,23,0,13,6,0,13,0,1,0,0,0,0,0,19,19,4,1420,1300,47,0,50,191,1.1111111111111112,193,0,3790,26,241,179,20143
2025-07-11,argo,com.vrem.wifianalyzer.wifi.model,WiFiDataTest,verifyChildrenGroupByChannel,1,2,0.0,3,1.0,0,0,1,0,11,0,1,0,0.5714285714285714,0,3,1,10,1.25,1,3.0,4,1,0.0,0,0.8011695906432749,1.0,266,200,0.5789473684210527,19,23,0,0,0,2,11,0,23,0,0,23,0,0,0,0,21,0.4678362573099415,21,1.105263157894737,19,0,23,0,13,6,0,13,0,1,0,0,0,0,0,19,19,4,1420,1300,47,0,50,191,1.1111111111111112,193,0,3790,26,241,179,20143
2025-07-11,argo,com.vrem.wifianalyzer.wifi.model,WiFiDataTest,verifyVendorNames,1,0,0.0,1,1.0,0,0,1,0,3,0,1,0,1.0,0,3,0,4,3.0,0,3.0,0,0,0.0,0,0.8011695906432749,1.0,266,200,0.5789473684210527,19,23,0,0,0,2,11,0,23,0,0,23,0,0,0,0,21,0.4678362573099415,21,1.105263157894737,19,0,23,0,13,6,0,13,0,1,0,0,0,0,0,19,19,4,1420,1300,47,0,50,191,1.1111111111111112,193,0,3790,26,241,179,20143
2025-07-11,argo,com.vrem.wifianalyzer.wifi.model,WiFiDataTest,verifyChildren,1,0,0.0,1,1.0,0,0,1,0,3,0,1,0,0.0,0,0,1,3,0.0,0,2.5,1,1,0.0,0,0.8011695906432749,1.0,266,200,0.5789473684210527,19,23,0,0,0,2,11,0,23,0,0,23,0,0,0,0,21,0.4678362573099415,21,1.105263157894737,19,0,23,0,13,6,0,13,0,1,0,0,0,0,0,19,19,4,1420,1300,47,0,50,191,1.1111111111111112,193,0,3790,26,241,179,20143
2025-07-11,argo,com.vrem.wifianalyzer.wifi.model,WiFiDetailTest,wiFiDetail,1,0,0.0,4,0.25,0,0,1,0,6,0,1,0,1.0,0,5,1,8,5.0,0,3.0,0,1,0.0,0,0.7,0.4,55,27,0.0,5,11,0,0,0,0,1,0,11,0,0,11,0,0,0,0,5,1.0,5,1.0,5,0,11,0,5,0,0,5,1,1,0,0,0,0,0,5,5,4,1420,1300,47,0,5,36,1.0,193,0,3790,26,241,179,20143
2025-07-11,argo,com.vrem.wifianalyzer.wifi.model,WiFiDetailTest,equalsUsingIdentifier,1,0,0.0,2,0.5,0,0,1,0,4,0,1,0,1.0,0,2,1,2,2.0,1,2.0,0,1,0.0,0,0.7,0.4,55,27,0.0,5,11,0,0,0,0,1,0,11,0,0,11,0,0,0,0,5,1.0,5,1.0,5,0,11,0,5,0,0,5,1,1,0,0,0,0,0,5,5,4,1420,1300,47,0,5,36,1.0,193,0,3790,26,241,179,20143
2025-07-11,argo,com.vrem.wifianalyzer.wifi.model,WiFiDetailTest,hashCodeUsingIdentifier,1,0,0.0,1,1.0,0,0,1,0,3,0,1,0,1.0,0,2,1,3,2.0,0,4.0,0,1,0.0,0,0.7,0.4,55,27,0.0,5,11,0,0,0,0,1,0,11,0,0,11,0,0,0,0,5,1.0,5,1.0,5,0,11,0,5,0,0,5,1,1,0,0,0,0,0,5,5,4,1420,1300,47,0,5,36,1.0,193,0,3790,26,241,179,20143
2025-07-11,argo,com.vrem.wifianalyzer.wifi.model,WiFiDetailTest,compareTo,1,0,0.0,0,0.0,0,0,1,0,3,0,1,0,1.0,1,2,1,2,2.0,2,3.0,0,1,0.0,0,0.7,0.4,55,27,0.0,5,11,0,0,0,0,1,0,11,0,0,11,0,0,0,0,5,1.0,5,1.0,5,0,11,0,5,0,0,5,1,1,0,0,0,0,0,5,5,4,1420,1300,47,0,5,36,1.0,193,0,3790,26,241,179,20143
2025-07-11,argo,com.vrem.wifianalyzer.wifi.model,WiFiDetailTest,wiFiDetailCopyConstructor,1,2,0.0,6,0.4286,0,0,1,0,11,0,1,0,1.0,0,4,1,21,2.0,1,4.0,0,1,0.0,0,0.7,0.4,55,27,0.0,5,11,0,0,0,0,1,0,11,0,0,11,0,0,0,0,5,1.0,5,1.0,5,0,11,0,5,0,0,5,1,1,0,0,0,0,0,5,5,4,1420,1300,47,0,5,36,1.0,193,0,3790,26,241,179,20143
2025-07-11,argo,com.vrem.wifianalyzer.wifi.model,WiFiIdentifierTest,wiFiIdentifier,1,1,0.0,4,0.25,0,0,1,0,7,0,1,0,1.0,0,3,1,9,3.0,0,3.0,0,1,0.0,0,1.0,1.0,50,34,0.0,7,4,0,0,0,0,1,0,4,0,0,4,0,0,0,0,7,0.33333333333333337,7,1.0,7,0,4,0,7,0,0,7,0,1,0,0,0,0,0,7,7,4,1420,1300,47,0,7,33,1.0,193,0,3790,26,241,179,20143
2025-07-11,argo,com.vrem.wifianalyzer.wifi.model,WiFiIdentifierTest,titleWithEmptySSID,1,2,0.0,2,1.0,0,0,1,0,5,0,1,0,1.0,0,2,1,4,2.0,0,2.5,0,1,0.0,0,1.0,1.0,50,34,0.0,7,4,0,0,0,0,1,0,4,0,0,4,0,0,0,0,7,0.33333333333333337,7,1.0,7,0,4,0,7,0,0,7,0,1,0,0,0,0,0,7,7,4,1420,1300,47,0,7,33,1.0,193,0,3790,26,241,179,20143
2025-07-11,argo,com.vrem.wifianalyzer.wifi.model,WiFiIdentifierTest,equalsUsingSameCase,1,1,0.0,2,0.5,0,0,1,0,5,0,1,0,1.0,0,3,1,3,3.0,1,2.0,0,1,0.0,0,1.0,1.0,50,34,0.0,7,4,0,0,0,0,1,0,4,0,0,4,0,0,0,0,7,0.33333333333333337,7,1.0,7,0,4,0,7,0,0,7,0,1,0,0,0,0,0,7,7,4,1420,1300,47,0,7,33,1.0,193,0,3790,26,241,179,20143
2025-07-11,argo,com.vrem.wifianalyzer.wifi.model,WiFiIdentifierTest,hashCodeUsingSameCase,1,1,0.0,1,1.0,0,0,1,0,4,0,1,0,1.0,0,3,1,4,3.0,0,4.0,0,1,0.0,0,1.0,1.0,50,34,0.0,7,4,0,0,0,0,1,0,4,0,0,4,0,0,0,0,7,0.33333333333333337,7,1.0,7,0,4,0,7,0,0,7,0,1,0,0,0,0,0,7,7,4,1420,1300,47,0,7,33,1.0,193,0,3790,26,241,179,20143
2025-07-11,argo,com.vrem.wifianalyzer.wifi.model,WiFiIdentifierTest,equalsUsingDifferentCase,1,1,0.0,2,1.0,0,0,1,0,4,0,1,0,1.0,0,3,1,4,3.0,2,2.0,0,1,0.0,0,1.0,1.0,50,34,0.0,7,4,0,0,0,0,1,0,4,0,0,4,0,0,0,0,7,0.33333333333333337,7,1.0,7,0,4,0,7,0,0,7,0,1,0,0,0,0,0,7,7,4,1420,1300,47,0,7,33,1.0,193,0,3790,26,241,179,20143
2025-07-11,argo,com.vrem.wifianalyzer.wifi.model,WiFiIdentifierTest,compareTo,1,1,0.0,0,0.0,0,0,1,0,4,0,1,0,1.0,1,3,1,3,3.0,2,3.0,0,1,0.0,0,1.0,1.0,50,34,0.0,7,4,0,0,0,0,1,0,4,0,0,4,0,0,0,0,7,0.33333333333333337,7,1.0,7,0,4,0,7,0,0,7,0,1,0,0,0,0,0,7,7,4,1420,1300,47,0,7,33,1.0,193,0,3790,26,241,179,20143
2025-07-11,argo,com.vrem.wifianalyzer.wifi.model,WiFiIdentifierTest,rawSSID,1,1,0.0,3,0.6667,0,0,1,0,5,0,1,0,1.0,0,3,1,6,4.0,0,3.0,0,1,0.0,0,1.0,1.0,50,34,0.0,7,4,0,0,0,0,1,0,4,0,0,4,0,0,0,0,7,0.33333333333333337,7,1.0,7,0,4,0,7,0,0,7,0,1,0,0,0,0,0,7,7,4,1420,1300,47,0,7,33,1.0,193,0,3790,26,241,179,20143
2025-07-11,argo,com.vrem.wifianalyzer.wifi.model,WiFiSecurityParameterized1Test,data,1,0,0.0,1,1.0,0,0,1,0,3,0,1,0,0.0,0,0,1,2,0.0,0,3.0,0,0,0.0,0,0.0,0.0,9,3,0.0,1,0,0,0,0,0,1,0,0,0,0,0,0,0,0,0,1,0.0,1,1.0,1,0,0,0,1,0,0,1,0,1,0,0,1,0,1,1,2,4,1420,1300,47,1,1,2,1.0,193,0,3790,26,241,179,20143
2025-07-11,argo,com.vrem.wifianalyzer.wifi.model,WiFiSecurityParameterized2Test,data,1,0,0.0,1,1.0,0,0,1,0,3,0,1,0,0.0,0,0,1,4,0.0,0,3.0,0,0,0.0,0,0.0,1.0,9,3,0.0,1,0,0,0,0,0,1,0,0,0,0,0,0,0,0,0,1,0.0,1,1.0,1,0,0,0,1,0,0,1,0,1,0,0,1,0,1,1,2,4,1420,1300,47,1,1,4,1.0,193,0,3790,26,241,179,20143
2025-07-11,argo,com.vrem.wifianalyzer.wifi.model,WiFiSecurityTest,wiFiSecurityTypes,1,3,0.0,3,1.0,0,0,1,0,6,0,1,0,0.0,0,0,1,4,0.0,1,2.25,0,1,0.0,0,0.0,1.0,17,12,0.0,2,1,0,0,0,0,1,0,1,0,0,1,0,0,0,0,2,0.0,2,1.0,2,0,1,0,2,0,0,2,0,1,0,0,0,0,0,2,2,4,1420,1300,47,0,2,8,1.0,193,0,3790,26,241,179,20143
2025-07-11,argo,com.vrem.wifianalyzer.wifi.model,WiFiSecurityTest,wiFiSecurityTypesDisplay,1,3,0.0,2,1.0,0,0,1,0,6,0,1,0,1.0,1,1,1,4,0.33,1,2.3333333333333335,0,1,0.0,0,0.0,1.0,17,12,0.0,2,1,0,0,0,0,1,0,1,0,0,1,0,0,0,0,2,0.0,2,1.0,2,0,1,0,2,0,0,2,0,1,0,0,0,0,0,2,2,4,1420,1300,47,0,2,8,1.0,193,0,3790,26,241,179,20143
2025-07-11,argo,com.vrem.wifianalyzer.wifi.model,WiFiSecurityTypeTest,size,1,0,0.0,1,1.0,0,0,1,0,3,0,1,0,0.0,0,0,1,3,0.0,0,4.0,0,1,0.0,0,0.0,0.6666666666666666,117,97,0.2222222222222222,9,0,0,0,0,0,5,0,0,0,4,4,4,4,0,0,9,0.9166666666666666,9,1.0,9,0,0,0,9,0,0,9,0,1,0,0,0,0,0,9,9,4,1420,1300,47,0,13,200,1.1111111111111112,193,0,3790,26,241,179,20143
2025-07-11,argo,com.vrem.wifianalyzer.wifi.model,WiFiSecurityTypeTest,findOneWithSecurityTypes,1,0,1.0,1,1.0,0,0,1,0,3,0,1,0,0.0,1,0,1,4,0.0,0,3.0,0,1,0.0,0,0.0,0.6666666666666666,117,97,0.2222222222222222,9,0,0,0,0,0,5,0,0,0,4,4,4,4,0,0,9,0.9166666666666666,9,1.0,9,0,0,0,9,0,0,9,0,1,0,0,0,0,0,9,9,4,1420,1300,47,0,13,200,1.1111111111111112,193,0,3790,26,241,179,20143
2025-07-11,argo,com.vrem.wifianalyzer.wifi.model,WiFiSecurityTypeTest,textResource,1,0,0.0,15,0.0667,0,0,1,0,17,0,1,0,0.0,0,0,1,47,0.0,0,6.0,0,1,0.0,0,0.0,0.6666666666666666,117,97,0.2222222222222222,9,0,0,0,0,0,5,0,0,0,4,4,4,4,0,0,9,0.9166666666666666,9,1.0,9,0,0,0,9,0,0,9,0,1,0,0,0,0,0,9,9,4,1420,1300,47,0,13,200,1.1111111111111112,193,0,3790,26,241,179,20143
2025-07-11,argo,com.vrem.wifianalyzer.wifi.model,WiFiSecurityTypeTest,security,1,0,0.0,15,0.0667,0,0,1,0,17,0,1,0,0.0,0,0,1,34,0.0,0,5.0,0,1,0.0,0,0.0,0.6666666666666666,117,97,0.2222222222222222,9,0,0,0,0,0,5,0,0,0,4,4,4,4,0,0,9,0.9166666666666666,9,1.0,9,0,0,0,9,0,0,9,0,1,0,0,0,0,0,9,9,4,1420,1300,47,0,13,200,1.1111111111111112,193,0,3790,26,241,179,20143
2025-07-11,argo,com.vrem.wifianalyzer.wifi.model,WiFiSecurityTypeTest,wiFIStandard,1,0,0.0,15,0.0667,0,0,1,0,17,0,1,0,0.0,0,0,1,46,0.0,0,5.0,0,1,0.0,0,0.0,0.6666666666666666,117,97,0.2222222222222222,9,0,0,0,0,0,5,0,0,0,4,4,4,4,0,0,9,0.9166666666666666,9,1.0,9,0,0,0,9,0,0,9,0,1,0,0,0,0,0,9,9,4,1420,1300,47,0,13,200,1.1111111111111112,193,0,3790,26,241,179,20143
2025-07-11,argo,com.vrem.wifianalyzer.wifi.model,WiFiSecurityTypeTest,findOne,1,0,0.0,0,0.0,0,0,1,0,19,0,1,0,0.0,1,0,1,49,0.0,0,4.578947368421052,0,1,0.0,0,0.0,0.6666666666666666,117,97,0.2222222222222222,9,0,0,0,0,0,5,0,0,0,4,4,4,4,0,0,9,0.9166666666666666,9,1.0,9,0,0,0,9,0,0,9,0,1,0,0,0,0,0,9,9,4,1420,1300,47,0,13,200,1.1111111111111112,193,0,3790,26,241,179,20143
2025-07-11,argo,com.vrem.wifianalyzer.wifi.model,WiFiSecurityTypeTest,findAll,1,3,0.0,2,1.0,0,0,1,0,6,0,1,1,0.0,1,0,1,4,0.0,1,2.3333333333333335,0,1,0.0,0,0.0,0.6666666666666666,117,97,0.2222222222222222,9,0,0,0,0,0,5,0,0,0,4,4,4,4,0,0,9,0.9166666666666666,9,1.0,9,0,0,0,9,0,0,9,0,1,0,0,0,0,0,9,9,4,1420,1300,47,0,13,200,1.1111111111111112,193,0,3790,26,241,179,20143
2025-07-11,argo,com.vrem.wifianalyzer.wifi.model,WiFiSecurityTypeTest,findLegacy,1,2,1.0,1,1.0,0,0,1,0,6,0,1,0,0.0,1,0,2,4,0.0,1,2.0,0,2,0.0,0,0.0,0.6666666666666666,117,97,0.2222222222222222,9,0,0,0,0,0,5,0,0,0,4,4,4,4,0,0,9,0.9166666666666666,9,1.0,9,0,0,0,9,0,0,9,0,1,0,0,0,0,0,9,9,4,1420,1300,47,0,13,200,1.1111111111111112,193,0,3790,26,241,179,20143
2025-07-11,argo,com.vrem.wifianalyzer.wifi.model,WiFiSecurityTypeTest,find,2,3,0.0,3,1.0,0,0,1,0,9,0,2,0,0.0,1,0,4,9,0.0,1,2.5,0,4,0.0,0,0.0,0.6666666666666666,117,97,0.2222222222222222,9,0,0,0,0,0,5,0,0,0,4,4,4,4,0,0,9,0.9166666666666666,9,1.0,9,0,0,0,9,0,0,9,0,1,0,0,0,0,0,9,9,4,1420,1300,47,0,13,200,1.1111111111111112,193,0,3790,26,241,179,20143
2025-07-11,argo,com.vrem.wifianalyzer.wifi.model,WiFiSignalExtraTest,wiFiSignalExtra,1,0,0.0,3,0.3333,0,0,1,0,5,0,1,0,1.0,0,1,1,9,1.0,0,4.0,0,1,0.0,0,1.0,0.75,30,21,0.25,4,2,0,0,0,0,1,0,2,0,0,2,0,0,0,0,4,0.5,4,1.0,4,0,2,0,4,0,0,4,0,1,0,0,0,0,0,4,4,4,1420,1300,47,0,4,19,1.0,193,0,3790,26,241,179,20143
2025-07-11,argo,com.vrem.wifianalyzer.wifi.model,WiFiSignalExtraTest,wiFiStandardDisplay,1,2,0.0,1,1.0,0,0,1,0,5,0,1,0,1.0,1,2,1,3,1.0,1,2.3333333333333335,0,1,0.0,0,1.0,0.75,30,21,0.25,4,2,0,0,0,0,1,0,2,0,0,2,0,0,0,0,4,0.5,4,1.0,4,0,2,0,4,0,0,4,0,1,0,0,0,0,0,4,4,4,1420,1300,47,0,4,19,1.0,193,0,3790,26,241,179,20143
2025-07-11,argo,com.vrem.wifianalyzer.wifi.model,WiFiSignalExtraTest,fastRoamingDisplay,1,2,0.0,1,1.0,0,0,1,0,5,0,1,0,1.0,1,2,1,3,1.0,1,2.2,0,1,0.0,0,1.0,0.75,30,21,0.25,4,2,0,0,0,0,1,0,2,0,0,2,0,0,0,0,4,0.5,4,1.0,4,0,2,0,4,0,0,4,0,1,0,0,0,0,0,4,4,4,1420,1300,47,0,4,19,1.0,193,0,3790,26,241,179,20143
2025-07-11,argo,com.vrem.wifianalyzer.wifi.model,WiFiSignalExtraTest,fastRoamingDisplayWithOneFastRoaming,1,3,1.0,2,1.0,0,0,1,0,6,0,1,0,1.0,1,1,1,4,0.67,1,2.25,0,1,0.0,0,1.0,0.75,30,21,0.25,4,2,0,0,0,0,1,0,2,0,0,2,0,0,0,0,4,0.5,4,1.0,4,0,2,0,4,0,0,4,0,1,0,0,0,0,0,4,4,4,1420,1300,47,0,4,19,1.0,193,0,3790,26,241,179,20143
2025-07-11,argo,com.vrem.wifianalyzer.wifi.model,WiFiSignalTest,wiFiSignal,1,0,0.0,6,0.1667,0,0,1,0,8,0,1,0,1.0,0,4,1,15,4.0,0,3.5,0,1,0.0,0,1.0,0.5,100,67,0.0,14,9,0,0,0,0,1,0,9,0,0,9,0,0,0,0,14,0.8791208791208791,14,1.0,14,0,9,0,14,0,0,14,0,1,0,0,0,0,0,14,14,4,1420,1300,47,0,14,73,1.0,193,0,3790,26,241,179,20143
2025-07-11,argo,com.vrem.wifianalyzer.wifi.model,WiFiSignalTest,wiFiSignalWithFrequencyAndWiFiWidth,1,1,0.0,6,0.3333,0,0,1,0,10,0,1,1,1.0,0,5,1,18,6.0,0,3.375,0,1,0.0,0,1.0,0.5,100,67,0.0,14,9,0,0,0,0,1,0,9,0,0,9,0,0,0,0,14,0.8791208791208791,14,1.0,14,0,9,0,14,0,0,14,0,1,0,0,0,0,0,14,14,4,1420,1300,47,0,14,73,1.0,193,0,3790,26,241,179,20143
2025-07-11,argo,com.vrem.wifianalyzer.wifi.model,WiFiSignalTest,centerFrequency,1,0,0.0,1,1.0,0,0,1,0,3,0,1,0,1.0,0,2,1,2,2.0,0,3.0,0,1,0.0,0,1.0,0.5,100,67,0.0,14,9,0,0,0,0,1,0,9,0,0,9,0,0,0,0,14,0.8791208791208791,14,1.0,14,0,9,0,14,0,0,14,0,1,0,0,0,0,0,14,14,4,1420,1300,47,0,14,73,1.0,193,0,3790,26,241,179,20143
2025-07-11,argo,com.vrem.wifianalyzer.wifi.model,WiFiSignalTest,wiFiChannelStart,1,2,0.0,2,1.0,0,0,1,0,5,0,1,1,1.0,0,3,1,3,1.5,1,2.3333333333333335,0,1,0.0,0,1.0,0.5,100,67,0.0,14,9,0,0,0,0,1,0,9,0,0,9,0,0,0,0,14,0.8791208791208791,14,1.0,14,0,9,0,14,0,0,14,0,1,0,0,0,0,0,14,14,4,1420,1300,47,0,14,73,1.0,193,0,3790,26,241,179,20143
2025-07-11,argo,com.vrem.wifianalyzer.wifi.model,WiFiSignalTest,wiFiChannelEnd,1,2,0.0,2,1.0,0,0,1,0,5,0,1,1,1.0,0,3,1,3,1.5,1,2.3333333333333335,0,1,0.0,0,1.0,0.5,100,67,0.0,14,9,0,0,0,0,1,0,9,0,0,9,0,0,0,0,14,0.8791208791208791,14,1.0,14,0,9,0,14,0,0,14,0,1,0,0,0,0,0,14,14,4,1420,1300,47,0,14,73,1.0,193,0,3790,26,241,179,20143
2025-07-11,argo,com.vrem.wifianalyzer.wifi.model,WiFiSignalTest,inRange,1,0,0.0,0,0.0,0,0,1,0,7,0,1,0,1.0,1,2,1,8,2.0,0,2.6363636363636362,0,1,0.0,0,1.0,0.5,100,67,0.0,14,9,0,0,0,0,1,0,9,0,0,9,0,0,0,0,14,0.8791208791208791,14,1.0,14,0,9,0,14,0,0,14,0,1,0,0,0,0,0,14,14,4,1420,1300,47,0,14,73,1.0,193,0,3790,26,241,179,20143
2025-07-11,argo,com.vrem.wifianalyzer.wifi.model,WiFiSignalTest,primaryWiFiChannel,1,0,0.0,0,0.0,0,0,1,0,3,0,1,0,1.0,0,2,1,3,2.0,0,4.0,0,1,0.0,0,1.0,0.5,100,67,0.0,14,9,0,0,0,0,1,0,9,0,0,9,0,0,0,0,14,0.8791208791208791,14,1.0,14,0,9,0,14,0,0,14,0,1,0,0,0,0,0,14,14,4,1420,1300,47,0,14,73,1.0,193,0,3790,26,241,179,20143
2025-07-11,argo,com.vrem.wifianalyzer.wifi.model,WiFiSignalTest,centerWiFiChannel,1,0,0.0,0,0.0,0,0,1,0,3,0,1,0,1.0,0,2,1,3,2.0,0,4.0,0,1,0.0,0,1.0,0.5,100,67,0.0,14,9,0,0,0,0,1,0,9,0,0,9,0,0,0,0,14,0.8791208791208791,14,1.0,14,0,9,0,14,0,0,14,0,1,0,0,0,0,0,14,14,4,1420,1300,47,0,14,73,1.0,193,0,3790,26,241,179,20143
2025-07-11,argo,com.vrem.wifianalyzer.wifi.model,WiFiSignalTest,strength,1,0,0.0,1,1.0,0,0,1,0,3,0,1,0,1.0,0,1,1,3,1.0,0,4.0,0,1,0.0,0,1.0,0.5,100,67,0.0,14,9,0,0,0,0,1,0,9,0,0,9,0,0,0,0,14,0.8791208791208791,14,1.0,14,0,9,0,14,0,0,14,0,1,0,0,0,0,0,14,14,4,1420,1300,47,0,14,73,1.0,193,0,3790,26,241,179,20143
2025-07-11,argo,com.vrem.wifianalyzer.wifi.model,WiFiSignalTest,distance,1,2,0.0,2,1.0,0,0,1,0,5,0,1,0,1.0,0,3,1,4,3.0,1,2.25,0,1,0.0,0,1.0,0.5,100,67,0.0,14,9,0,0,0,0,1,0,9,0,0,9,0,0,0,0,14,0.8791208791208791,14,1.0,14,0,9,0,14,0,0,14,0,1,0,0,0,0,0,14,14,4,1420,1300,47,0,14,73,1.0,193,0,3790,26,241,179,20143
2025-07-11,argo,com.vrem.wifianalyzer.wifi.model,WiFiSignalTest,equalsUsingPrimaryFrequencyAndWidth,1,0,0.0,2,0.5,0,0,1,0,4,0,1,0,1.0,0,2,1,2,2.0,1,2.0,0,1,0.0,0,1.0,0.5,100,67,0.0,14,9,0,0,0,0,1,0,9,0,0,9,0,0,0,0,14,0.8791208791208791,14,1.0,14,0,9,0,14,0,0,14,0,1,0,0,0,0,0,14,14,4,1420,1300,47,0,14,73,1.0,193,0,3790,26,241,179,20143
2025-07-11,argo,com.vrem.wifianalyzer.wifi.model,WiFiSignalTest,hashCodeUsingPrimaryFrequencyAndWidth,1,0,0.0,1,1.0,0,0,1,0,3,0,1,0,1.0,0,2,1,3,2.0,0,4.0,0,1,0.0,0,1.0,0.5,100,67,0.0,14,9,0,0,0,0,1,0,9,0,0,9,0,0,0,0,14,0.8791208791208791,14,1.0,14,0,9,0,14,0,0,14,0,1,0,0,0,0,0,14,14,4,1420,1300,47,0,14,73,1.0,193,0,3790,26,241,179,20143
2025-07-11,argo,com.vrem.wifianalyzer.wifi.model,WiFiSignalTest,channelDisplayWhenPrimaryAndCenterSame,1,1,0.0,2,1.0,0,0,1,0,4,0,1,0,1.0,0,2,1,3,3.0,2,2.5,0,1,0.0,0,1.0,0.5,100,67,0.0,14,9,0,0,0,0,1,0,9,0,0,9,0,0,0,0,14,0.8791208791208791,14,1.0,14,0,9,0,14,0,0,14,0,1,0,0,0,0,0,14,14,4,1420,1300,47,0,14,73,1.0,193,0,3790,26,241,179,20143
2025-07-11,argo,com.vrem.wifianalyzer.wifi.model,WiFiSignalTest,channelDisplayWhenPrimaryAndCenterDifferent,1,1,0.0,2,1.0,0,0,1,0,4,0,1,1,1.0,0,3,1,3,4.0,2,2.5,0,1,0.0,0,1.0,0.5,100,67,0.0,14,9,0,0,0,0,1,0,9,0,0,9,0,0,0,0,14,0.8791208791208791,14,1.0,14,0,9,0,14,0,0,14,0,1,0,0,0,0,0,14,14,4,1420,1300,47,0,14,73,1.0,193,0,3790,26,241,179,20143
2025-07-11,argo,com.vrem.wifianalyzer.wifi.model,WiFiStandardParameterizedTest,data,2,0,0.0,3,1.0,0,0,1,0,8,0,2,0,0.0,1,0,4,7,0.0,1,2.25,0,0,0.0,0,0.0,1.0,14,8,0.0,1,0,0,0,0,0,4,0,0,0,0,0,0,0,0,0,1,0.0,1,1.0,1,0,0,0,1,0,0,1,0,1,0,0,1,0,1,1,2,4,1420,1300,47,1,4,7,2.0,193,0,3790,26,241,179,20143
2025-07-11,argo,com.vrem.wifianalyzer.wifi.model,WiFiStandardTest,width,1,0,0.0,1,1.0,0,0,1,0,3,0,1,0,0.0,0,0,1,2,0.0,0,3.0,0,1,0.0,0,0.0,0.6,42,36,0.0,5,0,0,0,0,0,2,0,0,0,0,0,0,0,0,0,5,1.0,5,1.0,5,0,0,0,5,0,0,5,0,1,0,0,0,0,0,5,5,4,1420,1300,47,0,6,73,1.0,193,0,3790,26,241,179,20143
2025-07-11,argo,com.vrem.wifianalyzer.wifi.model,WiFiStandardTest,nameResource,1,0,0.0,7,0.1429,0,0,1,0,9,0,1,0,0.0,0,0,1,23,0.0,0,6.0,0,1,0.0,0,0.0,0.6,42,36,0.0,5,0,0,0,0,0,2,0,0,0,0,0,0,0,0,0,5,1.0,5,1.0,5,0,0,0,5,0,0,5,0,1,0,0,0,0,0,5,5,4,1420,1300,47,0,6,73,1.0,193,0,3790,26,241,179,20143
2025-07-11,argo,com.vrem.wifianalyzer.wifi.model,WiFiStandardTest,valueResource,1,0,0.0,7,0.1429,0,0,1,0,9,0,1,0,0.0,0,0,1,21,0.0,0,6.0,0,1,0.0,0,0.0,0.6,42,36,0.0,5,0,0,0,0,0,2,0,0,0,0,0,0,0,0,0,5,1.0,5,1.0,5,0,0,0,5,0,0,5,0,1,0,0,0,0,0,5,5,4,1420,1300,47,0,6,73,1.0,193,0,3790,26,241,179,20143
2025-07-11,argo,com.vrem.wifianalyzer.wifi.model,WiFiStandardTest,wiFIStandard,1,0,0.0,7,0.1429,0,0,1,0,9,0,1,0,0.0,0,0,1,22,0.0,0,5.0,0,1,0.0,0,0.0,0.6,42,36,0.0,5,0,0,0,0,0,2,0,0,0,0,0,0,0,0,0,5,1.0,5,1.0,5,0,0,0,5,0,0,5,0,1,0,0,0,0,0,5,5,4,1420,1300,47,0,6,73,1.0,193,0,3790,26,241,179,20143
2025-07-11,argo,com.vrem.wifianalyzer.wifi.model,WiFiStandardTest,findOneLegacy,1,2,0.0,2,1.0,0,0,1,0,6,0,1,0,0.0,0,0,2,5,0.0,1,2.5,0,2,0.0,0,0.0,0.6,42,36,0.0,5,0,0,0,0,0,2,0,0,0,0,0,0,0,0,0,5,1.0,5,1.0,5,0,0,0,5,0,0,5,0,1,0,0,0,0,0,5,5,4,1420,1300,47,0,6,73,1.0,193,0,3790,26,241,179,20143
2025-07-11,argo,com.vrem.wifianalyzer.wifi.model,WiFiUtilsTest,calculateDistance,1,0,1.0,4,1.0,0,0,1,0,6,0,1,4,0.0,1,0,1,4,0.0,0,2.0,0,1,0.0,0,0.0,0.8,39,31,0.4,5,1,0,0,0,2,2,0,1,0,0,1,0,0,0,0,5,1.0,5,1.0,5,0,1,0,4,1,0,4,0,1,0,0,0,0,0,5,5,4,1420,1300,47,0,5,19,1.0,193,0,3790,26,241,179,20143
2025-07-11,argo,com.vrem.wifianalyzer.wifi.model,WiFiUtilsTest,validate,1,0,1.0,1,1.0,0,0,1,0,3,0,1,0,0.25,1,1,1,2,0.33,2,2.0,3,1,0.0,0,0.0,0.8,39,31,0.4,5,1,0,0,0,2,2,0,1,0,0,1,0,0,0,0,5,1.0,5,1.0,5,0,1,0,4,1,0,4,0,1,0,0,0,0,0,5,5,4,1420,1300,47,0,5,19,1.0,193,0,3790,26,241,179,20143
2025-07-11,argo,com.vrem.wifianalyzer.wifi.model,WiFiUtilsTest,calculateSignalLevel,1,0,0.0,1,1.0,0,0,1,0,12,0,1,0,0.0,1,0,1,1,0.0,1,2.0,0,1,0.0,0,0.0,0.8,39,31,0.4,5,1,0,0,0,2,2,0,1,0,0,1,0,0,0,0,5,1.0,5,1.0,5,0,1,0,4,1,0,4,0,1,0,0,0,0,0,5,5,4,1420,1300,47,0,5,19,1.0,193,0,3790,26,241,179,20143
2025-07-11,argo,com.vrem.wifianalyzer.wifi.model,WiFiUtilsTest,convertIpAddress,1,0,0.0,2,1.0,0,0,1,0,6,0,1,0,0.0,0,0,1,10,0.0,1,3.5,0,1,0.0,0,0.0,0.8,39,31,0.4,5,1,0,0,0,2,2,0,1,0,0,1,0,0,0,0,5,1.0,5,1.0,5,0,1,0,4,1,0,4,0,1,0,0,0,0,0,5,5,4,1420,1300,47,0,5,19,1.0,193,0,3790,26,241,179,20143
2025-07-11,argo,com.vrem.wifianalyzer.wifi.model,WiFiUtilsTest,convertSSID,1,0,0.0,1,1.0,0,0,1,0,4,0,1,0,0.0,1,0,1,2,0.0,1,2.0,0,1,0.0,0,0.0,0.8,39,31,0.4,5,1,0,0,0,2,2,0,1,0,0,1,0,0,0,0,5,1.0,5,1.0,5,0,1,0,4,1,0,4,0,1,0,0,0,0,0,5,5,4,1420,1300,47,0,5,19,1.0,193,0,3790,26,241,179,20143
2025-07-11,argo,com.vrem.wifianalyzer.wifi.model,WiFiVirtualTest,wiFiVirtualWithVirtualBSSID,1,2,0.0,4,0.5,0,0,1,0,7,0,1,0,0.0,0,0,1,9,0.0,0,2.4285714285714284,0,1,0.0,0,0.0,1.0,25,21,0.0,3,0,0,0,0,0,1,0,0,0,0,0,0,0,0,0,3,0.0,3,1.0,3,0,0,0,3,0,0,3,0,1,0,0,0,0,0,3,3,4,1420,1300,47,0,3,27,1.0,193,0,3790,26,241,179,20143
2025-07-11,argo,com.vrem.wifianalyzer.wifi.model,WiFiVirtualTest,wiFiVirtualWithRegularBSSIDWhenBSSIDShort,1,2,0.0,4,0.5,0,0,1,0,7,0,1,0,0.0,0,0,1,9,0.0,0,2.4285714285714284,0,1,0.0,0,0.0,1.0,25,21,0.0,3,0,0,0,0,0,1,0,0,0,0,0,0,0,0,0,3,0.0,3,1.0,3,0,0,0,3,0,0,3,0,1,0,0,0,0,0,3,3,4,1420,1300,47,0,3,27,1.0,193,0,3790,26,241,179,20143
2025-07-11,argo,com.vrem.wifianalyzer.wifi.model,WiFiVirtualTest,wiFiVirtualWithRegularBSSIDWhenBSSIDLong,1,2,0.0,4,0.5,0,0,1,0,7,0,1,0,0.0,0,0,1,9,0.0,0,2.4285714285714284,0,1,0.0,0,0.0,1.0,25,21,0.0,3,0,0,0,0,0,1,0,0,0,0,0,0,0,0,0,3,0.0,3,1.0,3,0,0,0,3,0,0,3,0,1,0,0,0,0,0,3,3,4,1420,1300,47,0,3,27,1.0,193,0,3790,26,241,179,20143
2025-07-11,argo,com.vrem.wifianalyzer.wifi.model,WiFiWidthTest,width,1,0,0.0,1,1.0,0,0,1,0,3,0,1,0,0.0,0,0,1,3,0.0,0,4.0,0,1,0.0,0,0.0,0.5384615384615384,114,100,0.07692307692307693,13,0,0,0,0,0,1,0,0,0,0,0,0,0,0,0,13,0.9102564102564102,13,1.0,13,0,0,0,13,0,0,13,0,1,0,0,0,0,0,13,13,4,1420,1300,47,0,13,138,1.0,193,0,3790,26,241,179,20143
2025-07-11,argo,com.vrem.wifianalyzer.wifi.model,WiFiWidthTest,calculateCenter,1,0,0.0,6,0.1667,0,0,1,0,8,0,1,0,0.0,0,0,1,17,0.0,0,5.0,0,1,0.0,0,0.0,0.5384615384615384,114,100,0.07692307692307693,13,0,0,0,0,0,1,0,0,0,0,0,0,0,0,0,13,0.9102564102564102,13,1.0,13,0,0,0,13,0,0,13,0,1,0,0,0,0,0,13,13,4,1420,1300,47,0,13,138,1.0,193,0,3790,26,241,179,20143
2025-07-11,argo,com.vrem.wifianalyzer.wifi.model,WiFiWidthTest,textResource,1,0,0.0,6,0.1667,0,0,1,0,8,0,1,0,0.0,0,0,1,19,0.0,0,6.0,0,1,0.0,0,0.0,0.5384615384615384,114,100,0.07692307692307693,13,0,0,0,0,0,1,0,0,0,0,0,0,0,0,0,13,0.9102564102564102,13,1.0,13,0,0,0,13,0,0,13,0,1,0,0,0,0,0,13,13,4,1420,1300,47,0,13,138,1.0,193,0,3790,26,241,179,20143
2025-07-11,argo,com.vrem.wifianalyzer.wifi.model,WiFiWidthTest,frequencyWidth,1,0,0.0,6,0.1667,0,0,1,0,8,0,1,0,0.0,0,0,1,13,0.0,0,4.0,0,1,0.0,0,0.0,0.5384615384615384,114,100,0.07692307692307693,13,0,0,0,0,0,1,0,0,0,0,0,0,0,0,0,13,0.9102564102564102,13,1.0,13,0,0,0,13,0,0,13,0,1,0,0,0,0,0,13,13,4,1420,1300,47,0,13,138,1.0,193,0,3790,26,241,179,20143
2025-07-11,argo,com.vrem.wifianalyzer.wifi.model,WiFiWidthTest,frequencyHalfWidth,1,0,0.0,6,0.1667,0,0,1,0,8,0,1,0,0.0,0,0,1,13,0.0,0,4.0,0,1,0.0,0,0.0,0.5384615384615384,114,100,0.07692307692307693,13,0,0,0,0,0,1,0,0,0,0,0,0,0,0,0,13,0.9102564102564102,13,1.0,13,0,0,0,13,0,0,13,0,1,0,0,0,0,0,13,13,4,1420,1300,47,0,13,138,1.0,193,0,3790,26,241,179,20143
2025-07-11,argo,com.vrem.wifianalyzer.wifi.model,WiFiWidthTest,guardBand,1,0,0.0,6,0.1667,0,0,1,0,8,0,1,0,0.0,0,0,1,13,0.0,0,4.0,0,1,0.0,0,0.0,0.5384615384615384,114,100,0.07692307692307693,13,0,0,0,0,0,1,0,0,0,0,0,0,0,0,0,13,0.9102564102564102,13,1.0,13,0,0,0,13,0,0,13,0,1,0,0,0,0,0,13,13,4,1420,1300,47,0,13,138,1.0,193,0,3790,26,241,179,20143
2025-07-11,argo,com.vrem.wifianalyzer.wifi.model,WiFiWidthTest,step,1,0,0.0,6,0.1667,0,0,1,0,8,0,1,0,0.0,0,0,1,13,0.0,0,4.0,0,1,0.0,0,0.0,0.5384615384615384,114,100,0.07692307692307693,13,0,0,0,0,0,1,0,0,0,0,0,0,0,0,0,13,0.9102564102564102,13,1.0,13,0,0,0,13,0,0,13,0,1,0,0,0,0,0,13,13,4,1420,1300,47,0,13,138,1.0,193,0,3790,26,241,179,20143
2025-07-11,argo,com.vrem.wifianalyzer.wifi.model,WiFiWidthTest,findOne,1,0,0.0,0,0.0,0,0,1,0,10,0,1,0,0.0,1,0,1,22,0.0,0,4.2,0,1,0.0,0,0.0,0.5384615384615384,114,100,0.07692307692307693,13,0,0,0,0,0,1,0,0,0,0,0,0,0,0,0,13,0.9102564102564102,13,1.0,13,0,0,0,13,0,0,13,0,1,0,0,0,0,0,13,13,4,1420,1300,47,0,13,138,1.0,193,0,3790,26,241,179,20143
2025-07-11,argo,com.vrem.wifianalyzer.wifi.model,WiFiWidthTest,calculateCenterUsingPrimary,1,1,0.0,3,0.6667,0,0,1,0,6,0,1,0,0.0,1,0,1,4,0.0,0,2.6,0,1,0.0,0,0.0,0.5384615384615384,114,100,0.07692307692307693,13,0,0,0,0,0,1,0,0,0,0,0,0,0,0,0,13,0.9102564102564102,13,1.0,13,0,0,0,13,0,0,13,0,1,0,0,0,0,0,13,13,4,1420,1300,47,0,13,138,1.0,193,0,3790,26,241,179,20143
2025-07-11,argo,com.vrem.wifianalyzer.wifi.model,WiFiWidthTest,calculateCenter40,1,2,0.0,1,1.0,0,0,1,0,6,0,1,0,0.0,1,0,1,2,0.0,0,3.0,0,1,0.0,0,0.0,0.5384615384615384,114,100,0.07692307692307693,13,0,0,0,0,0,1,0,0,0,0,0,0,0,0,0,13,0.9102564102564102,13,1.0,13,0,0,0,13,0,0,13,0,1,0,0,0,0,0,13,13,4,1420,1300,47,0,13,138,1.0,193,0,3790,26,241,179,20143
2025-07-11,argo,com.vrem.wifianalyzer.wifi.model,WiFiWidthTest,calculateCenter40WithCenter,1,3,1.0,1,1.0,0,0,1,0,7,0,1,0,0.0,1,0,1,3,0.0,0,3.0,0,1,0.0,0,0.0,0.5384615384615384,114,100,0.07692307692307693,13,0,0,0,0,0,1,0,0,0,0,0,0,0,0,0,13,0.9102564102564102,13,1.0,13,0,0,0,13,0,0,13,0,1,0,0,0,0,0,13,13,4,1420,1300,47,0,13,138,1.0,193,0,3790,26,241,179,20143
2025-07-11,argo,com.vrem.wifianalyzer.wifi.model,WiFiWidthTest,calculateCenterUsingCenter0,1,1,0.0,7,0.4286,0,0,1,0,10,0,1,0,0.0,1,0,1,9,0.0,1,2.3636363636363638,0,1,0.0,0,0.0,0.5384615384615384,114,100,0.07692307692307693,13,0,0,0,0,0,1,0,0,0,0,0,0,0,0,0,13,0.9102564102564102,13,1.0,13,0,0,0,13,0,0,13,0,1,0,0,0,0,0,13,13,4,1420,1300,47,0,13,138,1.0,193,0,3790,26,241,179,20143
2025-07-11,argo,com.vrem.wifianalyzer.wifi.model,WiFiWidthTest,calculateCenterUsingCenter1,1,1,0.0,7,0.4286,0,0,1,0,10,0,1,0,0.0,1,0,1,7,0.0,1,2.0,0,1,0.0,0,0.0,0.5384615384615384,114,100,0.07692307692307693,13,0,0,0,0,0,1,0,0,0,0,0,0,0,0,0,13,0.9102564102564102,13,1.0,13,0,0,0,13,0,0,13,0,1,0,0,0,0,0,13,13,4,1420,1300,47,0,13,138,1.0,193,0,3790,26,241,179,20143
2025-07-11,argo,com.vrem.wifianalyzer.wifi.predicate,AllPredicateTest,allPredicateIsTrue,1,3,0.0,2,1.0,0,0,1,0,6,0,1,0,0.0,0,0,1,3,0.0,1,2.0,0,1,0.0,0,0.0,1.0,15,12,0.0,2,0,0,0,0,0,1,0,0,0,0,0,0,0,0,0,2,0.0,2,1.0,2,0,0,0,2,0,0,2,0,1,0,0,0,0,0,2,2,4,1420,1300,9,0,2,6,1.0,41,0,602,26,241,30,20143
2025-07-11,argo,com.vrem.wifianalyzer.wifi.predicate,AllPredicateTest,allPredicateIsFalse,1,3,0.0,2,1.0,0,0,1,0,6,0,1,0,0.0,0,0,1,3,0.0,1,2.0,0,1,0.0,0,0.0,1.0,15,12,0.0,2,0,0,0,0,0,1,0,0,0,0,0,0,0,0,0,2,0.0,2,1.0,2,0,0,0,2,0,0,2,0,1,0,0,0,0,0,2,2,4,1420,1300,9,0,2,6,1.0,41,0,602,26,241,30,20143
2025-07-11,argo,com.vrem.wifianalyzer.wifi.predicate,AmyPredicateTest,anyPredicateIsTrue,1,3,0.0,2,1.0,0,0,1,0,6,0,1,0,0.0,0,0,1,3,0.0,1,2.0,0,1,0.0,0,0.0,1.0,15,12,0.0,2,0,0,0,0,0,1,0,0,0,0,0,0,0,0,0,2,0.0,2,1.0,2,0,0,0,2,0,0,2,0,1,0,0,0,0,0,2,2,4,1420,1300,9,0,2,6,1.0,41,0,602,26,241,30,20143
2025-07-11,argo,com.vrem.wifianalyzer.wifi.predicate,AmyPredicateTest,anyPredicateIsFalse,1,3,0.0,2,1.0,0,0,1,0,6,0,1,0,0.0,0,0,1,3,0.0,1,2.0,0,1,0.0,0,0.0,1.0,15,12,0.0,2,0,0,0,0,0,1,0,0,0,0,0,0,0,0,0,2,0.0,2,1.0,2,0,0,0,2,0,0,2,0,1,0,0,0,0,0,2,2,4,1420,1300,9,0,2,6,1.0,41,0,602,26,241,30,20143
2025-07-11,argo,com.vrem.wifianalyzer.wifi.predicate,MakePredicateTest,makePredicateExpectsTruePredicate,1,4,0.0,3,1.0,0,0,1,0,7,0,1,0,0.0,0,0,1,4,0.0,0,2.25,0,1,0.0,0,0.0,0.0,17,14,0.0,2,0,0,0,0,0,1,0,0,0,0,0,0,0,0,0,2,0.0,2,1.0,2,0,0,0,2,0,0,2,2,2,0,0,0,0,0,2,2,4,1420,1300,9,0,2,8,1.0,41,0,602,26,241,30,20143
2025-07-11,argo,com.vrem.wifianalyzer.wifi.predicate,MakePredicateTest,makePredicateExpectsAnyPredicate,1,4,0.0,3,1.0,0,0,1,0,7,0,1,0,0.0,0,0,1,4,0.0,0,2.0,0,1,0.0,0,0.0,0.0,17,14,0.0,2,0,0,0,0,0,1,0,0,0,0,0,0,0,0,0,2,0.0,2,1.0,2,0,0,0,2,0,0,2,2,2,0,0,0,0,0,2,2,4,1420,1300,9,0,2,8,1.0,41,0,602,26,241,30,20143
2025-07-11,argo,com.vrem.wifianalyzer.wifi.predicate,PredicateTest,tearDown,1,0,0.0,0,0.0,0,0,1,0,3,0,1,0,1.0,0,1,1,1,1.0,0,0.0,0,1,0.0,0,0.9090909090909091,0.8333333333333334,98,79,0.5,12,3,0,0,0,2,7,0,3,0,0,3,0,0,0,0,30,0.6515151515151515,30,2.5,12,0,3,0,8,4,0,8,8,1,0,0,0,0,0,12,12,4,1420,1300,9,0,25,70,2.5,41,0,602,26,241,30,20143
2025-07-11,argo,com.vrem.wifianalyzer.wifi.predicate,PredicateTest,makeAccessPointsPredicate,2,1,2.0,1,1.0,0,0,1,0,6,1,2,3,1.0,3,1,3,2,1.0,1,2.0,0,3,0.0,0,0.9090909090909091,0.8333333333333334,98,79,0.5,12,3,0,0,0,2,7,0,3,0,0,3,0,0,0,0,30,0.6515151515151515,30,2.5,12,0,3,0,8,4,0,8,8,1,0,0,0,0,0,12,12,4,1420,1300,9,0,25,70,2.5,41,0,602,26,241,30,20143
2025-07-11,argo,com.vrem.wifianalyzer.wifi.predicate,PredicateTest,makeAccessPointsPredicateIsTrue,2,3,4.0,1,1.0,0,0,1,0,8,1,2,4,1.0,4,3,3,4,1.5,0,2.0,0,3,0.0,0,0.9090909090909091,0.8333333333333334,98,79,0.5,12,3,0,0,0,2,7,0,3,0,0,3,0,0,0,0,30,0.6515151515151515,30,2.5,12,0,3,0,8,4,0,8,8,1,0,0,0,0,0,12,12,4,1420,1300,9,0,25,70,2.5,41,0,602,26,241,30,20143
2025-07-11,argo,com.vrem.wifianalyzer.wifi.predicate,PredicateTest,makeAccessPointsPredicateWithSecurityToFalse,2,3,4.0,1,1.0,0,0,1,0,8,1,2,4,1.0,4,2,3,4,1.0,0,2.0,0,3,0.0,0,0.9090909090909091,0.8333333333333334,98,79,0.5,12,3,0,0,0,2,7,0,3,0,0,3,0,0,0,0,30,0.6515151515151515,30,2.5,12,0,3,0,8,4,0,8,8,1,0,0,0,0,0,12,12,4,1420,1300,9,0,25,70,2.5,41,0,602,26,241,30,20143
2025-07-11,argo,com.vrem.wifianalyzer.wifi.predicate,PredicateTest,makeAccessPointsPredicateWithSSIDToFalse,2,3,4.0,1,1.0,0,0,1,0,8,1,2,4,1.0,4,2,3,4,1.0,0,2.0,0,3,0.0,0,0.9090909090909091,0.8333333333333334,98,79,0.5,12,3,0,0,0,2,7,0,3,0,0,3,0,0,0,0,30,0.6515151515151515,30,2.5,12,0,3,0,8,4,0,8,8,1,0,0,0,0,0,12,12,4,1420,1300,9,0,25,70,2.5,41,0,602,26,241,30,20143
2025-07-11,argo,com.vrem.wifianalyzer.wifi.predicate,PredicateTest,makeAccessPointsPredicateIsAllPredicate,2,2,3.0,1,1.0,0,0,1,0,7,1,2,4,1.0,3,1,3,2,1.0,0,2.0,0,3,0.0,0,0.9090909090909091,0.8333333333333334,98,79,0.5,12,3,0,0,0,2,7,0,3,0,0,3,0,0,0,0,30,0.6515151515151515,30,2.5,12,0,3,0,8,4,0,8,8,1,0,0,0,0,0,12,12,4,1420,1300,9,0,25,70,2.5,41,0,602,26,241,30,20143
2025-07-11,argo,com.vrem.wifianalyzer.wifi.predicate,PredicateTest,makeAccessPointsPredicateIsTrueWhenFullSet,2,3,4.0,1,1.0,0,0,1,0,8,1,2,5,1.0,4,3,3,4,1.5,0,2.0,0,3,0.0,0,0.9090909090909091,0.8333333333333334,98,79,0.5,12,3,0,0,0,2,7,0,3,0,0,3,0,0,0,0,30,0.6515151515151515,30,2.5,12,0,3,0,8,4,0,8,8,1,0,0,0,0,0,12,12,4,1420,1300,9,0,25,70,2.5,41,0,602,26,241,30,20143
2025-07-11,argo,com.vrem.wifianalyzer.wifi.predicate,PredicateTest,makeOtherPredicate,5,1,0.0,5,0.3333,0,0,1,0,12,4,5,1,1.0,1,2,3,19,2.0,2,2.6363636363636362,0,3,0.0,0,0.9090909090909091,0.8333333333333334,98,79,0.5,12,3,0,0,0,2,7,0,3,0,0,3,0,0,0,0,30,0.6515151515151515,30,2.5,12,0,3,0,8,4,0,8,8,1,0,0,0,0,0,12,12,4,1420,1300,9,0,25,70,2.5,41,0,602,26,241,30,20143
2025-07-11,argo,com.vrem.wifianalyzer.wifi.predicate,PredicateTest,whenSettingsWithFullSets,5,0,0.0,4,0.25,0,0,1,0,6,4,5,0,1.0,0,1,1,12,1.0,2,4.5,0,1,0.0,0,0.9090909090909091,0.8333333333333334,98,79,0.5,12,3,0,0,0,2,7,0,3,0,0,3,0,0,0,0,30,0.6515151515151515,30,2.5,12,0,3,0,8,4,0,8,8,1,0,0,0,0,0,12,12,4,1420,1300,9,0,25,70,2.5,41,0,602,26,241,30,20143
2025-07-11,argo,com.vrem.wifianalyzer.wifi.predicate,PredicateTest,whenSettings,5,0,0.0,4,0.25,0,0,1,0,6,4,5,0,1.0,0,2,1,13,2.0,2,3.1666666666666665,0,1,0.0,0,0.9090909090909091,0.8333333333333334,98,79,0.5,12,3,0,0,0,2,7,0,3,0,0,3,0,0,0,0,30,0.6515151515151515,30,2.5,12,0,3,0,8,4,0,8,8,1,0,0,0,0,0,12,12,4,1420,1300,9,0,25,70,2.5,41,0,602,26,241,30,20143
2025-07-11,argo,com.vrem.wifianalyzer.wifi.predicate,PredicateTest,verifySettings,1,0,0.0,4,0.25,0,0,1,0,6,0,1,0,1.0,0,1,1,4,1.0,1,2.0,0,1,0.0,0,0.9090909090909091,0.8333333333333334,98,79,0.5,12,3,0,0,0,2,7,0,3,0,0,3,0,0,0,0,30,0.6515151515151515,30,2.5,12,0,3,0,8,4,0,8,8,1,0,0,0,0,0,12,12,4,1420,1300,9,0,25,70,2.5,41,0,602,26,241,30,20143
2025-07-11,argo,com.vrem.wifianalyzer.wifi.predicate,PredicateTest,makeWiFiDetail,1,0,0.0,1,1.0,0,0,1,0,1,0,1,0,0.5,0,0,0,1,0.5,0,2.0,2,0,0.0,0,0.9090909090909091,0.8333333333333334,98,79,0.5,12,3,0,0,0,2,7,0,3,0,0,3,0,0,0,0,30,0.6515151515151515,30,2.5,12,0,3,0,8,4,0,8,8,1,0,0,0,0,0,12,12,4,1420,1300,9,0,25,70,2.5,41,0,602,26,241,30,20143
2025-07-11,argo,com.vrem.wifianalyzer.wifi.predicate,SecurityPredicateTest,securityPredicateWithFoundWPAValue,1,3,1.0,2,1.0,0,0,1,0,6,0,1,2,0.0,1,0,1,5,0.0,0,2.5,0,1,0.0,0,0.0,1.0,33,26,0.6666666666666666,6,0,0,0,0,1,1,0,0,0,0,0,0,0,0,0,6,0.5333333333333333,6,1.0,6,0,0,0,4,2,0,4,0,1,0,0,0,0,0,6,6,4,1420,1300,9,0,4,22,1.0,41,0,602,26,241,30,20143
2025-07-11,argo,com.vrem.wifianalyzer.wifi.predicate,SecurityPredicateTest,securityPredicateWithFoundWEPValue,1,3,1.0,2,1.0,0,0,1,0,6,0,1,2,0.0,1,0,1,5,0.0,0,2.5,0,1,0.0,0,0.0,1.0,33,26,0.6666666666666666,6,0,0,0,0,1,1,0,0,0,0,0,0,0,0,0,6,0.5333333333333333,6,1.0,6,0,0,0,4,2,0,4,0,1,0,0,0,0,0,6,6,4,1420,1300,9,0,4,22,1.0,41,0,602,26,241,30,20143
2025-07-11,argo,com.vrem.wifianalyzer.wifi.predicate,SecurityPredicateTest,securityPredicateWithFoundNoneValue,1,3,1.0,2,1.0,0,0,1,0,6,0,1,3,0.0,1,0,1,5,0.0,0,2.5,0,1,0.0,0,0.0,1.0,33,26,0.6666666666666666,6,0,0,0,0,1,1,0,0,0,0,0,0,0,0,0,6,0.5333333333333333,6,1.0,6,0,0,0,4,2,0,4,0,1,0,0,0,0,0,6,6,4,1420,1300,9,0,4,22,1.0,41,0,602,26,241,30,20143
2025-07-11,argo,com.vrem.wifianalyzer.wifi.predicate,SecurityPredicateTest,securityPredicateWithNotFoundValue,1,3,1.0,2,1.0,0,0,1,0,6,0,1,2,0.0,1,0,1,5,0.0,0,2.5,0,1,0.0,0,0.0,1.0,33,26,0.6666666666666666,6,0,0,0,0,1,1,0,0,0,0,0,0,0,0,0,6,0.5333333333333333,6,1.0,6,0,0,0,4,2,0,4,0,1,0,0,0,0,0,6,6,4,1420,1300,9,0,4,22,1.0,41,0,602,26,241,30,20143
2025-07-11,argo,com.vrem.wifianalyzer.wifi.predicate,SecurityPredicateTest,wiFiDetail,1,0,0.0,1,1.0,0,0,1,0,1,0,1,0,0.0,0,0,0,1,0.0,0,2.0,0,0,0.0,0,0.0,1.0,33,26,0.6666666666666666,6,0,0,0,0,1,1,0,0,0,0,0,0,0,0,0,6,0.5333333333333333,6,1.0,6,0,0,0,4,2,0,4,0,1,0,0,0,0,0,6,6,4,1420,1300,9,0,4,22,1.0,41,0,602,26,241,30,20143
2025-07-11,argo,com.vrem.wifianalyzer.wifi.predicate,SecurityPredicateTest,wiFiDetailWithNoSecurity,1,0,0.0,1,1.0,0,0,1,0,1,0,1,0,0.0,0,0,0,1,0.0,0,2.0,0,0,0.0,0,0.0,1.0,33,26,0.6666666666666666,6,0,0,0,0,1,1,0,0,0,0,0,0,0,0,0,6,0.5333333333333333,6,1.0,6,0,0,0,4,2,0,4,0,1,0,0,0,0,0,6,6,4,1420,1300,9,0,4,22,1.0,41,0,602,26,241,30,20143
2025-07-11,argo,com.vrem.wifianalyzer.wifi.predicate,SSIDPredicateTest,sSIDPredicate,1,1,0.0,1,1.0,0,0,1,0,10,0,1,0,0.0,0,0,1,10,0.0,0,3.0,0,1,0.0,0,0.0,1.0,12,10,0.0,1,0,0,0,0,0,1,0,0,0,0,0,0,0,0,0,1,0.0,1,1.0,1,0,0,0,1,0,0,1,0,1,0,0,0,0,0,1,1,4,1420,1300,9,0,1,10,1.0,41,0,602,26,241,30,20143
2025-07-11,argo,com.vrem.wifianalyzer.wifi.predicate,StrengthPredicateTest,strengthPredicate,1,1,1.0,2,0.5,0,0,1,0,5,0,1,1,0.0,1,0,1,7,0.0,0,4.0,0,1,0.0,0,0.0,1.0,9,6,0.5,2,0,0,0,0,1,1,0,0,0,0,0,0,0,0,0,2,1.0,2,1.0,2,0,0,0,1,1,0,1,1,1,0,0,0,0,0,2,2,4,1420,1300,9,0,1,8,1.0,41,0,602,26,241,30,20143
2025-07-11,argo,com.vrem.wifianalyzer.wifi.predicate,StrengthPredicateTest,makeWiFiDetail,1,0,0.0,1,1.0,0,0,1,0,1,0,1,0,0.0,0,0,0,1,0.0,0,2.0,0,0,0.0,0,0.0,1.0,9,6,0.5,2,0,0,0,0,1,1,0,0,0,0,0,0,0,0,0,2,1.0,2,1.0,2,0,0,0,1,1,0,1,1,1,0,0,0,0,0,2,2,4,1420,1300,9,0,1,8,1.0,41,0,602,26,241,30,20143
2025-07-11,argo,com.vrem.wifianalyzer.wifi.predicate,WiFiBandPredicateTest,wiFiBandPredicateWith2GHzFrequency,1,1,1.0,2,0.5,0,0,1,0,5,0,1,1,0.0,1,0,1,7,0.0,0,4.0,0,1,0.0,0,0.0,1.0,15,11,0.6666666666666666,3,0,0,0,0,2,1,0,0,0,0,0,0,0,0,0,3,0.6666666666666667,3,1.0,3,0,0,0,2,1,0,2,1,1,0,0,0,0,0,3,3,4,1420,1300,9,0,2,15,1.0,41,0,602,26,241,30,20143
2025-07-11,argo,com.vrem.wifianalyzer.wifi.predicate,WiFiBandPredicateTest,wiFiBandPredicateWith5GHzFrequency,1,1,1.0,2,0.5,0,0,1,0,5,0,1,1,0.0,1,0,1,7,0.0,0,4.0,0,1,0.0,0,0.0,1.0,15,11,0.6666666666666666,3,0,0,0,0,2,1,0,0,0,0,0,0,0,0,0,3,0.6666666666666667,3,1.0,3,0,0,0,2,1,0,2,1,1,0,0,0,0,0,3,3,4,1420,1300,9,0,2,15,1.0,41,0,602,26,241,30,20143
2025-07-11,argo,com.vrem.wifianalyzer.wifi.predicate,WiFiBandPredicateTest,makeWiFiDetail,1,0,0.0,1,1.0,0,0,1,0,1,0,1,0,0.0,0,0,0,1,0.0,0,2.0,1,0,0.0,0,0.0,1.0,15,11,0.6666666666666666,3,0,0,0,0,2,1,0,0,0,0,0,0,0,0,0,3,0.6666666666666667,3,1.0,3,0,0,0,2,1,0,2,1,1,0,0,0,0,0,3,3,4,1420,1300,9,0,2,15,1.0,41,0,602,26,241,30,20143
2025-07-11,argo,com.vrem.wifianalyzer.wifi.scanner,CacheTest,setUp,4,0,0.0,3,0.6667,0,1,1,0,5,3,4,0,1.0,0,2,1,6,2.0,2,3.0,0,1,0.0,0,0.7581699346405228,0.8333333333333334,199,157,0.7647058823529411,18,9,0,0,0,3,10,0,9,0,0,9,0,0,0,0,41,0.6535947712418301,41,2.2777777777777777,18,0,9,0,16,2,0,16,5,1,0,0,0,0,0,18,18,4,1420,1300,18,0,44,107,2.2777777777777777,107,1,1584,26,241,79,20143
2025-07-11,argo,com.vrem.wifianalyzer.wifi.scanner,CacheTest,tearDown,1,0,0.0,1,1.0,0,1,1,0,3,0,1,0,0.0,0,0,1,2,0.0,0,3.0,0,1,0.0,0,0.7581699346405228,0.8333333333333334,199,157,0.7647058823529411,18,9,0,0,0,3,10,0,9,0,0,9,0,0,0,0,41,0.6535947712418301,41,2.2777777777777777,18,0,9,0,16,2,0,16,5,1,0,0,0,0,0,18,18,4,1420,1300,18,0,44,107,2.2777777777777777,107,1,1584,26,241,79,20143
2025-07-11,argo,com.vrem.wifianalyzer.wifi.scanner,CacheTest,addWithSizeAvailable,1,1,1.0,1,1.0,0,1,1,0,5,0,1,0,1.0,1,1,1,4,1.0,2,2.5,0,1,0.0,0,0.7581699346405228,0.8333333333333334,199,157,0.7647058823529411,18,9,0,0,0,3,10,0,9,0,0,9,0,0,0,0,41,0.6535947712418301,41,2.2777777777777777,18,0,9,0,16,2,0,16,5,1,0,0,0,0,0,18,18,4,1420,1300,18,0,44,107,2.2777777777777777,107,1,1584,26,241,79,20143
2025-07-11,argo,com.vrem.wifianalyzer.wifi.scanner,CacheTest,addCompliesToMaxCacheSizeWithSizeAvailable,2,3,1.0,3,0.6667,0,1,1,0,12,1,2,0,1.0,1,1,1,10,0.5,2,2.4,0,1,0.0,0,0.7581699346405228,0.8333333333333334,199,157,0.7647058823529411,18,9,0,0,0,3,10,0,9,0,0,9,0,0,0,0,41,0.6535947712418301,41,2.2777777777777777,18,0,9,0,16,2,0,16,5,1,0,0,0,0,0,18,18,4,1420,1300,18,0,44,107,2.2777777777777777,107,1,1584,26,241,79,20143
2025-07-11,argo,com.vrem.wifianalyzer.wifi.scanner,CacheTest,scanResultsWithSizeAvailable,1,1,2.0,2,1.0,0,1,1,0,8,0,1,4,1.0,2,4,3,2,4.0,1,2.0,0,3,0.0,0,0.7581699346405228,0.8333333333333334,199,157,0.7647058823529411,18,9,0,0,0,3,10,0,9,0,0,9,0,0,0,0,41,0.6535947712418301,41,2.2777777777777777,18,0,9,0,16,2,0,16,5,1,0,0,0,0,0,18,18,4,1420,1300,18,0,44,107,2.2777777777777777,107,1,1584,26,241,79,20143
2025-07-11,argo,com.vrem.wifianalyzer.wifi.scanner,CacheTest,sizeWithSizeAvailable,2,1,1.0,2,1.0,0,1,1,0,8,1,2,0,1.0,1,2,2,9,2.0,0,3.25,0,2,0.0,0,0.7581699346405228,0.8333333333333334,199,157,0.7647058823529411,18,9,0,0,0,3,10,0,9,0,0,9,0,0,0,0,41,0.6535947712418301,41,2.2777777777777777,18,0,9,0,16,2,0,16,5,1,0,0,0,0,0,18,18,4,1420,1300,18,0,44,107,2.2777777777777777,107,1,1584,26,241,79,20143
2025-07-11,argo,com.vrem.wifianalyzer.wifi.scanner,CacheTest,addWithCacheOff,2,1,1.0,2,1.0,0,1,1,0,7,1,2,0,1.0,1,2,3,7,2.0,2,2.5,0,3,0.0,0,0.7581699346405228,0.8333333333333334,199,157,0.7647058823529411,18,9,0,0,0,3,10,0,9,0,0,9,0,0,0,0,41,0.6535947712418301,41,2.2777777777777777,18,0,9,0,16,2,0,16,5,1,0,0,0,0,0,18,18,4,1420,1300,18,0,44,107,2.2777777777777777,107,1,1584,26,241,79,20143
2025-07-11,argo,com.vrem.wifianalyzer.wifi.scanner,CacheTest,addCompliesToMaxCacheSizeWhenCacheOff,3,3,1.0,4,0.8,0,1,1,0,14,2,3,0,1.0,1,2,3,13,1.0,2,2.4285714285714284,0,3,0.0,0,0.7581699346405228,0.8333333333333334,199,157,0.7647058823529411,18,9,0,0,0,3,10,0,9,0,0,9,0,0,0,0,41,0.6535947712418301,41,2.2777777777777777,18,0,9,0,16,2,0,16,5,1,0,0,0,0,0,18,18,4,1420,1300,18,0,44,107,2.2777777777777777,107,1,1584,26,241,79,20143
2025-07-11,argo,com.vrem.wifianalyzer.wifi.scanner,CacheTest,scanResultsWhenSingleAndCacheOff,2,2,2.0,3,1.0,0,1,1,0,9,1,2,3,1.0,2,4,4,6,2.0,2,2.25,0,4,0.0,0,0.7581699346405228,0.8333333333333334,199,157,0.7647058823529411,18,9,0,0,0,3,10,0,9,0,0,9,0,0,0,0,41,0.6535947712418301,41,2.2777777777777777,18,0,9,0,16,2,0,16,5,1,0,0,0,0,0,18,18,4,1420,1300,18,0,44,107,2.2777777777777777,107,1,1584,26,241,79,20143
2025-07-11,argo,com.vrem.wifianalyzer.wifi.scanner,CacheTest,scanResultsWhenMultipleAndCacheOff,2,2,2.0,3,1.0,0,1,1,0,9,1,2,4,1.0,2,4,4,6,2.0,2,2.25,0,4,0.0,0,0.7581699346405228,0.8333333333333334,199,157,0.7647058823529411,18,9,0,0,0,3,10,0,9,0,0,9,0,0,0,0,41,0.6535947712418301,41,2.2777777777777777,18,0,9,0,16,2,0,16,5,1,0,0,0,0,0,18,18,4,1420,1300,18,0,44,107,2.2777777777777777,107,1,1584,26,241,79,20143
2025-07-11,argo,com.vrem.wifianalyzer.wifi.scanner,CacheTest,sizeWhenCacheOff,2,2,1.0,2,1.0,0,1,1,0,7,1,2,0,1.0,1,2,3,5,1.0,2,2.25,0,3,0.0,0,0.7581699346405228,0.8333333333333334,199,157,0.7647058823529411,18,9,0,0,0,3,10,0,9,0,0,9,0,0,0,0,41,0.6535947712418301,41,2.2777777777777777,18,0,9,0,16,2,0,16,5,1,0,0,0,0,0,18,18,4,1420,1300,18,0,44,107,2.2777777777777777,107,1,1584,26,241,79,20143
2025-07-11,argo,com.vrem.wifianalyzer.wifi.scanner,CacheTest,add,2,1,0.0,2,1.0,0,1,1,0,6,1,2,0,1.0,1,2,2,6,2.0,2,2.6666666666666665,0,2,0.0,0,0.7581699346405228,0.8333333333333334,199,157,0.7647058823529411,18,9,0,0,0,3,10,0,9,0,0,9,0,0,0,0,41,0.6535947712418301,41,2.2777777777777777,18,0,9,0,16,2,0,16,5,1,0,0,0,0,0,18,18,4,1420,1300,18,0,44,107,2.2777777777777777,107,1,1584,26,241,79,20143
2025-07-11,argo,com.vrem.wifianalyzer.wifi.scanner,CacheTest,addCompliesToMaxCacheSize,3,3,1.0,4,0.75,0,1,1,0,13,2,3,0,1.0,1,2,2,12,1.0,2,2.5,0,2,0.0,0,0.7581699346405228,0.8333333333333334,199,157,0.7647058823529411,18,9,0,0,0,3,10,0,9,0,0,9,0,0,0,0,41,0.6535947712418301,41,2.2777777777777777,18,0,9,0,16,2,0,16,5,1,0,0,0,0,0,18,18,4,1420,1300,18,0,44,107,2.2777777777777777,107,1,1584,26,241,79,20143
2025-07-11,argo,com.vrem.wifianalyzer.wifi.scanner,CacheTest,scanResultsWhenSingle,2,1,2.0,3,1.0,0,1,1,0,8,1,2,3,1.0,2,4,4,4,4.0,1,2.3333333333333335,0,4,0.0,0,0.7581699346405228,0.8333333333333334,199,157,0.7647058823529411,18,9,0,0,0,3,10,0,9,0,0,9,0,0,0,0,41,0.6535947712418301,41,2.2777777777777777,18,0,9,0,16,2,0,16,5,1,0,0,0,0,0,18,18,4,1420,1300,18,0,44,107,2.2777777777777777,107,1,1584,26,241,79,20143
2025-07-11,argo,com.vrem.wifianalyzer.wifi.scanner,CacheTest,scanResultsWhenMultiple,2,1,2.0,3,1.0,0,1,1,0,9,1,2,4,1.0,2,4,4,4,4.0,1,2.3333333333333335,0,4,0.0,0,0.7581699346405228,0.8333333333333334,199,157,0.7647058823529411,18,9,0,0,0,3,10,0,9,0,0,9,0,0,0,0,41,0.6535947712418301,41,2.2777777777777777,18,0,9,0,16,2,0,16,5,1,0,0,0,0,0,18,18,4,1420,1300,18,0,44,107,2.2777777777777777,107,1,1584,26,241,79,20143
2025-07-11,argo,com.vrem.wifianalyzer.wifi.scanner,CacheTest,size,2,2,0.0,3,1.0,0,1,1,0,7,1,2,0,1.0,1,3,3,5,1.5,1,2.25,0,3,0.0,0,0.7581699346405228,0.8333333333333334,199,157,0.7647058823529411,18,9,0,0,0,3,10,0,9,0,0,9,0,0,0,0,41,0.6535947712418301,41,2.2777777777777777,18,0,9,0,16,2,0,16,5,1,0,0,0,0,0,18,18,4,1420,1300,18,0,44,107,2.2777777777777777,107,1,1584,26,241,79,20143
2025-07-11,argo,com.vrem.wifianalyzer.wifi.scanner,CacheTest,validate,1,0,0.0,2,0.5,0,1,1,0,4,0,1,0,0.0,0,0,1,4,0.0,0,3.0,3,1,0.0,0,0.7581699346405228,0.8333333333333334,199,157,0.7647058823529411,18,9,0,0,0,3,10,0,9,0,0,9,0,0,0,0,41,0.6535947712418301,41,2.2777777777777777,18,0,9,0,16,2,0,16,5,1,0,0,0,0,0,18,18,4,1420,1300,18,0,44,107,2.2777777777777777,107,1,1584,26,241,79,20143
2025-07-11,argo,com.vrem.wifianalyzer.wifi.scanner,CacheTest,withScanResults,7,1,1.0,0,0.0,0,1,1,0,28,6,7,0,1.0,1,7,2,2,7.0,1,2.0,0,2,0.0,0,0.7581699346405228,0.8333333333333334,199,157,0.7647058823529411,18,9,0,0,0,3,10,0,9,0,0,9,0,0,0,0,41,0.6535947712418301,41,2.2777777777777777,18,0,9,0,16,2,0,16,5,1,0,0,0,0,0,18,18,4,1420,1300,18,0,44,107,2.2777777777777777,107,1,1584,26,241,79,20143
2025-07-11,argo,com.vrem.wifianalyzer.wifi.scanner,PeriodicScanTest,run,2,2,0.0,4,0.75,0,0,1,0,9,1,2,0,1.0,1,4,2,6,2.0,2,2.2,0,2,0.0,0,1.0,1.0,40,27,0.0,4,4,0,0,0,0,3,0,4,0,0,4,0,0,0,0,6,0.0,6,1.5,4,0,4,0,4,0,0,4,0,1,0,0,0,0,0,4,4,4,1420,1300,18,0,6,18,1.5,107,1,1584,26,241,79,20143
2025-07-11,argo,com.vrem.wifianalyzer.wifi.scanner,PeriodicScanTest,stop,1,0,0.0,1,1.0,0,0,1,0,4,0,1,0,1.0,1,2,1,2,2.0,1,2.0,0,1,0.0,0,1.0,1.0,40,27,0.0,4,4,0,0,0,0,3,0,4,0,0,4,0,0,0,0,6,0.0,6,1.5,4,0,4,0,4,0,0,4,0,1,0,0,0,0,0,4,4,4,1420,1300,18,0,6,18,1.5,107,1,1584,26,241,79,20143
2025-07-11,argo,com.vrem.wifianalyzer.wifi.scanner,PeriodicScanTest,start,1,1,0.0,2,0.5,0,0,1,0,6,0,1,0,1.0,1,2,1,3,2.0,1,2.0,0,1,0.0,0,1.0,1.0,40,27,0.0,4,4,0,0,0,0,3,0,4,0,0,4,0,0,0,0,6,0.0,6,1.5,4,0,4,0,4,0,0,4,0,1,0,0,0,0,0,4,4,4,1420,1300,18,0,6,18,1.5,107,1,1584,26,241,79,20143
2025-07-11,argo,com.vrem.wifianalyzer.wifi.scanner,PeriodicScanTest,startWithDelay,2,1,0.0,3,0.75,0,0,1,0,8,1,2,0,1.0,1,3,2,7,3.0,2,2.1666666666666665,0,2,0.0,0,1.0,1.0,40,27,0.0,4,4,0,0,0,0,3,0,4,0,0,4,0,0,0,0,6,0.0,6,1.5,4,0,4,0,4,0,0,4,0,1,0,0,0,0,0,4,4,4,1420,1300,18,0,6,18,1.5,107,1,1584,26,241,79,20143
2025-07-11,argo,com.vrem.wifianalyzer.wifi.scanner,ScannerCallbackTest,tearDown,1,0,0.0,0,0.0,0,0,1,0,5,0,1,0,1.0,0,3,1,1,3.0,0,0.0,0,1,0.0,0,1.0,1.0,29,14,0.0,2,6,0,0,0,0,4,0,6,0,0,6,0,0,0,0,4,1.0,4,2.0,2,0,6,0,2,0,0,2,0,1,0,0,0,0,0,2,2,4,1420,1300,18,0,3,10,2.0,107,1,1584,26,241,79,20143
2025-07-11,argo,com.vrem.wifianalyzer.wifi.scanner,ScannerCallbackTest,onSuccess,3,0,0.0,4,0.5,0,0,1,0,9,2,3,0,1.0,1,5,2,9,5.0,2,2.2857142857142856,0,2,0.0,0,1.0,1.0,29,14,0.0,2,6,0,0,0,0,4,0,6,0,0,6,0,0,0,0,4,1.0,4,2.0,2,0,6,0,2,0,0,2,0,1,0,0,0,0,0,2,2,4,1420,1300,18,0,3,10,2.0,107,1,1584,26,241,79,20143
2025-07-11,argo,com.vrem.wifianalyzer.wifi.scanner,ScannerServiceTest,tearDown,1,0,0.0,0,0.0,0,0,1,0,6,0,1,0,1.0,0,4,1,1,4.0,0,0.0,0,1,0.0,0,1.0,1.0,27,16,0.0,2,4,0,0,0,0,2,0,4,0,0,4,0,0,0,0,2,1.0,2,1.0,2,0,4,0,2,0,0,2,1,1,0,0,0,0,0,2,2,4,1420,1300,18,0,2,16,1.0,107,1,1584,26,241,79,20143
2025-07-11,argo,com.vrem.wifianalyzer.wifi.scanner,ScannerServiceTest,makeScannerService,1,1,0.0,7,0.1429,0,0,1,0,10,0,1,1,1.0,1,4,1,15,4.0,0,3.0,0,1,0.0,0,1.0,1.0,27,16,0.0,2,4,0,0,0,0,2,0,4,0,0,4,0,0,0,0,2,1.0,2,1.0,2,0,4,0,2,0,0,2,1,1,0,0,0,0,0,2,2,4,1420,1300,18,0,2,16,1.0,107,1,1584,26,241,79,20143
2025-07-11,argo,com.vrem.wifianalyzer.wifi.scanner,ScannerTest,setUp,1,0,0.0,0,0.0,0,1,1,0,8,0,1,0,1.0,1,7,0,1,7.0,1,2.0,0,0,0.0,0,0.9047619047619048,1.0,159,111,0.5714285714285714,14,12,0,0,0,1,6,0,12,0,0,12,0,0,0,0,27,0.819047619047619,27,1.8,15,0,12,0,14,1,0,14,0,1,0,0,0,0,0,15,15,4,1420,1300,18,0,29,83,1.8,107,1,1584,26,241,79,20143
2025-07-11,argo,com.vrem.wifianalyzer.wifi.scanner,ScannerTest,tearDown,1,0,0.0,0,0.0,0,1,1,0,9,0,1,0,1.0,0,7,1,1,7.0,0,0.0,0,1,0.0,0,0.9047619047619048,1.0,159,111,0.5714285714285714,14,12,0,0,0,1,6,0,12,0,0,12,0,0,0,0,27,0.819047619047619,27,1.8,15,0,12,0,14,1,0,14,0,1,0,0,0,0,0,15,15,4,1420,1300,18,0,29,83,1.8,107,1,1584,26,241,79,20143
2025-07-11,argo,com.vrem.wifianalyzer.wifi.scanner,ScannerTest,stop,2,0,2.0,3,1.0,0,1,1,0,9,1,2,0,1.0,2,5,3,9,5.0,2,2.2857142857142856,0,3,0.0,0,0.9047619047619048,1.0,159,111,0.5714285714285714,14,12,0,0,0,1,6,0,12,0,0,12,0,0,0,0,27,0.819047619047619,27,1.8,15,0,12,0,14,1,0,14,0,1,0,0,0,0,0,15,15,4,1420,1300,18,0,29,83,1.8,107,1,1584,26,241,79,20143
2025-07-11,argo,com.vrem.wifianalyzer.wifi.scanner,ScannerTest,stopWithDisableWiFiOnExit,2,0,3.0,3,1.0,0,1,1,0,9,1,2,0,1.0,2,5,3,9,5.0,2,2.2857142857142856,0,3,0.0,0,0.9047619047619048,1.0,159,111,0.5714285714285714,14,12,0,0,0,1,6,0,12,0,0,12,0,0,0,0,27,0.819047619047619,27,1.8,15,0,12,0,14,1,0,14,0,1,0,0,0,0,0,15,15,4,1420,1300,18,0,29,83,1.8,107,1,1584,26,241,79,20143
2025-07-11,argo,com.vrem.wifianalyzer.wifi.scanner,ScannerTest,pause,1,0,3.0,0,0.0,0,1,1,0,5,0,1,0,1.0,3,3,1,3,3.0,1,2.0,0,1,0.0,0,0.9047619047619048,1.0,159,111,0.5714285714285714,14,12,0,0,0,1,6,0,12,0,0,12,0,0,0,0,27,0.819047619047619,27,1.8,15,0,12,0,14,1,0,14,0,1,0,0,0,0,0,15,15,4,1420,1300,18,0,29,83,1.8,107,1,1584,26,241,79,20143
2025-07-11,argo,com.vrem.wifianalyzer.wifi.scanner,ScannerTest,resume,1,0,0.0,1,1.0,0,1,1,0,4,0,1,0,1.0,1,2,1,2,2.0,1,2.0,0,1,0.0,0,0.9047619047619048,1.0,159,111,0.5714285714285714,14,12,0,0,0,1,6,0,12,0,0,12,0,0,0,0,27,0.819047619047619,27,1.8,15,0,12,0,14,1,0,14,0,1,0,0,0,0,0,15,15,4,1420,1300,18,0,29,83,1.8,107,1,1584,26,241,79,20143
2025-07-11,argo,com.vrem.wifianalyzer.wifi.scanner,ScannerTest,running,2,1,0.0,2,1.0,0,1,1,0,6,1,2,0,1.0,1,2,3,5,2.0,1,2.25,0,3,0.0,0,0.9047619047619048,1.0,159,111,0.5714285714285714,14,12,0,0,0,1,6,0,12,0,0,12,0,0,0,0,27,0.819047619047619,27,1.8,15,0,12,0,14,1,0,14,0,1,0,0,0,0,0,15,15,4,1420,1300,18,0,29,83,1.8,107,1,1584,26,241,79,20143
2025-07-11,argo,com.vrem.wifianalyzer.wifi.scanner,ScannerTest,register,1,0,0.0,1,1.0,0,1,1,0,5,0,1,0,1.0,1,2,1,3,2.0,2,2.6666666666666665,0,1,0.0,0,0.9047619047619048,1.0,159,111,0.5714285714285714,14,12,0,0,0,1,6,0,12,0,0,12,0,0,0,0,27,0.819047619047619,27,1.8,15,0,12,0,14,1,0,14,0,1,0,0,0,0,0,15,15,4,1420,1300,18,0,29,83,1.8,107,1,1584,26,241,79,20143
2025-07-11,argo,com.vrem.wifianalyzer.wifi.scanner,ScannerTest,unregister,1,0,1.0,1,1.0,0,1,1,0,5,0,1,0,1.0,1,2,1,3,2.0,2,2.6666666666666665,0,1,0.0,0,0.9047619047619048,1.0,159,111,0.5714285714285714,14,12,0,0,0,1,6,0,12,0,0,12,0,0,0,0,27,0.819047619047619,27,1.8,15,0,12,0,14,1,0,14,0,1,0,0,0,0,0,15,15,4,1420,1300,18,0,29,83,1.8,107,1,1584,26,241,79,20143
2025-07-11,argo,com.vrem.wifianalyzer.wifi.scanner,ScannerTest,update,3,0,2.0,6,0.875,0,1,1,0,13,2,3,1,1.0,3,7,4,13,7.0,2,2.3,0,4,0.0,0,0.9047619047619048,1.0,159,111,0.5714285714285714,14,12,0,0,0,1,6,0,12,0,0,12,0,0,0,0,27,0.819047619047619,27,1.8,15,0,12,0,14,1,0,14,0,1,0,0,0,0,0,15,15,4,1420,1300,18,0,29,83,1.8,107,1,1584,26,241,79,20143
2025-07-11,argo,com.vrem.wifianalyzer.wifi.scanner,ScannerTest,updateShouldScanResultsOnce,4,1,3.0,5,0.8571,0,1,1,0,15,3,4,1,1.0,3,7,3,12,7.0,2,2.2222222222222223,0,3,0.0,0,0.9047619047619048,1.0,159,111,0.5714285714285714,14,12,0,0,0,1,6,0,12,0,0,12,0,0,0,0,27,0.819047619047619,27,1.8,15,0,12,0,14,1,0,14,0,1,0,0,0,0,0,15,15,4,1420,1300,18,0,29,83,1.8,107,1,1584,26,241,79,20143
2025-07-11,argo,com.vrem.wifianalyzer.wifi.scanner,ScannerTest,updateWithRequirementPermissionDisabled,3,0,3.0,5,1.0,0,1,1,0,12,2,3,1,1.0,3,7,3,11,7.0,2,2.2222222222222223,0,3,0.0,0,0.9047619047619048,1.0,159,111,0.5714285714285714,14,12,0,0,0,1,6,0,12,0,0,12,0,0,0,0,27,0.819047619047619,27,1.8,15,0,12,0,14,1,0,14,0,1,0,0,0,0,0,15,15,4,1420,1300,18,0,29,83,1.8,107,1,1584,26,241,79,20143
2025-07-11,argo,com.vrem.wifianalyzer.wifi.scanner,ScannerTest,toggleWhenRunning,2,0,1.0,2,1.0,0,1,1,0,7,1,2,0,1.0,1,2,2,5,2.0,1,2.2,0,2,0.0,0,0.9047619047619048,1.0,159,111,0.5714285714285714,14,12,0,0,0,1,6,0,12,0,0,12,0,0,0,0,27,0.819047619047619,27,1.8,15,0,12,0,14,1,0,14,0,1,0,0,0,0,0,15,15,4,1420,1300,18,0,29,83,1.8,107,1,1584,26,241,79,20143
2025-07-11,argo,com.vrem.wifianalyzer.wifi.scanner,ScannerTest,toggleWhenNotRunning,2,0,0.0,3,1.0,0,1,1,0,7,1,2,0,1.0,0,2,2,5,2.0,1,2.2,0,2,0.0,0,0.9047619047619048,1.0,159,111,0.5714285714285714,14,12,0,0,0,1,6,0,12,0,0,12,0,0,0,0,27,0.819047619047619,27,1.8,15,0,12,0,14,1,0,14,0,1,0,0,0,0,0,15,15,4,1420,1300,18,0,29,83,1.8,107,1,1584,26,241,79,20143
2025-07-11,argo,com.vrem.wifianalyzer.wifi.scanner,ScannerTest,verifyUpdateNotifier,1,0,1.0,0,0.0,0,1,1,0,5,0,1,0,0.6666666666666666,1,4,1,1,4.0,1,2.0,1,1,0.0,0,0.9047619047619048,1.0,159,111,0.5714285714285714,14,12,0,0,0,1,6,0,12,0,0,12,0,0,0,0,27,0.819047619047619,27,1.8,15,0,12,0,14,1,0,14,0,1,0,0,0,0,0,15,15,4,1420,1300,18,0,29,83,1.8,107,1,1584,26,241,79,20143
2025-07-11,argo,com.vrem.wifianalyzer.wifi.scanner,ScanResultsReceiverTest,setUp,2,0,0.0,1,1.0,0,1,1,0,3,1,2,0,1.0,0,2,1,3,3.0,0,4.0,0,1,0.0,0,0.9722222222222222,1.0,72,49,0.0,9,5,0,0,0,0,4,0,5,0,0,5,0,0,0,0,15,0.75,15,1.6666666666666667,9,0,5,0,9,0,0,9,0,1,0,0,0,0,0,9,9,4,1420,1300,18,0,12,47,1.6666666666666667,107,1,1584,26,241,79,20143
2025-07-11,argo,com.vrem.wifianalyzer.wifi.scanner,ScanResultsReceiverTest,tearDown,1,0,0.0,0,0.0,0,1,1,0,4,0,1,0,1.0,0,2,1,1,2.0,0,0.0,0,1,0.0,0,0.9722222222222222,1.0,72,49,0.0,9,5,0,0,0,0,4,0,5,0,0,5,0,0,0,0,15,0.75,15,1.6666666666666667,9,0,5,0,9,0,0,9,0,1,0,0,0,0,0,9,9,4,1420,1300,18,0,12,47,1.6666666666666667,107,1,1584,26,241,79,20143
2025-07-11,argo,com.vrem.wifianalyzer.wifi.scanner,ScanResultsReceiverTest,registerOnce,1,0,0.0,2,1.0,0,1,1,0,4,0,1,0,1.0,0,3,1,2,4.0,1,2.0,0,1,0.0,0,0.9722222222222222,1.0,72,49,0.0,9,5,0,0,0,0,4,0,5,0,0,5,0,0,0,0,15,0.75,15,1.6666666666666667,9,0,5,0,9,0,0,9,0,1,0,0,0,0,0,9,9,4,1420,1300,18,0,12,47,1.6666666666666667,107,1,1584,26,241,79,20143
2025-07-11,argo,com.vrem.wifianalyzer.wifi.scanner,ScanResultsReceiverTest,registerMoreThanOnce,1,0,0.0,2,1.0,0,1,1,0,5,0,1,0,1.0,0,3,1,2,4.0,1,2.0,0,1,0.0,0,0.9722222222222222,1.0,72,49,0.0,9,5,0,0,0,0,4,0,5,0,0,5,0,0,0,0,15,0.75,15,1.6666666666666667,9,0,5,0,9,0,0,9,0,1,0,0,0,0,0,9,9,4,1420,1300,18,0,12,47,1.6666666666666667,107,1,1584,26,241,79,20143
2025-07-11,argo,com.vrem.wifianalyzer.wifi.scanner,ScanResultsReceiverTest,unregisterOnce,1,0,0.0,4,0.5,0,1,1,0,6,0,1,0,1.0,0,3,1,4,4.0,1,2.0,0,1,0.0,0,0.9722222222222222,1.0,72,49,0.0,9,5,0,0,0,0,4,0,5,0,0,5,0,0,0,0,15,0.75,15,1.6666666666666667,9,0,5,0,9,0,0,9,0,1,0,0,0,0,0,9,9,4,1420,1300,18,0,12,47,1.6666666666666667,107,1,1584,26,241,79,20143
2025-07-11,argo,com.vrem.wifianalyzer.wifi.scanner,ScanResultsReceiverTest,unregisterMoreThanOnce,1,0,0.0,4,0.5,0,1,1,0,7,0,1,0,1.0,0,3,1,4,4.0,1,2.0,0,1,0.0,0,0.9722222222222222,1.0,72,49,0.0,9,5,0,0,0,0,4,0,5,0,0,5,0,0,0,0,15,0.75,15,1.6666666666666667,9,0,5,0,9,0,0,9,0,1,0,0,0,0,0,9,9,4,1420,1300,18,0,12,47,1.6666666666666667,107,1,1584,26,241,79,20143
2025-07-11,argo,com.vrem.wifianalyzer.wifi.scanner,ScanResultsReceiverTest,onReceiveWithScanResultsAction,3,0,0.0,5,0.6667,0,1,1,0,8,2,3,0,1.0,0,4,2,11,4.0,1,2.5714285714285716,0,2,0.0,0,0.9722222222222222,1.0,72,49,0.0,9,5,0,0,0,0,4,0,5,0,0,5,0,0,0,0,15,0.75,15,1.6666666666666667,9,0,5,0,9,0,0,9,0,1,0,0,0,0,0,9,9,4,1420,1300,18,0,12,47,1.6666666666666667,107,1,1584,26,241,79,20143
2025-07-11,argo,com.vrem.wifianalyzer.wifi.scanner,ScanResultsReceiverTest,onReceiveWithSomeOtherAction,2,0,0.0,5,1.0,0,1,1,0,7,1,2,0,1.0,0,4,2,9,4.0,1,2.5,0,2,0.0,0,0.9722222222222222,1.0,72,49,0.0,9,5,0,0,0,0,4,0,5,0,0,5,0,0,0,0,15,0.75,15,1.6666666666666667,9,0,5,0,9,0,0,9,0,1,0,0,0,0,0,9,9,4,1420,1300,18,0,12,47,1.6666666666666667,107,1,1584,26,241,79,20143
2025-07-11,argo,com.vrem.wifianalyzer.wifi.scanner,ScanResultsReceiverTest,onReceiveWithBooleanExtraFalse,3,0,0.0,5,0.6667,0,1,1,0,8,2,3,0,1.0,0,4,2,11,4.0,1,2.5714285714285716,0,2,0.0,0,0.9722222222222222,1.0,72,49,0.0,9,5,0,0,0,0,4,0,5,0,0,5,0,0,0,0,15,0.75,15,1.6666666666666667,9,0,5,0,9,0,0,9,0,1,0,0,0,0,0,9,9,4,1420,1300,18,0,12,47,1.6666666666666667,107,1,1584,26,241,79,20143
2025-07-11,argo,com.vrem.wifianalyzer.wifi.scanner,TransformerTest,tearDown,1,0,0.0,0,0.0,0,0,1,0,4,0,1,0,1.0,0,2,1,1,2.0,0,0.0,0,1,0.0,0,0.3939393939393939,0.9166666666666666,178,113,0.4166666666666667,12,11,0,0,0,14,8,0,25,0,0,25,14,14,0,0,13,0.8181818181818181,13,1.0833333333333333,12,0,11,0,6,6,0,6,0,1,0,0,0,0,0,12,12,4,1420,1300,18,0,29,117,2.75,107,1,1584,26,241,79,20143
2025-07-11,argo,com.vrem.wifianalyzer.wifi.scanner,TransformerTest,transformWifiInfo,2,2,1.0,3,1.0,0,0,1,0,8,0,2,1,1.0,2,3,4,6,1.5,1,2.25,0,4,0.0,0,0.3939393939393939,0.9166666666666666,178,113,0.4166666666666667,12,11,0,0,0,14,8,0,25,0,0,25,14,14,0,0,13,0.8181818181818181,13,1.0833333333333333,12,0,11,0,6,6,0,6,0,1,0,0,0,0,0,12,12,4,1420,1300,18,0,29,117,2.75,107,1,1584,26,241,79,20143
2025-07-11,argo,com.vrem.wifianalyzer.wifi.scanner,TransformerTest,transformWithNulls,2,1,1.0,3,1.0,0,0,1,0,6,0,2,0,1.0,1,3,3,6,3.0,1,2.5,0,3,0.0,0,0.3939393939393939,0.9166666666666666,178,113,0.4166666666666667,12,11,0,0,0,14,8,0,25,0,0,25,14,14,0,0,13,0.8181818181818181,13,1.0833333333333333,12,0,11,0,6,6,0,6,0,1,0,0,0,0,0,12,12,4,1420,1300,18,0,29,117,2.75,107,1,1584,26,241,79,20143
2025-07-11,argo,com.vrem.wifianalyzer.wifi.scanner,TransformerTest,transformWifiInfoNotConnected,3,1,1.0,4,1.0,0,0,1,0,8,0,3,0,1.0,1,3,3,9,3.0,1,2.5,0,3,0.0,0,0.3939393939393939,0.9166666666666666,178,113,0.4166666666666667,12,11,0,0,0,14,8,0,25,0,0,25,14,14,0,0,13,0.8181818181818181,13,1.0833333333333333,12,0,11,0,6,6,0,6,0,1,0,0,0,0,0,12,12,4,1420,1300,18,0,29,117,2.75,107,1,1584,26,241,79,20143
2025-07-11,argo,com.vrem.wifianalyzer.wifi.scanner,TransformerTest,transformScanResults,2,2,1.0,9,1.0,0,0,1,0,11,0,2,4,1.0,1,3,4,18,1.5,2,2.1875,0,4,0.0,0,0.3939393939393939,0.9166666666666666,178,113,0.4166666666666667,12,11,0,0,0,14,8,0,25,0,0,25,14,14,0,0,13,0.8181818181818181,13,1.0833333333333333,12,0,11,0,6,6,0,6,0,1,0,0,0,0,0,12,12,4,1420,1300,18,0,29,117,2.75,107,1,1584,26,241,79,20143
2025-07-11,argo,com.vrem.wifianalyzer.wifi.scanner,TransformerTest,wiFiData,3,2,1.0,6,0.7143,0,0,1,0,11,0,3,1,1.0,1,4,4,13,2.0,2,2.7142857142857144,0,4,0.0,0,0.3939393939393939,0.9166666666666666,178,113,0.4166666666666667,12,11,0,0,0,14,8,0,25,0,0,25,14,14,0,0,13,0.8181818181818181,13,1.0833333333333333,12,0,11,0,6,6,0,6,0,1,0,0,0,0,0,12,12,4,1420,1300,18,0,29,117,2.75,107,1,1584,26,241,79,20143
2025-07-11,argo,com.vrem.wifianalyzer.wifi.scanner,TransformerTest,withScanResult,7,1,0.0,5,0.8,0,0,1,0,29,1,7,0,0.0,0,0,7,12,0.0,1,2.1785714285714284,6,2,0.0,0,0.3939393939393939,0.9166666666666666,178,113,0.4166666666666667,12,11,0,0,0,14,8,0,25,0,0,25,14,14,0,0,13,0.8181818181818181,13,1.0833333333333333,12,0,11,0,6,6,0,6,0,1,0,0,0,0,0,12,12,4,1420,1300,18,0,29,117,2.75,107,1,1584,26,241,79,20143
2025-07-11,argo,com.vrem.wifianalyzer.wifi.scanner,TransformerTest,withInformationElement,4,0,0.0,3,1.0,0,0,1,0,5,0,4,0,0.0,0,0,0,9,0.0,0,3.25,2,0,0.0,0,0.3939393939393939,0.9166666666666666,178,113,0.4166666666666667,12,11,0,0,0,14,8,0,25,0,0,25,14,14,0,0,13,0.8181818181818181,13,1.0833333333333333,12,0,11,0,6,6,0,6,0,1,0,0,0,0,0,12,12,4,1420,1300,18,0,29,117,2.75,107,1,1584,26,241,79,20143
2025-07-11,argo,com.vrem.wifianalyzer.wifi.scanner,TransformerTest,withWiFiInfo,6,1,0.0,1,1.0,0,0,1,0,9,0,6,0,1.0,0,0,1,11,1.0,2,3.0,0,1,0.0,0,0.3939393939393939,0.9166666666666666,178,113,0.4166666666666667,12,11,0,0,0,14,8,0,25,0,0,25,14,14,0,0,13,0.8181818181818181,13,1.0833333333333333,12,0,11,0,6,6,0,6,0,1,0,0,0,0,0,12,12,4,1420,1300,18,0,29,117,2.75,107,1,1584,26,241,79,20143
2025-07-11,argo,com.vrem.wifianalyzer.wifi.scanner,TransformerTest,verifyWiFiInfo,1,0,0.0,5,0.2,0,0,1,0,7,0,1,0,1.0,0,1,1,5,1.0,1,2.0,0,1,0.0,0,0.3939393939393939,0.9166666666666666,178,113,0.4166666666666667,12,11,0,0,0,14,8,0,25,0,0,25,14,14,0,0,13,0.8181818181818181,13,1.0833333333333333,12,0,11,0,6,6,0,6,0,1,0,0,0,0,0,12,12,4,1420,1300,18,0,29,117,2.75,107,1,1584,26,241,79,20143
2025-07-11,argo,com.vrem.wifianalyzer.wifi.scanner,TransformerTest,validateWiFiDetail,1,0,0.0,9,0.3333,0,0,1,0,14,0,1,0,0.0,0,0,1,23,0.0,0,3.090909090909091,7,1,0.0,0,0.3939393939393939,0.9166666666666666,178,113,0.4166666666666667,12,11,0,0,0,14,8,0,25,0,0,25,14,14,0,0,13,0.8181818181818181,13,1.0833333333333333,12,0,11,0,6,6,0,6,0,1,0,0,0,0,0,12,12,4,1420,1300,18,0,29,117,2.75,107,1,1584,26,241,79,20143
2025-07-11,argo,com.vrem.wifianalyzer.wifi.scanner,TransformerTest,withCacheResults,1,0,0.0,1,1.0,0,0,1,0,1,0,1,0,1.0,0,4,0,4,4.0,0,2.0,0,0,0.0,0,0.3939393939393939,0.9166666666666666,178,113,0.4166666666666667,12,11,0,0,0,14,8,0,25,0,0,25,14,14,0,0,13,0.8181818181818181,13,1.0833333333333333,12,0,11,0,6,6,0,6,0,1,0,0,0,0,0,12,12,4,1420,1300,18,0,29,117,2.75,107,1,1584,26,241,79,20143
2025-07-11,argo,com.vrem.wifianalyzer.wifi.timegraph,DataManagerTest,addSeriesDataIncreaseXValue,1,0,0.0,2,1.0,0,0,1,0,5,0,1,0,1.0,0,2,1,3,2.0,1,2.6666666666666665,0,1,0.0,0,0.45714285714285713,0.6666666666666666,115,87,0.6,15,6,0,0,0,4,5,0,9,0,0,9,0,0,0,0,20,0.6952380952380952,20,1.3333333333333333,15,0,6,0,10,5,0,10,5,1,0,0,0,0,0,15,15,4,1420,1300,12,0,19,72,1.3333333333333333,56,0,935,26,241,46,20143
2025-07-11,argo,com.vrem.wifianalyzer.wifi.timegraph,DataManagerTest,addSeriesDataIncreaseCounts,1,0,0.0,2,1.0,0,0,1,0,5,0,1,0,1.0,0,2,1,3,2.0,1,2.6666666666666665,0,1,0.0,0,0.45714285714285713,0.6666666666666666,115,87,0.6,15,6,0,0,0,4,5,0,9,0,0,9,0,0,0,0,20,0.6952380952380952,20,1.3333333333333333,15,0,6,0,10,5,0,10,5,1,0,0,0,0,0,15,15,4,1420,1300,12,0,19,72,1.3333333333333333,56,0,935,26,241,46,20143
2025-07-11,argo,com.vrem.wifianalyzer.wifi.timegraph,DataManagerTest,addSeriesDoesNotIncreasesScanCountWhenLimitIsReached,1,0,0.0,2,1.0,0,0,1,0,5,0,1,0,1.0,0,2,2,3,2.0,1,2.3333333333333335,0,1,0.0,0,0.45714285714285713,0.6666666666666666,115,87,0.6,15,6,0,0,0,4,5,0,9,0,0,9,0,0,0,0,20,0.6952380952380952,20,1.3333333333333333,15,0,6,0,10,5,0,10,5,1,0,0,0,0,0,15,15,4,1420,1300,12,0,19,72,1.3333333333333333,56,0,935,26,241,46,20143
2025-07-11,argo,com.vrem.wifianalyzer.wifi.timegraph,DataManagerTest,addSeriesSetHorizontalLabelsVisible,1,0,0.0,3,1.0,0,0,1,0,6,0,1,0,1.0,0,2,2,4,2.0,1,2.25,0,2,0.0,0,0.45714285714285713,0.6666666666666666,115,87,0.6,15,6,0,0,0,4,5,0,9,0,0,9,0,0,0,0,20,0.6952380952380952,20,1.3333333333333333,15,0,6,0,10,5,0,10,5,1,0,0,0,0,0,15,15,4,1420,1300,12,0,19,72,1.3333333333333333,56,0,935,26,241,46,20143
2025-07-11,argo,com.vrem.wifianalyzer.wifi.timegraph,DataManagerTest,addSeriesDoesNotSetHorizontalLabelsVisible,1,0,0.0,2,1.0,0,0,1,0,4,0,1,0,1.0,0,2,1,2,2.0,1,2.0,0,1,0.0,0,0.45714285714285713,0.6666666666666666,115,87,0.6,15,6,0,0,0,4,5,0,9,0,0,9,0,0,0,0,20,0.6952380952380952,20,1.3333333333333333,15,0,6,0,10,5,0,10,5,1,0,0,0,0,0,15,15,4,1420,1300,12,0,19,72,1.3333333333333333,56,0,935,26,241,46,20143
2025-07-11,argo,com.vrem.wifianalyzer.wifi.timegraph,DataManagerTest,adjustDataAppendsData,2,5,1.0,5,0.8,0,0,1,0,14,1,2,2,1.0,1,3,3,12,0.75,2,2.3333333333333335,0,3,0.0,0,0.45714285714285713,0.6666666666666666,115,87,0.6,15,6,0,0,0,4,5,0,9,0,0,9,0,0,0,0,20,0.6952380952380952,20,1.3333333333333333,15,0,6,0,10,5,0,10,5,1,0,0,0,0,0,15,15,4,1420,1300,12,0,19,72,1.3333333333333333,56,0,935,26,241,46,20143
2025-07-11,argo,com.vrem.wifianalyzer.wifi.timegraph,DataManagerTest,newSeries,2,3,2.0,3,1.0,0,0,1,0,9,1,2,3,1.0,3,2,3,7,2.0,2,2.142857142857143,0,3,0.0,0,0.45714285714285713,0.6666666666666666,115,87,0.6,15,6,0,0,0,4,5,0,9,0,0,9,0,0,0,0,20,0.6952380952380952,20,1.3333333333333333,15,0,6,0,10,5,0,10,5,1,0,0,0,0,0,15,15,4,1420,1300,12,0,19,72,1.3333333333333333,56,0,935,26,241,46,20143
2025-07-11,argo,com.vrem.wifianalyzer.wifi.timegraph,DataManagerTest,addDataToExistingSeries,2,4,2.0,3,1.0,0,0,1,0,11,1,2,1,1.0,2,4,2,11,1.0,2,2.375,0,2,0.0,0,0.45714285714285713,0.6666666666666666,115,87,0.6,15,6,0,0,0,4,5,0,9,0,0,9,0,0,0,0,20,0.6952380952380952,20,1.3333333333333333,15,0,6,0,10,5,0,10,5,1,0,0,0,0,0,15,15,4,1420,1300,12,0,19,72,1.3333333333333333,56,0,935,26,241,46,20143
2025-07-11,argo,com.vrem.wifianalyzer.wifi.timegraph,DataManagerTest,addDataToExistingSeriesExpectLevelToEqualToLevelMax,2,5,2.0,2,1.0,0,0,1,0,10,1,2,1,1.0,2,3,2,9,0.6,2,2.5,0,2,0.0,0,0.45714285714285713,0.6666666666666666,115,87,0.6,15,6,0,0,0,4,5,0,9,0,0,9,0,0,0,0,20,0.6952380952380952,20,1.3333333333333333,15,0,6,0,10,5,0,10,5,1,0,0,0,0,0,15,15,4,1420,1300,12,0,19,72,1.3333333333333333,56,0,935,26,241,46,20143
2025-07-11,argo,com.vrem.wifianalyzer.wifi.timegraph,DataManagerTest,addDataNewSeries,2,1,2.0,3,1.0,0,0,1,0,8,1,2,2,1.0,2,3,2,10,3.0,2,2.5,0,2,0.0,0,0.45714285714285713,0.6666666666666666,115,87,0.6,15,6,0,0,0,4,5,0,9,0,0,9,0,0,0,0,20,0.6952380952380952,20,1.3333333333333333,15,0,6,0,10,5,0,10,5,1,0,0,0,0,0,15,15,4,1420,1300,12,0,19,72,1.3333333333333333,56,0,935,26,241,46,20143
2025-07-11,argo,com.vrem.wifianalyzer.wifi.timegraph,DataManagerTest,makeWiFiDetailConnected,1,3,1.0,1,1.0,0,0,1,0,6,0,1,1,0.5,1,1,0,4,0.25,1,2.0,1,0,0.0,0,0.45714285714285713,0.6666666666666666,115,87,0.6,15,6,0,0,0,4,5,0,9,0,0,9,0,0,0,0,20,0.6952380952380952,20,1.3333333333333333,15,0,6,0,10,5,0,10,5,1,0,0,0,0,0,15,15,4,1420,1300,12,0,19,72,1.3333333333333333,56,0,935,26,241,46,20143
2025-07-11,argo,com.vrem.wifianalyzer.wifi.timegraph,DataManagerTest,makeWiFiSignal,1,0,0.0,1,1.0,0,0,1,0,1,0,1,0,1.0,0,1,0,1,1.0,0,2.0,0,0,0.0,0,0.45714285714285713,0.6666666666666666,115,87,0.6,15,6,0,0,0,4,5,0,9,0,0,9,0,0,0,0,20,0.6952380952380952,20,1.3333333333333333,15,0,6,0,10,5,0,10,5,1,0,0,0,0,0,15,15,4,1420,1300,12,0,19,72,1.3333333333333333,56,0,935,26,241,46,20143
2025-07-11,argo,com.vrem.wifianalyzer.wifi.timegraph,DataManagerTest,makeWiFiDetail,1,0,1.0,1,1.0,0,0,1,0,1,0,1,1,0.5,1,1,0,1,1.0,1,2.0,1,0,0.0,0,0.45714285714285713,0.6666666666666666,115,87,0.6,15,6,0,0,0,4,5,0,9,0,0,9,0,0,0,0,20,0.6952380952380952,20,1.3333333333333333,15,0,6,0,10,5,0,10,5,1,0,0,0,0,0,15,15,4,1420,1300,12,0,19,72,1.3333333333333333,56,0,935,26,241,46,20143
2025-07-11,argo,com.vrem.wifianalyzer.wifi.timegraph,DataManagerTest,makeWiFiDetails,1,0,2.0,0,0.0,0,0,1,0,1,0,1,2,0.0,2,0,0,1,0.0,0,0.0,0,0,0.0,0,0.45714285714285713,0.6666666666666666,115,87,0.6,15,6,0,0,0,4,5,0,9,0,0,9,0,0,0,0,20,0.6952380952380952,20,1.3333333333333333,15,0,6,0,10,5,0,10,5,1,0,0,0,0,0,15,15,4,1420,1300,12,0,19,72,1.3333333333333333,56,0,935,26,241,46,20143
2025-07-11,argo,com.vrem.wifianalyzer.wifi.timegraph,DataManagerTest,makeMoreWiFiDetails,1,0,1.0,0,0.0,0,0,1,0,1,0,1,1,0.0,1,0,0,1,0.0,0,0.0,0,0,0.0,0,0.45714285714285713,0.6666666666666666,115,87,0.6,15,6,0,0,0,4,5,0,9,0,0,9,0,0,0,0,20,0.6952380952380952,20,1.3333333333333333,15,0,6,0,10,5,0,10,5,1,0,0,0,0,0,15,15,4,1420,1300,12,0,19,72,1.3333333333333333,56,0,935,26,241,46,20143
2025-07-11,argo,com.vrem.wifianalyzer.wifi.timegraph,TimeAxisLabelTest,yAxis,1,0,0.0,1,1.0,0,0,1,0,6,0,1,0,1.0,0,1,1,6,1.0,0,2.4,0,1,0.0,0,1.0,1.0,19,14,0.0,2,1,0,0,0,0,1,0,1,0,0,1,0,0,0,0,2,1.0,2,1.0,2,0,1,0,2,0,0,2,0,1,0,0,0,0,0,2,2,4,1420,1300,12,0,2,15,1.0,56,0,935,26,241,46,20143
2025-07-11,argo,com.vrem.wifianalyzer.wifi.timegraph,TimeAxisLabelTest,xAxis,1,0,0.0,1,1.0,0,0,1,0,8,0,1,0,1.0,0,1,1,9,1.0,0,2.8333333333333335,0,1,0.0,0,1.0,1.0,19,14,0.0,2,1,0,0,0,0,1,0,1,0,0,1,0,0,0,0,2,1.0,2,1.0,2,0,1,0,2,0,0,2,0,1,0,0,0,0,0,2,2,4,1420,1300,12,0,2,15,1.0,56,0,935,26,241,46,20143
2025-07-11,argo,com.vrem.wifianalyzer.wifi.timegraph,TimeGraphAdapterTest,graphViewNotifiers,1,2,0.0,1,1.0,0,0,1,0,6,0,1,1,0.0,1,0,2,5,0.0,1,3.0,0,2,0.0,0,0.0,1.0,15,12,0.0,2,0,0,0,0,0,2,0,0,0,0,0,0,0,0,0,2,0.0,2,1.0,2,0,0,0,2,0,0,2,0,1,0,0,0,0,0,2,2,4,1420,1300,12,0,4,10,1.0,56,0,935,26,241,46,20143
2025-07-11,argo,com.vrem.wifianalyzer.wifi.timegraph,TimeGraphAdapterTest,graphViews,1,2,0.0,1,1.0,0,0,1,0,6,0,1,1,0.0,1,0,2,5,0.0,1,3.0,0,2,0.0,0,0.0,1.0,15,12,0.0,2,0,0,0,0,0,2,0,0,0,0,0,0,0,0,0,2,0.0,2,1.0,2,0,0,0,2,0,0,2,0,1,0,0,0,0,0,2,2,4,1420,1300,12,0,4,10,1.0,56,0,935,26,241,46,20143
2025-07-11,argo,com.vrem.wifianalyzer.wifi.timegraph,TimeGraphCacheTest,all,1,2,1.0,1,1.0,0,0,1,0,5,0,1,2,1.0,1,1,1,3,0.5,0,2.5,0,1,0.0,0,0.6666666666666666,1.0,49,40,0.8333333333333334,6,1,0,0,0,3,3,0,1,0,0,1,0,0,0,0,8,0.6,8,1.3333333333333333,6,0,1,0,4,2,0,4,0,1,0,0,0,0,0,6,6,4,1420,1300,12,0,5,27,1.3333333333333333,56,0,935,26,241,46,20143
2025-07-11,argo,com.vrem.wifianalyzer.wifi.timegraph,TimeGraphCacheTest,active,1,2,1.0,2,0.5,0,0,1,0,6,0,1,2,1.0,2,1,1,5,0.5,1,2.3333333333333335,0,1,0.0,0,0.6666666666666666,1.0,49,40,0.8333333333333334,6,1,0,0,0,3,3,0,1,0,0,1,0,0,0,0,8,0.6,8,1.3333333333333333,6,0,1,0,4,2,0,4,0,1,0,0,0,0,0,6,6,4,1420,1300,12,0,5,27,1.3333333333333333,56,0,935,26,241,46,20143
2025-07-11,argo,com.vrem.wifianalyzer.wifi.timegraph,TimeGraphCacheTest,clear,1,2,1.0,2,0.5,0,0,1,0,7,0,1,2,1.0,2,1,1,5,0.5,1,2.25,0,1,0.0,0,0.6666666666666666,1.0,49,40,0.8333333333333334,6,1,0,0,0,3,3,0,1,0,0,1,0,0,0,0,8,0.6,8,1.3333333333333333,6,0,1,0,4,2,0,4,0,1,0,0,0,0,0,6,6,4,1420,1300,12,0,5,27,1.3333333333333333,56,0,935,26,241,46,20143
2025-07-11,argo,com.vrem.wifianalyzer.wifi.timegraph,TimeGraphCacheTest,reset,1,2,1.0,2,0.5,0,0,1,0,7,0,1,2,1.0,2,1,1,5,0.5,1,2.25,0,1,0.0,0,0.6666666666666666,1.0,49,40,0.8333333333333334,6,1,0,0,0,3,3,0,1,0,0,1,0,0,0,0,8,0.6,8,1.3333333333333333,6,0,1,0,4,2,0,4,0,1,0,0,0,0,0,6,6,4,1420,1300,12,0,5,27,1.3333333333333333,56,0,935,26,241,46,20143
2025-07-11,argo,com.vrem.wifianalyzer.wifi.timegraph,TimeGraphCacheTest,withWiFiDetail,1,0,0.0,1,1.0,0,0,1,0,3,0,1,0,0.0,0,0,0,2,0.0,0,2.0,1,0,0.0,0,0.6666666666666666,1.0,49,40,0.8333333333333334,6,1,0,0,0,3,3,0,1,0,0,1,0,0,0,0,8,0.6,8,1.3333333333333333,6,0,1,0,4,2,0,4,0,1,0,0,0,0,0,6,6,4,1420,1300,12,0,5,27,1.3333333333333333,56,0,935,26,241,46,20143
2025-07-11,argo,com.vrem.wifianalyzer.wifi.timegraph,TimeGraphCacheTest,withWiFiDetails,3,2,1.0,2,0.6667,0,0,1,0,12,1,3,1,1.0,1,1,1,7,1.0,1,2.2,0,1,0.0,0,0.6666666666666666,1.0,49,40,0.8333333333333334,6,1,0,0,0,3,3,0,1,0,0,1,0,0,0,0,8,0.6,8,1.3333333333333333,6,0,1,0,4,2,0,4,0,1,0,0,0,0,0,6,6,4,1420,1300,12,0,5,27,1.3333333333333333,56,0,935,26,241,46,20143
2025-07-11,argo,com.vrem.wifianalyzer.wifi.timegraph,TimeGraphFragmentTest,tearDown,1,0,0.0,1,1.0,0,0,1,0,3,0,1,0,0.0,0,0,1,2,0.0,0,3.0,0,1,0.0,0,0.6666666666666666,0.8333333333333334,44,31,0.0,6,3,0,0,0,0,5,0,3,0,0,3,0,0,0,0,6,0.33333333333333337,6,1.0,6,0,3,0,6,0,0,6,1,1,0,0,0,0,0,6,6,4,1420,1300,12,0,12,37,1.0,56,0,935,26,241,46,20143
2025-07-11,argo,com.vrem.wifianalyzer.wifi.timegraph,TimeGraphFragmentTest,onCreateView,1,0,0.0,4,0.75,0,0,1,0,6,0,1,0,1.0,0,2,3,6,2.0,1,2.5,0,3,0.0,0,0.6666666666666666,0.8333333333333334,44,31,0.0,6,3,0,0,0,0,5,0,3,0,0,3,0,0,0,0,6,0.33333333333333337,6,1.0,6,0,3,0,6,0,0,6,1,1,0,0,0,0,0,6,6,4,1420,1300,12,0,12,37,1.0,56,0,935,26,241,46,20143
2025-07-11,argo,com.vrem.wifianalyzer.wifi.timegraph,TimeGraphFragmentTest,refreshEnabled,1,1,0.0,3,1.0,0,0,1,0,5,0,1,0,1.0,0,1,2,8,1.0,0,3.6666666666666665,0,2,0.0,0,0.6666666666666666,0.8333333333333334,44,31,0.0,6,3,0,0,0,0,5,0,3,0,0,3,0,0,0,0,6,0.33333333333333337,6,1.0,6,0,3,0,6,0,0,6,1,1,0,0,0,0,0,6,6,4,1420,1300,12,0,12,37,1.0,56,0,935,26,241,46,20143
2025-07-11,argo,com.vrem.wifianalyzer.wifi.timegraph,TimeGraphFragmentTest,onResume,1,0,0.0,3,0.6667,0,0,1,0,6,0,1,0,1.0,1,2,2,6,2.0,1,2.5,0,2,0.0,0,0.6666666666666666,0.8333333333333334,44,31,0.0,6,3,0,0,0,0,5,0,3,0,0,3,0,0,0,0,6,0.33333333333333337,6,1.0,6,0,3,0,6,0,0,6,1,1,0,0,0,0,0,6,6,4,1420,1300,12,0,12,37,1.0,56,0,935,26,241,46,20143
2025-07-11,argo,com.vrem.wifianalyzer.wifi.timegraph,TimeGraphFragmentTest,onPause,1,0,0.0,2,1.0,0,0,1,0,5,0,1,0,1.0,1,2,2,5,2.0,1,2.6666666666666665,0,2,0.0,0,0.6666666666666666,0.8333333333333334,44,31,0.0,6,3,0,0,0,0,5,0,3,0,0,3,0,0,0,0,6,0.33333333333333337,6,1.0,6,0,3,0,6,0,0,6,1,1,0,0,0,0,0,6,6,4,1420,1300,12,0,12,37,1.0,56,0,935,26,241,46,20143
2025-07-11,argo,com.vrem.wifianalyzer.wifi.timegraph,TimeGraphFragmentTest,refreshDisabled,1,1,0.0,4,0.75,0,0,1,0,6,0,1,0,1.0,0,1,2,10,1.0,0,3.5,0,2,0.0,0,0.6666666666666666,0.8333333333333334,44,31,0.0,6,3,0,0,0,0,5,0,3,0,0,3,0,0,0,0,6,0.33333333333333337,6,1.0,6,0,3,0,6,0,0,6,1,1,0,0,0,0,0,6,6,4,1420,1300,12,0,12,37,1.0,56,0,935,26,241,46,20143
2025-07-11,argo,com.vrem.wifianalyzer.wifi.timegraph,TimeGraphViewTest,tearDown,1,0,0.0,1,1.0,0,0,1,0,5,0,1,0,1.0,0,2,2,3,2.0,0,3.0,0,2,0.0,0,0.3,1.0,60,48,0.0,5,3,0,0,0,0,8,0,3,0,0,3,0,0,0,0,12,0.7,12,2.4,5,0,3,0,5,0,0,5,2,1,0,0,0,0,0,5,5,4,1420,1300,12,0,14,49,2.6,56,0,935,26,241,46,20143
2025-07-11,argo,com.vrem.wifianalyzer.wifi.timegraph,TimeGraphViewTest,update,8,5,0.0,12,0.4706,0,0,1,0,25,6,8,0,1.0,1,3,4,34,1.5,2,2.65,0,4,0.0,0,0.3,1.0,60,48,0.0,5,3,0,0,0,0,8,0,3,0,0,3,0,0,0,0,12,0.7,12,2.4,5,0,3,0,5,0,0,5,2,1,0,0,0,0,0,5,5,4,1420,1300,12,0,14,49,2.6,56,0,935,26,241,46,20143
2025-07-11,argo,com.vrem.wifianalyzer.wifi.timegraph,TimeGraphViewTest,graphView,2,2,0.0,2,1.0,0,0,1,0,8,1,2,0,1.0,1,2,4,7,2.0,1,2.25,0,4,0.0,0,0.3,1.0,60,48,0.0,5,3,0,0,0,0,8,0,3,0,0,3,0,0,0,0,12,0.7,12,2.4,5,0,3,0,5,0,0,5,2,1,0,0,0,0,0,5,5,4,1420,1300,12,0,14,49,2.6,56,0,935,26,241,46,20143
2025-07-11,argo,com.vrem.wifianalyzer.wifi.timegraph,TimeGraphViewTest,makeGraphViewShouldNotBeNull,1,1,0.0,2,1.0,0,0,1,0,5,0,1,0,0.0,0,0,2,3,0.0,1,2.25,0,2,0.0,0,0.3,1.0,60,48,0.0,5,3,0,0,0,0,8,0,3,0,0,3,0,0,0,0,12,0.7,12,2.4,5,0,3,0,5,0,0,5,2,1,0,0,0,0,0,5,5,4,1420,1300,12,0,14,49,2.6,56,0,935,26,241,46,20143
2025-07-11,argo,com.vrem.wifianalyzer.wifi.timegraph,TimeGraphViewTest,makeGraphViewWrapperShouldNotBeNull,1,1,0.0,1,1.0,0,0,1,0,5,0,1,0,0.0,0,0,2,2,0.0,1,2.5,0,2,0.0,0,0.3,1.0,60,48,0.0,5,3,0,0,0,0,8,0,3,0,0,3,0,0,0,0,12,0.7,12,2.4,5,0,3,0,5,0,0,5,2,1,0,0,0,0,0,5,5,4,1420,1300,12,0,14,49,2.6,56,0,935,26,241,46,20143
