Extraction Date,Project,Package,Class,Method,CYCLO_method,NOLV_method,CLNAMM_method,CINT_method,CDISP_method,NOII_type,NOAM_type,NOCS_type,number_constructor_NotDefaultConstructor,LOC_method,MAXNESTING_method,CC_method,NMCS_method,LAA_method,CM_method,NOAV_method,ATFD_method,FANOUT_method,ATLD_method,MaMCL_method,MeMCL_method,NOP_method,FDP_method,CFNAMM_method,Number_Final_Not_Static_Methods,TCC_type,WOC_type,LOC_type,LOCNAMM_type,CFNAMM_type,NOMNAMM_type,NOA_type,NIM_type,DIT_type,NOPA_type,CBO_type,RFC_type,isStatic_type,number_private_visibility_attributes,number_protected_visibility_attributes,number_package_visibility_attributes,num_final_attributes,num_static_attributes,num_final_static_attributes,num_not_final_not_static_attributes,NOC_type,WMC_type,LCOM5_type,WMCNAMM_type,AMW_type,NOM_type,NMO_type,num_final_not_static_attributes,num_static_not_final_attributes,number_public_visibility_methods,number_private_visibility_methods,number_protected_visibility_methods,number_package_visibility_methods,number_standard_design_methods,number_constructor_DefaultConstructor_methods,number_final_methods,number_abstract_methods,number_static_methods,number_final_static_methods,number_not_final_static_methods,number_not_final_not_static_methods,number_not_abstract_not_final_methods,NOI_project,NOM_project,NOMNAMM_project,NOCS_package,isStatic_method,ATFD_type,FANOUT_type,AMWNAMM_type,NOMNAMM_Package,NOI_Package,LOC_package,NOPK_project,NOCS_project,NOM_package,LOC_project
2025-07-11,argo,com.bijoysingh.quicknote,MaterialNotes,onCreate,1,0,0.0,2,1.0,1,0,1,0,6,0,1,0,0.0,1,0,3,2,0.0,1,2.0,0,1,0.0,0,0.0,1.0,8,6,0.0,1,0,1,1,0,0,1,0,0,0,0,0,0,0,0,0,1,0.0,1,1.0,1,1,0,0,1,0,0,1,1,1,0,0,0,0,0,1,1,26,1210,940,2,0,3,2,1.0,2,0,55,74,248,2,21532
2025-07-11,argo,com.maubis.scarlet.base,MainActivity,onCreate,3,0,0.0,3,1.0,1,5,1,0,16,1,3,2,0.5,3,1,7,8,1.0,1,2.1666666666666665,1,6,0.0,0,0.2321187584345479,0.6410256410256411,413,274,0.5882352941176471,36,10,17,1,2,13,40,0,14,0,2,8,6,6,8,0,58,0.8340080971659919,58,1.4871794871794872,39,17,10,0,28,11,0,28,5,1,0,0,0,0,0,44,44,26,1210,940,2,0,65,262,1.8974358974358974,37,0,672,74,248,39,21532
2025-07-11,argo,com.maubis.scarlet.base,MainActivity,onSaveInstanceState,1,0,0.0,5,0.2,1,5,1,0,9,0,1,0,0.46153846153846156,1,2,1,14,2.0,1,2.230769230769231,1,1,0.0,0,0.2321187584345479,0.6410256410256411,413,274,0.5882352941176471,36,10,17,1,2,13,40,0,14,0,2,8,6,6,8,0,58,0.8340080971659919,58,1.4871794871794872,39,17,10,0,28,11,0,28,5,1,0,0,0,0,0,44,44,26,1210,940,2,0,65,262,1.8974358974358974,37,0,672,74,248,39,21532
2025-07-11,argo,com.maubis.scarlet.base,MainActivity,onRestoreInstanceState,2,0,0.0,6,0.5,1,5,1,0,11,1,2,0,0.42857142857142855,1,2,0,20,2.0,1,2.5,1,0,0.0,0,0.2321187584345479,0.6410256410256411,413,274,0.5882352941176471,36,10,17,1,2,13,40,0,14,0,2,8,6,6,8,0,58,0.8340080971659919,58,1.4871794871794872,39,17,10,0,28,11,0,28,5,1,0,0,0,0,0,44,44,26,1210,940,2,0,65,262,1.8974358974358974,37,0,672,74,248,39,21532
2025-07-11,argo,com.maubis.scarlet.base,MainActivity,onConfigurationChanged,1,0,0.0,1,1.0,1,5,1,0,5,0,1,0,0.0,1,0,2,3,0.0,1,2.5,1,2,0.0,0,0.2321187584345479,0.6410256410256411,413,274,0.5882352941176471,36,10,17,1,2,13,40,0,14,0,2,8,6,6,8,0,58,0.8340080971659919,58,1.4871794871794872,39,17,10,0,28,11,0,28,5,1,0,0,0,0,0,44,44,26,1210,940,2,0,65,262,1.8974358974358974,37,0,672,74,248,39,21532
2025-07-11,argo,com.maubis.scarlet.base,MainActivity,setListeners,3,1,0.0,8,1.0,1,5,1,0,36,1,3,7,1.0,4,3,6,24,3.0,1,2.35,0,4,0.0,0,0.2321187584345479,0.6410256410256411,413,274,0.5882352941176471,36,10,17,1,2,13,40,0,14,0,2,8,6,6,8,0,58,0.8340080971659919,58,1.4871794871794872,39,17,10,0,28,11,0,28,5,1,0,0,0,0,0,44,44,26,1210,940,2,0,65,262,1.8974358974358974,37,0,672,74,248,39,21532
2025-07-11,argo,com.maubis.scarlet.base,MainActivity,setupRecyclerView,3,4,0.0,7,0.875,1,5,1,0,15,1,3,0,1.0,1,3,4,21,0.75,7,2.533333333333333,0,2,0.0,0,0.2321187584345479,0.6410256410256411,413,274,0.5882352941176471,36,10,17,1,2,13,40,0,14,0,2,8,6,6,8,0,58,0.8340080971659919,58,1.4871794871794872,39,17,10,0,28,11,0,28,5,1,0,0,0,0,0,44,44,26,1210,940,2,0,65,262,1.8974358974358974,37,0,672,74,248,39,21532
2025-07-11,argo,com.maubis.scarlet.base,MainActivity,getLayoutManager,3,0,0.0,0,0.0,1,5,1,0,6,1,3,0,0.0,0,0,0,2,0.0,0,0.0,2,0,0.0,0,0.2321187584345479,0.6410256410256411,413,274,0.5882352941176471,36,10,17,1,2,13,40,0,14,0,2,8,6,6,8,0,58,0.8340080971659919,58,1.4871794871794872,39,17,10,0,28,11,0,28,5,1,0,0,0,0,0,44,44,26,1210,940,2,0,65,262,1.8974358974358974,37,0,672,74,248,39,21532
2025-07-11,argo,com.maubis.scarlet.base,MainActivity,notifyAdapterExtraChanged,1,0,1.0,0,0.0,1,5,1,0,4,0,1,2,0.0,2,0,2,0,0.0,0,0.0,0,2,0.0,0,0.2321187584345479,0.6410256410256411,413,274,0.5882352941176471,36,10,17,1,2,13,40,0,14,0,2,8,6,6,8,0,58,0.8340080971659919,58,1.4871794871794872,39,17,10,0,28,11,0,28,5,1,0,0,0,0,0,44,44,26,1210,940,2,0,65,262,1.8974358974358974,37,0,672,74,248,39,21532
2025-07-11,argo,com.maubis.scarlet.base,MainActivity,onModeChange,1,0,2.0,1,1.0,1,5,1,0,7,0,1,2,0.3333333333333333,2,1,1,2,1.0,0,2.5,1,1,0.0,0,0.2321187584345479,0.6410256410256411,413,274,0.5882352941176471,36,10,17,1,2,13,40,0,14,0,2,8,6,6,8,0,58,0.8340080971659919,58,1.4871794871794872,39,17,10,0,28,11,0,28,5,1,0,0,0,0,0,44,44,26,1210,940,2,0,65,262,1.8974358974358974,37,0,672,74,248,39,21532
2025-07-11,argo,com.maubis.scarlet.base,MainActivity,notifyModeChange,3,1,0.0,1,1.0,1,5,1,0,4,0,3,0,1.0,0,1,0,2,1.0,0,2.0,0,0,0.0,0,0.2321187584345479,0.6410256410256411,413,274,0.5882352941176471,36,10,17,1,2,13,40,0,14,0,2,8,6,6,8,0,58,0.8340080971659919,58,1.4871794871794872,39,17,10,0,28,11,0,28,5,1,0,0,0,0,0,44,44,26,1210,940,2,0,65,262,1.8974358974358974,37,0,672,74,248,39,21532
2025-07-11,argo,com.maubis.scarlet.base,MainActivity,onFolderChange,1,0,2.0,1,1.0,1,5,1,0,7,0,1,2,0.5,2,1,1,2,1.0,0,2.5,1,1,0.0,0,0.2321187584345479,0.6410256410256411,413,274,0.5882352941176471,36,10,17,1,2,13,40,0,14,0,2,8,6,6,8,0,58,0.8340080971659919,58,1.4871794871794872,39,17,10,0,28,11,0,28,5,1,0,0,0,0,0,44,44,26,1210,940,2,0,65,262,1.8974358974358974,37,0,672,74,248,39,21532
2025-07-11,argo,com.maubis.scarlet.base,MainActivity,notifyFolderChange,3,2,1.0,2,0.5,1,5,1,0,8,1,3,1,1.0,1,1,1,9,0.5,1,2.75,0,1,0.0,0,0.2321187584345479,0.6410256410256411,413,274,0.5882352941176471,36,10,17,1,2,13,40,0,14,0,2,8,6,6,8,0,58,0.8340080971659919,58,1.4871794871794872,39,17,10,0,28,11,0,28,5,1,0,0,0,0,0,44,44,26,1210,940,2,0,65,262,1.8974358974358974,37,0,672,74,248,39,21532
2025-07-11,argo,com.maubis.scarlet.base,MainActivity,handleNewItems,3,0,1.0,4,0.75,1,5,1,0,12,1,3,1,0.7142857142857143,1,2,1,7,2.0,1,2.3333333333333335,1,1,0.0,0,0.2321187584345479,0.6410256410256411,413,274,0.5882352941176471,36,10,17,1,2,13,40,0,14,0,2,8,6,6,8,0,58,0.8340080971659919,58,1.4871794871794872,39,17,10,0,28,11,0,28,5,1,0,0,0,0,0,44,44,26,1210,940,2,0,65,262,1.8974358974358974,37,0,672,74,248,39,21532
2025-07-11,argo,com.maubis.scarlet.base,MainActivity,addInformationItem,4,1,0.0,1,1.0,1,5,1,0,16,1,4,0,0.5,0,1,0,9,0.5,1,2.0,1,0,0.0,0,0.2321187584345479,0.6410256410256411,413,274,0.5882352941176471,36,10,17,1,2,13,40,0,14,0,2,8,6,6,8,0,58,0.8340080971659919,58,1.4871794871794872,39,17,10,0,28,11,0,28,5,1,0,0,0,0,0,44,44,26,1210,940,2,0,65,262,1.8974358974358974,37,0,672,74,248,39,21532
2025-07-11,argo,com.maubis.scarlet.base,MainActivity,unifiedSearchSynchronous,3,6,2.0,8,0.875,1,5,1,0,20,1,3,5,1.0,3,1,1,24,0.2,1,2.4285714285714284,0,1,0.0,0,0.2321187584345479,0.6410256410256411,413,274,0.5882352941176471,36,10,17,1,2,13,40,0,14,0,2,8,6,6,8,0,58,0.8340080971659919,58,1.4871794871794872,39,17,10,0,28,11,0,28,5,1,0,0,0,0,0,44,44,26,1210,940,2,0,65,262,1.8974358974358974,37,0,672,74,248,39,21532
2025-07-11,argo,com.maubis.scarlet.base,MainActivity,notifyDisabledLegacySync,2,1,0.0,3,0.6667,1,5,1,0,8,1,2,0,0.0,0,0,1,13,0.0,2,3.0,0,1,0.0,0,0.2321187584345479,0.6410256410256411,413,274,0.5882352941176471,36,10,17,1,2,13,40,0,14,0,2,8,6,6,8,0,58,0.8340080971659919,58,1.4871794871794872,39,17,10,0,28,11,0,28,5,1,0,0,0,0,0,44,44,26,1210,940,2,0,65,262,1.8974358974358974,37,0,672,74,248,39,21532
2025-07-11,argo,com.maubis.scarlet.base,MainActivity,notifySyncingInformation,7,1,0.0,7,0.75,1,5,1,0,24,1,7,0,0.2857142857142857,0,2,1,22,0.67,4,2.588235294117647,2,1,0.0,0,0.2321187584345479,0.6410256410256411,413,274,0.5882352941176471,36,10,17,1,2,13,40,0,14,0,2,8,6,6,8,0,58,0.8340080971659919,58,1.4871794871794872,39,17,10,0,28,11,0,28,5,1,0,0,0,0,0,44,44,26,1210,940,2,0,65,262,1.8974358974358974,37,0,672,74,248,39,21532
2025-07-11,argo,com.maubis.scarlet.base,MainActivity,unifiedSearch,1,1,2.0,3,1.0,1,5,1,0,6,0,1,3,0.0,2,0,1,5,0.0,1,2.6666666666666665,0,1,0.0,0,0.2321187584345479,0.6410256410256411,413,274,0.5882352941176471,36,10,17,1,2,13,40,0,14,0,2,8,6,6,8,0,58,0.8340080971659919,58,1.4871794871794872,39,17,10,0,28,11,0,28,5,1,0,0,0,0,0,44,44,26,1210,940,2,0,65,262,1.8974358974358974,37,0,672,74,248,39,21532
2025-07-11,argo,com.maubis.scarlet.base,MainActivity,openTag,3,0,2.0,2,0.5,1,5,1,0,6,0,3,2,0.8,2,1,2,7,1.0,0,2.1666666666666665,1,2,0.0,0,0.2321187584345479,0.6410256410256411,413,274,0.5882352941176471,36,10,17,1,2,13,40,0,14,0,2,8,6,6,8,0,58,0.8340080971659919,58,1.4871794871794872,39,17,10,0,28,11,0,28,5,1,0,0,0,0,0,44,44,26,1210,940,2,0,65,262,1.8974358974358974,37,0,672,74,248,39,21532
2025-07-11,argo,com.maubis.scarlet.base,MainActivity,onResume,2,0,5.0,4,0.8,1,5,1,0,19,1,2,6,1.0,6,3,4,12,3.0,2,2.375,0,4,0.0,0,0.2321187584345479,0.6410256410256411,413,274,0.5882352941176471,36,10,17,1,2,13,40,0,14,0,2,8,6,6,8,0,58,0.8340080971659919,58,1.4871794871794872,39,17,10,0,28,11,0,28,5,1,0,0,0,0,0,44,44,26,1210,940,2,0,65,262,1.8974358974358974,37,0,672,74,248,39,21532
2025-07-11,argo,com.maubis.scarlet.base,MainActivity,resetAndLoadData,1,0,1.0,1,1.0,1,5,1,0,4,0,1,1,1.0,1,1,1,1,1.0,1,2.0,0,1,0.0,0,0.2321187584345479,0.6410256410256411,413,274,0.5882352941176471,36,10,17,1,2,13,40,0,14,0,2,8,6,6,8,0,58,0.8340080971659919,58,1.4871794871794872,39,17,10,0,28,11,0,28,5,1,0,0,0,0,0,44,44,26,1210,940,2,0,65,262,1.8974358974358974,37,0,672,74,248,39,21532
2025-07-11,argo,com.maubis.scarlet.base,MainActivity,loadData,1,0,1.0,1,1.0,1,5,1,0,1,0,1,1,1.0,1,1,0,1,1.0,0,2.0,0,0,0.0,0,0.2321187584345479,0.6410256410256411,413,274,0.5882352941176471,36,10,17,1,2,13,40,0,14,0,2,8,6,6,8,0,58,0.8340080971659919,58,1.4871794871794872,39,17,10,0,28,11,0,28,5,1,0,0,0,0,0,44,44,26,1210,940,2,0,65,262,1.8974358974358974,37,0,672,74,248,39,21532
2025-07-11,argo,com.maubis.scarlet.base,MainActivity,enterSearchMode,2,0,0.0,5,0.6,1,5,1,0,11,1,2,0,1.0,0,3,4,11,3.0,1,2.3333333333333335,0,3,0.0,0,0.2321187584345479,0.6410256410256411,413,274,0.5882352941176471,36,10,17,1,2,13,40,0,14,0,2,8,6,6,8,0,58,0.8340080971659919,58,1.4871794871794872,39,17,10,0,28,11,0,28,5,1,0,0,0,0,0,44,44,26,1210,940,2,0,65,262,1.8974358974358974,37,0,672,74,248,39,21532
2025-07-11,argo,com.maubis.scarlet.base,MainActivity,quitSearchMode,2,0,1.0,2,1.0,1,5,1,0,8,1,2,1,1.0,1,2,4,3,2.0,1,2.0,0,3,0.0,0,0.2321187584345479,0.6410256410256411,413,274,0.5882352941176471,36,10,17,1,2,13,40,0,14,0,2,8,6,6,8,0,58,0.8340080971659919,58,1.4871794871794872,39,17,10,0,28,11,0,28,5,1,0,0,0,0,0,44,44,26,1210,940,2,0,65,262,1.8974358974358974,37,0,672,74,248,39,21532
2025-07-11,argo,com.maubis.scarlet.base,MainActivity,startSearch,1,1,2.0,2,1.0,1,5,1,0,7,0,1,3,0.6666666666666666,2,2,1,5,1.0,1,2.4,1,1,0.0,0,0.2321187584345479,0.6410256410256411,413,274,0.5882352941176471,36,10,17,1,2,13,40,0,14,0,2,8,6,6,8,0,58,0.8340080971659919,58,1.4871794871794872,39,17,10,0,28,11,0,28,5,1,0,0,0,0,0,44,44,26,1210,940,2,0,65,262,1.8974358974358974,37,0,672,74,248,39,21532
2025-07-11,argo,com.maubis.scarlet.base,MainActivity,onBackPressed,3,0,4.0,6,0.6667,1,5,1,0,13,1,3,4,1.0,5,2,0,8,2.0,1,2.2857142857142856,0,0,0.0,0,0.2321187584345479,0.6410256410256411,413,274,0.5882352941176471,36,10,17,1,2,13,40,0,14,0,2,8,6,6,8,0,58,0.8340080971659919,58,1.4871794871794872,39,17,10,0,28,11,0,28,5,1,0,0,0,0,0,44,44,26,1210,940,2,0,65,262,1.8974358974358974,37,0,672,74,248,39,21532
2025-07-11,argo,com.maubis.scarlet.base,MainActivity,onPause,1,0,0.0,1,1.0,1,5,1,0,5,0,1,0,1.0,1,1,2,3,1.0,2,2.5,0,2,0.0,0,0.2321187584345479,0.6410256410256411,413,274,0.5882352941176471,36,10,17,1,2,13,40,0,14,0,2,8,6,6,8,0,58,0.8340080971659919,58,1.4871794871794872,39,17,10,0,28,11,0,28,5,1,0,0,0,0,0,44,44,26,1210,940,2,0,65,262,1.8974358974358974,37,0,672,74,248,39,21532
2025-07-11,argo,com.maubis.scarlet.base,MainActivity,onDestroy,1,0,0.0,1,1.0,1,5,1,0,4,0,1,0,0.0,1,0,1,1,0.0,1,2.0,0,1,0.0,0,0.2321187584345479,0.6410256410256411,413,274,0.5882352941176471,36,10,17,1,2,13,40,0,14,0,2,8,6,6,8,0,58,0.8340080971659919,58,1.4871794871794872,39,17,10,0,28,11,0,28,5,1,0,0,0,0,0,44,44,26,1210,940,2,0,65,262,1.8974358974358974,37,0,672,74,248,39,21532
2025-07-11,argo,com.maubis.scarlet.base,MainActivity,onStop,2,0,0.0,3,1.0,1,5,1,0,7,1,2,0,0.0,1,0,0,4,0.0,2,2.25,0,0,0.0,0,0.2321187584345479,0.6410256410256411,413,274,0.5882352941176471,36,10,17,1,2,13,40,0,14,0,2,8,6,6,8,0,58,0.8340080971659919,58,1.4871794871794872,39,17,10,0,28,11,0,28,5,1,0,0,0,0,0,44,44,26,1210,940,2,0,65,262,1.8974358974358974,37,0,672,74,248,39,21532
2025-07-11,argo,com.maubis.scarlet.base,MainActivity,notifyThemeChange,1,1,0.0,4,1.0,1,5,1,0,8,0,1,1,0.0,1,0,5,6,0.0,1,2.25,0,5,0.0,0,0.2321187584345479,0.6410256410256411,413,274,0.5882352941176471,36,10,17,1,2,13,40,0,14,0,2,8,6,6,8,0,58,0.8340080971659919,58,1.4871794871794872,39,17,10,0,28,11,0,28,5,1,0,0,0,0,0,44,44,26,1210,940,2,0,65,262,1.8974358974358974,37,0,672,74,248,39,21532
2025-07-11,argo,com.maubis.scarlet.base,MainActivity,registerNoteReceiver,1,0,1.0,0,0.0,1,5,1,0,4,0,1,1,1.0,1,1,2,2,1.0,0,0.0,0,1,0.0,0,0.2321187584345479,0.6410256410256411,413,274,0.5882352941176471,36,10,17,1,2,13,40,0,14,0,2,8,6,6,8,0,58,0.8340080971659919,58,1.4871794871794872,39,17,10,0,28,11,0,28,5,1,0,0,0,0,0,44,44,26,1210,940,2,0,65,262,1.8974358974358974,37,0,672,74,248,39,21532
2025-07-11,argo,com.maubis.scarlet.base,MainActivity,setBottomToolbar,1,1,0.0,2,0.5,1,5,1,0,5,0,1,0,0.0,0,0,1,7,0.0,1,3.0,0,1,0.0,0,0.2321187584345479,0.6410256410256411,413,274,0.5882352941176471,36,10,17,1,2,13,40,0,14,0,2,8,6,6,8,0,58,0.8340080971659919,58,1.4871794871794872,39,17,10,0,28,11,0,28,5,1,0,0,0,0,0,44,44,26,1210,940,2,0,65,262,1.8974358974358974,37,0,672,74,248,39,21532
2025-07-11,argo,com.maubis.scarlet.base,MainActivity,updateNote,1,0,1.0,1,1.0,1,5,1,0,4,0,1,1,0.0,1,0,2,1,0.0,1,2.0,1,2,0.0,0,0.2321187584345479,0.6410256410256411,413,274,0.5882352941176471,36,10,17,1,2,13,40,0,14,0,2,8,6,6,8,0,58,0.8340080971659919,58,1.4871794871794872,39,17,10,0,28,11,0,28,5,1,0,0,0,0,0,44,44,26,1210,940,2,0,65,262,1.8974358974358974,37,0,672,74,248,39,21532
2025-07-11,argo,com.maubis.scarlet.base,MainActivity,markItem,1,0,1.0,1,1.0,1,5,1,0,4,0,1,1,0.5,1,0,2,1,0.5,1,2.0,2,2,0.0,0,0.2321187584345479,0.6410256410256411,413,274,0.5882352941176471,36,10,17,1,2,13,40,0,14,0,2,8,6,6,8,0,58,0.8340080971659919,58,1.4871794871794872,39,17,10,0,28,11,0,28,5,1,0,0,0,0,0,44,44,26,1210,940,2,0,65,262,1.8974358974358974,37,0,672,74,248,39,21532
2025-07-11,argo,com.maubis.scarlet.base,MainActivity,moveItemToTrashOrDelete,1,0,1.0,2,1.0,1,5,1,0,5,0,1,1,0.3333333333333333,1,1,2,2,1.0,1,2.0,1,2,0.0,0,0.2321187584345479,0.6410256410256411,413,274,0.5882352941176471,36,10,17,1,2,13,40,0,14,0,2,8,6,6,8,0,58,0.8340080971659919,58,1.4871794871794872,39,17,10,0,28,11,0,28,5,1,0,0,0,0,0,44,44,26,1210,940,2,0,65,262,1.8974358974358974,37,0,672,74,248,39,21532
2025-07-11,argo,com.maubis.scarlet.base,MainActivity,notifyTagsChanged,1,0,1.0,0,0.0,1,5,1,0,3,0,1,1,0.0,1,0,1,0,0.0,0,0.0,1,1,0.0,0,0.2321187584345479,0.6410256410256411,413,274,0.5882352941176471,36,10,17,1,2,13,40,0,14,0,2,8,6,6,8,0,58,0.8340080971659919,58,1.4871794871794872,39,17,10,0,28,11,0,28,5,1,0,0,0,0,0,44,44,26,1210,940,2,0,65,262,1.8974358974358974,37,0,672,74,248,39,21532
2025-07-11,argo,com.maubis.scarlet.base,MainActivity,getSelectMode,1,0,0.0,0,0.0,1,5,1,0,3,0,1,0,1.0,0,1,0,0,1.0,0,3.0,1,0,0.0,0,0.2321187584345479,0.6410256410256411,413,274,0.5882352941176471,36,10,17,1,2,13,40,0,14,0,2,8,6,6,8,0,58,0.8340080971659919,58,1.4871794871794872,39,17,10,0,28,11,0,28,5,1,0,0,0,0,0,44,44,26,1210,940,2,0,65,262,1.8974358974358974,37,0,672,74,248,39,21532
2025-07-11,argo,com.maubis.scarlet.base,MainActivity,notifyResetOrDismiss,1,0,1.0,0,0.0,1,5,1,0,3,0,1,1,0.0,1,0,1,0,0.0,0,0.0,0,1,0.0,0,0.2321187584345479,0.6410256410256411,413,274,0.5882352941176471,36,10,17,1,2,13,40,0,14,0,2,8,6,6,8,0,58,0.8340080971659919,58,1.4871794871794872,39,17,10,0,28,11,0,28,5,1,0,0,0,0,0,44,44,26,1210,940,2,0,65,262,1.8974358974358974,37,0,672,74,248,39,21532
2025-07-11,argo,com.maubis.scarlet.base,MainActivity,lockedContentIsHidden,1,0,0.0,0,0.0,1,5,1,0,1,0,1,0,0.0,0,0,0,0,0.0,0,0.0,0,0,0.0,0,0.2321187584345479,0.6410256410256411,413,274,0.5882352941176471,36,10,17,1,2,13,40,0,14,0,2,8,6,6,8,0,58,0.8340080971659919,58,1.4871794871794872,39,17,10,0,28,11,0,28,5,1,0,0,0,0,0,44,44,26,1210,940,2,0,65,262,1.8974358974358974,37,0,672,74,248,39,21532
2025-07-11,argo,com.maubis.scarlet.base.config,ApplicationBase,onCreate,3,0,0.0,5,1.0,1,0,1,0,17,1,3,0,0.0,1,0,9,13,0.0,2,2.1666666666666665,0,2,0.0,0,0.0,1.0,39,17,0.0,1,0,1,3,0,0,2,0,0,0,1,0,9,0,9,0,1,0.0,1,1.0,1,1,0,9,1,0,0,1,1,0,0,0,0,0,0,1,1,26,1210,940,3,0,9,13,3.0,23,0,169,74,248,12,21532
2025-07-11,argo,com.maubis.scarlet.base.config,MaterialNoteConfig,database,1,0,0.0,0,0.0,0,0,1,0,1,0,1,0,1.0,0,1,0,0,1.0,0,0.0,0,0,0.0,0,0.0,0.09090909090909091,37,16,0.0,11,4,11,1,4,14,0,0,0,0,4,4,0,0,0,0,10,1.0,11,1.0,11,11,4,0,11,0,0,11,0,1,0,0,0,0,0,13,13,26,1210,940,3,0,0,7,1.0,23,0,169,74,248,12,21532
2025-07-11,argo,com.maubis.scarlet.base.config,MaterialNoteConfig,authenticator,1,0,0.0,0,0.0,0,0,1,0,1,0,1,0,0.0,0,0,0,1,0.0,0,0.0,0,0,0.0,0,0.0,0.09090909090909091,37,16,0.0,11,4,11,1,4,14,0,0,0,0,4,4,0,0,0,0,10,1.0,11,1.0,11,11,4,0,11,0,0,11,0,1,0,0,0,0,0,13,13,26,1210,940,3,0,0,7,1.0,23,0,169,74,248,12,21532
2025-07-11,argo,com.maubis.scarlet.base.config,MaterialNoteConfig,notesDatabase,1,0,0.0,0,0.0,0,0,1,0,1,0,1,0,1.0,0,1,0,0,1.0,0,0.0,0,0,0.0,0,0.0,0.09090909090909091,37,16,0.0,11,4,11,1,4,14,0,0,0,0,4,4,0,0,0,0,10,1.0,11,1.0,11,11,4,0,11,0,0,11,0,1,0,0,0,0,0,13,13,26,1210,940,3,0,0,7,1.0,23,0,169,74,248,12,21532
2025-07-11,argo,com.maubis.scarlet.base.config,MaterialNoteConfig,tagsDatabase,1,0,0.0,0,0.0,0,0,1,0,1,0,1,0,1.0,0,1,0,0,1.0,0,0.0,0,0,0.0,0,0.0,0.09090909090909091,37,16,0.0,11,4,11,1,4,14,0,0,0,0,4,4,0,0,0,0,10,1.0,11,1.0,11,11,4,0,11,0,0,11,0,1,0,0,0,0,0,13,13,26,1210,940,3,0,0,7,1.0,23,0,169,74,248,12,21532
2025-07-11,argo,com.maubis.scarlet.base.config,MaterialNoteConfig,noteActions,1,0,0.0,0,0.0,0,0,1,0,1,0,1,0,0.0,0,0,0,1,0.0,0,0.0,1,0,0.0,0,0.0,0.09090909090909091,37,16,0.0,11,4,11,1,4,14,0,0,0,0,4,4,0,0,0,0,10,1.0,11,1.0,11,11,4,0,11,0,0,11,0,1,0,0,0,0,0,13,13,26,1210,940,3,0,0,7,1.0,23,0,169,74,248,12,21532
2025-07-11,argo,com.maubis.scarlet.base.config,MaterialNoteConfig,tagActions,1,0,0.0,0,0.0,0,0,1,0,1,0,1,0,0.0,0,0,0,1,0.0,0,0.0,1,0,0.0,0,0.0,0.09090909090909091,37,16,0.0,11,4,11,1,4,14,0,0,0,0,4,4,0,0,0,0,10,1.0,11,1.0,11,11,4,0,11,0,0,11,0,1,0,0,0,0,0,13,13,26,1210,940,3,0,0,7,1.0,23,0,169,74,248,12,21532
2025-07-11,argo,com.maubis.scarlet.base.config,MaterialNoteConfig,foldersDatabase,1,0,0.0,0,0.0,0,0,1,0,1,0,1,0,1.0,0,1,0,0,1.0,0,0.0,0,0,0.0,0,0.0,0.09090909090909091,37,16,0.0,11,4,11,1,4,14,0,0,0,0,4,4,0,0,0,0,10,1.0,11,1.0,11,11,4,0,11,0,0,11,0,1,0,0,0,0,0,13,13,26,1210,940,3,0,0,7,1.0,23,0,169,74,248,12,21532
2025-07-11,argo,com.maubis.scarlet.base.config,MaterialNoteConfig,folderActions,1,0,0.0,0,0.0,0,0,1,0,1,0,1,0,0.0,0,0,0,1,0.0,0,0.0,1,0,0.0,0,0.0,0.09090909090909091,37,16,0.0,11,4,11,1,4,14,0,0,0,0,4,4,0,0,0,0,10,1.0,11,1.0,11,11,4,0,11,0,0,11,0,1,0,0,0,0,0,13,13,26,1210,940,3,0,0,7,1.0,23,0,169,74,248,12,21532
2025-07-11,argo,com.maubis.scarlet.base.config,MaterialNoteConfig,remoteConfigFetcher,1,0,0.0,0,0.0,0,0,1,0,1,0,1,0,0.0,0,0,0,1,0.0,0,0.0,0,0,0.0,0,0.0,0.09090909090909091,37,16,0.0,11,4,11,1,4,14,0,0,0,0,4,4,0,0,0,0,10,1.0,11,1.0,11,11,4,0,11,0,0,11,0,1,0,0,0,0,0,13,13,26,1210,940,3,0,0,7,1.0,23,0,169,74,248,12,21532
2025-07-11,argo,com.maubis.scarlet.base.config,MaterialNoteConfig,remoteDatabaseState,1,0,0.0,0,0.0,0,0,1,0,7,0,1,0,0.0,0,0,0,2,0.0,0,0.0,0,0,0.0,0,0.0,0.09090909090909091,37,16,0.0,11,4,11,1,4,14,0,0,0,0,4,4,0,0,0,0,10,1.0,11,1.0,11,11,4,0,11,0,0,11,0,1,0,0,0,0,0,13,13,26,1210,940,3,0,0,7,1.0,23,0,169,74,248,12,21532
2025-07-11,argo,com.maubis.scarlet.base.config,MaterialNoteConfig,startListener,0,0,0.0,0,0.0,0,0,1,0,0,0,0,0,0.0,0,0,0,0,0.0,0,0.0,1,0,0.0,0,0.0,0.09090909090909091,37,16,0.0,11,4,11,1,4,14,0,0,0,0,4,4,0,0,0,0,10,1.0,11,1.0,11,11,4,0,11,0,0,11,0,1,0,0,0,0,0,13,13,26,1210,940,3,0,0,7,1.0,23,0,169,74,248,12,21532
2025-07-11,argo,com.maubis.scarlet.base.config.auth,NullAuthenticator,openLoginActivity,1,0,0.0,0,0.0,1,4,1,0,1,0,1,0,0.0,0,0,0,0,0.0,0,0.0,1,0,0.0,0,0.0,0.0,25,5,0.0,12,0,12,1,0,6,0,0,0,0,0,0,0,0,0,0,7,1.0,12,1.0,12,12,0,0,12,0,0,12,1,1,0,0,0,0,0,12,12,26,1210,940,3,0,0,0,1.0,18,2,76,74,248,12,21532
2025-07-11,argo,com.maubis.scarlet.base.config.auth,NullAuthenticator,openForgetMeActivity,1,0,0.0,0,0.0,1,4,1,0,1,0,1,0,0.0,0,0,0,0,0.0,0,0.0,1,0,0.0,0,0.0,0.0,25,5,0.0,12,0,12,1,0,6,0,0,0,0,0,0,0,0,0,0,7,1.0,12,1.0,12,12,0,0,12,0,0,12,1,1,0,0,0,0,0,12,12,26,1210,940,3,0,0,0,1.0,18,2,76,74,248,12,21532
2025-07-11,argo,com.maubis.scarlet.base.config.auth,NullAuthenticator,openTransferDataActivity,1,0,0.0,0,0.0,1,4,1,0,1,0,1,0,0.0,0,0,0,0,0.0,0,0.0,1,0,0.0,0,0.0,0.0,25,5,0.0,12,0,12,1,0,6,0,0,0,0,0,0,0,0,0,0,7,1.0,12,1.0,12,12,0,0,12,0,0,12,1,1,0,0,0,0,0,12,12,26,1210,940,3,0,0,0,1.0,18,2,76,74,248,12,21532
2025-07-11,argo,com.maubis.scarlet.base.config.auth,NullAuthenticator,openLogoutActivity,1,0,0.0,0,0.0,1,4,1,0,1,0,1,0,0.0,0,0,0,0,0.0,0,0.0,1,0,0.0,0,0.0,0.0,25,5,0.0,12,0,12,1,0,6,0,0,0,0,0,0,0,0,0,0,7,1.0,12,1.0,12,12,0,0,12,0,0,12,1,1,0,0,0,0,0,12,12,26,1210,940,3,0,0,0,1.0,18,2,76,74,248,12,21532
2025-07-11,argo,com.maubis.scarlet.base.config.auth,NullAuthenticator,logout,0,0,0.0,0,0.0,1,4,1,0,0,0,0,0,0.0,0,0,0,0,0.0,0,0.0,0,0,0.0,0,0.0,0.0,25,5,0.0,12,0,12,1,0,6,0,0,0,0,0,0,0,0,0,0,7,1.0,12,1.0,12,12,0,0,12,0,0,12,1,1,0,0,0,0,0,12,12,26,1210,940,3,0,0,0,1.0,18,2,76,74,248,12,21532
2025-07-11,argo,com.maubis.scarlet.base.config.auth,NullAuthenticator,setup,0,0,0.0,0,0.0,1,4,1,0,0,0,0,0,0.0,0,0,0,0,0.0,0,0.0,1,0,0.0,0,0.0,0.0,25,5,0.0,12,0,12,1,0,6,0,0,0,0,0,0,0,0,0,0,7,1.0,12,1.0,12,12,0,0,12,0,0,12,1,1,0,0,0,0,0,12,12,26,1210,940,3,0,0,0,1.0,18,2,76,74,248,12,21532
2025-07-11,argo,com.maubis.scarlet.base.config.auth,NullAuthenticator,userId,1,0,0.0,0,0.0,1,4,1,0,1,0,1,0,0.0,0,0,0,0,0.0,0,0.0,1,0,0.0,0,0.0,0.0,25,5,0.0,12,0,12,1,0,6,0,0,0,0,0,0,0,0,0,0,7,1.0,12,1.0,12,12,0,0,12,0,0,12,1,1,0,0,0,0,0,12,12,26,1210,940,3,0,0,0,1.0,18,2,76,74,248,12,21532
2025-07-11,argo,com.maubis.scarlet.base.config.auth,NullAuthenticator,isLoggedIn,1,0,0.0,0,0.0,1,4,1,0,1,0,1,0,0.0,0,0,0,0,0.0,0,0.0,1,0,0.0,0,0.0,0.0,25,5,0.0,12,0,12,1,0,6,0,0,0,0,0,0,0,0,0,0,7,1.0,12,1.0,12,12,0,0,12,0,0,12,1,1,0,0,0,0,0,12,12,26,1210,940,3,0,0,0,1.0,18,2,76,74,248,12,21532
2025-07-11,argo,com.maubis.scarlet.base.config.auth,NullAuthenticator,isLegacyLoggedIn,1,0,0.0,0,0.0,1,4,1,0,1,0,1,0,0.0,0,0,0,0,0.0,0,0.0,0,0,0.0,0,0.0,0.0,25,5,0.0,12,0,12,1,0,6,0,0,0,0,0,0,0,0,0,0,7,1.0,12,1.0,12,12,0,0,12,0,0,12,1,1,0,0,0,0,0,12,12,26,1210,940,3,0,0,0,1.0,18,2,76,74,248,12,21532
2025-07-11,argo,com.maubis.scarlet.base.config.auth,NullAuthenticator,setPendingUploadListener,0,0,0.0,0,0.0,1,4,1,0,0,0,0,0,0.0,0,0,0,0,0.0,0,0.0,1,0,0.0,0,0.0,0.0,25,5,0.0,12,0,12,1,0,6,0,0,0,0,0,0,0,0,0,0,7,1.0,12,1.0,12,12,0,0,12,0,0,12,1,1,0,0,0,0,0,12,12,26,1210,940,3,0,0,0,1.0,18,2,76,74,248,12,21532
2025-07-11,argo,com.maubis.scarlet.base.config.auth,NullAuthenticator,requestSync,0,0,0.0,0,0.0,1,4,1,0,0,0,0,0,0.0,0,0,0,0,0.0,0,0.0,1,0,0.0,0,0.0,0.0,25,5,0.0,12,0,12,1,0,6,0,0,0,0,0,0,0,0,0,0,7,1.0,12,1.0,12,12,0,0,12,0,0,12,1,1,0,0,0,0,0,12,12,26,1210,940,3,0,0,0,1.0,18,2,76,74,248,12,21532
2025-07-11,argo,com.maubis.scarlet.base.config.auth,NullAuthenticator,showPendingSync,0,0,0.0,0,0.0,1,4,1,0,0,0,0,0,0.0,0,0,0,0,0.0,0,0.0,1,0,0.0,0,0.0,0.0,25,5,0.0,12,0,12,1,0,6,0,0,0,0,0,0,0,0,0,0,7,1.0,12,1.0,12,12,0,0,12,0,0,12,1,1,0,0,0,0,0,12,12,26,1210,940,3,0,0,0,1.0,18,2,76,74,248,12,21532
2025-07-11,argo,com.maubis.scarlet.base.config.remote,NullRemoteConfigFetcher,isLatestVersion,1,0,0.0,0,0.0,1,2,1,0,1,0,1,0,0.0,0,0,0,0,0.0,0,0.0,0,0,0.0,0,0.0,0.0,5,0,0.0,2,0,2,1,0,2,0,0,0,0,0,0,0,0,0,0,1,1.0,2,1.0,2,2,0,0,2,0,0,2,0,1,0,0,0,0,0,2,2,26,1210,940,3,0,0,0,1.0,0,1,29,74,248,2,21532
2025-07-11,argo,com.maubis.scarlet.base.config.remote,NullRemoteConfigFetcher,setup,0,0,0.0,0,0.0,1,2,1,0,0,0,0,0,0.0,0,0,0,0,0.0,0,0.0,1,0,0.0,0,0.0,0.0,5,0,0.0,2,0,2,1,0,2,0,0,0,0,0,0,0,0,0,0,1,1.0,2,1.0,2,2,0,0,2,0,0,2,0,1,0,0,0,0,0,2,2,26,1210,940,3,0,0,0,1.0,0,1,29,74,248,2,21532
2025-07-11,argo,com.maubis.scarlet.base.core.folder,FolderBuilder,emptyFolder,1,0,0.0,0,0.0,0,0,1,0,3,0,1,2,0.0,2,0,0,1,0.0,0,0.0,0,0,0.0,0,0.0,1.0,26,22,0.3333333333333333,3,0,0,0,0,3,0,0,0,0,0,0,0,0,0,0,3,0.6666666666666667,3,1.0,3,0,0,0,3,0,0,3,1,1,0,0,0,0,0,3,3,26,1210,940,4,0,4,17,1.0,18,2,106,74,248,8,21532
2025-07-11,argo,com.maubis.scarlet.base.core.folder,FolderBuilder,emptyFolder,1,1,0.0,3,0.3333,0,0,1,0,10,0,1,0,0.0,0,0,3,6,0.0,0,2.0,1,0,0.0,0,0.0,1.0,26,22,0.3333333333333333,3,0,0,0,0,3,0,0,0,0,0,0,0,0,0,0,3,0.6666666666666667,3,1.0,3,0,0,0,3,0,0,3,1,1,0,0,0,0,0,3,3,26,1210,940,4,0,4,17,1.0,18,2,106,74,248,8,21532
2025-07-11,argo,com.maubis.scarlet.base.core.folder,FolderBuilder,copy,1,1,1.0,5,0.2,0,0,1,0,9,0,1,2,0.0,2,0,1,11,0.0,0,2.0,1,0,0.0,0,0.0,1.0,26,22,0.3333333333333333,3,0,0,0,0,3,0,0,0,0,0,0,0,0,0,0,3,0.6666666666666667,3,1.0,3,0,0,0,3,0,0,3,1,1,0,0,0,0,0,3,3,26,1210,940,4,0,4,17,1.0,18,2,106,74,248,8,21532
2025-07-11,argo,com.maubis.scarlet.base.core.folder,MaterialFolderActor,offlineSave,3,1,0.0,2,1.0,0,0,1,0,5,0,3,0,0.0,0,0,1,9,0.0,0,2.8333333333333335,0,1,0.0,0,0.0,0.4,30,24,0.6,5,0,5,1,0,0,5,0,0,0,0,0,0,0,0,0,6,0.9,6,1.2,5,5,0,0,5,0,0,5,4,1,0,0,0,0,0,5,5,26,1210,940,4,0,7,17,1.6,18,2,106,74,248,8,21532
2025-07-11,argo,com.maubis.scarlet.base.core.folder,MaterialFolderActor,onlineSave,1,0,0.0,1,1.0,0,0,1,0,3,0,1,0,0.0,0,0,1,1,0.0,1,2.0,0,1,0.0,0,0.0,0.4,30,24,0.6,5,0,5,1,0,0,5,0,0,0,0,0,0,0,0,0,6,0.9,6,1.2,5,5,0,0,5,0,0,5,4,1,0,0,0,0,0,5,5,26,1210,940,4,0,7,17,1.6,18,2,106,74,248,8,21532
2025-07-11,argo,com.maubis.scarlet.base.core.folder,MaterialFolderActor,save,1,0,2.0,0,0.0,0,0,1,0,4,0,1,2,0.0,2,0,2,0,0.0,0,0.0,0,2,0.0,0,0.0,0.4,30,24,0.6,5,0,5,1,0,0,5,0,0,0,0,0,0,0,0,0,6,0.9,6,1.2,5,5,0,0,5,0,0,5,4,1,0,0,0,0,0,5,5,26,1210,940,4,0,7,17,1.6,18,2,106,74,248,8,21532
2025-07-11,argo,com.maubis.scarlet.base.core.folder,MaterialFolderActor,offlineDelete,2,0,1.0,2,1.0,0,0,1,0,8,1,2,0,0.0,1,0,1,6,0.0,1,3.25,0,1,0.0,0,0.0,0.4,30,24,0.6,5,0,5,1,0,0,5,0,0,0,0,0,0,0,0,0,6,0.9,6,1.2,5,5,0,0,5,0,0,5,4,1,0,0,0,0,0,5,5,26,1210,940,4,0,7,17,1.6,18,2,106,74,248,8,21532
2025-07-11,argo,com.maubis.scarlet.base.core.folder,MaterialFolderActor,delete,1,0,1.0,1,1.0,0,0,1,0,4,0,1,1,0.0,1,0,2,1,0.0,1,2.0,0,2,0.0,0,0.0,0.4,30,24,0.6,5,0,5,1,0,0,5,0,0,0,0,0,0,0,0,0,6,0.9,6,1.2,5,5,0,0,5,0,0,5,4,1,0,0,0,0,0,5,5,26,1210,940,4,0,7,17,1.6,18,2,106,74,248,8,21532
2025-07-11,argo,com.maubis.scarlet.base.core.format,Format,toJson,3,1,0.0,1,1.0,0,0,1,2,9,1,3,0,1.0,0,2,0,4,2.0,0,2.0,0,0,0.0,0,0.0,1.0,52,9,0.0,1,5,0,0,5,1,0,0,0,0,5,1,0,0,4,0,2,0.0,2,2.0,1,0,5,0,1,0,0,1,0,1,0,0,0,0,0,1,1,26,1210,940,4,0,0,4,3.0,3,0,212,74,248,6,21532
2025-07-11,argo,com.maubis.scarlet.base.core.format,FormatBuilder,fromJson,5,1,0.0,2,0.5,0,4,1,0,6,2,5,0,0.0,0,0,2,6,0.0,0,2.25,1,0,0.0,0,0.1,1.0,64,6,0.0,3,1,0,0,1,5,0,0,0,0,1,1,0,0,0,0,15,0.7,15,3.0,5,0,1,0,5,0,0,5,1,1,0,0,0,0,0,5,5,26,1210,940,4,0,3,32,6.0,3,0,212,74,248,6,21532
2025-07-11,argo,com.maubis.scarlet.base.core.format,FormatBuilder,getDescription,5,3,0.0,3,1.0,0,4,1,0,10,2,5,0,0.5,0,1,1,6,0.25,1,2.0,1,0,0.0,0,0.1,1.0,64,6,0.0,3,1,0,0,1,5,0,0,0,0,1,1,0,0,0,0,15,0.7,15,3.0,5,0,1,0,5,0,0,5,1,1,0,0,0,0,0,5,5,26,1210,940,4,0,3,32,6.0,3,0,212,74,248,6,21532
2025-07-11,argo,com.maubis.scarlet.base.core.format,FormatBuilder,getSmarterDescription,5,2,0.0,5,0.8,0,4,1,0,12,2,5,1,0.0,1,0,0,11,0.0,1,2.2857142857142856,1,0,0.0,0,0.1,1.0,64,6,0.0,3,1,0,0,1,5,0,0,0,0,1,1,0,0,0,0,15,0.7,15,3.0,5,0,1,0,5,0,0,5,1,1,0,0,0,0,0,5,5,26,1210,940,4,0,3,32,6.0,3,0,212,74,248,6,21532
2025-07-11,argo,com.maubis.scarlet.base.core.format,FormatBuilder,getFormats,12,4,0.0,4,1.0,0,4,1,0,19,5,12,1,0.5,1,1,0,8,0.2,1,2.0,1,0,0.0,0,0.1,1.0,64,6,0.0,3,1,0,0,1,5,0,0,0,0,1,1,0,0,0,0,15,0.7,15,3.0,5,0,1,0,5,0,0,5,1,1,0,0,0,0,0,5,5,26,1210,940,4,0,3,32,6.0,3,0,212,74,248,6,21532
2025-07-11,argo,com.maubis.scarlet.base.core.format,FormatBuilder,getNextFormatType,3,0,0.0,0,0.0,0,4,1,0,9,2,3,0,0.0,0,0,0,1,0.0,0,2.0,1,0,0.0,0,0.1,1.0,64,6,0.0,3,1,0,0,1,5,0,0,0,0,1,1,0,0,0,0,15,0.7,15,3.0,5,0,1,0,5,0,0,5,1,1,0,0,0,0,0,5,5,26,1210,940,4,0,3,32,6.0,3,0,212,74,248,6,21532
2025-07-11,argo,com.maubis.scarlet.base.core.note,MaterialNoteActor,copy,1,0,0.0,1,1.0,0,0,1,0,3,0,1,0,0.0,0,0,1,2,0.0,0,2.0,1,1,0.0,0,0.0,0.5,91,76,0.42857142857142855,14,0,12,1,0,2,17,0,0,0,0,0,0,0,0,0,19,0.967032967032967,19,1.3571428571428572,14,12,0,0,12,0,2,12,6,1,0,0,0,0,0,14,14,26,1210,940,13,0,24,57,1.5,55,3,670,74,248,18,21532
2025-07-11,argo,com.maubis.scarlet.base.core.note,MaterialNoteActor,share,1,0,0.0,1,1.0,0,0,1,0,3,0,1,0,0.0,1,0,1,10,0.0,0,11.0,1,1,0.0,0,0.0,0.5,91,76,0.42857142857142855,14,0,12,1,0,2,17,0,0,0,0,0,0,0,0,0,19,0.967032967032967,19,1.3571428571428572,14,12,0,0,12,0,2,12,6,1,0,0,0,0,0,14,14,26,1210,940,13,0,24,57,1.5,55,3,670,74,248,18,21532
2025-07-11,argo,com.maubis.scarlet.base.core.note,MaterialNoteActor,popup,1,0,0.0,1,1.0,0,0,1,0,3,0,1,0,0.0,0,0,1,1,0.0,1,2.0,1,1,0.0,0,0.0,0.5,91,76,0.42857142857142855,14,0,12,1,0,2,17,0,0,0,0,0,0,0,0,0,19,0.967032967032967,19,1.3571428571428572,14,12,0,0,12,0,2,12,6,1,0,0,0,0,0,14,14,26,1210,940,13,0,24,57,1.5,55,3,670,74,248,18,21532
2025-07-11,argo,com.maubis.scarlet.base.core.note,MaterialNoteActor,offlineSave,3,1,1.0,4,1.0,0,0,1,0,6,0,3,1,0.0,1,0,2,8,0.0,2,2.142857142857143,1,2,0.0,0,0.0,0.5,91,76,0.42857142857142855,14,0,12,1,0,2,17,0,0,0,0,0,0,0,0,0,19,0.967032967032967,19,1.3571428571428572,14,12,0,0,12,0,2,12,6,1,0,0,0,0,0,14,14,26,1210,940,13,0,24,57,1.5,55,3,670,74,248,18,21532
2025-07-11,argo,com.maubis.scarlet.base.core.note,MaterialNoteActor,onlineSave,1,0,0.0,1,1.0,0,0,1,0,3,0,1,0,0.0,0,0,1,1,0.0,1,2.0,1,1,0.0,0,0.0,0.5,91,76,0.42857142857142855,14,0,12,1,0,2,17,0,0,0,0,0,0,0,0,0,19,0.967032967032967,19,1.3571428571428572,14,12,0,0,12,0,2,12,6,1,0,0,0,0,0,14,14,26,1210,940,13,0,24,57,1.5,55,3,670,74,248,18,21532
2025-07-11,argo,com.maubis.scarlet.base.core.note,MaterialNoteActor,save,1,0,2.0,0,0.0,0,0,1,0,4,0,1,2,0.0,2,0,2,0,0.0,0,0.0,1,2,0.0,0,0.0,0.5,91,76,0.42857142857142855,14,0,12,1,0,2,17,0,0,0,0,0,0,0,0,0,19,0.967032967032967,19,1.3571428571428572,14,12,0,0,12,0,2,12,6,1,0,0,0,0,0,14,14,26,1210,940,13,0,24,57,1.5,55,3,670,74,248,18,21532
2025-07-11,argo,com.maubis.scarlet.base.core.note,MaterialNoteActor,softDelete,2,0,1.0,2,1.0,0,0,1,0,7,1,2,1,0.0,1,0,1,4,0.0,0,2.0,1,1,0.0,0,0.0,0.5,91,76,0.42857142857142855,14,0,12,1,0,2,17,0,0,0,0,0,0,0,0,0,19,0.967032967032967,19,1.3571428571428572,14,12,0,0,12,0,2,12,6,1,0,0,0,0,0,14,14,26,1210,940,13,0,24,57,1.5,55,3,670,74,248,18,21532
2025-07-11,argo,com.maubis.scarlet.base.core.note,MaterialNoteActor,offlineDelete,2,0,2.0,6,0.8333,0,0,1,0,11,1,2,1,0.0,2,0,4,8,0.0,2,2.125,1,3,0.0,0,0.0,0.5,91,76,0.42857142857142855,14,0,12,1,0,2,17,0,0,0,0,0,0,0,0,0,19,0.967032967032967,19,1.3571428571428572,14,12,0,0,12,0,2,12,6,1,0,0,0,0,0,14,14,26,1210,940,13,0,24,57,1.5,55,3,670,74,248,18,21532
2025-07-11,argo,com.maubis.scarlet.base.core.note,MaterialNoteActor,disableBackup,1,0,0.0,2,0.5,0,0,1,0,5,0,1,0,0.0,0,0,1,2,0.0,1,2.0,1,1,0.0,0,0.0,0.5,91,76,0.42857142857142855,14,0,12,1,0,2,17,0,0,0,0,0,0,0,0,0,19,0.967032967032967,19,1.3571428571428572,14,12,0,0,12,0,2,12,6,1,0,0,0,0,0,14,14,26,1210,940,13,0,24,57,1.5,55,3,670,74,248,18,21532
2025-07-11,argo,com.maubis.scarlet.base.core.note,MaterialNoteActor,enableBackup,1,0,1.0,0,0.0,0,0,1,0,4,0,1,0,0.0,1,0,1,1,0.0,1,2.0,1,1,0.0,0,0.0,0.5,91,76,0.42857142857142855,14,0,12,1,0,2,17,0,0,0,0,0,0,0,0,0,19,0.967032967032967,19,1.3571428571428572,14,12,0,0,12,0,2,12,6,1,0,0,0,0,0,14,14,26,1210,940,13,0,24,57,1.5,55,3,670,74,248,18,21532
2025-07-11,argo,com.maubis.scarlet.base.core.note,MaterialNoteActor,onlineDelete,1,0,0.0,1,1.0,0,0,1,0,3,0,1,0,0.0,0,0,1,1,0.0,1,2.0,1,1,0.0,0,0.0,0.5,91,76,0.42857142857142855,14,0,12,1,0,2,17,0,0,0,0,0,0,0,0,0,19,0.967032967032967,19,1.3571428571428572,14,12,0,0,12,0,2,12,6,1,0,0,0,0,0,14,14,26,1210,940,13,0,24,57,1.5,55,3,670,74,248,18,21532
2025-07-11,argo,com.maubis.scarlet.base.core.note,MaterialNoteActor,delete,1,0,2.0,0,0.0,0,0,1,0,4,0,1,2,0.0,2,0,2,0,0.0,0,0.0,1,2,0.0,0,0.0,0.5,91,76,0.42857142857142855,14,0,12,1,0,2,17,0,0,0,0,0,0,0,0,0,19,0.967032967032967,19,1.3571428571428572,14,12,0,0,12,0,2,12,6,1,0,0,0,0,0,14,14,26,1210,940,13,0,24,57,1.5,55,3,670,74,248,18,21532
2025-07-11,argo,com.maubis.scarlet.base.core.note,MaterialNoteActor,onNoteDestroyed,1,1,0.0,4,1.0,0,0,1,0,7,0,1,0,0.0,0,0,4,9,0.0,1,3.0,1,4,0.0,0,0.0,0.5,91,76,0.42857142857142855,14,0,12,1,0,2,17,0,0,0,0,0,0,0,0,0,19,0.967032967032967,19,1.3571428571428572,14,12,0,0,12,0,2,12,6,1,0,0,0,0,0,14,14,26,1210,940,13,0,24,57,1.5,55,3,670,74,248,18,21532
2025-07-11,argo,com.maubis.scarlet.base.core.note,MaterialNoteActor,onNoteUpdated,4,2,0.0,6,1.0,0,0,1,0,13,3,4,0,0.0,0,0,2,10,0.0,1,2.142857142857143,1,2,0.0,0,0.0,0.5,91,76,0.42857142857142855,14,0,12,1,0,2,17,0,0,0,0,0,0,0,0,0,19,0.967032967032967,19,1.3571428571428572,14,12,0,0,12,0,2,12,6,1,0,0,0,0,0,14,14,26,1210,940,13,0,24,57,1.5,55,3,670,74,248,18,21532
2025-07-11,argo,com.maubis.scarlet.base.core.note,NoteReminder,getCalendar,3,4,0.0,5,0.8333,0,1,1,0,17,1,3,0,1.0,0,2,1,12,0.67,1,2.3333333333333335,0,1,0.0,0,0.0,0.0,38,6,0.0,1,3,0,0,3,2,1,0,0,0,3,1,0,0,2,0,5,0.0,5,2.5,2,0,3,0,3,0,0,3,0,3,0,0,0,0,0,2,2,26,1210,940,13,0,2,15,1.0,55,3,670,74,248,18,21532
2025-07-11,argo,com.maubis.scarlet.base.core.note,NoteReminder,shouldUpdate,2,0,0.0,2,1.0,0,1,1,0,6,1,2,0,1.0,0,2,0,2,2.0,1,2.0,0,0,0.0,0,0.0,0.0,38,6,0.0,1,3,0,0,3,2,1,0,0,0,3,1,0,0,2,0,5,0.0,5,2.5,2,0,3,0,3,0,0,3,0,3,0,0,0,0,0,2,2,26,1210,940,13,0,2,15,1.0,55,3,670,74,248,18,21532
2025-07-11,argo,com.maubis.scarlet.base.core.note,Reminder,toCalendar,1,1,0.0,1,1.0,0,0,1,0,5,0,1,0,0.0,0,0,1,1,0.0,1,2.0,0,0,0.0,0,0.0,0.0,7,5,0.0,1,0,0,0,0,1,0,0,0,0,0,0,0,0,0,0,1,0.0,1,1.0,1,0,3,0,3,0,0,3,0,3,0,0,0,0,0,1,1,26,1210,940,13,0,2,15,1.0,55,3,670,74,248,18,21532
2025-07-11,argo,com.maubis.scarlet.base.core.note,ComparablePair,compareTo,3,1,0.0,0,0.0,0,0,1,0,7,1,3,0,0.0,1,0,0,4,0.0,0,3.0,1,0,0.0,0,0.0,0.0,9,7,0.0,1,0,1,1,0,2,0,0,0,0,0,0,0,0,0,0,1,0.0,1,1.0,1,1,0,0,1,0,0,1,0,2,0,0,0,0,0,1,1,26,1210,940,13,0,0,4,3.0,55,3,670,74,248,18,21532
2025-07-11,argo,com.maubis.scarlet.base.core.tag,MaterialTagActor,offlineSave,3,1,0.0,2,1.0,0,0,1,0,5,0,3,0,0.0,0,0,1,9,0.0,0,2.8333333333333335,0,1,0.0,0,0.0,0.4,30,24,0.6,5,0,5,1,0,0,4,0,0,0,0,0,0,0,0,0,6,0.9,6,1.2,5,5,0,0,5,0,0,5,4,1,0,0,0,0,0,5,5,26,1210,940,4,0,7,19,1.6,14,2,88,74,248,7,21532
2025-07-11,argo,com.maubis.scarlet.base.core.tag,MaterialTagActor,onlineSave,1,0,0.0,1,1.0,0,0,1,0,3,0,1,0,0.0,0,0,1,2,0.0,0,3.0,0,1,0.0,0,0.0,0.4,30,24,0.6,5,0,5,1,0,0,4,0,0,0,0,0,0,0,0,0,6,0.9,6,1.2,5,5,0,0,5,0,0,5,4,1,0,0,0,0,0,5,5,26,1210,940,4,0,7,19,1.6,14,2,88,74,248,7,21532
2025-07-11,argo,com.maubis.scarlet.base.core.tag,MaterialTagActor,save,1,0,2.0,0,0.0,0,0,1,0,4,0,1,2,0.0,2,0,2,0,0.0,0,0.0,0,2,0.0,0,0.0,0.4,30,24,0.6,5,0,5,1,0,0,4,0,0,0,0,0,0,0,0,0,6,0.9,6,1.2,5,5,0,0,5,0,0,5,4,1,0,0,0,0,0,5,5,26,1210,940,4,0,7,19,1.6,14,2,88,74,248,7,21532
2025-07-11,argo,com.maubis.scarlet.base.core.tag,MaterialTagActor,offlineDelete,2,0,1.0,2,1.0,0,0,1,0,8,1,2,0,0.0,1,0,1,6,0.0,1,3.25,0,1,0.0,0,0.0,0.4,30,24,0.6,5,0,5,1,0,0,4,0,0,0,0,0,0,0,0,0,6,0.9,6,1.2,5,5,0,0,5,0,0,5,4,1,0,0,0,0,0,5,5,26,1210,940,4,0,7,19,1.6,14,2,88,74,248,7,21532
2025-07-11,argo,com.maubis.scarlet.base.core.tag,MaterialTagActor,delete,1,0,1.0,1,1.0,0,0,1,0,4,0,1,1,0.0,1,0,2,2,0.0,0,3.0,0,2,0.0,0,0.0,0.4,30,24,0.6,5,0,5,1,0,0,4,0,0,0,0,0,0,0,0,0,6,0.9,6,1.2,5,5,0,0,5,0,0,5,4,1,0,0,0,0,0,5,5,26,1210,940,4,0,7,19,1.6,14,2,88,74,248,7,21532
2025-07-11,argo,com.maubis.scarlet.base.core.tag,TagBuilder,emptyTag,1,1,0.0,1,1.0,0,0,1,0,7,0,1,0,0.0,0,0,1,3,0.0,0,2.0,0,0,0.0,0,0.0,1.0,16,13,0.5,2,0,0,0,0,2,0,0,0,0,0,0,0,0,0,0,2,0.0,2,1.0,2,0,0,0,2,0,0,2,1,1,0,0,0,0,0,2,2,26,1210,940,4,0,2,8,1.0,14,2,88,74,248,7,21532
2025-07-11,argo,com.maubis.scarlet.base.core.tag,TagBuilder,copy,1,1,1.0,2,0.5,0,0,1,0,6,0,1,1,0.0,1,0,1,5,0.0,0,2.0,1,0,0.0,0,0.0,1.0,16,13,0.5,2,0,0,0,0,2,0,0,0,0,0,0,0,0,0,0,2,0.0,2,1.0,2,0,0,0,2,0,0,2,1,1,0,0,0,0,0,2,2,26,1210,940,4,0,2,8,1.0,14,2,88,74,248,7,21532
2025-07-11,argo,com.maubis.scarlet.base.database,FoldersProvider,notifyInsertFolder,1,0,1.0,0,0.0,0,6,1,0,4,0,1,1,0.3333333333333333,1,1,2,0,1.0,0,2.0,1,1,0.0,0,1.0,0.3333333333333333,63,24,0.6666666666666666,6,1,0,0,1,7,3,0,0,0,1,1,0,0,0,0,13,0.4545454545454546,13,1.0833333333333333,12,0,1,0,12,0,0,12,1,1,0,0,0,0,0,12,12,26,1210,940,3,0,11,17,1.0833333333333333,19,0,267,74,248,44,21532
2025-07-11,argo,com.maubis.scarlet.base.database,FoldersProvider,notifyDelete,1,0,1.0,1,1.0,0,6,1,0,4,0,1,1,0.5,1,1,1,2,1.0,0,3.0,1,1,0.0,0,1.0,0.3333333333333333,63,24,0.6666666666666666,6,1,0,0,1,7,3,0,0,0,1,1,0,0,0,0,13,0.4545454545454546,13,1.0833333333333333,12,0,1,0,12,0,0,12,1,1,0,0,0,0,0,12,12,26,1210,940,3,0,11,17,1.0833333333333333,19,0,267,74,248,44,21532
2025-07-11,argo,com.maubis.scarlet.base.database,FoldersProvider,getCount,1,0,0.0,0,0.0,0,6,1,0,4,0,1,1,1.0,1,1,1,0,1.0,0,2.0,0,1,0.0,0,1.0,0.3333333333333333,63,24,0.6666666666666666,6,1,0,0,1,7,3,0,0,0,1,1,0,0,0,0,13,0.4545454545454546,13,1.0833333333333333,12,0,1,0,12,0,0,12,1,1,0,0,0,0,0,12,12,26,1210,940,3,0,11,17,1.0833333333333333,19,0,267,74,248,44,21532
2025-07-11,argo,com.maubis.scarlet.base.database,FoldersProvider,getUUIDs,1,0,0.0,0,0.0,0,6,1,0,4,0,1,1,1.0,1,1,1,0,1.0,0,2.5,0,1,0.0,0,1.0,0.3333333333333333,63,24,0.6666666666666666,6,1,0,0,1,7,3,0,0,0,1,1,0,0,0,0,13,0.4545454545454546,13,1.0833333333333333,12,0,1,0,12,0,0,12,1,1,0,0,0,0,0,12,12,26,1210,940,3,0,11,17,1.0833333333333333,19,0,267,74,248,44,21532
2025-07-11,argo,com.maubis.scarlet.base.database,FoldersProvider,getAll,1,0,0.0,1,1.0,0,6,1,0,4,0,1,1,1.0,1,1,1,2,1.0,0,3.0,0,1,0.0,0,1.0,0.3333333333333333,63,24,0.6666666666666666,6,1,0,0,1,7,3,0,0,0,1,1,0,0,0,0,13,0.4545454545454546,13,1.0833333333333333,12,0,1,0,12,0,0,12,1,1,0,0,0,0,0,12,12,26,1210,940,3,0,11,17,1.0833333333333333,19,0,267,74,248,44,21532
2025-07-11,argo,com.maubis.scarlet.base.database,FoldersProvider,getByID,1,0,0.0,0,0.0,0,6,1,0,4,0,1,1,0.3333333333333333,1,1,1,0,1.0,0,2.5,1,1,0.0,0,1.0,0.3333333333333333,63,24,0.6666666666666666,6,1,0,0,1,7,3,0,0,0,1,1,0,0,0,0,13,0.4545454545454546,13,1.0833333333333333,12,0,1,0,12,0,0,12,1,1,0,0,0,0,0,12,12,26,1210,940,3,0,11,17,1.0833333333333333,19,0,267,74,248,44,21532
2025-07-11,argo,com.maubis.scarlet.base.database,FoldersProvider,getByUUID,1,0,0.0,0,0.0,0,6,1,0,4,0,1,1,0.5,1,1,1,0,1.0,0,0.0,1,1,0.0,0,1.0,0.3333333333333333,63,24,0.6666666666666666,6,1,0,0,1,7,3,0,0,0,1,1,0,0,0,0,13,0.4545454545454546,13,1.0833333333333333,12,0,1,0,12,0,0,12,1,1,0,0,0,0,0,12,12,26,1210,940,3,0,11,17,1.0833333333333333,19,0,267,74,248,44,21532
2025-07-11,argo,com.maubis.scarlet.base.database,FoldersProvider,getByTitle,1,0,0.0,0,0.0,0,6,1,0,4,0,1,1,0.3333333333333333,1,1,1,0,1.0,0,2.5,1,1,0.0,0,1.0,0.3333333333333333,63,24,0.6666666666666666,6,1,0,0,1,7,3,0,0,0,1,1,0,0,0,0,13,0.4545454545454546,13,1.0833333333333333,12,0,1,0,12,0,0,12,1,1,0,0,0,0,0,12,12,26,1210,940,3,0,11,17,1.0833333333333333,19,0,267,74,248,44,21532
2025-07-11,argo,com.maubis.scarlet.base.database,FoldersProvider,search,1,0,1.0,1,1.0,0,6,1,0,4,0,1,1,0.3333333333333333,1,1,1,5,1.0,0,2.6666666666666665,1,1,0.0,0,1.0,0.3333333333333333,63,24,0.6666666666666666,6,1,0,0,1,7,3,0,0,0,1,1,0,0,0,0,13,0.4545454545454546,13,1.0833333333333333,12,0,1,0,12,0,0,12,1,1,0,0,0,0,0,12,12,26,1210,940,3,0,11,17,1.0833333333333333,19,0,267,74,248,44,21532
2025-07-11,argo,com.maubis.scarlet.base.database,FoldersProvider,maybeLoadFromDB,2,0,1.0,2,1.0,0,6,1,0,6,1,2,1,1.0,1,1,1,4,1.0,1,2.3333333333333335,0,1,0.0,0,1.0,0.3333333333333333,63,24,0.6666666666666666,6,1,0,0,1,7,3,0,0,0,1,1,0,0,0,0,13,0.4545454545454546,13,1.0833333333333333,12,0,1,0,12,0,0,12,1,1,0,0,0,0,0,12,12,26,1210,940,3,0,11,17,1.0833333333333333,19,0,267,74,248,44,21532
2025-07-11,argo,com.maubis.scarlet.base.database,FoldersProvider,clear,1,0,0.0,0,0.0,0,6,1,0,3,0,1,0,1.0,1,1,0,1,1.0,1,2.0,0,0,0.0,0,1.0,0.3333333333333333,63,24,0.6666666666666666,6,1,0,0,1,7,3,0,0,0,1,1,0,0,0,0,13,0.4545454545454546,13,1.0833333333333333,12,0,1,0,12,0,0,12,1,1,0,0,0,0,0,12,12,26,1210,940,3,0,11,17,1.0833333333333333,19,0,267,74,248,44,21532
2025-07-11,argo,com.maubis.scarlet.base.database,FoldersProvider,database,1,0,0.0,1,1.0,0,6,1,0,3,0,1,0,1.0,1,1,0,3,1.0,0,4.0,0,0,0.0,0,1.0,0.3333333333333333,63,24,0.6666666666666666,6,1,0,0,1,7,3,0,0,0,1,1,0,0,0,0,13,0.4545454545454546,13,1.0833333333333333,12,0,1,0,12,0,0,12,1,1,0,0,0,0,0,12,12,26,1210,940,3,0,11,17,1.0833333333333333,19,0,267,74,248,44,21532
2025-07-11,argo,com.maubis.scarlet.base.database,NotesProvider,notifyInsertNote,1,0,1.0,0,0.0,0,13,1,0,4,0,1,1,0.3333333333333333,1,1,2,0,1.0,0,2.0,1,1,0.0,0,0.8052631578947368,0.3,105,30,0.7142857142857143,7,1,0,0,1,11,3,0,0,0,1,1,0,0,0,0,21,0.28421052631578947,21,1.05,20,0,1,0,20,0,0,20,1,1,0,0,0,0,0,20,20,26,1210,940,3,0,19,31,1.05,19,0,267,74,248,44,21532
2025-07-11,argo,com.maubis.scarlet.base.database,NotesProvider,notifyDelete,1,0,1.0,1,1.0,0,13,1,0,4,0,1,1,0.5,1,1,1,2,1.0,0,3.0,1,1,0.0,0,0.8052631578947368,0.3,105,30,0.7142857142857143,7,1,0,0,1,11,3,0,0,0,1,1,0,0,0,0,21,0.28421052631578947,21,1.05,20,0,1,0,20,0,0,20,1,1,0,0,0,0,0,20,20,26,1210,940,3,0,19,31,1.05,19,0,267,74,248,44,21532
2025-07-11,argo,com.maubis.scarlet.base.database,NotesProvider,getCount,1,0,0.0,0,0.0,0,13,1,0,4,0,1,1,1.0,1,1,1,0,1.0,0,2.0,0,1,0.0,0,0.8052631578947368,0.3,105,30,0.7142857142857143,7,1,0,0,1,11,3,0,0,0,1,1,0,0,0,0,21,0.28421052631578947,21,1.05,20,0,1,0,20,0,0,20,1,1,0,0,0,0,0,20,20,26,1210,940,3,0,19,31,1.05,19,0,267,74,248,44,21532
2025-07-11,argo,com.maubis.scarlet.base.database,NotesProvider,getUUIDs,1,0,0.0,0,0.0,0,13,1,0,4,0,1,1,1.0,1,1,1,0,1.0,0,2.5,0,1,0.0,0,0.8052631578947368,0.3,105,30,0.7142857142857143,7,1,0,0,1,11,3,0,0,0,1,1,0,0,0,0,21,0.28421052631578947,21,1.05,20,0,1,0,20,0,0,20,1,1,0,0,0,0,0,20,20,26,1210,940,3,0,19,31,1.05,19,0,267,74,248,44,21532
2025-07-11,argo,com.maubis.scarlet.base.database,NotesProvider,getAll,1,0,0.0,1,1.0,0,13,1,0,4,0,1,1,1.0,1,1,1,2,1.0,0,3.0,0,1,0.0,0,0.8052631578947368,0.3,105,30,0.7142857142857143,7,1,0,0,1,11,3,0,0,0,1,1,0,0,0,0,21,0.28421052631578947,21,1.05,20,0,1,0,20,0,0,20,1,1,0,0,0,0,0,20,20,26,1210,940,3,0,19,31,1.05,19,0,267,74,248,44,21532
2025-07-11,argo,com.maubis.scarlet.base.database,NotesProvider,getByNoteState,1,0,0.0,1,1.0,0,13,1,0,4,0,1,1,0.5,1,1,1,4,1.0,0,3.0,1,1,0.0,0,0.8052631578947368,0.3,105,30,0.7142857142857143,7,1,0,0,1,11,3,0,0,0,1,1,0,0,0,0,21,0.28421052631578947,21,1.05,20,0,1,0,20,0,0,20,1,1,0,0,0,0,0,20,20,26,1210,940,3,0,19,31,1.05,19,0,267,74,248,44,21532
2025-07-11,argo,com.maubis.scarlet.base.database,NotesProvider,getNoteByLocked,1,0,0.0,0,0.0,0,13,1,0,4,0,1,1,0.3333333333333333,1,1,1,0,1.0,0,2.5,1,1,0.0,0,0.8052631578947368,0.3,105,30,0.7142857142857143,7,1,0,0,1,11,3,0,0,0,1,1,0,0,0,0,21,0.28421052631578947,21,1.05,20,0,1,0,20,0,0,20,1,1,0,0,0,0,0,20,20,26,1210,940,3,0,19,31,1.05,19,0,267,74,248,44,21532
2025-07-11,argo,com.maubis.scarlet.base.database,NotesProvider,getNoteByTag,1,0,0.0,1,1.0,0,13,1,0,4,0,1,1,0.5,1,1,1,4,1.0,0,3.0,1,1,0.0,0,0.8052631578947368,0.3,105,30,0.7142857142857143,7,1,0,0,1,11,3,0,0,0,1,1,0,0,0,0,21,0.28421052631578947,21,1.05,20,0,1,0,20,0,0,20,1,1,0,0,0,0,0,20,20,26,1210,940,3,0,19,31,1.05,19,0,267,74,248,44,21532
2025-07-11,argo,com.maubis.scarlet.base.database,NotesProvider,getNoteCountByTag,1,0,0.0,1,1.0,0,13,1,0,4,0,1,1,0.5,1,1,1,4,1.0,0,3.0,1,1,0.0,0,0.8052631578947368,0.3,105,30,0.7142857142857143,7,1,0,0,1,11,3,0,0,0,1,1,0,0,0,0,21,0.28421052631578947,21,1.05,20,0,1,0,20,0,0,20,1,1,0,0,0,0,0,20,20,26,1210,940,3,0,19,31,1.05,19,0,267,74,248,44,21532
2025-07-11,argo,com.maubis.scarlet.base.database,NotesProvider,getNoteCountByFolder,1,0,0.0,0,0.0,0,13,1,0,4,0,1,1,0.5,1,1,1,0,1.0,0,2.5,1,1,0.0,0,0.8052631578947368,0.3,105,30,0.7142857142857143,7,1,0,0,1,11,3,0,0,0,1,1,0,0,0,0,21,0.28421052631578947,21,1.05,20,0,1,0,20,0,0,20,1,1,0,0,0,0,0,20,20,26,1210,940,3,0,19,31,1.05,19,0,267,74,248,44,21532
2025-07-11,argo,com.maubis.scarlet.base.database,NotesProvider,getNotesByFolder,1,0,0.0,0,0.0,0,13,1,0,4,0,1,1,0.5,1,1,1,0,1.0,0,2.5,1,1,0.0,0,0.8052631578947368,0.3,105,30,0.7142857142857143,7,1,0,0,1,11,3,0,0,0,1,1,0,0,0,0,21,0.28421052631578947,21,1.05,20,0,1,0,20,0,0,20,1,1,0,0,0,0,0,20,20,26,1210,940,3,0,19,31,1.05,19,0,267,74,248,44,21532
2025-07-11,argo,com.maubis.scarlet.base.database,NotesProvider,getByID,1,0,0.0,0,0.0,0,13,1,0,4,0,1,1,0.3333333333333333,1,1,1,0,1.0,0,2.5,1,1,0.0,0,0.8052631578947368,0.3,105,30,0.7142857142857143,7,1,0,0,1,11,3,0,0,0,1,1,0,0,0,0,21,0.28421052631578947,21,1.05,20,0,1,0,20,0,0,20,1,1,0,0,0,0,0,20,20,26,1210,940,3,0,19,31,1.05,19,0,267,74,248,44,21532
2025-07-11,argo,com.maubis.scarlet.base.database,NotesProvider,getByUUID,1,0,0.0,0,0.0,0,13,1,0,4,0,1,1,0.5,1,1,1,0,1.0,0,0.0,1,1,0.0,0,0.8052631578947368,0.3,105,30,0.7142857142857143,7,1,0,0,1,11,3,0,0,0,1,1,0,0,0,0,21,0.28421052631578947,21,1.05,20,0,1,0,20,0,0,20,1,1,0,0,0,0,0,20,20,26,1210,940,3,0,19,31,1.05,19,0,267,74,248,44,21532
2025-07-11,argo,com.maubis.scarlet.base.database,NotesProvider,getAllUUIDs,1,0,0.0,1,1.0,0,13,1,0,4,0,1,1,1.0,1,1,1,2,1.0,0,3.0,0,1,0.0,0,0.8052631578947368,0.3,105,30,0.7142857142857143,7,1,0,0,1,11,3,0,0,0,1,1,0,0,0,0,21,0.28421052631578947,21,1.05,20,0,1,0,20,0,0,20,1,1,0,0,0,0,0,20,20,26,1210,940,3,0,19,31,1.05,19,0,267,74,248,44,21532
2025-07-11,argo,com.maubis.scarlet.base.database,NotesProvider,getLastTimestamp,1,0,0.0,1,1.0,0,13,1,0,4,0,1,1,1.0,1,1,1,4,1.0,0,2.3333333333333335,0,1,0.0,0,0.8052631578947368,0.3,105,30,0.7142857142857143,7,1,0,0,1,11,3,0,0,0,1,1,0,0,0,0,21,0.28421052631578947,21,1.05,20,0,1,0,20,0,0,20,1,1,0,0,0,0,0,20,20,26,1210,940,3,0,19,31,1.05,19,0,267,74,248,44,21532
2025-07-11,argo,com.maubis.scarlet.base.database,NotesProvider,unlockAll,1,0,1.0,0,0.0,0,13,1,0,3,0,1,1,0.0,1,0,1,0,0.0,0,0.0,0,1,0.0,0,0.8052631578947368,0.3,105,30,0.7142857142857143,7,1,0,0,1,11,3,0,0,0,1,1,0,0,0,0,21,0.28421052631578947,21,1.05,20,0,1,0,20,0,0,20,1,1,0,0,0,0,0,20,20,26,1210,940,3,0,19,31,1.05,19,0,267,74,248,44,21532
2025-07-11,argo,com.maubis.scarlet.base.database,NotesProvider,existingMatch,1,0,1.0,1,1.0,0,13,1,0,4,0,1,2,0.0,2,0,1,1,0.0,1,2.0,1,1,0.0,0,0.8052631578947368,0.3,105,30,0.7142857142857143,7,1,0,0,1,11,3,0,0,0,1,1,0,0,0,0,21,0.28421052631578947,21,1.05,20,0,1,0,20,0,0,20,1,1,0,0,0,0,0,20,20,26,1210,940,3,0,19,31,1.05,19,0,267,74,248,44,21532
2025-07-11,argo,com.maubis.scarlet.base.database,NotesProvider,maybeLoadFromDB,2,0,1.0,3,1.0,0,13,1,0,9,1,2,1,1.0,1,1,1,4,1.0,1,2.25,0,1,0.0,0,0.8052631578947368,0.3,105,30,0.7142857142857143,7,1,0,0,1,11,3,0,0,0,1,1,0,0,0,0,21,0.28421052631578947,21,1.05,20,0,1,0,20,0,0,20,1,1,0,0,0,0,0,20,20,26,1210,940,3,0,19,31,1.05,19,0,267,74,248,44,21532
2025-07-11,argo,com.maubis.scarlet.base.database,NotesProvider,clear,1,0,0.0,0,0.0,0,13,1,0,3,0,1,0,1.0,1,1,0,1,1.0,1,2.0,0,0,0.0,0,0.8052631578947368,0.3,105,30,0.7142857142857143,7,1,0,0,1,11,3,0,0,0,1,1,0,0,0,0,21,0.28421052631578947,21,1.05,20,0,1,0,20,0,0,20,1,1,0,0,0,0,0,20,20,26,1210,940,3,0,19,31,1.05,19,0,267,74,248,44,21532
2025-07-11,argo,com.maubis.scarlet.base.database,NotesProvider,database,1,0,0.0,1,1.0,0,13,1,0,3,0,1,0,1.0,1,1,0,3,1.0,0,4.0,0,0,0.0,0,0.8052631578947368,0.3,105,30,0.7142857142857143,7,1,0,0,1,11,3,0,0,0,1,1,0,0,0,0,21,0.28421052631578947,21,1.05,20,0,1,0,20,0,0,20,1,1,0,0,0,0,0,20,20,26,1210,940,3,0,19,31,1.05,19,0,267,74,248,44,21532
2025-07-11,argo,com.maubis.scarlet.base.database,TagsProvider,notifyInsertTag,1,0,1.0,0,0.0,0,6,1,0,4,0,1,1,0.3333333333333333,1,1,2,0,1.0,0,2.0,1,1,0.0,0,1.0,0.3333333333333333,63,24,0.6666666666666666,6,1,0,0,1,7,3,0,0,0,1,1,0,0,0,0,13,0.4545454545454546,13,1.0833333333333333,12,0,1,0,12,0,0,12,1,1,0,0,0,0,0,12,12,26,1210,940,3,0,11,17,1.0833333333333333,19,0,267,74,248,44,21532
2025-07-11,argo,com.maubis.scarlet.base.database,TagsProvider,notifyDelete,1,0,1.0,1,1.0,0,6,1,0,4,0,1,1,0.5,1,1,1,2,1.0,0,3.0,1,1,0.0,0,1.0,0.3333333333333333,63,24,0.6666666666666666,6,1,0,0,1,7,3,0,0,0,1,1,0,0,0,0,13,0.4545454545454546,13,1.0833333333333333,12,0,1,0,12,0,0,12,1,1,0,0,0,0,0,12,12,26,1210,940,3,0,11,17,1.0833333333333333,19,0,267,74,248,44,21532
2025-07-11,argo,com.maubis.scarlet.base.database,TagsProvider,getCount,1,0,0.0,0,0.0,0,6,1,0,4,0,1,1,1.0,1,1,1,0,1.0,0,2.0,0,1,0.0,0,1.0,0.3333333333333333,63,24,0.6666666666666666,6,1,0,0,1,7,3,0,0,0,1,1,0,0,0,0,13,0.4545454545454546,13,1.0833333333333333,12,0,1,0,12,0,0,12,1,1,0,0,0,0,0,12,12,26,1210,940,3,0,11,17,1.0833333333333333,19,0,267,74,248,44,21532
2025-07-11,argo,com.maubis.scarlet.base.database,TagsProvider,getUUIDs,1,0,0.0,0,0.0,0,6,1,0,4,0,1,1,1.0,1,1,1,0,1.0,0,2.5,0,1,0.0,0,1.0,0.3333333333333333,63,24,0.6666666666666666,6,1,0,0,1,7,3,0,0,0,1,1,0,0,0,0,13,0.4545454545454546,13,1.0833333333333333,12,0,1,0,12,0,0,12,1,1,0,0,0,0,0,12,12,26,1210,940,3,0,11,17,1.0833333333333333,19,0,267,74,248,44,21532
2025-07-11,argo,com.maubis.scarlet.base.database,TagsProvider,getAll,1,0,0.0,1,1.0,0,6,1,0,4,0,1,1,1.0,1,1,1,2,1.0,0,3.0,0,1,0.0,0,1.0,0.3333333333333333,63,24,0.6666666666666666,6,1,0,0,1,7,3,0,0,0,1,1,0,0,0,0,13,0.4545454545454546,13,1.0833333333333333,12,0,1,0,12,0,0,12,1,1,0,0,0,0,0,12,12,26,1210,940,3,0,11,17,1.0833333333333333,19,0,267,74,248,44,21532
2025-07-11,argo,com.maubis.scarlet.base.database,TagsProvider,getByID,1,0,0.0,0,0.0,0,6,1,0,4,0,1,1,0.3333333333333333,1,1,1,0,1.0,0,2.5,1,1,0.0,0,1.0,0.3333333333333333,63,24,0.6666666666666666,6,1,0,0,1,7,3,0,0,0,1,1,0,0,0,0,13,0.4545454545454546,13,1.0833333333333333,12,0,1,0,12,0,0,12,1,1,0,0,0,0,0,12,12,26,1210,940,3,0,11,17,1.0833333333333333,19,0,267,74,248,44,21532
2025-07-11,argo,com.maubis.scarlet.base.database,TagsProvider,getByUUID,1,0,0.0,0,0.0,0,6,1,0,4,0,1,1,0.5,1,1,1,0,1.0,0,0.0,1,1,0.0,0,1.0,0.3333333333333333,63,24,0.6666666666666666,6,1,0,0,1,7,3,0,0,0,1,1,0,0,0,0,13,0.4545454545454546,13,1.0833333333333333,12,0,1,0,12,0,0,12,1,1,0,0,0,0,0,12,12,26,1210,940,3,0,11,17,1.0833333333333333,19,0,267,74,248,44,21532
2025-07-11,argo,com.maubis.scarlet.base.database,TagsProvider,getByTitle,1,0,0.0,0,0.0,0,6,1,0,4,0,1,1,0.3333333333333333,1,1,1,0,1.0,0,2.5,1,1,0.0,0,1.0,0.3333333333333333,63,24,0.6666666666666666,6,1,0,0,1,7,3,0,0,0,1,1,0,0,0,0,13,0.4545454545454546,13,1.0833333333333333,12,0,1,0,12,0,0,12,1,1,0,0,0,0,0,12,12,26,1210,940,3,0,11,17,1.0833333333333333,19,0,267,74,248,44,21532
2025-07-11,argo,com.maubis.scarlet.base.database,TagsProvider,search,1,0,1.0,1,1.0,0,6,1,0,4,0,1,1,0.3333333333333333,1,1,1,5,1.0,0,2.6666666666666665,1,1,0.0,0,1.0,0.3333333333333333,63,24,0.6666666666666666,6,1,0,0,1,7,3,0,0,0,1,1,0,0,0,0,13,0.4545454545454546,13,1.0833333333333333,12,0,1,0,12,0,0,12,1,1,0,0,0,0,0,12,12,26,1210,940,3,0,11,17,1.0833333333333333,19,0,267,74,248,44,21532
2025-07-11,argo,com.maubis.scarlet.base.database,TagsProvider,maybeLoadFromDB,2,0,1.0,2,1.0,0,6,1,0,6,1,2,1,1.0,1,1,1,4,1.0,1,2.3333333333333335,0,1,0.0,0,1.0,0.3333333333333333,63,24,0.6666666666666666,6,1,0,0,1,7,3,0,0,0,1,1,0,0,0,0,13,0.4545454545454546,13,1.0833333333333333,12,0,1,0,12,0,0,12,1,1,0,0,0,0,0,12,12,26,1210,940,3,0,11,17,1.0833333333333333,19,0,267,74,248,44,21532
2025-07-11,argo,com.maubis.scarlet.base.database,TagsProvider,clear,1,0,0.0,0,0.0,0,6,1,0,3,0,1,0,1.0,1,1,0,1,1.0,1,2.0,0,0,0.0,0,1.0,0.3333333333333333,63,24,0.6666666666666666,6,1,0,0,1,7,3,0,0,0,1,1,0,0,0,0,13,0.4545454545454546,13,1.0833333333333333,12,0,1,0,12,0,0,12,1,1,0,0,0,0,0,12,12,26,1210,940,3,0,11,17,1.0833333333333333,19,0,267,74,248,44,21532
2025-07-11,argo,com.maubis.scarlet.base.database,TagsProvider,database,1,0,0.0,1,1.0,0,6,1,0,3,0,1,0,1.0,1,1,0,3,1.0,0,4.0,0,0,0.0,0,1.0,0.3333333333333333,63,24,0.6666666666666666,6,1,0,0,1,7,3,0,0,0,1,1,0,0,0,0,13,0.4545454545454546,13,1.0833333333333333,12,0,1,0,12,0,0,12,1,1,0,0,0,0,0,12,12,26,1210,940,3,0,11,17,1.0833333333333333,19,0,267,74,248,44,21532
2025-07-11,argo,com.maubis.scarlet.base.export.activity,ImportNoteActivity,onCreate,3,2,1.0,7,1.0,1,0,1,0,24,2,3,1,0.8333333333333334,2,4,4,19,1.33,1,2.3636363636363638,1,4,0.0,0,0.6666666666666666,1.0,76,59,0.25,4,6,3,1,6,2,9,0,0,0,6,5,0,0,1,0,9,0.6666666666666667,9,2.25,4,3,6,0,4,0,0,4,1,1,0,0,0,0,0,8,8,26,1210,940,1,0,6,52,2.5,4,0,107,74,248,4,21532
2025-07-11,argo,com.maubis.scarlet.base.export.activity,ImportNoteActivity,onResume,1,0,0.0,3,1.0,1,0,1,0,13,0,1,0,1.0,1,1,1,13,1.0,1,2.3,0,1,0.0,0,0.6666666666666666,1.0,76,59,0.25,4,6,3,1,6,2,9,0,0,0,6,5,0,0,1,0,9,0.6666666666666667,9,2.25,4,3,6,0,4,0,0,4,1,1,0,0,0,0,0,8,8,26,1210,940,1,0,6,52,2.5,4,0,107,74,248,4,21532
2025-07-11,argo,com.maubis.scarlet.base.export.activity,ImportNoteActivity,select,4,4,0.0,3,1.0,1,0,1,0,15,3,4,4,0.7142857142857143,0,2,1,5,0.4,1,2.0,1,0,0.0,0,0.6666666666666666,1.0,76,59,0.25,4,6,3,1,6,2,9,0,0,0,6,5,0,0,1,0,9,0.6666666666666667,9,2.25,4,3,6,0,4,0,0,4,1,1,0,0,0,0,0,8,8,26,1210,940,1,0,6,52,2.5,4,0,107,74,248,4,21532
2025-07-11,argo,com.maubis.scarlet.base.export.activity,ImportNoteActivity,notifyThemeChange,2,0,0.0,4,0.8,1,0,1,0,7,0,2,0,1.0,0,4,0,15,4.0,0,3.25,0,0,0.0,0,0.6666666666666666,1.0,76,59,0.25,4,6,3,1,6,2,9,0,0,0,6,5,0,0,1,0,9,0.6666666666666667,9,2.25,4,3,6,0,4,0,0,4,1,1,0,0,0,0,0,8,8,26,1210,940,1,0,6,52,2.5,4,0,107,74,248,4,21532
2025-07-11,argo,com.maubis.scarlet.base.export.data,ExportableTag,title,1,0,0.0,0,0.0,0,0,1,2,1,0,1,1,0.0,0,0,0,0,0.0,0,0.0,0,0,0.0,0,0.0,0.0,27,2,0.0,2,0,2,1,0,1,0,0,0,0,0,0,0,0,0,0,2,1.0,2,1.0,2,2,0,0,7,0,0,7,0,4,0,0,3,0,3,2,5,26,1210,940,6,0,0,0,1.0,22,0,355,74,248,19,21532
2025-07-11,argo,com.maubis.scarlet.base.export.data,ExportableTag,uuid,1,0,0.0,0,0.0,0,0,1,2,1,0,1,1,0.0,0,0,0,0,0.0,0,0.0,0,0,0.0,0,0.0,0.0,27,2,0.0,2,0,2,1,0,1,0,0,0,0,0,0,0,0,0,0,2,1.0,2,1.0,2,2,0,0,7,0,0,7,0,4,0,0,3,0,3,2,5,26,1210,940,6,0,0,0,1.0,22,0,355,74,248,19,21532
2025-07-11,argo,com.maubis.scarlet.base.export.data,ExportableFolder,timestamp,1,0,0.0,0,0.0,0,0,1,2,1,0,1,1,0.0,0,0,0,0,0.0,0,0.0,0,0,0.0,0,0.0,0.0,15,5,0.0,5,0,5,1,0,3,0,0,0,0,0,0,0,0,0,0,5,1.0,5,1.0,5,5,0,0,7,0,0,7,0,4,0,0,0,0,0,5,5,26,1210,940,6,0,0,0,1.0,22,0,355,74,248,19,21532
2025-07-11,argo,com.maubis.scarlet.base.export.data,ExportableFolder,updateTimestamp,1,0,0.0,0,0.0,0,0,1,2,1,0,1,1,0.0,0,0,0,0,0.0,0,0.0,0,0,0.0,0,0.0,0.0,15,5,0.0,5,0,5,1,0,3,0,0,0,0,0,0,0,0,0,0,5,1.0,5,1.0,5,5,0,0,7,0,0,7,0,4,0,0,0,0,0,5,5,26,1210,940,6,0,0,0,1.0,22,0,355,74,248,19,21532
2025-07-11,argo,com.maubis.scarlet.base.export.data,ExportableFolder,color,1,0,0.0,0,0.0,0,0,1,2,1,0,1,1,0.0,0,0,0,0,0.0,0,0.0,0,0,0.0,0,0.0,0.0,15,5,0.0,5,0,5,1,0,3,0,0,0,0,0,0,0,0,0,0,5,1.0,5,1.0,5,5,0,0,7,0,0,7,0,4,0,0,0,0,0,5,5,26,1210,940,6,0,0,0,1.0,22,0,355,74,248,19,21532
2025-07-11,argo,com.maubis.scarlet.base.export.data,ExportableFolder,title,1,0,0.0,0,0.0,0,0,1,2,1,0,1,1,0.0,0,0,0,0,0.0,0,0.0,0,0,0.0,0,0.0,0.0,15,5,0.0,5,0,5,1,0,3,0,0,0,0,0,0,0,0,0,0,5,1.0,5,1.0,5,5,0,0,7,0,0,7,0,4,0,0,0,0,0,5,5,26,1210,940,6,0,0,0,1.0,22,0,355,74,248,19,21532
2025-07-11,argo,com.maubis.scarlet.base.export.data,ExportableFolder,getBestPossibleTagObject,1,0,0.0,0,0.0,0,0,1,2,1,0,1,1,0.0,0,0,0,0,0.0,0,0.0,0,0,0.0,0,0.0,0.0,15,5,0.0,5,0,5,1,0,3,0,0,0,0,0,0,0,0,0,0,5,1.0,5,1.0,5,5,0,0,7,0,0,7,0,4,0,0,0,0,0,5,5,26,1210,940,6,1,0,0,1.0,22,0,355,74,248,19,21532
2025-07-11,argo,com.maubis.scarlet.base.export.data,ExportableNote,uuid,1,0,0.0,0,0.0,0,0,1,1,1,0,1,1,0.0,0,0,0,0,0.0,0,0.0,0,0,0.0,0,0.0,0.08333333333333333,60,19,0.0,12,0,11,1,0,6,1,1,0,0,1,1,1,1,0,0,13,1.0,13,1.0833333333333333,12,11,0,0,12,0,0,12,1,1,0,0,4,0,4,12,16,26,1210,940,6,0,1,5,1.0833333333333333,22,0,355,74,248,19,21532
2025-07-11,argo,com.maubis.scarlet.base.export.data,ExportableNote,description,1,0,0.0,0,0.0,0,0,1,1,1,0,1,1,0.0,0,0,0,0,0.0,0,0.0,0,0,0.0,0,0.0,0.08333333333333333,60,19,0.0,12,0,11,1,0,6,1,1,0,0,1,1,1,1,0,0,13,1.0,13,1.0833333333333333,12,11,0,0,12,0,0,12,1,1,0,0,4,0,4,12,16,26,1210,940,6,0,1,5,1.0833333333333333,22,0,355,74,248,19,21532
2025-07-11,argo,com.maubis.scarlet.base.export.data,ExportableNote,timestamp,1,0,0.0,0,0.0,0,0,1,1,1,0,1,1,0.0,0,0,0,0,0.0,0,0.0,0,0,0.0,0,0.0,0.08333333333333333,60,19,0.0,12,0,11,1,0,6,1,1,0,0,1,1,1,1,0,0,13,1.0,13,1.0833333333333333,12,11,0,0,12,0,0,12,1,1,0,0,4,0,4,12,16,26,1210,940,6,0,1,5,1.0833333333333333,22,0,355,74,248,19,21532
2025-07-11,argo,com.maubis.scarlet.base.export.data,ExportableNote,updateTimestamp,1,0,0.0,0,0.0,0,0,1,1,1,0,1,1,0.0,0,0,0,0,0.0,0,0.0,0,0,0.0,0,0.0,0.08333333333333333,60,19,0.0,12,0,11,1,0,6,1,1,0,0,1,1,1,1,0,0,13,1.0,13,1.0833333333333333,12,11,0,0,12,0,0,12,1,1,0,0,4,0,4,12,16,26,1210,940,6,0,1,5,1.0833333333333333,22,0,355,74,248,19,21532
2025-07-11,argo,com.maubis.scarlet.base.export.data,ExportableNote,color,1,0,0.0,0,0.0,0,0,1,1,1,0,1,1,0.0,0,0,0,0,0.0,0,0.0,0,0,0.0,0,0.0,0.08333333333333333,60,19,0.0,12,0,11,1,0,6,1,1,0,0,1,1,1,1,0,0,13,1.0,13,1.0833333333333333,12,11,0,0,12,0,0,12,1,1,0,0,4,0,4,12,16,26,1210,940,6,0,1,5,1.0833333333333333,22,0,355,74,248,19,21532
2025-07-11,argo,com.maubis.scarlet.base.export.data,ExportableNote,state,1,0,0.0,0,0.0,0,0,1,1,1,0,1,1,0.0,0,0,0,0,0.0,0,0.0,0,0,0.0,0,0.0,0.08333333333333333,60,19,0.0,12,0,11,1,0,6,1,1,0,0,1,1,1,1,0,0,13,1.0,13,1.0833333333333333,12,11,0,0,12,0,0,12,1,1,0,0,4,0,4,12,16,26,1210,940,6,0,1,5,1.0833333333333333,22,0,355,74,248,19,21532
2025-07-11,argo,com.maubis.scarlet.base.export.data,ExportableNote,tags,1,0,0.0,0,0.0,0,0,1,1,1,0,1,1,0.0,0,0,0,0,0.0,0,0.0,0,0,0.0,0,0.0,0.08333333333333333,60,19,0.0,12,0,11,1,0,6,1,1,0,0,1,1,1,1,0,0,13,1.0,13,1.0833333333333333,12,11,0,0,12,0,0,12,1,1,0,0,4,0,4,12,16,26,1210,940,6,0,1,5,1.0833333333333333,22,0,355,74,248,19,21532
2025-07-11,argo,com.maubis.scarlet.base.export.data,ExportableNote,meta,1,0,0.0,0,0.0,0,0,1,1,1,0,1,0,0.0,0,0,0,1,0.0,0,0.0,0,0,0.0,0,0.0,0.08333333333333333,60,19,0.0,12,0,11,1,0,6,1,1,0,0,1,1,1,1,0,0,13,1.0,13,1.0833333333333333,12,11,0,0,12,0,0,12,1,1,0,0,4,0,4,12,16,26,1210,940,6,0,1,5,1.0833333333333333,22,0,355,74,248,19,21532
2025-07-11,argo,com.maubis.scarlet.base.export.data,ExportableNote,locked,1,0,0.0,0,0.0,0,0,1,1,1,0,1,0,0.0,0,0,0,0,0.0,0,0.0,0,0,0.0,0,0.0,0.08333333333333333,60,19,0.0,12,0,11,1,0,6,1,1,0,0,1,1,1,1,0,0,13,1.0,13,1.0833333333333333,12,11,0,0,12,0,0,12,1,1,0,0,4,0,4,12,16,26,1210,940,6,0,1,5,1.0833333333333333,22,0,355,74,248,19,21532
2025-07-11,argo,com.maubis.scarlet.base.export.data,ExportableNote,pinned,1,0,0.0,0,0.0,0,0,1,1,1,0,1,0,0.0,0,0,0,0,0.0,0,0.0,0,0,0.0,0,0.0,0.08333333333333333,60,19,0.0,12,0,11,1,0,6,1,1,0,0,1,1,1,1,0,0,13,1.0,13,1.0833333333333333,12,11,0,0,12,0,0,12,1,1,0,0,4,0,4,12,16,26,1210,940,6,0,1,5,1.0833333333333333,22,0,355,74,248,19,21532
2025-07-11,argo,com.maubis.scarlet.base.export.data,ExportableNote,folder,1,0,0.0,0,0.0,0,0,1,1,1,0,1,1,0.0,0,0,0,0,0.0,0,0.0,0,0,0.0,0,0.0,0.08333333333333333,60,19,0.0,12,0,11,1,0,6,1,1,0,0,1,1,1,1,0,0,13,1.0,13,1.0833333333333333,12,11,0,0,12,0,0,12,1,1,0,0,4,0,4,12,16,26,1210,940,6,0,1,5,1.0833333333333333,22,0,355,74,248,19,21532
2025-07-11,argo,com.maubis.scarlet.base.export.data,ExportableNote,convertTagsJSONArrayToString,2,3,0.0,4,1.0,0,0,1,1,8,1,2,0,0.0,0,0,1,4,0.0,1,2.0,0,0,0.0,0,0.0,0.08333333333333333,60,19,0.0,12,0,11,1,0,6,1,1,0,0,1,1,1,1,0,0,13,1.0,13,1.0833333333333333,12,11,0,0,12,0,0,12,1,1,0,0,4,0,4,12,16,26,1210,940,6,1,1,5,1.0833333333333333,22,0,355,74,248,19,21532
2025-07-11,argo,com.maubis.scarlet.base.export.recycler,FileImportViewHolder,populate,2,1,0.0,6,0.5556,0,3,1,0,13,0,2,3,0.8888888888888888,3,4,6,21,1.33,2,2.260869565217391,2,1,0.0,0,0.16666666666666666,1.0,54,13,0.0,3,4,1,1,0,5,1,0,4,0,0,4,0,0,0,0,6,1.0,6,1.5,4,1,4,0,1,3,0,1,0,1,0,0,0,0,0,4,4,26,1210,940,2,0,7,34,1.75,2,0,108,74,248,5,21532
2025-07-11,argo,com.maubis.scarlet.base.export.recycler,FileImportViewHolder,getPath,1,1,0.0,2,1.0,0,3,1,0,5,0,1,0,0.0,0,0,1,6,0.0,0,4.0,1,0,0.0,0,0.16666666666666666,1.0,54,13,0.0,3,4,1,1,0,5,1,0,4,0,0,4,0,0,0,0,6,1.0,6,1.5,4,1,4,0,1,3,0,1,0,1,0,0,0,0,0,4,4,26,1210,940,2,0,7,34,1.75,2,0,108,74,248,5,21532
2025-07-11,argo,com.maubis.scarlet.base.export.recycler,FileImportViewHolder,getSubtitleText,1,0,0.0,1,1.0,0,3,1,0,3,0,1,0,0.0,0,0,0,2,0.0,0,3.0,1,0,0.0,0,0.16666666666666666,1.0,54,13,0.0,3,4,1,1,0,5,1,0,4,0,0,4,0,0,0,0,6,1.0,6,1.5,4,1,4,0,1,3,0,1,0,1,0,0,0,0,0,4,4,26,1210,940,2,0,7,34,1.75,2,0,108,74,248,5,21532
2025-07-11,argo,com.maubis.scarlet.base.export.recycler,FileImportViewHolder,getMetaText,3,2,0.0,2,1.0,0,3,1,0,13,1,3,0,0.8888888888888888,0,0,0,5,0.33,0,2.3333333333333335,1,0,0.0,0,0.16666666666666666,1.0,54,13,0.0,3,4,1,1,0,5,1,0,4,0,0,4,0,0,0,0,6,1.0,6,1.5,4,1,4,0,1,3,0,1,0,1,0,0,0,0,0,4,4,26,1210,940,2,0,7,34,1.75,2,0,108,74,248,5,21532
2025-07-11,argo,com.maubis.scarlet.base.export.recycler,FileRecyclerItem,compareTo,3,0,0.0,2,1.0,0,0,1,0,9,1,3,0,0.0,0,0,0,4,0.0,2,2.5,1,0,0.0,0,0.0,1.0,15,9,0.0,1,2,1,1,1,1,0,0,0,0,1,1,0,0,1,0,3,0.0,3,3.0,1,1,2,0,1,0,0,1,0,1,0,0,0,0,0,1,1,26,1210,940,2,0,0,4,3.0,2,0,108,74,248,5,21532
2025-07-11,argo,com.maubis.scarlet.base.export.remote,RemoteImagesFolder,scan,2,2,0.0,3,1.0,0,0,1,0,7,0,2,0,1.0,0,1,1,10,0.5,1,2.0,0,1,0.0,0,0.4666666666666667,0.8333333333333334,87,69,0.16666666666666666,6,2,0,0,2,3,2,0,0,0,2,2,0,0,0,0,8,0.4666666666666667,8,1.3333333333333333,6,0,2,0,5,1,0,5,1,1,0,0,0,0,0,6,6,26,1210,940,3,0,5,64,2.1666666666666665,29,0,405,74,248,6,21532
2025-07-11,argo,com.maubis.scarlet.base.export.remote,RemoteImagesFolder,onInsert,3,7,1.0,8,1.0,0,0,1,0,21,1,3,1,0.375,1,2,1,23,0.25,2,2.2,1,1,0.0,0,0.4666666666666667,0.8333333333333334,87,69,0.16666666666666666,6,2,0,0,2,3,2,0,0,0,2,2,0,0,0,0,8,0.4666666666666667,8,1.3333333333333333,6,0,2,0,5,1,0,5,1,1,0,0,0,0,0,6,6,26,1210,940,3,0,5,64,2.1666666666666665,29,0,405,74,248,6,21532
2025-07-11,argo,com.maubis.scarlet.base.export.remote,RemoteImagesFolder,onRemove,1,1,0.0,2,1.0,0,0,1,0,7,0,1,0,0.3333333333333333,0,1,1,3,0.5,1,2.0,1,1,0.0,0,0.4666666666666667,0.8333333333333334,87,69,0.16666666666666666,6,2,0,0,2,3,2,0,0,0,2,2,0,0,0,0,8,0.4666666666666667,8,1.3333333333333333,6,0,2,0,5,1,0,5,1,1,0,0,0,0,0,6,6,26,1210,940,3,0,5,64,2.1666666666666665,29,0,405,74,248,6,21532
2025-07-11,argo,com.maubis.scarlet.base.export.remote,RemoteImagesFolder,onRemoteInsert,3,4,0.0,6,1.0,0,0,1,0,14,1,3,0,0.5714285714285714,0,1,1,15,0.2,1,2.4166666666666665,1,1,0.0,0,0.4666666666666667,0.8333333333333334,87,69,0.16666666666666666,6,2,0,0,2,3,2,0,0,0,2,2,0,0,0,0,8,0.4666666666666667,8,1.3333333333333333,6,0,2,0,5,1,0,5,1,1,0,0,0,0,0,6,6,26,1210,940,3,0,5,64,2.1666666666666665,29,0,405,74,248,6,21532
2025-07-11,argo,com.maubis.scarlet.base.export.remote,RemoteImagesFolder,deleteEverything,1,0,0.0,3,0.6667,0,0,1,0,7,0,1,0,1.0,0,1,1,3,1.0,1,2.0,0,1,0.0,0,0.4666666666666667,0.8333333333333334,87,69,0.16666666666666666,6,2,0,0,2,3,2,0,0,0,2,2,0,0,0,0,8,0.4666666666666667,8,1.3333333333333333,6,0,2,0,5,1,0,5,1,1,0,0,0,0,0,6,6,26,1210,940,3,0,5,64,2.1666666666666665,29,0,405,74,248,6,21532
2025-07-11,argo,com.maubis.scarlet.base.export.remote,RemoteImagesFolder,copy,3,4,0.0,3,1.0,0,0,1,0,13,1,3,0,0.0,0,0,0,10,0.0,1,2.0,2,0,0.0,0,0.4666666666666667,0.8333333333333334,87,69,0.16666666666666666,6,2,0,0,2,3,2,0,0,0,2,2,0,0,0,0,8,0.4666666666666667,8,1.3333333333333333,6,0,2,0,5,1,0,5,1,1,0,0,0,0,0,6,6,26,1210,940,3,0,5,64,2.1666666666666665,29,0,405,74,248,6,21532
2025-07-11,argo,com.maubis.scarlet.base.export.sheet,BackupSettingsOptionsBottomSheet,title,1,0,0.0,0,0.0,1,1,1,0,1,0,1,0,0.0,0,0,0,0,0.0,0,3.0,0,0,0.0,0,0.0,0.6666666666666666,57,8,0.0,3,0,2,1,0,5,2,0,0,0,0,0,0,0,0,0,7,0.6666666666666667,7,2.3333333333333335,3,2,0,0,2,1,0,2,0,1,0,0,0,0,0,3,3,26,1210,940,4,0,2,29,2.3333333333333335,2,0,417,74,248,6,21532
2025-07-11,argo,com.maubis.scarlet.base.export.sheet,BackupSettingsOptionsBottomSheet,getOptions,4,8,0.0,6,0.8333,1,1,1,0,45,1,4,1,0.0,1,0,1,26,0.0,1,2.4615384615384617,2,1,0.0,0,0.0,0.6666666666666666,57,8,0.0,3,0,2,1,0,5,2,0,0,0,0,0,0,0,0,0,7,0.6666666666666667,7,2.3333333333333335,3,2,0,0,2,1,0,2,0,1,0,0,0,0,0,3,3,26,1210,940,4,0,2,29,2.3333333333333335,2,0,417,74,248,6,21532
2025-07-11,argo,com.maubis.scarlet.base.export.sheet,BackupSettingsOptionsBottomSheet,openExportSheet,2,0,0.0,0,0.0,1,1,1,0,7,1,2,1,0.0,1,0,1,3,0.0,0,0.0,1,1,0.0,0,0.0,0.6666666666666666,57,8,0.0,3,0,2,1,0,5,2,0,0,0,0,0,0,0,0,0,7,0.6666666666666667,7,2.3333333333333335,3,2,0,0,2,1,0,2,0,1,0,0,0,0,0,3,3,26,1210,940,4,0,2,29,2.3333333333333335,2,0,417,74,248,6,21532
2025-07-11,argo,com.maubis.scarlet.base.export.sheet,ExternalFolderSyncBottomSheet,getComponent,3,1,0.0,8,1.0,1,2,1,0,15,0,3,1,0.0,1,0,2,63,0.0,1,5.190476190476191,2,2,0.0,0,0.0,1.0,23,0,0.0,2,0,1,1,0,4,3,0,0,0,0,0,0,0,0,0,2,1.0,2,1.0,2,1,0,0,2,0,0,2,0,1,0,0,0,0,0,2,2,26,1210,940,4,0,3,70,2.0,2,0,417,74,248,6,21532
2025-07-11,argo,com.maubis.scarlet.base.export.sheet,ExternalFolderSyncBottomSheet,getOptions,1,1,0.0,1,1.0,1,2,1,0,5,0,1,0,0.0,0,0,1,7,0.0,0,2.75,0,1,0.0,0,0.0,1.0,23,0,0.0,2,0,1,1,0,4,3,0,0,0,0,0,0,0,0,0,2,1.0,2,1.0,2,1,0,0,2,0,0,2,0,1,0,0,0,0,0,2,2,26,1210,940,4,0,3,70,2.0,2,0,417,74,248,6,21532
2025-07-11,argo,com.maubis.scarlet.base.export.sheet,PermissionBottomSheet,getComponent,1,3,0.0,5,1.0,1,1,1,0,9,0,1,0,0.0,0,0,0,42,0.0,1,5.2,2,0,0.0,0,0.0,1.0,11,0,0.0,1,0,1,1,0,3,0,0,0,0,0,0,0,0,0,0,1,0.0,1,1.0,1,1,0,0,1,0,0,1,0,1,0,0,0,0,0,1,1,26,1210,940,4,0,0,42,1.0,2,0,417,74,248,6,21532
2025-07-11,argo,com.maubis.scarlet.base.export.support,NoteImporter,gen,8,7,1.0,10,1.0,0,4,1,0,36,3,8,2,0.0,1,0,0,23,0.0,1,2.3529411764705883,2,0,0.0,0,0.0,0.8571428571428571,98,55,0.6666666666666666,7,0,0,0,0,6,2,0,0,0,0,0,0,0,0,0,15,0.8571428571428572,15,2.142857142857143,7,0,0,0,3,4,0,3,0,1,0,0,0,0,0,7,7,26,1210,940,4,0,2,60,4.0,7,0,389,74,248,8,21532
2025-07-11,argo,com.maubis.scarlet.base.export.support,NoteImporter,importNoteFallback,1,0,1.0,1,1.0,0,4,1,0,3,0,1,0,0.0,1,0,1,8,0.0,0,2.142857142857143,2,1,0.0,0,0.0,0.8571428571428571,98,55,0.6666666666666666,7,0,0,0,0,6,2,0,0,0,0,0,0,0,0,0,15,0.8571428571428572,15,2.142857142857143,7,0,0,0,3,4,0,3,0,1,0,0,0,0,0,7,7,26,1210,940,4,0,2,60,4.0,7,0,389,74,248,8,21532
2025-07-11,argo,com.maubis.scarlet.base.export.support,NoteImporter,getImportableFiles,1,0,0.0,1,1.0,0,4,1,0,3,0,1,1,0.0,1,0,0,1,0.0,1,2.0,0,0,0.0,0,0.0,0.8571428571428571,98,55,0.6666666666666666,7,0,0,0,0,6,2,0,0,0,0,0,0,0,0,0,15,0.8571428571428572,15,2.142857142857143,7,0,0,0,3,4,0,3,0,1,0,0,0,0,0,7,7,26,1210,940,4,0,2,60,4.0,7,0,389,74,248,8,21532
2025-07-11,argo,com.maubis.scarlet.base.export.support,NoteImporter,getFiles,9,5,0.0,7,0.875,0,4,1,0,25,3,9,1,0.0,3,0,1,15,0.0,1,2.0,1,1,0.0,0,0.0,0.8571428571428571,98,55,0.6666666666666666,7,0,0,0,0,6,2,0,0,0,0,0,0,0,0,0,15,0.8571428571428572,15,2.142857142857143,7,0,0,0,3,4,0,3,0,1,0,0,0,0,0,7,7,26,1210,940,4,0,2,60,4.0,7,0,389,74,248,8,21532
2025-07-11,argo,com.maubis.scarlet.base.export.support,NoteImporter,readFileInputStream,4,3,0.0,4,1.0,0,4,1,0,16,1,4,0,0.0,0,0,0,9,0.0,1,2.0,1,0,0.0,0,0.0,0.8571428571428571,98,55,0.6666666666666666,7,0,0,0,0,6,2,0,0,0,0,0,0,0,0,0,15,0.8571428571428572,15,2.142857142857143,7,0,0,0,3,4,0,3,0,1,0,0,0,0,0,7,7,26,1210,940,4,0,2,60,4.0,7,0,389,74,248,8,21532
2025-07-11,argo,com.maubis.scarlet.base.export.support,NoteImporter,isValidFile,1,1,0.0,1,1.0,0,4,1,0,4,0,1,2,0.0,2,0,0,2,0.0,1,2.0,1,0,0.0,0,0.0,0.8571428571428571,98,55,0.6666666666666666,7,0,0,0,0,6,2,0,0,0,0,0,0,0,0,0,15,0.8571428571428572,15,2.142857142857143,7,0,0,0,3,4,0,3,0,1,0,0,0,0,0,7,7,26,1210,940,4,0,2,60,4.0,7,0,389,74,248,8,21532
2025-07-11,argo,com.maubis.scarlet.base.export.support,NoteImporter,isValidFile,1,0,0.0,1,1.0,0,4,1,0,3,0,1,0,0.0,0,0,0,4,0.0,0,2.6666666666666665,2,0,0.0,0,0.0,0.8571428571428571,98,55,0.6666666666666666,7,0,0,0,0,6,2,0,0,0,0,0,0,0,0,0,15,0.8571428571428572,15,2.142857142857143,7,0,0,0,3,4,0,3,0,1,0,0,0,0,0,7,7,26,1210,940,4,0,2,60,4.0,7,0,389,74,248,8,21532
2025-07-11,argo,com.maubis.scarlet.base.export.support,PermissionUtils,getStoragePermissionManager,1,1,0.0,1,1.0,0,1,1,0,5,0,1,0,0.0,0,0,1,6,0.0,0,3.5,1,1,0.0,0,0.0,1.0,7,0,0.0,1,0,0,0,0,2,1,0,0,0,0,0,0,0,0,0,1,0.0,1,1.0,1,0,0,0,1,0,0,1,0,1,0,0,0,0,0,1,1,26,1210,940,4,0,1,6,1.0,7,0,389,74,248,8,21532
2025-07-11,argo,com.maubis.scarlet.base.main,SearchState,hasFilter,1,0,0.0,1,1.0,0,0,1,0,3,0,1,0,0.0,0,0,0,4,0.0,0,2.0,0,0,0.0,0,0.0,0.75,25,20,0.25,4,0,0,0,0,1,2,0,0,0,0,0,0,0,0,0,4,0.6666666666666667,4,1.0,4,0,0,0,4,0,0,4,1,1,0,0,0,0,0,4,4,26,1210,940,2,0,5,11,1.0,9,0,126,74,248,4,21532
2025-07-11,argo,com.maubis.scarlet.base.main,SearchState,clear,1,0,0.0,0,0.0,0,0,1,0,8,0,1,0,0.0,1,0,3,2,0.0,1,2.0,0,2,0.0,0,0.0,0.75,25,20,0.25,4,0,0,0,0,1,2,0,0,0,0,0,0,0,0,0,4,0.6666666666666667,4,1.0,4,0,0,0,4,0,0,4,1,1,0,0,0,0,0,4,4,26,1210,940,2,0,5,11,1.0,9,0,126,74,248,4,21532
2025-07-11,argo,com.maubis.scarlet.base.main,SearchState,clearSearchBar,1,0,1.0,0,0.0,0,0,1,0,6,0,1,0,0.0,1,0,2,2,0.0,1,2.0,0,2,0.0,0,0.0,0.75,25,20,0.25,4,0,0,0,0,1,2,0,0,0,0,0,0,0,0,0,4,0.6666666666666667,4,1.0,4,0,0,0,4,0,0,4,1,1,0,0,0,0,0,4,4,26,1210,940,2,0,5,11,1.0,9,0,126,74,248,4,21532
2025-07-11,argo,com.maubis.scarlet.base.main,SearchState,copy,1,0,0.0,1,1.0,0,0,1,0,3,0,1,0,0.0,0,0,0,3,0.0,0,2.0,0,0,0.0,0,0.0,0.75,25,20,0.25,4,0,0,0,0,1,2,0,0,0,0,0,0,0,0,0,4,0.6666666666666667,4,1.0,4,0,0,0,4,0,0,4,1,1,0,0,0,0,0,4,4,26,1210,940,2,0,5,11,1.0,9,0,126,74,248,4,21532
2025-07-11,argo,com.maubis.scarlet.base.main.activity,WidgetConfigureActivity,onCreate,3,2,0.0,3,1.0,1,2,1,0,14,1,3,0,0.6666666666666666,1,1,2,9,0.33,1,2.3333333333333335,1,2,0.0,0,0.1,0.6,94,26,0.3333333333333333,5,1,4,1,1,5,8,1,0,0,1,0,0,0,1,0,7,0.9,7,1.4,5,4,1,0,5,0,0,5,2,1,0,0,3,0,3,5,8,26,1210,940,2,0,8,22,1.4,8,0,296,74,248,5,21532
2025-07-11,argo,com.maubis.scarlet.base.main.activity,WidgetConfigureActivity,getNotes,1,0,0.0,0,0.0,1,2,1,0,3,0,1,0,0.0,0,0,0,1,0.0,0,0.0,0,0,0.0,0,0.1,0.6,94,26,0.3333333333333333,5,1,4,1,1,5,8,1,0,0,1,0,0,0,1,0,7,0.9,7,1.4,5,4,1,0,5,0,0,5,2,1,0,0,3,0,3,5,8,26,1210,940,2,0,8,22,1.4,8,0,296,74,248,5,21532
2025-07-11,argo,com.maubis.scarlet.base.main.activity,WidgetConfigureActivity,onNoteClicked,1,1,1.0,2,1.0,1,2,1,0,5,0,1,1,0.5,1,1,2,5,0.5,0,3.5,1,2,0.0,0,0.1,0.6,94,26,0.3333333333333333,5,1,4,1,1,5,8,1,0,0,1,0,0,0,1,0,7,0.9,7,1.4,5,4,1,0,5,0,0,5,2,1,0,0,3,0,3,5,8,26,1210,940,2,0,8,22,1.4,8,0,296,74,248,5,21532
2025-07-11,argo,com.maubis.scarlet.base.main.activity,WidgetConfigureActivity,isNoteSelected,1,0,0.0,0,0.0,1,2,1,0,3,0,1,0,0.0,0,0,0,0,0.0,0,0.0,1,0,0.0,0,0.1,0.6,94,26,0.3333333333333333,5,1,4,1,1,5,8,1,0,0,1,0,0,0,1,0,7,0.9,7,1.4,5,4,1,0,5,0,0,5,2,1,0,0,3,0,3,5,8,26,1210,940,2,0,8,22,1.4,8,0,296,74,248,5,21532
2025-07-11,argo,com.maubis.scarlet.base.main.activity,WidgetConfigureActivity,notifyNoteChange,1,15,0.0,2,1.0,1,2,1,0,7,0,1,0,0.0,0,0,4,7,0.0,0,2.3333333333333335,0,0,0.0,0,0.1,0.6,94,26,0.3333333333333333,5,1,4,1,1,5,8,1,0,0,1,0,0,0,1,0,7,0.9,7,1.4,5,4,1,0,5,0,0,5,2,1,0,0,3,0,3,5,8,26,1210,940,2,1,8,22,1.4,8,0,296,74,248,5,21532
2025-07-11,argo,com.maubis.scarlet.base.main.recycler,EmptyRecyclerHolder,populate,1,1,0.0,2,1.0,0,0,1,0,7,0,1,0,0.0,0,0,2,6,0.0,1,2.5,2,2,0.0,0,0.0,1.0,9,7,0.0,1,0,1,1,0,2,2,0,0,0,0,0,0,0,0,0,1,0.0,1,1.0,1,1,0,0,1,0,0,1,0,1,0,0,0,0,0,1,1,26,1210,940,6,0,2,6,1.0,12,0,309,74,248,3,21532
2025-07-11,argo,com.maubis.scarlet.base.main.recycler,InformationRecyclerHolder,populate,2,0,0.0,5,0.5,0,0,1,0,11,1,2,0,0.6153846153846154,0,2,2,14,1.0,0,2.4444444444444446,2,1,0.0,0,0.0,1.0,17,11,0.0,1,2,1,1,2,2,3,0,0,0,2,2,0,0,0,0,2,0.0,2,2.0,1,1,2,0,1,0,0,1,0,1,0,0,0,0,0,2,2,26,1210,940,6,0,2,14,2.0,12,0,309,74,248,3,21532
2025-07-11,argo,com.maubis.scarlet.base.main.recycler,ToolbarMainRecyclerHolder,populate,1,2,0.0,7,0.5455,0,0,1,0,14,0,1,0,1.0,0,4,3,18,1.0,2,2.1875,2,1,0.0,0,0.0,1.0,24,14,0.0,1,4,1,1,4,2,5,0,0,0,4,4,0,0,0,0,1,0.0,1,1.0,1,1,4,0,1,0,0,1,0,1,0,0,0,0,0,1,1,26,1210,940,6,0,3,18,1.0,12,0,309,74,248,3,21532
2025-07-11,argo,com.maubis.scarlet.base.main.sheets,ExceptionBottomSheet,getComponent,3,2,0.0,6,1.0,1,1,1,0,12,1,3,0,0.3333333333333333,0,1,0,52,0.25,1,4.3125,2,0,0.0,0,0.0,1.0,16,0,0.0,0,1,1,1,1,3,0,0,0,0,1,0,0,0,1,0,1,0.0,1,1.0,1,1,1,0,1,0,0,1,0,1,0,0,0,0,0,1,1,26,1210,940,8,0,0,52,3.0,7,0,613,74,248,8,21532
2025-07-11,argo,com.maubis.scarlet.base.main.sheets,GenericOptionsBottomSheet,title,1,0,0.0,0,0.0,1,1,1,0,1,0,1,1,1.0,0,1,0,0,1.0,0,0.0,0,0,0.0,0,0.0,0.0,9,1,0.0,1,2,2,1,2,4,0,0,0,0,2,0,0,0,2,0,2,1.0,2,1.0,2,2,2,0,2,0,0,2,0,1,0,0,0,0,0,2,2,26,1210,940,8,0,0,0,1.0,7,0,613,74,248,8,21532
2025-07-11,argo,com.maubis.scarlet.base.main.sheets,GenericOptionsBottomSheet,getOptions,1,0,0.0,0,0.0,1,1,1,0,1,0,1,0,1.0,0,1,0,0,0.5,0,0.0,2,0,0.0,0,0.0,0.0,9,1,0.0,1,2,2,1,2,4,0,0,0,0,2,0,0,0,2,0,2,1.0,2,1.0,2,2,2,0,2,0,0,2,0,1,0,0,0,0,0,2,2,26,1210,940,8,0,0,0,1.0,7,0,613,74,248,8,21532
2025-07-11,argo,com.maubis.scarlet.base.main.sheets,HomeOptionsBottomSheet,getComponent,1,5,0.0,5,1.0,1,3,1,0,11,0,1,2,0.0,2,0,3,54,0.0,1,3.6551724137931036,2,3,0.0,0,0.0,0.0,58,1,0.0,4,0,2,1,0,6,4,0,0,0,0,0,0,0,0,0,5,0.5,5,1.25,4,2,0,0,2,2,0,2,0,2,0,0,0,0,0,4,4,26,1210,940,8,0,5,88,1.25,7,0,613,74,248,8,21532
2025-07-11,argo,com.maubis.scarlet.base.main.sheets,HomeOptionsBottomSheet,bottomMargin,1,0,0.0,0,0.0,1,3,1,0,1,0,1,0,0.0,0,0,0,0,0.0,0,0.0,0,0,0.0,0,0.0,0.0,58,1,0.0,4,0,2,1,0,6,4,0,0,0,0,0,0,0,0,0,5,0.5,5,1.25,4,2,0,0,2,2,0,2,0,2,0,0,0,0,0,4,4,26,1210,940,8,0,5,88,1.25,7,0,613,74,248,8,21532
2025-07-11,argo,com.maubis.scarlet.base.main.sheets,HomeOptionsBottomSheet,getOptions,1,2,0.0,3,1.0,1,3,1,0,29,0,1,0,0.0,0,0,1,24,0.0,1,2.7083333333333335,0,1,0.0,0,0.0,0.0,58,1,0.0,4,0,2,1,0,6,4,0,0,0,0,0,0,0,0,0,5,0.5,5,1.25,4,2,0,0,2,2,0,2,0,2,0,0,0,0,0,4,4,26,1210,940,8,0,5,88,1.25,7,0,613,74,248,8,21532
2025-07-11,argo,com.maubis.scarlet.base.main.sheets,HomeOptionsBottomSheet,getTagOptions,2,2,0.0,4,1.0,1,3,1,0,12,1,2,0,0.0,0,0,1,10,0.0,1,2.4285714285714284,0,1,0.0,0,0.0,0.0,58,1,0.0,4,0,2,1,0,6,4,0,0,0,0,0,0,0,0,0,5,0.5,5,1.25,4,2,0,0,2,2,0,2,0,2,0,0,0,0,0,4,4,26,1210,940,8,0,5,88,1.25,7,0,613,74,248,8,21532
2025-07-11,argo,com.maubis.scarlet.base.main.sheets,InstallProUpsellBottomSheet,getComponent,1,2,0.0,5,1.0,1,1,1,0,8,0,1,0,0.0,0,0,0,69,0.0,1,4.153846153846154,2,0,0.0,0,0.0,1.0,10,0,0.0,1,0,1,1,0,3,0,0,0,0,0,0,0,0,0,0,1,0.0,1,1.0,1,1,0,0,1,0,0,1,0,1,0,0,0,0,0,1,1,26,1210,940,8,0,0,69,1.0,7,0,613,74,248,8,21532
2025-07-11,argo,com.maubis.scarlet.base.main.utils,MainSnackbar,triggerSnackbar,1,0,0.0,2,0.5,0,0,1,0,5,0,1,0,1.0,0,2,1,2,2.0,1,2.0,0,0,0.0,0,0.16666666666666666,1.0,47,34,0.75,4,4,0,0,4,2,5,0,0,0,4,4,0,0,0,0,5,0.5,5,1.25,4,0,4,0,4,0,0,4,1,1,0,0,0,0,0,4,4,26,1210,940,1,0,4,20,1.25,4,0,64,74,248,4,21532
2025-07-11,argo,com.maubis.scarlet.base.main.utils,MainSnackbar,softUndo,2,0,2.0,1,1.0,0,0,1,0,7,1,2,2,0.0,2,0,1,2,0.0,0,2.0,2,1,0.0,0,0.16666666666666666,1.0,47,34,0.75,4,4,0,0,4,2,5,0,0,0,4,4,0,0,0,0,5,0.5,5,1.25,4,0,4,0,4,0,0,4,1,1,0,0,0,0,0,4,4,26,1210,940,1,0,4,20,1.25,4,0,64,74,248,4,21532
2025-07-11,argo,com.maubis.scarlet.base.main.utils,MainSnackbar,undoMoveNoteToTrash,1,1,1.0,3,1.0,0,0,1,0,11,0,1,1,0.6,1,2,1,8,0.67,1,2.6666666666666665,2,1,0.0,0,0.16666666666666666,1.0,47,34,0.75,4,4,0,0,4,2,5,0,0,0,4,4,0,0,0,0,5,0.5,5,1.25,4,0,4,0,4,0,0,4,1,1,0,0,0,0,0,4,4,26,1210,940,1,0,4,20,1.25,4,0,64,74,248,4,21532
2025-07-11,argo,com.maubis.scarlet.base.main.utils,MainSnackbar,undoDeleteNote,1,1,1.0,3,1.0,0,0,1,0,11,0,1,1,0.6,1,2,1,8,0.67,1,2.6666666666666665,2,1,0.0,0,0.16666666666666666,1.0,47,34,0.75,4,4,0,0,4,2,5,0,0,0,4,4,0,0,0,0,5,0.5,5,1.25,4,0,4,0,4,0,0,4,1,1,0,0,0,0,0,4,4,26,1210,940,1,0,4,20,1.25,4,0,64,74,248,4,21532
2025-07-11,argo,com.maubis.scarlet.base.note.actions,NoteOptionsBottomSheet,setupViewWithDialog,2,1,0.0,2,1.0,0,9,1,0,11,1,2,2,0.25,2,1,4,7,0.5,0,3.0,1,4,0.0,0,0.0,0.6666666666666666,248,0,0.0,9,1,4,1,1,6,8,1,0,0,1,0,0,0,1,0,18,0.6944444444444444,18,2.0,9,4,1,0,4,5,0,4,0,1,0,0,1,0,1,11,12,26,1210,940,2,0,12,257,2.6666666666666665,3,0,621,74,248,9,21532
2025-07-11,argo,com.maubis.scarlet.base.note.actions,NoteOptionsBottomSheet,setupGrid,1,3,0.0,4,1.0,0,9,1,0,8,0,1,3,0.0,3,0,1,13,0.0,2,2.625,2,1,0.0,0,0.0,0.6666666666666666,248,0,0.0,9,1,4,1,1,6,8,1,0,0,1,0,0,0,1,0,18,0.6944444444444444,18,2.0,9,4,1,0,4,5,0,4,0,1,0,0,1,0,1,11,12,26,1210,940,2,0,12,257,2.6666666666666665,3,0,621,74,248,9,21532
2025-07-11,argo,com.maubis.scarlet.base.note.actions,NoteOptionsBottomSheet,setupCardViews,3,14,0.0,17,0.9583,0,9,1,0,48,1,3,0,0.0,0,0,4,47,0.0,1,2.5,1,2,0.0,0,0.0,0.6666666666666666,248,0,0.0,9,1,4,1,1,6,8,1,0,0,1,0,0,0,1,0,18,0.6944444444444444,18,2.0,9,4,1,0,4,5,0,4,0,1,0,0,1,0,1,11,12,26,1210,940,2,0,12,257,2.6666666666666665,3,0,621,74,248,9,21532
2025-07-11,argo,com.maubis.scarlet.base.note.actions,NoteOptionsBottomSheet,getQuickActions,2,2,0.0,8,0.625,0,9,1,0,48,1,2,0,0.0,0,0,1,52,0.0,1,2.3448275862068964,1,1,0.0,0,0.0,0.6666666666666666,248,0,0.0,9,1,4,1,1,6,8,1,0,0,1,0,0,0,1,0,18,0.6944444444444444,18,2.0,9,4,1,0,4,5,0,4,0,1,0,0,1,0,1,11,12,26,1210,940,2,0,12,257,2.6666666666666665,3,0,621,74,248,9,21532
2025-07-11,argo,com.maubis.scarlet.base.note.actions,NoteOptionsBottomSheet,getNotePropertyOptions,4,3,0.0,5,1.0,0,9,1,0,33,1,4,0,0.0,0,0,1,42,0.0,1,2.738095238095238,1,1,0.0,0,0.0,0.6666666666666666,248,0,0.0,9,1,4,1,1,6,8,1,0,0,1,0,0,0,1,0,18,0.6944444444444444,18,2.0,9,4,1,0,4,5,0,4,0,1,0,0,1,0,1,11,12,26,1210,940,2,0,12,257,2.6666666666666665,3,0,621,74,248,9,21532
2025-07-11,argo,com.maubis.scarlet.base.note.actions,NoteOptionsBottomSheet,getOptions,9,6,0.0,21,0.7917,0,9,1,0,75,2,9,0,0.0,0,0,1,92,0.0,3,2.4471544715447155,1,1,0.0,0,0.0,0.6666666666666666,248,0,0.0,9,1,4,1,1,6,8,1,0,0,1,0,0,0,1,0,18,0.6944444444444444,18,2.0,9,4,1,0,4,5,0,4,0,1,0,0,1,0,1,11,12,26,1210,940,2,0,12,257,2.6666666666666665,3,0,621,74,248,9,21532
2025-07-11,argo,com.maubis.scarlet.base.note.actions,NoteOptionsBottomSheet,getLayout,1,0,0.0,0,0.0,0,9,1,0,1,0,1,0,0.0,0,0,0,0,0.0,0,3.0,0,0,0.0,0,0.0,0.6666666666666666,248,0,0.0,9,1,4,1,1,6,8,1,0,0,1,0,0,0,1,0,18,0.6944444444444444,18,2.0,9,4,1,0,4,5,0,4,0,1,0,0,1,0,1,11,12,26,1210,940,2,0,12,257,2.6666666666666665,3,0,621,74,248,9,21532
2025-07-11,argo,com.maubis.scarlet.base.note.actions,NoteOptionsBottomSheet,getBackgroundCardViewIds,1,0,0.0,0,0.0,0,9,1,0,1,0,1,0,0.0,0,0,0,1,0.0,0,0.0,0,0,0.0,0,0.0,0.6666666666666666,248,0,0.0,9,1,4,1,1,6,8,1,0,0,1,0,0,0,1,0,18,0.6944444444444444,18,2.0,9,4,1,0,4,5,0,4,0,1,0,0,1,0,1,11,12,26,1210,940,2,0,12,257,2.6666666666666665,3,0,621,74,248,9,21532
2025-07-11,argo,com.maubis.scarlet.base.note.actions,NoteOptionsBottomSheet,openSheet,1,1,0.0,1,1.0,0,9,1,0,3,0,1,0,0.0,0,1,0,3,1.0,0,2.5,0,0,0.0,0,0.0,0.6666666666666666,248,0,0.0,9,1,4,1,1,6,8,1,0,0,1,0,0,0,1,0,18,0.6944444444444444,18,2.0,9,4,1,0,4,5,0,4,0,1,0,0,1,0,1,11,12,26,1210,940,2,1,12,257,2.6666666666666665,3,0,621,74,248,9,21532
2025-07-11,argo,com.maubis.scarlet.base.note.creation.activity,CreateListNoteActivity,addDefaultItem,1,0,0.0,1,1.0,1,0,1,0,11,0,1,0,0.0,0,0,1,1,0.0,0,2.0,0,1,0.0,0,0.0,0.0,13,11,0.0,1,0,1,1,0,0,1,0,0,0,0,0,0,0,0,0,1,0.0,1,1.0,1,1,0,0,1,0,0,1,0,1,0,0,0,0,0,1,1,26,1210,940,6,0,1,1,1.0,63,0,1163,74,248,44,21532
2025-07-11,argo,com.maubis.scarlet.base.note.creation.activity,CreateNoteActivity,onCreate,1,0,1.0,0,0.0,1,7,1,0,5,0,1,2,0.0,3,0,2,0,0.0,1,2.0,1,2,0.0,0,0.017825311942959002,0.8529411764705882,360,235,0.5555555555555556,33,7,16,1,0,12,23,1,6,0,0,3,1,1,5,1,69,0.8948306595365418,70,2.0588235294117645,34,16,7,0,22,9,3,22,4,1,0,0,2,0,2,37,39,26,1210,940,6,0,36,141,3.0625,63,0,1163,74,248,44,21532
2025-07-11,argo,com.maubis.scarlet.base.note.creation.activity,CreateNoteActivity,onCreationFinished,1,0,0.0,1,1.0,1,7,1,0,5,0,1,1,1.0,2,1,1,2,1.0,2,2.5,0,1,0.0,0,0.017825311942959002,0.8529411764705882,360,235,0.5555555555555556,33,7,16,1,0,12,23,1,6,0,0,3,1,1,5,1,69,0.8948306595365418,70,2.0588235294117645,34,16,7,0,22,9,3,22,4,1,0,0,2,0,2,37,39,26,1210,940,6,0,36,141,3.0625,63,0,1163,74,248,44,21532
2025-07-11,argo,com.maubis.scarlet.base.note.creation.activity,CreateNoteActivity,setFolderFromIntent,4,2,0.0,3,1.0,1,7,1,0,14,1,4,0,0.0,0,0,1,4,0.0,1,2.0,0,0,0.0,0,0.017825311942959002,0.8529411764705882,360,235,0.5555555555555556,33,7,16,1,0,12,23,1,6,0,0,3,1,1,5,1,69,0.8948306595365418,70,2.0588235294117645,34,16,7,0,22,9,3,22,4,1,0,0,2,0,2,37,39,26,1210,940,6,0,36,141,3.0625,63,0,1163,74,248,44,21532
2025-07-11,argo,com.maubis.scarlet.base.note.creation.activity,CreateNoteActivity,setTouchListener,1,2,0.0,1,1.0,1,7,1,0,5,0,1,0,0.0,0,0,1,3,0.0,1,2.0,0,1,0.0,0,0.017825311942959002,0.8529411764705882,360,235,0.5555555555555556,33,7,16,1,0,12,23,1,6,0,0,3,1,1,5,1,69,0.8948306595365418,70,2.0588235294117645,34,16,7,0,22,9,3,22,4,1,0,0,2,0,2,37,39,26,1210,940,6,0,36,141,3.0625,63,0,1163,74,248,44,21532
2025-07-11,argo,com.maubis.scarlet.base.note.creation.activity,CreateNoteActivity,setNote,6,1,0.0,3,1.0,1,7,1,0,15,1,6,6,1.0,5,1,1,7,1.0,1,2.1,0,1,0.0,0,0.017825311942959002,0.8529411764705882,360,235,0.5555555555555556,33,7,16,1,0,12,23,1,6,0,0,3,1,1,5,1,69,0.8948306595365418,70,2.0588235294117645,34,16,7,0,22,9,3,22,4,1,0,0,2,0,2,37,39,26,1210,940,6,0,36,141,3.0625,63,0,1163,74,248,44,21532
2025-07-11,argo,com.maubis.scarlet.base.note.creation.activity,CreateNoteActivity,addDefaultItem,1,0,1.0,1,1.0,1,7,1,0,3,0,1,2,0.0,2,0,1,1,0.0,0,2.0,0,1,0.0,0,0.017825311942959002,0.8529411764705882,360,235,0.5555555555555556,33,7,16,1,0,12,23,1,6,0,0,3,1,1,5,1,69,0.8948306595365418,70,2.0588235294117645,34,16,7,0,22,9,3,22,4,1,0,0,2,0,2,37,39,26,1210,940,6,0,36,141,3.0625,63,0,1163,74,248,44,21532
2025-07-11,argo,com.maubis.scarlet.base.note.creation.activity,CreateNoteActivity,notifyToolbarColor,1,0,0.0,0,0.0,1,7,1,0,4,0,1,1,0.0,2,0,1,0,0.0,1,2.0,0,1,0.0,0,0.017825311942959002,0.8529411764705882,360,235,0.5555555555555556,33,7,16,1,0,12,23,1,6,0,0,3,1,1,5,1,69,0.8948306595365418,70,2.0588235294117645,34,16,7,0,22,9,3,22,4,1,0,0,2,0,2,37,39,26,1210,940,6,0,36,141,3.0625,63,0,1163,74,248,44,21532
2025-07-11,argo,com.maubis.scarlet.base.note.creation.activity,CreateNoteActivity,setTopToolbar,1,1,0.0,2,0.5,1,7,1,0,5,0,1,0,0.0,0,0,1,6,0.0,1,2.6666666666666665,0,1,0.0,0,0.017825311942959002,0.8529411764705882,360,235,0.5555555555555556,33,7,16,1,0,12,23,1,6,0,0,3,1,1,5,1,69,0.8948306595365418,70,2.0588235294117645,34,16,7,0,22,9,3,22,4,1,0,0,2,0,2,37,39,26,1210,940,6,0,36,141,3.0625,63,0,1163,74,248,44,21532
2025-07-11,argo,com.maubis.scarlet.base.note.creation.activity,CreateNoteActivity,setBottomToolbar,1,1,0.0,2,0.5,1,7,1,0,5,0,1,0,0.0,0,0,1,9,0.0,1,3.0,0,1,0.0,0,0.017825311942959002,0.8529411764705882,360,235,0.5555555555555556,33,7,16,1,0,12,23,1,6,0,0,3,1,1,5,1,69,0.8948306595365418,70,2.0588235294117645,34,16,7,0,22,9,3,22,4,1,0,0,2,0,2,37,39,26,1210,940,6,0,36,141,3.0625,63,0,1163,74,248,44,21532
2025-07-11,argo,com.maubis.scarlet.base.note.creation.activity,CreateNoteActivity,onActivityResult,2,2,1.0,4,1.0,1,7,1,0,17,1,2,1,0.0,2,0,1,7,0.0,1,2.0,3,1,0.0,0,0.017825311942959002,0.8529411764705882,360,235,0.5555555555555556,33,7,16,1,0,12,23,1,6,0,0,3,1,1,5,1,69,0.8948306595365418,70,2.0588235294117645,34,16,7,0,22,9,3,22,4,1,0,0,2,0,2,37,39,26,1210,940,6,0,36,141,3.0625,63,0,1163,74,248,44,21532
2025-07-11,argo,com.maubis.scarlet.base.note.creation.activity,CreateNoteActivity,onPause,2,1,2.0,2,1.0,1,7,1,0,9,1,2,2,1.0,3,1,1,3,1.0,1,2.0,0,1,0.0,0,0.017825311942959002,0.8529411764705882,360,235,0.5555555555555556,33,7,16,1,0,12,23,1,6,0,0,3,1,1,5,1,69,0.8948306595365418,70,2.0588235294117645,34,16,7,0,22,9,3,22,4,1,0,0,2,0,2,37,39,26,1210,940,6,0,36,141,3.0625,63,0,1163,74,248,44,21532
2025-07-11,argo,com.maubis.scarlet.base.note.creation.activity,CreateNoteActivity,onBackPressed,2,0,0.0,0,0.0,1,7,1,0,4,1,2,0,0.0,1,0,1,1,0.0,1,2.0,0,1,0.0,0,0.017825311942959002,0.8529411764705882,360,235,0.5555555555555556,33,7,16,1,0,12,23,1,6,0,0,3,1,1,5,1,69,0.8948306595365418,70,2.0588235294117645,34,16,7,0,22,9,3,22,4,1,0,0,2,0,2,37,39,26,1210,940,6,0,36,141,3.0625,63,0,1163,74,248,44,21532
2025-07-11,argo,com.maubis.scarlet.base.note.creation.activity,CreateNoteActivity,onResume,1,0,0.0,0,0.0,1,7,1,0,4,0,1,0,1.0,1,1,0,0,1.0,1,2.0,0,0,0.0,0,0.017825311942959002,0.8529411764705882,360,235,0.5555555555555556,33,7,16,1,0,12,23,1,6,0,0,3,1,1,5,1,69,0.8948306595365418,70,2.0588235294117645,34,16,7,0,22,9,3,22,4,1,0,0,2,0,2,37,39,26,1210,940,6,0,36,141,3.0625,63,0,1163,74,248,44,21532
2025-07-11,argo,com.maubis.scarlet.base.note.creation.activity,CreateNoteActivity,onResumeAction,0,0,1.0,0,0.0,1,7,1,0,0,0,0,0,0.0,0,0,0,0,0.0,0,0.0,0,0,0.0,0,0.017825311942959002,0.8529411764705882,360,235,0.5555555555555556,33,7,16,1,0,12,23,1,6,0,0,3,1,1,5,1,69,0.8948306595365418,70,2.0588235294117645,34,16,7,0,22,9,3,22,4,1,0,0,2,0,2,37,39,26,1210,940,6,0,36,141,3.0625,63,0,1163,74,248,44,21532
2025-07-11,argo,com.maubis.scarlet.base.note.creation.activity,CreateNoteActivity,destroyIfNeeded,3,0,0.0,3,0.6667,1,7,1,0,10,1,3,0,0.0,0,0,0,4,0.0,2,2.3333333333333335,0,0,0.0,0,0.017825311942959002,0.8529411764705882,360,235,0.5555555555555556,33,7,16,1,0,12,23,1,6,0,0,3,1,1,5,1,69,0.8948306595365418,70,2.0588235294117645,34,16,7,0,22,9,3,22,4,1,0,0,2,0,2,37,39,26,1210,940,6,0,36,141,3.0625,63,0,1163,74,248,44,21532
2025-07-11,argo,com.maubis.scarlet.base.note.creation.activity,CreateNoteActivity,maybeUpdateNoteWithoutSync,4,2,1.0,6,0.8333,1,7,1,0,15,2,4,1,1.0,1,3,3,10,1.5,2,2.125,0,1,0.0,0,0.017825311942959002,0.8529411764705882,360,235,0.5555555555555556,33,7,16,1,0,12,23,1,6,0,0,3,1,1,5,1,69,0.8948306595365418,70,2.0588235294117645,34,16,7,0,22,9,3,22,4,1,0,0,2,0,2,37,39,26,1210,940,6,0,36,141,3.0625,63,0,1163,74,248,44,21532
2025-07-11,argo,com.maubis.scarlet.base.note.creation.activity,CreateNoteActivity,addNoteToHistory,3,1,0.0,4,0.8,1,7,1,0,13,1,3,0,0.8571428571428571,0,3,1,4,1.5,1,2.2857142857142856,1,0,0.0,0,0.017825311942959002,0.8529411764705882,360,235,0.5555555555555556,33,7,16,1,0,12,23,1,6,0,0,3,1,1,5,1,69,0.8948306595365418,70,2.0588235294117645,34,16,7,0,22,9,3,22,4,1,0,0,2,0,2,37,39,26,1210,940,6,0,36,141,3.0625,63,0,1163,74,248,44,21532
2025-07-11,argo,com.maubis.scarlet.base.note.creation.activity,CreateNoteActivity,startHandler,2,1,1.0,2,1.0,1,7,1,0,12,1,2,1,1.0,1,1,1,6,1.0,1,2.0,0,1,0.0,0,0.017825311942959002,0.8529411764705882,360,235,0.5555555555555556,33,7,16,1,0,12,23,1,6,0,0,3,1,1,5,1,69,0.8948306595365418,70,2.0588235294117645,34,16,7,0,22,9,3,22,4,1,0,0,2,0,2,37,39,26,1210,940,6,0,36,141,3.0625,63,0,1163,74,248,44,21532
2025-07-11,argo,com.maubis.scarlet.base.note.creation.activity,CreateNoteActivity,addEmptyItem,1,0,0.0,1,1.0,1,7,1,0,3,0,1,2,0.0,2,0,1,1,0.0,0,2.0,1,1,0.0,0,0.017825311942959002,0.8529411764705882,360,235,0.5555555555555556,33,7,16,1,0,12,23,1,6,0,0,3,1,1,5,1,69,0.8948306595365418,70,2.0588235294117645,34,16,7,0,22,9,3,22,4,1,0,0,2,0,2,37,39,26,1210,940,6,0,36,141,3.0625,63,0,1163,74,248,44,21532
2025-07-11,argo,com.maubis.scarlet.base.note.creation.activity,CreateNoteActivity,addEmptyItem,5,1,0.0,2,1.0,1,7,1,0,7,2,5,0,0.4,0,1,2,3,0.33,1,2.0,2,2,0.0,0,0.017825311942959002,0.8529411764705882,360,235,0.5555555555555556,33,7,16,1,0,12,23,1,6,0,0,3,1,1,5,1,69,0.8948306595365418,70,2.0588235294117645,34,16,7,0,22,9,3,22,4,1,0,0,2,0,2,37,39,26,1210,940,6,0,36,141,3.0625,63,0,1163,74,248,44,21532
2025-07-11,argo,com.maubis.scarlet.base.note.creation.activity,CreateNoteActivity,addEmptyItemAtFocused,4,2,2.0,1,1.0,1,7,1,0,15,1,4,7,0.0,3,0,3,4,0.0,0,3.0,1,3,0.0,0,0.017825311942959002,0.8529411764705882,360,235,0.5555555555555556,33,7,16,1,0,12,23,1,6,0,0,3,1,1,5,1,69,0.8948306595365418,70,2.0588235294117645,34,16,7,0,22,9,3,22,4,1,0,0,2,0,2,37,39,26,1210,940,6,0,36,141,3.0625,63,0,1163,74,248,44,21532
2025-07-11,argo,com.maubis.scarlet.base.note.creation.activity,CreateNoteActivity,focus,1,2,1.0,2,1.0,1,7,1,0,7,0,1,1,0.0,1,0,1,4,0.0,1,2.0,1,1,0.0,0,0.017825311942959002,0.8529411764705882,360,235,0.5555555555555556,33,7,16,1,0,12,23,1,6,0,0,3,1,1,5,1,69,0.8948306595365418,70,2.0588235294117645,34,16,7,0,22,9,3,22,4,1,0,0,2,0,2,37,39,26,1210,940,6,0,36,141,3.0625,63,0,1163,74,248,44,21532
2025-07-11,argo,com.maubis.scarlet.base.note.creation.activity,CreateNoteActivity,triggerMarkdown,3,3,1.0,2,1.0,1,7,1,0,14,1,3,1,0.0,1,0,1,6,0.0,1,2.0,1,1,0.0,0,0.017825311942959002,0.8529411764705882,360,235,0.5555555555555556,33,7,16,1,0,12,23,1,6,0,0,3,1,1,5,1,69,0.8948306595365418,70,2.0588235294117645,34,16,7,0,22,9,3,22,4,1,0,0,2,0,2,37,39,26,1210,940,6,0,36,141,3.0625,63,0,1163,74,248,44,21532
2025-07-11,argo,com.maubis.scarlet.base.note.creation.activity,CreateNoteActivity,triggerImageLoaded,7,3,1.0,3,1.0,1,7,1,0,14,1,7,2,0.0,2,0,3,8,0.0,1,2.3333333333333335,2,2,0.0,0,0.017825311942959002,0.8529411764705882,360,235,0.5555555555555556,33,7,16,1,0,12,23,1,6,0,0,3,1,1,5,1,69,0.8948306595365418,70,2.0588235294117645,34,16,7,0,22,9,3,22,4,1,0,0,2,0,2,37,39,26,1210,940,6,0,36,141,3.0625,63,0,1163,74,248,44,21532
2025-07-11,argo,com.maubis.scarlet.base.note.creation.activity,CreateNoteActivity,onHistoryClick,6,1,0.0,1,1.0,1,7,1,0,17,1,6,2,0.9285714285714286,1,3,0,4,1.5,0,2.6666666666666665,1,0,0.0,0,0.017825311942959002,0.8529411764705882,360,235,0.5555555555555556,33,7,16,1,0,12,23,1,6,0,0,3,1,1,5,1,69,0.8948306595365418,70,2.0588235294117645,34,16,7,0,22,9,3,22,4,1,0,0,2,0,2,37,39,26,1210,940,6,0,36,141,3.0625,63,0,1163,74,248,44,21532
2025-07-11,argo,com.maubis.scarlet.base.note.creation.activity,CreateNoteActivity,onColorChangeClick,1,1,0.0,2,1.0,1,7,1,0,4,0,1,2,0.0,1,0,1,15,0.0,0,3.4285714285714284,0,1,0.0,0,0.017825311942959002,0.8529411764705882,360,235,0.5555555555555556,33,7,16,1,0,12,23,1,6,0,0,3,1,1,5,1,69,0.8948306595365418,70,2.0588235294117645,34,16,7,0,22,9,3,22,4,1,0,0,2,0,2,37,39,26,1210,940,6,0,36,141,3.0625,63,0,1163,74,248,44,21532
2025-07-11,argo,com.maubis.scarlet.base.note.creation.activity,CreateNoteActivity,findTextViewHolderAtPosition,3,1,1.0,0,0.0,1,7,1,0,4,0,3,1,0.0,1,0,0,2,0.0,0,0.0,1,0,0.0,0,0.017825311942959002,0.8529411764705882,360,235,0.5555555555555556,33,7,16,1,0,12,23,1,6,0,0,3,1,1,5,1,69,0.8948306595365418,70,2.0588235294117645,34,16,7,0,22,9,3,22,4,1,0,0,2,0,2,37,39,26,1210,940,6,0,36,141,3.0625,63,0,1163,74,248,44,21532
2025-07-11,argo,com.maubis.scarlet.base.note.creation.activity,CreateNoteActivity,findImageViewHolderAtPosition,3,1,1.0,0,0.0,1,7,1,0,4,0,3,1,0.0,1,0,0,2,0.0,0,0.0,1,0,0.0,0,0.017825311942959002,0.8529411764705882,360,235,0.5555555555555556,33,7,16,1,0,12,23,1,6,0,0,3,1,1,5,1,69,0.8948306595365418,70,2.0588235294117645,34,16,7,0,22,9,3,22,4,1,0,0,2,0,2,37,39,26,1210,940,6,0,36,141,3.0625,63,0,1163,74,248,44,21532
2025-07-11,argo,com.maubis.scarlet.base.note.creation.activity,CreateNoteActivity,findViewHolderAtPositionAggressively,5,1,0.0,2,1.0,1,7,1,0,10,2,5,0,0.0,0,0,0,4,0.0,1,2.0,1,0,0.0,0,0.017825311942959002,0.8529411764705882,360,235,0.5555555555555556,33,7,16,1,0,12,23,1,6,0,0,3,1,1,5,1,69,0.8948306595365418,70,2.0588235294117645,34,16,7,0,22,9,3,22,4,1,0,0,2,0,2,37,39,26,1210,940,6,0,36,141,3.0625,63,0,1163,74,248,44,21532
2025-07-11,argo,com.maubis.scarlet.base.note.creation.activity,CreateNoteActivity,setNoteColor,2,0,0.0,0,0.0,1,7,1,0,8,1,2,1,0.0,1,0,2,1,0.0,0,2.0,1,1,0.0,0,0.017825311942959002,0.8529411764705882,360,235,0.5555555555555556,33,7,16,1,0,12,23,1,6,0,0,3,1,1,5,1,69,0.8948306595365418,70,2.0588235294117645,34,16,7,0,22,9,3,22,4,1,0,0,2,0,2,37,39,26,1210,940,6,0,36,141,3.0625,63,0,1163,74,248,44,21532
2025-07-11,argo,com.maubis.scarlet.base.note.creation.activity,CreateNoteActivity,setFormat,4,1,0.0,0,0.0,1,7,1,0,7,1,4,0,0.0,0,0,1,2,0.0,0,0.0,1,0,0.0,0,0.017825311942959002,0.8529411764705882,360,235,0.5555555555555556,33,7,16,1,0,12,23,1,6,0,0,3,1,1,5,1,69,0.8948306595365418,70,2.0588235294117645,34,16,7,0,22,9,3,22,4,1,0,0,2,0,2,37,39,26,1210,940,6,0,36,141,3.0625,63,0,1163,74,248,44,21532
2025-07-11,argo,com.maubis.scarlet.base.note.creation.activity,CreateNoteActivity,moveFormat,6,0,1.0,1,1.0,1,7,1,0,12,2,6,1,0.0,1,0,1,3,0.0,1,2.0,2,1,0.0,0,0.017825311942959002,0.8529411764705882,360,235,0.5555555555555556,33,7,16,1,0,12,23,1,6,0,0,3,1,1,5,1,69,0.8948306595365418,70,2.0588235294117645,34,16,7,0,22,9,3,22,4,1,0,0,2,0,2,37,39,26,1210,940,6,0,36,141,3.0625,63,0,1163,74,248,44,21532
2025-07-11,argo,com.maubis.scarlet.base.note.creation.activity,CreateNoteActivity,deleteFormat,6,1,1.0,3,1.0,1,7,1,0,10,1,6,4,0.0,1,0,3,6,0.0,1,2.0,1,3,0.0,0,0.017825311942959002,0.8529411764705882,360,235,0.5555555555555556,33,7,16,1,0,12,23,1,6,0,0,3,1,1,5,1,69,0.8948306595365418,70,2.0588235294117645,34,16,7,0,22,9,3,22,4,1,0,0,2,0,2,37,39,26,1210,940,6,0,36,141,3.0625,63,0,1163,74,248,44,21532
2025-07-11,argo,com.maubis.scarlet.base.note.creation.activity,CreateNoteActivity,getNewChecklistNoteIntent,6,3,2.0,3,1.0,1,7,1,0,13,2,6,7,0.0,2,0,0,10,0.0,1,2.2857142857142856,0,0,0.0,0,0.017825311942959002,0.8529411764705882,360,235,0.5555555555555556,33,7,16,1,0,12,23,1,6,0,0,3,1,1,5,1,69,0.8948306595365418,70,2.0588235294117645,34,16,7,0,22,9,3,22,4,1,0,0,2,0,2,37,39,26,1210,940,6,1,36,141,3.0625,63,0,1163,74,248,44,21532
2025-07-11,argo,com.maubis.scarlet.base.note.creation.activity,NoteIntentRouterActivity,onCreate,2,1,2.0,0,0.0,1,0,1,0,10,1,2,2,0.0,3,0,2,2,0.0,1,2.0,1,2,0.0,0,0.0,1.0,87,36,0.3333333333333333,3,0,1,4,0,3,3,1,0,0,0,0,0,0,0,0,8,0.33333333333333337,8,2.6666666666666665,3,1,0,0,3,0,0,3,2,1,0,0,8,0,8,3,11,26,1210,940,6,0,4,12,3.0,63,0,1163,74,248,44,21532
2025-07-11,argo,com.maubis.scarlet.base.note.creation.activity,NoteIntentRouterActivity,handleOpenNote,5,3,0.0,3,1.0,1,0,1,0,19,1,5,0,0.0,0,0,1,8,0.0,2,2.2,1,1,0.0,0,0.0,1.0,87,36,0.3333333333333333,3,0,1,4,0,3,3,1,0,0,0,0,0,0,0,0,8,0.33333333333333337,8,2.6666666666666665,3,1,0,0,3,0,0,3,2,1,0,0,8,0,8,3,11,26,1210,940,6,0,4,12,3.0,63,0,1163,74,248,44,21532
2025-07-11,argo,com.maubis.scarlet.base.note.creation.activity,NoteIntentRouterActivity,create,2,4,0.0,1,1.0,1,0,1,0,7,1,2,0,0.0,0,0,1,2,0.0,0,2.0,0,0,0.0,0,0.0,1.0,87,36,0.3333333333333333,3,0,1,4,0,3,3,1,0,0,0,0,0,0,0,0,8,0.33333333333333337,8,2.6666666666666665,3,1,0,0,3,0,0,3,2,1,0,0,8,0,8,3,11,26,1210,940,6,1,4,12,3.0,63,0,1163,74,248,44,21532
2025-07-11,argo,com.maubis.scarlet.base.note.creation.activity,ShareToScarletRouterActivity,onCreate,4,2,2.0,2,1.0,1,1,1,0,17,2,4,2,0.0,3,0,0,6,0.0,1,2.0,1,0,0.0,0,0.0,1.0,94,75,0.4,6,0,1,4,0,5,3,0,0,0,0,0,0,0,0,0,15,0.4666666666666667,15,2.5,6,1,0,0,1,5,0,1,1,1,0,0,0,0,0,6,6,26,1210,940,6,0,4,60,4.333333333333333,63,0,1163,74,248,44,21532
2025-07-11,argo,com.maubis.scarlet.base.note.creation.activity,ShareToScarletRouterActivity,handleSendText,11,9,2.0,15,0.9444,1,1,1,0,36,3,11,2,0.0,3,0,2,34,0.0,3,2.206896551724138,1,1,0.0,0,0.0,1.0,94,75,0.4,6,0,1,4,0,5,3,0,0,0,0,0,0,0,0,0,15,0.4666666666666667,15,2.5,6,1,0,0,1,5,0,1,1,1,0,0,0,0,0,6,6,26,1210,940,6,0,4,60,4.333333333333333,63,0,1163,74,248,44,21532
2025-07-11,argo,com.maubis.scarlet.base.note.creation.activity,ShareToScarletRouterActivity,handleDirectSendText,2,1,0.0,3,1.0,1,1,1,0,8,1,2,0,0.0,0,0,1,3,0.0,1,2.0,1,1,0.0,0,0.0,1.0,94,75,0.4,6,0,1,4,0,5,3,0,0,0,0,0,0,0,0,0,15,0.4666666666666667,15,2.5,6,1,0,0,1,5,0,1,1,1,0,0,0,0,0,6,6,26,1210,940,6,0,4,60,4.333333333333333,63,0,1163,74,248,44,21532
2025-07-11,argo,com.maubis.scarlet.base.note.creation.activity,ShareToScarletRouterActivity,handleSendImage,1,1,0.0,2,1.0,1,1,1,0,5,0,1,0,0.0,0,0,0,5,0.0,1,2.25,1,0,0.0,0,0.0,1.0,94,75,0.4,6,0,1,4,0,5,3,0,0,0,0,0,0,0,0,0,15,0.4666666666666667,15,2.5,6,1,0,0,1,5,0,1,1,1,0,0,0,0,0,6,6,26,1210,940,6,0,4,60,4.333333333333333,63,0,1163,74,248,44,21532
2025-07-11,argo,com.maubis.scarlet.base.note.creation.activity,ShareToScarletRouterActivity,handleSendMultipleImages,3,1,0.0,3,1.0,1,1,1,0,9,1,3,0,0.0,0,0,1,6,0.0,1,2.6666666666666665,1,1,0.0,0,0.0,1.0,94,75,0.4,6,0,1,4,0,5,3,0,0,0,0,0,0,0,0,0,15,0.4666666666666667,15,2.5,6,1,0,0,1,5,0,1,1,1,0,0,0,0,0,6,6,26,1210,940,6,0,4,60,4.333333333333333,63,0,1163,74,248,44,21532
2025-07-11,argo,com.maubis.scarlet.base.note.creation.activity,ShareToScarletRouterActivity,isCallerKeep,5,0,0.0,3,1.0,1,1,1,0,12,2,5,0,0.0,0,0,0,6,0.0,3,2.0,0,0,0.0,0,0.0,1.0,94,75,0.4,6,0,1,4,0,5,3,0,0,0,0,0,0,0,0,0,15,0.4666666666666667,15,2.5,6,1,0,0,1,5,0,1,1,1,0,0,0,0,0,6,6,26,1210,940,6,0,4,60,4.333333333333333,63,0,1163,74,248,44,21532
2025-07-11,argo,com.maubis.scarlet.base.note.creation.sheet,FormatActionBottomSheet,title,1,0,0.0,0,0.0,1,1,1,0,1,0,1,0,0.0,0,0,0,0,1.0,0,3.0,0,0,0.0,0,0.0,1.0,36,1,0.0,1,2,2,1,2,4,2,0,0,0,2,0,0,0,2,0,4,1.0,4,2.0,2,2,2,0,2,0,0,2,0,1,0,0,0,0,0,2,2,26,1210,940,3,0,2,43,5.5,2,0,269,74,248,3,21532
2025-07-11,argo,com.maubis.scarlet.base.note.creation.sheet,FormatActionBottomSheet,getOptions,10,4,0.0,8,1.0,1,1,1,0,28,1,10,0,0.9411764705882353,0,1,2,43,0.4,1,2.5641025641025643,2,2,0.0,0,0.0,1.0,36,1,0.0,1,2,2,1,2,4,2,0,0,0,2,0,0,0,2,0,4,1.0,4,2.0,2,2,2,0,2,0,0,2,0,1,0,0,0,0,0,2,2,26,1210,940,3,0,2,43,5.5,2,0,269,74,248,3,21532
2025-07-11,argo,com.maubis.scarlet.base.note.creation.sheet,MarkdownHelpBottomSheet,getComponent,1,2,0.0,3,1.0,1,1,1,0,6,0,1,0,0.0,0,0,1,27,0.0,1,4.714285714285714,2,1,0.0,0,0.0,1.0,8,0,0.0,1,0,1,1,0,3,1,0,0,0,0,0,0,0,0,0,1,0.0,1,1.0,1,1,0,0,1,0,0,1,0,1,0,0,0,0,0,1,1,26,1210,940,3,0,1,27,1.0,2,0,269,74,248,3,21532
2025-07-11,argo,com.maubis.scarlet.base.note.folder,FolderOptionsItem,getIcon,2,0,0.0,0,0.0,0,2,1,0,4,1,2,0,0.0,0,0,0,1,0.0,0,3.0,0,0,0.0,0,0.0,0.5,8,0,0.0,2,0,0,0,0,1,0,0,0,0,0,0,0,0,0,0,3,1.0,3,1.5,2,0,0,0,2,0,0,2,0,1,0,0,0,0,0,2,2,26,1210,940,5,0,0,1,1.5,8,0,265,74,248,4,21532
2025-07-11,argo,com.maubis.scarlet.base.note.folder,FolderOptionsItem,getEditIcon,1,0,0.0,0,0.0,0,2,1,0,1,0,1,0,0.0,0,0,0,0,0.0,0,3.0,0,0,0.0,0,0.0,0.5,8,0,0.0,2,0,0,0,0,1,0,0,0,0,0,0,0,0,0,0,3,1.0,3,1.5,2,0,0,0,2,0,0,2,0,1,0,0,0,0,0,2,2,26,1210,940,5,0,0,1,1.5,8,0,265,74,248,4,21532
2025-07-11,argo,com.maubis.scarlet.base.note.folder,FolderRecyclerHolder,populate,5,2,0.0,11,0.5,0,0,1,0,38,1,5,0,0.9642857142857143,0,4,2,28,1.0,1,2.1951219512195124,2,0,0.0,0,0.0,1.0,55,38,0.0,1,4,1,1,0,2,4,0,0,4,0,4,0,0,0,0,2,0.0,2,2.0,1,1,4,0,1,0,0,1,0,1,0,0,0,0,0,1,1,26,1210,940,5,0,2,28,5.0,8,0,265,74,248,4,21532
2025-07-11,argo,com.maubis.scarlet.base.note.folder,SelectorFolderRecyclerHolder,populate,1,1,0.0,4,0.5,0,0,1,0,11,0,1,0,0.9,0,2,4,9,0.67,0,2.1666666666666665,2,1,0.0,0,0.0,1.0,22,11,0.0,1,2,1,1,0,2,3,0,0,2,0,2,0,0,0,0,1,0.0,1,1.0,1,1,2,0,1,0,0,1,0,1,0,0,0,0,0,1,1,26,1210,940,5,0,4,9,1.0,8,0,265,74,248,4,21532
2025-07-11,argo,com.maubis.scarlet.base.note.folder.sheet,CreateOrEditFolderBottomSheet,getBackgroundView,1,0,0.0,0,0.0,1,5,1,0,3,0,1,0,0.0,0,0,0,0,0.0,0,3.0,0,0,0.0,0,0.0,0.5,91,10,0.0,5,2,4,1,2,8,8,1,0,0,2,0,0,0,2,0,10,0.8666666666666667,10,1.6666666666666667,6,4,2,0,4,2,0,4,0,1,0,0,1,0,1,6,7,26,1210,940,6,0,10,56,2.1666666666666665,10,0,433,74,248,12,21532
2025-07-11,argo,com.maubis.scarlet.base.note.folder.sheet,CreateOrEditFolderBottomSheet,setupView,6,9,0.0,12,0.75,1,5,1,0,43,1,6,3,0.4,3,2,6,36,0.22,1,2.9166666666666665,1,6,0.0,0,0.0,0.5,91,10,0.0,5,2,4,1,2,8,8,1,0,0,2,0,0,0,2,0,10,0.8666666666666667,10,1.6666666666666667,6,4,2,0,4,2,0,4,0,1,0,0,1,0,1,6,7,26,1210,940,6,0,10,56,2.1666666666666665,10,0,433,74,248,12,21532
2025-07-11,argo,com.maubis.scarlet.base.note.folder.sheet,CreateOrEditFolderBottomSheet,onActionClick,2,0,0.0,4,0.5,1,5,1,0,10,1,2,0,0.0,0,0,3,6,0.0,1,2.1666666666666665,2,1,0.0,0,0.0,0.5,91,10,0.0,5,2,4,1,2,8,8,1,0,0,2,0,0,0,2,0,10,0.8666666666666667,10,1.6666666666666667,6,4,2,0,4,2,0,4,0,1,0,0,1,0,1,6,7,26,1210,940,6,0,10,56,2.1666666666666665,10,0,433,74,248,12,21532
2025-07-11,argo,com.maubis.scarlet.base.note.folder.sheet,CreateOrEditFolderBottomSheet,setColorsList,2,2,0.0,4,0.75,1,5,1,0,13,1,2,1,0.0,1,0,1,10,0.0,1,2.4285714285714284,3,1,0.0,0,0.0,0.5,91,10,0.0,5,2,4,1,2,8,8,1,0,0,2,0,0,0,2,0,10,0.8666666666666667,10,1.6666666666666667,6,4,2,0,4,2,0,4,0,1,0,0,1,0,1,6,7,26,1210,940,6,0,10,56,2.1666666666666665,10,0,433,74,248,12,21532
2025-07-11,argo,com.maubis.scarlet.base.note.folder.sheet,CreateOrEditFolderBottomSheet,getLayout,1,0,0.0,0,0.0,1,5,1,0,1,0,1,0,0.0,0,0,0,0,0.0,0,3.0,0,0,0.0,0,0.0,0.5,91,10,0.0,5,2,4,1,2,8,8,1,0,0,2,0,0,0,2,0,10,0.8666666666666667,10,1.6666666666666667,6,4,2,0,4,2,0,4,0,1,0,0,1,0,1,6,7,26,1210,940,6,0,10,56,2.1666666666666665,10,0,433,74,248,12,21532
2025-07-11,argo,com.maubis.scarlet.base.note.folder.sheet,CreateOrEditFolderBottomSheet,openSheet,1,1,0.0,1,1.0,1,5,1,0,1,0,1,0,0.0,0,2,0,4,2.0,0,3.0,0,0,0.0,0,0.0,0.5,91,10,0.0,5,2,4,1,2,8,8,1,0,0,2,0,0,0,2,0,10,0.8666666666666667,10,1.6666666666666667,6,4,2,0,4,2,0,4,0,1,0,0,1,0,1,6,7,26,1210,940,6,1,10,56,2.1666666666666665,10,0,433,74,248,12,21532
2025-07-11,argo,com.maubis.scarlet.base.note.folder.sheet,DeleteFolderBottomSheet,title,1,0,0.0,0,0.0,1,1,1,0,1,0,1,0,0.0,0,0,0,0,0.0,0,3.0,0,0,0.0,0,0.0,0.6666666666666666,48,4,0.0,2,2,2,1,2,6,2,0,0,0,2,0,0,0,2,0,4,0.6666666666666667,4,1.3333333333333333,3,2,2,0,2,1,0,2,0,1,0,0,0,0,0,3,3,26,1210,940,6,0,2,26,1.3333333333333333,10,0,433,74,248,12,21532
2025-07-11,argo,com.maubis.scarlet.base.note.folder.sheet,DeleteFolderBottomSheet,getOptions,2,3,0.0,4,0.75,1,1,1,0,36,1,2,3,1.0,1,2,1,20,0.4,1,2.45,2,1,0.0,0,0.0,0.6666666666666666,48,4,0.0,2,2,2,1,2,6,2,0,0,0,2,0,0,0,2,0,4,0.6666666666666667,4,1.3333333333333333,3,2,2,0,2,1,0,2,0,1,0,0,0,0,0,3,3,26,1210,940,6,0,2,26,1.3333333333333333,10,0,433,74,248,12,21532
2025-07-11,argo,com.maubis.scarlet.base.note.folder.sheet,DeleteFolderBottomSheet,executeForFolderContent,1,0,0.0,1,1.0,1,1,1,0,3,0,1,0,0.0,0,0,1,6,0.0,0,2.5,2,1,0.0,0,0.0,0.6666666666666666,48,4,0.0,2,2,2,1,2,6,2,0,0,0,2,0,0,0,2,0,4,0.6666666666666667,4,1.3333333333333333,3,2,2,0,2,1,0,2,0,1,0,0,0,0,0,3,3,26,1210,940,6,0,2,26,1.3333333333333333,10,0,433,74,248,12,21532
2025-07-11,argo,com.maubis.scarlet.base.note.folder.sheet,SelectedFolderChooseOptionsBottomSheet,preComponentRender,1,1,0.0,3,0.6667,1,1,1,0,6,0,1,0,1.0,0,2,0,8,1.0,1,2.4,1,0,0.0,0,1.0,1.0,23,10,0.0,2,3,3,1,3,3,2,0,0,0,3,0,0,0,3,0,3,0.33333333333333337,3,1.0,3,3,3,0,3,0,0,3,0,1,0,0,0,0,0,3,3,26,1210,940,6,0,0,10,1.0,10,0,433,74,248,12,21532
2025-07-11,argo,com.maubis.scarlet.base.note.folder.sheet,SelectedFolderChooseOptionsBottomSheet,onFolderSelected,1,0,0.0,1,1.0,1,1,1,0,4,0,1,0,0.5,0,2,0,2,2.0,0,2.0,1,0,0.0,0,1.0,1.0,23,10,0.0,2,3,3,1,3,3,2,0,0,0,3,0,0,0,3,0,3,0.33333333333333337,3,1.0,3,3,3,0,3,0,0,3,0,1,0,0,0,0,0,3,3,26,1210,940,6,0,0,10,1.0,10,0,433,74,248,12,21532
2025-07-11,argo,com.maubis.scarlet.base.note.folder.sheet,SelectedFolderChooseOptionsBottomSheet,isFolderSelected,1,0,0.0,0,0.0,1,1,1,0,3,0,1,0,0.5,0,1,0,0,1.0,0,2.0,1,0,0.0,0,1.0,1.0,23,10,0.0,2,3,3,1,3,3,2,0,0,0,3,0,0,0,3,0,3,0.33333333333333337,3,1.0,3,3,3,0,3,0,0,3,0,1,0,0,0,0,0,3,3,26,1210,940,6,0,0,10,1.0,10,0,433,74,248,12,21532
2025-07-11,argo,com.maubis.scarlet.base.note.formats,FormatAdapter,getItemViewType,1,0,0.0,0,0.0,0,1,1,0,3,0,1,0,0.0,0,0,0,0,0.0,0,3.0,1,0,0.0,0,0.0,1.0,24,17,0.0,3,0,3,1,0,2,2,0,0,0,0,0,0,0,0,0,8,1.0,8,2.6666666666666665,3,3,0,0,3,0,0,3,0,1,0,0,0,0,0,3,3,26,1210,940,2,0,3,6,3.3333333333333335,6,1,159,74,248,3,21532
2025-07-11,argo,com.maubis.scarlet.base.note.formats,FormatAdapter,onItemDismiss,2,0,0.0,1,1.0,0,1,1,0,3,1,2,0,0.0,0,0,1,1,0.0,1,2.0,1,1,0.0,0,0.0,1.0,24,17,0.0,3,0,3,1,0,2,2,0,0,0,0,0,0,0,0,0,8,1.0,8,2.6666666666666665,3,3,0,0,3,0,0,3,0,1,0,0,0,0,0,3,3,26,1210,940,2,0,3,6,3.3333333333333335,6,1,159,74,248,3,21532
2025-07-11,argo,com.maubis.scarlet.base.note.formats,FormatAdapter,onItemMove,7,0,0.0,2,1.0,0,1,1,0,14,2,7,0,0.0,0,0,2,5,0.0,1,2.0,2,2,0.0,0,0.0,1.0,24,17,0.0,3,0,3,1,0,2,2,0,0,0,0,0,0,0,0,0,8,1.0,8,2.6666666666666665,3,3,0,0,3,0,0,3,0,1,0,0,0,0,0,3,3,26,1210,940,2,0,3,6,3.3333333333333335,6,1,159,74,248,3,21532
2025-07-11,argo,com.maubis.scarlet.base.note.formats.recycler,FormatBulletViewHolder,populate,3,0,0.0,4,0.8,0,0,1,0,22,1,3,0,0.7142857142857143,1,3,0,10,1.5,1,2.466666666666667,2,0,0.0,0,0.0,1.0,30,22,0.0,1,3,1,1,0,2,1,0,3,0,0,3,0,0,0,0,2,0.0,2,2.0,1,1,3,0,1,0,0,1,0,1,0,0,0,0,0,1,1,26,1210,940,9,0,0,10,3.0,16,0,583,74,248,14,21532
2025-07-11,argo,com.maubis.scarlet.base.note.formats.recycler,FormatImageViewHolder,populate,10,4,1.0,16,0.5238,0,0,1,0,50,5,10,2,0.5714285714285714,1,8,3,38,1.33,1,2.159090909090909,2,0,0.0,0,1.0,1.0,81,62,0.5,2,8,1,1,0,3,7,0,0,8,0,7,0,0,1,0,6,0.0,6,3.0,2,1,8,0,2,0,0,2,0,1,0,0,0,0,0,4,4,26,1210,940,9,0,4,44,5.5,16,0,583,74,248,14,21532
2025-07-11,argo,com.maubis.scarlet.base.note.formats.recycler,FormatImageViewHolder,populateFile,1,0,0.0,2,1.0,0,0,1,0,12,0,1,0,0.8,0,2,1,6,2.0,0,2.3333333333333335,1,1,0.0,0,1.0,1.0,81,62,0.5,2,8,1,1,0,3,7,0,0,8,0,7,0,0,1,0,6,0.0,6,3.0,2,1,8,0,2,0,0,2,0,1,0,0,0,0,0,4,4,26,1210,940,9,0,4,44,5.5,16,0,583,74,248,14,21532
2025-07-11,argo,com.maubis.scarlet.base.note.formats.recycler,FormatListViewHolder,populate,4,0,0.0,8,0.6,0,0,1,0,25,1,4,0,0.42105263157894735,1,2,2,23,1.0,1,2.212121212121212,2,1,0.0,0,0.0,1.0,40,25,0.0,1,2,1,1,0,2,3,0,2,0,0,2,0,0,0,0,2,0.0,2,2.0,1,1,2,0,1,0,0,1,0,1,0,0,0,0,0,1,1,26,1210,940,9,0,2,23,4.0,16,0,583,74,248,14,21532
2025-07-11,argo,com.maubis.scarlet.base.note.formats.recycler,FormatQuoteViewHolder,populate,1,0,0.0,1,1.0,0,0,1,0,4,0,1,0,0.25,1,1,0,4,0.5,1,3.5,2,0,0.0,0,0.0,0.0,8,4,0.0,1,1,1,1,0,2,1,0,1,0,0,1,0,0,0,0,1,0.0,1,1.0,1,1,1,0,1,0,0,1,0,1,0,0,0,0,0,1,1,26,1210,940,9,0,0,4,1.0,16,0,583,74,248,14,21532
2025-07-11,argo,com.maubis.scarlet.base.note.formats.recycler,FormatSeparatorViewHolder,populate,3,0,0.0,5,0.6,0,0,1,0,12,2,3,0,0.45454545454545453,0,2,1,9,1.0,0,2.2,2,0,0.0,0,0.0,1.0,18,12,0.0,1,2,1,1,2,2,2,0,0,0,2,2,0,0,0,0,3,0.0,3,3.0,1,1,2,0,1,0,0,1,0,1,0,0,0,0,0,1,1,26,1210,940,9,0,1,9,3.0,16,0,583,74,248,14,21532
2025-07-11,argo,com.maubis.scarlet.base.note.formats.recycler,FormatTextViewHolder,populate,8,1,1.0,14,0.3,0,1,1,0,38,4,8,1,0.49122807017543857,1,4,4,36,1.33,1,2.282608695652174,2,1,0.0,0,0.5,0.75,117,83,0.2857142857142857,7,4,4,1,0,7,6,0,0,4,0,3,0,0,1,3,15,0.9285714285714286,16,2.0,8,4,4,0,6,2,0,6,0,1,0,0,0,0,0,8,8,26,1210,940,9,0,7,88,3.857142857142857,16,0,583,74,248,14,21532
2025-07-11,argo,com.maubis.scarlet.base.note.formats.recycler,FormatTextViewHolder,beforeTextChanged,0,0,1.0,0,0.0,0,1,1,0,0,0,0,0,0.0,0,0,0,0,0.0,0,0.0,4,0,0.0,0,0.5,0.75,117,83,0.2857142857142857,7,4,4,1,0,7,6,0,0,4,0,3,0,0,1,3,15,0.9285714285714286,16,2.0,8,4,4,0,6,2,0,6,0,1,0,0,0,0,0,8,8,26,1210,940,9,0,7,88,3.857142857142857,16,0,583,74,248,14,21532
2025-07-11,argo,com.maubis.scarlet.base.note.formats.recycler,FormatTextViewHolder,onTextChanged,3,0,1.0,3,1.0,0,1,1,0,8,1,3,1,1.0,1,2,2,4,0.75,1,2.0,4,2,0.0,0,0.5,0.75,117,83,0.2857142857142857,7,4,4,1,0,7,6,0,0,4,0,3,0,0,1,3,15,0.9285714285714286,16,2.0,8,4,4,0,6,2,0,6,0,1,0,0,0,0,0,8,8,26,1210,940,9,0,7,88,3.857142857142857,16,0,583,74,248,14,21532
2025-07-11,argo,com.maubis.scarlet.base.note.formats.recycler,FormatTextViewHolder,showHintWhenTextIsEmpty,5,0,0.0,1,1.0,0,1,1,0,6,2,5,0,1.0,1,3,0,3,3.0,0,2.3333333333333335,0,0,0.0,0,0.5,0.75,117,83,0.2857142857142857,7,4,4,1,0,7,6,0,0,4,0,3,0,0,1,3,15,0.9285714285714286,16,2.0,8,4,4,0,6,2,0,6,0,1,0,0,0,0,0,8,8,26,1210,940,9,0,7,88,3.857142857142857,16,0,583,74,248,14,21532
2025-07-11,argo,com.maubis.scarlet.base.note.formats.recycler,FormatTextViewHolder,afterTextChanged,2,0,0.0,2,0.5,0,1,1,0,6,1,2,0,1.0,0,1,0,6,2.0,1,3.5,1,0,0.0,0,0.5,0.75,117,83,0.2857142857142857,7,4,4,1,0,7,6,0,0,4,0,3,0,0,1,3,15,0.9285714285714286,16,2.0,8,4,4,0,6,2,0,6,0,1,0,0,0,0,0,8,8,26,1210,940,9,0,7,88,3.857142857142857,16,0,583,74,248,14,21532
2025-07-11,argo,com.maubis.scarlet.base.note.formats.recycler,FormatTextViewHolder,requestEditTextFocus,1,0,0.0,1,1.0,0,1,1,0,3,0,1,0,1.0,0,1,0,1,1.0,1,2.0,0,0,0.0,0,0.5,0.75,117,83,0.2857142857142857,7,4,4,1,0,7,6,0,0,4,0,3,0,0,1,3,15,0.9285714285714286,16,2.0,8,4,4,0,6,2,0,6,0,1,0,0,0,0,0,8,8,26,1210,940,9,0,7,88,3.857142857142857,16,0,583,74,248,14,21532
2025-07-11,argo,com.maubis.scarlet.base.note.formats.recycler,FormatTextViewHolder,requestMarkdownAction,5,8,0.0,5,0.8571,0,1,1,0,22,1,5,0,0.6153846153846154,0,2,1,20,0.22,1,2.35,1,1,0.0,0,0.5,0.75,117,83,0.2857142857142857,7,4,4,1,0,7,6,0,0,4,0,3,0,0,1,3,15,0.9285714285714286,16,2.0,8,4,4,0,6,2,0,6,0,1,0,0,0,0,0,8,8,26,1210,940,9,0,7,88,3.857142857142857,16,0,583,74,248,14,21532
2025-07-11,argo,com.maubis.scarlet.base.note.formats.recycler,FormatTextViewHolder,getHint,3,0,0.0,5,0.2,0,1,1,0,10,1,3,0,0.0,0,0,0,18,2.0,0,2.6666666666666665,0,0,0.0,0,0.5,0.75,117,83,0.2857142857142857,7,4,4,1,0,7,6,0,0,4,0,3,0,0,1,3,15,0.9285714285714286,16,2.0,8,4,4,0,6,2,0,6,0,1,0,0,0,0,0,8,8,26,1210,940,9,0,7,88,3.857142857142857,16,0,583,74,248,14,21532
2025-07-11,argo,com.maubis.scarlet.base.note.recycler,NoteAppAdapter,getItemViewType,1,0,0.0,0,0.0,1,1,1,2,3,0,1,0,0.0,0,0,0,0,0.0,0,3.0,1,0,0.0,0,0.0,0.0,9,0,0.0,1,0,1,1,0,1,0,0,0,0,0,0,0,0,0,0,1,0.0,1,1.0,1,1,0,0,1,0,0,1,0,1,0,0,0,0,0,1,1,26,1210,940,4,0,0,0,1.0,17,0,389,74,248,23,21532
2025-07-11,argo,com.maubis.scarlet.base.note.recycler,NoteRecyclerHolder,viewClick,1,0,2.0,0,0.0,0,0,1,0,3,0,1,2,0.0,2,0,1,0,0.0,0,0.0,2,1,0.0,0,0.16666666666666666,0.1111111111111111,45,33,0.4444444444444444,9,1,7,1,0,3,5,0,1,0,0,1,0,0,0,0,10,0.8055555555555556,10,1.1111111111111112,9,7,1,0,7,2,0,7,1,1,0,0,0,0,0,9,9,26,1210,940,4,0,9,11,1.3333333333333333,17,0,389,74,248,23,21532
2025-07-11,argo,com.maubis.scarlet.base.note.recycler,NoteRecyclerHolder,viewLongClick,1,0,0.0,1,1.0,0,0,1,0,3,0,1,0,0.5,0,1,1,1,0.5,1,2.0,2,1,0.0,0,0.16666666666666666,0.1111111111111111,45,33,0.4444444444444444,9,1,7,1,0,3,5,0,1,0,0,1,0,0,0,0,10,0.8055555555555556,10,1.1111111111111112,9,7,1,0,7,2,0,7,1,1,0,0,0,0,0,9,9,26,1210,940,4,0,9,11,1.3333333333333333,17,0,389,74,248,23,21532
2025-07-11,argo,com.maubis.scarlet.base.note.recycler,NoteRecyclerHolder,deleteIconClick,1,0,1.0,1,1.0,0,0,1,0,3,0,1,1,0.3333333333333333,1,1,1,1,0.5,1,2.0,2,1,0.0,0,0.16666666666666666,0.1111111111111111,45,33,0.4444444444444444,9,1,7,1,0,3,5,0,1,0,0,1,0,0,0,0,10,0.8055555555555556,10,1.1111111111111112,9,7,1,0,7,2,0,7,1,1,0,0,0,0,0,9,9,26,1210,940,4,0,9,11,1.3333333333333333,17,0,389,74,248,23,21532
2025-07-11,argo,com.maubis.scarlet.base.note.recycler,NoteRecyclerHolder,shareIconClick,1,0,1.0,1,1.0,0,0,1,0,3,0,1,1,0.0,1,0,1,1,0.0,1,2.0,2,1,0.0,0,0.16666666666666666,0.1111111111111111,45,33,0.4444444444444444,9,1,7,1,0,3,5,0,1,0,0,1,0,0,0,0,10,0.8055555555555556,10,1.1111111111111112,9,7,1,0,7,2,0,7,1,1,0,0,0,0,0,9,9,26,1210,940,4,0,9,11,1.3333333333333333,17,0,389,74,248,23,21532
2025-07-11,argo,com.maubis.scarlet.base.note.recycler,NoteRecyclerHolder,editIconClick,1,0,0.0,1,1.0,0,0,1,0,3,0,1,0,0.0,0,0,1,1,0.0,1,2.0,2,1,0.0,0,0.16666666666666666,0.1111111111111111,45,33,0.4444444444444444,9,1,7,1,0,3,5,0,1,0,0,1,0,0,0,0,10,0.8055555555555556,10,1.1111111111111112,9,7,1,0,7,2,0,7,1,1,0,0,0,0,0,9,9,26,1210,940,4,0,9,11,1.3333333333333333,17,0,389,74,248,23,21532
2025-07-11,argo,com.maubis.scarlet.base.note.recycler,NoteRecyclerHolder,copyIconClick,1,0,1.0,1,1.0,0,0,1,0,3,0,1,1,0.0,1,0,1,1,0.0,1,2.0,2,1,0.0,0,0.16666666666666666,0.1111111111111111,45,33,0.4444444444444444,9,1,7,1,0,3,5,0,1,0,0,1,0,0,0,0,10,0.8055555555555556,10,1.1111111111111112,9,7,1,0,7,2,0,7,1,1,0,0,0,0,0,9,9,26,1210,940,4,0,9,11,1.3333333333333333,17,0,389,74,248,23,21532
2025-07-11,argo,com.maubis.scarlet.base.note.recycler,NoteRecyclerHolder,moreOptionsIconClick,1,0,0.0,1,1.0,0,0,1,0,3,0,1,0,0.5,0,1,1,1,0.5,1,2.0,2,1,0.0,0,0.16666666666666666,0.1111111111111111,45,33,0.4444444444444444,9,1,7,1,0,3,5,0,1,0,0,1,0,0,0,0,10,0.8055555555555556,10,1.1111111111111112,9,7,1,0,7,2,0,7,1,1,0,0,0,0,0,9,9,26,1210,940,4,0,9,11,1.3333333333333333,17,0,389,74,248,23,21532
2025-07-11,argo,com.maubis.scarlet.base.note.recycler,NoteRecyclerHolder,actionOrUnlockNote,4,0,0.0,2,1.0,0,0,1,0,9,1,4,1,0.14285714285714285,1,1,1,3,0.5,1,2.0,2,1,0.0,0,0.16666666666666666,0.1111111111111111,45,33,0.4444444444444444,9,1,7,1,0,3,5,0,1,0,0,1,0,0,0,0,10,0.8055555555555556,10,1.1111111111111112,9,7,1,0,7,2,0,7,1,1,0,0,0,0,0,9,9,26,1210,940,4,0,9,11,1.3333333333333333,17,0,389,74,248,23,21532
2025-07-11,argo,com.maubis.scarlet.base.note.recycler,NoteRecyclerHolder,openNote,1,0,0.0,1,1.0,0,0,1,0,3,0,1,0,0.0,0,0,1,2,0.0,0,3.0,1,1,0.0,0,0.16666666666666666,0.1111111111111111,45,33,0.4444444444444444,9,1,7,1,0,3,5,0,1,0,0,1,0,0,0,0,10,0.8055555555555556,10,1.1111111111111112,9,7,1,0,7,2,0,7,1,1,0,0,0,0,0,9,9,26,1210,940,4,0,9,11,1.3333333333333333,17,0,389,74,248,23,21532
2025-07-11,argo,com.maubis.scarlet.base.note.recycler,NoteRecyclerViewHolderBase,populate,3,1,2.0,4,0.5,0,5,1,0,15,0,3,7,0.5,7,1,5,10,0.33,0,2.2222222222222223,2,5,0.0,0,0.0,0.38461538461538464,154,15,0.125,13,15,1,1,0,4,17,0,0,15,0,15,0,0,0,1,9,0.9743589743589743,16,1.2307692307692308,13,1,15,0,1,5,7,1,1,1,0,0,0,0,0,13,13,26,1210,940,4,0,9,69,2.0,17,0,389,74,248,23,21532
2025-07-11,argo,com.maubis.scarlet.base.note.recycler,NoteRecyclerViewHolderBase,setDescription,1,0,0.0,2,0.5,0,5,1,0,6,0,1,0,0.625,0,1,1,5,1.0,0,2.2857142857142856,1,0,0.0,0,0.0,0.38461538461538464,154,15,0.125,13,15,1,1,0,4,17,0,0,15,0,15,0,0,0,1,9,0.9743589743589743,16,1.2307692307692308,13,1,15,0,1,5,7,1,1,1,0,0,0,0,0,13,13,26,1210,940,4,0,9,69,2.0,17,0,389,74,248,23,21532
2025-07-11,argo,com.maubis.scarlet.base.note.recycler,NoteRecyclerViewHolderBase,setImage,2,1,0.0,3,1.0,0,5,1,0,7,1,2,0,0.3333333333333333,0,1,1,8,0.5,1,2.75,1,0,0.0,0,0.0,0.38461538461538464,154,15,0.125,13,15,1,1,0,4,17,0,0,15,0,15,0,0,0,1,9,0.9743589743589743,16,1.2307692307692308,13,1,15,0,1,5,7,1,1,1,0,0,0,0,0,13,13,26,1210,940,4,0,9,69,2.0,17,0,389,74,248,23,21532
2025-07-11,argo,com.maubis.scarlet.base.note.recycler,NoteRecyclerViewHolderBase,setIndicators,2,0,0.0,4,0.5455,0,5,1,0,26,1,2,0,0.5714285714285714,0,5,1,21,6.0,0,2.4642857142857144,1,0,0.0,0,0.0,0.38461538461538464,154,15,0.125,13,15,1,1,0,4,17,0,0,15,0,15,0,0,0,1,9,0.9743589743589743,16,1.2307692307692308,13,1,15,0,1,5,7,1,1,1,0,0,0,0,0,13,13,26,1210,940,4,0,9,69,2.0,17,0,389,74,248,23,21532
2025-07-11,argo,com.maubis.scarlet.base.note.recycler,NoteRecyclerViewHolderBase,setMetaText,3,1,0.0,4,0.5,0,5,1,0,19,1,3,0,0.6,0,1,1,9,0.5,1,2.3076923076923075,1,0,0.0,0,0.0,0.38461538461538464,154,15,0.125,13,15,1,1,0,4,17,0,0,15,0,15,0,0,0,1,9,0.9743589743589743,16,1.2307692307692308,13,1,15,0,1,5,7,1,1,1,0,0,0,0,0,13,13,26,1210,940,4,0,9,69,2.0,17,0,389,74,248,23,21532
2025-07-11,argo,com.maubis.scarlet.base.note.recycler,NoteRecyclerViewHolderBase,setActionBar,1,0,0.0,6,0.5,0,5,1,0,12,0,1,5,0.3333333333333333,5,5,0,16,2.5,0,2.3333333333333335,2,0,0.0,0,0.0,0.38461538461538464,154,15,0.125,13,15,1,1,0,4,17,0,0,15,0,15,0,0,0,1,9,0.9743589743589743,16,1.2307692307692308,13,1,15,0,1,5,7,1,1,1,0,0,0,0,0,13,13,26,1210,940,4,0,9,69,2.0,17,0,389,74,248,23,21532
2025-07-11,argo,com.maubis.scarlet.base.note.recycler,NoteRecyclerViewHolderBase,viewClick,0,0,5.0,0,0.0,0,5,1,0,0,0,0,0,0.0,0,0,0,0,0.0,0,0.0,2,0,0.0,0,0.0,0.38461538461538464,154,15,0.125,13,15,1,1,0,4,17,0,0,15,0,15,0,0,0,1,9,0.9743589743589743,16,1.2307692307692308,13,1,15,0,1,5,7,1,1,1,0,0,0,0,0,13,13,26,1210,940,4,0,9,69,2.0,17,0,389,74,248,23,21532
2025-07-11,argo,com.maubis.scarlet.base.note.recycler,NoteRecyclerViewHolderBase,viewLongClick,0,0,5.0,0,0.0,0,5,1,0,0,0,0,0,0.0,0,0,0,0,0.0,0,0.0,2,0,0.0,0,0.0,0.38461538461538464,154,15,0.125,13,15,1,1,0,4,17,0,0,15,0,15,0,0,0,1,9,0.9743589743589743,16,1.2307692307692308,13,1,15,0,1,5,7,1,1,1,0,0,0,0,0,13,13,26,1210,940,4,0,9,69,2.0,17,0,389,74,248,23,21532
2025-07-11,argo,com.maubis.scarlet.base.note.recycler,NoteRecyclerViewHolderBase,deleteIconClick,0,0,4.0,0,0.0,0,5,1,0,0,0,0,0,0.0,0,0,0,0,0.0,0,0.0,2,0,0.0,0,0.0,0.38461538461538464,154,15,0.125,13,15,1,1,0,4,17,0,0,15,0,15,0,0,0,1,9,0.9743589743589743,16,1.2307692307692308,13,1,15,0,1,5,7,1,1,1,0,0,0,0,0,13,13,26,1210,940,4,0,9,69,2.0,17,0,389,74,248,23,21532
2025-07-11,argo,com.maubis.scarlet.base.note.recycler,NoteRecyclerViewHolderBase,shareIconClick,0,0,4.0,0,0.0,0,5,1,0,0,0,0,0,0.0,0,0,0,0,0.0,0,0.0,2,0,0.0,0,0.0,0.38461538461538464,154,15,0.125,13,15,1,1,0,4,17,0,0,15,0,15,0,0,0,1,9,0.9743589743589743,16,1.2307692307692308,13,1,15,0,1,5,7,1,1,1,0,0,0,0,0,13,13,26,1210,940,4,0,9,69,2.0,17,0,389,74,248,23,21532
2025-07-11,argo,com.maubis.scarlet.base.note.recycler,NoteRecyclerViewHolderBase,editIconClick,0,0,4.0,0,0.0,0,5,1,0,0,0,0,0,0.0,0,0,0,0,0.0,0,0.0,2,0,0.0,0,0.0,0.38461538461538464,154,15,0.125,13,15,1,1,0,4,17,0,0,15,0,15,0,0,0,1,9,0.9743589743589743,16,1.2307692307692308,13,1,15,0,1,5,7,1,1,1,0,0,0,0,0,13,13,26,1210,940,4,0,9,69,2.0,17,0,389,74,248,23,21532
2025-07-11,argo,com.maubis.scarlet.base.note.recycler,NoteRecyclerViewHolderBase,copyIconClick,0,0,4.0,0,0.0,0,5,1,0,0,0,0,0,0.0,0,0,0,0,0.0,0,0.0,2,0,0.0,0,0.0,0.38461538461538464,154,15,0.125,13,15,1,1,0,4,17,0,0,15,0,15,0,0,0,1,9,0.9743589743589743,16,1.2307692307692308,13,1,15,0,1,5,7,1,1,1,0,0,0,0,0,13,13,26,1210,940,4,0,9,69,2.0,17,0,389,74,248,23,21532
2025-07-11,argo,com.maubis.scarlet.base.note.recycler,NoteRecyclerViewHolderBase,moreOptionsIconClick,0,0,4.0,0,0.0,0,5,1,0,0,0,0,0,0.0,0,0,0,0,0.0,0,0.0,2,0,0.0,0,0.0,0.38461538461538464,154,15,0.125,13,15,1,1,0,4,17,0,0,15,0,15,0,0,0,1,9,0.9743589743589743,16,1.2307692307692308,13,1,15,0,1,5,7,1,1,1,0,0,0,0,0,13,13,26,1210,940,4,0,9,69,2.0,17,0,389,74,248,23,21532
2025-07-11,argo,com.maubis.scarlet.base.note.reminders,ReminderJob,cancelJob,6,5,0.0,9,0.8889,1,0,1,0,24,2,6,0,0.0,0,0,1,18,0.0,1,2.176470588235294,0,0,0.0,0,0.0,1.0,59,24,0.0,1,0,1,1,0,2,1,1,0,0,2,2,2,2,0,0,3,0.0,3,3.0,1,1,0,0,1,0,0,1,0,1,0,0,3,0,3,1,4,26,1210,940,2,1,1,18,6.0,2,0,107,74,248,2,21532
2025-07-11,argo,com.maubis.scarlet.base.note.reminders,ReminderJobCreator,create,3,0,0.0,1,1.0,1,0,1,0,6,2,3,0,0.0,0,0,0,2,0.0,1,2.0,1,0,0.0,0,0.0,1.0,8,6,0.0,1,0,1,1,0,2,0,0,0,0,0,0,0,0,0,0,2,0.0,2,2.0,1,1,0,0,1,0,0,1,1,1,0,0,0,0,0,1,1,26,1210,940,2,0,0,2,3.0,2,0,107,74,248,2,21532
2025-07-11,argo,com.maubis.scarlet.base.note.reminders.sheet,ReminderBottomSheet,getBackgroundView,1,0,0.0,0,0.0,1,8,1,0,3,0,1,0,0.0,0,0,0,0,0.0,0,3.0,0,0,0.0,0,0.2727272727272727,0.7272727272727273,173,35,0.0,8,2,4,1,2,7,11,1,0,0,2,1,0,0,1,0,21,0.6545454545454545,21,1.9090909090909092,11,4,2,0,11,0,0,11,0,1,0,0,1,0,1,12,13,26,1210,940,1,0,18,124,2.272727272727273,3,0,258,74,248,11,21532
2025-07-11,argo,com.maubis.scarlet.base.note.reminders.sheet,ReminderBottomSheet,setupView,5,3,0.0,5,0.8333,1,8,1,0,26,2,5,3,0.625,4,2,4,15,0.5,2,2.4285714285714284,1,4,0.0,0,0.2727272727272727,0.7272727272727273,173,35,0.0,8,2,4,1,2,7,11,1,0,0,2,1,0,0,1,0,21,0.6545454545454545,21,1.9090909090909092,11,4,2,0,11,0,0,11,0,1,0,0,1,0,1,12,13,26,1210,940,1,0,18,124,2.272727272727273,3,0,258,74,248,11,21532
2025-07-11,argo,com.maubis.scarlet.base.note.reminders.sheet,ReminderBottomSheet,setListeners,6,7,0.0,10,0.9231,1,8,1,0,40,1,6,3,0.5,3,1,5,25,0.11,1,2.6666666666666665,2,5,0.0,0,0.2727272727272727,0.7272727272727273,173,35,0.0,8,2,4,1,2,7,11,1,0,0,2,1,0,0,1,0,21,0.6545454545454545,21,1.9090909090909092,11,4,2,0,11,0,0,11,0,1,0,0,1,0,1,12,13,26,1210,940,1,0,18,124,2.272727272727273,3,0,258,74,248,11,21532
2025-07-11,argo,com.maubis.scarlet.base.note.reminders.sheet,ReminderBottomSheet,getReminderIntervalLabel,2,0,0.0,0,0.0,1,8,1,0,6,0,2,0,0.0,0,0,0,1,1.0,0,2.5,1,0,0.0,0,0.2727272727272727,0.7272727272727273,173,35,0.0,8,2,4,1,2,7,11,1,0,0,2,1,0,0,1,0,21,0.6545454545454545,21,1.9090909090909092,11,4,2,0,11,0,0,11,0,1,0,0,1,0,1,12,13,26,1210,940,1,0,18,124,2.272727272727273,3,0,258,74,248,11,21532
2025-07-11,argo,com.maubis.scarlet.base.note.reminders.sheet,ReminderBottomSheet,openFrequencyDialog,1,1,0.0,5,0.8,1,8,1,0,13,0,1,4,1.0,2,1,1,12,1.0,0,2.5,0,1,0.0,0,0.2727272727272727,0.7272727272727273,173,35,0.0,8,2,4,1,2,7,11,1,0,0,2,1,0,0,1,0,21,0.6545454545454545,21,1.9090909090909092,11,4,2,0,11,0,0,11,0,1,0,0,1,0,1,12,13,26,1210,940,1,0,18,124,2.272727272727273,3,0,258,74,248,11,21532
2025-07-11,argo,com.maubis.scarlet.base.note.reminders.sheet,ReminderBottomSheet,openDatePickerDialog,1,2,0.0,5,1.0,1,8,1,0,11,0,1,1,1.0,1,1,1,13,0.5,1,2.5833333333333335,0,1,0.0,0,0.2727272727272727,0.7272727272727273,173,35,0.0,8,2,4,1,2,7,11,1,0,0,2,1,0,0,1,0,21,0.6545454545454545,21,1.9090909090909092,11,4,2,0,11,0,0,11,0,1,0,0,1,0,1,12,13,26,1210,940,1,0,18,124,2.272727272727273,3,0,258,74,248,11,21532
2025-07-11,argo,com.maubis.scarlet.base.note.reminders.sheet,ReminderBottomSheet,openTimePickerDialog,1,2,0.0,5,1.0,1,8,1,0,11,0,1,1,1.0,1,1,1,12,0.5,1,2.5454545454545454,0,1,0.0,0,0.2727272727272727,0.7272727272727273,173,35,0.0,8,2,4,1,2,7,11,1,0,0,2,1,0,0,1,0,21,0.6545454545454545,21,1.9090909090909092,11,4,2,0,11,0,0,11,0,1,0,0,1,0,1,12,13,26,1210,940,1,0,18,124,2.272727272727273,3,0,258,74,248,11,21532
2025-07-11,argo,com.maubis.scarlet.base.note.reminders.sheet,ReminderBottomSheet,setContent,4,4,0.0,3,0.8571,1,8,1,0,13,1,4,0,1.0,1,0,3,22,0.2,0,3.1538461538461537,1,3,0.0,0,0.2727272727272727,0.7272727272727273,173,35,0.0,8,2,4,1,2,7,11,1,0,0,2,1,0,0,1,0,21,0.6545454545454545,21,1.9090909090909092,11,4,2,0,11,0,0,11,0,1,0,0,1,0,1,12,13,26,1210,940,1,0,18,124,2.272727272727273,3,0,258,74,248,11,21532
2025-07-11,argo,com.maubis.scarlet.base.note.reminders.sheet,ReminderBottomSheet,setColors,2,7,0.0,6,0.5,1,8,1,0,24,1,2,0,0.0,0,0,3,22,0.14,1,2.5,0,3,0.0,0,0.2727272727272727,0.7272727272727273,173,35,0.0,8,2,4,1,2,7,11,1,0,0,2,1,0,0,1,0,21,0.6545454545454545,21,1.9090909090909092,11,4,2,0,11,0,0,11,0,1,0,0,1,0,1,12,13,26,1210,940,1,0,18,124,2.272727272727273,3,0,258,74,248,11,21532
2025-07-11,argo,com.maubis.scarlet.base.note.reminders.sheet,ReminderBottomSheet,getLayout,1,0,0.0,0,0.0,1,8,1,0,1,0,1,0,0.0,0,0,0,0,1.0,0,3.0,0,0,0.0,0,0.2727272727272727,0.7272727272727273,173,35,0.0,8,2,4,1,2,7,11,1,0,0,2,1,0,0,1,0,21,0.6545454545454545,21,1.9090909090909092,11,4,2,0,11,0,0,11,0,1,0,0,1,0,1,12,13,26,1210,940,1,0,18,124,2.272727272727273,3,0,258,74,248,11,21532
2025-07-11,argo,com.maubis.scarlet.base.note.reminders.sheet,ReminderBottomSheet,openSheet,1,1,0.0,1,1.0,1,8,1,0,1,0,1,0,0.0,0,1,0,2,1.0,0,3.0,0,0,0.0,0,0.2727272727272727,0.7272727272727273,173,35,0.0,8,2,4,1,2,7,11,1,0,0,2,1,0,0,1,0,21,0.6545454545454545,21,1.9090909090909092,11,4,2,0,11,0,0,11,0,1,0,0,1,0,1,12,13,26,1210,940,1,1,18,124,2.272727272727273,3,0,258,74,248,11,21532
2025-07-11,argo,com.maubis.scarlet.base.note.selection.activity,SelectableNotesActivityBase,onCreate,1,0,0.0,0,0.0,1,4,1,0,4,0,1,0,0.0,2,0,1,1,0.0,1,2.0,1,1,0.0,0,0.047619047619047616,0.5714285714285714,79,48,0.3333333333333333,6,2,2,1,0,5,9,0,0,0,0,0,0,0,2,1,11,1.0,11,1.8333333333333333,7,2,2,0,6,1,0,6,1,0,0,1,0,0,0,9,8,26,1210,940,3,0,11,54,2.1666666666666665,11,1,300,74,248,7,21532
2025-07-11,argo,com.maubis.scarlet.base.note.selection.activity,SelectableNotesActivityBase,initUI,5,6,2.0,11,0.9091,1,4,1,0,36,2,5,2,1.0,3,1,4,20,0.17,2,2.210526315789474,0,4,0.0,0,0.047619047619047616,0.5714285714285714,79,48,0.3333333333333333,6,2,2,1,0,5,9,0,0,0,0,0,0,0,2,1,11,1.0,11,1.8333333333333333,7,2,2,0,6,1,0,6,1,0,0,1,0,0,0,9,8,26,1210,940,3,0,11,54,2.1666666666666665,11,1,300,74,248,7,21532
2025-07-11,argo,com.maubis.scarlet.base.note.selection.activity,SelectableNotesActivityBase,getNotes,0,0,1.0,0,0.0,1,4,1,0,0,0,0,0,0.0,0,0,0,0,0.0,0,0.0,0,0,0.0,0,0.047619047619047616,0.5714285714285714,79,48,0.3333333333333333,6,2,2,1,0,5,9,0,0,0,0,0,0,0,2,1,11,1.0,11,1.8333333333333333,7,2,2,0,6,1,0,6,1,0,0,1,0,0,0,9,8,26,1210,940,3,0,11,54,2.1666666666666665,11,1,300,74,248,7,21532
2025-07-11,argo,com.maubis.scarlet.base.note.selection.activity,SelectableNotesActivityBase,getLayoutUI,1,0,0.0,0,0.0,1,4,1,0,1,0,1,0,0.0,0,0,0,0,0.0,0,3.0,0,0,0.0,0,0.047619047619047616,0.5714285714285714,79,48,0.3333333333333333,6,2,2,1,0,5,9,0,0,0,0,0,0,0,2,1,11,1.0,11,1.8333333333333333,7,2,2,0,6,1,0,6,1,0,0,1,0,0,0,9,8,26,1210,940,3,0,11,54,2.1666666666666665,11,1,300,74,248,7,21532
2025-07-11,argo,com.maubis.scarlet.base.note.selection.activity,SelectableNotesActivityBase,setupRecyclerView,1,4,0.0,6,0.8571,1,4,1,0,11,0,1,0,1.0,1,2,3,18,0.5,1,2.888888888888889,0,1,0.0,0,0.047619047619047616,0.5714285714285714,79,48,0.3333333333333333,6,2,2,1,0,5,9,0,0,0,0,0,0,0,2,1,11,1.0,11,1.8333333333333333,7,2,2,0,6,1,0,6,1,0,0,1,0,0,0,9,8,26,1210,940,3,0,11,54,2.1666666666666665,11,1,300,74,248,7,21532
2025-07-11,argo,com.maubis.scarlet.base.note.selection.activity,SelectableNotesActivityBase,notifyThemeChange,1,2,0.0,3,1.0,1,4,1,0,8,0,1,0,0.0,0,0,3,12,0.0,1,3.2,0,3,0.0,0,0.047619047619047616,0.5714285714285714,79,48,0.3333333333333333,6,2,2,1,0,5,9,0,0,0,0,0,0,0,2,1,11,1.0,11,1.8333333333333333,7,2,2,0,6,1,0,6,1,0,0,1,0,0,0,9,8,26,1210,940,3,0,11,54,2.1666666666666665,11,1,300,74,248,7,21532
2025-07-11,argo,com.maubis.scarlet.base.note.selection.activity,SelectableNotesActivityBase,getLayoutManager,4,0,0.0,2,1.0,1,4,1,0,6,1,4,0,0.0,0,0,0,3,0.0,1,2.0,2,0,0.0,0,0.047619047619047616,0.5714285714285714,79,48,0.3333333333333333,6,2,2,1,0,5,9,0,0,0,0,0,0,0,2,1,11,1.0,11,1.8333333333333333,7,2,2,0,6,1,0,6,1,0,0,1,0,0,0,9,8,26,1210,940,3,0,11,54,2.1666666666666665,11,1,300,74,248,7,21532
2025-07-11,argo,com.maubis.scarlet.base.note.selection.recycler,SelectableNoteRecyclerViewHolder,populate,3,1,0.0,2,1.0,0,0,1,0,6,0,3,0,0.25,1,1,1,5,0.33,1,2.0,2,0,0.0,0,1.0,0.5,14,9,0.0,2,1,2,1,0,3,1,0,1,0,0,1,0,0,0,0,2,1.0,2,1.0,2,2,1,0,2,0,0,2,0,1,0,0,0,0,0,2,2,26,1210,940,1,0,1,6,2.0,2,0,29,74,248,2,21532
2025-07-11,argo,com.maubis.scarlet.base.note.selection.recycler,SelectableNoteRecyclerViewHolder,viewClick,1,0,0.0,1,1.0,0,0,1,0,3,0,1,0,0.5,0,1,0,1,0.5,1,2.0,2,0,0.0,0,1.0,0.5,14,9,0.0,2,1,2,1,0,3,1,0,1,0,0,1,0,0,0,0,2,1.0,2,1.0,2,2,1,0,2,0,0,2,0,1,0,0,0,0,0,2,2,26,1210,940,1,0,1,6,2.0,2,0,29,74,248,2,21532
2025-07-11,argo,com.maubis.scarlet.base.note.selection.sheet,SelectedNotesOptionsBottomSheet,title,1,0,0.0,0,0.0,1,4,1,0,1,0,1,0,0.0,0,0,0,0,0.0,0,3.0,0,0,0.0,0,0.0,0.8333333333333334,166,14,0.0,6,0,2,1,0,7,1,0,0,0,0,0,0,0,0,0,13,0.5333333333333333,13,2.1666666666666665,6,2,0,0,2,4,0,2,0,1,0,0,0,0,0,6,6,26,1210,940,1,0,4,123,2.5,2,0,353,74,248,6,21532
2025-07-11,argo,com.maubis.scarlet.base.note.selection.sheet,SelectedNotesOptionsBottomSheet,getOptions,1,1,0.0,1,1.0,1,4,1,0,7,0,1,0,0.0,3,0,1,2,0.0,1,2.0,2,1,0.0,0,0.0,0.8333333333333334,166,14,0.0,6,0,2,1,0,7,1,0,0,0,0,0,0,0,0,0,13,0.5333333333333333,13,2.1666666666666665,6,2,0,0,2,4,0,2,0,1,0,0,0,0,0,6,6,26,1210,940,1,0,4,123,2.5,2,0,353,74,248,6,21532
2025-07-11,argo,com.maubis.scarlet.base.note.selection.sheet,SelectedNotesOptionsBottomSheet,getQuickActions,1,5,0.0,6,0.75,1,4,1,0,37,0,1,8,0.0,1,0,1,47,0.0,1,2.4307692307692306,1,1,0.0,0,0.0,0.8333333333333334,166,14,0.0,6,0,2,1,0,7,1,0,0,0,0,0,0,0,0,0,13,0.5333333333333333,13,2.1666666666666665,6,2,0,0,2,4,0,2,0,1,0,0,0,0,0,6,6,26,1210,940,1,0,4,123,2.5,2,0,353,74,248,6,21532
2025-07-11,argo,com.maubis.scarlet.base.note.selection.sheet,SelectedNotesOptionsBottomSheet,getSecondaryActions,3,3,0.0,7,1.0,1,4,1,0,43,1,3,4,0.0,1,0,1,25,0.0,1,2.25,2,1,0.0,0,0.0,0.8333333333333334,166,14,0.0,6,0,2,1,0,7,1,0,0,0,0,0,0,0,0,0,13,0.5333333333333333,13,2.1666666666666665,6,2,0,0,2,4,0,2,0,1,0,0,0,0,0,6,6,26,1210,940,1,0,4,123,2.5,2,0,353,74,248,6,21532
2025-07-11,argo,com.maubis.scarlet.base.note.selection.sheet,SelectedNotesOptionsBottomSheet,getTertiaryActions,6,7,0.0,14,0.875,1,4,1,0,58,2,6,6,0.0,1,0,1,43,0.0,2,2.3333333333333335,2,1,0.0,0,0.0,0.8333333333333334,166,14,0.0,6,0,2,1,0,7,1,0,0,0,0,0,0,0,0,0,13,0.5333333333333333,13,2.1666666666666665,6,2,0,0,2,4,0,2,0,1,0,0,0,0,0,6,6,26,1210,940,1,0,4,123,2.5,2,0,353,74,248,6,21532
2025-07-11,argo,com.maubis.scarlet.base.note.selection.sheet,SelectedNotesOptionsBottomSheet,lockAwareFunctionRunner,3,1,0.0,1,1.0,1,4,1,0,13,2,3,0,0.0,0,0,0,6,0.0,0,2.5,2,0,0.0,0,0.0,0.8333333333333334,166,14,0.0,6,0,2,1,0,7,1,0,0,0,0,0,0,0,0,0,13,0.5333333333333333,13,2.1666666666666665,6,2,0,0,2,4,0,2,0,1,0,0,0,0,0,6,6,26,1210,940,1,0,4,123,2.5,2,0,353,74,248,6,21532
2025-07-11,argo,com.maubis.scarlet.base.note.tag,TagOptionsItem,getIcon,2,0,0.0,0,0.0,0,2,1,0,4,1,2,0,0.0,0,0,0,1,0.0,0,3.0,0,0,0.0,0,0.0,0.5,8,0,0.0,2,0,2,1,0,1,0,0,0,0,0,0,0,0,0,0,3,1.0,3,1.5,2,2,0,0,2,0,0,2,0,1,0,0,0,0,0,2,2,26,1210,940,1,0,0,1,1.5,6,0,69,74,248,2,21532
2025-07-11,argo,com.maubis.scarlet.base.note.tag,TagOptionsItem,getEditIcon,1,0,0.0,0,0.0,0,2,1,0,1,0,1,0,0.0,0,0,0,0,0.0,0,3.0,0,0,0.0,0,0.0,0.5,8,0,0.0,2,0,2,1,0,1,0,0,0,0,0,0,0,0,0,0,3,1.0,3,1.5,2,2,0,0,2,0,0,2,0,1,0,0,0,0,0,2,2,26,1210,940,1,0,0,1,1.5,6,0,69,74,248,2,21532
2025-07-11,argo,com.maubis.scarlet.base.note.tag.sheet,CreateOrEditTagBottomSheet,getBackgroundView,1,0,0.0,0,0.0,1,4,1,0,3,0,1,0,0.0,0,0,0,0,0.0,0,3.0,0,0,0.0,0,0.0,0.4,71,9,0.0,5,2,4,1,2,6,6,1,0,0,2,0,0,0,2,0,8,0.9,8,1.6,5,4,2,0,4,1,0,4,0,1,0,0,1,0,1,5,6,26,1210,940,3,0,7,38,2.2,2,0,279,74,248,10,21532
2025-07-11,argo,com.maubis.scarlet.base.note.tag.sheet,CreateOrEditTagBottomSheet,setupView,6,7,0.0,10,0.7143,1,4,1,0,38,1,6,2,0.36363636363636365,2,2,5,32,0.29,1,2.909090909090909,1,5,0.0,0,0.0,0.4,71,9,0.0,5,2,4,1,2,6,6,1,0,0,2,0,0,0,2,0,8,0.9,8,1.6,5,4,2,0,4,1,0,4,0,1,0,0,1,0,1,5,6,26,1210,940,3,0,7,38,2.2,2,0,279,74,248,10,21532
2025-07-11,argo,com.maubis.scarlet.base.note.tag.sheet,CreateOrEditTagBottomSheet,onActionClick,2,0,0.0,3,0.6667,1,4,1,0,9,1,2,0,0.0,0,0,2,4,0.0,1,2.25,2,1,0.0,0,0.0,0.4,71,9,0.0,5,2,4,1,2,6,6,1,0,0,2,0,0,0,2,0,8,0.9,8,1.6,5,4,2,0,4,1,0,4,0,1,0,0,1,0,1,5,6,26,1210,940,3,0,7,38,2.2,2,0,279,74,248,10,21532
2025-07-11,argo,com.maubis.scarlet.base.note.tag.sheet,CreateOrEditTagBottomSheet,getLayout,1,0,0.0,0,0.0,1,4,1,0,1,0,1,0,0.0,0,0,0,0,0.0,0,3.0,0,0,0.0,0,0.0,0.4,71,9,0.0,5,2,4,1,2,6,6,1,0,0,2,0,0,0,2,0,8,0.9,8,1.6,5,4,2,0,4,1,0,4,0,1,0,0,1,0,1,5,6,26,1210,940,3,0,7,38,2.2,2,0,279,74,248,10,21532
2025-07-11,argo,com.maubis.scarlet.base.note.tag.sheet,CreateOrEditTagBottomSheet,openSheet,1,1,0.0,1,1.0,1,4,1,0,1,0,1,0,0.0,0,2,0,2,2.0,0,3.0,0,0,0.0,0,0.0,0.4,71,9,0.0,5,2,4,1,2,6,6,1,0,0,2,0,0,0,2,0,8,0.9,8,1.6,5,4,2,0,4,1,0,4,0,1,0,0,1,0,1,5,6,26,1210,940,3,1,7,38,2.2,2,0,279,74,248,10,21532
2025-07-11,argo,com.maubis.scarlet.base.note.tag.sheet,SelectedTagChooserBottomSheet,getComponent,1,4,0.0,5,1.0,1,2,1,0,13,0,1,1,0.14285714285714285,1,1,3,35,0.17,2,3.3125,2,3,0.0,0,1.0,1.0,43,0,0.0,0,1,1,1,1,4,6,0,0,0,1,0,0,0,1,0,5,0.0,5,2.5,2,1,1,0,1,1,0,1,0,1,0,0,0,0,0,2,2,26,1210,940,3,0,6,61,3.5,2,0,279,74,248,10,21532
2025-07-11,argo,com.maubis.scarlet.base.note.tag.sheet,SelectedTagChooserBottomSheet,getTagOptions,6,5,0.0,9,0.75,1,2,1,0,25,2,6,0,1.0,0,1,3,26,0.2,2,2.6153846153846154,0,3,0.0,0,1.0,1.0,43,0,0.0,0,1,1,1,1,4,6,0,0,0,1,0,0,0,1,0,5,0.0,5,2.5,2,1,1,0,1,1,0,1,0,1,0,0,0,0,0,2,2,26,1210,940,3,0,6,61,3.5,2,0,279,74,248,10,21532
2025-07-11,argo,com.maubis.scarlet.base.note.tag.sheet,TagChooserBottomSheet,getComponent,2,4,0.0,5,1.0,1,2,1,0,14,1,2,1,0.125,1,1,3,36,0.17,3,3.3529411764705883,2,3,0.0,0,0.3333333333333333,0.6666666666666666,40,4,0.0,1,2,2,1,2,5,5,0,0,0,2,0,0,0,2,0,5,0.6666666666666667,5,1.6666666666666667,3,2,2,0,2,1,0,2,0,1,0,0,0,0,0,3,3,26,1210,940,3,0,4,49,2.3333333333333335,2,0,279,74,248,10,21532
2025-07-11,argo,com.maubis.scarlet.base.note.tag.sheet,TagChooserBottomSheet,getTagOptions,4,3,0.0,7,0.7143,1,2,1,0,14,1,4,0,1.0,0,1,1,12,0.33,1,2.25,0,1,0.0,0,0.3333333333333333,0.6666666666666666,40,4,0.0,1,2,2,1,2,5,5,0,0,0,2,0,0,0,2,0,5,0.6666666666666667,5,1.6666666666666667,3,2,2,0,2,1,0,2,0,1,0,0,0,0,0,3,3,26,1210,940,3,0,4,49,2.3333333333333335,2,0,279,74,248,10,21532
2025-07-11,argo,com.maubis.scarlet.base.note.tag.sheet,TagChooserBottomSheet,onDismiss,1,0,0.0,0,0.0,1,2,1,0,4,0,1,0,0.5,1,1,0,1,1.0,1,2.0,1,0,0.0,0,0.3333333333333333,0.6666666666666666,40,4,0.0,1,2,2,1,2,5,5,0,0,0,2,0,0,0,2,0,5,0.6666666666666667,5,1.6666666666666667,3,2,2,0,2,1,0,2,0,1,0,0,0,0,0,3,3,26,1210,940,3,0,4,49,2.3333333333333335,2,0,279,74,248,10,21532
2025-07-11,argo,com.maubis.scarlet.base.note.tag.view,TagsAndColorPickerViewHolder,reset,1,0,0.0,2,0.5,0,3,1,0,6,0,1,0,1.0,0,2,0,8,2.0,1,2.6,0,0,0.0,0,0.2,0.4,50,9,0.0,5,2,0,0,2,0,6,0,0,0,2,2,0,0,0,0,6,0.9,6,1.2,5,0,2,0,3,2,0,3,0,1,0,0,0,0,0,5,5,26,1210,940,2,0,4,48,1.2,2,0,103,74,248,5,21532
2025-07-11,argo,com.maubis.scarlet.base.note.tag.view,TagsAndColorPickerViewHolder,notifyChanged,1,0,0.0,0,0.0,0,3,1,0,3,0,1,1,0.0,1,0,1,0,0.0,0,0.0,0,1,0.0,0,0.2,0.4,50,9,0.0,5,2,0,0,2,0,6,0,0,0,2,2,0,0,0,0,6,0.9,6,1.2,5,0,2,0,3,2,0,3,0,1,0,0,0,0,0,5,5,26,1210,940,2,0,4,48,1.2,2,0,103,74,248,5,21532
2025-07-11,argo,com.maubis.scarlet.base.note.tag.view,TagsAndColorPickerViewHolder,setViews,1,0,0.0,1,1.0,0,3,1,0,5,0,1,2,0.0,2,0,3,1,0.0,1,2.0,0,3,0.0,0,0.2,0.4,50,9,0.0,5,2,0,0,2,0,6,0,0,0,2,2,0,0,0,0,6,0.9,6,1.2,5,0,2,0,3,2,0,3,0,1,0,0,0,0,0,5,5,26,1210,940,2,0,4,48,1.2,2,0,103,74,248,5,21532
2025-07-11,argo,com.maubis.scarlet.base.note.tag.view,TagsAndColorPickerViewHolder,setTags,2,4,0.0,9,0.7778,0,3,1,0,16,1,2,0,1.0,0,1,0,27,0.25,1,2.5,0,0,0.0,0,0.2,0.4,50,9,0.0,5,2,0,0,2,0,6,0,0,0,2,2,0,0,0,0,6,0.9,6,1.2,5,0,2,0,3,2,0,3,0,1,0,0,0,0,0,5,5,26,1210,940,2,0,4,48,1.2,2,0,103,74,248,5,21532
2025-07-11,argo,com.maubis.scarlet.base.note.tag.view,TagsAndColorPickerViewHolder,setColors,1,3,0.0,5,0.8,0,3,1,0,10,0,1,0,1.0,0,1,0,12,0.33,1,2.4444444444444446,0,0,0.0,0,0.2,0.4,50,9,0.0,5,2,0,0,2,0,6,0,0,0,2,2,0,0,0,0,6,0.9,6,1.2,5,0,2,0,3,2,0,3,0,1,0,0,0,0,0,5,5,26,1210,940,2,0,4,48,1.2,2,0,103,74,248,5,21532
2025-07-11,argo,com.maubis.scarlet.base.notification,NotificationIntentService,onHandleIntent,7,5,0.0,8,0.875,1,1,2,0,30,1,7,1,0.0,1,0,0,16,0.0,1,2.727272727272727,1,0,0.0,0,0.0,1.0,49,30,0.0,2,0,1,1,0,3,0,0,0,0,0,0,0,0,0,0,9,0.0,9,4.5,2,1,0,0,1,1,0,1,0,1,0,0,0,0,0,2,2,26,1210,940,3,0,0,20,5.5,3,0,250,74,248,2,21532
2025-07-11,argo,com.maubis.scarlet.base.notification,NotificationIntentService,getAction,4,0,0.0,1,1.0,1,1,2,0,10,1,4,0,0.0,0,0,0,4,0.0,1,2.0,1,0,0.0,0,0.0,1.0,49,30,0.0,2,0,1,1,0,3,0,0,0,0,0,0,0,0,0,0,9,0.0,9,4.5,2,1,0,0,1,1,0,1,0,1,0,0,0,0,0,2,2,26,1210,940,3,0,0,20,5.5,3,0,250,74,248,2,21532
2025-07-11,argo,com.maubis.scarlet.base.security.activity,AppLockActivity,onCreate,1,0,1.0,0,0.0,1,1,1,0,7,0,1,2,0.75,3,2,3,1,3.0,1,2.0,1,2,0.0,0,0.3333333333333333,0.75,40,20,0.3333333333333333,3,4,3,1,0,1,4,0,1,0,0,0,0,0,4,0,5,0.8333333333333334,5,1.25,4,3,4,0,3,1,0,3,1,1,0,0,0,0,0,4,4,26,1210,940,1,0,6,15,1.5,3,0,208,74,248,4,21532
2025-07-11,argo,com.maubis.scarlet.base.security.activity,AppLockActivity,setView,2,0,0.0,3,1.0,1,1,1,0,7,0,2,0,1.0,0,3,2,9,3.0,1,2.3333333333333335,0,1,0.0,0,0.3333333333333333,0.75,40,20,0.3333333333333333,3,4,3,1,0,1,4,0,1,0,0,0,0,0,4,0,5,0.8333333333333334,5,1.25,4,3,4,0,3,1,0,3,1,1,0,0,0,0,0,4,4,26,1210,940,1,0,6,15,1.5,3,0,208,74,248,4,21532
2025-07-11,argo,com.maubis.scarlet.base.security.activity,AppLockActivity,onResume,2,0,0.0,1,1.0,1,1,1,0,10,1,2,0,1.0,1,1,0,4,1.0,1,2.5,0,0,0.0,0,0.3333333333333333,0.75,40,20,0.3333333333333333,3,4,3,1,0,1,4,0,1,0,0,0,0,0,4,0,5,0.8333333333333334,5,1.25,4,3,4,0,3,1,0,3,1,1,0,0,0,0,0,4,4,26,1210,940,1,0,6,15,1.5,3,0,208,74,248,4,21532
2025-07-11,argo,com.maubis.scarlet.base.security.activity,AppLockActivity,notifyThemeChange,1,0,0.0,0,0.0,1,1,1,0,3,0,1,0,0.0,0,0,1,1,0.0,0,0.0,0,1,0.0,0,0.3333333333333333,0.75,40,20,0.3333333333333333,3,4,3,1,0,1,4,0,1,0,0,0,0,0,4,0,5,0.8333333333333334,5,1.25,4,3,4,0,3,1,0,3,1,1,0,0,0,0,0,4,4,26,1210,940,1,0,6,15,1.5,3,0,208,74,248,4,21532
2025-07-11,argo,com.maubis.scarlet.base.service,FloatingNoteService,getConfig,1,0,0.0,1,1.0,1,3,1,0,3,0,1,0,0.0,1,0,0,27,0.0,0,10.666666666666666,0,0,0.0,0,0.6,0.8,92,47,0.0,4,4,2,1,0,5,8,1,4,0,0,0,0,0,4,0,7,0.9,7,1.4,5,2,4,0,4,1,0,4,1,1,0,0,1,0,1,5,6,26,1210,940,3,0,9,78,1.8,4,0,213,74,248,5,21532
2025-07-11,argo,com.maubis.scarlet.base.service,FloatingNoteService,onGetIntent,2,0,0.0,2,1.0,1,3,1,0,7,1,2,0,0.6,0,1,0,3,1.0,1,2.5,1,0,0.0,0,0.6,0.8,92,47,0.0,4,4,2,1,0,5,8,1,4,0,0,0,0,0,4,0,7,0.9,7,1.4,5,2,4,0,4,1,0,4,1,1,0,0,1,0,1,5,6,26,1210,940,3,0,9,78,1.8,4,0,213,74,248,5,21532
2025-07-11,argo,com.maubis.scarlet.base.service,FloatingNoteService,loadView,4,6,0.0,12,0.9412,1,3,1,0,40,1,4,2,1.0,2,4,6,36,0.67,1,2.9565217391304346,0,4,0.0,0,0.6,0.8,92,47,0.0,4,4,2,1,0,5,8,1,4,0,0,0,0,0,4,0,7,0.9,7,1.4,5,2,4,0,4,1,0,4,1,1,0,0,1,0,1,5,6,26,1210,940,3,0,9,78,1.8,4,0,213,74,248,5,21532
2025-07-11,argo,com.maubis.scarlet.base.service,FloatingNoteService,getShareIntent,1,1,0.0,4,0.75,1,3,1,0,8,0,1,0,1.0,0,0,2,8,0.5,1,2.25,1,2,0.0,0,0.6,0.8,92,47,0.0,4,4,2,1,0,5,8,1,4,0,0,0,0,0,4,0,7,0.9,7,1.4,5,2,4,0,4,1,0,4,1,1,0,0,1,0,1,5,6,26,1210,940,3,0,9,78,1.8,4,0,213,74,248,5,21532
2025-07-11,argo,com.maubis.scarlet.base.service,FloatingNoteService,openNote,1,1,0.0,2,1.0,1,3,1,0,5,0,1,0,1.0,0,1,1,4,1.0,0,2.25,0,0,0.0,0,0.6,0.8,92,47,0.0,4,4,2,1,0,5,8,1,4,0,0,0,0,0,4,0,7,0.9,7,1.4,5,2,4,0,4,1,0,4,1,1,0,0,1,0,1,5,6,26,1210,940,3,1,9,78,1.8,4,0,213,74,248,5,21532
2025-07-11,argo,com.maubis.scarlet.base.settings.sheet,AboutUsBottomSheet,getComponent,5,7,0.0,6,1.0,1,1,1,0,20,1,5,0,0.0,0,0,0,60,0.0,1,6.9411764705882355,2,0,0.0,0,0.0,1.0,22,0,0.0,1,0,1,1,0,3,0,0,0,0,0,0,0,0,0,0,1,0.0,1,1.0,1,1,0,0,1,0,0,1,0,1,0,0,0,0,0,1,1,26,1210,940,15,0,0,60,5.0,9,0,1648,74,248,10,21532
2025-07-11,argo,com.maubis.scarlet.base.settings.sheet,DeleteAndMoreOptionsBottomSheet,title,1,0,0.0,0,0.0,1,1,1,0,1,0,1,0,0.0,0,0,0,0,0.0,0,3.0,0,0,0.0,0,0.0,0.5,39,1,0.0,2,0,2,1,0,4,1,0,0,0,0,0,0,0,0,0,3,1.0,3,1.5,2,2,0,0,2,0,0,2,0,1,0,0,0,0,0,2,2,26,1210,940,15,0,1,47,2.5,9,0,1648,74,248,10,21532
2025-07-11,argo,com.maubis.scarlet.base.settings.sheet,DeleteAndMoreOptionsBottomSheet,getOptions,4,6,0.0,9,0.8571,1,1,1,0,35,1,4,0,0.0,0,0,1,47,0.0,1,2.642857142857143,2,1,0.0,0,0.0,0.5,39,1,0.0,2,0,2,1,0,4,1,0,0,0,0,0,0,0,0,0,3,1.0,3,1.5,2,2,0,0,2,0,0,2,0,1,0,0,0,0,0,2,2,26,1210,940,15,0,1,47,2.5,9,0,1648,74,248,10,21532
2025-07-11,argo,com.maubis.scarlet.base.settings.sheet,OpenSourceBottomSheet,getComponent,3,5,0.0,6,1.0,1,1,1,0,13,0,3,0,0.0,0,0,0,59,0.0,1,5.933333333333334,2,0,0.0,0,0.0,1.0,21,0,0.0,1,0,1,1,0,3,0,0,0,0,2,2,2,2,0,0,1,0.0,1,1.0,1,1,0,0,1,0,0,1,0,1,0,0,0,0,0,1,1,26,1210,940,15,0,0,59,3.0,9,0,1648,74,248,10,21532
2025-07-11,argo,com.maubis.scarlet.base.settings.sheet,SettingsOptionsBottomSheet,title,1,0,0.0,0,0.0,1,1,1,0,1,0,1,0,0.0,0,0,0,0,0.0,0,3.0,0,0,0.0,0,0.0,0.5,60,1,0.0,2,0,2,1,0,4,1,1,0,0,0,3,3,3,0,0,3,1.0,3,1.5,2,2,0,0,2,0,0,2,0,1,0,0,1,0,1,3,4,26,1210,940,15,0,1,58,1.5,9,0,1648,74,248,10,21532
2025-07-11,argo,com.maubis.scarlet.base.settings.sheet,SettingsOptionsBottomSheet,openSheet,2,4,0.0,6,1.0,1,1,1,0,43,1,2,0,0.0,0,0,1,58,0.0,2,2.737704918032787,0,0,0.0,0,0.0,0.5,60,1,0.0,2,0,2,1,0,4,1,1,0,0,0,3,3,3,0,0,3,1.0,3,1.5,2,2,0,0,2,0,0,2,0,1,0,0,1,0,1,3,4,26,1210,940,15,1,1,58,1.5,9,0,1648,74,248,10,21532
2025-07-11,argo,com.maubis.scarlet.base.settings.sheet,SortingOptionsBottomSheet,title,1,0,0.0,0,0.0,1,1,1,0,1,0,1,0,0.0,0,0,0,0,0.0,0,3.0,0,0,0.0,0,0.0,0.5,45,1,0.0,1,1,2,1,1,4,1,1,0,0,1,1,1,1,1,0,2,1.0,2,1.0,2,2,1,0,2,0,0,2,0,1,0,0,4,0,4,2,6,26,1210,940,15,0,1,8,1.0,9,0,1648,74,248,10,21532
2025-07-11,argo,com.maubis.scarlet.base.settings.sheet,SortingOptionsBottomSheet,openSheet,1,2,0.0,2,1.0,1,1,1,0,10,0,1,0,0.5,0,1,1,8,1.0,0,2.3333333333333335,0,0,0.0,0,0.0,0.5,45,1,0.0,1,1,2,1,1,4,1,1,0,0,1,1,1,1,1,0,2,1.0,2,1.0,2,2,1,0,2,0,0,2,0,1,0,0,4,0,4,2,6,26,1210,940,15,1,1,8,1.0,9,0,1648,74,248,10,21532
2025-07-11,argo,com.maubis.scarlet.base.settings.sheet,ThemeColorPickerBottomSheet,getComponent,14,5,0.0,10,0.9231,1,1,1,0,49,2,14,0,0.15384615384615385,0,1,1,64,0.2,1,3.073170731707317,2,1,0.0,0,0.0,1.0,53,0,0.0,0,1,1,1,1,3,1,0,0,0,1,0,0,0,1,0,8,0.0,8,8.0,1,1,1,0,1,0,0,1,0,1,0,0,0,0,0,1,1,26,1210,940,15,0,1,64,14.0,9,0,1648,74,248,10,21532
2025-07-11,argo,com.maubis.scarlet.base.settings.sheet,TypefacePickerBottomSheet,getComponent,2,2,0.0,4,1.0,1,1,1,0,15,1,2,0,0.14285714285714285,0,1,2,42,0.33,1,3.9375,2,2,0.0,0,0.0,1.0,19,0,0.0,0,1,1,1,1,3,2,0,0,0,1,0,0,0,1,0,2,0.0,2,2.0,1,1,1,0,1,0,0,1,0,1,0,0,0,0,0,1,1,26,1210,940,15,0,2,42,2.0,9,0,1648,74,248,10,21532
2025-07-11,argo,com.maubis.scarlet.base.settings.view,ColorView,init,1,2,0.0,4,1.0,1,1,1,5,8,0,1,0,0.7142857142857143,0,2,3,12,0.5,1,3.0,2,1,0.0,0,1.0,1.0,40,8,0.0,2,2,0,1,0,3,1,0,0,0,2,0,0,0,2,0,2,1.0,2,1.0,2,0,2,0,2,0,0,2,0,1,0,0,0,0,0,2,2,26,1210,940,1,0,4,18,1.5,1,0,59,74,248,2,21532
2025-07-11,argo,com.maubis.scarlet.base.settings.view,ColorView,setColor,2,0,0.0,1,1.0,1,1,1,5,5,0,2,0,0.6,0,1,1,6,0.5,0,3.25,2,0,0.0,0,1.0,1.0,40,8,0.0,2,2,0,1,0,3,1,0,0,0,2,0,0,0,2,0,2,1.0,2,1.0,2,0,2,0,2,0,0,2,0,1,0,0,0,0,0,2,2,26,1210,940,1,0,4,18,1.5,1,0,59,74,248,2,21532
2025-07-11,argo,com.maubis.scarlet.base.support.database,HouseKeeper,execute,2,0,0.0,0,0.0,0,0,1,0,5,1,2,0,1.0,0,1,0,2,1.0,0,0.0,0,0,0.0,0,0.0,1.0,79,70,0.0,6,1,0,0,0,1,1,0,1,0,0,1,0,0,0,0,18,0.8,18,3.0,6,0,1,0,2,4,0,2,0,1,0,0,0,0,0,6,6,26,1210,940,3,0,2,55,3.1666666666666665,10,0,236,74,248,7,21532
2025-07-11,argo,com.maubis.scarlet.base.support.database,HouseKeeper,removeOlderClips,2,1,0.0,2,1.0,0,0,1,0,6,1,2,0,0.0,0,0,0,6,0.0,1,3.5,1,0,0.0,0,0.0,1.0,79,70,0.0,6,1,0,0,0,1,1,0,1,0,0,1,0,0,0,0,18,0.8,18,3.0,6,0,1,0,2,4,0,2,0,1,0,0,0,0,0,6,6,26,1210,940,3,0,2,55,3.1666666666666665,10,0,236,74,248,7,21532
2025-07-11,argo,com.maubis.scarlet.base.support.database,HouseKeeper,removeDecoupledFolders,2,1,0.0,2,1.0,0,0,1,0,7,0,2,0,0.0,0,0,1,11,0.0,1,2.5,0,1,0.0,0,0.0,1.0,79,70,0.0,6,1,0,0,0,1,1,0,1,0,0,1,0,0,0,0,18,0.8,18,3.0,6,0,1,0,2,4,0,2,0,1,0,0,0,0,0,6,6,26,1210,940,3,0,2,55,3.1666666666666665,10,0,236,74,248,7,21532
2025-07-11,argo,com.maubis.scarlet.base.support.database,HouseKeeper,removeOldReminders,4,1,0.0,8,0.625,0,0,1,0,20,1,4,0,0.0,0,0,1,16,0.0,1,2.125,0,1,0.0,0,0.0,1.0,79,70,0.0,6,1,0,0,0,1,1,0,1,0,0,1,0,0,0,0,18,0.8,18,3.0,6,0,1,0,2,4,0,2,0,1,0,0,0,0,0,6,6,26,1210,940,3,0,2,55,3.1666666666666665,10,0,236,74,248,7,21532
2025-07-11,argo,com.maubis.scarlet.base.support.database,HouseKeeper,deleteRedundantImageFiles,7,5,0.0,7,0.875,0,0,1,0,23,2,7,0,0.0,0,0,0,14,0.0,1,2.111111111111111,0,0,0.0,0,0.0,1.0,79,70,0.0,6,1,0,0,0,1,1,0,1,0,0,1,0,0,0,0,18,0.8,18,3.0,6,0,1,0,2,4,0,2,0,1,0,0,0,0,0,6,6,26,1210,940,3,0,2,55,3.1666666666666665,10,0,236,74,248,7,21532
2025-07-11,argo,com.maubis.scarlet.base.support.database,HouseKeeper,migrateZeroUidNotes,2,1,0.0,4,0.75,0,0,1,0,9,1,2,0,0.0,0,0,0,6,0.0,2,2.2,0,0,0.0,0,0.0,1.0,79,70,0.0,6,1,0,0,0,1,1,0,1,0,0,1,0,0,0,0,18,0.8,18,3.0,6,0,1,0,2,4,0,2,0,1,0,0,0,0,0,6,6,26,1210,940,3,0,2,55,3.1666666666666665,10,0,236,74,248,7,21532
2025-07-11,argo,com.maubis.scarlet.base.support.database,HouseKeeperJob,schedule,1,0,0.0,1,1.0,1,0,1,0,4,0,1,0,0.0,0,0,1,1,0.0,1,2.0,1,1,0.0,0,0.0,0.0,15,4,0.0,1,0,1,1,0,2,1,1,0,0,0,1,1,1,0,0,1,0.0,1,1.0,1,1,0,0,1,0,0,1,0,1,0,0,1,0,1,1,2,26,1210,940,3,1,1,1,1.0,10,0,236,74,248,7,21532
2025-07-11,argo,com.maubis.scarlet.base.support.recycler,SimpleItemTouchHelper,isLongPressDragEnabled,1,0,0.0,0,0.0,0,3,1,0,1,0,1,0,0.0,0,0,0,0,0.0,0,0.0,0,0,0.0,0,0.0,0.2,20,7,0.0,5,0,5,1,0,4,1,0,0,0,0,0,0,0,0,0,5,1.0,5,1.0,5,5,0,0,5,0,0,5,0,1,0,0,0,0,0,5,5,26,1210,940,4,0,2,7,1.0,5,1,69,74,248,5,21532
2025-07-11,argo,com.maubis.scarlet.base.support.recycler,SimpleItemTouchHelper,isItemViewSwipeEnabled,1,0,0.0,0,0.0,0,3,1,0,1,0,1,0,0.0,0,0,0,0,0.0,0,0.0,0,0,0.0,0,0.0,0.2,20,7,0.0,5,0,5,1,0,4,1,0,0,0,0,0,0,0,0,0,5,1.0,5,1.0,5,5,0,0,5,0,0,5,0,1,0,0,0,0,0,5,5,26,1210,940,4,0,2,7,1.0,5,1,69,74,248,5,21532
2025-07-11,argo,com.maubis.scarlet.base.support.recycler,SimpleItemTouchHelper,getMovementFlags,1,2,0.0,1,1.0,0,3,1,0,5,0,1,0,0.0,0,0,0,2,0.0,0,2.3333333333333335,2,0,0.0,0,0.0,0.2,20,7,0.0,5,0,5,1,0,4,1,0,0,0,0,0,0,0,0,0,5,1.0,5,1.0,5,5,0,0,5,0,0,5,0,1,0,0,0,0,0,5,5,26,1210,940,4,0,2,7,1.0,5,1,69,74,248,5,21532
2025-07-11,argo,com.maubis.scarlet.base.support.recycler,SimpleItemTouchHelper,onMove,1,0,0.0,1,1.0,0,3,1,0,4,0,1,0,0.0,0,0,1,3,0.0,0,2.5,3,1,0.0,0,0.0,0.2,20,7,0.0,5,0,5,1,0,4,1,0,0,0,0,0,0,0,0,0,5,1.0,5,1.0,5,5,0,0,5,0,0,5,0,1,0,0,0,0,0,5,5,26,1210,940,4,0,2,7,1.0,5,1,69,74,248,5,21532
2025-07-11,argo,com.maubis.scarlet.base.support.recycler,SimpleItemTouchHelper,onSwiped,1,0,0.0,1,1.0,0,3,1,0,3,0,1,0,0.0,0,0,1,2,0.0,0,3.0,2,1,0.0,0,0.0,0.2,20,7,0.0,5,0,5,1,0,4,1,0,0,0,0,0,0,0,0,0,5,1.0,5,1.0,5,5,0,0,5,0,0,5,0,1,0,0,0,0,0,5,5,26,1210,940,4,0,2,7,1.0,5,1,69,74,248,5,21532
2025-07-11,argo,com.maubis.scarlet.base.support.sheets,GridBottomSheetBase,setupView,2,0,0.0,1,1.0,1,8,1,0,8,1,2,2,0.0,2,0,2,3,0.0,1,2.5,1,2,0.0,0,0.0,0.5,55,0,0.0,8,0,4,1,0,6,4,0,0,0,0,0,0,0,0,0,11,0.9047619047619048,11,1.5714285714285714,8,4,0,0,8,0,0,8,0,0,0,1,0,0,0,8,7,26,1210,940,8,0,3,39,2.1666666666666665,9,0,525,74,248,8,21532
2025-07-11,argo,com.maubis.scarlet.base.support.sheets,GridBottomSheetBase,setupViewWithDialog,0,0,0.0,0,0.0,1,8,1,0,0,0,0,0,0.0,0,0,0,0,0.0,0,0.0,1,0,0.0,0,0.0,0.5,55,0,0.0,8,0,4,1,0,6,4,0,0,0,0,0,0,0,0,0,11,0.9047619047619048,11,1.5714285714285714,8,4,0,0,8,0,0,8,0,0,0,1,0,0,0,8,7,26,1210,940,8,0,3,39,2.1666666666666665,9,0,525,74,248,8,21532
2025-07-11,argo,com.maubis.scarlet.base.support.sheets,GridBottomSheetBase,getBackgroundView,1,0,0.0,0,0.0,1,8,1,0,3,0,1,0,0.0,0,0,0,0,0.0,0,3.0,0,0,0.0,0,0.0,0.5,55,0,0.0,8,0,4,1,0,6,4,0,0,0,0,0,0,0,0,0,11,0.9047619047619048,11,1.5714285714285714,8,4,0,0,8,0,0,8,0,0,0,1,0,0,0,8,7,26,1210,940,8,0,3,39,2.1666666666666665,9,0,525,74,248,8,21532
2025-07-11,argo,com.maubis.scarlet.base.support.sheets,GridBottomSheetBase,getBackgroundCardViewIds,1,0,0.0,1,1.0,1,8,1,0,1,0,1,0,0.0,0,0,0,2,0.0,0,3.0,0,0,0.0,0,0.0,0.5,55,0,0.0,8,0,4,1,0,6,4,0,0,0,0,0,0,0,0,0,11,0.9047619047619048,11,1.5714285714285714,8,4,0,0,8,0,0,8,0,0,0,1,0,0,0,8,7,26,1210,940,8,0,3,39,2.1666666666666665,9,0,525,74,248,8,21532
2025-07-11,argo,com.maubis.scarlet.base.support.sheets,GridBottomSheetBase,setOptionTitle,1,1,0.0,4,0.75,1,8,1,0,7,0,1,0,0.0,0,0,1,9,0.0,1,3.25,2,1,0.0,0,0.0,0.5,55,0,0.0,8,0,4,1,0,6,4,0,0,0,0,0,0,0,0,0,11,0.9047619047619048,11,1.5714285714285714,8,4,0,0,8,0,0,8,0,0,0,1,0,0,0,8,7,26,1210,940,8,0,3,39,2.1666666666666665,9,0,525,74,248,8,21532
2025-07-11,argo,com.maubis.scarlet.base.support.sheets,GridBottomSheetBase,setOptions,1,1,0.0,1,1.0,1,8,1,0,4,0,1,2,0.0,2,0,1,3,0.0,0,4.0,2,1,0.0,0,0.0,0.5,55,0,0.0,8,0,4,1,0,6,4,0,0,0,0,0,0,0,0,0,11,0.9047619047619048,11,1.5714285714285714,8,4,0,0,8,0,0,8,0,0,0,1,0,0,0,8,7,26,1210,940,8,0,3,39,2.1666666666666665,9,0,525,74,248,8,21532
2025-07-11,argo,com.maubis.scarlet.base.support.sheets,GridBottomSheetBase,setOptions,7,2,0.0,11,0.3636,1,8,1,0,21,2,7,0,0.0,0,0,0,25,0.0,1,2.588235294117647,2,0,0.0,0,0.0,0.5,55,0,0.0,8,0,4,1,0,6,4,0,0,0,0,0,0,0,0,0,11,0.9047619047619048,11,1.5714285714285714,8,4,0,0,8,0,0,8,0,0,0,1,0,0,0,8,7,26,1210,940,8,0,3,39,2.1666666666666665,9,0,525,74,248,8,21532
2025-07-11,argo,com.maubis.scarlet.base.support.sheets,GridBottomSheetBase,getLayout,1,0,0.0,0,0.0,1,8,1,0,1,0,1,0,0.0,0,0,0,0,0.0,0,3.0,0,0,0.0,0,0.0,0.5,55,0,0.0,8,0,4,1,0,6,4,0,0,0,0,0,0,0,0,0,11,0.9047619047619048,11,1.5714285714285714,8,4,0,0,8,0,0,8,0,0,0,1,0,0,0,8,7,26,1210,940,8,0,3,39,2.1666666666666665,9,0,525,74,248,8,21532
2025-07-11,argo,com.maubis.scarlet.base.support.ui,BottomSheetTabletDialog,onCreate,2,1,0.0,2,1.0,0,0,1,0,5,0,2,0,0.0,1,0,1,8,0.0,1,3.0,1,1,0.0,0,0.0,1.0,7,5,0.0,1,0,1,1,0,1,1,0,0,0,0,0,0,0,0,0,1,0.0,1,1.0,1,1,0,0,1,0,0,1,1,1,0,0,0,0,0,1,1,26,1210,940,11,0,1,8,2.0,29,2,745,74,248,24,21532
2025-07-11,argo,com.maubis.scarlet.base.support.ui,CircleDrawable,draw,1,1,0.0,1,1.0,0,3,1,0,5,0,1,0,0.6666666666666666,0,3,1,6,1.5,0,3.0,1,1,0.0,0,0.4,0.8,42,9,0.0,5,3,5,1,0,4,1,0,3,0,0,2,0,0,1,0,5,1.0,5,1.0,5,5,3,0,5,0,0,5,0,1,0,0,0,0,0,5,5,26,1210,940,11,0,3,9,1.0,29,2,745,74,248,24,21532
2025-07-11,argo,com.maubis.scarlet.base.support.ui,CircleDrawable,setAlpha,1,0,0.0,0,0.0,0,3,1,0,3,0,1,0,0.3333333333333333,0,1,1,0,1.0,0,2.0,1,0,0.0,0,0.4,0.8,42,9,0.0,5,3,5,1,0,4,1,0,3,0,0,2,0,0,1,0,5,1.0,5,1.0,5,5,3,0,5,0,0,5,0,1,0,0,0,0,0,5,5,26,1210,940,11,0,3,9,1.0,29,2,745,74,248,24,21532
2025-07-11,argo,com.maubis.scarlet.base.support.ui,CircleDrawable,setColorFilter,1,0,0.0,0,0.0,0,3,1,0,3,0,1,0,0.5,0,1,1,0,1.0,0,2.0,1,0,0.0,0,0.4,0.8,42,9,0.0,5,3,5,1,0,4,1,0,3,0,0,2,0,0,1,0,5,1.0,5,1.0,5,5,3,0,5,0,0,5,0,1,0,0,0,0,0,5,5,26,1210,940,11,0,3,9,1.0,29,2,745,74,248,24,21532
2025-07-11,argo,com.maubis.scarlet.base.support.ui,CircleDrawable,getOpacity,1,0,0.0,0,0.0,0,3,1,0,3,0,1,0,0.0,0,0,0,0,0.0,0,2.0,0,0,0.0,0,0.4,0.8,42,9,0.0,5,3,5,1,0,4,1,0,3,0,0,2,0,0,1,0,5,1.0,5,1.0,5,5,3,0,5,0,0,5,0,1,0,0,0,0,0,5,5,26,1210,940,11,0,3,9,1.0,29,2,745,74,248,24,21532
2025-07-11,argo,com.maubis.scarlet.base.support.ui,CircleDrawable,onBoundsChange,1,0,0.0,1,1.0,0,3,1,0,4,0,1,0,0.25,1,1,0,3,1.0,1,2.3333333333333335,1,0,0.0,0,0.4,0.8,42,9,0.0,5,3,5,1,0,4,1,0,3,0,0,2,0,0,1,0,5,1.0,5,1.0,5,5,3,0,5,0,0,5,0,1,0,0,0,0,0,5,5,26,1210,940,11,0,3,9,1.0,29,2,745,74,248,24,21532
2025-07-11,argo,com.maubis.scarlet.base.support.ui,LithoCircleDrawable,draw,2,1,0.0,1,1.0,0,4,1,0,5,0,2,0,0.6666666666666666,0,3,1,6,1.5,0,3.0,1,1,0.0,0,0.5333333333333333,0.8333333333333334,47,9,0.0,5,3,6,1,0,6,1,0,3,0,0,2,0,0,1,0,6,0.9333333333333333,6,1.0,6,6,3,0,6,0,0,6,0,1,0,0,0,0,0,6,6,26,1210,940,11,0,3,9,1.1666666666666667,29,2,745,74,248,24,21532
2025-07-11,argo,com.maubis.scarlet.base.support.ui,LithoCircleDrawable,setAlpha,1,0,0.0,0,0.0,0,4,1,0,3,0,1,0,0.3333333333333333,0,1,1,0,1.0,0,2.0,1,0,0.0,0,0.5333333333333333,0.8333333333333334,47,9,0.0,5,3,6,1,0,6,1,0,3,0,0,2,0,0,1,0,6,0.9333333333333333,6,1.0,6,6,3,0,6,0,0,6,0,1,0,0,0,0,0,6,6,26,1210,940,11,0,3,9,1.1666666666666667,29,2,745,74,248,24,21532
2025-07-11,argo,com.maubis.scarlet.base.support.ui,LithoCircleDrawable,setColorFilter,1,0,0.0,0,0.0,0,4,1,0,3,0,1,0,0.5,0,1,1,0,1.0,0,2.0,1,0,0.0,0,0.5333333333333333,0.8333333333333334,47,9,0.0,5,3,6,1,0,6,1,0,3,0,0,2,0,0,1,0,6,0.9333333333333333,6,1.0,6,6,3,0,6,0,0,6,0,1,0,0,0,0,0,6,6,26,1210,940,11,0,3,9,1.1666666666666667,29,2,745,74,248,24,21532
2025-07-11,argo,com.maubis.scarlet.base.support.ui,LithoCircleDrawable,getOpacity,1,0,0.0,0,0.0,0,4,1,0,3,0,1,0,0.0,0,0,0,0,0.0,0,2.0,0,0,0.0,0,0.5333333333333333,0.8333333333333334,47,9,0.0,5,3,6,1,0,6,1,0,3,0,0,2,0,0,1,0,6,0.9333333333333333,6,1.0,6,6,3,0,6,0,0,6,0,1,0,0,0,0,0,6,6,26,1210,940,11,0,3,9,1.1666666666666667,29,2,745,74,248,24,21532
2025-07-11,argo,com.maubis.scarlet.base.support.ui,LithoCircleDrawable,onBoundsChange,1,0,0.0,1,1.0,0,4,1,0,4,0,1,0,0.25,1,1,0,3,1.0,1,2.3333333333333335,1,0,0.0,0,0.5333333333333333,0.8333333333333334,47,9,0.0,5,3,6,1,0,6,1,0,3,0,0,2,0,0,1,0,6,0.9333333333333333,6,1.0,6,6,3,0,6,0,0,6,0,1,0,0,0,0,0,6,6,26,1210,940,11,0,3,9,1.1666666666666667,29,2,745,74,248,24,21532
2025-07-11,argo,com.maubis.scarlet.base.support.ui,LithoCircleDrawable,isEquivalentTo,1,0,0.0,0,0.0,0,4,1,0,3,0,1,0,0.5714285714285714,0,2,0,0,2.0,0,2.3333333333333335,1,0,0.0,0,0.5333333333333333,0.8333333333333334,47,9,0.0,5,3,6,1,0,6,1,0,3,0,0,2,0,0,1,0,6,0.9333333333333333,6,1.0,6,6,3,0,6,0,0,6,0,1,0,0,0,0,0,6,6,26,1210,940,11,0,3,9,1.1666666666666667,29,2,745,74,248,24,21532
2025-07-11,argo,com.maubis.scarlet.base.support.ui,SecuredActivity,onResume,2,0,0.0,2,1.0,1,0,1,0,6,1,2,0,0.0,1,0,0,2,0.0,1,2.0,0,0,0.0,0,0.0,1.0,8,6,0.0,1,0,1,1,0,0,0,0,0,0,0,0,0,0,0,0,2,0.0,2,2.0,1,1,0,0,1,0,0,1,0,0,0,0,0,0,0,1,1,26,1210,940,11,0,0,2,2.0,29,2,745,74,248,24,21532
2025-07-11,argo,com.maubis.scarlet.base.support.ui,ThemedBottomSheetFragment,onCreateDialog,3,2,2.0,1,1.0,1,5,1,0,9,1,3,1,0.0,3,0,0,5,0.0,1,3.5,1,0,0.0,0,0.01818181818181818,0.5454545454545454,77,30,0.3333333333333333,10,1,2,1,1,9,3,1,0,0,1,0,0,0,1,0,13,0.9111111111111111,13,1.3,11,2,1,0,11,0,0,11,2,0,0,1,1,0,1,11,11,26,1210,940,11,0,4,31,1.9,29,2,745,74,248,24,21532
2025-07-11,argo,com.maubis.scarlet.base.support.ui,ThemedBottomSheetFragment,setupView,2,0,0.0,0,0.0,1,5,1,0,7,1,2,1,0.25,1,1,2,1,1.0,0,3.0,1,1,0.0,0,0.01818181818181818,0.5454545454545454,77,30,0.3333333333333333,10,1,2,1,1,9,3,1,0,0,1,0,0,0,1,0,13,0.9111111111111111,13,1.3,11,2,1,0,11,0,0,11,2,0,0,1,1,0,1,11,11,26,1210,940,11,0,4,31,1.9,29,2,745,74,248,24,21532
2025-07-11,argo,com.maubis.scarlet.base.support.ui,ThemedBottomSheetFragment,themedActivity,1,0,0.0,0,0.0,1,5,1,0,1,0,1,0,0.0,0,0,0,0,0.0,0,0.0,0,0,0.0,0,0.01818181818181818,0.5454545454545454,77,30,0.3333333333333333,10,1,2,1,1,9,3,1,0,0,1,0,0,0,1,0,13,0.9111111111111111,13,1.3,11,2,1,0,11,0,0,11,2,0,0,1,1,0,1,11,11,26,1210,940,11,0,4,31,1.9,29,2,745,74,248,24,21532
2025-07-11,argo,com.maubis.scarlet.base.support.ui,ThemedBottomSheetFragment,themedContext,1,0,1.0,0,0.0,1,5,1,0,1,0,1,1,0.0,1,0,0,0,0.0,0,0.0,0,0,0.0,0,0.01818181818181818,0.5454545454545454,77,30,0.3333333333333333,10,1,2,1,1,9,3,1,0,0,1,0,0,0,1,0,13,0.9111111111111111,13,1.3,11,2,1,0,11,0,0,11,2,0,0,1,1,0,1,11,11,26,1210,940,11,0,4,31,1.9,29,2,745,74,248,24,21532
2025-07-11,argo,com.maubis.scarlet.base.support.ui,ThemedBottomSheetFragment,maybeContext,1,0,0.0,0,0.0,1,5,1,0,1,0,1,0,1.0,0,1,0,0,1.0,0,0.0,0,0,0.0,0,0.01818181818181818,0.5454545454545454,77,30,0.3333333333333333,10,1,2,1,1,9,3,1,0,0,1,0,0,0,1,0,13,0.9111111111111111,13,1.3,11,2,1,0,11,0,0,11,2,0,0,1,1,0,1,11,11,26,1210,940,11,0,4,31,1.9,29,2,745,74,248,24,21532
2025-07-11,argo,com.maubis.scarlet.base.support.ui,ThemedBottomSheetFragment,getBackgroundView,0,0,0.0,0,0.0,1,5,1,0,0,0,0,0,0.0,0,0,0,0,0.0,0,0.0,0,0,0.0,0,0.01818181818181818,0.5454545454545454,77,30,0.3333333333333333,10,1,2,1,1,9,3,1,0,0,1,0,0,0,1,0,13,0.9111111111111111,13,1.3,11,2,1,0,11,0,0,11,2,0,0,1,1,0,1,11,11,26,1210,940,11,0,4,31,1.9,29,2,745,74,248,24,21532
2025-07-11,argo,com.maubis.scarlet.base.support.ui,ThemedBottomSheetFragment,resetBackground,2,3,1.0,5,1.0,1,5,1,0,9,1,2,1,0.0,2,0,1,7,0.0,1,2.2,1,1,0.0,0,0.01818181818181818,0.5454545454545454,77,30,0.3333333333333333,10,1,2,1,1,9,3,1,0,0,1,0,0,0,1,0,13,0.9111111111111111,13,1.3,11,2,1,0,11,0,0,11,2,0,0,1,1,0,1,11,11,26,1210,940,11,0,4,31,1.9,29,2,745,74,248,24,21532
2025-07-11,argo,com.maubis.scarlet.base.support.ui,ThemedBottomSheetFragment,getOptionsTitleColor,3,1,0.0,2,1.0,1,5,1,0,9,1,3,0,0.0,1,0,0,5,0.0,1,2.5714285714285716,1,0,0.0,0,0.01818181818181818,0.5454545454545454,77,30,0.3333333333333333,10,1,2,1,1,9,3,1,0,0,1,0,0,0,1,0,13,0.9111111111111111,13,1.3,11,2,1,0,11,0,0,11,2,0,0,1,1,0,1,11,11,26,1210,940,11,0,4,31,1.9,29,2,745,74,248,24,21532
2025-07-11,argo,com.maubis.scarlet.base.support.ui,ThemedBottomSheetFragment,getOptionsSubtitleColor,3,1,0.0,2,1.0,1,5,1,0,9,1,3,0,0.0,1,0,0,5,0.0,1,2.5714285714285716,1,0,0.0,0,0.01818181818181818,0.5454545454545454,77,30,0.3333333333333333,10,1,2,1,1,9,3,1,0,0,1,0,0,0,1,0,13,0.9111111111111111,13,1.3,11,2,1,0,11,0,0,11,2,0,0,1,1,0,1,11,11,26,1210,940,11,0,4,31,1.9,29,2,745,74,248,24,21532
2025-07-11,argo,com.maubis.scarlet.base.support.ui,ThemedBottomSheetFragment,getBackgroundCardViewIds,1,0,0.0,0,0.0,1,5,1,0,1,0,1,0,0.0,0,0,0,1,0.0,0,0.0,0,0,0.0,0,0.01818181818181818,0.5454545454545454,77,30,0.3333333333333333,10,1,2,1,1,9,3,1,0,0,1,0,0,0,1,0,13,0.9111111111111111,13,1.3,11,2,1,0,11,0,0,11,2,0,0,1,1,0,1,11,11,26,1210,940,11,0,4,31,1.9,29,2,745,74,248,24,21532
2025-07-11,argo,com.maubis.scarlet.base.support.ui,ThemedBottomSheetFragment,openSheet,2,0,1.0,3,1.0,1,5,1,0,9,1,2,0,0.0,1,0,1,7,0.0,1,2.6,0,0,0.0,0,0.01818181818181818,0.5454545454545454,77,30,0.3333333333333333,10,1,2,1,1,9,3,1,0,0,1,0,0,0,1,0,13,0.9111111111111111,13,1.3,11,2,1,0,11,0,0,11,2,0,0,1,1,0,1,11,11,26,1210,940,11,1,4,31,1.9,29,2,745,74,248,24,21532
2025-07-11,argo,com.maubis.scarlet.base.widget,AllNotesWidgetProvider,notifyAllChanged,2,2,0.0,11,0.6875,1,0,1,0,27,1,2,0,0.0,0,0,0,39,0.0,1,2.8636363636363638,0,0,0.0,0,0.0,1.0,40,27,0.0,1,0,1,1,0,3,0,1,0,0,0,0,0,0,0,0,2,0.0,2,2.0,1,1,0,0,1,0,0,1,0,1,0,0,1,0,1,1,2,26,1210,940,5,1,0,39,2.0,9,0,250,74,248,6,21532
2025-07-11,argo,com.maubis.scarlet.base.widget,AllNotesWidgetService,onGetViewFactory,1,0,0.0,0,0.0,1,0,1,0,3,0,1,0,0.0,0,0,0,1,0.0,0,0.0,1,0,0.0,0,0.0,0.0,5,3,0.0,1,0,1,1,0,2,0,0,0,0,0,0,0,0,0,0,1,0.0,1,1.0,1,1,1,0,10,0,0,10,2,2,0,0,0,0,0,1,1,26,1210,940,5,0,0,1,1.0,9,0,250,74,248,6,21532
2025-07-11,argo,com.maubis.scarlet.base.widget,CreateNoteWidgetProvider,onUpdate,2,6,0.0,6,1.0,1,1,1,0,14,1,2,2,0.0,1,0,0,14,0.0,1,2.6363636363636362,3,0,0.0,0,0.0,0.5,20,14,0.0,2,0,1,1,0,6,0,0,0,0,0,0,0,0,0,0,3,0.0,3,1.5,2,1,0,0,1,1,0,1,0,1,0,0,0,0,0,2,2,26,1210,940,5,0,0,15,1.5,9,0,250,74,248,6,21532
2025-07-11,argo,com.maubis.scarlet.base.widget,CreateNoteWidgetProvider,getPendingIntent,1,0,0.0,0,0.0,1,1,1,0,3,0,1,1,0.0,0,0,0,1,0.0,0,0.0,3,0,0.0,0,0.0,0.5,20,14,0.0,2,0,1,1,0,6,0,0,0,0,0,0,0,0,0,0,3,0.0,3,1.5,2,1,0,0,1,1,0,1,0,1,0,0,0,0,0,2,2,26,1210,940,5,0,0,15,1.5,9,0,250,74,248,6,21532
2025-07-11,argo,com.maubis.scarlet.base.widget,NoteWidgetProvider,onUpdate,3,3,0.0,2,1.0,1,0,1,0,11,2,3,0,0.0,0,0,0,7,0.0,1,3.0,3,0,0.0,0,0.0,1.0,29,26,0.0,2,0,2,1,0,5,0,0,0,0,0,0,0,0,0,0,7,0.0,7,3.5,2,2,0,0,2,0,0,2,0,1,0,0,0,0,0,2,2,26,1210,940,5,0,0,14,3.5,9,0,250,74,248,6,21532
2025-07-11,argo,com.maubis.scarlet.base.widget,NoteWidgetProvider,onDeleted,4,3,0.0,1,1.0,1,0,1,0,15,2,4,0,0.0,1,0,0,7,0.0,1,3.5,2,0,0.0,0,0.0,1.0,29,26,0.0,2,0,2,1,0,5,0,0,0,0,0,0,0,0,0,0,7,0.0,7,3.5,2,2,0,0,2,0,0,2,0,1,0,0,0,0,0,2,2,26,1210,940,5,0,0,14,3.5,9,0,250,74,248,6,21532
2025-07-11,argo,com.maubis.markdown.inliners,InlineBlankTextTests,testEmptyText,1,2,0.0,2,1.0,1,0,1,0,5,0,1,0,0.0,0,0,1,2,0.0,1,2.0,0,1,0.0,0,0.0,1.0,19,15,0.0,3,0,0,1,0,0,1,0,0,0,0,0,0,0,0,0,3,0.0,3,1.0,3,0,0,0,3,0,0,3,0,1,0,0,0,0,0,3,3,26,1210,940,6,0,3,6,1.0,22,0,264,74,248,22,21532
2025-07-11,argo,com.maubis.markdown.inliners,InlineBlankTextTests,testMultilineText,1,2,0.0,1,1.0,1,0,1,0,5,0,1,0,0.0,0,0,1,2,0.0,1,2.0,0,1,0.0,0,0.0,1.0,19,15,0.0,3,0,0,1,0,0,1,0,0,0,0,0,0,0,0,0,3,0.0,3,1.0,3,0,0,0,3,0,0,3,0,1,0,0,0,0,0,3,3,26,1210,940,6,0,3,6,1.0,22,0,264,74,248,22,21532
2025-07-11,argo,com.maubis.markdown.inliners,InlineBlankTextTests,testBlankText,1,2,0.0,1,1.0,1,0,1,0,5,0,1,0,0.0,0,0,1,2,0.0,1,2.0,0,1,0.0,0,0.0,1.0,19,15,0.0,3,0,0,1,0,0,1,0,0,0,0,0,0,0,0,0,3,0.0,3,1.0,3,0,0,0,3,0,0,3,0,1,0,0,0,0,0,3,3,26,1210,940,6,0,3,6,1.0,22,0,264,74,248,22,21532
2025-07-11,argo,com.maubis.markdown.inliners,InlineHtmlTextTests,testEmptyText,1,2,0.0,2,1.0,1,0,1,0,5,0,1,0,0.0,0,0,1,4,0.0,3,2.0,0,1,0.0,0,0.0,1.0,19,15,0.0,3,0,0,1,0,0,1,0,0,0,0,0,0,0,0,0,3,0.0,3,1.0,3,0,0,0,3,0,0,3,0,1,0,0,0,0,0,3,3,26,1210,940,6,0,3,12,1.0,22,0,264,74,248,22,21532
2025-07-11,argo,com.maubis.markdown.inliners,InlineHtmlTextTests,testMultilineText,1,2,0.0,2,1.0,1,0,1,0,5,0,1,0,0.0,0,0,1,6,0.0,5,2.0,0,1,0.0,0,0.0,1.0,19,15,0.0,3,0,0,1,0,0,1,0,0,0,0,0,0,0,0,0,3,0.0,3,1.0,3,0,0,0,3,0,0,3,0,1,0,0,0,0,0,3,3,26,1210,940,6,0,3,12,1.0,22,0,264,74,248,22,21532
2025-07-11,argo,com.maubis.markdown.inliners,InlineHtmlTextTests,testBlankText,1,2,0.0,1,1.0,1,0,1,0,5,0,1,0,0.0,0,0,1,2,0.0,1,2.0,0,1,0.0,0,0.0,1.0,19,15,0.0,3,0,0,1,0,0,1,0,0,0,0,0,0,0,0,0,3,0.0,3,1.0,3,0,0,0,3,0,0,3,0,1,0,0,0,0,0,3,3,26,1210,940,6,0,3,12,1.0,22,0,264,74,248,22,21532
2025-07-11,argo,com.maubis.markdown.inliners,InlineMultipleTextTests,testSimpleText,1,2,0.0,2,1.0,1,0,1,0,5,0,1,0,0.0,0,0,1,7,0.0,6,2.0,0,1,0.0,0,0.0,1.0,19,15,0.0,3,0,0,1,0,0,1,0,0,0,0,0,0,0,0,0,3,0.0,3,1.0,3,0,0,0,3,0,0,3,0,1,0,0,0,0,0,3,3,26,1210,940,6,0,3,17,1.0,22,0,264,74,248,22,21532
2025-07-11,argo,com.maubis.markdown.inliners,InlineMultipleTextTests,testStickingTogether,1,2,0.0,2,1.0,1,0,1,0,5,0,1,0,0.0,0,0,1,7,0.0,6,2.0,0,1,0.0,0,0.0,1.0,19,15,0.0,3,0,0,1,0,0,1,0,0,0,0,0,0,0,0,0,3,0.0,3,1.0,3,0,0,0,3,0,0,3,0,1,0,0,0,0,0,3,3,26,1210,940,6,0,3,17,1.0,22,0,264,74,248,22,21532
2025-07-11,argo,com.maubis.markdown.inliners,InlineMultipleTextTests,testEscapedText,1,2,0.0,2,1.0,1,0,1,0,5,0,1,0,0.0,0,0,1,3,0.0,2,2.0,0,1,0.0,0,0.0,1.0,19,15,0.0,3,0,0,1,0,0,1,0,0,0,0,0,0,0,0,0,3,0.0,3,1.0,3,0,0,0,3,0,0,3,0,1,0,0,0,0,0,3,3,26,1210,940,6,0,3,17,1.0,22,0,264,74,248,22,21532
2025-07-11,argo,com.maubis.markdown.inliners,InlineRecursiveTextTests,testSimple2Levels,1,2,0.0,2,1.0,1,0,1,0,5,0,1,0,0.0,0,0,1,3,0.0,2,2.0,0,1,0.0,0,0.0,1.0,37,31,0.0,5,0,0,1,0,0,1,0,0,0,0,0,0,0,0,0,5,0.19999999999999996,5,1.0,5,0,0,0,5,0,0,5,0,1,0,0,0,0,0,5,5,26,1210,940,6,0,5,17,1.0,22,0,264,74,248,22,21532
2025-07-11,argo,com.maubis.markdown.inliners,InlineRecursiveTextTests,testDeeperLevelComplexLevels,1,2,0.0,2,1.0,1,0,1,0,5,0,1,0,0.0,0,0,1,3,0.0,2,2.0,0,1,0.0,0,0.0,1.0,37,31,0.0,5,0,0,1,0,0,1,0,0,0,0,0,0,0,0,0,5,0.19999999999999996,5,1.0,5,0,0,0,5,0,0,5,0,1,0,0,0,0,0,5,5,26,1210,940,6,0,5,17,1.0,22,0,264,74,248,22,21532
2025-07-11,argo,com.maubis.markdown.inliners,InlineRecursiveTextTests,testCodeMultileveLevels,1,2,0.0,2,1.0,1,0,1,0,5,0,1,0,0.0,0,0,1,2,0.0,1,2.0,0,1,0.0,0,0.0,1.0,37,31,0.0,5,0,0,1,0,0,1,0,0,0,0,0,0,0,0,0,5,0.19999999999999996,5,1.0,5,0,0,0,5,0,0,5,0,1,0,0,0,0,0,5,5,26,1210,940,6,0,5,17,1.0,22,0,264,74,248,22,21532
2025-07-11,argo,com.maubis.markdown.inliners,InlineRecursiveTextTests,testMismatchingLevelsKind1,1,6,0.0,4,0.6667,1,0,1,0,11,0,1,0,0.0,0,0,1,6,0.0,1,2.0,0,1,0.0,0,0.0,1.0,37,31,0.0,5,0,0,1,0,0,1,0,0,0,0,0,0,0,0,0,5,0.19999999999999996,5,1.0,5,0,0,0,5,0,0,5,0,1,0,0,0,0,0,5,5,26,1210,940,6,0,5,17,1.0,22,0,264,74,248,22,21532
2025-07-11,argo,com.maubis.markdown.inliners,InlineRecursiveTextTests,testMismatchingLevelsKind2,1,2,0.0,2,1.0,1,0,1,0,5,0,1,0,0.0,0,0,1,3,0.0,2,2.0,0,1,0.0,0,0.0,1.0,37,31,0.0,5,0,0,1,0,0,1,0,0,0,0,0,0,0,0,0,5,0.19999999999999996,5,1.0,5,0,0,0,5,0,0,5,0,1,0,0,0,0,0,5,5,26,1210,940,6,0,5,17,1.0,22,0,264,74,248,22,21532
2025-07-11,argo,com.maubis.markdown.inliners,InlineSimpleTextTests,testSimpleText,1,2,0.0,1,1.0,1,0,1,0,5,0,1,0,0.0,0,0,1,2,0.0,1,2.0,0,1,0.0,0,0.0,1.0,51,43,0.0,7,0,0,1,0,0,1,0,0,0,0,0,0,0,0,0,7,0.2857142857142857,7,1.0,7,0,0,0,7,0,0,7,0,1,0,0,0,0,0,7,7,26,1210,940,6,0,7,15,1.0,22,0,264,74,248,22,21532
2025-07-11,argo,com.maubis.markdown.inliners,InlineSimpleTextTests,testBoldText,1,3,0.0,2,1.0,1,0,1,0,6,0,1,0,0.0,0,0,1,2,0.0,1,2.0,0,1,0.0,0,0.0,1.0,51,43,0.0,7,0,0,1,0,0,1,0,0,0,0,0,0,0,0,0,7,0.2857142857142857,7,1.0,7,0,0,0,7,0,0,7,0,1,0,0,0,0,0,7,7,26,1210,940,6,0,7,15,1.0,22,0,264,74,248,22,21532
2025-07-11,argo,com.maubis.markdown.inliners,InlineSimpleTextTests,testItalicsText,1,3,0.0,2,1.0,1,0,1,0,6,0,1,0,0.0,0,0,1,2,0.0,1,2.0,0,1,0.0,0,0.0,1.0,51,43,0.0,7,0,0,1,0,0,1,0,0,0,0,0,0,0,0,0,7,0.2857142857142857,7,1.0,7,0,0,0,7,0,0,7,0,1,0,0,0,0,0,7,7,26,1210,940,6,0,7,15,1.0,22,0,264,74,248,22,21532
2025-07-11,argo,com.maubis.markdown.inliners,InlineSimpleTextTests,testStrikeThroughText,1,3,0.0,2,1.0,1,0,1,0,6,0,1,0,0.0,0,0,1,2,0.0,1,2.0,0,1,0.0,0,0.0,1.0,51,43,0.0,7,0,0,1,0,0,1,0,0,0,0,0,0,0,0,0,7,0.2857142857142857,7,1.0,7,0,0,0,7,0,0,7,0,1,0,0,0,0,0,7,7,26,1210,940,6,0,7,15,1.0,22,0,264,74,248,22,21532
2025-07-11,argo,com.maubis.markdown.inliners,InlineSimpleTextTests,testUnderlineText,1,3,0.0,2,1.0,1,0,1,0,6,0,1,0,0.0,0,0,1,2,0.0,1,2.0,0,1,0.0,0,0.0,1.0,51,43,0.0,7,0,0,1,0,0,1,0,0,0,0,0,0,0,0,0,7,0.2857142857142857,7,1.0,7,0,0,0,7,0,0,7,0,1,0,0,0,0,0,7,7,26,1210,940,6,0,7,15,1.0,22,0,264,74,248,22,21532
2025-07-11,argo,com.maubis.markdown.inliners,InlineSimpleTextTests,testCodeText,1,3,0.0,2,1.0,1,0,1,0,6,0,1,0,0.0,0,0,1,2,0.0,1,2.0,0,1,0.0,0,0.0,1.0,51,43,0.0,7,0,0,1,0,0,1,0,0,0,0,0,0,0,0,0,7,0.2857142857142857,7,1.0,7,0,0,0,7,0,0,7,0,1,0,0,0,0,0,7,7,26,1210,940,6,0,7,15,1.0,22,0,264,74,248,22,21532
2025-07-11,argo,com.maubis.markdown.inliners,InlineSimpleTextTests,testIncompleteText,1,4,0.0,2,1.0,1,0,1,0,8,0,1,0,0.0,0,0,1,3,0.0,1,2.0,0,1,0.0,0,0.0,1.0,51,43,0.0,7,0,0,1,0,0,1,0,0,0,0,0,0,0,0,0,7,0.2857142857142857,7,1.0,7,0,0,0,7,0,0,7,0,1,0,0,0,0,0,7,7,26,1210,940,6,0,7,15,1.0,22,0,264,74,248,22,21532
2025-07-11,argo,com.maubis.markdown.inliners,MarkdownTextInlinerTestBase,assert,1,0,0.0,2,1.0,0,0,1,0,6,0,1,0,0.0,0,0,2,6,0.0,0,2.375,2,2,0.0,0,0.0,1.0,8,6,0.0,1,0,0,0,0,1,2,0,0,0,0,0,0,0,0,5,1,0.0,1,1.0,1,0,0,0,0,0,1,0,0,0,0,0,0,0,0,1,1,26,1210,940,6,0,2,6,1.0,22,0,264,74,248,22,21532
2025-07-11,argo,com.maubis.markdown.segments,MarkdownTextSegmenterTestBase,assert,1,1,1.0,3,0.6667,0,1,1,0,9,0,1,0,0.0,1,0,2,10,0.0,3,2.0,2,2,0.0,0,0.0,0.75,40,32,0.6666666666666666,4,0,0,0,0,4,5,0,0,0,0,0,0,0,0,3,5,0.6666666666666667,5,1.25,4,0,0,0,0,1,3,0,0,0,0,0,0,0,0,4,4,26,1210,940,4,0,4,13,1.3333333333333333,20,0,332,74,248,21,21532
2025-07-11,argo,com.maubis.markdown.segments,MarkdownTextSegmenterTestBase,assert,2,1,1.0,3,1.0,0,1,1,0,10,1,2,0,0.0,1,0,2,6,0.0,1,2.1666666666666665,2,2,0.0,0,0.0,0.75,40,32,0.6666666666666666,4,0,0,0,0,4,5,0,0,0,0,0,0,0,0,3,5,0.6666666666666667,5,1.25,4,0,0,0,0,1,3,0,0,0,0,0,0,0,0,4,4,26,1210,940,4,0,4,13,1.3333333333333333,20,0,332,74,248,21,21532
2025-07-11,argo,com.maubis.markdown.segments,MarkdownTextSegmenterTestBase,getTestSegment,1,0,0.0,0,0.0,0,1,1,0,3,0,1,0,0.0,0,0,0,1,0.0,0,0.0,2,0,0.0,0,0.0,0.75,40,32,0.6666666666666666,4,0,0,0,0,4,5,0,0,0,0,0,0,0,0,3,5,0.6666666666666667,5,1.25,4,0,0,0,0,1,3,0,0,0,0,0,0,0,0,4,4,26,1210,940,4,0,4,13,1.3333333333333333,20,0,332,74,248,21,21532
2025-07-11,argo,com.maubis.markdown.segments,MarkdownTextSegmenterTestBase,toString,1,1,0.0,1,1.0,0,1,1,0,13,0,1,0,0.0,1,0,2,6,0.0,1,2.3333333333333335,1,2,0.0,0,0.0,0.75,40,32,0.6666666666666666,4,0,0,0,0,4,5,0,0,0,0,0,0,0,0,3,5,0.6666666666666667,5,1.25,4,0,0,0,0,1,3,0,0,0,0,0,0,0,0,4,4,26,1210,940,4,0,4,13,1.3333333333333333,20,0,332,74,248,21,21532
2025-07-11,argo,com.maubis.markdown.segments,SegmentBlankTextTests,testEmptyText,1,2,0.0,2,1.0,1,0,1,0,6,0,1,0,0.0,0,0,1,3,0.0,1,2.0,0,1,0.0,0,0.0,1.0,29,24,0.0,4,0,0,1,0,0,1,0,0,0,0,0,0,0,0,0,4,0.0,4,1.0,4,0,0,0,4,0,0,4,0,1,0,0,0,0,0,4,4,26,1210,940,4,0,4,12,1.0,20,0,332,74,248,21,21532
2025-07-11,argo,com.maubis.markdown.segments,SegmentBlankTextTests,testBlankText,1,2,0.0,2,1.0,1,0,1,0,6,0,1,0,0.0,0,0,1,3,0.0,1,2.0,0,1,0.0,0,0.0,1.0,29,24,0.0,4,0,0,1,0,0,1,0,0,0,0,0,0,0,0,0,4,0.0,4,1.0,4,0,0,0,4,0,0,4,0,1,0,0,0,0,0,4,4,26,1210,940,4,0,4,12,1.0,20,0,332,74,248,21,21532
2025-07-11,argo,com.maubis.markdown.segments,SegmentBlankTextTests,testJustNewlinesText,1,2,0.0,2,1.0,1,0,1,0,6,0,1,0,0.0,0,0,1,3,0.0,1,2.0,0,1,0.0,0,0.0,1.0,29,24,0.0,4,0,0,1,0,0,1,0,0,0,0,0,0,0,0,0,4,0.0,4,1.0,4,0,0,0,4,0,0,4,0,1,0,0,0,0,0,4,4,26,1210,940,4,0,4,12,1.0,20,0,332,74,248,21,21532
2025-07-11,argo,com.maubis.markdown.segments,SegmentBlankTextTests,testJustNewlineAndBlanksText,1,2,0.0,2,1.0,1,0,1,0,6,0,1,0,0.0,0,0,1,3,0.0,1,2.0,0,1,0.0,0,0.0,1.0,29,24,0.0,4,0,0,1,0,0,1,0,0,0,0,0,0,0,0,0,4,0.0,4,1.0,4,0,0,0,4,0,0,4,0,1,0,0,0,0,0,4,4,26,1210,940,4,0,4,12,1.0,20,0,332,74,248,21,21532
2025-07-11,argo,com.maubis.markdown.segments,SegmentSimpleMultiLineTests,testMultiLineText,1,2,0.0,2,1.0,1,0,1,0,6,0,1,0,0.0,0,0,1,3,0.0,1,2.0,0,1,0.0,0,0.0,1.0,57,48,0.0,8,0,0,1,0,0,1,0,0,0,0,0,0,0,0,0,8,0.0,8,1.0,8,0,0,0,8,0,0,8,0,1,0,0,0,0,0,8,8,26,1210,940,4,0,8,42,1.0,20,0,332,74,248,21,21532
2025-07-11,argo,com.maubis.markdown.segments,SegmentSimpleMultiLineTests,testMultipleHeadlines,1,2,0.0,2,1.0,1,0,1,0,6,0,1,0,0.0,0,0,1,6,0.0,1,2.0,0,1,0.0,0,0.0,1.0,57,48,0.0,8,0,0,1,0,0,1,0,0,0,0,0,0,0,0,0,8,0.0,8,1.0,8,0,0,0,8,0,0,8,0,1,0,0,0,0,0,8,8,26,1210,940,4,0,8,42,1.0,20,0,332,74,248,21,21532
2025-07-11,argo,com.maubis.markdown.segments,SegmentSimpleMultiLineTests,testMultipleBullets,1,2,0.0,2,1.0,1,0,1,0,6,0,1,0,0.0,0,0,1,7,0.0,1,2.0,0,1,0.0,0,0.0,1.0,57,48,0.0,8,0,0,1,0,0,1,0,0,0,0,0,0,0,0,0,8,0.0,8,1.0,8,0,0,0,8,0,0,8,0,1,0,0,0,0,0,8,8,26,1210,940,4,0,8,42,1.0,20,0,332,74,248,21,21532
2025-07-11,argo,com.maubis.markdown.segments,SegmentSimpleMultiLineTests,testMultipleQuotes,1,2,0.0,2,1.0,1,0,1,0,6,0,1,0,0.0,0,0,1,6,0.0,1,2.0,0,1,0.0,0,0.0,1.0,57,48,0.0,8,0,0,1,0,0,1,0,0,0,0,0,0,0,0,0,8,0.0,8,1.0,8,0,0,0,8,0,0,8,0,1,0,0,0,0,0,8,8,26,1210,940,4,0,8,42,1.0,20,0,332,74,248,21,21532
2025-07-11,argo,com.maubis.markdown.segments,SegmentSimpleMultiLineTests,testCodeAndQuotes,1,2,0.0,2,1.0,1,0,1,0,6,0,1,0,0.0,0,0,1,7,0.0,1,2.0,0,1,0.0,0,0.0,1.0,57,48,0.0,8,0,0,1,0,0,1,0,0,0,0,0,0,0,0,0,8,0.0,8,1.0,8,0,0,0,8,0,0,8,0,1,0,0,0,0,0,8,8,26,1210,940,4,0,8,42,1.0,20,0,332,74,248,21,21532
2025-07-11,argo,com.maubis.markdown.segments,SegmentSimpleMultiLineTests,testMultilineCode,1,2,0.0,2,1.0,1,0,1,0,6,0,1,0,0.0,0,0,1,3,0.0,1,2.0,0,1,0.0,0,0.0,1.0,57,48,0.0,8,0,0,1,0,0,1,0,0,0,0,0,0,0,0,0,8,0.0,8,1.0,8,0,0,0,8,0,0,8,0,1,0,0,0,0,0,8,8,26,1210,940,4,0,8,42,1.0,20,0,332,74,248,21,21532
2025-07-11,argo,com.maubis.markdown.segments,SegmentSimpleMultiLineTests,testSeparatorCode,1,2,0.0,2,1.0,1,0,1,0,6,0,1,0,0.0,0,0,1,5,0.0,1,2.0,0,1,0.0,0,0.0,1.0,57,48,0.0,8,0,0,1,0,0,1,0,0,0,0,0,0,0,0,0,8,0.0,8,1.0,8,0,0,0,8,0,0,8,0,1,0,0,0,0,0,8,8,26,1210,940,4,0,8,42,1.0,20,0,332,74,248,21,21532
2025-07-11,argo,com.maubis.markdown.segments,SegmentSimpleMultiLineTests,testMarkdownInsideCode,1,2,0.0,2,1.0,1,0,1,0,6,0,1,0,0.0,0,0,1,5,0.0,1,2.0,0,1,0.0,0,0.0,1.0,57,48,0.0,8,0,0,1,0,0,1,0,0,0,0,0,0,0,0,0,8,0.0,8,1.0,8,0,0,0,8,0,0,8,0,1,0,0,0,0,0,8,8,26,1210,940,4,0,8,42,1.0,20,0,332,74,248,21,21532
2025-07-11,argo,com.maubis.markdown.segments,SegmentSingleLineTextTests,testSingleLineText,1,2,0.0,2,1.0,1,0,1,0,6,0,1,0,0.0,0,0,1,3,0.0,1,2.0,0,1,0.0,0,0.0,1.0,56,50,0.0,5,0,0,1,0,0,1,0,0,0,0,0,0,0,0,0,5,0.6,5,1.0,5,0,0,0,5,0,0,5,0,1,0,0,0,0,0,5,5,26,1210,940,4,0,5,25,1.0,20,0,332,74,248,21,21532
2025-07-11,argo,com.maubis.markdown.segments,SegmentSingleLineTextTests,testSingleLineHeadings,1,8,0.0,5,0.625,1,0,1,0,18,0,1,0,0.0,0,0,1,9,0.0,1,2.0,0,1,0.0,0,0.0,1.0,56,50,0.0,5,0,0,1,0,0,1,0,0,0,0,0,0,0,0,0,5,0.6,5,1.0,5,0,0,0,5,0,0,5,0,1,0,0,0,0,0,5,5,26,1210,940,4,0,5,25,1.0,20,0,332,74,248,21,21532
2025-07-11,argo,com.maubis.markdown.segments,SegmentSingleLineTextTests,testSingleLineBullets,1,6,0.0,4,0.6667,1,0,1,0,14,0,1,0,0.0,0,0,1,7,0.0,1,2.0,0,1,0.0,0,0.0,1.0,56,50,0.0,5,0,0,1,0,0,1,0,0,0,0,0,0,0,0,0,5,0.6,5,1.0,5,0,0,0,5,0,0,5,0,1,0,0,0,0,0,5,5,26,1210,940,4,0,5,25,1.0,20,0,332,74,248,21,21532
2025-07-11,argo,com.maubis.markdown.segments,SegmentSingleLineTextTests,testSingleLineQuote,1,2,0.0,2,1.0,1,0,1,0,6,0,1,0,0.0,0,0,1,3,0.0,1,2.0,0,1,0.0,0,0.0,1.0,56,50,0.0,5,0,0,1,0,0,1,0,0,0,0,0,0,0,0,0,5,0.6,5,1.0,5,0,0,0,5,0,0,5,0,1,0,0,0,0,0,5,5,26,1210,940,4,0,5,25,1.0,20,0,332,74,248,21,21532
2025-07-11,argo,com.maubis.markdown.segments,SegmentSingleLineTextTests,testSingleLineCode,1,2,0.0,2,1.0,1,0,1,0,6,0,1,0,0.0,0,0,1,3,0.0,1,2.0,0,1,0.0,0,0.0,1.0,56,50,0.0,5,0,0,1,0,0,1,0,0,0,0,0,0,0,0,0,5,0.6,5,1.0,5,0,0,0,5,0,0,5,0,1,0,0,0,0,0,5,5,26,1210,940,4,0,5,25,1.0,20,0,332,74,248,21,21532
2025-07-11,argo,com.maubis.markdown.inliner,NormalInlineBuilder,build,1,0,0.0,1,1.0,1,0,1,0,3,0,1,0,1.0,0,1,0,1,1.0,1,2.0,0,0,0.0,0,0.0,0.0,7,3,0.0,1,1,0,1,1,1,0,0,0,0,1,1,0,0,0,0,1,0.0,1,1.0,1,0,4,0,18,0,0,18,2,5,0,0,0,0,0,1,1,26,1210,940,13,0,0,1,1.0,38,2,489,74,248,29,21532
2025-07-11,argo,com.maubis.markdown.inliner,MarkdownInlineBuilder,build,1,0,0.0,0,0.0,1,0,1,0,3,0,1,0,1.0,0,2,0,1,2.0,0,0.0,0,0,0.0,0,0.0,0.0,11,3,0.0,1,3,0,1,3,1,0,0,0,0,3,2,0,0,1,0,1,0.0,1,1.0,1,0,4,0,18,0,0,18,2,5,0,0,0,0,0,1,1,26,1210,940,13,0,0,1,1.0,38,2,489,74,248,29,21532
2025-07-11,argo,com.maubis.markdown.inliner,IInlineConfig,type,1,0,0.0,0,0.0,0,2,1,0,1,0,1,0,0.0,0,0,0,0,0.0,0,2.0,0,0,0.0,0,0.0,0.0,13,4,0.0,6,0,0,0,0,3,0,0,0,0,0,0,0,0,0,3,6,1.0,6,1.0,6,0,2,0,18,0,0,18,0,5,0,0,0,0,0,6,6,26,1210,940,13,0,0,9,0.0,38,2,489,74,248,29,21532
2025-07-11,argo,com.maubis.markdown.inliner,IInlineConfig,isStart,1,0,0.0,0,0.0,0,2,1,0,1,0,1,0,0.0,0,0,0,0,0.0,0,0.0,2,0,0.0,0,0.0,0.0,13,4,0.0,6,0,0,0,0,3,0,0,0,0,0,0,0,0,0,3,6,1.0,6,1.0,6,0,2,0,18,0,0,18,0,5,0,0,0,0,0,6,6,26,1210,940,13,0,0,9,0.0,38,2,489,74,248,29,21532
2025-07-11,argo,com.maubis.markdown.inliner,IInlineConfig,startIncrement,1,0,0.0,0,0.0,0,2,1,0,1,0,1,0,0.0,0,0,0,0,0.0,0,0.0,0,0,0.0,0,0.0,0.0,13,4,0.0,6,0,0,0,0,3,0,0,0,0,0,0,0,0,0,3,6,1.0,6,1.0,6,0,2,0,18,0,0,18,0,5,0,0,0,0,0,6,6,26,1210,940,13,0,0,9,0.0,38,2,489,74,248,29,21532
2025-07-11,argo,com.maubis.markdown.inliner,IInlineConfig,isEnd,1,0,0.0,0,0.0,0,2,1,0,1,0,1,0,0.0,0,0,0,0,0.0,0,0.0,2,0,0.0,0,0.0,0.0,13,4,0.0,6,0,0,0,0,3,0,0,0,0,0,0,0,0,0,3,6,1.0,6,1.0,6,0,2,0,18,0,0,18,0,5,0,0,0,0,0,6,6,26,1210,940,13,0,0,9,0.0,38,2,489,74,248,29,21532
2025-07-11,argo,com.maubis.markdown.inliner,IInlineConfig,endIncrement,1,0,0.0,0,0.0,0,2,1,0,1,0,1,0,0.0,0,0,0,0,0.0,0,0.0,0,0,0.0,0,0.0,0.0,13,4,0.0,6,0,0,0,0,3,0,0,0,0,0,0,0,0,0,3,6,1.0,6,1.0,6,0,2,0,18,0,0,18,0,5,0,0,0,0,0,6,6,26,1210,940,13,0,0,9,0.0,38,2,489,74,248,29,21532
2025-07-11,argo,com.maubis.markdown.inliner,IInlineConfig,identifier,1,0,0.0,0,0.0,0,2,1,0,1,0,1,0,0.0,0,0,0,0,0.0,0,0.0,0,0,0.0,0,0.0,0.0,13,4,0.0,6,0,0,0,0,3,0,0,0,0,0,0,0,0,0,3,6,1.0,6,1.0,6,0,2,0,18,0,0,18,0,5,0,0,0,0,0,6,6,26,1210,940,13,0,0,9,0.0,38,2,489,74,248,29,21532
2025-07-11,argo,com.maubis.markdown.inliner,InvalidInline,type,1,0,0.0,0,0.0,0,0,1,0,1,0,1,1,0.0,0,0,0,0,0.0,0,0.0,0,0,0.0,0,0.0,0.0,3,1,0.0,1,0,1,1,0,0,0,0,0,0,0,0,0,0,0,0,1,0.0,1,1.0,1,1,2,0,18,0,0,18,0,5,0,0,0,0,0,1,1,26,1210,940,13,0,0,9,0.0,38,2,489,74,248,29,21532
2025-07-11,argo,com.maubis.markdown.inliner,StartMarkerInline,type,1,0,0.0,0,0.0,0,2,1,0,1,0,1,1,0.0,0,0,0,0,0.0,0,0.0,0,0,0.0,0,0.0,0.0,16,3,0.3333333333333333,5,0,5,1,0,3,0,0,0,0,0,0,0,0,0,0,6,0.9,6,1.2,5,5,2,0,18,0,0,18,0,5,0,0,0,0,0,5,5,26,1210,940,13,0,0,9,0.0,38,2,489,74,248,29,21532
2025-07-11,argo,com.maubis.markdown.inliner,StartMarkerInline,isStart,2,0,0.0,2,1.0,0,2,1,0,6,1,2,0,0.0,0,0,0,4,0.0,0,2.0,2,0,0.0,0,0.0,0.0,16,3,0.3333333333333333,5,0,5,1,0,3,0,0,0,0,0,0,0,0,0,0,6,0.9,6,1.2,5,5,2,0,18,0,0,18,0,5,0,0,0,0,0,5,5,26,1210,940,13,0,0,9,0.0,38,2,489,74,248,29,21532
2025-07-11,argo,com.maubis.markdown.inliner,StartMarkerInline,isEnd,1,0,0.0,0,0.0,0,2,1,0,1,0,1,0,0.0,0,0,0,0,0.0,0,0.0,2,0,0.0,0,0.0,0.0,16,3,0.3333333333333333,5,0,5,1,0,3,0,0,0,0,0,0,0,0,0,0,6,0.9,6,1.2,5,5,2,0,18,0,0,18,0,5,0,0,0,0,0,5,5,26,1210,940,13,0,0,9,0.0,38,2,489,74,248,29,21532
2025-07-11,argo,com.maubis.markdown.inliner,StartMarkerInline,startIncrement,1,0,0.0,0,0.0,0,2,1,0,1,0,1,0,0.0,0,0,0,0,0.0,0,2.0,0,0,0.0,0,0.0,0.0,16,3,0.3333333333333333,5,0,5,1,0,3,0,0,0,0,0,0,0,0,0,0,6,0.9,6,1.2,5,5,2,0,18,0,0,18,0,5,0,0,0,0,0,5,5,26,1210,940,13,0,0,9,0.0,38,2,489,74,248,29,21532
2025-07-11,argo,com.maubis.markdown.inliner,StartMarkerInline,identifier,1,0,1.0,1,1.0,0,2,1,0,1,0,1,0,0.0,1,0,0,1,0.0,1,2.0,0,0,0.0,0,0.0,0.0,16,3,0.3333333333333333,5,0,5,1,0,3,0,0,0,0,0,0,0,0,0,0,6,0.9,6,1.2,5,5,2,0,18,0,0,18,0,5,0,0,0,0,0,5,5,26,1210,940,13,0,0,9,0.0,38,2,489,74,248,29,21532
2025-07-11,argo,com.maubis.markdown.inliner,PhraseDelimiterInline,type,1,0,0.0,0,0.0,0,2,1,0,1,0,1,1,0.0,0,0,0,0,0.0,0,0.0,0,0,0.0,0,0.0,0.0,23,4,0.25,6,0,6,1,0,3,0,0,0,0,0,0,0,0,0,0,8,0.8,8,1.3333333333333333,6,6,2,0,18,0,0,18,0,5,0,0,0,0,0,6,6,26,1210,940,13,0,0,9,0.0,38,2,489,74,248,29,21532
2025-07-11,argo,com.maubis.markdown.inliner,PhraseDelimiterInline,isStart,2,0,0.0,2,1.0,0,2,1,0,6,1,2,0,0.0,0,0,0,4,0.0,0,2.0,2,0,0.0,0,0.0,0.0,23,4,0.25,6,0,6,1,0,3,0,0,0,0,0,0,0,0,0,0,8,0.8,8,1.3333333333333333,6,6,2,0,18,0,0,18,0,5,0,0,0,0,0,6,6,26,1210,940,13,0,0,9,0.0,38,2,489,74,248,29,21532
2025-07-11,argo,com.maubis.markdown.inliner,PhraseDelimiterInline,isEnd,2,0,0.0,2,1.0,0,2,1,0,6,1,2,0,0.0,0,0,0,4,0.0,0,2.0,2,0,0.0,0,0.0,0.0,23,4,0.25,6,0,6,1,0,3,0,0,0,0,0,0,0,0,0,0,8,0.8,8,1.3333333333333333,6,6,2,0,18,0,0,18,0,5,0,0,0,0,0,6,6,26,1210,940,13,0,0,9,0.0,38,2,489,74,248,29,21532
2025-07-11,argo,com.maubis.markdown.inliner,PhraseDelimiterInline,startIncrement,1,0,0.0,0,0.0,0,2,1,0,1,0,1,0,0.0,0,0,0,0,0.0,0,2.0,0,0,0.0,0,0.0,0.0,23,4,0.25,6,0,6,1,0,3,0,0,0,0,0,0,0,0,0,0,8,0.8,8,1.3333333333333333,6,6,2,0,18,0,0,18,0,5,0,0,0,0,0,6,6,26,1210,940,13,0,0,9,0.0,38,2,489,74,248,29,21532
2025-07-11,argo,com.maubis.markdown.inliner,PhraseDelimiterInline,endIncrement,1,0,0.0,0,0.0,0,2,1,0,1,0,1,0,0.0,0,0,0,0,0.0,0,2.0,0,0,0.0,0,0.0,0.0,23,4,0.25,6,0,6,1,0,3,0,0,0,0,0,0,0,0,0,0,8,0.8,8,1.3333333333333333,6,6,2,0,18,0,0,18,0,5,0,0,0,0,0,6,6,26,1210,940,13,0,0,9,0.0,38,2,489,74,248,29,21532
2025-07-11,argo,com.maubis.markdown.inliner,TextInlineConfig,getDefaultOutputConfig,1,0,1.0,1,1.0,0,0,2,0,1,0,1,0,0.0,0,0,0,1,0.0,1,2.0,0,0,0.0,0,0.0,0.0,64,0,0.0,0,2,0,0,2,0,0,0,0,0,2,2,0,0,0,0,0,0.0,0,0.0,0,0,2,0,18,0,0,18,0,5,0,0,2,0,2,3,5,26,1210,940,13,1,0,9,0.0,38,2,489,74,248,29,21532
2025-07-11,argo,com.maubis.markdown.inliner,TextInliner,get,1,0,0.0,0,0.0,0,1,1,0,3,0,1,1,0.0,1,0,0,1,0.0,0,0.0,0,0,0.0,0,0.5277777777777778,0.8888888888888888,177,156,0.25,9,4,0,0,1,3,10,0,3,0,1,2,0,0,2,0,27,0.6388888888888888,27,3.0,9,0,4,0,1,8,0,1,0,1,0,0,0,0,0,9,9,26,1210,940,13,0,12,106,3.4444444444444446,38,2,489,74,248,29,21532
2025-07-11,argo,com.maubis.markdown.inliner,TextInliner,processSegments,9,5,7.0,12,0.8,0,1,1,0,53,1,9,11,1.0,8,4,5,34,0.8,1,2.3529411764705883,0,5,0.0,0,0.5277777777777778,0.8888888888888888,177,156,0.25,9,4,0,0,1,3,10,0,3,0,1,2,0,0,2,0,27,0.6388888888888888,27,3.0,9,0,4,0,1,8,0,1,0,1,0,0,0,0,0,9,9,26,1210,940,13,0,12,106,3.4444444444444446,38,2,489,74,248,29,21532
2025-07-11,argo,com.maubis.markdown.inliner,TextInliner,pairPoorlyPairedConfigs,7,7,1.0,7,0.8333,0,1,1,0,45,2,7,1,0.45,1,1,3,23,0.25,1,2.269230769230769,1,2,0.0,0,0.5277777777777778,0.8888888888888888,177,156,0.25,9,4,0,0,1,3,10,0,3,0,1,2,0,0,2,0,27,0.6388888888888888,27,3.0,9,0,4,0,1,8,0,1,0,1,0,0,0,0,0,9,9,26,1210,940,13,0,12,106,3.4444444444444446,38,2,489,74,248,29,21532
2025-07-11,argo,com.maubis.markdown.inliner,TextInliner,pairInvalids,4,1,0.0,4,1.0,0,1,1,0,15,1,4,0,1.0,0,2,1,14,3.0,1,2.5454545454545454,0,0,0.0,0,0.5277777777777778,0.8888888888888888,177,156,0.25,9,4,0,0,1,3,10,0,3,0,1,2,0,0,2,0,27,0.6388888888888888,27,3.0,9,0,4,0,1,8,0,1,0,1,0,0,0,0,0,9,9,26,1210,940,13,0,12,106,3.4444444444444446,38,2,489,74,248,29,21532
2025-07-11,argo,com.maubis.markdown.inliner,TextInliner,removeInvalids,4,2,0.0,4,1.0,0,1,1,0,15,2,4,1,0.0,1,0,1,12,0.0,1,2.5,1,1,0.0,0,0.5277777777777778,0.8888888888888888,177,156,0.25,9,4,0,0,1,3,10,0,3,0,1,2,0,0,2,0,27,0.6388888888888888,27,3.0,9,0,4,0,1,8,0,1,0,1,0,0,0,0,0,9,9,26,1210,940,13,0,12,106,3.4444444444444446,38,2,489,74,248,29,21532
2025-07-11,argo,com.maubis.markdown.inliner,TextInliner,addTextComponent,2,1,0.0,3,1.0,0,1,1,0,8,1,2,0,1.0,0,2,1,5,2.0,1,2.3333333333333335,0,0,0.0,0,0.5277777777777778,0.8888888888888888,177,156,0.25,9,4,0,0,1,3,10,0,3,0,1,2,0,0,2,0,27,0.6388888888888888,27,3.0,9,0,4,0,1,8,0,1,0,1,0,0,0,0,0,9,9,26,1210,940,13,0,12,106,3.4444444444444446,38,2,489,74,248,29,21532
2025-07-11,argo,com.maubis.markdown.inliner,TextInliner,unshelveSegment,1,0,0.0,2,0.6667,0,1,1,0,5,0,1,0,1.0,0,2,0,6,2.0,1,3.3333333333333335,0,0,0.0,0,0.5277777777777778,0.8888888888888888,177,156,0.25,9,4,0,0,1,3,10,0,3,0,1,2,0,0,2,0,27,0.6388888888888888,27,3.0,9,0,4,0,1,8,0,1,0,1,0,0,0,0,0,9,9,26,1210,940,13,0,12,106,3.4444444444444446,38,2,489,74,248,29,21532
2025-07-11,argo,com.maubis.markdown.inliner,TextInliner,shelveSegment,2,0,0.0,2,1.0,0,1,1,0,8,1,2,0,1.0,0,2,1,7,2.0,1,2.5,0,0,0.0,0,0.5277777777777778,0.8888888888888888,177,156,0.25,9,4,0,0,1,3,10,0,3,0,1,2,0,0,2,0,27,0.6388888888888888,27,3.0,9,0,4,0,1,8,0,1,0,1,0,0,0,0,0,9,9,26,1210,940,13,0,12,106,3.4444444444444446,38,2,489,74,248,29,21532
2025-07-11,argo,com.maubis.markdown.inliner,TextInliner,debug,1,1,0.0,1,1.0,0,1,1,0,7,0,1,0,1.0,1,1,0,4,1.0,1,2.6666666666666665,0,0,0.0,0,0.5277777777777778,0.8888888888888888,177,156,0.25,9,4,0,0,1,3,10,0,3,0,1,2,0,0,2,0,27,0.6388888888888888,27,3.0,9,0,4,0,1,8,0,1,0,1,0,0,0,0,0,9,9,26,1210,940,13,0,12,106,3.4444444444444446,38,2,489,74,248,29,21532
2025-07-11,argo,com.maubis.markdown.segmenter,MarkdownSegmentBuilder,build,3,2,0.0,1,1.0,0,0,1,0,11,1,3,1,1.0,0,2,0,7,1.0,1,2.0,0,0,0.0,0,0.0,1.0,17,11,0.0,1,2,0,0,2,1,0,0,0,0,2,2,0,0,0,0,1,0.0,1,1.0,1,0,2,0,19,0,0,19,1,6,0,0,0,0,0,1,1,26,1210,940,17,0,0,7,3.0,28,1,385,74,248,20,21532
2025-07-11,argo,com.maubis.markdown.segmenter,ISegmentConfig,type,1,0,0.0,0,0.0,0,3,1,0,1,0,1,0,0.0,0,0,0,0,0.0,0,2.0,0,0,0.0,0,0.0,0.0,9,1,0.0,4,0,0,0,0,2,0,0,0,0,0,0,0,0,0,6,4,1.0,4,1.0,4,0,2,0,16,0,0,16,0,8,0,0,0,0,0,4,4,26,1210,940,17,0,0,5,0.0,28,1,385,74,248,20,21532
2025-07-11,argo,com.maubis.markdown.segmenter,ISegmentConfig,isValid,1,0,0.0,0,0.0,0,3,1,0,1,0,1,0,0.0,0,0,0,0,0.0,0,0.0,1,0,0.0,0,0.0,0.0,9,1,0.0,4,0,0,0,0,2,0,0,0,0,0,0,0,0,0,6,4,1.0,4,1.0,4,0,2,0,16,0,0,16,0,8,0,0,0,0,0,4,4,26,1210,940,17,0,0,5,0.0,28,1,385,74,248,20,21532
2025-07-11,argo,com.maubis.markdown.segmenter,ISegmentConfig,isStart,1,0,0.0,0,0.0,0,3,1,0,1,0,1,0,0.0,0,0,0,0,0.0,0,0.0,1,0,0.0,0,0.0,0.0,9,1,0.0,4,0,0,0,0,2,0,0,0,0,0,0,0,0,0,6,4,1.0,4,1.0,4,0,2,0,16,0,0,16,0,8,0,0,0,0,0,4,4,26,1210,940,17,0,0,5,0.0,28,1,385,74,248,20,21532
2025-07-11,argo,com.maubis.markdown.segmenter,ISegmentConfig,isEnd,1,0,0.0,0,0.0,0,3,1,0,1,0,1,0,0.0,0,0,0,0,0.0,0,0.0,1,0,0.0,0,0.0,0.0,9,1,0.0,4,0,0,0,0,2,0,0,0,0,0,0,0,0,0,6,4,1.0,4,1.0,4,0,2,0,16,0,0,16,0,8,0,0,0,0,0,4,4,26,1210,940,17,0,0,5,0.0,28,1,385,74,248,20,21532
2025-07-11,argo,com.maubis.markdown.segmenter,InvalidSegment,type,1,0,0.0,0,0.0,0,0,1,0,1,0,1,1,0.0,0,0,0,0,0.0,0,0.0,0,0,0.0,0,0.0,0.0,3,1,0.0,1,0,1,1,0,0,0,0,0,0,0,0,0,0,0,0,1,0.0,1,1.0,1,1,2,0,16,0,0,16,0,8,0,0,0,0,0,1,1,26,1210,940,17,0,0,5,0.0,28,1,385,74,248,20,21532
2025-07-11,argo,com.maubis.markdown.segmenter,FullLineSegment,type,1,0,0.0,0,0.0,0,1,1,0,1,0,1,1,0.0,0,0,0,0,0.0,0,0.0,0,0,0.0,0,0.0,0.0,7,1,0.0,2,0,2,1,0,2,0,0,0,0,0,0,0,0,0,0,2,1.0,2,1.0,2,2,2,0,16,0,0,16,0,8,0,0,0,0,0,2,2,26,1210,940,17,0,0,5,0.0,28,1,385,74,248,20,21532
2025-07-11,argo,com.maubis.markdown.segmenter,FullLineSegment,isValid,1,0,0.0,1,1.0,0,1,1,0,3,0,1,0,0.0,0,0,0,1,0.0,1,2.0,1,0,0.0,0,0.0,0.0,7,1,0.0,2,0,2,1,0,2,0,0,0,0,0,0,0,0,0,0,2,1.0,2,1.0,2,2,2,0,16,0,0,16,0,8,0,0,0,0,0,2,2,26,1210,940,17,0,0,5,0.0,28,1,385,74,248,20,21532
2025-07-11,argo,com.maubis.markdown.segmenter,LineStartSegment,type,1,0,0.0,0,0.0,0,1,1,0,1,0,1,1,0.0,0,0,0,0,0.0,0,0.0,0,0,0.0,0,0.0,0.0,7,1,0.0,2,0,2,1,0,2,0,0,0,0,0,0,0,0,0,0,2,1.0,2,1.0,2,2,2,0,16,0,0,16,0,8,0,0,0,0,0,2,2,26,1210,940,17,0,0,5,0.0,28,1,385,74,248,20,21532
2025-07-11,argo,com.maubis.markdown.segmenter,LineStartSegment,isValid,1,0,0.0,1,1.0,0,1,1,0,3,0,1,0,0.0,0,0,0,1,0.0,1,2.0,1,0,0.0,0,0.0,0.0,7,1,0.0,2,0,2,1,0,2,0,0,0,0,0,0,0,0,0,0,2,1.0,2,1.0,2,2,2,0,16,0,0,16,0,8,0,0,0,0,0,2,2,26,1210,940,17,0,0,5,0.0,28,1,385,74,248,20,21532
2025-07-11,argo,com.maubis.markdown.segmenter,LineDelimiterSegment,type,1,0,0.0,0,0.0,0,1,1,0,1,0,1,1,0.0,0,0,0,0,0.0,0,0.0,0,0,0.0,0,0.0,0.0,7,1,0.0,2,0,2,1,0,2,0,0,0,0,0,0,0,0,0,0,2,1.0,2,1.0,2,2,2,0,16,0,0,16,0,8,0,0,0,0,0,2,2,26,1210,940,17,0,0,5,0.0,28,1,385,74,248,20,21532
2025-07-11,argo,com.maubis.markdown.segmenter,LineDelimiterSegment,isValid,1,0,0.0,1,1.0,0,1,1,0,3,0,1,0,0.0,0,0,0,3,0.0,3,2.5,1,0,0.0,0,0.0,0.0,7,1,0.0,2,0,2,1,0,2,0,0,0,0,0,0,0,0,0,0,2,1.0,2,1.0,2,2,2,0,16,0,0,16,0,8,0,0,0,0,0,2,2,26,1210,940,17,0,0,5,0.0,28,1,385,74,248,20,21532
2025-07-11,argo,com.maubis.markdown.segmenter,MultilineDelimiterSegment,type,1,0,0.0,0,0.0,0,2,1,0,1,0,1,1,0.0,0,0,0,0,0.0,0,0.0,0,0,0.0,0,0.0,0.0,11,1,0.0,3,0,3,1,0,2,0,0,0,0,0,0,0,0,0,0,3,0.6666666666666667,3,1.0,3,3,2,0,16,0,0,16,0,8,0,0,0,0,0,3,3,26,1210,940,17,0,0,5,0.0,28,1,385,74,248,20,21532
2025-07-11,argo,com.maubis.markdown.segmenter,MultilineDelimiterSegment,isStart,1,0,0.0,1,1.0,0,2,1,0,3,0,1,0,0.0,0,0,0,1,0.0,1,2.0,1,0,0.0,0,0.0,0.0,11,1,0.0,3,0,3,1,0,2,0,0,0,0,0,0,0,0,0,0,3,0.6666666666666667,3,1.0,3,3,2,0,16,0,0,16,0,8,0,0,0,0,0,3,3,26,1210,940,17,0,0,5,0.0,28,1,385,74,248,20,21532
2025-07-11,argo,com.maubis.markdown.segmenter,MultilineDelimiterSegment,isEnd,1,0,0.0,1,1.0,0,2,1,0,3,0,1,0,0.0,0,0,0,1,0.0,1,2.0,1,0,0.0,0,0.0,0.0,11,1,0.0,3,0,3,1,0,2,0,0,0,0,0,0,0,0,0,0,3,0.6666666666666667,3,1.0,3,3,2,0,16,0,0,16,0,8,0,0,0,0,0,3,3,26,1210,940,17,0,0,5,0.0,28,1,385,74,248,20,21532
2025-07-11,argo,com.maubis.markdown.segmenter,MultilineStartSegment,type,1,0,0.0,0,0.0,0,1,1,0,1,0,1,1,0.0,0,0,0,0,0.0,0,0.0,0,0,0.0,0,0.0,0.0,7,1,0.0,2,0,2,1,0,2,0,0,0,0,0,0,0,0,0,0,2,1.0,2,1.0,2,2,2,0,16,0,0,16,0,8,0,0,0,0,0,2,2,26,1210,940,17,0,0,5,0.0,28,1,385,74,248,20,21532
2025-07-11,argo,com.maubis.markdown.segmenter,TextSegmentConfig,getDefaultOutputConfig,1,0,0.0,1,1.0,0,0,2,0,3,0,1,0,0.0,0,0,0,1,0.0,1,2.0,0,0,0.0,0,0.0,0.0,76,0,0.0,0,2,0,0,2,0,0,0,0,0,2,2,0,0,0,0,0,0.0,0,0.0,0,0,2,0,16,0,0,16,0,8,0,0,2,0,2,3,5,26,1210,940,17,1,0,5,0.0,28,1,385,74,248,20,21532
2025-07-11,argo,com.maubis.markdown.segmenter,TextSegmenter,get,1,0,0.0,0,0.0,0,1,1,0,4,0,1,1,1.0,1,1,1,0,1.0,0,0.0,0,1,0.0,0,1.0,0.6666666666666666,88,74,0.5,2,3,0,0,0,1,3,0,3,0,0,2,0,0,1,0,13,0.6666666666666667,13,4.333333333333333,3,0,3,0,1,2,0,1,0,1,0,0,0,0,0,3,3,26,1210,940,17,0,3,29,4.333333333333333,28,1,385,74,248,20,21532
2025-07-11,argo,com.maubis.markdown.segmenter,TextSegmenter,processSegments,10,10,1.0,9,0.75,0,1,1,0,66,2,10,9,1.0,1,3,1,23,0.3,1,2.4390243902439024,0,1,0.0,0,1.0,0.6666666666666666,88,74,0.5,2,3,0,0,0,1,3,0,3,0,0,2,0,0,1,0,13,0.6666666666666667,13,4.333333333333333,3,0,3,0,1,2,0,1,0,1,0,0,0,0,0,3,3,26,1210,940,17,0,3,29,4.333333333333333,28,1,385,74,248,20,21532
2025-07-11,argo,com.maubis.markdown.segmenter,TextSegmenter,maybeAddCurrentSegment,2,0,0.0,2,1.0,0,1,1,0,8,1,2,0,1.0,0,2,1,6,2.0,0,2.6666666666666665,0,0,0.0,0,1.0,0.6666666666666666,88,74,0.5,2,3,0,0,0,1,3,0,3,0,0,2,0,0,1,0,13,0.6666666666666667,13,4.333333333333333,3,0,3,0,1,2,0,1,0,1,0,0,0,0,0,3,3,26,1210,940,17,0,3,29,4.333333333333333,28,1,385,74,248,20,21532
2025-07-11,argo,com.maubis.markdown.spans,CodeSegmentSpan,updateMeasureState,1,0,0.0,0,0.0,1,2,1,0,3,0,1,1,1.0,1,0,1,0,1.0,0,0.0,1,1,0.0,0,0.6,0.4,37,20,0.0,5,2,4,1,0,7,3,0,2,0,0,2,0,0,0,0,5,0.8,5,1.0,5,4,2,0,4,1,0,4,0,1,0,0,0,0,0,5,5,26,1210,940,7,0,5,2,1.8,12,1,255,74,248,18,21532
2025-07-11,argo,com.maubis.markdown.spans,CodeSegmentSpan,updateDrawState,1,0,0.0,0,0.0,1,2,1,0,3,0,1,1,1.0,1,0,1,0,1.0,0,0.0,1,1,0.0,0,0.6,0.4,37,20,0.0,5,2,4,1,0,7,3,0,2,0,0,2,0,0,0,0,5,0.8,5,1.0,5,4,2,0,4,1,0,4,0,1,0,0,0,0,0,5,5,26,1210,940,7,0,5,2,1.8,12,1,255,74,248,18,21532
2025-07-11,argo,com.maubis.markdown.spans,CodeSegmentSpan,setTextColor,1,0,0.0,0,0.0,1,2,1,0,4,0,1,0,1.0,0,0,0,0,1.0,0,2.0,1,0,0.0,0,0.6,0.4,37,20,0.0,5,2,4,1,0,7,3,0,2,0,0,2,0,0,0,0,5,0.8,5,1.0,5,4,2,0,4,1,0,4,0,1,0,0,0,0,0,5,5,26,1210,940,7,0,5,2,1.8,12,1,255,74,248,18,21532
2025-07-11,argo,com.maubis.markdown.spans,CodeSegmentSpan,getLeadingMargin,1,0,0.0,0,0.0,1,2,1,0,3,0,1,0,0.0,0,0,0,0,0.0,0,3.0,1,0,0.0,0,0.6,0.4,37,20,0.0,5,2,4,1,0,7,3,0,2,0,0,2,0,0,0,0,5,0.8,5,1.0,5,4,2,0,4,1,0,4,0,1,0,0,0,0,0,5,5,26,1210,940,7,0,5,2,1.8,12,1,255,74,248,18,21532
2025-07-11,argo,com.maubis.markdown.spans,CodeSegmentSpan,drawLeadingMargin,5,2,0.0,2,1.0,1,2,1,0,14,1,5,0,0.3333333333333333,0,2,3,2,0.14,1,2.25,12,1,0.0,0,0.6,0.4,37,20,0.0,5,2,4,1,0,7,3,0,2,0,0,2,0,0,0,0,5,0.8,5,1.0,5,4,2,0,4,1,0,4,0,1,0,0,0,0,0,5,5,26,1210,940,7,0,5,2,1.8,12,1,255,74,248,18,21532
2025-07-11,argo,com.maubis.markdown.spans,CodeSpan,updateMeasureState,1,0,0.0,0,0.0,1,1,1,0,3,0,1,1,0.0,1,0,1,0,0.0,0,0.0,1,1,0.0,0,0.0,0.6666666666666666,17,9,0.0,3,0,2,1,0,1,1,0,0,0,0,0,0,0,0,0,3,0.6666666666666667,3,1.0,3,2,0,0,2,1,0,2,0,1,0,0,0,0,0,3,3,26,1210,940,7,0,4,0,1.0,12,1,255,74,248,18,21532
2025-07-11,argo,com.maubis.markdown.spans,CodeSpan,updateDrawState,1,0,0.0,0,0.0,1,1,1,0,6,0,1,1,0.0,1,0,2,0,0.0,0,2.2857142857142856,1,1,0.0,0,0.0,0.6666666666666666,17,9,0.0,3,0,2,1,0,1,1,0,0,0,0,0,0,0,0,0,3,0.6666666666666667,3,1.0,3,2,0,0,2,1,0,2,0,1,0,0,0,0,0,3,3,26,1210,940,7,0,4,0,1.0,12,1,255,74,248,18,21532
2025-07-11,argo,com.maubis.markdown.spans,CodeSpan,setTextColor,1,0,0.0,0,0.0,1,1,1,0,4,0,1,0,0.0,0,0,1,0,0.0,0,2.0,1,0,0.0,0,0.0,0.6666666666666666,17,9,0.0,3,0,2,1,0,1,1,0,0,0,0,0,0,0,0,0,3,0.6666666666666667,3,1.0,3,2,0,0,2,1,0,2,0,1,0,0,0,0,0,3,3,26,1210,940,7,0,4,0,1.0,12,1,255,74,248,18,21532
2025-07-11,argo,com.maubis.markdown.spans,CustomTypefaceSpan,updateDrawState,1,0,1.0,0,0.0,0,0,1,0,3,0,1,1,0.0,1,0,1,0,0.0,0,0.0,1,1,0.0,0,0.0,0.3333333333333333,21,17,0.6666666666666666,3,0,2,1,0,3,1,0,0,0,0,0,0,0,0,0,5,0.6666666666666667,5,1.6666666666666667,3,2,0,0,2,1,0,2,0,1,0,0,0,0,0,3,3,26,1210,940,7,0,3,4,1.6666666666666667,12,1,255,74,248,18,21532
2025-07-11,argo,com.maubis.markdown.spans,CustomTypefaceSpan,updateMeasureState,1,0,1.0,0,0.0,0,0,1,0,3,0,1,1,0.0,1,0,1,0,0.0,0,0.0,1,1,0.0,0,0.0,0.3333333333333333,21,17,0.6666666666666666,3,0,2,1,0,3,1,0,0,0,0,0,0,0,0,0,5,0.6666666666666667,5,1.6666666666666667,3,2,0,0,2,1,0,2,0,1,0,0,0,0,0,3,3,26,1210,940,7,0,3,4,1.6666666666666667,12,1,255,74,248,18,21532
2025-07-11,argo,com.maubis.markdown.spans,CustomTypefaceSpan,applyTypeFace,3,2,0.0,3,0.6667,0,0,1,0,11,1,3,0,0.0,0,0,1,4,0.0,0,2.25,2,0,0.0,0,0.0,0.3333333333333333,21,17,0.6666666666666666,3,0,2,1,0,3,1,0,0,0,0,0,0,0,0,0,5,0.6666666666666667,5,1.6666666666666667,3,2,0,0,2,1,0,2,0,1,0,0,0,0,0,3,3,26,1210,940,7,0,3,4,1.6666666666666667,12,1,255,74,248,18,21532
2025-07-11,argo,com.maubis.markdown.spans,QuoteSegmentSpan,getLeadingMargin,1,0,0.0,0,0.0,2,1,1,0,3,0,1,0,0.0,0,0,0,0,0.0,0,3.0,1,0,0.0,0,0.0,0.5,20,10,0.0,2,2,2,1,0,6,3,0,2,0,0,2,0,0,0,0,2,1.0,2,1.0,2,2,2,0,2,0,0,2,0,1,0,0,0,0,0,2,2,26,1210,940,7,0,3,5,1.0,12,1,255,74,248,18,21532
2025-07-11,argo,com.maubis.markdown.spans,QuoteSegmentSpan,drawLeadingMargin,1,2,0.0,2,1.0,2,1,1,0,10,0,1,0,0.5,0,2,3,5,0.14,1,2.5,12,1,0.0,0,0.0,0.5,20,10,0.0,2,2,2,1,0,6,3,0,2,0,0,2,0,0,0,0,2,1.0,2,1.0,2,2,2,0,2,0,0,2,0,1,0,0,0,0,0,2,2,26,1210,940,7,0,3,5,1.0,12,1,255,74,248,18,21532
2025-07-11,argo,com.maubis.markdown.spans,SeparatorSegmentSpan,updateMeasureState,1,0,0.0,0,0.0,1,2,1,0,3,0,1,1,1.0,1,0,1,0,1.0,0,0.0,1,1,0.0,0,0.6,0.4,39,22,0.0,5,2,4,1,0,7,3,0,2,0,0,2,0,0,0,0,5,0.8,5,1.0,5,4,2,0,4,1,0,4,0,1,0,0,0,0,0,5,5,26,1210,940,7,0,6,3,1.8,12,1,255,74,248,18,21532
2025-07-11,argo,com.maubis.markdown.spans,SeparatorSegmentSpan,updateDrawState,1,0,0.0,0,0.0,1,2,1,0,3,0,1,1,1.0,1,0,1,0,1.0,0,0.0,1,1,0.0,0,0.6,0.4,39,22,0.0,5,2,4,1,0,7,3,0,2,0,0,2,0,0,0,0,5,0.8,5,1.0,5,4,2,0,4,1,0,4,0,1,0,0,0,0,0,5,5,26,1210,940,7,0,6,3,1.8,12,1,255,74,248,18,21532
2025-07-11,argo,com.maubis.markdown.spans,SeparatorSegmentSpan,setTextColor,1,0,0.0,0,0.0,1,2,1,0,4,0,1,0,1.0,0,0,1,0,1.0,0,2.6666666666666665,1,0,0.0,0,0.6,0.4,39,22,0.0,5,2,4,1,0,7,3,0,2,0,0,2,0,0,0,0,5,0.8,5,1.0,5,4,2,0,4,1,0,4,0,1,0,0,0,0,0,5,5,26,1210,940,7,0,6,3,1.8,12,1,255,74,248,18,21532
2025-07-11,argo,com.maubis.markdown.spans,SeparatorSegmentSpan,getLeadingMargin,1,0,0.0,0,0.0,1,2,1,0,3,0,1,0,0.0,0,0,0,0,0.0,0,4.0,1,0,0.0,0,0.6,0.4,39,22,0.0,5,2,4,1,0,7,3,0,2,0,0,2,0,0,0,0,5,0.8,5,1.0,5,4,2,0,4,1,0,4,0,1,0,0,0,0,0,5,5,26,1210,940,7,0,6,3,1.8,12,1,255,74,248,18,21532
2025-07-11,argo,com.maubis.markdown.spans,SeparatorSegmentSpan,drawLeadingMargin,5,4,0.0,2,1.0,1,2,1,0,16,1,5,0,0.3333333333333333,0,2,3,3,0.12,1,2.4444444444444446,12,1,0.0,0,0.6,0.4,39,22,0.0,5,2,4,1,0,7,3,0,2,0,0,2,0,0,0,0,5,0.8,5,1.0,5,4,2,0,4,1,0,4,0,1,0,0,0,0,0,5,5,26,1210,940,7,0,6,3,1.8,12,1,255,74,248,18,21532
2025-07-11,argo,com.bijoysingh.quicknote,Scarlet,onCreate,3,0,0.0,5,0.8,1,0,1,0,13,1,3,0,0.0,1,0,4,8,0.0,2,2.2222222222222223,0,2,0.0,0,0.0,1.0,25,13,0.0,1,0,1,1,0,0,2,0,0,0,3,0,4,0,4,0,1,0.0,1,1.0,1,1,0,4,1,0,0,1,1,1,0,0,0,0,0,1,1,26,1210,940,2,0,4,8,3.0,2,0,55,74,248,2,21532
2025-07-11,argo,com.bijoysingh.quicknote.database,RemoteDatabaseStateController,notifyInsert,3,0,2.0,2,1.0,0,0,1,0,8,2,3,3,0.0,2,0,0,5,0.0,0,2.0,2,0,0.0,0,0.0,1.0,167,152,0.5,10,0,2,1,0,7,4,0,0,0,0,0,0,0,0,0,25,0.4666666666666667,25,2.5,10,2,0,0,8,2,0,8,0,1,0,0,0,0,0,10,10,26,1210,940,9,0,7,82,3.1,47,4,955,74,248,12,21532
2025-07-11,argo,com.bijoysingh.quicknote.database,RemoteDatabaseStateController,notifyInsertIfNotPresent,7,1,1.0,1,1.0,0,0,1,0,24,2,7,3,0.0,1,0,0,14,0.0,0,3.0,1,0,0.0,0,0.0,1.0,167,152,0.5,10,0,2,1,0,7,4,0,0,0,0,0,0,0,0,0,25,0.4666666666666667,25,2.5,10,2,0,0,8,2,0,8,0,1,0,0,0,0,0,10,10,26,1210,940,9,0,7,82,3.1,47,4,955,74,248,12,21532
2025-07-11,argo,com.bijoysingh.quicknote.database,RemoteDatabaseStateController,notifyNoteInsertImpl,3,5,2.0,8,0.75,0,0,1,0,27,1,3,4,0.0,2,0,2,20,0.0,1,2.2941176470588234,2,2,0.0,0,0.0,1.0,167,152,0.5,10,0,2,1,0,7,4,0,0,0,0,0,0,0,0,0,25,0.4666666666666667,25,2.5,10,2,0,0,8,2,0,8,0,1,0,0,0,0,0,10,10,26,1210,940,9,0,7,82,3.1,47,4,955,74,248,12,21532
2025-07-11,argo,com.bijoysingh.quicknote.database,RemoteDatabaseStateController,notifyRemove,3,0,1.0,4,0.75,0,0,1,0,11,1,3,4,0.0,1,0,0,6,0.0,0,2.0,2,0,0.0,0,0.0,1.0,167,152,0.5,10,0,2,1,0,7,4,0,0,0,0,0,0,0,0,0,25,0.4666666666666667,25,2.5,10,2,0,0,8,2,0,8,0,1,0,0,0,0,0,10,10,26,1210,940,9,0,7,82,3.1,47,4,955,74,248,12,21532
2025-07-11,argo,com.bijoysingh.quicknote.database,RemoteDatabaseStateController,stopTrackingItem,3,0,1.0,4,0.75,0,0,1,0,11,1,3,4,0.0,1,0,0,6,0.0,0,2.0,2,0,0.0,0,0.0,1.0,167,152,0.5,10,0,2,1,0,7,4,0,0,0,0,0,0,0,0,0,25,0.4666666666666667,25,2.5,10,2,0,0,8,2,0,8,0,1,0,0,0,0,0,10,10,26,1210,940,9,0,7,82,3.1,47,4,955,74,248,12,21532
2025-07-11,argo,com.bijoysingh.quicknote.database,RemoteDatabaseStateController,notifyAttempt,4,4,0.0,2,1.0,0,0,1,0,19,1,4,0,0.0,0,0,1,5,0.0,1,2.0,2,1,0.0,0,0.0,1.0,167,152,0.5,10,0,2,1,0,7,4,0,0,0,0,0,0,0,0,0,25,0.4666666666666667,25,2.5,10,2,0,0,8,2,0,8,0,1,0,0,0,0,0,10,10,26,1210,940,9,0,7,82,3.1,47,4,955,74,248,12,21532
2025-07-11,argo,com.bijoysingh.quicknote.database,RemoteDatabaseStateController,remoteDatabaseUpdate,2,2,0.0,2,1.0,0,0,1,0,18,1,2,0,0.0,1,0,1,5,0.0,1,2.0,3,1,0.0,0,0.0,1.0,167,152,0.5,10,0,2,1,0,7,4,0,0,0,0,0,0,0,0,0,25,0.4666666666666667,25,2.5,10,2,0,0,8,2,0,8,0,1,0,0,0,0,0,10,10,26,1210,940,9,0,7,82,3.1,47,4,955,74,248,12,21532
2025-07-11,argo,com.bijoysingh.quicknote.database,RemoteDatabaseStateController,localDatabaseUpdate,2,2,0.0,3,1.0,0,0,1,0,18,1,2,0,0.0,1,0,1,7,0.0,1,2.2,4,1,0.0,0,0.0,1.0,167,152,0.5,10,0,2,1,0,7,4,0,0,0,0,0,0,0,0,0,25,0.4666666666666667,25,2.5,10,2,0,0,8,2,0,8,0,1,0,0,0,0,0,10,10,26,1210,940,9,0,7,82,3.1,47,4,955,74,248,12,21532
2025-07-11,argo,com.bijoysingh.quicknote.database,RemoteDatabaseStateController,localDatabaseRemove,3,2,0.0,2,1.0,0,0,1,0,12,2,3,0,0.0,0,0,1,5,0.0,1,2.3333333333333335,3,1,0.0,0,0.0,1.0,167,152,0.5,10,0,2,1,0,7,4,0,0,0,0,0,0,0,0,0,25,0.4666666666666667,25,2.5,10,2,0,0,8,2,0,8,0,1,0,0,0,0,0,10,10,26,1210,940,9,0,7,82,3.1,47,4,955,74,248,12,21532
2025-07-11,argo,com.bijoysingh.quicknote.database,RemoteDatabaseStateController,notifyImageIds,1,1,0.0,2,1.0,0,0,1,0,4,0,1,0,0.0,0,0,1,9,0.0,0,2.125,2,1,0.0,0,0.0,1.0,167,152,0.5,10,0,2,1,0,7,4,0,0,0,0,0,0,0,0,0,25,0.4666666666666667,25,2.5,10,2,0,0,8,2,0,8,0,1,0,0,0,0,0,10,10,26,1210,940,9,0,7,82,3.1,47,4,955,74,248,12,21532
2025-07-11,argo,com.bijoysingh.quicknote.database,RemoteUploadData,save,4,1,0.0,4,1.0,0,0,1,0,9,1,4,0,0.8333333333333334,0,3,1,6,1.5,2,2.0,1,1,0.0,0,0.0,0.0,35,12,0.0,2,10,0,0,7,2,1,0,0,0,7,0,0,0,10,0,3,0.0,3,1.5,2,0,11,0,11,0,0,11,2,3,0,0,0,0,0,2,2,26,1210,940,9,0,1,6,2.5,47,4,955,74,248,12,21532
2025-07-11,argo,com.bijoysingh.quicknote.database,RemoteUploadData,unsaved,1,0,0.0,0,0.0,0,0,1,0,3,0,1,0,1.0,0,1,0,0,1.0,0,0.0,0,0,0.0,0,0.0,0.0,35,12,0.0,2,10,0,0,7,2,1,0,0,0,7,0,0,0,10,0,3,0.0,3,1.5,2,0,11,0,11,0,0,11,2,3,0,0,0,0,0,2,2,26,1210,940,9,0,1,6,2.5,47,4,955,74,248,12,21532
2025-07-11,argo,com.bijoysingh.quicknote.drive,GDriveAuthenticator,setup,2,2,0.0,4,1.0,0,2,1,0,12,1,2,0,0.5,0,2,1,6,0.67,1,2.0,1,1,0.0,0,1.0,1.0,42,13,0.0,2,2,0,0,2,3,3,0,0,0,2,0,0,0,2,0,7,0.0,7,1.75,4,0,2,0,4,0,0,4,0,1,0,0,0,0,0,4,4,26,1210,940,13,0,3,14,1.75,56,0,1818,74,248,52,21532
2025-07-11,argo,com.bijoysingh.quicknote.drive,GDriveAuthenticator,isLoggedIn,2,0,0.0,3,1.0,0,2,1,0,8,1,2,0,0.8333333333333334,0,2,1,3,2.0,1,2.0,1,0,0.0,0,1.0,1.0,42,13,0.0,2,2,0,0,2,3,3,0,0,0,2,0,0,0,2,0,7,0.0,7,1.75,4,0,2,0,4,0,0,4,0,1,0,0,0,0,0,4,4,26,1210,940,13,0,3,14,1.75,56,0,1818,74,248,52,21532
2025-07-11,argo,com.bijoysingh.quicknote.drive,GDriveAuthenticator,userId,2,0,0.0,3,1.0,0,2,1,0,7,1,2,0,0.8,0,2,0,3,2.0,1,2.0,1,0,0.0,0,1.0,1.0,42,13,0.0,2,2,0,0,2,3,3,0,0,0,2,0,0,0,2,0,7,0.0,7,1.75,4,0,2,0,4,0,0,4,0,1,0,0,0,0,0,4,4,26,1210,940,13,0,3,14,1.75,56,0,1818,74,248,52,21532
2025-07-11,argo,com.bijoysingh.quicknote.drive,GDriveAuthenticator,logout,1,0,0.0,1,1.0,0,2,1,0,6,0,1,0,1.0,1,2,1,2,2.0,1,2.0,0,1,0.0,0,1.0,1.0,42,13,0.0,2,2,0,0,2,3,3,0,0,0,2,0,0,0,2,0,7,0.0,7,1.75,4,0,2,0,4,0,0,4,0,1,0,0,0,0,0,4,4,26,1210,940,13,0,3,14,1.75,56,0,1818,74,248,52,21532
2025-07-11,argo,com.bijoysingh.quicknote.drive,GDriveLoginActivity,onCreate,1,0,2.0,0,0.0,1,2,1,0,9,0,1,4,0.75,5,2,5,1,3.0,1,2.0,1,4,0.0,0,0.13333333333333333,0.8,107,58,0.25,8,7,5,1,2,6,11,1,1,0,2,1,0,0,6,0,13,0.9111111111111111,13,1.3,10,5,7,0,6,4,0,5,2,1,0,0,1,0,1,10,11,26,1210,940,13,0,16,57,1.6,56,0,1818,74,248,52,21532
2025-07-11,argo,com.bijoysingh.quicknote.drive,GDriveLoginActivity,resetNotesToUploadStateDB,1,1,0.0,2,1.0,1,2,1,0,8,0,1,0,0.0,0,0,1,12,0.0,0,3.375,0,1,0.0,0,0.13333333333333333,0.8,107,58,0.25,8,7,5,1,2,6,11,1,1,0,2,1,0,0,6,0,13,0.9111111111111111,13,1.3,10,5,7,0,6,4,0,5,2,1,0,0,1,0,1,10,11,26,1210,940,13,0,16,57,1.6,56,0,1818,74,248,52,21532
2025-07-11,argo,com.bijoysingh.quicknote.drive,GDriveLoginActivity,setupGoogleLogin,1,1,0.0,1,1.0,1,2,1,0,4,0,1,0,1.0,0,1,1,14,1.0,0,4.5,0,0,0.0,0,0.13333333333333333,0.8,107,58,0.25,8,7,5,1,2,6,11,1,1,0,2,1,0,0,6,0,13,0.9111111111111111,13,1.3,10,5,7,0,6,4,0,5,2,1,0,0,1,0,1,10,11,26,1210,940,13,0,16,57,1.6,56,0,1818,74,248,52,21532
2025-07-11,argo,com.bijoysingh.quicknote.drive,GDriveLoginActivity,signIn,1,1,0.0,1,1.0,1,2,1,0,4,0,1,1,1.0,0,2,1,3,2.0,0,3.0,0,1,0.0,0,0.13333333333333333,0.8,107,58,0.25,8,7,5,1,2,6,11,1,1,0,2,1,0,0,6,0,13,0.9111111111111111,13,1.3,10,5,7,0,6,4,0,5,2,1,0,0,1,0,1,10,11,26,1210,940,13,0,16,57,1.6,56,0,1818,74,248,52,21532
2025-07-11,argo,com.bijoysingh.quicknote.drive,GDriveLoginActivity,onBackPressed,2,0,0.0,1,1.0,1,2,1,0,5,1,2,0,1.0,1,1,0,1,1.0,1,2.0,0,0,0.0,0,0.13333333333333333,0.8,107,58,0.25,8,7,5,1,2,6,11,1,1,0,2,1,0,0,6,0,13,0.9111111111111111,13,1.3,10,5,7,0,6,4,0,5,2,1,0,0,1,0,1,10,11,26,1210,940,13,0,16,57,1.6,56,0,1818,74,248,52,21532
2025-07-11,argo,com.bijoysingh.quicknote.drive,GDriveLoginActivity,onActivityResult,5,2,1.0,2,1.0,1,2,1,0,16,3,5,1,0.16666666666666666,2,1,0,6,0.2,1,2.3333333333333335,3,0,0.0,0,0.13333333333333333,0.8,107,58,0.25,8,7,5,1,2,6,11,1,1,0,2,1,0,0,6,0,13,0.9111111111111111,13,1.3,10,5,7,0,6,4,0,5,2,1,0,0,1,0,1,10,11,26,1210,940,13,0,16,57,1.6,56,0,1818,74,248,52,21532
2025-07-11,argo,com.bijoysingh.quicknote.drive,GDriveLoginActivity,setButton,2,0,0.0,4,1.0,1,2,1,0,11,0,2,2,0.8181818181818182,2,4,2,10,4.0,2,2.25,1,1,0.0,0,0.13333333333333333,0.8,107,58,0.25,8,7,5,1,2,6,11,1,1,0,2,1,0,0,6,0,13,0.9111111111111111,13,1.3,10,5,7,0,6,4,0,5,2,1,0,0,1,0,1,10,11,26,1210,940,13,0,16,57,1.6,56,0,1818,74,248,52,21532
2025-07-11,argo,com.bijoysingh.quicknote.drive,GDriveLoginActivity,notifyThemeChange,1,0,0.0,0,0.0,1,2,1,0,3,0,1,0,0.0,0,0,1,1,0.0,0,0.0,0,1,0.0,0,0.13333333333333333,0.8,107,58,0.25,8,7,5,1,2,6,11,1,1,0,2,1,0,0,6,0,13,0.9111111111111111,13,1.3,10,5,7,0,6,4,0,5,2,1,0,0,1,0,1,10,11,26,1210,940,13,0,16,57,1.6,56,0,1818,74,248,52,21532
2025-07-11,argo,com.bijoysingh.quicknote.drive,GDriveLoginActivity,onLoginComplete,1,0,0.0,4,0.75,1,2,1,0,10,0,1,0,0.75,0,2,4,6,2.0,1,2.25,1,2,0.0,0,0.13333333333333333,0.8,107,58,0.25,8,7,5,1,2,6,11,1,1,0,2,1,0,0,6,0,13,0.9111111111111111,13,1.3,10,5,7,0,6,4,0,5,2,1,0,0,1,0,1,10,11,26,1210,940,13,0,16,57,1.6,56,0,1818,74,248,52,21532
2025-07-11,argo,com.bijoysingh.quicknote.drive,GDriveLoginActivity,getDriveHelper,1,2,0.0,1,1.0,1,2,1,0,3,0,1,0,0.0,0,1,1,3,0.5,0,2.5,0,0,0.0,0,0.13333333333333333,0.8,107,58,0.25,8,7,5,1,2,6,11,1,1,0,2,1,0,0,6,0,13,0.9111111111111111,13,1.3,10,5,7,0,6,4,0,5,2,1,0,0,1,0,1,10,11,26,1210,940,13,1,16,57,1.6,56,0,1818,74,248,52,21532
2025-07-11,argo,com.bijoysingh.quicknote.drive,GDriveLogoutActivity,onCreate,1,0,1.0,0,0.0,1,2,1,0,8,0,1,3,0.75,4,2,4,1,3.0,1,2.0,1,3,0.0,0,0.10714285714285714,0.625,61,28,0.3333333333333333,6,6,4,1,1,3,10,0,1,0,1,1,0,0,5,0,9,0.9642857142857143,9,1.125,8,4,6,0,5,3,0,5,1,1,0,0,0,0,0,8,8,26,1210,940,13,0,12,34,1.375,56,0,1818,74,248,52,21532
2025-07-11,argo,com.bijoysingh.quicknote.drive,GDriveLogoutActivity,setupGoogleLogin,1,1,0.0,1,1.0,1,2,1,0,4,0,1,0,1.0,0,1,1,14,1.0,0,4.5,0,0,0.0,0,0.10714285714285714,0.625,61,28,0.3333333333333333,6,6,4,1,1,3,10,0,1,0,1,1,0,0,5,0,9,0.9642857142857143,9,1.125,8,4,6,0,5,3,0,5,1,1,0,0,0,0,0,8,8,26,1210,940,13,0,12,34,1.375,56,0,1818,74,248,52,21532
2025-07-11,argo,com.bijoysingh.quicknote.drive,GDriveLogoutActivity,signOut,2,0,1.0,1,1.0,1,2,1,0,5,0,2,1,1.0,2,1,1,4,1.0,0,3.0,0,1,0.0,0,0.10714285714285714,0.625,61,28,0.3333333333333333,6,6,4,1,1,3,10,0,1,0,1,1,0,0,5,0,9,0.9642857142857143,9,1.125,8,4,6,0,5,3,0,5,1,1,0,0,0,0,0,8,8,26,1210,940,13,0,12,34,1.375,56,0,1818,74,248,52,21532
2025-07-11,argo,com.bijoysingh.quicknote.drive,GDriveLogoutActivity,onBackPressed,2,0,0.0,1,1.0,1,2,1,0,5,1,2,0,1.0,1,1,0,1,1.0,1,2.0,0,0,0.0,0,0.10714285714285714,0.625,61,28,0.3333333333333333,6,6,4,1,1,3,10,0,1,0,1,1,0,0,5,0,9,0.9642857142857143,9,1.125,8,4,6,0,5,3,0,5,1,1,0,0,0,0,0,8,8,26,1210,940,13,0,12,34,1.375,56,0,1818,74,248,52,21532
2025-07-11,argo,com.bijoysingh.quicknote.drive,GDriveLogoutActivity,setButton,2,0,0.0,3,1.0,1,2,1,0,8,0,2,2,0.75,2,3,2,7,3.0,2,2.4,1,1,0.0,0,0.10714285714285714,0.625,61,28,0.3333333333333333,6,6,4,1,1,3,10,0,1,0,1,1,0,0,5,0,9,0.9642857142857143,9,1.125,8,4,6,0,5,3,0,5,1,1,0,0,0,0,0,8,8,26,1210,940,13,0,12,34,1.375,56,0,1818,74,248,52,21532
2025-07-11,argo,com.bijoysingh.quicknote.drive,GDriveLogoutActivity,notifyThemeChange,1,0,0.0,0,0.0,1,2,1,0,3,0,1,0,0.0,0,0,1,1,0.0,0,0.0,0,1,0.0,0,0.10714285714285714,0.625,61,28,0.3333333333333333,6,6,4,1,1,3,10,0,1,0,1,1,0,0,5,0,9,0.9642857142857143,9,1.125,8,4,6,0,5,3,0,5,1,1,0,0,0,0,0,8,8,26,1210,940,13,0,12,34,1.375,56,0,1818,74,248,52,21532
2025-07-11,argo,com.bijoysingh.quicknote.drive,GDriveLogoutActivity,onSignOutComplete,1,0,0.0,1,1.0,1,2,1,0,4,0,1,0,0.0,0,0,2,3,0.0,2,3.0,0,2,0.0,0,0.10714285714285714,0.625,61,28,0.3333333333333333,6,6,4,1,1,3,10,0,1,0,1,1,0,0,5,0,9,0.9642857142857143,9,1.125,8,4,6,0,5,3,0,5,1,1,0,0,0,0,0,8,8,26,1210,940,13,0,12,34,1.375,56,0,1818,74,248,52,21532
2025-07-11,argo,com.bijoysingh.quicknote.drive,GDriveLogoutActivity,onConnectionFailed,1,0,0.0,1,1.0,1,2,1,0,3,0,1,0,0.0,0,0,1,3,0.0,0,2.5,1,1,0.0,0,0.10714285714285714,0.625,61,28,0.3333333333333333,6,6,4,1,1,3,10,0,1,0,1,1,0,0,5,0,9,0.9642857142857143,9,1.125,8,4,6,0,5,3,0,5,1,1,0,0,0,0,0,8,8,26,1210,940,13,0,12,34,1.375,56,0,1818,74,248,52,21532
2025-07-11,argo,com.bijoysingh.quicknote.drive,GDriveRemoteDatabase,initSyncs,1,0,0.0,5,1.0,0,2,1,0,7,0,1,0,0.0,0,0,2,17,0.0,1,3.0,0,0,0.0,0,0.0,0.6,43,27,0.3333333333333333,5,0,4,1,0,3,1,0,0,0,0,0,0,0,0,0,8,0.9,8,1.6,5,4,0,0,4,1,0,4,0,1,0,0,0,0,0,5,5,26,1210,940,13,0,3,24,2.0,56,0,1818,74,248,52,21532
2025-07-11,argo,com.bijoysingh.quicknote.drive,GDriveRemoteDatabase,getResourceIdForFolderName,3,1,0.0,1,1.0,0,2,1,0,7,1,3,1,0.0,1,0,0,2,0.0,1,2.0,1,0,0.0,0,0.0,0.6,43,27,0.3333333333333333,5,0,4,1,0,3,1,0,0,0,0,0,0,0,0,0,8,0.9,8,1.6,5,4,0,0,4,1,0,4,0,1,0,0,0,0,0,5,5,26,1210,940,13,0,3,24,2.0,56,0,1818,74,248,52,21532
2025-07-11,argo,com.bijoysingh.quicknote.drive,GDriveRemoteDatabase,storeResourceIdForFolderName,1,0,1.0,0,0.0,0,2,1,0,3,0,1,1,0.0,1,0,1,0,0.0,0,0.0,2,1,0.0,0,0.0,0.6,43,27,0.3333333333333333,5,0,4,1,0,3,1,0,0,0,0,0,0,0,0,0,8,0.9,8,1.6,5,4,0,0,4,1,0,4,0,1,0,0,0,0,0,5,5,26,1210,940,13,0,3,24,2.0,56,0,1818,74,248,52,21532
2025-07-11,argo,com.bijoysingh.quicknote.drive,GDriveRemoteDatabase,getResourceId,1,0,0.0,0,0.0,0,2,1,0,3,0,1,0,0.0,0,0,0,0,0.0,0,2.0,1,0,0.0,0,0.0,0.6,43,27,0.3333333333333333,5,0,4,1,0,3,1,0,0,0,0,0,0,0,0,0,8,0.9,8,1.6,5,4,0,0,4,1,0,4,0,1,0,0,0,0,0,5,5,26,1210,940,13,0,3,24,2.0,56,0,1818,74,248,52,21532
2025-07-11,argo,com.bijoysingh.quicknote.drive,GDriveRemoteDatabase,folderIdForFolderName,4,2,0.0,3,1.0,0,2,1,0,17,2,4,0,0.0,1,0,0,5,0.0,1,2.0,2,0,0.0,0,0.0,0.6,43,27,0.3333333333333333,5,0,4,1,0,3,1,0,0,0,0,0,0,0,0,0,8,0.9,8,1.6,5,4,0,0,4,1,0,4,0,1,0,0,0,0,0,5,5,26,1210,940,13,0,3,24,2.0,56,0,1818,74,248,52,21532
2025-07-11,argo,com.bijoysingh.quicknote.drive,GDriveRemoteFolder,initContentFolder,2,0,1.0,0,0.0,0,0,1,0,6,1,2,2,0.0,1,0,1,1,0.0,0,0.0,2,1,0.0,0,0.36363636363636365,0.75,206,173,0.5,12,10,5,1,0,5,15,0,10,0,0,3,0,0,7,0,27,0.5757575757575757,27,2.25,12,5,10,0,5,7,0,5,0,1,0,0,0,0,0,12,12,26,1210,940,13,0,8,89,3.3,56,0,1818,74,248,52,21532
2025-07-11,argo,com.bijoysingh.quicknote.drive,GDriveRemoteFolder,initDeletedFolder,1,0,1.0,0,0.0,0,0,1,0,3,0,1,2,0.0,1,0,1,0,0.0,0,0.0,2,1,0.0,0,0.36363636363636365,0.75,206,173,0.5,12,10,5,1,0,5,15,0,10,0,0,3,0,0,7,0,27,0.5757575757575757,27,2.25,12,5,10,0,5,7,0,5,0,1,0,0,0,0,0,12,12,26,1210,940,13,0,8,89,3.3,56,0,1818,74,248,52,21532
2025-07-11,argo,com.bijoysingh.quicknote.drive,GDriveRemoteFolder,insert,1,0,0.0,1,1.0,0,0,1,0,3,0,1,2,0.0,2,0,1,1,0.0,0,2.0,2,1,0.0,0,0.36363636363636365,0.75,206,173,0.5,12,10,5,1,0,5,15,0,10,0,0,3,0,0,7,0,27,0.5757575757575757,27,2.25,12,5,10,0,5,7,0,5,0,1,0,0,0,0,0,12,12,26,1210,940,13,0,8,89,3.3,56,0,1818,74,248,52,21532
2025-07-11,argo,com.bijoysingh.quicknote.drive,GDriveRemoteFolder,delete,1,0,0.0,1,1.0,0,0,1,0,3,0,1,2,0.0,2,0,1,1,0.0,0,2.0,1,1,0.0,0,0.36363636363636365,0.75,206,173,0.5,12,10,5,1,0,5,15,0,10,0,0,3,0,0,7,0,27,0.5757575757575757,27,2.25,12,5,10,0,5,7,0,5,0,1,0,0,0,0,0,12,12,26,1210,940,13,0,8,89,3.3,56,0,1818,74,248,52,21532
2025-07-11,argo,com.bijoysingh.quicknote.drive,GDriveRemoteFolder,invalidate,1,0,0.0,2,1.0,0,0,1,0,12,0,1,8,1.0,0,10,1,8,10.0,1,2.0,0,0,0.0,0,0.36363636363636365,0.75,206,173,0.5,12,10,5,1,0,5,15,0,10,0,0,3,0,0,7,0,27,0.5757575757575757,27,2.25,12,5,10,0,5,7,0,5,0,1,0,0,0,0,0,12,12,26,1210,940,13,0,8,89,3.3,56,0,1818,74,248,52,21532
2025-07-11,argo,com.bijoysingh.quicknote.drive,GDriveRemoteFolder,initContentFolderId,3,2,3.0,11,0.75,0,0,1,0,26,0,3,3,0.8,3,5,1,17,1.25,1,2.176470588235294,2,1,0.0,0,0.36363636363636365,0.75,206,173,0.5,12,10,5,1,0,5,15,0,10,0,0,3,0,0,7,0,27,0.5757575757575757,27,2.25,12,5,10,0,5,7,0,5,0,1,0,0,0,0,0,12,12,26,1210,940,13,0,8,89,3.3,56,0,1818,74,248,52,21532
2025-07-11,argo,com.bijoysingh.quicknote.drive,GDriveRemoteFolder,initDeletedFolderId,4,2,3.0,12,0.6923,0,0,1,0,34,1,4,16,0.7142857142857143,3,5,1,22,1.25,1,2.260869565217391,2,1,0.0,0,0.36363636363636365,0.75,206,173,0.5,12,10,5,1,0,5,15,0,10,0,0,3,0,0,7,0,27,0.5757575757575757,27,2.25,12,5,10,0,5,7,0,5,0,1,0,0,0,0,0,12,12,26,1210,940,13,0,8,89,3.3,56,0,1818,74,248,52,21532
2025-07-11,argo,com.bijoysingh.quicknote.drive,GDriveRemoteFolder,executeAllDuplicateDeletion,1,1,0.0,3,0.6667,0,0,1,0,6,0,1,0,1.0,0,1,1,5,1.0,1,2.0,0,1,0.0,0,0.36363636363636365,0.75,206,173,0.5,12,10,5,1,0,5,15,0,10,0,0,3,0,0,7,0,27,0.5757575757575757,27,2.25,12,5,10,0,5,7,0,5,0,1,0,0,0,0,0,12,12,26,1210,940,13,0,8,89,3.3,56,0,1818,74,248,52,21532
2025-07-11,argo,com.bijoysingh.quicknote.drive,GDriveRemoteFolder,executeInsertPendingActions,3,1,1.0,1,1.0,0,0,1,0,11,1,3,2,1.0,2,3,0,4,3.0,2,2.0,0,0,0.0,0,0.36363636363636365,0.75,206,173,0.5,12,10,5,1,0,5,15,0,10,0,0,3,0,0,7,0,27,0.5757575757575757,27,2.25,12,5,10,0,5,7,0,5,0,1,0,0,0,0,0,12,12,26,1210,940,13,0,8,89,3.3,56,0,1818,74,248,52,21532
2025-07-11,argo,com.bijoysingh.quicknote.drive,GDriveRemoteFolder,executeDeletePendingActions,2,0,1.0,2,1.0,0,0,1,0,6,1,2,4,1.0,2,3,0,4,3.0,2,2.0,0,0,0.0,0,0.36363636363636365,0.75,206,173,0.5,12,10,5,1,0,5,15,0,10,0,0,3,0,0,7,0,27,0.5757575757575757,27,2.25,12,5,10,0,5,7,0,5,0,1,0,0,0,0,0,12,12,26,1210,940,13,0,8,89,3.3,56,0,1818,74,248,52,21532
2025-07-11,argo,com.bijoysingh.quicknote.drive,GDriveRemoteFolder,insert,8,5,0.0,9,0.8,0,0,1,0,28,2,8,4,0.45,0,6,1,15,0.86,2,2.0714285714285716,2,1,0.0,0,0.36363636363636365,0.75,206,173,0.5,12,10,5,1,0,5,15,0,10,0,0,3,0,0,7,0,27,0.5757575757575757,27,2.25,12,5,10,0,5,7,0,5,0,1,0,0,0,0,0,12,12,26,1210,940,13,0,8,89,3.3,56,0,1818,74,248,52,21532
2025-07-11,argo,com.bijoysingh.quicknote.drive,GDriveRemoteFolder,delete,8,3,0.0,6,0.875,0,0,1,0,35,2,8,2,0.5,2,6,1,13,1.5,2,2.142857142857143,1,1,0.0,0,0.36363636363636365,0.75,206,173,0.5,12,10,5,1,0,5,15,0,10,0,0,3,0,0,7,0,27,0.5757575757575757,27,2.25,12,5,10,0,5,7,0,5,0,1,0,0,0,0,0,12,12,26,1210,940,13,0,8,89,3.3,56,0,1818,74,248,52,21532
2025-07-11,argo,com.bijoysingh.quicknote.drive,GDriveRemoteFolderBase,notifyDriveData,1,1,0.0,1,1.0,0,0,1,0,4,0,1,2,0.0,2,0,1,2,0.0,0,2.5,2,1,0.0,0,0.0,1.0,50,47,0.0,2,0,0,1,0,4,2,0,0,0,0,0,0,0,0,2,6,0.0,6,3.0,2,0,0,0,0,0,2,0,0,0,0,0,0,0,0,2,2,26,1210,940,13,0,1,9,5.0,56,0,1818,74,248,52,21532
2025-07-11,argo,com.bijoysingh.quicknote.drive,GDriveRemoteFolderBase,notifyDriveData,5,1,0.0,5,0.4,0,0,1,0,43,1,5,0,0.0,0,0,1,9,0.0,1,2.0,4,1,0.0,0,0.0,1.0,50,47,0.0,2,0,0,1,0,4,2,0,0,0,0,0,0,0,0,2,6,0.0,6,3.0,2,0,0,0,0,0,2,0,0,0,0,0,0,0,0,2,2,26,1210,940,13,0,1,9,5.0,56,0,1818,74,248,52,21532
2025-07-11,argo,com.bijoysingh.quicknote.drive,ImageUUID,name,1,0,0.0,0,0.0,0,0,1,0,1,0,1,0,0.0,0,0,0,0,0.0,0,0.0,0,0,0.0,0,0.0,0.3333333333333333,14,10,0.0,3,0,2,0,0,4,0,0,0,0,0,0,0,0,0,0,4,1.0,4,1.3333333333333333,3,2,6,0,8,3,0,8,0,2,0,0,0,0,0,3,3,26,1210,940,13,0,6,51,3.8,56,0,1818,74,248,52,21532
2025-07-11,argo,com.bijoysingh.quicknote.drive,ImageUUID,equals,2,0,0.0,0,0.0,0,0,1,0,6,1,2,0,0.0,0,0,0,1,0.0,0,2.0,1,0,0.0,0,0.0,0.3333333333333333,14,10,0.0,3,0,2,0,0,4,0,0,0,0,0,0,0,0,0,0,4,1.0,4,1.3333333333333333,3,2,6,0,8,3,0,8,0,2,0,0,0,0,0,3,3,26,1210,940,13,0,6,51,3.8,56,0,1818,74,248,52,21532
2025-07-11,argo,com.bijoysingh.quicknote.drive,ImageUUID,hashCode,1,0,0.0,1,1.0,0,0,1,0,3,0,1,0,0.0,0,0,0,1,0.0,1,2.0,0,0,0.0,0,0.0,0.3333333333333333,14,10,0.0,3,0,2,0,0,4,0,0,0,0,0,0,0,0,0,0,4,1.0,4,1.3333333333333333,3,2,6,0,8,3,0,8,0,2,0,0,0,0,0,3,3,26,1210,940,13,0,6,51,3.8,56,0,1818,74,248,52,21532
2025-07-11,argo,com.bijoysingh.quicknote.drive,GDriveRemoteImageFolder,initContentFolder,2,0,1.0,0,0.0,0,0,1,0,6,1,2,2,0.0,1,0,1,1,0.0,0,0.0,2,1,0.0,0,0.0,0.3333333333333333,128,106,0.25,8,6,5,1,0,6,8,0,6,0,0,5,0,0,1,0,21,0.3928571428571429,22,2.75,8,5,6,0,8,3,0,8,0,2,0,0,0,0,0,8,8,26,1210,940,13,0,6,51,3.8,56,0,1818,74,248,52,21532
2025-07-11,argo,com.bijoysingh.quicknote.drive,GDriveRemoteImageFolder,initDeletedFolder,0,0,1.0,0,0.0,0,0,1,0,0,0,0,0,0.0,0,0,0,0,0.0,0,0.0,2,0,0.0,0,0.0,0.3333333333333333,128,106,0.25,8,6,5,1,0,6,8,0,6,0,0,5,0,0,1,0,21,0.3928571428571429,22,2.75,8,5,6,0,8,3,0,8,0,2,0,0,0,0,0,8,8,26,1210,940,13,0,6,51,3.8,56,0,1818,74,248,52,21532
2025-07-11,argo,com.bijoysingh.quicknote.drive,GDriveRemoteImageFolder,insert,2,1,1.0,1,1.0,0,0,1,0,6,1,2,2,0.0,2,0,0,2,0.0,0,2.0,2,0,0.0,0,0.0,0.3333333333333333,128,106,0.25,8,6,5,1,0,6,8,0,6,0,0,5,0,0,1,0,21,0.3928571428571429,22,2.75,8,5,6,0,8,3,0,8,0,2,0,0,0,0,0,8,8,26,1210,940,13,0,6,51,3.8,56,0,1818,74,248,52,21532
2025-07-11,argo,com.bijoysingh.quicknote.drive,GDriveRemoteImageFolder,delete,2,1,0.0,1,1.0,0,0,1,0,6,1,2,2,0.0,2,0,0,2,0.0,0,2.0,1,0,0.0,0,0.0,0.3333333333333333,128,106,0.25,8,6,5,1,0,6,8,0,6,0,0,5,0,0,1,0,21,0.3928571428571429,22,2.75,8,5,6,0,8,3,0,8,0,2,0,0,0,0,0,8,8,26,1210,940,13,0,6,51,3.8,56,0,1818,74,248,52,21532
2025-07-11,argo,com.bijoysingh.quicknote.drive,GDriveRemoteImageFolder,invalidate,1,0,0.0,2,1.0,0,0,1,0,8,0,1,2,1.0,0,6,1,5,6.0,1,2.0,0,0,0.0,0,0.0,0.3333333333333333,128,106,0.25,8,6,5,1,0,6,8,0,6,0,0,5,0,0,1,0,21,0.3928571428571429,22,2.75,8,5,6,0,8,3,0,8,0,2,0,0,0,0,0,8,8,26,1210,940,13,0,6,51,3.8,56,0,1818,74,248,52,21532
2025-07-11,argo,com.bijoysingh.quicknote.drive,GDriveRemoteImageFolder,initContentFolderId,3,2,0.0,4,0.8,0,0,1,0,18,2,3,0,0.7142857142857143,0,4,2,9,1.0,1,2.111111111111111,2,1,0.0,0,0.0,0.3333333333333333,128,106,0.25,8,6,5,1,0,6,8,0,6,0,0,5,0,0,1,0,21,0.3928571428571429,22,2.75,8,5,6,0,8,3,0,8,0,2,0,0,0,0,0,8,8,26,1210,940,13,0,6,51,3.8,56,0,1818,74,248,52,21532
2025-07-11,argo,com.bijoysingh.quicknote.drive,GDriveRemoteImageFolder,insert,7,4,1.0,9,1.0,0,0,1,0,35,2,7,0,0.4,2,5,1,22,1.0,1,2.3333333333333335,1,1,0.0,0,0.0,0.3333333333333333,128,106,0.25,8,6,5,1,0,6,8,0,6,0,0,5,0,0,1,0,21,0.3928571428571429,22,2.75,8,5,6,0,8,3,0,8,0,2,0,0,0,0,0,8,8,26,1210,940,13,0,6,51,3.8,56,0,1818,74,248,52,21532
2025-07-11,argo,com.bijoysingh.quicknote.drive,GDriveRemoteImageFolder,delete,6,4,0.0,8,1.0,0,0,1,0,27,2,6,2,0.46153846153846156,2,4,1,12,1.0,1,2.1333333333333333,1,1,0.0,0,0.0,0.3333333333333333,128,106,0.25,8,6,5,1,0,6,8,0,6,0,0,5,0,0,1,0,21,0.3928571428571429,22,2.75,8,5,6,0,8,3,0,8,0,2,0,0,0,0,0,8,8,26,1210,940,13,0,6,51,3.8,56,0,1818,74,248,52,21532
2025-07-11,argo,com.bijoysingh.quicknote.firebase.activity,FirebaseLoginActivity,onCreate,1,0,1.0,1,1.0,1,2,1,0,9,0,1,3,0.8,4,3,5,2,4.0,1,2.0,1,3,0.0,0,0.14545454545454545,0.8181818181818182,112,67,0.4444444444444444,9,7,4,1,1,7,13,0,1,0,1,1,0,0,6,0,18,0.8909090909090909,18,1.6363636363636365,11,4,7,0,4,7,0,3,1,1,0,0,0,0,0,12,12,26,1210,940,4,0,17,47,1.9090909090909092,24,0,818,74,248,26,21532
2025-07-11,argo,com.bijoysingh.quicknote.firebase.activity,FirebaseLoginActivity,setButton,3,0,0.0,5,1.0,1,2,1,0,15,1,3,2,0.7777777777777778,2,3,2,10,3.0,2,2.2857142857142856,1,1,0.0,0,0.14545454545454545,0.8181818181818182,112,67,0.4444444444444444,9,7,4,1,1,7,13,0,1,0,1,1,0,0,6,0,18,0.8909090909090909,18,1.6363636363636365,11,4,7,0,4,7,0,3,1,1,0,0,0,0,0,12,12,26,1210,940,4,0,17,47,1.9090909090909092,24,0,818,74,248,26,21532
2025-07-11,argo,com.bijoysingh.quicknote.firebase.activity,FirebaseLoginActivity,setupGoogleLogin,1,1,0.0,2,1.0,1,2,1,0,4,0,1,0,1.0,0,1,1,10,1.0,1,6.0,0,0,0.0,0,0.14545454545454545,0.8181818181818182,112,67,0.4444444444444444,9,7,4,1,1,7,13,0,1,0,1,1,0,0,6,0,18,0.8909090909090909,18,1.6363636363636365,11,4,7,0,4,7,0,3,1,1,0,0,0,0,0,12,12,26,1210,940,4,0,17,47,1.9090909090909092,24,0,818,74,248,26,21532
2025-07-11,argo,com.bijoysingh.quicknote.firebase.activity,FirebaseLoginActivity,signIn,1,1,0.0,0,0.0,1,2,1,0,4,0,1,1,1.0,0,2,1,1,2.0,0,2.0,0,1,0.0,0,0.14545454545454545,0.8181818181818182,112,67,0.4444444444444444,9,7,4,1,1,7,13,0,1,0,1,1,0,0,6,0,18,0.8909090909090909,18,1.6363636363636365,11,4,7,0,4,7,0,3,1,1,0,0,0,0,0,12,12,26,1210,940,4,0,17,47,1.9090909090909092,24,0,818,74,248,26,21532
2025-07-11,argo,com.bijoysingh.quicknote.firebase.activity,FirebaseLoginActivity,onBackPressed,2,0,0.0,1,1.0,1,2,1,0,5,1,2,0,1.0,1,1,0,1,1.0,1,2.0,0,0,0.0,0,0.14545454545454545,0.8181818181818182,112,67,0.4444444444444444,9,7,4,1,1,7,13,0,1,0,1,1,0,0,6,0,18,0.8909090909090909,18,1.6363636363636365,11,4,7,0,4,7,0,3,1,1,0,0,0,0,0,12,12,26,1210,940,4,0,17,47,1.9090909090909092,24,0,818,74,248,26,21532
2025-07-11,argo,com.bijoysingh.quicknote.firebase.activity,FirebaseLoginActivity,onActivityResult,2,1,1.0,1,1.0,1,2,1,0,7,1,2,1,0.16666666666666666,2,1,0,2,0.25,1,2.0,3,0,0.0,0,0.14545454545454545,0.8181818181818182,112,67,0.4444444444444444,9,7,4,1,1,7,13,0,1,0,1,1,0,0,6,0,18,0.8909090909090909,18,1.6363636363636365,11,4,7,0,4,7,0,3,1,1,0,0,0,0,0,12,12,26,1210,940,4,0,17,47,1.9090909090909092,24,0,818,74,248,26,21532
2025-07-11,argo,com.bijoysingh.quicknote.firebase.activity,FirebaseLoginActivity,handleSignInResult,4,1,2.0,1,1.0,1,2,1,0,12,2,4,2,0.0,2,0,1,5,0.5,0,3.0,1,1,0.0,0,0.14545454545454545,0.8181818181818182,112,67,0.4444444444444444,9,7,4,1,1,7,13,0,1,0,1,1,0,0,6,0,18,0.8909090909090909,18,1.6363636363636365,11,4,7,0,4,7,0,3,1,1,0,0,0,0,0,12,12,26,1210,940,4,0,17,47,1.9090909090909092,24,0,818,74,248,26,21532
2025-07-11,argo,com.bijoysingh.quicknote.firebase.activity,FirebaseLoginActivity,firebaseAuthWithGoogle,3,2,2.0,4,1.0,1,2,1,0,14,1,3,2,0.6666666666666666,2,1,0,7,0.33,1,2.4,1,0,0.0,0,0.14545454545454545,0.8181818181818182,112,67,0.4444444444444444,9,7,4,1,1,7,13,0,1,0,1,1,0,0,6,0,18,0.8909090909090909,18,1.6363636363636365,11,4,7,0,4,7,0,3,1,1,0,0,0,0,0,12,12,26,1210,940,4,0,17,47,1.9090909090909092,24,0,818,74,248,26,21532
2025-07-11,argo,com.bijoysingh.quicknote.firebase.activity,FirebaseLoginActivity,onLoginSuccess,2,0,0.0,3,1.0,1,2,1,0,9,1,2,1,0.25,1,1,4,5,1.0,1,2.3333333333333335,1,4,0.0,0,0.14545454545454545,0.8181818181818182,112,67,0.4444444444444444,9,7,4,1,1,7,13,0,1,0,1,1,0,0,6,0,18,0.8909090909090909,18,1.6363636363636365,11,4,7,0,4,7,0,3,1,1,0,0,0,0,0,12,12,26,1210,940,4,0,17,47,1.9090909090909092,24,0,818,74,248,26,21532
2025-07-11,argo,com.bijoysingh.quicknote.firebase.activity,FirebaseLoginActivity,onLoginFailure,1,0,0.0,1,1.0,1,2,1,0,4,0,1,1,1.0,1,1,2,3,1.0,0,2.5,0,2,0.0,0,0.14545454545454545,0.8181818181818182,112,67,0.4444444444444444,9,7,4,1,1,7,13,0,1,0,1,1,0,0,6,0,18,0.8909090909090909,18,1.6363636363636365,11,4,7,0,4,7,0,3,1,1,0,0,0,0,0,12,12,26,1210,940,4,0,17,47,1.9090909090909092,24,0,818,74,248,26,21532
2025-07-11,argo,com.bijoysingh.quicknote.firebase.activity,FirebaseLoginActivity,notifyThemeChange,1,0,0.0,0,0.0,1,2,1,0,3,0,1,0,0.0,0,0,1,1,0.0,0,0.0,0,1,0.0,0,0.14545454545454545,0.8181818181818182,112,67,0.4444444444444444,9,7,4,1,1,7,13,0,1,0,1,1,0,0,6,0,18,0.8909090909090909,18,1.6363636363636365,11,4,7,0,4,7,0,3,1,1,0,0,0,0,0,12,12,26,1210,940,4,0,17,47,1.9090909090909092,24,0,818,74,248,26,21532
2025-07-11,argo,com.bijoysingh.quicknote.firebase.activity,FirebaseRemovalActivity,onCreate,1,0,1.0,0,0.0,1,2,1,0,8,0,1,3,0.75,4,2,4,1,3.0,1,2.0,1,3,0.0,0,0.3333333333333333,0.5714285714285714,71,28,0.2,5,5,4,1,1,4,7,0,0,0,1,0,0,0,5,0,13,0.8571428571428572,13,1.8571428571428572,7,4,5,0,4,3,0,4,1,1,0,0,0,0,0,7,7,26,1210,940,4,0,10,43,1.8571428571428572,24,0,818,74,248,26,21532
2025-07-11,argo,com.bijoysingh.quicknote.firebase.activity,FirebaseRemovalActivity,setButton,5,0,0.0,7,1.0,1,2,1,0,21,3,5,2,0.8333333333333334,1,4,2,17,4.0,3,2.3636363636363638,1,1,0.0,0,0.3333333333333333,0.5714285714285714,71,28,0.2,5,5,4,1,1,4,7,0,0,0,1,0,0,0,5,0,13,0.8571428571428572,13,1.8571428571428572,7,4,5,0,4,3,0,4,1,1,0,0,0,0,0,7,7,26,1210,940,4,0,10,43,1.8571428571428572,24,0,818,74,248,26,21532
2025-07-11,argo,com.bijoysingh.quicknote.firebase.activity,FirebaseRemovalActivity,setupGoogleLogin,1,1,0.0,1,1.0,1,2,1,0,4,0,1,0,1.0,0,1,1,12,1.0,0,4.0,0,0,0.0,0,0.3333333333333333,0.5714285714285714,71,28,0.2,5,5,4,1,1,4,7,0,0,0,1,0,0,0,5,0,13,0.8571428571428572,13,1.8571428571428572,7,4,5,0,4,3,0,4,1,1,0,0,0,0,0,7,7,26,1210,940,4,0,10,43,1.8571428571428572,24,0,818,74,248,26,21532
2025-07-11,argo,com.bijoysingh.quicknote.firebase.activity,FirebaseRemovalActivity,signOut,3,0,0.0,5,0.8,1,2,1,0,11,1,3,1,0.6666666666666666,1,2,1,9,2.0,1,2.2857142857142856,1,1,0.0,0,0.3333333333333333,0.5714285714285714,71,28,0.2,5,5,4,1,1,4,7,0,0,0,1,0,0,0,5,0,13,0.8571428571428572,13,1.8571428571428572,7,4,5,0,4,3,0,4,1,1,0,0,0,0,0,7,7,26,1210,940,4,0,10,43,1.8571428571428572,24,0,818,74,248,26,21532
2025-07-11,argo,com.bijoysingh.quicknote.firebase.activity,FirebaseRemovalActivity,onConnectionFailed,1,0,0.0,1,1.0,1,2,1,0,3,0,1,0,1.0,0,1,1,3,1.0,0,2.0,1,1,0.0,0,0.3333333333333333,0.5714285714285714,71,28,0.2,5,5,4,1,1,4,7,0,0,0,1,0,0,0,5,0,13,0.8571428571428572,13,1.8571428571428572,7,4,5,0,4,3,0,4,1,1,0,0,0,0,0,7,7,26,1210,940,4,0,10,43,1.8571428571428572,24,0,818,74,248,26,21532
2025-07-11,argo,com.bijoysingh.quicknote.firebase.activity,FirebaseRemovalActivity,onBackPressed,1,0,0.0,0,0.0,1,2,1,0,3,0,1,0,0.0,1,0,0,0,0.0,1,2.0,0,0,0.0,0,0.3333333333333333,0.5714285714285714,71,28,0.2,5,5,4,1,1,4,7,0,0,0,1,0,0,0,5,0,13,0.8571428571428572,13,1.8571428571428572,7,4,5,0,4,3,0,4,1,1,0,0,0,0,0,7,7,26,1210,940,4,0,10,43,1.8571428571428572,24,0,818,74,248,26,21532
2025-07-11,argo,com.bijoysingh.quicknote.firebase.activity,FirebaseRemovalActivity,notifyThemeChange,1,0,0.0,0,0.0,1,2,1,0,3,0,1,0,0.0,0,0,1,1,0.0,0,0.0,0,1,0.0,0,0.3333333333333333,0.5714285714285714,71,28,0.2,5,5,4,1,1,4,7,0,0,0,1,0,0,0,5,0,13,0.8571428571428572,13,1.8571428571428572,7,4,5,0,4,3,0,4,1,1,0,0,0,0,0,7,7,26,1210,940,4,0,10,43,1.8571428571428572,24,0,818,74,248,26,21532
2025-07-11,argo,com.bijoysingh.quicknote.firebase.activity,ForgetMeActivity,onCreate,12,3,1.0,7,0.875,1,1,1,0,27,4,12,2,0.8571428571428571,3,3,2,20,0.75,1,2.6923076923076925,1,2,0.0,0,0.07142857142857142,0.875,114,71,0.5714285714285714,7,5,3,1,3,6,8,1,1,0,4,4,1,0,2,0,18,0.8214285714285714,19,2.375,8,3,5,1,3,4,1,2,1,1,0,0,1,0,1,8,9,26,1210,940,4,0,7,56,3.4285714285714284,24,0,818,74,248,26,21532
2025-07-11,argo,com.bijoysingh.quicknote.firebase.activity,ForgetMeActivity,notifyThemeChange,0,0,2.0,0,0.0,1,1,1,0,0,0,0,0,0.0,0,0,0,0,0.0,0,0.0,0,0,0.0,0,0.07142857142857142,0.875,114,71,0.5714285714285714,7,5,3,1,3,6,8,1,1,0,4,4,1,0,2,0,18,0.8214285714285714,19,2.375,8,3,5,1,3,4,1,2,1,1,0,0,1,0,1,8,9,26,1210,940,4,0,7,56,3.4285714285714284,24,0,818,74,248,26,21532
2025-07-11,argo,com.bijoysingh.quicknote.firebase.activity,ForgetMeActivity,setupGoogleLogin,1,1,0.0,2,1.0,1,1,1,0,4,0,1,0,1.0,0,1,1,8,1.0,1,5.0,0,0,0.0,0,0.07142857142857142,0.875,114,71,0.5714285714285714,7,5,3,1,3,6,8,1,1,0,4,4,1,0,2,0,18,0.8214285714285714,19,2.375,8,3,5,1,3,4,1,2,1,1,0,0,1,0,1,8,9,26,1210,940,4,0,7,56,3.4285714285714284,24,0,818,74,248,26,21532
2025-07-11,argo,com.bijoysingh.quicknote.firebase.activity,ForgetMeActivity,reauthAndDelete,1,1,0.0,0,0.0,1,1,1,0,4,0,1,0,1.0,0,2,1,1,2.0,0,2.0,0,1,0.0,0,0.07142857142857142,0.875,114,71,0.5714285714285714,7,5,3,1,3,6,8,1,1,0,4,4,1,0,2,0,18,0.8214285714285714,19,2.375,8,3,5,1,3,4,1,2,1,1,0,0,1,0,1,8,9,26,1210,940,4,0,7,56,3.4285714285714284,24,0,818,74,248,26,21532
2025-07-11,argo,com.bijoysingh.quicknote.firebase.activity,ForgetMeActivity,onActivityResult,2,1,1.0,1,1.0,1,1,1,0,7,1,2,1,0.16666666666666666,2,1,0,2,0.25,1,2.0,3,0,0.0,0,0.07142857142857142,0.875,114,71,0.5714285714285714,7,5,3,1,3,6,8,1,1,0,4,4,1,0,2,0,18,0.8214285714285714,19,2.375,8,3,5,1,3,4,1,2,1,1,0,0,1,0,1,8,9,26,1210,940,4,0,7,56,3.4285714285714284,24,0,818,74,248,26,21532
2025-07-11,argo,com.bijoysingh.quicknote.firebase.activity,ForgetMeActivity,handleSignInResult,4,1,1.0,2,1.0,1,1,1,0,12,2,4,1,0.0,1,0,1,8,0.0,0,2.6666666666666665,1,1,0.0,0,0.07142857142857142,0.875,114,71,0.5714285714285714,7,5,3,1,3,6,8,1,1,0,4,4,1,0,2,0,18,0.8214285714285714,19,2.375,8,3,5,1,3,4,1,2,1,1,0,0,1,0,1,8,9,26,1210,940,4,0,7,56,3.4285714285714284,24,0,818,74,248,26,21532
2025-07-11,argo,com.bijoysingh.quicknote.firebase.activity,ForgetMeActivity,firebaseAuthWithGoogle,2,2,1.0,5,1.0,1,1,1,0,11,1,2,1,0.0,1,0,1,9,0.0,0,2.5,1,1,0.0,0,0.07142857142857142,0.875,114,71,0.5714285714285714,7,5,3,1,3,6,8,1,1,0,4,4,1,0,2,0,18,0.8214285714285714,19,2.375,8,3,5,1,3,4,1,2,1,1,0,0,1,0,1,8,9,26,1210,940,4,0,7,56,3.4285714285714284,24,0,818,74,248,26,21532
2025-07-11,argo,com.bijoysingh.quicknote.firebase.activity,ForgetMeActivity,firebaseForgetMe,2,0,0.0,4,1.0,1,1,1,0,10,1,2,0,0.0,0,0,1,8,0.0,1,2.75,1,1,0.0,0,0.07142857142857142,0.875,114,71,0.5714285714285714,7,5,3,1,3,6,8,1,1,0,4,4,1,0,2,0,18,0.8214285714285714,19,2.375,8,3,5,1,3,4,1,2,1,1,0,0,1,0,1,8,9,26,1210,940,4,1,7,56,3.4285714285714284,24,0,818,74,248,26,21532
2025-07-11,argo,com.bijoysingh.quicknote.firebase.data,FirebaseFolder,uuid,1,0,0.0,0,0.0,0,0,1,0,1,0,1,1,0.0,0,0,0,0,0.0,0,0.0,0,0,0.0,0,0.0,0.0,13,5,0.0,5,0,5,1,0,3,0,0,0,0,0,0,0,0,0,0,5,1.0,5,1.0,5,5,0,0,5,0,0,5,0,1,0,0,0,0,0,5,5,26,1210,940,3,0,0,0,1.0,18,0,160,74,248,18,21532
2025-07-11,argo,com.bijoysingh.quicknote.firebase.data,FirebaseFolder,title,1,0,0.0,0,0.0,0,0,1,0,1,0,1,1,0.0,0,0,0,0,0.0,0,0.0,0,0,0.0,0,0.0,0.0,13,5,0.0,5,0,5,1,0,3,0,0,0,0,0,0,0,0,0,0,5,1.0,5,1.0,5,5,0,0,5,0,0,5,0,1,0,0,0,0,0,5,5,26,1210,940,3,0,0,0,1.0,18,0,160,74,248,18,21532
2025-07-11,argo,com.bijoysingh.quicknote.firebase.data,FirebaseFolder,timestamp,1,0,0.0,0,0.0,0,0,1,0,1,0,1,1,0.0,0,0,0,0,0.0,0,0.0,0,0,0.0,0,0.0,0.0,13,5,0.0,5,0,5,1,0,3,0,0,0,0,0,0,0,0,0,0,5,1.0,5,1.0,5,5,0,0,5,0,0,5,0,1,0,0,0,0,0,5,5,26,1210,940,3,0,0,0,1.0,18,0,160,74,248,18,21532
2025-07-11,argo,com.bijoysingh.quicknote.firebase.data,FirebaseFolder,updateTimestamp,1,0,0.0,0,0.0,0,0,1,0,1,0,1,1,0.0,0,0,0,0,0.0,0,0.0,0,0,0.0,0,0.0,0.0,13,5,0.0,5,0,5,1,0,3,0,0,0,0,0,0,0,0,0,0,5,1.0,5,1.0,5,5,0,0,5,0,0,5,0,1,0,0,0,0,0,5,5,26,1210,940,3,0,0,0,1.0,18,0,160,74,248,18,21532
2025-07-11,argo,com.bijoysingh.quicknote.firebase.data,FirebaseFolder,color,1,0,0.0,0,0.0,0,0,1,0,1,0,1,1,0.0,0,0,0,0,0.0,0,0.0,0,0,0.0,0,0.0,0.0,13,5,0.0,5,0,5,1,0,3,0,0,0,0,0,0,0,0,0,0,5,1.0,5,1.0,5,5,0,0,5,0,0,5,0,1,0,0,0,0,0,5,5,26,1210,940,3,0,0,0,1.0,18,0,160,74,248,18,21532
2025-07-11,argo,com.bijoysingh.quicknote.firebase.data,FirebaseNote,uuid,1,0,0.0,0,0.0,0,0,1,0,1,0,1,1,0.0,0,0,0,0,0.0,0,0.0,0,0,0.0,0,0.0,0.0,25,11,0.0,11,0,11,1,0,5,0,0,0,0,0,0,0,0,0,0,11,1.0,11,1.0,11,11,0,0,11,0,0,11,0,1,0,0,0,0,0,11,11,26,1210,940,3,0,0,1,1.0,18,0,160,74,248,18,21532
2025-07-11,argo,com.bijoysingh.quicknote.firebase.data,FirebaseNote,description,1,0,0.0,0,0.0,0,0,1,0,1,0,1,1,0.0,0,0,0,0,0.0,0,0.0,0,0,0.0,0,0.0,0.0,25,11,0.0,11,0,11,1,0,5,0,0,0,0,0,0,0,0,0,0,11,1.0,11,1.0,11,11,0,0,11,0,0,11,0,1,0,0,0,0,0,11,11,26,1210,940,3,0,0,1,1.0,18,0,160,74,248,18,21532
2025-07-11,argo,com.bijoysingh.quicknote.firebase.data,FirebaseNote,timestamp,1,0,0.0,0,0.0,0,0,1,0,1,0,1,1,0.0,0,0,0,0,0.0,0,0.0,0,0,0.0,0,0.0,0.0,25,11,0.0,11,0,11,1,0,5,0,0,0,0,0,0,0,0,0,0,11,1.0,11,1.0,11,11,0,0,11,0,0,11,0,1,0,0,0,0,0,11,11,26,1210,940,3,0,0,1,1.0,18,0,160,74,248,18,21532
2025-07-11,argo,com.bijoysingh.quicknote.firebase.data,FirebaseNote,updateTimestamp,1,0,0.0,0,0.0,0,0,1,0,1,0,1,1,0.0,0,0,0,0,0.0,0,0.0,0,0,0.0,0,0.0,0.0,25,11,0.0,11,0,11,1,0,5,0,0,0,0,0,0,0,0,0,0,11,1.0,11,1.0,11,11,0,0,11,0,0,11,0,1,0,0,0,0,0,11,11,26,1210,940,3,0,0,1,1.0,18,0,160,74,248,18,21532
2025-07-11,argo,com.bijoysingh.quicknote.firebase.data,FirebaseNote,color,1,0,0.0,0,0.0,0,0,1,0,1,0,1,1,0.0,0,0,0,0,0.0,0,0.0,0,0,0.0,0,0.0,0.0,25,11,0.0,11,0,11,1,0,5,0,0,0,0,0,0,0,0,0,0,11,1.0,11,1.0,11,11,0,0,11,0,0,11,0,1,0,0,0,0,0,11,11,26,1210,940,3,0,0,1,1.0,18,0,160,74,248,18,21532
2025-07-11,argo,com.bijoysingh.quicknote.firebase.data,FirebaseNote,state,1,0,0.0,0,0.0,0,0,1,0,1,0,1,1,0.0,0,0,0,0,0.0,0,0.0,0,0,0.0,0,0.0,0.0,25,11,0.0,11,0,11,1,0,5,0,0,0,0,0,0,0,0,0,0,11,1.0,11,1.0,11,11,0,0,11,0,0,11,0,1,0,0,0,0,0,11,11,26,1210,940,3,0,0,1,1.0,18,0,160,74,248,18,21532
2025-07-11,argo,com.bijoysingh.quicknote.firebase.data,FirebaseNote,tags,1,0,0.0,0,0.0,0,0,1,0,1,0,1,1,0.0,0,0,0,0,0.0,0,0.0,0,0,0.0,0,0.0,0.0,25,11,0.0,11,0,11,1,0,5,0,0,0,0,0,0,0,0,0,0,11,1.0,11,1.0,11,11,0,0,11,0,0,11,0,1,0,0,0,0,0,11,11,26,1210,940,3,0,0,1,1.0,18,0,160,74,248,18,21532
2025-07-11,argo,com.bijoysingh.quicknote.firebase.data,FirebaseNote,meta,1,0,0.0,0,0.0,0,0,1,0,1,0,1,0,0.0,0,0,0,1,0.0,0,0.0,0,0,0.0,0,0.0,0.0,25,11,0.0,11,0,11,1,0,5,0,0,0,0,0,0,0,0,0,0,11,1.0,11,1.0,11,11,0,0,11,0,0,11,0,1,0,0,0,0,0,11,11,26,1210,940,3,0,0,1,1.0,18,0,160,74,248,18,21532
2025-07-11,argo,com.bijoysingh.quicknote.firebase.data,FirebaseNote,locked,1,0,0.0,0,0.0,0,0,1,0,1,0,1,1,0.0,0,0,0,0,0.0,0,0.0,0,0,0.0,0,0.0,0.0,25,11,0.0,11,0,11,1,0,5,0,0,0,0,0,0,0,0,0,0,11,1.0,11,1.0,11,11,0,0,11,0,0,11,0,1,0,0,0,0,0,11,11,26,1210,940,3,0,0,1,1.0,18,0,160,74,248,18,21532
2025-07-11,argo,com.bijoysingh.quicknote.firebase.data,FirebaseNote,pinned,1,0,0.0,0,0.0,0,0,1,0,1,0,1,1,0.0,0,0,0,0,0.0,0,0.0,0,0,0.0,0,0.0,0.0,25,11,0.0,11,0,11,1,0,5,0,0,0,0,0,0,0,0,0,0,11,1.0,11,1.0,11,11,0,0,11,0,0,11,0,1,0,0,0,0,0,11,11,26,1210,940,3,0,0,1,1.0,18,0,160,74,248,18,21532
2025-07-11,argo,com.bijoysingh.quicknote.firebase.data,FirebaseNote,folder,1,0,0.0,0,0.0,0,0,1,0,1,0,1,1,0.0,0,0,0,0,0.0,0,0.0,0,0,0.0,0,0.0,0.0,25,11,0.0,11,0,11,1,0,5,0,0,0,0,0,0,0,0,0,0,11,1.0,11,1.0,11,11,0,0,11,0,0,11,0,1,0,0,0,0,0,11,11,26,1210,940,3,0,0,1,1.0,18,0,160,74,248,18,21532
2025-07-11,argo,com.bijoysingh.quicknote.firebase.data,FirebaseTag,title,1,0,0.0,0,0.0,0,0,1,0,1,0,1,1,0.0,0,0,0,0,0.0,0,0.0,0,0,0.0,0,0.0,0.0,7,2,0.0,2,0,2,1,0,1,0,0,0,0,0,0,0,0,0,0,2,1.0,2,1.0,2,2,0,0,2,0,0,2,0,1,0,0,0,0,0,2,2,26,1210,940,3,0,0,0,1.0,18,0,160,74,248,18,21532
2025-07-11,argo,com.bijoysingh.quicknote.firebase.data,FirebaseTag,uuid,1,0,0.0,0,0.0,0,0,1,0,1,0,1,1,0.0,0,0,0,0,0.0,0,0.0,0,0,0.0,0,0.0,0.0,7,2,0.0,2,0,2,1,0,1,0,0,0,0,0,0,0,0,0,0,2,1.0,2,1.0,2,2,0,0,2,0,0,2,0,1,0,0,0,0,0,2,2,26,1210,940,3,0,0,0,1.0,18,0,160,74,248,18,21532
2025-07-11,argo,com.bijoysingh.quicknote.firebase.support,FirebaseAuthenticator,userId,1,1,0.0,1,1.0,0,2,1,0,4,0,1,0,0.0,0,0,0,2,0.0,0,2.5,1,0,0.0,0,0.3,1.0,63,28,0.3333333333333333,3,2,0,0,2,3,5,0,0,0,2,0,0,0,2,0,9,0.5,9,1.8,5,0,2,0,4,1,0,4,1,1,0,0,0,0,0,5,5,26,1210,940,2,0,5,30,2.6,8,0,389,74,248,5,21532
2025-07-11,argo,com.bijoysingh.quicknote.firebase.support,FirebaseAuthenticator,setup,4,0,0.0,3,1.0,0,2,1,0,17,2,4,4,0.5555555555555556,2,2,1,8,2.0,1,2.0,1,1,0.0,0,0.3,1.0,63,28,0.3333333333333333,3,2,0,0,2,3,5,0,0,0,2,0,0,0,2,0,9,0.5,9,1.8,5,0,2,0,4,1,0,4,1,1,0,0,0,0,0,5,5,26,1210,940,2,0,5,30,2.6,8,0,389,74,248,5,21532
2025-07-11,argo,com.bijoysingh.quicknote.firebase.support,FirebaseAuthenticator,isLoggedIn,2,0,0.0,3,1.0,0,2,1,0,8,1,2,3,1.0,0,2,1,5,2.0,1,2.6666666666666665,0,0,0.0,0,0.3,1.0,63,28,0.3333333333333333,3,2,0,0,2,3,5,0,0,0,2,0,0,0,2,0,9,0.5,9,1.8,5,0,2,0,4,1,0,4,1,1,0,0,0,0,0,5,5,26,1210,940,2,0,5,30,2.6,8,0,389,74,248,5,21532
2025-07-11,argo,com.bijoysingh.quicknote.firebase.support,FirebaseAuthenticator,logout,1,0,0.0,1,1.0,0,2,1,0,5,0,1,1,1.0,1,1,2,3,1.0,2,2.5,0,2,0.0,0,0.3,1.0,63,28,0.3333333333333333,3,2,0,0,2,3,5,0,0,0,2,0,0,0,2,0,9,0.5,9,1.8,5,0,2,0,4,1,0,4,1,1,0,0,0,0,0,5,5,26,1210,940,2,0,5,30,2.6,8,0,389,74,248,5,21532
2025-07-11,argo,com.bijoysingh.quicknote.firebase.support,FirebaseAuthenticator,reloadUser,5,2,1.0,5,1.0,0,2,1,0,19,1,5,1,0.0,1,0,1,12,0.0,1,2.375,1,1,0.0,0,0.3,1.0,63,28,0.3333333333333333,3,2,0,0,2,3,5,0,0,0,2,0,0,0,2,0,9,0.5,9,1.8,5,0,2,0,4,1,0,4,1,1,0,0,0,0,0,5,5,26,1210,940,2,0,5,30,2.6,8,0,389,74,248,5,21532
2025-07-11,argo,com.bijoysingh.quicknote.scarlet,ScarletConfig,authenticator,1,0,0.0,0,0.0,0,0,1,0,1,0,1,0,0.0,0,0,0,1,0.0,0,0.0,0,0,0.0,0,0.0,0.0,17,9,0.0,7,0,7,1,0,10,1,0,0,0,0,0,0,0,0,0,7,1.0,7,1.0,7,7,0,0,7,0,0,7,0,1,0,0,0,0,0,7,7,26,1210,940,5,0,1,6,1.0,22,0,220,74,248,13,21532
2025-07-11,argo,com.bijoysingh.quicknote.scarlet,ScarletConfig,noteActions,1,0,0.0,0,0.0,0,0,1,0,1,0,1,0,0.0,0,0,0,1,0.0,0,0.0,1,0,0.0,0,0.0,0.0,17,9,0.0,7,0,7,1,0,10,1,0,0,0,0,0,0,0,0,0,7,1.0,7,1.0,7,7,0,0,7,0,0,7,0,1,0,0,0,0,0,7,7,26,1210,940,5,0,1,6,1.0,22,0,220,74,248,13,21532
2025-07-11,argo,com.bijoysingh.quicknote.scarlet,ScarletConfig,tagActions,1,0,0.0,0,0.0,0,0,1,0,1,0,1,0,0.0,0,0,0,1,0.0,0,0.0,1,0,0.0,0,0.0,0.0,17,9,0.0,7,0,7,1,0,10,1,0,0,0,0,0,0,0,0,0,7,1.0,7,1.0,7,7,0,0,7,0,0,7,0,1,0,0,0,0,0,7,7,26,1210,940,5,0,1,6,1.0,22,0,220,74,248,13,21532
2025-07-11,argo,com.bijoysingh.quicknote.scarlet,ScarletConfig,folderActions,1,0,0.0,0,0.0,0,0,1,0,1,0,1,0,0.0,0,0,0,1,0.0,0,0.0,1,0,0.0,0,0.0,0.0,17,9,0.0,7,0,7,1,0,10,1,0,0,0,0,0,0,0,0,0,7,1.0,7,1.0,7,7,0,0,7,0,0,7,0,1,0,0,0,0,0,7,7,26,1210,940,5,0,1,6,1.0,22,0,220,74,248,13,21532
2025-07-11,argo,com.bijoysingh.quicknote.scarlet,ScarletConfig,remoteConfigFetcher,1,0,0.0,0,0.0,0,0,1,0,1,0,1,0,0.0,0,0,0,1,0.0,0,0.0,0,0,0.0,0,0.0,0.0,17,9,0.0,7,0,7,1,0,10,1,0,0,0,0,0,0,0,0,0,7,1.0,7,1.0,7,7,0,0,7,0,0,7,0,1,0,0,0,0,0,7,7,26,1210,940,5,0,1,6,1.0,22,0,220,74,248,13,21532
2025-07-11,argo,com.bijoysingh.quicknote.scarlet,ScarletConfig,remoteDatabaseState,1,0,0.0,0,0.0,0,0,1,0,1,0,1,1,0.0,0,0,0,0,0.0,0,0.0,0,0,0.0,0,0.0,0.0,17,9,0.0,7,0,7,1,0,10,1,0,0,0,0,0,0,0,0,0,7,1.0,7,1.0,7,7,0,0,7,0,0,7,0,1,0,0,0,0,0,7,7,26,1210,940,5,0,1,6,1.0,22,0,220,74,248,13,21532
2025-07-11,argo,com.bijoysingh.quicknote.scarlet,ScarletConfig,startListener,1,0,0.0,0,0.0,0,0,1,0,3,0,1,0,0.0,0,0,1,1,0.0,0,0.0,1,1,0.0,0,0.0,0.0,17,9,0.0,7,0,7,1,0,10,1,0,0,0,0,0,0,0,0,0,7,1.0,7,1.0,7,7,0,0,7,0,0,7,0,1,0,0,0,0,0,7,7,26,1210,940,5,0,1,6,1.0,22,0,220,74,248,13,21532
2025-07-11,argo,com.bijoysingh.quicknote.scarlet,ScarletFolderActor,onlineSave,1,0,0.0,1,1.0,0,0,1,0,4,0,1,0,1.0,1,1,1,1,1.0,1,2.0,0,1,0.0,0,1.0,1.0,16,11,0.0,2,1,2,1,0,0,1,0,1,0,0,1,0,0,0,0,3,0.0,3,1.5,2,2,1,0,2,0,0,2,1,1,0,0,0,0,0,2,2,26,1210,940,5,0,1,4,2.0,22,0,220,74,248,13,21532
2025-07-11,argo,com.bijoysingh.quicknote.scarlet,ScarletFolderActor,delete,3,0,0.0,2,1.0,0,0,1,0,7,2,3,0,1.0,1,1,0,3,1.0,2,2.0,0,0,0.0,0,1.0,1.0,16,11,0.0,2,1,2,1,0,0,1,0,1,0,0,1,0,0,0,0,3,0.0,3,1.5,2,2,1,0,2,0,0,2,1,1,0,0,0,0,0,2,2,26,1210,940,5,0,1,4,2.0,22,0,220,74,248,13,21532
2025-07-11,argo,com.bijoysingh.quicknote.scarlet,ScarletNoteActor,onlineSave,1,0,0.0,1,1.0,0,0,1,0,4,0,1,0,0.5,1,1,1,1,1.0,1,2.0,1,1,0.0,0,1.0,1.0,16,11,0.0,2,1,2,1,0,1,1,0,1,0,0,1,0,0,0,0,3,0.0,3,1.5,2,2,1,0,2,0,0,2,1,1,0,0,0,0,0,2,2,26,1210,940,5,0,1,4,2.0,22,0,220,74,248,13,21532
2025-07-11,argo,com.bijoysingh.quicknote.scarlet,ScarletNoteActor,onlineDelete,3,0,0.0,2,1.0,0,0,1,0,7,2,3,0,0.6666666666666666,1,1,0,3,1.0,2,2.0,1,0,0.0,0,1.0,1.0,16,11,0.0,2,1,2,1,0,1,1,0,1,0,0,1,0,0,0,0,3,0.0,3,1.5,2,2,1,0,2,0,0,2,1,1,0,0,0,0,0,2,2,26,1210,940,5,0,1,4,2.0,22,0,220,74,248,13,21532
2025-07-11,argo,com.bijoysingh.quicknote.scarlet,ScarletTagActor,onlineSave,1,0,0.0,1,1.0,0,0,1,0,4,0,1,0,1.0,1,1,1,1,1.0,1,2.0,0,1,0.0,0,1.0,1.0,16,11,0.0,2,1,2,1,0,0,1,0,1,0,0,1,0,0,0,0,3,0.0,3,1.5,2,2,1,0,2,0,0,2,1,1,0,0,0,0,0,2,2,26,1210,940,5,0,1,4,2.0,22,0,220,74,248,13,21532
2025-07-11,argo,com.bijoysingh.quicknote.scarlet,ScarletTagActor,delete,3,0,0.0,2,1.0,0,0,1,0,7,2,3,0,1.0,1,1,0,3,1.0,2,2.0,0,0,0.0,0,1.0,1.0,16,11,0.0,2,1,2,1,0,0,1,0,1,0,0,1,0,0,0,0,3,0.0,3,1.5,2,2,1,0,2,0,0,2,1,1,0,0,0,0,0,2,2,26,1210,940,5,0,1,4,2.0,22,0,220,74,248,13,21532
