Extraction Date,Project,Package,Class,Method,CYCLO_method,NOLV_method,CLNAMM_method,CINT_method,CDISP_method,NOII_type,NOAM_type,NOCS_type,number_constructor_NotDefaultConstructor,LOC_method,MAXNESTING_method,CC_method,NMCS_method,LAA_method,CM_method,NOAV_method,ATFD_method,FANOUT_method,ATLD_method,MaMCL_method,MeMCL_method,NOP_method,FDP_method,CFNAMM_method,Number_Final_Not_Static_Methods,TCC_type,WOC_type,LOC_type,LOCNAMM_type,CFNAMM_type,NOMNAMM_type,NOA_type,NIM_type,DIT_type,NOPA_type,CBO_type,RFC_type,isStatic_type,number_private_visibility_attributes,number_protected_visibility_attributes,number_package_visibility_attributes,num_final_attributes,num_static_attributes,num_final_static_attributes,num_not_final_not_static_attributes,NOC_type,WMC_type,LCOM5_type,WMCNAMM_type,AMW_type,NOM_type,NMO_type,num_final_not_static_attributes,num_static_not_final_attributes,number_public_visibility_methods,number_private_visibility_methods,number_protected_visibility_methods,number_package_visibility_methods,number_standard_design_methods,number_constructor_DefaultConstructor_methods,number_final_methods,number_abstract_methods,number_static_methods,number_final_static_methods,number_not_final_static_methods,number_not_final_not_static_methods,number_not_abstract_not_final_methods,NOI_project,NOM_project,NOMNAMM_project,NOCS_package,isStatic_method,ATFD_type,FANOUT_type,AMWNAMM_type,NOMNAMM_Package,NOI_Package,LOC_package,NOPK_project,NOCS_project,NOM_package,LOC_project
2025-07-05,argo,com.airbnb.mvrx,DeliveryMode,appendPropertiesToId,2,0,0.0,1,1.0,0,0,1,0,6,0,2,0,0.5,0,1,0,3,1.0,0,2.0,1,0,0.0,0,0.0,1.0,10,6,0.0,1,1,0,0,0,1,0,0,0,0,0,1,0,0,0,1,1,0.0,1,1.0,1,0,0,0,0,0,0,0,0,2,0,0,0,0,0,1,1,43,968,826,137,0,0,3,2.0,519,11,9734,46,212,213,21352
2025-07-05,argo,com.airbnb.mvrx,MavericksFactory,create,3,1,0.0,0,0.0,0,0,1,0,7,1,3,1,0.0,0,0,0,3,0.0,0,0.0,1,0,0.0,0,0.0,1.0,9,7,0.0,1,0,1,1,0,2,0,0,0,0,0,0,0,0,0,0,2,0.0,2,2.0,1,1,0,0,1,0,0,1,1,2,0,0,0,0,0,1,1,43,968,826,137,0,0,3,0.0,519,11,9734,46,212,213,21352
2025-07-05,argo,com.airbnb.mvrx,MavericksViewInternalViewModel,generateUniqueId,1,0,0.0,1,1.0,0,0,1,0,1,0,1,0,0.0,0,0,0,2,0.0,2,3.0,0,0,0.0,0,0.0,1.0,13,1,0.0,1,3,0,2,0,0,0,0,1,0,3,4,1,1,0,0,1,0.0,1,1.0,1,0,3,0,0,1,0,0,0,1,0,0,0,0,0,1,1,43,968,826,137,0,0,2,1.0,519,11,9734,46,212,213,21352
2025-07-05,argo,com.airbnb.mvrx,MavericksViewModel,onCleared,1,0,0.0,1,1.0,1,2,2,0,3,0,1,0,1.0,0,1,0,1,1.0,1,2.0,0,0,0.0,0,0.14736842105263157,0.45,108,37,0.0,20,8,1,0,2,30,3,0,3,0,4,8,0,0,0,0,20,0.8052631578947369,20,1.0,20,1,8,0,3,1,15,3,0,0,0,0,0,0,0,25,25,43,968,826,137,0,1,13,1.1818181818181819,519,11,9734,46,212,213,21352
2025-07-05,argo,com.airbnb.mvrx,MavericksViewModel,validateState,1,1,0.0,0,0.0,1,2,2,0,4,0,1,0,0.6666666666666666,0,1,1,2,0.5,0,0.0,1,1,0.0,0,0.14736842105263157,0.45,108,37,0.0,20,8,1,0,2,30,3,0,3,0,4,8,0,0,0,0,20,0.8052631578947369,20,1.0,20,1,8,0,3,1,15,3,0,0,0,0,0,0,0,25,25,43,968,826,137,0,1,13,1.1818181818181819,519,11,9734,46,212,213,21352
2025-07-05,argo,com.airbnb.mvrx,MavericksViewModel,setState,1,0,0.0,1,1.0,1,2,2,0,3,0,1,0,0.5,0,1,0,1,1.0,1,2.0,1,0,0.0,0,0.14736842105263157,0.45,108,37,0.0,20,8,1,0,2,30,3,0,3,0,4,8,0,0,0,0,20,0.8052631578947369,20,1.0,20,1,8,0,3,1,15,3,0,0,0,0,0,0,0,25,25,43,968,826,137,0,1,13,1.1818181818181819,519,11,9734,46,212,213,21352
2025-07-05,argo,com.airbnb.mvrx,MavericksViewModel,awaitState,1,0,0.0,0,0.0,1,2,2,0,3,0,1,0,1.0,1,1,0,1,1.0,1,2.0,0,0,0.0,0,0.14736842105263157,0.45,108,37,0.0,20,8,1,0,2,30,3,0,3,0,4,8,0,0,0,0,20,0.8052631578947369,20,1.0,20,1,8,0,3,1,15,3,0,0,0,0,0,0,0,25,25,43,968,826,137,0,1,13,1.1818181818181819,519,11,9734,46,212,213,21352
2025-07-05,argo,com.airbnb.mvrx,MavericksViewModel,withState,1,0,0.0,1,1.0,1,2,2,0,3,0,1,0,0.5,0,1,0,1,1.0,1,2.0,1,0,0.0,0,0.14736842105263157,0.45,108,37,0.0,20,8,1,0,2,30,3,0,3,0,4,8,0,0,0,0,20,0.8052631578947369,20,1.0,20,1,8,0,3,1,15,3,0,0,0,0,0,0,0,25,25,43,968,826,137,0,1,13,1.1818181818181819,519,11,9734,46,212,213,21352
2025-07-05,argo,com.airbnb.mvrx,MavericksViewModel,execute,1,0,0.0,0,0.0,1,2,2,0,1,0,1,0,0.0,3,0,0,1,0.0,1,2.0,3,0,0.0,0,0.14736842105263157,0.45,108,37,0.0,20,8,1,0,2,30,3,0,3,0,4,8,0,0,0,0,20,0.8052631578947369,20,1.0,20,1,8,0,3,1,15,3,0,0,0,0,0,0,0,25,25,43,968,826,137,0,1,13,1.1818181818181819,519,11,9734,46,212,213,21352
2025-07-05,argo,com.airbnb.mvrx,MavericksViewModel,execute,1,0,0.0,0,0.0,1,2,2,0,3,0,1,3,0.25,0,1,0,1,0.33,0,0.0,3,0,0.0,0,0.14736842105263157,0.45,108,37,0.0,20,8,1,0,2,30,3,0,3,0,4,8,0,0,0,0,20,0.8052631578947369,20,1.0,20,1,8,0,3,1,15,3,0,0,0,0,0,0,0,25,25,43,968,826,137,0,1,13,1.1818181818181819,519,11,9734,46,212,213,21352
2025-07-05,argo,com.airbnb.mvrx,MavericksViewModel,execute,1,0,0.0,0,0.0,1,2,2,0,3,0,1,3,0.25,0,1,0,1,0.33,0,0.0,3,0,0.0,0,0.14736842105263157,0.45,108,37,0.0,20,8,1,0,2,30,3,0,3,0,4,8,0,0,0,0,20,0.8052631578947369,20,1.0,20,1,8,0,3,1,15,3,0,0,0,0,0,0,0,25,25,43,968,826,137,0,1,13,1.1818181818181819,519,11,9734,46,212,213,21352
2025-07-05,argo,com.airbnb.mvrx,MavericksViewModel,setOnEach,1,0,0.0,0,0.0,1,2,2,0,3,0,1,1,0.3333333333333333,0,1,0,1,0.5,0,0.0,2,0,0.0,0,0.14736842105263157,0.45,108,37,0.0,20,8,1,0,2,30,3,0,3,0,4,8,0,0,0,0,20,0.8052631578947369,20,1.0,20,1,8,0,3,1,15,3,0,0,0,0,0,0,0,25,25,43,968,826,137,0,1,13,1.1818181818181819,519,11,9734,46,212,213,21352
2025-07-05,argo,com.airbnb.mvrx,MavericksViewModel,onEach,1,0,0.0,1,1.0,1,2,2,0,1,0,1,0,0.5,0,1,0,1,1.0,1,2.0,1,0,0.0,0,0.14736842105263157,0.45,108,37,0.0,20,8,1,0,2,30,3,0,3,0,4,8,0,0,0,0,20,0.8052631578947369,20,1.0,20,1,8,0,3,1,15,3,0,0,0,0,0,0,0,25,25,43,968,826,137,0,1,13,1.1818181818181819,519,11,9734,46,212,213,21352
2025-07-05,argo,com.airbnb.mvrx,MavericksViewModel,onEach,1,0,0.0,1,1.0,1,2,2,0,1,0,1,0,0.25,0,1,0,1,0.5,1,2.0,2,0,0.0,0,0.14736842105263157,0.45,108,37,0.0,20,8,1,0,2,30,3,0,3,0,4,8,0,0,0,0,20,0.8052631578947369,20,1.0,20,1,8,0,3,1,15,3,0,0,0,0,0,0,0,25,25,43,968,826,137,0,1,13,1.1818181818181819,519,11,9734,46,212,213,21352
2025-07-05,argo,com.airbnb.mvrx,MavericksViewModel,onEach,1,0,0.0,1,1.0,1,2,2,0,1,0,1,0,0.2,0,1,0,1,0.33,1,2.0,3,0,0.0,0,0.14736842105263157,0.45,108,37,0.0,20,8,1,0,2,30,3,0,3,0,4,8,0,0,0,0,20,0.8052631578947369,20,1.0,20,1,8,0,3,1,15,3,0,0,0,0,0,0,0,25,25,43,968,826,137,0,1,13,1.1818181818181819,519,11,9734,46,212,213,21352
2025-07-05,argo,com.airbnb.mvrx,MavericksViewModel,onEach,1,0,0.0,1,1.0,1,2,2,0,1,0,1,0,0.16666666666666666,0,1,0,1,0.25,1,2.0,4,0,0.0,0,0.14736842105263157,0.45,108,37,0.0,20,8,1,0,2,30,3,0,3,0,4,8,0,0,0,0,20,0.8052631578947369,20,1.0,20,1,8,0,3,1,15,3,0,0,0,0,0,0,0,25,25,43,968,826,137,0,1,13,1.1818181818181819,519,11,9734,46,212,213,21352
2025-07-05,argo,com.airbnb.mvrx,MavericksViewModel,onEach,1,0,0.0,1,1.0,1,2,2,0,1,0,1,0,0.14285714285714285,0,1,0,1,0.2,1,2.0,5,0,0.0,0,0.14736842105263157,0.45,108,37,0.0,20,8,1,0,2,30,3,0,3,0,4,8,0,0,0,0,20,0.8052631578947369,20,1.0,20,1,8,0,3,1,15,3,0,0,0,0,0,0,0,25,25,43,968,826,137,0,1,13,1.1818181818181819,519,11,9734,46,212,213,21352
2025-07-05,argo,com.airbnb.mvrx,MavericksViewModel,onEach,1,0,0.0,1,1.0,1,2,2,0,1,0,1,0,0.125,0,1,0,1,0.17,1,2.0,6,0,0.0,0,0.14736842105263157,0.45,108,37,0.0,20,8,1,0,2,30,3,0,3,0,4,8,0,0,0,0,20,0.8052631578947369,20,1.0,20,1,8,0,3,1,15,3,0,0,0,0,0,0,0,25,25,43,968,826,137,0,1,13,1.1818181818181819,519,11,9734,46,212,213,21352
2025-07-05,argo,com.airbnb.mvrx,MavericksViewModel,onEach,1,0,0.0,1,1.0,1,2,2,0,1,0,1,0,0.1111111111111111,0,1,0,1,0.14,1,2.0,7,0,0.0,0,0.14736842105263157,0.45,108,37,0.0,20,8,1,0,2,30,3,0,3,0,4,8,0,0,0,0,20,0.8052631578947369,20,1.0,20,1,8,0,3,1,15,3,0,0,0,0,0,0,0,25,25,43,968,826,137,0,1,13,1.1818181818181819,519,11,9734,46,212,213,21352
2025-07-05,argo,com.airbnb.mvrx,MavericksViewModel,onEach,1,0,0.0,1,1.0,1,2,2,0,1,0,1,0,0.1,0,1,0,1,0.12,1,2.0,8,0,0.0,0,0.14736842105263157,0.45,108,37,0.0,20,8,1,0,2,30,3,0,3,0,4,8,0,0,0,0,20,0.8052631578947369,20,1.0,20,1,8,0,3,1,15,3,0,0,0,0,0,0,0,25,25,43,968,826,137,0,1,13,1.1818181818181819,519,11,9734,46,212,213,21352
2025-07-05,argo,com.airbnb.mvrx,MavericksViewModel,onAsync,1,0,0.0,1,1.0,1,2,2,0,1,0,1,0,0.25,0,1,0,1,0.33,1,2.0,3,0,0.0,0,0.14736842105263157,0.45,108,37,0.0,20,8,1,0,2,30,3,0,3,0,4,8,0,0,0,0,20,0.8052631578947369,20,1.0,20,1,8,0,3,1,15,3,0,0,0,0,0,0,0,25,25,43,968,826,137,0,1,13,1.1818181818181819,519,11,9734,46,212,213,21352
2025-07-05,argo,com.airbnb.mvrx,MavericksViewModel,resolveSubscription,3,0,0.0,0,0.0,1,2,2,0,7,0,3,1,0.375,1,3,0,3,1.0,0,0.0,3,0,0.0,0,0.14736842105263157,0.45,108,37,0.0,20,8,1,0,2,30,3,0,3,0,4,8,0,0,0,0,20,0.8052631578947369,20,1.0,20,1,8,0,3,1,15,3,0,0,0,0,0,0,0,25,25,43,968,826,137,0,1,13,1.1818181818181819,519,11,9734,46,212,213,21352
2025-07-05,argo,com.airbnb.mvrx,MavericksViewModel,toString,1,0,0.0,0,0.0,1,2,2,0,1,0,1,0,0.0,0,1,0,0,1.0,0,3.0,0,0,0.0,0,0.14736842105263157,0.45,108,37,0.0,20,8,1,0,2,30,3,0,3,0,4,8,0,0,0,0,20,0.8052631578947369,20,1.0,20,1,8,0,3,1,15,3,0,0,0,0,0,0,0,25,25,43,968,826,137,0,1,13,1.1818181818181819,519,11,9734,46,212,213,21352
2025-07-05,argo,com.airbnb.mvrx,MavericksViewModelConfigFactory,coroutineScope,1,0,0.0,1,1.0,0,0,1,0,3,0,1,0,0.0,0,0,0,2,0.0,0,3.0,0,0,0.0,0,0.3,0.6,30,20,0.4,5,1,0,0,0,5,1,0,1,0,0,1,0,0,0,0,5,1.0,5,1.0,5,0,1,0,4,0,0,4,1,1,0,0,0,0,0,6,6,43,968,826,137,0,0,9,1.0,519,11,9734,46,212,213,21352
2025-07-05,argo,com.airbnb.mvrx,MavericksViewModelConfigFactory,provideConfig,1,0,1.0,1,1.0,0,0,1,0,3,0,1,1,0.25,1,1,0,2,0.5,0,2.0,2,0,0.0,0,0.3,0.6,30,20,0.4,5,1,0,0,0,5,1,0,1,0,0,1,0,0,0,0,5,1.0,5,1.0,5,0,1,0,4,0,0,4,1,1,0,0,0,0,0,6,6,43,968,826,137,0,0,9,1.0,519,11,9734,46,212,213,21352
2025-07-05,argo,com.airbnb.mvrx,MavericksViewModelConfigFactory,buildConfig,1,1,1.0,0,0.0,0,0,1,0,8,0,1,2,0.0,1,0,0,3,0.0,0,2.0,2,0,0.0,0,0.3,0.6,30,20,0.4,5,1,0,0,0,5,1,0,1,0,0,1,0,0,0,0,5,1.0,5,1.0,5,0,1,0,4,0,0,4,1,1,0,0,0,0,0,6,6,43,968,826,137,0,0,9,1.0,519,11,9734,46,212,213,21352
2025-07-05,argo,com.airbnb.mvrx,MavericksViewModelConfigFactory,addOnConfigProvidedListener,1,0,0.0,1,1.0,0,0,1,0,3,0,1,0,0.5,0,1,0,1,1.0,1,2.0,1,0,0.0,0,0.3,0.6,30,20,0.4,5,1,0,0,0,5,1,0,1,0,0,1,0,0,0,0,5,1.0,5,1.0,5,0,1,0,4,0,0,4,1,1,0,0,0,0,0,6,6,43,968,826,137,0,0,9,1.0,519,11,9734,46,212,213,21352
2025-07-05,argo,com.airbnb.mvrx,MavericksViewModelConfigFactory,removeOnConfigProvidedListener,1,0,0.0,1,1.0,0,0,1,0,3,0,1,0,0.5,0,1,0,1,1.0,1,2.0,1,0,0.0,0,0.3,0.6,30,20,0.4,5,1,0,0,0,5,1,0,1,0,0,1,0,0,0,0,5,1.0,5,1.0,5,0,1,0,4,0,0,4,1,1,0,0,0,0,0,6,6,43,968,826,137,0,0,9,1.0,519,11,9734,46,212,213,21352
2025-07-05,argo,com.airbnb.mvrx,MavericksViewModelFactory,create,1,0,0.0,0,0.0,0,0,1,0,1,0,1,0,0.0,0,0,0,0,0.0,0,0.0,2,0,0.0,0,0.0,0.0,5,2,0.0,2,0,0,0,0,4,0,0,0,0,0,0,0,0,0,0,2,1.0,2,1.0,2,0,0,0,0,0,0,0,0,4,0,0,0,0,0,2,2,43,968,826,137,0,0,0,1.0,519,11,9734,46,212,213,21352
2025-07-05,argo,com.airbnb.mvrx,MavericksViewModelFactory,initialState,1,0,0.0,0,0.0,0,0,1,0,1,0,1,0,0.0,0,0,0,0,0.0,0,0.0,1,0,0.0,0,0.0,0.0,5,2,0.0,2,0,0,0,0,4,0,0,0,0,0,0,0,0,0,0,2,1.0,2,1.0,2,0,0,0,0,0,0,0,0,4,0,0,0,0,0,2,2,43,968,826,137,0,0,0,1.0,519,11,9734,46,212,213,21352
2025-07-05,argo,com.airbnb.mvrx,ViewModelContext,activity,1,0,0.0,0,0.0,0,0,1,0,1,0,1,1,1.0,0,1,0,0,1.0,0,0.0,0,0,0.0,0,0.0,0.0,15,3,0.0,3,4,0,0,0,1,0,0,0,0,2,4,0,0,0,2,3,1.0,3,1.0,3,0,0,0,0,0,0,0,0,4,0,0,0,0,0,3,3,43,968,826,137,0,0,0,1.0,519,11,9734,46,212,213,21352
2025-07-05,argo,com.airbnb.mvrx,ViewModelContext,app,1,0,0.0,0,0.0,0,0,1,0,1,0,1,1,1.0,0,1,0,0,1.0,0,2.0,0,0,0.0,0,0.0,0.0,15,3,0.0,3,4,0,0,0,1,0,0,0,0,2,4,0,0,0,2,3,1.0,3,1.0,3,0,0,0,0,0,0,0,0,4,0,0,0,0,0,3,3,43,968,826,137,0,0,0,1.0,519,11,9734,46,212,213,21352
2025-07-05,argo,com.airbnb.mvrx,ViewModelContext,args,1,0,0.0,0,0.0,0,0,1,0,1,0,1,1,1.0,0,1,0,0,1.0,0,0.0,0,0,0.0,0,0.0,0.0,15,3,0.0,3,4,0,0,0,1,0,0,0,0,2,4,0,0,0,2,3,1.0,3,1.0,3,0,0,0,0,0,0,0,0,4,0,0,0,0,0,3,3,43,968,826,137,0,0,0,1.0,519,11,9734,46,212,213,21352
2025-07-05,argo,com.airbnb.mvrx,MavericksViewModelWrapper,onCleared,1,0,0.0,0,0.0,0,0,1,0,4,0,1,0,0.0,1,0,1,1,0.0,1,2.0,0,1,0.0,0,0.0,0.0,6,4,0.0,1,0,1,2,0,0,1,0,0,0,0,0,0,0,0,0,1,0.0,1,1.0,1,1,0,0,1,0,0,1,0,1,0,0,0,0,0,1,1,43,968,826,137,0,1,1,1.0,519,11,9734,46,212,213,21352
2025-07-05,argo,com.airbnb.mvrx,ScriptableMavericksStateStore,get,1,0,0.0,0,0.0,0,2,1,0,3,0,1,0,0.5,0,1,1,1,1.0,0,0.0,1,1,0.0,0,0.3333333333333333,0.3333333333333333,18,4,0.0,2,3,3,1,0,3,2,0,1,0,0,2,0,0,1,0,2,1.0,3,1.0,3,3,3,0,4,0,0,4,0,2,0,0,0,0,0,3,3,43,968,826,137,0,1,2,1.0,519,11,9734,46,212,213,21352
2025-07-05,argo,com.airbnb.mvrx,ScriptableMavericksStateStore,set,0,0,0.0,0,0.0,0,2,1,0,0,0,0,0,0.0,0,0,0,0,0.0,0,0.0,1,0,0.0,0,0.3333333333333333,0.3333333333333333,18,4,0.0,2,3,3,1,0,3,2,0,1,0,0,2,0,0,1,0,2,1.0,3,1.0,3,3,3,0,4,0,0,4,0,2,0,0,0,0,0,3,3,43,968,826,137,0,1,2,1.0,519,11,9734,46,212,213,21352
2025-07-05,argo,com.airbnb.mvrx,ScriptableMavericksStateStore,next,1,0,0.0,1,1.0,0,2,1,0,4,0,1,0,1.0,0,1,0,1,2.0,1,2.0,1,0,0.0,0,0.3333333333333333,0.3333333333333333,18,4,0.0,2,3,3,1,0,3,2,0,1,0,0,2,0,0,1,0,2,1.0,3,1.0,3,3,3,0,4,0,0,4,0,2,0,0,0,0,0,3,3,43,968,826,137,0,1,2,1.0,519,11,9734,46,212,213,21352
2025-07-05,argo,com.airbnb.mvrx,BaseTest,setupViewModelConfigFactory,1,0,0.0,1,1.0,0,1,1,0,3,0,1,0,0.0,0,0,1,2,0.0,0,2.0,0,0,0.0,0,0.0,0.75,49,30,0.0,4,0,0,0,0,6,0,0,0,0,0,1,0,0,0,18,6,0.8333333333333334,6,1.5,4,0,0,0,2,0,2,2,1,0,0,0,2,0,2,4,6,43,968,826,137,0,2,22,2.75,519,11,9734,46,212,213,21352
2025-07-05,argo,com.airbnb.mvrx,BaseTest,resetViewModelConfigFactory,1,0,0.0,1,1.0,0,1,1,0,3,0,1,0,0.0,0,0,1,1,0.0,1,2.0,0,0,0.0,0,0.0,0.75,49,30,0.0,4,0,0,0,0,6,0,0,0,0,0,1,0,0,0,18,6,0.8333333333333334,6,1.5,4,0,0,0,2,0,2,2,1,0,0,0,2,0,2,4,6,43,968,826,137,0,2,22,2.75,519,11,9734,46,212,213,21352
2025-07-05,argo,com.airbnb.mvrx,BaseTest,createFragment,8,3,0.0,8,1.0,0,1,1,0,24,2,8,0,0.0,0,0,0,17,0.0,1,2.5,4,0,0.0,0,0.0,0.75,49,30,0.0,4,0,0,0,0,6,0,0,0,0,0,1,0,0,0,18,6,0.8333333333333334,6,1.5,4,0,0,0,2,0,2,2,1,0,0,0,2,0,2,4,6,43,968,826,137,0,2,22,2.75,519,11,9734,46,212,213,21352
2025-07-05,argo,com.airbnb.mvrx,BaseTest,classTearDown,1,0,0.0,1,1.0,0,1,1,0,3,0,1,0,0.0,0,0,0,2,0.0,0,3.0,0,0,0.0,0,0.0,0.75,49,30,0.0,4,0,0,0,0,6,0,0,0,0,0,1,0,0,0,18,6,0.8333333333333334,6,1.5,4,0,0,0,2,0,2,2,1,0,0,0,2,0,2,4,6,43,968,826,137,1,2,22,2.75,519,11,9734,46,212,213,21352
2025-07-05,argo,com.airbnb.mvrx,BaseViewModelTest,testScopeIsCancelled,1,1,0.0,2,1.0,1,0,3,0,5,0,1,0,0.0,0,0,2,4,0.0,1,2.5,0,2,0.0,0,0.0,1.0,13,5,0.0,1,0,0,1,0,0,2,0,0,0,0,0,0,0,0,0,1,0.0,1,1.0,1,0,0,0,1,0,0,1,0,1,0,0,0,0,0,1,1,43,968,826,137,0,2,4,1.0,519,11,9734,46,212,213,21352
2025-07-05,argo,com.airbnb.mvrx,InitialConstructorStateTest,testParcelableArgs,1,3,0.0,3,1.0,1,0,1,3,7,0,1,0,0.0,0,0,1,8,0.0,0,2.0,0,1,0.0,0,0.0,1.0,38,32,0.0,5,0,0,1,0,0,1,0,0,0,0,0,0,0,0,0,5,0.0,5,1.0,5,0,0,0,0,0,0,0,0,6,0,0,0,0,0,5,5,43,968,826,137,0,5,34,0.0,519,11,9734,46,212,213,21352
2025-07-05,argo,com.airbnb.mvrx,InitialConstructorStateTest,testSerializableArgs,1,3,0.0,3,1.0,1,0,1,3,7,0,1,0,0.0,0,0,1,8,0.0,0,2.0,0,1,0.0,0,0.0,1.0,38,32,0.0,5,0,0,1,0,0,1,0,0,0,0,0,0,0,0,0,5,0.0,5,1.0,5,0,0,0,0,0,0,0,0,6,0,0,0,0,0,5,5,43,968,826,137,0,5,34,0.0,519,11,9734,46,212,213,21352
2025-07-05,argo,com.airbnb.mvrx,InitialConstructorStateTest,testLongArgs,1,2,0.0,3,1.0,1,0,1,3,6,0,1,0,0.0,0,0,1,6,0.0,0,2.0,0,1,0.0,0,0.0,1.0,38,32,0.0,5,0,0,1,0,0,1,0,0,0,0,0,0,0,0,0,5,0.0,5,1.0,5,0,0,0,0,0,0,0,0,6,0,0,0,0,0,5,5,43,968,826,137,0,5,34,0.0,519,11,9734,46,212,213,21352
2025-07-05,argo,com.airbnb.mvrx,InitialConstructorStateTest,testNoArgs,1,2,0.0,3,1.0,1,0,1,3,6,0,1,0,0.0,0,0,1,6,0.0,0,2.0,0,1,0.0,0,0.0,1.0,38,32,0.0,5,0,0,1,0,0,1,0,0,0,0,0,0,0,0,0,5,0.0,5,1.0,5,0,0,0,0,0,0,0,0,6,0,0,0,0,0,5,5,43,968,826,137,0,5,34,0.0,519,11,9734,46,212,213,21352
2025-07-05,argo,com.airbnb.mvrx,InitialConstructorStateTest,testNoMatchingArgsFallsbackToEmptyConstructor,1,2,0.0,3,1.0,1,0,1,3,6,0,1,0,0.0,0,0,1,6,0.0,0,2.0,0,1,0.0,0,0.0,1.0,38,32,0.0,5,0,0,1,0,0,1,0,0,0,0,0,0,0,0,0,5,0.0,5,1.0,5,0,0,0,0,0,0,0,0,6,0,0,0,0,0,5,5,43,968,826,137,0,5,34,0.0,519,11,9734,46,212,213,21352
2025-07-05,argo,com.airbnb.mvrx,LifecycleAwareLazyTest,setup,1,0,0.0,1,1.0,1,1,1,0,4,0,1,0,1.0,0,2,2,3,2.0,0,3.0,0,0,0.0,0,0.75,0.7777777777777778,59,41,0.0,8,2,0,1,0,0,4,0,2,0,0,0,0,0,2,0,9,0.38888888888888884,9,1.0,9,0,2,0,9,0,0,9,3,1,0,0,0,0,0,9,9,43,968,826,137,0,21,23,1.0,519,11,9734,46,212,213,21352
2025-07-05,argo,com.airbnb.mvrx,LifecycleAwareLazyTest,testNotInitializedBeforeOnCreate,1,0,0.0,1,1.0,1,1,1,0,3,0,1,0,1.0,0,1,1,1,1.0,1,2.0,0,1,0.0,0,0.75,0.7777777777777778,59,41,0.0,8,2,0,1,0,0,4,0,2,0,0,0,0,0,2,0,9,0.38888888888888884,9,1.0,9,0,2,0,9,0,0,9,3,1,0,0,0,0,0,9,9,43,968,826,137,0,21,23,1.0,519,11,9734,46,212,213,21352
2025-07-05,argo,com.airbnb.mvrx,LifecycleAwareLazyTest,testNotInitializedAfterOnCreate,1,0,0.0,2,1.0,1,1,1,0,5,0,1,0,1.0,0,2,2,5,2.0,1,3.25,0,1,0.0,0,0.75,0.7777777777777778,59,41,0.0,8,2,0,1,0,0,4,0,2,0,0,0,0,0,2,0,9,0.38888888888888884,9,1.0,9,0,2,0,9,0,0,9,3,1,0,0,0,0,0,9,9,43,968,826,137,0,21,23,1.0,519,11,9734,46,212,213,21352
2025-07-05,argo,com.airbnb.mvrx,LifecycleAwareLazyTest,testInitializedIfAlreadyStarted,1,0,0.0,1,1.0,1,1,1,0,5,0,1,0,1.0,0,2,3,2,2.0,1,2.6666666666666665,0,1,0.0,0,0.75,0.7777777777777778,59,41,0.0,8,2,0,1,0,0,4,0,2,0,0,0,0,0,2,0,9,0.38888888888888884,9,1.0,9,0,2,0,9,0,0,9,3,1,0,0,0,0,0,9,9,43,968,826,137,0,21,23,1.0,519,11,9734,46,212,213,21352
2025-07-05,argo,com.airbnb.mvrx,LifecycleAwareLazyTest,testInitializedIfOnBackgroundThread,1,0,0.0,1,1.0,1,1,1,0,5,0,1,0,1.0,0,2,3,2,2.0,1,2.6666666666666665,0,1,0.0,0,0.75,0.7777777777777778,59,41,0.0,8,2,0,1,0,0,4,0,2,0,0,0,0,0,2,0,9,0.38888888888888884,9,1.0,9,0,2,0,9,0,0,9,3,1,0,0,0,0,0,9,9,43,968,826,137,0,21,23,1.0,519,11,9734,46,212,213,21352
2025-07-05,argo,com.airbnb.mvrx,LifecycleAwareLazyTest,testIsNotInitializedIfOnBackgroundThreadAndDestroyed,1,0,0.0,1,1.0,1,1,1,0,6,0,1,0,1.0,0,2,3,2,2.0,1,2.8,0,1,0.0,0,0.75,0.7777777777777778,59,41,0.0,8,2,0,1,0,0,4,0,2,0,0,0,0,0,2,0,9,0.38888888888888884,9,1.0,9,0,2,0,9,0,0,9,3,1,0,0,0,0,0,9,9,43,968,826,137,0,21,23,1.0,519,11,9734,46,212,213,21352
2025-07-05,argo,com.airbnb.mvrx,LifecycleAwareLazyTest,testNotInitializedIfDestroyed,1,1,0.0,1,1.0,1,1,1,0,6,0,1,0,1.0,0,1,2,2,1.0,1,2.8,0,1,0.0,0,0.75,0.7777777777777778,59,41,0.0,8,2,0,1,0,0,4,0,2,0,0,0,0,0,2,0,9,0.38888888888888884,9,1.0,9,0,2,0,9,0,0,9,3,1,0,0,0,0,0,9,9,43,968,826,137,0,21,23,1.0,519,11,9734,46,212,213,21352
2025-07-05,argo,com.airbnb.mvrx,LifecycleAwareLazyTest,testNoObserverIsAddedIfAlreadyInCreatedState,1,2,0.0,2,1.0,1,1,1,0,7,0,1,0,0.0,0,0,3,4,0.0,1,2.5,0,2,0.0,0,0.75,0.7777777777777778,59,41,0.0,8,2,0,1,0,0,4,0,2,0,0,0,0,0,2,0,9,0.38888888888888884,9,1.0,9,0,2,0,9,0,0,9,3,1,0,0,0,0,0,9,9,43,968,826,137,0,21,23,1.0,519,11,9734,46,212,213,21352
2025-07-05,argo,com.airbnb.mvrx,LifecycleAwareLazyTest,testOneObserverIsAddedIfStateIsInitialized,1,0,0.0,2,1.0,1,1,1,0,4,0,1,0,1.0,0,2,2,2,2.0,1,2.0,0,2,0.0,0,0.75,0.7777777777777778,59,41,0.0,8,2,0,1,0,0,4,0,2,0,0,0,0,0,2,0,9,0.38888888888888884,9,1.0,9,0,2,0,9,0,0,9,3,1,0,0,0,0,0,9,9,43,968,826,137,0,21,23,1.0,519,11,9734,46,212,213,21352
2025-07-05,argo,com.airbnb.mvrx,MavericksExtensionsKtTest,testParcelableIntoArgs,1,2,0.0,2,1.0,1,0,1,0,5,0,1,0,0.0,0,0,1,4,0.0,1,2.5,0,1,0.0,0,0.0,1.0,13,10,0.0,2,0,0,1,0,0,1,0,0,0,0,0,0,0,0,0,2,0.0,2,1.0,2,0,0,0,2,0,0,2,0,1,0,0,0,0,0,2,2,43,968,826,137,0,2,7,1.0,519,11,9734,46,212,213,21352
2025-07-05,argo,com.airbnb.mvrx,MavericksExtensionsKtTest,testSerializableIntoArgs,1,2,0.0,2,1.0,1,0,1,0,5,0,1,0,0.0,0,0,1,3,0.0,1,2.5,0,1,0.0,0,0.0,1.0,13,10,0.0,2,0,0,1,0,0,1,0,0,0,0,0,0,0,0,0,2,0.0,2,1.0,2,0,0,0,2,0,0,2,0,1,0,0,0,0,0,2,2,43,968,826,137,0,2,7,1.0,519,11,9734,46,212,213,21352
2025-07-05,argo,com.airbnb.mvrx,MavericksLifecycleAwareFlowKtTest,testDoesntFlowFromCreate,1,4,0.0,3,1.0,1,0,1,0,8,0,1,0,0.0,0,0,0,10,0.0,1,2.5,0,0,0.0,0,0.0,1.0,109,99,0.0,9,0,0,1,0,0,0,0,0,0,0,0,0,0,0,0,10,0.0,10,1.1111111111111112,9,0,0,0,9,0,0,9,2,1,0,0,0,0,0,9,9,43,968,826,137,0,0,87,1.1111111111111112,519,11,9734,46,212,213,21352
2025-07-05,argo,com.airbnb.mvrx,MavericksLifecycleAwareFlowKtTest,testFlowsFromStart,1,4,0.0,2,1.0,1,0,1,0,9,0,1,0,0.0,0,0,0,9,0.0,1,2.6,0,0,0.0,0,0.0,1.0,109,99,0.0,9,0,0,1,0,0,0,0,0,0,0,0,0,0,0,0,10,0.0,10,1.1111111111111112,9,0,0,0,9,0,0,9,2,1,0,0,0,0,0,9,9,43,968,826,137,0,0,87,1.1111111111111112,519,11,9734,46,212,213,21352
2025-07-05,argo,com.airbnb.mvrx,MavericksLifecycleAwareFlowKtTest,testFlowsWhenStarted,1,4,0.0,5,0.8,1,0,1,0,11,0,1,0,0.0,0,0,0,12,0.0,1,2.5,0,0,0.0,0,0.0,1.0,109,99,0.0,9,0,0,1,0,0,0,0,0,0,0,0,0,0,0,0,10,0.0,10,1.1111111111111112,9,0,0,0,9,0,0,9,2,1,0,0,0,0,0,9,9,43,968,826,137,0,0,87,1.1111111111111112,519,11,9734,46,212,213,21352
2025-07-05,argo,com.airbnb.mvrx,MavericksLifecycleAwareFlowKtTest,testEmitsWhenRestarted,1,4,0.0,5,0.8,1,0,1,0,15,0,1,0,0.0,0,0,0,13,0.0,1,2.6666666666666665,0,0,0.0,0,0.0,1.0,109,99,0.0,9,0,0,1,0,0,0,0,0,0,0,0,0,0,0,0,10,0.0,10,1.1111111111111112,9,0,0,0,9,0,0,9,2,1,0,0,0,0,0,9,9,43,968,826,137,0,0,87,1.1111111111111112,519,11,9734,46,212,213,21352
2025-07-05,argo,com.airbnb.mvrx,MavericksLifecycleAwareFlowKtTest,testStateUpdateHasHigherPriority,2,4,0.0,5,1.0,1,0,1,0,17,1,2,0,0.0,0,0,0,13,0.0,1,2.6,0,0,0.0,0,0.0,1.0,109,99,0.0,9,0,0,1,0,0,0,0,0,0,0,0,0,0,0,0,10,0.0,10,1.1111111111111112,9,0,0,0,9,0,0,9,2,1,0,0,0,0,0,9,9,43,968,826,137,0,0,87,1.1111111111111112,519,11,9734,46,212,213,21352
2025-07-05,argo,com.airbnb.mvrx,MavericksLifecycleAwareFlowKtTest,testAllValuesCollectedIfLifecycleWasStarted,1,3,0.0,2,1.0,1,0,1,0,9,0,1,0,0.0,0,0,0,9,0.0,1,2.6,0,0,0.0,0,0.0,1.0,109,99,0.0,9,0,0,1,0,0,0,0,0,0,0,0,0,0,0,0,10,0.0,10,1.1111111111111112,9,0,0,0,9,0,0,9,2,1,0,0,0,0,0,9,9,43,968,826,137,0,0,87,1.1111111111111112,519,11,9734,46,212,213,21352
2025-07-05,argo,com.airbnb.mvrx,MavericksLifecycleAwareFlowKtTest,testFlowCompletedIfLifecycleDestroyed,1,4,0.0,3,1.0,1,0,1,0,16,0,1,0,0.0,0,0,0,9,0.0,1,2.7142857142857144,0,0,0.0,0,0.0,1.0,109,99,0.0,9,0,0,1,0,0,0,0,0,0,0,0,0,0,0,0,10,0.0,10,1.1111111111111112,9,0,0,0,9,0,0,9,2,1,0,0,0,0,0,9,9,43,968,826,137,0,0,87,1.1111111111111112,519,11,9734,46,212,213,21352
2025-07-05,argo,com.airbnb.mvrx,MavericksLifecycleAwareFlowKtTest,testFlowCompleteIfSourceFlowCompleted,1,1,0.0,1,1.0,1,0,1,0,5,0,1,0,0.0,0,0,0,3,0.0,2,3.0,0,0,0.0,0,0.0,1.0,109,99,0.0,9,0,0,1,0,0,0,0,0,0,0,0,0,0,0,0,10,0.0,10,1.1111111111111112,9,0,0,0,9,0,0,9,2,1,0,0,0,0,0,9,9,43,968,826,137,0,0,87,1.1111111111111112,519,11,9734,46,212,213,21352
2025-07-05,argo,com.airbnb.mvrx,MavericksLifecycleAwareFlowKtTest,testNullableFlow,1,4,0.0,2,1.0,1,0,1,0,9,0,1,0,0.0,0,0,0,9,0.0,1,2.6,0,0,0.0,0,0.0,1.0,109,99,0.0,9,0,0,1,0,0,0,0,0,0,0,0,0,0,0,0,10,0.0,10,1.1111111111111112,9,0,0,0,9,0,0,9,2,1,0,0,0,0,0,9,9,43,968,826,137,0,0,87,1.1111111111111112,519,11,9734,46,212,213,21352
2025-07-05,argo,com.airbnb.mvrx,PersistedStateTest,saveDefaultInt,1,3,0.0,1,1.0,1,0,5,1,6,0,1,0,0.0,0,0,1,4,0.0,0,2.0,0,1,0.0,0,0.0,1.0,204,167,0.0,24,0,0,1,0,0,2,0,0,0,0,0,0,0,0,0,24,0.01449275362318836,24,1.0,24,0,0,0,24,0,0,24,10,1,0,0,0,0,0,25,25,43,968,826,137,0,24,139,1.125,519,11,9734,46,212,213,21352
2025-07-05,argo,com.airbnb.mvrx,PersistedStateTest,saveInternalInt,1,2,0.0,1,1.0,1,0,5,1,5,0,1,0,0.0,0,0,1,3,0.0,0,2.0,0,1,0.0,0,0.0,1.0,204,167,0.0,24,0,0,1,0,0,2,0,0,0,0,0,0,0,0,0,24,0.01449275362318836,24,1.0,24,0,0,0,24,0,0,24,10,1,0,0,0,0,0,25,25,43,968,826,137,0,24,139,1.125,519,11,9734,46,212,213,21352
2025-07-05,argo,com.airbnb.mvrx,PersistedStateTest,validatesMissingKeyInBundle,2,3,0.0,3,1.0,1,0,5,1,8,0,2,0,0.0,0,0,1,7,0.0,0,2.25,0,1,0.0,0,0.0,1.0,204,167,0.0,24,0,0,1,0,0,2,0,0,0,0,0,0,0,0,0,24,0.01449275362318836,24,1.0,24,0,0,0,24,0,0,24,10,1,0,0,0,0,0,25,25,43,968,826,137,0,24,139,1.125,519,11,9734,46,212,213,21352
2025-07-05,argo,com.airbnb.mvrx,PersistedStateTest,savePrivateDefaultInt,1,3,0.0,1,1.0,1,0,5,1,8,0,1,0,0.0,0,0,1,5,0.0,1,2.0,0,1,0.0,0,0.0,1.0,204,167,0.0,24,0,0,1,0,0,2,0,0,0,0,0,0,0,0,0,24,0.01449275362318836,24,1.0,24,0,0,0,24,0,0,24,10,1,0,0,0,0,0,25,25,43,968,826,137,0,24,139,1.125,519,11,9734,46,212,213,21352
2025-07-05,argo,com.airbnb.mvrx,PersistedStateTest,saveSetInt,1,3,0.0,1,1.0,1,0,5,1,6,0,1,0,0.0,0,0,1,4,0.0,0,2.0,0,1,0.0,0,0.0,1.0,204,167,0.0,24,0,0,1,0,0,2,0,0,0,0,0,0,0,0,0,24,0.01449275362318836,24,1.0,24,0,0,0,24,0,0,24,10,1,0,0,0,0,0,25,25,43,968,826,137,0,24,139,1.125,519,11,9734,46,212,213,21352
2025-07-05,argo,com.airbnb.mvrx,PersistedStateTest,saveSetIntWithSecondaryConstructor,1,3,0.0,2,1.0,1,0,5,1,8,0,1,0,0.0,0,0,1,5,0.0,1,2.0,0,1,0.0,0,0.0,1.0,204,167,0.0,24,0,0,1,0,0,2,0,0,0,0,0,0,0,0,0,24,0.01449275362318836,24,1.0,24,0,0,0,24,0,0,24,10,1,0,0,0,0,0,25,25,43,968,826,137,0,24,139,1.125,519,11,9734,46,212,213,21352
2025-07-05,argo,com.airbnb.mvrx,PersistedStateTest,saveSetIntWithTwoPropertiesAndDerivedProp,1,4,0.0,1,1.0,1,0,5,1,8,0,1,0,0.0,0,0,1,5,0.0,0,2.0,0,1,0.0,0,0.0,1.0,204,167,0.0,24,0,0,1,0,0,2,0,0,0,0,0,0,0,0,0,24,0.01449275362318836,24,1.0,24,0,0,0,24,0,0,24,10,1,0,0,0,0,0,25,25,43,968,826,137,0,24,139,1.125,519,11,9734,46,212,213,21352
2025-07-05,argo,com.airbnb.mvrx,PersistedStateTest,saveSaveStateWithPrimitiveTypes,3,3,0.0,7,1.0,1,0,5,1,10,0,3,0,0.0,0,0,1,10,0.0,0,2.0,0,1,0.0,0,0.0,1.0,204,167,0.0,24,0,0,1,0,0,2,0,0,0,0,0,0,0,0,0,24,0.01449275362318836,24,1.0,24,0,0,0,24,0,0,24,10,1,0,0,0,0,0,25,25,43,968,826,137,0,24,139,1.125,519,11,9734,46,212,213,21352
2025-07-05,argo,com.airbnb.mvrx,PersistedStateTest,savePersistNothing,1,3,0.0,2,0.5,1,0,5,1,7,0,1,0,0.0,0,0,1,5,0.0,0,2.0,0,1,0.0,0,0.0,1.0,204,167,0.0,24,0,0,1,0,0,2,0,0,0,0,0,0,0,0,0,24,0.01449275362318836,24,1.0,24,0,0,0,24,0,0,24,10,1,0,0,0,0,0,25,25,43,968,826,137,0,24,139,1.125,519,11,9734,46,212,213,21352
2025-07-05,argo,com.airbnb.mvrx,PersistedStateTest,savePersistParcelable,1,2,0.0,1,1.0,1,0,5,1,6,0,1,0,0.0,0,0,1,5,0.0,0,3.0,0,1,0.0,0,0.0,1.0,204,167,0.0,24,0,0,1,0,0,2,0,0,0,0,0,0,0,0,0,24,0.01449275362318836,24,1.0,24,0,0,0,24,0,0,24,10,1,0,0,0,0,0,25,25,43,968,826,137,0,24,139,1.125,519,11,9734,46,212,213,21352
2025-07-05,argo,com.airbnb.mvrx,PersistedStateTest,savePersistParcelableWithValue,1,3,0.0,1,1.0,1,0,5,1,6,0,1,0,0.0,0,0,1,5,0.0,0,3.0,0,1,0.0,0,0.0,1.0,204,167,0.0,24,0,0,1,0,0,2,0,0,0,0,0,0,0,0,0,24,0.01449275362318836,24,1.0,24,0,0,0,24,0,0,24,10,1,0,0,0,0,0,25,25,43,968,826,137,0,24,139,1.125,519,11,9734,46,212,213,21352
2025-07-05,argo,com.airbnb.mvrx,PersistedStateTest,ignoreNestedPersistState,1,3,0.0,1,1.0,1,0,5,1,6,0,1,0,0.0,0,0,1,5,0.0,0,3.0,0,1,0.0,0,0.0,1.0,204,167,0.0,24,0,0,1,0,0,2,0,0,0,0,0,0,0,0,0,24,0.01449275362318836,24,1.0,24,0,0,0,24,0,0,24,10,1,0,0,0,0,0,25,25,43,968,826,137,0,24,139,1.125,519,11,9734,46,212,213,21352
2025-07-05,argo,com.airbnb.mvrx,PersistedStateTest,testNullableEnum,1,3,0.0,2,1.0,1,0,5,1,6,0,1,0,0.0,0,0,1,4,0.0,0,2.0,0,1,0.0,0,0.0,1.0,204,167,0.0,24,0,0,1,0,0,2,0,0,0,0,0,0,0,0,0,24,0.01449275362318836,24,1.0,24,0,0,0,24,0,0,24,10,1,0,0,0,0,0,25,25,43,968,826,137,0,24,139,1.125,519,11,9734,46,212,213,21352
2025-07-05,argo,com.airbnb.mvrx,PersistedStateTest,testNullableEnumReversed,1,3,0.0,2,1.0,1,0,5,1,6,0,1,0,0.0,0,0,1,5,0.0,0,2.0,0,1,0.0,0,0.0,1.0,204,167,0.0,24,0,0,1,0,0,2,0,0,0,0,0,0,0,0,0,24,0.01449275362318836,24,1.0,24,0,0,0,24,0,0,24,10,1,0,0,0,0,0,25,25,43,968,826,137,0,24,139,1.125,519,11,9734,46,212,213,21352
2025-07-05,argo,com.airbnb.mvrx,PersistedStateTest,testParcelableList,1,3,0.0,1,1.0,1,0,5,1,6,0,1,0,0.0,0,0,1,5,0.0,0,3.0,0,1,0.0,0,0.0,1.0,204,167,0.0,24,0,0,1,0,0,2,0,0,0,0,0,0,0,0,0,24,0.01449275362318836,24,1.0,24,0,0,0,24,0,0,24,10,1,0,0,0,0,0,25,25,43,968,826,137,0,24,139,1.125,519,11,9734,46,212,213,21352
2025-07-05,argo,com.airbnb.mvrx,PersistedStateTest,testParcelableListWithChangedValue,1,3,0.0,1,1.0,1,0,5,1,6,0,1,0,0.0,0,0,1,5,0.0,0,3.0,0,1,0.0,0,0.0,1.0,204,167,0.0,24,0,0,1,0,0,2,0,0,0,0,0,0,0,0,0,24,0.01449275362318836,24,1.0,24,0,0,0,24,0,0,24,10,1,0,0,0,0,0,25,25,43,968,826,137,0,24,139,1.125,519,11,9734,46,212,213,21352
2025-07-05,argo,com.airbnb.mvrx,PersistedStateTest,testNonParcelableList,1,2,0.0,3,1.0,1,0,5,1,7,0,1,0,0.0,0,0,1,8,0.0,0,2.75,0,1,0.0,0,0.0,1.0,204,167,0.0,24,0,0,1,0,0,2,0,0,0,0,0,0,0,0,0,24,0.01449275362318836,24,1.0,24,0,0,0,24,0,0,24,10,1,0,0,0,0,0,25,25,43,968,826,137,0,24,139,1.125,519,11,9734,46,212,213,21352
2025-07-05,argo,com.airbnb.mvrx,PersistedStateTest,testParcelableSetWithChangedValue,1,3,0.0,1,1.0,1,0,5,1,6,0,1,0,0.0,0,0,1,7,0.0,0,5.0,0,1,0.0,0,0.0,1.0,204,167,0.0,24,0,0,1,0,0,2,0,0,0,0,0,0,0,0,0,24,0.01449275362318836,24,1.0,24,0,0,0,24,0,0,24,10,1,0,0,0,0,0,25,25,43,968,826,137,0,24,139,1.125,519,11,9734,46,212,213,21352
2025-07-05,argo,com.airbnb.mvrx,PersistedStateTest,testNonParcelableSet,1,2,0.0,3,1.0,1,0,5,1,7,0,1,0,0.0,0,0,1,8,0.0,0,2.75,0,1,0.0,0,0.0,1.0,204,167,0.0,24,0,0,1,0,0,2,0,0,0,0,0,0,0,0,0,24,0.01449275362318836,24,1.0,24,0,0,0,24,0,0,24,10,1,0,0,0,0,0,25,25,43,968,826,137,0,24,139,1.125,519,11,9734,46,212,213,21352
2025-07-05,argo,com.airbnb.mvrx,PersistedStateTest,testParcelableMapWithChangedValue,1,3,0.0,1,1.0,1,0,5,1,6,0,1,0,0.0,0,0,1,5,0.0,0,3.0,0,1,0.0,0,0.0,1.0,204,167,0.0,24,0,0,1,0,0,2,0,0,0,0,0,0,0,0,0,24,0.01449275362318836,24,1.0,24,0,0,0,24,0,0,24,10,1,0,0,0,0,0,25,25,43,968,826,137,0,24,139,1.125,519,11,9734,46,212,213,21352
2025-07-05,argo,com.airbnb.mvrx,PersistedStateTest,testNonParcelableMap,1,2,0.0,3,1.0,1,0,5,1,7,0,1,0,0.0,0,0,1,8,0.0,0,2.75,0,1,0.0,0,0.0,1.0,204,167,0.0,24,0,0,1,0,0,2,0,0,0,0,0,0,0,0,0,24,0.01449275362318836,24,1.0,24,0,0,0,24,0,0,24,10,1,0,0,0,0,0,25,25,43,968,826,137,0,24,139,1.125,519,11,9734,46,212,213,21352
2025-07-05,argo,com.airbnb.mvrx,PersistedStateTest,failOnNonParcelable,1,2,0.0,2,1.0,1,0,5,1,8,0,1,0,0.0,0,0,1,8,0.0,0,2.5,0,1,0.0,0,0.0,1.0,204,167,0.0,24,0,0,1,0,0,2,0,0,0,0,0,0,0,0,0,24,0.01449275362318836,24,1.0,24,0,0,0,24,0,0,24,10,1,0,0,0,0,0,25,25,43,968,826,137,0,24,139,1.125,519,11,9734,46,212,213,21352
2025-07-05,argo,com.airbnb.mvrx,PersistedStateTest,testClassWithExactly32Parameters,1,3,0.0,3,1.0,1,0,5,1,9,0,1,0,0.0,0,0,1,6,0.0,0,2.0,0,1,0.0,0,0.0,1.0,204,167,0.0,24,0,0,1,0,0,2,0,0,0,0,0,0,0,0,0,24,0.01449275362318836,24,1.0,24,0,0,0,24,0,0,24,10,1,0,0,0,0,0,25,25,43,968,826,137,0,24,139,1.125,519,11,9734,46,212,213,21352
2025-07-05,argo,com.airbnb.mvrx,PersistedStateTest,testClassWithMoreThan32Parameters,1,3,0.0,4,1.0,1,0,5,1,9,0,1,0,0.0,0,0,1,7,0.0,0,2.0,0,1,0.0,0,0.0,1.0,204,167,0.0,24,0,0,1,0,0,2,0,0,0,0,0,0,0,0,0,24,0.01449275362318836,24,1.0,24,0,0,0,24,0,0,24,10,1,0,0,0,0,0,25,25,43,968,826,137,0,24,139,1.125,519,11,9734,46,212,213,21352
2025-07-05,argo,com.airbnb.mvrx,StateImmutabilityTest,arrayMap,1,0,0.0,0,0.0,1,0,1,0,4,0,1,0,0.0,0,0,1,2,0.0,0,0.0,0,1,0.0,0,0.0,1.0,16,12,0.0,3,0,0,1,0,0,1,0,0,0,0,0,0,0,0,0,3,0.0,3,1.0,3,0,0,0,3,0,0,3,2,1,0,0,0,0,0,3,3,43,968,826,137,0,3,6,1.0,519,11,9734,46,212,213,21352
2025-07-05,argo,com.airbnb.mvrx,StateImmutabilityTest,sparseArray,1,0,0.0,0,0.0,1,0,1,0,4,0,1,0,0.0,0,0,1,2,0.0,0,0.0,0,1,0.0,0,0.0,1.0,16,12,0.0,3,0,0,1,0,0,1,0,0,0,0,0,0,0,0,0,3,0.0,3,1.0,3,0,0,0,3,0,0,3,2,1,0,0,0,0,0,3,3,43,968,826,137,0,3,6,1.0,519,11,9734,46,212,213,21352
2025-07-05,argo,com.airbnb.mvrx,StateImmutabilityTest,sparseArrayCompat,1,0,0.0,0,0.0,1,0,1,0,4,0,1,0,0.0,0,0,1,2,0.0,0,0.0,0,1,0.0,0,0.0,1.0,16,12,0.0,3,0,0,1,0,0,1,0,0,0,0,0,0,0,0,0,3,0.0,3,1.0,3,0,0,0,3,0,0,3,2,1,0,0,0,0,0,3,3,43,968,826,137,0,3,6,1.0,519,11,9734,46,212,213,21352
2025-07-05,argo,com.airbnb.mvrx,StateRestorationTest,testStateRestorationWithBaseTypeDeclarationSucceeds,1,3,0.0,4,1.0,1,0,11,0,7,0,1,0,0.0,0,0,2,15,0.0,0,3.2857142857142856,0,2,0.0,0,0.0,1.0,73,23,0.0,3,0,0,1,0,0,4,0,0,0,0,1,1,1,0,0,3,0.0,3,1.0,3,0,0,0,3,0,0,3,0,1,0,0,2,0,2,6,8,43,968,826,137,0,7,39,1.0,519,11,9734,46,212,213,21352
2025-07-05,argo,com.airbnb.mvrx,StateRestorationTest,testStateRestorationWithBaseTypeDeclarationSucceedsTwiceInARow,1,4,0.0,5,1.0,1,0,11,0,9,0,1,0,0.0,0,0,3,18,0.0,0,3.1,0,3,0.0,0,0.0,1.0,73,23,0.0,3,0,0,1,0,0,4,0,0,0,0,1,1,1,0,0,3,0.0,3,1.0,3,0,0,0,3,0,0,3,0,1,0,0,2,0,2,6,8,43,968,826,137,0,7,39,1.0,519,11,9734,46,212,213,21352
2025-07-05,argo,com.airbnb.mvrx,StateRestorationTest,create,1,1,0.0,3,1.0,1,0,11,0,7,0,1,0,0.0,0,0,2,6,0.0,1,2.3333333333333335,0,0,0.0,0,0.0,1.0,73,23,0.0,3,0,0,1,0,0,4,0,0,0,0,1,1,1,0,0,3,0.0,3,1.0,3,0,0,0,3,0,0,3,0,1,0,0,2,0,2,6,8,43,968,826,137,1,7,39,1.0,519,11,9734,46,212,213,21352
2025-07-05,argo,com.airbnb.mvrx,TestActivity,onCreate,1,0,0.0,3,1.0,1,0,1,0,8,0,1,0,0.0,1,0,2,7,0.0,1,2.8,1,2,0.0,0,0.0,1.0,10,8,0.0,1,0,1,4,0,1,2,0,0,0,0,0,0,0,0,1,1,0.0,1,1.0,1,1,0,0,1,0,0,1,1,1,0,0,0,0,0,1,1,43,968,826,137,0,2,7,1.0,519,11,9734,46,212,213,21352
2025-07-05,argo,com.airbnb.mvrx,TestMvRxActivity,onCreate,1,0,0.0,1,1.0,1,0,1,0,4,0,1,0,0.0,1,0,1,2,0.0,1,2.5,1,1,0.0,0,0.0,0.0,6,4,0.0,1,0,1,4,0,1,1,0,0,0,0,0,0,0,0,0,1,0.0,1,1.0,1,1,0,0,1,0,0,1,1,1,0,0,0,0,0,1,1,43,968,826,137,0,1,2,1.0,519,11,9734,46,212,213,21352
2025-07-05,argo,com.airbnb.mvrx,ViewModelStoreTestViewModel,setCount,1,0,0.0,0,0.0,1,1,1,1,1,0,1,0,0.0,0,0,0,1,0.0,0,0.0,1,0,0.0,0,0.0,0.0,3,0,0.0,1,0,0,1,0,1,0,0,0,0,0,0,0,0,0,0,1,0.0,1,1.0,1,0,3,0,19,0,0,19,11,5,0,0,0,0,0,1,1,43,968,826,137,0,1,3,1.0,519,11,9734,46,212,213,21352
2025-07-05,argo,com.airbnb.mvrx,ViewModelStoreActivity,onCreate,1,0,0.0,1,1.0,1,0,1,1,4,0,1,0,0.0,1,0,1,2,0.0,1,2.5,1,1,0.0,0,0.0,0.0,8,4,0.0,1,1,1,1,1,1,1,0,0,0,1,1,0,0,0,0,1,0.0,1,1.0,1,1,3,0,19,0,0,19,11,5,0,0,0,0,0,1,1,43,968,826,137,0,1,3,1.0,519,11,9734,46,212,213,21352
2025-07-05,argo,com.airbnb.mvrx,Async,invoke,1,0,0.0,0,0.0,0,0,1,0,1,0,1,0,0.0,0,0,0,0,0.0,0,0.0,0,0,0.0,0,0.0,0.0,11,1,0.0,1,0,0,0,0,1,0,1,0,0,0,0,0,0,0,3,1,0.0,1,1.0,1,0,0,0,0,0,0,0,0,5,0,0,2,0,2,1,3,43,968,826,137,0,0,0,1.0,519,11,9734,46,212,213,21352
2025-07-05,argo,com.airbnb.mvrx,CoroutinesStateStore,setupTriggerFlushQueues,3,0,0.0,2,1.0,0,3,1,0,6,1,3,1,0.0,1,0,1,2,0.0,1,2.0,1,1,0.0,0,0.2,1.0,61,17,0.5,4,5,2,1,0,3,4,0,4,0,0,6,2,2,1,0,10,0.6,10,2.0,5,2,5,0,2,3,0,2,0,1,0,0,0,0,0,5,5,43,968,826,137,0,2,12,2.2,519,11,9734,46,212,213,21352
2025-07-05,argo,com.airbnb.mvrx,CoroutinesStateStore,flushQueuesOnce,2,1,0.0,3,1.0,0,3,1,0,12,1,2,1,1.0,0,4,1,4,4.0,1,2.0,0,1,0.0,0,0.2,1.0,61,17,0.5,4,5,2,1,0,3,4,0,4,0,0,6,2,2,1,0,10,0.6,10,2.0,5,2,5,0,2,3,0,2,0,1,0,0,0,0,0,5,5,43,968,826,137,0,2,12,2.2,519,11,9734,46,212,213,21352
2025-07-05,argo,com.airbnb.mvrx,CoroutinesStateStore,flushQueuesOnceBlocking,2,0,1.0,1,1.0,0,3,1,0,5,1,2,1,0.0,1,0,0,2,0.0,0,2.0,0,0,0.0,0,0.2,1.0,61,17,0.5,4,5,2,1,0,3,4,0,4,0,0,6,2,2,1,0,10,0.6,10,2.0,5,2,5,0,2,3,0,2,0,1,0,0,0,0,0,5,5,43,968,826,137,0,2,12,2.2,519,11,9734,46,212,213,21352
2025-07-05,argo,com.airbnb.mvrx,CoroutinesStateStore,get,2,0,0.0,2,1.0,0,3,1,0,6,1,2,2,0.5,1,1,0,2,1.0,1,2.0,1,0,0.0,0,0.2,1.0,61,17,0.5,4,5,2,1,0,3,4,0,4,0,0,6,2,2,1,0,10,0.6,10,2.0,5,2,5,0,2,3,0,2,0,1,0,0,0,0,0,5,5,43,968,826,137,0,2,12,2.2,519,11,9734,46,212,213,21352
2025-07-05,argo,com.airbnb.mvrx,CoroutinesStateStore,set,2,0,0.0,2,1.0,0,3,1,0,6,1,2,3,0.5,1,1,0,2,2.0,1,2.0,1,0,0.0,0,0.2,1.0,61,17,0.5,4,5,2,1,0,3,4,0,4,0,0,6,2,2,1,0,10,0.6,10,2.0,5,2,5,0,2,3,0,2,0,1,0,0,0,0,0,5,5,43,968,826,137,0,2,12,2.2,519,11,9734,46,212,213,21352
2025-07-05,argo,com.airbnb.mvrx,MavericksRepository,validateState,1,0,0.0,0,0.0,0,2,1,0,3,0,1,0,1.0,0,1,1,1,1.0,0,0.0,0,1,0.0,0,0.023391812865497075,0.6842105263157895,128,57,0.058823529411764705,19,6,1,0,1,28,4,0,2,2,1,6,0,0,0,0,27,0.847953216374269,27,1.4210526315789473,19,1,6,0,3,1,15,3,0,0,0,0,0,0,0,19,19,43,968,826,137,0,3,47,2.1,519,11,9734,46,212,213,21352
2025-07-05,argo,com.airbnb.mvrx,MavericksRepository,setState,8,3,0.0,6,1.0,0,2,1,0,24,3,8,0,0.5,0,3,0,22,1.0,2,2.3,1,0,0.0,0,0.023391812865497075,0.6842105263157895,128,57,0.058823529411764705,19,6,1,0,1,28,4,0,2,2,1,6,0,0,0,0,27,0.847953216374269,27,1.4210526315789473,19,1,6,0,3,1,15,3,0,0,0,0,0,0,0,19,19,43,968,826,137,0,3,47,2.1,519,11,9734,46,212,213,21352
2025-07-05,argo,com.airbnb.mvrx,MavericksRepository,awaitState,1,1,1.0,1,1.0,0,2,1,0,5,0,1,1,0.0,1,0,1,2,0.0,1,2.0,0,1,0.0,0,0.023391812865497075,0.6842105263157895,128,57,0.058823529411764705,19,6,1,0,1,28,4,0,2,2,1,6,0,0,0,0,27,0.847953216374269,27,1.4210526315789473,19,1,6,0,3,1,15,3,0,0,0,0,0,0,0,19,19,43,968,826,137,0,3,47,2.1,519,11,9734,46,212,213,21352
2025-07-05,argo,com.airbnb.mvrx,MavericksRepository,withState,1,0,0.0,1,1.0,0,2,1,0,3,0,1,0,0.5,0,1,0,1,2.0,1,2.0,1,0,0.0,0,0.023391812865497075,0.6842105263157895,128,57,0.058823529411764705,19,6,1,0,1,28,4,0,2,2,1,6,0,0,0,0,27,0.847953216374269,27,1.4210526315789473,19,1,6,0,3,1,15,3,0,0,0,0,0,0,0,19,19,43,968,826,137,0,3,47,2.1,519,11,9734,46,212,213,21352
2025-07-05,argo,com.airbnb.mvrx,MavericksRepository,execute,1,0,0.0,0,0.0,0,2,1,0,1,0,1,0,0.0,3,0,0,1,0.0,1,2.0,3,0,0.0,0,0.023391812865497075,0.6842105263157895,128,57,0.058823529411764705,19,6,1,0,1,28,4,0,2,2,1,6,0,0,0,0,27,0.847953216374269,27,1.4210526315789473,19,1,6,0,3,1,15,3,0,0,0,0,0,0,0,19,19,43,968,826,137,0,3,47,2.1,519,11,9734,46,212,213,21352
2025-07-05,argo,com.airbnb.mvrx,MavericksRepository,execute,6,2,0.0,6,0.8571,0,2,1,0,18,2,6,4,0.2222222222222222,0,1,1,12,0.2,2,2.25,3,1,0.0,0,0.023391812865497075,0.6842105263157895,128,57,0.058823529411764705,19,6,1,0,1,28,4,0,2,2,1,6,0,0,0,0,27,0.847953216374269,27,1.4210526315789473,19,1,6,0,3,1,15,3,0,0,0,0,0,0,0,19,19,43,968,826,137,0,3,47,2.1,519,11,9734,46,212,213,21352
2025-07-05,argo,com.airbnb.mvrx,MavericksRepository,execute,4,1,0.0,5,1.0,0,2,1,0,11,2,4,4,0.2,0,1,1,9,0.25,4,2.3,3,1,0.0,0,0.023391812865497075,0.6842105263157895,128,57,0.058823529411764705,19,6,1,0,1,28,4,0,2,2,1,6,0,0,0,0,27,0.847953216374269,27,1.4210526315789473,19,1,6,0,3,1,15,3,0,0,0,0,0,0,0,19,19,43,968,826,137,0,3,47,2.1,519,11,9734,46,212,213,21352
2025-07-05,argo,com.airbnb.mvrx,MavericksRepository,setOnEach,2,1,0.0,4,1.0,0,2,1,0,7,1,2,9,0.5,0,1,0,5,0.33,1,2.0,2,0,0.0,0,0.023391812865497075,0.6842105263157895,128,57,0.058823529411764705,19,6,1,0,1,28,4,0,2,2,1,6,0,0,0,0,27,0.847953216374269,27,1.4210526315789473,19,1,6,0,3,1,15,3,0,0,0,0,0,0,0,19,19,43,968,826,137,0,3,47,2.1,519,11,9734,46,212,213,21352
2025-07-05,argo,com.airbnb.mvrx,MavericksRepository,onEach,1,0,0.0,0,0.0,0,2,1,0,1,0,1,0,0.0,0,0,0,1,0.0,0,0.0,1,0,0.0,0,0.023391812865497075,0.6842105263157895,128,57,0.058823529411764705,19,6,1,0,1,28,4,0,2,2,1,6,0,0,0,0,27,0.847953216374269,27,1.4210526315789473,19,1,6,0,3,1,15,3,0,0,0,0,0,0,0,19,19,43,968,826,137,0,3,47,2.1,519,11,9734,46,212,213,21352
2025-07-05,argo,com.airbnb.mvrx,MavericksRepository,onEach,1,0,0.0,0,0.0,0,2,1,0,1,0,1,0,0.0,0,0,0,1,0.0,0,0.0,2,0,0.0,0,0.023391812865497075,0.6842105263157895,128,57,0.058823529411764705,19,6,1,0,1,28,4,0,2,2,1,6,0,0,0,0,27,0.847953216374269,27,1.4210526315789473,19,1,6,0,3,1,15,3,0,0,0,0,0,0,0,19,19,43,968,826,137,0,3,47,2.1,519,11,9734,46,212,213,21352
2025-07-05,argo,com.airbnb.mvrx,MavericksRepository,onEach,1,0,0.0,0,0.0,0,2,1,0,1,0,1,0,0.0,0,0,0,1,0.0,0,0.0,3,0,0.0,0,0.023391812865497075,0.6842105263157895,128,57,0.058823529411764705,19,6,1,0,1,28,4,0,2,2,1,6,0,0,0,0,27,0.847953216374269,27,1.4210526315789473,19,1,6,0,3,1,15,3,0,0,0,0,0,0,0,19,19,43,968,826,137,0,3,47,2.1,519,11,9734,46,212,213,21352
2025-07-05,argo,com.airbnb.mvrx,MavericksRepository,onEach,1,0,0.0,0,0.0,0,2,1,0,1,0,1,0,0.0,0,0,0,1,0.0,0,0.0,4,0,0.0,0,0.023391812865497075,0.6842105263157895,128,57,0.058823529411764705,19,6,1,0,1,28,4,0,2,2,1,6,0,0,0,0,27,0.847953216374269,27,1.4210526315789473,19,1,6,0,3,1,15,3,0,0,0,0,0,0,0,19,19,43,968,826,137,0,3,47,2.1,519,11,9734,46,212,213,21352
2025-07-05,argo,com.airbnb.mvrx,MavericksRepository,onEach,1,0,0.0,0,0.0,0,2,1,0,1,0,1,0,0.0,0,0,0,1,0.0,0,0.0,5,0,0.0,0,0.023391812865497075,0.6842105263157895,128,57,0.058823529411764705,19,6,1,0,1,28,4,0,2,2,1,6,0,0,0,0,27,0.847953216374269,27,1.4210526315789473,19,1,6,0,3,1,15,3,0,0,0,0,0,0,0,19,19,43,968,826,137,0,3,47,2.1,519,11,9734,46,212,213,21352
2025-07-05,argo,com.airbnb.mvrx,MavericksRepository,onEach,1,0,0.0,0,0.0,0,2,1,0,1,0,1,0,0.0,0,0,0,1,0.0,0,0.0,6,0,0.0,0,0.023391812865497075,0.6842105263157895,128,57,0.058823529411764705,19,6,1,0,1,28,4,0,2,2,1,6,0,0,0,0,27,0.847953216374269,27,1.4210526315789473,19,1,6,0,3,1,15,3,0,0,0,0,0,0,0,19,19,43,968,826,137,0,3,47,2.1,519,11,9734,46,212,213,21352
2025-07-05,argo,com.airbnb.mvrx,MavericksRepository,onEach,1,0,0.0,0,0.0,0,2,1,0,1,0,1,0,0.0,0,0,0,1,0.0,0,0.0,7,0,0.0,0,0.023391812865497075,0.6842105263157895,128,57,0.058823529411764705,19,6,1,0,1,28,4,0,2,2,1,6,0,0,0,0,27,0.847953216374269,27,1.4210526315789473,19,1,6,0,3,1,15,3,0,0,0,0,0,0,0,19,19,43,968,826,137,0,3,47,2.1,519,11,9734,46,212,213,21352
2025-07-05,argo,com.airbnb.mvrx,MavericksRepository,onEach,1,0,0.0,0,0.0,0,2,1,0,1,0,1,0,0.0,0,0,0,1,0.0,0,0.0,8,0,0.0,0,0.023391812865497075,0.6842105263157895,128,57,0.058823529411764705,19,6,1,0,1,28,4,0,2,2,1,6,0,0,0,0,27,0.847953216374269,27,1.4210526315789473,19,1,6,0,3,1,15,3,0,0,0,0,0,0,0,19,19,43,968,826,137,0,3,47,2.1,519,11,9734,46,212,213,21352
2025-07-05,argo,com.airbnb.mvrx,MavericksRepository,onAsync,1,0,0.0,0,0.0,0,2,1,0,1,0,1,0,0.0,0,0,0,1,0.0,0,0.0,3,0,0.0,0,0.023391812865497075,0.6842105263157895,128,57,0.058823529411764705,19,6,1,0,1,28,4,0,2,2,1,6,0,0,0,0,27,0.847953216374269,27,1.4210526315789473,19,1,6,0,3,1,15,3,0,0,0,0,0,0,0,19,19,43,968,826,137,0,3,47,2.1,519,11,9734,46,212,213,21352
2025-07-05,argo,com.airbnb.mvrx,MavericksRepository,resolveSubscription,1,0,0.0,1,1.0,0,2,1,0,6,0,1,0,0.5,0,1,0,5,1.0,0,2.5,1,0,0.0,0,0.023391812865497075,0.6842105263157895,128,57,0.058823529411764705,19,6,1,0,1,28,4,0,2,2,1,6,0,0,0,0,27,0.847953216374269,27,1.4210526315789473,19,1,6,0,3,1,15,3,0,0,0,0,0,0,0,19,19,43,968,826,137,0,3,47,2.1,519,11,9734,46,212,213,21352
2025-07-05,argo,com.airbnb.mvrx,MavericksRepository,toString,1,0,0.0,0,0.0,0,2,1,0,1,0,1,0,0.0,0,1,0,0,1.0,0,3.0,0,0,0.0,0,0.023391812865497075,0.6842105263157895,128,57,0.058823529411764705,19,6,1,0,1,28,4,0,2,2,1,6,0,0,0,0,27,0.847953216374269,27,1.4210526315789473,19,1,6,0,3,1,15,3,0,0,0,0,0,0,0,19,19,43,968,826,137,0,3,47,2.1,519,11,9734,46,212,213,21352
2025-07-05,argo,com.airbnb.mvrx,AsyncStateStoreTest,testFlowNotCompletedAfterScopeCancelled,1,3,0.0,3,1.0,0,0,1,0,7,0,1,0,0.0,0,0,0,8,0.0,1,2.2,0,0,0.0,0,0.0,1.0,9,7,0.0,1,0,0,0,0,0,0,0,0,0,0,0,0,0,0,0,1,0.0,1,1.0,1,0,0,0,1,0,0,1,0,1,0,0,0,0,0,1,1,43,968,826,137,0,0,8,1.0,519,11,9734,46,212,213,21352
2025-07-05,argo,com.airbnb.mvrx,AsyncTest,incompleteValueIsNull,1,0,0.0,0,0.0,1,0,1,0,3,0,1,0,0.0,0,0,1,1,0.0,0,0.0,0,1,0.0,0,0.0,0.6923076923076923,71,57,0.23076923076923078,13,0,0,1,0,1,4,0,0,0,0,0,0,0,0,0,13,0.6923076923076923,13,1.0,13,0,0,0,12,1,0,12,2,1,0,0,0,0,0,13,13,43,968,826,137,0,15,31,1.0,519,11,9734,46,212,213,21352
2025-07-05,argo,com.airbnb.mvrx,AsyncTest,loadingValueIsNull,1,0,0.0,0,0.0,1,0,1,0,3,0,1,0,0.0,0,0,1,1,0.0,0,0.0,0,1,0.0,0,0.0,0.6923076923076923,71,57,0.23076923076923078,13,0,0,1,0,1,4,0,0,0,0,0,0,0,0,0,13,0.6923076923076923,13,1.0,13,0,0,0,12,1,0,12,2,1,0,0,0,0,0,13,13,43,968,826,137,0,15,31,1.0,519,11,9734,46,212,213,21352
2025-07-05,argo,com.airbnb.mvrx,AsyncTest,failValueIsNull,1,0,0.0,0,0.0,1,0,1,0,3,0,1,0,0.0,0,0,1,1,0.0,0,0.0,0,1,0.0,0,0.0,0.6923076923076923,71,57,0.23076923076923078,13,0,0,1,0,1,4,0,0,0,0,0,0,0,0,0,13,0.6923076923076923,13,1.0,13,0,0,0,12,1,0,12,2,1,0,0,0,0,0,13,13,43,968,826,137,0,15,31,1.0,519,11,9734,46,212,213,21352
2025-07-05,argo,com.airbnb.mvrx,AsyncTest,successValueIsCorrect,1,0,0.0,0,0.0,1,0,1,0,3,0,1,0,0.0,0,0,1,1,0.0,0,0.0,0,1,0.0,0,0.0,0.6923076923076923,71,57,0.23076923076923078,13,0,0,1,0,1,4,0,0,0,0,0,0,0,0,0,13,0.6923076923076923,13,1.0,13,0,0,0,12,1,0,12,2,1,0,0,0,0,0,13,13,43,968,826,137,0,15,31,1.0,519,11,9734,46,212,213,21352
2025-07-05,argo,com.airbnb.mvrx,AsyncTest,successHasMetadata,1,1,0.0,3,1.0,1,0,1,0,6,0,1,0,0.0,0,0,3,4,0.0,1,2.0,0,3,0.0,0,0.0,0.6923076923076923,71,57,0.23076923076923078,13,0,0,1,0,1,4,0,0,0,0,0,0,0,0,0,13,0.6923076923076923,13,1.0,13,0,0,0,12,1,0,12,2,1,0,0,0,0,0,13,13,43,968,826,137,0,15,31,1.0,519,11,9734,46,212,213,21352
2025-07-05,argo,com.airbnb.mvrx,AsyncTest,testFailEqualsWithSameException,1,2,1.0,0,0.0,1,0,1,0,5,0,1,0,0.0,1,0,1,4,0.0,0,3.0,0,1,0.0,0,0.0,0.6923076923076923,71,57,0.23076923076923078,13,0,0,1,0,1,4,0,0,0,0,0,0,0,0,0,13,0.6923076923076923,13,1.0,13,0,0,0,12,1,0,12,2,1,0,0,0,0,0,13,13,43,968,826,137,0,15,31,1.0,519,11,9734,46,212,213,21352
2025-07-05,argo,com.airbnb.mvrx,AsyncTest,testFailNotEqualsWithDifferentMessage,1,2,1.0,0,0.0,1,0,1,0,5,0,1,0,0.0,1,0,1,4,0.0,0,3.0,0,1,0.0,0,0.0,0.6923076923076923,71,57,0.23076923076923078,13,0,0,1,0,1,4,0,0,0,0,0,0,0,0,0,13,0.6923076923076923,13,1.0,13,0,0,0,12,1,0,12,2,1,0,0,0,0,0,13,13,43,968,826,137,0,15,31,1.0,519,11,9734,46,212,213,21352
2025-07-05,argo,com.airbnb.mvrx,AsyncTest,testFailNotEqualsWithDifferentClass,1,2,1.0,0,0.0,1,0,1,0,5,0,1,0,0.0,1,0,1,4,0.0,0,3.0,0,1,0.0,0,0.0,0.6923076923076923,71,57,0.23076923076923078,13,0,0,1,0,1,4,0,0,0,0,0,0,0,0,0,13,0.6923076923076923,13,1.0,13,0,0,0,12,1,0,12,2,1,0,0,0,0,0,13,13,43,968,826,137,0,15,31,1.0,519,11,9734,46,212,213,21352
2025-07-05,argo,com.airbnb.mvrx,AsyncTest,testFailNotEqualsWithDifferentStackTrace,1,2,0.0,0,0.0,1,0,1,0,5,0,1,0,0.0,0,0,1,3,0.0,0,0.0,0,1,0.0,0,0.0,0.6923076923076923,71,57,0.23076923076923078,13,0,0,1,0,1,4,0,0,0,0,0,0,0,0,0,13,0.6923076923076923,13,1.0,13,0,0,0,12,1,0,12,2,1,0,0,0,0,0,13,13,43,968,826,137,0,15,31,1.0,519,11,9734,46,212,213,21352
2025-07-05,argo,com.airbnb.mvrx,AsyncTest,testFailNotEqualsWhenOneHasNoStackTrace,1,2,0.0,1,1.0,1,0,1,0,5,0,1,0,0.0,0,0,1,3,0.0,1,2.0,0,1,0.0,0,0.0,0.6923076923076923,71,57,0.23076923076923078,13,0,0,1,0,1,4,0,0,0,0,0,0,0,0,0,13,0.6923076923076923,13,1.0,13,0,0,0,12,1,0,12,2,1,0,0,0,0,0,13,13,43,968,826,137,0,15,31,1.0,519,11,9734,46,212,213,21352
2025-07-05,argo,com.airbnb.mvrx,AsyncTest,testFailNotEqualsWhenOtherHasNoStackTrace,1,2,0.0,1,1.0,1,0,1,0,5,0,1,0,0.0,0,0,1,3,0.0,1,2.0,0,1,0.0,0,0.0,0.6923076923076923,71,57,0.23076923076923078,13,0,0,1,0,1,4,0,0,0,0,0,0,0,0,0,13,0.6923076923076923,13,1.0,13,0,0,0,12,1,0,12,2,1,0,0,0,0,0,13,13,43,968,826,137,0,15,31,1.0,519,11,9734,46,212,213,21352
2025-07-05,argo,com.airbnb.mvrx,AsyncTest,testFailEqualsWhenNeitherHasStackTrace,1,2,0.0,1,1.0,1,0,1,0,5,0,1,0,0.0,0,0,1,2,0.0,1,2.0,0,1,0.0,0,0.0,0.6923076923076923,71,57,0.23076923076923078,13,0,0,1,0,1,4,0,0,0,0,0,0,0,0,0,13,0.6923076923076923,13,1.0,13,0,0,0,12,1,0,12,2,1,0,0,0,0,0,13,13,43,968,826,137,0,15,31,1.0,519,11,9734,46,212,213,21352
2025-07-05,argo,com.airbnb.mvrx,AsyncTest,withStackTraceOf,1,0,0.0,0,0.0,1,0,1,0,4,0,1,0,0.0,0,0,1,0,0.0,0,2.0,1,0,0.0,0,0.0,0.6923076923076923,71,57,0.23076923076923078,13,0,0,1,0,1,4,0,0,0,0,0,0,0,0,0,13,0.6923076923076923,13,1.0,13,0,0,0,12,1,0,12,2,1,0,0,0,0,0,13,13,43,968,826,137,0,15,31,1.0,519,11,9734,46,212,213,21352
2025-07-05,argo,com.airbnb.mvrx,BaseTestMavericksRepository,tearDown,1,0,0.0,1,1.0,0,0,1,0,3,0,1,0,0.0,0,0,1,1,0.0,1,2.0,0,1,0.0,0,0.0,0.0,5,3,0.0,1,0,0,1,0,0,1,0,0,0,0,0,0,0,0,1,1,0.0,1,1.0,1,0,0,0,1,0,0,1,0,0,0,0,0,0,0,1,1,43,968,826,137,0,1,1,1.0,519,11,9734,46,212,213,21352
2025-07-05,argo,com.airbnb.mvrx,CoroutineStateStoreReplayTest,replayTest,1,0,1.0,0,0.0,0,0,2,0,1,0,1,1,0.0,1,0,0,1,0.0,0,0.0,0,0,0.0,0,0.0,1.0,28,21,0.5,4,0,0,0,0,1,0,0,0,0,0,0,0,0,0,0,4,0.33333333333333337,4,1.0,4,0,0,0,3,1,0,3,0,1,0,0,0,0,0,4,4,43,968,826,137,0,0,27,1.0,519,11,9734,46,212,213,21352
2025-07-05,argo,com.airbnb.mvrx,CoroutineStateStoreReplayTest,replayLargeTest,1,0,1.0,0,0.0,0,0,2,0,1,0,1,1,0.0,1,0,0,1,0.0,0,0.0,0,0,0.0,0,0.0,1.0,28,21,0.5,4,0,0,0,0,1,0,0,0,0,0,0,0,0,0,0,4,0.33333333333333337,4,1.0,4,0,0,0,3,1,0,3,0,1,0,0,0,0,0,4,4,43,968,826,137,0,0,27,1.0,519,11,9734,46,212,213,21352
2025-07-05,argo,com.airbnb.mvrx,CoroutineStateStoreReplayTest,singleReplayTestIteration,1,2,0.0,5,1.0,0,0,2,0,7,0,1,0,0.0,0,0,0,13,0.0,1,2.3333333333333335,2,0,0.0,0,0.0,1.0,28,21,0.5,4,0,0,0,0,1,0,0,0,0,0,0,0,0,0,0,4,0.33333333333333337,4,1.0,4,0,0,0,3,1,0,3,0,1,0,0,0,0,0,4,4,43,968,826,137,0,0,27,1.0,519,11,9734,46,212,213,21352
2025-07-05,argo,com.airbnb.mvrx,CoroutineStateStoreReplayTest,testProperCancellation,1,4,0.0,4,1.0,0,0,2,0,12,0,1,0,0.0,0,0,0,12,0.0,1,2.1818181818181817,0,0,0.0,0,0.0,1.0,28,21,0.5,4,0,0,0,0,1,0,0,0,0,0,0,0,0,0,0,4,0.33333333333333337,4,1.0,4,0,0,0,3,1,0,3,0,1,0,0,0,0,0,4,4,43,968,826,137,0,0,27,1.0,519,11,9734,46,212,213,21352
2025-07-05,argo,com.airbnb.mvrx,MavericksMutabilityHelperKtTest,isData,1,0,0.0,1,1.0,0,1,2,0,4,0,1,0,0.0,0,0,2,3,0.0,0,3.0,0,2,0.0,0,0.0,0.0,8,0,0.0,1,0,0,0,0,0,2,0,0,0,0,0,0,0,0,0,1,0.0,1,1.0,1,0,0,0,1,0,0,1,0,1,0,0,0,0,0,1,1,43,968,826,137,0,2,3,1.0,519,11,9734,46,212,213,21352
2025-07-05,argo,com.airbnb.mvrx,SetStateWithStateAfterScopeCancellationTest,setStateAfterScopeCancellation,1,2,0.0,4,1.0,1,1,2,0,7,0,1,0,0.0,0,0,3,6,0.0,1,2.25,0,3,0.0,0,0.0,1.0,18,6,0.0,2,0,0,1,0,0,3,0,0,0,0,0,0,0,0,0,2,0.0,2,1.0,2,0,0,0,2,0,0,2,0,1,0,0,0,0,0,2,2,43,968,826,137,0,5,9,1.0,519,11,9734,46,212,213,21352
2025-07-05,argo,com.airbnb.mvrx,SetStateWithStateAfterScopeCancellationTest,withStateAfterScopeCancellation,1,2,0.0,2,1.0,1,1,2,0,6,0,1,0,0.0,0,0,2,3,0.0,1,2.0,0,2,0.0,0,0.0,1.0,18,6,0.0,2,0,0,1,0,0,3,0,0,0,0,0,0,0,0,0,2,0.0,2,1.0,2,0,0,0,2,0,0,2,0,1,0,0,0,0,0,2,2,43,968,826,137,0,5,9,1.0,519,11,9734,46,212,213,21352
2025-07-05,argo,com.airbnb.mvrx,StateImmutabilityTest,valProp,1,0,0.0,0,0.0,1,0,1,0,4,0,1,0,0.0,0,0,1,2,0.0,0,0.0,0,1,0.0,0,0.0,0.9166666666666666,67,54,0.0,12,0,0,1,0,0,1,0,0,0,0,0,0,0,0,0,12,0.0,12,1.0,12,0,0,0,12,0,0,12,0,1,0,0,0,0,0,17,17,43,968,826,137,0,12,23,1.0,519,11,9734,46,212,213,21352
2025-07-05,argo,com.airbnb.mvrx,StateImmutabilityTest,immutableMap,1,0,0.0,0,0.0,1,0,1,0,4,0,1,0,0.0,0,0,1,2,0.0,0,0.0,0,1,0.0,0,0.0,0.9166666666666666,67,54,0.0,12,0,0,1,0,0,1,0,0,0,0,0,0,0,0,0,12,0.0,12,1.0,12,0,0,0,12,0,0,12,0,1,0,0,0,0,0,17,17,43,968,826,137,0,12,23,1.0,519,11,9734,46,212,213,21352
2025-07-05,argo,com.airbnb.mvrx,StateImmutabilityTest,immutableList,1,0,0.0,0,0.0,1,0,1,0,4,0,1,0,0.0,0,0,1,2,0.0,0,0.0,0,1,0.0,0,0.0,0.9166666666666666,67,54,0.0,12,0,0,1,0,0,1,0,0,0,0,0,0,0,0,0,12,0.0,12,1.0,12,0,0,0,12,0,0,12,0,1,0,0,0,0,0,17,17,43,968,826,137,0,12,23,1.0,519,11,9734,46,212,213,21352
2025-07-05,argo,com.airbnb.mvrx,StateImmutabilityTest,nonDataState,1,0,0.0,0,0.0,1,0,1,0,4,0,1,0,0.0,0,0,1,1,0.0,0,0.0,0,1,0.0,0,0.0,0.9166666666666666,67,54,0.0,12,0,0,1,0,0,1,0,0,0,0,0,0,0,0,0,12,0.0,12,1.0,12,0,0,0,12,0,0,12,0,1,0,0,0,0,0,17,17,43,968,826,137,0,12,23,1.0,519,11,9734,46,212,213,21352
2025-07-05,argo,com.airbnb.mvrx,StateImmutabilityTest,nonDataStateWithComponent1,1,0,0.0,0,0.0,1,0,1,0,6,0,1,0,0.0,0,0,1,2,0.0,0,0.0,0,1,0.0,0,0.0,0.9166666666666666,67,54,0.0,12,0,0,1,0,0,1,0,0,0,0,0,0,0,0,0,12,0.0,12,1.0,12,0,0,0,12,0,0,12,0,1,0,0,0,0,0,17,17,43,968,826,137,0,12,23,1.0,519,11,9734,46,212,213,21352
2025-07-05,argo,com.airbnb.mvrx,StateImmutabilityTest,nonDataStateWithHashCode,1,0,0.0,0,0.0,1,0,1,0,6,0,1,0,0.0,0,0,1,2,0.0,0,0.0,0,1,0.0,0,0.0,0.9166666666666666,67,54,0.0,12,0,0,1,0,0,1,0,0,0,0,0,0,0,0,0,12,0.0,12,1.0,12,0,0,0,12,0,0,12,0,1,0,0,0,0,0,17,17,43,968,826,137,0,12,23,1.0,519,11,9734,46,212,213,21352
2025-07-05,argo,com.airbnb.mvrx,StateImmutabilityTest,nonDataStateWithEquals,1,0,0.0,0,0.0,1,0,1,0,6,0,1,0,0.0,0,0,1,2,0.0,0,0.0,0,1,0.0,0,0.0,0.9166666666666666,67,54,0.0,12,0,0,1,0,0,1,0,0,0,0,0,0,0,0,0,12,0.0,12,1.0,12,0,0,0,12,0,0,12,0,1,0,0,0,0,0,17,17,43,968,826,137,0,12,23,1.0,519,11,9734,46,212,213,21352
2025-07-05,argo,com.airbnb.mvrx,StateImmutabilityTest,varState,1,0,0.0,0,0.0,1,0,1,0,4,0,1,0,0.0,0,0,1,2,0.0,0,0.0,0,1,0.0,0,0.0,0.9166666666666666,67,54,0.0,12,0,0,1,0,0,1,0,0,0,0,0,0,0,0,0,12,0.0,12,1.0,12,0,0,0,12,0,0,12,0,1,0,0,0,0,0,17,17,43,968,826,137,0,12,23,1.0,519,11,9734,46,212,213,21352
2025-07-05,argo,com.airbnb.mvrx,StateImmutabilityTest,mutableList,1,0,0.0,0,0.0,1,0,1,0,4,0,1,0,0.0,0,0,1,2,0.0,0,0.0,0,1,0.0,0,0.0,0.9166666666666666,67,54,0.0,12,0,0,1,0,0,1,0,0,0,0,0,0,0,0,0,12,0.0,12,1.0,12,0,0,0,12,0,0,12,0,1,0,0,0,0,0,17,17,43,968,826,137,0,12,23,1.0,519,11,9734,46,212,213,21352
2025-07-05,argo,com.airbnb.mvrx,StateImmutabilityTest,mutableMap,1,0,0.0,0,0.0,1,0,1,0,4,0,1,0,0.0,0,0,1,2,0.0,0,0.0,0,1,0.0,0,0.0,0.9166666666666666,67,54,0.0,12,0,0,1,0,0,1,0,0,0,0,0,0,0,0,0,12,0.0,12,1.0,12,0,0,0,12,0,0,12,0,1,0,0,0,0,0,17,17,43,968,826,137,0,12,23,1.0,519,11,9734,46,212,213,21352
2025-07-05,argo,com.airbnb.mvrx,StateImmutabilityTest,lambda,1,0,0.0,0,0.0,1,0,1,0,4,0,1,0,0.0,0,0,1,2,0.0,0,0.0,0,1,0.0,0,0.0,0.9166666666666666,67,54,0.0,12,0,0,1,0,0,1,0,0,0,0,0,0,0,0,0,12,0.0,12,1.0,12,0,0,0,12,0,0,12,0,1,0,0,0,0,0,17,17,43,968,826,137,0,12,23,1.0,519,11,9734,46,212,213,21352
2025-07-05,argo,com.airbnb.mvrx,StateImmutabilityTest,lambdaAllowed,1,0,0.0,0,0.0,1,0,1,0,4,0,1,0,0.0,0,0,1,2,0.0,0,0.0,0,1,0.0,0,0.0,0.9166666666666666,67,54,0.0,12,0,0,1,0,0,1,0,0,0,0,0,0,0,0,0,12,0.0,12,1.0,12,0,0,0,12,0,0,12,0,1,0,0,0,0,0,17,17,43,968,826,137,0,12,23,1.0,519,11,9734,46,212,213,21352
2025-07-05,argo,com.airbnb.mvrx.compose,ArgsFactoryTest,setUp,1,0,0.0,1,1.0,0,1,1,0,3,0,1,0,1.0,0,1,1,2,1.0,0,3.0,0,1,0.0,0,1.0,0.75,40,30,0.0,4,1,0,0,0,0,2,0,0,0,0,1,0,0,0,0,4,0.5,4,1.0,4,0,1,0,4,0,0,4,0,1,0,0,0,0,0,4,4,43,968,826,15,0,1,23,1.5,31,0,710,46,212,22,21352
2025-07-05,argo,com.airbnb.mvrx.compose,ArgsFactoryTest,argumentsAreProperlyUsedToInitializeState,1,2,0.0,3,1.0,0,1,1,0,9,0,1,0,1.0,0,1,0,6,1.0,2,2.0,0,0,0.0,0,1.0,0.75,40,30,0.0,4,1,0,0,0,0,2,0,0,0,0,1,0,0,0,0,4,0.5,4,1.0,4,0,1,0,4,0,0,4,0,1,0,0,0,0,0,4,4,43,968,826,15,0,1,23,1.5,31,0,710,46,212,22,21352
2025-07-05,argo,com.airbnb.mvrx.compose,ArgsFactoryTest,argumentsAreProperlyUsedToInitializeStateWithMapper,1,2,0.0,1,1.0,0,1,1,0,9,0,1,0,1.0,0,1,0,5,1.0,2,2.0,0,0,0.0,0,1.0,0.75,40,30,0.0,4,1,0,0,0,0,2,0,0,0,0,1,0,0,0,0,4,0.5,4,1.0,4,0,1,0,4,0,0,4,0,1,0,0,0,0,0,4,4,43,968,826,15,0,1,23,1.5,31,0,710,46,212,22,21352
2025-07-05,argo,com.airbnb.mvrx.compose,ArgsFactoryTest,argumentsAreProperlyUsedToInitializeStateWithMapperAndKey,3,3,0.0,2,1.0,0,1,1,0,12,0,3,0,1.0,0,1,0,10,0.5,2,2.0,0,0,0.0,0,1.0,0.75,40,30,0.0,4,1,0,0,0,0,2,0,0,0,0,1,0,0,0,0,4,0.5,4,1.0,4,0,1,0,4,0,0,4,0,1,0,0,0,0,0,4,4,43,968,826,15,0,1,23,1.5,31,0,710,46,212,22,21352
2025-07-05,argo,com.airbnb.mvrx.compose,CustomLifecycleOwnerScopeTest,setUp,1,0,0.0,1,1.0,1,1,1,0,3,0,1,0,1.0,0,1,1,2,1.0,0,3.0,0,1,0.0,0,1.0,0.6666666666666666,19,10,0.0,3,1,0,0,0,0,3,0,0,0,0,1,0,0,0,0,3,0.6666666666666667,3,1.0,3,0,0,0,0,0,0,0,0,4,0,0,0,0,0,3,3,43,968,826,15,0,5,15,1.0,31,0,710,46,212,22,21352
2025-07-05,argo,com.airbnb.mvrx.compose,CustomLifecycleOwnerScopeTest,`activity_customScope_viewModel1 and activity_customScope_viewModel2 are different`,1,0,0.0,1,1.0,1,1,1,0,5,0,1,0,1.0,0,1,2,7,1.0,0,4.0,0,2,0.0,0,1.0,0.6666666666666666,19,10,0.0,3,1,0,0,0,0,3,0,0,0,0,1,0,0,0,0,3,0.6666666666666667,3,1.0,3,0,0,0,0,0,0,0,0,4,0,0,0,0,0,3,3,43,968,826,15,0,5,15,1.0,31,0,710,46,212,22,21352
2025-07-05,argo,com.airbnb.mvrx.compose,CustomLifecycleOwnerScopeTest,`fragment_customScope_viewModel1 and fragment_customScope_viewModel2 are different`,1,0,0.0,1,1.0,1,1,1,0,5,0,1,0,1.0,0,1,2,6,1.0,0,3.0,0,2,0.0,0,1.0,0.6666666666666666,19,10,0.0,3,1,0,0,0,0,3,0,0,0,0,1,0,0,0,0,3,0.6666666666666667,3,1.0,3,0,0,0,0,0,0,0,0,4,0,0,0,0,0,3,3,43,968,826,15,0,5,15,1.0,31,0,710,46,212,22,21352
2025-07-05,argo,com.airbnb.mvrx.compose,FragmentArgsTest,setUp,1,0,0.0,1,1.0,1,1,1,0,3,0,1,0,1.0,0,1,1,2,1.0,0,3.0,0,1,0.0,0,1.0,0.0,11,3,0.0,2,1,0,0,0,0,2,0,0,0,0,1,0,0,0,0,2,1.0,2,1.0,2,0,1,0,4,0,0,4,2,3,0,0,0,0,0,2,2,43,968,826,15,0,3,20,1.0,31,0,710,46,212,22,21352
2025-07-05,argo,com.airbnb.mvrx.compose,FragmentArgsTest,argumentsAreProperlyUsedToInitializeState,1,0,0.0,1,1.0,1,1,1,0,3,0,1,0,1.0,0,1,0,2,1.0,2,2.0,0,0,0.0,0,1.0,0.0,11,3,0.0,2,1,0,0,0,0,2,0,0,0,0,1,0,0,0,0,2,1.0,2,1.0,2,0,1,0,4,0,0,4,2,3,0,0,0,0,0,2,2,43,968,826,15,0,3,20,1.0,31,0,710,46,212,22,21352
2025-07-05,argo,com.airbnb.mvrx.compose,FragmentArgsTestActivity,onCreate,1,1,0.0,3,1.0,1,0,1,0,9,0,1,0,0.0,1,0,2,11,0.0,5,2.5,1,2,0.0,0,0.0,0.0,11,9,0.0,1,0,1,4,0,1,2,0,0,0,0,0,0,0,0,0,1,0.0,1,1.0,1,1,1,0,4,0,0,4,2,3,0,0,0,0,0,1,1,43,968,826,15,0,3,20,1.0,31,0,710,46,212,22,21352
2025-07-05,argo,com.airbnb.mvrx.compose,ArgsTestFragment,onCreateView,1,2,0.0,3,1.0,1,0,1,0,6,0,1,0,0.0,0,0,0,5,0.0,1,2.0,3,0,0.0,0,0.0,0.0,8,6,0.0,1,0,1,2,0,3,0,0,0,0,0,0,0,0,0,0,1,0.0,1,1.0,1,1,1,0,4,0,0,4,2,3,0,0,0,0,0,1,1,43,968,826,15,0,3,20,1.0,31,0,710,46,212,22,21352
2025-07-05,argo,com.airbnb.mvrx.compose,LifecycleOwnerScopeTest,setUp,1,0,0.0,1,1.0,1,1,1,0,3,0,1,0,1.0,0,1,1,2,1.0,0,3.0,0,1,0.0,0,1.0,0.8,31,20,0.0,5,1,0,0,0,0,3,0,0,0,0,1,0,0,0,0,5,0.6,5,1.0,5,0,6,0,7,0,0,7,2,3,0,0,0,0,0,5,5,43,968,826,15,0,12,42,1.0,31,0,710,46,212,22,21352
2025-07-05,argo,com.airbnb.mvrx.compose,LifecycleOwnerScopeTest,`activity_viewModel and activity_activityScopedViewModel are the same`,1,0,0.0,1,1.0,1,1,1,0,5,0,1,0,1.0,0,1,2,6,1.0,0,3.0,0,2,0.0,0,1.0,0.8,31,20,0.0,5,1,0,0,0,0,3,0,0,0,0,1,0,0,0,0,5,0.6,5,1.0,5,0,6,0,7,0,0,7,2,3,0,0,0,0,0,5,5,43,968,826,15,0,12,42,1.0,31,0,710,46,212,22,21352
2025-07-05,argo,com.airbnb.mvrx.compose,LifecycleOwnerScopeTest,`fragment_viewModel and fragment_activityScopedViewModel are different`,1,0,0.0,1,1.0,1,1,1,0,5,0,1,0,1.0,0,1,2,7,1.0,0,4.0,0,2,0.0,0,1.0,0.8,31,20,0.0,5,1,0,0,0,0,3,0,0,0,0,1,0,0,0,0,5,0.6,5,1.0,5,0,6,0,7,0,0,7,2,3,0,0,0,0,0,5,5,43,968,826,15,0,12,42,1.0,31,0,710,46,212,22,21352
2025-07-05,argo,com.airbnb.mvrx.compose,LifecycleOwnerScopeTest,`activity_viewModel and fragment_activityScopedViewModel are the same`,1,0,0.0,1,1.0,1,1,1,0,5,0,1,0,1.0,0,1,2,7,1.0,0,3.5,0,2,0.0,0,1.0,0.8,31,20,0.0,5,1,0,0,0,0,3,0,0,0,0,1,0,0,0,0,5,0.6,5,1.0,5,0,6,0,7,0,0,7,2,3,0,0,0,0,0,5,5,43,968,826,15,0,12,42,1.0,31,0,710,46,212,22,21352
2025-07-05,argo,com.airbnb.mvrx.compose,LifecycleOwnerScopeTest,`fragment_viewModel and activity_activityScopedViewModel are different`,1,0,0.0,1,1.0,1,1,1,0,5,0,1,0,1.0,0,1,2,7,1.0,0,3.5,0,2,0.0,0,1.0,0.8,31,20,0.0,5,1,0,0,0,0,3,0,0,0,0,1,0,0,0,0,5,0.6,5,1.0,5,0,6,0,7,0,0,7,2,3,0,0,0,0,0,5,5,43,968,826,15,0,12,42,1.0,31,0,710,46,212,22,21352
2025-07-05,argo,com.airbnb.mvrx.compose,LifecycleOwnerScopeTestActivity,onCreate,1,3,0.0,6,0.8333,1,0,1,0,15,0,1,0,0.8,1,3,3,10,0.75,3,2.125,1,2,0.0,0,0.6,0.8,23,15,0.0,1,3,1,4,0,1,2,0,0,0,0,0,0,0,3,0,1,0.0,1,1.0,1,1,6,0,7,0,0,7,2,3,0,0,0,0,0,1,1,43,968,826,15,0,12,42,1.0,31,0,710,46,212,22,21352
2025-07-05,argo,com.airbnb.mvrx.compose,LifecycleOwnerScopeTestFragment,onCreateView,1,0,0.0,3,0.6667,1,0,1,0,6,0,1,0,1.0,0,2,0,3,0.67,1,2.0,3,0,0.0,0,0.6,0.8,12,6,0.0,1,2,1,2,0,4,0,0,0,0,0,0,0,0,2,0,1,0.0,1,1.0,1,1,6,0,7,0,0,7,2,3,0,0,0,0,0,1,1,43,968,826,15,0,12,42,1.0,31,0,710,46,212,22,21352
2025-07-05,argo,com.airbnb.mvrx.compose,TestComposeApplication,onCreate,1,0,0.0,1,1.0,1,0,1,0,4,0,1,0,0.0,1,0,1,1,0.0,1,2.0,0,1,0.0,0,0.0,0.0,6,4,0.0,1,0,1,3,0,0,1,0,0,0,0,0,0,0,0,0,1,0.0,1,1.0,1,1,0,0,1,0,0,1,1,1,0,0,0,0,0,1,1,43,968,826,15,0,1,1,1.0,31,0,710,46,212,22,21352
2025-07-05,argo,com.airbnb.mvrx.compose,CounterViewModel,incrementCount,1,0,0.0,0,0.0,0,0,1,2,1,0,1,0,0.0,0,0,0,1,0.0,0,0.0,0,0,0.0,0,0.0,0.0,3,1,0.0,1,0,0,1,0,0,0,0,0,0,0,0,0,0,0,0,1,0.0,1,1.0,1,0,0,0,3,0,0,3,0,3,0,0,0,0,0,1,1,43,968,826,15,0,1,2,1.0,31,0,710,46,212,22,21352
2025-07-05,argo,com.airbnb.mvrx.compose,ArgumentsTest,writeToParcel,1,0,0.0,1,1.0,0,0,1,2,3,0,1,0,0.0,0,0,1,1,0.0,1,2.0,2,1,0.0,0,0.0,0.0,21,6,0.0,2,0,2,1,0,2,1,0,0,0,0,0,0,0,0,0,2,1.0,2,1.0,2,2,0,0,3,0,0,3,0,3,0,0,2,0,2,2,4,43,968,826,15,0,1,2,1.0,31,0,710,46,212,22,21352
2025-07-05,argo,com.airbnb.mvrx.compose,ArgumentsTest,newArray,1,0,0.0,0,0.0,0,0,1,2,3,0,1,0,0.0,0,0,0,0,0.0,0,0.0,0,0,0.0,0,0.0,0.0,21,6,0.0,2,0,2,1,0,2,1,0,0,0,0,0,0,0,0,0,2,1.0,2,1.0,2,2,0,0,3,0,0,3,0,3,0,0,2,0,2,2,4,43,968,826,15,1,1,2,1.0,31,0,710,46,212,22,21352
2025-07-05,argo,com.airbnb.mvrx.hilt,ViewModelTest,setUp,1,0,0.0,2,1.0,0,1,1,0,4,0,1,0,1.0,0,3,0,2,3.0,1,2.0,0,0,0.0,0,1.0,1.0,35,17,0.0,4,4,0,0,1,0,2,0,0,0,1,1,0,0,3,0,5,0.6,5,1.0,5,0,4,0,5,0,0,5,0,1,0,0,0,0,0,5,5,43,968,826,14,0,1,12,1.0,11,7,260,46,212,5,21352
2025-07-05,argo,com.airbnb.mvrx.hilt,ViewModelTest,tearDown,1,0,0.0,0,0.0,0,1,1,0,3,0,1,0,1.0,0,1,0,0,1.0,0,0.0,0,0,0.0,0,1.0,1.0,35,17,0.0,4,4,0,0,1,0,2,0,0,0,1,1,0,0,3,0,5,0.6,5,1.0,5,0,4,0,5,0,0,5,0,1,0,0,0,0,0,5,5,43,968,826,14,0,1,12,1.0,11,7,260,46,212,5,21352
2025-07-05,argo,com.airbnb.mvrx.hilt,ViewModelTest,test_view_model_injection,1,0,0.0,0,0.0,0,1,1,0,3,0,1,0,1.0,0,1,1,1,1.0,0,0.0,0,1,0.0,0,1.0,1.0,35,17,0.0,4,4,0,0,1,0,2,0,0,0,1,1,0,0,3,0,5,0.6,5,1.0,5,0,4,0,5,0,0,5,0,1,0,0,0,0,0,5,5,43,968,826,14,0,1,12,1.0,11,7,260,46,212,5,21352
2025-07-05,argo,com.airbnb.mvrx.hilt,ViewModelTest,test_view_model_initial_state,1,2,0.0,1,1.0,0,1,1,0,5,0,1,0,1.0,0,1,0,4,0.5,0,4.0,0,0,0.0,0,1.0,1.0,35,17,0.0,4,4,0,0,1,0,2,0,0,0,1,1,0,0,3,0,5,0.6,5,1.0,5,0,4,0,5,0,0,5,0,1,0,0,0,0,0,5,5,43,968,826,14,0,1,12,1.0,11,7,260,46,212,5,21352
2025-07-05,argo,com.airbnb.mvrx.hilt,ViewModelTest,test_view_model_updates_state,1,2,0.0,2,1.0,0,1,1,0,6,0,1,0,1.0,0,1,0,5,0.5,1,3.0,0,0,0.0,0,1.0,1.0,35,17,0.0,4,4,0,0,1,0,2,0,0,0,1,1,0,0,3,0,5,0.6,5,1.0,5,0,4,0,5,0,0,5,0,1,0,0,0,0,0,5,5,43,968,826,14,0,1,12,1.0,11,7,260,46,212,5,21352
2025-07-05,argo,com.airbnb.mvrx.launcher,MavericksBaseLauncherActivity,setFragment,3,0,0.0,1,1.0,1,1,1,0,3,0,3,0,0.0,0,0,1,6,0.0,0,4.0,2,1,0.0,0,0.0,1.0,5,0,0.0,1,0,0,3,0,2,1,0,0,0,0,0,0,0,0,2,1,0.0,1,1.0,1,0,0,0,0,0,1,0,0,1,0,0,0,0,0,1,1,43,968,826,13,0,1,6,3.0,39,0,1444,46,212,31,21352
2025-07-05,argo,com.airbnb.mvrx.launcher,MavericksEpoxyController,buildModels,1,0,0.0,0,0.0,0,0,1,0,3,0,1,1,0.0,0,0,1,1,0.0,0,0.0,0,1,0.0,0,0.0,0.0,5,3,0.0,1,0,1,1,0,0,1,0,0,0,0,0,0,0,0,0,1,0.0,1,1.0,1,1,0,0,1,0,0,1,1,1,0,0,0,0,0,1,1,43,968,826,13,0,1,1,1.0,39,0,1444,46,212,31,21352
2025-07-05,argo,com.airbnb.mvrx.launcher,MavericksLauncherActivity,onCreate,2,0,0.0,0,0.0,1,0,1,0,6,1,2,0,0.0,1,0,0,2,0.0,1,2.0,1,0,0.0,0,0.0,0.3333333333333333,24,9,0.3333333333333333,3,0,1,1,0,2,1,1,0,0,2,2,2,2,0,0,3,1.0,4,1.3333333333333333,3,1,0,0,2,0,0,2,2,1,0,0,1,0,1,3,4,43,968,826,13,0,1,3,1.5,39,0,1444,46,212,31,21352
2025-07-05,argo,com.airbnb.mvrx.launcher,MavericksLauncherActivity,addCustomModels,1,0,1.0,0,0.0,1,0,1,0,3,0,1,0,0.0,1,0,1,1,0.0,1,2.0,1,1,0.0,0,0.0,0.3333333333333333,24,9,0.3333333333333333,3,0,1,1,0,2,1,1,0,0,2,2,2,2,0,0,3,1.0,4,1.3333333333333333,3,1,0,0,2,0,0,2,2,1,0,0,1,0,1,3,4,43,968,826,13,0,1,3,1.5,39,0,1444,46,212,31,21352
2025-07-05,argo,com.airbnb.mvrx.launcher,MavericksLauncherActivity,show,0,2,0.0,0,0.0,1,0,1,0,0,0,0,0,0.0,0,0,0,0,0.0,0,0.0,0,0,0.0,0,0.0,0.3333333333333333,24,9,0.3333333333333333,3,0,1,1,0,2,1,1,0,0,2,2,2,2,0,0,3,1.0,4,1.3333333333333333,3,1,0,0,2,0,0,2,2,1,0,0,1,0,1,3,4,43,968,826,13,1,1,3,1.5,39,0,1444,46,212,31,21352
2025-07-05,argo,com.airbnb.mvrx.launcher,MavericksLauncherBaseFragment,onCreate,2,0,1.0,2,1.0,1,0,1,0,13,1,2,1,0.3333333333333333,2,1,1,6,1.0,1,2.25,1,1,0.0,0,0.3333333333333333,0.2857142857142857,53,36,0.2857142857142857,7,4,5,2,0,7,4,0,0,4,0,1,0,0,3,1,7,1.0,7,1.1666666666666667,7,5,4,0,6,0,1,6,3,0,0,1,0,0,0,8,7,43,968,826,13,0,1,20,1.1666666666666667,39,0,1444,46,212,31,21352
2025-07-05,argo,com.airbnb.mvrx.launcher,MavericksLauncherBaseFragment,onCreateView,1,1,1.0,4,1.0,1,0,1,0,11,0,1,0,0.7777777777777778,1,4,0,11,1.0,1,2.5555555555555554,3,0,0.0,0,0.3333333333333333,0.2857142857142857,53,36,0.2857142857142857,7,4,5,2,0,7,4,0,0,4,0,1,0,0,3,1,7,1.0,7,1.1666666666666667,7,5,4,0,6,0,1,6,3,0,0,1,0,0,0,8,7,43,968,826,13,0,1,20,1.1666666666666667,39,0,1444,46,212,31,21352
2025-07-05,argo,com.airbnb.mvrx.launcher,MavericksLauncherBaseFragment,onBackPressed,1,0,0.0,0,0.0,1,0,1,0,1,0,1,0,0.0,0,0,0,0,0.0,0,0.0,0,0,0.0,0,0.3333333333333333,0.2857142857142857,53,36,0.2857142857142857,7,4,5,2,0,7,4,0,0,4,0,1,0,0,3,1,7,1.0,7,1.1666666666666667,7,5,4,0,6,0,1,6,3,0,0,1,0,0,0,8,7,43,968,826,13,0,1,20,1.1666666666666667,39,0,1444,46,212,31,21352
2025-07-05,argo,com.airbnb.mvrx.launcher,MavericksLauncherBaseFragment,invalidate,1,0,0.0,1,1.0,1,0,1,0,3,0,1,0,1.0,0,1,0,1,1.0,1,2.0,0,0,0.0,0,0.3333333333333333,0.2857142857142857,53,36,0.2857142857142857,7,4,5,2,0,7,4,0,0,4,0,1,0,0,3,1,7,1.0,7,1.1666666666666667,7,5,4,0,6,0,1,6,3,0,0,1,0,0,0,8,7,43,968,826,13,0,1,20,1.1666666666666667,39,0,1444,46,212,31,21352
2025-07-05,argo,com.airbnb.mvrx.launcher,MavericksLauncherBaseFragment,epoxyController,0,0,0.0,0,0.0,1,0,1,0,0,0,0,0,0.0,0,0,0,0,0.0,0,0.0,0,0,0.0,0,0.3333333333333333,0.2857142857142857,53,36,0.2857142857142857,7,4,5,2,0,7,4,0,0,4,0,1,0,0,3,1,7,1.0,7,1.1666666666666667,7,5,4,0,6,0,1,6,3,0,0,1,0,0,0,8,7,43,968,826,13,0,1,20,1.1666666666666667,39,0,1444,46,212,31,21352
2025-07-05,argo,com.airbnb.mvrx.launcher,MavericksLauncherBaseFragment,onSaveInstanceState,1,0,0.0,0,0.0,1,0,1,0,4,0,1,1,0.3333333333333333,1,1,0,1,1.0,1,2.0,1,0,0.0,0,0.3333333333333333,0.2857142857142857,53,36,0.2857142857142857,7,4,5,2,0,7,4,0,0,4,0,1,0,0,3,1,7,1.0,7,1.1666666666666667,7,5,4,0,6,0,1,6,3,0,0,1,0,0,0,8,7,43,968,826,13,0,1,20,1.1666666666666667,39,0,1444,46,212,31,21352
2025-07-05,argo,com.airbnb.mvrx.launcher,MavericksLauncherBaseFragment,onDestroyView,1,0,0.0,1,1.0,1,0,1,0,4,0,1,1,1.0,1,1,0,1,1.0,1,2.0,0,0,0.0,0,0.3333333333333333,0.2857142857142857,53,36,0.2857142857142857,7,4,5,2,0,7,4,0,0,4,0,1,0,0,3,1,7,1.0,7,1.1666666666666667,7,5,4,0,6,0,1,6,3,0,0,1,0,0,0,8,7,43,968,826,13,0,1,20,1.1666666666666667,39,0,1444,46,212,31,21352
2025-07-05,argo,com.airbnb.mvrx.launcher,MavericksLauncherFragment,onCreate,4,0,2.0,6,0.6667,1,0,1,0,18,2,4,3,0.6666666666666666,3,1,1,12,1.0,1,2.0,1,1,0.0,0,0.4666666666666667,0.7,161,138,0.4,10,3,5,1,0,10,10,0,4,0,0,4,1,1,0,0,21,0.7555555555555555,21,2.1,10,5,3,0,5,5,0,5,3,1,0,0,0,0,0,11,11,43,968,826,13,0,9,92,3.3,39,0,1444,46,212,31,21352
2025-07-05,argo,com.airbnb.mvrx.launcher,MavericksLauncherFragment,showSelectedMock,1,0,0.0,1,1.0,1,0,1,0,3,0,1,0,0.0,0,0,1,1,0.0,1,2.0,1,1,0.0,0,0.4666666666666667,0.7,161,138,0.4,10,3,5,1,0,10,10,0,4,0,0,4,1,1,0,0,21,0.7555555555555555,21,2.1,10,5,3,0,5,5,0,5,3,1,0,0,0,0,0,11,11,43,968,826,13,0,9,92,3.3,39,0,1444,46,212,31,21352
2025-07-05,argo,com.airbnb.mvrx.launcher,MavericksLauncherFragment,onViewCreated,4,1,1.0,6,0.6667,1,0,1,0,20,1,4,1,1.0,1,3,2,15,1.0,1,2.3636363636363638,2,2,0.0,0,0.4666666666666667,0.7,161,138,0.4,10,3,5,1,0,10,10,0,4,0,0,4,1,1,0,0,21,0.7555555555555555,21,2.1,10,5,3,0,5,5,0,5,3,1,0,0,0,0,0,11,11,43,968,826,13,0,9,92,3.3,39,0,1444,46,212,31,21352
2025-07-05,argo,com.airbnb.mvrx.launcher,MavericksLauncherFragment,epoxyController,7,7,3.0,9,0.8889,1,0,1,0,32,1,7,3,1.0,3,3,0,22,0.43,1,2.5294117647058822,0,0,0.0,0,0.4666666666666667,0.7,161,138,0.4,10,3,5,1,0,10,10,0,4,0,0,4,1,1,0,0,21,0.7555555555555555,21,2.1,10,5,3,0,5,5,0,5,3,1,0,0,0,0,0,11,11,43,968,826,13,0,9,92,3.3,39,0,1444,46,212,31,21352
2025-07-05,argo,com.airbnb.mvrx.launcher,MavericksLauncherFragment,addMocksForSelectedView,6,1,0.0,7,1.0,1,0,1,0,27,1,6,0,0.14285714285714285,0,1,1,18,0.25,1,2.5384615384615383,3,1,0.0,0,0.4666666666666667,0.7,161,138,0.4,10,3,5,1,0,10,10,0,4,0,0,4,1,1,0,0,21,0.7555555555555555,21,2.1,10,5,3,0,5,5,0,5,3,1,0,0,0,0,0,11,11,43,968,826,13,0,9,92,3.3,39,0,1444,46,212,31,21352
2025-07-05,argo,com.airbnb.mvrx.launcher,MavericksLauncherFragment,addFragmentModels,3,1,1.0,7,1.0,1,0,1,0,19,1,3,1,0.2,1,1,1,13,0.25,1,2.625,3,1,0.0,0,0.4666666666666667,0.7,161,138,0.4,10,3,5,1,0,10,10,0,4,0,0,4,1,1,0,0,21,0.7555555555555555,21,2.1,10,5,3,0,5,5,0,5,3,1,0,0,0,0,0,11,11,43,968,826,13,0,9,92,3.3,39,0,1444,46,212,31,21352
2025-07-05,argo,com.airbnb.mvrx.launcher,MavericksLauncherFragment,loadingRow,1,0,0.0,0,0.0,1,0,1,0,1,0,1,1,0.0,0,0,0,1,0.0,0,0.0,0,0,0.0,0,0.4666666666666667,0.7,161,138,0.4,10,3,5,1,0,10,10,0,4,0,0,4,1,1,0,0,21,0.7555555555555555,21,2.1,10,5,3,0,5,5,0,5,3,1,0,0,0,0,0,11,11,43,968,826,13,0,9,92,3.3,39,0,1444,46,212,31,21352
2025-07-05,argo,com.airbnb.mvrx.launcher,MavericksLauncherFragment,testMocks,1,0,0.0,3,1.0,1,0,1,0,6,0,1,0,0.0,0,0,3,6,0.0,1,2.8,1,3,0.0,0,0.4666666666666667,0.7,161,138,0.4,10,3,5,1,0,10,10,0,4,0,0,4,1,1,0,0,21,0.7555555555555555,21,2.1,10,5,3,0,5,5,0,5,3,1,0,0,0,0,0,11,11,43,968,826,13,0,9,92,3.3,39,0,1444,46,212,31,21352
2025-07-05,argo,com.airbnb.mvrx.launcher,MavericksLauncherFragment,onBackPressed,3,0,0.0,2,1.0,1,0,1,0,6,0,3,0,1.0,0,1,0,2,1.0,1,2.0,0,0,0.0,0,0.4666666666666667,0.7,161,138,0.4,10,3,5,1,0,10,10,0,4,0,0,4,1,1,0,0,21,0.7555555555555555,21,2.1,10,5,3,0,5,5,0,5,3,1,0,0,0,0,0,11,11,43,968,826,13,0,9,92,3.3,39,0,1444,46,212,31,21352
2025-07-05,argo,com.airbnb.mvrx.launcher,MavericksLauncherFragment,onActivityResult,3,0,0.0,1,1.0,1,0,1,0,6,1,3,0,0.2,1,1,0,2,0.33,1,2.0,3,0,0.0,0,0.4666666666666667,0.7,161,138,0.4,10,3,5,1,0,10,10,0,4,0,0,4,1,1,0,0,21,0.7555555555555555,21,2.1,10,5,3,0,5,5,0,5,3,1,0,0,0,0,0,11,11,43,968,826,13,0,9,92,3.3,39,0,1444,46,212,31,21352
2025-07-05,argo,com.airbnb.mvrx.launcher,MavericksLauncherMockActivity,ctional from the state we set it up in.,2,13,0.0,0,0.0,1,0,1,0,4,1,2,0,0.0,1,0,0,1,0.0,1,2.0,0,0,0.0,0,0.0,1.0,67,4,0.0,1,0,1,1,0,1,0,1,2,0,3,2,5,2,3,0,2,0.0,2,2.0,1,1,0,3,1,0,0,1,1,1,0,0,4,0,4,1,5,43,968,826,13,1,0,1,2.0,39,0,1444,46,212,31,21352
2025-07-05,argo,com.airbnb.mvrx.launcher,MavericksLauncherTestMocksActivity,onCreate,2,0,1.0,0,0.0,1,0,1,0,6,1,2,1,0.0,2,0,0,1,0.0,1,2.0,1,0,0.0,0,0.0,1.0,35,21,0.6666666666666666,3,1,2,3,0,3,1,0,2,0,2,3,3,2,1,0,5,0.33333333333333337,5,1.6666666666666667,3,2,1,1,2,1,0,2,1,1,0,0,0,0,0,3,3,43,968,826,13,0,1,10,2.3333333333333335,39,0,1444,46,212,31,21352
2025-07-05,argo,com.airbnb.mvrx.launcher,MavericksLauncherTestMocksActivity,onActivityResult,3,0,1.0,0,0.0,1,0,1,0,7,1,3,1,0.0,2,0,0,1,0.0,1,2.0,3,0,0.0,0,0.0,1.0,35,21,0.6666666666666666,3,1,2,3,0,3,1,0,2,0,2,3,3,2,1,0,5,0.33333333333333337,5,1.6666666666666667,3,2,1,1,2,1,0,2,1,1,0,0,0,0,0,3,3,43,968,826,13,0,1,10,2.3333333333333335,39,0,1444,46,212,31,21352
2025-07-05,argo,com.airbnb.mvrx.launcher,MavericksLauncherTestMocksActivity,testNextMock,2,2,0.0,2,1.0,1,0,1,0,8,0,2,0,0.0,0,1,1,8,0.5,5,2.5,0,1,0.0,0,0.0,1.0,35,21,0.6666666666666666,3,1,2,3,0,3,1,0,2,0,2,3,3,2,1,0,5,0.33333333333333337,5,1.6666666666666667,3,2,1,1,2,1,0,2,1,1,0,0,0,0,0,3,3,43,968,826,13,0,1,10,2.3333333333333335,39,0,1444,46,212,31,21352
2025-07-05,argo,com.airbnb.mvrx.launcher,LauncherRecentUsage,withViewAtTop,2,0,0.0,1,1.0,0,0,1,1,4,1,2,0,0.0,0,0,0,2,0.0,1,2.0,1,0,0.0,0,0.0,0.0,6,4,0.0,1,0,0,0,0,1,0,0,0,0,0,0,0,0,0,0,2,0.0,2,2.0,1,0,2,0,3,1,0,3,1,5,0,0,0,0,0,1,1,43,968,826,13,0,4,32,2.6666666666666665,39,0,1444,46,212,31,21352
2025-07-05,argo,com.airbnb.mvrx.launcher,MavericksLauncherViewModel,loadViewsFromCache,2,4,0.0,7,1.0,0,2,1,1,18,1,2,0,0.0,0,0,0,14,0.0,2,2.3076923076923075,0,0,0.0,0,0.0,0.0,97,18,0.0,3,0,0,1,0,2,2,0,7,0,0,7,7,7,0,0,6,0.0,6,2.0,3,0,2,0,3,1,0,3,1,5,0,0,4,0,4,4,8,43,968,826,13,0,4,32,2.6666666666666665,39,0,1444,46,212,31,21352
2025-07-05,argo,com.airbnb.mvrx.launcher,MavericksLauncherViewModel,setSelectedView,2,3,0.0,4,1.0,0,2,1,1,13,1,2,0,0.0,0,0,2,7,0.0,1,2.0,1,2,0.0,0,0.0,0.0,97,18,0.0,3,0,0,1,0,2,2,0,7,0,0,7,7,7,0,0,6,0.0,6,2.0,3,0,2,0,3,1,0,3,1,5,0,0,4,0,4,4,8,43,968,826,13,0,4,32,2.6666666666666665,39,0,1444,46,212,31,21352
2025-07-05,argo,com.airbnb.mvrx.launcher,MavericksLauncherViewModel,ViewModelContext.sharedPrefs,4,13,0.0,4,1.0,0,2,1,1,12,1,4,0,0.0,0,0,2,9,0.0,1,2.1666666666666665,0,0,0.0,0,0.0,0.0,97,18,0.0,3,0,0,1,0,2,2,0,7,0,0,7,7,7,0,0,6,0.0,6,2.0,3,0,2,0,3,1,0,3,1,5,0,0,4,0,4,4,8,43,968,826,13,1,4,32,2.6666666666666665,39,0,1444,46,212,31,21352
2025-07-05,argo,com.airbnb.mvrx.launcher,ViewModelEnabler,onResume,1,1,0.0,4,1.0,0,0,1,0,8,0,1,0,0.0,0,0,2,16,0.0,1,2.5454545454545454,1,2,0.0,0,0.0,1.0,14,8,0.0,1,0,1,1,0,1,2,0,0,0,1,0,1,0,1,0,1,0.0,1,1.0,1,1,0,1,1,0,0,1,0,1,0,0,0,0,0,1,1,43,968,826,13,0,2,16,1.0,39,0,1444,46,212,31,21352
2025-07-05,argo,com.airbnb.mvrx.launcher.views,Marquee,setTitle,1,0,0.0,0,0.0,0,2,1,0,3,0,1,0,0.5,0,1,1,0,1.0,0,2.0,1,0,0.0,0,0.0,1.0,21,0,0.0,2,2,0,1,0,2,0,0,3,0,0,3,0,0,0,0,2,1.0,2,1.0,2,0,2,0,2,0,0,2,0,1,0,0,0,0,0,2,2,43,968,826,3,0,2,4,2.0,1,0,109,46,212,5,21352
2025-07-05,argo,com.airbnb.mvrx.launcher.views,Marquee,setSubtitle,3,0,0.0,1,1.0,0,2,1,0,4,0,3,0,0.5,0,1,1,4,2.0,0,2.0,1,0,0.0,0,0.0,1.0,21,0,0.0,2,2,0,1,0,2,0,0,3,0,0,3,0,0,0,0,2,1.0,2,1.0,2,0,2,0,2,0,0,2,0,1,0,0,0,0,0,2,2,43,968,826,3,0,2,4,2.0,1,0,109,46,212,5,21352
2025-07-05,argo,com.airbnb.mvrx.launcher.views,TextRow,setTitle,1,0,0.0,0,0.0,0,2,1,0,3,0,1,0,0.5,0,1,1,0,1.0,0,2.0,1,0,0.0,0,0.0,1.0,26,4,0.0,3,2,0,1,0,3,1,0,2,0,0,2,0,0,0,0,3,1.0,3,1.0,3,0,2,0,3,0,0,3,0,1,0,0,0,0,0,3,3,43,968,826,3,0,3,3,1.0,1,0,109,46,212,5,21352
2025-07-05,argo,com.airbnb.mvrx.launcher.views,TextRow,setSubtitle,1,0,0.0,1,1.0,0,2,1,0,4,0,1,0,0.5,0,1,1,2,2.0,0,2.0,1,0,0.0,0,0.0,1.0,26,4,0.0,3,2,0,1,0,3,1,0,2,0,0,2,0,0,0,0,3,1.0,3,1.0,3,0,2,0,3,0,0,3,0,1,0,0,0,0,0,3,3,43,968,826,3,0,3,3,1.0,1,0,109,46,212,5,21352
2025-07-05,argo,com.airbnb.mvrx.launcher.views,TextRow,onClickListener,1,0,0.0,0,0.0,0,2,1,0,4,0,1,0,0.0,0,0,1,1,0.0,0,0.0,1,1,0.0,0,0.0,1.0,26,4,0.0,3,2,0,1,0,3,1,0,2,0,0,2,0,0,0,0,3,1.0,3,1.0,3,0,2,0,3,0,0,3,0,1,0,0,0,0,0,3,3,43,968,826,3,0,3,3,1.0,1,0,109,46,212,5,21352
2025-07-05,argo,com.airbnb.mvrx.mocking,DataClassSetDsl,set,1,0,0.0,0,0.0,0,9,3,0,3,0,1,0,0.0,0,0,0,1,0.0,0,0.0,1,0,0.0,0,0.0,0.25,106,11,0.3333333333333333,12,0,0,0,0,12,1,0,0,0,0,0,0,0,0,1,12,0.5909090909090908,12,1.0,12,0,0,0,11,1,0,11,1,1,0,0,0,0,0,15,15,43,968,826,55,0,1,22,1.0833333333333333,181,3,6284,46,212,150,21352
2025-07-05,argo,com.airbnb.mvrx.mocking,DataClassSetDsl,setNull,1,0,0.0,1,1.0,0,9,3,0,3,0,1,0,0.0,0,0,0,1,0.0,0,2.0,1,0,0.0,0,0.0,0.25,106,11,0.3333333333333333,12,0,0,0,0,12,1,0,0,0,0,0,0,0,0,1,12,0.5909090909090908,12,1.0,12,0,0,0,11,1,0,11,1,1,0,0,0,0,0,15,15,43,968,826,55,0,1,22,1.0833333333333333,181,3,6284,46,212,150,21352
2025-07-05,argo,com.airbnb.mvrx.mocking,DataClassSetDsl,setTrue,1,0,0.0,1,1.0,0,9,3,0,3,0,1,0,0.0,0,0,0,1,0.0,0,2.0,1,0,0.0,0,0.0,0.25,106,11,0.3333333333333333,12,0,0,0,0,12,1,0,0,0,0,0,0,0,0,1,12,0.5909090909090908,12,1.0,12,0,0,0,11,1,0,11,1,1,0,0,0,0,0,15,15,43,968,826,55,0,1,22,1.0833333333333333,181,3,6284,46,212,150,21352
2025-07-05,argo,com.airbnb.mvrx.mocking,DataClassSetDsl,setFalse,1,0,0.0,1,1.0,0,9,3,0,3,0,1,0,0.0,0,0,0,1,0.0,0,2.0,1,0,0.0,0,0.0,0.25,106,11,0.3333333333333333,12,0,0,0,0,12,1,0,0,0,0,0,0,0,0,1,12,0.5909090909090908,12,1.0,12,0,0,0,11,1,0,11,1,1,0,0,0,0,0,15,15,43,968,826,55,0,1,22,1.0833333333333333,181,3,6284,46,212,150,21352
2025-07-05,argo,com.airbnb.mvrx.mocking,DataClassSetDsl,setZero,1,0,0.0,1,1.0,0,9,3,0,3,0,1,0,0.0,0,0,0,1,0.0,0,2.0,1,0,0.0,0,0.0,0.25,106,11,0.3333333333333333,12,0,0,0,0,12,1,0,0,0,0,0,0,0,0,1,12,0.5909090909090908,12,1.0,12,0,0,0,11,1,0,11,1,1,0,0,0,0,0,15,15,43,968,826,55,0,1,22,1.0833333333333333,181,3,6284,46,212,150,21352
2025-07-05,argo,com.airbnb.mvrx.mocking,DataClassSetDsl,setEmpty,1,0,0.0,1,1.0,0,9,3,0,3,0,1,0,0.0,0,0,0,1,0.0,1,2.0,1,0,0.0,0,0.0,0.25,106,11,0.3333333333333333,12,0,0,0,0,12,1,0,0,0,0,0,0,0,0,1,12,0.5909090909090908,12,1.0,12,0,0,0,11,1,0,11,1,1,0,0,0,0,0,15,15,43,968,826,55,0,1,22,1.0833333333333333,181,3,6284,46,212,150,21352
2025-07-05,argo,com.airbnb.mvrx.mocking,DataClassSetDsl,setLoading,1,0,0.0,1,1.0,0,9,3,0,3,0,1,0,0.0,0,0,0,1,0.0,1,2.0,1,0,0.0,0,0.0,0.25,106,11,0.3333333333333333,12,0,0,0,0,12,1,0,0,0,0,0,0,0,0,1,12,0.5909090909090908,12,1.0,12,0,0,0,11,1,0,11,1,1,0,0,0,0,0,15,15,43,968,826,55,0,1,22,1.0833333333333333,181,3,6284,46,212,150,21352
2025-07-05,argo,com.airbnb.mvrx.mocking,DataClassSetDsl,setNetworkFailure,1,0,0.0,1,1.0,0,9,3,0,3,0,1,0,0.0,0,0,0,1,0.0,1,2.0,1,0,0.0,0,0.0,0.25,106,11,0.3333333333333333,12,0,0,0,0,12,1,0,0,0,0,0,0,0,0,1,12,0.5909090909090908,12,1.0,12,0,0,0,11,1,0,11,1,1,0,0,0,0,0,15,15,43,968,826,55,0,1,22,1.0833333333333333,181,3,6284,46,212,150,21352
2025-07-05,argo,com.airbnb.mvrx.mocking,DataClassSetDsl,invoke,2,1,0.0,2,1.0,0,9,3,0,4,0,2,0,0.0,0,0,0,2,0.0,1,2.0,1,0,0.0,0,0.0,0.25,106,11,0.3333333333333333,12,0,0,0,0,12,1,0,0,0,0,0,0,0,0,1,12,0.5909090909090908,12,1.0,12,0,0,0,11,1,0,11,1,1,0,0,0,0,0,15,15,43,968,826,55,0,1,22,1.0833333333333333,181,3,6284,46,212,150,21352
2025-07-05,argo,com.airbnb.mvrx.mocking,DataClassSetDsl,success,1,1,1.0,1,1.0,0,9,3,0,4,0,1,3,0.0,1,0,0,2,0.0,1,2.0,1,0,0.0,0,0.0,0.25,106,11,0.3333333333333333,12,0,0,0,0,12,1,0,0,0,0,0,0,0,0,1,12,0.5909090909090908,12,1.0,12,0,0,0,11,1,0,11,1,1,0,0,0,0,0,15,15,43,968,826,55,0,1,22,1.0833333333333333,181,3,6284,46,212,150,21352
2025-07-05,argo,com.airbnb.mvrx.mocking,DataClassSetDsl,with,1,0,0.0,1,1.0,0,9,3,0,3,0,1,1,0.0,1,0,0,1,0.0,1,2.0,1,0,0.0,0,0.0,0.25,106,11,0.3333333333333333,12,0,0,0,0,12,1,0,0,0,0,0,0,0,0,1,12,0.5909090909090908,12,1.0,12,0,0,0,11,1,0,11,1,1,0,0,0,0,0,15,15,43,968,826,55,0,1,22,1.0833333333333333,181,3,6284,46,212,150,21352
2025-07-05,argo,com.airbnb.mvrx.mocking,DataClassSetDsl,setExample,1,2,0.0,1,1.0,0,9,3,0,8,0,1,0,0.0,0,0,1,9,0.0,0,2.6,0,1,0.0,0,0.0,0.25,106,11,0.3333333333333333,12,0,0,0,0,12,1,0,0,0,0,0,0,0,0,1,12,0.5909090909090908,12,1.0,12,0,0,0,11,1,0,11,1,1,0,0,0,0,0,15,15,43,968,826,55,0,1,22,1.0833333333333333,181,3,6284,46,212,150,21352
2025-07-05,argo,com.airbnb.mvrx.mocking,MockableMavericksStateStore,next,1,0,0.0,1,1.0,0,2,1,0,6,0,1,0,1.0,1,3,1,3,4.0,1,2.0,1,1,0.0,0,0.0,0.0,56,19,0.0,5,7,3,1,0,5,6,0,5,0,0,7,0,0,0,0,8,0.9333333333333333,8,1.3333333333333333,6,3,8,0,6,0,0,6,0,2,0,0,0,0,0,6,6,43,968,826,55,0,1,18,1.5,181,3,6284,46,212,150,21352
2025-07-05,argo,com.airbnb.mvrx.mocking,MockableMavericksStateStore,get,1,0,0.0,0,0.0,0,2,1,0,3,0,1,0,0.5,1,1,0,1,1.0,1,2.0,1,0,0.0,0,0.0,0.0,56,19,0.0,5,7,3,1,0,5,6,0,5,0,0,7,0,0,0,0,8,0.9333333333333333,8,1.3333333333333333,6,3,8,0,6,0,0,6,0,2,0,0,0,0,0,6,6,43,968,826,55,0,1,18,1.5,181,3,6284,46,212,150,21352
2025-07-05,argo,com.airbnb.mvrx.mocking,MockableMavericksStateStore,set,2,1,0.0,3,1.0,0,2,1,0,9,1,2,0,0.6666666666666666,2,5,0,8,2.5,1,2.0,1,0,0.0,0,0.0,0.0,56,19,0.0,5,7,3,1,0,5,6,0,5,0,0,7,0,0,0,0,8,0.9333333333333333,8,1.3333333333333333,6,3,8,0,6,0,0,6,0,2,0,0,0,0,0,6,6,43,968,826,55,0,1,18,1.5,181,3,6284,46,212,150,21352
2025-07-05,argo,com.airbnb.mvrx.mocking,MockableMavericksStateStore,addOnStateSetListener,1,0,0.0,1,1.0,0,2,1,0,3,0,1,0,0.5,0,1,0,1,1.0,1,2.0,1,0,0.0,0,0.0,0.0,56,19,0.0,5,7,3,1,0,5,6,0,5,0,0,7,0,0,0,0,8,0.9333333333333333,8,1.3333333333333333,6,3,8,0,6,0,0,6,0,2,0,0,0,0,0,6,6,43,968,826,55,0,1,18,1.5,181,3,6284,46,212,150,21352
2025-07-05,argo,com.airbnb.mvrx.mocking,MockableMavericksStateStore,removeOnStateSetListener,1,0,0.0,1,1.0,0,2,1,0,3,0,1,0,0.5,0,1,0,1,1.0,1,2.0,1,0,0.0,0,0.0,0.0,56,19,0.0,5,7,3,1,0,5,6,0,5,0,0,7,0,0,0,0,8,0.9333333333333333,8,1.3333333333333333,6,3,8,0,6,0,0,6,0,2,0,0,0,0,0,6,6,43,968,826,55,0,1,18,1.5,181,3,6284,46,212,150,21352
2025-07-05,argo,com.airbnb.mvrx.mocking,MockableMavericksStateStore,addOnCancelListener,3,0,0.0,2,1.0,0,2,1,0,7,1,3,0,0.0,0,0,0,4,0.0,0,2.5,1,0,0.0,0,0.0,0.0,56,19,0.0,5,7,3,1,0,5,6,0,5,0,0,7,0,0,0,0,8,0.9333333333333333,8,1.3333333333333333,6,3,8,0,6,0,0,6,0,2,0,0,0,0,0,6,6,43,968,826,55,0,1,18,1.5,181,3,6284,46,212,150,21352
2025-07-05,argo,com.airbnb.mvrx.mocking,MockableMavericksView,provideMocks,1,0,0.0,0,0.0,0,0,1,0,1,0,1,0,0.0,0,0,0,0,0.0,0,0.0,0,0,0.0,0,0.0,0.0,7,4,0.0,2,0,0,1,0,1,1,0,0,0,0,0,0,0,0,0,2,1.0,2,1.0,2,0,0,0,2,0,0,2,0,1,0,0,0,0,0,2,2,43,968,826,55,0,1,1,1.0,181,3,6284,46,212,150,21352
2025-07-05,argo,com.airbnb.mvrx.mocking,MockableMavericksView,registerMockPrinter,1,0,0.0,1,1.0,0,0,1,0,3,0,1,0,0.0,0,0,1,1,0.0,1,2.0,0,1,0.0,0,0.0,0.0,7,4,0.0,2,0,0,1,0,1,1,0,0,0,0,0,0,0,0,0,2,1.0,2,1.0,2,0,0,0,2,0,0,2,0,1,0,0,0,0,0,2,2,43,968,826,55,0,1,1,1.0,181,3,6284,46,212,150,21352
2025-07-05,argo,com.airbnb.mvrx.mocking,MockableMavericksViewModelConfig,pushBehaviorOverride,1,0,1.0,0,0.0,0,0,1,0,3,0,1,2,0.5,2,1,1,0,1.0,0,0.0,1,1,0.0,0,0.35714285714285715,0.25,47,26,0.25,8,3,1,1,1,6,4,1,2,0,1,3,0,0,0,0,8,0.9642857142857143,8,1.0,8,1,8,0,14,2,0,14,1,3,0,0,1,0,1,8,9,43,968,826,55,0,3,30,1.2857142857142858,181,3,6284,46,212,150,21352
2025-07-05,argo,com.airbnb.mvrx.mocking,MockableMavericksViewModelConfig,pushBehaviorOverride,1,0,1.0,1,1.0,0,0,1,0,4,0,1,1,0.5,1,1,1,1,1.0,1,2.0,1,1,0.0,0,0.35714285714285715,0.25,47,26,0.25,8,3,1,1,1,6,4,1,2,0,1,3,0,0,0,0,8,0.9642857142857143,8,1.0,8,1,8,0,14,2,0,14,1,3,0,0,1,0,1,8,9,43,968,826,55,0,3,30,1.2857142857142858,181,3,6284,46,212,150,21352
2025-07-05,argo,com.airbnb.mvrx.mocking,MockableMavericksViewModelConfig,updateStateStore,1,0,0.0,0,0.0,0,0,1,0,3,0,1,0,1.0,0,1,0,0,1.0,0,2.0,0,0,0.0,0,0.35714285714285715,0.25,47,26,0.25,8,3,1,1,1,6,4,1,2,0,1,3,0,0,0,0,8,0.9642857142857143,8,1.0,8,1,8,0,14,2,0,14,1,3,0,0,1,0,1,8,9,43,968,826,55,0,3,30,1.2857142857142858,181,3,6284,46,212,150,21352
2025-07-05,argo,com.airbnb.mvrx.mocking,MockableMavericksViewModelConfig,popBehaviorOverride,1,0,1.0,1,1.0,0,0,1,0,4,0,1,1,1.0,1,1,1,1,1.0,1,2.0,0,1,0.0,0,0.35714285714285715,0.25,47,26,0.25,8,3,1,1,1,6,4,1,2,0,1,3,0,0,0,0,8,0.9642857142857143,8,1.0,8,1,8,0,14,2,0,14,1,3,0,0,1,0,1,8,9,43,968,826,55,0,3,30,1.2857142857142858,181,3,6284,46,212,150,21352
2025-07-05,argo,com.airbnb.mvrx.mocking,MockableMavericksViewModelConfig,addOnExecuteListener,1,0,0.0,1,1.0,0,0,1,0,3,0,1,1,0.5,0,1,0,1,1.0,1,2.0,1,0,0.0,0,0.35714285714285715,0.25,47,26,0.25,8,3,1,1,1,6,4,1,2,0,1,3,0,0,0,0,8,0.9642857142857143,8,1.0,8,1,8,0,14,2,0,14,1,3,0,0,1,0,1,8,9,43,968,826,55,0,3,30,1.2857142857142858,181,3,6284,46,212,150,21352
2025-07-05,argo,com.airbnb.mvrx.mocking,MockableMavericksViewModelConfig,removeOnExecuteListener,1,0,0.0,1,1.0,0,0,1,0,3,0,1,1,0.5,0,1,0,1,1.0,1,2.0,1,0,0.0,0,0.35714285714285715,0.25,47,26,0.25,8,3,1,1,1,6,4,1,2,0,1,3,0,0,0,0,8,0.9642857142857143,8,1.0,8,1,8,0,14,2,0,14,1,3,0,0,1,0,1,8,9,43,968,826,55,0,3,30,1.2857142857142858,181,3,6284,46,212,150,21352
2025-07-05,argo,com.airbnb.mvrx.mocking,MockableMavericksViewModelConfig,clearOnExecuteListeners,1,0,0.0,1,1.0,0,0,1,0,1,0,1,1,1.0,0,1,0,1,1.0,1,2.0,0,0,0.0,0,0.35714285714285715,0.25,47,26,0.25,8,3,1,1,1,6,4,1,2,0,1,3,0,0,0,0,8,0.9642857142857143,8,1.0,8,1,8,0,14,2,0,14,1,3,0,0,1,0,1,8,9,43,968,826,55,0,3,30,1.2857142857142858,181,3,6284,46,212,150,21352
2025-07-05,argo,com.airbnb.mvrx.mocking,MockableMavericksViewModelConfig,onExecute,1,1,0.0,1,1.0,0,0,1,0,5,0,1,1,0.6666666666666666,0,2,0,1,1.0,1,2.0,1,0,0.0,0,0.35714285714285715,0.25,47,26,0.25,8,3,1,1,1,6,4,1,2,0,1,3,0,0,0,0,8,0.9642857142857143,8,1.0,8,1,8,0,14,2,0,14,1,3,0,0,1,0,1,8,9,43,968,826,55,0,3,30,1.2857142857142858,181,3,6284,46,212,150,21352
2025-07-05,argo,com.airbnb.mvrx.mocking,MockMavericksViewModelConfigFactory,withMockBehavior,1,2,0.0,0,0.0,0,0,1,0,7,0,1,0,0.8,0,0,1,1,0.25,0,2.0,2,0,0.0,0,0.25,0.25,66,47,0.125,8,5,1,1,2,9,2,1,3,0,2,4,0,0,1,0,8,0.6071428571428572,8,1.0,8,1,8,0,14,2,0,14,1,3,0,0,0,0,0,8,8,43,968,826,55,0,3,30,1.2857142857142858,181,3,6284,46,212,150,21352
2025-07-05,argo,com.airbnb.mvrx.mocking,MockMavericksViewModelConfigFactory,onMockStoreDisposed,1,0,0.0,1,1.0,0,0,1,0,3,0,1,0,0.5,0,1,0,1,1.0,1,2.0,1,0,0.0,0,0.25,0.25,66,47,0.125,8,5,1,1,2,9,2,1,3,0,2,4,0,0,1,0,8,0.6071428571428572,8,1.0,8,1,8,0,14,2,0,14,1,3,0,0,0,0,0,8,8,43,968,826,55,0,3,30,1.2857142857142858,181,3,6284,46,212,150,21352
2025-07-05,argo,com.airbnb.mvrx.mocking,MockMavericksViewModelConfigFactory,buildConfig,3,5,2.0,5,0.8,0,0,1,0,20,0,3,1,0.75,2,3,0,9,0.57,1,2.0,2,0,0.0,0,0.25,0.25,66,47,0.125,8,5,1,1,2,9,2,1,3,0,2,4,0,0,1,0,8,0.6071428571428572,8,1.0,8,1,8,0,14,2,0,14,1,3,0,0,0,0,0,8,8,43,968,826,55,0,3,30,1.2857142857142858,181,3,6284,46,212,150,21352
2025-07-05,argo,com.airbnb.mvrx.mocking,MockMavericksViewModelConfigFactory,pushMockBehaviorOverride,1,0,0.0,1,1.0,0,0,1,0,3,0,1,0,1.0,0,1,0,3,2.0,0,2.5,1,0,0.0,0,0.25,0.25,66,47,0.125,8,5,1,1,2,9,2,1,3,0,2,4,0,0,1,0,8,0.6071428571428572,8,1.0,8,1,8,0,14,2,0,14,1,3,0,0,0,0,0,8,8,43,968,826,55,0,3,30,1.2857142857142858,181,3,6284,46,212,150,21352
2025-07-05,argo,com.airbnb.mvrx.mocking,MockMavericksViewModelConfigFactory,pushMockBehaviorOverride,1,0,0.0,1,1.0,0,0,1,0,3,0,1,0,0.5,0,1,0,4,1.0,0,3.0,1,0,0.0,0,0.25,0.25,66,47,0.125,8,5,1,1,2,9,2,1,3,0,2,4,0,0,1,0,8,0.6071428571428572,8,1.0,8,1,8,0,14,2,0,14,1,3,0,0,0,0,0,8,8,43,968,826,55,0,3,30,1.2857142857142858,181,3,6284,46,212,150,21352
2025-07-05,argo,com.airbnb.mvrx.mocking,MockMavericksViewModelConfigFactory,popMockBehaviorOverride,1,0,0.0,1,1.0,0,0,1,0,3,0,1,0,1.0,0,1,0,3,1.0,0,2.5,0,0,0.0,0,0.25,0.25,66,47,0.125,8,5,1,1,2,9,2,1,3,0,2,4,0,0,1,0,8,0.6071428571428572,8,1.0,8,1,8,0,14,2,0,14,1,3,0,0,0,0,0,8,8,43,968,826,55,0,3,30,1.2857142857142858,181,3,6284,46,212,150,21352
2025-07-05,argo,com.airbnb.mvrx.mocking,MockMavericksViewModelConfigFactory,addOnExecuteListener,1,0,0.0,2,1.0,0,0,1,0,4,0,1,0,0.5,1,2,0,4,2.0,1,2.3333333333333335,1,0,0.0,0,0.25,0.25,66,47,0.125,8,5,1,1,2,9,2,1,3,0,2,4,0,0,1,0,8,0.6071428571428572,8,1.0,8,1,8,0,14,2,0,14,1,3,0,0,0,0,0,8,8,43,968,826,55,0,3,30,1.2857142857142858,181,3,6284,46,212,150,21352
2025-07-05,argo,com.airbnb.mvrx.mocking,MockMavericksViewModelConfigFactory,<S : MavericksState> access,1,0,0.0,2,1.0,0,0,1,0,4,0,1,0,0.5,1,2,0,4,2.0,1,2.3333333333333335,1,0,0.0,0,0.25,0.25,66,47,0.125,8,5,1,1,2,9,2,1,3,0,2,4,0,0,1,0,8,0.6071428571428572,8,1.0,8,1,8,0,14,2,0,14,1,3,0,0,0,0,0,8,8,43,968,826,55,1,3,30,1.2857142857142858,181,3,6284,46,212,150,21352
2025-07-05,argo,com.airbnb.mvrx.mocking,MockStateHolder,setMock,1,0,0.0,0,0.0,0,2,2,0,3,0,1,0,0.3333333333333333,0,1,1,0,0.5,0,0.0,2,0,0.0,0,0.9,0.6,47,11,0.0,4,2,0,0,0,7,2,0,2,0,0,2,0,0,0,0,7,0.8,7,1.4,5,0,2,0,5,0,0,5,0,1,0,0,0,0,0,5,5,43,968,826,55,0,1,35,3.2,181,3,6284,46,212,150,21352
2025-07-05,argo,com.airbnb.mvrx.mocking,MockStateHolder,clearMock,1,0,0.0,1,1.0,0,2,2,0,4,0,1,0,0.5,0,2,0,2,2.0,1,2.0,1,0,0.0,0,0.9,0.6,47,11,0.0,4,2,0,0,0,7,2,0,2,0,0,2,0,0,0,0,7,0.8,7,1.4,5,0,2,0,5,0,0,5,0,1,0,0,0,0,0,5,5,43,968,826,55,0,1,35,3.2,181,3,6284,46,212,150,21352
2025-07-05,argo,com.airbnb.mvrx.mocking,MockStateHolder,clearAllMocks,1,0,0.0,1,1.0,0,2,2,0,4,0,1,0,1.0,0,2,0,2,2.0,1,2.0,0,0,0.0,0,0.9,0.6,47,11,0.0,4,2,0,0,0,7,2,0,2,0,0,2,0,0,0,0,7,0.8,7,1.4,5,0,2,0,5,0,0,5,0,1,0,0,0,0,0,5,5,43,968,826,55,0,1,35,3.2,181,3,6284,46,212,150,21352
2025-07-05,argo,com.airbnb.mvrx.mocking,MockStateHolder,getMockedState,11,3,0.0,5,1.0,0,2,2,0,21,1,11,0,0.1875,0,2,0,25,0.29,1,2.5,5,0,0.0,0,0.9,0.6,47,11,0.0,4,2,0,0,0,7,2,0,2,0,0,2,0,0,0,0,7,0.8,7,1.4,5,0,2,0,5,0,0,5,0,1,0,0,0,0,0,5,5,43,968,826,55,0,1,35,3.2,181,3,6284,46,212,150,21352
2025-07-05,argo,com.airbnb.mvrx.mocking,MockStateHolder,addViewModelDelegate,2,0,0.0,1,1.0,0,2,2,0,3,0,2,0,0.14285714285714285,0,1,0,6,0.25,0,2.0,4,0,0.0,0,0.9,0.6,47,11,0.0,4,2,0,0,0,7,2,0,2,0,0,2,0,0,0,0,7,0.8,7,1.4,5,0,2,0,5,0,0,5,0,1,0,0,0,0,0,5,5,43,968,826,55,0,1,35,3.2,181,3,6284,46,212,150,21352
2025-07-05,argo,com.airbnb.mvrx.mocking,MockViewModelDelegateFactory,createLazyViewModel,5,4,0.0,10,0.9,0,2,1,0,17,0,5,2,0.0,2,0,1,24,0.0,1,2.2777777777777777,7,1,0.0,0,0.0,0.8,57,29,0.0,5,0,1,1,0,13,1,0,0,0,0,0,0,0,0,0,5,0.5,5,1.0,5,1,0,0,1,4,0,1,1,1,0,0,0,0,0,7,7,43,968,826,55,0,1,49,3.6,181,3,6284,46,212,150,21352
2025-07-05,argo,com.airbnb.mvrx.mocking,MockViewModelDelegateFactory,getMockedViewModel,5,0,0.0,3,1.0,0,2,1,0,15,1,5,1,0.0,2,0,0,12,0.0,1,2.125,8,0,0.0,0,0.0,0.8,57,29,0.0,5,0,1,1,0,13,1,0,0,0,0,0,0,0,0,0,5,0.5,5,1.0,5,1,0,0,1,4,0,1,1,1,0,0,0,0,0,7,7,43,968,826,55,0,1,49,3.6,181,3,6284,46,212,150,21352
2025-07-05,argo,com.airbnb.mvrx.mocking,MockViewModelDelegateFactory,_fragmentArgsProvider,1,0,0.0,1,1.0,0,2,1,0,1,0,1,0,0.0,0,0,0,2,0.0,0,3.0,0,0,0.0,0,0.0,0.8,57,29,0.0,5,0,1,1,0,13,1,0,0,0,0,0,0,0,0,0,5,0.5,5,1.0,5,1,0,0,1,4,0,1,1,1,0,0,0,0,0,7,7,43,968,826,55,0,1,49,3.6,181,3,6284,46,212,150,21352
2025-07-05,argo,com.airbnb.mvrx.mocking,MockViewModelDelegateFactory,getMockState,4,0,0.0,2,1.0,0,2,1,0,7,0,4,0,0.0,0,0,0,8,0.0,0,2.5,5,0,0.0,0,0.0,0.8,57,29,0.0,5,0,1,1,0,13,1,0,0,0,0,0,0,0,0,0,5,0.5,5,1.0,5,1,0,0,1,4,0,1,1,1,0,0,0,0,0,7,7,43,968,826,55,0,1,49,3.6,181,3,6284,46,212,150,21352
2025-07-05,argo,com.airbnb.mvrx.mocking,MockViewModelDelegateFactory,stateFactory,3,0,0.0,0,0.0,0,2,1,0,11,0,3,0,0.0,0,0,0,3,0.0,0,0.0,1,0,0.0,0,0.0,0.8,57,29,0.0,5,0,1,1,0,13,1,0,0,0,0,0,0,0,0,0,5,0.5,5,1.0,5,1,0,0,1,4,0,1,1,1,0,0,0,0,0,7,7,43,968,826,55,0,1,49,3.6,181,3,6284,46,212,150,21352
2025-07-05,argo,com.airbnb.mvrx.mocking,SynchronousMavericksStateStore,get,1,0,0.0,0,0.0,0,2,1,0,3,0,1,0,0.5,0,1,1,1,1.0,0,0.0,1,1,0.0,0,1.0,0.5,17,0,0.0,0,3,2,1,0,2,2,0,1,0,0,2,0,0,1,0,2,1.0,2,1.0,2,2,3,0,2,0,0,2,0,1,0,0,0,0,0,2,2,43,968,826,55,0,1,3,1.0,181,3,6284,46,212,150,21352
2025-07-05,argo,com.airbnb.mvrx.mocking,SynchronousMavericksStateStore,set,1,0,0.0,2,1.0,0,2,1,0,4,0,1,0,0.8,0,2,0,2,2.0,1,2.0,1,0,0.0,0,1.0,0.5,17,0,0.0,0,3,2,1,0,2,2,0,1,0,0,2,0,0,1,0,2,1.0,2,1.0,2,2,3,0,2,0,0,2,0,1,0,0,0,0,0,2,2,43,968,826,55,0,1,3,1.0,181,3,6284,46,212,150,21352
2025-07-05,argo,com.airbnb.mvrx.mocking.printer,AutoValueTypePrinter,acceptsObject,1,0,0.0,1,1.0,1,0,1,0,3,0,1,0,0.0,0,0,0,3,0.0,0,4.0,1,0,0.0,0,0.0,0.3333333333333333,25,17,0.0,3,0,3,1,0,5,0,0,1,0,0,1,1,1,0,0,3,0.6666666666666667,3,1.0,3,3,0,0,3,0,0,3,0,1,0,0,0,0,0,3,3,43,968,826,8,0,0,38,1.3333333333333333,28,1,759,46,212,29,21352
2025-07-05,argo,com.airbnb.mvrx.mocking.printer,AutoValueTypePrinter,generateCode,2,6,0.0,7,1.0,1,0,1,0,11,0,2,0,0.0,0,0,0,33,0.0,2,2.7142857142857144,2,0,0.0,0,0.0,0.3333333333333333,25,17,0.0,3,0,3,1,0,5,0,0,1,0,0,1,1,1,0,0,3,0.6666666666666667,3,1.0,3,3,0,0,3,0,0,3,0,1,0,0,0,0,0,3,3,43,968,826,8,0,0,38,1.3333333333333333,28,1,759,46,212,29,21352
2025-07-05,argo,com.airbnb.mvrx.mocking.printer,AutoValueTypePrinter,modifyImports,1,0,0.0,1,1.0,1,0,1,0,3,0,1,0,0.0,0,0,0,2,0.0,0,2.0,1,0,0.0,0,0.0,0.3333333333333333,25,17,0.0,3,0,3,1,0,5,0,0,1,0,0,1,1,1,0,0,3,0.6666666666666667,3,1.0,3,3,0,0,3,0,0,3,0,1,0,0,0,0,0,3,3,43,968,826,8,0,0,38,1.3333333333333333,28,1,759,46,212,29,21352
2025-07-05,argo,com.airbnb.mvrx.mocking.printer,ConstructorCodeGenerator,getConstructor,5,4,0.0,7,0.875,0,6,2,0,29,3,5,6,1.0,7,2,0,31,0.5,2,2.2222222222222223,0,0,0.0,0,0.0,0.6666666666666666,147,44,0.2222222222222222,14,5,0,0,3,7,1,0,2,0,3,5,0,0,0,0,23,0.9047619047619048,23,1.5333333333333334,15,0,5,0,0,15,0,0,4,1,0,0,0,0,0,16,16,43,968,826,8,0,1,77,2.9285714285714284,28,1,759,46,212,29,21352
2025-07-05,argo,com.airbnb.mvrx.mocking.printer,ConstructorCodeGenerator,enclosingClassChain,4,2,0.0,2,1.0,0,6,2,0,12,1,4,3,0.0,0,0,0,4,0.0,1,2.25,1,0,0.0,0,0.0,0.6666666666666666,147,44,0.2222222222222222,14,5,0,0,3,7,1,0,2,0,3,5,0,0,0,0,23,0.9047619047619048,23,1.5333333333333334,15,0,5,0,0,15,0,0,4,1,0,0,0,0,0,16,16,43,968,826,8,0,1,77,2.9285714285714284,28,1,759,46,212,29,21352
2025-07-05,argo,com.airbnb.mvrx.mocking.printer,ConstructorCodeGenerator,escape,1,0,0.0,0,0.0,0,6,2,0,1,0,1,0,0.0,0,0,0,0,0.0,0,0.0,0,0,0.0,0,0.0,0.6666666666666666,147,44,0.2222222222222222,14,5,0,0,3,7,1,0,2,0,3,5,0,0,0,0,23,0.9047619047619048,23,1.5333333333333334,15,0,5,0,0,15,0,0,4,1,0,0,0,0,0,16,16,43,968,826,8,0,1,77,2.9285714285714284,28,1,759,46,212,29,21352
2025-07-05,argo,com.airbnb.mvrx.mocking.printer,ConstructorCodeGenerator,escapeWithTripleQuotes,1,0,0.0,0,0.0,0,6,2,0,1,0,1,0,0.0,0,0,0,0,0.0,0,0.0,0,0,0.0,0,0.0,0.6666666666666666,147,44,0.2222222222222222,14,5,0,0,3,7,1,0,2,0,3,5,0,0,0,0,23,0.9047619047619048,23,1.5333333333333334,15,0,5,0,0,15,0,0,4,1,0,0,0,0,0,16,16,43,968,826,8,0,1,77,2.9285714285714284,28,1,759,46,212,29,21352
2025-07-05,argo,com.airbnb.mvrx.mocking.printer,ConstructorCodeGenerator,getCharSequenceConstructor,1,0,0.0,2,1.0,0,6,2,0,4,0,1,1,0.0,3,0,1,9,0.0,6,2.5,0,1,0.0,0,0.0,0.6666666666666666,147,44,0.2222222222222222,14,5,0,0,3,7,1,0,2,0,3,5,0,0,0,0,23,0.9047619047619048,23,1.5333333333333334,15,0,5,0,0,15,0,0,4,1,0,0,0,0,0,16,16,43,968,826,8,0,1,77,2.9285714285714284,28,1,759,46,212,29,21352
2025-07-05,argo,com.airbnb.mvrx.mocking.printer,ConstructorCodeGenerator,toHumanReadableJson,5,0,0.0,1,1.0,0,6,2,0,11,1,5,0,0.0,0,0,0,3,0.0,1,2.0,1,0,0.0,0,0.0,0.6666666666666666,147,44,0.2222222222222222,14,5,0,0,3,7,1,0,2,0,3,5,0,0,0,0,23,0.9047619047619048,23,1.5333333333333334,15,0,5,0,0,15,0,0,4,1,0,0,0,0,0,16,16,43,968,826,8,0,1,77,2.9285714285714284,28,1,759,46,212,29,21352
2025-07-05,argo,com.airbnb.mvrx.mocking.printer,ConstructorCodeGenerator,iterableItemsCode,2,1,1.0,1,1.0,0,6,2,0,4,0,2,0,0.0,3,0,0,3,0.0,0,2.3333333333333335,0,0,0.0,0,0.0,0.6666666666666666,147,44,0.2222222222222222,14,5,0,0,3,7,1,0,2,0,3,5,0,0,0,0,23,0.9047619047619048,23,1.5333333333333334,15,0,5,0,0,15,0,0,4,1,0,0,0,0,0,16,16,43,968,826,8,0,1,77,2.9285714285714284,28,1,759,46,212,29,21352
2025-07-05,argo,com.airbnb.mvrx.mocking.printer,ConstructorCodeGenerator,arrayItemsCode,2,1,1.0,1,1.0,0,6,2,0,4,0,2,0,0.0,3,0,0,3,0.0,0,2.3333333333333335,0,0,0.0,0,0.0,0.6666666666666666,147,44,0.2222222222222222,14,5,0,0,3,7,1,0,2,0,3,5,0,0,0,0,23,0.9047619047619048,23,1.5333333333333334,15,0,5,0,0,15,0,0,4,1,0,0,0,0,0,16,16,43,968,826,8,0,1,77,2.9285714285714284,28,1,759,46,212,29,21352
2025-07-05,argo,com.airbnb.mvrx.mocking.printer,ConstructorCodeGenerator,hasAllSameClassType,1,0,0.0,0,0.0,0,6,2,0,1,0,1,0,0.0,2,0,0,1,0.0,1,2.0,0,0,0.0,0,0.0,0.6666666666666666,147,44,0.2222222222222222,14,5,0,0,3,7,1,0,2,0,3,5,0,0,0,0,23,0.9047619047619048,23,1.5333333333333334,15,0,5,0,0,15,0,0,4,1,0,0,0,0,0,16,16,43,968,826,8,0,1,77,2.9285714285714284,28,1,759,46,212,29,21352
2025-07-05,argo,com.airbnb.mvrx.mocking.printer,ConstructorCodeGenerator,hasAllSameClassType,4,0,0.0,0,0.0,0,6,2,0,6,3,4,0,0.0,1,0,0,2,0.0,0,0.0,0,0,0.0,0,0.0,0.6666666666666666,147,44,0.2222222222222222,14,5,0,0,3,7,1,0,2,0,3,5,0,0,0,0,23,0.9047619047619048,23,1.5333333333333334,15,0,5,0,0,15,0,0,4,1,0,0,0,0,0,16,16,43,968,826,8,0,1,77,2.9285714285714284,28,1,759,46,212,29,21352
2025-07-05,argo,com.airbnb.mvrx.mocking.printer,ConstructorCodeGenerator,isEmpty,3,0,0.0,1,1.0,0,6,2,0,7,0,3,0,0.0,1,0,0,3,0.0,2,2.5,0,0,0.0,0,0.0,0.6666666666666666,147,44,0.2222222222222222,14,5,0,0,3,7,1,0,2,0,3,5,0,0,0,0,23,0.9047619047619048,23,1.5333333333333334,15,0,5,0,0,15,0,0,4,1,0,0,0,0,0,16,16,43,968,826,8,0,1,77,2.9285714285714284,28,1,759,46,212,29,21352
2025-07-05,argo,com.airbnb.mvrx.mocking.printer,ConstructorCodeGenerator,getMapConstructor,3,1,0.0,1,1.0,0,6,2,0,4,0,3,0,0.0,1,0,0,6,0.0,0,2.6666666666666665,0,0,0.0,0,0.0,0.6666666666666666,147,44,0.2222222222222222,14,5,0,0,3,7,1,0,2,0,3,5,0,0,0,0,23,0.9047619047619048,23,1.5333333333333334,15,0,5,0,0,15,0,0,4,1,0,0,0,0,0,16,16,43,968,826,8,0,1,77,2.9285714285714284,28,1,759,46,212,29,21352
2025-07-05,argo,com.airbnb.mvrx.mocking.printer,ConstructorCodeGenerator,getKotlinConstructor,5,7,0.0,4,1.0,0,6,2,0,18,1,5,0,0.0,2,0,0,9,0.0,1,2.1333333333333333,1,0,0.0,0,0.0,0.6666666666666666,147,44,0.2222222222222222,14,5,0,0,3,7,1,0,2,0,3,5,0,0,0,0,23,0.9047619047619048,23,1.5333333333333334,15,0,5,0,0,15,0,0,4,1,0,0,0,0,0,16,16,43,968,826,8,0,1,77,2.9285714285714284,28,1,759,46,212,29,21352
2025-07-05,argo,com.airbnb.mvrx.mocking.printer,ConstructorCodeGenerator,filterKotlinClassParam,2,0,0.0,1,1.0,0,6,2,0,4,1,2,0,0.0,2,0,0,3,0.0,3,2.0,2,0,0.0,0,0.0,0.6666666666666666,147,44,0.2222222222222222,14,5,0,0,3,7,1,0,2,0,3,5,0,0,0,0,23,0.9047619047619048,23,1.5333333333333334,15,0,5,0,0,15,0,0,4,1,0,0,0,0,0,16,16,43,968,826,8,0,1,77,2.9285714285714284,28,1,759,46,212,29,21352
2025-07-05,argo,com.airbnb.mvrx.mocking.printer,ConstructorCodeGenerator,isPrimitiveDefault,3,0,0.0,0,0.0,0,6,2,0,6,1,3,0,0.0,0,0,0,1,0.0,0,2.0,0,0,0.0,0,0.0,0.6666666666666666,147,44,0.2222222222222222,14,5,0,0,3,7,1,0,2,0,3,5,0,0,0,0,23,0.9047619047619048,23,1.5333333333333334,15,0,5,0,0,15,0,0,4,1,0,0,0,0,0,16,16,43,968,826,8,0,1,77,2.9285714285714284,28,1,759,46,212,29,21352
2025-07-05,argo,com.airbnb.mvrx.mocking.printer,MavericksMockPrinter,onStart,1,0,0.0,1,1.0,3,0,1,0,3,0,1,0,1.0,0,2,0,1,2.0,1,2.0,1,0,0.0,0,0.3333333333333333,0.0,44,9,0.0,3,2,3,1,0,1,2,1,3,0,0,4,2,2,0,0,3,1.0,3,1.0,3,3,9,0,9,2,0,9,0,3,0,0,1,0,1,3,4,43,968,826,8,0,6,47,1.0,28,1,759,46,212,29,21352
2025-07-05,argo,com.airbnb.mvrx.mocking.printer,MavericksMockPrinter,onStop,1,0,0.0,1,1.0,3,0,1,0,3,0,1,0,1.0,0,2,0,1,2.0,1,2.0,1,0,0.0,0,0.3333333333333333,0.0,44,9,0.0,3,2,3,1,0,1,2,1,3,0,0,4,2,2,0,0,3,1.0,3,1.0,3,3,9,0,9,2,0,9,0,3,0,0,1,0,1,3,4,43,968,826,8,0,6,47,1.0,28,1,759,46,212,29,21352
2025-07-05,argo,com.airbnb.mvrx.mocking.printer,MavericksMockPrinter,onDestroy,1,0,0.0,1,1.0,3,0,1,0,3,0,1,0,0.0,0,0,1,1,0.0,1,2.0,1,1,0.0,0,0.3333333333333333,0.0,44,9,0.0,3,2,3,1,0,1,2,1,3,0,0,4,2,2,0,0,3,1.0,3,1.0,3,3,9,0,9,2,0,9,0,3,0,0,1,0,1,3,4,43,968,826,8,0,6,47,1.0,28,1,759,46,212,29,21352
2025-07-05,argo,com.airbnb.mvrx.mocking.printer,MavericksPrintStateBroadcastReceiver,onReceive,8,2,1.0,8,1.0,3,1,2,0,29,2,8,1,0.0,2,1,2,24,0.25,6,2.24,2,2,0.0,0,0.0,0.0,69,43,0.25,4,3,1,2,0,5,4,1,1,1,0,2,0,0,1,2,12,0.8333333333333334,12,3.0,5,1,9,0,9,2,0,9,0,3,0,1,0,0,0,6,5,43,968,826,8,0,6,47,1.0,28,1,759,46,212,29,21352
2025-07-05,argo,com.airbnb.mvrx.mocking.printer,MavericksPrintStateBroadcastReceiver,isMatch,4,1,0.0,3,0.75,3,1,2,0,11,2,4,0,0.25,0,1,0,10,0.5,1,2.4,1,0,0.0,0,0.0,0.0,69,43,0.25,4,3,1,2,0,5,4,1,1,1,0,2,0,0,1,2,12,0.8333333333333334,12,3.0,5,1,9,0,9,2,0,9,0,3,0,1,0,0,0,6,5,43,968,826,8,0,6,47,1.0,28,1,759,46,212,29,21352
2025-07-05,argo,com.airbnb.mvrx.mocking.printer,MavericksPrintStateBroadcastReceiver,provideObjectToMock,0,0,0.0,0,0.0,3,1,2,0,0,0,0,0,0.0,0,0,0,0,0.0,0,0.0,0,0,0.0,0,0.0,0.0,69,43,0.25,4,3,1,2,0,5,4,1,1,1,0,2,0,0,1,2,12,0.8333333333333334,12,3.0,5,1,9,0,9,2,0,9,0,3,0,1,0,0,0,6,5,43,968,826,8,0,6,47,1.0,28,1,759,46,212,29,21352
2025-07-05,argo,com.airbnb.mvrx.mocking.printer,MavericksPrintStateBroadcastReceiver,register,3,0,0.0,2,1.0,3,1,2,0,9,1,3,1,0.5,0,1,1,7,1.0,1,2.4,1,1,0.0,0,0.0,0.0,69,43,0.25,4,3,1,2,0,5,4,1,1,1,0,2,0,0,1,2,12,0.8333333333333334,12,3.0,5,1,9,0,9,2,0,9,0,3,0,1,0,0,0,6,5,43,968,826,8,0,6,47,1.0,28,1,759,46,212,29,21352
2025-07-05,argo,com.airbnb.mvrx.mocking.printer,MavericksPrintStateBroadcastReceiver,unregister,1,0,0.0,1,1.0,3,1,2,0,5,0,1,1,0.6666666666666666,0,1,2,2,1.0,1,2.0,1,2,0.0,0,0.0,0.0,69,43,0.25,4,3,1,2,0,5,4,1,1,1,0,2,0,0,1,2,12,0.8333333333333334,12,3.0,5,1,9,0,9,2,0,9,0,3,0,1,0,0,0,6,5,43,968,826,8,0,6,47,1.0,28,1,759,46,212,29,21352
2025-07-05,argo,com.airbnb.mvrx.mocking.printer,ViewArgPrinter,provideObjectToMock,3,1,0.0,2,1.0,3,0,1,0,11,1,3,0,0.0,0,0,0,7,0.0,0,2.4285714285714284,0,0,0.0,0,0.0,0.0,17,11,0.0,1,2,1,1,0,1,0,1,0,0,0,2,0,0,0,0,1,0.0,1,1.0,1,1,9,0,9,2,0,9,0,3,0,0,0,0,0,1,1,43,968,826,8,0,6,47,1.0,28,1,759,46,212,29,21352
2025-07-05,argo,com.airbnb.mvrx.mocking.printer,ViewModelStatePrinter,currentState,1,0,0.0,0,0.0,3,0,1,0,3,0,1,0,0.0,0,0,0,1,0.0,0,0.0,0,0,0.0,0,0.0,0.0,11,4,0.5,2,2,1,1,0,2,0,1,0,0,0,2,0,0,0,0,2,1.0,2,1.0,2,1,9,0,9,2,0,9,0,3,0,0,0,0,0,2,2,43,968,826,8,0,6,47,1.0,28,1,759,46,212,29,21352
2025-07-05,argo,com.airbnb.mvrx.mocking.printer,ViewModelStatePrinter,provideObjectToMock,1,0,1.0,0,0.0,3,0,1,0,1,0,1,1,0.0,1,0,0,0,0.0,0,0.0,0,0,0.0,0,0.0,0.0,11,4,0.5,2,2,1,1,0,2,0,1,0,0,0,2,0,0,0,0,2,1.0,2,1.0,2,1,9,0,9,2,0,9,0,3,0,0,0,0,0,2,2,43,968,826,8,0,6,47,1.0,28,1,759,46,212,29,21352
2025-07-05,argo,com.airbnb.mvrx.mocking,AutoValueTypePrinterTest,typePrinterAcceptsAutoValueType,1,1,0.0,2,1.0,1,0,1,0,4,0,1,0,0.0,0,0,1,5,0.0,4,3.5,0,1,0.0,0,0.0,1.0,18,14,0.0,3,0,0,1,0,0,2,0,0,0,0,0,0,0,0,0,3,0.0,3,1.0,3,0,0,0,3,0,0,3,0,1,0,0,0,0,0,3,3,43,968,826,55,0,3,26,1.0,181,3,6284,46,212,150,21352
2025-07-05,argo,com.airbnb.mvrx.mocking,AutoValueTypePrinterTest,typePrinterGeneratesCode,1,2,0.0,1,1.0,1,0,1,0,5,0,1,0,0.0,0,0,1,9,0.0,4,2.5,0,1,0.0,0,0.0,1.0,18,14,0.0,3,0,0,1,0,0,2,0,0,0,0,0,0,0,0,0,3,0.0,3,1.0,3,0,0,0,3,0,0,3,0,1,0,0,0,0,0,3,3,43,968,826,55,0,3,26,1.0,181,3,6284,46,212,150,21352
2025-07-05,argo,com.airbnb.mvrx.mocking,AutoValueTypePrinterTest,typePrinterUsesCorrectImport,1,2,0.0,2,1.0,1,0,1,0,5,0,1,0,0.0,0,0,1,12,0.0,4,3.2,0,1,0.0,0,0.0,1.0,18,14,0.0,3,0,0,1,0,0,2,0,0,0,0,0,0,0,0,0,3,0.0,3,1.0,3,0,0,0,3,0,0,3,0,1,0,0,0,0,0,3,3,43,968,826,55,0,3,26,1.0,181,3,6284,46,212,150,21352
2025-07-05,argo,com.airbnb.mvrx.mocking,BaseTest,resetConfigurationDefaults,1,0,0.0,2,0.5,0,0,1,0,4,0,1,0,0.0,0,0,2,5,0.0,1,2.6666666666666665,0,1,0.0,0,0.0,1.0,45,41,0.0,3,0,0,0,0,6,2,0,0,0,0,1,0,0,0,10,6,0.0,6,2.0,3,0,0,0,1,0,2,1,1,0,0,0,0,0,0,3,3,43,968,826,55,0,3,32,4.333333333333333,181,3,6284,46,212,150,21352
2025-07-05,argo,com.airbnb.mvrx.mocking,BaseTest,createFragment,8,3,0.0,8,1.0,0,0,1,0,24,2,8,0,0.0,0,0,0,17,0.0,1,2.5,4,0,0.0,0,0.0,1.0,45,41,0.0,3,0,0,0,0,6,2,0,0,0,0,1,0,0,0,10,6,0.0,6,2.0,3,0,0,0,1,0,2,1,1,0,0,0,0,0,0,3,3,43,968,826,55,0,3,32,4.333333333333333,181,3,6284,46,212,150,21352
2025-07-05,argo,com.airbnb.mvrx.mocking,BaseTest,addToActivity,4,2,0.0,6,1.0,0,0,1,0,13,1,4,0,0.0,0,0,1,10,0.0,1,2.4285714285714284,2,1,0.0,0,0.0,1.0,45,41,0.0,3,0,0,0,0,6,2,0,0,0,0,1,0,0,0,10,6,0.0,6,2.0,3,0,0,0,1,0,2,1,1,0,0,0,0,0,0,3,3,43,968,826,55,0,3,32,4.333333333333333,181,3,6284,46,212,150,21352
2025-07-05,argo,com.airbnb.mvrx.mocking,ConstructorCodeGeneratorTest,testImports,1,1,0.0,1,1.0,1,1,9,1,4,0,1,0,0.0,0,0,1,15,0.0,0,2.888888888888889,0,1,0.0,0,0.0,0.9411764705882353,113,65,0.5,17,0,0,1,0,1,4,1,0,0,0,0,0,0,0,0,17,0.42647058823529416,17,1.0,17,0,0,0,16,1,0,16,1,1,0,0,1,0,1,18,19,43,968,826,55,0,18,169,1.0,181,3,6284,46,212,150,21352
2025-07-05,argo,com.airbnb.mvrx.mocking,ConstructorCodeGeneratorTest,testConstructor,1,1,0.0,2,1.0,1,1,9,1,4,0,1,0,0.0,0,0,1,18,0.0,0,4.8,0,1,0.0,0,0.0,0.9411764705882353,113,65,0.5,17,0,0,1,0,1,4,1,0,0,0,0,0,0,0,0,17,0.42647058823529416,17,1.0,17,0,0,0,16,1,0,16,1,1,0,0,1,0,1,18,19,43,968,826,55,0,18,169,1.0,181,3,6284,46,212,150,21352
2025-07-05,argo,com.airbnb.mvrx.mocking,ConstructorCodeGeneratorTest,testJsonObject,1,1,0.0,2,1.0,1,1,9,1,4,0,1,0,0.0,0,0,1,10,0.0,0,3.0,0,1,0.0,0,0.0,0.9411764705882353,113,65,0.5,17,0,0,1,0,1,4,1,0,0,0,0,0,0,0,0,17,0.42647058823529416,17,1.0,17,0,0,0,16,1,0,16,1,1,0,0,1,0,1,18,19,43,968,826,55,0,18,169,1.0,181,3,6284,46,212,150,21352
2025-07-05,argo,com.airbnb.mvrx.mocking,ConstructorCodeGeneratorTest,testJsonObjectNotTruncated,1,1,0.0,2,1.0,1,1,9,1,4,0,1,0,0.0,0,0,1,9,0.0,0,3.25,0,1,0.0,0,0.0,0.9411764705882353,113,65,0.5,17,0,0,1,0,1,4,1,0,0,0,0,0,0,0,0,17,0.42647058823529416,17,1.0,17,0,0,0,16,1,0,16,1,1,0,0,1,0,1,18,19,43,968,826,55,0,18,169,1.0,181,3,6284,46,212,150,21352
2025-07-05,argo,com.airbnb.mvrx.mocking,ConstructorCodeGeneratorTest,testJsonArray,1,1,0.0,2,1.0,1,1,9,1,4,0,1,0,0.0,0,0,1,10,0.0,0,3.0,0,1,0.0,0,0.0,0.9411764705882353,113,65,0.5,17,0,0,1,0,1,4,1,0,0,0,0,0,0,0,0,17,0.42647058823529416,17,1.0,17,0,0,0,16,1,0,16,1,1,0,0,1,0,1,18,19,43,968,826,55,0,18,169,1.0,181,3,6284,46,212,150,21352
2025-07-05,argo,com.airbnb.mvrx.mocking,ConstructorCodeGeneratorTest,testInvalidJson,1,1,0.0,2,1.0,1,1,9,1,4,0,1,0,0.0,0,0,1,10,0.0,0,3.0,0,1,0.0,0,0.0,0.9411764705882353,113,65,0.5,17,0,0,1,0,1,4,1,0,0,0,0,0,0,0,0,17,0.42647058823529416,17,1.0,17,0,0,0,16,1,0,16,1,1,0,0,1,0,1,18,19,43,968,826,55,0,18,169,1.0,181,3,6284,46,212,150,21352
2025-07-05,argo,com.airbnb.mvrx.mocking,ConstructorCodeGeneratorTest,testLazy,1,1,0.0,2,1.0,1,1,9,1,4,0,1,0,0.0,0,0,1,10,0.0,0,3.0,0,1,0.0,0,0.0,0.9411764705882353,113,65,0.5,17,0,0,1,0,1,4,1,0,0,0,0,0,0,0,0,17,0.42647058823529416,17,1.0,17,0,0,0,16,1,0,16,1,1,0,0,1,0,1,18,19,43,968,826,55,0,18,169,1.0,181,3,6284,46,212,150,21352
2025-07-05,argo,com.airbnb.mvrx.mocking,ConstructorCodeGeneratorTest,testCustomTypePrinter,1,1,1.0,3,1.0,1,1,9,1,6,0,1,0,0.0,1,0,2,18,0.0,1,3.3333333333333335,0,2,0.0,0,0.0,0.9411764705882353,113,65,0.5,17,0,0,1,0,1,4,1,0,0,0,0,0,0,0,0,17,0.42647058823529416,17,1.0,17,0,0,0,16,1,0,16,1,1,0,0,1,0,1,18,19,43,968,826,55,0,18,169,1.0,181,3,6284,46,212,150,21352
2025-07-05,argo,com.airbnb.mvrx.mocking,ConstructorCodeGeneratorTest,listIsTruncated,1,0,1.0,1,1.0,1,1,9,1,4,0,1,0,0.0,1,0,1,8,0.0,0,4.5,0,1,0.0,0,0.0,0.9411764705882353,113,65,0.5,17,0,0,1,0,1,4,1,0,0,0,0,0,0,0,0,17,0.42647058823529416,17,1.0,17,0,0,0,16,1,0,16,1,1,0,0,1,0,1,18,19,43,968,826,55,0,18,169,1.0,181,3,6284,46,212,150,21352
2025-07-05,argo,com.airbnb.mvrx.mocking,ConstructorCodeGeneratorTest,setIsTruncated,1,0,0.0,1,1.0,1,1,9,1,4,0,1,0,0.0,1,0,1,8,0.0,0,4.5,0,1,0.0,0,0.0,0.9411764705882353,113,65,0.5,17,0,0,1,0,1,4,1,0,0,0,0,0,0,0,0,17,0.42647058823529416,17,1.0,17,0,0,0,16,1,0,16,1,1,0,0,1,0,1,18,19,43,968,826,55,0,18,169,1.0,181,3,6284,46,212,150,21352
2025-07-05,argo,com.airbnb.mvrx.mocking,ConstructorCodeGeneratorTest,listIsNotTruncated,1,0,1.0,1,1.0,1,1,9,1,4,0,1,0,0.0,1,0,1,10,0.0,0,4.0,0,1,0.0,0,0.0,0.9411764705882353,113,65,0.5,17,0,0,1,0,1,4,1,0,0,0,0,0,0,0,0,17,0.42647058823529416,17,1.0,17,0,0,0,16,1,0,16,1,1,0,0,1,0,1,18,19,43,968,826,55,0,18,169,1.0,181,3,6284,46,212,150,21352
2025-07-05,argo,com.airbnb.mvrx.mocking,ConstructorCodeGeneratorTest,listIsNotTruncatedWhenTypesDiffer,1,0,1.0,1,1.0,1,1,9,1,4,0,1,0,0.0,1,0,1,8,0.0,0,4.5,0,1,0.0,0,0.0,0.9411764705882353,113,65,0.5,17,0,0,1,0,1,4,1,0,0,0,0,0,0,0,0,17,0.42647058823529416,17,1.0,17,0,0,0,16,1,0,16,1,1,0,0,1,0,1,18,19,43,968,826,55,0,18,169,1.0,181,3,6284,46,212,150,21352
2025-07-05,argo,com.airbnb.mvrx.mocking,ConstructorCodeGeneratorTest,listIsNotTruncatedWhenSomeItemsAreNull,1,0,1.0,1,1.0,1,1,9,1,4,0,1,0,0.0,1,0,1,8,0.0,0,4.5,0,1,0.0,0,0.0,0.9411764705882353,113,65,0.5,17,0,0,1,0,1,4,1,0,0,0,0,0,0,0,0,17,0.42647058823529416,17,1.0,17,0,0,0,16,1,0,16,1,1,0,0,1,0,1,18,19,43,968,826,55,0,18,169,1.0,181,3,6284,46,212,150,21352
2025-07-05,argo,com.airbnb.mvrx.mocking,ConstructorCodeGeneratorTest,listIsTruncatedWhenAllItemsAreNull,1,0,1.0,1,1.0,1,1,9,1,4,0,1,0,0.0,1,0,1,8,0.0,0,4.5,0,1,0.0,0,0.0,0.9411764705882353,113,65,0.5,17,0,0,1,0,1,4,1,0,0,0,0,0,0,0,0,17,0.42647058823529416,17,1.0,17,0,0,0,16,1,0,16,1,1,0,0,1,0,1,18,19,43,968,826,55,0,18,169,1.0,181,3,6284,46,212,150,21352
2025-07-05,argo,com.airbnb.mvrx.mocking,ConstructorCodeGeneratorTest,arrayIsTruncated,1,0,1.0,1,1.0,1,1,9,1,4,0,1,0,0.0,1,0,1,8,0.0,0,4.5,0,1,0.0,0,0.0,0.9411764705882353,113,65,0.5,17,0,0,1,0,1,4,1,0,0,0,0,0,0,0,0,17,0.42647058823529416,17,1.0,17,0,0,0,16,1,0,16,1,1,0,0,1,0,1,18,19,43,968,826,55,0,18,169,1.0,181,3,6284,46,212,150,21352
2025-07-05,argo,com.airbnb.mvrx.mocking,ConstructorCodeGeneratorTest,arrayIsNotTruncated,1,0,1.0,1,1.0,1,1,9,1,4,0,1,0,0.0,1,0,1,10,0.0,0,4.0,0,1,0.0,0,0.0,0.9411764705882353,113,65,0.5,17,0,0,1,0,1,4,1,0,0,0,0,0,0,0,0,17,0.42647058823529416,17,1.0,17,0,0,0,16,1,0,16,1,1,0,0,1,0,1,18,19,43,968,826,55,0,18,169,1.0,181,3,6284,46,212,150,21352
2025-07-05,argo,com.airbnb.mvrx.mocking,ConstructorCodeGeneratorTest,fromString,1,0,0.0,1,1.0,1,1,9,1,3,0,1,0,0.0,0,0,1,1,0.0,1,2.0,0,0,0.0,0,0.0,0.9411764705882353,113,65,0.5,17,0,0,1,0,1,4,1,0,0,0,0,0,0,0,0,17,0.42647058823529416,17,1.0,17,0,0,0,16,1,0,16,1,1,0,0,1,0,1,18,19,43,968,826,55,1,18,169,1.0,181,3,6284,46,212,150,21352
2025-07-05,argo,com.airbnb.mvrx.mocking,DataClassSetDslTest,setSingleLayer,1,0,0.0,1,1.0,1,10,1,0,3,0,1,0,0.0,0,0,1,3,0.0,0,2.0,0,1,0.0,0,0.0,0.5,41,0,0.0,10,0,0,1,0,0,1,0,0,0,0,0,0,0,0,0,10,0.0,10,1.0,10,0,0,0,0,0,0,0,0,4,0,0,0,0,0,10,10,43,968,826,55,0,10,27,1.0,181,3,6284,46,212,150,21352
2025-07-05,argo,com.airbnb.mvrx.mocking,DataClassSetDslTest,setSecondLayer,1,0,0.0,1,1.0,1,10,1,0,3,0,1,0,0.0,0,0,1,4,0.0,0,2.0,0,1,0.0,0,0.0,0.5,41,0,0.0,10,0,0,1,0,0,1,0,0,0,0,0,0,0,0,0,10,0.0,10,1.0,10,0,0,0,0,0,0,0,0,4,0,0,0,0,0,10,10,43,968,826,55,0,10,27,1.0,181,3,6284,46,212,150,21352
2025-07-05,argo,com.airbnb.mvrx.mocking,DataClassSetDslTest,setThirdLayer,1,0,0.0,1,1.0,1,10,1,0,3,0,1,0,0.0,0,0,1,5,0.0,0,2.25,0,1,0.0,0,0.0,0.5,41,0,0.0,10,0,0,1,0,0,1,0,0,0,0,0,0,0,0,0,10,0.0,10,1.0,10,0,0,0,0,0,0,0,0,4,0,0,0,0,0,10,10,43,968,826,55,0,10,27,1.0,181,3,6284,46,212,150,21352
2025-07-05,argo,com.airbnb.mvrx.mocking,DataClassSetDslTest,setZero,1,0,0.0,1,1.0,1,10,1,0,3,0,1,0,0.0,0,0,1,2,0.0,0,2.0,0,1,0.0,0,0.0,0.5,41,0,0.0,10,0,0,1,0,0,1,0,0,0,0,0,0,0,0,0,10,0.0,10,1.0,10,0,0,0,0,0,0,0,0,4,0,0,0,0,0,10,10,43,968,826,55,0,10,27,1.0,181,3,6284,46,212,150,21352
2025-07-05,argo,com.airbnb.mvrx.mocking,DataClassSetDslTest,setTrue,1,0,0.0,1,1.0,1,10,1,0,3,0,1,0,0.0,0,0,1,2,0.0,0,2.0,0,1,0.0,0,0.0,0.5,41,0,0.0,10,0,0,1,0,0,1,0,0,0,0,0,0,0,0,0,10,0.0,10,1.0,10,0,0,0,0,0,0,0,0,4,0,0,0,0,0,10,10,43,968,826,55,0,10,27,1.0,181,3,6284,46,212,150,21352
2025-07-05,argo,com.airbnb.mvrx.mocking,DataClassSetDslTest,setFalse,1,0,0.0,1,1.0,1,10,1,0,3,0,1,0,0.0,0,0,1,2,0.0,0,2.0,0,1,0.0,0,0.0,0.5,41,0,0.0,10,0,0,1,0,0,1,0,0,0,0,0,0,0,0,0,10,0.0,10,1.0,10,0,0,0,0,0,0,0,0,4,0,0,0,0,0,10,10,43,968,826,55,0,10,27,1.0,181,3,6284,46,212,150,21352
2025-07-05,argo,com.airbnb.mvrx.mocking,DataClassSetDslTest,setEmpty,1,0,0.0,1,1.0,1,10,1,0,3,0,1,0,0.0,0,0,1,2,0.0,0,2.0,0,1,0.0,0,0.0,0.5,41,0,0.0,10,0,0,1,0,0,1,0,0,0,0,0,0,0,0,0,10,0.0,10,1.0,10,0,0,0,0,0,0,0,0,4,0,0,0,0,0,10,10,43,968,826,55,0,10,27,1.0,181,3,6284,46,212,150,21352
2025-07-05,argo,com.airbnb.mvrx.mocking,DataClassSetDslTest,setNull,1,0,0.0,1,1.0,1,10,1,0,3,0,1,0,0.0,0,0,1,3,0.0,0,2.0,0,1,0.0,0,0.0,0.5,41,0,0.0,10,0,0,1,0,0,1,0,0,0,0,0,0,0,0,0,10,0.0,10,1.0,10,0,0,0,0,0,0,0,0,4,0,0,0,0,0,10,10,43,968,826,55,0,10,27,1.0,181,3,6284,46,212,150,21352
2025-07-05,argo,com.airbnb.mvrx.mocking,DataClassSetDslTest,setAsyncLoading,1,0,0.0,1,1.0,1,10,1,0,3,0,1,0,0.0,0,0,1,2,0.0,0,2.0,0,1,0.0,0,0.0,0.5,41,0,0.0,10,0,0,1,0,0,1,0,0,0,0,0,0,0,0,0,10,0.0,10,1.0,10,0,0,0,0,0,0,0,0,4,0,0,0,0,0,10,10,43,968,826,55,0,10,27,1.0,181,3,6284,46,212,150,21352
2025-07-05,argo,com.airbnb.mvrx.mocking,DataClassSetDslTest,setAsyncFail,1,0,0.0,1,1.0,1,10,1,0,3,0,1,0,0.0,0,0,1,2,0.0,0,2.0,0,1,0.0,0,0.0,0.5,41,0,0.0,10,0,0,1,0,0,1,0,0,0,0,0,0,0,0,0,10,0.0,10,1.0,10,0,0,0,0,0,0,0,0,4,0,0,0,0,0,10,10,43,968,826,55,0,10,27,1.0,181,3,6284,46,212,150,21352
2025-07-05,argo,com.airbnb.mvrx.mocking,KotlinReflectTests,mutableKotlinList,1,0,0.0,0,0.0,0,0,1,0,4,0,1,0,0.0,0,0,1,2,0.0,0,0.0,0,1,0.0,0,0.0,0.0,41,32,0.0,8,0,0,0,0,0,1,0,0,0,0,0,0,0,0,0,8,0.0,8,1.0,8,0,0,0,8,0,0,8,0,1,0,0,0,0,0,8,8,43,968,826,55,0,8,16,1.0,181,3,6284,46,212,150,21352
2025-07-05,argo,com.airbnb.mvrx.mocking,KotlinReflectTests,mutableKotlinMap,1,0,0.0,0,0.0,0,0,1,0,4,0,1,0,0.0,0,0,1,2,0.0,0,0.0,0,1,0.0,0,0.0,0.0,41,32,0.0,8,0,0,0,0,0,1,0,0,0,0,0,0,0,0,0,8,0.0,8,1.0,8,0,0,0,8,0,0,8,0,1,0,0,0,0,0,8,8,43,968,826,55,0,8,16,1.0,181,3,6284,46,212,150,21352
2025-07-05,argo,com.airbnb.mvrx.mocking,KotlinReflectTests,mutableKotlinSet,1,0,0.0,0,0.0,0,0,1,0,4,0,1,0,0.0,0,0,1,2,0.0,0,0.0,0,1,0.0,0,0.0,0.0,41,32,0.0,8,0,0,0,0,0,1,0,0,0,0,0,0,0,0,0,8,0.0,8,1.0,8,0,0,0,8,0,0,8,0,1,0,0,0,0,0,8,8,43,968,826,55,0,8,16,1.0,181,3,6284,46,212,150,21352
2025-07-05,argo,com.airbnb.mvrx.mocking,KotlinReflectTests,mutableProperty,1,0,0.0,0,0.0,0,0,1,0,4,0,1,0,0.0,0,0,1,2,0.0,0,0.0,0,1,0.0,0,0.0,0.0,41,32,0.0,8,0,0,0,0,0,1,0,0,0,0,0,0,0,0,0,8,0.0,8,1.0,8,0,0,0,8,0,0,8,0,1,0,0,0,0,0,8,8,43,968,826,55,0,8,16,1.0,181,3,6284,46,212,150,21352
2025-07-05,argo,com.airbnb.mvrx.mocking,KotlinReflectTests,readOnlyPropertyIsAllowed,1,0,0.0,0,0.0,0,0,1,0,4,0,1,0,0.0,0,0,1,2,0.0,0,0.0,0,1,0.0,0,0.0,0.0,41,32,0.0,8,0,0,0,0,0,1,0,0,0,0,0,0,0,0,0,8,0.0,8,1.0,8,0,0,0,8,0,0,8,0,1,0,0,0,0,0,8,8,43,968,826,55,0,8,16,1.0,181,3,6284,46,212,150,21352
2025-07-05,argo,com.airbnb.mvrx.mocking,KotlinReflectTests,readOnlyListIsAllowed,1,0,0.0,0,0.0,0,0,1,0,4,0,1,0,0.0,0,0,1,2,0.0,0,0.0,0,1,0.0,0,0.0,0.0,41,32,0.0,8,0,0,0,0,0,1,0,0,0,0,0,0,0,0,0,8,0.0,8,1.0,8,0,0,0,8,0,0,8,0,1,0,0,0,0,0,8,8,43,968,826,55,0,8,16,1.0,181,3,6284,46,212,150,21352
2025-07-05,argo,com.airbnb.mvrx.mocking,KotlinReflectTests,readOnlySetIsAllowed,1,0,0.0,0,0.0,0,0,1,0,4,0,1,0,0.0,0,0,1,2,0.0,0,0.0,0,1,0.0,0,0.0,0.0,41,32,0.0,8,0,0,0,0,0,1,0,0,0,0,0,0,0,0,0,8,0.0,8,1.0,8,0,0,0,8,0,0,8,0,1,0,0,0,0,0,8,8,43,968,826,55,0,8,16,1.0,181,3,6284,46,212,150,21352
2025-07-05,argo,com.airbnb.mvrx.mocking,KotlinReflectTests,readOnlyMapIsAllowed,1,0,0.0,0,0.0,0,0,1,0,4,0,1,0,0.0,0,0,1,2,0.0,0,0.0,0,1,0.0,0,0.0,0.0,41,32,0.0,8,0,0,0,0,0,1,0,0,0,0,0,0,0,0,0,8,0.0,8,1.0,8,0,0,0,8,0,0,8,0,1,0,0,0,0,0,8,8,43,968,826,55,0,8,16,1.0,181,3,6284,46,212,150,21352
2025-07-05,argo,com.airbnb.mvrx.mocking,MavericksViewModelConfigTest,mockBehaviorIsConfigurableInBlock,1,5,0.0,5,1.0,1,0,3,0,14,0,1,0,0.0,0,0,1,8,0.0,1,2.0,0,1,0.0,0,0.0,1.0,78,67,0.0,6,0,0,1,0,0,7,0,0,0,0,0,0,0,0,0,6,0.19999999999999996,6,1.0,6,0,0,0,6,0,0,6,0,1,0,0,0,0,0,6,6,43,968,826,55,0,13,50,1.0,181,3,6284,46,212,150,21352
2025-07-05,argo,com.airbnb.mvrx.mocking,MavericksViewModelConfigTest,testViewModelDebugModeControlledByProvider,1,2,0.0,2,1.0,1,0,3,0,7,0,1,0,0.0,0,0,3,6,0.0,1,2.6666666666666665,0,2,0.0,0,0.0,1.0,78,67,0.0,6,0,0,1,0,0,7,0,0,0,0,0,0,0,0,0,6,0.19999999999999996,6,1.0,6,0,0,0,6,0,0,6,0,1,0,0,0,0,0,6,6,43,968,826,55,0,13,50,1.0,181,3,6284,46,212,150,21352
2025-07-05,argo,com.airbnb.mvrx.mocking,MavericksViewModelConfigTest,testAddOnConfigProvidedListener,1,4,0.0,3,1.0,1,0,3,0,13,0,1,0,0.0,0,0,2,8,0.0,0,2.5,0,2,0.0,0,0.0,1.0,78,67,0.0,6,0,0,1,0,0,7,0,0,0,0,0,0,0,0,0,6,0.19999999999999996,6,1.0,6,0,0,0,6,0,0,6,0,1,0,0,0,0,0,6,6,43,968,826,55,0,13,50,1.0,181,3,6284,46,212,150,21352
2025-07-05,argo,com.airbnb.mvrx.mocking,MavericksViewModelConfigTest,testRemoveOnConfigProvidedListener,1,3,0.0,1,1.0,1,0,3,0,13,0,1,0,0.0,0,0,3,5,0.0,0,3.0,0,3,0.0,0,0.0,1.0,78,67,0.0,6,0,0,1,0,0,7,0,0,0,0,0,0,0,0,0,6,0.19999999999999996,6,1.0,6,0,0,0,6,0,0,6,0,1,0,0,0,0,0,6,6,43,968,826,55,0,13,50,1.0,181,3,6284,46,212,150,21352
2025-07-05,argo,com.airbnb.mvrx.mocking,MavericksViewModelConfigTest,pushMockBehaviorOverride,1,4,0.0,4,1.0,1,0,3,0,12,0,1,0,0.0,1,0,2,11,0.0,0,2.3333333333333335,0,2,0.0,0,0.0,1.0,78,67,0.0,6,0,0,1,0,0,7,0,0,0,0,0,0,0,0,0,6,0.19999999999999996,6,1.0,6,0,0,0,6,0,0,6,0,1,0,0,0,0,0,6,6,43,968,826,55,0,13,50,1.0,181,3,6284,46,212,150,21352
2025-07-05,argo,com.airbnb.mvrx.mocking,MavericksViewModelConfigTest,pushMockBehaviorOverrideTransform,1,2,0.0,3,1.0,1,0,3,0,8,0,1,0,0.0,0,0,2,12,0.0,0,2.6363636363636362,0,2,0.0,0,0.0,1.0,78,67,0.0,6,0,0,1,0,0,7,0,0,0,0,0,0,0,0,0,6,0.19999999999999996,6,1.0,6,0,0,0,6,0,0,6,0,1,0,0,0,0,0,6,6,43,968,826,55,0,13,50,1.0,181,3,6284,46,212,150,21352
2025-07-05,argo,com.airbnb.mvrx.mocking,MockableMavericksStateStoreTest,addOnDisposedCallback,1,2,1.0,3,1.0,1,4,2,0,7,0,1,1,0.0,1,0,2,8,0.0,1,2.6,0,2,0.0,0,0.0,1.0,114,66,0.9,14,0,0,1,0,2,4,0,0,0,0,1,1,1,0,0,14,0.1428571428571429,14,1.0,14,0,0,0,13,1,0,13,3,1,0,0,0,0,0,14,14,43,968,826,55,0,16,68,1.0,181,3,6284,46,212,150,21352
2025-07-05,argo,com.airbnb.mvrx.mocking,MockableMavericksStateStoreTest,onDisposedCalledImmediatelyIfAlreadyDisposed,1,2,1.0,2,0.5,1,4,2,0,7,0,1,1,0.0,1,0,2,7,0.0,0,2.3333333333333335,0,2,0.0,0,0.0,1.0,114,66,0.9,14,0,0,1,0,2,4,0,0,0,0,1,1,1,0,0,14,0.1428571428571429,14,1.0,14,0,0,0,13,1,0,13,3,1,0,0,0,0,0,14,14,43,968,826,55,0,16,68,1.0,181,3,6284,46,212,150,21352
2025-07-05,argo,com.airbnb.mvrx.mocking,MockableMavericksStateStoreTest,setStateNoopWhenScriptable,1,1,0.0,2,0.5,1,4,2,0,5,0,1,1,0.0,1,0,1,4,0.0,1,2.0,0,1,0.0,0,0.0,1.0,114,66,0.9,14,0,0,1,0,2,4,0,0,0,0,1,1,1,0,0,14,0.1428571428571429,14,1.0,14,0,0,0,13,1,0,13,3,1,0,0,0,0,0,14,14,43,968,826,55,0,16,68,1.0,181,3,6284,46,212,150,21352
2025-07-05,argo,com.airbnb.mvrx.mocking,MockableMavericksStateStoreTest,setStateCallbackWhenScriptable,1,3,0.0,1,1.0,1,4,2,0,12,0,1,1,0.0,1,0,2,3,0.0,1,2.0,0,2,0.0,0,0.0,1.0,114,66,0.9,14,0,0,1,0,2,4,0,0,0,0,1,1,1,0,0,14,0.1428571428571429,14,1.0,14,0,0,0,13,1,0,13,3,1,0,0,0,0,0,14,14,43,968,826,55,0,16,68,1.0,181,3,6284,46,212,150,21352
2025-07-05,argo,com.airbnb.mvrx.mocking,MockableMavericksStateStoreTest,removeSetStateCallback,1,4,1.0,3,0.3333,1,4,2,0,14,0,1,1,0.0,1,0,2,5,0.0,1,2.0,0,2,0.0,0,0.0,1.0,114,66,0.9,14,0,0,1,0,2,4,0,0,0,0,1,1,1,0,0,14,0.1428571428571429,14,1.0,14,0,0,0,13,1,0,13,3,1,0,0,0,0,0,14,14,43,968,826,55,0,16,68,1.0,181,3,6284,46,212,150,21352
2025-07-05,argo,com.airbnb.mvrx.mocking,MockableMavericksStateStoreTest,nextStateWhenScriptable,1,1,1.0,2,0.5,1,4,2,0,5,0,1,1,0.0,1,0,1,4,0.0,1,2.0,0,1,0.0,0,0.0,1.0,114,66,0.9,14,0,0,1,0,2,4,0,0,0,0,1,1,1,0,0,14,0.1428571428571429,14,1.0,14,0,0,0,13,1,0,13,3,1,0,0,0,0,0,14,14,43,968,826,55,0,16,68,1.0,181,3,6284,46,212,150,21352
2025-07-05,argo,com.airbnb.mvrx.mocking,MockableMavericksStateStoreTest,nextTriggersObservable,1,2,1.0,2,1.0,1,4,2,0,6,0,1,1,0.0,1,0,0,5,0.0,1,2.5,0,0,0.0,0,0.0,1.0,114,66,0.9,14,0,0,1,0,2,4,0,0,0,0,1,1,1,0,0,14,0.1428571428571429,14,1.0,14,0,0,0,13,1,0,13,3,1,0,0,0,0,0,14,14,43,968,826,55,0,16,68,1.0,181,3,6284,46,212,150,21352
2025-07-05,argo,com.airbnb.mvrx.mocking,MockableMavericksStateStoreTest,nextStateWhenNormalBehaviorFails,1,1,1.0,2,1.0,1,4,2,0,4,0,1,1,0.0,1,0,1,2,0.0,1,2.0,0,1,0.0,0,0.0,1.0,114,66,0.9,14,0,0,1,0,2,4,0,0,0,0,1,1,1,0,0,14,0.1428571428571429,14,1.0,14,0,0,0,13,1,0,13,3,1,0,0,0,0,0,14,14,43,968,826,55,0,16,68,1.0,181,3,6284,46,212,150,21352
2025-07-05,argo,com.airbnb.mvrx.mocking,MockableMavericksStateStoreTest,nextStateWhenSynchronousBehaviorFails,1,1,1.0,2,1.0,1,4,2,0,4,0,1,1,0.0,1,0,1,2,0.0,1,2.0,0,1,0.0,0,0.0,1.0,114,66,0.9,14,0,0,1,0,2,4,0,0,0,0,1,1,1,0,0,14,0.1428571428571429,14,1.0,14,0,0,0,13,1,0,13,3,1,0,0,0,0,0,14,14,43,968,826,55,0,16,68,1.0,181,3,6284,46,212,150,21352
2025-07-05,argo,com.airbnb.mvrx.mocking,MockableMavericksStateStoreTest,setAndGetStateSynchronously,1,1,0.0,3,0.6667,1,4,2,0,5,0,1,1,0.0,1,0,1,4,0.0,1,2.0,0,1,0.0,0,0.0,1.0,114,66,0.9,14,0,0,1,0,2,4,0,0,0,0,1,1,1,0,0,14,0.1428571428571429,14,1.0,14,0,0,0,13,1,0,13,3,1,0,0,0,0,0,14,14,43,968,826,55,0,16,68,1.0,181,3,6284,46,212,150,21352
2025-07-05,argo,com.airbnb.mvrx.mocking,MockableMavericksStateStoreTest,setAndGetStateNormally,1,1,0.0,3,0.6667,1,4,2,0,5,0,1,1,0.0,1,0,1,4,0.0,1,2.0,0,1,0.0,0,0.0,1.0,114,66,0.9,14,0,0,1,0,2,4,0,0,0,0,1,1,1,0,0,14,0.1428571428571429,14,1.0,14,0,0,0,13,1,0,13,3,1,0,0,0,0,0,14,14,43,968,826,55,0,16,68,1.0,181,3,6284,46,212,150,21352
2025-07-05,argo,com.airbnb.mvrx.mocking,MockableMavericksStateStoreTest,switchingFromScriptableToSynchronous,1,1,1.0,4,0.25,1,4,2,0,8,0,1,1,0.0,1,0,1,9,0.0,1,2.111111111111111,0,1,0.0,0,0.0,1.0,114,66,0.9,14,0,0,1,0,2,4,0,0,0,0,1,1,1,0,0,14,0.1428571428571429,14,1.0,14,0,0,0,13,1,0,13,3,1,0,0,0,0,0,14,14,43,968,826,55,0,16,68,1.0,181,3,6284,46,212,150,21352
2025-07-05,argo,com.airbnb.mvrx.mocking,MockableMavericksStateStoreTest,switchingFromSynchronousToScriptable,1,1,1.0,5,0.4,1,4,2,0,8,0,1,1,0.0,1,0,1,9,0.0,1,2.1,0,1,0.0,0,0.0,1.0,114,66,0.9,14,0,0,1,0,2,4,0,0,0,0,1,1,1,0,0,14,0.1428571428571429,14,1.0,14,0,0,0,13,1,0,13,3,1,0,0,0,0,0,14,14,43,968,826,55,0,16,68,1.0,181,3,6284,46,212,150,21352
2025-07-05,argo,com.airbnb.mvrx.mocking,MockableMavericksStateStoreTest,createStore,1,0,0.0,1,1.0,1,4,2,0,3,0,1,0,0.0,0,0,0,2,0.0,0,2.0,1,0,0.0,0,0.0,1.0,114,66,0.9,14,0,0,1,0,2,4,0,0,0,0,1,1,1,0,0,14,0.1428571428571429,14,1.0,14,0,0,0,13,1,0,13,3,1,0,0,0,0,0,14,14,43,968,826,55,0,16,68,1.0,181,3,6284,46,212,150,21352
2025-07-05,argo,com.airbnb.mvrx.mocking,MockBuilderTest,expect,1,0,0.0,2,1.0,1,1,7,0,4,0,1,2,0.0,1,0,2,3,0.0,2,2.5,2,2,0.0,0,0.10476190476190476,0.6666666666666666,217,170,0.6428571428571429,14,2,0,1,0,8,9,0,1,0,1,2,1,1,1,0,15,0.6571428571428571,15,1.0,15,0,2,0,10,5,0,10,0,1,0,0,0,0,0,16,16,43,968,826,55,0,19,146,1.0666666666666667,181,3,6284,46,212,150,21352
2025-07-05,argo,com.airbnb.mvrx.mocking,MockBuilderTest,setup,1,0,0.0,0,0.0,1,1,7,0,3,0,1,0,1.0,0,1,1,1,1.0,0,0.0,0,0,0.0,0,0.10476190476190476,0.6666666666666666,217,170,0.6428571428571429,14,2,0,1,0,8,9,0,1,0,1,2,1,1,1,0,15,0.6571428571428571,15,1.0,15,0,2,0,10,5,0,10,0,1,0,0,0,0,0,16,16,43,968,826,55,0,19,146,1.0666666666666667,181,3,6284,46,212,150,21352
2025-07-05,argo,com.airbnb.mvrx.mocking,MockBuilderTest,mockNoViewModels,1,0,0.0,1,1.0,1,1,7,0,1,0,1,1,0.3333333333333333,1,1,0,2,0.5,0,2.0,2,0,0.0,0,0.10476190476190476,0.6666666666666666,217,170,0.6428571428571429,14,2,0,1,0,8,9,0,1,0,1,2,1,1,1,0,15,0.6571428571428571,15,1.0,15,0,2,0,10,5,0,10,0,1,0,0,0,0,0,16,16,43,968,826,55,0,19,146,1.0666666666666667,181,3,6284,46,212,150,21352
2025-07-05,argo,com.airbnb.mvrx.mocking,MockBuilderTest,mockSingleViewModel,1,0,0.0,1,1.0,1,1,7,0,1,0,1,1,0.3333333333333333,1,1,0,2,0.5,0,2.0,2,0,0.0,0,0.10476190476190476,0.6666666666666666,217,170,0.6428571428571429,14,2,0,1,0,8,9,0,1,0,1,2,1,1,1,0,15,0.6571428571428571,15,1.0,15,0,2,0,10,5,0,10,0,1,0,0,0,0,0,16,16,43,968,826,55,0,19,146,1.0666666666666667,181,3,6284,46,212,150,21352
2025-07-05,argo,com.airbnb.mvrx.mocking,MockBuilderTest,mockTwoViewModels,1,0,0.0,1,1.0,1,1,7,0,1,0,1,1,0.3333333333333333,1,1,0,2,0.5,0,2.0,2,0,0.0,0,0.10476190476190476,0.6666666666666666,217,170,0.6428571428571429,14,2,0,1,0,8,9,0,1,0,1,2,1,1,1,0,15,0.6571428571428571,15,1.0,15,0,2,0,10,5,0,10,0,1,0,0,0,0,0,16,16,43,968,826,55,0,19,146,1.0666666666666667,181,3,6284,46,212,150,21352
2025-07-05,argo,com.airbnb.mvrx.mocking,MockBuilderTest,mockThreeViewModels,1,0,0.0,1,1.0,1,1,7,0,1,0,1,1,0.3333333333333333,1,1,0,2,0.5,0,2.0,2,0,0.0,0,0.10476190476190476,0.6666666666666666,217,170,0.6428571428571429,14,2,0,1,0,8,9,0,1,0,1,2,1,1,1,0,15,0.6571428571428571,15,1.0,15,0,2,0,10,5,0,10,0,1,0,0,0,0,0,16,16,43,968,826,55,0,19,146,1.0666666666666667,181,3,6284,46,212,150,21352
2025-07-05,argo,com.airbnb.mvrx.mocking,MockBuilderTest,mockNoViewModelWithArgs,1,3,1.0,4,0.75,1,1,7,0,13,0,1,1,0.0,1,0,2,11,0.0,0,2.4,0,2,0.0,0,0.10476190476190476,0.6666666666666666,217,170,0.6428571428571429,14,2,0,1,0,8,9,0,1,0,1,2,1,1,1,0,15,0.6571428571428571,15,1.0,15,0,2,0,10,5,0,10,0,1,0,0,0,0,0,16,16,43,968,826,55,0,19,146,1.0666666666666667,181,3,6284,46,212,150,21352
2025-07-05,argo,com.airbnb.mvrx.mocking,MockBuilderTest,mockNoViewModelWithNoArgs,1,2,1.0,5,0.8,1,1,7,0,8,0,1,1,0.0,1,0,3,8,0.5,0,2.4,0,3,0.0,0,0.10476190476190476,0.6666666666666666,217,170,0.6428571428571429,14,2,0,1,0,8,9,0,1,0,1,2,1,1,1,0,15,0.6571428571428571,15,1.0,15,0,2,0,10,5,0,10,0,1,0,0,0,0,0,16,16,43,968,826,55,0,19,146,1.0666666666666667,181,3,6284,46,212,150,21352
2025-07-05,argo,com.airbnb.mvrx.mocking,MockBuilderTest,testSingleViewModelState,1,5,1.0,8,1.0,1,1,7,0,28,0,1,1,0.0,1,0,2,25,0.0,0,2.5217391304347827,0,2,0.0,0,0.10476190476190476,0.6666666666666666,217,170,0.6428571428571429,14,2,0,1,0,8,9,0,1,0,1,2,1,1,1,0,15,0.6571428571428571,15,1.0,15,0,2,0,10,5,0,10,0,1,0,0,0,0,0,16,16,43,968,826,55,0,19,146,1.0666666666666667,181,3,6284,46,212,150,21352
2025-07-05,argo,com.airbnb.mvrx.mocking,MockBuilderTest,testTwoViewModels,1,8,1.0,11,1.0,1,1,7,0,54,0,1,1,0.0,1,0,2,34,0.0,0,2.5238095238095237,0,2,0.0,0,0.10476190476190476,0.6666666666666666,217,170,0.6428571428571429,14,2,0,1,0,8,9,0,1,0,1,2,1,1,1,0,15,0.6571428571428571,15,1.0,15,0,2,0,10,5,0,10,0,1,0,0,0,0,0,16,16,43,968,826,55,0,19,146,1.0666666666666667,181,3,6284,46,212,150,21352
2025-07-05,argo,com.airbnb.mvrx.mocking,MockBuilderTest,testThreeViewModels,1,6,1.0,6,1.0,1,1,7,0,22,0,1,1,0.0,1,0,2,15,0.17,0,2.6666666666666665,0,2,0.0,0,0.10476190476190476,0.6666666666666666,217,170,0.6428571428571429,14,2,0,1,0,8,9,0,1,0,1,2,1,1,1,0,15,0.6571428571428571,15,1.0,15,0,2,0,10,5,0,10,0,1,0,0,0,0,0,16,16,43,968,826,55,0,19,146,1.0666666666666667,181,3,6284,46,212,150,21352
2025-07-05,argo,com.airbnb.mvrx.mocking,MockBuilderTest,testThreeViewModelsWithDefaultStates,1,6,1.0,6,1.0,1,1,7,0,18,0,1,1,0.0,1,0,2,19,0.17,0,2.8666666666666667,0,2,0.0,0,0.10476190476190476,0.6666666666666666,217,170,0.6428571428571429,14,2,0,1,0,8,9,0,1,0,1,2,1,1,1,0,15,0.6571428571428571,15,1.0,15,0,2,0,10,5,0,10,0,1,0,0,0,0,0,16,16,43,968,826,55,0,19,146,1.0666666666666667,181,3,6284,46,212,150,21352
2025-07-05,argo,com.airbnb.mvrx.mocking,MockBuilderTest,mockAsyncSuccessProperty,1,4,1.0,5,1.0,1,1,7,0,9,0,1,1,0.0,1,0,1,13,0.25,1,2.3636363636363638,0,1,0.0,0,0.10476190476190476,0.6666666666666666,217,170,0.6428571428571429,14,2,0,1,0,8,9,0,1,0,1,2,1,1,1,0,15,0.6571428571428571,15,1.0,15,0,2,0,10,5,0,10,0,1,0,0,0,0,0,16,16,43,968,826,55,0,19,146,1.0666666666666667,181,3,6284,46,212,150,21352
2025-07-05,argo,com.airbnb.mvrx.mocking,MockBuilderTest,mockAsyncSuccessFailsWhenNotSuccess,1,1,1.0,3,1.0,1,1,7,0,5,0,1,2,1.0,1,1,1,4,1.0,1,2.0,0,1,0.0,0,0.10476190476190476,0.6666666666666666,217,170,0.6428571428571429,14,2,0,1,0,8,9,0,1,0,1,2,1,1,1,0,15,0.6571428571428571,15,1.0,15,0,2,0,10,5,0,10,0,1,0,0,0,0,0,16,16,43,968,826,55,0,19,146,1.0666666666666667,181,3,6284,46,212,150,21352
2025-07-05,argo,com.airbnb.mvrx.mocking,MockBuilderTest,mockSettingPropertyFailsWhenNull,2,1,2.0,2,1.0,1,1,7,0,5,0,2,2,1.0,2,1,1,5,1.0,1,2.0,0,1,0.0,0,0.10476190476190476,0.6666666666666666,217,170,0.6428571428571429,14,2,0,1,0,8,9,0,1,0,1,2,1,1,1,0,15,0.6571428571428571,15,1.0,15,0,2,0,10,5,0,10,0,1,0,0,0,0,0,16,16,43,968,826,55,0,19,146,1.0666666666666667,181,3,6284,46,212,150,21352
2025-07-05,argo,com.airbnb.mvrx.mocking,MockStateHolderTest,setup,1,0,0.0,1,1.0,1,4,5,0,3,0,1,0,0.0,0,0,1,6,0.0,0,3.0,0,0,0.0,0,0.0,1.0,146,65,0.0,11,0,0,1,0,0,3,0,0,0,0,0,0,0,0,0,11,0.18181818181818177,11,1.0,11,0,0,0,11,0,0,11,0,1,0,0,0,0,0,17,17,43,968,826,55,0,18,83,2.3636363636363638,181,3,6284,46,212,150,21352
2025-07-05,argo,com.airbnb.mvrx.mocking,MockStateHolderTest,getDefaultState,2,5,0.0,4,1.0,1,4,5,0,9,0,2,1,0.0,0,0,2,8,0.0,1,2.375,0,2,0.0,0,0.0,1.0,146,65,0.0,11,0,0,1,0,0,3,0,0,0,0,0,0,0,0,0,11,0.18181818181818177,11,1.0,11,0,0,0,11,0,0,11,0,1,0,0,0,0,0,17,17,43,968,826,55,0,18,83,2.3636363636363638,181,3,6284,46,212,150,21352
2025-07-05,argo,com.airbnb.mvrx.mocking,MockStateHolderTest,getDefaultStateReflectiveProvider,4,5,0.0,6,1.0,1,4,5,0,19,1,4,1,0.0,0,0,2,13,0.0,1,2.3333333333333335,0,2,0.0,0,0.0,1.0,146,65,0.0,11,0,0,1,0,0,3,0,0,0,0,0,0,0,0,0,11,0.18181818181818177,11,1.0,11,0,0,0,11,0,0,11,0,1,0,0,0,0,0,17,17,43,968,826,55,0,18,83,2.3636363636363638,181,3,6284,46,212,150,21352
2025-07-05,argo,com.airbnb.mvrx.mocking,MockStateHolderTest,getDefaultStateOverridenProvider,3,6,0.0,5,1.0,1,4,5,0,20,1,3,0,0.0,0,0,2,12,0.0,1,2.4,0,2,0.0,0,0.0,1.0,146,65,0.0,11,0,0,1,0,0,3,0,0,0,0,0,0,0,0,0,11,0.18181818181818177,11,1.0,11,0,0,0,11,0,0,11,0,1,0,0,0,0,0,17,17,43,968,826,55,0,18,83,2.3636363636363638,181,3,6284,46,212,150,21352
2025-07-05,argo,com.airbnb.mvrx.mocking,MockStateHolderTest,clearMock,2,5,0.0,3,1.0,1,4,5,0,10,0,2,1,0.0,1,0,2,7,0.0,1,2.125,0,2,0.0,0,0.0,1.0,146,65,0.0,11,0,0,1,0,0,3,0,0,0,0,0,0,0,0,0,11,0.18181818181818177,11,1.0,11,0,0,0,11,0,0,11,0,1,0,0,0,0,0,17,17,43,968,826,55,0,18,83,2.3636363636363638,181,3,6284,46,212,150,21352
2025-07-05,argo,com.airbnb.mvrx.mocking,MockStateHolderTest,clearAllMocks,2,5,0.0,3,1.0,1,4,5,0,10,0,2,1,0.0,1,0,2,7,0.0,1,2.125,0,2,0.0,0,0.0,1.0,146,65,0.0,11,0,0,1,0,0,3,0,0,0,0,0,0,0,0,0,11,0.18181818181818177,11,1.0,11,0,0,0,11,0,0,11,0,1,0,0,0,0,0,17,17,43,968,826,55,0,18,83,2.3636363636363638,181,3,6284,46,212,150,21352
2025-07-05,argo,com.airbnb.mvrx.mocking,MockStateHolderTest,defaultInitializationGivesNullState,2,5,0.0,3,1.0,1,4,5,0,9,0,2,1,0.0,0,0,2,6,0.0,1,2.142857142857143,0,2,0.0,0,0.0,1.0,146,65,0.0,11,0,0,1,0,0,3,0,0,0,0,0,0,0,0,0,11,0.18181818181818177,11,1.0,11,0,0,0,11,0,0,11,0,1,0,0,0,0,0,17,17,43,968,826,55,0,18,83,2.3636363636363638,181,3,6284,46,212,150,21352
2025-07-05,argo,com.airbnb.mvrx.mocking,MockStateHolderTest,defaultInitializationForExistingViewModelDoesNotGiveNullState,2,5,0.0,4,1.0,1,4,5,0,9,0,2,1,0.0,0,0,2,8,0.0,1,2.375,0,2,0.0,0,0.0,1.0,146,65,0.0,11,0,0,1,0,0,3,0,0,0,0,0,0,0,0,0,11,0.18181818181818177,11,1.0,11,0,0,0,11,0,0,11,0,1,0,0,0,0,0,17,17,43,968,826,55,0,18,83,2.3636363636363638,181,3,6284,46,212,150,21352
2025-07-05,argo,com.airbnb.mvrx.mocking,MockStateHolderTest,forceMockExistingViewModel,2,3,0.0,1,1.0,1,4,5,0,6,0,2,1,0.0,0,0,1,4,0.0,0,2.0,0,1,0.0,0,0.0,1.0,146,65,0.0,11,0,0,1,0,0,3,0,0,0,0,0,0,0,0,0,11,0.18181818181818177,11,1.0,11,0,0,0,11,0,0,11,0,1,0,0,0,0,0,17,17,43,968,826,55,0,18,83,2.3636363636363638,181,3,6284,46,212,150,21352
2025-07-05,argo,com.airbnb.mvrx.mocking,MockStateHolderTest,forceMockExistingViewModelThrowsIfNoMocks,2,2,0.0,1,1.0,1,4,5,0,5,0,2,1,0.0,0,0,1,3,0.0,0,2.0,0,1,0.0,0,0.0,1.0,146,65,0.0,11,0,0,1,0,0,3,0,0,0,0,0,0,0,0,0,11,0.18181818181818177,11,1.0,11,0,0,0,11,0,0,11,0,1,0,0,0,0,0,17,17,43,968,826,55,0,18,83,2.3636363636363638,181,3,6284,46,212,150,21352
2025-07-05,argo,com.airbnb.mvrx.mocking,MockStateHolderTest,forceMockExistingViewModelDoesNotThrowIfFragmentNoMocksAndMockProviderReturnsMocks,4,3,0.0,3,1.0,1,4,5,0,16,1,4,1,0.0,0,0,1,9,0.0,1,2.142857142857143,0,1,0.0,0,0.0,1.0,146,65,0.0,11,0,0,1,0,0,3,0,0,0,0,0,0,0,0,0,11,0.18181818181818177,11,1.0,11,0,0,0,11,0,0,11,0,1,0,0,0,0,0,17,17,43,968,826,55,0,18,83,2.3636363636363638,181,3,6284,46,212,150,21352
2025-07-05,argo,com.airbnb.mvrx.mocking,ScriptableStateStoreTest,setup,1,0,0.0,1,1.0,1,1,3,0,3,0,1,0,1.0,0,1,1,4,1.0,0,3.0,0,1,0.0,0,1.0,0.6666666666666666,25,8,0.0,2,1,0,1,0,0,3,0,1,0,0,0,0,0,1,0,3,0.6666666666666667,3,1.0,3,0,1,0,3,0,0,3,0,1,0,0,0,0,0,4,4,43,968,826,55,0,4,10,1.0,181,3,6284,46,212,150,21352
2025-07-05,argo,com.airbnb.mvrx.mocking,ScriptableStateStoreTest,testSetStateCallsIgnored,1,0,0.0,2,1.0,1,1,3,0,4,0,1,0,1.0,0,1,1,3,1.0,1,2.0,0,1,0.0,0,1.0,0.6666666666666666,25,8,0.0,2,1,0,1,0,0,3,0,1,0,0,0,0,0,1,0,3,0.6666666666666667,3,1.0,3,0,1,0,3,0,0,3,0,1,0,0,0,0,0,4,4,43,968,826,55,0,4,10,1.0,181,3,6284,46,212,150,21352
2025-07-05,argo,com.airbnb.mvrx.mocking,ScriptableStateStoreTest,testCanScriptState,1,0,0.0,2,1.0,1,1,3,0,4,0,1,0,1.0,0,1,2,3,1.0,1,2.0,0,2,0.0,0,1.0,0.6666666666666666,25,8,0.0,2,1,0,1,0,0,3,0,1,0,0,0,0,0,1,0,3,0.6666666666666667,3,1.0,3,0,1,0,3,0,0,3,0,1,0,0,0,0,0,4,4,43,968,826,55,0,4,10,1.0,181,3,6284,46,212,150,21352
2025-07-05,argo,com.airbnb.mvrx.mocking,SynchronousMavericksStateStoreTest,setAndGetStateSynchronously,1,1,0.0,2,0.5,0,1,2,0,5,0,1,0,0.0,0,0,1,4,0.0,1,2.0,0,1,0.0,0,0.0,1.0,16,6,0.0,2,0,0,0,0,0,1,0,0,0,0,0,0,0,0,0,2,0.0,2,1.0,2,0,0,0,2,0,0,2,0,1,0,0,0,0,0,2,2,43,968,826,55,0,1,9,1.0,181,3,6284,46,212,150,21352
2025-07-05,argo,com.airbnb.mvrx.mocking,SynchronousMavericksStateStoreTest,flowWorks,1,2,0.0,2,1.0,0,1,2,0,6,0,1,0,0.0,0,0,0,5,0.0,1,2.5,0,0,0.0,0,0.0,1.0,16,6,0.0,2,0,0,0,0,0,1,0,0,0,0,0,0,0,0,0,2,0.0,2,1.0,2,0,0,0,2,0,0,2,0,1,0,0,0,0,0,2,2,43,968,826,55,0,1,9,1.0,181,3,6284,46,212,150,21352
2025-07-05,argo,com.airbnb.mvrx.mocking,TestActivity,onCreate,1,0,0.0,3,1.0,1,0,1,0,8,0,1,0,0.0,1,0,2,7,0.0,1,2.8,1,2,0.0,0,0.0,1.0,10,8,0.0,1,0,1,4,0,1,2,0,0,0,0,0,0,0,0,0,1,0.0,1,1.0,1,1,0,0,1,0,0,1,1,1,0,0,0,0,0,1,1,43,968,826,55,0,2,7,1.0,181,3,6284,46,212,150,21352
2025-07-05,argo,com.airbnb.mvrx.mocking,ViewModelBlockExecutionTest,executeNormally,1,1,0.0,3,1.0,1,0,3,0,6,0,1,0,0.0,0,0,3,8,0.0,2,2.75,0,2,0.0,0,0.0,1.0,30,18,0.0,3,0,0,1,0,0,2,0,0,0,0,0,0,0,0,0,3,0.0,3,1.0,3,0,0,0,3,0,0,3,1,1,0,0,0,0,0,4,4,43,968,826,55,0,9,26,1.0,181,3,6284,46,212,150,21352
2025-07-05,argo,com.airbnb.mvrx.mocking,ViewModelBlockExecutionTest,executeBlockedCompletely,1,1,0.0,3,1.0,1,0,3,0,6,0,1,0,0.0,0,0,3,9,0.0,1,2.6,0,2,0.0,0,0.0,1.0,30,18,0.0,3,0,0,1,0,0,2,0,0,0,0,0,0,0,0,0,3,0.0,3,1.0,3,0,0,0,3,0,0,3,1,1,0,0,0,0,0,4,4,43,968,826,55,0,9,26,1.0,181,3,6284,46,212,150,21352
2025-07-05,argo,com.airbnb.mvrx.mocking,ViewModelBlockExecutionTest,executeBlockedWithLoading,1,1,0.0,3,1.0,1,0,3,0,6,0,1,0,0.0,0,0,3,9,0.0,1,2.6,0,2,0.0,0,0.0,1.0,30,18,0.0,3,0,0,1,0,0,2,0,0,0,0,0,0,0,0,0,3,0.0,3,1.0,3,0,0,0,3,0,0,3,1,1,0,0,0,0,0,4,4,43,968,826,55,0,9,26,1.0,181,3,6284,46,212,150,21352
2025-07-05,argo,com.airbnb.mvrx.mocking,ViewModelDelegateProviderTest,createFragment,1,0,0.0,0,0.0,1,0,7,0,3,0,1,1,0.0,1,0,0,1,0.0,0,0.0,1,0,0.0,0,0.0,1.0,78,39,0.0,6,0,0,1,0,2,3,0,0,0,0,0,0,0,0,0,6,0.7333333333333334,6,1.0,6,0,0,0,5,1,0,5,2,1,0,0,0,0,0,12,12,43,968,826,55,0,10,43,1.0,181,3,6284,46,212,150,21352
2025-07-05,argo,com.airbnb.mvrx.mocking,ViewModelDelegateProviderTest,existingViewModelDelegateThrowsIfNoViewModelExists,1,1,0.0,0,0.0,1,0,7,0,4,0,1,1,0.0,0,0,1,1,0.0,0,2.0,0,1,0.0,0,0.0,1.0,78,39,0.0,6,0,0,1,0,2,3,0,0,0,0,0,0,0,0,0,6,0.7333333333333334,6,1.0,6,0,0,0,5,1,0,5,2,1,0,0,0,0,0,12,12,43,968,826,55,0,10,43,1.0,181,3,6284,46,212,150,21352
2025-07-05,argo,com.airbnb.mvrx.mocking,ViewModelDelegateProviderTest,existingViewModelDelegateInheritsActivityViewModel,1,2,0.0,1,1.0,1,0,7,0,5,0,1,2,0.0,0,0,1,3,0.0,0,2.0,0,1,0.0,0,0.0,1.0,78,39,0.0,6,0,0,1,0,2,3,0,0,0,0,0,0,0,0,0,6,0.7333333333333334,6,1.0,6,0,0,0,5,1,0,5,2,1,0,0,0,0,0,12,12,43,968,826,55,0,10,43,1.0,181,3,6284,46,212,150,21352
2025-07-05,argo,com.airbnb.mvrx.mocking,ViewModelDelegateProviderTest,createFragmentWithMockedState,1,4,0.0,5,1.0,1,0,7,0,9,0,1,0,0.0,0,0,2,12,0.0,2,2.7142857142857144,0,2,0.0,0,0.0,1.0,78,39,0.0,6,0,0,1,0,2,3,0,0,0,0,0,0,0,0,0,6,0.7333333333333334,6,1.0,6,0,0,0,5,1,0,5,2,1,0,0,0,0,0,12,12,43,968,826,55,0,10,43,1.0,181,3,6284,46,212,150,21352
2025-07-05,argo,com.airbnb.mvrx.mocking,ViewModelDelegateProviderTest,existingViewModelWithMockedState,1,4,0.0,4,1.0,1,0,7,0,9,0,1,0,0.0,0,0,3,13,0.0,1,2.5,0,3,0.0,0,0.0,1.0,78,39,0.0,6,0,0,1,0,2,3,0,0,0,0,0,0,0,0,0,6,0.7333333333333334,6,1.0,6,0,0,0,5,1,0,5,2,1,0,0,0,0,0,12,12,43,968,826,55,0,10,43,1.0,181,3,6284,46,212,150,21352
2025-07-05,argo,com.airbnb.mvrx.mocking,ViewModelDelegateProviderTest,parentFragmentViewModelWithMockedState,1,4,0.0,4,1.0,1,0,7,0,9,0,1,0,0.0,0,0,3,13,0.0,1,2.5,0,3,0.0,0,0.0,1.0,78,39,0.0,6,0,0,1,0,2,3,0,0,0,0,0,0,0,0,0,6,0.7333333333333334,6,1.0,6,0,0,0,5,1,0,5,2,1,0,0,0,0,0,12,12,43,968,826,55,0,10,43,1.0,181,3,6284,46,212,150,21352
2025-07-05,argo,com.airbnb.mvrx.navigation,BaseFirstTestNavigationFragment,onViewCreated,3,2,0.0,1,1.0,1,0,1,0,11,1,3,0,0.6,1,1,0,2,0.25,1,2.0,2,0,0.0,0,0.0,0.5,17,11,0.0,2,1,2,2,0,2,0,0,0,1,0,1,0,0,0,2,3,1.0,4,2.0,2,2,1,0,5,0,0,5,3,2,0,0,0,0,0,2,2,43,968,826,11,0,2,4,1.5,15,1,481,46,212,11,21352
2025-07-05,argo,com.airbnb.mvrx.navigation,BaseFirstTestNavigationFragment,invalidate,0,0,1.0,0,0.0,1,0,1,0,0,0,0,0,0.0,0,0,0,0,0.0,0,0.0,0,0,0.0,0,0.0,0.5,17,11,0.0,2,1,2,2,0,2,0,0,0,1,0,1,0,0,0,2,3,1.0,4,2.0,2,2,1,0,5,0,0,5,3,2,0,0,0,0,0,2,2,43,968,826,11,0,2,4,1.5,15,1,481,46,212,11,21352
2025-07-05,argo,com.airbnb.mvrx.navigation,FirstTestNavigationFragment,onResume,1,0,0.0,1,1.0,1,0,1,0,4,0,1,0,0.0,1,0,1,1,0.0,1,2.0,0,1,0.0,0,0.0,0.5,10,4,0.0,1,0,1,1,0,0,1,0,0,0,0,1,1,1,0,0,1,0.0,1,1.0,1,1,1,0,5,0,0,5,3,2,0,0,0,0,0,1,1,43,968,826,11,0,2,4,1.5,15,1,481,46,212,11,21352
2025-07-05,argo,com.airbnb.mvrx.navigation,SecondTestNavigationFragment,onCreate,2,0,0.0,2,1.0,1,0,1,0,6,1,2,0,0.0,1,0,0,2,0.0,1,2.0,1,0,0.0,0,0.0,0.5,17,10,0.0,2,0,2,1,0,2,1,0,0,0,0,1,1,1,0,0,3,1.0,3,1.5,2,2,1,0,5,0,0,5,3,2,0,0,0,0,0,2,2,43,968,826,11,0,2,4,1.5,15,1,481,46,212,11,21352
2025-07-05,argo,com.airbnb.mvrx.navigation,SecondTestNavigationFragment,onViewCreated,1,0,0.0,1,1.0,1,0,1,0,4,0,1,0,0.0,1,0,1,1,0.0,1,2.0,2,1,0.0,0,0.0,0.5,17,10,0.0,2,0,2,1,0,2,1,0,0,0,0,1,1,1,0,0,3,1.0,3,1.5,2,2,1,0,5,0,0,5,3,2,0,0,0,0,0,2,2,43,968,826,11,0,2,4,1.5,15,1,481,46,212,11,21352
2025-07-05,argo,com.airbnb.mvrx.navigation,HostFragment,onViewCreated,1,1,0.0,2,1.0,1,0,1,0,4,0,1,0,0.0,0,0,1,6,0.0,0,3.0,2,1,0.0,0,0.0,1.0,12,4,0.0,1,1,1,2,1,2,1,0,0,0,2,0,1,0,2,0,1,0.0,1,1.0,1,1,1,1,1,0,0,1,1,1,0,0,0,0,0,1,1,43,968,826,11,0,1,6,1.0,15,1,481,46,212,11,21352
2025-07-05,argo,com.airbnb.mvrx.navigation,MavericksExtensionsTest,setup,1,0,0.0,0,0.0,0,1,1,0,4,0,1,0,1.0,0,1,0,0,1.0,0,2.0,0,0,0.0,0,0.0,1.0,39,27,0.0,3,2,0,0,0,0,1,0,1,0,0,2,0,0,0,0,3,0.6666666666666667,3,1.0,3,0,2,0,3,0,0,3,2,1,0,0,0,0,0,3,3,43,968,826,11,0,2,27,1.0,15,1,481,46,212,11,21352
2025-07-05,argo,com.airbnb.mvrx.navigation,MavericksExtensionsTest,`can viewModel be created using navigation backStack and consumed by follow fragments`,1,2,0.0,5,0.8,0,1,1,0,12,0,1,0,0.0,0,0,1,12,0.0,0,2.375,0,1,0.0,0,0.0,1.0,39,27,0.0,3,2,0,0,0,0,1,0,1,0,0,2,0,0,0,0,3,0.6666666666666667,3,1.0,3,0,2,0,3,0,0,3,2,1,0,0,0,0,0,3,3,43,968,826,11,0,2,27,1.0,15,1,481,46,212,11,21352
2025-07-05,argo,com.airbnb.mvrx.navigation,MavericksExtensionsTest,`can viewModel be created and restored when activity is re-created`,1,3,0.0,6,0.8333,0,1,1,0,15,0,1,0,0.0,0,0,1,15,0.0,0,2.3636363636363638,0,1,0.0,0,0.0,1.0,39,27,0.0,3,2,0,0,0,0,1,0,1,0,0,2,0,0,0,0,3,0.6666666666666667,3,1.0,3,0,2,0,3,0,0,3,2,1,0,0,0,0,0,3,3,43,968,826,11,0,2,27,1.0,15,1,481,46,212,11,21352
2025-07-05,argo,com.airbnb.mvrx.navigation,NavigationViewModel,updateProducer,1,0,0.0,0,0.0,0,0,2,0,3,0,1,0,0.0,0,0,1,1,0.0,0,0.0,1,1,0.0,0,0.0,1.0,11,6,0.0,2,0,0,1,0,1,1,0,0,0,0,0,0,0,0,0,2,0.0,2,1.0,2,0,0,0,2,0,0,2,0,1,0,0,0,0,0,2,2,43,968,826,11,0,2,2,1.0,15,1,481,46,212,11,21352
2025-07-05,argo,com.airbnb.mvrx.navigation,NavigationViewModel,updateConsumer,1,0,0.0,0,0.0,0,0,2,0,3,0,1,0,0.0,0,0,1,1,0.0,0,0.0,1,1,0.0,0,0.0,1.0,11,6,0.0,2,0,0,1,0,1,1,0,0,0,0,0,0,0,0,0,2,0.0,2,1.0,2,0,0,0,2,0,0,2,0,1,0,0,0,0,0,2,2,43,968,826,11,0,2,2,1.0,15,1,481,46,212,11,21352
2025-07-05,argo,com.airbnb.mvrx,BaseMvRxViewModel,onCleared,1,0,0.0,1,1.0,0,0,1,0,5,0,1,0,1.0,1,2,1,1,2.0,1,2.25,0,0,0.0,0,0.002150537634408602,0.7096774193548387,135,93,0.6774193548387096,31,4,1,1,0,30,7,0,4,0,0,4,0,0,0,0,34,0.7354838709677419,34,1.096774193548387,31,1,4,0,8,4,19,8,0,0,0,0,0,0,0,31,31,43,968,826,137,0,11,51,1.6363636363636365,519,11,9734,46,212,213,21352
2025-07-05,argo,com.airbnb.mvrx,BaseMvRxViewModel,execute,1,0,1.0,0,0.0,0,0,1,0,1,0,1,0,0.0,5,0,0,1,0.0,1,2.0,1,0,0.0,0,0.002150537634408602,0.7096774193548387,135,93,0.6774193548387096,31,4,1,1,0,30,7,0,4,0,0,4,0,0,0,0,34,0.7354838709677419,34,1.096774193548387,31,1,4,0,8,4,19,8,0,0,0,0,0,0,0,31,31,43,968,826,137,0,11,51,1.6363636363636365,519,11,9734,46,212,213,21352
2025-07-05,argo,com.airbnb.mvrx,BaseMvRxViewModel,execute,1,0,1.0,0,0.0,0,0,1,0,1,0,1,0,0.0,5,0,0,1,0.0,1,2.0,2,0,0.0,0,0.002150537634408602,0.7096774193548387,135,93,0.6774193548387096,31,4,1,1,0,30,7,0,4,0,0,4,0,0,0,0,34,0.7354838709677419,34,1.096774193548387,31,1,4,0,8,4,19,8,0,0,0,0,0,0,0,31,31,43,968,826,137,0,11,51,1.6363636363636365,519,11,9734,46,212,213,21352
2025-07-05,argo,com.airbnb.mvrx,BaseMvRxViewModel,execute,1,0,1.0,0,0.0,0,0,1,0,1,0,1,5,0.0,5,0,0,0,0.0,0,0.0,1,0,0.0,0,0.002150537634408602,0.7096774193548387,135,93,0.6774193548387096,31,4,1,1,0,30,7,0,4,0,0,4,0,0,0,0,34,0.7354838709677419,34,1.096774193548387,31,1,4,0,8,4,19,8,0,0,0,0,0,0,0,31,31,43,968,826,137,0,11,51,1.6363636363636365,519,11,9734,46,212,213,21352
2025-07-05,argo,com.airbnb.mvrx,BaseMvRxViewModel,execute,1,0,1.0,0,0.0,0,0,1,0,1,0,1,0,0.0,5,0,0,1,0.0,1,2.0,1,0,0.0,0,0.002150537634408602,0.7096774193548387,135,93,0.6774193548387096,31,4,1,1,0,30,7,0,4,0,0,4,0,0,0,0,34,0.7354838709677419,34,1.096774193548387,31,1,4,0,8,4,19,8,0,0,0,0,0,0,0,31,31,43,968,826,137,0,11,51,1.6363636363636365,519,11,9734,46,212,213,21352
2025-07-05,argo,com.airbnb.mvrx,BaseMvRxViewModel,execute,3,2,1.0,6,1.0,0,0,1,0,15,2,3,0,0.0,1,0,1,11,0.0,3,2.0,3,1,0.0,0,0.002150537634408602,0.7096774193548387,135,93,0.6774193548387096,31,4,1,1,0,30,7,0,4,0,0,4,0,0,0,0,34,0.7354838709677419,34,1.096774193548387,31,1,4,0,8,4,19,8,0,0,0,0,0,0,0,31,31,43,968,826,137,0,11,51,1.6363636363636365,519,11,9734,46,212,213,21352
2025-07-05,argo,com.airbnb.mvrx,BaseMvRxViewModel,logStateChanges,2,0,0.0,2,1.0,0,0,1,0,4,1,2,3,1.0,0,1,1,2,1.0,1,2.0,0,1,0.0,0,0.002150537634408602,0.7096774193548387,135,93,0.6774193548387096,31,4,1,1,0,30,7,0,4,0,0,4,0,0,0,0,34,0.7354838709677419,34,1.096774193548387,31,1,4,0,8,4,19,8,0,0,0,0,0,0,0,31,31,43,968,826,137,0,11,51,1.6363636363636365,519,11,9734,46,212,213,21352
2025-07-05,argo,com.airbnb.mvrx,BaseMvRxViewModel,subscribe,1,0,2.0,0,0.0,0,0,1,0,1,0,1,3,0.0,1,0,0,1,0.0,1,2.0,1,0,0.0,0,0.002150537634408602,0.7096774193548387,135,93,0.6774193548387096,31,4,1,1,0,30,7,0,4,0,0,4,0,0,0,0,34,0.7354838709677419,34,1.096774193548387,31,1,4,0,8,4,19,8,0,0,0,0,0,0,0,31,31,43,968,826,137,0,11,51,1.6363636363636365,519,11,9734,46,212,213,21352
2025-07-05,argo,com.airbnb.mvrx,BaseMvRxViewModel,subscribe,1,0,2.0,0,0.0,0,0,1,0,3,0,1,3,0.0,1,0,0,1,0.0,1,2.0,3,0,0.0,0,0.002150537634408602,0.7096774193548387,135,93,0.6774193548387096,31,4,1,1,0,30,7,0,4,0,0,4,0,0,0,0,34,0.7354838709677419,34,1.096774193548387,31,1,4,0,8,4,19,8,0,0,0,0,0,0,0,31,31,43,968,826,137,0,11,51,1.6363636363636365,519,11,9734,46,212,213,21352
2025-07-05,argo,com.airbnb.mvrx,BaseMvRxViewModel,subscribe,1,0,2.0,1,1.0,0,0,1,0,4,0,1,4,0.0,2,0,2,5,0.0,0,3.5,2,2,0.0,0,0.002150537634408602,0.7096774193548387,135,93,0.6774193548387096,31,4,1,1,0,30,7,0,4,0,0,4,0,0,0,0,34,0.7354838709677419,34,1.096774193548387,31,1,4,0,8,4,19,8,0,0,0,0,0,0,0,31,31,43,968,826,137,0,11,51,1.6363636363636365,519,11,9734,46,212,213,21352
2025-07-05,argo,com.airbnb.mvrx,BaseMvRxViewModel,selectSubscribe,1,0,2.0,0,0.0,0,0,1,0,1,0,1,3,0.0,1,0,0,1,0.0,1,2.0,2,0,0.0,0,0.002150537634408602,0.7096774193548387,135,93,0.6774193548387096,31,4,1,1,0,30,7,0,4,0,0,4,0,0,0,0,34,0.7354838709677419,34,1.096774193548387,31,1,4,0,8,4,19,8,0,0,0,0,0,0,0,31,31,43,968,826,137,0,11,51,1.6363636363636365,519,11,9734,46,212,213,21352
2025-07-05,argo,com.airbnb.mvrx,BaseMvRxViewModel,selectSubscribe,1,0,2.0,1,1.0,0,0,1,0,4,0,1,4,0.0,2,0,2,8,0.0,0,3.0,3,2,0.0,0,0.002150537634408602,0.7096774193548387,135,93,0.6774193548387096,31,4,1,1,0,30,7,0,4,0,0,4,0,0,0,0,34,0.7354838709677419,34,1.096774193548387,31,1,4,0,8,4,19,8,0,0,0,0,0,0,0,31,31,43,968,826,137,0,11,51,1.6363636363636365,519,11,9734,46,212,213,21352
2025-07-05,argo,com.airbnb.mvrx,BaseMvRxViewModel,selectSubscribeInternal,1,0,1.0,0,0.0,0,0,1,0,1,0,1,3,0.0,1,0,0,1,0.0,1,2.0,4,0,0.0,0,0.002150537634408602,0.7096774193548387,135,93,0.6774193548387096,31,4,1,1,0,30,7,0,4,0,0,4,0,0,0,0,34,0.7354838709677419,34,1.096774193548387,31,1,4,0,8,4,19,8,0,0,0,0,0,0,0,31,31,43,968,826,137,0,11,51,1.6363636363636365,519,11,9734,46,212,213,21352
2025-07-05,argo,com.airbnb.mvrx,BaseMvRxViewModel,asyncSubscribe,1,0,2.0,1,1.0,0,0,1,0,1,0,1,0,0.0,1,0,0,3,0.0,3,2.0,3,0,0.0,0,0.002150537634408602,0.7096774193548387,135,93,0.6774193548387096,31,4,1,1,0,30,7,0,4,0,0,4,0,0,0,0,34,0.7354838709677419,34,1.096774193548387,31,1,4,0,8,4,19,8,0,0,0,0,0,0,0,31,31,43,968,826,137,0,11,51,1.6363636363636365,519,11,9734,46,212,213,21352
2025-07-05,argo,com.airbnb.mvrx,BaseMvRxViewModel,asyncSubscribe,4,0,2.0,3,1.0,0,0,1,0,8,0,4,1,0.0,2,0,2,11,0.0,0,2.8,4,2,0.0,0,0.002150537634408602,0.7096774193548387,135,93,0.6774193548387096,31,4,1,1,0,30,7,0,4,0,0,4,0,0,0,0,34,0.7354838709677419,34,1.096774193548387,31,1,4,0,8,4,19,8,0,0,0,0,0,0,0,31,31,43,968,826,137,0,11,51,1.6363636363636365,519,11,9734,46,212,213,21352
2025-07-05,argo,com.airbnb.mvrx,BaseMvRxViewModel,selectSubscribe,1,0,2.0,0,0.0,0,0,1,0,1,0,1,3,0.0,1,0,0,1,0.0,1,2.0,3,0,0.0,0,0.002150537634408602,0.7096774193548387,135,93,0.6774193548387096,31,4,1,1,0,30,7,0,4,0,0,4,0,0,0,0,34,0.7354838709677419,34,1.096774193548387,31,1,4,0,8,4,19,8,0,0,0,0,0,0,0,31,31,43,968,826,137,0,11,51,1.6363636363636365,519,11,9734,46,212,213,21352
2025-07-05,argo,com.airbnb.mvrx,BaseMvRxViewModel,selectSubscribe,1,0,2.0,1,1.0,0,0,1,0,4,0,1,4,0.0,2,0,2,9,0.0,0,2.8,4,2,0.0,0,0.002150537634408602,0.7096774193548387,135,93,0.6774193548387096,31,4,1,1,0,30,7,0,4,0,0,4,0,0,0,0,34,0.7354838709677419,34,1.096774193548387,31,1,4,0,8,4,19,8,0,0,0,0,0,0,0,31,31,43,968,826,137,0,11,51,1.6363636363636365,519,11,9734,46,212,213,21352
2025-07-05,argo,com.airbnb.mvrx,BaseMvRxViewModel,selectSubscribe,1,0,2.0,0,0.0,0,0,1,0,1,0,1,3,0.0,1,0,0,1,0.0,1,2.0,4,0,0.0,0,0.002150537634408602,0.7096774193548387,135,93,0.6774193548387096,31,4,1,1,0,30,7,0,4,0,0,4,0,0,0,0,34,0.7354838709677419,34,1.096774193548387,31,1,4,0,8,4,19,8,0,0,0,0,0,0,0,31,31,43,968,826,137,0,11,51,1.6363636363636365,519,11,9734,46,212,213,21352
2025-07-05,argo,com.airbnb.mvrx,BaseMvRxViewModel,selectSubscribe,1,0,2.0,1,1.0,0,0,1,0,4,0,1,4,0.0,2,0,2,10,0.0,0,2.6666666666666665,5,2,0.0,0,0.002150537634408602,0.7096774193548387,135,93,0.6774193548387096,31,4,1,1,0,30,7,0,4,0,0,4,0,0,0,0,34,0.7354838709677419,34,1.096774193548387,31,1,4,0,8,4,19,8,0,0,0,0,0,0,0,31,31,43,968,826,137,0,11,51,1.6363636363636365,519,11,9734,46,212,213,21352
2025-07-05,argo,com.airbnb.mvrx,BaseMvRxViewModel,selectSubscribe,1,0,2.0,0,0.0,0,0,1,0,1,0,1,3,0.0,1,0,0,1,0.0,1,2.0,5,0,0.0,0,0.002150537634408602,0.7096774193548387,135,93,0.6774193548387096,31,4,1,1,0,30,7,0,4,0,0,4,0,0,0,0,34,0.7354838709677419,34,1.096774193548387,31,1,4,0,8,4,19,8,0,0,0,0,0,0,0,31,31,43,968,826,137,0,11,51,1.6363636363636365,519,11,9734,46,212,213,21352
2025-07-05,argo,com.airbnb.mvrx,BaseMvRxViewModel,selectSubscribe,1,0,2.0,1,1.0,0,0,1,0,4,0,1,4,0.0,2,0,2,11,0.0,0,2.5714285714285716,6,2,0.0,0,0.002150537634408602,0.7096774193548387,135,93,0.6774193548387096,31,4,1,1,0,30,7,0,4,0,0,4,0,0,0,0,34,0.7354838709677419,34,1.096774193548387,31,1,4,0,8,4,19,8,0,0,0,0,0,0,0,31,31,43,968,826,137,0,11,51,1.6363636363636365,519,11,9734,46,212,213,21352
2025-07-05,argo,com.airbnb.mvrx,BaseMvRxViewModel,selectSubscribe,1,0,2.0,0,0.0,0,0,1,0,1,0,1,3,0.0,1,0,0,1,0.0,1,2.0,6,0,0.0,0,0.002150537634408602,0.7096774193548387,135,93,0.6774193548387096,31,4,1,1,0,30,7,0,4,0,0,4,0,0,0,0,34,0.7354838709677419,34,1.096774193548387,31,1,4,0,8,4,19,8,0,0,0,0,0,0,0,31,31,43,968,826,137,0,11,51,1.6363636363636365,519,11,9734,46,212,213,21352
2025-07-05,argo,com.airbnb.mvrx,BaseMvRxViewModel,selectSubscribe,1,0,2.0,1,1.0,0,0,1,0,4,0,1,4,0.0,2,0,2,12,0.0,0,2.5,7,2,0.0,0,0.002150537634408602,0.7096774193548387,135,93,0.6774193548387096,31,4,1,1,0,30,7,0,4,0,0,4,0,0,0,0,34,0.7354838709677419,34,1.096774193548387,31,1,4,0,8,4,19,8,0,0,0,0,0,0,0,31,31,43,968,826,137,0,11,51,1.6363636363636365,519,11,9734,46,212,213,21352
2025-07-05,argo,com.airbnb.mvrx,BaseMvRxViewModel,selectSubscribe,1,0,2.0,0,0.0,0,0,1,0,1,0,1,3,0.0,1,0,0,1,0.0,1,2.0,7,0,0.0,0,0.002150537634408602,0.7096774193548387,135,93,0.6774193548387096,31,4,1,1,0,30,7,0,4,0,0,4,0,0,0,0,34,0.7354838709677419,34,1.096774193548387,31,1,4,0,8,4,19,8,0,0,0,0,0,0,0,31,31,43,968,826,137,0,11,51,1.6363636363636365,519,11,9734,46,212,213,21352
2025-07-05,argo,com.airbnb.mvrx,BaseMvRxViewModel,selectSubscribe,1,0,2.0,1,1.0,0,0,1,0,4,0,1,4,0.0,2,0,2,13,0.0,0,2.4444444444444446,8,2,0.0,0,0.002150537634408602,0.7096774193548387,135,93,0.6774193548387096,31,4,1,1,0,30,7,0,4,0,0,4,0,0,0,0,34,0.7354838709677419,34,1.096774193548387,31,1,4,0,8,4,19,8,0,0,0,0,0,0,0,31,31,43,968,826,137,0,11,51,1.6363636363636365,519,11,9734,46,212,213,21352
2025-07-05,argo,com.airbnb.mvrx,BaseMvRxViewModel,selectSubscribe,1,0,2.0,0,0.0,0,0,1,0,1,0,1,3,0.0,1,0,0,1,0.0,1,2.0,8,0,0.0,0,0.002150537634408602,0.7096774193548387,135,93,0.6774193548387096,31,4,1,1,0,30,7,0,4,0,0,4,0,0,0,0,34,0.7354838709677419,34,1.096774193548387,31,1,4,0,8,4,19,8,0,0,0,0,0,0,0,31,31,43,968,826,137,0,11,51,1.6363636363636365,519,11,9734,46,212,213,21352
2025-07-05,argo,com.airbnb.mvrx,BaseMvRxViewModel,selectSubscribe,1,0,2.0,1,1.0,0,0,1,0,4,0,1,4,0.0,2,0,2,14,0.0,0,2.4,9,2,0.0,0,0.002150537634408602,0.7096774193548387,135,93,0.6774193548387096,31,4,1,1,0,30,7,0,4,0,0,4,0,0,0,0,34,0.7354838709677419,34,1.096774193548387,31,1,4,0,8,4,19,8,0,0,0,0,0,0,0,31,31,43,968,826,137,0,11,51,1.6363636363636365,519,11,9734,46,212,213,21352
2025-07-05,argo,com.airbnb.mvrx,BaseMvRxViewModel,cancelOnClear,1,0,0.0,1,1.0,0,0,1,0,4,0,1,0,0.0,0,0,1,2,0.0,0,3.0,1,1,0.0,0,0.002150537634408602,0.7096774193548387,135,93,0.6774193548387096,31,4,1,1,0,30,7,0,4,0,0,4,0,0,0,0,34,0.7354838709677419,34,1.096774193548387,31,1,4,0,8,4,19,8,0,0,0,0,0,0,0,31,31,43,968,826,137,0,11,51,1.6363636363636365,519,11,9734,46,212,213,21352
2025-07-05,argo,com.airbnb.mvrx,BaseMvRxViewModel,disposeOnClear,1,0,0.0,1,1.0,0,0,1,0,4,0,1,0,1.0,0,1,0,1,1.0,1,2.0,0,0,0.0,0,0.002150537634408602,0.7096774193548387,135,93,0.6774193548387096,31,4,1,1,0,30,7,0,4,0,0,4,0,0,0,0,34,0.7354838709677419,34,1.096774193548387,31,1,4,0,8,4,19,8,0,0,0,0,0,0,0,31,31,43,968,826,137,0,11,51,1.6363636363636365,519,11,9734,46,212,213,21352
2025-07-05,argo,com.airbnb.mvrx,BaseMvRxViewModel,toDisposable,1,0,0.0,1,1.0,0,0,1,0,1,0,1,0,0.0,0,0,0,1,0.0,1,2.0,0,0,0.0,0,0.002150537634408602,0.7096774193548387,135,93,0.6774193548387096,31,4,1,1,0,30,7,0,4,0,0,4,0,0,0,0,34,0.7354838709677419,34,1.096774193548387,31,1,4,0,8,4,19,8,0,0,0,0,0,0,0,31,31,43,968,826,137,0,11,51,1.6363636363636365,519,11,9734,46,212,213,21352
2025-07-05,argo,com.airbnb.mvrx,BaseMvRxViewModel,assertSubscribeToDifferentViewModel,2,0,0.0,1,1.0,0,0,1,0,3,0,2,0,0.0,0,0,1,2,0.0,0,2.0,1,1,0.0,0,0.002150537634408602,0.7096774193548387,135,93,0.6774193548387096,31,4,1,1,0,30,7,0,4,0,0,4,0,0,0,0,34,0.7354838709677419,34,1.096774193548387,31,1,4,0,8,4,19,8,0,0,0,0,0,0,0,31,31,43,968,826,137,0,11,51,1.6363636363636365,519,11,9734,46,212,213,21352
2025-07-05,argo,com.airbnb.mvrx,MvRxView,subscribe,1,0,0.0,1,1.0,0,0,1,0,1,0,1,1,0.0,0,0,0,1,0.0,1,2.0,2,0,0.0,0,0.0,1.0,19,9,0.0,9,0,0,1,0,19,0,0,0,0,0,0,0,0,0,1,9,0.0,9,1.0,9,0,0,0,11,0,0,11,0,2,0,0,0,0,0,9,9,43,968,826,137,0,1,8,1.0,519,11,9734,46,212,213,21352
2025-07-05,argo,com.airbnb.mvrx,MvRxView,selectSubscribe,1,0,0.0,1,1.0,0,0,1,0,1,0,1,1,0.0,0,0,0,1,0.0,1,2.0,3,0,0.0,0,0.0,1.0,19,9,0.0,9,0,0,1,0,19,0,0,0,0,0,0,0,0,0,1,9,0.0,9,1.0,9,0,0,0,11,0,0,11,0,2,0,0,0,0,0,9,9,43,968,826,137,0,1,8,1.0,519,11,9734,46,212,213,21352
2025-07-05,argo,com.airbnb.mvrx,MvRxView,asyncSubscribe,1,0,0.0,1,1.0,0,0,1,0,1,0,1,0,0.0,0,0,0,3,0.0,3,2.0,4,0,0.0,0,0.0,1.0,19,9,0.0,9,0,0,1,0,19,0,0,0,0,0,0,0,0,0,1,9,0.0,9,1.0,9,0,0,0,11,0,0,11,0,2,0,0,0,0,0,9,9,43,968,826,137,0,1,8,1.0,519,11,9734,46,212,213,21352
2025-07-05,argo,com.airbnb.mvrx,MvRxView,selectSubscribe,1,0,0.0,1,1.0,0,0,1,0,1,0,1,1,0.0,0,0,0,1,0.0,1,2.0,4,0,0.0,0,0.0,1.0,19,9,0.0,9,0,0,1,0,19,0,0,0,0,0,0,0,0,0,1,9,0.0,9,1.0,9,0,0,0,11,0,0,11,0,2,0,0,0,0,0,9,9,43,968,826,137,0,1,8,1.0,519,11,9734,46,212,213,21352
2025-07-05,argo,com.airbnb.mvrx,MvRxView,selectSubscribe,1,0,0.0,1,1.0,0,0,1,0,1,0,1,1,0.0,0,0,0,1,0.0,1,2.0,5,0,0.0,0,0.0,1.0,19,9,0.0,9,0,0,1,0,19,0,0,0,0,0,0,0,0,0,1,9,0.0,9,1.0,9,0,0,0,11,0,0,11,0,2,0,0,0,0,0,9,9,43,968,826,137,0,1,8,1.0,519,11,9734,46,212,213,21352
2025-07-05,argo,com.airbnb.mvrx,MvRxView,selectSubscribe,1,0,0.0,1,1.0,0,0,1,0,1,0,1,1,0.0,0,0,0,1,0.0,1,2.0,6,0,0.0,0,0.0,1.0,19,9,0.0,9,0,0,1,0,19,0,0,0,0,0,0,0,0,0,1,9,0.0,9,1.0,9,0,0,0,11,0,0,11,0,2,0,0,0,0,0,9,9,43,968,826,137,0,1,8,1.0,519,11,9734,46,212,213,21352
2025-07-05,argo,com.airbnb.mvrx,MvRxView,selectSubscribe,1,0,0.0,1,1.0,0,0,1,0,1,0,1,1,0.0,0,0,0,1,0.0,1,2.0,7,0,0.0,0,0.0,1.0,19,9,0.0,9,0,0,1,0,19,0,0,0,0,0,0,0,0,0,1,9,0.0,9,1.0,9,0,0,0,11,0,0,11,0,2,0,0,0,0,0,9,9,43,968,826,137,0,1,8,1.0,519,11,9734,46,212,213,21352
2025-07-05,argo,com.airbnb.mvrx,MvRxView,selectSubscribe,1,0,0.0,1,1.0,0,0,1,0,1,0,1,1,0.0,0,0,0,1,0.0,1,2.0,8,0,0.0,0,0.0,1.0,19,9,0.0,9,0,0,1,0,19,0,0,0,0,0,0,0,0,0,1,9,0.0,9,1.0,9,0,0,0,11,0,0,11,0,2,0,0,0,0,0,9,9,43,968,826,137,0,1,8,1.0,519,11,9734,46,212,213,21352
2025-07-05,argo,com.airbnb.mvrx,MvRxView,selectSubscribe,1,0,0.0,1,1.0,0,0,1,0,1,0,1,1,0.0,0,0,0,1,0.0,1,2.0,9,0,0.0,0,0.0,1.0,19,9,0.0,9,0,0,1,0,19,0,0,0,0,0,0,0,0,0,1,9,0.0,9,1.0,9,0,0,0,11,0,0,11,0,2,0,0,0,0,0,9,9,43,968,826,137,0,1,8,1.0,519,11,9734,46,212,213,21352
2025-07-05,argo,com.airbnb.mvrx,JobDisposable,dispose,1,0,0.0,1,1.0,0,1,1,0,3,0,1,0,0.0,0,0,1,1,0.0,1,2.0,0,1,0.0,0,0.0,1.0,11,3,0.0,2,0,2,1,0,1,1,0,0,0,0,0,0,0,0,0,2,1.0,2,1.0,2,2,0,0,11,0,0,11,0,2,0,0,0,0,0,2,2,43,968,826,137,0,1,8,1.0,519,11,9734,46,212,213,21352
2025-07-05,argo,com.airbnb.mvrx,JobDisposable,isDisposed,1,0,0.0,1,1.0,0,1,1,0,1,0,1,0,0.0,0,0,0,2,0.0,0,3.0,0,0,0.0,0,0.0,1.0,11,3,0.0,2,0,2,1,0,1,1,0,0,0,0,0,0,0,0,0,2,1.0,2,1.0,2,2,0,0,11,0,0,11,0,2,0,0,0,0,0,2,2,43,968,826,137,0,1,8,1.0,519,11,9734,46,212,213,21352
2025-07-05,argo,com.airbnb.mvrx,DisposableJobTest,setup,1,0,0.0,1,1.0,0,1,1,0,4,0,1,0,1.0,0,2,1,2,2.0,1,2.0,0,0,0.0,0,1.0,0.25,28,15,0.0,3,2,0,0,0,0,3,0,2,0,0,0,0,0,2,0,4,0.5,4,1.0,4,0,2,0,4,0,0,4,0,1,0,0,0,0,0,4,4,43,968,826,137,0,4,11,1.0,519,11,9734,46,212,213,21352
2025-07-05,argo,com.airbnb.mvrx,DisposableJobTest,`dispose() cancels job`,1,0,0.0,3,1.0,0,1,1,0,5,0,1,0,1.0,0,2,1,3,2.0,1,2.0,0,1,0.0,0,1.0,0.25,28,15,0.0,3,2,0,0,0,0,3,0,2,0,0,0,0,0,2,0,4,0.5,4,1.0,4,0,2,0,4,0,0,4,0,1,0,0,0,0,0,4,4,43,968,826,137,0,4,11,1.0,519,11,9734,46,212,213,21352
2025-07-05,argo,com.airbnb.mvrx,DisposableJobTest,`isDisposed reflects job cancellation`,1,0,0.0,2,1.0,0,1,1,0,5,0,1,0,1.0,0,2,1,3,2.0,1,2.0,0,1,0.0,0,1.0,0.25,28,15,0.0,3,2,0,0,0,0,3,0,2,0,0,0,0,0,2,0,4,0.5,4,1.0,4,0,2,0,4,0,0,4,0,1,0,0,0,0,0,4,4,43,968,826,137,0,4,11,1.0,519,11,9734,46,212,213,21352
2025-07-05,argo,com.airbnb.mvrx,DisposableJobTest,`isDisposed reflects job completion`,1,0,0.0,2,1.0,0,1,1,0,5,0,1,0,1.0,0,2,1,3,2.0,1,2.0,0,1,0.0,0,1.0,0.25,28,15,0.0,3,2,0,0,0,0,3,0,2,0,0,0,0,0,2,0,4,0.5,4,1.0,4,0,2,0,4,0,0,4,0,1,0,0,0,0,0,4,4,43,968,826,137,0,4,11,1.0,519,11,9734,46,212,213,21352
2025-07-05,argo,com.airbnb.mvrx,ListExtensionsTest,testAppendNull,1,1,0.0,1,1.0,1,0,1,0,4,0,1,0,0.0,0,0,1,2,0.0,1,2.0,0,1,0.0,0,0.0,1.0,36,28,0.0,7,0,0,1,0,0,1,0,0,0,0,0,0,0,0,0,7,0.0,7,1.0,7,0,0,0,7,0,0,7,1,1,0,0,0,0,0,7,7,43,968,826,137,0,7,14,1.0,519,11,9734,46,212,213,21352
2025-07-05,argo,com.airbnb.mvrx,ListExtensionsTest,testAppendAtEnd,1,1,0.0,1,1.0,1,0,1,0,4,0,1,0,0.0,0,0,1,2,0.0,1,2.0,0,1,0.0,0,0.0,1.0,36,28,0.0,7,0,0,1,0,0,1,0,0,0,0,0,0,0,0,0,7,0.0,7,1.0,7,0,0,0,7,0,0,7,1,1,0,0,0,0,0,7,7,43,968,826,137,0,7,14,1.0,519,11,9734,46,212,213,21352
2025-07-05,argo,com.airbnb.mvrx,ListExtensionsTest,testAppendPastEnd,1,1,0.0,1,1.0,1,0,1,0,4,0,1,0,0.0,0,0,1,2,0.0,1,2.0,0,1,0.0,0,0.0,1.0,36,28,0.0,7,0,0,1,0,0,1,0,0,0,0,0,0,0,0,0,7,0.0,7,1.0,7,0,0,0,7,0,0,7,1,1,0,0,0,0,0,7,7,43,968,826,137,0,7,14,1.0,519,11,9734,46,212,213,21352
2025-07-05,argo,com.airbnb.mvrx,ListExtensionsTest,testAppendInMiddle,1,1,0.0,1,1.0,1,0,1,0,4,0,1,0,0.0,0,0,1,2,0.0,1,2.0,0,1,0.0,0,0.0,1.0,36,28,0.0,7,0,0,1,0,0,1,0,0,0,0,0,0,0,0,0,7,0.0,7,1.0,7,0,0,0,7,0,0,7,1,1,0,0,0,0,0,7,7,43,968,826,137,0,7,14,1.0,519,11,9734,46,212,213,21352
2025-07-05,argo,com.airbnb.mvrx,ListExtensionsTest,testAppendAtBeginning,1,1,0.0,1,1.0,1,0,1,0,4,0,1,0,0.0,0,0,1,2,0.0,1,2.0,0,1,0.0,0,0.0,1.0,36,28,0.0,7,0,0,1,0,0,1,0,0,0,0,0,0,0,0,0,7,0.0,7,1.0,7,0,0,0,7,0,0,7,1,1,0,0,0,0,0,7,7,43,968,826,137,0,7,14,1.0,519,11,9734,46,212,213,21352
2025-07-05,argo,com.airbnb.mvrx,ListExtensionsTest,testAppendAtShorterList,1,1,0.0,1,1.0,1,0,1,0,4,0,1,0,0.0,0,0,1,2,0.0,1,2.0,0,1,0.0,0,0.0,1.0,36,28,0.0,7,0,0,1,0,0,1,0,0,0,0,0,0,0,0,0,7,0.0,7,1.0,7,0,0,0,7,0,0,7,1,1,0,0,0,0,0,7,7,43,968,826,137,0,7,14,1.0,519,11,9734,46,212,213,21352
2025-07-05,argo,com.airbnb.mvrx,ListExtensionsTest,testAppendSmallListInMiddleOfLongList,1,1,0.0,1,1.0,1,0,1,0,4,0,1,0,0.0,0,0,1,2,0.0,1,2.0,0,1,0.0,0,0.0,1.0,36,28,0.0,7,0,0,1,0,0,1,0,0,0,0,0,0,0,0,0,7,0.0,7,1.0,7,0,0,0,7,0,0,7,1,1,0,0,0,0,0,7,7,43,968,826,137,0,7,14,1.0,519,11,9734,46,212,213,21352
2025-07-05,argo,com.airbnb.mvrx.test,MavericksTestExtension,beforeEach,1,0,0.0,1,1.0,0,0,1,0,3,0,1,0,1.0,0,1,0,1,1.0,1,2.0,1,0,0.0,0,1.0,1.0,11,6,0.0,2,1,2,1,0,1,1,0,1,0,0,1,0,0,0,0,2,1.0,2,1.0,2,2,1,0,2,0,0,2,0,1,0,0,0,0,0,2,2,43,968,826,6,0,0,2,1.0,12,1,343,46,212,8,21352
2025-07-05,argo,com.airbnb.mvrx.test,MavericksTestExtension,afterEach,1,0,0.0,1,1.0,0,0,1,0,3,0,1,0,1.0,0,1,0,1,1.0,1,2.0,1,0,0.0,0,1.0,1.0,11,6,0.0,2,1,2,1,0,1,1,0,1,0,0,1,0,0,0,0,2,1.0,2,1.0,2,2,1,0,2,0,0,2,0,1,0,0,0,0,0,2,2,43,968,826,6,0,0,2,1.0,12,1,343,46,212,8,21352
2025-07-05,argo,com.airbnb.mvrx.test,MavericksTestRule,before,1,0,0.0,0,0.0,0,0,1,0,3,0,1,0,1.0,1,1,0,1,1.0,1,2.0,0,0,0.0,0,1.0,1.0,11,6,0.0,2,1,2,1,0,0,1,0,1,0,0,1,0,0,0,0,2,1.0,2,1.0,2,2,1,0,2,0,0,2,0,1,0,0,0,0,0,2,2,43,968,826,6,0,0,2,1.0,12,1,343,46,212,8,21352
2025-07-05,argo,com.airbnb.mvrx.test,MavericksTestRule,after,1,0,0.0,0,0.0,0,0,1,0,3,0,1,0,1.0,1,1,0,1,1.0,1,2.0,0,0,0.0,0,1.0,1.0,11,6,0.0,2,1,2,1,0,0,1,0,1,0,0,1,0,0,0,0,2,1.0,2,1.0,2,2,1,0,2,0,0,2,0,1,0,0,0,0,0,2,2,43,968,826,6,0,0,2,1.0,12,1,343,46,212,8,21352
2025-07-05,argo,com.airbnb.mvrx.test,MvRxTestExtension,beforeEach,1,0,0.0,1,1.0,0,0,1,0,3,0,1,0,1.0,0,1,0,1,1.0,1,2.0,1,0,0.0,0,1.0,1.0,11,6,0.0,2,1,2,1,0,1,1,0,1,0,0,1,0,0,0,0,2,1.0,2,1.0,2,2,1,0,2,0,0,2,0,1,0,0,0,0,0,2,2,43,968,826,6,0,0,2,1.0,12,1,343,46,212,8,21352
2025-07-05,argo,com.airbnb.mvrx.test,MvRxTestExtension,afterEach,1,0,0.0,1,1.0,0,0,1,0,3,0,1,0,1.0,0,1,0,1,1.0,1,2.0,1,0,0.0,0,1.0,1.0,11,6,0.0,2,1,2,1,0,1,1,0,1,0,0,1,0,0,0,0,2,1.0,2,1.0,2,2,1,0,2,0,0,2,0,1,0,0,0,0,0,2,2,43,968,826,6,0,0,2,1.0,12,1,343,46,212,8,21352
2025-07-05,argo,com.airbnb.mvrx.test,MvRxTestRule,before,1,0,0.0,0,0.0,0,0,1,0,3,0,1,0,1.0,1,1,0,1,1.0,1,2.0,0,0,0.0,0,1.0,1.0,11,6,0.0,2,1,2,1,0,0,1,0,1,0,0,1,0,0,0,0,2,1.0,2,1.0,2,2,1,0,2,0,0,2,0,1,0,0,0,0,0,2,2,43,968,826,6,0,0,2,1.0,12,1,343,46,212,8,21352
2025-07-05,argo,com.airbnb.mvrx.test,MvRxTestRule,after,1,0,0.0,0,0.0,0,0,1,0,3,0,1,0,1.0,1,1,0,1,1.0,1,2.0,0,0,0.0,0,1.0,1.0,11,6,0.0,2,1,2,1,0,0,1,0,1,0,0,1,0,0,0,0,2,1.0,2,1.0,2,2,1,0,2,0,0,2,0,1,0,0,0,0,0,2,2,43,968,826,6,0,0,2,1.0,12,1,343,46,212,8,21352
2025-07-05,argo,com.airbnb.android.mvrx.test,MvRxTestRuleMockBehaviorTest,mockingDisabledFromNullBehavior,1,0,0.0,1,1.0,0,0,1,0,3,0,1,0,0.0,0,0,1,5,0.0,0,3.5,0,1,0.0,0,0.0,0.0,7,3,0.0,1,1,0,0,0,0,1,0,0,0,0,1,0,0,0,0,1,0.0,1,1.0,1,0,2,0,2,0,0,2,2,2,0,0,0,0,0,1,1,43,968,826,7,0,1,5,1.0,7,0,125,46,212,4,21352
2025-07-05,argo,com.airbnb.android.mvrx.test,MvRxTestRuleNoMockBehaviorTest,mockingDisabledFromNullBehavior,1,0,0.0,1,1.0,0,0,1,0,3,0,1,0,0.0,0,0,1,5,0.0,0,3.5,0,1,0.0,0,0.0,0.0,7,3,0.0,1,1,0,0,0,0,1,0,0,0,0,1,0,0,0,0,1,0.0,1,1.0,1,0,2,0,2,0,0,2,2,2,0,0,0,0,0,1,1,43,968,826,7,0,1,5,1.0,7,0,125,46,212,4,21352
2025-07-05,argo,com.airbnb.android.mvrx.test,MvRxTestRuleTestLifecycleAwareObserverDisabled,testLifeCycleAwareObserverDisabled,1,1,0.0,2,1.0,0,0,1,0,6,0,1,0,0.0,0,0,2,4,0.0,1,2.0,0,2,0.0,0,0.0,1.0,10,6,0.0,1,1,0,0,0,0,2,0,0,0,0,1,0,0,0,0,1,0.0,1,1.0,1,0,1,0,1,0,0,1,0,1,0,0,0,0,0,1,1,43,968,826,7,0,2,4,1.0,7,0,125,46,212,4,21352
2025-07-05,argo,com.airbnb.android.mvrx.test,MvRxTestRuleTestLifecycleAwareObserverEnabled,testLifeCycleAwareObserverEnabled,1,1,0.0,1,1.0,0,0,1,0,4,0,1,0,0.0,0,0,1,3,0.0,0,2.0,0,1,0.0,0,0.0,1.0,8,4,0.0,1,1,0,0,0,0,1,0,0,0,0,1,0,0,0,0,1,0.0,1,1.0,1,0,1,0,1,0,0,1,0,1,0,0,0,0,0,1,1,43,968,826,7,0,1,3,1.0,7,0,125,46,212,4,21352
2025-07-05,argo,com.airbnb.mvrx.sample,LauncherActivity,onCreate,2,0,0.0,2,1.0,1,0,1,0,7,1,2,0,0.0,1,0,1,5,0.0,2,2.6666666666666665,1,1,0.0,0,0.0,1.0,9,7,0.0,1,0,1,4,0,1,1,0,0,0,0,0,0,0,0,0,2,0.0,2,2.0,1,1,0,0,1,0,0,1,1,1,0,0,0,0,0,1,1,43,968,826,3,0,1,5,2.0,6,0,193,46,212,4,21352
2025-07-05,argo,com.airbnb.mvrx.sample,MainActivity,onCreate,1,0,0.0,1,1.0,1,0,1,0,4,0,1,0,0.0,1,0,1,2,0.0,1,2.5,1,1,0.0,0,0.0,0.0,6,4,0.0,1,0,1,4,0,1,1,0,2,0,0,2,0,0,0,0,1,0.0,1,1.0,1,1,0,0,1,0,0,1,1,1,0,0,0,0,0,1,1,43,968,826,3,0,1,2,1.0,6,0,193,46,212,4,21352
2025-07-05,argo,com.airbnb.mvrx.sample,MainFragment,onViewCreated,1,0,1.0,2,1.0,1,0,1,0,45,0,1,0,1.0,1,1,0,11,0.5,0,3.5714285714285716,2,0,0.0,0,0.0,1.0,51,46,0.5,2,1,1,2,0,3,1,0,1,0,0,1,0,0,0,0,2,1.0,2,1.0,2,1,1,0,1,1,0,1,1,1,0,0,0,0,0,2,2,43,968,826,3,0,0,12,1.0,6,0,193,46,212,4,21352
2025-07-05,argo,com.airbnb.mvrx.sample,MainFragment,demonstrates,1,0,0.0,1,1.0,1,0,1,0,1,0,1,0,0.0,0,0,0,1,0.0,1,2.0,1,0,0.0,0,0.0,1.0,51,46,0.5,2,1,1,2,0,3,1,0,1,0,0,1,0,0,0,0,2,1.0,2,1.0,2,1,1,0,1,1,0,1,1,1,0,0,0,0,0,2,2,43,968,826,3,0,0,12,1.0,6,0,193,46,212,4,21352
2025-07-05,argo,com.airbnb.mvrx.sample.core,BaseFragment,onCreate,1,0,0.0,0,0.0,0,0,1,0,4,0,1,0,0.0,1,0,1,1,0.0,1,2.0,1,1,0.0,0,0.0,0.0,6,4,0.0,1,0,1,2,0,1,1,0,1,5,0,2,0,0,4,0,1,0.0,1,1.0,1,1,0,0,1,0,0,1,1,0,0,0,0,0,0,1,1,43,968,826,3,0,1,1,1.0,2,0,74,46,212,2,21352
2025-07-05,argo,com.airbnb.mvrx.sample.core,MvRxApplication,onCreate,1,0,0.0,1,1.0,1,0,1,0,9,0,1,0,0.0,1,0,2,3,0.0,1,2.0,0,2,0.0,0,0.0,1.0,11,9,0.0,1,0,1,3,0,0,2,0,0,0,0,0,0,0,0,0,1,0.0,1,1.0,1,1,0,0,1,0,0,1,1,1,0,0,0,0,0,1,1,43,968,826,3,0,2,3,1.0,2,0,74,46,212,2,21352
2025-07-05,argo,com.airbnb.mvrx.sample.features.dadjoke,DadJokeIndexFragment,onCreate,1,0,0.0,1,1.0,1,0,1,0,4,0,1,0,0.6666666666666666,1,2,0,6,2.0,1,2.4,1,0,0.0,0,0.6,0.6,36,26,0.2,5,2,4,1,0,2,2,0,2,0,0,2,0,0,0,0,5,1.0,5,1.0,5,4,2,0,4,1,0,4,3,1,0,0,0,0,0,6,6,43,968,826,6,0,0,22,1.0,10,0,213,46,212,5,21352
2025-07-05,argo,com.airbnb.mvrx.sample.features.dadjoke,DadJokeIndexFragment,onViewCreated,1,0,1.0,2,0.5,1,0,1,0,8,0,1,1,1.0,1,1,0,7,0.5,1,2.5,2,0,0.0,0,0.6,0.6,36,26,0.2,5,2,4,1,0,2,2,0,2,0,0,2,0,0,0,0,5,1.0,5,1.0,5,4,2,0,4,1,0,4,3,1,0,0,0,0,0,6,6,43,968,826,6,0,0,22,1.0,10,0,213,46,212,5,21352
2025-07-05,argo,com.airbnb.mvrx.sample.features.dadjoke,DadJokeIndexFragment,invalidate,1,0,0.0,1,1.0,1,0,1,0,3,0,1,0,1.0,0,1,0,2,1.0,0,3.0,0,0,0.0,0,0.6,0.6,36,26,0.2,5,2,4,1,0,2,2,0,2,0,0,2,0,0,0,0,5,1.0,5,1.0,5,4,2,0,4,1,0,4,3,1,0,0,0,0,0,6,6,43,968,826,6,0,0,22,1.0,10,0,213,46,212,5,21352
2025-07-05,argo,com.airbnb.mvrx.sample.features.dadjoke,DadJokeIndexFragment,buildModels,1,0,0.0,4,1.0,1,0,1,0,10,0,1,0,1.0,0,1,0,6,1.0,1,2.4,0,0,0.0,0,0.6,0.6,36,26,0.2,5,2,4,1,0,2,2,0,2,0,0,2,0,0,0,0,5,1.0,5,1.0,5,4,2,0,4,1,0,4,3,1,0,0,0,0,0,6,6,43,968,826,6,0,0,22,1.0,10,0,213,46,212,5,21352
2025-07-05,argo,com.airbnb.mvrx.sample.features.dadjoke,DadJokeIndexFragment,provideMocks,1,0,0.0,0,0.0,1,0,1,0,1,0,1,0,1.0,0,1,0,1,1.0,0,0.0,0,0,0.0,0,0.6,0.6,36,26,0.2,5,2,4,1,0,2,2,0,2,0,0,2,0,0,0,0,5,1.0,5,1.0,5,4,2,0,4,1,0,4,3,1,0,0,0,0,0,6,6,43,968,826,6,0,0,22,1.0,10,0,213,46,212,5,21352
2025-07-05,argo,com.airbnb.mvrx.sample.features.flow,FlowCounterFragment,onViewCreated,1,0,0.0,1,1.0,1,0,1,0,3,0,1,0,1.0,0,1,0,2,0.5,0,3.0,2,0,0.0,0,1.0,0.5,11,4,0.0,2,2,2,1,0,2,1,0,2,0,0,2,0,0,0,0,2,1.0,2,1.0,2,2,2,0,2,0,0,2,1,1,0,0,0,0,0,2,2,43,968,826,4,0,0,5,1.0,4,0,97,46,212,4,21352
2025-07-05,argo,com.airbnb.mvrx.sample.features.flow,FlowCounterFragment,invalidate,1,0,0.0,1,1.0,1,0,1,0,1,0,1,0,1.0,0,2,0,3,2.0,0,2.5,0,0,0.0,0,1.0,0.5,11,4,0.0,2,2,2,1,0,2,1,0,2,0,0,2,0,0,0,0,2,1.0,2,1.0,2,2,2,0,2,0,0,2,1,1,0,0,0,0,0,2,2,43,968,826,4,0,0,5,1.0,4,0,97,46,212,4,21352
2025-07-05,argo,com.airbnb.mvrx.sample.features.flow,FlowIntroFragment,onViewCreated,1,0,0.0,4,1.0,1,0,1,0,18,0,1,0,1.0,0,2,0,10,1.0,1,2.8,2,0,0.0,0,0.0,0.5,26,18,0.0,2,2,2,1,0,2,1,0,2,0,0,2,0,0,0,0,1,1.0,2,1.0,2,2,2,0,2,0,0,2,1,1,0,0,0,0,0,2,2,43,968,826,4,0,0,10,1.0,4,0,97,46,212,4,21352
2025-07-05,argo,com.airbnb.mvrx.sample.features.flow,FlowIntroFragment,invalidate,0,0,0.0,0,0.0,1,0,1,0,0,0,0,0,0.0,0,0,0,0,0.0,0,0.0,0,0,0.0,0,0.0,0.5,26,18,0.0,2,2,2,1,0,2,1,0,2,0,0,2,0,0,0,0,1,1.0,2,1.0,2,2,2,0,2,0,0,2,1,1,0,0,0,0,0,2,2,43,968,826,4,0,0,10,1.0,4,0,97,46,212,4,21352
2025-07-05,argo,com.airbnb.mvrx.sample.features.parentfragment,ChildFragment,onViewCreated,1,0,0.0,1,1.0,1,0,1,0,3,0,1,0,1.0,0,2,0,3,1.0,0,2.5,2,0,0.0,0,1.0,0.5,11,4,0.0,2,2,2,1,0,2,1,0,2,0,0,2,0,0,0,0,2,1.0,2,1.0,2,2,2,0,2,0,0,2,1,1,0,0,0,0,0,2,2,43,968,826,4,0,0,6,1.0,5,0,67,46,212,4,21352
2025-07-05,argo,com.airbnb.mvrx.sample.features.parentfragment,ChildFragment,invalidate,1,0,0.0,1,1.0,1,0,1,0,1,0,1,0,1.0,0,2,0,3,2.0,0,2.5,0,0,0.0,0,1.0,0.5,11,4,0.0,2,2,2,1,0,2,1,0,2,0,0,2,0,0,0,0,2,1.0,2,1.0,2,2,2,0,2,0,0,2,1,1,0,0,0,0,0,2,2,43,968,826,4,0,0,6,1.0,5,0,67,46,212,4,21352
2025-07-05,argo,com.airbnb.mvrx.sample.features.parentfragment,ParentFragment,onViewCreated,1,0,0.0,2,0.5,1,0,1,0,4,0,1,0,1.0,0,2,0,5,1.0,0,2.6666666666666665,2,0,0.0,0,1.0,0.5,12,5,0.0,2,2,2,1,0,2,1,0,2,0,0,2,0,0,0,0,2,1.0,2,1.0,2,2,2,0,2,0,0,2,1,1,0,0,0,0,0,2,2,43,968,826,4,0,0,8,1.0,5,0,67,46,212,4,21352
2025-07-05,argo,com.airbnb.mvrx.sample.features.parentfragment,ParentFragment,invalidate,1,0,0.0,1,1.0,1,0,1,0,1,0,1,0,1.0,0,2,0,3,2.0,0,2.5,0,0,0.0,0,1.0,0.5,12,5,0.0,2,2,2,1,0,2,1,0,2,0,0,2,0,0,0,0,2,1.0,2,1.0,2,2,2,0,2,0,0,2,1,1,0,0,0,0,0,2,2,43,968,826,4,0,0,8,1.0,5,0,67,46,212,4,21352
2025-07-05,argo,com.airbnb.mvrx.sample.views,BasicRow,setTitle,1,0,0.0,0,0.0,0,3,1,0,3,0,1,0,0.3333333333333333,0,1,1,0,1.0,0,3.0,1,0,0.0,0,0.3333333333333333,0.6666666666666666,20,0,0.0,3,1,0,1,0,2,1,0,1,0,0,1,0,0,0,0,3,1.0,3,1.0,3,0,1,0,3,0,0,3,0,1,0,0,0,0,0,3,3,43,968,826,3,0,3,5,1.0,0,0,102,46,212,5,21352
2025-07-05,argo,com.airbnb.mvrx.sample.views,BasicRow,setSubtitle,1,0,0.0,1,1.0,0,3,1,0,4,0,1,0,0.3333333333333333,0,1,1,4,1.0,0,3.0,1,0,0.0,0,0.3333333333333333,0.6666666666666666,20,0,0.0,3,1,0,1,0,2,1,0,1,0,0,1,0,0,0,0,3,1.0,3,1.0,3,0,1,0,3,0,0,3,0,1,0,0,0,0,0,3,3,43,968,826,3,0,3,5,1.0,0,0,102,46,212,5,21352
2025-07-05,argo,com.airbnb.mvrx.sample.views,BasicRow,setClickListener,1,0,0.0,0,0.0,0,3,1,0,3,0,1,0,0.0,0,0,1,1,0.0,0,0.0,1,1,0.0,0,0.3333333333333333,0.6666666666666666,20,0,0.0,3,1,0,1,0,2,1,0,1,0,0,1,0,0,0,0,3,1.0,3,1.0,3,0,1,0,3,0,0,3,0,1,0,0,0,0,0,3,3,43,968,826,3,0,3,5,1.0,0,0,102,46,212,5,21352
2025-07-05,argo,com.airbnb.mvrx.sample.views,Marquee,setTitle,1,0,0.0,0,0.0,0,2,1,0,3,0,1,0,0.3333333333333333,0,1,1,0,1.0,0,3.0,1,0,0.0,0,1.0,1.0,17,0,0.0,2,1,0,1,0,2,0,0,3,0,0,3,0,0,0,0,2,1.0,2,1.0,2,0,1,0,2,0,0,2,0,1,0,0,0,0,0,2,2,43,968,826,3,0,2,4,1.0,0,0,102,46,212,5,21352
2025-07-05,argo,com.airbnb.mvrx.sample.views,Marquee,setSubtitle,1,0,0.0,1,1.0,0,2,1,0,4,0,1,0,0.3333333333333333,0,1,1,4,1.0,0,3.0,1,0,0.0,0,1.0,1.0,17,0,0.0,2,1,0,1,0,2,0,0,3,0,0,3,0,0,0,0,2,1.0,2,1.0,2,0,1,0,2,0,0,2,0,1,0,0,0,0,0,2,2,43,968,826,3,0,2,4,1.0,0,0,102,46,212,5,21352
2025-07-05,argo,com.airbnb.mvrx.sample.anvil,AnvilSampleApplication,onCreate,1,0,0.0,3,1.0,1,0,1,0,6,0,1,0,1.0,1,2,3,6,2.0,4,2.4,0,1,0.0,0,0.0,1.0,14,6,0.0,1,3,1,3,1,0,1,0,0,0,1,1,0,0,2,0,1,0.0,1,1.0,1,1,3,0,1,0,0,1,1,1,0,0,0,0,0,1,1,43,968,826,8,0,3,6,1.0,2,4,95,46,212,2,21352
2025-07-05,argo,com.airbnb.mvrx.sample.anvil,UserScopedRepository,invoke,1,0,0.0,0,0.0,0,0,1,0,4,0,1,0,0.0,0,0,1,1,0.0,0,2.0,0,1,0.0,0,0.0,0.0,6,4,0.0,1,0,0,0,0,1,1,0,0,0,0,0,0,0,0,0,1,0.0,1,1.0,1,0,0,0,1,0,0,1,0,1,0,0,0,0,0,1,1,43,968,826,8,0,1,1,1.0,2,4,95,46,212,2,21352
2025-07-05,argo,com.airbnb.mvrx.sample.anvil.feature,ExampleFeatureScopedRepository,invoke,1,0,0.0,0,0.0,0,0,1,0,1,0,1,0,0.0,0,0,0,0,0.0,0,0.0,0,0,0.0,0,0.0,0.0,3,1,0.0,1,0,0,0,0,0,0,0,0,0,0,0,0,0,0,0,1,0.0,1,1.0,1,0,0,0,1,0,0,1,0,1,0,0,0,0,0,1,1,43,968,826,7,0,0,0,1.0,2,2,155,46,212,1,21352
2025-07-05,argo,com.airbnb.mvrx.sample.anvil.codegen,ContributesViewModelCodeGenerator,isApplicable,1,0,0.0,0,0.0,1,1,1,0,1,0,1,0,0.0,0,0,0,0,0.0,0,0.0,1,0,0.0,0,0.0,0.5,38,26,0.3333333333333333,4,0,2,1,0,8,0,0,2,0,0,2,2,2,0,0,6,0.8333333333333334,6,1.5,4,2,0,0,2,2,0,2,0,1,0,0,0,0,0,4,4,43,968,826,1,0,0,76,1.5,3,0,121,46,212,4,21352
2025-07-05,argo,com.airbnb.mvrx.sample.anvil.codegen,ContributesViewModelCodeGenerator,generateCode,1,0,2.0,1,1.0,1,1,1,0,3,0,1,1,0.0,2,0,0,6,0.0,0,2.5,3,0,0.0,0,0.0,0.5,38,26,0.3333333333333333,4,0,2,1,0,8,0,0,2,0,0,2,2,2,0,0,6,0.8333333333333334,6,1.5,4,2,0,0,2,2,0,2,0,1,0,0,0,0,0,4,4,43,968,826,1,0,0,76,1.5,3,0,121,46,212,4,21352
2025-07-05,argo,com.airbnb.mvrx.sample.anvil.codegen,ContributesViewModelCodeGenerator,generateModule,1,4,0.0,3,1.0,1,1,1,0,7,0,1,0,0.0,0,0,0,36,0.0,0,4.25,3,0,0.0,0,0.0,0.5,38,26,0.3333333333333333,4,0,2,1,0,8,0,0,2,0,0,2,2,2,0,0,6,0.8333333333333334,6,1.5,4,2,0,0,2,2,0,2,0,1,0,0,0,0,0,4,4,43,968,826,1,0,0,76,1.5,3,0,121,46,212,4,21352
2025-07-05,argo,com.airbnb.mvrx.sample.anvil.codegen,ContributesViewModelCodeGenerator,generateAssistedFactory,3,7,0.0,9,0.8889,1,1,1,0,16,1,3,0,0.0,0,0,0,34,0.0,2,2.888888888888889,3,0,0.0,0,0.0,0.5,38,26,0.3333333333333333,4,0,2,1,0,8,0,0,2,0,0,2,2,2,0,0,6,0.8333333333333334,6,1.5,4,2,0,0,2,2,0,2,0,1,0,0,0,0,0,4,4,43,968,826,1,0,0,76,1.5,3,0,121,46,212,4,21352
2025-07-05,argo,com.airbnb.mvrx.compose.sample,ComposeTest,setUp,1,0,0.0,1,1.0,0,1,1,0,3,0,1,0,1.0,0,1,1,2,1.0,0,3.0,0,1,0.0,0,1.0,0.5,24,16,0.0,2,1,0,0,0,0,2,0,0,0,0,1,0,0,0,0,2,1.0,2,1.0,2,0,1,0,2,0,0,2,0,1,0,0,0,0,0,2,2,43,968,826,6,0,1,9,1.0,10,0,186,46,212,11,21352
2025-07-05,argo,com.airbnb.mvrx.compose.sample,ComposeTest,testViewModel,1,0,0.0,2,0.5,0,1,1,0,16,0,1,0,1.0,0,1,0,7,1.0,2,2.0,0,0,0.0,0,1.0,0.5,24,16,0.0,2,1,0,0,0,0,2,0,0,0,0,1,0,0,0,0,2,1.0,2,1.0,2,0,1,0,2,0,0,2,0,1,0,0,0,0,0,2,2,43,968,826,6,0,1,9,1.0,10,0,186,46,212,11,21352
2025-07-05,argo,com.airbnb.mvrx.compose.sample,ArgumentsTest,writeToParcel,1,0,0.0,1,1.0,1,0,1,2,3,0,1,0,0.0,0,0,1,1,0.0,1,2.0,2,1,0.0,0,0.0,0.0,21,6,0.0,2,0,2,1,0,2,1,0,0,0,0,0,0,0,0,0,2,1.0,2,1.0,2,2,0,0,8,0,0,8,1,4,0,0,2,0,2,2,4,43,968,826,6,0,6,17,1.0,10,0,186,46,212,11,21352
2025-07-05,argo,com.airbnb.mvrx.compose.sample,ArgumentsTest,describeContents,1,0,0.0,0,0.0,1,0,1,2,3,0,1,0,0.0,0,0,0,0,0.0,0,0.0,0,0,0.0,0,0.0,0.0,21,6,0.0,2,0,2,1,0,2,1,0,0,0,0,0,0,0,0,0,2,1.0,2,1.0,2,2,0,0,8,0,0,8,1,4,0,0,2,0,2,2,4,43,968,826,6,0,6,17,1.0,10,0,186,46,212,11,21352
2025-07-05,argo,com.airbnb.mvrx.compose.sample,CounterViewModel,incrementCount,1,0,0.0,0,0.0,1,0,1,2,1,0,1,0,0.0,0,0,0,1,0.0,0,0.0,0,0,0.0,0,0.0,0.0,3,1,0.0,1,0,0,1,0,0,0,0,0,0,0,0,0,0,0,0,1,0.0,1,1.0,1,0,0,0,8,0,0,8,1,4,0,0,0,0,0,1,1,43,968,826,6,0,6,17,1.0,10,0,186,46,212,11,21352
2025-07-05,argo,com.airbnb.mvrx.compose.sample,ComposeSampleActivity,onCreate,1,0,1.0,1,1.0,1,0,1,2,8,0,1,4,0.0,2,0,1,2,0.0,1,2.0,1,1,0.0,0,0.0,0.0,41,35,0.6,5,0,1,4,0,3,4,0,0,0,0,0,0,0,0,0,5,0.6,5,1.0,5,1,0,0,8,0,0,8,1,4,0,0,0,0,0,5,5,43,968,826,6,0,6,17,1.0,10,0,186,46,212,11,21352
2025-07-05,argo,com.airbnb.mvrx.compose.sample,ComposeSampleActivity,CounterScreenNavHost,1,1,1.0,0,0.0,1,0,1,2,4,0,1,1,0.0,1,0,1,2,0.0,0,0.0,2,1,0.0,0,0.0,0.0,41,35,0.6,5,0,1,4,0,3,4,0,0,0,0,0,0,0,0,0,5,0.6,5,1.0,5,1,0,0,8,0,0,8,1,4,0,0,0,0,0,5,5,43,968,826,6,0,6,17,1.0,10,0,186,46,212,11,21352
2025-07-05,argo,com.airbnb.mvrx.compose.sample,ComposeSampleActivity,CounterScreen,1,4,2.0,4,1.0,1,0,1,2,15,0,1,2,0.0,2,0,1,7,0.0,1,2.5,2,1,0.0,0,0.0,0.0,41,35,0.6,5,0,1,4,0,3,4,0,0,0,0,0,0,0,0,0,5,0.6,5,1.0,5,1,0,0,8,0,0,8,1,4,0,0,0,0,0,5,5,43,968,826,6,0,6,17,1.0,10,0,186,46,212,11,21352
2025-07-05,argo,com.airbnb.mvrx.compose.sample,ComposeSampleActivity,IncrementNavigationCountButton,1,1,0.0,0,0.0,1,0,1,2,4,0,1,0,0.0,0,0,1,2,0.0,0,0.0,0,1,0.0,0,0.0,0.0,41,35,0.6,5,0,1,4,0,3,4,0,0,0,0,0,0,0,0,0,5,0.6,5,1.0,5,1,0,0,8,0,0,8,1,4,0,0,0,0,0,5,5,43,968,826,6,0,6,17,1.0,10,0,186,46,212,11,21352
2025-07-05,argo,com.airbnb.mvrx.compose.sample,ComposeSampleActivity,newArray,1,1,0.0,0,0.0,1,0,1,2,4,0,1,0,0.0,0,0,1,2,0.0,0,0.0,0,1,0.0,0,0.0,0.0,41,35,0.6,5,0,1,4,0,3,4,0,0,0,0,0,0,0,0,0,5,0.6,5,1.0,5,1,0,0,8,0,0,8,1,4,0,0,0,0,0,5,5,43,968,826,6,1,6,17,1.0,10,0,186,46,212,11,21352
2025-07-05,argo,com.airbnb.mvrx.compose.sample,ComposeSampleApplication,onCreate,1,0,0.0,1,1.0,1,0,1,0,4,0,1,0,0.0,1,0,1,1,0.0,1,2.0,0,1,0.0,0,0.0,0.0,6,4,0.0,1,0,1,3,0,0,1,0,0,0,0,0,0,0,0,0,1,0.0,1,1.0,1,1,0,0,1,0,0,1,1,1,0,0,0,0,0,1,1,43,968,826,6,0,1,1,1.0,10,0,186,46,212,11,21352
2025-07-05,argo,com.airbnb.mvrx.counter,CounterActivity,onCreate,1,0,0.0,1,1.0,1,0,1,0,4,0,1,0,0.0,1,0,1,2,0.0,1,2.5,1,1,0.0,0,0.0,0.0,6,4,0.0,1,0,1,4,0,1,1,0,0,0,0,0,0,0,0,0,1,0.0,1,1.0,1,1,0,0,1,0,0,1,1,1,0,0,0,0,0,1,1,43,968,826,6,0,1,2,1.0,6,0,83,46,212,3,21352
2025-07-05,argo,com.airbnb.mvrx.counter,CounterApplication,onCreate,1,0,0.0,1,1.0,1,0,1,0,4,0,1,0,0.0,1,0,1,1,0.0,1,2.0,0,1,0.0,0,0.0,0.0,6,4,0.0,1,0,1,3,0,0,1,0,0,0,0,0,0,0,0,0,1,0.0,1,1.0,1,1,0,0,1,0,0,1,1,1,0,0,0,0,0,1,1,43,968,826,6,0,1,1,1.0,6,0,83,46,212,3,21352
2025-07-05,argo,com.airbnb.mvrx.counter,CounterViewModelTest,testIncrementCount,1,1,0.0,2,1.0,0,0,1,0,5,0,1,0,0.0,0,0,2,3,0.0,1,2.0,0,2,0.0,0,0.0,1.0,9,5,0.0,1,1,0,0,0,0,2,0,0,0,0,1,0,0,0,0,1,0.0,1,1.0,1,0,1,0,1,0,0,1,0,1,0,0,0,0,0,1,1,43,968,826,6,0,2,3,1.0,6,0,83,46,212,3,21352
2025-07-05,argo,com.airbnb.mvrx.hellodagger,HelloFragmentTest,fragmentIsInLoadingStateWhenCreated,1,2,0.0,4,1.0,0,0,1,0,9,0,1,0,0.0,0,0,2,14,0.0,0,3.2857142857142856,0,2,0.0,0,0.0,1.0,11,9,0.0,1,0,0,0,0,0,2,0,0,0,0,0,0,0,0,0,1,0.0,1,1.0,1,0,0,0,1,0,0,1,1,1,0,0,0,0,0,1,1,43,968,826,8,0,2,14,1.0,10,0,199,46,212,7,21352
2025-07-05,argo,com.airbnb.mvrx.hellodagger,HelloDaggerApplication,onCreate,1,0,0.0,2,1.0,1,0,1,0,5,0,1,0,1.0,1,1,2,2,1.0,1,2.0,0,1,0.0,0,0.0,1.0,9,5,0.0,1,1,1,3,0,0,1,0,0,0,0,0,0,0,1,0,1,0.0,1,1.0,1,1,1,0,1,0,0,1,1,1,0,0,0,0,0,1,1,43,968,826,8,0,2,2,1.0,10,0,199,46,212,7,21352
2025-07-05,argo,com.airbnb.mvrx.hellodagger,HelloFragment,onViewCreated,1,0,0.0,1,1.0,1,0,1,0,3,0,1,0,1.0,0,2,0,3,1.0,0,2.5,2,0,0.0,0,1.0,0.6666666666666666,20,12,0.0,3,2,3,2,1,3,1,0,1,0,1,2,0,0,0,0,3,1.0,3,1.0,3,3,2,0,3,0,0,3,1,1,0,0,0,0,0,3,3,43,968,826,8,0,0,12,1.3333333333333333,10,0,199,46,212,7,21352
2025-07-05,argo,com.airbnb.mvrx.hellodagger,HelloFragment,invalidate,2,0,0.0,3,1.0,1,0,1,0,8,0,2,0,1.0,0,2,0,8,2.0,1,2.5714285714285716,0,0,0.0,0,1.0,0.6666666666666666,20,12,0.0,3,2,3,2,1,3,1,0,1,0,1,2,0,0,0,0,3,1.0,3,1.0,3,3,2,0,3,0,0,3,1,1,0,0,0,0,0,3,3,43,968,826,8,0,0,12,1.3333333333333333,10,0,199,46,212,7,21352
2025-07-05,argo,com.airbnb.mvrx.hellodagger,HelloFragment,provideMocks,1,0,0.0,0,0.0,1,0,1,0,1,0,1,0,1.0,0,1,0,1,1.0,0,0.0,0,0,0.0,0,1.0,0.6666666666666666,20,12,0.0,3,2,3,2,1,3,1,0,1,0,1,2,0,0,0,0,3,1.0,3,1.0,3,3,2,0,3,0,0,3,1,1,0,0,0,0,0,3,3,43,968,826,8,0,0,12,1.3333333333333333,10,0,199,46,212,7,21352
2025-07-05,argo,com.airbnb.mvrx.hellodagger,HelloRepository,sayHello,1,0,0.0,0,0.0,0,0,1,0,4,0,1,0,0.0,0,0,0,2,0.0,0,0.0,0,0,0.0,0,0.0,0.0,6,4,0.0,1,0,0,0,0,0,0,0,0,0,0,0,0,0,0,0,1,0.0,1,1.0,1,0,0,0,1,0,0,1,0,1,0,0,0,0,0,1,1,43,968,826,8,0,0,2,1.0,10,0,199,46,212,7,21352
2025-07-05,argo,com.airbnb.mvrx.hellodagger,HelloDaggerViewModelTest,`fetches message when created`,1,2,0.0,1,1.0,0,0,1,0,5,0,1,0,0.0,0,0,1,3,0.0,0,2.0,0,1,0.0,0,0.0,1.0,9,5,0.0,1,1,0,0,0,0,1,0,0,0,0,1,0,0,0,0,1,0.0,1,1.0,1,0,1,0,1,0,0,1,1,1,0,0,0,0,0,1,1,43,968,826,8,0,1,3,1.0,10,0,199,46,212,7,21352
2025-07-05,argo,com.airbnb.mvrx.dogs,AdoptionFragment,invalidate,1,0,0.0,1,1.0,1,0,1,0,1,0,1,0,1.0,0,2,0,2,2.0,0,2.0,0,0,0.0,0,0.0,1.0,7,1,0.0,1,2,1,2,0,0,0,0,2,0,0,2,0,0,0,0,1,0.0,1,1.0,1,1,2,0,1,0,0,1,0,1,0,0,0,0,0,1,1,43,968,826,10,0,0,2,1.0,15,0,212,46,212,15,21352
2025-07-05,argo,com.airbnb.mvrx.dogs,DogAdapter,onCreateViewHolder,1,0,0.0,1,1.0,0,0,1,0,3,0,1,0,0.0,0,0,0,2,0.0,0,2.0,2,0,0.0,0,0.0,0.0,9,6,0.0,2,0,2,1,0,3,0,0,0,0,0,0,0,0,0,0,2,1.0,2,1.0,2,2,1,0,2,0,0,2,1,2,0,0,0,0,0,2,2,43,968,826,10,0,1,4,1.0,15,0,212,46,212,15,21352
2025-07-05,argo,com.airbnb.mvrx.dogs,DogAdapter,onBindViewHolder,1,0,0.0,1,1.0,0,0,1,0,3,0,1,0,0.0,0,0,1,2,0.0,0,3.0,2,0,0.0,0,0.0,0.0,9,6,0.0,2,0,2,1,0,3,0,0,0,0,0,0,0,0,0,0,2,1.0,2,1.0,2,2,1,0,2,0,0,2,1,2,0,0,0,0,0,2,2,43,968,826,10,0,1,4,1.0,15,0,212,46,212,15,21352
2025-07-05,argo,com.airbnb.mvrx.dogs,DogApplication,onCreate,1,0,0.0,1,1.0,1,0,1,0,4,0,1,0,0.0,1,0,1,1,0.0,1,2.0,0,1,0.0,0,0.0,0.0,8,4,0.0,1,1,1,3,1,0,1,0,0,0,1,1,0,0,0,0,1,0.0,1,1.0,1,1,1,0,1,0,0,1,1,1,0,0,0,0,0,1,1,43,968,826,10,0,1,1,1.0,15,0,212,46,212,15,21352
2025-07-05,argo,com.airbnb.mvrx.dogs,DogDetailFragment,onViewCreated,1,0,0.0,0,0.0,1,0,1,0,3,0,1,0,1.0,0,1,0,0,0.5,0,2.0,2,0,0.0,0,0.6666666666666666,0.6666666666666666,22,8,0.0,3,3,3,2,0,2,2,1,3,0,0,3,0,0,0,0,3,1.0,3,1.0,3,3,3,0,3,0,0,3,1,1,0,0,1,0,1,3,4,43,968,826,10,0,1,4,1.3333333333333333,15,0,212,46,212,15,21352
2025-07-05,argo,com.airbnb.mvrx.dogs,DogDetailFragment,onLoveClicked,1,0,0.0,2,1.0,1,0,1,0,4,0,1,0,1.0,0,2,1,2,2.0,1,2.0,0,1,0.0,0,0.6666666666666666,0.6666666666666666,22,8,0.0,3,3,3,2,0,2,2,1,3,0,0,3,0,0,0,0,3,1.0,3,1.0,3,3,3,0,3,0,0,3,1,1,0,0,1,0,1,3,4,43,968,826,10,0,1,4,1.3333333333333333,15,0,212,46,212,15,21352
2025-07-05,argo,com.airbnb.mvrx.dogs,DogDetailFragment,arg,2,0,0.0,1,1.0,1,0,1,0,1,0,2,0,1.0,0,1,0,2,1.0,0,2.0,0,0,0.0,0,0.6666666666666666,0.6666666666666666,22,8,0.0,3,3,3,2,0,2,2,1,3,0,0,3,0,0,0,0,3,1.0,3,1.0,3,3,3,0,3,0,0,3,1,1,0,0,1,0,1,3,4,43,968,826,10,1,1,4,1.3333333333333333,15,0,212,46,212,15,21352
2025-07-05,argo,com.airbnb.mvrx.dogs,DogsFragment,onViewCreated,1,0,0.0,1,1.0,1,0,1,0,4,0,1,0,1.0,0,1,1,2,0.5,0,2.5,2,0,0.0,0,0.3333333333333333,0.5,21,12,0.0,4,2,4,2,0,3,2,0,2,0,0,2,0,0,0,0,4,1.0,4,1.0,4,4,2,0,4,0,0,4,1,1,0,0,0,0,0,4,4,43,968,826,10,0,3,12,1.0,15,0,212,46,212,15,21352
2025-07-05,argo,com.airbnb.mvrx.dogs,DogsFragment,onDogClicked,1,0,0.0,1,1.0,1,0,1,0,3,0,1,0,0.0,0,0,1,5,0.0,0,3.5,1,1,0.0,0,0.3333333333333333,0.5,21,12,0.0,4,2,4,2,0,3,2,0,2,0,0,2,0,0,0,0,4,1.0,4,1.0,4,4,2,0,4,0,0,4,1,1,0,0,0,0,0,4,4,43,968,826,10,0,3,12,1.0,15,0,212,46,212,15,21352
2025-07-05,argo,com.airbnb.mvrx.dogs,DogsFragment,adoptLovedDog,1,0,0.0,1,1.0,1,0,1,0,4,0,1,0,1.0,1,1,1,4,1.0,1,3.0,0,1,0.0,0,0.3333333333333333,0.5,21,12,0.0,4,2,4,2,0,3,2,0,2,0,0,2,0,0,0,0,4,1.0,4,1.0,4,4,2,0,4,0,0,4,1,1,0,0,0,0,0,4,4,43,968,826,10,0,3,12,1.0,15,0,212,46,212,15,21352
2025-07-05,argo,com.airbnb.mvrx.dogs,DogsFragment,invalidate,1,0,0.0,1,1.0,1,0,1,0,1,0,1,0,1.0,0,2,0,1,2.0,0,2.0,0,0,0.0,0,0.3333333333333333,0.5,21,12,0.0,4,2,4,2,0,3,2,0,2,0,0,2,0,0,0,0,4,1.0,4,1.0,4,4,2,0,4,0,0,4,1,1,0,0,0,0,0,4,4,43,968,826,10,0,3,12,1.0,15,0,212,46,212,15,21352
2025-07-05,argo,com.airbnb.mvrx.dogs,DogState,dog,3,0,0.0,1,1.0,0,0,1,0,1,0,3,2,0.0,0,0,0,2,0.0,0,2.0,1,0,0.0,0,0.0,1.0,5,1,0.0,1,1,0,1,1,2,0,0,0,0,1,1,0,0,0,0,1,0.0,1,1.0,1,0,1,0,1,0,0,1,0,1,0,0,0,0,0,1,1,43,968,826,10,0,0,2,3.0,15,0,212,46,212,15,21352
2025-07-05,argo,com.airbnb.mvrx.dogs,DogViewModel,loveDog,2,0,0.0,0,0.0,0,0,1,0,1,0,2,0,0.0,0,0,0,1,0.0,0,0.0,1,0,0.0,0,0.0,1.0,19,5,0.0,2,0,0,1,0,1,0,0,0,0,0,0,0,0,0,0,2,1.0,2,1.0,2,0,0,0,2,0,0,2,0,1,0,0,1,0,1,2,3,43,968,826,10,0,0,6,2.5,15,0,212,46,212,15,21352
2025-07-05,argo,com.airbnb.mvrx.dogs,DogViewModel,create,3,1,0.0,2,1.0,0,0,1,0,4,0,3,0,0.0,0,0,0,5,0.0,1,3.5,0,0,0.0,0,0.0,1.0,19,5,0.0,2,0,0,1,0,1,0,0,0,0,0,0,0,0,0,0,2,1.0,2,1.0,2,0,0,0,2,0,0,2,0,1,0,0,1,0,1,2,3,43,968,826,10,1,0,6,2.5,15,0,212,46,212,15,21352
2025-07-05,argo,com.airbnb.mvrx.dogs.data,DogRepository,getDogs,27,0,0.0,3,1.0,0,1,1,0,4,0,27,0,0.0,0,0,0,51,0.0,1,2.380952380952381,0,0,0.0,0,0.0,0.5,8,1,0.0,2,0,0,0,0,1,0,0,0,0,0,0,0,0,0,0,2,1.0,2,1.0,2,0,0,0,2,0,0,2,0,1,0,0,0,0,0,3,3,43,968,826,3,0,0,56,14.0,1,1,97,46,212,2,21352
2025-07-05,argo,com.airbnb.mvrx.dogs.data,DogRepository,adoptDog,1,0,0.0,1,1.0,0,1,1,0,1,0,1,0,0.0,0,0,0,5,0.0,0,3.5,1,0,0.0,0,0.0,0.5,8,1,0.0,2,0,0,0,0,1,0,0,0,0,0,0,0,0,0,0,2,1.0,2,1.0,2,0,0,0,2,0,0,2,0,1,0,0,0,0,0,3,3,43,968,826,3,0,0,56,14.0,1,1,97,46,212,2,21352
2025-07-05,argo,com.airbnb.mvrx.dogs.views,DogImageView,setUrl,2,0,0.0,1,1.0,0,1,1,0,8,1,2,0,0.0,0,0,1,9,0.0,2,5.0,1,1,0.0,0,0.0,1.0,10,0,0.0,1,0,0,1,0,1,1,0,0,0,0,0,0,0,0,0,2,0.0,2,2.0,1,0,0,0,1,0,0,1,0,1,0,0,0,0,0,1,1,43,968,826,4,0,1,9,2.0,6,2,75,46,212,3,21352
2025-07-05,argo,com.airbnb.mvrx.dogs.views,HashItemCallback,areItemsTheSame,1,0,0.0,0,0.0,0,0,1,0,1,0,1,0,0.0,0,0,0,0,0.0,0,2.0,2,0,0.0,0,0.0,1.0,5,2,0.0,2,0,2,1,0,1,0,0,0,0,0,0,0,0,0,0,2,1.0,2,1.0,2,2,0,0,2,0,0,2,0,1,0,0,0,0,0,2,2,43,968,826,4,0,0,2,1.0,6,2,75,46,212,3,21352
2025-07-05,argo,com.airbnb.mvrx.dogs.views,HashItemCallback,areContentsTheSame,1,0,0.0,1,1.0,0,0,1,0,1,0,1,0,0.0,0,0,0,2,0.0,2,2.0,2,0,0.0,0,0.0,1.0,5,2,0.0,2,0,2,1,0,1,0,0,0,0,0,0,0,0,0,0,2,1.0,2,1.0,2,2,0,0,2,0,0,2,0,1,0,0,0,0,0,2,2,43,968,826,4,0,0,2,1.0,6,2,75,46,212,3,21352
2025-07-05,argo,com.airbnb.mvrx.dogs,DogStateTest,testLovedDog,3,2,0.0,2,1.0,0,0,1,0,5,0,3,0,0.0,0,0,1,3,0.0,0,2.0,0,1,0.0,0,0.0,1.0,7,5,0.0,1,0,0,0,0,0,1,0,0,0,0,0,0,0,0,0,1,0.0,1,1.0,1,0,0,0,1,0,0,1,0,1,0,0,0,0,0,1,1,43,968,826,10,0,1,3,3.0,15,0,212,46,212,15,21352
2025-07-05,argo,com.airbnb.mvrx.hellohilt,HelloHiltApplication,onCreate,1,0,0.0,1,1.0,1,0,1,0,4,0,1,0,0.0,1,0,1,1,0.0,1,2.0,0,1,0.0,0,0.0,0.0,6,4,0.0,1,0,1,3,0,0,1,0,0,0,0,0,0,0,0,0,1,0.0,1,1.0,1,1,0,0,1,0,0,1,1,1,0,0,0,0,0,1,1,43,968,826,9,0,1,1,1.0,3,1,150,46,212,2,21352
2025-07-05,argo,com.airbnb.mvrx.hellohilt,HelloHiltFragment,invalidate,1,0,0.0,1,1.0,1,0,1,0,4,0,1,0,1.0,0,3,0,14,3.0,0,2.75,0,0,0.0,0,0.0,1.0,12,4,0.0,1,3,1,2,0,0,0,0,3,0,0,3,0,0,0,0,1,0.0,1,1.0,1,1,3,0,1,0,0,1,0,1,0,0,0,0,0,1,1,43,968,826,9,0,0,14,1.0,3,1,150,46,212,2,21352
2025-07-05,argo,com.airbnb.mvrx.sample.navigation,FlowNavigationActivity,onCreate,1,0,0.0,1,1.0,1,0,1,0,4,0,1,0,0.0,1,0,1,2,0.0,1,2.5,1,1,0.0,0,0.0,0.0,6,4,0.0,1,0,1,4,0,1,1,0,0,0,0,0,0,0,0,0,1,0.0,1,1.0,1,1,0,0,1,0,0,1,1,1,0,0,0,0,0,1,1,43,968,826,6,0,1,2,1.0,7,0,83,46,212,2,21352
2025-07-05,argo,com.airbnb.mvrx.sample.navigation,FlowNavigationApplication,onCreate,1,0,0.0,1,1.0,1,0,1,0,4,0,1,0,0.0,1,0,1,1,0.0,1,2.0,0,1,0.0,0,0.0,1.0,6,4,0.0,1,0,1,3,0,0,1,0,0,0,0,0,0,0,0,0,1,0.0,1,1.0,1,1,0,0,1,0,0,1,1,1,0,0,0,0,0,1,1,43,968,826,6,0,1,1,1.0,7,0,83,46,212,2,21352
2025-07-05,argo,com.airbnb.mvrx.todomvrx,MainActivity,onCreate,2,3,0.0,4,1.0,1,1,1,0,13,0,2,0,0.75,2,1,4,14,0.33,1,2.5,1,4,0.0,0,0.3333333333333333,1.0,33,24,0.0,3,2,2,4,0,2,5,0,2,0,0,2,0,0,0,0,5,1.0,5,1.6666666666666667,3,2,2,0,2,1,0,2,1,1,0,0,0,0,0,3,3,43,968,826,16,0,4,20,2.6666666666666665,28,0,787,46,212,17,21352
2025-07-05,argo,com.airbnb.mvrx.todomvrx,MainActivity,onOptionsItemSelected,5,0,0.0,4,1.0,1,1,1,0,11,2,5,0,0.6,2,2,0,6,2.0,1,2.6666666666666665,1,0,0.0,0,0.3333333333333333,1.0,33,24,0.0,3,2,2,4,0,2,5,0,2,0,0,2,0,0,0,0,5,1.0,5,1.6666666666666667,3,2,2,0,2,1,0,2,1,1,0,0,0,0,0,3,3,43,968,826,16,0,4,20,2.6666666666666665,28,0,787,46,212,17,21352
2025-07-05,argo,com.airbnb.mvrx.todomvrx,MainActivity,isDrawerDestination,1,0,0.0,0,0.0,1,1,1,0,1,0,1,0,0.0,0,0,0,0,0.0,0,3.0,0,0,0.0,0,0.3333333333333333,1.0,33,24,0.0,3,2,2,4,0,2,5,0,2,0,0,2,0,0,0,0,5,1.0,5,1.6666666666666667,3,2,2,0,2,1,0,2,1,1,0,0,0,0,0,3,3,43,968,826,16,0,4,20,2.6666666666666665,28,0,787,46,212,17,21352
2025-07-05,argo,com.airbnb.mvrx.todomvrx,StatisticsFragment,onViewCreated,1,0,0.0,1,1.0,1,0,1,0,4,0,1,0,0.0,1,0,1,1,0.0,1,2.0,2,1,0.0,0,0.0,0.5,27,24,0.0,2,0,2,1,0,2,1,0,0,0,0,0,0,0,0,0,3,1.0,3,1.5,2,2,0,0,2,0,0,2,1,1,0,0,0,0,0,2,2,43,968,826,16,0,1,13,1.5,28,0,787,46,212,17,21352
2025-07-05,argo,com.airbnb.mvrx.todomvrx,StatisticsFragment,epoxyController,2,3,0.0,2,1.0,1,0,1,0,20,1,2,0,0.0,0,0,0,12,0.0,0,2.625,0,0,0.0,0,0.0,0.5,27,24,0.0,2,0,2,1,0,2,1,0,0,0,0,0,0,0,0,0,3,1.0,3,1.5,2,2,0,0,2,0,0,2,1,1,0,0,0,0,0,2,2,43,968,826,16,0,1,13,1.5,28,0,787,46,212,17,21352
2025-07-05,argo,com.airbnb.mvrx.todomvrx,TaskListFilter,matches,3,0,0.0,1,1.0,0,0,1,0,1,1,3,0,0.0,0,0,0,1,0.0,0,2.0,1,0,0.0,0,0.0,1.0,7,1,0.0,1,0,0,0,0,2,0,0,0,0,0,0,0,0,0,0,2,0.0,2,2.0,1,0,0,0,1,0,0,1,0,1,0,0,0,0,0,1,1,43,968,826,16,0,0,1,3.0,28,0,787,46,212,17,21352
2025-07-05,argo,com.airbnb.mvrx.todomvrx,ToDoApplication,onCreate,1,0,0.0,1,1.0,1,0,1,0,4,0,1,0,0.0,1,0,1,1,0.0,1,2.0,0,1,0.0,0,0.0,0.0,6,4,0.0,1,0,1,3,0,0,1,0,0,0,0,0,0,0,0,0,1,0.0,1,1.0,1,1,0,0,1,0,0,1,1,1,0,0,0,0,0,1,1,43,968,826,16,0,1,1,1.0,28,0,787,46,212,17,21352
2025-07-05,argo,com.airbnb.mvrx.todomvrx.core,BaseFragment,onCreate,1,0,0.0,1,1.0,1,0,1,0,4,0,1,1,0.3333333333333333,1,1,0,1,1.0,1,2.0,1,0,0.0,0,0.23809523809523808,0.2857142857142857,68,47,0.0,7,6,5,2,0,9,4,0,1,5,0,2,0,0,4,0,10,1.0,10,1.6666666666666667,7,5,6,0,6,0,1,6,4,0,0,1,0,0,0,7,6,43,968,826,2,0,1,28,2.0,7,0,112,46,212,7,21352
2025-07-05,argo,com.airbnb.mvrx.todomvrx.core,BaseFragment,onCreateView,1,0,0.0,3,1.0,1,0,1,0,6,0,1,0,0.75,0,4,0,9,1.33,1,2.8333333333333335,3,0,0.0,0,0.23809523809523808,0.2857142857142857,68,47,0.0,7,6,5,2,0,9,4,0,1,5,0,2,0,0,4,0,10,1.0,10,1.6666666666666667,7,5,6,0,6,0,1,6,4,0,0,1,0,0,0,7,6,43,968,826,2,0,1,28,2.0,7,0,112,46,212,7,21352
2025-07-05,argo,com.airbnb.mvrx.todomvrx.core,BaseFragment,onSaveInstanceState,1,0,0.0,0,0.0,1,0,1,0,4,0,1,1,0.3333333333333333,1,1,0,1,1.0,1,2.0,1,0,0.0,0,0.23809523809523808,0.2857142857142857,68,47,0.0,7,6,5,2,0,9,4,0,1,5,0,2,0,0,4,0,10,1.0,10,1.6666666666666667,7,5,6,0,6,0,1,6,4,0,0,1,0,0,0,7,6,43,968,826,2,0,1,28,2.0,7,0,112,46,212,7,21352
2025-07-05,argo,com.airbnb.mvrx.todomvrx.core,BaseFragment,onViewCreated,7,3,0.0,5,0.8333,1,0,1,0,27,2,7,0,1.0,0,3,0,13,0.6,1,2.375,2,0,0.0,0,0.23809523809523808,0.2857142857142857,68,47,0.0,7,6,5,2,0,9,4,0,1,5,0,2,0,0,4,0,10,1.0,10,1.6666666666666667,7,5,6,0,6,0,1,6,4,0,0,1,0,0,0,7,6,43,968,826,2,0,1,28,2.0,7,0,112,46,212,7,21352
2025-07-05,argo,com.airbnb.mvrx.todomvrx.core,BaseFragment,invalidate,1,0,0.0,1,1.0,1,0,1,0,3,0,1,0,1.0,0,1,0,1,1.0,1,2.0,0,0,0.0,0,0.23809523809523808,0.2857142857142857,68,47,0.0,7,6,5,2,0,9,4,0,1,5,0,2,0,0,4,0,10,1.0,10,1.6666666666666667,7,5,6,0,6,0,1,6,4,0,0,1,0,0,0,7,6,43,968,826,2,0,1,28,2.0,7,0,112,46,212,7,21352
2025-07-05,argo,com.airbnb.mvrx.todomvrx.core,BaseFragment,epoxyController,0,0,0.0,0,0.0,1,0,1,0,0,0,0,0,0.0,0,0,0,0,0.0,0,0.0,0,0,0.0,0,0.23809523809523808,0.2857142857142857,68,47,0.0,7,6,5,2,0,9,4,0,1,5,0,2,0,0,4,0,10,1.0,10,1.6666666666666667,7,5,6,0,6,0,1,6,4,0,0,1,0,0,0,7,6,43,968,826,2,0,1,28,2.0,7,0,112,46,212,7,21352
2025-07-05,argo,com.airbnb.mvrx.todomvrx.core,BaseFragment,navigate,1,0,0.0,0,0.0,1,0,1,0,3,0,1,0,0.0,1,0,1,3,0.0,0,2.0,2,1,0.0,0,0.23809523809523808,0.2857142857142857,68,47,0.0,7,6,5,2,0,9,4,0,1,5,0,2,0,0,4,0,10,1.0,10,1.6666666666666667,7,5,6,0,6,0,1,6,4,0,0,1,0,0,0,7,6,43,968,826,2,0,1,28,2.0,7,0,112,46,212,7,21352
2025-07-05,argo,com.airbnb.mvrx.todomvrx.data.source.db,DatabaseDataSource,getTasks,1,0,0.0,0,0.0,0,2,1,0,1,0,1,0,0.0,1,0,0,4,0.0,0,3.0,0,0,0.0,0,0.0,0.0,13,4,0.0,6,0,5,1,0,6,0,0,0,0,0,0,0,0,0,0,6,0.6,6,1.0,6,5,0,0,5,1,0,5,1,1,0,0,0,0,0,6,6,43,968,826,3,0,0,17,1.0,8,1,129,46,212,6,21352
2025-07-05,argo,com.airbnb.mvrx.todomvrx.data.source.db,DatabaseDataSource,upsertTask,1,0,0.0,1,1.0,0,2,1,0,1,0,1,1,0.0,0,0,0,1,0.0,1,2.0,1,0,0.0,0,0.0,0.0,13,4,0.0,6,0,5,1,0,6,0,0,0,0,0,0,0,0,0,0,6,0.6,6,1.0,6,5,0,0,5,1,0,5,1,1,0,0,0,0,0,6,6,43,968,826,3,0,0,17,1.0,8,1,129,46,212,6,21352
2025-07-05,argo,com.airbnb.mvrx.todomvrx.data.source.db,DatabaseDataSource,setComplete,1,0,0.0,0,0.0,0,2,1,0,1,0,1,1,0.0,1,0,0,1,0.0,1,2.0,2,0,0.0,0,0.0,0.0,13,4,0.0,6,0,5,1,0,6,0,0,0,0,0,0,0,0,0,0,6,0.6,6,1.0,6,5,0,0,5,1,0,5,1,1,0,0,0,0,0,6,6,43,968,826,3,0,0,17,1.0,8,1,129,46,212,6,21352
2025-07-05,argo,com.airbnb.mvrx.todomvrx.data.source.db,DatabaseDataSource,clearCompletedTasks,1,0,0.0,0,0.0,0,2,1,0,1,0,1,1,0.0,1,0,0,1,0.0,1,2.0,0,0,0.0,0,0.0,0.0,13,4,0.0,6,0,5,1,0,6,0,0,0,0,0,0,0,0,0,0,6,0.6,6,1.0,6,5,0,0,5,1,0,5,1,1,0,0,0,0,0,6,6,43,968,826,3,0,0,17,1.0,8,1,129,46,212,6,21352
2025-07-05,argo,com.airbnb.mvrx.todomvrx.data.source.db,DatabaseDataSource,deleteTask,1,0,0.0,0,0.0,0,2,1,0,1,0,1,1,0.0,1,0,0,1,0.0,1,2.0,1,0,0.0,0,0.0,0.0,13,4,0.0,6,0,5,1,0,6,0,0,0,0,0,0,0,0,0,0,6,0.6,6,1.0,6,5,0,0,5,1,0,5,1,1,0,0,0,0,0,6,6,43,968,826,3,0,0,17,1.0,8,1,129,46,212,6,21352
2025-07-05,argo,com.airbnb.mvrx.todomvrx.data.source.db,DatabaseDataSource,fromAction,1,0,0.0,0,0.0,0,2,1,0,1,0,1,0,0.0,1,0,0,9,0.0,0,2.5,1,0,0.0,0,0.0,0.0,13,4,0.0,6,0,5,1,0,6,0,0,0,0,0,0,0,0,0,0,6,0.6,6,1.0,6,5,0,0,5,1,0,5,1,1,0,0,0,0,0,6,6,43,968,826,3,0,0,17,1.0,8,1,129,46,212,6,21352
2025-07-05,argo,com.airbnb.mvrx.todomvrx.util,SimpleCountingIdlingResource,getName,1,0,0.0,0,0.0,0,2,1,0,1,0,1,0,0.0,0,0,0,0,0.0,0,0.0,0,0,0.0,0,0.4,0.6,26,14,0.0,4,2,3,1,0,1,1,0,2,0,0,1,0,0,1,0,6,1.0,6,1.2,5,3,2,0,5,0,0,5,0,1,0,0,0,0,0,5,5,43,968,826,2,0,0,7,1.6,12,0,157,46,212,6,21352
2025-07-05,argo,com.airbnb.mvrx.todomvrx.util,SimpleCountingIdlingResource,isIdleNow,1,0,0.0,1,1.0,0,2,1,0,1,0,1,0,1.0,0,1,0,1,1.0,1,2.0,0,0,0.0,0,0.4,0.6,26,14,0.0,4,2,3,1,0,1,1,0,2,0,0,1,0,0,1,0,6,1.0,6,1.2,5,3,2,0,5,0,0,5,0,1,0,0,0,0,0,5,5,43,968,826,2,0,0,7,1.6,12,0,157,46,212,6,21352
2025-07-05,argo,com.airbnb.mvrx.todomvrx.util,SimpleCountingIdlingResource,registerIdleTransitionCallback,1,0,0.0,0,0.0,0,2,1,0,3,0,1,0,1.0,0,0,0,0,1.0,0,2.0,1,0,0.0,0,0.4,0.6,26,14,0.0,4,2,3,1,0,1,1,0,2,0,0,1,0,0,1,0,6,1.0,6,1.2,5,3,2,0,5,0,0,5,0,1,0,0,0,0,0,5,5,43,968,826,2,0,0,7,1.6,12,0,157,46,212,6,21352
2025-07-05,argo,com.airbnb.mvrx.todomvrx.util,SimpleCountingIdlingResource,increment,1,0,0.0,1,1.0,0,2,1,0,3,0,1,0,1.0,0,1,0,1,1.0,1,2.0,0,0,0.0,0,0.4,0.6,26,14,0.0,4,2,3,1,0,1,1,0,2,0,0,1,0,0,1,0,6,1.0,6,1.2,5,3,2,0,5,0,0,5,0,1,0,0,0,0,0,5,5,43,968,826,2,0,0,7,1.6,12,0,157,46,212,6,21352
2025-07-05,argo,com.airbnb.mvrx.todomvrx.util,SimpleCountingIdlingResource,decrement,4,1,0.0,2,1.0,0,2,1,0,8,1,4,0,1.0,0,2,0,5,2.0,1,2.0,0,0,0.0,0,0.4,0.6,26,14,0.0,4,2,3,1,0,1,1,0,2,0,0,1,0,0,1,0,6,1.0,6,1.2,5,3,2,0,5,0,0,5,0,1,0,0,0,0,0,5,5,43,968,826,2,0,0,7,1.6,12,0,157,46,212,6,21352
2025-07-05,argo,com.airbnb.mvrx.todomvrx.util,ToDoEpoxyController,buildModels,1,0,0.0,0,0.0,0,0,1,0,3,0,1,1,0.0,0,0,1,1,0.0,0,0.0,0,1,0.0,0,0.0,0.0,5,3,0.0,1,0,1,1,0,0,1,0,0,0,0,0,0,0,0,0,1,0.0,1,1.0,1,1,0,0,1,0,0,1,1,1,0,0,0,0,0,1,1,43,968,826,2,0,1,1,1.0,12,0,157,46,212,6,21352
2025-07-05,argo,com.airbnb.mvrx.todomvrx.views,AddEditView,setTitle,1,0,0.0,1,1.0,0,2,1,0,3,0,1,0,0.5,0,1,0,1,1.0,1,2.0,1,0,0.0,0,0.0,1.0,27,0,0.0,2,6,0,1,0,1,2,0,4,0,0,4,0,0,2,0,2,1.0,2,1.0,2,0,6,0,5,0,0,5,0,2,0,0,0,0,0,2,2,43,968,826,8,0,0,2,1.0,6,0,342,46,212,13,21352
2025-07-05,argo,com.airbnb.mvrx.todomvrx.views,AddEditView,setDescription,1,0,0.0,1,1.0,0,2,1,0,3,0,1,0,0.5,0,1,0,1,1.0,1,2.0,1,0,0.0,0,0.0,1.0,27,0,0.0,2,6,0,1,0,1,2,0,4,0,0,4,0,0,2,0,2,1.0,2,1.0,2,0,6,0,5,0,0,5,0,2,0,0,0,0,0,2,2,43,968,826,8,0,0,2,1.0,6,0,342,46,212,13,21352
2025-07-05,argo,com.airbnb.mvrx.todomvrx.views,FullScreenMessageView,setIconRes,1,0,0.0,1,1.0,0,2,1,0,3,0,1,0,0.5,0,1,0,1,1.0,1,2.0,1,0,0.0,0,0.0,0.5,17,0,0.0,2,2,0,1,0,2,1,0,2,0,0,2,0,0,0,0,2,1.0,2,1.0,2,0,2,0,2,0,0,2,0,1,0,0,0,0,0,2,2,43,968,826,8,0,1,1,1.0,6,0,342,46,212,13,21352
2025-07-05,argo,com.airbnb.mvrx.todomvrx.views,FullScreenMessageView,setTitle,1,0,0.0,0,0.0,0,2,1,0,3,0,1,0,0.5,0,1,1,0,1.0,0,2.0,1,0,0.0,0,0.0,0.5,17,0,0.0,2,2,0,1,0,2,1,0,2,0,0,2,0,0,0,0,2,1.0,2,1.0,2,0,2,0,2,0,0,2,0,1,0,0,0,0,0,2,2,43,968,826,8,0,1,1,1.0,6,0,342,46,212,13,21352
2025-07-05,argo,com.airbnb.mvrx.todomvrx.views,Header,setTitle,1,0,0.0,0,0.0,0,1,1,0,3,0,1,0,0.5,0,1,1,0,1.0,0,2.0,1,0,0.0,0,0.0,1.0,11,0,0.0,1,1,0,1,0,1,0,0,1,0,0,1,0,0,0,0,1,0.0,1,1.0,1,0,1,0,1,0,0,1,0,1,0,0,0,0,0,1,1,43,968,826,8,0,1,0,1.0,6,0,342,46,212,13,21352
2025-07-05,argo,com.airbnb.mvrx.todomvrx.views,HorizontalLoader,setLoading,3,0,0.0,1,1.0,0,1,1,0,3,0,3,0,0.5,0,1,0,3,1.0,0,2.0,1,0,0.0,0,0.0,1.0,11,0,0.0,1,1,0,1,0,1,0,0,1,0,0,1,0,0,0,0,1,0.0,1,1.0,1,0,1,0,1,0,0,1,1,1,0,0,0,0,0,1,1,43,968,826,8,0,0,3,3.0,6,0,342,46,212,13,21352
2025-07-05,argo,com.airbnb.mvrx.todomvrx.views,StatisticsView,setStatistic,1,0,0.0,0,0.0,0,1,1,0,3,0,1,0,0.5,0,1,1,0,1.0,0,2.0,1,0,0.0,0,0.0,1.0,11,0,0.0,1,1,0,1,0,1,0,0,1,0,0,1,0,0,0,0,1,0.0,1,1.0,1,0,1,0,1,0,0,1,0,1,0,0,0,0,0,1,1,43,968,826,8,0,1,0,1.0,6,0,342,46,212,13,21352
2025-07-05,argo,com.airbnb.mvrx.todomvrx.views,TaskDetailView,setTask,5,0,0.0,1,1.0,0,1,1,0,7,0,5,0,0.5,0,4,1,6,4.0,0,2.0,1,0,0.0,0,1.0,0.5,25,3,0.0,2,4,0,1,0,2,1,0,4,0,0,4,0,0,0,0,2,1.0,2,1.0,2,0,4,0,2,0,0,2,0,1,0,0,0,0,0,2,2,43,968,826,8,0,1,7,3.0,6,0,342,46,212,13,21352
2025-07-05,argo,com.airbnb.mvrx.todomvrx.views,TaskDetailView,onCheckedChanged,1,0,0.0,1,1.0,0,1,1,0,3,0,1,0,0.5,0,1,0,1,1.0,1,2.0,1,0,0.0,0,1.0,0.5,25,3,0.0,2,4,0,1,0,2,1,0,4,0,0,4,0,0,0,0,2,1.0,2,1.0,2,0,4,0,2,0,0,2,0,1,0,0,0,0,0,2,2,43,968,826,8,0,1,7,3.0,6,0,342,46,212,13,21352
2025-07-05,argo,com.airbnb.mvrx.todomvrx.views,TaskItemView,setTitle,1,0,0.0,0,0.0,0,2,1,0,3,0,1,0,0.5,0,1,1,0,1.0,0,2.0,1,0,0.0,0,0.16666666666666666,0.75,30,8,0.0,4,3,0,1,0,4,2,0,3,0,0,3,0,0,0,0,5,1.0,5,1.25,4,0,3,0,4,0,0,4,0,1,0,0,0,0,0,4,4,43,968,826,8,0,3,6,1.75,6,0,342,46,212,13,21352
2025-07-05,argo,com.airbnb.mvrx.todomvrx.views,TaskItemView,setChecked,2,0,0.0,1,1.0,0,2,1,0,4,0,2,0,0.3333333333333333,0,1,2,2,1.0,0,2.5,1,1,0.0,0,0.16666666666666666,0.75,30,8,0.0,4,3,0,1,0,4,2,0,3,0,0,3,0,0,0,0,5,1.0,5,1.25,4,0,3,0,4,0,0,4,0,1,0,0,0,0,0,4,4,43,968,826,8,0,3,6,1.75,6,0,342,46,212,13,21352
2025-07-05,argo,com.airbnb.mvrx.todomvrx.views,TaskItemView,onCheckedChanged,3,0,0.0,2,1.0,0,2,1,0,5,1,3,0,0.5,0,1,0,3,1.0,1,2.0,1,0,0.0,0,0.16666666666666666,0.75,30,8,0.0,4,3,0,1,0,4,2,0,3,0,0,3,0,0,0,0,5,1.0,5,1.25,4,0,3,0,4,0,0,4,0,1,0,0,0,0,0,4,4,43,968,826,8,0,3,6,1.75,6,0,342,46,212,13,21352
2025-07-05,argo,com.airbnb.mvrx.todomvrx.views,TaskItemView,onClickListener,1,0,0.0,1,1.0,0,2,1,0,3,0,1,0,0.5,0,1,0,1,1.0,1,2.0,1,0,0.0,0,0.16666666666666666,0.75,30,8,0.0,4,3,0,1,0,4,2,0,3,0,0,3,0,0,0,0,5,1.0,5,1.25,4,0,3,0,4,0,0,4,0,1,0,0,0,0,0,4,4,43,968,826,8,0,3,6,1.75,6,0,342,46,212,13,21352
2025-07-05,argo,com.airbnb.mvrx.todomvrx,TasksViewModelTest,setupTasksList,1,0,0.0,0,0.0,0,4,1,0,3,0,1,0,1.0,0,1,1,1,1.0,0,0.0,0,0,0.0,0,1.0,1.0,150,84,0.0,6,3,0,0,0,0,5,0,7,0,0,6,5,5,2,0,19,0.19999999999999996,19,1.9,10,0,3,0,10,0,0,10,0,1,0,0,0,0,0,10,10,43,968,826,16,0,38,124,1.9,28,0,787,46,212,17,21352
2025-07-05,argo,com.airbnb.mvrx.todomvrx,TasksViewModelTest,refreshTasks_success,2,1,0.0,8,0.8889,0,4,1,0,14,1,2,0,1.0,0,3,5,12,3.0,2,2.111111111111111,0,4,0.0,0,1.0,1.0,150,84,0.0,6,3,0,0,0,0,5,0,7,0,0,6,5,5,2,0,19,0.19999999999999996,19,1.9,10,0,3,0,10,0,0,10,0,1,0,0,0,0,0,10,10,43,968,826,16,0,38,124,1.9,28,0,787,46,212,17,21352
2025-07-05,argo,com.airbnb.mvrx.todomvrx,TasksViewModelTest,refreshTasks_failure,2,0,0.0,3,1.0,0,4,1,0,9,1,2,0,1.0,0,3,4,8,3.0,1,2.5,0,3,0.0,0,1.0,1.0,150,84,0.0,6,3,0,0,0,0,5,0,7,0,0,6,5,5,2,0,19,0.19999999999999996,19,1.9,10,0,3,0,10,0,0,10,0,1,0,0,0,0,0,10,10,43,968,826,16,0,38,124,1.9,28,0,787,46,212,17,21352
2025-07-05,argo,com.airbnb.mvrx.todomvrx,TasksViewModelTest,upsertTask_insert,2,0,0.0,5,0.8333,0,4,1,0,15,1,2,0,1.0,0,3,4,14,3.0,1,2.5555555555555554,0,3,0.0,0,1.0,1.0,150,84,0.0,6,3,0,0,0,0,5,0,7,0,0,6,5,5,2,0,19,0.19999999999999996,19,1.9,10,0,3,0,10,0,0,10,0,1,0,0,0,0,0,10,10,43,968,826,16,0,38,124,1.9,28,0,787,46,212,17,21352
2025-07-05,argo,com.airbnb.mvrx.todomvrx,TasksViewModelTest,upsertTask_update,2,1,0.0,6,0.8571,0,4,1,0,16,1,2,0,1.0,0,3,4,18,3.0,1,2.357142857142857,0,3,0.0,0,1.0,1.0,150,84,0.0,6,3,0,0,0,0,5,0,7,0,0,6,5,5,2,0,19,0.19999999999999996,19,1.9,10,0,3,0,10,0,0,10,0,1,0,0,0,0,0,10,10,43,968,826,16,0,38,124,1.9,28,0,787,46,212,17,21352
2025-07-05,argo,com.airbnb.mvrx.todomvrx,TasksViewModelTest,setComplete,2,0,0.0,3,0.8,0,4,1,0,12,1,2,0,1.0,1,3,4,18,3.0,1,2.3846153846153846,0,3,0.0,0,1.0,1.0,150,84,0.0,6,3,0,0,0,0,5,0,7,0,0,6,5,5,2,0,19,0.19999999999999996,19,1.9,10,0,3,0,10,0,0,10,0,1,0,0,0,0,0,10,10,43,968,826,16,0,38,124,1.9,28,0,787,46,212,17,21352
2025-07-05,argo,com.airbnb.mvrx.todomvrx,TasksViewModelTest,setComplete_noTaskInList,2,0,0.0,3,1.0,0,4,1,0,11,1,2,0,1.0,1,3,4,12,3.0,1,2.5,0,3,0.0,0,1.0,1.0,150,84,0.0,6,3,0,0,0,0,5,0,7,0,0,6,5,5,2,0,19,0.19999999999999996,19,1.9,10,0,3,0,10,0,0,10,0,1,0,0,0,0,0,10,10,43,968,826,16,0,38,124,1.9,28,0,787,46,212,17,21352
2025-07-05,argo,com.airbnb.mvrx.todomvrx,TasksViewModelTest,setComplete_taskIsAlreadyCompleted,2,0,0.0,3,1.0,0,4,1,0,11,1,2,0,1.0,1,3,4,12,3.0,1,2.5,0,3,0.0,0,1.0,1.0,150,84,0.0,6,3,0,0,0,0,5,0,7,0,0,6,5,5,2,0,19,0.19999999999999996,19,1.9,10,0,3,0,10,0,0,10,0,1,0,0,0,0,0,10,10,43,968,826,16,0,38,124,1.9,28,0,787,46,212,17,21352
2025-07-05,argo,com.airbnb.mvrx.todomvrx,TasksViewModelTest,clearCompletedTasks,2,0,0.0,3,1.0,0,4,1,0,15,1,2,0,1.0,1,3,4,14,3.0,1,2.6,0,3,0.0,0,1.0,1.0,150,84,0.0,6,3,0,0,0,0,5,0,7,0,0,6,5,5,2,0,19,0.19999999999999996,19,1.9,10,0,3,0,10,0,0,10,0,1,0,0,0,0,0,10,10,43,968,826,16,0,38,124,1.9,28,0,787,46,212,17,21352
2025-07-05,argo,com.airbnb.mvrx.todomvrx,TasksViewModelTest,deleteTask,2,0,0.0,5,0.8,0,4,1,0,15,1,2,0,1.0,1,3,4,15,3.0,0,2.6666666666666665,0,3,0.0,0,1.0,1.0,150,84,0.0,6,3,0,0,0,0,5,0,7,0,0,6,5,5,2,0,19,0.19999999999999996,19,1.9,10,0,3,0,10,0,0,10,0,1,0,0,0,0,0,10,10,43,968,826,16,0,38,124,1.9,28,0,787,46,212,17,21352
2025-07-05,argo,com.airbnb.mvrx.viewbinding,FragmentViewBindingDelegate,getValue,3,1,0.0,4,1.0,0,1,1,0,12,1,3,0,0.7777777777777778,0,2,0,10,0.67,0,2.4444444444444446,2,0,0.0,0,0.0,1.0,28,0,0.0,0,3,1,1,0,3,1,0,3,0,0,2,0,0,1,0,3,0.0,3,3.0,1,1,3,0,1,0,0,1,0,1,0,0,0,0,0,2,2,43,968,826,2,0,0,10,3.0,2,0,101,46,212,1,21352
