Extraction Date,Project,Package,Class,Method,CYCLO_method,NOLV_method,CLNAMM_method,CINT_method,CDISP_method,NOII_type,NOAM_type,NOCS_type,number_constructor_NotDefaultConstructor,LOC_method,MAXNESTING_method,CC_method,NMCS_method,LAA_method,CM_method,NOAV_method,ATFD_method,FANOUT_method,ATLD_method,MaMCL_method,MeMCL_method,NOP_method,FDP_method,CFNAMM_method,Number_Final_Not_Static_Methods,TCC_type,WOC_type,LOC_type,LOCNAMM_type,CFNAMM_type,NOMNAMM_type,NOA_type,NIM_type,DIT_type,NOPA_type,CBO_type,RFC_type,isStatic_type,number_private_visibility_attributes,number_protected_visibility_attributes,number_package_visibility_attributes,num_final_attributes,num_static_attributes,num_final_static_attributes,num_not_final_not_static_attributes,NOC_type,WMC_type,LCOM5_type,WMCNAMM_type,AMW_type,NOM_type,NMO_type,num_final_not_static_attributes,num_static_not_final_attributes,number_public_visibility_methods,number_private_visibility_methods,number_protected_visibility_methods,number_package_visibility_methods,number_standard_design_methods,number_constructor_DefaultConstructor_methods,number_final_methods,number_abstract_methods,number_static_methods,number_final_static_methods,number_not_final_static_methods,number_not_final_not_static_methods,number_not_abstract_not_final_methods,NOI_project,NOM_project,NOMNAMM_project,NOCS_package,isStatic_method,ATFD_type,FANOUT_type,AMWNAMM_type,NOMNAMM_Package,NOI_Package,LOC_package,NOPK_project,NOCS_project,NOM_package,LOC_project
2025-07-04,argo,org.ireader.app,MyApplication,onCreate,1,0,0.0,1,1.0,1,1,1,0,21,0,1,0,0.0,1,0,1,5,0.0,1,2.0,0,1,0.0,0,0.0,0.6666666666666666,42,24,0.0,3,1,3,3,1,3,1,0,0,0,1,1,0,0,0,0,5,1.0,5,1.6666666666666667,3,3,1,0,3,0,0,3,2,1,0,0,0,0,0,3,3,54,1346,1131,4,0,1,22,2.3333333333333335,3,1,373,156,375,3,47840
2025-07-04,argo,org.ireader.app,MyApplication,getPackageName,5,2,0.0,4,1.0,1,1,1,0,12,3,5,0,0.0,1,0,0,16,0.0,1,3.125,0,0,0.0,0,0.0,0.6666666666666666,42,24,0.0,3,1,3,3,1,3,1,0,0,0,1,1,0,0,0,0,5,1.0,5,1.6666666666666667,3,3,1,0,3,0,0,3,2,1,0,0,0,0,0,3,3,54,1346,1131,4,0,1,22,2.3333333333333335,3,1,373,156,375,3,47840
2025-07-04,argo,org.ireader.app,MyApplication,newImageLoader,1,0,0.0,0,0.0,1,1,1,0,3,0,1,0,1.0,1,1,0,1,1.0,1,2.0,1,0,0.0,0,0.0,0.6666666666666666,42,24,0.0,3,1,3,3,1,3,1,0,0,0,1,1,0,0,0,0,5,1.0,5,1.6666666666666667,3,3,1,0,3,0,0,3,2,1,0,0,0,0,0,3,3,54,1346,1131,4,0,1,22,2.3333333333333335,3,1,373,156,375,3,47840
2025-07-04,argo,org.ireader.app.initiators,AppExceptionHandler,uncaughtException,3,3,0.0,2,1.0,0,1,1,0,24,1,3,3,0.07142857142857142,2,1,2,15,0.2,1,2.2666666666666666,2,2,0.0,0,0.0,0.6666666666666666,73,29,0.0,3,2,1,1,0,5,5,0,4,0,0,2,2,2,2,0,5,1.0,5,1.6666666666666667,3,1,2,0,1,2,0,1,0,1,0,0,0,0,0,10,10,54,1346,1131,9,0,5,22,2.0,7,0,407,156,375,11,47840
2025-07-04,argo,org.ireader.app.initiators,AppExceptionHandler,isSameException,2,0,0.0,0,0.0,0,1,1,0,4,1,2,0,0.0,0,0,0,1,0.0,0,2.0,2,0,0.0,0,0.0,0.6666666666666666,73,29,0.0,3,2,1,1,0,5,5,0,4,0,0,2,2,2,2,0,5,1.0,5,1.6666666666666667,3,1,2,0,1,2,0,1,0,1,0,0,0,0,0,10,10,54,1346,1131,9,0,5,22,2.0,7,0,407,156,375,11,47840
2025-07-04,argo,org.ireader.app.initiators,AppExceptionHandler,killThisProcess,1,0,0.0,2,1.0,0,1,1,0,5,0,1,0,0.0,0,0,3,6,0.0,1,3.5,1,3,0.0,0,0.0,0.6666666666666666,73,29,0.0,3,2,1,1,0,5,5,0,4,0,0,2,2,2,2,0,5,1.0,5,1.6666666666666667,3,1,2,0,1,2,0,1,0,1,0,0,0,0,0,10,10,54,1346,1131,9,0,5,22,2.0,7,0,407,156,375,11,47840
2025-07-04,argo,org.ireader.app.initiators,AppInitializers,init,1,0,0.0,0,0.0,0,0,1,0,8,0,1,0,0.0,0,0,6,0,0.0,0,0.0,0,0,0.0,0,0.0,1.0,10,8,0.0,1,0,0,0,0,0,0,0,0,0,0,0,0,0,0,0,1,0.0,1,1.0,1,0,0,0,1,0,0,1,0,1,0,0,0,0,0,1,1,54,1346,1131,9,0,6,0,1.0,7,0,407,156,375,11,47840
2025-07-04,argo,org.ireader.app.initiators,CrashHandler,setupCrashHandler,2,2,0.0,3,1.0,0,1,1,0,9,1,2,0,0.0,0,0,2,6,0.0,1,2.4,0,2,0.0,0,0.0,1.0,17,0,0.0,1,0,0,0,0,0,2,0,0,0,0,0,0,0,0,0,2,0.0,2,2.0,1,0,0,0,0,1,0,0,0,1,0,0,0,0,0,1,1,54,1346,1131,9,0,2,6,2.0,7,0,407,156,375,11,47840
2025-07-04,argo,org.ireader.app.initiators,SecureActivityDelegateImpl,registerSecureActivity,1,0,0.0,1,1.0,2,3,1,0,5,0,1,0,1.0,0,0,0,2,0.67,0,2.3333333333333335,3,0,0.0,0,0.4,0.6666666666666666,41,11,0.0,5,2,3,1,0,5,4,0,2,0,0,0,0,0,2,0,10,1.0,10,1.6666666666666667,6,3,2,0,3,3,0,3,1,1,0,0,0,0,0,6,6,54,1346,1131,9,0,3,32,1.8333333333333333,7,0,407,156,375,11,47840
2025-07-04,argo,org.ireader.app.initiators,SecureActivityDelegateImpl,onCreate,1,0,0.0,0,0.0,2,3,1,0,3,0,1,1,0.0,1,0,1,0,0.0,0,0.0,1,1,0.0,0,0.4,0.6666666666666666,41,11,0.0,5,2,3,1,0,5,4,0,2,0,0,0,0,0,2,0,10,1.0,10,1.6666666666666667,6,3,2,0,3,3,0,3,1,1,0,0,0,0,0,6,6,54,1346,1131,9,0,3,32,1.8333333333333333,7,0,407,156,375,11,47840
2025-07-04,argo,org.ireader.app.initiators,SecureActivityDelegateImpl,onResume,1,0,0.0,0,0.0,2,3,1,0,3,0,1,1,0.0,1,0,1,0,0.0,0,0.0,1,1,0.0,0,0.4,0.6666666666666666,41,11,0.0,5,2,3,1,0,5,4,0,2,0,0,0,0,0,2,0,10,1.0,10,1.6666666666666667,6,3,2,0,3,3,0,3,1,1,0,0,0,0,0,6,6,54,1346,1131,9,0,3,32,1.8333333333333333,7,0,407,156,375,11,47840
2025-07-04,argo,org.ireader.app.initiators,SecureActivityDelegateImpl,setSecureScreen,1,2,0.0,3,1.0,2,3,1,0,5,0,1,0,1.0,1,2,1,12,1.0,2,2.857142857142857,0,1,0.0,0,0.4,0.6666666666666666,41,11,0.0,5,2,3,1,0,5,4,0,2,0,0,0,0,0,2,0,10,1.0,10,1.6666666666666667,6,3,2,0,3,3,0,3,1,1,0,0,0,0,0,6,6,54,1346,1131,9,0,3,32,1.8333333333333333,7,0,407,156,375,11,47840
2025-07-04,argo,org.ireader.app.initiators,SecureActivityDelegateImpl,setAppLock,5,0,0.0,4,0.8,2,3,1,0,10,3,5,0,1.0,1,2,0,9,2.0,2,2.3333333333333335,0,0,0.0,0,0.4,0.6666666666666666,41,11,0.0,5,2,3,1,0,5,4,0,2,0,0,0,0,0,2,0,10,1.0,10,1.6666666666666667,6,3,2,0,3,3,0,3,1,1,0,0,0,0,0,6,6,54,1346,1131,9,0,3,32,1.8333333333333333,7,0,407,156,375,11,47840
2025-07-04,argo,org.ireader.app.initiators,SecureActivityDelegateImpl,isAppLocked,2,0,0.0,2,1.0,2,3,1,0,4,1,2,0,1.0,0,1,0,9,1.0,0,3.0,0,0,0.0,0,0.4,0.6666666666666666,41,11,0.0,5,2,3,1,0,5,4,0,2,0,0,0,0,0,2,0,10,1.0,10,1.6666666666666667,6,3,2,0,3,3,0,3,1,1,0,0,0,0,0,6,6,54,1346,1131,9,0,3,32,1.8333333333333333,7,0,407,156,375,11,47840
2025-07-04,argo,ireader.core.os,PackageInstaller,install,2,4,0.0,13,0.7692,0,0,2,0,20,1,2,5,0.3333333333333333,0,1,0,23,0.17,1,2.5,2,0,0.0,0,1.0,1.0,111,56,0.0,3,1,0,0,0,4,2,0,1,0,0,1,0,0,0,0,5,0.33333333333333337,5,1.6666666666666667,3,0,1,0,2,1,0,2,0,1,0,0,0,0,0,9,9,54,1346,1131,2,0,1,50,3.0,4,0,207,156,375,3,47840
2025-07-04,argo,ireader.core.os,PackageInstaller,uninstall,1,0,1.0,0,0.0,0,0,2,0,3,0,1,1,0.5,1,1,0,1,1.0,1,2.0,1,0,0.0,0,1.0,1.0,111,56,0.0,3,1,0,0,0,4,2,0,1,0,0,1,0,0,0,0,5,0.33333333333333337,5,1.6666666666666667,3,0,1,0,2,1,0,2,0,1,0,0,0,0,0,9,9,54,1346,1131,2,0,1,50,3.0,4,0,207,156,375,3,47840
2025-07-04,argo,ireader.core.os,PackageInstaller,withInstallReceiver,6,6,0.0,11,0.8333,0,0,2,0,33,2,6,0,0.6666666666666666,0,1,1,26,0.14,1,2.25,1,1,0.0,0,1.0,1.0,111,56,0.0,3,1,0,0,0,4,2,0,1,0,0,1,0,0,0,0,5,0.33333333333333337,5,1.6666666666666667,3,0,1,0,2,1,0,2,0,1,0,0,0,0,0,9,9,54,1346,1131,2,0,1,50,3.0,4,0,207,156,375,3,47840
2025-07-04,argo,ireader.core.prefs,PreferenceStoreFactory,create,1,0,0.0,1,1.0,0,0,1,0,3,0,1,0,0.0,0,0,0,3,0.0,0,2.5,1,0,0.0,0,0.0,1.0,5,3,0.0,1,0,0,0,0,2,0,0,1,0,0,1,0,0,0,0,1,0.0,1,1.0,1,0,0,0,1,0,0,1,1,1,0,0,0,0,0,1,1,54,1346,1131,11,0,0,3,1.0,16,3,659,156,375,26,47840
2025-07-04,argo,ireader.core.io,DataUriStringSource,read,2,2,0.0,3,1.0,0,0,1,0,7,1,2,0,0.75,0,2,1,5,0.5,1,2.0,2,0,0.0,0,0.0,0.3333333333333333,31,10,0.0,3,4,3,1,0,3,0,0,4,0,0,3,0,0,1,0,3,1.0,4,1.3333333333333333,3,3,4,0,3,0,0,3,0,1,0,0,0,0,0,3,3,54,1346,1131,3,0,1,5,1.5,21,0,368,156,375,3,47840
2025-07-04,argo,ireader.core.io,DataUriStringSource,timeout,1,0,0.0,0,0.0,0,0,1,0,3,0,1,1,1.0,0,1,0,0,1.0,0,0.0,0,0,0.0,0,0.0,0.3333333333333333,31,10,0.0,3,4,3,1,0,3,0,0,4,0,0,3,0,0,1,0,3,1.0,4,1.3333333333333333,3,3,4,0,3,0,0,3,0,1,0,0,0,0,0,3,3,54,1346,1131,3,0,1,5,1.5,21,0,368,156,375,3,47840
2025-07-04,argo,ireader.core.io,DataUriStringSource,close,0,0,0.0,0,0.0,0,0,1,0,0,0,0,0,0.0,0,0,0,0,0.0,0,0.0,0,0,0.0,0,0.0,0.3333333333333333,31,10,0.0,3,4,3,1,0,3,0,0,4,0,0,3,0,0,1,0,3,1.0,4,1.3333333333333333,3,3,4,0,3,0,0,3,0,1,0,0,0,0,0,3,3,54,1346,1131,3,0,1,5,1.5,21,0,368,156,375,3,47840
2025-07-04,argo,ireader.core.prefs,PrefixedPreferenceStore,getString,1,0,0.0,0,0.0,0,8,1,0,3,0,1,0,0.0,1,0,0,1,0.0,1,2.0,2,0,0.0,0,0.0,1.0,33,0,0.0,8,0,8,1,0,18,0,0,0,0,0,0,0,0,0,0,8,0.0,8,1.0,8,8,0,0,8,0,0,8,0,1,0,0,0,0,0,8,8,54,1346,1131,11,0,0,8,1.0,16,3,659,156,375,26,47840
2025-07-04,argo,ireader.core.prefs,PrefixedPreferenceStore,getLong,1,0,0.0,0,0.0,0,8,1,0,3,0,1,0,0.0,1,0,0,1,0.0,1,2.0,2,0,0.0,0,0.0,1.0,33,0,0.0,8,0,8,1,0,18,0,0,0,0,0,0,0,0,0,0,8,0.0,8,1.0,8,8,0,0,8,0,0,8,0,1,0,0,0,0,0,8,8,54,1346,1131,11,0,0,8,1.0,16,3,659,156,375,26,47840
2025-07-04,argo,ireader.core.prefs,PrefixedPreferenceStore,getInt,1,0,0.0,0,0.0,0,8,1,0,3,0,1,0,0.0,1,0,0,1,0.0,1,2.0,2,0,0.0,0,0.0,1.0,33,0,0.0,8,0,8,1,0,18,0,0,0,0,0,0,0,0,0,0,8,0.0,8,1.0,8,8,0,0,8,0,0,8,0,1,0,0,0,0,0,8,8,54,1346,1131,11,0,0,8,1.0,16,3,659,156,375,26,47840
2025-07-04,argo,ireader.core.prefs,PrefixedPreferenceStore,getFloat,1,0,0.0,0,0.0,0,8,1,0,3,0,1,0,0.0,1,0,0,1,0.0,1,2.0,2,0,0.0,0,0.0,1.0,33,0,0.0,8,0,8,1,0,18,0,0,0,0,0,0,0,0,0,0,8,0.0,8,1.0,8,8,0,0,8,0,0,8,0,1,0,0,0,0,0,8,8,54,1346,1131,11,0,0,8,1.0,16,3,659,156,375,26,47840
2025-07-04,argo,ireader.core.prefs,PrefixedPreferenceStore,getBoolean,1,0,0.0,0,0.0,0,8,1,0,3,0,1,0,0.0,1,0,0,1,0.0,1,2.0,2,0,0.0,0,0.0,1.0,33,0,0.0,8,0,8,1,0,18,0,0,0,0,0,0,0,0,0,0,8,0.0,8,1.0,8,8,0,0,8,0,0,8,0,1,0,0,0,0,0,8,8,54,1346,1131,11,0,0,8,1.0,16,3,659,156,375,26,47840
2025-07-04,argo,ireader.core.prefs,PrefixedPreferenceStore,getStringSet,1,0,0.0,0,0.0,0,8,1,0,3,0,1,0,0.0,1,0,0,1,0.0,1,2.0,2,0,0.0,0,0.0,1.0,33,0,0.0,8,0,8,1,0,18,0,0,0,0,0,0,0,0,0,0,8,0.0,8,1.0,8,8,0,0,8,0,0,8,0,1,0,0,0,0,0,8,8,54,1346,1131,11,0,0,8,1.0,16,3,659,156,375,26,47840
2025-07-04,argo,ireader.core.prefs,PrefixedPreferenceStore,getObject,1,0,0.0,0,0.0,0,8,1,0,3,0,1,0,0.0,1,0,0,1,0.0,1,2.0,4,0,0.0,0,0.0,1.0,33,0,0.0,8,0,8,1,0,18,0,0,0,0,0,0,0,0,0,0,8,0.0,8,1.0,8,8,0,0,8,0,0,8,0,1,0,0,0,0,0,8,8,54,1346,1131,11,0,0,8,1.0,16,3,659,156,375,26,47840
2025-07-04,argo,ireader.core.prefs,PrefixedPreferenceStore,getJsonObject,1,0,0.0,0,0.0,0,8,1,0,3,0,1,0,0.0,1,0,0,1,0.0,1,2.0,4,0,0.0,0,0.0,1.0,33,0,0.0,8,0,8,1,0,18,0,0,0,0,0,0,0,0,0,0,8,0.0,8,1.0,8,8,0,0,8,0,0,8,0,1,0,0,0,0,0,8,8,54,1346,1131,11,0,0,8,1.0,16,3,659,156,375,26,47840
2025-07-04,argo,ireader.core.prefs,StandardPreference,key,1,0,0.0,0,0.0,0,3,1,0,3,0,1,1,0.0,0,0,0,0,0.0,0,0.0,0,0,0.0,0,0.0,0.25,40,18,0.2,8,0,8,1,0,6,2,0,0,0,0,0,0,0,0,0,8,0.8571428571428572,8,1.0,8,8,0,0,8,0,0,8,0,1,0,0,0,0,0,8,8,54,1346,1131,11,0,2,10,1.375,16,3,659,156,375,26,47840
2025-07-04,argo,ireader.core.prefs,StandardPreference,get,3,0,0.0,0,0.0,0,3,1,0,7,0,3,1,0.0,2,0,0,2,0.0,1,2.0,0,0,0.0,0,0.0,0.25,40,18,0.2,8,0,8,1,0,6,2,0,0,0,0,0,0,0,0,0,8,0.8571428571428572,8,1.0,8,8,0,0,8,0,0,8,0,1,0,0,0,0,0,8,8,54,1346,1131,11,0,2,10,1.375,16,3,659,156,375,26,47840
2025-07-04,argo,ireader.core.prefs,StandardPreference,set,1,0,0.0,0,0.0,0,3,1,0,3,0,1,0,0.0,1,0,1,1,0.0,1,2.0,1,1,0.0,0,0.0,0.25,40,18,0.2,8,0,8,1,0,6,2,0,0,0,0,0,0,0,0,0,8,0.8571428571428572,8,1.0,8,8,0,0,8,0,0,8,0,1,0,0,0,0,0,8,8,54,1346,1131,11,0,2,10,1.375,16,3,659,156,375,26,47840
2025-07-04,argo,ireader.core.prefs,StandardPreference,isSet,1,0,0.0,0,0.0,0,3,1,0,3,0,1,1,0.0,1,0,0,2,0.0,0,3.0,0,0,0.0,0,0.0,0.25,40,18,0.2,8,0,8,1,0,6,2,0,0,0,0,0,0,0,0,0,8,0.8571428571428572,8,1.0,8,8,0,0,8,0,0,8,0,1,0,0,0,0,0,8,8,54,1346,1131,11,0,2,10,1.375,16,3,659,156,375,26,47840
2025-07-04,argo,ireader.core.prefs,StandardPreference,delete,1,0,0.0,1,1.0,0,3,1,0,3,0,1,0,0.0,0,0,1,1,0.0,1,2.0,0,1,0.0,0,0.0,0.25,40,18,0.2,8,0,8,1,0,6,2,0,0,0,0,0,0,0,0,0,8,0.8571428571428572,8,1.0,8,8,0,0,8,0,0,8,0,1,0,0,0,0,0,8,8,54,1346,1131,11,0,2,10,1.375,16,3,659,156,375,26,47840
2025-07-04,argo,ireader.core.prefs,StandardPreference,defaultValue,1,0,0.0,0,0.0,0,3,1,0,3,0,1,1,0.0,0,0,0,0,0.0,0,0.0,0,0,0.0,0,0.0,0.25,40,18,0.2,8,0,8,1,0,6,2,0,0,0,0,0,0,0,0,0,8,0.8571428571428572,8,1.0,8,8,0,0,8,0,0,8,0,1,0,0,0,0,0,8,8,54,1346,1131,11,0,2,10,1.375,16,3,659,156,375,26,47840
2025-07-04,argo,ireader.core.prefs,StandardPreference,changes,2,1,0.0,2,1.0,0,3,1,0,6,0,2,0,0.0,1,0,0,2,0.0,1,2.0,0,0,0.0,0,0.0,0.25,40,18,0.2,8,0,8,1,0,6,2,0,0,0,0,0,0,0,0,0,8,0.8571428571428572,8,1.0,8,8,0,0,8,0,0,8,0,1,0,0,0,0,0,8,8,54,1346,1131,11,0,2,10,1.375,16,3,659,156,375,26,47840
2025-07-04,argo,ireader.core.prefs,StandardPreference,stateIn,1,0,1.0,0,0.0,0,3,1,0,3,0,1,2,0.0,3,0,0,2,0.0,0,2.0,1,0,0.0,0,0.0,0.25,40,18,0.2,8,0,8,1,0,6,2,0,0,0,0,0,0,0,0,0,8,0.8571428571428572,8,1.0,8,8,0,0,8,0,0,8,0,1,0,0,0,0,0,8,8,54,1346,1131,11,0,2,10,1.375,16,3,659,156,375,26,47840
2025-07-04,argo,ireader.core.prefs,StandardPreferenceStore,getString,1,0,0.0,0,0.0,0,8,1,0,3,0,1,0,0.0,0,0,0,1,0.0,0,0.0,2,0,0.0,0,0.0,0.25,35,0,0.0,8,0,8,1,0,18,0,0,0,0,0,0,0,0,0,0,8,0.0,8,1.0,8,8,0,0,8,0,0,8,0,1,0,0,0,0,0,8,8,54,1346,1131,11,0,0,10,1.0,16,3,659,156,375,26,47840
2025-07-04,argo,ireader.core.prefs,StandardPreferenceStore,getLong,1,0,0.0,0,0.0,0,8,1,0,3,0,1,0,0.0,0,0,0,1,0.0,0,0.0,2,0,0.0,0,0.0,0.25,35,0,0.0,8,0,8,1,0,18,0,0,0,0,0,0,0,0,0,0,8,0.0,8,1.0,8,8,0,0,8,0,0,8,0,1,0,0,0,0,0,8,8,54,1346,1131,11,0,0,10,1.0,16,3,659,156,375,26,47840
2025-07-04,argo,ireader.core.prefs,StandardPreferenceStore,getInt,1,0,0.0,0,0.0,0,8,1,0,3,0,1,0,0.0,0,0,0,1,0.0,0,0.0,2,0,0.0,0,0.0,0.25,35,0,0.0,8,0,8,1,0,18,0,0,0,0,0,0,0,0,0,0,8,0.0,8,1.0,8,8,0,0,8,0,0,8,0,1,0,0,0,0,0,8,8,54,1346,1131,11,0,0,10,1.0,16,3,659,156,375,26,47840
2025-07-04,argo,ireader.core.prefs,StandardPreferenceStore,getFloat,1,0,0.0,0,0.0,0,8,1,0,3,0,1,0,0.0,0,0,0,1,0.0,0,0.0,2,0,0.0,0,0.0,0.25,35,0,0.0,8,0,8,1,0,18,0,0,0,0,0,0,0,0,0,0,8,0.0,8,1.0,8,8,0,0,8,0,0,8,0,1,0,0,0,0,0,8,8,54,1346,1131,11,0,0,10,1.0,16,3,659,156,375,26,47840
2025-07-04,argo,ireader.core.prefs,StandardPreferenceStore,getBoolean,1,0,0.0,0,0.0,0,8,1,0,3,0,1,0,0.0,0,0,0,1,0.0,0,0.0,2,0,0.0,0,0.0,0.25,35,0,0.0,8,0,8,1,0,18,0,0,0,0,0,0,0,0,0,0,8,0.0,8,1.0,8,8,0,0,8,0,0,8,0,1,0,0,0,0,0,8,8,54,1346,1131,11,0,0,10,1.0,16,3,659,156,375,26,47840
2025-07-04,argo,ireader.core.prefs,StandardPreferenceStore,getStringSet,1,0,0.0,0,0.0,0,8,1,0,3,0,1,0,0.0,0,0,0,1,0.0,0,0.0,2,0,0.0,0,0.0,0.25,35,0,0.0,8,0,8,1,0,18,0,0,0,0,0,0,0,0,0,0,8,0.0,8,1.0,8,8,0,0,8,0,0,8,0,1,0,0,0,0,0,8,8,54,1346,1131,11,0,0,10,1.0,16,3,659,156,375,26,47840
2025-07-04,argo,ireader.core.prefs,StandardPreferenceStore,getObject,1,1,0.0,0,0.0,0,8,1,0,4,0,1,0,0.0,0,0,0,2,0.0,0,0.0,4,0,0.0,0,0.0,0.25,35,0,0.0,8,0,8,1,0,18,0,0,0,0,0,0,0,0,0,0,8,0.0,8,1.0,8,8,0,0,8,0,0,8,0,1,0,0,0,0,0,8,8,54,1346,1131,11,0,0,10,1.0,16,3,659,156,375,26,47840
2025-07-04,argo,ireader.core.prefs,StandardPreferenceStore,getJsonObject,1,1,0.0,0,0.0,0,8,1,0,4,0,1,0,0.0,0,0,0,2,0.0,0,0.0,4,0,0.0,0,0.0,0.25,35,0,0.0,8,0,8,1,0,18,0,0,0,0,0,0,0,0,0,0,8,0.0,8,1.0,8,8,0,0,8,0,0,8,0,1,0,0,0,0,0,8,8,54,1346,1131,11,0,0,10,1.0,16,3,659,156,375,26,47840
2025-07-04,argo,ireader.core.prefs,PreferenceStoreFactory,create,1,0,0.0,1,1.0,0,0,1,0,3,0,1,0,0.5,0,1,0,2,1.0,0,3.0,1,0,0.0,0,0.0,1.0,7,3,0.0,1,1,0,0,0,2,0,0,1,0,0,1,0,0,0,0,1,0.0,1,1.0,1,0,1,0,1,0,0,1,1,1,0,0,0,0,0,1,1,54,1346,1131,11,0,0,2,1.0,16,3,659,156,375,26,47840
2025-07-04,argo,ireader.data.catalog.impl,AndroidCatalogInstallationChanges,notifyAppInstall,1,0,0.0,1,1.0,1,0,2,0,3,0,1,0,0.5,0,1,0,2,1.0,0,3.0,1,0,0.0,0,1.0,0.0,35,6,0.0,2,1,0,1,0,1,1,0,0,0,0,1,0,0,0,0,2,1.0,2,1.0,2,0,1,0,2,0,0,2,0,1,0,0,0,0,0,3,3,54,1346,1131,9,0,0,4,1.0,28,0,959,156,375,30,47840
2025-07-04,argo,ireader.data.catalog.impl,AndroidCatalogInstallationChanges,notifyAppUninstall,1,0,0.0,1,1.0,1,0,2,0,3,0,1,0,0.5,0,1,0,2,1.0,0,3.0,1,0,0.0,0,1.0,0.0,35,6,0.0,2,1,0,1,0,1,1,0,0,0,0,1,0,0,0,0,2,1.0,2,1.0,2,0,1,0,2,0,0,2,0,1,0,0,0,0,0,3,3,54,1346,1131,9,0,0,4,1.0,28,0,959,156,375,30,47840
2025-07-04,argo,ireader.data.catalog.impl,AndroidCatalogInstaller,install,4,7,0.0,13,0.875,0,0,1,0,25,2,4,2,0.2857142857142857,1,1,0,30,0.17,1,2.4,1,0,0.0,0,0.0,1.0,39,34,0.0,2,1,2,1,0,4,0,0,1,0,0,1,0,0,0,0,3,0.0,3,1.5,2,2,1,0,2,0,0,2,0,1,0,0,0,0,0,2,2,54,1346,1131,9,0,0,36,3.5,28,0,959,156,375,30,47840
2025-07-04,argo,ireader.data.catalog.impl,AndroidCatalogInstaller,uninstall,3,1,1.0,2,1.0,0,0,1,0,9,0,3,1,0.0,1,0,0,6,0.0,1,2.6666666666666665,1,0,0.0,0,0.0,1.0,39,34,0.0,2,1,2,1,0,4,0,0,1,0,0,1,0,0,0,0,3,0.0,3,1.5,2,2,1,0,2,0,0,2,0,1,0,0,0,0,0,2,2,54,1346,1131,9,0,0,36,3.5,28,0,959,156,375,30,47840
2025-07-04,argo,ireader.data.catalog.impl,AndroidCatalogLoader,loadAll,9,10,2.0,10,1.0,0,1,2,0,19,1,9,6,1.0,4,1,0,36,0.1,2,2.3142857142857145,0,0,0.0,0,0.10714285714285714,1.0,148,112,0.42857142857142855,8,2,3,1,0,12,0,0,2,0,0,10,8,8,0,0,14,0.4285714285714286,14,1.75,8,3,2,0,3,5,0,3,6,1,0,0,0,0,0,8,8,54,1346,1131,9,0,0,100,3.6666666666666665,28,0,959,156,375,30,47840
2025-07-04,argo,ireader.data.catalog.impl,AndroidCatalogLoader,loadLocalCatalog,6,4,2.0,6,1.0,0,1,2,0,19,1,6,2,0.3333333333333333,2,1,0,12,0.2,2,2.1,1,0,0.0,0,0.10714285714285714,1.0,148,112,0.42857142857142855,8,2,3,1,0,12,0,0,2,0,0,10,8,8,0,0,14,0.4285714285714286,14,1.75,8,3,2,0,3,5,0,3,6,1,0,0,0,0,0,8,8,54,1346,1131,9,0,0,100,3.6666666666666665,28,0,959,156,375,30,47840
2025-07-04,argo,ireader.data.catalog.impl,AndroidCatalogLoader,loadSystemCatalog,5,4,2.0,5,1.0,0,1,2,0,16,0,5,2,0.25,2,1,0,10,0.2,2,2.0,1,0,0.0,0,0.10714285714285714,1.0,148,112,0.42857142857142855,8,2,3,1,0,12,0,0,2,0,0,10,8,8,0,0,14,0.4285714285714286,14,1.75,8,3,2,0,3,5,0,3,6,1,0,0,0,0,0,8,8,54,1346,1131,9,0,0,100,3.6666666666666665,28,0,959,156,375,30,47840
2025-07-04,argo,ireader.data.catalog.impl,AndroidCatalogLoader,loadLocalCatalog,1,4,2.0,2,1.0,0,1,2,0,7,0,1,2,0.0,2,0,0,12,0.0,0,2.090909090909091,3,0,0.0,0,0.10714285714285714,1.0,148,112,0.42857142857142855,8,2,3,1,0,12,0,0,2,0,0,10,8,8,0,0,14,0.4285714285714286,14,1.75,8,3,2,0,3,5,0,3,6,1,0,0,0,0,0,8,8,54,1346,1131,9,0,0,100,3.6666666666666665,28,0,959,156,375,30,47840
2025-07-04,argo,ireader.data.catalog.impl,AndroidCatalogLoader,loadSystemCatalog,1,3,2.0,2,1.0,0,1,2,0,6,0,1,2,0.0,2,0,0,16,0.0,0,2.272727272727273,3,0,0.0,0,0.10714285714285714,1.0,148,112,0.42857142857142855,8,2,3,1,0,12,0,0,2,0,0,10,8,8,0,0,14,0.4285714285714286,14,1.75,8,3,2,0,3,5,0,3,6,1,0,0,0,0,0,8,8,54,1346,1131,9,0,0,100,3.6666666666666665,28,0,959,156,375,30,47840
2025-07-04,argo,ireader.data.catalog.impl,AndroidCatalogLoader,isPackageAnExtension,1,0,0.0,1,1.0,0,1,2,0,3,0,1,0,0.0,0,0,0,4,0.0,0,3.0,1,0,0.0,0,0.10714285714285714,1.0,148,112,0.42857142857142855,8,2,3,1,0,12,0,0,2,0,0,10,8,8,0,0,14,0.4285714285714286,14,1.75,8,3,2,0,3,5,0,3,6,1,0,0,0,0,0,8,8,54,1346,1131,9,0,0,100,3.6666666666666665,28,0,959,156,375,30,47840
2025-07-04,argo,ireader.data.catalog.impl,AndroidCatalogLoader,validateMetadata,7,13,0.0,8,1.0,0,1,2,0,36,1,7,0,0.07142857142857142,1,1,0,20,0.07,2,2.4444444444444446,2,0,0.0,0,0.10714285714285714,1.0,148,112,0.42857142857142855,8,2,3,1,0,12,0,0,2,0,0,10,8,8,0,0,14,0.4285714285714286,14,1.75,8,3,2,0,3,5,0,3,6,1,0,0,0,0,0,8,8,54,1346,1131,9,0,0,100,3.6666666666666665,28,0,959,156,375,30,47840
2025-07-04,argo,ireader.data.catalog.impl,AndroidCatalogLoader,loadSource,3,1,0.0,3,1.0,0,1,2,0,9,0,3,0,0.0,0,0,0,12,0.0,1,3.75,3,0,0.0,0,0.10714285714285714,1.0,148,112,0.42857142857142855,8,2,3,1,0,12,0,0,2,0,0,10,8,8,0,0,14,0.4285714285714286,14,1.75,8,3,2,0,3,5,0,3,6,1,0,0,0,0,0,8,8,54,1346,1131,9,0,0,100,3.6666666666666665,28,0,959,156,375,30,47840
2025-07-04,argo,ireader.data.catalog.impl,AndroidLocalInstaller,savedCatalogLocation,3,3,0.0,3,1.0,0,0,1,0,6,0,3,0,0.0,0,0,0,7,0.0,2,2.6,1,0,0.0,0,0.0,1.0,60,50,0.3333333333333333,3,1,2,1,0,4,0,0,1,0,0,1,0,0,0,0,4,0.0,4,1.3333333333333333,3,2,1,0,2,1,0,2,1,1,0,0,0,0,0,3,3,54,1346,1131,9,0,0,47,3.3333333333333335,28,0,959,156,375,30,47840
2025-07-04,argo,ireader.data.catalog.impl,AndroidLocalInstaller,install,4,10,1.0,12,0.8333,0,0,1,0,32,2,4,3,0.3333333333333333,1,1,0,31,0.11,1,2.392857142857143,1,0,0.0,0,0.0,1.0,60,50,0.3333333333333333,3,1,2,1,0,4,0,0,1,0,0,1,0,0,0,0,4,0.0,4,1.3333333333333333,3,2,1,0,2,1,0,2,1,1,0,0,0,0,0,3,3,54,1346,1131,9,0,0,47,3.3333333333333335,28,0,959,156,375,30,47840
2025-07-04,argo,ireader.data.catalog.impl,AndroidLocalInstaller,uninstall,3,2,1.0,5,1.0,0,0,1,0,12,0,3,1,0.0,0,0,0,9,0.0,1,2.2857142857142856,1,0,0.0,0,0.0,1.0,60,50,0.3333333333333333,3,1,2,1,0,4,0,0,1,0,0,1,0,0,0,0,4,0.0,4,1.3333333333333333,3,2,1,0,2,1,0,2,1,1,0,0,0,0,0,3,3,54,1346,1131,9,0,0,47,3.3333333333333335,28,0,959,156,375,30,47840
2025-07-04,argo,ireader.data.catalog.impl.interactor,InstallCatalogImpl,await,3,0,0.0,2,1.0,0,0,1,0,10,1,3,0,0.0,0,0,0,4,0.0,2,2.5,1,0,0.0,0,0.0,1.0,23,20,0.0,2,0,2,1,0,4,0,0,0,0,0,0,0,0,0,0,2,0.0,2,1.0,2,2,0,0,2,0,0,2,0,1,0,0,0,0,0,2,2,54,1346,1131,2,0,0,1,3.0,3,0,71,156,375,3,47840
2025-07-04,argo,ireader.data.catalog.impl.interactor,InstallCatalogImpl,await,3,0,0.0,0,0.0,0,0,1,0,10,1,3,0,0.0,0,0,0,1,0.0,0,3.0,1,0,0.0,0,0.0,1.0,23,20,0.0,2,0,2,1,0,4,0,0,0,0,0,0,0,0,0,0,2,0.0,2,1.0,2,2,0,0,2,0,0,2,0,1,0,0,0,0,0,2,2,54,1346,1131,2,0,0,1,3.0,3,0,71,156,375,3,47840
2025-07-04,argo,ireader.data.catalog.impl.interactor,UninstallCatalogImpl,await,3,0,0.0,1,1.0,0,0,1,0,10,1,3,0,0.0,0,0,0,4,0.0,0,2.6666666666666665,1,0,0.0,0,0.0,1.0,12,10,0.0,1,0,1,1,0,1,0,0,0,0,0,0,0,0,0,0,2,0.0,2,2.0,1,1,0,0,1,0,0,1,0,1,0,0,0,0,0,1,1,54,1346,1131,2,0,0,4,3.0,3,0,71,156,375,3,47840
2025-07-04,argo,ireader.data.core,AndroidDatabaseHandler,await,1,0,1.0,0,0.0,0,0,1,0,3,0,1,1,0.0,1,0,0,1,0.0,0,0.0,2,0,0.0,0,0.0,0.16666666666666666,58,43,0.5833333333333334,12,1,10,1,1,14,0,0,0,0,1,1,0,0,0,0,14,0.7727272727272727,14,1.1666666666666667,12,10,1,0,11,1,0,11,0,1,0,0,0,0,0,12,12,54,1346,1131,11,0,0,20,1.1666666666666667,51,1,872,156,375,29,47840
2025-07-04,argo,ireader.data.core,AndroidDatabaseHandler,awaitList,1,0,1.0,1,1.0,0,0,1,0,3,0,1,1,0.0,1,0,0,1,0.0,1,2.0,2,0,0.0,0,0.0,0.16666666666666666,58,43,0.5833333333333334,12,1,10,1,1,14,0,0,0,0,1,1,0,0,0,0,14,0.7727272727272727,14,1.1666666666666667,12,10,1,0,11,1,0,11,0,1,0,0,0,0,0,12,12,54,1346,1131,11,0,0,20,1.1666666666666667,51,1,872,156,375,29,47840
2025-07-04,argo,ireader.data.core,AndroidDatabaseHandler,awaitListAsync,1,0,1.0,1,1.0,0,0,1,0,3,0,1,1,0.0,1,0,0,1,0.0,1,2.0,2,0,0.0,0,0.0,0.16666666666666666,58,43,0.5833333333333334,12,1,10,1,1,14,0,0,0,0,1,1,0,0,0,0,14,0.7727272727272727,14,1.1666666666666667,12,10,1,0,11,1,0,11,0,1,0,0,0,0,0,12,12,54,1346,1131,11,0,0,20,1.1666666666666667,51,1,872,156,375,29,47840
2025-07-04,argo,ireader.data.core,AndroidDatabaseHandler,awaitOne,1,0,1.0,1,1.0,0,0,1,0,3,0,1,1,0.0,1,0,0,1,0.0,1,2.0,2,0,0.0,0,0.0,0.16666666666666666,58,43,0.5833333333333334,12,1,10,1,1,14,0,0,0,0,1,1,0,0,0,0,14,0.7727272727272727,14,1.1666666666666667,12,10,1,0,11,1,0,11,0,1,0,0,0,0,0,12,12,54,1346,1131,11,0,0,20,1.1666666666666667,51,1,872,156,375,29,47840
2025-07-04,argo,ireader.data.core,AndroidDatabaseHandler,awaitOneAsync,1,0,1.0,1,1.0,0,0,1,0,3,0,1,1,0.0,1,0,0,1,0.0,1,2.0,2,0,0.0,0,0.0,0.16666666666666666,58,43,0.5833333333333334,12,1,10,1,1,14,0,0,0,0,1,1,0,0,0,0,14,0.7727272727272727,14,1.1666666666666667,12,10,1,0,11,1,0,11,0,1,0,0,0,0,0,12,12,54,1346,1131,11,0,0,20,1.1666666666666667,51,1,872,156,375,29,47840
2025-07-04,argo,ireader.data.core,AndroidDatabaseHandler,awaitOneOrNull,1,0,1.0,1,1.0,0,0,1,0,3,0,1,1,0.0,1,0,0,1,0.0,1,2.0,2,0,0.0,0,0.0,0.16666666666666666,58,43,0.5833333333333334,12,1,10,1,1,14,0,0,0,0,1,1,0,0,0,0,14,0.7727272727272727,14,1.1666666666666667,12,10,1,0,11,1,0,11,0,1,0,0,0,0,0,12,12,54,1346,1131,11,0,0,20,1.1666666666666667,51,1,872,156,375,29,47840
2025-07-04,argo,ireader.data.core,AndroidDatabaseHandler,awaitOneOrNullAsync,1,0,1.0,1,1.0,0,0,1,0,3,0,1,1,0.0,1,0,0,1,0.0,1,2.0,2,0,0.0,0,0.0,0.16666666666666666,58,43,0.5833333333333334,12,1,10,1,1,14,0,0,0,0,1,1,0,0,0,0,14,0.7727272727272727,14,1.1666666666666667,12,10,1,0,11,1,0,11,0,1,0,0,0,0,0,12,12,54,1346,1131,11,0,0,20,1.1666666666666667,51,1,872,156,375,29,47840
2025-07-04,argo,ireader.data.core,AndroidDatabaseHandler,subscribeToList,1,0,0.0,1,1.0,0,0,1,0,3,0,1,0,0.0,0,0,0,2,0.0,2,3.0,1,0,0.0,0,0.0,0.16666666666666666,58,43,0.5833333333333334,12,1,10,1,1,14,0,0,0,0,1,1,0,0,0,0,14,0.7727272727272727,14,1.1666666666666667,12,10,1,0,11,1,0,11,0,1,0,0,0,0,0,12,12,54,1346,1131,11,0,0,20,1.1666666666666667,51,1,872,156,375,29,47840
2025-07-04,argo,ireader.data.core,AndroidDatabaseHandler,subscribeToOne,1,0,0.0,1,1.0,0,0,1,0,3,0,1,0,0.0,0,0,0,2,0.0,2,3.0,1,0,0.0,0,0.0,0.16666666666666666,58,43,0.5833333333333334,12,1,10,1,1,14,0,0,0,0,1,1,0,0,0,0,14,0.7727272727272727,14,1.1666666666666667,12,10,1,0,11,1,0,11,0,1,0,0,0,0,0,12,12,54,1346,1131,11,0,0,20,1.1666666666666667,51,1,872,156,375,29,47840
2025-07-04,argo,ireader.data.core,AndroidDatabaseHandler,subscribeToOneOrNull,1,0,0.0,1,1.0,0,0,1,0,3,0,1,0,0.0,0,0,0,2,0.0,2,3.0,1,0,0.0,0,0.0,0.16666666666666666,58,43,0.5833333333333334,12,1,10,1,1,14,0,0,0,0,1,1,0,0,0,0,14,0.7727272727272727,14,1.1666666666666667,12,10,1,0,11,1,0,11,0,1,0,0,0,0,0,12,12,54,1346,1131,11,0,0,20,1.1666666666666667,51,1,872,156,375,29,47840
2025-07-04,argo,ireader.data.core,AndroidDatabaseHandler,subscribeToPagingSource,1,0,0.0,1,1.0,0,0,1,0,3,0,1,0,0.0,0,0,0,1,0.0,1,2.0,2,0,0.0,0,0.0,0.16666666666666666,58,43,0.5833333333333334,12,1,10,1,1,14,0,0,0,0,1,1,0,0,0,0,14,0.7727272727272727,14,1.1666666666666667,12,10,1,0,11,1,0,11,0,1,0,0,0,0,0,12,12,54,1346,1131,11,0,0,20,1.1666666666666667,51,1,872,156,375,29,47840
2025-07-04,argo,ireader.data.core,AndroidDatabaseHandler,dispatch,3,1,0.0,1,1.0,0,0,1,0,10,1,3,0,0.0,0,0,0,6,0.0,1,2.0,2,0,0.0,0,0.0,0.16666666666666666,58,43,0.5833333333333334,12,1,10,1,1,14,0,0,0,0,1,1,0,0,0,0,14,0.7727272727272727,14,1.1666666666666667,12,10,1,0,11,1,0,11,0,1,0,0,0,0,0,12,12,54,1346,1131,11,0,0,20,1.1666666666666667,51,1,872,156,375,29,47840
2025-07-04,argo,ireader.data.core,DatabaseDriverFactory,create,3,1,0.0,7,0.7143,0,0,1,0,24,0,3,0,0.0,0,0,0,18,0.0,1,2.272727272727273,0,0,0.0,0,0.0,1.0,26,24,0.0,1,0,0,0,0,1,0,0,0,0,0,0,0,0,0,0,1,0.0,1,1.0,1,0,0,0,1,0,0,1,1,1,0,0,0,0,0,4,4,54,1346,1131,11,0,0,18,3.0,51,1,872,156,375,29,47840
2025-07-04,argo,ireader.data.core,QueryPagingSource,load,11,6,0.0,6,0.8333,0,1,1,0,23,2,11,9,0.2,0,1,0,11,0.2,3,2.0,1,0,0.0,0,0.0,0.6666666666666666,50,26,0.0,3,2,3,1,0,4,1,0,1,0,0,1,0,0,1,0,3,1.0,3,1.0,3,3,2,0,3,0,0,3,1,1,0,0,0,0,0,3,3,54,1346,1131,11,0,1,13,4.333333333333333,51,1,872,156,375,29,47840
2025-07-04,argo,ireader.data.core,QueryPagingSource,getRefreshKey,1,1,0.0,1,1.0,0,1,1,0,6,0,1,0,0.0,0,0,0,1,0.0,1,2.25,1,0,0.0,0,0.0,0.6666666666666666,50,26,0.0,3,2,3,1,0,4,1,0,1,0,0,1,0,0,1,0,3,1.0,3,1.0,3,3,2,0,3,0,0,3,1,1,0,0,0,0,0,3,3,54,1346,1131,11,0,1,13,4.333333333333333,51,1,872,156,375,29,47840
2025-07-04,argo,ireader.data.core,QueryPagingSource,queryResultsChanged,1,0,0.0,0,0.0,0,1,1,0,3,0,1,0,0.0,0,0,1,1,0.0,0,0.0,0,1,0.0,0,0.0,0.6666666666666666,50,26,0.0,3,2,3,1,0,4,1,0,1,0,0,1,0,0,1,0,3,1.0,3,1.0,3,3,2,0,3,0,0,3,1,1,0,0,0,0,0,3,3,54,1346,1131,11,0,1,13,4.333333333333333,51,1,872,156,375,29,47840
2025-07-04,argo,ireader.data.book,BookRepositoryImpl,findAllBooks,1,0,0.0,1,1.0,0,0,1,0,3,0,1,0,0.0,1,0,0,2,0.0,0,2.0,0,0,0.0,0,0.0,0.4074074074074074,127,99,0.4074074074074074,27,0,22,1,0,13,2,0,0,0,0,0,0,0,0,0,27,0.6951566951566952,27,1.0,27,22,0,0,26,1,0,26,0,1,0,0,0,0,0,27,27,54,1346,1131,1,0,8,190,1.0833333333333333,27,0,586,156,375,27,47840
2025-07-04,argo,ireader.data.book,BookRepositoryImpl,subscribeBookById,1,0,1.0,1,1.0,0,0,1,0,3,0,1,0,0.0,1,0,0,2,0.0,0,2.0,1,0,0.0,0,0.0,0.4074074074074074,127,99,0.4074074074074074,27,0,22,1,0,13,2,0,0,0,0,0,0,0,0,0,27,0.6951566951566952,27,1.0,27,22,0,0,26,1,0,26,0,1,0,0,0,0,0,27,27,54,1346,1131,1,0,8,190,1.0833333333333333,27,0,586,156,375,27,47840
2025-07-04,argo,ireader.data.book,BookRepositoryImpl,findBookById,1,0,0.0,1,1.0,0,0,1,0,3,0,1,0,0.0,1,0,0,2,0.0,0,2.0,1,0,0.0,0,0.0,0.4074074074074074,127,99,0.4074074074074074,27,0,22,1,0,13,2,0,0,0,0,0,0,0,0,0,27,0.6951566951566952,27,1.0,27,22,0,0,26,1,0,26,0,1,0,0,0,0,0,27,27,54,1346,1131,1,0,8,190,1.0833333333333333,27,0,586,156,375,27,47840
2025-07-04,argo,ireader.data.book,BookRepositoryImpl,find,1,0,0.0,1,1.0,0,0,1,0,3,0,1,0,0.0,0,0,0,2,0.0,0,2.0,2,0,0.0,0,0.0,0.4074074074074074,127,99,0.4074074074074074,27,0,22,1,0,13,2,0,0,0,0,0,0,0,0,0,27,0.6951566951566952,27,1.0,27,22,0,0,26,1,0,26,0,1,0,0,0,0,0,27,27,54,1346,1131,1,0,8,190,1.0833333333333333,27,0,586,156,375,27,47840
2025-07-04,argo,ireader.data.book,BookRepositoryImpl,findAllInLibraryBooks,1,0,0.0,1,1.0,0,0,1,0,3,0,1,0,0.0,0,0,0,2,0.0,0,2.0,3,0,0.0,0,0.0,0.4074074074074074,127,99,0.4074074074074074,27,0,22,1,0,13,2,0,0,0,0,0,0,0,0,0,27,0.6951566951566952,27,1.0,27,22,0,0,26,1,0,26,0,1,0,0,0,0,0,27,27,54,1346,1131,1,0,8,190,1.0833333333333333,27,0,586,156,375,27,47840
2025-07-04,argo,ireader.data.book,BookRepositoryImpl,findBookByKey,1,0,0.0,1,1.0,0,0,1,0,3,0,1,0,0.0,1,0,0,2,0.0,0,2.0,1,0,0.0,0,0.0,0.4074074074074074,127,99,0.4074074074074074,27,0,22,1,0,13,2,0,0,0,0,0,0,0,0,0,27,0.6951566951566952,27,1.0,27,22,0,0,26,1,0,26,0,1,0,0,0,0,0,27,27,54,1346,1131,1,0,8,190,1.0833333333333333,27,0,586,156,375,27,47840
2025-07-04,argo,ireader.data.book,BookRepositoryImpl,findBooksByKey,1,0,1.0,1,1.0,0,0,1,0,3,0,1,0,0.0,1,0,0,2,0.0,0,2.0,1,0,0.0,0,0.0,0.4074074074074074,127,99,0.4074074074074074,27,0,22,1,0,13,2,0,0,0,0,0,0,0,0,0,27,0.6951566951566952,27,1.0,27,22,0,0,26,1,0,26,0,1,0,0,0,0,0,27,27,54,1346,1131,1,0,8,190,1.0833333333333333,27,0,586,156,375,27,47840
2025-07-04,argo,ireader.data.book,BookRepositoryImpl,subscribeBooksByKey,1,0,1.0,1,1.0,0,0,1,0,3,0,1,0,0.0,1,0,0,2,0.0,0,2.0,2,0,0.0,0,0.0,0.4074074074074074,127,99,0.4074074074074074,27,0,22,1,0,13,2,0,0,0,0,0,0,0,0,0,27,0.6951566951566952,27,1.0,27,22,0,0,26,1,0,26,0,1,0,0,0,0,0,27,27,54,1346,1131,1,0,8,190,1.0833333333333333,27,0,586,156,375,27,47840
2025-07-04,argo,ireader.data.book,BookRepositoryImpl,deleteBooks,1,0,0.0,1,1.0,0,0,1,0,3,0,1,0,0.0,0,0,0,3,0.0,0,2.5,1,0,0.0,0,0.0,0.4074074074074074,127,99,0.4074074074074074,27,0,22,1,0,13,2,0,0,0,0,0,0,0,0,0,27,0.6951566951566952,27,1.0,27,22,0,0,26,1,0,26,0,1,0,0,0,0,0,27,27,54,1346,1131,1,0,8,190,1.0833333333333333,27,0,586,156,375,27,47840
2025-07-04,argo,ireader.data.book,BookRepositoryImpl,insertBooksAndChapters,1,0,1.0,0,0.0,0,0,1,0,3,0,1,3,0.0,1,0,1,0,0.0,0,0.0,2,1,0.0,0,0.0,0.4074074074074074,127,99,0.4074074074074074,27,0,22,1,0,13,2,0,0,0,0,0,0,0,0,0,27,0.6951566951566952,27,1.0,27,22,0,0,26,1,0,26,0,1,0,0,0,0,0,27,27,54,1346,1131,1,0,8,190,1.0833333333333333,27,0,586,156,375,27,47840
2025-07-04,argo,ireader.data.book,BookRepositoryImpl,deleteBookById,1,0,0.0,1,1.0,0,0,1,0,3,0,1,0,0.0,0,0,1,2,0.0,0,2.0,1,1,0.0,0,0.0,0.4074074074074074,127,99,0.4074074074074074,27,0,22,1,0,13,2,0,0,0,0,0,0,0,0,0,27,0.6951566951566952,27,1.0,27,22,0,0,26,1,0,26,0,1,0,0,0,0,0,27,27,54,1346,1131,1,0,8,190,1.0833333333333333,27,0,586,156,375,27,47840
2025-07-04,argo,ireader.data.book,BookRepositoryImpl,findDuplicateBook,1,0,0.0,1,1.0,0,0,1,0,3,0,1,0,0.0,0,0,0,4,0.0,0,3.0,2,0,0.0,0,0.0,0.4074074074074074,127,99,0.4074074074074074,27,0,22,1,0,13,2,0,0,0,0,0,0,0,0,0,27,0.6951566951566952,27,1.0,27,22,0,0,26,1,0,26,0,1,0,0,0,0,0,27,27,54,1346,1131,1,0,8,190,1.0833333333333333,27,0,586,156,375,27,47840
2025-07-04,argo,ireader.data.book,BookRepositoryImpl,deleteAllBooks,1,0,0.0,1,1.0,0,0,1,0,3,0,1,0,0.0,0,0,1,2,0.0,0,2.0,0,1,0.0,0,0.0,0.4074074074074074,127,99,0.4074074074074074,27,0,22,1,0,13,2,0,0,0,0,0,0,0,0,0,27,0.6951566951566952,27,1.0,27,22,0,0,26,1,0,26,0,1,0,0,0,0,0,27,27,54,1346,1131,1,0,8,190,1.0833333333333333,27,0,586,156,375,27,47840
2025-07-04,argo,ireader.data.book,BookRepositoryImpl,deleteNotInLibraryBooks,1,0,0.0,1,1.0,0,0,1,0,3,0,1,0,0.0,1,0,1,2,0.0,0,2.0,0,1,0.0,0,0.0,0.4074074074074074,127,99,0.4074074074074074,27,0,22,1,0,13,2,0,0,0,0,0,0,0,0,0,27,0.6951566951566952,27,1.0,27,22,0,0,26,1,0,26,0,1,0,0,0,0,0,27,27,54,1346,1131,1,0,8,190,1.0833333333333333,27,0,586,156,375,27,47840
2025-07-04,argo,ireader.data.book,BookRepositoryImpl,updateBook,1,0,0.0,1,1.0,0,0,1,0,3,0,1,0,0.0,0,0,0,18,0.0,0,2.0588235294117645,1,0,0.0,0,0.0,0.4074074074074074,127,99,0.4074074074074074,27,0,22,1,0,13,2,0,0,0,0,0,0,0,0,0,27,0.6951566951566952,27,1.0,27,22,0,0,26,1,0,26,0,1,0,0,0,0,0,27,27,54,1346,1131,1,0,8,190,1.0833333333333333,27,0,586,156,375,27,47840
2025-07-04,argo,ireader.data.book,BookRepositoryImpl,updateBook,1,0,0.0,1,1.0,0,0,1,0,3,0,1,5,0.0,2,0,0,2,0.0,0,2.0,2,0,0.0,0,0.0,0.4074074074074074,127,99,0.4074074074074074,27,0,22,1,0,13,2,0,0,0,0,0,0,0,0,0,27,0.6951566951566952,27,1.0,27,22,0,0,26,1,0,26,0,1,0,0,0,0,0,27,27,54,1346,1131,1,0,8,190,1.0833333333333333,27,0,586,156,375,27,47840
2025-07-04,argo,ireader.data.book,BookRepositoryImpl,updateBook,1,0,0.0,1,1.0,0,0,1,0,3,0,1,0,0.0,0,0,0,19,0.0,0,2.0555555555555554,1,0,0.0,0,0.0,0.4074074074074074,127,99,0.4074074074074074,27,0,22,1,0,13,2,0,0,0,0,0,0,0,0,0,27,0.6951566951566952,27,1.0,27,22,0,0,26,1,0,26,0,1,0,0,0,0,0,27,27,54,1346,1131,1,0,8,190,1.0833333333333333,27,0,586,156,375,27,47840
2025-07-04,argo,ireader.data.book,BookRepositoryImpl,insert,1,0,1.0,2,1.0,0,0,1,0,6,0,1,0,0.0,1,0,0,20,0.0,1,2.0526315789473686,1,0,0.0,0,0.0,0.4074074074074074,127,99,0.4074074074074074,27,0,22,1,0,13,2,0,0,0,0,0,0,0,0,0,27,0.6951566951566952,27,1.0,27,22,0,0,26,1,0,26,0,1,0,0,0,0,0,27,27,54,1346,1131,1,0,8,190,1.0833333333333333,27,0,586,156,375,27,47840
2025-07-04,argo,ireader.data.book,BookRepositoryImpl,upsert,3,0,2.0,3,1.0,0,0,1,0,12,0,3,4,0.0,5,0,0,21,0.0,1,2.0476190476190474,1,0,0.0,0,0.0,0.4074074074074074,127,99,0.4074074074074074,27,0,22,1,0,13,2,0,0,0,0,0,0,0,0,0,27,0.6951566951566952,27,1.0,27,22,0,0,26,1,0,26,0,1,0,0,0,0,0,27,27,54,1346,1131,1,0,8,190,1.0833333333333333,27,0,586,156,375,27,47840
2025-07-04,argo,ireader.data.book,BookRepositoryImpl,updatePartial,1,0,1.0,2,1.0,0,0,1,0,6,0,1,0,0.0,1,0,0,20,0.0,1,2.0526315789473686,1,0,0.0,0,0.0,0.4074074074074074,127,99,0.4074074074074074,27,0,22,1,0,13,2,0,0,0,0,0,0,0,0,0,27,0.6951566951566952,27,1.0,27,22,0,0,26,1,0,26,0,1,0,0,0,0,0,27,27,54,1346,1131,1,0,8,190,1.0833333333333333,27,0,586,156,375,27,47840
2025-07-04,argo,ireader.data.book,BookRepositoryImpl,insertBooks,1,0,1.0,2,1.0,0,0,1,0,6,0,1,0,0.0,1,0,0,20,0.0,1,2.0526315789473686,1,0,0.0,0,0.0,0.4074074074074074,127,99,0.4074074074074074,27,0,22,1,0,13,2,0,0,0,0,0,0,0,0,0,27,0.6951566951566952,27,1.0,27,22,0,0,26,1,0,26,0,1,0,0,0,0,0,27,27,54,1346,1131,1,0,8,190,1.0833333333333333,27,0,586,156,375,27,47840
2025-07-04,argo,ireader.data.book,BookRepositoryImpl,delete,1,0,0.0,1,1.0,0,0,1,0,3,0,1,0,0.0,0,0,1,2,0.0,0,2.0,1,1,0.0,0,0.0,0.4074074074074074,127,99,0.4074074074074074,27,0,22,1,0,13,2,0,0,0,0,0,0,0,0,0,27,0.6951566951566952,27,1.0,27,22,0,0,26,1,0,26,0,1,0,0,0,0,0,27,27,54,1346,1131,1,0,8,190,1.0833333333333333,27,0,586,156,375,27,47840
2025-07-04,argo,ireader.data.book,BookRepositoryImpl,findFavoriteSourceIds,1,0,0.0,1,1.0,0,0,1,0,3,0,1,0,0.0,0,0,0,2,0.0,0,2.0,0,0,0.0,0,0.0,0.4074074074074074,127,99,0.4074074074074074,27,0,22,1,0,13,2,0,0,0,0,0,0,0,0,0,27,0.6951566951566952,27,1.0,27,22,0,0,26,1,0,26,0,1,0,0,0,0,0,27,27,54,1346,1131,1,0,8,190,1.0833333333333333,27,0,586,156,375,27,47840
2025-07-04,argo,ireader.data.book,BookRepositoryImpl,insertBooksOperation,1,0,1.0,1,1.0,0,0,1,0,3,0,1,0,0.0,1,0,1,19,0.0,0,2.0555555555555554,1,1,0.0,0,0.0,0.4074074074074074,127,99,0.4074074074074074,27,0,22,1,0,13,2,0,0,0,0,0,0,0,0,0,27,0.6951566951566952,27,1.0,27,22,0,0,26,1,0,26,0,1,0,0,0,0,0,27,27,54,1346,1131,1,0,8,190,1.0833333333333333,27,0,586,156,375,27,47840
2025-07-04,argo,ireader.data.book,BookRepositoryImpl,insertBookOperation,1,0,1.0,1,1.0,0,0,1,0,3,0,1,0,0.0,1,0,1,19,0.0,0,2.0555555555555554,1,1,0.0,0,0.0,0.4074074074074074,127,99,0.4074074074074074,27,0,22,1,0,13,2,0,0,0,0,0,0,0,0,0,27,0.6951566951566952,27,1.0,27,22,0,0,26,1,0,26,0,1,0,0,0,0,0,27,27,54,1346,1131,1,0,8,190,1.0833333333333333,27,0,586,156,375,27,47840
2025-07-04,argo,ireader.data.book,BookRepositoryImpl,updateBooksOperation,1,0,0.0,1,1.0,0,0,1,0,3,0,1,0,0.0,0,0,1,19,0.0,0,2.0555555555555554,1,1,0.0,0,0.0,0.4074074074074074,127,99,0.4074074074074074,27,0,22,1,0,13,2,0,0,0,0,0,0,0,0,0,27,0.6951566951566952,27,1.0,27,22,0,0,26,1,0,26,0,1,0,0,0,0,0,27,27,54,1346,1131,1,0,8,190,1.0833333333333333,27,0,586,156,375,27,47840
2025-07-04,argo,ireader.data.book,BookRepositoryImpl,updateBooksOperation,1,0,0.0,1,1.0,0,0,1,0,3,0,1,0,0.0,0,0,1,19,0.0,0,2.0555555555555554,1,1,0.0,0,0.0,0.4074074074074074,127,99,0.4074074074074074,27,0,22,1,0,13,2,0,0,0,0,0,0,0,0,0,27,0.6951566951566952,27,1.0,27,22,0,0,26,1,0,26,0,1,0,0,0,0,0,27,27,54,1346,1131,1,0,8,190,1.0833333333333333,27,0,586,156,375,27,47840
2025-07-04,argo,ireader.data.catalog,CatalogGithubApi,fetchCatalogs,2,7,0.0,6,1.0,0,0,2,0,15,1,2,0,1.0,0,1,0,29,0.17,1,2.4761904761904763,0,0,0.0,0,0.0,1.0,21,15,0.0,1,1,1,1,0,1,0,0,1,0,0,1,0,0,0,0,2,0.0,2,2.0,1,1,1,0,1,0,0,1,0,1,0,0,0,0,0,1,1,54,1346,1131,2,0,0,29,2.0,4,0,160,156,375,6,47840
2025-07-04,argo,ireader.data.catalog,CatalogRemoteRepositoryImpl,getRemoteCatalogs,1,0,0.0,1,1.0,0,2,1,0,3,0,1,0,0.0,0,0,0,2,0.0,0,2.0,0,0,0.0,0,0.0,0.2,23,11,0.3333333333333333,5,0,4,1,0,3,2,0,0,0,0,0,0,0,0,0,5,0.9,5,1.0,5,4,0,0,4,1,0,4,0,1,0,0,0,0,0,5,5,54,1346,1131,2,0,2,23,1.2,4,0,160,156,375,6,47840
2025-07-04,argo,ireader.data.catalog,CatalogRemoteRepositoryImpl,getRemoteCatalogsFlow,1,0,0.0,1,1.0,0,2,1,0,3,0,1,0,0.0,0,0,0,2,0.0,0,2.0,0,0,0.0,0,0.0,0.2,23,11,0.3333333333333333,5,0,4,1,0,3,2,0,0,0,0,0,0,0,0,0,5,0.9,5,1.0,5,4,0,0,4,1,0,4,0,1,0,0,0,0,0,5,5,54,1346,1131,2,0,2,23,1.2,4,0,160,156,375,6,47840
2025-07-04,argo,ireader.data.catalog,CatalogRemoteRepositoryImpl,insertRemoteCatalogs,2,0,1.0,2,1.0,0,2,1,0,5,0,2,1,0.0,1,0,0,5,0.0,1,2.0,1,0,0.0,0,0.0,0.2,23,11,0.3333333333333333,5,0,4,1,0,3,2,0,0,0,0,0,0,0,0,0,5,0.9,5,1.0,5,4,0,0,4,1,0,4,0,1,0,0,0,0,0,5,5,54,1346,1131,2,0,2,23,1.2,4,0,160,156,375,6,47840
2025-07-04,argo,ireader.data.catalog,CatalogRemoteRepositoryImpl,deleteAllRemoteCatalogs,1,0,0.0,1,1.0,0,2,1,0,3,0,1,0,0.0,0,0,1,2,0.0,0,2.0,0,1,0.0,0,0.0,0.2,23,11,0.3333333333333333,5,0,4,1,0,3,2,0,0,0,0,0,0,0,0,0,5,0.9,5,1.0,5,4,0,0,4,1,0,4,0,1,0,0,0,0,0,5,5,54,1346,1131,2,0,2,23,1.2,4,0,160,156,375,6,47840
2025-07-04,argo,ireader.data.catalog,CatalogRemoteRepositoryImpl,insertBlocking,1,0,0.0,1,1.0,0,2,1,0,3,0,1,0,0.0,0,0,1,12,0.0,0,2.090909090909091,1,1,0.0,0,0.0,0.2,23,11,0.3333333333333333,5,0,4,1,0,3,2,0,0,0,0,0,0,0,0,0,5,0.9,5,1.0,5,4,0,0,4,1,0,4,0,1,0,0,0,0,0,5,5,54,1346,1131,2,0,2,23,1.2,4,0,160,156,375,6,47840
2025-07-04,argo,ireader.data.catalogrepository,CatalogSourceRepositoryImpl,subscribe,1,0,0.0,1,1.0,0,0,1,0,3,0,1,0,0.0,0,0,0,2,0.0,0,2.0,0,0,0.0,0,0.0,0.0,17,12,0.0,4,0,4,1,0,4,1,0,0,0,0,0,0,0,0,0,4,0.8333333333333334,4,1.0,4,4,0,0,4,0,0,4,0,1,0,0,0,0,0,4,4,54,1346,1131,1,0,2,15,1.0,4,0,72,156,375,4,47840
2025-07-04,argo,ireader.data.catalogrepository,CatalogSourceRepositoryImpl,find,1,0,0.0,1,1.0,0,0,1,0,3,0,1,0,0.0,1,0,0,2,0.0,0,2.0,1,0,0.0,0,0.0,0.0,17,12,0.0,4,0,4,1,0,4,1,0,0,0,0,0,0,0,0,0,4,0.8333333333333334,4,1.0,4,4,0,0,4,0,0,4,0,1,0,0,0,0,0,4,4,54,1346,1131,1,0,2,15,1.0,4,0,72,156,375,4,47840
2025-07-04,argo,ireader.data.catalogrepository,CatalogSourceRepositoryImpl,insert,1,0,0.0,1,1.0,0,0,1,0,3,0,1,0,0.0,1,0,1,8,0.0,0,2.142857142857143,1,1,0.0,0,0.0,0.0,17,12,0.0,4,0,4,1,0,4,1,0,0,0,0,0,0,0,0,0,4,0.8333333333333334,4,1.0,4,4,0,0,4,0,0,4,0,1,0,0,0,0,0,4,4,54,1346,1131,1,0,2,15,1.0,4,0,72,156,375,4,47840
2025-07-04,argo,ireader.data.catalogrepository,CatalogSourceRepositoryImpl,delete,1,0,0.0,1,1.0,0,0,1,0,3,0,1,0,0.0,1,0,1,3,0.0,0,2.5,1,1,0.0,0,0.0,0.0,17,12,0.0,4,0,4,1,0,4,1,0,0,0,0,0,0,0,0,0,4,0.8333333333333334,4,1.0,4,4,0,0,4,0,0,4,0,1,0,0,0,0,0,4,4,54,1346,1131,1,0,2,15,1.0,4,0,72,156,375,4,47840
2025-07-04,argo,ireader.data.category,BookCategoryRepositoryImpl,subscribeAll,1,0,1.0,1,1.0,0,0,1,0,3,0,1,0,0.0,1,0,0,2,0.0,0,2.5,0,0,0.0,0,0.0,0.2857142857142857,29,21,0.2857142857142857,7,0,7,1,0,4,0,0,0,0,0,0,0,0,0,0,7,0.7619047619047619,7,1.0,7,7,0,0,7,0,0,7,0,1,0,0,0,0,0,7,7,54,1346,1131,2,0,0,17,1.0,17,0,206,156,375,22,47840
2025-07-04,argo,ireader.data.category,BookCategoryRepositoryImpl,findAll,1,0,0.0,1,1.0,0,0,1,0,3,0,1,0,0.0,1,0,0,2,0.0,0,2.0,0,0,0.0,0,0.0,0.2857142857142857,29,21,0.2857142857142857,7,0,7,1,0,4,0,0,0,0,0,0,0,0,0,0,7,0.7619047619047619,7,1.0,7,7,0,0,7,0,0,7,0,1,0,0,0,0,0,7,7,54,1346,1131,2,0,0,17,1.0,17,0,206,156,375,22,47840
2025-07-04,argo,ireader.data.category,BookCategoryRepositoryImpl,insert,1,0,0.0,1,1.0,0,0,1,0,3,0,1,0,0.0,1,0,0,4,0.0,0,2.3333333333333335,1,0,0.0,0,0.0,0.2857142857142857,29,21,0.2857142857142857,7,0,7,1,0,4,0,0,0,0,0,0,0,0,0,0,7,0.7619047619047619,7,1.0,7,7,0,0,7,0,0,7,0,1,0,0,0,0,0,7,7,54,1346,1131,2,0,0,17,1.0,17,0,206,156,375,22,47840
2025-07-04,argo,ireader.data.category,BookCategoryRepositoryImpl,insertAll,1,0,1.0,1,1.0,0,0,1,0,3,0,1,0,0.0,1,0,0,5,0.0,0,2.25,1,0,0.0,0,0.0,0.2857142857142857,29,21,0.2857142857142857,7,0,7,1,0,4,0,0,0,0,0,0,0,0,0,0,7,0.7619047619047619,7,1.0,7,7,0,0,7,0,0,7,0,1,0,0,0,0,0,7,7,54,1346,1131,2,0,0,17,1.0,17,0,206,156,375,22,47840
2025-07-04,argo,ireader.data.category,BookCategoryRepositoryImpl,delete,1,0,0.0,1,1.0,0,0,1,0,3,0,1,0,0.0,0,0,0,4,0.0,0,2.3333333333333335,1,0,0.0,0,0.0,0.2857142857142857,29,21,0.2857142857142857,7,0,7,1,0,4,0,0,0,0,0,0,0,0,0,0,7,0.7619047619047619,7,1.0,7,7,0,0,7,0,0,7,0,1,0,0,0,0,0,7,7,54,1346,1131,2,0,0,17,1.0,17,0,206,156,375,22,47840
2025-07-04,argo,ireader.data.category,BookCategoryRepositoryImpl,delete,1,0,0.0,1,1.0,0,0,1,0,3,0,1,0,0.0,0,0,0,2,0.0,0,2.0,1,0,0.0,0,0.0,0.2857142857142857,29,21,0.2857142857142857,7,0,7,1,0,4,0,0,0,0,0,0,0,0,0,0,7,0.7619047619047619,7,1.0,7,7,0,0,7,0,0,7,0,1,0,0,0,0,0,7,7,54,1346,1131,2,0,0,17,1.0,17,0,206,156,375,22,47840
2025-07-04,argo,ireader.data.category,BookCategoryRepositoryImpl,deleteAll,1,0,0.0,1,1.0,0,0,1,0,3,0,1,0,0.0,1,0,0,2,0.0,0,2.0,1,0,0.0,0,0.0,0.2857142857142857,29,21,0.2857142857142857,7,0,7,1,0,4,0,0,0,0,0,0,0,0,0,0,7,0.7619047619047619,7,1.0,7,7,0,0,7,0,0,7,0,1,0,0,0,0,0,7,7,54,1346,1131,2,0,0,17,1.0,17,0,206,156,375,22,47840
2025-07-04,argo,ireader.data.category,CategoryRepositoryImpl,subscribe,1,0,0.0,1,1.0,0,5,1,0,3,0,1,0,0.0,0,0,0,2,0.0,0,2.5,0,0,0.0,0,0.0,0.3333333333333333,65,34,0.2,15,0,14,1,0,10,2,0,0,0,0,0,0,0,0,0,15,0.7619047619047619,15,1.0,15,14,0,0,14,1,0,14,0,1,0,0,0,0,0,15,15,54,1346,1131,2,0,6,31,1.1538461538461537,17,0,206,156,375,22,47840
2025-07-04,argo,ireader.data.category,CategoryRepositoryImpl,findAll,1,0,0.0,1,1.0,0,5,1,0,3,0,1,0,0.0,0,0,0,2,0.0,0,2.5,0,0,0.0,0,0.0,0.3333333333333333,65,34,0.2,15,0,14,1,0,10,2,0,0,0,0,0,0,0,0,0,15,0.7619047619047619,15,1.0,15,14,0,0,14,1,0,14,0,1,0,0,0,0,0,15,15,54,1346,1131,2,0,6,31,1.1538461538461537,17,0,206,156,375,22,47840
2025-07-04,argo,ireader.data.category,CategoryRepositoryImpl,get,1,0,0.0,1,1.0,0,5,1,0,3,0,1,0,0.0,0,0,0,2,0.0,0,2.0,1,0,0.0,0,0.0,0.3333333333333333,65,34,0.2,15,0,14,1,0,10,2,0,0,0,0,0,0,0,0,0,15,0.7619047619047619,15,1.0,15,14,0,0,14,1,0,14,0,1,0,0,0,0,0,15,15,54,1346,1131,2,0,6,31,1.1538461538461537,17,0,206,156,375,22,47840
2025-07-04,argo,ireader.data.category,CategoryRepositoryImpl,getAll,1,0,0.0,1,1.0,0,5,1,0,3,0,1,0,0.0,0,0,0,2,0.0,0,2.0,0,0,0.0,0,0.0,0.3333333333333333,65,34,0.2,15,0,14,1,0,10,2,0,0,0,0,0,0,0,0,0,15,0.7619047619047619,15,1.0,15,14,0,0,14,1,0,14,0,1,0,0,0,0,0,15,15,54,1346,1131,2,0,6,31,1.1538461538461537,17,0,206,156,375,22,47840
2025-07-04,argo,ireader.data.category,CategoryRepositoryImpl,getAllAsFlow,1,0,0.0,1,1.0,0,5,1,0,3,0,1,0,0.0,0,0,0,2,0.0,0,2.0,0,0,0.0,0,0.0,0.3333333333333333,65,34,0.2,15,0,14,1,0,10,2,0,0,0,0,0,0,0,0,0,15,0.7619047619047619,15,1.0,15,14,0,0,14,1,0,14,0,1,0,0,0,0,0,15,15,54,1346,1131,2,0,6,31,1.1538461538461537,17,0,206,156,375,22,47840
2025-07-04,argo,ireader.data.category,CategoryRepositoryImpl,getCategoriesByMangaId,1,0,0.0,1,1.0,0,5,1,0,3,0,1,0,0.0,1,0,0,2,0.0,0,2.0,1,0,0.0,0,0.0,0.3333333333333333,65,34,0.2,15,0,14,1,0,10,2,0,0,0,0,0,0,0,0,0,15,0.7619047619047619,15,1.0,15,14,0,0,14,1,0,14,0,1,0,0,0,0,0,15,15,54,1346,1131,2,0,6,31,1.1538461538461537,17,0,206,156,375,22,47840
2025-07-04,argo,ireader.data.category,CategoryRepositoryImpl,getCategoriesByMangaIdAsFlow,1,0,0.0,1,1.0,0,5,1,0,3,0,1,0,0.0,1,0,0,2,0.0,0,2.0,1,0,0.0,0,0.0,0.3333333333333333,65,34,0.2,15,0,14,1,0,10,2,0,0,0,0,0,0,0,0,0,15,0.7619047619047619,15,1.0,15,14,0,0,14,1,0,14,0,1,0,0,0,0,0,15,15,54,1346,1131,2,0,6,31,1.1538461538461537,17,0,206,156,375,22,47840
2025-07-04,argo,ireader.data.category,CategoryRepositoryImpl,insert,1,0,0.0,1,1.0,0,5,1,0,3,0,1,0,0.0,2,0,1,5,0.0,0,2.0,1,1,0.0,0,0.0,0.3333333333333333,65,34,0.2,15,0,14,1,0,10,2,0,0,0,0,0,0,0,0,0,15,0.7619047619047619,15,1.0,15,14,0,0,14,1,0,14,0,1,0,0,0,0,0,15,15,54,1346,1131,2,0,6,31,1.1538461538461537,17,0,206,156,375,22,47840
2025-07-04,argo,ireader.data.category,CategoryRepositoryImpl,insert,2,0,0.0,1,1.0,0,5,1,0,5,0,2,0,0.0,2,0,1,5,0.0,1,2.0,1,1,0.0,0,0.0,0.3333333333333333,65,34,0.2,15,0,14,1,0,10,2,0,0,0,0,0,0,0,0,0,15,0.7619047619047619,15,1.0,15,14,0,0,14,1,0,14,0,1,0,0,0,0,0,15,15,54,1346,1131,2,0,6,31,1.1538461538461537,17,0,206,156,375,22,47840
2025-07-04,argo,ireader.data.category,CategoryRepositoryImpl,updatePartial,1,0,1.0,1,1.0,0,5,1,0,3,0,1,3,0.0,1,0,1,1,0.0,1,2.0,1,1,0.0,0,0.0,0.3333333333333333,65,34,0.2,15,0,14,1,0,10,2,0,0,0,0,0,0,0,0,0,15,0.7619047619047619,15,1.0,15,14,0,0,14,1,0,14,0,1,0,0,0,0,0,15,15,54,1346,1131,2,0,6,31,1.1538461538461537,17,0,206,156,375,22,47840
2025-07-04,argo,ireader.data.category,CategoryRepositoryImpl,updatePartial,2,0,1.0,1,1.0,0,5,1,0,5,0,2,3,0.0,1,0,1,1,0.0,1,2.0,1,1,0.0,0,0.0,0.3333333333333333,65,34,0.2,15,0,14,1,0,10,2,0,0,0,0,0,0,0,0,0,15,0.7619047619047619,15,1.0,15,14,0,0,14,1,0,14,0,1,0,0,0,0,0,15,15,54,1346,1131,2,0,6,31,1.1538461538461537,17,0,206,156,375,22,47840
2025-07-04,argo,ireader.data.category,CategoryRepositoryImpl,updatePartialBlocking,1,0,0.0,1,1.0,0,5,1,0,3,0,1,0,0.0,0,0,1,5,0.0,0,2.0,1,1,0.0,0,0.0,0.3333333333333333,65,34,0.2,15,0,14,1,0,10,2,0,0,0,0,0,0,0,0,0,15,0.7619047619047619,15,1.0,15,14,0,0,14,1,0,14,0,1,0,0,0,0,0,15,15,54,1346,1131,2,0,6,31,1.1538461538461537,17,0,206,156,375,22,47840
2025-07-04,argo,ireader.data.category,CategoryRepositoryImpl,updateAllFlags,1,0,0.0,1,1.0,0,5,1,0,3,0,1,0,0.0,1,0,1,2,0.0,0,2.0,1,1,0.0,0,0.0,0.3333333333333333,65,34,0.2,15,0,14,1,0,10,2,0,0,0,0,0,0,0,0,0,15,0.7619047619047619,15,1.0,15,14,0,0,14,1,0,14,0,1,0,0,0,0,0,15,15,54,1346,1131,2,0,6,31,1.1538461538461537,17,0,206,156,375,22,47840
2025-07-04,argo,ireader.data.category,CategoryRepositoryImpl,delete,1,0,0.0,1,1.0,0,5,1,0,3,0,1,0,0.0,1,0,1,2,0.0,0,2.0,1,1,0.0,0,0.0,0.3333333333333333,65,34,0.2,15,0,14,1,0,10,2,0,0,0,0,0,0,0,0,0,15,0.7619047619047619,15,1.0,15,14,0,0,14,1,0,14,0,1,0,0,0,0,0,15,15,54,1346,1131,2,0,6,31,1.1538461538461537,17,0,206,156,375,22,47840
2025-07-04,argo,ireader.data.category,CategoryRepositoryImpl,deleteAll,1,0,0.0,1,1.0,0,5,1,0,3,0,1,0,0.0,1,0,1,2,0.0,0,2.0,0,1,0.0,0,0.0,0.3333333333333333,65,34,0.2,15,0,14,1,0,10,2,0,0,0,0,0,0,0,0,0,15,0.7619047619047619,15,1.0,15,14,0,0,14,1,0,14,0,1,0,0,0,0,0,15,15,54,1346,1131,2,0,6,31,1.1538461538461537,17,0,206,156,375,22,47840
2025-07-04,argo,ireader.data.chapter,ChapterRepositoryImpl,subscribeChapterById,1,0,0.0,1,1.0,0,0,1,0,3,0,1,0,0.0,0,0,0,2,0.0,0,2.0,1,0,0.0,0,0.0,0.21428571428571427,63,48,0.0,14,0,14,1,0,7,1,0,0,0,0,0,0,0,0,0,14,0.7252747252747253,14,1.0,14,14,0,0,14,0,0,14,0,1,0,0,0,0,0,14,14,54,1346,1131,1,0,1,64,1.0,14,0,195,156,375,14,47840
2025-07-04,argo,ireader.data.chapter,ChapterRepositoryImpl,findChapterById,1,0,0.0,1,1.0,0,0,1,0,3,0,1,0,0.0,0,0,0,2,0.0,0,2.0,1,0,0.0,0,0.0,0.21428571428571427,63,48,0.0,14,0,14,1,0,7,1,0,0,0,0,0,0,0,0,0,14,0.7252747252747253,14,1.0,14,14,0,0,14,0,0,14,0,1,0,0,0,0,0,14,14,54,1346,1131,1,0,1,64,1.0,14,0,195,156,375,14,47840
2025-07-04,argo,ireader.data.chapter,ChapterRepositoryImpl,findAllChapters,1,0,0.0,1,1.0,0,0,1,0,3,0,1,0,0.0,0,0,0,2,0.0,0,2.0,0,0,0.0,0,0.0,0.21428571428571427,63,48,0.0,14,0,14,1,0,7,1,0,0,0,0,0,0,0,0,0,14,0.7252747252747253,14,1.0,14,14,0,0,14,0,0,14,0,1,0,0,0,0,0,14,14,54,1346,1131,1,0,1,64,1.0,14,0,195,156,375,14,47840
2025-07-04,argo,ireader.data.chapter,ChapterRepositoryImpl,findAllInLibraryChapter,1,0,0.0,1,1.0,0,0,1,0,3,0,1,0,0.0,0,0,0,2,0.0,0,2.0,0,0,0.0,0,0.0,0.21428571428571427,63,48,0.0,14,0,14,1,0,7,1,0,0,0,0,0,0,0,0,0,14,0.7252747252747253,14,1.0,14,14,0,0,14,0,0,14,0,1,0,0,0,0,0,14,14,54,1346,1131,1,0,1,64,1.0,14,0,195,156,375,14,47840
2025-07-04,argo,ireader.data.chapter,ChapterRepositoryImpl,subscribeChaptersByBookId,1,0,0.0,1,1.0,0,0,1,0,3,0,1,0,0.0,0,0,0,2,0.0,0,2.0,1,0,0.0,0,0.0,0.21428571428571427,63,48,0.0,14,0,14,1,0,7,1,0,0,0,0,0,0,0,0,0,14,0.7252747252747253,14,1.0,14,14,0,0,14,0,0,14,0,1,0,0,0,0,0,14,14,54,1346,1131,1,0,1,64,1.0,14,0,195,156,375,14,47840
2025-07-04,argo,ireader.data.chapter,ChapterRepositoryImpl,findChaptersByBookId,1,0,0.0,1,1.0,0,0,1,0,3,0,1,0,0.0,0,0,0,2,0.0,0,2.0,1,0,0.0,0,0.0,0.21428571428571427,63,48,0.0,14,0,14,1,0,7,1,0,0,0,0,0,0,0,0,0,14,0.7252747252747253,14,1.0,14,14,0,0,14,0,0,14,0,1,0,0,0,0,0,14,14,54,1346,1131,1,0,1,64,1.0,14,0,195,156,375,14,47840
2025-07-04,argo,ireader.data.chapter,ChapterRepositoryImpl,findLastReadChapter,1,0,0.0,1,1.0,0,0,1,0,3,0,1,0,0.0,0,0,0,2,0.0,0,2.0,1,0,0.0,0,0.0,0.21428571428571427,63,48,0.0,14,0,14,1,0,7,1,0,0,0,0,0,0,0,0,0,14,0.7252747252747253,14,1.0,14,14,0,0,14,0,0,14,0,1,0,0,0,0,0,14,14,54,1346,1131,1,0,1,64,1.0,14,0,195,156,375,14,47840
2025-07-04,argo,ireader.data.chapter,ChapterRepositoryImpl,subscribeLastReadChapter,1,0,0.0,1,1.0,0,0,1,0,3,0,1,0,0.0,0,0,0,2,0.0,0,2.0,1,0,0.0,0,0.0,0.21428571428571427,63,48,0.0,14,0,14,1,0,7,1,0,0,0,0,0,0,0,0,0,14,0.7252747252747253,14,1.0,14,14,0,0,14,0,0,14,0,1,0,0,0,0,0,14,14,54,1346,1131,1,0,1,64,1.0,14,0,195,156,375,14,47840
2025-07-04,argo,ireader.data.chapter,ChapterRepositoryImpl,insertChapter,1,0,0.0,3,0.6667,0,0,1,0,6,0,1,0,0.0,0,0,0,18,0.0,1,2.125,1,0,0.0,0,0.0,0.21428571428571427,63,48,0.0,14,0,14,1,0,7,1,0,0,0,0,0,0,0,0,0,14,0.7252747252747253,14,1.0,14,14,0,0,14,0,0,14,0,1,0,0,0,0,0,14,14,54,1346,1131,1,0,1,64,1.0,14,0,195,156,375,14,47840
2025-07-04,argo,ireader.data.chapter,ChapterRepositoryImpl,insertChapters,1,0,0.0,3,1.0,0,0,1,0,6,0,1,0,0.0,0,0,0,19,0.0,1,2.1176470588235294,1,0,0.0,0,0.0,0.21428571428571427,63,48,0.0,14,0,14,1,0,7,1,0,0,0,0,0,0,0,0,0,14,0.7252747252747253,14,1.0,14,14,0,0,14,0,0,14,0,1,0,0,0,0,0,14,14,54,1346,1131,1,0,1,64,1.0,14,0,195,156,375,14,47840
2025-07-04,argo,ireader.data.chapter,ChapterRepositoryImpl,deleteChaptersByBookId,1,0,0.0,1,1.0,0,0,1,0,3,0,1,0,0.0,1,0,0,2,0.0,0,2.0,1,0,0.0,0,0.0,0.21428571428571427,63,48,0.0,14,0,14,1,0,7,1,0,0,0,0,0,0,0,0,0,14,0.7252747252747253,14,1.0,14,14,0,0,14,0,0,14,0,1,0,0,0,0,0,14,14,54,1346,1131,1,0,1,64,1.0,14,0,195,156,375,14,47840
2025-07-04,argo,ireader.data.chapter,ChapterRepositoryImpl,deleteChapters,1,0,0.0,1,1.0,0,0,1,0,3,0,1,0,0.0,0,0,1,4,0.0,0,2.3333333333333335,1,1,0.0,0,0.0,0.21428571428571427,63,48,0.0,14,0,14,1,0,7,1,0,0,0,0,0,0,0,0,0,14,0.7252747252747253,14,1.0,14,14,0,0,14,0,0,14,0,1,0,0,0,0,0,14,14,54,1346,1131,1,0,1,64,1.0,14,0,195,156,375,14,47840
2025-07-04,argo,ireader.data.chapter,ChapterRepositoryImpl,deleteChapter,1,0,0.0,1,1.0,0,0,1,0,3,0,1,0,0.0,0,0,0,3,0.0,0,2.5,1,0,0.0,0,0.0,0.21428571428571427,63,48,0.0,14,0,14,1,0,7,1,0,0,0,0,0,0,0,0,0,14,0.7252747252747253,14,1.0,14,14,0,0,14,0,0,14,0,1,0,0,0,0,0,14,14,54,1346,1131,1,0,1,64,1.0,14,0,195,156,375,14,47840
2025-07-04,argo,ireader.data.chapter,ChapterRepositoryImpl,deleteAllChapters,1,0,0.0,1,1.0,0,0,1,0,3,0,1,0,0.0,0,0,0,2,0.0,0,2.0,0,0,0.0,0,0.0,0.21428571428571427,63,48,0.0,14,0,14,1,0,7,1,0,0,0,0,0,0,0,0,0,14,0.7252747252747253,14,1.0,14,14,0,0,14,0,0,14,0,1,0,0,0,0,0,14,14,54,1346,1131,1,0,1,64,1.0,14,0,195,156,375,14,47840
2025-07-04,argo,ireader.data.core,DatabaseTransactions,run,1,0,0.0,1,1.0,0,0,1,0,3,0,1,0,0.0,0,0,0,1,0.0,1,2.0,1,0,0.0,0,0.0,1.0,5,3,0.0,1,0,1,1,0,2,0,0,0,0,0,0,0,0,0,0,1,0.0,1,1.0,1,1,0,0,1,0,0,1,0,1,0,0,0,0,0,1,1,54,1346,1131,11,0,0,1,1.0,51,1,872,156,375,29,47840
2025-07-04,argo,ireader.data.downloads,DownloadRepositoryImpl,subscribeAllDownloads,2,0,0.0,1,1.0,0,0,1,0,3,0,2,0,0.0,0,0,0,2,0.0,0,2.0,0,0,0.0,0,0.0,0.125,33,24,0.0,8,0,8,1,0,5,1,0,0,0,0,0,0,0,0,0,8,0.5714285714285714,8,1.0,8,8,0,0,8,0,0,8,8,1,0,0,0,0,0,8,8,54,1346,1131,1,0,5,22,2.0,8,0,87,156,375,8,47840
2025-07-04,argo,ireader.data.downloads,DownloadRepositoryImpl,findAllDownloads,2,0,0.0,1,1.0,0,0,1,0,3,0,2,0,0.0,0,0,0,2,0.0,0,2.0,0,0,0.0,0,0.0,0.125,33,24,0.0,8,0,8,1,0,5,1,0,0,0,0,0,0,0,0,0,8,0.5714285714285714,8,1.0,8,8,0,0,8,0,0,8,8,1,0,0,0,0,0,8,8,54,1346,1131,1,0,5,22,2.0,8,0,87,156,375,8,47840
2025-07-04,argo,ireader.data.downloads,DownloadRepositoryImpl,insertDownload,2,0,0.0,1,1.0,0,0,1,0,3,0,2,0,0.0,0,0,1,5,0.0,0,2.25,1,1,0.0,0,0.0,0.125,33,24,0.0,8,0,8,1,0,5,1,0,0,0,0,0,0,0,0,0,8,0.5714285714285714,8,1.0,8,8,0,0,8,0,0,8,8,1,0,0,0,0,0,8,8,54,1346,1131,1,0,5,22,2.0,8,0,87,156,375,8,47840
2025-07-04,argo,ireader.data.downloads,DownloadRepositoryImpl,insertDownloads,2,0,0.0,1,1.0,0,0,1,0,3,0,2,0,0.0,0,0,1,5,0.0,0,2.25,1,1,0.0,0,0.0,0.125,33,24,0.0,8,0,8,1,0,5,1,0,0,0,0,0,0,0,0,0,8,0.5714285714285714,8,1.0,8,8,0,0,8,0,0,8,8,1,0,0,0,0,0,8,8,54,1346,1131,1,0,5,22,2.0,8,0,87,156,375,8,47840
2025-07-04,argo,ireader.data.downloads,DownloadRepositoryImpl,deleteSavedDownload,2,0,0.0,1,1.0,0,0,1,0,3,0,2,0,0.0,0,0,1,3,0.0,0,2.5,1,1,0.0,0,0.0,0.125,33,24,0.0,8,0,8,1,0,5,1,0,0,0,0,0,0,0,0,0,8,0.5714285714285714,8,1.0,8,8,0,0,8,0,0,8,8,1,0,0,0,0,0,8,8,54,1346,1131,1,0,5,22,2.0,8,0,87,156,375,8,47840
2025-07-04,argo,ireader.data.downloads,DownloadRepositoryImpl,deleteSavedDownload,2,0,0.0,1,1.0,0,0,1,0,3,0,2,0,0.0,0,0,1,4,0.0,0,2.3333333333333335,1,1,0.0,0,0.0,0.125,33,24,0.0,8,0,8,1,0,5,1,0,0,0,0,0,0,0,0,0,8,0.5714285714285714,8,1.0,8,8,0,0,8,0,0,8,8,1,0,0,0,0,0,8,8,54,1346,1131,1,0,5,22,2.0,8,0,87,156,375,8,47840
2025-07-04,argo,ireader.data.downloads,DownloadRepositoryImpl,deleteSavedDownloadByBookId,2,0,0.0,1,1.0,0,0,1,0,3,0,2,0,0.0,0,0,1,2,0.0,0,2.0,1,1,0.0,0,0.0,0.125,33,24,0.0,8,0,8,1,0,5,1,0,0,0,0,0,0,0,0,0,8,0.5714285714285714,8,1.0,8,8,0,0,8,0,0,8,8,1,0,0,0,0,0,8,8,54,1346,1131,1,0,5,22,2.0,8,0,87,156,375,8,47840
2025-07-04,argo,ireader.data.downloads,DownloadRepositoryImpl,deleteAllSavedDownload,2,0,0.0,1,1.0,0,0,1,0,3,0,2,0,0.0,0,0,1,2,0.0,0,2.0,0,1,0.0,0,0.0,0.125,33,24,0.0,8,0,8,1,0,5,1,0,0,0,0,0,0,0,0,0,8,0.5714285714285714,8,1.0,8,8,0,0,8,0,0,8,8,1,0,0,0,0,0,8,8,54,1346,1131,1,0,5,22,2.0,8,0,87,156,375,8,47840
2025-07-04,argo,ireader.data.history,HistoryRepositoryImpl,findHistory,1,0,1.0,1,1.0,0,0,1,0,3,0,1,0,0.0,1,0,0,2,0.0,0,2.0,1,0,0.0,0,0.0,0.2857142857142857,61,46,0.35714285714285715,14,0,12,1,0,7,1,0,0,0,0,0,0,0,0,0,14,0.8351648351648352,14,1.0,14,12,0,0,12,2,0,12,0,1,0,0,0,0,0,14,14,54,1346,1131,1,0,2,33,1.1428571428571428,14,0,133,156,375,14,47840
2025-07-04,argo,ireader.data.history,HistoryRepositoryImpl,findHistoryByBookId,1,0,0.0,1,1.0,0,0,1,0,3,0,1,0,0.0,1,0,0,2,0.0,0,2.0,1,0,0.0,0,0.0,0.2857142857142857,61,46,0.35714285714285715,14,0,12,1,0,7,1,0,0,0,0,0,0,0,0,0,14,0.8351648351648352,14,1.0,14,12,0,0,12,2,0,12,0,1,0,0,0,0,0,14,14,54,1346,1131,1,0,2,33,1.1428571428571428,14,0,133,156,375,14,47840
2025-07-04,argo,ireader.data.history,HistoryRepositoryImpl,findHistoriesByBookId,1,0,1.0,1,1.0,0,0,1,0,3,0,1,0,0.0,1,0,0,2,0.0,0,2.0,1,0,0.0,0,0.0,0.2857142857142857,61,46,0.35714285714285715,14,0,12,1,0,7,1,0,0,0,0,0,0,0,0,0,14,0.8351648351648352,14,1.0,14,12,0,0,12,2,0,12,0,1,0,0,0,0,0,14,14,54,1346,1131,1,0,2,33,1.1428571428571428,14,0,133,156,375,14,47840
2025-07-04,argo,ireader.data.history,HistoryRepositoryImpl,subscribeHistoryByBookId,1,0,1.0,1,1.0,0,0,1,0,3,0,1,0,0.0,1,0,0,2,0.0,0,2.0,1,0,0.0,0,0.0,0.2857142857142857,61,46,0.35714285714285715,14,0,12,1,0,7,1,0,0,0,0,0,0,0,0,0,14,0.8351648351648352,14,1.0,14,12,0,0,12,2,0,12,0,1,0,0,0,0,0,14,14,54,1346,1131,1,0,2,33,1.1428571428571428,14,0,133,156,375,14,47840
2025-07-04,argo,ireader.data.history,HistoryRepositoryImpl,findHistories,1,0,0.0,1,1.0,0,0,1,0,3,0,1,0,0.0,1,0,0,2,0.0,0,2.0,0,0,0.0,0,0.0,0.2857142857142857,61,46,0.35714285714285715,14,0,12,1,0,7,1,0,0,0,0,0,0,0,0,0,14,0.8351648351648352,14,1.0,14,12,0,0,12,2,0,12,0,1,0,0,0,0,0,14,14,54,1346,1131,1,0,2,33,1.1428571428571428,14,0,133,156,375,14,47840
2025-07-04,argo,ireader.data.history,HistoryRepositoryImpl,findHistoriesByFlow,1,0,0.0,1,1.0,0,0,1,0,3,0,1,0,0.0,0,0,0,2,0.0,0,2.0,1,0,0.0,0,0.0,0.2857142857142857,61,46,0.35714285714285715,14,0,12,1,0,7,1,0,0,0,0,0,0,0,0,0,14,0.8351648351648352,14,1.0,14,12,0,0,12,2,0,12,0,1,0,0,0,0,0,14,14,54,1346,1131,1,0,2,33,1.1428571428571428,14,0,133,156,375,14,47840
2025-07-04,argo,ireader.data.history,HistoryRepositoryImpl,insertHistory,1,0,1.0,1,1.0,0,0,1,0,3,0,1,1,0.0,1,0,0,1,0.0,1,2.0,1,0,0.0,0,0.0,0.2857142857142857,61,46,0.35714285714285715,14,0,12,1,0,7,1,0,0,0,0,0,0,0,0,0,14,0.8351648351648352,14,1.0,14,12,0,0,12,2,0,12,0,1,0,0,0,0,0,14,14,54,1346,1131,1,0,2,33,1.1428571428571428,14,0,133,156,375,14,47840
2025-07-04,argo,ireader.data.history,HistoryRepositoryImpl,insertHistories,2,0,1.0,1,1.0,0,0,1,0,5,0,2,1,0.0,1,0,0,1,0.0,1,2.0,1,0,0.0,0,0.0,0.2857142857142857,61,46,0.35714285714285715,14,0,12,1,0,7,1,0,0,0,0,0,0,0,0,0,14,0.8351648351648352,14,1.0,14,12,0,0,12,2,0,12,0,1,0,0,0,0,0,14,14,54,1346,1131,1,0,2,33,1.1428571428571428,14,0,133,156,375,14,47840
2025-07-04,argo,ireader.data.history,HistoryRepositoryImpl,deleteHistories,2,0,0.0,2,1.0,0,0,1,0,5,0,2,0,0.0,0,0,0,3,0.0,1,2.5,1,0,0.0,0,0.0,0.2857142857142857,61,46,0.35714285714285715,14,0,12,1,0,7,1,0,0,0,0,0,0,0,0,0,14,0.8351648351648352,14,1.0,14,12,0,0,12,2,0,12,0,1,0,0,0,0,0,14,14,54,1346,1131,1,0,2,33,1.1428571428571428,14,0,133,156,375,14,47840
2025-07-04,argo,ireader.data.history,HistoryRepositoryImpl,deleteHistory,1,0,0.0,1,1.0,0,0,1,0,3,0,1,0,0.0,0,0,0,2,0.0,0,2.0,1,0,0.0,0,0.0,0.2857142857142857,61,46,0.35714285714285715,14,0,12,1,0,7,1,0,0,0,0,0,0,0,0,0,14,0.8351648351648352,14,1.0,14,12,0,0,12,2,0,12,0,1,0,0,0,0,0,14,14,54,1346,1131,1,0,2,33,1.1428571428571428,14,0,133,156,375,14,47840
2025-07-04,argo,ireader.data.history,HistoryRepositoryImpl,deleteHistoryByBookId,1,0,0.0,1,1.0,0,0,1,0,3,0,1,0,0.0,0,0,0,2,0.0,0,2.0,1,0,0.0,0,0.0,0.2857142857142857,61,46,0.35714285714285715,14,0,12,1,0,7,1,0,0,0,0,0,0,0,0,0,14,0.8351648351648352,14,1.0,14,12,0,0,12,2,0,12,0,1,0,0,0,0,0,14,14,54,1346,1131,1,0,2,33,1.1428571428571428,14,0,133,156,375,14,47840
2025-07-04,argo,ireader.data.history,HistoryRepositoryImpl,deleteAllHistories,1,0,0.0,1,1.0,0,0,1,0,3,0,1,0,0.0,1,0,0,2,0.0,0,2.0,0,0,0.0,0,0.0,0.2857142857142857,61,46,0.35714285714285715,14,0,12,1,0,7,1,0,0,0,0,0,0,0,0,0,14,0.8351648351648352,14,1.0,14,12,0,0,12,2,0,12,0,1,0,0,0,0,0,14,14,54,1346,1131,1,0,2,33,1.1428571428571428,14,0,133,156,375,14,47840
2025-07-04,argo,ireader.data.history,HistoryRepositoryImpl,insertBlocking,1,0,0.0,1,1.0,0,0,1,0,3,0,1,0,0.0,0,0,1,5,0.0,0,2.25,1,1,0.0,0,0.0,0.2857142857142857,61,46,0.35714285714285715,14,0,12,1,0,7,1,0,0,0,0,0,0,0,0,0,14,0.8351648351648352,14,1.0,14,12,0,0,12,2,0,12,0,1,0,0,0,0,0,14,14,54,1346,1131,1,0,2,33,1.1428571428571428,14,0,133,156,375,14,47840
2025-07-04,argo,ireader.data.history,HistoryRepositoryImpl,updateBlocking,1,0,0.0,1,1.0,0,0,1,0,3,0,1,0,0.0,0,0,1,5,0.0,0,2.25,1,1,0.0,0,0.0,0.2857142857142857,61,46,0.35714285714285715,14,0,12,1,0,7,1,0,0,0,0,0,0,0,0,0,14,0.8351648351648352,14,1.0,14,12,0,0,12,2,0,12,0,1,0,0,0,0,0,14,14,54,1346,1131,1,0,2,33,1.1428571428571428,14,0,133,156,375,14,47840
2025-07-04,argo,ireader.data.repository,LibraryRepositoryImpl,findAll,3,0,1.0,1,1.0,0,1,1,0,3,0,3,1,0.0,2,0,0,5,0.0,0,2.25,1,0,0.0,0,0.0,0.6666666666666666,57,34,0.4,6,0,4,1,0,5,0,0,0,0,0,0,0,0,0,0,6,0.4,6,1.0,6,4,0,0,4,2,0,4,1,1,0,0,0,0,0,6,6,54,1346,1131,4,0,0,32,2.0,16,0,307,156,375,17,47840
2025-07-04,argo,ireader.data.repository,LibraryRepositoryImpl,getLibrary,2,0,0.0,2,1.0,0,1,1,0,16,0,2,0,0.0,1,0,0,9,0.0,1,2.4705882352941178,1,0,0.0,0,0.0,0.6666666666666666,57,34,0.4,6,0,4,1,0,5,0,0,0,0,0,0,0,0,0,0,6,0.4,6,1.0,6,4,0,0,4,2,0,4,1,1,0,0,0,0,0,6,6,54,1346,1131,4,0,0,32,2.0,16,0,307,156,375,17,47840
2025-07-04,argo,ireader.data.repository,LibraryRepositoryImpl,subscribe,3,0,1.0,1,1.0,0,1,1,0,3,0,3,1,0.0,2,0,0,9,0.0,0,2.125,1,0,0.0,0,0.0,0.6666666666666666,57,34,0.4,6,0,4,1,0,5,0,0,0,0,0,0,0,0,0,0,6,0.4,6,1.0,6,4,0,0,4,2,0,4,1,1,0,0,0,0,0,6,6,54,1346,1131,4,0,0,32,2.0,16,0,307,156,375,17,47840
2025-07-04,argo,ireader.data.repository,LibraryRepositoryImpl,sortWith,2,4,0.0,2,1.0,0,1,1,0,22,0,2,0,0.0,0,0,0,5,0.0,0,2.1538461538461537,1,0,0.0,0,0.0,0.6666666666666666,57,34,0.4,6,0,4,1,0,5,0,0,0,0,0,0,0,0,0,0,6,0.4,6,1.0,6,4,0,0,4,2,0,4,1,1,0,0,0,0,0,6,6,54,1346,1131,4,0,0,32,2.0,16,0,307,156,375,17,47840
2025-07-04,argo,ireader.data.repository,LibraryRepositoryImpl,findDownloadedBooks,1,0,0.0,1,1.0,0,1,1,0,3,0,1,0,0.0,0,0,0,2,0.0,0,2.0,0,0,0.0,0,0.0,0.6666666666666666,57,34,0.4,6,0,4,1,0,5,0,0,0,0,0,0,0,0,0,0,6,0.4,6,1.0,6,4,0,0,4,2,0,4,1,1,0,0,0,0,0,6,6,54,1346,1131,4,0,0,32,2.0,16,0,307,156,375,17,47840
2025-07-04,argo,ireader.data.repository,LibraryRepositoryImpl,findFavorites,1,0,0.0,1,1.0,0,1,1,0,3,0,1,0,0.0,0,0,0,2,0.0,0,2.0,0,0,0.0,0,0.0,0.6666666666666666,57,34,0.4,6,0,4,1,0,5,0,0,0,0,0,0,0,0,0,0,6,0.4,6,1.0,6,4,0,0,4,2,0,4,1,1,0,0,0,0,0,6,6,54,1346,1131,4,0,0,32,2.0,16,0,307,156,375,17,47840
2025-07-04,argo,ireader.data.repository,ThemeRepositoryImpl,subscribe,1,0,0.0,1,1.0,0,0,1,0,3,0,1,0,0.0,1,0,0,2,0.0,0,2.0,0,0,0.0,0,0.0,0.4,24,18,0.0,5,0,5,1,0,4,1,0,0,0,0,0,0,0,0,0,5,0.6,5,1.0,5,5,0,0,10,0,0,10,0,2,0,0,0,0,0,5,5,54,1346,1131,4,0,3,13,1.0,16,0,307,156,375,17,47840
2025-07-04,argo,ireader.data.repository,ThemeRepositoryImpl,insert,1,0,0.0,3,1.0,0,0,1,0,6,0,1,0,0.0,0,0,0,39,0.0,1,2.8378378378378377,1,0,0.0,0,0.0,0.4,24,18,0.0,5,0,5,1,0,4,1,0,0,0,0,0,0,0,0,0,5,0.6,5,1.0,5,5,0,0,10,0,0,10,0,2,0,0,0,0,0,5,5,54,1346,1131,4,0,3,13,1.0,16,0,307,156,375,17,47840
2025-07-04,argo,ireader.data.repository,ThemeRepositoryImpl,insert,1,0,0.0,1,1.0,0,0,1,0,3,0,1,0,0.0,0,0,1,38,0.0,0,2.861111111111111,1,1,0.0,0,0.0,0.4,24,18,0.0,5,0,5,1,0,4,1,0,0,0,0,0,0,0,0,0,5,0.6,5,1.0,5,5,0,0,10,0,0,10,0,2,0,0,0,0,0,5,5,54,1346,1131,4,0,3,13,1.0,16,0,307,156,375,17,47840
2025-07-04,argo,ireader.data.repository,ThemeRepositoryImpl,delete,1,0,0.0,1,1.0,0,0,1,0,3,0,1,0,0.0,1,0,1,3,0.0,0,2.5,1,1,0.0,0,0.0,0.4,24,18,0.0,5,0,5,1,0,4,1,0,0,0,0,0,0,0,0,0,5,0.6,5,1.0,5,5,0,0,10,0,0,10,0,2,0,0,0,0,0,5,5,54,1346,1131,4,0,3,13,1.0,16,0,307,156,375,17,47840
2025-07-04,argo,ireader.data.repository,ThemeRepositoryImpl,deleteAll,1,0,0.0,1,1.0,0,0,1,0,3,0,1,0,0.0,1,0,1,2,0.0,0,2.0,0,1,0.0,0,0.0,0.4,24,18,0.0,5,0,5,1,0,4,1,0,0,0,0,0,0,0,0,0,5,0.6,5,1.0,5,5,0,0,10,0,0,10,0,2,0,0,0,0,0,5,5,54,1346,1131,4,0,3,13,1.0,16,0,307,156,375,17,47840
2025-07-04,argo,ireader.data.repository,ReaderThemeRepositoryImpl,subscribe,1,0,0.0,1,1.0,0,0,1,0,3,0,1,0,0.0,1,0,0,2,0.0,0,2.0,0,0,0.0,0,0.0,0.4,24,18,0.0,5,0,5,1,0,4,1,0,0,0,0,0,0,0,0,0,5,0.8,5,1.0,5,5,0,0,10,0,0,10,0,2,0,0,0,0,0,5,5,54,1346,1131,4,0,3,13,1.0,16,0,307,156,375,17,47840
2025-07-04,argo,ireader.data.repository,ReaderThemeRepositoryImpl,insert,1,0,0.0,3,1.0,0,0,1,0,6,0,1,0,0.0,0,0,0,7,0.0,1,2.1666666666666665,1,0,0.0,0,0.0,0.4,24,18,0.0,5,0,5,1,0,4,1,0,0,0,0,0,0,0,0,0,5,0.8,5,1.0,5,5,0,0,10,0,0,10,0,2,0,0,0,0,0,5,5,54,1346,1131,4,0,3,13,1.0,16,0,307,156,375,17,47840
2025-07-04,argo,ireader.data.repository,ReaderThemeRepositoryImpl,insert,1,0,0.0,1,1.0,0,0,1,0,3,0,1,0,0.0,0,0,1,6,0.0,0,2.2,1,1,0.0,0,0.0,0.4,24,18,0.0,5,0,5,1,0,4,1,0,0,0,0,0,0,0,0,0,5,0.8,5,1.0,5,5,0,0,10,0,0,10,0,2,0,0,0,0,0,5,5,54,1346,1131,4,0,3,13,1.0,16,0,307,156,375,17,47840
2025-07-04,argo,ireader.data.repository,ReaderThemeRepositoryImpl,delete,1,0,0.0,1,1.0,0,0,1,0,3,0,1,0,0.0,1,0,1,3,0.0,0,2.5,1,1,0.0,0,0.0,0.4,24,18,0.0,5,0,5,1,0,4,1,0,0,0,0,0,0,0,0,0,5,0.8,5,1.0,5,5,0,0,10,0,0,10,0,2,0,0,0,0,0,5,5,54,1346,1131,4,0,3,13,1.0,16,0,307,156,375,17,47840
2025-07-04,argo,ireader.data.repository,ReaderThemeRepositoryImpl,deleteAll,1,0,0.0,1,1.0,0,0,1,0,3,0,1,0,0.0,1,0,1,2,0.0,0,2.0,0,1,0.0,0,0.0,0.4,24,18,0.0,5,0,5,1,0,4,1,0,0,0,0,0,0,0,0,0,5,0.8,5,1.0,5,5,0,0,10,0,0,10,0,2,0,0,0,0,0,5,5,54,1346,1131,4,0,3,13,1.0,16,0,307,156,375,17,47840
2025-07-04,argo,ireader.data.repository,UpdatesRepositoryImpl,subscribeAllUpdates,1,0,0.0,1,1.0,0,0,1,0,3,0,1,0,0.0,0,0,0,2,0.0,0,2.0,1,0,0.0,0,0.0,1.0,5,3,0.0,1,0,1,1,0,2,0,0,0,0,0,0,0,0,0,0,1,0.0,1,1.0,1,1,0,0,1,0,0,1,0,1,0,0,0,0,0,1,1,54,1346,1131,4,0,0,2,1.0,16,0,307,156,375,17,47840
2025-07-04,argo,ireader.data.util,BaseDao,dbOperation,2,0,0.0,0,0.0,0,0,1,0,5,1,2,0,0.0,0,0,0,2,0.0,0,0.0,2,0,0.0,0,0.0,1.0,7,5,0.0,1,0,0,0,0,2,0,0,0,0,0,0,0,0,0,0,2,0.0,2,2.0,1,0,0,0,1,0,0,1,0,0,0,0,0,0,0,1,1,54,1346,1131,1,0,0,2,2.0,3,0,19,156,375,1,47840
2025-07-04,argo,ireader.data.catalog.impl,DesktopCatalogInstallationChanges,notifyAppInstall,1,0,0.0,1,1.0,1,0,1,0,3,0,1,0,0.5,0,1,0,2,1.0,0,3.0,1,0,0.0,0,1.0,0.0,11,6,0.0,2,1,0,1,0,1,1,0,0,0,0,1,0,0,0,0,2,1.0,2,1.0,2,0,1,0,2,0,0,2,0,1,0,0,0,0,0,2,2,54,1346,1131,9,0,0,4,1.0,28,0,959,156,375,30,47840
2025-07-04,argo,ireader.data.catalog.impl,DesktopCatalogInstallationChanges,notifyAppUninstall,1,0,0.0,1,1.0,1,0,1,0,3,0,1,0,0.5,0,1,0,2,1.0,0,3.0,1,0,0.0,0,1.0,0.0,11,6,0.0,2,1,0,1,0,1,1,0,0,0,0,1,0,0,0,0,2,1.0,2,1.0,2,0,1,0,2,0,0,2,0,1,0,0,0,0,0,2,2,54,1346,1131,9,0,0,4,1.0,28,0,959,156,375,30,47840
2025-07-04,argo,ireader.data.catalog.impl,DesktopCatalogInstaller,install,6,8,0.0,12,0.9091,0,0,1,0,32,1,6,2,0.42857142857142855,0,1,0,33,0.17,1,2.5172413793103448,1,0,0.0,0,0.0,1.0,48,43,0.0,2,1,2,1,0,4,0,0,1,0,0,1,0,0,0,0,6,0.0,6,3.0,2,2,1,0,2,0,0,2,0,1,0,0,0,0,0,2,2,54,1346,1131,9,0,0,45,5.5,28,0,959,156,375,30,47840
2025-07-04,argo,ireader.data.catalog.impl,DesktopCatalogInstaller,uninstall,5,2,1.0,5,1.0,0,0,1,0,11,1,5,1,0.0,0,0,0,12,0.0,1,2.8333333333333335,1,0,0.0,0,0.0,1.0,48,43,0.0,2,1,2,1,0,4,0,0,1,0,0,1,0,0,0,0,6,0.0,6,3.0,2,2,1,0,2,0,0,2,0,1,0,0,0,0,0,2,2,54,1346,1131,9,0,0,45,5.5,28,0,959,156,375,30,47840
2025-07-04,argo,ireader.data.catalog.impl,DesktopCatalogLoader,loadAll,3,4,1.0,5,1.0,0,1,2,0,9,0,3,1,0.0,1,0,0,21,0.0,1,2.25,0,0,0.0,0,0.0,0.875,131,99,0.42857142857142855,8,1,3,1,0,12,0,0,1,0,0,8,7,7,0,0,13,0.6785714285714286,13,1.625,8,3,1,0,4,4,0,4,5,1,0,0,0,0,0,8,8,54,1346,1131,9,0,0,104,3.125,28,0,959,156,375,30,47840
2025-07-04,argo,ireader.data.catalog.impl,DesktopCatalogLoader,loadLocalCatalog,6,2,1.0,4,1.0,0,1,2,0,18,1,6,2,0.0,1,0,0,10,0.0,2,2.2,1,0,0.0,0,0.0,0.875,131,99,0.42857142857142855,8,1,3,1,0,12,0,0,1,0,0,8,7,7,0,0,13,0.6785714285714286,13,1.625,8,3,1,0,4,4,0,4,5,1,0,0,0,0,0,8,8,54,1346,1131,9,0,0,104,3.125,28,0,959,156,375,30,47840
2025-07-04,argo,ireader.data.catalog.impl,DesktopCatalogLoader,loadLocalCatalogs,2,6,3.0,7,1.0,0,1,2,0,12,1,2,3,0.0,3,0,0,21,0.0,2,2.2666666666666666,3,0,0.0,0,0.0,0.875,131,99,0.42857142857142855,8,1,3,1,0,12,0,0,1,0,0,8,7,7,0,0,13,0.6785714285714286,13,1.625,8,3,1,0,4,4,0,4,5,1,0,0,0,0,0,8,8,54,1346,1131,9,0,0,104,3.125,28,0,959,156,375,30,47840
2025-07-04,argo,ireader.data.catalog.impl,DesktopCatalogLoader,isPackageAnExtension,1,0,0.0,1,1.0,0,1,2,0,3,0,1,0,0.0,0,0,0,4,0.0,0,3.0,1,0,0.0,0,0.0,0.875,131,99,0.42857142857142855,8,1,3,1,0,12,0,0,1,0,0,8,7,7,0,0,13,0.6785714285714286,13,1.625,8,3,1,0,4,4,0,4,5,1,0,0,0,0,0,8,8,54,1346,1131,9,0,0,104,3.125,28,0,959,156,375,30,47840
2025-07-04,argo,ireader.data.catalog.impl,DesktopCatalogLoader,validateMetadata,6,17,0.0,9,1.0,0,1,2,0,38,1,6,0,0.14285714285714285,1,1,0,20,0.06,1,2.3448275862068964,2,0,0.0,0,0.0,0.875,131,99,0.42857142857142855,8,1,3,1,0,12,0,0,1,0,0,8,7,7,0,0,13,0.6785714285714286,13,1.625,8,3,1,0,4,4,0,4,5,1,0,0,0,0,0,8,8,54,1346,1131,9,0,0,104,3.125,28,0,959,156,375,30,47840
2025-07-04,argo,ireader.data.catalog.impl,DesktopCatalogLoader,loadSource,3,1,0.0,3,1.0,0,1,2,0,9,0,3,0,0.0,0,0,0,12,0.0,1,3.75,3,0,0.0,0,0.0,0.875,131,99,0.42857142857142855,8,1,3,1,0,12,0,0,1,0,0,8,7,7,0,0,13,0.6785714285714286,13,1.625,8,3,1,0,4,4,0,4,5,1,0,0,0,0,0,8,8,54,1346,1131,9,0,0,104,3.125,28,0,959,156,375,30,47840
2025-07-04,argo,ireader.data.catalog.impl,DesktopCatalogLoader,loadSystemCatalog,1,0,0.0,0,0.0,0,1,2,0,3,0,1,0,0.0,0,0,0,0,0.0,0,0.0,1,0,0.0,0,0.0,0.875,131,99,0.42857142857142855,8,1,3,1,0,12,0,0,1,0,0,8,7,7,0,0,13,0.6785714285714286,13,1.625,8,3,1,0,4,4,0,4,5,1,0,0,0,0,0,8,8,54,1346,1131,9,0,0,104,3.125,28,0,959,156,375,30,47840
2025-07-04,argo,ireader.data.catalog.impl,DesktopCatalogLoader,dex2jar,3,3,0.0,4,1.0,0,1,2,0,10,1,3,0,0.0,0,0,0,16,0.0,10,4.5,3,0,0.0,0,0.0,0.875,131,99,0.42857142857142855,8,1,3,1,0,12,0,0,1,0,0,8,7,7,0,0,13,0.6785714285714286,13,1.625,8,3,1,0,4,4,0,4,5,1,0,0,0,0,0,8,8,54,1346,1131,9,0,0,104,3.125,28,0,959,156,375,30,47840
2025-07-04,argo,ireader.data.catalog.impl,DesktopInstallCatalog,await,1,0,0.0,1,1.0,0,0,1,0,1,0,1,0,0.0,0,0,0,1,0.0,1,2.0,1,0,0.0,0,0.0,0.0,5,2,0.0,2,0,2,1,0,4,0,0,0,0,0,0,0,0,0,0,2,1.0,2,1.0,2,2,0,0,2,0,0,2,0,1,0,0,0,0,0,2,2,54,1346,1131,9,0,0,0,1.0,28,0,959,156,375,30,47840
2025-07-04,argo,ireader.data.catalog.impl,DesktopInstallCatalog,await,1,0,0.0,0,0.0,0,0,1,0,1,0,1,0,0.0,0,0,0,0,0.0,0,0.0,1,0,0.0,0,0.0,0.0,5,2,0.0,2,0,2,1,0,4,0,0,0,0,0,0,0,0,0,0,2,1.0,2,1.0,2,2,0,0,2,0,0,2,0,1,0,0,0,0,0,2,2,54,1346,1131,9,0,0,0,1.0,28,0,959,156,375,30,47840
2025-07-04,argo,ireader.data.catalog.impl,DesktopUninstallCatalogs,await,1,0,0.0,1,1.0,0,0,1,0,3,0,1,0,0.0,0,0,1,2,0.0,0,3.0,1,1,0.0,0,0.0,0.0,5,3,0.0,1,0,1,1,0,1,1,0,0,0,0,0,0,0,0,0,1,0.0,1,1.0,1,1,0,0,1,0,0,1,0,1,0,0,0,0,0,1,1,54,1346,1131,9,0,1,2,1.0,28,0,959,156,375,30,47840
2025-07-04,argo,ireader.data.core,DatabaseDriverFactory,create,3,3,0.0,6,1.0,0,0,1,0,14,1,3,0,0.0,1,0,2,12,0.0,1,2.3333333333333335,0,2,0.0,0,0.0,1.0,16,14,0.0,1,0,0,0,0,1,2,0,0,0,0,0,0,0,0,0,3,0.0,3,3.0,1,0,0,0,1,0,0,1,1,1,0,0,0,0,0,1,1,54,1346,1131,11,0,2,12,3.0,51,1,872,156,375,29,47840
2025-07-04,argo,ireader.data.core,JvmDatabaseHandler,await,1,0,1.0,0,0.0,0,0,1,0,3,0,1,1,0.0,1,0,0,1,0.0,0,0.0,2,0,0.0,0,0.0,0.09090909090909091,54,40,0.6363636363636364,11,1,10,1,1,11,0,0,0,0,1,1,0,0,0,0,13,0.7272727272727273,13,1.1818181818181819,11,10,1,0,10,1,0,10,0,1,0,0,0,0,0,11,11,54,1346,1131,11,0,0,19,1.1818181818181819,51,1,872,156,375,29,47840
2025-07-04,argo,ireader.data.core,JvmDatabaseHandler,awaitList,1,0,1.0,1,1.0,0,0,1,0,3,0,1,1,0.0,1,0,0,1,0.0,1,2.0,2,0,0.0,0,0.0,0.09090909090909091,54,40,0.6363636363636364,11,1,10,1,1,11,0,0,0,0,1,1,0,0,0,0,13,0.7272727272727273,13,1.1818181818181819,11,10,1,0,10,1,0,10,0,1,0,0,0,0,0,11,11,54,1346,1131,11,0,0,19,1.1818181818181819,51,1,872,156,375,29,47840
2025-07-04,argo,ireader.data.core,JvmDatabaseHandler,awaitListAsync,1,0,1.0,1,1.0,0,0,1,0,3,0,1,1,0.0,1,0,0,1,0.0,1,2.0,2,0,0.0,0,0.0,0.09090909090909091,54,40,0.6363636363636364,11,1,10,1,1,11,0,0,0,0,1,1,0,0,0,0,13,0.7272727272727273,13,1.1818181818181819,11,10,1,0,10,1,0,10,0,1,0,0,0,0,0,11,11,54,1346,1131,11,0,0,19,1.1818181818181819,51,1,872,156,375,29,47840
2025-07-04,argo,ireader.data.core,JvmDatabaseHandler,awaitOne,1,0,1.0,1,1.0,0,0,1,0,3,0,1,1,0.0,1,0,0,1,0.0,1,2.0,2,0,0.0,0,0.0,0.09090909090909091,54,40,0.6363636363636364,11,1,10,1,1,11,0,0,0,0,1,1,0,0,0,0,13,0.7272727272727273,13,1.1818181818181819,11,10,1,0,10,1,0,10,0,1,0,0,0,0,0,11,11,54,1346,1131,11,0,0,19,1.1818181818181819,51,1,872,156,375,29,47840
2025-07-04,argo,ireader.data.core,JvmDatabaseHandler,awaitOneAsync,1,0,1.0,1,1.0,0,0,1,0,3,0,1,1,0.0,1,0,0,1,0.0,1,2.0,2,0,0.0,0,0.0,0.09090909090909091,54,40,0.6363636363636364,11,1,10,1,1,11,0,0,0,0,1,1,0,0,0,0,13,0.7272727272727273,13,1.1818181818181819,11,10,1,0,10,1,0,10,0,1,0,0,0,0,0,11,11,54,1346,1131,11,0,0,19,1.1818181818181819,51,1,872,156,375,29,47840
2025-07-04,argo,ireader.data.core,JvmDatabaseHandler,awaitOneOrNull,1,0,1.0,1,1.0,0,0,1,0,3,0,1,1,0.0,1,0,0,1,0.0,1,2.0,2,0,0.0,0,0.0,0.09090909090909091,54,40,0.6363636363636364,11,1,10,1,1,11,0,0,0,0,1,1,0,0,0,0,13,0.7272727272727273,13,1.1818181818181819,11,10,1,0,10,1,0,10,0,1,0,0,0,0,0,11,11,54,1346,1131,11,0,0,19,1.1818181818181819,51,1,872,156,375,29,47840
2025-07-04,argo,ireader.data.core,JvmDatabaseHandler,awaitOneOrNullAsync,1,0,1.0,1,1.0,0,0,1,0,3,0,1,1,0.0,1,0,0,1,0.0,1,2.0,2,0,0.0,0,0.0,0.09090909090909091,54,40,0.6363636363636364,11,1,10,1,1,11,0,0,0,0,1,1,0,0,0,0,13,0.7272727272727273,13,1.1818181818181819,11,10,1,0,10,1,0,10,0,1,0,0,0,0,0,11,11,54,1346,1131,11,0,0,19,1.1818181818181819,51,1,872,156,375,29,47840
2025-07-04,argo,ireader.data.core,JvmDatabaseHandler,subscribeToList,1,0,0.0,1,1.0,0,0,1,0,3,0,1,0,0.0,0,0,0,2,0.0,2,3.0,1,0,0.0,0,0.0,0.09090909090909091,54,40,0.6363636363636364,11,1,10,1,1,11,0,0,0,0,1,1,0,0,0,0,13,0.7272727272727273,13,1.1818181818181819,11,10,1,0,10,1,0,10,0,1,0,0,0,0,0,11,11,54,1346,1131,11,0,0,19,1.1818181818181819,51,1,872,156,375,29,47840
2025-07-04,argo,ireader.data.core,JvmDatabaseHandler,subscribeToOne,1,0,0.0,1,1.0,0,0,1,0,3,0,1,0,0.0,0,0,0,2,0.0,2,3.0,1,0,0.0,0,0.0,0.09090909090909091,54,40,0.6363636363636364,11,1,10,1,1,11,0,0,0,0,1,1,0,0,0,0,13,0.7272727272727273,13,1.1818181818181819,11,10,1,0,10,1,0,10,0,1,0,0,0,0,0,11,11,54,1346,1131,11,0,0,19,1.1818181818181819,51,1,872,156,375,29,47840
2025-07-04,argo,ireader.data.core,JvmDatabaseHandler,subscribeToOneOrNull,1,0,0.0,1,1.0,0,0,1,0,3,0,1,0,0.0,0,0,0,2,0.0,2,3.0,1,0,0.0,0,0.0,0.09090909090909091,54,40,0.6363636363636364,11,1,10,1,1,11,0,0,0,0,1,1,0,0,0,0,13,0.7272727272727273,13,1.1818181818181819,11,10,1,0,10,1,0,10,0,1,0,0,0,0,0,11,11,54,1346,1131,11,0,0,19,1.1818181818181819,51,1,872,156,375,29,47840
2025-07-04,argo,ireader.data.core,JvmDatabaseHandler,dispatch,3,1,0.0,1,1.0,0,0,1,0,10,1,3,0,0.0,0,0,0,6,0.0,1,2.0,2,0,0.0,0,0.0,0.09090909090909091,54,40,0.6363636363636364,11,1,10,1,1,11,0,0,0,0,1,1,0,0,0,0,13,0.7272727272727273,13,1.1818181818181819,11,10,1,0,10,1,0,10,0,1,0,0,0,0,0,11,11,54,1346,1131,11,0,0,19,1.1818181818181819,51,1,872,156,375,29,47840
2025-07-04,argo,ireader.domain.image,CoverCache,getCoverFile,1,0,0.0,1,1.0,0,4,1,0,3,0,1,0,0.3333333333333333,0,1,0,3,1.0,0,2.5,1,0,0.0,0,0.0,0.2857142857142857,44,14,0.3333333333333333,5,2,0,0,0,7,2,0,8,0,0,8,4,4,0,0,9,1.0,9,1.2857142857142858,7,0,2,0,6,1,0,6,1,1,0,0,0,0,0,7,7,54,1346,1131,3,0,2,22,1.4285714285714286,9,0,296,156,375,14,47840
2025-07-04,argo,ireader.domain.image,CoverCache,getCustomCoverFile,1,0,0.0,1,1.0,0,4,1,0,3,0,1,0,0.5,0,1,0,3,1.0,0,4.0,1,0,0.0,0,0.0,0.2857142857142857,44,14,0.3333333333333333,5,2,0,0,0,7,2,0,8,0,0,8,4,4,0,0,9,1.0,9,1.2857142857142858,7,0,2,0,6,1,0,6,1,1,0,0,0,0,0,7,7,54,1346,1131,3,0,2,22,1.4285714285714286,9,0,296,156,375,14,47840
2025-07-04,argo,ireader.domain.image,CoverCache,setCustomCoverToCache,1,0,0.0,1,1.0,0,4,1,0,3,0,1,1,0.0,1,0,1,3,0.0,0,2.5,2,1,0.0,0,0.0,0.2857142857142857,44,14,0.3333333333333333,5,2,0,0,0,7,2,0,8,0,0,8,4,4,0,0,9,1.0,9,1.2857142857142858,7,0,2,0,6,1,0,6,1,1,0,0,0,0,0,7,7,54,1346,1131,3,0,2,22,1.4285714285714286,9,0,296,156,375,14,47840
2025-07-04,argo,ireader.domain.image,CoverCache,deleteFromCache,4,1,1.0,1,1.0,0,4,1,0,8,2,4,1,0.0,2,0,1,4,0.0,0,2.0,2,1,0.0,0,0.0,0.2857142857142857,44,14,0.3333333333333333,5,2,0,0,0,7,2,0,8,0,0,8,4,4,0,0,9,1.0,9,1.2857142857142858,7,0,2,0,6,1,0,6,1,1,0,0,0,0,0,7,7,54,1346,1131,3,0,2,22,1.4285714285714286,9,0,296,156,375,14,47840
2025-07-04,argo,ireader.domain.image,CoverCache,deleteCustomCover,1,0,0.0,1,1.0,0,4,1,0,3,0,1,1,0.0,1,0,0,3,0.0,0,2.0,1,0,0.0,0,0.0,0.2857142857142857,44,14,0.3333333333333333,5,2,0,0,0,7,2,0,8,0,0,8,4,4,0,0,9,1.0,9,1.2857142857142858,7,0,2,0,6,1,0,6,1,1,0,0,0,0,0,7,7,54,1346,1131,3,0,2,22,1.4285714285714286,9,0,296,156,375,14,47840
2025-07-04,argo,ireader.domain.image,CoverCache,clearMemoryCache,1,0,0.0,1,1.0,0,4,1,0,3,0,1,0,0.0,0,0,0,3,0.0,0,4.0,0,0,0.0,0,0.0,0.2857142857142857,44,14,0.3333333333333333,5,2,0,0,0,7,2,0,8,0,0,8,4,4,0,0,9,1.0,9,1.2857142857142858,7,0,2,0,6,1,0,6,1,1,0,0,0,0,0,7,7,54,1346,1131,3,0,2,22,1.4285714285714286,9,0,296,156,375,14,47840
2025-07-04,argo,ireader.domain.image,CoverCache,getCacheDir,1,0,0.0,1,1.0,0,4,1,0,3,0,1,0,0.0,0,0,0,3,0.0,0,2.0,1,0,0.0,0,0.0,0.2857142857142857,44,14,0.3333333333333333,5,2,0,0,0,7,2,0,8,0,0,8,4,4,0,0,9,1.0,9,1.2857142857142858,7,0,2,0,6,1,0,6,1,1,0,0,0,0,0,7,7,54,1346,1131,3,0,2,22,1.4285714285714286,9,0,296,156,375,14,47840
2025-07-04,argo,ireader.domain.models.common,Uri,toString,1,0,0.0,0,0.0,0,0,1,0,1,0,1,0,0.0,1,0,0,1,0.0,1,2.0,0,0,0.0,0,0.0,0.0,7,1,0.0,1,0,1,0,0,1,0,0,0,0,0,0,0,0,0,0,1,0.0,1,1.0,1,1,0,0,1,0,0,1,0,1,0,0,0,0,0,2,2,54,1346,1131,3,0,0,1,1.0,3,0,31,156,375,2,47840
2025-07-04,argo,ireader.domain.preferences.models.prefs,FontPreferences,key,1,0,0.0,0,0.0,0,4,1,0,3,0,1,0,0.0,1,0,0,1,0.0,1,2.0,0,0,0.0,0,0.0,0.3333333333333333,52,15,0.2,8,1,8,1,0,6,2,0,1,0,0,1,0,0,0,0,10,0.9166666666666666,10,1.1111111111111112,9,8,1,0,9,0,0,9,0,1,0,0,0,0,0,9,9,54,1346,1131,6,0,1,25,1.4444444444444444,30,0,421,156,375,42,47840
2025-07-04,argo,ireader.domain.preferences.models.prefs,FontPreferences,get,3,0,0.0,0,0.0,0,4,1,0,7,0,3,3,0.0,2,0,0,2,0.0,0,0.0,0,0,0.0,0,0.0,0.3333333333333333,52,15,0.2,8,1,8,1,0,6,2,0,1,0,0,1,0,0,0,0,10,0.9166666666666666,10,1.1111111111111112,9,8,1,0,9,0,0,9,0,1,0,0,0,0,0,9,9,54,1346,1131,6,0,1,25,1.4444444444444444,30,0,421,156,375,42,47840
2025-07-04,argo,ireader.domain.preferences.models.prefs,FontPreferences,getFont,1,2,0.0,2,1.0,0,4,1,0,8,0,1,0,1.0,1,1,0,9,0.5,1,2.5,0,0,0.0,0,0.0,0.3333333333333333,52,15,0.2,8,1,8,1,0,6,2,0,1,0,0,1,0,0,0,0,10,0.9166666666666666,10,1.1111111111111112,9,8,1,0,9,0,0,9,0,1,0,0,0,0,0,9,9,54,1346,1131,6,0,1,25,1.4444444444444444,30,0,421,156,375,42,47840
2025-07-04,argo,ireader.domain.preferences.models.prefs,FontPreferences,set,3,0,0.0,0,0.0,0,4,1,0,7,1,3,1,0.0,2,0,0,4,0.0,1,2.5,1,0,0.0,0,0.0,0.3333333333333333,52,15,0.2,8,1,8,1,0,6,2,0,1,0,0,1,0,0,0,0,10,0.9166666666666666,10,1.1111111111111112,9,8,1,0,9,0,0,9,0,1,0,0,0,0,0,9,9,54,1346,1131,6,0,1,25,1.4444444444444444,30,0,421,156,375,42,47840
2025-07-04,argo,ireader.domain.preferences.models.prefs,FontPreferences,isSet,1,0,0.0,0,0.0,0,4,1,0,3,0,1,0,0.0,1,0,0,1,0.0,1,2.0,0,0,0.0,0,0.0,0.3333333333333333,52,15,0.2,8,1,8,1,0,6,2,0,1,0,0,1,0,0,0,0,10,0.9166666666666666,10,1.1111111111111112,9,8,1,0,9,0,0,9,0,1,0,0,0,0,0,9,9,54,1346,1131,6,0,1,25,1.4444444444444444,30,0,421,156,375,42,47840
2025-07-04,argo,ireader.domain.preferences.models.prefs,FontPreferences,delete,1,0,0.0,0,0.0,0,4,1,0,3,0,1,0,0.0,1,0,1,1,0.0,1,2.0,0,1,0.0,0,0.0,0.3333333333333333,52,15,0.2,8,1,8,1,0,6,2,0,1,0,0,1,0,0,0,0,10,0.9166666666666666,10,1.1111111111111112,9,8,1,0,9,0,0,9,0,1,0,0,0,0,0,9,9,54,1346,1131,6,0,1,25,1.4444444444444444,30,0,421,156,375,42,47840
2025-07-04,argo,ireader.domain.preferences.models.prefs,FontPreferences,defaultValue,1,0,0.0,0,0.0,0,4,1,0,3,0,1,1,0.0,0,0,0,1,0.0,0,0.0,0,0,0.0,0,0.0,0.3333333333333333,52,15,0.2,8,1,8,1,0,6,2,0,1,0,0,1,0,0,0,0,10,0.9166666666666666,10,1.1111111111111112,9,8,1,0,9,0,0,9,0,1,0,0,0,0,0,9,9,54,1346,1131,6,0,1,25,1.4444444444444444,30,0,421,156,375,42,47840
2025-07-04,argo,ireader.domain.preferences.models.prefs,FontPreferences,changes,1,0,0.0,0,0.0,0,4,1,0,3,0,1,1,0.0,2,0,0,2,0.0,2,3.0,0,0,0.0,0,0.0,0.3333333333333333,52,15,0.2,8,1,8,1,0,6,2,0,1,0,0,1,0,0,0,0,10,0.9166666666666666,10,1.1111111111111112,9,8,1,0,9,0,0,9,0,1,0,0,0,0,0,9,9,54,1346,1131,6,0,1,25,1.4444444444444444,30,0,421,156,375,42,47840
2025-07-04,argo,ireader.domain.preferences.models.prefs,FontPreferences,stateIn,1,0,1.0,0,0.0,0,4,1,0,3,0,1,2,0.0,3,0,0,4,0.0,0,2.3333333333333335,1,0,0.0,0,0.0,0.3333333333333333,52,15,0.2,8,1,8,1,0,6,2,0,1,0,0,1,0,0,0,0,10,0.9166666666666666,10,1.1111111111111112,9,8,1,0,9,0,0,9,0,1,0,0,0,0,0,9,9,54,1346,1131,6,0,1,25,1.4444444444444444,30,0,421,156,375,42,47840
2025-07-04,argo,ireader.domain.preferences.prefs,AndroidUiPreferences,font,1,0,0.0,1,1.0,0,0,1,0,3,0,1,0,0.0,0,0,0,3,0.0,0,2.5,0,0,0.0,0,0.0,0.0,9,3,0.0,1,0,1,1,0,1,0,0,0,0,0,1,1,1,0,0,1,0.0,1,1.0,1,1,0,0,1,0,0,1,0,1,0,0,0,0,0,1,1,54,1346,1131,10,0,0,3,1.0,108,1,645,156,375,108,47840
2025-07-04,argo,ireader.domain.services.downloaderService,DefaultNotificationHelper,openBookDetailIntent,1,0,0.0,3,0.6667,0,0,1,0,7,0,1,0,0.0,0,0,0,3,0.0,0,2.0,2,0,0.0,0,0.06666666666666667,0.8333333333333334,100,67,0.3333333333333333,6,11,0,0,9,11,0,0,2,0,9,11,0,0,0,0,9,0.6,9,1.5,6,0,11,0,6,0,0,6,3,1,0,0,0,0,0,6,6,54,1346,1131,4,0,0,80,1.8333333333333333,8,1,561,156,375,7,47840
2025-07-04,argo,ireader.domain.services.downloaderService,DefaultNotificationHelper,openBookDetailPendingIntent,1,0,1.0,1,1.0,0,0,1,0,3,0,1,1,0.0,1,0,0,1,0.0,1,2.0,2,0,0.0,0,0.06666666666666667,0.8333333333333334,100,67,0.3333333333333333,6,11,0,0,9,11,0,0,2,0,9,11,0,0,0,0,9,0.6,9,1.5,6,0,11,0,6,0,0,6,3,1,0,0,0,0,0,6,6,54,1346,1131,4,0,0,80,1.8333333333333333,8,1,561,156,375,7,47840
2025-07-04,argo,ireader.domain.services.downloaderService,DefaultNotificationHelper,baseInstallerNotification,2,1,0.0,3,1.0,0,0,1,0,14,1,2,0,0.0,0,0,0,18,0.0,2,3.0,2,0,0.0,0,0.06666666666666667,0.8333333333333334,100,67,0.3333333333333333,6,11,0,0,9,11,0,0,2,0,9,11,0,0,0,0,9,0.6,9,1.5,6,0,11,0,6,0,0,6,3,1,0,0,0,0,0,6,6,54,1346,1131,4,0,0,80,1.8333333333333333,8,1,561,156,375,7,47840
2025-07-04,argo,ireader.domain.services.downloaderService,DefaultNotificationHelper,baseNotificationDownloader,1,1,0.0,4,1.0,0,0,1,0,13,0,1,0,0.3333333333333333,0,1,0,18,0.33,2,2.6666666666666665,2,0,0.0,0,0.06666666666666667,0.8333333333333334,100,67,0.3333333333333333,6,11,0,0,9,11,0,0,2,0,9,11,0,0,0,0,9,0.6,9,1.5,6,0,11,0,6,0,0,6,3,1,0,0,0,0,0,6,6,54,1346,1131,4,0,0,80,1.8333333333333333,8,1,561,156,375,7,47840
2025-07-04,argo,ireader.domain.services.downloaderService,DefaultNotificationHelper,baseCancelledNotificationDownloader,3,0,0.0,5,1.0,0,0,1,0,15,1,3,0,0.3333333333333333,0,1,0,19,0.5,0,3.1818181818181817,2,0,0.0,0,0.06666666666666667,0.8333333333333334,100,67,0.3333333333333333,6,11,0,0,9,11,0,0,2,0,9,11,0,0,0,0,9,0.6,9,1.5,6,0,11,0,6,0,0,6,3,1,0,0,0,0,0,6,6,54,1346,1131,4,0,0,80,1.8333333333333333,8,1,561,156,375,7,47840
2025-07-04,argo,ireader.domain.services.downloaderService,DefaultNotificationHelper,cancelledNotificationDownloader,3,0,1.0,6,1.0,0,0,1,0,15,1,3,0,0.0,1,0,0,21,0.0,0,2.8,2,0,0.0,0,0.06666666666666667,0.8333333333333334,100,67,0.3333333333333333,6,11,0,0,9,11,0,0,2,0,9,11,0,0,0,0,9,0.6,9,1.5,6,0,11,0,6,0,0,6,3,1,0,0,0,0,0,6,6,54,1346,1131,4,0,0,80,1.8333333333333333,8,1,561,156,375,7,47840
2025-07-04,argo,ireader.domain.services.downloaderService,DownloaderService,doWork,7,6,0.0,13,0.9286,0,0,1,0,21,0,7,0,1.0,0,10,0,27,1.67,2,2.16,0,0,0.0,0,0.0,1.0,47,21,0.0,1,12,1,1,1,1,0,0,11,0,1,12,0,0,0,0,1,0.0,1,1.0,1,1,12,0,1,0,0,1,0,1,0,0,0,0,0,1,1,54,1346,1131,4,0,0,27,7.0,8,1,561,156,375,7,47840
2025-07-04,argo,ireader.domain.services.extensions_insstaller_service,ExtensionManagerService,doWork,3,3,0.0,10,0.9167,0,0,1,0,22,0,3,0,1.0,0,5,0,25,1.67,2,2.380952380952381,0,0,0.0,0,0.0,1.0,38,22,0.0,1,7,1,1,3,1,0,0,4,0,3,7,0,0,0,0,1,0.0,1,1.0,1,1,7,0,1,0,0,1,0,1,0,0,0,0,0,1,1,54,1346,1131,2,0,0,25,3.0,3,0,160,156,375,2,47840
2025-07-04,argo,ireader.domain.services.library_update_service,LibraryUpdatesService,doWork,9,5,0.0,13,0.9375,0,0,1,0,36,1,9,0,1.0,0,6,0,36,1.2,2,2.3636363636363638,0,0,0.0,0,0.0,1.0,56,36,0.0,1,6,1,1,0,1,0,0,6,0,0,8,2,2,0,0,2,0.0,2,2.0,1,1,6,0,1,0,0,1,0,1,0,0,0,0,0,1,1,54,1346,1131,1,0,0,36,9.0,2,0,211,156,375,1,47840
2025-07-04,argo,ireader.domain.services.tts_service.media_player,TTSNotificationBuilder,openTTSScreen,1,0,1.0,1,1.0,0,0,1,0,1,0,1,1,0.0,1,0,0,7,0.25,0,3.3333333333333335,4,0,0.0,0,0.07142857142857142,1.0,110,83,0.5,8,9,0,0,7,8,2,0,2,0,7,9,0,0,0,0,11,0.8571428571428572,11,1.375,8,0,9,0,4,4,0,4,4,1,0,0,0,0,0,8,8,54,1346,1131,2,0,1,107,1.875,23,0,1375,156,375,27,47840
2025-07-04,argo,ireader.domain.services.tts_service.media_player,TTSNotificationBuilder,cancelMediaPlayer,1,0,0.0,1,1.0,0,0,1,0,1,0,1,0,1.0,0,1,0,5,1.0,0,2.25,0,0,0.0,0,0.07142857142857142,1.0,110,83,0.5,8,9,0,0,7,8,2,0,2,0,7,9,0,0,0,0,11,0.8571428571428572,11,1.375,8,0,9,0,4,4,0,4,4,1,0,0,0,0,0,8,8,54,1346,1131,2,0,1,107,1.875,23,0,1375,156,375,27,47840
2025-07-04,argo,ireader.domain.services.tts_service.media_player,TTSNotificationBuilder,buildNotification,4,6,3.0,6,1.0,0,0,1,0,21,1,4,1,0.75,3,6,1,32,0.86,1,3.533333333333333,1,1,0.0,0,0.07142857142857142,1.0,110,83,0.5,8,9,0,0,7,8,2,0,2,0,7,9,0,0,0,0,11,0.8571428571428572,11,1.375,8,0,9,0,4,4,0,4,4,1,0,0,0,0,0,8,8,54,1346,1131,2,0,1,107,1.875,23,0,1375,156,375,27,47840
2025-07-04,argo,ireader.domain.services.tts_service.media_player,TTSNotificationBuilder,openReaderScreenIntent,1,0,0.0,5,0.4,0,0,1,0,7,0,1,0,0.0,0,0,0,10,0.0,0,2.2222222222222223,4,0,0.0,0,0.07142857142857142,1.0,110,83,0.5,8,9,0,0,7,8,2,0,2,0,7,9,0,0,0,0,11,0.8571428571428572,11,1.375,8,0,9,0,4,4,0,4,4,1,0,0,0,0,0,8,8,54,1346,1131,2,0,1,107,1.875,23,0,1375,156,375,27,47840
2025-07-04,argo,ireader.domain.services.tts_service.media_player,TTSNotificationBuilder,buildTTSNotification,5,14,2.0,7,1.0,0,0,1,0,44,1,5,0,0.7142857142857143,2,5,0,41,0.38,0,3.619047619047619,1,0,0.0,0,0.07142857142857142,1.0,110,83,0.5,8,9,0,0,7,8,2,0,2,0,7,9,0,0,0,0,11,0.8571428571428572,11,1.375,8,0,9,0,4,4,0,4,4,1,0,0,0,0,0,8,8,54,1346,1131,2,0,1,107,1.875,23,0,1375,156,375,27,47840
2025-07-04,argo,ireader.domain.services.tts_service.media_player,TTSNotificationBuilder,shouldCreateNowPlayingChannel,1,0,1.0,1,1.0,0,0,1,0,1,0,1,0,0.0,1,0,0,4,0.0,0,3.0,0,0,0.0,0,0.07142857142857142,1.0,110,83,0.5,8,9,0,0,7,8,2,0,2,0,7,9,0,0,0,0,11,0.8571428571428572,11,1.375,8,0,9,0,4,4,0,4,4,1,0,0,0,0,0,8,8,54,1346,1131,2,0,1,107,1.875,23,0,1375,156,375,27,47840
2025-07-04,argo,ireader.domain.services.tts_service.media_player,TTSNotificationBuilder,nowPlayingChannelExists,1,0,0.0,1,1.0,0,0,1,0,1,0,1,0,1.0,0,1,0,2,1.0,0,3.0,0,0,0.0,0,0.07142857142857142,1.0,110,83,0.5,8,9,0,0,7,8,2,0,2,0,7,9,0,0,0,0,11,0.8571428571428572,11,1.375,8,0,9,0,4,4,0,4,4,1,0,0,0,0,0,8,8,54,1346,1131,2,0,1,107,1.875,23,0,1375,156,375,27,47840
2025-07-04,argo,ireader.domain.services.tts_service.media_player,TTSNotificationBuilder,createNowPlayingChannel,1,0,0.0,1,1.0,0,0,1,0,7,0,1,0,1.0,0,1,0,6,1.0,0,3.0,1,0,0.0,0,0.07142857142857142,1.0,110,83,0.5,8,9,0,0,7,8,2,0,2,0,7,9,0,0,0,0,11,0.8571428571428572,11,1.375,8,0,9,0,4,4,0,4,4,1,0,0,0,0,0,8,8,54,1346,1131,2,0,1,107,1.875,23,0,1375,156,375,27,47840
2025-07-04,argo,ireader.domain.services.tts_service.media_player,TTSService,readPrefs,1,0,0.0,9,0.2222,1,4,4,0,18,0,1,0,1.0,0,5,0,38,5.0,0,2.5555555555555554,0,0,0.0,0,0.4853801169590643,0.8947368421052632,681,403,0.6,18,31,6,1,3,17,15,0,24,0,3,40,25,25,16,0,57,0.7426900584795322,57,3.0,19,6,31,0,15,4,0,15,3,1,0,0,0,0,0,37,37,54,1346,1131,2,0,18,291,5.052631578947368,23,0,1375,156,375,27,47840
2025-07-04,argo,ireader.domain.services.tts_service.media_player,TTSService,onCreate,3,5,1.0,13,0.7857,1,4,4,0,31,1,3,1,1.0,3,9,10,39,2.25,1,2.212121212121212,0,2,0.0,0,0.4853801169590643,0.8947368421052632,681,403,0.6,18,31,6,1,3,17,15,0,24,0,3,40,25,25,16,0,57,0.7426900584795322,57,3.0,19,6,31,0,15,4,0,15,3,1,0,0,0,0,0,37,37,54,1346,1131,2,0,18,291,5.052631578947368,23,0,1375,156,375,27,47840
2025-07-04,argo,ireader.domain.services.tts_service.media_player,TTSService,hookNotification,4,0,3.0,3,1.0,1,4,4,0,19,1,4,3,1.0,3,7,1,6,7.0,0,2.1666666666666665,0,1,0.0,0,0.4853801169590643,0.8947368421052632,681,403,0.6,18,31,6,1,3,17,15,0,24,0,3,40,25,25,16,0,57,0.7426900584795322,57,3.0,19,6,31,0,15,4,0,15,3,1,0,0,0,0,0,37,37,54,1346,1131,2,0,18,291,5.052631578947368,23,0,1375,156,375,27,47840
2025-07-04,argo,ireader.domain.services.tts_service.media_player,TTSService,initAudioManager,3,2,0.0,7,1.0,1,4,4,0,17,0,3,0,1.0,0,1,0,19,0.5,0,2.5,0,0,0.0,0,0.4853801169590643,0.8947368421052632,681,403,0.6,18,31,6,1,3,17,15,0,24,0,3,40,25,25,16,0,57,0.7426900584795322,57,3.0,19,6,31,0,15,4,0,15,3,1,0,0,0,0,0,37,37,54,1346,1131,2,0,18,291,5.052631578947368,23,0,1375,156,375,27,47840
2025-07-04,argo,ireader.domain.services.tts_service.media_player,TTSService,unhookNotification,3,0,0.0,0,0.0,1,4,4,0,7,1,3,0,1.0,0,2,1,3,2.0,0,0.0,0,1,0.0,0,0.4853801169590643,0.8947368421052632,681,403,0.6,18,31,6,1,3,17,15,0,24,0,3,40,25,25,16,0,57,0.7426900584795322,57,3.0,19,6,31,0,15,4,0,15,3,1,0,0,0,0,0,37,37,54,1346,1131,2,0,18,291,5.052631578947368,23,0,1375,156,375,27,47840
2025-07-04,argo,ireader.domain.services.tts_service.media_player,TTSService,initPlayer,3,0,1.0,4,0.5,1,4,4,0,17,1,3,2,1.0,2,3,1,9,3.0,0,2.25,0,0,0.0,0,0.4853801169590643,0.8947368421052632,681,403,0.6,18,31,6,1,3,17,15,0,24,0,3,40,25,25,16,0,57,0.7426900584795322,57,3.0,19,6,31,0,15,4,0,15,3,1,0,0,0,0,0,37,37,54,1346,1131,2,0,18,291,5.052631578947368,23,0,1375,156,375,27,47840
2025-07-04,argo,ireader.domain.services.tts_service.media_player,TTSService,onGetRoot,1,0,0.0,0,0.0,1,4,4,0,3,0,1,0,0.0,0,0,0,1,0.0,0,0.0,3,0,0.0,0,0.4853801169590643,0.8947368421052632,681,403,0.6,18,31,6,1,3,17,15,0,24,0,3,40,25,25,16,0,57,0.7426900584795322,57,3.0,19,6,31,0,15,4,0,15,3,1,0,0,0,0,0,37,37,54,1346,1131,2,0,18,291,5.052631578947368,23,0,1375,156,375,27,47840
2025-07-04,argo,ireader.domain.services.tts_service.media_player,TTSService,onLoadChildren,1,0,0.0,1,1.0,1,4,4,0,3,0,1,0,0.0,0,0,1,1,0.0,1,2.0,2,1,0.0,0,0.4853801169590643,0.8947368421052632,681,403,0.6,18,31,6,1,3,17,15,0,24,0,3,40,25,25,16,0,57,0.7426900584795322,57,3.0,19,6,31,0,15,4,0,15,3,1,0,0,0,0,0,37,37,54,1346,1131,2,0,18,291,5.052631578947368,23,0,1375,156,375,27,47840
2025-07-04,argo,ireader.domain.services.tts_service.media_player,TTSService,onStartCommand,5,7,1.0,10,1.0,1,4,4,0,31,2,5,3,0.6875,2,6,0,14,0.6,1,2.0526315789473686,3,0,0.0,0,0.4853801169590643,0.8947368421052632,681,403,0.6,18,31,6,1,3,17,15,0,24,0,3,40,25,25,16,0,57,0.7426900584795322,57,3.0,19,6,31,0,15,4,0,15,3,1,0,0,0,0,0,37,37,54,1346,1131,2,0,18,291,5.052631578947368,23,0,1375,156,375,27,47840
2025-07-04,argo,ireader.domain.services.tts_service.media_player,TTSService,onDestroy,1,0,2.0,3,1.0,1,4,4,0,9,0,1,1,1.0,2,4,1,3,4.0,1,2.0,0,1,0.0,0,0.4853801169590643,0.8947368421052632,681,403,0.6,18,31,6,1,3,17,15,0,24,0,3,40,25,25,16,0,57,0.7426900584795322,57,3.0,19,6,31,0,15,4,0,15,3,1,0,0,0,0,0,37,37,54,1346,1131,2,0,18,291,5.052631578947368,23,0,1375,156,375,27,47840
2025-07-04,argo,ireader.domain.services.tts_service.media_player,TTSService,setBundle,9,2,0.0,12,0.9231,1,4,4,0,23,1,9,0,0.23529411764705882,0,3,0,20,0.5,1,2.25,4,0,0.0,0,0.4853801169590643,0.8947368421052632,681,403,0.6,18,31,6,1,3,17,15,0,24,0,3,40,25,25,16,0,57,0.7426900584795322,57,3.0,19,6,31,0,15,4,0,15,3,1,0,0,0,0,0,37,37,54,1346,1131,2,0,18,291,5.052631578947368,23,0,1375,156,375,27,47840
2025-07-04,argo,ireader.domain.services.tts_service.media_player,TTSService,setPlaybackState,1,0,0.0,0,0.0,1,4,4,0,3,0,1,0,1.0,1,2,0,6,3.0,0,3.3333333333333335,1,0,0.0,0,0.4853801169590643,0.8947368421052632,681,403,0.6,18,31,6,1,3,17,15,0,24,0,3,40,25,25,16,0,57,0.7426900584795322,57,3.0,19,6,31,0,15,4,0,15,3,1,0,0,0,0,0,37,37,54,1346,1131,2,0,18,291,5.052631578947368,23,0,1375,156,375,27,47840
2025-07-04,argo,ireader.domain.services.tts_service.media_player,TTSService,updateNotification,1,1,0.0,3,1.0,1,4,4,0,6,0,1,0,1.0,0,2,0,6,2.0,1,2.2,0,0,0.0,0,0.4853801169590643,0.8947368421052632,681,403,0.6,18,31,6,1,3,17,15,0,24,0,3,40,25,25,16,0,57,0.7426900584795322,57,3.0,19,6,31,0,15,4,0,15,3,1,0,0,0,0,0,37,37,54,1346,1131,2,0,18,291,5.052631578947368,23,0,1375,156,375,27,47840
2025-07-04,argo,ireader.domain.services.tts_service.media_player,TTSService,startService,27,5,5.0,16,0.7895,1,4,4,0,130,2,27,35,0.9838709677419355,9,12,1,44,3.0,1,2.263157894736842,1,1,0.0,0,0.4853801169590643,0.8947368421052632,681,403,0.6,18,31,6,1,3,17,15,0,24,0,3,40,25,25,16,0,57,0.7426900584795322,57,3.0,19,6,31,0,15,4,0,15,3,1,0,0,0,0,0,37,37,54,1346,1131,2,0,18,291,5.052631578947368,23,0,1375,156,375,27,47840
2025-07-04,argo,ireader.domain.services.tts_service.media_player,TTSService,readText,18,3,2.0,19,0.5,1,4,4,0,87,4,18,8,0.90625,6,5,1,49,1.0,2,2.297872340425532,2,1,0.0,0,0.4853801169590643,0.8947368421052632,681,403,0.6,18,31,6,1,3,17,15,0,24,0,3,40,25,25,16,0,57,0.7426900584795322,57,3.0,19,6,31,0,15,4,0,15,3,1,0,0,0,0,0,37,37,54,1346,1131,2,0,18,291,5.052631578947368,23,0,1375,156,375,27,47840
2025-07-04,argo,ireader.domain.services.tts_service.media_player,TTSService,checkSleepTime,2,3,1.0,3,1.0,1,4,4,0,8,1,2,1,1.0,1,1,0,4,0.33,0,2.4,0,0,0.0,0,0.4853801169590643,0.8947368421052632,681,403,0.6,18,31,6,1,3,17,15,0,24,0,3,40,25,25,16,0,57,0.7426900584795322,57,3.0,19,6,31,0,15,4,0,15,3,1,0,0,0,0,0,37,37,54,1346,1131,2,0,18,291,5.052631578947368,23,0,1375,156,375,27,47840
2025-07-04,argo,ireader.domain.services.tts_service.media_player,TTSService,getRemoteChapter,7,1,0.0,8,1.0,1,4,4,0,34,2,7,11,0.5,2,4,0,20,0.8,1,2.5454545454545454,4,0,0.0,0,0.4853801169590643,0.8947368421052632,681,403,0.6,18,31,6,1,3,17,15,0,24,0,3,40,25,25,16,0,57,0.7426900584795322,57,3.0,19,6,31,0,15,4,0,15,3,1,0,0,0,0,0,37,37,54,1346,1131,2,0,18,291,5.052631578947368,23,0,1375,156,375,27,47840
2025-07-04,argo,ireader.domain.services.tts_service.media_player,TTSService,getChapterIndex,3,2,0.0,0,0.0,1,4,4,0,9,0,3,0,0.0,0,0,0,2,0.0,0,2.0,2,0,0.0,0,0.4853801169590643,0.8947368421052632,681,403,0.6,18,31,6,1,3,17,15,0,24,0,3,40,25,25,16,0,57,0.7426900584795322,57,3.0,19,6,31,0,15,4,0,15,3,1,0,0,0,0,0,37,37,54,1346,1131,2,0,18,291,5.052631578947368,23,0,1375,156,375,27,47840
2025-07-04,argo,ireader.domain.services.tts_service.media_player,TTSService,onAudioFocusChange,3,0,1.0,5,1.0,1,4,4,0,17,1,3,1,0.9090909090909091,1,4,1,7,4.0,1,2.0,1,1,0.0,0,0.4853801169590643,0.8947368421052632,681,403,0.6,18,31,6,1,3,17,15,0,24,0,3,40,25,25,16,0,57,0.7426900584795322,57,3.0,19,6,31,0,15,4,0,15,3,1,0,0,0,0,0,37,37,54,1346,1131,2,0,18,291,5.052631578947368,23,0,1375,156,375,27,47840
2025-07-04,argo,ireader.domain.services.update_service,UpdateApi,checkRelease,1,0,0.0,1,1.0,0,0,1,0,3,0,1,0,0.0,0,0,0,3,0.0,0,2.5,0,0,0.0,0,0.0,1.0,5,3,0.0,1,0,0,0,0,1,0,0,0,0,0,0,0,0,0,0,1,0.0,1,1.0,1,0,0,0,1,0,0,1,0,1,0,0,0,0,0,1,1,54,1346,1131,2,0,0,3,1.0,4,0,102,156,375,4,47840
2025-07-04,argo,ireader.domain.services.update_service,UpdateService,doWork,3,6,2.0,9,1.0,0,0,1,0,16,1,3,2,1.0,2,3,0,21,0.6,1,3.1538461538461537,0,0,0.0,0,0.0,0.6666666666666666,34,18,0.3333333333333333,3,4,1,1,0,4,0,0,4,0,1,5,1,1,0,0,5,0.6666666666666667,5,1.6666666666666667,3,1,4,0,1,2,0,1,2,1,0,0,0,0,0,3,3,54,1346,1131,2,0,0,39,1.6666666666666667,4,0,102,156,375,4,47840
2025-07-04,argo,ireader.domain.services.update_service,UpdateService,createNotification,1,0,0.0,1,1.0,0,0,1,0,1,0,1,0,0.0,0,1,0,12,0.33,0,4.0,3,0,0.0,0,0.0,0.6666666666666666,34,18,0.3333333333333333,3,4,1,1,0,4,0,0,4,0,1,5,1,1,0,0,5,0.6666666666666667,5,1.6666666666666667,3,1,4,0,1,2,0,1,2,1,0,0,0,0,0,3,3,54,1346,1131,2,0,0,39,1.6666666666666667,4,0,102,156,375,4,47840
2025-07-04,argo,ireader.domain.services.update_service,UpdateService,createIntent,1,0,0.0,1,1.0,0,0,1,0,1,0,1,0,0.0,0,0,0,6,0.0,0,2.5,1,0,0.0,0,0.0,0.6666666666666666,34,18,0.3333333333333333,3,4,1,1,0,4,0,0,4,0,1,5,1,1,0,0,5,0.6666666666666667,5,1.6666666666666667,3,1,4,0,1,2,0,1,2,1,0,0,0,0,0,3,3,54,1346,1131,2,0,0,39,1.6666666666666667,4,0,102,156,375,4,47840
2025-07-04,argo,ireader.domain.usecases.backup,AutomaticBackup,initialize,1,0,1.0,0,0.0,0,0,1,0,3,0,1,1,0.0,1,0,1,0,0.0,0,0.0,0,1,0.0,0,0.0,0.5,50,34,0.5,2,0,0,0,0,1,1,0,0,0,0,0,0,0,0,0,5,1.0,5,2.5,2,0,0,0,1,1,0,1,1,1,0,0,0,0,0,3,3,54,1346,1131,3,0,1,38,3.5,17,0,456,156,375,18,47840
2025-07-04,argo,ireader.domain.usecases.backup,AutomaticBackup,create,6,12,0.0,19,1.0,0,0,1,0,31,3,6,1,0.0,0,0,0,38,0.0,2,2.590909090909091,1,0,0.0,0,0.0,0.5,50,34,0.5,2,0,0,0,0,1,1,0,0,0,0,0,0,0,0,0,5,1.0,5,2.5,2,0,0,0,1,1,0,1,1,1,0,0,0,0,0,3,3,54,1346,1131,3,0,1,38,3.5,17,0,456,156,375,18,47840
2025-07-04,argo,ireader.domain.usecases.epub,EpubCreator,writeToUri,1,2,0.0,2,1.0,0,0,1,0,5,0,1,0,0.0,0,0,1,4,0.0,1,2.25,2,1,0.0,0,0.0,1.0,46,39,0.5,4,1,0,0,0,7,5,0,1,0,0,1,0,0,0,0,6,1.0,6,1.5,4,0,1,0,2,2,0,2,1,1,0,0,0,0,0,4,4,54,1346,1131,6,0,5,46,2.0,17,0,320,156,375,15,47840
2025-07-04,argo,ireader.domain.usecases.epub,EpubCreator,invoke,4,6,1.0,12,0.75,0,0,1,0,21,1,4,1,0.0,1,0,3,28,0.0,1,2.55,3,3,0.0,0,0.0,1.0,46,39,0.5,4,1,0,0,0,7,5,0,1,0,0,1,0,0,0,0,6,1.0,6,1.5,4,0,1,0,2,2,0,2,1,1,0,0,0,0,0,4,4,54,1346,1131,6,0,5,46,2.0,17,0,320,156,375,15,47840
2025-07-04,argo,ireader.domain.usecases.epub,EpubCreator,sanitizeFilename,2,1,0.0,1,1.0,0,0,1,0,7,1,2,0,0.5,0,1,0,2,0.5,1,2.0,1,0,0.0,0,0.0,1.0,46,39,0.5,4,1,0,0,0,7,5,0,1,0,0,1,0,0,0,0,6,1.0,6,1.5,4,0,1,0,2,2,0,2,1,1,0,0,0,0,0,4,4,54,1346,1131,6,0,5,46,2.0,17,0,320,156,375,15,47840
2025-07-04,argo,ireader.domain.usecases.epub,EpubCreator,onEpubCreateRequested,1,3,1.0,2,1.0,0,0,1,0,6,0,1,0,0.0,1,0,1,12,0.0,0,4.333333333333333,2,1,0.0,0,0.0,1.0,46,39,0.5,4,1,0,0,0,7,5,0,1,0,0,1,0,0,0,0,6,1.0,6,1.5,4,0,1,0,2,2,0,2,1,1,0,0,0,0,0,4,4,54,1346,1131,6,0,5,46,2.0,17,0,320,156,375,15,47840
2025-07-04,argo,ireader.domain.usecases.epub,ImportEpub,getEpubReader,1,0,0.0,1,1.0,0,6,4,0,3,0,1,0,0.0,0,0,0,3,0.0,3,2.5,1,0,0.0,0,0.0,0.45454545454545453,110,23,0.4,11,0,0,0,0,10,3,0,0,0,0,0,0,0,0,0,16,0.9272727272727272,16,1.4545454545454546,11,0,0,0,4,5,0,4,4,1,0,0,0,0,0,13,13,54,1346,1131,6,0,3,82,2.4,17,0,320,156,375,15,47840
2025-07-04,argo,ireader.domain.usecases.epub,ImportEpub,getSections,2,8,0.0,3,1.0,0,6,4,0,16,1,2,0,0.0,1,0,1,9,0.0,2,2.5,1,1,0.0,0,0.0,0.45454545454545453,110,23,0.4,11,0,0,0,0,10,3,0,0,0,0,0,0,0,0,0,16,0.9272727272727272,16,1.4545454545454546,11,0,0,0,4,5,0,4,4,1,0,0,0,0,0,13,13,54,1346,1131,6,0,3,82,2.4,17,0,320,156,375,15,47840
2025-07-04,argo,ireader.domain.usecases.epub,ImportEpub,parse,2,5,0.0,8,1.0,0,6,4,0,17,1,2,2,0.0,3,0,1,36,0.0,1,2.6666666666666665,1,1,0.0,0,0.0,0.45454545454545453,110,23,0.4,11,0,0,0,0,10,3,0,0,0,0,0,0,0,0,0,16,0.9272727272727272,16,1.4545454545454546,11,0,0,0,4,5,0,4,4,1,0,0,0,0,0,13,13,54,1346,1131,6,0,3,82,2.4,17,0,320,156,375,15,47840
2025-07-04,argo,ireader.domain.usecases.epub,ImportEpub,parseXMLFile,1,0,0.0,1,1.0,0,6,4,0,1,0,1,0,0.0,1,0,0,3,0.0,3,4.0,1,0,0.0,0,0.0,0.45454545454545453,110,23,0.4,11,0,0,0,0,10,3,0,0,0,0,0,0,0,0,0,16,0.9272727272727272,16,1.4545454545454546,11,0,0,0,4,5,0,4,4,1,0,0,0,0,0,13,13,54,1346,1131,6,0,3,82,2.4,17,0,320,156,375,15,47840
2025-07-04,argo,ireader.domain.usecases.epub,ImportEpub,parseXMLFile,1,0,0.0,1,1.0,0,6,4,0,1,0,1,3,0.0,2,0,0,1,0.0,1,2.0,1,0,0.0,0,0.0,0.45454545454545453,110,23,0.4,11,0,0,0,0,10,3,0,0,0,0,0,0,0,0,0,16,0.9272727272727272,16,1.4545454545454546,11,0,0,0,4,5,0,4,4,1,0,0,0,0,0,13,13,54,1346,1131,6,0,3,82,2.4,17,0,320,156,375,15,47840
2025-07-04,argo,ireader.domain.usecases.epub,ImportEpub,parseXMLText,1,0,1.0,1,1.0,0,6,4,0,1,0,1,0,0.0,1,0,0,6,0.0,0,3.0,1,0,0.0,0,0.0,0.45454545454545453,110,23,0.4,11,0,0,0,0,10,3,0,0,0,0,0,0,0,0,0,16,0.9272727272727272,16,1.4545454545454546,11,0,0,0,4,5,0,4,4,1,0,0,0,0,0,13,13,54,1346,1131,6,0,3,82,2.4,17,0,320,156,375,15,47840
2025-07-04,argo,ireader.domain.usecases.epub,ImportEpub,getPTraverse,5,1,0.0,5,1.0,0,6,4,0,10,1,5,0,0.0,0,0,0,10,0.0,2,2.375,1,0,0.0,0,0.0,0.45454545454545453,110,23,0.4,11,0,0,0,0,10,3,0,0,0,0,0,0,0,0,0,16,0.9272727272727272,16,1.4545454545454546,11,0,0,0,4,5,0,4,4,1,0,0,0,0,0,13,13,54,1346,1131,6,0,3,82,2.4,17,0,320,156,375,15,47840
2025-07-04,argo,ireader.domain.usecases.epub,ImportEpub,getNodeTextTraverse,6,2,0.0,5,1.0,0,6,4,0,15,2,6,2,0.0,2,0,0,8,0.0,2,2.111111111111111,1,0,0.0,0,0.0,0.45454545454545453,110,23,0.4,11,0,0,0,0,10,3,0,0,0,0,0,0,0,0,0,16,0.9272727272727272,16,1.4545454545454546,11,0,0,0,4,5,0,4,4,1,0,0,0,0,0,13,13,54,1346,1131,6,0,3,82,2.4,17,0,320,156,375,15,47840
2025-07-04,argo,ireader.domain.usecases.epub,ImportEpub,getNodeStructuredText,4,1,0.0,5,1.0,0,6,4,0,12,2,4,2,0.0,2,0,0,7,0.0,2,2.125,1,0,0.0,0,0.0,0.45454545454545453,110,23,0.4,11,0,0,0,0,10,3,0,0,0,0,0,0,0,0,0,16,0.9272727272727272,16,1.4545454545454546,11,0,0,0,4,5,0,4,4,1,0,0,0,0,0,13,13,54,1346,1131,6,0,3,82,2.4,17,0,320,156,375,15,47840
2025-07-04,argo,ireader.domain.usecases.epub,ImportEpub,getCacheSize,1,0,0.0,0,0.0,0,6,4,0,3,0,1,0,0.0,1,0,0,1,0.0,1,2.0,0,0,0.0,0,0.0,0.45454545454545453,110,23,0.4,11,0,0,0,0,10,3,0,0,0,0,0,0,0,0,0,16,0.9272727272727272,16,1.4545454545454546,11,0,0,0,4,5,0,4,4,1,0,0,0,0,0,13,13,54,1346,1131,6,0,3,82,2.4,17,0,320,156,375,15,47840
2025-07-04,argo,ireader.domain.usecases.epub,ImportEpub,removeCache,1,0,0.0,1,1.0,0,6,4,0,3,0,1,0,0.0,0,0,1,1,0.0,1,2.0,0,1,0.0,0,0.0,0.45454545454545453,110,23,0.4,11,0,0,0,0,10,3,0,0,0,0,0,0,0,0,0,16,0.9272727272727272,16,1.4545454545454546,11,0,0,0,4,5,0,4,4,1,0,0,0,0,0,13,13,54,1346,1131,6,0,3,82,2.4,17,0,320,156,375,15,47840
2025-07-04,argo,ireader.domain.usecases.file,AndroidFileSaver,save,1,0,0.0,1,1.0,0,0,1,0,3,0,1,0,0.0,0,0,1,8,0.0,0,3.6666666666666665,2,1,0.0,0,0.0,0.25,18,13,0.0,4,0,4,1,0,4,1,0,0,0,0,0,0,0,0,0,4,0.8333333333333334,4,1.0,4,4,0,0,4,0,0,4,1,1,0,0,0,0,0,4,4,54,1346,1131,3,0,2,27,1.0,12,1,81,156,375,8,47840
2025-07-04,argo,ireader.domain.usecases.file,AndroidFileSaver,validate,1,0,0.0,1,1.0,0,0,1,0,4,0,1,0,0.0,0,0,1,8,0.0,0,5.0,1,1,0.0,0,0.0,0.25,18,13,0.0,4,0,4,1,0,4,1,0,0,0,0,0,0,0,0,0,4,0.8333333333333334,4,1.0,4,4,0,0,4,0,0,4,1,1,0,0,0,0,0,4,4,54,1346,1131,3,0,2,27,1.0,12,1,81,156,375,8,47840
2025-07-04,argo,ireader.domain.usecases.file,AndroidFileSaver,read,1,0,0.0,1,1.0,0,0,1,0,3,0,1,0,0.0,0,0,0,8,0.0,0,5.0,1,0,0.0,0,0.0,0.25,18,13,0.0,4,0,4,1,0,4,1,0,0,0,0,0,0,0,0,0,4,0.8333333333333334,4,1.0,4,4,0,0,4,0,0,4,1,1,0,0,0,0,0,4,4,54,1346,1131,3,0,2,27,1.0,12,1,81,156,375,8,47840
2025-07-04,argo,ireader.domain.usecases.file,AndroidFileSaver,readStream,1,0,0.0,1,1.0,0,0,1,0,3,0,1,0,0.0,0,0,0,3,0.0,0,4.0,1,0,0.0,0,0.0,0.25,18,13,0.0,4,0,4,1,0,4,1,0,0,0,0,0,0,0,0,0,4,0.8333333333333334,4,1.0,4,4,0,0,4,0,0,4,1,1,0,0,0,0,0,4,4,54,1346,1131,3,0,2,27,1.0,12,1,81,156,375,8,47840
2025-07-04,argo,ireader.domain.usecases.files,AndroidGetSimpleStorage,provideActivity,1,0,0.0,0,0.0,0,2,1,0,4,0,1,0,0.3333333333333333,0,2,2,2,1.0,0,0.0,2,0,0.0,0,0.045454545454545456,0.8333333333333334,81,44,0.1,12,6,10,1,0,6,4,0,0,0,0,4,0,0,2,0,18,0.9393939393939394,18,1.5,12,10,6,0,12,0,0,12,2,1,0,0,0,0,0,12,12,54,1346,1131,3,0,8,35,1.5833333333333333,28,1,197,156,375,22,47840
2025-07-04,argo,ireader.domain.usecases.files,AndroidGetSimpleStorage,ireaderDirectory,1,0,0.0,1,1.0,0,2,1,0,1,0,1,0,0.0,0,0,0,1,0.0,1,2.0,1,0,0.0,0,0.045454545454545456,0.8333333333333334,81,44,0.1,12,6,10,1,0,6,4,0,0,0,0,4,0,0,2,0,18,0.9393939393939394,18,1.5,12,10,6,0,12,0,0,12,2,1,0,0,0,0,0,12,12,54,1346,1131,3,0,8,35,1.5833333333333333,28,1,197,156,375,22,47840
2025-07-04,argo,ireader.domain.usecases.files,AndroidGetSimpleStorage,extensionDirectory,1,0,0.0,1,1.0,0,2,1,0,1,0,1,0,0.0,0,0,0,1,0.0,1,2.0,0,0,0.0,0,0.045454545454545456,0.8333333333333334,81,44,0.1,12,6,10,1,0,6,4,0,0,0,0,4,0,0,2,0,18,0.9393939393939394,18,1.5,12,10,6,0,12,0,0,12,2,1,0,0,0,0,0,12,12,54,1346,1131,3,0,8,35,1.5833333333333333,28,1,197,156,375,22,47840
2025-07-04,argo,ireader.domain.usecases.files,AndroidGetSimpleStorage,cacheExtensionDir,1,0,0.0,1,1.0,0,2,1,0,1,0,1,0,0.0,0,0,0,1,0.0,0,2.0,0,0,0.0,0,0.045454545454545456,0.8333333333333334,81,44,0.1,12,6,10,1,0,6,4,0,0,0,0,4,0,0,2,0,18,0.9393939393939394,18,1.5,12,10,6,0,12,0,0,12,2,1,0,0,0,0,0,12,12,54,1346,1131,3,0,8,35,1.5833333333333333,28,1,197,156,375,22,47840
2025-07-04,argo,ireader.domain.usecases.files,AndroidGetSimpleStorage,ireaderCacheDir,1,0,0.0,1,1.0,0,2,1,0,1,0,1,0,0.0,0,0,0,1,0.0,0,2.0,0,0,0.0,0,0.045454545454545456,0.8333333333333334,81,44,0.1,12,6,10,1,0,6,4,0,0,0,0,4,0,0,2,0,18,0.9393939393939394,18,1.5,12,10,6,0,12,0,0,12,2,1,0,0,0,0,0,12,12,54,1346,1131,3,0,8,35,1.5833333333333333,28,1,197,156,375,22,47840
2025-07-04,argo,ireader.domain.usecases.files,AndroidGetSimpleStorage,checkPermission,5,0,2.0,2,1.0,0,2,1,0,17,1,5,2,1.0,2,4,2,8,4.0,1,2.0,0,2,0.0,0,0.045454545454545456,0.8333333333333334,81,44,0.1,12,6,10,1,0,6,4,0,0,0,0,4,0,0,2,0,18,0.9393939393939394,18,1.5,12,10,6,0,12,0,0,12,2,1,0,0,0,0,0,12,12,54,1346,1131,3,0,8,35,1.5833333333333333,28,1,197,156,375,22,47840
2025-07-04,argo,ireader.domain.usecases.files,AndroidGetSimpleStorage,createIReaderDir,2,0,0.0,2,1.0,0,2,1,0,5,0,2,0,1.0,0,1,1,5,1.0,0,2.6666666666666665,0,1,0.0,0,0.045454545454545456,0.8333333333333334,81,44,0.1,12,6,10,1,0,6,4,0,0,0,0,4,0,0,2,0,18,0.9393939393939394,18,1.5,12,10,6,0,12,0,0,12,2,1,0,0,0,0,0,12,12,54,1346,1131,3,0,8,35,1.5833333333333333,28,1,197,156,375,22,47840
2025-07-04,argo,ireader.domain.usecases.files,AndroidGetSimpleStorage,createNoMediaFile,2,1,0.0,3,1.0,0,2,1,0,8,1,2,0,1.0,0,1,1,4,1.0,1,2.2,0,1,0.0,0,0.045454545454545456,0.8333333333333334,81,44,0.1,12,6,10,1,0,6,4,0,0,0,0,4,0,0,2,0,18,0.9393939393939394,18,1.5,12,10,6,0,12,0,0,12,2,1,0,0,0,0,0,12,12,54,1346,1131,3,0,8,35,1.5833333333333333,28,1,197,156,375,22,47840
2025-07-04,argo,ireader.domain.usecases.files,AndroidGetSimpleStorage,clearImageCache,1,0,0.0,1,1.0,0,2,1,0,3,0,1,0,0.0,0,0,1,3,0.0,0,4.0,0,1,0.0,0,0.045454545454545456,0.8333333333333334,81,44,0.1,12,6,10,1,0,6,4,0,0,0,0,4,0,0,2,0,18,0.9393939393939394,18,1.5,12,10,6,0,12,0,0,12,2,1,0,0,0,0,0,12,12,54,1346,1131,3,0,8,35,1.5833333333333333,28,1,197,156,375,22,47840
2025-07-04,argo,ireader.domain.usecases.files,AndroidGetSimpleStorage,clearCache,1,0,0.0,1,1.0,0,2,1,0,3,0,1,0,0.0,0,0,1,2,0.0,0,3.0,0,1,0.0,0,0.045454545454545456,0.8333333333333334,81,44,0.1,12,6,10,1,0,6,4,0,0,0,0,4,0,0,2,0,18,0.9393939393939394,18,1.5,12,10,6,0,12,0,0,12,2,1,0,0,0,0,0,12,12,54,1346,1131,3,0,8,35,1.5833333333333333,28,1,197,156,375,22,47840
2025-07-04,argo,ireader.domain.usecases.files,AndroidGetSimpleStorage,getCacheSize,1,0,0.0,1,1.0,0,2,1,0,3,0,1,0,0.0,1,0,0,3,0.0,0,4.0,0,0,0.0,0,0.045454545454545456,0.8333333333333334,81,44,0.1,12,6,10,1,0,6,4,0,0,0,0,4,0,0,2,0,18,0.9393939393939394,18,1.5,12,10,6,0,12,0,0,12,2,1,0,0,0,0,0,12,12,54,1346,1131,3,0,8,35,1.5833333333333333,28,1,197,156,375,22,47840
2025-07-04,argo,ireader.domain.usecases.files,AndroidGetSimpleStorage,get,2,1,0.0,3,1.0,0,2,1,0,7,1,2,1,0.0,1,0,0,4,0.0,1,2.0,1,0,0.0,0,0.045454545454545456,0.8333333333333334,81,44,0.1,12,6,10,1,0,6,4,0,0,0,0,4,0,0,2,0,18,0.9393939393939394,18,1.5,12,10,6,0,12,0,0,12,2,1,0,0,0,0,0,12,12,54,1346,1131,3,0,8,35,1.5833333333333333,28,1,197,156,375,22,47840
2025-07-04,argo,ireader.domain.usecases.preferences,SelectedFontStateUseCase,saveFont,1,0,0.0,1,1.0,0,0,1,0,3,0,1,0,0.0,0,0,1,2,0.0,2,3.0,1,1,0.0,0,0.0,0.0,17,12,0.0,4,0,0,0,0,2,2,0,0,0,0,0,0,0,0,0,4,1.0,4,1.0,4,0,0,0,4,0,0,4,2,1,0,0,0,0,0,4,4,54,1346,1131,3,0,2,8,1.0,14,0,122,156,375,14,47840
2025-07-04,argo,ireader.domain.usecases.preferences,SelectedFontStateUseCase,readFont,1,0,0.0,1,1.0,0,0,1,0,3,0,1,0,0.0,0,0,0,2,0.0,2,3.0,0,0,0.0,0,0.0,0.0,17,12,0.0,4,0,0,0,0,2,2,0,0,0,0,0,0,0,0,0,4,1.0,4,1.0,4,0,0,0,4,0,0,4,2,1,0,0,0,0,0,4,4,54,1346,1131,3,0,2,8,1.0,14,0,122,156,375,14,47840
2025-07-04,argo,ireader.domain.usecases.preferences,SelectedFontStateUseCase,saveSelectableText,1,0,0.0,1,1.0,0,0,1,0,3,0,1,0,0.0,0,0,1,2,0.0,2,3.0,1,1,0.0,0,0.0,0.0,17,12,0.0,4,0,0,0,0,2,2,0,0,0,0,0,0,0,0,0,4,1.0,4,1.0,4,0,0,0,4,0,0,4,2,1,0,0,0,0,0,4,4,54,1346,1131,3,0,2,8,1.0,14,0,122,156,375,14,47840
2025-07-04,argo,ireader.domain.usecases.preferences,SelectedFontStateUseCase,readSelectableText,1,0,0.0,1,1.0,0,0,1,0,3,0,1,0,0.0,0,0,0,2,0.0,2,3.0,0,0,0.0,0,0.0,0.0,17,12,0.0,4,0,0,0,0,2,2,0,0,0,0,0,0,0,0,0,4,1.0,4,1.0,4,0,0,0,4,0,0,4,2,1,0,0,0,0,0,4,4,54,1346,1131,3,0,2,8,1.0,14,0,122,156,375,14,47840
2025-07-04,argo,ireader.domain.usecases.preferences,TextReaderPrefUseCase,savePitch,1,0,0.0,1,1.0,0,0,1,0,3,0,1,0,0.0,0,0,1,2,0.0,2,3.0,1,1,0.0,0,0.0,0.0,41,30,0.0,10,0,0,0,0,5,2,0,0,0,0,0,0,0,0,0,10,0.9777777777777777,10,1.0,10,0,0,0,10,0,0,10,5,1,0,0,0,0,0,10,10,54,1346,1131,3,0,5,23,1.0,14,0,122,156,375,14,47840
2025-07-04,argo,ireader.domain.usecases.preferences,TextReaderPrefUseCase,readPitch,1,0,0.0,1,1.0,0,0,1,0,3,0,1,0,0.0,0,0,0,2,0.0,2,3.0,0,0,0.0,0,0.0,0.0,41,30,0.0,10,0,0,0,0,5,2,0,0,0,0,0,0,0,0,0,10,0.9777777777777777,10,1.0,10,0,0,0,10,0,0,10,5,1,0,0,0,0,0,10,10,54,1346,1131,3,0,5,23,1.0,14,0,122,156,375,14,47840
2025-07-04,argo,ireader.domain.usecases.preferences,TextReaderPrefUseCase,saveRate,1,0,0.0,1,1.0,0,0,1,0,3,0,1,0,0.0,0,0,1,2,0.0,2,3.0,1,1,0.0,0,0.0,0.0,41,30,0.0,10,0,0,0,0,5,2,0,0,0,0,0,0,0,0,0,10,0.9777777777777777,10,1.0,10,0,0,0,10,0,0,10,5,1,0,0,0,0,0,10,10,54,1346,1131,3,0,5,23,1.0,14,0,122,156,375,14,47840
2025-07-04,argo,ireader.domain.usecases.preferences,TextReaderPrefUseCase,readRate,1,0,0.0,1,1.0,0,0,1,0,3,0,1,0,0.0,0,0,0,2,0.0,2,3.0,0,0,0.0,0,0.0,0.0,41,30,0.0,10,0,0,0,0,5,2,0,0,0,0,0,0,0,0,0,10,0.9777777777777777,10,1.0,10,0,0,0,10,0,0,10,5,1,0,0,0,0,0,10,10,54,1346,1131,3,0,5,23,1.0,14,0,122,156,375,14,47840
2025-07-04,argo,ireader.domain.usecases.preferences,TextReaderPrefUseCase,saveLanguage,1,0,0.0,1,1.0,0,0,1,0,3,0,1,0,0.0,0,0,1,2,0.0,2,3.0,1,1,0.0,0,0.0,0.0,41,30,0.0,10,0,0,0,0,5,2,0,0,0,0,0,0,0,0,0,10,0.9777777777777777,10,1.0,10,0,0,0,10,0,0,10,5,1,0,0,0,0,0,10,10,54,1346,1131,3,0,5,23,1.0,14,0,122,156,375,14,47840
2025-07-04,argo,ireader.domain.usecases.preferences,TextReaderPrefUseCase,readLanguage,1,0,0.0,1,1.0,0,0,1,0,3,0,1,0,0.0,0,0,0,2,0.0,2,3.0,0,0,0.0,0,0.0,0.0,41,30,0.0,10,0,0,0,0,5,2,0,0,0,0,0,0,0,0,0,10,0.9777777777777777,10,1.0,10,0,0,0,10,0,0,10,5,1,0,0,0,0,0,10,10,54,1346,1131,3,0,5,23,1.0,14,0,122,156,375,14,47840
2025-07-04,argo,ireader.domain.usecases.preferences,TextReaderPrefUseCase,saveVoice,1,0,0.0,1,1.0,0,0,1,0,3,0,1,0,0.0,0,0,1,3,0.0,0,2.5,1,1,0.0,0,0.0,0.0,41,30,0.0,10,0,0,0,0,5,2,0,0,0,0,0,0,0,0,0,10,0.9777777777777777,10,1.0,10,0,0,0,10,0,0,10,5,1,0,0,0,0,0,10,10,54,1346,1131,3,0,5,23,1.0,14,0,122,156,375,14,47840
2025-07-04,argo,ireader.domain.usecases.preferences,TextReaderPrefUseCase,readVoice,1,0,0.0,1,1.0,0,0,1,0,3,0,1,0,0.0,0,0,0,4,0.0,0,2.3333333333333335,0,0,0.0,0,0.0,0.0,41,30,0.0,10,0,0,0,0,5,2,0,0,0,0,0,0,0,0,0,10,0.9777777777777777,10,1.0,10,0,0,0,10,0,0,10,5,1,0,0,0,0,0,10,10,54,1346,1131,3,0,5,23,1.0,14,0,122,156,375,14,47840
2025-07-04,argo,ireader.domain.usecases.preferences,TextReaderPrefUseCase,saveAutoNext,1,0,0.0,1,1.0,0,0,1,0,3,0,1,0,0.0,0,0,1,2,0.0,2,3.0,1,1,0.0,0,0.0,0.0,41,30,0.0,10,0,0,0,0,5,2,0,0,0,0,0,0,0,0,0,10,0.9777777777777777,10,1.0,10,0,0,0,10,0,0,10,5,1,0,0,0,0,0,10,10,54,1346,1131,3,0,5,23,1.0,14,0,122,156,375,14,47840
2025-07-04,argo,ireader.domain.usecases.preferences,TextReaderPrefUseCase,readAutoNext,1,0,0.0,1,1.0,0,0,1,0,3,0,1,0,0.0,0,0,0,2,0.0,2,3.0,0,0,0.0,0,0.0,0.0,41,30,0.0,10,0,0,0,0,5,2,0,0,0,0,0,0,0,0,0,10,0.9777777777777777,10,1.0,10,0,0,0,10,0,0,10,5,1,0,0,0,0,0,10,10,54,1346,1131,3,0,5,23,1.0,14,0,122,156,375,14,47840
2025-07-04,argo,ireader.domain.usecases.reader,ScreenAlwaysOnImpl,invoke,2,0,0.0,1,1.0,0,0,1,0,10,1,2,0,0.0,0,0,0,8,0.0,0,6.0,1,0,0.0,0,0.0,1.0,12,10,0.0,1,0,1,1,0,1,0,0,0,0,0,0,0,0,0,0,2,0.0,2,2.0,1,1,0,0,1,0,0,1,0,1,0,0,0,0,0,1,1,54,1346,1131,3,0,0,8,2.0,3,1,36,156,375,1,47840
2025-07-04,argo,ireader.domain.usecases.services,StartDownloadServicesUseCase,start,5,1,0.0,7,1.0,0,0,1,0,19,2,5,0,0.0,0,0,0,15,0.0,1,2.4,3,0,0.0,0,0.0,0.5,25,22,0.0,2,0,0,0,0,2,1,0,0,0,3,2,0,0,1,0,3,1.0,3,1.5,2,0,0,0,2,0,0,2,0,1,0,0,0,0,0,2,2,54,1346,1131,13,0,1,17,3.0,21,0,415,156,375,13,47840
2025-07-04,argo,ireader.domain.usecases.services,StartDownloadServicesUseCase,stop,1,0,0.0,1,1.0,0,0,1,0,3,0,1,0,0.0,0,0,1,2,0.0,2,3.0,0,1,0.0,0,0.0,0.5,25,22,0.0,2,0,0,0,0,2,1,0,0,0,3,2,0,0,1,0,3,1.0,3,1.5,2,0,0,0,2,0,0,2,0,1,0,0,0,0,0,2,2,54,1346,1131,13,0,1,17,3.0,21,0,415,156,375,13,47840
2025-07-04,argo,ireader.domain.usecases.services,StartExtensionManagerService,start,4,1,0.0,3,1.0,0,0,1,0,10,1,4,0,0.0,0,0,0,7,0.0,1,2.6,0,0,0.0,0,0.0,0.5,16,13,0.0,2,0,0,0,0,0,1,0,1,0,1,2,0,0,0,0,2,1.0,2,1.0,2,0,0,0,2,0,0,2,0,1,0,0,0,0,0,2,2,54,1346,1131,13,0,1,9,2.5,21,0,415,156,375,13,47840
2025-07-04,argo,ireader.domain.usecases.services,StartExtensionManagerService,stop,1,0,0.0,1,1.0,0,0,1,0,3,0,1,0,0.0,0,0,1,2,0.0,2,3.0,0,1,0.0,0,0.0,0.5,16,13,0.0,2,0,0,0,0,0,1,0,1,0,1,2,0,0,0,0,2,1.0,2,1.0,2,0,0,0,2,0,0,2,0,1,0,0,0,0,0,2,2,54,1346,1131,13,0,1,9,2.5,21,0,415,156,375,13,47840
2025-07-04,argo,ireader.domain.usecases.services,StartLibraryUpdateServicesUseCase,start,2,1,0.0,5,1.0,0,0,1,0,7,0,2,0,0.0,0,0,1,10,0.0,1,2.375,1,1,0.0,0,0.0,0.5,13,10,0.0,2,0,0,0,0,1,1,0,1,0,1,2,0,0,0,0,2,1.0,2,1.0,2,0,0,0,2,0,0,2,0,1,0,0,0,0,0,2,2,54,1346,1131,13,0,2,12,1.5,21,0,415,156,375,13,47840
2025-07-04,argo,ireader.domain.usecases.services,StartLibraryUpdateServicesUseCase,stop,1,0,0.0,1,1.0,0,0,1,0,3,0,1,0,0.0,0,0,1,2,0.0,2,3.0,0,1,0.0,0,0.0,0.5,13,10,0.0,2,0,0,0,0,1,1,0,1,0,1,2,0,0,0,0,2,1.0,2,1.0,2,0,0,0,2,0,0,2,0,1,0,0,0,0,0,2,2,54,1346,1131,13,0,2,12,1.5,21,0,415,156,375,13,47840
2025-07-04,argo,ireader.domain.usecases.services,StartTTSServicesUseCase,invoke,3,1,0.0,2,1.0,0,0,1,0,13,1,3,0,0.0,0,0,1,5,0.0,1,2.3333333333333335,3,1,0.0,0,0.0,1.0,15,13,0.0,1,0,0,0,0,2,1,0,0,0,0,0,0,0,0,0,3,0.0,3,3.0,1,0,0,0,1,0,0,1,0,1,0,0,0,0,0,1,1,54,1346,1131,13,0,1,5,3.0,21,0,415,156,375,13,47840
2025-07-04,argo,ireader.domain.usecases.translate,GoogleTranslateML,translate,1,2,0.0,3,1.0,1,0,1,0,5,0,1,0,0.0,1,0,1,13,0.0,4,2.857142857142857,5,1,0.0,0,0.0,1.0,7,5,0.0,1,0,1,1,0,4,1,0,0,0,0,0,0,0,0,0,1,0.0,1,1.0,1,1,0,0,1,0,0,1,0,1,0,0,0,0,0,1,1,54,1346,1131,5,0,1,13,1.0,4,0,223,156,375,3,47840
2025-07-04,argo,ireader.domain.utils,AndroidCookieJar,saveFromResponse,1,1,0.0,2,1.0,1,1,1,0,4,0,1,0,0.3333333333333333,0,1,1,4,0.33,1,2.0,2,1,0.0,0,0.6,0.6,38,22,0.0,4,1,2,1,0,4,2,0,2,0,0,2,0,0,0,0,5,0.8,5,1.0,5,2,1,0,5,0,0,5,2,1,0,0,0,0,0,6,6,54,1346,1131,8,0,2,22,1.8,36,0,596,156,375,15,47840
2025-07-04,argo,ireader.domain.utils,AndroidCookieJar,loadForRequest,1,0,0.0,0,0.0,1,1,1,0,3,0,1,1,0.0,1,0,0,1,0.0,0,0.0,1,0,0.0,0,0.6,0.6,38,22,0.0,4,1,2,1,0,4,2,0,2,0,0,2,0,0,0,0,5,0.8,5,1.0,5,2,1,0,5,0,0,5,2,1,0,0,0,0,0,6,6,54,1346,1131,8,0,2,22,1.8,36,0,596,156,375,15,47840
2025-07-04,argo,ireader.domain.utils,AndroidCookieJar,get,3,1,0.0,3,1.0,1,1,1,0,8,0,3,0,0.3333333333333333,0,1,0,7,0.5,1,2.5,1,0,0.0,0,0.6,0.6,38,22,0.0,4,1,2,1,0,4,2,0,2,0,0,2,0,0,0,0,5,0.8,5,1.0,5,2,1,0,5,0,0,5,2,1,0,0,0,0,0,6,6,54,1346,1131,8,0,2,22,1.8,36,0,596,156,375,15,47840
2025-07-04,argo,ireader.domain.utils,AndroidCookieJar,remove,3,2,0.0,4,1.0,1,1,1,0,12,0,3,0,0.4,0,1,1,10,0.2,1,2.25,3,1,0.0,0,0.6,0.6,38,22,0.0,4,1,2,1,0,4,2,0,2,0,0,2,0,0,0,0,5,0.8,5,1.0,5,2,1,0,5,0,0,5,2,1,0,0,0,0,0,6,6,54,1346,1131,8,0,2,22,1.8,36,0,596,156,375,15,47840
2025-07-04,argo,ireader.domain.utils,AndroidCookieJar,removeAll,1,0,0.0,0,0.0,1,1,1,0,3,0,1,0,1.0,0,1,0,0,1.0,0,2.0,0,0,0.0,0,0.6,0.6,38,22,0.0,4,1,2,1,0,4,2,0,2,0,0,2,0,0,0,0,5,0.8,5,1.0,5,2,1,0,5,0,0,5,2,1,0,0,0,0,0,6,6,54,1346,1131,8,0,2,22,1.8,36,0,596,156,375,15,47840
2025-07-04,argo,ireader.domain.utils,NotificationManager,show,2,0,0.0,3,1.0,0,0,1,0,8,1,2,0,0.3333333333333333,0,1,0,6,0.5,1,2.2,2,0,0.0,0,1.0,1.0,18,11,0.0,2,2,0,0,0,2,1,0,1,0,1,4,0,0,0,0,3,1.0,3,1.5,2,0,2,0,2,0,0,2,0,1,0,0,0,0,0,2,2,54,1346,1131,8,0,0,7,1.5,36,0,596,156,375,15,47840
2025-07-04,argo,ireader.domain.utils,NotificationManager,cancel,1,0,0.0,0,0.0,0,0,1,0,3,0,1,0,0.5,1,1,0,1,1.0,1,2.0,1,0,0.0,0,1.0,1.0,18,11,0.0,2,2,0,0,0,2,1,0,1,0,1,4,0,0,0,0,3,1.0,3,1.5,2,0,2,0,2,0,0,2,0,1,0,0,0,0,0,2,2,54,1346,1131,8,0,0,7,1.5,36,0,596,156,375,15,47840
2025-07-04,argo,ireader.domain.catalogs,CatalogPreferences,lastRemoteCheck,1,0,0.0,1,1.0,0,0,1,0,3,0,1,0,0.0,0,0,0,1,0.0,1,2.0,0,0,0.0,0,0.0,0.0,9,6,0.0,2,0,0,0,0,2,0,0,0,0,0,0,0,0,0,0,2,1.0,2,1.0,2,0,0,0,2,0,0,2,0,1,0,0,0,0,0,2,2,54,1346,1131,2,0,0,2,1.0,7,0,223,156,375,9,47840
2025-07-04,argo,ireader.domain.catalogs,CatalogPreferences,pinnedCatalogs,1,0,0.0,1,1.0,0,0,1,0,3,0,1,0,0.0,0,0,0,1,0.0,1,2.0,0,0,0.0,0,0.0,0.0,9,6,0.0,2,0,0,0,0,2,0,0,0,0,0,0,0,0,0,0,2,1.0,2,1.0,2,0,0,0,2,0,0,2,0,1,0,0,0,0,0,2,2,54,1346,1131,2,0,0,2,1.0,7,0,223,156,375,9,47840
2025-07-04,argo,ireader.domain.catalogs,CatalogStore,get,2,0,0.0,0,0.0,0,2,1,0,6,1,2,0,0.3333333333333333,0,1,0,2,2.0,0,0.0,1,0,0.0,0,0.14285714285714285,0.8571428571428571,130,60,0.4,5,8,0,0,2,7,2,0,6,0,2,5,0,0,3,0,13,0.6666666666666667,13,1.8571428571428572,7,0,8,0,3,4,0,3,1,1,0,0,0,0,0,7,7,54,1346,1131,2,0,1,38,2.5714285714285716,7,0,223,156,375,9,47840
2025-07-04,argo,ireader.domain.catalogs,CatalogStore,getCatalogsFlow,1,0,0.0,0,0.0,0,2,1,0,3,0,1,0,1.0,0,1,0,0,2.0,0,0.0,0,0,0.0,0,0.14285714285714285,0.8571428571428571,130,60,0.4,5,8,0,0,2,7,2,0,6,0,2,5,0,0,3,0,13,0.6666666666666667,13,1.8571428571428572,7,0,8,0,3,4,0,3,1,1,0,0,0,0,0,7,7,54,1346,1131,2,0,1,38,2.5714285714285716,7,0,223,156,375,9,47840
2025-07-04,argo,ireader.domain.catalogs,CatalogStore,togglePinnedCatalog,3,4,1.0,5,1.0,0,2,1,0,14,1,3,0,0.7272727272727273,2,3,1,10,0.6,1,2.076923076923077,1,1,0.0,0,0.14285714285714285,0.8571428571428571,130,60,0.4,5,8,0,0,2,7,2,0,6,0,2,5,0,0,3,0,13,0.6666666666666667,13,1.8571428571428572,7,0,8,0,3,4,0,3,1,1,0,0,0,0,0,7,7,54,1346,1131,2,0,1,38,2.5714285714285716,7,0,223,156,375,9,47840
2025-07-04,argo,ireader.domain.catalogs,CatalogStore,onInstalled,7,5,2.0,7,0.8571,0,2,1,0,27,1,7,0,0.5,3,4,0,16,0.57,1,2.1538461538461537,2,0,0.0,0,0.14285714285714285,0.8571428571428571,130,60,0.4,5,8,0,0,2,7,2,0,6,0,2,5,0,0,3,0,13,0.6666666666666667,13,1.8571428571428572,7,0,8,0,3,4,0,3,1,1,0,0,0,0,0,7,7,54,1346,1131,2,0,1,38,2.5714285714285716,7,0,223,156,375,9,47840
2025-07-04,argo,ireader.domain.catalogs,CatalogStore,onUninstalled,2,1,0.0,3,1.0,0,2,1,0,8,1,2,0,0.625,0,3,0,6,1.0,0,2.2,2,0,0.0,0,0.14285714285714285,0.8571428571428571,130,60,0.4,5,8,0,0,2,7,2,0,6,0,2,5,0,0,3,0,13,0.6666666666666667,13,1.8571428571428572,7,0,8,0,3,4,0,3,1,1,0,0,0,0,0,7,7,54,1346,1131,2,0,1,38,2.5714285714285716,7,0,223,156,375,9,47840
2025-07-04,argo,ireader.domain.catalogs,CatalogStore,checkHasUpdate,1,1,0.0,0,0.0,0,2,1,0,4,0,1,0,1.0,0,1,0,0,1.0,0,2.0,0,0,0.0,0,0.14285714285714285,0.8571428571428571,130,60,0.4,5,8,0,0,2,7,2,0,6,0,2,5,0,0,3,0,13,0.6666666666666667,13,1.8571428571428572,7,0,8,0,3,4,0,3,1,1,0,0,0,0,0,7,7,54,1346,1131,2,0,1,38,2.5714285714285716,7,0,223,156,375,9,47840
2025-07-04,argo,ireader.domain.catalogs,CatalogStore,copy,2,0,0.0,2,0.5,0,2,1,0,7,0,2,3,0.0,1,0,0,4,0.0,1,2.0,2,0,0.0,0,0.14285714285714285,0.8571428571428571,130,60,0.4,5,8,0,0,2,7,2,0,6,0,2,5,0,0,3,0,13,0.6666666666666667,13,1.8571428571428572,7,0,8,0,3,4,0,3,1,1,0,0,0,0,0,7,7,54,1346,1131,2,0,1,38,2.5714285714285716,7,0,223,156,375,9,47840
2025-07-04,argo,ireader.domain.catalogs.interactor,GetCatalogsByType,subscribe,3,4,0.0,4,1.0,0,0,2,0,13,1,3,0,0.0,1,0,0,16,0.0,1,2.1666666666666665,3,0,0.0,0,0.0,1.0,17,13,0.0,1,0,0,0,0,3,0,0,0,0,0,0,0,0,0,0,2,0.0,2,2.0,1,0,0,0,1,0,0,1,0,1,0,0,0,0,0,1,1,54,1346,1131,10,0,0,16,3.0,14,2,297,156,375,14,47840
2025-07-04,argo,ireader.domain.catalogs.interactor,GetInstalledCatalog,get,1,0,0.0,1,1.0,0,2,1,0,3,0,1,0,0.0,0,0,0,3,0.0,0,2.5,1,0,0.0,0,0.0,0.6666666666666666,13,3,0.0,3,0,0,0,0,4,0,0,0,0,0,0,0,0,0,0,3,0.6666666666666667,3,1.0,3,0,0,0,3,0,0,3,0,1,0,0,0,0,0,3,3,54,1346,1131,10,0,0,7,1.0,14,2,297,156,375,14,47840
2025-07-04,argo,ireader.domain.catalogs.interactor,GetInstalledCatalog,subscribe,1,0,0.0,1,1.0,0,2,1,0,3,0,1,0,0.0,0,0,0,5,0.0,0,2.25,1,0,0.0,0,0.0,0.6666666666666666,13,3,0.0,3,0,0,0,0,4,0,0,0,0,0,0,0,0,0,0,3,0.6666666666666667,3,1.0,3,0,0,0,3,0,0,3,0,1,0,0,0,0,0,3,3,54,1346,1131,10,0,0,7,1.0,14,2,297,156,375,14,47840
2025-07-04,argo,ireader.domain.catalogs.interactor,GetInstalledCatalog,get,1,0,0.0,1,1.0,0,2,1,0,3,0,1,0,0.0,0,0,0,2,0.0,0,3.0,0,0,0.0,0,0.0,0.6666666666666666,13,3,0.0,3,0,0,0,0,4,0,0,0,0,0,0,0,0,0,0,3,0.6666666666666667,3,1.0,3,0,0,0,3,0,0,3,0,1,0,0,0,0,0,3,3,54,1346,1131,10,0,0,7,1.0,14,2,297,156,375,14,47840
2025-07-04,argo,ireader.domain.catalogs.interactor,GetLocalCatalog,get,1,0,0.0,0,0.0,0,1,1,0,3,0,1,0,0.0,1,0,0,1,0.0,1,2.0,1,0,0.0,0,0.0,0.0,5,0,0.0,1,0,0,0,0,2,0,0,0,0,0,0,0,0,0,0,1,0.0,1,1.0,1,0,0,0,1,0,0,1,0,1,0,0,0,0,0,1,1,54,1346,1131,10,0,0,1,1.0,14,2,297,156,375,14,47840
2025-07-04,argo,ireader.domain.catalogs.interactor,GetLocalCatalogs,subscribe,2,1,2.0,3,0.6667,0,0,2,0,7,0,2,2,0.0,2,0,0,4,0.0,1,2.0,1,0,0.0,0,0.16666666666666666,0.75,33,18,0.25,4,1,0,0,1,4,0,0,0,0,1,1,0,0,0,0,4,0.8333333333333334,4,1.0,4,0,1,0,2,2,0,2,0,1,0,0,0,0,0,5,5,54,1346,1131,10,0,0,11,1.25,14,2,297,156,375,14,47840
2025-07-04,argo,ireader.domain.catalogs.interactor,GetLocalCatalogs,find,1,0,0.0,1,1.0,0,0,2,0,3,0,1,0,0.0,0,0,0,1,0.0,1,2.0,1,0,0.0,0,0.16666666666666666,0.75,33,18,0.25,4,1,0,0,1,4,0,0,0,0,1,1,0,0,0,0,4,0.8333333333333334,4,1.0,4,0,1,0,2,2,0,2,0,1,0,0,0,0,0,5,5,54,1346,1131,10,0,0,11,1.25,14,2,297,156,375,14,47840
2025-07-04,argo,ireader.domain.catalogs.interactor,GetLocalCatalogs,sortByName,1,0,0.0,0,0.0,0,0,2,0,3,0,1,0,0.6666666666666666,0,1,0,0,1.0,0,2.0,1,0,0.0,0,0.16666666666666666,0.75,33,18,0.25,4,1,0,0,1,4,0,0,0,0,1,1,0,0,0,0,4,0.8333333333333334,4,1.0,4,0,1,0,2,2,0,2,0,1,0,0,0,0,0,5,5,54,1346,1131,10,0,0,11,1.25,14,2,297,156,375,14,47840
2025-07-04,argo,ireader.domain.catalogs.interactor,GetLocalCatalogs,sortByFavorites,1,2,0.0,2,1.0,0,0,2,0,5,0,1,0,0.6666666666666666,0,1,0,6,0.33,0,2.5,1,0,0.0,0,0.16666666666666666,0.75,33,18,0.25,4,1,0,0,1,4,0,0,0,0,1,1,0,0,0,0,4,0.8333333333333334,4,1.0,4,0,1,0,2,2,0,2,0,1,0,0,0,0,0,5,5,54,1346,1131,10,0,0,11,1.25,14,2,297,156,375,14,47840
2025-07-04,argo,ireader.domain.catalogs.interactor,GetRemoteCatalogs,await,1,0,0.0,1,1.0,0,0,1,0,3,0,1,0,0.0,0,0,0,1,0.0,1,2.0,0,0,0.0,0,0.0,0.5,13,10,0.0,2,0,0,0,0,3,0,0,0,0,0,0,0,0,0,0,2,1.0,2,1.0,2,0,0,0,2,0,0,2,0,1,0,0,0,0,0,2,2,54,1346,1131,10,0,0,3,2.0,14,2,297,156,375,14,47840
2025-07-04,argo,ireader.domain.catalogs.interactor,GetRemoteCatalogs,subscribe,3,0,0.0,1,1.0,0,0,1,0,7,0,3,0,0.0,0,0,0,2,0.0,2,2.2,1,0,0.0,0,0.0,0.5,13,10,0.0,2,0,0,0,0,3,0,0,0,0,0,0,0,0,0,0,2,1.0,2,1.0,2,0,0,0,2,0,0,2,0,1,0,0,0,0,0,2,2,54,1346,1131,10,0,0,3,2.0,14,2,297,156,375,14,47840
2025-07-04,argo,ireader.domain.catalogs.interactor,SyncRemoteCatalogs,await,4,4,0.0,9,0.8889,0,0,1,0,20,2,4,0,0.0,0,0,0,16,0.0,1,2.5555555555555554,2,0,0.0,0,0.0,1.0,26,20,0.0,1,0,0,0,0,2,0,0,0,0,1,1,1,1,0,0,2,0.0,2,2.0,1,0,0,0,1,0,0,1,0,1,0,0,0,0,0,1,1,54,1346,1131,10,0,0,16,4.0,14,2,297,156,375,14,47840
2025-07-04,argo,ireader.domain.catalogs.interactor,TogglePinnedCatalog,await,1,0,0.0,1,1.0,0,0,1,0,3,0,1,0,0.0,0,0,1,2,0.0,0,3.0,1,1,0.0,0,0.0,0.0,5,3,0.0,1,0,0,0,0,1,1,0,0,0,0,0,0,0,0,0,1,0.0,1,1.0,1,0,0,0,1,0,0,1,0,1,0,0,0,0,0,1,1,54,1346,1131,10,0,1,2,1.0,14,2,297,156,375,14,47840
2025-07-04,argo,ireader.domain.catalogs.interactor,UpdateCatalog,await,3,2,0.0,1,1.0,0,0,1,0,9,0,3,0,0.0,1,0,0,4,0.0,1,2.0,1,0,0.0,0,0.0,1.0,11,9,0.0,1,0,0,0,0,2,0,0,0,0,0,0,0,0,0,0,1,0.0,1,1.0,1,0,0,0,1,0,0,1,0,1,0,0,0,0,0,1,1,54,1346,1131,10,0,0,4,3.0,14,2,297,156,375,14,47840
2025-07-04,argo,ireader.domain.models,Mask,getFlag,1,0,0.0,0,0.0,0,2,1,0,3,0,1,0,0.6666666666666666,0,2,0,0,2.0,0,2.0,1,0,0.0,0,0.0,0.0,13,0,0.0,1,2,0,0,2,3,0,0,0,0,2,2,0,0,0,0,2,0.0,2,1.0,2,0,3,0,2,0,0,2,0,3,0,0,0,0,0,2,2,54,1346,1131,7,0,0,2,0.0,0,2,153,156,375,2,47840
2025-07-04,argo,ireader.domain.models,DisplayMode,Preference<Long>.set,1,4,0.0,1,1.0,0,0,1,0,3,0,1,0,0.5,0,0,0,2,0.0,0,2.0,0,0,0.0,0,0.0,0.0,26,0,0.0,0,0,0,1,0,0,0,0,0,0,1,3,3,3,0,0,0,0.0,0,0.0,0,0,3,0,2,0,0,2,0,3,0,0,2,0,2,0,2,54,1346,1131,7,1,0,2,0.0,0,2,153,156,375,2,47840
2025-07-04,argo,ireader.domain.models.entities,Book,allStatus,1,0,0.0,0,0.0,0,1,1,0,3,0,1,0,0.0,0,0,0,1,0.0,0,0.0,0,0,0.0,0,0.0,0.5,29,3,0.0,2,0,0,1,0,2,0,1,0,0,0,4,4,4,0,0,2,1.0,2,1.0,2,0,0,0,0,0,0,0,0,6,0,0,1,0,1,2,3,54,1346,1131,33,0,0,2,2.0,19,2,808,156,375,5,47840
2025-07-04,argo,ireader.domain.models.entities,Book,getStatusByName,3,0,0.0,0,0.0,0,1,1,0,9,1,3,0,0.0,0,0,0,1,0.0,0,0.0,0,0,0.0,0,0.0,0.5,29,3,0.0,2,0,0,1,0,2,0,1,0,0,0,4,4,4,0,0,2,1.0,2,1.0,2,0,0,0,0,0,0,0,0,6,0,0,1,0,1,2,3,54,1346,1131,33,0,0,2,2.0,19,2,808,156,375,5,47840
2025-07-04,argo,ireader.domain.models.entities,CategoryWithRelation,toCategoryWithCount,1,0,0.0,0,0.0,0,0,1,0,3,0,1,0,0.0,0,0,0,1,0.0,0,0.0,0,0,0.0,0,0.0,0.0,5,3,0.0,1,0,0,0,0,1,0,0,0,0,0,0,0,0,0,0,1,0.0,1,1.0,1,0,2,0,1,0,0,1,0,2,0,0,0,0,0,1,1,54,1346,1131,33,0,0,1,1.0,19,2,808,156,375,5,47840
2025-07-04,argo,ireader.domain.models.entities,Chapter,isEmpty,1,0,0.0,1,1.0,0,1,1,0,3,0,1,0,0.0,0,0,0,2,0.0,2,3.0,0,0,0.0,0,0.0,0.0,7,0,0.0,1,1,0,0,1,1,0,0,0,0,1,1,0,0,0,0,1,0.0,1,1.0,1,0,1,0,1,0,0,1,0,1,0,0,0,0,0,1,1,54,1346,1131,33,0,0,2,1.0,19,2,808,156,375,5,47840
2025-07-04,argo,ireader.domain.models.entities,ExtensionSource,default,3,0,0.0,0,0.0,0,0,1,0,6,1,3,0,0.0,0,0,0,0,0.0,0,0.0,0,0,0.0,0,0.0,1.0,14,6,0.0,1,0,0,0,0,1,0,1,0,0,0,0,0,0,0,0,1,0.0,1,1.0,1,0,0,0,1,0,0,1,0,1,0,0,1,0,1,1,2,54,1346,1131,33,1,0,0,3.0,19,2,808,156,375,5,47840
2025-07-04,argo,ireader.domain.models.theme,ExtraColors,updateFrom,1,0,0.0,0,0.0,0,0,1,0,5,0,1,0,0.6666666666666666,0,3,1,0,3.0,0,2.0,1,0,0.0,0,0.0,1.0,16,5,0.0,1,3,0,0,3,0,0,0,0,0,3,0,0,0,3,0,1,0.0,1,1.0,1,0,3,0,1,0,0,1,1,1,0,0,0,0,0,1,1,54,1346,1131,6,0,1,0,1.0,6,0,299,156,375,1,47840
2025-07-04,argo,ireader.domain.preferences.models.prefs,ThemeColorPreference,key,1,0,0.0,0,0.0,0,3,1,0,3,0,1,0,0.0,1,0,0,1,0.0,1,2.0,0,0,0.0,0,0.0,0.375,41,15,0.2,8,0,8,1,0,6,1,0,0,0,0,0,0,0,0,0,9,0.8928571428571429,9,1.125,8,8,0,0,16,0,0,16,0,2,0,0,0,0,0,8,8,54,1346,1131,6,0,1,19,1.5,30,0,421,156,375,42,47840
2025-07-04,argo,ireader.domain.preferences.models.prefs,ThemeColorPreference,get,3,0,0.0,0,0.0,0,3,1,0,7,0,3,0,0.0,2,0,0,2,0.0,1,2.0,0,0,0.0,0,0.0,0.375,41,15,0.2,8,0,8,1,0,6,1,0,0,0,0,0,0,0,0,0,9,0.8928571428571429,9,1.125,8,8,0,0,16,0,0,16,0,2,0,0,0,0,0,8,8,54,1346,1131,6,0,1,19,1.5,30,0,421,156,375,42,47840
2025-07-04,argo,ireader.domain.preferences.models.prefs,ThemeColorPreference,set,3,0,0.0,1,1.0,0,3,1,0,7,1,3,0,0.0,2,0,0,4,0.0,1,2.3333333333333335,1,0,0.0,0,0.0,0.375,41,15,0.2,8,0,8,1,0,6,1,0,0,0,0,0,0,0,0,0,9,0.8928571428571429,9,1.125,8,8,0,0,16,0,0,16,0,2,0,0,0,0,0,8,8,54,1346,1131,6,0,1,19,1.5,30,0,421,156,375,42,47840
2025-07-04,argo,ireader.domain.preferences.models.prefs,ThemeColorPreference,isSet,1,0,0.0,0,0.0,0,3,1,0,3,0,1,0,0.0,1,0,0,1,0.0,1,2.0,0,0,0.0,0,0.0,0.375,41,15,0.2,8,0,8,1,0,6,1,0,0,0,0,0,0,0,0,0,9,0.8928571428571429,9,1.125,8,8,0,0,16,0,0,16,0,2,0,0,0,0,0,8,8,54,1346,1131,6,0,1,19,1.5,30,0,421,156,375,42,47840
2025-07-04,argo,ireader.domain.preferences.models.prefs,ThemeColorPreference,delete,1,0,0.0,0,0.0,0,3,1,0,3,0,1,0,0.0,1,0,1,1,0.0,1,2.0,0,1,0.0,0,0.0,0.375,41,15,0.2,8,0,8,1,0,6,1,0,0,0,0,0,0,0,0,0,9,0.8928571428571429,9,1.125,8,8,0,0,16,0,0,16,0,2,0,0,0,0,0,8,8,54,1346,1131,6,0,1,19,1.5,30,0,421,156,375,42,47840
2025-07-04,argo,ireader.domain.preferences.models.prefs,ThemeColorPreference,defaultValue,1,0,0.0,0,0.0,0,3,1,0,3,0,1,0,0.0,0,0,0,0,0.0,0,2.0,0,0,0.0,0,0.0,0.375,41,15,0.2,8,0,8,1,0,6,1,0,0,0,0,0,0,0,0,0,9,0.8928571428571429,9,1.125,8,8,0,0,16,0,0,16,0,2,0,0,0,0,0,8,8,54,1346,1131,6,0,1,19,1.5,30,0,421,156,375,42,47840
2025-07-04,argo,ireader.domain.preferences.models.prefs,ThemeColorPreference,changes,1,0,0.0,0,0.0,0,3,1,0,3,0,1,1,0.0,2,0,0,2,0.0,2,3.0,0,0,0.0,0,0.0,0.375,41,15,0.2,8,0,8,1,0,6,1,0,0,0,0,0,0,0,0,0,9,0.8928571428571429,9,1.125,8,8,0,0,16,0,0,16,0,2,0,0,0,0,0,8,8,54,1346,1131,6,0,1,19,1.5,30,0,421,156,375,42,47840
2025-07-04,argo,ireader.domain.preferences.models.prefs,ThemeColorPreference,stateIn,1,0,1.0,0,0.0,0,3,1,0,3,0,1,2,0.0,3,0,0,4,0.0,0,2.3333333333333335,1,0,0.0,0,0.0,0.375,41,15,0.2,8,0,8,1,0,6,1,0,0,0,0,0,0,0,0,0,9,0.8928571428571429,9,1.125,8,8,0,0,16,0,0,16,0,2,0,0,0,0,0,8,8,54,1346,1131,6,0,1,19,1.5,30,0,421,156,375,42,47840
2025-07-04,argo,ireader.domain.preferences.models.prefs,ColorPreference,key,1,0,0.0,0,0.0,0,3,1,0,3,0,1,0,0.0,1,0,0,1,0.0,1,2.0,0,0,0.0,0,0.0,0.375,41,15,0.2,8,0,8,1,0,6,1,0,0,0,0,0,0,0,0,0,9,0.9285714285714286,9,1.125,8,8,0,0,16,0,0,16,0,2,0,0,0,0,0,8,8,54,1346,1131,6,0,1,19,1.5,30,0,421,156,375,42,47840
2025-07-04,argo,ireader.domain.preferences.models.prefs,ColorPreference,get,3,0,0.0,0,0.0,0,3,1,0,7,0,3,1,0.0,3,0,0,2,0.0,1,2.0,0,0,0.0,0,0.0,0.375,41,15,0.2,8,0,8,1,0,6,1,0,0,0,0,0,0,0,0,0,9,0.9285714285714286,9,1.125,8,8,0,0,16,0,0,16,0,2,0,0,0,0,0,8,8,54,1346,1131,6,0,1,19,1.5,30,0,421,156,375,42,47840
2025-07-04,argo,ireader.domain.preferences.models.prefs,ColorPreference,set,3,0,0.0,1,1.0,0,3,1,0,7,1,3,0,0.0,2,0,0,4,0.0,1,2.3333333333333335,1,0,0.0,0,0.0,0.375,41,15,0.2,8,0,8,1,0,6,1,0,0,0,0,0,0,0,0,0,9,0.9285714285714286,9,1.125,8,8,0,0,16,0,0,16,0,2,0,0,0,0,0,8,8,54,1346,1131,6,0,1,19,1.5,30,0,421,156,375,42,47840
2025-07-04,argo,ireader.domain.preferences.models.prefs,ColorPreference,isSet,1,0,0.0,0,0.0,0,3,1,0,3,0,1,0,0.0,1,0,0,1,0.0,1,2.0,0,0,0.0,0,0.0,0.375,41,15,0.2,8,0,8,1,0,6,1,0,0,0,0,0,0,0,0,0,9,0.9285714285714286,9,1.125,8,8,0,0,16,0,0,16,0,2,0,0,0,0,0,8,8,54,1346,1131,6,0,1,19,1.5,30,0,421,156,375,42,47840
2025-07-04,argo,ireader.domain.preferences.models.prefs,ColorPreference,delete,1,0,0.0,0,0.0,0,3,1,0,3,0,1,0,0.0,1,0,1,1,0.0,1,2.0,0,1,0.0,0,0.0,0.375,41,15,0.2,8,0,8,1,0,6,1,0,0,0,0,0,0,0,0,0,9,0.9285714285714286,9,1.125,8,8,0,0,16,0,0,16,0,2,0,0,0,0,0,8,8,54,1346,1131,6,0,1,19,1.5,30,0,421,156,375,42,47840
2025-07-04,argo,ireader.domain.preferences.models.prefs,ColorPreference,defaultValue,1,0,0.0,1,1.0,0,3,1,0,3,0,1,0,0.0,1,0,0,4,0.0,0,2.0,0,0,0.0,0,0.0,0.375,41,15,0.2,8,0,8,1,0,6,1,0,0,0,0,0,0,0,0,0,9,0.9285714285714286,9,1.125,8,8,0,0,16,0,0,16,0,2,0,0,0,0,0,8,8,54,1346,1131,6,0,1,19,1.5,30,0,421,156,375,42,47840
2025-07-04,argo,ireader.domain.preferences.models.prefs,ColorPreference,changes,1,0,0.0,0,0.0,0,3,1,0,3,0,1,1,0.0,2,0,0,2,0.0,2,3.0,0,0,0.0,0,0.0,0.375,41,15,0.2,8,0,8,1,0,6,1,0,0,0,0,0,0,0,0,0,9,0.9285714285714286,9,1.125,8,8,0,0,16,0,0,16,0,2,0,0,0,0,0,8,8,54,1346,1131,6,0,1,19,1.5,30,0,421,156,375,42,47840
2025-07-04,argo,ireader.domain.preferences.models.prefs,ColorPreference,stateIn,1,0,1.0,0,0.0,0,3,1,0,3,0,1,2,0.0,3,0,0,4,0.0,0,2.3333333333333335,1,0,0.0,0,0.0,0.375,41,15,0.2,8,0,8,1,0,6,1,0,0,0,0,0,0,0,0,0,9,0.9285714285714286,9,1.125,8,8,0,0,16,0,0,16,0,2,0,0,0,0,0,8,8,54,1346,1131,6,0,1,19,1.5,30,0,421,156,375,42,47840
2025-07-04,argo,ireader.domain.preferences.models.prefs,ReaderThemePreferences,key,1,0,0.0,0,0.0,0,3,1,0,3,0,1,0,0.0,1,0,0,1,0.0,1,2.0,0,0,0.0,0,0.0,0.125,37,15,0.2,8,0,8,1,0,6,1,0,0,0,0,0,0,0,0,0,8,0.9285714285714286,8,1.0,8,8,0,0,8,0,0,8,0,1,0,0,0,0,0,8,8,54,1346,1131,6,0,2,17,1.25,30,0,421,156,375,42,47840
2025-07-04,argo,ireader.domain.preferences.models.prefs,ReaderThemePreferences,get,3,0,0.0,2,0.5,0,3,1,0,7,0,3,0,0.0,2,0,0,5,0.0,1,2.0,0,0,0.0,0,0.0,0.125,37,15,0.2,8,0,8,1,0,6,1,0,0,0,0,0,0,0,0,0,8,0.9285714285714286,8,1.0,8,8,0,0,8,0,0,8,0,1,0,0,0,0,0,8,8,54,1346,1131,6,0,2,17,1.25,30,0,421,156,375,42,47840
2025-07-04,argo,ireader.domain.preferences.models.prefs,ReaderThemePreferences,set,1,0,0.0,0,0.0,0,3,1,0,3,0,1,0,0.0,1,0,1,2,0.0,0,3.0,1,1,0.0,0,0.0,0.125,37,15,0.2,8,0,8,1,0,6,1,0,0,0,0,0,0,0,0,0,8,0.9285714285714286,8,1.0,8,8,0,0,8,0,0,8,0,1,0,0,0,0,0,8,8,54,1346,1131,6,0,2,17,1.25,30,0,421,156,375,42,47840
2025-07-04,argo,ireader.domain.preferences.models.prefs,ReaderThemePreferences,isSet,1,0,0.0,0,0.0,0,3,1,0,3,0,1,0,0.0,1,0,0,1,0.0,1,2.0,0,0,0.0,0,0.0,0.125,37,15,0.2,8,0,8,1,0,6,1,0,0,0,0,0,0,0,0,0,8,0.9285714285714286,8,1.0,8,8,0,0,8,0,0,8,0,1,0,0,0,0,0,8,8,54,1346,1131,6,0,2,17,1.25,30,0,421,156,375,42,47840
2025-07-04,argo,ireader.domain.preferences.models.prefs,ReaderThemePreferences,delete,1,0,0.0,0,0.0,0,3,1,0,3,0,1,0,0.0,1,0,1,1,0.0,1,2.0,0,1,0.0,0,0.0,0.125,37,15,0.2,8,0,8,1,0,6,1,0,0,0,0,0,0,0,0,0,8,0.9285714285714286,8,1.0,8,8,0,0,8,0,0,8,0,1,0,0,0,0,0,8,8,54,1346,1131,6,0,2,17,1.25,30,0,421,156,375,42,47840
2025-07-04,argo,ireader.domain.preferences.models.prefs,ReaderThemePreferences,defaultValue,1,0,0.0,1,1.0,0,3,1,0,3,0,1,0,0.0,0,0,0,1,0.0,1,2.0,0,0,0.0,0,0.0,0.125,37,15,0.2,8,0,8,1,0,6,1,0,0,0,0,0,0,0,0,0,8,0.9285714285714286,8,1.0,8,8,0,0,8,0,0,8,0,1,0,0,0,0,0,8,8,54,1346,1131,6,0,2,17,1.25,30,0,421,156,375,42,47840
2025-07-04,argo,ireader.domain.preferences.models.prefs,ReaderThemePreferences,changes,1,0,0.0,0,0.0,0,3,1,0,3,0,1,1,0.0,2,0,0,2,0.0,2,3.0,0,0,0.0,0,0.0,0.125,37,15,0.2,8,0,8,1,0,6,1,0,0,0,0,0,0,0,0,0,8,0.9285714285714286,8,1.0,8,8,0,0,8,0,0,8,0,1,0,0,0,0,0,8,8,54,1346,1131,6,0,2,17,1.25,30,0,421,156,375,42,47840
2025-07-04,argo,ireader.domain.preferences.models.prefs,ReaderThemePreferences,stateIn,1,0,1.0,0,0.0,0,3,1,0,3,0,1,2,0.0,3,0,0,4,0.0,0,2.3333333333333335,1,0,0.0,0,0.0,0.125,37,15,0.2,8,0,8,1,0,6,1,0,0,0,0,0,0,0,0,0,8,0.9285714285714286,8,1.0,8,8,0,0,8,0,0,8,0,1,0,0,0,0,0,8,8,54,1346,1131,6,0,2,17,1.25,30,0,421,156,375,42,47840
2025-07-04,argo,ireader.domain.preferences.models.prefs,IReaderVoicePreferences,key,1,0,0.0,0,0.0,0,4,1,0,3,0,1,0,0.0,1,0,0,1,0.0,1,2.0,0,0,0.0,0,0.0,0.3333333333333333,50,15,0.2,9,0,8,1,0,6,1,0,0,0,0,0,0,0,0,0,10,0.8888888888888888,10,1.1111111111111112,9,8,0,0,0,0,0,0,0,2,0,0,0,0,0,9,9,54,1346,1131,6,0,1,19,1.6666666666666667,30,0,421,156,375,42,47840
2025-07-04,argo,ireader.domain.preferences.models.prefs,IReaderVoicePreferences,get,3,0,0.0,0,0.0,0,4,1,0,7,0,3,2,0.0,3,0,0,1,0.0,1,2.0,0,0,0.0,0,0.0,0.3333333333333333,50,15,0.2,9,0,8,1,0,6,1,0,0,0,0,0,0,0,0,0,10,0.8888888888888888,10,1.1111111111111112,9,8,0,0,0,0,0,0,0,2,0,0,0,0,0,9,9,54,1346,1131,6,0,1,19,1.6666666666666667,30,0,421,156,375,42,47840
2025-07-04,argo,ireader.domain.preferences.models.prefs,IReaderVoicePreferences,getPrefs,3,1,0.0,1,1.0,0,4,1,0,8,0,3,0,0.0,2,0,0,4,0.0,2,2.0,0,0,0.0,0,0.0,0.3333333333333333,50,15,0.2,9,0,8,1,0,6,1,0,0,0,0,0,0,0,0,0,10,0.8888888888888888,10,1.1111111111111112,9,8,0,0,0,0,0,0,0,2,0,0,0,0,0,9,9,54,1346,1131,6,0,1,19,1.6666666666666667,30,0,421,156,375,42,47840
2025-07-04,argo,ireader.domain.preferences.models.prefs,IReaderVoicePreferences,set,3,0,0.0,1,1.0,0,4,1,0,7,1,3,0,0.0,3,0,0,4,0.0,1,2.25,1,0,0.0,0,0.0,0.3333333333333333,50,15,0.2,9,0,8,1,0,6,1,0,0,0,0,0,0,0,0,0,10,0.8888888888888888,10,1.1111111111111112,9,8,0,0,0,0,0,0,0,2,0,0,0,0,0,9,9,54,1346,1131,6,0,1,19,1.6666666666666667,30,0,421,156,375,42,47840
2025-07-04,argo,ireader.domain.preferences.models.prefs,IReaderVoicePreferences,isSet,1,0,0.0,0,0.0,0,4,1,0,3,0,1,0,0.0,1,0,0,1,0.0,1,2.0,0,0,0.0,0,0.0,0.3333333333333333,50,15,0.2,9,0,8,1,0,6,1,0,0,0,0,0,0,0,0,0,10,0.8888888888888888,10,1.1111111111111112,9,8,0,0,0,0,0,0,0,2,0,0,0,0,0,9,9,54,1346,1131,6,0,1,19,1.6666666666666667,30,0,421,156,375,42,47840
2025-07-04,argo,ireader.domain.preferences.models.prefs,IReaderVoicePreferences,delete,1,0,0.0,0,0.0,0,4,1,0,3,0,1,0,0.0,1,0,1,1,0.0,1,2.0,0,1,0.0,0,0.0,0.3333333333333333,50,15,0.2,9,0,8,1,0,6,1,0,0,0,0,0,0,0,0,0,10,0.8888888888888888,10,1.1111111111111112,9,8,0,0,0,0,0,0,0,2,0,0,0,0,0,9,9,54,1346,1131,6,0,1,19,1.6666666666666667,30,0,421,156,375,42,47840
2025-07-04,argo,ireader.domain.preferences.models.prefs,IReaderVoicePreferences,defaultValue,1,0,0.0,0,0.0,0,4,1,0,3,0,1,0,0.0,0,0,0,1,0.0,0,0.0,0,0,0.0,0,0.0,0.3333333333333333,50,15,0.2,9,0,8,1,0,6,1,0,0,0,0,0,0,0,0,0,10,0.8888888888888888,10,1.1111111111111112,9,8,0,0,0,0,0,0,0,2,0,0,0,0,0,9,9,54,1346,1131,6,0,1,19,1.6666666666666667,30,0,421,156,375,42,47840
2025-07-04,argo,ireader.domain.preferences.models.prefs,IReaderVoicePreferences,changes,1,0,0.0,0,0.0,0,4,1,0,3,0,1,1,0.0,2,0,0,2,0.0,2,3.0,0,0,0.0,0,0.0,0.3333333333333333,50,15,0.2,9,0,8,1,0,6,1,0,0,0,0,0,0,0,0,0,10,0.8888888888888888,10,1.1111111111111112,9,8,0,0,0,0,0,0,0,2,0,0,0,0,0,9,9,54,1346,1131,6,0,1,19,1.6666666666666667,30,0,421,156,375,42,47840
2025-07-04,argo,ireader.domain.preferences.models.prefs,IReaderVoicePreferences,stateIn,1,0,1.0,0,0.0,0,4,1,0,3,0,1,2,0.0,3,0,0,4,0.0,0,2.3333333333333335,1,0,0.0,0,0.0,0.3333333333333333,50,15,0.2,9,0,8,1,0,6,1,0,0,0,0,0,0,0,0,0,10,0.8888888888888888,10,1.1111111111111112,9,8,0,0,0,0,0,0,0,2,0,0,0,0,0,9,9,54,1346,1131,6,0,1,19,1.6666666666666667,30,0,421,156,375,42,47840
2025-07-04,argo,ireader.domain.preferences.prefs,AppPreferences,readerTheme,1,0,0.0,1,1.0,0,0,1,0,3,0,1,0,0.0,0,0,0,2,0.0,2,2.0,0,0,0.0,0,0.0,0.06666666666666667,87,45,0.0,15,0,0,0,0,7,0,0,0,0,0,9,9,9,0,0,15,0.9904761904761905,15,1.0,15,0,0,0,15,0,0,15,0,1,0,0,0,0,0,15,15,54,1346,1131,10,0,0,36,1.0,108,1,645,156,375,108,47840
2025-07-04,argo,ireader.domain.preferences.prefs,AppPreferences,textColorReader,1,0,0.0,1,1.0,0,0,1,0,3,0,1,0,0.0,0,0,0,4,0.0,0,3.0,0,0,0.0,0,0.0,0.06666666666666667,87,45,0.0,15,0,0,0,0,7,0,0,0,0,0,9,9,9,0,0,15,0.9904761904761905,15,1.0,15,0,0,0,15,0,0,15,0,1,0,0,0,0,0,15,15,54,1346,1131,10,0,0,36,1.0,108,1,645,156,375,108,47840
2025-07-04,argo,ireader.domain.preferences.prefs,AppPreferences,backgroundColorReader,1,0,0.0,1,1.0,0,0,1,0,3,0,1,0,0.0,0,0,0,3,0.0,3,2.5,0,0,0.0,0,0.0,0.06666666666666667,87,45,0.0,15,0,0,0,0,7,0,0,0,0,0,9,9,9,0,0,15,0.9904761904761905,15,1.0,15,0,0,0,15,0,0,15,0,1,0,0,0,0,0,15,15,54,1346,1131,10,0,0,36,1.0,108,1,645,156,375,108,47840
2025-07-04,argo,ireader.domain.preferences.prefs,AppPreferences,backgroundColorTTS,1,0,0.0,1,1.0,0,0,1,0,3,0,1,0,0.0,0,0,0,2,0.0,2,3.0,0,0,0.0,0,0.0,0.06666666666666667,87,45,0.0,15,0,0,0,0,7,0,0,0,0,0,9,9,9,0,0,15,0.9904761904761905,15,1.0,15,0,0,0,15,0,0,15,0,1,0,0,0,0,0,15,15,54,1346,1131,10,0,0,36,1.0,108,1,645,156,375,108,47840
2025-07-04,argo,ireader.domain.preferences.prefs,AppPreferences,libraryLayoutType,1,0,0.0,1,1.0,0,0,1,0,3,0,1,0,0.0,0,0,0,1,0.0,1,2.0,0,0,0.0,0,0.0,0.06666666666666667,87,45,0.0,15,0,0,0,0,7,0,0,0,0,0,9,9,9,0,0,15,0.9904761904761905,15,1.0,15,0,0,0,15,0,0,15,0,1,0,0,0,0,0,15,15,54,1346,1131,10,0,0,36,1.0,108,1,645,156,375,108,47840
2025-07-04,argo,ireader.domain.preferences.prefs,AppPreferences,unselectedScrollBarColor,1,0,0.0,1,1.0,0,0,1,0,3,0,1,0,0.0,0,0,0,4,0.0,0,3.0,0,0,0.0,0,0.0,0.06666666666666667,87,45,0.0,15,0,0,0,0,7,0,0,0,0,0,9,9,9,0,0,15,0.9904761904761905,15,1.0,15,0,0,0,15,0,0,15,0,1,0,0,0,0,0,15,15,54,1346,1131,10,0,0,36,1.0,108,1,645,156,375,108,47840
2025-07-04,argo,ireader.domain.preferences.prefs,AppPreferences,selectedScrollBarColor,1,0,0.0,1,1.0,0,0,1,0,3,0,1,0,0.0,0,0,0,4,0.0,0,3.0,0,0,0.0,0,0.0,0.06666666666666667,87,45,0.0,15,0,0,0,0,7,0,0,0,0,0,9,9,9,0,0,15,0.9904761904761905,15,1.0,15,0,0,0,15,0,0,15,0,1,0,0,0,0,0,15,15,54,1346,1131,10,0,0,36,1.0,108,1,645,156,375,108,47840
2025-07-04,argo,ireader.domain.preferences.prefs,AppPreferences,orientation,1,0,0.0,1,1.0,0,0,1,0,3,0,1,0,0.0,0,0,0,4,0.0,0,3.0,0,0,0.0,0,0.0,0.06666666666666667,87,45,0.0,15,0,0,0,0,7,0,0,0,0,0,9,9,9,0,0,15,0.9904761904761905,15,1.0,15,0,0,0,15,0,0,15,0,1,0,0,0,0,0,15,15,54,1346,1131,10,0,0,36,1.0,108,1,645,156,375,108,47840
2025-07-04,argo,ireader.domain.preferences.prefs,AppPreferences,exploreLayoutType,1,0,0.0,1,1.0,0,0,1,0,3,0,1,0,0.0,0,0,0,1,0.0,1,2.0,0,0,0.0,0,0.0,0.06666666666666667,87,45,0.0,15,0,0,0,0,7,0,0,0,0,0,9,9,9,0,0,15,0.9904761904761905,15,1.0,15,0,0,0,15,0,0,15,0,1,0,0,0,0,0,15,15,54,1346,1131,10,0,0,36,1.0,108,1,645,156,375,108,47840
2025-07-04,argo,ireader.domain.preferences.prefs,AppPreferences,speechVoice,1,0,0.0,1,1.0,0,0,1,0,3,0,1,0,0.0,0,0,0,3,0.0,0,2.5,0,0,0.0,0,0.0,0.06666666666666667,87,45,0.0,15,0,0,0,0,7,0,0,0,0,0,9,9,9,0,0,15,0.9904761904761905,15,1.0,15,0,0,0,15,0,0,15,0,1,0,0,0,0,0,15,15,54,1346,1131,10,0,0,36,1.0,108,1,645,156,375,108,47840
2025-07-04,argo,ireader.domain.preferences.prefs,AppPreferences,dohStateKey,1,0,0.0,1,1.0,0,0,1,0,3,0,1,0,0.0,0,0,0,1,0.0,1,2.0,0,0,0.0,0,0.0,0.06666666666666667,87,45,0.0,15,0,0,0,0,7,0,0,0,0,0,9,9,9,0,0,15,0.9904761904761905,15,1.0,15,0,0,0,15,0,0,15,0,1,0,0,0,0,0,15,15,54,1346,1131,10,0,0,36,1.0,108,1,645,156,375,108,47840
2025-07-04,argo,ireader.domain.preferences.prefs,AppPreferences,appUpdater,1,0,0.0,1,1.0,0,0,1,0,3,0,1,0,0.0,0,0,0,1,0.0,1,2.0,0,0,0.0,0,0.0,0.06666666666666667,87,45,0.0,15,0,0,0,0,7,0,0,0,0,0,9,9,9,0,0,15,0.9904761904761905,15,1.0,15,0,0,0,15,0,0,15,0,1,0,0,0,0,0,15,15,54,1346,1131,10,0,0,36,1.0,108,1,645,156,375,108,47840
2025-07-04,argo,ireader.domain.preferences.prefs,AppPreferences,sortLibraryScreen,1,0,0.0,1,1.0,0,0,1,0,3,0,1,0,0.0,0,0,0,4,0.0,0,3.0,0,0,0.0,0,0.0,0.06666666666666667,87,45,0.0,15,0,0,0,0,7,0,0,0,0,0,9,9,9,0,0,15,0.9904761904761905,15,1.0,15,0,0,0,15,0,0,15,0,1,0,0,0,0,0,15,15,54,1346,1131,10,0,0,36,1.0,108,1,645,156,375,108,47840
2025-07-04,argo,ireader.domain.preferences.prefs,AppPreferences,sortDescLibraryScreen,1,0,0.0,1,1.0,0,0,1,0,3,0,1,0,0.0,0,0,0,1,0.0,1,2.0,0,0,0.0,0,0.0,0.06666666666666667,87,45,0.0,15,0,0,0,0,7,0,0,0,0,0,9,9,9,0,0,15,0.9904761904761905,15,1.0,15,0,0,0,15,0,0,15,0,1,0,0,0,0,0,15,15,54,1346,1131,10,0,0,36,1.0,108,1,645,156,375,108,47840
2025-07-04,argo,ireader.domain.preferences.prefs,AppPreferences,lastUpdateCheck,1,0,0.0,1,1.0,0,0,1,0,3,0,1,0,0.0,0,0,0,1,0.0,1,2.0,0,0,0.0,0,0.0,0.06666666666666667,87,45,0.0,15,0,0,0,0,7,0,0,0,0,0,9,9,9,0,0,15,0.9904761904761905,15,1.0,15,0,0,0,15,0,0,15,0,1,0,0,0,0,0,15,15,54,1346,1131,10,0,0,36,1.0,108,1,645,156,375,108,47840
2025-07-04,argo,ireader.domain.preferences.prefs,LibraryPreferences,sorting,1,0,0.0,1,1.0,0,0,1,0,3,0,1,0,0.0,0,0,0,4,0.0,0,2.0,0,0,0.0,0,0.0,0.14285714285714285,57,42,0.0,14,0,0,0,0,6,0,0,0,0,0,0,0,0,0,0,14,0.8241758241758241,14,1.0,14,0,0,0,14,0,0,14,1,1,0,0,0,0,0,14,14,54,1346,1131,10,0,0,22,1.0,108,1,645,156,375,108,47840
2025-07-04,argo,ireader.domain.preferences.prefs,LibraryPreferences,filters,1,0,0.0,1,1.0,0,0,1,0,3,0,1,0,0.0,0,0,0,4,0.0,0,2.0,1,0,0.0,0,0.0,0.14285714285714285,57,42,0.0,14,0,0,0,0,6,0,0,0,0,0,0,0,0,0,0,14,0.8241758241758241,14,1.0,14,0,0,0,14,0,0,14,1,1,0,0,0,0,0,14,14,54,1346,1131,10,0,0,22,1.0,108,1,645,156,375,108,47840
2025-07-04,argo,ireader.domain.preferences.prefs,LibraryPreferences,lastUsedCategory,1,0,0.0,1,1.0,0,0,1,0,3,0,1,0,0.0,0,0,0,2,0.0,0,2.0,0,0,0.0,0,0.0,0.14285714285714285,57,42,0.0,14,0,0,0,0,6,0,0,0,0,0,0,0,0,0,0,14,0.8241758241758241,14,1.0,14,0,0,0,14,0,0,14,1,1,0,0,0,0,0,14,14,54,1346,1131,10,0,0,22,1.0,108,1,645,156,375,108,47840
2025-07-04,argo,ireader.domain.preferences.prefs,LibraryPreferences,defaultCategory,1,0,0.0,1,1.0,0,0,1,0,3,0,1,0,0.0,0,0,0,2,0.0,0,2.0,0,0,0.0,0,0.0,0.14285714285714285,57,42,0.0,14,0,0,0,0,6,0,0,0,0,0,0,0,0,0,0,14,0.8241758241758241,14,1.0,14,0,0,0,14,0,0,14,1,1,0,0,0,0,0,14,14,54,1346,1131,10,0,0,22,1.0,108,1,645,156,375,108,47840
2025-07-04,argo,ireader.domain.preferences.prefs,LibraryPreferences,categoryFlags,1,0,0.0,1,1.0,0,0,1,0,3,0,1,0,0.0,0,0,0,1,0.0,1,2.0,0,0,0.0,0,0.0,0.14285714285714285,57,42,0.0,14,0,0,0,0,6,0,0,0,0,0,0,0,0,0,0,14,0.8241758241758241,14,1.0,14,0,0,0,14,0,0,14,1,1,0,0,0,0,0,14,14,54,1346,1131,10,0,0,22,1.0,108,1,645,156,375,108,47840
2025-07-04,argo,ireader.domain.preferences.prefs,LibraryPreferences,perCategorySettings,1,0,0.0,1,1.0,0,0,1,0,3,0,1,0,0.0,0,0,0,1,0.0,1,2.0,0,0,0.0,0,0.0,0.14285714285714285,57,42,0.0,14,0,0,0,0,6,0,0,0,0,0,0,0,0,0,0,14,0.8241758241758241,14,1.0,14,0,0,0,14,0,0,14,1,1,0,0,0,0,0,14,14,54,1346,1131,10,0,0,22,1.0,108,1,645,156,375,108,47840
2025-07-04,argo,ireader.domain.preferences.prefs,LibraryPreferences,goToLastChapterBadges,1,0,0.0,1,1.0,0,0,1,0,3,0,1,0,0.0,0,0,0,1,0.0,1,2.0,0,0,0.0,0,0.0,0.14285714285714285,57,42,0.0,14,0,0,0,0,6,0,0,0,0,0,0,0,0,0,0,14,0.8241758241758241,14,1.0,14,0,0,0,14,0,0,14,1,1,0,0,0,0,0,14,14,54,1346,1131,10,0,0,22,1.0,108,1,645,156,375,108,47840
2025-07-04,argo,ireader.domain.preferences.prefs,LibraryPreferences,downloadBadges,1,0,0.0,1,1.0,0,0,1,0,3,0,1,0,0.0,0,0,0,1,0.0,1,2.0,0,0,0.0,0,0.0,0.14285714285714285,57,42,0.0,14,0,0,0,0,6,0,0,0,0,0,0,0,0,0,0,14,0.8241758241758241,14,1.0,14,0,0,0,14,0,0,14,1,1,0,0,0,0,0,14,14,54,1346,1131,10,0,0,22,1.0,108,1,645,156,375,108,47840
2025-07-04,argo,ireader.domain.preferences.prefs,LibraryPreferences,unreadBadges,1,0,0.0,1,1.0,0,0,1,0,3,0,1,0,0.0,0,0,0,1,0.0,1,2.0,0,0,0.0,0,0.0,0.14285714285714285,57,42,0.0,14,0,0,0,0,6,0,0,0,0,0,0,0,0,0,0,14,0.8241758241758241,14,1.0,14,0,0,0,14,0,0,14,1,1,0,0,0,0,0,14,14,54,1346,1131,10,0,0,22,1.0,108,1,645,156,375,108,47840
2025-07-04,argo,ireader.domain.preferences.prefs,LibraryPreferences,showCategoryTabs,1,0,0.0,1,1.0,0,0,1,0,3,0,1,0,0.0,0,0,0,1,0.0,1,2.0,0,0,0.0,0,0.0,0.14285714285714285,57,42,0.0,14,0,0,0,0,6,0,0,0,0,0,0,0,0,0,0,14,0.8241758241758241,14,1.0,14,0,0,0,14,0,0,14,1,1,0,0,0,0,0,14,14,54,1346,1131,10,0,0,22,1.0,108,1,645,156,375,108,47840
2025-07-04,argo,ireader.domain.preferences.prefs,LibraryPreferences,showAllCategory,1,0,0.0,1,1.0,0,0,1,0,3,0,1,0,0.0,0,0,0,1,0.0,1,2.0,0,0,0.0,0,0.0,0.14285714285714285,57,42,0.0,14,0,0,0,0,6,0,0,0,0,0,0,0,0,0,0,14,0.8241758241758241,14,1.0,14,0,0,0,14,0,0,14,1,1,0,0,0,0,0,14,14,54,1346,1131,10,0,0,22,1.0,108,1,645,156,375,108,47840
2025-07-04,argo,ireader.domain.preferences.prefs,LibraryPreferences,showCountInCategory,1,0,0.0,1,1.0,0,0,1,0,3,0,1,0,0.0,0,0,0,1,0.0,1,2.0,0,0,0.0,0,0.0,0.14285714285714285,57,42,0.0,14,0,0,0,0,6,0,0,0,0,0,0,0,0,0,0,14,0.8241758241758241,14,1.0,14,0,0,0,14,0,0,14,1,1,0,0,0,0,0,14,14,54,1346,1131,10,0,0,22,1.0,108,1,645,156,375,108,47840
2025-07-04,argo,ireader.domain.preferences.prefs,LibraryPreferences,columnsInPortrait,1,0,0.0,1,1.0,0,0,1,0,3,0,1,0,0.0,0,0,0,1,0.0,1,2.0,0,0,0.0,0,0.0,0.14285714285714285,57,42,0.0,14,0,0,0,0,6,0,0,0,0,0,0,0,0,0,0,14,0.8241758241758241,14,1.0,14,0,0,0,14,0,0,14,1,1,0,0,0,0,0,14,14,54,1346,1131,10,0,0,22,1.0,108,1,645,156,375,108,47840
2025-07-04,argo,ireader.domain.preferences.prefs,LibraryPreferences,columnsInLandscape,1,0,0.0,1,1.0,0,0,1,0,3,0,1,0,0.0,0,0,0,1,0.0,1,2.0,0,0,0.0,0,0.0,0.14285714285714285,57,42,0.0,14,0,0,0,0,6,0,0,0,0,0,0,0,0,0,0,14,0.8241758241758241,14,1.0,14,0,0,0,14,0,0,14,1,1,0,0,0,0,0,14,14,54,1346,1131,10,0,0,22,1.0,108,1,645,156,375,108,47840
2025-07-04,argo,ireader.domain.preferences.prefs,PlayerPreferences,preferredAudioTrackLanguage,1,0,0.0,1,1.0,0,0,1,0,3,0,1,0,0.0,0,0,0,1,0.0,1,2.0,0,0,0.0,0,0.0,0.0,13,9,0.0,3,0,0,0,0,3,0,0,0,0,0,0,0,0,0,0,3,1.0,3,1.0,3,0,0,0,3,0,0,3,0,1,0,0,0,0,0,3,3,54,1346,1131,10,0,0,4,1.0,108,1,645,156,375,108,47840
2025-07-04,argo,ireader.domain.preferences.prefs,PlayerPreferences,preferredQuality,1,0,0.0,1,1.0,0,0,1,0,3,0,1,0,0.0,0,0,0,2,0.0,0,2.0,0,0,0.0,0,0.0,0.0,13,9,0.0,3,0,0,0,0,3,0,0,0,0,0,0,0,0,0,0,3,1.0,3,1.0,3,0,0,0,3,0,0,3,0,1,0,0,0,0,0,3,3,54,1346,1131,10,0,0,4,1.0,108,1,645,156,375,108,47840
2025-07-04,argo,ireader.domain.preferences.prefs,PlayerPreferences,autoPlay,1,0,0.0,1,1.0,0,0,1,0,3,0,1,0,0.0,0,0,0,1,0.0,1,2.0,0,0,0.0,0,0.0,0.0,13,9,0.0,3,0,0,0,0,3,0,0,0,0,0,0,0,0,0,0,3,1.0,3,1.0,3,0,0,0,3,0,0,3,0,1,0,0,0,0,0,3,3,54,1346,1131,10,0,0,4,1.0,108,1,645,156,375,108,47840
2025-07-04,argo,ireader.domain.preferences.prefs,ReaderPreferences,brightness,1,0,0.0,1,1.0,0,0,1,0,3,0,1,0,0.0,0,0,0,2,0.0,0,2.0,0,0,0.0,0,0.0,0.024390243902439025,225,123,0.0,41,0,0,0,0,10,0,0,0,0,0,29,29,29,0,0,41,0.9597560975609756,41,1.0,41,0,0,0,41,0,0,41,1,3,0,0,0,0,0,41,41,54,1346,1131,10,0,0,54,0.0,108,1,645,156,375,108,47840
2025-07-04,argo,ireader.domain.preferences.prefs,ReaderPreferences,immersiveMode,1,0,0.0,1,1.0,0,0,1,0,3,0,1,0,0.0,0,0,0,1,0.0,1,2.0,0,0,0.0,0,0.0,0.024390243902439025,225,123,0.0,41,0,0,0,0,10,0,0,0,0,0,29,29,29,0,0,41,0.9597560975609756,41,1.0,41,0,0,0,41,0,0,41,1,3,0,0,0,0,0,41,41,54,1346,1131,10,0,0,54,0.0,108,1,645,156,375,108,47840
2025-07-04,argo,ireader.domain.preferences.prefs,ReaderPreferences,autoBrightness,1,0,0.0,1,1.0,0,0,1,0,3,0,1,0,0.0,0,0,0,1,0.0,1,2.0,0,0,0.0,0,0.0,0.024390243902439025,225,123,0.0,41,0,0,0,0,10,0,0,0,0,0,29,29,29,0,0,41,0.9597560975609756,41,1.0,41,0,0,0,41,0,0,41,1,3,0,0,0,0,0,41,41,54,1346,1131,10,0,0,54,0.0,108,1,645,156,375,108,47840
2025-07-04,argo,ireader.domain.preferences.prefs,ReaderPreferences,fontSize,1,0,0.0,1,1.0,0,0,1,0,3,0,1,0,0.0,0,0,0,1,0.0,1,2.0,0,0,0.0,0,0.0,0.024390243902439025,225,123,0.0,41,0,0,0,0,10,0,0,0,0,0,29,29,29,0,0,41,0.9597560975609756,41,1.0,41,0,0,0,41,0,0,41,1,3,0,0,0,0,0,41,41,54,1346,1131,10,0,0,54,0.0,108,1,645,156,375,108,47840
2025-07-04,argo,ireader.domain.preferences.prefs,ReaderPreferences,followTTSSpeaker,1,0,0.0,1,1.0,0,0,1,0,3,0,1,0,0.0,0,0,0,1,0.0,1,2.0,0,0,0.0,0,0.0,0.024390243902439025,225,123,0.0,41,0,0,0,0,10,0,0,0,0,0,29,29,29,0,0,41,0.9597560975609756,41,1.0,41,0,0,0,41,0,0,41,1,3,0,0,0,0,0,41,41,54,1346,1131,10,0,0,54,0.0,108,1,645,156,375,108,47840
2025-07-04,argo,ireader.domain.preferences.prefs,ReaderPreferences,webViewIntegration,1,0,0.0,1,1.0,0,0,1,0,3,0,1,0,0.0,0,0,0,1,0.0,1,2.0,0,0,0.0,0,0.0,0.024390243902439025,225,123,0.0,41,0,0,0,0,10,0,0,0,0,0,29,29,29,0,0,41,0.9597560975609756,41,1.0,41,0,0,0,41,0,0,41,1,3,0,0,0,0,0,41,41,54,1346,1131,10,0,0,54,0.0,108,1,645,156,375,108,47840
2025-07-04,argo,ireader.domain.preferences.prefs,ReaderPreferences,scrollBarAlignment,1,0,0.0,1,1.0,0,0,1,0,3,0,1,0,0.0,0,0,0,3,0.0,0,2.5,0,0,0.0,0,0.0,0.024390243902439025,225,123,0.0,41,0,0,0,0,10,0,0,0,0,0,29,29,29,0,0,41,0.9597560975609756,41,1.0,41,0,0,0,41,0,0,41,1,3,0,0,0,0,0,41,41,54,1346,1131,10,0,0,54,0.0,108,1,645,156,375,108,47840
2025-07-04,argo,ireader.domain.preferences.prefs,ReaderPreferences,ttsIconAlignments,1,0,0.0,1,1.0,0,0,1,0,3,0,1,0,0.0,0,0,0,3,0.0,0,2.5,0,0,0.0,0,0.0,0.024390243902439025,225,123,0.0,41,0,0,0,0,10,0,0,0,0,0,29,29,29,0,0,41,0.9597560975609756,41,1.0,41,0,0,0,41,0,0,41,1,3,0,0,0,0,0,41,41,54,1346,1131,10,0,0,54,0.0,108,1,645,156,375,108,47840
2025-07-04,argo,ireader.domain.preferences.prefs,ReaderPreferences,lineHeight,1,0,0.0,1,1.0,0,0,1,0,3,0,1,0,0.0,0,0,0,1,0.0,1,2.0,0,0,0.0,0,0.0,0.024390243902439025,225,123,0.0,41,0,0,0,0,10,0,0,0,0,0,29,29,29,0,0,41,0.9597560975609756,41,1.0,41,0,0,0,41,0,0,41,1,3,0,0,0,0,0,41,41,54,1346,1131,10,0,0,54,0.0,108,1,645,156,375,108,47840
2025-07-04,argo,ireader.domain.preferences.prefs,ReaderPreferences,readingMode,1,0,0.0,1,1.0,0,0,1,0,3,0,1,0,0.0,0,0,0,2,0.0,0,2.0,0,0,0.0,0,0.0,0.024390243902439025,225,123,0.0,41,0,0,0,0,10,0,0,0,0,0,29,29,29,0,0,41,0.9597560975609756,41,1.0,41,0,0,0,41,0,0,41,1,3,0,0,0,0,0,41,41,54,1346,1131,10,0,0,54,0.0,108,1,645,156,375,108,47840
2025-07-04,argo,ireader.domain.preferences.prefs,ReaderPreferences,paragraphDistance,1,0,0.0,1,1.0,0,0,1,0,3,0,1,0,0.0,0,0,0,1,0.0,1,2.0,0,0,0.0,0,0.0,0.024390243902439025,225,123,0.0,41,0,0,0,0,10,0,0,0,0,0,29,29,29,0,0,41,0.9597560975609756,41,1.0,41,0,0,0,41,0,0,41,1,3,0,0,0,0,0,41,41,54,1346,1131,10,0,0,54,0.0,108,1,645,156,375,108,47840
2025-07-04,argo,ireader.domain.preferences.prefs,ReaderPreferences,sleepTime,1,0,0.0,1,1.0,0,0,1,0,3,0,1,0,0.0,0,0,0,1,0.0,1,2.0,0,0,0.0,0,0.0,0.024390243902439025,225,123,0.0,41,0,0,0,0,10,0,0,0,0,0,29,29,29,0,0,41,0.9597560975609756,41,1.0,41,0,0,0,41,0,0,41,1,3,0,0,0,0,0,41,41,54,1346,1131,10,0,0,54,0.0,108,1,645,156,375,108,47840
2025-07-04,argo,ireader.domain.preferences.prefs,ReaderPreferences,sleepMode,1,0,0.0,1,1.0,0,0,1,0,3,0,1,0,0.0,0,0,0,1,0.0,1,2.0,0,0,0.0,0,0.0,0.024390243902439025,225,123,0.0,41,0,0,0,0,10,0,0,0,0,0,29,29,29,0,0,41,0.9597560975609756,41,1.0,41,0,0,0,41,0,0,41,1,3,0,0,0,0,0,41,41,54,1346,1131,10,0,0,54,0.0,108,1,645,156,375,108,47840
2025-07-04,argo,ireader.domain.preferences.prefs,ReaderPreferences,bionicReading,1,0,0.0,1,1.0,0,0,1,0,3,0,1,0,0.0,0,0,0,1,0.0,1,2.0,0,0,0.0,0,0.0,0.024390243902439025,225,123,0.0,41,0,0,0,0,10,0,0,0,0,0,29,29,29,0,0,41,0.9597560975609756,41,1.0,41,0,0,0,41,0,0,41,1,3,0,0,0,0,0,41,41,54,1346,1131,10,0,0,54,0.0,108,1,645,156,375,108,47840
2025-07-04,argo,ireader.domain.preferences.prefs,ReaderPreferences,textAlign,1,0,0.0,1,1.0,0,0,1,0,3,0,1,0,0.0,0,0,0,3,0.0,0,2.5,0,0,0.0,0,0.0,0.024390243902439025,225,123,0.0,41,0,0,0,0,10,0,0,0,0,0,29,29,29,0,0,41,0.9597560975609756,41,1.0,41,0,0,0,41,0,0,41,1,3,0,0,0,0,0,41,41,54,1346,1131,10,0,0,54,0.0,108,1,645,156,375,108,47840
2025-07-04,argo,ireader.domain.preferences.prefs,ReaderPreferences,paragraphIndent,1,0,0.0,1,1.0,0,0,1,0,3,0,1,0,0.0,0,0,0,1,0.0,1,2.0,0,0,0.0,0,0.0,0.024390243902439025,225,123,0.0,41,0,0,0,0,10,0,0,0,0,0,29,29,29,0,0,41,0.9597560975609756,41,1.0,41,0,0,0,41,0,0,41,1,3,0,0,0,0,0,41,41,54,1346,1131,10,0,0,54,0.0,108,1,645,156,375,108,47840
2025-07-04,argo,ireader.domain.preferences.prefs,ReaderPreferences,topMargin,1,0,0.0,1,1.0,0,0,1,0,3,0,1,0,0.0,0,0,0,1,0.0,1,2.0,0,0,0.0,0,0.0,0.024390243902439025,225,123,0.0,41,0,0,0,0,10,0,0,0,0,0,29,29,29,0,0,41,0.9597560975609756,41,1.0,41,0,0,0,41,0,0,41,1,3,0,0,0,0,0,41,41,54,1346,1131,10,0,0,54,0.0,108,1,645,156,375,108,47840
2025-07-04,argo,ireader.domain.preferences.prefs,ReaderPreferences,leftMargin,1,0,0.0,1,1.0,0,0,1,0,3,0,1,0,0.0,0,0,0,1,0.0,1,2.0,0,0,0.0,0,0.0,0.024390243902439025,225,123,0.0,41,0,0,0,0,10,0,0,0,0,0,29,29,29,0,0,41,0.9597560975609756,41,1.0,41,0,0,0,41,0,0,41,1,3,0,0,0,0,0,41,41,54,1346,1131,10,0,0,54,0.0,108,1,645,156,375,108,47840
2025-07-04,argo,ireader.domain.preferences.prefs,ReaderPreferences,rightMargin,1,0,0.0,1,1.0,0,0,1,0,3,0,1,0,0.0,0,0,0,1,0.0,1,2.0,0,0,0.0,0,0.0,0.024390243902439025,225,123,0.0,41,0,0,0,0,10,0,0,0,0,0,29,29,29,0,0,41,0.9597560975609756,41,1.0,41,0,0,0,41,0,0,41,1,3,0,0,0,0,0,41,41,54,1346,1131,10,0,0,54,0.0,108,1,645,156,375,108,47840
2025-07-04,argo,ireader.domain.preferences.prefs,ReaderPreferences,bottomMargin,1,0,0.0,1,1.0,0,0,1,0,3,0,1,0,0.0,0,0,0,1,0.0,1,2.0,0,0,0.0,0,0.0,0.024390243902439025,225,123,0.0,41,0,0,0,0,10,0,0,0,0,0,29,29,29,0,0,41,0.9597560975609756,41,1.0,41,0,0,0,41,0,0,41,1,3,0,0,0,0,0,41,41,54,1346,1131,10,0,0,54,0.0,108,1,645,156,375,108,47840
2025-07-04,argo,ireader.domain.preferences.prefs,ReaderPreferences,topContentPadding,1,0,0.0,1,1.0,0,0,1,0,3,0,1,0,0.0,0,0,0,1,0.0,1,2.0,0,0,0.0,0,0.0,0.024390243902439025,225,123,0.0,41,0,0,0,0,10,0,0,0,0,0,29,29,29,0,0,41,0.9597560975609756,41,1.0,41,0,0,0,41,0,0,41,1,3,0,0,0,0,0,41,41,54,1346,1131,10,0,0,54,0.0,108,1,645,156,375,108,47840
2025-07-04,argo,ireader.domain.preferences.prefs,ReaderPreferences,bottomContentPadding,1,0,0.0,1,1.0,0,0,1,0,3,0,1,0,0.0,0,0,0,1,0.0,1,2.0,0,0,0.0,0,0.0,0.024390243902439025,225,123,0.0,41,0,0,0,0,10,0,0,0,0,0,29,29,29,0,0,41,0.9597560975609756,41,1.0,41,0,0,0,41,0,0,41,1,3,0,0,0,0,0,41,41,54,1346,1131,10,0,0,54,0.0,108,1,645,156,375,108,47840
2025-07-04,argo,ireader.domain.preferences.prefs,ReaderPreferences,betweenLetterSpaces,1,0,0.0,1,1.0,0,0,1,0,3,0,1,0,0.0,0,0,0,1,0.0,1,2.0,0,0,0.0,0,0.0,0.024390243902439025,225,123,0.0,41,0,0,0,0,10,0,0,0,0,0,29,29,29,0,0,41,0.9597560975609756,41,1.0,41,0,0,0,41,0,0,41,1,3,0,0,0,0,0,41,41,54,1346,1131,10,0,0,54,0.0,108,1,645,156,375,108,47840
2025-07-04,argo,ireader.domain.preferences.prefs,ReaderPreferences,textWeight,1,0,0.0,1,1.0,0,0,1,0,3,0,1,0,0.0,0,0,0,1,0.0,1,2.0,0,0,0.0,0,0.0,0.024390243902439025,225,123,0.0,41,0,0,0,0,10,0,0,0,0,0,29,29,29,0,0,41,0.9597560975609756,41,1.0,41,0,0,0,41,0,0,41,1,3,0,0,0,0,0,41,41,54,1346,1131,10,0,0,54,0.0,108,1,645,156,375,108,47840
2025-07-04,argo,ireader.domain.preferences.prefs,ReaderPreferences,screenAlwaysOn,1,0,0.0,1,1.0,0,0,1,0,3,0,1,0,0.0,0,0,0,1,0.0,1,2.0,0,0,0.0,0,0.0,0.024390243902439025,225,123,0.0,41,0,0,0,0,10,0,0,0,0,0,29,29,29,0,0,41,0.9597560975609756,41,1.0,41,0,0,0,41,0,0,41,1,3,0,0,0,0,0,41,41,54,1346,1131,10,0,0,54,0.0,108,1,645,156,375,108,47840
2025-07-04,argo,ireader.domain.preferences.prefs,ReaderPreferences,scrollMode,1,0,0.0,1,1.0,0,0,1,0,3,0,1,0,0.0,0,0,0,1,0.0,1,2.0,0,0,0.0,0,0.0,0.024390243902439025,225,123,0.0,41,0,0,0,0,10,0,0,0,0,0,29,29,29,0,0,41,0.9597560975609756,41,1.0,41,0,0,0,41,0,0,41,1,3,0,0,0,0,0,41,41,54,1346,1131,10,0,0,54,0.0,108,1,645,156,375,108,47840
2025-07-04,argo,ireader.domain.preferences.prefs,ReaderPreferences,showScrollIndicator,1,0,0.0,1,1.0,0,0,1,0,3,0,1,0,0.0,0,0,0,1,0.0,1,2.0,0,0,0.0,0,0.0,0.024390243902439025,225,123,0.0,41,0,0,0,0,10,0,0,0,0,0,29,29,29,0,0,41,0.9597560975609756,41,1.0,41,0,0,0,41,0,0,41,1,3,0,0,0,0,0,41,41,54,1346,1131,10,0,0,54,0.0,108,1,645,156,375,108,47840
2025-07-04,argo,ireader.domain.preferences.prefs,ReaderPreferences,scrollbarMode,1,0,0.0,1,1.0,0,0,1,0,3,0,1,0,0.0,0,0,0,3,0.0,0,2.5,0,0,0.0,0,0.0,0.024390243902439025,225,123,0.0,41,0,0,0,0,10,0,0,0,0,0,29,29,29,0,0,41,0.9597560975609756,41,1.0,41,0,0,0,41,0,0,41,1,3,0,0,0,0,0,41,41,54,1346,1131,10,0,0,54,0.0,108,1,645,156,375,108,47840
2025-07-04,argo,ireader.domain.preferences.prefs,ReaderPreferences,selectableText,1,0,0.0,1,1.0,0,0,1,0,3,0,1,0,0.0,0,0,0,1,0.0,1,2.0,0,0,0.0,0,0.0,0.024390243902439025,225,123,0.0,41,0,0,0,0,10,0,0,0,0,0,29,29,29,0,0,41,0.9597560975609756,41,1.0,41,0,0,0,41,0,0,41,1,3,0,0,0,0,0,41,41,54,1346,1131,10,0,0,54,0.0,108,1,645,156,375,108,47840
2025-07-04,argo,ireader.domain.preferences.prefs,ReaderPreferences,autoScrollInterval,1,0,0.0,1,1.0,0,0,1,0,3,0,1,0,0.0,0,0,0,1,0.0,1,2.0,0,0,0.0,0,0.0,0.024390243902439025,225,123,0.0,41,0,0,0,0,10,0,0,0,0,0,29,29,29,0,0,41,0.9597560975609756,41,1.0,41,0,0,0,41,0,0,41,1,3,0,0,0,0,0,41,41,54,1346,1131,10,0,0,54,0.0,108,1,645,156,375,108,47840
2025-07-04,argo,ireader.domain.preferences.prefs,ReaderPreferences,autoScrollOffset,1,0,0.0,1,1.0,0,0,1,0,3,0,1,0,0.0,0,0,0,1,0.0,1,2.0,0,0,0.0,0,0.0,0.024390243902439025,225,123,0.0,41,0,0,0,0,10,0,0,0,0,0,29,29,29,0,0,41,0.9597560975609756,41,1.0,41,0,0,0,41,0,0,41,1,3,0,0,0,0,0,41,41,54,1346,1131,10,0,0,54,0.0,108,1,645,156,375,108,47840
2025-07-04,argo,ireader.domain.preferences.prefs,ReaderPreferences,scrollIndicatorWith,1,0,0.0,1,1.0,0,0,1,0,3,0,1,0,0.0,0,0,0,1,0.0,1,2.0,0,0,0.0,0,0.0,0.024390243902439025,225,123,0.0,41,0,0,0,0,10,0,0,0,0,0,29,29,29,0,0,41,0.9597560975609756,41,1.0,41,0,0,0,41,0,0,41,1,3,0,0,0,0,0,41,41,54,1346,1131,10,0,0,54,0.0,108,1,645,156,375,108,47840
2025-07-04,argo,ireader.domain.preferences.prefs,ReaderPreferences,scrollIndicatorPadding,1,0,0.0,1,1.0,0,0,1,0,3,0,1,0,0.0,0,0,0,1,0.0,1,2.0,0,0,0.0,0,0.0,0.024390243902439025,225,123,0.0,41,0,0,0,0,10,0,0,0,0,0,29,29,29,0,0,41,0.9597560975609756,41,1.0,41,0,0,0,41,0,0,41,1,3,0,0,0,0,0,41,41,54,1346,1131,10,0,0,54,0.0,108,1,645,156,375,108,47840
2025-07-04,argo,ireader.domain.preferences.prefs,ReaderPreferences,speechRate,1,0,0.0,1,1.0,0,0,1,0,3,0,1,0,0.0,0,0,0,2,0.0,0,2.0,0,0,0.0,0,0.0,0.024390243902439025,225,123,0.0,41,0,0,0,0,10,0,0,0,0,0,29,29,29,0,0,41,0.9597560975609756,41,1.0,41,0,0,0,41,0,0,41,1,3,0,0,0,0,0,41,41,54,1346,1131,10,0,0,54,0.0,108,1,645,156,375,108,47840
2025-07-04,argo,ireader.domain.preferences.prefs,ReaderPreferences,readerAutoNext,1,0,0.0,1,1.0,0,0,1,0,3,0,1,0,0.0,0,0,0,1,0.0,1,2.0,0,0,0.0,0,0.0,0.024390243902439025,225,123,0.0,41,0,0,0,0,10,0,0,0,0,0,29,29,29,0,0,41,0.9597560975609756,41,1.0,41,0,0,0,41,0,0,41,1,3,0,0,0,0,0,41,41,54,1346,1131,10,0,0,54,0.0,108,1,645,156,375,108,47840
2025-07-04,argo,ireader.domain.preferences.prefs,ReaderPreferences,speechPitch,1,0,0.0,1,1.0,0,0,1,0,3,0,1,0,0.0,0,0,0,2,0.0,0,2.0,0,0,0.0,0,0.0,0.024390243902439025,225,123,0.0,41,0,0,0,0,10,0,0,0,0,0,29,29,29,0,0,41,0.9597560975609756,41,1.0,41,0,0,0,41,0,0,41,1,3,0,0,0,0,0,41,41,54,1346,1131,10,0,0,54,0.0,108,1,645,156,375,108,47840
2025-07-04,argo,ireader.domain.preferences.prefs,ReaderPreferences,speechLanguage,1,0,0.0,1,1.0,0,0,1,0,3,0,1,0,0.0,0,0,0,1,0.0,1,2.0,0,0,0.0,0,0.0,0.024390243902439025,225,123,0.0,41,0,0,0,0,10,0,0,0,0,0,29,29,29,0,0,41,0.9597560975609756,41,1.0,41,0,0,0,41,0,0,41,1,3,0,0,0,0,0,41,41,54,1346,1131,10,0,0,54,0.0,108,1,645,156,375,108,47840
2025-07-04,argo,ireader.domain.preferences.prefs,ReaderPreferences,showChapterNumberPreferences,1,0,0.0,1,1.0,0,0,1,0,3,0,1,0,0.0,0,0,0,2,0.0,0,2.0,0,0,0.0,0,0.0,0.024390243902439025,225,123,0.0,41,0,0,0,0,10,0,0,0,0,0,29,29,29,0,0,41,0.9597560975609756,41,1.0,41,0,0,0,41,0,0,41,1,3,0,0,0,0,0,41,41,54,1346,1131,10,0,0,54,0.0,108,1,645,156,375,108,47840
2025-07-04,argo,ireader.domain.preferences.prefs,ReaderPreferences,translatorEngine,1,0,0.0,1,1.0,0,0,1,0,3,0,1,0,0.0,0,0,0,1,0.0,1,2.0,0,0,0.0,0,0.0,0.024390243902439025,225,123,0.0,41,0,0,0,0,10,0,0,0,0,0,29,29,29,0,0,41,0.9597560975609756,41,1.0,41,0,0,0,41,0,0,41,1,3,0,0,0,0,0,41,41,54,1346,1131,10,0,0,54,0.0,108,1,645,156,375,108,47840
2025-07-04,argo,ireader.domain.preferences.prefs,ReaderPreferences,translatorOriginLanguage,1,0,0.0,1,1.0,0,0,1,0,3,0,1,0,0.0,0,0,0,1,0.0,1,2.0,0,0,0.0,0,0.0,0.024390243902439025,225,123,0.0,41,0,0,0,0,10,0,0,0,0,0,29,29,29,0,0,41,0.9597560975609756,41,1.0,41,0,0,0,41,0,0,41,1,3,0,0,0,0,0,41,41,54,1346,1131,10,0,0,54,0.0,108,1,645,156,375,108,47840
2025-07-04,argo,ireader.domain.preferences.prefs,ReaderPreferences,translatorTargetLanguage,1,0,0.0,1,1.0,0,0,1,0,3,0,1,0,0.0,0,0,0,1,0.0,1,2.0,0,0,0.0,0,0.0,0.024390243902439025,225,123,0.0,41,0,0,0,0,10,0,0,0,0,0,29,29,29,0,0,41,0.9597560975609756,41,1.0,41,0,0,0,41,0,0,41,1,3,0,0,0,0,0,41,41,54,1346,1131,10,0,0,54,0.0,108,1,645,156,375,108,47840
2025-07-04,argo,ireader.domain.preferences.prefs,UiPreferences,themeMode,1,0,0.0,1,1.0,0,1,1,0,3,0,1,0,0.0,0,0,0,3,0.0,0,2.5,0,0,0.0,0,0.0,0.15151515151515152,136,96,0.0,33,1,0,0,1,11,0,0,0,0,1,0,0,0,1,0,34,0.9488636363636364,34,1.0303030303030303,33,0,1,0,33,0,0,33,2,1,0,0,0,0,0,33,33,54,1346,1131,10,0,0,50,1.0606060606060606,108,1,645,156,375,108,47840
2025-07-04,argo,ireader.domain.preferences.prefs,UiPreferences,installerMode,1,0,0.0,1,1.0,0,1,1,0,3,0,1,0,0.0,0,0,0,7,0.0,0,4.5,0,0,0.0,0,0.0,0.15151515151515152,136,96,0.0,33,1,0,0,1,11,0,0,0,0,1,0,0,0,1,0,34,0.9488636363636364,34,1.0303030303030303,33,0,1,0,33,0,0,33,2,1,0,0,0,0,0,33,33,54,1346,1131,10,0,0,50,1.0606060606060606,108,1,645,156,375,108,47840
2025-07-04,argo,ireader.domain.preferences.prefs,UiPreferences,showSystemWideCatalogs,1,0,0.0,1,1.0,0,1,1,0,3,0,1,0,0.0,0,0,0,1,0.0,1,2.0,0,0,0.0,0,0.0,0.15151515151515152,136,96,0.0,33,1,0,0,1,11,0,0,0,0,1,0,0,0,1,0,34,0.9488636363636364,34,1.0303030303030303,33,0,1,0,33,0,0,33,2,1,0,0,0,0,0,33,33,54,1346,1131,10,0,0,50,1.0606060606060606,108,1,645,156,375,108,47840
2025-07-04,argo,ireader.domain.preferences.prefs,UiPreferences,showLocalCatalogs,1,0,0.0,1,1.0,0,1,1,0,3,0,1,0,0.0,0,0,0,1,0.0,1,2.0,0,0,0.0,0,0.0,0.15151515151515152,136,96,0.0,33,1,0,0,1,11,0,0,0,0,1,0,0,0,1,0,34,0.9488636363636364,34,1.0303030303030303,33,0,1,0,33,0,0,33,2,1,0,0,0,0,0,33,33,54,1346,1131,10,0,0,50,1.0606060606060606,108,1,645,156,375,108,47840
2025-07-04,argo,ireader.domain.preferences.prefs,UiPreferences,autoCatalogUpdater,1,0,0.0,1,1.0,0,1,1,0,3,0,1,0,0.0,0,0,0,1,0.0,1,2.0,0,0,0.0,0,0.0,0.15151515151515152,136,96,0.0,33,1,0,0,1,11,0,0,0,0,1,0,0,0,1,0,34,0.9488636363636364,34,1.0303030303030303,33,0,1,0,33,0,0,33,2,1,0,0,0,0,0,33,33,54,1346,1131,10,0,0,50,1.0606060606060606,108,1,645,156,375,108,47840
2025-07-04,argo,ireader.domain.preferences.prefs,UiPreferences,savedLocalCatalogLocation,1,0,0.0,1,1.0,0,1,1,0,3,0,1,0,0.0,0,0,0,1,0.0,1,2.0,0,0,0.0,0,0.0,0.15151515151515152,136,96,0.0,33,1,0,0,1,11,0,0,0,0,1,0,0,0,1,0,34,0.9488636363636364,34,1.0303030303030303,33,0,1,0,33,0,0,33,2,1,0,0,0,0,0,33,33,54,1346,1131,10,0,0,50,1.0606060606060606,108,1,645,156,375,108,47840
2025-07-04,argo,ireader.domain.preferences.prefs,UiPreferences,lastBackUpTime,1,0,0.0,1,1.0,0,1,1,0,3,0,1,0,0.0,0,0,0,1,0.0,1,2.0,0,0,0.0,0,0.0,0.15151515151515152,136,96,0.0,33,1,0,0,1,11,0,0,0,0,1,0,0,0,1,0,34,0.9488636363636364,34,1.0303030303030303,33,0,1,0,33,0,0,33,2,1,0,0,0,0,0,33,33,54,1346,1131,10,0,0,50,1.0606060606060606,108,1,645,156,375,108,47840
2025-07-04,argo,ireader.domain.preferences.prefs,UiPreferences,automaticBackupTime,1,0,0.0,1,1.0,0,1,1,0,3,0,1,0,0.0,0,0,0,3,0.0,0,2.5,0,0,0.0,0,0.0,0.15151515151515152,136,96,0.0,33,1,0,0,1,11,0,0,0,0,1,0,0,0,1,0,34,0.9488636363636364,34,1.0303030303030303,33,0,1,0,33,0,0,33,2,1,0,0,0,0,0,33,33,54,1346,1131,10,0,0,50,1.0606060606060606,108,1,645,156,375,108,47840
2025-07-04,argo,ireader.domain.preferences.prefs,UiPreferences,maxAutomaticBackupFiles,1,0,0.0,1,1.0,0,1,1,0,3,0,1,0,0.0,0,0,0,1,0.0,1,2.0,0,0,0.0,0,0.0,0.15151515151515152,136,96,0.0,33,1,0,0,1,11,0,0,0,0,1,0,0,0,1,0,34,0.9488636363636364,34,1.0303030303030303,33,0,1,0,33,0,0,33,2,1,0,0,0,0,0,33,33,54,1346,1131,10,0,0,50,1.0606060606060606,108,1,645,156,375,108,47840
2025-07-04,argo,ireader.domain.preferences.prefs,UiPreferences,colorTheme,1,0,0.0,1,1.0,0,1,1,0,3,0,1,0,0.0,0,0,0,1,0.0,1,2.0,0,0,0.0,0,0.0,0.15151515151515152,136,96,0.0,33,1,0,0,1,11,0,0,0,0,1,0,0,0,1,0,34,0.9488636363636364,34,1.0303030303030303,33,0,1,0,33,0,0,33,2,1,0,0,0,0,0,33,33,54,1346,1131,10,0,0,50,1.0606060606060606,108,1,645,156,375,108,47840
2025-07-04,argo,ireader.domain.preferences.prefs,UiPreferences,showUpdatesAfter,1,0,0.0,1,1.0,0,1,1,0,3,0,1,0,0.0,0,0,0,1,0.0,1,2.0,0,0,0.0,0,0.0,0.15151515151515152,136,96,0.0,33,1,0,0,1,11,0,0,0,0,1,0,0,0,1,0,34,0.9488636363636364,34,1.0303030303030303,33,0,1,0,33,0,0,33,2,1,0,0,0,0,0,33,33,54,1346,1131,10,0,0,50,1.0606060606060606,108,1,645,156,375,108,47840
2025-07-04,argo,ireader.domain.preferences.prefs,UiPreferences,defaultRepository,1,0,0.0,1,1.0,0,1,1,0,3,0,1,0,0.0,0,0,0,1,0.0,1,2.0,0,0,0.0,0,0.0,0.15151515151515152,136,96,0.0,33,1,0,0,1,11,0,0,0,0,1,0,0,0,1,0,34,0.9488636363636364,34,1.0303030303030303,33,0,1,0,33,0,0,33,2,1,0,0,0,0,0,33,33,54,1346,1131,10,0,0,50,1.0606060606060606,108,1,645,156,375,108,47840
2025-07-04,argo,ireader.domain.preferences.prefs,UiPreferences,colorPrimaryLight,1,0,0.0,1,1.0,0,1,1,0,3,0,1,0,0.0,0,0,0,1,0.0,1,2.0,0,0,0.0,0,0.0,0.15151515151515152,136,96,0.0,33,1,0,0,1,11,0,0,0,0,1,0,0,0,1,0,34,0.9488636363636364,34,1.0303030303030303,33,0,1,0,33,0,0,33,2,1,0,0,0,0,0,33,33,54,1346,1131,10,0,0,50,1.0606060606060606,108,1,645,156,375,108,47840
2025-07-04,argo,ireader.domain.preferences.prefs,UiPreferences,colorPrimaryDark,1,0,0.0,1,1.0,0,1,1,0,3,0,1,0,0.0,0,0,0,1,0.0,1,2.0,0,0,0.0,0,0.0,0.15151515151515152,136,96,0.0,33,1,0,0,1,11,0,0,0,0,1,0,0,0,1,0,34,0.9488636363636364,34,1.0303030303030303,33,0,1,0,33,0,0,33,2,1,0,0,0,0,0,33,33,54,1346,1131,10,0,0,50,1.0606060606060606,108,1,645,156,375,108,47840
2025-07-04,argo,ireader.domain.preferences.prefs,UiPreferences,colorSecondaryLight,1,0,0.0,1,1.0,0,1,1,0,3,0,1,0,0.0,0,0,0,1,0.0,1,2.0,0,0,0.0,0,0.0,0.15151515151515152,136,96,0.0,33,1,0,0,1,11,0,0,0,0,1,0,0,0,1,0,34,0.9488636363636364,34,1.0303030303030303,33,0,1,0,33,0,0,33,2,1,0,0,0,0,0,33,33,54,1346,1131,10,0,0,50,1.0606060606060606,108,1,645,156,375,108,47840
2025-07-04,argo,ireader.domain.preferences.prefs,UiPreferences,colorSecondaryDark,1,0,0.0,1,1.0,0,1,1,0,3,0,1,0,0.0,0,0,0,1,0.0,1,2.0,0,0,0.0,0,0.0,0.15151515151515152,136,96,0.0,33,1,0,0,1,11,0,0,0,0,1,0,0,0,1,0,34,0.9488636363636364,34,1.0303030303030303,33,0,1,0,33,0,0,33,2,1,0,0,0,0,0,33,33,54,1346,1131,10,0,0,50,1.0606060606060606,108,1,645,156,375,108,47840
2025-07-04,argo,ireader.domain.preferences.prefs,UiPreferences,colorBarsLight,1,0,0.0,1,1.0,0,1,1,0,3,0,1,0,0.0,0,0,0,1,0.0,1,2.0,0,0,0.0,0,0.0,0.15151515151515152,136,96,0.0,33,1,0,0,1,11,0,0,0,0,1,0,0,0,1,0,34,0.9488636363636364,34,1.0303030303030303,33,0,1,0,33,0,0,33,2,1,0,0,0,0,0,33,33,54,1346,1131,10,0,0,50,1.0606060606060606,108,1,645,156,375,108,47840
2025-07-04,argo,ireader.domain.preferences.prefs,UiPreferences,colorBarsDark,1,0,0.0,1,1.0,0,1,1,0,3,0,1,0,0.0,0,0,0,1,0.0,1,2.0,0,0,0.0,0,0.0,0.15151515151515152,136,96,0.0,33,1,0,0,1,11,0,0,0,0,1,0,0,0,1,0,34,0.9488636363636364,34,1.0303030303030303,33,0,1,0,33,0,0,33,2,1,0,0,0,0,0,33,33,54,1346,1131,10,0,0,50,1.0606060606060606,108,1,645,156,375,108,47840
2025-07-04,argo,ireader.domain.preferences.prefs,UiPreferences,confirmExit,1,0,0.0,1,1.0,0,1,1,0,3,0,1,0,0.0,0,0,0,1,0.0,1,2.0,0,0,0.0,0,0.0,0.15151515151515152,136,96,0.0,33,1,0,0,1,11,0,0,0,0,1,0,0,0,1,0,34,0.9488636363636364,34,1.0303030303030303,33,0,1,0,33,0,0,33,2,1,0,0,0,0,0,33,33,54,1346,1131,10,0,0,50,1.0606060606060606,108,1,645,156,375,108,47840
2025-07-04,argo,ireader.domain.preferences.prefs,UiPreferences,hideBottomBarOnScroll,1,0,0.0,1,1.0,0,1,1,0,3,0,1,0,0.0,0,0,0,1,0.0,1,2.0,0,0,0.0,0,0.0,0.15151515151515152,136,96,0.0,33,1,0,0,1,11,0,0,0,0,1,0,0,0,1,0,34,0.9488636363636364,34,1.0303030303030303,33,0,1,0,33,0,0,33,2,1,0,0,0,0,0,33,33,54,1346,1131,10,0,0,50,1.0606060606060606,108,1,645,156,375,108,47840
2025-07-04,argo,ireader.domain.preferences.prefs,UiPreferences,language,1,0,0.0,1,1.0,0,1,1,0,3,0,1,0,0.0,0,0,0,1,0.0,1,2.0,0,0,0.0,0,0.0,0.15151515151515152,136,96,0.0,33,1,0,0,1,11,0,0,0,0,1,0,0,0,1,0,34,0.9488636363636364,34,1.0303030303030303,33,0,1,0,33,0,0,33,2,1,0,0,0,0,0,33,33,54,1346,1131,10,0,0,50,1.0606060606060606,108,1,645,156,375,108,47840
2025-07-04,argo,ireader.domain.preferences.prefs,UiPreferences,dateFormat,1,0,0.0,1,1.0,0,1,1,0,3,0,1,0,0.0,0,0,0,1,0.0,1,2.0,0,0,0.0,0,0.0,0.15151515151515152,136,96,0.0,33,1,0,0,1,11,0,0,0,0,1,0,0,0,1,0,34,0.9488636363636364,34,1.0303030303030303,33,0,1,0,33,0,0,33,2,1,0,0,0,0,0,33,33,54,1346,1131,10,0,0,50,1.0606060606060606,108,1,645,156,375,108,47840
2025-07-04,argo,ireader.domain.preferences.prefs,UiPreferences,relativeTime,1,0,0.0,1,1.0,0,1,1,0,3,0,1,0,0.0,0,0,0,3,0.0,0,2.5,0,0,0.0,0,0.0,0.15151515151515152,136,96,0.0,33,1,0,0,1,11,0,0,0,0,1,0,0,0,1,0,34,0.9488636363636364,34,1.0303030303030303,33,0,1,0,33,0,0,33,2,1,0,0,0,0,0,33,33,54,1346,1131,10,0,0,50,1.0606060606060606,108,1,645,156,375,108,47840
2025-07-04,argo,ireader.domain.preferences.prefs,UiPreferences,getDateFormat,3,0,0.0,2,1.0,0,1,1,0,4,2,3,0,0.0,0,0,0,4,0.0,1,2.5,1,0,0.0,0,0.0,0.15151515151515152,136,96,0.0,33,1,0,0,1,11,0,0,0,0,1,0,0,0,1,0,34,0.9488636363636364,34,1.0303030303030303,33,0,1,0,33,0,0,33,2,1,0,0,0,0,0,33,33,54,1346,1131,10,0,0,50,1.0606060606060606,108,1,645,156,375,108,47840
2025-07-04,argo,ireader.domain.preferences.prefs,UiPreferences,downloadedOnly,1,0,0.0,1,1.0,0,1,1,0,3,0,1,0,0.0,0,0,0,1,0.0,1,2.0,0,0,0.0,0,0.0,0.15151515151515152,136,96,0.0,33,1,0,0,1,11,0,0,0,0,1,0,0,0,1,0,34,0.9488636363636364,34,1.0303030303030303,33,0,1,0,33,0,0,33,2,1,0,0,0,0,0,33,33,54,1346,1131,10,0,0,50,1.0606060606060606,108,1,645,156,375,108,47840
2025-07-04,argo,ireader.domain.preferences.prefs,UiPreferences,incognitoMode,1,0,0.0,1,1.0,0,1,1,0,3,0,1,0,0.0,0,0,0,1,0.0,1,2.0,0,0,0.0,0,0.0,0.15151515151515152,136,96,0.0,33,1,0,0,1,11,0,0,0,0,1,0,0,0,1,0,34,0.9488636363636364,34,1.0303030303030303,33,0,1,0,33,0,0,33,2,1,0,0,0,0,0,33,33,54,1346,1131,10,0,0,50,1.0606060606060606,108,1,645,156,375,108,47840
2025-07-04,argo,ireader.domain.preferences.prefs,UiPreferences,useAuthenticator,1,0,0.0,1,1.0,0,1,1,0,3,0,1,0,0.0,0,0,0,1,0.0,1,2.0,0,0,0.0,0,0.0,0.15151515151515152,136,96,0.0,33,1,0,0,1,11,0,0,0,0,1,0,0,0,1,0,34,0.9488636363636364,34,1.0303030303030303,33,0,1,0,33,0,0,33,2,1,0,0,0,0,0,33,33,54,1346,1131,10,0,0,50,1.0606060606060606,108,1,645,156,375,108,47840
2025-07-04,argo,ireader.domain.preferences.prefs,UiPreferences,lastAppUnlock,1,0,0.0,1,1.0,0,1,1,0,3,0,1,0,0.0,0,0,0,1,0.0,1,2.0,0,0,0.0,0,0.0,0.15151515151515152,136,96,0.0,33,1,0,0,1,11,0,0,0,0,1,0,0,0,1,0,34,0.9488636363636364,34,1.0303030303030303,33,0,1,0,33,0,0,33,2,1,0,0,0,0,0,33,33,54,1346,1131,10,0,0,50,1.0606060606060606,108,1,645,156,375,108,47840
2025-07-04,argo,ireader.domain.preferences.prefs,UiPreferences,lockAppAfter,1,0,0.0,1,1.0,0,1,1,0,3,0,1,0,0.0,0,0,0,1,0.0,1,2.0,0,0,0.0,0,0.0,0.15151515151515152,136,96,0.0,33,1,0,0,1,11,0,0,0,0,1,0,0,0,1,0,34,0.9488636363636364,34,1.0303030303030303,33,0,1,0,33,0,0,33,2,1,0,0,0,0,0,33,33,54,1346,1131,10,0,0,50,1.0606060606060606,108,1,645,156,375,108,47840
2025-07-04,argo,ireader.domain.preferences.prefs,UiPreferences,secureScreen,1,0,0.0,1,1.0,0,1,1,0,3,0,1,0,0.0,0,0,0,3,0.0,0,2.5,0,0,0.0,0,0.0,0.15151515151515152,136,96,0.0,33,1,0,0,1,11,0,0,0,0,1,0,0,0,1,0,34,0.9488636363636364,34,1.0303030303030303,33,0,1,0,33,0,0,33,2,1,0,0,0,0,0,33,33,54,1346,1131,10,0,0,50,1.0606060606060606,108,1,645,156,375,108,47840
2025-07-04,argo,ireader.domain.preferences.prefs,UiPreferences,lastUsedSource,1,0,0.0,1,1.0,0,1,1,0,3,0,1,0,0.0,0,0,0,1,0.0,1,2.0,0,0,0.0,0,0.0,0.15151515151515152,136,96,0.0,33,1,0,0,1,11,0,0,0,0,1,0,0,0,1,0,34,0.9488636363636364,34,1.0303030303030303,33,0,1,0,33,0,0,33,2,1,0,0,0,0,0,33,33,54,1346,1131,10,0,0,50,1.0606060606060606,108,1,645,156,375,108,47840
2025-07-04,argo,ireader.domain.preferences.prefs,UiPreferences,showUpdatesInButtonBar,1,0,0.0,1,1.0,0,1,1,0,3,0,1,0,0.0,0,0,0,1,0.0,1,2.0,0,0,0.0,0,0.0,0.15151515151515152,136,96,0.0,33,1,0,0,1,11,0,0,0,0,1,0,0,0,1,0,34,0.9488636363636364,34,1.0303030303030303,33,0,1,0,33,0,0,33,2,1,0,0,0,0,0,33,33,54,1346,1131,10,0,0,50,1.0606060606060606,108,1,645,156,375,108,47840
2025-07-04,argo,ireader.domain.preferences.prefs,UiPreferences,showHistoryInButtonBar,1,0,0.0,1,1.0,0,1,1,0,3,0,1,0,0.0,0,0,0,1,0.0,1,2.0,0,0,0.0,0,0.0,0.15151515151515152,136,96,0.0,33,1,0,0,1,11,0,0,0,0,1,0,0,0,1,0,34,0.9488636363636364,34,1.0303030303030303,33,0,1,0,33,0,0,33,2,1,0,0,0,0,0,33,33,54,1346,1131,10,0,0,50,1.0606060606060606,108,1,645,156,375,108,47840
2025-07-04,argo,ireader.domain.services.extensions_insstaller_service,GetDefaultRepo,invoke,1,1,0.0,2,1.0,0,0,1,0,4,0,1,0,0.0,0,0,0,6,0.0,2,2.5,0,0,0.0,0,0.0,1.0,6,4,0.0,1,0,0,0,0,1,0,0,0,0,0,0,0,0,0,0,1,0.0,1,1.0,1,0,0,0,1,0,0,1,0,1,0,0,0,0,0,1,1,54,1346,1131,2,0,0,6,1.0,3,0,160,156,375,2,47840
2025-07-04,argo,ireader.domain.usecases.backup,CreateBackup,saveTo,3,2,1.0,3,1.0,0,0,1,0,12,0,3,1,0.0,1,0,0,6,0.0,1,2.0,4,0,0.0,0,0.0,0.625,52,43,0.375,8,0,0,0,0,13,0,0,0,0,0,0,0,0,0,0,8,0.9642857142857143,8,1.0,8,0,0,0,1,7,0,1,2,1,0,0,0,0,0,8,8,54,1346,1131,3,0,0,38,1.25,17,0,456,156,375,18,47840
2025-07-04,argo,ireader.domain.usecases.backup,CreateBackup,createDump,1,1,2.0,2,1.0,0,0,1,0,4,0,1,2,0.0,2,0,0,5,0.0,1,3.5,1,0,0.0,0,0.0,0.625,52,43,0.375,8,0,0,0,0,13,0,0,0,0,0,0,0,0,0,0,8,0.9642857142857143,8,1.0,8,0,0,0,1,7,0,1,2,1,0,0,0,0,0,8,8,54,1346,1131,3,0,0,38,1.25,17,0,456,156,375,18,47840
2025-07-04,argo,ireader.domain.usecases.backup,CreateBackup,dumpLibrary,1,4,4.0,4,1.0,0,0,1,0,9,0,1,4,0.0,4,0,0,7,0.0,1,2.1666666666666665,1,0,0.0,0,0.0,0.625,52,43,0.375,8,0,0,0,0,13,0,0,0,0,0,0,0,0,0,0,8,0.9642857142857143,8,1.0,8,0,0,0,1,7,0,1,2,1,0,0,0,0,0,8,8,54,1346,1131,3,0,0,38,1.25,17,0,456,156,375,18,47840
2025-07-04,argo,ireader.domain.usecases.backup,CreateBackup,dumpChapters,1,0,0.0,3,1.0,0,0,1,0,6,0,1,0,0.0,0,0,0,4,0.0,1,2.3333333333333335,2,0,0.0,0,0.0,0.625,52,43,0.375,8,0,0,0,0,13,0,0,0,0,0,0,0,0,0,0,8,0.9642857142857143,8,1.0,8,0,0,0,1,7,0,1,2,1,0,0,0,0,0,8,8,54,1346,1131,3,0,0,38,1.25,17,0,456,156,375,18,47840
2025-07-04,argo,ireader.domain.usecases.backup,CreateBackup,dumpHistories,1,0,0.0,1,1.0,0,0,1,0,3,0,1,0,0.0,0,0,0,3,0.0,0,2.5,1,0,0.0,0,0.0,0.625,52,43,0.375,8,0,0,0,0,13,0,0,0,0,0,0,0,0,0,0,8,0.9642857142857143,8,1.0,8,0,0,0,1,7,0,1,2,1,0,0,0,0,0,8,8,54,1346,1131,3,0,0,38,1.25,17,0,456,156,375,18,47840
2025-07-04,argo,ireader.domain.usecases.backup,CreateBackup,dumpMangaCategories,1,0,0.0,1,1.0,0,0,1,0,3,0,1,0,0.0,0,0,0,5,0.0,0,2.25,1,0,0.0,0,0.0,0.625,52,43,0.375,8,0,0,0,0,13,0,0,0,0,0,0,0,0,0,0,8,0.9642857142857143,8,1.0,8,0,0,0,1,7,0,1,2,1,0,0,0,0,0,8,8,54,1346,1131,3,0,0,38,1.25,17,0,456,156,375,18,47840
2025-07-04,argo,ireader.domain.usecases.backup,CreateBackup,dumpTracks,1,0,0.0,0,0.0,0,0,1,0,3,0,1,0,0.0,0,0,0,1,0.0,0,0.0,1,0,0.0,0,0.0,0.625,52,43,0.375,8,0,0,0,0,13,0,0,0,0,0,0,0,0,0,0,8,0.9642857142857143,8,1.0,8,0,0,0,1,7,0,1,2,1,0,0,0,0,0,8,8,54,1346,1131,3,0,0,38,1.25,17,0,456,156,375,18,47840
2025-07-04,argo,ireader.domain.usecases.backup,CreateBackup,dumpCategories,1,0,0.0,1,1.0,0,0,1,0,3,0,1,0,0.0,0,0,0,7,0.0,0,2.75,0,0,0.0,0,0.0,0.625,52,43,0.375,8,0,0,0,0,13,0,0,0,0,0,0,0,0,0,0,8,0.9642857142857143,8,1.0,8,0,0,0,1,7,0,1,2,1,0,0,0,0,0,8,8,54,1346,1131,3,0,0,38,1.25,17,0,456,156,375,18,47840
2025-07-04,argo,ireader.domain.usecases.backup,RestoreBackup,restoreFrom,4,5,6.0,7,1.0,0,1,2,0,23,1,4,8,0.0,7,0,0,16,0.0,1,2.4,3,0,0.0,0,0.0,0.75,119,97,0.14285714285714285,8,0,0,0,0,11,1,0,0,0,0,0,0,0,0,0,23,0.8928571428571429,23,2.875,8,0,0,0,1,7,0,1,3,1,0,0,0,0,0,8,8,54,1346,1131,3,0,1,117,3.5,17,0,456,156,375,18,47840
2025-07-04,argo,ireader.domain.usecases.backup,RestoreBackup,loadDump,1,0,0.0,1,1.0,0,1,2,0,3,0,1,0,0.0,0,0,0,6,0.0,0,2.0,1,0,0.0,0,0.0,0.75,119,97,0.14285714285714285,8,0,0,0,0,11,1,0,0,0,0,0,0,0,0,0,23,0.8928571428571429,23,2.875,8,0,0,0,1,7,0,1,3,1,0,0,0,0,0,8,8,54,1346,1131,3,0,1,117,3.5,17,0,456,156,375,18,47840
2025-07-04,argo,ireader.domain.usecases.backup,RestoreBackup,restoreManga,3,3,0.0,6,1.0,0,1,2,0,12,1,3,0,0.0,0,0,0,24,0.0,1,2.0416666666666665,1,0,0.0,0,0.0,0.75,119,97,0.14285714285714285,8,0,0,0,0,11,1,0,0,0,0,0,0,0,0,0,23,0.8928571428571429,23,2.875,8,0,0,0,1,7,0,1,3,1,0,0,0,0,0,8,8,54,1346,1131,3,0,1,117,3.5,17,0,456,156,375,18,47840
2025-07-04,argo,ireader.domain.usecases.backup,RestoreBackup,restoreChapters,12,10,0.0,12,0.8462,0,1,2,0,39,3,12,0,0.0,0,0,0,41,0.0,1,2.263157894736842,1,0,0.0,0,0.0,0.75,119,97,0.14285714285714285,8,0,0,0,0,11,1,0,0,0,0,0,0,0,0,0,23,0.8928571428571429,23,2.875,8,0,0,0,1,7,0,1,3,1,0,0,0,0,0,8,8,54,1346,1131,3,0,1,117,3.5,17,0,456,156,375,18,47840
2025-07-04,argo,ireader.domain.usecases.backup,RestoreBackup,restoreCategories,3,3,0.0,6,1.0,0,1,2,0,10,2,3,0,0.0,0,0,1,20,0.0,1,2.2222222222222223,1,1,0.0,0,0.0,0.75,119,97,0.14285714285714285,8,0,0,0,0,11,1,0,0,0,0,0,0,0,0,0,23,0.8928571428571429,23,2.875,8,0,0,0,1,7,0,1,3,1,0,0,0,0,0,8,8,54,1346,1131,3,0,1,117,3.5,17,0,456,156,375,18,47840
2025-07-04,argo,ireader.domain.usecases.backup,RestoreBackup,restoreCategoriesOfBook,3,1,0.0,4,1.0,0,1,2,0,7,2,3,0,0.0,0,0,0,4,0.0,1,2.0,2,0,0.0,0,0.0,0.75,119,97,0.14285714285714285,8,0,0,0,0,11,1,0,0,0,0,0,0,0,0,0,23,0.8928571428571429,23,2.875,8,0,0,0,1,7,0,1,3,1,0,0,0,0,0,8,8,54,1346,1131,3,0,1,117,3.5,17,0,456,156,375,18,47840
2025-07-04,argo,ireader.domain.usecases.backup,RestoreBackup,restoreTracks,1,0,0.0,0,0.0,0,1,2,0,3,0,1,0,0.0,0,0,0,0,0.0,0,0.0,2,0,0.0,0,0.0,0.75,119,97,0.14285714285714285,8,0,0,0,0,11,1,0,0,0,0,0,0,0,0,0,23,0.8928571428571429,23,2.875,8,0,0,0,1,7,0,1,3,1,0,0,0,0,0,8,8,54,1346,1131,3,0,1,117,3.5,17,0,456,156,375,18,47840
2025-07-04,argo,ireader.domain.usecases.backup,RestoreBackup,getCategoryIdsByBackupId,1,2,0.0,2,1.0,0,1,2,0,7,0,1,0,0.0,0,0,0,6,0.0,1,2.3333333333333335,1,0,0.0,0,0.0,0.75,119,97,0.14285714285714285,8,0,0,0,0,11,1,0,0,0,0,0,0,0,0,0,23,0.8928571428571429,23,2.875,8,0,0,0,1,7,0,1,3,1,0,0,0,0,0,8,8,54,1346,1131,3,0,1,117,3.5,17,0,456,156,375,18,47840
2025-07-04,argo,ireader.domain.usecases.backup.backup,BookProto,fromDomain,1,0,0.0,0,0.0,0,0,1,0,3,0,1,0,0.0,0,0,0,1,0.0,0,0.0,0,0,0.0,0,0.0,1.0,11,3,0.0,1,0,0,0,0,1,0,1,0,0,0,0,0,0,0,0,1,0.0,1,1.0,1,0,0,0,1,0,0,1,0,1,0,0,1,0,1,1,2,54,1346,1131,7,1,0,1,1.0,7,0,329,156,375,5,47840
2025-07-04,argo,ireader.domain.usecases.backup.backup,CategoryProto,fromDomain,1,0,0.0,0,0.0,0,0,1,0,3,0,1,0,0.0,0,0,0,1,0.0,0,0.0,0,0,0.0,0,0.0,1.0,11,3,0.0,1,0,0,0,0,1,0,1,0,0,0,0,0,0,0,0,1,0.0,1,1.0,1,0,0,0,1,0,0,1,0,1,0,0,1,0,1,1,2,54,1346,1131,7,1,0,1,1.0,7,0,329,156,375,5,47840
2025-07-04,argo,ireader.domain.usecases.backup.backup,ChapterProto,fromDomain,1,0,0.0,1,1.0,0,0,1,0,3,0,1,0,0.0,0,0,0,1,0.0,1,2.0,0,0,0.0,0,0.0,1.0,11,3,0.0,1,0,0,0,0,2,0,1,0,0,0,0,0,0,0,0,1,0.0,1,1.0,1,0,0,0,1,0,0,1,0,1,0,0,1,0,1,1,2,54,1346,1131,7,1,0,1,1.0,7,0,329,156,375,5,47840
2025-07-04,argo,ireader.domain.usecases.backup.backup,HistoryProto,fromDomain,1,0,0.0,0,0.0,0,0,1,0,3,0,1,0,0.0,0,0,0,1,0.0,0,0.0,0,0,0.0,0,0.0,1.0,11,3,0.0,1,0,0,0,0,2,0,1,0,0,0,0,0,0,0,0,1,0.0,1,1.0,1,0,0,0,1,0,0,1,0,1,0,0,1,0,1,1,2,54,1346,1131,7,1,0,1,1.0,7,0,329,156,375,5,47840
2025-07-04,argo,ireader.domain.usecases.backup.backup,TrackProto,fromDomain,1,0,0.0,1,1.0,0,0,1,0,3,0,1,0,0.0,0,0,0,1,0.0,1,2.0,0,0,0.0,0,0.0,1.0,11,3,0.0,1,0,0,0,0,2,0,1,0,0,0,0,0,0,0,0,1,0.0,1,1.0,1,0,0,0,1,0,0,1,0,1,0,0,1,0,1,1,2,54,1346,1131,7,1,0,1,1.0,7,0,329,156,375,5,47840
2025-07-04,argo,ireader.domain.usecases.backup.backup.legecy.nineteensep,LegacyHistoryProto,toHistoryProto,1,0,0.0,0,0.0,0,0,1,0,3,0,1,0,0.0,0,0,0,1,0.0,0,0.0,0,0,0.0,0,0.0,1.0,5,3,0.0,1,0,0,0,0,1,0,0,0,0,0,0,0,0,0,0,1,0.0,1,1.0,1,0,0,0,6,0,0,6,0,6,0,0,0,0,0,1,1,54,1346,1131,6,0,0,19,1.0,7,0,174,156,375,6,47840
2025-07-04,argo,ireader.domain.usecases.backup.backup.legecy.nineteensep,LegacyChapterProto,toChapterProto,1,0,0.0,1,1.0,0,0,1,0,3,0,1,0,0.0,0,0,0,4,0.0,0,2.0,0,0,0.0,0,0.0,1.0,5,3,0.0,1,0,0,0,0,1,0,0,0,0,0,0,0,0,0,0,1,0.0,1,1.0,1,0,0,0,6,0,0,6,0,6,0,0,0,0,0,1,1,54,1346,1131,6,0,0,19,1.0,7,0,174,156,375,6,47840
2025-07-04,argo,ireader.domain.usecases.backup.backup.legecy.nineteensep,LegacyCategoryProto,toCategoryProto,1,0,0.0,1,1.0,0,0,1,0,3,0,1,0,0.0,0,0,0,1,0.0,1,2.0,0,0,0.0,0,0.0,1.0,5,3,0.0,1,0,0,0,0,1,0,0,0,0,0,0,0,0,0,0,1,0.0,1,1.0,1,0,0,0,6,0,0,6,0,6,0,0,0,0,0,1,1,54,1346,1131,6,0,0,19,1.0,7,0,174,156,375,6,47840
2025-07-04,argo,ireader.domain.usecases.backup.backup.legecy.nineteensep,BackupProto,toBackup,1,0,0.0,1,1.0,0,0,1,0,3,0,1,0,0.0,0,0,0,4,0.0,0,2.0,0,0,0.0,0,0.0,1.0,5,3,0.0,1,0,0,0,0,1,0,0,0,0,0,0,0,0,0,0,1,0.0,1,1.0,1,0,0,0,6,0,0,6,0,6,0,0,0,0,0,1,1,54,1346,1131,6,0,0,19,1.0,7,0,174,156,375,6,47840
2025-07-04,argo,ireader.domain.usecases.backup.backup.legecy.nineteensep,LegacyBackupProto,toBackup,1,0,0.0,1,1.0,0,0,1,0,3,0,1,0,0.0,0,0,0,4,0.0,0,2.0,0,0,0.0,0,0.0,1.0,5,3,0.0,1,0,0,0,0,1,0,0,0,0,0,0,0,0,0,0,1,0.0,1,1.0,1,0,0,0,6,0,0,6,0,6,0,0,0,0,0,1,1,54,1346,1131,6,0,0,19,1.0,7,0,174,156,375,6,47840
2025-07-04,argo,ireader.domain.usecases.backup.backup.legecy.nineteensep,LegacyBookProto,toBookProto,1,0,0.0,1,1.0,0,0,1,0,3,0,1,0,0.0,0,0,0,9,0.0,0,2.0,0,0,0.0,0,0.0,1.0,5,3,0.0,1,0,0,0,0,1,0,0,0,0,0,0,0,0,0,0,1,0.0,1,1.0,1,0,0,0,6,0,0,6,0,6,0,0,0,0,0,1,1,54,1346,1131,6,0,0,19,1.0,7,0,174,156,375,6,47840
2025-07-04,argo,ireader.domain.usecases.backup.backup.legecy.twnetysep,LegacyChapterProto,toChapterProto,1,0,0.0,1,1.0,0,0,1,0,3,0,1,0,0.0,0,0,0,3,0.0,0,2.0,0,0,0.0,0,0.0,1.0,5,3,0.0,1,0,0,0,0,1,0,0,0,0,0,0,0,0,0,0,1,0.0,1,1.0,1,0,0,0,4,0,0,4,0,4,0,0,0,0,0,1,1,54,1346,1131,4,0,0,12,1.0,5,0,130,156,375,4,47840
2025-07-04,argo,ireader.domain.usecases.backup.backup.legecy.twnetysep,BackupProto,toBackup,1,0,0.0,1,1.0,0,0,1,0,3,0,1,0,0.0,0,0,0,2,0.0,0,2.0,0,0,0.0,0,0.0,1.0,5,3,0.0,1,0,0,0,0,1,0,0,0,0,0,0,0,0,0,0,1,0.0,1,1.0,1,0,0,0,4,0,0,4,0,4,0,0,0,0,0,1,1,54,1346,1131,4,0,0,12,1.0,5,0,130,156,375,4,47840
2025-07-04,argo,ireader.domain.usecases.backup.backup.legecy.twnetysep,LegacyBackupProto,toBackup,1,0,0.0,1,1.0,0,0,1,0,3,0,1,0,0.0,0,0,0,2,0.0,0,2.0,0,0,0.0,0,0.0,1.0,5,3,0.0,1,0,0,0,0,1,0,0,0,0,0,0,0,0,0,0,1,0.0,1,1.0,1,0,0,0,4,0,0,4,0,4,0,0,0,0,0,1,1,54,1346,1131,4,0,0,12,1.0,5,0,130,156,375,4,47840
2025-07-04,argo,ireader.domain.usecases.backup.backup.legecy.twnetysep,LegacyBookProto,toBookProto,1,0,0.0,1,1.0,0,0,1,0,3,0,1,0,0.0,0,0,0,7,0.0,0,2.0,0,0,0.0,0,0.0,1.0,5,3,0.0,1,0,0,0,0,1,0,0,0,0,0,0,0,0,0,0,1,0.0,1,1.0,1,0,0,0,4,0,0,4,0,4,0,0,0,0,0,1,1,54,1346,1131,4,0,0,12,1.0,5,0,130,156,375,4,47840
2025-07-04,argo,ireader.domain.usecases.category,CategoriesUseCases,await,1,0,0.0,1,1.0,0,0,1,0,3,0,1,0,0.0,0,0,0,1,0.0,1,2.0,0,0,0.0,0,0.0,0.14285714285714285,44,34,0.0,7,1,0,0,1,7,2,0,0,0,1,1,0,0,0,0,9,1.0,9,1.2857142857142858,7,0,1,0,7,0,0,7,0,1,0,0,0,0,0,7,7,54,1346,1131,3,0,3,16,2.0,10,0,173,156,375,10,47840
2025-07-04,argo,ireader.domain.usecases.category,CategoriesUseCases,subscribe,7,1,0.0,4,1.0,0,0,1,0,16,2,7,0,0.0,1,0,0,10,0.0,1,2.25,1,0,0.0,0,0.0,0.14285714285714285,44,34,0.0,7,1,0,0,1,7,2,0,0,0,1,1,0,0,0,0,9,1.0,9,1.2857142857142858,7,0,1,0,7,0,0,7,0,1,0,0,0,0,0,7,7,54,1346,1131,3,0,3,16,2.0,10,0,173,156,375,10,47840
2025-07-04,argo,ireader.domain.usecases.category,CategoriesUseCases,deleteCategory,1,0,0.0,1,1.0,0,0,1,0,3,0,1,0,0.0,0,0,1,2,0.0,0,3.0,1,1,0.0,0,0.0,0.14285714285714285,44,34,0.0,7,1,0,0,1,7,2,0,0,0,1,1,0,0,0,0,9,1.0,9,1.2857142857142858,7,0,1,0,7,0,0,7,0,1,0,0,0,0,0,7,7,54,1346,1131,3,0,3,16,2.0,10,0,173,156,375,10,47840
2025-07-04,argo,ireader.domain.usecases.category,CategoriesUseCases,insertBookCategory,1,0,0.0,1,1.0,0,0,1,0,3,0,1,0,0.0,0,0,1,1,0.0,1,2.0,1,1,0.0,0,0.0,0.14285714285714285,44,34,0.0,7,1,0,0,1,7,2,0,0,0,1,1,0,0,0,0,9,1.0,9,1.2857142857142858,7,0,1,0,7,0,0,7,0,1,0,0,0,0,0,7,7,54,1346,1131,3,0,3,16,2.0,10,0,173,156,375,10,47840
2025-07-04,argo,ireader.domain.usecases.category,CategoriesUseCases,deleteBookCategory,1,0,0.0,1,1.0,0,0,1,0,3,0,1,0,0.0,0,0,1,1,0.0,1,2.0,1,1,0.0,0,0.0,0.14285714285714285,44,34,0.0,7,1,0,0,1,7,2,0,0,0,1,1,0,0,0,0,9,1.0,9,1.2857142857142858,7,0,1,0,7,0,0,7,0,1,0,0,0,0,0,7,7,54,1346,1131,3,0,3,16,2.0,10,0,173,156,375,10,47840
2025-07-04,argo,ireader.domain.usecases.category,CategoriesUseCases,deleteBookCategory,1,0,0.0,1,1.0,0,0,1,0,3,0,1,0,0.0,0,0,1,1,0.0,1,2.0,1,1,0.0,0,0.0,0.14285714285714285,44,34,0.0,7,1,0,0,1,7,2,0,0,0,1,1,0,0,0,0,9,1.0,9,1.2857142857142858,7,0,1,0,7,0,0,7,0,1,0,0,0,0,0,7,7,54,1346,1131,3,0,3,16,2.0,10,0,173,156,375,10,47840
2025-07-04,argo,ireader.domain.usecases.category,CategoriesUseCases,subscribeBookCategories,1,0,0.0,1,1.0,0,0,1,0,3,0,1,0,0.0,0,0,0,1,0.0,1,2.0,0,0,0.0,0,0.0,0.14285714285714285,44,34,0.0,7,1,0,0,1,7,2,0,0,0,1,1,0,0,0,0,9,1.0,9,1.2857142857142858,7,0,1,0,7,0,0,7,0,1,0,0,0,0,0,7,7,54,1346,1131,3,0,3,16,2.0,10,0,173,156,375,10,47840
2025-07-04,argo,ireader.domain.usecases.category,CreateCategoryWithName,await,5,3,0.0,7,0.8571,0,0,2,0,17,1,5,0,0.0,0,0,0,17,0.0,1,2.3333333333333335,1,0,0.0,0,0.0,1.0,29,17,0.0,1,0,0,0,0,2,0,0,0,0,0,0,0,0,0,0,3,0.0,3,3.0,1,0,0,0,1,0,0,1,0,1,0,0,0,0,0,1,1,54,1346,1131,3,0,0,17,5.0,10,0,173,156,375,10,47840
2025-07-04,argo,ireader.domain.usecases.category,ReorderCategory,await,5,5,0.0,8,1.0,0,0,2,0,18,2,5,0,0.0,0,0,0,18,0.0,1,2.176470588235294,2,0,0.0,0,0.0,0.5,32,21,0.0,2,0,0,0,0,4,0,0,0,0,0,0,0,0,0,0,4,1.0,4,2.0,2,0,0,0,2,0,0,2,0,1,0,0,0,0,0,2,2,54,1346,1131,3,0,0,1,1.0,10,0,173,156,375,10,47840
2025-07-04,argo,ireader.domain.usecases.category,ReorderCategory,await,1,0,0.0,1,1.0,0,0,2,0,3,0,1,2,0.0,2,0,0,1,0.0,0,2.0,2,0,0.0,0,0.0,0.5,32,21,0.0,2,0,0,0,0,4,0,0,0,0,0,0,0,0,0,0,4,1.0,4,2.0,2,0,0,0,2,0,0,2,0,1,0,0,0,0,0,2,2,54,1346,1131,3,0,0,1,1.0,10,0,173,156,375,10,47840
2025-07-04,argo,ireader.domain.usecases.download.delete,DeleteAllSavedDownload,invoke,2,0,0.0,1,1.0,0,0,1,0,3,0,2,0,0.0,0,0,1,1,0.0,1,2.0,0,1,0.0,0,0.0,0.0,5,3,0.0,1,0,0,0,0,0,1,0,0,0,0,0,0,0,0,0,1,0.0,1,1.0,1,0,0,0,1,0,0,1,0,1,0,0,0,0,0,1,1,54,1346,1131,4,0,1,1,2.0,4,0,39,156,375,4,47840
2025-07-04,argo,ireader.domain.usecases.download.delete,DeleteSavedDownload,invoke,2,0,0.0,1,1.0,0,0,1,0,3,0,2,0,0.0,0,0,1,1,0.0,1,2.0,1,1,0.0,0,0.0,0.0,5,3,0.0,1,0,0,0,0,1,1,0,0,0,0,0,0,0,0,0,1,0.0,1,1.0,1,0,0,0,2,0,0,2,0,2,0,0,0,0,0,1,1,54,1346,1131,4,0,1,1,2.0,4,0,39,156,375,4,47840
2025-07-04,argo,ireader.domain.usecases.download.delete,DeleteSavedDownloads,invoke,2,0,0.0,1,1.0,0,0,1,0,3,0,2,0,0.0,0,0,1,1,0.0,1,2.0,1,1,0.0,0,0.0,0.0,5,3,0.0,1,0,0,0,0,1,1,0,0,0,0,0,0,0,0,0,1,0.0,1,1.0,1,0,0,0,2,0,0,2,0,2,0,0,0,0,0,1,1,54,1346,1131,4,0,1,1,2.0,4,0,39,156,375,4,47840
2025-07-04,argo,ireader.domain.usecases.download.delete,DeleteSavedDownloadByBookId,invoke,2,0,0.0,1,1.0,0,0,1,0,3,0,2,0,0.0,0,0,1,1,0.0,1,2.0,1,1,0.0,0,0.0,0.0,5,3,0.0,1,0,0,0,0,1,1,0,0,0,0,0,0,0,0,0,1,0.0,1,1.0,1,0,0,0,1,0,0,1,0,1,0,0,0,0,0,1,1,54,1346,1131,4,0,1,1,2.0,4,0,39,156,375,4,47840
2025-07-04,argo,ireader.domain.usecases.download.get,SubscribeDownloadsUseCase,invoke,2,0,0.0,1,1.0,0,0,1,0,3,0,2,0,0.0,0,0,0,1,0.0,1,2.0,0,0,0.0,0,0.0,0.0,5,3,0.0,1,0,0,0,0,1,0,0,0,0,0,0,0,0,0,0,1,0.0,1,1.0,1,0,0,0,1,0,0,1,0,1,0,0,0,0,0,1,1,54,1346,1131,3,0,0,1,2.0,3,0,33,156,375,3,47840
2025-07-04,argo,ireader.domain.usecases.download.get,FindDownloadsUseCase,invoke,2,0,0.0,1,1.0,0,0,1,0,3,0,2,0,0.0,0,0,0,1,0.0,1,2.0,0,0,0.0,0,0.0,0.0,5,3,0.0,1,0,0,0,0,1,0,0,0,0,0,0,0,0,0,0,1,0.0,1,1.0,1,0,0,0,2,0,0,2,0,2,0,0,0,0,0,1,1,54,1346,1131,3,0,0,1,2.0,3,0,33,156,375,3,47840
2025-07-04,argo,ireader.domain.usecases.download.get,FindAllDownloadsUseCase,invoke,2,0,0.0,1,1.0,0,0,1,0,3,0,2,0,0.0,0,0,0,1,0.0,1,2.0,0,0,0.0,0,0.0,0.0,5,3,0.0,1,0,0,0,0,1,0,0,0,0,0,0,0,0,0,0,1,0.0,1,1.0,1,0,0,0,2,0,0,2,0,2,0,0,0,0,0,1,1,54,1346,1131,3,0,0,1,2.0,3,0,33,156,375,3,47840
2025-07-04,argo,ireader.domain.usecases.download.insert,InsertDownload,invoke,2,0,0.0,1,1.0,0,0,1,0,3,0,2,0,0.0,0,0,0,1,0.0,1,2.0,1,0,0.0,0,0.0,0.0,5,3,0.0,1,0,0,0,0,1,0,0,0,0,0,0,0,0,0,0,1,0.0,1,1.0,1,0,0,0,1,0,0,1,0,1,0,0,0,0,0,1,1,54,1346,1131,2,0,0,1,2.0,2,0,25,156,375,2,47840
2025-07-04,argo,ireader.domain.usecases.download.insert,InsertDownloads,invoke,2,0,0.0,1,1.0,0,0,1,0,3,0,2,0,0.0,0,0,0,1,0.0,1,2.0,1,0,0.0,0,0.0,0.0,5,3,0.0,1,0,0,0,0,1,0,0,0,0,0,0,0,0,0,0,1,0.0,1,1.0,1,0,0,0,1,0,0,1,0,1,0,0,0,0,0,1,1,54,1346,1131,2,0,0,1,2.0,2,0,25,156,375,2,47840
2025-07-04,argo,ireader.domain.usecases.fonts,FontUseCase,getRemoteFonts,1,1,0.0,2,1.0,0,1,1,0,4,0,1,0,0.0,0,0,0,9,0.0,3,4.0,0,0,0.0,0,0.0,1.0,6,0,0.0,1,0,0,0,0,1,0,0,0,0,0,0,0,0,0,0,1,0.0,1,1.0,1,0,0,0,1,0,0,1,0,1,0,0,0,0,0,1,1,54,1346,1131,1,0,0,9,1.0,0,0,21,156,375,1,47840
2025-07-04,argo,ireader.domain.usecases.history,HistoryUseCase,findHistory,1,0,0.0,0,0.0,0,0,1,0,3,0,1,0,0.0,1,0,0,1,0.0,1,2.0,1,0,0.0,0,0.0,0.18181818181818182,46,34,0.0,11,0,0,0,0,8,0,0,0,0,0,0,0,0,0,0,12,1.0,12,1.0909090909090908,11,0,0,0,11,0,0,11,0,1,0,0,0,0,0,11,11,54,1346,1131,1,0,0,17,1.0909090909090908,11,0,61,156,375,11,47840
2025-07-04,argo,ireader.domain.usecases.history,HistoryUseCase,findHistoryByBookId,1,0,0.0,0,0.0,0,0,1,0,3,0,1,0,0.0,1,0,0,1,0.0,1,2.0,1,0,0.0,0,0.0,0.18181818181818182,46,34,0.0,11,0,0,0,0,8,0,0,0,0,0,0,0,0,0,0,12,1.0,12,1.0909090909090908,11,0,0,0,11,0,0,11,0,1,0,0,0,0,0,11,11,54,1346,1131,1,0,0,17,1.0909090909090908,11,0,61,156,375,11,47840
2025-07-04,argo,ireader.domain.usecases.history,HistoryUseCase,subscribeHistoryByBookId,2,0,0.0,0,0.0,0,0,1,0,4,1,2,0,0.0,1,0,0,2,0.0,1,2.0,1,0,0.0,0,0.0,0.18181818181818182,46,34,0.0,11,0,0,0,0,8,0,0,0,0,0,0,0,0,0,0,12,1.0,12,1.0909090909090908,11,0,0,0,11,0,0,11,0,1,0,0,0,0,0,11,11,54,1346,1131,1,0,0,17,1.0909090909090908,11,0,61,156,375,11,47840
2025-07-04,argo,ireader.domain.usecases.history,HistoryUseCase,findHistories,1,0,0.0,0,0.0,0,0,1,0,3,0,1,0,0.0,1,0,0,1,0.0,1,2.0,0,0,0.0,0,0.0,0.18181818181818182,46,34,0.0,11,0,0,0,0,8,0,0,0,0,0,0,0,0,0,0,12,1.0,12,1.0909090909090908,11,0,0,0,11,0,0,11,0,1,0,0,0,0,0,11,11,54,1346,1131,1,0,0,17,1.0909090909090908,11,0,61,156,375,11,47840
2025-07-04,argo,ireader.domain.usecases.history,HistoryUseCase,findHistoriesByFlow,1,0,0.0,0,0.0,0,0,1,0,3,0,1,0,0.0,1,0,0,6,0.0,0,2.5,1,0,0.0,0,0.0,0.18181818181818182,46,34,0.0,11,0,0,0,0,8,0,0,0,0,0,0,0,0,0,0,12,1.0,12,1.0909090909090908,11,0,0,0,11,0,0,11,0,1,0,0,0,0,0,11,11,54,1346,1131,1,0,0,17,1.0909090909090908,11,0,61,156,375,11,47840
2025-07-04,argo,ireader.domain.usecases.history,HistoryUseCase,insertHistory,1,0,0.0,0,0.0,0,0,1,0,3,0,1,0,0.0,1,0,0,1,0.0,1,2.0,1,0,0.0,0,0.0,0.18181818181818182,46,34,0.0,11,0,0,0,0,8,0,0,0,0,0,0,0,0,0,0,12,1.0,12,1.0909090909090908,11,0,0,0,11,0,0,11,0,1,0,0,0,0,0,11,11,54,1346,1131,1,0,0,17,1.0909090909090908,11,0,61,156,375,11,47840
2025-07-04,argo,ireader.domain.usecases.history,HistoryUseCase,insertHistories,1,0,0.0,0,0.0,0,0,1,0,3,0,1,0,0.0,1,0,0,1,0.0,1,2.0,1,0,0.0,0,0.0,0.18181818181818182,46,34,0.0,11,0,0,0,0,8,0,0,0,0,0,0,0,0,0,0,12,1.0,12,1.0909090909090908,11,0,0,0,11,0,0,11,0,1,0,0,0,0,0,11,11,54,1346,1131,1,0,0,17,1.0909090909090908,11,0,61,156,375,11,47840
2025-07-04,argo,ireader.domain.usecases.history,HistoryUseCase,deleteHistories,1,0,0.0,0,0.0,0,0,1,0,3,0,1,0,0.0,1,0,0,1,0.0,1,2.0,1,0,0.0,0,0.0,0.18181818181818182,46,34,0.0,11,0,0,0,0,8,0,0,0,0,0,0,0,0,0,0,12,1.0,12,1.0909090909090908,11,0,0,0,11,0,0,11,0,1,0,0,0,0,0,11,11,54,1346,1131,1,0,0,17,1.0909090909090908,11,0,61,156,375,11,47840
2025-07-04,argo,ireader.domain.usecases.history,HistoryUseCase,deleteHistory,1,0,0.0,0,0.0,0,0,1,0,3,0,1,0,0.0,1,0,0,1,0.0,1,2.0,1,0,0.0,0,0.0,0.18181818181818182,46,34,0.0,11,0,0,0,0,8,0,0,0,0,0,0,0,0,0,0,12,1.0,12,1.0909090909090908,11,0,0,0,11,0,0,11,0,1,0,0,0,0,0,11,11,54,1346,1131,1,0,0,17,1.0909090909090908,11,0,61,156,375,11,47840
2025-07-04,argo,ireader.domain.usecases.history,HistoryUseCase,deleteHistoryByBookId,1,0,0.0,0,0.0,0,0,1,0,3,0,1,0,0.0,1,0,0,1,0.0,1,2.0,1,0,0.0,0,0.0,0.18181818181818182,46,34,0.0,11,0,0,0,0,8,0,0,0,0,0,0,0,0,0,0,12,1.0,12,1.0909090909090908,11,0,0,0,11,0,0,11,0,1,0,0,0,0,0,11,11,54,1346,1131,1,0,0,17,1.0909090909090908,11,0,61,156,375,11,47840
2025-07-04,argo,ireader.domain.usecases.history,HistoryUseCase,deleteAllHistories,1,0,0.0,0,0.0,0,0,1,0,3,0,1,0,0.0,1,0,0,1,0.0,1,2.0,0,0,0.0,0,0.0,0.18181818181818182,46,34,0.0,11,0,0,0,0,8,0,0,0,0,0,0,0,0,0,0,12,1.0,12,1.0909090909090908,11,0,0,0,11,0,0,11,0,1,0,0,0,0,0,11,11,54,1346,1131,1,0,0,17,1.0909090909090908,11,0,61,156,375,11,47840
2025-07-04,argo,ireader.domain.usecases.local,FindBooksByKey,invoke,1,0,0.0,1,1.0,0,0,1,0,3,0,1,0,0.0,0,0,0,1,0.0,1,2.0,1,0,0.0,0,0.0,0.0,5,3,0.0,1,0,0,0,0,2,0,0,0,0,0,0,0,0,0,0,1,0.0,1,1.0,1,0,0,0,3,0,0,3,0,3,0,0,0,0,0,1,1,54,1346,1131,7,0,0,1,1.0,3,0,92,156,375,3,47840
2025-07-04,argo,ireader.domain.usecases.local,SubscribeBooksByKey,invoke,1,0,0.0,1,1.0,0,0,1,0,3,0,1,0,0.0,0,0,0,1,0.0,1,2.0,2,0,0.0,0,0.0,0.0,5,3,0.0,1,0,0,0,0,2,0,0,0,0,0,0,0,0,0,0,1,0.0,1,1.0,1,0,0,0,3,0,0,3,0,3,0,0,0,0,0,1,1,54,1346,1131,7,0,0,1,1.0,3,0,92,156,375,3,47840
2025-07-04,argo,ireader.domain.usecases.local,FindBookByKey,invoke,1,0,0.0,1,1.0,0,0,1,0,3,0,1,0,0.0,0,0,0,1,0.0,1,2.0,1,0,0.0,0,0.0,0.0,5,3,0.0,1,0,0,0,0,2,0,0,0,0,0,0,0,0,0,0,1,0.0,1,1.0,1,0,0,0,3,0,0,3,0,3,0,0,0,0,0,1,1,54,1346,1131,7,0,0,1,1.0,3,0,92,156,375,3,47840
2025-07-04,argo,ireader.domain.usecases.local.book_usecases,BookMarkChapterUseCase,bookMarkChapter,1,0,0.0,2,1.0,0,0,1,0,7,0,1,0,0.0,0,0,1,5,0.0,0,2.2,1,1,0.0,0,0.0,1.0,9,7,0.0,1,0,0,0,0,1,1,0,0,0,0,0,0,0,0,0,1,0.0,1,1.0,1,0,0,0,1,0,0,1,0,1,0,0,0,0,0,1,1,54,1346,1131,8,0,1,5,1.0,12,0,307,156,375,11,47840
2025-07-04,argo,ireader.domain.usecases.local.book_usecases,FindAllInLibraryBooks,invoke,1,0,0.0,1,1.0,0,0,1,0,3,0,1,0,0.0,0,0,0,2,0.0,0,2.0,0,0,0.0,0,0.0,1.0,5,3,0.0,1,0,0,0,0,1,0,0,0,0,0,0,0,0,0,0,1,0.0,1,1.0,1,0,0,0,1,0,0,1,0,1,0,0,0,0,0,1,1,54,1346,1131,8,0,0,2,1.0,12,0,307,156,375,11,47840
2025-07-04,argo,ireader.domain.usecases.local.book_usecases,GetLibraryCategory,await,1,0,1.0,1,1.0,0,0,1,0,3,0,1,0,0.0,1,0,0,5,0.0,0,2.6666666666666665,3,0,0.0,0,0.0,1.0,36,32,0.6666666666666666,3,0,0,0,0,5,0,0,0,0,0,0,0,0,0,0,6,0.6666666666666667,6,2.0,3,0,0,0,2,1,0,2,0,1,0,0,0,0,0,3,3,54,1346,1131,8,0,0,29,3.6666666666666665,12,0,307,156,375,11,47840
2025-07-04,argo,ireader.domain.usecases.local.book_usecases,GetLibraryCategory,subscribe,1,0,1.0,0,0.0,0,0,1,0,3,0,1,0,0.0,2,0,0,7,0.0,0,2.4,3,0,0.0,0,0.0,1.0,36,32,0.6666666666666666,3,0,0,0,0,5,0,0,0,0,0,0,0,0,0,0,6,0.6666666666666667,6,2.0,3,0,0,0,2,1,0,2,0,1,0,0,0,0,0,3,3,54,1346,1131,8,0,0,29,3.6666666666666665,12,0,307,156,375,11,47840
2025-07-04,argo,ireader.domain.usecases.local.book_usecases,GetLibraryCategory,filteredWith,9,4,0.0,6,1.0,0,0,1,0,26,2,9,0,0.0,0,0,0,17,0.0,1,2.4583333333333335,1,0,0.0,0,0.0,1.0,36,32,0.6666666666666666,3,0,0,0,0,5,0,0,0,0,0,0,0,0,0,0,6,0.6666666666666667,6,2.0,3,0,0,0,2,1,0,2,0,1,0,0,0,0,0,3,3,54,1346,1131,8,0,0,29,3.6666666666666665,12,0,307,156,375,11,47840
2025-07-04,argo,ireader.domain.usecases.local.book_usecases,MarkBookAsReadOrNotUseCase,markAsRead,1,1,0.0,2,1.0,0,0,1,0,6,0,1,0,0.0,0,0,1,4,0.0,1,2.25,1,1,0.0,0,0.0,1.0,15,12,0.0,2,0,0,0,0,1,1,0,0,0,0,0,0,0,0,0,2,0.0,2,1.0,2,0,0,0,2,0,0,2,0,1,0,0,0,0,0,2,2,54,1346,1131,8,0,2,8,1.0,12,0,307,156,375,11,47840
2025-07-04,argo,ireader.domain.usecases.local.book_usecases,MarkBookAsReadOrNotUseCase,markAsNotRead,1,1,0.0,2,1.0,0,0,1,0,6,0,1,0,0.0,0,0,1,4,0.0,1,2.25,1,1,0.0,0,0.0,1.0,15,12,0.0,2,0,0,0,0,1,1,0,0,0,0,0,0,0,0,0,2,0.0,2,1.0,2,0,0,0,2,0,0,2,0,1,0,0,0,0,0,2,2,54,1346,1131,8,0,2,8,1.0,12,0,307,156,375,11,47840
2025-07-04,argo,ireader.domain.usecases.local.book_usecases,SubscribeBookById,invoke,1,0,0.0,1,1.0,0,0,1,0,3,0,1,0,0.0,0,0,0,1,0.0,1,2.0,1,0,0.0,0,0.0,1.0,5,3,0.0,1,0,0,0,0,2,0,0,0,0,0,0,0,0,0,0,1,0.0,1,1.0,1,0,0,0,3,0,0,3,0,3,0,0,0,0,0,1,1,54,1346,1131,8,0,0,1,1.0,12,0,307,156,375,11,47840
2025-07-04,argo,ireader.domain.usecases.local.book_usecases,FindBookById,invoke,2,0,0.0,1,1.0,0,0,1,0,4,1,2,0,0.0,0,0,0,2,0.0,1,2.0,1,0,0.0,0,0.0,1.0,6,4,0.0,1,0,0,0,0,2,0,0,0,0,0,0,0,0,0,0,2,0.0,2,2.0,1,0,0,0,3,0,0,3,0,3,0,0,0,0,0,1,1,54,1346,1131,8,0,0,1,1.0,12,0,307,156,375,11,47840
2025-07-04,argo,ireader.domain.usecases.local.book_usecases,FindDuplicateBook,invoke,1,0,0.0,1,1.0,0,0,1,0,3,0,1,0,0.0,0,0,0,1,0.0,1,2.0,2,0,0.0,0,0.0,1.0,5,3,0.0,1,0,0,0,0,3,0,0,0,0,0,0,0,0,0,0,1,0.0,1,1.0,1,0,0,0,3,0,0,3,0,3,0,0,0,0,0,1,1,54,1346,1131,8,0,0,1,1.0,12,0,307,156,375,11,47840
2025-07-04,argo,ireader.domain.usecases.local.book_usecases,SubscribeInLibraryBooks,invoke,1,0,0.0,0,0.0,0,0,1,0,1,0,1,0,0.0,0,0,0,0,0.0,0,0.0,3,0,0.0,0,0.0,0.0,3,1,0.0,1,0,0,0,0,4,0,0,0,0,0,0,0,0,0,0,1,0.0,1,1.0,1,0,0,0,1,0,0,1,0,1,0,0,0,0,0,1,1,54,1346,1131,8,0,0,0,1.0,12,0,307,156,375,11,47840
2025-07-04,argo,ireader.domain.usecases.local.chapter_usecases,UpdateLastReadTime,invoke,4,1,0.0,4,1.0,0,0,1,0,7,1,4,0,0.0,0,0,0,11,0.0,2,2.2222222222222223,2,0,0.0,0,0.0,1.0,9,7,0.0,1,0,0,0,0,2,0,0,0,0,0,0,0,0,0,0,2,0.0,2,2.0,1,0,0,0,1,0,0,1,0,1,0,0,0,0,0,1,1,54,1346,1131,6,0,0,11,4.0,7,0,131,156,375,6,47840
2025-07-04,argo,ireader.domain.usecases.local.chapter_usecases,FindChapterById,invoke,6,0,0.0,2,0.5,0,0,1,0,10,1,6,0,0.0,0,0,0,5,0.0,1,2.0,2,0,0.0,0,0.0,1.0,12,10,0.0,1,0,0,0,0,2,0,0,0,0,0,0,0,0,0,0,2,0.0,2,2.0,1,0,0,0,3,0,0,3,0,3,0,0,0,0,0,1,1,54,1346,1131,6,0,0,1,1.0,7,0,131,156,375,6,47840
2025-07-04,argo,ireader.domain.usecases.local.chapter_usecases,SubscribeChapterById,invoke,6,0,0.0,2,0.5,0,0,1,0,10,1,6,0,0.0,0,0,0,5,0.0,1,2.0,2,0,0.0,0,0.0,1.0,12,10,0.0,1,0,0,0,0,2,0,0,0,0,0,0,0,0,0,0,2,0.0,2,2.0,1,0,0,0,3,0,0,3,0,3,0,0,0,0,0,1,1,54,1346,1131,6,0,0,1,1.0,7,0,131,156,375,6,47840
2025-07-04,argo,ireader.domain.usecases.local.chapter_usecases,FindAllInLibraryChapters,invoke,1,0,0.0,1,1.0,0,0,1,0,3,0,1,0,0.0,0,0,0,1,0.0,1,2.0,0,0,0.0,0,0.0,1.0,5,3,0.0,1,0,0,0,0,1,0,0,0,0,0,0,0,0,0,0,1,0.0,1,1.0,1,0,0,0,3,0,0,3,0,3,0,0,0,0,0,1,1,54,1346,1131,6,0,0,1,1.0,7,0,131,156,375,6,47840
2025-07-04,argo,ireader.domain.usecases.local.chapter_usecases,SubscribeChaptersByBookId,invoke,1,0,0.0,1,1.0,0,0,1,0,3,0,1,0,0.0,0,0,0,3,0.0,0,2.0,2,0,0.0,0,0.0,1.0,5,3,0.0,1,0,0,0,0,3,0,0,0,0,0,0,0,0,0,0,1,0.0,1,1.0,1,0,0,0,2,0,0,2,0,2,0,0,0,0,0,1,1,54,1346,1131,6,0,0,1,1.0,7,0,131,156,375,6,47840
2025-07-04,argo,ireader.domain.usecases.local.chapter_usecases,FindChaptersByBookId,invoke,1,0,0.0,1,1.0,0,0,1,0,3,0,1,0,0.0,0,0,0,1,0.0,1,2.0,1,0,0.0,0,0.0,1.0,5,3,0.0,1,0,0,0,0,2,0,0,0,0,0,0,0,0,0,0,1,0.0,1,1.0,1,0,0,0,2,0,0,2,0,2,0,0,0,0,0,1,1,54,1346,1131,6,0,0,1,1.0,7,0,131,156,375,6,47840
2025-07-04,argo,ireader.domain.usecases.local.delete_usecases.book,DeleteAllBooks,invoke,1,0,0.0,1,1.0,0,0,1,0,3,0,1,0,0.0,0,0,0,1,0.0,1,2.0,0,0,0.0,0,0.0,0.0,5,3,0.0,1,0,0,0,0,0,0,0,0,0,0,0,0,0,0,0,1,0.0,1,1.0,1,0,0,0,1,0,0,1,0,1,0,0,0,0,0,1,1,54,1346,1131,4,0,0,1,1.0,4,0,51,156,375,4,47840
2025-07-04,argo,ireader.domain.usecases.local.delete_usecases.book,DeleteBookById,invoke,1,0,0.0,1,1.0,0,0,1,0,3,0,1,0,0.0,0,0,0,1,0.0,1,2.0,1,0,0.0,0,0.0,0.0,5,3,0.0,1,0,0,0,0,1,0,0,0,0,0,0,0,0,0,0,1,0.0,1,1.0,1,0,0,0,3,0,0,3,0,3,0,0,0,0,0,1,1,54,1346,1131,4,0,1,1,1.0,4,0,51,156,375,4,47840
2025-07-04,argo,ireader.domain.usecases.local.delete_usecases.book,UnFavoriteBook,invoke,1,1,0.0,3,1.0,0,0,1,0,7,0,1,0,0.0,0,0,1,5,0.0,1,2.4,1,1,0.0,0,0.0,0.0,9,7,0.0,1,0,0,0,0,1,1,0,0,0,0,0,0,0,0,0,1,0.0,1,1.0,1,0,0,0,3,0,0,3,0,3,0,0,0,0,0,1,1,54,1346,1131,4,0,1,1,1.0,4,0,51,156,375,4,47840
2025-07-04,argo,ireader.domain.usecases.local.delete_usecases.book,DeleteNotInLibraryBooks,invoke,1,0,0.0,1,1.0,0,0,1,0,3,0,1,0,0.0,0,0,1,1,0.0,1,2.0,0,1,0.0,0,0.0,0.0,5,3,0.0,1,0,0,0,0,0,1,0,0,0,0,0,0,0,0,0,1,0.0,1,1.0,1,0,0,0,3,0,0,3,0,3,0,0,0,0,0,1,1,54,1346,1131,4,0,1,1,1.0,4,0,51,156,375,4,47840
2025-07-04,argo,ireader.domain.usecases.local.delete_usecases.chapter,DeleteAllChapters,invoke,1,0,0.0,1,1.0,0,0,1,0,3,0,1,0,0.0,0,0,0,1,0.0,1,2.0,0,0,0.0,0,0.0,0.0,5,3,0.0,1,0,0,0,0,0,0,0,0,0,0,0,0,0,0,0,1,0.0,1,1.0,1,0,0,0,1,0,0,1,0,1,0,0,0,0,0,1,1,54,1346,1131,4,0,0,1,1.0,4,0,59,156,375,4,47840
2025-07-04,argo,ireader.domain.usecases.local.delete_usecases.chapter,DeleteChapterByChapter,invoke,1,0,0.0,1,1.0,0,0,1,0,3,0,1,0,0.0,0,0,0,1,0.0,1,2.0,1,0,0.0,0,0.0,0.0,5,3,0.0,1,0,0,0,0,1,0,0,0,0,0,0,0,0,0,0,1,0.0,1,1.0,1,0,0,0,1,0,0,1,0,1,0,0,0,0,0,1,1,54,1346,1131,4,0,0,1,1.0,4,0,59,156,375,4,47840
2025-07-04,argo,ireader.domain.usecases.local.delete_usecases.chapter,DeleteChapters,invoke,1,0,0.0,1,1.0,0,0,1,0,3,0,1,0,0.0,0,0,0,1,0.0,1,2.0,1,0,0.0,0,0.0,0.0,5,3,0.0,1,0,0,0,0,1,0,0,0,0,0,0,0,0,0,0,1,0.0,1,1.0,1,0,0,0,1,0,0,1,0,1,0,0,0,0,0,1,1,54,1346,1131,4,0,0,1,1.0,4,0,59,156,375,4,47840
2025-07-04,argo,ireader.domain.usecases.local.delete_usecases.chapter,DeleteChaptersByBookId,invoke,1,0,0.0,1,1.0,0,0,1,0,3,0,1,0,0.0,0,0,0,1,0.0,1,2.0,1,0,0.0,0,0.0,0.0,5,3,0.0,1,0,0,0,0,1,0,0,0,0,0,0,0,0,0,0,1,0.0,1,1.0,1,0,0,0,1,0,0,1,0,1,0,0,0,0,0,1,1,54,1346,1131,4,0,0,1,1.0,4,0,59,156,375,4,47840
2025-07-04,argo,ireader.domain.usecases.local.insert_usecases,InsertBook,invoke,2,0,0.0,1,1.0,0,0,1,0,4,1,2,0,0.0,0,0,0,2,0.0,1,2.0,1,0,0.0,0,0.0,1.0,6,4,0.0,1,0,0,0,0,2,0,0,0,0,0,0,0,0,0,0,2,0.0,2,2.0,1,0,0,0,4,0,0,4,0,2,0,0,0,0,0,1,1,54,1346,1131,6,0,0,3,1.0,8,0,96,156,375,8,47840
2025-07-04,argo,ireader.domain.usecases.local.insert_usecases,UpdateBook,update,1,0,0.0,1,1.0,0,0,1,0,3,0,1,0,0.0,0,0,0,1,0.0,1,2.0,2,0,0.0,0,0.0,1.0,14,10,0.0,3,0,0,0,0,4,0,0,0,0,0,0,0,0,0,0,4,0.0,4,1.3333333333333333,3,0,0,0,4,0,0,4,0,2,0,0,0,0,0,3,3,54,1346,1131,6,0,0,3,1.0,8,0,96,156,375,8,47840
2025-07-04,argo,ireader.domain.usecases.local.insert_usecases,UpdateBook,update,2,0,0.0,1,1.0,0,0,1,0,4,1,2,0,0.0,0,0,0,2,0.0,1,2.0,1,0,0.0,0,0.0,1.0,14,10,0.0,3,0,0,0,0,4,0,0,0,0,0,0,0,0,0,0,4,0.0,4,1.3333333333333333,3,0,0,0,4,0,0,4,0,2,0,0,0,0,0,3,3,54,1346,1131,6,0,0,3,1.0,8,0,96,156,375,8,47840
2025-07-04,argo,ireader.domain.usecases.local.insert_usecases,UpdateBook,update,1,0,0.0,1,1.0,0,0,1,0,3,0,1,0,0.0,0,0,0,1,0.0,1,2.0,1,0,0.0,0,0.0,1.0,14,10,0.0,3,0,0,0,0,4,0,0,0,0,0,0,0,0,0,0,4,0.0,4,1.3333333333333333,3,0,0,0,4,0,0,4,0,2,0,0,0,0,0,3,3,54,1346,1131,6,0,0,3,1.0,8,0,96,156,375,8,47840
2025-07-04,argo,ireader.domain.usecases.local.insert_usecases,InsertBooks,invoke,1,0,0.0,1,1.0,0,0,1,0,3,0,1,0,0.0,0,0,0,1,0.0,1,2.0,1,0,0.0,0,0.0,0.0,5,3,0.0,1,0,0,0,0,2,0,0,0,0,0,0,0,0,0,0,1,0.0,1,1.0,1,0,0,0,2,0,0,2,0,2,0,0,0,0,0,1,1,54,1346,1131,6,0,0,1,1.0,8,0,96,156,375,8,47840
2025-07-04,argo,ireader.domain.usecases.local.insert_usecases,InsertBookAndChapters,invoke,1,0,0.0,1,1.0,0,0,1,0,3,0,1,0,0.0,0,0,0,1,0.0,1,2.0,2,0,0.0,0,0.0,0.0,5,3,0.0,1,0,0,0,0,2,0,0,0,0,0,0,0,0,0,0,1,0.0,1,1.0,1,0,0,0,2,0,0,2,0,2,0,0,0,0,0,1,1,54,1346,1131,6,0,0,1,1.0,8,0,96,156,375,8,47840
2025-07-04,argo,ireader.domain.usecases.local.insert_usecases,InsertChapter,invoke,2,0,0.0,1,1.0,0,0,1,0,4,1,2,0,0.0,0,0,0,2,0.0,1,2.0,1,0,0.0,0,0.0,1.0,6,4,0.0,1,0,0,0,0,1,0,0,0,0,0,0,0,0,0,0,2,0.0,2,2.0,1,0,0,0,1,0,0,1,0,1,0,0,0,0,0,1,1,54,1346,1131,6,0,0,2,2.0,8,0,96,156,375,8,47840
2025-07-04,argo,ireader.domain.usecases.local.insert_usecases,InsertChapters,invoke,1,0,0.0,1,1.0,0,0,1,0,3,0,1,0,0.0,0,0,0,1,0.0,1,2.0,1,0,0.0,0,0.0,0.0,5,3,0.0,1,0,0,0,0,2,0,0,0,0,0,0,0,0,0,0,1,0.0,1,1.0,1,0,0,0,1,0,0,1,0,1,0,0,0,0,0,1,1,54,1346,1131,6,0,0,1,1.0,8,0,96,156,375,8,47840
2025-07-04,argo,ireader.domain.usecases.preferences.apperance,NightModePreferencesUseCase,save,1,0,0.0,1,1.0,0,0,1,0,3,0,1,0,0.0,0,0,1,2,0.0,2,3.0,1,1,0.0,0,0.0,0.0,7,4,0.0,2,0,0,0,0,2,1,0,0,0,0,0,0,0,0,0,2,1.0,2,1.0,2,0,0,0,2,0,0,2,1,1,0,0,0,0,0,2,2,54,1346,1131,1,0,1,4,1.0,2,0,22,156,375,2,47840
2025-07-04,argo,ireader.domain.usecases.preferences.apperance,NightModePreferencesUseCase,read,1,0,0.0,1,1.0,0,0,1,0,1,0,1,0,0.0,0,0,0,2,0.0,2,3.0,0,0,0.0,0,0.0,0.0,7,4,0.0,2,0,0,0,0,2,1,0,0,0,0,0,0,0,0,0,2,1.0,2,1.0,2,0,0,0,2,0,0,2,1,1,0,0,0,0,0,2,2,54,1346,1131,1,0,1,4,1.0,2,0,22,156,375,2,47840
2025-07-04,argo,ireader.domain.usecases.preferences.reader_preferences,BackgroundColorUseCase,save,1,0,0.0,1,1.0,0,0,1,0,3,0,1,0,0.0,0,0,1,2,0.0,2,3.0,1,1,0.0,0,0.0,0.0,9,6,0.0,2,0,0,0,0,1,1,0,0,0,0,0,0,0,0,0,2,1.0,2,1.0,2,0,0,0,6,0,0,6,3,3,0,0,0,0,0,2,2,54,1346,1131,19,0,1,4,1.0,39,0,305,156,375,41,47840
2025-07-04,argo,ireader.domain.usecases.preferences.reader_preferences,BackgroundColorUseCase,read,1,0,0.0,1,1.0,0,0,1,0,3,0,1,0,0.0,0,0,0,2,0.0,2,3.0,0,0,0.0,0,0.0,0.0,9,6,0.0,2,0,0,0,0,1,1,0,0,0,0,0,0,0,0,0,2,1.0,2,1.0,2,0,0,0,6,0,0,6,3,3,0,0,0,0,0,2,2,54,1346,1131,19,0,1,4,1.0,39,0,305,156,375,41,47840
2025-07-04,argo,ireader.domain.usecases.preferences.reader_preferences,TextColorUseCase,save,1,0,0.0,1,1.0,0,0,1,0,3,0,1,0,0.0,0,0,1,2,0.0,2,3.0,1,1,0.0,0,0.0,0.0,9,6,0.0,2,0,0,0,0,1,1,0,0,0,0,0,0,0,0,0,2,1.0,2,1.0,2,0,0,0,6,0,0,6,3,3,0,0,0,0,0,2,2,54,1346,1131,19,0,1,4,1.0,39,0,305,156,375,41,47840
2025-07-04,argo,ireader.domain.usecases.preferences.reader_preferences,TextColorUseCase,read,1,0,0.0,1,1.0,0,0,1,0,3,0,1,0,0.0,0,0,0,2,0.0,2,3.0,0,0,0.0,0,0.0,0.0,9,6,0.0,2,0,0,0,0,1,1,0,0,0,0,0,0,0,0,0,2,1.0,2,1.0,2,0,0,0,6,0,0,6,3,3,0,0,0,0,0,2,2,54,1346,1131,19,0,1,4,1.0,39,0,305,156,375,41,47840
2025-07-04,argo,ireader.domain.usecases.preferences.reader_preferences,TextAlignmentUseCase,save,1,0,0.0,1,1.0,0,0,1,0,3,0,1,0,0.0,0,0,1,2,0.0,2,3.0,1,1,0.0,0,0.0,0.0,9,6,0.0,2,0,0,0,0,1,1,0,0,0,0,0,0,0,0,0,2,1.0,2,1.0,2,0,0,0,6,0,0,6,3,3,0,0,0,0,0,2,2,54,1346,1131,19,0,1,4,1.0,39,0,305,156,375,41,47840
2025-07-04,argo,ireader.domain.usecases.preferences.reader_preferences,TextAlignmentUseCase,read,1,0,0.0,1,1.0,0,0,1,0,3,0,1,0,0.0,0,0,0,2,0.0,2,3.0,0,0,0.0,0,0.0,0.0,9,6,0.0,2,0,0,0,0,1,1,0,0,0,0,0,0,0,0,0,2,1.0,2,1.0,2,0,0,0,6,0,0,6,3,3,0,0,0,0,0,2,2,54,1346,1131,19,0,1,4,1.0,39,0,305,156,375,41,47840
2025-07-04,argo,ireader.domain.usecases.preferences.reader_preferences,BrightnessStateUseCase,saveBrightness,1,0,0.0,1,1.0,0,0,1,0,3,0,1,0,0.0,0,0,0,2,0.0,2,3.0,1,0,0.0,0,0.0,0.0,17,12,0.0,4,0,0,0,0,2,0,0,0,0,0,0,0,0,0,0,4,1.0,4,1.0,4,0,0,0,18,0,0,18,9,5,0,0,0,0,0,4,4,54,1346,1131,19,0,0,34,1.0,39,0,305,156,375,41,47840
2025-07-04,argo,ireader.domain.usecases.preferences.reader_preferences,BrightnessStateUseCase,readBrightness,1,0,0.0,1,1.0,0,0,1,0,3,0,1,0,0.0,0,0,0,2,0.0,2,3.0,0,0,0.0,0,0.0,0.0,17,12,0.0,4,0,0,0,0,2,0,0,0,0,0,0,0,0,0,0,4,1.0,4,1.0,4,0,0,0,18,0,0,18,9,5,0,0,0,0,0,4,4,54,1346,1131,19,0,0,34,1.0,39,0,305,156,375,41,47840
2025-07-04,argo,ireader.domain.usecases.preferences.reader_preferences,BrightnessStateUseCase,saveAutoBrightness,1,0,0.0,1,1.0,0,0,1,0,3,0,1,0,0.0,0,0,0,2,0.0,2,3.0,1,0,0.0,0,0.0,0.0,17,12,0.0,4,0,0,0,0,2,0,0,0,0,0,0,0,0,0,0,4,1.0,4,1.0,4,0,0,0,18,0,0,18,9,5,0,0,0,0,0,4,4,54,1346,1131,19,0,0,34,1.0,39,0,305,156,375,41,47840
2025-07-04,argo,ireader.domain.usecases.preferences.reader_preferences,BrightnessStateUseCase,readAutoBrightness,1,0,0.0,1,1.0,0,0,1,0,3,0,1,0,0.0,0,0,0,2,0.0,2,3.0,0,0,0.0,0,0.0,0.0,17,12,0.0,4,0,0,0,0,2,0,0,0,0,0,0,0,0,0,0,4,1.0,4,1.0,4,0,0,0,18,0,0,18,9,5,0,0,0,0,0,4,4,54,1346,1131,19,0,0,34,1.0,39,0,305,156,375,41,47840
2025-07-04,argo,ireader.domain.usecases.preferences.reader_preferences,ScrollModeUseCase,save,1,0,0.0,1,1.0,0,0,1,0,3,0,1,0,0.0,0,0,0,2,0.0,2,3.0,1,0,0.0,0,0.0,0.0,9,6,0.0,2,0,0,0,0,1,0,0,0,0,0,0,0,0,0,0,2,1.0,2,1.0,2,0,0,0,18,0,0,18,9,5,0,0,0,0,0,2,2,54,1346,1131,19,0,0,34,1.0,39,0,305,156,375,41,47840
2025-07-04,argo,ireader.domain.usecases.preferences.reader_preferences,ScrollModeUseCase,read,1,0,0.0,1,1.0,0,0,1,0,3,0,1,0,0.0,0,0,0,2,0.0,2,3.0,0,0,0.0,0,0.0,0.0,9,6,0.0,2,0,0,0,0,1,0,0,0,0,0,0,0,0,0,0,2,1.0,2,1.0,2,0,0,0,18,0,0,18,9,5,0,0,0,0,0,2,2,54,1346,1131,19,0,0,34,1.0,39,0,305,156,375,41,47840
2025-07-04,argo,ireader.domain.usecases.preferences.reader_preferences,ImmersiveModeUseCase,save,1,0,0.0,1,1.0,0,0,1,0,3,0,1,0,0.0,0,0,0,2,0.0,2,3.0,1,0,0.0,0,0.0,0.0,9,6,0.0,2,0,0,0,0,1,0,0,0,0,0,0,0,0,0,0,2,1.0,2,1.0,2,0,0,0,18,0,0,18,9,5,0,0,0,0,0,2,2,54,1346,1131,19,0,0,34,1.0,39,0,305,156,375,41,47840
2025-07-04,argo,ireader.domain.usecases.preferences.reader_preferences,ImmersiveModeUseCase,read,1,0,0.0,1,1.0,0,0,1,0,3,0,1,0,0.0,0,0,0,2,0.0,2,3.0,0,0,0.0,0,0.0,0.0,9,6,0.0,2,0,0,0,0,1,0,0,0,0,0,0,0,0,0,0,2,1.0,2,1.0,2,0,0,0,18,0,0,18,9,5,0,0,0,0,0,2,2,54,1346,1131,19,0,0,34,1.0,39,0,305,156,375,41,47840
2025-07-04,argo,ireader.domain.usecases.preferences.reader_preferences,ScrollIndicatorUseCase,saveWidth,2,0,0.0,1,1.0,0,2,1,0,5,1,2,0,0.0,0,0,0,3,0.0,2,3.0,1,0,0.0,0,0.0,0.0,29,16,0.0,6,0,0,0,0,2,0,0,0,0,0,0,0,0,0,0,8,0.9333333333333333,8,1.3333333333333333,6,0,0,0,18,0,0,18,9,5,0,0,0,0,0,6,6,54,1346,1131,19,0,0,34,1.0,39,0,305,156,375,41,47840
2025-07-04,argo,ireader.domain.usecases.preferences.reader_preferences,ScrollIndicatorUseCase,readWidth,1,0,0.0,1,1.0,0,2,1,0,3,0,1,0,0.0,0,0,0,2,0.0,2,3.0,0,0,0.0,0,0.0,0.0,29,16,0.0,6,0,0,0,0,2,0,0,0,0,0,0,0,0,0,0,8,0.9333333333333333,8,1.3333333333333333,6,0,0,0,18,0,0,18,9,5,0,0,0,0,0,6,6,54,1346,1131,19,0,0,34,1.0,39,0,305,156,375,41,47840
2025-07-04,argo,ireader.domain.usecases.preferences.reader_preferences,ScrollIndicatorUseCase,savePadding,2,0,0.0,1,1.0,0,2,1,0,5,1,2,0,0.0,0,0,0,3,0.0,2,3.0,1,0,0.0,0,0.0,0.0,29,16,0.0,6,0,0,0,0,2,0,0,0,0,0,0,0,0,0,0,8,0.9333333333333333,8,1.3333333333333333,6,0,0,0,18,0,0,18,9,5,0,0,0,0,0,6,6,54,1346,1131,19,0,0,34,1.0,39,0,305,156,375,41,47840
2025-07-04,argo,ireader.domain.usecases.preferences.reader_preferences,ScrollIndicatorUseCase,readPadding,1,0,0.0,1,1.0,0,2,1,0,3,0,1,0,0.0,0,0,0,2,0.0,2,3.0,0,0,0.0,0,0.0,0.0,29,16,0.0,6,0,0,0,0,2,0,0,0,0,0,0,0,0,0,0,8,0.9333333333333333,8,1.3333333333333333,6,0,0,0,18,0,0,18,9,5,0,0,0,0,0,6,6,54,1346,1131,19,0,0,34,1.0,39,0,305,156,375,41,47840
2025-07-04,argo,ireader.domain.usecases.preferences.reader_preferences,ScrollIndicatorUseCase,isShow,1,0,0.0,1,1.0,0,2,1,0,3,0,1,0,0.0,0,0,0,2,0.0,2,3.0,0,0,0.0,0,0.0,0.0,29,16,0.0,6,0,0,0,0,2,0,0,0,0,0,0,0,0,0,0,8,0.9333333333333333,8,1.3333333333333333,6,0,0,0,18,0,0,18,9,5,0,0,0,0,0,6,6,54,1346,1131,19,0,0,34,1.0,39,0,305,156,375,41,47840
2025-07-04,argo,ireader.domain.usecases.preferences.reader_preferences,ScrollIndicatorUseCase,setIsShown,1,0,0.0,1,1.0,0,2,1,0,3,0,1,0,0.0,0,0,0,2,0.0,2,3.0,1,0,0.0,0,0.0,0.0,29,16,0.0,6,0,0,0,0,2,0,0,0,0,0,0,0,0,0,0,8,0.9333333333333333,8,1.3333333333333333,6,0,0,0,18,0,0,18,9,5,0,0,0,0,0,6,6,54,1346,1131,19,0,0,34,1.0,39,0,305,156,375,41,47840
2025-07-04,argo,ireader.domain.usecases.preferences.reader_preferences,AutoScrollMode,saveInterval,1,0,0.0,1,1.0,0,0,1,0,3,0,1,0,0.0,0,0,0,2,0.0,2,3.0,1,0,0.0,0,0.0,0.0,17,12,0.0,4,0,0,0,0,2,0,0,0,0,0,0,0,0,0,0,4,1.0,4,1.0,4,0,0,0,18,0,0,18,9,5,0,0,0,0,0,4,4,54,1346,1131,19,0,0,34,1.0,39,0,305,156,375,41,47840
2025-07-04,argo,ireader.domain.usecases.preferences.reader_preferences,AutoScrollMode,readInterval,1,0,0.0,1,1.0,0,0,1,0,3,0,1,0,0.0,0,0,0,2,0.0,2,3.0,0,0,0.0,0,0.0,0.0,17,12,0.0,4,0,0,0,0,2,0,0,0,0,0,0,0,0,0,0,4,1.0,4,1.0,4,0,0,0,18,0,0,18,9,5,0,0,0,0,0,4,4,54,1346,1131,19,0,0,34,1.0,39,0,305,156,375,41,47840
2025-07-04,argo,ireader.domain.usecases.preferences.reader_preferences,AutoScrollMode,saveOffset,1,0,0.0,1,1.0,0,0,1,0,3,0,1,0,0.0,0,0,0,2,0.0,2,3.0,1,0,0.0,0,0.0,0.0,17,12,0.0,4,0,0,0,0,2,0,0,0,0,0,0,0,0,0,0,4,1.0,4,1.0,4,0,0,0,18,0,0,18,9,5,0,0,0,0,0,4,4,54,1346,1131,19,0,0,34,1.0,39,0,305,156,375,41,47840
2025-07-04,argo,ireader.domain.usecases.preferences.reader_preferences,AutoScrollMode,readOffset,1,0,0.0,1,1.0,0,0,1,0,3,0,1,0,0.0,0,0,0,2,0.0,2,3.0,0,0,0.0,0,0.0,0.0,17,12,0.0,4,0,0,0,0,2,0,0,0,0,0,0,0,0,0,0,4,1.0,4,1.0,4,0,0,0,18,0,0,18,9,5,0,0,0,0,0,4,4,54,1346,1131,19,0,0,34,1.0,39,0,305,156,375,41,47840
2025-07-04,argo,ireader.domain.usecases.preferences.reader_preferences,DohPrefUseCase,save,1,0,0.0,1,1.0,0,0,1,0,3,0,1,0,0.0,0,0,1,2,0.0,2,3.0,1,1,0.0,0,0.0,0.0,9,6,0.0,2,0,0,0,0,1,1,0,0,0,0,0,0,0,0,0,2,1.0,2,1.0,2,0,0,0,2,0,0,2,1,1,0,0,0,0,0,2,2,54,1346,1131,19,0,1,4,1.0,39,0,305,156,375,41,47840
2025-07-04,argo,ireader.domain.usecases.preferences.reader_preferences,DohPrefUseCase,read,1,0,0.0,1,1.0,0,0,1,0,3,0,1,0,0.0,0,0,0,2,0.0,2,3.0,0,0,0.0,0,0.0,0.0,9,6,0.0,2,0,0,0,0,1,1,0,0,0,0,0,0,0,0,0,2,1.0,2,1.0,2,0,0,0,2,0,0,2,1,1,0,0,0,0,0,2,2,54,1346,1131,19,0,1,4,1.0,39,0,305,156,375,41,47840
2025-07-04,argo,ireader.domain.usecases.preferences.reader_preferences,FontHeightUseCase,save,1,0,0.0,1,1.0,0,0,1,0,3,0,1,0,0.0,0,0,1,2,0.0,2,3.0,1,1,0.0,0,0.0,0.0,9,6,0.0,2,0,0,0,0,1,1,0,0,0,0,0,0,0,0,0,2,1.0,2,1.0,2,0,0,0,2,0,0,2,1,1,0,0,0,0,0,2,2,54,1346,1131,19,0,1,4,1.0,39,0,305,156,375,41,47840
2025-07-04,argo,ireader.domain.usecases.preferences.reader_preferences,FontHeightUseCase,read,1,0,0.0,1,1.0,0,0,1,0,3,0,1,0,0.0,0,0,0,2,0.0,2,3.0,0,0,0.0,0,0.0,0.0,9,6,0.0,2,0,0,0,0,1,1,0,0,0,0,0,0,0,0,0,2,1.0,2,1.0,2,0,0,0,2,0,0,2,1,1,0,0,0,0,0,2,2,54,1346,1131,19,0,1,4,1.0,39,0,305,156,375,41,47840
2025-07-04,argo,ireader.domain.usecases.preferences.reader_preferences,FontSizeStateUseCase,save,1,0,0.0,1,1.0,0,0,1,0,3,0,1,0,0.0,0,0,1,2,0.0,2,3.0,1,1,0.0,0,0.0,0.0,9,6,0.0,2,0,0,0,0,1,1,0,0,0,0,0,0,0,0,0,2,1.0,2,1.0,2,0,0,0,6,0,0,6,3,3,0,0,0,0,0,2,2,54,1346,1131,19,0,1,4,1.0,39,0,305,156,375,41,47840
2025-07-04,argo,ireader.domain.usecases.preferences.reader_preferences,FontSizeStateUseCase,read,1,0,0.0,1,1.0,0,0,1,0,3,0,1,0,0.0,0,0,0,2,0.0,2,3.0,0,0,0.0,0,0.0,0.0,9,6,0.0,2,0,0,0,0,1,1,0,0,0,0,0,0,0,0,0,2,1.0,2,1.0,2,0,0,0,6,0,0,6,3,3,0,0,0,0,0,2,2,54,1346,1131,19,0,1,4,1.0,39,0,305,156,375,41,47840
2025-07-04,argo,ireader.domain.usecases.preferences.reader_preferences,SortersUseCase,save,1,0,0.0,1,1.0,0,0,1,0,3,0,1,0,0.0,0,0,1,2,0.0,2,3.0,1,1,0.0,0,0.0,0.0,9,6,0.0,2,0,0,0,0,2,1,0,0,0,0,0,0,0,0,0,2,1.0,2,1.0,2,0,0,0,6,0,0,6,3,3,0,0,0,0,0,2,2,54,1346,1131,19,0,1,4,1.0,39,0,305,156,375,41,47840
2025-07-04,argo,ireader.domain.usecases.preferences.reader_preferences,SortersUseCase,read,1,0,0.0,1,1.0,0,0,1,0,3,0,1,0,0.0,0,0,0,3,0.0,0,4.0,0,0,0.0,0,0.0,0.0,9,6,0.0,2,0,0,0,0,2,1,0,0,0,0,0,0,0,0,0,2,1.0,2,1.0,2,0,0,0,6,0,0,6,3,3,0,0,0,0,0,2,2,54,1346,1131,19,0,1,4,1.0,39,0,305,156,375,41,47840
2025-07-04,argo,ireader.domain.usecases.preferences.reader_preferences,SortersDescUseCase,save,1,0,0.0,1,1.0,0,0,1,0,3,0,1,0,0.0,0,0,1,2,0.0,2,3.0,1,1,0.0,0,0.0,0.0,9,6,0.0,2,0,0,0,0,1,1,0,0,0,0,0,0,0,0,0,2,1.0,2,1.0,2,0,0,0,6,0,0,6,3,3,0,0,0,0,0,2,2,54,1346,1131,19,0,1,4,1.0,39,0,305,156,375,41,47840
2025-07-04,argo,ireader.domain.usecases.preferences.reader_preferences,SortersDescUseCase,read,1,0,0.0,1,1.0,0,0,1,0,3,0,1,0,0.0,0,0,0,2,0.0,2,3.0,0,0,0.0,0,0.0,0.0,9,6,0.0,2,0,0,0,0,1,1,0,0,0,0,0,0,0,0,0,2,1.0,2,1.0,2,0,0,0,6,0,0,6,3,3,0,0,0,0,0,2,2,54,1346,1131,19,0,1,4,1.0,39,0,305,156,375,41,47840
2025-07-04,argo,ireader.domain.usecases.preferences.reader_preferences,ParagraphDistanceUseCase,save,1,0,0.0,1,1.0,0,0,1,0,3,0,1,0,0.0,0,0,1,2,0.0,2,3.0,1,1,0.0,0,0.0,0.0,9,6,0.0,2,0,0,0,0,1,1,0,0,0,0,0,0,0,0,0,2,1.0,2,1.0,2,0,0,0,4,0,0,4,2,2,0,0,0,0,0,2,2,54,1346,1131,19,0,1,4,1.0,39,0,305,156,375,41,47840
2025-07-04,argo,ireader.domain.usecases.preferences.reader_preferences,ParagraphDistanceUseCase,read,1,0,0.0,1,1.0,0,0,1,0,3,0,1,0,0.0,0,0,0,2,0.0,2,3.0,0,0,0.0,0,0.0,0.0,9,6,0.0,2,0,0,0,0,1,1,0,0,0,0,0,0,0,0,0,2,1.0,2,1.0,2,0,0,0,4,0,0,4,2,2,0,0,0,0,0,2,2,54,1346,1131,19,0,1,4,1.0,39,0,305,156,375,41,47840
2025-07-04,argo,ireader.domain.usecases.preferences.reader_preferences,ParagraphIndentUseCase,save,1,0,0.0,1,1.0,0,0,1,0,3,0,1,0,0.0,0,0,1,2,0.0,2,3.0,1,1,0.0,0,0.0,0.0,9,6,0.0,2,0,0,0,0,1,1,0,0,0,0,0,0,0,0,0,2,1.0,2,1.0,2,0,0,0,4,0,0,4,2,2,0,0,0,0,0,2,2,54,1346,1131,19,0,1,4,1.0,39,0,305,156,375,41,47840
2025-07-04,argo,ireader.domain.usecases.preferences.reader_preferences,ParagraphIndentUseCase,read,1,0,0.0,1,1.0,0,0,1,0,3,0,1,0,0.0,0,0,0,2,0.0,2,3.0,0,0,0.0,0,0.0,0.0,9,6,0.0,2,0,0,0,0,1,1,0,0,0,0,0,0,0,0,0,2,1.0,2,1.0,2,0,0,0,4,0,0,4,2,2,0,0,0,0,0,2,2,54,1346,1131,19,0,1,4,1.0,39,0,305,156,375,41,47840
2025-07-04,argo,ireader.domain.usecases.preferences.reader_preferences,LibraryLayoutTypeUseCase,await,3,2,0.0,5,0.8,0,0,1,0,9,1,3,0,0.0,0,0,0,7,0.0,2,2.4,2,0,0.0,0,0.0,1.0,11,9,0.0,1,0,0,0,0,2,0,0,0,0,0,0,0,0,0,0,2,0.0,2,2.0,1,0,0,0,0,0,0,0,0,3,0,0,0,0,0,1,1,54,1346,1131,19,0,1,13,1.0,39,0,305,156,375,41,47840
2025-07-04,argo,ireader.domain.usecases.preferences.reader_preferences,BrowseLayoutTypeUseCase,save,1,0,0.0,1,1.0,0,0,1,0,3,0,1,0,0.0,0,0,1,2,0.0,2,3.0,1,1,0.0,0,0.0,1.0,9,6,0.0,2,0,0,0,0,1,1,0,0,0,0,0,0,0,0,0,2,1.0,2,1.0,2,0,0,0,0,0,0,0,0,3,0,0,0,0,0,2,2,54,1346,1131,19,0,1,13,1.0,39,0,305,156,375,41,47840
2025-07-04,argo,ireader.domain.usecases.preferences.reader_preferences,BrowseLayoutTypeUseCase,read,1,0,0.0,1,1.0,0,0,1,0,3,0,1,0,0.0,0,0,0,4,0.0,0,3.0,0,0,0.0,0,0.0,1.0,9,6,0.0,2,0,0,0,0,1,1,0,0,0,0,0,0,0,0,0,2,1.0,2,1.0,2,0,0,0,0,0,0,0,0,3,0,0,0,0,0,2,2,54,1346,1131,19,0,1,13,1.0,39,0,305,156,375,41,47840
2025-07-04,argo,ireader.domain.usecases.preferences.services,LastUpdateTime,save,1,0,0.0,1,1.0,0,0,1,0,3,0,1,0,0.0,0,0,1,2,0.0,2,3.0,1,1,0.0,0,0.0,0.0,9,6,0.0,2,0,0,0,0,1,1,0,0,0,0,0,0,0,0,0,2,1.0,2,1.0,2,0,0,0,2,0,0,2,1,1,0,0,0,0,0,2,2,54,1346,1131,1,0,1,4,1.0,2,0,19,156,375,2,47840
2025-07-04,argo,ireader.domain.usecases.preferences.services,LastUpdateTime,read,1,0,0.0,1,1.0,0,0,1,0,3,0,1,0,0.0,0,0,0,2,0.0,2,3.0,0,0,0.0,0,0.0,0.0,9,6,0.0,2,0,0,0,0,1,1,0,0,0,0,0,0,0,0,0,2,1.0,2,1.0,2,0,0,0,2,0,0,2,1,1,0,0,0,0,0,2,2,54,1346,1131,1,0,1,4,1.0,2,0,19,156,375,2,47840
2025-07-04,argo,ireader.domain.usecases.remote,GetBookDetail,invoke,5,2,0.0,4,1.0,0,0,1,0,10,0,5,0,0.0,0,0,1,10,0.0,1,2.1,5,1,0.0,0,0.0,1.0,12,10,0.0,1,0,0,0,0,5,1,0,0,0,0,0,0,0,0,0,1,0.0,1,1.0,1,0,0,0,1,0,0,1,0,1,0,0,0,0,0,1,1,54,1346,1131,5,0,1,10,5.0,4,0,218,156,375,4,47840
2025-07-04,argo,ireader.domain.usecases.remote,GetRemoteBooksUseCase,invoke,11,2,0.0,6,1.0,0,0,1,0,23,3,11,0,0.0,0,0,1,20,0.0,1,2.4166666666666665,7,1,0.0,0,0.0,1.0,25,23,0.0,1,0,0,0,0,7,1,0,0,0,0,0,0,0,0,0,4,0.0,4,4.0,1,0,0,0,1,0,0,1,0,1,0,0,0,0,0,1,1,54,1346,1131,5,0,1,20,11.0,4,0,218,156,375,4,47840
2025-07-04,argo,ireader.domain.usecases.remote,GetRemoteChapters,invoke,4,2,0.0,5,1.0,0,0,1,0,16,1,4,0,0.0,0,0,1,16,0.0,1,2.0714285714285716,7,1,0.0,0,0.0,1.0,18,16,0.0,1,0,0,0,0,6,1,0,0,0,0,0,0,0,0,0,1,0.0,1,1.0,1,0,0,0,1,0,0,1,0,1,0,0,0,0,0,1,1,54,1346,1131,5,0,1,16,4.0,4,0,218,156,375,4,47840
2025-07-04,argo,ireader.domain.usecases.remote,GetRemoteReadingContent,invoke,5,2,0.0,8,1.0,0,0,1,0,15,1,5,0,0.0,0,0,1,17,0.0,1,2.9,5,1,0.0,0,0.0,1.0,17,15,0.0,1,0,0,0,0,5,1,0,0,0,0,0,0,0,0,0,2,0.0,2,2.0,1,0,0,0,1,0,0,1,0,1,0,0,0,0,0,1,1,54,1346,1131,5,0,1,17,5.0,4,0,218,156,375,4,47840
2025-07-04,argo,ireader.domain.usecases.translate,TranslateDictUseCase,translate,1,2,0.0,3,1.0,0,0,1,0,8,0,1,0,0.0,0,0,1,14,0.0,2,3.4,5,1,0.0,0,0.0,1.0,14,8,0.0,1,2,1,1,0,4,1,0,0,0,0,2,0,0,0,0,1,0.0,1,1.0,1,1,2,0,1,0,0,1,0,1,0,0,0,0,0,1,1,54,1346,1131,5,0,1,14,1.0,4,0,223,156,375,3,47840
2025-07-04,argo,ireader.domain.usecases.translate,TranslationEnginesManager,get,1,1,0.0,1,1.0,0,1,1,0,4,0,1,0,1.0,1,1,0,2,1.0,2,2.3333333333333335,0,0,0.0,0,0.0,1.0,8,0,0.0,0,1,0,0,0,1,0,0,1,0,0,1,0,0,0,0,1,0.0,1,1.0,1,0,1,0,1,0,0,1,0,1,0,0,0,0,0,1,1,54,1346,1131,5,0,0,2,1.0,4,0,223,156,375,3,47840
2025-07-04,argo,ireader.domain.utils,MemoryCookieJar,loadForRequest,4,2,0.0,5,0.8333,1,0,1,1,11,0,4,0,0.6666666666666666,0,1,0,10,0.33,2,2.142857142857143,1,0,0.0,0,1.0,0.6666666666666666,25,19,0.0,3,1,2,1,0,2,1,0,1,0,0,1,0,0,0,0,3,1.0,3,1.0,3,2,1,0,8,0,0,8,2,2,0,0,0,0,0,3,3,54,1346,1131,8,0,0,28,2.0,36,0,596,156,375,15,47840
2025-07-04,argo,ireader.domain.utils,MemoryCookieJar,saveFromResponse,1,1,0.0,3,0.6667,1,0,1,1,5,0,1,0,0.6666666666666666,0,1,0,4,0.33,1,2.0,2,0,0.0,0,1.0,0.6666666666666666,25,19,0.0,3,1,2,1,0,2,1,0,1,0,0,1,0,0,0,0,3,1.0,3,1.0,3,2,1,0,8,0,0,8,2,2,0,0,0,0,0,3,3,54,1346,1131,8,0,0,28,2.0,36,0,596,156,375,15,47840
2025-07-04,argo,ireader.domain.utils,MemoryCookieJar,clear,1,0,0.0,0,0.0,1,0,1,1,3,0,1,0,1.0,1,1,0,1,1.0,1,2.0,0,0,0.0,0,1.0,0.6666666666666666,25,19,0.0,3,1,2,1,0,2,1,0,1,0,0,1,0,0,0,0,3,1.0,3,1.0,3,2,1,0,8,0,0,8,2,2,0,0,0,0,0,3,3,54,1346,1131,8,0,0,28,2.0,36,0,596,156,375,15,47840
2025-07-04,argo,ireader.domain.utils,WrappedCookie,unwrap,1,0,0.0,0,0.0,1,1,1,1,1,0,1,0,0.0,0,0,0,0,0.0,0,0.0,0,0,0.0,0,0.0,0.6666666666666666,26,15,0.0,5,0,2,0,0,4,0,0,0,0,0,0,0,0,0,0,6,1.0,6,1.2,5,2,1,0,8,0,0,8,2,2,0,0,1,0,1,5,6,54,1346,1131,8,0,0,28,2.0,36,0,596,156,375,15,47840
2025-07-04,argo,ireader.domain.utils,WrappedCookie,isExpired,1,0,0.0,1,1.0,1,1,1,1,1,0,1,0,0.0,0,0,0,3,0.0,0,2.5,0,0,0.0,0,0.0,0.6666666666666666,26,15,0.0,5,0,2,0,0,4,0,0,0,0,0,0,0,0,0,0,6,1.0,6,1.2,5,2,1,0,8,0,0,8,2,2,0,0,1,0,1,5,6,54,1346,1131,8,0,0,28,2.0,36,0,596,156,375,15,47840
2025-07-04,argo,ireader.domain.utils,WrappedCookie,matches,1,0,0.0,0,0.0,1,1,1,1,1,0,1,0,0.0,1,0,0,1,0.0,1,2.0,1,0,0.0,0,0.0,0.6666666666666666,26,15,0.0,5,0,2,0,0,4,0,0,0,0,0,0,0,0,0,0,6,1.0,6,1.2,5,2,1,0,8,0,0,8,2,2,0,0,1,0,1,5,6,54,1346,1131,8,0,0,28,2.0,36,0,596,156,375,15,47840
2025-07-04,argo,ireader.domain.utils,WrappedCookie,equals,2,0,0.0,0,0.0,1,1,1,1,4,1,2,0,0.0,0,0,0,1,0.0,0,2.5,1,0,0.0,0,0.0,0.6666666666666666,26,15,0.0,5,0,2,0,0,4,0,0,0,0,0,0,0,0,0,0,6,1.0,6,1.2,5,2,1,0,8,0,0,8,2,2,0,0,1,0,1,5,6,54,1346,1131,8,0,0,28,2.0,36,0,596,156,375,15,47840
2025-07-04,argo,ireader.domain.utils,WrappedCookie,wrap,5,0,0.0,5,0.4,1,1,1,1,9,0,5,0,0.0,1,0,0,8,0.0,0,2.6,0,0,0.0,0,0.0,0.6666666666666666,26,15,0.0,5,0,2,0,0,4,0,0,0,0,0,0,0,0,0,0,6,1.0,6,1.2,5,2,1,0,8,0,0,8,2,2,0,0,1,0,1,5,6,54,1346,1131,8,1,0,28,2.0,36,0,596,156,375,15,47840
2025-07-04,argo,ireader.domain.utils.extensions,DefaultPaginator,loadNextItems,3,2,0.0,0,0.0,0,0,1,0,20,1,3,0,1.0,0,2,3,7,1.0,0,2.0,0,2,0.0,0,1.0,1.0,30,23,0.0,2,2,2,1,0,0,2,0,2,0,0,0,0,0,2,0,4,0.0,4,2.0,2,2,2,0,4,0,0,4,2,2,0,0,0,0,0,2,2,54,1346,1131,7,0,4,7,2.0,42,1,792,156,375,2,47840
2025-07-04,argo,ireader.domain.utils.extensions,DefaultPaginator,reset,1,0,0.0,0,0.0,0,0,1,0,3,0,1,0,1.0,0,1,1,0,1.0,0,0.0,0,0,0.0,0,1.0,1.0,30,23,0.0,2,2,2,1,0,0,2,0,2,0,0,0,0,0,2,0,4,0.0,4,2.0,2,2,2,0,4,0,0,4,2,2,0,0,0,0,0,2,2,54,1346,1131,7,0,4,7,2.0,42,1,792,156,375,2,47840
2025-07-04,argo,ireader.domain.image,CoverCache,getCoverFile,1,0,0.0,1,1.0,0,4,1,0,3,0,1,0,0.3333333333333333,0,1,0,3,1.0,0,2.5,1,0,0.0,0,0.0,0.2857142857142857,42,11,0.3333333333333333,5,2,0,0,0,7,2,0,8,0,0,8,4,4,0,0,8,1.0,9,1.2857142857142858,7,0,2,0,6,1,0,6,1,1,0,0,0,0,0,7,7,54,1346,1131,3,0,2,19,1.5,9,0,296,156,375,14,47840
2025-07-04,argo,ireader.domain.image,CoverCache,getCustomCoverFile,1,0,0.0,1,1.0,0,4,1,0,3,0,1,0,0.5,0,1,0,3,1.0,0,4.0,1,0,0.0,0,0.0,0.2857142857142857,42,11,0.3333333333333333,5,2,0,0,0,7,2,0,8,0,0,8,4,4,0,0,8,1.0,9,1.2857142857142858,7,0,2,0,6,1,0,6,1,1,0,0,0,0,0,7,7,54,1346,1131,3,0,2,19,1.5,9,0,296,156,375,14,47840
2025-07-04,argo,ireader.domain.image,CoverCache,setCustomCoverToCache,1,0,0.0,1,1.0,0,4,1,0,3,0,1,1,0.0,1,0,1,3,0.0,0,2.5,2,1,0.0,0,0.0,0.2857142857142857,42,11,0.3333333333333333,5,2,0,0,0,7,2,0,8,0,0,8,4,4,0,0,8,1.0,9,1.2857142857142858,7,0,2,0,6,1,0,6,1,1,0,0,0,0,0,7,7,54,1346,1131,3,0,2,19,1.5,9,0,296,156,375,14,47840
2025-07-04,argo,ireader.domain.image,CoverCache,deleteFromCache,4,1,1.0,1,1.0,0,4,1,0,8,2,4,1,0.0,2,0,1,4,0.0,0,2.0,2,1,0.0,0,0.0,0.2857142857142857,42,11,0.3333333333333333,5,2,0,0,0,7,2,0,8,0,0,8,4,4,0,0,8,1.0,9,1.2857142857142858,7,0,2,0,6,1,0,6,1,1,0,0,0,0,0,7,7,54,1346,1131,3,0,2,19,1.5,9,0,296,156,375,14,47840
2025-07-04,argo,ireader.domain.image,CoverCache,deleteCustomCover,1,0,0.0,1,1.0,0,4,1,0,3,0,1,1,0.0,1,0,0,3,0.0,0,2.0,1,0,0.0,0,0.0,0.2857142857142857,42,11,0.3333333333333333,5,2,0,0,0,7,2,0,8,0,0,8,4,4,0,0,8,1.0,9,1.2857142857142858,7,0,2,0,6,1,0,6,1,1,0,0,0,0,0,7,7,54,1346,1131,3,0,2,19,1.5,9,0,296,156,375,14,47840
2025-07-04,argo,ireader.domain.image,CoverCache,clearMemoryCache,0,0,0.0,0,0.0,0,4,1,0,0,0,0,0,0.0,0,0,0,0,0.0,0,0.0,0,0,0.0,0,0.0,0.2857142857142857,42,11,0.3333333333333333,5,2,0,0,0,7,2,0,8,0,0,8,4,4,0,0,8,1.0,9,1.2857142857142858,7,0,2,0,6,1,0,6,1,1,0,0,0,0,0,7,7,54,1346,1131,3,0,2,19,1.5,9,0,296,156,375,14,47840
2025-07-04,argo,ireader.domain.image,CoverCache,getCacheDir,1,0,0.0,1,1.0,0,4,1,0,3,0,1,0,0.0,0,0,0,3,0.0,0,2.0,1,0,0.0,0,0.0,0.2857142857142857,42,11,0.3333333333333333,5,2,0,0,0,7,2,0,8,0,0,8,4,4,0,0,8,1.0,9,1.2857142857142858,7,0,2,0,6,1,0,6,1,1,0,0,0,0,0,7,7,54,1346,1131,3,0,2,19,1.5,9,0,296,156,375,14,47840
2025-07-04,argo,ireader.domain.models.common,Uri,toString,1,0,0.0,0,0.0,0,0,1,0,1,0,1,0,0.0,0,0,0,0,0.0,0,0.0,0,0,0.0,0,0.0,0.0,7,1,0.0,1,0,1,0,0,1,0,0,0,0,0,0,0,0,0,0,1,0.0,1,1.0,1,1,0,0,1,0,0,1,0,1,0,0,0,0,0,2,2,54,1346,1131,3,0,0,0,1.0,3,0,31,156,375,2,47840
2025-07-04,argo,ireader.domain.preferences.prefs,DesktopUiPreferences,font,1,0,0.0,0,0.0,0,0,1,0,3,0,1,0,0.0,0,0,0,0,0.0,0,0.0,0,0,0.0,0,0.0,0.0,9,3,0.0,1,0,1,1,0,1,0,0,0,0,0,1,1,1,0,0,1,0.0,1,1.0,1,1,0,0,1,0,0,1,0,1,0,0,0,0,0,1,1,54,1346,1131,10,0,0,0,1.0,108,1,645,156,375,108,47840
2025-07-04,argo,ireader.domain.usecases.file,DesktopFileSaver,save,2,1,0.0,4,0.75,1,0,1,0,7,1,2,0,0.0,0,0,1,4,0.0,1,2.0,2,1,0.0,0,0.0,0.25,21,16,0.0,4,0,4,1,0,4,1,0,0,0,0,0,0,0,0,0,5,1.0,5,1.25,4,4,0,0,4,0,0,4,1,1,0,0,0,0,0,4,4,54,1346,1131,3,0,1,10,1.25,12,1,81,156,375,8,47840
2025-07-04,argo,ireader.domain.usecases.file,DesktopFileSaver,validate,1,0,0.0,1,1.0,1,0,1,0,3,0,1,0,0.0,0,0,0,2,0.0,0,3.0,1,0,0.0,0,0.0,0.25,21,16,0.0,4,0,4,1,0,4,1,0,0,0,0,0,0,0,0,0,5,1.0,5,1.25,4,4,0,0,4,0,0,4,1,1,0,0,0,0,0,4,4,54,1346,1131,3,0,1,10,1.25,12,1,81,156,375,8,47840
2025-07-04,argo,ireader.domain.usecases.file,DesktopFileSaver,read,1,0,0.0,1,1.0,1,0,1,0,3,0,1,0,0.0,0,0,0,2,0.0,0,3.0,1,0,0.0,0,0.0,0.25,21,16,0.0,4,0,4,1,0,4,1,0,0,0,0,0,0,0,0,0,5,1.0,5,1.25,4,4,0,0,4,0,0,4,1,1,0,0,0,0,0,4,4,54,1346,1131,3,0,1,10,1.25,12,1,81,156,375,8,47840
2025-07-04,argo,ireader.domain.usecases.file,DesktopFileSaver,readStream,1,0,0.0,1,1.0,1,0,1,0,3,0,1,0,0.0,0,0,0,2,0.0,0,3.0,1,0,0.0,0,0.0,0.25,21,16,0.0,4,0,4,1,0,4,1,0,0,0,0,0,0,0,0,0,5,1.0,5,1.25,4,4,0,0,4,0,0,4,1,1,0,0,0,0,0,4,4,54,1346,1131,3,0,1,10,1.25,12,1,81,156,375,8,47840
2025-07-04,argo,ireader.domain.usecases.files,DesktopGetSimpleStorage,ireaderDirectory,1,0,0.0,0,0.0,1,1,1,0,1,0,1,0,0.0,0,0,0,0,0.0,0,0.0,1,0,0.0,0,0.0,0.0,33,7,0.0,10,4,10,1,0,3,0,0,0,0,0,4,0,0,0,0,6,0.9555555555555556,10,1.0,10,10,4,0,10,0,0,10,2,1,0,0,0,0,0,10,10,54,1346,1131,3,0,0,0,1.0,28,1,197,156,375,22,47840
2025-07-04,argo,ireader.domain.usecases.files,DesktopGetSimpleStorage,extensionDirectory,1,0,0.0,0,0.0,1,1,1,0,1,0,1,0,0.0,0,0,0,0,0.0,0,0.0,0,0,0.0,0,0.0,0.0,33,7,0.0,10,4,10,1,0,3,0,0,0,0,0,4,0,0,0,0,6,0.9555555555555556,10,1.0,10,10,4,0,10,0,0,10,2,1,0,0,0,0,0,10,10,54,1346,1131,3,0,0,0,1.0,28,1,197,156,375,22,47840
2025-07-04,argo,ireader.domain.usecases.files,DesktopGetSimpleStorage,cacheExtensionDir,1,0,0.0,0,0.0,1,1,1,0,1,0,1,0,0.0,0,0,0,0,0.0,0,0.0,0,0,0.0,0,0.0,0.0,33,7,0.0,10,4,10,1,0,3,0,0,0,0,0,4,0,0,0,0,6,0.9555555555555556,10,1.0,10,10,4,0,10,0,0,10,2,1,0,0,0,0,0,10,10,54,1346,1131,3,0,0,0,1.0,28,1,197,156,375,22,47840
2025-07-04,argo,ireader.domain.usecases.files,DesktopGetSimpleStorage,ireaderCacheDir,1,0,0.0,0,0.0,1,1,1,0,1,0,1,0,0.0,0,0,0,0,0.0,0,0.0,0,0,0.0,0,0.0,0.0,33,7,0.0,10,4,10,1,0,3,0,0,0,0,0,4,0,0,0,0,6,0.9555555555555556,10,1.0,10,10,4,0,10,0,0,10,2,1,0,0,0,0,0,10,10,54,1346,1131,3,0,0,0,1.0,28,1,197,156,375,22,47840
2025-07-04,argo,ireader.domain.usecases.files,DesktopGetSimpleStorage,checkPermission,1,0,0.0,0,0.0,1,1,1,0,3,0,1,0,0.0,0,0,0,0,0.0,0,0.0,0,0,0.0,0,0.0,0.0,33,7,0.0,10,4,10,1,0,3,0,0,0,0,0,4,0,0,0,0,6,0.9555555555555556,10,1.0,10,10,4,0,10,0,0,10,2,1,0,0,0,0,0,10,10,54,1346,1131,3,0,0,0,1.0,28,1,197,156,375,22,47840
2025-07-04,argo,ireader.domain.usecases.files,DesktopGetSimpleStorage,createIReaderDir,0,0,0.0,0,0.0,1,1,1,0,0,0,0,0,0.0,0,0,0,0,0.0,0,0.0,0,0,0.0,0,0.0,0.0,33,7,0.0,10,4,10,1,0,3,0,0,0,0,0,4,0,0,0,0,6,0.9555555555555556,10,1.0,10,10,4,0,10,0,0,10,2,1,0,0,0,0,0,10,10,54,1346,1131,3,0,0,0,1.0,28,1,197,156,375,22,47840
2025-07-04,argo,ireader.domain.usecases.files,DesktopGetSimpleStorage,createNoMediaFile,0,0,0.0,0,0.0,1,1,1,0,0,0,0,0,0.0,0,0,0,0,0.0,0,0.0,0,0,0.0,0,0.0,0.0,33,7,0.0,10,4,10,1,0,3,0,0,0,0,0,4,0,0,0,0,6,0.9555555555555556,10,1.0,10,10,4,0,10,0,0,10,2,1,0,0,0,0,0,10,10,54,1346,1131,3,0,0,0,1.0,28,1,197,156,375,22,47840
2025-07-04,argo,ireader.domain.usecases.files,DesktopGetSimpleStorage,clearImageCache,0,0,0.0,0,0.0,1,1,1,0,0,0,0,0,0.0,0,0,0,0,0.0,0,0.0,0,0,0.0,0,0.0,0.0,33,7,0.0,10,4,10,1,0,3,0,0,0,0,0,4,0,0,0,0,6,0.9555555555555556,10,1.0,10,10,4,0,10,0,0,10,2,1,0,0,0,0,0,10,10,54,1346,1131,3,0,0,0,1.0,28,1,197,156,375,22,47840
2025-07-04,argo,ireader.domain.usecases.files,DesktopGetSimpleStorage,clearCache,0,0,0.0,0,0.0,1,1,1,0,0,0,0,0,0.0,0,0,0,0,0.0,0,0.0,0,0,0.0,0,0.0,0.0,33,7,0.0,10,4,10,1,0,3,0,0,0,0,0,4,0,0,0,0,6,0.9555555555555556,10,1.0,10,10,4,0,10,0,0,10,2,1,0,0,0,0,0,10,10,54,1346,1131,3,0,0,0,1.0,28,1,197,156,375,22,47840
2025-07-04,argo,ireader.domain.usecases.files,DesktopGetSimpleStorage,getCacheSize,1,0,0.0,0,0.0,1,1,1,0,3,0,1,0,0.0,0,0,0,0,0.0,0,0.0,0,0,0.0,0,0.0,0.0,33,7,0.0,10,4,10,1,0,3,0,0,0,0,0,4,0,0,0,0,6,0.9555555555555556,10,1.0,10,10,4,0,10,0,0,10,2,1,0,0,0,0,0,10,10,54,1346,1131,3,0,0,0,1.0,28,1,197,156,375,22,47840
2025-07-04,argo,ireader.domain.usecases.services,StartDownloadServicesUseCase,start,6,1,0.0,1,1.0,0,0,1,0,3,0,6,0,0.25,0,1,0,1,0.33,1,2.0,3,0,0.0,0,0.0,0.5,15,6,0.0,2,3,0,0,3,2,2,0,0,0,3,2,0,0,1,0,2,1.0,2,1.0,2,0,3,0,2,0,0,2,0,1,0,0,0,0,0,2,2,54,1346,1131,13,0,0,2,3.5,21,0,415,156,375,13,47840
2025-07-04,argo,ireader.domain.usecases.services,StartDownloadServicesUseCase,stop,1,0,0.0,1,1.0,0,0,1,0,3,0,1,0,1.0,0,1,0,1,1.0,1,2.0,0,0,0.0,0,0.0,0.5,15,6,0.0,2,3,0,0,3,2,2,0,0,0,3,2,0,0,1,0,2,1.0,2,1.0,2,0,3,0,2,0,0,2,0,1,0,0,0,0,0,2,2,54,1346,1131,13,0,0,2,3.5,21,0,415,156,375,13,47840
2025-07-04,argo,ireader.domain.usecases.services,StartExtensionManagerService,start,1,0,0.0,1,1.0,0,0,1,0,3,0,1,0,1.0,0,1,0,1,1.0,1,2.0,0,0,0.0,0,0.0,0.5,13,6,0.0,2,2,0,0,1,0,2,0,1,0,1,2,0,0,0,0,2,1.0,2,1.0,2,0,2,0,2,0,0,2,0,1,0,0,0,0,0,2,2,54,1346,1131,13,0,0,2,1.0,21,0,415,156,375,13,47840
2025-07-04,argo,ireader.domain.usecases.services,StartExtensionManagerService,stop,1,0,0.0,1,1.0,0,0,1,0,3,0,1,0,1.0,0,1,0,1,1.0,1,2.0,0,0,0.0,0,0.0,0.5,13,6,0.0,2,2,0,0,1,0,2,0,1,0,1,2,0,0,0,0,2,1.0,2,1.0,2,0,2,0,2,0,0,2,0,1,0,0,0,0,0,2,2,54,1346,1131,13,0,0,2,1.0,21,0,415,156,375,13,47840
2025-07-04,argo,ireader.domain.usecases.services,StartLibraryUpdateServicesUseCase,start,3,0,0.0,1,1.0,0,0,1,0,3,0,3,0,0.3333333333333333,0,1,0,1,1.0,1,2.0,1,0,0.0,0,0.0,0.5,13,6,0.0,2,2,0,0,1,1,2,0,1,0,1,2,0,0,0,0,2,1.0,2,1.0,2,0,2,0,2,0,0,2,0,1,0,0,0,0,0,2,2,54,1346,1131,13,0,0,2,2.0,21,0,415,156,375,13,47840
2025-07-04,argo,ireader.domain.usecases.services,StartLibraryUpdateServicesUseCase,stop,1,0,0.0,1,1.0,0,0,1,0,3,0,1,0,1.0,0,1,0,1,1.0,1,2.0,0,0,0.0,0,0.0,0.5,13,6,0.0,2,2,0,0,1,1,2,0,1,0,1,2,0,0,0,0,2,1.0,2,1.0,2,0,2,0,2,0,0,2,0,1,0,0,0,0,0,2,2,54,1346,1131,13,0,0,2,2.0,21,0,415,156,375,13,47840
2025-07-04,argo,ireader.presentation.core,PlatformHelper,copyToClipboard,1,0,0.0,0,0.0,0,0,1,0,3,0,1,0,0.0,1,0,1,1,0.0,1,2.0,2,1,0.0,0,0.0,0.0,5,3,0.0,1,0,0,0,0,1,1,0,0,0,0,0,0,0,0,0,1,0.0,1,1.0,1,0,0,0,1,0,0,1,1,1,0,0,0,0,0,1,1,54,1346,1131,5,0,1,1,1.0,12,0,404,156,375,1,47840
2025-07-04,argo,ireader.presentation.core.theme,IUseController,setStatusBarColor,1,0,0.0,0,0.0,0,6,1,0,1,0,1,1,0.0,1,0,0,0,0.0,0,0.0,2,0,0.0,0,0.4166666666666667,0.8888888888888888,48,17,0.0,9,3,0,0,0,3,1,0,2,0,1,2,0,0,3,0,10,0.38888888888888884,10,1.1111111111111112,9,0,3,0,9,0,0,9,0,1,0,0,0,0,0,9,9,54,1346,1131,7,0,3,5,1.1111111111111112,17,0,504,156,375,18,47840
2025-07-04,argo,ireader.presentation.core.theme,IUseController,setIStatusBarColor,1,1,0.0,0,0.0,0,6,1,0,4,0,1,0,0.16666666666666666,1,1,1,1,0.2,1,2.0,4,1,0.0,0,0.4166666666666667,0.8888888888888888,48,17,0.0,9,3,0,0,0,3,1,0,2,0,1,2,0,0,3,0,10,0.38888888888888884,10,1.1111111111111112,9,0,3,0,9,0,0,9,0,1,0,0,0,0,0,9,9,54,1346,1131,7,0,3,5,1.1111111111111112,17,0,504,156,375,18,47840
2025-07-04,argo,ireader.presentation.core.theme,IUseController,setNavigationBarColor,1,0,0.0,0,0.0,0,6,1,0,1,0,1,1,0.0,1,0,0,0,0.0,0,0.0,3,0,0.0,0,0.4166666666666667,0.8888888888888888,48,17,0.0,9,3,0,0,0,3,1,0,2,0,1,2,0,0,3,0,10,0.38888888888888884,10,1.1111111111111112,9,0,3,0,9,0,0,9,0,1,0,0,0,0,0,9,9,54,1346,1131,7,0,3,5,1.1111111111111112,17,0,504,156,375,18,47840
2025-07-04,argo,ireader.presentation.core.theme,IUseController,setINavigationBarColor,1,1,0.0,0,0.0,0,6,1,0,4,0,1,0,0.2,1,1,1,1,0.2,1,2.0,4,1,0.0,0,0.4166666666666667,0.8888888888888888,48,17,0.0,9,3,0,0,0,3,1,0,2,0,1,2,0,0,3,0,10,0.38888888888888884,10,1.1111111111111112,9,0,3,0,9,0,0,9,0,1,0,0,0,0,0,9,9,54,1346,1131,7,0,3,5,1.1111111111111112,17,0,504,156,375,18,47840
2025-07-04,argo,ireader.presentation.core.theme,IUseController,setSystemBarsColor,1,0,0.0,0,0.0,0,6,1,0,1,0,1,1,0.0,1,0,0,0,0.0,0,0.0,3,0,0.0,0,0.4166666666666667,0.8888888888888888,48,17,0.0,9,3,0,0,0,3,1,0,2,0,1,2,0,0,3,0,10,0.38888888888888884,10,1.1111111111111112,9,0,3,0,9,0,0,9,0,1,0,0,0,0,0,9,9,54,1346,1131,7,0,3,5,1.1111111111111112,17,0,504,156,375,18,47840
2025-07-04,argo,ireader.presentation.core.theme,IUseController,setISystemBarsColor,1,1,0.0,0,0.0,0,6,1,0,4,0,1,0,0.2,1,1,1,1,0.2,1,2.0,4,1,0.0,0,0.4166666666666667,0.8888888888888888,48,17,0.0,9,3,0,0,0,3,1,0,2,0,1,2,0,0,3,0,10,0.38888888888888884,10,1.1111111111111112,9,0,3,0,9,0,0,9,0,1,0,0,0,0,0,9,9,54,1346,1131,7,0,3,5,1.1111111111111112,17,0,504,156,375,18,47840
2025-07-04,argo,ireader.presentation.core.theme,IUseController,enableImmersiveModel,1,1,0.0,0,0.0,0,6,1,0,6,0,1,0,1.0,0,1,0,0,1.0,0,2.0,0,0,0.0,0,0.4166666666666667,0.8888888888888888,48,17,0.0,9,3,0,0,0,3,1,0,2,0,1,2,0,0,3,0,10,0.38888888888888884,10,1.1111111111111112,9,0,3,0,9,0,0,9,0,1,0,0,0,0,0,9,9,54,1346,1131,7,0,3,5,1.1111111111111112,17,0,504,156,375,18,47840
2025-07-04,argo,ireader.presentation.core.theme,IUseController,disableImmersiveModel,1,1,0.0,0,0.0,0,6,1,0,6,0,1,0,1.0,0,1,0,0,1.0,0,2.0,0,0,0.0,0,0.4166666666666667,0.8888888888888888,48,17,0.0,9,3,0,0,0,3,1,0,2,0,1,2,0,0,3,0,10,0.38888888888888884,10,1.1111111111111112,9,0,3,0,9,0,0,9,0,1,0,0,0,0,0,9,9,54,1346,1131,7,0,3,5,1.1111111111111112,17,0,504,156,375,18,47840
2025-07-04,argo,ireader.presentation.core.theme,IUseController,InitController,2,0,0.0,0,0.0,0,6,1,0,5,1,2,0,1.0,0,1,0,2,1.0,0,0.0,0,0,0.0,0,0.4166666666666667,0.8888888888888888,48,17,0.0,9,3,0,0,0,3,1,0,2,0,1,2,0,0,3,0,10,0.38888888888888884,10,1.1111111111111112,9,0,3,0,9,0,0,9,0,1,0,0,0,0,0,9,9,54,1346,1131,7,0,3,5,1.1111111111111112,17,0,504,156,375,18,47840
2025-07-04,argo,ireader.presentation.core.theme,LocaleHelper,setLocaleLang,1,4,0.0,4,1.0,0,2,1,0,9,0,1,0,1.0,0,1,3,7,0.25,1,2.375,0,3,0.0,0,0.16666666666666666,1.0,49,18,0.0,3,2,0,0,1,0,4,0,0,0,2,4,0,0,0,0,6,0.6666666666666667,6,1.5,4,0,2,0,4,0,0,4,0,1,0,0,0,0,0,4,4,54,1346,1131,7,0,5,27,1.5,17,0,504,156,375,18,47840
2025-07-04,argo,ireader.presentation.core.theme,LocaleHelper,updateLocal,1,2,0.0,4,0.8,0,2,1,0,10,0,1,0,1.0,0,1,1,9,0.5,1,3.0,0,1,0.0,0,0.16666666666666666,1.0,49,18,0.0,3,2,0,0,1,0,4,0,0,0,2,4,0,0,0,0,6,0.6666666666666667,6,1.5,4,0,2,0,4,0,0,4,0,1,0,0,0,0,0,4,4,54,1346,1131,7,0,5,27,1.5,17,0,504,156,375,18,47840
2025-07-04,argo,ireader.presentation.core.theme,LocaleHelper,resetLocale,1,2,0.0,2,1.0,0,2,1,0,8,0,1,0,0.0,0,0,1,4,0.0,1,2.75,0,1,0.0,0,0.16666666666666666,1.0,49,18,0.0,3,2,0,0,1,0,4,0,0,0,2,4,0,0,0,0,6,0.6666666666666667,6,1.5,4,0,2,0,4,0,0,4,0,1,0,0,0,0,0,4,4,54,1346,1131,7,0,5,27,1.5,17,0,504,156,375,18,47840
2025-07-04,argo,ireader.presentation.core.theme,LocaleHelper,getLocales,3,1,0.0,4,0.75,0,2,1,0,9,2,3,0,1.0,0,1,0,7,2.0,1,2.6666666666666665,0,0,0.0,0,0.16666666666666666,1.0,49,18,0.0,3,2,0,0,1,0,4,0,0,0,2,4,0,0,0,0,6,0.6666666666666667,6,1.5,4,0,2,0,4,0,0,4,0,1,0,0,0,0,0,4,4,54,1346,1131,7,0,5,27,1.5,17,0,504,156,375,18,47840
2025-07-04,argo,ireader.presentation.core.ui,SecuritySettingSpec,Content,7,8,0.0,10,1.0,1,0,1,0,30,2,7,0,0.0,0,0,1,70,0.0,0,3.0588235294117645,0,1,0.0,0,0.0,1.0,32,30,0.0,1,0,1,1,0,0,1,0,0,0,0,0,0,0,0,0,2,0.0,2,2.0,1,1,5,0,2,0,0,2,1,3,0,0,0,0,0,1,1,54,1346,1131,27,0,1,88,0.0,25,0,3728,156,375,25,47840
2025-07-04,argo,ireader.presentation.core.ui,UnlockActivity,onCreate,1,2,0.0,7,0.875,1,0,1,0,23,0,1,0,0.75,1,2,0,18,0.67,1,2.5714285714285716,1,0,0.0,0,0.0,1.0,43,23,0.0,1,2,1,3,2,1,0,0,0,0,2,8,6,6,0,0,1,0.0,1,1.0,1,1,5,0,2,0,0,2,1,3,0,0,0,0,0,3,3,54,1346,1131,27,0,1,88,0.0,25,0,3728,156,375,25,47840
2025-07-04,argo,ireader.presentation.core.ui,TTSScreenSpec,Content,14,13,0.0,28,0.8182,0,0,1,0,73,2,14,0,0.0,0,0,2,150,0.1,2,2.8833333333333333,0,2,0.0,0,0.0,1.0,77,73,0.0,1,1,1,1,0,0,2,0,0,0,0,1,0,0,0,0,6,0.0,6,6.0,1,1,1,0,1,0,0,1,0,1,0,0,0,0,0,1,1,54,1346,1131,27,0,2,150,14.0,25,0,3728,156,375,25,47840
2025-07-04,argo,ireader.presentation.core.ui,WebViewScreenSpec,Content,4,11,0.0,9,0.5556,0,0,1,0,31,1,4,0,0.0,0,0,1,21,0.0,1,2.1666666666666665,0,1,0.0,0,0.0,1.0,33,31,0.0,1,0,1,1,0,0,1,0,0,0,0,0,0,0,0,0,4,0.0,4,4.0,1,1,0,0,1,0,0,1,0,1,0,0,0,0,0,1,1,54,1346,1131,27,0,1,21,4.0,25,0,3728,156,375,25,47840
2025-07-04,argo,ireader.presentation.imageloader,CatalogInstalledFetcher,fetch,4,5,0.0,6,1.0,0,0,2,0,19,1,4,0,0.0,0,0,0,14,0.0,0,2.3333333333333335,0,0,0.0,0,0.0,0.5,31,22,0.0,2,0,2,1,0,4,0,0,0,0,0,0,0,0,0,0,3,1.0,3,1.5,2,2,0,0,2,0,0,2,0,1,0,0,0,0,0,3,3,54,1346,1131,8,0,0,14,2.5,25,0,878,156,375,23,47840
2025-07-04,argo,ireader.presentation.imageloader,CatalogInstalledFetcher,key,1,0,0.0,0,0.0,0,0,2,0,3,0,1,0,0.0,0,0,0,0,0.0,0,2.0,2,0,0.0,0,0.0,0.5,31,22,0.0,2,0,2,1,0,4,0,0,0,0,0,0,0,0,0,0,3,1.0,3,1.5,2,2,0,0,2,0,0,2,0,1,0,0,0,0,0,3,3,54,1346,1131,8,0,0,14,2.5,25,0,878,156,375,23,47840
2025-07-04,argo,ireader.presentation.imageloader,CoilLoaderFactory,newImageLoader,1,2,0.0,7,0.8571,0,0,1,0,17,0,1,0,0.0,0,0,0,10,0.0,1,2.25,1,0,0.0,0,0.0,1.0,32,17,0.0,1,0,1,1,0,2,0,0,0,0,0,0,0,0,0,0,1,0.0,1,1.0,1,1,0,0,1,0,0,1,1,1,0,0,0,0,0,2,2,54,1346,1131,8,0,0,10,1.0,25,0,878,156,375,23,47840
2025-07-04,argo,ireader.presentation.imageloader,PackageManager,getApplicationIcon,1,0,0.0,1,1.0,0,1,1,0,3,0,1,0,0.0,1,0,0,2,0.0,0,3.0,1,0,0.0,0,0.0,0.0,5,0,0.0,1,0,0,0,0,2,0,0,0,0,0,0,0,0,0,0,1,0.0,1,1.0,1,0,0,0,1,0,0,1,0,1,0,0,0,0,0,1,1,54,1346,1131,8,0,0,2,1.0,25,0,878,156,375,23,47840
2025-07-04,argo,ireader.presentation.ui.reader.viewmodel,PlatformReaderSettingReader,saveBrightness,2,1,0.0,3,1.0,0,0,1,0,8,1,2,0,0.0,1,0,1,5,0.0,1,2.5,2,0,0.0,0,0.0,0.7777777777777778,94,84,0.4444444444444444,9,0,0,0,0,6,3,0,0,0,0,0,0,0,0,0,16,0.6944444444444444,16,1.7777777777777777,9,0,0,0,9,0,0,9,1,1,0,0,0,0,0,9,9,54,1346,1131,8,0,5,54,2.4444444444444446,23,2,679,156,375,9,47840
2025-07-04,argo,ireader.presentation.ui.reader.viewmodel,PlatformReaderSettingReader,readImmersiveMode,5,0,2.0,2,1.0,0,0,1,0,13,0,5,2,0.0,2,0,0,7,0.0,0,2.3333333333333335,3,0,0.0,0,0.0,0.7777777777777778,94,84,0.4444444444444444,9,0,0,0,0,6,3,0,0,0,0,0,0,0,0,0,16,0.6944444444444444,16,1.7777777777777777,9,0,0,0,9,0,0,9,1,1,0,0,0,0,0,9,9,54,1346,1131,8,0,5,54,2.4444444444444446,23,2,679,156,375,9,47840
2025-07-04,argo,ireader.presentation.ui.reader.viewmodel,PlatformReaderSettingReader,readBrightness,4,4,1.0,2,1.0,0,0,1,0,16,2,4,1,0.0,1,0,0,3,0.0,1,2.076923076923077,1,0,0.0,0,0.0,0.7777777777777778,94,84,0.4444444444444444,9,0,0,0,0,6,3,0,0,0,0,0,0,0,0,0,16,0.6944444444444444,16,1.7777777777777777,9,0,0,0,9,0,0,9,1,1,0,0,0,0,0,9,9,54,1346,1131,8,0,5,54,2.4444444444444446,23,2,679,156,375,9,47840
2025-07-04,argo,ireader.presentation.ui.reader.viewmodel,PlatformReaderSettingReader,readOrientation,3,3,0.0,5,1.0,0,0,1,0,11,1,3,0,0.0,0,0,0,8,0.0,1,2.4,1,0,0.0,0,0.0,0.7777777777777778,94,84,0.4444444444444444,9,0,0,0,0,6,3,0,0,0,0,0,0,0,0,0,16,0.6944444444444444,16,1.7777777777777777,9,0,0,0,9,0,0,9,1,1,0,0,0,0,0,9,9,54,1346,1131,8,0,5,54,2.4444444444444446,23,2,679,156,375,9,47840
2025-07-04,argo,ireader.presentation.ui.reader.viewmodel,PlatformReaderSettingReader,showSystemBars,1,0,0.0,1,1.0,0,0,1,0,3,0,1,0,0.0,0,0,1,2,0.0,2,3.0,1,1,0.0,0,0.0,0.7777777777777778,94,84,0.4444444444444444,9,0,0,0,0,6,3,0,0,0,0,0,0,0,0,0,16,0.6944444444444444,16,1.7777777777777777,9,0,0,0,9,0,0,9,1,1,0,0,0,0,0,9,9,54,1346,1131,8,0,5,54,2.4444444444444446,23,2,679,156,375,9,47840
2025-07-04,argo,ireader.presentation.ui.reader.viewmodel,PlatformReaderSettingReader,hideSystemBars,1,0,0.0,1,1.0,0,0,1,0,3,0,1,0,0.0,0,0,1,2,0.0,2,3.0,1,1,0.0,0,0.0,0.7777777777777778,94,84,0.4444444444444444,9,0,0,0,0,6,3,0,0,0,0,0,0,0,0,0,16,0.6944444444444444,16,1.7777777777777777,9,0,0,0,9,0,0,9,1,1,0,0,0,0,0,9,9,54,1346,1131,8,0,5,54,2.4444444444444446,23,2,679,156,375,9,47840
2025-07-04,argo,ireader.presentation.ui.reader.viewmodel,PlatformReaderSettingReader,restoreSetting,4,4,1.0,5,1.0,0,0,1,0,22,3,4,1,0.0,1,0,0,13,0.0,1,2.260869565217391,3,0,0.0,0,0.0,0.7777777777777778,94,84,0.4444444444444444,9,0,0,0,0,6,3,0,0,0,0,0,0,0,0,0,16,0.6944444444444444,16,1.7777777777777777,9,0,0,0,9,0,0,9,1,1,0,0,0,0,0,9,9,54,1346,1131,8,0,5,54,2.4444444444444446,23,2,679,156,375,9,47840
2025-07-04,argo,ireader.presentation.ui.reader.viewmodel,PlatformReaderSettingReader,prepareReaderSetting,1,0,2.0,3,0.3333,0,0,1,0,5,0,1,2,0.0,2,0,1,8,0.0,1,2.3333333333333335,4,1,0.0,0,0.0,0.7777777777777778,94,84,0.4444444444444444,9,0,0,0,0,6,3,0,0,0,0,0,0,0,0,0,16,0.6944444444444444,16,1.7777777777777777,9,0,0,0,9,0,0,9,1,1,0,0,0,0,0,9,9,54,1346,1131,8,0,5,54,2.4444444444444446,23,2,679,156,375,9,47840
2025-07-04,argo,ireader.presentation.ui.reader.viewmodel,PlatformReaderSettingReader,WebView,1,0,0.0,1,1.0,0,0,1,0,3,0,1,0,0.0,1,0,1,6,0.0,0,4.0,0,1,0.0,0,0.0,0.7777777777777778,94,84,0.4444444444444444,9,0,0,0,0,6,3,0,0,0,0,0,0,0,0,0,16,0.6944444444444444,16,1.7777777777777777,9,0,0,0,9,0,0,9,1,1,0,0,0,0,0,9,9,54,1346,1131,8,0,5,54,2.4444444444444446,23,2,679,156,375,9,47840
2025-07-04,argo,ireader.presentation.core.theme,AppThemeViewModel,asState,1,0,0.0,0,0.0,0,4,1,0,1,0,1,0,0.0,0,0,0,1,0.0,0,0.0,0,0,0.0,0,0.1,0.8,63,1,0.0,3,5,0,0,1,7,0,0,4,0,1,4,0,0,1,0,6,0.9,6,1.2,5,0,5,0,2,3,0,2,0,1,0,0,0,0,0,6,6,54,1346,1131,7,0,0,46,3.2,17,0,504,156,375,18,47840
2025-07-04,argo,ireader.presentation.core.theme,AppThemeViewModel,getColors,3,5,0.0,6,0.8571,0,4,1,0,15,1,3,3,1.0,4,4,0,18,0.8,2,2.7,0,0,0.0,0,0.1,0.8,63,1,0.0,3,5,0,0,1,7,0,0,4,0,1,4,0,0,1,0,6,0.9,6,1.2,5,0,5,0,2,3,0,2,0,1,0,0,0,0,0,6,6,54,1346,1131,7,0,0,46,3.2,17,0,504,156,375,18,47840
2025-07-04,argo,ireader.presentation.core.theme,AppThemeViewModel,getBaseTheme,4,0,0.0,2,1.0,0,4,1,0,14,0,4,0,1.0,0,0,0,12,1.0,0,2.5714285714285716,2,0,0.0,0,0.1,0.8,63,1,0.0,3,5,0,0,1,7,0,0,4,0,1,4,0,0,1,0,6,0.9,6,1.2,5,0,5,0,2,3,0,2,0,1,0,0,0,0,0,6,6,54,1346,1131,7,0,0,46,3.2,17,0,504,156,375,18,47840
2025-07-04,argo,ireader.presentation.core.theme,AppThemeViewModel,getMaterialColors,5,2,0.0,1,1.0,0,4,1,0,5,0,5,0,0.0,0,0,0,7,0.0,0,2.0,3,0,0.0,0,0.1,0.8,63,1,0.0,3,5,0,0,1,7,0,0,4,0,1,4,0,0,1,0,6,0.9,6,1.2,5,0,5,0,2,3,0,2,0,1,0,0,0,0,0,6,6,54,1346,1131,7,0,0,46,3.2,17,0,504,156,375,18,47840
2025-07-04,argo,ireader.presentation.core.theme,AppThemeViewModel,getExtraColors,3,1,0.0,2,1.0,0,4,1,0,4,0,3,0,0.0,0,0,0,8,0.0,0,2.0,2,0,0.0,0,0.1,0.8,63,1,0.0,3,5,0,0,1,7,0,0,4,0,1,4,0,0,1,0,6,0.9,6,1.2,5,0,5,0,2,3,0,2,0,1,0,0,0,0,0,6,6,54,1346,1131,7,0,0,46,3.2,17,0,504,156,375,18,47840
2025-07-04,argo,ireader.presentation.core.ui,AboutSettingSpec,Content,1,1,0.0,1,1.0,1,1,1,0,4,0,1,1,0.0,0,0,1,4,0.0,0,2.2,0,1,0.0,0,0.0,1.0,19,4,0.0,2,0,1,1,0,1,1,0,0,0,0,0,0,0,0,0,2,1.0,2,1.0,2,1,0,0,1,1,0,1,1,1,0,0,0,0,0,2,2,54,1346,1131,27,0,1,18,2.0,25,0,3728,156,375,25,47840
2025-07-04,argo,ireader.presentation.core.ui,AboutSettingSpec,getFormattedBuildTime,3,3,0.0,5,1.0,1,1,1,0,12,0,3,0,0.0,0,0,0,14,0.0,0,2.272727272727273,0,0,0.0,0,0.0,1.0,19,4,0.0,2,0,1,1,0,1,1,0,0,0,0,0,0,0,0,0,2,1.0,2,1.0,2,1,0,0,1,1,0,1,1,1,0,0,0,0,0,2,2,54,1346,1131,27,0,1,18,2.0,25,0,3728,156,375,25,47840
2025-07-04,argo,ireader.presentation.core.ui,AdvanceSettingSpec,Content,1,3,0.0,1,1.0,1,0,1,0,6,0,1,0,0.0,0,0,1,5,0.0,0,2.3333333333333335,0,1,0.0,0,0.0,1.0,8,6,0.0,1,0,1,1,0,0,1,0,0,0,0,0,0,0,0,0,1,0.0,1,1.0,1,1,0,0,1,0,0,1,0,1,0,0,0,0,0,1,1,54,1346,1131,27,0,1,5,1.0,25,0,3728,156,375,25,47840
2025-07-04,argo,ireader.presentation.core.ui,AppearanceScreenSpec,Content,1,3,0.0,1,1.0,1,0,1,0,6,0,1,0,0.0,0,0,1,6,0.0,0,2.0,0,1,0.0,0,0.0,1.0,8,6,0.0,1,0,1,1,0,0,1,0,0,0,0,0,0,0,0,0,1,0.0,1,1.0,1,1,0,0,1,0,0,1,0,1,0,0,0,0,0,1,1,54,1346,1131,27,0,1,6,1.0,25,0,3728,156,375,25,47840
2025-07-04,argo,ireader.presentation.core.ui,BackupAndRestoreScreenSpec,Content,1,3,0.0,1,1.0,1,0,1,0,6,0,1,0,0.0,0,0,1,5,0.0,0,2.3333333333333335,0,1,0.0,0,0.0,1.0,8,6,0.0,1,0,1,1,0,0,1,0,0,0,0,0,0,0,0,0,1,0.0,1,1.0,1,1,0,0,1,0,0,1,0,1,0,0,0,0,0,1,1,54,1346,1131,27,0,1,5,1.0,25,0,3728,156,375,25,47840
2025-07-04,argo,ireader.presentation.core.ui,BookDetailScreenSpec,Content,33,28,0.0,35,0.8571,0,0,1,0,116,1,33,0,1.0,0,1,1,131,0.04,2,2.4656488549618323,0,1,0.0,0,0.0,1.0,120,116,0.0,1,1,1,1,0,0,1,0,0,0,0,1,0,0,0,0,5,0.0,5,5.0,1,1,1,0,1,0,0,1,0,1,0,0,0,0,0,1,1,54,1346,1131,27,0,1,131,33.0,25,0,3728,156,375,25,47840
2025-07-04,argo,ireader.presentation.core.ui,CategoryScreenSpec,Content,1,2,0.0,1,1.0,1,0,1,0,5,0,1,0,0.0,0,0,1,4,0.0,0,2.3333333333333335,0,1,0.0,0,0.0,1.0,7,5,0.0,1,0,1,1,0,0,1,0,0,0,0,0,0,0,0,0,1,0.0,1,1.0,1,1,0,0,1,0,0,1,0,1,0,0,0,0,0,1,1,54,1346,1131,27,0,1,4,1.0,25,0,3728,156,375,25,47840
2025-07-04,argo,ireader.presentation.core.ui,DownloaderScreenSpec,Content,1,3,0.0,3,0.75,1,0,1,0,9,0,1,0,0.0,0,0,1,16,0.0,0,2.3846153846153846,0,1,0.0,0,0.0,1.0,11,9,0.0,1,0,1,1,0,0,1,0,0,0,0,0,0,0,0,0,1,0.0,1,1.0,1,1,0,0,1,0,0,1,0,1,0,0,0,0,0,1,1,54,1346,1131,27,0,1,16,1.0,25,0,3728,156,375,25,47840
2025-07-04,argo,ireader.presentation.core.ui,ExploreScreenSpec,Content,9,18,0.0,19,0.8696,0,0,1,0,64,1,9,0,0.0,0,0,1,65,0.0,1,2.359375,0,1,0.0,0,0.0,1.0,66,64,0.0,1,0,1,1,0,0,1,0,0,0,0,0,0,0,0,0,3,0.0,3,3.0,1,1,0,0,1,0,0,1,0,1,0,0,0,0,0,1,1,54,1346,1131,27,0,1,65,9.0,25,0,3728,156,375,25,47840
2025-07-04,argo,ireader.presentation.core.ui,FontScreenSpec,Content,3,2,0.0,1,1.0,1,0,1,0,5,0,3,0,0.0,0,0,1,21,0.0,0,2.6923076923076925,0,1,0.0,0,0.0,1.0,7,5,0.0,1,0,1,1,0,0,1,0,0,0,0,0,0,0,0,0,1,0.0,1,1.0,1,1,0,0,1,0,0,1,0,1,0,0,0,0,0,1,1,54,1346,1131,27,0,1,21,3.0,25,0,3728,156,375,25,47840
2025-07-04,argo,ireader.presentation.core.ui,GeneralScreenSpec,Content,1,3,0.0,1,1.0,1,0,1,0,6,0,1,0,0.0,0,0,1,4,0.0,0,2.6666666666666665,0,1,0.0,0,0.0,1.0,8,6,0.0,1,0,1,1,0,0,1,0,0,0,0,0,0,0,0,0,1,0.0,1,1.0,1,1,0,0,1,0,0,1,0,1,0,0,0,0,0,1,1,54,1346,1131,27,0,1,4,1.0,25,0,3728,156,375,25,47840
2025-07-04,argo,ireader.presentation.core.ui,GlobalSearchScreenSpec,Content,6,2,0.0,6,1.0,0,0,1,0,15,1,6,0,0.0,0,0,1,13,0.0,1,2.5,0,1,0.0,0,0.0,1.0,17,15,0.0,1,0,1,1,0,0,1,0,0,0,0,0,0,0,0,0,2,0.0,2,2.0,1,1,0,0,1,0,0,1,0,1,0,0,0,0,0,1,1,54,1346,1131,27,0,1,13,6.0,25,0,3728,156,375,25,47840
2025-07-04,argo,ireader.presentation.core.ui,ReaderScreenSpec,Content,47,27,0.0,52,0.625,0,1,1,0,166,3,47,0,1.0,0,1,3,166,0.04,1,2.4886363636363638,0,3,0.0,0,1.0,1.0,174,166,0.0,1,1,1,1,0,1,3,0,0,0,0,1,0,0,0,0,14,0.0,14,7.0,2,1,1,0,1,1,0,1,0,1,0,0,0,0,0,2,2,54,1346,1131,27,0,3,174,24.0,25,0,3728,156,375,25,47840
2025-07-04,argo,ireader.presentation.core.ui,ReaderScreenSpec,getId,1,0,0.0,1,1.0,0,1,1,0,3,0,1,0,1.0,0,1,0,8,1.0,0,4.0,0,0,0.0,0,1.0,1.0,174,166,0.0,1,1,1,1,0,1,3,0,0,0,0,1,0,0,0,0,14,0.0,14,7.0,2,1,1,0,1,1,0,1,0,1,0,0,0,0,0,2,2,54,1346,1131,27,0,3,174,24.0,25,0,3728,156,375,25,47840
2025-07-04,argo,ireader.presentation.core.ui,ReaderSettingSpec,Content,1,4,0.0,2,1.0,1,0,1,0,7,0,1,0,0.0,0,0,1,63,0.0,0,2.9692307692307693,0,1,0.0,0,0.0,1.0,9,7,0.0,1,0,1,1,0,0,1,0,0,0,0,0,0,0,0,0,1,0.0,1,1.0,1,1,0,0,1,0,0,1,0,1,0,0,0,0,0,1,1,54,1346,1131,27,0,1,63,1.0,25,0,3728,156,375,25,47840
2025-07-04,argo,ireader.presentation.core.ui,RepositoryAddScreenSpec,Content,4,7,0.0,7,0.8571,1,0,1,0,25,1,4,0,0.0,0,0,1,41,0.0,0,2.730769230769231,0,1,0.0,0,0.0,1.0,27,25,0.0,1,0,1,1,0,0,1,0,0,0,0,0,0,0,0,0,2,0.0,2,2.0,1,1,0,0,1,0,0,1,0,1,0,0,0,0,0,1,1,54,1346,1131,27,0,1,41,4.0,25,0,3728,156,375,25,47840
2025-07-04,argo,ireader.presentation.core.ui,RepositoryScreenSpec,Content,2,3,0.0,4,1.0,1,0,1,0,11,1,2,0,0.0,0,0,1,31,0.0,0,2.590909090909091,0,1,0.0,0,0.0,1.0,13,11,0.0,1,0,1,1,0,0,1,0,0,0,0,0,0,0,0,0,2,0.0,2,2.0,1,1,0,0,1,0,0,1,0,1,0,0,0,0,0,1,1,54,1346,1131,27,0,1,31,2.0,25,0,3728,156,375,25,47840
2025-07-04,argo,ireader.presentation.core.ui,SettingScreenSpec,Content,1,3,0.0,1,1.0,1,0,1,0,6,0,1,0,0.0,0,0,1,19,0.0,0,2.590909090909091,0,1,0.0,0,0.0,1.0,8,6,0.0,1,0,1,1,0,0,1,0,0,0,0,0,0,0,0,0,1,0.0,1,1.0,1,1,0,0,1,0,0,1,0,1,0,0,0,0,0,1,1,54,1346,1131,27,0,1,19,1.0,25,0,3728,156,375,25,47840
2025-07-04,argo,ireader.presentation.imageloader,BookCoverFetcher,fetch,5,2,3.0,5,0.6,0,1,4,0,16,2,5,4,0.0,4,0,0,11,0.0,1,2.142857142857143,0,0,0.0,0,0.10989010989010989,0.9285714285714286,199,147,0.46153846153846156,14,1,1,1,0,13,1,0,3,0,1,4,3,3,0,0,27,0.7032967032967032,27,1.9285714285714286,14,1,1,0,2,12,0,2,4,1,0,0,0,0,0,16,16,54,1346,1131,8,0,1,112,3.642857142857143,25,0,878,156,375,23,47840
2025-07-04,argo,ireader.presentation.imageloader,BookCoverFetcher,fileLoader,1,0,0.0,1,1.0,0,1,4,0,3,0,1,0,0.5,0,1,0,3,1.0,0,2.0,1,0,0.0,0,0.10989010989010989,0.9285714285714286,199,147,0.46153846153846156,14,1,1,1,0,13,1,0,3,0,1,4,3,3,0,0,27,0.7032967032967032,27,1.9285714285714286,14,1,1,0,2,12,0,2,4,1,0,0,0,0,0,16,16,54,1346,1131,8,0,1,112,3.642857142857143,25,0,878,156,375,23,47840
2025-07-04,argo,ireader.presentation.imageloader,BookCoverFetcher,fileUriLoader,1,1,0.0,2,1.0,0,1,4,0,4,0,1,0,0.0,0,0,0,4,0.0,2,2.3333333333333335,1,0,0.0,0,0.10989010989010989,0.9285714285714286,199,147,0.46153846153846156,14,1,1,1,0,13,1,0,3,0,1,4,3,3,0,0,27,0.7032967032967032,27,1.9285714285714286,14,1,1,0,2,12,0,2,4,1,0,0,0,0,0,16,16,54,1346,1131,8,0,1,112,3.642857142857143,25,0,878,156,375,23,47840
2025-07-04,argo,ireader.presentation.imageloader,BookCoverFetcher,httpLoader,14,6,7.0,5,1.0,0,1,4,0,39,3,14,8,0.0,7,0,0,23,0.0,1,2.066666666666667,0,0,0.0,0,0.10989010989010989,0.9285714285714286,199,147,0.46153846153846156,14,1,1,1,0,13,1,0,3,0,1,4,3,3,0,0,27,0.7032967032967032,27,1.9285714285714286,14,1,1,0,2,12,0,2,4,1,0,0,0,0,0,16,16,54,1346,1131,8,0,1,112,3.642857142857143,25,0,878,156,375,23,47840
2025-07-04,argo,ireader.presentation.imageloader,BookCoverFetcher,executeNetworkRequest,2,2,1.0,3,1.0,0,1,4,0,9,1,2,0,0.0,1,0,0,8,0.0,2,2.5714285714285716,0,0,0.0,0,0.10989010989010989,0.9285714285714286,199,147,0.46153846153846156,14,1,1,1,0,13,1,0,3,0,1,4,3,3,0,0,27,0.7032967032967032,27,1.9285714285714286,14,1,1,0,2,12,0,2,4,1,0,0,0,0,0,16,16,54,1346,1131,8,0,1,112,3.642857142857143,25,0,878,156,375,23,47840
2025-07-04,argo,ireader.presentation.imageloader,BookCoverFetcher,DefaultHeader,1,0,0.0,1,1.0,0,1,4,0,3,0,1,0,0.0,0,0,0,4,0.0,0,3.0,0,0,0.0,0,0.10989010989010989,0.9285714285714286,199,147,0.46153846153846156,14,1,1,1,0,13,1,0,3,0,1,4,3,3,0,0,27,0.7032967032967032,27,1.9285714285714286,14,1,1,0,2,12,0,2,4,1,0,0,0,0,0,16,16,54,1346,1131,8,0,1,112,3.642857142857143,25,0,878,156,375,23,47840
2025-07-04,argo,ireader.presentation.imageloader,BookCoverFetcher,newRequest,4,2,1.0,4,1.0,0,1,4,0,18,1,4,1,0.0,1,0,0,13,0.0,1,3.1666666666666665,0,0,0.0,0,0.10989010989010989,0.9285714285714286,199,147,0.46153846153846156,14,1,1,1,0,13,1,0,3,0,1,4,3,3,0,0,27,0.7032967032967032,27,1.9285714285714286,14,1,1,0,2,12,0,2,4,1,0,0,0,0,0,16,16,54,1346,1131,8,0,1,112,3.642857142857143,25,0,878,156,375,23,47840
2025-07-04,argo,ireader.presentation.imageloader,BookCoverFetcher,moveSnapshotToCoverCache,4,0,1.0,2,1.0,0,1,4,0,13,1,4,1,0.2,1,1,0,8,0.5,0,2.5,2,0,0.0,0,0.10989010989010989,0.9285714285714286,199,147,0.46153846153846156,14,1,1,1,0,13,1,0,3,0,1,4,3,3,0,0,27,0.7032967032967032,27,1.9285714285714286,14,1,1,0,2,12,0,2,4,1,0,0,0,0,0,16,16,54,1346,1131,8,0,1,112,3.642857142857143,25,0,878,156,375,23,47840
2025-07-04,argo,ireader.presentation.imageloader,BookCoverFetcher,writeResponseToCoverCache,4,0,1.0,3,1.0,0,1,4,0,10,1,4,1,0.0,1,0,0,9,0.0,0,2.6666666666666665,2,0,0.0,0,0.10989010989010989,0.9285714285714286,199,147,0.46153846153846156,14,1,1,1,0,13,1,0,3,0,1,4,3,3,0,0,27,0.7032967032967032,27,1.9285714285714286,14,1,1,0,2,12,0,2,4,1,0,0,0,0,0,16,16,54,1346,1131,8,0,1,112,3.642857142857143,25,0,878,156,375,23,47840
2025-07-04,argo,ireader.presentation.imageloader,BookCoverFetcher,writeSourceToCoverCache,3,0,0.0,3,0.3333,0,1,4,0,10,1,3,0,0.0,0,0,1,8,0.0,1,2.6,2,1,0.0,0,0.10989010989010989,0.9285714285714286,199,147,0.46153846153846156,14,1,1,1,0,13,1,0,3,0,1,4,3,3,0,0,27,0.7032967032967032,27,1.9285714285714286,14,1,1,0,2,12,0,2,4,1,0,0,0,0,0,16,16,54,1346,1131,8,0,1,112,3.642857142857143,25,0,878,156,375,23,47840
2025-07-04,argo,ireader.presentation.imageloader,BookCoverFetcher,readFromDiskCache,3,0,0.0,2,1.0,0,1,4,0,7,0,3,0,1.0,0,1,0,4,1.0,0,3.0,0,0,0.0,0,0.10989010989010989,0.9285714285714286,199,147,0.46153846153846156,14,1,1,1,0,13,1,0,3,0,1,4,3,3,0,0,27,0.7032967032967032,27,1.9285714285714286,14,1,1,0,2,12,0,2,4,1,0,0,0,0,0,16,16,54,1346,1131,8,0,1,112,3.642857142857143,25,0,878,156,375,23,47840
2025-07-04,argo,ireader.presentation.imageloader,BookCoverFetcher,writeToDiskCache,5,1,0.0,3,1.0,0,1,4,0,12,2,5,0,0.5,0,1,0,11,0.5,1,3.2,1,0,0.0,0,0.10989010989010989,0.9285714285714286,199,147,0.46153846153846156,14,1,1,1,0,13,1,0,3,0,1,4,3,3,0,0,27,0.7032967032967032,27,1.9285714285714286,14,1,1,0,2,12,0,2,4,1,0,0,0,0,0,16,16,54,1346,1131,8,0,1,112,3.642857142857143,25,0,878,156,375,23,47840
2025-07-04,argo,ireader.presentation.imageloader,BookCoverFetcher,toImageSource,1,0,0.0,1,1.0,0,1,4,0,3,0,1,0,1.0,0,1,0,1,1.0,0,2.0,0,0,0.0,0,0.10989010989010989,0.9285714285714286,199,147,0.46153846153846156,14,1,1,1,0,13,1,0,3,0,1,4,3,3,0,0,27,0.7032967032967032,27,1.9285714285714286,14,1,1,0,2,12,0,2,4,1,0,0,0,0,0,16,16,54,1346,1131,8,0,1,112,3.642857142857143,25,0,878,156,375,23,47840
2025-07-04,argo,ireader.presentation.imageloader,BookCoverFetcher,getResourceType,3,0,0.0,2,0.5,0,1,4,0,9,1,3,0,0.0,0,0,0,5,0.0,1,2.0,1,0,0.0,0,0.10989010989010989,0.9285714285714286,199,147,0.46153846153846156,14,1,1,1,0,13,1,0,3,0,1,4,3,3,0,0,27,0.7032967032967032,27,1.9285714285714286,14,1,1,0,2,12,0,2,4,1,0,0,0,0,0,16,16,54,1346,1131,8,0,1,112,3.642857142857143,25,0,878,156,375,23,47840
2025-07-04,argo,ireader.presentation.imageloader,LibraryCovers,find,1,0,0.0,0,0.0,0,0,1,0,3,0,1,0,0.0,0,0,0,0,0.0,0,2.0,1,0,0.0,0,0.0,0.5,21,12,0.75,4,0,0,0,0,2,2,0,0,0,0,0,0,0,0,0,4,1.0,4,1.0,4,0,0,0,4,0,0,4,0,1,0,0,0,0,0,4,4,54,1346,1131,8,0,2,3,1.0,25,0,878,156,375,23,47840
2025-07-04,argo,ireader.presentation.imageloader,LibraryCovers,delete,1,0,1.0,0,0.0,0,0,1,0,3,0,1,0,0.0,2,0,0,1,0.0,1,2.0,1,0,0.0,0,0.0,0.5,21,12,0.75,4,0,0,0,0,2,2,0,0,0,0,0,0,0,0,0,4,1.0,4,1.0,4,0,0,0,4,0,0,4,0,1,0,0,0,0,0,4,4,54,1346,1131,8,0,2,3,1.0,25,0,878,156,375,23,47840
2025-07-04,argo,ireader.presentation.imageloader,LibraryCovers,invalidate,1,0,1.0,1,1.0,0,0,1,0,3,0,1,1,0.0,1,0,1,1,0.0,1,2.0,1,1,0.0,0,0.0,0.5,21,12,0.75,4,0,0,0,0,2,2,0,0,0,0,0,0,0,0,0,4,1.0,4,1.0,4,0,0,0,4,0,0,4,0,1,0,0,0,0,0,4,4,54,1346,1131,8,0,2,3,1.0,25,0,878,156,375,23,47840
2025-07-04,argo,ireader.presentation.imageloader,LibraryCovers,deleteAll,1,0,1.0,0,0.0,0,0,1,0,3,0,1,0,0.0,1,0,1,1,0.0,1,2.0,0,1,0.0,0,0.0,0.5,21,12,0.75,4,0,0,0,0,2,2,0,0,0,0,0,0,0,0,0,4,1.0,4,1.0,4,0,0,0,4,0,0,4,0,1,0,0,0,0,0,4,4,54,1346,1131,8,0,2,3,1.0,25,0,878,156,375,23,47840
2025-07-04,argo,ireader.presentation.imageloader.coil.imageloader,BookCoverKeyer,key,1,0,0.0,0,0.0,1,0,1,0,3,0,1,0,0.0,0,0,0,0,0.0,0,3.0,2,0,0.0,0,0.0,1.0,5,3,0.0,1,0,1,1,0,3,0,0,0,0,0,0,0,0,0,0,1,0.0,1,1.0,1,1,0,0,4,0,0,4,0,4,0,0,0,0,0,1,1,54,1346,1131,6,0,0,2,1.0,6,0,82,156,375,6,47840
2025-07-04,argo,ireader.presentation.imageloader.coil.imageloader,BookCoverMapper,map,1,0,0.0,1,1.0,1,0,1,0,3,0,1,0,0.0,0,0,0,2,0.0,0,3.0,2,0,0.0,0,0.0,1.0,5,3,0.0,1,0,1,1,0,3,0,0,0,0,0,0,0,0,0,0,1,0.0,1,1.0,1,1,0,0,4,0,0,4,0,4,0,0,0,0,0,1,1,54,1346,1131,6,0,0,2,1.0,6,0,82,156,375,6,47840
2025-07-04,argo,ireader.presentation.imageloader.coil.imageloader,InstalledCatalogKeyer,key,1,0,0.0,0,0.0,1,0,1,0,3,0,1,0,0.0,0,0,0,0,0.0,0,2.5,2,0,0.0,0,0.0,1.0,5,3,0.0,1,0,1,1,0,3,0,0,0,0,0,0,0,0,0,0,1,0.0,1,1.0,1,1,0,0,4,0,0,4,0,4,0,0,0,0,0,1,1,54,1346,1131,6,0,0,2,1.0,6,0,82,156,375,6,47840
2025-07-04,argo,ireader.presentation.imageloader.coil.imageloader,CatalogRemoteKeyer,key,1,0,0.0,0,0.0,1,0,1,0,3,0,1,0,0.0,0,0,0,0,0.0,0,2.5,2,0,0.0,0,0.0,1.0,5,3,0.0,1,0,1,1,0,3,0,0,0,0,0,0,0,0,0,0,1,0.0,1,1.0,1,1,0,0,4,0,0,4,0,4,0,0,0,0,0,1,1,54,1346,1131,6,0,0,2,1.0,6,0,82,156,375,6,47840
2025-07-04,argo,ireader.presentation.imageloader.coil.imageloader,CatalogRemoteMapper,map,3,0,0.0,1,1.0,2,0,1,0,13,1,3,0,0.0,0,0,0,3,0.0,0,3.0,2,0,0.0,0,0.0,1.0,15,13,0.0,1,0,1,1,0,3,0,0,0,0,0,0,0,0,0,0,1,0.0,1,1.0,1,1,0,0,2,0,0,2,0,2,0,0,0,0,0,1,1,54,1346,1131,6,0,0,6,3.0,6,0,82,156,375,6,47840
2025-07-04,argo,ireader.presentation.imageloader.coil.imageloader,CatalogKeyer,key,3,0,0.0,1,1.0,2,0,1,0,7,1,3,0,0.0,0,0,0,3,0.0,0,2.5,2,0,0.0,0,0.0,1.0,9,7,0.0,1,0,1,1,0,3,0,0,0,0,0,0,0,0,0,0,1,0.0,1,1.0,1,1,0,0,2,0,0,2,0,2,0,0,0,0,0,1,1,54,1346,1131,6,0,0,6,3.0,6,0,82,156,375,6,47840
2025-07-04,argo,ireader.presentation.ui.core.ui,PreferenceMutableState,component1,1,0,0.0,0,0.0,0,0,1,0,3,0,1,0,1.0,0,2,0,0,2.0,0,2.0,0,0,0.0,0,0.0,0.0,30,6,0.0,2,4,2,1,1,2,0,0,2,0,1,4,0,0,0,0,2,1.0,2,1.0,2,2,4,0,2,0,0,2,0,1,0,0,0,0,0,2,2,54,1346,1131,1,0,0,1,1.0,7,0,245,156,375,2,47840
2025-07-04,argo,ireader.presentation.ui.core.ui,PreferenceMutableState,component2,1,0,0.0,1,1.0,0,0,1,0,3,0,1,0,0.0,0,0,0,1,0.0,1,2.0,0,0,0.0,0,0.0,0.0,30,6,0.0,2,4,2,1,1,2,0,0,2,0,1,4,0,0,0,0,2,1.0,2,1.0,2,2,4,0,2,0,0,2,0,1,0,0,0,0,0,2,2,54,1346,1131,1,0,0,1,1.0,7,0,245,156,375,2,47840
2025-07-04,argo,ireader.presentation.ui.core.viewmodel,BaseViewModel,showSnackBar,1,0,0.0,1,1.0,1,0,1,0,3,0,1,0,0.6666666666666666,1,2,0,5,3.0,0,2.6666666666666665,1,0,0.0,0,0.047619047619047616,0.2857142857142857,40,25,0.14285714285714285,7,3,1,1,1,5,2,0,0,1,1,3,0,0,0,0,6,0.7619047619047619,7,1.0,7,1,3,0,7,0,0,7,0,0,0,0,0,0,0,7,7,54,1346,1131,1,0,1,6,1.0,8,0,167,156,375,7,47840
2025-07-04,argo,ireader.presentation.ui.core.viewmodel,BaseViewModel,onDispose,1,0,1.0,0,0.0,1,0,1,0,4,0,1,1,0.0,2,0,1,0,0.0,1,2.0,0,1,0.0,0,0.047619047619047616,0.2857142857142857,40,25,0.14285714285714285,7,3,1,1,1,5,2,0,0,1,1,3,0,0,0,0,6,0.7619047619047619,7,1.0,7,1,3,0,7,0,0,7,0,0,0,0,0,0,0,7,7,54,1346,1131,1,0,1,6,1.0,8,0,167,156,375,7,47840
2025-07-04,argo,ireader.presentation.ui.core.viewmodel,BaseViewModel,onDestroy,0,0,1.0,0,0.0,1,0,1,0,0,0,0,0,0.0,0,0,0,0,0.0,0,0.0,0,0,0.0,0,0.047619047619047616,0.2857142857142857,40,25,0.14285714285714285,7,3,1,1,1,5,2,0,0,1,1,3,0,0,0,0,6,0.7619047619047619,7,1.0,7,1,3,0,7,0,0,7,0,0,0,0,0,0,0,7,7,54,1346,1131,1,0,1,6,1.0,8,0,167,156,375,7,47840
2025-07-04,argo,ireader.presentation.ui.core.viewmodel,BaseViewModel,asState,1,0,0.0,0,0.0,1,0,1,0,1,0,1,0,1.0,0,1,0,1,1.0,0,0.0,0,0,0.0,0,0.047619047619047616,0.2857142857142857,40,25,0.14285714285714285,7,3,1,1,1,5,2,0,0,1,1,3,0,0,0,0,6,0.7619047619047619,7,1.0,7,1,3,0,7,0,0,7,0,0,0,0,0,0,0,7,7,54,1346,1131,1,0,1,6,1.0,8,0,167,156,375,7,47840
2025-07-04,argo,ireader.presentation.ui.core.viewmodel,BaseViewModel,asState,1,0,0.0,1,1.0,1,0,1,0,4,0,1,0,0.6666666666666666,0,1,0,3,1.0,3,2.5,1,0,0.0,0,0.047619047619047616,0.2857142857142857,40,25,0.14285714285714285,7,3,1,1,1,5,2,0,0,1,1,3,0,0,0,0,6,0.7619047619047619,7,1.0,7,1,3,0,7,0,0,7,0,0,0,0,0,0,0,7,7,54,1346,1131,1,0,1,6,1.0,8,0,167,156,375,7,47840
2025-07-04,argo,ireader.presentation.ui.core.viewmodel,BaseViewModel,asState,1,1,0.0,0,0.0,1,0,1,0,8,0,1,0,0.3333333333333333,0,1,0,2,0.33,0,2.0,2,0,0.0,0,0.047619047619047616,0.2857142857142857,40,25,0.14285714285714285,7,3,1,1,1,5,2,0,0,1,1,3,0,0,0,0,6,0.7619047619047619,7,1.0,7,1,3,0,7,0,0,7,0,0,0,0,0,0,0,7,7,54,1346,1131,1,0,1,6,1.0,8,0,167,156,375,7,47840
2025-07-04,argo,ireader.presentation.ui.core.viewmodel,BaseViewModel,asState,1,1,0.0,0,0.0,1,0,1,0,5,0,1,0,1.0,0,1,0,1,1.0,0,2.0,0,0,0.0,0,0.047619047619047616,0.2857142857142857,40,25,0.14285714285714285,7,3,1,1,1,5,2,0,0,1,1,3,0,0,0,0,6,0.7619047619047619,7,1.0,7,1,3,0,7,0,0,7,0,0,0,0,0,0,0,7,7,54,1346,1131,1,0,1,6,1.0,8,0,167,156,375,7,47840
2025-07-04,argo,ireader.presentation.ui.home.explore.viewmodel,BooksState,replaceBook,3,0,0.0,2,1.0,1,0,1,0,8,2,3,0,1.0,0,1,0,8,2.0,0,2.142857142857143,1,0,0.0,0,0.0,0.0,19,12,0.0,2,2,0,0,2,1,0,0,0,0,2,0,0,0,2,0,4,0.0,4,2.0,2,0,30,0,2,0,0,2,0,3,0,0,0,0,0,2,2,54,1346,1131,4,0,1,9,2.0,2,1,285,156,375,2,47840
2025-07-04,argo,ireader.presentation.ui.home.explore.viewmodel,BooksState,empty,1,0,0.0,0,0.0,1,0,1,0,4,0,1,1,1.0,0,2,1,1,2.0,0,0.0,0,0,0.0,0,0.0,0.0,19,12,0.0,2,2,0,0,2,1,0,0,0,0,2,0,0,0,2,0,4,0.0,4,2.0,2,0,30,0,2,0,0,2,0,3,0,0,0,0,0,2,2,54,1346,1131,4,0,1,9,2.0,2,1,285,156,375,2,47840
2025-07-04,argo,ireader.presentation.ui.home.sources.extension,Language,toEmoji,3,1,1.0,1,1.0,0,0,1,0,16,1,3,1,0.0,1,0,0,2,0.0,1,2.0,0,0,0.0,0,0.0,1.0,28,25,0.5,2,0,0,0,0,2,0,0,0,0,0,0,0,0,0,0,2,1.0,2,1.0,2,0,0,0,1,1,0,1,1,1,0,0,0,0,0,2,2,54,1346,1131,9,0,0,4,3.0,16,1,991,156,375,4,47840
2025-07-04,argo,ireader.presentation.ui.home.sources.extension,Language,toFlag,3,2,0.0,1,1.0,0,0,1,0,9,0,3,0,0.0,0,0,0,2,0.0,1,2.0,1,0,0.0,0,0.0,1.0,28,25,0.5,2,0,0,0,0,2,0,0,0,0,0,0,0,0,0,0,2,1.0,2,1.0,2,0,0,0,1,1,0,1,1,1,0,0,0,0,0,2,2,54,1346,1131,9,0,0,4,3.0,16,1,991,156,375,4,47840
2025-07-04,argo,ireader.presentation.ui.home.sources.extension,UserLanguagesComparator,compare,1,2,0.0,1,1.0,1,0,1,0,5,0,1,0,0.5,0,1,0,1,0.25,1,2.0,2,0,0.0,0,0.0,1.0,17,5,0.0,1,1,1,1,0,2,0,0,1,0,0,1,0,0,0,0,1,0.0,1,1.0,1,1,2,0,2,0,0,2,0,2,0,0,0,0,0,1,1,54,1346,1131,9,0,0,1,1.0,16,1,991,156,375,4,47840
2025-07-04,argo,ireader.presentation.ui.home.sources.extension,InstalledLanguagesComparator,compare,1,2,0.0,1,1.0,1,0,1,0,5,0,1,0,0.5,0,1,0,1,0.25,1,2.0,2,0,0.0,0,0.0,1.0,9,5,0.0,1,1,1,1,0,2,0,0,1,0,0,1,0,0,0,0,1,0.0,1,1.0,1,1,2,0,2,0,0,2,0,2,0,0,0,0,0,1,1,54,1346,1131,9,0,0,1,1.0,16,1,991,156,375,4,47840
2025-07-04,argo,ireader.presentation.ui.reader.reverse_swip_refresh,ReverseCircularProgressPainter,applyAlpha,1,0,0.0,0,0.0,0,0,1,0,4,0,1,0,1.0,0,0,0,0,1.0,0,2.0,1,0,0.0,0,1.0,1.0,72,42,0.3333333333333333,3,13,2,1,11,3,2,0,1,0,11,2,0,0,11,0,5,0.0,5,1.6666666666666667,3,2,13,0,2,1,0,2,0,1,0,0,0,0,0,3,3,54,1346,1131,6,0,2,31,2.6666666666666665,13,0,704,156,375,3,47840
2025-07-04,argo,ireader.presentation.ui.reader.reverse_swip_refresh,ReverseCircularProgressPainter,onDraw,4,5,1.0,3,1.0,0,0,1,0,22,1,4,1,1.0,1,7,1,15,4.5,2,2.4,0,1,0.0,0,1.0,1.0,72,42,0.3333333333333333,3,13,2,1,11,3,2,0,1,0,11,2,0,0,11,0,5,0.0,5,1.6666666666666667,3,2,13,0,2,1,0,2,0,1,0,0,0,0,0,3,3,54,1346,1131,6,0,2,31,2.6666666666666665,13,0,704,156,375,3,47840
2025-07-04,argo,ireader.presentation.ui.reader.reverse_swip_refresh,ReverseCircularProgressPainter,drawArrow,3,3,0.0,7,0.5556,0,0,1,0,16,0,3,0,0.7777777777777778,0,7,1,16,1.17,1,2.125,3,1,0.0,0,1.0,1.0,72,42,0.3333333333333333,3,13,2,1,11,3,2,0,1,0,11,2,0,0,11,0,5,0.0,5,1.6666666666666667,3,2,13,0,2,1,0,2,0,1,0,0,0,0,0,3,3,54,1346,1131,6,0,2,31,2.6666666666666665,13,0,704,156,375,3,47840
2025-07-04,argo,ireader.presentation.ui.settings.advance,AdvanceSettingViewModel,deleteAllDatabase,1,0,1.0,1,1.0,0,0,1,0,6,0,1,0,0.0,1,0,1,2,0.0,1,2.0,0,1,0.0,0,0.0,0.2,45,35,0.2,5,2,0,1,1,0,1,0,1,0,1,2,0,0,0,0,5,0.0,5,1.0,5,0,2,0,5,0,0,5,0,1,0,0,0,0,0,5,5,54,1346,1131,1,0,5,36,1.0,9,0,281,156,375,5,47840
2025-07-04,argo,ireader.presentation.ui.settings.advance,AdvanceSettingViewModel,deleteAllChapters,1,0,0.0,1,1.0,0,0,1,0,3,0,1,0,0.0,1,0,1,2,0.0,0,2.0,0,1,0.0,0,0.0,0.2,45,35,0.2,5,2,0,1,1,0,1,0,1,0,1,2,0,0,0,0,5,0.0,5,1.0,5,0,2,0,5,0,0,5,0,1,0,0,0,0,0,5,5,54,1346,1131,1,0,5,36,1.0,9,0,281,156,375,5,47840
2025-07-04,argo,ireader.presentation.ui.settings.advance,AdvanceSettingViewModel,deleteDefaultSettings,1,0,0.0,9,0.4444,0,0,1,0,13,0,1,0,0.0,0,0,1,22,0.0,2,3.3,0,1,0.0,0,0.0,0.2,45,35,0.2,5,2,0,1,1,0,1,0,1,0,1,2,0,0,0,0,5,0.0,5,1.0,5,0,2,0,5,0,0,5,0,1,0,0,0,0,0,5,5,54,1346,1131,1,0,5,36,1.0,9,0,281,156,375,5,47840
2025-07-04,argo,ireader.presentation.ui.settings.advance,AdvanceSettingViewModel,resetCategories,1,0,0.0,3,0.6667,0,0,1,0,7,0,1,0,0.0,0,0,1,6,0.0,1,2.75,0,1,0.0,0,0.0,0.2,45,35,0.2,5,2,0,1,1,0,1,0,1,0,1,2,0,0,0,0,5,0.0,5,1.0,5,0,2,0,5,0,0,5,0,1,0,0,0,0,0,5,5,54,1346,1131,1,0,5,36,1.0,9,0,281,156,375,5,47840
2025-07-04,argo,ireader.presentation.ui.settings.advance,AdvanceSettingViewModel,resetThemes,1,0,0.0,2,1.0,0,0,1,0,6,0,1,0,0.0,0,0,1,4,0.0,1,2.6666666666666665,0,1,0.0,0,0.0,0.2,45,35,0.2,5,2,0,1,1,0,1,0,1,0,1,2,0,0,0,0,5,0.0,5,1.0,5,0,2,0,5,0,0,5,0,1,0,0,0,0,0,5,5,54,1346,1131,1,0,5,36,1.0,9,0,281,156,375,5,47840
2025-07-04,argo,ireader.presentation.ui.settings.appearance,AppearanceViewModel,saveNightModePreferences,1,0,0.0,1,1.0,0,2,1,0,3,0,1,0,0.5,0,1,1,2,1.0,2,3.0,1,1,0.0,0,0.3333333333333333,0.6666666666666666,55,3,0.0,1,13,0,1,12,5,1,0,1,0,12,11,0,0,2,0,3,1.0,3,1.0,3,0,0,0,0,0,0,0,0,2,0,0,0,0,0,3,3,54,1346,1131,2,0,1,13,3.6666666666666665,8,0,528,156,375,3,47840
2025-07-04,argo,ireader.presentation.ui.settings.appearance,AppearanceViewModel,getCustomizedColors,3,0,0.0,1,1.0,0,2,1,0,3,0,3,0,1.0,0,2,0,2,2.0,0,3.0,0,0,0.0,0,0.3333333333333333,0.6666666666666666,55,3,0.0,1,13,0,1,12,5,1,0,1,0,12,11,0,0,2,0,3,1.0,3,1.0,3,0,0,0,0,0,0,0,0,2,0,0,0,0,0,3,3,54,1346,1131,2,0,1,13,3.6666666666666665,8,0,528,156,375,3,47840
2025-07-04,argo,ireader.presentation.ui.settings.appearance,AppearanceViewModel,getThemes,7,4,0.0,1,1.0,0,2,1,0,19,0,7,0,0.5,0,3,0,9,0.5,0,2.076923076923077,2,0,0.0,0,0.3333333333333333,0.6666666666666666,55,3,0.0,1,13,0,1,12,5,1,0,1,0,12,11,0,0,2,0,3,1.0,3,1.0,3,0,0,0,0,0,0,0,0,2,0,0,0,0,0,3,3,54,1346,1131,2,0,1,13,3.6666666666666665,8,0,528,156,375,3,47840
2025-07-04,argo,ireader.presentation.ui.settings.backups,BackupScreenViewModel,getAllBooks,1,3,0.0,4,1.0,0,1,1,0,7,0,1,0,0.0,0,0,1,11,0.0,1,2.25,0,1,0.0,0,0.0,1.0,23,5,0.0,2,4,0,1,3,2,2,0,1,0,3,4,0,0,0,0,2,0.0,2,1.0,2,0,4,0,2,0,0,2,0,1,0,0,0,0,0,2,2,54,1346,1131,1,0,2,15,1.0,8,0,392,156,375,2,47840
2025-07-04,argo,ireader.presentation.ui.settings.backups,BackupScreenViewModel,insertBackup,1,2,0.0,2,1.0,0,1,1,0,5,0,1,0,0.0,0,0,1,4,0.0,1,2.0,1,1,0.0,0,0.0,1.0,23,5,0.0,2,4,0,1,3,2,2,0,1,0,3,4,0,0,0,0,2,0.0,2,1.0,2,0,4,0,2,0,0,2,0,1,0,0,0,0,0,2,2,54,1346,1131,1,0,2,15,1.0,8,0,392,156,375,2,47840
2025-07-04,argo,ireader.presentation.ui.settings.repository,SourceRepositoryViewModel,parseUrl,1,4,0.0,2,1.0,0,0,1,0,7,0,1,0,0.0,0,0,0,6,0.0,0,2.0,1,0,0.0,0,0.0,1.0,25,7,0.0,1,3,0,1,3,2,0,0,0,0,3,6,4,4,1,0,1,0.0,1,1.0,1,0,3,0,1,0,0,1,1,1,0,0,0,0,0,1,1,54,1346,1131,2,0,0,6,1.0,5,0,180,156,375,1,47840
2025-07-04,argo,ireader.presentation.core.ui,SecuritySettingSpec,Content,1,0,0.0,0,0.0,1,0,1,0,3,0,1,0,0.0,0,0,1,1,0.0,0,0.0,0,1,0.0,0,0.0,0.0,5,3,0.0,1,0,1,1,0,0,1,0,0,0,0,0,0,0,0,0,1,0.0,1,1.0,1,1,0,0,1,0,0,1,0,1,0,0,0,0,0,1,1,54,1346,1131,27,0,1,1,1.0,25,0,3728,156,375,25,47840
2025-07-04,argo,ireader.presentation.core.ui,TTSScreenSpec,Content,1,0,0.0,0,0.0,0,0,1,1,3,0,1,0,0.0,0,0,1,1,0.0,0,0.0,0,1,0.0,0,0.0,0.0,5,3,0.0,1,0,1,1,0,0,1,0,0,0,0,1,0,0,0,0,1,0.0,1,1.0,1,1,0,0,1,0,0,1,0,1,0,0,0,0,0,1,1,54,1346,1131,27,0,1,1,1.0,25,0,3728,156,375,25,47840
2025-07-04,argo,ireader.presentation.core.ui,WebViewScreenSpec,Content,2,1,0.0,2,1.0,0,0,1,0,7,1,2,0,0.0,0,0,1,4,0.0,1,2.3333333333333335,0,1,0.0,0,0.0,1.0,9,7,0.0,1,0,1,1,0,0,1,0,0,0,0,0,0,0,0,0,2,0.0,2,2.0,1,1,0,0,1,0,0,1,0,1,0,0,0,0,0,1,1,54,1346,1131,27,0,1,4,2.0,25,0,3728,156,375,25,47840
2025-07-04,argo,ireader.presentation.imageloader,PackageManager,getApplicationIcon,1,0,0.0,0,0.0,0,1,1,0,3,0,1,0,0.0,0,0,0,0,0.0,0,0.0,1,0,0.0,0,0.0,0.0,5,0,0.0,1,0,0,0,0,2,0,0,0,0,0,0,0,0,0,0,1,0.0,1,1.0,1,0,0,0,1,0,0,1,0,1,0,0,0,0,0,1,1,54,1346,1131,8,0,0,0,1.0,25,0,878,156,375,23,47840
2025-07-04,argo,ireader.core.http,AcceptAllCookiesStorage,get,2,1,0.0,2,1.0,1,1,1,0,5,1,2,1,0.75,2,3,0,6,1.5,0,2.0,1,0,0.0,0,0.5,0.75,33,16,0.0,3,3,3,1,0,5,2,0,3,0,0,3,0,0,0,0,4,0.6666666666666667,5,1.25,4,3,3,0,3,1,0,3,0,1,0,0,0,0,0,4,4,54,1346,1131,32,0,0,24,2.0,77,3,1719,156,375,62,47840
2025-07-04,argo,ireader.core.http,AcceptAllCookiesStorage,addCookie,3,0,0.0,5,0.8,1,1,1,0,8,0,3,0,0.45454545454545453,1,3,0,12,1.5,1,2.3,2,0,0.0,0,0.5,0.75,33,16,0.0,3,3,3,1,0,5,2,0,3,0,0,3,0,0,0,0,4,0.6666666666666667,5,1.25,4,3,3,0,3,1,0,3,0,1,0,0,0,0,0,4,4,54,1346,1131,32,0,0,24,2.0,77,3,1719,156,375,62,47840
2025-07-04,argo,ireader.core.http,AcceptAllCookiesStorage,close,0,0,0.0,0,0.0,1,1,1,0,0,0,0,0,0.0,0,0,0,0,0.0,0,0.0,0,0,0.0,0,0.5,0.75,33,16,0.0,3,3,3,1,0,5,2,0,3,0,0,3,0,0,0,0,4,0.6666666666666667,5,1.25,4,3,3,0,3,1,0,3,0,1,0,0,0,0,0,4,4,54,1346,1131,32,0,0,24,2.0,77,3,1719,156,375,62,47840
2025-07-04,argo,ireader.core.http,AcceptAllCookiesStorage,cleanup,1,2,0.0,2,1.0,1,1,1,0,8,0,1,0,0.5,0,2,0,6,0.67,1,2.8,1,0,0.0,0,0.5,0.75,33,16,0.0,3,3,3,1,0,5,2,0,3,0,0,3,0,0,0,0,4,0.6666666666666667,5,1.25,4,3,3,0,3,1,0,3,0,1,0,0,0,0,0,4,4,54,1346,1131,32,0,0,24,2.0,77,3,1719,156,375,62,47840
2025-07-04,argo,ireader.core.http,AndroidCookieJar,saveFromResponse,1,1,0.0,2,1.0,1,1,1,0,4,0,1,0,0.3333333333333333,0,1,1,4,0.33,1,2.0,2,1,0.0,0,0.6,0.6,38,22,0.0,4,1,2,1,0,4,2,0,2,0,0,2,0,0,0,0,5,0.8,5,1.0,5,2,1,0,5,0,0,5,2,1,0,0,0,0,0,6,6,54,1346,1131,32,0,1,23,1.8,77,3,1719,156,375,62,47840
2025-07-04,argo,ireader.core.http,AndroidCookieJar,loadForRequest,1,0,0.0,0,0.0,1,1,1,0,3,0,1,1,0.0,1,0,0,1,0.0,0,0.0,1,0,0.0,0,0.6,0.6,38,22,0.0,4,1,2,1,0,4,2,0,2,0,0,2,0,0,0,0,5,0.8,5,1.0,5,2,1,0,5,0,0,5,2,1,0,0,0,0,0,6,6,54,1346,1131,32,0,1,23,1.8,77,3,1719,156,375,62,47840
2025-07-04,argo,ireader.core.http,AndroidCookieJar,get,3,1,0.0,3,1.0,1,1,1,0,8,0,3,0,0.3333333333333333,0,1,0,7,0.5,1,2.5,1,0,0.0,0,0.6,0.6,38,22,0.0,4,1,2,1,0,4,2,0,2,0,0,2,0,0,0,0,5,0.8,5,1.0,5,2,1,0,5,0,0,5,2,1,0,0,0,0,0,6,6,54,1346,1131,32,0,1,23,1.8,77,3,1719,156,375,62,47840
2025-07-04,argo,ireader.core.http,AndroidCookieJar,remove,3,2,0.0,4,1.0,1,1,1,0,12,0,3,0,0.4,0,1,0,11,0.2,1,2.2222222222222223,3,0,0.0,0,0.6,0.6,38,22,0.0,4,1,2,1,0,4,2,0,2,0,0,2,0,0,0,0,5,0.8,5,1.0,5,2,1,0,5,0,0,5,2,1,0,0,0,0,0,6,6,54,1346,1131,32,0,1,23,1.8,77,3,1719,156,375,62,47840
2025-07-04,argo,ireader.core.http,AndroidCookieJar,removeAll,1,0,0.0,0,0.0,1,1,1,0,3,0,1,0,1.0,0,1,0,0,1.0,0,2.0,0,0,0.0,0,0.6,0.6,38,22,0.0,4,1,2,1,0,4,2,0,2,0,0,2,0,0,0,0,5,0.8,5,1.0,5,2,1,0,5,0,0,5,2,1,0,0,0,0,0,6,6,54,1346,1131,32,0,1,23,1.8,77,3,1719,156,375,62,47840
2025-07-04,argo,ireader.core.http,BrowserEngine,fetch,8,4,0.0,9,1.0,1,0,1,0,37,2,8,0,0.0,0,0,2,24,0.0,1,2.3043478260869565,5,2,0.0,0,0.0,1.0,39,37,0.0,1,0,1,1,0,5,2,0,0,0,0,0,0,0,0,0,5,0.0,5,5.0,1,1,0,0,11,0,0,11,2,1,0,0,0,0,0,1,1,54,1346,1131,32,0,4,32,1.0,77,3,1719,156,375,62,47840
2025-07-04,argo,ireader.core.http,WebViewClientCompat,shouldOverrideUrlCompat,1,0,0.0,0,0.0,1,0,1,0,3,0,1,0,0.0,0,0,0,0,0.0,0,0.0,2,0,0.0,7,0.0,1.0,41,29,0.7,10,0,7,1,0,9,1,0,0,0,0,0,0,0,0,0,10,0.8444444444444444,11,1.1,10,7,0,0,11,0,0,11,2,1,0,0,0,0,0,10,10,54,1346,1131,32,0,4,32,1.0,77,3,1719,156,375,62,47840
2025-07-04,argo,ireader.core.http,WebViewClientCompat,shouldInterceptRequestCompat,1,0,0.0,0,0.0,1,0,1,0,3,0,1,0,0.0,0,0,0,0,0.0,0,0.0,2,0,0.0,7,0.0,1.0,41,29,0.7,10,0,7,1,0,9,1,0,0,0,0,0,0,0,0,0,10,0.8444444444444444,11,1.1,10,7,0,0,11,0,0,11,2,1,0,0,0,0,0,10,10,54,1346,1131,32,0,4,32,1.0,77,3,1719,156,375,62,47840
2025-07-04,argo,ireader.core.http,WebViewClientCompat,onReceivedErrorCompat,0,0,0.0,0,0.0,1,0,1,0,0,0,0,0,0.0,0,0,0,0,0.0,0,0.0,5,0,0.0,7,0.0,1.0,41,29,0.7,10,0,7,1,0,9,1,0,0,0,0,0,0,0,0,0,10,0.8444444444444444,11,1.1,10,7,0,0,11,0,0,11,2,1,0,0,0,0,0,10,10,54,1346,1131,32,0,4,32,1.0,77,3,1719,156,375,62,47840
2025-07-04,argo,ireader.core.http,WebViewClientCompat,shouldOverrideUrlLoading,1,0,1.0,1,1.0,1,0,1,0,3,0,1,1,0.0,1,0,0,2,0.0,0,3.0,2,0,0.0,7,0.0,1.0,41,29,0.7,10,0,7,1,0,9,1,0,0,0,0,0,0,0,0,0,10,0.8444444444444444,11,1.1,10,7,0,0,11,0,0,11,2,1,0,0,0,0,0,10,10,54,1346,1131,32,0,4,32,1.0,77,3,1719,156,375,62,47840
2025-07-04,argo,ireader.core.http,WebViewClientCompat,shouldOverrideUrlLoading,1,0,1.0,0,0.0,1,0,1,0,3,0,1,1,0.0,1,0,0,1,0.0,0,0.0,2,0,0.0,7,0.0,1.0,41,29,0.7,10,0,7,1,0,9,1,0,0,0,0,0,0,0,0,0,10,0.8444444444444444,11,1.1,10,7,0,0,11,0,0,11,2,1,0,0,0,0,0,10,10,54,1346,1131,32,0,4,32,1.0,77,3,1719,156,375,62,47840
2025-07-04,argo,ireader.core.http,WebViewClientCompat,shouldInterceptRequest,1,0,1.0,1,1.0,1,0,1,0,3,0,1,3,0.0,1,0,0,2,0.0,0,3.0,2,0,0.0,7,0.0,1.0,41,29,0.7,10,0,7,1,0,9,1,0,0,0,0,0,0,0,0,0,10,0.8444444444444444,11,1.1,10,7,0,0,11,0,0,11,2,1,0,0,0,0,0,10,10,54,1346,1131,32,0,4,32,1.0,77,3,1719,156,375,62,47840
2025-07-04,argo,ireader.core.http,WebViewClientCompat,shouldInterceptRequest,1,0,1.0,0,0.0,1,0,1,0,3,0,1,3,0.0,1,0,0,1,0.0,0,0.0,2,0,0.0,7,0.0,1.0,41,29,0.7,10,0,7,1,0,9,1,0,0,0,0,0,0,0,0,0,10,0.8444444444444444,11,1.1,10,7,0,0,11,0,0,11,2,1,0,0,0,0,0,10,10,54,1346,1131,32,0,4,32,1.0,77,3,1719,156,375,62,47840
2025-07-04,argo,ireader.core.http,WebViewClientCompat,onReceivedError,2,0,1.0,2,1.0,1,0,1,0,5,1,2,3,0.0,1,0,0,10,0.0,0,2.6666666666666665,3,0,0.0,7,0.0,1.0,41,29,0.7,10,0,7,1,0,9,1,0,0,0,0,0,0,0,0,0,10,0.8444444444444444,11,1.1,10,7,0,0,11,0,0,11,2,1,0,0,0,0,0,10,10,54,1346,1131,32,0,4,32,1.0,77,3,1719,156,375,62,47840
2025-07-04,argo,ireader.core.http,WebViewClientCompat,onReceivedError,1,0,1.0,1,1.0,1,0,1,0,3,0,1,3,0.0,1,0,1,1,0.0,0,2.0,4,1,0.0,7,0.0,1.0,41,29,0.7,10,0,7,1,0,9,1,0,0,0,0,0,0,0,0,0,10,0.8444444444444444,11,1.1,10,7,0,0,11,0,0,11,2,1,0,0,0,0,0,10,10,54,1346,1131,32,0,4,32,1.0,77,3,1719,156,375,62,47840
2025-07-04,argo,ireader.core.http,WebViewClientCompat,onReceivedHttpError,1,0,1.0,1,1.0,1,0,1,0,3,0,1,3,0.0,1,0,1,5,0.0,0,2.25,3,1,0.0,7,0.0,1.0,41,29,0.7,10,0,7,1,0,9,1,0,0,0,0,0,0,0,0,0,10,0.8444444444444444,11,1.1,10,7,0,0,11,0,0,11,2,1,0,0,0,0,0,10,10,54,1346,1131,32,0,4,32,1.0,77,3,1719,156,375,62,47840
2025-07-04,argo,ireader.core.http,CloudflareInterceptor,intercept,6,3,1.0,7,1.0,1,0,1,0,23,1,6,1,0.2,1,1,0,16,0.25,1,2.272727272727273,1,0,0.0,0,0.0,1.0,98,78,0.5,2,2,1,1,0,4,2,0,5,0,0,5,3,3,0,0,11,0.0,11,5.5,2,1,0,0,0,0,0,0,0,2,0,0,0,0,0,5,5,54,1346,1131,32,0,1,49,7.5,77,3,1719,156,375,62,47840
2025-07-04,argo,ireader.core.http,CloudflareInterceptor,resolveWithWebView,9,8,0.0,12,0.5833,1,0,1,0,55,2,9,0,0.3333333333333333,0,1,1,33,0.11,1,2.3181818181818183,2,1,0.0,0,0.0,1.0,98,78,0.5,2,2,1,1,0,4,2,0,5,0,0,5,3,3,0,0,11,0.0,11,5.5,2,1,0,0,0,0,0,0,0,2,0,0,0,0,0,5,5,54,1346,1131,32,0,1,49,7.5,77,3,1719,156,375,62,47840
2025-07-04,argo,ireader.core.http,PersistentCookieJar,saveFromResponse,1,1,0.0,3,1.0,0,1,1,0,5,0,1,0,0.3333333333333333,0,2,1,5,0.67,1,2.0,2,1,0.0,0,0.5,0.75,40,20,0.0,3,2,2,1,1,4,2,0,1,0,2,3,0,0,0,0,4,0.6666666666666667,4,1.0,4,2,2,0,4,0,0,4,2,1,0,0,0,0,0,5,5,54,1346,1131,32,0,1,26,2.5,77,3,1719,156,375,62,47840
2025-07-04,argo,ireader.core.http,PersistentCookieJar,loadForRequest,1,0,0.0,0,0.0,0,1,1,0,3,0,1,1,0.0,1,0,0,1,0.0,0,0.0,1,0,0.0,0,0.5,0.75,40,20,0.0,3,2,2,1,1,4,2,0,1,0,2,3,0,0,0,0,4,0.6666666666666667,4,1.0,4,2,2,0,4,0,0,4,2,1,0,0,0,0,0,5,5,54,1346,1131,32,0,1,26,2.5,77,3,1719,156,375,62,47840
2025-07-04,argo,ireader.core.http,PersistentCookieJar,get,5,2,0.0,3,1.0,0,1,1,0,11,0,5,0,0.4,1,2,0,9,0.67,1,2.3333333333333335,1,0,0.0,0,0.5,0.75,40,20,0.0,3,2,2,1,1,4,2,0,1,0,2,3,0,0,0,0,4,0.6666666666666667,4,1.0,4,2,2,0,4,0,0,4,2,1,0,0,0,0,0,5,5,54,1346,1131,32,0,1,26,2.5,77,3,1719,156,375,62,47840
2025-07-04,argo,ireader.core.http,PersistentCookieJar,remove,3,2,0.0,4,1.0,0,1,1,0,12,0,3,0,0.4,0,1,0,11,0.2,1,2.2222222222222223,3,0,0.0,0,0.5,0.75,40,20,0.0,3,2,2,1,1,4,2,0,1,0,2,3,0,0,0,0,4,0.6666666666666667,4,1.0,4,2,2,0,4,0,0,4,2,1,0,0,0,0,0,5,5,54,1346,1131,32,0,1,26,2.5,77,3,1719,156,375,62,47840
2025-07-04,argo,ireader.core.http,WebViewCookieJar,loadForRequest,1,0,0.0,0,0.0,0,1,1,0,3,0,1,1,0.0,1,0,0,1,0.0,0,0.0,1,0,0.0,0,0.6,0.6,40,22,0.0,4,2,2,1,1,4,3,0,1,0,1,2,0,0,0,0,5,0.9,5,1.0,5,2,2,0,5,0,0,5,2,1,0,0,0,0,0,6,6,54,1346,1131,32,0,2,27,1.8,77,3,1719,156,375,62,47840
2025-07-04,argo,ireader.core.http,WebViewCookieJar,saveFromResponse,1,0,0.0,2,1.0,0,1,1,0,4,0,1,0,0.3333333333333333,0,2,1,9,1.0,0,2.2857142857142856,2,1,0.0,0,0.6,0.6,40,22,0.0,4,2,2,1,1,4,3,0,1,0,1,2,0,0,0,0,5,0.9,5,1.0,5,2,2,0,5,0,0,5,2,1,0,0,0,0,0,6,6,54,1346,1131,32,0,2,27,1.8,77,3,1719,156,375,62,47840
2025-07-04,argo,ireader.core.http,WebViewCookieJar,get,3,1,0.0,3,1.0,0,1,1,0,8,0,3,0,0.3333333333333333,0,1,0,7,0.5,1,2.5,1,0,0.0,0,0.6,0.6,40,22,0.0,4,2,2,1,1,4,3,0,1,0,1,2,0,0,0,0,5,0.9,5,1.0,5,2,2,0,5,0,0,5,2,1,0,0,0,0,0,6,6,54,1346,1131,32,0,2,27,1.8,77,3,1719,156,375,62,47840
2025-07-04,argo,ireader.core.http,WebViewCookieJar,remove,3,2,0.0,4,1.0,0,1,1,0,12,0,3,0,0.4,0,1,1,10,0.2,1,2.25,3,1,0.0,0,0.6,0.6,40,22,0.0,4,2,2,1,1,4,3,0,1,0,1,2,0,0,0,0,5,0.9,5,1.0,5,2,2,0,5,0,0,5,2,1,0,0,0,0,0,6,6,54,1346,1131,32,0,2,27,1.8,77,3,1719,156,375,62,47840
2025-07-04,argo,ireader.core.http,WebViewCookieJar,removeAll,1,0,0.0,0,0.0,0,1,1,0,3,0,1,0,1.0,0,1,0,0,1.0,0,2.0,0,0,0.0,0,0.6,0.6,40,22,0.0,4,2,2,1,1,4,3,0,1,0,1,2,0,0,0,0,5,0.9,5,1.0,5,2,2,0,5,0,0,5,2,1,0,0,0,0,0,6,6,54,1346,1131,32,0,2,27,1.8,77,3,1719,156,375,62,47840
2025-07-04,argo,ireader.core.http,WebViewManger,init,9,2,0.0,9,0.7778,0,0,1,0,37,5,9,0,1.0,0,7,0,22,3.5,1,2.5833333333333335,0,0,0.0,0,0.3333333333333333,0.6666666666666666,64,43,0.0,3,8,0,0,2,1,1,0,0,0,8,6,0,0,14,0,7,0.6666666666666667,8,2.6666666666666665,3,0,8,0,3,0,0,3,0,1,0,0,0,0,0,4,4,54,1346,1131,32,0,0,24,5.0,77,3,1719,156,375,62,47840
2025-07-04,argo,ireader.core.http,WebViewManger,update,0,0,0.0,0,0.0,0,0,1,0,0,0,0,0,0.0,0,0,0,0,0.0,0,0.0,0,0,0.0,0,0.3333333333333333,0.6666666666666666,64,43,0.0,3,8,0,0,2,1,1,0,0,0,8,6,0,0,14,0,7,0.6666666666666667,8,2.6666666666666665,3,0,8,0,3,0,0,3,0,1,0,0,0,0,0,4,4,54,1346,1131,32,0,0,24,5.0,77,3,1719,156,375,62,47840
2025-07-04,argo,ireader.core.http,WebViewManger,destroy,1,0,0.0,1,1.0,0,0,1,0,6,0,1,0,1.0,1,2,0,2,2.0,1,2.0,0,0,0.0,0,0.3333333333333333,0.6666666666666666,64,43,0.0,3,8,0,0,2,1,1,0,0,0,8,6,0,0,14,0,7,0.6666666666666667,8,2.6666666666666665,3,0,8,0,3,0,0,3,0,1,0,0,0,0,0,4,4,54,1346,1131,32,0,0,24,5.0,77,3,1719,156,375,62,47840
2025-07-04,argo,ireader.core.http,PersistentCookieStore,decodePrefsCookies,1,0,1.0,0,0.0,0,3,1,0,3,0,1,0,1.0,4,3,0,3,3.0,0,4.0,0,0,0.0,0,0.25,0.25,64,27,0.4,7,4,0,0,3,4,4,0,1,0,3,4,0,0,0,0,10,0.9642857142857143,10,1.25,8,0,4,0,6,2,0,6,0,1,0,0,0,0,0,8,8,54,1346,1131,32,0,2,31,1.5,77,3,1719,156,375,62,47840
2025-07-04,argo,ireader.core.http,PersistentCookieStore,addAll,4,4,1.0,7,1.0,0,3,1,0,16,2,4,0,0.7142857142857143,1,4,1,18,0.67,2,2.4615384615384617,2,1,0.0,0,0.25,0.25,64,27,0.4,7,4,0,0,3,4,4,0,1,0,3,4,0,0,0,0,10,0.9642857142857143,10,1.25,8,0,4,0,6,2,0,6,0,1,0,0,0,0,0,8,8,54,1346,1131,32,0,2,31,1.5,77,3,1719,156,375,62,47840
2025-07-04,argo,ireader.core.http,PersistentCookieStore,removeAll,1,0,0.0,1,1.0,0,3,1,0,3,0,1,0,1.0,0,1,0,1,1.0,1,2.0,0,0,0.0,0,0.25,0.25,64,27,0.4,7,4,0,0,3,4,4,0,1,0,3,4,0,0,0,0,10,0.9642857142857143,10,1.25,8,0,4,0,6,2,0,6,0,1,0,0,0,0,0,8,8,54,1346,1131,32,0,2,31,1.5,77,3,1719,156,375,62,47840
2025-07-04,argo,ireader.core.http,PersistentCookieStore,remove,1,0,0.0,1,1.0,0,3,1,0,4,0,1,0,0.3333333333333333,1,1,1,5,1.0,0,3.5,1,1,0.0,0,0.25,0.25,64,27,0.4,7,4,0,0,3,4,4,0,1,0,3,4,0,0,0,0,10,0.9642857142857143,10,1.25,8,0,4,0,6,2,0,6,0,1,0,0,0,0,0,8,8,54,1346,1131,32,0,2,31,1.5,77,3,1719,156,375,62,47840
2025-07-04,argo,ireader.core.http,PersistentCookieStore,get,1,0,0.0,1,1.0,0,3,1,0,1,0,1,3,0.0,3,0,0,2,0.0,0,3.0,1,0,0.0,0,0.25,0.25,64,27,0.4,7,4,0,0,3,4,4,0,1,0,3,4,0,0,0,0,10,0.9642857142857143,10,1.25,8,0,4,0,6,2,0,6,0,1,0,0,0,0,0,8,8,54,1346,1131,32,0,2,31,1.5,77,3,1719,156,375,62,47840
2025-07-04,argo,ireader.core.http,PersistentCookieStore,get,1,0,0.0,1,1.0,0,3,1,0,1,0,1,3,0.0,3,0,0,1,0.0,0,2.0,1,0,0.0,0,0.25,0.25,64,27,0.4,7,4,0,0,3,4,4,0,1,0,3,4,0,0,0,0,10,0.9642857142857143,10,1.25,8,0,4,0,6,2,0,6,0,1,0,0,0,0,0,8,8,54,1346,1131,32,0,2,31,1.5,77,3,1719,156,375,62,47840
2025-07-04,argo,ireader.core.http,PersistentCookieStore,get,1,0,0.0,1,1.0,0,3,1,0,3,0,1,0,0.5,1,1,0,3,1.0,0,2.5,1,0,0.0,0,0.25,0.25,64,27,0.4,7,4,0,0,3,4,4,0,1,0,3,4,0,0,0,0,10,0.9642857142857143,10,1.25,8,0,4,0,6,2,0,6,0,1,0,0,0,0,0,8,8,54,1346,1131,32,0,2,31,1.5,77,3,1719,156,375,62,47840
2025-07-04,argo,ireader.core.http,PersistentCookieStore,hasExpired,1,0,0.0,1,1.0,0,3,1,0,1,0,1,0,0.0,0,0,0,1,0.0,1,2.0,0,0,0.0,0,0.25,0.25,64,27,0.4,7,4,0,0,3,4,4,0,1,0,3,4,0,0,0,0,10,0.9642857142857143,10,1.25,8,0,4,0,6,2,0,6,0,1,0,0,0,0,0,8,8,54,1346,1131,32,0,2,31,1.5,77,3,1719,156,375,62,47840
2025-07-04,argo,ireader.core.http,RateBucket,tryConsume,3,0,1.0,1,1.0,0,1,1,0,9,0,3,1,0.0,1,0,1,1,0.0,0,2.0,0,1,0.0,0,0.0,0.75,38,28,0.6666666666666666,4,0,0,0,0,2,1,0,0,0,0,0,0,0,0,0,5,0.0,5,1.25,4,0,0,0,3,1,0,3,0,1,0,0,0,0,0,4,4,54,1346,1131,32,0,3,6,2.0,77,3,1719,156,375,62,47840
2025-07-04,argo,ireader.core.http,RateBucket,tryConsume,3,0,1.0,1,1.0,0,1,1,0,9,0,3,1,0.0,1,0,1,1,0.0,0,2.0,1,1,0.0,0,0.0,0.75,38,28,0.6666666666666666,4,0,0,0,0,2,1,0,0,0,0,0,0,0,0,0,5,0.0,5,1.25,4,0,0,0,3,1,0,3,0,1,0,0,0,0,0,4,4,54,1346,1131,32,0,3,6,2.0,77,3,1719,156,375,62,47840
2025-07-04,argo,ireader.core.http,RateBucket,getTokens,1,0,0.0,0,0.0,0,1,1,0,3,0,1,0,0.0,0,0,0,0,0.0,0,2.0,0,0,0.0,0,0.0,0.75,38,28,0.6666666666666666,4,0,0,0,0,2,1,0,0,0,0,0,0,0,0,0,5,0.0,5,1.25,4,0,0,0,3,1,0,3,0,1,0,0,0,0,0,4,4,54,1346,1131,32,0,3,6,2.0,77,3,1719,156,375,62,47840
2025-07-04,argo,ireader.core.http,RateBucket,RateBucket.serialize,2,0,0.0,3,1.0,0,1,1,0,10,1,2,5,0.0,0,0,2,5,0.0,1,2.2857142857142856,0,0,0.0,0,0.0,0.75,38,28,0.6666666666666666,4,0,0,0,0,2,1,0,0,0,0,0,0,0,0,0,5,0.0,5,1.25,4,0,0,0,3,1,0,3,0,1,0,0,0,0,0,4,4,54,1346,1131,32,1,3,6,2.0,77,3,1719,156,375,62,47840
2025-07-04,argo,ireader.core.source,HttpSource,toString,1,0,0.0,1,1.0,0,5,1,0,1,0,1,0,0.0,0,0,0,1,0.0,1,2.0,0,0,0.0,0,0.06666666666666667,0.0,39,1,0.0,3,6,3,1,1,7,0,0,0,0,1,6,0,0,0,2,6,0.8666666666666667,6,1.0,6,3,6,0,6,0,0,6,0,0,0,0,0,0,0,6,6,54,1346,1131,11,0,0,7,1.1666666666666667,31,3,1370,156,375,65,47840
2025-07-04,argo,ireader.core.source,HttpSource,getPage,2,0,0.0,1,1.0,0,5,1,0,3,0,2,1,0.0,0,0,0,1,1.0,0,2.0,1,0,0.0,0,0.06666666666666667,0.0,39,1,0.0,3,6,3,1,1,7,0,0,0,0,1,6,0,0,0,2,6,0.8666666666666667,6,1.0,6,3,6,0,6,0,0,6,0,0,0,0,0,0,0,6,6,54,1346,1131,11,0,0,7,1.1666666666666667,31,3,1370,156,375,65,47840
2025-07-04,argo,ireader.core.source,HttpSource,getImageRequest,1,0,0.0,1,1.0,0,5,1,0,3,0,1,0,0.5,0,1,0,2,1.0,0,2.0,1,0,0.0,0,0.06666666666666667,0.0,39,1,0.0,3,6,3,1,1,7,0,0,0,0,1,6,0,0,0,2,6,0.8666666666666667,6,1.0,6,3,6,0,6,0,0,6,0,0,0,0,0,0,0,6,6,54,1346,1131,11,0,0,7,1.1666666666666667,31,3,1370,156,375,65,47840
2025-07-04,argo,ireader.core.source,HttpSource,getCoverRequest,1,0,0.0,1,1.0,0,5,1,0,3,0,1,0,0.3333333333333333,0,1,0,1,1.0,1,2.0,1,0,0.0,0,0.06666666666666667,0.0,39,1,0.0,3,6,3,1,1,7,0,0,0,0,1,6,0,0,0,2,6,0.8666666666666667,6,1.0,6,3,6,0,6,0,0,6,0,0,0,0,0,0,0,6,6,54,1346,1131,11,0,0,7,1.1666666666666667,31,3,1370,156,375,65,47840
2025-07-04,argo,ireader.core.source,HttpSource,getListings,1,0,0.0,0,0.0,0,5,1,0,3,0,1,0,0.0,0,0,0,1,0.0,0,0.0,0,0,0.0,0,0.06666666666666667,0.0,39,1,0.0,3,6,3,1,1,7,0,0,0,0,1,6,0,0,0,2,6,0.8666666666666667,6,1.0,6,3,6,0,6,0,0,6,0,0,0,0,0,0,0,6,6,54,1346,1131,11,0,0,7,1.1666666666666667,31,3,1370,156,375,65,47840
2025-07-04,argo,ireader.core.source,HttpSource,getCommands,1,0,0.0,0,0.0,0,5,1,0,3,0,1,0,0.0,0,0,0,1,0.0,0,0.0,0,0,0.0,0,0.06666666666666667,0.0,39,1,0.0,3,6,3,1,1,7,0,0,0,0,1,6,0,0,0,2,6,0.8666666666666667,6,1.0,6,3,6,0,6,0,0,6,0,0,0,0,0,0,0,6,6,54,1346,1131,11,0,0,7,1.1666666666666667,31,3,1370,156,375,65,47840
2025-07-04,argo,ireader.core.source,LocalSource,getMangaDetails,1,0,0.0,0,0.0,1,3,1,0,3,0,1,0,0.0,0,0,0,1,0.0,0,0.0,2,0,0.0,0,0.0,0.0,23,0,0.0,3,3,3,1,0,5,0,0,0,0,0,4,1,1,0,0,3,0.6666666666666667,3,1.0,3,3,0,0,0,0,0,0,0,3,0,0,0,0,0,3,3,54,1346,1131,11,0,0,3,1.0,31,3,1370,156,375,65,47840
2025-07-04,argo,ireader.core.source,LocalSource,getChapterList,1,0,0.0,0,0.0,1,3,1,0,3,0,1,0,0.0,0,0,0,1,0.0,0,0.0,2,0,0.0,0,0.0,0.0,23,0,0.0,3,3,3,1,0,5,0,0,0,0,0,4,1,1,0,0,3,0.6666666666666667,3,1.0,3,3,0,0,0,0,0,0,0,3,0,0,0,0,0,3,3,54,1346,1131,11,0,0,3,1.0,31,3,1370,156,375,65,47840
2025-07-04,argo,ireader.core.source,LocalSource,getPageList,1,0,0.0,0,0.0,1,3,1,0,3,0,1,0,0.0,0,0,0,1,0.0,0,0.0,2,0,0.0,0,0.0,0.0,23,0,0.0,3,3,3,1,0,5,0,0,0,0,0,4,1,1,0,0,3,0.6666666666666667,3,1.0,3,3,0,0,0,0,0,0,0,3,0,0,0,0,0,3,3,54,1346,1131,11,0,0,3,1.0,31,3,1370,156,375,65,47840
2025-07-04,argo,ireader.core.source,ParsedHttpSource,getUserAgent,1,0,0.0,0,0.0,0,4,1,0,1,0,1,0,0.0,0,0,0,0,0.0,0,0.0,0,0,0.0,0,0.0,0.06666666666666667,77,35,0.36363636363636365,15,1,2,1,0,14,1,0,0,0,0,1,0,0,0,0,11,0.8727272727272728,11,1.0,15,2,1,0,14,0,1,14,7,0,0,4,0,0,0,15,11,54,1346,1131,11,0,1,22,1.2727272727272727,31,3,1370,156,375,65,47840
2025-07-04,argo,ireader.core.source,ParsedHttpSource,headersBuilder,1,0,0.0,0,0.0,0,4,1,0,3,0,1,0,0.0,0,0,1,1,0.0,0,0.0,1,1,0.0,0,0.0,0.06666666666666667,77,35,0.36363636363636365,15,1,2,1,0,14,1,0,0,0,0,1,0,0,0,0,11,0.8727272727272728,11,1.0,15,2,1,0,14,0,1,14,7,0,0,4,0,0,0,15,11,54,1346,1131,11,0,1,22,1.2727272727272727,31,3,1370,156,375,65,47840
2025-07-04,argo,ireader.core.source,ParsedHttpSource,requestBuilder,1,0,0.0,1,1.0,0,4,1,0,6,0,1,0,0.0,0,0,0,3,0.0,0,2.0,2,0,0.0,0,0.0,0.06666666666666667,77,35,0.36363636363636365,15,1,2,1,0,14,1,0,0,0,0,1,0,0,0,0,11,0.8727272727272728,11,1.0,15,2,1,0,14,0,1,14,7,0,0,4,0,0,0,15,11,54,1346,1131,11,0,1,22,1.2727272727272727,31,3,1370,156,375,65,47840
2025-07-04,argo,ireader.core.source,ParsedHttpSource,detailRequest,1,0,1.0,2,1.0,0,4,1,0,6,0,1,1,0.0,1,0,0,2,0.0,0,2.0,1,0,0.0,0,0.0,0.06666666666666667,77,35,0.36363636363636365,15,1,2,1,0,14,1,0,0,0,0,1,0,0,0,0,11,0.8727272727272728,11,1.0,15,2,1,0,14,0,1,14,7,0,0,4,0,0,0,15,11,54,1346,1131,11,0,1,22,1.2727272727272727,31,3,1370,156,375,65,47840
2025-07-04,argo,ireader.core.source,ParsedHttpSource,getMangaDetails,1,0,0.0,1,1.0,0,4,1,0,3,0,1,1,0.0,2,0,0,2,0.0,2,3.0,2,0,0.0,0,0.0,0.06666666666666667,77,35,0.36363636363636365,15,1,2,1,0,14,1,0,0,0,0,1,0,0,0,0,11,0.8727272727272728,11,1.0,15,2,1,0,14,0,1,14,7,0,0,4,0,0,0,15,11,54,1346,1131,11,0,1,22,1.2727272727272727,31,3,1370,156,375,65,47840
2025-07-04,argo,ireader.core.source,ParsedHttpSource,chaptersRequest,1,0,1.0,2,1.0,0,4,1,0,6,0,1,1,0.0,1,0,0,2,0.0,0,2.0,1,0,0.0,0,0.0,0.06666666666666667,77,35,0.36363636363636365,15,1,2,1,0,14,1,0,0,0,0,1,0,0,0,0,11,0.8727272727272728,11,1.0,15,2,1,0,14,0,1,14,7,0,0,4,0,0,0,15,11,54,1346,1131,11,0,1,22,1.2727272727272727,31,3,1370,156,375,65,47840
2025-07-04,argo,ireader.core.source,ParsedHttpSource,getPageList,1,0,0.0,1,1.0,0,4,1,0,3,0,1,1,0.0,1,0,0,1,0.0,1,2.0,2,0,0.0,0,0.0,0.06666666666666667,77,35,0.36363636363636365,15,1,2,1,0,14,1,0,0,0,0,1,0,0,0,0,11,0.8727272727272728,11,1.0,15,2,1,0,14,0,1,14,7,0,0,4,0,0,0,15,11,54,1346,1131,11,0,1,22,1.2727272727272727,31,3,1370,156,375,65,47840
2025-07-04,argo,ireader.core.source,ParsedHttpSource,getContents,1,0,0.0,1,1.0,0,4,1,0,3,0,1,1,0.0,2,0,0,2,0.0,2,3.0,1,0,0.0,0,0.0,0.06666666666666667,77,35,0.36363636363636365,15,1,2,1,0,14,1,0,0,0,0,1,0,0,0,0,11,0.8727272727272728,11,1.0,15,2,1,0,14,0,1,14,7,0,0,4,0,0,0,15,11,54,1346,1131,11,0,1,22,1.2727272727272727,31,3,1370,156,375,65,47840
2025-07-04,argo,ireader.core.source,ParsedHttpSource,contentRequest,1,0,1.0,2,1.0,0,4,1,0,6,0,1,1,0.0,1,0,0,2,0.0,0,2.0,1,0,0.0,0,0.0,0.06666666666666667,77,35,0.36363636363636365,15,1,2,1,0,14,1,0,0,0,0,1,0,0,0,0,11,0.8727272727272728,11,1.0,15,2,1,0,14,0,1,14,7,0,0,4,0,0,0,15,11,54,1346,1131,11,0,1,22,1.2727272727272727,31,3,1370,156,375,65,47840
2025-07-04,argo,ireader.core.source,ParsedHttpSource,chapterFromElement,0,0,1.0,0,0.0,0,4,1,0,0,0,0,0,0.0,0,0,0,0,0.0,0,0.0,1,0,0.0,0,0.0,0.06666666666666667,77,35,0.36363636363636365,15,1,2,1,0,14,1,0,0,0,0,1,0,0,0,0,11,0.8727272727272728,11,1.0,15,2,1,0,14,0,1,14,7,0,0,4,0,0,0,15,11,54,1346,1131,11,0,1,22,1.2727272727272727,31,3,1370,156,375,65,47840
2025-07-04,argo,ireader.core.source,ParsedHttpSource,bookListParse,3,2,0.0,2,1.0,0,4,1,0,5,0,3,0,0.0,0,0,0,5,0.0,2,2.6666666666666665,4,0,0.0,0,0.0,0.06666666666666667,77,35,0.36363636363636365,15,1,2,1,0,14,1,0,0,0,0,1,0,0,0,0,11,0.8727272727272728,11,1.0,15,2,1,0,14,0,1,14,7,0,0,4,0,0,0,15,11,54,1346,1131,11,0,1,22,1.2727272727272727,31,3,1370,156,375,65,47840
2025-07-04,argo,ireader.core.source,ParsedHttpSource,chaptersSelector,0,0,0.0,0,0.0,0,4,1,0,0,0,0,0,0.0,0,0,0,0,0.0,0,0.0,0,0,0.0,0,0.0,0.06666666666666667,77,35,0.36363636363636365,15,1,2,1,0,14,1,0,0,0,0,1,0,0,0,0,11,0.8727272727272728,11,1.0,15,2,1,0,14,0,1,14,7,0,0,4,0,0,0,15,11,54,1346,1131,11,0,1,22,1.2727272727272727,31,3,1370,156,375,65,47840
2025-07-04,argo,ireader.core.source,ParsedHttpSource,chaptersParse,2,0,2.0,1,1.0,0,4,1,0,3,0,2,1,0.0,2,0,0,2,0.0,2,3.0,1,0,0.0,0,0.0,0.06666666666666667,77,35,0.36363636363636365,15,1,2,1,0,14,1,0,0,0,0,1,0,0,0,0,11,0.8727272727272728,11,1.0,15,2,1,0,14,0,1,14,7,0,0,4,0,0,0,15,11,54,1346,1131,11,0,1,22,1.2727272727272727,31,3,1370,156,375,65,47840
2025-07-04,argo,ireader.core.source,ParsedHttpSource,pageContentParse,0,0,2.0,0,0.0,0,4,1,0,0,0,0,0,0.0,0,0,0,0,0.0,0,0.0,1,0,0.0,0,0.0,0.06666666666666667,77,35,0.36363636363636365,15,1,2,1,0,14,1,0,0,0,0,1,0,0,0,0,11,0.8727272727272728,11,1.0,15,2,1,0,14,0,1,14,7,0,0,4,0,0,0,15,11,54,1346,1131,11,0,1,22,1.2727272727272727,31,3,1370,156,375,65,47840
2025-07-04,argo,ireader.core.source,ParsedHttpSource,detailParse,0,0,2.0,0,0.0,0,4,1,0,0,0,0,0,0.0,0,0,0,0,0.0,0,0.0,1,0,0.0,0,0.0,0.06666666666666667,77,35,0.36363636363636365,15,1,2,1,0,14,1,0,0,0,0,1,0,0,0,0,11,0.8727272727272728,11,1.0,15,2,1,0,14,0,1,14,7,0,0,4,0,0,0,15,11,54,1346,1131,11,0,1,22,1.2727272727272727,31,3,1370,156,375,65,47840
2025-07-04,argo,ireader.core.source,SourceFactory,getCustomBaseUrl,1,0,0.0,0,0.0,0,14,7,0,1,0,1,0,0.0,0,0,0,0,0.0,0,0.0,0,0,0.0,0,0.026455026455026454,0.5357142857142857,232,102,0.35714285714285715,21,6,6,1,0,21,2,0,0,0,0,6,0,0,0,0,32,0.9259259259259259,32,1.1428571428571428,28,6,6,0,28,0,0,28,8,0,0,0,0,0,0,28,28,54,1346,1131,11,0,4,185,2.5,31,3,1370,156,375,65,47840
2025-07-04,argo,ireader.core.source,SourceFactory,getListings,1,0,0.0,0,0.0,0,14,7,0,3,0,1,0,0.0,0,0,0,1,0.0,0,0.0,0,0,0.0,0,0.026455026455026454,0.5357142857142857,232,102,0.35714285714285715,21,6,6,1,0,21,2,0,0,0,0,6,0,0,0,0,32,0.9259259259259259,32,1.1428571428571428,28,6,6,0,28,0,0,28,8,0,0,0,0,0,0,28,28,54,1346,1131,11,0,4,185,2.5,31,3,1370,156,375,65,47840
2025-07-04,argo,ireader.core.source,SourceFactory,bookListParse,8,2,1.0,5,1.0,0,14,7,0,15,1,8,2,0.08333333333333333,2,0,0,10,0.17,2,2.2222222222222223,5,0,0.0,0,0.026455026455026454,0.5357142857142857,232,102,0.35714285714285715,21,6,6,1,0,21,2,0,0,0,0,6,0,0,0,0,32,0.9259259259259259,32,1.1428571428571428,28,6,6,0,28,0,0,28,8,0,0,0,0,0,0,28,28,54,1346,1131,11,0,4,185,2.5,31,3,1370,156,375,65,47840
2025-07-04,argo,ireader.core.source,SourceFactory,getUserAgent,1,0,0.0,0,0.0,0,14,7,0,1,0,1,0,0.0,0,0,0,0,0.0,0,0.0,0,0,0.0,0,0.026455026455026454,0.5357142857142857,232,102,0.35714285714285715,21,6,6,1,0,21,2,0,0,0,0,6,0,0,0,0,32,0.9259259259259259,32,1.1428571428571428,28,6,6,0,28,0,0,28,8,0,0,0,0,0,0,28,28,54,1346,1131,11,0,4,185,2.5,31,3,1370,156,375,65,47840
2025-07-04,argo,ireader.core.source,SourceFactory,headersBuilder,1,0,0.0,0,0.0,0,14,7,0,3,0,1,0,0.0,0,0,1,1,0.0,0,0.0,1,1,0.0,0,0.026455026455026454,0.5357142857142857,232,102,0.35714285714285715,21,6,6,1,0,21,2,0,0,0,0,6,0,0,0,0,32,0.9259259259259259,32,1.1428571428571428,28,6,6,0,28,0,0,28,8,0,0,0,0,0,0,28,28,54,1346,1131,11,0,4,185,2.5,31,3,1370,156,375,65,47840
2025-07-04,argo,ireader.core.source,SourceFactory,requestBuilder,1,0,0.0,1,1.0,0,14,7,0,6,0,1,0,0.0,0,0,0,3,0.0,0,2.0,2,0,0.0,0,0.026455026455026454,0.5357142857142857,232,102,0.35714285714285715,21,6,6,1,0,21,2,0,0,0,0,6,0,0,0,0,32,0.9259259259259259,32,1.1428571428571428,28,6,6,0,28,0,0,28,8,0,0,0,0,0,0,28,28,54,1346,1131,11,0,4,185,2.5,31,3,1370,156,375,65,47840
2025-07-04,argo,ireader.core.source,SourceFactory,getListRequest,1,1,0.0,3,1.0,0,14,7,0,10,0,1,1,0.625,2,0,0,11,0.5,2,2.8333333333333335,3,0,0.0,0,0.026455026455026454,0.5357142857142857,232,102,0.35714285714285715,21,6,6,1,0,21,2,0,0,0,0,6,0,0,0,0,32,0.9259259259259259,32,1.1428571428571428,28,6,6,0,28,0,0,28,8,0,0,0,0,0,0,28,28,54,1346,1131,11,0,4,185,2.5,31,3,1370,156,375,65,47840
2025-07-04,argo,ireader.core.source,SourceFactory,getLists,6,3,0.0,6,1.0,0,14,7,0,9,1,6,7,0.17391304347826086,4,0,0,18,0.29,1,2.176470588235294,4,0,0.0,0,0.026455026455026454,0.5357142857142857,232,102,0.35714285714285715,21,6,6,1,0,21,2,0,0,0,0,6,0,0,0,0,32,0.9259259259259259,32,1.1428571428571428,28,6,6,0,28,0,0,28,8,0,0,0,0,0,0,28,28,54,1346,1131,11,0,4,185,2.5,31,3,1370,156,375,65,47840
2025-07-04,argo,ireader.core.source,SourceFactory,getMangaList,1,0,0.0,1,1.0,0,14,7,0,3,0,1,1,1.0,1,1,0,4,1.0,0,2.0,2,0,0.0,0,0.026455026455026454,0.5357142857142857,232,102,0.35714285714285715,21,6,6,1,0,21,2,0,0,0,0,6,0,0,0,0,32,0.9259259259259259,32,1.1428571428571428,28,6,6,0,28,0,0,28,8,0,0,0,0,0,0,28,28,54,1346,1131,11,0,4,185,2.5,31,3,1370,156,375,65,47840
2025-07-04,argo,ireader.core.source,SourceFactory,getMangaList,3,2,0.0,3,1.0,0,14,7,0,11,1,3,2,0.6363636363636364,1,1,0,16,0.75,0,2.6,2,0,0.0,0,0.026455026455026454,0.5357142857142857,232,102,0.35714285714285715,21,6,6,1,0,21,2,0,0,0,0,6,0,0,0,0,32,0.9259259259259259,32,1.1428571428571428,28,6,6,0,28,0,0,28,8,0,0,0,0,0,0,28,28,54,1346,1131,11,0,4,185,2.5,31,3,1370,156,375,65,47840
2025-07-04,argo,ireader.core.source,SourceFactory,chapterFromElement,3,5,1.0,6,1.0,0,14,7,0,8,0,3,10,0.7619047619047619,2,1,0,25,0.17,0,2.25,1,0,0.0,0,0.026455026455026454,0.5357142857142857,232,102,0.35714285714285715,21,6,6,1,0,21,2,0,0,0,0,6,0,0,0,0,32,0.9259259259259259,32,1.1428571428571428,28,6,6,0,28,0,0,28,8,0,0,0,0,0,0,28,28,54,1346,1131,11,0,4,185,2.5,31,3,1370,156,375,65,47840
2025-07-04,argo,ireader.core.source,SourceFactory,chaptersParse,2,0,1.0,1,1.0,0,14,7,0,3,0,2,1,0.5,1,1,0,3,1.0,0,2.5,1,0,0.0,0,0.026455026455026454,0.5357142857142857,232,102,0.35714285714285715,21,6,6,1,0,21,2,0,0,0,0,6,0,0,0,0,32,0.9259259259259259,32,1.1428571428571428,28,6,6,0,28,0,0,28,8,0,0,0,0,0,0,28,28,54,1346,1131,11,0,4,185,2.5,31,3,1370,156,375,65,47840
2025-07-04,argo,ireader.core.source,SourceFactory,getChapterListRequest,1,0,0.0,1,1.0,0,14,7,0,3,0,1,0,0.0,1,0,0,3,0.0,0,4.0,2,0,0.0,0,0.026455026455026454,0.5357142857142857,232,102,0.35714285714285715,21,6,6,1,0,21,2,0,0,0,0,6,0,0,0,0,32,0.9259259259259259,32,1.1428571428571428,28,6,6,0,28,0,0,28,8,0,0,0,0,0,0,28,28,54,1346,1131,11,0,4,185,2.5,31,3,1370,156,375,65,47840
2025-07-04,argo,ireader.core.source,SourceFactory,getChapterList,5,1,0.0,4,1.0,0,14,7,0,7,0,5,2,0.4,2,1,1,15,0.33,1,2.5555555555555554,2,1,0.0,0,0.026455026455026454,0.5357142857142857,232,102,0.35714285714285715,21,6,6,1,0,21,2,0,0,0,0,6,0,0,0,0,32,0.9259259259259259,32,1.1428571428571428,28,6,6,0,28,0,0,28,8,0,0,0,0,0,0,28,28,54,1346,1131,11,0,4,185,2.5,31,3,1370,156,375,65,47840
2025-07-04,argo,ireader.core.source,SourceFactory,statusParser,1,0,0.0,1,1.0,0,14,7,0,3,0,1,0,0.5,0,1,0,1,1.0,1,2.0,1,0,0.0,0,0.026455026455026454,0.5357142857142857,232,102,0.35714285714285715,21,6,6,1,0,21,2,0,0,0,0,6,0,0,0,0,32,0.9259259259259259,32,1.1428571428571428,28,6,6,0,28,0,0,28,8,0,0,0,0,0,0,28,28,54,1346,1131,11,0,4,185,2.5,31,3,1370,156,375,65,47840
2025-07-04,argo,ireader.core.source,SourceFactory,detailParse,3,6,3.0,7,1.0,0,14,7,0,9,0,3,11,0.75,5,1,0,24,0.14,0,2.263157894736842,1,0,0.0,0,0.026455026455026454,0.5357142857142857,232,102,0.35714285714285715,21,6,6,1,0,21,2,0,0,0,0,6,0,0,0,0,32,0.9259259259259259,32,1.1428571428571428,28,6,6,0,28,0,0,28,8,0,0,0,0,0,0,28,28,54,1346,1131,11,0,4,185,2.5,31,3,1370,156,375,65,47840
2025-07-04,argo,ireader.core.source,SourceFactory,getMangaDetailsRequest,1,0,0.0,1,1.0,0,14,7,0,3,0,1,0,0.0,1,0,0,3,0.0,0,4.0,2,0,0.0,0,0.026455026455026454,0.5357142857142857,232,102,0.35714285714285715,21,6,6,1,0,21,2,0,0,0,0,6,0,0,0,0,32,0.9259259259259259,32,1.1428571428571428,28,6,6,0,28,0,0,28,8,0,0,0,0,0,0,28,28,54,1346,1131,11,0,4,185,2.5,31,3,1370,156,375,65,47840
2025-07-04,argo,ireader.core.source,SourceFactory,getMangaDetails,1,0,0.0,1,1.0,0,14,7,0,4,0,1,2,0.0,2,0,1,9,0.0,0,3.6666666666666665,2,1,0.0,0,0.026455026455026454,0.5357142857142857,232,102,0.35714285714285715,21,6,6,1,0,21,2,0,0,0,0,6,0,0,0,0,32,0.9259259259259259,32,1.1428571428571428,28,6,6,0,28,0,0,28,8,0,0,0,0,0,0,28,28,54,1346,1131,11,0,4,185,2.5,31,3,1370,156,375,65,47840
2025-07-04,argo,ireader.core.source,SourceFactory,getContentRequest,1,0,0.0,1,1.0,0,14,7,0,3,0,1,0,0.0,1,0,0,3,0.0,0,4.0,2,0,0.0,0,0.026455026455026454,0.5357142857142857,232,102,0.35714285714285715,21,6,6,1,0,21,2,0,0,0,0,6,0,0,0,0,32,0.9259259259259259,32,1.1428571428571428,28,6,6,0,28,0,0,28,8,0,0,0,0,0,0,28,28,54,1346,1131,11,0,4,185,2.5,31,3,1370,156,375,65,47840
2025-07-04,argo,ireader.core.source,SourceFactory,getContents,1,0,0.0,0,0.0,0,14,7,0,3,0,1,1,0.0,2,0,0,1,0.5,0,0.0,2,0,0.0,0,0.026455026455026454,0.5357142857142857,232,102,0.35714285714285715,21,6,6,1,0,21,2,0,0,0,0,6,0,0,0,0,32,0.9259259259259259,32,1.1428571428571428,28,6,6,0,28,0,0,28,8,0,0,0,0,0,0,28,28,54,1346,1131,11,0,4,185,2.5,31,3,1370,156,375,65,47840
2025-07-04,argo,ireader.core.source,SourceFactory,pageContentParse,1,2,3.0,2,1.0,0,14,7,0,5,0,1,4,0.75,6,1,0,11,0.67,0,2.2222222222222223,1,0,0.0,0,0.026455026455026454,0.5357142857142857,232,102,0.35714285714285715,21,6,6,1,0,21,2,0,0,0,0,6,0,0,0,0,32,0.9259259259259259,32,1.1428571428571428,28,6,6,0,28,0,0,28,8,0,0,0,0,0,0,28,28,54,1346,1131,11,0,4,185,2.5,31,3,1370,156,375,65,47840
2025-07-04,argo,ireader.core.source,SourceFactory,toPage,1,0,0.0,0,0.0,0,14,7,0,3,0,1,0,0.0,0,0,0,1,0.0,0,0.0,0,0,0.0,0,0.026455026455026454,0.5357142857142857,232,102,0.35714285714285715,21,6,6,1,0,21,2,0,0,0,0,6,0,0,0,0,32,0.9259259259259259,32,1.1428571428571428,28,6,6,0,28,0,0,28,8,0,0,0,0,0,0,28,28,54,1346,1131,11,0,4,185,2.5,31,3,1370,156,375,65,47840
2025-07-04,argo,ireader.core.source,SourceFactory,toPage,1,0,0.0,1,1.0,0,14,7,0,3,0,1,0,0.0,2,0,0,1,0.0,0,2.0,0,0,0.0,0,0.026455026455026454,0.5357142857142857,232,102,0.35714285714285715,21,6,6,1,0,21,2,0,0,0,0,6,0,0,0,0,32,0.9259259259259259,32,1.1428571428571428,28,6,6,0,28,0,0,28,8,0,0,0,0,0,0,28,28,54,1346,1131,11,0,4,185,2.5,31,3,1370,156,375,65,47840
2025-07-04,argo,ireader.core.source,SourceFactory,getPageList,1,0,0.0,1,1.0,0,14,7,0,4,0,1,2,0.0,2,0,1,7,0.5,0,4.0,2,1,0.0,0,0.026455026455026454,0.5357142857142857,232,102,0.35714285714285715,21,6,6,1,0,21,2,0,0,0,0,6,0,0,0,0,32,0.9259259259259259,32,1.1428571428571428,28,6,6,0,28,0,0,28,8,0,0,0,0,0,0,28,28,54,1346,1131,11,0,4,185,2.5,31,3,1370,156,375,65,47840
2025-07-04,argo,ireader.core.source,SourceFactory,selectorReturnerStringType,10,0,0.0,3,0.75,0,14,7,0,11,0,10,0,0.0,0,0,0,8,0.0,2,2.2222222222222223,3,0,0.0,0,0.026455026455026454,0.5357142857142857,232,102,0.35714285714285715,21,6,6,1,0,21,2,0,0,0,0,6,0,0,0,0,32,0.9259259259259259,32,1.1428571428571428,28,6,6,0,28,0,0,28,8,0,0,0,0,0,0,28,28,54,1346,1131,11,0,4,185,2.5,31,3,1370,156,375,65,47840
2025-07-04,argo,ireader.core.source,SourceFactory,selectorReturnerStringType,7,0,0.0,3,0.75,0,14,7,0,11,0,7,0,0.0,0,0,0,8,0.0,2,2.2222222222222223,3,0,0.0,0,0.026455026455026454,0.5357142857142857,232,102,0.35714285714285715,21,6,6,1,0,21,2,0,0,0,0,6,0,0,0,0,32,0.9259259259259259,32,1.1428571428571428,28,6,6,0,28,0,0,28,8,0,0,0,0,0,0,28,28,54,1346,1131,11,0,4,185,2.5,31,3,1370,156,375,65,47840
2025-07-04,argo,ireader.core.source,SourceFactory,selectorReturnerListType,7,0,0.0,3,0.8,0,14,7,0,11,0,7,0,0.0,0,0,0,10,0.0,2,2.2222222222222223,3,0,0.0,0,0.026455026455026454,0.5357142857142857,232,102,0.35714285714285715,21,6,6,1,0,21,2,0,0,0,0,6,0,0,0,0,32,0.9259259259259259,32,1.1428571428571428,28,6,6,0,28,0,0,28,8,0,0,0,0,0,0,28,28,54,1346,1131,11,0,4,185,2.5,31,3,1370,156,375,65,47840
2025-07-04,argo,ireader.core.source,SourceFactory,selectorReturnerListType,8,0,0.0,3,0.8,0,14,7,0,11,0,8,0,0.0,0,0,0,11,0.0,2,2.2,3,0,0.0,0,0.026455026455026454,0.5357142857142857,232,102,0.35714285714285715,21,6,6,1,0,21,2,0,0,0,0,6,0,0,0,0,32,0.9259259259259259,32,1.1428571428571428,28,6,6,0,28,0,0,28,8,0,0,0,0,0,0,28,28,54,1346,1131,11,0,4,185,2.5,31,3,1370,156,375,65,47840
2025-07-04,argo,ireader.core.source,TestSource,getMangaDetails,1,2,0.0,2,1.0,1,13,4,0,6,0,1,0,0.0,0,0,1,6,0.0,0,2.25,2,1,0.0,0,0.0,0.6153846153846154,120,0,0.0,9,4,8,1,1,12,3,0,0,0,1,4,0,0,0,0,16,0.8974358974358975,16,1.2307692307692308,13,8,4,0,8,5,0,8,0,1,0,0,0,0,0,13,13,54,1346,1131,11,0,5,46,1.3636363636363635,31,3,1370,156,375,65,47840
2025-07-04,argo,ireader.core.source,TestSource,getMangaList,1,0,0.0,0,0.0,1,13,4,0,4,0,1,0,0.0,1,0,1,2,0.0,0,0.0,2,1,0.0,0,0.0,0.6153846153846154,120,0,0.0,9,4,8,1,1,12,3,0,0,0,1,4,0,0,0,0,16,0.8974358974358975,16,1.2307692307692308,13,8,4,0,8,5,0,8,0,1,0,0,0,0,0,13,13,54,1346,1131,11,0,5,46,1.3636363636363635,31,3,1370,156,375,65,47840
2025-07-04,argo,ireader.core.source,TestSource,getMangaList,2,1,0.0,1,1.0,1,13,4,0,7,0,2,1,0.0,1,0,1,4,0.0,0,2.0,2,1,0.0,0,0.0,0.6153846153846154,120,0,0.0,9,4,8,1,1,12,3,0,0,0,1,4,0,0,0,0,16,0.8974358974358975,16,1.2307692307692308,13,8,4,0,8,5,0,8,0,1,0,0,0,0,0,13,13,54,1346,1131,11,0,5,46,1.3636363636363635,31,3,1370,156,375,65,47840
2025-07-04,argo,ireader.core.source,TestSource,getChapterList,1,0,0.0,0,0.0,1,13,4,0,4,0,1,2,0.0,2,0,1,2,0.0,0,0.0,2,1,0.0,0,0.0,0.6153846153846154,120,0,0.0,9,4,8,1,1,12,3,0,0,0,1,4,0,0,0,0,16,0.8974358974358975,16,1.2307692307692308,13,8,4,0,8,5,0,8,0,1,0,0,0,0,0,13,13,54,1346,1131,11,0,5,46,1.3636363636363635,31,3,1370,156,375,65,47840
2025-07-04,argo,ireader.core.source,TestSource,getPageList,2,0,0.0,2,1.0,1,13,4,0,7,1,2,1,0.0,1,0,1,6,0.0,0,3.0,2,1,0.0,0,0.0,0.6153846153846154,120,0,0.0,9,4,8,1,1,12,3,0,0,0,1,4,0,0,0,0,16,0.8974358974358975,16,1.2307692307692308,13,8,4,0,8,5,0,8,0,1,0,0,0,0,0,13,13,54,1346,1131,11,0,5,46,1.3636363636363635,31,3,1370,156,375,65,47840
2025-07-04,argo,ireader.core.source,TestSource,getListings,1,0,0.0,0,0.0,1,13,4,0,3,0,1,0,0.0,0,0,0,1,0.0,0,0.0,0,0,0.0,0,0.0,0.6153846153846154,120,0,0.0,9,4,8,1,1,12,3,0,0,0,1,4,0,0,0,0,16,0.8974358974358975,16,1.2307692307692308,13,8,4,0,8,5,0,8,0,1,0,0,0,0,0,13,13,54,1346,1131,11,0,5,46,1.3636363636363635,31,3,1370,156,375,65,47840
2025-07-04,argo,ireader.core.source,TestSource,getFilters,1,0,0.0,1,1.0,1,13,4,0,3,0,1,0,0.0,1,0,0,3,0.0,3,2.0,0,0,0.0,0,0.0,0.6153846153846154,120,0,0.0,9,4,8,1,1,12,3,0,0,0,1,4,0,0,0,0,16,0.8974358974358975,16,1.2307692307692308,13,8,4,0,8,5,0,8,0,1,0,0,0,0,0,13,13,54,1346,1131,11,0,5,46,1.3636363636363635,31,3,1370,156,375,65,47840
2025-07-04,argo,ireader.core.source,TestSource,getCommands,1,0,0.0,1,1.0,1,13,4,0,3,0,1,0,0.0,0,0,0,5,0.0,0,3.0,0,0,0.0,0,0.0,0.6153846153846154,120,0,0.0,9,4,8,1,1,12,3,0,0,0,1,4,0,0,0,0,16,0.8974358974358975,16,1.2307692307692308,13,8,4,0,8,5,0,8,0,1,0,0,0,0,0,13,13,54,1346,1131,11,0,5,46,1.3636363636363635,31,3,1370,156,375,65,47840
2025-07-04,argo,ireader.core.source,TestSource,getGenreList,1,0,0.0,1,1.0,1,13,4,0,1,0,1,0,0.0,0,0,0,2,0.0,41,2.0,0,0,0.0,0,0.0,0.6153846153846154,120,0,0.0,9,4,8,1,1,12,3,0,0,0,1,4,0,0,0,0,16,0.8974358974358975,16,1.2307692307692308,13,8,4,0,8,5,0,8,0,1,0,0,0,0,0,13,13,54,1346,1131,11,0,5,46,1.3636363636363635,31,3,1370,156,375,65,47840
2025-07-04,argo,ireader.core.source,TestSource,getTestManga,2,3,0.0,1,1.0,1,13,4,0,10,1,2,0,0.5,0,1,1,5,0.5,1,2.5,1,0,0.0,0,0.0,0.6153846153846154,120,0,0.0,9,4,8,1,1,12,3,0,0,0,1,4,0,0,0,0,16,0.8974358974358975,16,1.2307692307692308,13,8,4,0,8,5,0,8,0,1,0,0,0,0,0,13,13,54,1346,1131,11,0,5,46,1.3636363636363635,31,3,1370,156,375,65,47840
2025-07-04,argo,ireader.core.source,TestSource,getTestChapters,3,4,0.0,4,1.0,1,13,4,0,19,1,3,0,0.6666666666666666,0,1,0,13,0.2,1,3.4166666666666665,1,0,0.0,0,0.0,0.6153846153846154,120,0,0.0,9,4,8,1,1,12,3,0,0,0,1,4,0,0,0,0,16,0.8974358974358975,16,1.2307692307692308,13,8,4,0,8,5,0,8,0,1,0,0,0,0,0,13,13,54,1346,1131,11,0,5,46,1.3636363636363635,31,3,1370,156,375,65,47840
2025-07-04,argo,ireader.core.source,TestSource,getTestChapters,1,4,0.0,2,1.0,1,13,4,0,7,0,1,0,1.0,0,1,0,6,0.25,1,2.4,0,0,0.0,0,0.0,0.6153846153846154,120,0,0.0,9,4,8,1,1,12,3,0,0,0,1,4,0,0,0,0,16,0.8974358974358975,16,1.2307692307692308,13,8,4,0,8,5,0,8,0,1,0,0,0,0,0,13,13,54,1346,1131,11,0,5,46,1.3636363636363635,31,3,1370,156,375,65,47840
2025-07-04,argo,ireader.core.source,TestSource,getTestPages,2,1,0.0,2,1.0,1,13,4,0,8,1,2,0,1.0,0,1,0,6,1.0,0,2.75,0,0,0.0,0,0.0,0.6153846153846154,120,0,0.0,9,4,8,1,1,12,3,0,0,0,1,4,0,0,0,0,16,0.8974358974358975,16,1.2307692307692308,13,8,4,0,8,5,0,8,0,1,0,0,0,0,0,13,13,54,1346,1131,11,0,5,46,1.3636363636363635,31,3,1370,156,375,65,47840
2025-07-04,argo,ireader.core.source.model,Command,isDefaultValue,1,0,0.0,0,0.0,0,1,2,0,3,0,1,0,1.0,0,1,0,0,1.0,0,0.0,0,0,0.0,0,0.0,1.0,31,0,0.0,0,1,0,0,1,1,0,0,0,0,1,1,0,0,0,0,1,0.0,1,1.0,1,0,1,0,1,0,0,1,0,1,0,0,0,0,0,1,1,54,1346,1131,17,0,0,0,1.0,2,0,298,156,375,2,47840
2025-07-04,argo,ireader.core.source.model,Filter,isDefaultValue,1,0,0.0,0,0.0,0,1,11,0,3,0,1,0,1.0,0,1,0,0,1.0,0,0.0,0,0,0.0,0,0.0,1.0,29,0,0.0,0,1,0,0,1,1,0,0,0,0,1,1,0,0,0,0,1,0.0,1,1.0,1,0,1,0,1,0,0,1,0,1,0,0,0,0,0,1,1,54,1346,1131,17,0,0,0,1.0,2,0,298,156,375,2,47840
2025-07-04,argo,ireader.core.http,BrowserEngine,fetch,1,0,0.0,1,1.0,1,0,1,0,3,0,1,0,0.0,0,0,0,3,0.0,0,4.0,5,0,0.0,0,0.0,0.0,5,3,0.0,1,0,1,1,0,5,0,0,0,0,0,0,0,0,0,0,1,0.0,1,1.0,1,1,0,0,1,0,0,1,0,1,0,0,0,0,0,1,1,54,1346,1131,32,0,0,3,1.0,77,3,1719,156,375,62,47840
2025-07-04,argo,ireader.core.http,CookieManager,saveFromResponse,5,4,1.0,4,1.0,0,0,1,0,15,2,5,0,0.5,1,1,2,12,0.17,2,2.272727272727273,2,1,0.0,0,0.5,0.75,45,28,0.5,4,1,2,1,0,2,2,0,1,0,0,1,0,0,0,0,6,0.8333333333333334,6,1.5,4,2,1,0,3,1,0,3,2,1,0,0,0,0,0,4,4,54,1346,1131,32,0,3,20,2.5,77,3,1719,156,375,62,47840
2025-07-04,argo,ireader.core.http,CookieManager,loadForRequest,3,1,1.0,2,1.0,0,0,1,0,8,0,3,0,0.3333333333333333,1,1,0,5,0.5,0,2.4,1,0,0.0,0,0.5,0.75,45,28,0.5,4,1,2,1,0,2,2,0,1,0,0,1,0,0,0,0,6,0.8333333333333334,6,1.5,4,2,1,0,3,1,0,3,2,1,0,0,0,0,0,4,4,54,1346,1131,32,0,3,20,2.5,77,3,1719,156,375,62,47840
2025-07-04,argo,ireader.core.http,CookieManager,clear,1,0,0.0,0,0.0,0,0,1,0,4,0,1,0,1.0,1,1,1,2,1.0,1,2.0,0,1,0.0,0,0.5,0.75,45,28,0.5,4,1,2,1,0,2,2,0,1,0,0,1,0,0,0,0,6,0.8333333333333334,6,1.5,4,2,1,0,3,1,0,3,2,1,0,0,0,0,0,4,4,54,1346,1131,32,0,3,20,2.5,77,3,1719,156,375,62,47840
2025-07-04,argo,ireader.core.http,CookieManager,hasExpired,1,0,0.0,1,1.0,0,0,1,0,1,0,1,0,0.0,0,0,0,1,0.0,1,2.0,0,0,0.0,0,0.5,0.75,45,28,0.5,4,1,2,1,0,2,2,0,1,0,0,1,0,0,0,0,6,0.8333333333333334,6,1.5,4,2,1,0,3,1,0,3,2,1,0,0,0,0,0,4,4,54,1346,1131,32,0,3,20,2.5,77,3,1719,156,375,62,47840
2025-07-04,argo,ireader.core.http,PersistentCookieJar,saveFromResponse,1,0,0.0,1,1.0,0,0,1,0,3,0,1,0,0.3333333333333333,0,1,0,1,0.5,1,2.0,2,0,0.0,0,1.0,0.5,12,7,0.0,2,1,2,1,1,2,1,0,1,0,2,3,0,0,0,0,2,1.0,2,1.0,2,2,1,0,2,0,0,2,2,1,0,0,0,0,0,2,2,54,1346,1131,32,0,0,2,1.0,77,3,1719,156,375,62,47840
2025-07-04,argo,ireader.core.http,PersistentCookieJar,loadForRequest,1,1,0.0,1,1.0,0,0,1,0,4,0,1,0,0.5,0,1,0,1,0.5,1,2.0,1,0,0.0,0,1.0,0.5,12,7,0.0,2,1,2,1,1,2,1,0,1,0,2,3,0,0,0,0,2,1.0,2,1.0,2,2,1,0,2,0,0,2,2,1,0,0,0,0,0,2,2,54,1346,1131,32,0,0,2,1.0,77,3,1719,156,375,62,47840
2025-07-04,argo,ireader.core.http,WebViewManger,init,1,0,0.0,0,0.0,0,0,1,0,3,0,1,0,0.0,0,0,0,0,0.0,0,0.0,0,0,0.0,0,0.0,0.0,31,3,0.0,3,6,0,0,0,1,0,0,0,0,8,6,0,0,14,0,1,1.0,3,1.0,3,0,6,0,3,0,0,3,0,1,0,0,0,0,0,3,3,54,1346,1131,32,0,0,0,1.0,77,3,1719,156,375,62,47840
2025-07-04,argo,ireader.core.http,WebViewManger,update,0,0,0.0,0,0.0,0,0,1,0,0,0,0,0,0.0,0,0,0,0,0.0,0,0.0,0,0,0.0,0,0.0,0.0,31,3,0.0,3,6,0,0,0,1,0,0,0,0,8,6,0,0,14,0,1,1.0,3,1.0,3,0,6,0,3,0,0,3,0,1,0,0,0,0,0,3,3,54,1346,1131,32,0,0,0,1.0,77,3,1719,156,375,62,47840
2025-07-04,argo,ireader.core.http,WebViewManger,destroy,0,0,0.0,0,0.0,0,0,1,0,0,0,0,0,0.0,0,0,0,0,0.0,0,0.0,0,0,0.0,0,0.0,0.0,31,3,0.0,3,6,0,0,0,1,0,0,0,0,8,6,0,0,14,0,1,1.0,3,1.0,3,0,6,0,3,0,0,3,0,1,0,0,0,0,0,3,3,54,1346,1131,32,0,0,0,1.0,77,3,1719,156,375,62,47840
2025-07-04,argo,ireader.core.http,JS,evaluateAsString,1,0,0.0,1,1.0,0,0,1,1,3,0,1,0,0.0,0,0,0,1,0.0,1,2.0,1,0,0.0,0,0.0,0.0,21,15,0.0,5,0,1,1,0,4,1,0,0,0,0,0,0,0,0,0,5,0.4,5,1.0,5,1,0,0,5,0,0,5,0,1,0,0,0,0,0,5,5,54,1346,1131,32,0,1,5,1.0,77,3,1719,156,375,62,47840
2025-07-04,argo,ireader.core.http,JS,evaluateAsInt,1,0,0.0,1,1.0,0,0,1,1,3,0,1,0,0.0,0,0,0,1,0.0,1,2.0,1,0,0.0,0,0.0,0.0,21,15,0.0,5,0,1,1,0,4,1,0,0,0,0,0,0,0,0,0,5,0.4,5,1.0,5,1,0,0,5,0,0,5,0,1,0,0,0,0,0,5,5,54,1346,1131,32,0,1,5,1.0,77,3,1719,156,375,62,47840
2025-07-04,argo,ireader.core.http,JS,evaluateAsDouble,1,0,0.0,1,1.0,0,0,1,1,3,0,1,0,0.0,0,0,0,1,0.0,1,2.0,1,0,0.0,0,0.0,0.0,21,15,0.0,5,0,1,1,0,4,1,0,0,0,0,0,0,0,0,0,5,0.4,5,1.0,5,1,0,0,5,0,0,5,0,1,0,0,0,0,0,5,5,54,1346,1131,32,0,1,5,1.0,77,3,1719,156,375,62,47840
2025-07-04,argo,ireader.core.http,JS,evaluateAsBoolean,1,0,0.0,1,1.0,0,0,1,1,3,0,1,0,0.0,0,0,0,1,0.0,1,2.0,1,0,0.0,0,0.0,0.0,21,15,0.0,5,0,1,1,0,4,1,0,0,0,0,0,0,0,0,0,5,0.4,5,1.0,5,1,0,0,5,0,0,5,0,1,0,0,0,0,0,5,5,54,1346,1131,32,0,1,5,1.0,77,3,1719,156,375,62,47840
2025-07-04,argo,ireader.core.http,JS,close,1,0,0.0,0,0.0,0,0,1,1,3,0,1,0,0.0,1,0,1,1,0.0,1,2.0,0,1,0.0,0,0.0,0.0,21,15,0.0,5,0,1,1,0,4,1,0,0,0,0,0,0,0,0,0,5,0.4,5,1.0,5,1,0,0,5,0,0,5,0,1,0,0,0,0,0,5,5,54,1346,1131,32,0,1,5,1.0,77,3,1719,156,375,62,47840
2025-07-04,argo,ireader.core.http,JSFactory,create,1,0,0.0,0,0.0,0,0,1,0,3,0,1,0,0.0,1,0,0,1,0.0,1,2.0,0,0,0.0,0,0.0,0.0,5,3,0.0,1,0,0,0,0,1,0,0,0,0,0,0,0,0,0,0,1,0.0,1,1.0,1,0,0,0,1,0,0,1,1,1,0,0,0,0,0,1,1,54,1346,1131,32,0,0,1,1.0,77,3,1719,156,375,62,47840
