Extraction Date,Project,Package,Class,Method,CYCLO_method,NOLV_method,CLNAMM_method,CINT_method,CDISP_method,NOII_type,NOAM_type,NOCS_type,number_constructor_NotDefaultConstructor,LOC_method,MAXNESTING_method,CC_method,NMCS_method,LAA_method,CM_method,NOAV_method,ATFD_method,FANOUT_method,ATLD_method,MaMCL_method,MeMCL_method,NOP_method,FDP_method,CFNAMM_method,Number_Final_Not_Static_Methods,TCC_type,WOC_type,LOC_type,LOCNAMM_type,CFNAMM_type,NOMNAMM_type,NOA_type,NIM_type,DIT_type,NOPA_type,CBO_type,RFC_type,isStatic_type,number_private_visibility_attributes,number_protected_visibility_attributes,number_package_visibility_attributes,num_final_attributes,num_static_attributes,num_final_static_attributes,num_not_final_not_static_attributes,NOC_type,WMC_type,LCOM5_type,WMCNAMM_type,AMW_type,NOM_type,NMO_type,num_final_not_static_attributes,num_static_not_final_attributes,number_public_visibility_methods,number_private_visibility_methods,number_protected_visibility_methods,number_package_visibility_methods,number_standard_design_methods,number_constructor_DefaultConstructor_methods,number_final_methods,number_abstract_methods,number_static_methods,number_final_static_methods,number_not_final_static_methods,number_not_final_not_static_methods,number_not_abstract_not_final_methods,NOI_project,NOM_project,NOMNAMM_project,NOCS_package,isStatic_method,ATFD_type,FANOUT_type,AMWNAMM_type,NOMNAMM_Package,NOI_Package,LOC_package,NOPK_project,NOCS_project,NOM_package,LOC_project
2025-07-04,argo,com.rmnivnv.cryptomoon,CMApp,onCreate,2,0,0.0,4,1.0,1,0,1,0,7,1,2,0,0.0,1,0,3,7,0.0,4,2.6,0,3,0.0,0,0.0,0.25,22,15,0.0,4,1,4,3,0,2,4,0,0,0,0,0,0,0,1,0,5,1.0,5,1.25,4,4,1,0,4,0,0,4,1,1,0,0,0,0,0,4,4,19,462,334,1,0,4,9,1.25,4,0,48,20,82,4,4360
2025-07-04,argo,com.rmnivnv.cryptomoon,CMApp,activityInjector,1,0,0.0,0,0.0,1,0,1,0,1,0,1,0,1.0,0,1,0,0,1.0,0,0.0,0,0,0.0,0,0.0,0.25,22,15,0.0,4,1,4,3,0,2,4,0,0,0,0,0,0,0,1,0,5,1.0,5,1.25,4,4,1,0,4,0,0,4,1,1,0,0,0,0,0,4,4,19,462,334,1,0,4,9,1.25,4,0,48,20,82,4,4360
2025-07-04,argo,com.rmnivnv.cryptomoon,CMApp,attachBaseContext,1,0,0.0,0,0.0,1,0,1,0,3,0,1,0,0.0,1,0,0,1,0.0,0,3.0,1,0,0.0,0,0.0,0.25,22,15,0.0,4,1,4,3,0,2,4,0,0,0,0,0,0,0,1,0,5,1.0,5,1.25,4,4,1,0,4,0,0,4,1,1,0,0,0,0,0,4,4,19,462,334,1,0,4,9,1.25,4,0,48,20,82,4,4360
2025-07-04,argo,com.rmnivnv.cryptomoon,CMApp,onConfigurationChanged,1,0,0.0,1,1.0,1,0,1,0,4,0,1,0,0.0,1,0,1,1,0.0,1,2.0,1,1,0.0,0,0.0,0.25,22,15,0.0,4,1,4,3,0,2,4,0,0,0,0,0,0,0,1,0,5,1.0,5,1.25,4,4,1,0,4,0,0,4,1,1,0,0,0,0,0,4,4,19,462,334,1,0,4,9,1.25,4,0,48,20,82,4,4360
2025-07-04,argo,com.rmnivnv.cryptomoon.base,BaseActivity,attachBaseContext,1,0,0.0,0,0.0,1,0,1,0,3,0,1,0,0.0,1,0,0,1,0.0,0,3.0,1,0,0.0,0,0.0,0.0,5,3,0.0,1,0,1,1,0,1,0,0,0,0,0,0,0,0,0,0,1,0.0,1,1.0,1,1,0,0,1,0,0,1,0,0,0,0,0,0,0,1,1,19,462,334,1,0,0,1,1.0,1,0,18,20,82,1,4360
2025-07-04,argo,com.rmnivnv.cryptomoon.di,AppModule,provideAppContext,1,0,0.0,0,0.0,0,0,1,0,1,0,1,0,0.0,0,0,0,0,0.0,0,0.0,1,0,0.0,0,0.0,0.0,33,19,0.0,13,0,0,0,0,7,0,0,0,0,0,0,0,0,0,0,13,1.0,13,1.0,13,0,0,0,13,0,0,13,2,1,0,0,0,0,0,13,13,19,462,334,6,0,0,15,1.0,25,1,213,20,82,17,4360
2025-07-04,argo,com.rmnivnv.cryptomoon.di,AppModule,provideDatabase,1,0,0.0,1,1.0,0,0,1,0,3,0,1,0,0.0,0,0,0,4,0.0,0,2.3333333333333335,1,0,0.0,0,0.0,0.0,33,19,0.0,13,0,0,0,0,7,0,0,0,0,0,0,0,0,0,0,13,1.0,13,1.0,13,0,0,0,13,0,0,13,2,1,0,0,0,0,0,13,13,19,462,334,6,0,0,15,1.0,25,1,213,20,82,17,4360
2025-07-04,argo,com.rmnivnv.cryptomoon.di,AppModule,provideDBController,1,0,0.0,0,0.0,0,0,1,0,1,0,1,0,0.0,0,0,0,1,0.0,0,0.0,1,0,0.0,0,0.0,0.0,33,19,0.0,13,0,0,0,0,7,0,0,0,0,0,0,0,0,0,0,13,1.0,13,1.0,13,0,0,0,13,0,0,13,2,1,0,0,0,0,0,13,13,19,462,334,6,0,0,15,1.0,25,1,213,20,82,17,4360
2025-07-04,argo,com.rmnivnv.cryptomoon.di,AppModule,provideResourceProvider,1,0,0.0,0,0.0,0,0,1,0,3,0,1,0,0.0,0,0,0,1,0.0,0,0.0,1,0,0.0,0,0.0,0.0,33,19,0.0,13,0,0,0,0,7,0,0,0,0,0,0,0,0,0,0,13,1.0,13,1.0,13,0,0,0,13,0,0,13,2,1,0,0,0,0,0,13,13,19,462,334,6,0,0,15,1.0,25,1,213,20,82,17,4360
2025-07-04,argo,com.rmnivnv.cryptomoon.di,AppModule,provideCoinsController,1,0,0.0,0,0.0,0,0,1,0,1,0,1,0,0.0,0,0,0,1,0.0,0,0.0,2,0,0.0,0,0.0,0.0,33,19,0.0,13,0,0,0,0,7,0,0,0,0,0,0,0,0,0,0,13,1.0,13,1.0,13,0,0,0,13,0,0,13,2,1,0,0,0,0,0,13,13,19,462,334,6,0,0,15,1.0,25,1,213,20,82,17,4360
2025-07-04,argo,com.rmnivnv.cryptomoon.di,AppModule,provideMultiSelector,1,0,0.0,0,0.0,0,0,1,0,1,0,1,0,0.0,0,0,0,1,0.0,0,0.0,1,0,0.0,0,0.0,0.0,33,19,0.0,13,0,0,0,0,7,0,0,0,0,0,0,0,0,0,0,13,1.0,13,1.0,13,0,0,0,13,0,0,13,2,1,0,0,0,0,0,13,13,19,462,334,6,0,0,15,1.0,25,1,213,20,82,17,4360
2025-07-04,argo,com.rmnivnv.cryptomoon.di,AppModule,providePageController,1,0,0.0,0,0.0,0,0,1,0,1,0,1,0,0.0,0,0,0,1,0.0,0,0.0,0,0,0.0,0,0.0,0.0,33,19,0.0,13,0,0,0,0,7,0,0,0,0,0,0,0,0,0,0,13,1.0,13,1.0,13,0,0,0,13,0,0,13,2,1,0,0,0,0,0,13,13,19,462,334,6,0,0,15,1.0,25,1,213,20,82,17,4360
2025-07-04,argo,com.rmnivnv.cryptomoon.di,AppModule,provideGraphMaker,1,0,0.0,0,0.0,0,0,1,0,1,0,1,0,0.0,0,0,0,1,0.0,0,0.0,1,0,0.0,0,0.0,0.0,33,19,0.0,13,0,0,0,0,7,0,0,0,0,0,0,0,0,0,0,13,1.0,13,1.0,13,0,0,0,13,0,0,13,2,1,0,0,0,0,0,13,13,19,462,334,6,0,0,15,1.0,25,1,213,20,82,17,4360
2025-07-04,argo,com.rmnivnv.cryptomoon.di,AppModule,providePieMaker,1,0,0.0,0,0.0,0,0,1,0,3,0,1,0,0.0,0,0,0,1,0.0,0,0.0,2,0,0.0,0,0.0,0.0,33,19,0.0,13,0,0,0,0,7,0,0,0,0,0,0,0,0,0,0,13,1.0,13,1.0,13,0,0,0,13,0,0,13,2,1,0,0,0,0,0,13,13,19,462,334,6,0,0,15,1.0,25,1,213,20,82,17,4360
2025-07-04,argo,com.rmnivnv.cryptomoon.di,AppModule,provideHoldingsHandler,1,0,0.0,0,0.0,0,0,1,0,1,0,1,0,0.0,0,0,0,1,0.0,0,0.0,1,0,0.0,0,0.0,0.0,33,19,0.0,13,0,0,0,0,7,0,0,0,0,0,0,0,0,0,0,13,1.0,13,1.0,13,0,0,0,13,0,0,13,2,1,0,0,0,0,0,13,13,19,462,334,6,0,0,15,1.0,25,1,213,20,82,17,4360
2025-07-04,argo,com.rmnivnv.cryptomoon.di,AppModule,provideLogger,1,0,0.0,0,0.0,0,0,1,0,1,0,1,0,0.0,0,0,0,1,0.0,0,0.0,1,0,0.0,0,0.0,0.0,33,19,0.0,13,0,0,0,0,7,0,0,0,0,0,0,0,0,0,0,13,1.0,13,1.0,13,0,0,0,13,0,0,13,2,1,0,0,0,0,0,13,13,19,462,334,6,0,0,15,1.0,25,1,213,20,82,17,4360
2025-07-04,argo,com.rmnivnv.cryptomoon.di,AppModule,provideToaster,1,0,0.0,0,0.0,0,0,1,0,1,0,1,0,0.0,0,0,0,1,0.0,0,0.0,1,0,0.0,0,0.0,0.0,33,19,0.0,13,0,0,0,0,7,0,0,0,0,0,0,0,0,0,0,13,1.0,13,1.0,13,0,0,0,13,0,0,13,2,1,0,0,0,0,0,13,13,19,462,334,6,0,0,15,1.0,25,1,213,20,82,17,4360
2025-07-04,argo,com.rmnivnv.cryptomoon.di,AppModule,providePreferences,1,0,0.0,0,0.0,0,0,1,0,1,0,1,0,0.0,0,0,0,1,0.0,0,0.0,1,0,0.0,0,0.0,0.0,33,19,0.0,13,0,0,0,0,7,0,0,0,0,0,0,0,0,0,0,13,1.0,13,1.0,13,0,0,0,13,0,0,13,2,1,0,0,0,0,0,13,13,19,462,334,6,0,0,15,1.0,25,1,213,20,82,17,4360
2025-07-04,argo,com.rmnivnv.cryptomoon.di,NetworkModule,provideRetrofit,1,0,0.0,1,1.0,0,0,1,0,1,0,1,0,0.0,0,0,0,7,0.0,0,8.0,0,0,0.0,0,0.0,0.25,14,9,0.0,4,0,0,0,0,3,0,0,0,0,0,0,0,0,0,0,4,1.0,4,1.0,4,0,0,0,4,0,0,4,1,1,0,0,0,0,0,4,4,19,462,334,6,0,0,18,1.0,25,1,213,20,82,17,4360
2025-07-04,argo,com.rmnivnv.cryptomoon.di,NetworkModule,provideCrComApi,1,0,0.0,1,1.0,0,0,1,0,3,0,1,0,0.0,0,0,0,2,0.0,0,3.0,1,0,0.0,0,0.0,0.25,14,9,0.0,4,0,0,0,0,3,0,0,0,0,0,0,0,0,0,0,4,1.0,4,1.0,4,0,0,0,4,0,0,4,1,1,0,0,0,0,0,4,4,19,462,334,6,0,0,18,1.0,25,1,213,20,82,17,4360
2025-07-04,argo,com.rmnivnv.cryptomoon.di,NetworkModule,provideCoinMarketCapCoroutineApi,1,1,0.0,2,1.0,0,0,1,0,4,0,1,0,0.0,0,0,0,8,0.0,0,5.0,0,0,0.0,0,0.0,0.25,14,9,0.0,4,0,0,0,0,3,0,0,0,0,0,0,0,0,0,0,4,1.0,4,1.0,4,0,0,0,4,0,0,4,1,1,0,0,0,0,0,4,4,19,462,334,6,0,0,18,1.0,25,1,213,20,82,17,4360
2025-07-04,argo,com.rmnivnv.cryptomoon.di,NetworkModule,provideNetworkRequests,1,0,0.0,0,0.0,0,0,1,0,1,0,1,0,0.0,0,0,0,1,0.0,0,0.0,1,0,0.0,0,0.0,0.25,14,9,0.0,4,0,0,0,0,3,0,0,0,0,0,0,0,0,0,0,4,1.0,4,1.0,4,0,0,0,4,0,0,4,1,1,0,0,0,0,0,4,4,19,462,334,6,0,0,18,1.0,25,1,213,20,82,17,4360
2025-07-04,argo,com.rmnivnv.cryptomoon.model,CoinsController,saveCoin,2,0,1.0,1,1.0,0,1,1,0,6,1,2,1,0.3333333333333333,2,1,1,2,1.0,1,2.0,1,1,0.0,0,0.23076923076923078,0.5384615384615384,63,39,0.25,13,2,0,0,0,7,4,0,2,0,0,0,0,0,2,0,16,0.9102564102564102,16,1.2307692307692308,13,0,2,0,11,2,0,11,4,1,0,0,0,0,0,13,13,19,462,334,17,0,7,13,1.2307692307692308,18,0,649,20,82,37,4360
2025-07-04,argo,com.rmnivnv.cryptomoon.model,CoinsController,addAdditionalInfoToCoin,1,0,2.0,0,0.0,0,1,1,0,4,0,1,2,0.0,2,0,2,0,0.0,0,0.0,1,2,0.0,0,0.23076923076923078,0.5384615384615384,63,39,0.25,13,2,0,0,0,7,4,0,2,0,0,0,0,0,2,0,16,0.9102564102564102,16,1.2307692307692308,13,0,2,0,11,2,0,11,4,1,0,0,0,0,0,13,13,19,462,334,17,0,7,13,1.2307692307692308,18,0,649,20,82,37,4360
2025-07-04,argo,com.rmnivnv.cryptomoon.model,CoinsController,addImageUrlToCoin,1,0,0.0,0,0.0,0,1,1,0,3,0,1,0,0.3333333333333333,0,1,0,0,1.0,0,2.0,1,0,0.0,0,0.23076923076923078,0.5384615384615384,63,39,0.25,13,2,0,0,0,7,4,0,2,0,0,0,0,0,2,0,16,0.9102564102564102,16,1.2307692307692308,13,0,2,0,11,2,0,11,4,1,0,0,0,0,0,13,13,19,462,334,17,0,7,13,1.2307692307692308,18,0,649,20,82,37,4360
2025-07-04,argo,com.rmnivnv.cryptomoon.model,CoinsController,addFullNameToCoin,1,0,0.0,0,0.0,0,1,1,0,3,0,1,0,0.3333333333333333,0,1,0,0,1.0,0,2.0,1,0,0.0,0,0.23076923076923078,0.5384615384615384,63,39,0.25,13,2,0,0,0,7,4,0,2,0,0,0,0,0,2,0,16,0.9102564102564102,16,1.2307692307692308,13,0,2,0,11,2,0,11,4,1,0,0,0,0,0,13,13,19,462,334,17,0,7,13,1.2307692307692308,18,0,649,20,82,37,4360
2025-07-04,argo,com.rmnivnv.cryptomoon.model,CoinsController,saveCoinsList,2,0,1.0,2,1.0,0,1,1,0,6,1,2,1,0.25,2,1,1,4,1.0,2,2.0,1,1,0.0,0,0.23076923076923078,0.5384615384615384,63,39,0.25,13,2,0,0,0,7,4,0,2,0,0,0,0,0,2,0,16,0.9102564102564102,16,1.2307692307692308,13,0,2,0,11,2,0,11,4,1,0,0,0,0,0,13,13,19,462,334,17,0,7,13,1.2307692307692308,18,0,649,20,82,37,4360
2025-07-04,argo,com.rmnivnv.cryptomoon.model,CoinsController,deleteCoin,1,0,0.0,0,0.0,0,1,1,0,1,0,1,0,0.0,1,0,0,1,0.0,1,2.0,1,0,0.0,0,0.23076923076923078,0.5384615384615384,63,39,0.25,13,2,0,0,0,7,4,0,2,0,0,0,0,0,2,0,16,0.9102564102564102,16,1.2307692307692308,13,0,2,0,11,2,0,11,4,1,0,0,0,0,0,13,13,19,462,334,17,0,7,13,1.2307692307692308,18,0,649,20,82,37,4360
2025-07-04,argo,com.rmnivnv.cryptomoon.model,CoinsController,deleteCoins,1,0,0.0,0,0.0,0,1,1,0,1,0,1,0,0.0,1,0,0,1,0.0,1,2.0,1,0,0.0,0,0.23076923076923078,0.5384615384615384,63,39,0.25,13,2,0,0,0,7,4,0,2,0,0,0,0,0,2,0,16,0.9102564102564102,16,1.2307692307692308,13,0,2,0,11,2,0,11,4,1,0,0,0,0,0,13,13,19,462,334,17,0,7,13,1.2307692307692308,18,0,649,20,82,37,4360
2025-07-04,argo,com.rmnivnv.cryptomoon.model,CoinsController,saveAllCoinsInfo,1,0,0.0,0,0.0,0,1,1,0,3,0,1,0,1.0,1,0,1,1,1.0,1,2.0,1,1,0.0,0,0.23076923076923078,0.5384615384615384,63,39,0.25,13,2,0,0,0,7,4,0,2,0,0,0,0,0,2,0,16,0.9102564102564102,16,1.2307692307692308,13,0,2,0,11,2,0,11,4,1,0,0,0,0,0,13,13,19,462,334,17,0,7,13,1.2307692307692308,18,0,649,20,82,37,4360
2025-07-04,argo,com.rmnivnv.cryptomoon.model,CoinsController,getCoin,1,0,0.0,0,0.0,0,1,1,0,1,0,1,0,0.0,1,0,0,1,0.0,1,2.0,2,0,0.0,0,0.23076923076923078,0.5384615384615384,63,39,0.25,13,2,0,0,0,7,4,0,2,0,0,0,0,0,2,0,16,0.9102564102564102,16,1.2307692307692308,13,0,2,0,11,2,0,11,4,1,0,0,0,0,0,13,13,19,462,334,17,0,7,13,1.2307692307692308,18,0,649,20,82,37,4360
2025-07-04,argo,com.rmnivnv.cryptomoon.model,CoinsController,saveTopCoinsList,1,0,0.0,0,0.0,0,1,1,0,4,0,1,0,0.3333333333333333,1,1,2,1,1.0,1,2.0,1,2,0.0,0,0.23076923076923078,0.5384615384615384,63,39,0.25,13,2,0,0,0,7,4,0,2,0,0,0,0,0,2,0,16,0.9102564102564102,16,1.2307692307692308,13,0,2,0,11,2,0,11,4,1,0,0,0,0,0,13,13,19,462,334,17,0,7,13,1.2307692307692308,18,0,649,20,82,37,4360
2025-07-04,argo,com.rmnivnv.cryptomoon.model,CoinsController,coinIsAdded,2,0,0.0,1,1.0,0,1,1,0,6,1,2,0,0.6666666666666666,0,1,0,1,1.0,1,2.0,1,0,0.0,0,0.23076923076923078,0.5384615384615384,63,39,0.25,13,2,0,0,0,7,4,0,2,0,0,0,0,0,2,0,16,0.9102564102564102,16,1.2307692307692308,13,0,2,0,11,2,0,11,4,1,0,0,0,0,0,13,13,19,462,334,17,0,7,13,1.2307692307692308,18,0,649,20,82,37,4360
2025-07-04,argo,com.rmnivnv.cryptomoon.model,CoinsController,coinAlreadyAdded,1,0,0.0,0,0.0,0,1,1,0,1,0,1,0,0.5,0,1,0,0,1.0,0,2.0,1,0,0.0,0,0.23076923076923078,0.5384615384615384,63,39,0.25,13,2,0,0,0,7,4,0,2,0,0,0,0,0,2,0,16,0.9102564102564102,16,1.2307692307692308,13,0,2,0,11,2,0,11,4,1,0,0,0,0,0,13,13,19,462,334,17,0,7,13,1.2307692307692308,18,0,649,20,82,37,4360
2025-07-04,argo,com.rmnivnv.cryptomoon.model,CoinsController,allInfoCoinsIsEmpty,1,0,0.0,1,1.0,0,1,1,0,1,0,1,0,1.0,0,1,0,1,1.0,1,2.0,0,0,0.0,0,0.23076923076923078,0.5384615384615384,63,39,0.25,13,2,0,0,0,7,4,0,2,0,0,0,0,0,2,0,16,0.9102564102564102,16,1.2307692307692308,13,0,2,0,11,2,0,11,4,1,0,0,0,0,0,13,13,19,462,334,17,0,7,13,1.2307692307692308,18,0,649,20,82,37,4360
2025-07-04,argo,com.rmnivnv.cryptomoon.model,GraphMaker,makeChart,1,3,0.0,2,1.0,0,1,1,0,8,0,1,1,0.0,1,0,2,9,0.0,1,2.0,2,2,0.0,0,0.0,1.0,21,8,0.0,2,0,0,0,0,4,3,0,0,0,0,0,0,0,0,0,2,1.0,2,1.0,2,0,0,0,1,1,0,1,1,1,0,0,0,0,0,2,2,19,462,334,17,0,5,20,1.0,18,0,649,20,82,37,4360
2025-07-04,argo,com.rmnivnv.cryptomoon.model,GraphMaker,setupDataSetParams,1,0,0.0,5,0.2,0,1,1,0,10,0,1,0,0.0,0,0,3,11,0.0,1,2.6666666666666665,1,1,0.0,0,0.0,1.0,21,8,0.0,2,0,0,0,0,4,3,0,0,0,0,0,0,0,0,0,2,1.0,2,1.0,2,0,0,0,1,1,0,1,1,1,0,0,0,0,0,2,2,19,462,334,17,0,5,20,1.0,18,0,649,20,82,37,4360
2025-07-04,argo,com.rmnivnv.cryptomoon.model,HoldingsHandler,getTotalChangePercent,3,4,0.0,2,1.0,0,10,1,0,12,0,3,2,1.0,2,2,0,6,0.5,0,2.0,0,0,0.0,0,0.5303030303030303,1.0,87,9,0.0,3,2,0,0,0,4,2,0,2,0,0,0,0,0,2,0,18,0.40909090909090906,18,1.5,12,0,2,0,10,2,0,10,0,1,0,0,0,0,0,12,12,19,462,334,17,0,0,29,1.75,18,0,649,20,82,37,4360
2025-07-04,argo,com.rmnivnv.cryptomoon.model,HoldingsHandler,getTotalValueWithTradePrice,1,1,0.0,2,1.0,0,10,1,0,5,0,1,0,1.0,0,1,0,6,1.0,1,2.25,0,0,0.0,0,0.5303030303030303,1.0,87,9,0.0,3,2,0,0,0,4,2,0,2,0,0,0,0,0,2,0,18,0.40909090909090906,18,1.5,12,0,2,0,10,2,0,10,0,1,0,0,0,0,0,12,12,19,462,334,17,0,0,29,1.75,18,0,649,20,82,37,4360
2025-07-04,argo,com.rmnivnv.cryptomoon.model,HoldingsHandler,calculateChangePercent,3,0,0.0,0,0.0,0,10,1,0,1,1,3,0,0.0,0,0,0,1,0.0,0,0.0,2,0,0.0,0,0.5303030303030303,1.0,87,9,0.0,3,2,0,0,0,4,2,0,2,0,0,0,0,0,2,0,18,0.40909090909090906,18,1.5,12,0,2,0,10,2,0,10,0,1,0,0,0,0,0,12,12,19,462,334,17,0,0,29,1.75,18,0,649,20,82,37,4360
2025-07-04,argo,com.rmnivnv.cryptomoon.model,HoldingsHandler,getTotalChangeValue,1,0,0.0,0,0.0,0,10,1,0,1,0,1,2,0.0,2,0,0,0,0.0,0,0.0,0,0,0.0,0,0.5303030303030303,1.0,87,9,0.0,3,2,0,0,0,4,2,0,2,0,0,0,0,0,2,0,18,0.40909090909090906,18,1.5,12,0,2,0,10,2,0,10,0,1,0,0,0,0,0,12,12,19,462,334,17,0,0,29,1.75,18,0,649,20,82,37,4360
2025-07-04,argo,com.rmnivnv.cryptomoon.model,HoldingsHandler,getTotalValueWithCurrentPrice,2,2,0.0,3,1.0,0,10,1,0,10,1,2,0,1.0,0,2,0,5,2.0,1,2.0,0,0,0.0,0,0.5303030303030303,1.0,87,9,0.0,3,2,0,0,0,4,2,0,2,0,0,0,0,0,2,0,18,0.40909090909090906,18,1.5,12,0,2,0,10,2,0,10,0,1,0,0,0,0,0,12,12,19,462,334,17,0,0,29,1.75,18,0,649,20,82,37,4360
2025-07-04,argo,com.rmnivnv.cryptomoon.model,HoldingsHandler,getTotalValueWithCurrentPriceByHoldingData,2,1,0.0,0,0.0,0,10,1,0,7,1,2,0,0.25,0,1,0,1,0.5,0,2.0,1,0,0.0,0,0.5303030303030303,1.0,87,9,0.0,3,2,0,0,0,4,2,0,2,0,0,0,0,0,2,0,18,0.40909090909090906,18,1.5,12,0,2,0,10,2,0,10,0,1,0,0,0,0,0,12,12,19,462,334,17,0,0,29,1.75,18,0,649,20,82,37,4360
2025-07-04,argo,com.rmnivnv.cryptomoon.model,HoldingsHandler,getChangePercentByHoldingData,2,3,0.0,0,0.0,0,10,1,0,9,1,2,1,0.16666666666666666,1,1,0,2,0.25,0,2.0,1,0,0.0,0,0.5303030303030303,1.0,87,9,0.0,3,2,0,0,0,4,2,0,2,0,0,0,0,0,2,0,18,0.40909090909090906,18,1.5,12,0,2,0,10,2,0,10,0,1,0,0,0,0,0,12,12,19,462,334,17,0,0,29,1.75,18,0,649,20,82,37,4360
2025-07-04,argo,com.rmnivnv.cryptomoon.model,HoldingsHandler,getChangeValueByHoldingData,2,3,0.0,0,0.0,0,10,1,0,9,1,2,0,0.16666666666666666,0,1,0,1,0.25,0,2.0,1,0,0.0,0,0.5303030303030303,1.0,87,9,0.0,3,2,0,0,0,4,2,0,2,0,0,0,0,0,2,0,18,0.40909090909090906,18,1.5,12,0,2,0,10,2,0,10,0,1,0,0,0,0,0,12,12,19,462,334,17,0,0,29,1.75,18,0,649,20,82,37,4360
2025-07-04,argo,com.rmnivnv.cryptomoon.model,HoldingsHandler,getImageUrlByHolding,1,0,0.0,0,0.0,0,10,1,0,1,0,1,0,0.5,0,1,0,0,1.0,0,2.0,1,0,0.0,0,0.5303030303030303,1.0,87,9,0.0,3,2,0,0,0,4,2,0,2,0,0,0,0,0,2,0,18,0.40909090909090906,18,1.5,12,0,2,0,10,2,0,10,0,1,0,0,0,0,0,12,12,19,462,334,17,0,0,29,1.75,18,0,649,20,82,37,4360
2025-07-04,argo,com.rmnivnv.cryptomoon.model,HoldingsHandler,getCurrentPriceByHolding,1,0,0.0,0,0.0,0,10,1,0,1,0,1,0,0.5,0,1,0,0,1.0,0,2.0,1,0,0.0,0,0.5303030303030303,1.0,87,9,0.0,3,2,0,0,0,4,2,0,2,0,0,0,0,0,2,0,18,0.40909090909090906,18,1.5,12,0,2,0,10,2,0,10,0,1,0,0,0,0,0,12,12,19,462,334,17,0,0,29,1.75,18,0,649,20,82,37,4360
2025-07-04,argo,com.rmnivnv.cryptomoon.model,HoldingsHandler,isThereSuchHolding,1,0,0.0,0,0.0,0,10,1,0,1,0,1,0,0.2,0,1,0,0,0.5,0,2.0,2,0,0.0,0,0.5303030303030303,1.0,87,9,0.0,3,2,0,0,0,4,2,0,2,0,0,0,0,0,2,0,18,0.40909090909090906,18,1.5,12,0,2,0,10,2,0,10,0,1,0,0,0,0,0,12,12,19,462,334,17,0,0,29,1.75,18,0,649,20,82,37,4360
2025-07-04,argo,com.rmnivnv.cryptomoon.model,HoldingsHandler,removeHoldings,2,1,0.0,1,1.0,0,10,1,0,8,1,2,0,1.0,0,1,0,7,1.0,0,2.4285714285714284,1,0,0.0,0,0.5303030303030303,1.0,87,9,0.0,3,2,0,0,0,4,2,0,2,0,0,0,0,0,2,0,18,0.40909090909090906,18,1.5,12,0,2,0,10,2,0,10,0,1,0,0,0,0,0,12,12,19,462,334,17,0,0,29,1.75,18,0,649,20,82,37,4360
2025-07-04,argo,com.rmnivnv.cryptomoon.model,MultiSelector,getSelectorObservable,1,0,0.0,0,0.0,0,2,1,0,1,0,1,0,1.0,0,1,0,0,1.0,0,0.0,0,0,0.0,0,0.0,0.6666666666666666,25,5,0.0,2,2,0,0,1,5,0,0,1,0,1,2,0,0,0,0,4,1.0,4,1.3333333333333333,3,0,2,0,2,1,0,2,0,1,0,0,0,0,0,3,3,19,462,334,17,0,1,6,1.6666666666666667,18,0,649,20,82,37,4360
2025-07-04,argo,com.rmnivnv.cryptomoon.model,MultiSelector,onClick,1,0,0.0,1,1.0,0,2,1,0,5,0,1,1,0.2,1,1,1,1,0.33,1,2.0,3,0,0.0,0,0.0,0.6666666666666666,25,5,0.0,2,2,0,0,1,5,0,0,1,0,1,2,0,0,0,0,4,1.0,4,1.3333333333333333,3,0,2,0,2,1,0,2,0,1,0,0,0,0,0,3,3,19,462,334,17,0,1,6,1.6666666666666667,18,0,649,20,82,37,4360
2025-07-04,argo,com.rmnivnv.cryptomoon.model,MultiSelector,setBackgroundAndSelected,3,0,0.0,2,1.0,0,2,1,0,7,1,3,0,0.0,0,0,0,5,0.0,1,3.0,2,0,0.0,0,0.0,0.6666666666666666,25,5,0.0,2,2,0,0,1,5,0,0,1,0,1,2,0,0,0,0,4,1.0,4,1.3333333333333333,3,0,2,0,2,1,0,2,0,1,0,0,0,0,0,3,3,19,462,334,17,0,1,6,1.6666666666666667,18,0,649,20,82,37,4360
2025-07-04,argo,com.rmnivnv.cryptomoon.model,PageController,pageSelected,1,0,0.0,1,1.0,0,1,1,0,1,0,1,0,0.5,0,1,0,1,1.0,1,2.0,1,0,0.0,0,1.0,0.0,7,1,0.0,1,1,0,0,0,2,0,0,1,0,0,1,0,0,0,0,2,1.0,2,1.0,2,0,1,0,2,0,0,2,0,1,0,0,0,0,0,2,2,19,462,334,17,0,0,1,1.0,18,0,649,20,82,37,4360
2025-07-04,argo,com.rmnivnv.cryptomoon.model,PageController,getPageObservable,1,0,0.0,0,0.0,0,1,1,0,1,0,1,0,1.0,0,1,0,0,1.0,0,0.0,0,0,0.0,0,1.0,0.0,7,1,0.0,1,1,0,0,0,2,0,0,1,0,0,1,0,0,0,0,2,1.0,2,1.0,2,0,1,0,2,0,0,2,0,1,0,0,0,0,0,2,2,19,462,334,17,0,0,1,1.0,18,0,649,20,82,37,4360
2025-07-04,argo,com.rmnivnv.cryptomoon.model,PieMaker,makeChart,1,2,0.0,3,1.0,0,3,1,0,6,0,1,3,0.0,3,0,1,8,0.0,1,2.75,1,1,0.0,0,0.0,0.75,36,6,0.0,4,0,0,0,0,5,2,0,1,0,0,1,1,1,0,0,5,1.0,5,1.25,4,0,0,0,1,3,0,1,1,1,0,0,0,0,0,4,4,19,462,334,17,0,3,22,1.75,18,0,649,20,82,37,4360
2025-07-04,argo,com.rmnivnv.cryptomoon.model,PieMaker,setupPieEntry,4,2,0.0,3,1.0,0,3,1,0,9,1,4,0,0.0,0,0,0,9,0.0,1,2.4,2,0,0.0,0,0.0,0.75,36,6,0.0,4,0,0,0,0,5,2,0,1,0,0,1,1,1,0,0,5,1.0,5,1.25,4,0,0,0,1,3,0,1,1,1,0,0,0,0,0,4,4,19,462,334,17,0,3,22,1.75,18,0,649,20,82,37,4360
2025-07-04,argo,com.rmnivnv.cryptomoon.model,PieMaker,setupPieData,1,0,0.0,0,0.0,0,3,1,0,6,0,1,0,0.0,0,0,1,3,0.0,0,0.0,1,1,0.0,0,0.0,0.75,36,6,0.0,4,0,0,0,0,5,2,0,1,0,0,1,1,1,0,0,5,1.0,5,1.25,4,0,0,0,1,3,0,1,1,1,0,0,0,0,0,4,4,19,462,334,17,0,3,22,1.75,18,0,649,20,82,37,4360
2025-07-04,argo,com.rmnivnv.cryptomoon.model,PieMaker,setupDataSetParams,1,0,0.0,1,1.0,0,3,1,0,6,0,1,0,0.0,0,0,1,2,0.0,1,2.5,1,1,0.0,0,0.0,0.75,36,6,0.0,4,0,0,0,0,5,2,0,1,0,0,1,1,1,0,0,5,1.0,5,1.25,4,0,0,0,1,3,0,1,1,1,0,0,0,0,0,4,4,19,462,334,17,0,3,22,1.75,18,0,649,20,82,37,4360
2025-07-04,argo,com.rmnivnv.cryptomoon.model,Preferences,setLang,1,0,0.0,1,1.0,0,1,1,0,3,0,1,0,0.5,0,1,0,3,1.0,3,2.5,1,0,0.0,0,0.0,0.0,35,0,0.0,1,4,0,0,3,1,1,0,1,0,10,11,7,7,0,0,1,0.0,1,1.0,1,0,4,0,0,1,0,0,0,1,0,0,0,0,0,1,1,19,462,334,17,0,0,3,1.0,18,0,649,20,82,37,4360
2025-07-04,argo,com.rmnivnv.cryptomoon.model.db,DBController,saveCoin,1,0,0.0,1,1.0,0,1,1,0,3,0,1,0,0.0,0,0,1,6,0.0,0,3.0,1,1,0.0,0,0.0,0.0,31,21,0.0,8,0,0,0,0,6,1,0,0,0,0,0,0,0,0,0,8,0.25,8,1.0,8,0,0,0,8,0,0,8,5,1,0,0,0,0,0,8,8,19,462,334,6,0,7,44,1.0,21,4,182,20,82,8,4360
2025-07-04,argo,com.rmnivnv.cryptomoon.model.db,DBController,saveCoinsList,1,0,0.0,1,1.0,0,1,1,0,3,0,1,0,0.0,0,0,1,6,0.0,0,3.0,1,1,0.0,0,0.0,0.0,31,21,0.0,8,0,0,0,0,6,1,0,0,0,0,0,0,0,0,0,8,0.25,8,1.0,8,0,0,0,8,0,0,8,5,1,0,0,0,0,0,8,8,19,462,334,6,0,7,44,1.0,21,4,182,20,82,8,4360
2025-07-04,argo,com.rmnivnv.cryptomoon.model.db,DBController,getCoin,1,0,0.0,1,1.0,0,1,1,0,1,0,1,0,0.0,1,0,0,2,0.0,2,3.0,2,0,0.0,0,0.0,0.0,31,21,0.0,8,0,0,0,0,6,1,0,0,0,0,0,0,0,0,0,8,0.25,8,1.0,8,0,0,0,8,0,0,8,5,1,0,0,0,0,0,8,8,19,462,334,6,0,7,44,1.0,21,4,182,20,82,8,4360
2025-07-04,argo,com.rmnivnv.cryptomoon.model.db,DBController,deleteCoin,1,0,0.0,1,1.0,0,1,1,0,3,0,1,0,0.0,1,0,1,6,0.0,0,3.0,1,1,0.0,0,0.0,0.0,31,21,0.0,8,0,0,0,0,6,1,0,0,0,0,0,0,0,0,0,8,0.25,8,1.0,8,0,0,0,8,0,0,8,5,1,0,0,0,0,0,8,8,19,462,334,6,0,7,44,1.0,21,4,182,20,82,8,4360
2025-07-04,argo,com.rmnivnv.cryptomoon.model.db,DBController,deleteCoins,1,0,0.0,1,1.0,0,1,1,0,3,0,1,0,0.0,1,0,1,6,0.0,0,3.0,1,1,0.0,0,0.0,0.0,31,21,0.0,8,0,0,0,0,6,1,0,0,0,0,0,0,0,0,0,8,0.25,8,1.0,8,0,0,0,8,0,0,8,5,1,0,0,0,0,0,8,8,19,462,334,6,0,7,44,1.0,21,4,182,20,82,8,4360
2025-07-04,argo,com.rmnivnv.cryptomoon.model.db,DBController,saveAllCoinsInfo,1,0,0.0,1,1.0,0,1,1,0,3,0,1,0,0.0,0,0,1,6,0.0,0,3.0,1,1,0.0,0,0.0,0.0,31,21,0.0,8,0,0,0,0,6,1,0,0,0,0,0,0,0,0,0,8,0.25,8,1.0,8,0,0,0,8,0,0,8,5,1,0,0,0,0,0,8,8,19,462,334,6,0,7,44,1.0,21,4,182,20,82,8,4360
2025-07-04,argo,com.rmnivnv.cryptomoon.model.db,DBController,saveTopCoinsList,1,0,0.0,1,1.0,0,1,1,0,3,0,1,0,0.0,0,0,1,6,0.0,0,3.0,1,1,0.0,0,0.0,0.0,31,21,0.0,8,0,0,0,0,6,1,0,0,0,0,0,0,0,0,0,8,0.25,8,1.0,8,0,0,0,8,0,0,8,5,1,0,0,0,0,0,8,8,19,462,334,6,0,7,44,1.0,21,4,182,20,82,8,4360
2025-07-04,argo,com.rmnivnv.cryptomoon.model.db,DBController,saveHoldingData,1,0,0.0,1,1.0,0,1,1,0,3,0,1,0,0.0,0,0,1,6,0.0,0,3.0,1,1,0.0,0,0.0,0.0,31,21,0.0,8,0,0,0,0,6,1,0,0,0,0,0,0,0,0,0,8,0.25,8,1.0,8,0,0,0,8,0,0,8,5,1,0,0,0,0,0,8,8,19,462,334,6,0,7,44,1.0,21,4,182,20,82,8,4360
2025-07-04,argo,com.rmnivnv.cryptomoon.model.network,BaseRepository,safeApiCall,3,0,0.0,2,1.0,0,0,1,0,5,1,3,0,0.0,0,0,0,3,0.0,1,2.0,2,0,0.0,0,0.0,0.0,7,5,0.0,1,0,0,0,0,3,0,0,0,0,0,0,0,0,0,0,1,0.0,1,1.0,1,0,0,0,1,0,0,1,0,1,0,0,0,0,0,1,1,19,462,334,5,0,0,3,3.0,1,2,167,20,82,6,4360
2025-07-04,argo,com.rmnivnv.cryptomoon.model.network,NetworkRequests,getAllCoins,1,0,0.0,1,1.0,0,5,1,0,3,0,1,1,0.0,0,0,0,4,0.0,0,5.0,0,0,0.0,0,0.0,0.4,65,0,0.0,5,0,0,0,0,7,1,0,0,0,0,0,0,0,0,0,7,1.0,7,1.4,5,0,0,0,4,1,0,4,0,1,0,0,0,0,0,5,5,19,462,334,5,0,1,22,1.8,1,2,167,20,82,6,4360
2025-07-04,argo,com.rmnivnv.cryptomoon.model.network,NetworkRequests,getPrice,1,0,0.0,0,0.0,0,5,1,0,3,0,1,1,0.0,2,0,0,4,0.0,0,3.0,1,0,0.0,0,0.0,0.4,65,0,0.0,5,0,0,0,0,7,1,0,0,0,0,0,0,0,0,0,7,1.0,7,1.4,5,0,0,0,4,1,0,4,0,1,0,0,0,0,0,5,5,19,462,334,5,0,1,22,1.8,1,2,167,20,82,6,4360
2025-07-04,argo,com.rmnivnv.cryptomoon.model.network,NetworkRequests,getQuery,3,1,0.0,2,1.0,0,5,1,0,6,1,3,0,0.0,0,0,1,5,0.0,0,2.0,2,1,0.0,0,0.0,0.4,65,0,0.0,5,0,0,0,0,7,1,0,0,0,0,0,0,0,0,0,7,1.0,7,1.4,5,0,0,0,4,1,0,4,0,1,0,0,0,0,0,5,5,19,462,334,5,0,1,22,1.8,1,2,167,20,82,6,4360
2025-07-04,argo,com.rmnivnv.cryptomoon.model.network,NetworkRequests,getPairs,1,0,0.0,0,0.0,0,5,1,0,3,0,1,1,0.0,1,0,0,4,0.0,0,5.0,1,0,0.0,0,0.0,0.4,65,0,0.0,5,0,0,0,0,7,1,0,0,0,0,0,0,0,0,0,7,1.0,7,1.4,5,0,0,0,4,1,0,4,0,1,0,0,0,0,0,5,5,19,462,334,5,0,1,22,1.8,1,2,167,20,82,6,4360
2025-07-04,argo,com.rmnivnv.cryptomoon.model.network,NetworkRequests,getHistoPeriod,3,3,0.0,0,0.0,0,5,1,0,44,1,3,0,0.0,1,0,0,5,0.0,0,3.0,3,0,0.0,0,0.0,0.4,65,0,0.0,5,0,0,0,0,7,1,0,0,0,0,0,0,0,0,0,7,1.0,7,1.4,5,0,0,0,4,1,0,4,0,1,0,0,0,0,0,5,5,19,462,334,5,0,1,22,1.8,1,2,167,20,82,6,4360
2025-07-04,argo,com.rmnivnv.cryptomoon.ui,SplashActivity,onCreate,1,0,0.0,1,1.0,1,0,1,0,5,0,1,0,0.0,1,0,2,2,0.0,1,2.0,1,2,0.0,0,0.0,0.0,7,5,0.0,1,0,1,4,0,1,2,0,0,0,0,0,0,0,0,0,1,0.0,1,1.0,1,1,0,0,1,0,0,1,1,1,0,0,0,0,0,1,1,19,462,334,1,0,2,2,1.0,1,0,18,20,82,1,4360
2025-07-04,argo,com.rmnivnv.cryptomoon.ui.addCoin,AddCoinActivity,onCreate,1,0,0.0,2,1.0,1,3,1,0,8,0,1,2,0.75,3,2,3,5,2.0,1,2.5,1,3,0.0,0,0.0641025641025641,0.6923076923076923,84,42,0.0,12,5,11,1,0,2,10,0,3,0,0,0,0,0,5,0,14,0.9358974358974359,14,1.0769230769230769,13,11,5,0,11,2,0,11,4,1,0,0,0,0,0,13,13,19,462,334,5,0,16,28,1.0769230769230769,29,1,345,20,82,33,4360
2025-07-04,argo,com.rmnivnv.cryptomoon.ui.addCoin,AddCoinActivity,setupToolbar,1,1,0.0,5,0.6,1,3,1,0,8,0,1,0,1.0,0,1,3,10,1.0,1,2.5,0,3,0.0,0,0.0641025641025641,0.6923076923076923,84,42,0.0,12,5,11,1,0,2,10,0,3,0,0,0,0,0,5,0,14,0.9358974358974359,14,1.0769230769230769,13,11,5,0,11,2,0,11,4,1,0,0,0,0,0,13,13,19,462,334,5,0,16,28,1.0769230769230769,29,1,345,20,82,33,4360
2025-07-04,argo,com.rmnivnv.cryptomoon.ui.addCoin,AddCoinActivity,setupRecView,1,0,0.0,2,1.0,1,3,1,0,6,0,1,0,1.0,0,4,3,2,4.0,1,2.0,0,0,0.0,0,0.0641025641025641,0.6923076923076923,84,42,0.0,12,5,11,1,0,2,10,0,3,0,0,0,0,0,5,0,14,0.9358974358974359,14,1.0769230769230769,13,11,5,0,11,2,0,11,4,1,0,0,0,0,0,13,13,19,462,334,5,0,16,28,1.0769230769230769,29,1,345,20,82,33,4360
2025-07-04,argo,com.rmnivnv.cryptomoon.ui.addCoin,AddCoinActivity,onStop,1,0,0.0,0,0.0,1,3,1,0,4,0,1,0,1.0,1,1,0,1,1.0,1,2.0,0,0,0.0,0,0.0641025641025641,0.6923076923076923,84,42,0.0,12,5,11,1,0,2,10,0,3,0,0,0,0,0,5,0,14,0.9358974358974359,14,1.0769230769230769,13,11,5,0,11,2,0,11,4,1,0,0,0,0,0,13,13,19,462,334,5,0,16,28,1.0769230769230769,29,1,345,20,82,33,4360
2025-07-04,argo,com.rmnivnv.cryptomoon.ui.addCoin,AddCoinActivity,updateRecyclerView,1,0,0.0,1,1.0,1,3,1,0,3,0,1,0,1.0,0,1,0,1,1.0,1,2.0,0,0,0.0,0,0.0641025641025641,0.6923076923076923,84,42,0.0,12,5,11,1,0,2,10,0,3,0,0,0,0,0,5,0,14,0.9358974358974359,14,1.0769230769230769,13,11,5,0,11,2,0,11,4,1,0,0,0,0,0,13,13,19,462,334,5,0,16,28,1.0769230769230769,29,1,345,20,82,33,4360
2025-07-04,argo,com.rmnivnv.cryptomoon.ui.addCoin,AddCoinActivity,setMatchesResultSize,1,1,0.0,1,1.0,1,3,1,0,4,0,1,0,0.5,0,1,1,3,1.0,0,3.0,1,0,0.0,0,0.0641025641025641,0.6923076923076923,84,42,0.0,12,5,11,1,0,2,10,0,3,0,0,0,0,0,5,0,14,0.9358974358974359,14,1.0769230769230769,13,11,5,0,11,2,0,11,4,1,0,0,0,0,0,13,13,19,462,334,5,0,16,28,1.0769230769230769,29,1,345,20,82,33,4360
2025-07-04,argo,com.rmnivnv.cryptomoon.ui.addCoin,AddCoinActivity,disableMatchesCount,1,0,0.0,0,0.0,1,3,1,0,3,0,1,0,0.0,0,0,1,0,1.0,0,2.0,0,0,0.0,0,0.0641025641025641,0.6923076923076923,84,42,0.0,12,5,11,1,0,2,10,0,3,0,0,0,0,0,5,0,14,0.9358974358974359,14,1.0769230769230769,13,11,5,0,11,2,0,11,4,1,0,0,0,0,0,13,13,19,462,334,5,0,16,28,1.0769230769230769,29,1,345,20,82,33,4360
2025-07-04,argo,com.rmnivnv.cryptomoon.ui.addCoin,AddCoinActivity,enableMatchesCount,1,0,0.0,0,0.0,1,3,1,0,3,0,1,0,0.0,0,0,1,0,1.0,0,2.0,0,0,0.0,0,0.0641025641025641,0.6923076923076923,84,42,0.0,12,5,11,1,0,2,10,0,3,0,0,0,0,0,5,0,14,0.9358974358974359,14,1.0769230769230769,13,11,5,0,11,2,0,11,4,1,0,0,0,0,0,13,13,19,462,334,5,0,16,28,1.0769230769230769,29,1,345,20,82,33,4360
2025-07-04,argo,com.rmnivnv.cryptomoon.ui.addCoin,AddCoinActivity,enableLoadingLayout,1,0,0.0,0,0.0,1,3,1,0,4,0,1,0,0.0,0,0,1,0,0.0,0,2.0,0,0,0.0,0,0.0641025641025641,0.6923076923076923,84,42,0.0,12,5,11,1,0,2,10,0,3,0,0,0,0,0,5,0,14,0.9358974358974359,14,1.0769230769230769,13,11,5,0,11,2,0,11,4,1,0,0,0,0,0,13,13,19,462,334,5,0,16,28,1.0769230769230769,29,1,345,20,82,33,4360
2025-07-04,argo,com.rmnivnv.cryptomoon.ui.addCoin,AddCoinActivity,disableLoadingLayout,1,0,0.0,0,0.0,1,3,1,0,4,0,1,0,0.0,0,0,1,0,0.0,0,2.0,0,0,0.0,0,0.0641025641025641,0.6923076923076923,84,42,0.0,12,5,11,1,0,2,10,0,3,0,0,0,0,0,5,0,14,0.9358974358974359,14,1.0769230769230769,13,11,5,0,11,2,0,11,4,1,0,0,0,0,0,13,13,19,462,334,5,0,16,28,1.0769230769230769,29,1,345,20,82,33,4360
2025-07-04,argo,com.rmnivnv.cryptomoon.ui.addCoin,AddCoinActivity,hideKeyboard,2,2,0.0,2,1.0,1,3,1,0,7,1,2,0,0.0,0,0,0,4,0.0,0,2.3333333333333335,0,0,0.0,0,0.0641025641025641,0.6923076923076923,84,42,0.0,12,5,11,1,0,2,10,0,3,0,0,0,0,0,5,0,14,0.9358974358974359,14,1.0769230769230769,13,11,5,0,11,2,0,11,4,1,0,0,0,0,0,13,13,19,462,334,5,0,16,28,1.0769230769230769,29,1,345,20,82,33,4360
2025-07-04,argo,com.rmnivnv.cryptomoon.ui.addCoin,AddCoinActivity,finishActivity,1,0,0.0,0,0.0,1,3,1,0,3,0,1,0,0.0,0,0,1,1,0.0,0,0.0,0,1,0.0,0,0.0641025641025641,0.6923076923076923,84,42,0.0,12,5,11,1,0,2,10,0,3,0,0,0,0,0,5,0,14,0.9358974358974359,14,1.0769230769230769,13,11,5,0,11,2,0,11,4,1,0,0,0,0,0,13,13,19,462,334,5,0,16,28,1.0769230769230769,29,1,345,20,82,33,4360
2025-07-04,argo,com.rmnivnv.cryptomoon.ui.addCoin,AddCoinActivity,clearFromEdt,1,0,0.0,1,1.0,1,3,1,0,3,0,1,0,0.0,0,0,1,1,0.0,1,2.0,0,1,0.0,0,0.0641025641025641,0.6923076923076923,84,42,0.0,12,5,11,1,0,2,10,0,3,0,0,0,0,0,5,0,14,0.9358974358974359,14,1.0769230769230769,13,11,5,0,11,2,0,11,4,1,0,0,0,0,0,13,13,19,462,334,5,0,16,28,1.0769230769230769,29,1,345,20,82,33,4360
2025-07-04,argo,com.rmnivnv.cryptomoon.ui.addCoin,AddCoinMatchesAdapter,onCreateViewHolder,1,1,0.0,1,1.0,0,1,2,0,4,0,1,0,0.0,0,0,0,6,0.0,0,6.0,2,0,0.0,0,0.0,0.3333333333333333,25,7,0.0,3,0,3,1,0,4,1,0,0,0,0,0,0,0,0,0,3,1.0,3,1.0,3,3,0,0,3,0,0,3,1,1,0,0,0,0,0,4,4,19,462,334,5,0,1,7,1.0,29,1,345,20,82,33,4360
2025-07-04,argo,com.rmnivnv.cryptomoon.ui.addCoin,AddCoinMatchesAdapter,onBindViewHolder,1,0,0.0,1,1.0,0,1,2,0,3,0,1,0,0.0,0,0,1,1,0.0,1,2.0,2,1,0.0,0,0.0,0.3333333333333333,25,7,0.0,3,0,3,1,0,4,1,0,0,0,0,0,0,0,0,0,3,1.0,3,1.0,3,3,0,0,3,0,0,3,1,1,0,0,0,0,0,4,4,19,462,334,5,0,1,7,1.0,29,1,345,20,82,33,4360
2025-07-04,argo,com.rmnivnv.cryptomoon.ui.addCoin,AddCoinMatchesAdapter,getItemCount,1,0,0.0,0,0.0,0,1,2,0,1,0,1,0,0.0,0,0,0,0,0.0,0,2.0,0,0,0.0,0,0.0,0.3333333333333333,25,7,0.0,3,0,3,1,0,4,1,0,0,0,0,0,0,0,0,0,3,1.0,3,1.0,3,3,0,0,3,0,0,3,1,1,0,0,0,0,0,4,4,19,462,334,5,0,1,7,1.0,29,1,345,20,82,33,4360
2025-07-04,argo,com.rmnivnv.cryptomoon.ui.addCoin,AddCoinModule,provideView,1,0,0.0,0,0.0,0,0,1,0,1,0,1,0,0.0,0,0,0,0,0.0,0,0.0,1,0,0.0,0,0.0,0.0,5,2,0.0,2,0,0,0,0,8,0,0,0,0,0,0,0,0,0,0,2,1.0,2,1.0,2,0,0,0,2,0,0,2,0,1,0,0,0,0,0,2,2,19,462,334,5,0,0,1,1.0,29,1,345,20,82,33,4360
2025-07-04,argo,com.rmnivnv.cryptomoon.ui.addCoin,AddCoinModule,providePresenter,1,0,0.0,0,0.0,0,0,1,0,1,0,1,0,0.0,0,0,0,1,0.0,0,0.0,6,0,0.0,0,0.0,0.0,5,2,0.0,2,0,0,0,0,8,0,0,0,0,0,0,0,0,0,0,2,1.0,2,1.0,2,0,0,0,2,0,0,2,0,1,0,0,0,0,0,2,2,19,462,334,5,0,0,1,1.0,29,1,345,20,82,33,4360
2025-07-04,argo,com.rmnivnv.cryptomoon.ui.addCoin,AddCoinPresenter,onCreate,1,0,2.0,0,0.0,0,0,1,0,5,0,1,2,1.0,2,0,2,0,1.0,0,2.0,1,2,0.0,0,0.1619047619047619,0.5333333333333333,108,84,0.4666666666666667,15,4,4,1,0,8,9,0,4,0,0,1,0,0,3,0,20,0.9333333333333333,20,1.3333333333333333,15,4,4,0,4,11,0,4,5,1,0,0,0,0,0,15,15,19,462,334,5,0,13,73,1.6666666666666667,29,1,345,20,82,33,4360
2025-07-04,argo,com.rmnivnv.cryptomoon.ui.addCoin,AddCoinPresenter,addAllInfoCoinsChangesObservable,1,0,1.0,1,1.0,0,0,1,0,3,0,1,1,1.0,1,1,0,6,2.0,0,7.0,0,0,0.0,0,0.1619047619047619,0.5333333333333333,108,84,0.4666666666666667,15,4,4,1,0,8,9,0,4,0,0,1,0,0,3,0,20,0.9333333333333333,20,1.3333333333333333,15,4,4,0,4,11,0,4,5,1,0,0,0,0,0,15,15,19,462,334,5,0,13,73,1.6666666666666667,29,1,345,20,82,33,4360
2025-07-04,argo,com.rmnivnv.cryptomoon.ui.addCoin,AddCoinPresenter,onAllCoinsUpdates,2,0,0.0,1,1.0,0,0,1,0,5,1,2,0,0.3333333333333333,0,1,0,1,2.0,1,2.0,1,0,0.0,0,0.1619047619047619,0.5333333333333333,108,84,0.4666666666666667,15,4,4,1,0,8,9,0,4,0,0,1,0,0,3,0,20,0.9333333333333333,20,1.3333333333333333,15,4,4,0,4,11,0,4,5,1,0,0,0,0,0,15,15,19,462,334,5,0,13,73,1.6666666666666667,29,1,345,20,82,33,4360
2025-07-04,argo,com.rmnivnv.cryptomoon.ui.addCoin,AddCoinPresenter,addCoinsChangesObservable,1,0,1.0,1,1.0,0,0,1,0,3,0,1,1,1.0,1,1,0,8,2.0,0,9.0,0,0,0.0,0,0.1619047619047619,0.5333333333333333,108,84,0.4666666666666667,15,4,4,1,0,8,9,0,4,0,0,1,0,0,3,0,20,0.9333333333333333,20,1.3333333333333333,15,4,4,0,4,11,0,4,5,1,0,0,0,0,0,15,15,19,462,334,5,0,13,73,1.6666666666666667,29,1,345,20,82,33,4360
2025-07-04,argo,com.rmnivnv.cryptomoon.ui.addCoin,AddCoinPresenter,onCoinsFromDbUpdates,2,0,0.0,3,0.6667,0,0,1,0,6,1,2,0,0.5,0,1,0,3,1.0,1,2.0,1,0,0.0,0,0.1619047619047619,0.5333333333333333,108,84,0.4666666666666667,15,4,4,1,0,8,9,0,4,0,0,1,0,0,3,0,20,0.9333333333333333,20,1.3333333333333333,15,4,4,0,4,11,0,4,5,1,0,0,0,0,0,15,15,19,462,334,5,0,13,73,1.6666666666666667,29,1,345,20,82,33,4360
2025-07-04,argo,com.rmnivnv.cryptomoon.ui.addCoin,AddCoinPresenter,onStop,1,0,0.0,1,1.0,0,0,1,0,3,0,1,0,1.0,0,1,0,1,1.0,1,2.0,0,0,0.0,0,0.1619047619047619,0.5333333333333333,108,84,0.4666666666666667,15,4,4,1,0,8,9,0,4,0,0,1,0,0,3,0,20,0.9333333333333333,20,1.3333333333333333,15,4,4,0,4,11,0,4,5,1,0,0,0,0,0,15,15,19,462,334,5,0,13,73,1.6666666666666667,29,1,345,20,82,33,4360
2025-07-04,argo,com.rmnivnv.cryptomoon.ui.addCoin,AddCoinPresenter,observeFromText,1,0,0.0,1,1.0,0,0,1,0,3,0,1,0,0.5,0,1,0,6,1.0,0,7.0,1,0,0.0,0,0.1619047619047619,0.5333333333333333,108,84,0.4666666666666667,15,4,4,1,0,8,9,0,4,0,0,1,0,0,3,0,20,0.9333333333333333,20,1.3333333333333333,15,4,4,0,4,11,0,4,5,1,0,0,0,0,0,15,15,19,462,334,5,0,13,73,1.6666666666666667,29,1,345,20,82,33,4360
2025-07-04,argo,com.rmnivnv.cryptomoon.ui.addCoin,AddCoinPresenter,onFromTextArrived,5,2,2.0,6,0.8571,0,0,1,0,16,2,5,3,0.8,2,2,1,13,0.67,2,2.1818181818181817,1,1,0.0,0,0.1619047619047619,0.5333333333333333,108,84,0.4666666666666667,15,4,4,1,0,8,9,0,4,0,0,1,0,0,3,0,20,0.9333333333333333,20,1.3333333333333333,15,4,4,0,4,11,0,4,5,1,0,0,0,0,0,15,15,19,462,334,5,0,13,73,1.6666666666666667,29,1,345,20,82,33,4360
2025-07-04,argo,com.rmnivnv.cryptomoon.ui.addCoin,AddCoinPresenter,updateCoinsList,2,0,0.0,2,0.5,0,0,1,0,4,0,2,0,1.0,0,1,1,5,1.0,1,2.25,0,1,0.0,0,0.1619047619047619,0.5333333333333333,108,84,0.4666666666666667,15,4,4,1,0,8,9,0,4,0,0,1,0,0,3,0,20,0.9333333333333333,20,1.3333333333333333,15,4,4,0,4,11,0,4,5,1,0,0,0,0,0,15,15,19,462,334,5,0,13,73,1.6666666666666667,29,1,345,20,82,33,4360
2025-07-04,argo,com.rmnivnv.cryptomoon.ui.addCoin,AddCoinPresenter,checkAndRemoveAlreadyAddedCoins,2,1,0.0,3,0.6667,0,0,1,0,8,0,2,0,0.0,0,0,2,6,1.0,1,2.25,1,2,0.0,0,0.1619047619047619,0.5333333333333333,108,84,0.4666666666666667,15,4,4,1,0,8,9,0,4,0,0,1,0,0,3,0,20,0.9333333333333333,20,1.3333333333333333,15,4,4,0,4,11,0,4,5,1,0,0,0,0,0,15,15,19,462,334,5,0,13,73,1.6666666666666667,29,1,345,20,82,33,4360
2025-07-04,argo,com.rmnivnv.cryptomoon.ui.addCoin,AddCoinPresenter,onFromItemClicked,1,0,1.0,6,0.5,0,0,1,0,8,0,1,1,0.5,1,1,2,6,1.0,1,2.0,1,2,0.0,0,0.1619047619047619,0.5333333333333333,108,84,0.4666666666666667,15,4,4,1,0,8,9,0,4,0,0,1,0,0,3,0,20,0.9333333333333333,20,1.3333333333333333,15,4,4,0,4,11,0,4,5,1,0,0,0,0,0,15,15,19,462,334,5,0,13,73,1.6666666666666667,29,1,345,20,82,33,4360
2025-07-04,argo,com.rmnivnv.cryptomoon.ui.addCoin,AddCoinPresenter,requestCoinInfo,1,0,2.0,2,1.0,0,0,1,0,4,0,1,2,0.5,2,1,1,6,1.0,1,4.0,1,1,0.0,0,0.1619047619047619,0.5333333333333333,108,84,0.4666666666666667,15,4,4,1,0,8,9,0,4,0,0,1,0,0,3,0,20,0.9333333333333333,20,1.3333333333333333,15,4,4,0,4,11,0,4,5,1,0,0,0,0,0,15,15,19,462,334,5,0,13,73,1.6666666666666667,29,1,345,20,82,33,4360
2025-07-04,argo,com.rmnivnv.cryptomoon.ui.addCoin,AddCoinPresenter,onPriceUpdated,3,0,2.0,2,1.0,0,0,1,0,8,1,3,2,0.0,2,0,0,2,1.0,1,2.0,1,0,0.0,0,0.1619047619047619,0.5333333333333333,108,84,0.4666666666666667,15,4,4,1,0,8,9,0,4,0,0,1,0,0,3,0,20,0.9333333333333333,20,1.3333333333333333,15,4,4,0,4,11,0,4,5,1,0,0,0,0,0,15,15,19,462,334,5,0,13,73,1.6666666666666667,29,1,345,20,82,33,4360
2025-07-04,argo,com.rmnivnv.cryptomoon.ui.addCoin,AddCoinPresenter,coinNotFound,1,0,0.0,2,1.0,0,0,1,0,4,0,1,0,0.0,0,0,2,5,0.0,1,3.5,0,2,0.0,0,0.1619047619047619,0.5333333333333333,108,84,0.4666666666666667,15,4,4,1,0,8,9,0,4,0,0,1,0,0,3,0,20,0.9333333333333333,20,1.3333333333333333,15,4,4,0,4,11,0,4,5,1,0,0,0,0,0,15,15,19,462,334,5,0,13,73,1.6666666666666667,29,1,345,20,82,33,4360
2025-07-04,argo,com.rmnivnv.cryptomoon.ui.addCoin,AddCoinPresenter,coinSuccessfullyAdded,1,0,0.0,2,1.0,0,0,1,0,4,0,1,0,0.0,0,0,2,5,0.0,1,3.5,0,2,0.0,0,0.1619047619047619,0.5333333333333333,108,84,0.4666666666666667,15,4,4,1,0,8,9,0,4,0,0,1,0,0,3,0,20,0.9333333333333333,20,1.3333333333333333,15,4,4,0,4,11,0,4,5,1,0,0,0,0,0,15,15,19,462,334,5,0,13,73,1.6666666666666667,29,1,345,20,82,33,4360
2025-07-04,argo,com.rmnivnv.cryptomoon.ui.addTransaction,AddTransactionActivity,onCreate,1,0,0.0,2,1.0,1,5,1,0,8,0,1,3,0.5,4,1,4,5,1.0,1,2.5,1,4,0.0,0,0.16666666666666666,0.4444444444444444,60,22,0.0,9,2,7,1,0,2,11,0,0,0,0,0,0,0,2,0,9,0.9722222222222222,9,1.0,9,7,2,0,7,2,0,7,1,1,0,0,0,0,0,9,9,19,462,334,4,0,13,36,1.0,20,1,284,20,82,26,4360
2025-07-04,argo,com.rmnivnv.cryptomoon.ui.addTransaction,AddTransactionActivity,setupToolbar,1,1,0.0,5,0.6,1,5,1,0,8,0,1,0,1.0,0,1,3,10,1.0,1,2.5,0,3,0.0,0,0.16666666666666666,0.4444444444444444,60,22,0.0,9,2,7,1,0,2,11,0,0,0,0,0,0,0,2,0,9,0.9722222222222222,9,1.0,9,7,2,0,7,2,0,7,1,1,0,0,0,0,0,9,9,19,462,334,4,0,13,36,1.0,20,1,284,20,82,26,4360
2025-07-04,argo,com.rmnivnv.cryptomoon.ui.addTransaction,AddTransactionActivity,setupObservables,1,0,0.0,4,0.25,1,5,1,0,6,0,1,0,1.0,0,1,0,8,1.0,0,3.0,0,0,0.0,0,0.16666666666666666,0.4444444444444444,60,22,0.0,9,2,7,1,0,2,11,0,0,0,0,0,0,0,2,0,9,0.9722222222222222,9,1.0,9,7,2,0,7,2,0,7,1,1,0,0,0,0,0,9,9,19,462,334,4,0,13,36,1.0,20,1,284,20,82,26,4360
2025-07-04,argo,com.rmnivnv.cryptomoon.ui.addTransaction,AddTransactionActivity,setTitle,1,0,0.0,0,0.0,1,5,1,0,4,0,1,0,0.0,0,0,2,0,0.0,0,2.0,2,0,0.0,0,0.16666666666666666,0.4444444444444444,60,22,0.0,9,2,7,1,0,2,11,0,0,0,0,0,0,0,2,0,9,0.9722222222222222,9,1.0,9,7,2,0,7,2,0,7,1,1,0,0,0,0,0,9,9,19,462,334,4,0,13,36,1.0,20,1,284,20,82,26,4360
2025-07-04,argo,com.rmnivnv.cryptomoon.ui.addTransaction,AddTransactionActivity,setTotalValue,1,0,0.0,0,0.0,1,5,1,0,3,0,1,0,0.0,0,0,1,0,0.0,0,2.0,1,0,0.0,0,0.16666666666666666,0.4444444444444444,60,22,0.0,9,2,7,1,0,2,11,0,0,0,0,0,0,0,2,0,9,0.9722222222222222,9,1.0,9,7,2,0,7,2,0,7,1,1,0,0,0,0,0,9,9,19,462,334,4,0,13,36,1.0,20,1,284,20,82,26,4360
2025-07-04,argo,com.rmnivnv.cryptomoon.ui.addTransaction,AddTransactionActivity,showDatePickerDialog,1,3,0.0,5,0.8,1,5,1,0,7,0,1,0,1.0,0,1,1,10,0.33,1,2.3333333333333335,0,1,0.0,0,0.16666666666666666,0.4444444444444444,60,22,0.0,9,2,7,1,0,2,11,0,0,0,0,0,0,0,2,0,9,0.9722222222222222,9,1.0,9,7,2,0,7,2,0,7,1,1,0,0,0,0,0,9,9,19,462,334,4,0,13,36,1.0,20,1,284,20,82,26,4360
2025-07-04,argo,com.rmnivnv.cryptomoon.ui.addTransaction,AddTransactionActivity,setTransactionDate,1,0,0.0,1,1.0,1,5,1,0,3,0,1,0,0.0,0,0,1,1,0.0,1,2.0,1,1,0.0,0,0.16666666666666666,0.4444444444444444,60,22,0.0,9,2,7,1,0,2,11,0,0,0,0,0,0,0,2,0,9,0.9722222222222222,9,1.0,9,7,2,0,7,2,0,7,1,1,0,0,0,0,0,9,9,19,462,334,4,0,13,36,1.0,20,1,284,20,82,26,4360
2025-07-04,argo,com.rmnivnv.cryptomoon.ui.addTransaction,AddTransactionActivity,closeActivity,1,0,0.0,0,0.0,1,5,1,0,3,0,1,0,0.0,0,0,1,1,0.0,0,0.0,0,1,0.0,0,0.16666666666666666,0.4444444444444444,60,22,0.0,9,2,7,1,0,2,11,0,0,0,0,0,0,0,2,0,9,0.9722222222222222,9,1.0,9,7,2,0,7,2,0,7,1,1,0,0,0,0,0,9,9,19,462,334,4,0,13,36,1.0,20,1,284,20,82,26,4360
2025-07-04,argo,com.rmnivnv.cryptomoon.ui.addTransaction,AddTransactionActivity,onStop,1,0,0.0,0,0.0,1,5,1,0,4,0,1,0,1.0,1,1,0,1,1.0,1,2.0,0,0,0.0,0,0.16666666666666666,0.4444444444444444,60,22,0.0,9,2,7,1,0,2,11,0,0,0,0,0,0,0,2,0,9,0.9722222222222222,9,1.0,9,7,2,0,7,2,0,7,1,1,0,0,0,0,0,9,9,19,462,334,4,0,13,36,1.0,20,1,284,20,82,26,4360
2025-07-04,argo,com.rmnivnv.cryptomoon.ui.addTransaction,AddTransactionModule,provideView,1,0,0.0,0,0.0,0,0,1,0,3,0,1,0,0.0,0,0,0,0,0.0,0,0.0,1,0,0.0,0,0.0,0.0,9,6,0.0,2,0,0,0,0,6,0,0,0,0,0,0,0,0,0,0,2,1.0,2,1.0,2,0,0,0,2,0,0,2,0,1,0,0,0,0,0,2,2,19,462,334,4,0,0,1,1.0,20,1,284,20,82,26,4360
2025-07-04,argo,com.rmnivnv.cryptomoon.ui.addTransaction,AddTransactionModule,providePresenter,1,0,0.0,0,0.0,0,0,1,0,3,0,1,0,0.0,0,0,0,1,0.0,0,0.0,4,0,0.0,0,0.0,0.0,9,6,0.0,2,0,0,0,0,6,0,0,0,0,0,0,0,0,0,0,2,1.0,2,1.0,2,0,0,0,2,0,0,2,0,1,0,0,0,0,0,2,2,19,462,334,4,0,0,1,1.0,20,1,284,20,82,26,4360
2025-07-04,argo,com.rmnivnv.cryptomoon.ui.addTransaction,AddTransactionPresenter,calculateTotalValue,2,0,0.0,1,1.0,0,1,1,0,5,1,2,0,1.0,0,2,0,3,3.0,2,2.0,0,0,0.0,0,0.3523809523809524,0.6,114,73,0.14285714285714285,15,7,8,1,0,5,7,0,7,0,0,3,0,0,4,0,20,0.8571428571428572,20,1.3333333333333333,15,8,7,0,8,7,0,8,2,1,0,0,0,0,0,15,15,19,462,334,4,0,7,71,1.9333333333333333,20,1,284,20,82,26,4360
2025-07-04,argo,com.rmnivnv.cryptomoon.ui.addTransaction,AddTransactionPresenter,onCreate,2,0,0.0,2,1.0,0,1,1,0,8,1,2,0,0.3,0,3,0,6,3.0,4,2.3333333333333335,1,0,0.0,0,0.3523809523809524,0.6,114,73,0.14285714285714285,15,7,8,1,0,5,7,0,7,0,0,3,0,0,4,0,20,0.8571428571428572,20,1.3333333333333333,15,8,7,0,8,7,0,8,2,1,0,0,0,0,0,15,15,19,462,334,4,0,7,71,1.9333333333333333,20,1,284,20,82,26,4360
2025-07-04,argo,com.rmnivnv.cryptomoon.ui.addTransaction,AddTransactionPresenter,observeTradingPrice,1,0,0.0,1,1.0,0,1,1,0,3,0,1,0,0.5,0,1,0,6,1.0,0,7.0,1,0,0.0,0,0.3523809523809524,0.6,114,73,0.14285714285714285,15,7,8,1,0,5,7,0,7,0,0,3,0,0,4,0,20,0.8571428571428572,20,1.3333333333333333,15,8,7,0,8,7,0,8,2,1,0,0,0,0,0,15,15,19,462,334,4,0,7,71,1.9333333333333333,20,1,284,20,82,26,4360
2025-07-04,argo,com.rmnivnv.cryptomoon.ui.addTransaction,AddTransactionPresenter,onTradingPriceTextChanged,3,1,0.0,3,1.0,0,1,1,0,7,1,3,0,0.6666666666666666,0,1,0,6,1.0,1,2.2,1,0,0.0,0,0.3523809523809524,0.6,114,73,0.14285714285714285,15,7,8,1,0,5,7,0,7,0,0,3,0,0,4,0,20,0.8571428571428572,20,1.3333333333333333,15,8,7,0,8,7,0,8,2,1,0,0,0,0,0,15,15,19,462,334,4,0,7,71,1.9333333333333333,20,1,284,20,82,26,4360
2025-07-04,argo,com.rmnivnv.cryptomoon.ui.addTransaction,AddTransactionPresenter,observeQuantity,1,0,0.0,1,1.0,0,1,1,0,3,0,1,0,0.5,0,1,0,6,1.0,0,7.0,1,0,0.0,0,0.3523809523809524,0.6,114,73,0.14285714285714285,15,7,8,1,0,5,7,0,7,0,0,3,0,0,4,0,20,0.8571428571428572,20,1.3333333333333333,15,8,7,0,8,7,0,8,2,1,0,0,0,0,0,15,15,19,462,334,4,0,7,71,1.9333333333333333,20,1,284,20,82,26,4360
2025-07-04,argo,com.rmnivnv.cryptomoon.ui.addTransaction,AddTransactionPresenter,onQuantityTextChanged,3,1,0.0,3,1.0,0,1,1,0,7,1,3,0,0.6666666666666666,0,1,0,6,1.0,1,2.2,1,0,0.0,0,0.3523809523809524,0.6,114,73,0.14285714285714285,15,7,8,1,0,5,7,0,7,0,0,3,0,0,4,0,20,0.8571428571428572,20,1.3333333333333333,15,8,7,0,8,7,0,8,2,1,0,0,0,0,0,15,15,19,462,334,4,0,7,71,1.9333333333333333,20,1,284,20,82,26,4360
2025-07-04,argo,com.rmnivnv.cryptomoon.ui.addTransaction,AddTransactionPresenter,observeDateClicks,1,0,0.0,1,1.0,0,1,1,0,3,0,1,0,0.5,0,1,0,7,1.0,0,4.5,1,0,0.0,0,0.3523809523809524,0.6,114,73,0.14285714285714285,15,7,8,1,0,5,7,0,7,0,0,3,0,0,4,0,20,0.8571428571428572,20,1.3333333333333333,15,8,7,0,8,7,0,8,2,1,0,0,0,0,0,15,15,19,462,334,4,0,7,71,1.9333333333333333,20,1,284,20,82,26,4360
2025-07-04,argo,com.rmnivnv.cryptomoon.ui.addTransaction,AddTransactionPresenter,observeConfirmClicks,1,0,1.0,1,1.0,0,1,1,0,3,0,1,1,0.5,1,1,0,6,1.0,0,7.0,1,0,0.0,0,0.3523809523809524,0.6,114,73,0.14285714285714285,15,7,8,1,0,5,7,0,7,0,0,3,0,0,4,0,20,0.8571428571428572,20,1.3333333333333333,15,8,7,0,8,7,0,8,2,1,0,0,0,0,0,15,15,19,462,334,4,0,7,71,1.9333333333333333,20,1,284,20,82,26,4360
2025-07-04,argo,com.rmnivnv.cryptomoon.ui.addTransaction,AddTransactionPresenter,onDatePicked,1,1,0.0,2,1.0,0,1,1,0,8,0,1,1,0.25,1,1,2,5,0.25,1,2.6,3,2,0.0,0,0.3523809523809524,0.6,114,73,0.14285714285714285,15,7,8,1,0,5,7,0,7,0,0,3,0,0,4,0,20,0.8571428571428572,20,1.3333333333333333,15,8,7,0,8,7,0,8,2,1,0,0,0,0,0,15,15,19,462,334,4,0,7,71,1.9333333333333333,20,1,284,20,82,26,4360
2025-07-04,argo,com.rmnivnv.cryptomoon.ui.addTransaction,AddTransactionPresenter,setDate,1,0,0.0,1,1.0,0,1,1,0,3,0,1,0,1.0,0,1,1,2,1.0,0,3.0,0,1,0.0,0,0.3523809523809524,0.6,114,73,0.14285714285714285,15,7,8,1,0,5,7,0,7,0,0,3,0,0,4,0,20,0.8571428571428572,20,1.3333333333333333,15,8,7,0,8,7,0,8,2,1,0,0,0,0,0,15,15,19,462,334,4,0,7,71,1.9333333333333333,20,1,284,20,82,26,4360
2025-07-04,argo,com.rmnivnv.cryptomoon.ui.addTransaction,AddTransactionPresenter,onDatePickerDialogCancelled,1,0,0.0,0,0.0,0,1,1,0,3,0,1,0,1.0,0,1,0,0,1.0,0,0.0,0,0,0.0,0,0.3523809523809524,0.6,114,73,0.14285714285714285,15,7,8,1,0,5,7,0,7,0,0,3,0,0,4,0,20,0.8571428571428572,20,1.3333333333333333,15,8,7,0,8,7,0,8,2,1,0,0,0,0,0,15,15,19,462,334,4,0,7,71,1.9333333333333333,20,1,284,20,82,26,4360
2025-07-04,argo,com.rmnivnv.cryptomoon.ui.addTransaction,AddTransactionPresenter,onConfirmClicked,9,0,2.0,1,1.0,0,1,1,0,13,1,9,1,1.0,2,3,0,9,5.0,0,5.0,0,0,0.0,0,0.3523809523809524,0.6,114,73,0.14285714285714285,15,7,8,1,0,5,7,0,7,0,0,3,0,0,4,0,20,0.8571428571428572,20,1.3333333333333333,15,8,7,0,8,7,0,8,2,1,0,0,0,0,0,15,15,19,462,334,4,0,7,71,1.9333333333333333,20,1,284,20,82,26,4360
2025-07-04,argo,com.rmnivnv.cryptomoon.ui.addTransaction,AddTransactionPresenter,allFieldsAreFilled,1,0,0.0,0,0.0,0,1,1,0,1,0,1,0,1.0,0,3,0,0,3.0,0,0.0,0,0,0.0,0,0.3523809523809524,0.6,114,73,0.14285714285714285,15,7,8,1,0,5,7,0,7,0,0,3,0,0,4,0,20,0.8571428571428572,20,1.3333333333333333,15,8,7,0,8,7,0,8,2,1,0,0,0,0,0,15,15,19,462,334,4,0,7,71,1.9333333333333333,20,1,284,20,82,26,4360
2025-07-04,argo,com.rmnivnv.cryptomoon.ui.addTransaction,AddTransactionPresenter,saveHoldings,1,0,0.0,4,1.0,0,1,1,0,6,0,1,0,1.0,0,5,4,8,5.0,1,2.6,0,4,0.0,0,0.3523809523809524,0.6,114,73,0.14285714285714285,15,7,8,1,0,5,7,0,7,0,0,3,0,0,4,0,20,0.8571428571428572,20,1.3333333333333333,15,8,7,0,8,7,0,8,2,1,0,0,0,0,0,15,15,19,462,334,4,0,7,71,1.9333333333333333,20,1,284,20,82,26,4360
2025-07-04,argo,com.rmnivnv.cryptomoon.ui.addTransaction,AddTransactionPresenter,onStop,1,0,0.0,1,1.0,0,1,1,0,3,0,1,0,1.0,0,1,0,1,1.0,1,2.0,0,0,0.0,0,0.3523809523809524,0.6,114,73,0.14285714285714285,15,7,8,1,0,5,7,0,7,0,0,3,0,0,4,0,20,0.8571428571428572,20,1.3333333333333333,15,8,7,0,8,7,0,8,2,1,0,0,0,0,0,15,15,19,462,334,4,0,7,71,1.9333333333333333,20,1,284,20,82,26,4360
2025-07-04,argo,com.rmnivnv.cryptomoon.ui.coinAllocation,CoinAllocationActivity,onCreate,1,0,0.0,1,1.0,1,1,1,0,6,0,1,1,0.5,2,1,2,3,1.0,1,2.3333333333333335,1,2,0.0,0,0.06666666666666667,0.6666666666666666,45,26,0.0,6,2,5,1,0,2,7,0,0,0,0,0,0,0,2,0,6,0.9333333333333333,6,1.0,6,5,2,0,5,1,0,5,3,1,0,0,0,0,0,6,6,19,462,334,4,0,8,18,1.0,11,1,144,20,82,12,4360
2025-07-04,argo,com.rmnivnv.cryptomoon.ui.coinAllocation,CoinAllocationActivity,setupToolbar,1,1,0.0,5,0.6,1,1,1,0,8,0,1,0,1.0,0,1,3,10,1.0,1,2.5,0,3,0.0,0,0.06666666666666667,0.6666666666666666,45,26,0.0,6,2,5,1,0,2,7,0,0,0,0,0,0,0,2,0,6,0.9333333333333333,6,1.0,6,5,2,0,5,1,0,5,3,1,0,0,0,0,0,6,6,19,462,334,4,0,8,18,1.0,11,1,144,20,82,12,4360
2025-07-04,argo,com.rmnivnv.cryptomoon.ui.coinAllocation,CoinAllocationActivity,drawPieChart,1,0,0.0,1,1.0,1,1,1,0,8,0,1,0,0.0,0,0,1,4,0.0,0,2.0,1,1,0.0,0,0.06666666666666667,0.6666666666666666,45,26,0.0,6,2,5,1,0,2,7,0,0,0,0,0,0,0,2,0,6,0.9333333333333333,6,1.0,6,5,2,0,5,1,0,5,3,1,0,0,0,0,0,6,6,19,462,334,4,0,8,18,1.0,11,1,144,20,82,12,4360
2025-07-04,argo,com.rmnivnv.cryptomoon.ui.coinAllocation,CoinAllocationActivity,onStop,1,0,0.0,0,0.0,1,1,1,0,4,0,1,0,1.0,1,1,0,1,1.0,1,2.0,0,0,0.0,0,0.06666666666666667,0.6666666666666666,45,26,0.0,6,2,5,1,0,2,7,0,0,0,0,0,0,0,2,0,6,0.9333333333333333,6,1.0,6,5,2,0,5,1,0,5,3,1,0,0,0,0,0,6,6,19,462,334,4,0,8,18,1.0,11,1,144,20,82,12,4360
2025-07-04,argo,com.rmnivnv.cryptomoon.ui.coinAllocation,CoinAllocationActivity,enableGraphLoading,1,0,0.0,0,0.0,1,1,1,0,4,0,1,0,0.0,0,0,1,0,0.0,0,2.0,0,0,0.0,0,0.06666666666666667,0.6666666666666666,45,26,0.0,6,2,5,1,0,2,7,0,0,0,0,0,0,0,2,0,6,0.9333333333333333,6,1.0,6,5,2,0,5,1,0,5,3,1,0,0,0,0,0,6,6,19,462,334,4,0,8,18,1.0,11,1,144,20,82,12,4360
2025-07-04,argo,com.rmnivnv.cryptomoon.ui.coinAllocation,CoinAllocationActivity,disableGraphLoading,1,0,0.0,0,0.0,1,1,1,0,4,0,1,0,0.0,0,0,1,0,0.0,0,2.0,0,0,0.0,0,0.06666666666666667,0.6666666666666666,45,26,0.0,6,2,5,1,0,2,7,0,0,0,0,0,0,0,2,0,6,0.9333333333333333,6,1.0,6,5,2,0,5,1,0,5,3,1,0,0,0,0,0,6,6,19,462,334,4,0,8,18,1.0,11,1,144,20,82,12,4360
2025-07-04,argo,com.rmnivnv.cryptomoon.ui.coinAllocation,CoinAllocationModule,provideView,1,0,0.0,0,0.0,0,0,1,0,1,0,1,0,0.0,0,0,0,0,0.0,0,0.0,1,0,0.0,0,0.0,0.0,5,2,0.0,2,0,0,0,0,5,0,0,0,0,0,0,0,0,0,0,2,1.0,2,1.0,2,0,0,0,2,0,0,2,0,1,0,0,0,0,0,2,2,19,462,334,4,0,0,1,1.0,11,1,144,20,82,12,4360
2025-07-04,argo,com.rmnivnv.cryptomoon.ui.coinAllocation,CoinAllocationModule,providePresenter,1,0,0.0,0,0.0,0,0,1,0,1,0,1,0,0.0,0,0,0,1,0.0,0,0.0,3,0,0.0,0,0.0,0.0,5,2,0.0,2,0,0,0,0,5,0,0,0,0,0,0,0,0,0,0,2,1.0,2,1.0,2,0,0,0,2,0,0,2,0,1,0,0,0,0,0,2,2,19,462,334,4,0,0,1,1.0,11,1,144,20,82,12,4360
2025-07-04,argo,com.rmnivnv.cryptomoon.ui.coinAllocation,CoinAllocationPresenter,onCreate,1,0,1.0,0,0.0,0,0,1,0,3,0,1,1,0.0,1,0,1,0,0.0,0,0.0,0,1,0.0,0,0.16666666666666666,0.25,27,18,0.5,4,2,2,1,0,1,2,0,2,0,0,1,0,0,1,0,5,1.0,5,1.25,4,2,2,0,2,2,0,2,2,1,0,0,0,0,0,4,4,19,462,334,4,0,1,15,1.25,11,1,144,20,82,12,4360
2025-07-04,argo,com.rmnivnv.cryptomoon.ui.coinAllocation,CoinAllocationPresenter,addCoinsChangesObservable,1,0,1.0,1,1.0,0,0,1,0,3,0,1,1,1.0,1,1,0,8,2.0,0,9.0,0,0,0.0,0,0.16666666666666666,0.25,27,18,0.5,4,2,2,1,0,1,2,0,2,0,0,1,0,0,1,0,5,1.0,5,1.25,4,2,2,0,2,2,0,2,2,1,0,0,0,0,0,4,4,19,462,334,4,0,1,15,1.25,11,1,144,20,82,12,4360
2025-07-04,argo,com.rmnivnv.cryptomoon.ui.coinAllocation,CoinAllocationPresenter,onCoinsFromDbUpdates,2,0,0.0,5,0.6,0,0,1,0,9,1,2,0,0.6666666666666666,0,1,0,6,1.0,1,2.142857142857143,1,0,0.0,0,0.16666666666666666,0.25,27,18,0.5,4,2,2,1,0,1,2,0,2,0,0,1,0,0,1,0,5,1.0,5,1.25,4,2,2,0,2,2,0,2,2,1,0,0,0,0,0,4,4,19,462,334,4,0,1,15,1.25,11,1,144,20,82,12,4360
2025-07-04,argo,com.rmnivnv.cryptomoon.ui.coinAllocation,CoinAllocationPresenter,onStop,1,0,0.0,1,1.0,0,0,1,0,3,0,1,0,1.0,0,1,0,1,1.0,1,2.0,0,0,0.0,0,0.16666666666666666,0.25,27,18,0.5,4,2,2,1,0,1,2,0,2,0,0,1,0,0,1,0,5,1.0,5,1.25,4,2,2,0,2,2,0,2,2,1,0,0,0,0,0,4,4,19,462,334,4,0,1,15,1.25,11,1,144,20,82,12,4360
2025-07-04,argo,com.rmnivnv.cryptomoon.ui.coinInfo,CoinInfoActivity,onCreate,1,0,0.0,1,1.0,1,21,1,0,6,0,1,1,0.5,2,1,2,6,1.0,1,3.0,1,2,0.0,0,0.017045454545454544,0.8484848484848485,168,53,0.0,33,2,32,1,0,8,13,0,0,0,0,0,0,0,2,0,35,0.9696969696969697,35,1.0606060606060606,33,32,2,0,32,1,0,32,7,1,0,0,0,0,0,35,35,19,462,334,4,0,37,44,1.0606060606060606,24,1,433,20,82,49,4360
2025-07-04,argo,com.rmnivnv.cryptomoon.ui.coinInfo,CoinInfoActivity,setupToolbar,1,1,0.0,4,0.75,1,21,1,0,7,0,1,0,0.0,0,0,3,6,0.0,1,2.25,0,3,0.0,0,0.017045454545454544,0.8484848484848485,168,53,0.0,33,2,32,1,0,8,13,0,0,0,0,0,0,0,2,0,35,0.9696969696969697,35,1.0606060606060606,33,32,2,0,32,1,0,32,7,1,0,0,0,0,0,35,35,19,462,334,4,0,37,44,1.0606060606060606,24,1,433,20,82,49,4360
2025-07-04,argo,com.rmnivnv.cryptomoon.ui.coinInfo,CoinInfoActivity,setupSpinner,1,0,0.0,3,0.6667,1,21,1,0,11,0,1,0,1.0,0,2,2,12,2.0,1,2.5,0,1,0.0,0,0.017045454545454544,0.8484848484848485,168,53,0.0,33,2,32,1,0,8,13,0,0,0,0,0,0,0,2,0,35,0.9696969696969697,35,1.0606060606060606,33,32,2,0,32,1,0,32,7,1,0,0,0,0,0,35,35,19,462,334,4,0,37,44,1.0606060606060606,24,1,433,20,82,49,4360
2025-07-04,argo,com.rmnivnv.cryptomoon.ui.coinInfo,CoinInfoActivity,setTitle,1,0,0.0,0,0.0,1,21,1,0,3,0,1,0,0.0,0,0,1,0,0.0,0,2.0,1,0,0.0,0,0.017045454545454544,0.8484848484848485,168,53,0.0,33,2,32,1,0,8,13,0,0,0,0,0,0,0,2,0,35,0.9696969696969697,35,1.0606060606060606,33,32,2,0,32,1,0,32,7,1,0,0,0,0,0,35,35,19,462,334,4,0,37,44,1.0606060606060606,24,1,433,20,82,49,4360
2025-07-04,argo,com.rmnivnv.cryptomoon.ui.coinInfo,CoinInfoActivity,setLogo,2,0,0.0,2,1.0,1,21,1,0,5,1,2,0,0.0,0,0,0,4,0.0,3,3.0,1,0,0.0,0,0.017045454545454544,0.8484848484848485,168,53,0.0,33,2,32,1,0,8,13,0,0,0,0,0,0,0,2,0,35,0.9696969696969697,35,1.0606060606060606,33,32,2,0,32,1,0,32,7,1,0,0,0,0,0,35,35,19,462,334,4,0,37,44,1.0606060606060606,24,1,433,20,82,49,4360
2025-07-04,argo,com.rmnivnv.cryptomoon.ui.coinInfo,CoinInfoActivity,setMainPrice,1,0,0.0,0,0.0,1,21,1,0,3,0,1,0,0.0,0,0,1,0,0.0,0,2.0,1,0,0.0,0,0.017045454545454544,0.8484848484848485,168,53,0.0,33,2,32,1,0,8,13,0,0,0,0,0,0,0,2,0,35,0.9696969696969697,35,1.0606060606060606,33,32,2,0,32,1,0,32,7,1,0,0,0,0,0,35,35,19,462,334,4,0,37,44,1.0606060606060606,24,1,433,20,82,49,4360
2025-07-04,argo,com.rmnivnv.cryptomoon.ui.coinInfo,CoinInfoActivity,onDestroy,1,0,0.0,0,0.0,1,21,1,0,4,0,1,0,1.0,1,1,0,1,1.0,1,2.0,0,0,0.0,0,0.017045454545454544,0.8484848484848485,168,53,0.0,33,2,32,1,0,8,13,0,0,0,0,0,0,0,2,0,35,0.9696969696969697,35,1.0606060606060606,33,32,2,0,32,1,0,32,7,1,0,0,0,0,0,35,35,19,462,334,4,0,37,44,1.0606060606060606,24,1,433,20,82,49,4360
2025-07-04,argo,com.rmnivnv.cryptomoon.ui.coinInfo,CoinInfoActivity,onCreateOptionsMenu,1,0,0.0,1,1.0,1,21,1,0,4,0,1,0,0.0,1,0,1,3,0.0,1,3.0,1,1,0.0,0,0.017045454545454544,0.8484848484848485,168,53,0.0,33,2,32,1,0,8,13,0,0,0,0,0,0,0,2,0,35,0.9696969696969697,35,1.0606060606060606,33,32,2,0,32,1,0,32,7,1,0,0,0,0,0,35,35,19,462,334,4,0,37,44,1.0606060606060606,24,1,433,20,82,49,4360
2025-07-04,argo,com.rmnivnv.cryptomoon.ui.coinInfo,CoinInfoActivity,onOptionsItemSelected,2,0,0.0,2,1.0,1,21,1,0,6,1,2,0,0.3333333333333333,1,1,0,4,1.0,1,2.25,1,0,0.0,0,0.017045454545454544,0.8484848484848485,168,53,0.0,33,2,32,1,0,8,13,0,0,0,0,0,0,0,2,0,35,0.9696969696969697,35,1.0606060606060606,33,32,2,0,32,1,0,32,7,1,0,0,0,0,0,35,35,19,462,334,4,0,37,44,1.0606060606060606,24,1,433,20,82,49,4360
2025-07-04,argo,com.rmnivnv.cryptomoon.ui.coinInfo,CoinInfoActivity,drawChart,1,1,0.0,1,1.0,1,21,1,0,6,0,1,0,0.0,0,0,3,1,0.0,1,2.2,1,1,0.0,0,0.017045454545454544,0.8484848484848485,168,53,0.0,33,2,32,1,0,8,13,0,0,0,0,0,0,0,2,0,35,0.9696969696969697,35,1.0606060606060606,33,32,2,0,32,1,0,32,7,1,0,0,0,0,0,35,35,19,462,334,4,0,37,44,1.0606060606060606,24,1,433,20,82,49,4360
2025-07-04,argo,com.rmnivnv.cryptomoon.ui.coinInfo,CoinInfoActivity,setOpen,1,0,0.0,0,0.0,1,21,1,0,3,0,1,0,0.0,0,0,1,0,0.0,0,2.0,1,0,0.0,0,0.017045454545454544,0.8484848484848485,168,53,0.0,33,2,32,1,0,8,13,0,0,0,0,0,0,0,2,0,35,0.9696969696969697,35,1.0606060606060606,33,32,2,0,32,1,0,32,7,1,0,0,0,0,0,35,35,19,462,334,4,0,37,44,1.0606060606060606,24,1,433,20,82,49,4360
2025-07-04,argo,com.rmnivnv.cryptomoon.ui.coinInfo,CoinInfoActivity,setHigh,1,0,0.0,0,0.0,1,21,1,0,3,0,1,0,0.0,0,0,1,0,0.0,0,2.0,1,0,0.0,0,0.017045454545454544,0.8484848484848485,168,53,0.0,33,2,32,1,0,8,13,0,0,0,0,0,0,0,2,0,35,0.9696969696969697,35,1.0606060606060606,33,32,2,0,32,1,0,32,7,1,0,0,0,0,0,35,35,19,462,334,4,0,37,44,1.0606060606060606,24,1,433,20,82,49,4360
2025-07-04,argo,com.rmnivnv.cryptomoon.ui.coinInfo,CoinInfoActivity,setLow,1,0,0.0,0,0.0,1,21,1,0,3,0,1,0,0.0,0,0,1,0,0.0,0,2.0,1,0,0.0,0,0.017045454545454544,0.8484848484848485,168,53,0.0,33,2,32,1,0,8,13,0,0,0,0,0,0,0,2,0,35,0.9696969696969697,35,1.0606060606060606,33,32,2,0,32,1,0,32,7,1,0,0,0,0,0,35,35,19,462,334,4,0,37,44,1.0606060606060606,24,1,433,20,82,49,4360
2025-07-04,argo,com.rmnivnv.cryptomoon.ui.coinInfo,CoinInfoActivity,setChange,1,0,0.0,0,0.0,1,21,1,0,3,0,1,0,0.0,0,0,1,0,0.0,0,2.0,1,0,0.0,0,0.017045454545454544,0.8484848484848485,168,53,0.0,33,2,32,1,0,8,13,0,0,0,0,0,0,0,2,0,35,0.9696969696969697,35,1.0606060606060606,33,32,2,0,32,1,0,32,7,1,0,0,0,0,0,35,35,19,462,334,4,0,37,44,1.0606060606060606,24,1,433,20,82,49,4360
2025-07-04,argo,com.rmnivnv.cryptomoon.ui.coinInfo,CoinInfoActivity,setChangePct,1,0,0.0,0,0.0,1,21,1,0,3,0,1,0,0.0,0,0,1,0,0.0,0,2.0,1,0,0.0,0,0.017045454545454544,0.8484848484848485,168,53,0.0,33,2,32,1,0,8,13,0,0,0,0,0,0,0,2,0,35,0.9696969696969697,35,1.0606060606060606,33,32,2,0,32,1,0,32,7,1,0,0,0,0,0,35,35,19,462,334,4,0,37,44,1.0606060606060606,24,1,433,20,82,49,4360
2025-07-04,argo,com.rmnivnv.cryptomoon.ui.coinInfo,CoinInfoActivity,setSupply,1,0,0.0,0,0.0,1,21,1,0,3,0,1,0,0.0,0,0,1,0,0.0,0,2.0,1,0,0.0,0,0.017045454545454544,0.8484848484848485,168,53,0.0,33,2,32,1,0,8,13,0,0,0,0,0,0,0,2,0,35,0.9696969696969697,35,1.0606060606060606,33,32,2,0,32,1,0,32,7,1,0,0,0,0,0,35,35,19,462,334,4,0,37,44,1.0606060606060606,24,1,433,20,82,49,4360
2025-07-04,argo,com.rmnivnv.cryptomoon.ui.coinInfo,CoinInfoActivity,setMarketCap,1,0,0.0,0,0.0,1,21,1,0,3,0,1,0,0.0,0,0,1,0,0.0,0,2.0,1,0,0.0,0,0.017045454545454544,0.8484848484848485,168,53,0.0,33,2,32,1,0,8,13,0,0,0,0,0,0,0,2,0,35,0.9696969696969697,35,1.0606060606060606,33,32,2,0,32,1,0,32,7,1,0,0,0,0,0,35,35,19,462,334,4,0,37,44,1.0606060606060606,24,1,433,20,82,49,4360
2025-07-04,argo,com.rmnivnv.cryptomoon.ui.coinInfo,CoinInfoActivity,enableGraphLoading,1,0,0.0,0,0.0,1,21,1,0,4,0,1,0,0.0,0,0,1,0,0.0,0,2.0,0,0,0.0,0,0.017045454545454544,0.8484848484848485,168,53,0.0,33,2,32,1,0,8,13,0,0,0,0,0,0,0,2,0,35,0.9696969696969697,35,1.0606060606060606,33,32,2,0,32,1,0,32,7,1,0,0,0,0,0,35,35,19,462,334,4,0,37,44,1.0606060606060606,24,1,433,20,82,49,4360
2025-07-04,argo,com.rmnivnv.cryptomoon.ui.coinInfo,CoinInfoActivity,disableGraphLoading,1,0,0.0,0,0.0,1,21,1,0,4,0,1,0,0.0,0,0,1,0,0.0,0,2.0,0,0,0.0,0,0.017045454545454544,0.8484848484848485,168,53,0.0,33,2,32,1,0,8,13,0,0,0,0,0,0,0,2,0,35,0.9696969696969697,35,1.0606060606060606,33,32,2,0,32,1,0,32,7,1,0,0,0,0,0,35,35,19,462,334,4,0,37,44,1.0606060606060606,24,1,433,20,82,49,4360
2025-07-04,argo,com.rmnivnv.cryptomoon.ui.coinInfo,CoinInfoActivity,startAddTransactionActivity,1,1,0.0,2,1.0,1,21,1,0,7,0,1,0,0.0,0,0,2,3,0.0,1,2.0,3,2,0.0,0,0.017045454545454544,0.8484848484848485,168,53,0.0,33,2,32,1,0,8,13,0,0,0,0,0,0,0,2,0,35,0.9696969696969697,35,1.0606060606060606,33,32,2,0,32,1,0,32,7,1,0,0,0,0,0,35,35,19,462,334,4,0,37,44,1.0606060606060606,24,1,433,20,82,49,4360
2025-07-04,argo,com.rmnivnv.cryptomoon.ui.coinInfo,CoinInfoActivity,setHoldingQuantity,1,0,0.0,0,0.0,1,21,1,0,3,0,1,0,0.0,0,0,1,0,0.0,0,2.0,1,0,0.0,0,0.017045454545454544,0.8484848484848485,168,53,0.0,33,2,32,1,0,8,13,0,0,0,0,0,0,0,2,0,35,0.9696969696969697,35,1.0606060606060606,33,32,2,0,32,1,0,32,7,1,0,0,0,0,0,35,35,19,462,334,4,0,37,44,1.0606060606060606,24,1,433,20,82,49,4360
2025-07-04,argo,com.rmnivnv.cryptomoon.ui.coinInfo,CoinInfoActivity,setHoldingValue,1,0,0.0,0,0.0,1,21,1,0,3,0,1,0,0.0,0,0,1,0,0.0,0,2.0,1,0,0.0,0,0.017045454545454544,0.8484848484848485,168,53,0.0,33,2,32,1,0,8,13,0,0,0,0,0,0,0,2,0,35,0.9696969696969697,35,1.0606060606060606,33,32,2,0,32,1,0,32,7,1,0,0,0,0,0,35,35,19,462,334,4,0,37,44,1.0606060606060606,24,1,433,20,82,49,4360
2025-07-04,argo,com.rmnivnv.cryptomoon.ui.coinInfo,CoinInfoActivity,setHoldingChangePercent,1,0,0.0,0,0.0,1,21,1,0,3,0,1,0,0.0,0,0,1,0,0.0,0,2.0,1,0,0.0,0,0.017045454545454544,0.8484848484848485,168,53,0.0,33,2,32,1,0,8,13,0,0,0,0,0,0,0,2,0,35,0.9696969696969697,35,1.0606060606060606,33,32,2,0,32,1,0,32,7,1,0,0,0,0,0,35,35,19,462,334,4,0,37,44,1.0606060606060606,24,1,433,20,82,49,4360
2025-07-04,argo,com.rmnivnv.cryptomoon.ui.coinInfo,CoinInfoActivity,setHoldingProfitLoss,1,0,0.0,0,0.0,1,21,1,0,3,0,1,0,0.0,0,0,1,0,0.0,0,2.0,1,0,0.0,0,0.017045454545454544,0.8484848484848485,168,53,0.0,33,2,32,1,0,8,13,0,0,0,0,0,0,0,2,0,35,0.9696969696969697,35,1.0606060606060606,33,32,2,0,32,1,0,32,7,1,0,0,0,0,0,35,35,19,462,334,4,0,37,44,1.0606060606060606,24,1,433,20,82,49,4360
2025-07-04,argo,com.rmnivnv.cryptomoon.ui.coinInfo,CoinInfoActivity,setHoldingProfitValue,1,0,0.0,0,0.0,1,21,1,0,3,0,1,0,0.0,0,0,1,0,0.0,0,2.0,1,0,0.0,0,0.017045454545454544,0.8484848484848485,168,53,0.0,33,2,32,1,0,8,13,0,0,0,0,0,0,0,2,0,35,0.9696969696969697,35,1.0606060606060606,33,32,2,0,32,1,0,32,7,1,0,0,0,0,0,35,35,19,462,334,4,0,37,44,1.0606060606060606,24,1,433,20,82,49,4360
2025-07-04,argo,com.rmnivnv.cryptomoon.ui.coinInfo,CoinInfoActivity,setHoldingTradePrice,1,0,0.0,0,0.0,1,21,1,0,3,0,1,0,0.0,0,0,1,0,0.0,0,2.0,1,0,0.0,0,0.017045454545454544,0.8484848484848485,168,53,0.0,33,2,32,1,0,8,13,0,0,0,0,0,0,0,2,0,35,0.9696969696969697,35,1.0606060606060606,33,32,2,0,32,1,0,32,7,1,0,0,0,0,0,35,35,19,462,334,4,0,37,44,1.0606060606060606,24,1,433,20,82,49,4360
2025-07-04,argo,com.rmnivnv.cryptomoon.ui.coinInfo,CoinInfoActivity,setHoldingTradeDate,1,0,0.0,0,0.0,1,21,1,0,3,0,1,0,0.0,0,0,1,0,0.0,0,2.0,1,0,0.0,0,0.017045454545454544,0.8484848484848485,168,53,0.0,33,2,32,1,0,8,13,0,0,0,0,0,0,0,2,0,35,0.9696969696969697,35,1.0606060606060606,33,32,2,0,32,1,0,32,7,1,0,0,0,0,0,35,35,19,462,334,4,0,37,44,1.0606060606060606,24,1,433,20,82,49,4360
2025-07-04,argo,com.rmnivnv.cryptomoon.ui.coinInfo,CoinInfoActivity,enableHoldings,1,0,0.0,0,0.0,1,21,1,0,3,0,1,0,0.0,0,0,1,0,0.0,0,2.0,0,0,0.0,0,0.017045454545454544,0.8484848484848485,168,53,0.0,33,2,32,1,0,8,13,0,0,0,0,0,0,0,2,0,35,0.9696969696969697,35,1.0606060606060606,33,32,2,0,32,1,0,32,7,1,0,0,0,0,0,35,35,19,462,334,4,0,37,44,1.0606060606060606,24,1,433,20,82,49,4360
2025-07-04,argo,com.rmnivnv.cryptomoon.ui.coinInfo,CoinInfoActivity,disableHoldings,1,0,0.0,0,0.0,1,21,1,0,3,0,1,0,0.0,0,0,1,0,0.0,0,2.0,0,0,0.0,0,0.017045454545454544,0.8484848484848485,168,53,0.0,33,2,32,1,0,8,13,0,0,0,0,0,0,0,2,0,35,0.9696969696969697,35,1.0606060606060606,33,32,2,0,32,1,0,32,7,1,0,0,0,0,0,35,35,19,462,334,4,0,37,44,1.0606060606060606,24,1,433,20,82,49,4360
2025-07-04,argo,com.rmnivnv.cryptomoon.ui.coinInfo,CoinInfoActivity,setHoldingChangePercentColor,1,0,0.0,1,1.0,1,21,1,0,3,0,1,0,0.5,0,1,1,2,1.0,0,3.0,1,1,0.0,0,0.017045454545454544,0.8484848484848485,168,53,0.0,33,2,32,1,0,8,13,0,0,0,0,0,0,0,2,0,35,0.9696969696969697,35,1.0606060606060606,33,32,2,0,32,1,0,32,7,1,0,0,0,0,0,35,35,19,462,334,4,0,37,44,1.0606060606060606,24,1,433,20,82,49,4360
2025-07-04,argo,com.rmnivnv.cryptomoon.ui.coinInfo,CoinInfoActivity,setHoldingProfitValueColor,1,0,0.0,1,1.0,1,21,1,0,3,0,1,0,0.5,0,1,1,2,1.0,0,3.0,1,1,0.0,0,0.017045454545454544,0.8484848484848485,168,53,0.0,33,2,32,1,0,8,13,0,0,0,0,0,0,0,2,0,35,0.9696969696969697,35,1.0606060606060606,33,32,2,0,32,1,0,32,7,1,0,0,0,0,0,35,35,19,462,334,4,0,37,44,1.0606060606060606,24,1,433,20,82,49,4360
2025-07-04,argo,com.rmnivnv.cryptomoon.ui.coinInfo,CoinInfoActivity,enableEmptyGraphText,1,0,0.0,0,0.0,1,21,1,0,3,0,1,0,0.0,0,0,1,0,0.0,0,2.0,0,0,0.0,0,0.017045454545454544,0.8484848484848485,168,53,0.0,33,2,32,1,0,8,13,0,0,0,0,0,0,0,2,0,35,0.9696969696969697,35,1.0606060606060606,33,32,2,0,32,1,0,32,7,1,0,0,0,0,0,35,35,19,462,334,4,0,37,44,1.0606060606060606,24,1,433,20,82,49,4360
2025-07-04,argo,com.rmnivnv.cryptomoon.ui.coinInfo,CoinInfoActivity,disableEmptyGraphText,1,0,0.0,0,0.0,1,21,1,0,3,0,1,0,0.0,0,0,1,0,0.0,0,2.0,0,0,0.0,0,0.017045454545454544,0.8484848484848485,168,53,0.0,33,2,32,1,0,8,13,0,0,0,0,0,0,0,2,0,35,0.9696969696969697,35,1.0606060606060606,33,32,2,0,32,1,0,32,7,1,0,0,0,0,0,35,35,19,462,334,4,0,37,44,1.0606060606060606,24,1,433,20,82,49,4360
2025-07-04,argo,com.rmnivnv.cryptomoon.ui.coinInfo,CoinInfoModule,provideView,1,0,0.0,0,0.0,0,0,1,0,1,0,1,0,0.0,0,0,0,0,0.0,0,0.0,1,0,0.0,0,0.0,0.0,5,2,0.0,2,0,0,0,0,9,0,0,0,0,0,0,0,0,0,0,2,1.0,2,1.0,2,0,0,0,2,0,0,2,0,1,0,0,0,0,0,2,2,19,462,334,4,0,0,1,1.0,24,1,433,20,82,49,4360
2025-07-04,argo,com.rmnivnv.cryptomoon.ui.coinInfo,CoinInfoModule,providePresenter,1,0,0.0,0,0.0,0,0,1,0,1,0,1,0,0.0,0,0,0,1,0.0,0,0.0,7,0,0.0,0,0.0,0.0,5,2,0.0,2,0,0,0,0,9,0,0,0,0,0,0,0,0,0,0,2,1.0,2,1.0,2,0,0,0,2,0,0,2,0,1,0,0,0,0,0,2,2,19,462,334,4,0,0,1,1.0,24,1,433,20,82,49,4360
2025-07-04,argo,com.rmnivnv.cryptomoon.ui.coinInfo,CoinInfoPresenter,onCreate,1,0,0.0,0,0.0,0,4,1,0,6,0,1,2,0.6666666666666666,2,2,4,0,1.0,0,0.0,2,2,0.0,0,0.38461538461538464,0.5,119,62,0.5,13,4,4,1,0,7,9,0,4,0,0,1,0,0,3,0,17,0.945054945054945,17,1.2142857142857142,14,4,4,0,4,10,0,4,1,1,0,0,0,0,0,14,14,19,462,334,4,0,14,90,1.4285714285714286,24,1,433,20,82,49,4360
2025-07-04,argo,com.rmnivnv.cryptomoon.ui.coinInfo,CoinInfoPresenter,setObservables,1,0,0.0,1,1.0,0,4,1,0,3,0,1,1,1.0,1,1,0,8,1.0,0,9.0,0,0,0.0,0,0.38461538461538464,0.5,119,62,0.5,13,4,4,1,0,7,9,0,4,0,0,1,0,0,3,0,17,0.945054945054945,17,1.2142857142857142,14,4,4,0,4,10,0,4,1,1,0,0,0,0,0,14,14,19,462,334,4,0,14,90,1.4285714285714286,24,1,433,20,82,49,4360
2025-07-04,argo,com.rmnivnv.cryptomoon.ui.coinInfo,CoinInfoPresenter,getCoinByName,1,0,0.0,1,1.0,0,4,1,0,3,0,1,2,1.0,2,1,0,8,2.0,0,3.6666666666666665,2,0,0.0,0,0.38461538461538464,0.5,119,62,0.5,13,4,4,1,0,7,9,0,4,0,0,1,0,0,3,0,17,0.945054945054945,17,1.2142857142857142,14,4,4,0,4,10,0,4,1,1,0,0,0,0,0,14,14,19,462,334,4,0,14,90,1.4285714285714286,24,1,433,20,82,49,4360
2025-07-04,argo,com.rmnivnv.cryptomoon.ui.coinInfo,CoinInfoPresenter,onCoinArrived,1,0,0.0,4,0.25,0,4,1,0,9,0,1,2,1.0,2,0,3,7,1.0,1,2.6,1,3,0.0,0,0.38461538461538464,0.5,119,62,0.5,13,4,4,1,0,7,9,0,4,0,0,1,0,0,3,0,17,0.945054945054945,17,1.2142857142857142,14,4,4,0,4,10,0,4,1,1,0,0,0,0,0,14,14,19,462,334,4,0,14,90,1.4285714285714286,24,1,433,20,82,49,4360
2025-07-04,argo,com.rmnivnv.cryptomoon.ui.coinInfo,CoinInfoPresenter,setCoinInfo,1,0,0.0,7,0.1429,0,4,1,0,9,0,1,0,1.0,0,1,1,14,1.0,0,3.0,0,1,0.0,0,0.38461538461538464,0.5,119,62,0.5,13,4,4,1,0,7,9,0,4,0,0,1,0,0,3,0,17,0.945054945054945,17,1.2142857142857142,14,4,4,0,4,10,0,4,1,1,0,0,0,0,0,14,14,19,462,334,4,0,14,90,1.4285714285714286,24,1,433,20,82,49,4360
2025-07-04,argo,com.rmnivnv.cryptomoon.ui.coinInfo,CoinInfoPresenter,setupHoldings,3,3,0.0,14,0.2857,0,4,1,0,19,1,3,0,1.0,0,3,0,23,1.0,1,2.466666666666667,0,0,0.0,0,0.38461538461538464,0.5,119,62,0.5,13,4,4,1,0,7,9,0,4,0,0,1,0,0,3,0,17,0.945054945054945,17,1.2142857142857142,14,4,4,0,4,10,0,4,1,1,0,0,0,0,0,14,14,19,462,334,4,0,14,90,1.4285714285714286,24,1,433,20,82,49,4360
2025-07-04,argo,com.rmnivnv.cryptomoon.ui.coinInfo,CoinInfoPresenter,onFindCoinError,1,0,1.0,2,1.0,0,4,1,0,4,0,1,1,0.8,1,2,2,2,2.0,0,2.0,1,2,0.0,0,0.38461538461538464,0.5,119,62,0.5,13,4,4,1,0,7,9,0,4,0,0,1,0,0,3,0,17,0.945054945054945,17,1.2142857142857142,14,4,4,0,4,10,0,4,1,1,0,0,0,0,0,14,14,19,462,334,4,0,14,90,1.4285714285714286,24,1,433,20,82,49,4360
2025-07-04,argo,com.rmnivnv.cryptomoon.ui.coinInfo,CoinInfoPresenter,requestCoinInfo,1,0,1.0,1,1.0,0,4,1,0,3,0,1,1,1.0,1,1,0,6,2.0,0,4.0,1,0,0.0,0,0.38461538461538464,0.5,119,62,0.5,13,4,4,1,0,7,9,0,4,0,0,1,0,0,3,0,17,0.945054945054945,17,1.2142857142857142,14,4,4,0,4,10,0,4,1,1,0,0,0,0,0,14,14,19,462,334,4,0,14,90,1.4285714285714286,24,1,433,20,82,49,4360
2025-07-04,argo,com.rmnivnv.cryptomoon.ui.coinInfo,CoinInfoPresenter,onPriceUpdated,2,1,1.0,2,1.0,0,4,1,0,7,1,2,1,0.0,1,0,0,2,0.5,1,2.0,1,0,0.0,0,0.38461538461538464,0.5,119,62,0.5,13,4,4,1,0,7,9,0,4,0,0,1,0,0,3,0,17,0.945054945054945,17,1.2142857142857142,14,4,4,0,4,10,0,4,1,1,0,0,0,0,0,14,14,19,462,334,4,0,14,90,1.4285714285714286,24,1,433,20,82,49,4360
2025-07-04,argo,com.rmnivnv.cryptomoon.ui.coinInfo,CoinInfoPresenter,onSpinnerItemClicked,2,0,1.0,1,1.0,0,4,1,0,15,1,2,1,0.0,1,0,2,1,1.0,1,2.0,1,2,0.0,0,0.38461538461538464,0.5,119,62,0.5,13,4,4,1,0,7,9,0,4,0,0,1,0,0,3,0,17,0.945054945054945,17,1.2142857142857142,14,4,4,0,4,10,0,4,1,1,0,0,0,0,0,14,14,19,462,334,4,0,14,90,1.4285714285714286,24,1,433,20,82,49,4360
2025-07-04,argo,com.rmnivnv.cryptomoon.ui.coinInfo,CoinInfoPresenter,requestHisto,1,0,1.0,1,1.0,0,4,1,0,3,0,1,1,0.7142857142857143,1,4,0,8,4.0,0,3.0,1,0,0.0,0,0.38461538461538464,0.5,119,62,0.5,13,4,4,1,0,7,9,0,4,0,0,1,0,0,3,0,17,0.945054945054945,17,1.2142857142857142,14,4,4,0,4,10,0,4,1,1,0,0,0,0,0,14,14,19,462,334,4,0,14,90,1.4285714285714286,24,1,433,20,82,49,4360
2025-07-04,argo,com.rmnivnv.cryptomoon.ui.coinInfo,CoinInfoPresenter,onHistoReceived,3,0,0.0,5,0.4,0,4,1,0,9,1,3,0,0.0,0,0,1,6,0.5,1,2.2,2,1,0.0,0,0.38461538461538464,0.5,119,62,0.5,13,4,4,1,0,7,9,0,4,0,0,1,0,0,3,0,17,0.945054945054945,17,1.2142857142857142,14,4,4,0,4,10,0,4,1,1,0,0,0,0,0,14,14,19,462,334,4,0,14,90,1.4285714285714286,24,1,433,20,82,49,4360
2025-07-04,argo,com.rmnivnv.cryptomoon.ui.coinInfo,CoinInfoPresenter,onDestroy,1,0,0.0,1,1.0,0,4,1,0,3,0,1,0,1.0,0,1,0,1,1.0,1,2.0,0,0,0.0,0,0.38461538461538464,0.5,119,62,0.5,13,4,4,1,0,7,9,0,4,0,0,1,0,0,3,0,17,0.945054945054945,17,1.2142857142857142,14,4,4,0,4,10,0,4,1,1,0,0,0,0,0,14,14,19,462,334,4,0,14,90,1.4285714285714286,24,1,433,20,82,49,4360
2025-07-04,argo,com.rmnivnv.cryptomoon.ui.coinInfo,CoinInfoPresenter,onAddTransactionClicked,1,0,0.0,1,1.0,0,4,1,0,3,0,1,0,1.0,0,3,1,4,3.0,0,2.3333333333333335,0,1,0.0,0,0.38461538461538464,0.5,119,62,0.5,13,4,4,1,0,7,9,0,4,0,0,1,0,0,3,0,17,0.945054945054945,17,1.2142857142857142,14,4,4,0,4,10,0,4,1,1,0,0,0,0,0,14,14,19,462,334,4,0,14,90,1.4285714285714286,24,1,433,20,82,49,4360
2025-07-04,argo,com.rmnivnv.cryptomoon.ui.coins,CoinsFragment,onCreate,1,0,0.0,0,0.0,1,8,1,0,4,0,1,0,0.6666666666666666,1,2,0,1,2.0,1,2.0,1,0,0.0,0,0.06884057971014493,0.5833333333333334,125,59,0.0,23,7,22,1,0,7,12,0,3,0,0,0,0,0,7,0,24,0.9818840579710145,24,1.0,24,22,7,0,22,2,0,22,4,1,0,0,0,0,0,24,24,19,462,334,5,0,22,26,1.0,46,1,598,20,82,66,4360
2025-07-04,argo,com.rmnivnv.cryptomoon.ui.coins,CoinsFragment,onCreateView,1,0,0.0,1,1.0,1,8,1,0,1,0,1,0,0.0,0,0,0,3,0.33,0,4.0,3,0,0.0,0,0.06884057971014493,0.5833333333333334,125,59,0.0,23,7,22,1,0,7,12,0,3,0,0,0,0,0,7,0,24,0.9818840579710145,24,1.0,24,22,7,0,22,2,0,22,4,1,0,0,0,0,0,24,24,19,462,334,5,0,22,26,1.0,46,1,598,20,82,66,4360
2025-07-04,argo,com.rmnivnv.cryptomoon.ui.coins,CoinsFragment,onViewCreated,1,0,0.0,1,1.0,1,8,1,0,8,0,1,2,0.6,3,1,4,5,1.0,1,2.0,2,4,0.0,0,0.06884057971014493,0.5833333333333334,125,59,0.0,23,7,22,1,0,7,12,0,3,0,0,0,0,0,7,0,24,0.9818840579710145,24,1.0,24,22,7,0,22,2,0,22,4,1,0,0,0,0,0,24,24,19,462,334,5,0,22,26,1.0,46,1,598,20,82,66,4360
2025-07-04,argo,com.rmnivnv.cryptomoon.ui.coins,CoinsFragment,setupRecView,1,0,0.0,2,1.0,1,8,1,0,6,0,1,0,1.0,0,7,3,2,7.0,1,2.0,0,0,0.0,0,0.06884057971014493,0.5833333333333334,125,59,0.0,23,7,22,1,0,7,12,0,3,0,0,0,0,0,7,0,24,0.9818840579710145,24,1.0,24,22,7,0,22,2,0,22,4,1,0,0,0,0,0,24,24,19,462,334,5,0,22,26,1.0,46,1,598,20,82,66,4360
2025-07-04,argo,com.rmnivnv.cryptomoon.ui.coins,CoinsFragment,setupSwipeRefresh,1,0,0.0,1,1.0,1,8,1,0,3,0,1,0,1.0,0,1,1,2,1.0,0,2.0,0,1,0.0,0,0.06884057971014493,0.5833333333333334,125,59,0.0,23,7,22,1,0,7,12,0,3,0,0,0,0,0,7,0,24,0.9818840579710145,24,1.0,24,22,7,0,22,2,0,22,4,1,0,0,0,0,0,24,24,19,462,334,5,0,22,26,1.0,46,1,598,20,82,66,4360
2025-07-04,argo,com.rmnivnv.cryptomoon.ui.coins,CoinsFragment,onStart,1,0,0.0,0,0.0,1,8,1,0,4,0,1,0,1.0,1,1,0,1,1.0,1,2.0,0,0,0.0,0,0.06884057971014493,0.5833333333333334,125,59,0.0,23,7,22,1,0,7,12,0,3,0,0,0,0,0,7,0,24,0.9818840579710145,24,1.0,24,22,7,0,22,2,0,22,4,1,0,0,0,0,0,24,24,19,462,334,5,0,22,26,1.0,46,1,598,20,82,66,4360
2025-07-04,argo,com.rmnivnv.cryptomoon.ui.coins,CoinsFragment,onStop,1,0,0.0,0,0.0,1,8,1,0,4,0,1,0,1.0,1,1,0,1,1.0,1,2.0,0,0,0.0,0,0.06884057971014493,0.5833333333333334,125,59,0.0,23,7,22,1,0,7,12,0,3,0,0,0,0,0,7,0,24,0.9818840579710145,24,1.0,24,22,7,0,22,2,0,22,4,1,0,0,0,0,0,24,24,19,462,334,5,0,22,26,1.0,46,1,598,20,82,66,4360
2025-07-04,argo,com.rmnivnv.cryptomoon.ui.coins,CoinsFragment,updateRecyclerView,1,0,0.0,1,1.0,1,8,1,0,3,0,1,0,1.0,0,1,0,1,1.0,1,2.0,0,0,0.0,0,0.06884057971014493,0.5833333333333334,125,59,0.0,23,7,22,1,0,7,12,0,3,0,0,0,0,0,7,0,24,0.9818840579710145,24,1.0,24,22,7,0,22,2,0,22,4,1,0,0,0,0,0,24,24,19,462,334,5,0,22,26,1.0,46,1,598,20,82,66,4360
2025-07-04,argo,com.rmnivnv.cryptomoon.ui.coins,CoinsFragment,hideRefreshing,1,0,0.0,0,0.0,1,8,1,0,3,0,1,0,0.0,0,0,0,0,0.0,0,2.0,0,0,0.0,0,0.06884057971014493,0.5833333333333334,125,59,0.0,23,7,22,1,0,7,12,0,3,0,0,0,0,0,7,0,24,0.9818840579710145,24,1.0,24,22,7,0,22,2,0,22,4,1,0,0,0,0,0,24,24,19,462,334,5,0,22,26,1.0,46,1,598,20,82,66,4360
2025-07-04,argo,com.rmnivnv.cryptomoon.ui.coins,CoinsFragment,enableSwipeToRefresh,1,0,0.0,0,0.0,1,8,1,0,3,0,1,0,0.0,0,0,0,0,0.0,0,2.0,0,0,0.0,0,0.06884057971014493,0.5833333333333334,125,59,0.0,23,7,22,1,0,7,12,0,3,0,0,0,0,0,7,0,24,0.9818840579710145,24,1.0,24,22,7,0,22,2,0,22,4,1,0,0,0,0,0,24,24,19,462,334,5,0,22,26,1.0,46,1,598,20,82,66,4360
2025-07-04,argo,com.rmnivnv.cryptomoon.ui.coins,CoinsFragment,disableSwipeToRefresh,1,0,0.0,0,0.0,1,8,1,0,3,0,1,0,0.0,0,0,0,0,0.0,0,2.0,0,0,0.0,0,0.06884057971014493,0.5833333333333334,125,59,0.0,23,7,22,1,0,7,12,0,3,0,0,0,0,0,7,0,24,0.9818840579710145,24,1.0,24,22,7,0,22,2,0,22,4,1,0,0,0,0,0,24,24,19,462,334,5,0,22,26,1.0,46,1,598,20,82,66,4360
2025-07-04,argo,com.rmnivnv.cryptomoon.ui.coins,CoinsFragment,startCoinInfoActivity,1,1,0.0,3,1.0,1,8,1,0,6,0,1,0,0.0,0,0,2,3,0.0,1,2.0,2,2,0.0,0,0.06884057971014493,0.5833333333333334,125,59,0.0,23,7,22,1,0,7,12,0,3,0,0,0,0,0,7,0,24,0.9818840579710145,24,1.0,24,22,7,0,22,2,0,22,4,1,0,0,0,0,0,24,24,19,462,334,5,0,22,26,1.0,46,1,598,20,82,66,4360
2025-07-04,argo,com.rmnivnv.cryptomoon.ui.coins,CoinsFragment,startAllocationsActivity,1,0,0.0,1,1.0,1,8,1,0,3,0,1,0,0.0,0,0,1,2,0.0,0,2.0,0,1,0.0,0,0.06884057971014493,0.5833333333333334,125,59,0.0,23,7,22,1,0,7,12,0,3,0,0,0,0,0,7,0,24,0.9818840579710145,24,1.0,24,22,7,0,22,2,0,22,4,1,0,0,0,0,0,24,24,19,462,334,5,0,22,26,1.0,46,1,598,20,82,66,4360
2025-07-04,argo,com.rmnivnv.cryptomoon.ui.coins,CoinsFragment,enableTotalHoldings,1,0,0.0,0,0.0,1,8,1,0,4,0,1,0,0.0,0,0,1,0,1.0,0,2.0,0,0,0.0,0,0.06884057971014493,0.5833333333333334,125,59,0.0,23,7,22,1,0,7,12,0,3,0,0,0,0,0,7,0,24,0.9818840579710145,24,1.0,24,22,7,0,22,2,0,22,4,1,0,0,0,0,0,24,24,19,462,334,5,0,22,26,1.0,46,1,598,20,82,66,4360
2025-07-04,argo,com.rmnivnv.cryptomoon.ui.coins,CoinsFragment,disableTotalHoldings,1,0,0.0,0,0.0,1,8,1,0,4,0,1,0,0.0,0,0,1,0,1.0,0,2.0,0,0,0.0,0,0.06884057971014493,0.5833333333333334,125,59,0.0,23,7,22,1,0,7,12,0,3,0,0,0,0,0,7,0,24,0.9818840579710145,24,1.0,24,22,7,0,22,2,0,22,4,1,0,0,0,0,0,24,24,19,462,334,5,0,22,26,1.0,46,1,598,20,82,66,4360
2025-07-04,argo,com.rmnivnv.cryptomoon.ui.coins,CoinsFragment,setTotalHoldingsValue,1,0,0.0,0,0.0,1,8,1,0,3,0,1,0,0.0,0,0,1,0,1.0,0,2.0,1,0,0.0,0,0.06884057971014493,0.5833333333333334,125,59,0.0,23,7,22,1,0,7,12,0,3,0,0,0,0,0,7,0,24,0.9818840579710145,24,1.0,24,22,7,0,22,2,0,22,4,1,0,0,0,0,0,24,24,19,462,334,5,0,22,26,1.0,46,1,598,20,82,66,4360
2025-07-04,argo,com.rmnivnv.cryptomoon.ui.coins,CoinsFragment,setTotalHoldingsChangePercent,1,0,0.0,0,0.0,1,8,1,0,3,0,1,0,0.0,0,0,1,0,1.0,0,2.0,1,0,0.0,0,0.06884057971014493,0.5833333333333334,125,59,0.0,23,7,22,1,0,7,12,0,3,0,0,0,0,0,7,0,24,0.9818840579710145,24,1.0,24,22,7,0,22,2,0,22,4,1,0,0,0,0,0,24,24,19,462,334,5,0,22,26,1.0,46,1,598,20,82,66,4360
2025-07-04,argo,com.rmnivnv.cryptomoon.ui.coins,CoinsFragment,setTotalHoldingsChangePercentColor,1,0,0.0,1,1.0,1,8,1,0,3,0,1,0,0.5,0,1,1,2,2.0,0,3.0,1,1,0.0,0,0.06884057971014493,0.5833333333333334,125,59,0.0,23,7,22,1,0,7,12,0,3,0,0,0,0,0,7,0,24,0.9818840579710145,24,1.0,24,22,7,0,22,2,0,22,4,1,0,0,0,0,0,24,24,19,462,334,5,0,22,26,1.0,46,1,598,20,82,66,4360
2025-07-04,argo,com.rmnivnv.cryptomoon.ui.coins,CoinsFragment,startHoldingsActivity,1,0,0.0,1,1.0,1,8,1,0,3,0,1,0,0.0,0,0,1,1,0.0,0,2.0,0,1,0.0,0,0.06884057971014493,0.5833333333333334,125,59,0.0,23,7,22,1,0,7,12,0,3,0,0,0,0,0,7,0,24,0.9818840579710145,24,1.0,24,22,7,0,22,2,0,22,4,1,0,0,0,0,0,24,24,19,462,334,5,0,22,26,1.0,46,1,598,20,82,66,4360
2025-07-04,argo,com.rmnivnv.cryptomoon.ui.coins,CoinsFragment,setTotalHoldingsChangeValue,1,0,0.0,0,0.0,1,8,1,0,3,0,1,0,0.0,0,0,1,0,1.0,0,2.0,1,0,0.0,0,0.06884057971014493,0.5833333333333334,125,59,0.0,23,7,22,1,0,7,12,0,3,0,0,0,0,0,7,0,24,0.9818840579710145,24,1.0,24,22,7,0,22,2,0,22,4,1,0,0,0,0,0,24,24,19,462,334,5,0,22,26,1.0,46,1,598,20,82,66,4360
2025-07-04,argo,com.rmnivnv.cryptomoon.ui.coins,CoinsFragment,setTotalHoldingsChangeValueColor,1,0,0.0,1,1.0,1,8,1,0,3,0,1,0,0.5,0,1,1,2,2.0,0,3.0,1,1,0.0,0,0.06884057971014493,0.5833333333333334,125,59,0.0,23,7,22,1,0,7,12,0,3,0,0,0,0,0,7,0,24,0.9818840579710145,24,1.0,24,22,7,0,22,2,0,22,4,1,0,0,0,0,0,24,24,19,462,334,5,0,22,26,1.0,46,1,598,20,82,66,4360
2025-07-04,argo,com.rmnivnv.cryptomoon.ui.coins,CoinsFragment,setAllTimeProfitLossString,1,0,0.0,0,0.0,1,8,1,0,3,0,1,0,0.0,0,0,1,0,1.0,0,2.0,1,0,0.0,0,0.06884057971014493,0.5833333333333334,125,59,0.0,23,7,22,1,0,7,12,0,3,0,0,0,0,0,7,0,24,0.9818840579710145,24,1.0,24,22,7,0,22,2,0,22,4,1,0,0,0,0,0,24,24,19,462,334,5,0,22,26,1.0,46,1,598,20,82,66,4360
2025-07-04,argo,com.rmnivnv.cryptomoon.ui.coins,CoinsFragment,enableEmptyText,1,0,0.0,0,0.0,1,8,1,0,3,0,1,0,0.0,0,0,1,0,1.0,0,2.0,0,0,0.0,0,0.06884057971014493,0.5833333333333334,125,59,0.0,23,7,22,1,0,7,12,0,3,0,0,0,0,0,7,0,24,0.9818840579710145,24,1.0,24,22,7,0,22,2,0,22,4,1,0,0,0,0,0,24,24,19,462,334,5,0,22,26,1.0,46,1,598,20,82,66,4360
2025-07-04,argo,com.rmnivnv.cryptomoon.ui.coins,CoinsFragment,disableEmptyText,1,0,0.0,0,0.0,1,8,1,0,3,0,1,0,0.0,0,0,1,0,1.0,0,2.0,0,0,0.0,0,0.06884057971014493,0.5833333333333334,125,59,0.0,23,7,22,1,0,7,12,0,3,0,0,0,0,0,7,0,24,0.9818840579710145,24,1.0,24,22,7,0,22,2,0,22,4,1,0,0,0,0,0,24,24,19,462,334,5,0,22,26,1.0,46,1,598,20,82,66,4360
2025-07-04,argo,com.rmnivnv.cryptomoon.ui.coins,CoinsListAdapter,onCreateViewHolder,1,0,0.0,1,1.0,0,4,2,0,1,0,1,0,0.0,0,0,0,5,0.0,0,6.0,2,0,0.0,0,0.0,0.16666666666666666,58,4,0.0,6,0,5,1,0,4,1,0,0,0,0,0,0,0,0,0,7,1.0,7,1.1666666666666667,6,5,0,0,5,1,0,5,1,1,0,0,0,0,0,7,7,19,462,334,5,0,1,7,1.3333333333333333,46,1,598,20,82,66,4360
2025-07-04,argo,com.rmnivnv.cryptomoon.ui.coins,CoinsListAdapter,onBindViewHolder,1,0,0.0,1,1.0,0,4,2,0,3,0,1,0,0.0,0,0,1,1,0.0,1,2.0,2,1,0.0,0,0.0,0.16666666666666666,58,4,0.0,6,0,5,1,0,4,1,0,0,0,0,0,0,0,0,0,7,1.0,7,1.1666666666666667,6,5,0,0,5,1,0,5,1,1,0,0,0,0,0,7,7,19,462,334,5,0,1,7,1.3333333333333333,46,1,598,20,82,66,4360
2025-07-04,argo,com.rmnivnv.cryptomoon.ui.coins,CoinsListAdapter,getChangeArrowDrawable,3,0,0.0,0,0.0,0,4,2,0,5,2,3,0,0.0,0,0,0,0,0.0,0,3.0,1,0,0.0,0,0.0,0.16666666666666666,58,4,0.0,6,0,5,1,0,4,1,0,0,0,0,0,0,0,0,0,7,1.0,7,1.1666666666666667,6,5,0,0,5,1,0,5,1,1,0,0,0,0,0,7,7,19,462,334,5,0,1,7,1.3333333333333333,46,1,598,20,82,66,4360
2025-07-04,argo,com.rmnivnv.cryptomoon.ui.coins,CoinsListAdapter,getItemCount,1,0,0.0,0,0.0,0,4,2,0,1,0,1,0,0.0,0,0,0,0,0.0,0,2.0,0,0,0.0,0,0.0,0.16666666666666666,58,4,0.0,6,0,5,1,0,4,1,0,0,0,0,0,0,0,0,0,7,1.0,7,1.1666666666666667,6,5,0,0,5,1,0,5,1,1,0,0,0,0,0,7,7,19,462,334,5,0,1,7,1.3333333333333333,46,1,598,20,82,66,4360
2025-07-04,argo,com.rmnivnv.cryptomoon.ui.coins,CoinsListAdapter,getItemId,1,0,0.0,1,1.0,0,4,2,0,1,0,1,0,0.0,0,0,0,1,0.0,1,2.0,1,0,0.0,0,0.0,0.16666666666666666,58,4,0.0,6,0,5,1,0,4,1,0,0,0,0,0,0,0,0,0,7,1.0,7,1.1666666666666667,6,5,0,0,5,1,0,5,1,1,0,0,0,0,0,7,7,19,462,334,5,0,1,7,1.3333333333333333,46,1,598,20,82,66,4360
2025-07-04,argo,com.rmnivnv.cryptomoon.ui.coins,CoinsListAdapter,getItemViewType,1,0,0.0,0,0.0,0,4,2,0,1,0,1,0,0.0,0,0,0,0,0.0,0,0.0,1,0,0.0,0,0.0,0.16666666666666666,58,4,0.0,6,0,5,1,0,4,1,0,0,0,0,0,0,0,0,0,7,1.0,7,1.1666666666666667,6,5,0,0,5,1,0,5,1,1,0,0,0,0,0,7,7,19,462,334,5,0,1,7,1.3333333333333333,46,1,598,20,82,66,4360
2025-07-04,argo,com.rmnivnv.cryptomoon.ui.coins,CoinsModule,provideView,1,0,0.0,0,0.0,0,0,1,0,1,0,1,0,0.0,0,0,0,0,0.0,0,0.0,1,0,0.0,0,0.0,0.0,5,2,0.0,2,0,0,0,0,13,0,0,0,0,0,0,0,0,0,0,2,1.0,2,1.0,2,0,0,0,2,0,0,2,0,1,0,0,0,0,0,2,2,19,462,334,5,0,0,1,1.0,46,1,598,20,82,66,4360
2025-07-04,argo,com.rmnivnv.cryptomoon.ui.coins,CoinsModule,providePresenter,1,0,0.0,0,0.0,0,0,1,0,1,0,1,0,0.0,0,0,0,1,0.0,0,0.0,11,0,0.0,0,0.0,0.0,5,2,0.0,2,0,0,0,0,13,0,0,0,0,0,0,0,0,0,0,2,1.0,2,1.0,2,0,0,0,2,0,0,2,0,1,0,0,0,0,0,2,2,19,462,334,5,0,0,1,1.0,46,1,598,20,82,66,4360
2025-07-04,argo,com.rmnivnv.cryptomoon.ui.coins,CoinsPresenter,onCreate,1,0,0.0,0,0.0,0,8,1,0,3,0,1,0,1.0,0,0,0,0,1.0,0,2.0,1,0,0.0,0,0.13903743315508021,0.6176470588235294,236,162,0.5769230769230769,33,5,8,1,0,8,17,0,5,0,0,1,0,0,4,0,52,0.928698752228164,53,1.5588235294117647,34,8,5,0,8,26,0,8,5,1,0,0,0,0,0,34,34,19,462,334,5,0,23,120,1.7272727272727273,46,1,598,20,82,66,4360
2025-07-04,argo,com.rmnivnv.cryptomoon.ui.coins,CoinsPresenter,onStart,2,0,3.0,1,1.0,0,8,1,0,6,1,2,4,1.0,4,1,3,1,1.0,1,2.0,0,3,0.0,0,0.13903743315508021,0.6176470588235294,236,162,0.5769230769230769,33,5,8,1,0,8,17,0,5,0,0,1,0,0,4,0,52,0.928698752228164,53,1.5588235294117647,34,8,5,0,8,26,0,8,5,1,0,0,0,0,0,34,34,19,462,334,5,0,23,120,1.7272727272727273,46,1,598,20,82,66,4360
2025-07-04,argo,com.rmnivnv.cryptomoon.ui.coins,CoinsPresenter,subscribeToObservables,1,0,3.0,0,0.0,0,8,1,0,6,0,1,4,0.0,4,0,4,0,0.0,0,0.0,0,4,0.0,0,0.13903743315508021,0.6176470588235294,236,162,0.5769230769230769,33,5,8,1,0,8,17,0,5,0,0,1,0,0,4,0,52,0.928698752228164,53,1.5588235294117647,34,8,5,0,8,26,0,8,5,1,0,0,0,0,0,34,34,19,462,334,5,0,23,120,1.7272727272727273,46,1,598,20,82,66,4360
2025-07-04,argo,com.rmnivnv.cryptomoon.ui.coins,CoinsPresenter,addCoinsChangesObservable,1,0,1.0,1,1.0,0,8,1,0,3,0,1,1,1.0,1,1,0,8,2.0,0,9.0,0,0,0.0,0,0.13903743315508021,0.6176470588235294,236,162,0.5769230769230769,33,5,8,1,0,8,17,0,5,0,0,1,0,0,4,0,52,0.928698752228164,53,1.5588235294117647,34,8,5,0,8,26,0,8,5,1,0,0,0,0,0,34,34,19,462,334,5,0,23,120,1.7272727272727273,46,1,598,20,82,66,4360
2025-07-04,argo,com.rmnivnv.cryptomoon.ui.coins,CoinsPresenter,onCoinsFromDbUpdates,5,1,4.0,6,0.5714,0,8,1,0,22,2,5,5,0.7142857142857143,5,2,0,9,1.0,1,2.0,1,0,0.0,0,0.13903743315508021,0.6176470588235294,236,162,0.5769230769230769,33,5,8,1,0,8,17,0,5,0,0,1,0,0,4,0,52,0.928698752228164,53,1.5588235294117647,34,8,5,0,8,26,0,8,5,1,0,0,0,0,0,34,34,19,462,334,5,0,23,120,1.7272727272727273,46,1,598,20,82,66,4360
2025-07-04,argo,com.rmnivnv.cryptomoon.ui.coins,CoinsPresenter,alreadySelectedCoins,2,1,0.0,2,1.0,0,8,1,0,7,1,2,0,1.0,0,1,0,7,1.0,0,2.0,0,0,0.0,0,0.13903743315508021,0.6176470588235294,236,162,0.5769230769230769,33,5,8,1,0,8,17,0,5,0,0,1,0,0,4,0,52,0.928698752228164,53,1.5588235294117647,34,8,5,0,8,26,0,8,5,1,0,0,0,0,0,34,34,19,462,334,5,0,23,120,1.7272727272727273,46,1,598,20,82,66,4360
2025-07-04,argo,com.rmnivnv.cryptomoon.ui.coins,CoinsPresenter,setSelectedCoins,1,0,0.0,0,0.0,0,8,1,0,3,0,1,0,0.5,0,1,1,0,1.0,0,2.0,1,1,0.0,0,0.13903743315508021,0.6176470588235294,236,162,0.5769230769230769,33,5,8,1,0,8,17,0,5,0,0,1,0,0,4,0,52,0.928698752228164,53,1.5588235294117647,34,8,5,0,8,26,0,8,5,1,0,0,0,0,0,34,34,19,462,334,5,0,23,120,1.7272727272727273,46,1,598,20,82,66,4360
2025-07-04,argo,com.rmnivnv.cryptomoon.ui.coins,CoinsPresenter,addHoldingsChangesObservable,1,0,1.0,1,1.0,0,8,1,0,3,0,1,1,1.0,1,1,0,8,2.0,0,9.0,0,0,0.0,0,0.13903743315508021,0.6176470588235294,236,162,0.5769230769230769,33,5,8,1,0,8,17,0,5,0,0,1,0,0,4,0,52,0.928698752228164,53,1.5588235294117647,34,8,5,0,8,26,0,8,5,1,0,0,0,0,0,34,34,19,462,334,5,0,23,120,1.7272727272727273,46,1,598,20,82,66,4360
2025-07-04,argo,com.rmnivnv.cryptomoon.ui.coins,CoinsPresenter,onHoldingsUpdate,3,0,1.0,4,0.75,0,8,1,0,9,1,3,1,0.5,1,1,0,4,1.0,1,2.0,1,0,0.0,0,0.13903743315508021,0.6176470588235294,236,162,0.5769230769230769,33,5,8,1,0,8,17,0,5,0,0,1,0,0,4,0,52,0.928698752228164,53,1.5588235294117647,34,8,5,0,8,26,0,8,5,1,0,0,0,0,0,34,34,19,462,334,5,0,23,120,1.7272727272727273,46,1,598,20,82,66,4360
2025-07-04,argo,com.rmnivnv.cryptomoon.ui.coins,CoinsPresenter,updateHoldings,2,0,0.0,2,1.0,0,8,1,0,8,1,2,3,1.0,3,1,0,2,1.0,1,2.0,0,0,0.0,0,0.13903743315508021,0.6176470588235294,236,162,0.5769230769230769,33,5,8,1,0,8,17,0,5,0,0,1,0,0,4,0,52,0.928698752228164,53,1.5588235294117647,34,8,5,0,8,26,0,8,5,1,0,0,0,0,0,34,34,19,462,334,5,0,23,120,1.7272727272727273,46,1,598,20,82,66,4360
2025-07-04,argo,com.rmnivnv.cryptomoon.ui.coins,CoinsPresenter,setTotalHoldingValue,1,0,0.0,1,1.0,0,8,1,0,3,0,1,0,0.0,0,0,1,2,1.0,0,2.0,0,1,0.0,0,0.13903743315508021,0.6176470588235294,236,162,0.5769230769230769,33,5,8,1,0,8,17,0,5,0,0,1,0,0,4,0,52,0.928698752228164,53,1.5588235294117647,34,8,5,0,8,26,0,8,5,1,0,0,0,0,0,34,34,19,462,334,5,0,23,120,1.7272727272727273,46,1,598,20,82,66,4360
2025-07-04,argo,com.rmnivnv.cryptomoon.ui.coins,CoinsPresenter,setTotalHoldingsChangePercent,1,1,0.0,2,1.0,0,8,1,0,5,0,1,0,0.0,1,0,1,3,1.0,1,2.0,0,1,0.0,0,0.13903743315508021,0.6176470588235294,236,162,0.5769230769230769,33,5,8,1,0,8,17,0,5,0,0,1,0,0,4,0,52,0.928698752228164,53,1.5588235294117647,34,8,5,0,8,26,0,8,5,1,0,0,0,0,0,34,34,19,462,334,5,0,23,120,1.7272727272727273,46,1,598,20,82,66,4360
2025-07-04,argo,com.rmnivnv.cryptomoon.ui.coins,CoinsPresenter,setTotalHoldingsChangeValue,1,1,0.0,2,1.0,0,8,1,0,6,0,1,1,0.0,2,0,2,3,1.0,1,2.0,0,2,0.0,0,0.13903743315508021,0.6176470588235294,236,162,0.5769230769230769,33,5,8,1,0,8,17,0,5,0,0,1,0,0,4,0,52,0.928698752228164,53,1.5588235294117647,34,8,5,0,8,26,0,8,5,1,0,0,0,0,0,34,34,19,462,334,5,0,23,120,1.7272727272727273,46,1,598,20,82,66,4360
2025-07-04,argo,com.rmnivnv.cryptomoon.ui.coins,CoinsPresenter,setAllTimeProfitLossString,1,0,0.0,0,0.0,0,8,1,0,3,0,1,0,0.0,2,0,1,1,0.0,1,2.0,1,1,0.0,0,0.13903743315508021,0.6176470588235294,236,162,0.5769230769230769,33,5,8,1,0,8,17,0,5,0,0,1,0,0,4,0,52,0.928698752228164,53,1.5588235294117647,34,8,5,0,8,26,0,8,5,1,0,0,0,0,0,34,34,19,462,334,5,0,23,120,1.7272727272727273,46,1,598,20,82,66,4360
2025-07-04,argo,com.rmnivnv.cryptomoon.ui.coins,CoinsPresenter,getProfitLossText,3,0,0.0,1,1.0,0,8,1,0,1,1,3,0,0.0,0,0,0,4,0.0,0,4.0,1,0,0.0,0,0.13903743315508021,0.6176470588235294,236,162,0.5769230769230769,33,5,8,1,0,8,17,0,5,0,0,1,0,0,4,0,52,0.928698752228164,53,1.5588235294117647,34,8,5,0,8,26,0,8,5,1,0,0,0,0,0,34,34,19,462,334,5,0,23,120,1.7272727272727273,46,1,598,20,82,66,4360
2025-07-04,argo,com.rmnivnv.cryptomoon.ui.coins,CoinsPresenter,setupRxBusEventsListeners,1,0,0.0,1,1.0,0,8,1,0,4,0,1,2,1.0,2,1,0,11,1.0,0,6.666666666666667,0,0,0.0,0,0.13903743315508021,0.6176470588235294,236,162,0.5769230769230769,33,5,8,1,0,8,17,0,5,0,0,1,0,0,4,0,52,0.928698752228164,53,1.5588235294117647,34,8,5,0,8,26,0,8,5,1,0,0,0,0,0,34,34,19,462,334,5,0,23,120,1.7272727272727273,46,1,598,20,82,66,4360
2025-07-04,argo,com.rmnivnv.cryptomoon.ui.coins,CoinsPresenter,onDeleteClicked,3,1,1.0,5,1.0,0,8,1,0,10,1,3,1,1.0,1,1,0,10,2.0,1,2.4,0,0,0.0,0,0.13903743315508021,0.6176470588235294,236,162,0.5769230769230769,33,5,8,1,0,8,17,0,5,0,0,1,0,0,4,0,52,0.928698752228164,53,1.5588235294117647,34,8,5,0,8,26,0,8,5,1,0,0,0,0,0,34,34,19,462,334,5,0,23,120,1.7272727272727273,46,1,598,20,82,66,4360
2025-07-04,argo,com.rmnivnv.cryptomoon.ui.coins,CoinsPresenter,onSortMethodUpdated,3,0,1.0,2,1.0,0,8,1,0,6,2,3,1,0.5,1,1,0,3,1.0,0,2.0,1,0,0.0,0,0.13903743315508021,0.6176470588235294,236,162,0.5769230769230769,33,5,8,1,0,8,17,0,5,0,0,1,0,0,4,0,52,0.928698752228164,53,1.5588235294117647,34,8,5,0,8,26,0,8,5,1,0,0,0,0,0,34,34,19,462,334,5,0,23,120,1.7272727272727273,46,1,598,20,82,66,4360
2025-07-04,argo,com.rmnivnv.cryptomoon.ui.coins,CoinsPresenter,sortCoinsBySelectedSortMethod,2,0,0.0,2,1.0,0,8,1,0,10,1,2,0,1.0,0,1,1,2,1.0,1,2.0,0,1,0.0,0,0.13903743315508021,0.6176470588235294,236,162,0.5769230769230769,33,5,8,1,0,8,17,0,5,0,0,1,0,0,4,0,52,0.928698752228164,53,1.5588235294117647,34,8,5,0,8,26,0,8,5,1,0,0,0,0,0,34,34,19,462,334,5,0,23,120,1.7272727272727273,46,1,598,20,82,66,4360
2025-07-04,argo,com.rmnivnv.cryptomoon.ui.coins,CoinsPresenter,addOnPageChangedObservable,1,0,1.0,1,1.0,0,8,1,0,3,0,1,1,1.0,1,1,0,7,1.0,0,8.0,0,0,0.0,0,0.13903743315508021,0.6176470588235294,236,162,0.5769230769230769,33,5,8,1,0,8,17,0,5,0,0,1,0,0,4,0,52,0.928698752228164,53,1.5588235294117647,34,8,5,0,8,26,0,8,5,1,0,0,0,0,0,34,34,19,462,334,5,0,23,120,1.7272727272727273,46,1,598,20,82,66,4360
2025-07-04,argo,com.rmnivnv.cryptomoon.ui.coins,CoinsPresenter,onPageChanged,2,0,1.0,0,0.0,0,8,1,0,5,1,2,1,0.0,1,0,0,1,0.0,0,0.0,1,0,0.0,0,0.13903743315508021,0.6176470588235294,236,162,0.5769230769230769,33,5,8,1,0,8,17,0,5,0,0,1,0,0,4,0,52,0.928698752228164,53,1.5588235294117647,34,8,5,0,8,26,0,8,5,1,0,0,0,0,0,34,34,19,462,334,5,0,23,120,1.7272727272727273,46,1,598,20,82,66,4360
2025-07-04,argo,com.rmnivnv.cryptomoon.ui.coins,CoinsPresenter,disableSelected,3,0,0.0,3,1.0,0,8,1,0,9,1,3,0,1.0,0,1,0,4,1.0,1,2.0,0,0,0.0,0,0.13903743315508021,0.6176470588235294,236,162,0.5769230769230769,33,5,8,1,0,8,17,0,5,0,0,1,0,0,4,0,52,0.928698752228164,53,1.5588235294117647,34,8,5,0,8,26,0,8,5,1,0,0,0,0,0,34,34,19,462,334,5,0,23,120,1.7272727272727273,46,1,598,20,82,66,4360
2025-07-04,argo,com.rmnivnv.cryptomoon.ui.coins,CoinsPresenter,getAllCoinsInfo,1,0,0.0,1,1.0,0,8,1,0,3,0,1,1,1.0,1,1,0,4,1.0,0,3.0,0,0,0.0,0,0.13903743315508021,0.6176470588235294,236,162,0.5769230769230769,33,5,8,1,0,8,17,0,5,0,0,1,0,0,4,0,52,0.928698752228164,53,1.5588235294117647,34,8,5,0,8,26,0,8,5,1,0,0,0,0,0,34,34,19,462,334,5,0,23,120,1.7272727272727273,46,1,598,20,82,66,4360
2025-07-04,argo,com.rmnivnv.cryptomoon.ui.coins,CoinsPresenter,onAllCoinsReceived,2,0,1.0,2,1.0,0,8,1,0,6,1,2,1,0.0,1,0,0,2,1.0,1,2.0,1,0,0.0,0,0.13903743315508021,0.6176470588235294,236,162,0.5769230769230769,33,5,8,1,0,8,17,0,5,0,0,1,0,0,4,0,52,0.928698752228164,53,1.5588235294117647,34,8,5,0,8,26,0,8,5,1,0,0,0,0,0,34,34,19,462,334,5,0,23,120,1.7272727272727273,46,1,598,20,82,66,4360
2025-07-04,argo,com.rmnivnv.cryptomoon.ui.coins,CoinsPresenter,onViewCreated,0,0,1.0,0,0.0,0,8,1,0,0,0,0,0,0.0,0,0,0,0,0.0,0,0.0,0,0,0.0,0,0.13903743315508021,0.6176470588235294,236,162,0.5769230769230769,33,5,8,1,0,8,17,0,5,0,0,1,0,0,4,0,52,0.928698752228164,53,1.5588235294117647,34,8,5,0,8,26,0,8,5,1,0,0,0,0,0,34,34,19,462,334,5,0,23,120,1.7272727272727273,46,1,598,20,82,66,4360
2025-07-04,argo,com.rmnivnv.cryptomoon.ui.coins,CoinsPresenter,updatePrices,2,1,2.0,3,1.0,0,8,1,0,7,1,2,2,1.0,2,2,0,8,2.0,1,3.3333333333333335,0,0,0.0,0,0.13903743315508021,0.6176470588235294,236,162,0.5769230769230769,33,5,8,1,0,8,17,0,5,0,0,1,0,0,4,0,52,0.928698752228164,53,1.5588235294117647,34,8,5,0,8,26,0,8,5,1,0,0,0,0,0,34,34,19,462,334,5,0,23,120,1.7272727272727273,46,1,598,20,82,66,4360
2025-07-04,argo,com.rmnivnv.cryptomoon.ui.coins,CoinsPresenter,onPriceUpdated,2,0,2.0,1,1.0,0,8,1,0,4,1,2,1,0.0,2,0,1,2,1.0,2,2.0,1,1,0.0,0,0.13903743315508021,0.6176470588235294,236,162,0.5769230769230769,33,5,8,1,0,8,17,0,5,0,0,1,0,0,4,0,52,0.928698752228164,53,1.5588235294117647,34,8,5,0,8,26,0,8,5,1,0,0,0,0,0,34,34,19,462,334,5,0,23,120,1.7272727272727273,46,1,598,20,82,66,4360
2025-07-04,argo,com.rmnivnv.cryptomoon.ui.coins,CoinsPresenter,filterList,2,2,0.0,2,1.0,0,8,1,0,8,1,2,0,0.5,0,1,0,3,0.5,1,2.0,1,0,0.0,0,0.13903743315508021,0.6176470588235294,236,162,0.5769230769230769,33,5,8,1,0,8,17,0,5,0,0,1,0,0,4,0,52,0.928698752228164,53,1.5588235294117647,34,8,5,0,8,26,0,8,5,1,0,0,0,0,0,34,34,19,462,334,5,0,23,120,1.7272727272727273,46,1,598,20,82,66,4360
2025-07-04,argo,com.rmnivnv.cryptomoon.ui.coins,CoinsPresenter,afterRefreshing,2,0,0.0,3,0.6667,0,8,1,0,8,1,2,0,1.0,0,1,1,4,1.0,1,2.0,0,1,0.0,0,0.13903743315508021,0.6176470588235294,236,162,0.5769230769230769,33,5,8,1,0,8,17,0,5,0,0,1,0,0,4,0,52,0.928698752228164,53,1.5588235294117647,34,8,5,0,8,26,0,8,5,1,0,0,0,0,0,34,34,19,462,334,5,0,23,120,1.7272727272727273,46,1,598,20,82,66,4360
2025-07-04,argo,com.rmnivnv.cryptomoon.ui.coins,CoinsPresenter,onStop,1,0,1.0,2,1.0,0,8,1,0,5,0,1,1,1.0,1,1,2,2,1.0,1,2.0,0,2,0.0,0,0.13903743315508021,0.6176470588235294,236,162,0.5769230769230769,33,5,8,1,0,8,17,0,5,0,0,1,0,0,4,0,52,0.928698752228164,53,1.5588235294117647,34,8,5,0,8,26,0,8,5,1,0,0,0,0,0,34,34,19,462,334,5,0,23,120,1.7272727272727273,46,1,598,20,82,66,4360
2025-07-04,argo,com.rmnivnv.cryptomoon.ui.coins,CoinsPresenter,onSwipeUpdate,1,0,2.0,0,0.0,0,8,1,0,5,0,1,2,1.0,2,1,2,0,1.0,0,0.0,0,2,0.0,0,0.13903743315508021,0.6176470588235294,236,162,0.5769230769230769,33,5,8,1,0,8,17,0,5,0,0,1,0,0,4,0,52,0.928698752228164,53,1.5588235294117647,34,8,5,0,8,26,0,8,5,1,0,0,0,0,0,34,34,19,462,334,5,0,23,120,1.7272727272727273,46,1,598,20,82,66,4360
2025-07-04,argo,com.rmnivnv.cryptomoon.ui.coins,CoinsPresenter,onCoinClicked,1,0,0.0,1,1.0,0,8,1,0,3,0,1,0,0.0,0,0,1,3,0.0,0,2.5,1,1,0.0,0,0.13903743315508021,0.6176470588235294,236,162,0.5769230769230769,33,5,8,1,0,8,17,0,5,0,0,1,0,0,4,0,52,0.928698752228164,53,1.5588235294117647,34,8,5,0,8,26,0,8,5,1,0,0,0,0,0,34,34,19,462,334,5,0,23,120,1.7272727272727273,46,1,598,20,82,66,4360
2025-07-04,argo,com.rmnivnv.cryptomoon.ui.coins,CoinsPresenter,onHoldingsClicked,1,0,0.0,1,1.0,0,8,1,0,3,0,1,0,0.0,0,0,1,1,0.0,1,2.0,0,1,0.0,0,0.13903743315508021,0.6176470588235294,236,162,0.5769230769230769,33,5,8,1,0,8,17,0,5,0,0,1,0,0,4,0,52,0.928698752228164,53,1.5588235294117647,34,8,5,0,8,26,0,8,5,1,0,0,0,0,0,34,34,19,462,334,5,0,23,120,1.7272727272727273,46,1,598,20,82,66,4360
2025-07-04,argo,com.rmnivnv.cryptomoon.ui.coins,CoinsPresenter,onAllocationsClicked,1,0,0.0,1,1.0,0,8,1,0,3,0,1,0,0.0,0,0,1,1,0.0,1,2.0,0,1,0.0,0,0.13903743315508021,0.6176470588235294,236,162,0.5769230769230769,33,5,8,1,0,8,17,0,5,0,0,1,0,0,4,0,52,0.928698752228164,53,1.5588235294117647,34,8,5,0,8,26,0,8,5,1,0,0,0,0,0,34,34,19,462,334,5,0,23,120,1.7272727272727273,46,1,598,20,82,66,4360
2025-07-04,argo,com.rmnivnv.cryptomoon.ui.holdings,HoldingsActivity,onCreate,1,0,0.0,1,1.0,1,2,1,0,7,0,1,2,0.6666666666666666,3,2,3,3,2.0,1,2.3333333333333335,1,3,0.0,0,0.6,0.6,54,14,0.0,4,6,3,1,0,1,9,0,3,0,0,0,0,0,6,0,5,1.0,5,1.0,5,3,6,0,3,2,0,3,1,1,0,0,0,0,0,7,7,19,462,334,5,0,10,25,1.0,12,1,237,20,82,15,4360
2025-07-04,argo,com.rmnivnv.cryptomoon.ui.holdings,HoldingsActivity,setupToolbar,1,1,0.0,5,0.6,1,2,1,0,8,0,1,0,1.0,0,2,3,10,2.0,1,2.5,0,3,0.0,0,0.6,0.6,54,14,0.0,4,6,3,1,0,1,9,0,3,0,0,0,0,0,6,0,5,1.0,5,1.0,5,3,6,0,3,2,0,3,1,1,0,0,0,0,0,7,7,19,462,334,5,0,10,25,1.0,12,1,237,20,82,15,4360
2025-07-04,argo,com.rmnivnv.cryptomoon.ui.holdings,HoldingsActivity,setupRecView,1,1,0.0,6,1.0,1,2,1,0,14,0,1,0,1.0,0,6,4,10,6.0,1,2.111111111111111,0,1,0.0,0,0.6,0.6,54,14,0.0,4,6,3,1,0,1,9,0,3,0,0,0,0,0,6,0,5,1.0,5,1.0,5,3,6,0,3,2,0,3,1,1,0,0,0,0,0,7,7,19,462,334,5,0,10,25,1.0,12,1,237,20,82,15,4360
2025-07-04,argo,com.rmnivnv.cryptomoon.ui.holdings,HoldingsActivity,updateRecyclerView,1,0,0.0,1,1.0,1,2,1,0,3,0,1,0,1.0,0,1,0,1,1.0,1,2.0,0,0,0.0,0,0.6,0.6,54,14,0.0,4,6,3,1,0,1,9,0,3,0,0,0,0,0,6,0,5,1.0,5,1.0,5,3,6,0,3,2,0,3,1,1,0,0,0,0,0,7,7,19,462,334,5,0,10,25,1.0,12,1,237,20,82,15,4360
2025-07-04,argo,com.rmnivnv.cryptomoon.ui.holdings,HoldingsActivity,onStop,1,0,0.0,0,0.0,1,2,1,0,4,0,1,0,1.0,1,1,0,1,1.0,1,2.0,0,0,0.0,0,0.6,0.6,54,14,0.0,4,6,3,1,0,1,9,0,3,0,0,0,0,0,6,0,5,1.0,5,1.0,5,3,6,0,3,2,0,3,1,1,0,0,0,0,0,7,7,19,462,334,5,0,10,25,1.0,12,1,237,20,82,15,4360
2025-07-04,argo,com.rmnivnv.cryptomoon.ui.holdings,HoldingsAdapter,onCreateViewHolder,1,0,0.0,1,1.0,0,1,2,0,1,0,1,0,0.0,0,0,0,5,0.0,0,6.0,2,0,0.0,0,0.0,0.0,37,4,0.0,3,0,3,1,0,3,1,0,0,0,0,0,0,0,0,0,3,1.0,3,1.0,3,3,0,0,3,0,0,3,1,1,0,0,0,0,0,4,4,19,462,334,5,0,1,6,1.0,12,1,237,20,82,15,4360
2025-07-04,argo,com.rmnivnv.cryptomoon.ui.holdings,HoldingsAdapter,onBindViewHolder,1,0,0.0,1,1.0,0,1,2,0,3,0,1,0,0.0,0,0,1,1,0.0,1,2.0,2,1,0.0,0,0.0,0.0,37,4,0.0,3,0,3,1,0,3,1,0,0,0,0,0,0,0,0,0,3,1.0,3,1.0,3,3,0,0,3,0,0,3,1,1,0,0,0,0,0,4,4,19,462,334,5,0,1,6,1.0,12,1,237,20,82,15,4360
2025-07-04,argo,com.rmnivnv.cryptomoon.ui.holdings,HoldingsAdapter,getItemCount,1,0,0.0,0,0.0,0,1,2,0,1,0,1,0,0.0,0,0,0,0,0.0,0,2.0,0,0,0.0,0,0.0,0.0,37,4,0.0,3,0,3,1,0,3,1,0,0,0,0,0,0,0,0,0,3,1.0,3,1.0,3,3,0,0,3,0,0,3,1,1,0,0,0,0,0,4,4,19,462,334,5,0,1,6,1.0,12,1,237,20,82,15,4360
2025-07-04,argo,com.rmnivnv.cryptomoon.ui.holdings,HoldingsModule,provideView,1,0,0.0,0,0.0,0,0,1,0,1,0,1,0,0.0,0,0,0,0,0.0,0,0.0,1,0,0.0,0,0.0,0.0,5,2,0.0,2,0,0,0,0,6,0,0,0,0,0,0,0,0,0,0,2,1.0,2,1.0,2,0,0,0,2,0,0,2,0,1,0,0,0,0,0,2,2,19,462,334,5,0,0,1,1.0,12,1,237,20,82,15,4360
2025-07-04,argo,com.rmnivnv.cryptomoon.ui.holdings,HoldingsModule,providePresenter,1,0,0.0,0,0.0,0,0,1,0,1,0,1,0,0.0,0,0,0,1,0.0,0,0.0,4,0,0.0,0,0.0,0.0,5,2,0.0,2,0,0,0,0,6,0,0,0,0,0,0,0,0,0,0,2,1.0,2,1.0,2,0,0,0,2,0,0,2,0,1,0,0,0,0,0,2,2,19,462,334,5,0,0,1,1.0,12,1,237,20,82,15,4360
2025-07-04,argo,com.rmnivnv.cryptomoon.ui.holdings,HoldingsPresenter,onCreate,1,0,1.0,0,0.0,0,0,1,0,4,0,1,1,1.0,1,0,1,0,1.0,0,2.0,1,1,0.0,0,0.6,0.6,33,23,0.4,5,2,3,1,0,3,2,0,2,0,0,1,0,0,1,0,7,1.0,7,1.4,5,3,2,0,3,2,0,3,1,1,0,0,0,0,0,5,5,19,462,334,5,0,1,25,1.4,12,1,237,20,82,15,4360
2025-07-04,argo,com.rmnivnv.cryptomoon.ui.holdings,HoldingsPresenter,addHoldingsChangesObservable,1,0,1.0,1,1.0,0,0,1,0,3,0,1,1,1.0,1,1,0,8,2.0,0,9.0,0,0,0.0,0,0.6,0.6,33,23,0.4,5,2,3,1,0,3,2,0,2,0,0,1,0,0,1,0,7,1.0,7,1.4,5,3,2,0,3,2,0,3,1,1,0,0,0,0,0,5,5,19,462,334,5,0,1,25,1.4,12,1,237,20,82,15,4360
2025-07-04,argo,com.rmnivnv.cryptomoon.ui.holdings,HoldingsPresenter,onHoldingsUpdate,2,0,0.0,4,0.75,0,0,1,0,7,1,2,0,0.5,0,1,0,4,1.0,1,2.0,1,0,0.0,0,0.6,0.6,33,23,0.4,5,2,3,1,0,3,2,0,2,0,0,1,0,0,1,0,7,1.0,7,1.4,5,3,2,0,3,2,0,3,1,1,0,0,0,0,0,5,5,19,462,334,5,0,1,25,1.4,12,1,237,20,82,15,4360
2025-07-04,argo,com.rmnivnv.cryptomoon.ui.holdings,HoldingsPresenter,onStop,1,0,0.0,1,1.0,0,0,1,0,3,0,1,0,1.0,0,1,0,1,1.0,1,2.0,0,0,0.0,0,0.6,0.6,33,23,0.4,5,2,3,1,0,3,2,0,2,0,0,1,0,0,1,0,7,1.0,7,1.4,5,3,2,0,3,2,0,3,1,1,0,0,0,0,0,5,5,19,462,334,5,0,1,25,1.4,12,1,237,20,82,15,4360
2025-07-04,argo,com.rmnivnv.cryptomoon.ui.holdings,HoldingsPresenter,onItemSwiped,2,0,0.0,2,1.0,0,0,1,0,6,1,2,0,0.5,0,2,0,12,2.0,0,3.75,1,0,0.0,0,0.6,0.6,33,23,0.4,5,2,3,1,0,3,2,0,2,0,0,1,0,0,1,0,7,1.0,7,1.4,5,3,2,0,3,2,0,3,1,1,0,0,0,0,0,5,5,19,462,334,5,0,1,25,1.4,12,1,237,20,82,15,4360
2025-07-04,argo,com.rmnivnv.cryptomoon.ui.main,MainActivity,onCreate,1,0,0.0,1,1.0,1,6,2,0,7,0,1,2,0.5,3,1,3,3,1.0,1,2.3333333333333335,1,3,0.0,0,0.11428571428571428,0.6,152,48,0.0,13,8,12,1,0,7,14,0,6,0,0,0,0,0,8,0,18,0.9809523809523809,18,1.2,15,12,8,0,12,3,0,12,3,1,0,0,0,0,0,25,25,19,462,334,6,0,19,75,1.3333333333333333,26,1,410,20,82,31,4360
2025-07-04,argo,com.rmnivnv.cryptomoon.ui.main,MainActivity,setupToolbar,1,1,0.0,1,1.0,1,6,2,0,4,0,1,0,0.0,0,0,1,3,0.0,0,3.0,0,1,0.0,0,0.11428571428571428,0.6,152,48,0.0,13,8,12,1,0,7,14,0,6,0,0,0,0,0,8,0,18,0.9809523809523809,18,1.2,15,12,8,0,12,3,0,12,3,1,0,0,0,0,0,25,25,19,462,334,6,0,19,75,1.3333333333333333,26,1,410,20,82,31,4360
2025-07-04,argo,com.rmnivnv.cryptomoon.ui.main,MainActivity,setupViewPager,1,1,0.0,4,1.0,1,6,2,0,19,0,1,1,1.0,1,3,5,15,3.0,1,2.5454545454545454,0,4,0.0,0,0.11428571428571428,0.6,152,48,0.0,13,8,12,1,0,7,14,0,6,0,0,0,0,0,8,0,18,0.9809523809523809,18,1.2,15,12,8,0,12,3,0,12,3,1,0,0,0,0,0,25,25,19,462,334,6,0,19,75,1.3333333333333333,26,1,410,20,82,31,4360
2025-07-04,argo,com.rmnivnv.cryptomoon.ui.main,MainActivity,setCustomTab,3,2,0.0,9,0.8182,1,6,2,0,20,1,3,0,1.0,0,2,2,24,2.0,0,3.142857142857143,0,1,0.0,0,0.11428571428571428,0.6,152,48,0.0,13,8,12,1,0,7,14,0,6,0,0,0,0,0,8,0,18,0.9809523809523809,18,1.2,15,12,8,0,12,3,0,12,3,1,0,0,0,0,0,25,25,19,462,334,6,0,19,75,1.3333333333333333,26,1,410,20,82,31,4360
2025-07-04,argo,com.rmnivnv.cryptomoon.ui.main,MainActivity,onCreateOptionsMenu,1,0,0.0,2,1.0,1,6,2,0,8,0,1,0,0.36363636363636365,1,4,2,9,4.0,1,3.6666666666666665,1,1,0.0,0,0.11428571428571428,0.6,152,48,0.0,13,8,12,1,0,7,14,0,6,0,0,0,0,0,8,0,18,0.9809523809523809,18,1.2,15,12,8,0,12,3,0,12,3,1,0,0,0,0,0,25,25,19,462,334,6,0,19,75,1.3333333333333333,26,1,410,20,82,31,4360
2025-07-04,argo,com.rmnivnv.cryptomoon.ui.main,MainActivity,onOptionsItemSelected,2,0,0.0,2,1.0,1,6,2,0,9,1,2,0,0.6666666666666666,1,1,0,10,1.0,1,2.4,1,0,0.0,0,0.11428571428571428,0.6,152,48,0.0,13,8,12,1,0,7,14,0,6,0,0,0,0,0,8,0,18,0.9809523809523809,18,1.2,15,12,8,0,12,3,0,12,3,1,0,0,0,0,0,25,25,19,462,334,6,0,19,75,1.3333333333333333,26,1,410,20,82,31,4360
2025-07-04,argo,com.rmnivnv.cryptomoon.ui.main,MainActivity,setMenuIconsVisibility,1,0,0.0,0,0.0,1,6,2,0,6,0,1,0,0.5,0,4,1,0,4.0,0,2.0,1,0,0.0,0,0.11428571428571428,0.6,152,48,0.0,13,8,12,1,0,7,14,0,6,0,0,0,0,0,8,0,18,0.9809523809523809,18,1.2,15,12,8,0,12,3,0,12,3,1,0,0,0,0,0,25,25,19,462,334,6,0,19,75,1.3333333333333333,26,1,410,20,82,31,4360
2025-07-04,argo,com.rmnivnv.cryptomoon.ui.main,MainActivity,setCoinsLoadingVisibility,3,0,0.0,1,1.0,1,6,2,0,3,1,3,0,0.6666666666666666,0,1,0,3,1.0,0,2.0,1,0,0.0,0,0.11428571428571428,0.6,152,48,0.0,13,8,12,1,0,7,14,0,6,0,0,0,0,0,8,0,18,0.9809523809523809,18,1.2,15,12,8,0,12,3,0,12,3,1,0,0,0,0,0,25,25,19,462,334,6,0,19,75,1.3333333333333333,26,1,410,20,82,31,4360
2025-07-04,argo,com.rmnivnv.cryptomoon.ui.main,MainActivity,onDestroy,1,0,0.0,0,0.0,1,6,2,0,4,0,1,0,1.0,1,1,0,1,1.0,1,2.0,0,0,0.0,0,0.11428571428571428,0.6,152,48,0.0,13,8,12,1,0,7,14,0,6,0,0,0,0,0,8,0,18,0.9809523809523809,18,1.2,15,12,8,0,12,3,0,12,3,1,0,0,0,0,0,25,25,19,462,334,6,0,19,75,1.3333333333333333,26,1,410,20,82,31,4360
2025-07-04,argo,com.rmnivnv.cryptomoon.ui.main,MainActivity,startAddCoinActivity,1,0,0.0,1,1.0,1,6,2,0,3,0,1,0,0.0,0,0,1,1,0.0,0,2.0,0,1,0.0,0,0.11428571428571428,0.6,152,48,0.0,13,8,12,1,0,7,14,0,6,0,0,0,0,0,8,0,18,0.9809523809523809,18,1.2,15,12,8,0,12,3,0,12,3,1,0,0,0,0,0,25,25,19,462,334,6,0,19,75,1.3333333333333333,26,1,410,20,82,31,4360
2025-07-04,argo,com.rmnivnv.cryptomoon.ui.main,MainActivity,onActivityResult,1,0,0.0,0,0.0,1,6,2,0,4,0,1,0,0.14285714285714285,1,1,0,1,0.33,1,2.0,3,0,0.0,0,0.11428571428571428,0.6,152,48,0.0,13,8,12,1,0,7,14,0,6,0,0,0,0,0,8,0,18,0.9809523809523809,18,1.2,15,12,8,0,12,3,0,12,3,1,0,0,0,0,0,25,25,19,462,334,6,0,19,75,1.3333333333333333,26,1,410,20,82,31,4360
2025-07-04,argo,com.rmnivnv.cryptomoon.ui.main,MainActivity,showToast,1,0,0.0,1,1.0,1,6,2,0,3,0,1,0,0.0,0,0,0,0,0.0,1,2.0,1,0,0.0,0,0.11428571428571428,0.6,152,48,0.0,13,8,12,1,0,7,14,0,6,0,0,0,0,0,8,0,18,0.9809523809523809,18,1.2,15,12,8,0,12,3,0,12,3,1,0,0,0,0,0,25,25,19,462,334,6,0,19,75,1.3333333333333333,26,1,410,20,82,31,4360
2025-07-04,argo,com.rmnivnv.cryptomoon.ui.main,MainActivity,setSortVisible,1,0,0.0,0,0.0,1,6,2,0,3,0,1,0,0.3333333333333333,0,1,1,0,1.0,0,2.0,1,0,0.0,0,0.11428571428571428,0.6,152,48,0.0,13,8,12,1,0,7,14,0,6,0,0,0,0,0,8,0,18,0.9809523809523809,18,1.2,15,12,8,0,12,3,0,12,3,1,0,0,0,0,0,25,25,19,462,334,6,0,19,75,1.3333333333333333,26,1,410,20,82,31,4360
2025-07-04,argo,com.rmnivnv.cryptomoon.ui.main,MainActivity,showCoinsSortDialog,1,2,0.0,2,1.0,1,6,2,0,7,0,1,0,0.0,0,0,2,4,0.0,1,2.0,1,2,0.0,0,0.11428571428571428,0.6,152,48,0.0,13,8,12,1,0,7,14,0,6,0,0,0,0,0,8,0,18,0.9809523809523809,18,1.2,15,12,8,0,12,3,0,12,3,1,0,0,0,0,0,25,25,19,462,334,6,0,19,75,1.3333333333333333,26,1,410,20,82,31,4360
2025-07-04,argo,com.rmnivnv.cryptomoon.ui.main,MainActivity,openSettings,1,0,0.0,1,1.0,1,6,2,0,3,0,1,0,0.0,0,0,1,1,0.0,0,2.0,0,1,0.0,0,0.11428571428571428,0.6,152,48,0.0,13,8,12,1,0,7,14,0,6,0,0,0,0,0,8,0,18,0.9809523809523809,18,1.2,15,12,8,0,12,3,0,12,3,1,0,0,0,0,0,25,25,19,462,334,6,0,19,75,1.3333333333333333,26,1,410,20,82,31,4360
2025-07-04,argo,com.rmnivnv.cryptomoon.ui.main,MainModule,provideView,1,0,0.0,0,0.0,0,0,1,0,1,0,1,0,0.0,0,0,0,0,0.0,0,0.0,1,0,0.0,0,0.0,0.0,5,2,0.0,2,0,0,0,0,6,0,0,0,0,0,0,0,0,0,0,2,1.0,2,1.0,2,0,0,0,2,0,0,2,0,1,0,0,0,0,0,2,2,19,462,334,6,0,0,1,1.0,26,1,410,20,82,31,4360
2025-07-04,argo,com.rmnivnv.cryptomoon.ui.main,MainModule,providePresenter,1,0,0.0,0,0.0,0,0,1,0,1,0,1,0,0.0,0,0,0,1,0.0,0,0.0,4,0,0.0,0,0.0,0.0,5,2,0.0,2,0,0,0,0,6,0,0,0,0,0,0,0,0,0,0,2,1.0,2,1.0,2,0,0,0,2,0,0,2,0,1,0,0,0,0,0,2,2,19,462,334,6,0,0,1,1.0,26,1,410,20,82,31,4360
2025-07-04,argo,com.rmnivnv.cryptomoon.ui.main,MainPresenter,onCreate,1,0,0.0,0,0.0,0,1,1,0,3,0,1,1,0.0,1,0,1,0,0.0,0,0.0,0,1,0.0,0,0.027777777777777776,0.1111111111111111,42,25,0.0,9,1,7,1,0,1,5,0,1,0,0,1,0,0,0,0,9,1.0,9,1.0,9,7,1,0,7,2,0,7,1,1,0,0,0,0,0,9,9,19,462,334,6,0,8,25,1.0,26,1,410,20,82,31,4360
2025-07-04,argo,com.rmnivnv.cryptomoon.ui.main,MainPresenter,setObservers,1,0,0.0,1,1.0,0,1,1,0,5,0,1,1,1.0,1,1,0,16,1.0,0,6.0,0,0,0.0,0,0.027777777777777776,0.1111111111111111,42,25,0.0,9,1,7,1,0,1,5,0,1,0,0,1,0,0,0,0,9,1.0,9,1.0,9,7,1,0,7,2,0,7,1,1,0,0,0,0,0,9,9,19,462,334,6,0,8,25,1.0,26,1,410,20,82,31,4360
2025-07-04,argo,com.rmnivnv.cryptomoon.ui.main,MainPresenter,onPageChanged,1,0,0.0,1,1.0,0,1,1,0,3,0,1,0,0.0,0,0,1,1,0.0,1,2.0,1,1,0.0,0,0.027777777777777776,0.1111111111111111,42,25,0.0,9,1,7,1,0,1,5,0,1,0,0,1,0,0,0,0,9,1.0,9,1.0,9,7,1,0,7,2,0,7,1,1,0,0,0,0,0,9,9,19,462,334,6,0,8,25,1.0,26,1,410,20,82,31,4360
2025-07-04,argo,com.rmnivnv.cryptomoon.ui.main,MainPresenter,onDestroy,1,0,0.0,1,1.0,0,1,1,0,3,0,1,0,1.0,0,1,0,1,1.0,1,2.0,0,0,0.0,0,0.027777777777777776,0.1111111111111111,42,25,0.0,9,1,7,1,0,1,5,0,1,0,0,1,0,0,0,0,9,1.0,9,1.0,9,7,1,0,7,2,0,7,1,1,0,0,0,0,0,9,9,19,462,334,6,0,8,25,1.0,26,1,410,20,82,31,4360
2025-07-04,argo,com.rmnivnv.cryptomoon.ui.main,MainPresenter,onAddCoinClicked,1,0,0.0,1,1.0,0,1,1,0,3,0,1,0,0.0,0,0,1,1,0.0,1,2.0,0,1,0.0,0,0.027777777777777776,0.1111111111111111,42,25,0.0,9,1,7,1,0,1,5,0,1,0,0,1,0,0,0,0,9,1.0,9,1.0,9,7,1,0,7,2,0,7,1,1,0,0,0,0,0,9,9,19,462,334,6,0,8,25,1.0,26,1,410,20,82,31,4360
2025-07-04,argo,com.rmnivnv.cryptomoon.ui.main,MainPresenter,onSortClicked,1,0,0.0,1,1.0,0,1,1,0,3,0,1,0,0.0,0,0,1,2,0.0,0,3.0,0,1,0.0,0,0.027777777777777776,0.1111111111111111,42,25,0.0,9,1,7,1,0,1,5,0,1,0,0,1,0,0,0,0,9,1.0,9,1.0,9,7,1,0,7,2,0,7,1,1,0,0,0,0,0,9,9,19,462,334,6,0,8,25,1.0,26,1,410,20,82,31,4360
2025-07-04,argo,com.rmnivnv.cryptomoon.ui.main,MainPresenter,onSettingsClicked,1,0,0.0,1,1.0,0,1,1,0,3,0,1,0,0.0,0,0,1,1,0.0,1,2.0,0,1,0.0,0,0.027777777777777776,0.1111111111111111,42,25,0.0,9,1,7,1,0,1,5,0,1,0,0,1,0,0,0,0,9,1.0,9,1.0,9,7,1,0,7,2,0,7,1,1,0,0,0,0,0,9,9,19,462,334,6,0,8,25,1.0,26,1,410,20,82,31,4360
2025-07-04,argo,com.rmnivnv.cryptomoon.ui.main,MainPresenter,onDeleteClicked,1,0,0.0,2,1.0,0,1,1,0,4,0,1,0,0.0,0,0,2,2,0.0,1,2.0,0,2,0.0,0,0.027777777777777776,0.1111111111111111,42,25,0.0,9,1,7,1,0,1,5,0,1,0,0,1,0,0,0,0,9,1.0,9,1.0,9,7,1,0,7,2,0,7,1,1,0,0,0,0,0,9,9,19,462,334,6,0,8,25,1.0,26,1,410,20,82,31,4360
2025-07-04,argo,com.rmnivnv.cryptomoon.ui.main,MainPresenter,onPageSelected,1,0,0.0,1,1.0,0,1,1,0,3,0,1,0,0.0,0,0,1,1,0.0,1,2.0,1,1,0.0,0,0.027777777777777776,0.1111111111111111,42,25,0.0,9,1,7,1,0,1,5,0,1,0,0,1,0,0,0,0,9,1.0,9,1.0,9,7,1,0,7,2,0,7,1,1,0,0,0,0,0,9,9,19,462,334,6,0,8,25,1.0,26,1,410,20,82,31,4360
2025-07-04,argo,com.rmnivnv.cryptomoon.ui.main,SortDialog,onCreate,1,0,0.0,1,1.0,1,1,1,0,4,0,1,0,0.5,1,1,1,1,1.0,1,2.0,1,0,0.0,0,0.6,0.6,54,23,0.25,5,1,3,3,0,4,6,0,2,0,5,6,6,6,1,0,6,0.7,6,1.2,5,3,1,0,3,2,0,3,3,1,0,0,0,0,0,5,5,19,462,334,6,0,7,10,1.4,26,1,410,20,82,31,4360
2025-07-04,argo,com.rmnivnv.cryptomoon.ui.main,SortDialog,onCreateView,1,0,0.0,1,1.0,1,1,1,0,1,0,1,0,0.0,0,0,0,3,0.0,0,4.0,3,0,0.0,0,0.6,0.6,54,23,0.25,5,1,3,3,0,4,6,0,2,0,5,6,6,6,1,0,6,0.7,6,1.2,5,3,1,0,3,2,0,3,3,1,0,0,0,0,0,5,5,19,462,334,6,0,7,10,1.4,26,1,410,20,82,31,4360
2025-07-04,argo,com.rmnivnv.cryptomoon.ui.main,SortDialog,onViewCreated,2,0,1.0,3,1.0,1,1,1,0,14,0,2,2,0.7142857142857143,3,1,4,3,0.5,1,2.5555555555555554,2,4,0.0,0,0.6,0.6,54,23,0.25,5,1,3,3,0,4,6,0,2,0,5,6,6,6,1,0,6,0.7,6,1.2,5,3,1,0,3,2,0,3,3,1,0,0,0,0,0,5,5,19,462,334,6,0,7,10,1.4,26,1,410,20,82,31,4360
2025-07-04,argo,com.rmnivnv.cryptomoon.ui.main,SortDialog,onOkClicked,1,0,0.0,1,1.0,1,1,1,0,4,0,1,0,1.0,0,1,2,2,1.0,1,2.0,0,2,0.0,0,0.6,0.6,54,23,0.25,5,1,3,3,0,4,6,0,2,0,5,6,6,6,1,0,6,0.7,6,1.2,5,3,1,0,3,2,0,3,3,1,0,0,0,0,0,5,5,19,462,334,6,0,7,10,1.4,26,1,410,20,82,31,4360
2025-07-04,argo,com.rmnivnv.cryptomoon.ui.main,SortDialog,setCheckedButton,2,0,0.0,0,0.0,1,1,1,0,9,1,2,0,1.0,0,1,0,1,1.0,0,2.0,0,0,0.0,0,0.6,0.6,54,23,0.25,5,1,3,3,0,4,6,0,2,0,5,6,6,6,1,0,6,0.7,6,1.2,5,3,1,0,3,2,0,3,3,1,0,0,0,0,0,5,5,19,462,334,6,0,7,10,1.4,26,1,410,20,82,31,4360
2025-07-04,argo,com.rmnivnv.cryptomoon.ui.news,NewsAdapter,onCreateViewHolder,3,0,0.0,1,1.0,0,2,3,0,4,2,3,0,0.0,0,0,0,8,0.0,0,6.0,2,0,0.0,0,0.0,1.0,39,11,0.0,4,0,4,1,0,3,0,0,2,0,0,2,2,2,0,0,7,0.6666666666666667,7,1.75,4,4,0,0,4,0,0,4,1,1,0,0,0,0,0,6,6,19,462,334,6,0,0,12,2.75,38,1,455,20,82,41,4360
2025-07-04,argo,com.rmnivnv.cryptomoon.ui.news,NewsAdapter,onBindViewHolder,4,0,0.0,1,1.0,0,2,3,0,7,1,4,0,0.0,0,0,0,3,0.0,1,2.0,2,0,0.0,0,0.0,1.0,39,11,0.0,4,0,4,1,0,3,0,0,2,0,0,2,2,2,0,0,7,0.6666666666666667,7,1.75,4,4,0,0,4,0,0,4,1,1,0,0,0,0,0,6,6,19,462,334,6,0,0,12,2.75,38,1,455,20,82,41,4360
2025-07-04,argo,com.rmnivnv.cryptomoon.ui.news,NewsAdapter,getItemCount,1,0,0.0,0,0.0,0,2,3,0,1,0,1,0,0.0,0,0,0,0,0.0,0,2.0,0,0,0.0,0,0.0,1.0,39,11,0.0,4,0,4,1,0,3,0,0,2,0,0,2,2,2,0,0,7,0.6666666666666667,7,1.75,4,4,0,0,4,0,0,4,1,1,0,0,0,0,0,6,6,19,462,334,6,0,0,12,2.75,38,1,455,20,82,41,4360
2025-07-04,argo,com.rmnivnv.cryptomoon.ui.news,NewsAdapter,getItemViewType,3,0,0.0,0,0.0,0,2,3,0,4,2,3,0,0.0,0,0,0,1,0.0,0,2.0,1,0,0.0,0,0.0,1.0,39,11,0.0,4,0,4,1,0,3,0,0,2,0,0,2,2,2,0,0,7,0.6666666666666667,7,1.75,4,4,0,0,4,0,0,4,1,1,0,0,0,0,0,6,6,19,462,334,6,0,0,12,2.75,38,1,455,20,82,41,4360
2025-07-04,argo,com.rmnivnv.cryptomoon.ui.news,NewsFragment,onCreate,1,0,0.0,0,0.0,1,1,1,0,4,0,1,0,0.6666666666666666,1,2,0,1,2.0,1,2.0,1,0,0.0,0,0.06432748538011696,0.7368421052631579,112,70,0.0,18,5,18,1,0,7,9,0,4,0,0,0,0,0,5,0,19,0.8830409356725146,19,1.0,19,18,5,0,18,1,0,18,5,1,0,0,0,0,0,22,22,19,462,334,6,0,18,29,1.0,38,1,455,20,82,41,4360
2025-07-04,argo,com.rmnivnv.cryptomoon.ui.news,NewsFragment,onCreateView,1,0,0.0,1,1.0,1,1,1,0,1,0,1,0,0.0,0,0,0,3,0.0,0,4.0,3,0,0.0,0,0.06432748538011696,0.7368421052631579,112,70,0.0,18,5,18,1,0,7,9,0,4,0,0,0,0,0,5,0,19,0.8830409356725146,19,1.0,19,18,5,0,18,1,0,18,5,1,0,0,0,0,0,22,22,19,462,334,6,0,18,29,1.0,38,1,455,20,82,41,4360
2025-07-04,argo,com.rmnivnv.cryptomoon.ui.news,NewsFragment,onViewCreated,1,0,0.0,4,1.0,1,1,1,0,13,0,1,1,0.6,2,1,3,8,0.5,1,2.0,2,3,0.0,0,0.06432748538011696,0.7368421052631579,112,70,0.0,18,5,18,1,0,7,9,0,4,0,0,0,0,0,5,0,19,0.8830409356725146,19,1.0,19,18,5,0,18,1,0,18,5,1,0,0,0,0,0,22,22,19,462,334,6,0,18,29,1.0,38,1,455,20,82,41,4360
2025-07-04,argo,com.rmnivnv.cryptomoon.ui.news,NewsFragment,onStart,1,0,0.0,0,0.0,1,1,1,0,4,0,1,0,1.0,1,1,0,1,1.0,1,2.0,0,0,0.0,0,0.06432748538011696,0.7368421052631579,112,70,0.0,18,5,18,1,0,7,9,0,4,0,0,0,0,0,5,0,19,0.8830409356725146,19,1.0,19,18,5,0,18,1,0,18,5,1,0,0,0,0,0,22,22,19,462,334,6,0,18,29,1.0,38,1,455,20,82,41,4360
2025-07-04,argo,com.rmnivnv.cryptomoon.ui.news,NewsFragment,onStop,1,0,0.0,0,0.0,1,1,1,0,4,0,1,0,1.0,1,1,0,1,1.0,1,2.0,0,0,0.0,0,0.06432748538011696,0.7368421052631579,112,70,0.0,18,5,18,1,0,7,9,0,4,0,0,0,0,0,5,0,19,0.8830409356725146,19,1.0,19,18,5,0,18,1,0,18,5,1,0,0,0,0,0,22,22,19,462,334,6,0,18,29,1.0,38,1,455,20,82,41,4360
2025-07-04,argo,com.rmnivnv.cryptomoon.ui.news,NewsFragment,setupRecView,1,0,0.0,2,1.0,1,1,1,0,12,0,1,0,1.0,0,5,3,9,5.0,0,2.0,0,0,0.0,0,0.06432748538011696,0.7368421052631579,112,70,0.0,18,5,18,1,0,7,9,0,4,0,0,0,0,0,5,0,19,0.8830409356725146,19,1.0,19,18,5,0,18,1,0,18,5,1,0,0,0,0,0,22,22,19,462,334,6,0,18,29,1.0,38,1,455,20,82,41,4360
2025-07-04,argo,com.rmnivnv.cryptomoon.ui.news,NewsFragment,onActivityResult,1,0,0.0,0,0.0,1,1,1,0,4,0,1,0,0.0,1,0,1,1,0.0,1,2.0,3,1,0.0,0,0.06432748538011696,0.7368421052631579,112,70,0.0,18,5,18,1,0,7,9,0,4,0,0,0,0,0,5,0,19,0.8830409356725146,19,1.0,19,18,5,0,18,1,0,18,5,1,0,0,0,0,0,22,22,19,462,334,6,0,18,29,1.0,38,1,455,20,82,41,4360
2025-07-04,argo,com.rmnivnv.cryptomoon.ui.news,NewsFragment,hideLoginBtn,1,0,0.0,0,0.0,1,1,1,0,3,0,1,0,0.0,0,0,1,0,0.0,0,2.0,0,0,0.0,0,0.06432748538011696,0.7368421052631579,112,70,0.0,18,5,18,1,0,7,9,0,4,0,0,0,0,0,5,0,19,0.8830409356725146,19,1.0,19,18,5,0,18,1,0,18,5,1,0,0,0,0,0,22,22,19,462,334,6,0,18,29,1.0,38,1,455,20,82,41,4360
2025-07-04,argo,com.rmnivnv.cryptomoon.ui.news,NewsFragment,showLoginBtn,1,0,0.0,0,0.0,1,1,1,0,3,0,1,0,0.0,0,0,1,0,0.0,0,2.0,0,0,0.0,0,0.06432748538011696,0.7368421052631579,112,70,0.0,18,5,18,1,0,7,9,0,4,0,0,0,0,0,5,0,19,0.8830409356725146,19,1.0,19,18,5,0,18,1,0,18,5,1,0,0,0,0,0,22,22,19,462,334,6,0,18,29,1.0,38,1,455,20,82,41,4360
2025-07-04,argo,com.rmnivnv.cryptomoon.ui.news,NewsFragment,showRecView,1,0,0.0,0,0.0,1,1,1,0,3,0,1,0,0.0,0,0,1,0,0.0,0,2.0,0,0,0.0,0,0.06432748538011696,0.7368421052631579,112,70,0.0,18,5,18,1,0,7,9,0,4,0,0,0,0,0,5,0,19,0.8830409356725146,19,1.0,19,18,5,0,18,1,0,18,5,1,0,0,0,0,0,22,22,19,462,334,6,0,18,29,1.0,38,1,455,20,82,41,4360
2025-07-04,argo,com.rmnivnv.cryptomoon.ui.news,NewsFragment,updateInsertedTweets,1,0,0.0,1,1.0,1,1,1,0,3,0,1,0,0.3333333333333333,0,1,0,1,0.5,1,2.0,2,0,0.0,0,0.06432748538011696,0.7368421052631579,112,70,0.0,18,5,18,1,0,7,9,0,4,0,0,0,0,0,5,0,19,0.8830409356725146,19,1.0,19,18,5,0,18,1,0,18,5,1,0,0,0,0,0,22,22,19,462,334,6,0,18,29,1.0,38,1,455,20,82,41,4360
2025-07-04,argo,com.rmnivnv.cryptomoon.ui.news,NewsFragment,showLoading,1,0,0.0,0,0.0,1,1,1,0,3,0,1,0,0.0,0,0,1,0,0.0,0,2.0,0,0,0.0,0,0.06432748538011696,0.7368421052631579,112,70,0.0,18,5,18,1,0,7,9,0,4,0,0,0,0,0,5,0,19,0.8830409356725146,19,1.0,19,18,5,0,18,1,0,18,5,1,0,0,0,0,0,22,22,19,462,334,6,0,18,29,1.0,38,1,455,20,82,41,4360
2025-07-04,argo,com.rmnivnv.cryptomoon.ui.news,NewsFragment,hideLoading,1,0,0.0,0,0.0,1,1,1,0,3,0,1,0,0.0,0,0,1,0,0.0,0,2.0,0,0,0.0,0,0.06432748538011696,0.7368421052631579,112,70,0.0,18,5,18,1,0,7,9,0,4,0,0,0,0,0,5,0,19,0.8830409356725146,19,1.0,19,18,5,0,18,1,0,18,5,1,0,0,0,0,0,22,22,19,462,334,6,0,18,29,1.0,38,1,455,20,82,41,4360
2025-07-04,argo,com.rmnivnv.cryptomoon.ui.news,NewsFragment,hideSwipeRefreshing,1,0,0.0,0,0.0,1,1,1,0,3,0,1,0,0.0,0,0,0,0,0.0,0,2.0,0,0,0.0,0,0.06432748538011696,0.7368421052631579,112,70,0.0,18,5,18,1,0,7,9,0,4,0,0,0,0,0,5,0,19,0.8830409356725146,19,1.0,19,18,5,0,18,1,0,18,5,1,0,0,0,0,0,22,22,19,462,334,6,0,18,29,1.0,38,1,455,20,82,41,4360
2025-07-04,argo,com.rmnivnv.cryptomoon.ui.news,NewsFragment,showSearchDialog,1,2,0.0,2,1.0,1,1,1,0,7,0,1,0,0.0,0,0,2,4,0.0,1,2.0,1,2,0.0,0,0.06432748538011696,0.7368421052631579,112,70,0.0,18,5,18,1,0,7,9,0,4,0,0,0,0,0,5,0,19,0.8830409356725146,19,1.0,19,18,5,0,18,1,0,18,5,1,0,0,0,0,0,22,22,19,462,334,6,0,18,29,1.0,38,1,455,20,82,41,4360
2025-07-04,argo,com.rmnivnv.cryptomoon.ui.news,NewsFragment,showEmptyNews,1,0,0.0,0,0.0,1,1,1,0,3,0,1,0,0.0,0,0,1,0,0.0,0,2.0,0,0,0.0,0,0.06432748538011696,0.7368421052631579,112,70,0.0,18,5,18,1,0,7,9,0,4,0,0,0,0,0,5,0,19,0.8830409356725146,19,1.0,19,18,5,0,18,1,0,18,5,1,0,0,0,0,0,22,22,19,462,334,6,0,18,29,1.0,38,1,455,20,82,41,4360
2025-07-04,argo,com.rmnivnv.cryptomoon.ui.news,NewsFragment,hideEmptyNews,1,0,0.0,0,0.0,1,1,1,0,3,0,1,0,0.0,0,0,1,0,0.0,0,2.0,0,0,0.0,0,0.06432748538011696,0.7368421052631579,112,70,0.0,18,5,18,1,0,7,9,0,4,0,0,0,0,0,5,0,19,0.8830409356725146,19,1.0,19,18,5,0,18,1,0,18,5,1,0,0,0,0,0,22,22,19,462,334,6,0,18,29,1.0,38,1,455,20,82,41,4360
2025-07-04,argo,com.rmnivnv.cryptomoon.ui.news,NewsFragment,showFab,1,0,0.0,0,0.0,1,1,1,0,3,0,1,0,0.0,0,0,1,0,0.0,0,2.0,0,0,0.0,0,0.06432748538011696,0.7368421052631579,112,70,0.0,18,5,18,1,0,7,9,0,4,0,0,0,0,0,5,0,19,0.8830409356725146,19,1.0,19,18,5,0,18,1,0,18,5,1,0,0,0,0,0,22,22,19,462,334,6,0,18,29,1.0,38,1,455,20,82,41,4360
2025-07-04,argo,com.rmnivnv.cryptomoon.ui.news,NewsFragment,hideFab,1,0,0.0,0,0.0,1,1,1,0,3,0,1,0,0.0,0,0,1,0,0.0,0,2.0,0,0,0.0,0,0.06432748538011696,0.7368421052631579,112,70,0.0,18,5,18,1,0,7,9,0,4,0,0,0,0,0,5,0,19,0.8830409356725146,19,1.0,19,18,5,0,18,1,0,18,5,1,0,0,0,0,0,22,22,19,462,334,6,0,18,29,1.0,38,1,455,20,82,41,4360
2025-07-04,argo,com.rmnivnv.cryptomoon.ui.news,NewsModule,provideView,1,0,0.0,0,0.0,0,0,1,0,1,0,1,0,0.0,0,0,0,0,0.0,0,0.0,1,0,0.0,0,0.0,0.0,5,2,0.0,2,0,0,0,0,5,0,0,0,0,0,0,0,0,0,0,2,1.0,2,1.0,2,0,0,0,2,0,0,2,0,1,0,0,0,0,0,2,2,19,462,334,6,0,0,1,1.0,38,1,455,20,82,41,4360
2025-07-04,argo,com.rmnivnv.cryptomoon.ui.news,NewsModule,providePresenter,1,0,0.0,0,0.0,0,0,1,0,1,0,1,0,0.0,0,0,0,1,0.0,0,0.0,3,0,0.0,0,0.0,0.0,5,2,0.0,2,0,0,0,0,5,0,0,0,0,0,0,0,0,0,0,2,1.0,2,1.0,2,0,0,0,2,0,0,2,0,1,0,0,0,0,0,2,2,19,462,334,6,0,0,1,1.0,38,1,455,20,82,41,4360
2025-07-04,argo,com.rmnivnv.cryptomoon.ui.news,NewsPresenter,onCreate,1,0,0.0,0,0.0,0,0,1,0,3,0,1,0,1.0,0,0,0,0,1.0,0,2.0,1,0,0.0,0,0.36363636363636365,0.75,138,99,0.5833333333333334,12,13,7,1,0,4,6,0,13,0,0,1,0,0,12,0,21,0.803030303030303,21,1.75,12,7,13,0,7,5,0,7,1,1,0,0,0,0,0,14,14,19,462,334,6,0,10,55,2.0833333333333335,38,1,455,20,82,41,4360
2025-07-04,argo,com.rmnivnv.cryptomoon.ui.news,NewsPresenter,onStart,3,0,2.0,3,1.0,0,0,1,0,8,1,3,2,1.0,2,2,0,11,2.0,1,3.75,0,0,0.0,0,0.36363636363636365,0.75,138,99,0.5833333333333334,12,13,7,1,0,4,6,0,13,0,0,1,0,0,12,0,21,0.803030303030303,21,1.75,12,7,13,0,7,5,0,7,1,1,0,0,0,0,0,14,14,19,462,334,6,0,10,55,2.0833333333333335,38,1,455,20,82,41,4360
2025-07-04,argo,com.rmnivnv.cryptomoon.ui.news,NewsPresenter,searchHashTagUpdated,1,0,1.0,1,1.0,0,0,1,0,7,0,1,1,0.75,1,3,2,1,3.0,1,2.0,1,1,0.0,0,0.36363636363636365,0.75,138,99,0.5833333333333334,12,13,7,1,0,4,6,0,13,0,0,1,0,0,12,0,21,0.803030303030303,21,1.75,12,7,13,0,7,5,0,7,1,1,0,0,0,0,0,14,14,19,462,334,6,0,10,55,2.0833333333333335,38,1,455,20,82,41,4360
2025-07-04,argo,com.rmnivnv.cryptomoon.ui.news,NewsPresenter,initTwitterAndSearchTweets,3,1,2.0,3,0.6667,0,0,1,0,11,1,3,2,1.0,2,1,0,7,1.0,2,2.3333333333333335,0,0,0.0,0,0.36363636363636365,0.75,138,99,0.5833333333333334,12,13,7,1,0,4,6,0,13,0,0,1,0,0,12,0,21,0.803030303030303,21,1.75,12,7,13,0,7,5,0,7,1,1,0,0,0,0,0,14,14,19,462,334,6,0,10,55,2.0833333333333335,38,1,455,20,82,41,4360
2025-07-04,argo,com.rmnivnv.cryptomoon.ui.news,NewsPresenter,initTwitterSession,1,0,0.0,1,1.0,0,0,1,0,1,0,1,0,0.0,0,0,0,3,0.0,0,4.0,0,0,0.0,0,0.36363636363636365,0.75,138,99,0.5833333333333334,12,13,7,1,0,4,6,0,13,0,0,1,0,0,12,0,21,0.803030303030303,21,1.75,12,7,13,0,7,5,0,7,1,1,0,0,0,0,0,14,14,19,462,334,6,0,10,55,2.0833333333333335,38,1,455,20,82,41,4360
2025-07-04,argo,com.rmnivnv.cryptomoon.ui.news,NewsPresenter,searchTweets,4,2,1.0,8,0.875,0,0,1,0,22,3,4,1,1.0,1,8,2,15,4.0,1,2.25,0,1,0.0,0,0.36363636363636365,0.75,138,99,0.5833333333333334,12,13,7,1,0,4,6,0,13,0,0,1,0,0,12,0,21,0.803030303030303,21,1.75,12,7,13,0,7,5,0,7,1,1,0,0,0,0,0,14,14,19,462,334,6,0,10,55,2.0833333333333335,38,1,455,20,82,41,4360
2025-07-04,argo,com.rmnivnv.cryptomoon.ui.news,NewsPresenter,afterSearch,5,0,0.0,6,0.3333,0,0,1,0,14,1,5,0,1.0,0,2,0,7,2.0,1,2.0,0,0,0.0,0,0.36363636363636365,0.75,138,99,0.5833333333333334,12,13,7,1,0,4,6,0,13,0,0,1,0,0,12,0,21,0.803030303030303,21,1.75,12,7,13,0,7,5,0,7,1,1,0,0,0,0,0,14,14,19,462,334,6,0,10,55,2.0833333333333335,38,1,455,20,82,41,4360
2025-07-04,argo,com.rmnivnv.cryptomoon.ui.news,NewsPresenter,onSuccessLogin,1,0,1.0,3,0.6667,0,0,1,0,7,0,1,1,0.6666666666666666,1,2,4,4,2.0,1,2.25,1,2,0.0,0,0.36363636363636365,0.75,138,99,0.5833333333333334,12,13,7,1,0,4,6,0,13,0,0,1,0,0,12,0,21,0.803030303030303,21,1.75,12,7,13,0,7,5,0,7,1,1,0,0,0,0,0,14,14,19,462,334,6,0,10,55,2.0833333333333335,38,1,455,20,82,41,4360
2025-07-04,argo,com.rmnivnv.cryptomoon.ui.news,NewsPresenter,onStop,1,0,0.0,2,1.0,0,0,1,0,4,0,1,0,1.0,0,2,0,2,2.0,1,2.0,0,0,0.0,0,0.36363636363636365,0.75,138,99,0.5833333333333334,12,13,7,1,0,4,6,0,13,0,0,1,0,0,12,0,21,0.803030303030303,21,1.75,12,7,13,0,7,5,0,7,1,1,0,0,0,0,0,14,14,19,462,334,6,0,10,55,2.0833333333333335,38,1,455,20,82,41,4360
2025-07-04,argo,com.rmnivnv.cryptomoon.ui.news,NewsPresenter,onSwipeUpdate,1,0,1.0,0,0.0,0,0,1,0,5,0,1,1,1.0,1,2,1,0,2.0,0,0.0,0,1,0.0,0,0.36363636363636365,0.75,138,99,0.5833333333333334,12,13,7,1,0,4,6,0,13,0,0,1,0,0,12,0,21,0.803030303030303,21,1.75,12,7,13,0,7,5,0,7,1,1,0,0,0,0,0,14,14,19,462,334,6,0,10,55,2.0833333333333335,38,1,455,20,82,41,4360
2025-07-04,argo,com.rmnivnv.cryptomoon.ui.news,NewsPresenter,onScrolled,3,0,1.0,1,1.0,0,0,1,0,14,2,3,1,0.7647058823529411,1,8,0,3,2.0,0,2.5,4,0,0.0,0,0.36363636363636365,0.75,138,99,0.5833333333333334,12,13,7,1,0,4,6,0,13,0,0,1,0,0,12,0,21,0.803030303030303,21,1.75,12,7,13,0,7,5,0,7,1,1,0,0,0,0,0,14,14,19,462,334,6,0,10,55,2.0833333333333335,38,1,455,20,82,41,4360
2025-07-04,argo,com.rmnivnv.cryptomoon.ui.news,NewsPresenter,onFabClicked,1,0,0.0,1,1.0,0,0,1,0,3,0,1,0,0.0,0,0,1,2,0.0,0,3.0,0,1,0.0,0,0.36363636363636365,0.75,138,99,0.5833333333333334,12,13,7,1,0,4,6,0,13,0,0,1,0,0,12,0,21,0.803030303030303,21,1.75,12,7,13,0,7,5,0,7,1,1,0,0,0,0,0,14,14,19,462,334,6,0,10,55,2.0833333333333335,38,1,455,20,82,41,4360
2025-07-04,argo,com.rmnivnv.cryptomoon.ui.news,SearchDialog,onCreate,1,0,0.0,1,1.0,1,0,1,0,4,0,1,0,0.5,1,1,1,1,1.0,1,2.0,1,0,0.0,0,0.16666666666666666,0.25,23,16,0.25,4,1,3,3,0,4,5,0,1,0,0,0,0,0,1,0,4,0.8333333333333334,4,1.0,4,3,1,0,3,1,0,3,3,1,0,0,0,0,0,4,4,19,462,334,6,0,6,14,1.0,38,1,455,20,82,41,4360
2025-07-04,argo,com.rmnivnv.cryptomoon.ui.news,SearchDialog,onCreateView,1,0,0.0,1,1.0,1,0,1,0,1,0,1,0,0.0,0,0,0,3,0.0,0,4.0,3,0,0.0,0,0.16666666666666666,0.25,23,16,0.25,4,1,3,3,0,4,5,0,1,0,0,0,0,0,1,0,4,0.8333333333333334,4,1.0,4,3,1,0,3,1,0,3,3,1,0,0,0,0,0,4,4,19,462,334,6,0,6,14,1.0,38,1,455,20,82,41,4360
2025-07-04,argo,com.rmnivnv.cryptomoon.ui.news,SearchDialog,onViewCreated,1,0,1.0,4,0.75,1,0,1,0,7,0,1,1,0.3333333333333333,2,1,3,6,0.5,1,2.4,2,3,0.0,0,0.16666666666666666,0.25,23,16,0.25,4,1,3,3,0,4,5,0,1,0,0,0,0,0,1,0,4,0.8333333333333334,4,1.0,4,3,1,0,3,1,0,3,3,1,0,0,0,0,0,4,4,19,462,334,6,0,6,14,1.0,38,1,455,20,82,41,4360
2025-07-04,argo,com.rmnivnv.cryptomoon.ui.news,SearchDialog,onOkClicked,1,0,0.0,1,1.0,1,0,1,0,4,0,1,0,0.0,0,0,2,4,0.0,0,4.0,0,2,0.0,0,0.16666666666666666,0.25,23,16,0.25,4,1,3,3,0,4,5,0,1,0,0,0,0,0,1,0,4,0.8333333333333334,4,1.0,4,3,1,0,3,1,0,3,3,1,0,0,0,0,0,4,4,19,462,334,6,0,6,14,1.0,38,1,455,20,82,41,4360
2025-07-04,argo,com.rmnivnv.cryptomoon.ui.settings,SettingsActivity,onCreate,1,0,0.0,2,1.0,1,2,1,0,7,0,1,1,0.6666666666666666,2,1,3,5,1.0,1,2.2,1,3,0.0,0,0.1,0.6,39,18,0.0,5,2,4,1,0,2,9,0,0,0,0,0,0,0,2,0,5,1.0,5,1.0,5,4,2,0,4,1,0,4,1,1,0,0,0,0,0,5,5,19,462,334,4,0,9,20,1.0,10,1,158,20,82,14,4360
2025-07-04,argo,com.rmnivnv.cryptomoon.ui.settings,SettingsActivity,setupToolbar,1,1,0.0,5,0.6,1,2,1,0,8,0,1,0,1.0,0,1,3,10,1.0,1,2.5,0,3,0.0,0,0.1,0.6,39,18,0.0,5,2,4,1,0,2,9,0,0,0,0,0,0,0,2,0,5,1.0,5,1.0,5,4,2,0,4,1,0,4,1,1,0,0,0,0,0,5,5,19,462,334,4,0,9,20,1.0,10,1,158,20,82,14,4360
2025-07-04,argo,com.rmnivnv.cryptomoon.ui.settings,SettingsActivity,setLanguage,1,0,0.0,0,0.0,1,2,1,0,3,0,1,0,0.0,0,0,1,0,0.0,0,2.0,1,0,0.0,0,0.1,0.6,39,18,0.0,5,2,4,1,0,2,9,0,0,0,0,0,0,0,2,0,5,1.0,5,1.0,5,4,2,0,4,1,0,4,1,1,0,0,0,0,0,5,5,19,462,334,4,0,9,20,1.0,10,1,158,20,82,14,4360
2025-07-04,argo,com.rmnivnv.cryptomoon.ui.settings,SettingsActivity,onStop,1,0,0.0,0,0.0,1,2,1,0,4,0,1,0,1.0,1,1,0,1,1.0,1,2.0,0,0,0.0,0,0.1,0.6,39,18,0.0,5,2,4,1,0,2,9,0,0,0,0,0,0,0,2,0,5,1.0,5,1.0,5,4,2,0,4,1,0,4,1,1,0,0,0,0,0,5,5,19,462,334,4,0,9,20,1.0,10,1,158,20,82,14,4360
2025-07-04,argo,com.rmnivnv.cryptomoon.ui.settings,SettingsActivity,showLanguageDialog,1,2,0.0,2,1.0,1,2,1,0,7,0,1,0,0.0,0,0,2,4,0.0,1,2.0,1,2,0.0,0,0.1,0.6,39,18,0.0,5,2,4,1,0,2,9,0,0,0,0,0,0,0,2,0,5,1.0,5,1.0,5,4,2,0,4,1,0,4,1,1,0,0,0,0,0,5,5,19,462,334,4,0,9,20,1.0,10,1,158,20,82,14,4360
2025-07-04,argo,com.rmnivnv.cryptomoon.ui.settings,SettingsModule,provideView,1,0,0.0,0,0.0,0,0,1,0,1,0,1,0,0.0,0,0,0,0,0.0,0,0.0,1,0,0.0,0,0.0,0.0,5,2,0.0,2,0,0,0,0,6,0,0,0,0,0,0,0,0,0,0,2,1.0,2,1.0,2,0,0,0,2,0,0,2,0,1,0,0,0,0,0,2,2,19,462,334,4,0,0,1,1.0,10,1,158,20,82,14,4360
2025-07-04,argo,com.rmnivnv.cryptomoon.ui.settings,SettingsModule,providePresenter,1,0,0.0,0,0.0,0,0,1,0,1,0,1,0,0.0,0,0,0,1,0.0,0,0.0,4,0,0.0,0,0.0,0.0,5,2,0.0,2,0,0,0,0,6,0,0,0,0,0,0,0,0,0,0,2,1.0,2,1.0,2,0,0,0,2,0,0,2,0,1,0,0,0,0,0,2,2,19,462,334,4,0,0,1,1.0,10,1,158,20,82,14,4360
2025-07-04,argo,com.rmnivnv.cryptomoon.ui.settings,SettingsPresenter,onCreate,1,0,1.0,0,0.0,0,2,1,0,4,0,1,2,0.0,2,0,2,0,0.0,0,0.0,0,2,0.0,0,0.047619047619047616,0.42857142857142855,36,19,0.2,7,1,3,1,0,1,6,0,1,0,0,1,0,0,0,0,10,0.9523809523809523,10,1.4285714285714286,7,3,1,0,3,4,0,3,2,1,0,0,0,0,0,7,7,19,462,334,4,0,6,29,1.5714285714285714,10,1,158,20,82,14,4360
2025-07-04,argo,com.rmnivnv.cryptomoon.ui.settings,SettingsPresenter,initLanguage,2,0,0.0,2,1.0,0,2,1,0,4,1,2,0,0.0,1,0,1,7,0.0,1,2.75,0,1,0.0,0,0.047619047619047616,0.42857142857142855,36,19,0.2,7,1,3,1,0,1,6,0,1,0,0,1,0,0,0,0,10,0.9523809523809523,10,1.4285714285714286,7,3,1,0,3,4,0,3,2,1,0,0,0,0,0,7,7,19,462,334,4,0,6,29,1.5714285714285714,10,1,158,20,82,14,4360
2025-07-04,argo,com.rmnivnv.cryptomoon.ui.settings,SettingsPresenter,getLanguageFromPrefs,3,0,0.0,3,1.0,0,2,1,0,4,2,3,0,0.0,0,0,0,6,0.0,0,3.0,0,0,0.0,0,0.047619047619047616,0.42857142857142855,36,19,0.2,7,1,3,1,0,1,6,0,1,0,0,1,0,0,0,0,10,0.9523809523809523,10,1.4285714285714286,7,3,1,0,3,4,0,3,2,1,0,0,0,0,0,7,7,19,462,334,4,0,6,29,1.5714285714285714,10,1,158,20,82,14,4360
2025-07-04,argo,com.rmnivnv.cryptomoon.ui.settings,SettingsPresenter,setRxEventsListeners,1,0,0.0,1,1.0,0,2,1,0,3,0,1,1,1.0,1,1,0,9,1.0,0,5.5,0,0,0.0,0,0.047619047619047616,0.42857142857142855,36,19,0.2,7,1,3,1,0,1,6,0,1,0,0,1,0,0,0,0,10,0.9523809523809523,10,1.4285714285714286,7,3,1,0,3,4,0,3,2,1,0,0,0,0,0,7,7,19,462,334,4,0,6,29,1.5714285714285714,10,1,158,20,82,14,4360
2025-07-04,argo,com.rmnivnv.cryptomoon.ui.settings,SettingsPresenter,onLanguageChanged,2,0,0.0,3,1.0,0,2,1,0,5,1,2,0,0.0,0,0,2,4,0.0,1,2.0,1,2,0.0,0,0.047619047619047616,0.42857142857142855,36,19,0.2,7,1,3,1,0,1,6,0,1,0,0,1,0,0,0,0,10,0.9523809523809523,10,1.4285714285714286,7,3,1,0,3,4,0,3,2,1,0,0,0,0,0,7,7,19,462,334,4,0,6,29,1.5714285714285714,10,1,158,20,82,14,4360
2025-07-04,argo,com.rmnivnv.cryptomoon.ui.settings,SettingsPresenter,onLanguageClicked,1,0,0.0,1,1.0,0,2,1,0,3,0,1,0,0.0,0,0,1,2,0.0,0,3.0,0,1,0.0,0,0.047619047619047616,0.42857142857142855,36,19,0.2,7,1,3,1,0,1,6,0,1,0,0,1,0,0,0,0,10,0.9523809523809523,10,1.4285714285714286,7,3,1,0,3,4,0,3,2,1,0,0,0,0,0,7,7,19,462,334,4,0,6,29,1.5714285714285714,10,1,158,20,82,14,4360
2025-07-04,argo,com.rmnivnv.cryptomoon.ui.settings,SettingsPresenter,onStop,1,0,0.0,1,1.0,0,2,1,0,3,0,1,0,1.0,0,1,0,1,1.0,1,2.0,0,0,0.0,0,0.047619047619047616,0.42857142857142855,36,19,0.2,7,1,3,1,0,1,6,0,1,0,0,1,0,0,0,0,10,0.9523809523809523,10,1.4285714285714286,7,3,1,0,3,4,0,3,2,1,0,0,0,0,0,7,7,19,462,334,4,0,6,29,1.5714285714285714,10,1,158,20,82,14,4360
2025-07-04,argo,com.rmnivnv.cryptomoon.ui.settings.dialogs,LanguageDialog,onCreate,1,0,0.0,1,1.0,1,1,1,0,4,0,1,0,0.5,1,1,1,1,1.0,1,2.0,1,0,0.0,0,0.06666666666666667,0.5,37,22,0.2,6,1,4,3,0,5,6,0,1,0,0,0,0,0,1,0,7,0.9333333333333333,7,1.1666666666666667,6,4,1,0,4,2,0,4,3,1,0,0,0,0,0,6,6,19,462,334,1,0,7,20,1.3333333333333333,5,0,60,20,82,6,4360
2025-07-04,argo,com.rmnivnv.cryptomoon.ui.settings.dialogs,LanguageDialog,onCreateView,1,0,0.0,1,1.0,1,1,1,0,1,0,1,0,0.0,0,0,0,3,0.0,0,4.0,3,0,0.0,0,0.06666666666666667,0.5,37,22,0.2,6,1,4,3,0,5,6,0,1,0,0,0,0,0,1,0,7,0.9333333333333333,7,1.1666666666666667,6,4,1,0,4,2,0,4,3,1,0,0,0,0,0,6,6,19,462,334,1,0,7,20,1.3333333333333333,5,0,60,20,82,6,4360
2025-07-04,argo,com.rmnivnv.cryptomoon.ui.settings.dialogs,LanguageDialog,onStart,1,0,0.0,1,1.0,1,1,1,0,4,0,1,0,0.0,1,0,1,6,0.0,1,3.3333333333333335,0,1,0.0,0,0.06666666666666667,0.5,37,22,0.2,6,1,4,3,0,5,6,0,1,0,0,0,0,0,1,0,7,0.9333333333333333,7,1.1666666666666667,6,4,1,0,4,2,0,4,3,1,0,0,0,0,0,6,6,19,462,334,1,0,7,20,1.3333333333333333,5,0,60,20,82,6,4360
2025-07-04,argo,com.rmnivnv.cryptomoon.ui.settings.dialogs,LanguageDialog,onViewCreated,2,0,1.0,3,1.0,1,1,1,0,9,0,2,3,0.0,3,0,3,7,0.0,1,2.2857142857142856,2,3,0.0,0,0.06666666666666667,0.5,37,22,0.2,6,1,4,3,0,5,6,0,1,0,0,0,0,0,1,0,7,0.9333333333333333,7,1.1666666666666667,6,4,1,0,4,2,0,4,3,1,0,0,0,0,0,6,6,19,462,334,1,0,7,20,1.3333333333333333,5,0,60,20,82,6,4360
2025-07-04,argo,com.rmnivnv.cryptomoon.ui.settings.dialogs,LanguageDialog,setCheckedBtn,2,0,0.0,0,0.0,1,1,1,0,6,1,2,0,1.0,0,1,0,1,1.0,0,2.0,0,0,0.0,0,0.06666666666666667,0.5,37,22,0.2,6,1,4,3,0,5,6,0,1,0,0,0,0,0,1,0,7,0.9333333333333333,7,1.1666666666666667,6,4,1,0,4,2,0,4,3,1,0,0,0,0,0,6,6,19,462,334,1,0,7,20,1.3333333333333333,5,0,60,20,82,6,4360
2025-07-04,argo,com.rmnivnv.cryptomoon.ui.settings.dialogs,LanguageDialog,onLanguageSelected,1,0,0.0,1,1.0,1,1,1,0,4,0,1,0,0.0,0,0,2,2,0.0,1,2.0,1,2,0.0,0,0.06666666666666667,0.5,37,22,0.2,6,1,4,3,0,5,6,0,1,0,0,0,0,0,1,0,7,0.9333333333333333,7,1.1666666666666667,6,4,1,0,4,2,0,4,3,1,0,0,0,0,0,6,6,19,462,334,1,0,7,20,1.3333333333333333,5,0,60,20,82,6,4360
2025-07-04,argo,com.rmnivnv.cryptomoon.ui.topcoins,TopCoinsAdapter,onCreateViewHolder,1,0,0.0,1,1.0,0,3,2,0,3,0,1,0,0.0,0,0,0,5,0.0,0,6.0,2,0,0.0,0,0.1,0.0,50,6,0.0,4,2,5,1,2,3,1,0,0,0,2,0,0,0,2,0,5,1.0,5,1.0,5,5,2,0,5,0,0,5,1,1,0,0,0,0,0,6,6,19,462,334,7,0,1,7,1.0,32,2,512,20,82,36,4360
2025-07-04,argo,com.rmnivnv.cryptomoon.ui.topcoins,TopCoinsAdapter,onBindViewHolder,1,0,0.0,1,1.0,0,3,2,0,3,0,1,0,0.5,0,2,1,1,1.0,1,2.0,2,1,0.0,0,0.1,0.0,50,6,0.0,4,2,5,1,2,3,1,0,0,0,2,0,0,0,2,0,5,1.0,5,1.0,5,5,2,0,5,0,0,5,1,1,0,0,0,0,0,6,6,19,462,334,7,0,1,7,1.0,32,2,512,20,82,36,4360
2025-07-04,argo,com.rmnivnv.cryptomoon.ui.topcoins,TopCoinsAdapter,getItemCount,1,0,0.0,0,0.0,0,3,2,0,1,0,1,0,1.0,0,1,0,0,1.0,0,2.0,0,0,0.0,0,0.1,0.0,50,6,0.0,4,2,5,1,2,3,1,0,0,0,2,0,0,0,2,0,5,1.0,5,1.0,5,5,2,0,5,0,0,5,1,1,0,0,0,0,0,6,6,19,462,334,7,0,1,7,1.0,32,2,512,20,82,36,4360
2025-07-04,argo,com.rmnivnv.cryptomoon.ui.topcoins,TopCoinsAdapter,getItemId,1,0,0.0,1,1.0,0,3,2,0,1,0,1,0,0.0,0,0,0,1,0.0,1,2.0,1,0,0.0,0,0.1,0.0,50,6,0.0,4,2,5,1,2,3,1,0,0,0,2,0,0,0,2,0,5,1.0,5,1.0,5,5,2,0,5,0,0,5,1,1,0,0,0,0,0,6,6,19,462,334,7,0,1,7,1.0,32,2,512,20,82,36,4360
2025-07-04,argo,com.rmnivnv.cryptomoon.ui.topcoins,TopCoinsAdapter,getItemViewType,1,0,0.0,0,0.0,0,3,2,0,1,0,1,0,0.0,0,0,0,0,0.0,0,0.0,1,0,0.0,0,0.1,0.0,50,6,0.0,4,2,5,1,2,3,1,0,0,0,2,0,0,0,2,0,5,1.0,5,1.0,5,5,2,0,5,0,0,5,1,1,0,0,0,0,0,6,6,19,462,334,7,0,1,7,1.0,32,2,512,20,82,36,4360
2025-07-04,argo,com.rmnivnv.cryptomoon.ui.topcoins,TopCoinsFragment,onCreateView,1,0,0.0,1,1.0,1,2,1,0,3,0,1,0,0.0,0,0,0,3,0.0,0,4.0,3,0,0.0,0,0.2,0.4,55,31,0.0,9,2,8,1,0,8,7,0,0,0,0,0,0,0,2,0,10,1.0,10,1.0,10,8,2,0,8,2,0,8,2,1,0,0,0,0,0,10,10,19,462,334,7,0,6,19,1.0,32,2,512,20,82,36,4360
2025-07-04,argo,com.rmnivnv.cryptomoon.ui.topcoins,TopCoinsFragment,onViewCreated,1,0,0.0,0,0.0,1,2,1,0,5,0,1,2,0.0,3,0,2,0,0.0,1,2.0,2,2,0.0,0,0.2,0.4,55,31,0.0,9,2,8,1,0,8,7,0,0,0,0,0,0,0,2,0,10,1.0,10,1.0,10,8,2,0,8,2,0,8,2,1,0,0,0,0,0,10,10,19,462,334,7,0,6,19,1.0,32,2,512,20,82,36,4360
2025-07-04,argo,com.rmnivnv.cryptomoon.ui.topcoins,TopCoinsFragment,setupRecyclerView,1,0,0.0,1,1.0,1,2,1,0,6,0,1,0,1.0,0,2,1,5,2.0,0,2.5,0,1,0.0,0,0.2,0.4,55,31,0.0,9,2,8,1,0,8,7,0,0,0,0,0,0,0,2,0,10,1.0,10,1.0,10,8,2,0,8,2,0,8,2,1,0,0,0,0,0,10,10,19,462,334,7,0,6,19,1.0,32,2,512,20,82,36,4360
2025-07-04,argo,com.rmnivnv.cryptomoon.ui.topcoins,TopCoinsFragment,setupSwipeRefresh,1,0,0.0,1,1.0,1,2,1,0,3,0,1,0,1.0,0,1,1,2,1.0,0,2.0,0,1,0.0,0,0.2,0.4,55,31,0.0,9,2,8,1,0,8,7,0,0,0,0,0,0,0,2,0,10,1.0,10,1.0,10,8,2,0,8,2,0,8,2,1,0,0,0,0,0,10,10,19,462,334,7,0,6,19,1.0,32,2,512,20,82,36,4360
2025-07-04,argo,com.rmnivnv.cryptomoon.ui.topcoins,TopCoinsFragment,updateList,1,0,0.0,0,0.0,1,2,1,0,6,0,1,0,0.5,0,1,1,2,1.0,0,0.0,1,1,0.0,0,0.2,0.4,55,31,0.0,9,2,8,1,0,8,7,0,0,0,0,0,0,0,2,0,10,1.0,10,1.0,10,8,2,0,8,2,0,8,2,1,0,0,0,0,0,10,10,19,462,334,7,0,6,19,1.0,32,2,512,20,82,36,4360
2025-07-04,argo,com.rmnivnv.cryptomoon.ui.topcoins,TopCoinsFragment,updateItem,1,0,0.0,1,1.0,1,2,1,0,3,0,1,0,0.5,0,1,0,1,1.0,1,2.0,1,0,0.0,0,0.2,0.4,55,31,0.0,9,2,8,1,0,8,7,0,0,0,0,0,0,0,2,0,10,1.0,10,1.0,10,8,2,0,8,2,0,8,2,1,0,0,0,0,0,10,10,19,462,334,7,0,6,19,1.0,32,2,512,20,82,36,4360
2025-07-04,argo,com.rmnivnv.cryptomoon.ui.topcoins,TopCoinsFragment,onStart,1,0,0.0,0,0.0,1,2,1,0,4,0,1,0,1.0,1,1,0,1,1.0,1,2.0,0,0,0.0,0,0.2,0.4,55,31,0.0,9,2,8,1,0,8,7,0,0,0,0,0,0,0,2,0,10,1.0,10,1.0,10,8,2,0,8,2,0,8,2,1,0,0,0,0,0,10,10,19,462,334,7,0,6,19,1.0,32,2,512,20,82,36,4360
2025-07-04,argo,com.rmnivnv.cryptomoon.ui.topcoins,TopCoinsFragment,onStop,1,0,0.0,0,0.0,1,2,1,0,4,0,1,0,1.0,1,1,0,1,1.0,1,2.0,0,0,0.0,0,0.2,0.4,55,31,0.0,9,2,8,1,0,8,7,0,0,0,0,0,0,0,2,0,10,1.0,10,1.0,10,8,2,0,8,2,0,8,2,1,0,0,0,0,0,10,10,19,462,334,7,0,6,19,1.0,32,2,512,20,82,36,4360
2025-07-04,argo,com.rmnivnv.cryptomoon.ui.topcoins,TopCoinsFragment,hideRefreshing,1,0,0.0,0,0.0,1,2,1,0,3,0,1,0,0.0,0,0,0,0,0.0,0,2.0,0,0,0.0,0,0.2,0.4,55,31,0.0,9,2,8,1,0,8,7,0,0,0,0,0,0,0,2,0,10,1.0,10,1.0,10,8,2,0,8,2,0,8,2,1,0,0,0,0,0,10,10,19,462,334,7,0,6,19,1.0,32,2,512,20,82,36,4360
2025-07-04,argo,com.rmnivnv.cryptomoon.ui.topcoins,TopCoinsFragment,startCoinInfoActivity,1,0,0.0,1,1.0,1,2,1,0,3,0,1,0,0.0,0,0,1,4,0.0,0,2.3333333333333335,1,1,0.0,0,0.2,0.4,55,31,0.0,9,2,8,1,0,8,7,0,0,0,0,0,0,0,2,0,10,1.0,10,1.0,10,8,2,0,8,2,0,8,2,1,0,0,0,0,0,10,10,19,462,334,7,0,6,19,1.0,32,2,512,20,82,36,4360
2025-07-04,argo,com.rmnivnv.cryptomoon.ui.topcoins,TopCoinsModule,provideView,1,0,0.0,0,0.0,0,0,1,0,1,0,1,0,0.0,0,0,0,0,0.0,0,0.0,1,0,0.0,0,0.0,0.0,11,6,0.0,4,0,0,0,0,14,0,0,0,0,0,0,0,0,0,0,4,0.8333333333333334,4,1.0,4,0,0,0,4,0,0,4,0,1,0,0,0,0,0,4,4,19,462,334,7,0,0,3,1.0,32,2,512,20,82,36,4360
2025-07-04,argo,com.rmnivnv.cryptomoon.ui.topcoins,TopCoinsModule,provideAdapter,1,0,0.0,0,0.0,0,0,1,0,1,0,1,0,0.0,0,0,0,1,0.0,0,0.0,3,0,0.0,0,0.0,0.0,11,6,0.0,4,0,0,0,0,14,0,0,0,0,0,0,0,0,0,0,4,0.8333333333333334,4,1.0,4,0,0,0,4,0,0,4,0,1,0,0,0,0,0,4,4,19,462,334,7,0,0,3,1.0,32,2,512,20,82,36,4360
2025-07-04,argo,com.rmnivnv.cryptomoon.ui.topcoins,TopCoinsModule,provideRepository,1,0,0.0,0,0.0,0,0,1,0,1,0,1,0,0.0,0,0,0,1,0.0,0,0.0,3,0,0.0,0,0.0,0.0,11,6,0.0,4,0,0,0,0,14,0,0,0,0,0,0,0,0,0,0,4,0.8333333333333334,4,1.0,4,0,0,0,4,0,0,4,0,1,0,0,0,0,0,4,4,19,462,334,7,0,0,3,1.0,32,2,512,20,82,36,4360
2025-07-04,argo,com.rmnivnv.cryptomoon.ui.topcoins,TopCoinsModule,providePresenter,1,0,0.0,0,0.0,0,0,1,0,3,0,1,0,0.0,0,0,0,1,0.0,0,0.0,9,0,0.0,0,0.0,0.0,11,6,0.0,4,0,0,0,0,14,0,0,0,0,0,0,0,0,0,0,4,0.8333333333333334,4,1.0,4,0,0,0,4,0,0,4,0,1,0,0,0,0,0,4,4,19,462,334,7,0,0,3,1.0,32,2,512,20,82,36,4360
2025-07-04,argo,com.rmnivnv.cryptomoon.ui.topcoins,TopCoinsPresenter,onStart,1,0,3.0,0,0.0,0,1,1,0,5,0,1,3,0.0,3,0,3,0,0.0,0,0.0,0,3,0.0,0,0.08823529411764706,0.7058823529411765,133,98,0.4375,16,7,5,1,0,7,9,0,7,0,0,4,0,0,3,0,27,0.875,27,1.588235294117647,17,5,7,0,5,12,0,5,0,1,0,0,0,0,0,17,17,19,462,334,7,0,9,75,1.7058823529411764,32,2,512,20,82,36,4360
2025-07-04,argo,com.rmnivnv.cryptomoon.ui.topcoins,TopCoinsPresenter,subscribeToObservables,1,0,4.0,4,0.75,0,1,1,0,8,0,1,4,1.0,4,1,0,18,1.0,0,6.6,0,0,0.0,0,0.08823529411764706,0.7058823529411765,133,98,0.4375,16,7,5,1,0,7,9,0,7,0,0,4,0,0,3,0,27,0.875,27,1.588235294117647,17,5,7,0,5,12,0,5,0,1,0,0,0,0,0,17,17,19,462,334,7,0,9,75,1.7058823529411764,32,2,512,20,82,36,4360
2025-07-04,argo,com.rmnivnv.cryptomoon.ui.topcoins,TopCoinsPresenter,onTopCoinsUpdated,2,0,0.0,2,1.0,0,1,1,0,10,1,2,0,0.3333333333333333,0,1,0,5,1.0,1,2.0,1,0,0.0,0,0.08823529411764706,0.7058823529411765,133,98,0.4375,16,7,5,1,0,7,9,0,7,0,0,4,0,0,3,0,27,0.875,27,1.588235294117647,17,5,7,0,5,12,0,5,0,1,0,0,0,0,0,17,17,19,462,334,7,0,9,75,1.7058823529411764,32,2,512,20,82,36,4360
2025-07-04,argo,com.rmnivnv.cryptomoon.ui.topcoins,TopCoinsPresenter,onAllCoinsUpdated,2,0,1.0,1,1.0,0,1,1,0,5,1,2,1,0.0,1,0,0,1,0.0,1,2.0,1,0,0.0,0,0.08823529411764706,0.7058823529411765,133,98,0.4375,16,7,5,1,0,7,9,0,7,0,0,4,0,0,3,0,27,0.875,27,1.588235294117647,17,5,7,0,5,12,0,5,0,1,0,0,0,0,0,17,17,19,462,334,7,0,9,75,1.7058823529411764,32,2,512,20,82,36,4360
2025-07-04,argo,com.rmnivnv.cryptomoon.ui.topcoins,TopCoinsPresenter,onMainCoinsUpdated,1,0,0.0,0,0.0,0,1,1,0,3,0,1,0,1.0,0,1,0,0,1.0,0,0.0,0,0,0.0,0,0.08823529411764706,0.7058823529411765,133,98,0.4375,16,7,5,1,0,7,9,0,7,0,0,4,0,0,3,0,27,0.875,27,1.588235294117647,17,5,7,0,5,12,0,5,0,1,0,0,0,0,0,17,17,19,462,334,7,0,9,75,1.7058823529411764,32,2,512,20,82,36,4360
2025-07-04,argo,com.rmnivnv.cryptomoon.ui.topcoins,TopCoinsPresenter,onPageChanged,2,0,0.0,1,1.0,0,1,1,0,6,1,2,0,0.75,0,2,0,2,2.0,1,2.0,1,0,0.0,0,0.08823529411764706,0.7058823529411765,133,98,0.4375,16,7,5,1,0,7,9,0,7,0,0,4,0,0,3,0,27,0.875,27,1.588235294117647,17,5,7,0,5,12,0,5,0,1,0,0,0,0,0,17,17,19,462,334,7,0,9,75,1.7058823529411764,32,2,512,20,82,36,4360
2025-07-04,argo,com.rmnivnv.cryptomoon.ui.topcoins,TopCoinsPresenter,onStop,1,0,0.0,2,1.0,0,1,1,0,4,0,1,0,1.0,0,2,0,2,2.0,1,2.0,0,0,0.0,0,0.08823529411764706,0.7058823529411765,133,98,0.4375,16,7,5,1,0,7,9,0,7,0,0,4,0,0,3,0,27,0.875,27,1.588235294117647,17,5,7,0,5,12,0,5,0,1,0,0,0,0,0,17,17,19,462,334,7,0,9,75,1.7058823529411764,32,2,512,20,82,36,4360
2025-07-04,argo,com.rmnivnv.cryptomoon.ui.topcoins,TopCoinsPresenter,updateTopCoins,2,1,1.0,3,0.6667,0,1,1,0,9,1,2,1,1.0,1,1,0,7,1.0,1,2.0,0,0,0.0,0,0.08823529411764706,0.7058823529411765,133,98,0.4375,16,7,5,1,0,7,9,0,7,0,0,4,0,0,3,0,27,0.875,27,1.588235294117647,17,5,7,0,5,12,0,5,0,1,0,0,0,0,0,17,17,19,462,334,7,0,9,75,1.7058823529411764,32,2,512,20,82,36,4360
2025-07-04,argo,com.rmnivnv.cryptomoon.ui.topcoins,TopCoinsPresenter,onTopCoinsReceived,3,0,0.0,3,1.0,0,1,1,0,9,2,3,0,1.0,0,1,0,4,2.0,1,2.0,1,0,0.0,0,0.08823529411764706,0.7058823529411765,133,98,0.4375,16,7,5,1,0,7,9,0,7,0,0,4,0,0,3,0,27,0.875,27,1.588235294117647,17,5,7,0,5,12,0,5,0,1,0,0,0,0,0,17,17,19,462,334,7,0,9,75,1.7058823529411764,32,2,512,20,82,36,4360
2025-07-04,argo,com.rmnivnv.cryptomoon.ui.topcoins,TopCoinsPresenter,updateAllCoins,4,1,2.0,4,0.75,0,1,1,0,11,2,4,2,1.0,2,1,0,9,2.0,1,2.0,0,0,0.0,0,0.08823529411764706,0.7058823529411765,133,98,0.4375,16,7,5,1,0,7,9,0,7,0,0,4,0,0,3,0,27,0.875,27,1.588235294117647,17,5,7,0,5,12,0,5,0,1,0,0,0,0,0,17,17,19,462,334,7,0,9,75,1.7058823529411764,32,2,512,20,82,36,4360
2025-07-04,argo,com.rmnivnv.cryptomoon.ui.topcoins,TopCoinsPresenter,onAllCoinsReceived,2,0,0.0,2,1.0,0,1,1,0,5,1,2,0,0.0,0,0,0,2,1.0,1,2.0,1,0,0.0,0,0.08823529411764706,0.7058823529411765,133,98,0.4375,16,7,5,1,0,7,9,0,7,0,0,4,0,0,3,0,27,0.875,27,1.588235294117647,17,5,7,0,5,12,0,5,0,1,0,0,0,0,0,17,17,19,462,334,7,0,9,75,1.7058823529411764,32,2,512,20,82,36,4360
2025-07-04,argo,com.rmnivnv.cryptomoon.ui.topcoins,TopCoinsPresenter,onCoinClicked,1,0,0.0,1,1.0,0,1,1,0,3,0,1,0,0.0,0,0,1,2,0.0,0,3.0,1,1,0.0,0,0.08823529411764706,0.7058823529411765,133,98,0.4375,16,7,5,1,0,7,9,0,7,0,0,4,0,0,3,0,27,0.875,27,1.588235294117647,17,5,7,0,5,12,0,5,0,1,0,0,0,0,0,17,17,19,462,334,7,0,9,75,1.7058823529411764,32,2,512,20,82,36,4360
2025-07-04,argo,com.rmnivnv.cryptomoon.ui.topcoins,TopCoinsPresenter,onSwiped,1,0,1.0,0,0.0,0,1,1,0,4,0,1,1,1.0,1,1,1,0,1.0,0,0.0,0,1,0.0,0,0.08823529411764706,0.7058823529411765,133,98,0.4375,16,7,5,1,0,7,9,0,7,0,0,4,0,0,3,0,27,0.875,27,1.588235294117647,17,5,7,0,5,12,0,5,0,1,0,0,0,0,0,17,17,19,462,334,7,0,9,75,1.7058823529411764,32,2,512,20,82,36,4360
2025-07-04,argo,com.rmnivnv.cryptomoon.ui.topcoins,TopCoinsPresenter,onAddCoinClicked,1,0,2.0,1,1.0,0,1,1,0,3,0,1,2,0.5,2,1,1,7,1.0,0,3.3333333333333335,1,1,0.0,0,0.08823529411764706,0.7058823529411765,133,98,0.4375,16,7,5,1,0,7,9,0,7,0,0,4,0,0,3,0,27,0.875,27,1.588235294117647,17,5,7,0,5,12,0,5,0,1,0,0,0,0,0,17,17,19,462,334,7,0,9,75,1.7058823529411764,32,2,512,20,82,36,4360
2025-07-04,argo,com.rmnivnv.cryptomoon.ui.topcoins,TopCoinsPresenter,onCoinAdded,3,0,0.0,4,1.0,0,1,1,0,9,1,3,0,0.0,1,0,1,8,0.5,1,3.2,2,1,0.0,0,0.08823529411764706,0.7058823529411765,133,98,0.4375,16,7,5,1,0,7,9,0,7,0,0,4,0,0,3,0,27,0.875,27,1.588235294117647,17,5,7,0,5,12,0,5,0,1,0,0,0,0,0,17,17,19,462,334,7,0,9,75,1.7058823529411764,32,2,512,20,82,36,4360
2025-07-04,argo,com.rmnivnv.cryptomoon.ui.topcoins,TopCoinsPresenter,getCoinPosition,1,0,0.0,1,1.0,0,1,1,0,3,0,1,0,0.5,0,1,0,3,1.0,0,2.5,1,0,0.0,0,0.08823529411764706,0.7058823529411765,133,98,0.4375,16,7,5,1,0,7,9,0,7,0,0,4,0,0,3,0,27,0.875,27,1.588235294117647,17,5,7,0,5,12,0,5,0,1,0,0,0,0,0,17,17,19,462,334,7,0,9,75,1.7058823529411764,32,2,512,20,82,36,4360
2025-07-04,argo,com.rmnivnv.cryptomoon.ui.topcoins,TopCoinsPresenter,onError,1,0,0.0,2,1.0,0,1,1,0,4,0,1,0,0.0,1,0,2,5,0.0,1,3.5,1,2,0.0,0,0.08823529411764706,0.7058823529411765,133,98,0.4375,16,7,5,1,0,7,9,0,7,0,0,4,0,0,3,0,27,0.875,27,1.588235294117647,17,5,7,0,5,12,0,5,0,1,0,0,0,0,0,17,17,19,462,334,7,0,9,75,1.7058823529411764,32,2,512,20,82,36,4360
2025-07-04,argo,com.rmnivnv.cryptomoon.utils,Logger,logDebug,1,0,0.0,0,0.0,0,0,1,0,1,0,1,0,0.0,1,0,0,1,0.0,1,2.0,1,0,0.0,0,0.0,0.0,5,2,0.0,2,0,0,0,0,1,0,0,0,0,0,0,0,0,0,0,2,1.0,2,1.0,2,0,0,0,2,0,0,2,0,1,0,0,0,0,0,2,2,19,462,334,5,0,0,2,1.0,17,1,262,20,82,11,4360
2025-07-04,argo,com.rmnivnv.cryptomoon.utils,Logger,logError,1,0,0.0,0,0.0,0,0,1,0,1,0,1,0,0.0,1,0,0,1,0.0,1,2.0,1,0,0.0,0,0.0,0.0,5,2,0.0,2,0,0,0,0,1,0,0,0,0,0,0,0,0,0,0,2,1.0,2,1.0,2,0,0,0,2,0,0,2,0,1,0,0,0,0,0,2,2,19,462,334,5,0,0,2,1.0,17,1,262,20,82,11,4360
2025-07-04,argo,com.rmnivnv.cryptomoon.utils,ResourceProviderImpl,getString,1,0,0.0,0,0.0,0,4,1,0,1,0,1,0,0.0,1,0,0,1,0.0,1,2.0,1,0,0.0,0,0.0,0.0,9,0,0.0,4,0,4,1,0,4,0,0,0,0,0,0,0,0,0,0,4,0.8333333333333334,4,1.0,4,4,0,0,4,0,0,4,0,1,0,0,0,0,0,4,4,19,462,334,5,0,0,5,1.0,17,1,262,20,82,11,4360
2025-07-04,argo,com.rmnivnv.cryptomoon.utils,ResourceProviderImpl,getDrawable,1,0,0.0,0,0.0,0,4,1,0,1,0,1,0,0.0,1,0,0,1,0.0,1,2.0,1,0,0.0,0,0.0,0.0,9,0,0.0,4,0,4,1,0,4,0,0,0,0,0,0,0,0,0,0,4,0.8333333333333334,4,1.0,4,4,0,0,4,0,0,4,0,1,0,0,0,0,0,4,4,19,462,334,5,0,0,5,1.0,17,1,262,20,82,11,4360
2025-07-04,argo,com.rmnivnv.cryptomoon.utils,ResourceProviderImpl,getColor,1,0,0.0,0,0.0,0,4,1,0,1,0,1,0,0.0,1,0,0,1,0.0,1,2.0,1,0,0.0,0,0.0,0.0,9,0,0.0,4,0,4,1,0,4,0,0,0,0,0,0,0,0,0,0,4,0.8333333333333334,4,1.0,4,4,0,0,4,0,0,4,0,1,0,0,0,0,0,4,4,19,462,334,5,0,0,5,1.0,17,1,262,20,82,11,4360
2025-07-04,argo,com.rmnivnv.cryptomoon.utils,ResourceProviderImpl,getStringArray,1,0,0.0,1,1.0,0,4,1,0,1,0,1,0,0.0,1,0,0,2,0.0,0,3.0,1,0,0.0,0,0.0,0.0,9,0,0.0,4,0,4,1,0,4,0,0,0,0,0,0,0,0,0,0,4,0.8333333333333334,4,1.0,4,4,0,0,4,0,0,4,0,1,0,0,0,0,0,4,4,19,462,334,5,0,0,5,1.0,17,1,262,20,82,11,4360
2025-07-04,argo,com.rmnivnv.cryptomoon.utils,Toaster,toastShort,1,0,0.0,0,0.0,0,0,1,0,1,0,1,0,0.0,1,0,0,1,0.0,1,2.0,1,0,0.0,0,0.0,0.0,5,2,0.0,2,0,0,0,0,1,0,0,0,0,0,0,0,0,0,0,2,1.0,2,1.0,2,0,0,0,2,0,0,2,0,1,0,0,0,0,0,2,2,19,462,334,5,0,0,2,1.0,17,1,262,20,82,11,4360
2025-07-04,argo,com.rmnivnv.cryptomoon.utils,Toaster,toastLong,1,0,0.0,0,0.0,0,0,1,0,1,0,1,0,0.0,1,0,0,1,0.0,1,2.0,1,0,0.0,0,0.0,0.0,5,2,0.0,2,0,0,0,0,1,0,0,0,0,0,0,0,0,0,0,2,1.0,2,1.0,2,0,0,0,2,0,0,2,0,1,0,0,0,0,0,2,2,19,462,334,5,0,0,2,1.0,17,1,262,20,82,11,4360
2025-07-04,argo,com.rmnivnv.cryptomoon.utils,ParserKtTest,`Given positive double When getChangeColor Then return green color`,1,0,0.0,1,1.0,0,0,1,0,1,0,1,0,0.0,0,0,0,3,0.0,0,2.5,0,0,0.0,0,0.0,0.3333333333333333,7,3,0.0,3,0,0,0,0,0,0,0,0,0,0,0,0,0,0,0,3,0.0,3,1.0,3,0,0,0,3,0,0,3,0,1,0,0,0,0,0,3,3,19,462,334,5,0,0,9,1.0,17,1,262,20,82,11,4360
2025-07-04,argo,com.rmnivnv.cryptomoon.utils,ParserKtTest,`Given negative double When getChangeColor Then return red color`,1,0,0.0,1,1.0,0,0,1,0,1,0,1,0,0.0,0,0,0,3,0.0,0,2.5,0,0,0.0,0,0.0,0.3333333333333333,7,3,0.0,3,0,0,0,0,0,0,0,0,0,0,0,0,0,0,0,3,0.0,3,1.0,3,0,0,0,3,0,0,3,0,1,0,0,0,0,0,3,3,19,462,334,5,0,0,9,1.0,17,1,262,20,82,11,4360
2025-07-04,argo,com.rmnivnv.cryptomoon.utils,ParserKtTest,`Given zero double When getChangeColor Then return orange dark color`,1,0,0.0,1,1.0,0,0,1,0,1,0,1,0,0.0,0,0,0,3,0.0,0,2.5,0,0,0.0,0,0.0,0.3333333333333333,7,3,0.0,3,0,0,0,0,0,0,0,0,0,0,0,0,0,0,0,3,0.0,3,1.0,3,0,0,0,3,0,0,3,0,1,0,0,0,0,0,3,3,19,462,334,5,0,0,9,1.0,17,1,262,20,82,11,4360
