Extraction Date,Project,Package,Class,Method,CYCLO_method,NOLV_method,CLNAMM_method,CINT_method,CDISP_method,NOII_type,NOAM_type,NOCS_type,number_constructor_NotDefaultConstructor,LOC_method,MAXNESTING_method,CC_method,NMCS_method,LAA_method,CM_method,NOAV_method,ATFD_method,FANOUT_method,ATLD_method,MaMCL_method,MeMCL_method,NOP_method,FDP_method,CFNAMM_method,Number_Final_Not_Static_Methods,TCC_type,WOC_type,LOC_type,LOCNAMM_type,CFNAMM_type,NOMNAMM_type,NOA_type,NIM_type,DIT_type,NOPA_type,CBO_type,RFC_type,isStatic_type,number_private_visibility_attributes,number_protected_visibility_attributes,number_package_visibility_attributes,num_final_attributes,num_static_attributes,num_final_static_attributes,num_not_final_not_static_attributes,NOC_type,WMC_type,LCOM5_type,WMCNAMM_type,AMW_type,NOM_type,NMO_type,num_final_not_static_attributes,num_static_not_final_attributes,number_public_visibility_methods,number_private_visibility_methods,number_protected_visibility_methods,number_package_visibility_methods,number_standard_design_methods,number_constructor_DefaultConstructor_methods,number_final_methods,number_abstract_methods,number_static_methods,number_final_static_methods,number_not_final_static_methods,number_not_final_not_static_methods,number_not_abstract_not_final_methods,NOI_project,NOM_project,NOMNAMM_project,NOCS_package,isStatic_method,ATFD_type,FANOUT_type,AMWNAMM_type,NOMNAMM_Package,NOI_Package,LOC_package,NOPK_project,NOCS_project,NOM_package,LOC_project
2025-07-07,argo,beyondeye.com.examples,AState,copyWithNewBusData,1,0,0.0,0,0.0,1,0,1,0,1,0,1,0,0.0,0,0,0,1,0.0,0,0.0,1,0,0.0,0,0.0,1.0,3,1,0.0,1,0,1,1,0,2,0,0,0,0,0,0,0,0,0,0,1,0.0,1,1.0,1,1,0,0,0,0,0,0,0,5,0,0,0,0,0,1,1,25,420,388,7,0,0,1,0.0,7,0,96,20,123,2,10500
2025-07-07,argo,beyondeye.com.examples.login.reduks,ActivityState,copy,1,0,0.0,1,1.0,0,0,1,0,1,0,1,0,0.0,0,0,0,0,0.0,0,2.0,3,0,0.0,0,0.0,0.0,3,1,0.0,1,0,0,0,0,2,0,0,0,0,0,0,0,0,0,0,1,0.0,1,1.0,1,0,0,0,1,0,0,1,1,1,0,0,0,0,0,1,1,25,420,388,2,0,0,0,1.0,1,0,75,20,123,1,10500
2025-07-07,argo,beyondeye.com.examples,ExampleUnitTest,addition_isCorrect,1,0,0.0,0,0.0,0,0,1,0,3,0,1,0,0.0,0,0,1,1,0.0,0,0.0,0,1,0.0,0,0.0,1.0,5,3,0.0,1,0,0,0,0,0,1,0,0,0,0,0,0,0,0,0,1,0.0,1,1.0,1,0,0,0,1,0,0,1,0,1,0,0,0,0,0,1,1,25,420,388,7,0,1,1,1.0,7,0,96,20,123,2,10500
2025-07-07,argo,com.beyondeye.reduks.example.counter.ui,MainActivity,onCreate,1,0,2.0,4,1.0,1,0,1,0,8,0,1,0,0.5,3,1,5,9,1.0,1,2.3333333333333335,1,4,0.0,0,0.16666666666666666,0.25,21,14,0.25,4,1,2,4,0,3,5,0,1,0,0,0,0,0,1,0,4,1.0,4,1.0,4,2,1,0,4,0,0,4,3,1,0,0,0,0,0,4,4,25,420,388,1,0,5,12,1.0,4,0,45,20,123,4,10500
2025-07-07,argo,com.beyondeye.reduks.example.counter.ui,MainActivity,onDestroy,1,0,0.0,1,1.0,1,0,1,0,4,0,1,0,1.0,1,1,0,1,1.0,1,2.0,0,0,0.0,0,0.16666666666666666,0.25,21,14,0.25,4,1,2,4,0,3,5,0,1,0,0,0,0,0,1,0,4,1.0,4,1.0,4,2,1,0,4,0,0,4,3,1,0,0,0,0,0,4,4,25,420,388,1,0,5,12,1.0,4,0,45,20,123,4,10500
2025-07-07,argo,com.beyondeye.reduks.example.counter.ui,MainActivity,createIncrementAction,1,0,0.0,1,1.0,1,0,1,0,1,0,1,0,0.0,0,0,0,1,0.0,1,2.0,1,0,0.0,0,0.16666666666666666,0.25,21,14,0.25,4,1,2,4,0,3,5,0,1,0,0,0,0,0,1,0,4,1.0,4,1.0,4,2,1,0,4,0,0,4,3,1,0,0,0,0,0,4,4,25,420,388,1,0,5,12,1.0,4,0,45,20,123,4,10500
2025-07-07,argo,com.beyondeye.reduks.example.counter.ui,MainActivity,createDecrementAction,1,0,0.0,1,1.0,1,0,1,0,1,0,1,0,0.0,0,0,0,1,0.0,1,2.0,1,0,0.0,0,0.16666666666666666,0.25,21,14,0.25,4,1,2,4,0,3,5,0,1,0,0,0,0,0,1,0,4,1.0,4,1.0,4,2,1,0,4,0,0,4,3,1,0,0,0,0,0,4,4,25,420,388,1,0,5,12,1.0,4,0,45,20,123,4,10500
2025-07-07,argo,com.beyondeye.kjsonpatch,ApplyProcessor,result,1,0,0.0,0,0.0,0,2,1,0,3,0,1,0,1.0,0,1,0,0,1.0,0,0.0,0,0,0.0,0,0.3181818181818182,0.9166666666666666,160,117,0.8,11,1,6,1,0,5,3,0,1,0,0,0,0,0,1,0,34,0.3939393939393939,34,2.8333333333333335,12,6,1,0,7,5,0,7,1,1,0,0,0,0,0,12,12,25,420,388,7,0,3,102,6.0,14,0,995,20,123,14,10500
2025-07-07,argo,com.beyondeye.kjsonpatch,ApplyProcessor,move,3,3,3.0,2,1.0,0,2,1,0,7,0,3,3,0.0,4,0,2,10,0.0,0,2.8,2,2,0.0,0,0.3181818181818182,0.9166666666666666,160,117,0.8,11,1,6,1,0,5,3,0,1,0,0,0,0,0,1,0,34,0.3939393939393939,34,2.8333333333333335,12,6,1,0,7,5,0,7,1,1,0,0,0,0,0,12,12,25,420,388,7,0,3,102,6.0,14,0,995,20,123,14,10500
2025-07-07,argo,com.beyondeye.kjsonpatch,ApplyProcessor,copy,3,3,2.0,2,1.0,0,2,1,0,6,0,3,2,0.0,3,0,1,10,0.0,0,2.8,2,1,0.0,0,0.3181818181818182,0.9166666666666666,160,117,0.8,11,1,6,1,0,5,3,0,1,0,0,0,0,0,1,0,34,0.3939393939393939,34,2.8333333333333335,12,6,1,0,7,5,0,7,1,1,0,0,0,0,0,12,12,25,420,388,7,0,3,102,6.0,14,0,995,20,123,14,10500
2025-07-07,argo,com.beyondeye.kjsonpatch,ApplyProcessor,test,16,7,2.0,4,1.0,0,2,1,0,32,5,16,2,0.3333333333333333,3,0,0,14,0.12,1,2.25,2,0,0.0,0,0.3181818181818182,0.9166666666666666,160,117,0.8,11,1,6,1,0,5,3,0,1,0,0,0,0,0,1,0,34,0.3939393939393939,34,2.8333333333333335,12,6,1,0,7,5,0,7,1,1,0,0,0,0,0,12,12,25,420,388,7,0,3,102,6.0,14,0,995,20,123,14,10500
2025-07-07,argo,com.beyondeye.kjsonpatch,ApplyProcessor,add,11,2,3.0,3,1.0,0,2,1,0,13,3,11,5,0.08333333333333333,4,1,0,10,0.25,3,2.1666666666666665,2,0,0.0,0,0.3181818181818182,0.9166666666666666,160,117,0.8,11,1,6,1,0,5,3,0,1,0,0,0,0,0,1,0,34,0.3939393939393939,34,2.8333333333333335,12,6,1,0,7,5,0,7,1,1,0,0,0,0,0,12,12,25,420,388,7,0,3,102,6.0,14,0,995,20,123,14,10500
2025-07-07,argo,com.beyondeye.kjsonpatch,ApplyProcessor,addToObject,1,2,2.0,1,1.0,0,2,1,0,5,0,1,0,0.3333333333333333,2,0,0,4,0.2,1,2.25,3,0,0.0,0,0.3181818181818182,0.9166666666666666,160,117,0.8,11,1,6,1,0,5,3,0,1,0,0,0,0,0,1,0,34,0.3939393939393939,34,2.8333333333333335,12,6,1,0,7,5,0,7,1,1,0,0,0,0,0,12,12,25,420,388,7,0,3,102,6.0,14,0,995,20,123,14,10500
2025-07-07,argo,com.beyondeye.kjsonpatch,ApplyProcessor,addToArray,3,3,3.0,1,1.0,0,2,1,0,10,1,3,1,0.375,3,0,0,6,0.17,1,2.1666666666666665,3,0,0.0,0,0.3181818181818182,0.9166666666666666,160,117,0.8,11,1,6,1,0,5,3,0,1,0,0,0,0,0,1,0,34,0.3939393939393939,34,2.8333333333333335,12,6,1,0,7,5,0,7,1,1,0,0,0,0,0,12,12,25,420,388,7,0,3,102,6.0,14,0,995,20,123,14,10500
2025-07-07,argo,com.beyondeye.kjsonpatch,ApplyProcessor,replace,11,3,2.0,4,1.0,0,2,1,0,16,3,11,1,0.09090909090909091,4,1,0,16,0.2,1,2.1818181818181817,2,0,0.0,0,0.3181818181818182,0.9166666666666666,160,117,0.8,11,1,6,1,0,5,3,0,1,0,0,0,0,0,1,0,34,0.3939393939393939,34,2.8333333333333335,12,6,1,0,7,5,0,7,1,1,0,0,0,0,0,12,12,25,420,388,7,0,3,102,6.0,14,0,995,20,123,14,10500
2025-07-07,argo,com.beyondeye.kjsonpatch,ApplyProcessor,remove,9,3,3.0,3,1.0,0,2,1,0,16,3,9,1,0.0,4,0,0,14,0.0,1,2.2222222222222223,1,0,0.0,0,0.3181818181818182,0.9166666666666666,160,117,0.8,11,1,6,1,0,5,3,0,1,0,0,0,0,0,1,0,34,0.3939393939393939,34,2.8333333333333335,12,6,1,0,7,5,0,7,1,1,0,0,0,0,0,12,12,25,420,388,7,0,3,102,6.0,14,0,995,20,123,14,10500
2025-07-07,argo,com.beyondeye.kjsonpatch,ApplyProcessor,getParentNode,1,1,0.0,1,1.0,0,2,1,0,4,0,1,1,0.3333333333333333,1,1,0,3,0.5,0,2.0,1,0,0.0,0,0.3181818181818182,0.9166666666666666,160,117,0.8,11,1,6,1,0,5,3,0,1,0,0,0,0,0,1,0,34,0.3939393939393939,34,2.8333333333333335,12,6,1,0,7,5,0,7,1,1,0,0,0,0,0,12,12,25,420,388,7,0,3,102,6.0,14,0,995,20,123,14,10500
2025-07-07,argo,com.beyondeye.kjsonpatch,ApplyProcessor,getNode,9,5,0.0,7,1.0,0,2,1,0,20,3,9,2,0.0,2,0,0,11,0.0,1,2.4444444444444446,3,0,0.0,0,0.3181818181818182,0.9166666666666666,160,117,0.8,11,1,6,1,0,5,3,0,1,0,0,0,0,0,1,0,34,0.3939393939393939,34,2.8333333333333335,12,6,1,0,7,5,0,7,1,1,0,0,0,0,0,12,12,25,420,388,7,0,3,102,6.0,14,0,995,20,123,14,10500
2025-07-07,argo,com.beyondeye.kjsonpatch,ApplyProcessor,arrayIndex,4,1,0.0,1,1.0,0,2,1,0,9,1,4,0,0.0,0,0,0,4,0.0,1,2.0,2,0,0.0,0,0.3181818181818182,0.9166666666666666,160,117,0.8,11,1,6,1,0,5,3,0,1,0,0,0,0,0,1,0,34,0.3939393939393939,34,2.8333333333333335,12,6,1,0,7,5,0,7,1,1,0,0,0,0,0,12,12,25,420,388,7,0,3,102,6.0,14,0,995,20,123,14,10500
2025-07-07,argo,com.beyondeye.kjsonpatch,Operations,opFromName,2,1,0.0,1,1.0,0,0,1,0,5,1,2,0,0.5,0,1,0,3,0.5,0,3.0,1,0,0.0,0,0.0,1.0,41,10,0.0,2,14,0,0,6,2,0,0,2,0,6,14,0,0,0,0,4,0.0,4,2.0,2,0,14,0,2,0,0,2,2,1,0,0,0,0,0,2,2,25,420,388,7,0,0,5,2.0,14,0,995,20,123,14,10500
2025-07-07,argo,com.beyondeye.kjsonpatch,Operations,nameFromOp,2,1,0.0,1,1.0,0,0,1,0,5,1,2,0,0.5,0,1,0,2,0.5,1,2.0,1,0,0.0,0,0.0,1.0,41,10,0.0,2,14,0,0,6,2,0,0,2,0,6,14,0,0,0,0,4,0.0,4,2.0,2,0,14,0,2,0,0,2,2,1,0,0,0,0,0,2,2,25,420,388,7,0,0,5,2.0,14,0,995,20,123,14,10500
2025-07-07,argo,com.beyondeye.reduks,MiddlewareImpl,dispatch,1,0,0.0,0,0.0,0,0,1,0,1,0,1,0,0.0,0,0,0,1,0.0,0,0.0,3,0,0.0,0,0.0,0.0,3,1,0.0,1,0,1,1,0,3,0,0,0,0,0,0,0,0,0,0,1,0.0,1,1.0,1,1,1,0,7,0,0,7,2,7,0,0,0,0,0,1,1,25,420,388,55,0,1,6,1.0,167,17,2774,20,123,71,10500
2025-07-07,argo,com.beyondeye.reduks,ReducerImpl,reduce,1,0,0.0,0,0.0,0,0,1,0,1,0,1,1,0.0,0,0,0,1,0.0,0,0.0,2,0,0.0,0,0.0,0.0,3,1,0.0,1,0,1,1,0,2,0,0,0,0,0,0,0,0,0,0,1,0.0,1,1.0,1,1,1,0,7,0,0,7,2,7,0,0,0,0,0,1,1,25,420,388,55,0,1,6,1.0,167,17,2774,20,123,71,10500
2025-07-07,argo,com.beyondeye.reduks,StoreEnhancerImpl,enhance,1,0,0.0,0,0.0,0,0,1,0,1,0,1,0,0.0,0,0,0,1,0.0,0,0.0,1,0,0.0,0,0.0,0.0,3,1,0.0,1,0,1,1,0,1,0,0,0,0,0,0,0,0,0,0,1,0.0,1,1.0,1,1,1,0,7,0,0,7,2,7,0,0,0,0,0,1,1,25,420,388,55,0,1,6,1.0,167,17,2774,20,123,71,10500
2025-07-07,argo,com.beyondeye.reduks,StoreSubscriberImpl,onStateChange,1,0,0.0,0,0.0,0,0,1,0,3,0,1,0,0.0,0,0,1,1,0.0,0,0.0,0,1,0.0,0,0.0,0.0,5,3,0.0,1,0,1,1,0,0,1,0,0,0,0,0,0,0,0,0,1,0.0,1,1.0,1,1,1,0,7,0,0,7,2,7,0,0,0,0,0,1,1,25,420,388,55,0,1,6,1.0,167,17,2774,20,123,71,10500
2025-07-07,argo,com.beyondeye.reduks,StoreSubscriberBuilderImpl,build,1,0,0.0,0,0.0,0,0,1,0,1,0,1,0,0.0,0,0,0,1,0.0,0,0.0,1,0,0.0,0,0.0,0.0,3,1,0.0,1,0,1,1,0,2,0,0,0,0,0,0,0,0,0,0,1,0.0,1,1.0,1,1,1,0,7,0,0,7,2,7,0,0,0,0,0,1,1,25,420,388,55,0,1,6,1.0,167,17,2774,20,123,71,10500
2025-07-07,argo,com.beyondeye.reduks,StoreSubscriberBuilderImpl2,build,1,0,0.0,0,0.0,0,0,1,0,1,0,1,0,0.5,0,1,0,1,1.0,0,0.0,1,0,0.0,0,0.0,0.0,5,1,0.0,1,1,1,1,1,2,0,0,0,0,1,1,0,0,0,0,1,0.0,1,1.0,1,1,1,0,7,0,0,7,2,7,0,0,0,0,0,1,1,25,420,388,55,0,1,6,1.0,167,17,2774,20,123,71,10500
2025-07-07,argo,com.beyondeye.reduks,ThunkImpl,execute,1,0,0.0,0,0.0,0,0,1,0,1,0,1,0,0.0,0,0,0,1,0.0,0,0.0,2,0,0.0,0,0.0,0.0,3,1,0.0,1,0,1,1,0,3,0,0,0,0,0,0,0,0,0,0,1,0.0,1,1.0,1,1,1,0,7,0,0,7,2,7,0,0,0,0,0,1,1,25,420,388,55,0,1,6,1.0,167,17,2774,20,123,71,10500
2025-07-07,argo,com.beyondeye.reduks,SimpleStore,replaceReducer,1,0,0.0,0,0.0,0,0,2,0,4,0,1,0,0.3333333333333333,0,1,1,1,1.0,0,2.0,1,0,0.0,0,0.0,0.5,56,12,0.0,2,5,2,1,0,3,1,0,2,0,1,3,1,1,3,0,2,1.0,2,1.0,2,2,5,0,2,0,0,2,0,1,0,0,0,0,0,5,5,25,420,388,55,0,1,4,1.0,167,17,2774,20,123,71,10500
2025-07-07,argo,com.beyondeye.reduks,SimpleStore,subscribe,1,0,0.0,2,1.0,0,0,2,0,8,0,1,1,0.5,0,1,0,3,1.0,1,2.5,1,0,0.0,0,0.0,0.5,56,12,0.0,2,5,2,1,0,3,1,0,2,0,1,3,1,1,3,0,2,1.0,2,1.0,2,2,5,0,2,0,0,2,0,1,0,0,0,0,0,5,5,25,420,388,55,0,1,4,1.0,167,17,2774,20,123,71,10500
2025-07-07,argo,com.beyondeye.reduks,StepInSequence,restarted,1,0,0.0,0,0.0,0,3,1,0,1,0,1,0,0.0,0,0,0,1,0.0,0,0.0,1,0,0.0,0,0.0,0.5714285714285714,15,4,0.0,7,0,0,0,0,1,0,0,0,0,0,0,0,0,0,0,7,0.5714285714285714,7,1.0,7,0,0,0,7,0,0,7,0,1,0,0,0,0,0,7,7,25,420,388,55,0,0,4,1.0,167,17,2774,20,123,71,10500
2025-07-07,argo,com.beyondeye.reduks,StepInSequence,completed,1,0,0.0,0,0.0,0,3,1,0,1,0,1,0,0.0,0,0,0,1,0.0,0,0.0,0,0,0.0,0,0.0,0.5714285714285714,15,4,0.0,7,0,0,0,0,1,0,0,0,0,0,0,0,0,0,0,7,0.5714285714285714,7,1.0,7,0,0,0,7,0,0,7,0,1,0,0,0,0,0,7,7,25,420,388,55,0,0,4,1.0,167,17,2774,20,123,71,10500
2025-07-07,argo,com.beyondeye.reduks,StepInSequence,withNextStep,1,0,0.0,1,1.0,0,3,1,0,1,0,1,0,0.0,0,0,0,1,0.0,1,2.0,0,0,0.0,0,0.0,0.5714285714285714,15,4,0.0,7,0,0,0,0,1,0,0,0,0,0,0,0,0,0,0,7,0.5714285714285714,7,1.0,7,0,0,0,7,0,0,7,0,1,0,0,0,0,0,7,7,25,420,388,55,0,0,4,1.0,167,17,2774,20,123,71,10500
2025-07-07,argo,com.beyondeye.reduks,StepInSequence,withStep,1,0,0.0,1,1.0,0,3,1,0,1,0,1,0,0.0,0,0,0,1,0.0,1,2.0,1,0,0.0,0,0.0,0.5714285714285714,15,4,0.0,7,0,0,0,0,1,0,0,0,0,0,0,0,0,0,0,7,0.5714285714285714,7,1.0,7,0,0,0,7,0,0,7,0,1,0,0,0,0,0,7,7,25,420,388,55,0,0,4,1.0,167,17,2774,20,123,71,10500
2025-07-07,argo,com.beyondeye.reduks,StepInSequence,isStarted,1,0,0.0,0,0.0,0,3,1,0,1,0,1,0,0.0,0,0,0,0,0.0,0,0.0,0,0,0.0,0,0.0,0.5714285714285714,15,4,0.0,7,0,0,0,0,1,0,0,0,0,0,0,0,0,0,0,7,0.5714285714285714,7,1.0,7,0,0,0,7,0,0,7,0,1,0,0,0,0,0,7,7,25,420,388,55,0,0,4,1.0,167,17,2774,20,123,71,10500
2025-07-07,argo,com.beyondeye.reduks,StepInSequence,isCompleted,1,0,0.0,0,0.0,0,3,1,0,1,0,1,0,0.0,0,0,0,0,0.0,0,0.0,0,0,0.0,0,0.0,0.5714285714285714,15,4,0.0,7,0,0,0,0,1,0,0,0,0,0,0,0,0,0,0,7,0.5714285714285714,7,1.0,7,0,0,0,7,0,0,7,0,1,0,0,0,0,0,7,7,25,420,388,55,0,0,4,1.0,167,17,2774,20,123,71,10500
2025-07-07,argo,com.beyondeye.reduks,StepInSequence,isRunning,1,0,0.0,0,0.0,0,3,1,0,1,0,1,0,0.0,0,0,0,0,0.0,0,0.0,0,0,0.0,0,0.0,0.5714285714285714,15,4,0.0,7,0,0,0,0,1,0,0,0,0,0,0,0,0,0,0,7,0.5714285714285714,7,1.0,7,0,0,0,7,0,0,7,0,1,0,0,0,0,0,7,7,25,420,388,55,0,0,4,1.0,167,17,2774,20,123,71,10500
2025-07-07,argo,com.beyondeye.reduks.middlewares,ThunkMiddleware,dispatch,2,1,0.0,1,1.0,0,0,1,0,7,1,2,0,0.0,1,0,0,5,0.0,0,2.0,3,0,0.0,0,0.0,1.0,9,7,0.0,1,0,1,1,0,3,0,0,0,0,0,0,0,0,0,0,2,0.0,2,2.0,1,1,0,0,1,0,0,1,0,1,0,0,0,0,0,1,1,25,420,388,17,0,0,5,2.0,65,0,2559,20,123,59,10500
2025-07-07,argo,com.beyondeye.reduks.modules,ActionWithContext,equals,6,0,0.0,4,1.0,0,0,1,0,9,5,6,0,0.36363636363636365,0,2,0,5,2.0,1,2.0,1,0,0.0,0,1.0,1.0,31,14,0.0,2,2,2,1,2,3,0,0,0,0,2,2,0,0,0,0,7,1.0,7,3.5,2,2,2,0,4,0,0,4,0,3,0,0,0,0,0,2,2,25,420,388,24,0,0,7,3.5,42,1,1424,20,123,38,10500
2025-07-07,argo,com.beyondeye.reduks.modules,ActionWithContext,hashCode,1,1,0.0,0,0.0,0,0,1,0,5,0,1,0,1.0,1,2,0,2,2.0,1,2.0,0,0,0.0,0,1.0,1.0,31,14,0.0,2,2,2,1,2,3,0,0,0,0,2,2,0,0,0,0,7,1.0,7,3.5,2,2,2,0,4,0,0,4,0,3,0,0,0,0,0,2,2,25,420,388,24,0,0,7,3.5,42,1,1424,20,123,38,10500
2025-07-07,argo,com.beyondeye.reduks.modules,ReduksContext,isValid,1,0,0.0,0,0.0,0,1,1,0,1,0,1,0,0.0,0,0,0,0,0.0,0,2.0,0,0,0.0,0,0.0,0.875,56,38,0.14285714285714285,8,0,3,1,0,5,2,0,0,0,0,0,0,0,0,1,16,0.9642857142857143,16,2.0,8,3,0,0,8,0,0,8,0,1,0,0,3,0,3,8,11,25,420,388,24,0,3,21,2.5714285714285716,42,1,1424,20,123,38,10500
2025-07-07,argo,com.beyondeye.reduks.modules,ReduksContext,hasEmptyPath,1,0,0.0,1,1.0,0,1,1,0,1,0,1,0,0.0,0,0,0,1,0.0,1,2.0,0,0,0.0,0,0.0,0.875,56,38,0.14285714285714285,8,0,3,1,0,5,2,0,0,0,0,0,0,0,0,1,16,0.9642857142857143,16,2.0,8,3,0,0,8,0,0,8,0,1,0,0,3,0,3,8,11,25,420,388,24,0,3,21,2.5714285714285716,42,1,1424,20,123,38,10500
2025-07-07,argo,com.beyondeye.reduks.modules,ReduksContext,joinedWith,1,0,0.0,1,1.0,0,1,1,0,1,0,1,0,0.0,0,0,0,1,0.0,0,2.0,1,0,0.0,0,0.0,0.875,56,38,0.14285714285714285,8,0,3,1,0,5,2,0,0,0,0,0,0,0,0,1,16,0.9642857142857143,16,2.0,8,3,0,0,8,0,0,8,0,1,0,0,3,0,3,8,11,25,420,388,24,0,3,21,2.5714285714285716,42,1,1424,20,123,38,10500
2025-07-07,argo,com.beyondeye.reduks.modules,ReduksContext,div,1,1,0.0,2,1.0,0,1,1,0,4,0,1,0,0.0,0,0,0,2,0.0,0,2.0,1,0,0.0,0,0.0,0.875,56,38,0.14285714285714285,8,0,3,1,0,5,2,0,0,0,0,0,0,0,0,1,16,0.9642857142857143,16,2.0,8,3,0,0,8,0,0,8,0,1,0,0,3,0,3,8,11,25,420,388,24,0,3,21,2.5714285714285716,42,1,1424,20,123,38,10500
2025-07-07,argo,com.beyondeye.reduks.modules,ReduksContext,div,3,0,0.0,0,0.0,0,1,1,0,1,1,3,0,0.0,1,0,0,1,0.0,0,0.0,1,0,0.0,0,0.0,0.875,56,38,0.14285714285714285,8,0,3,1,0,5,2,0,0,0,0,0,0,0,0,1,16,0.9642857142857143,16,2.0,8,3,0,0,8,0,0,8,0,1,0,0,3,0,3,8,11,25,420,388,24,0,3,21,2.5714285714285716,42,1,1424,20,123,38,10500
2025-07-07,argo,com.beyondeye.reduks.modules,ReduksContext,equals,10,3,1.0,6,1.0,0,1,1,0,17,5,10,0,0.0,1,0,0,12,0.0,2,2.2,1,0,0.0,0,0.0,0.875,56,38,0.14285714285714285,8,0,3,1,0,5,2,0,0,0,0,0,0,0,0,1,16,0.9642857142857143,16,2.0,8,3,0,0,8,0,0,8,0,1,0,0,3,0,3,8,11,25,420,388,24,0,3,21,2.5714285714285716,42,1,1424,20,123,38,10500
2025-07-07,argo,com.beyondeye.reduks.modules,ReduksContext,toString,1,1,0.0,1,1.0,0,1,1,0,9,0,1,0,0.0,1,0,2,3,0.0,1,2.0,0,2,0.0,0,0.0,0.875,56,38,0.14285714285714285,8,0,3,1,0,5,2,0,0,0,0,0,0,0,0,1,16,0.9642857142857143,16,2.0,8,3,0,0,8,0,0,8,0,1,0,0,3,0,3,8,11,25,420,388,24,0,3,21,2.5714285714285716,42,1,1424,20,123,38,10500
2025-07-07,argo,com.beyondeye.reduks.modules,ReduksContext,<reified S:Any> defaultModuleId,1,0,0.0,1,1.0,0,1,1,0,5,0,1,0,0.0,1,0,1,3,0.0,1,2.0,0,0,0.0,0,0.0,0.875,56,38,0.14285714285714285,8,0,3,1,0,5,2,0,0,0,0,0,0,0,0,1,16,0.9642857142857143,16,2.0,8,3,0,0,8,0,0,8,0,1,0,0,3,0,3,8,11,25,420,388,24,1,3,21,2.5714285714285716,42,1,1424,20,123,38,10500
2025-07-07,argo,com.beyondeye.reduks,MyTreePVectorTests,testPVectorWithElementChanged,2,1,0.0,5,0.8,0,0,1,0,10,1,2,0,0.0,0,0,2,7,0.0,1,2.2857142857142856,0,1,0.0,0,0.0,1.0,12,10,0.0,1,0,0,0,0,0,1,0,0,0,0,0,0,0,0,0,2,0.0,2,2.0,1,0,0,0,1,0,0,1,0,1,0,0,0,0,0,1,1,25,420,388,55,0,2,7,2.0,167,17,2774,20,123,71,10500
2025-07-07,argo,com.beyondeye.reduks,ReselectTest,basicSelectorTest,1,2,0.0,4,1.0,0,1,9,0,9,0,1,0,0.0,0,0,1,7,0.0,2,2.2857142857142856,0,1,0.0,0,0.0,1.0,222,176,0.0,17,0,0,0,0,0,6,0,0,0,0,0,0,0,0,0,19,0.22058823529411764,19,1.1176470588235294,17,0,0,0,17,0,0,17,0,1,0,0,0,0,0,17,17,25,420,388,55,0,24,181,1.1176470588235294,167,17,2774,20,123,71,10500
2025-07-07,argo,com.beyondeye.reduks,ReselectTest,signalChangedTest,1,2,0.0,4,1.0,0,1,9,0,9,0,1,0,0.0,0,0,2,6,0.0,1,2.3333333333333335,0,2,0.0,0,0.0,1.0,222,176,0.0,17,0,0,0,0,0,6,0,0,0,0,0,0,0,0,0,19,0.22058823529411764,19,1.1176470588235294,17,0,0,0,17,0,0,17,0,1,0,0,0,0,0,17,17,25,420,388,55,0,24,181,1.1176470588235294,167,17,2774,20,123,71,10500
2025-07-07,argo,com.beyondeye.reduks,ReselectTest,basicSelectorWithMultipleKeysTest,1,3,0.0,3,1.0,0,1,9,0,11,0,1,0,0.0,0,0,1,9,0.0,1,2.2222222222222223,0,1,0.0,0,0.0,1.0,222,176,0.0,17,0,0,0,0,0,6,0,0,0,0,0,0,0,0,0,19,0.22058823529411764,19,1.1176470588235294,17,0,0,0,17,0,0,17,0,1,0,0,0,0,0,17,17,25,420,388,55,0,24,181,1.1176470588235294,167,17,2774,20,123,71,10500
2025-07-07,argo,com.beyondeye.reduks,ReselectTest,basicSelectorWithMultipleKeysByValueTest,1,4,0.0,6,1.0,0,1,9,0,14,0,1,0,0.0,0,0,1,17,0.0,1,2.210526315789474,0,1,0.0,0,0.0,1.0,222,176,0.0,17,0,0,0,0,0,6,0,0,0,0,0,0,0,0,0,19,0.22058823529411764,19,1.1176470588235294,17,0,0,0,17,0,0,17,0,1,0,0,0,0,0,17,17,25,420,388,55,0,24,181,1.1176470588235294,167,17,2774,20,123,71,10500
2025-07-07,argo,com.beyondeye.reduks,ReselectTest,memoizedCompositeArgumentsTest,1,3,0.0,3,1.0,0,1,9,0,10,0,1,0,0.0,0,0,1,8,0.0,1,2.2857142857142856,0,1,0.0,0,0.0,1.0,222,176,0.0,17,0,0,0,0,0,6,0,0,0,0,0,0,0,0,0,19,0.22058823529411764,19,1.1176470588235294,17,0,0,0,17,0,0,17,0,1,0,0,0,0,0,17,17,25,420,388,55,0,24,181,1.1176470588235294,167,17,2774,20,123,71,10500
2025-07-07,argo,com.beyondeye.reduks,ReselectTest,chainedSelectorTest,1,4,0.0,4,1.0,0,1,9,0,11,0,1,0,0.0,0,0,1,11,0.0,1,2.3333333333333335,0,1,0.0,0,0.0,1.0,222,176,0.0,17,0,0,0,0,0,6,0,0,0,0,0,0,0,0,0,19,0.22058823529411764,19,1.1176470588235294,17,0,0,0,17,0,0,17,0,1,0,0,0,0,0,17,17,25,420,388,55,0,24,181,1.1176470588235294,167,17,2774,20,123,71,10500
2025-07-07,argo,com.beyondeye.reduks,ReselectTest,recomputationsCountTest,1,3,0.0,3,1.0,0,1,9,0,15,0,1,0,0.0,0,0,1,8,0.0,1,2.3333333333333335,0,1,0.0,0,0.0,1.0,222,176,0.0,17,0,0,0,0,0,6,0,0,0,0,0,0,0,0,0,19,0.22058823529411764,19,1.1176470588235294,17,0,0,0,17,0,0,17,0,1,0,0,0,0,0,17,17,25,420,388,55,0,24,181,1.1176470588235294,167,17,2774,20,123,71,10500
2025-07-07,argo,com.beyondeye.reduks,ReselectTest,primitiveFieldTest,1,8,0.0,6,1.0,0,1,9,0,18,0,1,0,0.0,0,0,1,18,0.0,0,2.5714285714285716,0,1,0.0,0,0.0,1.0,222,176,0.0,17,0,0,0,0,0,6,0,0,0,0,0,0,0,0,0,19,0.22058823529411764,19,1.1176470588235294,17,0,0,0,17,0,0,17,0,1,0,0,0,0,0,17,17,25,420,388,55,0,24,181,1.1176470588235294,167,17,2774,20,123,71,10500
2025-07-07,argo,com.beyondeye.reduks,ReselectTest,isChangedTest,1,3,0.0,4,1.0,0,1,9,0,12,0,1,0,0.0,0,0,2,10,0.0,2,2.3333333333333335,0,2,0.0,0,0.0,1.0,222,176,0.0,17,0,0,0,0,0,6,0,0,0,0,0,0,0,0,0,19,0.22058823529411764,19,1.1176470588235294,17,0,0,0,17,0,0,17,0,1,0,0,0,0,0,17,17,25,420,388,55,0,24,181,1.1176470588235294,167,17,2774,20,123,71,10500
2025-07-07,argo,com.beyondeye.reduks,ReselectTest,args3Test,1,2,0.0,3,1.0,0,1,9,0,5,0,1,0,0.0,0,0,1,10,0.0,0,2.1,0,1,0.0,0,0.0,1.0,222,176,0.0,17,0,0,0,0,0,6,0,0,0,0,0,0,0,0,0,19,0.22058823529411764,19,1.1176470588235294,17,0,0,0,17,0,0,17,0,1,0,0,0,0,0,17,17,25,420,388,55,0,24,181,1.1176470588235294,167,17,2774,20,123,71,10500
2025-07-07,argo,com.beyondeye.reduks,ReselectTest,args4Test,1,2,0.0,3,1.0,0,1,9,0,5,0,1,0,0.0,0,0,1,13,0.0,0,2.076923076923077,0,1,0.0,0,0.0,1.0,222,176,0.0,17,0,0,0,0,0,6,0,0,0,0,0,0,0,0,0,19,0.22058823529411764,19,1.1176470588235294,17,0,0,0,17,0,0,17,0,1,0,0,0,0,0,17,17,25,420,388,55,0,24,181,1.1176470588235294,167,17,2774,20,123,71,10500
2025-07-07,argo,com.beyondeye.reduks,ReselectTest,args5Test,1,2,0.0,3,1.0,0,1,9,0,5,0,1,0,0.0,0,0,1,16,0.0,0,2.0625,0,1,0.0,0,0.0,1.0,222,176,0.0,17,0,0,0,0,0,6,0,0,0,0,0,0,0,0,0,19,0.22058823529411764,19,1.1176470588235294,17,0,0,0,17,0,0,17,0,1,0,0,0,0,0,17,17,25,420,388,55,0,24,181,1.1176470588235294,167,17,2774,20,123,71,10500
2025-07-07,argo,com.beyondeye.reduks,ReselectTest,singleFieldSelectorTest,1,5,0.0,2,1.0,0,1,9,0,10,0,1,0,0.0,0,0,1,10,0.0,0,2.3333333333333335,0,1,0.0,0,0.0,1.0,222,176,0.0,17,0,0,0,0,0,6,0,0,0,0,0,0,0,0,0,19,0.22058823529411764,19,1.1176470588235294,17,0,0,0,17,0,0,17,0,1,0,0,0,0,0,17,17,25,420,388,55,0,24,181,1.1176470588235294,167,17,2774,20,123,71,10500
2025-07-07,argo,com.beyondeye.reduks,ReselectTest,onChangeTest,1,5,0.0,5,1.0,0,1,9,0,12,0,1,0,0.0,0,0,2,7,0.0,1,2.0,0,2,0.0,0,0.0,1.0,222,176,0.0,17,0,0,0,0,0,6,0,0,0,0,0,0,0,0,0,19,0.22058823529411764,19,1.1176470588235294,17,0,0,0,17,0,0,17,0,1,0,0,0,0,0,17,17,25,420,388,55,0,24,181,1.1176470588235294,167,17,2774,20,123,71,10500
2025-07-07,argo,com.beyondeye.reduks,ReselectTest,onChangeConditionalTest,1,5,0.0,5,1.0,0,1,9,0,12,0,1,0,0.0,0,0,2,7,0.0,1,2.0,0,2,0.0,0,0.0,1.0,222,176,0.0,17,0,0,0,0,0,6,0,0,0,0,0,0,0,0,0,19,0.22058823529411764,19,1.1176470588235294,17,0,0,0,17,0,0,17,0,1,0,0,0,0,0,17,17,25,420,388,55,0,24,181,1.1176470588235294,167,17,2774,20,123,71,10500
2025-07-07,argo,com.beyondeye.reduks,ReselectTest,onChangedWithMemoizedComputeTest,1,6,0.0,5,1.0,0,1,9,0,16,0,1,0,0.0,0,0,3,16,0.0,1,2.0952380952380953,0,3,0.0,0,0.0,1.0,222,176,0.0,17,0,0,0,0,0,6,0,0,0,0,0,0,0,0,0,19,0.22058823529411764,19,1.1176470588235294,17,0,0,0,17,0,0,17,0,1,0,0,0,0,0,17,17,25,420,388,55,0,24,181,1.1176470588235294,167,17,2774,20,123,71,10500
2025-07-07,argo,com.beyondeye.reduks,ReselectTest,whenChangedTest,3,5,0.0,4,1.0,0,1,9,0,14,2,3,0,0.0,0,0,2,8,0.0,1,2.0,0,2,0.0,0,0.0,1.0,222,176,0.0,17,0,0,0,0,0,6,0,0,0,0,0,0,0,0,0,19,0.22058823529411764,19,1.1176470588235294,17,0,0,0,17,0,0,17,0,1,0,0,0,0,0,17,17,25,420,388,55,0,24,181,1.1176470588235294,167,17,2774,20,123,71,10500
2025-07-07,argo,com.beyondeye.reduks,SimpleStoreTest,when_an_action_is_fired_the_corresponding_reducer_should_be_called_and_update_the_state_of_the_application,5,2,0.0,3,1.0,0,0,3,0,12,1,5,0,0.0,0,0,2,8,0.0,1,2.6666666666666665,0,2,0.0,0,0.0,1.0,80,70,0.0,5,0,0,0,0,0,3,0,0,0,0,0,0,0,0,0,5,0.0,5,1.0,5,0,0,0,5,0,0,5,2,1,0,0,0,0,0,5,5,25,420,388,55,0,11,39,4.2,167,17,2774,20,123,71,10500
2025-07-07,argo,com.beyondeye.reduks,SimpleStoreTest,when_two_reducers_are_combined_and_a_series_of_actions_are_fired_the_correct_reducer_should_be_called,9,5,0.0,3,1.0,0,0,3,0,23,2,9,0,0.0,0,0,2,10,0.0,1,2.6666666666666665,0,2,0.0,0,0.0,1.0,80,70,0.0,5,0,0,0,0,0,3,0,0,0,0,0,0,0,0,0,5,0.0,5,1.0,5,0,0,0,5,0,0,5,2,1,0,0,0,0,0,5,5,25,420,388,55,0,11,39,4.2,167,17,2774,20,123,71,10500
2025-07-07,argo,com.beyondeye.reduks,SimpleStoreTest,subscribers_should_be_notified_when_the_state_changes,1,3,0.0,3,0.75,0,0,3,0,10,0,1,0,0.0,0,0,2,5,0.0,1,2.0,0,2,0.0,0,0.0,1.0,80,70,0.0,5,0,0,0,0,0,3,0,0,0,0,0,0,0,0,0,5,0.0,5,1.0,5,0,0,0,5,0,0,5,2,1,0,0,0,0,0,5,5,25,420,388,55,0,11,39,4.2,167,17,2774,20,123,71,10500
2025-07-07,argo,com.beyondeye.reduks,SimpleStoreTest,the_store_should_not_notify_unsubscribed_objects,1,4,0.0,5,0.8333,0,0,3,0,11,0,1,0,0.0,0,0,3,6,0.0,1,2.0,0,3,0.0,0,0.0,1.0,80,70,0.0,5,0,0,0,0,0,3,0,0,0,0,0,0,0,0,0,5,0.0,5,1.0,5,0,0,0,5,0,0,5,2,1,0,0,0,0,0,5,5,25,420,388,55,0,11,39,4.2,167,17,2774,20,123,71,10500
2025-07-07,argo,com.beyondeye.reduks,SimpleStoreTest,store_should_pass_the_current_state_to_subscribers,5,3,0.0,4,0.75,0,0,3,0,14,1,5,0,0.0,0,0,2,10,0.0,1,2.2,0,2,0.0,0,0.0,1.0,80,70,0.0,5,0,0,0,0,0,3,0,0,0,0,0,0,0,0,0,5,0.0,5,1.0,5,0,0,0,5,0,0,5,2,1,0,0,0,0,0,5,5,25,420,388,55,0,11,39,4.2,167,17,2774,20,123,71,10500
2025-07-07,argo,com.beyondeye.reduks.middlewares,MiddlewareTest,actions_should_be_run_through_a_stores_middleware,1,4,0.0,4,0.75,0,0,3,0,13,0,1,0,0.0,0,0,2,7,0.0,1,2.25,0,2,0.0,0,0.0,1.0,159,148,0.0,6,0,0,0,0,0,3,0,0,0,0,0,0,0,0,0,8,0.0,8,1.3333333333333333,6,0,0,0,6,0,0,6,0,1,0,0,0,0,0,6,6,25,420,388,17,0,13,79,3.8333333333333335,65,0,2559,20,123,59,10500
2025-07-07,argo,com.beyondeye.reduks.middlewares,MiddlewareTest,actions_should_pass_through_the_middleware_chain_in_the_correct_order,5,7,0.0,6,0.8571,0,0,3,0,28,1,5,0,0.0,0,0,2,14,0.0,1,2.111111111111111,0,2,0.0,0,0.0,1.0,159,148,0.0,6,0,0,0,0,0,3,0,0,0,0,0,0,0,0,0,8,0.0,8,1.3333333333333333,6,0,0,0,6,0,0,6,0,1,0,0,0,0,0,6,6,25,420,388,17,0,13,79,3.8333333333333335,65,0,2559,20,123,59,10500
2025-07-07,argo,com.beyondeye.reduks.middlewares,MiddlewareTest,async_middleware_should_be_able_to_dispatch_followup_actions_that_travel_through_the_remaining_middleware,9,7,0.0,8,0.8889,0,0,3,0,42,1,9,0,0.0,0,0,3,24,0.0,1,2.176470588235294,0,3,0.0,0,0.0,1.0,159,148,0.0,6,0,0,0,0,0,3,0,0,0,0,0,0,0,0,0,8,0.0,8,1.3333333333333333,6,0,0,0,6,0,0,6,0,1,0,0,0,0,0,6,6,25,420,388,17,0,13,79,3.8333333333333335,65,0,2559,20,123,59,10500
2025-07-07,argo,com.beyondeye.reduks.middlewares,MiddlewareTest,async_actions_should_be_able_to_send_new_actions_through_the_entire_chain,2,7,0.0,5,0.8333,0,0,3,0,23,1,2,0,0.0,0,0,2,10,0.0,1,2.0,0,2,0.0,0,0.0,1.0,159,148,0.0,6,0,0,0,0,0,3,0,0,0,0,0,0,0,0,0,8,0.0,8,1.3333333333333333,6,0,0,0,6,0,0,6,0,1,0,0,0,0,0,6,6,25,420,388,17,0,13,79,3.8333333333333335,65,0,2559,20,123,59,10500
2025-07-07,argo,com.beyondeye.reduks.middlewares,MiddlewareTest,actions_should_be_run_through_a_stores_middleware_wrapped_as_store_enhancer,1,5,0.0,5,1.0,0,0,3,0,13,0,1,0,0.0,0,0,2,8,0.0,2,2.4,0,2,0.0,0,0.0,1.0,159,148,0.0,6,0,0,0,0,0,3,0,0,0,0,0,0,0,0,0,8,0.0,8,1.3333333333333333,6,0,0,0,6,0,0,6,0,1,0,0,0,0,0,6,6,25,420,388,17,0,13,79,3.8333333333333335,65,0,2559,20,123,59,10500
2025-07-07,argo,com.beyondeye.reduks.middlewares,MiddlewareTest,actions_should_pass_through_the_middleware_chain_in_the_correct_order_wrapped_as_store_enhancer,5,9,0.0,7,1.0,0,0,3,0,29,1,5,0,0.0,0,0,2,16,0.0,2,2.1818181818181817,0,2,0.0,0,0.0,1.0,159,148,0.0,6,0,0,0,0,0,3,0,0,0,0,0,0,0,0,0,8,0.0,8,1.3333333333333333,6,0,0,0,6,0,0,6,0,1,0,0,0,0,0,6,6,25,420,388,17,0,13,79,3.8333333333333335,65,0,2559,20,123,59,10500
2025-07-07,argo,com.beyondeye.reduksAndroid.activity,SimpleReduksActivity,onCreate,1,0,0.0,0,0.0,0,0,1,0,5,0,1,0,0.6666666666666666,1,1,2,1,1.0,1,2.3333333333333335,1,0,0.0,0,0.14285714285714285,0.14285714285714285,33,23,0.0,7,1,7,4,0,3,1,0,0,0,0,0,0,0,1,0,7,0.9523809523809523,7,1.0,7,7,1,0,7,0,0,7,3,0,0,0,0,0,0,7,7,25,420,388,6,0,4,4,1.0,13,3,200,20,123,13,10500
2025-07-07,argo,com.beyondeye.reduksAndroid.activity,SimpleReduksActivity,storeCreator,1,0,0.0,1,1.0,0,0,1,0,1,0,1,0,0.0,0,0,0,1,0.0,1,2.0,0,0,0.0,0,0.14285714285714285,0.14285714285714285,33,23,0.0,7,1,7,4,0,3,1,0,0,0,0,0,0,0,1,0,7,0.9523809523809523,7,1.0,7,7,1,0,7,0,0,7,3,0,0,0,0,0,0,7,7,25,420,388,6,0,4,4,1.0,13,3,200,20,123,13,10500
2025-07-07,argo,com.beyondeye.reduksAndroid.activity,SimpleReduksActivity,onStop,1,0,0.0,0,0.0,0,0,1,0,3,0,1,0,0.0,1,0,0,0,0.0,1,2.0,0,0,0.0,0,0.14285714285714285,0.14285714285714285,33,23,0.0,7,1,7,4,0,3,1,0,0,0,0,0,0,0,1,0,7,0.9523809523809523,7,1.0,7,7,1,0,7,0,0,7,3,0,0,0,0,0,0,7,7,25,420,388,6,0,4,4,1.0,13,3,200,20,123,13,10500
2025-07-07,argo,com.beyondeye.reduksAndroid.activity,SimpleReduksActivity,onStart,1,0,0.0,0,0.0,0,0,1,0,3,0,1,0,0.0,1,0,0,0,0.0,1,2.0,0,0,0.0,0,0.14285714285714285,0.14285714285714285,33,23,0.0,7,1,7,4,0,3,1,0,0,0,0,0,0,0,1,0,7,0.9523809523809523,7,1.0,7,7,1,0,7,0,0,7,3,0,0,0,0,0,0,7,7,25,420,388,6,0,4,4,1.0,13,3,200,20,123,13,10500
2025-07-07,argo,com.beyondeye.reduksAndroid.activity,SimpleReduksActivity,onDestroy,1,0,0.0,0,0.0,0,0,1,0,3,0,1,0,0.0,1,0,0,0,0.0,1,2.0,0,0,0.0,0,0.14285714285714285,0.14285714285714285,33,23,0.0,7,1,7,4,0,3,1,0,0,0,0,0,0,0,1,0,7,0.9523809523809523,7,1.0,7,7,1,0,7,0,0,7,3,0,0,0,0,0,0,7,7,25,420,388,6,0,4,4,1.0,13,3,200,20,123,13,10500
2025-07-07,argo,com.beyondeye.reduksAndroid.activity,SimpleReduksActivity,onSaveInstanceState,1,0,0.0,1,1.0,0,0,1,0,4,0,1,0,0.3333333333333333,1,1,1,1,1.0,1,2.0,1,1,0.0,0,0.14285714285714285,0.14285714285714285,33,23,0.0,7,1,7,4,0,3,1,0,0,0,0,0,0,0,1,0,7,0.9523809523809523,7,1.0,7,7,1,0,7,0,0,7,3,0,0,0,0,0,0,7,7,25,420,388,6,0,4,4,1.0,13,3,200,20,123,13,10500
2025-07-07,argo,com.beyondeye.reduksAndroid.activity,SimpleReduksActivity,onRestoreInstanceState,1,0,0.0,1,1.0,0,0,1,0,4,0,1,0,0.3333333333333333,1,1,1,1,1.0,1,2.0,1,1,0.0,0,0.14285714285714285,0.14285714285714285,33,23,0.0,7,1,7,4,0,3,1,0,0,0,0,0,0,0,1,0,7,0.9523809523809523,7,1.0,7,7,1,0,7,0,0,7,3,0,0,0,0,0,0,7,7,25,420,388,6,0,4,4,1.0,13,3,200,20,123,13,10500
2025-07-07,argo,com.beyondeye.reduksAndroid.activity,SingleModuleReduksActivity,initReduksSingleModule,1,0,5.0,1,1.0,0,2,1,0,1,0,1,3,0.0,5,0,0,2,0.0,2,2.0,1,0,0.0,0,0.0,0.16666666666666666,13,3,0.25,6,0,0,0,0,8,0,0,0,0,0,0,0,0,0,0,3,1.0,3,1.0,6,0,0,0,6,0,0,6,0,1,0,0,0,0,0,6,6,25,420,388,6,0,0,5,1.0,13,3,200,20,123,13,10500
2025-07-07,argo,com.beyondeye.reduksAndroid.activity,SingleModuleReduksActivity,activityReduksContext,1,0,0.0,1,1.0,0,2,1,0,1,0,1,0,0.0,0,0,0,2,0.0,0,3.0,0,0,0.0,0,0.0,0.16666666666666666,13,3,0.25,6,0,0,0,0,8,0,0,0,0,0,0,0,0,0,0,3,1.0,3,1.0,6,0,0,0,6,0,0,6,0,1,0,0,0,0,0,6,6,25,420,388,6,0,0,5,1.0,13,3,200,20,123,13,10500
2025-07-07,argo,com.beyondeye.reduksAndroid.activity,SingleModuleReduksActivity,activityStartState,0,0,0.0,0,0.0,0,2,1,0,0,0,0,0,0.0,0,0,0,0,0.0,0,0.0,0,0,0.0,0,0.0,0.16666666666666666,13,3,0.25,6,0,0,0,0,8,0,0,0,0,0,0,0,0,0,0,3,1.0,3,1.0,6,0,0,0,6,0,0,6,0,1,0,0,0,0,0,6,6,25,420,388,6,0,0,5,1.0,13,3,200,20,123,13,10500
2025-07-07,argo,com.beyondeye.reduksAndroid.activity,SingleModuleReduksActivity,activityStartAction,1,0,0.0,0,0.0,0,2,1,0,1,0,1,0,0.0,0,0,0,1,0.0,0,0.0,0,0,0.0,0,0.0,0.16666666666666666,13,3,0.25,6,0,0,0,0,8,0,0,0,0,0,0,0,0,0,0,3,1.0,3,1.0,6,0,0,0,6,0,0,6,0,1,0,0,0,0,0,6,6,25,420,388,6,0,0,5,1.0,13,3,200,20,123,13,10500
2025-07-07,argo,com.beyondeye.reduksAndroid.activity,SingleModuleReduksActivity,getActivityStateReducer,0,0,0.0,0,0.0,0,2,1,0,0,0,0,0,0.0,0,0,0,0,0.0,0,0.0,0,0,0.0,0,0.0,0.16666666666666666,13,3,0.25,6,0,0,0,0,8,0,0,0,0,0,0,0,0,0,0,3,1.0,3,1.0,6,0,0,0,6,0,0,6,0,1,0,0,0,0,0,6,6,25,420,388,6,0,0,5,1.0,13,3,200,20,123,13,10500
2025-07-07,argo,com.beyondeye.reduksAndroid.activity,SingleModuleReduksActivity,getActivityStoreSubscriber,0,0,0.0,0,0.0,0,2,1,0,0,0,0,0,0.0,0,0,0,0,0.0,0,0.0,1,0,0.0,0,0.0,0.16666666666666666,13,3,0.25,6,0,0,0,0,8,0,0,0,0,0,0,0,0,0,0,3,1.0,3,1.0,6,0,0,0,6,0,0,6,0,1,0,0,0,0,0,6,6,25,420,388,6,0,0,5,1.0,13,3,200,20,123,13,10500
2025-07-07,argo,com.beyondeye.reduksAndroid.fragment,ReduksFragment,onDestroyView,1,0,0.0,0,0.0,0,2,1,0,5,0,1,0,0.0,1,0,2,2,0.0,1,2.0,0,2,0.0,0,0.0,0.25,28,9,0.0,3,3,2,2,1,6,3,0,0,0,1,3,0,0,0,0,4,1.0,4,1.3333333333333333,4,2,3,0,4,0,0,4,1,0,0,1,0,0,0,4,3,25,420,388,6,0,3,9,1.3333333333333333,31,1,409,20,123,12,10500
2025-07-07,argo,com.beyondeye.reduksAndroid.fragment,ReduksFragment,onViewCreated,1,0,1.0,1,1.0,0,2,1,0,4,0,1,0,0.0,2,0,0,2,0.0,1,2.5,2,0,0.0,0,0.0,0.25,28,9,0.0,3,3,2,2,1,6,3,0,0,0,1,3,0,0,0,0,4,1.0,4,1.3333333333333333,4,2,3,0,4,0,0,4,1,0,0,1,0,0,0,4,3,25,420,388,6,0,3,9,1.3333333333333333,31,1,409,20,123,12,10500
2025-07-07,argo,com.beyondeye.reduksAndroid.fragment,ReduksFragment,getFragmentStoreSubscriber,0,0,1.0,0,0.0,0,2,1,0,0,0,0,0,0.0,0,0,0,0,0.0,0,0.0,1,0,0.0,0,0.0,0.25,28,9,0.0,3,3,2,2,1,6,3,0,0,0,1,3,0,0,0,0,4,1.0,4,1.3333333333333333,4,2,3,0,4,0,0,4,1,0,0,1,0,0,0,4,3,25,420,388,6,0,3,9,1.3333333333333333,31,1,409,20,123,12,10500
2025-07-07,argo,com.beyondeye.reduksAndroid.fragment,ReduksFragment,isFragmentVisible,2,2,0.0,3,1.0,0,2,1,0,7,1,2,0,0.6666666666666666,0,1,1,5,0.33,2,2.0,1,1,0.0,0,0.0,0.25,28,9,0.0,3,3,2,2,1,6,3,0,0,0,1,3,0,0,0,0,4,1.0,4,1.3333333333333333,4,2,3,0,4,0,0,4,1,0,0,1,0,0,0,4,3,25,420,388,6,0,3,9,1.3333333333333333,31,1,409,20,123,12,10500
2025-07-07,argo,com.beyondeye.reduksAndroid.fragment,FragmentActiveStatus,isActive,1,0,0.0,0,0.0,0,3,1,0,1,0,1,0,0.0,0,0,0,0,0.0,0,0.0,0,0,0.0,0,0.0,1.0,28,6,0.0,4,0,1,1,0,1,0,0,0,0,6,6,6,6,0,0,5,0.5,5,1.25,4,1,1,0,9,0,0,9,2,3,0,0,0,0,0,4,4,25,420,388,6,0,0,3,1.0,31,1,409,20,123,12,10500
2025-07-07,argo,com.beyondeye.reduksAndroid.fragment,FragmentActiveStatus,isInactive,1,0,0.0,0,0.0,0,3,1,0,1,0,1,0,0.0,0,0,0,0,0.0,0,0.0,0,0,0.0,0,0.0,1.0,28,6,0.0,4,0,1,1,0,1,0,0,0,0,6,6,6,6,0,0,5,0.5,5,1.25,4,1,1,0,9,0,0,9,2,3,0,0,0,0,0,4,4,25,420,388,6,0,0,3,1.0,31,1,409,20,123,12,10500
2025-07-07,argo,com.beyondeye.reduksAndroid.fragment,FragmentActiveStatus,isNotCreated,1,0,0.0,0,0.0,0,3,1,0,1,0,1,0,0.0,0,0,0,0,0.0,0,0.0,0,0,0.0,0,0.0,1.0,28,6,0.0,4,0,1,1,0,1,0,0,0,0,6,6,6,6,0,0,5,0.5,5,1.25,4,1,1,0,9,0,0,9,2,3,0,0,0,0,0,4,4,25,420,388,6,0,0,3,1.0,31,1,409,20,123,12,10500
2025-07-07,argo,com.beyondeye.reduksAndroid.fragment,FragmentActiveStatus,toString,3,0,0.0,0,0.0,0,3,1,0,6,2,3,3,0.0,3,0,0,0,0.0,0,0.0,0,0,0.0,0,0.0,1.0,28,6,0.0,4,0,1,1,0,1,0,0,0,0,6,6,6,6,0,0,5,0.5,5,1.25,4,1,1,0,9,0,0,9,2,3,0,0,0,0,0,4,4,25,420,388,6,0,0,3,1.0,31,1,409,20,123,12,10500
2025-07-07,argo,com.beyondeye.reduksAndroid.fragment,FragmentStatusData,withUpdatedFragmentActiveStatus,1,0,0.0,1,1.0,0,2,1,0,1,0,1,0,0.0,0,0,0,1,0.0,1,2.0,2,0,0.0,0,0.0,1.0,17,2,0.0,4,0,0,1,0,3,0,0,0,0,1,1,1,1,0,0,4,1.0,4,1.0,4,0,1,0,9,0,0,9,2,3,0,0,0,0,0,4,4,25,420,388,6,0,0,3,1.0,31,1,409,20,123,12,10500
2025-07-07,argo,com.beyondeye.reduksAndroid.fragment,FragmentStatusData,withUpdatedFragmentCurAtPos,1,0,0.0,1,1.0,0,2,1,0,1,0,1,0,0.0,0,0,0,1,0.0,1,2.0,2,0,0.0,0,0.0,1.0,17,2,0.0,4,0,0,1,0,3,0,0,0,0,1,1,1,1,0,0,4,1.0,4,1.0,4,0,1,0,9,0,0,9,2,3,0,0,0,0,0,4,4,25,420,388,6,0,0,3,1.0,31,1,409,20,123,12,10500
2025-07-07,argo,com.beyondeye.reduksAndroid.fragment,FragmentStatusData,getFragmentActiveStatus,1,0,0.0,1,1.0,0,2,1,0,3,0,1,0,0.0,0,0,0,1,0.0,1,2.0,1,0,0.0,0,0.0,1.0,17,2,0.0,4,0,0,1,0,3,0,0,0,0,1,1,1,1,0,0,4,1.0,4,1.0,4,0,1,0,9,0,0,9,2,3,0,0,0,0,0,4,4,25,420,388,6,0,0,3,1.0,31,1,409,20,123,12,10500
2025-07-07,argo,com.beyondeye.reduksAndroid.fragment,FragmentStatusData,getFragmentCurAtPos,1,0,0.0,0,0.0,0,2,1,0,3,0,1,0,0.0,0,0,0,0,0.0,0,0.0,1,0,0.0,0,0.0,1.0,17,2,0.0,4,0,0,1,0,3,0,0,0,0,1,1,1,1,0,0,4,1.0,4,1.0,4,0,1,0,9,0,0,9,2,3,0,0,0,0,0,4,4,25,420,388,6,0,0,3,1.0,31,1,409,20,123,12,10500
2025-07-07,argo,com.beyondeye.reduks.activity,AsyncReduksActivity,onCreate,2,0,0.0,2,1.0,0,0,1,0,9,1,2,0,0.8571428571428571,1,2,2,5,2.0,1,2.5,1,0,0.0,0,0.2857142857142857,0.42857142857142855,44,31,0.0,7,2,7,4,1,3,2,0,0,0,1,0,0,0,2,0,9,0.9523809523809523,9,1.2857142857142858,7,7,2,0,7,0,0,7,3,0,0,0,0,0,0,7,7,25,420,388,3,0,4,13,1.2857142857142858,21,0,194,20,123,23,10500
2025-07-07,argo,com.beyondeye.reduks.activity,AsyncReduksActivity,storeCreator,1,0,0.0,1,1.0,0,0,1,0,1,0,1,0,0.0,0,0,0,3,0.0,0,2.0,0,0,0.0,0,0.2857142857142857,0.42857142857142855,44,31,0.0,7,2,7,4,1,3,2,0,0,0,1,0,0,0,2,0,9,0.9523809523809523,9,1.2857142857142858,7,7,2,0,7,0,0,7,3,0,0,0,0,0,0,7,7,25,420,388,3,0,4,13,1.2857142857142858,21,0,194,20,123,23,10500
2025-07-07,argo,com.beyondeye.reduks.activity,AsyncReduksActivity,onStop,1,0,0.0,0,0.0,0,0,1,0,3,0,1,0,0.0,1,0,0,0,0.0,1,2.0,0,0,0.0,0,0.2857142857142857,0.42857142857142855,44,31,0.0,7,2,7,4,1,3,2,0,0,0,1,0,0,0,2,0,9,0.9523809523809523,9,1.2857142857142858,7,7,2,0,7,0,0,7,3,0,0,0,0,0,0,7,7,25,420,388,3,0,4,13,1.2857142857142858,21,0,194,20,123,23,10500
2025-07-07,argo,com.beyondeye.reduks.activity,AsyncReduksActivity,onStart,1,0,0.0,0,0.0,0,0,1,0,3,0,1,0,0.0,1,0,0,0,0.0,1,2.0,0,0,0.0,0,0.2857142857142857,0.42857142857142855,44,31,0.0,7,2,7,4,1,3,2,0,0,0,1,0,0,0,2,0,9,0.9523809523809523,9,1.2857142857142858,7,7,2,0,7,0,0,7,3,0,0,0,0,0,0,7,7,25,420,388,3,0,4,13,1.2857142857142858,21,0,194,20,123,23,10500
2025-07-07,argo,com.beyondeye.reduks.activity,AsyncReduksActivity,onDestroy,2,1,0.0,3,1.0,0,0,1,0,7,1,2,0,1.0,1,2,0,3,2.0,1,2.0,0,0,0.0,0,0.2857142857142857,0.42857142857142855,44,31,0.0,7,2,7,4,1,3,2,0,0,0,1,0,0,0,2,0,9,0.9523809523809523,9,1.2857142857142858,7,7,2,0,7,0,0,7,3,0,0,0,0,0,0,7,7,25,420,388,3,0,4,13,1.2857142857142858,21,0,194,20,123,23,10500
2025-07-07,argo,com.beyondeye.reduks.activity,AsyncReduksActivity,onSaveInstanceState,1,0,0.0,1,1.0,0,0,1,0,4,0,1,0,0.3333333333333333,1,1,1,1,1.0,1,2.0,1,1,0.0,0,0.2857142857142857,0.42857142857142855,44,31,0.0,7,2,7,4,1,3,2,0,0,0,1,0,0,0,2,0,9,0.9523809523809523,9,1.2857142857142858,7,7,2,0,7,0,0,7,3,0,0,0,0,0,0,7,7,25,420,388,3,0,4,13,1.2857142857142858,21,0,194,20,123,23,10500
2025-07-07,argo,com.beyondeye.reduks.activity,AsyncReduksActivity,onRestoreInstanceState,1,0,0.0,1,1.0,0,0,1,0,4,0,1,0,0.3333333333333333,1,1,1,1,1.0,1,2.0,1,1,0.0,0,0.2857142857142857,0.42857142857142855,44,31,0.0,7,2,7,4,1,3,2,0,0,0,1,0,0,0,2,0,9,0.9523809523809523,9,1.2857142857142858,7,7,2,0,7,0,0,7,3,0,0,0,0,0,0,7,7,25,420,388,3,0,4,13,1.2857142857142858,21,0,194,20,123,23,10500
2025-07-07,argo,com.beyondeye.reduks.bus,BusData,plus,1,0,0.0,0,0.0,0,1,1,0,1,0,1,0,0.0,1,0,0,1,0.0,1,2.0,2,0,0.0,0,0.0,0.0,11,2,0.0,3,0,0,1,0,3,0,0,0,0,1,1,1,1,0,0,3,1.0,3,1.0,3,0,0,0,3,0,0,3,0,1,0,0,0,0,0,3,3,25,420,388,10,0,0,3,1.0,38,1,625,20,123,9,10500
2025-07-07,argo,com.beyondeye.reduks.bus,BusData,minus,1,0,0.0,0,0.0,0,1,1,0,1,0,1,0,0.0,1,0,0,1,0.0,1,2.0,1,0,0.0,0,0.0,0.0,11,2,0.0,3,0,0,1,0,3,0,0,0,0,1,1,1,1,0,0,3,1.0,3,1.0,3,0,0,0,3,0,0,3,0,1,0,0,0,0,0,3,3,25,420,388,10,0,0,3,1.0,38,1,625,20,123,9,10500
2025-07-07,argo,com.beyondeye.reduks.bus,BusData,get,1,0,0.0,0,0.0,0,1,1,0,1,0,1,0,0.0,1,0,0,1,0.0,1,2.0,1,0,0.0,0,0.0,0.0,11,2,0.0,3,0,0,1,0,3,0,0,0,0,1,1,1,1,0,0,3,1.0,3,1.0,3,0,0,0,3,0,0,3,0,1,0,0,0,0,0,3,3,25,420,388,10,0,0,3,1.0,38,1,625,20,123,9,10500
2025-07-07,argo,com.beyondeye.reduks.bus,BusStore,addBusDataHandler_busstore,1,1,1.0,0,0.0,0,0,1,0,4,0,1,0,0.0,1,0,0,1,0.0,1,2.0,2,0,0.0,0,0.0,0.25,36,13,0.25,4,3,2,1,0,5,2,0,0,0,0,3,0,0,0,0,4,1.0,4,1.0,4,2,3,0,4,0,0,4,0,1,0,0,0,0,0,4,4,25,420,388,10,0,2,4,1.0,38,1,625,20,123,9,10500
2025-07-07,argo,com.beyondeye.reduks.bus,BusStore,removeBusDataHandler,1,0,1.0,1,1.0,0,0,1,0,3,0,1,0,0.0,0,0,1,1,0.0,1,2.0,1,1,0.0,0,0.0,0.25,36,13,0.25,4,3,2,1,0,5,2,0,0,0,0,3,0,0,0,0,4,1.0,4,1.0,4,2,3,0,4,0,0,4,0,1,0,0,0,0,0,4,4,25,420,388,10,0,2,4,1.0,38,1,625,20,123,9,10500
2025-07-07,argo,com.beyondeye.reduks.bus,BusStore,subscribe,1,0,0.0,0,0.0,0,0,1,0,3,0,1,0,0.0,1,0,0,1,0.0,1,2.0,1,0,0.0,0,0.0,0.25,36,13,0.25,4,3,2,1,0,5,2,0,0,0,0,3,0,0,0,0,4,1.0,4,1.0,4,2,3,0,4,0,0,4,0,1,0,0,0,0,0,4,4,25,420,388,10,0,2,4,1.0,38,1,625,20,123,9,10500
2025-07-07,argo,com.beyondeye.reduks.bus,BusStore,replaceReducer,1,0,0.0,0,0.0,0,0,1,0,3,0,1,0,0.0,1,0,1,1,0.0,1,2.0,1,1,0.0,0,0.0,0.25,36,13,0.25,4,3,2,1,0,5,2,0,0,0,0,3,0,0,0,0,4,1.0,4,1.0,4,2,3,0,4,0,0,4,0,1,0,0,0,0,0,4,4,25,420,388,10,0,2,4,1.0,38,1,625,20,123,9,10500
2025-07-07,argo,com.beyondeye.reduks.bus,BusStoreEnhancer,enhance,1,0,0.0,0,0.0,0,0,2,0,1,0,1,0,0.0,0,0,0,1,0.0,0,0.0,1,0,0.0,0,0.0,0.0,9,1,0.0,1,0,1,1,0,1,0,0,0,0,0,0,0,0,0,0,1,0.0,1,1.0,1,1,0,0,1,0,0,1,0,1,0,0,0,0,0,2,2,25,420,388,10,0,0,1,1.0,38,1,625,20,123,9,10500
2025-07-07,argo,com.beyondeye.reduks.bus,TestStateWithBusData,copyWithNewBusData,1,0,0.0,0,0.0,0,0,1,0,1,0,1,0,0.0,0,0,0,1,0.0,0,0.0,1,0,0.0,0,0.0,0.0,3,1,0.0,1,0,1,1,0,1,0,0,0,0,0,0,0,0,0,0,1,0.0,1,1.0,1,1,0,0,0,0,0,0,0,4,0,0,0,0,0,1,1,25,420,388,10,0,0,1,1.0,38,1,625,20,123,9,10500
2025-07-07,argo,com.beyondeye.reduks,AsyncStore,replaceReducer,1,0,0.0,0,0.0,0,0,2,0,4,0,1,0,0.3333333333333333,0,1,1,1,1.0,0,2.0,1,0,0.0,0,0.16666666666666666,0.75,66,19,0.0,4,6,2,1,0,3,3,0,3,0,0,2,0,0,4,0,3,1.0,4,1.0,4,2,6,0,3,1,0,3,0,1,0,0,0,0,0,7,7,25,420,388,55,0,2,7,1.6666666666666667,167,17,2774,20,123,71,10500
2025-07-07,argo,com.beyondeye.reduks,AsyncStore,notifySubscribers,3,0,0.0,2,1.0,0,0,2,0,7,0,3,1,1.0,0,1,0,3,1.0,1,2.0,0,0,0.0,0,0.16666666666666666,0.75,66,19,0.0,4,6,2,1,0,3,3,0,3,0,0,2,0,0,4,0,3,1.0,4,1.0,4,2,6,0,3,1,0,3,0,1,0,0,0,0,0,7,7,25,420,388,55,0,2,7,1.6666666666666667,167,17,2774,20,123,71,10500
2025-07-07,argo,com.beyondeye.reduks,AsyncStore,subscribe,1,0,0.0,2,0.5,0,0,2,0,8,0,1,4,0.75,0,1,1,3,1.0,1,2.0,1,1,0.0,0,0.16666666666666666,0.75,66,19,0.0,4,6,2,1,0,3,3,0,3,0,0,2,0,0,4,0,3,1.0,4,1.0,4,2,6,0,3,1,0,3,0,1,0,0,0,0,0,7,7,25,420,388,55,0,2,7,1.6666666666666667,167,17,2774,20,123,71,10500
2025-07-07,argo,com.beyondeye.reduks,AsyncStore,stopActors,0,0,1.0,0,0.0,0,0,2,0,0,0,0,0,0.0,0,0,0,0,0.0,0,0.0,0,0,0.0,0,0.16666666666666666,0.75,66,19,0.0,4,6,2,1,0,3,3,0,3,0,0,2,0,0,4,0,3,1.0,4,1.0,4,2,6,0,3,1,0,3,0,1,0,0,0,0,0,7,7,25,420,388,55,0,2,7,1.6666666666666667,167,17,2774,20,123,71,10500
2025-07-07,argo,com.beyondeye.reduks,AsyncStoreWithStateFlow,replaceReducer,1,0,0.0,0,0.0,0,0,2,0,4,0,1,0,0.3333333333333333,0,1,1,1,1.0,0,2.0,1,0,0.0,0,0.16666666666666666,0.75,66,19,0.0,4,6,2,1,0,3,3,0,3,0,0,2,0,0,4,0,3,1.0,4,1.0,4,2,6,0,3,1,0,3,0,1,0,0,0,0,0,7,7,25,420,388,55,0,2,7,1.6666666666666667,167,17,2774,20,123,71,10500
2025-07-07,argo,com.beyondeye.reduks,AsyncStoreWithStateFlow,notifySubscribers,3,0,0.0,2,1.0,0,0,2,0,7,0,3,1,1.0,0,1,0,3,1.0,1,2.0,0,0,0.0,0,0.16666666666666666,0.75,66,19,0.0,4,6,2,1,0,3,3,0,3,0,0,2,0,0,4,0,3,1.0,4,1.0,4,2,6,0,3,1,0,3,0,1,0,0,0,0,0,7,7,25,420,388,55,0,2,7,1.6666666666666667,167,17,2774,20,123,71,10500
2025-07-07,argo,com.beyondeye.reduks,AsyncStoreWithStateFlow,subscribe,1,0,0.0,2,0.5,0,0,2,0,8,0,1,4,0.75,0,1,1,3,1.0,1,2.0,1,1,0.0,0,0.16666666666666666,0.75,66,19,0.0,4,6,2,1,0,3,3,0,3,0,0,2,0,0,4,0,3,1.0,4,1.0,4,2,6,0,3,1,0,3,0,1,0,0,0,0,0,7,7,25,420,388,55,0,2,7,1.6666666666666667,167,17,2774,20,123,71,10500
2025-07-07,argo,com.beyondeye.reduks,AsyncStoreWithStateFlow,stopActors,0,0,1.0,0,0.0,0,0,2,0,0,0,0,0,0.0,0,0,0,0,0.0,0,0.0,0,0,0.0,0,0.16666666666666666,0.75,66,19,0.0,4,6,2,1,0,3,3,0,3,0,0,2,0,0,4,0,3,1.0,4,1.0,4,2,6,0,3,1,0,3,0,1,0,0,0,0,0,7,7,25,420,388,55,0,2,7,1.6666666666666667,167,17,2774,20,123,71,10500
2025-07-07,argo,com.beyondeye.reduks.middlewares,AsyncActionMiddleWare,<reified  PayloadType:Any> start,4,0,0.0,2,1.0,0,0,1,1,11,1,4,0,0.0,1,0,0,8,0.0,0,2.6,3,0,0.0,0,0.0,0.0,13,11,0.0,1,0,1,1,0,3,0,0,0,0,0,0,0,0,0,0,2,0.0,2,2.0,1,1,0,0,1,0,0,1,0,2,0,0,0,0,0,1,1,25,420,388,17,1,0,8,4.0,65,0,2559,20,123,59,10500
2025-07-07,argo,com.beyondeye.reduks,AsyncStoreTest,subscribeContext,1,0,0.0,0,0.0,0,0,3,0,1,0,1,0,0.0,0,0,0,1,0.0,0,0.0,0,0,0.0,0,0.0,0.8333333333333334,116,105,0.8333333333333334,6,0,0,0,0,0,5,0,0,0,0,0,0,0,0,0,6,0.33333333333333337,6,1.0,6,0,0,0,5,1,0,5,2,1,0,0,0,0,0,6,6,25,420,388,55,0,17,67,3.6666666666666665,167,17,2774,20,123,71,10500
2025-07-07,argo,com.beyondeye.reduks,AsyncStoreTest,when_an_action_is_fired_the_corresponding_reducer_should_be_called_and_update_the_state_of_the_application,5,3,1.0,6,0.6667,0,0,3,0,16,1,5,1,0.0,1,0,3,14,0.0,1,2.25,0,3,0.0,0,0.0,0.8333333333333334,116,105,0.8333333333333334,6,0,0,0,0,0,5,0,0,0,0,0,0,0,0,0,6,0.33333333333333337,6,1.0,6,0,0,0,5,1,0,5,2,1,0,0,0,0,0,6,6,25,420,388,55,0,17,67,3.6666666666666665,167,17,2774,20,123,71,10500
2025-07-07,argo,com.beyondeye.reduks,AsyncStoreTest,when_two_reducers_are_combined_and_a_series_of_actions_are_fired_the_correct_reducer_should_be_called,9,6,1.0,6,0.6667,0,0,3,0,28,2,9,1,0.0,1,0,3,16,0.0,1,2.3076923076923075,0,3,0.0,0,0.0,0.8333333333333334,116,105,0.8333333333333334,6,0,0,0,0,0,5,0,0,0,0,0,0,0,0,0,6,0.33333333333333337,6,1.0,6,0,0,0,5,1,0,5,2,1,0,0,0,0,0,6,6,25,420,388,55,0,17,67,3.6666666666666665,167,17,2774,20,123,71,10500
2025-07-07,argo,com.beyondeye.reduks,AsyncStoreTest,subscribers_should_be_notified_when_the_state_changes,1,4,1.0,6,0.5714,0,0,3,0,19,0,1,1,0.0,1,0,3,10,0.0,1,2.0,0,3,0.0,0,0.0,0.8333333333333334,116,105,0.8333333333333334,6,0,0,0,0,0,5,0,0,0,0,0,0,0,0,0,6,0.33333333333333337,6,1.0,6,0,0,0,5,1,0,5,2,1,0,0,0,0,0,6,6,25,420,388,55,0,17,67,3.6666666666666665,167,17,2774,20,123,71,10500
2025-07-07,argo,com.beyondeye.reduks,AsyncStoreTest,the_store_should_not_notify_unsubscribed_objects,1,5,1.0,9,0.7,0,0,3,0,21,0,1,1,0.0,1,0,5,12,0.0,1,2.0,0,5,0.0,0,0.0,0.8333333333333334,116,105,0.8333333333333334,6,0,0,0,0,0,5,0,0,0,0,0,0,0,0,0,6,0.33333333333333337,6,1.0,6,0,0,0,5,1,0,5,2,1,0,0,0,0,0,6,6,25,420,388,55,0,17,67,3.6666666666666665,167,17,2774,20,123,71,10500
2025-07-07,argo,com.beyondeye.reduks,AsyncStoreTest,store_should_pass_the_current_state_to_subscribers,5,4,1.0,7,0.5714,0,0,3,0,20,1,5,1,0.0,1,0,3,14,0.0,1,2.111111111111111,0,3,0.0,0,0.0,0.8333333333333334,116,105,0.8333333333333334,6,0,0,0,0,0,5,0,0,0,0,0,0,0,0,0,6,0.33333333333333337,6,1.0,6,0,0,0,5,1,0,5,2,1,0,0,0,0,0,6,6,25,420,388,55,0,17,67,3.6666666666666665,167,17,2774,20,123,71,10500
2025-07-07,argo,com.beyondeye.reduks,AsyncStoreWithStateFlowWithStateFlowTest,subscribeContext,1,0,0.0,0,0.0,0,0,3,0,1,0,1,0,0.0,0,0,0,1,0.0,0,0.0,0,0,0.0,0,0.0,0.8333333333333334,116,105,0.8333333333333334,6,0,0,0,0,0,5,0,0,0,0,0,0,0,0,0,6,0.33333333333333337,6,1.0,6,0,0,0,5,1,0,5,2,1,0,0,0,0,0,6,6,25,420,388,55,0,17,67,3.6666666666666665,167,17,2774,20,123,71,10500
2025-07-07,argo,com.beyondeye.reduks,AsyncStoreWithStateFlowWithStateFlowTest,when_an_action_is_fired_the_corresponding_reducer_should_be_called_and_update_the_state_of_the_application,5,3,1.0,6,0.6667,0,0,3,0,16,1,5,1,0.0,1,0,3,14,0.0,1,2.25,0,3,0.0,0,0.0,0.8333333333333334,116,105,0.8333333333333334,6,0,0,0,0,0,5,0,0,0,0,0,0,0,0,0,6,0.33333333333333337,6,1.0,6,0,0,0,5,1,0,5,2,1,0,0,0,0,0,6,6,25,420,388,55,0,17,67,3.6666666666666665,167,17,2774,20,123,71,10500
2025-07-07,argo,com.beyondeye.reduks,AsyncStoreWithStateFlowWithStateFlowTest,when_two_reducers_are_combined_and_a_series_of_actions_are_fired_the_correct_reducer_should_be_called,9,6,1.0,6,0.6667,0,0,3,0,28,2,9,1,0.0,1,0,3,16,0.0,1,2.3076923076923075,0,3,0.0,0,0.0,0.8333333333333334,116,105,0.8333333333333334,6,0,0,0,0,0,5,0,0,0,0,0,0,0,0,0,6,0.33333333333333337,6,1.0,6,0,0,0,5,1,0,5,2,1,0,0,0,0,0,6,6,25,420,388,55,0,17,67,3.6666666666666665,167,17,2774,20,123,71,10500
2025-07-07,argo,com.beyondeye.reduks,AsyncStoreWithStateFlowWithStateFlowTest,subscribers_should_be_notified_when_the_state_changes,1,4,1.0,6,0.5714,0,0,3,0,19,0,1,1,0.0,1,0,3,10,0.0,1,2.0,0,3,0.0,0,0.0,0.8333333333333334,116,105,0.8333333333333334,6,0,0,0,0,0,5,0,0,0,0,0,0,0,0,0,6,0.33333333333333337,6,1.0,6,0,0,0,5,1,0,5,2,1,0,0,0,0,0,6,6,25,420,388,55,0,17,67,3.6666666666666665,167,17,2774,20,123,71,10500
2025-07-07,argo,com.beyondeye.reduks,AsyncStoreWithStateFlowWithStateFlowTest,the_store_should_not_notify_unsubscribed_objects,1,5,1.0,9,0.7,0,0,3,0,21,0,1,1,0.0,1,0,5,12,0.0,1,2.0,0,5,0.0,0,0.0,0.8333333333333334,116,105,0.8333333333333334,6,0,0,0,0,0,5,0,0,0,0,0,0,0,0,0,6,0.33333333333333337,6,1.0,6,0,0,0,5,1,0,5,2,1,0,0,0,0,0,6,6,25,420,388,55,0,17,67,3.6666666666666665,167,17,2774,20,123,71,10500
2025-07-07,argo,com.beyondeye.reduks,AsyncStoreWithStateFlowWithStateFlowTest,store_should_pass_the_current_state_to_subscribers,5,4,1.0,7,0.5714,0,0,3,0,20,1,5,1,0.0,1,0,3,14,0.0,1,2.111111111111111,0,3,0.0,0,0.0,0.8333333333333334,116,105,0.8333333333333334,6,0,0,0,0,0,5,0,0,0,0,0,0,0,0,0,6,0.33333333333333337,6,1.0,6,0,0,0,5,1,0,5,2,1,0,0,0,0,0,6,6,25,420,388,55,0,17,67,3.6666666666666665,167,17,2774,20,123,71,10500
2025-07-07,argo,com.beyondeye.reduks.middlewares,AsyncStoreMiddlewareTest,subscribeContext,1,0,0.0,0,0.0,0,0,3,0,1,0,1,0,0.0,0,0,0,1,0.0,0,0.0,0,0,0.0,0,0.0,0.8,119,109,0.8,5,0,0,0,0,0,4,0,0,0,0,0,0,0,0,0,7,0.4,7,1.4,5,0,0,0,4,1,0,4,0,1,0,0,0,0,0,5,5,25,420,388,17,0,10,57,3.6,65,0,2559,20,123,59,10500
2025-07-07,argo,com.beyondeye.reduks.middlewares,AsyncStoreMiddlewareTest,actions_should_be_run_through_a_stores_middleware,1,4,1.0,4,0.75,0,0,3,0,13,0,1,1,0.0,1,0,2,7,0.0,1,2.25,0,2,0.0,0,0.0,0.8,119,109,0.8,5,0,0,0,0,0,4,0,0,0,0,0,0,0,0,0,7,0.4,7,1.4,5,0,0,0,4,1,0,4,0,1,0,0,0,0,0,5,5,25,420,388,17,0,10,57,3.6,65,0,2559,20,123,59,10500
2025-07-07,argo,com.beyondeye.reduks.middlewares,AsyncStoreMiddlewareTest,actions_should_pass_through_the_middleware_chain_in_the_correct_order,5,6,1.0,8,0.75,0,0,3,0,30,1,5,1,0.0,1,0,3,16,0.0,1,2.076923076923077,0,3,0.0,0,0.0,0.8,119,109,0.8,5,0,0,0,0,0,4,0,0,0,0,0,0,0,0,0,7,0.4,7,1.4,5,0,0,0,4,1,0,4,0,1,0,0,0,0,0,5,5,25,420,388,17,0,10,57,3.6,65,0,2559,20,123,59,10500
2025-07-07,argo,com.beyondeye.reduks.middlewares,AsyncStoreMiddlewareTest,async_middleware_should_be_able_to_dispatch_followup_actions_that_travel_through_the_remaining_middleware,9,7,1.0,8,0.8889,0,0,3,0,42,1,9,1,0.0,1,0,3,24,0.0,1,2.176470588235294,0,3,0.0,0,0.0,0.8,119,109,0.8,5,0,0,0,0,0,4,0,0,0,0,0,0,0,0,0,7,0.4,7,1.4,5,0,0,0,4,1,0,4,0,1,0,0,0,0,0,5,5,25,420,388,17,0,10,57,3.6,65,0,2559,20,123,59,10500
2025-07-07,argo,com.beyondeye.reduks.middlewares,AsyncStoreMiddlewareTest,async_actions_should_be_able_to_send_new_actions_through_the_entire_chain,2,6,1.0,5,0.8333,0,0,3,0,23,1,2,1,0.0,1,0,2,9,0.0,1,2.0,0,2,0.0,0,0.0,0.8,119,109,0.8,5,0,0,0,0,0,4,0,0,0,0,0,0,0,0,0,7,0.4,7,1.4,5,0,0,0,4,1,0,4,0,1,0,0,0,0,0,5,5,25,420,388,17,0,10,57,3.6,65,0,2559,20,123,59,10500
2025-07-07,argo,com.beyondeye.reduks.middlewares,AsyncStoreWithStateFlowWithStateFlowMiddlewareTest,subscribeContext,1,0,0.0,0,0.0,0,0,3,0,1,0,1,0,0.0,0,0,0,1,0.0,0,0.0,0,0,0.0,0,0.0,0.8,119,109,0.8,5,0,0,0,0,0,4,0,0,0,0,0,0,0,0,0,7,0.4,7,1.4,5,0,0,0,4,1,0,4,0,1,0,0,0,0,0,5,5,25,420,388,17,0,10,57,3.6,65,0,2559,20,123,59,10500
2025-07-07,argo,com.beyondeye.reduks.middlewares,AsyncStoreWithStateFlowWithStateFlowMiddlewareTest,actions_should_be_run_through_a_stores_middleware,1,4,1.0,4,0.75,0,0,3,0,13,0,1,1,0.0,1,0,2,7,0.0,1,2.25,0,2,0.0,0,0.0,0.8,119,109,0.8,5,0,0,0,0,0,4,0,0,0,0,0,0,0,0,0,7,0.4,7,1.4,5,0,0,0,4,1,0,4,0,1,0,0,0,0,0,5,5,25,420,388,17,0,10,57,3.6,65,0,2559,20,123,59,10500
2025-07-07,argo,com.beyondeye.reduks.middlewares,AsyncStoreWithStateFlowWithStateFlowMiddlewareTest,actions_should_pass_through_the_middleware_chain_in_the_correct_order,5,6,1.0,8,0.75,0,0,3,0,30,1,5,1,0.0,1,0,3,16,0.0,1,2.076923076923077,0,3,0.0,0,0.0,0.8,119,109,0.8,5,0,0,0,0,0,4,0,0,0,0,0,0,0,0,0,7,0.4,7,1.4,5,0,0,0,4,1,0,4,0,1,0,0,0,0,0,5,5,25,420,388,17,0,10,57,3.6,65,0,2559,20,123,59,10500
2025-07-07,argo,com.beyondeye.reduks.middlewares,AsyncStoreWithStateFlowWithStateFlowMiddlewareTest,async_middleware_should_be_able_to_dispatch_followup_actions_that_travel_through_the_remaining_middleware,9,7,1.0,8,0.8889,0,0,3,0,42,1,9,1,0.0,1,0,3,24,0.0,1,2.176470588235294,0,3,0.0,0,0.0,0.8,119,109,0.8,5,0,0,0,0,0,4,0,0,0,0,0,0,0,0,0,7,0.4,7,1.4,5,0,0,0,4,1,0,4,0,1,0,0,0,0,0,5,5,25,420,388,17,0,10,57,3.6,65,0,2559,20,123,59,10500
2025-07-07,argo,com.beyondeye.reduks.middlewares,AsyncStoreWithStateFlowWithStateFlowMiddlewareTest,async_actions_should_be_able_to_send_new_actions_through_the_entire_chain,2,6,1.0,5,0.8333,0,0,3,0,23,1,2,1,0.0,1,0,2,9,0.0,1,2.0,0,2,0.0,0,0.0,0.8,119,109,0.8,5,0,0,0,0,0,4,0,0,0,0,0,0,0,0,0,7,0.4,7,1.4,5,0,0,0,4,1,0,4,0,1,0,0,0,0,0,5,5,25,420,388,17,0,10,57,3.6,65,0,2559,20,123,59,10500
2025-07-07,argo,com.beyondeye.reduks.middlewares,CoroutinesAsyncActionMiddlewareTest,test_an_async_action_for_a_very_difficult_and_computation_heavy_operation,3,4,0.0,9,0.7273,0,0,5,0,25,1,3,0,1.0,0,2,4,18,0.5,1,2.0714285714285716,0,4,0.0,0,1.0,1.0,146,112,0.0,5,4,0,0,4,0,4,0,0,0,4,4,0,0,0,0,14,0.0,14,2.8,5,0,4,0,5,0,0,5,2,1,0,0,0,0,0,5,5,25,420,388,17,0,13,74,3.0,65,0,2559,20,123,59,10500
2025-07-07,argo,com.beyondeye.reduks.middlewares,CoroutinesAsyncActionMiddlewareTest,test_two_async_actions_with_different_payload_type,4,8,0.0,10,0.8125,0,0,5,0,34,1,4,0,1.0,0,3,4,22,0.38,1,2.142857142857143,0,4,0.0,0,1.0,1.0,146,112,0.0,5,4,0,0,4,0,4,0,0,0,4,4,0,0,0,0,14,0.0,14,2.8,5,0,4,0,5,0,0,5,2,1,0,0,0,0,0,5,5,25,420,388,17,0,13,74,3.0,65,0,2559,20,123,59,10500
2025-07-07,argo,com.beyondeye.reduks.middlewares,CoroutinesAsyncActionMiddlewareTest,test_an_async_action_for_a_very_difficult_and_computation_heavy_operation_that_fails,3,3,0.0,6,0.75,0,0,5,0,20,1,3,0,1.0,0,3,1,11,1.0,1,2.0,0,1,0.0,0,1.0,1.0,146,112,0.0,5,4,0,0,4,0,4,0,0,0,4,4,0,0,0,0,14,0.0,14,2.8,5,0,4,0,5,0,0,5,2,1,0,0,0,0,0,5,5,25,420,388,17,0,13,74,3.0,65,0,2559,20,123,59,10500
2025-07-07,argo,com.beyondeye.reduks.middlewares,CoroutinesAsyncActionMiddlewareTest,test_that_normal_actions_pass_through_the_middleware,2,1,0.0,5,0.75,0,0,5,0,15,1,2,0,1.0,0,1,1,11,1.0,1,2.0,0,1,0.0,0,1.0,1.0,146,112,0.0,5,4,0,0,4,0,4,0,0,0,4,4,0,0,0,0,14,0.0,14,2.8,5,0,4,0,5,0,0,5,2,1,0,0,0,0,0,5,5,25,420,388,17,0,13,74,3.0,65,0,2559,20,123,59,10500
2025-07-07,argo,com.beyondeye.reduks.middlewares,CoroutinesAsyncActionMiddlewareTest,test_that_a_bunch_of_rapid_actions_are_all_executed_in_order,3,4,0.0,6,0.6667,0,0,5,0,18,1,3,0,1.0,0,1,3,12,0.25,1,2.2,0,3,0.0,0,1.0,1.0,146,112,0.0,5,4,0,0,4,0,4,0,0,0,4,4,0,0,0,0,14,0.0,14,2.8,5,0,4,0,5,0,0,5,2,1,0,0,0,0,0,5,5,25,420,388,17,0,13,74,3.0,65,0,2559,20,123,59,10500
2025-07-07,argo,com.beyondeye.reduks.middlewares,UnwrapActionMiddleware,dispatch,2,0,0.0,1,1.0,0,0,1,0,6,1,2,0,0.0,0,0,0,3,0.0,0,2.0,3,0,0.0,0,0.0,1.0,8,6,0.0,1,0,1,1,0,3,0,0,0,0,0,0,0,0,0,0,2,0.0,2,2.0,1,1,0,0,1,0,0,1,0,1,0,0,0,0,0,1,1,25,420,388,17,0,0,3,2.0,65,0,2559,20,123,59,10500
2025-07-07,argo,com.beyondeye.reduks.middlewares,WrapActionMiddleware,dispatch,2,0,0.0,0,0.0,0,0,1,0,6,1,2,0,0.0,0,0,0,2,0.0,0,0.0,3,0,0.0,0,0.0,1.0,8,6,0.0,1,0,1,1,0,3,0,0,0,0,0,0,0,0,0,0,2,0.0,2,2.0,1,1,0,0,1,0,0,1,0,1,0,0,0,0,0,1,1,25,420,388,17,0,0,2,2.0,65,0,2559,20,123,59,10500
2025-07-07,argo,com.beyondeye.reduks.modules,MultiReducer2,reduce,4,2,0.0,3,1.0,0,0,1,0,10,1,4,0,0.4,1,4,1,9,1.0,1,2.2222222222222223,2,1,0.0,0,0.0,1.0,20,10,0.0,1,4,1,1,0,2,1,0,0,0,0,4,0,0,0,0,1,0.0,1,1.0,1,1,4,0,1,0,0,1,0,1,0,0,0,0,0,1,1,25,420,388,24,0,1,9,4.0,42,1,1424,20,123,38,10500
2025-07-07,argo,com.beyondeye.reduks.modules,MultiReducer3,reduce,4,2,0.0,3,1.0,0,0,1,0,11,1,4,0,0.46153846153846156,1,6,1,11,1.5,1,2.25,2,1,0.0,0,0.0,1.0,25,11,0.0,1,6,1,1,0,2,1,0,0,0,0,6,0,0,0,0,1,0.0,1,1.0,1,1,6,0,1,0,0,1,0,1,0,0,0,0,0,1,1,25,420,388,24,0,1,11,4.0,42,1,1424,20,123,38,10500
2025-07-07,argo,com.beyondeye.reduks.modules,MultiReducer4,reduce,4,2,0.0,3,1.0,0,0,1,0,12,1,4,0,0.5,1,8,1,13,2.0,1,2.2666666666666666,2,1,0.0,0,0.0,1.0,30,12,0.0,1,8,1,1,0,2,1,0,0,0,0,8,0,0,0,0,1,0.0,1,1.0,1,1,8,0,1,0,0,1,0,1,0,0,0,0,0,1,1,25,420,388,24,0,1,13,4.0,42,1,1424,20,123,38,10500
2025-07-07,argo,com.beyondeye.reduks.modules,MultiReducer5,reduce,4,2,0.0,3,1.0,0,0,1,0,13,1,4,0,0.5263157894736842,1,10,1,15,2.5,1,2.2777777777777777,2,1,0.0,0,0.0,1.0,35,13,0.0,1,10,1,1,0,2,1,0,0,0,0,10,0,0,0,0,1,0.0,1,1.0,1,1,10,0,1,0,0,1,0,1,0,0,0,0,0,1,1,25,420,388,24,0,1,15,4.0,42,1,1424,20,123,38,10500
2025-07-07,argo,com.beyondeye.reduks.modules,MultiState2,copy,1,0,0.0,1,1.0,0,0,1,0,1,0,1,0,0.0,0,0,0,0,0.0,0,2.0,2,0,0.0,0,0.0,0.0,3,1,0.0,1,0,0,0,0,2,0,0,0,0,0,0,0,0,0,0,1,0.0,1,1.0,1,0,0,0,4,0,0,4,4,4,0,0,0,0,0,1,1,25,420,388,24,0,0,0,1.0,42,1,1424,20,123,38,10500
2025-07-07,argo,com.beyondeye.reduks.modules,MultiState3,copy,1,0,0.0,1,1.0,0,0,1,0,1,0,1,0,0.0,0,0,0,0,0.0,0,2.0,3,0,0.0,0,0.0,0.0,3,1,0.0,1,0,0,0,0,3,0,0,0,0,0,0,0,0,0,0,1,0.0,1,1.0,1,0,0,0,4,0,0,4,4,4,0,0,0,0,0,1,1,25,420,388,24,0,0,0,1.0,42,1,1424,20,123,38,10500
2025-07-07,argo,com.beyondeye.reduks.modules,MultiState4,copy,1,0,0.0,1,1.0,0,0,1,0,1,0,1,0,0.0,0,0,0,0,0.0,0,2.0,4,0,0.0,0,0.0,0.0,3,1,0.0,1,0,0,0,0,4,0,0,0,0,0,0,0,0,0,0,1,0.0,1,1.0,1,0,0,0,4,0,0,4,4,4,0,0,0,0,0,1,1,25,420,388,24,0,0,0,1.0,42,1,1424,20,123,38,10500
2025-07-07,argo,com.beyondeye.reduks.modules,MultiState5,copy,1,0,0.0,1,1.0,0,0,1,0,1,0,1,0,0.0,0,0,0,0,0.0,0,2.0,5,0,0.0,0,0.0,0.0,3,1,0.0,1,0,0,0,0,5,0,0,0,0,0,0,0,0,0,0,1,0.0,1,1.0,1,0,0,0,4,0,0,4,4,4,0,0,0,0,0,1,1,25,420,388,24,0,0,0,1.0,42,1,1424,20,123,38,10500
2025-07-07,argo,com.beyondeye.reduks.modules,MultiStore,dispatchToSubstore,2,2,0.0,1,1.0,0,0,1,0,6,1,2,0,0.0,0,0,0,4,0.0,0,2.5,1,0,0.0,0,0.0,1.0,21,6,0.0,1,2,0,0,0,2,0,0,0,0,1,1,0,0,1,4,2,0.0,2,2.0,1,0,2,0,0,1,0,0,0,0,0,0,0,0,0,1,1,25,420,388,24,0,0,4,2.0,42,1,1424,20,123,38,10500
2025-07-07,argo,com.beyondeye.reduks.modules,MultiStore2,replaceReducer,2,0,0.0,0,0.0,0,0,2,0,3,0,2,0,0.0,0,0,0,1,1.0,0,0.0,1,0,0.0,0,0.0,0.5,33,8,0.0,2,4,2,1,0,3,0,0,0,0,0,3,0,0,1,0,2,1.0,2,1.0,2,2,4,0,2,0,0,2,0,1,0,0,0,0,0,3,3,25,420,388,24,0,0,5,1.5,42,1,1424,20,123,38,10500
2025-07-07,argo,com.beyondeye.reduks.modules,MultiStore2,subscribe,1,2,0.0,0,0.0,0,0,2,0,5,0,1,0,0.0,1,0,0,4,0.0,0,2.0,1,0,0.0,0,0.0,0.5,33,8,0.0,2,4,2,1,0,3,0,0,0,0,0,3,0,0,1,0,2,1.0,2,1.0,2,2,4,0,2,0,0,2,0,1,0,0,0,0,0,3,3,25,420,388,24,0,0,5,1.5,42,1,1424,20,123,38,10500
2025-07-07,argo,com.beyondeye.reduks.modules,MultiStore3,replaceReducer,2,0,0.0,0,0.0,0,0,2,0,3,0,2,0,0.0,0,0,0,1,1.0,0,0.0,1,0,0.0,0,0.0,0.5,36,9,0.0,2,4,2,1,0,3,0,0,0,0,0,3,0,0,1,0,2,1.0,2,1.0,2,2,4,0,2,0,0,2,0,1,0,0,0,0,0,3,3,25,420,388,24,0,0,6,1.5,42,1,1424,20,123,38,10500
2025-07-07,argo,com.beyondeye.reduks.modules,MultiStore3,subscribe,1,3,0.0,0,0.0,0,0,2,0,6,0,1,0,0.0,1,0,0,5,0.0,0,2.0,1,0,0.0,0,0.0,0.5,36,9,0.0,2,4,2,1,0,3,0,0,0,0,0,3,0,0,1,0,2,1.0,2,1.0,2,2,4,0,2,0,0,2,0,1,0,0,0,0,0,3,3,25,420,388,24,0,0,6,1.5,42,1,1424,20,123,38,10500
2025-07-07,argo,com.beyondeye.reduks.modules,MultiStore4,replaceReducer,2,0,0.0,0,0.0,0,0,2,0,3,0,2,0,0.0,0,0,0,1,1.0,0,0.0,1,0,0.0,0,0.0,0.5,39,10,0.0,2,4,2,1,0,3,0,0,0,0,0,3,0,0,1,0,2,1.0,2,1.0,2,2,4,0,2,0,0,2,0,1,0,0,0,0,0,3,3,25,420,388,24,0,0,7,1.5,42,1,1424,20,123,38,10500
2025-07-07,argo,com.beyondeye.reduks.modules,MultiStore4,subscribe,1,4,0.0,0,0.0,0,0,2,0,7,0,1,0,0.0,1,0,0,6,0.0,0,2.0,1,0,0.0,0,0.0,0.5,39,10,0.0,2,4,2,1,0,3,0,0,0,0,0,3,0,0,1,0,2,1.0,2,1.0,2,2,4,0,2,0,0,2,0,1,0,0,0,0,0,3,3,25,420,388,24,0,0,7,1.5,42,1,1424,20,123,38,10500
2025-07-07,argo,com.beyondeye.reduks.modules,MultiStore5,replaceReducer,2,0,0.0,0,0.0,0,0,2,0,3,0,2,0,0.0,0,0,0,1,1.0,0,0.0,1,0,0.0,0,0.0,0.5,42,11,0.0,2,4,2,1,0,3,0,0,0,0,0,3,0,0,1,0,2,1.0,2,1.0,2,2,4,0,2,0,0,2,0,1,0,0,0,0,0,3,3,25,420,388,24,0,0,8,1.5,42,1,1424,20,123,38,10500
2025-07-07,argo,com.beyondeye.reduks.modules,MultiStore5,subscribe,1,5,0.0,0,0.0,0,0,2,0,8,0,1,0,0.0,1,0,0,7,0.0,0,2.0,1,0,0.0,0,0.0,0.5,42,11,0.0,2,4,2,1,0,3,0,0,0,0,0,3,0,0,1,0,2,1.0,2,1.0,2,2,4,0,2,0,0,2,0,1,0,0,0,0,0,3,3,25,420,388,24,0,0,8,1.5,42,1,1424,20,123,38,10500
2025-07-07,argo,com.beyondeye.reduks.modules,MultiStoreSubscription,unsubscribe,1,0,0.0,1,1.0,0,0,1,0,3,0,1,0,1.0,1,1,0,2,1.0,0,2.0,0,0,0.0,0,0.0,1.0,7,3,0.0,1,1,1,1,1,0,1,0,0,0,1,1,0,0,0,0,1,0.0,1,1.0,1,1,1,0,1,0,0,1,0,1,0,0,0,0,0,1,1,25,420,388,24,0,0,2,1.0,42,1,1424,20,123,38,10500
2025-07-07,argo,com.beyondeye.reduks.middlewares,WrappedActionMiddlewareTests,test_action_get_wrapped,1,1,0.0,3,0.6667,0,0,3,0,7,0,1,0,1.0,0,2,2,8,2.0,1,3.0,0,2,0.0,0,1.0,1.0,41,22,0.0,3,2,0,0,2,0,2,0,0,0,2,2,0,0,0,0,3,0.0,3,1.0,3,0,2,0,3,0,0,3,0,1,0,0,0,0,0,3,3,25,420,388,17,0,6,24,1.0,65,0,2559,20,123,59,10500
2025-07-07,argo,com.beyondeye.reduks.middlewares,WrappedActionMiddlewareTests,test_action_dont_get_wrapped_twice,1,1,0.0,3,0.6667,0,0,3,0,7,0,1,0,1.0,0,2,2,8,2.0,1,3.0,0,2,0.0,0,1.0,1.0,41,22,0.0,3,2,0,0,2,0,2,0,0,0,2,2,0,0,0,0,3,0.0,3,1.0,3,0,2,0,3,0,0,3,0,1,0,0,0,0,0,3,3,25,420,388,17,0,6,24,1.0,65,0,2559,20,123,59,10500
2025-07-07,argo,com.beyondeye.reduks.middlewares,WrappedActionMiddlewareTests,test_wrap_and_unwrap_middlewares_cancel_each_other_Effect,1,1,0.0,3,0.6667,0,0,3,0,8,0,1,0,1.0,0,2,2,8,2.0,1,2.8,0,2,0.0,0,1.0,1.0,41,22,0.0,3,2,0,0,2,0,2,0,0,0,2,2,0,0,0,0,3,0.0,3,1.0,3,0,2,0,3,0,0,3,0,1,0,0,0,0,0,3,3,25,420,388,17,0,6,24,1.0,65,0,2559,20,123,59,10500
2025-07-07,argo,com.beyondeye.reduks.modules,ActionWithContextTest,testActionWithContextLambdaMatcher,3,3,0.0,0,0.0,0,0,1,0,22,1,3,0,0.0,0,0,1,5,0.0,0,2.0,0,1,0.0,0,0.0,1.0,47,44,0.0,2,0,0,0,0,0,1,0,0,0,0,0,0,0,0,0,2,0.0,2,1.0,2,0,0,0,2,0,0,2,0,1,0,0,0,0,0,4,4,25,420,388,24,0,2,14,3.0,42,1,1424,20,123,38,10500
2025-07-07,argo,com.beyondeye.reduks.modules,ActionWithContextTest,testActionWithContextIsAMatcher,3,3,0.0,2,0.5,0,0,1,0,22,1,3,0,0.0,0,0,1,9,0.0,1,2.0,0,1,0.0,0,0.0,1.0,47,44,0.0,2,0,0,0,0,0,1,0,0,0,0,0,0,0,0,0,2,0.0,2,1.0,2,0,0,0,2,0,0,2,0,1,0,0,0,0,0,4,4,25,420,388,24,0,2,14,3.0,42,1,1424,20,123,38,10500
2025-07-07,argo,com.beyondeye.reduks.modules,MultiReduksTest,setUp,1,0,0.0,0,0.0,0,1,9,0,10,0,1,0,1.0,0,8,0,0,8.0,0,0.0,0,0,0.0,0,1.0,1.0,302,174,0.0,4,28,0,0,28,0,2,0,0,0,28,20,0,0,8,0,5,0.0,5,1.0,5,0,28,0,5,0,0,5,3,1,0,0,0,0,0,5,5,25,420,388,24,0,8,58,1.0,42,1,1424,20,123,38,10500
2025-07-07,argo,com.beyondeye.reduks.modules,MultiReduksTest,test_multireduks2_from_multidef_dispatch,1,2,0.0,4,1.0,0,1,9,0,32,0,1,0,1.0,0,8,2,14,4.0,1,3.28,0,2,0.0,0,1.0,1.0,302,174,0.0,4,28,0,0,28,0,2,0,0,0,28,20,0,0,8,0,5,0.0,5,1.0,5,0,28,0,5,0,0,5,3,1,0,0,0,0,0,5,5,25,420,388,24,0,8,58,1.0,42,1,1424,20,123,38,10500
2025-07-07,argo,com.beyondeye.reduks.modules,MultiReduksTest,test_multireduks2_from_multidefNoCtx_dispatch,1,2,0.0,5,0.875,0,1,9,0,32,0,1,0,1.0,0,8,2,12,6.0,1,2.64,0,2,0.0,0,1.0,1.0,302,174,0.0,4,28,0,0,28,0,2,0,0,0,28,20,0,0,8,0,5,0.0,5,1.0,5,0,28,0,5,0,0,5,3,1,0,0,0,0,0,5,5,25,420,388,24,0,8,58,1.0,42,1,1424,20,123,38,10500
2025-07-07,argo,com.beyondeye.reduks.modules,MultiReduksTest,test_multireduks2_from_multidefNoCtxNoReflection_dispatch,1,2,0.0,5,0.875,0,1,9,0,32,0,1,0,1.0,0,8,2,12,6.0,1,2.64,0,2,0.0,0,1.0,1.0,302,174,0.0,4,28,0,0,28,0,2,0,0,0,28,20,0,0,8,0,5,0.0,5,1.0,5,0,28,0,5,0,0,5,3,1,0,0,0,0,0,5,5,25,420,388,24,0,8,58,1.0,42,1,1424,20,123,38,10500
2025-07-07,argo,com.beyondeye.reduks.modules,MultiReduksTest,test_multi_level,1,8,0.0,7,0.8125,0,1,9,0,78,0,1,0,1.0,0,16,2,20,2.0,1,2.716417910447761,0,2,0.0,0,1.0,1.0,302,174,0.0,4,28,0,0,28,0,2,0,0,0,28,20,0,0,8,0,5,0.0,5,1.0,5,0,28,0,5,0,0,5,3,1,0,0,0,0,0,5,5,25,420,388,24,0,8,58,1.0,42,1,1424,20,123,38,10500
2025-07-07,argo,com.beyondeye.reduks.modules,ReduksContextTest,testThatActionComposedWithInvalidContextReturnTheAction,1,3,0.0,0,0.0,0,0,1,0,6,0,1,0,0.0,0,0,1,2,0.0,0,0.0,0,1,0.0,0,0.0,1.0,33,29,0.0,3,0,0,0,0,0,2,0,0,0,0,0,0,0,0,0,3,1.0,3,1.0,3,0,0,0,3,0,0,3,0,1,0,0,0,0,0,3,3,25,420,388,24,0,3,25,1.0,42,1,1424,20,123,38,10500
2025-07-07,argo,com.beyondeye.reduks.modules,ReduksContextTest,testContextWithPath,1,6,0.0,4,0.7143,0,0,1,0,16,0,1,0,0.0,0,0,1,16,0.0,2,2.5,0,1,0.0,0,0.0,1.0,33,29,0.0,3,0,0,0,0,0,2,0,0,0,0,0,0,0,0,0,3,1.0,3,1.0,3,0,0,0,3,0,0,3,0,1,0,0,0,0,0,3,3,25,420,388,24,0,3,25,1.0,42,1,1424,20,123,38,10500
2025-07-07,argo,com.beyondeye.reduks.modules,ReduksContextTest,testDobleWrappingComposedAsPath,1,3,0.0,1,1.0,0,0,1,0,7,0,1,0,0.0,0,0,1,7,0.0,0,4.0,0,1,0.0,0,0.0,1.0,33,29,0.0,3,0,0,0,0,0,2,0,0,0,0,0,0,0,0,0,3,1.0,3,1.0,3,0,0,0,3,0,0,3,0,1,0,0,0,0,0,3,3,25,420,388,24,0,3,25,1.0,42,1,1424,20,123,38,10500
2025-07-07,argo,com.beyondeye.reduksDevTools,DevToolsAction,getPosition,1,0,0.0,0,0.0,0,1,1,0,3,0,1,0,0.0,0,0,0,0,0.0,0,0.0,0,0,0.0,0,0.0,0.6666666666666666,62,15,0.0,3,0,2,1,0,3,0,1,0,0,7,7,7,7,0,0,9,0.6666666666666667,9,3.0,3,2,0,0,3,0,0,3,0,1,0,0,6,0,6,3,9,25,420,388,10,0,0,7,4.333333333333333,27,0,736,20,123,28,10500
2025-07-07,argo,com.beyondeye.reduksDevTools,DevToolsAction,equals,7,0,0.0,3,1.0,0,1,1,0,9,6,7,0,0.0,0,0,0,4,0.0,0,2.0,1,0,0.0,0,0.0,0.6666666666666666,62,15,0.0,3,0,2,1,0,3,0,1,0,0,7,7,7,7,0,0,9,0.6666666666666667,9,3.0,3,2,0,0,3,0,0,3,0,1,0,0,6,0,6,3,9,25,420,388,10,0,0,7,4.333333333333333,27,0,736,20,123,28,10500
2025-07-07,argo,com.beyondeye.reduksDevTools,DevToolsAction,createInitAction,5,7,0.0,0,0.0,0,1,1,0,6,0,5,0,0.0,1,0,0,3,0.0,1,2.0,0,0,0.0,0,0.0,0.6666666666666666,62,15,0.0,3,0,2,1,0,3,0,1,0,0,7,7,7,7,0,0,9,0.6666666666666667,9,3.0,3,2,0,0,3,0,0,3,0,1,0,0,6,0,6,3,9,25,420,388,10,1,0,7,4.333333333333333,27,0,736,20,123,28,10500
2025-07-07,argo,com.beyondeye.reduksDevTools,DevToolsMiddleware,dispatch,4,2,0.0,2,1.0,0,0,1,0,16,1,4,2,0.0,1,0,1,5,0.0,1,2.0,3,1,0.0,0,0.0,1.0,18,16,0.0,1,0,1,1,0,3,1,0,0,0,0,0,0,0,0,0,3,0.0,3,3.0,1,1,0,0,1,0,0,1,0,1,0,0,0,0,0,1,1,25,420,388,10,0,1,5,4.0,27,0,736,20,123,28,10500
2025-07-07,argo,com.beyondeye.reduksDevTools,DevToolsReducer,reduce,8,2,2.0,7,0.5714,0,0,1,0,20,1,8,1,0.0,3,0,0,29,0.0,0,2.269230769230769,2,0,0.0,0,0.0,1.0,41,37,1.0,3,0,1,1,0,5,2,0,0,0,0,0,0,0,0,0,6,1.0,6,2.0,3,1,0,0,1,2,0,1,0,1,0,0,0,0,0,3,3,25,420,388,10,0,2,42,3.6666666666666665,27,0,736,20,123,28,10500
2025-07-07,argo,com.beyondeye.reduksDevTools,DevToolsReducer,performAction,1,2,1.0,3,1.0,0,0,1,0,7,0,1,0,0.0,1,0,2,9,0.0,1,2.5,4,2,0.0,0,0.0,1.0,41,37,1.0,3,0,1,1,0,5,2,0,0,0,0,0,0,0,0,0,6,1.0,6,2.0,3,1,0,0,1,2,0,1,0,1,0,0,0,0,0,3,3,25,420,388,10,0,2,42,3.6666666666666665,27,0,736,20,123,28,10500
2025-07-07,argo,com.beyondeye.reduksDevTools,DevToolsReducer,recomputeStates,2,3,1.0,2,1.0,0,0,1,0,10,1,2,0,0.0,1,0,0,4,0.0,1,2.0,2,0,0.0,0,0.0,1.0,41,37,1.0,3,0,1,1,0,5,2,0,0,0,0,0,0,0,0,0,6,1.0,6,2.0,3,1,0,0,1,2,0,1,0,1,0,0,0,0,0,3,3,25,420,388,10,0,2,42,3.6666666666666665,27,0,736,20,123,28,10500
2025-07-07,argo,com.beyondeye.reduksDevTools,DevToolsStore,replaceReducer,1,0,0.0,0,0.0,0,0,2,1,3,0,1,0,0.0,0,0,0,1,0.0,0,0.0,1,0,0.0,0,0.0,0.3333333333333333,44,10,0.0,3,5,2,1,1,5,0,0,1,0,1,4,0,0,1,0,3,1.0,3,1.0,3,2,5,0,2,1,0,2,0,1,0,0,0,0,0,4,4,25,420,388,10,0,0,4,1.0,27,0,736,20,123,28,10500
2025-07-07,argo,com.beyondeye.reduksDevTools,DevToolsStore,toDevToolsMiddlewares,1,1,0.0,1,1.0,0,0,2,1,4,0,1,0,0.0,0,0,0,1,0.0,1,2.0,1,0,0.0,0,0.0,0.3333333333333333,44,10,0.0,3,5,2,1,1,5,0,0,1,0,1,4,0,0,1,0,3,1.0,3,1.0,3,2,5,0,2,1,0,2,0,1,0,0,0,0,0,4,4,25,420,388,10,0,0,4,1.0,27,0,736,20,123,28,10500
2025-07-07,argo,com.beyondeye.reduksDevTools,DevToolsStore,subscribe,1,0,0.0,0,0.0,0,0,2,1,3,0,1,0,0.5,1,1,0,2,1.0,0,2.0,1,0,0.0,0,0.0,0.3333333333333333,44,10,0.0,3,5,2,1,1,5,0,0,1,0,1,4,0,0,1,0,3,1.0,3,1.0,3,2,5,0,2,1,0,2,0,1,0,0,0,0,0,4,4,25,420,388,10,0,0,4,1.0,27,0,736,20,123,28,10500
2025-07-07,argo,com.beyondeye.reduksDevTools,DevToolsActionTest,testtestEqualsAndHashCode,1,0,0.0,1,1.0,0,0,1,0,3,0,1,0,0.0,0,0,1,3,0.0,0,4.0,0,1,0.0,0,0.0,1.0,5,3,0.0,1,0,0,0,0,0,1,0,0,0,0,0,0,0,0,0,1,0.0,1,1.0,1,0,0,0,1,0,0,1,0,1,0,0,0,0,0,1,1,25,420,388,10,0,1,3,1.0,27,0,736,20,123,28,10500
2025-07-07,argo,com.beyondeye.reduksDevTools,DevToolsMiddlewareTest,unwrapped_actions_should_be_run_through_a_stores_middleware,1,4,0.0,4,1.0,0,0,3,0,12,0,1,0,0.0,0,0,2,8,0.0,1,2.5,0,2,0.0,0,0.0,1.0,116,97,0.0,4,0,0,0,0,0,3,0,0,0,0,0,0,0,0,0,7,0.0,7,1.75,4,0,0,0,4,0,0,4,0,1,0,0,0,0,0,4,4,25,420,388,10,0,9,48,3.0,27,0,736,20,123,28,10500
2025-07-07,argo,com.beyondeye.reduksDevTools,DevToolsMiddlewareTest,unwrapped_actions_should_pass_through_the_middleware_chain_in_the_correct_order,3,6,0.0,4,1.0,0,0,3,0,24,1,3,0,0.0,0,0,2,11,0.0,1,2.142857142857143,0,2,0.0,0,0.0,1.0,116,97,0.0,4,0,0,0,0,0,3,0,0,0,0,0,0,0,0,0,7,0.0,7,1.75,4,0,0,0,4,0,0,4,0,1,0,0,0,0,0,4,4,25,420,388,10,0,9,48,3.0,27,0,736,20,123,28,10500
2025-07-07,argo,com.beyondeye.reduksDevTools,DevToolsMiddlewareTest,async_middleware_should_be_able_to_dispatch_followup_unwrapped_actions_that_travel_through_the_remaining_middleware,6,7,0.0,6,1.0,0,0,3,0,39,1,6,0,0.0,0,0,3,21,0.0,1,2.2,0,3,0.0,0,0.0,1.0,116,97,0.0,4,0,0,0,0,0,3,0,0,0,0,0,0,0,0,0,7,0.0,7,1.75,4,0,0,0,4,0,0,4,0,1,0,0,0,0,0,4,4,25,420,388,10,0,9,48,3.0,27,0,736,20,123,28,10500
2025-07-07,argo,com.beyondeye.reduksDevTools,DevToolsMiddlewareTest,async_actions_should_be_able_to_send_new_unwrapped_actions_through_the_entire_chain,2,6,0.0,3,1.0,0,0,3,0,22,1,2,0,0.0,0,0,2,8,0.0,1,2.0,0,2,0.0,0,0.0,1.0,116,97,0.0,4,0,0,0,0,0,3,0,0,0,0,0,0,0,0,0,7,0.0,7,1.75,4,0,0,0,4,0,0,4,0,1,0,0,0,0,0,4,4,25,420,388,10,0,9,48,3.0,27,0,736,20,123,28,10500
2025-07-07,argo,com.beyondeye.reduksDevTools,DevToolsReducerTest,perform_action_should_update_the_dev_tools_store,1,2,0.0,2,1.0,0,0,3,0,10,0,1,0,1.0,0,1,2,14,0.5,1,4.0,0,2,0.0,0,0.6666666666666666,1.0,108,95,0.0,6,1,0,0,1,0,2,0,0,0,1,1,0,0,0,0,6,0.0,6,1.0,6,0,1,0,6,0,0,6,3,1,0,0,0,0,0,6,6,25,420,388,10,0,12,102,1.1666666666666667,27,0,736,20,123,28,10500
2025-07-07,argo,com.beyondeye.reduksDevTools,DevToolsReducerTest,when_back_in_time_the_perform_action_should_overwrite_all_future_actions,1,4,0.0,2,1.0,0,0,3,0,33,0,1,0,1.0,0,1,2,27,0.25,1,3.814814814814815,0,2,0.0,0,0.6666666666666666,1.0,108,95,0.0,6,1,0,0,1,0,2,0,0,0,1,1,0,0,0,0,6,0.0,6,1.0,6,0,1,0,6,0,0,6,3,1,0,0,0,0,0,6,6,25,420,388,10,0,12,102,1.1666666666666667,27,0,736,20,123,28,10500
2025-07-07,argo,com.beyondeye.reduksDevTools,DevToolsReducerTest,reset_action_should_roll_the_current_state_of_the_app_back_to_the_previously_saved_state,2,1,0.0,2,1.0,0,0,3,0,10,0,2,0,1.0,0,1,2,16,1.0,1,4.0,0,2,0.0,0,0.6666666666666666,1.0,108,95,0.0,6,1,0,0,1,0,2,0,0,0,1,1,0,0,0,0,6,0.0,6,1.0,6,0,1,0,6,0,0,6,3,1,0,0,0,0,0,6,6,25,420,388,10,0,12,102,1.1666666666666667,27,0,736,20,123,28,10500
2025-07-07,argo,com.beyondeye.reduksDevTools,DevToolsReducerTest,save_action_should_commit_the_current_state_of_the_app,1,2,0.0,2,1.0,0,0,3,0,11,0,1,0,1.0,0,1,2,16,0.5,1,4.0,0,2,0.0,0,0.6666666666666666,1.0,108,95,0.0,6,1,0,0,1,0,2,0,0,0,1,1,0,0,0,0,6,0.0,6,1.0,6,0,1,0,6,0,0,6,3,1,0,0,0,0,0,6,6,25,420,388,10,0,12,102,1.1666666666666667,27,0,736,20,123,28,10500
2025-07-07,argo,com.beyondeye.reduksDevTools,DevToolsReducerTest,jump_to_state_action_should_set_the_current_state_of_the_app_to_a_given_time_in_the_past,1,3,0.0,2,1.0,0,0,3,0,12,0,1,0,1.0,0,1,2,13,0.33,1,3.5714285714285716,0,2,0.0,0,0.6666666666666666,1.0,108,95,0.0,6,1,0,0,1,0,2,0,0,0,1,1,0,0,0,0,6,0.0,6,1.0,6,0,1,0,6,0,0,6,3,1,0,0,0,0,0,6,6,25,420,388,10,0,12,102,1.1666666666666667,27,0,736,20,123,28,10500
2025-07-07,argo,com.beyondeye.reduksDevTools,DevToolsReducerTest,recompute_action_should_run_all_actions_through_the_app_reducer_again,1,4,0.0,2,1.0,0,0,3,0,19,0,1,0,0.0,0,0,2,16,0.0,1,3.769230769230769,0,2,0.0,0,0.6666666666666666,1.0,108,95,0.0,6,1,0,0,1,0,2,0,0,0,1,1,0,0,0,0,6,0.0,6,1.0,6,0,1,0,6,0,0,6,3,1,0,0,0,0,0,6,6,25,420,388,10,0,12,102,1.1666666666666667,27,0,736,20,123,28,10500
2025-07-07,argo,com.beyondeye.reduksDevTools,DevToolsStoreTest,when_an_action_is_fired_the_corresponding_reducer_should_be_called_and_update_the_state_of_the_application,5,2,0.0,3,1.0,0,0,3,0,12,1,5,0,0.0,0,0,2,8,0.0,1,2.6666666666666665,0,2,0.0,0,0.0,1.0,95,84,0.0,6,0,0,0,0,0,3,0,0,0,0,0,0,0,0,0,6,0.0,6,1.0,6,0,0,0,6,0,0,6,2,1,0,0,0,0,0,6,6,25,420,388,10,0,13,49,4.333333333333333,27,0,736,20,123,28,10500
2025-07-07,argo,com.beyondeye.reduksDevTools,DevToolsStoreTest,when_two_reducers_are_combined_and_a_series_of_actions_are_fired_the_correct_reducer_should_be_called,9,5,0.0,3,1.0,0,0,3,0,23,2,9,0,0.0,0,0,2,10,0.0,1,2.6666666666666665,0,2,0.0,0,0.0,1.0,95,84,0.0,6,0,0,0,0,0,3,0,0,0,0,0,0,0,0,0,6,0.0,6,1.0,6,0,0,0,6,0,0,6,2,1,0,0,0,0,0,6,6,25,420,388,10,0,13,49,4.333333333333333,27,0,736,20,123,28,10500
2025-07-07,argo,com.beyondeye.reduksDevTools,DevToolsStoreTest,subscribers_should_be_notified_when_the_state_changes,1,3,0.0,3,0.75,0,0,3,0,10,0,1,0,0.0,0,0,2,5,0.0,1,2.0,0,2,0.0,0,0.0,1.0,95,84,0.0,6,0,0,0,0,0,3,0,0,0,0,0,0,0,0,0,6,0.0,6,1.0,6,0,0,0,6,0,0,6,2,1,0,0,0,0,0,6,6,25,420,388,10,0,13,49,4.333333333333333,27,0,736,20,123,28,10500
2025-07-07,argo,com.beyondeye.reduksDevTools,DevToolsStoreTest,the_store_should_not_notify_unsubscribed_objects,1,4,0.0,5,0.8333,0,0,3,0,11,0,1,0,0.0,0,0,3,6,0.0,1,2.0,0,3,0.0,0,0.0,1.0,95,84,0.0,6,0,0,0,0,0,3,0,0,0,0,0,0,0,0,0,6,0.0,6,1.0,6,0,0,0,6,0,0,6,2,1,0,0,0,0,0,6,6,25,420,388,10,0,13,49,4.333333333333333,27,0,736,20,123,28,10500
2025-07-07,argo,com.beyondeye.reduksDevTools,DevToolsStoreTest,store_should_pass_the_current_state_to_subscribers,5,3,0.0,4,0.75,0,0,3,0,14,1,5,0,0.0,0,0,2,10,0.0,1,2.2,0,2,0.0,0,0.0,1.0,95,84,0.0,6,0,0,0,0,0,3,0,0,0,0,0,0,0,0,0,6,0.0,6,1.0,6,0,0,0,6,0,0,6,2,1,0,0,0,0,0,6,6,25,420,388,10,0,13,49,4.333333333333333,27,0,736,20,123,28,10500
2025-07-07,argo,com.beyondeye.reduksDevTools,DevToolsStoreTest,store_should_work_with_both_dev_tools_actions_and_application_actions,5,2,0.0,3,1.0,0,0,3,0,14,1,5,0,0.0,0,0,2,10,0.0,1,3.2,0,2,0.0,0,0.0,1.0,95,84,0.0,6,0,0,0,0,0,3,0,0,0,0,0,0,0,0,0,6,0.0,6,1.0,6,0,0,0,6,0,0,6,2,1,0,0,0,0,0,6,6,25,420,388,10,0,13,49,4.333333333333333,27,0,736,20,123,28,10500
2025-07-07,argo,com.beyondeye.reduksDevTools,DevToolsTestReducer,reduce,5,0,0.0,1,1.0,1,0,1,0,12,2,5,0,0.16666666666666666,0,1,0,5,0.5,0,2.25,2,0,0.0,0,0.0,1.0,16,12,0.0,1,1,1,1,1,2,0,0,0,0,1,0,0,0,1,0,3,0.0,3,3.0,1,1,1,0,1,0,0,1,0,1,0,0,0,0,0,1,1,25,420,388,10,0,0,5,5.0,27,0,736,20,123,28,10500
2025-07-07,argo,com.beyondeye.reduks,KovenantStore,replaceReducer,1,0,0.0,0,0.0,0,0,2,0,4,0,1,0,0.3333333333333333,0,1,1,1,1.0,0,2.0,1,0,0.0,0,0.3333333333333333,1.0,92,19,0.0,3,9,2,1,3,3,3,0,3,0,3,5,0,0,4,0,3,1.0,3,1.0,3,2,9,0,2,1,0,2,0,1,0,0,0,0,0,6,6,25,420,388,55,0,2,8,2.0,167,17,2774,20,123,71,10500
2025-07-07,argo,com.beyondeye.reduks,KovenantStore,notifySubscribers,4,0,0.0,2,1.0,0,0,2,0,7,0,4,2,1.0,0,2,0,4,2.0,1,2.0,0,0,0.0,0,0.3333333333333333,1.0,92,19,0.0,3,9,2,1,3,3,3,0,3,0,3,5,0,0,4,0,3,1.0,3,1.0,3,2,9,0,2,1,0,2,0,1,0,0,0,0,0,6,6,25,420,388,55,0,2,8,2.0,167,17,2774,20,123,71,10500
2025-07-07,argo,com.beyondeye.reduks,KovenantStore,subscribe,1,0,0.0,2,0.5,0,0,2,0,8,0,1,4,0.75,0,1,1,3,1.0,1,2.0,1,1,0.0,0,0.3333333333333333,1.0,92,19,0.0,3,9,2,1,3,3,3,0,3,0,3,5,0,0,4,0,3,1.0,3,1.0,3,2,9,0,2,1,0,2,0,1,0,0,0,0,0,6,6,25,420,388,55,0,2,8,2.0,167,17,2774,20,123,71,10500
2025-07-07,argo,com.beyondeye.reduks.activity,KovenantReduksActivity,onCreate,1,0,0.0,0,0.0,0,0,1,0,5,0,1,0,0.6666666666666666,1,1,2,1,1.0,1,2.3333333333333335,1,0,0.0,0,0.14285714285714285,0.14285714285714285,33,23,0.0,7,1,7,4,0,3,1,0,0,0,0,0,0,0,1,0,7,0.9523809523809523,7,1.0,7,7,1,0,7,0,0,7,3,0,0,0,0,0,0,7,7,25,420,388,3,0,4,4,1.0,21,0,194,20,123,23,10500
2025-07-07,argo,com.beyondeye.reduks.activity,KovenantReduksActivity,storeCreator,1,0,0.0,1,1.0,0,0,1,0,1,0,1,0,0.0,0,0,0,1,0.0,1,2.0,0,0,0.0,0,0.14285714285714285,0.14285714285714285,33,23,0.0,7,1,7,4,0,3,1,0,0,0,0,0,0,0,1,0,7,0.9523809523809523,7,1.0,7,7,1,0,7,0,0,7,3,0,0,0,0,0,0,7,7,25,420,388,3,0,4,4,1.0,21,0,194,20,123,23,10500
2025-07-07,argo,com.beyondeye.reduks.activity,KovenantReduksActivity,onStop,1,0,0.0,0,0.0,0,0,1,0,3,0,1,0,0.0,1,0,0,0,0.0,1,2.0,0,0,0.0,0,0.14285714285714285,0.14285714285714285,33,23,0.0,7,1,7,4,0,3,1,0,0,0,0,0,0,0,1,0,7,0.9523809523809523,7,1.0,7,7,1,0,7,0,0,7,3,0,0,0,0,0,0,7,7,25,420,388,3,0,4,4,1.0,21,0,194,20,123,23,10500
2025-07-07,argo,com.beyondeye.reduks.activity,KovenantReduksActivity,onStart,1,0,0.0,0,0.0,0,0,1,0,3,0,1,0,0.0,1,0,0,0,0.0,1,2.0,0,0,0.0,0,0.14285714285714285,0.14285714285714285,33,23,0.0,7,1,7,4,0,3,1,0,0,0,0,0,0,0,1,0,7,0.9523809523809523,7,1.0,7,7,1,0,7,0,0,7,3,0,0,0,0,0,0,7,7,25,420,388,3,0,4,4,1.0,21,0,194,20,123,23,10500
2025-07-07,argo,com.beyondeye.reduks.activity,KovenantReduksActivity,onDestroy,1,0,0.0,0,0.0,0,0,1,0,3,0,1,0,0.0,1,0,0,0,0.0,1,2.0,0,0,0.0,0,0.14285714285714285,0.14285714285714285,33,23,0.0,7,1,7,4,0,3,1,0,0,0,0,0,0,0,1,0,7,0.9523809523809523,7,1.0,7,7,1,0,7,0,0,7,3,0,0,0,0,0,0,7,7,25,420,388,3,0,4,4,1.0,21,0,194,20,123,23,10500
2025-07-07,argo,com.beyondeye.reduks.activity,KovenantReduksActivity,onSaveInstanceState,1,0,0.0,1,1.0,0,0,1,0,4,0,1,0,0.3333333333333333,1,1,1,1,1.0,1,2.0,1,1,0.0,0,0.14285714285714285,0.14285714285714285,33,23,0.0,7,1,7,4,0,3,1,0,0,0,0,0,0,0,1,0,7,0.9523809523809523,7,1.0,7,7,1,0,7,0,0,7,3,0,0,0,0,0,0,7,7,25,420,388,3,0,4,4,1.0,21,0,194,20,123,23,10500
2025-07-07,argo,com.beyondeye.reduks.activity,KovenantReduksActivity,onRestoreInstanceState,1,0,0.0,1,1.0,0,0,1,0,4,0,1,0,0.3333333333333333,1,1,1,1,1.0,1,2.0,1,1,0.0,0,0.14285714285714285,0.14285714285714285,33,23,0.0,7,1,7,4,0,3,1,0,0,0,0,0,0,0,1,0,7,0.9523809523809523,7,1.0,7,7,1,0,7,0,0,7,3,0,0,0,0,0,0,7,7,25,420,388,3,0,4,4,1.0,21,0,194,20,123,23,10500
2025-07-07,argo,com.beyondeye.reduks.middlewares,AsyncActionMiddleWare,<reified  PayloadType:Any> start,2,0,0.0,2,1.0,0,0,1,1,6,1,2,0,0.0,1,0,0,8,0.0,0,2.6,3,0,0.0,0,0.0,0.0,8,6,0.0,1,0,1,1,0,3,0,0,0,0,0,0,0,0,0,0,2,0.0,2,2.0,1,1,0,0,1,0,0,1,0,2,0,0,0,0,0,1,1,25,420,388,17,1,0,8,2.0,65,0,2559,20,123,59,10500
2025-07-07,argo,com.beyondeye.reduks,KovenantStoreTest,when_an_action_is_fired_the_corresponding_reducer_should_be_called_and_update_the_state_of_the_application,5,2,0.0,3,1.0,0,0,3,0,12,1,5,0,0.0,0,0,2,8,0.0,1,2.6666666666666665,0,2,0.0,0,0.0,1.0,84,74,0.0,5,0,0,0,0,0,3,0,0,0,0,0,0,0,0,0,5,0.0,5,1.0,5,0,0,0,5,0,0,5,2,1,0,0,0,0,0,5,5,25,420,388,55,0,9,39,4.2,167,17,2774,20,123,71,10500
2025-07-07,argo,com.beyondeye.reduks,KovenantStoreTest,when_two_reducers_are_combined_and_a_series_of_actions_are_fired_the_correct_reducer_should_be_called,9,5,0.0,3,1.0,0,0,3,0,23,2,9,0,0.0,0,0,2,10,0.0,1,2.6666666666666665,0,2,0.0,0,0.0,1.0,84,74,0.0,5,0,0,0,0,0,3,0,0,0,0,0,0,0,0,0,5,0.0,5,1.0,5,0,0,0,5,0,0,5,2,1,0,0,0,0,0,5,5,25,420,388,55,0,9,39,4.2,167,17,2774,20,123,71,10500
2025-07-07,argo,com.beyondeye.reduks,KovenantStoreTest,subscribers_should_be_notified_when_the_state_changes,1,3,0.0,3,0.75,0,0,3,0,12,0,1,0,0.0,0,0,1,5,0.0,1,2.1666666666666665,0,1,0.0,0,0.0,1.0,84,74,0.0,5,0,0,0,0,0,3,0,0,0,0,0,0,0,0,0,5,0.0,5,1.0,5,0,0,0,5,0,0,5,2,1,0,0,0,0,0,5,5,25,420,388,55,0,9,39,4.2,167,17,2774,20,123,71,10500
2025-07-07,argo,com.beyondeye.reduks,KovenantStoreTest,the_store_should_not_notify_unsubscribed_objects,1,4,0.0,5,0.8333,0,0,3,0,13,0,1,0,0.0,0,0,2,6,0.0,1,2.142857142857143,0,2,0.0,0,0.0,1.0,84,74,0.0,5,0,0,0,0,0,3,0,0,0,0,0,0,0,0,0,5,0.0,5,1.0,5,0,0,0,5,0,0,5,2,1,0,0,0,0,0,5,5,25,420,388,55,0,9,39,4.2,167,17,2774,20,123,71,10500
2025-07-07,argo,com.beyondeye.reduks,KovenantStoreTest,store_should_pass_the_current_state_to_subscribers,5,3,0.0,4,0.75,0,0,3,0,14,1,5,0,0.0,0,0,2,10,0.0,1,2.2,0,2,0.0,0,0.0,1.0,84,74,0.0,5,0,0,0,0,0,3,0,0,0,0,0,0,0,0,0,5,0.0,5,1.0,5,0,0,0,5,0,0,5,2,1,0,0,0,0,0,5,5,25,420,388,55,0,9,39,4.2,167,17,2774,20,123,71,10500
2025-07-07,argo,com.beyondeye.reduks.middlewares,KovenantAsyncActionMiddlewareTest,test_an_async_action_for_a_very_difficult_and_computation_heavy_operation,3,3,0.0,5,0.6,0,0,4,0,21,1,3,0,1.0,0,2,2,12,0.67,2,2.3636363636363638,0,2,0.0,0,1.0,1.0,108,82,0.0,4,4,0,0,4,0,2,0,0,0,4,4,0,0,0,0,12,0.0,12,3.0,4,0,4,0,4,0,0,4,1,1,0,0,0,0,0,4,4,25,420,388,17,0,6,48,3.0,65,0,2559,20,123,59,10500
2025-07-07,argo,com.beyondeye.reduks.middlewares,KovenantAsyncActionMiddlewareTest,test_two_async_actions_with_different_payload_type,4,4,0.0,5,0.6,0,0,4,0,26,1,4,0,1.0,0,3,2,12,0.75,2,2.357142857142857,0,2,0.0,0,1.0,1.0,108,82,0.0,4,4,0,0,4,0,2,0,0,0,4,4,0,0,0,0,12,0.0,12,3.0,4,0,4,0,4,0,0,4,1,1,0,0,0,0,0,4,4,25,420,388,17,0,6,48,3.0,65,0,2559,20,123,59,10500
2025-07-07,argo,com.beyondeye.reduks.middlewares,KovenantAsyncActionMiddlewareTest,test_an_async_action_for_a_very_difficult_and_computation_heavy_operation_that_fails,3,3,0.0,5,0.6,0,0,4,0,20,1,3,0,1.0,0,3,1,12,1.0,2,2.4,0,1,0.0,0,1.0,1.0,108,82,0.0,4,4,0,0,4,0,2,0,0,0,4,4,0,0,0,0,12,0.0,12,3.0,4,0,4,0,4,0,0,4,1,1,0,0,0,0,0,4,4,25,420,388,17,0,6,48,3.0,65,0,2559,20,123,59,10500
2025-07-07,argo,com.beyondeye.reduks.middlewares,KovenantAsyncActionMiddlewareTest,test_that_normal_actions_pass_through_the_middleware,2,1,0.0,4,0.5,0,0,4,0,15,1,2,0,1.0,0,1,1,12,1.0,2,2.5,0,1,0.0,0,1.0,1.0,108,82,0.0,4,4,0,0,4,0,2,0,0,0,4,4,0,0,0,0,12,0.0,12,3.0,4,0,4,0,4,0,0,4,1,1,0,0,0,0,0,4,4,25,420,388,17,0,6,48,3.0,65,0,2559,20,123,59,10500
2025-07-07,argo,com.beyondeye.reduks.middlewares,KovenantStoreMiddlewareTest,actions_should_be_run_through_a_stores_middleware,1,4,0.0,4,0.75,0,0,3,0,13,0,1,0,0.0,0,0,2,7,0.0,1,2.25,0,2,0.0,0,0.0,1.0,115,106,0.0,4,0,0,0,0,0,3,0,0,0,0,0,0,0,0,0,6,0.0,6,1.5,4,0,0,0,4,0,0,4,0,1,0,0,0,0,0,4,4,25,420,388,17,0,9,53,4.25,65,0,2559,20,123,59,10500
2025-07-07,argo,com.beyondeye.reduks.middlewares,KovenantStoreMiddlewareTest,actions_should_pass_through_the_middleware_chain_in_the_correct_order,5,6,0.0,6,0.8571,0,0,3,0,28,1,5,0,0.0,0,0,2,13,0.0,1,2.111111111111111,0,2,0.0,0,0.0,1.0,115,106,0.0,4,0,0,0,0,0,3,0,0,0,0,0,0,0,0,0,6,0.0,6,1.5,4,0,0,0,4,0,0,4,0,1,0,0,0,0,0,4,4,25,420,388,17,0,9,53,4.25,65,0,2559,20,123,59,10500
2025-07-07,argo,com.beyondeye.reduks.middlewares,KovenantStoreMiddlewareTest,async_middleware_should_be_able_to_dispatch_followup_actions_that_travel_through_the_remaining_middleware,9,7,0.0,8,0.8889,0,0,3,0,42,1,9,0,0.0,0,0,3,24,0.0,1,2.176470588235294,0,3,0.0,0,0.0,1.0,115,106,0.0,4,0,0,0,0,0,3,0,0,0,0,0,0,0,0,0,6,0.0,6,1.5,4,0,0,0,4,0,0,4,0,1,0,0,0,0,0,4,4,25,420,388,17,0,9,53,4.25,65,0,2559,20,123,59,10500
2025-07-07,argo,com.beyondeye.reduks.middlewares,KovenantStoreMiddlewareTest,async_actions_should_be_able_to_send_new_actions_through_the_entire_chain,2,6,0.0,5,0.8333,0,0,3,0,23,1,2,0,0.0,0,0,2,9,0.0,1,2.0,0,2,0.0,0,0.0,1.0,115,106,0.0,4,0,0,0,0,0,3,0,0,0,0,0,0,0,0,0,6,0.0,6,1.5,4,0,0,0,4,0,0,4,0,1,0,0,0,0,0,4,4,25,420,388,17,0,9,53,4.25,65,0,2559,20,123,59,10500
2025-07-07,argo,com.beyondeye.reduks.middlewares,ThunkMiddlewareTest,testSimpleMathFunctionThunk,1,1,0.0,3,0.6667,0,0,6,0,8,0,1,0,1.0,0,1,2,9,1.0,1,3.2,0,2,0.0,0,0.0,0.6666666666666666,56,30,0.3333333333333333,3,2,0,0,2,1,2,0,0,0,2,2,0,0,0,0,4,0.6666666666666667,4,1.3333333333333333,3,0,2,0,3,0,0,3,0,1,0,0,0,0,0,3,3,25,420,388,17,0,4,24,1.3333333333333333,65,0,2559,20,123,59,10500
2025-07-07,argo,com.beyondeye.reduks.middlewares,ThunkMiddlewareTest,fetchSecretSauce,1,0,0.0,0,0.0,0,0,6,0,3,0,1,0,0.0,0,0,0,1,0.0,0,0.0,1,0,0.0,0,0.0,0.6666666666666666,56,30,0.3333333333333333,3,2,0,0,2,1,2,0,0,0,2,2,0,0,0,0,4,0.6666666666666667,4,1.3333333333333333,3,0,2,0,3,0,0,3,0,1,0,0,0,0,0,3,3,25,420,388,17,0,4,24,1.3333333333333333,65,0,2559,20,123,59,10500
2025-07-07,argo,com.beyondeye.reduks.middlewares,ThunkMiddlewareTest,testAsyncActionsThunk,2,6,1.0,7,0.8571,0,0,6,0,19,1,2,1,1.0,1,1,2,14,0.2,1,2.727272727272727,0,2,0.0,0,0.0,0.6666666666666666,56,30,0.3333333333333333,3,2,0,0,2,1,2,0,0,0,2,2,0,0,0,0,4,0.6666666666666667,4,1.3333333333333333,3,0,2,0,3,0,0,3,0,1,0,0,0,0,0,3,3,25,420,388,17,0,4,24,1.3333333333333333,65,0,2559,20,123,59,10500
2025-07-07,argo,com.beyondeye.reduks.logger,ReduksLogger,getLogAsString,1,0,0.0,0,0.0,0,1,1,0,1,0,1,0,1.0,1,1,0,1,1.0,1,2.0,0,0,0.0,0,0.26666666666666666,0.6666666666666666,123,101,0.4,5,5,1,1,1,8,4,1,4,0,1,4,0,0,1,0,18,0.7333333333333334,18,3.0,6,1,5,0,2,4,0,2,0,1,0,0,1,0,1,6,7,25,420,388,4,0,4,70,6.666666666666667,13,0,421,20,123,6,10500
2025-07-07,argo,com.beyondeye.reduks.logger,ReduksLogger,dispatch,9,4,1.0,11,0.6364,0,1,1,0,24,3,9,1,0.21428571428571427,1,1,3,23,0.17,1,2.142857142857143,3,1,0.0,0,0.26666666666666666,0.6666666666666666,123,101,0.4,5,5,1,1,1,8,4,1,4,0,1,4,0,0,1,0,18,0.7333333333333334,18,3.0,6,1,5,0,2,4,0,2,0,1,0,0,1,0,1,6,7,25,420,388,4,0,4,70,6.666666666666667,13,0,421,20,123,6,10500
2025-07-07,argo,com.beyondeye.reduks.logger,ReduksLogger,printBuffer,22,16,3.0,19,0.7895,0,1,1,0,53,2,22,4,0.75,3,1,1,32,0.07,2,2.1538461538461537,1,1,0.0,0,0.26666666666666666,0.6666666666666666,123,101,0.4,5,5,1,1,1,8,4,1,4,0,1,4,0,0,1,0,18,0.7333333333333334,18,3.0,6,1,5,0,2,4,0,2,0,1,0,0,1,0,1,6,7,25,420,388,4,0,4,70,6.666666666666667,13,0,421,20,123,6,10500
2025-07-07,argo,com.beyondeye.reduks.logger,ReduksLogger,actionToJson,1,0,0.0,1,1.0,0,1,1,0,3,0,1,0,0.5,0,1,0,1,1.0,1,2.0,1,0,0.0,0,0.26666666666666666,0.6666666666666666,123,101,0.4,5,5,1,1,1,8,4,1,4,0,1,4,0,0,1,0,18,0.7333333333333334,18,3.0,6,1,5,0,2,4,0,2,0,1,0,0,1,0,1,6,7,25,420,388,4,0,4,70,6.666666666666667,13,0,421,20,123,6,10500
2025-07-07,argo,com.beyondeye.reduks.logger,ReduksLogger,stateToJson,2,0,0.0,1,1.0,0,1,1,0,4,1,2,0,0.5,0,2,0,3,2.0,0,2.0,1,0,0.0,0,0.26666666666666666,0.6666666666666666,123,101,0.4,5,5,1,1,1,8,4,1,4,0,1,4,0,0,1,0,18,0.7333333333333334,18,3.0,6,1,5,0,2,4,0,2,0,1,0,0,1,0,1,6,7,25,420,388,4,0,4,70,6.666666666666667,13,0,421,20,123,6,10500
2025-07-07,argo,com.beyondeye.reduks.logger,ReduksLogger,nano2ms,5,0,0.0,8,0.7778,0,1,1,0,17,1,5,0,0.5,0,0,0,10,0.0,1,2.0,0,0,0.0,0,0.26666666666666666,0.6666666666666666,123,101,0.4,5,5,1,1,1,8,4,1,4,0,1,4,0,0,1,0,18,0.7333333333333334,18,3.0,6,1,5,0,2,4,0,2,0,1,0,0,1,0,1,6,7,25,420,388,4,1,4,70,6.666666666666667,13,0,421,20,123,6,10500
2025-07-07,argo,com.beyondeye.reduks.logger.logformatter,LogFormatter,resetSettings,1,0,0.0,0,0.0,0,3,1,0,3,0,1,0,1.0,1,1,0,1,1.0,1,2.0,0,0,0.0,0,1.0,0.2222222222222222,53,23,0.3333333333333333,7,2,0,0,1,4,1,0,1,0,1,2,0,0,0,0,10,0.8333333333333334,10,1.1111111111111112,9,0,2,0,9,0,0,9,0,1,0,0,0,0,0,9,9,25,420,388,2,0,0,14,1.1111111111111112,7,0,119,20,123,11,10500
2025-07-07,argo,com.beyondeye.reduks.logger.logformatter,LogFormatter,setLocalMethodCount,1,0,0.0,1,1.0,0,3,1,0,3,0,1,0,0.5,0,1,0,1,1.0,1,2.0,1,0,0.0,0,1.0,0.2222222222222222,53,23,0.3333333333333333,7,2,0,0,1,4,1,0,1,0,1,2,0,0,0,0,10,0.8333333333333334,10,1.1111111111111112,9,0,2,0,9,0,0,9,0,1,0,0,0,0,0,9,9,25,420,388,2,0,0,14,1.1111111111111112,7,0,119,20,123,11,10500
2025-07-07,argo,com.beyondeye.reduks.logger.logformatter,LogFormatter,group,1,0,1.0,2,0.5,0,3,1,0,5,0,1,1,0.5,1,1,0,3,0.33,1,2.0,3,0,0.0,0,1.0,0.2222222222222222,53,23,0.3333333333333333,7,2,0,0,1,4,1,0,1,0,1,2,0,0,0,0,10,0.8333333333333334,10,1.1111111111111112,9,0,2,0,9,0,0,9,0,1,0,0,0,0,0,9,9,25,420,388,2,0,0,14,1.1111111111111112,7,0,119,20,123,11,10500
2025-07-07,argo,com.beyondeye.reduks.logger.logformatter,LogFormatter,groupCollapsed,1,0,1.0,2,0.5,0,3,1,0,5,0,1,1,0.5,1,1,0,3,0.33,1,2.0,3,0,0.0,0,1.0,0.2222222222222222,53,23,0.3333333333333333,7,2,0,0,1,4,1,0,1,0,1,2,0,0,0,0,10,0.8333333333333334,10,1.1111111111111112,9,0,2,0,9,0,0,9,0,1,0,0,0,0,0,9,9,25,420,388,2,0,0,14,1.1111111111111112,7,0,119,20,123,11,10500
2025-07-07,argo,com.beyondeye.reduks.logger.logformatter,LogFormatter,groupEnd,1,0,0.0,0,0.0,0,3,1,0,3,0,1,0,1.0,1,1,0,1,1.0,1,2.0,0,0,0.0,0,1.0,0.2222222222222222,53,23,0.3333333333333333,7,2,0,0,1,4,1,0,1,0,1,2,0,0,0,0,10,0.8333333333333334,10,1.1111111111111112,9,0,2,0,9,0,0,9,0,1,0,0,0,0,0,9,9,25,420,388,2,0,0,14,1.1111111111111112,7,0,119,20,123,11,10500
2025-07-07,argo,com.beyondeye.reduks.logger.logformatter,LogFormatter,log,1,1,0.0,1,1.0,0,3,1,0,4,0,1,1,0.3333333333333333,1,1,0,2,0.2,1,2.0,4,0,0.0,0,1.0,0.2222222222222222,53,23,0.3333333333333333,7,2,0,0,1,4,1,0,1,0,1,2,0,0,0,0,10,0.8333333333333334,10,1.1111111111111112,9,0,2,0,9,0,0,9,0,1,0,0,0,0,0,9,9,25,420,388,2,0,0,14,1.1111111111111112,7,0,119,20,123,11,10500
2025-07-07,argo,com.beyondeye.reduks.logger.logformatter,LogFormatter,json,1,0,0.0,0,0.0,0,3,1,0,3,0,1,2,0.2,1,1,0,1,0.25,1,2.0,4,0,0.0,0,1.0,0.2222222222222222,53,23,0.3333333333333333,7,2,0,0,1,4,1,0,1,0,1,2,0,0,0,0,10,0.8333333333333334,10,1.1111111111111112,9,0,2,0,9,0,0,9,0,1,0,0,0,0,0,9,9,25,420,388,2,0,0,14,1.1111111111111112,7,0,119,20,123,11,10500
2025-07-07,argo,com.beyondeye.reduks.logger.logformatter,LogFormatter,getPrettyPrintedJson,1,0,0.0,0,0.0,0,3,1,0,3,0,1,1,0.3333333333333333,1,1,0,1,0.5,1,2.0,2,0,0.0,0,1.0,0.2222222222222222,53,23,0.3333333333333333,7,2,0,0,1,4,1,0,1,0,1,2,0,0,0,0,10,0.8333333333333334,10,1.1111111111111112,9,0,2,0,9,0,0,9,0,1,0,0,0,0,0,9,9,25,420,388,2,0,0,14,1.1111111111111112,7,0,119,20,123,11,10500
2025-07-07,argo,com.beyondeye.reduks.logger.logformatter,LogFormatter,getLogAsString,2,1,0.0,0,0.0,0,3,1,0,5,1,2,2,1.0,0,2,0,1,2.0,0,2.5,0,0,0.0,0,1.0,0.2222222222222222,53,23,0.3333333333333333,7,2,0,0,1,4,1,0,1,0,1,2,0,0,0,0,10,0.8333333333333334,10,1.1111111111111112,9,0,2,0,9,0,0,9,0,1,0,0,0,0,0,9,9,25,420,388,2,0,0,14,1.1111111111111112,7,0,119,20,123,11,10500
2025-07-07,argo,com.beyondeye.reduks.logger.logformatter,LogFormatterSettings,getLogAdapter,4,0,0.0,0,0.0,0,1,1,0,6,1,4,0,1.0,0,1,0,2,1.0,0,0.0,0,0,0.0,0,0.0,1.0,21,10,0.0,1,1,0,0,0,1,0,0,0,0,1,0,0,0,1,0,3,1.0,3,1.5,2,0,1,0,2,0,0,2,0,1,0,0,0,0,0,2,2,25,420,388,2,0,0,2,2.5,7,0,119,20,123,11,10500
2025-07-07,argo,com.beyondeye.reduks.logger.logformatter,LogFormatterSettings,reset,1,0,0.0,0,0.0,0,1,1,0,10,0,1,0,0.0,0,0,0,0,0.0,0,0.0,0,0,0.0,0,0.0,1.0,21,10,0.0,1,1,0,0,0,1,0,0,0,0,1,0,0,0,1,0,3,1.0,3,1.5,2,0,1,0,2,0,0,2,0,1,0,0,0,0,0,2,2,25,420,388,2,0,0,2,2.5,7,0,119,20,123,11,10500
2025-07-07,argo,com.beyondeye.reduks.activity,RxReduksActivity,onCreate,2,0,1.0,0,0.0,0,2,1,0,7,1,2,2,0.8,3,3,3,3,3.0,1,2.3333333333333335,1,0,0.0,0,0.19444444444444445,0.2222222222222222,47,26,0.0,8,3,7,4,1,6,2,0,0,0,1,0,0,0,3,0,9,0.9642857142857143,9,1.125,9,7,3,0,9,0,0,9,3,0,0,1,0,0,0,9,8,25,420,388,3,0,5,8,1.125,21,0,194,20,123,23,10500
2025-07-07,argo,com.beyondeye.reduks.activity,RxReduksActivity,storeCreator,1,0,0.0,1,1.0,0,2,1,0,1,0,1,0,1.0,0,1,0,1,1.0,1,2.0,0,0,0.0,0,0.19444444444444445,0.2222222222222222,47,26,0.0,8,3,7,4,1,6,2,0,0,0,1,0,0,0,3,0,9,0.9642857142857143,9,1.125,9,7,3,0,9,0,0,9,3,0,0,1,0,0,0,9,8,25,420,388,3,0,5,8,1.125,21,0,194,20,123,23,10500
2025-07-07,argo,com.beyondeye.reduks.activity,RxReduksActivity,onStop,1,0,0.0,0,0.0,0,2,1,0,3,0,1,0,0.0,1,0,0,0,0.0,1,2.0,0,0,0.0,0,0.19444444444444445,0.2222222222222222,47,26,0.0,8,3,7,4,1,6,2,0,0,0,1,0,0,0,3,0,9,0.9642857142857143,9,1.125,9,7,3,0,9,0,0,9,3,0,0,1,0,0,0,9,8,25,420,388,3,0,5,8,1.125,21,0,194,20,123,23,10500
2025-07-07,argo,com.beyondeye.reduks.activity,RxReduksActivity,onStart,1,0,0.0,0,0.0,0,2,1,0,3,0,1,0,0.0,1,0,0,0,0.0,1,2.0,0,0,0.0,0,0.19444444444444445,0.2222222222222222,47,26,0.0,8,3,7,4,1,6,2,0,0,0,1,0,0,0,3,0,9,0.9642857142857143,9,1.125,9,7,3,0,9,0,0,9,3,0,0,1,0,0,0,9,8,25,420,388,3,0,5,8,1.125,21,0,194,20,123,23,10500
2025-07-07,argo,com.beyondeye.reduks.activity,RxReduksActivity,onDestroy,1,0,0.0,1,1.0,0,2,1,0,4,0,1,0,1.0,1,1,0,1,1.0,1,2.0,0,0,0.0,0,0.19444444444444445,0.2222222222222222,47,26,0.0,8,3,7,4,1,6,2,0,0,0,1,0,0,0,3,0,9,0.9642857142857143,9,1.125,9,7,3,0,9,0,0,9,3,0,0,1,0,0,0,9,8,25,420,388,3,0,5,8,1.125,21,0,194,20,123,23,10500
2025-07-07,argo,com.beyondeye.reduks.activity,RxReduksActivity,getActivityStoreSubscriber,1,0,0.0,0,0.0,0,2,1,0,4,0,1,1,0.5,1,1,0,1,1.0,0,0.0,1,0,0.0,0,0.19444444444444445,0.2222222222222222,47,26,0.0,8,3,7,4,1,6,2,0,0,0,1,0,0,0,3,0,9,0.9642857142857143,9,1.125,9,7,3,0,9,0,0,9,3,0,0,1,0,0,0,9,8,25,420,388,3,0,5,8,1.125,21,0,194,20,123,23,10500
2025-07-07,argo,com.beyondeye.reduks.activity,RxReduksActivity,getActivityRxStoreSubscriber,0,0,0.0,0,0.0,0,2,1,0,0,0,0,0,0.0,0,0,0,0,0.0,0,0.0,1,0,0.0,0,0.19444444444444445,0.2222222222222222,47,26,0.0,8,3,7,4,1,6,2,0,0,0,1,0,0,0,3,0,9,0.9642857142857143,9,1.125,9,7,3,0,9,0,0,9,3,0,0,1,0,0,0,9,8,25,420,388,3,0,5,8,1.125,21,0,194,20,123,23,10500
2025-07-07,argo,com.beyondeye.reduks.activity,RxReduksActivity,onSaveInstanceState,1,0,0.0,1,1.0,0,2,1,0,4,0,1,0,0.3333333333333333,1,1,1,1,1.0,1,2.0,1,1,0.0,0,0.19444444444444445,0.2222222222222222,47,26,0.0,8,3,7,4,1,6,2,0,0,0,1,0,0,0,3,0,9,0.9642857142857143,9,1.125,9,7,3,0,9,0,0,9,3,0,0,1,0,0,0,9,8,25,420,388,3,0,5,8,1.125,21,0,194,20,123,23,10500
2025-07-07,argo,com.beyondeye.reduks.activity,RxReduksActivity,onRestoreInstanceState,1,0,0.0,1,1.0,0,2,1,0,4,0,1,0,0.3333333333333333,1,1,1,1,1.0,1,2.0,1,1,0.0,0,0.19444444444444445,0.2222222222222222,47,26,0.0,8,3,7,4,1,6,2,0,0,0,1,0,0,0,3,0,9,0.9642857142857143,9,1.125,9,7,3,0,9,0,0,9,3,0,0,1,0,0,0,9,8,25,420,388,3,0,5,8,1.125,21,0,194,20,123,23,10500
2025-07-07,argo,com.beyondeye.reduks.rx,RxStore,replaceReducer,1,0,0.0,0,0.0,0,0,2,0,4,0,1,0,0.3333333333333333,0,1,1,1,1.0,0,2.0,1,0,0.0,0,0.0,0.6666666666666666,38,11,0.3333333333333333,3,4,2,1,1,6,1,0,1,0,1,2,0,0,2,0,4,1.0,4,1.3333333333333333,3,2,4,0,3,0,0,3,0,1,0,0,0,0,0,4,4,25,420,388,3,0,1,4,1.3333333333333333,8,0,123,20,123,8,10500
2025-07-07,argo,com.beyondeye.reduks.rx,RxStore,subscribeRx,1,0,0.0,0,0.0,0,0,2,0,3,0,1,1,0.0,0,0,0,1,0.0,0,0.0,2,0,0.0,0,0.0,0.6666666666666666,38,11,0.3333333333333333,3,4,2,1,1,6,1,0,1,0,1,2,0,0,2,0,4,1.0,4,1.3333333333333333,3,2,4,0,3,0,0,3,0,1,0,0,0,0,0,4,4,25,420,388,3,0,1,4,1.3333333333333333,8,0,123,20,123,8,10500
2025-07-07,argo,com.beyondeye.reduks.rx,RxStore,subscribe,2,0,1.0,0,0.0,0,0,2,0,4,1,2,3,0.0,1,0,0,2,0.0,0,0.0,1,0,0.0,0,0.0,0.6666666666666666,38,11,0.3333333333333333,3,4,2,1,1,6,1,0,1,0,1,2,0,0,2,0,4,1.0,4,1.3333333333333333,3,2,4,0,3,0,0,3,0,1,0,0,0,0,0,4,4,25,420,388,3,0,1,4,1.3333333333333333,8,0,123,20,123,8,10500
2025-07-07,argo,com.beyondeye.reduks.rx,RxStoreSubscriber,onNext,1,0,0.0,0,0.0,0,0,1,0,3,0,1,0,0.0,0,0,1,1,0.0,0,0.0,1,1,0.0,0,0.0,0.3333333333333333,11,6,0.0,3,0,3,1,0,2,2,0,0,0,0,0,0,0,0,0,2,1.0,3,1.0,3,3,0,0,3,0,0,3,0,0,0,0,0,0,0,3,3,25,420,388,3,0,2,3,1.0,8,0,123,20,123,8,10500
2025-07-07,argo,com.beyondeye.reduks.rx,RxStoreSubscriber,onCompleted,0,0,0.0,0,0.0,0,0,1,0,0,0,0,0,0.0,0,0,0,0,0.0,0,0.0,0,0,0.0,0,0.0,0.3333333333333333,11,6,0.0,3,0,3,1,0,2,2,0,0,0,0,0,0,0,0,0,2,1.0,3,1.0,3,3,0,0,3,0,0,3,0,0,0,0,0,0,0,3,3,25,420,388,3,0,2,3,1.0,8,0,123,20,123,8,10500
2025-07-07,argo,com.beyondeye.reduks.rx,RxStoreSubscriber,onError,1,0,0.0,1,1.0,0,0,1,0,3,0,1,0,0.0,0,0,1,2,0.0,0,2.0,1,1,0.0,0,0.0,0.3333333333333333,11,6,0.0,3,0,3,1,0,2,2,0,0,0,0,0,0,0,0,0,2,1.0,3,1.0,3,3,0,0,3,0,0,3,0,0,0,0,0,0,0,3,3,25,420,388,3,0,2,3,1.0,8,0,123,20,123,8,10500
2025-07-07,argo,com.beyondeye.reduks.rx,RxStoreSubscription,storeChangesSubscribed,1,0,0.0,1,1.0,0,0,1,0,1,0,1,0,1.0,0,1,0,1,1.0,1,2.0,0,0,0.0,0,1.0,0.5,16,6,0.0,2,1,1,1,1,0,2,0,0,0,1,0,0,0,1,0,3,1.0,3,1.5,2,1,1,0,2,0,0,2,0,1,0,0,0,0,0,2,2,25,420,388,3,0,1,5,1.5,8,0,123,20,123,8,10500
2025-07-07,argo,com.beyondeye.reduks.rx,RxStoreSubscription,unsubscribe,2,0,0.0,2,1.0,0,0,1,0,5,1,2,0,1.0,1,1,1,4,1.0,1,2.3333333333333335,0,1,0.0,0,1.0,0.5,16,6,0.0,2,1,1,1,1,0,2,0,0,0,1,0,0,0,1,0,3,1.0,3,1.5,2,1,1,0,2,0,0,2,0,1,0,0,0,0,0,2,2,25,420,388,3,0,1,5,1.5,8,0,123,20,123,8,10500
2025-07-07,argo,com.beyondeye.reduks,RxStoreTest,when_an_action_is_fired_the_corresponding_reducer_should_be_called_and_update_the_state_of_the_application,5,2,0.0,3,1.0,0,0,3,0,9,1,5,0,0.0,0,0,2,7,0.0,1,2.6666666666666665,0,2,0.0,0,0.0,1.0,56,47,0.0,4,0,0,0,0,0,3,0,0,0,0,0,0,0,0,0,4,0.0,4,1.0,4,0,0,0,4,0,0,4,2,1,0,0,0,0,0,4,4,25,420,388,55,0,9,33,4.0,167,17,2774,20,123,71,10500
2025-07-07,argo,com.beyondeye.reduks,RxStoreTest,when_two_reducers_are_combined_and_a_series_of_actions_are_fired_the_correct_reducer_should_be_called,9,5,0.0,3,1.0,0,0,3,0,17,2,9,0,0.0,0,0,2,8,0.0,1,2.6666666666666665,0,2,0.0,0,0.0,1.0,56,47,0.0,4,0,0,0,0,0,3,0,0,0,0,0,0,0,0,0,4,0.0,4,1.0,4,0,0,0,4,0,0,4,2,1,0,0,0,0,0,4,4,25,420,388,55,0,9,33,4.0,167,17,2774,20,123,71,10500
2025-07-07,argo,com.beyondeye.reduks,RxStoreTest,subscribers_should_be_notified_when_the_state_changes,1,3,0.0,4,0.8333,0,0,3,0,10,0,1,0,0.0,0,0,2,8,0.0,1,2.5714285714285716,0,2,0.0,0,0.0,1.0,56,47,0.0,4,0,0,0,0,0,3,0,0,0,0,0,0,0,0,0,4,0.0,4,1.0,4,0,0,0,4,0,0,4,2,1,0,0,0,0,0,4,4,25,420,388,55,0,9,33,4.0,167,17,2774,20,123,71,10500
2025-07-07,argo,com.beyondeye.reduks,RxStoreTest,the_store_should_not_notify_unsubscribed_objects,1,4,0.0,5,0.875,0,0,3,0,11,0,1,0,0.0,0,0,3,10,0.0,1,2.5,0,3,0.0,0,0.0,1.0,56,47,0.0,4,0,0,0,0,0,3,0,0,0,0,0,0,0,0,0,4,0.0,4,1.0,4,0,0,0,4,0,0,4,2,1,0,0,0,0,0,4,4,25,420,388,55,0,9,33,4.0,167,17,2774,20,123,71,10500
2025-07-07,argo,com.beyondeye.reduks.middlewares,MiddlewareRxTest,actions_should_be_run_through_a_stores_middleware,1,4,0.0,4,0.75,0,0,3,0,14,0,1,0,0.0,0,0,2,7,0.0,1,2.25,0,2,0.0,0,0.0,1.0,114,105,0.0,4,0,0,0,0,0,3,0,0,0,0,0,0,0,0,0,8,0.0,8,2.0,4,0,0,0,4,0,0,4,0,1,0,0,0,0,0,4,4,25,420,388,17,0,9,53,5.25,65,0,2559,20,123,59,10500
2025-07-07,argo,com.beyondeye.reduks.middlewares,MiddlewareRxTest,actions_should_pass_through_the_middleware_chain_in_the_correct_order,5,8,0.0,6,0.8571,0,0,3,0,27,1,5,0,0.0,0,0,2,12,0.0,1,2.111111111111111,0,2,0.0,0,0.0,1.0,114,105,0.0,4,0,0,0,0,0,3,0,0,0,0,0,0,0,0,0,8,0.0,8,2.0,4,0,0,0,4,0,0,4,0,1,0,0,0,0,0,4,4,25,420,388,17,0,9,53,5.25,65,0,2559,20,123,59,10500
2025-07-07,argo,com.beyondeye.reduks.middlewares,MiddlewareRxTest,async_middleware_should_be_able_to_dispatch_followup_actions_that_travel_through_the_remaining_middleware,11,7,0.0,8,0.9,0,0,3,0,38,1,11,0,0.0,0,0,3,23,0.0,1,2.25,0,3,0.0,0,0.0,1.0,114,105,0.0,4,0,0,0,0,0,3,0,0,0,0,0,0,0,0,0,8,0.0,8,2.0,4,0,0,0,4,0,0,4,0,1,0,0,0,0,0,4,4,25,420,388,17,0,9,53,5.25,65,0,2559,20,123,59,10500
2025-07-07,argo,com.beyondeye.reduks.middlewares,MiddlewareRxTest,async_actions_should_be_able_to_send_new_actions_through_the_entire_chain,4,7,0.0,5,0.8333,0,0,3,0,26,2,4,0,0.0,0,0,2,11,0.0,1,2.0,0,2,0.0,0,0.0,1.0,114,105,0.0,4,0,0,0,0,0,3,0,0,0,0,0,0,0,0,0,8,0.0,8,2.0,4,0,0,0,4,0,0,4,0,1,0,0,0,0,0,4,4,25,420,388,17,0,9,53,5.25,65,0,2559,20,123,59,10500
2025-07-07,argo,com.beyondeye.reduks.middlewares.saga,SagaData,sagaProcessorJob,1,0,0.0,0,0.0,0,2,1,0,1,0,1,0,0.0,0,0,0,0,0.0,0,0.0,0,0,0.0,0,0.0,0.5,11,4,0.0,4,0,0,0,0,2,0,0,0,0,0,0,0,0,0,0,6,0.5,6,1.5,4,0,0,0,4,0,0,4,0,1,0,0,0,0,0,4,4,25,420,388,16,0,0,3,2.0,61,2,993,20,123,20,10500
2025-07-07,argo,com.beyondeye.reduks.middlewares.saga,SagaData,isCancelled,3,0,0.0,0,0.0,0,2,1,0,1,1,3,0,0.0,0,0,0,1,0.0,0,2.0,0,0,0.0,0,0.0,0.5,11,4,0.0,4,0,0,0,0,2,0,0,0,0,0,0,0,0,0,0,6,0.5,6,1.5,4,0,0,0,4,0,0,4,0,1,0,0,0,0,0,4,4,25,420,388,16,0,0,3,2.0,61,2,993,20,123,20,10500
2025-07-07,argo,com.beyondeye.reduks.middlewares.saga,SagaData,isCompleted,3,0,0.0,0,0.0,0,2,1,0,1,1,3,0,0.0,0,0,0,1,0.0,0,2.0,0,0,0.0,0,0.0,0.5,11,4,0.0,4,0,0,0,0,2,0,0,0,0,0,0,0,0,0,0,6,0.5,6,1.5,4,0,0,0,4,0,0,4,0,1,0,0,0,0,0,4,4,25,420,388,16,0,0,3,2.0,61,2,993,20,123,20,10500
2025-07-07,argo,com.beyondeye.reduks.middlewares.saga,SagaData,await,1,0,0.0,0,0.0,0,2,1,0,3,0,1,0,0.0,1,0,0,1,0.0,1,2.0,0,0,0.0,0,0.0,0.5,11,4,0.0,4,0,0,0,0,2,0,0,0,0,0,0,0,0,0,0,6,0.5,6,1.5,4,0,0,0,4,0,0,4,0,1,0,0,0,0,0,4,4,25,420,388,16,0,0,3,2.0,61,2,993,20,123,20,10500
2025-07-07,argo,com.beyondeye.reduks.middlewares.saga,SagaMiddleWare,dispatch,1,1,0.0,1,1.0,0,4,1,0,5,0,1,0,0.4,0,2,0,3,0.5,0,2.0,3,0,0.0,0,0.4,0.875,194,130,0.5,12,6,1,1,0,17,9,0,5,0,1,5,0,0,1,0,27,0.7833333333333333,27,1.6875,16,1,6,0,7,7,0,7,0,1,0,0,0,0,0,16,16,25,420,388,16,0,11,69,2.4375,61,2,993,20,123,20,10500
2025-07-07,argo,com.beyondeye.reduks.middlewares.saga,SagaMiddleWare,isCompleted,2,1,0.0,0,0.0,0,4,1,0,5,1,2,0,0.5,1,1,0,2,0.5,1,2.0,1,0,0.0,0,0.4,0.875,194,130,0.5,12,6,1,1,0,17,9,0,5,0,1,5,0,0,1,0,27,0.7833333333333333,27,1.6875,16,1,6,0,7,7,0,7,0,1,0,0,0,0,0,16,16,25,420,388,16,0,11,69,2.4375,61,2,993,20,123,20,10500
2025-07-07,argo,com.beyondeye.reduks.middlewares.saga,SagaMiddleWare,isCancelled,2,1,0.0,0,0.0,0,4,1,0,5,1,2,0,0.5,1,1,0,2,0.5,1,2.0,1,0,0.0,0,0.4,0.875,194,130,0.5,12,6,1,1,0,17,9,0,5,0,1,5,0,0,1,0,27,0.7833333333333333,27,1.6875,16,1,6,0,7,7,0,7,0,1,0,0,0,0,0,16,16,25,420,388,16,0,11,69,2.4375,61,2,993,20,123,20,10500
2025-07-07,argo,com.beyondeye.reduks.middlewares.saga,SagaMiddleWare,runSaga,2,0,2.0,2,1.0,0,4,1,0,4,0,2,2,0.2,3,1,1,3,0.5,0,2.0,2,1,0.0,0,0.4,0.875,194,130,0.5,12,6,1,1,0,17,9,0,5,0,1,5,0,0,1,0,27,0.7833333333333333,27,1.6875,16,1,6,0,7,7,0,7,0,1,0,0,0,0,0,16,16,25,420,388,16,0,11,69,2.4375,61,2,993,20,123,20,10500
2025-07-07,argo,com.beyondeye.reduks.middlewares.saga,SagaMiddleWare,replaceSaga,2,0,3.0,2,1.0,0,4,1,0,6,1,2,2,0.16666666666666666,2,1,1,2,0.5,1,2.0,2,1,0.0,0,0.4,0.875,194,130,0.5,12,6,1,1,0,17,9,0,5,0,1,5,0,0,1,0,27,0.7833333333333333,27,1.6875,16,1,6,0,7,7,0,7,0,1,0,0,0,0,0,16,16,25,420,388,16,0,11,69,2.4375,61,2,993,20,123,20,10500
2025-07-07,argo,com.beyondeye.reduks.middlewares.saga,SagaMiddleWare,_runSaga,17,11,3.0,12,0.9167,0,4,1,0,61,2,17,5,0.18181818181818182,3,2,2,27,0.18,1,2.04,4,2,0.0,0,0.4,0.875,194,130,0.5,12,6,1,1,0,17,9,0,5,0,1,5,0,0,1,0,27,0.7833333333333333,27,1.6875,16,1,6,0,7,7,0,7,0,1,0,0,0,0,0,16,16,25,420,388,16,0,11,69,2.4375,61,2,993,20,123,20,10500
2025-07-07,argo,com.beyondeye.reduks.middlewares.saga,SagaMiddleWare,sagaProcessorJob,1,0,0.0,0,0.0,0,4,1,0,3,0,1,0,0.5,1,1,0,1,1.0,1,2.0,1,0,0.0,0,0.4,0.875,194,130,0.5,12,6,1,1,0,17,9,0,5,0,1,5,0,0,1,0,27,0.7833333333333333,27,1.6875,16,1,6,0,7,7,0,7,0,1,0,0,0,0,0,16,16,25,420,388,16,0,11,69,2.4375,61,2,993,20,123,20,10500
2025-07-07,argo,com.beyondeye.reduks.middlewares.saga,SagaMiddleWare,sagaFinished,2,0,1.0,2,1.0,0,4,1,0,7,1,2,1,0.2,1,1,1,7,0.33,1,3.0,3,1,0.0,0,0.4,0.875,194,130,0.5,12,6,1,1,0,17,9,0,5,0,1,5,0,0,1,0,27,0.7833333333333333,27,1.6875,16,1,6,0,7,7,0,7,0,1,0,0,0,0,0,16,16,25,420,388,16,0,11,69,2.4375,61,2,993,20,123,20,10500
2025-07-07,argo,com.beyondeye.reduks.middlewares.saga,SagaMiddleWare,updataSagaDataAfterProcessorFinished,2,0,1.0,2,0.5,0,4,1,0,7,1,2,1,0.0,1,0,1,4,0.0,1,2.5,1,1,0.0,0,0.4,0.875,194,130,0.5,12,6,1,1,0,17,9,0,5,0,1,5,0,0,1,0,27,0.7833333333333333,27,1.6875,16,1,6,0,7,7,0,7,0,1,0,0,0,0,0,16,16,25,420,388,16,0,11,69,2.4375,61,2,993,20,123,20,10500
2025-07-07,argo,com.beyondeye.reduks.middlewares.saga,SagaMiddleWare,stopSaga,2,2,1.0,5,1.0,0,4,1,0,10,0,2,4,0.0,4,0,2,7,0.0,1,2.0,1,2,0.0,0,0.4,0.875,194,130,0.5,12,6,1,1,0,17,9,0,5,0,1,5,0,0,1,0,27,0.7833333333333333,27,1.6875,16,1,6,0,7,7,0,7,0,1,0,0,0,0,0,16,16,25,420,388,16,0,11,69,2.4375,61,2,993,20,123,20,10500
2025-07-07,argo,com.beyondeye.reduks.middlewares.saga,SagaMiddleWare,stopAll,1,0,0.0,1,1.0,0,4,1,0,3,0,1,0,1.0,0,1,0,1,1.0,1,2.0,0,0,0.0,0,0.4,0.875,194,130,0.5,12,6,1,1,0,17,9,0,5,0,1,5,0,0,1,0,27,0.7833333333333333,27,1.6875,16,1,6,0,7,7,0,7,0,1,0,0,0,0,0,16,16,25,420,388,16,0,11,69,2.4375,61,2,993,20,123,20,10500
2025-07-07,argo,com.beyondeye.reduks.middlewares.saga,SagaMiddleWare,getSagaChildrenNames,1,1,0.0,0,0.0,0,4,1,0,4,0,1,0,0.5,0,1,0,0,0.5,0,2.5,1,0,0.0,0,0.4,0.875,194,130,0.5,12,6,1,1,0,17,9,0,5,0,1,5,0,0,1,0,27,0.7833333333333333,27,1.6875,16,1,6,0,7,7,0,7,0,1,0,0,0,0,0,16,16,25,420,388,16,0,11,69,2.4375,61,2,993,20,123,20,10500
2025-07-07,argo,com.beyondeye.reduks.middlewares.saga,SagaMiddleWare,getSagaChildren,1,1,0.0,0,0.0,0,4,1,0,4,0,1,0,0.5,0,1,0,0,0.5,0,2.5,1,0,0.0,0,0.4,0.875,194,130,0.5,12,6,1,1,0,17,9,0,5,0,1,5,0,0,1,0,27,0.7833333333333333,27,1.6875,16,1,6,0,7,7,0,7,0,1,0,0,0,0,0,16,16,25,420,388,16,0,11,69,2.4375,61,2,993,20,123,20,10500
2025-07-07,argo,com.beyondeye.reduks.middlewares.saga,SagaMiddleWare,updateSagaData,1,2,0.0,2,1.0,0,4,1,0,8,0,1,0,0.5,0,1,1,4,0.25,1,2.0,2,1,0.0,0,0.4,0.875,194,130,0.5,12,6,1,1,0,17,9,0,5,0,1,5,0,0,1,0,27,0.7833333333333333,27,1.6875,16,1,6,0,7,7,0,7,0,1,0,0,0,0,0,16,16,25,420,388,16,0,11,69,2.4375,61,2,993,20,123,20,10500
2025-07-07,argo,com.beyondeye.reduks.middlewares.saga,SagaMiddleWare,addSagaData,1,1,0.0,2,1.0,0,4,1,0,7,0,1,0,0.5,0,1,1,3,0.33,1,2.0,2,1,0.0,0,0.4,0.875,194,130,0.5,12,6,1,1,0,17,9,0,5,0,1,5,0,0,1,0,27,0.7833333333333333,27,1.6875,16,1,6,0,7,7,0,7,0,1,0,0,0,0,0,16,16,25,420,388,16,0,11,69,2.4375,61,2,993,20,123,20,10500
2025-07-07,argo,com.beyondeye.reduks.middlewares.saga,SagaMiddleWare,deleteSagaData,1,2,0.0,2,1.0,0,4,1,0,9,0,1,0,0.6666666666666666,0,1,1,3,0.5,1,2.0,1,1,0.0,0,0.4,0.875,194,130,0.5,12,6,1,1,0,17,9,0,5,0,1,5,0,0,1,0,27,0.7833333333333333,27,1.6875,16,1,6,0,7,7,0,7,0,1,0,0,0,0,0,16,16,25,420,388,16,0,11,69,2.4375,61,2,993,20,123,20,10500
2025-07-07,argo,com.beyondeye.reduks.middlewares,SagaMiddlewareTest,testSagaPut,2,4,0.0,8,0.5,1,0,4,0,16,0,2,0,1.0,0,1,4,18,0.25,2,2.2142857142857144,0,4,0.0,0,1.0,1.0,432,383,0.0,15,1,0,0,1,0,6,0,0,0,1,1,0,0,0,0,15,0.0,15,1.0,15,0,1,0,15,0,0,15,0,1,0,0,0,0,0,15,15,25,420,388,17,0,63,337,2.7333333333333334,65,0,2559,20,123,59,10500
2025-07-07,argo,com.beyondeye.reduks.middlewares,SagaMiddlewareTest,testSagaTake,2,6,0.0,13,0.4615,1,0,4,0,25,0,2,0,1.0,0,1,4,26,0.25,1,2.3333333333333335,0,4,0.0,0,1.0,1.0,432,383,0.0,15,1,0,0,1,0,6,0,0,0,1,1,0,0,0,0,15,0.0,15,1.0,15,0,1,0,15,0,0,15,0,1,0,0,0,0,0,15,15,25,420,388,17,0,63,337,2.7333333333333334,65,0,2559,20,123,59,10500
2025-07-07,argo,com.beyondeye.reduks.middlewares,SagaMiddlewareTest,testSagaSelect,2,9,0.0,10,0.5,1,0,4,0,23,0,2,0,1.0,0,1,4,19,0.11,1,2.2,0,4,0.0,0,1.0,1.0,432,383,0.0,15,1,0,0,1,0,6,0,0,0,1,1,0,0,0,0,15,0.0,15,1.0,15,0,1,0,15,0,0,15,0,1,0,0,0,0,0,15,15,25,420,388,17,0,63,337,2.7333333333333334,65,0,2559,20,123,59,10500
2025-07-07,argo,com.beyondeye.reduks.middlewares,SagaMiddlewareTest,testSagaSelectField,2,6,0.0,10,0.5,1,0,4,0,20,0,2,0,1.0,0,1,4,18,0.17,1,2.230769230769231,0,4,0.0,0,1.0,1.0,432,383,0.0,15,1,0,0,1,0,6,0,0,0,1,1,0,0,0,0,15,0.0,15,1.0,15,0,1,0,15,0,0,15,0,1,0,0,0,0,0,15,15,25,420,388,17,0,63,337,2.7333333333333334,65,0,2559,20,123,59,10500
2025-07-07,argo,com.beyondeye.reduks.middlewares,SagaMiddlewareTest,testSagaCurState,2,7,0.0,11,0.5455,1,0,4,0,21,0,2,0,1.0,0,1,4,19,0.14,1,2.1875,0,4,0.0,0,1.0,1.0,432,383,0.0,15,1,0,0,1,0,6,0,0,0,1,1,0,0,0,0,15,0.0,15,1.0,15,0,1,0,15,0,0,15,0,1,0,0,0,0,0,15,15,25,420,388,17,0,63,337,2.7333333333333334,65,0,2559,20,123,59,10500
2025-07-07,argo,com.beyondeye.reduks.middlewares,SagaMiddlewareTest,testSagaDelay,2,6,0.0,8,0.625,1,0,4,0,18,0,2,0,1.0,0,1,4,16,0.17,1,2.1666666666666665,0,4,0.0,0,1.0,1.0,432,383,0.0,15,1,0,0,1,0,6,0,0,0,1,1,0,0,0,0,15,0.0,15,1.0,15,0,1,0,15,0,0,15,0,1,0,0,0,0,0,15,15,25,420,388,17,0,63,337,2.7333333333333334,65,0,2559,20,123,59,10500
2025-07-07,argo,com.beyondeye.reduks.middlewares,SagaMiddlewareTest,testSagaCall,2,10,0.0,13,0.5714,1,0,4,0,30,0,2,0,1.0,0,1,4,24,0.12,1,2.176470588235294,0,4,0.0,0,1.0,1.0,432,383,0.0,15,1,0,0,1,0,6,0,0,0,1,1,0,0,0,0,15,0.0,15,1.0,15,0,1,0,15,0,0,15,0,1,0,0,0,0,0,15,15,25,420,388,17,0,63,337,2.7333333333333334,65,0,2559,20,123,59,10500
2025-07-07,argo,com.beyondeye.reduks.middlewares,SagaMiddlewareTest,testSagaForkSpawnAndJoin,3,14,0.0,16,0.5882,1,0,4,0,37,0,3,0,1.0,0,1,3,27,0.07,1,2.15,0,3,0.0,0,1.0,1.0,432,383,0.0,15,1,0,0,1,0,6,0,0,0,1,1,0,0,0,0,15,0.0,15,1.0,15,0,1,0,15,0,0,15,0,1,0,0,0,0,0,15,15,25,420,388,17,0,63,337,2.7333333333333334,65,0,2559,20,123,59,10500
2025-07-07,argo,com.beyondeye.reduks.middlewares,SagaMiddlewareTest,testSagaForkSpawnAndCancelChildren,3,13,0.0,13,0.5714,1,0,4,0,36,0,3,0,1.0,0,1,4,24,0.08,1,2.176470588235294,0,4,0.0,0,1.0,1.0,432,383,0.0,15,1,0,0,1,0,6,0,0,0,1,1,0,0,0,0,15,0.0,15,1.0,15,0,1,0,15,0,0,15,0,1,0,0,0,0,0,15,15,25,420,388,17,0,63,337,2.7333333333333334,65,0,2559,20,123,59,10500
2025-07-07,argo,com.beyondeye.reduks.middlewares,SagaMiddlewareTest,testSagaSpawnForkParentCancel,4,11,0.0,12,0.6154,1,0,4,0,31,0,4,0,1.0,0,1,5,24,0.09,1,2.1875,0,5,0.0,0,1.0,1.0,432,383,0.0,15,1,0,0,1,0,6,0,0,0,1,1,0,0,0,0,15,0.0,15,1.0,15,0,1,0,15,0,0,15,0,1,0,0,0,0,0,15,15,25,420,388,17,0,63,337,2.7333333333333334,65,0,2559,20,123,59,10500
2025-07-07,argo,com.beyondeye.reduks.middlewares,SagaMiddlewareTest,TestSagaForkExceptionInParentTerminateChildren,5,11,0.0,11,0.5833,1,0,4,0,31,0,5,0,1.0,0,1,5,24,0.09,1,2.2,0,5,0.0,0,1.0,1.0,432,383,0.0,15,1,0,0,1,0,6,0,0,0,1,1,0,0,0,0,15,0.0,15,1.0,15,0,1,0,15,0,0,15,0,1,0,0,0,0,0,15,15,25,420,388,17,0,63,337,2.7333333333333334,65,0,2559,20,123,59,10500
2025-07-07,argo,com.beyondeye.reduks.middlewares,SagaMiddlewareTest,testSagaForkParentAutomaticallyWaitForChildCompletion,6,14,0.0,11,0.6667,1,0,4,0,33,0,6,0,1.0,0,1,4,23,0.08,1,2.1666666666666665,0,4,0.0,0,1.0,1.0,432,383,0.0,15,1,0,0,1,0,6,0,0,0,1,1,0,0,0,0,15,0.0,15,1.0,15,0,1,0,15,0,0,15,0,1,0,0,0,0,0,15,15,25,420,388,17,0,63,337,2.7333333333333334,65,0,2559,20,123,59,10500
2025-07-07,argo,com.beyondeye.reduks.middlewares,SagaMiddlewareTest,testSagaTakeEvery,4,9,0.0,13,0.6154,1,0,4,0,24,0,4,0,1.0,0,1,4,26,0.12,1,2.25,0,4,0.0,0,1.0,1.0,432,383,0.0,15,1,0,0,1,0,6,0,0,0,1,1,0,0,0,0,15,0.0,15,1.0,15,0,1,0,15,0,0,15,0,1,0,0,0,0,0,15,15,25,420,388,17,0,63,337,2.7333333333333334,65,0,2559,20,123,59,10500
2025-07-07,argo,com.beyondeye.reduks.middlewares,SagaMiddlewareTest,testSagaTakeLatest,1,7,0.0,8,0.6667,1,0,4,0,19,0,1,0,1.0,0,1,5,24,0.14,1,2.411764705882353,0,5,0.0,0,1.0,1.0,432,383,0.0,15,1,0,0,1,0,6,0,0,0,1,1,0,0,0,0,15,0.0,15,1.0,15,0,1,0,15,0,0,15,0,1,0,0,0,0,0,15,15,25,420,388,17,0,63,337,2.7333333333333334,65,0,2559,20,123,59,10500
2025-07-07,argo,com.beyondeye.reduks.middlewares,SagaMiddlewareTest,testSagaThrottle,1,7,0.0,8,0.6667,1,0,4,0,19,0,1,0,1.0,0,1,5,25,0.14,1,2.3684210526315788,0,5,0.0,0,1.0,1.0,432,383,0.0,15,1,0,0,1,0,6,0,0,0,1,1,0,0,0,0,15,0.0,15,1.0,15,0,1,0,15,0,0,15,0,1,0,0,0,0,0,15,15,25,420,388,17,0,63,337,2.7333333333333334,65,0,2559,20,123,59,10500
