Extraction Date,Project,Package,Class,Method,CYCLO_method,NOLV_method,CLNAMM_method,CINT_method,CDISP_method,NOII_type,NOAM_type,NOCS_type,number_constructor_NotDefaultConstructor,LOC_method,MAXNESTING_method,CC_method,NMCS_method,LAA_method,CM_method,NOAV_method,ATFD_method,FANOUT_method,ATLD_method,MaMCL_method,MeMCL_method,NOP_method,FDP_method,CFNAMM_method,Number_Final_Not_Static_Methods,TCC_type,WOC_type,LOC_type,LOCNAMM_type,CFNAMM_type,NOMNAMM_type,NOA_type,NIM_type,DIT_type,NOPA_type,CBO_type,RFC_type,isStatic_type,number_private_visibility_attributes,number_protected_visibility_attributes,number_package_visibility_attributes,num_final_attributes,num_static_attributes,num_final_static_attributes,num_not_final_not_static_attributes,NOC_type,WMC_type,LCOM5_type,WMCNAMM_type,AMW_type,NOM_type,NMO_type,num_final_not_static_attributes,num_static_not_final_attributes,number_public_visibility_methods,number_private_visibility_methods,number_protected_visibility_methods,number_package_visibility_methods,number_standard_design_methods,number_constructor_DefaultConstructor_methods,number_final_methods,number_abstract_methods,number_static_methods,number_final_static_methods,number_not_final_static_methods,number_not_final_not_static_methods,number_not_abstract_not_final_methods,NOI_project,NOM_project,NOMNAMM_project,NOCS_package,isStatic_method,ATFD_type,FANOUT_type,AMWNAMM_type,NOMNAMM_Package,NOI_Package,LOC_package,NOPK_project,NOCS_project,NOM_package,LOC_project
2025-07-10,argo,com.grab.sizer,AppSizer,process,3,3,0.0,6,1.0,0,0,1,0,8,1,3,0,0.0,1,0,0,13,0.0,2,2.0714285714285716,1,0,0.0,0,0.0,1.0,10,8,0.0,1,0,0,0,0,1,0,0,0,0,0,0,0,0,0,0,2,0.0,2,2.0,1,0,0,0,1,0,0,1,0,1,0,0,0,0,0,1,1,37,3466,3389,13,0,0,13,3.0,45,2,1098,27,411,13,30624
2025-07-10,argo,com.grab.sizer.analyzer,BasicApkAnalyzer,process,1,1,1.0,0,0.0,0,0,1,0,4,0,1,0,0.0,1,0,0,1,0.0,1,2.0,0,0,0.0,0,0.0,1.0,16,13,0.5,2,0,1,1,0,2,0,0,0,0,0,0,0,0,0,0,2,1.0,2,1.0,2,1,0,0,1,1,0,1,1,1,0,0,0,0,0,2,2,37,3466,3389,24,0,0,2,1.0,86,2,2492,27,411,65,30624
2025-07-10,argo,com.grab.sizer.analyzer,BasicApkAnalyzer,createApkReportRows,1,6,0.0,0,0.0,0,0,1,0,9,0,1,0,0.0,0,0,0,1,0.0,0,2.0,0,0,0.0,0,0.0,1.0,16,13,0.5,2,0,1,1,0,2,0,0,0,0,0,0,0,0,0,0,2,1.0,2,1.0,2,1,0,0,1,1,0,1,1,1,0,0,0,0,0,2,2,37,3466,3389,24,0,0,2,1.0,86,2,2492,27,411,65,30624
2025-07-10,argo,com.grab.sizer.analyzer,CodebaseAnalyzer,process,1,3,1.0,2,1.0,0,0,1,0,6,0,1,1,0.0,2,0,0,15,0.0,0,2.5454545454545454,0,0,0.0,0,0.0,0.6666666666666666,16,12,0.6666666666666666,3,0,1,1,0,3,0,0,0,0,0,0,0,0,0,0,3,1.0,3,1.0,3,1,0,0,1,2,0,1,0,1,0,0,0,0,0,3,3,37,3466,3389,24,0,0,21,1.0,86,2,2492,27,411,65,30624
2025-07-10,argo,com.grab.sizer.analyzer,CodebaseAnalyzer,generateReport,1,2,1.0,2,1.0,0,0,1,0,5,0,1,0,0.0,1,0,0,5,0.0,1,2.3333333333333335,1,0,0.0,0,0.0,0.6666666666666666,16,12,0.6666666666666666,3,0,1,1,0,3,0,0,0,0,0,0,0,0,0,0,3,1.0,3,1.0,3,1,0,0,1,2,0,1,0,1,0,0,0,0,0,3,3,37,3466,3389,24,0,0,21,1.0,86,2,2492,27,411,65,30624
2025-07-10,argo,com.grab.sizer.analyzer,CodebaseAnalyzer,toReportRow,1,0,0.0,0,0.0,0,0,1,0,1,0,1,0,0.0,0,0,0,1,0.0,0,0.0,0,0,0.0,0,0.0,0.6666666666666666,16,12,0.6666666666666666,3,0,1,1,0,3,0,0,0,0,0,0,0,0,0,0,3,1.0,3,1.0,3,1,0,0,1,2,0,1,0,1,0,0,0,0,0,3,3,37,3466,3389,24,0,0,21,1.0,86,2,2492,27,411,65,30624
2025-07-10,argo,com.grab.sizer.analyzer,LargeFileAnalyzer,process,1,3,1.0,2,1.0,0,0,1,0,6,0,1,2,0.0,2,0,0,15,0.0,0,2.5454545454545454,0,0,0.0,0,0.0,0.8333333333333334,32,25,0.5,6,0,1,1,0,4,0,0,0,0,0,0,0,0,0,0,6,0.8666666666666667,6,1.0,6,1,0,0,1,5,0,1,0,1,0,0,0,0,0,6,6,37,3466,3389,24,0,0,38,1.0,86,2,2492,27,411,65,30624
2025-07-10,argo,com.grab.sizer.analyzer,LargeFileAnalyzer,generateReport,1,0,2.0,0,0.0,0,0,1,0,3,0,1,1,0.0,2,0,0,3,0.0,3,4.0,1,0,0.0,0,0.0,0.8333333333333334,32,25,0.5,6,0,1,1,0,4,0,0,0,0,0,0,0,0,0,0,6,0.8666666666666667,6,1.0,6,1,0,0,1,5,0,1,0,1,0,0,0,0,0,6,6,37,3466,3389,24,0,0,38,1.0,86,2,2492,27,411,65,30624
2025-07-10,argo,com.grab.sizer.analyzer,LargeFileAnalyzer,filterLargeFileContributors,1,2,0.0,4,1.0,0,0,1,0,5,0,1,0,0.0,0,0,0,10,0.0,1,2.3636363636363638,0,0,0.0,0,0.0,0.8333333333333334,32,25,0.5,6,0,1,1,0,4,0,0,0,0,0,0,0,0,0,0,6,0.8666666666666667,6,1.0,6,1,0,0,1,5,0,1,0,1,0,0,0,0,0,6,6,37,3466,3389,24,0,0,38,1.0,86,2,2492,27,411,65,30624
2025-07-10,argo,com.grab.sizer.analyzer,LargeFileAnalyzer,reportLargeFiles,1,2,2.0,0,0.0,0,0,1,0,5,0,1,0,0.0,2,0,0,3,0.0,1,2.0,1,0,0.0,0,0.0,0.8333333333333334,32,25,0.5,6,0,1,1,0,4,0,0,0,0,0,0,0,0,0,0,6,0.8666666666666667,6,1.0,6,1,0,0,1,5,0,1,0,1,0,0,0,0,0,6,6,37,3466,3389,24,0,0,38,1.0,86,2,2492,27,411,65,30624
2025-07-10,argo,com.grab.sizer.analyzer,LargeFileAnalyzer,sorByResources,1,0,0.0,0,0.0,0,0,1,0,1,0,1,0,0.0,0,0,0,0,0.0,0,2.0,0,0,0.0,0,0.0,0.8333333333333334,32,25,0.5,6,0,1,1,0,4,0,0,0,0,0,0,0,0,0,0,6,0.8666666666666667,6,1.0,6,1,0,0,1,5,0,1,0,1,0,0,0,0,0,6,6,37,3466,3389,24,0,0,38,1.0,86,2,2492,27,411,65,30624
2025-07-10,argo,com.grab.sizer.analyzer,LargeFileAnalyzer,toReportRows,1,2,0.0,3,1.0,0,0,1,0,5,0,1,0,0.0,0,0,0,7,0.0,1,2.3333333333333335,0,0,0.0,0,0.0,0.8333333333333334,32,25,0.5,6,0,1,1,0,4,0,0,0,0,0,0,0,0,0,0,6,0.8666666666666667,6,1.0,6,1,0,0,1,5,0,1,0,1,0,0,0,0,0,6,6,37,3466,3389,24,0,0,38,1.0,86,2,2492,27,411,65,30624
2025-07-10,argo,com.grab.sizer.analyzer,LibContentAnalyzer,process,1,1,1.0,1,1.0,0,0,1,0,4,0,1,2,0.0,2,0,0,5,0.0,0,2.25,0,0,0.0,0,0.0,1.0,18,14,0.6666666666666666,3,0,1,1,0,4,0,0,0,0,0,0,0,0,0,0,3,0.6666666666666667,3,1.0,3,1,0,0,1,2,0,1,0,1,0,0,0,0,0,3,3,37,3466,3389,24,0,0,23,1.0,86,2,2492,27,411,65,30624
2025-07-10,argo,com.grab.sizer.analyzer,LibContentAnalyzer,generateReport,1,6,1.0,6,1.0,0,0,1,0,9,0,1,0,0.0,1,0,0,15,0.0,0,3.0,1,0,0.0,0,0.0,1.0,18,14,0.6666666666666666,3,0,1,1,0,4,0,0,0,0,0,0,0,0,0,0,3,0.6666666666666667,3,1.0,3,1,0,0,1,2,0,1,0,1,0,0,0,0,0,3,3,37,3466,3389,24,0,0,23,1.0,86,2,2492,27,411,65,30624
2025-07-10,argo,com.grab.sizer.analyzer,LibContentAnalyzer,toReportRows,1,0,0.0,1,1.0,0,0,1,0,1,0,1,0,0.0,0,0,0,3,0.0,0,2.0,1,0,0.0,0,0.0,1.0,18,14,0.6666666666666666,3,0,1,1,0,4,0,0,0,0,0,0,0,0,0,0,3,0.6666666666666667,3,1.0,3,1,0,0,1,2,0,1,0,1,0,0,0,0,0,3,3,37,3466,3389,24,0,0,23,1.0,86,2,2492,27,411,65,30624
2025-07-10,argo,com.grab.sizer.analyzer,LibrariesAnalyzer,process,1,1,1.0,1,1.0,0,0,1,0,4,0,1,2,0.0,2,0,0,5,0.0,0,2.25,0,0,0.0,0,0.0,0.75,16,11,0.75,4,0,1,1,0,5,0,0,0,0,0,0,0,0,0,0,4,1.0,4,1.0,4,1,0,0,1,3,0,1,0,1,0,0,0,0,0,4,4,37,3466,3389,24,0,0,17,1.0,86,2,2492,27,411,65,30624
2025-07-10,argo,com.grab.sizer.analyzer,LibrariesAnalyzer,generateReport,1,2,1.0,2,1.0,0,0,1,0,5,0,1,1,0.0,1,0,0,6,0.0,0,2.0,1,0,0.0,0,0.0,0.75,16,11,0.75,4,0,1,1,0,5,0,0,0,0,0,0,0,0,0,0,4,1.0,4,1.0,4,1,0,0,1,3,0,1,0,1,0,0,0,0,0,4,4,37,3466,3389,24,0,0,17,1.0,86,2,2492,27,411,65,30624
2025-07-10,argo,com.grab.sizer.analyzer,LibrariesAnalyzer,toReportItem,1,0,0.0,1,1.0,0,0,1,0,1,0,1,0,0.0,0,0,0,4,0.0,0,3.0,0,0,0.0,0,0.0,0.75,16,11,0.75,4,0,1,1,0,5,0,0,0,0,0,0,0,0,0,0,4,1.0,4,1.0,4,1,0,0,1,3,0,1,0,1,0,0,0,0,0,4,4,37,3466,3389,24,0,0,17,1.0,86,2,2492,27,411,65,30624
2025-07-10,argo,com.grab.sizer.analyzer,LibrariesAnalyzer,reportPerLibrary,1,0,1.0,1,1.0,0,0,1,0,1,0,1,0,0.0,1,0,0,2,0.0,0,2.0,1,0,0.0,0,0.0,0.75,16,11,0.75,4,0,1,1,0,5,0,0,0,0,0,0,0,0,0,0,4,1.0,4,1.0,4,1,0,0,1,3,0,1,0,1,0,0,0,0,0,4,4,37,3466,3389,24,0,0,17,1.0,86,2,2492,27,411,65,30624
2025-07-10,argo,com.grab.sizer.analyzer,ModuleAnalyzer,process,1,3,1.0,2,1.0,0,0,1,0,6,0,1,2,0.0,2,0,0,17,0.0,0,2.5833333333333335,0,0,0.0,0,0.0,1.0,15,11,0.6666666666666666,3,0,1,1,0,3,0,0,0,0,0,0,0,0,0,0,3,1.0,3,1.0,3,1,0,0,1,2,0,1,0,1,0,0,0,0,0,3,3,37,3466,3389,24,0,0,29,1.0,86,2,2492,27,411,65,30624
2025-07-10,argo,com.grab.sizer.analyzer,ModuleAnalyzer,generateReport,1,1,1.0,2,1.0,0,0,1,0,4,0,1,1,0.0,1,0,0,7,0.0,0,2.5,1,0,0.0,0,0.0,1.0,15,11,0.6666666666666666,3,0,1,1,0,3,0,0,0,0,0,0,0,0,0,0,3,1.0,3,1.0,3,1,0,0,1,2,0,1,0,1,0,0,0,0,0,3,3,37,3466,3389,24,0,0,29,1.0,86,2,2492,27,411,65,30624
2025-07-10,argo,com.grab.sizer.analyzer,ModuleAnalyzer,toReportRows,1,0,0.0,1,1.0,0,0,1,0,1,0,1,0,0.0,0,0,0,5,0.0,0,2.0,1,0,0.0,0,0.0,1.0,15,11,0.6666666666666666,3,0,1,1,0,3,0,0,0,0,0,0,0,0,0,0,3,1.0,3,1.0,3,1,0,0,1,2,0,1,0,1,0,0,0,0,0,3,3,37,3466,3389,24,0,0,29,1.0,86,2,2492,27,411,65,30624
2025-07-10,argo,com.grab.sizer.analyzer,YmlTeamMapping,loadTeamToModuleMap,3,4,0.0,7,0.7143,1,0,1,0,19,2,3,0,0.0,0,0,0,13,0.0,2,2.1,0,0,0.0,0,0.0,0.0,25,19,0.0,1,2,0,1,0,1,0,0,0,0,0,2,0,0,0,0,3,0.0,3,3.0,1,0,6,0,0,1,0,0,1,3,0,0,0,0,0,1,1,37,3466,3389,24,0,0,13,3.0,86,2,2492,27,411,65,30624
2025-07-10,argo,com.grab.sizer.analyzer.mapper,AssetComponentMapper,mapTo,3,5,0.0,3,1.0,0,0,1,0,15,1,3,0,0.0,0,0,0,12,0.0,1,2.125,2,0,0.0,0,0.0,1.0,17,15,0.0,1,0,1,1,0,3,0,0,0,0,0,0,0,0,0,0,2,0.0,2,2.0,1,1,0,0,1,0,0,1,0,1,0,0,0,0,0,1,1,37,3466,3389,14,0,0,12,3.0,39,2,1288,27,411,23,30624
2025-07-10,argo,com.grab.sizer.analyzer.mapper,NativeLibComponentMapper,mapTo,3,5,1.0,5,1.0,0,0,1,0,18,1,3,0,0.0,1,0,0,16,0.0,1,2.1538461538461537,2,0,0.0,0,0.0,1.0,26,23,0.5,2,0,1,1,0,4,0,0,0,0,0,0,0,0,0,0,3,0.0,3,1.5,2,1,0,0,1,1,0,1,0,1,0,0,0,0,0,2,2,37,3466,3389,14,0,0,20,2.0,39,2,1288,27,411,23,30624
2025-07-10,argo,com.grab.sizer.analyzer.mapper,NativeLibComponentMapper,trimPath,1,2,0.0,2,1.0,0,0,1,0,5,0,1,0,0.0,0,0,0,4,0.0,0,2.5,0,0,0.0,0,0.0,1.0,26,23,0.5,2,0,1,1,0,4,0,0,0,0,0,0,0,0,0,0,3,0.0,3,1.5,2,1,0,0,1,1,0,1,0,1,0,0,0,0,0,2,2,37,3466,3389,14,0,0,20,2.0,39,2,1288,27,411,23,30624
2025-07-10,argo,com.grab.sizer.analyzer.mapper,OtherComponentMapper,mapTo,1,0,0.0,1,1.0,0,0,1,0,3,0,1,0,0.0,0,0,0,2,0.0,0,2.0,2,0,0.0,0,0.0,1.0,5,3,0.0,1,0,1,1,0,3,0,0,0,0,0,0,0,0,0,0,1,0.0,1,1.0,1,1,0,0,1,0,0,1,0,1,0,0,0,0,0,1,1,37,3466,3389,14,0,0,2,1.0,39,2,1288,27,411,23,30624
2025-07-10,argo,com.grab.sizer.analyzer.model,ClassFileInfo,equals,2,0,0.0,1,1.0,0,0,1,0,4,1,2,0,0.0,1,0,0,1,0.0,1,2.0,1,0,0.0,0,0.0,0.5,8,5,0.0,2,0,2,1,0,3,0,0,0,0,0,0,0,0,0,0,3,1.0,3,1.5,2,2,0,0,2,0,0,2,0,1,0,0,0,0,0,2,2,37,3466,3389,7,0,0,2,1.5,12,1,328,27,411,9,30624
2025-07-10,argo,com.grab.sizer.analyzer.model,ClassFileInfo,hashCode,1,0,0.0,0,0.0,0,0,1,0,1,0,1,0,0.0,1,0,0,1,0.0,1,2.0,0,0,0.0,0,0.0,0.5,8,5,0.0,2,0,2,1,0,3,0,0,0,0,0,0,0,0,0,0,3,1.0,3,1.5,2,2,0,0,2,0,0,2,0,1,0,0,0,0,0,2,2,37,3466,3389,7,0,0,2,1.5,12,1,328,27,411,9,30624
2025-07-10,argo,com.grab.sizer.analyzer.model,Contributor,getDownloadSize,1,0,0.0,0,0.0,0,1,1,0,1,0,1,0,1.0,0,5,0,0,5.0,0,0.0,0,0,0.0,0,0.3333333333333333,0.6666666666666666,26,7,0.0,2,7,2,0,7,4,0,0,0,0,7,7,0,0,0,0,4,1.0,4,1.3333333333333333,3,2,7,0,3,0,0,3,1,1,0,0,0,0,0,3,3,37,3466,3389,7,0,0,2,1.3333333333333333,12,1,328,27,411,9,30624
2025-07-10,argo,com.grab.sizer.analyzer.model,Contributor,equals,2,0,0.0,0,0.0,0,1,1,0,6,1,2,0,0.4,1,1,0,1,1.0,1,2.0,1,0,0.0,0,0.3333333333333333,0.6666666666666666,26,7,0.0,2,7,2,0,7,4,0,0,0,0,7,7,0,0,0,0,4,1.0,4,1.3333333333333333,3,2,7,0,3,0,0,3,1,1,0,0,0,0,0,3,3,37,3466,3389,7,0,0,2,1.3333333333333333,12,1,328,27,411,9,30624
2025-07-10,argo,com.grab.sizer.analyzer.model,Contributor,hashCode,1,0,0.0,0,0.0,0,1,1,0,1,0,1,0,1.0,1,1,0,1,1.0,1,2.0,0,0,0.0,0,0.3333333333333333,0.6666666666666666,26,7,0.0,2,7,2,0,7,4,0,0,0,0,7,7,0,0,0,0,4,1.0,4,1.3333333333333333,3,2,7,0,3,0,0,3,1,1,0,0,0,0,0,3,3,37,3466,3389,7,0,0,2,1.3333333333333333,12,1,328,27,411,9,30624
2025-07-10,argo,com.grab.sizer.analyzer.model,RawFileInfo,equals,2,0,0.0,1,1.0,0,0,1,0,4,1,2,0,0.0,1,0,0,1,0.0,1,2.0,1,0,0.0,0,0.0,0.0,20,5,0.0,2,2,2,1,1,3,0,0,0,0,1,2,0,0,0,0,3,1.0,3,1.5,2,2,5,0,2,0,0,2,0,3,0,0,0,0,0,2,2,37,3466,3389,7,0,0,2,1.5,12,1,328,27,411,9,30624
2025-07-10,argo,com.grab.sizer.analyzer.model,RawFileInfo,hashCode,1,0,0.0,0,0.0,0,0,1,0,1,0,1,0,0.0,1,0,0,1,0.0,1,2.0,0,0,0.0,0,0.0,0.0,20,5,0.0,2,2,2,1,1,3,0,0,0,0,1,2,0,0,0,0,3,1.0,3,1.5,2,2,5,0,2,0,0,2,0,3,0,0,0,0,0,2,2,37,3466,3389,7,0,0,2,1.5,12,1,328,27,411,9,30624
2025-07-10,argo,com.grab.sizer.analyzer.model,Team,getDownloadSize,1,0,0.0,1,1.0,0,1,1,0,1,0,1,0,0.0,1,0,0,2,0.0,0,2.0,0,0,0.0,0,0.0,0.0,13,0,0.0,1,5,0,0,5,1,0,0,0,0,5,5,0,0,0,0,1,0.0,1,1.0,1,0,12,0,2,0,0,2,2,2,0,0,0,0,0,1,1,37,3466,3389,7,0,0,0,1.0,12,1,328,27,411,9,30624
2025-07-10,argo,com.grab.sizer.analyzer.model,Module,getDownloadSize,1,0,0.0,0,0.0,0,1,1,0,1,0,1,0,1.0,0,5,0,0,5.0,0,0.0,0,0,0.0,0,0.0,0.0,17,0,0.0,0,7,0,0,7,1,0,0,0,0,7,7,0,0,0,0,1,0.0,1,1.0,1,0,12,0,2,0,0,2,2,2,0,0,0,0,0,1,1,37,3466,3389,7,0,0,0,1.0,12,1,328,27,411,9,30624
2025-07-10,argo,com.grab.sizer.parser,AarFileInfo,toString,1,0,0.0,0,0.0,0,0,1,0,1,0,1,0,0.0,0,0,0,0,0.0,0,0.0,0,0,0.0,0,0.0,0.0,10,6,0.0,3,0,3,1,0,4,0,0,0,0,0,0,0,0,0,0,4,0.6666666666666667,4,1.3333333333333333,3,3,3,0,3,0,0,3,0,2,0,0,0,0,0,3,3,37,3466,3389,23,0,0,2,1.3333333333333333,49,8,1373,27,411,33,30624
2025-07-10,argo,com.grab.sizer.parser,AarFileInfo,hashCode,1,0,0.0,0,0.0,0,0,1,0,1,0,1,0,0.0,1,0,0,1,0.0,1,2.0,0,0,0.0,0,0.0,0.0,10,6,0.0,3,0,3,1,0,4,0,0,0,0,0,0,0,0,0,0,4,0.6666666666666667,4,1.3333333333333333,3,3,3,0,3,0,0,3,0,2,0,0,0,0,0,3,3,37,3466,3389,23,0,0,2,1.3333333333333333,49,8,1373,27,411,33,30624
2025-07-10,argo,com.grab.sizer.parser,AarFileInfo,equals,2,0,0.0,0,0.0,0,0,1,0,4,1,2,0,0.0,0,0,0,1,0.0,0,2.0,1,0,0.0,0,0.0,0.0,10,6,0.0,3,0,3,1,0,4,0,0,0,0,0,0,0,0,0,0,4,0.6666666666666667,4,1.3333333333333333,3,3,3,0,3,0,0,3,0,2,0,0,0,0,0,3,3,37,3466,3389,23,0,0,2,1.3333333333333333,49,8,1373,27,411,33,30624
2025-07-10,argo,com.grab.sizer.parser,JarFileInfo,hashCode,1,0,0.0,0,0.0,0,0,1,0,1,0,1,0,0.0,1,0,0,1,0.0,1,2.0,0,0,0.0,0,0.0,0.5,8,5,0.0,2,0,2,1,0,3,0,0,0,0,0,0,0,0,0,0,3,1.0,3,1.5,2,2,0,0,2,0,0,2,0,1,0,0,0,0,0,2,2,37,3466,3389,23,0,0,2,1.5,49,8,1373,27,411,33,30624
2025-07-10,argo,com.grab.sizer.parser,JarFileInfo,equals,2,0,0.0,0,0.0,0,0,1,0,4,1,2,0,0.0,0,0,0,1,0.0,0,2.0,1,0,0.0,0,0.0,0.5,8,5,0.0,2,0,2,1,0,3,0,0,0,0,0,0,0,0,0,0,3,1.0,3,1.5,2,2,0,0,2,0,0,2,0,1,0,0,0,0,0,2,2,37,3466,3389,23,0,0,2,1.5,49,8,1373,27,411,33,30624
2025-07-10,argo,com.grab.sizer.report,DatabaseReportWriter,write,1,1,2.0,2,1.0,0,0,1,0,4,0,1,0,0.0,3,0,1,11,0.0,0,2.2222222222222223,1,1,0.0,0,0.0,0.75,12,7,0.25,4,0,1,1,0,3,1,0,0,0,0,0,0,0,0,0,4,1.0,4,1.0,4,1,0,0,1,3,0,1,0,1,0,0,0,0,0,4,4,37,3466,3389,11,0,1,13,1.0,18,3,466,27,411,4,30624
2025-07-10,argo,com.grab.sizer.report,DatabaseReportWriter,toTags,1,0,0.0,1,1.0,0,0,1,0,1,0,1,0,0.0,0,0,0,2,0.0,0,2.0,0,0,0.0,0,0.0,0.75,12,7,0.25,4,0,1,1,0,3,1,0,0,0,0,0,0,0,0,0,4,1.0,4,1.0,4,1,0,0,1,3,0,1,0,1,0,0,0,0,0,4,4,37,3466,3389,11,0,1,13,1.0,18,3,466,27,411,4,30624
2025-07-10,argo,com.grab.sizer.report,DatabaseReportWriter,typeField,1,0,0.0,0,0.0,0,0,1,0,1,0,1,0,0.0,0,0,0,1,0.0,0,0.0,0,0,0.0,0,0.0,0.75,12,7,0.25,4,0,1,1,0,3,1,0,0,0,0,0,0,0,0,0,4,1.0,4,1.0,4,1,0,0,1,3,0,1,0,1,0,0,0,0,0,4,4,37,3466,3389,11,0,1,13,1.0,18,3,466,27,411,4,30624
2025-07-10,argo,com.grab.sizer.report,DatabaseReportWriter,toTags,1,0,0.0,0,0.0,0,0,1,0,1,0,1,0,0.0,0,0,0,1,0.0,0,0.0,0,0,0.0,0,0.0,0.75,12,7,0.25,4,0,1,1,0,3,1,0,0,0,0,0,0,0,0,0,4,1.0,4,1.0,4,1,0,0,1,3,0,1,0,1,0,0,0,0,0,4,4,37,3466,3389,11,0,1,13,1.0,18,3,466,27,411,4,30624
2025-07-10,argo,com.grab.sizer.report.db,DbReportDaoFactory,create,1,1,0.0,1,1.0,0,0,1,0,4,0,1,0,0.0,1,0,0,5,0.0,1,2.5,0,0,0.0,0,0.0,1.0,6,4,0.0,1,0,0,0,0,1,0,0,0,0,0,0,0,0,0,0,1,0.0,1,1.0,1,0,0,0,1,0,0,1,1,1,0,0,0,0,0,1,1,37,3466,3389,6,0,0,5,1.0,7,1,278,27,411,1,30624
2025-07-10,argo,com.grab.sizer.analyzer,ApkAnalyzerTest,testApkAnalyzerWithProject1Data,1,1,0.0,2,1.0,0,0,1,0,4,0,1,0,1.0,0,2,1,3,2.0,2,2.5,0,1,0.0,0,1.0,1.0,78,44,0.0,9,12,0,0,0,0,1,0,12,0,0,12,0,0,0,0,9,0.0,9,1.0,9,0,12,0,9,0,0,9,0,1,0,0,0,0,0,9,9,37,3466,3389,24,0,9,19,1.0,86,2,2492,27,411,65,30624
2025-07-10,argo,com.grab.sizer.analyzer,ApkAnalyzerTest,testApkAnalyzerShouldReportProperApkSize,1,2,0.0,1,1.0,0,0,1,0,5,0,1,0,1.0,0,2,1,2,1.0,1,2.3333333333333335,0,1,0.0,0,1.0,1.0,78,44,0.0,9,12,0,0,0,0,1,0,12,0,0,12,0,0,0,0,9,0.0,9,1.0,9,0,12,0,9,0,0,9,0,1,0,0,0,0,0,9,9,37,3466,3389,24,0,9,19,1.0,86,2,2492,27,411,65,30624
2025-07-10,argo,com.grab.sizer.analyzer,ApkAnalyzerTest,testApkAnalyzerShouldReportProperCodebaseKotlinJavaSize,1,2,0.0,1,1.0,0,0,1,0,5,0,1,0,1.0,0,2,1,2,1.0,1,2.3333333333333335,0,1,0.0,0,1.0,1.0,78,44,0.0,9,12,0,0,0,0,1,0,12,0,0,12,0,0,0,0,9,0.0,9,1.0,9,0,12,0,9,0,0,9,0,1,0,0,0,0,0,9,9,37,3466,3389,24,0,9,19,1.0,86,2,2492,27,411,65,30624
2025-07-10,argo,com.grab.sizer.analyzer,ApkAnalyzerTest,testApkAnalyzerShouldReportProperCodebaseResourcesSize,1,2,0.0,1,1.0,0,0,1,0,5,0,1,0,1.0,0,2,1,2,1.0,1,2.3333333333333335,0,1,0.0,0,1.0,1.0,78,44,0.0,9,12,0,0,0,0,1,0,12,0,0,12,0,0,0,0,9,0.0,9,1.0,9,0,12,0,9,0,0,9,0,1,0,0,0,0,0,9,9,37,3466,3389,24,0,9,19,1.0,86,2,2492,27,411,65,30624
2025-07-10,argo,com.grab.sizer.analyzer,ApkAnalyzerTest,testApkAnalyzerShouldReportProperCodebaseAssetsSize,1,2,0.0,1,1.0,0,0,1,0,5,0,1,0,1.0,0,2,1,2,1.0,1,2.3333333333333335,0,1,0.0,0,1.0,1.0,78,44,0.0,9,12,0,0,0,0,1,0,12,0,0,12,0,0,0,0,9,0.0,9,1.0,9,0,12,0,9,0,0,9,0,1,0,0,0,0,0,9,9,37,3466,3389,24,0,9,19,1.0,86,2,2492,27,411,65,30624
2025-07-10,argo,com.grab.sizer.analyzer,ApkAnalyzerTest,testApkAnalyzerShouldReportProperCodebaseNativeSize,1,2,0.0,1,1.0,0,0,1,0,5,0,1,0,1.0,0,2,1,2,1.0,1,2.3333333333333335,0,1,0.0,0,1.0,1.0,78,44,0.0,9,12,0,0,0,0,1,0,12,0,0,12,0,0,0,0,9,0.0,9,1.0,9,0,12,0,9,0,0,9,0,1,0,0,0,0,0,9,9,37,3466,3389,24,0,9,19,1.0,86,2,2492,27,411,65,30624
2025-07-10,argo,com.grab.sizer.analyzer,ApkAnalyzerTest,testApkAnalyzerShouldReportProperOthersSize,1,2,0.0,1,1.0,0,0,1,0,5,0,1,0,1.0,0,2,1,2,1.0,1,2.3333333333333335,0,1,0.0,0,1.0,1.0,78,44,0.0,9,12,0,0,0,0,1,0,12,0,0,12,0,0,0,0,9,0.0,9,1.0,9,0,12,0,9,0,0,9,0,1,0,0,0,0,0,9,9,37,3466,3389,24,0,9,19,1.0,86,2,2492,27,411,65,30624
2025-07-10,argo,com.grab.sizer.analyzer,ApkAnalyzerTest,testApkAnalyzerShouldReportProperAndroidJavaLibrariesSize,1,2,0.0,1,1.0,0,0,1,0,5,0,1,0,1.0,0,2,1,2,1.0,1,2.3333333333333335,0,1,0.0,0,1.0,1.0,78,44,0.0,9,12,0,0,0,0,1,0,12,0,0,12,0,0,0,0,9,0.0,9,1.0,9,0,12,0,9,0,0,9,0,1,0,0,0,0,0,9,9,37,3466,3389,24,0,9,19,1.0,86,2,2492,27,411,65,30624
2025-07-10,argo,com.grab.sizer.analyzer,ApkAnalyzerTest,testApkAnalyzerShouldReportProperNativeLibrariesSize,1,2,0.0,1,1.0,0,0,1,0,5,0,1,0,1.0,0,2,1,2,1.0,1,2.3333333333333335,0,1,0.0,0,1.0,1.0,78,44,0.0,9,12,0,0,0,0,1,0,12,0,0,12,0,0,0,0,9,0.0,9,1.0,9,0,12,0,9,0,0,9,0,1,0,0,0,0,0,9,9,37,3466,3389,24,0,9,19,1.0,86,2,2492,27,411,65,30624
2025-07-10,argo,com.grab.sizer.analyzer,BasicApkAnalyzerTest,testBasicApkAnalyzerWithProject1Data,1,1,0.0,2,1.0,0,0,1,0,4,0,1,0,1.0,0,2,1,3,2.0,2,2.5,0,1,0.0,0,1.0,1.0,60,34,0.0,7,9,0,0,0,0,1,0,9,0,0,9,0,0,0,0,7,0.0,7,1.0,7,0,9,0,7,0,0,7,0,1,0,0,0,0,0,7,7,37,3466,3389,24,0,7,15,1.0,86,2,2492,27,411,65,30624
2025-07-10,argo,com.grab.sizer.analyzer,BasicApkAnalyzerTest,testBasicApkAnalyzerShouldReportProperApkSize,1,2,0.0,1,1.0,0,0,1,0,5,0,1,0,1.0,0,2,1,2,1.0,1,2.3333333333333335,0,1,0.0,0,1.0,1.0,60,34,0.0,7,9,0,0,0,0,1,0,9,0,0,9,0,0,0,0,7,0.0,7,1.0,7,0,9,0,7,0,0,7,0,1,0,0,0,0,0,7,7,37,3466,3389,24,0,7,15,1.0,86,2,2492,27,411,65,30624
2025-07-10,argo,com.grab.sizer.analyzer,BasicApkAnalyzerTest,testBasicApkAnalyzerShouldReportProperResourceSize,1,2,0.0,1,1.0,0,0,1,0,5,0,1,0,1.0,0,2,1,2,1.0,1,2.3333333333333335,0,1,0.0,0,1.0,1.0,60,34,0.0,7,9,0,0,0,0,1,0,9,0,0,9,0,0,0,0,7,0.0,7,1.0,7,0,9,0,7,0,0,7,0,1,0,0,0,0,0,7,7,37,3466,3389,24,0,7,15,1.0,86,2,2492,27,411,65,30624
2025-07-10,argo,com.grab.sizer.analyzer,BasicApkAnalyzerTest,testBasicApkAnalyzerShouldReportProperNativeLibSize,1,2,0.0,1,1.0,0,0,1,0,5,0,1,0,1.0,0,2,1,2,1.0,1,2.3333333333333335,0,1,0.0,0,1.0,1.0,60,34,0.0,7,9,0,0,0,0,1,0,9,0,0,9,0,0,0,0,7,0.0,7,1.0,7,0,9,0,7,0,0,7,0,1,0,0,0,0,0,7,7,37,3466,3389,24,0,7,15,1.0,86,2,2492,27,411,65,30624
2025-07-10,argo,com.grab.sizer.analyzer,BasicApkAnalyzerTest,testBasicApkAnalyzerShouldReportProperAssetSize,1,2,0.0,1,1.0,0,0,1,0,5,0,1,0,1.0,0,2,1,2,1.0,1,2.3333333333333335,0,1,0.0,0,1.0,1.0,60,34,0.0,7,9,0,0,0,0,1,0,9,0,0,9,0,0,0,0,7,0.0,7,1.0,7,0,9,0,7,0,0,7,0,1,0,0,0,0,0,7,7,37,3466,3389,24,0,7,15,1.0,86,2,2492,27,411,65,30624
2025-07-10,argo,com.grab.sizer.analyzer,BasicApkAnalyzerTest,testBasicApkAnalyzerShouldReportProperOtherSize,1,2,0.0,1,1.0,0,0,1,0,5,0,1,0,1.0,0,2,1,2,1.0,1,2.3333333333333335,0,1,0.0,0,1.0,1.0,60,34,0.0,7,9,0,0,0,0,1,0,9,0,0,9,0,0,0,0,7,0.0,7,1.0,7,0,9,0,7,0,0,7,0,1,0,0,0,0,0,7,7,37,3466,3389,24,0,7,15,1.0,86,2,2492,27,411,65,30624
2025-07-10,argo,com.grab.sizer.analyzer,BasicApkAnalyzerTest,testBasicApkAnalyzerShouldReportProperCodeSize,1,2,0.0,1,1.0,0,0,1,0,5,0,1,0,1.0,0,2,1,2,1.0,1,2.3333333333333335,0,1,0.0,0,1.0,1.0,60,34,0.0,7,9,0,0,0,0,1,0,9,0,0,9,0,0,0,0,7,0.0,7,1.0,7,0,9,0,7,0,0,7,0,1,0,0,0,0,0,7,7,37,3466,3389,24,0,7,15,1.0,86,2,2492,27,411,65,30624
2025-07-10,argo,com.grab.sizer.analyzer,CodebaseAnalyzerTest,testCodebaseAnalyzerWithProject1Data,1,1,0.0,2,1.0,1,0,1,0,4,0,1,0,1.0,0,2,1,3,2.0,2,2.5,0,1,0.0,0,0.7142857142857143,1.0,58,40,0.0,7,5,0,0,0,0,3,0,5,0,0,5,0,0,0,0,7,0.0,7,1.0,7,0,9,0,7,0,0,7,2,2,0,0,0,0,0,7,7,37,3466,3389,24,0,9,35,0.0,86,2,2492,27,411,65,30624
2025-07-10,argo,com.grab.sizer.analyzer,CodebaseAnalyzerTest,testCodebaseAnalyzerShouldReportCorrectNumberOfTeams,1,1,0.0,2,1.0,1,0,1,0,4,0,1,0,1.0,0,1,1,3,1.0,1,2.5,0,1,0.0,0,0.7142857142857143,1.0,58,40,0.0,7,5,0,0,0,0,3,0,5,0,0,5,0,0,0,0,7,0.0,7,1.0,7,0,9,0,7,0,0,7,2,2,0,0,0,0,0,7,7,37,3466,3389,24,0,9,35,0.0,86,2,2492,27,411,65,30624
2025-07-10,argo,com.grab.sizer.analyzer,CodebaseAnalyzerTest,testCodebaseAnalyzerShouldReportCorrectTeamNames,1,3,0.0,2,1.0,1,0,1,0,6,0,1,0,1.0,0,1,1,7,0.33,1,2.25,0,1,0.0,0,0.7142857142857143,1.0,58,40,0.0,7,5,0,0,0,0,3,0,5,0,0,5,0,0,0,0,7,0.0,7,1.0,7,0,9,0,7,0,0,7,2,2,0,0,0,0,0,7,7,37,3466,3389,24,0,9,35,0.0,86,2,2492,27,411,65,30624
2025-07-10,argo,com.grab.sizer.analyzer,CodebaseAnalyzerTest,testCodebaseAnalyzerShouldReportCorrectTeam1Size,1,2,0.0,2,1.0,1,0,1,0,6,0,1,0,1.0,0,1,2,6,0.5,1,2.3333333333333335,0,2,0.0,0,0.7142857142857143,1.0,58,40,0.0,7,5,0,0,0,0,3,0,5,0,0,5,0,0,0,0,7,0.0,7,1.0,7,0,9,0,7,0,0,7,2,2,0,0,0,0,0,7,7,37,3466,3389,24,0,9,35,0.0,86,2,2492,27,411,65,30624
2025-07-10,argo,com.grab.sizer.analyzer,CodebaseAnalyzerTest,testCodebaseAnalyzerShouldReportCorrectTeam2Size,1,2,0.0,2,1.0,1,0,1,0,6,0,1,0,1.0,0,1,2,6,0.5,1,2.3333333333333335,0,2,0.0,0,0.7142857142857143,1.0,58,40,0.0,7,5,0,0,0,0,3,0,5,0,0,5,0,0,0,0,7,0.0,7,1.0,7,0,9,0,7,0,0,7,2,2,0,0,0,0,0,7,7,37,3466,3389,24,0,9,35,0.0,86,2,2492,27,411,65,30624
2025-07-10,argo,com.grab.sizer.analyzer,CodebaseAnalyzerTest,testCodebaseAnalyzerShouldReportCorrectContributorFields,1,2,0.0,2,1.0,1,0,1,0,8,0,1,0,1.0,0,1,1,4,0.5,1,2.3333333333333335,0,1,0.0,0,0.7142857142857143,1.0,58,40,0.0,7,5,0,0,0,0,3,0,5,0,0,5,0,0,0,0,7,0.0,7,1.0,7,0,9,0,7,0,0,7,2,2,0,0,0,0,0,7,7,37,3466,3389,24,0,9,35,0.0,86,2,2492,27,411,65,30624
2025-07-10,argo,com.grab.sizer.analyzer,CodebaseAnalyzerTest,testCodebaseAnalyzerShouldHandleModuleAarNotBelongToBuildFolder,1,3,0.0,2,1.0,1,0,1,0,6,0,1,0,1.0,0,2,1,6,0.67,1,2.0,0,1,0.0,0,0.7142857142857143,1.0,58,40,0.0,7,5,0,0,0,0,3,0,5,0,0,5,0,0,0,0,7,0.0,7,1.0,7,0,9,0,7,0,0,7,2,2,0,0,0,0,0,7,7,37,3466,3389,24,0,9,35,0.0,86,2,2492,27,411,65,30624
2025-07-10,argo,com.grab.sizer.analyzer,LibContentAnalyzerTest,testLibContentAnalyzerWithProject1Data,1,1,0.0,2,1.0,0,0,1,0,4,0,1,0,1.0,0,2,1,3,2.0,2,2.5,0,1,0.0,0,1.0,1.0,42,28,0.0,5,4,0,0,0,0,1,0,4,0,0,4,0,0,0,0,5,0.0,5,1.0,5,0,4,0,5,0,0,5,1,1,0,0,0,0,0,5,5,37,3466,3389,24,0,5,37,1.0,86,2,2492,27,411,65,30624
2025-07-10,argo,com.grab.sizer.analyzer,LibContentAnalyzerTest,testLibContentAnalyzerShouldReportCorrectNumberOfItems,1,1,0.0,2,1.0,0,0,1,0,4,0,1,0,1.0,0,1,1,4,1.0,1,3.0,0,1,0.0,0,1.0,1.0,42,28,0.0,5,4,0,0,0,0,1,0,4,0,0,4,0,0,0,0,5,0.0,5,1.0,5,0,4,0,5,0,0,5,1,1,0,0,0,0,0,5,5,37,3466,3389,24,0,5,37,1.0,86,2,2492,27,411,65,30624
2025-07-10,argo,com.grab.sizer.analyzer,LibContentAnalyzerTest,testLibContentAnalyzerShouldReportCorrectItemNames,1,3,0.0,3,1.0,0,0,1,0,6,0,1,0,1.0,0,1,1,10,0.33,1,2.5,0,1,0.0,0,1.0,1.0,42,28,0.0,5,4,0,0,0,0,1,0,4,0,0,4,0,0,0,0,5,0.0,5,1.0,5,0,4,0,5,0,0,5,1,1,0,0,0,0,0,5,5,37,3466,3389,24,0,5,37,1.0,86,2,2492,27,411,65,30624
2025-07-10,argo,com.grab.sizer.analyzer,LibContentAnalyzerTest,testLibContentAnalyzerShouldReportCorrectItemTypes,1,3,0.0,3,1.0,0,0,1,0,7,0,1,0,1.0,0,1,1,10,0.33,1,2.533333333333333,0,1,0.0,0,1.0,1.0,42,28,0.0,5,4,0,0,0,0,1,0,4,0,0,4,0,0,0,0,5,0.0,5,1.0,5,0,4,0,5,0,0,5,1,1,0,0,0,0,0,5,5,37,3466,3389,24,0,5,37,1.0,86,2,2492,27,411,65,30624
2025-07-10,argo,com.grab.sizer.analyzer,LibContentAnalyzerTest,testLibContentAnalyzerShouldReportCorrectItemSizes,1,3,0.0,3,1.0,0,0,1,0,7,0,1,0,1.0,0,1,1,10,0.33,1,2.533333333333333,0,1,0.0,0,1.0,1.0,42,28,0.0,5,4,0,0,0,0,1,0,4,0,0,4,0,0,0,0,5,0.0,5,1.0,5,0,4,0,5,0,0,5,1,1,0,0,0,0,0,5,5,37,3466,3389,24,0,5,37,1.0,86,2,2492,27,411,65,30624
2025-07-10,argo,com.grab.sizer.analyzer,LibrariesAnalyzerTest,testApkAnalyzerWithProject1Data,1,1,0.0,2,1.0,0,0,1,0,4,0,1,0,1.0,0,2,1,3,2.0,2,2.5,0,1,0.0,0,1.0,1.0,36,23,0.0,4,4,0,0,0,0,1,0,4,0,0,4,0,0,0,0,4,0.0,4,1.0,4,0,4,0,4,0,0,4,1,1,0,0,0,0,0,4,4,37,3466,3389,24,0,4,22,1.0,86,2,2492,27,411,65,30624
2025-07-10,argo,com.grab.sizer.analyzer,LibrariesAnalyzerTest,testLibrariesAnalyzerShouldReportCorrectNumberOfLibraries,1,1,0.0,2,1.0,0,0,1,0,4,0,1,0,1.0,0,1,1,3,1.0,1,2.5,0,1,0.0,0,1.0,1.0,36,23,0.0,4,4,0,0,0,0,1,0,4,0,0,4,0,0,0,0,4,0.0,4,1.0,4,0,4,0,4,0,0,4,1,1,0,0,0,0,0,4,4,37,3466,3389,24,0,4,22,1.0,86,2,2492,27,411,65,30624
2025-07-10,argo,com.grab.sizer.analyzer,LibrariesAnalyzerTest,testLibrariesAnalyzerShouldReportCorrectLibraryNames,1,3,0.0,2,1.0,0,0,1,0,6,0,1,0,1.0,0,1,1,7,0.33,1,2.25,0,1,0.0,0,1.0,1.0,36,23,0.0,4,4,0,0,0,0,1,0,4,0,0,4,0,0,0,0,4,0.0,4,1.0,4,0,4,0,4,0,0,4,1,1,0,0,0,0,0,4,4,37,3466,3389,24,0,4,22,1.0,86,2,2492,27,411,65,30624
2025-07-10,argo,com.grab.sizer.analyzer,LibrariesAnalyzerTest,testLibrariesAnalyzerShouldReportCorrectLibrarySizes,1,4,0.0,2,1.0,0,0,1,0,9,0,1,0,1.0,0,1,1,9,0.25,1,2.375,0,1,0.0,0,1.0,1.0,36,23,0.0,4,4,0,0,0,0,1,0,4,0,0,4,0,0,0,0,4,0.0,4,1.0,4,0,4,0,4,0,0,4,1,1,0,0,0,0,0,4,4,37,3466,3389,24,0,4,22,1.0,86,2,2492,27,411,65,30624
2025-07-10,argo,com.grab.sizer.analyzer,ModuleAnalyzerTest,testModuleAnalyzerWithProject1Data,1,1,0.0,2,1.0,0,0,1,0,4,0,1,0,1.0,0,2,1,3,2.0,2,2.5,0,1,0.0,0,1.0,1.0,53,36,0.0,6,5,0,0,0,0,1,0,5,0,0,5,0,0,0,0,6,0.0,6,1.0,6,0,5,0,6,0,0,6,2,1,0,0,0,0,0,6,6,37,3466,3389,24,0,6,44,1.0,86,2,2492,27,411,65,30624
2025-07-10,argo,com.grab.sizer.analyzer,ModuleAnalyzerTest,testModuleAnalyzerShouldReportCorrectNumberOfModules,1,1,0.0,2,1.0,0,0,1,0,4,0,1,0,1.0,0,1,1,3,1.0,1,2.5,0,1,0.0,0,1.0,1.0,53,36,0.0,6,5,0,0,0,0,1,0,5,0,0,5,0,0,0,0,6,0.0,6,1.0,6,0,5,0,6,0,0,6,2,1,0,0,0,0,0,6,6,37,3466,3389,24,0,6,44,1.0,86,2,2492,27,411,65,30624
2025-07-10,argo,com.grab.sizer.analyzer,ModuleAnalyzerTest,testModuleAnalyzerShouldReportCorrectModuleNames,1,3,0.0,2,1.0,0,0,1,0,6,0,1,0,1.0,0,1,1,7,0.33,1,2.25,0,1,0.0,0,1.0,1.0,53,36,0.0,6,5,0,0,0,0,1,0,5,0,0,5,0,0,0,0,6,0.0,6,1.0,6,0,5,0,6,0,0,6,2,1,0,0,0,0,0,6,6,37,3466,3389,24,0,6,44,1.0,86,2,2492,27,411,65,30624
2025-07-10,argo,com.grab.sizer.analyzer,ModuleAnalyzerTest,testModuleAnalyzerShouldReportCorrectModuleSizes,1,1,0.0,2,1.0,0,0,1,0,8,0,1,0,1.0,0,1,1,12,1.0,1,2.3846153846153846,0,1,0.0,0,1.0,1.0,53,36,0.0,6,5,0,0,0,0,1,0,5,0,0,5,0,0,0,0,6,0.0,6,1.0,6,0,5,0,6,0,0,6,2,1,0,0,0,0,0,6,6,37,3466,3389,24,0,6,44,1.0,86,2,2492,27,411,65,30624
2025-07-10,argo,com.grab.sizer.analyzer,ModuleAnalyzerTest,testModuleAnalyzerShouldReportCorrectTeamOwnership,1,1,0.0,2,1.0,0,0,1,0,8,0,1,0,1.0,0,1,1,12,1.0,1,2.3846153846153846,0,1,0.0,0,1.0,1.0,53,36,0.0,6,5,0,0,0,0,1,0,5,0,0,5,0,0,0,0,6,0.0,6,1.0,6,0,5,0,6,0,0,6,2,1,0,0,0,0,0,6,6,37,3466,3389,24,0,6,44,1.0,86,2,2492,27,411,65,30624
2025-07-10,argo,com.grab.sizer.analyzer,ModuleAnalyzerTest,testModuleAnalyzerShouldHandleModuleAarNotBelongToBuildFolder,1,3,0.0,3,1.0,0,0,1,0,6,0,1,0,1.0,0,2,1,7,1.0,2,2.2,0,1,0.0,0,1.0,1.0,53,36,0.0,6,5,0,0,0,0,1,0,5,0,0,5,0,0,0,0,6,0.0,6,1.0,6,0,5,0,6,0,0,6,2,1,0,0,0,0,0,6,6,37,3466,3389,24,0,6,44,1.0,86,2,2492,27,411,65,30624
2025-07-10,argo,com.grab.sizer.analyzer,YmlTeamMappingTest,testTeamToModuleMapping,1,3,0.0,5,1.0,0,0,1,0,15,0,1,0,1.0,0,1,1,9,0.33,1,2.6,0,1,0.0,0,0.6,1.0,71,63,0.0,5,1,0,0,0,0,3,0,0,0,0,1,0,0,0,0,5,0.4,5,1.0,5,0,1,0,5,0,0,5,1,1,0,0,0,0,0,5,5,37,3466,3389,24,0,6,43,1.0,86,2,2492,27,411,65,30624
2025-07-10,argo,com.grab.sizer.analyzer,YmlTeamMappingTest,testModuleToTeamMapping,1,3,0.0,7,0.7143,0,0,1,0,17,0,1,0,1.0,0,1,1,11,0.33,1,2.4285714285714284,0,1,0.0,0,0.6,1.0,71,63,0.0,5,1,0,0,0,0,3,0,0,0,0,1,0,0,0,0,5,0.4,5,1.0,5,0,1,0,5,0,0,5,1,1,0,0,0,0,0,5,5,37,3466,3389,24,0,6,43,1.0,86,2,2492,27,411,65,30624
2025-07-10,argo,com.grab.sizer.analyzer,YmlTeamMappingTest,testYamlFileWithNoModules,1,3,0.0,6,0.6667,0,0,1,0,12,0,1,0,1.0,0,1,2,13,0.33,1,3.0,0,2,0.0,0,0.6,1.0,71,63,0.0,5,1,0,0,0,0,3,0,0,0,0,1,0,0,0,0,5,0.4,5,1.0,5,0,1,0,5,0,0,5,1,1,0,0,0,0,0,5,5,37,3466,3389,24,0,6,43,1.0,86,2,2492,27,411,65,30624
2025-07-10,argo,com.grab.sizer.analyzer,YmlTeamMappingTest,testTrimmingOfColonInModuleNames,1,3,0.0,5,0.8,0,0,1,0,15,0,1,0,1.0,0,1,1,8,0.33,1,2.4,0,1,0.0,0,0.6,1.0,71,63,0.0,5,1,0,0,0,0,3,0,0,0,0,1,0,0,0,0,5,0.4,5,1.0,5,0,1,0,5,0,0,5,1,1,0,0,0,0,0,5,5,37,3466,3389,24,0,6,43,1.0,86,2,2492,27,411,65,30624
2025-07-10,argo,com.grab.sizer.analyzer,YmlTeamMappingTest,testNonExistentFileThrowsException,1,1,0.0,2,1.0,0,0,1,0,4,0,1,0,0.0,0,0,1,2,0.0,0,2.0,0,1,0.0,0,0.6,1.0,71,63,0.0,5,1,0,0,0,0,3,0,0,0,0,1,0,0,0,0,5,0.4,5,1.0,5,0,1,0,5,0,0,5,1,1,0,0,0,0,0,5,5,37,3466,3389,24,0,6,43,1.0,86,2,2492,27,411,65,30624
2025-07-10,argo,com.grab.sizer.analyzer.mapper,AssetComponentMapperTest,assetsAnalyzerShouldResultNoOwnerAssetProperly,1,6,0.0,4,0.8333,0,0,1,0,10,0,1,0,1.0,0,4,1,17,0.67,2,2.3076923076923075,0,1,0.0,0,1.0,1.0,34,23,0.0,2,4,0,0,0,0,1,0,4,0,0,4,0,0,0,0,2,0.0,2,1.0,2,0,4,0,2,0,0,2,0,1,0,0,0,0,0,2,2,37,3466,3389,14,0,2,38,1.0,39,2,1288,27,411,23,30624
2025-07-10,argo,com.grab.sizer.analyzer.mapper,AssetComponentMapperTest,assetsAnalyzerShouldResultTheProperAssetFilesContributedToApk,1,6,0.0,4,0.8333,0,0,1,0,13,0,1,0,1.0,0,4,1,21,0.67,2,2.3684210526315788,0,1,0.0,0,1.0,1.0,34,23,0.0,2,4,0,0,0,0,1,0,4,0,0,4,0,0,0,0,2,0.0,2,1.0,2,0,4,0,2,0,0,2,0,1,0,0,0,0,0,2,2,37,3466,3389,14,0,2,38,1.0,39,2,1288,27,411,23,30624
2025-07-10,argo,com.grab.sizer.analyzer.mapper,ClassComponentMapperTest,classMapperShouldHandleGeneratedInnerLambda,1,9,0.0,5,0.9091,0,0,1,0,15,0,1,0,0.0,0,0,1,21,0.0,2,2.8333333333333335,0,1,0.0,0,0.42857142857142855,1.0,78,62,0.42857142857142855,7,4,0,0,0,1,1,0,4,0,0,4,0,0,0,0,7,0.23809523809523814,7,1.0,7,0,4,0,5,2,0,5,2,1,0,0,0,0,0,7,7,37,3466,3389,14,0,5,83,1.0,39,2,1288,27,411,23,30624
2025-07-10,argo,com.grab.sizer.analyzer.mapper,ClassComponentMapperTest,classMapperShouldHandleGeneratedLambdaProperly,1,6,0.0,5,0.875,0,0,1,0,11,0,1,0,0.0,0,0,1,18,0.0,2,2.6153846153846154,0,1,0.0,0,0.42857142857142855,1.0,78,62,0.42857142857142855,7,4,0,0,0,1,1,0,4,0,0,4,0,0,0,0,7,0.23809523809523814,7,1.0,7,0,4,0,5,2,0,5,2,1,0,0,0,0,0,7,7,37,3466,3389,14,0,5,83,1.0,39,2,1288,27,411,23,30624
2025-07-10,argo,com.grab.sizer.analyzer.mapper,ClassComponentMapperTest,classMapperShouldResultNoOwnerClassProperly,1,4,2.0,3,1.0,0,0,1,0,8,0,1,2,1.0,2,2,1,9,0.5,2,2.2857142857142856,0,1,0.0,0,0.42857142857142855,1.0,78,62,0.42857142857142855,7,4,0,0,0,1,1,0,4,0,0,4,0,0,0,0,7,0.23809523809523814,7,1.0,7,0,4,0,5,2,0,5,2,1,0,0,0,0,0,7,7,37,3466,3389,14,0,5,83,1.0,39,2,1288,27,411,23,30624
2025-07-10,argo,com.grab.sizer.analyzer.mapper,ClassComponentMapperTest,createAarWithClass1AndClass3,1,0,0.0,1,1.0,0,0,1,0,1,0,1,0,1.0,0,2,0,2,2.0,2,2.0,0,0,0.0,0,0.42857142857142855,1.0,78,62,0.42857142857142855,7,4,0,0,0,1,1,0,4,0,0,4,0,0,0,0,7,0.23809523809523814,7,1.0,7,0,4,0,5,2,0,5,2,1,0,0,0,0,0,7,7,37,3466,3389,14,0,5,83,1.0,39,2,1288,27,411,23,30624
2025-07-10,argo,com.grab.sizer.analyzer.mapper,ClassComponentMapperTest,createApkWithClass1Class2AndNoOwner,1,2,0.0,1,1.0,0,0,1,0,5,0,1,0,1.0,0,3,0,2,1.5,1,2.0,0,0,0.0,0,0.42857142857142855,1.0,78,62,0.42857142857142855,7,4,0,0,0,1,1,0,4,0,0,4,0,0,0,0,7,0.23809523809523814,7,1.0,7,0,4,0,5,2,0,5,2,1,0,0,0,0,0,7,7,37,3466,3389,14,0,5,83,1.0,39,2,1288,27,411,23,30624
2025-07-10,argo,com.grab.sizer.analyzer.mapper,ClassComponentMapperTest,classMapperShouldResultTheProperBinaryContributedToApk,1,5,1.0,5,0.7143,0,0,1,0,11,0,1,1,1.0,1,3,1,15,0.6,2,2.5833333333333335,0,1,0.0,0,0.42857142857142855,1.0,78,62,0.42857142857142855,7,4,0,0,0,1,1,0,4,0,0,4,0,0,0,0,7,0.23809523809523814,7,1.0,7,0,4,0,5,2,0,5,2,1,0,0,0,0,0,7,7,37,3466,3389,14,0,5,83,1.0,39,2,1288,27,411,23,30624
2025-07-10,argo,com.grab.sizer.analyzer.mapper,ClassComponentMapperTest,classMapperShouldResultTheCorrectClassesContributedToApk,1,5,1.0,4,0.8333,0,0,1,0,11,0,1,1,1.0,1,3,1,16,0.6,2,2.2857142857142856,0,1,0.0,0,0.42857142857142855,1.0,78,62,0.42857142857142855,7,4,0,0,0,1,1,0,4,0,0,4,0,0,0,0,7,0.23809523809523814,7,1.0,7,0,4,0,5,2,0,5,2,1,0,0,0,0,0,7,7,37,3466,3389,14,0,5,83,1.0,39,2,1288,27,411,23,30624
2025-07-10,argo,com.grab.sizer.analyzer.mapper,NativeLibComponentMapperTest,nativeLibMapperShouldResultProperContributors,1,4,0.0,4,0.8333,0,0,1,0,11,0,1,0,1.0,0,3,1,19,0.75,2,2.2777777777777777,0,1,0.0,0,1.0,1.0,50,35,0.0,4,5,0,0,0,0,1,0,5,0,0,5,0,0,0,0,4,0.0,4,1.0,4,0,5,0,4,0,0,4,0,1,0,0,0,0,0,4,4,37,3466,3389,14,0,4,61,1.0,39,2,1288,27,411,23,30624
2025-07-10,argo,com.grab.sizer.analyzer.mapper,NativeLibComponentMapperTest,nativeLibMapperShouldHandleDiffOnPathBetweenApkAndJar,1,4,0.0,4,0.8333,0,0,1,0,9,0,1,0,1.0,0,5,1,17,1.25,2,2.2,0,1,0.0,0,1.0,1.0,50,35,0.0,4,5,0,0,0,0,1,0,5,0,0,5,0,0,0,0,4,0.0,4,1.0,4,0,5,0,4,0,0,4,0,1,0,0,0,0,0,4,4,37,3466,3389,14,0,4,61,1.0,39,2,1288,27,411,23,30624
2025-07-10,argo,com.grab.sizer.analyzer.mapper,NativeLibComponentMapperTest,nativeLibMapperShouldNotResultNoUseNativeLib,1,4,0.0,3,1.0,0,0,1,0,7,0,1,0,1.0,0,5,1,12,1.25,2,2.090909090909091,0,1,0.0,0,1.0,1.0,50,35,0.0,4,5,0,0,0,0,1,0,5,0,0,5,0,0,0,0,4,0.0,4,1.0,4,0,5,0,4,0,0,4,0,1,0,0,0,0,0,4,4,37,3466,3389,14,0,4,61,1.0,39,2,1288,27,411,23,30624
2025-07-10,argo,com.grab.sizer.analyzer.mapper,NativeLibComponentMapperTest,nativeLibMapperShouldResultProperNoOwnerLip,1,4,0.0,3,1.0,0,0,1,0,8,0,1,0,1.0,0,4,1,13,1.0,2,2.1538461538461537,0,1,0.0,0,1.0,1.0,50,35,0.0,4,5,0,0,0,0,1,0,5,0,0,5,0,0,0,0,4,0.0,4,1.0,4,0,5,0,4,0,0,4,0,1,0,0,0,0,0,4,4,37,3466,3389,14,0,4,61,1.0,39,2,1288,27,411,23,30624
2025-07-10,argo,com.grab.sizer.analyzer.mapper,ResourceComponentMapperTest,resourceMapperShouldResultProperContributors,1,4,0.0,3,1.0,0,0,1,0,10,0,1,0,1.0,0,4,1,17,1.0,2,2.2,0,1,0.0,0,1.0,1.0,71,56,0.0,6,4,0,0,0,0,1,0,4,0,0,4,0,0,0,0,6,0.0,6,1.0,6,0,4,0,6,0,0,6,0,1,0,0,0,0,0,6,6,37,3466,3389,14,0,6,85,1.0,39,2,1288,27,411,23,30624
2025-07-10,argo,com.grab.sizer.analyzer.mapper,ResourceComponentMapperTest,resourceMapperShouldFlagOutNoOwnerItem,1,4,0.0,3,1.0,0,0,1,0,8,0,1,0,1.0,0,4,1,14,1.0,2,2.125,0,1,0.0,0,1.0,1.0,71,56,0.0,6,4,0,0,0,0,1,0,4,0,0,4,0,0,0,0,6,0.0,6,1.0,6,0,4,0,6,0,0,6,0,1,0,0,0,0,0,6,6,37,3466,3389,14,0,6,85,1.0,39,2,1288,27,411,23,30624
2025-07-10,argo,com.grab.sizer.analyzer.mapper,ResourceComponentMapperTest,resourceMapperShouldNotIncludeNoUseResource,1,4,0.0,3,1.0,0,0,1,0,8,0,1,0,1.0,0,4,1,14,1.0,2,2.1333333333333333,0,1,0.0,0,1.0,1.0,71,56,0.0,6,4,0,0,0,0,1,0,4,0,0,4,0,0,0,0,6,0.0,6,1.0,6,0,4,0,6,0,0,6,0,1,0,0,0,0,0,6,6,37,3466,3389,14,0,6,85,1.0,39,2,1288,27,411,23,30624
2025-07-10,argo,com.grab.sizer.analyzer.mapper,ResourceComponentMapperTest,classMapperShouldHandleDiffOnPathWithSpecialCharacter,1,5,0.0,5,0.8571,0,0,1,0,10,0,1,0,1.0,0,1,1,13,0.2,2,2.272727272727273,0,1,0.0,0,1.0,1.0,71,56,0.0,6,4,0,0,0,0,1,0,4,0,0,4,0,0,0,0,6,0.0,6,1.0,6,0,4,0,6,0,0,6,0,1,0,0,0,0,0,6,6,37,3466,3389,14,0,6,85,1.0,39,2,1288,27,411,23,30624
2025-07-10,argo,com.grab.sizer.analyzer.mapper,ResourceComponentMapperTest,classMapperShouldHandleDiffOnPathMinSupportSdkVersion,1,5,0.0,5,0.8571,0,0,1,0,10,0,1,0,1.0,0,1,1,13,0.2,2,2.272727272727273,0,1,0.0,0,1.0,1.0,71,56,0.0,6,4,0,0,0,0,1,0,4,0,0,4,0,0,0,0,6,0.0,6,1.0,6,0,4,0,6,0,0,6,0,1,0,0,0,0,0,6,6,37,3466,3389,14,0,6,85,1.0,39,2,1288,27,411,23,30624
2025-07-10,argo,com.grab.sizer.analyzer.mapper,ResourceComponentMapperTest,classMapperShouldHandleDiffOnPathForAllCases,1,5,0.0,5,0.8571,0,0,1,0,10,0,1,0,1.0,0,1,1,14,0.2,2,2.25,0,1,0.0,0,1.0,1.0,71,56,0.0,6,4,0,0,0,0,1,0,4,0,0,4,0,0,0,0,6,0.0,6,1.0,6,0,4,0,6,0,0,6,0,1,0,0,0,0,0,6,6,37,3466,3389,14,0,6,85,1.0,39,2,1288,27,411,23,30624
2025-07-10,argo,com.grab.sizer.parser,DefaultAarFileParserTest,setup,1,0,0.0,0,0.0,1,1,2,0,4,0,1,0,1.0,0,2,2,2,2.0,0,0.0,0,0,0.0,0,0.8,1.0,125,93,0.8888888888888888,9,3,0,0,0,3,4,0,2,0,0,1,0,0,2,0,10,0.37777777777777777,10,1.0,10,0,3,0,9,1,0,9,9,1,0,0,0,0,0,11,11,37,3466,3389,23,0,19,130,1.1,49,8,1373,27,411,33,30624
2025-07-10,argo,com.grab.sizer.parser,DefaultAarFileParserTest,parseAarsShouldCorrectlyParseResourceFiles,1,3,1.0,5,1.0,1,1,2,0,9,0,1,1,1.0,1,1,2,14,0.33,1,2.230769230769231,0,2,0.0,0,0.8,1.0,125,93,0.8888888888888888,9,3,0,0,0,3,4,0,2,0,0,1,0,0,2,0,10,0.37777777777777777,10,1.0,10,0,3,0,9,1,0,9,9,1,0,0,0,0,0,11,11,37,3466,3389,23,0,19,130,1.1,49,8,1373,27,411,33,30624
2025-07-10,argo,com.grab.sizer.parser,DefaultAarFileParserTest,parseAarsShouldCorrectlyParseAssetFiles,1,3,1.0,5,1.0,1,1,2,0,9,0,1,1,1.0,1,1,2,14,0.33,1,2.230769230769231,0,2,0.0,0,0.8,1.0,125,93,0.8888888888888888,9,3,0,0,0,3,4,0,2,0,0,1,0,0,2,0,10,0.37777777777777777,10,1.0,10,0,3,0,9,1,0,9,9,1,0,0,0,0,0,11,11,37,3466,3389,23,0,19,130,1.1,49,8,1373,27,411,33,30624
2025-07-10,argo,com.grab.sizer.parser,DefaultAarFileParserTest,parseAarsShouldCorrectlyParseNativeLibraries,1,3,1.0,5,1.0,1,1,2,0,9,0,1,1,1.0,1,1,2,14,0.33,1,2.230769230769231,0,2,0.0,0,0.8,1.0,125,93,0.8888888888888888,9,3,0,0,0,3,4,0,2,0,0,1,0,0,2,0,10,0.37777777777777777,10,1.0,10,0,3,0,9,1,0,9,9,1,0,0,0,0,0,11,11,37,3466,3389,23,0,19,130,1.1,49,8,1373,27,411,33,30624
2025-07-10,argo,com.grab.sizer.parser,DefaultAarFileParserTest,parseAarsShouldCorrectlyParseJarFiles,1,4,1.0,8,1.0,1,1,2,0,11,0,1,1,1.0,1,2,2,14,0.5,1,2.3333333333333335,0,1,0.0,0,0.8,1.0,125,93,0.8888888888888888,9,3,0,0,0,3,4,0,2,0,0,1,0,0,2,0,10,0.37777777777777777,10,1.0,10,0,3,0,9,1,0,9,9,1,0,0,0,0,0,11,11,37,3466,3389,23,0,19,130,1.1,49,8,1373,27,411,33,30624
2025-07-10,argo,com.grab.sizer.parser,DefaultAarFileParserTest,parseAarsShouldCorrectlyParseOtherFiles,1,3,1.0,5,1.0,1,1,2,0,9,0,1,1,1.0,1,1,2,14,0.33,1,2.230769230769231,0,2,0.0,0,0.8,1.0,125,93,0.8888888888888888,9,3,0,0,0,3,4,0,2,0,0,1,0,0,2,0,10,0.37777777777777777,10,1.0,10,0,3,0,9,1,0,9,9,1,0,0,0,0,0,11,11,37,3466,3389,23,0,19,130,1.1,49,8,1373,27,411,33,30624
2025-07-10,argo,com.grab.sizer.parser,DefaultAarFileParserTest,parseAarsShouldCorrectlyHandleMixedContent,1,3,1.0,10,0.6,1,1,2,0,12,0,1,1,1.0,1,2,2,22,0.67,1,2.2941176470588234,0,1,0.0,0,0.8,1.0,125,93,0.8888888888888888,9,3,0,0,0,3,4,0,2,0,0,1,0,0,2,0,10,0.37777777777777777,10,1.0,10,0,3,0,9,1,0,9,9,1,0,0,0,0,0,11,11,37,3466,3389,23,0,19,130,1.1,49,8,1373,27,411,33,30624
2025-07-10,argo,com.grab.sizer.parser,DefaultAarFileParserTest,parseAarsShouldCorrectlyParseMultipleAars,1,5,1.0,5,1.0,1,1,2,0,12,0,1,2,1.0,1,1,2,11,0.2,1,2.142857142857143,0,2,0.0,0,0.8,1.0,125,93,0.8888888888888888,9,3,0,0,0,3,4,0,2,0,0,1,0,0,2,0,10,0.37777777777777777,10,1.0,10,0,3,0,9,1,0,9,9,1,0,0,0,0,0,11,11,37,3466,3389,23,0,19,130,1.1,49,8,1373,27,411,33,30624
2025-07-10,argo,com.grab.sizer.parser,DefaultAarFileParserTest,parseAarsShouldHandleEmptyAarFiles,1,3,1.0,11,0.6364,1,1,2,0,13,0,1,1,1.0,1,1,2,17,0.33,1,2.4166666666666665,0,2,0.0,0,0.8,1.0,125,93,0.8888888888888888,9,3,0,0,0,3,4,0,2,0,0,1,0,0,2,0,10,0.37777777777777777,10,1.0,10,0,3,0,9,1,0,9,9,1,0,0,0,0,0,11,11,37,3466,3389,23,0,19,130,1.1,49,8,1373,27,411,33,30624
2025-07-10,argo,com.grab.sizer.parser,DefaultAarFileParserTest,createTestAar,2,1,0.0,6,0.6667,1,1,2,0,9,0,2,0,0.3333333333333333,0,1,1,8,0.33,2,2.142857142857143,2,1,0.0,0,0.8,1.0,125,93,0.8888888888888888,9,3,0,0,0,3,4,0,2,0,0,1,0,0,2,0,10,0.37777777777777777,10,1.0,10,0,3,0,9,1,0,9,9,1,0,0,0,0,0,11,11,37,3466,3389,23,0,19,130,1.1,49,8,1373,27,411,33,30624
2025-07-10,argo,com.grab.sizer.parser,DefaultApkFileParserTest,setup,1,0,0.0,0,0.0,1,1,3,0,5,0,1,0,1.0,0,3,3,3,3.0,0,0.0,0,0,0.0,0,0.6222222222222222,1.0,136,87,0.7777777777777778,9,4,0,0,0,4,4,0,3,0,0,1,0,0,3,0,10,0.48888888888888893,10,1.0,10,0,4,0,8,2,0,8,9,1,0,0,0,0,0,16,16,37,3466,3389,23,0,23,123,1.2,49,8,1373,27,411,33,30624
2025-07-10,argo,com.grab.sizer.parser,DefaultApkFileParserTest,parseApksShouldCorrectlyParseResourceFiles,1,3,2.0,6,1.0,1,1,3,0,10,0,1,2,1.0,2,2,3,15,0.67,1,2.2142857142857144,0,2,0.0,0,0.6222222222222222,1.0,136,87,0.7777777777777778,9,4,0,0,0,4,4,0,3,0,0,1,0,0,3,0,10,0.48888888888888893,10,1.0,10,0,4,0,8,2,0,8,9,1,0,0,0,0,0,16,16,37,3466,3389,23,0,23,123,1.2,49,8,1373,27,411,33,30624
2025-07-10,argo,com.grab.sizer.parser,DefaultApkFileParserTest,parseApksShouldCorrectlyParseAssetFiles,1,3,2.0,6,1.0,1,1,3,0,10,0,1,2,1.0,2,2,3,15,0.67,1,2.2142857142857144,0,2,0.0,0,0.6222222222222222,1.0,136,87,0.7777777777777778,9,4,0,0,0,4,4,0,3,0,0,1,0,0,3,0,10,0.48888888888888893,10,1.0,10,0,4,0,8,2,0,8,9,1,0,0,0,0,0,16,16,37,3466,3389,23,0,23,123,1.2,49,8,1373,27,411,33,30624
2025-07-10,argo,com.grab.sizer.parser,DefaultApkFileParserTest,parseApksShouldCorrectlyParseNativeLibraries,1,3,2.0,6,1.0,1,1,3,0,10,0,1,2,1.0,2,2,3,15,0.67,1,2.2142857142857144,0,2,0.0,0,0.6222222222222222,1.0,136,87,0.7777777777777778,9,4,0,0,0,4,4,0,3,0,0,1,0,0,3,0,10,0.48888888888888893,10,1.0,10,0,4,0,8,2,0,8,9,1,0,0,0,0,0,16,16,37,3466,3389,23,0,23,123,1.2,49,8,1373,27,411,33,30624
2025-07-10,argo,com.grab.sizer.parser,DefaultApkFileParserTest,parseApksShouldCorrectlyParseDexFiles,1,3,2.0,7,1.0,1,1,3,0,11,0,1,2,1.0,2,3,3,18,1.0,1,2.25,0,2,0.0,0,0.6222222222222222,1.0,136,87,0.7777777777777778,9,4,0,0,0,4,4,0,3,0,0,1,0,0,3,0,10,0.48888888888888893,10,1.0,10,0,4,0,8,2,0,8,9,1,0,0,0,0,0,16,16,37,3466,3389,23,0,23,123,1.2,49,8,1373,27,411,33,30624
2025-07-10,argo,com.grab.sizer.parser,DefaultApkFileParserTest,parseApksShouldCorrectlyParseOtherFiles,1,3,2.0,6,1.0,1,1,3,0,10,0,1,2,1.0,2,2,3,15,0.67,1,2.2142857142857144,0,2,0.0,0,0.6222222222222222,1.0,136,87,0.7777777777777778,9,4,0,0,0,4,4,0,3,0,0,1,0,0,3,0,10,0.48888888888888893,10,1.0,10,0,4,0,8,2,0,8,9,1,0,0,0,0,0,16,16,37,3466,3389,23,0,23,123,1.2,49,8,1373,27,411,33,30624
2025-07-10,argo,com.grab.sizer.parser,DefaultApkFileParserTest,parseApksShouldCorrectlyHandleMixedContent,1,3,2.0,11,0.6364,1,1,3,0,13,0,1,2,1.0,2,3,2,22,1.0,1,2.375,0,1,0.0,0,0.6222222222222222,1.0,136,87,0.7777777777777778,9,4,0,0,0,4,4,0,3,0,0,1,0,0,3,0,10,0.48888888888888893,10,1.0,10,0,4,0,8,2,0,8,9,1,0,0,0,0,0,16,16,37,3466,3389,23,0,23,123,1.2,49,8,1373,27,411,33,30624
2025-07-10,argo,com.grab.sizer.parser,DefaultApkFileParserTest,parseApksShouldCorrectlyParseMultipleApks,1,5,2.0,6,1.0,1,1,3,0,11,0,1,3,1.0,2,2,2,11,0.4,1,2.1333333333333333,0,1,0.0,0,0.6222222222222222,1.0,136,87,0.7777777777777778,9,4,0,0,0,4,4,0,3,0,0,1,0,0,3,0,10,0.48888888888888893,10,1.0,10,0,4,0,8,2,0,8,9,1,0,0,0,0,0,16,16,37,3466,3389,23,0,23,123,1.2,49,8,1373,27,411,33,30624
2025-07-10,argo,com.grab.sizer.parser,DefaultApkFileParserTest,createTestApk,2,1,0.0,5,0.6,1,1,3,0,9,0,2,0,0.3333333333333333,0,1,1,7,0.33,2,2.1666666666666665,2,1,0.0,0,0.6222222222222222,1.0,136,87,0.7777777777777778,9,4,0,0,0,4,4,0,3,0,0,1,0,0,3,0,10,0.48888888888888893,10,1.0,10,0,4,0,8,2,0,8,9,1,0,0,0,0,0,16,16,37,3466,3389,23,0,23,123,1.2,49,8,1373,27,411,33,30624
2025-07-10,argo,com.grab.sizer.parser,DefaultApkFileParserTest,createMockApkSizeInfo,2,0,0.0,1,1.0,1,1,3,0,3,0,2,0,0.0,0,0,0,2,0.0,0,2.0,0,0,0.0,0,0.6222222222222222,1.0,136,87,0.7777777777777778,9,4,0,0,0,4,4,0,3,0,0,1,0,0,3,0,10,0.48888888888888893,10,1.0,10,0,4,0,8,2,0,8,9,1,0,0,0,0,0,16,16,37,3466,3389,23,0,23,123,1.2,49,8,1373,27,411,33,30624
2025-07-10,argo,com.grab.sizer.parser,DefaultJarFileParserTest,setup,1,0,0.0,0,0.0,0,1,1,0,3,0,1,0,1.0,0,1,1,1,1.0,0,0.0,0,0,0.0,0,0.75,1.0,84,68,0.8571428571428571,7,2,0,0,0,3,4,0,1,0,0,1,0,0,1,0,8,0.4642857142857143,8,1.0,8,0,2,0,7,1,0,7,7,1,0,0,0,0,0,8,8,37,3466,3389,23,0,13,88,1.125,49,8,1373,27,411,33,30624
2025-07-10,argo,com.grab.sizer.parser,DefaultJarFileParserTest,parseJarsShouldCorrectlyParseClassFiles,1,3,1.0,5,1.0,0,1,1,0,9,0,1,1,1.0,1,1,2,14,0.33,1,2.3846153846153846,0,2,0.0,0,0.75,1.0,84,68,0.8571428571428571,7,2,0,0,0,3,4,0,1,0,0,1,0,0,1,0,8,0.4642857142857143,8,1.0,8,0,2,0,7,1,0,7,7,1,0,0,0,0,0,8,8,37,3466,3389,23,0,13,88,1.125,49,8,1373,27,411,33,30624
2025-07-10,argo,com.grab.sizer.parser,DefaultJarFileParserTest,parseJarsShouldCorrectlyParseNativeLibraries,1,3,1.0,5,1.0,0,1,1,0,9,0,1,1,1.0,1,1,2,14,0.33,1,2.230769230769231,0,2,0.0,0,0.75,1.0,84,68,0.8571428571428571,7,2,0,0,0,3,4,0,1,0,0,1,0,0,1,0,8,0.4642857142857143,8,1.0,8,0,2,0,7,1,0,7,7,1,0,0,0,0,0,8,8,37,3466,3389,23,0,13,88,1.125,49,8,1373,27,411,33,30624
2025-07-10,argo,com.grab.sizer.parser,DefaultJarFileParserTest,parseJarsShouldCorrectlyParseOtherFiles,1,3,1.0,5,1.0,0,1,1,0,9,0,1,1,1.0,1,1,2,14,0.33,1,2.230769230769231,0,2,0.0,0,0.75,1.0,84,68,0.8571428571428571,7,2,0,0,0,3,4,0,1,0,0,1,0,0,1,0,8,0.4642857142857143,8,1.0,8,0,2,0,7,1,0,7,7,1,0,0,0,0,0,8,8,37,3466,3389,23,0,13,88,1.125,49,8,1373,27,411,33,30624
2025-07-10,argo,com.grab.sizer.parser,DefaultJarFileParserTest,parseJarsShouldCorrectlyHandleMixedContent,1,3,1.0,7,0.7143,0,1,1,0,9,0,1,1,1.0,1,1,1,13,0.33,1,2.3,0,1,0.0,0,0.75,1.0,84,68,0.8571428571428571,7,2,0,0,0,3,4,0,1,0,0,1,0,0,1,0,8,0.4642857142857143,8,1.0,8,0,2,0,7,1,0,7,7,1,0,0,0,0,0,8,8,37,3466,3389,23,0,13,88,1.125,49,8,1373,27,411,33,30624
2025-07-10,argo,com.grab.sizer.parser,DefaultJarFileParserTest,parseJarsShouldCorrectlyParseMultipleJars,1,5,1.0,5,1.0,0,1,1,0,12,0,1,2,1.0,1,1,2,11,0.2,1,2.142857142857143,0,2,0.0,0,0.75,1.0,84,68,0.8571428571428571,7,2,0,0,0,3,4,0,1,0,0,1,0,0,1,0,8,0.4642857142857143,8,1.0,8,0,2,0,7,1,0,7,7,1,0,0,0,0,0,8,8,37,3466,3389,23,0,13,88,1.125,49,8,1373,27,411,33,30624
2025-07-10,argo,com.grab.sizer.parser,DefaultJarFileParserTest,parseJarsShouldHandleEmptyJarFiles,1,3,1.0,9,0.7778,0,1,1,0,11,0,1,1,1.0,1,1,2,13,0.33,1,2.3,0,2,0.0,0,0.75,1.0,84,68,0.8571428571428571,7,2,0,0,0,3,4,0,1,0,0,1,0,0,1,0,8,0.4642857142857143,8,1.0,8,0,2,0,7,1,0,7,7,1,0,0,0,0,0,8,8,37,3466,3389,23,0,13,88,1.125,49,8,1373,27,411,33,30624
2025-07-10,argo,com.grab.sizer.parser,DefaultJarFileParserTest,createTestJar,2,1,0.0,6,0.6667,0,1,1,0,9,0,2,0,0.3333333333333333,0,1,1,8,0.33,2,2.142857142857143,2,1,0.0,0,0.75,1.0,84,68,0.8571428571428571,7,2,0,0,0,3,4,0,1,0,0,1,0,0,1,0,8,0.4642857142857143,8,1.0,8,0,2,0,7,1,0,7,7,1,0,0,0,0,0,8,8,37,3466,3389,23,0,13,88,1.125,49,8,1373,27,411,33,30624
2025-07-10,argo,com.grab.sizer.gradle,ConfigurablePlugin,apply,1,0,0.0,0,0.0,0,0,1,0,1,0,1,0,0.0,0,0,0,1,0.0,0,0.0,1,0,0.0,0,0.0,0.0,3,1,0.0,1,0,1,1,0,2,0,0,0,0,0,0,0,0,0,0,1,0.0,1,1.0,1,1,0,0,1,0,0,1,0,1,0,0,0,0,0,1,1,37,3466,3389,1,0,0,1,1.0,1,0,39,27,411,1,30624
2025-07-10,argo,com.grab.sizer,AnalyzerCommand,run,1,2,1.0,2,1.0,1,0,1,0,5,0,1,0,1.0,1,3,1,11,3.0,0,3.0,0,1,0.0,0,1.0,1.0,22,10,0.5,2,3,1,1,0,0,1,0,3,0,0,3,0,0,0,0,3,0.0,3,1.5,2,1,3,0,1,1,0,1,0,1,0,0,0,0,0,2,2,37,3466,3389,13,0,1,13,1.5,45,2,1098,27,411,13,30624
2025-07-10,argo,com.grab.sizer,AnalyzerCommand,validateInput,2,0,0.0,1,1.0,1,0,1,0,5,1,2,0,1.0,0,2,0,2,2.0,0,2.0,0,0,0.0,0,1.0,1.0,22,10,0.5,2,3,1,1,0,0,1,0,3,0,0,3,0,0,0,0,3,0.0,3,1.5,2,1,3,0,1,1,0,1,0,1,0,0,0,0,0,2,2,37,3466,3389,13,0,1,13,1.5,45,2,1098,27,411,13,30624
2025-07-10,argo,com.grab.sizer,CliOutputProvider,provideInfluxDbConfig,1,0,0.0,1,1.0,0,0,1,0,1,0,1,0,0.0,0,0,0,3,0.0,0,4.0,0,0,0.0,0,0.0,0.25,11,6,0.0,4,0,4,1,0,4,0,0,0,0,0,0,0,0,0,0,4,1.0,4,1.0,4,4,0,0,4,0,0,4,0,1,0,0,0,0,0,4,4,37,3466,3389,13,0,0,8,1.0,45,2,1098,27,411,13,30624
2025-07-10,argo,com.grab.sizer,CliOutputProvider,provideOutPutDirectory,1,0,0.0,0,0.0,0,0,1,0,1,0,1,0,0.0,0,0,0,0,0.0,0,3.0,0,0,0.0,0,0.0,0.25,11,6,0.0,4,0,4,1,0,4,0,0,0,0,0,0,0,0,0,0,4,1.0,4,1.0,4,4,0,0,4,0,0,4,0,1,0,0,0,0,0,4,4,37,3466,3389,13,0,0,8,1.0,45,2,1098,27,411,13,30624
2025-07-10,argo,com.grab.sizer,CliOutputProvider,provideProjectInfo,1,0,0.0,1,1.0,0,0,1,0,3,0,1,0,0.0,0,0,0,3,0.0,0,3.0,0,0,0.0,0,0.0,0.25,11,6,0.0,4,0,4,1,0,4,0,0,0,0,0,0,0,0,0,0,4,1.0,4,1.0,4,4,0,0,4,0,0,4,0,1,0,0,0,0,0,4,4,37,3466,3389,13,0,0,8,1.0,45,2,1098,27,411,13,30624
2025-07-10,argo,com.grab.sizer,CliOutputProvider,provideCustomProperties,1,0,0.0,1,1.0,0,0,1,0,1,0,1,0,0.0,0,0,0,2,0.0,0,3.0,0,0,0.0,0,0.0,0.25,11,6,0.0,4,0,4,1,0,4,0,0,0,0,0,0,0,0,0,0,4,1.0,4,1.0,4,4,0,0,4,0,0,4,0,1,0,0,0,0,0,4,4,37,3466,3389,13,0,0,8,1.0,45,2,1098,27,411,13,30624
2025-07-10,argo,com.grab.sizer.utils,CliLogger,log,1,0,0.0,0,0.0,1,0,1,0,3,0,1,0,0.0,0,0,1,1,0.0,0,0.0,2,1,0.0,0,0.0,0.0,14,10,0.0,3,0,3,1,0,2,2,0,0,0,0,0,0,0,0,0,3,0.0,3,1.0,3,3,0,0,3,0,0,3,0,1,0,0,0,0,0,3,3,37,3466,3389,7,0,3,3,1.0,23,4,218,27,411,3,30624
2025-07-10,argo,com.grab.sizer.utils,CliLogger,log,1,0,0.0,1,1.0,1,0,1,0,4,0,1,0,0.0,0,0,2,2,0.0,1,2.0,2,2,0.0,0,0.0,0.0,14,10,0.0,3,0,3,1,0,2,2,0,0,0,0,0,0,0,0,0,3,0.0,3,1.0,3,3,0,0,3,0,0,3,0,1,0,0,0,0,0,3,3,37,3466,3389,7,0,3,3,1.0,23,4,218,27,411,3,30624
2025-07-10,argo,com.grab.sizer.utils,CliLogger,logDebug,1,0,0.0,0,0.0,1,0,1,0,3,0,1,0,0.0,0,0,1,1,0.0,0,0.0,2,1,0.0,0,0.0,0.0,14,10,0.0,3,0,3,1,0,2,2,0,0,0,0,0,0,0,0,0,3,0.0,3,1.0,3,3,0,0,3,0,0,3,0,1,0,0,0,0,0,3,3,37,3466,3389,7,0,3,3,1.0,23,4,218,27,411,3,30624
2025-07-10,argo,com.grab.sizer,CliInputProviderTest,provideModuleAarShouldGetAllAarFromProjectFolderWhenModulesDirIsNotProjectRoot,1,4,0.0,5,0.8,0,0,1,0,8,0,1,0,1.0,0,2,1,15,0.75,1,2.4545454545454546,0,1,0.0,0,1.0,1.0,57,44,0.0,6,3,0,0,0,0,1,0,3,0,0,3,0,0,0,0,6,0.0,6,1.0,6,0,3,0,6,0,0,6,6,1,0,0,0,0,0,6,6,37,3466,3389,13,0,6,75,1.0,45,2,1098,27,411,13,30624
2025-07-10,argo,com.grab.sizer,CliInputProviderTest,provideModuleJarShouldGetAllJarFromProjectFolderWhenModulesDirIsNotProjectRoot,1,4,0.0,5,0.8,0,0,1,0,8,0,1,0,1.0,0,2,1,15,0.75,1,2.4545454545454546,0,1,0.0,0,1.0,1.0,57,44,0.0,6,3,0,0,0,0,1,0,3,0,0,3,0,0,0,0,6,0.0,6,1.0,6,0,3,0,6,0,0,6,6,1,0,0,0,0,0,6,6,37,3466,3389,13,0,6,75,1.0,45,2,1098,27,411,13,30624
2025-07-10,argo,com.grab.sizer,CliInputProviderTest,provideModuleAarShouldGetCorrectAarFromProjectFolderWhenModulesDirIsProjectRoot,1,3,0.0,4,0.75,0,0,1,0,7,0,1,0,1.0,0,3,1,12,1.0,1,2.5,0,1,0.0,0,1.0,1.0,57,44,0.0,6,3,0,0,0,0,1,0,3,0,0,3,0,0,0,0,6,0.0,6,1.0,6,0,3,0,6,0,0,6,6,1,0,0,0,0,0,6,6,37,3466,3389,13,0,6,75,1.0,45,2,1098,27,411,13,30624
2025-07-10,argo,com.grab.sizer,CliInputProviderTest,provideModuleJarShouldGetCorrectJarFromProjectFolderWhenModulesDirIsProjectRoot,1,3,0.0,4,0.75,0,0,1,0,7,0,1,0,1.0,0,3,1,11,1.0,1,2.5,0,1,0.0,0,1.0,1.0,57,44,0.0,6,3,0,0,0,0,1,0,3,0,0,3,0,0,0,0,6,0.0,6,1.0,6,0,3,0,6,0,0,6,6,1,0,0,0,0,0,6,6,37,3466,3389,13,0,6,75,1.0,45,2,1098,27,411,13,30624
2025-07-10,argo,com.grab.sizer,CliInputProviderTest,provideLibraryAarShouldGetAllAarFromFolder,1,3,0.0,4,0.75,0,0,1,0,7,0,1,0,1.0,0,3,1,11,1.0,1,2.5,0,1,0.0,0,1.0,1.0,57,44,0.0,6,3,0,0,0,0,1,0,3,0,0,3,0,0,0,0,6,0.0,6,1.0,6,0,3,0,6,0,0,6,6,1,0,0,0,0,0,6,6,37,3466,3389,13,0,6,75,1.0,45,2,1098,27,411,13,30624
2025-07-10,argo,com.grab.sizer,CliInputProviderTest,provideLibraryJarShouldGetAllAarFromFolder,1,3,0.0,4,0.75,0,0,1,0,7,0,1,0,1.0,0,3,1,11,1.0,1,2.5,0,1,0.0,0,1.0,1.0,57,44,0.0,6,3,0,0,0,0,1,0,3,0,0,3,0,0,0,0,6,0.0,6,1.0,6,0,3,0,6,0,0,6,6,1,0,0,0,0,0,6,6,37,3466,3389,13,0,6,75,1.0,45,2,1098,27,411,13,30624
2025-07-10,argo,com.grab.sample.dummy,DummyClass100,method1,1,0,9.0,0,0.0,0,0,1,0,12,0,1,10,0.0,9,0,9,0,0.0,0,0.0,0,9,0.0,0,0.0,0.9,68,57,0.1,10,0,0,0,0,1,9,0,0,0,0,0,0,0,0,0,10,0.19999999999999996,10,1.0,10,0,0,0,10,0,0,10,0,1,0,0,0,0,0,10,10,37,3466,3389,290,0,9,45,1.0,2900,0,23177,27,411,2900,30624
2025-07-10,argo,com.grab.sample.dummy,DummyClass100,method2,1,2,0.0,0,0.0,0,0,1,0,5,0,1,0,0.0,0,0,0,5,0.0,0,2.4,0,0,0.0,0,0.0,0.9,68,57,0.1,10,0,0,0,0,1,9,0,0,0,0,0,0,0,0,0,10,0.19999999999999996,10,1.0,10,0,0,0,10,0,0,10,0,1,0,0,0,0,0,10,10,37,3466,3389,290,0,9,45,1.0,2900,0,23177,27,411,2900,30624
2025-07-10,argo,com.grab.sample.dummy,DummyClass100,method3,1,2,0.0,0,0.0,0,0,1,0,5,0,1,0,0.0,0,0,0,5,0.0,0,2.4,0,0,0.0,0,0.0,0.9,68,57,0.1,10,0,0,0,0,1,9,0,0,0,0,0,0,0,0,0,10,0.19999999999999996,10,1.0,10,0,0,0,10,0,0,10,0,1,0,0,0,0,0,10,10,37,3466,3389,290,0,9,45,1.0,2900,0,23177,27,411,2900,30624
2025-07-10,argo,com.grab.sample.dummy,DummyClass100,method4,1,2,0.0,0,0.0,0,0,1,0,5,0,1,0,0.0,0,0,0,5,0.0,0,2.4,0,0,0.0,0,0.0,0.9,68,57,0.1,10,0,0,0,0,1,9,0,0,0,0,0,0,0,0,0,10,0.19999999999999996,10,1.0,10,0,0,0,10,0,0,10,0,1,0,0,0,0,0,10,10,37,3466,3389,290,0,9,45,1.0,2900,0,23177,27,411,2900,30624
2025-07-10,argo,com.grab.sample.dummy,DummyClass100,method5,1,2,0.0,0,0.0,0,0,1,0,5,0,1,0,0.0,0,0,0,5,0.0,0,2.4,0,0,0.0,0,0.0,0.9,68,57,0.1,10,0,0,0,0,1,9,0,0,0,0,0,0,0,0,0,10,0.19999999999999996,10,1.0,10,0,0,0,10,0,0,10,0,1,0,0,0,0,0,10,10,37,3466,3389,290,0,9,45,1.0,2900,0,23177,27,411,2900,30624
2025-07-10,argo,com.grab.sample.dummy,DummyClass100,method6,1,2,0.0,0,0.0,0,0,1,0,5,0,1,0,0.0,0,0,0,5,0.0,0,2.4,0,0,0.0,0,0.0,0.9,68,57,0.1,10,0,0,0,0,1,9,0,0,0,0,0,0,0,0,0,10,0.19999999999999996,10,1.0,10,0,0,0,10,0,0,10,0,1,0,0,0,0,0,10,10,37,3466,3389,290,0,9,45,1.0,2900,0,23177,27,411,2900,30624
2025-07-10,argo,com.grab.sample.dummy,DummyClass100,method7,1,2,0.0,0,0.0,0,0,1,0,5,0,1,0,0.0,0,0,0,5,0.0,0,2.4,0,0,0.0,0,0.0,0.9,68,57,0.1,10,0,0,0,0,1,9,0,0,0,0,0,0,0,0,0,10,0.19999999999999996,10,1.0,10,0,0,0,10,0,0,10,0,1,0,0,0,0,0,10,10,37,3466,3389,290,0,9,45,1.0,2900,0,23177,27,411,2900,30624
2025-07-10,argo,com.grab.sample.dummy,DummyClass100,method8,1,2,0.0,0,0.0,0,0,1,0,5,0,1,0,0.0,0,0,0,5,0.0,0,2.4,0,0,0.0,0,0.0,0.9,68,57,0.1,10,0,0,0,0,1,9,0,0,0,0,0,0,0,0,0,10,0.19999999999999996,10,1.0,10,0,0,0,10,0,0,10,0,1,0,0,0,0,0,10,10,37,3466,3389,290,0,9,45,1.0,2900,0,23177,27,411,2900,30624
2025-07-10,argo,com.grab.sample.dummy,DummyClass100,method9,1,2,0.0,0,0.0,0,0,1,0,5,0,1,0,0.0,0,0,0,5,0.0,0,2.4,0,0,0.0,0,0.0,0.9,68,57,0.1,10,0,0,0,0,1,9,0,0,0,0,0,0,0,0,0,10,0.19999999999999996,10,1.0,10,0,0,0,10,0,0,10,0,1,0,0,0,0,0,10,10,37,3466,3389,290,0,9,45,1.0,2900,0,23177,27,411,2900,30624
2025-07-10,argo,com.grab.sample.dummy,DummyClass100,method10,1,2,0.0,0,0.0,0,0,1,0,5,0,1,0,0.0,0,0,0,5,0.0,0,2.4,0,0,0.0,0,0.0,0.9,68,57,0.1,10,0,0,0,0,1,9,0,0,0,0,0,0,0,0,0,10,0.19999999999999996,10,1.0,10,0,0,0,10,0,0,10,0,1,0,0,0,0,0,10,10,37,3466,3389,290,0,9,45,1.0,2900,0,23177,27,411,2900,30624
2025-07-10,argo,com.grab.sample.dummy,DummyClass51,method1,1,0,9.0,0,0.0,0,0,1,0,12,0,1,10,0.0,10,0,9,1,0.0,1,2.0,0,9,0.0,0,0.0,0.9,68,57,0.1,10,0,0,0,0,1,9,0,0,0,0,0,0,0,0,0,10,0.19999999999999996,10,1.0,10,0,0,0,10,0,0,10,0,1,0,0,0,0,0,10,10,37,3466,3389,290,0,9,46,1.0,2900,0,23177,27,411,2900,30624
2025-07-10,argo,com.grab.sample.dummy,DummyClass51,method2,1,2,0.0,0,0.0,0,0,1,0,5,0,1,0,0.0,0,0,0,5,0.0,0,2.4,0,0,0.0,0,0.0,0.9,68,57,0.1,10,0,0,0,0,1,9,0,0,0,0,0,0,0,0,0,10,0.19999999999999996,10,1.0,10,0,0,0,10,0,0,10,0,1,0,0,0,0,0,10,10,37,3466,3389,290,0,9,46,1.0,2900,0,23177,27,411,2900,30624
2025-07-10,argo,com.grab.sample.dummy,DummyClass51,method3,1,2,0.0,0,0.0,0,0,1,0,5,0,1,0,0.0,0,0,0,5,0.0,0,2.4,0,0,0.0,0,0.0,0.9,68,57,0.1,10,0,0,0,0,1,9,0,0,0,0,0,0,0,0,0,10,0.19999999999999996,10,1.0,10,0,0,0,10,0,0,10,0,1,0,0,0,0,0,10,10,37,3466,3389,290,0,9,46,1.0,2900,0,23177,27,411,2900,30624
2025-07-10,argo,com.grab.sample.dummy,DummyClass51,method4,1,2,0.0,0,0.0,0,0,1,0,5,0,1,0,0.0,0,0,0,5,0.0,0,2.4,0,0,0.0,0,0.0,0.9,68,57,0.1,10,0,0,0,0,1,9,0,0,0,0,0,0,0,0,0,10,0.19999999999999996,10,1.0,10,0,0,0,10,0,0,10,0,1,0,0,0,0,0,10,10,37,3466,3389,290,0,9,46,1.0,2900,0,23177,27,411,2900,30624
2025-07-10,argo,com.grab.sample.dummy,DummyClass51,method5,1,2,0.0,0,0.0,0,0,1,0,5,0,1,0,0.0,0,0,0,5,0.0,0,2.4,0,0,0.0,0,0.0,0.9,68,57,0.1,10,0,0,0,0,1,9,0,0,0,0,0,0,0,0,0,10,0.19999999999999996,10,1.0,10,0,0,0,10,0,0,10,0,1,0,0,0,0,0,10,10,37,3466,3389,290,0,9,46,1.0,2900,0,23177,27,411,2900,30624
2025-07-10,argo,com.grab.sample.dummy,DummyClass51,method6,1,2,0.0,0,0.0,0,0,1,0,5,0,1,0,0.0,0,0,0,5,0.0,0,2.4,0,0,0.0,0,0.0,0.9,68,57,0.1,10,0,0,0,0,1,9,0,0,0,0,0,0,0,0,0,10,0.19999999999999996,10,1.0,10,0,0,0,10,0,0,10,0,1,0,0,0,0,0,10,10,37,3466,3389,290,0,9,46,1.0,2900,0,23177,27,411,2900,30624
2025-07-10,argo,com.grab.sample.dummy,DummyClass51,method7,1,2,0.0,0,0.0,0,0,1,0,5,0,1,0,0.0,0,0,0,5,0.0,0,2.4,0,0,0.0,0,0.0,0.9,68,57,0.1,10,0,0,0,0,1,9,0,0,0,0,0,0,0,0,0,10,0.19999999999999996,10,1.0,10,0,0,0,10,0,0,10,0,1,0,0,0,0,0,10,10,37,3466,3389,290,0,9,46,1.0,2900,0,23177,27,411,2900,30624
2025-07-10,argo,com.grab.sample.dummy,DummyClass51,method8,1,2,0.0,0,0.0,0,0,1,0,5,0,1,0,0.0,0,0,0,5,0.0,0,2.4,0,0,0.0,0,0.0,0.9,68,57,0.1,10,0,0,0,0,1,9,0,0,0,0,0,0,0,0,0,10,0.19999999999999996,10,1.0,10,0,0,0,10,0,0,10,0,1,0,0,0,0,0,10,10,37,3466,3389,290,0,9,46,1.0,2900,0,23177,27,411,2900,30624
2025-07-10,argo,com.grab.sample.dummy,DummyClass51,method9,1,2,0.0,0,0.0,0,0,1,0,5,0,1,0,0.0,0,0,0,5,0.0,0,2.4,0,0,0.0,0,0.0,0.9,68,57,0.1,10,0,0,0,0,1,9,0,0,0,0,0,0,0,0,0,10,0.19999999999999996,10,1.0,10,0,0,0,10,0,0,10,0,1,0,0,0,0,0,10,10,37,3466,3389,290,0,9,46,1.0,2900,0,23177,27,411,2900,30624
2025-07-10,argo,com.grab.sample.dummy,DummyClass51,method10,1,2,0.0,0,0.0,0,0,1,0,5,0,1,0,0.0,0,0,0,5,0.0,0,2.4,0,0,0.0,0,0.0,0.9,68,57,0.1,10,0,0,0,0,1,9,0,0,0,0,0,0,0,0,0,10,0.19999999999999996,10,1.0,10,0,0,0,10,0,0,10,0,1,0,0,0,0,0,10,10,37,3466,3389,290,0,9,46,1.0,2900,0,23177,27,411,2900,30624
2025-07-10,argo,com.grab.sample.dummy,DummyClass52,method1,1,0,9.0,0,0.0,0,0,1,0,12,0,1,10,0.0,10,0,9,1,0.0,1,2.0,0,9,0.0,0,0.0,0.9,68,57,0.1,10,0,0,0,0,1,9,0,0,0,0,0,0,0,0,0,10,0.19999999999999996,10,1.0,10,0,0,0,10,0,0,10,0,1,0,0,0,0,0,10,10,37,3466,3389,290,0,9,46,1.0,2900,0,23177,27,411,2900,30624
2025-07-10,argo,com.grab.sample.dummy,DummyClass52,method2,1,2,0.0,0,0.0,0,0,1,0,5,0,1,0,0.0,0,0,0,5,0.0,0,2.4,0,0,0.0,0,0.0,0.9,68,57,0.1,10,0,0,0,0,1,9,0,0,0,0,0,0,0,0,0,10,0.19999999999999996,10,1.0,10,0,0,0,10,0,0,10,0,1,0,0,0,0,0,10,10,37,3466,3389,290,0,9,46,1.0,2900,0,23177,27,411,2900,30624
2025-07-10,argo,com.grab.sample.dummy,DummyClass52,method3,1,2,0.0,0,0.0,0,0,1,0,5,0,1,0,0.0,0,0,0,5,0.0,0,2.4,0,0,0.0,0,0.0,0.9,68,57,0.1,10,0,0,0,0,1,9,0,0,0,0,0,0,0,0,0,10,0.19999999999999996,10,1.0,10,0,0,0,10,0,0,10,0,1,0,0,0,0,0,10,10,37,3466,3389,290,0,9,46,1.0,2900,0,23177,27,411,2900,30624
2025-07-10,argo,com.grab.sample.dummy,DummyClass52,method4,1,2,0.0,0,0.0,0,0,1,0,5,0,1,0,0.0,0,0,0,5,0.0,0,2.4,0,0,0.0,0,0.0,0.9,68,57,0.1,10,0,0,0,0,1,9,0,0,0,0,0,0,0,0,0,10,0.19999999999999996,10,1.0,10,0,0,0,10,0,0,10,0,1,0,0,0,0,0,10,10,37,3466,3389,290,0,9,46,1.0,2900,0,23177,27,411,2900,30624
2025-07-10,argo,com.grab.sample.dummy,DummyClass52,method5,1,2,0.0,0,0.0,0,0,1,0,5,0,1,0,0.0,0,0,0,5,0.0,0,2.4,0,0,0.0,0,0.0,0.9,68,57,0.1,10,0,0,0,0,1,9,0,0,0,0,0,0,0,0,0,10,0.19999999999999996,10,1.0,10,0,0,0,10,0,0,10,0,1,0,0,0,0,0,10,10,37,3466,3389,290,0,9,46,1.0,2900,0,23177,27,411,2900,30624
2025-07-10,argo,com.grab.sample.dummy,DummyClass52,method6,1,2,0.0,0,0.0,0,0,1,0,5,0,1,0,0.0,0,0,0,5,0.0,0,2.4,0,0,0.0,0,0.0,0.9,68,57,0.1,10,0,0,0,0,1,9,0,0,0,0,0,0,0,0,0,10,0.19999999999999996,10,1.0,10,0,0,0,10,0,0,10,0,1,0,0,0,0,0,10,10,37,3466,3389,290,0,9,46,1.0,2900,0,23177,27,411,2900,30624
2025-07-10,argo,com.grab.sample.dummy,DummyClass52,method7,1,2,0.0,0,0.0,0,0,1,0,5,0,1,0,0.0,0,0,0,5,0.0,0,2.4,0,0,0.0,0,0.0,0.9,68,57,0.1,10,0,0,0,0,1,9,0,0,0,0,0,0,0,0,0,10,0.19999999999999996,10,1.0,10,0,0,0,10,0,0,10,0,1,0,0,0,0,0,10,10,37,3466,3389,290,0,9,46,1.0,2900,0,23177,27,411,2900,30624
2025-07-10,argo,com.grab.sample.dummy,DummyClass52,method8,1,2,0.0,0,0.0,0,0,1,0,5,0,1,0,0.0,0,0,0,5,0.0,0,2.4,0,0,0.0,0,0.0,0.9,68,57,0.1,10,0,0,0,0,1,9,0,0,0,0,0,0,0,0,0,10,0.19999999999999996,10,1.0,10,0,0,0,10,0,0,10,0,1,0,0,0,0,0,10,10,37,3466,3389,290,0,9,46,1.0,2900,0,23177,27,411,2900,30624
2025-07-10,argo,com.grab.sample.dummy,DummyClass52,method9,1,2,0.0,0,0.0,0,0,1,0,5,0,1,0,0.0,0,0,0,5,0.0,0,2.4,0,0,0.0,0,0.0,0.9,68,57,0.1,10,0,0,0,0,1,9,0,0,0,0,0,0,0,0,0,10,0.19999999999999996,10,1.0,10,0,0,0,10,0,0,10,0,1,0,0,0,0,0,10,10,37,3466,3389,290,0,9,46,1.0,2900,0,23177,27,411,2900,30624
2025-07-10,argo,com.grab.sample.dummy,DummyClass52,method10,1,2,0.0,0,0.0,0,0,1,0,5,0,1,0,0.0,0,0,0,5,0.0,0,2.4,0,0,0.0,0,0.0,0.9,68,57,0.1,10,0,0,0,0,1,9,0,0,0,0,0,0,0,0,0,10,0.19999999999999996,10,1.0,10,0,0,0,10,0,0,10,0,1,0,0,0,0,0,10,10,37,3466,3389,290,0,9,46,1.0,2900,0,23177,27,411,2900,30624
2025-07-10,argo,com.grab.sample.dummy,DummyClass53,method1,1,0,9.0,0,0.0,0,0,1,0,12,0,1,10,0.0,10,0,9,1,0.0,1,2.0,0,9,0.0,0,0.0,0.9,68,57,0.1,10,0,0,0,0,1,9,0,0,0,0,0,0,0,0,0,10,0.19999999999999996,10,1.0,10,0,0,0,10,0,0,10,0,1,0,0,0,0,0,10,10,37,3466,3389,290,0,9,46,1.0,2900,0,23177,27,411,2900,30624
2025-07-10,argo,com.grab.sample.dummy,DummyClass53,method2,1,2,0.0,0,0.0,0,0,1,0,5,0,1,0,0.0,0,0,0,5,0.0,0,2.4,0,0,0.0,0,0.0,0.9,68,57,0.1,10,0,0,0,0,1,9,0,0,0,0,0,0,0,0,0,10,0.19999999999999996,10,1.0,10,0,0,0,10,0,0,10,0,1,0,0,0,0,0,10,10,37,3466,3389,290,0,9,46,1.0,2900,0,23177,27,411,2900,30624
2025-07-10,argo,com.grab.sample.dummy,DummyClass53,method3,1,2,0.0,0,0.0,0,0,1,0,5,0,1,0,0.0,0,0,0,5,0.0,0,2.4,0,0,0.0,0,0.0,0.9,68,57,0.1,10,0,0,0,0,1,9,0,0,0,0,0,0,0,0,0,10,0.19999999999999996,10,1.0,10,0,0,0,10,0,0,10,0,1,0,0,0,0,0,10,10,37,3466,3389,290,0,9,46,1.0,2900,0,23177,27,411,2900,30624
2025-07-10,argo,com.grab.sample.dummy,DummyClass53,method4,1,2,0.0,0,0.0,0,0,1,0,5,0,1,0,0.0,0,0,0,5,0.0,0,2.4,0,0,0.0,0,0.0,0.9,68,57,0.1,10,0,0,0,0,1,9,0,0,0,0,0,0,0,0,0,10,0.19999999999999996,10,1.0,10,0,0,0,10,0,0,10,0,1,0,0,0,0,0,10,10,37,3466,3389,290,0,9,46,1.0,2900,0,23177,27,411,2900,30624
2025-07-10,argo,com.grab.sample.dummy,DummyClass53,method5,1,2,0.0,0,0.0,0,0,1,0,5,0,1,0,0.0,0,0,0,5,0.0,0,2.4,0,0,0.0,0,0.0,0.9,68,57,0.1,10,0,0,0,0,1,9,0,0,0,0,0,0,0,0,0,10,0.19999999999999996,10,1.0,10,0,0,0,10,0,0,10,0,1,0,0,0,0,0,10,10,37,3466,3389,290,0,9,46,1.0,2900,0,23177,27,411,2900,30624
2025-07-10,argo,com.grab.sample.dummy,DummyClass53,method6,1,2,0.0,0,0.0,0,0,1,0,5,0,1,0,0.0,0,0,0,5,0.0,0,2.4,0,0,0.0,0,0.0,0.9,68,57,0.1,10,0,0,0,0,1,9,0,0,0,0,0,0,0,0,0,10,0.19999999999999996,10,1.0,10,0,0,0,10,0,0,10,0,1,0,0,0,0,0,10,10,37,3466,3389,290,0,9,46,1.0,2900,0,23177,27,411,2900,30624
2025-07-10,argo,com.grab.sample.dummy,DummyClass53,method7,1,2,0.0,0,0.0,0,0,1,0,5,0,1,0,0.0,0,0,0,5,0.0,0,2.4,0,0,0.0,0,0.0,0.9,68,57,0.1,10,0,0,0,0,1,9,0,0,0,0,0,0,0,0,0,10,0.19999999999999996,10,1.0,10,0,0,0,10,0,0,10,0,1,0,0,0,0,0,10,10,37,3466,3389,290,0,9,46,1.0,2900,0,23177,27,411,2900,30624
2025-07-10,argo,com.grab.sample.dummy,DummyClass53,method8,1,2,0.0,0,0.0,0,0,1,0,5,0,1,0,0.0,0,0,0,5,0.0,0,2.4,0,0,0.0,0,0.0,0.9,68,57,0.1,10,0,0,0,0,1,9,0,0,0,0,0,0,0,0,0,10,0.19999999999999996,10,1.0,10,0,0,0,10,0,0,10,0,1,0,0,0,0,0,10,10,37,3466,3389,290,0,9,46,1.0,2900,0,23177,27,411,2900,30624
2025-07-10,argo,com.grab.sample.dummy,DummyClass53,method9,1,2,0.0,0,0.0,0,0,1,0,5,0,1,0,0.0,0,0,0,5,0.0,0,2.4,0,0,0.0,0,0.0,0.9,68,57,0.1,10,0,0,0,0,1,9,0,0,0,0,0,0,0,0,0,10,0.19999999999999996,10,1.0,10,0,0,0,10,0,0,10,0,1,0,0,0,0,0,10,10,37,3466,3389,290,0,9,46,1.0,2900,0,23177,27,411,2900,30624
2025-07-10,argo,com.grab.sample.dummy,DummyClass53,method10,1,2,0.0,0,0.0,0,0,1,0,5,0,1,0,0.0,0,0,0,5,0.0,0,2.4,0,0,0.0,0,0.0,0.9,68,57,0.1,10,0,0,0,0,1,9,0,0,0,0,0,0,0,0,0,10,0.19999999999999996,10,1.0,10,0,0,0,10,0,0,10,0,1,0,0,0,0,0,10,10,37,3466,3389,290,0,9,46,1.0,2900,0,23177,27,411,2900,30624
2025-07-10,argo,com.grab.sample.dummy,DummyClass54,method1,1,0,9.0,0,0.0,0,0,1,0,12,0,1,10,0.0,10,0,9,1,0.0,1,2.0,0,9,0.0,0,0.0,0.9,68,57,0.1,10,0,0,0,0,1,9,0,0,0,0,0,0,0,0,0,10,0.19999999999999996,10,1.0,10,0,0,0,10,0,0,10,0,1,0,0,0,0,0,10,10,37,3466,3389,290,0,9,46,1.0,2900,0,23177,27,411,2900,30624
2025-07-10,argo,com.grab.sample.dummy,DummyClass54,method2,1,2,0.0,0,0.0,0,0,1,0,5,0,1,0,0.0,0,0,0,5,0.0,0,2.4,0,0,0.0,0,0.0,0.9,68,57,0.1,10,0,0,0,0,1,9,0,0,0,0,0,0,0,0,0,10,0.19999999999999996,10,1.0,10,0,0,0,10,0,0,10,0,1,0,0,0,0,0,10,10,37,3466,3389,290,0,9,46,1.0,2900,0,23177,27,411,2900,30624
2025-07-10,argo,com.grab.sample.dummy,DummyClass54,method3,1,2,0.0,0,0.0,0,0,1,0,5,0,1,0,0.0,0,0,0,5,0.0,0,2.4,0,0,0.0,0,0.0,0.9,68,57,0.1,10,0,0,0,0,1,9,0,0,0,0,0,0,0,0,0,10,0.19999999999999996,10,1.0,10,0,0,0,10,0,0,10,0,1,0,0,0,0,0,10,10,37,3466,3389,290,0,9,46,1.0,2900,0,23177,27,411,2900,30624
2025-07-10,argo,com.grab.sample.dummy,DummyClass54,method4,1,2,0.0,0,0.0,0,0,1,0,5,0,1,0,0.0,0,0,0,5,0.0,0,2.4,0,0,0.0,0,0.0,0.9,68,57,0.1,10,0,0,0,0,1,9,0,0,0,0,0,0,0,0,0,10,0.19999999999999996,10,1.0,10,0,0,0,10,0,0,10,0,1,0,0,0,0,0,10,10,37,3466,3389,290,0,9,46,1.0,2900,0,23177,27,411,2900,30624
2025-07-10,argo,com.grab.sample.dummy,DummyClass54,method5,1,2,0.0,0,0.0,0,0,1,0,5,0,1,0,0.0,0,0,0,5,0.0,0,2.4,0,0,0.0,0,0.0,0.9,68,57,0.1,10,0,0,0,0,1,9,0,0,0,0,0,0,0,0,0,10,0.19999999999999996,10,1.0,10,0,0,0,10,0,0,10,0,1,0,0,0,0,0,10,10,37,3466,3389,290,0,9,46,1.0,2900,0,23177,27,411,2900,30624
2025-07-10,argo,com.grab.sample.dummy,DummyClass54,method6,1,2,0.0,0,0.0,0,0,1,0,5,0,1,0,0.0,0,0,0,5,0.0,0,2.4,0,0,0.0,0,0.0,0.9,68,57,0.1,10,0,0,0,0,1,9,0,0,0,0,0,0,0,0,0,10,0.19999999999999996,10,1.0,10,0,0,0,10,0,0,10,0,1,0,0,0,0,0,10,10,37,3466,3389,290,0,9,46,1.0,2900,0,23177,27,411,2900,30624
2025-07-10,argo,com.grab.sample.dummy,DummyClass54,method7,1,2,0.0,0,0.0,0,0,1,0,5,0,1,0,0.0,0,0,0,5,0.0,0,2.4,0,0,0.0,0,0.0,0.9,68,57,0.1,10,0,0,0,0,1,9,0,0,0,0,0,0,0,0,0,10,0.19999999999999996,10,1.0,10,0,0,0,10,0,0,10,0,1,0,0,0,0,0,10,10,37,3466,3389,290,0,9,46,1.0,2900,0,23177,27,411,2900,30624
2025-07-10,argo,com.grab.sample.dummy,DummyClass54,method8,1,2,0.0,0,0.0,0,0,1,0,5,0,1,0,0.0,0,0,0,5,0.0,0,2.4,0,0,0.0,0,0.0,0.9,68,57,0.1,10,0,0,0,0,1,9,0,0,0,0,0,0,0,0,0,10,0.19999999999999996,10,1.0,10,0,0,0,10,0,0,10,0,1,0,0,0,0,0,10,10,37,3466,3389,290,0,9,46,1.0,2900,0,23177,27,411,2900,30624
2025-07-10,argo,com.grab.sample.dummy,DummyClass54,method9,1,2,0.0,0,0.0,0,0,1,0,5,0,1,0,0.0,0,0,0,5,0.0,0,2.4,0,0,0.0,0,0.0,0.9,68,57,0.1,10,0,0,0,0,1,9,0,0,0,0,0,0,0,0,0,10,0.19999999999999996,10,1.0,10,0,0,0,10,0,0,10,0,1,0,0,0,0,0,10,10,37,3466,3389,290,0,9,46,1.0,2900,0,23177,27,411,2900,30624
2025-07-10,argo,com.grab.sample.dummy,DummyClass54,method10,1,2,0.0,0,0.0,0,0,1,0,5,0,1,0,0.0,0,0,0,5,0.0,0,2.4,0,0,0.0,0,0.0,0.9,68,57,0.1,10,0,0,0,0,1,9,0,0,0,0,0,0,0,0,0,10,0.19999999999999996,10,1.0,10,0,0,0,10,0,0,10,0,1,0,0,0,0,0,10,10,37,3466,3389,290,0,9,46,1.0,2900,0,23177,27,411,2900,30624
2025-07-10,argo,com.grab.sample.dummy,DummyClass55,method1,1,0,9.0,0,0.0,0,0,1,0,12,0,1,10,0.0,10,0,9,1,0.0,1,2.0,0,9,0.0,0,0.0,0.9,68,57,0.1,10,0,0,0,0,1,9,0,0,0,0,0,0,0,0,0,10,0.19999999999999996,10,1.0,10,0,0,0,10,0,0,10,0,1,0,0,0,0,0,10,10,37,3466,3389,290,0,9,46,1.0,2900,0,23177,27,411,2900,30624
2025-07-10,argo,com.grab.sample.dummy,DummyClass55,method2,1,2,0.0,0,0.0,0,0,1,0,5,0,1,0,0.0,0,0,0,5,0.0,0,2.4,0,0,0.0,0,0.0,0.9,68,57,0.1,10,0,0,0,0,1,9,0,0,0,0,0,0,0,0,0,10,0.19999999999999996,10,1.0,10,0,0,0,10,0,0,10,0,1,0,0,0,0,0,10,10,37,3466,3389,290,0,9,46,1.0,2900,0,23177,27,411,2900,30624
2025-07-10,argo,com.grab.sample.dummy,DummyClass55,method3,1,2,0.0,0,0.0,0,0,1,0,5,0,1,0,0.0,0,0,0,5,0.0,0,2.4,0,0,0.0,0,0.0,0.9,68,57,0.1,10,0,0,0,0,1,9,0,0,0,0,0,0,0,0,0,10,0.19999999999999996,10,1.0,10,0,0,0,10,0,0,10,0,1,0,0,0,0,0,10,10,37,3466,3389,290,0,9,46,1.0,2900,0,23177,27,411,2900,30624
2025-07-10,argo,com.grab.sample.dummy,DummyClass55,method4,1,2,0.0,0,0.0,0,0,1,0,5,0,1,0,0.0,0,0,0,5,0.0,0,2.4,0,0,0.0,0,0.0,0.9,68,57,0.1,10,0,0,0,0,1,9,0,0,0,0,0,0,0,0,0,10,0.19999999999999996,10,1.0,10,0,0,0,10,0,0,10,0,1,0,0,0,0,0,10,10,37,3466,3389,290,0,9,46,1.0,2900,0,23177,27,411,2900,30624
2025-07-10,argo,com.grab.sample.dummy,DummyClass55,method5,1,2,0.0,0,0.0,0,0,1,0,5,0,1,0,0.0,0,0,0,5,0.0,0,2.4,0,0,0.0,0,0.0,0.9,68,57,0.1,10,0,0,0,0,1,9,0,0,0,0,0,0,0,0,0,10,0.19999999999999996,10,1.0,10,0,0,0,10,0,0,10,0,1,0,0,0,0,0,10,10,37,3466,3389,290,0,9,46,1.0,2900,0,23177,27,411,2900,30624
2025-07-10,argo,com.grab.sample.dummy,DummyClass55,method6,1,2,0.0,0,0.0,0,0,1,0,5,0,1,0,0.0,0,0,0,5,0.0,0,2.4,0,0,0.0,0,0.0,0.9,68,57,0.1,10,0,0,0,0,1,9,0,0,0,0,0,0,0,0,0,10,0.19999999999999996,10,1.0,10,0,0,0,10,0,0,10,0,1,0,0,0,0,0,10,10,37,3466,3389,290,0,9,46,1.0,2900,0,23177,27,411,2900,30624
2025-07-10,argo,com.grab.sample.dummy,DummyClass55,method7,1,2,0.0,0,0.0,0,0,1,0,5,0,1,0,0.0,0,0,0,5,0.0,0,2.4,0,0,0.0,0,0.0,0.9,68,57,0.1,10,0,0,0,0,1,9,0,0,0,0,0,0,0,0,0,10,0.19999999999999996,10,1.0,10,0,0,0,10,0,0,10,0,1,0,0,0,0,0,10,10,37,3466,3389,290,0,9,46,1.0,2900,0,23177,27,411,2900,30624
2025-07-10,argo,com.grab.sample.dummy,DummyClass55,method8,1,2,0.0,0,0.0,0,0,1,0,5,0,1,0,0.0,0,0,0,5,0.0,0,2.4,0,0,0.0,0,0.0,0.9,68,57,0.1,10,0,0,0,0,1,9,0,0,0,0,0,0,0,0,0,10,0.19999999999999996,10,1.0,10,0,0,0,10,0,0,10,0,1,0,0,0,0,0,10,10,37,3466,3389,290,0,9,46,1.0,2900,0,23177,27,411,2900,30624
2025-07-10,argo,com.grab.sample.dummy,DummyClass55,method9,1,2,0.0,0,0.0,0,0,1,0,5,0,1,0,0.0,0,0,0,5,0.0,0,2.4,0,0,0.0,0,0.0,0.9,68,57,0.1,10,0,0,0,0,1,9,0,0,0,0,0,0,0,0,0,10,0.19999999999999996,10,1.0,10,0,0,0,10,0,0,10,0,1,0,0,0,0,0,10,10,37,3466,3389,290,0,9,46,1.0,2900,0,23177,27,411,2900,30624
2025-07-10,argo,com.grab.sample.dummy,DummyClass55,method10,1,2,0.0,0,0.0,0,0,1,0,5,0,1,0,0.0,0,0,0,5,0.0,0,2.4,0,0,0.0,0,0.0,0.9,68,57,0.1,10,0,0,0,0,1,9,0,0,0,0,0,0,0,0,0,10,0.19999999999999996,10,1.0,10,0,0,0,10,0,0,10,0,1,0,0,0,0,0,10,10,37,3466,3389,290,0,9,46,1.0,2900,0,23177,27,411,2900,30624
2025-07-10,argo,com.grab.sample.dummy,DummyClass56,method1,1,0,9.0,0,0.0,0,0,1,0,12,0,1,10,0.0,10,0,9,1,0.0,1,2.0,0,9,0.0,0,0.0,0.9,68,57,0.1,10,0,0,0,0,1,9,0,0,0,0,0,0,0,0,0,10,0.19999999999999996,10,1.0,10,0,0,0,10,0,0,10,0,1,0,0,0,0,0,10,10,37,3466,3389,290,0,9,46,1.0,2900,0,23177,27,411,2900,30624
2025-07-10,argo,com.grab.sample.dummy,DummyClass56,method2,1,2,0.0,0,0.0,0,0,1,0,5,0,1,0,0.0,0,0,0,5,0.0,0,2.4,0,0,0.0,0,0.0,0.9,68,57,0.1,10,0,0,0,0,1,9,0,0,0,0,0,0,0,0,0,10,0.19999999999999996,10,1.0,10,0,0,0,10,0,0,10,0,1,0,0,0,0,0,10,10,37,3466,3389,290,0,9,46,1.0,2900,0,23177,27,411,2900,30624
2025-07-10,argo,com.grab.sample.dummy,DummyClass56,method3,1,2,0.0,0,0.0,0,0,1,0,5,0,1,0,0.0,0,0,0,5,0.0,0,2.4,0,0,0.0,0,0.0,0.9,68,57,0.1,10,0,0,0,0,1,9,0,0,0,0,0,0,0,0,0,10,0.19999999999999996,10,1.0,10,0,0,0,10,0,0,10,0,1,0,0,0,0,0,10,10,37,3466,3389,290,0,9,46,1.0,2900,0,23177,27,411,2900,30624
2025-07-10,argo,com.grab.sample.dummy,DummyClass56,method4,1,2,0.0,0,0.0,0,0,1,0,5,0,1,0,0.0,0,0,0,5,0.0,0,2.4,0,0,0.0,0,0.0,0.9,68,57,0.1,10,0,0,0,0,1,9,0,0,0,0,0,0,0,0,0,10,0.19999999999999996,10,1.0,10,0,0,0,10,0,0,10,0,1,0,0,0,0,0,10,10,37,3466,3389,290,0,9,46,1.0,2900,0,23177,27,411,2900,30624
2025-07-10,argo,com.grab.sample.dummy,DummyClass56,method5,1,2,0.0,0,0.0,0,0,1,0,5,0,1,0,0.0,0,0,0,5,0.0,0,2.4,0,0,0.0,0,0.0,0.9,68,57,0.1,10,0,0,0,0,1,9,0,0,0,0,0,0,0,0,0,10,0.19999999999999996,10,1.0,10,0,0,0,10,0,0,10,0,1,0,0,0,0,0,10,10,37,3466,3389,290,0,9,46,1.0,2900,0,23177,27,411,2900,30624
2025-07-10,argo,com.grab.sample.dummy,DummyClass56,method6,1,2,0.0,0,0.0,0,0,1,0,5,0,1,0,0.0,0,0,0,5,0.0,0,2.4,0,0,0.0,0,0.0,0.9,68,57,0.1,10,0,0,0,0,1,9,0,0,0,0,0,0,0,0,0,10,0.19999999999999996,10,1.0,10,0,0,0,10,0,0,10,0,1,0,0,0,0,0,10,10,37,3466,3389,290,0,9,46,1.0,2900,0,23177,27,411,2900,30624
2025-07-10,argo,com.grab.sample.dummy,DummyClass56,method7,1,2,0.0,0,0.0,0,0,1,0,5,0,1,0,0.0,0,0,0,5,0.0,0,2.4,0,0,0.0,0,0.0,0.9,68,57,0.1,10,0,0,0,0,1,9,0,0,0,0,0,0,0,0,0,10,0.19999999999999996,10,1.0,10,0,0,0,10,0,0,10,0,1,0,0,0,0,0,10,10,37,3466,3389,290,0,9,46,1.0,2900,0,23177,27,411,2900,30624
2025-07-10,argo,com.grab.sample.dummy,DummyClass56,method8,1,2,0.0,0,0.0,0,0,1,0,5,0,1,0,0.0,0,0,0,5,0.0,0,2.4,0,0,0.0,0,0.0,0.9,68,57,0.1,10,0,0,0,0,1,9,0,0,0,0,0,0,0,0,0,10,0.19999999999999996,10,1.0,10,0,0,0,10,0,0,10,0,1,0,0,0,0,0,10,10,37,3466,3389,290,0,9,46,1.0,2900,0,23177,27,411,2900,30624
2025-07-10,argo,com.grab.sample.dummy,DummyClass56,method9,1,2,0.0,0,0.0,0,0,1,0,5,0,1,0,0.0,0,0,0,5,0.0,0,2.4,0,0,0.0,0,0.0,0.9,68,57,0.1,10,0,0,0,0,1,9,0,0,0,0,0,0,0,0,0,10,0.19999999999999996,10,1.0,10,0,0,0,10,0,0,10,0,1,0,0,0,0,0,10,10,37,3466,3389,290,0,9,46,1.0,2900,0,23177,27,411,2900,30624
2025-07-10,argo,com.grab.sample.dummy,DummyClass56,method10,1,2,0.0,0,0.0,0,0,1,0,5,0,1,0,0.0,0,0,0,5,0.0,0,2.4,0,0,0.0,0,0.0,0.9,68,57,0.1,10,0,0,0,0,1,9,0,0,0,0,0,0,0,0,0,10,0.19999999999999996,10,1.0,10,0,0,0,10,0,0,10,0,1,0,0,0,0,0,10,10,37,3466,3389,290,0,9,46,1.0,2900,0,23177,27,411,2900,30624
2025-07-10,argo,com.grab.sample.dummy,DummyClass57,method1,1,0,9.0,0,0.0,0,0,1,0,12,0,1,10,0.0,10,0,9,1,0.0,1,2.0,0,9,0.0,0,0.0,0.9,68,57,0.1,10,0,0,0,0,1,9,0,0,0,0,0,0,0,0,0,10,0.19999999999999996,10,1.0,10,0,0,0,10,0,0,10,0,1,0,0,0,0,0,10,10,37,3466,3389,290,0,9,46,1.0,2900,0,23177,27,411,2900,30624
2025-07-10,argo,com.grab.sample.dummy,DummyClass57,method2,1,2,0.0,0,0.0,0,0,1,0,5,0,1,0,0.0,0,0,0,5,0.0,0,2.4,0,0,0.0,0,0.0,0.9,68,57,0.1,10,0,0,0,0,1,9,0,0,0,0,0,0,0,0,0,10,0.19999999999999996,10,1.0,10,0,0,0,10,0,0,10,0,1,0,0,0,0,0,10,10,37,3466,3389,290,0,9,46,1.0,2900,0,23177,27,411,2900,30624
2025-07-10,argo,com.grab.sample.dummy,DummyClass57,method3,1,2,0.0,0,0.0,0,0,1,0,5,0,1,0,0.0,0,0,0,5,0.0,0,2.4,0,0,0.0,0,0.0,0.9,68,57,0.1,10,0,0,0,0,1,9,0,0,0,0,0,0,0,0,0,10,0.19999999999999996,10,1.0,10,0,0,0,10,0,0,10,0,1,0,0,0,0,0,10,10,37,3466,3389,290,0,9,46,1.0,2900,0,23177,27,411,2900,30624
2025-07-10,argo,com.grab.sample.dummy,DummyClass57,method4,1,2,0.0,0,0.0,0,0,1,0,5,0,1,0,0.0,0,0,0,5,0.0,0,2.4,0,0,0.0,0,0.0,0.9,68,57,0.1,10,0,0,0,0,1,9,0,0,0,0,0,0,0,0,0,10,0.19999999999999996,10,1.0,10,0,0,0,10,0,0,10,0,1,0,0,0,0,0,10,10,37,3466,3389,290,0,9,46,1.0,2900,0,23177,27,411,2900,30624
2025-07-10,argo,com.grab.sample.dummy,DummyClass57,method5,1,2,0.0,0,0.0,0,0,1,0,5,0,1,0,0.0,0,0,0,5,0.0,0,2.4,0,0,0.0,0,0.0,0.9,68,57,0.1,10,0,0,0,0,1,9,0,0,0,0,0,0,0,0,0,10,0.19999999999999996,10,1.0,10,0,0,0,10,0,0,10,0,1,0,0,0,0,0,10,10,37,3466,3389,290,0,9,46,1.0,2900,0,23177,27,411,2900,30624
2025-07-10,argo,com.grab.sample.dummy,DummyClass57,method6,1,2,0.0,0,0.0,0,0,1,0,5,0,1,0,0.0,0,0,0,5,0.0,0,2.4,0,0,0.0,0,0.0,0.9,68,57,0.1,10,0,0,0,0,1,9,0,0,0,0,0,0,0,0,0,10,0.19999999999999996,10,1.0,10,0,0,0,10,0,0,10,0,1,0,0,0,0,0,10,10,37,3466,3389,290,0,9,46,1.0,2900,0,23177,27,411,2900,30624
2025-07-10,argo,com.grab.sample.dummy,DummyClass57,method7,1,2,0.0,0,0.0,0,0,1,0,5,0,1,0,0.0,0,0,0,5,0.0,0,2.4,0,0,0.0,0,0.0,0.9,68,57,0.1,10,0,0,0,0,1,9,0,0,0,0,0,0,0,0,0,10,0.19999999999999996,10,1.0,10,0,0,0,10,0,0,10,0,1,0,0,0,0,0,10,10,37,3466,3389,290,0,9,46,1.0,2900,0,23177,27,411,2900,30624
2025-07-10,argo,com.grab.sample.dummy,DummyClass57,method8,1,2,0.0,0,0.0,0,0,1,0,5,0,1,0,0.0,0,0,0,5,0.0,0,2.4,0,0,0.0,0,0.0,0.9,68,57,0.1,10,0,0,0,0,1,9,0,0,0,0,0,0,0,0,0,10,0.19999999999999996,10,1.0,10,0,0,0,10,0,0,10,0,1,0,0,0,0,0,10,10,37,3466,3389,290,0,9,46,1.0,2900,0,23177,27,411,2900,30624
2025-07-10,argo,com.grab.sample.dummy,DummyClass57,method9,1,2,0.0,0,0.0,0,0,1,0,5,0,1,0,0.0,0,0,0,5,0.0,0,2.4,0,0,0.0,0,0.0,0.9,68,57,0.1,10,0,0,0,0,1,9,0,0,0,0,0,0,0,0,0,10,0.19999999999999996,10,1.0,10,0,0,0,10,0,0,10,0,1,0,0,0,0,0,10,10,37,3466,3389,290,0,9,46,1.0,2900,0,23177,27,411,2900,30624
2025-07-10,argo,com.grab.sample.dummy,DummyClass57,method10,1,2,0.0,0,0.0,0,0,1,0,5,0,1,0,0.0,0,0,0,5,0.0,0,2.4,0,0,0.0,0,0.0,0.9,68,57,0.1,10,0,0,0,0,1,9,0,0,0,0,0,0,0,0,0,10,0.19999999999999996,10,1.0,10,0,0,0,10,0,0,10,0,1,0,0,0,0,0,10,10,37,3466,3389,290,0,9,46,1.0,2900,0,23177,27,411,2900,30624
2025-07-10,argo,com.grab.sample.dummy,DummyClass58,method1,1,0,9.0,0,0.0,0,0,1,0,12,0,1,10,0.0,10,0,9,1,0.0,1,2.0,0,9,0.0,0,0.0,0.9,68,57,0.1,10,0,0,0,0,1,9,0,0,0,0,0,0,0,0,0,10,0.19999999999999996,10,1.0,10,0,0,0,10,0,0,10,0,1,0,0,0,0,0,10,10,37,3466,3389,290,0,9,46,1.0,2900,0,23177,27,411,2900,30624
2025-07-10,argo,com.grab.sample.dummy,DummyClass58,method2,1,2,0.0,0,0.0,0,0,1,0,5,0,1,0,0.0,0,0,0,5,0.0,0,2.4,0,0,0.0,0,0.0,0.9,68,57,0.1,10,0,0,0,0,1,9,0,0,0,0,0,0,0,0,0,10,0.19999999999999996,10,1.0,10,0,0,0,10,0,0,10,0,1,0,0,0,0,0,10,10,37,3466,3389,290,0,9,46,1.0,2900,0,23177,27,411,2900,30624
2025-07-10,argo,com.grab.sample.dummy,DummyClass58,method3,1,2,0.0,0,0.0,0,0,1,0,5,0,1,0,0.0,0,0,0,5,0.0,0,2.4,0,0,0.0,0,0.0,0.9,68,57,0.1,10,0,0,0,0,1,9,0,0,0,0,0,0,0,0,0,10,0.19999999999999996,10,1.0,10,0,0,0,10,0,0,10,0,1,0,0,0,0,0,10,10,37,3466,3389,290,0,9,46,1.0,2900,0,23177,27,411,2900,30624
2025-07-10,argo,com.grab.sample.dummy,DummyClass58,method4,1,2,0.0,0,0.0,0,0,1,0,5,0,1,0,0.0,0,0,0,5,0.0,0,2.4,0,0,0.0,0,0.0,0.9,68,57,0.1,10,0,0,0,0,1,9,0,0,0,0,0,0,0,0,0,10,0.19999999999999996,10,1.0,10,0,0,0,10,0,0,10,0,1,0,0,0,0,0,10,10,37,3466,3389,290,0,9,46,1.0,2900,0,23177,27,411,2900,30624
2025-07-10,argo,com.grab.sample.dummy,DummyClass58,method5,1,2,0.0,0,0.0,0,0,1,0,5,0,1,0,0.0,0,0,0,5,0.0,0,2.4,0,0,0.0,0,0.0,0.9,68,57,0.1,10,0,0,0,0,1,9,0,0,0,0,0,0,0,0,0,10,0.19999999999999996,10,1.0,10,0,0,0,10,0,0,10,0,1,0,0,0,0,0,10,10,37,3466,3389,290,0,9,46,1.0,2900,0,23177,27,411,2900,30624
2025-07-10,argo,com.grab.sample.dummy,DummyClass58,method6,1,2,0.0,0,0.0,0,0,1,0,5,0,1,0,0.0,0,0,0,5,0.0,0,2.4,0,0,0.0,0,0.0,0.9,68,57,0.1,10,0,0,0,0,1,9,0,0,0,0,0,0,0,0,0,10,0.19999999999999996,10,1.0,10,0,0,0,10,0,0,10,0,1,0,0,0,0,0,10,10,37,3466,3389,290,0,9,46,1.0,2900,0,23177,27,411,2900,30624
2025-07-10,argo,com.grab.sample.dummy,DummyClass58,method7,1,2,0.0,0,0.0,0,0,1,0,5,0,1,0,0.0,0,0,0,5,0.0,0,2.4,0,0,0.0,0,0.0,0.9,68,57,0.1,10,0,0,0,0,1,9,0,0,0,0,0,0,0,0,0,10,0.19999999999999996,10,1.0,10,0,0,0,10,0,0,10,0,1,0,0,0,0,0,10,10,37,3466,3389,290,0,9,46,1.0,2900,0,23177,27,411,2900,30624
2025-07-10,argo,com.grab.sample.dummy,DummyClass58,method8,1,2,0.0,0,0.0,0,0,1,0,5,0,1,0,0.0,0,0,0,5,0.0,0,2.4,0,0,0.0,0,0.0,0.9,68,57,0.1,10,0,0,0,0,1,9,0,0,0,0,0,0,0,0,0,10,0.19999999999999996,10,1.0,10,0,0,0,10,0,0,10,0,1,0,0,0,0,0,10,10,37,3466,3389,290,0,9,46,1.0,2900,0,23177,27,411,2900,30624
2025-07-10,argo,com.grab.sample.dummy,DummyClass58,method9,1,2,0.0,0,0.0,0,0,1,0,5,0,1,0,0.0,0,0,0,5,0.0,0,2.4,0,0,0.0,0,0.0,0.9,68,57,0.1,10,0,0,0,0,1,9,0,0,0,0,0,0,0,0,0,10,0.19999999999999996,10,1.0,10,0,0,0,10,0,0,10,0,1,0,0,0,0,0,10,10,37,3466,3389,290,0,9,46,1.0,2900,0,23177,27,411,2900,30624
2025-07-10,argo,com.grab.sample.dummy,DummyClass58,method10,1,2,0.0,0,0.0,0,0,1,0,5,0,1,0,0.0,0,0,0,5,0.0,0,2.4,0,0,0.0,0,0.0,0.9,68,57,0.1,10,0,0,0,0,1,9,0,0,0,0,0,0,0,0,0,10,0.19999999999999996,10,1.0,10,0,0,0,10,0,0,10,0,1,0,0,0,0,0,10,10,37,3466,3389,290,0,9,46,1.0,2900,0,23177,27,411,2900,30624
2025-07-10,argo,com.grab.sample.dummy,DummyClass59,method1,1,0,9.0,0,0.0,0,0,1,0,12,0,1,10,0.0,10,0,9,1,0.0,1,2.0,0,9,0.0,0,0.0,0.9,68,57,0.1,10,0,0,0,0,1,9,0,0,0,0,0,0,0,0,0,10,0.19999999999999996,10,1.0,10,0,0,0,10,0,0,10,0,1,0,0,0,0,0,10,10,37,3466,3389,290,0,9,46,1.0,2900,0,23177,27,411,2900,30624
2025-07-10,argo,com.grab.sample.dummy,DummyClass59,method2,1,2,0.0,0,0.0,0,0,1,0,5,0,1,0,0.0,0,0,0,5,0.0,0,2.4,0,0,0.0,0,0.0,0.9,68,57,0.1,10,0,0,0,0,1,9,0,0,0,0,0,0,0,0,0,10,0.19999999999999996,10,1.0,10,0,0,0,10,0,0,10,0,1,0,0,0,0,0,10,10,37,3466,3389,290,0,9,46,1.0,2900,0,23177,27,411,2900,30624
2025-07-10,argo,com.grab.sample.dummy,DummyClass59,method3,1,2,0.0,0,0.0,0,0,1,0,5,0,1,0,0.0,0,0,0,5,0.0,0,2.4,0,0,0.0,0,0.0,0.9,68,57,0.1,10,0,0,0,0,1,9,0,0,0,0,0,0,0,0,0,10,0.19999999999999996,10,1.0,10,0,0,0,10,0,0,10,0,1,0,0,0,0,0,10,10,37,3466,3389,290,0,9,46,1.0,2900,0,23177,27,411,2900,30624
2025-07-10,argo,com.grab.sample.dummy,DummyClass59,method4,1,2,0.0,0,0.0,0,0,1,0,5,0,1,0,0.0,0,0,0,5,0.0,0,2.4,0,0,0.0,0,0.0,0.9,68,57,0.1,10,0,0,0,0,1,9,0,0,0,0,0,0,0,0,0,10,0.19999999999999996,10,1.0,10,0,0,0,10,0,0,10,0,1,0,0,0,0,0,10,10,37,3466,3389,290,0,9,46,1.0,2900,0,23177,27,411,2900,30624
2025-07-10,argo,com.grab.sample.dummy,DummyClass59,method5,1,2,0.0,0,0.0,0,0,1,0,5,0,1,0,0.0,0,0,0,5,0.0,0,2.4,0,0,0.0,0,0.0,0.9,68,57,0.1,10,0,0,0,0,1,9,0,0,0,0,0,0,0,0,0,10,0.19999999999999996,10,1.0,10,0,0,0,10,0,0,10,0,1,0,0,0,0,0,10,10,37,3466,3389,290,0,9,46,1.0,2900,0,23177,27,411,2900,30624
2025-07-10,argo,com.grab.sample.dummy,DummyClass59,method6,1,2,0.0,0,0.0,0,0,1,0,5,0,1,0,0.0,0,0,0,5,0.0,0,2.4,0,0,0.0,0,0.0,0.9,68,57,0.1,10,0,0,0,0,1,9,0,0,0,0,0,0,0,0,0,10,0.19999999999999996,10,1.0,10,0,0,0,10,0,0,10,0,1,0,0,0,0,0,10,10,37,3466,3389,290,0,9,46,1.0,2900,0,23177,27,411,2900,30624
2025-07-10,argo,com.grab.sample.dummy,DummyClass59,method7,1,2,0.0,0,0.0,0,0,1,0,5,0,1,0,0.0,0,0,0,5,0.0,0,2.4,0,0,0.0,0,0.0,0.9,68,57,0.1,10,0,0,0,0,1,9,0,0,0,0,0,0,0,0,0,10,0.19999999999999996,10,1.0,10,0,0,0,10,0,0,10,0,1,0,0,0,0,0,10,10,37,3466,3389,290,0,9,46,1.0,2900,0,23177,27,411,2900,30624
2025-07-10,argo,com.grab.sample.dummy,DummyClass59,method8,1,2,0.0,0,0.0,0,0,1,0,5,0,1,0,0.0,0,0,0,5,0.0,0,2.4,0,0,0.0,0,0.0,0.9,68,57,0.1,10,0,0,0,0,1,9,0,0,0,0,0,0,0,0,0,10,0.19999999999999996,10,1.0,10,0,0,0,10,0,0,10,0,1,0,0,0,0,0,10,10,37,3466,3389,290,0,9,46,1.0,2900,0,23177,27,411,2900,30624
2025-07-10,argo,com.grab.sample.dummy,DummyClass59,method9,1,2,0.0,0,0.0,0,0,1,0,5,0,1,0,0.0,0,0,0,5,0.0,0,2.4,0,0,0.0,0,0.0,0.9,68,57,0.1,10,0,0,0,0,1,9,0,0,0,0,0,0,0,0,0,10,0.19999999999999996,10,1.0,10,0,0,0,10,0,0,10,0,1,0,0,0,0,0,10,10,37,3466,3389,290,0,9,46,1.0,2900,0,23177,27,411,2900,30624
2025-07-10,argo,com.grab.sample.dummy,DummyClass59,method10,1,2,0.0,0,0.0,0,0,1,0,5,0,1,0,0.0,0,0,0,5,0.0,0,2.4,0,0,0.0,0,0.0,0.9,68,57,0.1,10,0,0,0,0,1,9,0,0,0,0,0,0,0,0,0,10,0.19999999999999996,10,1.0,10,0,0,0,10,0,0,10,0,1,0,0,0,0,0,10,10,37,3466,3389,290,0,9,46,1.0,2900,0,23177,27,411,2900,30624
2025-07-10,argo,com.grab.sample.dummy,DummyClass60,method1,1,0,9.0,0,0.0,0,0,1,0,12,0,1,10,0.0,10,0,9,1,0.0,1,2.0,0,9,0.0,0,0.0,0.9,68,57,0.1,10,0,0,0,0,1,9,0,0,0,0,0,0,0,0,0,10,0.19999999999999996,10,1.0,10,0,0,0,10,0,0,10,0,1,0,0,0,0,0,10,10,37,3466,3389,290,0,9,46,1.0,2900,0,23177,27,411,2900,30624
2025-07-10,argo,com.grab.sample.dummy,DummyClass60,method2,1,2,0.0,0,0.0,0,0,1,0,5,0,1,0,0.0,0,0,0,5,0.0,0,2.4,0,0,0.0,0,0.0,0.9,68,57,0.1,10,0,0,0,0,1,9,0,0,0,0,0,0,0,0,0,10,0.19999999999999996,10,1.0,10,0,0,0,10,0,0,10,0,1,0,0,0,0,0,10,10,37,3466,3389,290,0,9,46,1.0,2900,0,23177,27,411,2900,30624
2025-07-10,argo,com.grab.sample.dummy,DummyClass60,method3,1,2,0.0,0,0.0,0,0,1,0,5,0,1,0,0.0,0,0,0,5,0.0,0,2.4,0,0,0.0,0,0.0,0.9,68,57,0.1,10,0,0,0,0,1,9,0,0,0,0,0,0,0,0,0,10,0.19999999999999996,10,1.0,10,0,0,0,10,0,0,10,0,1,0,0,0,0,0,10,10,37,3466,3389,290,0,9,46,1.0,2900,0,23177,27,411,2900,30624
2025-07-10,argo,com.grab.sample.dummy,DummyClass60,method4,1,2,0.0,0,0.0,0,0,1,0,5,0,1,0,0.0,0,0,0,5,0.0,0,2.4,0,0,0.0,0,0.0,0.9,68,57,0.1,10,0,0,0,0,1,9,0,0,0,0,0,0,0,0,0,10,0.19999999999999996,10,1.0,10,0,0,0,10,0,0,10,0,1,0,0,0,0,0,10,10,37,3466,3389,290,0,9,46,1.0,2900,0,23177,27,411,2900,30624
2025-07-10,argo,com.grab.sample.dummy,DummyClass60,method5,1,2,0.0,0,0.0,0,0,1,0,5,0,1,0,0.0,0,0,0,5,0.0,0,2.4,0,0,0.0,0,0.0,0.9,68,57,0.1,10,0,0,0,0,1,9,0,0,0,0,0,0,0,0,0,10,0.19999999999999996,10,1.0,10,0,0,0,10,0,0,10,0,1,0,0,0,0,0,10,10,37,3466,3389,290,0,9,46,1.0,2900,0,23177,27,411,2900,30624
2025-07-10,argo,com.grab.sample.dummy,DummyClass60,method6,1,2,0.0,0,0.0,0,0,1,0,5,0,1,0,0.0,0,0,0,5,0.0,0,2.4,0,0,0.0,0,0.0,0.9,68,57,0.1,10,0,0,0,0,1,9,0,0,0,0,0,0,0,0,0,10,0.19999999999999996,10,1.0,10,0,0,0,10,0,0,10,0,1,0,0,0,0,0,10,10,37,3466,3389,290,0,9,46,1.0,2900,0,23177,27,411,2900,30624
2025-07-10,argo,com.grab.sample.dummy,DummyClass60,method7,1,2,0.0,0,0.0,0,0,1,0,5,0,1,0,0.0,0,0,0,5,0.0,0,2.4,0,0,0.0,0,0.0,0.9,68,57,0.1,10,0,0,0,0,1,9,0,0,0,0,0,0,0,0,0,10,0.19999999999999996,10,1.0,10,0,0,0,10,0,0,10,0,1,0,0,0,0,0,10,10,37,3466,3389,290,0,9,46,1.0,2900,0,23177,27,411,2900,30624
2025-07-10,argo,com.grab.sample.dummy,DummyClass60,method8,1,2,0.0,0,0.0,0,0,1,0,5,0,1,0,0.0,0,0,0,5,0.0,0,2.4,0,0,0.0,0,0.0,0.9,68,57,0.1,10,0,0,0,0,1,9,0,0,0,0,0,0,0,0,0,10,0.19999999999999996,10,1.0,10,0,0,0,10,0,0,10,0,1,0,0,0,0,0,10,10,37,3466,3389,290,0,9,46,1.0,2900,0,23177,27,411,2900,30624
2025-07-10,argo,com.grab.sample.dummy,DummyClass60,method9,1,2,0.0,0,0.0,0,0,1,0,5,0,1,0,0.0,0,0,0,5,0.0,0,2.4,0,0,0.0,0,0.0,0.9,68,57,0.1,10,0,0,0,0,1,9,0,0,0,0,0,0,0,0,0,10,0.19999999999999996,10,1.0,10,0,0,0,10,0,0,10,0,1,0,0,0,0,0,10,10,37,3466,3389,290,0,9,46,1.0,2900,0,23177,27,411,2900,30624
2025-07-10,argo,com.grab.sample.dummy,DummyClass60,method10,1,2,0.0,0,0.0,0,0,1,0,5,0,1,0,0.0,0,0,0,5,0.0,0,2.4,0,0,0.0,0,0.0,0.9,68,57,0.1,10,0,0,0,0,1,9,0,0,0,0,0,0,0,0,0,10,0.19999999999999996,10,1.0,10,0,0,0,10,0,0,10,0,1,0,0,0,0,0,10,10,37,3466,3389,290,0,9,46,1.0,2900,0,23177,27,411,2900,30624
2025-07-10,argo,com.grab.sample.dummy,DummyClass61,method1,1,0,9.0,0,0.0,0,0,1,0,12,0,1,10,0.0,10,0,9,1,0.0,1,2.0,0,9,0.0,0,0.0,0.9,68,57,0.1,10,0,0,0,0,1,9,0,0,0,0,0,0,0,0,0,10,0.19999999999999996,10,1.0,10,0,0,0,10,0,0,10,0,1,0,0,0,0,0,10,10,37,3466,3389,290,0,9,46,1.0,2900,0,23177,27,411,2900,30624
2025-07-10,argo,com.grab.sample.dummy,DummyClass61,method2,1,2,0.0,0,0.0,0,0,1,0,5,0,1,0,0.0,0,0,0,5,0.0,0,2.4,0,0,0.0,0,0.0,0.9,68,57,0.1,10,0,0,0,0,1,9,0,0,0,0,0,0,0,0,0,10,0.19999999999999996,10,1.0,10,0,0,0,10,0,0,10,0,1,0,0,0,0,0,10,10,37,3466,3389,290,0,9,46,1.0,2900,0,23177,27,411,2900,30624
2025-07-10,argo,com.grab.sample.dummy,DummyClass61,method3,1,2,0.0,0,0.0,0,0,1,0,5,0,1,0,0.0,0,0,0,5,0.0,0,2.4,0,0,0.0,0,0.0,0.9,68,57,0.1,10,0,0,0,0,1,9,0,0,0,0,0,0,0,0,0,10,0.19999999999999996,10,1.0,10,0,0,0,10,0,0,10,0,1,0,0,0,0,0,10,10,37,3466,3389,290,0,9,46,1.0,2900,0,23177,27,411,2900,30624
2025-07-10,argo,com.grab.sample.dummy,DummyClass61,method4,1,2,0.0,0,0.0,0,0,1,0,5,0,1,0,0.0,0,0,0,5,0.0,0,2.4,0,0,0.0,0,0.0,0.9,68,57,0.1,10,0,0,0,0,1,9,0,0,0,0,0,0,0,0,0,10,0.19999999999999996,10,1.0,10,0,0,0,10,0,0,10,0,1,0,0,0,0,0,10,10,37,3466,3389,290,0,9,46,1.0,2900,0,23177,27,411,2900,30624
2025-07-10,argo,com.grab.sample.dummy,DummyClass61,method5,1,2,0.0,0,0.0,0,0,1,0,5,0,1,0,0.0,0,0,0,5,0.0,0,2.4,0,0,0.0,0,0.0,0.9,68,57,0.1,10,0,0,0,0,1,9,0,0,0,0,0,0,0,0,0,10,0.19999999999999996,10,1.0,10,0,0,0,10,0,0,10,0,1,0,0,0,0,0,10,10,37,3466,3389,290,0,9,46,1.0,2900,0,23177,27,411,2900,30624
2025-07-10,argo,com.grab.sample.dummy,DummyClass61,method6,1,2,0.0,0,0.0,0,0,1,0,5,0,1,0,0.0,0,0,0,5,0.0,0,2.4,0,0,0.0,0,0.0,0.9,68,57,0.1,10,0,0,0,0,1,9,0,0,0,0,0,0,0,0,0,10,0.19999999999999996,10,1.0,10,0,0,0,10,0,0,10,0,1,0,0,0,0,0,10,10,37,3466,3389,290,0,9,46,1.0,2900,0,23177,27,411,2900,30624
2025-07-10,argo,com.grab.sample.dummy,DummyClass61,method7,1,2,0.0,0,0.0,0,0,1,0,5,0,1,0,0.0,0,0,0,5,0.0,0,2.4,0,0,0.0,0,0.0,0.9,68,57,0.1,10,0,0,0,0,1,9,0,0,0,0,0,0,0,0,0,10,0.19999999999999996,10,1.0,10,0,0,0,10,0,0,10,0,1,0,0,0,0,0,10,10,37,3466,3389,290,0,9,46,1.0,2900,0,23177,27,411,2900,30624
2025-07-10,argo,com.grab.sample.dummy,DummyClass61,method8,1,2,0.0,0,0.0,0,0,1,0,5,0,1,0,0.0,0,0,0,5,0.0,0,2.4,0,0,0.0,0,0.0,0.9,68,57,0.1,10,0,0,0,0,1,9,0,0,0,0,0,0,0,0,0,10,0.19999999999999996,10,1.0,10,0,0,0,10,0,0,10,0,1,0,0,0,0,0,10,10,37,3466,3389,290,0,9,46,1.0,2900,0,23177,27,411,2900,30624
2025-07-10,argo,com.grab.sample.dummy,DummyClass61,method9,1,2,0.0,0,0.0,0,0,1,0,5,0,1,0,0.0,0,0,0,5,0.0,0,2.4,0,0,0.0,0,0.0,0.9,68,57,0.1,10,0,0,0,0,1,9,0,0,0,0,0,0,0,0,0,10,0.19999999999999996,10,1.0,10,0,0,0,10,0,0,10,0,1,0,0,0,0,0,10,10,37,3466,3389,290,0,9,46,1.0,2900,0,23177,27,411,2900,30624
2025-07-10,argo,com.grab.sample.dummy,DummyClass61,method10,1,2,0.0,0,0.0,0,0,1,0,5,0,1,0,0.0,0,0,0,5,0.0,0,2.4,0,0,0.0,0,0.0,0.9,68,57,0.1,10,0,0,0,0,1,9,0,0,0,0,0,0,0,0,0,10,0.19999999999999996,10,1.0,10,0,0,0,10,0,0,10,0,1,0,0,0,0,0,10,10,37,3466,3389,290,0,9,46,1.0,2900,0,23177,27,411,2900,30624
2025-07-10,argo,com.grab.sample.dummy,DummyClass62,method1,1,0,9.0,0,0.0,0,0,1,0,12,0,1,10,0.0,10,0,9,1,0.0,1,2.0,0,9,0.0,0,0.0,0.9,68,57,0.1,10,0,0,0,0,1,9,0,0,0,0,0,0,0,0,0,10,0.19999999999999996,10,1.0,10,0,0,0,10,0,0,10,0,1,0,0,0,0,0,10,10,37,3466,3389,290,0,9,46,1.0,2900,0,23177,27,411,2900,30624
2025-07-10,argo,com.grab.sample.dummy,DummyClass62,method2,1,2,0.0,0,0.0,0,0,1,0,5,0,1,0,0.0,0,0,0,5,0.0,0,2.4,0,0,0.0,0,0.0,0.9,68,57,0.1,10,0,0,0,0,1,9,0,0,0,0,0,0,0,0,0,10,0.19999999999999996,10,1.0,10,0,0,0,10,0,0,10,0,1,0,0,0,0,0,10,10,37,3466,3389,290,0,9,46,1.0,2900,0,23177,27,411,2900,30624
2025-07-10,argo,com.grab.sample.dummy,DummyClass62,method3,1,2,0.0,0,0.0,0,0,1,0,5,0,1,0,0.0,0,0,0,5,0.0,0,2.4,0,0,0.0,0,0.0,0.9,68,57,0.1,10,0,0,0,0,1,9,0,0,0,0,0,0,0,0,0,10,0.19999999999999996,10,1.0,10,0,0,0,10,0,0,10,0,1,0,0,0,0,0,10,10,37,3466,3389,290,0,9,46,1.0,2900,0,23177,27,411,2900,30624
2025-07-10,argo,com.grab.sample.dummy,DummyClass62,method4,1,2,0.0,0,0.0,0,0,1,0,5,0,1,0,0.0,0,0,0,5,0.0,0,2.4,0,0,0.0,0,0.0,0.9,68,57,0.1,10,0,0,0,0,1,9,0,0,0,0,0,0,0,0,0,10,0.19999999999999996,10,1.0,10,0,0,0,10,0,0,10,0,1,0,0,0,0,0,10,10,37,3466,3389,290,0,9,46,1.0,2900,0,23177,27,411,2900,30624
2025-07-10,argo,com.grab.sample.dummy,DummyClass62,method5,1,2,0.0,0,0.0,0,0,1,0,5,0,1,0,0.0,0,0,0,5,0.0,0,2.4,0,0,0.0,0,0.0,0.9,68,57,0.1,10,0,0,0,0,1,9,0,0,0,0,0,0,0,0,0,10,0.19999999999999996,10,1.0,10,0,0,0,10,0,0,10,0,1,0,0,0,0,0,10,10,37,3466,3389,290,0,9,46,1.0,2900,0,23177,27,411,2900,30624
2025-07-10,argo,com.grab.sample.dummy,DummyClass62,method6,1,2,0.0,0,0.0,0,0,1,0,5,0,1,0,0.0,0,0,0,5,0.0,0,2.4,0,0,0.0,0,0.0,0.9,68,57,0.1,10,0,0,0,0,1,9,0,0,0,0,0,0,0,0,0,10,0.19999999999999996,10,1.0,10,0,0,0,10,0,0,10,0,1,0,0,0,0,0,10,10,37,3466,3389,290,0,9,46,1.0,2900,0,23177,27,411,2900,30624
2025-07-10,argo,com.grab.sample.dummy,DummyClass62,method7,1,2,0.0,0,0.0,0,0,1,0,5,0,1,0,0.0,0,0,0,5,0.0,0,2.4,0,0,0.0,0,0.0,0.9,68,57,0.1,10,0,0,0,0,1,9,0,0,0,0,0,0,0,0,0,10,0.19999999999999996,10,1.0,10,0,0,0,10,0,0,10,0,1,0,0,0,0,0,10,10,37,3466,3389,290,0,9,46,1.0,2900,0,23177,27,411,2900,30624
2025-07-10,argo,com.grab.sample.dummy,DummyClass62,method8,1,2,0.0,0,0.0,0,0,1,0,5,0,1,0,0.0,0,0,0,5,0.0,0,2.4,0,0,0.0,0,0.0,0.9,68,57,0.1,10,0,0,0,0,1,9,0,0,0,0,0,0,0,0,0,10,0.19999999999999996,10,1.0,10,0,0,0,10,0,0,10,0,1,0,0,0,0,0,10,10,37,3466,3389,290,0,9,46,1.0,2900,0,23177,27,411,2900,30624
2025-07-10,argo,com.grab.sample.dummy,DummyClass62,method9,1,2,0.0,0,0.0,0,0,1,0,5,0,1,0,0.0,0,0,0,5,0.0,0,2.4,0,0,0.0,0,0.0,0.9,68,57,0.1,10,0,0,0,0,1,9,0,0,0,0,0,0,0,0,0,10,0.19999999999999996,10,1.0,10,0,0,0,10,0,0,10,0,1,0,0,0,0,0,10,10,37,3466,3389,290,0,9,46,1.0,2900,0,23177,27,411,2900,30624
2025-07-10,argo,com.grab.sample.dummy,DummyClass62,method10,1,2,0.0,0,0.0,0,0,1,0,5,0,1,0,0.0,0,0,0,5,0.0,0,2.4,0,0,0.0,0,0.0,0.9,68,57,0.1,10,0,0,0,0,1,9,0,0,0,0,0,0,0,0,0,10,0.19999999999999996,10,1.0,10,0,0,0,10,0,0,10,0,1,0,0,0,0,0,10,10,37,3466,3389,290,0,9,46,1.0,2900,0,23177,27,411,2900,30624
2025-07-10,argo,com.grab.sample.dummy,DummyClass63,method1,1,0,9.0,0,0.0,0,0,1,0,12,0,1,10,0.0,10,0,9,1,0.0,1,2.0,0,9,0.0,0,0.0,0.9,68,57,0.1,10,0,0,0,0,1,9,0,0,0,0,0,0,0,0,0,10,0.19999999999999996,10,1.0,10,0,0,0,10,0,0,10,0,1,0,0,0,0,0,10,10,37,3466,3389,290,0,9,46,1.0,2900,0,23177,27,411,2900,30624
2025-07-10,argo,com.grab.sample.dummy,DummyClass63,method2,1,2,0.0,0,0.0,0,0,1,0,5,0,1,0,0.0,0,0,0,5,0.0,0,2.4,0,0,0.0,0,0.0,0.9,68,57,0.1,10,0,0,0,0,1,9,0,0,0,0,0,0,0,0,0,10,0.19999999999999996,10,1.0,10,0,0,0,10,0,0,10,0,1,0,0,0,0,0,10,10,37,3466,3389,290,0,9,46,1.0,2900,0,23177,27,411,2900,30624
2025-07-10,argo,com.grab.sample.dummy,DummyClass63,method3,1,2,0.0,0,0.0,0,0,1,0,5,0,1,0,0.0,0,0,0,5,0.0,0,2.4,0,0,0.0,0,0.0,0.9,68,57,0.1,10,0,0,0,0,1,9,0,0,0,0,0,0,0,0,0,10,0.19999999999999996,10,1.0,10,0,0,0,10,0,0,10,0,1,0,0,0,0,0,10,10,37,3466,3389,290,0,9,46,1.0,2900,0,23177,27,411,2900,30624
2025-07-10,argo,com.grab.sample.dummy,DummyClass63,method4,1,2,0.0,0,0.0,0,0,1,0,5,0,1,0,0.0,0,0,0,5,0.0,0,2.4,0,0,0.0,0,0.0,0.9,68,57,0.1,10,0,0,0,0,1,9,0,0,0,0,0,0,0,0,0,10,0.19999999999999996,10,1.0,10,0,0,0,10,0,0,10,0,1,0,0,0,0,0,10,10,37,3466,3389,290,0,9,46,1.0,2900,0,23177,27,411,2900,30624
2025-07-10,argo,com.grab.sample.dummy,DummyClass63,method5,1,2,0.0,0,0.0,0,0,1,0,5,0,1,0,0.0,0,0,0,5,0.0,0,2.4,0,0,0.0,0,0.0,0.9,68,57,0.1,10,0,0,0,0,1,9,0,0,0,0,0,0,0,0,0,10,0.19999999999999996,10,1.0,10,0,0,0,10,0,0,10,0,1,0,0,0,0,0,10,10,37,3466,3389,290,0,9,46,1.0,2900,0,23177,27,411,2900,30624
2025-07-10,argo,com.grab.sample.dummy,DummyClass63,method6,1,2,0.0,0,0.0,0,0,1,0,5,0,1,0,0.0,0,0,0,5,0.0,0,2.4,0,0,0.0,0,0.0,0.9,68,57,0.1,10,0,0,0,0,1,9,0,0,0,0,0,0,0,0,0,10,0.19999999999999996,10,1.0,10,0,0,0,10,0,0,10,0,1,0,0,0,0,0,10,10,37,3466,3389,290,0,9,46,1.0,2900,0,23177,27,411,2900,30624
2025-07-10,argo,com.grab.sample.dummy,DummyClass63,method7,1,2,0.0,0,0.0,0,0,1,0,5,0,1,0,0.0,0,0,0,5,0.0,0,2.4,0,0,0.0,0,0.0,0.9,68,57,0.1,10,0,0,0,0,1,9,0,0,0,0,0,0,0,0,0,10,0.19999999999999996,10,1.0,10,0,0,0,10,0,0,10,0,1,0,0,0,0,0,10,10,37,3466,3389,290,0,9,46,1.0,2900,0,23177,27,411,2900,30624
2025-07-10,argo,com.grab.sample.dummy,DummyClass63,method8,1,2,0.0,0,0.0,0,0,1,0,5,0,1,0,0.0,0,0,0,5,0.0,0,2.4,0,0,0.0,0,0.0,0.9,68,57,0.1,10,0,0,0,0,1,9,0,0,0,0,0,0,0,0,0,10,0.19999999999999996,10,1.0,10,0,0,0,10,0,0,10,0,1,0,0,0,0,0,10,10,37,3466,3389,290,0,9,46,1.0,2900,0,23177,27,411,2900,30624
2025-07-10,argo,com.grab.sample.dummy,DummyClass63,method9,1,2,0.0,0,0.0,0,0,1,0,5,0,1,0,0.0,0,0,0,5,0.0,0,2.4,0,0,0.0,0,0.0,0.9,68,57,0.1,10,0,0,0,0,1,9,0,0,0,0,0,0,0,0,0,10,0.19999999999999996,10,1.0,10,0,0,0,10,0,0,10,0,1,0,0,0,0,0,10,10,37,3466,3389,290,0,9,46,1.0,2900,0,23177,27,411,2900,30624
2025-07-10,argo,com.grab.sample.dummy,DummyClass63,method10,1,2,0.0,0,0.0,0,0,1,0,5,0,1,0,0.0,0,0,0,5,0.0,0,2.4,0,0,0.0,0,0.0,0.9,68,57,0.1,10,0,0,0,0,1,9,0,0,0,0,0,0,0,0,0,10,0.19999999999999996,10,1.0,10,0,0,0,10,0,0,10,0,1,0,0,0,0,0,10,10,37,3466,3389,290,0,9,46,1.0,2900,0,23177,27,411,2900,30624
2025-07-10,argo,com.grab.sample.dummy,DummyClass64,method1,1,0,9.0,0,0.0,0,0,1,0,12,0,1,10,0.0,10,0,9,1,0.0,1,2.0,0,9,0.0,0,0.0,0.9,68,57,0.1,10,0,0,0,0,1,9,0,0,0,0,0,0,0,0,0,10,0.19999999999999996,10,1.0,10,0,0,0,10,0,0,10,0,1,0,0,0,0,0,10,10,37,3466,3389,290,0,9,46,1.0,2900,0,23177,27,411,2900,30624
2025-07-10,argo,com.grab.sample.dummy,DummyClass64,method2,1,2,0.0,0,0.0,0,0,1,0,5,0,1,0,0.0,0,0,0,5,0.0,0,2.4,0,0,0.0,0,0.0,0.9,68,57,0.1,10,0,0,0,0,1,9,0,0,0,0,0,0,0,0,0,10,0.19999999999999996,10,1.0,10,0,0,0,10,0,0,10,0,1,0,0,0,0,0,10,10,37,3466,3389,290,0,9,46,1.0,2900,0,23177,27,411,2900,30624
2025-07-10,argo,com.grab.sample.dummy,DummyClass64,method3,1,2,0.0,0,0.0,0,0,1,0,5,0,1,0,0.0,0,0,0,5,0.0,0,2.4,0,0,0.0,0,0.0,0.9,68,57,0.1,10,0,0,0,0,1,9,0,0,0,0,0,0,0,0,0,10,0.19999999999999996,10,1.0,10,0,0,0,10,0,0,10,0,1,0,0,0,0,0,10,10,37,3466,3389,290,0,9,46,1.0,2900,0,23177,27,411,2900,30624
2025-07-10,argo,com.grab.sample.dummy,DummyClass64,method4,1,2,0.0,0,0.0,0,0,1,0,5,0,1,0,0.0,0,0,0,5,0.0,0,2.4,0,0,0.0,0,0.0,0.9,68,57,0.1,10,0,0,0,0,1,9,0,0,0,0,0,0,0,0,0,10,0.19999999999999996,10,1.0,10,0,0,0,10,0,0,10,0,1,0,0,0,0,0,10,10,37,3466,3389,290,0,9,46,1.0,2900,0,23177,27,411,2900,30624
2025-07-10,argo,com.grab.sample.dummy,DummyClass64,method5,1,2,0.0,0,0.0,0,0,1,0,5,0,1,0,0.0,0,0,0,5,0.0,0,2.4,0,0,0.0,0,0.0,0.9,68,57,0.1,10,0,0,0,0,1,9,0,0,0,0,0,0,0,0,0,10,0.19999999999999996,10,1.0,10,0,0,0,10,0,0,10,0,1,0,0,0,0,0,10,10,37,3466,3389,290,0,9,46,1.0,2900,0,23177,27,411,2900,30624
2025-07-10,argo,com.grab.sample.dummy,DummyClass64,method6,1,2,0.0,0,0.0,0,0,1,0,5,0,1,0,0.0,0,0,0,5,0.0,0,2.4,0,0,0.0,0,0.0,0.9,68,57,0.1,10,0,0,0,0,1,9,0,0,0,0,0,0,0,0,0,10,0.19999999999999996,10,1.0,10,0,0,0,10,0,0,10,0,1,0,0,0,0,0,10,10,37,3466,3389,290,0,9,46,1.0,2900,0,23177,27,411,2900,30624
2025-07-10,argo,com.grab.sample.dummy,DummyClass64,method7,1,2,0.0,0,0.0,0,0,1,0,5,0,1,0,0.0,0,0,0,5,0.0,0,2.4,0,0,0.0,0,0.0,0.9,68,57,0.1,10,0,0,0,0,1,9,0,0,0,0,0,0,0,0,0,10,0.19999999999999996,10,1.0,10,0,0,0,10,0,0,10,0,1,0,0,0,0,0,10,10,37,3466,3389,290,0,9,46,1.0,2900,0,23177,27,411,2900,30624
2025-07-10,argo,com.grab.sample.dummy,DummyClass64,method8,1,2,0.0,0,0.0,0,0,1,0,5,0,1,0,0.0,0,0,0,5,0.0,0,2.4,0,0,0.0,0,0.0,0.9,68,57,0.1,10,0,0,0,0,1,9,0,0,0,0,0,0,0,0,0,10,0.19999999999999996,10,1.0,10,0,0,0,10,0,0,10,0,1,0,0,0,0,0,10,10,37,3466,3389,290,0,9,46,1.0,2900,0,23177,27,411,2900,30624
2025-07-10,argo,com.grab.sample.dummy,DummyClass64,method9,1,2,0.0,0,0.0,0,0,1,0,5,0,1,0,0.0,0,0,0,5,0.0,0,2.4,0,0,0.0,0,0.0,0.9,68,57,0.1,10,0,0,0,0,1,9,0,0,0,0,0,0,0,0,0,10,0.19999999999999996,10,1.0,10,0,0,0,10,0,0,10,0,1,0,0,0,0,0,10,10,37,3466,3389,290,0,9,46,1.0,2900,0,23177,27,411,2900,30624
2025-07-10,argo,com.grab.sample.dummy,DummyClass64,method10,1,2,0.0,0,0.0,0,0,1,0,5,0,1,0,0.0,0,0,0,5,0.0,0,2.4,0,0,0.0,0,0.0,0.9,68,57,0.1,10,0,0,0,0,1,9,0,0,0,0,0,0,0,0,0,10,0.19999999999999996,10,1.0,10,0,0,0,10,0,0,10,0,1,0,0,0,0,0,10,10,37,3466,3389,290,0,9,46,1.0,2900,0,23177,27,411,2900,30624
2025-07-10,argo,com.grab.sample.dummy,DummyClass65,method1,1,0,9.0,0,0.0,0,0,1,0,12,0,1,10,0.0,10,0,9,1,0.0,1,2.0,0,9,0.0,0,0.0,0.9,68,57,0.1,10,0,0,0,0,1,9,0,0,0,0,0,0,0,0,0,10,0.19999999999999996,10,1.0,10,0,0,0,10,0,0,10,0,1,0,0,0,0,0,10,10,37,3466,3389,290,0,9,46,1.0,2900,0,23177,27,411,2900,30624
2025-07-10,argo,com.grab.sample.dummy,DummyClass65,method2,1,2,0.0,0,0.0,0,0,1,0,5,0,1,0,0.0,0,0,0,5,0.0,0,2.4,0,0,0.0,0,0.0,0.9,68,57,0.1,10,0,0,0,0,1,9,0,0,0,0,0,0,0,0,0,10,0.19999999999999996,10,1.0,10,0,0,0,10,0,0,10,0,1,0,0,0,0,0,10,10,37,3466,3389,290,0,9,46,1.0,2900,0,23177,27,411,2900,30624
2025-07-10,argo,com.grab.sample.dummy,DummyClass65,method3,1,2,0.0,0,0.0,0,0,1,0,5,0,1,0,0.0,0,0,0,5,0.0,0,2.4,0,0,0.0,0,0.0,0.9,68,57,0.1,10,0,0,0,0,1,9,0,0,0,0,0,0,0,0,0,10,0.19999999999999996,10,1.0,10,0,0,0,10,0,0,10,0,1,0,0,0,0,0,10,10,37,3466,3389,290,0,9,46,1.0,2900,0,23177,27,411,2900,30624
2025-07-10,argo,com.grab.sample.dummy,DummyClass65,method4,1,2,0.0,0,0.0,0,0,1,0,5,0,1,0,0.0,0,0,0,5,0.0,0,2.4,0,0,0.0,0,0.0,0.9,68,57,0.1,10,0,0,0,0,1,9,0,0,0,0,0,0,0,0,0,10,0.19999999999999996,10,1.0,10,0,0,0,10,0,0,10,0,1,0,0,0,0,0,10,10,37,3466,3389,290,0,9,46,1.0,2900,0,23177,27,411,2900,30624
2025-07-10,argo,com.grab.sample.dummy,DummyClass65,method5,1,2,0.0,0,0.0,0,0,1,0,5,0,1,0,0.0,0,0,0,5,0.0,0,2.4,0,0,0.0,0,0.0,0.9,68,57,0.1,10,0,0,0,0,1,9,0,0,0,0,0,0,0,0,0,10,0.19999999999999996,10,1.0,10,0,0,0,10,0,0,10,0,1,0,0,0,0,0,10,10,37,3466,3389,290,0,9,46,1.0,2900,0,23177,27,411,2900,30624
2025-07-10,argo,com.grab.sample.dummy,DummyClass65,method6,1,2,0.0,0,0.0,0,0,1,0,5,0,1,0,0.0,0,0,0,5,0.0,0,2.4,0,0,0.0,0,0.0,0.9,68,57,0.1,10,0,0,0,0,1,9,0,0,0,0,0,0,0,0,0,10,0.19999999999999996,10,1.0,10,0,0,0,10,0,0,10,0,1,0,0,0,0,0,10,10,37,3466,3389,290,0,9,46,1.0,2900,0,23177,27,411,2900,30624
2025-07-10,argo,com.grab.sample.dummy,DummyClass65,method7,1,2,0.0,0,0.0,0,0,1,0,5,0,1,0,0.0,0,0,0,5,0.0,0,2.4,0,0,0.0,0,0.0,0.9,68,57,0.1,10,0,0,0,0,1,9,0,0,0,0,0,0,0,0,0,10,0.19999999999999996,10,1.0,10,0,0,0,10,0,0,10,0,1,0,0,0,0,0,10,10,37,3466,3389,290,0,9,46,1.0,2900,0,23177,27,411,2900,30624
2025-07-10,argo,com.grab.sample.dummy,DummyClass65,method8,1,2,0.0,0,0.0,0,0,1,0,5,0,1,0,0.0,0,0,0,5,0.0,0,2.4,0,0,0.0,0,0.0,0.9,68,57,0.1,10,0,0,0,0,1,9,0,0,0,0,0,0,0,0,0,10,0.19999999999999996,10,1.0,10,0,0,0,10,0,0,10,0,1,0,0,0,0,0,10,10,37,3466,3389,290,0,9,46,1.0,2900,0,23177,27,411,2900,30624
2025-07-10,argo,com.grab.sample.dummy,DummyClass65,method9,1,2,0.0,0,0.0,0,0,1,0,5,0,1,0,0.0,0,0,0,5,0.0,0,2.4,0,0,0.0,0,0.0,0.9,68,57,0.1,10,0,0,0,0,1,9,0,0,0,0,0,0,0,0,0,10,0.19999999999999996,10,1.0,10,0,0,0,10,0,0,10,0,1,0,0,0,0,0,10,10,37,3466,3389,290,0,9,46,1.0,2900,0,23177,27,411,2900,30624
2025-07-10,argo,com.grab.sample.dummy,DummyClass65,method10,1,2,0.0,0,0.0,0,0,1,0,5,0,1,0,0.0,0,0,0,5,0.0,0,2.4,0,0,0.0,0,0.0,0.9,68,57,0.1,10,0,0,0,0,1,9,0,0,0,0,0,0,0,0,0,10,0.19999999999999996,10,1.0,10,0,0,0,10,0,0,10,0,1,0,0,0,0,0,10,10,37,3466,3389,290,0,9,46,1.0,2900,0,23177,27,411,2900,30624
2025-07-10,argo,com.grab.sample.dummy,DummyClass66,method1,1,0,9.0,0,0.0,0,0,1,0,12,0,1,10,0.0,10,0,9,1,0.0,1,2.0,0,9,0.0,0,0.0,0.9,68,57,0.1,10,0,0,0,0,1,9,0,0,0,0,0,0,0,0,0,10,0.19999999999999996,10,1.0,10,0,0,0,10,0,0,10,0,1,0,0,0,0,0,10,10,37,3466,3389,290,0,9,46,1.0,2900,0,23177,27,411,2900,30624
2025-07-10,argo,com.grab.sample.dummy,DummyClass66,method2,1,2,0.0,0,0.0,0,0,1,0,5,0,1,0,0.0,0,0,0,5,0.0,0,2.4,0,0,0.0,0,0.0,0.9,68,57,0.1,10,0,0,0,0,1,9,0,0,0,0,0,0,0,0,0,10,0.19999999999999996,10,1.0,10,0,0,0,10,0,0,10,0,1,0,0,0,0,0,10,10,37,3466,3389,290,0,9,46,1.0,2900,0,23177,27,411,2900,30624
2025-07-10,argo,com.grab.sample.dummy,DummyClass66,method3,1,2,0.0,0,0.0,0,0,1,0,5,0,1,0,0.0,0,0,0,5,0.0,0,2.4,0,0,0.0,0,0.0,0.9,68,57,0.1,10,0,0,0,0,1,9,0,0,0,0,0,0,0,0,0,10,0.19999999999999996,10,1.0,10,0,0,0,10,0,0,10,0,1,0,0,0,0,0,10,10,37,3466,3389,290,0,9,46,1.0,2900,0,23177,27,411,2900,30624
2025-07-10,argo,com.grab.sample.dummy,DummyClass66,method4,1,2,0.0,0,0.0,0,0,1,0,5,0,1,0,0.0,0,0,0,5,0.0,0,2.4,0,0,0.0,0,0.0,0.9,68,57,0.1,10,0,0,0,0,1,9,0,0,0,0,0,0,0,0,0,10,0.19999999999999996,10,1.0,10,0,0,0,10,0,0,10,0,1,0,0,0,0,0,10,10,37,3466,3389,290,0,9,46,1.0,2900,0,23177,27,411,2900,30624
2025-07-10,argo,com.grab.sample.dummy,DummyClass66,method5,1,2,0.0,0,0.0,0,0,1,0,5,0,1,0,0.0,0,0,0,5,0.0,0,2.4,0,0,0.0,0,0.0,0.9,68,57,0.1,10,0,0,0,0,1,9,0,0,0,0,0,0,0,0,0,10,0.19999999999999996,10,1.0,10,0,0,0,10,0,0,10,0,1,0,0,0,0,0,10,10,37,3466,3389,290,0,9,46,1.0,2900,0,23177,27,411,2900,30624
2025-07-10,argo,com.grab.sample.dummy,DummyClass66,method6,1,2,0.0,0,0.0,0,0,1,0,5,0,1,0,0.0,0,0,0,5,0.0,0,2.4,0,0,0.0,0,0.0,0.9,68,57,0.1,10,0,0,0,0,1,9,0,0,0,0,0,0,0,0,0,10,0.19999999999999996,10,1.0,10,0,0,0,10,0,0,10,0,1,0,0,0,0,0,10,10,37,3466,3389,290,0,9,46,1.0,2900,0,23177,27,411,2900,30624
2025-07-10,argo,com.grab.sample.dummy,DummyClass66,method7,1,2,0.0,0,0.0,0,0,1,0,5,0,1,0,0.0,0,0,0,5,0.0,0,2.4,0,0,0.0,0,0.0,0.9,68,57,0.1,10,0,0,0,0,1,9,0,0,0,0,0,0,0,0,0,10,0.19999999999999996,10,1.0,10,0,0,0,10,0,0,10,0,1,0,0,0,0,0,10,10,37,3466,3389,290,0,9,46,1.0,2900,0,23177,27,411,2900,30624
2025-07-10,argo,com.grab.sample.dummy,DummyClass66,method8,1,2,0.0,0,0.0,0,0,1,0,5,0,1,0,0.0,0,0,0,5,0.0,0,2.4,0,0,0.0,0,0.0,0.9,68,57,0.1,10,0,0,0,0,1,9,0,0,0,0,0,0,0,0,0,10,0.19999999999999996,10,1.0,10,0,0,0,10,0,0,10,0,1,0,0,0,0,0,10,10,37,3466,3389,290,0,9,46,1.0,2900,0,23177,27,411,2900,30624
2025-07-10,argo,com.grab.sample.dummy,DummyClass66,method9,1,2,0.0,0,0.0,0,0,1,0,5,0,1,0,0.0,0,0,0,5,0.0,0,2.4,0,0,0.0,0,0.0,0.9,68,57,0.1,10,0,0,0,0,1,9,0,0,0,0,0,0,0,0,0,10,0.19999999999999996,10,1.0,10,0,0,0,10,0,0,10,0,1,0,0,0,0,0,10,10,37,3466,3389,290,0,9,46,1.0,2900,0,23177,27,411,2900,30624
2025-07-10,argo,com.grab.sample.dummy,DummyClass66,method10,1,2,0.0,0,0.0,0,0,1,0,5,0,1,0,0.0,0,0,0,5,0.0,0,2.4,0,0,0.0,0,0.0,0.9,68,57,0.1,10,0,0,0,0,1,9,0,0,0,0,0,0,0,0,0,10,0.19999999999999996,10,1.0,10,0,0,0,10,0,0,10,0,1,0,0,0,0,0,10,10,37,3466,3389,290,0,9,46,1.0,2900,0,23177,27,411,2900,30624
2025-07-10,argo,com.grab.sample.dummy,DummyClass67,method1,1,0,9.0,0,0.0,0,0,1,0,12,0,1,10,0.0,10,0,9,1,0.0,1,2.0,0,9,0.0,0,0.0,0.9,68,57,0.1,10,0,0,0,0,1,9,0,0,0,0,0,0,0,0,0,10,0.19999999999999996,10,1.0,10,0,0,0,10,0,0,10,0,1,0,0,0,0,0,10,10,37,3466,3389,290,0,9,46,1.0,2900,0,23177,27,411,2900,30624
2025-07-10,argo,com.grab.sample.dummy,DummyClass67,method2,1,2,0.0,0,0.0,0,0,1,0,5,0,1,0,0.0,0,0,0,5,0.0,0,2.4,0,0,0.0,0,0.0,0.9,68,57,0.1,10,0,0,0,0,1,9,0,0,0,0,0,0,0,0,0,10,0.19999999999999996,10,1.0,10,0,0,0,10,0,0,10,0,1,0,0,0,0,0,10,10,37,3466,3389,290,0,9,46,1.0,2900,0,23177,27,411,2900,30624
2025-07-10,argo,com.grab.sample.dummy,DummyClass67,method3,1,2,0.0,0,0.0,0,0,1,0,5,0,1,0,0.0,0,0,0,5,0.0,0,2.4,0,0,0.0,0,0.0,0.9,68,57,0.1,10,0,0,0,0,1,9,0,0,0,0,0,0,0,0,0,10,0.19999999999999996,10,1.0,10,0,0,0,10,0,0,10,0,1,0,0,0,0,0,10,10,37,3466,3389,290,0,9,46,1.0,2900,0,23177,27,411,2900,30624
2025-07-10,argo,com.grab.sample.dummy,DummyClass67,method4,1,2,0.0,0,0.0,0,0,1,0,5,0,1,0,0.0,0,0,0,5,0.0,0,2.4,0,0,0.0,0,0.0,0.9,68,57,0.1,10,0,0,0,0,1,9,0,0,0,0,0,0,0,0,0,10,0.19999999999999996,10,1.0,10,0,0,0,10,0,0,10,0,1,0,0,0,0,0,10,10,37,3466,3389,290,0,9,46,1.0,2900,0,23177,27,411,2900,30624
2025-07-10,argo,com.grab.sample.dummy,DummyClass67,method5,1,2,0.0,0,0.0,0,0,1,0,5,0,1,0,0.0,0,0,0,5,0.0,0,2.4,0,0,0.0,0,0.0,0.9,68,57,0.1,10,0,0,0,0,1,9,0,0,0,0,0,0,0,0,0,10,0.19999999999999996,10,1.0,10,0,0,0,10,0,0,10,0,1,0,0,0,0,0,10,10,37,3466,3389,290,0,9,46,1.0,2900,0,23177,27,411,2900,30624
2025-07-10,argo,com.grab.sample.dummy,DummyClass67,method6,1,2,0.0,0,0.0,0,0,1,0,5,0,1,0,0.0,0,0,0,5,0.0,0,2.4,0,0,0.0,0,0.0,0.9,68,57,0.1,10,0,0,0,0,1,9,0,0,0,0,0,0,0,0,0,10,0.19999999999999996,10,1.0,10,0,0,0,10,0,0,10,0,1,0,0,0,0,0,10,10,37,3466,3389,290,0,9,46,1.0,2900,0,23177,27,411,2900,30624
2025-07-10,argo,com.grab.sample.dummy,DummyClass67,method7,1,2,0.0,0,0.0,0,0,1,0,5,0,1,0,0.0,0,0,0,5,0.0,0,2.4,0,0,0.0,0,0.0,0.9,68,57,0.1,10,0,0,0,0,1,9,0,0,0,0,0,0,0,0,0,10,0.19999999999999996,10,1.0,10,0,0,0,10,0,0,10,0,1,0,0,0,0,0,10,10,37,3466,3389,290,0,9,46,1.0,2900,0,23177,27,411,2900,30624
2025-07-10,argo,com.grab.sample.dummy,DummyClass67,method8,1,2,0.0,0,0.0,0,0,1,0,5,0,1,0,0.0,0,0,0,5,0.0,0,2.4,0,0,0.0,0,0.0,0.9,68,57,0.1,10,0,0,0,0,1,9,0,0,0,0,0,0,0,0,0,10,0.19999999999999996,10,1.0,10,0,0,0,10,0,0,10,0,1,0,0,0,0,0,10,10,37,3466,3389,290,0,9,46,1.0,2900,0,23177,27,411,2900,30624
2025-07-10,argo,com.grab.sample.dummy,DummyClass67,method9,1,2,0.0,0,0.0,0,0,1,0,5,0,1,0,0.0,0,0,0,5,0.0,0,2.4,0,0,0.0,0,0.0,0.9,68,57,0.1,10,0,0,0,0,1,9,0,0,0,0,0,0,0,0,0,10,0.19999999999999996,10,1.0,10,0,0,0,10,0,0,10,0,1,0,0,0,0,0,10,10,37,3466,3389,290,0,9,46,1.0,2900,0,23177,27,411,2900,30624
2025-07-10,argo,com.grab.sample.dummy,DummyClass67,method10,1,2,0.0,0,0.0,0,0,1,0,5,0,1,0,0.0,0,0,0,5,0.0,0,2.4,0,0,0.0,0,0.0,0.9,68,57,0.1,10,0,0,0,0,1,9,0,0,0,0,0,0,0,0,0,10,0.19999999999999996,10,1.0,10,0,0,0,10,0,0,10,0,1,0,0,0,0,0,10,10,37,3466,3389,290,0,9,46,1.0,2900,0,23177,27,411,2900,30624
2025-07-10,argo,com.grab.sample.dummy,DummyClass68,method1,1,0,9.0,0,0.0,0,0,1,0,12,0,1,10,0.0,10,0,9,1,0.0,1,2.0,0,9,0.0,0,0.0,0.9,68,57,0.1,10,0,0,0,0,1,9,0,0,0,0,0,0,0,0,0,10,0.19999999999999996,10,1.0,10,0,0,0,10,0,0,10,0,1,0,0,0,0,0,10,10,37,3466,3389,290,0,9,46,1.0,2900,0,23177,27,411,2900,30624
2025-07-10,argo,com.grab.sample.dummy,DummyClass68,method2,1,2,0.0,0,0.0,0,0,1,0,5,0,1,0,0.0,0,0,0,5,0.0,0,2.4,0,0,0.0,0,0.0,0.9,68,57,0.1,10,0,0,0,0,1,9,0,0,0,0,0,0,0,0,0,10,0.19999999999999996,10,1.0,10,0,0,0,10,0,0,10,0,1,0,0,0,0,0,10,10,37,3466,3389,290,0,9,46,1.0,2900,0,23177,27,411,2900,30624
2025-07-10,argo,com.grab.sample.dummy,DummyClass68,method3,1,2,0.0,0,0.0,0,0,1,0,5,0,1,0,0.0,0,0,0,5,0.0,0,2.4,0,0,0.0,0,0.0,0.9,68,57,0.1,10,0,0,0,0,1,9,0,0,0,0,0,0,0,0,0,10,0.19999999999999996,10,1.0,10,0,0,0,10,0,0,10,0,1,0,0,0,0,0,10,10,37,3466,3389,290,0,9,46,1.0,2900,0,23177,27,411,2900,30624
2025-07-10,argo,com.grab.sample.dummy,DummyClass68,method4,1,2,0.0,0,0.0,0,0,1,0,5,0,1,0,0.0,0,0,0,5,0.0,0,2.4,0,0,0.0,0,0.0,0.9,68,57,0.1,10,0,0,0,0,1,9,0,0,0,0,0,0,0,0,0,10,0.19999999999999996,10,1.0,10,0,0,0,10,0,0,10,0,1,0,0,0,0,0,10,10,37,3466,3389,290,0,9,46,1.0,2900,0,23177,27,411,2900,30624
2025-07-10,argo,com.grab.sample.dummy,DummyClass68,method5,1,2,0.0,0,0.0,0,0,1,0,5,0,1,0,0.0,0,0,0,5,0.0,0,2.4,0,0,0.0,0,0.0,0.9,68,57,0.1,10,0,0,0,0,1,9,0,0,0,0,0,0,0,0,0,10,0.19999999999999996,10,1.0,10,0,0,0,10,0,0,10,0,1,0,0,0,0,0,10,10,37,3466,3389,290,0,9,46,1.0,2900,0,23177,27,411,2900,30624
2025-07-10,argo,com.grab.sample.dummy,DummyClass68,method6,1,2,0.0,0,0.0,0,0,1,0,5,0,1,0,0.0,0,0,0,5,0.0,0,2.4,0,0,0.0,0,0.0,0.9,68,57,0.1,10,0,0,0,0,1,9,0,0,0,0,0,0,0,0,0,10,0.19999999999999996,10,1.0,10,0,0,0,10,0,0,10,0,1,0,0,0,0,0,10,10,37,3466,3389,290,0,9,46,1.0,2900,0,23177,27,411,2900,30624
2025-07-10,argo,com.grab.sample.dummy,DummyClass68,method7,1,2,0.0,0,0.0,0,0,1,0,5,0,1,0,0.0,0,0,0,5,0.0,0,2.4,0,0,0.0,0,0.0,0.9,68,57,0.1,10,0,0,0,0,1,9,0,0,0,0,0,0,0,0,0,10,0.19999999999999996,10,1.0,10,0,0,0,10,0,0,10,0,1,0,0,0,0,0,10,10,37,3466,3389,290,0,9,46,1.0,2900,0,23177,27,411,2900,30624
2025-07-10,argo,com.grab.sample.dummy,DummyClass68,method8,1,2,0.0,0,0.0,0,0,1,0,5,0,1,0,0.0,0,0,0,5,0.0,0,2.4,0,0,0.0,0,0.0,0.9,68,57,0.1,10,0,0,0,0,1,9,0,0,0,0,0,0,0,0,0,10,0.19999999999999996,10,1.0,10,0,0,0,10,0,0,10,0,1,0,0,0,0,0,10,10,37,3466,3389,290,0,9,46,1.0,2900,0,23177,27,411,2900,30624
2025-07-10,argo,com.grab.sample.dummy,DummyClass68,method9,1,2,0.0,0,0.0,0,0,1,0,5,0,1,0,0.0,0,0,0,5,0.0,0,2.4,0,0,0.0,0,0.0,0.9,68,57,0.1,10,0,0,0,0,1,9,0,0,0,0,0,0,0,0,0,10,0.19999999999999996,10,1.0,10,0,0,0,10,0,0,10,0,1,0,0,0,0,0,10,10,37,3466,3389,290,0,9,46,1.0,2900,0,23177,27,411,2900,30624
2025-07-10,argo,com.grab.sample.dummy,DummyClass68,method10,1,2,0.0,0,0.0,0,0,1,0,5,0,1,0,0.0,0,0,0,5,0.0,0,2.4,0,0,0.0,0,0.0,0.9,68,57,0.1,10,0,0,0,0,1,9,0,0,0,0,0,0,0,0,0,10,0.19999999999999996,10,1.0,10,0,0,0,10,0,0,10,0,1,0,0,0,0,0,10,10,37,3466,3389,290,0,9,46,1.0,2900,0,23177,27,411,2900,30624
2025-07-10,argo,com.grab.sample.dummy,DummyClass69,method1,1,0,9.0,0,0.0,0,0,1,0,12,0,1,10,0.0,10,0,9,1,0.0,1,2.0,0,9,0.0,0,0.0,0.9,68,57,0.1,10,0,0,0,0,1,9,0,0,0,0,0,0,0,0,0,10,0.19999999999999996,10,1.0,10,0,0,0,10,0,0,10,0,1,0,0,0,0,0,10,10,37,3466,3389,290,0,9,46,1.0,2900,0,23177,27,411,2900,30624
2025-07-10,argo,com.grab.sample.dummy,DummyClass69,method2,1,2,0.0,0,0.0,0,0,1,0,5,0,1,0,0.0,0,0,0,5,0.0,0,2.4,0,0,0.0,0,0.0,0.9,68,57,0.1,10,0,0,0,0,1,9,0,0,0,0,0,0,0,0,0,10,0.19999999999999996,10,1.0,10,0,0,0,10,0,0,10,0,1,0,0,0,0,0,10,10,37,3466,3389,290,0,9,46,1.0,2900,0,23177,27,411,2900,30624
2025-07-10,argo,com.grab.sample.dummy,DummyClass69,method3,1,2,0.0,0,0.0,0,0,1,0,5,0,1,0,0.0,0,0,0,5,0.0,0,2.4,0,0,0.0,0,0.0,0.9,68,57,0.1,10,0,0,0,0,1,9,0,0,0,0,0,0,0,0,0,10,0.19999999999999996,10,1.0,10,0,0,0,10,0,0,10,0,1,0,0,0,0,0,10,10,37,3466,3389,290,0,9,46,1.0,2900,0,23177,27,411,2900,30624
2025-07-10,argo,com.grab.sample.dummy,DummyClass69,method4,1,2,0.0,0,0.0,0,0,1,0,5,0,1,0,0.0,0,0,0,5,0.0,0,2.4,0,0,0.0,0,0.0,0.9,68,57,0.1,10,0,0,0,0,1,9,0,0,0,0,0,0,0,0,0,10,0.19999999999999996,10,1.0,10,0,0,0,10,0,0,10,0,1,0,0,0,0,0,10,10,37,3466,3389,290,0,9,46,1.0,2900,0,23177,27,411,2900,30624
2025-07-10,argo,com.grab.sample.dummy,DummyClass69,method5,1,2,0.0,0,0.0,0,0,1,0,5,0,1,0,0.0,0,0,0,5,0.0,0,2.4,0,0,0.0,0,0.0,0.9,68,57,0.1,10,0,0,0,0,1,9,0,0,0,0,0,0,0,0,0,10,0.19999999999999996,10,1.0,10,0,0,0,10,0,0,10,0,1,0,0,0,0,0,10,10,37,3466,3389,290,0,9,46,1.0,2900,0,23177,27,411,2900,30624
2025-07-10,argo,com.grab.sample.dummy,DummyClass69,method6,1,2,0.0,0,0.0,0,0,1,0,5,0,1,0,0.0,0,0,0,5,0.0,0,2.4,0,0,0.0,0,0.0,0.9,68,57,0.1,10,0,0,0,0,1,9,0,0,0,0,0,0,0,0,0,10,0.19999999999999996,10,1.0,10,0,0,0,10,0,0,10,0,1,0,0,0,0,0,10,10,37,3466,3389,290,0,9,46,1.0,2900,0,23177,27,411,2900,30624
2025-07-10,argo,com.grab.sample.dummy,DummyClass69,method7,1,2,0.0,0,0.0,0,0,1,0,5,0,1,0,0.0,0,0,0,5,0.0,0,2.4,0,0,0.0,0,0.0,0.9,68,57,0.1,10,0,0,0,0,1,9,0,0,0,0,0,0,0,0,0,10,0.19999999999999996,10,1.0,10,0,0,0,10,0,0,10,0,1,0,0,0,0,0,10,10,37,3466,3389,290,0,9,46,1.0,2900,0,23177,27,411,2900,30624
2025-07-10,argo,com.grab.sample.dummy,DummyClass69,method8,1,2,0.0,0,0.0,0,0,1,0,5,0,1,0,0.0,0,0,0,5,0.0,0,2.4,0,0,0.0,0,0.0,0.9,68,57,0.1,10,0,0,0,0,1,9,0,0,0,0,0,0,0,0,0,10,0.19999999999999996,10,1.0,10,0,0,0,10,0,0,10,0,1,0,0,0,0,0,10,10,37,3466,3389,290,0,9,46,1.0,2900,0,23177,27,411,2900,30624
2025-07-10,argo,com.grab.sample.dummy,DummyClass69,method9,1,2,0.0,0,0.0,0,0,1,0,5,0,1,0,0.0,0,0,0,5,0.0,0,2.4,0,0,0.0,0,0.0,0.9,68,57,0.1,10,0,0,0,0,1,9,0,0,0,0,0,0,0,0,0,10,0.19999999999999996,10,1.0,10,0,0,0,10,0,0,10,0,1,0,0,0,0,0,10,10,37,3466,3389,290,0,9,46,1.0,2900,0,23177,27,411,2900,30624
2025-07-10,argo,com.grab.sample.dummy,DummyClass69,method10,1,2,0.0,0,0.0,0,0,1,0,5,0,1,0,0.0,0,0,0,5,0.0,0,2.4,0,0,0.0,0,0.0,0.9,68,57,0.1,10,0,0,0,0,1,9,0,0,0,0,0,0,0,0,0,10,0.19999999999999996,10,1.0,10,0,0,0,10,0,0,10,0,1,0,0,0,0,0,10,10,37,3466,3389,290,0,9,46,1.0,2900,0,23177,27,411,2900,30624
2025-07-10,argo,com.grab.sample.dummy,DummyClass70,method1,1,0,9.0,0,0.0,0,0,1,0,12,0,1,10,0.0,10,0,9,1,0.0,1,2.0,0,9,0.0,0,0.0,0.9,68,57,0.1,10,0,0,0,0,1,9,0,0,0,0,0,0,0,0,0,10,0.19999999999999996,10,1.0,10,0,0,0,10,0,0,10,0,1,0,0,0,0,0,10,10,37,3466,3389,290,0,9,46,1.0,2900,0,23177,27,411,2900,30624
2025-07-10,argo,com.grab.sample.dummy,DummyClass70,method2,1,2,0.0,0,0.0,0,0,1,0,5,0,1,0,0.0,0,0,0,5,0.0,0,2.4,0,0,0.0,0,0.0,0.9,68,57,0.1,10,0,0,0,0,1,9,0,0,0,0,0,0,0,0,0,10,0.19999999999999996,10,1.0,10,0,0,0,10,0,0,10,0,1,0,0,0,0,0,10,10,37,3466,3389,290,0,9,46,1.0,2900,0,23177,27,411,2900,30624
2025-07-10,argo,com.grab.sample.dummy,DummyClass70,method3,1,2,0.0,0,0.0,0,0,1,0,5,0,1,0,0.0,0,0,0,5,0.0,0,2.4,0,0,0.0,0,0.0,0.9,68,57,0.1,10,0,0,0,0,1,9,0,0,0,0,0,0,0,0,0,10,0.19999999999999996,10,1.0,10,0,0,0,10,0,0,10,0,1,0,0,0,0,0,10,10,37,3466,3389,290,0,9,46,1.0,2900,0,23177,27,411,2900,30624
2025-07-10,argo,com.grab.sample.dummy,DummyClass70,method4,1,2,0.0,0,0.0,0,0,1,0,5,0,1,0,0.0,0,0,0,5,0.0,0,2.4,0,0,0.0,0,0.0,0.9,68,57,0.1,10,0,0,0,0,1,9,0,0,0,0,0,0,0,0,0,10,0.19999999999999996,10,1.0,10,0,0,0,10,0,0,10,0,1,0,0,0,0,0,10,10,37,3466,3389,290,0,9,46,1.0,2900,0,23177,27,411,2900,30624
2025-07-10,argo,com.grab.sample.dummy,DummyClass70,method5,1,2,0.0,0,0.0,0,0,1,0,5,0,1,0,0.0,0,0,0,5,0.0,0,2.4,0,0,0.0,0,0.0,0.9,68,57,0.1,10,0,0,0,0,1,9,0,0,0,0,0,0,0,0,0,10,0.19999999999999996,10,1.0,10,0,0,0,10,0,0,10,0,1,0,0,0,0,0,10,10,37,3466,3389,290,0,9,46,1.0,2900,0,23177,27,411,2900,30624
2025-07-10,argo,com.grab.sample.dummy,DummyClass70,method6,1,2,0.0,0,0.0,0,0,1,0,5,0,1,0,0.0,0,0,0,5,0.0,0,2.4,0,0,0.0,0,0.0,0.9,68,57,0.1,10,0,0,0,0,1,9,0,0,0,0,0,0,0,0,0,10,0.19999999999999996,10,1.0,10,0,0,0,10,0,0,10,0,1,0,0,0,0,0,10,10,37,3466,3389,290,0,9,46,1.0,2900,0,23177,27,411,2900,30624
2025-07-10,argo,com.grab.sample.dummy,DummyClass70,method7,1,2,0.0,0,0.0,0,0,1,0,5,0,1,0,0.0,0,0,0,5,0.0,0,2.4,0,0,0.0,0,0.0,0.9,68,57,0.1,10,0,0,0,0,1,9,0,0,0,0,0,0,0,0,0,10,0.19999999999999996,10,1.0,10,0,0,0,10,0,0,10,0,1,0,0,0,0,0,10,10,37,3466,3389,290,0,9,46,1.0,2900,0,23177,27,411,2900,30624
2025-07-10,argo,com.grab.sample.dummy,DummyClass70,method8,1,2,0.0,0,0.0,0,0,1,0,5,0,1,0,0.0,0,0,0,5,0.0,0,2.4,0,0,0.0,0,0.0,0.9,68,57,0.1,10,0,0,0,0,1,9,0,0,0,0,0,0,0,0,0,10,0.19999999999999996,10,1.0,10,0,0,0,10,0,0,10,0,1,0,0,0,0,0,10,10,37,3466,3389,290,0,9,46,1.0,2900,0,23177,27,411,2900,30624
2025-07-10,argo,com.grab.sample.dummy,DummyClass70,method9,1,2,0.0,0,0.0,0,0,1,0,5,0,1,0,0.0,0,0,0,5,0.0,0,2.4,0,0,0.0,0,0.0,0.9,68,57,0.1,10,0,0,0,0,1,9,0,0,0,0,0,0,0,0,0,10,0.19999999999999996,10,1.0,10,0,0,0,10,0,0,10,0,1,0,0,0,0,0,10,10,37,3466,3389,290,0,9,46,1.0,2900,0,23177,27,411,2900,30624
2025-07-10,argo,com.grab.sample.dummy,DummyClass70,method10,1,2,0.0,0,0.0,0,0,1,0,5,0,1,0,0.0,0,0,0,5,0.0,0,2.4,0,0,0.0,0,0.0,0.9,68,57,0.1,10,0,0,0,0,1,9,0,0,0,0,0,0,0,0,0,10,0.19999999999999996,10,1.0,10,0,0,0,10,0,0,10,0,1,0,0,0,0,0,10,10,37,3466,3389,290,0,9,46,1.0,2900,0,23177,27,411,2900,30624
2025-07-10,argo,com.grab.sample.dummy,DummyClass71,method1,1,0,9.0,0,0.0,0,0,1,0,12,0,1,10,0.0,10,0,9,1,0.0,1,2.0,0,9,0.0,0,0.0,0.9,68,57,0.1,10,0,0,0,0,1,9,0,0,0,0,0,0,0,0,0,10,0.19999999999999996,10,1.0,10,0,0,0,10,0,0,10,0,1,0,0,0,0,0,10,10,37,3466,3389,290,0,9,46,1.0,2900,0,23177,27,411,2900,30624
2025-07-10,argo,com.grab.sample.dummy,DummyClass71,method2,1,2,0.0,0,0.0,0,0,1,0,5,0,1,0,0.0,0,0,0,5,0.0,0,2.4,0,0,0.0,0,0.0,0.9,68,57,0.1,10,0,0,0,0,1,9,0,0,0,0,0,0,0,0,0,10,0.19999999999999996,10,1.0,10,0,0,0,10,0,0,10,0,1,0,0,0,0,0,10,10,37,3466,3389,290,0,9,46,1.0,2900,0,23177,27,411,2900,30624
2025-07-10,argo,com.grab.sample.dummy,DummyClass71,method3,1,2,0.0,0,0.0,0,0,1,0,5,0,1,0,0.0,0,0,0,5,0.0,0,2.4,0,0,0.0,0,0.0,0.9,68,57,0.1,10,0,0,0,0,1,9,0,0,0,0,0,0,0,0,0,10,0.19999999999999996,10,1.0,10,0,0,0,10,0,0,10,0,1,0,0,0,0,0,10,10,37,3466,3389,290,0,9,46,1.0,2900,0,23177,27,411,2900,30624
2025-07-10,argo,com.grab.sample.dummy,DummyClass71,method4,1,2,0.0,0,0.0,0,0,1,0,5,0,1,0,0.0,0,0,0,5,0.0,0,2.4,0,0,0.0,0,0.0,0.9,68,57,0.1,10,0,0,0,0,1,9,0,0,0,0,0,0,0,0,0,10,0.19999999999999996,10,1.0,10,0,0,0,10,0,0,10,0,1,0,0,0,0,0,10,10,37,3466,3389,290,0,9,46,1.0,2900,0,23177,27,411,2900,30624
2025-07-10,argo,com.grab.sample.dummy,DummyClass71,method5,1,2,0.0,0,0.0,0,0,1,0,5,0,1,0,0.0,0,0,0,5,0.0,0,2.4,0,0,0.0,0,0.0,0.9,68,57,0.1,10,0,0,0,0,1,9,0,0,0,0,0,0,0,0,0,10,0.19999999999999996,10,1.0,10,0,0,0,10,0,0,10,0,1,0,0,0,0,0,10,10,37,3466,3389,290,0,9,46,1.0,2900,0,23177,27,411,2900,30624
2025-07-10,argo,com.grab.sample.dummy,DummyClass71,method6,1,2,0.0,0,0.0,0,0,1,0,5,0,1,0,0.0,0,0,0,5,0.0,0,2.4,0,0,0.0,0,0.0,0.9,68,57,0.1,10,0,0,0,0,1,9,0,0,0,0,0,0,0,0,0,10,0.19999999999999996,10,1.0,10,0,0,0,10,0,0,10,0,1,0,0,0,0,0,10,10,37,3466,3389,290,0,9,46,1.0,2900,0,23177,27,411,2900,30624
2025-07-10,argo,com.grab.sample.dummy,DummyClass71,method7,1,2,0.0,0,0.0,0,0,1,0,5,0,1,0,0.0,0,0,0,5,0.0,0,2.4,0,0,0.0,0,0.0,0.9,68,57,0.1,10,0,0,0,0,1,9,0,0,0,0,0,0,0,0,0,10,0.19999999999999996,10,1.0,10,0,0,0,10,0,0,10,0,1,0,0,0,0,0,10,10,37,3466,3389,290,0,9,46,1.0,2900,0,23177,27,411,2900,30624
2025-07-10,argo,com.grab.sample.dummy,DummyClass71,method8,1,2,0.0,0,0.0,0,0,1,0,5,0,1,0,0.0,0,0,0,5,0.0,0,2.4,0,0,0.0,0,0.0,0.9,68,57,0.1,10,0,0,0,0,1,9,0,0,0,0,0,0,0,0,0,10,0.19999999999999996,10,1.0,10,0,0,0,10,0,0,10,0,1,0,0,0,0,0,10,10,37,3466,3389,290,0,9,46,1.0,2900,0,23177,27,411,2900,30624
2025-07-10,argo,com.grab.sample.dummy,DummyClass71,method9,1,2,0.0,0,0.0,0,0,1,0,5,0,1,0,0.0,0,0,0,5,0.0,0,2.4,0,0,0.0,0,0.0,0.9,68,57,0.1,10,0,0,0,0,1,9,0,0,0,0,0,0,0,0,0,10,0.19999999999999996,10,1.0,10,0,0,0,10,0,0,10,0,1,0,0,0,0,0,10,10,37,3466,3389,290,0,9,46,1.0,2900,0,23177,27,411,2900,30624
2025-07-10,argo,com.grab.sample.dummy,DummyClass71,method10,1,2,0.0,0,0.0,0,0,1,0,5,0,1,0,0.0,0,0,0,5,0.0,0,2.4,0,0,0.0,0,0.0,0.9,68,57,0.1,10,0,0,0,0,1,9,0,0,0,0,0,0,0,0,0,10,0.19999999999999996,10,1.0,10,0,0,0,10,0,0,10,0,1,0,0,0,0,0,10,10,37,3466,3389,290,0,9,46,1.0,2900,0,23177,27,411,2900,30624
2025-07-10,argo,com.grab.sample.dummy,DummyClass72,method1,1,0,9.0,0,0.0,0,0,1,0,12,0,1,10,0.0,10,0,9,1,0.0,1,2.0,0,9,0.0,0,0.0,0.9,68,57,0.1,10,0,0,0,0,1,9,0,0,0,0,0,0,0,0,0,10,0.19999999999999996,10,1.0,10,0,0,0,10,0,0,10,0,1,0,0,0,0,0,10,10,37,3466,3389,290,0,9,46,1.0,2900,0,23177,27,411,2900,30624
2025-07-10,argo,com.grab.sample.dummy,DummyClass72,method2,1,2,0.0,0,0.0,0,0,1,0,5,0,1,0,0.0,0,0,0,5,0.0,0,2.4,0,0,0.0,0,0.0,0.9,68,57,0.1,10,0,0,0,0,1,9,0,0,0,0,0,0,0,0,0,10,0.19999999999999996,10,1.0,10,0,0,0,10,0,0,10,0,1,0,0,0,0,0,10,10,37,3466,3389,290,0,9,46,1.0,2900,0,23177,27,411,2900,30624
2025-07-10,argo,com.grab.sample.dummy,DummyClass72,method3,1,2,0.0,0,0.0,0,0,1,0,5,0,1,0,0.0,0,0,0,5,0.0,0,2.4,0,0,0.0,0,0.0,0.9,68,57,0.1,10,0,0,0,0,1,9,0,0,0,0,0,0,0,0,0,10,0.19999999999999996,10,1.0,10,0,0,0,10,0,0,10,0,1,0,0,0,0,0,10,10,37,3466,3389,290,0,9,46,1.0,2900,0,23177,27,411,2900,30624
2025-07-10,argo,com.grab.sample.dummy,DummyClass72,method4,1,2,0.0,0,0.0,0,0,1,0,5,0,1,0,0.0,0,0,0,5,0.0,0,2.4,0,0,0.0,0,0.0,0.9,68,57,0.1,10,0,0,0,0,1,9,0,0,0,0,0,0,0,0,0,10,0.19999999999999996,10,1.0,10,0,0,0,10,0,0,10,0,1,0,0,0,0,0,10,10,37,3466,3389,290,0,9,46,1.0,2900,0,23177,27,411,2900,30624
2025-07-10,argo,com.grab.sample.dummy,DummyClass72,method5,1,2,0.0,0,0.0,0,0,1,0,5,0,1,0,0.0,0,0,0,5,0.0,0,2.4,0,0,0.0,0,0.0,0.9,68,57,0.1,10,0,0,0,0,1,9,0,0,0,0,0,0,0,0,0,10,0.19999999999999996,10,1.0,10,0,0,0,10,0,0,10,0,1,0,0,0,0,0,10,10,37,3466,3389,290,0,9,46,1.0,2900,0,23177,27,411,2900,30624
2025-07-10,argo,com.grab.sample.dummy,DummyClass72,method6,1,2,0.0,0,0.0,0,0,1,0,5,0,1,0,0.0,0,0,0,5,0.0,0,2.4,0,0,0.0,0,0.0,0.9,68,57,0.1,10,0,0,0,0,1,9,0,0,0,0,0,0,0,0,0,10,0.19999999999999996,10,1.0,10,0,0,0,10,0,0,10,0,1,0,0,0,0,0,10,10,37,3466,3389,290,0,9,46,1.0,2900,0,23177,27,411,2900,30624
2025-07-10,argo,com.grab.sample.dummy,DummyClass72,method7,1,2,0.0,0,0.0,0,0,1,0,5,0,1,0,0.0,0,0,0,5,0.0,0,2.4,0,0,0.0,0,0.0,0.9,68,57,0.1,10,0,0,0,0,1,9,0,0,0,0,0,0,0,0,0,10,0.19999999999999996,10,1.0,10,0,0,0,10,0,0,10,0,1,0,0,0,0,0,10,10,37,3466,3389,290,0,9,46,1.0,2900,0,23177,27,411,2900,30624
2025-07-10,argo,com.grab.sample.dummy,DummyClass72,method8,1,2,0.0,0,0.0,0,0,1,0,5,0,1,0,0.0,0,0,0,5,0.0,0,2.4,0,0,0.0,0,0.0,0.9,68,57,0.1,10,0,0,0,0,1,9,0,0,0,0,0,0,0,0,0,10,0.19999999999999996,10,1.0,10,0,0,0,10,0,0,10,0,1,0,0,0,0,0,10,10,37,3466,3389,290,0,9,46,1.0,2900,0,23177,27,411,2900,30624
2025-07-10,argo,com.grab.sample.dummy,DummyClass72,method9,1,2,0.0,0,0.0,0,0,1,0,5,0,1,0,0.0,0,0,0,5,0.0,0,2.4,0,0,0.0,0,0.0,0.9,68,57,0.1,10,0,0,0,0,1,9,0,0,0,0,0,0,0,0,0,10,0.19999999999999996,10,1.0,10,0,0,0,10,0,0,10,0,1,0,0,0,0,0,10,10,37,3466,3389,290,0,9,46,1.0,2900,0,23177,27,411,2900,30624
2025-07-10,argo,com.grab.sample.dummy,DummyClass72,method10,1,2,0.0,0,0.0,0,0,1,0,5,0,1,0,0.0,0,0,0,5,0.0,0,2.4,0,0,0.0,0,0.0,0.9,68,57,0.1,10,0,0,0,0,1,9,0,0,0,0,0,0,0,0,0,10,0.19999999999999996,10,1.0,10,0,0,0,10,0,0,10,0,1,0,0,0,0,0,10,10,37,3466,3389,290,0,9,46,1.0,2900,0,23177,27,411,2900,30624
2025-07-10,argo,com.grab.sample.dummy,DummyClass73,method1,1,0,9.0,0,0.0,0,0,1,0,12,0,1,10,0.0,10,0,9,1,0.0,1,2.0,0,9,0.0,0,0.0,0.9,68,57,0.1,10,0,0,0,0,1,9,0,0,0,0,0,0,0,0,0,10,0.19999999999999996,10,1.0,10,0,0,0,10,0,0,10,0,1,0,0,0,0,0,10,10,37,3466,3389,290,0,9,46,1.0,2900,0,23177,27,411,2900,30624
2025-07-10,argo,com.grab.sample.dummy,DummyClass73,method2,1,2,0.0,0,0.0,0,0,1,0,5,0,1,0,0.0,0,0,0,5,0.0,0,2.4,0,0,0.0,0,0.0,0.9,68,57,0.1,10,0,0,0,0,1,9,0,0,0,0,0,0,0,0,0,10,0.19999999999999996,10,1.0,10,0,0,0,10,0,0,10,0,1,0,0,0,0,0,10,10,37,3466,3389,290,0,9,46,1.0,2900,0,23177,27,411,2900,30624
2025-07-10,argo,com.grab.sample.dummy,DummyClass73,method3,1,2,0.0,0,0.0,0,0,1,0,5,0,1,0,0.0,0,0,0,5,0.0,0,2.4,0,0,0.0,0,0.0,0.9,68,57,0.1,10,0,0,0,0,1,9,0,0,0,0,0,0,0,0,0,10,0.19999999999999996,10,1.0,10,0,0,0,10,0,0,10,0,1,0,0,0,0,0,10,10,37,3466,3389,290,0,9,46,1.0,2900,0,23177,27,411,2900,30624
2025-07-10,argo,com.grab.sample.dummy,DummyClass73,method4,1,2,0.0,0,0.0,0,0,1,0,5,0,1,0,0.0,0,0,0,5,0.0,0,2.4,0,0,0.0,0,0.0,0.9,68,57,0.1,10,0,0,0,0,1,9,0,0,0,0,0,0,0,0,0,10,0.19999999999999996,10,1.0,10,0,0,0,10,0,0,10,0,1,0,0,0,0,0,10,10,37,3466,3389,290,0,9,46,1.0,2900,0,23177,27,411,2900,30624
2025-07-10,argo,com.grab.sample.dummy,DummyClass73,method5,1,2,0.0,0,0.0,0,0,1,0,5,0,1,0,0.0,0,0,0,5,0.0,0,2.4,0,0,0.0,0,0.0,0.9,68,57,0.1,10,0,0,0,0,1,9,0,0,0,0,0,0,0,0,0,10,0.19999999999999996,10,1.0,10,0,0,0,10,0,0,10,0,1,0,0,0,0,0,10,10,37,3466,3389,290,0,9,46,1.0,2900,0,23177,27,411,2900,30624
2025-07-10,argo,com.grab.sample.dummy,DummyClass73,method6,1,2,0.0,0,0.0,0,0,1,0,5,0,1,0,0.0,0,0,0,5,0.0,0,2.4,0,0,0.0,0,0.0,0.9,68,57,0.1,10,0,0,0,0,1,9,0,0,0,0,0,0,0,0,0,10,0.19999999999999996,10,1.0,10,0,0,0,10,0,0,10,0,1,0,0,0,0,0,10,10,37,3466,3389,290,0,9,46,1.0,2900,0,23177,27,411,2900,30624
2025-07-10,argo,com.grab.sample.dummy,DummyClass73,method7,1,2,0.0,0,0.0,0,0,1,0,5,0,1,0,0.0,0,0,0,5,0.0,0,2.4,0,0,0.0,0,0.0,0.9,68,57,0.1,10,0,0,0,0,1,9,0,0,0,0,0,0,0,0,0,10,0.19999999999999996,10,1.0,10,0,0,0,10,0,0,10,0,1,0,0,0,0,0,10,10,37,3466,3389,290,0,9,46,1.0,2900,0,23177,27,411,2900,30624
2025-07-10,argo,com.grab.sample.dummy,DummyClass73,method8,1,2,0.0,0,0.0,0,0,1,0,5,0,1,0,0.0,0,0,0,5,0.0,0,2.4,0,0,0.0,0,0.0,0.9,68,57,0.1,10,0,0,0,0,1,9,0,0,0,0,0,0,0,0,0,10,0.19999999999999996,10,1.0,10,0,0,0,10,0,0,10,0,1,0,0,0,0,0,10,10,37,3466,3389,290,0,9,46,1.0,2900,0,23177,27,411,2900,30624
2025-07-10,argo,com.grab.sample.dummy,DummyClass73,method9,1,2,0.0,0,0.0,0,0,1,0,5,0,1,0,0.0,0,0,0,5,0.0,0,2.4,0,0,0.0,0,0.0,0.9,68,57,0.1,10,0,0,0,0,1,9,0,0,0,0,0,0,0,0,0,10,0.19999999999999996,10,1.0,10,0,0,0,10,0,0,10,0,1,0,0,0,0,0,10,10,37,3466,3389,290,0,9,46,1.0,2900,0,23177,27,411,2900,30624
2025-07-10,argo,com.grab.sample.dummy,DummyClass73,method10,1,2,0.0,0,0.0,0,0,1,0,5,0,1,0,0.0,0,0,0,5,0.0,0,2.4,0,0,0.0,0,0.0,0.9,68,57,0.1,10,0,0,0,0,1,9,0,0,0,0,0,0,0,0,0,10,0.19999999999999996,10,1.0,10,0,0,0,10,0,0,10,0,1,0,0,0,0,0,10,10,37,3466,3389,290,0,9,46,1.0,2900,0,23177,27,411,2900,30624
2025-07-10,argo,com.grab.sample.dummy,DummyClass74,method1,1,0,9.0,0,0.0,0,0,1,0,12,0,1,10,0.0,10,0,9,1,0.0,1,2.0,0,9,0.0,0,0.0,0.9,68,57,0.1,10,0,0,0,0,1,9,0,0,0,0,0,0,0,0,0,10,0.19999999999999996,10,1.0,10,0,0,0,10,0,0,10,0,1,0,0,0,0,0,10,10,37,3466,3389,290,0,9,46,1.0,2900,0,23177,27,411,2900,30624
2025-07-10,argo,com.grab.sample.dummy,DummyClass74,method2,1,2,0.0,0,0.0,0,0,1,0,5,0,1,0,0.0,0,0,0,5,0.0,0,2.4,0,0,0.0,0,0.0,0.9,68,57,0.1,10,0,0,0,0,1,9,0,0,0,0,0,0,0,0,0,10,0.19999999999999996,10,1.0,10,0,0,0,10,0,0,10,0,1,0,0,0,0,0,10,10,37,3466,3389,290,0,9,46,1.0,2900,0,23177,27,411,2900,30624
2025-07-10,argo,com.grab.sample.dummy,DummyClass74,method3,1,2,0.0,0,0.0,0,0,1,0,5,0,1,0,0.0,0,0,0,5,0.0,0,2.4,0,0,0.0,0,0.0,0.9,68,57,0.1,10,0,0,0,0,1,9,0,0,0,0,0,0,0,0,0,10,0.19999999999999996,10,1.0,10,0,0,0,10,0,0,10,0,1,0,0,0,0,0,10,10,37,3466,3389,290,0,9,46,1.0,2900,0,23177,27,411,2900,30624
2025-07-10,argo,com.grab.sample.dummy,DummyClass74,method4,1,2,0.0,0,0.0,0,0,1,0,5,0,1,0,0.0,0,0,0,5,0.0,0,2.4,0,0,0.0,0,0.0,0.9,68,57,0.1,10,0,0,0,0,1,9,0,0,0,0,0,0,0,0,0,10,0.19999999999999996,10,1.0,10,0,0,0,10,0,0,10,0,1,0,0,0,0,0,10,10,37,3466,3389,290,0,9,46,1.0,2900,0,23177,27,411,2900,30624
2025-07-10,argo,com.grab.sample.dummy,DummyClass74,method5,1,2,0.0,0,0.0,0,0,1,0,5,0,1,0,0.0,0,0,0,5,0.0,0,2.4,0,0,0.0,0,0.0,0.9,68,57,0.1,10,0,0,0,0,1,9,0,0,0,0,0,0,0,0,0,10,0.19999999999999996,10,1.0,10,0,0,0,10,0,0,10,0,1,0,0,0,0,0,10,10,37,3466,3389,290,0,9,46,1.0,2900,0,23177,27,411,2900,30624
2025-07-10,argo,com.grab.sample.dummy,DummyClass74,method6,1,2,0.0,0,0.0,0,0,1,0,5,0,1,0,0.0,0,0,0,5,0.0,0,2.4,0,0,0.0,0,0.0,0.9,68,57,0.1,10,0,0,0,0,1,9,0,0,0,0,0,0,0,0,0,10,0.19999999999999996,10,1.0,10,0,0,0,10,0,0,10,0,1,0,0,0,0,0,10,10,37,3466,3389,290,0,9,46,1.0,2900,0,23177,27,411,2900,30624
2025-07-10,argo,com.grab.sample.dummy,DummyClass74,method7,1,2,0.0,0,0.0,0,0,1,0,5,0,1,0,0.0,0,0,0,5,0.0,0,2.4,0,0,0.0,0,0.0,0.9,68,57,0.1,10,0,0,0,0,1,9,0,0,0,0,0,0,0,0,0,10,0.19999999999999996,10,1.0,10,0,0,0,10,0,0,10,0,1,0,0,0,0,0,10,10,37,3466,3389,290,0,9,46,1.0,2900,0,23177,27,411,2900,30624
2025-07-10,argo,com.grab.sample.dummy,DummyClass74,method8,1,2,0.0,0,0.0,0,0,1,0,5,0,1,0,0.0,0,0,0,5,0.0,0,2.4,0,0,0.0,0,0.0,0.9,68,57,0.1,10,0,0,0,0,1,9,0,0,0,0,0,0,0,0,0,10,0.19999999999999996,10,1.0,10,0,0,0,10,0,0,10,0,1,0,0,0,0,0,10,10,37,3466,3389,290,0,9,46,1.0,2900,0,23177,27,411,2900,30624
2025-07-10,argo,com.grab.sample.dummy,DummyClass74,method9,1,2,0.0,0,0.0,0,0,1,0,5,0,1,0,0.0,0,0,0,5,0.0,0,2.4,0,0,0.0,0,0.0,0.9,68,57,0.1,10,0,0,0,0,1,9,0,0,0,0,0,0,0,0,0,10,0.19999999999999996,10,1.0,10,0,0,0,10,0,0,10,0,1,0,0,0,0,0,10,10,37,3466,3389,290,0,9,46,1.0,2900,0,23177,27,411,2900,30624
2025-07-10,argo,com.grab.sample.dummy,DummyClass74,method10,1,2,0.0,0,0.0,0,0,1,0,5,0,1,0,0.0,0,0,0,5,0.0,0,2.4,0,0,0.0,0,0.0,0.9,68,57,0.1,10,0,0,0,0,1,9,0,0,0,0,0,0,0,0,0,10,0.19999999999999996,10,1.0,10,0,0,0,10,0,0,10,0,1,0,0,0,0,0,10,10,37,3466,3389,290,0,9,46,1.0,2900,0,23177,27,411,2900,30624
2025-07-10,argo,com.grab.sample.dummy,DummyClass75,method1,1,0,9.0,0,0.0,0,0,1,0,12,0,1,10,0.0,10,0,9,1,0.0,1,2.0,0,9,0.0,0,0.0,0.9,68,57,0.1,10,0,0,0,0,1,9,0,0,0,0,0,0,0,0,0,10,0.19999999999999996,10,1.0,10,0,0,0,10,0,0,10,0,1,0,0,0,0,0,10,10,37,3466,3389,290,0,9,46,1.0,2900,0,23177,27,411,2900,30624
2025-07-10,argo,com.grab.sample.dummy,DummyClass75,method2,1,2,0.0,0,0.0,0,0,1,0,5,0,1,0,0.0,0,0,0,5,0.0,0,2.4,0,0,0.0,0,0.0,0.9,68,57,0.1,10,0,0,0,0,1,9,0,0,0,0,0,0,0,0,0,10,0.19999999999999996,10,1.0,10,0,0,0,10,0,0,10,0,1,0,0,0,0,0,10,10,37,3466,3389,290,0,9,46,1.0,2900,0,23177,27,411,2900,30624
2025-07-10,argo,com.grab.sample.dummy,DummyClass75,method3,1,2,0.0,0,0.0,0,0,1,0,5,0,1,0,0.0,0,0,0,5,0.0,0,2.4,0,0,0.0,0,0.0,0.9,68,57,0.1,10,0,0,0,0,1,9,0,0,0,0,0,0,0,0,0,10,0.19999999999999996,10,1.0,10,0,0,0,10,0,0,10,0,1,0,0,0,0,0,10,10,37,3466,3389,290,0,9,46,1.0,2900,0,23177,27,411,2900,30624
2025-07-10,argo,com.grab.sample.dummy,DummyClass75,method4,1,2,0.0,0,0.0,0,0,1,0,5,0,1,0,0.0,0,0,0,5,0.0,0,2.4,0,0,0.0,0,0.0,0.9,68,57,0.1,10,0,0,0,0,1,9,0,0,0,0,0,0,0,0,0,10,0.19999999999999996,10,1.0,10,0,0,0,10,0,0,10,0,1,0,0,0,0,0,10,10,37,3466,3389,290,0,9,46,1.0,2900,0,23177,27,411,2900,30624
2025-07-10,argo,com.grab.sample.dummy,DummyClass75,method5,1,2,0.0,0,0.0,0,0,1,0,5,0,1,0,0.0,0,0,0,5,0.0,0,2.4,0,0,0.0,0,0.0,0.9,68,57,0.1,10,0,0,0,0,1,9,0,0,0,0,0,0,0,0,0,10,0.19999999999999996,10,1.0,10,0,0,0,10,0,0,10,0,1,0,0,0,0,0,10,10,37,3466,3389,290,0,9,46,1.0,2900,0,23177,27,411,2900,30624
2025-07-10,argo,com.grab.sample.dummy,DummyClass75,method6,1,2,0.0,0,0.0,0,0,1,0,5,0,1,0,0.0,0,0,0,5,0.0,0,2.4,0,0,0.0,0,0.0,0.9,68,57,0.1,10,0,0,0,0,1,9,0,0,0,0,0,0,0,0,0,10,0.19999999999999996,10,1.0,10,0,0,0,10,0,0,10,0,1,0,0,0,0,0,10,10,37,3466,3389,290,0,9,46,1.0,2900,0,23177,27,411,2900,30624
2025-07-10,argo,com.grab.sample.dummy,DummyClass75,method7,1,2,0.0,0,0.0,0,0,1,0,5,0,1,0,0.0,0,0,0,5,0.0,0,2.4,0,0,0.0,0,0.0,0.9,68,57,0.1,10,0,0,0,0,1,9,0,0,0,0,0,0,0,0,0,10,0.19999999999999996,10,1.0,10,0,0,0,10,0,0,10,0,1,0,0,0,0,0,10,10,37,3466,3389,290,0,9,46,1.0,2900,0,23177,27,411,2900,30624
2025-07-10,argo,com.grab.sample.dummy,DummyClass75,method8,1,2,0.0,0,0.0,0,0,1,0,5,0,1,0,0.0,0,0,0,5,0.0,0,2.4,0,0,0.0,0,0.0,0.9,68,57,0.1,10,0,0,0,0,1,9,0,0,0,0,0,0,0,0,0,10,0.19999999999999996,10,1.0,10,0,0,0,10,0,0,10,0,1,0,0,0,0,0,10,10,37,3466,3389,290,0,9,46,1.0,2900,0,23177,27,411,2900,30624
2025-07-10,argo,com.grab.sample.dummy,DummyClass75,method9,1,2,0.0,0,0.0,0,0,1,0,5,0,1,0,0.0,0,0,0,5,0.0,0,2.4,0,0,0.0,0,0.0,0.9,68,57,0.1,10,0,0,0,0,1,9,0,0,0,0,0,0,0,0,0,10,0.19999999999999996,10,1.0,10,0,0,0,10,0,0,10,0,1,0,0,0,0,0,10,10,37,3466,3389,290,0,9,46,1.0,2900,0,23177,27,411,2900,30624
2025-07-10,argo,com.grab.sample.dummy,DummyClass75,method10,1,2,0.0,0,0.0,0,0,1,0,5,0,1,0,0.0,0,0,0,5,0.0,0,2.4,0,0,0.0,0,0.0,0.9,68,57,0.1,10,0,0,0,0,1,9,0,0,0,0,0,0,0,0,0,10,0.19999999999999996,10,1.0,10,0,0,0,10,0,0,10,0,1,0,0,0,0,0,10,10,37,3466,3389,290,0,9,46,1.0,2900,0,23177,27,411,2900,30624
2025-07-10,argo,com.grab.sample.dummy,DummyClass76,method1,1,0,9.0,0,0.0,0,0,1,0,12,0,1,10,0.0,10,0,9,1,0.0,1,2.0,0,9,0.0,0,0.0,0.9,68,57,0.1,10,0,0,0,0,1,9,0,0,0,0,0,0,0,0,0,10,0.19999999999999996,10,1.0,10,0,0,0,10,0,0,10,0,1,0,0,0,0,0,10,10,37,3466,3389,290,0,9,46,1.0,2900,0,23177,27,411,2900,30624
2025-07-10,argo,com.grab.sample.dummy,DummyClass76,method2,1,2,0.0,0,0.0,0,0,1,0,5,0,1,0,0.0,0,0,0,5,0.0,0,2.4,0,0,0.0,0,0.0,0.9,68,57,0.1,10,0,0,0,0,1,9,0,0,0,0,0,0,0,0,0,10,0.19999999999999996,10,1.0,10,0,0,0,10,0,0,10,0,1,0,0,0,0,0,10,10,37,3466,3389,290,0,9,46,1.0,2900,0,23177,27,411,2900,30624
2025-07-10,argo,com.grab.sample.dummy,DummyClass76,method3,1,2,0.0,0,0.0,0,0,1,0,5,0,1,0,0.0,0,0,0,5,0.0,0,2.4,0,0,0.0,0,0.0,0.9,68,57,0.1,10,0,0,0,0,1,9,0,0,0,0,0,0,0,0,0,10,0.19999999999999996,10,1.0,10,0,0,0,10,0,0,10,0,1,0,0,0,0,0,10,10,37,3466,3389,290,0,9,46,1.0,2900,0,23177,27,411,2900,30624
2025-07-10,argo,com.grab.sample.dummy,DummyClass76,method4,1,2,0.0,0,0.0,0,0,1,0,5,0,1,0,0.0,0,0,0,5,0.0,0,2.4,0,0,0.0,0,0.0,0.9,68,57,0.1,10,0,0,0,0,1,9,0,0,0,0,0,0,0,0,0,10,0.19999999999999996,10,1.0,10,0,0,0,10,0,0,10,0,1,0,0,0,0,0,10,10,37,3466,3389,290,0,9,46,1.0,2900,0,23177,27,411,2900,30624
2025-07-10,argo,com.grab.sample.dummy,DummyClass76,method5,1,2,0.0,0,0.0,0,0,1,0,5,0,1,0,0.0,0,0,0,5,0.0,0,2.4,0,0,0.0,0,0.0,0.9,68,57,0.1,10,0,0,0,0,1,9,0,0,0,0,0,0,0,0,0,10,0.19999999999999996,10,1.0,10,0,0,0,10,0,0,10,0,1,0,0,0,0,0,10,10,37,3466,3389,290,0,9,46,1.0,2900,0,23177,27,411,2900,30624
2025-07-10,argo,com.grab.sample.dummy,DummyClass76,method6,1,2,0.0,0,0.0,0,0,1,0,5,0,1,0,0.0,0,0,0,5,0.0,0,2.4,0,0,0.0,0,0.0,0.9,68,57,0.1,10,0,0,0,0,1,9,0,0,0,0,0,0,0,0,0,10,0.19999999999999996,10,1.0,10,0,0,0,10,0,0,10,0,1,0,0,0,0,0,10,10,37,3466,3389,290,0,9,46,1.0,2900,0,23177,27,411,2900,30624
2025-07-10,argo,com.grab.sample.dummy,DummyClass76,method7,1,2,0.0,0,0.0,0,0,1,0,5,0,1,0,0.0,0,0,0,5,0.0,0,2.4,0,0,0.0,0,0.0,0.9,68,57,0.1,10,0,0,0,0,1,9,0,0,0,0,0,0,0,0,0,10,0.19999999999999996,10,1.0,10,0,0,0,10,0,0,10,0,1,0,0,0,0,0,10,10,37,3466,3389,290,0,9,46,1.0,2900,0,23177,27,411,2900,30624
2025-07-10,argo,com.grab.sample.dummy,DummyClass76,method8,1,2,0.0,0,0.0,0,0,1,0,5,0,1,0,0.0,0,0,0,5,0.0,0,2.4,0,0,0.0,0,0.0,0.9,68,57,0.1,10,0,0,0,0,1,9,0,0,0,0,0,0,0,0,0,10,0.19999999999999996,10,1.0,10,0,0,0,10,0,0,10,0,1,0,0,0,0,0,10,10,37,3466,3389,290,0,9,46,1.0,2900,0,23177,27,411,2900,30624
2025-07-10,argo,com.grab.sample.dummy,DummyClass76,method9,1,2,0.0,0,0.0,0,0,1,0,5,0,1,0,0.0,0,0,0,5,0.0,0,2.4,0,0,0.0,0,0.0,0.9,68,57,0.1,10,0,0,0,0,1,9,0,0,0,0,0,0,0,0,0,10,0.19999999999999996,10,1.0,10,0,0,0,10,0,0,10,0,1,0,0,0,0,0,10,10,37,3466,3389,290,0,9,46,1.0,2900,0,23177,27,411,2900,30624
2025-07-10,argo,com.grab.sample.dummy,DummyClass76,method10,1,2,0.0,0,0.0,0,0,1,0,5,0,1,0,0.0,0,0,0,5,0.0,0,2.4,0,0,0.0,0,0.0,0.9,68,57,0.1,10,0,0,0,0,1,9,0,0,0,0,0,0,0,0,0,10,0.19999999999999996,10,1.0,10,0,0,0,10,0,0,10,0,1,0,0,0,0,0,10,10,37,3466,3389,290,0,9,46,1.0,2900,0,23177,27,411,2900,30624
2025-07-10,argo,com.grab.sample.dummy,DummyClass77,method1,1,0,9.0,0,0.0,0,0,1,0,12,0,1,10,0.0,10,0,9,1,0.0,1,2.0,0,9,0.0,0,0.0,0.9,68,57,0.1,10,0,0,0,0,1,9,0,0,0,0,0,0,0,0,0,10,0.19999999999999996,10,1.0,10,0,0,0,10,0,0,10,0,1,0,0,0,0,0,10,10,37,3466,3389,290,0,9,46,1.0,2900,0,23177,27,411,2900,30624
2025-07-10,argo,com.grab.sample.dummy,DummyClass77,method2,1,2,0.0,0,0.0,0,0,1,0,5,0,1,0,0.0,0,0,0,5,0.0,0,2.4,0,0,0.0,0,0.0,0.9,68,57,0.1,10,0,0,0,0,1,9,0,0,0,0,0,0,0,0,0,10,0.19999999999999996,10,1.0,10,0,0,0,10,0,0,10,0,1,0,0,0,0,0,10,10,37,3466,3389,290,0,9,46,1.0,2900,0,23177,27,411,2900,30624
2025-07-10,argo,com.grab.sample.dummy,DummyClass77,method3,1,2,0.0,0,0.0,0,0,1,0,5,0,1,0,0.0,0,0,0,5,0.0,0,2.4,0,0,0.0,0,0.0,0.9,68,57,0.1,10,0,0,0,0,1,9,0,0,0,0,0,0,0,0,0,10,0.19999999999999996,10,1.0,10,0,0,0,10,0,0,10,0,1,0,0,0,0,0,10,10,37,3466,3389,290,0,9,46,1.0,2900,0,23177,27,411,2900,30624
2025-07-10,argo,com.grab.sample.dummy,DummyClass77,method4,1,2,0.0,0,0.0,0,0,1,0,5,0,1,0,0.0,0,0,0,5,0.0,0,2.4,0,0,0.0,0,0.0,0.9,68,57,0.1,10,0,0,0,0,1,9,0,0,0,0,0,0,0,0,0,10,0.19999999999999996,10,1.0,10,0,0,0,10,0,0,10,0,1,0,0,0,0,0,10,10,37,3466,3389,290,0,9,46,1.0,2900,0,23177,27,411,2900,30624
2025-07-10,argo,com.grab.sample.dummy,DummyClass77,method5,1,2,0.0,0,0.0,0,0,1,0,5,0,1,0,0.0,0,0,0,5,0.0,0,2.4,0,0,0.0,0,0.0,0.9,68,57,0.1,10,0,0,0,0,1,9,0,0,0,0,0,0,0,0,0,10,0.19999999999999996,10,1.0,10,0,0,0,10,0,0,10,0,1,0,0,0,0,0,10,10,37,3466,3389,290,0,9,46,1.0,2900,0,23177,27,411,2900,30624
2025-07-10,argo,com.grab.sample.dummy,DummyClass77,method6,1,2,0.0,0,0.0,0,0,1,0,5,0,1,0,0.0,0,0,0,5,0.0,0,2.4,0,0,0.0,0,0.0,0.9,68,57,0.1,10,0,0,0,0,1,9,0,0,0,0,0,0,0,0,0,10,0.19999999999999996,10,1.0,10,0,0,0,10,0,0,10,0,1,0,0,0,0,0,10,10,37,3466,3389,290,0,9,46,1.0,2900,0,23177,27,411,2900,30624
2025-07-10,argo,com.grab.sample.dummy,DummyClass77,method7,1,2,0.0,0,0.0,0,0,1,0,5,0,1,0,0.0,0,0,0,5,0.0,0,2.4,0,0,0.0,0,0.0,0.9,68,57,0.1,10,0,0,0,0,1,9,0,0,0,0,0,0,0,0,0,10,0.19999999999999996,10,1.0,10,0,0,0,10,0,0,10,0,1,0,0,0,0,0,10,10,37,3466,3389,290,0,9,46,1.0,2900,0,23177,27,411,2900,30624
2025-07-10,argo,com.grab.sample.dummy,DummyClass77,method8,1,2,0.0,0,0.0,0,0,1,0,5,0,1,0,0.0,0,0,0,5,0.0,0,2.4,0,0,0.0,0,0.0,0.9,68,57,0.1,10,0,0,0,0,1,9,0,0,0,0,0,0,0,0,0,10,0.19999999999999996,10,1.0,10,0,0,0,10,0,0,10,0,1,0,0,0,0,0,10,10,37,3466,3389,290,0,9,46,1.0,2900,0,23177,27,411,2900,30624
2025-07-10,argo,com.grab.sample.dummy,DummyClass77,method9,1,2,0.0,0,0.0,0,0,1,0,5,0,1,0,0.0,0,0,0,5,0.0,0,2.4,0,0,0.0,0,0.0,0.9,68,57,0.1,10,0,0,0,0,1,9,0,0,0,0,0,0,0,0,0,10,0.19999999999999996,10,1.0,10,0,0,0,10,0,0,10,0,1,0,0,0,0,0,10,10,37,3466,3389,290,0,9,46,1.0,2900,0,23177,27,411,2900,30624
2025-07-10,argo,com.grab.sample.dummy,DummyClass77,method10,1,2,0.0,0,0.0,0,0,1,0,5,0,1,0,0.0,0,0,0,5,0.0,0,2.4,0,0,0.0,0,0.0,0.9,68,57,0.1,10,0,0,0,0,1,9,0,0,0,0,0,0,0,0,0,10,0.19999999999999996,10,1.0,10,0,0,0,10,0,0,10,0,1,0,0,0,0,0,10,10,37,3466,3389,290,0,9,46,1.0,2900,0,23177,27,411,2900,30624
2025-07-10,argo,com.grab.sample.dummy,DummyClass78,method1,1,0,9.0,0,0.0,0,0,1,0,12,0,1,10,0.0,10,0,9,1,0.0,1,2.0,0,9,0.0,0,0.0,0.9,68,57,0.1,10,0,0,0,0,1,9,0,0,0,0,0,0,0,0,0,10,0.19999999999999996,10,1.0,10,0,0,0,10,0,0,10,0,1,0,0,0,0,0,10,10,37,3466,3389,290,0,9,46,1.0,2900,0,23177,27,411,2900,30624
2025-07-10,argo,com.grab.sample.dummy,DummyClass78,method2,1,2,0.0,0,0.0,0,0,1,0,5,0,1,0,0.0,0,0,0,5,0.0,0,2.4,0,0,0.0,0,0.0,0.9,68,57,0.1,10,0,0,0,0,1,9,0,0,0,0,0,0,0,0,0,10,0.19999999999999996,10,1.0,10,0,0,0,10,0,0,10,0,1,0,0,0,0,0,10,10,37,3466,3389,290,0,9,46,1.0,2900,0,23177,27,411,2900,30624
2025-07-10,argo,com.grab.sample.dummy,DummyClass78,method3,1,2,0.0,0,0.0,0,0,1,0,5,0,1,0,0.0,0,0,0,5,0.0,0,2.4,0,0,0.0,0,0.0,0.9,68,57,0.1,10,0,0,0,0,1,9,0,0,0,0,0,0,0,0,0,10,0.19999999999999996,10,1.0,10,0,0,0,10,0,0,10,0,1,0,0,0,0,0,10,10,37,3466,3389,290,0,9,46,1.0,2900,0,23177,27,411,2900,30624
2025-07-10,argo,com.grab.sample.dummy,DummyClass78,method4,1,2,0.0,0,0.0,0,0,1,0,5,0,1,0,0.0,0,0,0,5,0.0,0,2.4,0,0,0.0,0,0.0,0.9,68,57,0.1,10,0,0,0,0,1,9,0,0,0,0,0,0,0,0,0,10,0.19999999999999996,10,1.0,10,0,0,0,10,0,0,10,0,1,0,0,0,0,0,10,10,37,3466,3389,290,0,9,46,1.0,2900,0,23177,27,411,2900,30624
2025-07-10,argo,com.grab.sample.dummy,DummyClass78,method5,1,2,0.0,0,0.0,0,0,1,0,5,0,1,0,0.0,0,0,0,5,0.0,0,2.4,0,0,0.0,0,0.0,0.9,68,57,0.1,10,0,0,0,0,1,9,0,0,0,0,0,0,0,0,0,10,0.19999999999999996,10,1.0,10,0,0,0,10,0,0,10,0,1,0,0,0,0,0,10,10,37,3466,3389,290,0,9,46,1.0,2900,0,23177,27,411,2900,30624
2025-07-10,argo,com.grab.sample.dummy,DummyClass78,method6,1,2,0.0,0,0.0,0,0,1,0,5,0,1,0,0.0,0,0,0,5,0.0,0,2.4,0,0,0.0,0,0.0,0.9,68,57,0.1,10,0,0,0,0,1,9,0,0,0,0,0,0,0,0,0,10,0.19999999999999996,10,1.0,10,0,0,0,10,0,0,10,0,1,0,0,0,0,0,10,10,37,3466,3389,290,0,9,46,1.0,2900,0,23177,27,411,2900,30624
2025-07-10,argo,com.grab.sample.dummy,DummyClass78,method7,1,2,0.0,0,0.0,0,0,1,0,5,0,1,0,0.0,0,0,0,5,0.0,0,2.4,0,0,0.0,0,0.0,0.9,68,57,0.1,10,0,0,0,0,1,9,0,0,0,0,0,0,0,0,0,10,0.19999999999999996,10,1.0,10,0,0,0,10,0,0,10,0,1,0,0,0,0,0,10,10,37,3466,3389,290,0,9,46,1.0,2900,0,23177,27,411,2900,30624
2025-07-10,argo,com.grab.sample.dummy,DummyClass78,method8,1,2,0.0,0,0.0,0,0,1,0,5,0,1,0,0.0,0,0,0,5,0.0,0,2.4,0,0,0.0,0,0.0,0.9,68,57,0.1,10,0,0,0,0,1,9,0,0,0,0,0,0,0,0,0,10,0.19999999999999996,10,1.0,10,0,0,0,10,0,0,10,0,1,0,0,0,0,0,10,10,37,3466,3389,290,0,9,46,1.0,2900,0,23177,27,411,2900,30624
2025-07-10,argo,com.grab.sample.dummy,DummyClass78,method9,1,2,0.0,0,0.0,0,0,1,0,5,0,1,0,0.0,0,0,0,5,0.0,0,2.4,0,0,0.0,0,0.0,0.9,68,57,0.1,10,0,0,0,0,1,9,0,0,0,0,0,0,0,0,0,10,0.19999999999999996,10,1.0,10,0,0,0,10,0,0,10,0,1,0,0,0,0,0,10,10,37,3466,3389,290,0,9,46,1.0,2900,0,23177,27,411,2900,30624
2025-07-10,argo,com.grab.sample.dummy,DummyClass78,method10,1,2,0.0,0,0.0,0,0,1,0,5,0,1,0,0.0,0,0,0,5,0.0,0,2.4,0,0,0.0,0,0.0,0.9,68,57,0.1,10,0,0,0,0,1,9,0,0,0,0,0,0,0,0,0,10,0.19999999999999996,10,1.0,10,0,0,0,10,0,0,10,0,1,0,0,0,0,0,10,10,37,3466,3389,290,0,9,46,1.0,2900,0,23177,27,411,2900,30624
2025-07-10,argo,com.grab.sample.dummy,DummyClass79,method1,1,0,9.0,0,0.0,0,0,1,0,12,0,1,10,0.0,10,0,9,1,0.0,1,2.0,0,9,0.0,0,0.0,0.9,68,57,0.1,10,0,0,0,0,1,9,0,0,0,0,0,0,0,0,0,10,0.19999999999999996,10,1.0,10,0,0,0,10,0,0,10,0,1,0,0,0,0,0,10,10,37,3466,3389,290,0,9,46,1.0,2900,0,23177,27,411,2900,30624
2025-07-10,argo,com.grab.sample.dummy,DummyClass79,method2,1,2,0.0,0,0.0,0,0,1,0,5,0,1,0,0.0,0,0,0,5,0.0,0,2.4,0,0,0.0,0,0.0,0.9,68,57,0.1,10,0,0,0,0,1,9,0,0,0,0,0,0,0,0,0,10,0.19999999999999996,10,1.0,10,0,0,0,10,0,0,10,0,1,0,0,0,0,0,10,10,37,3466,3389,290,0,9,46,1.0,2900,0,23177,27,411,2900,30624
2025-07-10,argo,com.grab.sample.dummy,DummyClass79,method3,1,2,0.0,0,0.0,0,0,1,0,5,0,1,0,0.0,0,0,0,5,0.0,0,2.4,0,0,0.0,0,0.0,0.9,68,57,0.1,10,0,0,0,0,1,9,0,0,0,0,0,0,0,0,0,10,0.19999999999999996,10,1.0,10,0,0,0,10,0,0,10,0,1,0,0,0,0,0,10,10,37,3466,3389,290,0,9,46,1.0,2900,0,23177,27,411,2900,30624
2025-07-10,argo,com.grab.sample.dummy,DummyClass79,method4,1,2,0.0,0,0.0,0,0,1,0,5,0,1,0,0.0,0,0,0,5,0.0,0,2.4,0,0,0.0,0,0.0,0.9,68,57,0.1,10,0,0,0,0,1,9,0,0,0,0,0,0,0,0,0,10,0.19999999999999996,10,1.0,10,0,0,0,10,0,0,10,0,1,0,0,0,0,0,10,10,37,3466,3389,290,0,9,46,1.0,2900,0,23177,27,411,2900,30624
2025-07-10,argo,com.grab.sample.dummy,DummyClass79,method5,1,2,0.0,0,0.0,0,0,1,0,5,0,1,0,0.0,0,0,0,5,0.0,0,2.4,0,0,0.0,0,0.0,0.9,68,57,0.1,10,0,0,0,0,1,9,0,0,0,0,0,0,0,0,0,10,0.19999999999999996,10,1.0,10,0,0,0,10,0,0,10,0,1,0,0,0,0,0,10,10,37,3466,3389,290,0,9,46,1.0,2900,0,23177,27,411,2900,30624
2025-07-10,argo,com.grab.sample.dummy,DummyClass79,method6,1,2,0.0,0,0.0,0,0,1,0,5,0,1,0,0.0,0,0,0,5,0.0,0,2.4,0,0,0.0,0,0.0,0.9,68,57,0.1,10,0,0,0,0,1,9,0,0,0,0,0,0,0,0,0,10,0.19999999999999996,10,1.0,10,0,0,0,10,0,0,10,0,1,0,0,0,0,0,10,10,37,3466,3389,290,0,9,46,1.0,2900,0,23177,27,411,2900,30624
2025-07-10,argo,com.grab.sample.dummy,DummyClass79,method7,1,2,0.0,0,0.0,0,0,1,0,5,0,1,0,0.0,0,0,0,5,0.0,0,2.4,0,0,0.0,0,0.0,0.9,68,57,0.1,10,0,0,0,0,1,9,0,0,0,0,0,0,0,0,0,10,0.19999999999999996,10,1.0,10,0,0,0,10,0,0,10,0,1,0,0,0,0,0,10,10,37,3466,3389,290,0,9,46,1.0,2900,0,23177,27,411,2900,30624
2025-07-10,argo,com.grab.sample.dummy,DummyClass79,method8,1,2,0.0,0,0.0,0,0,1,0,5,0,1,0,0.0,0,0,0,5,0.0,0,2.4,0,0,0.0,0,0.0,0.9,68,57,0.1,10,0,0,0,0,1,9,0,0,0,0,0,0,0,0,0,10,0.19999999999999996,10,1.0,10,0,0,0,10,0,0,10,0,1,0,0,0,0,0,10,10,37,3466,3389,290,0,9,46,1.0,2900,0,23177,27,411,2900,30624
2025-07-10,argo,com.grab.sample.dummy,DummyClass79,method9,1,2,0.0,0,0.0,0,0,1,0,5,0,1,0,0.0,0,0,0,5,0.0,0,2.4,0,0,0.0,0,0.0,0.9,68,57,0.1,10,0,0,0,0,1,9,0,0,0,0,0,0,0,0,0,10,0.19999999999999996,10,1.0,10,0,0,0,10,0,0,10,0,1,0,0,0,0,0,10,10,37,3466,3389,290,0,9,46,1.0,2900,0,23177,27,411,2900,30624
2025-07-10,argo,com.grab.sample.dummy,DummyClass79,method10,1,2,0.0,0,0.0,0,0,1,0,5,0,1,0,0.0,0,0,0,5,0.0,0,2.4,0,0,0.0,0,0.0,0.9,68,57,0.1,10,0,0,0,0,1,9,0,0,0,0,0,0,0,0,0,10,0.19999999999999996,10,1.0,10,0,0,0,10,0,0,10,0,1,0,0,0,0,0,10,10,37,3466,3389,290,0,9,46,1.0,2900,0,23177,27,411,2900,30624
2025-07-10,argo,com.grab.sample.dummy,DummyClass80,method1,1,0,9.0,0,0.0,0,0,1,0,12,0,1,10,0.0,10,0,9,1,0.0,1,2.0,0,9,0.0,0,0.0,0.9,68,57,0.1,10,0,0,0,0,1,9,0,0,0,0,0,0,0,0,0,10,0.19999999999999996,10,1.0,10,0,0,0,10,0,0,10,0,1,0,0,0,0,0,10,10,37,3466,3389,290,0,9,46,1.0,2900,0,23177,27,411,2900,30624
2025-07-10,argo,com.grab.sample.dummy,DummyClass80,method2,1,2,0.0,0,0.0,0,0,1,0,5,0,1,0,0.0,0,0,0,5,0.0,0,2.4,0,0,0.0,0,0.0,0.9,68,57,0.1,10,0,0,0,0,1,9,0,0,0,0,0,0,0,0,0,10,0.19999999999999996,10,1.0,10,0,0,0,10,0,0,10,0,1,0,0,0,0,0,10,10,37,3466,3389,290,0,9,46,1.0,2900,0,23177,27,411,2900,30624
2025-07-10,argo,com.grab.sample.dummy,DummyClass80,method3,1,2,0.0,0,0.0,0,0,1,0,5,0,1,0,0.0,0,0,0,5,0.0,0,2.4,0,0,0.0,0,0.0,0.9,68,57,0.1,10,0,0,0,0,1,9,0,0,0,0,0,0,0,0,0,10,0.19999999999999996,10,1.0,10,0,0,0,10,0,0,10,0,1,0,0,0,0,0,10,10,37,3466,3389,290,0,9,46,1.0,2900,0,23177,27,411,2900,30624
2025-07-10,argo,com.grab.sample.dummy,DummyClass80,method4,1,2,0.0,0,0.0,0,0,1,0,5,0,1,0,0.0,0,0,0,5,0.0,0,2.4,0,0,0.0,0,0.0,0.9,68,57,0.1,10,0,0,0,0,1,9,0,0,0,0,0,0,0,0,0,10,0.19999999999999996,10,1.0,10,0,0,0,10,0,0,10,0,1,0,0,0,0,0,10,10,37,3466,3389,290,0,9,46,1.0,2900,0,23177,27,411,2900,30624
2025-07-10,argo,com.grab.sample.dummy,DummyClass80,method5,1,2,0.0,0,0.0,0,0,1,0,5,0,1,0,0.0,0,0,0,5,0.0,0,2.4,0,0,0.0,0,0.0,0.9,68,57,0.1,10,0,0,0,0,1,9,0,0,0,0,0,0,0,0,0,10,0.19999999999999996,10,1.0,10,0,0,0,10,0,0,10,0,1,0,0,0,0,0,10,10,37,3466,3389,290,0,9,46,1.0,2900,0,23177,27,411,2900,30624
2025-07-10,argo,com.grab.sample.dummy,DummyClass80,method6,1,2,0.0,0,0.0,0,0,1,0,5,0,1,0,0.0,0,0,0,5,0.0,0,2.4,0,0,0.0,0,0.0,0.9,68,57,0.1,10,0,0,0,0,1,9,0,0,0,0,0,0,0,0,0,10,0.19999999999999996,10,1.0,10,0,0,0,10,0,0,10,0,1,0,0,0,0,0,10,10,37,3466,3389,290,0,9,46,1.0,2900,0,23177,27,411,2900,30624
2025-07-10,argo,com.grab.sample.dummy,DummyClass80,method7,1,2,0.0,0,0.0,0,0,1,0,5,0,1,0,0.0,0,0,0,5,0.0,0,2.4,0,0,0.0,0,0.0,0.9,68,57,0.1,10,0,0,0,0,1,9,0,0,0,0,0,0,0,0,0,10,0.19999999999999996,10,1.0,10,0,0,0,10,0,0,10,0,1,0,0,0,0,0,10,10,37,3466,3389,290,0,9,46,1.0,2900,0,23177,27,411,2900,30624
2025-07-10,argo,com.grab.sample.dummy,DummyClass80,method8,1,2,0.0,0,0.0,0,0,1,0,5,0,1,0,0.0,0,0,0,5,0.0,0,2.4,0,0,0.0,0,0.0,0.9,68,57,0.1,10,0,0,0,0,1,9,0,0,0,0,0,0,0,0,0,10,0.19999999999999996,10,1.0,10,0,0,0,10,0,0,10,0,1,0,0,0,0,0,10,10,37,3466,3389,290,0,9,46,1.0,2900,0,23177,27,411,2900,30624
2025-07-10,argo,com.grab.sample.dummy,DummyClass80,method9,1,2,0.0,0,0.0,0,0,1,0,5,0,1,0,0.0,0,0,0,5,0.0,0,2.4,0,0,0.0,0,0.0,0.9,68,57,0.1,10,0,0,0,0,1,9,0,0,0,0,0,0,0,0,0,10,0.19999999999999996,10,1.0,10,0,0,0,10,0,0,10,0,1,0,0,0,0,0,10,10,37,3466,3389,290,0,9,46,1.0,2900,0,23177,27,411,2900,30624
2025-07-10,argo,com.grab.sample.dummy,DummyClass80,method10,1,2,0.0,0,0.0,0,0,1,0,5,0,1,0,0.0,0,0,0,5,0.0,0,2.4,0,0,0.0,0,0.0,0.9,68,57,0.1,10,0,0,0,0,1,9,0,0,0,0,0,0,0,0,0,10,0.19999999999999996,10,1.0,10,0,0,0,10,0,0,10,0,1,0,0,0,0,0,10,10,37,3466,3389,290,0,9,46,1.0,2900,0,23177,27,411,2900,30624
2025-07-10,argo,com.grab.sample.dummy,DummyClass81,method1,1,0,9.0,0,0.0,0,0,1,0,12,0,1,10,0.0,10,0,9,1,0.0,1,2.0,0,9,0.0,0,0.0,0.9,68,57,0.1,10,0,0,0,0,1,9,0,0,0,0,0,0,0,0,0,10,0.19999999999999996,10,1.0,10,0,0,0,10,0,0,10,0,1,0,0,0,0,0,10,10,37,3466,3389,290,0,9,46,1.0,2900,0,23177,27,411,2900,30624
2025-07-10,argo,com.grab.sample.dummy,DummyClass81,method2,1,2,0.0,0,0.0,0,0,1,0,5,0,1,0,0.0,0,0,0,5,0.0,0,2.4,0,0,0.0,0,0.0,0.9,68,57,0.1,10,0,0,0,0,1,9,0,0,0,0,0,0,0,0,0,10,0.19999999999999996,10,1.0,10,0,0,0,10,0,0,10,0,1,0,0,0,0,0,10,10,37,3466,3389,290,0,9,46,1.0,2900,0,23177,27,411,2900,30624
2025-07-10,argo,com.grab.sample.dummy,DummyClass81,method3,1,2,0.0,0,0.0,0,0,1,0,5,0,1,0,0.0,0,0,0,5,0.0,0,2.4,0,0,0.0,0,0.0,0.9,68,57,0.1,10,0,0,0,0,1,9,0,0,0,0,0,0,0,0,0,10,0.19999999999999996,10,1.0,10,0,0,0,10,0,0,10,0,1,0,0,0,0,0,10,10,37,3466,3389,290,0,9,46,1.0,2900,0,23177,27,411,2900,30624
2025-07-10,argo,com.grab.sample.dummy,DummyClass81,method4,1,2,0.0,0,0.0,0,0,1,0,5,0,1,0,0.0,0,0,0,5,0.0,0,2.4,0,0,0.0,0,0.0,0.9,68,57,0.1,10,0,0,0,0,1,9,0,0,0,0,0,0,0,0,0,10,0.19999999999999996,10,1.0,10,0,0,0,10,0,0,10,0,1,0,0,0,0,0,10,10,37,3466,3389,290,0,9,46,1.0,2900,0,23177,27,411,2900,30624
2025-07-10,argo,com.grab.sample.dummy,DummyClass81,method5,1,2,0.0,0,0.0,0,0,1,0,5,0,1,0,0.0,0,0,0,5,0.0,0,2.4,0,0,0.0,0,0.0,0.9,68,57,0.1,10,0,0,0,0,1,9,0,0,0,0,0,0,0,0,0,10,0.19999999999999996,10,1.0,10,0,0,0,10,0,0,10,0,1,0,0,0,0,0,10,10,37,3466,3389,290,0,9,46,1.0,2900,0,23177,27,411,2900,30624
2025-07-10,argo,com.grab.sample.dummy,DummyClass81,method6,1,2,0.0,0,0.0,0,0,1,0,5,0,1,0,0.0,0,0,0,5,0.0,0,2.4,0,0,0.0,0,0.0,0.9,68,57,0.1,10,0,0,0,0,1,9,0,0,0,0,0,0,0,0,0,10,0.19999999999999996,10,1.0,10,0,0,0,10,0,0,10,0,1,0,0,0,0,0,10,10,37,3466,3389,290,0,9,46,1.0,2900,0,23177,27,411,2900,30624
2025-07-10,argo,com.grab.sample.dummy,DummyClass81,method7,1,2,0.0,0,0.0,0,0,1,0,5,0,1,0,0.0,0,0,0,5,0.0,0,2.4,0,0,0.0,0,0.0,0.9,68,57,0.1,10,0,0,0,0,1,9,0,0,0,0,0,0,0,0,0,10,0.19999999999999996,10,1.0,10,0,0,0,10,0,0,10,0,1,0,0,0,0,0,10,10,37,3466,3389,290,0,9,46,1.0,2900,0,23177,27,411,2900,30624
2025-07-10,argo,com.grab.sample.dummy,DummyClass81,method8,1,2,0.0,0,0.0,0,0,1,0,5,0,1,0,0.0,0,0,0,5,0.0,0,2.4,0,0,0.0,0,0.0,0.9,68,57,0.1,10,0,0,0,0,1,9,0,0,0,0,0,0,0,0,0,10,0.19999999999999996,10,1.0,10,0,0,0,10,0,0,10,0,1,0,0,0,0,0,10,10,37,3466,3389,290,0,9,46,1.0,2900,0,23177,27,411,2900,30624
2025-07-10,argo,com.grab.sample.dummy,DummyClass81,method9,1,2,0.0,0,0.0,0,0,1,0,5,0,1,0,0.0,0,0,0,5,0.0,0,2.4,0,0,0.0,0,0.0,0.9,68,57,0.1,10,0,0,0,0,1,9,0,0,0,0,0,0,0,0,0,10,0.19999999999999996,10,1.0,10,0,0,0,10,0,0,10,0,1,0,0,0,0,0,10,10,37,3466,3389,290,0,9,46,1.0,2900,0,23177,27,411,2900,30624
2025-07-10,argo,com.grab.sample.dummy,DummyClass81,method10,1,2,0.0,0,0.0,0,0,1,0,5,0,1,0,0.0,0,0,0,5,0.0,0,2.4,0,0,0.0,0,0.0,0.9,68,57,0.1,10,0,0,0,0,1,9,0,0,0,0,0,0,0,0,0,10,0.19999999999999996,10,1.0,10,0,0,0,10,0,0,10,0,1,0,0,0,0,0,10,10,37,3466,3389,290,0,9,46,1.0,2900,0,23177,27,411,2900,30624
2025-07-10,argo,com.grab.sample.dummy,DummyClass82,method1,1,0,9.0,0,0.0,0,0,1,0,12,0,1,10,0.0,10,0,9,1,0.0,1,2.0,0,9,0.0,0,0.0,0.9,68,57,0.1,10,0,0,0,0,1,9,0,0,0,0,0,0,0,0,0,10,0.19999999999999996,10,1.0,10,0,0,0,10,0,0,10,0,1,0,0,0,0,0,10,10,37,3466,3389,290,0,9,46,1.0,2900,0,23177,27,411,2900,30624
2025-07-10,argo,com.grab.sample.dummy,DummyClass82,method2,1,2,0.0,0,0.0,0,0,1,0,5,0,1,0,0.0,0,0,0,5,0.0,0,2.4,0,0,0.0,0,0.0,0.9,68,57,0.1,10,0,0,0,0,1,9,0,0,0,0,0,0,0,0,0,10,0.19999999999999996,10,1.0,10,0,0,0,10,0,0,10,0,1,0,0,0,0,0,10,10,37,3466,3389,290,0,9,46,1.0,2900,0,23177,27,411,2900,30624
2025-07-10,argo,com.grab.sample.dummy,DummyClass82,method3,1,2,0.0,0,0.0,0,0,1,0,5,0,1,0,0.0,0,0,0,5,0.0,0,2.4,0,0,0.0,0,0.0,0.9,68,57,0.1,10,0,0,0,0,1,9,0,0,0,0,0,0,0,0,0,10,0.19999999999999996,10,1.0,10,0,0,0,10,0,0,10,0,1,0,0,0,0,0,10,10,37,3466,3389,290,0,9,46,1.0,2900,0,23177,27,411,2900,30624
2025-07-10,argo,com.grab.sample.dummy,DummyClass82,method4,1,2,0.0,0,0.0,0,0,1,0,5,0,1,0,0.0,0,0,0,5,0.0,0,2.4,0,0,0.0,0,0.0,0.9,68,57,0.1,10,0,0,0,0,1,9,0,0,0,0,0,0,0,0,0,10,0.19999999999999996,10,1.0,10,0,0,0,10,0,0,10,0,1,0,0,0,0,0,10,10,37,3466,3389,290,0,9,46,1.0,2900,0,23177,27,411,2900,30624
2025-07-10,argo,com.grab.sample.dummy,DummyClass82,method5,1,2,0.0,0,0.0,0,0,1,0,5,0,1,0,0.0,0,0,0,5,0.0,0,2.4,0,0,0.0,0,0.0,0.9,68,57,0.1,10,0,0,0,0,1,9,0,0,0,0,0,0,0,0,0,10,0.19999999999999996,10,1.0,10,0,0,0,10,0,0,10,0,1,0,0,0,0,0,10,10,37,3466,3389,290,0,9,46,1.0,2900,0,23177,27,411,2900,30624
2025-07-10,argo,com.grab.sample.dummy,DummyClass82,method6,1,2,0.0,0,0.0,0,0,1,0,5,0,1,0,0.0,0,0,0,5,0.0,0,2.4,0,0,0.0,0,0.0,0.9,68,57,0.1,10,0,0,0,0,1,9,0,0,0,0,0,0,0,0,0,10,0.19999999999999996,10,1.0,10,0,0,0,10,0,0,10,0,1,0,0,0,0,0,10,10,37,3466,3389,290,0,9,46,1.0,2900,0,23177,27,411,2900,30624
2025-07-10,argo,com.grab.sample.dummy,DummyClass82,method7,1,2,0.0,0,0.0,0,0,1,0,5,0,1,0,0.0,0,0,0,5,0.0,0,2.4,0,0,0.0,0,0.0,0.9,68,57,0.1,10,0,0,0,0,1,9,0,0,0,0,0,0,0,0,0,10,0.19999999999999996,10,1.0,10,0,0,0,10,0,0,10,0,1,0,0,0,0,0,10,10,37,3466,3389,290,0,9,46,1.0,2900,0,23177,27,411,2900,30624
2025-07-10,argo,com.grab.sample.dummy,DummyClass82,method8,1,2,0.0,0,0.0,0,0,1,0,5,0,1,0,0.0,0,0,0,5,0.0,0,2.4,0,0,0.0,0,0.0,0.9,68,57,0.1,10,0,0,0,0,1,9,0,0,0,0,0,0,0,0,0,10,0.19999999999999996,10,1.0,10,0,0,0,10,0,0,10,0,1,0,0,0,0,0,10,10,37,3466,3389,290,0,9,46,1.0,2900,0,23177,27,411,2900,30624
2025-07-10,argo,com.grab.sample.dummy,DummyClass82,method9,1,2,0.0,0,0.0,0,0,1,0,5,0,1,0,0.0,0,0,0,5,0.0,0,2.4,0,0,0.0,0,0.0,0.9,68,57,0.1,10,0,0,0,0,1,9,0,0,0,0,0,0,0,0,0,10,0.19999999999999996,10,1.0,10,0,0,0,10,0,0,10,0,1,0,0,0,0,0,10,10,37,3466,3389,290,0,9,46,1.0,2900,0,23177,27,411,2900,30624
2025-07-10,argo,com.grab.sample.dummy,DummyClass82,method10,1,2,0.0,0,0.0,0,0,1,0,5,0,1,0,0.0,0,0,0,5,0.0,0,2.4,0,0,0.0,0,0.0,0.9,68,57,0.1,10,0,0,0,0,1,9,0,0,0,0,0,0,0,0,0,10,0.19999999999999996,10,1.0,10,0,0,0,10,0,0,10,0,1,0,0,0,0,0,10,10,37,3466,3389,290,0,9,46,1.0,2900,0,23177,27,411,2900,30624
2025-07-10,argo,com.grab.sample.dummy,DummyClass83,method1,1,0,9.0,0,0.0,0,0,1,0,12,0,1,10,0.0,10,0,9,1,0.0,1,2.0,0,9,0.0,0,0.0,0.9,68,57,0.1,10,0,0,0,0,1,9,0,0,0,0,0,0,0,0,0,10,0.19999999999999996,10,1.0,10,0,0,0,10,0,0,10,0,1,0,0,0,0,0,10,10,37,3466,3389,290,0,9,46,1.0,2900,0,23177,27,411,2900,30624
2025-07-10,argo,com.grab.sample.dummy,DummyClass83,method2,1,2,0.0,0,0.0,0,0,1,0,5,0,1,0,0.0,0,0,0,5,0.0,0,2.4,0,0,0.0,0,0.0,0.9,68,57,0.1,10,0,0,0,0,1,9,0,0,0,0,0,0,0,0,0,10,0.19999999999999996,10,1.0,10,0,0,0,10,0,0,10,0,1,0,0,0,0,0,10,10,37,3466,3389,290,0,9,46,1.0,2900,0,23177,27,411,2900,30624
2025-07-10,argo,com.grab.sample.dummy,DummyClass83,method3,1,2,0.0,0,0.0,0,0,1,0,5,0,1,0,0.0,0,0,0,5,0.0,0,2.4,0,0,0.0,0,0.0,0.9,68,57,0.1,10,0,0,0,0,1,9,0,0,0,0,0,0,0,0,0,10,0.19999999999999996,10,1.0,10,0,0,0,10,0,0,10,0,1,0,0,0,0,0,10,10,37,3466,3389,290,0,9,46,1.0,2900,0,23177,27,411,2900,30624
2025-07-10,argo,com.grab.sample.dummy,DummyClass83,method4,1,2,0.0,0,0.0,0,0,1,0,5,0,1,0,0.0,0,0,0,5,0.0,0,2.4,0,0,0.0,0,0.0,0.9,68,57,0.1,10,0,0,0,0,1,9,0,0,0,0,0,0,0,0,0,10,0.19999999999999996,10,1.0,10,0,0,0,10,0,0,10,0,1,0,0,0,0,0,10,10,37,3466,3389,290,0,9,46,1.0,2900,0,23177,27,411,2900,30624
2025-07-10,argo,com.grab.sample.dummy,DummyClass83,method5,1,2,0.0,0,0.0,0,0,1,0,5,0,1,0,0.0,0,0,0,5,0.0,0,2.4,0,0,0.0,0,0.0,0.9,68,57,0.1,10,0,0,0,0,1,9,0,0,0,0,0,0,0,0,0,10,0.19999999999999996,10,1.0,10,0,0,0,10,0,0,10,0,1,0,0,0,0,0,10,10,37,3466,3389,290,0,9,46,1.0,2900,0,23177,27,411,2900,30624
2025-07-10,argo,com.grab.sample.dummy,DummyClass83,method6,1,2,0.0,0,0.0,0,0,1,0,5,0,1,0,0.0,0,0,0,5,0.0,0,2.4,0,0,0.0,0,0.0,0.9,68,57,0.1,10,0,0,0,0,1,9,0,0,0,0,0,0,0,0,0,10,0.19999999999999996,10,1.0,10,0,0,0,10,0,0,10,0,1,0,0,0,0,0,10,10,37,3466,3389,290,0,9,46,1.0,2900,0,23177,27,411,2900,30624
2025-07-10,argo,com.grab.sample.dummy,DummyClass83,method7,1,2,0.0,0,0.0,0,0,1,0,5,0,1,0,0.0,0,0,0,5,0.0,0,2.4,0,0,0.0,0,0.0,0.9,68,57,0.1,10,0,0,0,0,1,9,0,0,0,0,0,0,0,0,0,10,0.19999999999999996,10,1.0,10,0,0,0,10,0,0,10,0,1,0,0,0,0,0,10,10,37,3466,3389,290,0,9,46,1.0,2900,0,23177,27,411,2900,30624
2025-07-10,argo,com.grab.sample.dummy,DummyClass83,method8,1,2,0.0,0,0.0,0,0,1,0,5,0,1,0,0.0,0,0,0,5,0.0,0,2.4,0,0,0.0,0,0.0,0.9,68,57,0.1,10,0,0,0,0,1,9,0,0,0,0,0,0,0,0,0,10,0.19999999999999996,10,1.0,10,0,0,0,10,0,0,10,0,1,0,0,0,0,0,10,10,37,3466,3389,290,0,9,46,1.0,2900,0,23177,27,411,2900,30624
2025-07-10,argo,com.grab.sample.dummy,DummyClass83,method9,1,2,0.0,0,0.0,0,0,1,0,5,0,1,0,0.0,0,0,0,5,0.0,0,2.4,0,0,0.0,0,0.0,0.9,68,57,0.1,10,0,0,0,0,1,9,0,0,0,0,0,0,0,0,0,10,0.19999999999999996,10,1.0,10,0,0,0,10,0,0,10,0,1,0,0,0,0,0,10,10,37,3466,3389,290,0,9,46,1.0,2900,0,23177,27,411,2900,30624
2025-07-10,argo,com.grab.sample.dummy,DummyClass83,method10,1,2,0.0,0,0.0,0,0,1,0,5,0,1,0,0.0,0,0,0,5,0.0,0,2.4,0,0,0.0,0,0.0,0.9,68,57,0.1,10,0,0,0,0,1,9,0,0,0,0,0,0,0,0,0,10,0.19999999999999996,10,1.0,10,0,0,0,10,0,0,10,0,1,0,0,0,0,0,10,10,37,3466,3389,290,0,9,46,1.0,2900,0,23177,27,411,2900,30624
2025-07-10,argo,com.grab.sample.dummy,DummyClass84,method1,1,0,9.0,0,0.0,0,0,1,0,12,0,1,10,0.0,10,0,9,1,0.0,1,2.0,0,9,0.0,0,0.0,0.9,68,57,0.1,10,0,0,0,0,1,9,0,0,0,0,0,0,0,0,0,10,0.19999999999999996,10,1.0,10,0,0,0,10,0,0,10,0,1,0,0,0,0,0,10,10,37,3466,3389,290,0,9,46,1.0,2900,0,23177,27,411,2900,30624
2025-07-10,argo,com.grab.sample.dummy,DummyClass84,method2,1,2,0.0,0,0.0,0,0,1,0,5,0,1,0,0.0,0,0,0,5,0.0,0,2.4,0,0,0.0,0,0.0,0.9,68,57,0.1,10,0,0,0,0,1,9,0,0,0,0,0,0,0,0,0,10,0.19999999999999996,10,1.0,10,0,0,0,10,0,0,10,0,1,0,0,0,0,0,10,10,37,3466,3389,290,0,9,46,1.0,2900,0,23177,27,411,2900,30624
2025-07-10,argo,com.grab.sample.dummy,DummyClass84,method3,1,2,0.0,0,0.0,0,0,1,0,5,0,1,0,0.0,0,0,0,5,0.0,0,2.4,0,0,0.0,0,0.0,0.9,68,57,0.1,10,0,0,0,0,1,9,0,0,0,0,0,0,0,0,0,10,0.19999999999999996,10,1.0,10,0,0,0,10,0,0,10,0,1,0,0,0,0,0,10,10,37,3466,3389,290,0,9,46,1.0,2900,0,23177,27,411,2900,30624
2025-07-10,argo,com.grab.sample.dummy,DummyClass84,method4,1,2,0.0,0,0.0,0,0,1,0,5,0,1,0,0.0,0,0,0,5,0.0,0,2.4,0,0,0.0,0,0.0,0.9,68,57,0.1,10,0,0,0,0,1,9,0,0,0,0,0,0,0,0,0,10,0.19999999999999996,10,1.0,10,0,0,0,10,0,0,10,0,1,0,0,0,0,0,10,10,37,3466,3389,290,0,9,46,1.0,2900,0,23177,27,411,2900,30624
2025-07-10,argo,com.grab.sample.dummy,DummyClass84,method5,1,2,0.0,0,0.0,0,0,1,0,5,0,1,0,0.0,0,0,0,5,0.0,0,2.4,0,0,0.0,0,0.0,0.9,68,57,0.1,10,0,0,0,0,1,9,0,0,0,0,0,0,0,0,0,10,0.19999999999999996,10,1.0,10,0,0,0,10,0,0,10,0,1,0,0,0,0,0,10,10,37,3466,3389,290,0,9,46,1.0,2900,0,23177,27,411,2900,30624
2025-07-10,argo,com.grab.sample.dummy,DummyClass84,method6,1,2,0.0,0,0.0,0,0,1,0,5,0,1,0,0.0,0,0,0,5,0.0,0,2.4,0,0,0.0,0,0.0,0.9,68,57,0.1,10,0,0,0,0,1,9,0,0,0,0,0,0,0,0,0,10,0.19999999999999996,10,1.0,10,0,0,0,10,0,0,10,0,1,0,0,0,0,0,10,10,37,3466,3389,290,0,9,46,1.0,2900,0,23177,27,411,2900,30624
2025-07-10,argo,com.grab.sample.dummy,DummyClass84,method7,1,2,0.0,0,0.0,0,0,1,0,5,0,1,0,0.0,0,0,0,5,0.0,0,2.4,0,0,0.0,0,0.0,0.9,68,57,0.1,10,0,0,0,0,1,9,0,0,0,0,0,0,0,0,0,10,0.19999999999999996,10,1.0,10,0,0,0,10,0,0,10,0,1,0,0,0,0,0,10,10,37,3466,3389,290,0,9,46,1.0,2900,0,23177,27,411,2900,30624
2025-07-10,argo,com.grab.sample.dummy,DummyClass84,method8,1,2,0.0,0,0.0,0,0,1,0,5,0,1,0,0.0,0,0,0,5,0.0,0,2.4,0,0,0.0,0,0.0,0.9,68,57,0.1,10,0,0,0,0,1,9,0,0,0,0,0,0,0,0,0,10,0.19999999999999996,10,1.0,10,0,0,0,10,0,0,10,0,1,0,0,0,0,0,10,10,37,3466,3389,290,0,9,46,1.0,2900,0,23177,27,411,2900,30624
2025-07-10,argo,com.grab.sample.dummy,DummyClass84,method9,1,2,0.0,0,0.0,0,0,1,0,5,0,1,0,0.0,0,0,0,5,0.0,0,2.4,0,0,0.0,0,0.0,0.9,68,57,0.1,10,0,0,0,0,1,9,0,0,0,0,0,0,0,0,0,10,0.19999999999999996,10,1.0,10,0,0,0,10,0,0,10,0,1,0,0,0,0,0,10,10,37,3466,3389,290,0,9,46,1.0,2900,0,23177,27,411,2900,30624
2025-07-10,argo,com.grab.sample.dummy,DummyClass84,method10,1,2,0.0,0,0.0,0,0,1,0,5,0,1,0,0.0,0,0,0,5,0.0,0,2.4,0,0,0.0,0,0.0,0.9,68,57,0.1,10,0,0,0,0,1,9,0,0,0,0,0,0,0,0,0,10,0.19999999999999996,10,1.0,10,0,0,0,10,0,0,10,0,1,0,0,0,0,0,10,10,37,3466,3389,290,0,9,46,1.0,2900,0,23177,27,411,2900,30624
2025-07-10,argo,com.grab.sample.dummy,DummyClass85,method1,1,0,9.0,0,0.0,0,0,1,0,12,0,1,10,0.0,10,0,9,1,0.0,1,2.0,0,9,0.0,0,0.0,0.9,68,57,0.1,10,0,0,0,0,1,9,0,0,0,0,0,0,0,0,0,10,0.19999999999999996,10,1.0,10,0,0,0,10,0,0,10,0,1,0,0,0,0,0,10,10,37,3466,3389,290,0,9,46,1.0,2900,0,23177,27,411,2900,30624
2025-07-10,argo,com.grab.sample.dummy,DummyClass85,method2,1,2,0.0,0,0.0,0,0,1,0,5,0,1,0,0.0,0,0,0,5,0.0,0,2.4,0,0,0.0,0,0.0,0.9,68,57,0.1,10,0,0,0,0,1,9,0,0,0,0,0,0,0,0,0,10,0.19999999999999996,10,1.0,10,0,0,0,10,0,0,10,0,1,0,0,0,0,0,10,10,37,3466,3389,290,0,9,46,1.0,2900,0,23177,27,411,2900,30624
2025-07-10,argo,com.grab.sample.dummy,DummyClass85,method3,1,2,0.0,0,0.0,0,0,1,0,5,0,1,0,0.0,0,0,0,5,0.0,0,2.4,0,0,0.0,0,0.0,0.9,68,57,0.1,10,0,0,0,0,1,9,0,0,0,0,0,0,0,0,0,10,0.19999999999999996,10,1.0,10,0,0,0,10,0,0,10,0,1,0,0,0,0,0,10,10,37,3466,3389,290,0,9,46,1.0,2900,0,23177,27,411,2900,30624
2025-07-10,argo,com.grab.sample.dummy,DummyClass85,method4,1,2,0.0,0,0.0,0,0,1,0,5,0,1,0,0.0,0,0,0,5,0.0,0,2.4,0,0,0.0,0,0.0,0.9,68,57,0.1,10,0,0,0,0,1,9,0,0,0,0,0,0,0,0,0,10,0.19999999999999996,10,1.0,10,0,0,0,10,0,0,10,0,1,0,0,0,0,0,10,10,37,3466,3389,290,0,9,46,1.0,2900,0,23177,27,411,2900,30624
2025-07-10,argo,com.grab.sample.dummy,DummyClass85,method5,1,2,0.0,0,0.0,0,0,1,0,5,0,1,0,0.0,0,0,0,5,0.0,0,2.4,0,0,0.0,0,0.0,0.9,68,57,0.1,10,0,0,0,0,1,9,0,0,0,0,0,0,0,0,0,10,0.19999999999999996,10,1.0,10,0,0,0,10,0,0,10,0,1,0,0,0,0,0,10,10,37,3466,3389,290,0,9,46,1.0,2900,0,23177,27,411,2900,30624
2025-07-10,argo,com.grab.sample.dummy,DummyClass85,method6,1,2,0.0,0,0.0,0,0,1,0,5,0,1,0,0.0,0,0,0,5,0.0,0,2.4,0,0,0.0,0,0.0,0.9,68,57,0.1,10,0,0,0,0,1,9,0,0,0,0,0,0,0,0,0,10,0.19999999999999996,10,1.0,10,0,0,0,10,0,0,10,0,1,0,0,0,0,0,10,10,37,3466,3389,290,0,9,46,1.0,2900,0,23177,27,411,2900,30624
2025-07-10,argo,com.grab.sample.dummy,DummyClass85,method7,1,2,0.0,0,0.0,0,0,1,0,5,0,1,0,0.0,0,0,0,5,0.0,0,2.4,0,0,0.0,0,0.0,0.9,68,57,0.1,10,0,0,0,0,1,9,0,0,0,0,0,0,0,0,0,10,0.19999999999999996,10,1.0,10,0,0,0,10,0,0,10,0,1,0,0,0,0,0,10,10,37,3466,3389,290,0,9,46,1.0,2900,0,23177,27,411,2900,30624
2025-07-10,argo,com.grab.sample.dummy,DummyClass85,method8,1,2,0.0,0,0.0,0,0,1,0,5,0,1,0,0.0,0,0,0,5,0.0,0,2.4,0,0,0.0,0,0.0,0.9,68,57,0.1,10,0,0,0,0,1,9,0,0,0,0,0,0,0,0,0,10,0.19999999999999996,10,1.0,10,0,0,0,10,0,0,10,0,1,0,0,0,0,0,10,10,37,3466,3389,290,0,9,46,1.0,2900,0,23177,27,411,2900,30624
2025-07-10,argo,com.grab.sample.dummy,DummyClass85,method9,1,2,0.0,0,0.0,0,0,1,0,5,0,1,0,0.0,0,0,0,5,0.0,0,2.4,0,0,0.0,0,0.0,0.9,68,57,0.1,10,0,0,0,0,1,9,0,0,0,0,0,0,0,0,0,10,0.19999999999999996,10,1.0,10,0,0,0,10,0,0,10,0,1,0,0,0,0,0,10,10,37,3466,3389,290,0,9,46,1.0,2900,0,23177,27,411,2900,30624
2025-07-10,argo,com.grab.sample.dummy,DummyClass85,method10,1,2,0.0,0,0.0,0,0,1,0,5,0,1,0,0.0,0,0,0,5,0.0,0,2.4,0,0,0.0,0,0.0,0.9,68,57,0.1,10,0,0,0,0,1,9,0,0,0,0,0,0,0,0,0,10,0.19999999999999996,10,1.0,10,0,0,0,10,0,0,10,0,1,0,0,0,0,0,10,10,37,3466,3389,290,0,9,46,1.0,2900,0,23177,27,411,2900,30624
2025-07-10,argo,com.grab.sample.dummy,DummyClass86,method1,1,0,9.0,0,0.0,0,0,1,0,12,0,1,10,0.0,10,0,9,1,0.0,1,2.0,0,9,0.0,0,0.0,0.9,68,57,0.1,10,0,0,0,0,1,9,0,0,0,0,0,0,0,0,0,10,0.19999999999999996,10,1.0,10,0,0,0,10,0,0,10,0,1,0,0,0,0,0,10,10,37,3466,3389,290,0,9,46,1.0,2900,0,23177,27,411,2900,30624
2025-07-10,argo,com.grab.sample.dummy,DummyClass86,method2,1,2,0.0,0,0.0,0,0,1,0,5,0,1,0,0.0,0,0,0,5,0.0,0,2.4,0,0,0.0,0,0.0,0.9,68,57,0.1,10,0,0,0,0,1,9,0,0,0,0,0,0,0,0,0,10,0.19999999999999996,10,1.0,10,0,0,0,10,0,0,10,0,1,0,0,0,0,0,10,10,37,3466,3389,290,0,9,46,1.0,2900,0,23177,27,411,2900,30624
2025-07-10,argo,com.grab.sample.dummy,DummyClass86,method3,1,2,0.0,0,0.0,0,0,1,0,5,0,1,0,0.0,0,0,0,5,0.0,0,2.4,0,0,0.0,0,0.0,0.9,68,57,0.1,10,0,0,0,0,1,9,0,0,0,0,0,0,0,0,0,10,0.19999999999999996,10,1.0,10,0,0,0,10,0,0,10,0,1,0,0,0,0,0,10,10,37,3466,3389,290,0,9,46,1.0,2900,0,23177,27,411,2900,30624
2025-07-10,argo,com.grab.sample.dummy,DummyClass86,method4,1,2,0.0,0,0.0,0,0,1,0,5,0,1,0,0.0,0,0,0,5,0.0,0,2.4,0,0,0.0,0,0.0,0.9,68,57,0.1,10,0,0,0,0,1,9,0,0,0,0,0,0,0,0,0,10,0.19999999999999996,10,1.0,10,0,0,0,10,0,0,10,0,1,0,0,0,0,0,10,10,37,3466,3389,290,0,9,46,1.0,2900,0,23177,27,411,2900,30624
2025-07-10,argo,com.grab.sample.dummy,DummyClass86,method5,1,2,0.0,0,0.0,0,0,1,0,5,0,1,0,0.0,0,0,0,5,0.0,0,2.4,0,0,0.0,0,0.0,0.9,68,57,0.1,10,0,0,0,0,1,9,0,0,0,0,0,0,0,0,0,10,0.19999999999999996,10,1.0,10,0,0,0,10,0,0,10,0,1,0,0,0,0,0,10,10,37,3466,3389,290,0,9,46,1.0,2900,0,23177,27,411,2900,30624
2025-07-10,argo,com.grab.sample.dummy,DummyClass86,method6,1,2,0.0,0,0.0,0,0,1,0,5,0,1,0,0.0,0,0,0,5,0.0,0,2.4,0,0,0.0,0,0.0,0.9,68,57,0.1,10,0,0,0,0,1,9,0,0,0,0,0,0,0,0,0,10,0.19999999999999996,10,1.0,10,0,0,0,10,0,0,10,0,1,0,0,0,0,0,10,10,37,3466,3389,290,0,9,46,1.0,2900,0,23177,27,411,2900,30624
2025-07-10,argo,com.grab.sample.dummy,DummyClass86,method7,1,2,0.0,0,0.0,0,0,1,0,5,0,1,0,0.0,0,0,0,5,0.0,0,2.4,0,0,0.0,0,0.0,0.9,68,57,0.1,10,0,0,0,0,1,9,0,0,0,0,0,0,0,0,0,10,0.19999999999999996,10,1.0,10,0,0,0,10,0,0,10,0,1,0,0,0,0,0,10,10,37,3466,3389,290,0,9,46,1.0,2900,0,23177,27,411,2900,30624
2025-07-10,argo,com.grab.sample.dummy,DummyClass86,method8,1,2,0.0,0,0.0,0,0,1,0,5,0,1,0,0.0,0,0,0,5,0.0,0,2.4,0,0,0.0,0,0.0,0.9,68,57,0.1,10,0,0,0,0,1,9,0,0,0,0,0,0,0,0,0,10,0.19999999999999996,10,1.0,10,0,0,0,10,0,0,10,0,1,0,0,0,0,0,10,10,37,3466,3389,290,0,9,46,1.0,2900,0,23177,27,411,2900,30624
2025-07-10,argo,com.grab.sample.dummy,DummyClass86,method9,1,2,0.0,0,0.0,0,0,1,0,5,0,1,0,0.0,0,0,0,5,0.0,0,2.4,0,0,0.0,0,0.0,0.9,68,57,0.1,10,0,0,0,0,1,9,0,0,0,0,0,0,0,0,0,10,0.19999999999999996,10,1.0,10,0,0,0,10,0,0,10,0,1,0,0,0,0,0,10,10,37,3466,3389,290,0,9,46,1.0,2900,0,23177,27,411,2900,30624
2025-07-10,argo,com.grab.sample.dummy,DummyClass86,method10,1,2,0.0,0,0.0,0,0,1,0,5,0,1,0,0.0,0,0,0,5,0.0,0,2.4,0,0,0.0,0,0.0,0.9,68,57,0.1,10,0,0,0,0,1,9,0,0,0,0,0,0,0,0,0,10,0.19999999999999996,10,1.0,10,0,0,0,10,0,0,10,0,1,0,0,0,0,0,10,10,37,3466,3389,290,0,9,46,1.0,2900,0,23177,27,411,2900,30624
2025-07-10,argo,com.grab.sample.dummy,DummyClass87,method1,1,0,9.0,0,0.0,0,0,1,0,12,0,1,10,0.0,10,0,9,1,0.0,1,2.0,0,9,0.0,0,0.0,0.9,68,57,0.1,10,0,0,0,0,1,9,0,0,0,0,0,0,0,0,0,10,0.19999999999999996,10,1.0,10,0,0,0,10,0,0,10,0,1,0,0,0,0,0,10,10,37,3466,3389,290,0,9,46,1.0,2900,0,23177,27,411,2900,30624
2025-07-10,argo,com.grab.sample.dummy,DummyClass87,method2,1,2,0.0,0,0.0,0,0,1,0,5,0,1,0,0.0,0,0,0,5,0.0,0,2.4,0,0,0.0,0,0.0,0.9,68,57,0.1,10,0,0,0,0,1,9,0,0,0,0,0,0,0,0,0,10,0.19999999999999996,10,1.0,10,0,0,0,10,0,0,10,0,1,0,0,0,0,0,10,10,37,3466,3389,290,0,9,46,1.0,2900,0,23177,27,411,2900,30624
2025-07-10,argo,com.grab.sample.dummy,DummyClass87,method3,1,2,0.0,0,0.0,0,0,1,0,5,0,1,0,0.0,0,0,0,5,0.0,0,2.4,0,0,0.0,0,0.0,0.9,68,57,0.1,10,0,0,0,0,1,9,0,0,0,0,0,0,0,0,0,10,0.19999999999999996,10,1.0,10,0,0,0,10,0,0,10,0,1,0,0,0,0,0,10,10,37,3466,3389,290,0,9,46,1.0,2900,0,23177,27,411,2900,30624
2025-07-10,argo,com.grab.sample.dummy,DummyClass87,method4,1,2,0.0,0,0.0,0,0,1,0,5,0,1,0,0.0,0,0,0,5,0.0,0,2.4,0,0,0.0,0,0.0,0.9,68,57,0.1,10,0,0,0,0,1,9,0,0,0,0,0,0,0,0,0,10,0.19999999999999996,10,1.0,10,0,0,0,10,0,0,10,0,1,0,0,0,0,0,10,10,37,3466,3389,290,0,9,46,1.0,2900,0,23177,27,411,2900,30624
2025-07-10,argo,com.grab.sample.dummy,DummyClass87,method5,1,2,0.0,0,0.0,0,0,1,0,5,0,1,0,0.0,0,0,0,5,0.0,0,2.4,0,0,0.0,0,0.0,0.9,68,57,0.1,10,0,0,0,0,1,9,0,0,0,0,0,0,0,0,0,10,0.19999999999999996,10,1.0,10,0,0,0,10,0,0,10,0,1,0,0,0,0,0,10,10,37,3466,3389,290,0,9,46,1.0,2900,0,23177,27,411,2900,30624
2025-07-10,argo,com.grab.sample.dummy,DummyClass87,method6,1,2,0.0,0,0.0,0,0,1,0,5,0,1,0,0.0,0,0,0,5,0.0,0,2.4,0,0,0.0,0,0.0,0.9,68,57,0.1,10,0,0,0,0,1,9,0,0,0,0,0,0,0,0,0,10,0.19999999999999996,10,1.0,10,0,0,0,10,0,0,10,0,1,0,0,0,0,0,10,10,37,3466,3389,290,0,9,46,1.0,2900,0,23177,27,411,2900,30624
2025-07-10,argo,com.grab.sample.dummy,DummyClass87,method7,1,2,0.0,0,0.0,0,0,1,0,5,0,1,0,0.0,0,0,0,5,0.0,0,2.4,0,0,0.0,0,0.0,0.9,68,57,0.1,10,0,0,0,0,1,9,0,0,0,0,0,0,0,0,0,10,0.19999999999999996,10,1.0,10,0,0,0,10,0,0,10,0,1,0,0,0,0,0,10,10,37,3466,3389,290,0,9,46,1.0,2900,0,23177,27,411,2900,30624
2025-07-10,argo,com.grab.sample.dummy,DummyClass87,method8,1,2,0.0,0,0.0,0,0,1,0,5,0,1,0,0.0,0,0,0,5,0.0,0,2.4,0,0,0.0,0,0.0,0.9,68,57,0.1,10,0,0,0,0,1,9,0,0,0,0,0,0,0,0,0,10,0.19999999999999996,10,1.0,10,0,0,0,10,0,0,10,0,1,0,0,0,0,0,10,10,37,3466,3389,290,0,9,46,1.0,2900,0,23177,27,411,2900,30624
2025-07-10,argo,com.grab.sample.dummy,DummyClass87,method9,1,2,0.0,0,0.0,0,0,1,0,5,0,1,0,0.0,0,0,0,5,0.0,0,2.4,0,0,0.0,0,0.0,0.9,68,57,0.1,10,0,0,0,0,1,9,0,0,0,0,0,0,0,0,0,10,0.19999999999999996,10,1.0,10,0,0,0,10,0,0,10,0,1,0,0,0,0,0,10,10,37,3466,3389,290,0,9,46,1.0,2900,0,23177,27,411,2900,30624
2025-07-10,argo,com.grab.sample.dummy,DummyClass87,method10,1,2,0.0,0,0.0,0,0,1,0,5,0,1,0,0.0,0,0,0,5,0.0,0,2.4,0,0,0.0,0,0.0,0.9,68,57,0.1,10,0,0,0,0,1,9,0,0,0,0,0,0,0,0,0,10,0.19999999999999996,10,1.0,10,0,0,0,10,0,0,10,0,1,0,0,0,0,0,10,10,37,3466,3389,290,0,9,46,1.0,2900,0,23177,27,411,2900,30624
2025-07-10,argo,com.grab.sample.dummy,DummyClass88,method1,1,0,9.0,0,0.0,0,0,1,0,12,0,1,10,0.0,10,0,9,1,0.0,1,2.0,0,9,0.0,0,0.0,0.9,68,57,0.1,10,0,0,0,0,1,9,0,0,0,0,0,0,0,0,0,10,0.19999999999999996,10,1.0,10,0,0,0,10,0,0,10,0,1,0,0,0,0,0,10,10,37,3466,3389,290,0,9,46,1.0,2900,0,23177,27,411,2900,30624
2025-07-10,argo,com.grab.sample.dummy,DummyClass88,method2,1,2,0.0,0,0.0,0,0,1,0,5,0,1,0,0.0,0,0,0,5,0.0,0,2.4,0,0,0.0,0,0.0,0.9,68,57,0.1,10,0,0,0,0,1,9,0,0,0,0,0,0,0,0,0,10,0.19999999999999996,10,1.0,10,0,0,0,10,0,0,10,0,1,0,0,0,0,0,10,10,37,3466,3389,290,0,9,46,1.0,2900,0,23177,27,411,2900,30624
2025-07-10,argo,com.grab.sample.dummy,DummyClass88,method3,1,2,0.0,0,0.0,0,0,1,0,5,0,1,0,0.0,0,0,0,5,0.0,0,2.4,0,0,0.0,0,0.0,0.9,68,57,0.1,10,0,0,0,0,1,9,0,0,0,0,0,0,0,0,0,10,0.19999999999999996,10,1.0,10,0,0,0,10,0,0,10,0,1,0,0,0,0,0,10,10,37,3466,3389,290,0,9,46,1.0,2900,0,23177,27,411,2900,30624
2025-07-10,argo,com.grab.sample.dummy,DummyClass88,method4,1,2,0.0,0,0.0,0,0,1,0,5,0,1,0,0.0,0,0,0,5,0.0,0,2.4,0,0,0.0,0,0.0,0.9,68,57,0.1,10,0,0,0,0,1,9,0,0,0,0,0,0,0,0,0,10,0.19999999999999996,10,1.0,10,0,0,0,10,0,0,10,0,1,0,0,0,0,0,10,10,37,3466,3389,290,0,9,46,1.0,2900,0,23177,27,411,2900,30624
2025-07-10,argo,com.grab.sample.dummy,DummyClass88,method5,1,2,0.0,0,0.0,0,0,1,0,5,0,1,0,0.0,0,0,0,5,0.0,0,2.4,0,0,0.0,0,0.0,0.9,68,57,0.1,10,0,0,0,0,1,9,0,0,0,0,0,0,0,0,0,10,0.19999999999999996,10,1.0,10,0,0,0,10,0,0,10,0,1,0,0,0,0,0,10,10,37,3466,3389,290,0,9,46,1.0,2900,0,23177,27,411,2900,30624
2025-07-10,argo,com.grab.sample.dummy,DummyClass88,method6,1,2,0.0,0,0.0,0,0,1,0,5,0,1,0,0.0,0,0,0,5,0.0,0,2.4,0,0,0.0,0,0.0,0.9,68,57,0.1,10,0,0,0,0,1,9,0,0,0,0,0,0,0,0,0,10,0.19999999999999996,10,1.0,10,0,0,0,10,0,0,10,0,1,0,0,0,0,0,10,10,37,3466,3389,290,0,9,46,1.0,2900,0,23177,27,411,2900,30624
2025-07-10,argo,com.grab.sample.dummy,DummyClass88,method7,1,2,0.0,0,0.0,0,0,1,0,5,0,1,0,0.0,0,0,0,5,0.0,0,2.4,0,0,0.0,0,0.0,0.9,68,57,0.1,10,0,0,0,0,1,9,0,0,0,0,0,0,0,0,0,10,0.19999999999999996,10,1.0,10,0,0,0,10,0,0,10,0,1,0,0,0,0,0,10,10,37,3466,3389,290,0,9,46,1.0,2900,0,23177,27,411,2900,30624
2025-07-10,argo,com.grab.sample.dummy,DummyClass88,method8,1,2,0.0,0,0.0,0,0,1,0,5,0,1,0,0.0,0,0,0,5,0.0,0,2.4,0,0,0.0,0,0.0,0.9,68,57,0.1,10,0,0,0,0,1,9,0,0,0,0,0,0,0,0,0,10,0.19999999999999996,10,1.0,10,0,0,0,10,0,0,10,0,1,0,0,0,0,0,10,10,37,3466,3389,290,0,9,46,1.0,2900,0,23177,27,411,2900,30624
2025-07-10,argo,com.grab.sample.dummy,DummyClass88,method9,1,2,0.0,0,0.0,0,0,1,0,5,0,1,0,0.0,0,0,0,5,0.0,0,2.4,0,0,0.0,0,0.0,0.9,68,57,0.1,10,0,0,0,0,1,9,0,0,0,0,0,0,0,0,0,10,0.19999999999999996,10,1.0,10,0,0,0,10,0,0,10,0,1,0,0,0,0,0,10,10,37,3466,3389,290,0,9,46,1.0,2900,0,23177,27,411,2900,30624
2025-07-10,argo,com.grab.sample.dummy,DummyClass88,method10,1,2,0.0,0,0.0,0,0,1,0,5,0,1,0,0.0,0,0,0,5,0.0,0,2.4,0,0,0.0,0,0.0,0.9,68,57,0.1,10,0,0,0,0,1,9,0,0,0,0,0,0,0,0,0,10,0.19999999999999996,10,1.0,10,0,0,0,10,0,0,10,0,1,0,0,0,0,0,10,10,37,3466,3389,290,0,9,46,1.0,2900,0,23177,27,411,2900,30624
2025-07-10,argo,com.grab.sample.dummy,DummyClass89,method1,1,0,9.0,0,0.0,0,0,1,0,12,0,1,10,0.0,10,0,9,1,0.0,1,2.0,0,9,0.0,0,0.0,0.9,68,57,0.1,10,0,0,0,0,1,9,0,0,0,0,0,0,0,0,0,10,0.19999999999999996,10,1.0,10,0,0,0,10,0,0,10,0,1,0,0,0,0,0,10,10,37,3466,3389,290,0,9,46,1.0,2900,0,23177,27,411,2900,30624
2025-07-10,argo,com.grab.sample.dummy,DummyClass89,method2,1,2,0.0,0,0.0,0,0,1,0,5,0,1,0,0.0,0,0,0,5,0.0,0,2.4,0,0,0.0,0,0.0,0.9,68,57,0.1,10,0,0,0,0,1,9,0,0,0,0,0,0,0,0,0,10,0.19999999999999996,10,1.0,10,0,0,0,10,0,0,10,0,1,0,0,0,0,0,10,10,37,3466,3389,290,0,9,46,1.0,2900,0,23177,27,411,2900,30624
2025-07-10,argo,com.grab.sample.dummy,DummyClass89,method3,1,2,0.0,0,0.0,0,0,1,0,5,0,1,0,0.0,0,0,0,5,0.0,0,2.4,0,0,0.0,0,0.0,0.9,68,57,0.1,10,0,0,0,0,1,9,0,0,0,0,0,0,0,0,0,10,0.19999999999999996,10,1.0,10,0,0,0,10,0,0,10,0,1,0,0,0,0,0,10,10,37,3466,3389,290,0,9,46,1.0,2900,0,23177,27,411,2900,30624
2025-07-10,argo,com.grab.sample.dummy,DummyClass89,method4,1,2,0.0,0,0.0,0,0,1,0,5,0,1,0,0.0,0,0,0,5,0.0,0,2.4,0,0,0.0,0,0.0,0.9,68,57,0.1,10,0,0,0,0,1,9,0,0,0,0,0,0,0,0,0,10,0.19999999999999996,10,1.0,10,0,0,0,10,0,0,10,0,1,0,0,0,0,0,10,10,37,3466,3389,290,0,9,46,1.0,2900,0,23177,27,411,2900,30624
2025-07-10,argo,com.grab.sample.dummy,DummyClass89,method5,1,2,0.0,0,0.0,0,0,1,0,5,0,1,0,0.0,0,0,0,5,0.0,0,2.4,0,0,0.0,0,0.0,0.9,68,57,0.1,10,0,0,0,0,1,9,0,0,0,0,0,0,0,0,0,10,0.19999999999999996,10,1.0,10,0,0,0,10,0,0,10,0,1,0,0,0,0,0,10,10,37,3466,3389,290,0,9,46,1.0,2900,0,23177,27,411,2900,30624
2025-07-10,argo,com.grab.sample.dummy,DummyClass89,method6,1,2,0.0,0,0.0,0,0,1,0,5,0,1,0,0.0,0,0,0,5,0.0,0,2.4,0,0,0.0,0,0.0,0.9,68,57,0.1,10,0,0,0,0,1,9,0,0,0,0,0,0,0,0,0,10,0.19999999999999996,10,1.0,10,0,0,0,10,0,0,10,0,1,0,0,0,0,0,10,10,37,3466,3389,290,0,9,46,1.0,2900,0,23177,27,411,2900,30624
2025-07-10,argo,com.grab.sample.dummy,DummyClass89,method7,1,2,0.0,0,0.0,0,0,1,0,5,0,1,0,0.0,0,0,0,5,0.0,0,2.4,0,0,0.0,0,0.0,0.9,68,57,0.1,10,0,0,0,0,1,9,0,0,0,0,0,0,0,0,0,10,0.19999999999999996,10,1.0,10,0,0,0,10,0,0,10,0,1,0,0,0,0,0,10,10,37,3466,3389,290,0,9,46,1.0,2900,0,23177,27,411,2900,30624
2025-07-10,argo,com.grab.sample.dummy,DummyClass89,method8,1,2,0.0,0,0.0,0,0,1,0,5,0,1,0,0.0,0,0,0,5,0.0,0,2.4,0,0,0.0,0,0.0,0.9,68,57,0.1,10,0,0,0,0,1,9,0,0,0,0,0,0,0,0,0,10,0.19999999999999996,10,1.0,10,0,0,0,10,0,0,10,0,1,0,0,0,0,0,10,10,37,3466,3389,290,0,9,46,1.0,2900,0,23177,27,411,2900,30624
2025-07-10,argo,com.grab.sample.dummy,DummyClass89,method9,1,2,0.0,0,0.0,0,0,1,0,5,0,1,0,0.0,0,0,0,5,0.0,0,2.4,0,0,0.0,0,0.0,0.9,68,57,0.1,10,0,0,0,0,1,9,0,0,0,0,0,0,0,0,0,10,0.19999999999999996,10,1.0,10,0,0,0,10,0,0,10,0,1,0,0,0,0,0,10,10,37,3466,3389,290,0,9,46,1.0,2900,0,23177,27,411,2900,30624
2025-07-10,argo,com.grab.sample.dummy,DummyClass89,method10,1,2,0.0,0,0.0,0,0,1,0,5,0,1,0,0.0,0,0,0,5,0.0,0,2.4,0,0,0.0,0,0.0,0.9,68,57,0.1,10,0,0,0,0,1,9,0,0,0,0,0,0,0,0,0,10,0.19999999999999996,10,1.0,10,0,0,0,10,0,0,10,0,1,0,0,0,0,0,10,10,37,3466,3389,290,0,9,46,1.0,2900,0,23177,27,411,2900,30624
2025-07-10,argo,com.grab.sample.dummy,DummyClass90,method1,1,0,9.0,0,0.0,0,0,1,0,12,0,1,10,0.0,10,0,9,1,0.0,1,2.0,0,9,0.0,0,0.0,0.9,68,57,0.1,10,0,0,0,0,1,9,0,0,0,0,0,0,0,0,0,10,0.19999999999999996,10,1.0,10,0,0,0,10,0,0,10,0,1,0,0,0,0,0,10,10,37,3466,3389,290,0,9,46,1.0,2900,0,23177,27,411,2900,30624
2025-07-10,argo,com.grab.sample.dummy,DummyClass90,method2,1,2,0.0,0,0.0,0,0,1,0,5,0,1,0,0.0,0,0,0,5,0.0,0,2.4,0,0,0.0,0,0.0,0.9,68,57,0.1,10,0,0,0,0,1,9,0,0,0,0,0,0,0,0,0,10,0.19999999999999996,10,1.0,10,0,0,0,10,0,0,10,0,1,0,0,0,0,0,10,10,37,3466,3389,290,0,9,46,1.0,2900,0,23177,27,411,2900,30624
2025-07-10,argo,com.grab.sample.dummy,DummyClass90,method3,1,2,0.0,0,0.0,0,0,1,0,5,0,1,0,0.0,0,0,0,5,0.0,0,2.4,0,0,0.0,0,0.0,0.9,68,57,0.1,10,0,0,0,0,1,9,0,0,0,0,0,0,0,0,0,10,0.19999999999999996,10,1.0,10,0,0,0,10,0,0,10,0,1,0,0,0,0,0,10,10,37,3466,3389,290,0,9,46,1.0,2900,0,23177,27,411,2900,30624
2025-07-10,argo,com.grab.sample.dummy,DummyClass90,method4,1,2,0.0,0,0.0,0,0,1,0,5,0,1,0,0.0,0,0,0,5,0.0,0,2.4,0,0,0.0,0,0.0,0.9,68,57,0.1,10,0,0,0,0,1,9,0,0,0,0,0,0,0,0,0,10,0.19999999999999996,10,1.0,10,0,0,0,10,0,0,10,0,1,0,0,0,0,0,10,10,37,3466,3389,290,0,9,46,1.0,2900,0,23177,27,411,2900,30624
2025-07-10,argo,com.grab.sample.dummy,DummyClass90,method5,1,2,0.0,0,0.0,0,0,1,0,5,0,1,0,0.0,0,0,0,5,0.0,0,2.4,0,0,0.0,0,0.0,0.9,68,57,0.1,10,0,0,0,0,1,9,0,0,0,0,0,0,0,0,0,10,0.19999999999999996,10,1.0,10,0,0,0,10,0,0,10,0,1,0,0,0,0,0,10,10,37,3466,3389,290,0,9,46,1.0,2900,0,23177,27,411,2900,30624
2025-07-10,argo,com.grab.sample.dummy,DummyClass90,method6,1,2,0.0,0,0.0,0,0,1,0,5,0,1,0,0.0,0,0,0,5,0.0,0,2.4,0,0,0.0,0,0.0,0.9,68,57,0.1,10,0,0,0,0,1,9,0,0,0,0,0,0,0,0,0,10,0.19999999999999996,10,1.0,10,0,0,0,10,0,0,10,0,1,0,0,0,0,0,10,10,37,3466,3389,290,0,9,46,1.0,2900,0,23177,27,411,2900,30624
2025-07-10,argo,com.grab.sample.dummy,DummyClass90,method7,1,2,0.0,0,0.0,0,0,1,0,5,0,1,0,0.0,0,0,0,5,0.0,0,2.4,0,0,0.0,0,0.0,0.9,68,57,0.1,10,0,0,0,0,1,9,0,0,0,0,0,0,0,0,0,10,0.19999999999999996,10,1.0,10,0,0,0,10,0,0,10,0,1,0,0,0,0,0,10,10,37,3466,3389,290,0,9,46,1.0,2900,0,23177,27,411,2900,30624
2025-07-10,argo,com.grab.sample.dummy,DummyClass90,method8,1,2,0.0,0,0.0,0,0,1,0,5,0,1,0,0.0,0,0,0,5,0.0,0,2.4,0,0,0.0,0,0.0,0.9,68,57,0.1,10,0,0,0,0,1,9,0,0,0,0,0,0,0,0,0,10,0.19999999999999996,10,1.0,10,0,0,0,10,0,0,10,0,1,0,0,0,0,0,10,10,37,3466,3389,290,0,9,46,1.0,2900,0,23177,27,411,2900,30624
2025-07-10,argo,com.grab.sample.dummy,DummyClass90,method9,1,2,0.0,0,0.0,0,0,1,0,5,0,1,0,0.0,0,0,0,5,0.0,0,2.4,0,0,0.0,0,0.0,0.9,68,57,0.1,10,0,0,0,0,1,9,0,0,0,0,0,0,0,0,0,10,0.19999999999999996,10,1.0,10,0,0,0,10,0,0,10,0,1,0,0,0,0,0,10,10,37,3466,3389,290,0,9,46,1.0,2900,0,23177,27,411,2900,30624
2025-07-10,argo,com.grab.sample.dummy,DummyClass90,method10,1,2,0.0,0,0.0,0,0,1,0,5,0,1,0,0.0,0,0,0,5,0.0,0,2.4,0,0,0.0,0,0.0,0.9,68,57,0.1,10,0,0,0,0,1,9,0,0,0,0,0,0,0,0,0,10,0.19999999999999996,10,1.0,10,0,0,0,10,0,0,10,0,1,0,0,0,0,0,10,10,37,3466,3389,290,0,9,46,1.0,2900,0,23177,27,411,2900,30624
2025-07-10,argo,com.grab.sample.dummy,DummyClass91,method1,1,0,9.0,0,0.0,0,0,1,0,12,0,1,10,0.0,10,0,9,1,0.0,1,2.0,0,9,0.0,0,0.0,0.9,68,57,0.1,10,0,0,0,0,1,9,0,0,0,0,0,0,0,0,0,10,0.19999999999999996,10,1.0,10,0,0,0,10,0,0,10,0,1,0,0,0,0,0,10,10,37,3466,3389,290,0,9,46,1.0,2900,0,23177,27,411,2900,30624
2025-07-10,argo,com.grab.sample.dummy,DummyClass91,method2,1,2,0.0,0,0.0,0,0,1,0,5,0,1,0,0.0,0,0,0,5,0.0,0,2.4,0,0,0.0,0,0.0,0.9,68,57,0.1,10,0,0,0,0,1,9,0,0,0,0,0,0,0,0,0,10,0.19999999999999996,10,1.0,10,0,0,0,10,0,0,10,0,1,0,0,0,0,0,10,10,37,3466,3389,290,0,9,46,1.0,2900,0,23177,27,411,2900,30624
2025-07-10,argo,com.grab.sample.dummy,DummyClass91,method3,1,2,0.0,0,0.0,0,0,1,0,5,0,1,0,0.0,0,0,0,5,0.0,0,2.4,0,0,0.0,0,0.0,0.9,68,57,0.1,10,0,0,0,0,1,9,0,0,0,0,0,0,0,0,0,10,0.19999999999999996,10,1.0,10,0,0,0,10,0,0,10,0,1,0,0,0,0,0,10,10,37,3466,3389,290,0,9,46,1.0,2900,0,23177,27,411,2900,30624
2025-07-10,argo,com.grab.sample.dummy,DummyClass91,method4,1,2,0.0,0,0.0,0,0,1,0,5,0,1,0,0.0,0,0,0,5,0.0,0,2.4,0,0,0.0,0,0.0,0.9,68,57,0.1,10,0,0,0,0,1,9,0,0,0,0,0,0,0,0,0,10,0.19999999999999996,10,1.0,10,0,0,0,10,0,0,10,0,1,0,0,0,0,0,10,10,37,3466,3389,290,0,9,46,1.0,2900,0,23177,27,411,2900,30624
2025-07-10,argo,com.grab.sample.dummy,DummyClass91,method5,1,2,0.0,0,0.0,0,0,1,0,5,0,1,0,0.0,0,0,0,5,0.0,0,2.4,0,0,0.0,0,0.0,0.9,68,57,0.1,10,0,0,0,0,1,9,0,0,0,0,0,0,0,0,0,10,0.19999999999999996,10,1.0,10,0,0,0,10,0,0,10,0,1,0,0,0,0,0,10,10,37,3466,3389,290,0,9,46,1.0,2900,0,23177,27,411,2900,30624
2025-07-10,argo,com.grab.sample.dummy,DummyClass91,method6,1,2,0.0,0,0.0,0,0,1,0,5,0,1,0,0.0,0,0,0,5,0.0,0,2.4,0,0,0.0,0,0.0,0.9,68,57,0.1,10,0,0,0,0,1,9,0,0,0,0,0,0,0,0,0,10,0.19999999999999996,10,1.0,10,0,0,0,10,0,0,10,0,1,0,0,0,0,0,10,10,37,3466,3389,290,0,9,46,1.0,2900,0,23177,27,411,2900,30624
2025-07-10,argo,com.grab.sample.dummy,DummyClass91,method7,1,2,0.0,0,0.0,0,0,1,0,5,0,1,0,0.0,0,0,0,5,0.0,0,2.4,0,0,0.0,0,0.0,0.9,68,57,0.1,10,0,0,0,0,1,9,0,0,0,0,0,0,0,0,0,10,0.19999999999999996,10,1.0,10,0,0,0,10,0,0,10,0,1,0,0,0,0,0,10,10,37,3466,3389,290,0,9,46,1.0,2900,0,23177,27,411,2900,30624
2025-07-10,argo,com.grab.sample.dummy,DummyClass91,method8,1,2,0.0,0,0.0,0,0,1,0,5,0,1,0,0.0,0,0,0,5,0.0,0,2.4,0,0,0.0,0,0.0,0.9,68,57,0.1,10,0,0,0,0,1,9,0,0,0,0,0,0,0,0,0,10,0.19999999999999996,10,1.0,10,0,0,0,10,0,0,10,0,1,0,0,0,0,0,10,10,37,3466,3389,290,0,9,46,1.0,2900,0,23177,27,411,2900,30624
2025-07-10,argo,com.grab.sample.dummy,DummyClass91,method9,1,2,0.0,0,0.0,0,0,1,0,5,0,1,0,0.0,0,0,0,5,0.0,0,2.4,0,0,0.0,0,0.0,0.9,68,57,0.1,10,0,0,0,0,1,9,0,0,0,0,0,0,0,0,0,10,0.19999999999999996,10,1.0,10,0,0,0,10,0,0,10,0,1,0,0,0,0,0,10,10,37,3466,3389,290,0,9,46,1.0,2900,0,23177,27,411,2900,30624
2025-07-10,argo,com.grab.sample.dummy,DummyClass91,method10,1,2,0.0,0,0.0,0,0,1,0,5,0,1,0,0.0,0,0,0,5,0.0,0,2.4,0,0,0.0,0,0.0,0.9,68,57,0.1,10,0,0,0,0,1,9,0,0,0,0,0,0,0,0,0,10,0.19999999999999996,10,1.0,10,0,0,0,10,0,0,10,0,1,0,0,0,0,0,10,10,37,3466,3389,290,0,9,46,1.0,2900,0,23177,27,411,2900,30624
2025-07-10,argo,com.grab.sample.dummy,DummyClass92,method1,1,0,9.0,0,0.0,0,0,1,0,12,0,1,10,0.0,10,0,9,1,0.0,1,2.0,0,9,0.0,0,0.0,0.9,68,57,0.1,10,0,0,0,0,1,9,0,0,0,0,0,0,0,0,0,10,0.19999999999999996,10,1.0,10,0,0,0,10,0,0,10,0,1,0,0,0,0,0,10,10,37,3466,3389,290,0,9,46,1.0,2900,0,23177,27,411,2900,30624
2025-07-10,argo,com.grab.sample.dummy,DummyClass92,method2,1,2,0.0,0,0.0,0,0,1,0,5,0,1,0,0.0,0,0,0,5,0.0,0,2.4,0,0,0.0,0,0.0,0.9,68,57,0.1,10,0,0,0,0,1,9,0,0,0,0,0,0,0,0,0,10,0.19999999999999996,10,1.0,10,0,0,0,10,0,0,10,0,1,0,0,0,0,0,10,10,37,3466,3389,290,0,9,46,1.0,2900,0,23177,27,411,2900,30624
2025-07-10,argo,com.grab.sample.dummy,DummyClass92,method3,1,2,0.0,0,0.0,0,0,1,0,5,0,1,0,0.0,0,0,0,5,0.0,0,2.4,0,0,0.0,0,0.0,0.9,68,57,0.1,10,0,0,0,0,1,9,0,0,0,0,0,0,0,0,0,10,0.19999999999999996,10,1.0,10,0,0,0,10,0,0,10,0,1,0,0,0,0,0,10,10,37,3466,3389,290,0,9,46,1.0,2900,0,23177,27,411,2900,30624
2025-07-10,argo,com.grab.sample.dummy,DummyClass92,method4,1,2,0.0,0,0.0,0,0,1,0,5,0,1,0,0.0,0,0,0,5,0.0,0,2.4,0,0,0.0,0,0.0,0.9,68,57,0.1,10,0,0,0,0,1,9,0,0,0,0,0,0,0,0,0,10,0.19999999999999996,10,1.0,10,0,0,0,10,0,0,10,0,1,0,0,0,0,0,10,10,37,3466,3389,290,0,9,46,1.0,2900,0,23177,27,411,2900,30624
2025-07-10,argo,com.grab.sample.dummy,DummyClass92,method5,1,2,0.0,0,0.0,0,0,1,0,5,0,1,0,0.0,0,0,0,5,0.0,0,2.4,0,0,0.0,0,0.0,0.9,68,57,0.1,10,0,0,0,0,1,9,0,0,0,0,0,0,0,0,0,10,0.19999999999999996,10,1.0,10,0,0,0,10,0,0,10,0,1,0,0,0,0,0,10,10,37,3466,3389,290,0,9,46,1.0,2900,0,23177,27,411,2900,30624
2025-07-10,argo,com.grab.sample.dummy,DummyClass92,method6,1,2,0.0,0,0.0,0,0,1,0,5,0,1,0,0.0,0,0,0,5,0.0,0,2.4,0,0,0.0,0,0.0,0.9,68,57,0.1,10,0,0,0,0,1,9,0,0,0,0,0,0,0,0,0,10,0.19999999999999996,10,1.0,10,0,0,0,10,0,0,10,0,1,0,0,0,0,0,10,10,37,3466,3389,290,0,9,46,1.0,2900,0,23177,27,411,2900,30624
2025-07-10,argo,com.grab.sample.dummy,DummyClass92,method7,1,2,0.0,0,0.0,0,0,1,0,5,0,1,0,0.0,0,0,0,5,0.0,0,2.4,0,0,0.0,0,0.0,0.9,68,57,0.1,10,0,0,0,0,1,9,0,0,0,0,0,0,0,0,0,10,0.19999999999999996,10,1.0,10,0,0,0,10,0,0,10,0,1,0,0,0,0,0,10,10,37,3466,3389,290,0,9,46,1.0,2900,0,23177,27,411,2900,30624
2025-07-10,argo,com.grab.sample.dummy,DummyClass92,method8,1,2,0.0,0,0.0,0,0,1,0,5,0,1,0,0.0,0,0,0,5,0.0,0,2.4,0,0,0.0,0,0.0,0.9,68,57,0.1,10,0,0,0,0,1,9,0,0,0,0,0,0,0,0,0,10,0.19999999999999996,10,1.0,10,0,0,0,10,0,0,10,0,1,0,0,0,0,0,10,10,37,3466,3389,290,0,9,46,1.0,2900,0,23177,27,411,2900,30624
2025-07-10,argo,com.grab.sample.dummy,DummyClass92,method9,1,2,0.0,0,0.0,0,0,1,0,5,0,1,0,0.0,0,0,0,5,0.0,0,2.4,0,0,0.0,0,0.0,0.9,68,57,0.1,10,0,0,0,0,1,9,0,0,0,0,0,0,0,0,0,10,0.19999999999999996,10,1.0,10,0,0,0,10,0,0,10,0,1,0,0,0,0,0,10,10,37,3466,3389,290,0,9,46,1.0,2900,0,23177,27,411,2900,30624
2025-07-10,argo,com.grab.sample.dummy,DummyClass92,method10,1,2,0.0,0,0.0,0,0,1,0,5,0,1,0,0.0,0,0,0,5,0.0,0,2.4,0,0,0.0,0,0.0,0.9,68,57,0.1,10,0,0,0,0,1,9,0,0,0,0,0,0,0,0,0,10,0.19999999999999996,10,1.0,10,0,0,0,10,0,0,10,0,1,0,0,0,0,0,10,10,37,3466,3389,290,0,9,46,1.0,2900,0,23177,27,411,2900,30624
2025-07-10,argo,com.grab.sample.dummy,DummyClass93,method1,1,0,9.0,0,0.0,0,0,1,0,12,0,1,10,0.0,10,0,9,1,0.0,1,2.0,0,9,0.0,0,0.0,0.9,68,57,0.1,10,0,0,0,0,1,9,0,0,0,0,0,0,0,0,0,10,0.19999999999999996,10,1.0,10,0,0,0,10,0,0,10,0,1,0,0,0,0,0,10,10,37,3466,3389,290,0,9,46,1.0,2900,0,23177,27,411,2900,30624
2025-07-10,argo,com.grab.sample.dummy,DummyClass93,method2,1,2,0.0,0,0.0,0,0,1,0,5,0,1,0,0.0,0,0,0,5,0.0,0,2.4,0,0,0.0,0,0.0,0.9,68,57,0.1,10,0,0,0,0,1,9,0,0,0,0,0,0,0,0,0,10,0.19999999999999996,10,1.0,10,0,0,0,10,0,0,10,0,1,0,0,0,0,0,10,10,37,3466,3389,290,0,9,46,1.0,2900,0,23177,27,411,2900,30624
2025-07-10,argo,com.grab.sample.dummy,DummyClass93,method3,1,2,0.0,0,0.0,0,0,1,0,5,0,1,0,0.0,0,0,0,5,0.0,0,2.4,0,0,0.0,0,0.0,0.9,68,57,0.1,10,0,0,0,0,1,9,0,0,0,0,0,0,0,0,0,10,0.19999999999999996,10,1.0,10,0,0,0,10,0,0,10,0,1,0,0,0,0,0,10,10,37,3466,3389,290,0,9,46,1.0,2900,0,23177,27,411,2900,30624
2025-07-10,argo,com.grab.sample.dummy,DummyClass93,method4,1,2,0.0,0,0.0,0,0,1,0,5,0,1,0,0.0,0,0,0,5,0.0,0,2.4,0,0,0.0,0,0.0,0.9,68,57,0.1,10,0,0,0,0,1,9,0,0,0,0,0,0,0,0,0,10,0.19999999999999996,10,1.0,10,0,0,0,10,0,0,10,0,1,0,0,0,0,0,10,10,37,3466,3389,290,0,9,46,1.0,2900,0,23177,27,411,2900,30624
2025-07-10,argo,com.grab.sample.dummy,DummyClass93,method5,1,2,0.0,0,0.0,0,0,1,0,5,0,1,0,0.0,0,0,0,5,0.0,0,2.4,0,0,0.0,0,0.0,0.9,68,57,0.1,10,0,0,0,0,1,9,0,0,0,0,0,0,0,0,0,10,0.19999999999999996,10,1.0,10,0,0,0,10,0,0,10,0,1,0,0,0,0,0,10,10,37,3466,3389,290,0,9,46,1.0,2900,0,23177,27,411,2900,30624
2025-07-10,argo,com.grab.sample.dummy,DummyClass93,method6,1,2,0.0,0,0.0,0,0,1,0,5,0,1,0,0.0,0,0,0,5,0.0,0,2.4,0,0,0.0,0,0.0,0.9,68,57,0.1,10,0,0,0,0,1,9,0,0,0,0,0,0,0,0,0,10,0.19999999999999996,10,1.0,10,0,0,0,10,0,0,10,0,1,0,0,0,0,0,10,10,37,3466,3389,290,0,9,46,1.0,2900,0,23177,27,411,2900,30624
2025-07-10,argo,com.grab.sample.dummy,DummyClass93,method7,1,2,0.0,0,0.0,0,0,1,0,5,0,1,0,0.0,0,0,0,5,0.0,0,2.4,0,0,0.0,0,0.0,0.9,68,57,0.1,10,0,0,0,0,1,9,0,0,0,0,0,0,0,0,0,10,0.19999999999999996,10,1.0,10,0,0,0,10,0,0,10,0,1,0,0,0,0,0,10,10,37,3466,3389,290,0,9,46,1.0,2900,0,23177,27,411,2900,30624
2025-07-10,argo,com.grab.sample.dummy,DummyClass93,method8,1,2,0.0,0,0.0,0,0,1,0,5,0,1,0,0.0,0,0,0,5,0.0,0,2.4,0,0,0.0,0,0.0,0.9,68,57,0.1,10,0,0,0,0,1,9,0,0,0,0,0,0,0,0,0,10,0.19999999999999996,10,1.0,10,0,0,0,10,0,0,10,0,1,0,0,0,0,0,10,10,37,3466,3389,290,0,9,46,1.0,2900,0,23177,27,411,2900,30624
2025-07-10,argo,com.grab.sample.dummy,DummyClass93,method9,1,2,0.0,0,0.0,0,0,1,0,5,0,1,0,0.0,0,0,0,5,0.0,0,2.4,0,0,0.0,0,0.0,0.9,68,57,0.1,10,0,0,0,0,1,9,0,0,0,0,0,0,0,0,0,10,0.19999999999999996,10,1.0,10,0,0,0,10,0,0,10,0,1,0,0,0,0,0,10,10,37,3466,3389,290,0,9,46,1.0,2900,0,23177,27,411,2900,30624
2025-07-10,argo,com.grab.sample.dummy,DummyClass93,method10,1,2,0.0,0,0.0,0,0,1,0,5,0,1,0,0.0,0,0,0,5,0.0,0,2.4,0,0,0.0,0,0.0,0.9,68,57,0.1,10,0,0,0,0,1,9,0,0,0,0,0,0,0,0,0,10,0.19999999999999996,10,1.0,10,0,0,0,10,0,0,10,0,1,0,0,0,0,0,10,10,37,3466,3389,290,0,9,46,1.0,2900,0,23177,27,411,2900,30624
2025-07-10,argo,com.grab.sample.dummy,DummyClass94,method1,1,0,9.0,0,0.0,0,0,1,0,12,0,1,10,0.0,10,0,9,1,0.0,1,2.0,0,9,0.0,0,0.0,0.9,68,57,0.1,10,0,0,0,0,1,9,0,0,0,0,0,0,0,0,0,10,0.19999999999999996,10,1.0,10,0,0,0,10,0,0,10,0,1,0,0,0,0,0,10,10,37,3466,3389,290,0,9,46,1.0,2900,0,23177,27,411,2900,30624
2025-07-10,argo,com.grab.sample.dummy,DummyClass94,method2,1,2,0.0,0,0.0,0,0,1,0,5,0,1,0,0.0,0,0,0,5,0.0,0,2.4,0,0,0.0,0,0.0,0.9,68,57,0.1,10,0,0,0,0,1,9,0,0,0,0,0,0,0,0,0,10,0.19999999999999996,10,1.0,10,0,0,0,10,0,0,10,0,1,0,0,0,0,0,10,10,37,3466,3389,290,0,9,46,1.0,2900,0,23177,27,411,2900,30624
2025-07-10,argo,com.grab.sample.dummy,DummyClass94,method3,1,2,0.0,0,0.0,0,0,1,0,5,0,1,0,0.0,0,0,0,5,0.0,0,2.4,0,0,0.0,0,0.0,0.9,68,57,0.1,10,0,0,0,0,1,9,0,0,0,0,0,0,0,0,0,10,0.19999999999999996,10,1.0,10,0,0,0,10,0,0,10,0,1,0,0,0,0,0,10,10,37,3466,3389,290,0,9,46,1.0,2900,0,23177,27,411,2900,30624
2025-07-10,argo,com.grab.sample.dummy,DummyClass94,method4,1,2,0.0,0,0.0,0,0,1,0,5,0,1,0,0.0,0,0,0,5,0.0,0,2.4,0,0,0.0,0,0.0,0.9,68,57,0.1,10,0,0,0,0,1,9,0,0,0,0,0,0,0,0,0,10,0.19999999999999996,10,1.0,10,0,0,0,10,0,0,10,0,1,0,0,0,0,0,10,10,37,3466,3389,290,0,9,46,1.0,2900,0,23177,27,411,2900,30624
2025-07-10,argo,com.grab.sample.dummy,DummyClass94,method5,1,2,0.0,0,0.0,0,0,1,0,5,0,1,0,0.0,0,0,0,5,0.0,0,2.4,0,0,0.0,0,0.0,0.9,68,57,0.1,10,0,0,0,0,1,9,0,0,0,0,0,0,0,0,0,10,0.19999999999999996,10,1.0,10,0,0,0,10,0,0,10,0,1,0,0,0,0,0,10,10,37,3466,3389,290,0,9,46,1.0,2900,0,23177,27,411,2900,30624
2025-07-10,argo,com.grab.sample.dummy,DummyClass94,method6,1,2,0.0,0,0.0,0,0,1,0,5,0,1,0,0.0,0,0,0,5,0.0,0,2.4,0,0,0.0,0,0.0,0.9,68,57,0.1,10,0,0,0,0,1,9,0,0,0,0,0,0,0,0,0,10,0.19999999999999996,10,1.0,10,0,0,0,10,0,0,10,0,1,0,0,0,0,0,10,10,37,3466,3389,290,0,9,46,1.0,2900,0,23177,27,411,2900,30624
2025-07-10,argo,com.grab.sample.dummy,DummyClass94,method7,1,2,0.0,0,0.0,0,0,1,0,5,0,1,0,0.0,0,0,0,5,0.0,0,2.4,0,0,0.0,0,0.0,0.9,68,57,0.1,10,0,0,0,0,1,9,0,0,0,0,0,0,0,0,0,10,0.19999999999999996,10,1.0,10,0,0,0,10,0,0,10,0,1,0,0,0,0,0,10,10,37,3466,3389,290,0,9,46,1.0,2900,0,23177,27,411,2900,30624
2025-07-10,argo,com.grab.sample.dummy,DummyClass94,method8,1,2,0.0,0,0.0,0,0,1,0,5,0,1,0,0.0,0,0,0,5,0.0,0,2.4,0,0,0.0,0,0.0,0.9,68,57,0.1,10,0,0,0,0,1,9,0,0,0,0,0,0,0,0,0,10,0.19999999999999996,10,1.0,10,0,0,0,10,0,0,10,0,1,0,0,0,0,0,10,10,37,3466,3389,290,0,9,46,1.0,2900,0,23177,27,411,2900,30624
2025-07-10,argo,com.grab.sample.dummy,DummyClass94,method9,1,2,0.0,0,0.0,0,0,1,0,5,0,1,0,0.0,0,0,0,5,0.0,0,2.4,0,0,0.0,0,0.0,0.9,68,57,0.1,10,0,0,0,0,1,9,0,0,0,0,0,0,0,0,0,10,0.19999999999999996,10,1.0,10,0,0,0,10,0,0,10,0,1,0,0,0,0,0,10,10,37,3466,3389,290,0,9,46,1.0,2900,0,23177,27,411,2900,30624
2025-07-10,argo,com.grab.sample.dummy,DummyClass94,method10,1,2,0.0,0,0.0,0,0,1,0,5,0,1,0,0.0,0,0,0,5,0.0,0,2.4,0,0,0.0,0,0.0,0.9,68,57,0.1,10,0,0,0,0,1,9,0,0,0,0,0,0,0,0,0,10,0.19999999999999996,10,1.0,10,0,0,0,10,0,0,10,0,1,0,0,0,0,0,10,10,37,3466,3389,290,0,9,46,1.0,2900,0,23177,27,411,2900,30624
2025-07-10,argo,com.grab.sample.dummy,DummyClass95,method1,1,0,9.0,0,0.0,0,0,1,0,12,0,1,10,0.0,10,0,9,1,0.0,1,2.0,0,9,0.0,0,0.0,0.9,68,57,0.1,10,0,0,0,0,1,9,0,0,0,0,0,0,0,0,0,10,0.19999999999999996,10,1.0,10,0,0,0,10,0,0,10,0,1,0,0,0,0,0,10,10,37,3466,3389,290,0,9,46,1.0,2900,0,23177,27,411,2900,30624
2025-07-10,argo,com.grab.sample.dummy,DummyClass95,method2,1,2,0.0,0,0.0,0,0,1,0,5,0,1,0,0.0,0,0,0,5,0.0,0,2.4,0,0,0.0,0,0.0,0.9,68,57,0.1,10,0,0,0,0,1,9,0,0,0,0,0,0,0,0,0,10,0.19999999999999996,10,1.0,10,0,0,0,10,0,0,10,0,1,0,0,0,0,0,10,10,37,3466,3389,290,0,9,46,1.0,2900,0,23177,27,411,2900,30624
2025-07-10,argo,com.grab.sample.dummy,DummyClass95,method3,1,2,0.0,0,0.0,0,0,1,0,5,0,1,0,0.0,0,0,0,5,0.0,0,2.4,0,0,0.0,0,0.0,0.9,68,57,0.1,10,0,0,0,0,1,9,0,0,0,0,0,0,0,0,0,10,0.19999999999999996,10,1.0,10,0,0,0,10,0,0,10,0,1,0,0,0,0,0,10,10,37,3466,3389,290,0,9,46,1.0,2900,0,23177,27,411,2900,30624
2025-07-10,argo,com.grab.sample.dummy,DummyClass95,method4,1,2,0.0,0,0.0,0,0,1,0,5,0,1,0,0.0,0,0,0,5,0.0,0,2.4,0,0,0.0,0,0.0,0.9,68,57,0.1,10,0,0,0,0,1,9,0,0,0,0,0,0,0,0,0,10,0.19999999999999996,10,1.0,10,0,0,0,10,0,0,10,0,1,0,0,0,0,0,10,10,37,3466,3389,290,0,9,46,1.0,2900,0,23177,27,411,2900,30624
2025-07-10,argo,com.grab.sample.dummy,DummyClass95,method5,1,2,0.0,0,0.0,0,0,1,0,5,0,1,0,0.0,0,0,0,5,0.0,0,2.4,0,0,0.0,0,0.0,0.9,68,57,0.1,10,0,0,0,0,1,9,0,0,0,0,0,0,0,0,0,10,0.19999999999999996,10,1.0,10,0,0,0,10,0,0,10,0,1,0,0,0,0,0,10,10,37,3466,3389,290,0,9,46,1.0,2900,0,23177,27,411,2900,30624
2025-07-10,argo,com.grab.sample.dummy,DummyClass95,method6,1,2,0.0,0,0.0,0,0,1,0,5,0,1,0,0.0,0,0,0,5,0.0,0,2.4,0,0,0.0,0,0.0,0.9,68,57,0.1,10,0,0,0,0,1,9,0,0,0,0,0,0,0,0,0,10,0.19999999999999996,10,1.0,10,0,0,0,10,0,0,10,0,1,0,0,0,0,0,10,10,37,3466,3389,290,0,9,46,1.0,2900,0,23177,27,411,2900,30624
2025-07-10,argo,com.grab.sample.dummy,DummyClass95,method7,1,2,0.0,0,0.0,0,0,1,0,5,0,1,0,0.0,0,0,0,5,0.0,0,2.4,0,0,0.0,0,0.0,0.9,68,57,0.1,10,0,0,0,0,1,9,0,0,0,0,0,0,0,0,0,10,0.19999999999999996,10,1.0,10,0,0,0,10,0,0,10,0,1,0,0,0,0,0,10,10,37,3466,3389,290,0,9,46,1.0,2900,0,23177,27,411,2900,30624
2025-07-10,argo,com.grab.sample.dummy,DummyClass95,method8,1,2,0.0,0,0.0,0,0,1,0,5,0,1,0,0.0,0,0,0,5,0.0,0,2.4,0,0,0.0,0,0.0,0.9,68,57,0.1,10,0,0,0,0,1,9,0,0,0,0,0,0,0,0,0,10,0.19999999999999996,10,1.0,10,0,0,0,10,0,0,10,0,1,0,0,0,0,0,10,10,37,3466,3389,290,0,9,46,1.0,2900,0,23177,27,411,2900,30624
2025-07-10,argo,com.grab.sample.dummy,DummyClass95,method9,1,2,0.0,0,0.0,0,0,1,0,5,0,1,0,0.0,0,0,0,5,0.0,0,2.4,0,0,0.0,0,0.0,0.9,68,57,0.1,10,0,0,0,0,1,9,0,0,0,0,0,0,0,0,0,10,0.19999999999999996,10,1.0,10,0,0,0,10,0,0,10,0,1,0,0,0,0,0,10,10,37,3466,3389,290,0,9,46,1.0,2900,0,23177,27,411,2900,30624
2025-07-10,argo,com.grab.sample.dummy,DummyClass95,method10,1,2,0.0,0,0.0,0,0,1,0,5,0,1,0,0.0,0,0,0,5,0.0,0,2.4,0,0,0.0,0,0.0,0.9,68,57,0.1,10,0,0,0,0,1,9,0,0,0,0,0,0,0,0,0,10,0.19999999999999996,10,1.0,10,0,0,0,10,0,0,10,0,1,0,0,0,0,0,10,10,37,3466,3389,290,0,9,46,1.0,2900,0,23177,27,411,2900,30624
2025-07-10,argo,com.grab.sample.dummy,DummyClass96,method1,1,0,9.0,0,0.0,0,0,1,0,12,0,1,10,0.0,10,0,9,1,0.0,1,2.0,0,9,0.0,0,0.0,0.9,68,57,0.1,10,0,0,0,0,1,9,0,0,0,0,0,0,0,0,0,10,0.19999999999999996,10,1.0,10,0,0,0,10,0,0,10,0,1,0,0,0,0,0,10,10,37,3466,3389,290,0,9,46,1.0,2900,0,23177,27,411,2900,30624
2025-07-10,argo,com.grab.sample.dummy,DummyClass96,method2,1,2,0.0,0,0.0,0,0,1,0,5,0,1,0,0.0,0,0,0,5,0.0,0,2.4,0,0,0.0,0,0.0,0.9,68,57,0.1,10,0,0,0,0,1,9,0,0,0,0,0,0,0,0,0,10,0.19999999999999996,10,1.0,10,0,0,0,10,0,0,10,0,1,0,0,0,0,0,10,10,37,3466,3389,290,0,9,46,1.0,2900,0,23177,27,411,2900,30624
2025-07-10,argo,com.grab.sample.dummy,DummyClass96,method3,1,2,0.0,0,0.0,0,0,1,0,5,0,1,0,0.0,0,0,0,5,0.0,0,2.4,0,0,0.0,0,0.0,0.9,68,57,0.1,10,0,0,0,0,1,9,0,0,0,0,0,0,0,0,0,10,0.19999999999999996,10,1.0,10,0,0,0,10,0,0,10,0,1,0,0,0,0,0,10,10,37,3466,3389,290,0,9,46,1.0,2900,0,23177,27,411,2900,30624
2025-07-10,argo,com.grab.sample.dummy,DummyClass96,method4,1,2,0.0,0,0.0,0,0,1,0,5,0,1,0,0.0,0,0,0,5,0.0,0,2.4,0,0,0.0,0,0.0,0.9,68,57,0.1,10,0,0,0,0,1,9,0,0,0,0,0,0,0,0,0,10,0.19999999999999996,10,1.0,10,0,0,0,10,0,0,10,0,1,0,0,0,0,0,10,10,37,3466,3389,290,0,9,46,1.0,2900,0,23177,27,411,2900,30624
2025-07-10,argo,com.grab.sample.dummy,DummyClass96,method5,1,2,0.0,0,0.0,0,0,1,0,5,0,1,0,0.0,0,0,0,5,0.0,0,2.4,0,0,0.0,0,0.0,0.9,68,57,0.1,10,0,0,0,0,1,9,0,0,0,0,0,0,0,0,0,10,0.19999999999999996,10,1.0,10,0,0,0,10,0,0,10,0,1,0,0,0,0,0,10,10,37,3466,3389,290,0,9,46,1.0,2900,0,23177,27,411,2900,30624
2025-07-10,argo,com.grab.sample.dummy,DummyClass96,method6,1,2,0.0,0,0.0,0,0,1,0,5,0,1,0,0.0,0,0,0,5,0.0,0,2.4,0,0,0.0,0,0.0,0.9,68,57,0.1,10,0,0,0,0,1,9,0,0,0,0,0,0,0,0,0,10,0.19999999999999996,10,1.0,10,0,0,0,10,0,0,10,0,1,0,0,0,0,0,10,10,37,3466,3389,290,0,9,46,1.0,2900,0,23177,27,411,2900,30624
2025-07-10,argo,com.grab.sample.dummy,DummyClass96,method7,1,2,0.0,0,0.0,0,0,1,0,5,0,1,0,0.0,0,0,0,5,0.0,0,2.4,0,0,0.0,0,0.0,0.9,68,57,0.1,10,0,0,0,0,1,9,0,0,0,0,0,0,0,0,0,10,0.19999999999999996,10,1.0,10,0,0,0,10,0,0,10,0,1,0,0,0,0,0,10,10,37,3466,3389,290,0,9,46,1.0,2900,0,23177,27,411,2900,30624
2025-07-10,argo,com.grab.sample.dummy,DummyClass96,method8,1,2,0.0,0,0.0,0,0,1,0,5,0,1,0,0.0,0,0,0,5,0.0,0,2.4,0,0,0.0,0,0.0,0.9,68,57,0.1,10,0,0,0,0,1,9,0,0,0,0,0,0,0,0,0,10,0.19999999999999996,10,1.0,10,0,0,0,10,0,0,10,0,1,0,0,0,0,0,10,10,37,3466,3389,290,0,9,46,1.0,2900,0,23177,27,411,2900,30624
2025-07-10,argo,com.grab.sample.dummy,DummyClass96,method9,1,2,0.0,0,0.0,0,0,1,0,5,0,1,0,0.0,0,0,0,5,0.0,0,2.4,0,0,0.0,0,0.0,0.9,68,57,0.1,10,0,0,0,0,1,9,0,0,0,0,0,0,0,0,0,10,0.19999999999999996,10,1.0,10,0,0,0,10,0,0,10,0,1,0,0,0,0,0,10,10,37,3466,3389,290,0,9,46,1.0,2900,0,23177,27,411,2900,30624
2025-07-10,argo,com.grab.sample.dummy,DummyClass96,method10,1,2,0.0,0,0.0,0,0,1,0,5,0,1,0,0.0,0,0,0,5,0.0,0,2.4,0,0,0.0,0,0.0,0.9,68,57,0.1,10,0,0,0,0,1,9,0,0,0,0,0,0,0,0,0,10,0.19999999999999996,10,1.0,10,0,0,0,10,0,0,10,0,1,0,0,0,0,0,10,10,37,3466,3389,290,0,9,46,1.0,2900,0,23177,27,411,2900,30624
2025-07-10,argo,com.grab.sample.dummy,DummyClass97,method1,1,0,9.0,0,0.0,0,0,1,0,12,0,1,10,0.0,10,0,9,1,0.0,1,2.0,0,9,0.0,0,0.0,0.9,68,57,0.1,10,0,0,0,0,1,9,0,0,0,0,0,0,0,0,0,10,0.19999999999999996,10,1.0,10,0,0,0,10,0,0,10,0,1,0,0,0,0,0,10,10,37,3466,3389,290,0,9,46,1.0,2900,0,23177,27,411,2900,30624
2025-07-10,argo,com.grab.sample.dummy,DummyClass97,method2,1,2,0.0,0,0.0,0,0,1,0,5,0,1,0,0.0,0,0,0,5,0.0,0,2.4,0,0,0.0,0,0.0,0.9,68,57,0.1,10,0,0,0,0,1,9,0,0,0,0,0,0,0,0,0,10,0.19999999999999996,10,1.0,10,0,0,0,10,0,0,10,0,1,0,0,0,0,0,10,10,37,3466,3389,290,0,9,46,1.0,2900,0,23177,27,411,2900,30624
2025-07-10,argo,com.grab.sample.dummy,DummyClass97,method3,1,2,0.0,0,0.0,0,0,1,0,5,0,1,0,0.0,0,0,0,5,0.0,0,2.4,0,0,0.0,0,0.0,0.9,68,57,0.1,10,0,0,0,0,1,9,0,0,0,0,0,0,0,0,0,10,0.19999999999999996,10,1.0,10,0,0,0,10,0,0,10,0,1,0,0,0,0,0,10,10,37,3466,3389,290,0,9,46,1.0,2900,0,23177,27,411,2900,30624
2025-07-10,argo,com.grab.sample.dummy,DummyClass97,method4,1,2,0.0,0,0.0,0,0,1,0,5,0,1,0,0.0,0,0,0,5,0.0,0,2.4,0,0,0.0,0,0.0,0.9,68,57,0.1,10,0,0,0,0,1,9,0,0,0,0,0,0,0,0,0,10,0.19999999999999996,10,1.0,10,0,0,0,10,0,0,10,0,1,0,0,0,0,0,10,10,37,3466,3389,290,0,9,46,1.0,2900,0,23177,27,411,2900,30624
2025-07-10,argo,com.grab.sample.dummy,DummyClass97,method5,1,2,0.0,0,0.0,0,0,1,0,5,0,1,0,0.0,0,0,0,5,0.0,0,2.4,0,0,0.0,0,0.0,0.9,68,57,0.1,10,0,0,0,0,1,9,0,0,0,0,0,0,0,0,0,10,0.19999999999999996,10,1.0,10,0,0,0,10,0,0,10,0,1,0,0,0,0,0,10,10,37,3466,3389,290,0,9,46,1.0,2900,0,23177,27,411,2900,30624
2025-07-10,argo,com.grab.sample.dummy,DummyClass97,method6,1,2,0.0,0,0.0,0,0,1,0,5,0,1,0,0.0,0,0,0,5,0.0,0,2.4,0,0,0.0,0,0.0,0.9,68,57,0.1,10,0,0,0,0,1,9,0,0,0,0,0,0,0,0,0,10,0.19999999999999996,10,1.0,10,0,0,0,10,0,0,10,0,1,0,0,0,0,0,10,10,37,3466,3389,290,0,9,46,1.0,2900,0,23177,27,411,2900,30624
2025-07-10,argo,com.grab.sample.dummy,DummyClass97,method7,1,2,0.0,0,0.0,0,0,1,0,5,0,1,0,0.0,0,0,0,5,0.0,0,2.4,0,0,0.0,0,0.0,0.9,68,57,0.1,10,0,0,0,0,1,9,0,0,0,0,0,0,0,0,0,10,0.19999999999999996,10,1.0,10,0,0,0,10,0,0,10,0,1,0,0,0,0,0,10,10,37,3466,3389,290,0,9,46,1.0,2900,0,23177,27,411,2900,30624
2025-07-10,argo,com.grab.sample.dummy,DummyClass97,method8,1,2,0.0,0,0.0,0,0,1,0,5,0,1,0,0.0,0,0,0,5,0.0,0,2.4,0,0,0.0,0,0.0,0.9,68,57,0.1,10,0,0,0,0,1,9,0,0,0,0,0,0,0,0,0,10,0.19999999999999996,10,1.0,10,0,0,0,10,0,0,10,0,1,0,0,0,0,0,10,10,37,3466,3389,290,0,9,46,1.0,2900,0,23177,27,411,2900,30624
2025-07-10,argo,com.grab.sample.dummy,DummyClass97,method9,1,2,0.0,0,0.0,0,0,1,0,5,0,1,0,0.0,0,0,0,5,0.0,0,2.4,0,0,0.0,0,0.0,0.9,68,57,0.1,10,0,0,0,0,1,9,0,0,0,0,0,0,0,0,0,10,0.19999999999999996,10,1.0,10,0,0,0,10,0,0,10,0,1,0,0,0,0,0,10,10,37,3466,3389,290,0,9,46,1.0,2900,0,23177,27,411,2900,30624
2025-07-10,argo,com.grab.sample.dummy,DummyClass97,method10,1,2,0.0,0,0.0,0,0,1,0,5,0,1,0,0.0,0,0,0,5,0.0,0,2.4,0,0,0.0,0,0.0,0.9,68,57,0.1,10,0,0,0,0,1,9,0,0,0,0,0,0,0,0,0,10,0.19999999999999996,10,1.0,10,0,0,0,10,0,0,10,0,1,0,0,0,0,0,10,10,37,3466,3389,290,0,9,46,1.0,2900,0,23177,27,411,2900,30624
2025-07-10,argo,com.grab.sample.dummy,DummyClass98,method1,1,0,9.0,0,0.0,0,0,1,0,12,0,1,10,0.0,10,0,9,1,0.0,1,2.0,0,9,0.0,0,0.0,0.9,68,57,0.1,10,0,0,0,0,1,9,0,0,0,0,0,0,0,0,0,10,0.19999999999999996,10,1.0,10,0,0,0,10,0,0,10,0,1,0,0,0,0,0,10,10,37,3466,3389,290,0,9,46,1.0,2900,0,23177,27,411,2900,30624
2025-07-10,argo,com.grab.sample.dummy,DummyClass98,method2,1,2,0.0,0,0.0,0,0,1,0,5,0,1,0,0.0,0,0,0,5,0.0,0,2.4,0,0,0.0,0,0.0,0.9,68,57,0.1,10,0,0,0,0,1,9,0,0,0,0,0,0,0,0,0,10,0.19999999999999996,10,1.0,10,0,0,0,10,0,0,10,0,1,0,0,0,0,0,10,10,37,3466,3389,290,0,9,46,1.0,2900,0,23177,27,411,2900,30624
2025-07-10,argo,com.grab.sample.dummy,DummyClass98,method3,1,2,0.0,0,0.0,0,0,1,0,5,0,1,0,0.0,0,0,0,5,0.0,0,2.4,0,0,0.0,0,0.0,0.9,68,57,0.1,10,0,0,0,0,1,9,0,0,0,0,0,0,0,0,0,10,0.19999999999999996,10,1.0,10,0,0,0,10,0,0,10,0,1,0,0,0,0,0,10,10,37,3466,3389,290,0,9,46,1.0,2900,0,23177,27,411,2900,30624
2025-07-10,argo,com.grab.sample.dummy,DummyClass98,method4,1,2,0.0,0,0.0,0,0,1,0,5,0,1,0,0.0,0,0,0,5,0.0,0,2.4,0,0,0.0,0,0.0,0.9,68,57,0.1,10,0,0,0,0,1,9,0,0,0,0,0,0,0,0,0,10,0.19999999999999996,10,1.0,10,0,0,0,10,0,0,10,0,1,0,0,0,0,0,10,10,37,3466,3389,290,0,9,46,1.0,2900,0,23177,27,411,2900,30624
2025-07-10,argo,com.grab.sample.dummy,DummyClass98,method5,1,2,0.0,0,0.0,0,0,1,0,5,0,1,0,0.0,0,0,0,5,0.0,0,2.4,0,0,0.0,0,0.0,0.9,68,57,0.1,10,0,0,0,0,1,9,0,0,0,0,0,0,0,0,0,10,0.19999999999999996,10,1.0,10,0,0,0,10,0,0,10,0,1,0,0,0,0,0,10,10,37,3466,3389,290,0,9,46,1.0,2900,0,23177,27,411,2900,30624
2025-07-10,argo,com.grab.sample.dummy,DummyClass98,method6,1,2,0.0,0,0.0,0,0,1,0,5,0,1,0,0.0,0,0,0,5,0.0,0,2.4,0,0,0.0,0,0.0,0.9,68,57,0.1,10,0,0,0,0,1,9,0,0,0,0,0,0,0,0,0,10,0.19999999999999996,10,1.0,10,0,0,0,10,0,0,10,0,1,0,0,0,0,0,10,10,37,3466,3389,290,0,9,46,1.0,2900,0,23177,27,411,2900,30624
2025-07-10,argo,com.grab.sample.dummy,DummyClass98,method7,1,2,0.0,0,0.0,0,0,1,0,5,0,1,0,0.0,0,0,0,5,0.0,0,2.4,0,0,0.0,0,0.0,0.9,68,57,0.1,10,0,0,0,0,1,9,0,0,0,0,0,0,0,0,0,10,0.19999999999999996,10,1.0,10,0,0,0,10,0,0,10,0,1,0,0,0,0,0,10,10,37,3466,3389,290,0,9,46,1.0,2900,0,23177,27,411,2900,30624
2025-07-10,argo,com.grab.sample.dummy,DummyClass98,method8,1,2,0.0,0,0.0,0,0,1,0,5,0,1,0,0.0,0,0,0,5,0.0,0,2.4,0,0,0.0,0,0.0,0.9,68,57,0.1,10,0,0,0,0,1,9,0,0,0,0,0,0,0,0,0,10,0.19999999999999996,10,1.0,10,0,0,0,10,0,0,10,0,1,0,0,0,0,0,10,10,37,3466,3389,290,0,9,46,1.0,2900,0,23177,27,411,2900,30624
2025-07-10,argo,com.grab.sample.dummy,DummyClass98,method9,1,2,0.0,0,0.0,0,0,1,0,5,0,1,0,0.0,0,0,0,5,0.0,0,2.4,0,0,0.0,0,0.0,0.9,68,57,0.1,10,0,0,0,0,1,9,0,0,0,0,0,0,0,0,0,10,0.19999999999999996,10,1.0,10,0,0,0,10,0,0,10,0,1,0,0,0,0,0,10,10,37,3466,3389,290,0,9,46,1.0,2900,0,23177,27,411,2900,30624
2025-07-10,argo,com.grab.sample.dummy,DummyClass98,method10,1,2,0.0,0,0.0,0,0,1,0,5,0,1,0,0.0,0,0,0,5,0.0,0,2.4,0,0,0.0,0,0.0,0.9,68,57,0.1,10,0,0,0,0,1,9,0,0,0,0,0,0,0,0,0,10,0.19999999999999996,10,1.0,10,0,0,0,10,0,0,10,0,1,0,0,0,0,0,10,10,37,3466,3389,290,0,9,46,1.0,2900,0,23177,27,411,2900,30624
2025-07-10,argo,com.grab.sample.dummy,DummyClass99,method1,1,0,9.0,0,0.0,0,0,1,0,12,0,1,10,0.0,10,0,9,1,0.0,1,2.0,0,9,0.0,0,0.0,0.9,68,57,0.1,10,0,0,0,0,1,9,0,0,0,0,0,0,0,0,0,10,0.19999999999999996,10,1.0,10,0,0,0,10,0,0,10,0,1,0,0,0,0,0,10,10,37,3466,3389,290,0,9,46,1.0,2900,0,23177,27,411,2900,30624
2025-07-10,argo,com.grab.sample.dummy,DummyClass99,method2,1,2,0.0,0,0.0,0,0,1,0,5,0,1,0,0.0,0,0,0,5,0.0,0,2.4,0,0,0.0,0,0.0,0.9,68,57,0.1,10,0,0,0,0,1,9,0,0,0,0,0,0,0,0,0,10,0.19999999999999996,10,1.0,10,0,0,0,10,0,0,10,0,1,0,0,0,0,0,10,10,37,3466,3389,290,0,9,46,1.0,2900,0,23177,27,411,2900,30624
2025-07-10,argo,com.grab.sample.dummy,DummyClass99,method3,1,2,0.0,0,0.0,0,0,1,0,5,0,1,0,0.0,0,0,0,5,0.0,0,2.4,0,0,0.0,0,0.0,0.9,68,57,0.1,10,0,0,0,0,1,9,0,0,0,0,0,0,0,0,0,10,0.19999999999999996,10,1.0,10,0,0,0,10,0,0,10,0,1,0,0,0,0,0,10,10,37,3466,3389,290,0,9,46,1.0,2900,0,23177,27,411,2900,30624
2025-07-10,argo,com.grab.sample.dummy,DummyClass99,method4,1,2,0.0,0,0.0,0,0,1,0,5,0,1,0,0.0,0,0,0,5,0.0,0,2.4,0,0,0.0,0,0.0,0.9,68,57,0.1,10,0,0,0,0,1,9,0,0,0,0,0,0,0,0,0,10,0.19999999999999996,10,1.0,10,0,0,0,10,0,0,10,0,1,0,0,0,0,0,10,10,37,3466,3389,290,0,9,46,1.0,2900,0,23177,27,411,2900,30624
2025-07-10,argo,com.grab.sample.dummy,DummyClass99,method5,1,2,0.0,0,0.0,0,0,1,0,5,0,1,0,0.0,0,0,0,5,0.0,0,2.4,0,0,0.0,0,0.0,0.9,68,57,0.1,10,0,0,0,0,1,9,0,0,0,0,0,0,0,0,0,10,0.19999999999999996,10,1.0,10,0,0,0,10,0,0,10,0,1,0,0,0,0,0,10,10,37,3466,3389,290,0,9,46,1.0,2900,0,23177,27,411,2900,30624
2025-07-10,argo,com.grab.sample.dummy,DummyClass99,method6,1,2,0.0,0,0.0,0,0,1,0,5,0,1,0,0.0,0,0,0,5,0.0,0,2.4,0,0,0.0,0,0.0,0.9,68,57,0.1,10,0,0,0,0,1,9,0,0,0,0,0,0,0,0,0,10,0.19999999999999996,10,1.0,10,0,0,0,10,0,0,10,0,1,0,0,0,0,0,10,10,37,3466,3389,290,0,9,46,1.0,2900,0,23177,27,411,2900,30624
2025-07-10,argo,com.grab.sample.dummy,DummyClass99,method7,1,2,0.0,0,0.0,0,0,1,0,5,0,1,0,0.0,0,0,0,5,0.0,0,2.4,0,0,0.0,0,0.0,0.9,68,57,0.1,10,0,0,0,0,1,9,0,0,0,0,0,0,0,0,0,10,0.19999999999999996,10,1.0,10,0,0,0,10,0,0,10,0,1,0,0,0,0,0,10,10,37,3466,3389,290,0,9,46,1.0,2900,0,23177,27,411,2900,30624
2025-07-10,argo,com.grab.sample.dummy,DummyClass99,method8,1,2,0.0,0,0.0,0,0,1,0,5,0,1,0,0.0,0,0,0,5,0.0,0,2.4,0,0,0.0,0,0.0,0.9,68,57,0.1,10,0,0,0,0,1,9,0,0,0,0,0,0,0,0,0,10,0.19999999999999996,10,1.0,10,0,0,0,10,0,0,10,0,1,0,0,0,0,0,10,10,37,3466,3389,290,0,9,46,1.0,2900,0,23177,27,411,2900,30624
2025-07-10,argo,com.grab.sample.dummy,DummyClass99,method9,1,2,0.0,0,0.0,0,0,1,0,5,0,1,0,0.0,0,0,0,5,0.0,0,2.4,0,0,0.0,0,0.0,0.9,68,57,0.1,10,0,0,0,0,1,9,0,0,0,0,0,0,0,0,0,10,0.19999999999999996,10,1.0,10,0,0,0,10,0,0,10,0,1,0,0,0,0,0,10,10,37,3466,3389,290,0,9,46,1.0,2900,0,23177,27,411,2900,30624
2025-07-10,argo,com.grab.sample.dummy,DummyClass99,method10,1,2,0.0,0,0.0,0,0,1,0,5,0,1,0,0.0,0,0,0,5,0.0,0,2.4,0,0,0.0,0,0.0,0.9,68,57,0.1,10,0,0,0,0,1,9,0,0,0,0,0,0,0,0,0,10,0.19999999999999996,10,1.0,10,0,0,0,10,0,0,10,0,1,0,0,0,0,0,10,10,37,3466,3389,290,0,9,46,1.0,2900,0,23177,27,411,2900,30624
2025-07-10,argo,com.grab.android.sample.level1,Level1Activity,onCreate,1,0,0.0,1,1.0,1,0,1,0,5,0,1,0,0.0,1,0,2,2,0.0,1,2.0,2,2,0.0,0,0.0,0.0,7,5,0.0,1,0,1,3,0,2,2,0,0,0,0,0,0,0,0,0,1,0.0,1,1.0,1,1,0,0,1,0,0,1,1,1,0,0,0,0,0,1,1,37,3466,3389,1,0,2,2,1.0,1,0,16,27,411,1,30624
2025-07-10,argo,com.grab.android.sample,FirstFragment,onCreateView,1,0,0.0,1,1.0,1,0,1,0,4,0,1,0,0.5,0,2,1,1,0.67,1,2.0,3,0,0.0,0,0.6666666666666666,0.6666666666666666,20,12,0.0,3,2,3,2,0,5,1,0,2,0,0,1,0,0,1,0,3,0.6666666666666667,3,1.0,3,3,2,0,3,0,0,3,2,1,0,0,0,0,0,3,3,37,3466,3389,3,0,1,6,1.0,10,0,153,27,411,10,30624
2025-07-10,argo,com.grab.android.sample,FirstFragment,onViewCreated,1,0,0.0,1,1.0,1,0,1,0,4,0,1,0,0.3333333333333333,1,1,0,5,0.5,1,3.0,2,0,0.0,0,0.6666666666666666,0.6666666666666666,20,12,0.0,3,2,3,2,0,5,1,0,2,0,0,1,0,0,1,0,3,0.6666666666666667,3,1.0,3,3,2,0,3,0,0,3,2,1,0,0,0,0,0,3,3,37,3466,3389,3,0,1,6,1.0,10,0,153,27,411,10,30624
2025-07-10,argo,com.grab.android.sample,FirstFragment,onDestroyView,1,0,0.0,0,0.0,1,0,1,0,4,0,1,0,1.0,1,1,0,0,2.0,1,2.0,0,0,0.0,0,0.6666666666666666,0.6666666666666666,20,12,0.0,3,2,3,2,0,5,1,0,2,0,0,1,0,0,1,0,3,0.6666666666666667,3,1.0,3,3,2,0,3,0,0,3,2,1,0,0,0,0,0,3,3,37,3466,3389,3,0,1,6,1.0,10,0,153,27,411,10,30624
2025-07-10,argo,com.grab.android.sample,MainActivity,onCreate,1,1,0.0,7,1.0,1,0,1,0,12,0,1,0,0.8571428571428571,1,2,7,15,1.0,1,2.25,1,5,0.0,0,0.16666666666666666,0.75,35,26,0.0,4,2,4,4,0,4,7,0,2,0,0,0,0,0,2,0,4,0.8333333333333334,4,1.0,4,4,2,0,4,0,0,4,2,1,0,0,0,0,0,4,4,37,3466,3389,3,0,8,22,1.5,10,0,153,27,411,10,30624
2025-07-10,argo,com.grab.android.sample,MainActivity,onCreateOptionsMenu,1,0,0.0,1,1.0,1,0,1,0,4,0,1,0,0.0,0,0,1,3,0.0,0,4.0,1,1,0.0,0,0.16666666666666666,0.75,35,26,0.0,4,2,4,4,0,4,7,0,2,0,0,0,0,0,2,0,4,0.8333333333333334,4,1.0,4,4,2,0,4,0,0,4,2,1,0,0,0,0,0,4,4,37,3466,3389,3,0,8,22,1.5,10,0,153,27,411,10,30624
2025-07-10,argo,com.grab.android.sample,MainActivity,onOptionsItemSelected,3,0,0.0,1,1.0,1,0,1,0,6,1,3,0,0.0,1,0,0,1,0.0,1,2.3333333333333335,1,0,0.0,0,0.16666666666666666,0.75,35,26,0.0,4,2,4,4,0,4,7,0,2,0,0,0,0,0,2,0,4,0.8333333333333334,4,1.0,4,4,2,0,4,0,0,4,2,1,0,0,0,0,0,4,4,37,3466,3389,3,0,8,22,1.5,10,0,153,27,411,10,30624
2025-07-10,argo,com.grab.android.sample,MainActivity,onSupportNavigateUp,1,1,0.0,2,1.0,1,0,1,0,4,0,1,0,1.0,1,1,0,3,1.0,2,2.3333333333333335,0,0,0.0,0,0.16666666666666666,0.75,35,26,0.0,4,2,4,4,0,4,7,0,2,0,0,0,0,0,2,0,4,0.8333333333333334,4,1.0,4,4,2,0,4,0,0,4,2,1,0,0,0,0,0,4,4,37,3466,3389,3,0,8,22,1.5,10,0,153,27,411,10,30624
2025-07-10,argo,com.grab.android.sample,SecondFragment,onCreateView,1,0,0.0,1,1.0,1,0,1,0,4,0,1,0,0.5,0,2,1,1,0.67,1,2.0,3,0,0.0,0,0.6666666666666666,0.6666666666666666,20,12,0.0,3,2,3,2,0,5,1,0,2,0,0,1,0,0,1,0,3,0.6666666666666667,3,1.0,3,3,2,0,3,0,0,3,2,1,0,0,0,0,0,3,3,37,3466,3389,3,0,1,6,1.0,10,0,153,27,411,10,30624
2025-07-10,argo,com.grab.android.sample,SecondFragment,onViewCreated,1,0,0.0,1,1.0,1,0,1,0,4,0,1,0,0.3333333333333333,1,1,0,5,0.5,1,3.0,2,0,0.0,0,0.6666666666666666,0.6666666666666666,20,12,0.0,3,2,3,2,0,5,1,0,2,0,0,1,0,0,1,0,3,0.6666666666666667,3,1.0,3,3,2,0,3,0,0,3,2,1,0,0,0,0,0,3,3,37,3466,3389,3,0,1,6,1.0,10,0,153,27,411,10,30624
2025-07-10,argo,com.grab.android.sample,SecondFragment,onDestroyView,1,0,0.0,0,0.0,1,0,1,0,4,0,1,0,1.0,1,1,0,0,2.0,1,2.0,0,0,0.0,0,0.6666666666666666,0.6666666666666666,20,12,0.0,3,2,3,2,0,5,1,0,2,0,0,1,0,0,1,0,3,0.6666666666666667,3,1.0,3,3,2,0,3,0,0,3,2,1,0,0,0,0,0,3,3,37,3466,3389,3,0,1,6,1.0,10,0,153,27,411,10,30624
2025-07-10,argo,com.grab.sample.gradle,ConfigurablePlugin,apply,1,0,0.0,0,0.0,0,0,1,0,1,0,1,0,0.0,0,0,0,1,0.0,0,0.0,1,0,0.0,0,0.0,0.0,3,1,0.0,1,0,1,1,0,2,0,0,0,0,0,0,0,0,0,0,1,0.0,1,1.0,1,1,0,0,1,0,0,1,0,1,0,0,0,0,0,1,1,37,3466,3389,1,0,0,1,1.0,1,0,11,27,411,1,30624
2025-07-10,argo,com.grab.sample.dummy,KDummyClass1,method1,1,0,9.0,0,0.0,0,0,1,0,12,0,1,10,0.0,10,0,9,1,0.0,1,2.0,0,9,0.0,0,0.0,0.9,68,57,0.1,10,0,0,0,0,1,9,0,0,0,0,0,0,0,0,0,10,0.19999999999999996,10,1.0,10,0,0,0,10,0,0,10,0,1,0,0,0,0,0,10,10,37,3466,3389,290,0,9,46,1.0,2900,0,23177,27,411,2900,30624
2025-07-10,argo,com.grab.sample.dummy,KDummyClass1,method2,1,2,0.0,0,0.0,0,0,1,0,5,0,1,0,0.0,0,0,0,5,0.0,0,2.4,0,0,0.0,0,0.0,0.9,68,57,0.1,10,0,0,0,0,1,9,0,0,0,0,0,0,0,0,0,10,0.19999999999999996,10,1.0,10,0,0,0,10,0,0,10,0,1,0,0,0,0,0,10,10,37,3466,3389,290,0,9,46,1.0,2900,0,23177,27,411,2900,30624
2025-07-10,argo,com.grab.sample.dummy,KDummyClass1,method3,1,2,0.0,0,0.0,0,0,1,0,5,0,1,0,0.0,0,0,0,5,0.0,0,2.4,0,0,0.0,0,0.0,0.9,68,57,0.1,10,0,0,0,0,1,9,0,0,0,0,0,0,0,0,0,10,0.19999999999999996,10,1.0,10,0,0,0,10,0,0,10,0,1,0,0,0,0,0,10,10,37,3466,3389,290,0,9,46,1.0,2900,0,23177,27,411,2900,30624
2025-07-10,argo,com.grab.sample.dummy,KDummyClass1,method4,1,2,0.0,0,0.0,0,0,1,0,5,0,1,0,0.0,0,0,0,5,0.0,0,2.4,0,0,0.0,0,0.0,0.9,68,57,0.1,10,0,0,0,0,1,9,0,0,0,0,0,0,0,0,0,10,0.19999999999999996,10,1.0,10,0,0,0,10,0,0,10,0,1,0,0,0,0,0,10,10,37,3466,3389,290,0,9,46,1.0,2900,0,23177,27,411,2900,30624
2025-07-10,argo,com.grab.sample.dummy,KDummyClass1,method5,1,2,0.0,0,0.0,0,0,1,0,5,0,1,0,0.0,0,0,0,5,0.0,0,2.4,0,0,0.0,0,0.0,0.9,68,57,0.1,10,0,0,0,0,1,9,0,0,0,0,0,0,0,0,0,10,0.19999999999999996,10,1.0,10,0,0,0,10,0,0,10,0,1,0,0,0,0,0,10,10,37,3466,3389,290,0,9,46,1.0,2900,0,23177,27,411,2900,30624
2025-07-10,argo,com.grab.sample.dummy,KDummyClass1,method6,1,2,0.0,0,0.0,0,0,1,0,5,0,1,0,0.0,0,0,0,5,0.0,0,2.4,0,0,0.0,0,0.0,0.9,68,57,0.1,10,0,0,0,0,1,9,0,0,0,0,0,0,0,0,0,10,0.19999999999999996,10,1.0,10,0,0,0,10,0,0,10,0,1,0,0,0,0,0,10,10,37,3466,3389,290,0,9,46,1.0,2900,0,23177,27,411,2900,30624
2025-07-10,argo,com.grab.sample.dummy,KDummyClass1,method7,1,2,0.0,0,0.0,0,0,1,0,5,0,1,0,0.0,0,0,0,5,0.0,0,2.4,0,0,0.0,0,0.0,0.9,68,57,0.1,10,0,0,0,0,1,9,0,0,0,0,0,0,0,0,0,10,0.19999999999999996,10,1.0,10,0,0,0,10,0,0,10,0,1,0,0,0,0,0,10,10,37,3466,3389,290,0,9,46,1.0,2900,0,23177,27,411,2900,30624
2025-07-10,argo,com.grab.sample.dummy,KDummyClass1,method8,1,2,0.0,0,0.0,0,0,1,0,5,0,1,0,0.0,0,0,0,5,0.0,0,2.4,0,0,0.0,0,0.0,0.9,68,57,0.1,10,0,0,0,0,1,9,0,0,0,0,0,0,0,0,0,10,0.19999999999999996,10,1.0,10,0,0,0,10,0,0,10,0,1,0,0,0,0,0,10,10,37,3466,3389,290,0,9,46,1.0,2900,0,23177,27,411,2900,30624
2025-07-10,argo,com.grab.sample.dummy,KDummyClass1,method9,1,2,0.0,0,0.0,0,0,1,0,5,0,1,0,0.0,0,0,0,5,0.0,0,2.4,0,0,0.0,0,0.0,0.9,68,57,0.1,10,0,0,0,0,1,9,0,0,0,0,0,0,0,0,0,10,0.19999999999999996,10,1.0,10,0,0,0,10,0,0,10,0,1,0,0,0,0,0,10,10,37,3466,3389,290,0,9,46,1.0,2900,0,23177,27,411,2900,30624
2025-07-10,argo,com.grab.sample.dummy,KDummyClass1,method10,1,2,0.0,0,0.0,0,0,1,0,5,0,1,0,0.0,0,0,0,5,0.0,0,2.4,0,0,0.0,0,0.0,0.9,68,57,0.1,10,0,0,0,0,1,9,0,0,0,0,0,0,0,0,0,10,0.19999999999999996,10,1.0,10,0,0,0,10,0,0,10,0,1,0,0,0,0,0,10,10,37,3466,3389,290,0,9,46,1.0,2900,0,23177,27,411,2900,30624
2025-07-10,argo,com.grab.sample.dummy,KDummyClass10,method1,1,0,9.0,0,0.0,0,0,1,0,12,0,1,10,0.0,10,0,9,1,0.0,1,2.0,0,9,0.0,0,0.0,0.9,68,57,0.1,10,0,0,0,0,1,9,0,0,0,0,0,0,0,0,0,10,0.19999999999999996,10,1.0,10,0,0,0,10,0,0,10,0,1,0,0,0,0,0,10,10,37,3466,3389,290,0,9,46,1.0,2900,0,23177,27,411,2900,30624
2025-07-10,argo,com.grab.sample.dummy,KDummyClass10,method2,1,2,0.0,0,0.0,0,0,1,0,5,0,1,0,0.0,0,0,0,5,0.0,0,2.4,0,0,0.0,0,0.0,0.9,68,57,0.1,10,0,0,0,0,1,9,0,0,0,0,0,0,0,0,0,10,0.19999999999999996,10,1.0,10,0,0,0,10,0,0,10,0,1,0,0,0,0,0,10,10,37,3466,3389,290,0,9,46,1.0,2900,0,23177,27,411,2900,30624
2025-07-10,argo,com.grab.sample.dummy,KDummyClass10,method3,1,2,0.0,0,0.0,0,0,1,0,5,0,1,0,0.0,0,0,0,5,0.0,0,2.4,0,0,0.0,0,0.0,0.9,68,57,0.1,10,0,0,0,0,1,9,0,0,0,0,0,0,0,0,0,10,0.19999999999999996,10,1.0,10,0,0,0,10,0,0,10,0,1,0,0,0,0,0,10,10,37,3466,3389,290,0,9,46,1.0,2900,0,23177,27,411,2900,30624
2025-07-10,argo,com.grab.sample.dummy,KDummyClass10,method4,1,2,0.0,0,0.0,0,0,1,0,5,0,1,0,0.0,0,0,0,5,0.0,0,2.4,0,0,0.0,0,0.0,0.9,68,57,0.1,10,0,0,0,0,1,9,0,0,0,0,0,0,0,0,0,10,0.19999999999999996,10,1.0,10,0,0,0,10,0,0,10,0,1,0,0,0,0,0,10,10,37,3466,3389,290,0,9,46,1.0,2900,0,23177,27,411,2900,30624
2025-07-10,argo,com.grab.sample.dummy,KDummyClass10,method5,1,2,0.0,0,0.0,0,0,1,0,5,0,1,0,0.0,0,0,0,5,0.0,0,2.4,0,0,0.0,0,0.0,0.9,68,57,0.1,10,0,0,0,0,1,9,0,0,0,0,0,0,0,0,0,10,0.19999999999999996,10,1.0,10,0,0,0,10,0,0,10,0,1,0,0,0,0,0,10,10,37,3466,3389,290,0,9,46,1.0,2900,0,23177,27,411,2900,30624
2025-07-10,argo,com.grab.sample.dummy,KDummyClass10,method6,1,2,0.0,0,0.0,0,0,1,0,5,0,1,0,0.0,0,0,0,5,0.0,0,2.4,0,0,0.0,0,0.0,0.9,68,57,0.1,10,0,0,0,0,1,9,0,0,0,0,0,0,0,0,0,10,0.19999999999999996,10,1.0,10,0,0,0,10,0,0,10,0,1,0,0,0,0,0,10,10,37,3466,3389,290,0,9,46,1.0,2900,0,23177,27,411,2900,30624
2025-07-10,argo,com.grab.sample.dummy,KDummyClass10,method7,1,2,0.0,0,0.0,0,0,1,0,5,0,1,0,0.0,0,0,0,5,0.0,0,2.4,0,0,0.0,0,0.0,0.9,68,57,0.1,10,0,0,0,0,1,9,0,0,0,0,0,0,0,0,0,10,0.19999999999999996,10,1.0,10,0,0,0,10,0,0,10,0,1,0,0,0,0,0,10,10,37,3466,3389,290,0,9,46,1.0,2900,0,23177,27,411,2900,30624
2025-07-10,argo,com.grab.sample.dummy,KDummyClass10,method8,1,2,0.0,0,0.0,0,0,1,0,5,0,1,0,0.0,0,0,0,5,0.0,0,2.4,0,0,0.0,0,0.0,0.9,68,57,0.1,10,0,0,0,0,1,9,0,0,0,0,0,0,0,0,0,10,0.19999999999999996,10,1.0,10,0,0,0,10,0,0,10,0,1,0,0,0,0,0,10,10,37,3466,3389,290,0,9,46,1.0,2900,0,23177,27,411,2900,30624
2025-07-10,argo,com.grab.sample.dummy,KDummyClass10,method9,1,2,0.0,0,0.0,0,0,1,0,5,0,1,0,0.0,0,0,0,5,0.0,0,2.4,0,0,0.0,0,0.0,0.9,68,57,0.1,10,0,0,0,0,1,9,0,0,0,0,0,0,0,0,0,10,0.19999999999999996,10,1.0,10,0,0,0,10,0,0,10,0,1,0,0,0,0,0,10,10,37,3466,3389,290,0,9,46,1.0,2900,0,23177,27,411,2900,30624
2025-07-10,argo,com.grab.sample.dummy,KDummyClass10,method10,1,2,0.0,0,0.0,0,0,1,0,5,0,1,0,0.0,0,0,0,5,0.0,0,2.4,0,0,0.0,0,0.0,0.9,68,57,0.1,10,0,0,0,0,1,9,0,0,0,0,0,0,0,0,0,10,0.19999999999999996,10,1.0,10,0,0,0,10,0,0,10,0,1,0,0,0,0,0,10,10,37,3466,3389,290,0,9,46,1.0,2900,0,23177,27,411,2900,30624
2025-07-10,argo,com.grab.sample.dummy,KDummyClass100,method1,1,0,9.0,0,0.0,0,0,1,0,12,0,1,10,0.0,9,0,9,0,0.0,0,2.0,0,9,0.0,0,0.0,0.9,68,57,0.1,10,0,0,0,0,1,9,0,0,0,0,0,0,0,0,0,10,0.19999999999999996,10,1.0,10,0,0,0,10,0,0,10,0,1,0,0,0,0,0,10,10,37,3466,3389,290,0,9,45,1.0,2900,0,23177,27,411,2900,30624
2025-07-10,argo,com.grab.sample.dummy,KDummyClass100,method2,1,2,0.0,0,0.0,0,0,1,0,5,0,1,0,0.0,0,0,0,5,0.0,0,2.4,0,0,0.0,0,0.0,0.9,68,57,0.1,10,0,0,0,0,1,9,0,0,0,0,0,0,0,0,0,10,0.19999999999999996,10,1.0,10,0,0,0,10,0,0,10,0,1,0,0,0,0,0,10,10,37,3466,3389,290,0,9,45,1.0,2900,0,23177,27,411,2900,30624
2025-07-10,argo,com.grab.sample.dummy,KDummyClass100,method3,1,2,0.0,0,0.0,0,0,1,0,5,0,1,0,0.0,0,0,0,5,0.0,0,2.4,0,0,0.0,0,0.0,0.9,68,57,0.1,10,0,0,0,0,1,9,0,0,0,0,0,0,0,0,0,10,0.19999999999999996,10,1.0,10,0,0,0,10,0,0,10,0,1,0,0,0,0,0,10,10,37,3466,3389,290,0,9,45,1.0,2900,0,23177,27,411,2900,30624
2025-07-10,argo,com.grab.sample.dummy,KDummyClass100,method4,1,2,0.0,0,0.0,0,0,1,0,5,0,1,0,0.0,0,0,0,5,0.0,0,2.4,0,0,0.0,0,0.0,0.9,68,57,0.1,10,0,0,0,0,1,9,0,0,0,0,0,0,0,0,0,10,0.19999999999999996,10,1.0,10,0,0,0,10,0,0,10,0,1,0,0,0,0,0,10,10,37,3466,3389,290,0,9,45,1.0,2900,0,23177,27,411,2900,30624
2025-07-10,argo,com.grab.sample.dummy,KDummyClass100,method5,1,2,0.0,0,0.0,0,0,1,0,5,0,1,0,0.0,0,0,0,5,0.0,0,2.4,0,0,0.0,0,0.0,0.9,68,57,0.1,10,0,0,0,0,1,9,0,0,0,0,0,0,0,0,0,10,0.19999999999999996,10,1.0,10,0,0,0,10,0,0,10,0,1,0,0,0,0,0,10,10,37,3466,3389,290,0,9,45,1.0,2900,0,23177,27,411,2900,30624
2025-07-10,argo,com.grab.sample.dummy,KDummyClass100,method6,1,2,0.0,0,0.0,0,0,1,0,5,0,1,0,0.0,0,0,0,5,0.0,0,2.4,0,0,0.0,0,0.0,0.9,68,57,0.1,10,0,0,0,0,1,9,0,0,0,0,0,0,0,0,0,10,0.19999999999999996,10,1.0,10,0,0,0,10,0,0,10,0,1,0,0,0,0,0,10,10,37,3466,3389,290,0,9,45,1.0,2900,0,23177,27,411,2900,30624
2025-07-10,argo,com.grab.sample.dummy,KDummyClass100,method7,1,2,0.0,0,0.0,0,0,1,0,5,0,1,0,0.0,0,0,0,5,0.0,0,2.4,0,0,0.0,0,0.0,0.9,68,57,0.1,10,0,0,0,0,1,9,0,0,0,0,0,0,0,0,0,10,0.19999999999999996,10,1.0,10,0,0,0,10,0,0,10,0,1,0,0,0,0,0,10,10,37,3466,3389,290,0,9,45,1.0,2900,0,23177,27,411,2900,30624
2025-07-10,argo,com.grab.sample.dummy,KDummyClass100,method8,1,2,0.0,0,0.0,0,0,1,0,5,0,1,0,0.0,0,0,0,5,0.0,0,2.4,0,0,0.0,0,0.0,0.9,68,57,0.1,10,0,0,0,0,1,9,0,0,0,0,0,0,0,0,0,10,0.19999999999999996,10,1.0,10,0,0,0,10,0,0,10,0,1,0,0,0,0,0,10,10,37,3466,3389,290,0,9,45,1.0,2900,0,23177,27,411,2900,30624
2025-07-10,argo,com.grab.sample.dummy,KDummyClass100,method9,1,2,0.0,0,0.0,0,0,1,0,5,0,1,0,0.0,0,0,0,5,0.0,0,2.4,0,0,0.0,0,0.0,0.9,68,57,0.1,10,0,0,0,0,1,9,0,0,0,0,0,0,0,0,0,10,0.19999999999999996,10,1.0,10,0,0,0,10,0,0,10,0,1,0,0,0,0,0,10,10,37,3466,3389,290,0,9,45,1.0,2900,0,23177,27,411,2900,30624
2025-07-10,argo,com.grab.sample.dummy,KDummyClass100,method10,1,2,0.0,0,0.0,0,0,1,0,5,0,1,0,0.0,0,0,0,5,0.0,0,2.4,0,0,0.0,0,0.0,0.9,68,57,0.1,10,0,0,0,0,1,9,0,0,0,0,0,0,0,0,0,10,0.19999999999999996,10,1.0,10,0,0,0,10,0,0,10,0,1,0,0,0,0,0,10,10,37,3466,3389,290,0,9,45,1.0,2900,0,23177,27,411,2900,30624
2025-07-10,argo,com.grab.sample.dummy,KDummyClass11,method1,1,0,9.0,0,0.0,0,0,1,0,12,0,1,10,0.0,10,0,9,1,0.0,1,2.0,0,9,0.0,0,0.0,0.9,68,57,0.1,10,0,0,0,0,1,9,0,0,0,0,0,0,0,0,0,10,0.19999999999999996,10,1.0,10,0,0,0,10,0,0,10,0,1,0,0,0,0,0,10,10,37,3466,3389,290,0,9,46,1.0,2900,0,23177,27,411,2900,30624
2025-07-10,argo,com.grab.sample.dummy,KDummyClass11,method2,1,2,0.0,0,0.0,0,0,1,0,5,0,1,0,0.0,0,0,0,5,0.0,0,2.4,0,0,0.0,0,0.0,0.9,68,57,0.1,10,0,0,0,0,1,9,0,0,0,0,0,0,0,0,0,10,0.19999999999999996,10,1.0,10,0,0,0,10,0,0,10,0,1,0,0,0,0,0,10,10,37,3466,3389,290,0,9,46,1.0,2900,0,23177,27,411,2900,30624
2025-07-10,argo,com.grab.sample.dummy,KDummyClass11,method3,1,2,0.0,0,0.0,0,0,1,0,5,0,1,0,0.0,0,0,0,5,0.0,0,2.4,0,0,0.0,0,0.0,0.9,68,57,0.1,10,0,0,0,0,1,9,0,0,0,0,0,0,0,0,0,10,0.19999999999999996,10,1.0,10,0,0,0,10,0,0,10,0,1,0,0,0,0,0,10,10,37,3466,3389,290,0,9,46,1.0,2900,0,23177,27,411,2900,30624
2025-07-10,argo,com.grab.sample.dummy,KDummyClass11,method4,1,2,0.0,0,0.0,0,0,1,0,5,0,1,0,0.0,0,0,0,5,0.0,0,2.4,0,0,0.0,0,0.0,0.9,68,57,0.1,10,0,0,0,0,1,9,0,0,0,0,0,0,0,0,0,10,0.19999999999999996,10,1.0,10,0,0,0,10,0,0,10,0,1,0,0,0,0,0,10,10,37,3466,3389,290,0,9,46,1.0,2900,0,23177,27,411,2900,30624
2025-07-10,argo,com.grab.sample.dummy,KDummyClass11,method5,1,2,0.0,0,0.0,0,0,1,0,5,0,1,0,0.0,0,0,0,5,0.0,0,2.4,0,0,0.0,0,0.0,0.9,68,57,0.1,10,0,0,0,0,1,9,0,0,0,0,0,0,0,0,0,10,0.19999999999999996,10,1.0,10,0,0,0,10,0,0,10,0,1,0,0,0,0,0,10,10,37,3466,3389,290,0,9,46,1.0,2900,0,23177,27,411,2900,30624
2025-07-10,argo,com.grab.sample.dummy,KDummyClass11,method6,1,2,0.0,0,0.0,0,0,1,0,5,0,1,0,0.0,0,0,0,5,0.0,0,2.4,0,0,0.0,0,0.0,0.9,68,57,0.1,10,0,0,0,0,1,9,0,0,0,0,0,0,0,0,0,10,0.19999999999999996,10,1.0,10,0,0,0,10,0,0,10,0,1,0,0,0,0,0,10,10,37,3466,3389,290,0,9,46,1.0,2900,0,23177,27,411,2900,30624
2025-07-10,argo,com.grab.sample.dummy,KDummyClass11,method7,1,2,0.0,0,0.0,0,0,1,0,5,0,1,0,0.0,0,0,0,5,0.0,0,2.4,0,0,0.0,0,0.0,0.9,68,57,0.1,10,0,0,0,0,1,9,0,0,0,0,0,0,0,0,0,10,0.19999999999999996,10,1.0,10,0,0,0,10,0,0,10,0,1,0,0,0,0,0,10,10,37,3466,3389,290,0,9,46,1.0,2900,0,23177,27,411,2900,30624
2025-07-10,argo,com.grab.sample.dummy,KDummyClass11,method8,1,2,0.0,0,0.0,0,0,1,0,5,0,1,0,0.0,0,0,0,5,0.0,0,2.4,0,0,0.0,0,0.0,0.9,68,57,0.1,10,0,0,0,0,1,9,0,0,0,0,0,0,0,0,0,10,0.19999999999999996,10,1.0,10,0,0,0,10,0,0,10,0,1,0,0,0,0,0,10,10,37,3466,3389,290,0,9,46,1.0,2900,0,23177,27,411,2900,30624
2025-07-10,argo,com.grab.sample.dummy,KDummyClass11,method9,1,2,0.0,0,0.0,0,0,1,0,5,0,1,0,0.0,0,0,0,5,0.0,0,2.4,0,0,0.0,0,0.0,0.9,68,57,0.1,10,0,0,0,0,1,9,0,0,0,0,0,0,0,0,0,10,0.19999999999999996,10,1.0,10,0,0,0,10,0,0,10,0,1,0,0,0,0,0,10,10,37,3466,3389,290,0,9,46,1.0,2900,0,23177,27,411,2900,30624
2025-07-10,argo,com.grab.sample.dummy,KDummyClass11,method10,1,2,0.0,0,0.0,0,0,1,0,5,0,1,0,0.0,0,0,0,5,0.0,0,2.4,0,0,0.0,0,0.0,0.9,68,57,0.1,10,0,0,0,0,1,9,0,0,0,0,0,0,0,0,0,10,0.19999999999999996,10,1.0,10,0,0,0,10,0,0,10,0,1,0,0,0,0,0,10,10,37,3466,3389,290,0,9,46,1.0,2900,0,23177,27,411,2900,30624
2025-07-10,argo,com.grab.sample.dummy,KDummyClass12,method1,1,0,9.0,0,0.0,0,0,1,0,12,0,1,10,0.0,10,0,9,1,0.0,1,2.0,0,9,0.0,0,0.0,0.9,68,57,0.1,10,0,0,0,0,1,9,0,0,0,0,0,0,0,0,0,10,0.19999999999999996,10,1.0,10,0,0,0,10,0,0,10,0,1,0,0,0,0,0,10,10,37,3466,3389,290,0,9,46,1.0,2900,0,23177,27,411,2900,30624
2025-07-10,argo,com.grab.sample.dummy,KDummyClass12,method2,1,2,0.0,0,0.0,0,0,1,0,5,0,1,0,0.0,0,0,0,5,0.0,0,2.4,0,0,0.0,0,0.0,0.9,68,57,0.1,10,0,0,0,0,1,9,0,0,0,0,0,0,0,0,0,10,0.19999999999999996,10,1.0,10,0,0,0,10,0,0,10,0,1,0,0,0,0,0,10,10,37,3466,3389,290,0,9,46,1.0,2900,0,23177,27,411,2900,30624
2025-07-10,argo,com.grab.sample.dummy,KDummyClass12,method3,1,2,0.0,0,0.0,0,0,1,0,5,0,1,0,0.0,0,0,0,5,0.0,0,2.4,0,0,0.0,0,0.0,0.9,68,57,0.1,10,0,0,0,0,1,9,0,0,0,0,0,0,0,0,0,10,0.19999999999999996,10,1.0,10,0,0,0,10,0,0,10,0,1,0,0,0,0,0,10,10,37,3466,3389,290,0,9,46,1.0,2900,0,23177,27,411,2900,30624
2025-07-10,argo,com.grab.sample.dummy,KDummyClass12,method4,1,2,0.0,0,0.0,0,0,1,0,5,0,1,0,0.0,0,0,0,5,0.0,0,2.4,0,0,0.0,0,0.0,0.9,68,57,0.1,10,0,0,0,0,1,9,0,0,0,0,0,0,0,0,0,10,0.19999999999999996,10,1.0,10,0,0,0,10,0,0,10,0,1,0,0,0,0,0,10,10,37,3466,3389,290,0,9,46,1.0,2900,0,23177,27,411,2900,30624
2025-07-10,argo,com.grab.sample.dummy,KDummyClass12,method5,1,2,0.0,0,0.0,0,0,1,0,5,0,1,0,0.0,0,0,0,5,0.0,0,2.4,0,0,0.0,0,0.0,0.9,68,57,0.1,10,0,0,0,0,1,9,0,0,0,0,0,0,0,0,0,10,0.19999999999999996,10,1.0,10,0,0,0,10,0,0,10,0,1,0,0,0,0,0,10,10,37,3466,3389,290,0,9,46,1.0,2900,0,23177,27,411,2900,30624
2025-07-10,argo,com.grab.sample.dummy,KDummyClass12,method6,1,2,0.0,0,0.0,0,0,1,0,5,0,1,0,0.0,0,0,0,5,0.0,0,2.4,0,0,0.0,0,0.0,0.9,68,57,0.1,10,0,0,0,0,1,9,0,0,0,0,0,0,0,0,0,10,0.19999999999999996,10,1.0,10,0,0,0,10,0,0,10,0,1,0,0,0,0,0,10,10,37,3466,3389,290,0,9,46,1.0,2900,0,23177,27,411,2900,30624
2025-07-10,argo,com.grab.sample.dummy,KDummyClass12,method7,1,2,0.0,0,0.0,0,0,1,0,5,0,1,0,0.0,0,0,0,5,0.0,0,2.4,0,0,0.0,0,0.0,0.9,68,57,0.1,10,0,0,0,0,1,9,0,0,0,0,0,0,0,0,0,10,0.19999999999999996,10,1.0,10,0,0,0,10,0,0,10,0,1,0,0,0,0,0,10,10,37,3466,3389,290,0,9,46,1.0,2900,0,23177,27,411,2900,30624
2025-07-10,argo,com.grab.sample.dummy,KDummyClass12,method8,1,2,0.0,0,0.0,0,0,1,0,5,0,1,0,0.0,0,0,0,5,0.0,0,2.4,0,0,0.0,0,0.0,0.9,68,57,0.1,10,0,0,0,0,1,9,0,0,0,0,0,0,0,0,0,10,0.19999999999999996,10,1.0,10,0,0,0,10,0,0,10,0,1,0,0,0,0,0,10,10,37,3466,3389,290,0,9,46,1.0,2900,0,23177,27,411,2900,30624
2025-07-10,argo,com.grab.sample.dummy,KDummyClass12,method9,1,2,0.0,0,0.0,0,0,1,0,5,0,1,0,0.0,0,0,0,5,0.0,0,2.4,0,0,0.0,0,0.0,0.9,68,57,0.1,10,0,0,0,0,1,9,0,0,0,0,0,0,0,0,0,10,0.19999999999999996,10,1.0,10,0,0,0,10,0,0,10,0,1,0,0,0,0,0,10,10,37,3466,3389,290,0,9,46,1.0,2900,0,23177,27,411,2900,30624
2025-07-10,argo,com.grab.sample.dummy,KDummyClass12,method10,1,2,0.0,0,0.0,0,0,1,0,5,0,1,0,0.0,0,0,0,5,0.0,0,2.4,0,0,0.0,0,0.0,0.9,68,57,0.1,10,0,0,0,0,1,9,0,0,0,0,0,0,0,0,0,10,0.19999999999999996,10,1.0,10,0,0,0,10,0,0,10,0,1,0,0,0,0,0,10,10,37,3466,3389,290,0,9,46,1.0,2900,0,23177,27,411,2900,30624
2025-07-10,argo,com.grab.sample.dummy,KDummyClass13,method1,1,0,9.0,0,0.0,0,0,1,0,12,0,1,10,0.0,10,0,9,1,0.0,1,2.0,0,9,0.0,0,0.0,0.9,68,57,0.1,10,0,0,0,0,1,9,0,0,0,0,0,0,0,0,0,10,0.19999999999999996,10,1.0,10,0,0,0,10,0,0,10,0,1,0,0,0,0,0,10,10,37,3466,3389,290,0,9,46,1.0,2900,0,23177,27,411,2900,30624
2025-07-10,argo,com.grab.sample.dummy,KDummyClass13,method2,1,2,0.0,0,0.0,0,0,1,0,5,0,1,0,0.0,0,0,0,5,0.0,0,2.4,0,0,0.0,0,0.0,0.9,68,57,0.1,10,0,0,0,0,1,9,0,0,0,0,0,0,0,0,0,10,0.19999999999999996,10,1.0,10,0,0,0,10,0,0,10,0,1,0,0,0,0,0,10,10,37,3466,3389,290,0,9,46,1.0,2900,0,23177,27,411,2900,30624
2025-07-10,argo,com.grab.sample.dummy,KDummyClass13,method3,1,2,0.0,0,0.0,0,0,1,0,5,0,1,0,0.0,0,0,0,5,0.0,0,2.4,0,0,0.0,0,0.0,0.9,68,57,0.1,10,0,0,0,0,1,9,0,0,0,0,0,0,0,0,0,10,0.19999999999999996,10,1.0,10,0,0,0,10,0,0,10,0,1,0,0,0,0,0,10,10,37,3466,3389,290,0,9,46,1.0,2900,0,23177,27,411,2900,30624
2025-07-10,argo,com.grab.sample.dummy,KDummyClass13,method4,1,2,0.0,0,0.0,0,0,1,0,5,0,1,0,0.0,0,0,0,5,0.0,0,2.4,0,0,0.0,0,0.0,0.9,68,57,0.1,10,0,0,0,0,1,9,0,0,0,0,0,0,0,0,0,10,0.19999999999999996,10,1.0,10,0,0,0,10,0,0,10,0,1,0,0,0,0,0,10,10,37,3466,3389,290,0,9,46,1.0,2900,0,23177,27,411,2900,30624
2025-07-10,argo,com.grab.sample.dummy,KDummyClass13,method5,1,2,0.0,0,0.0,0,0,1,0,5,0,1,0,0.0,0,0,0,5,0.0,0,2.4,0,0,0.0,0,0.0,0.9,68,57,0.1,10,0,0,0,0,1,9,0,0,0,0,0,0,0,0,0,10,0.19999999999999996,10,1.0,10,0,0,0,10,0,0,10,0,1,0,0,0,0,0,10,10,37,3466,3389,290,0,9,46,1.0,2900,0,23177,27,411,2900,30624
2025-07-10,argo,com.grab.sample.dummy,KDummyClass13,method6,1,2,0.0,0,0.0,0,0,1,0,5,0,1,0,0.0,0,0,0,5,0.0,0,2.4,0,0,0.0,0,0.0,0.9,68,57,0.1,10,0,0,0,0,1,9,0,0,0,0,0,0,0,0,0,10,0.19999999999999996,10,1.0,10,0,0,0,10,0,0,10,0,1,0,0,0,0,0,10,10,37,3466,3389,290,0,9,46,1.0,2900,0,23177,27,411,2900,30624
2025-07-10,argo,com.grab.sample.dummy,KDummyClass13,method7,1,2,0.0,0,0.0,0,0,1,0,5,0,1,0,0.0,0,0,0,5,0.0,0,2.4,0,0,0.0,0,0.0,0.9,68,57,0.1,10,0,0,0,0,1,9,0,0,0,0,0,0,0,0,0,10,0.19999999999999996,10,1.0,10,0,0,0,10,0,0,10,0,1,0,0,0,0,0,10,10,37,3466,3389,290,0,9,46,1.0,2900,0,23177,27,411,2900,30624
2025-07-10,argo,com.grab.sample.dummy,KDummyClass13,method8,1,2,0.0,0,0.0,0,0,1,0,5,0,1,0,0.0,0,0,0,5,0.0,0,2.4,0,0,0.0,0,0.0,0.9,68,57,0.1,10,0,0,0,0,1,9,0,0,0,0,0,0,0,0,0,10,0.19999999999999996,10,1.0,10,0,0,0,10,0,0,10,0,1,0,0,0,0,0,10,10,37,3466,3389,290,0,9,46,1.0,2900,0,23177,27,411,2900,30624
2025-07-10,argo,com.grab.sample.dummy,KDummyClass13,method9,1,2,0.0,0,0.0,0,0,1,0,5,0,1,0,0.0,0,0,0,5,0.0,0,2.4,0,0,0.0,0,0.0,0.9,68,57,0.1,10,0,0,0,0,1,9,0,0,0,0,0,0,0,0,0,10,0.19999999999999996,10,1.0,10,0,0,0,10,0,0,10,0,1,0,0,0,0,0,10,10,37,3466,3389,290,0,9,46,1.0,2900,0,23177,27,411,2900,30624
2025-07-10,argo,com.grab.sample.dummy,KDummyClass13,method10,1,2,0.0,0,0.0,0,0,1,0,5,0,1,0,0.0,0,0,0,5,0.0,0,2.4,0,0,0.0,0,0.0,0.9,68,57,0.1,10,0,0,0,0,1,9,0,0,0,0,0,0,0,0,0,10,0.19999999999999996,10,1.0,10,0,0,0,10,0,0,10,0,1,0,0,0,0,0,10,10,37,3466,3389,290,0,9,46,1.0,2900,0,23177,27,411,2900,30624
2025-07-10,argo,com.grab.sample.dummy,KDummyClass14,method1,1,0,9.0,0,0.0,0,0,1,0,12,0,1,10,0.0,10,0,9,1,0.0,1,2.0,0,9,0.0,0,0.0,0.9,68,57,0.1,10,0,0,0,0,1,9,0,0,0,0,0,0,0,0,0,10,0.19999999999999996,10,1.0,10,0,0,0,10,0,0,10,0,1,0,0,0,0,0,10,10,37,3466,3389,290,0,9,46,1.0,2900,0,23177,27,411,2900,30624
2025-07-10,argo,com.grab.sample.dummy,KDummyClass14,method2,1,2,0.0,0,0.0,0,0,1,0,5,0,1,0,0.0,0,0,0,5,0.0,0,2.4,0,0,0.0,0,0.0,0.9,68,57,0.1,10,0,0,0,0,1,9,0,0,0,0,0,0,0,0,0,10,0.19999999999999996,10,1.0,10,0,0,0,10,0,0,10,0,1,0,0,0,0,0,10,10,37,3466,3389,290,0,9,46,1.0,2900,0,23177,27,411,2900,30624
2025-07-10,argo,com.grab.sample.dummy,KDummyClass14,method3,1,2,0.0,0,0.0,0,0,1,0,5,0,1,0,0.0,0,0,0,5,0.0,0,2.4,0,0,0.0,0,0.0,0.9,68,57,0.1,10,0,0,0,0,1,9,0,0,0,0,0,0,0,0,0,10,0.19999999999999996,10,1.0,10,0,0,0,10,0,0,10,0,1,0,0,0,0,0,10,10,37,3466,3389,290,0,9,46,1.0,2900,0,23177,27,411,2900,30624
2025-07-10,argo,com.grab.sample.dummy,KDummyClass14,method4,1,2,0.0,0,0.0,0,0,1,0,5,0,1,0,0.0,0,0,0,5,0.0,0,2.4,0,0,0.0,0,0.0,0.9,68,57,0.1,10,0,0,0,0,1,9,0,0,0,0,0,0,0,0,0,10,0.19999999999999996,10,1.0,10,0,0,0,10,0,0,10,0,1,0,0,0,0,0,10,10,37,3466,3389,290,0,9,46,1.0,2900,0,23177,27,411,2900,30624
2025-07-10,argo,com.grab.sample.dummy,KDummyClass14,method5,1,2,0.0,0,0.0,0,0,1,0,5,0,1,0,0.0,0,0,0,5,0.0,0,2.4,0,0,0.0,0,0.0,0.9,68,57,0.1,10,0,0,0,0,1,9,0,0,0,0,0,0,0,0,0,10,0.19999999999999996,10,1.0,10,0,0,0,10,0,0,10,0,1,0,0,0,0,0,10,10,37,3466,3389,290,0,9,46,1.0,2900,0,23177,27,411,2900,30624
2025-07-10,argo,com.grab.sample.dummy,KDummyClass14,method6,1,2,0.0,0,0.0,0,0,1,0,5,0,1,0,0.0,0,0,0,5,0.0,0,2.4,0,0,0.0,0,0.0,0.9,68,57,0.1,10,0,0,0,0,1,9,0,0,0,0,0,0,0,0,0,10,0.19999999999999996,10,1.0,10,0,0,0,10,0,0,10,0,1,0,0,0,0,0,10,10,37,3466,3389,290,0,9,46,1.0,2900,0,23177,27,411,2900,30624
2025-07-10,argo,com.grab.sample.dummy,KDummyClass14,method7,1,2,0.0,0,0.0,0,0,1,0,5,0,1,0,0.0,0,0,0,5,0.0,0,2.4,0,0,0.0,0,0.0,0.9,68,57,0.1,10,0,0,0,0,1,9,0,0,0,0,0,0,0,0,0,10,0.19999999999999996,10,1.0,10,0,0,0,10,0,0,10,0,1,0,0,0,0,0,10,10,37,3466,3389,290,0,9,46,1.0,2900,0,23177,27,411,2900,30624
2025-07-10,argo,com.grab.sample.dummy,KDummyClass14,method8,1,2,0.0,0,0.0,0,0,1,0,5,0,1,0,0.0,0,0,0,5,0.0,0,2.4,0,0,0.0,0,0.0,0.9,68,57,0.1,10,0,0,0,0,1,9,0,0,0,0,0,0,0,0,0,10,0.19999999999999996,10,1.0,10,0,0,0,10,0,0,10,0,1,0,0,0,0,0,10,10,37,3466,3389,290,0,9,46,1.0,2900,0,23177,27,411,2900,30624
2025-07-10,argo,com.grab.sample.dummy,KDummyClass14,method9,1,2,0.0,0,0.0,0,0,1,0,5,0,1,0,0.0,0,0,0,5,0.0,0,2.4,0,0,0.0,0,0.0,0.9,68,57,0.1,10,0,0,0,0,1,9,0,0,0,0,0,0,0,0,0,10,0.19999999999999996,10,1.0,10,0,0,0,10,0,0,10,0,1,0,0,0,0,0,10,10,37,3466,3389,290,0,9,46,1.0,2900,0,23177,27,411,2900,30624
2025-07-10,argo,com.grab.sample.dummy,KDummyClass14,method10,1,2,0.0,0,0.0,0,0,1,0,5,0,1,0,0.0,0,0,0,5,0.0,0,2.4,0,0,0.0,0,0.0,0.9,68,57,0.1,10,0,0,0,0,1,9,0,0,0,0,0,0,0,0,0,10,0.19999999999999996,10,1.0,10,0,0,0,10,0,0,10,0,1,0,0,0,0,0,10,10,37,3466,3389,290,0,9,46,1.0,2900,0,23177,27,411,2900,30624
2025-07-10,argo,com.grab.sample.dummy,KDummyClass15,method1,1,0,9.0,0,0.0,0,0,1,0,12,0,1,10,0.0,10,0,9,1,0.0,1,2.0,0,9,0.0,0,0.0,0.9,68,57,0.1,10,0,0,0,0,1,9,0,0,0,0,0,0,0,0,0,10,0.19999999999999996,10,1.0,10,0,0,0,10,0,0,10,0,1,0,0,0,0,0,10,10,37,3466,3389,290,0,9,46,1.0,2900,0,23177,27,411,2900,30624
2025-07-10,argo,com.grab.sample.dummy,KDummyClass15,method2,1,2,0.0,0,0.0,0,0,1,0,5,0,1,0,0.0,0,0,0,5,0.0,0,2.4,0,0,0.0,0,0.0,0.9,68,57,0.1,10,0,0,0,0,1,9,0,0,0,0,0,0,0,0,0,10,0.19999999999999996,10,1.0,10,0,0,0,10,0,0,10,0,1,0,0,0,0,0,10,10,37,3466,3389,290,0,9,46,1.0,2900,0,23177,27,411,2900,30624
2025-07-10,argo,com.grab.sample.dummy,KDummyClass15,method3,1,2,0.0,0,0.0,0,0,1,0,5,0,1,0,0.0,0,0,0,5,0.0,0,2.4,0,0,0.0,0,0.0,0.9,68,57,0.1,10,0,0,0,0,1,9,0,0,0,0,0,0,0,0,0,10,0.19999999999999996,10,1.0,10,0,0,0,10,0,0,10,0,1,0,0,0,0,0,10,10,37,3466,3389,290,0,9,46,1.0,2900,0,23177,27,411,2900,30624
2025-07-10,argo,com.grab.sample.dummy,KDummyClass15,method4,1,2,0.0,0,0.0,0,0,1,0,5,0,1,0,0.0,0,0,0,5,0.0,0,2.4,0,0,0.0,0,0.0,0.9,68,57,0.1,10,0,0,0,0,1,9,0,0,0,0,0,0,0,0,0,10,0.19999999999999996,10,1.0,10,0,0,0,10,0,0,10,0,1,0,0,0,0,0,10,10,37,3466,3389,290,0,9,46,1.0,2900,0,23177,27,411,2900,30624
2025-07-10,argo,com.grab.sample.dummy,KDummyClass15,method5,1,2,0.0,0,0.0,0,0,1,0,5,0,1,0,0.0,0,0,0,5,0.0,0,2.4,0,0,0.0,0,0.0,0.9,68,57,0.1,10,0,0,0,0,1,9,0,0,0,0,0,0,0,0,0,10,0.19999999999999996,10,1.0,10,0,0,0,10,0,0,10,0,1,0,0,0,0,0,10,10,37,3466,3389,290,0,9,46,1.0,2900,0,23177,27,411,2900,30624
2025-07-10,argo,com.grab.sample.dummy,KDummyClass15,method6,1,2,0.0,0,0.0,0,0,1,0,5,0,1,0,0.0,0,0,0,5,0.0,0,2.4,0,0,0.0,0,0.0,0.9,68,57,0.1,10,0,0,0,0,1,9,0,0,0,0,0,0,0,0,0,10,0.19999999999999996,10,1.0,10,0,0,0,10,0,0,10,0,1,0,0,0,0,0,10,10,37,3466,3389,290,0,9,46,1.0,2900,0,23177,27,411,2900,30624
2025-07-10,argo,com.grab.sample.dummy,KDummyClass15,method7,1,2,0.0,0,0.0,0,0,1,0,5,0,1,0,0.0,0,0,0,5,0.0,0,2.4,0,0,0.0,0,0.0,0.9,68,57,0.1,10,0,0,0,0,1,9,0,0,0,0,0,0,0,0,0,10,0.19999999999999996,10,1.0,10,0,0,0,10,0,0,10,0,1,0,0,0,0,0,10,10,37,3466,3389,290,0,9,46,1.0,2900,0,23177,27,411,2900,30624
2025-07-10,argo,com.grab.sample.dummy,KDummyClass15,method8,1,2,0.0,0,0.0,0,0,1,0,5,0,1,0,0.0,0,0,0,5,0.0,0,2.4,0,0,0.0,0,0.0,0.9,68,57,0.1,10,0,0,0,0,1,9,0,0,0,0,0,0,0,0,0,10,0.19999999999999996,10,1.0,10,0,0,0,10,0,0,10,0,1,0,0,0,0,0,10,10,37,3466,3389,290,0,9,46,1.0,2900,0,23177,27,411,2900,30624
2025-07-10,argo,com.grab.sample.dummy,KDummyClass15,method9,1,2,0.0,0,0.0,0,0,1,0,5,0,1,0,0.0,0,0,0,5,0.0,0,2.4,0,0,0.0,0,0.0,0.9,68,57,0.1,10,0,0,0,0,1,9,0,0,0,0,0,0,0,0,0,10,0.19999999999999996,10,1.0,10,0,0,0,10,0,0,10,0,1,0,0,0,0,0,10,10,37,3466,3389,290,0,9,46,1.0,2900,0,23177,27,411,2900,30624
2025-07-10,argo,com.grab.sample.dummy,KDummyClass15,method10,1,2,0.0,0,0.0,0,0,1,0,5,0,1,0,0.0,0,0,0,5,0.0,0,2.4,0,0,0.0,0,0.0,0.9,68,57,0.1,10,0,0,0,0,1,9,0,0,0,0,0,0,0,0,0,10,0.19999999999999996,10,1.0,10,0,0,0,10,0,0,10,0,1,0,0,0,0,0,10,10,37,3466,3389,290,0,9,46,1.0,2900,0,23177,27,411,2900,30624
2025-07-10,argo,com.grab.sample.dummy,KDummyClass16,method1,1,0,9.0,0,0.0,0,0,1,0,12,0,1,10,0.0,10,0,9,1,0.0,1,2.0,0,9,0.0,0,0.0,0.9,68,57,0.1,10,0,0,0,0,1,9,0,0,0,0,0,0,0,0,0,10,0.19999999999999996,10,1.0,10,0,0,0,10,0,0,10,0,1,0,0,0,0,0,10,10,37,3466,3389,290,0,9,46,1.0,2900,0,23177,27,411,2900,30624
2025-07-10,argo,com.grab.sample.dummy,KDummyClass16,method2,1,2,0.0,0,0.0,0,0,1,0,5,0,1,0,0.0,0,0,0,5,0.0,0,2.4,0,0,0.0,0,0.0,0.9,68,57,0.1,10,0,0,0,0,1,9,0,0,0,0,0,0,0,0,0,10,0.19999999999999996,10,1.0,10,0,0,0,10,0,0,10,0,1,0,0,0,0,0,10,10,37,3466,3389,290,0,9,46,1.0,2900,0,23177,27,411,2900,30624
2025-07-10,argo,com.grab.sample.dummy,KDummyClass16,method3,1,2,0.0,0,0.0,0,0,1,0,5,0,1,0,0.0,0,0,0,5,0.0,0,2.4,0,0,0.0,0,0.0,0.9,68,57,0.1,10,0,0,0,0,1,9,0,0,0,0,0,0,0,0,0,10,0.19999999999999996,10,1.0,10,0,0,0,10,0,0,10,0,1,0,0,0,0,0,10,10,37,3466,3389,290,0,9,46,1.0,2900,0,23177,27,411,2900,30624
2025-07-10,argo,com.grab.sample.dummy,KDummyClass16,method4,1,2,0.0,0,0.0,0,0,1,0,5,0,1,0,0.0,0,0,0,5,0.0,0,2.4,0,0,0.0,0,0.0,0.9,68,57,0.1,10,0,0,0,0,1,9,0,0,0,0,0,0,0,0,0,10,0.19999999999999996,10,1.0,10,0,0,0,10,0,0,10,0,1,0,0,0,0,0,10,10,37,3466,3389,290,0,9,46,1.0,2900,0,23177,27,411,2900,30624
2025-07-10,argo,com.grab.sample.dummy,KDummyClass16,method5,1,2,0.0,0,0.0,0,0,1,0,5,0,1,0,0.0,0,0,0,5,0.0,0,2.4,0,0,0.0,0,0.0,0.9,68,57,0.1,10,0,0,0,0,1,9,0,0,0,0,0,0,0,0,0,10,0.19999999999999996,10,1.0,10,0,0,0,10,0,0,10,0,1,0,0,0,0,0,10,10,37,3466,3389,290,0,9,46,1.0,2900,0,23177,27,411,2900,30624
2025-07-10,argo,com.grab.sample.dummy,KDummyClass16,method6,1,2,0.0,0,0.0,0,0,1,0,5,0,1,0,0.0,0,0,0,5,0.0,0,2.4,0,0,0.0,0,0.0,0.9,68,57,0.1,10,0,0,0,0,1,9,0,0,0,0,0,0,0,0,0,10,0.19999999999999996,10,1.0,10,0,0,0,10,0,0,10,0,1,0,0,0,0,0,10,10,37,3466,3389,290,0,9,46,1.0,2900,0,23177,27,411,2900,30624
2025-07-10,argo,com.grab.sample.dummy,KDummyClass16,method7,1,2,0.0,0,0.0,0,0,1,0,5,0,1,0,0.0,0,0,0,5,0.0,0,2.4,0,0,0.0,0,0.0,0.9,68,57,0.1,10,0,0,0,0,1,9,0,0,0,0,0,0,0,0,0,10,0.19999999999999996,10,1.0,10,0,0,0,10,0,0,10,0,1,0,0,0,0,0,10,10,37,3466,3389,290,0,9,46,1.0,2900,0,23177,27,411,2900,30624
2025-07-10,argo,com.grab.sample.dummy,KDummyClass16,method8,1,2,0.0,0,0.0,0,0,1,0,5,0,1,0,0.0,0,0,0,5,0.0,0,2.4,0,0,0.0,0,0.0,0.9,68,57,0.1,10,0,0,0,0,1,9,0,0,0,0,0,0,0,0,0,10,0.19999999999999996,10,1.0,10,0,0,0,10,0,0,10,0,1,0,0,0,0,0,10,10,37,3466,3389,290,0,9,46,1.0,2900,0,23177,27,411,2900,30624
2025-07-10,argo,com.grab.sample.dummy,KDummyClass16,method9,1,2,0.0,0,0.0,0,0,1,0,5,0,1,0,0.0,0,0,0,5,0.0,0,2.4,0,0,0.0,0,0.0,0.9,68,57,0.1,10,0,0,0,0,1,9,0,0,0,0,0,0,0,0,0,10,0.19999999999999996,10,1.0,10,0,0,0,10,0,0,10,0,1,0,0,0,0,0,10,10,37,3466,3389,290,0,9,46,1.0,2900,0,23177,27,411,2900,30624
2025-07-10,argo,com.grab.sample.dummy,KDummyClass16,method10,1,2,0.0,0,0.0,0,0,1,0,5,0,1,0,0.0,0,0,0,5,0.0,0,2.4,0,0,0.0,0,0.0,0.9,68,57,0.1,10,0,0,0,0,1,9,0,0,0,0,0,0,0,0,0,10,0.19999999999999996,10,1.0,10,0,0,0,10,0,0,10,0,1,0,0,0,0,0,10,10,37,3466,3389,290,0,9,46,1.0,2900,0,23177,27,411,2900,30624
2025-07-10,argo,com.grab.sample.dummy,KDummyClass17,method1,1,0,9.0,0,0.0,0,0,1,0,12,0,1,10,0.0,10,0,9,1,0.0,1,2.0,0,9,0.0,0,0.0,0.9,68,57,0.1,10,0,0,0,0,1,9,0,0,0,0,0,0,0,0,0,10,0.19999999999999996,10,1.0,10,0,0,0,10,0,0,10,0,1,0,0,0,0,0,10,10,37,3466,3389,290,0,9,46,1.0,2900,0,23177,27,411,2900,30624
2025-07-10,argo,com.grab.sample.dummy,KDummyClass17,method2,1,2,0.0,0,0.0,0,0,1,0,5,0,1,0,0.0,0,0,0,5,0.0,0,2.4,0,0,0.0,0,0.0,0.9,68,57,0.1,10,0,0,0,0,1,9,0,0,0,0,0,0,0,0,0,10,0.19999999999999996,10,1.0,10,0,0,0,10,0,0,10,0,1,0,0,0,0,0,10,10,37,3466,3389,290,0,9,46,1.0,2900,0,23177,27,411,2900,30624
2025-07-10,argo,com.grab.sample.dummy,KDummyClass17,method3,1,2,0.0,0,0.0,0,0,1,0,5,0,1,0,0.0,0,0,0,5,0.0,0,2.4,0,0,0.0,0,0.0,0.9,68,57,0.1,10,0,0,0,0,1,9,0,0,0,0,0,0,0,0,0,10,0.19999999999999996,10,1.0,10,0,0,0,10,0,0,10,0,1,0,0,0,0,0,10,10,37,3466,3389,290,0,9,46,1.0,2900,0,23177,27,411,2900,30624
2025-07-10,argo,com.grab.sample.dummy,KDummyClass17,method4,1,2,0.0,0,0.0,0,0,1,0,5,0,1,0,0.0,0,0,0,5,0.0,0,2.4,0,0,0.0,0,0.0,0.9,68,57,0.1,10,0,0,0,0,1,9,0,0,0,0,0,0,0,0,0,10,0.19999999999999996,10,1.0,10,0,0,0,10,0,0,10,0,1,0,0,0,0,0,10,10,37,3466,3389,290,0,9,46,1.0,2900,0,23177,27,411,2900,30624
2025-07-10,argo,com.grab.sample.dummy,KDummyClass17,method5,1,2,0.0,0,0.0,0,0,1,0,5,0,1,0,0.0,0,0,0,5,0.0,0,2.4,0,0,0.0,0,0.0,0.9,68,57,0.1,10,0,0,0,0,1,9,0,0,0,0,0,0,0,0,0,10,0.19999999999999996,10,1.0,10,0,0,0,10,0,0,10,0,1,0,0,0,0,0,10,10,37,3466,3389,290,0,9,46,1.0,2900,0,23177,27,411,2900,30624
2025-07-10,argo,com.grab.sample.dummy,KDummyClass17,method6,1,2,0.0,0,0.0,0,0,1,0,5,0,1,0,0.0,0,0,0,5,0.0,0,2.4,0,0,0.0,0,0.0,0.9,68,57,0.1,10,0,0,0,0,1,9,0,0,0,0,0,0,0,0,0,10,0.19999999999999996,10,1.0,10,0,0,0,10,0,0,10,0,1,0,0,0,0,0,10,10,37,3466,3389,290,0,9,46,1.0,2900,0,23177,27,411,2900,30624
2025-07-10,argo,com.grab.sample.dummy,KDummyClass17,method7,1,2,0.0,0,0.0,0,0,1,0,5,0,1,0,0.0,0,0,0,5,0.0,0,2.4,0,0,0.0,0,0.0,0.9,68,57,0.1,10,0,0,0,0,1,9,0,0,0,0,0,0,0,0,0,10,0.19999999999999996,10,1.0,10,0,0,0,10,0,0,10,0,1,0,0,0,0,0,10,10,37,3466,3389,290,0,9,46,1.0,2900,0,23177,27,411,2900,30624
2025-07-10,argo,com.grab.sample.dummy,KDummyClass17,method8,1,2,0.0,0,0.0,0,0,1,0,5,0,1,0,0.0,0,0,0,5,0.0,0,2.4,0,0,0.0,0,0.0,0.9,68,57,0.1,10,0,0,0,0,1,9,0,0,0,0,0,0,0,0,0,10,0.19999999999999996,10,1.0,10,0,0,0,10,0,0,10,0,1,0,0,0,0,0,10,10,37,3466,3389,290,0,9,46,1.0,2900,0,23177,27,411,2900,30624
2025-07-10,argo,com.grab.sample.dummy,KDummyClass17,method9,1,2,0.0,0,0.0,0,0,1,0,5,0,1,0,0.0,0,0,0,5,0.0,0,2.4,0,0,0.0,0,0.0,0.9,68,57,0.1,10,0,0,0,0,1,9,0,0,0,0,0,0,0,0,0,10,0.19999999999999996,10,1.0,10,0,0,0,10,0,0,10,0,1,0,0,0,0,0,10,10,37,3466,3389,290,0,9,46,1.0,2900,0,23177,27,411,2900,30624
2025-07-10,argo,com.grab.sample.dummy,KDummyClass17,method10,1,2,0.0,0,0.0,0,0,1,0,5,0,1,0,0.0,0,0,0,5,0.0,0,2.4,0,0,0.0,0,0.0,0.9,68,57,0.1,10,0,0,0,0,1,9,0,0,0,0,0,0,0,0,0,10,0.19999999999999996,10,1.0,10,0,0,0,10,0,0,10,0,1,0,0,0,0,0,10,10,37,3466,3389,290,0,9,46,1.0,2900,0,23177,27,411,2900,30624
2025-07-10,argo,com.grab.sample.dummy,KDummyClass18,method1,1,0,9.0,0,0.0,0,0,1,0,12,0,1,10,0.0,10,0,9,1,0.0,1,2.0,0,9,0.0,0,0.0,0.9,68,57,0.1,10,0,0,0,0,1,9,0,0,0,0,0,0,0,0,0,10,0.19999999999999996,10,1.0,10,0,0,0,10,0,0,10,0,1,0,0,0,0,0,10,10,37,3466,3389,290,0,9,46,1.0,2900,0,23177,27,411,2900,30624
2025-07-10,argo,com.grab.sample.dummy,KDummyClass18,method2,1,2,0.0,0,0.0,0,0,1,0,5,0,1,0,0.0,0,0,0,5,0.0,0,2.4,0,0,0.0,0,0.0,0.9,68,57,0.1,10,0,0,0,0,1,9,0,0,0,0,0,0,0,0,0,10,0.19999999999999996,10,1.0,10,0,0,0,10,0,0,10,0,1,0,0,0,0,0,10,10,37,3466,3389,290,0,9,46,1.0,2900,0,23177,27,411,2900,30624
2025-07-10,argo,com.grab.sample.dummy,KDummyClass18,method3,1,2,0.0,0,0.0,0,0,1,0,5,0,1,0,0.0,0,0,0,5,0.0,0,2.4,0,0,0.0,0,0.0,0.9,68,57,0.1,10,0,0,0,0,1,9,0,0,0,0,0,0,0,0,0,10,0.19999999999999996,10,1.0,10,0,0,0,10,0,0,10,0,1,0,0,0,0,0,10,10,37,3466,3389,290,0,9,46,1.0,2900,0,23177,27,411,2900,30624
2025-07-10,argo,com.grab.sample.dummy,KDummyClass18,method4,1,2,0.0,0,0.0,0,0,1,0,5,0,1,0,0.0,0,0,0,5,0.0,0,2.4,0,0,0.0,0,0.0,0.9,68,57,0.1,10,0,0,0,0,1,9,0,0,0,0,0,0,0,0,0,10,0.19999999999999996,10,1.0,10,0,0,0,10,0,0,10,0,1,0,0,0,0,0,10,10,37,3466,3389,290,0,9,46,1.0,2900,0,23177,27,411,2900,30624
2025-07-10,argo,com.grab.sample.dummy,KDummyClass18,method5,1,2,0.0,0,0.0,0,0,1,0,5,0,1,0,0.0,0,0,0,5,0.0,0,2.4,0,0,0.0,0,0.0,0.9,68,57,0.1,10,0,0,0,0,1,9,0,0,0,0,0,0,0,0,0,10,0.19999999999999996,10,1.0,10,0,0,0,10,0,0,10,0,1,0,0,0,0,0,10,10,37,3466,3389,290,0,9,46,1.0,2900,0,23177,27,411,2900,30624
2025-07-10,argo,com.grab.sample.dummy,KDummyClass18,method6,1,2,0.0,0,0.0,0,0,1,0,5,0,1,0,0.0,0,0,0,5,0.0,0,2.4,0,0,0.0,0,0.0,0.9,68,57,0.1,10,0,0,0,0,1,9,0,0,0,0,0,0,0,0,0,10,0.19999999999999996,10,1.0,10,0,0,0,10,0,0,10,0,1,0,0,0,0,0,10,10,37,3466,3389,290,0,9,46,1.0,2900,0,23177,27,411,2900,30624
2025-07-10,argo,com.grab.sample.dummy,KDummyClass18,method7,1,2,0.0,0,0.0,0,0,1,0,5,0,1,0,0.0,0,0,0,5,0.0,0,2.4,0,0,0.0,0,0.0,0.9,68,57,0.1,10,0,0,0,0,1,9,0,0,0,0,0,0,0,0,0,10,0.19999999999999996,10,1.0,10,0,0,0,10,0,0,10,0,1,0,0,0,0,0,10,10,37,3466,3389,290,0,9,46,1.0,2900,0,23177,27,411,2900,30624
2025-07-10,argo,com.grab.sample.dummy,KDummyClass18,method8,1,2,0.0,0,0.0,0,0,1,0,5,0,1,0,0.0,0,0,0,5,0.0,0,2.4,0,0,0.0,0,0.0,0.9,68,57,0.1,10,0,0,0,0,1,9,0,0,0,0,0,0,0,0,0,10,0.19999999999999996,10,1.0,10,0,0,0,10,0,0,10,0,1,0,0,0,0,0,10,10,37,3466,3389,290,0,9,46,1.0,2900,0,23177,27,411,2900,30624
2025-07-10,argo,com.grab.sample.dummy,KDummyClass18,method9,1,2,0.0,0,0.0,0,0,1,0,5,0,1,0,0.0,0,0,0,5,0.0,0,2.4,0,0,0.0,0,0.0,0.9,68,57,0.1,10,0,0,0,0,1,9,0,0,0,0,0,0,0,0,0,10,0.19999999999999996,10,1.0,10,0,0,0,10,0,0,10,0,1,0,0,0,0,0,10,10,37,3466,3389,290,0,9,46,1.0,2900,0,23177,27,411,2900,30624
2025-07-10,argo,com.grab.sample.dummy,KDummyClass18,method10,1,2,0.0,0,0.0,0,0,1,0,5,0,1,0,0.0,0,0,0,5,0.0,0,2.4,0,0,0.0,0,0.0,0.9,68,57,0.1,10,0,0,0,0,1,9,0,0,0,0,0,0,0,0,0,10,0.19999999999999996,10,1.0,10,0,0,0,10,0,0,10,0,1,0,0,0,0,0,10,10,37,3466,3389,290,0,9,46,1.0,2900,0,23177,27,411,2900,30624
2025-07-10,argo,com.grab.sample.dummy,KDummyClass19,method1,1,0,9.0,0,0.0,0,0,1,0,12,0,1,10,0.0,10,0,9,1,0.0,1,2.0,0,9,0.0,0,0.0,0.9,68,57,0.1,10,0,0,0,0,1,9,0,0,0,0,0,0,0,0,0,10,0.19999999999999996,10,1.0,10,0,0,0,10,0,0,10,0,1,0,0,0,0,0,10,10,37,3466,3389,290,0,9,46,1.0,2900,0,23177,27,411,2900,30624
2025-07-10,argo,com.grab.sample.dummy,KDummyClass19,method2,1,2,0.0,0,0.0,0,0,1,0,5,0,1,0,0.0,0,0,0,5,0.0,0,2.4,0,0,0.0,0,0.0,0.9,68,57,0.1,10,0,0,0,0,1,9,0,0,0,0,0,0,0,0,0,10,0.19999999999999996,10,1.0,10,0,0,0,10,0,0,10,0,1,0,0,0,0,0,10,10,37,3466,3389,290,0,9,46,1.0,2900,0,23177,27,411,2900,30624
2025-07-10,argo,com.grab.sample.dummy,KDummyClass19,method3,1,2,0.0,0,0.0,0,0,1,0,5,0,1,0,0.0,0,0,0,5,0.0,0,2.4,0,0,0.0,0,0.0,0.9,68,57,0.1,10,0,0,0,0,1,9,0,0,0,0,0,0,0,0,0,10,0.19999999999999996,10,1.0,10,0,0,0,10,0,0,10,0,1,0,0,0,0,0,10,10,37,3466,3389,290,0,9,46,1.0,2900,0,23177,27,411,2900,30624
2025-07-10,argo,com.grab.sample.dummy,KDummyClass19,method4,1,2,0.0,0,0.0,0,0,1,0,5,0,1,0,0.0,0,0,0,5,0.0,0,2.4,0,0,0.0,0,0.0,0.9,68,57,0.1,10,0,0,0,0,1,9,0,0,0,0,0,0,0,0,0,10,0.19999999999999996,10,1.0,10,0,0,0,10,0,0,10,0,1,0,0,0,0,0,10,10,37,3466,3389,290,0,9,46,1.0,2900,0,23177,27,411,2900,30624
2025-07-10,argo,com.grab.sample.dummy,KDummyClass19,method5,1,2,0.0,0,0.0,0,0,1,0,5,0,1,0,0.0,0,0,0,5,0.0,0,2.4,0,0,0.0,0,0.0,0.9,68,57,0.1,10,0,0,0,0,1,9,0,0,0,0,0,0,0,0,0,10,0.19999999999999996,10,1.0,10,0,0,0,10,0,0,10,0,1,0,0,0,0,0,10,10,37,3466,3389,290,0,9,46,1.0,2900,0,23177,27,411,2900,30624
2025-07-10,argo,com.grab.sample.dummy,KDummyClass19,method6,1,2,0.0,0,0.0,0,0,1,0,5,0,1,0,0.0,0,0,0,5,0.0,0,2.4,0,0,0.0,0,0.0,0.9,68,57,0.1,10,0,0,0,0,1,9,0,0,0,0,0,0,0,0,0,10,0.19999999999999996,10,1.0,10,0,0,0,10,0,0,10,0,1,0,0,0,0,0,10,10,37,3466,3389,290,0,9,46,1.0,2900,0,23177,27,411,2900,30624
2025-07-10,argo,com.grab.sample.dummy,KDummyClass19,method7,1,2,0.0,0,0.0,0,0,1,0,5,0,1,0,0.0,0,0,0,5,0.0,0,2.4,0,0,0.0,0,0.0,0.9,68,57,0.1,10,0,0,0,0,1,9,0,0,0,0,0,0,0,0,0,10,0.19999999999999996,10,1.0,10,0,0,0,10,0,0,10,0,1,0,0,0,0,0,10,10,37,3466,3389,290,0,9,46,1.0,2900,0,23177,27,411,2900,30624
2025-07-10,argo,com.grab.sample.dummy,KDummyClass19,method8,1,2,0.0,0,0.0,0,0,1,0,5,0,1,0,0.0,0,0,0,5,0.0,0,2.4,0,0,0.0,0,0.0,0.9,68,57,0.1,10,0,0,0,0,1,9,0,0,0,0,0,0,0,0,0,10,0.19999999999999996,10,1.0,10,0,0,0,10,0,0,10,0,1,0,0,0,0,0,10,10,37,3466,3389,290,0,9,46,1.0,2900,0,23177,27,411,2900,30624
2025-07-10,argo,com.grab.sample.dummy,KDummyClass19,method9,1,2,0.0,0,0.0,0,0,1,0,5,0,1,0,0.0,0,0,0,5,0.0,0,2.4,0,0,0.0,0,0.0,0.9,68,57,0.1,10,0,0,0,0,1,9,0,0,0,0,0,0,0,0,0,10,0.19999999999999996,10,1.0,10,0,0,0,10,0,0,10,0,1,0,0,0,0,0,10,10,37,3466,3389,290,0,9,46,1.0,2900,0,23177,27,411,2900,30624
2025-07-10,argo,com.grab.sample.dummy,KDummyClass19,method10,1,2,0.0,0,0.0,0,0,1,0,5,0,1,0,0.0,0,0,0,5,0.0,0,2.4,0,0,0.0,0,0.0,0.9,68,57,0.1,10,0,0,0,0,1,9,0,0,0,0,0,0,0,0,0,10,0.19999999999999996,10,1.0,10,0,0,0,10,0,0,10,0,1,0,0,0,0,0,10,10,37,3466,3389,290,0,9,46,1.0,2900,0,23177,27,411,2900,30624
2025-07-10,argo,com.grab.sample.dummy,KDummyClass2,method1,1,0,9.0,0,0.0,0,0,1,0,12,0,1,10,0.0,10,0,9,1,0.0,1,2.0,0,9,0.0,0,0.0,0.9,68,57,0.1,10,0,0,0,0,1,9,0,0,0,0,0,0,0,0,0,10,0.19999999999999996,10,1.0,10,0,0,0,10,0,0,10,0,1,0,0,0,0,0,10,10,37,3466,3389,290,0,9,46,1.0,2900,0,23177,27,411,2900,30624
2025-07-10,argo,com.grab.sample.dummy,KDummyClass2,method2,1,2,0.0,0,0.0,0,0,1,0,5,0,1,0,0.0,0,0,0,5,0.0,0,2.4,0,0,0.0,0,0.0,0.9,68,57,0.1,10,0,0,0,0,1,9,0,0,0,0,0,0,0,0,0,10,0.19999999999999996,10,1.0,10,0,0,0,10,0,0,10,0,1,0,0,0,0,0,10,10,37,3466,3389,290,0,9,46,1.0,2900,0,23177,27,411,2900,30624
2025-07-10,argo,com.grab.sample.dummy,KDummyClass2,method3,1,2,0.0,0,0.0,0,0,1,0,5,0,1,0,0.0,0,0,0,5,0.0,0,2.4,0,0,0.0,0,0.0,0.9,68,57,0.1,10,0,0,0,0,1,9,0,0,0,0,0,0,0,0,0,10,0.19999999999999996,10,1.0,10,0,0,0,10,0,0,10,0,1,0,0,0,0,0,10,10,37,3466,3389,290,0,9,46,1.0,2900,0,23177,27,411,2900,30624
2025-07-10,argo,com.grab.sample.dummy,KDummyClass2,method4,1,2,0.0,0,0.0,0,0,1,0,5,0,1,0,0.0,0,0,0,5,0.0,0,2.4,0,0,0.0,0,0.0,0.9,68,57,0.1,10,0,0,0,0,1,9,0,0,0,0,0,0,0,0,0,10,0.19999999999999996,10,1.0,10,0,0,0,10,0,0,10,0,1,0,0,0,0,0,10,10,37,3466,3389,290,0,9,46,1.0,2900,0,23177,27,411,2900,30624
2025-07-10,argo,com.grab.sample.dummy,KDummyClass2,method5,1,2,0.0,0,0.0,0,0,1,0,5,0,1,0,0.0,0,0,0,5,0.0,0,2.4,0,0,0.0,0,0.0,0.9,68,57,0.1,10,0,0,0,0,1,9,0,0,0,0,0,0,0,0,0,10,0.19999999999999996,10,1.0,10,0,0,0,10,0,0,10,0,1,0,0,0,0,0,10,10,37,3466,3389,290,0,9,46,1.0,2900,0,23177,27,411,2900,30624
2025-07-10,argo,com.grab.sample.dummy,KDummyClass2,method6,1,2,0.0,0,0.0,0,0,1,0,5,0,1,0,0.0,0,0,0,5,0.0,0,2.4,0,0,0.0,0,0.0,0.9,68,57,0.1,10,0,0,0,0,1,9,0,0,0,0,0,0,0,0,0,10,0.19999999999999996,10,1.0,10,0,0,0,10,0,0,10,0,1,0,0,0,0,0,10,10,37,3466,3389,290,0,9,46,1.0,2900,0,23177,27,411,2900,30624
2025-07-10,argo,com.grab.sample.dummy,KDummyClass2,method7,1,2,0.0,0,0.0,0,0,1,0,5,0,1,0,0.0,0,0,0,5,0.0,0,2.4,0,0,0.0,0,0.0,0.9,68,57,0.1,10,0,0,0,0,1,9,0,0,0,0,0,0,0,0,0,10,0.19999999999999996,10,1.0,10,0,0,0,10,0,0,10,0,1,0,0,0,0,0,10,10,37,3466,3389,290,0,9,46,1.0,2900,0,23177,27,411,2900,30624
2025-07-10,argo,com.grab.sample.dummy,KDummyClass2,method8,1,2,0.0,0,0.0,0,0,1,0,5,0,1,0,0.0,0,0,0,5,0.0,0,2.4,0,0,0.0,0,0.0,0.9,68,57,0.1,10,0,0,0,0,1,9,0,0,0,0,0,0,0,0,0,10,0.19999999999999996,10,1.0,10,0,0,0,10,0,0,10,0,1,0,0,0,0,0,10,10,37,3466,3389,290,0,9,46,1.0,2900,0,23177,27,411,2900,30624
2025-07-10,argo,com.grab.sample.dummy,KDummyClass2,method9,1,2,0.0,0,0.0,0,0,1,0,5,0,1,0,0.0,0,0,0,5,0.0,0,2.4,0,0,0.0,0,0.0,0.9,68,57,0.1,10,0,0,0,0,1,9,0,0,0,0,0,0,0,0,0,10,0.19999999999999996,10,1.0,10,0,0,0,10,0,0,10,0,1,0,0,0,0,0,10,10,37,3466,3389,290,0,9,46,1.0,2900,0,23177,27,411,2900,30624
2025-07-10,argo,com.grab.sample.dummy,KDummyClass2,method10,1,2,0.0,0,0.0,0,0,1,0,5,0,1,0,0.0,0,0,0,5,0.0,0,2.4,0,0,0.0,0,0.0,0.9,68,57,0.1,10,0,0,0,0,1,9,0,0,0,0,0,0,0,0,0,10,0.19999999999999996,10,1.0,10,0,0,0,10,0,0,10,0,1,0,0,0,0,0,10,10,37,3466,3389,290,0,9,46,1.0,2900,0,23177,27,411,2900,30624
2025-07-10,argo,com.grab.sample.dummy,KDummyClass20,method1,1,0,9.0,0,0.0,0,0,1,0,12,0,1,10,0.0,10,0,9,1,0.0,1,2.0,0,9,0.0,0,0.0,0.9,68,57,0.1,10,0,0,0,0,1,9,0,0,0,0,0,0,0,0,0,10,0.19999999999999996,10,1.0,10,0,0,0,10,0,0,10,0,1,0,0,0,0,0,10,10,37,3466,3389,290,0,9,46,1.0,2900,0,23177,27,411,2900,30624
2025-07-10,argo,com.grab.sample.dummy,KDummyClass20,method2,1,2,0.0,0,0.0,0,0,1,0,5,0,1,0,0.0,0,0,0,5,0.0,0,2.4,0,0,0.0,0,0.0,0.9,68,57,0.1,10,0,0,0,0,1,9,0,0,0,0,0,0,0,0,0,10,0.19999999999999996,10,1.0,10,0,0,0,10,0,0,10,0,1,0,0,0,0,0,10,10,37,3466,3389,290,0,9,46,1.0,2900,0,23177,27,411,2900,30624
2025-07-10,argo,com.grab.sample.dummy,KDummyClass20,method3,1,2,0.0,0,0.0,0,0,1,0,5,0,1,0,0.0,0,0,0,5,0.0,0,2.4,0,0,0.0,0,0.0,0.9,68,57,0.1,10,0,0,0,0,1,9,0,0,0,0,0,0,0,0,0,10,0.19999999999999996,10,1.0,10,0,0,0,10,0,0,10,0,1,0,0,0,0,0,10,10,37,3466,3389,290,0,9,46,1.0,2900,0,23177,27,411,2900,30624
2025-07-10,argo,com.grab.sample.dummy,KDummyClass20,method4,1,2,0.0,0,0.0,0,0,1,0,5,0,1,0,0.0,0,0,0,5,0.0,0,2.4,0,0,0.0,0,0.0,0.9,68,57,0.1,10,0,0,0,0,1,9,0,0,0,0,0,0,0,0,0,10,0.19999999999999996,10,1.0,10,0,0,0,10,0,0,10,0,1,0,0,0,0,0,10,10,37,3466,3389,290,0,9,46,1.0,2900,0,23177,27,411,2900,30624
2025-07-10,argo,com.grab.sample.dummy,KDummyClass20,method5,1,2,0.0,0,0.0,0,0,1,0,5,0,1,0,0.0,0,0,0,5,0.0,0,2.4,0,0,0.0,0,0.0,0.9,68,57,0.1,10,0,0,0,0,1,9,0,0,0,0,0,0,0,0,0,10,0.19999999999999996,10,1.0,10,0,0,0,10,0,0,10,0,1,0,0,0,0,0,10,10,37,3466,3389,290,0,9,46,1.0,2900,0,23177,27,411,2900,30624
2025-07-10,argo,com.grab.sample.dummy,KDummyClass20,method6,1,2,0.0,0,0.0,0,0,1,0,5,0,1,0,0.0,0,0,0,5,0.0,0,2.4,0,0,0.0,0,0.0,0.9,68,57,0.1,10,0,0,0,0,1,9,0,0,0,0,0,0,0,0,0,10,0.19999999999999996,10,1.0,10,0,0,0,10,0,0,10,0,1,0,0,0,0,0,10,10,37,3466,3389,290,0,9,46,1.0,2900,0,23177,27,411,2900,30624
2025-07-10,argo,com.grab.sample.dummy,KDummyClass20,method7,1,2,0.0,0,0.0,0,0,1,0,5,0,1,0,0.0,0,0,0,5,0.0,0,2.4,0,0,0.0,0,0.0,0.9,68,57,0.1,10,0,0,0,0,1,9,0,0,0,0,0,0,0,0,0,10,0.19999999999999996,10,1.0,10,0,0,0,10,0,0,10,0,1,0,0,0,0,0,10,10,37,3466,3389,290,0,9,46,1.0,2900,0,23177,27,411,2900,30624
2025-07-10,argo,com.grab.sample.dummy,KDummyClass20,method8,1,2,0.0,0,0.0,0,0,1,0,5,0,1,0,0.0,0,0,0,5,0.0,0,2.4,0,0,0.0,0,0.0,0.9,68,57,0.1,10,0,0,0,0,1,9,0,0,0,0,0,0,0,0,0,10,0.19999999999999996,10,1.0,10,0,0,0,10,0,0,10,0,1,0,0,0,0,0,10,10,37,3466,3389,290,0,9,46,1.0,2900,0,23177,27,411,2900,30624
2025-07-10,argo,com.grab.sample.dummy,KDummyClass20,method9,1,2,0.0,0,0.0,0,0,1,0,5,0,1,0,0.0,0,0,0,5,0.0,0,2.4,0,0,0.0,0,0.0,0.9,68,57,0.1,10,0,0,0,0,1,9,0,0,0,0,0,0,0,0,0,10,0.19999999999999996,10,1.0,10,0,0,0,10,0,0,10,0,1,0,0,0,0,0,10,10,37,3466,3389,290,0,9,46,1.0,2900,0,23177,27,411,2900,30624
2025-07-10,argo,com.grab.sample.dummy,KDummyClass20,method10,1,2,0.0,0,0.0,0,0,1,0,5,0,1,0,0.0,0,0,0,5,0.0,0,2.4,0,0,0.0,0,0.0,0.9,68,57,0.1,10,0,0,0,0,1,9,0,0,0,0,0,0,0,0,0,10,0.19999999999999996,10,1.0,10,0,0,0,10,0,0,10,0,1,0,0,0,0,0,10,10,37,3466,3389,290,0,9,46,1.0,2900,0,23177,27,411,2900,30624
2025-07-10,argo,com.grab.sample.dummy,KDummyClass21,method1,1,0,9.0,0,0.0,0,0,1,0,12,0,1,10,0.0,10,0,9,1,0.0,1,2.0,0,9,0.0,0,0.0,0.9,68,57,0.1,10,0,0,0,0,1,9,0,0,0,0,0,0,0,0,0,10,0.19999999999999996,10,1.0,10,0,0,0,10,0,0,10,0,1,0,0,0,0,0,10,10,37,3466,3389,290,0,9,46,1.0,2900,0,23177,27,411,2900,30624
2025-07-10,argo,com.grab.sample.dummy,KDummyClass21,method2,1,2,0.0,0,0.0,0,0,1,0,5,0,1,0,0.0,0,0,0,5,0.0,0,2.4,0,0,0.0,0,0.0,0.9,68,57,0.1,10,0,0,0,0,1,9,0,0,0,0,0,0,0,0,0,10,0.19999999999999996,10,1.0,10,0,0,0,10,0,0,10,0,1,0,0,0,0,0,10,10,37,3466,3389,290,0,9,46,1.0,2900,0,23177,27,411,2900,30624
2025-07-10,argo,com.grab.sample.dummy,KDummyClass21,method3,1,2,0.0,0,0.0,0,0,1,0,5,0,1,0,0.0,0,0,0,5,0.0,0,2.4,0,0,0.0,0,0.0,0.9,68,57,0.1,10,0,0,0,0,1,9,0,0,0,0,0,0,0,0,0,10,0.19999999999999996,10,1.0,10,0,0,0,10,0,0,10,0,1,0,0,0,0,0,10,10,37,3466,3389,290,0,9,46,1.0,2900,0,23177,27,411,2900,30624
2025-07-10,argo,com.grab.sample.dummy,KDummyClass21,method4,1,2,0.0,0,0.0,0,0,1,0,5,0,1,0,0.0,0,0,0,5,0.0,0,2.4,0,0,0.0,0,0.0,0.9,68,57,0.1,10,0,0,0,0,1,9,0,0,0,0,0,0,0,0,0,10,0.19999999999999996,10,1.0,10,0,0,0,10,0,0,10,0,1,0,0,0,0,0,10,10,37,3466,3389,290,0,9,46,1.0,2900,0,23177,27,411,2900,30624
2025-07-10,argo,com.grab.sample.dummy,KDummyClass21,method5,1,2,0.0,0,0.0,0,0,1,0,5,0,1,0,0.0,0,0,0,5,0.0,0,2.4,0,0,0.0,0,0.0,0.9,68,57,0.1,10,0,0,0,0,1,9,0,0,0,0,0,0,0,0,0,10,0.19999999999999996,10,1.0,10,0,0,0,10,0,0,10,0,1,0,0,0,0,0,10,10,37,3466,3389,290,0,9,46,1.0,2900,0,23177,27,411,2900,30624
2025-07-10,argo,com.grab.sample.dummy,KDummyClass21,method6,1,2,0.0,0,0.0,0,0,1,0,5,0,1,0,0.0,0,0,0,5,0.0,0,2.4,0,0,0.0,0,0.0,0.9,68,57,0.1,10,0,0,0,0,1,9,0,0,0,0,0,0,0,0,0,10,0.19999999999999996,10,1.0,10,0,0,0,10,0,0,10,0,1,0,0,0,0,0,10,10,37,3466,3389,290,0,9,46,1.0,2900,0,23177,27,411,2900,30624
2025-07-10,argo,com.grab.sample.dummy,KDummyClass21,method7,1,2,0.0,0,0.0,0,0,1,0,5,0,1,0,0.0,0,0,0,5,0.0,0,2.4,0,0,0.0,0,0.0,0.9,68,57,0.1,10,0,0,0,0,1,9,0,0,0,0,0,0,0,0,0,10,0.19999999999999996,10,1.0,10,0,0,0,10,0,0,10,0,1,0,0,0,0,0,10,10,37,3466,3389,290,0,9,46,1.0,2900,0,23177,27,411,2900,30624
2025-07-10,argo,com.grab.sample.dummy,KDummyClass21,method8,1,2,0.0,0,0.0,0,0,1,0,5,0,1,0,0.0,0,0,0,5,0.0,0,2.4,0,0,0.0,0,0.0,0.9,68,57,0.1,10,0,0,0,0,1,9,0,0,0,0,0,0,0,0,0,10,0.19999999999999996,10,1.0,10,0,0,0,10,0,0,10,0,1,0,0,0,0,0,10,10,37,3466,3389,290,0,9,46,1.0,2900,0,23177,27,411,2900,30624
2025-07-10,argo,com.grab.sample.dummy,KDummyClass21,method9,1,2,0.0,0,0.0,0,0,1,0,5,0,1,0,0.0,0,0,0,5,0.0,0,2.4,0,0,0.0,0,0.0,0.9,68,57,0.1,10,0,0,0,0,1,9,0,0,0,0,0,0,0,0,0,10,0.19999999999999996,10,1.0,10,0,0,0,10,0,0,10,0,1,0,0,0,0,0,10,10,37,3466,3389,290,0,9,46,1.0,2900,0,23177,27,411,2900,30624
2025-07-10,argo,com.grab.sample.dummy,KDummyClass21,method10,1,2,0.0,0,0.0,0,0,1,0,5,0,1,0,0.0,0,0,0,5,0.0,0,2.4,0,0,0.0,0,0.0,0.9,68,57,0.1,10,0,0,0,0,1,9,0,0,0,0,0,0,0,0,0,10,0.19999999999999996,10,1.0,10,0,0,0,10,0,0,10,0,1,0,0,0,0,0,10,10,37,3466,3389,290,0,9,46,1.0,2900,0,23177,27,411,2900,30624
2025-07-10,argo,com.grab.sample.dummy,KDummyClass22,method1,1,0,9.0,0,0.0,0,0,1,0,12,0,1,10,0.0,10,0,9,1,0.0,1,2.0,0,9,0.0,0,0.0,0.9,68,57,0.1,10,0,0,0,0,1,9,0,0,0,0,0,0,0,0,0,10,0.19999999999999996,10,1.0,10,0,0,0,10,0,0,10,0,1,0,0,0,0,0,10,10,37,3466,3389,290,0,9,46,1.0,2900,0,23177,27,411,2900,30624
2025-07-10,argo,com.grab.sample.dummy,KDummyClass22,method2,1,2,0.0,0,0.0,0,0,1,0,5,0,1,0,0.0,0,0,0,5,0.0,0,2.4,0,0,0.0,0,0.0,0.9,68,57,0.1,10,0,0,0,0,1,9,0,0,0,0,0,0,0,0,0,10,0.19999999999999996,10,1.0,10,0,0,0,10,0,0,10,0,1,0,0,0,0,0,10,10,37,3466,3389,290,0,9,46,1.0,2900,0,23177,27,411,2900,30624
2025-07-10,argo,com.grab.sample.dummy,KDummyClass22,method3,1,2,0.0,0,0.0,0,0,1,0,5,0,1,0,0.0,0,0,0,5,0.0,0,2.4,0,0,0.0,0,0.0,0.9,68,57,0.1,10,0,0,0,0,1,9,0,0,0,0,0,0,0,0,0,10,0.19999999999999996,10,1.0,10,0,0,0,10,0,0,10,0,1,0,0,0,0,0,10,10,37,3466,3389,290,0,9,46,1.0,2900,0,23177,27,411,2900,30624
2025-07-10,argo,com.grab.sample.dummy,KDummyClass22,method4,1,2,0.0,0,0.0,0,0,1,0,5,0,1,0,0.0,0,0,0,5,0.0,0,2.4,0,0,0.0,0,0.0,0.9,68,57,0.1,10,0,0,0,0,1,9,0,0,0,0,0,0,0,0,0,10,0.19999999999999996,10,1.0,10,0,0,0,10,0,0,10,0,1,0,0,0,0,0,10,10,37,3466,3389,290,0,9,46,1.0,2900,0,23177,27,411,2900,30624
2025-07-10,argo,com.grab.sample.dummy,KDummyClass22,method5,1,2,0.0,0,0.0,0,0,1,0,5,0,1,0,0.0,0,0,0,5,0.0,0,2.4,0,0,0.0,0,0.0,0.9,68,57,0.1,10,0,0,0,0,1,9,0,0,0,0,0,0,0,0,0,10,0.19999999999999996,10,1.0,10,0,0,0,10,0,0,10,0,1,0,0,0,0,0,10,10,37,3466,3389,290,0,9,46,1.0,2900,0,23177,27,411,2900,30624
2025-07-10,argo,com.grab.sample.dummy,KDummyClass22,method6,1,2,0.0,0,0.0,0,0,1,0,5,0,1,0,0.0,0,0,0,5,0.0,0,2.4,0,0,0.0,0,0.0,0.9,68,57,0.1,10,0,0,0,0,1,9,0,0,0,0,0,0,0,0,0,10,0.19999999999999996,10,1.0,10,0,0,0,10,0,0,10,0,1,0,0,0,0,0,10,10,37,3466,3389,290,0,9,46,1.0,2900,0,23177,27,411,2900,30624
2025-07-10,argo,com.grab.sample.dummy,KDummyClass22,method7,1,2,0.0,0,0.0,0,0,1,0,5,0,1,0,0.0,0,0,0,5,0.0,0,2.4,0,0,0.0,0,0.0,0.9,68,57,0.1,10,0,0,0,0,1,9,0,0,0,0,0,0,0,0,0,10,0.19999999999999996,10,1.0,10,0,0,0,10,0,0,10,0,1,0,0,0,0,0,10,10,37,3466,3389,290,0,9,46,1.0,2900,0,23177,27,411,2900,30624
2025-07-10,argo,com.grab.sample.dummy,KDummyClass22,method8,1,2,0.0,0,0.0,0,0,1,0,5,0,1,0,0.0,0,0,0,5,0.0,0,2.4,0,0,0.0,0,0.0,0.9,68,57,0.1,10,0,0,0,0,1,9,0,0,0,0,0,0,0,0,0,10,0.19999999999999996,10,1.0,10,0,0,0,10,0,0,10,0,1,0,0,0,0,0,10,10,37,3466,3389,290,0,9,46,1.0,2900,0,23177,27,411,2900,30624
2025-07-10,argo,com.grab.sample.dummy,KDummyClass22,method9,1,2,0.0,0,0.0,0,0,1,0,5,0,1,0,0.0,0,0,0,5,0.0,0,2.4,0,0,0.0,0,0.0,0.9,68,57,0.1,10,0,0,0,0,1,9,0,0,0,0,0,0,0,0,0,10,0.19999999999999996,10,1.0,10,0,0,0,10,0,0,10,0,1,0,0,0,0,0,10,10,37,3466,3389,290,0,9,46,1.0,2900,0,23177,27,411,2900,30624
2025-07-10,argo,com.grab.sample.dummy,KDummyClass22,method10,1,2,0.0,0,0.0,0,0,1,0,5,0,1,0,0.0,0,0,0,5,0.0,0,2.4,0,0,0.0,0,0.0,0.9,68,57,0.1,10,0,0,0,0,1,9,0,0,0,0,0,0,0,0,0,10,0.19999999999999996,10,1.0,10,0,0,0,10,0,0,10,0,1,0,0,0,0,0,10,10,37,3466,3389,290,0,9,46,1.0,2900,0,23177,27,411,2900,30624
2025-07-10,argo,com.grab.sample.dummy,KDummyClass23,method1,1,0,9.0,0,0.0,0,0,1,0,12,0,1,10,0.0,10,0,9,1,0.0,1,2.0,0,9,0.0,0,0.0,0.9,68,57,0.1,10,0,0,0,0,1,9,0,0,0,0,0,0,0,0,0,10,0.19999999999999996,10,1.0,10,0,0,0,10,0,0,10,0,1,0,0,0,0,0,10,10,37,3466,3389,290,0,9,46,1.0,2900,0,23177,27,411,2900,30624
2025-07-10,argo,com.grab.sample.dummy,KDummyClass23,method2,1,2,0.0,0,0.0,0,0,1,0,5,0,1,0,0.0,0,0,0,5,0.0,0,2.4,0,0,0.0,0,0.0,0.9,68,57,0.1,10,0,0,0,0,1,9,0,0,0,0,0,0,0,0,0,10,0.19999999999999996,10,1.0,10,0,0,0,10,0,0,10,0,1,0,0,0,0,0,10,10,37,3466,3389,290,0,9,46,1.0,2900,0,23177,27,411,2900,30624
2025-07-10,argo,com.grab.sample.dummy,KDummyClass23,method3,1,2,0.0,0,0.0,0,0,1,0,5,0,1,0,0.0,0,0,0,5,0.0,0,2.4,0,0,0.0,0,0.0,0.9,68,57,0.1,10,0,0,0,0,1,9,0,0,0,0,0,0,0,0,0,10,0.19999999999999996,10,1.0,10,0,0,0,10,0,0,10,0,1,0,0,0,0,0,10,10,37,3466,3389,290,0,9,46,1.0,2900,0,23177,27,411,2900,30624
2025-07-10,argo,com.grab.sample.dummy,KDummyClass23,method4,1,2,0.0,0,0.0,0,0,1,0,5,0,1,0,0.0,0,0,0,5,0.0,0,2.4,0,0,0.0,0,0.0,0.9,68,57,0.1,10,0,0,0,0,1,9,0,0,0,0,0,0,0,0,0,10,0.19999999999999996,10,1.0,10,0,0,0,10,0,0,10,0,1,0,0,0,0,0,10,10,37,3466,3389,290,0,9,46,1.0,2900,0,23177,27,411,2900,30624
2025-07-10,argo,com.grab.sample.dummy,KDummyClass23,method5,1,2,0.0,0,0.0,0,0,1,0,5,0,1,0,0.0,0,0,0,5,0.0,0,2.4,0,0,0.0,0,0.0,0.9,68,57,0.1,10,0,0,0,0,1,9,0,0,0,0,0,0,0,0,0,10,0.19999999999999996,10,1.0,10,0,0,0,10,0,0,10,0,1,0,0,0,0,0,10,10,37,3466,3389,290,0,9,46,1.0,2900,0,23177,27,411,2900,30624
2025-07-10,argo,com.grab.sample.dummy,KDummyClass23,method6,1,2,0.0,0,0.0,0,0,1,0,5,0,1,0,0.0,0,0,0,5,0.0,0,2.4,0,0,0.0,0,0.0,0.9,68,57,0.1,10,0,0,0,0,1,9,0,0,0,0,0,0,0,0,0,10,0.19999999999999996,10,1.0,10,0,0,0,10,0,0,10,0,1,0,0,0,0,0,10,10,37,3466,3389,290,0,9,46,1.0,2900,0,23177,27,411,2900,30624
2025-07-10,argo,com.grab.sample.dummy,KDummyClass23,method7,1,2,0.0,0,0.0,0,0,1,0,5,0,1,0,0.0,0,0,0,5,0.0,0,2.4,0,0,0.0,0,0.0,0.9,68,57,0.1,10,0,0,0,0,1,9,0,0,0,0,0,0,0,0,0,10,0.19999999999999996,10,1.0,10,0,0,0,10,0,0,10,0,1,0,0,0,0,0,10,10,37,3466,3389,290,0,9,46,1.0,2900,0,23177,27,411,2900,30624
2025-07-10,argo,com.grab.sample.dummy,KDummyClass23,method8,1,2,0.0,0,0.0,0,0,1,0,5,0,1,0,0.0,0,0,0,5,0.0,0,2.4,0,0,0.0,0,0.0,0.9,68,57,0.1,10,0,0,0,0,1,9,0,0,0,0,0,0,0,0,0,10,0.19999999999999996,10,1.0,10,0,0,0,10,0,0,10,0,1,0,0,0,0,0,10,10,37,3466,3389,290,0,9,46,1.0,2900,0,23177,27,411,2900,30624
2025-07-10,argo,com.grab.sample.dummy,KDummyClass23,method9,1,2,0.0,0,0.0,0,0,1,0,5,0,1,0,0.0,0,0,0,5,0.0,0,2.4,0,0,0.0,0,0.0,0.9,68,57,0.1,10,0,0,0,0,1,9,0,0,0,0,0,0,0,0,0,10,0.19999999999999996,10,1.0,10,0,0,0,10,0,0,10,0,1,0,0,0,0,0,10,10,37,3466,3389,290,0,9,46,1.0,2900,0,23177,27,411,2900,30624
2025-07-10,argo,com.grab.sample.dummy,KDummyClass23,method10,1,2,0.0,0,0.0,0,0,1,0,5,0,1,0,0.0,0,0,0,5,0.0,0,2.4,0,0,0.0,0,0.0,0.9,68,57,0.1,10,0,0,0,0,1,9,0,0,0,0,0,0,0,0,0,10,0.19999999999999996,10,1.0,10,0,0,0,10,0,0,10,0,1,0,0,0,0,0,10,10,37,3466,3389,290,0,9,46,1.0,2900,0,23177,27,411,2900,30624
2025-07-10,argo,com.grab.sample.dummy,KDummyClass24,method1,1,0,9.0,0,0.0,0,0,1,0,12,0,1,10,0.0,10,0,9,1,0.0,1,2.0,0,9,0.0,0,0.0,0.9,68,57,0.1,10,0,0,0,0,1,9,0,0,0,0,0,0,0,0,0,10,0.19999999999999996,10,1.0,10,0,0,0,10,0,0,10,0,1,0,0,0,0,0,10,10,37,3466,3389,290,0,9,46,1.0,2900,0,23177,27,411,2900,30624
2025-07-10,argo,com.grab.sample.dummy,KDummyClass24,method2,1,2,0.0,0,0.0,0,0,1,0,5,0,1,0,0.0,0,0,0,5,0.0,0,2.4,0,0,0.0,0,0.0,0.9,68,57,0.1,10,0,0,0,0,1,9,0,0,0,0,0,0,0,0,0,10,0.19999999999999996,10,1.0,10,0,0,0,10,0,0,10,0,1,0,0,0,0,0,10,10,37,3466,3389,290,0,9,46,1.0,2900,0,23177,27,411,2900,30624
2025-07-10,argo,com.grab.sample.dummy,KDummyClass24,method3,1,2,0.0,0,0.0,0,0,1,0,5,0,1,0,0.0,0,0,0,5,0.0,0,2.4,0,0,0.0,0,0.0,0.9,68,57,0.1,10,0,0,0,0,1,9,0,0,0,0,0,0,0,0,0,10,0.19999999999999996,10,1.0,10,0,0,0,10,0,0,10,0,1,0,0,0,0,0,10,10,37,3466,3389,290,0,9,46,1.0,2900,0,23177,27,411,2900,30624
2025-07-10,argo,com.grab.sample.dummy,KDummyClass24,method4,1,2,0.0,0,0.0,0,0,1,0,5,0,1,0,0.0,0,0,0,5,0.0,0,2.4,0,0,0.0,0,0.0,0.9,68,57,0.1,10,0,0,0,0,1,9,0,0,0,0,0,0,0,0,0,10,0.19999999999999996,10,1.0,10,0,0,0,10,0,0,10,0,1,0,0,0,0,0,10,10,37,3466,3389,290,0,9,46,1.0,2900,0,23177,27,411,2900,30624
2025-07-10,argo,com.grab.sample.dummy,KDummyClass24,method5,1,2,0.0,0,0.0,0,0,1,0,5,0,1,0,0.0,0,0,0,5,0.0,0,2.4,0,0,0.0,0,0.0,0.9,68,57,0.1,10,0,0,0,0,1,9,0,0,0,0,0,0,0,0,0,10,0.19999999999999996,10,1.0,10,0,0,0,10,0,0,10,0,1,0,0,0,0,0,10,10,37,3466,3389,290,0,9,46,1.0,2900,0,23177,27,411,2900,30624
2025-07-10,argo,com.grab.sample.dummy,KDummyClass24,method6,1,2,0.0,0,0.0,0,0,1,0,5,0,1,0,0.0,0,0,0,5,0.0,0,2.4,0,0,0.0,0,0.0,0.9,68,57,0.1,10,0,0,0,0,1,9,0,0,0,0,0,0,0,0,0,10,0.19999999999999996,10,1.0,10,0,0,0,10,0,0,10,0,1,0,0,0,0,0,10,10,37,3466,3389,290,0,9,46,1.0,2900,0,23177,27,411,2900,30624
2025-07-10,argo,com.grab.sample.dummy,KDummyClass24,method7,1,2,0.0,0,0.0,0,0,1,0,5,0,1,0,0.0,0,0,0,5,0.0,0,2.4,0,0,0.0,0,0.0,0.9,68,57,0.1,10,0,0,0,0,1,9,0,0,0,0,0,0,0,0,0,10,0.19999999999999996,10,1.0,10,0,0,0,10,0,0,10,0,1,0,0,0,0,0,10,10,37,3466,3389,290,0,9,46,1.0,2900,0,23177,27,411,2900,30624
2025-07-10,argo,com.grab.sample.dummy,KDummyClass24,method8,1,2,0.0,0,0.0,0,0,1,0,5,0,1,0,0.0,0,0,0,5,0.0,0,2.4,0,0,0.0,0,0.0,0.9,68,57,0.1,10,0,0,0,0,1,9,0,0,0,0,0,0,0,0,0,10,0.19999999999999996,10,1.0,10,0,0,0,10,0,0,10,0,1,0,0,0,0,0,10,10,37,3466,3389,290,0,9,46,1.0,2900,0,23177,27,411,2900,30624
2025-07-10,argo,com.grab.sample.dummy,KDummyClass24,method9,1,2,0.0,0,0.0,0,0,1,0,5,0,1,0,0.0,0,0,0,5,0.0,0,2.4,0,0,0.0,0,0.0,0.9,68,57,0.1,10,0,0,0,0,1,9,0,0,0,0,0,0,0,0,0,10,0.19999999999999996,10,1.0,10,0,0,0,10,0,0,10,0,1,0,0,0,0,0,10,10,37,3466,3389,290,0,9,46,1.0,2900,0,23177,27,411,2900,30624
2025-07-10,argo,com.grab.sample.dummy,KDummyClass24,method10,1,2,0.0,0,0.0,0,0,1,0,5,0,1,0,0.0,0,0,0,5,0.0,0,2.4,0,0,0.0,0,0.0,0.9,68,57,0.1,10,0,0,0,0,1,9,0,0,0,0,0,0,0,0,0,10,0.19999999999999996,10,1.0,10,0,0,0,10,0,0,10,0,1,0,0,0,0,0,10,10,37,3466,3389,290,0,9,46,1.0,2900,0,23177,27,411,2900,30624
2025-07-10,argo,com.grab.sample.dummy,KDummyClass25,method1,1,0,9.0,0,0.0,0,0,1,0,12,0,1,10,0.0,10,0,9,1,0.0,1,2.0,0,9,0.0,0,0.0,0.9,68,57,0.1,10,0,0,0,0,1,9,0,0,0,0,0,0,0,0,0,10,0.19999999999999996,10,1.0,10,0,0,0,10,0,0,10,0,1,0,0,0,0,0,10,10,37,3466,3389,290,0,9,46,1.0,2900,0,23177,27,411,2900,30624
2025-07-10,argo,com.grab.sample.dummy,KDummyClass25,method2,1,2,0.0,0,0.0,0,0,1,0,5,0,1,0,0.0,0,0,0,5,0.0,0,2.4,0,0,0.0,0,0.0,0.9,68,57,0.1,10,0,0,0,0,1,9,0,0,0,0,0,0,0,0,0,10,0.19999999999999996,10,1.0,10,0,0,0,10,0,0,10,0,1,0,0,0,0,0,10,10,37,3466,3389,290,0,9,46,1.0,2900,0,23177,27,411,2900,30624
2025-07-10,argo,com.grab.sample.dummy,KDummyClass25,method3,1,2,0.0,0,0.0,0,0,1,0,5,0,1,0,0.0,0,0,0,5,0.0,0,2.4,0,0,0.0,0,0.0,0.9,68,57,0.1,10,0,0,0,0,1,9,0,0,0,0,0,0,0,0,0,10,0.19999999999999996,10,1.0,10,0,0,0,10,0,0,10,0,1,0,0,0,0,0,10,10,37,3466,3389,290,0,9,46,1.0,2900,0,23177,27,411,2900,30624
2025-07-10,argo,com.grab.sample.dummy,KDummyClass25,method4,1,2,0.0,0,0.0,0,0,1,0,5,0,1,0,0.0,0,0,0,5,0.0,0,2.4,0,0,0.0,0,0.0,0.9,68,57,0.1,10,0,0,0,0,1,9,0,0,0,0,0,0,0,0,0,10,0.19999999999999996,10,1.0,10,0,0,0,10,0,0,10,0,1,0,0,0,0,0,10,10,37,3466,3389,290,0,9,46,1.0,2900,0,23177,27,411,2900,30624
2025-07-10,argo,com.grab.sample.dummy,KDummyClass25,method5,1,2,0.0,0,0.0,0,0,1,0,5,0,1,0,0.0,0,0,0,5,0.0,0,2.4,0,0,0.0,0,0.0,0.9,68,57,0.1,10,0,0,0,0,1,9,0,0,0,0,0,0,0,0,0,10,0.19999999999999996,10,1.0,10,0,0,0,10,0,0,10,0,1,0,0,0,0,0,10,10,37,3466,3389,290,0,9,46,1.0,2900,0,23177,27,411,2900,30624
2025-07-10,argo,com.grab.sample.dummy,KDummyClass25,method6,1,2,0.0,0,0.0,0,0,1,0,5,0,1,0,0.0,0,0,0,5,0.0,0,2.4,0,0,0.0,0,0.0,0.9,68,57,0.1,10,0,0,0,0,1,9,0,0,0,0,0,0,0,0,0,10,0.19999999999999996,10,1.0,10,0,0,0,10,0,0,10,0,1,0,0,0,0,0,10,10,37,3466,3389,290,0,9,46,1.0,2900,0,23177,27,411,2900,30624
2025-07-10,argo,com.grab.sample.dummy,KDummyClass25,method7,1,2,0.0,0,0.0,0,0,1,0,5,0,1,0,0.0,0,0,0,5,0.0,0,2.4,0,0,0.0,0,0.0,0.9,68,57,0.1,10,0,0,0,0,1,9,0,0,0,0,0,0,0,0,0,10,0.19999999999999996,10,1.0,10,0,0,0,10,0,0,10,0,1,0,0,0,0,0,10,10,37,3466,3389,290,0,9,46,1.0,2900,0,23177,27,411,2900,30624
2025-07-10,argo,com.grab.sample.dummy,KDummyClass25,method8,1,2,0.0,0,0.0,0,0,1,0,5,0,1,0,0.0,0,0,0,5,0.0,0,2.4,0,0,0.0,0,0.0,0.9,68,57,0.1,10,0,0,0,0,1,9,0,0,0,0,0,0,0,0,0,10,0.19999999999999996,10,1.0,10,0,0,0,10,0,0,10,0,1,0,0,0,0,0,10,10,37,3466,3389,290,0,9,46,1.0,2900,0,23177,27,411,2900,30624
2025-07-10,argo,com.grab.sample.dummy,KDummyClass25,method9,1,2,0.0,0,0.0,0,0,1,0,5,0,1,0,0.0,0,0,0,5,0.0,0,2.4,0,0,0.0,0,0.0,0.9,68,57,0.1,10,0,0,0,0,1,9,0,0,0,0,0,0,0,0,0,10,0.19999999999999996,10,1.0,10,0,0,0,10,0,0,10,0,1,0,0,0,0,0,10,10,37,3466,3389,290,0,9,46,1.0,2900,0,23177,27,411,2900,30624
2025-07-10,argo,com.grab.sample.dummy,KDummyClass25,method10,1,2,0.0,0,0.0,0,0,1,0,5,0,1,0,0.0,0,0,0,5,0.0,0,2.4,0,0,0.0,0,0.0,0.9,68,57,0.1,10,0,0,0,0,1,9,0,0,0,0,0,0,0,0,0,10,0.19999999999999996,10,1.0,10,0,0,0,10,0,0,10,0,1,0,0,0,0,0,10,10,37,3466,3389,290,0,9,46,1.0,2900,0,23177,27,411,2900,30624
2025-07-10,argo,com.grab.sample.dummy,KDummyClass26,method1,1,0,9.0,0,0.0,0,0,1,0,12,0,1,10,0.0,10,0,9,1,0.0,1,2.0,0,9,0.0,0,0.0,0.9,68,57,0.1,10,0,0,0,0,1,9,0,0,0,0,0,0,0,0,0,10,0.19999999999999996,10,1.0,10,0,0,0,10,0,0,10,0,1,0,0,0,0,0,10,10,37,3466,3389,290,0,9,46,1.0,2900,0,23177,27,411,2900,30624
2025-07-10,argo,com.grab.sample.dummy,KDummyClass26,method2,1,2,0.0,0,0.0,0,0,1,0,5,0,1,0,0.0,0,0,0,5,0.0,0,2.4,0,0,0.0,0,0.0,0.9,68,57,0.1,10,0,0,0,0,1,9,0,0,0,0,0,0,0,0,0,10,0.19999999999999996,10,1.0,10,0,0,0,10,0,0,10,0,1,0,0,0,0,0,10,10,37,3466,3389,290,0,9,46,1.0,2900,0,23177,27,411,2900,30624
2025-07-10,argo,com.grab.sample.dummy,KDummyClass26,method3,1,2,0.0,0,0.0,0,0,1,0,5,0,1,0,0.0,0,0,0,5,0.0,0,2.4,0,0,0.0,0,0.0,0.9,68,57,0.1,10,0,0,0,0,1,9,0,0,0,0,0,0,0,0,0,10,0.19999999999999996,10,1.0,10,0,0,0,10,0,0,10,0,1,0,0,0,0,0,10,10,37,3466,3389,290,0,9,46,1.0,2900,0,23177,27,411,2900,30624
2025-07-10,argo,com.grab.sample.dummy,KDummyClass26,method4,1,2,0.0,0,0.0,0,0,1,0,5,0,1,0,0.0,0,0,0,5,0.0,0,2.4,0,0,0.0,0,0.0,0.9,68,57,0.1,10,0,0,0,0,1,9,0,0,0,0,0,0,0,0,0,10,0.19999999999999996,10,1.0,10,0,0,0,10,0,0,10,0,1,0,0,0,0,0,10,10,37,3466,3389,290,0,9,46,1.0,2900,0,23177,27,411,2900,30624
2025-07-10,argo,com.grab.sample.dummy,KDummyClass26,method5,1,2,0.0,0,0.0,0,0,1,0,5,0,1,0,0.0,0,0,0,5,0.0,0,2.4,0,0,0.0,0,0.0,0.9,68,57,0.1,10,0,0,0,0,1,9,0,0,0,0,0,0,0,0,0,10,0.19999999999999996,10,1.0,10,0,0,0,10,0,0,10,0,1,0,0,0,0,0,10,10,37,3466,3389,290,0,9,46,1.0,2900,0,23177,27,411,2900,30624
2025-07-10,argo,com.grab.sample.dummy,KDummyClass26,method6,1,2,0.0,0,0.0,0,0,1,0,5,0,1,0,0.0,0,0,0,5,0.0,0,2.4,0,0,0.0,0,0.0,0.9,68,57,0.1,10,0,0,0,0,1,9,0,0,0,0,0,0,0,0,0,10,0.19999999999999996,10,1.0,10,0,0,0,10,0,0,10,0,1,0,0,0,0,0,10,10,37,3466,3389,290,0,9,46,1.0,2900,0,23177,27,411,2900,30624
2025-07-10,argo,com.grab.sample.dummy,KDummyClass26,method7,1,2,0.0,0,0.0,0,0,1,0,5,0,1,0,0.0,0,0,0,5,0.0,0,2.4,0,0,0.0,0,0.0,0.9,68,57,0.1,10,0,0,0,0,1,9,0,0,0,0,0,0,0,0,0,10,0.19999999999999996,10,1.0,10,0,0,0,10,0,0,10,0,1,0,0,0,0,0,10,10,37,3466,3389,290,0,9,46,1.0,2900,0,23177,27,411,2900,30624
2025-07-10,argo,com.grab.sample.dummy,KDummyClass26,method8,1,2,0.0,0,0.0,0,0,1,0,5,0,1,0,0.0,0,0,0,5,0.0,0,2.4,0,0,0.0,0,0.0,0.9,68,57,0.1,10,0,0,0,0,1,9,0,0,0,0,0,0,0,0,0,10,0.19999999999999996,10,1.0,10,0,0,0,10,0,0,10,0,1,0,0,0,0,0,10,10,37,3466,3389,290,0,9,46,1.0,2900,0,23177,27,411,2900,30624
2025-07-10,argo,com.grab.sample.dummy,KDummyClass26,method9,1,2,0.0,0,0.0,0,0,1,0,5,0,1,0,0.0,0,0,0,5,0.0,0,2.4,0,0,0.0,0,0.0,0.9,68,57,0.1,10,0,0,0,0,1,9,0,0,0,0,0,0,0,0,0,10,0.19999999999999996,10,1.0,10,0,0,0,10,0,0,10,0,1,0,0,0,0,0,10,10,37,3466,3389,290,0,9,46,1.0,2900,0,23177,27,411,2900,30624
2025-07-10,argo,com.grab.sample.dummy,KDummyClass26,method10,1,2,0.0,0,0.0,0,0,1,0,5,0,1,0,0.0,0,0,0,5,0.0,0,2.4,0,0,0.0,0,0.0,0.9,68,57,0.1,10,0,0,0,0,1,9,0,0,0,0,0,0,0,0,0,10,0.19999999999999996,10,1.0,10,0,0,0,10,0,0,10,0,1,0,0,0,0,0,10,10,37,3466,3389,290,0,9,46,1.0,2900,0,23177,27,411,2900,30624
2025-07-10,argo,com.grab.sample.dummy,KDummyClass27,method1,1,0,9.0,0,0.0,0,0,1,0,12,0,1,10,0.0,10,0,9,1,0.0,1,2.0,0,9,0.0,0,0.0,0.9,68,57,0.1,10,0,0,0,0,1,9,0,0,0,0,0,0,0,0,0,10,0.19999999999999996,10,1.0,10,0,0,0,10,0,0,10,0,1,0,0,0,0,0,10,10,37,3466,3389,290,0,9,46,1.0,2900,0,23177,27,411,2900,30624
2025-07-10,argo,com.grab.sample.dummy,KDummyClass27,method2,1,2,0.0,0,0.0,0,0,1,0,5,0,1,0,0.0,0,0,0,5,0.0,0,2.4,0,0,0.0,0,0.0,0.9,68,57,0.1,10,0,0,0,0,1,9,0,0,0,0,0,0,0,0,0,10,0.19999999999999996,10,1.0,10,0,0,0,10,0,0,10,0,1,0,0,0,0,0,10,10,37,3466,3389,290,0,9,46,1.0,2900,0,23177,27,411,2900,30624
2025-07-10,argo,com.grab.sample.dummy,KDummyClass27,method3,1,2,0.0,0,0.0,0,0,1,0,5,0,1,0,0.0,0,0,0,5,0.0,0,2.4,0,0,0.0,0,0.0,0.9,68,57,0.1,10,0,0,0,0,1,9,0,0,0,0,0,0,0,0,0,10,0.19999999999999996,10,1.0,10,0,0,0,10,0,0,10,0,1,0,0,0,0,0,10,10,37,3466,3389,290,0,9,46,1.0,2900,0,23177,27,411,2900,30624
2025-07-10,argo,com.grab.sample.dummy,KDummyClass27,method4,1,2,0.0,0,0.0,0,0,1,0,5,0,1,0,0.0,0,0,0,5,0.0,0,2.4,0,0,0.0,0,0.0,0.9,68,57,0.1,10,0,0,0,0,1,9,0,0,0,0,0,0,0,0,0,10,0.19999999999999996,10,1.0,10,0,0,0,10,0,0,10,0,1,0,0,0,0,0,10,10,37,3466,3389,290,0,9,46,1.0,2900,0,23177,27,411,2900,30624
2025-07-10,argo,com.grab.sample.dummy,KDummyClass27,method5,1,2,0.0,0,0.0,0,0,1,0,5,0,1,0,0.0,0,0,0,5,0.0,0,2.4,0,0,0.0,0,0.0,0.9,68,57,0.1,10,0,0,0,0,1,9,0,0,0,0,0,0,0,0,0,10,0.19999999999999996,10,1.0,10,0,0,0,10,0,0,10,0,1,0,0,0,0,0,10,10,37,3466,3389,290,0,9,46,1.0,2900,0,23177,27,411,2900,30624
2025-07-10,argo,com.grab.sample.dummy,KDummyClass27,method6,1,2,0.0,0,0.0,0,0,1,0,5,0,1,0,0.0,0,0,0,5,0.0,0,2.4,0,0,0.0,0,0.0,0.9,68,57,0.1,10,0,0,0,0,1,9,0,0,0,0,0,0,0,0,0,10,0.19999999999999996,10,1.0,10,0,0,0,10,0,0,10,0,1,0,0,0,0,0,10,10,37,3466,3389,290,0,9,46,1.0,2900,0,23177,27,411,2900,30624
2025-07-10,argo,com.grab.sample.dummy,KDummyClass27,method7,1,2,0.0,0,0.0,0,0,1,0,5,0,1,0,0.0,0,0,0,5,0.0,0,2.4,0,0,0.0,0,0.0,0.9,68,57,0.1,10,0,0,0,0,1,9,0,0,0,0,0,0,0,0,0,10,0.19999999999999996,10,1.0,10,0,0,0,10,0,0,10,0,1,0,0,0,0,0,10,10,37,3466,3389,290,0,9,46,1.0,2900,0,23177,27,411,2900,30624
2025-07-10,argo,com.grab.sample.dummy,KDummyClass27,method8,1,2,0.0,0,0.0,0,0,1,0,5,0,1,0,0.0,0,0,0,5,0.0,0,2.4,0,0,0.0,0,0.0,0.9,68,57,0.1,10,0,0,0,0,1,9,0,0,0,0,0,0,0,0,0,10,0.19999999999999996,10,1.0,10,0,0,0,10,0,0,10,0,1,0,0,0,0,0,10,10,37,3466,3389,290,0,9,46,1.0,2900,0,23177,27,411,2900,30624
2025-07-10,argo,com.grab.sample.dummy,KDummyClass27,method9,1,2,0.0,0,0.0,0,0,1,0,5,0,1,0,0.0,0,0,0,5,0.0,0,2.4,0,0,0.0,0,0.0,0.9,68,57,0.1,10,0,0,0,0,1,9,0,0,0,0,0,0,0,0,0,10,0.19999999999999996,10,1.0,10,0,0,0,10,0,0,10,0,1,0,0,0,0,0,10,10,37,3466,3389,290,0,9,46,1.0,2900,0,23177,27,411,2900,30624
2025-07-10,argo,com.grab.sample.dummy,KDummyClass27,method10,1,2,0.0,0,0.0,0,0,1,0,5,0,1,0,0.0,0,0,0,5,0.0,0,2.4,0,0,0.0,0,0.0,0.9,68,57,0.1,10,0,0,0,0,1,9,0,0,0,0,0,0,0,0,0,10,0.19999999999999996,10,1.0,10,0,0,0,10,0,0,10,0,1,0,0,0,0,0,10,10,37,3466,3389,290,0,9,46,1.0,2900,0,23177,27,411,2900,30624
2025-07-10,argo,com.grab.sample.dummy,KDummyClass28,method1,1,0,9.0,0,0.0,0,0,1,0,12,0,1,10,0.0,10,0,9,1,0.0,1,2.0,0,9,0.0,0,0.0,0.9,68,57,0.1,10,0,0,0,0,1,9,0,0,0,0,0,0,0,0,0,10,0.19999999999999996,10,1.0,10,0,0,0,10,0,0,10,0,1,0,0,0,0,0,10,10,37,3466,3389,290,0,9,46,1.0,2900,0,23177,27,411,2900,30624
2025-07-10,argo,com.grab.sample.dummy,KDummyClass28,method2,1,2,0.0,0,0.0,0,0,1,0,5,0,1,0,0.0,0,0,0,5,0.0,0,2.4,0,0,0.0,0,0.0,0.9,68,57,0.1,10,0,0,0,0,1,9,0,0,0,0,0,0,0,0,0,10,0.19999999999999996,10,1.0,10,0,0,0,10,0,0,10,0,1,0,0,0,0,0,10,10,37,3466,3389,290,0,9,46,1.0,2900,0,23177,27,411,2900,30624
2025-07-10,argo,com.grab.sample.dummy,KDummyClass28,method3,1,2,0.0,0,0.0,0,0,1,0,5,0,1,0,0.0,0,0,0,5,0.0,0,2.4,0,0,0.0,0,0.0,0.9,68,57,0.1,10,0,0,0,0,1,9,0,0,0,0,0,0,0,0,0,10,0.19999999999999996,10,1.0,10,0,0,0,10,0,0,10,0,1,0,0,0,0,0,10,10,37,3466,3389,290,0,9,46,1.0,2900,0,23177,27,411,2900,30624
2025-07-10,argo,com.grab.sample.dummy,KDummyClass28,method4,1,2,0.0,0,0.0,0,0,1,0,5,0,1,0,0.0,0,0,0,5,0.0,0,2.4,0,0,0.0,0,0.0,0.9,68,57,0.1,10,0,0,0,0,1,9,0,0,0,0,0,0,0,0,0,10,0.19999999999999996,10,1.0,10,0,0,0,10,0,0,10,0,1,0,0,0,0,0,10,10,37,3466,3389,290,0,9,46,1.0,2900,0,23177,27,411,2900,30624
2025-07-10,argo,com.grab.sample.dummy,KDummyClass28,method5,1,2,0.0,0,0.0,0,0,1,0,5,0,1,0,0.0,0,0,0,5,0.0,0,2.4,0,0,0.0,0,0.0,0.9,68,57,0.1,10,0,0,0,0,1,9,0,0,0,0,0,0,0,0,0,10,0.19999999999999996,10,1.0,10,0,0,0,10,0,0,10,0,1,0,0,0,0,0,10,10,37,3466,3389,290,0,9,46,1.0,2900,0,23177,27,411,2900,30624
2025-07-10,argo,com.grab.sample.dummy,KDummyClass28,method6,1,2,0.0,0,0.0,0,0,1,0,5,0,1,0,0.0,0,0,0,5,0.0,0,2.4,0,0,0.0,0,0.0,0.9,68,57,0.1,10,0,0,0,0,1,9,0,0,0,0,0,0,0,0,0,10,0.19999999999999996,10,1.0,10,0,0,0,10,0,0,10,0,1,0,0,0,0,0,10,10,37,3466,3389,290,0,9,46,1.0,2900,0,23177,27,411,2900,30624
2025-07-10,argo,com.grab.sample.dummy,KDummyClass28,method7,1,2,0.0,0,0.0,0,0,1,0,5,0,1,0,0.0,0,0,0,5,0.0,0,2.4,0,0,0.0,0,0.0,0.9,68,57,0.1,10,0,0,0,0,1,9,0,0,0,0,0,0,0,0,0,10,0.19999999999999996,10,1.0,10,0,0,0,10,0,0,10,0,1,0,0,0,0,0,10,10,37,3466,3389,290,0,9,46,1.0,2900,0,23177,27,411,2900,30624
2025-07-10,argo,com.grab.sample.dummy,KDummyClass28,method8,1,2,0.0,0,0.0,0,0,1,0,5,0,1,0,0.0,0,0,0,5,0.0,0,2.4,0,0,0.0,0,0.0,0.9,68,57,0.1,10,0,0,0,0,1,9,0,0,0,0,0,0,0,0,0,10,0.19999999999999996,10,1.0,10,0,0,0,10,0,0,10,0,1,0,0,0,0,0,10,10,37,3466,3389,290,0,9,46,1.0,2900,0,23177,27,411,2900,30624
2025-07-10,argo,com.grab.sample.dummy,KDummyClass28,method9,1,2,0.0,0,0.0,0,0,1,0,5,0,1,0,0.0,0,0,0,5,0.0,0,2.4,0,0,0.0,0,0.0,0.9,68,57,0.1,10,0,0,0,0,1,9,0,0,0,0,0,0,0,0,0,10,0.19999999999999996,10,1.0,10,0,0,0,10,0,0,10,0,1,0,0,0,0,0,10,10,37,3466,3389,290,0,9,46,1.0,2900,0,23177,27,411,2900,30624
2025-07-10,argo,com.grab.sample.dummy,KDummyClass28,method10,1,2,0.0,0,0.0,0,0,1,0,5,0,1,0,0.0,0,0,0,5,0.0,0,2.4,0,0,0.0,0,0.0,0.9,68,57,0.1,10,0,0,0,0,1,9,0,0,0,0,0,0,0,0,0,10,0.19999999999999996,10,1.0,10,0,0,0,10,0,0,10,0,1,0,0,0,0,0,10,10,37,3466,3389,290,0,9,46,1.0,2900,0,23177,27,411,2900,30624
2025-07-10,argo,com.grab.sample.dummy,KDummyClass29,method1,1,0,9.0,0,0.0,0,0,1,0,12,0,1,10,0.0,10,0,9,1,0.0,1,2.0,0,9,0.0,0,0.0,0.9,68,57,0.1,10,0,0,0,0,1,9,0,0,0,0,0,0,0,0,0,10,0.19999999999999996,10,1.0,10,0,0,0,10,0,0,10,0,1,0,0,0,0,0,10,10,37,3466,3389,290,0,9,46,1.0,2900,0,23177,27,411,2900,30624
2025-07-10,argo,com.grab.sample.dummy,KDummyClass29,method2,1,2,0.0,0,0.0,0,0,1,0,5,0,1,0,0.0,0,0,0,5,0.0,0,2.4,0,0,0.0,0,0.0,0.9,68,57,0.1,10,0,0,0,0,1,9,0,0,0,0,0,0,0,0,0,10,0.19999999999999996,10,1.0,10,0,0,0,10,0,0,10,0,1,0,0,0,0,0,10,10,37,3466,3389,290,0,9,46,1.0,2900,0,23177,27,411,2900,30624
2025-07-10,argo,com.grab.sample.dummy,KDummyClass29,method3,1,2,0.0,0,0.0,0,0,1,0,5,0,1,0,0.0,0,0,0,5,0.0,0,2.4,0,0,0.0,0,0.0,0.9,68,57,0.1,10,0,0,0,0,1,9,0,0,0,0,0,0,0,0,0,10,0.19999999999999996,10,1.0,10,0,0,0,10,0,0,10,0,1,0,0,0,0,0,10,10,37,3466,3389,290,0,9,46,1.0,2900,0,23177,27,411,2900,30624
2025-07-10,argo,com.grab.sample.dummy,KDummyClass29,method4,1,2,0.0,0,0.0,0,0,1,0,5,0,1,0,0.0,0,0,0,5,0.0,0,2.4,0,0,0.0,0,0.0,0.9,68,57,0.1,10,0,0,0,0,1,9,0,0,0,0,0,0,0,0,0,10,0.19999999999999996,10,1.0,10,0,0,0,10,0,0,10,0,1,0,0,0,0,0,10,10,37,3466,3389,290,0,9,46,1.0,2900,0,23177,27,411,2900,30624
2025-07-10,argo,com.grab.sample.dummy,KDummyClass29,method5,1,2,0.0,0,0.0,0,0,1,0,5,0,1,0,0.0,0,0,0,5,0.0,0,2.4,0,0,0.0,0,0.0,0.9,68,57,0.1,10,0,0,0,0,1,9,0,0,0,0,0,0,0,0,0,10,0.19999999999999996,10,1.0,10,0,0,0,10,0,0,10,0,1,0,0,0,0,0,10,10,37,3466,3389,290,0,9,46,1.0,2900,0,23177,27,411,2900,30624
2025-07-10,argo,com.grab.sample.dummy,KDummyClass29,method6,1,2,0.0,0,0.0,0,0,1,0,5,0,1,0,0.0,0,0,0,5,0.0,0,2.4,0,0,0.0,0,0.0,0.9,68,57,0.1,10,0,0,0,0,1,9,0,0,0,0,0,0,0,0,0,10,0.19999999999999996,10,1.0,10,0,0,0,10,0,0,10,0,1,0,0,0,0,0,10,10,37,3466,3389,290,0,9,46,1.0,2900,0,23177,27,411,2900,30624
2025-07-10,argo,com.grab.sample.dummy,KDummyClass29,method7,1,2,0.0,0,0.0,0,0,1,0,5,0,1,0,0.0,0,0,0,5,0.0,0,2.4,0,0,0.0,0,0.0,0.9,68,57,0.1,10,0,0,0,0,1,9,0,0,0,0,0,0,0,0,0,10,0.19999999999999996,10,1.0,10,0,0,0,10,0,0,10,0,1,0,0,0,0,0,10,10,37,3466,3389,290,0,9,46,1.0,2900,0,23177,27,411,2900,30624
2025-07-10,argo,com.grab.sample.dummy,KDummyClass29,method8,1,2,0.0,0,0.0,0,0,1,0,5,0,1,0,0.0,0,0,0,5,0.0,0,2.4,0,0,0.0,0,0.0,0.9,68,57,0.1,10,0,0,0,0,1,9,0,0,0,0,0,0,0,0,0,10,0.19999999999999996,10,1.0,10,0,0,0,10,0,0,10,0,1,0,0,0,0,0,10,10,37,3466,3389,290,0,9,46,1.0,2900,0,23177,27,411,2900,30624
2025-07-10,argo,com.grab.sample.dummy,KDummyClass29,method9,1,2,0.0,0,0.0,0,0,1,0,5,0,1,0,0.0,0,0,0,5,0.0,0,2.4,0,0,0.0,0,0.0,0.9,68,57,0.1,10,0,0,0,0,1,9,0,0,0,0,0,0,0,0,0,10,0.19999999999999996,10,1.0,10,0,0,0,10,0,0,10,0,1,0,0,0,0,0,10,10,37,3466,3389,290,0,9,46,1.0,2900,0,23177,27,411,2900,30624
2025-07-10,argo,com.grab.sample.dummy,KDummyClass29,method10,1,2,0.0,0,0.0,0,0,1,0,5,0,1,0,0.0,0,0,0,5,0.0,0,2.4,0,0,0.0,0,0.0,0.9,68,57,0.1,10,0,0,0,0,1,9,0,0,0,0,0,0,0,0,0,10,0.19999999999999996,10,1.0,10,0,0,0,10,0,0,10,0,1,0,0,0,0,0,10,10,37,3466,3389,290,0,9,46,1.0,2900,0,23177,27,411,2900,30624
2025-07-10,argo,com.grab.sample.dummy,KDummyClass3,method1,1,0,9.0,0,0.0,0,0,1,0,12,0,1,10,0.0,10,0,9,1,0.0,1,2.0,0,9,0.0,0,0.0,0.9,68,57,0.1,10,0,0,0,0,1,9,0,0,0,0,0,0,0,0,0,10,0.19999999999999996,10,1.0,10,0,0,0,10,0,0,10,0,1,0,0,0,0,0,10,10,37,3466,3389,290,0,9,46,1.0,2900,0,23177,27,411,2900,30624
2025-07-10,argo,com.grab.sample.dummy,KDummyClass3,method2,1,2,0.0,0,0.0,0,0,1,0,5,0,1,0,0.0,0,0,0,5,0.0,0,2.4,0,0,0.0,0,0.0,0.9,68,57,0.1,10,0,0,0,0,1,9,0,0,0,0,0,0,0,0,0,10,0.19999999999999996,10,1.0,10,0,0,0,10,0,0,10,0,1,0,0,0,0,0,10,10,37,3466,3389,290,0,9,46,1.0,2900,0,23177,27,411,2900,30624
2025-07-10,argo,com.grab.sample.dummy,KDummyClass3,method3,1,2,0.0,0,0.0,0,0,1,0,5,0,1,0,0.0,0,0,0,5,0.0,0,2.4,0,0,0.0,0,0.0,0.9,68,57,0.1,10,0,0,0,0,1,9,0,0,0,0,0,0,0,0,0,10,0.19999999999999996,10,1.0,10,0,0,0,10,0,0,10,0,1,0,0,0,0,0,10,10,37,3466,3389,290,0,9,46,1.0,2900,0,23177,27,411,2900,30624
2025-07-10,argo,com.grab.sample.dummy,KDummyClass3,method4,1,2,0.0,0,0.0,0,0,1,0,5,0,1,0,0.0,0,0,0,5,0.0,0,2.4,0,0,0.0,0,0.0,0.9,68,57,0.1,10,0,0,0,0,1,9,0,0,0,0,0,0,0,0,0,10,0.19999999999999996,10,1.0,10,0,0,0,10,0,0,10,0,1,0,0,0,0,0,10,10,37,3466,3389,290,0,9,46,1.0,2900,0,23177,27,411,2900,30624
2025-07-10,argo,com.grab.sample.dummy,KDummyClass3,method5,1,2,0.0,0,0.0,0,0,1,0,5,0,1,0,0.0,0,0,0,5,0.0,0,2.4,0,0,0.0,0,0.0,0.9,68,57,0.1,10,0,0,0,0,1,9,0,0,0,0,0,0,0,0,0,10,0.19999999999999996,10,1.0,10,0,0,0,10,0,0,10,0,1,0,0,0,0,0,10,10,37,3466,3389,290,0,9,46,1.0,2900,0,23177,27,411,2900,30624
2025-07-10,argo,com.grab.sample.dummy,KDummyClass3,method6,1,2,0.0,0,0.0,0,0,1,0,5,0,1,0,0.0,0,0,0,5,0.0,0,2.4,0,0,0.0,0,0.0,0.9,68,57,0.1,10,0,0,0,0,1,9,0,0,0,0,0,0,0,0,0,10,0.19999999999999996,10,1.0,10,0,0,0,10,0,0,10,0,1,0,0,0,0,0,10,10,37,3466,3389,290,0,9,46,1.0,2900,0,23177,27,411,2900,30624
2025-07-10,argo,com.grab.sample.dummy,KDummyClass3,method7,1,2,0.0,0,0.0,0,0,1,0,5,0,1,0,0.0,0,0,0,5,0.0,0,2.4,0,0,0.0,0,0.0,0.9,68,57,0.1,10,0,0,0,0,1,9,0,0,0,0,0,0,0,0,0,10,0.19999999999999996,10,1.0,10,0,0,0,10,0,0,10,0,1,0,0,0,0,0,10,10,37,3466,3389,290,0,9,46,1.0,2900,0,23177,27,411,2900,30624
2025-07-10,argo,com.grab.sample.dummy,KDummyClass3,method8,1,2,0.0,0,0.0,0,0,1,0,5,0,1,0,0.0,0,0,0,5,0.0,0,2.4,0,0,0.0,0,0.0,0.9,68,57,0.1,10,0,0,0,0,1,9,0,0,0,0,0,0,0,0,0,10,0.19999999999999996,10,1.0,10,0,0,0,10,0,0,10,0,1,0,0,0,0,0,10,10,37,3466,3389,290,0,9,46,1.0,2900,0,23177,27,411,2900,30624
2025-07-10,argo,com.grab.sample.dummy,KDummyClass3,method9,1,2,0.0,0,0.0,0,0,1,0,5,0,1,0,0.0,0,0,0,5,0.0,0,2.4,0,0,0.0,0,0.0,0.9,68,57,0.1,10,0,0,0,0,1,9,0,0,0,0,0,0,0,0,0,10,0.19999999999999996,10,1.0,10,0,0,0,10,0,0,10,0,1,0,0,0,0,0,10,10,37,3466,3389,290,0,9,46,1.0,2900,0,23177,27,411,2900,30624
2025-07-10,argo,com.grab.sample.dummy,KDummyClass3,method10,1,2,0.0,0,0.0,0,0,1,0,5,0,1,0,0.0,0,0,0,5,0.0,0,2.4,0,0,0.0,0,0.0,0.9,68,57,0.1,10,0,0,0,0,1,9,0,0,0,0,0,0,0,0,0,10,0.19999999999999996,10,1.0,10,0,0,0,10,0,0,10,0,1,0,0,0,0,0,10,10,37,3466,3389,290,0,9,46,1.0,2900,0,23177,27,411,2900,30624
2025-07-10,argo,com.grab.sample.dummy,KDummyClass30,method1,1,0,9.0,0,0.0,0,0,1,0,12,0,1,10,0.0,10,0,9,1,0.0,1,2.0,0,9,0.0,0,0.0,0.9,68,57,0.1,10,0,0,0,0,1,9,0,0,0,0,0,0,0,0,0,10,0.19999999999999996,10,1.0,10,0,0,0,10,0,0,10,0,1,0,0,0,0,0,10,10,37,3466,3389,290,0,9,46,1.0,2900,0,23177,27,411,2900,30624
2025-07-10,argo,com.grab.sample.dummy,KDummyClass30,method2,1,2,0.0,0,0.0,0,0,1,0,5,0,1,0,0.0,0,0,0,5,0.0,0,2.4,0,0,0.0,0,0.0,0.9,68,57,0.1,10,0,0,0,0,1,9,0,0,0,0,0,0,0,0,0,10,0.19999999999999996,10,1.0,10,0,0,0,10,0,0,10,0,1,0,0,0,0,0,10,10,37,3466,3389,290,0,9,46,1.0,2900,0,23177,27,411,2900,30624
2025-07-10,argo,com.grab.sample.dummy,KDummyClass30,method3,1,2,0.0,0,0.0,0,0,1,0,5,0,1,0,0.0,0,0,0,5,0.0,0,2.4,0,0,0.0,0,0.0,0.9,68,57,0.1,10,0,0,0,0,1,9,0,0,0,0,0,0,0,0,0,10,0.19999999999999996,10,1.0,10,0,0,0,10,0,0,10,0,1,0,0,0,0,0,10,10,37,3466,3389,290,0,9,46,1.0,2900,0,23177,27,411,2900,30624
2025-07-10,argo,com.grab.sample.dummy,KDummyClass30,method4,1,2,0.0,0,0.0,0,0,1,0,5,0,1,0,0.0,0,0,0,5,0.0,0,2.4,0,0,0.0,0,0.0,0.9,68,57,0.1,10,0,0,0,0,1,9,0,0,0,0,0,0,0,0,0,10,0.19999999999999996,10,1.0,10,0,0,0,10,0,0,10,0,1,0,0,0,0,0,10,10,37,3466,3389,290,0,9,46,1.0,2900,0,23177,27,411,2900,30624
2025-07-10,argo,com.grab.sample.dummy,KDummyClass30,method5,1,2,0.0,0,0.0,0,0,1,0,5,0,1,0,0.0,0,0,0,5,0.0,0,2.4,0,0,0.0,0,0.0,0.9,68,57,0.1,10,0,0,0,0,1,9,0,0,0,0,0,0,0,0,0,10,0.19999999999999996,10,1.0,10,0,0,0,10,0,0,10,0,1,0,0,0,0,0,10,10,37,3466,3389,290,0,9,46,1.0,2900,0,23177,27,411,2900,30624
2025-07-10,argo,com.grab.sample.dummy,KDummyClass30,method6,1,2,0.0,0,0.0,0,0,1,0,5,0,1,0,0.0,0,0,0,5,0.0,0,2.4,0,0,0.0,0,0.0,0.9,68,57,0.1,10,0,0,0,0,1,9,0,0,0,0,0,0,0,0,0,10,0.19999999999999996,10,1.0,10,0,0,0,10,0,0,10,0,1,0,0,0,0,0,10,10,37,3466,3389,290,0,9,46,1.0,2900,0,23177,27,411,2900,30624
2025-07-10,argo,com.grab.sample.dummy,KDummyClass30,method7,1,2,0.0,0,0.0,0,0,1,0,5,0,1,0,0.0,0,0,0,5,0.0,0,2.4,0,0,0.0,0,0.0,0.9,68,57,0.1,10,0,0,0,0,1,9,0,0,0,0,0,0,0,0,0,10,0.19999999999999996,10,1.0,10,0,0,0,10,0,0,10,0,1,0,0,0,0,0,10,10,37,3466,3389,290,0,9,46,1.0,2900,0,23177,27,411,2900,30624
2025-07-10,argo,com.grab.sample.dummy,KDummyClass30,method8,1,2,0.0,0,0.0,0,0,1,0,5,0,1,0,0.0,0,0,0,5,0.0,0,2.4,0,0,0.0,0,0.0,0.9,68,57,0.1,10,0,0,0,0,1,9,0,0,0,0,0,0,0,0,0,10,0.19999999999999996,10,1.0,10,0,0,0,10,0,0,10,0,1,0,0,0,0,0,10,10,37,3466,3389,290,0,9,46,1.0,2900,0,23177,27,411,2900,30624
2025-07-10,argo,com.grab.sample.dummy,KDummyClass30,method9,1,2,0.0,0,0.0,0,0,1,0,5,0,1,0,0.0,0,0,0,5,0.0,0,2.4,0,0,0.0,0,0.0,0.9,68,57,0.1,10,0,0,0,0,1,9,0,0,0,0,0,0,0,0,0,10,0.19999999999999996,10,1.0,10,0,0,0,10,0,0,10,0,1,0,0,0,0,0,10,10,37,3466,3389,290,0,9,46,1.0,2900,0,23177,27,411,2900,30624
2025-07-10,argo,com.grab.sample.dummy,KDummyClass30,method10,1,2,0.0,0,0.0,0,0,1,0,5,0,1,0,0.0,0,0,0,5,0.0,0,2.4,0,0,0.0,0,0.0,0.9,68,57,0.1,10,0,0,0,0,1,9,0,0,0,0,0,0,0,0,0,10,0.19999999999999996,10,1.0,10,0,0,0,10,0,0,10,0,1,0,0,0,0,0,10,10,37,3466,3389,290,0,9,46,1.0,2900,0,23177,27,411,2900,30624
2025-07-10,argo,com.grab.sample.dummy,KDummyClass31,method1,1,0,9.0,0,0.0,0,0,1,0,12,0,1,10,0.0,10,0,9,1,0.0,1,2.0,0,9,0.0,0,0.0,0.9,68,57,0.1,10,0,0,0,0,1,9,0,0,0,0,0,0,0,0,0,10,0.19999999999999996,10,1.0,10,0,0,0,10,0,0,10,0,1,0,0,0,0,0,10,10,37,3466,3389,290,0,9,46,1.0,2900,0,23177,27,411,2900,30624
2025-07-10,argo,com.grab.sample.dummy,KDummyClass31,method2,1,2,0.0,0,0.0,0,0,1,0,5,0,1,0,0.0,0,0,0,5,0.0,0,2.4,0,0,0.0,0,0.0,0.9,68,57,0.1,10,0,0,0,0,1,9,0,0,0,0,0,0,0,0,0,10,0.19999999999999996,10,1.0,10,0,0,0,10,0,0,10,0,1,0,0,0,0,0,10,10,37,3466,3389,290,0,9,46,1.0,2900,0,23177,27,411,2900,30624
2025-07-10,argo,com.grab.sample.dummy,KDummyClass31,method3,1,2,0.0,0,0.0,0,0,1,0,5,0,1,0,0.0,0,0,0,5,0.0,0,2.4,0,0,0.0,0,0.0,0.9,68,57,0.1,10,0,0,0,0,1,9,0,0,0,0,0,0,0,0,0,10,0.19999999999999996,10,1.0,10,0,0,0,10,0,0,10,0,1,0,0,0,0,0,10,10,37,3466,3389,290,0,9,46,1.0,2900,0,23177,27,411,2900,30624
2025-07-10,argo,com.grab.sample.dummy,KDummyClass31,method4,1,2,0.0,0,0.0,0,0,1,0,5,0,1,0,0.0,0,0,0,5,0.0,0,2.4,0,0,0.0,0,0.0,0.9,68,57,0.1,10,0,0,0,0,1,9,0,0,0,0,0,0,0,0,0,10,0.19999999999999996,10,1.0,10,0,0,0,10,0,0,10,0,1,0,0,0,0,0,10,10,37,3466,3389,290,0,9,46,1.0,2900,0,23177,27,411,2900,30624
2025-07-10,argo,com.grab.sample.dummy,KDummyClass31,method5,1,2,0.0,0,0.0,0,0,1,0,5,0,1,0,0.0,0,0,0,5,0.0,0,2.4,0,0,0.0,0,0.0,0.9,68,57,0.1,10,0,0,0,0,1,9,0,0,0,0,0,0,0,0,0,10,0.19999999999999996,10,1.0,10,0,0,0,10,0,0,10,0,1,0,0,0,0,0,10,10,37,3466,3389,290,0,9,46,1.0,2900,0,23177,27,411,2900,30624
2025-07-10,argo,com.grab.sample.dummy,KDummyClass31,method6,1,2,0.0,0,0.0,0,0,1,0,5,0,1,0,0.0,0,0,0,5,0.0,0,2.4,0,0,0.0,0,0.0,0.9,68,57,0.1,10,0,0,0,0,1,9,0,0,0,0,0,0,0,0,0,10,0.19999999999999996,10,1.0,10,0,0,0,10,0,0,10,0,1,0,0,0,0,0,10,10,37,3466,3389,290,0,9,46,1.0,2900,0,23177,27,411,2900,30624
2025-07-10,argo,com.grab.sample.dummy,KDummyClass31,method7,1,2,0.0,0,0.0,0,0,1,0,5,0,1,0,0.0,0,0,0,5,0.0,0,2.4,0,0,0.0,0,0.0,0.9,68,57,0.1,10,0,0,0,0,1,9,0,0,0,0,0,0,0,0,0,10,0.19999999999999996,10,1.0,10,0,0,0,10,0,0,10,0,1,0,0,0,0,0,10,10,37,3466,3389,290,0,9,46,1.0,2900,0,23177,27,411,2900,30624
2025-07-10,argo,com.grab.sample.dummy,KDummyClass31,method8,1,2,0.0,0,0.0,0,0,1,0,5,0,1,0,0.0,0,0,0,5,0.0,0,2.4,0,0,0.0,0,0.0,0.9,68,57,0.1,10,0,0,0,0,1,9,0,0,0,0,0,0,0,0,0,10,0.19999999999999996,10,1.0,10,0,0,0,10,0,0,10,0,1,0,0,0,0,0,10,10,37,3466,3389,290,0,9,46,1.0,2900,0,23177,27,411,2900,30624
2025-07-10,argo,com.grab.sample.dummy,KDummyClass31,method9,1,2,0.0,0,0.0,0,0,1,0,5,0,1,0,0.0,0,0,0,5,0.0,0,2.4,0,0,0.0,0,0.0,0.9,68,57,0.1,10,0,0,0,0,1,9,0,0,0,0,0,0,0,0,0,10,0.19999999999999996,10,1.0,10,0,0,0,10,0,0,10,0,1,0,0,0,0,0,10,10,37,3466,3389,290,0,9,46,1.0,2900,0,23177,27,411,2900,30624
2025-07-10,argo,com.grab.sample.dummy,KDummyClass31,method10,1,2,0.0,0,0.0,0,0,1,0,5,0,1,0,0.0,0,0,0,5,0.0,0,2.4,0,0,0.0,0,0.0,0.9,68,57,0.1,10,0,0,0,0,1,9,0,0,0,0,0,0,0,0,0,10,0.19999999999999996,10,1.0,10,0,0,0,10,0,0,10,0,1,0,0,0,0,0,10,10,37,3466,3389,290,0,9,46,1.0,2900,0,23177,27,411,2900,30624
2025-07-10,argo,com.grab.sample.dummy,KDummyClass32,method1,1,0,9.0,0,0.0,0,0,1,0,12,0,1,10,0.0,10,0,9,1,0.0,1,2.0,0,9,0.0,0,0.0,0.9,68,57,0.1,10,0,0,0,0,1,9,0,0,0,0,0,0,0,0,0,10,0.19999999999999996,10,1.0,10,0,0,0,10,0,0,10,0,1,0,0,0,0,0,10,10,37,3466,3389,290,0,9,46,1.0,2900,0,23177,27,411,2900,30624
2025-07-10,argo,com.grab.sample.dummy,KDummyClass32,method2,1,2,0.0,0,0.0,0,0,1,0,5,0,1,0,0.0,0,0,0,5,0.0,0,2.4,0,0,0.0,0,0.0,0.9,68,57,0.1,10,0,0,0,0,1,9,0,0,0,0,0,0,0,0,0,10,0.19999999999999996,10,1.0,10,0,0,0,10,0,0,10,0,1,0,0,0,0,0,10,10,37,3466,3389,290,0,9,46,1.0,2900,0,23177,27,411,2900,30624
2025-07-10,argo,com.grab.sample.dummy,KDummyClass32,method3,1,2,0.0,0,0.0,0,0,1,0,5,0,1,0,0.0,0,0,0,5,0.0,0,2.4,0,0,0.0,0,0.0,0.9,68,57,0.1,10,0,0,0,0,1,9,0,0,0,0,0,0,0,0,0,10,0.19999999999999996,10,1.0,10,0,0,0,10,0,0,10,0,1,0,0,0,0,0,10,10,37,3466,3389,290,0,9,46,1.0,2900,0,23177,27,411,2900,30624
2025-07-10,argo,com.grab.sample.dummy,KDummyClass32,method4,1,2,0.0,0,0.0,0,0,1,0,5,0,1,0,0.0,0,0,0,5,0.0,0,2.4,0,0,0.0,0,0.0,0.9,68,57,0.1,10,0,0,0,0,1,9,0,0,0,0,0,0,0,0,0,10,0.19999999999999996,10,1.0,10,0,0,0,10,0,0,10,0,1,0,0,0,0,0,10,10,37,3466,3389,290,0,9,46,1.0,2900,0,23177,27,411,2900,30624
2025-07-10,argo,com.grab.sample.dummy,KDummyClass32,method5,1,2,0.0,0,0.0,0,0,1,0,5,0,1,0,0.0,0,0,0,5,0.0,0,2.4,0,0,0.0,0,0.0,0.9,68,57,0.1,10,0,0,0,0,1,9,0,0,0,0,0,0,0,0,0,10,0.19999999999999996,10,1.0,10,0,0,0,10,0,0,10,0,1,0,0,0,0,0,10,10,37,3466,3389,290,0,9,46,1.0,2900,0,23177,27,411,2900,30624
2025-07-10,argo,com.grab.sample.dummy,KDummyClass32,method6,1,2,0.0,0,0.0,0,0,1,0,5,0,1,0,0.0,0,0,0,5,0.0,0,2.4,0,0,0.0,0,0.0,0.9,68,57,0.1,10,0,0,0,0,1,9,0,0,0,0,0,0,0,0,0,10,0.19999999999999996,10,1.0,10,0,0,0,10,0,0,10,0,1,0,0,0,0,0,10,10,37,3466,3389,290,0,9,46,1.0,2900,0,23177,27,411,2900,30624
2025-07-10,argo,com.grab.sample.dummy,KDummyClass32,method7,1,2,0.0,0,0.0,0,0,1,0,5,0,1,0,0.0,0,0,0,5,0.0,0,2.4,0,0,0.0,0,0.0,0.9,68,57,0.1,10,0,0,0,0,1,9,0,0,0,0,0,0,0,0,0,10,0.19999999999999996,10,1.0,10,0,0,0,10,0,0,10,0,1,0,0,0,0,0,10,10,37,3466,3389,290,0,9,46,1.0,2900,0,23177,27,411,2900,30624
2025-07-10,argo,com.grab.sample.dummy,KDummyClass32,method8,1,2,0.0,0,0.0,0,0,1,0,5,0,1,0,0.0,0,0,0,5,0.0,0,2.4,0,0,0.0,0,0.0,0.9,68,57,0.1,10,0,0,0,0,1,9,0,0,0,0,0,0,0,0,0,10,0.19999999999999996,10,1.0,10,0,0,0,10,0,0,10,0,1,0,0,0,0,0,10,10,37,3466,3389,290,0,9,46,1.0,2900,0,23177,27,411,2900,30624
2025-07-10,argo,com.grab.sample.dummy,KDummyClass32,method9,1,2,0.0,0,0.0,0,0,1,0,5,0,1,0,0.0,0,0,0,5,0.0,0,2.4,0,0,0.0,0,0.0,0.9,68,57,0.1,10,0,0,0,0,1,9,0,0,0,0,0,0,0,0,0,10,0.19999999999999996,10,1.0,10,0,0,0,10,0,0,10,0,1,0,0,0,0,0,10,10,37,3466,3389,290,0,9,46,1.0,2900,0,23177,27,411,2900,30624
2025-07-10,argo,com.grab.sample.dummy,KDummyClass32,method10,1,2,0.0,0,0.0,0,0,1,0,5,0,1,0,0.0,0,0,0,5,0.0,0,2.4,0,0,0.0,0,0.0,0.9,68,57,0.1,10,0,0,0,0,1,9,0,0,0,0,0,0,0,0,0,10,0.19999999999999996,10,1.0,10,0,0,0,10,0,0,10,0,1,0,0,0,0,0,10,10,37,3466,3389,290,0,9,46,1.0,2900,0,23177,27,411,2900,30624
2025-07-10,argo,com.grab.sample.dummy,KDummyClass33,method1,1,0,9.0,0,0.0,0,0,1,0,12,0,1,10,0.0,10,0,9,1,0.0,1,2.0,0,9,0.0,0,0.0,0.9,68,57,0.1,10,0,0,0,0,1,9,0,0,0,0,0,0,0,0,0,10,0.19999999999999996,10,1.0,10,0,0,0,10,0,0,10,0,1,0,0,0,0,0,10,10,37,3466,3389,290,0,9,46,1.0,2900,0,23177,27,411,2900,30624
2025-07-10,argo,com.grab.sample.dummy,KDummyClass33,method2,1,2,0.0,0,0.0,0,0,1,0,5,0,1,0,0.0,0,0,0,5,0.0,0,2.4,0,0,0.0,0,0.0,0.9,68,57,0.1,10,0,0,0,0,1,9,0,0,0,0,0,0,0,0,0,10,0.19999999999999996,10,1.0,10,0,0,0,10,0,0,10,0,1,0,0,0,0,0,10,10,37,3466,3389,290,0,9,46,1.0,2900,0,23177,27,411,2900,30624
2025-07-10,argo,com.grab.sample.dummy,KDummyClass33,method3,1,2,0.0,0,0.0,0,0,1,0,5,0,1,0,0.0,0,0,0,5,0.0,0,2.4,0,0,0.0,0,0.0,0.9,68,57,0.1,10,0,0,0,0,1,9,0,0,0,0,0,0,0,0,0,10,0.19999999999999996,10,1.0,10,0,0,0,10,0,0,10,0,1,0,0,0,0,0,10,10,37,3466,3389,290,0,9,46,1.0,2900,0,23177,27,411,2900,30624
2025-07-10,argo,com.grab.sample.dummy,KDummyClass33,method4,1,2,0.0,0,0.0,0,0,1,0,5,0,1,0,0.0,0,0,0,5,0.0,0,2.4,0,0,0.0,0,0.0,0.9,68,57,0.1,10,0,0,0,0,1,9,0,0,0,0,0,0,0,0,0,10,0.19999999999999996,10,1.0,10,0,0,0,10,0,0,10,0,1,0,0,0,0,0,10,10,37,3466,3389,290,0,9,46,1.0,2900,0,23177,27,411,2900,30624
2025-07-10,argo,com.grab.sample.dummy,KDummyClass33,method5,1,2,0.0,0,0.0,0,0,1,0,5,0,1,0,0.0,0,0,0,5,0.0,0,2.4,0,0,0.0,0,0.0,0.9,68,57,0.1,10,0,0,0,0,1,9,0,0,0,0,0,0,0,0,0,10,0.19999999999999996,10,1.0,10,0,0,0,10,0,0,10,0,1,0,0,0,0,0,10,10,37,3466,3389,290,0,9,46,1.0,2900,0,23177,27,411,2900,30624
2025-07-10,argo,com.grab.sample.dummy,KDummyClass33,method6,1,2,0.0,0,0.0,0,0,1,0,5,0,1,0,0.0,0,0,0,5,0.0,0,2.4,0,0,0.0,0,0.0,0.9,68,57,0.1,10,0,0,0,0,1,9,0,0,0,0,0,0,0,0,0,10,0.19999999999999996,10,1.0,10,0,0,0,10,0,0,10,0,1,0,0,0,0,0,10,10,37,3466,3389,290,0,9,46,1.0,2900,0,23177,27,411,2900,30624
2025-07-10,argo,com.grab.sample.dummy,KDummyClass33,method7,1,2,0.0,0,0.0,0,0,1,0,5,0,1,0,0.0,0,0,0,5,0.0,0,2.4,0,0,0.0,0,0.0,0.9,68,57,0.1,10,0,0,0,0,1,9,0,0,0,0,0,0,0,0,0,10,0.19999999999999996,10,1.0,10,0,0,0,10,0,0,10,0,1,0,0,0,0,0,10,10,37,3466,3389,290,0,9,46,1.0,2900,0,23177,27,411,2900,30624
2025-07-10,argo,com.grab.sample.dummy,KDummyClass33,method8,1,2,0.0,0,0.0,0,0,1,0,5,0,1,0,0.0,0,0,0,5,0.0,0,2.4,0,0,0.0,0,0.0,0.9,68,57,0.1,10,0,0,0,0,1,9,0,0,0,0,0,0,0,0,0,10,0.19999999999999996,10,1.0,10,0,0,0,10,0,0,10,0,1,0,0,0,0,0,10,10,37,3466,3389,290,0,9,46,1.0,2900,0,23177,27,411,2900,30624
2025-07-10,argo,com.grab.sample.dummy,KDummyClass33,method9,1,2,0.0,0,0.0,0,0,1,0,5,0,1,0,0.0,0,0,0,5,0.0,0,2.4,0,0,0.0,0,0.0,0.9,68,57,0.1,10,0,0,0,0,1,9,0,0,0,0,0,0,0,0,0,10,0.19999999999999996,10,1.0,10,0,0,0,10,0,0,10,0,1,0,0,0,0,0,10,10,37,3466,3389,290,0,9,46,1.0,2900,0,23177,27,411,2900,30624
2025-07-10,argo,com.grab.sample.dummy,KDummyClass33,method10,1,2,0.0,0,0.0,0,0,1,0,5,0,1,0,0.0,0,0,0,5,0.0,0,2.4,0,0,0.0,0,0.0,0.9,68,57,0.1,10,0,0,0,0,1,9,0,0,0,0,0,0,0,0,0,10,0.19999999999999996,10,1.0,10,0,0,0,10,0,0,10,0,1,0,0,0,0,0,10,10,37,3466,3389,290,0,9,46,1.0,2900,0,23177,27,411,2900,30624
2025-07-10,argo,com.grab.sample.dummy,KDummyClass34,method1,1,0,9.0,0,0.0,0,0,1,0,12,0,1,10,0.0,10,0,9,1,0.0,1,2.0,0,9,0.0,0,0.0,0.9,68,57,0.1,10,0,0,0,0,1,9,0,0,0,0,0,0,0,0,0,10,0.19999999999999996,10,1.0,10,0,0,0,10,0,0,10,0,1,0,0,0,0,0,10,10,37,3466,3389,290,0,9,46,1.0,2900,0,23177,27,411,2900,30624
2025-07-10,argo,com.grab.sample.dummy,KDummyClass34,method2,1,2,0.0,0,0.0,0,0,1,0,5,0,1,0,0.0,0,0,0,5,0.0,0,2.4,0,0,0.0,0,0.0,0.9,68,57,0.1,10,0,0,0,0,1,9,0,0,0,0,0,0,0,0,0,10,0.19999999999999996,10,1.0,10,0,0,0,10,0,0,10,0,1,0,0,0,0,0,10,10,37,3466,3389,290,0,9,46,1.0,2900,0,23177,27,411,2900,30624
2025-07-10,argo,com.grab.sample.dummy,KDummyClass34,method3,1,2,0.0,0,0.0,0,0,1,0,5,0,1,0,0.0,0,0,0,5,0.0,0,2.4,0,0,0.0,0,0.0,0.9,68,57,0.1,10,0,0,0,0,1,9,0,0,0,0,0,0,0,0,0,10,0.19999999999999996,10,1.0,10,0,0,0,10,0,0,10,0,1,0,0,0,0,0,10,10,37,3466,3389,290,0,9,46,1.0,2900,0,23177,27,411,2900,30624
2025-07-10,argo,com.grab.sample.dummy,KDummyClass34,method4,1,2,0.0,0,0.0,0,0,1,0,5,0,1,0,0.0,0,0,0,5,0.0,0,2.4,0,0,0.0,0,0.0,0.9,68,57,0.1,10,0,0,0,0,1,9,0,0,0,0,0,0,0,0,0,10,0.19999999999999996,10,1.0,10,0,0,0,10,0,0,10,0,1,0,0,0,0,0,10,10,37,3466,3389,290,0,9,46,1.0,2900,0,23177,27,411,2900,30624
2025-07-10,argo,com.grab.sample.dummy,KDummyClass34,method5,1,2,0.0,0,0.0,0,0,1,0,5,0,1,0,0.0,0,0,0,5,0.0,0,2.4,0,0,0.0,0,0.0,0.9,68,57,0.1,10,0,0,0,0,1,9,0,0,0,0,0,0,0,0,0,10,0.19999999999999996,10,1.0,10,0,0,0,10,0,0,10,0,1,0,0,0,0,0,10,10,37,3466,3389,290,0,9,46,1.0,2900,0,23177,27,411,2900,30624
2025-07-10,argo,com.grab.sample.dummy,KDummyClass34,method6,1,2,0.0,0,0.0,0,0,1,0,5,0,1,0,0.0,0,0,0,5,0.0,0,2.4,0,0,0.0,0,0.0,0.9,68,57,0.1,10,0,0,0,0,1,9,0,0,0,0,0,0,0,0,0,10,0.19999999999999996,10,1.0,10,0,0,0,10,0,0,10,0,1,0,0,0,0,0,10,10,37,3466,3389,290,0,9,46,1.0,2900,0,23177,27,411,2900,30624
2025-07-10,argo,com.grab.sample.dummy,KDummyClass34,method7,1,2,0.0,0,0.0,0,0,1,0,5,0,1,0,0.0,0,0,0,5,0.0,0,2.4,0,0,0.0,0,0.0,0.9,68,57,0.1,10,0,0,0,0,1,9,0,0,0,0,0,0,0,0,0,10,0.19999999999999996,10,1.0,10,0,0,0,10,0,0,10,0,1,0,0,0,0,0,10,10,37,3466,3389,290,0,9,46,1.0,2900,0,23177,27,411,2900,30624
2025-07-10,argo,com.grab.sample.dummy,KDummyClass34,method8,1,2,0.0,0,0.0,0,0,1,0,5,0,1,0,0.0,0,0,0,5,0.0,0,2.4,0,0,0.0,0,0.0,0.9,68,57,0.1,10,0,0,0,0,1,9,0,0,0,0,0,0,0,0,0,10,0.19999999999999996,10,1.0,10,0,0,0,10,0,0,10,0,1,0,0,0,0,0,10,10,37,3466,3389,290,0,9,46,1.0,2900,0,23177,27,411,2900,30624
2025-07-10,argo,com.grab.sample.dummy,KDummyClass34,method9,1,2,0.0,0,0.0,0,0,1,0,5,0,1,0,0.0,0,0,0,5,0.0,0,2.4,0,0,0.0,0,0.0,0.9,68,57,0.1,10,0,0,0,0,1,9,0,0,0,0,0,0,0,0,0,10,0.19999999999999996,10,1.0,10,0,0,0,10,0,0,10,0,1,0,0,0,0,0,10,10,37,3466,3389,290,0,9,46,1.0,2900,0,23177,27,411,2900,30624
2025-07-10,argo,com.grab.sample.dummy,KDummyClass34,method10,1,2,0.0,0,0.0,0,0,1,0,5,0,1,0,0.0,0,0,0,5,0.0,0,2.4,0,0,0.0,0,0.0,0.9,68,57,0.1,10,0,0,0,0,1,9,0,0,0,0,0,0,0,0,0,10,0.19999999999999996,10,1.0,10,0,0,0,10,0,0,10,0,1,0,0,0,0,0,10,10,37,3466,3389,290,0,9,46,1.0,2900,0,23177,27,411,2900,30624
2025-07-10,argo,com.grab.sample.dummy,KDummyClass35,method1,1,0,9.0,0,0.0,0,0,1,0,12,0,1,10,0.0,10,0,9,1,0.0,1,2.0,0,9,0.0,0,0.0,0.9,68,57,0.1,10,0,0,0,0,1,9,0,0,0,0,0,0,0,0,0,10,0.19999999999999996,10,1.0,10,0,0,0,10,0,0,10,0,1,0,0,0,0,0,10,10,37,3466,3389,290,0,9,46,1.0,2900,0,23177,27,411,2900,30624
2025-07-10,argo,com.grab.sample.dummy,KDummyClass35,method2,1,2,0.0,0,0.0,0,0,1,0,5,0,1,0,0.0,0,0,0,5,0.0,0,2.4,0,0,0.0,0,0.0,0.9,68,57,0.1,10,0,0,0,0,1,9,0,0,0,0,0,0,0,0,0,10,0.19999999999999996,10,1.0,10,0,0,0,10,0,0,10,0,1,0,0,0,0,0,10,10,37,3466,3389,290,0,9,46,1.0,2900,0,23177,27,411,2900,30624
2025-07-10,argo,com.grab.sample.dummy,KDummyClass35,method3,1,2,0.0,0,0.0,0,0,1,0,5,0,1,0,0.0,0,0,0,5,0.0,0,2.4,0,0,0.0,0,0.0,0.9,68,57,0.1,10,0,0,0,0,1,9,0,0,0,0,0,0,0,0,0,10,0.19999999999999996,10,1.0,10,0,0,0,10,0,0,10,0,1,0,0,0,0,0,10,10,37,3466,3389,290,0,9,46,1.0,2900,0,23177,27,411,2900,30624
2025-07-10,argo,com.grab.sample.dummy,KDummyClass35,method4,1,2,0.0,0,0.0,0,0,1,0,5,0,1,0,0.0,0,0,0,5,0.0,0,2.4,0,0,0.0,0,0.0,0.9,68,57,0.1,10,0,0,0,0,1,9,0,0,0,0,0,0,0,0,0,10,0.19999999999999996,10,1.0,10,0,0,0,10,0,0,10,0,1,0,0,0,0,0,10,10,37,3466,3389,290,0,9,46,1.0,2900,0,23177,27,411,2900,30624
2025-07-10,argo,com.grab.sample.dummy,KDummyClass35,method5,1,2,0.0,0,0.0,0,0,1,0,5,0,1,0,0.0,0,0,0,5,0.0,0,2.4,0,0,0.0,0,0.0,0.9,68,57,0.1,10,0,0,0,0,1,9,0,0,0,0,0,0,0,0,0,10,0.19999999999999996,10,1.0,10,0,0,0,10,0,0,10,0,1,0,0,0,0,0,10,10,37,3466,3389,290,0,9,46,1.0,2900,0,23177,27,411,2900,30624
2025-07-10,argo,com.grab.sample.dummy,KDummyClass35,method6,1,2,0.0,0,0.0,0,0,1,0,5,0,1,0,0.0,0,0,0,5,0.0,0,2.4,0,0,0.0,0,0.0,0.9,68,57,0.1,10,0,0,0,0,1,9,0,0,0,0,0,0,0,0,0,10,0.19999999999999996,10,1.0,10,0,0,0,10,0,0,10,0,1,0,0,0,0,0,10,10,37,3466,3389,290,0,9,46,1.0,2900,0,23177,27,411,2900,30624
2025-07-10,argo,com.grab.sample.dummy,KDummyClass35,method7,1,2,0.0,0,0.0,0,0,1,0,5,0,1,0,0.0,0,0,0,5,0.0,0,2.4,0,0,0.0,0,0.0,0.9,68,57,0.1,10,0,0,0,0,1,9,0,0,0,0,0,0,0,0,0,10,0.19999999999999996,10,1.0,10,0,0,0,10,0,0,10,0,1,0,0,0,0,0,10,10,37,3466,3389,290,0,9,46,1.0,2900,0,23177,27,411,2900,30624
2025-07-10,argo,com.grab.sample.dummy,KDummyClass35,method8,1,2,0.0,0,0.0,0,0,1,0,5,0,1,0,0.0,0,0,0,5,0.0,0,2.4,0,0,0.0,0,0.0,0.9,68,57,0.1,10,0,0,0,0,1,9,0,0,0,0,0,0,0,0,0,10,0.19999999999999996,10,1.0,10,0,0,0,10,0,0,10,0,1,0,0,0,0,0,10,10,37,3466,3389,290,0,9,46,1.0,2900,0,23177,27,411,2900,30624
2025-07-10,argo,com.grab.sample.dummy,KDummyClass35,method9,1,2,0.0,0,0.0,0,0,1,0,5,0,1,0,0.0,0,0,0,5,0.0,0,2.4,0,0,0.0,0,0.0,0.9,68,57,0.1,10,0,0,0,0,1,9,0,0,0,0,0,0,0,0,0,10,0.19999999999999996,10,1.0,10,0,0,0,10,0,0,10,0,1,0,0,0,0,0,10,10,37,3466,3389,290,0,9,46,1.0,2900,0,23177,27,411,2900,30624
2025-07-10,argo,com.grab.sample.dummy,KDummyClass35,method10,1,2,0.0,0,0.0,0,0,1,0,5,0,1,0,0.0,0,0,0,5,0.0,0,2.4,0,0,0.0,0,0.0,0.9,68,57,0.1,10,0,0,0,0,1,9,0,0,0,0,0,0,0,0,0,10,0.19999999999999996,10,1.0,10,0,0,0,10,0,0,10,0,1,0,0,0,0,0,10,10,37,3466,3389,290,0,9,46,1.0,2900,0,23177,27,411,2900,30624
2025-07-10,argo,com.grab.sample.dummy,KDummyClass36,method1,1,0,9.0,0,0.0,0,0,1,0,12,0,1,10,0.0,10,0,9,1,0.0,1,2.0,0,9,0.0,0,0.0,0.9,68,57,0.1,10,0,0,0,0,1,9,0,0,0,0,0,0,0,0,0,10,0.19999999999999996,10,1.0,10,0,0,0,10,0,0,10,0,1,0,0,0,0,0,10,10,37,3466,3389,290,0,9,46,1.0,2900,0,23177,27,411,2900,30624
2025-07-10,argo,com.grab.sample.dummy,KDummyClass36,method2,1,2,0.0,0,0.0,0,0,1,0,5,0,1,0,0.0,0,0,0,5,0.0,0,2.4,0,0,0.0,0,0.0,0.9,68,57,0.1,10,0,0,0,0,1,9,0,0,0,0,0,0,0,0,0,10,0.19999999999999996,10,1.0,10,0,0,0,10,0,0,10,0,1,0,0,0,0,0,10,10,37,3466,3389,290,0,9,46,1.0,2900,0,23177,27,411,2900,30624
2025-07-10,argo,com.grab.sample.dummy,KDummyClass36,method3,1,2,0.0,0,0.0,0,0,1,0,5,0,1,0,0.0,0,0,0,5,0.0,0,2.4,0,0,0.0,0,0.0,0.9,68,57,0.1,10,0,0,0,0,1,9,0,0,0,0,0,0,0,0,0,10,0.19999999999999996,10,1.0,10,0,0,0,10,0,0,10,0,1,0,0,0,0,0,10,10,37,3466,3389,290,0,9,46,1.0,2900,0,23177,27,411,2900,30624
2025-07-10,argo,com.grab.sample.dummy,KDummyClass36,method4,1,2,0.0,0,0.0,0,0,1,0,5,0,1,0,0.0,0,0,0,5,0.0,0,2.4,0,0,0.0,0,0.0,0.9,68,57,0.1,10,0,0,0,0,1,9,0,0,0,0,0,0,0,0,0,10,0.19999999999999996,10,1.0,10,0,0,0,10,0,0,10,0,1,0,0,0,0,0,10,10,37,3466,3389,290,0,9,46,1.0,2900,0,23177,27,411,2900,30624
2025-07-10,argo,com.grab.sample.dummy,KDummyClass36,method5,1,2,0.0,0,0.0,0,0,1,0,5,0,1,0,0.0,0,0,0,5,0.0,0,2.4,0,0,0.0,0,0.0,0.9,68,57,0.1,10,0,0,0,0,1,9,0,0,0,0,0,0,0,0,0,10,0.19999999999999996,10,1.0,10,0,0,0,10,0,0,10,0,1,0,0,0,0,0,10,10,37,3466,3389,290,0,9,46,1.0,2900,0,23177,27,411,2900,30624
2025-07-10,argo,com.grab.sample.dummy,KDummyClass36,method6,1,2,0.0,0,0.0,0,0,1,0,5,0,1,0,0.0,0,0,0,5,0.0,0,2.4,0,0,0.0,0,0.0,0.9,68,57,0.1,10,0,0,0,0,1,9,0,0,0,0,0,0,0,0,0,10,0.19999999999999996,10,1.0,10,0,0,0,10,0,0,10,0,1,0,0,0,0,0,10,10,37,3466,3389,290,0,9,46,1.0,2900,0,23177,27,411,2900,30624
2025-07-10,argo,com.grab.sample.dummy,KDummyClass36,method7,1,2,0.0,0,0.0,0,0,1,0,5,0,1,0,0.0,0,0,0,5,0.0,0,2.4,0,0,0.0,0,0.0,0.9,68,57,0.1,10,0,0,0,0,1,9,0,0,0,0,0,0,0,0,0,10,0.19999999999999996,10,1.0,10,0,0,0,10,0,0,10,0,1,0,0,0,0,0,10,10,37,3466,3389,290,0,9,46,1.0,2900,0,23177,27,411,2900,30624
2025-07-10,argo,com.grab.sample.dummy,KDummyClass36,method8,1,2,0.0,0,0.0,0,0,1,0,5,0,1,0,0.0,0,0,0,5,0.0,0,2.4,0,0,0.0,0,0.0,0.9,68,57,0.1,10,0,0,0,0,1,9,0,0,0,0,0,0,0,0,0,10,0.19999999999999996,10,1.0,10,0,0,0,10,0,0,10,0,1,0,0,0,0,0,10,10,37,3466,3389,290,0,9,46,1.0,2900,0,23177,27,411,2900,30624
2025-07-10,argo,com.grab.sample.dummy,KDummyClass36,method9,1,2,0.0,0,0.0,0,0,1,0,5,0,1,0,0.0,0,0,0,5,0.0,0,2.4,0,0,0.0,0,0.0,0.9,68,57,0.1,10,0,0,0,0,1,9,0,0,0,0,0,0,0,0,0,10,0.19999999999999996,10,1.0,10,0,0,0,10,0,0,10,0,1,0,0,0,0,0,10,10,37,3466,3389,290,0,9,46,1.0,2900,0,23177,27,411,2900,30624
2025-07-10,argo,com.grab.sample.dummy,KDummyClass36,method10,1,2,0.0,0,0.0,0,0,1,0,5,0,1,0,0.0,0,0,0,5,0.0,0,2.4,0,0,0.0,0,0.0,0.9,68,57,0.1,10,0,0,0,0,1,9,0,0,0,0,0,0,0,0,0,10,0.19999999999999996,10,1.0,10,0,0,0,10,0,0,10,0,1,0,0,0,0,0,10,10,37,3466,3389,290,0,9,46,1.0,2900,0,23177,27,411,2900,30624
2025-07-10,argo,com.grab.sample.dummy,KDummyClass37,method1,1,0,9.0,0,0.0,0,0,1,0,12,0,1,10,0.0,10,0,9,1,0.0,1,2.0,0,9,0.0,0,0.0,0.9,68,57,0.1,10,0,0,0,0,1,9,0,0,0,0,0,0,0,0,0,10,0.19999999999999996,10,1.0,10,0,0,0,10,0,0,10,0,1,0,0,0,0,0,10,10,37,3466,3389,290,0,9,46,1.0,2900,0,23177,27,411,2900,30624
2025-07-10,argo,com.grab.sample.dummy,KDummyClass37,method2,1,2,0.0,0,0.0,0,0,1,0,5,0,1,0,0.0,0,0,0,5,0.0,0,2.4,0,0,0.0,0,0.0,0.9,68,57,0.1,10,0,0,0,0,1,9,0,0,0,0,0,0,0,0,0,10,0.19999999999999996,10,1.0,10,0,0,0,10,0,0,10,0,1,0,0,0,0,0,10,10,37,3466,3389,290,0,9,46,1.0,2900,0,23177,27,411,2900,30624
2025-07-10,argo,com.grab.sample.dummy,KDummyClass37,method3,1,2,0.0,0,0.0,0,0,1,0,5,0,1,0,0.0,0,0,0,5,0.0,0,2.4,0,0,0.0,0,0.0,0.9,68,57,0.1,10,0,0,0,0,1,9,0,0,0,0,0,0,0,0,0,10,0.19999999999999996,10,1.0,10,0,0,0,10,0,0,10,0,1,0,0,0,0,0,10,10,37,3466,3389,290,0,9,46,1.0,2900,0,23177,27,411,2900,30624
2025-07-10,argo,com.grab.sample.dummy,KDummyClass37,method4,1,2,0.0,0,0.0,0,0,1,0,5,0,1,0,0.0,0,0,0,5,0.0,0,2.4,0,0,0.0,0,0.0,0.9,68,57,0.1,10,0,0,0,0,1,9,0,0,0,0,0,0,0,0,0,10,0.19999999999999996,10,1.0,10,0,0,0,10,0,0,10,0,1,0,0,0,0,0,10,10,37,3466,3389,290,0,9,46,1.0,2900,0,23177,27,411,2900,30624
2025-07-10,argo,com.grab.sample.dummy,KDummyClass37,method5,1,2,0.0,0,0.0,0,0,1,0,5,0,1,0,0.0,0,0,0,5,0.0,0,2.4,0,0,0.0,0,0.0,0.9,68,57,0.1,10,0,0,0,0,1,9,0,0,0,0,0,0,0,0,0,10,0.19999999999999996,10,1.0,10,0,0,0,10,0,0,10,0,1,0,0,0,0,0,10,10,37,3466,3389,290,0,9,46,1.0,2900,0,23177,27,411,2900,30624
2025-07-10,argo,com.grab.sample.dummy,KDummyClass37,method6,1,2,0.0,0,0.0,0,0,1,0,5,0,1,0,0.0,0,0,0,5,0.0,0,2.4,0,0,0.0,0,0.0,0.9,68,57,0.1,10,0,0,0,0,1,9,0,0,0,0,0,0,0,0,0,10,0.19999999999999996,10,1.0,10,0,0,0,10,0,0,10,0,1,0,0,0,0,0,10,10,37,3466,3389,290,0,9,46,1.0,2900,0,23177,27,411,2900,30624
2025-07-10,argo,com.grab.sample.dummy,KDummyClass37,method7,1,2,0.0,0,0.0,0,0,1,0,5,0,1,0,0.0,0,0,0,5,0.0,0,2.4,0,0,0.0,0,0.0,0.9,68,57,0.1,10,0,0,0,0,1,9,0,0,0,0,0,0,0,0,0,10,0.19999999999999996,10,1.0,10,0,0,0,10,0,0,10,0,1,0,0,0,0,0,10,10,37,3466,3389,290,0,9,46,1.0,2900,0,23177,27,411,2900,30624
2025-07-10,argo,com.grab.sample.dummy,KDummyClass37,method8,1,2,0.0,0,0.0,0,0,1,0,5,0,1,0,0.0,0,0,0,5,0.0,0,2.4,0,0,0.0,0,0.0,0.9,68,57,0.1,10,0,0,0,0,1,9,0,0,0,0,0,0,0,0,0,10,0.19999999999999996,10,1.0,10,0,0,0,10,0,0,10,0,1,0,0,0,0,0,10,10,37,3466,3389,290,0,9,46,1.0,2900,0,23177,27,411,2900,30624
2025-07-10,argo,com.grab.sample.dummy,KDummyClass37,method9,1,2,0.0,0,0.0,0,0,1,0,5,0,1,0,0.0,0,0,0,5,0.0,0,2.4,0,0,0.0,0,0.0,0.9,68,57,0.1,10,0,0,0,0,1,9,0,0,0,0,0,0,0,0,0,10,0.19999999999999996,10,1.0,10,0,0,0,10,0,0,10,0,1,0,0,0,0,0,10,10,37,3466,3389,290,0,9,46,1.0,2900,0,23177,27,411,2900,30624
2025-07-10,argo,com.grab.sample.dummy,KDummyClass37,method10,1,2,0.0,0,0.0,0,0,1,0,5,0,1,0,0.0,0,0,0,5,0.0,0,2.4,0,0,0.0,0,0.0,0.9,68,57,0.1,10,0,0,0,0,1,9,0,0,0,0,0,0,0,0,0,10,0.19999999999999996,10,1.0,10,0,0,0,10,0,0,10,0,1,0,0,0,0,0,10,10,37,3466,3389,290,0,9,46,1.0,2900,0,23177,27,411,2900,30624
2025-07-10,argo,com.grab.sample.dummy,KDummyClass38,method1,1,0,9.0,0,0.0,0,0,1,0,12,0,1,10,0.0,10,0,9,1,0.0,1,2.0,0,9,0.0,0,0.0,0.9,68,57,0.1,10,0,0,0,0,1,9,0,0,0,0,0,0,0,0,0,10,0.19999999999999996,10,1.0,10,0,0,0,10,0,0,10,0,1,0,0,0,0,0,10,10,37,3466,3389,290,0,9,46,1.0,2900,0,23177,27,411,2900,30624
2025-07-10,argo,com.grab.sample.dummy,KDummyClass38,method2,1,2,0.0,0,0.0,0,0,1,0,5,0,1,0,0.0,0,0,0,5,0.0,0,2.4,0,0,0.0,0,0.0,0.9,68,57,0.1,10,0,0,0,0,1,9,0,0,0,0,0,0,0,0,0,10,0.19999999999999996,10,1.0,10,0,0,0,10,0,0,10,0,1,0,0,0,0,0,10,10,37,3466,3389,290,0,9,46,1.0,2900,0,23177,27,411,2900,30624
2025-07-10,argo,com.grab.sample.dummy,KDummyClass38,method3,1,2,0.0,0,0.0,0,0,1,0,5,0,1,0,0.0,0,0,0,5,0.0,0,2.4,0,0,0.0,0,0.0,0.9,68,57,0.1,10,0,0,0,0,1,9,0,0,0,0,0,0,0,0,0,10,0.19999999999999996,10,1.0,10,0,0,0,10,0,0,10,0,1,0,0,0,0,0,10,10,37,3466,3389,290,0,9,46,1.0,2900,0,23177,27,411,2900,30624
2025-07-10,argo,com.grab.sample.dummy,KDummyClass38,method4,1,2,0.0,0,0.0,0,0,1,0,5,0,1,0,0.0,0,0,0,5,0.0,0,2.4,0,0,0.0,0,0.0,0.9,68,57,0.1,10,0,0,0,0,1,9,0,0,0,0,0,0,0,0,0,10,0.19999999999999996,10,1.0,10,0,0,0,10,0,0,10,0,1,0,0,0,0,0,10,10,37,3466,3389,290,0,9,46,1.0,2900,0,23177,27,411,2900,30624
2025-07-10,argo,com.grab.sample.dummy,KDummyClass38,method5,1,2,0.0,0,0.0,0,0,1,0,5,0,1,0,0.0,0,0,0,5,0.0,0,2.4,0,0,0.0,0,0.0,0.9,68,57,0.1,10,0,0,0,0,1,9,0,0,0,0,0,0,0,0,0,10,0.19999999999999996,10,1.0,10,0,0,0,10,0,0,10,0,1,0,0,0,0,0,10,10,37,3466,3389,290,0,9,46,1.0,2900,0,23177,27,411,2900,30624
2025-07-10,argo,com.grab.sample.dummy,KDummyClass38,method6,1,2,0.0,0,0.0,0,0,1,0,5,0,1,0,0.0,0,0,0,5,0.0,0,2.4,0,0,0.0,0,0.0,0.9,68,57,0.1,10,0,0,0,0,1,9,0,0,0,0,0,0,0,0,0,10,0.19999999999999996,10,1.0,10,0,0,0,10,0,0,10,0,1,0,0,0,0,0,10,10,37,3466,3389,290,0,9,46,1.0,2900,0,23177,27,411,2900,30624
2025-07-10,argo,com.grab.sample.dummy,KDummyClass38,method7,1,2,0.0,0,0.0,0,0,1,0,5,0,1,0,0.0,0,0,0,5,0.0,0,2.4,0,0,0.0,0,0.0,0.9,68,57,0.1,10,0,0,0,0,1,9,0,0,0,0,0,0,0,0,0,10,0.19999999999999996,10,1.0,10,0,0,0,10,0,0,10,0,1,0,0,0,0,0,10,10,37,3466,3389,290,0,9,46,1.0,2900,0,23177,27,411,2900,30624
2025-07-10,argo,com.grab.sample.dummy,KDummyClass38,method8,1,2,0.0,0,0.0,0,0,1,0,5,0,1,0,0.0,0,0,0,5,0.0,0,2.4,0,0,0.0,0,0.0,0.9,68,57,0.1,10,0,0,0,0,1,9,0,0,0,0,0,0,0,0,0,10,0.19999999999999996,10,1.0,10,0,0,0,10,0,0,10,0,1,0,0,0,0,0,10,10,37,3466,3389,290,0,9,46,1.0,2900,0,23177,27,411,2900,30624
2025-07-10,argo,com.grab.sample.dummy,KDummyClass38,method9,1,2,0.0,0,0.0,0,0,1,0,5,0,1,0,0.0,0,0,0,5,0.0,0,2.4,0,0,0.0,0,0.0,0.9,68,57,0.1,10,0,0,0,0,1,9,0,0,0,0,0,0,0,0,0,10,0.19999999999999996,10,1.0,10,0,0,0,10,0,0,10,0,1,0,0,0,0,0,10,10,37,3466,3389,290,0,9,46,1.0,2900,0,23177,27,411,2900,30624
2025-07-10,argo,com.grab.sample.dummy,KDummyClass38,method10,1,2,0.0,0,0.0,0,0,1,0,5,0,1,0,0.0,0,0,0,5,0.0,0,2.4,0,0,0.0,0,0.0,0.9,68,57,0.1,10,0,0,0,0,1,9,0,0,0,0,0,0,0,0,0,10,0.19999999999999996,10,1.0,10,0,0,0,10,0,0,10,0,1,0,0,0,0,0,10,10,37,3466,3389,290,0,9,46,1.0,2900,0,23177,27,411,2900,30624
2025-07-10,argo,com.grab.sample.dummy,KDummyClass39,method1,1,0,9.0,0,0.0,0,0,1,0,12,0,1,10,0.0,10,0,9,1,0.0,1,2.0,0,9,0.0,0,0.0,0.9,68,57,0.1,10,0,0,0,0,1,9,0,0,0,0,0,0,0,0,0,10,0.19999999999999996,10,1.0,10,0,0,0,10,0,0,10,0,1,0,0,0,0,0,10,10,37,3466,3389,290,0,9,46,1.0,2900,0,23177,27,411,2900,30624
2025-07-10,argo,com.grab.sample.dummy,KDummyClass39,method2,1,2,0.0,0,0.0,0,0,1,0,5,0,1,0,0.0,0,0,0,5,0.0,0,2.4,0,0,0.0,0,0.0,0.9,68,57,0.1,10,0,0,0,0,1,9,0,0,0,0,0,0,0,0,0,10,0.19999999999999996,10,1.0,10,0,0,0,10,0,0,10,0,1,0,0,0,0,0,10,10,37,3466,3389,290,0,9,46,1.0,2900,0,23177,27,411,2900,30624
2025-07-10,argo,com.grab.sample.dummy,KDummyClass39,method3,1,2,0.0,0,0.0,0,0,1,0,5,0,1,0,0.0,0,0,0,5,0.0,0,2.4,0,0,0.0,0,0.0,0.9,68,57,0.1,10,0,0,0,0,1,9,0,0,0,0,0,0,0,0,0,10,0.19999999999999996,10,1.0,10,0,0,0,10,0,0,10,0,1,0,0,0,0,0,10,10,37,3466,3389,290,0,9,46,1.0,2900,0,23177,27,411,2900,30624
2025-07-10,argo,com.grab.sample.dummy,KDummyClass39,method4,1,2,0.0,0,0.0,0,0,1,0,5,0,1,0,0.0,0,0,0,5,0.0,0,2.4,0,0,0.0,0,0.0,0.9,68,57,0.1,10,0,0,0,0,1,9,0,0,0,0,0,0,0,0,0,10,0.19999999999999996,10,1.0,10,0,0,0,10,0,0,10,0,1,0,0,0,0,0,10,10,37,3466,3389,290,0,9,46,1.0,2900,0,23177,27,411,2900,30624
2025-07-10,argo,com.grab.sample.dummy,KDummyClass39,method5,1,2,0.0,0,0.0,0,0,1,0,5,0,1,0,0.0,0,0,0,5,0.0,0,2.4,0,0,0.0,0,0.0,0.9,68,57,0.1,10,0,0,0,0,1,9,0,0,0,0,0,0,0,0,0,10,0.19999999999999996,10,1.0,10,0,0,0,10,0,0,10,0,1,0,0,0,0,0,10,10,37,3466,3389,290,0,9,46,1.0,2900,0,23177,27,411,2900,30624
2025-07-10,argo,com.grab.sample.dummy,KDummyClass39,method6,1,2,0.0,0,0.0,0,0,1,0,5,0,1,0,0.0,0,0,0,5,0.0,0,2.4,0,0,0.0,0,0.0,0.9,68,57,0.1,10,0,0,0,0,1,9,0,0,0,0,0,0,0,0,0,10,0.19999999999999996,10,1.0,10,0,0,0,10,0,0,10,0,1,0,0,0,0,0,10,10,37,3466,3389,290,0,9,46,1.0,2900,0,23177,27,411,2900,30624
2025-07-10,argo,com.grab.sample.dummy,KDummyClass39,method7,1,2,0.0,0,0.0,0,0,1,0,5,0,1,0,0.0,0,0,0,5,0.0,0,2.4,0,0,0.0,0,0.0,0.9,68,57,0.1,10,0,0,0,0,1,9,0,0,0,0,0,0,0,0,0,10,0.19999999999999996,10,1.0,10,0,0,0,10,0,0,10,0,1,0,0,0,0,0,10,10,37,3466,3389,290,0,9,46,1.0,2900,0,23177,27,411,2900,30624
2025-07-10,argo,com.grab.sample.dummy,KDummyClass39,method8,1,2,0.0,0,0.0,0,0,1,0,5,0,1,0,0.0,0,0,0,5,0.0,0,2.4,0,0,0.0,0,0.0,0.9,68,57,0.1,10,0,0,0,0,1,9,0,0,0,0,0,0,0,0,0,10,0.19999999999999996,10,1.0,10,0,0,0,10,0,0,10,0,1,0,0,0,0,0,10,10,37,3466,3389,290,0,9,46,1.0,2900,0,23177,27,411,2900,30624
2025-07-10,argo,com.grab.sample.dummy,KDummyClass39,method9,1,2,0.0,0,0.0,0,0,1,0,5,0,1,0,0.0,0,0,0,5,0.0,0,2.4,0,0,0.0,0,0.0,0.9,68,57,0.1,10,0,0,0,0,1,9,0,0,0,0,0,0,0,0,0,10,0.19999999999999996,10,1.0,10,0,0,0,10,0,0,10,0,1,0,0,0,0,0,10,10,37,3466,3389,290,0,9,46,1.0,2900,0,23177,27,411,2900,30624
2025-07-10,argo,com.grab.sample.dummy,KDummyClass39,method10,1,2,0.0,0,0.0,0,0,1,0,5,0,1,0,0.0,0,0,0,5,0.0,0,2.4,0,0,0.0,0,0.0,0.9,68,57,0.1,10,0,0,0,0,1,9,0,0,0,0,0,0,0,0,0,10,0.19999999999999996,10,1.0,10,0,0,0,10,0,0,10,0,1,0,0,0,0,0,10,10,37,3466,3389,290,0,9,46,1.0,2900,0,23177,27,411,2900,30624
2025-07-10,argo,com.grab.sample.dummy,KDummyClass4,method1,1,0,9.0,0,0.0,0,0,1,0,12,0,1,10,0.0,10,0,9,1,0.0,1,2.0,0,9,0.0,0,0.0,0.9,68,57,0.1,10,0,0,0,0,1,9,0,0,0,0,0,0,0,0,0,10,0.19999999999999996,10,1.0,10,0,0,0,10,0,0,10,0,1,0,0,0,0,0,10,10,37,3466,3389,290,0,9,46,1.0,2900,0,23177,27,411,2900,30624
2025-07-10,argo,com.grab.sample.dummy,KDummyClass4,method2,1,2,0.0,0,0.0,0,0,1,0,5,0,1,0,0.0,0,0,0,5,0.0,0,2.4,0,0,0.0,0,0.0,0.9,68,57,0.1,10,0,0,0,0,1,9,0,0,0,0,0,0,0,0,0,10,0.19999999999999996,10,1.0,10,0,0,0,10,0,0,10,0,1,0,0,0,0,0,10,10,37,3466,3389,290,0,9,46,1.0,2900,0,23177,27,411,2900,30624
2025-07-10,argo,com.grab.sample.dummy,KDummyClass4,method3,1,2,0.0,0,0.0,0,0,1,0,5,0,1,0,0.0,0,0,0,5,0.0,0,2.4,0,0,0.0,0,0.0,0.9,68,57,0.1,10,0,0,0,0,1,9,0,0,0,0,0,0,0,0,0,10,0.19999999999999996,10,1.0,10,0,0,0,10,0,0,10,0,1,0,0,0,0,0,10,10,37,3466,3389,290,0,9,46,1.0,2900,0,23177,27,411,2900,30624
2025-07-10,argo,com.grab.sample.dummy,KDummyClass4,method4,1,2,0.0,0,0.0,0,0,1,0,5,0,1,0,0.0,0,0,0,5,0.0,0,2.4,0,0,0.0,0,0.0,0.9,68,57,0.1,10,0,0,0,0,1,9,0,0,0,0,0,0,0,0,0,10,0.19999999999999996,10,1.0,10,0,0,0,10,0,0,10,0,1,0,0,0,0,0,10,10,37,3466,3389,290,0,9,46,1.0,2900,0,23177,27,411,2900,30624
2025-07-10,argo,com.grab.sample.dummy,KDummyClass4,method5,1,2,0.0,0,0.0,0,0,1,0,5,0,1,0,0.0,0,0,0,5,0.0,0,2.4,0,0,0.0,0,0.0,0.9,68,57,0.1,10,0,0,0,0,1,9,0,0,0,0,0,0,0,0,0,10,0.19999999999999996,10,1.0,10,0,0,0,10,0,0,10,0,1,0,0,0,0,0,10,10,37,3466,3389,290,0,9,46,1.0,2900,0,23177,27,411,2900,30624
2025-07-10,argo,com.grab.sample.dummy,KDummyClass4,method6,1,2,0.0,0,0.0,0,0,1,0,5,0,1,0,0.0,0,0,0,5,0.0,0,2.4,0,0,0.0,0,0.0,0.9,68,57,0.1,10,0,0,0,0,1,9,0,0,0,0,0,0,0,0,0,10,0.19999999999999996,10,1.0,10,0,0,0,10,0,0,10,0,1,0,0,0,0,0,10,10,37,3466,3389,290,0,9,46,1.0,2900,0,23177,27,411,2900,30624
2025-07-10,argo,com.grab.sample.dummy,KDummyClass4,method7,1,2,0.0,0,0.0,0,0,1,0,5,0,1,0,0.0,0,0,0,5,0.0,0,2.4,0,0,0.0,0,0.0,0.9,68,57,0.1,10,0,0,0,0,1,9,0,0,0,0,0,0,0,0,0,10,0.19999999999999996,10,1.0,10,0,0,0,10,0,0,10,0,1,0,0,0,0,0,10,10,37,3466,3389,290,0,9,46,1.0,2900,0,23177,27,411,2900,30624
2025-07-10,argo,com.grab.sample.dummy,KDummyClass4,method8,1,2,0.0,0,0.0,0,0,1,0,5,0,1,0,0.0,0,0,0,5,0.0,0,2.4,0,0,0.0,0,0.0,0.9,68,57,0.1,10,0,0,0,0,1,9,0,0,0,0,0,0,0,0,0,10,0.19999999999999996,10,1.0,10,0,0,0,10,0,0,10,0,1,0,0,0,0,0,10,10,37,3466,3389,290,0,9,46,1.0,2900,0,23177,27,411,2900,30624
2025-07-10,argo,com.grab.sample.dummy,KDummyClass4,method9,1,2,0.0,0,0.0,0,0,1,0,5,0,1,0,0.0,0,0,0,5,0.0,0,2.4,0,0,0.0,0,0.0,0.9,68,57,0.1,10,0,0,0,0,1,9,0,0,0,0,0,0,0,0,0,10,0.19999999999999996,10,1.0,10,0,0,0,10,0,0,10,0,1,0,0,0,0,0,10,10,37,3466,3389,290,0,9,46,1.0,2900,0,23177,27,411,2900,30624
2025-07-10,argo,com.grab.sample.dummy,KDummyClass4,method10,1,2,0.0,0,0.0,0,0,1,0,5,0,1,0,0.0,0,0,0,5,0.0,0,2.4,0,0,0.0,0,0.0,0.9,68,57,0.1,10,0,0,0,0,1,9,0,0,0,0,0,0,0,0,0,10,0.19999999999999996,10,1.0,10,0,0,0,10,0,0,10,0,1,0,0,0,0,0,10,10,37,3466,3389,290,0,9,46,1.0,2900,0,23177,27,411,2900,30624
2025-07-10,argo,com.grab.sample.dummy,KDummyClass40,method1,1,0,9.0,0,0.0,0,0,1,0,12,0,1,10,0.0,10,0,9,1,0.0,1,2.0,0,9,0.0,0,0.0,0.9,68,57,0.1,10,0,0,0,0,1,9,0,0,0,0,0,0,0,0,0,10,0.19999999999999996,10,1.0,10,0,0,0,10,0,0,10,0,1,0,0,0,0,0,10,10,37,3466,3389,290,0,9,46,1.0,2900,0,23177,27,411,2900,30624
2025-07-10,argo,com.grab.sample.dummy,KDummyClass40,method2,1,2,0.0,0,0.0,0,0,1,0,5,0,1,0,0.0,0,0,0,5,0.0,0,2.4,0,0,0.0,0,0.0,0.9,68,57,0.1,10,0,0,0,0,1,9,0,0,0,0,0,0,0,0,0,10,0.19999999999999996,10,1.0,10,0,0,0,10,0,0,10,0,1,0,0,0,0,0,10,10,37,3466,3389,290,0,9,46,1.0,2900,0,23177,27,411,2900,30624
2025-07-10,argo,com.grab.sample.dummy,KDummyClass40,method3,1,2,0.0,0,0.0,0,0,1,0,5,0,1,0,0.0,0,0,0,5,0.0,0,2.4,0,0,0.0,0,0.0,0.9,68,57,0.1,10,0,0,0,0,1,9,0,0,0,0,0,0,0,0,0,10,0.19999999999999996,10,1.0,10,0,0,0,10,0,0,10,0,1,0,0,0,0,0,10,10,37,3466,3389,290,0,9,46,1.0,2900,0,23177,27,411,2900,30624
2025-07-10,argo,com.grab.sample.dummy,KDummyClass40,method4,1,2,0.0,0,0.0,0,0,1,0,5,0,1,0,0.0,0,0,0,5,0.0,0,2.4,0,0,0.0,0,0.0,0.9,68,57,0.1,10,0,0,0,0,1,9,0,0,0,0,0,0,0,0,0,10,0.19999999999999996,10,1.0,10,0,0,0,10,0,0,10,0,1,0,0,0,0,0,10,10,37,3466,3389,290,0,9,46,1.0,2900,0,23177,27,411,2900,30624
2025-07-10,argo,com.grab.sample.dummy,KDummyClass40,method5,1,2,0.0,0,0.0,0,0,1,0,5,0,1,0,0.0,0,0,0,5,0.0,0,2.4,0,0,0.0,0,0.0,0.9,68,57,0.1,10,0,0,0,0,1,9,0,0,0,0,0,0,0,0,0,10,0.19999999999999996,10,1.0,10,0,0,0,10,0,0,10,0,1,0,0,0,0,0,10,10,37,3466,3389,290,0,9,46,1.0,2900,0,23177,27,411,2900,30624
2025-07-10,argo,com.grab.sample.dummy,KDummyClass40,method6,1,2,0.0,0,0.0,0,0,1,0,5,0,1,0,0.0,0,0,0,5,0.0,0,2.4,0,0,0.0,0,0.0,0.9,68,57,0.1,10,0,0,0,0,1,9,0,0,0,0,0,0,0,0,0,10,0.19999999999999996,10,1.0,10,0,0,0,10,0,0,10,0,1,0,0,0,0,0,10,10,37,3466,3389,290,0,9,46,1.0,2900,0,23177,27,411,2900,30624
2025-07-10,argo,com.grab.sample.dummy,KDummyClass40,method7,1,2,0.0,0,0.0,0,0,1,0,5,0,1,0,0.0,0,0,0,5,0.0,0,2.4,0,0,0.0,0,0.0,0.9,68,57,0.1,10,0,0,0,0,1,9,0,0,0,0,0,0,0,0,0,10,0.19999999999999996,10,1.0,10,0,0,0,10,0,0,10,0,1,0,0,0,0,0,10,10,37,3466,3389,290,0,9,46,1.0,2900,0,23177,27,411,2900,30624
2025-07-10,argo,com.grab.sample.dummy,KDummyClass40,method8,1,2,0.0,0,0.0,0,0,1,0,5,0,1,0,0.0,0,0,0,5,0.0,0,2.4,0,0,0.0,0,0.0,0.9,68,57,0.1,10,0,0,0,0,1,9,0,0,0,0,0,0,0,0,0,10,0.19999999999999996,10,1.0,10,0,0,0,10,0,0,10,0,1,0,0,0,0,0,10,10,37,3466,3389,290,0,9,46,1.0,2900,0,23177,27,411,2900,30624
2025-07-10,argo,com.grab.sample.dummy,KDummyClass40,method9,1,2,0.0,0,0.0,0,0,1,0,5,0,1,0,0.0,0,0,0,5,0.0,0,2.4,0,0,0.0,0,0.0,0.9,68,57,0.1,10,0,0,0,0,1,9,0,0,0,0,0,0,0,0,0,10,0.19999999999999996,10,1.0,10,0,0,0,10,0,0,10,0,1,0,0,0,0,0,10,10,37,3466,3389,290,0,9,46,1.0,2900,0,23177,27,411,2900,30624
2025-07-10,argo,com.grab.sample.dummy,KDummyClass40,method10,1,2,0.0,0,0.0,0,0,1,0,5,0,1,0,0.0,0,0,0,5,0.0,0,2.4,0,0,0.0,0,0.0,0.9,68,57,0.1,10,0,0,0,0,1,9,0,0,0,0,0,0,0,0,0,10,0.19999999999999996,10,1.0,10,0,0,0,10,0,0,10,0,1,0,0,0,0,0,10,10,37,3466,3389,290,0,9,46,1.0,2900,0,23177,27,411,2900,30624
2025-07-10,argo,com.grab.sample.dummy,KDummyClass41,method1,1,0,9.0,0,0.0,0,0,1,0,12,0,1,10,0.0,10,0,9,1,0.0,1,2.0,0,9,0.0,0,0.0,0.9,68,57,0.1,10,0,0,0,0,1,9,0,0,0,0,0,0,0,0,0,10,0.19999999999999996,10,1.0,10,0,0,0,10,0,0,10,0,1,0,0,0,0,0,10,10,37,3466,3389,290,0,9,46,1.0,2900,0,23177,27,411,2900,30624
2025-07-10,argo,com.grab.sample.dummy,KDummyClass41,method2,1,2,0.0,0,0.0,0,0,1,0,5,0,1,0,0.0,0,0,0,5,0.0,0,2.4,0,0,0.0,0,0.0,0.9,68,57,0.1,10,0,0,0,0,1,9,0,0,0,0,0,0,0,0,0,10,0.19999999999999996,10,1.0,10,0,0,0,10,0,0,10,0,1,0,0,0,0,0,10,10,37,3466,3389,290,0,9,46,1.0,2900,0,23177,27,411,2900,30624
2025-07-10,argo,com.grab.sample.dummy,KDummyClass41,method3,1,2,0.0,0,0.0,0,0,1,0,5,0,1,0,0.0,0,0,0,5,0.0,0,2.4,0,0,0.0,0,0.0,0.9,68,57,0.1,10,0,0,0,0,1,9,0,0,0,0,0,0,0,0,0,10,0.19999999999999996,10,1.0,10,0,0,0,10,0,0,10,0,1,0,0,0,0,0,10,10,37,3466,3389,290,0,9,46,1.0,2900,0,23177,27,411,2900,30624
2025-07-10,argo,com.grab.sample.dummy,KDummyClass41,method4,1,2,0.0,0,0.0,0,0,1,0,5,0,1,0,0.0,0,0,0,5,0.0,0,2.4,0,0,0.0,0,0.0,0.9,68,57,0.1,10,0,0,0,0,1,9,0,0,0,0,0,0,0,0,0,10,0.19999999999999996,10,1.0,10,0,0,0,10,0,0,10,0,1,0,0,0,0,0,10,10,37,3466,3389,290,0,9,46,1.0,2900,0,23177,27,411,2900,30624
2025-07-10,argo,com.grab.sample.dummy,KDummyClass41,method5,1,2,0.0,0,0.0,0,0,1,0,5,0,1,0,0.0,0,0,0,5,0.0,0,2.4,0,0,0.0,0,0.0,0.9,68,57,0.1,10,0,0,0,0,1,9,0,0,0,0,0,0,0,0,0,10,0.19999999999999996,10,1.0,10,0,0,0,10,0,0,10,0,1,0,0,0,0,0,10,10,37,3466,3389,290,0,9,46,1.0,2900,0,23177,27,411,2900,30624
2025-07-10,argo,com.grab.sample.dummy,KDummyClass41,method6,1,2,0.0,0,0.0,0,0,1,0,5,0,1,0,0.0,0,0,0,5,0.0,0,2.4,0,0,0.0,0,0.0,0.9,68,57,0.1,10,0,0,0,0,1,9,0,0,0,0,0,0,0,0,0,10,0.19999999999999996,10,1.0,10,0,0,0,10,0,0,10,0,1,0,0,0,0,0,10,10,37,3466,3389,290,0,9,46,1.0,2900,0,23177,27,411,2900,30624
2025-07-10,argo,com.grab.sample.dummy,KDummyClass41,method7,1,2,0.0,0,0.0,0,0,1,0,5,0,1,0,0.0,0,0,0,5,0.0,0,2.4,0,0,0.0,0,0.0,0.9,68,57,0.1,10,0,0,0,0,1,9,0,0,0,0,0,0,0,0,0,10,0.19999999999999996,10,1.0,10,0,0,0,10,0,0,10,0,1,0,0,0,0,0,10,10,37,3466,3389,290,0,9,46,1.0,2900,0,23177,27,411,2900,30624
2025-07-10,argo,com.grab.sample.dummy,KDummyClass41,method8,1,2,0.0,0,0.0,0,0,1,0,5,0,1,0,0.0,0,0,0,5,0.0,0,2.4,0,0,0.0,0,0.0,0.9,68,57,0.1,10,0,0,0,0,1,9,0,0,0,0,0,0,0,0,0,10,0.19999999999999996,10,1.0,10,0,0,0,10,0,0,10,0,1,0,0,0,0,0,10,10,37,3466,3389,290,0,9,46,1.0,2900,0,23177,27,411,2900,30624
2025-07-10,argo,com.grab.sample.dummy,KDummyClass41,method9,1,2,0.0,0,0.0,0,0,1,0,5,0,1,0,0.0,0,0,0,5,0.0,0,2.4,0,0,0.0,0,0.0,0.9,68,57,0.1,10,0,0,0,0,1,9,0,0,0,0,0,0,0,0,0,10,0.19999999999999996,10,1.0,10,0,0,0,10,0,0,10,0,1,0,0,0,0,0,10,10,37,3466,3389,290,0,9,46,1.0,2900,0,23177,27,411,2900,30624
2025-07-10,argo,com.grab.sample.dummy,KDummyClass41,method10,1,2,0.0,0,0.0,0,0,1,0,5,0,1,0,0.0,0,0,0,5,0.0,0,2.4,0,0,0.0,0,0.0,0.9,68,57,0.1,10,0,0,0,0,1,9,0,0,0,0,0,0,0,0,0,10,0.19999999999999996,10,1.0,10,0,0,0,10,0,0,10,0,1,0,0,0,0,0,10,10,37,3466,3389,290,0,9,46,1.0,2900,0,23177,27,411,2900,30624
2025-07-10,argo,com.grab.sample.dummy,KDummyClass42,method1,1,0,9.0,0,0.0,0,0,1,0,12,0,1,10,0.0,10,0,9,1,0.0,1,2.0,0,9,0.0,0,0.0,0.9,68,57,0.1,10,0,0,0,0,1,9,0,0,0,0,0,0,0,0,0,10,0.19999999999999996,10,1.0,10,0,0,0,10,0,0,10,0,1,0,0,0,0,0,10,10,37,3466,3389,290,0,9,46,1.0,2900,0,23177,27,411,2900,30624
2025-07-10,argo,com.grab.sample.dummy,KDummyClass42,method2,1,2,0.0,0,0.0,0,0,1,0,5,0,1,0,0.0,0,0,0,5,0.0,0,2.4,0,0,0.0,0,0.0,0.9,68,57,0.1,10,0,0,0,0,1,9,0,0,0,0,0,0,0,0,0,10,0.19999999999999996,10,1.0,10,0,0,0,10,0,0,10,0,1,0,0,0,0,0,10,10,37,3466,3389,290,0,9,46,1.0,2900,0,23177,27,411,2900,30624
2025-07-10,argo,com.grab.sample.dummy,KDummyClass42,method3,1,2,0.0,0,0.0,0,0,1,0,5,0,1,0,0.0,0,0,0,5,0.0,0,2.4,0,0,0.0,0,0.0,0.9,68,57,0.1,10,0,0,0,0,1,9,0,0,0,0,0,0,0,0,0,10,0.19999999999999996,10,1.0,10,0,0,0,10,0,0,10,0,1,0,0,0,0,0,10,10,37,3466,3389,290,0,9,46,1.0,2900,0,23177,27,411,2900,30624
2025-07-10,argo,com.grab.sample.dummy,KDummyClass42,method4,1,2,0.0,0,0.0,0,0,1,0,5,0,1,0,0.0,0,0,0,5,0.0,0,2.4,0,0,0.0,0,0.0,0.9,68,57,0.1,10,0,0,0,0,1,9,0,0,0,0,0,0,0,0,0,10,0.19999999999999996,10,1.0,10,0,0,0,10,0,0,10,0,1,0,0,0,0,0,10,10,37,3466,3389,290,0,9,46,1.0,2900,0,23177,27,411,2900,30624
2025-07-10,argo,com.grab.sample.dummy,KDummyClass42,method5,1,2,0.0,0,0.0,0,0,1,0,5,0,1,0,0.0,0,0,0,5,0.0,0,2.4,0,0,0.0,0,0.0,0.9,68,57,0.1,10,0,0,0,0,1,9,0,0,0,0,0,0,0,0,0,10,0.19999999999999996,10,1.0,10,0,0,0,10,0,0,10,0,1,0,0,0,0,0,10,10,37,3466,3389,290,0,9,46,1.0,2900,0,23177,27,411,2900,30624
2025-07-10,argo,com.grab.sample.dummy,KDummyClass42,method6,1,2,0.0,0,0.0,0,0,1,0,5,0,1,0,0.0,0,0,0,5,0.0,0,2.4,0,0,0.0,0,0.0,0.9,68,57,0.1,10,0,0,0,0,1,9,0,0,0,0,0,0,0,0,0,10,0.19999999999999996,10,1.0,10,0,0,0,10,0,0,10,0,1,0,0,0,0,0,10,10,37,3466,3389,290,0,9,46,1.0,2900,0,23177,27,411,2900,30624
2025-07-10,argo,com.grab.sample.dummy,KDummyClass42,method7,1,2,0.0,0,0.0,0,0,1,0,5,0,1,0,0.0,0,0,0,5,0.0,0,2.4,0,0,0.0,0,0.0,0.9,68,57,0.1,10,0,0,0,0,1,9,0,0,0,0,0,0,0,0,0,10,0.19999999999999996,10,1.0,10,0,0,0,10,0,0,10,0,1,0,0,0,0,0,10,10,37,3466,3389,290,0,9,46,1.0,2900,0,23177,27,411,2900,30624
2025-07-10,argo,com.grab.sample.dummy,KDummyClass42,method8,1,2,0.0,0,0.0,0,0,1,0,5,0,1,0,0.0,0,0,0,5,0.0,0,2.4,0,0,0.0,0,0.0,0.9,68,57,0.1,10,0,0,0,0,1,9,0,0,0,0,0,0,0,0,0,10,0.19999999999999996,10,1.0,10,0,0,0,10,0,0,10,0,1,0,0,0,0,0,10,10,37,3466,3389,290,0,9,46,1.0,2900,0,23177,27,411,2900,30624
2025-07-10,argo,com.grab.sample.dummy,KDummyClass42,method9,1,2,0.0,0,0.0,0,0,1,0,5,0,1,0,0.0,0,0,0,5,0.0,0,2.4,0,0,0.0,0,0.0,0.9,68,57,0.1,10,0,0,0,0,1,9,0,0,0,0,0,0,0,0,0,10,0.19999999999999996,10,1.0,10,0,0,0,10,0,0,10,0,1,0,0,0,0,0,10,10,37,3466,3389,290,0,9,46,1.0,2900,0,23177,27,411,2900,30624
2025-07-10,argo,com.grab.sample.dummy,KDummyClass42,method10,1,2,0.0,0,0.0,0,0,1,0,5,0,1,0,0.0,0,0,0,5,0.0,0,2.4,0,0,0.0,0,0.0,0.9,68,57,0.1,10,0,0,0,0,1,9,0,0,0,0,0,0,0,0,0,10,0.19999999999999996,10,1.0,10,0,0,0,10,0,0,10,0,1,0,0,0,0,0,10,10,37,3466,3389,290,0,9,46,1.0,2900,0,23177,27,411,2900,30624
2025-07-10,argo,com.grab.sample.dummy,KDummyClass43,method1,1,0,9.0,0,0.0,0,0,1,0,12,0,1,10,0.0,10,0,9,1,0.0,1,2.0,0,9,0.0,0,0.0,0.9,68,57,0.1,10,0,0,0,0,1,9,0,0,0,0,0,0,0,0,0,10,0.19999999999999996,10,1.0,10,0,0,0,10,0,0,10,0,1,0,0,0,0,0,10,10,37,3466,3389,290,0,9,46,1.0,2900,0,23177,27,411,2900,30624
2025-07-10,argo,com.grab.sample.dummy,KDummyClass43,method2,1,2,0.0,0,0.0,0,0,1,0,5,0,1,0,0.0,0,0,0,5,0.0,0,2.4,0,0,0.0,0,0.0,0.9,68,57,0.1,10,0,0,0,0,1,9,0,0,0,0,0,0,0,0,0,10,0.19999999999999996,10,1.0,10,0,0,0,10,0,0,10,0,1,0,0,0,0,0,10,10,37,3466,3389,290,0,9,46,1.0,2900,0,23177,27,411,2900,30624
2025-07-10,argo,com.grab.sample.dummy,KDummyClass43,method3,1,2,0.0,0,0.0,0,0,1,0,5,0,1,0,0.0,0,0,0,5,0.0,0,2.4,0,0,0.0,0,0.0,0.9,68,57,0.1,10,0,0,0,0,1,9,0,0,0,0,0,0,0,0,0,10,0.19999999999999996,10,1.0,10,0,0,0,10,0,0,10,0,1,0,0,0,0,0,10,10,37,3466,3389,290,0,9,46,1.0,2900,0,23177,27,411,2900,30624
2025-07-10,argo,com.grab.sample.dummy,KDummyClass43,method4,1,2,0.0,0,0.0,0,0,1,0,5,0,1,0,0.0,0,0,0,5,0.0,0,2.4,0,0,0.0,0,0.0,0.9,68,57,0.1,10,0,0,0,0,1,9,0,0,0,0,0,0,0,0,0,10,0.19999999999999996,10,1.0,10,0,0,0,10,0,0,10,0,1,0,0,0,0,0,10,10,37,3466,3389,290,0,9,46,1.0,2900,0,23177,27,411,2900,30624
2025-07-10,argo,com.grab.sample.dummy,KDummyClass43,method5,1,2,0.0,0,0.0,0,0,1,0,5,0,1,0,0.0,0,0,0,5,0.0,0,2.4,0,0,0.0,0,0.0,0.9,68,57,0.1,10,0,0,0,0,1,9,0,0,0,0,0,0,0,0,0,10,0.19999999999999996,10,1.0,10,0,0,0,10,0,0,10,0,1,0,0,0,0,0,10,10,37,3466,3389,290,0,9,46,1.0,2900,0,23177,27,411,2900,30624
2025-07-10,argo,com.grab.sample.dummy,KDummyClass43,method6,1,2,0.0,0,0.0,0,0,1,0,5,0,1,0,0.0,0,0,0,5,0.0,0,2.4,0,0,0.0,0,0.0,0.9,68,57,0.1,10,0,0,0,0,1,9,0,0,0,0,0,0,0,0,0,10,0.19999999999999996,10,1.0,10,0,0,0,10,0,0,10,0,1,0,0,0,0,0,10,10,37,3466,3389,290,0,9,46,1.0,2900,0,23177,27,411,2900,30624
2025-07-10,argo,com.grab.sample.dummy,KDummyClass43,method7,1,2,0.0,0,0.0,0,0,1,0,5,0,1,0,0.0,0,0,0,5,0.0,0,2.4,0,0,0.0,0,0.0,0.9,68,57,0.1,10,0,0,0,0,1,9,0,0,0,0,0,0,0,0,0,10,0.19999999999999996,10,1.0,10,0,0,0,10,0,0,10,0,1,0,0,0,0,0,10,10,37,3466,3389,290,0,9,46,1.0,2900,0,23177,27,411,2900,30624
2025-07-10,argo,com.grab.sample.dummy,KDummyClass43,method8,1,2,0.0,0,0.0,0,0,1,0,5,0,1,0,0.0,0,0,0,5,0.0,0,2.4,0,0,0.0,0,0.0,0.9,68,57,0.1,10,0,0,0,0,1,9,0,0,0,0,0,0,0,0,0,10,0.19999999999999996,10,1.0,10,0,0,0,10,0,0,10,0,1,0,0,0,0,0,10,10,37,3466,3389,290,0,9,46,1.0,2900,0,23177,27,411,2900,30624
2025-07-10,argo,com.grab.sample.dummy,KDummyClass43,method9,1,2,0.0,0,0.0,0,0,1,0,5,0,1,0,0.0,0,0,0,5,0.0,0,2.4,0,0,0.0,0,0.0,0.9,68,57,0.1,10,0,0,0,0,1,9,0,0,0,0,0,0,0,0,0,10,0.19999999999999996,10,1.0,10,0,0,0,10,0,0,10,0,1,0,0,0,0,0,10,10,37,3466,3389,290,0,9,46,1.0,2900,0,23177,27,411,2900,30624
2025-07-10,argo,com.grab.sample.dummy,KDummyClass43,method10,1,2,0.0,0,0.0,0,0,1,0,5,0,1,0,0.0,0,0,0,5,0.0,0,2.4,0,0,0.0,0,0.0,0.9,68,57,0.1,10,0,0,0,0,1,9,0,0,0,0,0,0,0,0,0,10,0.19999999999999996,10,1.0,10,0,0,0,10,0,0,10,0,1,0,0,0,0,0,10,10,37,3466,3389,290,0,9,46,1.0,2900,0,23177,27,411,2900,30624
2025-07-10,argo,com.grab.sample.dummy,KDummyClass44,method1,1,0,9.0,0,0.0,0,0,1,0,12,0,1,10,0.0,10,0,9,1,0.0,1,2.0,0,9,0.0,0,0.0,0.9,68,57,0.1,10,0,0,0,0,1,9,0,0,0,0,0,0,0,0,0,10,0.19999999999999996,10,1.0,10,0,0,0,10,0,0,10,0,1,0,0,0,0,0,10,10,37,3466,3389,290,0,9,46,1.0,2900,0,23177,27,411,2900,30624
2025-07-10,argo,com.grab.sample.dummy,KDummyClass44,method2,1,2,0.0,0,0.0,0,0,1,0,5,0,1,0,0.0,0,0,0,5,0.0,0,2.4,0,0,0.0,0,0.0,0.9,68,57,0.1,10,0,0,0,0,1,9,0,0,0,0,0,0,0,0,0,10,0.19999999999999996,10,1.0,10,0,0,0,10,0,0,10,0,1,0,0,0,0,0,10,10,37,3466,3389,290,0,9,46,1.0,2900,0,23177,27,411,2900,30624
2025-07-10,argo,com.grab.sample.dummy,KDummyClass44,method3,1,2,0.0,0,0.0,0,0,1,0,5,0,1,0,0.0,0,0,0,5,0.0,0,2.4,0,0,0.0,0,0.0,0.9,68,57,0.1,10,0,0,0,0,1,9,0,0,0,0,0,0,0,0,0,10,0.19999999999999996,10,1.0,10,0,0,0,10,0,0,10,0,1,0,0,0,0,0,10,10,37,3466,3389,290,0,9,46,1.0,2900,0,23177,27,411,2900,30624
2025-07-10,argo,com.grab.sample.dummy,KDummyClass44,method4,1,2,0.0,0,0.0,0,0,1,0,5,0,1,0,0.0,0,0,0,5,0.0,0,2.4,0,0,0.0,0,0.0,0.9,68,57,0.1,10,0,0,0,0,1,9,0,0,0,0,0,0,0,0,0,10,0.19999999999999996,10,1.0,10,0,0,0,10,0,0,10,0,1,0,0,0,0,0,10,10,37,3466,3389,290,0,9,46,1.0,2900,0,23177,27,411,2900,30624
2025-07-10,argo,com.grab.sample.dummy,KDummyClass44,method5,1,2,0.0,0,0.0,0,0,1,0,5,0,1,0,0.0,0,0,0,5,0.0,0,2.4,0,0,0.0,0,0.0,0.9,68,57,0.1,10,0,0,0,0,1,9,0,0,0,0,0,0,0,0,0,10,0.19999999999999996,10,1.0,10,0,0,0,10,0,0,10,0,1,0,0,0,0,0,10,10,37,3466,3389,290,0,9,46,1.0,2900,0,23177,27,411,2900,30624
2025-07-10,argo,com.grab.sample.dummy,KDummyClass44,method6,1,2,0.0,0,0.0,0,0,1,0,5,0,1,0,0.0,0,0,0,5,0.0,0,2.4,0,0,0.0,0,0.0,0.9,68,57,0.1,10,0,0,0,0,1,9,0,0,0,0,0,0,0,0,0,10,0.19999999999999996,10,1.0,10,0,0,0,10,0,0,10,0,1,0,0,0,0,0,10,10,37,3466,3389,290,0,9,46,1.0,2900,0,23177,27,411,2900,30624
2025-07-10,argo,com.grab.sample.dummy,KDummyClass44,method7,1,2,0.0,0,0.0,0,0,1,0,5,0,1,0,0.0,0,0,0,5,0.0,0,2.4,0,0,0.0,0,0.0,0.9,68,57,0.1,10,0,0,0,0,1,9,0,0,0,0,0,0,0,0,0,10,0.19999999999999996,10,1.0,10,0,0,0,10,0,0,10,0,1,0,0,0,0,0,10,10,37,3466,3389,290,0,9,46,1.0,2900,0,23177,27,411,2900,30624
2025-07-10,argo,com.grab.sample.dummy,KDummyClass44,method8,1,2,0.0,0,0.0,0,0,1,0,5,0,1,0,0.0,0,0,0,5,0.0,0,2.4,0,0,0.0,0,0.0,0.9,68,57,0.1,10,0,0,0,0,1,9,0,0,0,0,0,0,0,0,0,10,0.19999999999999996,10,1.0,10,0,0,0,10,0,0,10,0,1,0,0,0,0,0,10,10,37,3466,3389,290,0,9,46,1.0,2900,0,23177,27,411,2900,30624
2025-07-10,argo,com.grab.sample.dummy,KDummyClass44,method9,1,2,0.0,0,0.0,0,0,1,0,5,0,1,0,0.0,0,0,0,5,0.0,0,2.4,0,0,0.0,0,0.0,0.9,68,57,0.1,10,0,0,0,0,1,9,0,0,0,0,0,0,0,0,0,10,0.19999999999999996,10,1.0,10,0,0,0,10,0,0,10,0,1,0,0,0,0,0,10,10,37,3466,3389,290,0,9,46,1.0,2900,0,23177,27,411,2900,30624
2025-07-10,argo,com.grab.sample.dummy,KDummyClass44,method10,1,2,0.0,0,0.0,0,0,1,0,5,0,1,0,0.0,0,0,0,5,0.0,0,2.4,0,0,0.0,0,0.0,0.9,68,57,0.1,10,0,0,0,0,1,9,0,0,0,0,0,0,0,0,0,10,0.19999999999999996,10,1.0,10,0,0,0,10,0,0,10,0,1,0,0,0,0,0,10,10,37,3466,3389,290,0,9,46,1.0,2900,0,23177,27,411,2900,30624
2025-07-10,argo,com.grab.sample.dummy,KDummyClass45,method1,1,0,9.0,0,0.0,0,0,1,0,12,0,1,10,0.0,10,0,9,1,0.0,1,2.0,0,9,0.0,0,0.0,0.9,68,57,0.1,10,0,0,0,0,1,9,0,0,0,0,0,0,0,0,0,10,0.19999999999999996,10,1.0,10,0,0,0,10,0,0,10,0,1,0,0,0,0,0,10,10,37,3466,3389,290,0,9,46,1.0,2900,0,23177,27,411,2900,30624
2025-07-10,argo,com.grab.sample.dummy,KDummyClass45,method2,1,2,0.0,0,0.0,0,0,1,0,5,0,1,0,0.0,0,0,0,5,0.0,0,2.4,0,0,0.0,0,0.0,0.9,68,57,0.1,10,0,0,0,0,1,9,0,0,0,0,0,0,0,0,0,10,0.19999999999999996,10,1.0,10,0,0,0,10,0,0,10,0,1,0,0,0,0,0,10,10,37,3466,3389,290,0,9,46,1.0,2900,0,23177,27,411,2900,30624
2025-07-10,argo,com.grab.sample.dummy,KDummyClass45,method3,1,2,0.0,0,0.0,0,0,1,0,5,0,1,0,0.0,0,0,0,5,0.0,0,2.4,0,0,0.0,0,0.0,0.9,68,57,0.1,10,0,0,0,0,1,9,0,0,0,0,0,0,0,0,0,10,0.19999999999999996,10,1.0,10,0,0,0,10,0,0,10,0,1,0,0,0,0,0,10,10,37,3466,3389,290,0,9,46,1.0,2900,0,23177,27,411,2900,30624
2025-07-10,argo,com.grab.sample.dummy,KDummyClass45,method4,1,2,0.0,0,0.0,0,0,1,0,5,0,1,0,0.0,0,0,0,5,0.0,0,2.4,0,0,0.0,0,0.0,0.9,68,57,0.1,10,0,0,0,0,1,9,0,0,0,0,0,0,0,0,0,10,0.19999999999999996,10,1.0,10,0,0,0,10,0,0,10,0,1,0,0,0,0,0,10,10,37,3466,3389,290,0,9,46,1.0,2900,0,23177,27,411,2900,30624
2025-07-10,argo,com.grab.sample.dummy,KDummyClass45,method5,1,2,0.0,0,0.0,0,0,1,0,5,0,1,0,0.0,0,0,0,5,0.0,0,2.4,0,0,0.0,0,0.0,0.9,68,57,0.1,10,0,0,0,0,1,9,0,0,0,0,0,0,0,0,0,10,0.19999999999999996,10,1.0,10,0,0,0,10,0,0,10,0,1,0,0,0,0,0,10,10,37,3466,3389,290,0,9,46,1.0,2900,0,23177,27,411,2900,30624
2025-07-10,argo,com.grab.sample.dummy,KDummyClass45,method6,1,2,0.0,0,0.0,0,0,1,0,5,0,1,0,0.0,0,0,0,5,0.0,0,2.4,0,0,0.0,0,0.0,0.9,68,57,0.1,10,0,0,0,0,1,9,0,0,0,0,0,0,0,0,0,10,0.19999999999999996,10,1.0,10,0,0,0,10,0,0,10,0,1,0,0,0,0,0,10,10,37,3466,3389,290,0,9,46,1.0,2900,0,23177,27,411,2900,30624
2025-07-10,argo,com.grab.sample.dummy,KDummyClass45,method7,1,2,0.0,0,0.0,0,0,1,0,5,0,1,0,0.0,0,0,0,5,0.0,0,2.4,0,0,0.0,0,0.0,0.9,68,57,0.1,10,0,0,0,0,1,9,0,0,0,0,0,0,0,0,0,10,0.19999999999999996,10,1.0,10,0,0,0,10,0,0,10,0,1,0,0,0,0,0,10,10,37,3466,3389,290,0,9,46,1.0,2900,0,23177,27,411,2900,30624
2025-07-10,argo,com.grab.sample.dummy,KDummyClass45,method8,1,2,0.0,0,0.0,0,0,1,0,5,0,1,0,0.0,0,0,0,5,0.0,0,2.4,0,0,0.0,0,0.0,0.9,68,57,0.1,10,0,0,0,0,1,9,0,0,0,0,0,0,0,0,0,10,0.19999999999999996,10,1.0,10,0,0,0,10,0,0,10,0,1,0,0,0,0,0,10,10,37,3466,3389,290,0,9,46,1.0,2900,0,23177,27,411,2900,30624
2025-07-10,argo,com.grab.sample.dummy,KDummyClass45,method9,1,2,0.0,0,0.0,0,0,1,0,5,0,1,0,0.0,0,0,0,5,0.0,0,2.4,0,0,0.0,0,0.0,0.9,68,57,0.1,10,0,0,0,0,1,9,0,0,0,0,0,0,0,0,0,10,0.19999999999999996,10,1.0,10,0,0,0,10,0,0,10,0,1,0,0,0,0,0,10,10,37,3466,3389,290,0,9,46,1.0,2900,0,23177,27,411,2900,30624
2025-07-10,argo,com.grab.sample.dummy,KDummyClass45,method10,1,2,0.0,0,0.0,0,0,1,0,5,0,1,0,0.0,0,0,0,5,0.0,0,2.4,0,0,0.0,0,0.0,0.9,68,57,0.1,10,0,0,0,0,1,9,0,0,0,0,0,0,0,0,0,10,0.19999999999999996,10,1.0,10,0,0,0,10,0,0,10,0,1,0,0,0,0,0,10,10,37,3466,3389,290,0,9,46,1.0,2900,0,23177,27,411,2900,30624
2025-07-10,argo,com.grab.sample.dummy,KDummyClass46,method1,1,0,9.0,0,0.0,0,0,1,0,12,0,1,10,0.0,10,0,9,1,0.0,1,2.0,0,9,0.0,0,0.0,0.9,68,57,0.1,10,0,0,0,0,1,9,0,0,0,0,0,0,0,0,0,10,0.19999999999999996,10,1.0,10,0,0,0,10,0,0,10,0,1,0,0,0,0,0,10,10,37,3466,3389,290,0,9,46,1.0,2900,0,23177,27,411,2900,30624
2025-07-10,argo,com.grab.sample.dummy,KDummyClass46,method2,1,2,0.0,0,0.0,0,0,1,0,5,0,1,0,0.0,0,0,0,5,0.0,0,2.4,0,0,0.0,0,0.0,0.9,68,57,0.1,10,0,0,0,0,1,9,0,0,0,0,0,0,0,0,0,10,0.19999999999999996,10,1.0,10,0,0,0,10,0,0,10,0,1,0,0,0,0,0,10,10,37,3466,3389,290,0,9,46,1.0,2900,0,23177,27,411,2900,30624
2025-07-10,argo,com.grab.sample.dummy,KDummyClass46,method3,1,2,0.0,0,0.0,0,0,1,0,5,0,1,0,0.0,0,0,0,5,0.0,0,2.4,0,0,0.0,0,0.0,0.9,68,57,0.1,10,0,0,0,0,1,9,0,0,0,0,0,0,0,0,0,10,0.19999999999999996,10,1.0,10,0,0,0,10,0,0,10,0,1,0,0,0,0,0,10,10,37,3466,3389,290,0,9,46,1.0,2900,0,23177,27,411,2900,30624
2025-07-10,argo,com.grab.sample.dummy,KDummyClass46,method4,1,2,0.0,0,0.0,0,0,1,0,5,0,1,0,0.0,0,0,0,5,0.0,0,2.4,0,0,0.0,0,0.0,0.9,68,57,0.1,10,0,0,0,0,1,9,0,0,0,0,0,0,0,0,0,10,0.19999999999999996,10,1.0,10,0,0,0,10,0,0,10,0,1,0,0,0,0,0,10,10,37,3466,3389,290,0,9,46,1.0,2900,0,23177,27,411,2900,30624
2025-07-10,argo,com.grab.sample.dummy,KDummyClass46,method5,1,2,0.0,0,0.0,0,0,1,0,5,0,1,0,0.0,0,0,0,5,0.0,0,2.4,0,0,0.0,0,0.0,0.9,68,57,0.1,10,0,0,0,0,1,9,0,0,0,0,0,0,0,0,0,10,0.19999999999999996,10,1.0,10,0,0,0,10,0,0,10,0,1,0,0,0,0,0,10,10,37,3466,3389,290,0,9,46,1.0,2900,0,23177,27,411,2900,30624
2025-07-10,argo,com.grab.sample.dummy,KDummyClass46,method6,1,2,0.0,0,0.0,0,0,1,0,5,0,1,0,0.0,0,0,0,5,0.0,0,2.4,0,0,0.0,0,0.0,0.9,68,57,0.1,10,0,0,0,0,1,9,0,0,0,0,0,0,0,0,0,10,0.19999999999999996,10,1.0,10,0,0,0,10,0,0,10,0,1,0,0,0,0,0,10,10,37,3466,3389,290,0,9,46,1.0,2900,0,23177,27,411,2900,30624
2025-07-10,argo,com.grab.sample.dummy,KDummyClass46,method7,1,2,0.0,0,0.0,0,0,1,0,5,0,1,0,0.0,0,0,0,5,0.0,0,2.4,0,0,0.0,0,0.0,0.9,68,57,0.1,10,0,0,0,0,1,9,0,0,0,0,0,0,0,0,0,10,0.19999999999999996,10,1.0,10,0,0,0,10,0,0,10,0,1,0,0,0,0,0,10,10,37,3466,3389,290,0,9,46,1.0,2900,0,23177,27,411,2900,30624
2025-07-10,argo,com.grab.sample.dummy,KDummyClass46,method8,1,2,0.0,0,0.0,0,0,1,0,5,0,1,0,0.0,0,0,0,5,0.0,0,2.4,0,0,0.0,0,0.0,0.9,68,57,0.1,10,0,0,0,0,1,9,0,0,0,0,0,0,0,0,0,10,0.19999999999999996,10,1.0,10,0,0,0,10,0,0,10,0,1,0,0,0,0,0,10,10,37,3466,3389,290,0,9,46,1.0,2900,0,23177,27,411,2900,30624
2025-07-10,argo,com.grab.sample.dummy,KDummyClass46,method9,1,2,0.0,0,0.0,0,0,1,0,5,0,1,0,0.0,0,0,0,5,0.0,0,2.4,0,0,0.0,0,0.0,0.9,68,57,0.1,10,0,0,0,0,1,9,0,0,0,0,0,0,0,0,0,10,0.19999999999999996,10,1.0,10,0,0,0,10,0,0,10,0,1,0,0,0,0,0,10,10,37,3466,3389,290,0,9,46,1.0,2900,0,23177,27,411,2900,30624
2025-07-10,argo,com.grab.sample.dummy,KDummyClass46,method10,1,2,0.0,0,0.0,0,0,1,0,5,0,1,0,0.0,0,0,0,5,0.0,0,2.4,0,0,0.0,0,0.0,0.9,68,57,0.1,10,0,0,0,0,1,9,0,0,0,0,0,0,0,0,0,10,0.19999999999999996,10,1.0,10,0,0,0,10,0,0,10,0,1,0,0,0,0,0,10,10,37,3466,3389,290,0,9,46,1.0,2900,0,23177,27,411,2900,30624
2025-07-10,argo,com.grab.sample.dummy,KDummyClass47,method1,1,0,9.0,0,0.0,0,0,1,0,12,0,1,10,0.0,10,0,9,1,0.0,1,2.0,0,9,0.0,0,0.0,0.9,68,57,0.1,10,0,0,0,0,1,9,0,0,0,0,0,0,0,0,0,10,0.19999999999999996,10,1.0,10,0,0,0,10,0,0,10,0,1,0,0,0,0,0,10,10,37,3466,3389,290,0,9,46,1.0,2900,0,23177,27,411,2900,30624
2025-07-10,argo,com.grab.sample.dummy,KDummyClass47,method2,1,2,0.0,0,0.0,0,0,1,0,5,0,1,0,0.0,0,0,0,5,0.0,0,2.4,0,0,0.0,0,0.0,0.9,68,57,0.1,10,0,0,0,0,1,9,0,0,0,0,0,0,0,0,0,10,0.19999999999999996,10,1.0,10,0,0,0,10,0,0,10,0,1,0,0,0,0,0,10,10,37,3466,3389,290,0,9,46,1.0,2900,0,23177,27,411,2900,30624
2025-07-10,argo,com.grab.sample.dummy,KDummyClass47,method3,1,2,0.0,0,0.0,0,0,1,0,5,0,1,0,0.0,0,0,0,5,0.0,0,2.4,0,0,0.0,0,0.0,0.9,68,57,0.1,10,0,0,0,0,1,9,0,0,0,0,0,0,0,0,0,10,0.19999999999999996,10,1.0,10,0,0,0,10,0,0,10,0,1,0,0,0,0,0,10,10,37,3466,3389,290,0,9,46,1.0,2900,0,23177,27,411,2900,30624
2025-07-10,argo,com.grab.sample.dummy,KDummyClass47,method4,1,2,0.0,0,0.0,0,0,1,0,5,0,1,0,0.0,0,0,0,5,0.0,0,2.4,0,0,0.0,0,0.0,0.9,68,57,0.1,10,0,0,0,0,1,9,0,0,0,0,0,0,0,0,0,10,0.19999999999999996,10,1.0,10,0,0,0,10,0,0,10,0,1,0,0,0,0,0,10,10,37,3466,3389,290,0,9,46,1.0,2900,0,23177,27,411,2900,30624
2025-07-10,argo,com.grab.sample.dummy,KDummyClass47,method5,1,2,0.0,0,0.0,0,0,1,0,5,0,1,0,0.0,0,0,0,5,0.0,0,2.4,0,0,0.0,0,0.0,0.9,68,57,0.1,10,0,0,0,0,1,9,0,0,0,0,0,0,0,0,0,10,0.19999999999999996,10,1.0,10,0,0,0,10,0,0,10,0,1,0,0,0,0,0,10,10,37,3466,3389,290,0,9,46,1.0,2900,0,23177,27,411,2900,30624
2025-07-10,argo,com.grab.sample.dummy,KDummyClass47,method6,1,2,0.0,0,0.0,0,0,1,0,5,0,1,0,0.0,0,0,0,5,0.0,0,2.4,0,0,0.0,0,0.0,0.9,68,57,0.1,10,0,0,0,0,1,9,0,0,0,0,0,0,0,0,0,10,0.19999999999999996,10,1.0,10,0,0,0,10,0,0,10,0,1,0,0,0,0,0,10,10,37,3466,3389,290,0,9,46,1.0,2900,0,23177,27,411,2900,30624
2025-07-10,argo,com.grab.sample.dummy,KDummyClass47,method7,1,2,0.0,0,0.0,0,0,1,0,5,0,1,0,0.0,0,0,0,5,0.0,0,2.4,0,0,0.0,0,0.0,0.9,68,57,0.1,10,0,0,0,0,1,9,0,0,0,0,0,0,0,0,0,10,0.19999999999999996,10,1.0,10,0,0,0,10,0,0,10,0,1,0,0,0,0,0,10,10,37,3466,3389,290,0,9,46,1.0,2900,0,23177,27,411,2900,30624
2025-07-10,argo,com.grab.sample.dummy,KDummyClass47,method8,1,2,0.0,0,0.0,0,0,1,0,5,0,1,0,0.0,0,0,0,5,0.0,0,2.4,0,0,0.0,0,0.0,0.9,68,57,0.1,10,0,0,0,0,1,9,0,0,0,0,0,0,0,0,0,10,0.19999999999999996,10,1.0,10,0,0,0,10,0,0,10,0,1,0,0,0,0,0,10,10,37,3466,3389,290,0,9,46,1.0,2900,0,23177,27,411,2900,30624
2025-07-10,argo,com.grab.sample.dummy,KDummyClass47,method9,1,2,0.0,0,0.0,0,0,1,0,5,0,1,0,0.0,0,0,0,5,0.0,0,2.4,0,0,0.0,0,0.0,0.9,68,57,0.1,10,0,0,0,0,1,9,0,0,0,0,0,0,0,0,0,10,0.19999999999999996,10,1.0,10,0,0,0,10,0,0,10,0,1,0,0,0,0,0,10,10,37,3466,3389,290,0,9,46,1.0,2900,0,23177,27,411,2900,30624
2025-07-10,argo,com.grab.sample.dummy,KDummyClass47,method10,1,2,0.0,0,0.0,0,0,1,0,5,0,1,0,0.0,0,0,0,5,0.0,0,2.4,0,0,0.0,0,0.0,0.9,68,57,0.1,10,0,0,0,0,1,9,0,0,0,0,0,0,0,0,0,10,0.19999999999999996,10,1.0,10,0,0,0,10,0,0,10,0,1,0,0,0,0,0,10,10,37,3466,3389,290,0,9,46,1.0,2900,0,23177,27,411,2900,30624
2025-07-10,argo,com.grab.sample.dummy,KDummyClass48,method1,1,0,9.0,0,0.0,0,0,1,0,12,0,1,10,0.0,10,0,9,1,0.0,1,2.0,0,9,0.0,0,0.0,0.9,68,57,0.1,10,0,0,0,0,1,9,0,0,0,0,0,0,0,0,0,10,0.19999999999999996,10,1.0,10,0,0,0,10,0,0,10,0,1,0,0,0,0,0,10,10,37,3466,3389,290,0,9,46,1.0,2900,0,23177,27,411,2900,30624
2025-07-10,argo,com.grab.sample.dummy,KDummyClass48,method2,1,2,0.0,0,0.0,0,0,1,0,5,0,1,0,0.0,0,0,0,5,0.0,0,2.4,0,0,0.0,0,0.0,0.9,68,57,0.1,10,0,0,0,0,1,9,0,0,0,0,0,0,0,0,0,10,0.19999999999999996,10,1.0,10,0,0,0,10,0,0,10,0,1,0,0,0,0,0,10,10,37,3466,3389,290,0,9,46,1.0,2900,0,23177,27,411,2900,30624
2025-07-10,argo,com.grab.sample.dummy,KDummyClass48,method3,1,2,0.0,0,0.0,0,0,1,0,5,0,1,0,0.0,0,0,0,5,0.0,0,2.4,0,0,0.0,0,0.0,0.9,68,57,0.1,10,0,0,0,0,1,9,0,0,0,0,0,0,0,0,0,10,0.19999999999999996,10,1.0,10,0,0,0,10,0,0,10,0,1,0,0,0,0,0,10,10,37,3466,3389,290,0,9,46,1.0,2900,0,23177,27,411,2900,30624
2025-07-10,argo,com.grab.sample.dummy,KDummyClass48,method4,1,2,0.0,0,0.0,0,0,1,0,5,0,1,0,0.0,0,0,0,5,0.0,0,2.4,0,0,0.0,0,0.0,0.9,68,57,0.1,10,0,0,0,0,1,9,0,0,0,0,0,0,0,0,0,10,0.19999999999999996,10,1.0,10,0,0,0,10,0,0,10,0,1,0,0,0,0,0,10,10,37,3466,3389,290,0,9,46,1.0,2900,0,23177,27,411,2900,30624
2025-07-10,argo,com.grab.sample.dummy,KDummyClass48,method5,1,2,0.0,0,0.0,0,0,1,0,5,0,1,0,0.0,0,0,0,5,0.0,0,2.4,0,0,0.0,0,0.0,0.9,68,57,0.1,10,0,0,0,0,1,9,0,0,0,0,0,0,0,0,0,10,0.19999999999999996,10,1.0,10,0,0,0,10,0,0,10,0,1,0,0,0,0,0,10,10,37,3466,3389,290,0,9,46,1.0,2900,0,23177,27,411,2900,30624
2025-07-10,argo,com.grab.sample.dummy,KDummyClass48,method6,1,2,0.0,0,0.0,0,0,1,0,5,0,1,0,0.0,0,0,0,5,0.0,0,2.4,0,0,0.0,0,0.0,0.9,68,57,0.1,10,0,0,0,0,1,9,0,0,0,0,0,0,0,0,0,10,0.19999999999999996,10,1.0,10,0,0,0,10,0,0,10,0,1,0,0,0,0,0,10,10,37,3466,3389,290,0,9,46,1.0,2900,0,23177,27,411,2900,30624
2025-07-10,argo,com.grab.sample.dummy,KDummyClass48,method7,1,2,0.0,0,0.0,0,0,1,0,5,0,1,0,0.0,0,0,0,5,0.0,0,2.4,0,0,0.0,0,0.0,0.9,68,57,0.1,10,0,0,0,0,1,9,0,0,0,0,0,0,0,0,0,10,0.19999999999999996,10,1.0,10,0,0,0,10,0,0,10,0,1,0,0,0,0,0,10,10,37,3466,3389,290,0,9,46,1.0,2900,0,23177,27,411,2900,30624
2025-07-10,argo,com.grab.sample.dummy,KDummyClass48,method8,1,2,0.0,0,0.0,0,0,1,0,5,0,1,0,0.0,0,0,0,5,0.0,0,2.4,0,0,0.0,0,0.0,0.9,68,57,0.1,10,0,0,0,0,1,9,0,0,0,0,0,0,0,0,0,10,0.19999999999999996,10,1.0,10,0,0,0,10,0,0,10,0,1,0,0,0,0,0,10,10,37,3466,3389,290,0,9,46,1.0,2900,0,23177,27,411,2900,30624
2025-07-10,argo,com.grab.sample.dummy,KDummyClass48,method9,1,2,0.0,0,0.0,0,0,1,0,5,0,1,0,0.0,0,0,0,5,0.0,0,2.4,0,0,0.0,0,0.0,0.9,68,57,0.1,10,0,0,0,0,1,9,0,0,0,0,0,0,0,0,0,10,0.19999999999999996,10,1.0,10,0,0,0,10,0,0,10,0,1,0,0,0,0,0,10,10,37,3466,3389,290,0,9,46,1.0,2900,0,23177,27,411,2900,30624
2025-07-10,argo,com.grab.sample.dummy,KDummyClass48,method10,1,2,0.0,0,0.0,0,0,1,0,5,0,1,0,0.0,0,0,0,5,0.0,0,2.4,0,0,0.0,0,0.0,0.9,68,57,0.1,10,0,0,0,0,1,9,0,0,0,0,0,0,0,0,0,10,0.19999999999999996,10,1.0,10,0,0,0,10,0,0,10,0,1,0,0,0,0,0,10,10,37,3466,3389,290,0,9,46,1.0,2900,0,23177,27,411,2900,30624
2025-07-10,argo,com.grab.sample.dummy,KDummyClass49,method1,1,0,9.0,0,0.0,0,0,1,0,12,0,1,10,0.0,10,0,9,1,0.0,1,2.0,0,9,0.0,0,0.0,0.9,68,57,0.1,10,0,0,0,0,1,9,0,0,0,0,0,0,0,0,0,10,0.19999999999999996,10,1.0,10,0,0,0,10,0,0,10,0,1,0,0,0,0,0,10,10,37,3466,3389,290,0,9,46,1.0,2900,0,23177,27,411,2900,30624
2025-07-10,argo,com.grab.sample.dummy,KDummyClass49,method2,1,2,0.0,0,0.0,0,0,1,0,5,0,1,0,0.0,0,0,0,5,0.0,0,2.4,0,0,0.0,0,0.0,0.9,68,57,0.1,10,0,0,0,0,1,9,0,0,0,0,0,0,0,0,0,10,0.19999999999999996,10,1.0,10,0,0,0,10,0,0,10,0,1,0,0,0,0,0,10,10,37,3466,3389,290,0,9,46,1.0,2900,0,23177,27,411,2900,30624
2025-07-10,argo,com.grab.sample.dummy,KDummyClass49,method3,1,2,0.0,0,0.0,0,0,1,0,5,0,1,0,0.0,0,0,0,5,0.0,0,2.4,0,0,0.0,0,0.0,0.9,68,57,0.1,10,0,0,0,0,1,9,0,0,0,0,0,0,0,0,0,10,0.19999999999999996,10,1.0,10,0,0,0,10,0,0,10,0,1,0,0,0,0,0,10,10,37,3466,3389,290,0,9,46,1.0,2900,0,23177,27,411,2900,30624
2025-07-10,argo,com.grab.sample.dummy,KDummyClass49,method4,1,2,0.0,0,0.0,0,0,1,0,5,0,1,0,0.0,0,0,0,5,0.0,0,2.4,0,0,0.0,0,0.0,0.9,68,57,0.1,10,0,0,0,0,1,9,0,0,0,0,0,0,0,0,0,10,0.19999999999999996,10,1.0,10,0,0,0,10,0,0,10,0,1,0,0,0,0,0,10,10,37,3466,3389,290,0,9,46,1.0,2900,0,23177,27,411,2900,30624
2025-07-10,argo,com.grab.sample.dummy,KDummyClass49,method5,1,2,0.0,0,0.0,0,0,1,0,5,0,1,0,0.0,0,0,0,5,0.0,0,2.4,0,0,0.0,0,0.0,0.9,68,57,0.1,10,0,0,0,0,1,9,0,0,0,0,0,0,0,0,0,10,0.19999999999999996,10,1.0,10,0,0,0,10,0,0,10,0,1,0,0,0,0,0,10,10,37,3466,3389,290,0,9,46,1.0,2900,0,23177,27,411,2900,30624
2025-07-10,argo,com.grab.sample.dummy,KDummyClass49,method6,1,2,0.0,0,0.0,0,0,1,0,5,0,1,0,0.0,0,0,0,5,0.0,0,2.4,0,0,0.0,0,0.0,0.9,68,57,0.1,10,0,0,0,0,1,9,0,0,0,0,0,0,0,0,0,10,0.19999999999999996,10,1.0,10,0,0,0,10,0,0,10,0,1,0,0,0,0,0,10,10,37,3466,3389,290,0,9,46,1.0,2900,0,23177,27,411,2900,30624
2025-07-10,argo,com.grab.sample.dummy,KDummyClass49,method7,1,2,0.0,0,0.0,0,0,1,0,5,0,1,0,0.0,0,0,0,5,0.0,0,2.4,0,0,0.0,0,0.0,0.9,68,57,0.1,10,0,0,0,0,1,9,0,0,0,0,0,0,0,0,0,10,0.19999999999999996,10,1.0,10,0,0,0,10,0,0,10,0,1,0,0,0,0,0,10,10,37,3466,3389,290,0,9,46,1.0,2900,0,23177,27,411,2900,30624
2025-07-10,argo,com.grab.sample.dummy,KDummyClass49,method8,1,2,0.0,0,0.0,0,0,1,0,5,0,1,0,0.0,0,0,0,5,0.0,0,2.4,0,0,0.0,0,0.0,0.9,68,57,0.1,10,0,0,0,0,1,9,0,0,0,0,0,0,0,0,0,10,0.19999999999999996,10,1.0,10,0,0,0,10,0,0,10,0,1,0,0,0,0,0,10,10,37,3466,3389,290,0,9,46,1.0,2900,0,23177,27,411,2900,30624
2025-07-10,argo,com.grab.sample.dummy,KDummyClass49,method9,1,2,0.0,0,0.0,0,0,1,0,5,0,1,0,0.0,0,0,0,5,0.0,0,2.4,0,0,0.0,0,0.0,0.9,68,57,0.1,10,0,0,0,0,1,9,0,0,0,0,0,0,0,0,0,10,0.19999999999999996,10,1.0,10,0,0,0,10,0,0,10,0,1,0,0,0,0,0,10,10,37,3466,3389,290,0,9,46,1.0,2900,0,23177,27,411,2900,30624
2025-07-10,argo,com.grab.sample.dummy,KDummyClass49,method10,1,2,0.0,0,0.0,0,0,1,0,5,0,1,0,0.0,0,0,0,5,0.0,0,2.4,0,0,0.0,0,0.0,0.9,68,57,0.1,10,0,0,0,0,1,9,0,0,0,0,0,0,0,0,0,10,0.19999999999999996,10,1.0,10,0,0,0,10,0,0,10,0,1,0,0,0,0,0,10,10,37,3466,3389,290,0,9,46,1.0,2900,0,23177,27,411,2900,30624
2025-07-10,argo,com.grab.sample.dummy,KDummyClass5,method1,1,0,9.0,0,0.0,0,0,1,0,12,0,1,10,0.0,10,0,9,1,0.0,1,2.0,0,9,0.0,0,0.0,0.9,68,57,0.1,10,0,0,0,0,1,9,0,0,0,0,0,0,0,0,0,10,0.19999999999999996,10,1.0,10,0,0,0,10,0,0,10,0,1,0,0,0,0,0,10,10,37,3466,3389,290,0,9,46,1.0,2900,0,23177,27,411,2900,30624
2025-07-10,argo,com.grab.sample.dummy,KDummyClass5,method2,1,2,0.0,0,0.0,0,0,1,0,5,0,1,0,0.0,0,0,0,5,0.0,0,2.4,0,0,0.0,0,0.0,0.9,68,57,0.1,10,0,0,0,0,1,9,0,0,0,0,0,0,0,0,0,10,0.19999999999999996,10,1.0,10,0,0,0,10,0,0,10,0,1,0,0,0,0,0,10,10,37,3466,3389,290,0,9,46,1.0,2900,0,23177,27,411,2900,30624
2025-07-10,argo,com.grab.sample.dummy,KDummyClass5,method3,1,2,0.0,0,0.0,0,0,1,0,5,0,1,0,0.0,0,0,0,5,0.0,0,2.4,0,0,0.0,0,0.0,0.9,68,57,0.1,10,0,0,0,0,1,9,0,0,0,0,0,0,0,0,0,10,0.19999999999999996,10,1.0,10,0,0,0,10,0,0,10,0,1,0,0,0,0,0,10,10,37,3466,3389,290,0,9,46,1.0,2900,0,23177,27,411,2900,30624
2025-07-10,argo,com.grab.sample.dummy,KDummyClass5,method4,1,2,0.0,0,0.0,0,0,1,0,5,0,1,0,0.0,0,0,0,5,0.0,0,2.4,0,0,0.0,0,0.0,0.9,68,57,0.1,10,0,0,0,0,1,9,0,0,0,0,0,0,0,0,0,10,0.19999999999999996,10,1.0,10,0,0,0,10,0,0,10,0,1,0,0,0,0,0,10,10,37,3466,3389,290,0,9,46,1.0,2900,0,23177,27,411,2900,30624
2025-07-10,argo,com.grab.sample.dummy,KDummyClass5,method5,1,2,0.0,0,0.0,0,0,1,0,5,0,1,0,0.0,0,0,0,5,0.0,0,2.4,0,0,0.0,0,0.0,0.9,68,57,0.1,10,0,0,0,0,1,9,0,0,0,0,0,0,0,0,0,10,0.19999999999999996,10,1.0,10,0,0,0,10,0,0,10,0,1,0,0,0,0,0,10,10,37,3466,3389,290,0,9,46,1.0,2900,0,23177,27,411,2900,30624
2025-07-10,argo,com.grab.sample.dummy,KDummyClass5,method6,1,2,0.0,0,0.0,0,0,1,0,5,0,1,0,0.0,0,0,0,5,0.0,0,2.4,0,0,0.0,0,0.0,0.9,68,57,0.1,10,0,0,0,0,1,9,0,0,0,0,0,0,0,0,0,10,0.19999999999999996,10,1.0,10,0,0,0,10,0,0,10,0,1,0,0,0,0,0,10,10,37,3466,3389,290,0,9,46,1.0,2900,0,23177,27,411,2900,30624
2025-07-10,argo,com.grab.sample.dummy,KDummyClass5,method7,1,2,0.0,0,0.0,0,0,1,0,5,0,1,0,0.0,0,0,0,5,0.0,0,2.4,0,0,0.0,0,0.0,0.9,68,57,0.1,10,0,0,0,0,1,9,0,0,0,0,0,0,0,0,0,10,0.19999999999999996,10,1.0,10,0,0,0,10,0,0,10,0,1,0,0,0,0,0,10,10,37,3466,3389,290,0,9,46,1.0,2900,0,23177,27,411,2900,30624
2025-07-10,argo,com.grab.sample.dummy,KDummyClass5,method8,1,2,0.0,0,0.0,0,0,1,0,5,0,1,0,0.0,0,0,0,5,0.0,0,2.4,0,0,0.0,0,0.0,0.9,68,57,0.1,10,0,0,0,0,1,9,0,0,0,0,0,0,0,0,0,10,0.19999999999999996,10,1.0,10,0,0,0,10,0,0,10,0,1,0,0,0,0,0,10,10,37,3466,3389,290,0,9,46,1.0,2900,0,23177,27,411,2900,30624
2025-07-10,argo,com.grab.sample.dummy,KDummyClass5,method9,1,2,0.0,0,0.0,0,0,1,0,5,0,1,0,0.0,0,0,0,5,0.0,0,2.4,0,0,0.0,0,0.0,0.9,68,57,0.1,10,0,0,0,0,1,9,0,0,0,0,0,0,0,0,0,10,0.19999999999999996,10,1.0,10,0,0,0,10,0,0,10,0,1,0,0,0,0,0,10,10,37,3466,3389,290,0,9,46,1.0,2900,0,23177,27,411,2900,30624
2025-07-10,argo,com.grab.sample.dummy,KDummyClass5,method10,1,2,0.0,0,0.0,0,0,1,0,5,0,1,0,0.0,0,0,0,5,0.0,0,2.4,0,0,0.0,0,0.0,0.9,68,57,0.1,10,0,0,0,0,1,9,0,0,0,0,0,0,0,0,0,10,0.19999999999999996,10,1.0,10,0,0,0,10,0,0,10,0,1,0,0,0,0,0,10,10,37,3466,3389,290,0,9,46,1.0,2900,0,23177,27,411,2900,30624
2025-07-10,argo,com.grab.sample.dummy,KDummyClass50,method1,1,0,9.0,0,0.0,0,0,1,0,12,0,1,10,0.0,10,0,9,1,0.0,1,2.0,0,9,0.0,0,0.0,0.9,68,57,0.1,10,0,0,0,0,1,9,0,0,0,0,0,0,0,0,0,10,0.19999999999999996,10,1.0,10,0,0,0,10,0,0,10,0,1,0,0,0,0,0,10,10,37,3466,3389,290,0,9,46,1.0,2900,0,23177,27,411,2900,30624
2025-07-10,argo,com.grab.sample.dummy,KDummyClass50,method2,1,2,0.0,0,0.0,0,0,1,0,5,0,1,0,0.0,0,0,0,5,0.0,0,2.4,0,0,0.0,0,0.0,0.9,68,57,0.1,10,0,0,0,0,1,9,0,0,0,0,0,0,0,0,0,10,0.19999999999999996,10,1.0,10,0,0,0,10,0,0,10,0,1,0,0,0,0,0,10,10,37,3466,3389,290,0,9,46,1.0,2900,0,23177,27,411,2900,30624
2025-07-10,argo,com.grab.sample.dummy,KDummyClass50,method3,1,2,0.0,0,0.0,0,0,1,0,5,0,1,0,0.0,0,0,0,5,0.0,0,2.4,0,0,0.0,0,0.0,0.9,68,57,0.1,10,0,0,0,0,1,9,0,0,0,0,0,0,0,0,0,10,0.19999999999999996,10,1.0,10,0,0,0,10,0,0,10,0,1,0,0,0,0,0,10,10,37,3466,3389,290,0,9,46,1.0,2900,0,23177,27,411,2900,30624
2025-07-10,argo,com.grab.sample.dummy,KDummyClass50,method4,1,2,0.0,0,0.0,0,0,1,0,5,0,1,0,0.0,0,0,0,5,0.0,0,2.4,0,0,0.0,0,0.0,0.9,68,57,0.1,10,0,0,0,0,1,9,0,0,0,0,0,0,0,0,0,10,0.19999999999999996,10,1.0,10,0,0,0,10,0,0,10,0,1,0,0,0,0,0,10,10,37,3466,3389,290,0,9,46,1.0,2900,0,23177,27,411,2900,30624
2025-07-10,argo,com.grab.sample.dummy,KDummyClass50,method5,1,2,0.0,0,0.0,0,0,1,0,5,0,1,0,0.0,0,0,0,5,0.0,0,2.4,0,0,0.0,0,0.0,0.9,68,57,0.1,10,0,0,0,0,1,9,0,0,0,0,0,0,0,0,0,10,0.19999999999999996,10,1.0,10,0,0,0,10,0,0,10,0,1,0,0,0,0,0,10,10,37,3466,3389,290,0,9,46,1.0,2900,0,23177,27,411,2900,30624
2025-07-10,argo,com.grab.sample.dummy,KDummyClass50,method6,1,2,0.0,0,0.0,0,0,1,0,5,0,1,0,0.0,0,0,0,5,0.0,0,2.4,0,0,0.0,0,0.0,0.9,68,57,0.1,10,0,0,0,0,1,9,0,0,0,0,0,0,0,0,0,10,0.19999999999999996,10,1.0,10,0,0,0,10,0,0,10,0,1,0,0,0,0,0,10,10,37,3466,3389,290,0,9,46,1.0,2900,0,23177,27,411,2900,30624
2025-07-10,argo,com.grab.sample.dummy,KDummyClass50,method7,1,2,0.0,0,0.0,0,0,1,0,5,0,1,0,0.0,0,0,0,5,0.0,0,2.4,0,0,0.0,0,0.0,0.9,68,57,0.1,10,0,0,0,0,1,9,0,0,0,0,0,0,0,0,0,10,0.19999999999999996,10,1.0,10,0,0,0,10,0,0,10,0,1,0,0,0,0,0,10,10,37,3466,3389,290,0,9,46,1.0,2900,0,23177,27,411,2900,30624
2025-07-10,argo,com.grab.sample.dummy,KDummyClass50,method8,1,2,0.0,0,0.0,0,0,1,0,5,0,1,0,0.0,0,0,0,5,0.0,0,2.4,0,0,0.0,0,0.0,0.9,68,57,0.1,10,0,0,0,0,1,9,0,0,0,0,0,0,0,0,0,10,0.19999999999999996,10,1.0,10,0,0,0,10,0,0,10,0,1,0,0,0,0,0,10,10,37,3466,3389,290,0,9,46,1.0,2900,0,23177,27,411,2900,30624
2025-07-10,argo,com.grab.sample.dummy,KDummyClass50,method9,1,2,0.0,0,0.0,0,0,1,0,5,0,1,0,0.0,0,0,0,5,0.0,0,2.4,0,0,0.0,0,0.0,0.9,68,57,0.1,10,0,0,0,0,1,9,0,0,0,0,0,0,0,0,0,10,0.19999999999999996,10,1.0,10,0,0,0,10,0,0,10,0,1,0,0,0,0,0,10,10,37,3466,3389,290,0,9,46,1.0,2900,0,23177,27,411,2900,30624
2025-07-10,argo,com.grab.sample.dummy,KDummyClass50,method10,1,2,0.0,0,0.0,0,0,1,0,5,0,1,0,0.0,0,0,0,5,0.0,0,2.4,0,0,0.0,0,0.0,0.9,68,57,0.1,10,0,0,0,0,1,9,0,0,0,0,0,0,0,0,0,10,0.19999999999999996,10,1.0,10,0,0,0,10,0,0,10,0,1,0,0,0,0,0,10,10,37,3466,3389,290,0,9,46,1.0,2900,0,23177,27,411,2900,30624
2025-07-10,argo,com.grab.sample.dummy,KDummyClass51,method1,1,0,9.0,0,0.0,0,0,1,0,12,0,1,10,0.0,10,0,9,1,0.0,1,2.0,0,9,0.0,0,0.0,0.9,68,57,0.1,10,0,0,0,0,1,9,0,0,0,0,0,0,0,0,0,10,0.19999999999999996,10,1.0,10,0,0,0,10,0,0,10,0,1,0,0,0,0,0,10,10,37,3466,3389,290,0,9,46,1.0,2900,0,23177,27,411,2900,30624
2025-07-10,argo,com.grab.sample.dummy,KDummyClass51,method2,1,2,0.0,0,0.0,0,0,1,0,5,0,1,0,0.0,0,0,0,5,0.0,0,2.4,0,0,0.0,0,0.0,0.9,68,57,0.1,10,0,0,0,0,1,9,0,0,0,0,0,0,0,0,0,10,0.19999999999999996,10,1.0,10,0,0,0,10,0,0,10,0,1,0,0,0,0,0,10,10,37,3466,3389,290,0,9,46,1.0,2900,0,23177,27,411,2900,30624
2025-07-10,argo,com.grab.sample.dummy,KDummyClass51,method3,1,2,0.0,0,0.0,0,0,1,0,5,0,1,0,0.0,0,0,0,5,0.0,0,2.4,0,0,0.0,0,0.0,0.9,68,57,0.1,10,0,0,0,0,1,9,0,0,0,0,0,0,0,0,0,10,0.19999999999999996,10,1.0,10,0,0,0,10,0,0,10,0,1,0,0,0,0,0,10,10,37,3466,3389,290,0,9,46,1.0,2900,0,23177,27,411,2900,30624
2025-07-10,argo,com.grab.sample.dummy,KDummyClass51,method4,1,2,0.0,0,0.0,0,0,1,0,5,0,1,0,0.0,0,0,0,5,0.0,0,2.4,0,0,0.0,0,0.0,0.9,68,57,0.1,10,0,0,0,0,1,9,0,0,0,0,0,0,0,0,0,10,0.19999999999999996,10,1.0,10,0,0,0,10,0,0,10,0,1,0,0,0,0,0,10,10,37,3466,3389,290,0,9,46,1.0,2900,0,23177,27,411,2900,30624
2025-07-10,argo,com.grab.sample.dummy,KDummyClass51,method5,1,2,0.0,0,0.0,0,0,1,0,5,0,1,0,0.0,0,0,0,5,0.0,0,2.4,0,0,0.0,0,0.0,0.9,68,57,0.1,10,0,0,0,0,1,9,0,0,0,0,0,0,0,0,0,10,0.19999999999999996,10,1.0,10,0,0,0,10,0,0,10,0,1,0,0,0,0,0,10,10,37,3466,3389,290,0,9,46,1.0,2900,0,23177,27,411,2900,30624
2025-07-10,argo,com.grab.sample.dummy,KDummyClass51,method6,1,2,0.0,0,0.0,0,0,1,0,5,0,1,0,0.0,0,0,0,5,0.0,0,2.4,0,0,0.0,0,0.0,0.9,68,57,0.1,10,0,0,0,0,1,9,0,0,0,0,0,0,0,0,0,10,0.19999999999999996,10,1.0,10,0,0,0,10,0,0,10,0,1,0,0,0,0,0,10,10,37,3466,3389,290,0,9,46,1.0,2900,0,23177,27,411,2900,30624
2025-07-10,argo,com.grab.sample.dummy,KDummyClass51,method7,1,2,0.0,0,0.0,0,0,1,0,5,0,1,0,0.0,0,0,0,5,0.0,0,2.4,0,0,0.0,0,0.0,0.9,68,57,0.1,10,0,0,0,0,1,9,0,0,0,0,0,0,0,0,0,10,0.19999999999999996,10,1.0,10,0,0,0,10,0,0,10,0,1,0,0,0,0,0,10,10,37,3466,3389,290,0,9,46,1.0,2900,0,23177,27,411,2900,30624
2025-07-10,argo,com.grab.sample.dummy,KDummyClass51,method8,1,2,0.0,0,0.0,0,0,1,0,5,0,1,0,0.0,0,0,0,5,0.0,0,2.4,0,0,0.0,0,0.0,0.9,68,57,0.1,10,0,0,0,0,1,9,0,0,0,0,0,0,0,0,0,10,0.19999999999999996,10,1.0,10,0,0,0,10,0,0,10,0,1,0,0,0,0,0,10,10,37,3466,3389,290,0,9,46,1.0,2900,0,23177,27,411,2900,30624
2025-07-10,argo,com.grab.sample.dummy,KDummyClass51,method9,1,2,0.0,0,0.0,0,0,1,0,5,0,1,0,0.0,0,0,0,5,0.0,0,2.4,0,0,0.0,0,0.0,0.9,68,57,0.1,10,0,0,0,0,1,9,0,0,0,0,0,0,0,0,0,10,0.19999999999999996,10,1.0,10,0,0,0,10,0,0,10,0,1,0,0,0,0,0,10,10,37,3466,3389,290,0,9,46,1.0,2900,0,23177,27,411,2900,30624
2025-07-10,argo,com.grab.sample.dummy,KDummyClass51,method10,1,2,0.0,0,0.0,0,0,1,0,5,0,1,0,0.0,0,0,0,5,0.0,0,2.4,0,0,0.0,0,0.0,0.9,68,57,0.1,10,0,0,0,0,1,9,0,0,0,0,0,0,0,0,0,10,0.19999999999999996,10,1.0,10,0,0,0,10,0,0,10,0,1,0,0,0,0,0,10,10,37,3466,3389,290,0,9,46,1.0,2900,0,23177,27,411,2900,30624
2025-07-10,argo,com.grab.sample.dummy,KDummyClass52,method1,1,0,9.0,0,0.0,0,0,1,0,12,0,1,10,0.0,10,0,9,1,0.0,1,2.0,0,9,0.0,0,0.0,0.9,68,57,0.1,10,0,0,0,0,1,9,0,0,0,0,0,0,0,0,0,10,0.19999999999999996,10,1.0,10,0,0,0,10,0,0,10,0,1,0,0,0,0,0,10,10,37,3466,3389,290,0,9,46,1.0,2900,0,23177,27,411,2900,30624
2025-07-10,argo,com.grab.sample.dummy,KDummyClass52,method2,1,2,0.0,0,0.0,0,0,1,0,5,0,1,0,0.0,0,0,0,5,0.0,0,2.4,0,0,0.0,0,0.0,0.9,68,57,0.1,10,0,0,0,0,1,9,0,0,0,0,0,0,0,0,0,10,0.19999999999999996,10,1.0,10,0,0,0,10,0,0,10,0,1,0,0,0,0,0,10,10,37,3466,3389,290,0,9,46,1.0,2900,0,23177,27,411,2900,30624
2025-07-10,argo,com.grab.sample.dummy,KDummyClass52,method3,1,2,0.0,0,0.0,0,0,1,0,5,0,1,0,0.0,0,0,0,5,0.0,0,2.4,0,0,0.0,0,0.0,0.9,68,57,0.1,10,0,0,0,0,1,9,0,0,0,0,0,0,0,0,0,10,0.19999999999999996,10,1.0,10,0,0,0,10,0,0,10,0,1,0,0,0,0,0,10,10,37,3466,3389,290,0,9,46,1.0,2900,0,23177,27,411,2900,30624
2025-07-10,argo,com.grab.sample.dummy,KDummyClass52,method4,1,2,0.0,0,0.0,0,0,1,0,5,0,1,0,0.0,0,0,0,5,0.0,0,2.4,0,0,0.0,0,0.0,0.9,68,57,0.1,10,0,0,0,0,1,9,0,0,0,0,0,0,0,0,0,10,0.19999999999999996,10,1.0,10,0,0,0,10,0,0,10,0,1,0,0,0,0,0,10,10,37,3466,3389,290,0,9,46,1.0,2900,0,23177,27,411,2900,30624
2025-07-10,argo,com.grab.sample.dummy,KDummyClass52,method5,1,2,0.0,0,0.0,0,0,1,0,5,0,1,0,0.0,0,0,0,5,0.0,0,2.4,0,0,0.0,0,0.0,0.9,68,57,0.1,10,0,0,0,0,1,9,0,0,0,0,0,0,0,0,0,10,0.19999999999999996,10,1.0,10,0,0,0,10,0,0,10,0,1,0,0,0,0,0,10,10,37,3466,3389,290,0,9,46,1.0,2900,0,23177,27,411,2900,30624
2025-07-10,argo,com.grab.sample.dummy,KDummyClass52,method6,1,2,0.0,0,0.0,0,0,1,0,5,0,1,0,0.0,0,0,0,5,0.0,0,2.4,0,0,0.0,0,0.0,0.9,68,57,0.1,10,0,0,0,0,1,9,0,0,0,0,0,0,0,0,0,10,0.19999999999999996,10,1.0,10,0,0,0,10,0,0,10,0,1,0,0,0,0,0,10,10,37,3466,3389,290,0,9,46,1.0,2900,0,23177,27,411,2900,30624
2025-07-10,argo,com.grab.sample.dummy,KDummyClass52,method7,1,2,0.0,0,0.0,0,0,1,0,5,0,1,0,0.0,0,0,0,5,0.0,0,2.4,0,0,0.0,0,0.0,0.9,68,57,0.1,10,0,0,0,0,1,9,0,0,0,0,0,0,0,0,0,10,0.19999999999999996,10,1.0,10,0,0,0,10,0,0,10,0,1,0,0,0,0,0,10,10,37,3466,3389,290,0,9,46,1.0,2900,0,23177,27,411,2900,30624
2025-07-10,argo,com.grab.sample.dummy,KDummyClass52,method8,1,2,0.0,0,0.0,0,0,1,0,5,0,1,0,0.0,0,0,0,5,0.0,0,2.4,0,0,0.0,0,0.0,0.9,68,57,0.1,10,0,0,0,0,1,9,0,0,0,0,0,0,0,0,0,10,0.19999999999999996,10,1.0,10,0,0,0,10,0,0,10,0,1,0,0,0,0,0,10,10,37,3466,3389,290,0,9,46,1.0,2900,0,23177,27,411,2900,30624
2025-07-10,argo,com.grab.sample.dummy,KDummyClass52,method9,1,2,0.0,0,0.0,0,0,1,0,5,0,1,0,0.0,0,0,0,5,0.0,0,2.4,0,0,0.0,0,0.0,0.9,68,57,0.1,10,0,0,0,0,1,9,0,0,0,0,0,0,0,0,0,10,0.19999999999999996,10,1.0,10,0,0,0,10,0,0,10,0,1,0,0,0,0,0,10,10,37,3466,3389,290,0,9,46,1.0,2900,0,23177,27,411,2900,30624
2025-07-10,argo,com.grab.sample.dummy,KDummyClass52,method10,1,2,0.0,0,0.0,0,0,1,0,5,0,1,0,0.0,0,0,0,5,0.0,0,2.4,0,0,0.0,0,0.0,0.9,68,57,0.1,10,0,0,0,0,1,9,0,0,0,0,0,0,0,0,0,10,0.19999999999999996,10,1.0,10,0,0,0,10,0,0,10,0,1,0,0,0,0,0,10,10,37,3466,3389,290,0,9,46,1.0,2900,0,23177,27,411,2900,30624
2025-07-10,argo,com.grab.sample.dummy,KDummyClass53,method1,1,0,9.0,0,0.0,0,0,1,0,12,0,1,10,0.0,10,0,9,1,0.0,1,2.0,0,9,0.0,0,0.0,0.9,68,57,0.1,10,0,0,0,0,1,9,0,0,0,0,0,0,0,0,0,10,0.19999999999999996,10,1.0,10,0,0,0,10,0,0,10,0,1,0,0,0,0,0,10,10,37,3466,3389,290,0,9,46,1.0,2900,0,23177,27,411,2900,30624
2025-07-10,argo,com.grab.sample.dummy,KDummyClass53,method2,1,2,0.0,0,0.0,0,0,1,0,5,0,1,0,0.0,0,0,0,5,0.0,0,2.4,0,0,0.0,0,0.0,0.9,68,57,0.1,10,0,0,0,0,1,9,0,0,0,0,0,0,0,0,0,10,0.19999999999999996,10,1.0,10,0,0,0,10,0,0,10,0,1,0,0,0,0,0,10,10,37,3466,3389,290,0,9,46,1.0,2900,0,23177,27,411,2900,30624
2025-07-10,argo,com.grab.sample.dummy,KDummyClass53,method3,1,2,0.0,0,0.0,0,0,1,0,5,0,1,0,0.0,0,0,0,5,0.0,0,2.4,0,0,0.0,0,0.0,0.9,68,57,0.1,10,0,0,0,0,1,9,0,0,0,0,0,0,0,0,0,10,0.19999999999999996,10,1.0,10,0,0,0,10,0,0,10,0,1,0,0,0,0,0,10,10,37,3466,3389,290,0,9,46,1.0,2900,0,23177,27,411,2900,30624
2025-07-10,argo,com.grab.sample.dummy,KDummyClass53,method4,1,2,0.0,0,0.0,0,0,1,0,5,0,1,0,0.0,0,0,0,5,0.0,0,2.4,0,0,0.0,0,0.0,0.9,68,57,0.1,10,0,0,0,0,1,9,0,0,0,0,0,0,0,0,0,10,0.19999999999999996,10,1.0,10,0,0,0,10,0,0,10,0,1,0,0,0,0,0,10,10,37,3466,3389,290,0,9,46,1.0,2900,0,23177,27,411,2900,30624
2025-07-10,argo,com.grab.sample.dummy,KDummyClass53,method5,1,2,0.0,0,0.0,0,0,1,0,5,0,1,0,0.0,0,0,0,5,0.0,0,2.4,0,0,0.0,0,0.0,0.9,68,57,0.1,10,0,0,0,0,1,9,0,0,0,0,0,0,0,0,0,10,0.19999999999999996,10,1.0,10,0,0,0,10,0,0,10,0,1,0,0,0,0,0,10,10,37,3466,3389,290,0,9,46,1.0,2900,0,23177,27,411,2900,30624
2025-07-10,argo,com.grab.sample.dummy,KDummyClass53,method6,1,2,0.0,0,0.0,0,0,1,0,5,0,1,0,0.0,0,0,0,5,0.0,0,2.4,0,0,0.0,0,0.0,0.9,68,57,0.1,10,0,0,0,0,1,9,0,0,0,0,0,0,0,0,0,10,0.19999999999999996,10,1.0,10,0,0,0,10,0,0,10,0,1,0,0,0,0,0,10,10,37,3466,3389,290,0,9,46,1.0,2900,0,23177,27,411,2900,30624
2025-07-10,argo,com.grab.sample.dummy,KDummyClass53,method7,1,2,0.0,0,0.0,0,0,1,0,5,0,1,0,0.0,0,0,0,5,0.0,0,2.4,0,0,0.0,0,0.0,0.9,68,57,0.1,10,0,0,0,0,1,9,0,0,0,0,0,0,0,0,0,10,0.19999999999999996,10,1.0,10,0,0,0,10,0,0,10,0,1,0,0,0,0,0,10,10,37,3466,3389,290,0,9,46,1.0,2900,0,23177,27,411,2900,30624
2025-07-10,argo,com.grab.sample.dummy,KDummyClass53,method8,1,2,0.0,0,0.0,0,0,1,0,5,0,1,0,0.0,0,0,0,5,0.0,0,2.4,0,0,0.0,0,0.0,0.9,68,57,0.1,10,0,0,0,0,1,9,0,0,0,0,0,0,0,0,0,10,0.19999999999999996,10,1.0,10,0,0,0,10,0,0,10,0,1,0,0,0,0,0,10,10,37,3466,3389,290,0,9,46,1.0,2900,0,23177,27,411,2900,30624
2025-07-10,argo,com.grab.sample.dummy,KDummyClass53,method9,1,2,0.0,0,0.0,0,0,1,0,5,0,1,0,0.0,0,0,0,5,0.0,0,2.4,0,0,0.0,0,0.0,0.9,68,57,0.1,10,0,0,0,0,1,9,0,0,0,0,0,0,0,0,0,10,0.19999999999999996,10,1.0,10,0,0,0,10,0,0,10,0,1,0,0,0,0,0,10,10,37,3466,3389,290,0,9,46,1.0,2900,0,23177,27,411,2900,30624
2025-07-10,argo,com.grab.sample.dummy,KDummyClass53,method10,1,2,0.0,0,0.0,0,0,1,0,5,0,1,0,0.0,0,0,0,5,0.0,0,2.4,0,0,0.0,0,0.0,0.9,68,57,0.1,10,0,0,0,0,1,9,0,0,0,0,0,0,0,0,0,10,0.19999999999999996,10,1.0,10,0,0,0,10,0,0,10,0,1,0,0,0,0,0,10,10,37,3466,3389,290,0,9,46,1.0,2900,0,23177,27,411,2900,30624
2025-07-10,argo,com.grab.sample.dummy,KDummyClass54,method1,1,0,9.0,0,0.0,0,0,1,0,12,0,1,10,0.0,10,0,9,1,0.0,1,2.0,0,9,0.0,0,0.0,0.9,68,57,0.1,10,0,0,0,0,1,9,0,0,0,0,0,0,0,0,0,10,0.19999999999999996,10,1.0,10,0,0,0,10,0,0,10,0,1,0,0,0,0,0,10,10,37,3466,3389,290,0,9,46,1.0,2900,0,23177,27,411,2900,30624
2025-07-10,argo,com.grab.sample.dummy,KDummyClass54,method2,1,2,0.0,0,0.0,0,0,1,0,5,0,1,0,0.0,0,0,0,5,0.0,0,2.4,0,0,0.0,0,0.0,0.9,68,57,0.1,10,0,0,0,0,1,9,0,0,0,0,0,0,0,0,0,10,0.19999999999999996,10,1.0,10,0,0,0,10,0,0,10,0,1,0,0,0,0,0,10,10,37,3466,3389,290,0,9,46,1.0,2900,0,23177,27,411,2900,30624
2025-07-10,argo,com.grab.sample.dummy,KDummyClass54,method3,1,2,0.0,0,0.0,0,0,1,0,5,0,1,0,0.0,0,0,0,5,0.0,0,2.4,0,0,0.0,0,0.0,0.9,68,57,0.1,10,0,0,0,0,1,9,0,0,0,0,0,0,0,0,0,10,0.19999999999999996,10,1.0,10,0,0,0,10,0,0,10,0,1,0,0,0,0,0,10,10,37,3466,3389,290,0,9,46,1.0,2900,0,23177,27,411,2900,30624
2025-07-10,argo,com.grab.sample.dummy,KDummyClass54,method4,1,2,0.0,0,0.0,0,0,1,0,5,0,1,0,0.0,0,0,0,5,0.0,0,2.4,0,0,0.0,0,0.0,0.9,68,57,0.1,10,0,0,0,0,1,9,0,0,0,0,0,0,0,0,0,10,0.19999999999999996,10,1.0,10,0,0,0,10,0,0,10,0,1,0,0,0,0,0,10,10,37,3466,3389,290,0,9,46,1.0,2900,0,23177,27,411,2900,30624
2025-07-10,argo,com.grab.sample.dummy,KDummyClass54,method5,1,2,0.0,0,0.0,0,0,1,0,5,0,1,0,0.0,0,0,0,5,0.0,0,2.4,0,0,0.0,0,0.0,0.9,68,57,0.1,10,0,0,0,0,1,9,0,0,0,0,0,0,0,0,0,10,0.19999999999999996,10,1.0,10,0,0,0,10,0,0,10,0,1,0,0,0,0,0,10,10,37,3466,3389,290,0,9,46,1.0,2900,0,23177,27,411,2900,30624
2025-07-10,argo,com.grab.sample.dummy,KDummyClass54,method6,1,2,0.0,0,0.0,0,0,1,0,5,0,1,0,0.0,0,0,0,5,0.0,0,2.4,0,0,0.0,0,0.0,0.9,68,57,0.1,10,0,0,0,0,1,9,0,0,0,0,0,0,0,0,0,10,0.19999999999999996,10,1.0,10,0,0,0,10,0,0,10,0,1,0,0,0,0,0,10,10,37,3466,3389,290,0,9,46,1.0,2900,0,23177,27,411,2900,30624
2025-07-10,argo,com.grab.sample.dummy,KDummyClass54,method7,1,2,0.0,0,0.0,0,0,1,0,5,0,1,0,0.0,0,0,0,5,0.0,0,2.4,0,0,0.0,0,0.0,0.9,68,57,0.1,10,0,0,0,0,1,9,0,0,0,0,0,0,0,0,0,10,0.19999999999999996,10,1.0,10,0,0,0,10,0,0,10,0,1,0,0,0,0,0,10,10,37,3466,3389,290,0,9,46,1.0,2900,0,23177,27,411,2900,30624
2025-07-10,argo,com.grab.sample.dummy,KDummyClass54,method8,1,2,0.0,0,0.0,0,0,1,0,5,0,1,0,0.0,0,0,0,5,0.0,0,2.4,0,0,0.0,0,0.0,0.9,68,57,0.1,10,0,0,0,0,1,9,0,0,0,0,0,0,0,0,0,10,0.19999999999999996,10,1.0,10,0,0,0,10,0,0,10,0,1,0,0,0,0,0,10,10,37,3466,3389,290,0,9,46,1.0,2900,0,23177,27,411,2900,30624
2025-07-10,argo,com.grab.sample.dummy,KDummyClass54,method9,1,2,0.0,0,0.0,0,0,1,0,5,0,1,0,0.0,0,0,0,5,0.0,0,2.4,0,0,0.0,0,0.0,0.9,68,57,0.1,10,0,0,0,0,1,9,0,0,0,0,0,0,0,0,0,10,0.19999999999999996,10,1.0,10,0,0,0,10,0,0,10,0,1,0,0,0,0,0,10,10,37,3466,3389,290,0,9,46,1.0,2900,0,23177,27,411,2900,30624
2025-07-10,argo,com.grab.sample.dummy,KDummyClass54,method10,1,2,0.0,0,0.0,0,0,1,0,5,0,1,0,0.0,0,0,0,5,0.0,0,2.4,0,0,0.0,0,0.0,0.9,68,57,0.1,10,0,0,0,0,1,9,0,0,0,0,0,0,0,0,0,10,0.19999999999999996,10,1.0,10,0,0,0,10,0,0,10,0,1,0,0,0,0,0,10,10,37,3466,3389,290,0,9,46,1.0,2900,0,23177,27,411,2900,30624
2025-07-10,argo,com.grab.sample.dummy,KDummyClass55,method1,1,0,9.0,0,0.0,0,0,1,0,12,0,1,10,0.0,10,0,9,1,0.0,1,2.0,0,9,0.0,0,0.0,0.9,68,57,0.1,10,0,0,0,0,1,9,0,0,0,0,0,0,0,0,0,10,0.19999999999999996,10,1.0,10,0,0,0,10,0,0,10,0,1,0,0,0,0,0,10,10,37,3466,3389,290,0,9,46,1.0,2900,0,23177,27,411,2900,30624
2025-07-10,argo,com.grab.sample.dummy,KDummyClass55,method2,1,2,0.0,0,0.0,0,0,1,0,5,0,1,0,0.0,0,0,0,5,0.0,0,2.4,0,0,0.0,0,0.0,0.9,68,57,0.1,10,0,0,0,0,1,9,0,0,0,0,0,0,0,0,0,10,0.19999999999999996,10,1.0,10,0,0,0,10,0,0,10,0,1,0,0,0,0,0,10,10,37,3466,3389,290,0,9,46,1.0,2900,0,23177,27,411,2900,30624
2025-07-10,argo,com.grab.sample.dummy,KDummyClass55,method3,1,2,0.0,0,0.0,0,0,1,0,5,0,1,0,0.0,0,0,0,5,0.0,0,2.4,0,0,0.0,0,0.0,0.9,68,57,0.1,10,0,0,0,0,1,9,0,0,0,0,0,0,0,0,0,10,0.19999999999999996,10,1.0,10,0,0,0,10,0,0,10,0,1,0,0,0,0,0,10,10,37,3466,3389,290,0,9,46,1.0,2900,0,23177,27,411,2900,30624
2025-07-10,argo,com.grab.sample.dummy,KDummyClass55,method4,1,2,0.0,0,0.0,0,0,1,0,5,0,1,0,0.0,0,0,0,5,0.0,0,2.4,0,0,0.0,0,0.0,0.9,68,57,0.1,10,0,0,0,0,1,9,0,0,0,0,0,0,0,0,0,10,0.19999999999999996,10,1.0,10,0,0,0,10,0,0,10,0,1,0,0,0,0,0,10,10,37,3466,3389,290,0,9,46,1.0,2900,0,23177,27,411,2900,30624
2025-07-10,argo,com.grab.sample.dummy,KDummyClass55,method5,1,2,0.0,0,0.0,0,0,1,0,5,0,1,0,0.0,0,0,0,5,0.0,0,2.4,0,0,0.0,0,0.0,0.9,68,57,0.1,10,0,0,0,0,1,9,0,0,0,0,0,0,0,0,0,10,0.19999999999999996,10,1.0,10,0,0,0,10,0,0,10,0,1,0,0,0,0,0,10,10,37,3466,3389,290,0,9,46,1.0,2900,0,23177,27,411,2900,30624
2025-07-10,argo,com.grab.sample.dummy,KDummyClass55,method6,1,2,0.0,0,0.0,0,0,1,0,5,0,1,0,0.0,0,0,0,5,0.0,0,2.4,0,0,0.0,0,0.0,0.9,68,57,0.1,10,0,0,0,0,1,9,0,0,0,0,0,0,0,0,0,10,0.19999999999999996,10,1.0,10,0,0,0,10,0,0,10,0,1,0,0,0,0,0,10,10,37,3466,3389,290,0,9,46,1.0,2900,0,23177,27,411,2900,30624
2025-07-10,argo,com.grab.sample.dummy,KDummyClass55,method7,1,2,0.0,0,0.0,0,0,1,0,5,0,1,0,0.0,0,0,0,5,0.0,0,2.4,0,0,0.0,0,0.0,0.9,68,57,0.1,10,0,0,0,0,1,9,0,0,0,0,0,0,0,0,0,10,0.19999999999999996,10,1.0,10,0,0,0,10,0,0,10,0,1,0,0,0,0,0,10,10,37,3466,3389,290,0,9,46,1.0,2900,0,23177,27,411,2900,30624
2025-07-10,argo,com.grab.sample.dummy,KDummyClass55,method8,1,2,0.0,0,0.0,0,0,1,0,5,0,1,0,0.0,0,0,0,5,0.0,0,2.4,0,0,0.0,0,0.0,0.9,68,57,0.1,10,0,0,0,0,1,9,0,0,0,0,0,0,0,0,0,10,0.19999999999999996,10,1.0,10,0,0,0,10,0,0,10,0,1,0,0,0,0,0,10,10,37,3466,3389,290,0,9,46,1.0,2900,0,23177,27,411,2900,30624
2025-07-10,argo,com.grab.sample.dummy,KDummyClass55,method9,1,2,0.0,0,0.0,0,0,1,0,5,0,1,0,0.0,0,0,0,5,0.0,0,2.4,0,0,0.0,0,0.0,0.9,68,57,0.1,10,0,0,0,0,1,9,0,0,0,0,0,0,0,0,0,10,0.19999999999999996,10,1.0,10,0,0,0,10,0,0,10,0,1,0,0,0,0,0,10,10,37,3466,3389,290,0,9,46,1.0,2900,0,23177,27,411,2900,30624
2025-07-10,argo,com.grab.sample.dummy,KDummyClass55,method10,1,2,0.0,0,0.0,0,0,1,0,5,0,1,0,0.0,0,0,0,5,0.0,0,2.4,0,0,0.0,0,0.0,0.9,68,57,0.1,10,0,0,0,0,1,9,0,0,0,0,0,0,0,0,0,10,0.19999999999999996,10,1.0,10,0,0,0,10,0,0,10,0,1,0,0,0,0,0,10,10,37,3466,3389,290,0,9,46,1.0,2900,0,23177,27,411,2900,30624
2025-07-10,argo,com.grab.sample.dummy,KDummyClass56,method1,1,0,9.0,0,0.0,0,0,1,0,12,0,1,10,0.0,10,0,9,1,0.0,1,2.0,0,9,0.0,0,0.0,0.9,68,57,0.1,10,0,0,0,0,1,9,0,0,0,0,0,0,0,0,0,10,0.19999999999999996,10,1.0,10,0,0,0,10,0,0,10,0,1,0,0,0,0,0,10,10,37,3466,3389,290,0,9,46,1.0,2900,0,23177,27,411,2900,30624
2025-07-10,argo,com.grab.sample.dummy,KDummyClass56,method2,1,2,0.0,0,0.0,0,0,1,0,5,0,1,0,0.0,0,0,0,5,0.0,0,2.4,0,0,0.0,0,0.0,0.9,68,57,0.1,10,0,0,0,0,1,9,0,0,0,0,0,0,0,0,0,10,0.19999999999999996,10,1.0,10,0,0,0,10,0,0,10,0,1,0,0,0,0,0,10,10,37,3466,3389,290,0,9,46,1.0,2900,0,23177,27,411,2900,30624
2025-07-10,argo,com.grab.sample.dummy,KDummyClass56,method3,1,2,0.0,0,0.0,0,0,1,0,5,0,1,0,0.0,0,0,0,5,0.0,0,2.4,0,0,0.0,0,0.0,0.9,68,57,0.1,10,0,0,0,0,1,9,0,0,0,0,0,0,0,0,0,10,0.19999999999999996,10,1.0,10,0,0,0,10,0,0,10,0,1,0,0,0,0,0,10,10,37,3466,3389,290,0,9,46,1.0,2900,0,23177,27,411,2900,30624
2025-07-10,argo,com.grab.sample.dummy,KDummyClass56,method4,1,2,0.0,0,0.0,0,0,1,0,5,0,1,0,0.0,0,0,0,5,0.0,0,2.4,0,0,0.0,0,0.0,0.9,68,57,0.1,10,0,0,0,0,1,9,0,0,0,0,0,0,0,0,0,10,0.19999999999999996,10,1.0,10,0,0,0,10,0,0,10,0,1,0,0,0,0,0,10,10,37,3466,3389,290,0,9,46,1.0,2900,0,23177,27,411,2900,30624
2025-07-10,argo,com.grab.sample.dummy,KDummyClass56,method5,1,2,0.0,0,0.0,0,0,1,0,5,0,1,0,0.0,0,0,0,5,0.0,0,2.4,0,0,0.0,0,0.0,0.9,68,57,0.1,10,0,0,0,0,1,9,0,0,0,0,0,0,0,0,0,10,0.19999999999999996,10,1.0,10,0,0,0,10,0,0,10,0,1,0,0,0,0,0,10,10,37,3466,3389,290,0,9,46,1.0,2900,0,23177,27,411,2900,30624
2025-07-10,argo,com.grab.sample.dummy,KDummyClass56,method6,1,2,0.0,0,0.0,0,0,1,0,5,0,1,0,0.0,0,0,0,5,0.0,0,2.4,0,0,0.0,0,0.0,0.9,68,57,0.1,10,0,0,0,0,1,9,0,0,0,0,0,0,0,0,0,10,0.19999999999999996,10,1.0,10,0,0,0,10,0,0,10,0,1,0,0,0,0,0,10,10,37,3466,3389,290,0,9,46,1.0,2900,0,23177,27,411,2900,30624
2025-07-10,argo,com.grab.sample.dummy,KDummyClass56,method7,1,2,0.0,0,0.0,0,0,1,0,5,0,1,0,0.0,0,0,0,5,0.0,0,2.4,0,0,0.0,0,0.0,0.9,68,57,0.1,10,0,0,0,0,1,9,0,0,0,0,0,0,0,0,0,10,0.19999999999999996,10,1.0,10,0,0,0,10,0,0,10,0,1,0,0,0,0,0,10,10,37,3466,3389,290,0,9,46,1.0,2900,0,23177,27,411,2900,30624
2025-07-10,argo,com.grab.sample.dummy,KDummyClass56,method8,1,2,0.0,0,0.0,0,0,1,0,5,0,1,0,0.0,0,0,0,5,0.0,0,2.4,0,0,0.0,0,0.0,0.9,68,57,0.1,10,0,0,0,0,1,9,0,0,0,0,0,0,0,0,0,10,0.19999999999999996,10,1.0,10,0,0,0,10,0,0,10,0,1,0,0,0,0,0,10,10,37,3466,3389,290,0,9,46,1.0,2900,0,23177,27,411,2900,30624
2025-07-10,argo,com.grab.sample.dummy,KDummyClass56,method9,1,2,0.0,0,0.0,0,0,1,0,5,0,1,0,0.0,0,0,0,5,0.0,0,2.4,0,0,0.0,0,0.0,0.9,68,57,0.1,10,0,0,0,0,1,9,0,0,0,0,0,0,0,0,0,10,0.19999999999999996,10,1.0,10,0,0,0,10,0,0,10,0,1,0,0,0,0,0,10,10,37,3466,3389,290,0,9,46,1.0,2900,0,23177,27,411,2900,30624
2025-07-10,argo,com.grab.sample.dummy,KDummyClass56,method10,1,2,0.0,0,0.0,0,0,1,0,5,0,1,0,0.0,0,0,0,5,0.0,0,2.4,0,0,0.0,0,0.0,0.9,68,57,0.1,10,0,0,0,0,1,9,0,0,0,0,0,0,0,0,0,10,0.19999999999999996,10,1.0,10,0,0,0,10,0,0,10,0,1,0,0,0,0,0,10,10,37,3466,3389,290,0,9,46,1.0,2900,0,23177,27,411,2900,30624
2025-07-10,argo,com.grab.sample.dummy,KDummyClass57,method1,1,0,9.0,0,0.0,0,0,1,0,12,0,1,10,0.0,10,0,9,1,0.0,1,2.0,0,9,0.0,0,0.0,0.9,68,57,0.1,10,0,0,0,0,1,9,0,0,0,0,0,0,0,0,0,10,0.19999999999999996,10,1.0,10,0,0,0,10,0,0,10,0,1,0,0,0,0,0,10,10,37,3466,3389,290,0,9,46,1.0,2900,0,23177,27,411,2900,30624
2025-07-10,argo,com.grab.sample.dummy,KDummyClass57,method2,1,2,0.0,0,0.0,0,0,1,0,5,0,1,0,0.0,0,0,0,5,0.0,0,2.4,0,0,0.0,0,0.0,0.9,68,57,0.1,10,0,0,0,0,1,9,0,0,0,0,0,0,0,0,0,10,0.19999999999999996,10,1.0,10,0,0,0,10,0,0,10,0,1,0,0,0,0,0,10,10,37,3466,3389,290,0,9,46,1.0,2900,0,23177,27,411,2900,30624
2025-07-10,argo,com.grab.sample.dummy,KDummyClass57,method3,1,2,0.0,0,0.0,0,0,1,0,5,0,1,0,0.0,0,0,0,5,0.0,0,2.4,0,0,0.0,0,0.0,0.9,68,57,0.1,10,0,0,0,0,1,9,0,0,0,0,0,0,0,0,0,10,0.19999999999999996,10,1.0,10,0,0,0,10,0,0,10,0,1,0,0,0,0,0,10,10,37,3466,3389,290,0,9,46,1.0,2900,0,23177,27,411,2900,30624
2025-07-10,argo,com.grab.sample.dummy,KDummyClass57,method4,1,2,0.0,0,0.0,0,0,1,0,5,0,1,0,0.0,0,0,0,5,0.0,0,2.4,0,0,0.0,0,0.0,0.9,68,57,0.1,10,0,0,0,0,1,9,0,0,0,0,0,0,0,0,0,10,0.19999999999999996,10,1.0,10,0,0,0,10,0,0,10,0,1,0,0,0,0,0,10,10,37,3466,3389,290,0,9,46,1.0,2900,0,23177,27,411,2900,30624
2025-07-10,argo,com.grab.sample.dummy,KDummyClass57,method5,1,2,0.0,0,0.0,0,0,1,0,5,0,1,0,0.0,0,0,0,5,0.0,0,2.4,0,0,0.0,0,0.0,0.9,68,57,0.1,10,0,0,0,0,1,9,0,0,0,0,0,0,0,0,0,10,0.19999999999999996,10,1.0,10,0,0,0,10,0,0,10,0,1,0,0,0,0,0,10,10,37,3466,3389,290,0,9,46,1.0,2900,0,23177,27,411,2900,30624
2025-07-10,argo,com.grab.sample.dummy,KDummyClass57,method6,1,2,0.0,0,0.0,0,0,1,0,5,0,1,0,0.0,0,0,0,5,0.0,0,2.4,0,0,0.0,0,0.0,0.9,68,57,0.1,10,0,0,0,0,1,9,0,0,0,0,0,0,0,0,0,10,0.19999999999999996,10,1.0,10,0,0,0,10,0,0,10,0,1,0,0,0,0,0,10,10,37,3466,3389,290,0,9,46,1.0,2900,0,23177,27,411,2900,30624
2025-07-10,argo,com.grab.sample.dummy,KDummyClass57,method7,1,2,0.0,0,0.0,0,0,1,0,5,0,1,0,0.0,0,0,0,5,0.0,0,2.4,0,0,0.0,0,0.0,0.9,68,57,0.1,10,0,0,0,0,1,9,0,0,0,0,0,0,0,0,0,10,0.19999999999999996,10,1.0,10,0,0,0,10,0,0,10,0,1,0,0,0,0,0,10,10,37,3466,3389,290,0,9,46,1.0,2900,0,23177,27,411,2900,30624
2025-07-10,argo,com.grab.sample.dummy,KDummyClass57,method8,1,2,0.0,0,0.0,0,0,1,0,5,0,1,0,0.0,0,0,0,5,0.0,0,2.4,0,0,0.0,0,0.0,0.9,68,57,0.1,10,0,0,0,0,1,9,0,0,0,0,0,0,0,0,0,10,0.19999999999999996,10,1.0,10,0,0,0,10,0,0,10,0,1,0,0,0,0,0,10,10,37,3466,3389,290,0,9,46,1.0,2900,0,23177,27,411,2900,30624
2025-07-10,argo,com.grab.sample.dummy,KDummyClass57,method9,1,2,0.0,0,0.0,0,0,1,0,5,0,1,0,0.0,0,0,0,5,0.0,0,2.4,0,0,0.0,0,0.0,0.9,68,57,0.1,10,0,0,0,0,1,9,0,0,0,0,0,0,0,0,0,10,0.19999999999999996,10,1.0,10,0,0,0,10,0,0,10,0,1,0,0,0,0,0,10,10,37,3466,3389,290,0,9,46,1.0,2900,0,23177,27,411,2900,30624
2025-07-10,argo,com.grab.sample.dummy,KDummyClass57,method10,1,2,0.0,0,0.0,0,0,1,0,5,0,1,0,0.0,0,0,0,5,0.0,0,2.4,0,0,0.0,0,0.0,0.9,68,57,0.1,10,0,0,0,0,1,9,0,0,0,0,0,0,0,0,0,10,0.19999999999999996,10,1.0,10,0,0,0,10,0,0,10,0,1,0,0,0,0,0,10,10,37,3466,3389,290,0,9,46,1.0,2900,0,23177,27,411,2900,30624
2025-07-10,argo,com.grab.sample.dummy,KDummyClass58,method1,1,0,9.0,0,0.0,0,0,1,0,12,0,1,10,0.0,10,0,9,1,0.0,1,2.0,0,9,0.0,0,0.0,0.9,68,57,0.1,10,0,0,0,0,1,9,0,0,0,0,0,0,0,0,0,10,0.19999999999999996,10,1.0,10,0,0,0,10,0,0,10,0,1,0,0,0,0,0,10,10,37,3466,3389,290,0,9,46,1.0,2900,0,23177,27,411,2900,30624
2025-07-10,argo,com.grab.sample.dummy,KDummyClass58,method2,1,2,0.0,0,0.0,0,0,1,0,5,0,1,0,0.0,0,0,0,5,0.0,0,2.4,0,0,0.0,0,0.0,0.9,68,57,0.1,10,0,0,0,0,1,9,0,0,0,0,0,0,0,0,0,10,0.19999999999999996,10,1.0,10,0,0,0,10,0,0,10,0,1,0,0,0,0,0,10,10,37,3466,3389,290,0,9,46,1.0,2900,0,23177,27,411,2900,30624
2025-07-10,argo,com.grab.sample.dummy,KDummyClass58,method3,1,2,0.0,0,0.0,0,0,1,0,5,0,1,0,0.0,0,0,0,5,0.0,0,2.4,0,0,0.0,0,0.0,0.9,68,57,0.1,10,0,0,0,0,1,9,0,0,0,0,0,0,0,0,0,10,0.19999999999999996,10,1.0,10,0,0,0,10,0,0,10,0,1,0,0,0,0,0,10,10,37,3466,3389,290,0,9,46,1.0,2900,0,23177,27,411,2900,30624
2025-07-10,argo,com.grab.sample.dummy,KDummyClass58,method4,1,2,0.0,0,0.0,0,0,1,0,5,0,1,0,0.0,0,0,0,5,0.0,0,2.4,0,0,0.0,0,0.0,0.9,68,57,0.1,10,0,0,0,0,1,9,0,0,0,0,0,0,0,0,0,10,0.19999999999999996,10,1.0,10,0,0,0,10,0,0,10,0,1,0,0,0,0,0,10,10,37,3466,3389,290,0,9,46,1.0,2900,0,23177,27,411,2900,30624
2025-07-10,argo,com.grab.sample.dummy,KDummyClass58,method5,1,2,0.0,0,0.0,0,0,1,0,5,0,1,0,0.0,0,0,0,5,0.0,0,2.4,0,0,0.0,0,0.0,0.9,68,57,0.1,10,0,0,0,0,1,9,0,0,0,0,0,0,0,0,0,10,0.19999999999999996,10,1.0,10,0,0,0,10,0,0,10,0,1,0,0,0,0,0,10,10,37,3466,3389,290,0,9,46,1.0,2900,0,23177,27,411,2900,30624
2025-07-10,argo,com.grab.sample.dummy,KDummyClass58,method6,1,2,0.0,0,0.0,0,0,1,0,5,0,1,0,0.0,0,0,0,5,0.0,0,2.4,0,0,0.0,0,0.0,0.9,68,57,0.1,10,0,0,0,0,1,9,0,0,0,0,0,0,0,0,0,10,0.19999999999999996,10,1.0,10,0,0,0,10,0,0,10,0,1,0,0,0,0,0,10,10,37,3466,3389,290,0,9,46,1.0,2900,0,23177,27,411,2900,30624
2025-07-10,argo,com.grab.sample.dummy,KDummyClass58,method7,1,2,0.0,0,0.0,0,0,1,0,5,0,1,0,0.0,0,0,0,5,0.0,0,2.4,0,0,0.0,0,0.0,0.9,68,57,0.1,10,0,0,0,0,1,9,0,0,0,0,0,0,0,0,0,10,0.19999999999999996,10,1.0,10,0,0,0,10,0,0,10,0,1,0,0,0,0,0,10,10,37,3466,3389,290,0,9,46,1.0,2900,0,23177,27,411,2900,30624
2025-07-10,argo,com.grab.sample.dummy,KDummyClass58,method8,1,2,0.0,0,0.0,0,0,1,0,5,0,1,0,0.0,0,0,0,5,0.0,0,2.4,0,0,0.0,0,0.0,0.9,68,57,0.1,10,0,0,0,0,1,9,0,0,0,0,0,0,0,0,0,10,0.19999999999999996,10,1.0,10,0,0,0,10,0,0,10,0,1,0,0,0,0,0,10,10,37,3466,3389,290,0,9,46,1.0,2900,0,23177,27,411,2900,30624
2025-07-10,argo,com.grab.sample.dummy,KDummyClass58,method9,1,2,0.0,0,0.0,0,0,1,0,5,0,1,0,0.0,0,0,0,5,0.0,0,2.4,0,0,0.0,0,0.0,0.9,68,57,0.1,10,0,0,0,0,1,9,0,0,0,0,0,0,0,0,0,10,0.19999999999999996,10,1.0,10,0,0,0,10,0,0,10,0,1,0,0,0,0,0,10,10,37,3466,3389,290,0,9,46,1.0,2900,0,23177,27,411,2900,30624
2025-07-10,argo,com.grab.sample.dummy,KDummyClass58,method10,1,2,0.0,0,0.0,0,0,1,0,5,0,1,0,0.0,0,0,0,5,0.0,0,2.4,0,0,0.0,0,0.0,0.9,68,57,0.1,10,0,0,0,0,1,9,0,0,0,0,0,0,0,0,0,10,0.19999999999999996,10,1.0,10,0,0,0,10,0,0,10,0,1,0,0,0,0,0,10,10,37,3466,3389,290,0,9,46,1.0,2900,0,23177,27,411,2900,30624
2025-07-10,argo,com.grab.sample.dummy,KDummyClass59,method1,1,0,9.0,0,0.0,0,0,1,0,12,0,1,10,0.0,10,0,9,1,0.0,1,2.0,0,9,0.0,0,0.0,0.9,68,57,0.1,10,0,0,0,0,1,9,0,0,0,0,0,0,0,0,0,10,0.19999999999999996,10,1.0,10,0,0,0,10,0,0,10,0,1,0,0,0,0,0,10,10,37,3466,3389,290,0,9,46,1.0,2900,0,23177,27,411,2900,30624
2025-07-10,argo,com.grab.sample.dummy,KDummyClass59,method2,1,2,0.0,0,0.0,0,0,1,0,5,0,1,0,0.0,0,0,0,5,0.0,0,2.4,0,0,0.0,0,0.0,0.9,68,57,0.1,10,0,0,0,0,1,9,0,0,0,0,0,0,0,0,0,10,0.19999999999999996,10,1.0,10,0,0,0,10,0,0,10,0,1,0,0,0,0,0,10,10,37,3466,3389,290,0,9,46,1.0,2900,0,23177,27,411,2900,30624
2025-07-10,argo,com.grab.sample.dummy,KDummyClass59,method3,1,2,0.0,0,0.0,0,0,1,0,5,0,1,0,0.0,0,0,0,5,0.0,0,2.4,0,0,0.0,0,0.0,0.9,68,57,0.1,10,0,0,0,0,1,9,0,0,0,0,0,0,0,0,0,10,0.19999999999999996,10,1.0,10,0,0,0,10,0,0,10,0,1,0,0,0,0,0,10,10,37,3466,3389,290,0,9,46,1.0,2900,0,23177,27,411,2900,30624
2025-07-10,argo,com.grab.sample.dummy,KDummyClass59,method4,1,2,0.0,0,0.0,0,0,1,0,5,0,1,0,0.0,0,0,0,5,0.0,0,2.4,0,0,0.0,0,0.0,0.9,68,57,0.1,10,0,0,0,0,1,9,0,0,0,0,0,0,0,0,0,10,0.19999999999999996,10,1.0,10,0,0,0,10,0,0,10,0,1,0,0,0,0,0,10,10,37,3466,3389,290,0,9,46,1.0,2900,0,23177,27,411,2900,30624
2025-07-10,argo,com.grab.sample.dummy,KDummyClass59,method5,1,2,0.0,0,0.0,0,0,1,0,5,0,1,0,0.0,0,0,0,5,0.0,0,2.4,0,0,0.0,0,0.0,0.9,68,57,0.1,10,0,0,0,0,1,9,0,0,0,0,0,0,0,0,0,10,0.19999999999999996,10,1.0,10,0,0,0,10,0,0,10,0,1,0,0,0,0,0,10,10,37,3466,3389,290,0,9,46,1.0,2900,0,23177,27,411,2900,30624
2025-07-10,argo,com.grab.sample.dummy,KDummyClass59,method6,1,2,0.0,0,0.0,0,0,1,0,5,0,1,0,0.0,0,0,0,5,0.0,0,2.4,0,0,0.0,0,0.0,0.9,68,57,0.1,10,0,0,0,0,1,9,0,0,0,0,0,0,0,0,0,10,0.19999999999999996,10,1.0,10,0,0,0,10,0,0,10,0,1,0,0,0,0,0,10,10,37,3466,3389,290,0,9,46,1.0,2900,0,23177,27,411,2900,30624
2025-07-10,argo,com.grab.sample.dummy,KDummyClass59,method7,1,2,0.0,0,0.0,0,0,1,0,5,0,1,0,0.0,0,0,0,5,0.0,0,2.4,0,0,0.0,0,0.0,0.9,68,57,0.1,10,0,0,0,0,1,9,0,0,0,0,0,0,0,0,0,10,0.19999999999999996,10,1.0,10,0,0,0,10,0,0,10,0,1,0,0,0,0,0,10,10,37,3466,3389,290,0,9,46,1.0,2900,0,23177,27,411,2900,30624
2025-07-10,argo,com.grab.sample.dummy,KDummyClass59,method8,1,2,0.0,0,0.0,0,0,1,0,5,0,1,0,0.0,0,0,0,5,0.0,0,2.4,0,0,0.0,0,0.0,0.9,68,57,0.1,10,0,0,0,0,1,9,0,0,0,0,0,0,0,0,0,10,0.19999999999999996,10,1.0,10,0,0,0,10,0,0,10,0,1,0,0,0,0,0,10,10,37,3466,3389,290,0,9,46,1.0,2900,0,23177,27,411,2900,30624
2025-07-10,argo,com.grab.sample.dummy,KDummyClass59,method9,1,2,0.0,0,0.0,0,0,1,0,5,0,1,0,0.0,0,0,0,5,0.0,0,2.4,0,0,0.0,0,0.0,0.9,68,57,0.1,10,0,0,0,0,1,9,0,0,0,0,0,0,0,0,0,10,0.19999999999999996,10,1.0,10,0,0,0,10,0,0,10,0,1,0,0,0,0,0,10,10,37,3466,3389,290,0,9,46,1.0,2900,0,23177,27,411,2900,30624
2025-07-10,argo,com.grab.sample.dummy,KDummyClass59,method10,1,2,0.0,0,0.0,0,0,1,0,5,0,1,0,0.0,0,0,0,5,0.0,0,2.4,0,0,0.0,0,0.0,0.9,68,57,0.1,10,0,0,0,0,1,9,0,0,0,0,0,0,0,0,0,10,0.19999999999999996,10,1.0,10,0,0,0,10,0,0,10,0,1,0,0,0,0,0,10,10,37,3466,3389,290,0,9,46,1.0,2900,0,23177,27,411,2900,30624
2025-07-10,argo,com.grab.sample.dummy,KDummyClass6,method1,1,0,9.0,0,0.0,0,0,1,0,12,0,1,10,0.0,10,0,9,1,0.0,1,2.0,0,9,0.0,0,0.0,0.9,68,57,0.1,10,0,0,0,0,1,9,0,0,0,0,0,0,0,0,0,10,0.19999999999999996,10,1.0,10,0,0,0,10,0,0,10,0,1,0,0,0,0,0,10,10,37,3466,3389,290,0,9,46,1.0,2900,0,23177,27,411,2900,30624
2025-07-10,argo,com.grab.sample.dummy,KDummyClass6,method2,1,2,0.0,0,0.0,0,0,1,0,5,0,1,0,0.0,0,0,0,5,0.0,0,2.4,0,0,0.0,0,0.0,0.9,68,57,0.1,10,0,0,0,0,1,9,0,0,0,0,0,0,0,0,0,10,0.19999999999999996,10,1.0,10,0,0,0,10,0,0,10,0,1,0,0,0,0,0,10,10,37,3466,3389,290,0,9,46,1.0,2900,0,23177,27,411,2900,30624
2025-07-10,argo,com.grab.sample.dummy,KDummyClass6,method3,1,2,0.0,0,0.0,0,0,1,0,5,0,1,0,0.0,0,0,0,5,0.0,0,2.4,0,0,0.0,0,0.0,0.9,68,57,0.1,10,0,0,0,0,1,9,0,0,0,0,0,0,0,0,0,10,0.19999999999999996,10,1.0,10,0,0,0,10,0,0,10,0,1,0,0,0,0,0,10,10,37,3466,3389,290,0,9,46,1.0,2900,0,23177,27,411,2900,30624
2025-07-10,argo,com.grab.sample.dummy,KDummyClass6,method4,1,2,0.0,0,0.0,0,0,1,0,5,0,1,0,0.0,0,0,0,5,0.0,0,2.4,0,0,0.0,0,0.0,0.9,68,57,0.1,10,0,0,0,0,1,9,0,0,0,0,0,0,0,0,0,10,0.19999999999999996,10,1.0,10,0,0,0,10,0,0,10,0,1,0,0,0,0,0,10,10,37,3466,3389,290,0,9,46,1.0,2900,0,23177,27,411,2900,30624
2025-07-10,argo,com.grab.sample.dummy,KDummyClass6,method5,1,2,0.0,0,0.0,0,0,1,0,5,0,1,0,0.0,0,0,0,5,0.0,0,2.4,0,0,0.0,0,0.0,0.9,68,57,0.1,10,0,0,0,0,1,9,0,0,0,0,0,0,0,0,0,10,0.19999999999999996,10,1.0,10,0,0,0,10,0,0,10,0,1,0,0,0,0,0,10,10,37,3466,3389,290,0,9,46,1.0,2900,0,23177,27,411,2900,30624
2025-07-10,argo,com.grab.sample.dummy,KDummyClass6,method6,1,2,0.0,0,0.0,0,0,1,0,5,0,1,0,0.0,0,0,0,5,0.0,0,2.4,0,0,0.0,0,0.0,0.9,68,57,0.1,10,0,0,0,0,1,9,0,0,0,0,0,0,0,0,0,10,0.19999999999999996,10,1.0,10,0,0,0,10,0,0,10,0,1,0,0,0,0,0,10,10,37,3466,3389,290,0,9,46,1.0,2900,0,23177,27,411,2900,30624
2025-07-10,argo,com.grab.sample.dummy,KDummyClass6,method7,1,2,0.0,0,0.0,0,0,1,0,5,0,1,0,0.0,0,0,0,5,0.0,0,2.4,0,0,0.0,0,0.0,0.9,68,57,0.1,10,0,0,0,0,1,9,0,0,0,0,0,0,0,0,0,10,0.19999999999999996,10,1.0,10,0,0,0,10,0,0,10,0,1,0,0,0,0,0,10,10,37,3466,3389,290,0,9,46,1.0,2900,0,23177,27,411,2900,30624
2025-07-10,argo,com.grab.sample.dummy,KDummyClass6,method8,1,2,0.0,0,0.0,0,0,1,0,5,0,1,0,0.0,0,0,0,5,0.0,0,2.4,0,0,0.0,0,0.0,0.9,68,57,0.1,10,0,0,0,0,1,9,0,0,0,0,0,0,0,0,0,10,0.19999999999999996,10,1.0,10,0,0,0,10,0,0,10,0,1,0,0,0,0,0,10,10,37,3466,3389,290,0,9,46,1.0,2900,0,23177,27,411,2900,30624
2025-07-10,argo,com.grab.sample.dummy,KDummyClass6,method9,1,2,0.0,0,0.0,0,0,1,0,5,0,1,0,0.0,0,0,0,5,0.0,0,2.4,0,0,0.0,0,0.0,0.9,68,57,0.1,10,0,0,0,0,1,9,0,0,0,0,0,0,0,0,0,10,0.19999999999999996,10,1.0,10,0,0,0,10,0,0,10,0,1,0,0,0,0,0,10,10,37,3466,3389,290,0,9,46,1.0,2900,0,23177,27,411,2900,30624
2025-07-10,argo,com.grab.sample.dummy,KDummyClass6,method10,1,2,0.0,0,0.0,0,0,1,0,5,0,1,0,0.0,0,0,0,5,0.0,0,2.4,0,0,0.0,0,0.0,0.9,68,57,0.1,10,0,0,0,0,1,9,0,0,0,0,0,0,0,0,0,10,0.19999999999999996,10,1.0,10,0,0,0,10,0,0,10,0,1,0,0,0,0,0,10,10,37,3466,3389,290,0,9,46,1.0,2900,0,23177,27,411,2900,30624
2025-07-10,argo,com.grab.sample.dummy,KDummyClass60,method1,1,0,9.0,0,0.0,0,0,1,0,12,0,1,10,0.0,10,0,9,1,0.0,1,2.0,0,9,0.0,0,0.0,0.9,68,57,0.1,10,0,0,0,0,1,9,0,0,0,0,0,0,0,0,0,10,0.19999999999999996,10,1.0,10,0,0,0,10,0,0,10,0,1,0,0,0,0,0,10,10,37,3466,3389,290,0,9,46,1.0,2900,0,23177,27,411,2900,30624
2025-07-10,argo,com.grab.sample.dummy,KDummyClass60,method2,1,2,0.0,0,0.0,0,0,1,0,5,0,1,0,0.0,0,0,0,5,0.0,0,2.4,0,0,0.0,0,0.0,0.9,68,57,0.1,10,0,0,0,0,1,9,0,0,0,0,0,0,0,0,0,10,0.19999999999999996,10,1.0,10,0,0,0,10,0,0,10,0,1,0,0,0,0,0,10,10,37,3466,3389,290,0,9,46,1.0,2900,0,23177,27,411,2900,30624
2025-07-10,argo,com.grab.sample.dummy,KDummyClass60,method3,1,2,0.0,0,0.0,0,0,1,0,5,0,1,0,0.0,0,0,0,5,0.0,0,2.4,0,0,0.0,0,0.0,0.9,68,57,0.1,10,0,0,0,0,1,9,0,0,0,0,0,0,0,0,0,10,0.19999999999999996,10,1.0,10,0,0,0,10,0,0,10,0,1,0,0,0,0,0,10,10,37,3466,3389,290,0,9,46,1.0,2900,0,23177,27,411,2900,30624
2025-07-10,argo,com.grab.sample.dummy,KDummyClass60,method4,1,2,0.0,0,0.0,0,0,1,0,5,0,1,0,0.0,0,0,0,5,0.0,0,2.4,0,0,0.0,0,0.0,0.9,68,57,0.1,10,0,0,0,0,1,9,0,0,0,0,0,0,0,0,0,10,0.19999999999999996,10,1.0,10,0,0,0,10,0,0,10,0,1,0,0,0,0,0,10,10,37,3466,3389,290,0,9,46,1.0,2900,0,23177,27,411,2900,30624
2025-07-10,argo,com.grab.sample.dummy,KDummyClass60,method5,1,2,0.0,0,0.0,0,0,1,0,5,0,1,0,0.0,0,0,0,5,0.0,0,2.4,0,0,0.0,0,0.0,0.9,68,57,0.1,10,0,0,0,0,1,9,0,0,0,0,0,0,0,0,0,10,0.19999999999999996,10,1.0,10,0,0,0,10,0,0,10,0,1,0,0,0,0,0,10,10,37,3466,3389,290,0,9,46,1.0,2900,0,23177,27,411,2900,30624
2025-07-10,argo,com.grab.sample.dummy,KDummyClass60,method6,1,2,0.0,0,0.0,0,0,1,0,5,0,1,0,0.0,0,0,0,5,0.0,0,2.4,0,0,0.0,0,0.0,0.9,68,57,0.1,10,0,0,0,0,1,9,0,0,0,0,0,0,0,0,0,10,0.19999999999999996,10,1.0,10,0,0,0,10,0,0,10,0,1,0,0,0,0,0,10,10,37,3466,3389,290,0,9,46,1.0,2900,0,23177,27,411,2900,30624
2025-07-10,argo,com.grab.sample.dummy,KDummyClass60,method7,1,2,0.0,0,0.0,0,0,1,0,5,0,1,0,0.0,0,0,0,5,0.0,0,2.4,0,0,0.0,0,0.0,0.9,68,57,0.1,10,0,0,0,0,1,9,0,0,0,0,0,0,0,0,0,10,0.19999999999999996,10,1.0,10,0,0,0,10,0,0,10,0,1,0,0,0,0,0,10,10,37,3466,3389,290,0,9,46,1.0,2900,0,23177,27,411,2900,30624
2025-07-10,argo,com.grab.sample.dummy,KDummyClass60,method8,1,2,0.0,0,0.0,0,0,1,0,5,0,1,0,0.0,0,0,0,5,0.0,0,2.4,0,0,0.0,0,0.0,0.9,68,57,0.1,10,0,0,0,0,1,9,0,0,0,0,0,0,0,0,0,10,0.19999999999999996,10,1.0,10,0,0,0,10,0,0,10,0,1,0,0,0,0,0,10,10,37,3466,3389,290,0,9,46,1.0,2900,0,23177,27,411,2900,30624
2025-07-10,argo,com.grab.sample.dummy,KDummyClass60,method9,1,2,0.0,0,0.0,0,0,1,0,5,0,1,0,0.0,0,0,0,5,0.0,0,2.4,0,0,0.0,0,0.0,0.9,68,57,0.1,10,0,0,0,0,1,9,0,0,0,0,0,0,0,0,0,10,0.19999999999999996,10,1.0,10,0,0,0,10,0,0,10,0,1,0,0,0,0,0,10,10,37,3466,3389,290,0,9,46,1.0,2900,0,23177,27,411,2900,30624
2025-07-10,argo,com.grab.sample.dummy,KDummyClass60,method10,1,2,0.0,0,0.0,0,0,1,0,5,0,1,0,0.0,0,0,0,5,0.0,0,2.4,0,0,0.0,0,0.0,0.9,68,57,0.1,10,0,0,0,0,1,9,0,0,0,0,0,0,0,0,0,10,0.19999999999999996,10,1.0,10,0,0,0,10,0,0,10,0,1,0,0,0,0,0,10,10,37,3466,3389,290,0,9,46,1.0,2900,0,23177,27,411,2900,30624
2025-07-10,argo,com.grab.sample.dummy,KDummyClass61,method1,1,0,9.0,0,0.0,0,0,1,0,12,0,1,10,0.0,10,0,9,1,0.0,1,2.0,0,9,0.0,0,0.0,0.9,68,57,0.1,10,0,0,0,0,1,9,0,0,0,0,0,0,0,0,0,10,0.19999999999999996,10,1.0,10,0,0,0,10,0,0,10,0,1,0,0,0,0,0,10,10,37,3466,3389,290,0,9,46,1.0,2900,0,23177,27,411,2900,30624
2025-07-10,argo,com.grab.sample.dummy,KDummyClass61,method2,1,2,0.0,0,0.0,0,0,1,0,5,0,1,0,0.0,0,0,0,5,0.0,0,2.4,0,0,0.0,0,0.0,0.9,68,57,0.1,10,0,0,0,0,1,9,0,0,0,0,0,0,0,0,0,10,0.19999999999999996,10,1.0,10,0,0,0,10,0,0,10,0,1,0,0,0,0,0,10,10,37,3466,3389,290,0,9,46,1.0,2900,0,23177,27,411,2900,30624
2025-07-10,argo,com.grab.sample.dummy,KDummyClass61,method3,1,2,0.0,0,0.0,0,0,1,0,5,0,1,0,0.0,0,0,0,5,0.0,0,2.4,0,0,0.0,0,0.0,0.9,68,57,0.1,10,0,0,0,0,1,9,0,0,0,0,0,0,0,0,0,10,0.19999999999999996,10,1.0,10,0,0,0,10,0,0,10,0,1,0,0,0,0,0,10,10,37,3466,3389,290,0,9,46,1.0,2900,0,23177,27,411,2900,30624
2025-07-10,argo,com.grab.sample.dummy,KDummyClass61,method4,1,2,0.0,0,0.0,0,0,1,0,5,0,1,0,0.0,0,0,0,5,0.0,0,2.4,0,0,0.0,0,0.0,0.9,68,57,0.1,10,0,0,0,0,1,9,0,0,0,0,0,0,0,0,0,10,0.19999999999999996,10,1.0,10,0,0,0,10,0,0,10,0,1,0,0,0,0,0,10,10,37,3466,3389,290,0,9,46,1.0,2900,0,23177,27,411,2900,30624
2025-07-10,argo,com.grab.sample.dummy,KDummyClass61,method5,1,2,0.0,0,0.0,0,0,1,0,5,0,1,0,0.0,0,0,0,5,0.0,0,2.4,0,0,0.0,0,0.0,0.9,68,57,0.1,10,0,0,0,0,1,9,0,0,0,0,0,0,0,0,0,10,0.19999999999999996,10,1.0,10,0,0,0,10,0,0,10,0,1,0,0,0,0,0,10,10,37,3466,3389,290,0,9,46,1.0,2900,0,23177,27,411,2900,30624
2025-07-10,argo,com.grab.sample.dummy,KDummyClass61,method6,1,2,0.0,0,0.0,0,0,1,0,5,0,1,0,0.0,0,0,0,5,0.0,0,2.4,0,0,0.0,0,0.0,0.9,68,57,0.1,10,0,0,0,0,1,9,0,0,0,0,0,0,0,0,0,10,0.19999999999999996,10,1.0,10,0,0,0,10,0,0,10,0,1,0,0,0,0,0,10,10,37,3466,3389,290,0,9,46,1.0,2900,0,23177,27,411,2900,30624
2025-07-10,argo,com.grab.sample.dummy,KDummyClass61,method7,1,2,0.0,0,0.0,0,0,1,0,5,0,1,0,0.0,0,0,0,5,0.0,0,2.4,0,0,0.0,0,0.0,0.9,68,57,0.1,10,0,0,0,0,1,9,0,0,0,0,0,0,0,0,0,10,0.19999999999999996,10,1.0,10,0,0,0,10,0,0,10,0,1,0,0,0,0,0,10,10,37,3466,3389,290,0,9,46,1.0,2900,0,23177,27,411,2900,30624
2025-07-10,argo,com.grab.sample.dummy,KDummyClass61,method8,1,2,0.0,0,0.0,0,0,1,0,5,0,1,0,0.0,0,0,0,5,0.0,0,2.4,0,0,0.0,0,0.0,0.9,68,57,0.1,10,0,0,0,0,1,9,0,0,0,0,0,0,0,0,0,10,0.19999999999999996,10,1.0,10,0,0,0,10,0,0,10,0,1,0,0,0,0,0,10,10,37,3466,3389,290,0,9,46,1.0,2900,0,23177,27,411,2900,30624
2025-07-10,argo,com.grab.sample.dummy,KDummyClass61,method9,1,2,0.0,0,0.0,0,0,1,0,5,0,1,0,0.0,0,0,0,5,0.0,0,2.4,0,0,0.0,0,0.0,0.9,68,57,0.1,10,0,0,0,0,1,9,0,0,0,0,0,0,0,0,0,10,0.19999999999999996,10,1.0,10,0,0,0,10,0,0,10,0,1,0,0,0,0,0,10,10,37,3466,3389,290,0,9,46,1.0,2900,0,23177,27,411,2900,30624
2025-07-10,argo,com.grab.sample.dummy,KDummyClass61,method10,1,2,0.0,0,0.0,0,0,1,0,5,0,1,0,0.0,0,0,0,5,0.0,0,2.4,0,0,0.0,0,0.0,0.9,68,57,0.1,10,0,0,0,0,1,9,0,0,0,0,0,0,0,0,0,10,0.19999999999999996,10,1.0,10,0,0,0,10,0,0,10,0,1,0,0,0,0,0,10,10,37,3466,3389,290,0,9,46,1.0,2900,0,23177,27,411,2900,30624
2025-07-10,argo,com.grab.sample.dummy,KDummyClass62,method1,1,0,9.0,0,0.0,0,0,1,0,12,0,1,10,0.0,10,0,9,1,0.0,1,2.0,0,9,0.0,0,0.0,0.9,68,57,0.1,10,0,0,0,0,1,9,0,0,0,0,0,0,0,0,0,10,0.19999999999999996,10,1.0,10,0,0,0,10,0,0,10,0,1,0,0,0,0,0,10,10,37,3466,3389,290,0,9,46,1.0,2900,0,23177,27,411,2900,30624
2025-07-10,argo,com.grab.sample.dummy,KDummyClass62,method2,1,2,0.0,0,0.0,0,0,1,0,5,0,1,0,0.0,0,0,0,5,0.0,0,2.4,0,0,0.0,0,0.0,0.9,68,57,0.1,10,0,0,0,0,1,9,0,0,0,0,0,0,0,0,0,10,0.19999999999999996,10,1.0,10,0,0,0,10,0,0,10,0,1,0,0,0,0,0,10,10,37,3466,3389,290,0,9,46,1.0,2900,0,23177,27,411,2900,30624
2025-07-10,argo,com.grab.sample.dummy,KDummyClass62,method3,1,2,0.0,0,0.0,0,0,1,0,5,0,1,0,0.0,0,0,0,5,0.0,0,2.4,0,0,0.0,0,0.0,0.9,68,57,0.1,10,0,0,0,0,1,9,0,0,0,0,0,0,0,0,0,10,0.19999999999999996,10,1.0,10,0,0,0,10,0,0,10,0,1,0,0,0,0,0,10,10,37,3466,3389,290,0,9,46,1.0,2900,0,23177,27,411,2900,30624
2025-07-10,argo,com.grab.sample.dummy,KDummyClass62,method4,1,2,0.0,0,0.0,0,0,1,0,5,0,1,0,0.0,0,0,0,5,0.0,0,2.4,0,0,0.0,0,0.0,0.9,68,57,0.1,10,0,0,0,0,1,9,0,0,0,0,0,0,0,0,0,10,0.19999999999999996,10,1.0,10,0,0,0,10,0,0,10,0,1,0,0,0,0,0,10,10,37,3466,3389,290,0,9,46,1.0,2900,0,23177,27,411,2900,30624
2025-07-10,argo,com.grab.sample.dummy,KDummyClass62,method5,1,2,0.0,0,0.0,0,0,1,0,5,0,1,0,0.0,0,0,0,5,0.0,0,2.4,0,0,0.0,0,0.0,0.9,68,57,0.1,10,0,0,0,0,1,9,0,0,0,0,0,0,0,0,0,10,0.19999999999999996,10,1.0,10,0,0,0,10,0,0,10,0,1,0,0,0,0,0,10,10,37,3466,3389,290,0,9,46,1.0,2900,0,23177,27,411,2900,30624
2025-07-10,argo,com.grab.sample.dummy,KDummyClass62,method6,1,2,0.0,0,0.0,0,0,1,0,5,0,1,0,0.0,0,0,0,5,0.0,0,2.4,0,0,0.0,0,0.0,0.9,68,57,0.1,10,0,0,0,0,1,9,0,0,0,0,0,0,0,0,0,10,0.19999999999999996,10,1.0,10,0,0,0,10,0,0,10,0,1,0,0,0,0,0,10,10,37,3466,3389,290,0,9,46,1.0,2900,0,23177,27,411,2900,30624
2025-07-10,argo,com.grab.sample.dummy,KDummyClass62,method7,1,2,0.0,0,0.0,0,0,1,0,5,0,1,0,0.0,0,0,0,5,0.0,0,2.4,0,0,0.0,0,0.0,0.9,68,57,0.1,10,0,0,0,0,1,9,0,0,0,0,0,0,0,0,0,10,0.19999999999999996,10,1.0,10,0,0,0,10,0,0,10,0,1,0,0,0,0,0,10,10,37,3466,3389,290,0,9,46,1.0,2900,0,23177,27,411,2900,30624
2025-07-10,argo,com.grab.sample.dummy,KDummyClass62,method8,1,2,0.0,0,0.0,0,0,1,0,5,0,1,0,0.0,0,0,0,5,0.0,0,2.4,0,0,0.0,0,0.0,0.9,68,57,0.1,10,0,0,0,0,1,9,0,0,0,0,0,0,0,0,0,10,0.19999999999999996,10,1.0,10,0,0,0,10,0,0,10,0,1,0,0,0,0,0,10,10,37,3466,3389,290,0,9,46,1.0,2900,0,23177,27,411,2900,30624
2025-07-10,argo,com.grab.sample.dummy,KDummyClass62,method9,1,2,0.0,0,0.0,0,0,1,0,5,0,1,0,0.0,0,0,0,5,0.0,0,2.4,0,0,0.0,0,0.0,0.9,68,57,0.1,10,0,0,0,0,1,9,0,0,0,0,0,0,0,0,0,10,0.19999999999999996,10,1.0,10,0,0,0,10,0,0,10,0,1,0,0,0,0,0,10,10,37,3466,3389,290,0,9,46,1.0,2900,0,23177,27,411,2900,30624
2025-07-10,argo,com.grab.sample.dummy,KDummyClass62,method10,1,2,0.0,0,0.0,0,0,1,0,5,0,1,0,0.0,0,0,0,5,0.0,0,2.4,0,0,0.0,0,0.0,0.9,68,57,0.1,10,0,0,0,0,1,9,0,0,0,0,0,0,0,0,0,10,0.19999999999999996,10,1.0,10,0,0,0,10,0,0,10,0,1,0,0,0,0,0,10,10,37,3466,3389,290,0,9,46,1.0,2900,0,23177,27,411,2900,30624
2025-07-10,argo,com.grab.sample.dummy,KDummyClass63,method1,1,0,9.0,0,0.0,0,0,1,0,12,0,1,10,0.0,10,0,9,1,0.0,1,2.0,0,9,0.0,0,0.0,0.9,68,57,0.1,10,0,0,0,0,1,9,0,0,0,0,0,0,0,0,0,10,0.19999999999999996,10,1.0,10,0,0,0,10,0,0,10,0,1,0,0,0,0,0,10,10,37,3466,3389,290,0,9,46,1.0,2900,0,23177,27,411,2900,30624
2025-07-10,argo,com.grab.sample.dummy,KDummyClass63,method2,1,2,0.0,0,0.0,0,0,1,0,5,0,1,0,0.0,0,0,0,5,0.0,0,2.4,0,0,0.0,0,0.0,0.9,68,57,0.1,10,0,0,0,0,1,9,0,0,0,0,0,0,0,0,0,10,0.19999999999999996,10,1.0,10,0,0,0,10,0,0,10,0,1,0,0,0,0,0,10,10,37,3466,3389,290,0,9,46,1.0,2900,0,23177,27,411,2900,30624
2025-07-10,argo,com.grab.sample.dummy,KDummyClass63,method3,1,2,0.0,0,0.0,0,0,1,0,5,0,1,0,0.0,0,0,0,5,0.0,0,2.4,0,0,0.0,0,0.0,0.9,68,57,0.1,10,0,0,0,0,1,9,0,0,0,0,0,0,0,0,0,10,0.19999999999999996,10,1.0,10,0,0,0,10,0,0,10,0,1,0,0,0,0,0,10,10,37,3466,3389,290,0,9,46,1.0,2900,0,23177,27,411,2900,30624
2025-07-10,argo,com.grab.sample.dummy,KDummyClass63,method4,1,2,0.0,0,0.0,0,0,1,0,5,0,1,0,0.0,0,0,0,5,0.0,0,2.4,0,0,0.0,0,0.0,0.9,68,57,0.1,10,0,0,0,0,1,9,0,0,0,0,0,0,0,0,0,10,0.19999999999999996,10,1.0,10,0,0,0,10,0,0,10,0,1,0,0,0,0,0,10,10,37,3466,3389,290,0,9,46,1.0,2900,0,23177,27,411,2900,30624
2025-07-10,argo,com.grab.sample.dummy,KDummyClass63,method5,1,2,0.0,0,0.0,0,0,1,0,5,0,1,0,0.0,0,0,0,5,0.0,0,2.4,0,0,0.0,0,0.0,0.9,68,57,0.1,10,0,0,0,0,1,9,0,0,0,0,0,0,0,0,0,10,0.19999999999999996,10,1.0,10,0,0,0,10,0,0,10,0,1,0,0,0,0,0,10,10,37,3466,3389,290,0,9,46,1.0,2900,0,23177,27,411,2900,30624
2025-07-10,argo,com.grab.sample.dummy,KDummyClass63,method6,1,2,0.0,0,0.0,0,0,1,0,5,0,1,0,0.0,0,0,0,5,0.0,0,2.4,0,0,0.0,0,0.0,0.9,68,57,0.1,10,0,0,0,0,1,9,0,0,0,0,0,0,0,0,0,10,0.19999999999999996,10,1.0,10,0,0,0,10,0,0,10,0,1,0,0,0,0,0,10,10,37,3466,3389,290,0,9,46,1.0,2900,0,23177,27,411,2900,30624
2025-07-10,argo,com.grab.sample.dummy,KDummyClass63,method7,1,2,0.0,0,0.0,0,0,1,0,5,0,1,0,0.0,0,0,0,5,0.0,0,2.4,0,0,0.0,0,0.0,0.9,68,57,0.1,10,0,0,0,0,1,9,0,0,0,0,0,0,0,0,0,10,0.19999999999999996,10,1.0,10,0,0,0,10,0,0,10,0,1,0,0,0,0,0,10,10,37,3466,3389,290,0,9,46,1.0,2900,0,23177,27,411,2900,30624
2025-07-10,argo,com.grab.sample.dummy,KDummyClass63,method8,1,2,0.0,0,0.0,0,0,1,0,5,0,1,0,0.0,0,0,0,5,0.0,0,2.4,0,0,0.0,0,0.0,0.9,68,57,0.1,10,0,0,0,0,1,9,0,0,0,0,0,0,0,0,0,10,0.19999999999999996,10,1.0,10,0,0,0,10,0,0,10,0,1,0,0,0,0,0,10,10,37,3466,3389,290,0,9,46,1.0,2900,0,23177,27,411,2900,30624
2025-07-10,argo,com.grab.sample.dummy,KDummyClass63,method9,1,2,0.0,0,0.0,0,0,1,0,5,0,1,0,0.0,0,0,0,5,0.0,0,2.4,0,0,0.0,0,0.0,0.9,68,57,0.1,10,0,0,0,0,1,9,0,0,0,0,0,0,0,0,0,10,0.19999999999999996,10,1.0,10,0,0,0,10,0,0,10,0,1,0,0,0,0,0,10,10,37,3466,3389,290,0,9,46,1.0,2900,0,23177,27,411,2900,30624
2025-07-10,argo,com.grab.sample.dummy,KDummyClass63,method10,1,2,0.0,0,0.0,0,0,1,0,5,0,1,0,0.0,0,0,0,5,0.0,0,2.4,0,0,0.0,0,0.0,0.9,68,57,0.1,10,0,0,0,0,1,9,0,0,0,0,0,0,0,0,0,10,0.19999999999999996,10,1.0,10,0,0,0,10,0,0,10,0,1,0,0,0,0,0,10,10,37,3466,3389,290,0,9,46,1.0,2900,0,23177,27,411,2900,30624
2025-07-10,argo,com.grab.sample.dummy,KDummyClass64,method1,1,0,9.0,0,0.0,0,0,1,0,12,0,1,10,0.0,10,0,9,1,0.0,1,2.0,0,9,0.0,0,0.0,0.9,68,57,0.1,10,0,0,0,0,1,9,0,0,0,0,0,0,0,0,0,10,0.19999999999999996,10,1.0,10,0,0,0,10,0,0,10,0,1,0,0,0,0,0,10,10,37,3466,3389,290,0,9,46,1.0,2900,0,23177,27,411,2900,30624
2025-07-10,argo,com.grab.sample.dummy,KDummyClass64,method2,1,2,0.0,0,0.0,0,0,1,0,5,0,1,0,0.0,0,0,0,5,0.0,0,2.4,0,0,0.0,0,0.0,0.9,68,57,0.1,10,0,0,0,0,1,9,0,0,0,0,0,0,0,0,0,10,0.19999999999999996,10,1.0,10,0,0,0,10,0,0,10,0,1,0,0,0,0,0,10,10,37,3466,3389,290,0,9,46,1.0,2900,0,23177,27,411,2900,30624
2025-07-10,argo,com.grab.sample.dummy,KDummyClass64,method3,1,2,0.0,0,0.0,0,0,1,0,5,0,1,0,0.0,0,0,0,5,0.0,0,2.4,0,0,0.0,0,0.0,0.9,68,57,0.1,10,0,0,0,0,1,9,0,0,0,0,0,0,0,0,0,10,0.19999999999999996,10,1.0,10,0,0,0,10,0,0,10,0,1,0,0,0,0,0,10,10,37,3466,3389,290,0,9,46,1.0,2900,0,23177,27,411,2900,30624
2025-07-10,argo,com.grab.sample.dummy,KDummyClass64,method4,1,2,0.0,0,0.0,0,0,1,0,5,0,1,0,0.0,0,0,0,5,0.0,0,2.4,0,0,0.0,0,0.0,0.9,68,57,0.1,10,0,0,0,0,1,9,0,0,0,0,0,0,0,0,0,10,0.19999999999999996,10,1.0,10,0,0,0,10,0,0,10,0,1,0,0,0,0,0,10,10,37,3466,3389,290,0,9,46,1.0,2900,0,23177,27,411,2900,30624
2025-07-10,argo,com.grab.sample.dummy,KDummyClass64,method5,1,2,0.0,0,0.0,0,0,1,0,5,0,1,0,0.0,0,0,0,5,0.0,0,2.4,0,0,0.0,0,0.0,0.9,68,57,0.1,10,0,0,0,0,1,9,0,0,0,0,0,0,0,0,0,10,0.19999999999999996,10,1.0,10,0,0,0,10,0,0,10,0,1,0,0,0,0,0,10,10,37,3466,3389,290,0,9,46,1.0,2900,0,23177,27,411,2900,30624
2025-07-10,argo,com.grab.sample.dummy,KDummyClass64,method6,1,2,0.0,0,0.0,0,0,1,0,5,0,1,0,0.0,0,0,0,5,0.0,0,2.4,0,0,0.0,0,0.0,0.9,68,57,0.1,10,0,0,0,0,1,9,0,0,0,0,0,0,0,0,0,10,0.19999999999999996,10,1.0,10,0,0,0,10,0,0,10,0,1,0,0,0,0,0,10,10,37,3466,3389,290,0,9,46,1.0,2900,0,23177,27,411,2900,30624
2025-07-10,argo,com.grab.sample.dummy,KDummyClass64,method7,1,2,0.0,0,0.0,0,0,1,0,5,0,1,0,0.0,0,0,0,5,0.0,0,2.4,0,0,0.0,0,0.0,0.9,68,57,0.1,10,0,0,0,0,1,9,0,0,0,0,0,0,0,0,0,10,0.19999999999999996,10,1.0,10,0,0,0,10,0,0,10,0,1,0,0,0,0,0,10,10,37,3466,3389,290,0,9,46,1.0,2900,0,23177,27,411,2900,30624
2025-07-10,argo,com.grab.sample.dummy,KDummyClass64,method8,1,2,0.0,0,0.0,0,0,1,0,5,0,1,0,0.0,0,0,0,5,0.0,0,2.4,0,0,0.0,0,0.0,0.9,68,57,0.1,10,0,0,0,0,1,9,0,0,0,0,0,0,0,0,0,10,0.19999999999999996,10,1.0,10,0,0,0,10,0,0,10,0,1,0,0,0,0,0,10,10,37,3466,3389,290,0,9,46,1.0,2900,0,23177,27,411,2900,30624
2025-07-10,argo,com.grab.sample.dummy,KDummyClass64,method9,1,2,0.0,0,0.0,0,0,1,0,5,0,1,0,0.0,0,0,0,5,0.0,0,2.4,0,0,0.0,0,0.0,0.9,68,57,0.1,10,0,0,0,0,1,9,0,0,0,0,0,0,0,0,0,10,0.19999999999999996,10,1.0,10,0,0,0,10,0,0,10,0,1,0,0,0,0,0,10,10,37,3466,3389,290,0,9,46,1.0,2900,0,23177,27,411,2900,30624
2025-07-10,argo,com.grab.sample.dummy,KDummyClass64,method10,1,2,0.0,0,0.0,0,0,1,0,5,0,1,0,0.0,0,0,0,5,0.0,0,2.4,0,0,0.0,0,0.0,0.9,68,57,0.1,10,0,0,0,0,1,9,0,0,0,0,0,0,0,0,0,10,0.19999999999999996,10,1.0,10,0,0,0,10,0,0,10,0,1,0,0,0,0,0,10,10,37,3466,3389,290,0,9,46,1.0,2900,0,23177,27,411,2900,30624
2025-07-10,argo,com.grab.sample.dummy,KDummyClass65,method1,1,0,9.0,0,0.0,0,0,1,0,12,0,1,10,0.0,10,0,9,1,0.0,1,2.0,0,9,0.0,0,0.0,0.9,68,57,0.1,10,0,0,0,0,1,9,0,0,0,0,0,0,0,0,0,10,0.19999999999999996,10,1.0,10,0,0,0,10,0,0,10,0,1,0,0,0,0,0,10,10,37,3466,3389,290,0,9,46,1.0,2900,0,23177,27,411,2900,30624
2025-07-10,argo,com.grab.sample.dummy,KDummyClass65,method2,1,2,0.0,0,0.0,0,0,1,0,5,0,1,0,0.0,0,0,0,5,0.0,0,2.4,0,0,0.0,0,0.0,0.9,68,57,0.1,10,0,0,0,0,1,9,0,0,0,0,0,0,0,0,0,10,0.19999999999999996,10,1.0,10,0,0,0,10,0,0,10,0,1,0,0,0,0,0,10,10,37,3466,3389,290,0,9,46,1.0,2900,0,23177,27,411,2900,30624
2025-07-10,argo,com.grab.sample.dummy,KDummyClass65,method3,1,2,0.0,0,0.0,0,0,1,0,5,0,1,0,0.0,0,0,0,5,0.0,0,2.4,0,0,0.0,0,0.0,0.9,68,57,0.1,10,0,0,0,0,1,9,0,0,0,0,0,0,0,0,0,10,0.19999999999999996,10,1.0,10,0,0,0,10,0,0,10,0,1,0,0,0,0,0,10,10,37,3466,3389,290,0,9,46,1.0,2900,0,23177,27,411,2900,30624
2025-07-10,argo,com.grab.sample.dummy,KDummyClass65,method4,1,2,0.0,0,0.0,0,0,1,0,5,0,1,0,0.0,0,0,0,5,0.0,0,2.4,0,0,0.0,0,0.0,0.9,68,57,0.1,10,0,0,0,0,1,9,0,0,0,0,0,0,0,0,0,10,0.19999999999999996,10,1.0,10,0,0,0,10,0,0,10,0,1,0,0,0,0,0,10,10,37,3466,3389,290,0,9,46,1.0,2900,0,23177,27,411,2900,30624
2025-07-10,argo,com.grab.sample.dummy,KDummyClass65,method5,1,2,0.0,0,0.0,0,0,1,0,5,0,1,0,0.0,0,0,0,5,0.0,0,2.4,0,0,0.0,0,0.0,0.9,68,57,0.1,10,0,0,0,0,1,9,0,0,0,0,0,0,0,0,0,10,0.19999999999999996,10,1.0,10,0,0,0,10,0,0,10,0,1,0,0,0,0,0,10,10,37,3466,3389,290,0,9,46,1.0,2900,0,23177,27,411,2900,30624
2025-07-10,argo,com.grab.sample.dummy,KDummyClass65,method6,1,2,0.0,0,0.0,0,0,1,0,5,0,1,0,0.0,0,0,0,5,0.0,0,2.4,0,0,0.0,0,0.0,0.9,68,57,0.1,10,0,0,0,0,1,9,0,0,0,0,0,0,0,0,0,10,0.19999999999999996,10,1.0,10,0,0,0,10,0,0,10,0,1,0,0,0,0,0,10,10,37,3466,3389,290,0,9,46,1.0,2900,0,23177,27,411,2900,30624
2025-07-10,argo,com.grab.sample.dummy,KDummyClass65,method7,1,2,0.0,0,0.0,0,0,1,0,5,0,1,0,0.0,0,0,0,5,0.0,0,2.4,0,0,0.0,0,0.0,0.9,68,57,0.1,10,0,0,0,0,1,9,0,0,0,0,0,0,0,0,0,10,0.19999999999999996,10,1.0,10,0,0,0,10,0,0,10,0,1,0,0,0,0,0,10,10,37,3466,3389,290,0,9,46,1.0,2900,0,23177,27,411,2900,30624
2025-07-10,argo,com.grab.sample.dummy,KDummyClass65,method8,1,2,0.0,0,0.0,0,0,1,0,5,0,1,0,0.0,0,0,0,5,0.0,0,2.4,0,0,0.0,0,0.0,0.9,68,57,0.1,10,0,0,0,0,1,9,0,0,0,0,0,0,0,0,0,10,0.19999999999999996,10,1.0,10,0,0,0,10,0,0,10,0,1,0,0,0,0,0,10,10,37,3466,3389,290,0,9,46,1.0,2900,0,23177,27,411,2900,30624
2025-07-10,argo,com.grab.sample.dummy,KDummyClass65,method9,1,2,0.0,0,0.0,0,0,1,0,5,0,1,0,0.0,0,0,0,5,0.0,0,2.4,0,0,0.0,0,0.0,0.9,68,57,0.1,10,0,0,0,0,1,9,0,0,0,0,0,0,0,0,0,10,0.19999999999999996,10,1.0,10,0,0,0,10,0,0,10,0,1,0,0,0,0,0,10,10,37,3466,3389,290,0,9,46,1.0,2900,0,23177,27,411,2900,30624
2025-07-10,argo,com.grab.sample.dummy,KDummyClass65,method10,1,2,0.0,0,0.0,0,0,1,0,5,0,1,0,0.0,0,0,0,5,0.0,0,2.4,0,0,0.0,0,0.0,0.9,68,57,0.1,10,0,0,0,0,1,9,0,0,0,0,0,0,0,0,0,10,0.19999999999999996,10,1.0,10,0,0,0,10,0,0,10,0,1,0,0,0,0,0,10,10,37,3466,3389,290,0,9,46,1.0,2900,0,23177,27,411,2900,30624
2025-07-10,argo,com.grab.sample.dummy,KDummyClass66,method1,1,0,9.0,0,0.0,0,0,1,0,12,0,1,10,0.0,10,0,9,1,0.0,1,2.0,0,9,0.0,0,0.0,0.9,68,57,0.1,10,0,0,0,0,1,9,0,0,0,0,0,0,0,0,0,10,0.19999999999999996,10,1.0,10,0,0,0,10,0,0,10,0,1,0,0,0,0,0,10,10,37,3466,3389,290,0,9,46,1.0,2900,0,23177,27,411,2900,30624
2025-07-10,argo,com.grab.sample.dummy,KDummyClass66,method2,1,2,0.0,0,0.0,0,0,1,0,5,0,1,0,0.0,0,0,0,5,0.0,0,2.4,0,0,0.0,0,0.0,0.9,68,57,0.1,10,0,0,0,0,1,9,0,0,0,0,0,0,0,0,0,10,0.19999999999999996,10,1.0,10,0,0,0,10,0,0,10,0,1,0,0,0,0,0,10,10,37,3466,3389,290,0,9,46,1.0,2900,0,23177,27,411,2900,30624
2025-07-10,argo,com.grab.sample.dummy,KDummyClass66,method3,1,2,0.0,0,0.0,0,0,1,0,5,0,1,0,0.0,0,0,0,5,0.0,0,2.4,0,0,0.0,0,0.0,0.9,68,57,0.1,10,0,0,0,0,1,9,0,0,0,0,0,0,0,0,0,10,0.19999999999999996,10,1.0,10,0,0,0,10,0,0,10,0,1,0,0,0,0,0,10,10,37,3466,3389,290,0,9,46,1.0,2900,0,23177,27,411,2900,30624
2025-07-10,argo,com.grab.sample.dummy,KDummyClass66,method4,1,2,0.0,0,0.0,0,0,1,0,5,0,1,0,0.0,0,0,0,5,0.0,0,2.4,0,0,0.0,0,0.0,0.9,68,57,0.1,10,0,0,0,0,1,9,0,0,0,0,0,0,0,0,0,10,0.19999999999999996,10,1.0,10,0,0,0,10,0,0,10,0,1,0,0,0,0,0,10,10,37,3466,3389,290,0,9,46,1.0,2900,0,23177,27,411,2900,30624
2025-07-10,argo,com.grab.sample.dummy,KDummyClass66,method5,1,2,0.0,0,0.0,0,0,1,0,5,0,1,0,0.0,0,0,0,5,0.0,0,2.4,0,0,0.0,0,0.0,0.9,68,57,0.1,10,0,0,0,0,1,9,0,0,0,0,0,0,0,0,0,10,0.19999999999999996,10,1.0,10,0,0,0,10,0,0,10,0,1,0,0,0,0,0,10,10,37,3466,3389,290,0,9,46,1.0,2900,0,23177,27,411,2900,30624
2025-07-10,argo,com.grab.sample.dummy,KDummyClass66,method6,1,2,0.0,0,0.0,0,0,1,0,5,0,1,0,0.0,0,0,0,5,0.0,0,2.4,0,0,0.0,0,0.0,0.9,68,57,0.1,10,0,0,0,0,1,9,0,0,0,0,0,0,0,0,0,10,0.19999999999999996,10,1.0,10,0,0,0,10,0,0,10,0,1,0,0,0,0,0,10,10,37,3466,3389,290,0,9,46,1.0,2900,0,23177,27,411,2900,30624
2025-07-10,argo,com.grab.sample.dummy,KDummyClass66,method7,1,2,0.0,0,0.0,0,0,1,0,5,0,1,0,0.0,0,0,0,5,0.0,0,2.4,0,0,0.0,0,0.0,0.9,68,57,0.1,10,0,0,0,0,1,9,0,0,0,0,0,0,0,0,0,10,0.19999999999999996,10,1.0,10,0,0,0,10,0,0,10,0,1,0,0,0,0,0,10,10,37,3466,3389,290,0,9,46,1.0,2900,0,23177,27,411,2900,30624
2025-07-10,argo,com.grab.sample.dummy,KDummyClass66,method8,1,2,0.0,0,0.0,0,0,1,0,5,0,1,0,0.0,0,0,0,5,0.0,0,2.4,0,0,0.0,0,0.0,0.9,68,57,0.1,10,0,0,0,0,1,9,0,0,0,0,0,0,0,0,0,10,0.19999999999999996,10,1.0,10,0,0,0,10,0,0,10,0,1,0,0,0,0,0,10,10,37,3466,3389,290,0,9,46,1.0,2900,0,23177,27,411,2900,30624
2025-07-10,argo,com.grab.sample.dummy,KDummyClass66,method9,1,2,0.0,0,0.0,0,0,1,0,5,0,1,0,0.0,0,0,0,5,0.0,0,2.4,0,0,0.0,0,0.0,0.9,68,57,0.1,10,0,0,0,0,1,9,0,0,0,0,0,0,0,0,0,10,0.19999999999999996,10,1.0,10,0,0,0,10,0,0,10,0,1,0,0,0,0,0,10,10,37,3466,3389,290,0,9,46,1.0,2900,0,23177,27,411,2900,30624
2025-07-10,argo,com.grab.sample.dummy,KDummyClass66,method10,1,2,0.0,0,0.0,0,0,1,0,5,0,1,0,0.0,0,0,0,5,0.0,0,2.4,0,0,0.0,0,0.0,0.9,68,57,0.1,10,0,0,0,0,1,9,0,0,0,0,0,0,0,0,0,10,0.19999999999999996,10,1.0,10,0,0,0,10,0,0,10,0,1,0,0,0,0,0,10,10,37,3466,3389,290,0,9,46,1.0,2900,0,23177,27,411,2900,30624
2025-07-10,argo,com.grab.sample.dummy,KDummyClass67,method1,1,0,9.0,0,0.0,0,0,1,0,12,0,1,10,0.0,10,0,9,1,0.0,1,2.0,0,9,0.0,0,0.0,0.9,68,57,0.1,10,0,0,0,0,1,9,0,0,0,0,0,0,0,0,0,10,0.19999999999999996,10,1.0,10,0,0,0,10,0,0,10,0,1,0,0,0,0,0,10,10,37,3466,3389,290,0,9,46,1.0,2900,0,23177,27,411,2900,30624
2025-07-10,argo,com.grab.sample.dummy,KDummyClass67,method2,1,2,0.0,0,0.0,0,0,1,0,5,0,1,0,0.0,0,0,0,5,0.0,0,2.4,0,0,0.0,0,0.0,0.9,68,57,0.1,10,0,0,0,0,1,9,0,0,0,0,0,0,0,0,0,10,0.19999999999999996,10,1.0,10,0,0,0,10,0,0,10,0,1,0,0,0,0,0,10,10,37,3466,3389,290,0,9,46,1.0,2900,0,23177,27,411,2900,30624
2025-07-10,argo,com.grab.sample.dummy,KDummyClass67,method3,1,2,0.0,0,0.0,0,0,1,0,5,0,1,0,0.0,0,0,0,5,0.0,0,2.4,0,0,0.0,0,0.0,0.9,68,57,0.1,10,0,0,0,0,1,9,0,0,0,0,0,0,0,0,0,10,0.19999999999999996,10,1.0,10,0,0,0,10,0,0,10,0,1,0,0,0,0,0,10,10,37,3466,3389,290,0,9,46,1.0,2900,0,23177,27,411,2900,30624
2025-07-10,argo,com.grab.sample.dummy,KDummyClass67,method4,1,2,0.0,0,0.0,0,0,1,0,5,0,1,0,0.0,0,0,0,5,0.0,0,2.4,0,0,0.0,0,0.0,0.9,68,57,0.1,10,0,0,0,0,1,9,0,0,0,0,0,0,0,0,0,10,0.19999999999999996,10,1.0,10,0,0,0,10,0,0,10,0,1,0,0,0,0,0,10,10,37,3466,3389,290,0,9,46,1.0,2900,0,23177,27,411,2900,30624
2025-07-10,argo,com.grab.sample.dummy,KDummyClass67,method5,1,2,0.0,0,0.0,0,0,1,0,5,0,1,0,0.0,0,0,0,5,0.0,0,2.4,0,0,0.0,0,0.0,0.9,68,57,0.1,10,0,0,0,0,1,9,0,0,0,0,0,0,0,0,0,10,0.19999999999999996,10,1.0,10,0,0,0,10,0,0,10,0,1,0,0,0,0,0,10,10,37,3466,3389,290,0,9,46,1.0,2900,0,23177,27,411,2900,30624
2025-07-10,argo,com.grab.sample.dummy,KDummyClass67,method6,1,2,0.0,0,0.0,0,0,1,0,5,0,1,0,0.0,0,0,0,5,0.0,0,2.4,0,0,0.0,0,0.0,0.9,68,57,0.1,10,0,0,0,0,1,9,0,0,0,0,0,0,0,0,0,10,0.19999999999999996,10,1.0,10,0,0,0,10,0,0,10,0,1,0,0,0,0,0,10,10,37,3466,3389,290,0,9,46,1.0,2900,0,23177,27,411,2900,30624
2025-07-10,argo,com.grab.sample.dummy,KDummyClass67,method7,1,2,0.0,0,0.0,0,0,1,0,5,0,1,0,0.0,0,0,0,5,0.0,0,2.4,0,0,0.0,0,0.0,0.9,68,57,0.1,10,0,0,0,0,1,9,0,0,0,0,0,0,0,0,0,10,0.19999999999999996,10,1.0,10,0,0,0,10,0,0,10,0,1,0,0,0,0,0,10,10,37,3466,3389,290,0,9,46,1.0,2900,0,23177,27,411,2900,30624
2025-07-10,argo,com.grab.sample.dummy,KDummyClass67,method8,1,2,0.0,0,0.0,0,0,1,0,5,0,1,0,0.0,0,0,0,5,0.0,0,2.4,0,0,0.0,0,0.0,0.9,68,57,0.1,10,0,0,0,0,1,9,0,0,0,0,0,0,0,0,0,10,0.19999999999999996,10,1.0,10,0,0,0,10,0,0,10,0,1,0,0,0,0,0,10,10,37,3466,3389,290,0,9,46,1.0,2900,0,23177,27,411,2900,30624
2025-07-10,argo,com.grab.sample.dummy,KDummyClass67,method9,1,2,0.0,0,0.0,0,0,1,0,5,0,1,0,0.0,0,0,0,5,0.0,0,2.4,0,0,0.0,0,0.0,0.9,68,57,0.1,10,0,0,0,0,1,9,0,0,0,0,0,0,0,0,0,10,0.19999999999999996,10,1.0,10,0,0,0,10,0,0,10,0,1,0,0,0,0,0,10,10,37,3466,3389,290,0,9,46,1.0,2900,0,23177,27,411,2900,30624
2025-07-10,argo,com.grab.sample.dummy,KDummyClass67,method10,1,2,0.0,0,0.0,0,0,1,0,5,0,1,0,0.0,0,0,0,5,0.0,0,2.4,0,0,0.0,0,0.0,0.9,68,57,0.1,10,0,0,0,0,1,9,0,0,0,0,0,0,0,0,0,10,0.19999999999999996,10,1.0,10,0,0,0,10,0,0,10,0,1,0,0,0,0,0,10,10,37,3466,3389,290,0,9,46,1.0,2900,0,23177,27,411,2900,30624
2025-07-10,argo,com.grab.sample.dummy,KDummyClass68,method1,1,0,9.0,0,0.0,0,0,1,0,12,0,1,10,0.0,10,0,9,1,0.0,1,2.0,0,9,0.0,0,0.0,0.9,68,57,0.1,10,0,0,0,0,1,9,0,0,0,0,0,0,0,0,0,10,0.19999999999999996,10,1.0,10,0,0,0,10,0,0,10,0,1,0,0,0,0,0,10,10,37,3466,3389,290,0,9,46,1.0,2900,0,23177,27,411,2900,30624
2025-07-10,argo,com.grab.sample.dummy,KDummyClass68,method2,1,2,0.0,0,0.0,0,0,1,0,5,0,1,0,0.0,0,0,0,5,0.0,0,2.4,0,0,0.0,0,0.0,0.9,68,57,0.1,10,0,0,0,0,1,9,0,0,0,0,0,0,0,0,0,10,0.19999999999999996,10,1.0,10,0,0,0,10,0,0,10,0,1,0,0,0,0,0,10,10,37,3466,3389,290,0,9,46,1.0,2900,0,23177,27,411,2900,30624
2025-07-10,argo,com.grab.sample.dummy,KDummyClass68,method3,1,2,0.0,0,0.0,0,0,1,0,5,0,1,0,0.0,0,0,0,5,0.0,0,2.4,0,0,0.0,0,0.0,0.9,68,57,0.1,10,0,0,0,0,1,9,0,0,0,0,0,0,0,0,0,10,0.19999999999999996,10,1.0,10,0,0,0,10,0,0,10,0,1,0,0,0,0,0,10,10,37,3466,3389,290,0,9,46,1.0,2900,0,23177,27,411,2900,30624
2025-07-10,argo,com.grab.sample.dummy,KDummyClass68,method4,1,2,0.0,0,0.0,0,0,1,0,5,0,1,0,0.0,0,0,0,5,0.0,0,2.4,0,0,0.0,0,0.0,0.9,68,57,0.1,10,0,0,0,0,1,9,0,0,0,0,0,0,0,0,0,10,0.19999999999999996,10,1.0,10,0,0,0,10,0,0,10,0,1,0,0,0,0,0,10,10,37,3466,3389,290,0,9,46,1.0,2900,0,23177,27,411,2900,30624
2025-07-10,argo,com.grab.sample.dummy,KDummyClass68,method5,1,2,0.0,0,0.0,0,0,1,0,5,0,1,0,0.0,0,0,0,5,0.0,0,2.4,0,0,0.0,0,0.0,0.9,68,57,0.1,10,0,0,0,0,1,9,0,0,0,0,0,0,0,0,0,10,0.19999999999999996,10,1.0,10,0,0,0,10,0,0,10,0,1,0,0,0,0,0,10,10,37,3466,3389,290,0,9,46,1.0,2900,0,23177,27,411,2900,30624
2025-07-10,argo,com.grab.sample.dummy,KDummyClass68,method6,1,2,0.0,0,0.0,0,0,1,0,5,0,1,0,0.0,0,0,0,5,0.0,0,2.4,0,0,0.0,0,0.0,0.9,68,57,0.1,10,0,0,0,0,1,9,0,0,0,0,0,0,0,0,0,10,0.19999999999999996,10,1.0,10,0,0,0,10,0,0,10,0,1,0,0,0,0,0,10,10,37,3466,3389,290,0,9,46,1.0,2900,0,23177,27,411,2900,30624
2025-07-10,argo,com.grab.sample.dummy,KDummyClass68,method7,1,2,0.0,0,0.0,0,0,1,0,5,0,1,0,0.0,0,0,0,5,0.0,0,2.4,0,0,0.0,0,0.0,0.9,68,57,0.1,10,0,0,0,0,1,9,0,0,0,0,0,0,0,0,0,10,0.19999999999999996,10,1.0,10,0,0,0,10,0,0,10,0,1,0,0,0,0,0,10,10,37,3466,3389,290,0,9,46,1.0,2900,0,23177,27,411,2900,30624
2025-07-10,argo,com.grab.sample.dummy,KDummyClass68,method8,1,2,0.0,0,0.0,0,0,1,0,5,0,1,0,0.0,0,0,0,5,0.0,0,2.4,0,0,0.0,0,0.0,0.9,68,57,0.1,10,0,0,0,0,1,9,0,0,0,0,0,0,0,0,0,10,0.19999999999999996,10,1.0,10,0,0,0,10,0,0,10,0,1,0,0,0,0,0,10,10,37,3466,3389,290,0,9,46,1.0,2900,0,23177,27,411,2900,30624
2025-07-10,argo,com.grab.sample.dummy,KDummyClass68,method9,1,2,0.0,0,0.0,0,0,1,0,5,0,1,0,0.0,0,0,0,5,0.0,0,2.4,0,0,0.0,0,0.0,0.9,68,57,0.1,10,0,0,0,0,1,9,0,0,0,0,0,0,0,0,0,10,0.19999999999999996,10,1.0,10,0,0,0,10,0,0,10,0,1,0,0,0,0,0,10,10,37,3466,3389,290,0,9,46,1.0,2900,0,23177,27,411,2900,30624
2025-07-10,argo,com.grab.sample.dummy,KDummyClass68,method10,1,2,0.0,0,0.0,0,0,1,0,5,0,1,0,0.0,0,0,0,5,0.0,0,2.4,0,0,0.0,0,0.0,0.9,68,57,0.1,10,0,0,0,0,1,9,0,0,0,0,0,0,0,0,0,10,0.19999999999999996,10,1.0,10,0,0,0,10,0,0,10,0,1,0,0,0,0,0,10,10,37,3466,3389,290,0,9,46,1.0,2900,0,23177,27,411,2900,30624
2025-07-10,argo,com.grab.sample.dummy,KDummyClass69,method1,1,0,9.0,0,0.0,0,0,1,0,12,0,1,10,0.0,10,0,9,1,0.0,1,2.0,0,9,0.0,0,0.0,0.9,68,57,0.1,10,0,0,0,0,1,9,0,0,0,0,0,0,0,0,0,10,0.19999999999999996,10,1.0,10,0,0,0,10,0,0,10,0,1,0,0,0,0,0,10,10,37,3466,3389,290,0,9,46,1.0,2900,0,23177,27,411,2900,30624
2025-07-10,argo,com.grab.sample.dummy,KDummyClass69,method2,1,2,0.0,0,0.0,0,0,1,0,5,0,1,0,0.0,0,0,0,5,0.0,0,2.4,0,0,0.0,0,0.0,0.9,68,57,0.1,10,0,0,0,0,1,9,0,0,0,0,0,0,0,0,0,10,0.19999999999999996,10,1.0,10,0,0,0,10,0,0,10,0,1,0,0,0,0,0,10,10,37,3466,3389,290,0,9,46,1.0,2900,0,23177,27,411,2900,30624
2025-07-10,argo,com.grab.sample.dummy,KDummyClass69,method3,1,2,0.0,0,0.0,0,0,1,0,5,0,1,0,0.0,0,0,0,5,0.0,0,2.4,0,0,0.0,0,0.0,0.9,68,57,0.1,10,0,0,0,0,1,9,0,0,0,0,0,0,0,0,0,10,0.19999999999999996,10,1.0,10,0,0,0,10,0,0,10,0,1,0,0,0,0,0,10,10,37,3466,3389,290,0,9,46,1.0,2900,0,23177,27,411,2900,30624
2025-07-10,argo,com.grab.sample.dummy,KDummyClass69,method4,1,2,0.0,0,0.0,0,0,1,0,5,0,1,0,0.0,0,0,0,5,0.0,0,2.4,0,0,0.0,0,0.0,0.9,68,57,0.1,10,0,0,0,0,1,9,0,0,0,0,0,0,0,0,0,10,0.19999999999999996,10,1.0,10,0,0,0,10,0,0,10,0,1,0,0,0,0,0,10,10,37,3466,3389,290,0,9,46,1.0,2900,0,23177,27,411,2900,30624
2025-07-10,argo,com.grab.sample.dummy,KDummyClass69,method5,1,2,0.0,0,0.0,0,0,1,0,5,0,1,0,0.0,0,0,0,5,0.0,0,2.4,0,0,0.0,0,0.0,0.9,68,57,0.1,10,0,0,0,0,1,9,0,0,0,0,0,0,0,0,0,10,0.19999999999999996,10,1.0,10,0,0,0,10,0,0,10,0,1,0,0,0,0,0,10,10,37,3466,3389,290,0,9,46,1.0,2900,0,23177,27,411,2900,30624
2025-07-10,argo,com.grab.sample.dummy,KDummyClass69,method6,1,2,0.0,0,0.0,0,0,1,0,5,0,1,0,0.0,0,0,0,5,0.0,0,2.4,0,0,0.0,0,0.0,0.9,68,57,0.1,10,0,0,0,0,1,9,0,0,0,0,0,0,0,0,0,10,0.19999999999999996,10,1.0,10,0,0,0,10,0,0,10,0,1,0,0,0,0,0,10,10,37,3466,3389,290,0,9,46,1.0,2900,0,23177,27,411,2900,30624
2025-07-10,argo,com.grab.sample.dummy,KDummyClass69,method7,1,2,0.0,0,0.0,0,0,1,0,5,0,1,0,0.0,0,0,0,5,0.0,0,2.4,0,0,0.0,0,0.0,0.9,68,57,0.1,10,0,0,0,0,1,9,0,0,0,0,0,0,0,0,0,10,0.19999999999999996,10,1.0,10,0,0,0,10,0,0,10,0,1,0,0,0,0,0,10,10,37,3466,3389,290,0,9,46,1.0,2900,0,23177,27,411,2900,30624
2025-07-10,argo,com.grab.sample.dummy,KDummyClass69,method8,1,2,0.0,0,0.0,0,0,1,0,5,0,1,0,0.0,0,0,0,5,0.0,0,2.4,0,0,0.0,0,0.0,0.9,68,57,0.1,10,0,0,0,0,1,9,0,0,0,0,0,0,0,0,0,10,0.19999999999999996,10,1.0,10,0,0,0,10,0,0,10,0,1,0,0,0,0,0,10,10,37,3466,3389,290,0,9,46,1.0,2900,0,23177,27,411,2900,30624
2025-07-10,argo,com.grab.sample.dummy,KDummyClass69,method9,1,2,0.0,0,0.0,0,0,1,0,5,0,1,0,0.0,0,0,0,5,0.0,0,2.4,0,0,0.0,0,0.0,0.9,68,57,0.1,10,0,0,0,0,1,9,0,0,0,0,0,0,0,0,0,10,0.19999999999999996,10,1.0,10,0,0,0,10,0,0,10,0,1,0,0,0,0,0,10,10,37,3466,3389,290,0,9,46,1.0,2900,0,23177,27,411,2900,30624
2025-07-10,argo,com.grab.sample.dummy,KDummyClass69,method10,1,2,0.0,0,0.0,0,0,1,0,5,0,1,0,0.0,0,0,0,5,0.0,0,2.4,0,0,0.0,0,0.0,0.9,68,57,0.1,10,0,0,0,0,1,9,0,0,0,0,0,0,0,0,0,10,0.19999999999999996,10,1.0,10,0,0,0,10,0,0,10,0,1,0,0,0,0,0,10,10,37,3466,3389,290,0,9,46,1.0,2900,0,23177,27,411,2900,30624
2025-07-10,argo,com.grab.sample.dummy,KDummyClass7,method1,1,0,9.0,0,0.0,0,0,1,0,12,0,1,10,0.0,10,0,9,1,0.0,1,2.0,0,9,0.0,0,0.0,0.9,68,57,0.1,10,0,0,0,0,1,9,0,0,0,0,0,0,0,0,0,10,0.19999999999999996,10,1.0,10,0,0,0,10,0,0,10,0,1,0,0,0,0,0,10,10,37,3466,3389,290,0,9,46,1.0,2900,0,23177,27,411,2900,30624
2025-07-10,argo,com.grab.sample.dummy,KDummyClass7,method2,1,2,0.0,0,0.0,0,0,1,0,5,0,1,0,0.0,0,0,0,5,0.0,0,2.4,0,0,0.0,0,0.0,0.9,68,57,0.1,10,0,0,0,0,1,9,0,0,0,0,0,0,0,0,0,10,0.19999999999999996,10,1.0,10,0,0,0,10,0,0,10,0,1,0,0,0,0,0,10,10,37,3466,3389,290,0,9,46,1.0,2900,0,23177,27,411,2900,30624
2025-07-10,argo,com.grab.sample.dummy,KDummyClass7,method3,1,2,0.0,0,0.0,0,0,1,0,5,0,1,0,0.0,0,0,0,5,0.0,0,2.4,0,0,0.0,0,0.0,0.9,68,57,0.1,10,0,0,0,0,1,9,0,0,0,0,0,0,0,0,0,10,0.19999999999999996,10,1.0,10,0,0,0,10,0,0,10,0,1,0,0,0,0,0,10,10,37,3466,3389,290,0,9,46,1.0,2900,0,23177,27,411,2900,30624
2025-07-10,argo,com.grab.sample.dummy,KDummyClass7,method4,1,2,0.0,0,0.0,0,0,1,0,5,0,1,0,0.0,0,0,0,5,0.0,0,2.4,0,0,0.0,0,0.0,0.9,68,57,0.1,10,0,0,0,0,1,9,0,0,0,0,0,0,0,0,0,10,0.19999999999999996,10,1.0,10,0,0,0,10,0,0,10,0,1,0,0,0,0,0,10,10,37,3466,3389,290,0,9,46,1.0,2900,0,23177,27,411,2900,30624
2025-07-10,argo,com.grab.sample.dummy,KDummyClass7,method5,1,2,0.0,0,0.0,0,0,1,0,5,0,1,0,0.0,0,0,0,5,0.0,0,2.4,0,0,0.0,0,0.0,0.9,68,57,0.1,10,0,0,0,0,1,9,0,0,0,0,0,0,0,0,0,10,0.19999999999999996,10,1.0,10,0,0,0,10,0,0,10,0,1,0,0,0,0,0,10,10,37,3466,3389,290,0,9,46,1.0,2900,0,23177,27,411,2900,30624
2025-07-10,argo,com.grab.sample.dummy,KDummyClass7,method6,1,2,0.0,0,0.0,0,0,1,0,5,0,1,0,0.0,0,0,0,5,0.0,0,2.4,0,0,0.0,0,0.0,0.9,68,57,0.1,10,0,0,0,0,1,9,0,0,0,0,0,0,0,0,0,10,0.19999999999999996,10,1.0,10,0,0,0,10,0,0,10,0,1,0,0,0,0,0,10,10,37,3466,3389,290,0,9,46,1.0,2900,0,23177,27,411,2900,30624
2025-07-10,argo,com.grab.sample.dummy,KDummyClass7,method7,1,2,0.0,0,0.0,0,0,1,0,5,0,1,0,0.0,0,0,0,5,0.0,0,2.4,0,0,0.0,0,0.0,0.9,68,57,0.1,10,0,0,0,0,1,9,0,0,0,0,0,0,0,0,0,10,0.19999999999999996,10,1.0,10,0,0,0,10,0,0,10,0,1,0,0,0,0,0,10,10,37,3466,3389,290,0,9,46,1.0,2900,0,23177,27,411,2900,30624
2025-07-10,argo,com.grab.sample.dummy,KDummyClass7,method8,1,2,0.0,0,0.0,0,0,1,0,5,0,1,0,0.0,0,0,0,5,0.0,0,2.4,0,0,0.0,0,0.0,0.9,68,57,0.1,10,0,0,0,0,1,9,0,0,0,0,0,0,0,0,0,10,0.19999999999999996,10,1.0,10,0,0,0,10,0,0,10,0,1,0,0,0,0,0,10,10,37,3466,3389,290,0,9,46,1.0,2900,0,23177,27,411,2900,30624
2025-07-10,argo,com.grab.sample.dummy,KDummyClass7,method9,1,2,0.0,0,0.0,0,0,1,0,5,0,1,0,0.0,0,0,0,5,0.0,0,2.4,0,0,0.0,0,0.0,0.9,68,57,0.1,10,0,0,0,0,1,9,0,0,0,0,0,0,0,0,0,10,0.19999999999999996,10,1.0,10,0,0,0,10,0,0,10,0,1,0,0,0,0,0,10,10,37,3466,3389,290,0,9,46,1.0,2900,0,23177,27,411,2900,30624
2025-07-10,argo,com.grab.sample.dummy,KDummyClass7,method10,1,2,0.0,0,0.0,0,0,1,0,5,0,1,0,0.0,0,0,0,5,0.0,0,2.4,0,0,0.0,0,0.0,0.9,68,57,0.1,10,0,0,0,0,1,9,0,0,0,0,0,0,0,0,0,10,0.19999999999999996,10,1.0,10,0,0,0,10,0,0,10,0,1,0,0,0,0,0,10,10,37,3466,3389,290,0,9,46,1.0,2900,0,23177,27,411,2900,30624
2025-07-10,argo,com.grab.sample.dummy,KDummyClass70,method1,1,0,9.0,0,0.0,0,0,1,0,12,0,1,10,0.0,10,0,9,1,0.0,1,2.0,0,9,0.0,0,0.0,0.9,68,57,0.1,10,0,0,0,0,1,9,0,0,0,0,0,0,0,0,0,10,0.19999999999999996,10,1.0,10,0,0,0,10,0,0,10,0,1,0,0,0,0,0,10,10,37,3466,3389,290,0,9,46,1.0,2900,0,23177,27,411,2900,30624
2025-07-10,argo,com.grab.sample.dummy,KDummyClass70,method2,1,2,0.0,0,0.0,0,0,1,0,5,0,1,0,0.0,0,0,0,5,0.0,0,2.4,0,0,0.0,0,0.0,0.9,68,57,0.1,10,0,0,0,0,1,9,0,0,0,0,0,0,0,0,0,10,0.19999999999999996,10,1.0,10,0,0,0,10,0,0,10,0,1,0,0,0,0,0,10,10,37,3466,3389,290,0,9,46,1.0,2900,0,23177,27,411,2900,30624
2025-07-10,argo,com.grab.sample.dummy,KDummyClass70,method3,1,2,0.0,0,0.0,0,0,1,0,5,0,1,0,0.0,0,0,0,5,0.0,0,2.4,0,0,0.0,0,0.0,0.9,68,57,0.1,10,0,0,0,0,1,9,0,0,0,0,0,0,0,0,0,10,0.19999999999999996,10,1.0,10,0,0,0,10,0,0,10,0,1,0,0,0,0,0,10,10,37,3466,3389,290,0,9,46,1.0,2900,0,23177,27,411,2900,30624
2025-07-10,argo,com.grab.sample.dummy,KDummyClass70,method4,1,2,0.0,0,0.0,0,0,1,0,5,0,1,0,0.0,0,0,0,5,0.0,0,2.4,0,0,0.0,0,0.0,0.9,68,57,0.1,10,0,0,0,0,1,9,0,0,0,0,0,0,0,0,0,10,0.19999999999999996,10,1.0,10,0,0,0,10,0,0,10,0,1,0,0,0,0,0,10,10,37,3466,3389,290,0,9,46,1.0,2900,0,23177,27,411,2900,30624
2025-07-10,argo,com.grab.sample.dummy,KDummyClass70,method5,1,2,0.0,0,0.0,0,0,1,0,5,0,1,0,0.0,0,0,0,5,0.0,0,2.4,0,0,0.0,0,0.0,0.9,68,57,0.1,10,0,0,0,0,1,9,0,0,0,0,0,0,0,0,0,10,0.19999999999999996,10,1.0,10,0,0,0,10,0,0,10,0,1,0,0,0,0,0,10,10,37,3466,3389,290,0,9,46,1.0,2900,0,23177,27,411,2900,30624
2025-07-10,argo,com.grab.sample.dummy,KDummyClass70,method6,1,2,0.0,0,0.0,0,0,1,0,5,0,1,0,0.0,0,0,0,5,0.0,0,2.4,0,0,0.0,0,0.0,0.9,68,57,0.1,10,0,0,0,0,1,9,0,0,0,0,0,0,0,0,0,10,0.19999999999999996,10,1.0,10,0,0,0,10,0,0,10,0,1,0,0,0,0,0,10,10,37,3466,3389,290,0,9,46,1.0,2900,0,23177,27,411,2900,30624
2025-07-10,argo,com.grab.sample.dummy,KDummyClass70,method7,1,2,0.0,0,0.0,0,0,1,0,5,0,1,0,0.0,0,0,0,5,0.0,0,2.4,0,0,0.0,0,0.0,0.9,68,57,0.1,10,0,0,0,0,1,9,0,0,0,0,0,0,0,0,0,10,0.19999999999999996,10,1.0,10,0,0,0,10,0,0,10,0,1,0,0,0,0,0,10,10,37,3466,3389,290,0,9,46,1.0,2900,0,23177,27,411,2900,30624
2025-07-10,argo,com.grab.sample.dummy,KDummyClass70,method8,1,2,0.0,0,0.0,0,0,1,0,5,0,1,0,0.0,0,0,0,5,0.0,0,2.4,0,0,0.0,0,0.0,0.9,68,57,0.1,10,0,0,0,0,1,9,0,0,0,0,0,0,0,0,0,10,0.19999999999999996,10,1.0,10,0,0,0,10,0,0,10,0,1,0,0,0,0,0,10,10,37,3466,3389,290,0,9,46,1.0,2900,0,23177,27,411,2900,30624
2025-07-10,argo,com.grab.sample.dummy,KDummyClass70,method9,1,2,0.0,0,0.0,0,0,1,0,5,0,1,0,0.0,0,0,0,5,0.0,0,2.4,0,0,0.0,0,0.0,0.9,68,57,0.1,10,0,0,0,0,1,9,0,0,0,0,0,0,0,0,0,10,0.19999999999999996,10,1.0,10,0,0,0,10,0,0,10,0,1,0,0,0,0,0,10,10,37,3466,3389,290,0,9,46,1.0,2900,0,23177,27,411,2900,30624
2025-07-10,argo,com.grab.sample.dummy,KDummyClass70,method10,1,2,0.0,0,0.0,0,0,1,0,5,0,1,0,0.0,0,0,0,5,0.0,0,2.4,0,0,0.0,0,0.0,0.9,68,57,0.1,10,0,0,0,0,1,9,0,0,0,0,0,0,0,0,0,10,0.19999999999999996,10,1.0,10,0,0,0,10,0,0,10,0,1,0,0,0,0,0,10,10,37,3466,3389,290,0,9,46,1.0,2900,0,23177,27,411,2900,30624
2025-07-10,argo,com.grab.sample.dummy,KDummyClass71,method1,1,0,9.0,0,0.0,0,0,1,0,12,0,1,10,0.0,10,0,9,1,0.0,1,2.0,0,9,0.0,0,0.0,0.9,68,57,0.1,10,0,0,0,0,1,9,0,0,0,0,0,0,0,0,0,10,0.19999999999999996,10,1.0,10,0,0,0,10,0,0,10,0,1,0,0,0,0,0,10,10,37,3466,3389,290,0,9,46,1.0,2900,0,23177,27,411,2900,30624
2025-07-10,argo,com.grab.sample.dummy,KDummyClass71,method2,1,2,0.0,0,0.0,0,0,1,0,5,0,1,0,0.0,0,0,0,5,0.0,0,2.4,0,0,0.0,0,0.0,0.9,68,57,0.1,10,0,0,0,0,1,9,0,0,0,0,0,0,0,0,0,10,0.19999999999999996,10,1.0,10,0,0,0,10,0,0,10,0,1,0,0,0,0,0,10,10,37,3466,3389,290,0,9,46,1.0,2900,0,23177,27,411,2900,30624
2025-07-10,argo,com.grab.sample.dummy,KDummyClass71,method3,1,2,0.0,0,0.0,0,0,1,0,5,0,1,0,0.0,0,0,0,5,0.0,0,2.4,0,0,0.0,0,0.0,0.9,68,57,0.1,10,0,0,0,0,1,9,0,0,0,0,0,0,0,0,0,10,0.19999999999999996,10,1.0,10,0,0,0,10,0,0,10,0,1,0,0,0,0,0,10,10,37,3466,3389,290,0,9,46,1.0,2900,0,23177,27,411,2900,30624
2025-07-10,argo,com.grab.sample.dummy,KDummyClass71,method4,1,2,0.0,0,0.0,0,0,1,0,5,0,1,0,0.0,0,0,0,5,0.0,0,2.4,0,0,0.0,0,0.0,0.9,68,57,0.1,10,0,0,0,0,1,9,0,0,0,0,0,0,0,0,0,10,0.19999999999999996,10,1.0,10,0,0,0,10,0,0,10,0,1,0,0,0,0,0,10,10,37,3466,3389,290,0,9,46,1.0,2900,0,23177,27,411,2900,30624
2025-07-10,argo,com.grab.sample.dummy,KDummyClass71,method5,1,2,0.0,0,0.0,0,0,1,0,5,0,1,0,0.0,0,0,0,5,0.0,0,2.4,0,0,0.0,0,0.0,0.9,68,57,0.1,10,0,0,0,0,1,9,0,0,0,0,0,0,0,0,0,10,0.19999999999999996,10,1.0,10,0,0,0,10,0,0,10,0,1,0,0,0,0,0,10,10,37,3466,3389,290,0,9,46,1.0,2900,0,23177,27,411,2900,30624
2025-07-10,argo,com.grab.sample.dummy,KDummyClass71,method6,1,2,0.0,0,0.0,0,0,1,0,5,0,1,0,0.0,0,0,0,5,0.0,0,2.4,0,0,0.0,0,0.0,0.9,68,57,0.1,10,0,0,0,0,1,9,0,0,0,0,0,0,0,0,0,10,0.19999999999999996,10,1.0,10,0,0,0,10,0,0,10,0,1,0,0,0,0,0,10,10,37,3466,3389,290,0,9,46,1.0,2900,0,23177,27,411,2900,30624
2025-07-10,argo,com.grab.sample.dummy,KDummyClass71,method7,1,2,0.0,0,0.0,0,0,1,0,5,0,1,0,0.0,0,0,0,5,0.0,0,2.4,0,0,0.0,0,0.0,0.9,68,57,0.1,10,0,0,0,0,1,9,0,0,0,0,0,0,0,0,0,10,0.19999999999999996,10,1.0,10,0,0,0,10,0,0,10,0,1,0,0,0,0,0,10,10,37,3466,3389,290,0,9,46,1.0,2900,0,23177,27,411,2900,30624
2025-07-10,argo,com.grab.sample.dummy,KDummyClass71,method8,1,2,0.0,0,0.0,0,0,1,0,5,0,1,0,0.0,0,0,0,5,0.0,0,2.4,0,0,0.0,0,0.0,0.9,68,57,0.1,10,0,0,0,0,1,9,0,0,0,0,0,0,0,0,0,10,0.19999999999999996,10,1.0,10,0,0,0,10,0,0,10,0,1,0,0,0,0,0,10,10,37,3466,3389,290,0,9,46,1.0,2900,0,23177,27,411,2900,30624
2025-07-10,argo,com.grab.sample.dummy,KDummyClass71,method9,1,2,0.0,0,0.0,0,0,1,0,5,0,1,0,0.0,0,0,0,5,0.0,0,2.4,0,0,0.0,0,0.0,0.9,68,57,0.1,10,0,0,0,0,1,9,0,0,0,0,0,0,0,0,0,10,0.19999999999999996,10,1.0,10,0,0,0,10,0,0,10,0,1,0,0,0,0,0,10,10,37,3466,3389,290,0,9,46,1.0,2900,0,23177,27,411,2900,30624
2025-07-10,argo,com.grab.sample.dummy,KDummyClass71,method10,1,2,0.0,0,0.0,0,0,1,0,5,0,1,0,0.0,0,0,0,5,0.0,0,2.4,0,0,0.0,0,0.0,0.9,68,57,0.1,10,0,0,0,0,1,9,0,0,0,0,0,0,0,0,0,10,0.19999999999999996,10,1.0,10,0,0,0,10,0,0,10,0,1,0,0,0,0,0,10,10,37,3466,3389,290,0,9,46,1.0,2900,0,23177,27,411,2900,30624
2025-07-10,argo,com.grab.sample.dummy,KDummyClass72,method1,1,0,9.0,0,0.0,0,0,1,0,12,0,1,10,0.0,10,0,9,1,0.0,1,2.0,0,9,0.0,0,0.0,0.9,68,57,0.1,10,0,0,0,0,1,9,0,0,0,0,0,0,0,0,0,10,0.19999999999999996,10,1.0,10,0,0,0,10,0,0,10,0,1,0,0,0,0,0,10,10,37,3466,3389,290,0,9,46,1.0,2900,0,23177,27,411,2900,30624
2025-07-10,argo,com.grab.sample.dummy,KDummyClass72,method2,1,2,0.0,0,0.0,0,0,1,0,5,0,1,0,0.0,0,0,0,5,0.0,0,2.4,0,0,0.0,0,0.0,0.9,68,57,0.1,10,0,0,0,0,1,9,0,0,0,0,0,0,0,0,0,10,0.19999999999999996,10,1.0,10,0,0,0,10,0,0,10,0,1,0,0,0,0,0,10,10,37,3466,3389,290,0,9,46,1.0,2900,0,23177,27,411,2900,30624
2025-07-10,argo,com.grab.sample.dummy,KDummyClass72,method3,1,2,0.0,0,0.0,0,0,1,0,5,0,1,0,0.0,0,0,0,5,0.0,0,2.4,0,0,0.0,0,0.0,0.9,68,57,0.1,10,0,0,0,0,1,9,0,0,0,0,0,0,0,0,0,10,0.19999999999999996,10,1.0,10,0,0,0,10,0,0,10,0,1,0,0,0,0,0,10,10,37,3466,3389,290,0,9,46,1.0,2900,0,23177,27,411,2900,30624
2025-07-10,argo,com.grab.sample.dummy,KDummyClass72,method4,1,2,0.0,0,0.0,0,0,1,0,5,0,1,0,0.0,0,0,0,5,0.0,0,2.4,0,0,0.0,0,0.0,0.9,68,57,0.1,10,0,0,0,0,1,9,0,0,0,0,0,0,0,0,0,10,0.19999999999999996,10,1.0,10,0,0,0,10,0,0,10,0,1,0,0,0,0,0,10,10,37,3466,3389,290,0,9,46,1.0,2900,0,23177,27,411,2900,30624
2025-07-10,argo,com.grab.sample.dummy,KDummyClass72,method5,1,2,0.0,0,0.0,0,0,1,0,5,0,1,0,0.0,0,0,0,5,0.0,0,2.4,0,0,0.0,0,0.0,0.9,68,57,0.1,10,0,0,0,0,1,9,0,0,0,0,0,0,0,0,0,10,0.19999999999999996,10,1.0,10,0,0,0,10,0,0,10,0,1,0,0,0,0,0,10,10,37,3466,3389,290,0,9,46,1.0,2900,0,23177,27,411,2900,30624
2025-07-10,argo,com.grab.sample.dummy,KDummyClass72,method6,1,2,0.0,0,0.0,0,0,1,0,5,0,1,0,0.0,0,0,0,5,0.0,0,2.4,0,0,0.0,0,0.0,0.9,68,57,0.1,10,0,0,0,0,1,9,0,0,0,0,0,0,0,0,0,10,0.19999999999999996,10,1.0,10,0,0,0,10,0,0,10,0,1,0,0,0,0,0,10,10,37,3466,3389,290,0,9,46,1.0,2900,0,23177,27,411,2900,30624
2025-07-10,argo,com.grab.sample.dummy,KDummyClass72,method7,1,2,0.0,0,0.0,0,0,1,0,5,0,1,0,0.0,0,0,0,5,0.0,0,2.4,0,0,0.0,0,0.0,0.9,68,57,0.1,10,0,0,0,0,1,9,0,0,0,0,0,0,0,0,0,10,0.19999999999999996,10,1.0,10,0,0,0,10,0,0,10,0,1,0,0,0,0,0,10,10,37,3466,3389,290,0,9,46,1.0,2900,0,23177,27,411,2900,30624
2025-07-10,argo,com.grab.sample.dummy,KDummyClass72,method8,1,2,0.0,0,0.0,0,0,1,0,5,0,1,0,0.0,0,0,0,5,0.0,0,2.4,0,0,0.0,0,0.0,0.9,68,57,0.1,10,0,0,0,0,1,9,0,0,0,0,0,0,0,0,0,10,0.19999999999999996,10,1.0,10,0,0,0,10,0,0,10,0,1,0,0,0,0,0,10,10,37,3466,3389,290,0,9,46,1.0,2900,0,23177,27,411,2900,30624
2025-07-10,argo,com.grab.sample.dummy,KDummyClass72,method9,1,2,0.0,0,0.0,0,0,1,0,5,0,1,0,0.0,0,0,0,5,0.0,0,2.4,0,0,0.0,0,0.0,0.9,68,57,0.1,10,0,0,0,0,1,9,0,0,0,0,0,0,0,0,0,10,0.19999999999999996,10,1.0,10,0,0,0,10,0,0,10,0,1,0,0,0,0,0,10,10,37,3466,3389,290,0,9,46,1.0,2900,0,23177,27,411,2900,30624
2025-07-10,argo,com.grab.sample.dummy,KDummyClass72,method10,1,2,0.0,0,0.0,0,0,1,0,5,0,1,0,0.0,0,0,0,5,0.0,0,2.4,0,0,0.0,0,0.0,0.9,68,57,0.1,10,0,0,0,0,1,9,0,0,0,0,0,0,0,0,0,10,0.19999999999999996,10,1.0,10,0,0,0,10,0,0,10,0,1,0,0,0,0,0,10,10,37,3466,3389,290,0,9,46,1.0,2900,0,23177,27,411,2900,30624
2025-07-10,argo,com.grab.sample.dummy,KDummyClass73,method1,1,0,9.0,0,0.0,0,0,1,0,12,0,1,10,0.0,10,0,9,1,0.0,1,2.0,0,9,0.0,0,0.0,0.9,68,57,0.1,10,0,0,0,0,1,9,0,0,0,0,0,0,0,0,0,10,0.19999999999999996,10,1.0,10,0,0,0,10,0,0,10,0,1,0,0,0,0,0,10,10,37,3466,3389,290,0,9,46,1.0,2900,0,23177,27,411,2900,30624
2025-07-10,argo,com.grab.sample.dummy,KDummyClass73,method2,1,2,0.0,0,0.0,0,0,1,0,5,0,1,0,0.0,0,0,0,5,0.0,0,2.4,0,0,0.0,0,0.0,0.9,68,57,0.1,10,0,0,0,0,1,9,0,0,0,0,0,0,0,0,0,10,0.19999999999999996,10,1.0,10,0,0,0,10,0,0,10,0,1,0,0,0,0,0,10,10,37,3466,3389,290,0,9,46,1.0,2900,0,23177,27,411,2900,30624
2025-07-10,argo,com.grab.sample.dummy,KDummyClass73,method3,1,2,0.0,0,0.0,0,0,1,0,5,0,1,0,0.0,0,0,0,5,0.0,0,2.4,0,0,0.0,0,0.0,0.9,68,57,0.1,10,0,0,0,0,1,9,0,0,0,0,0,0,0,0,0,10,0.19999999999999996,10,1.0,10,0,0,0,10,0,0,10,0,1,0,0,0,0,0,10,10,37,3466,3389,290,0,9,46,1.0,2900,0,23177,27,411,2900,30624
2025-07-10,argo,com.grab.sample.dummy,KDummyClass73,method4,1,2,0.0,0,0.0,0,0,1,0,5,0,1,0,0.0,0,0,0,5,0.0,0,2.4,0,0,0.0,0,0.0,0.9,68,57,0.1,10,0,0,0,0,1,9,0,0,0,0,0,0,0,0,0,10,0.19999999999999996,10,1.0,10,0,0,0,10,0,0,10,0,1,0,0,0,0,0,10,10,37,3466,3389,290,0,9,46,1.0,2900,0,23177,27,411,2900,30624
2025-07-10,argo,com.grab.sample.dummy,KDummyClass73,method5,1,2,0.0,0,0.0,0,0,1,0,5,0,1,0,0.0,0,0,0,5,0.0,0,2.4,0,0,0.0,0,0.0,0.9,68,57,0.1,10,0,0,0,0,1,9,0,0,0,0,0,0,0,0,0,10,0.19999999999999996,10,1.0,10,0,0,0,10,0,0,10,0,1,0,0,0,0,0,10,10,37,3466,3389,290,0,9,46,1.0,2900,0,23177,27,411,2900,30624
2025-07-10,argo,com.grab.sample.dummy,KDummyClass73,method6,1,2,0.0,0,0.0,0,0,1,0,5,0,1,0,0.0,0,0,0,5,0.0,0,2.4,0,0,0.0,0,0.0,0.9,68,57,0.1,10,0,0,0,0,1,9,0,0,0,0,0,0,0,0,0,10,0.19999999999999996,10,1.0,10,0,0,0,10,0,0,10,0,1,0,0,0,0,0,10,10,37,3466,3389,290,0,9,46,1.0,2900,0,23177,27,411,2900,30624
2025-07-10,argo,com.grab.sample.dummy,KDummyClass73,method7,1,2,0.0,0,0.0,0,0,1,0,5,0,1,0,0.0,0,0,0,5,0.0,0,2.4,0,0,0.0,0,0.0,0.9,68,57,0.1,10,0,0,0,0,1,9,0,0,0,0,0,0,0,0,0,10,0.19999999999999996,10,1.0,10,0,0,0,10,0,0,10,0,1,0,0,0,0,0,10,10,37,3466,3389,290,0,9,46,1.0,2900,0,23177,27,411,2900,30624
2025-07-10,argo,com.grab.sample.dummy,KDummyClass73,method8,1,2,0.0,0,0.0,0,0,1,0,5,0,1,0,0.0,0,0,0,5,0.0,0,2.4,0,0,0.0,0,0.0,0.9,68,57,0.1,10,0,0,0,0,1,9,0,0,0,0,0,0,0,0,0,10,0.19999999999999996,10,1.0,10,0,0,0,10,0,0,10,0,1,0,0,0,0,0,10,10,37,3466,3389,290,0,9,46,1.0,2900,0,23177,27,411,2900,30624
2025-07-10,argo,com.grab.sample.dummy,KDummyClass73,method9,1,2,0.0,0,0.0,0,0,1,0,5,0,1,0,0.0,0,0,0,5,0.0,0,2.4,0,0,0.0,0,0.0,0.9,68,57,0.1,10,0,0,0,0,1,9,0,0,0,0,0,0,0,0,0,10,0.19999999999999996,10,1.0,10,0,0,0,10,0,0,10,0,1,0,0,0,0,0,10,10,37,3466,3389,290,0,9,46,1.0,2900,0,23177,27,411,2900,30624
2025-07-10,argo,com.grab.sample.dummy,KDummyClass73,method10,1,2,0.0,0,0.0,0,0,1,0,5,0,1,0,0.0,0,0,0,5,0.0,0,2.4,0,0,0.0,0,0.0,0.9,68,57,0.1,10,0,0,0,0,1,9,0,0,0,0,0,0,0,0,0,10,0.19999999999999996,10,1.0,10,0,0,0,10,0,0,10,0,1,0,0,0,0,0,10,10,37,3466,3389,290,0,9,46,1.0,2900,0,23177,27,411,2900,30624
2025-07-10,argo,com.grab.sample.dummy,KDummyClass74,method1,1,0,9.0,0,0.0,0,0,1,0,12,0,1,10,0.0,10,0,9,1,0.0,1,2.0,0,9,0.0,0,0.0,0.9,68,57,0.1,10,0,0,0,0,1,9,0,0,0,0,0,0,0,0,0,10,0.19999999999999996,10,1.0,10,0,0,0,10,0,0,10,0,1,0,0,0,0,0,10,10,37,3466,3389,290,0,9,46,1.0,2900,0,23177,27,411,2900,30624
2025-07-10,argo,com.grab.sample.dummy,KDummyClass74,method2,1,2,0.0,0,0.0,0,0,1,0,5,0,1,0,0.0,0,0,0,5,0.0,0,2.4,0,0,0.0,0,0.0,0.9,68,57,0.1,10,0,0,0,0,1,9,0,0,0,0,0,0,0,0,0,10,0.19999999999999996,10,1.0,10,0,0,0,10,0,0,10,0,1,0,0,0,0,0,10,10,37,3466,3389,290,0,9,46,1.0,2900,0,23177,27,411,2900,30624
2025-07-10,argo,com.grab.sample.dummy,KDummyClass74,method3,1,2,0.0,0,0.0,0,0,1,0,5,0,1,0,0.0,0,0,0,5,0.0,0,2.4,0,0,0.0,0,0.0,0.9,68,57,0.1,10,0,0,0,0,1,9,0,0,0,0,0,0,0,0,0,10,0.19999999999999996,10,1.0,10,0,0,0,10,0,0,10,0,1,0,0,0,0,0,10,10,37,3466,3389,290,0,9,46,1.0,2900,0,23177,27,411,2900,30624
2025-07-10,argo,com.grab.sample.dummy,KDummyClass74,method4,1,2,0.0,0,0.0,0,0,1,0,5,0,1,0,0.0,0,0,0,5,0.0,0,2.4,0,0,0.0,0,0.0,0.9,68,57,0.1,10,0,0,0,0,1,9,0,0,0,0,0,0,0,0,0,10,0.19999999999999996,10,1.0,10,0,0,0,10,0,0,10,0,1,0,0,0,0,0,10,10,37,3466,3389,290,0,9,46,1.0,2900,0,23177,27,411,2900,30624
2025-07-10,argo,com.grab.sample.dummy,KDummyClass74,method5,1,2,0.0,0,0.0,0,0,1,0,5,0,1,0,0.0,0,0,0,5,0.0,0,2.4,0,0,0.0,0,0.0,0.9,68,57,0.1,10,0,0,0,0,1,9,0,0,0,0,0,0,0,0,0,10,0.19999999999999996,10,1.0,10,0,0,0,10,0,0,10,0,1,0,0,0,0,0,10,10,37,3466,3389,290,0,9,46,1.0,2900,0,23177,27,411,2900,30624
2025-07-10,argo,com.grab.sample.dummy,KDummyClass74,method6,1,2,0.0,0,0.0,0,0,1,0,5,0,1,0,0.0,0,0,0,5,0.0,0,2.4,0,0,0.0,0,0.0,0.9,68,57,0.1,10,0,0,0,0,1,9,0,0,0,0,0,0,0,0,0,10,0.19999999999999996,10,1.0,10,0,0,0,10,0,0,10,0,1,0,0,0,0,0,10,10,37,3466,3389,290,0,9,46,1.0,2900,0,23177,27,411,2900,30624
2025-07-10,argo,com.grab.sample.dummy,KDummyClass74,method7,1,2,0.0,0,0.0,0,0,1,0,5,0,1,0,0.0,0,0,0,5,0.0,0,2.4,0,0,0.0,0,0.0,0.9,68,57,0.1,10,0,0,0,0,1,9,0,0,0,0,0,0,0,0,0,10,0.19999999999999996,10,1.0,10,0,0,0,10,0,0,10,0,1,0,0,0,0,0,10,10,37,3466,3389,290,0,9,46,1.0,2900,0,23177,27,411,2900,30624
2025-07-10,argo,com.grab.sample.dummy,KDummyClass74,method8,1,2,0.0,0,0.0,0,0,1,0,5,0,1,0,0.0,0,0,0,5,0.0,0,2.4,0,0,0.0,0,0.0,0.9,68,57,0.1,10,0,0,0,0,1,9,0,0,0,0,0,0,0,0,0,10,0.19999999999999996,10,1.0,10,0,0,0,10,0,0,10,0,1,0,0,0,0,0,10,10,37,3466,3389,290,0,9,46,1.0,2900,0,23177,27,411,2900,30624
2025-07-10,argo,com.grab.sample.dummy,KDummyClass74,method9,1,2,0.0,0,0.0,0,0,1,0,5,0,1,0,0.0,0,0,0,5,0.0,0,2.4,0,0,0.0,0,0.0,0.9,68,57,0.1,10,0,0,0,0,1,9,0,0,0,0,0,0,0,0,0,10,0.19999999999999996,10,1.0,10,0,0,0,10,0,0,10,0,1,0,0,0,0,0,10,10,37,3466,3389,290,0,9,46,1.0,2900,0,23177,27,411,2900,30624
2025-07-10,argo,com.grab.sample.dummy,KDummyClass74,method10,1,2,0.0,0,0.0,0,0,1,0,5,0,1,0,0.0,0,0,0,5,0.0,0,2.4,0,0,0.0,0,0.0,0.9,68,57,0.1,10,0,0,0,0,1,9,0,0,0,0,0,0,0,0,0,10,0.19999999999999996,10,1.0,10,0,0,0,10,0,0,10,0,1,0,0,0,0,0,10,10,37,3466,3389,290,0,9,46,1.0,2900,0,23177,27,411,2900,30624
2025-07-10,argo,com.grab.sample.dummy,KDummyClass75,method1,1,0,9.0,0,0.0,0,0,1,0,12,0,1,10,0.0,10,0,9,1,0.0,1,2.0,0,9,0.0,0,0.0,0.9,68,57,0.1,10,0,0,0,0,1,9,0,0,0,0,0,0,0,0,0,10,0.19999999999999996,10,1.0,10,0,0,0,10,0,0,10,0,1,0,0,0,0,0,10,10,37,3466,3389,290,0,9,46,1.0,2900,0,23177,27,411,2900,30624
2025-07-10,argo,com.grab.sample.dummy,KDummyClass75,method2,1,2,0.0,0,0.0,0,0,1,0,5,0,1,0,0.0,0,0,0,5,0.0,0,2.4,0,0,0.0,0,0.0,0.9,68,57,0.1,10,0,0,0,0,1,9,0,0,0,0,0,0,0,0,0,10,0.19999999999999996,10,1.0,10,0,0,0,10,0,0,10,0,1,0,0,0,0,0,10,10,37,3466,3389,290,0,9,46,1.0,2900,0,23177,27,411,2900,30624
2025-07-10,argo,com.grab.sample.dummy,KDummyClass75,method3,1,2,0.0,0,0.0,0,0,1,0,5,0,1,0,0.0,0,0,0,5,0.0,0,2.4,0,0,0.0,0,0.0,0.9,68,57,0.1,10,0,0,0,0,1,9,0,0,0,0,0,0,0,0,0,10,0.19999999999999996,10,1.0,10,0,0,0,10,0,0,10,0,1,0,0,0,0,0,10,10,37,3466,3389,290,0,9,46,1.0,2900,0,23177,27,411,2900,30624
2025-07-10,argo,com.grab.sample.dummy,KDummyClass75,method4,1,2,0.0,0,0.0,0,0,1,0,5,0,1,0,0.0,0,0,0,5,0.0,0,2.4,0,0,0.0,0,0.0,0.9,68,57,0.1,10,0,0,0,0,1,9,0,0,0,0,0,0,0,0,0,10,0.19999999999999996,10,1.0,10,0,0,0,10,0,0,10,0,1,0,0,0,0,0,10,10,37,3466,3389,290,0,9,46,1.0,2900,0,23177,27,411,2900,30624
2025-07-10,argo,com.grab.sample.dummy,KDummyClass75,method5,1,2,0.0,0,0.0,0,0,1,0,5,0,1,0,0.0,0,0,0,5,0.0,0,2.4,0,0,0.0,0,0.0,0.9,68,57,0.1,10,0,0,0,0,1,9,0,0,0,0,0,0,0,0,0,10,0.19999999999999996,10,1.0,10,0,0,0,10,0,0,10,0,1,0,0,0,0,0,10,10,37,3466,3389,290,0,9,46,1.0,2900,0,23177,27,411,2900,30624
2025-07-10,argo,com.grab.sample.dummy,KDummyClass75,method6,1,2,0.0,0,0.0,0,0,1,0,5,0,1,0,0.0,0,0,0,5,0.0,0,2.4,0,0,0.0,0,0.0,0.9,68,57,0.1,10,0,0,0,0,1,9,0,0,0,0,0,0,0,0,0,10,0.19999999999999996,10,1.0,10,0,0,0,10,0,0,10,0,1,0,0,0,0,0,10,10,37,3466,3389,290,0,9,46,1.0,2900,0,23177,27,411,2900,30624
2025-07-10,argo,com.grab.sample.dummy,KDummyClass75,method7,1,2,0.0,0,0.0,0,0,1,0,5,0,1,0,0.0,0,0,0,5,0.0,0,2.4,0,0,0.0,0,0.0,0.9,68,57,0.1,10,0,0,0,0,1,9,0,0,0,0,0,0,0,0,0,10,0.19999999999999996,10,1.0,10,0,0,0,10,0,0,10,0,1,0,0,0,0,0,10,10,37,3466,3389,290,0,9,46,1.0,2900,0,23177,27,411,2900,30624
2025-07-10,argo,com.grab.sample.dummy,KDummyClass75,method8,1,2,0.0,0,0.0,0,0,1,0,5,0,1,0,0.0,0,0,0,5,0.0,0,2.4,0,0,0.0,0,0.0,0.9,68,57,0.1,10,0,0,0,0,1,9,0,0,0,0,0,0,0,0,0,10,0.19999999999999996,10,1.0,10,0,0,0,10,0,0,10,0,1,0,0,0,0,0,10,10,37,3466,3389,290,0,9,46,1.0,2900,0,23177,27,411,2900,30624
2025-07-10,argo,com.grab.sample.dummy,KDummyClass75,method9,1,2,0.0,0,0.0,0,0,1,0,5,0,1,0,0.0,0,0,0,5,0.0,0,2.4,0,0,0.0,0,0.0,0.9,68,57,0.1,10,0,0,0,0,1,9,0,0,0,0,0,0,0,0,0,10,0.19999999999999996,10,1.0,10,0,0,0,10,0,0,10,0,1,0,0,0,0,0,10,10,37,3466,3389,290,0,9,46,1.0,2900,0,23177,27,411,2900,30624
2025-07-10,argo,com.grab.sample.dummy,KDummyClass75,method10,1,2,0.0,0,0.0,0,0,1,0,5,0,1,0,0.0,0,0,0,5,0.0,0,2.4,0,0,0.0,0,0.0,0.9,68,57,0.1,10,0,0,0,0,1,9,0,0,0,0,0,0,0,0,0,10,0.19999999999999996,10,1.0,10,0,0,0,10,0,0,10,0,1,0,0,0,0,0,10,10,37,3466,3389,290,0,9,46,1.0,2900,0,23177,27,411,2900,30624
2025-07-10,argo,com.grab.sample.dummy,KDummyClass76,method1,1,0,9.0,0,0.0,0,0,1,0,12,0,1,10,0.0,10,0,9,1,0.0,1,2.0,0,9,0.0,0,0.0,0.9,68,57,0.1,10,0,0,0,0,1,9,0,0,0,0,0,0,0,0,0,10,0.19999999999999996,10,1.0,10,0,0,0,10,0,0,10,0,1,0,0,0,0,0,10,10,37,3466,3389,290,0,9,46,1.0,2900,0,23177,27,411,2900,30624
2025-07-10,argo,com.grab.sample.dummy,KDummyClass76,method2,1,2,0.0,0,0.0,0,0,1,0,5,0,1,0,0.0,0,0,0,5,0.0,0,2.4,0,0,0.0,0,0.0,0.9,68,57,0.1,10,0,0,0,0,1,9,0,0,0,0,0,0,0,0,0,10,0.19999999999999996,10,1.0,10,0,0,0,10,0,0,10,0,1,0,0,0,0,0,10,10,37,3466,3389,290,0,9,46,1.0,2900,0,23177,27,411,2900,30624
2025-07-10,argo,com.grab.sample.dummy,KDummyClass76,method3,1,2,0.0,0,0.0,0,0,1,0,5,0,1,0,0.0,0,0,0,5,0.0,0,2.4,0,0,0.0,0,0.0,0.9,68,57,0.1,10,0,0,0,0,1,9,0,0,0,0,0,0,0,0,0,10,0.19999999999999996,10,1.0,10,0,0,0,10,0,0,10,0,1,0,0,0,0,0,10,10,37,3466,3389,290,0,9,46,1.0,2900,0,23177,27,411,2900,30624
2025-07-10,argo,com.grab.sample.dummy,KDummyClass76,method4,1,2,0.0,0,0.0,0,0,1,0,5,0,1,0,0.0,0,0,0,5,0.0,0,2.4,0,0,0.0,0,0.0,0.9,68,57,0.1,10,0,0,0,0,1,9,0,0,0,0,0,0,0,0,0,10,0.19999999999999996,10,1.0,10,0,0,0,10,0,0,10,0,1,0,0,0,0,0,10,10,37,3466,3389,290,0,9,46,1.0,2900,0,23177,27,411,2900,30624
2025-07-10,argo,com.grab.sample.dummy,KDummyClass76,method5,1,2,0.0,0,0.0,0,0,1,0,5,0,1,0,0.0,0,0,0,5,0.0,0,2.4,0,0,0.0,0,0.0,0.9,68,57,0.1,10,0,0,0,0,1,9,0,0,0,0,0,0,0,0,0,10,0.19999999999999996,10,1.0,10,0,0,0,10,0,0,10,0,1,0,0,0,0,0,10,10,37,3466,3389,290,0,9,46,1.0,2900,0,23177,27,411,2900,30624
2025-07-10,argo,com.grab.sample.dummy,KDummyClass76,method6,1,2,0.0,0,0.0,0,0,1,0,5,0,1,0,0.0,0,0,0,5,0.0,0,2.4,0,0,0.0,0,0.0,0.9,68,57,0.1,10,0,0,0,0,1,9,0,0,0,0,0,0,0,0,0,10,0.19999999999999996,10,1.0,10,0,0,0,10,0,0,10,0,1,0,0,0,0,0,10,10,37,3466,3389,290,0,9,46,1.0,2900,0,23177,27,411,2900,30624
2025-07-10,argo,com.grab.sample.dummy,KDummyClass76,method7,1,2,0.0,0,0.0,0,0,1,0,5,0,1,0,0.0,0,0,0,5,0.0,0,2.4,0,0,0.0,0,0.0,0.9,68,57,0.1,10,0,0,0,0,1,9,0,0,0,0,0,0,0,0,0,10,0.19999999999999996,10,1.0,10,0,0,0,10,0,0,10,0,1,0,0,0,0,0,10,10,37,3466,3389,290,0,9,46,1.0,2900,0,23177,27,411,2900,30624
2025-07-10,argo,com.grab.sample.dummy,KDummyClass76,method8,1,2,0.0,0,0.0,0,0,1,0,5,0,1,0,0.0,0,0,0,5,0.0,0,2.4,0,0,0.0,0,0.0,0.9,68,57,0.1,10,0,0,0,0,1,9,0,0,0,0,0,0,0,0,0,10,0.19999999999999996,10,1.0,10,0,0,0,10,0,0,10,0,1,0,0,0,0,0,10,10,37,3466,3389,290,0,9,46,1.0,2900,0,23177,27,411,2900,30624
2025-07-10,argo,com.grab.sample.dummy,KDummyClass76,method9,1,2,0.0,0,0.0,0,0,1,0,5,0,1,0,0.0,0,0,0,5,0.0,0,2.4,0,0,0.0,0,0.0,0.9,68,57,0.1,10,0,0,0,0,1,9,0,0,0,0,0,0,0,0,0,10,0.19999999999999996,10,1.0,10,0,0,0,10,0,0,10,0,1,0,0,0,0,0,10,10,37,3466,3389,290,0,9,46,1.0,2900,0,23177,27,411,2900,30624
2025-07-10,argo,com.grab.sample.dummy,KDummyClass76,method10,1,2,0.0,0,0.0,0,0,1,0,5,0,1,0,0.0,0,0,0,5,0.0,0,2.4,0,0,0.0,0,0.0,0.9,68,57,0.1,10,0,0,0,0,1,9,0,0,0,0,0,0,0,0,0,10,0.19999999999999996,10,1.0,10,0,0,0,10,0,0,10,0,1,0,0,0,0,0,10,10,37,3466,3389,290,0,9,46,1.0,2900,0,23177,27,411,2900,30624
2025-07-10,argo,com.grab.sample.dummy,KDummyClass77,method1,1,0,9.0,0,0.0,0,0,1,0,12,0,1,10,0.0,10,0,9,1,0.0,1,2.0,0,9,0.0,0,0.0,0.9,68,57,0.1,10,0,0,0,0,1,9,0,0,0,0,0,0,0,0,0,10,0.19999999999999996,10,1.0,10,0,0,0,10,0,0,10,0,1,0,0,0,0,0,10,10,37,3466,3389,290,0,9,46,1.0,2900,0,23177,27,411,2900,30624
2025-07-10,argo,com.grab.sample.dummy,KDummyClass77,method2,1,2,0.0,0,0.0,0,0,1,0,5,0,1,0,0.0,0,0,0,5,0.0,0,2.4,0,0,0.0,0,0.0,0.9,68,57,0.1,10,0,0,0,0,1,9,0,0,0,0,0,0,0,0,0,10,0.19999999999999996,10,1.0,10,0,0,0,10,0,0,10,0,1,0,0,0,0,0,10,10,37,3466,3389,290,0,9,46,1.0,2900,0,23177,27,411,2900,30624
2025-07-10,argo,com.grab.sample.dummy,KDummyClass77,method3,1,2,0.0,0,0.0,0,0,1,0,5,0,1,0,0.0,0,0,0,5,0.0,0,2.4,0,0,0.0,0,0.0,0.9,68,57,0.1,10,0,0,0,0,1,9,0,0,0,0,0,0,0,0,0,10,0.19999999999999996,10,1.0,10,0,0,0,10,0,0,10,0,1,0,0,0,0,0,10,10,37,3466,3389,290,0,9,46,1.0,2900,0,23177,27,411,2900,30624
2025-07-10,argo,com.grab.sample.dummy,KDummyClass77,method4,1,2,0.0,0,0.0,0,0,1,0,5,0,1,0,0.0,0,0,0,5,0.0,0,2.4,0,0,0.0,0,0.0,0.9,68,57,0.1,10,0,0,0,0,1,9,0,0,0,0,0,0,0,0,0,10,0.19999999999999996,10,1.0,10,0,0,0,10,0,0,10,0,1,0,0,0,0,0,10,10,37,3466,3389,290,0,9,46,1.0,2900,0,23177,27,411,2900,30624
2025-07-10,argo,com.grab.sample.dummy,KDummyClass77,method5,1,2,0.0,0,0.0,0,0,1,0,5,0,1,0,0.0,0,0,0,5,0.0,0,2.4,0,0,0.0,0,0.0,0.9,68,57,0.1,10,0,0,0,0,1,9,0,0,0,0,0,0,0,0,0,10,0.19999999999999996,10,1.0,10,0,0,0,10,0,0,10,0,1,0,0,0,0,0,10,10,37,3466,3389,290,0,9,46,1.0,2900,0,23177,27,411,2900,30624
2025-07-10,argo,com.grab.sample.dummy,KDummyClass77,method6,1,2,0.0,0,0.0,0,0,1,0,5,0,1,0,0.0,0,0,0,5,0.0,0,2.4,0,0,0.0,0,0.0,0.9,68,57,0.1,10,0,0,0,0,1,9,0,0,0,0,0,0,0,0,0,10,0.19999999999999996,10,1.0,10,0,0,0,10,0,0,10,0,1,0,0,0,0,0,10,10,37,3466,3389,290,0,9,46,1.0,2900,0,23177,27,411,2900,30624
2025-07-10,argo,com.grab.sample.dummy,KDummyClass77,method7,1,2,0.0,0,0.0,0,0,1,0,5,0,1,0,0.0,0,0,0,5,0.0,0,2.4,0,0,0.0,0,0.0,0.9,68,57,0.1,10,0,0,0,0,1,9,0,0,0,0,0,0,0,0,0,10,0.19999999999999996,10,1.0,10,0,0,0,10,0,0,10,0,1,0,0,0,0,0,10,10,37,3466,3389,290,0,9,46,1.0,2900,0,23177,27,411,2900,30624
2025-07-10,argo,com.grab.sample.dummy,KDummyClass77,method8,1,2,0.0,0,0.0,0,0,1,0,5,0,1,0,0.0,0,0,0,5,0.0,0,2.4,0,0,0.0,0,0.0,0.9,68,57,0.1,10,0,0,0,0,1,9,0,0,0,0,0,0,0,0,0,10,0.19999999999999996,10,1.0,10,0,0,0,10,0,0,10,0,1,0,0,0,0,0,10,10,37,3466,3389,290,0,9,46,1.0,2900,0,23177,27,411,2900,30624
2025-07-10,argo,com.grab.sample.dummy,KDummyClass77,method9,1,2,0.0,0,0.0,0,0,1,0,5,0,1,0,0.0,0,0,0,5,0.0,0,2.4,0,0,0.0,0,0.0,0.9,68,57,0.1,10,0,0,0,0,1,9,0,0,0,0,0,0,0,0,0,10,0.19999999999999996,10,1.0,10,0,0,0,10,0,0,10,0,1,0,0,0,0,0,10,10,37,3466,3389,290,0,9,46,1.0,2900,0,23177,27,411,2900,30624
2025-07-10,argo,com.grab.sample.dummy,KDummyClass77,method10,1,2,0.0,0,0.0,0,0,1,0,5,0,1,0,0.0,0,0,0,5,0.0,0,2.4,0,0,0.0,0,0.0,0.9,68,57,0.1,10,0,0,0,0,1,9,0,0,0,0,0,0,0,0,0,10,0.19999999999999996,10,1.0,10,0,0,0,10,0,0,10,0,1,0,0,0,0,0,10,10,37,3466,3389,290,0,9,46,1.0,2900,0,23177,27,411,2900,30624
2025-07-10,argo,com.grab.sample.dummy,KDummyClass78,method1,1,0,9.0,0,0.0,0,0,1,0,12,0,1,10,0.0,10,0,9,1,0.0,1,2.0,0,9,0.0,0,0.0,0.9,68,57,0.1,10,0,0,0,0,1,9,0,0,0,0,0,0,0,0,0,10,0.19999999999999996,10,1.0,10,0,0,0,10,0,0,10,0,1,0,0,0,0,0,10,10,37,3466,3389,290,0,9,46,1.0,2900,0,23177,27,411,2900,30624
2025-07-10,argo,com.grab.sample.dummy,KDummyClass78,method2,1,2,0.0,0,0.0,0,0,1,0,5,0,1,0,0.0,0,0,0,5,0.0,0,2.4,0,0,0.0,0,0.0,0.9,68,57,0.1,10,0,0,0,0,1,9,0,0,0,0,0,0,0,0,0,10,0.19999999999999996,10,1.0,10,0,0,0,10,0,0,10,0,1,0,0,0,0,0,10,10,37,3466,3389,290,0,9,46,1.0,2900,0,23177,27,411,2900,30624
2025-07-10,argo,com.grab.sample.dummy,KDummyClass78,method3,1,2,0.0,0,0.0,0,0,1,0,5,0,1,0,0.0,0,0,0,5,0.0,0,2.4,0,0,0.0,0,0.0,0.9,68,57,0.1,10,0,0,0,0,1,9,0,0,0,0,0,0,0,0,0,10,0.19999999999999996,10,1.0,10,0,0,0,10,0,0,10,0,1,0,0,0,0,0,10,10,37,3466,3389,290,0,9,46,1.0,2900,0,23177,27,411,2900,30624
2025-07-10,argo,com.grab.sample.dummy,KDummyClass78,method4,1,2,0.0,0,0.0,0,0,1,0,5,0,1,0,0.0,0,0,0,5,0.0,0,2.4,0,0,0.0,0,0.0,0.9,68,57,0.1,10,0,0,0,0,1,9,0,0,0,0,0,0,0,0,0,10,0.19999999999999996,10,1.0,10,0,0,0,10,0,0,10,0,1,0,0,0,0,0,10,10,37,3466,3389,290,0,9,46,1.0,2900,0,23177,27,411,2900,30624
2025-07-10,argo,com.grab.sample.dummy,KDummyClass78,method5,1,2,0.0,0,0.0,0,0,1,0,5,0,1,0,0.0,0,0,0,5,0.0,0,2.4,0,0,0.0,0,0.0,0.9,68,57,0.1,10,0,0,0,0,1,9,0,0,0,0,0,0,0,0,0,10,0.19999999999999996,10,1.0,10,0,0,0,10,0,0,10,0,1,0,0,0,0,0,10,10,37,3466,3389,290,0,9,46,1.0,2900,0,23177,27,411,2900,30624
2025-07-10,argo,com.grab.sample.dummy,KDummyClass78,method6,1,2,0.0,0,0.0,0,0,1,0,5,0,1,0,0.0,0,0,0,5,0.0,0,2.4,0,0,0.0,0,0.0,0.9,68,57,0.1,10,0,0,0,0,1,9,0,0,0,0,0,0,0,0,0,10,0.19999999999999996,10,1.0,10,0,0,0,10,0,0,10,0,1,0,0,0,0,0,10,10,37,3466,3389,290,0,9,46,1.0,2900,0,23177,27,411,2900,30624
2025-07-10,argo,com.grab.sample.dummy,KDummyClass78,method7,1,2,0.0,0,0.0,0,0,1,0,5,0,1,0,0.0,0,0,0,5,0.0,0,2.4,0,0,0.0,0,0.0,0.9,68,57,0.1,10,0,0,0,0,1,9,0,0,0,0,0,0,0,0,0,10,0.19999999999999996,10,1.0,10,0,0,0,10,0,0,10,0,1,0,0,0,0,0,10,10,37,3466,3389,290,0,9,46,1.0,2900,0,23177,27,411,2900,30624
2025-07-10,argo,com.grab.sample.dummy,KDummyClass78,method8,1,2,0.0,0,0.0,0,0,1,0,5,0,1,0,0.0,0,0,0,5,0.0,0,2.4,0,0,0.0,0,0.0,0.9,68,57,0.1,10,0,0,0,0,1,9,0,0,0,0,0,0,0,0,0,10,0.19999999999999996,10,1.0,10,0,0,0,10,0,0,10,0,1,0,0,0,0,0,10,10,37,3466,3389,290,0,9,46,1.0,2900,0,23177,27,411,2900,30624
2025-07-10,argo,com.grab.sample.dummy,KDummyClass78,method9,1,2,0.0,0,0.0,0,0,1,0,5,0,1,0,0.0,0,0,0,5,0.0,0,2.4,0,0,0.0,0,0.0,0.9,68,57,0.1,10,0,0,0,0,1,9,0,0,0,0,0,0,0,0,0,10,0.19999999999999996,10,1.0,10,0,0,0,10,0,0,10,0,1,0,0,0,0,0,10,10,37,3466,3389,290,0,9,46,1.0,2900,0,23177,27,411,2900,30624
2025-07-10,argo,com.grab.sample.dummy,KDummyClass78,method10,1,2,0.0,0,0.0,0,0,1,0,5,0,1,0,0.0,0,0,0,5,0.0,0,2.4,0,0,0.0,0,0.0,0.9,68,57,0.1,10,0,0,0,0,1,9,0,0,0,0,0,0,0,0,0,10,0.19999999999999996,10,1.0,10,0,0,0,10,0,0,10,0,1,0,0,0,0,0,10,10,37,3466,3389,290,0,9,46,1.0,2900,0,23177,27,411,2900,30624
2025-07-10,argo,com.grab.sample.dummy,KDummyClass79,method1,1,0,9.0,0,0.0,0,0,1,0,12,0,1,10,0.0,10,0,9,1,0.0,1,2.0,0,9,0.0,0,0.0,0.9,68,57,0.1,10,0,0,0,0,1,9,0,0,0,0,0,0,0,0,0,10,0.19999999999999996,10,1.0,10,0,0,0,10,0,0,10,0,1,0,0,0,0,0,10,10,37,3466,3389,290,0,9,46,1.0,2900,0,23177,27,411,2900,30624
2025-07-10,argo,com.grab.sample.dummy,KDummyClass79,method2,1,2,0.0,0,0.0,0,0,1,0,5,0,1,0,0.0,0,0,0,5,0.0,0,2.4,0,0,0.0,0,0.0,0.9,68,57,0.1,10,0,0,0,0,1,9,0,0,0,0,0,0,0,0,0,10,0.19999999999999996,10,1.0,10,0,0,0,10,0,0,10,0,1,0,0,0,0,0,10,10,37,3466,3389,290,0,9,46,1.0,2900,0,23177,27,411,2900,30624
2025-07-10,argo,com.grab.sample.dummy,KDummyClass79,method3,1,2,0.0,0,0.0,0,0,1,0,5,0,1,0,0.0,0,0,0,5,0.0,0,2.4,0,0,0.0,0,0.0,0.9,68,57,0.1,10,0,0,0,0,1,9,0,0,0,0,0,0,0,0,0,10,0.19999999999999996,10,1.0,10,0,0,0,10,0,0,10,0,1,0,0,0,0,0,10,10,37,3466,3389,290,0,9,46,1.0,2900,0,23177,27,411,2900,30624
2025-07-10,argo,com.grab.sample.dummy,KDummyClass79,method4,1,2,0.0,0,0.0,0,0,1,0,5,0,1,0,0.0,0,0,0,5,0.0,0,2.4,0,0,0.0,0,0.0,0.9,68,57,0.1,10,0,0,0,0,1,9,0,0,0,0,0,0,0,0,0,10,0.19999999999999996,10,1.0,10,0,0,0,10,0,0,10,0,1,0,0,0,0,0,10,10,37,3466,3389,290,0,9,46,1.0,2900,0,23177,27,411,2900,30624
2025-07-10,argo,com.grab.sample.dummy,KDummyClass79,method5,1,2,0.0,0,0.0,0,0,1,0,5,0,1,0,0.0,0,0,0,5,0.0,0,2.4,0,0,0.0,0,0.0,0.9,68,57,0.1,10,0,0,0,0,1,9,0,0,0,0,0,0,0,0,0,10,0.19999999999999996,10,1.0,10,0,0,0,10,0,0,10,0,1,0,0,0,0,0,10,10,37,3466,3389,290,0,9,46,1.0,2900,0,23177,27,411,2900,30624
2025-07-10,argo,com.grab.sample.dummy,KDummyClass79,method6,1,2,0.0,0,0.0,0,0,1,0,5,0,1,0,0.0,0,0,0,5,0.0,0,2.4,0,0,0.0,0,0.0,0.9,68,57,0.1,10,0,0,0,0,1,9,0,0,0,0,0,0,0,0,0,10,0.19999999999999996,10,1.0,10,0,0,0,10,0,0,10,0,1,0,0,0,0,0,10,10,37,3466,3389,290,0,9,46,1.0,2900,0,23177,27,411,2900,30624
2025-07-10,argo,com.grab.sample.dummy,KDummyClass79,method7,1,2,0.0,0,0.0,0,0,1,0,5,0,1,0,0.0,0,0,0,5,0.0,0,2.4,0,0,0.0,0,0.0,0.9,68,57,0.1,10,0,0,0,0,1,9,0,0,0,0,0,0,0,0,0,10,0.19999999999999996,10,1.0,10,0,0,0,10,0,0,10,0,1,0,0,0,0,0,10,10,37,3466,3389,290,0,9,46,1.0,2900,0,23177,27,411,2900,30624
2025-07-10,argo,com.grab.sample.dummy,KDummyClass79,method8,1,2,0.0,0,0.0,0,0,1,0,5,0,1,0,0.0,0,0,0,5,0.0,0,2.4,0,0,0.0,0,0.0,0.9,68,57,0.1,10,0,0,0,0,1,9,0,0,0,0,0,0,0,0,0,10,0.19999999999999996,10,1.0,10,0,0,0,10,0,0,10,0,1,0,0,0,0,0,10,10,37,3466,3389,290,0,9,46,1.0,2900,0,23177,27,411,2900,30624
2025-07-10,argo,com.grab.sample.dummy,KDummyClass79,method9,1,2,0.0,0,0.0,0,0,1,0,5,0,1,0,0.0,0,0,0,5,0.0,0,2.4,0,0,0.0,0,0.0,0.9,68,57,0.1,10,0,0,0,0,1,9,0,0,0,0,0,0,0,0,0,10,0.19999999999999996,10,1.0,10,0,0,0,10,0,0,10,0,1,0,0,0,0,0,10,10,37,3466,3389,290,0,9,46,1.0,2900,0,23177,27,411,2900,30624
2025-07-10,argo,com.grab.sample.dummy,KDummyClass79,method10,1,2,0.0,0,0.0,0,0,1,0,5,0,1,0,0.0,0,0,0,5,0.0,0,2.4,0,0,0.0,0,0.0,0.9,68,57,0.1,10,0,0,0,0,1,9,0,0,0,0,0,0,0,0,0,10,0.19999999999999996,10,1.0,10,0,0,0,10,0,0,10,0,1,0,0,0,0,0,10,10,37,3466,3389,290,0,9,46,1.0,2900,0,23177,27,411,2900,30624
2025-07-10,argo,com.grab.sample.dummy,KDummyClass8,method1,1,0,9.0,0,0.0,0,0,1,0,12,0,1,10,0.0,10,0,9,1,0.0,1,2.0,0,9,0.0,0,0.0,0.9,68,57,0.1,10,0,0,0,0,1,9,0,0,0,0,0,0,0,0,0,10,0.19999999999999996,10,1.0,10,0,0,0,10,0,0,10,0,1,0,0,0,0,0,10,10,37,3466,3389,290,0,9,46,1.0,2900,0,23177,27,411,2900,30624
2025-07-10,argo,com.grab.sample.dummy,KDummyClass8,method2,1,2,0.0,0,0.0,0,0,1,0,5,0,1,0,0.0,0,0,0,5,0.0,0,2.4,0,0,0.0,0,0.0,0.9,68,57,0.1,10,0,0,0,0,1,9,0,0,0,0,0,0,0,0,0,10,0.19999999999999996,10,1.0,10,0,0,0,10,0,0,10,0,1,0,0,0,0,0,10,10,37,3466,3389,290,0,9,46,1.0,2900,0,23177,27,411,2900,30624
2025-07-10,argo,com.grab.sample.dummy,KDummyClass8,method3,1,2,0.0,0,0.0,0,0,1,0,5,0,1,0,0.0,0,0,0,5,0.0,0,2.4,0,0,0.0,0,0.0,0.9,68,57,0.1,10,0,0,0,0,1,9,0,0,0,0,0,0,0,0,0,10,0.19999999999999996,10,1.0,10,0,0,0,10,0,0,10,0,1,0,0,0,0,0,10,10,37,3466,3389,290,0,9,46,1.0,2900,0,23177,27,411,2900,30624
2025-07-10,argo,com.grab.sample.dummy,KDummyClass8,method4,1,2,0.0,0,0.0,0,0,1,0,5,0,1,0,0.0,0,0,0,5,0.0,0,2.4,0,0,0.0,0,0.0,0.9,68,57,0.1,10,0,0,0,0,1,9,0,0,0,0,0,0,0,0,0,10,0.19999999999999996,10,1.0,10,0,0,0,10,0,0,10,0,1,0,0,0,0,0,10,10,37,3466,3389,290,0,9,46,1.0,2900,0,23177,27,411,2900,30624
2025-07-10,argo,com.grab.sample.dummy,KDummyClass8,method5,1,2,0.0,0,0.0,0,0,1,0,5,0,1,0,0.0,0,0,0,5,0.0,0,2.4,0,0,0.0,0,0.0,0.9,68,57,0.1,10,0,0,0,0,1,9,0,0,0,0,0,0,0,0,0,10,0.19999999999999996,10,1.0,10,0,0,0,10,0,0,10,0,1,0,0,0,0,0,10,10,37,3466,3389,290,0,9,46,1.0,2900,0,23177,27,411,2900,30624
2025-07-10,argo,com.grab.sample.dummy,KDummyClass8,method6,1,2,0.0,0,0.0,0,0,1,0,5,0,1,0,0.0,0,0,0,5,0.0,0,2.4,0,0,0.0,0,0.0,0.9,68,57,0.1,10,0,0,0,0,1,9,0,0,0,0,0,0,0,0,0,10,0.19999999999999996,10,1.0,10,0,0,0,10,0,0,10,0,1,0,0,0,0,0,10,10,37,3466,3389,290,0,9,46,1.0,2900,0,23177,27,411,2900,30624
2025-07-10,argo,com.grab.sample.dummy,KDummyClass8,method7,1,2,0.0,0,0.0,0,0,1,0,5,0,1,0,0.0,0,0,0,5,0.0,0,2.4,0,0,0.0,0,0.0,0.9,68,57,0.1,10,0,0,0,0,1,9,0,0,0,0,0,0,0,0,0,10,0.19999999999999996,10,1.0,10,0,0,0,10,0,0,10,0,1,0,0,0,0,0,10,10,37,3466,3389,290,0,9,46,1.0,2900,0,23177,27,411,2900,30624
2025-07-10,argo,com.grab.sample.dummy,KDummyClass8,method8,1,2,0.0,0,0.0,0,0,1,0,5,0,1,0,0.0,0,0,0,5,0.0,0,2.4,0,0,0.0,0,0.0,0.9,68,57,0.1,10,0,0,0,0,1,9,0,0,0,0,0,0,0,0,0,10,0.19999999999999996,10,1.0,10,0,0,0,10,0,0,10,0,1,0,0,0,0,0,10,10,37,3466,3389,290,0,9,46,1.0,2900,0,23177,27,411,2900,30624
2025-07-10,argo,com.grab.sample.dummy,KDummyClass8,method9,1,2,0.0,0,0.0,0,0,1,0,5,0,1,0,0.0,0,0,0,5,0.0,0,2.4,0,0,0.0,0,0.0,0.9,68,57,0.1,10,0,0,0,0,1,9,0,0,0,0,0,0,0,0,0,10,0.19999999999999996,10,1.0,10,0,0,0,10,0,0,10,0,1,0,0,0,0,0,10,10,37,3466,3389,290,0,9,46,1.0,2900,0,23177,27,411,2900,30624
2025-07-10,argo,com.grab.sample.dummy,KDummyClass8,method10,1,2,0.0,0,0.0,0,0,1,0,5,0,1,0,0.0,0,0,0,5,0.0,0,2.4,0,0,0.0,0,0.0,0.9,68,57,0.1,10,0,0,0,0,1,9,0,0,0,0,0,0,0,0,0,10,0.19999999999999996,10,1.0,10,0,0,0,10,0,0,10,0,1,0,0,0,0,0,10,10,37,3466,3389,290,0,9,46,1.0,2900,0,23177,27,411,2900,30624
2025-07-10,argo,com.grab.sample.dummy,KDummyClass80,method1,1,0,9.0,0,0.0,0,0,1,0,12,0,1,10,0.0,10,0,9,1,0.0,1,2.0,0,9,0.0,0,0.0,0.9,68,57,0.1,10,0,0,0,0,1,9,0,0,0,0,0,0,0,0,0,10,0.19999999999999996,10,1.0,10,0,0,0,10,0,0,10,0,1,0,0,0,0,0,10,10,37,3466,3389,290,0,9,46,1.0,2900,0,23177,27,411,2900,30624
2025-07-10,argo,com.grab.sample.dummy,KDummyClass80,method2,1,2,0.0,0,0.0,0,0,1,0,5,0,1,0,0.0,0,0,0,5,0.0,0,2.4,0,0,0.0,0,0.0,0.9,68,57,0.1,10,0,0,0,0,1,9,0,0,0,0,0,0,0,0,0,10,0.19999999999999996,10,1.0,10,0,0,0,10,0,0,10,0,1,0,0,0,0,0,10,10,37,3466,3389,290,0,9,46,1.0,2900,0,23177,27,411,2900,30624
2025-07-10,argo,com.grab.sample.dummy,KDummyClass80,method3,1,2,0.0,0,0.0,0,0,1,0,5,0,1,0,0.0,0,0,0,5,0.0,0,2.4,0,0,0.0,0,0.0,0.9,68,57,0.1,10,0,0,0,0,1,9,0,0,0,0,0,0,0,0,0,10,0.19999999999999996,10,1.0,10,0,0,0,10,0,0,10,0,1,0,0,0,0,0,10,10,37,3466,3389,290,0,9,46,1.0,2900,0,23177,27,411,2900,30624
2025-07-10,argo,com.grab.sample.dummy,KDummyClass80,method4,1,2,0.0,0,0.0,0,0,1,0,5,0,1,0,0.0,0,0,0,5,0.0,0,2.4,0,0,0.0,0,0.0,0.9,68,57,0.1,10,0,0,0,0,1,9,0,0,0,0,0,0,0,0,0,10,0.19999999999999996,10,1.0,10,0,0,0,10,0,0,10,0,1,0,0,0,0,0,10,10,37,3466,3389,290,0,9,46,1.0,2900,0,23177,27,411,2900,30624
2025-07-10,argo,com.grab.sample.dummy,KDummyClass80,method5,1,2,0.0,0,0.0,0,0,1,0,5,0,1,0,0.0,0,0,0,5,0.0,0,2.4,0,0,0.0,0,0.0,0.9,68,57,0.1,10,0,0,0,0,1,9,0,0,0,0,0,0,0,0,0,10,0.19999999999999996,10,1.0,10,0,0,0,10,0,0,10,0,1,0,0,0,0,0,10,10,37,3466,3389,290,0,9,46,1.0,2900,0,23177,27,411,2900,30624
2025-07-10,argo,com.grab.sample.dummy,KDummyClass80,method6,1,2,0.0,0,0.0,0,0,1,0,5,0,1,0,0.0,0,0,0,5,0.0,0,2.4,0,0,0.0,0,0.0,0.9,68,57,0.1,10,0,0,0,0,1,9,0,0,0,0,0,0,0,0,0,10,0.19999999999999996,10,1.0,10,0,0,0,10,0,0,10,0,1,0,0,0,0,0,10,10,37,3466,3389,290,0,9,46,1.0,2900,0,23177,27,411,2900,30624
2025-07-10,argo,com.grab.sample.dummy,KDummyClass80,method7,1,2,0.0,0,0.0,0,0,1,0,5,0,1,0,0.0,0,0,0,5,0.0,0,2.4,0,0,0.0,0,0.0,0.9,68,57,0.1,10,0,0,0,0,1,9,0,0,0,0,0,0,0,0,0,10,0.19999999999999996,10,1.0,10,0,0,0,10,0,0,10,0,1,0,0,0,0,0,10,10,37,3466,3389,290,0,9,46,1.0,2900,0,23177,27,411,2900,30624
2025-07-10,argo,com.grab.sample.dummy,KDummyClass80,method8,1,2,0.0,0,0.0,0,0,1,0,5,0,1,0,0.0,0,0,0,5,0.0,0,2.4,0,0,0.0,0,0.0,0.9,68,57,0.1,10,0,0,0,0,1,9,0,0,0,0,0,0,0,0,0,10,0.19999999999999996,10,1.0,10,0,0,0,10,0,0,10,0,1,0,0,0,0,0,10,10,37,3466,3389,290,0,9,46,1.0,2900,0,23177,27,411,2900,30624
2025-07-10,argo,com.grab.sample.dummy,KDummyClass80,method9,1,2,0.0,0,0.0,0,0,1,0,5,0,1,0,0.0,0,0,0,5,0.0,0,2.4,0,0,0.0,0,0.0,0.9,68,57,0.1,10,0,0,0,0,1,9,0,0,0,0,0,0,0,0,0,10,0.19999999999999996,10,1.0,10,0,0,0,10,0,0,10,0,1,0,0,0,0,0,10,10,37,3466,3389,290,0,9,46,1.0,2900,0,23177,27,411,2900,30624
2025-07-10,argo,com.grab.sample.dummy,KDummyClass80,method10,1,2,0.0,0,0.0,0,0,1,0,5,0,1,0,0.0,0,0,0,5,0.0,0,2.4,0,0,0.0,0,0.0,0.9,68,57,0.1,10,0,0,0,0,1,9,0,0,0,0,0,0,0,0,0,10,0.19999999999999996,10,1.0,10,0,0,0,10,0,0,10,0,1,0,0,0,0,0,10,10,37,3466,3389,290,0,9,46,1.0,2900,0,23177,27,411,2900,30624
2025-07-10,argo,com.grab.sample.dummy,KDummyClass81,method1,1,0,9.0,0,0.0,0,0,1,0,12,0,1,10,0.0,10,0,9,1,0.0,1,2.0,0,9,0.0,0,0.0,0.9,68,57,0.1,10,0,0,0,0,1,9,0,0,0,0,0,0,0,0,0,10,0.19999999999999996,10,1.0,10,0,0,0,10,0,0,10,0,1,0,0,0,0,0,10,10,37,3466,3389,290,0,9,46,1.0,2900,0,23177,27,411,2900,30624
2025-07-10,argo,com.grab.sample.dummy,KDummyClass81,method2,1,2,0.0,0,0.0,0,0,1,0,5,0,1,0,0.0,0,0,0,5,0.0,0,2.4,0,0,0.0,0,0.0,0.9,68,57,0.1,10,0,0,0,0,1,9,0,0,0,0,0,0,0,0,0,10,0.19999999999999996,10,1.0,10,0,0,0,10,0,0,10,0,1,0,0,0,0,0,10,10,37,3466,3389,290,0,9,46,1.0,2900,0,23177,27,411,2900,30624
2025-07-10,argo,com.grab.sample.dummy,KDummyClass81,method3,1,2,0.0,0,0.0,0,0,1,0,5,0,1,0,0.0,0,0,0,5,0.0,0,2.4,0,0,0.0,0,0.0,0.9,68,57,0.1,10,0,0,0,0,1,9,0,0,0,0,0,0,0,0,0,10,0.19999999999999996,10,1.0,10,0,0,0,10,0,0,10,0,1,0,0,0,0,0,10,10,37,3466,3389,290,0,9,46,1.0,2900,0,23177,27,411,2900,30624
2025-07-10,argo,com.grab.sample.dummy,KDummyClass81,method4,1,2,0.0,0,0.0,0,0,1,0,5,0,1,0,0.0,0,0,0,5,0.0,0,2.4,0,0,0.0,0,0.0,0.9,68,57,0.1,10,0,0,0,0,1,9,0,0,0,0,0,0,0,0,0,10,0.19999999999999996,10,1.0,10,0,0,0,10,0,0,10,0,1,0,0,0,0,0,10,10,37,3466,3389,290,0,9,46,1.0,2900,0,23177,27,411,2900,30624
2025-07-10,argo,com.grab.sample.dummy,KDummyClass81,method5,1,2,0.0,0,0.0,0,0,1,0,5,0,1,0,0.0,0,0,0,5,0.0,0,2.4,0,0,0.0,0,0.0,0.9,68,57,0.1,10,0,0,0,0,1,9,0,0,0,0,0,0,0,0,0,10,0.19999999999999996,10,1.0,10,0,0,0,10,0,0,10,0,1,0,0,0,0,0,10,10,37,3466,3389,290,0,9,46,1.0,2900,0,23177,27,411,2900,30624
2025-07-10,argo,com.grab.sample.dummy,KDummyClass81,method6,1,2,0.0,0,0.0,0,0,1,0,5,0,1,0,0.0,0,0,0,5,0.0,0,2.4,0,0,0.0,0,0.0,0.9,68,57,0.1,10,0,0,0,0,1,9,0,0,0,0,0,0,0,0,0,10,0.19999999999999996,10,1.0,10,0,0,0,10,0,0,10,0,1,0,0,0,0,0,10,10,37,3466,3389,290,0,9,46,1.0,2900,0,23177,27,411,2900,30624
2025-07-10,argo,com.grab.sample.dummy,KDummyClass81,method7,1,2,0.0,0,0.0,0,0,1,0,5,0,1,0,0.0,0,0,0,5,0.0,0,2.4,0,0,0.0,0,0.0,0.9,68,57,0.1,10,0,0,0,0,1,9,0,0,0,0,0,0,0,0,0,10,0.19999999999999996,10,1.0,10,0,0,0,10,0,0,10,0,1,0,0,0,0,0,10,10,37,3466,3389,290,0,9,46,1.0,2900,0,23177,27,411,2900,30624
2025-07-10,argo,com.grab.sample.dummy,KDummyClass81,method8,1,2,0.0,0,0.0,0,0,1,0,5,0,1,0,0.0,0,0,0,5,0.0,0,2.4,0,0,0.0,0,0.0,0.9,68,57,0.1,10,0,0,0,0,1,9,0,0,0,0,0,0,0,0,0,10,0.19999999999999996,10,1.0,10,0,0,0,10,0,0,10,0,1,0,0,0,0,0,10,10,37,3466,3389,290,0,9,46,1.0,2900,0,23177,27,411,2900,30624
2025-07-10,argo,com.grab.sample.dummy,KDummyClass81,method9,1,2,0.0,0,0.0,0,0,1,0,5,0,1,0,0.0,0,0,0,5,0.0,0,2.4,0,0,0.0,0,0.0,0.9,68,57,0.1,10,0,0,0,0,1,9,0,0,0,0,0,0,0,0,0,10,0.19999999999999996,10,1.0,10,0,0,0,10,0,0,10,0,1,0,0,0,0,0,10,10,37,3466,3389,290,0,9,46,1.0,2900,0,23177,27,411,2900,30624
2025-07-10,argo,com.grab.sample.dummy,KDummyClass81,method10,1,2,0.0,0,0.0,0,0,1,0,5,0,1,0,0.0,0,0,0,5,0.0,0,2.4,0,0,0.0,0,0.0,0.9,68,57,0.1,10,0,0,0,0,1,9,0,0,0,0,0,0,0,0,0,10,0.19999999999999996,10,1.0,10,0,0,0,10,0,0,10,0,1,0,0,0,0,0,10,10,37,3466,3389,290,0,9,46,1.0,2900,0,23177,27,411,2900,30624
2025-07-10,argo,com.grab.sample.dummy,KDummyClass82,method1,1,0,9.0,0,0.0,0,0,1,0,12,0,1,10,0.0,10,0,9,1,0.0,1,2.0,0,9,0.0,0,0.0,0.9,68,57,0.1,10,0,0,0,0,1,9,0,0,0,0,0,0,0,0,0,10,0.19999999999999996,10,1.0,10,0,0,0,10,0,0,10,0,1,0,0,0,0,0,10,10,37,3466,3389,290,0,9,46,1.0,2900,0,23177,27,411,2900,30624
2025-07-10,argo,com.grab.sample.dummy,KDummyClass82,method2,1,2,0.0,0,0.0,0,0,1,0,5,0,1,0,0.0,0,0,0,5,0.0,0,2.4,0,0,0.0,0,0.0,0.9,68,57,0.1,10,0,0,0,0,1,9,0,0,0,0,0,0,0,0,0,10,0.19999999999999996,10,1.0,10,0,0,0,10,0,0,10,0,1,0,0,0,0,0,10,10,37,3466,3389,290,0,9,46,1.0,2900,0,23177,27,411,2900,30624
2025-07-10,argo,com.grab.sample.dummy,KDummyClass82,method3,1,2,0.0,0,0.0,0,0,1,0,5,0,1,0,0.0,0,0,0,5,0.0,0,2.4,0,0,0.0,0,0.0,0.9,68,57,0.1,10,0,0,0,0,1,9,0,0,0,0,0,0,0,0,0,10,0.19999999999999996,10,1.0,10,0,0,0,10,0,0,10,0,1,0,0,0,0,0,10,10,37,3466,3389,290,0,9,46,1.0,2900,0,23177,27,411,2900,30624
2025-07-10,argo,com.grab.sample.dummy,KDummyClass82,method4,1,2,0.0,0,0.0,0,0,1,0,5,0,1,0,0.0,0,0,0,5,0.0,0,2.4,0,0,0.0,0,0.0,0.9,68,57,0.1,10,0,0,0,0,1,9,0,0,0,0,0,0,0,0,0,10,0.19999999999999996,10,1.0,10,0,0,0,10,0,0,10,0,1,0,0,0,0,0,10,10,37,3466,3389,290,0,9,46,1.0,2900,0,23177,27,411,2900,30624
2025-07-10,argo,com.grab.sample.dummy,KDummyClass82,method5,1,2,0.0,0,0.0,0,0,1,0,5,0,1,0,0.0,0,0,0,5,0.0,0,2.4,0,0,0.0,0,0.0,0.9,68,57,0.1,10,0,0,0,0,1,9,0,0,0,0,0,0,0,0,0,10,0.19999999999999996,10,1.0,10,0,0,0,10,0,0,10,0,1,0,0,0,0,0,10,10,37,3466,3389,290,0,9,46,1.0,2900,0,23177,27,411,2900,30624
2025-07-10,argo,com.grab.sample.dummy,KDummyClass82,method6,1,2,0.0,0,0.0,0,0,1,0,5,0,1,0,0.0,0,0,0,5,0.0,0,2.4,0,0,0.0,0,0.0,0.9,68,57,0.1,10,0,0,0,0,1,9,0,0,0,0,0,0,0,0,0,10,0.19999999999999996,10,1.0,10,0,0,0,10,0,0,10,0,1,0,0,0,0,0,10,10,37,3466,3389,290,0,9,46,1.0,2900,0,23177,27,411,2900,30624
2025-07-10,argo,com.grab.sample.dummy,KDummyClass82,method7,1,2,0.0,0,0.0,0,0,1,0,5,0,1,0,0.0,0,0,0,5,0.0,0,2.4,0,0,0.0,0,0.0,0.9,68,57,0.1,10,0,0,0,0,1,9,0,0,0,0,0,0,0,0,0,10,0.19999999999999996,10,1.0,10,0,0,0,10,0,0,10,0,1,0,0,0,0,0,10,10,37,3466,3389,290,0,9,46,1.0,2900,0,23177,27,411,2900,30624
2025-07-10,argo,com.grab.sample.dummy,KDummyClass82,method8,1,2,0.0,0,0.0,0,0,1,0,5,0,1,0,0.0,0,0,0,5,0.0,0,2.4,0,0,0.0,0,0.0,0.9,68,57,0.1,10,0,0,0,0,1,9,0,0,0,0,0,0,0,0,0,10,0.19999999999999996,10,1.0,10,0,0,0,10,0,0,10,0,1,0,0,0,0,0,10,10,37,3466,3389,290,0,9,46,1.0,2900,0,23177,27,411,2900,30624
2025-07-10,argo,com.grab.sample.dummy,KDummyClass82,method9,1,2,0.0,0,0.0,0,0,1,0,5,0,1,0,0.0,0,0,0,5,0.0,0,2.4,0,0,0.0,0,0.0,0.9,68,57,0.1,10,0,0,0,0,1,9,0,0,0,0,0,0,0,0,0,10,0.19999999999999996,10,1.0,10,0,0,0,10,0,0,10,0,1,0,0,0,0,0,10,10,37,3466,3389,290,0,9,46,1.0,2900,0,23177,27,411,2900,30624
2025-07-10,argo,com.grab.sample.dummy,KDummyClass82,method10,1,2,0.0,0,0.0,0,0,1,0,5,0,1,0,0.0,0,0,0,5,0.0,0,2.4,0,0,0.0,0,0.0,0.9,68,57,0.1,10,0,0,0,0,1,9,0,0,0,0,0,0,0,0,0,10,0.19999999999999996,10,1.0,10,0,0,0,10,0,0,10,0,1,0,0,0,0,0,10,10,37,3466,3389,290,0,9,46,1.0,2900,0,23177,27,411,2900,30624
2025-07-10,argo,com.grab.sample.dummy,KDummyClass83,method1,1,0,9.0,0,0.0,0,0,1,0,12,0,1,10,0.0,10,0,9,1,0.0,1,2.0,0,9,0.0,0,0.0,0.9,68,57,0.1,10,0,0,0,0,1,9,0,0,0,0,0,0,0,0,0,10,0.19999999999999996,10,1.0,10,0,0,0,10,0,0,10,0,1,0,0,0,0,0,10,10,37,3466,3389,290,0,9,46,1.0,2900,0,23177,27,411,2900,30624
2025-07-10,argo,com.grab.sample.dummy,KDummyClass83,method2,1,2,0.0,0,0.0,0,0,1,0,5,0,1,0,0.0,0,0,0,5,0.0,0,2.4,0,0,0.0,0,0.0,0.9,68,57,0.1,10,0,0,0,0,1,9,0,0,0,0,0,0,0,0,0,10,0.19999999999999996,10,1.0,10,0,0,0,10,0,0,10,0,1,0,0,0,0,0,10,10,37,3466,3389,290,0,9,46,1.0,2900,0,23177,27,411,2900,30624
2025-07-10,argo,com.grab.sample.dummy,KDummyClass83,method3,1,2,0.0,0,0.0,0,0,1,0,5,0,1,0,0.0,0,0,0,5,0.0,0,2.4,0,0,0.0,0,0.0,0.9,68,57,0.1,10,0,0,0,0,1,9,0,0,0,0,0,0,0,0,0,10,0.19999999999999996,10,1.0,10,0,0,0,10,0,0,10,0,1,0,0,0,0,0,10,10,37,3466,3389,290,0,9,46,1.0,2900,0,23177,27,411,2900,30624
2025-07-10,argo,com.grab.sample.dummy,KDummyClass83,method4,1,2,0.0,0,0.0,0,0,1,0,5,0,1,0,0.0,0,0,0,5,0.0,0,2.4,0,0,0.0,0,0.0,0.9,68,57,0.1,10,0,0,0,0,1,9,0,0,0,0,0,0,0,0,0,10,0.19999999999999996,10,1.0,10,0,0,0,10,0,0,10,0,1,0,0,0,0,0,10,10,37,3466,3389,290,0,9,46,1.0,2900,0,23177,27,411,2900,30624
2025-07-10,argo,com.grab.sample.dummy,KDummyClass83,method5,1,2,0.0,0,0.0,0,0,1,0,5,0,1,0,0.0,0,0,0,5,0.0,0,2.4,0,0,0.0,0,0.0,0.9,68,57,0.1,10,0,0,0,0,1,9,0,0,0,0,0,0,0,0,0,10,0.19999999999999996,10,1.0,10,0,0,0,10,0,0,10,0,1,0,0,0,0,0,10,10,37,3466,3389,290,0,9,46,1.0,2900,0,23177,27,411,2900,30624
2025-07-10,argo,com.grab.sample.dummy,KDummyClass83,method6,1,2,0.0,0,0.0,0,0,1,0,5,0,1,0,0.0,0,0,0,5,0.0,0,2.4,0,0,0.0,0,0.0,0.9,68,57,0.1,10,0,0,0,0,1,9,0,0,0,0,0,0,0,0,0,10,0.19999999999999996,10,1.0,10,0,0,0,10,0,0,10,0,1,0,0,0,0,0,10,10,37,3466,3389,290,0,9,46,1.0,2900,0,23177,27,411,2900,30624
2025-07-10,argo,com.grab.sample.dummy,KDummyClass83,method7,1,2,0.0,0,0.0,0,0,1,0,5,0,1,0,0.0,0,0,0,5,0.0,0,2.4,0,0,0.0,0,0.0,0.9,68,57,0.1,10,0,0,0,0,1,9,0,0,0,0,0,0,0,0,0,10,0.19999999999999996,10,1.0,10,0,0,0,10,0,0,10,0,1,0,0,0,0,0,10,10,37,3466,3389,290,0,9,46,1.0,2900,0,23177,27,411,2900,30624
2025-07-10,argo,com.grab.sample.dummy,KDummyClass83,method8,1,2,0.0,0,0.0,0,0,1,0,5,0,1,0,0.0,0,0,0,5,0.0,0,2.4,0,0,0.0,0,0.0,0.9,68,57,0.1,10,0,0,0,0,1,9,0,0,0,0,0,0,0,0,0,10,0.19999999999999996,10,1.0,10,0,0,0,10,0,0,10,0,1,0,0,0,0,0,10,10,37,3466,3389,290,0,9,46,1.0,2900,0,23177,27,411,2900,30624
2025-07-10,argo,com.grab.sample.dummy,KDummyClass83,method9,1,2,0.0,0,0.0,0,0,1,0,5,0,1,0,0.0,0,0,0,5,0.0,0,2.4,0,0,0.0,0,0.0,0.9,68,57,0.1,10,0,0,0,0,1,9,0,0,0,0,0,0,0,0,0,10,0.19999999999999996,10,1.0,10,0,0,0,10,0,0,10,0,1,0,0,0,0,0,10,10,37,3466,3389,290,0,9,46,1.0,2900,0,23177,27,411,2900,30624
2025-07-10,argo,com.grab.sample.dummy,KDummyClass83,method10,1,2,0.0,0,0.0,0,0,1,0,5,0,1,0,0.0,0,0,0,5,0.0,0,2.4,0,0,0.0,0,0.0,0.9,68,57,0.1,10,0,0,0,0,1,9,0,0,0,0,0,0,0,0,0,10,0.19999999999999996,10,1.0,10,0,0,0,10,0,0,10,0,1,0,0,0,0,0,10,10,37,3466,3389,290,0,9,46,1.0,2900,0,23177,27,411,2900,30624
2025-07-10,argo,com.grab.sample.dummy,KDummyClass84,method1,1,0,9.0,0,0.0,0,0,1,0,12,0,1,10,0.0,10,0,9,1,0.0,1,2.0,0,9,0.0,0,0.0,0.9,68,57,0.1,10,0,0,0,0,1,9,0,0,0,0,0,0,0,0,0,10,0.19999999999999996,10,1.0,10,0,0,0,10,0,0,10,0,1,0,0,0,0,0,10,10,37,3466,3389,290,0,9,46,1.0,2900,0,23177,27,411,2900,30624
2025-07-10,argo,com.grab.sample.dummy,KDummyClass84,method2,1,2,0.0,0,0.0,0,0,1,0,5,0,1,0,0.0,0,0,0,5,0.0,0,2.4,0,0,0.0,0,0.0,0.9,68,57,0.1,10,0,0,0,0,1,9,0,0,0,0,0,0,0,0,0,10,0.19999999999999996,10,1.0,10,0,0,0,10,0,0,10,0,1,0,0,0,0,0,10,10,37,3466,3389,290,0,9,46,1.0,2900,0,23177,27,411,2900,30624
2025-07-10,argo,com.grab.sample.dummy,KDummyClass84,method3,1,2,0.0,0,0.0,0,0,1,0,5,0,1,0,0.0,0,0,0,5,0.0,0,2.4,0,0,0.0,0,0.0,0.9,68,57,0.1,10,0,0,0,0,1,9,0,0,0,0,0,0,0,0,0,10,0.19999999999999996,10,1.0,10,0,0,0,10,0,0,10,0,1,0,0,0,0,0,10,10,37,3466,3389,290,0,9,46,1.0,2900,0,23177,27,411,2900,30624
2025-07-10,argo,com.grab.sample.dummy,KDummyClass84,method4,1,2,0.0,0,0.0,0,0,1,0,5,0,1,0,0.0,0,0,0,5,0.0,0,2.4,0,0,0.0,0,0.0,0.9,68,57,0.1,10,0,0,0,0,1,9,0,0,0,0,0,0,0,0,0,10,0.19999999999999996,10,1.0,10,0,0,0,10,0,0,10,0,1,0,0,0,0,0,10,10,37,3466,3389,290,0,9,46,1.0,2900,0,23177,27,411,2900,30624
2025-07-10,argo,com.grab.sample.dummy,KDummyClass84,method5,1,2,0.0,0,0.0,0,0,1,0,5,0,1,0,0.0,0,0,0,5,0.0,0,2.4,0,0,0.0,0,0.0,0.9,68,57,0.1,10,0,0,0,0,1,9,0,0,0,0,0,0,0,0,0,10,0.19999999999999996,10,1.0,10,0,0,0,10,0,0,10,0,1,0,0,0,0,0,10,10,37,3466,3389,290,0,9,46,1.0,2900,0,23177,27,411,2900,30624
2025-07-10,argo,com.grab.sample.dummy,KDummyClass84,method6,1,2,0.0,0,0.0,0,0,1,0,5,0,1,0,0.0,0,0,0,5,0.0,0,2.4,0,0,0.0,0,0.0,0.9,68,57,0.1,10,0,0,0,0,1,9,0,0,0,0,0,0,0,0,0,10,0.19999999999999996,10,1.0,10,0,0,0,10,0,0,10,0,1,0,0,0,0,0,10,10,37,3466,3389,290,0,9,46,1.0,2900,0,23177,27,411,2900,30624
2025-07-10,argo,com.grab.sample.dummy,KDummyClass84,method7,1,2,0.0,0,0.0,0,0,1,0,5,0,1,0,0.0,0,0,0,5,0.0,0,2.4,0,0,0.0,0,0.0,0.9,68,57,0.1,10,0,0,0,0,1,9,0,0,0,0,0,0,0,0,0,10,0.19999999999999996,10,1.0,10,0,0,0,10,0,0,10,0,1,0,0,0,0,0,10,10,37,3466,3389,290,0,9,46,1.0,2900,0,23177,27,411,2900,30624
2025-07-10,argo,com.grab.sample.dummy,KDummyClass84,method8,1,2,0.0,0,0.0,0,0,1,0,5,0,1,0,0.0,0,0,0,5,0.0,0,2.4,0,0,0.0,0,0.0,0.9,68,57,0.1,10,0,0,0,0,1,9,0,0,0,0,0,0,0,0,0,10,0.19999999999999996,10,1.0,10,0,0,0,10,0,0,10,0,1,0,0,0,0,0,10,10,37,3466,3389,290,0,9,46,1.0,2900,0,23177,27,411,2900,30624
2025-07-10,argo,com.grab.sample.dummy,KDummyClass84,method9,1,2,0.0,0,0.0,0,0,1,0,5,0,1,0,0.0,0,0,0,5,0.0,0,2.4,0,0,0.0,0,0.0,0.9,68,57,0.1,10,0,0,0,0,1,9,0,0,0,0,0,0,0,0,0,10,0.19999999999999996,10,1.0,10,0,0,0,10,0,0,10,0,1,0,0,0,0,0,10,10,37,3466,3389,290,0,9,46,1.0,2900,0,23177,27,411,2900,30624
2025-07-10,argo,com.grab.sample.dummy,KDummyClass84,method10,1,2,0.0,0,0.0,0,0,1,0,5,0,1,0,0.0,0,0,0,5,0.0,0,2.4,0,0,0.0,0,0.0,0.9,68,57,0.1,10,0,0,0,0,1,9,0,0,0,0,0,0,0,0,0,10,0.19999999999999996,10,1.0,10,0,0,0,10,0,0,10,0,1,0,0,0,0,0,10,10,37,3466,3389,290,0,9,46,1.0,2900,0,23177,27,411,2900,30624
2025-07-10,argo,com.grab.sample.dummy,KDummyClass85,method1,1,0,9.0,0,0.0,0,0,1,0,12,0,1,10,0.0,10,0,9,1,0.0,1,2.0,0,9,0.0,0,0.0,0.9,68,57,0.1,10,0,0,0,0,1,9,0,0,0,0,0,0,0,0,0,10,0.19999999999999996,10,1.0,10,0,0,0,10,0,0,10,0,1,0,0,0,0,0,10,10,37,3466,3389,290,0,9,46,1.0,2900,0,23177,27,411,2900,30624
2025-07-10,argo,com.grab.sample.dummy,KDummyClass85,method2,1,2,0.0,0,0.0,0,0,1,0,5,0,1,0,0.0,0,0,0,5,0.0,0,2.4,0,0,0.0,0,0.0,0.9,68,57,0.1,10,0,0,0,0,1,9,0,0,0,0,0,0,0,0,0,10,0.19999999999999996,10,1.0,10,0,0,0,10,0,0,10,0,1,0,0,0,0,0,10,10,37,3466,3389,290,0,9,46,1.0,2900,0,23177,27,411,2900,30624
2025-07-10,argo,com.grab.sample.dummy,KDummyClass85,method3,1,2,0.0,0,0.0,0,0,1,0,5,0,1,0,0.0,0,0,0,5,0.0,0,2.4,0,0,0.0,0,0.0,0.9,68,57,0.1,10,0,0,0,0,1,9,0,0,0,0,0,0,0,0,0,10,0.19999999999999996,10,1.0,10,0,0,0,10,0,0,10,0,1,0,0,0,0,0,10,10,37,3466,3389,290,0,9,46,1.0,2900,0,23177,27,411,2900,30624
2025-07-10,argo,com.grab.sample.dummy,KDummyClass85,method4,1,2,0.0,0,0.0,0,0,1,0,5,0,1,0,0.0,0,0,0,5,0.0,0,2.4,0,0,0.0,0,0.0,0.9,68,57,0.1,10,0,0,0,0,1,9,0,0,0,0,0,0,0,0,0,10,0.19999999999999996,10,1.0,10,0,0,0,10,0,0,10,0,1,0,0,0,0,0,10,10,37,3466,3389,290,0,9,46,1.0,2900,0,23177,27,411,2900,30624
2025-07-10,argo,com.grab.sample.dummy,KDummyClass85,method5,1,2,0.0,0,0.0,0,0,1,0,5,0,1,0,0.0,0,0,0,5,0.0,0,2.4,0,0,0.0,0,0.0,0.9,68,57,0.1,10,0,0,0,0,1,9,0,0,0,0,0,0,0,0,0,10,0.19999999999999996,10,1.0,10,0,0,0,10,0,0,10,0,1,0,0,0,0,0,10,10,37,3466,3389,290,0,9,46,1.0,2900,0,23177,27,411,2900,30624
2025-07-10,argo,com.grab.sample.dummy,KDummyClass85,method6,1,2,0.0,0,0.0,0,0,1,0,5,0,1,0,0.0,0,0,0,5,0.0,0,2.4,0,0,0.0,0,0.0,0.9,68,57,0.1,10,0,0,0,0,1,9,0,0,0,0,0,0,0,0,0,10,0.19999999999999996,10,1.0,10,0,0,0,10,0,0,10,0,1,0,0,0,0,0,10,10,37,3466,3389,290,0,9,46,1.0,2900,0,23177,27,411,2900,30624
2025-07-10,argo,com.grab.sample.dummy,KDummyClass85,method7,1,2,0.0,0,0.0,0,0,1,0,5,0,1,0,0.0,0,0,0,5,0.0,0,2.4,0,0,0.0,0,0.0,0.9,68,57,0.1,10,0,0,0,0,1,9,0,0,0,0,0,0,0,0,0,10,0.19999999999999996,10,1.0,10,0,0,0,10,0,0,10,0,1,0,0,0,0,0,10,10,37,3466,3389,290,0,9,46,1.0,2900,0,23177,27,411,2900,30624
2025-07-10,argo,com.grab.sample.dummy,KDummyClass85,method8,1,2,0.0,0,0.0,0,0,1,0,5,0,1,0,0.0,0,0,0,5,0.0,0,2.4,0,0,0.0,0,0.0,0.9,68,57,0.1,10,0,0,0,0,1,9,0,0,0,0,0,0,0,0,0,10,0.19999999999999996,10,1.0,10,0,0,0,10,0,0,10,0,1,0,0,0,0,0,10,10,37,3466,3389,290,0,9,46,1.0,2900,0,23177,27,411,2900,30624
2025-07-10,argo,com.grab.sample.dummy,KDummyClass85,method9,1,2,0.0,0,0.0,0,0,1,0,5,0,1,0,0.0,0,0,0,5,0.0,0,2.4,0,0,0.0,0,0.0,0.9,68,57,0.1,10,0,0,0,0,1,9,0,0,0,0,0,0,0,0,0,10,0.19999999999999996,10,1.0,10,0,0,0,10,0,0,10,0,1,0,0,0,0,0,10,10,37,3466,3389,290,0,9,46,1.0,2900,0,23177,27,411,2900,30624
2025-07-10,argo,com.grab.sample.dummy,KDummyClass85,method10,1,2,0.0,0,0.0,0,0,1,0,5,0,1,0,0.0,0,0,0,5,0.0,0,2.4,0,0,0.0,0,0.0,0.9,68,57,0.1,10,0,0,0,0,1,9,0,0,0,0,0,0,0,0,0,10,0.19999999999999996,10,1.0,10,0,0,0,10,0,0,10,0,1,0,0,0,0,0,10,10,37,3466,3389,290,0,9,46,1.0,2900,0,23177,27,411,2900,30624
2025-07-10,argo,com.grab.sample.dummy,KDummyClass86,method1,1,0,9.0,0,0.0,0,0,1,0,12,0,1,10,0.0,10,0,9,1,0.0,1,2.0,0,9,0.0,0,0.0,0.9,68,57,0.1,10,0,0,0,0,1,9,0,0,0,0,0,0,0,0,0,10,0.19999999999999996,10,1.0,10,0,0,0,10,0,0,10,0,1,0,0,0,0,0,10,10,37,3466,3389,290,0,9,46,1.0,2900,0,23177,27,411,2900,30624
2025-07-10,argo,com.grab.sample.dummy,KDummyClass86,method2,1,2,0.0,0,0.0,0,0,1,0,5,0,1,0,0.0,0,0,0,5,0.0,0,2.4,0,0,0.0,0,0.0,0.9,68,57,0.1,10,0,0,0,0,1,9,0,0,0,0,0,0,0,0,0,10,0.19999999999999996,10,1.0,10,0,0,0,10,0,0,10,0,1,0,0,0,0,0,10,10,37,3466,3389,290,0,9,46,1.0,2900,0,23177,27,411,2900,30624
2025-07-10,argo,com.grab.sample.dummy,KDummyClass86,method3,1,2,0.0,0,0.0,0,0,1,0,5,0,1,0,0.0,0,0,0,5,0.0,0,2.4,0,0,0.0,0,0.0,0.9,68,57,0.1,10,0,0,0,0,1,9,0,0,0,0,0,0,0,0,0,10,0.19999999999999996,10,1.0,10,0,0,0,10,0,0,10,0,1,0,0,0,0,0,10,10,37,3466,3389,290,0,9,46,1.0,2900,0,23177,27,411,2900,30624
2025-07-10,argo,com.grab.sample.dummy,KDummyClass86,method4,1,2,0.0,0,0.0,0,0,1,0,5,0,1,0,0.0,0,0,0,5,0.0,0,2.4,0,0,0.0,0,0.0,0.9,68,57,0.1,10,0,0,0,0,1,9,0,0,0,0,0,0,0,0,0,10,0.19999999999999996,10,1.0,10,0,0,0,10,0,0,10,0,1,0,0,0,0,0,10,10,37,3466,3389,290,0,9,46,1.0,2900,0,23177,27,411,2900,30624
2025-07-10,argo,com.grab.sample.dummy,KDummyClass86,method5,1,2,0.0,0,0.0,0,0,1,0,5,0,1,0,0.0,0,0,0,5,0.0,0,2.4,0,0,0.0,0,0.0,0.9,68,57,0.1,10,0,0,0,0,1,9,0,0,0,0,0,0,0,0,0,10,0.19999999999999996,10,1.0,10,0,0,0,10,0,0,10,0,1,0,0,0,0,0,10,10,37,3466,3389,290,0,9,46,1.0,2900,0,23177,27,411,2900,30624
2025-07-10,argo,com.grab.sample.dummy,KDummyClass86,method6,1,2,0.0,0,0.0,0,0,1,0,5,0,1,0,0.0,0,0,0,5,0.0,0,2.4,0,0,0.0,0,0.0,0.9,68,57,0.1,10,0,0,0,0,1,9,0,0,0,0,0,0,0,0,0,10,0.19999999999999996,10,1.0,10,0,0,0,10,0,0,10,0,1,0,0,0,0,0,10,10,37,3466,3389,290,0,9,46,1.0,2900,0,23177,27,411,2900,30624
2025-07-10,argo,com.grab.sample.dummy,KDummyClass86,method7,1,2,0.0,0,0.0,0,0,1,0,5,0,1,0,0.0,0,0,0,5,0.0,0,2.4,0,0,0.0,0,0.0,0.9,68,57,0.1,10,0,0,0,0,1,9,0,0,0,0,0,0,0,0,0,10,0.19999999999999996,10,1.0,10,0,0,0,10,0,0,10,0,1,0,0,0,0,0,10,10,37,3466,3389,290,0,9,46,1.0,2900,0,23177,27,411,2900,30624
2025-07-10,argo,com.grab.sample.dummy,KDummyClass86,method8,1,2,0.0,0,0.0,0,0,1,0,5,0,1,0,0.0,0,0,0,5,0.0,0,2.4,0,0,0.0,0,0.0,0.9,68,57,0.1,10,0,0,0,0,1,9,0,0,0,0,0,0,0,0,0,10,0.19999999999999996,10,1.0,10,0,0,0,10,0,0,10,0,1,0,0,0,0,0,10,10,37,3466,3389,290,0,9,46,1.0,2900,0,23177,27,411,2900,30624
2025-07-10,argo,com.grab.sample.dummy,KDummyClass86,method9,1,2,0.0,0,0.0,0,0,1,0,5,0,1,0,0.0,0,0,0,5,0.0,0,2.4,0,0,0.0,0,0.0,0.9,68,57,0.1,10,0,0,0,0,1,9,0,0,0,0,0,0,0,0,0,10,0.19999999999999996,10,1.0,10,0,0,0,10,0,0,10,0,1,0,0,0,0,0,10,10,37,3466,3389,290,0,9,46,1.0,2900,0,23177,27,411,2900,30624
2025-07-10,argo,com.grab.sample.dummy,KDummyClass86,method10,1,2,0.0,0,0.0,0,0,1,0,5,0,1,0,0.0,0,0,0,5,0.0,0,2.4,0,0,0.0,0,0.0,0.9,68,57,0.1,10,0,0,0,0,1,9,0,0,0,0,0,0,0,0,0,10,0.19999999999999996,10,1.0,10,0,0,0,10,0,0,10,0,1,0,0,0,0,0,10,10,37,3466,3389,290,0,9,46,1.0,2900,0,23177,27,411,2900,30624
2025-07-10,argo,com.grab.sample.dummy,KDummyClass87,method1,1,0,9.0,0,0.0,0,0,1,0,12,0,1,10,0.0,10,0,9,1,0.0,1,2.0,0,9,0.0,0,0.0,0.9,68,57,0.1,10,0,0,0,0,1,9,0,0,0,0,0,0,0,0,0,10,0.19999999999999996,10,1.0,10,0,0,0,10,0,0,10,0,1,0,0,0,0,0,10,10,37,3466,3389,290,0,9,46,1.0,2900,0,23177,27,411,2900,30624
2025-07-10,argo,com.grab.sample.dummy,KDummyClass87,method2,1,2,0.0,0,0.0,0,0,1,0,5,0,1,0,0.0,0,0,0,5,0.0,0,2.4,0,0,0.0,0,0.0,0.9,68,57,0.1,10,0,0,0,0,1,9,0,0,0,0,0,0,0,0,0,10,0.19999999999999996,10,1.0,10,0,0,0,10,0,0,10,0,1,0,0,0,0,0,10,10,37,3466,3389,290,0,9,46,1.0,2900,0,23177,27,411,2900,30624
2025-07-10,argo,com.grab.sample.dummy,KDummyClass87,method3,1,2,0.0,0,0.0,0,0,1,0,5,0,1,0,0.0,0,0,0,5,0.0,0,2.4,0,0,0.0,0,0.0,0.9,68,57,0.1,10,0,0,0,0,1,9,0,0,0,0,0,0,0,0,0,10,0.19999999999999996,10,1.0,10,0,0,0,10,0,0,10,0,1,0,0,0,0,0,10,10,37,3466,3389,290,0,9,46,1.0,2900,0,23177,27,411,2900,30624
2025-07-10,argo,com.grab.sample.dummy,KDummyClass87,method4,1,2,0.0,0,0.0,0,0,1,0,5,0,1,0,0.0,0,0,0,5,0.0,0,2.4,0,0,0.0,0,0.0,0.9,68,57,0.1,10,0,0,0,0,1,9,0,0,0,0,0,0,0,0,0,10,0.19999999999999996,10,1.0,10,0,0,0,10,0,0,10,0,1,0,0,0,0,0,10,10,37,3466,3389,290,0,9,46,1.0,2900,0,23177,27,411,2900,30624
2025-07-10,argo,com.grab.sample.dummy,KDummyClass87,method5,1,2,0.0,0,0.0,0,0,1,0,5,0,1,0,0.0,0,0,0,5,0.0,0,2.4,0,0,0.0,0,0.0,0.9,68,57,0.1,10,0,0,0,0,1,9,0,0,0,0,0,0,0,0,0,10,0.19999999999999996,10,1.0,10,0,0,0,10,0,0,10,0,1,0,0,0,0,0,10,10,37,3466,3389,290,0,9,46,1.0,2900,0,23177,27,411,2900,30624
2025-07-10,argo,com.grab.sample.dummy,KDummyClass87,method6,1,2,0.0,0,0.0,0,0,1,0,5,0,1,0,0.0,0,0,0,5,0.0,0,2.4,0,0,0.0,0,0.0,0.9,68,57,0.1,10,0,0,0,0,1,9,0,0,0,0,0,0,0,0,0,10,0.19999999999999996,10,1.0,10,0,0,0,10,0,0,10,0,1,0,0,0,0,0,10,10,37,3466,3389,290,0,9,46,1.0,2900,0,23177,27,411,2900,30624
2025-07-10,argo,com.grab.sample.dummy,KDummyClass87,method7,1,2,0.0,0,0.0,0,0,1,0,5,0,1,0,0.0,0,0,0,5,0.0,0,2.4,0,0,0.0,0,0.0,0.9,68,57,0.1,10,0,0,0,0,1,9,0,0,0,0,0,0,0,0,0,10,0.19999999999999996,10,1.0,10,0,0,0,10,0,0,10,0,1,0,0,0,0,0,10,10,37,3466,3389,290,0,9,46,1.0,2900,0,23177,27,411,2900,30624
2025-07-10,argo,com.grab.sample.dummy,KDummyClass87,method8,1,2,0.0,0,0.0,0,0,1,0,5,0,1,0,0.0,0,0,0,5,0.0,0,2.4,0,0,0.0,0,0.0,0.9,68,57,0.1,10,0,0,0,0,1,9,0,0,0,0,0,0,0,0,0,10,0.19999999999999996,10,1.0,10,0,0,0,10,0,0,10,0,1,0,0,0,0,0,10,10,37,3466,3389,290,0,9,46,1.0,2900,0,23177,27,411,2900,30624
2025-07-10,argo,com.grab.sample.dummy,KDummyClass87,method9,1,2,0.0,0,0.0,0,0,1,0,5,0,1,0,0.0,0,0,0,5,0.0,0,2.4,0,0,0.0,0,0.0,0.9,68,57,0.1,10,0,0,0,0,1,9,0,0,0,0,0,0,0,0,0,10,0.19999999999999996,10,1.0,10,0,0,0,10,0,0,10,0,1,0,0,0,0,0,10,10,37,3466,3389,290,0,9,46,1.0,2900,0,23177,27,411,2900,30624
2025-07-10,argo,com.grab.sample.dummy,KDummyClass87,method10,1,2,0.0,0,0.0,0,0,1,0,5,0,1,0,0.0,0,0,0,5,0.0,0,2.4,0,0,0.0,0,0.0,0.9,68,57,0.1,10,0,0,0,0,1,9,0,0,0,0,0,0,0,0,0,10,0.19999999999999996,10,1.0,10,0,0,0,10,0,0,10,0,1,0,0,0,0,0,10,10,37,3466,3389,290,0,9,46,1.0,2900,0,23177,27,411,2900,30624
2025-07-10,argo,com.grab.sample.dummy,KDummyClass88,method1,1,0,9.0,0,0.0,0,0,1,0,12,0,1,10,0.0,10,0,9,1,0.0,1,2.0,0,9,0.0,0,0.0,0.9,68,57,0.1,10,0,0,0,0,1,9,0,0,0,0,0,0,0,0,0,10,0.19999999999999996,10,1.0,10,0,0,0,10,0,0,10,0,1,0,0,0,0,0,10,10,37,3466,3389,290,0,9,46,1.0,2900,0,23177,27,411,2900,30624
2025-07-10,argo,com.grab.sample.dummy,KDummyClass88,method2,1,2,0.0,0,0.0,0,0,1,0,5,0,1,0,0.0,0,0,0,5,0.0,0,2.4,0,0,0.0,0,0.0,0.9,68,57,0.1,10,0,0,0,0,1,9,0,0,0,0,0,0,0,0,0,10,0.19999999999999996,10,1.0,10,0,0,0,10,0,0,10,0,1,0,0,0,0,0,10,10,37,3466,3389,290,0,9,46,1.0,2900,0,23177,27,411,2900,30624
2025-07-10,argo,com.grab.sample.dummy,KDummyClass88,method3,1,2,0.0,0,0.0,0,0,1,0,5,0,1,0,0.0,0,0,0,5,0.0,0,2.4,0,0,0.0,0,0.0,0.9,68,57,0.1,10,0,0,0,0,1,9,0,0,0,0,0,0,0,0,0,10,0.19999999999999996,10,1.0,10,0,0,0,10,0,0,10,0,1,0,0,0,0,0,10,10,37,3466,3389,290,0,9,46,1.0,2900,0,23177,27,411,2900,30624
2025-07-10,argo,com.grab.sample.dummy,KDummyClass88,method4,1,2,0.0,0,0.0,0,0,1,0,5,0,1,0,0.0,0,0,0,5,0.0,0,2.4,0,0,0.0,0,0.0,0.9,68,57,0.1,10,0,0,0,0,1,9,0,0,0,0,0,0,0,0,0,10,0.19999999999999996,10,1.0,10,0,0,0,10,0,0,10,0,1,0,0,0,0,0,10,10,37,3466,3389,290,0,9,46,1.0,2900,0,23177,27,411,2900,30624
2025-07-10,argo,com.grab.sample.dummy,KDummyClass88,method5,1,2,0.0,0,0.0,0,0,1,0,5,0,1,0,0.0,0,0,0,5,0.0,0,2.4,0,0,0.0,0,0.0,0.9,68,57,0.1,10,0,0,0,0,1,9,0,0,0,0,0,0,0,0,0,10,0.19999999999999996,10,1.0,10,0,0,0,10,0,0,10,0,1,0,0,0,0,0,10,10,37,3466,3389,290,0,9,46,1.0,2900,0,23177,27,411,2900,30624
2025-07-10,argo,com.grab.sample.dummy,KDummyClass88,method6,1,2,0.0,0,0.0,0,0,1,0,5,0,1,0,0.0,0,0,0,5,0.0,0,2.4,0,0,0.0,0,0.0,0.9,68,57,0.1,10,0,0,0,0,1,9,0,0,0,0,0,0,0,0,0,10,0.19999999999999996,10,1.0,10,0,0,0,10,0,0,10,0,1,0,0,0,0,0,10,10,37,3466,3389,290,0,9,46,1.0,2900,0,23177,27,411,2900,30624
2025-07-10,argo,com.grab.sample.dummy,KDummyClass88,method7,1,2,0.0,0,0.0,0,0,1,0,5,0,1,0,0.0,0,0,0,5,0.0,0,2.4,0,0,0.0,0,0.0,0.9,68,57,0.1,10,0,0,0,0,1,9,0,0,0,0,0,0,0,0,0,10,0.19999999999999996,10,1.0,10,0,0,0,10,0,0,10,0,1,0,0,0,0,0,10,10,37,3466,3389,290,0,9,46,1.0,2900,0,23177,27,411,2900,30624
2025-07-10,argo,com.grab.sample.dummy,KDummyClass88,method8,1,2,0.0,0,0.0,0,0,1,0,5,0,1,0,0.0,0,0,0,5,0.0,0,2.4,0,0,0.0,0,0.0,0.9,68,57,0.1,10,0,0,0,0,1,9,0,0,0,0,0,0,0,0,0,10,0.19999999999999996,10,1.0,10,0,0,0,10,0,0,10,0,1,0,0,0,0,0,10,10,37,3466,3389,290,0,9,46,1.0,2900,0,23177,27,411,2900,30624
2025-07-10,argo,com.grab.sample.dummy,KDummyClass88,method9,1,2,0.0,0,0.0,0,0,1,0,5,0,1,0,0.0,0,0,0,5,0.0,0,2.4,0,0,0.0,0,0.0,0.9,68,57,0.1,10,0,0,0,0,1,9,0,0,0,0,0,0,0,0,0,10,0.19999999999999996,10,1.0,10,0,0,0,10,0,0,10,0,1,0,0,0,0,0,10,10,37,3466,3389,290,0,9,46,1.0,2900,0,23177,27,411,2900,30624
2025-07-10,argo,com.grab.sample.dummy,KDummyClass88,method10,1,2,0.0,0,0.0,0,0,1,0,5,0,1,0,0.0,0,0,0,5,0.0,0,2.4,0,0,0.0,0,0.0,0.9,68,57,0.1,10,0,0,0,0,1,9,0,0,0,0,0,0,0,0,0,10,0.19999999999999996,10,1.0,10,0,0,0,10,0,0,10,0,1,0,0,0,0,0,10,10,37,3466,3389,290,0,9,46,1.0,2900,0,23177,27,411,2900,30624
2025-07-10,argo,com.grab.sample.dummy,KDummyClass89,method1,1,0,9.0,0,0.0,0,0,1,0,12,0,1,10,0.0,10,0,9,1,0.0,1,2.0,0,9,0.0,0,0.0,0.9,68,57,0.1,10,0,0,0,0,1,9,0,0,0,0,0,0,0,0,0,10,0.19999999999999996,10,1.0,10,0,0,0,10,0,0,10,0,1,0,0,0,0,0,10,10,37,3466,3389,290,0,9,46,1.0,2900,0,23177,27,411,2900,30624
2025-07-10,argo,com.grab.sample.dummy,KDummyClass89,method2,1,2,0.0,0,0.0,0,0,1,0,5,0,1,0,0.0,0,0,0,5,0.0,0,2.4,0,0,0.0,0,0.0,0.9,68,57,0.1,10,0,0,0,0,1,9,0,0,0,0,0,0,0,0,0,10,0.19999999999999996,10,1.0,10,0,0,0,10,0,0,10,0,1,0,0,0,0,0,10,10,37,3466,3389,290,0,9,46,1.0,2900,0,23177,27,411,2900,30624
2025-07-10,argo,com.grab.sample.dummy,KDummyClass89,method3,1,2,0.0,0,0.0,0,0,1,0,5,0,1,0,0.0,0,0,0,5,0.0,0,2.4,0,0,0.0,0,0.0,0.9,68,57,0.1,10,0,0,0,0,1,9,0,0,0,0,0,0,0,0,0,10,0.19999999999999996,10,1.0,10,0,0,0,10,0,0,10,0,1,0,0,0,0,0,10,10,37,3466,3389,290,0,9,46,1.0,2900,0,23177,27,411,2900,30624
2025-07-10,argo,com.grab.sample.dummy,KDummyClass89,method4,1,2,0.0,0,0.0,0,0,1,0,5,0,1,0,0.0,0,0,0,5,0.0,0,2.4,0,0,0.0,0,0.0,0.9,68,57,0.1,10,0,0,0,0,1,9,0,0,0,0,0,0,0,0,0,10,0.19999999999999996,10,1.0,10,0,0,0,10,0,0,10,0,1,0,0,0,0,0,10,10,37,3466,3389,290,0,9,46,1.0,2900,0,23177,27,411,2900,30624
2025-07-10,argo,com.grab.sample.dummy,KDummyClass89,method5,1,2,0.0,0,0.0,0,0,1,0,5,0,1,0,0.0,0,0,0,5,0.0,0,2.4,0,0,0.0,0,0.0,0.9,68,57,0.1,10,0,0,0,0,1,9,0,0,0,0,0,0,0,0,0,10,0.19999999999999996,10,1.0,10,0,0,0,10,0,0,10,0,1,0,0,0,0,0,10,10,37,3466,3389,290,0,9,46,1.0,2900,0,23177,27,411,2900,30624
2025-07-10,argo,com.grab.sample.dummy,KDummyClass89,method6,1,2,0.0,0,0.0,0,0,1,0,5,0,1,0,0.0,0,0,0,5,0.0,0,2.4,0,0,0.0,0,0.0,0.9,68,57,0.1,10,0,0,0,0,1,9,0,0,0,0,0,0,0,0,0,10,0.19999999999999996,10,1.0,10,0,0,0,10,0,0,10,0,1,0,0,0,0,0,10,10,37,3466,3389,290,0,9,46,1.0,2900,0,23177,27,411,2900,30624
2025-07-10,argo,com.grab.sample.dummy,KDummyClass89,method7,1,2,0.0,0,0.0,0,0,1,0,5,0,1,0,0.0,0,0,0,5,0.0,0,2.4,0,0,0.0,0,0.0,0.9,68,57,0.1,10,0,0,0,0,1,9,0,0,0,0,0,0,0,0,0,10,0.19999999999999996,10,1.0,10,0,0,0,10,0,0,10,0,1,0,0,0,0,0,10,10,37,3466,3389,290,0,9,46,1.0,2900,0,23177,27,411,2900,30624
2025-07-10,argo,com.grab.sample.dummy,KDummyClass89,method8,1,2,0.0,0,0.0,0,0,1,0,5,0,1,0,0.0,0,0,0,5,0.0,0,2.4,0,0,0.0,0,0.0,0.9,68,57,0.1,10,0,0,0,0,1,9,0,0,0,0,0,0,0,0,0,10,0.19999999999999996,10,1.0,10,0,0,0,10,0,0,10,0,1,0,0,0,0,0,10,10,37,3466,3389,290,0,9,46,1.0,2900,0,23177,27,411,2900,30624
2025-07-10,argo,com.grab.sample.dummy,KDummyClass89,method9,1,2,0.0,0,0.0,0,0,1,0,5,0,1,0,0.0,0,0,0,5,0.0,0,2.4,0,0,0.0,0,0.0,0.9,68,57,0.1,10,0,0,0,0,1,9,0,0,0,0,0,0,0,0,0,10,0.19999999999999996,10,1.0,10,0,0,0,10,0,0,10,0,1,0,0,0,0,0,10,10,37,3466,3389,290,0,9,46,1.0,2900,0,23177,27,411,2900,30624
2025-07-10,argo,com.grab.sample.dummy,KDummyClass89,method10,1,2,0.0,0,0.0,0,0,1,0,5,0,1,0,0.0,0,0,0,5,0.0,0,2.4,0,0,0.0,0,0.0,0.9,68,57,0.1,10,0,0,0,0,1,9,0,0,0,0,0,0,0,0,0,10,0.19999999999999996,10,1.0,10,0,0,0,10,0,0,10,0,1,0,0,0,0,0,10,10,37,3466,3389,290,0,9,46,1.0,2900,0,23177,27,411,2900,30624
2025-07-10,argo,com.grab.sample.dummy,KDummyClass9,method1,1,0,9.0,0,0.0,0,0,1,0,12,0,1,10,0.0,10,0,9,1,0.0,1,2.0,0,9,0.0,0,0.0,0.9,68,57,0.1,10,0,0,0,0,1,9,0,0,0,0,0,0,0,0,0,10,0.19999999999999996,10,1.0,10,0,0,0,10,0,0,10,0,1,0,0,0,0,0,10,10,37,3466,3389,290,0,9,46,1.0,2900,0,23177,27,411,2900,30624
2025-07-10,argo,com.grab.sample.dummy,KDummyClass9,method2,1,2,0.0,0,0.0,0,0,1,0,5,0,1,0,0.0,0,0,0,5,0.0,0,2.4,0,0,0.0,0,0.0,0.9,68,57,0.1,10,0,0,0,0,1,9,0,0,0,0,0,0,0,0,0,10,0.19999999999999996,10,1.0,10,0,0,0,10,0,0,10,0,1,0,0,0,0,0,10,10,37,3466,3389,290,0,9,46,1.0,2900,0,23177,27,411,2900,30624
2025-07-10,argo,com.grab.sample.dummy,KDummyClass9,method3,1,2,0.0,0,0.0,0,0,1,0,5,0,1,0,0.0,0,0,0,5,0.0,0,2.4,0,0,0.0,0,0.0,0.9,68,57,0.1,10,0,0,0,0,1,9,0,0,0,0,0,0,0,0,0,10,0.19999999999999996,10,1.0,10,0,0,0,10,0,0,10,0,1,0,0,0,0,0,10,10,37,3466,3389,290,0,9,46,1.0,2900,0,23177,27,411,2900,30624
2025-07-10,argo,com.grab.sample.dummy,KDummyClass9,method4,1,2,0.0,0,0.0,0,0,1,0,5,0,1,0,0.0,0,0,0,5,0.0,0,2.4,0,0,0.0,0,0.0,0.9,68,57,0.1,10,0,0,0,0,1,9,0,0,0,0,0,0,0,0,0,10,0.19999999999999996,10,1.0,10,0,0,0,10,0,0,10,0,1,0,0,0,0,0,10,10,37,3466,3389,290,0,9,46,1.0,2900,0,23177,27,411,2900,30624
2025-07-10,argo,com.grab.sample.dummy,KDummyClass9,method5,1,2,0.0,0,0.0,0,0,1,0,5,0,1,0,0.0,0,0,0,5,0.0,0,2.4,0,0,0.0,0,0.0,0.9,68,57,0.1,10,0,0,0,0,1,9,0,0,0,0,0,0,0,0,0,10,0.19999999999999996,10,1.0,10,0,0,0,10,0,0,10,0,1,0,0,0,0,0,10,10,37,3466,3389,290,0,9,46,1.0,2900,0,23177,27,411,2900,30624
2025-07-10,argo,com.grab.sample.dummy,KDummyClass9,method6,1,2,0.0,0,0.0,0,0,1,0,5,0,1,0,0.0,0,0,0,5,0.0,0,2.4,0,0,0.0,0,0.0,0.9,68,57,0.1,10,0,0,0,0,1,9,0,0,0,0,0,0,0,0,0,10,0.19999999999999996,10,1.0,10,0,0,0,10,0,0,10,0,1,0,0,0,0,0,10,10,37,3466,3389,290,0,9,46,1.0,2900,0,23177,27,411,2900,30624
2025-07-10,argo,com.grab.sample.dummy,KDummyClass9,method7,1,2,0.0,0,0.0,0,0,1,0,5,0,1,0,0.0,0,0,0,5,0.0,0,2.4,0,0,0.0,0,0.0,0.9,68,57,0.1,10,0,0,0,0,1,9,0,0,0,0,0,0,0,0,0,10,0.19999999999999996,10,1.0,10,0,0,0,10,0,0,10,0,1,0,0,0,0,0,10,10,37,3466,3389,290,0,9,46,1.0,2900,0,23177,27,411,2900,30624
2025-07-10,argo,com.grab.sample.dummy,KDummyClass9,method8,1,2,0.0,0,0.0,0,0,1,0,5,0,1,0,0.0,0,0,0,5,0.0,0,2.4,0,0,0.0,0,0.0,0.9,68,57,0.1,10,0,0,0,0,1,9,0,0,0,0,0,0,0,0,0,10,0.19999999999999996,10,1.0,10,0,0,0,10,0,0,10,0,1,0,0,0,0,0,10,10,37,3466,3389,290,0,9,46,1.0,2900,0,23177,27,411,2900,30624
2025-07-10,argo,com.grab.sample.dummy,KDummyClass9,method9,1,2,0.0,0,0.0,0,0,1,0,5,0,1,0,0.0,0,0,0,5,0.0,0,2.4,0,0,0.0,0,0.0,0.9,68,57,0.1,10,0,0,0,0,1,9,0,0,0,0,0,0,0,0,0,10,0.19999999999999996,10,1.0,10,0,0,0,10,0,0,10,0,1,0,0,0,0,0,10,10,37,3466,3389,290,0,9,46,1.0,2900,0,23177,27,411,2900,30624
2025-07-10,argo,com.grab.sample.dummy,KDummyClass9,method10,1,2,0.0,0,0.0,0,0,1,0,5,0,1,0,0.0,0,0,0,5,0.0,0,2.4,0,0,0.0,0,0.0,0.9,68,57,0.1,10,0,0,0,0,1,9,0,0,0,0,0,0,0,0,0,10,0.19999999999999996,10,1.0,10,0,0,0,10,0,0,10,0,1,0,0,0,0,0,10,10,37,3466,3389,290,0,9,46,1.0,2900,0,23177,27,411,2900,30624
2025-07-10,argo,com.grab.sample.dummy,KDummyClass90,method1,1,0,9.0,0,0.0,0,0,1,0,12,0,1,10,0.0,10,0,9,1,0.0,1,2.0,0,9,0.0,0,0.0,0.9,68,57,0.1,10,0,0,0,0,1,9,0,0,0,0,0,0,0,0,0,10,0.19999999999999996,10,1.0,10,0,0,0,10,0,0,10,0,1,0,0,0,0,0,10,10,37,3466,3389,290,0,9,46,1.0,2900,0,23177,27,411,2900,30624
2025-07-10,argo,com.grab.sample.dummy,KDummyClass90,method2,1,2,0.0,0,0.0,0,0,1,0,5,0,1,0,0.0,0,0,0,5,0.0,0,2.4,0,0,0.0,0,0.0,0.9,68,57,0.1,10,0,0,0,0,1,9,0,0,0,0,0,0,0,0,0,10,0.19999999999999996,10,1.0,10,0,0,0,10,0,0,10,0,1,0,0,0,0,0,10,10,37,3466,3389,290,0,9,46,1.0,2900,0,23177,27,411,2900,30624
2025-07-10,argo,com.grab.sample.dummy,KDummyClass90,method3,1,2,0.0,0,0.0,0,0,1,0,5,0,1,0,0.0,0,0,0,5,0.0,0,2.4,0,0,0.0,0,0.0,0.9,68,57,0.1,10,0,0,0,0,1,9,0,0,0,0,0,0,0,0,0,10,0.19999999999999996,10,1.0,10,0,0,0,10,0,0,10,0,1,0,0,0,0,0,10,10,37,3466,3389,290,0,9,46,1.0,2900,0,23177,27,411,2900,30624
2025-07-10,argo,com.grab.sample.dummy,KDummyClass90,method4,1,2,0.0,0,0.0,0,0,1,0,5,0,1,0,0.0,0,0,0,5,0.0,0,2.4,0,0,0.0,0,0.0,0.9,68,57,0.1,10,0,0,0,0,1,9,0,0,0,0,0,0,0,0,0,10,0.19999999999999996,10,1.0,10,0,0,0,10,0,0,10,0,1,0,0,0,0,0,10,10,37,3466,3389,290,0,9,46,1.0,2900,0,23177,27,411,2900,30624
2025-07-10,argo,com.grab.sample.dummy,KDummyClass90,method5,1,2,0.0,0,0.0,0,0,1,0,5,0,1,0,0.0,0,0,0,5,0.0,0,2.4,0,0,0.0,0,0.0,0.9,68,57,0.1,10,0,0,0,0,1,9,0,0,0,0,0,0,0,0,0,10,0.19999999999999996,10,1.0,10,0,0,0,10,0,0,10,0,1,0,0,0,0,0,10,10,37,3466,3389,290,0,9,46,1.0,2900,0,23177,27,411,2900,30624
2025-07-10,argo,com.grab.sample.dummy,KDummyClass90,method6,1,2,0.0,0,0.0,0,0,1,0,5,0,1,0,0.0,0,0,0,5,0.0,0,2.4,0,0,0.0,0,0.0,0.9,68,57,0.1,10,0,0,0,0,1,9,0,0,0,0,0,0,0,0,0,10,0.19999999999999996,10,1.0,10,0,0,0,10,0,0,10,0,1,0,0,0,0,0,10,10,37,3466,3389,290,0,9,46,1.0,2900,0,23177,27,411,2900,30624
2025-07-10,argo,com.grab.sample.dummy,KDummyClass90,method7,1,2,0.0,0,0.0,0,0,1,0,5,0,1,0,0.0,0,0,0,5,0.0,0,2.4,0,0,0.0,0,0.0,0.9,68,57,0.1,10,0,0,0,0,1,9,0,0,0,0,0,0,0,0,0,10,0.19999999999999996,10,1.0,10,0,0,0,10,0,0,10,0,1,0,0,0,0,0,10,10,37,3466,3389,290,0,9,46,1.0,2900,0,23177,27,411,2900,30624
2025-07-10,argo,com.grab.sample.dummy,KDummyClass90,method8,1,2,0.0,0,0.0,0,0,1,0,5,0,1,0,0.0,0,0,0,5,0.0,0,2.4,0,0,0.0,0,0.0,0.9,68,57,0.1,10,0,0,0,0,1,9,0,0,0,0,0,0,0,0,0,10,0.19999999999999996,10,1.0,10,0,0,0,10,0,0,10,0,1,0,0,0,0,0,10,10,37,3466,3389,290,0,9,46,1.0,2900,0,23177,27,411,2900,30624
2025-07-10,argo,com.grab.sample.dummy,KDummyClass90,method9,1,2,0.0,0,0.0,0,0,1,0,5,0,1,0,0.0,0,0,0,5,0.0,0,2.4,0,0,0.0,0,0.0,0.9,68,57,0.1,10,0,0,0,0,1,9,0,0,0,0,0,0,0,0,0,10,0.19999999999999996,10,1.0,10,0,0,0,10,0,0,10,0,1,0,0,0,0,0,10,10,37,3466,3389,290,0,9,46,1.0,2900,0,23177,27,411,2900,30624
2025-07-10,argo,com.grab.sample.dummy,KDummyClass90,method10,1,2,0.0,0,0.0,0,0,1,0,5,0,1,0,0.0,0,0,0,5,0.0,0,2.4,0,0,0.0,0,0.0,0.9,68,57,0.1,10,0,0,0,0,1,9,0,0,0,0,0,0,0,0,0,10,0.19999999999999996,10,1.0,10,0,0,0,10,0,0,10,0,1,0,0,0,0,0,10,10,37,3466,3389,290,0,9,46,1.0,2900,0,23177,27,411,2900,30624
2025-07-10,argo,com.grab.sample.dummy,KDummyClass91,method1,1,0,9.0,0,0.0,0,0,1,0,12,0,1,10,0.0,10,0,9,1,0.0,1,2.0,0,9,0.0,0,0.0,0.9,68,57,0.1,10,0,0,0,0,1,9,0,0,0,0,0,0,0,0,0,10,0.19999999999999996,10,1.0,10,0,0,0,10,0,0,10,0,1,0,0,0,0,0,10,10,37,3466,3389,290,0,9,46,1.0,2900,0,23177,27,411,2900,30624
2025-07-10,argo,com.grab.sample.dummy,KDummyClass91,method2,1,2,0.0,0,0.0,0,0,1,0,5,0,1,0,0.0,0,0,0,5,0.0,0,2.4,0,0,0.0,0,0.0,0.9,68,57,0.1,10,0,0,0,0,1,9,0,0,0,0,0,0,0,0,0,10,0.19999999999999996,10,1.0,10,0,0,0,10,0,0,10,0,1,0,0,0,0,0,10,10,37,3466,3389,290,0,9,46,1.0,2900,0,23177,27,411,2900,30624
2025-07-10,argo,com.grab.sample.dummy,KDummyClass91,method3,1,2,0.0,0,0.0,0,0,1,0,5,0,1,0,0.0,0,0,0,5,0.0,0,2.4,0,0,0.0,0,0.0,0.9,68,57,0.1,10,0,0,0,0,1,9,0,0,0,0,0,0,0,0,0,10,0.19999999999999996,10,1.0,10,0,0,0,10,0,0,10,0,1,0,0,0,0,0,10,10,37,3466,3389,290,0,9,46,1.0,2900,0,23177,27,411,2900,30624
2025-07-10,argo,com.grab.sample.dummy,KDummyClass91,method4,1,2,0.0,0,0.0,0,0,1,0,5,0,1,0,0.0,0,0,0,5,0.0,0,2.4,0,0,0.0,0,0.0,0.9,68,57,0.1,10,0,0,0,0,1,9,0,0,0,0,0,0,0,0,0,10,0.19999999999999996,10,1.0,10,0,0,0,10,0,0,10,0,1,0,0,0,0,0,10,10,37,3466,3389,290,0,9,46,1.0,2900,0,23177,27,411,2900,30624
2025-07-10,argo,com.grab.sample.dummy,KDummyClass91,method5,1,2,0.0,0,0.0,0,0,1,0,5,0,1,0,0.0,0,0,0,5,0.0,0,2.4,0,0,0.0,0,0.0,0.9,68,57,0.1,10,0,0,0,0,1,9,0,0,0,0,0,0,0,0,0,10,0.19999999999999996,10,1.0,10,0,0,0,10,0,0,10,0,1,0,0,0,0,0,10,10,37,3466,3389,290,0,9,46,1.0,2900,0,23177,27,411,2900,30624
2025-07-10,argo,com.grab.sample.dummy,KDummyClass91,method6,1,2,0.0,0,0.0,0,0,1,0,5,0,1,0,0.0,0,0,0,5,0.0,0,2.4,0,0,0.0,0,0.0,0.9,68,57,0.1,10,0,0,0,0,1,9,0,0,0,0,0,0,0,0,0,10,0.19999999999999996,10,1.0,10,0,0,0,10,0,0,10,0,1,0,0,0,0,0,10,10,37,3466,3389,290,0,9,46,1.0,2900,0,23177,27,411,2900,30624
2025-07-10,argo,com.grab.sample.dummy,KDummyClass91,method7,1,2,0.0,0,0.0,0,0,1,0,5,0,1,0,0.0,0,0,0,5,0.0,0,2.4,0,0,0.0,0,0.0,0.9,68,57,0.1,10,0,0,0,0,1,9,0,0,0,0,0,0,0,0,0,10,0.19999999999999996,10,1.0,10,0,0,0,10,0,0,10,0,1,0,0,0,0,0,10,10,37,3466,3389,290,0,9,46,1.0,2900,0,23177,27,411,2900,30624
2025-07-10,argo,com.grab.sample.dummy,KDummyClass91,method8,1,2,0.0,0,0.0,0,0,1,0,5,0,1,0,0.0,0,0,0,5,0.0,0,2.4,0,0,0.0,0,0.0,0.9,68,57,0.1,10,0,0,0,0,1,9,0,0,0,0,0,0,0,0,0,10,0.19999999999999996,10,1.0,10,0,0,0,10,0,0,10,0,1,0,0,0,0,0,10,10,37,3466,3389,290,0,9,46,1.0,2900,0,23177,27,411,2900,30624
2025-07-10,argo,com.grab.sample.dummy,KDummyClass91,method9,1,2,0.0,0,0.0,0,0,1,0,5,0,1,0,0.0,0,0,0,5,0.0,0,2.4,0,0,0.0,0,0.0,0.9,68,57,0.1,10,0,0,0,0,1,9,0,0,0,0,0,0,0,0,0,10,0.19999999999999996,10,1.0,10,0,0,0,10,0,0,10,0,1,0,0,0,0,0,10,10,37,3466,3389,290,0,9,46,1.0,2900,0,23177,27,411,2900,30624
2025-07-10,argo,com.grab.sample.dummy,KDummyClass91,method10,1,2,0.0,0,0.0,0,0,1,0,5,0,1,0,0.0,0,0,0,5,0.0,0,2.4,0,0,0.0,0,0.0,0.9,68,57,0.1,10,0,0,0,0,1,9,0,0,0,0,0,0,0,0,0,10,0.19999999999999996,10,1.0,10,0,0,0,10,0,0,10,0,1,0,0,0,0,0,10,10,37,3466,3389,290,0,9,46,1.0,2900,0,23177,27,411,2900,30624
2025-07-10,argo,com.grab.sample.dummy,KDummyClass92,method1,1,0,9.0,0,0.0,0,0,1,0,12,0,1,10,0.0,10,0,9,1,0.0,1,2.0,0,9,0.0,0,0.0,0.9,68,57,0.1,10,0,0,0,0,1,9,0,0,0,0,0,0,0,0,0,10,0.19999999999999996,10,1.0,10,0,0,0,10,0,0,10,0,1,0,0,0,0,0,10,10,37,3466,3389,290,0,9,46,1.0,2900,0,23177,27,411,2900,30624
2025-07-10,argo,com.grab.sample.dummy,KDummyClass92,method2,1,2,0.0,0,0.0,0,0,1,0,5,0,1,0,0.0,0,0,0,5,0.0,0,2.4,0,0,0.0,0,0.0,0.9,68,57,0.1,10,0,0,0,0,1,9,0,0,0,0,0,0,0,0,0,10,0.19999999999999996,10,1.0,10,0,0,0,10,0,0,10,0,1,0,0,0,0,0,10,10,37,3466,3389,290,0,9,46,1.0,2900,0,23177,27,411,2900,30624
2025-07-10,argo,com.grab.sample.dummy,KDummyClass92,method3,1,2,0.0,0,0.0,0,0,1,0,5,0,1,0,0.0,0,0,0,5,0.0,0,2.4,0,0,0.0,0,0.0,0.9,68,57,0.1,10,0,0,0,0,1,9,0,0,0,0,0,0,0,0,0,10,0.19999999999999996,10,1.0,10,0,0,0,10,0,0,10,0,1,0,0,0,0,0,10,10,37,3466,3389,290,0,9,46,1.0,2900,0,23177,27,411,2900,30624
2025-07-10,argo,com.grab.sample.dummy,KDummyClass92,method4,1,2,0.0,0,0.0,0,0,1,0,5,0,1,0,0.0,0,0,0,5,0.0,0,2.4,0,0,0.0,0,0.0,0.9,68,57,0.1,10,0,0,0,0,1,9,0,0,0,0,0,0,0,0,0,10,0.19999999999999996,10,1.0,10,0,0,0,10,0,0,10,0,1,0,0,0,0,0,10,10,37,3466,3389,290,0,9,46,1.0,2900,0,23177,27,411,2900,30624
2025-07-10,argo,com.grab.sample.dummy,KDummyClass92,method5,1,2,0.0,0,0.0,0,0,1,0,5,0,1,0,0.0,0,0,0,5,0.0,0,2.4,0,0,0.0,0,0.0,0.9,68,57,0.1,10,0,0,0,0,1,9,0,0,0,0,0,0,0,0,0,10,0.19999999999999996,10,1.0,10,0,0,0,10,0,0,10,0,1,0,0,0,0,0,10,10,37,3466,3389,290,0,9,46,1.0,2900,0,23177,27,411,2900,30624
2025-07-10,argo,com.grab.sample.dummy,KDummyClass92,method6,1,2,0.0,0,0.0,0,0,1,0,5,0,1,0,0.0,0,0,0,5,0.0,0,2.4,0,0,0.0,0,0.0,0.9,68,57,0.1,10,0,0,0,0,1,9,0,0,0,0,0,0,0,0,0,10,0.19999999999999996,10,1.0,10,0,0,0,10,0,0,10,0,1,0,0,0,0,0,10,10,37,3466,3389,290,0,9,46,1.0,2900,0,23177,27,411,2900,30624
2025-07-10,argo,com.grab.sample.dummy,KDummyClass92,method7,1,2,0.0,0,0.0,0,0,1,0,5,0,1,0,0.0,0,0,0,5,0.0,0,2.4,0,0,0.0,0,0.0,0.9,68,57,0.1,10,0,0,0,0,1,9,0,0,0,0,0,0,0,0,0,10,0.19999999999999996,10,1.0,10,0,0,0,10,0,0,10,0,1,0,0,0,0,0,10,10,37,3466,3389,290,0,9,46,1.0,2900,0,23177,27,411,2900,30624
2025-07-10,argo,com.grab.sample.dummy,KDummyClass92,method8,1,2,0.0,0,0.0,0,0,1,0,5,0,1,0,0.0,0,0,0,5,0.0,0,2.4,0,0,0.0,0,0.0,0.9,68,57,0.1,10,0,0,0,0,1,9,0,0,0,0,0,0,0,0,0,10,0.19999999999999996,10,1.0,10,0,0,0,10,0,0,10,0,1,0,0,0,0,0,10,10,37,3466,3389,290,0,9,46,1.0,2900,0,23177,27,411,2900,30624
2025-07-10,argo,com.grab.sample.dummy,KDummyClass92,method9,1,2,0.0,0,0.0,0,0,1,0,5,0,1,0,0.0,0,0,0,5,0.0,0,2.4,0,0,0.0,0,0.0,0.9,68,57,0.1,10,0,0,0,0,1,9,0,0,0,0,0,0,0,0,0,10,0.19999999999999996,10,1.0,10,0,0,0,10,0,0,10,0,1,0,0,0,0,0,10,10,37,3466,3389,290,0,9,46,1.0,2900,0,23177,27,411,2900,30624
2025-07-10,argo,com.grab.sample.dummy,KDummyClass92,method10,1,2,0.0,0,0.0,0,0,1,0,5,0,1,0,0.0,0,0,0,5,0.0,0,2.4,0,0,0.0,0,0.0,0.9,68,57,0.1,10,0,0,0,0,1,9,0,0,0,0,0,0,0,0,0,10,0.19999999999999996,10,1.0,10,0,0,0,10,0,0,10,0,1,0,0,0,0,0,10,10,37,3466,3389,290,0,9,46,1.0,2900,0,23177,27,411,2900,30624
2025-07-10,argo,com.grab.sample.dummy,KDummyClass93,method1,1,0,9.0,0,0.0,0,0,1,0,12,0,1,10,0.0,10,0,9,1,0.0,1,2.0,0,9,0.0,0,0.0,0.9,68,57,0.1,10,0,0,0,0,1,9,0,0,0,0,0,0,0,0,0,10,0.19999999999999996,10,1.0,10,0,0,0,10,0,0,10,0,1,0,0,0,0,0,10,10,37,3466,3389,290,0,9,46,1.0,2900,0,23177,27,411,2900,30624
2025-07-10,argo,com.grab.sample.dummy,KDummyClass93,method2,1,2,0.0,0,0.0,0,0,1,0,5,0,1,0,0.0,0,0,0,5,0.0,0,2.4,0,0,0.0,0,0.0,0.9,68,57,0.1,10,0,0,0,0,1,9,0,0,0,0,0,0,0,0,0,10,0.19999999999999996,10,1.0,10,0,0,0,10,0,0,10,0,1,0,0,0,0,0,10,10,37,3466,3389,290,0,9,46,1.0,2900,0,23177,27,411,2900,30624
2025-07-10,argo,com.grab.sample.dummy,KDummyClass93,method3,1,2,0.0,0,0.0,0,0,1,0,5,0,1,0,0.0,0,0,0,5,0.0,0,2.4,0,0,0.0,0,0.0,0.9,68,57,0.1,10,0,0,0,0,1,9,0,0,0,0,0,0,0,0,0,10,0.19999999999999996,10,1.0,10,0,0,0,10,0,0,10,0,1,0,0,0,0,0,10,10,37,3466,3389,290,0,9,46,1.0,2900,0,23177,27,411,2900,30624
2025-07-10,argo,com.grab.sample.dummy,KDummyClass93,method4,1,2,0.0,0,0.0,0,0,1,0,5,0,1,0,0.0,0,0,0,5,0.0,0,2.4,0,0,0.0,0,0.0,0.9,68,57,0.1,10,0,0,0,0,1,9,0,0,0,0,0,0,0,0,0,10,0.19999999999999996,10,1.0,10,0,0,0,10,0,0,10,0,1,0,0,0,0,0,10,10,37,3466,3389,290,0,9,46,1.0,2900,0,23177,27,411,2900,30624
2025-07-10,argo,com.grab.sample.dummy,KDummyClass93,method5,1,2,0.0,0,0.0,0,0,1,0,5,0,1,0,0.0,0,0,0,5,0.0,0,2.4,0,0,0.0,0,0.0,0.9,68,57,0.1,10,0,0,0,0,1,9,0,0,0,0,0,0,0,0,0,10,0.19999999999999996,10,1.0,10,0,0,0,10,0,0,10,0,1,0,0,0,0,0,10,10,37,3466,3389,290,0,9,46,1.0,2900,0,23177,27,411,2900,30624
2025-07-10,argo,com.grab.sample.dummy,KDummyClass93,method6,1,2,0.0,0,0.0,0,0,1,0,5,0,1,0,0.0,0,0,0,5,0.0,0,2.4,0,0,0.0,0,0.0,0.9,68,57,0.1,10,0,0,0,0,1,9,0,0,0,0,0,0,0,0,0,10,0.19999999999999996,10,1.0,10,0,0,0,10,0,0,10,0,1,0,0,0,0,0,10,10,37,3466,3389,290,0,9,46,1.0,2900,0,23177,27,411,2900,30624
2025-07-10,argo,com.grab.sample.dummy,KDummyClass93,method7,1,2,0.0,0,0.0,0,0,1,0,5,0,1,0,0.0,0,0,0,5,0.0,0,2.4,0,0,0.0,0,0.0,0.9,68,57,0.1,10,0,0,0,0,1,9,0,0,0,0,0,0,0,0,0,10,0.19999999999999996,10,1.0,10,0,0,0,10,0,0,10,0,1,0,0,0,0,0,10,10,37,3466,3389,290,0,9,46,1.0,2900,0,23177,27,411,2900,30624
2025-07-10,argo,com.grab.sample.dummy,KDummyClass93,method8,1,2,0.0,0,0.0,0,0,1,0,5,0,1,0,0.0,0,0,0,5,0.0,0,2.4,0,0,0.0,0,0.0,0.9,68,57,0.1,10,0,0,0,0,1,9,0,0,0,0,0,0,0,0,0,10,0.19999999999999996,10,1.0,10,0,0,0,10,0,0,10,0,1,0,0,0,0,0,10,10,37,3466,3389,290,0,9,46,1.0,2900,0,23177,27,411,2900,30624
2025-07-10,argo,com.grab.sample.dummy,KDummyClass93,method9,1,2,0.0,0,0.0,0,0,1,0,5,0,1,0,0.0,0,0,0,5,0.0,0,2.4,0,0,0.0,0,0.0,0.9,68,57,0.1,10,0,0,0,0,1,9,0,0,0,0,0,0,0,0,0,10,0.19999999999999996,10,1.0,10,0,0,0,10,0,0,10,0,1,0,0,0,0,0,10,10,37,3466,3389,290,0,9,46,1.0,2900,0,23177,27,411,2900,30624
2025-07-10,argo,com.grab.sample.dummy,KDummyClass93,method10,1,2,0.0,0,0.0,0,0,1,0,5,0,1,0,0.0,0,0,0,5,0.0,0,2.4,0,0,0.0,0,0.0,0.9,68,57,0.1,10,0,0,0,0,1,9,0,0,0,0,0,0,0,0,0,10,0.19999999999999996,10,1.0,10,0,0,0,10,0,0,10,0,1,0,0,0,0,0,10,10,37,3466,3389,290,0,9,46,1.0,2900,0,23177,27,411,2900,30624
2025-07-10,argo,com.grab.sample.dummy,KDummyClass94,method1,1,0,9.0,0,0.0,0,0,1,0,12,0,1,10,0.0,10,0,9,1,0.0,1,2.0,0,9,0.0,0,0.0,0.9,68,57,0.1,10,0,0,0,0,1,9,0,0,0,0,0,0,0,0,0,10,0.19999999999999996,10,1.0,10,0,0,0,10,0,0,10,0,1,0,0,0,0,0,10,10,37,3466,3389,290,0,9,46,1.0,2900,0,23177,27,411,2900,30624
2025-07-10,argo,com.grab.sample.dummy,KDummyClass94,method2,1,2,0.0,0,0.0,0,0,1,0,5,0,1,0,0.0,0,0,0,5,0.0,0,2.4,0,0,0.0,0,0.0,0.9,68,57,0.1,10,0,0,0,0,1,9,0,0,0,0,0,0,0,0,0,10,0.19999999999999996,10,1.0,10,0,0,0,10,0,0,10,0,1,0,0,0,0,0,10,10,37,3466,3389,290,0,9,46,1.0,2900,0,23177,27,411,2900,30624
2025-07-10,argo,com.grab.sample.dummy,KDummyClass94,method3,1,2,0.0,0,0.0,0,0,1,0,5,0,1,0,0.0,0,0,0,5,0.0,0,2.4,0,0,0.0,0,0.0,0.9,68,57,0.1,10,0,0,0,0,1,9,0,0,0,0,0,0,0,0,0,10,0.19999999999999996,10,1.0,10,0,0,0,10,0,0,10,0,1,0,0,0,0,0,10,10,37,3466,3389,290,0,9,46,1.0,2900,0,23177,27,411,2900,30624
2025-07-10,argo,com.grab.sample.dummy,KDummyClass94,method4,1,2,0.0,0,0.0,0,0,1,0,5,0,1,0,0.0,0,0,0,5,0.0,0,2.4,0,0,0.0,0,0.0,0.9,68,57,0.1,10,0,0,0,0,1,9,0,0,0,0,0,0,0,0,0,10,0.19999999999999996,10,1.0,10,0,0,0,10,0,0,10,0,1,0,0,0,0,0,10,10,37,3466,3389,290,0,9,46,1.0,2900,0,23177,27,411,2900,30624
2025-07-10,argo,com.grab.sample.dummy,KDummyClass94,method5,1,2,0.0,0,0.0,0,0,1,0,5,0,1,0,0.0,0,0,0,5,0.0,0,2.4,0,0,0.0,0,0.0,0.9,68,57,0.1,10,0,0,0,0,1,9,0,0,0,0,0,0,0,0,0,10,0.19999999999999996,10,1.0,10,0,0,0,10,0,0,10,0,1,0,0,0,0,0,10,10,37,3466,3389,290,0,9,46,1.0,2900,0,23177,27,411,2900,30624
2025-07-10,argo,com.grab.sample.dummy,KDummyClass94,method6,1,2,0.0,0,0.0,0,0,1,0,5,0,1,0,0.0,0,0,0,5,0.0,0,2.4,0,0,0.0,0,0.0,0.9,68,57,0.1,10,0,0,0,0,1,9,0,0,0,0,0,0,0,0,0,10,0.19999999999999996,10,1.0,10,0,0,0,10,0,0,10,0,1,0,0,0,0,0,10,10,37,3466,3389,290,0,9,46,1.0,2900,0,23177,27,411,2900,30624
2025-07-10,argo,com.grab.sample.dummy,KDummyClass94,method7,1,2,0.0,0,0.0,0,0,1,0,5,0,1,0,0.0,0,0,0,5,0.0,0,2.4,0,0,0.0,0,0.0,0.9,68,57,0.1,10,0,0,0,0,1,9,0,0,0,0,0,0,0,0,0,10,0.19999999999999996,10,1.0,10,0,0,0,10,0,0,10,0,1,0,0,0,0,0,10,10,37,3466,3389,290,0,9,46,1.0,2900,0,23177,27,411,2900,30624
2025-07-10,argo,com.grab.sample.dummy,KDummyClass94,method8,1,2,0.0,0,0.0,0,0,1,0,5,0,1,0,0.0,0,0,0,5,0.0,0,2.4,0,0,0.0,0,0.0,0.9,68,57,0.1,10,0,0,0,0,1,9,0,0,0,0,0,0,0,0,0,10,0.19999999999999996,10,1.0,10,0,0,0,10,0,0,10,0,1,0,0,0,0,0,10,10,37,3466,3389,290,0,9,46,1.0,2900,0,23177,27,411,2900,30624
2025-07-10,argo,com.grab.sample.dummy,KDummyClass94,method9,1,2,0.0,0,0.0,0,0,1,0,5,0,1,0,0.0,0,0,0,5,0.0,0,2.4,0,0,0.0,0,0.0,0.9,68,57,0.1,10,0,0,0,0,1,9,0,0,0,0,0,0,0,0,0,10,0.19999999999999996,10,1.0,10,0,0,0,10,0,0,10,0,1,0,0,0,0,0,10,10,37,3466,3389,290,0,9,46,1.0,2900,0,23177,27,411,2900,30624
2025-07-10,argo,com.grab.sample.dummy,KDummyClass94,method10,1,2,0.0,0,0.0,0,0,1,0,5,0,1,0,0.0,0,0,0,5,0.0,0,2.4,0,0,0.0,0,0.0,0.9,68,57,0.1,10,0,0,0,0,1,9,0,0,0,0,0,0,0,0,0,10,0.19999999999999996,10,1.0,10,0,0,0,10,0,0,10,0,1,0,0,0,0,0,10,10,37,3466,3389,290,0,9,46,1.0,2900,0,23177,27,411,2900,30624
2025-07-10,argo,com.grab.sample.dummy,KDummyClass95,method1,1,0,9.0,0,0.0,0,0,1,0,12,0,1,10,0.0,10,0,9,1,0.0,1,2.0,0,9,0.0,0,0.0,0.9,68,57,0.1,10,0,0,0,0,1,9,0,0,0,0,0,0,0,0,0,10,0.19999999999999996,10,1.0,10,0,0,0,10,0,0,10,0,1,0,0,0,0,0,10,10,37,3466,3389,290,0,9,46,1.0,2900,0,23177,27,411,2900,30624
2025-07-10,argo,com.grab.sample.dummy,KDummyClass95,method2,1,2,0.0,0,0.0,0,0,1,0,5,0,1,0,0.0,0,0,0,5,0.0,0,2.4,0,0,0.0,0,0.0,0.9,68,57,0.1,10,0,0,0,0,1,9,0,0,0,0,0,0,0,0,0,10,0.19999999999999996,10,1.0,10,0,0,0,10,0,0,10,0,1,0,0,0,0,0,10,10,37,3466,3389,290,0,9,46,1.0,2900,0,23177,27,411,2900,30624
2025-07-10,argo,com.grab.sample.dummy,KDummyClass95,method3,1,2,0.0,0,0.0,0,0,1,0,5,0,1,0,0.0,0,0,0,5,0.0,0,2.4,0,0,0.0,0,0.0,0.9,68,57,0.1,10,0,0,0,0,1,9,0,0,0,0,0,0,0,0,0,10,0.19999999999999996,10,1.0,10,0,0,0,10,0,0,10,0,1,0,0,0,0,0,10,10,37,3466,3389,290,0,9,46,1.0,2900,0,23177,27,411,2900,30624
2025-07-10,argo,com.grab.sample.dummy,KDummyClass95,method4,1,2,0.0,0,0.0,0,0,1,0,5,0,1,0,0.0,0,0,0,5,0.0,0,2.4,0,0,0.0,0,0.0,0.9,68,57,0.1,10,0,0,0,0,1,9,0,0,0,0,0,0,0,0,0,10,0.19999999999999996,10,1.0,10,0,0,0,10,0,0,10,0,1,0,0,0,0,0,10,10,37,3466,3389,290,0,9,46,1.0,2900,0,23177,27,411,2900,30624
2025-07-10,argo,com.grab.sample.dummy,KDummyClass95,method5,1,2,0.0,0,0.0,0,0,1,0,5,0,1,0,0.0,0,0,0,5,0.0,0,2.4,0,0,0.0,0,0.0,0.9,68,57,0.1,10,0,0,0,0,1,9,0,0,0,0,0,0,0,0,0,10,0.19999999999999996,10,1.0,10,0,0,0,10,0,0,10,0,1,0,0,0,0,0,10,10,37,3466,3389,290,0,9,46,1.0,2900,0,23177,27,411,2900,30624
2025-07-10,argo,com.grab.sample.dummy,KDummyClass95,method6,1,2,0.0,0,0.0,0,0,1,0,5,0,1,0,0.0,0,0,0,5,0.0,0,2.4,0,0,0.0,0,0.0,0.9,68,57,0.1,10,0,0,0,0,1,9,0,0,0,0,0,0,0,0,0,10,0.19999999999999996,10,1.0,10,0,0,0,10,0,0,10,0,1,0,0,0,0,0,10,10,37,3466,3389,290,0,9,46,1.0,2900,0,23177,27,411,2900,30624
2025-07-10,argo,com.grab.sample.dummy,KDummyClass95,method7,1,2,0.0,0,0.0,0,0,1,0,5,0,1,0,0.0,0,0,0,5,0.0,0,2.4,0,0,0.0,0,0.0,0.9,68,57,0.1,10,0,0,0,0,1,9,0,0,0,0,0,0,0,0,0,10,0.19999999999999996,10,1.0,10,0,0,0,10,0,0,10,0,1,0,0,0,0,0,10,10,37,3466,3389,290,0,9,46,1.0,2900,0,23177,27,411,2900,30624
2025-07-10,argo,com.grab.sample.dummy,KDummyClass95,method8,1,2,0.0,0,0.0,0,0,1,0,5,0,1,0,0.0,0,0,0,5,0.0,0,2.4,0,0,0.0,0,0.0,0.9,68,57,0.1,10,0,0,0,0,1,9,0,0,0,0,0,0,0,0,0,10,0.19999999999999996,10,1.0,10,0,0,0,10,0,0,10,0,1,0,0,0,0,0,10,10,37,3466,3389,290,0,9,46,1.0,2900,0,23177,27,411,2900,30624
2025-07-10,argo,com.grab.sample.dummy,KDummyClass95,method9,1,2,0.0,0,0.0,0,0,1,0,5,0,1,0,0.0,0,0,0,5,0.0,0,2.4,0,0,0.0,0,0.0,0.9,68,57,0.1,10,0,0,0,0,1,9,0,0,0,0,0,0,0,0,0,10,0.19999999999999996,10,1.0,10,0,0,0,10,0,0,10,0,1,0,0,0,0,0,10,10,37,3466,3389,290,0,9,46,1.0,2900,0,23177,27,411,2900,30624
2025-07-10,argo,com.grab.sample.dummy,KDummyClass95,method10,1,2,0.0,0,0.0,0,0,1,0,5,0,1,0,0.0,0,0,0,5,0.0,0,2.4,0,0,0.0,0,0.0,0.9,68,57,0.1,10,0,0,0,0,1,9,0,0,0,0,0,0,0,0,0,10,0.19999999999999996,10,1.0,10,0,0,0,10,0,0,10,0,1,0,0,0,0,0,10,10,37,3466,3389,290,0,9,46,1.0,2900,0,23177,27,411,2900,30624
2025-07-10,argo,com.grab.sample.dummy,KDummyClass96,method1,1,0,9.0,0,0.0,0,0,1,0,12,0,1,10,0.0,10,0,9,1,0.0,1,2.0,0,9,0.0,0,0.0,0.9,68,57,0.1,10,0,0,0,0,1,9,0,0,0,0,0,0,0,0,0,10,0.19999999999999996,10,1.0,10,0,0,0,10,0,0,10,0,1,0,0,0,0,0,10,10,37,3466,3389,290,0,9,46,1.0,2900,0,23177,27,411,2900,30624
2025-07-10,argo,com.grab.sample.dummy,KDummyClass96,method2,1,2,0.0,0,0.0,0,0,1,0,5,0,1,0,0.0,0,0,0,5,0.0,0,2.4,0,0,0.0,0,0.0,0.9,68,57,0.1,10,0,0,0,0,1,9,0,0,0,0,0,0,0,0,0,10,0.19999999999999996,10,1.0,10,0,0,0,10,0,0,10,0,1,0,0,0,0,0,10,10,37,3466,3389,290,0,9,46,1.0,2900,0,23177,27,411,2900,30624
2025-07-10,argo,com.grab.sample.dummy,KDummyClass96,method3,1,2,0.0,0,0.0,0,0,1,0,5,0,1,0,0.0,0,0,0,5,0.0,0,2.4,0,0,0.0,0,0.0,0.9,68,57,0.1,10,0,0,0,0,1,9,0,0,0,0,0,0,0,0,0,10,0.19999999999999996,10,1.0,10,0,0,0,10,0,0,10,0,1,0,0,0,0,0,10,10,37,3466,3389,290,0,9,46,1.0,2900,0,23177,27,411,2900,30624
2025-07-10,argo,com.grab.sample.dummy,KDummyClass96,method4,1,2,0.0,0,0.0,0,0,1,0,5,0,1,0,0.0,0,0,0,5,0.0,0,2.4,0,0,0.0,0,0.0,0.9,68,57,0.1,10,0,0,0,0,1,9,0,0,0,0,0,0,0,0,0,10,0.19999999999999996,10,1.0,10,0,0,0,10,0,0,10,0,1,0,0,0,0,0,10,10,37,3466,3389,290,0,9,46,1.0,2900,0,23177,27,411,2900,30624
2025-07-10,argo,com.grab.sample.dummy,KDummyClass96,method5,1,2,0.0,0,0.0,0,0,1,0,5,0,1,0,0.0,0,0,0,5,0.0,0,2.4,0,0,0.0,0,0.0,0.9,68,57,0.1,10,0,0,0,0,1,9,0,0,0,0,0,0,0,0,0,10,0.19999999999999996,10,1.0,10,0,0,0,10,0,0,10,0,1,0,0,0,0,0,10,10,37,3466,3389,290,0,9,46,1.0,2900,0,23177,27,411,2900,30624
2025-07-10,argo,com.grab.sample.dummy,KDummyClass96,method6,1,2,0.0,0,0.0,0,0,1,0,5,0,1,0,0.0,0,0,0,5,0.0,0,2.4,0,0,0.0,0,0.0,0.9,68,57,0.1,10,0,0,0,0,1,9,0,0,0,0,0,0,0,0,0,10,0.19999999999999996,10,1.0,10,0,0,0,10,0,0,10,0,1,0,0,0,0,0,10,10,37,3466,3389,290,0,9,46,1.0,2900,0,23177,27,411,2900,30624
2025-07-10,argo,com.grab.sample.dummy,KDummyClass96,method7,1,2,0.0,0,0.0,0,0,1,0,5,0,1,0,0.0,0,0,0,5,0.0,0,2.4,0,0,0.0,0,0.0,0.9,68,57,0.1,10,0,0,0,0,1,9,0,0,0,0,0,0,0,0,0,10,0.19999999999999996,10,1.0,10,0,0,0,10,0,0,10,0,1,0,0,0,0,0,10,10,37,3466,3389,290,0,9,46,1.0,2900,0,23177,27,411,2900,30624
2025-07-10,argo,com.grab.sample.dummy,KDummyClass96,method8,1,2,0.0,0,0.0,0,0,1,0,5,0,1,0,0.0,0,0,0,5,0.0,0,2.4,0,0,0.0,0,0.0,0.9,68,57,0.1,10,0,0,0,0,1,9,0,0,0,0,0,0,0,0,0,10,0.19999999999999996,10,1.0,10,0,0,0,10,0,0,10,0,1,0,0,0,0,0,10,10,37,3466,3389,290,0,9,46,1.0,2900,0,23177,27,411,2900,30624
2025-07-10,argo,com.grab.sample.dummy,KDummyClass96,method9,1,2,0.0,0,0.0,0,0,1,0,5,0,1,0,0.0,0,0,0,5,0.0,0,2.4,0,0,0.0,0,0.0,0.9,68,57,0.1,10,0,0,0,0,1,9,0,0,0,0,0,0,0,0,0,10,0.19999999999999996,10,1.0,10,0,0,0,10,0,0,10,0,1,0,0,0,0,0,10,10,37,3466,3389,290,0,9,46,1.0,2900,0,23177,27,411,2900,30624
2025-07-10,argo,com.grab.sample.dummy,KDummyClass96,method10,1,2,0.0,0,0.0,0,0,1,0,5,0,1,0,0.0,0,0,0,5,0.0,0,2.4,0,0,0.0,0,0.0,0.9,68,57,0.1,10,0,0,0,0,1,9,0,0,0,0,0,0,0,0,0,10,0.19999999999999996,10,1.0,10,0,0,0,10,0,0,10,0,1,0,0,0,0,0,10,10,37,3466,3389,290,0,9,46,1.0,2900,0,23177,27,411,2900,30624
2025-07-10,argo,com.grab.sample.dummy,KDummyClass97,method1,1,0,9.0,0,0.0,0,0,1,0,12,0,1,10,0.0,10,0,9,1,0.0,1,2.0,0,9,0.0,0,0.0,0.9,68,57,0.1,10,0,0,0,0,1,9,0,0,0,0,0,0,0,0,0,10,0.19999999999999996,10,1.0,10,0,0,0,10,0,0,10,0,1,0,0,0,0,0,10,10,37,3466,3389,290,0,9,46,1.0,2900,0,23177,27,411,2900,30624
2025-07-10,argo,com.grab.sample.dummy,KDummyClass97,method2,1,2,0.0,0,0.0,0,0,1,0,5,0,1,0,0.0,0,0,0,5,0.0,0,2.4,0,0,0.0,0,0.0,0.9,68,57,0.1,10,0,0,0,0,1,9,0,0,0,0,0,0,0,0,0,10,0.19999999999999996,10,1.0,10,0,0,0,10,0,0,10,0,1,0,0,0,0,0,10,10,37,3466,3389,290,0,9,46,1.0,2900,0,23177,27,411,2900,30624
2025-07-10,argo,com.grab.sample.dummy,KDummyClass97,method3,1,2,0.0,0,0.0,0,0,1,0,5,0,1,0,0.0,0,0,0,5,0.0,0,2.4,0,0,0.0,0,0.0,0.9,68,57,0.1,10,0,0,0,0,1,9,0,0,0,0,0,0,0,0,0,10,0.19999999999999996,10,1.0,10,0,0,0,10,0,0,10,0,1,0,0,0,0,0,10,10,37,3466,3389,290,0,9,46,1.0,2900,0,23177,27,411,2900,30624
2025-07-10,argo,com.grab.sample.dummy,KDummyClass97,method4,1,2,0.0,0,0.0,0,0,1,0,5,0,1,0,0.0,0,0,0,5,0.0,0,2.4,0,0,0.0,0,0.0,0.9,68,57,0.1,10,0,0,0,0,1,9,0,0,0,0,0,0,0,0,0,10,0.19999999999999996,10,1.0,10,0,0,0,10,0,0,10,0,1,0,0,0,0,0,10,10,37,3466,3389,290,0,9,46,1.0,2900,0,23177,27,411,2900,30624
2025-07-10,argo,com.grab.sample.dummy,KDummyClass97,method5,1,2,0.0,0,0.0,0,0,1,0,5,0,1,0,0.0,0,0,0,5,0.0,0,2.4,0,0,0.0,0,0.0,0.9,68,57,0.1,10,0,0,0,0,1,9,0,0,0,0,0,0,0,0,0,10,0.19999999999999996,10,1.0,10,0,0,0,10,0,0,10,0,1,0,0,0,0,0,10,10,37,3466,3389,290,0,9,46,1.0,2900,0,23177,27,411,2900,30624
2025-07-10,argo,com.grab.sample.dummy,KDummyClass97,method6,1,2,0.0,0,0.0,0,0,1,0,5,0,1,0,0.0,0,0,0,5,0.0,0,2.4,0,0,0.0,0,0.0,0.9,68,57,0.1,10,0,0,0,0,1,9,0,0,0,0,0,0,0,0,0,10,0.19999999999999996,10,1.0,10,0,0,0,10,0,0,10,0,1,0,0,0,0,0,10,10,37,3466,3389,290,0,9,46,1.0,2900,0,23177,27,411,2900,30624
2025-07-10,argo,com.grab.sample.dummy,KDummyClass97,method7,1,2,0.0,0,0.0,0,0,1,0,5,0,1,0,0.0,0,0,0,5,0.0,0,2.4,0,0,0.0,0,0.0,0.9,68,57,0.1,10,0,0,0,0,1,9,0,0,0,0,0,0,0,0,0,10,0.19999999999999996,10,1.0,10,0,0,0,10,0,0,10,0,1,0,0,0,0,0,10,10,37,3466,3389,290,0,9,46,1.0,2900,0,23177,27,411,2900,30624
2025-07-10,argo,com.grab.sample.dummy,KDummyClass97,method8,1,2,0.0,0,0.0,0,0,1,0,5,0,1,0,0.0,0,0,0,5,0.0,0,2.4,0,0,0.0,0,0.0,0.9,68,57,0.1,10,0,0,0,0,1,9,0,0,0,0,0,0,0,0,0,10,0.19999999999999996,10,1.0,10,0,0,0,10,0,0,10,0,1,0,0,0,0,0,10,10,37,3466,3389,290,0,9,46,1.0,2900,0,23177,27,411,2900,30624
2025-07-10,argo,com.grab.sample.dummy,KDummyClass97,method9,1,2,0.0,0,0.0,0,0,1,0,5,0,1,0,0.0,0,0,0,5,0.0,0,2.4,0,0,0.0,0,0.0,0.9,68,57,0.1,10,0,0,0,0,1,9,0,0,0,0,0,0,0,0,0,10,0.19999999999999996,10,1.0,10,0,0,0,10,0,0,10,0,1,0,0,0,0,0,10,10,37,3466,3389,290,0,9,46,1.0,2900,0,23177,27,411,2900,30624
2025-07-10,argo,com.grab.sample.dummy,KDummyClass97,method10,1,2,0.0,0,0.0,0,0,1,0,5,0,1,0,0.0,0,0,0,5,0.0,0,2.4,0,0,0.0,0,0.0,0.9,68,57,0.1,10,0,0,0,0,1,9,0,0,0,0,0,0,0,0,0,10,0.19999999999999996,10,1.0,10,0,0,0,10,0,0,10,0,1,0,0,0,0,0,10,10,37,3466,3389,290,0,9,46,1.0,2900,0,23177,27,411,2900,30624
2025-07-10,argo,com.grab.sample.dummy,KDummyClass98,method1,1,0,9.0,0,0.0,0,0,1,0,12,0,1,10,0.0,10,0,9,1,0.0,1,2.0,0,9,0.0,0,0.0,0.9,68,57,0.1,10,0,0,0,0,1,9,0,0,0,0,0,0,0,0,0,10,0.19999999999999996,10,1.0,10,0,0,0,10,0,0,10,0,1,0,0,0,0,0,10,10,37,3466,3389,290,0,9,46,1.0,2900,0,23177,27,411,2900,30624
2025-07-10,argo,com.grab.sample.dummy,KDummyClass98,method2,1,2,0.0,0,0.0,0,0,1,0,5,0,1,0,0.0,0,0,0,5,0.0,0,2.4,0,0,0.0,0,0.0,0.9,68,57,0.1,10,0,0,0,0,1,9,0,0,0,0,0,0,0,0,0,10,0.19999999999999996,10,1.0,10,0,0,0,10,0,0,10,0,1,0,0,0,0,0,10,10,37,3466,3389,290,0,9,46,1.0,2900,0,23177,27,411,2900,30624
2025-07-10,argo,com.grab.sample.dummy,KDummyClass98,method3,1,2,0.0,0,0.0,0,0,1,0,5,0,1,0,0.0,0,0,0,5,0.0,0,2.4,0,0,0.0,0,0.0,0.9,68,57,0.1,10,0,0,0,0,1,9,0,0,0,0,0,0,0,0,0,10,0.19999999999999996,10,1.0,10,0,0,0,10,0,0,10,0,1,0,0,0,0,0,10,10,37,3466,3389,290,0,9,46,1.0,2900,0,23177,27,411,2900,30624
2025-07-10,argo,com.grab.sample.dummy,KDummyClass98,method4,1,2,0.0,0,0.0,0,0,1,0,5,0,1,0,0.0,0,0,0,5,0.0,0,2.4,0,0,0.0,0,0.0,0.9,68,57,0.1,10,0,0,0,0,1,9,0,0,0,0,0,0,0,0,0,10,0.19999999999999996,10,1.0,10,0,0,0,10,0,0,10,0,1,0,0,0,0,0,10,10,37,3466,3389,290,0,9,46,1.0,2900,0,23177,27,411,2900,30624
2025-07-10,argo,com.grab.sample.dummy,KDummyClass98,method5,1,2,0.0,0,0.0,0,0,1,0,5,0,1,0,0.0,0,0,0,5,0.0,0,2.4,0,0,0.0,0,0.0,0.9,68,57,0.1,10,0,0,0,0,1,9,0,0,0,0,0,0,0,0,0,10,0.19999999999999996,10,1.0,10,0,0,0,10,0,0,10,0,1,0,0,0,0,0,10,10,37,3466,3389,290,0,9,46,1.0,2900,0,23177,27,411,2900,30624
2025-07-10,argo,com.grab.sample.dummy,KDummyClass98,method6,1,2,0.0,0,0.0,0,0,1,0,5,0,1,0,0.0,0,0,0,5,0.0,0,2.4,0,0,0.0,0,0.0,0.9,68,57,0.1,10,0,0,0,0,1,9,0,0,0,0,0,0,0,0,0,10,0.19999999999999996,10,1.0,10,0,0,0,10,0,0,10,0,1,0,0,0,0,0,10,10,37,3466,3389,290,0,9,46,1.0,2900,0,23177,27,411,2900,30624
2025-07-10,argo,com.grab.sample.dummy,KDummyClass98,method7,1,2,0.0,0,0.0,0,0,1,0,5,0,1,0,0.0,0,0,0,5,0.0,0,2.4,0,0,0.0,0,0.0,0.9,68,57,0.1,10,0,0,0,0,1,9,0,0,0,0,0,0,0,0,0,10,0.19999999999999996,10,1.0,10,0,0,0,10,0,0,10,0,1,0,0,0,0,0,10,10,37,3466,3389,290,0,9,46,1.0,2900,0,23177,27,411,2900,30624
2025-07-10,argo,com.grab.sample.dummy,KDummyClass98,method8,1,2,0.0,0,0.0,0,0,1,0,5,0,1,0,0.0,0,0,0,5,0.0,0,2.4,0,0,0.0,0,0.0,0.9,68,57,0.1,10,0,0,0,0,1,9,0,0,0,0,0,0,0,0,0,10,0.19999999999999996,10,1.0,10,0,0,0,10,0,0,10,0,1,0,0,0,0,0,10,10,37,3466,3389,290,0,9,46,1.0,2900,0,23177,27,411,2900,30624
2025-07-10,argo,com.grab.sample.dummy,KDummyClass98,method9,1,2,0.0,0,0.0,0,0,1,0,5,0,1,0,0.0,0,0,0,5,0.0,0,2.4,0,0,0.0,0,0.0,0.9,68,57,0.1,10,0,0,0,0,1,9,0,0,0,0,0,0,0,0,0,10,0.19999999999999996,10,1.0,10,0,0,0,10,0,0,10,0,1,0,0,0,0,0,10,10,37,3466,3389,290,0,9,46,1.0,2900,0,23177,27,411,2900,30624
2025-07-10,argo,com.grab.sample.dummy,KDummyClass98,method10,1,2,0.0,0,0.0,0,0,1,0,5,0,1,0,0.0,0,0,0,5,0.0,0,2.4,0,0,0.0,0,0.0,0.9,68,57,0.1,10,0,0,0,0,1,9,0,0,0,0,0,0,0,0,0,10,0.19999999999999996,10,1.0,10,0,0,0,10,0,0,10,0,1,0,0,0,0,0,10,10,37,3466,3389,290,0,9,46,1.0,2900,0,23177,27,411,2900,30624
2025-07-10,argo,com.grab.sample.dummy,KDummyClass99,method1,1,0,9.0,0,0.0,0,0,1,0,12,0,1,10,0.0,10,0,9,1,0.0,1,2.0,0,9,0.0,0,0.0,0.9,68,57,0.1,10,0,0,0,0,1,9,0,0,0,0,0,0,0,0,0,10,0.19999999999999996,10,1.0,10,0,0,0,10,0,0,10,0,1,0,0,0,0,0,10,10,37,3466,3389,290,0,9,46,1.0,2900,0,23177,27,411,2900,30624
2025-07-10,argo,com.grab.sample.dummy,KDummyClass99,method2,1,2,0.0,0,0.0,0,0,1,0,5,0,1,0,0.0,0,0,0,5,0.0,0,2.4,0,0,0.0,0,0.0,0.9,68,57,0.1,10,0,0,0,0,1,9,0,0,0,0,0,0,0,0,0,10,0.19999999999999996,10,1.0,10,0,0,0,10,0,0,10,0,1,0,0,0,0,0,10,10,37,3466,3389,290,0,9,46,1.0,2900,0,23177,27,411,2900,30624
2025-07-10,argo,com.grab.sample.dummy,KDummyClass99,method3,1,2,0.0,0,0.0,0,0,1,0,5,0,1,0,0.0,0,0,0,5,0.0,0,2.4,0,0,0.0,0,0.0,0.9,68,57,0.1,10,0,0,0,0,1,9,0,0,0,0,0,0,0,0,0,10,0.19999999999999996,10,1.0,10,0,0,0,10,0,0,10,0,1,0,0,0,0,0,10,10,37,3466,3389,290,0,9,46,1.0,2900,0,23177,27,411,2900,30624
2025-07-10,argo,com.grab.sample.dummy,KDummyClass99,method4,1,2,0.0,0,0.0,0,0,1,0,5,0,1,0,0.0,0,0,0,5,0.0,0,2.4,0,0,0.0,0,0.0,0.9,68,57,0.1,10,0,0,0,0,1,9,0,0,0,0,0,0,0,0,0,10,0.19999999999999996,10,1.0,10,0,0,0,10,0,0,10,0,1,0,0,0,0,0,10,10,37,3466,3389,290,0,9,46,1.0,2900,0,23177,27,411,2900,30624
2025-07-10,argo,com.grab.sample.dummy,KDummyClass99,method5,1,2,0.0,0,0.0,0,0,1,0,5,0,1,0,0.0,0,0,0,5,0.0,0,2.4,0,0,0.0,0,0.0,0.9,68,57,0.1,10,0,0,0,0,1,9,0,0,0,0,0,0,0,0,0,10,0.19999999999999996,10,1.0,10,0,0,0,10,0,0,10,0,1,0,0,0,0,0,10,10,37,3466,3389,290,0,9,46,1.0,2900,0,23177,27,411,2900,30624
2025-07-10,argo,com.grab.sample.dummy,KDummyClass99,method6,1,2,0.0,0,0.0,0,0,1,0,5,0,1,0,0.0,0,0,0,5,0.0,0,2.4,0,0,0.0,0,0.0,0.9,68,57,0.1,10,0,0,0,0,1,9,0,0,0,0,0,0,0,0,0,10,0.19999999999999996,10,1.0,10,0,0,0,10,0,0,10,0,1,0,0,0,0,0,10,10,37,3466,3389,290,0,9,46,1.0,2900,0,23177,27,411,2900,30624
2025-07-10,argo,com.grab.sample.dummy,KDummyClass99,method7,1,2,0.0,0,0.0,0,0,1,0,5,0,1,0,0.0,0,0,0,5,0.0,0,2.4,0,0,0.0,0,0.0,0.9,68,57,0.1,10,0,0,0,0,1,9,0,0,0,0,0,0,0,0,0,10,0.19999999999999996,10,1.0,10,0,0,0,10,0,0,10,0,1,0,0,0,0,0,10,10,37,3466,3389,290,0,9,46,1.0,2900,0,23177,27,411,2900,30624
2025-07-10,argo,com.grab.sample.dummy,KDummyClass99,method8,1,2,0.0,0,0.0,0,0,1,0,5,0,1,0,0.0,0,0,0,5,0.0,0,2.4,0,0,0.0,0,0.0,0.9,68,57,0.1,10,0,0,0,0,1,9,0,0,0,0,0,0,0,0,0,10,0.19999999999999996,10,1.0,10,0,0,0,10,0,0,10,0,1,0,0,0,0,0,10,10,37,3466,3389,290,0,9,46,1.0,2900,0,23177,27,411,2900,30624
2025-07-10,argo,com.grab.sample.dummy,KDummyClass99,method9,1,2,0.0,0,0.0,0,0,1,0,5,0,1,0,0.0,0,0,0,5,0.0,0,2.4,0,0,0.0,0,0.0,0.9,68,57,0.1,10,0,0,0,0,1,9,0,0,0,0,0,0,0,0,0,10,0.19999999999999996,10,1.0,10,0,0,0,10,0,0,10,0,1,0,0,0,0,0,10,10,37,3466,3389,290,0,9,46,1.0,2900,0,23177,27,411,2900,30624
2025-07-10,argo,com.grab.sample.dummy,KDummyClass99,method10,1,2,0.0,0,0.0,0,0,1,0,5,0,1,0,0.0,0,0,0,5,0.0,0,2.4,0,0,0.0,0,0.0,0.9,68,57,0.1,10,0,0,0,0,1,9,0,0,0,0,0,0,0,0,0,10,0.19999999999999996,10,1.0,10,0,0,0,10,0,0,10,0,1,0,0,0,0,0,10,10,37,3466,3389,290,0,9,46,1.0,2900,0,23177,27,411,2900,30624
2025-07-10,argo,com.grab.sample.dummy,KMPDummyClass1,method1,1,0,9.0,0,0.0,0,0,1,0,12,0,1,10,0.0,10,0,9,1,0.0,1,2.0,0,9,0.0,0,0.0,0.9,68,57,0.1,10,0,0,0,0,1,9,0,0,0,0,0,0,0,0,0,10,0.19999999999999996,10,1.0,10,0,0,0,10,0,0,10,0,1,0,0,0,0,0,10,10,37,3466,3389,290,0,9,46,1.0,2900,0,23177,27,411,2900,30624
2025-07-10,argo,com.grab.sample.dummy,KMPDummyClass1,method2,1,2,0.0,0,0.0,0,0,1,0,5,0,1,0,0.0,0,0,0,5,0.0,0,2.4,0,0,0.0,0,0.0,0.9,68,57,0.1,10,0,0,0,0,1,9,0,0,0,0,0,0,0,0,0,10,0.19999999999999996,10,1.0,10,0,0,0,10,0,0,10,0,1,0,0,0,0,0,10,10,37,3466,3389,290,0,9,46,1.0,2900,0,23177,27,411,2900,30624
2025-07-10,argo,com.grab.sample.dummy,KMPDummyClass1,method3,1,2,0.0,0,0.0,0,0,1,0,5,0,1,0,0.0,0,0,0,5,0.0,0,2.4,0,0,0.0,0,0.0,0.9,68,57,0.1,10,0,0,0,0,1,9,0,0,0,0,0,0,0,0,0,10,0.19999999999999996,10,1.0,10,0,0,0,10,0,0,10,0,1,0,0,0,0,0,10,10,37,3466,3389,290,0,9,46,1.0,2900,0,23177,27,411,2900,30624
2025-07-10,argo,com.grab.sample.dummy,KMPDummyClass1,method4,1,2,0.0,0,0.0,0,0,1,0,5,0,1,0,0.0,0,0,0,5,0.0,0,2.4,0,0,0.0,0,0.0,0.9,68,57,0.1,10,0,0,0,0,1,9,0,0,0,0,0,0,0,0,0,10,0.19999999999999996,10,1.0,10,0,0,0,10,0,0,10,0,1,0,0,0,0,0,10,10,37,3466,3389,290,0,9,46,1.0,2900,0,23177,27,411,2900,30624
2025-07-10,argo,com.grab.sample.dummy,KMPDummyClass1,method5,1,2,0.0,0,0.0,0,0,1,0,5,0,1,0,0.0,0,0,0,5,0.0,0,2.4,0,0,0.0,0,0.0,0.9,68,57,0.1,10,0,0,0,0,1,9,0,0,0,0,0,0,0,0,0,10,0.19999999999999996,10,1.0,10,0,0,0,10,0,0,10,0,1,0,0,0,0,0,10,10,37,3466,3389,290,0,9,46,1.0,2900,0,23177,27,411,2900,30624
2025-07-10,argo,com.grab.sample.dummy,KMPDummyClass1,method6,1,2,0.0,0,0.0,0,0,1,0,5,0,1,0,0.0,0,0,0,5,0.0,0,2.4,0,0,0.0,0,0.0,0.9,68,57,0.1,10,0,0,0,0,1,9,0,0,0,0,0,0,0,0,0,10,0.19999999999999996,10,1.0,10,0,0,0,10,0,0,10,0,1,0,0,0,0,0,10,10,37,3466,3389,290,0,9,46,1.0,2900,0,23177,27,411,2900,30624
2025-07-10,argo,com.grab.sample.dummy,KMPDummyClass1,method7,1,2,0.0,0,0.0,0,0,1,0,5,0,1,0,0.0,0,0,0,5,0.0,0,2.4,0,0,0.0,0,0.0,0.9,68,57,0.1,10,0,0,0,0,1,9,0,0,0,0,0,0,0,0,0,10,0.19999999999999996,10,1.0,10,0,0,0,10,0,0,10,0,1,0,0,0,0,0,10,10,37,3466,3389,290,0,9,46,1.0,2900,0,23177,27,411,2900,30624
2025-07-10,argo,com.grab.sample.dummy,KMPDummyClass1,method8,1,2,0.0,0,0.0,0,0,1,0,5,0,1,0,0.0,0,0,0,5,0.0,0,2.4,0,0,0.0,0,0.0,0.9,68,57,0.1,10,0,0,0,0,1,9,0,0,0,0,0,0,0,0,0,10,0.19999999999999996,10,1.0,10,0,0,0,10,0,0,10,0,1,0,0,0,0,0,10,10,37,3466,3389,290,0,9,46,1.0,2900,0,23177,27,411,2900,30624
2025-07-10,argo,com.grab.sample.dummy,KMPDummyClass1,method9,1,2,0.0,0,0.0,0,0,1,0,5,0,1,0,0.0,0,0,0,5,0.0,0,2.4,0,0,0.0,0,0.0,0.9,68,57,0.1,10,0,0,0,0,1,9,0,0,0,0,0,0,0,0,0,10,0.19999999999999996,10,1.0,10,0,0,0,10,0,0,10,0,1,0,0,0,0,0,10,10,37,3466,3389,290,0,9,46,1.0,2900,0,23177,27,411,2900,30624
2025-07-10,argo,com.grab.sample.dummy,KMPDummyClass1,method10,1,2,0.0,0,0.0,0,0,1,0,5,0,1,0,0.0,0,0,0,5,0.0,0,2.4,0,0,0.0,0,0.0,0.9,68,57,0.1,10,0,0,0,0,1,9,0,0,0,0,0,0,0,0,0,10,0.19999999999999996,10,1.0,10,0,0,0,10,0,0,10,0,1,0,0,0,0,0,10,10,37,3466,3389,290,0,9,46,1.0,2900,0,23177,27,411,2900,30624
2025-07-10,argo,com.grab.sample.dummy,KMPDummyClass10,method1,1,0,9.0,0,0.0,0,0,1,0,12,0,1,10,0.0,10,0,9,1,0.0,1,2.0,0,9,0.0,0,0.0,0.9,68,57,0.1,10,0,0,0,0,1,9,0,0,0,0,0,0,0,0,0,10,0.19999999999999996,10,1.0,10,0,0,0,10,0,0,10,0,1,0,0,0,0,0,10,10,37,3466,3389,290,0,9,46,1.0,2900,0,23177,27,411,2900,30624
2025-07-10,argo,com.grab.sample.dummy,KMPDummyClass10,method2,1,2,0.0,0,0.0,0,0,1,0,5,0,1,0,0.0,0,0,0,5,0.0,0,2.4,0,0,0.0,0,0.0,0.9,68,57,0.1,10,0,0,0,0,1,9,0,0,0,0,0,0,0,0,0,10,0.19999999999999996,10,1.0,10,0,0,0,10,0,0,10,0,1,0,0,0,0,0,10,10,37,3466,3389,290,0,9,46,1.0,2900,0,23177,27,411,2900,30624
2025-07-10,argo,com.grab.sample.dummy,KMPDummyClass10,method3,1,2,0.0,0,0.0,0,0,1,0,5,0,1,0,0.0,0,0,0,5,0.0,0,2.4,0,0,0.0,0,0.0,0.9,68,57,0.1,10,0,0,0,0,1,9,0,0,0,0,0,0,0,0,0,10,0.19999999999999996,10,1.0,10,0,0,0,10,0,0,10,0,1,0,0,0,0,0,10,10,37,3466,3389,290,0,9,46,1.0,2900,0,23177,27,411,2900,30624
2025-07-10,argo,com.grab.sample.dummy,KMPDummyClass10,method4,1,2,0.0,0,0.0,0,0,1,0,5,0,1,0,0.0,0,0,0,5,0.0,0,2.4,0,0,0.0,0,0.0,0.9,68,57,0.1,10,0,0,0,0,1,9,0,0,0,0,0,0,0,0,0,10,0.19999999999999996,10,1.0,10,0,0,0,10,0,0,10,0,1,0,0,0,0,0,10,10,37,3466,3389,290,0,9,46,1.0,2900,0,23177,27,411,2900,30624
2025-07-10,argo,com.grab.sample.dummy,KMPDummyClass10,method5,1,2,0.0,0,0.0,0,0,1,0,5,0,1,0,0.0,0,0,0,5,0.0,0,2.4,0,0,0.0,0,0.0,0.9,68,57,0.1,10,0,0,0,0,1,9,0,0,0,0,0,0,0,0,0,10,0.19999999999999996,10,1.0,10,0,0,0,10,0,0,10,0,1,0,0,0,0,0,10,10,37,3466,3389,290,0,9,46,1.0,2900,0,23177,27,411,2900,30624
2025-07-10,argo,com.grab.sample.dummy,KMPDummyClass10,method6,1,2,0.0,0,0.0,0,0,1,0,5,0,1,0,0.0,0,0,0,5,0.0,0,2.4,0,0,0.0,0,0.0,0.9,68,57,0.1,10,0,0,0,0,1,9,0,0,0,0,0,0,0,0,0,10,0.19999999999999996,10,1.0,10,0,0,0,10,0,0,10,0,1,0,0,0,0,0,10,10,37,3466,3389,290,0,9,46,1.0,2900,0,23177,27,411,2900,30624
2025-07-10,argo,com.grab.sample.dummy,KMPDummyClass10,method7,1,2,0.0,0,0.0,0,0,1,0,5,0,1,0,0.0,0,0,0,5,0.0,0,2.4,0,0,0.0,0,0.0,0.9,68,57,0.1,10,0,0,0,0,1,9,0,0,0,0,0,0,0,0,0,10,0.19999999999999996,10,1.0,10,0,0,0,10,0,0,10,0,1,0,0,0,0,0,10,10,37,3466,3389,290,0,9,46,1.0,2900,0,23177,27,411,2900,30624
2025-07-10,argo,com.grab.sample.dummy,KMPDummyClass10,method8,1,2,0.0,0,0.0,0,0,1,0,5,0,1,0,0.0,0,0,0,5,0.0,0,2.4,0,0,0.0,0,0.0,0.9,68,57,0.1,10,0,0,0,0,1,9,0,0,0,0,0,0,0,0,0,10,0.19999999999999996,10,1.0,10,0,0,0,10,0,0,10,0,1,0,0,0,0,0,10,10,37,3466,3389,290,0,9,46,1.0,2900,0,23177,27,411,2900,30624
2025-07-10,argo,com.grab.sample.dummy,KMPDummyClass10,method9,1,2,0.0,0,0.0,0,0,1,0,5,0,1,0,0.0,0,0,0,5,0.0,0,2.4,0,0,0.0,0,0.0,0.9,68,57,0.1,10,0,0,0,0,1,9,0,0,0,0,0,0,0,0,0,10,0.19999999999999996,10,1.0,10,0,0,0,10,0,0,10,0,1,0,0,0,0,0,10,10,37,3466,3389,290,0,9,46,1.0,2900,0,23177,27,411,2900,30624
2025-07-10,argo,com.grab.sample.dummy,KMPDummyClass10,method10,1,2,0.0,0,0.0,0,0,1,0,5,0,1,0,0.0,0,0,0,5,0.0,0,2.4,0,0,0.0,0,0.0,0.9,68,57,0.1,10,0,0,0,0,1,9,0,0,0,0,0,0,0,0,0,10,0.19999999999999996,10,1.0,10,0,0,0,10,0,0,10,0,1,0,0,0,0,0,10,10,37,3466,3389,290,0,9,46,1.0,2900,0,23177,27,411,2900,30624
2025-07-10,argo,com.grab.sample.dummy,KMPDummyClass11,method1,1,0,9.0,0,0.0,0,0,1,0,12,0,1,10,0.0,10,0,9,1,0.0,1,2.0,0,9,0.0,0,0.0,0.9,68,57,0.1,10,0,0,0,0,1,9,0,0,0,0,0,0,0,0,0,10,0.19999999999999996,10,1.0,10,0,0,0,10,0,0,10,0,1,0,0,0,0,0,10,10,37,3466,3389,290,0,9,46,1.0,2900,0,23177,27,411,2900,30624
2025-07-10,argo,com.grab.sample.dummy,KMPDummyClass11,method2,1,2,0.0,0,0.0,0,0,1,0,5,0,1,0,0.0,0,0,0,5,0.0,0,2.4,0,0,0.0,0,0.0,0.9,68,57,0.1,10,0,0,0,0,1,9,0,0,0,0,0,0,0,0,0,10,0.19999999999999996,10,1.0,10,0,0,0,10,0,0,10,0,1,0,0,0,0,0,10,10,37,3466,3389,290,0,9,46,1.0,2900,0,23177,27,411,2900,30624
2025-07-10,argo,com.grab.sample.dummy,KMPDummyClass11,method3,1,2,0.0,0,0.0,0,0,1,0,5,0,1,0,0.0,0,0,0,5,0.0,0,2.4,0,0,0.0,0,0.0,0.9,68,57,0.1,10,0,0,0,0,1,9,0,0,0,0,0,0,0,0,0,10,0.19999999999999996,10,1.0,10,0,0,0,10,0,0,10,0,1,0,0,0,0,0,10,10,37,3466,3389,290,0,9,46,1.0,2900,0,23177,27,411,2900,30624
2025-07-10,argo,com.grab.sample.dummy,KMPDummyClass11,method4,1,2,0.0,0,0.0,0,0,1,0,5,0,1,0,0.0,0,0,0,5,0.0,0,2.4,0,0,0.0,0,0.0,0.9,68,57,0.1,10,0,0,0,0,1,9,0,0,0,0,0,0,0,0,0,10,0.19999999999999996,10,1.0,10,0,0,0,10,0,0,10,0,1,0,0,0,0,0,10,10,37,3466,3389,290,0,9,46,1.0,2900,0,23177,27,411,2900,30624
2025-07-10,argo,com.grab.sample.dummy,KMPDummyClass11,method5,1,2,0.0,0,0.0,0,0,1,0,5,0,1,0,0.0,0,0,0,5,0.0,0,2.4,0,0,0.0,0,0.0,0.9,68,57,0.1,10,0,0,0,0,1,9,0,0,0,0,0,0,0,0,0,10,0.19999999999999996,10,1.0,10,0,0,0,10,0,0,10,0,1,0,0,0,0,0,10,10,37,3466,3389,290,0,9,46,1.0,2900,0,23177,27,411,2900,30624
2025-07-10,argo,com.grab.sample.dummy,KMPDummyClass11,method6,1,2,0.0,0,0.0,0,0,1,0,5,0,1,0,0.0,0,0,0,5,0.0,0,2.4,0,0,0.0,0,0.0,0.9,68,57,0.1,10,0,0,0,0,1,9,0,0,0,0,0,0,0,0,0,10,0.19999999999999996,10,1.0,10,0,0,0,10,0,0,10,0,1,0,0,0,0,0,10,10,37,3466,3389,290,0,9,46,1.0,2900,0,23177,27,411,2900,30624
2025-07-10,argo,com.grab.sample.dummy,KMPDummyClass11,method7,1,2,0.0,0,0.0,0,0,1,0,5,0,1,0,0.0,0,0,0,5,0.0,0,2.4,0,0,0.0,0,0.0,0.9,68,57,0.1,10,0,0,0,0,1,9,0,0,0,0,0,0,0,0,0,10,0.19999999999999996,10,1.0,10,0,0,0,10,0,0,10,0,1,0,0,0,0,0,10,10,37,3466,3389,290,0,9,46,1.0,2900,0,23177,27,411,2900,30624
2025-07-10,argo,com.grab.sample.dummy,KMPDummyClass11,method8,1,2,0.0,0,0.0,0,0,1,0,5,0,1,0,0.0,0,0,0,5,0.0,0,2.4,0,0,0.0,0,0.0,0.9,68,57,0.1,10,0,0,0,0,1,9,0,0,0,0,0,0,0,0,0,10,0.19999999999999996,10,1.0,10,0,0,0,10,0,0,10,0,1,0,0,0,0,0,10,10,37,3466,3389,290,0,9,46,1.0,2900,0,23177,27,411,2900,30624
2025-07-10,argo,com.grab.sample.dummy,KMPDummyClass11,method9,1,2,0.0,0,0.0,0,0,1,0,5,0,1,0,0.0,0,0,0,5,0.0,0,2.4,0,0,0.0,0,0.0,0.9,68,57,0.1,10,0,0,0,0,1,9,0,0,0,0,0,0,0,0,0,10,0.19999999999999996,10,1.0,10,0,0,0,10,0,0,10,0,1,0,0,0,0,0,10,10,37,3466,3389,290,0,9,46,1.0,2900,0,23177,27,411,2900,30624
2025-07-10,argo,com.grab.sample.dummy,KMPDummyClass11,method10,1,2,0.0,0,0.0,0,0,1,0,5,0,1,0,0.0,0,0,0,5,0.0,0,2.4,0,0,0.0,0,0.0,0.9,68,57,0.1,10,0,0,0,0,1,9,0,0,0,0,0,0,0,0,0,10,0.19999999999999996,10,1.0,10,0,0,0,10,0,0,10,0,1,0,0,0,0,0,10,10,37,3466,3389,290,0,9,46,1.0,2900,0,23177,27,411,2900,30624
2025-07-10,argo,com.grab.sample.dummy,KMPDummyClass12,method1,1,0,9.0,0,0.0,0,0,1,0,12,0,1,10,0.0,10,0,9,1,0.0,1,2.0,0,9,0.0,0,0.0,0.9,68,57,0.1,10,0,0,0,0,1,9,0,0,0,0,0,0,0,0,0,10,0.19999999999999996,10,1.0,10,0,0,0,10,0,0,10,0,1,0,0,0,0,0,10,10,37,3466,3389,290,0,9,46,1.0,2900,0,23177,27,411,2900,30624
2025-07-10,argo,com.grab.sample.dummy,KMPDummyClass12,method2,1,2,0.0,0,0.0,0,0,1,0,5,0,1,0,0.0,0,0,0,5,0.0,0,2.4,0,0,0.0,0,0.0,0.9,68,57,0.1,10,0,0,0,0,1,9,0,0,0,0,0,0,0,0,0,10,0.19999999999999996,10,1.0,10,0,0,0,10,0,0,10,0,1,0,0,0,0,0,10,10,37,3466,3389,290,0,9,46,1.0,2900,0,23177,27,411,2900,30624
2025-07-10,argo,com.grab.sample.dummy,KMPDummyClass12,method3,1,2,0.0,0,0.0,0,0,1,0,5,0,1,0,0.0,0,0,0,5,0.0,0,2.4,0,0,0.0,0,0.0,0.9,68,57,0.1,10,0,0,0,0,1,9,0,0,0,0,0,0,0,0,0,10,0.19999999999999996,10,1.0,10,0,0,0,10,0,0,10,0,1,0,0,0,0,0,10,10,37,3466,3389,290,0,9,46,1.0,2900,0,23177,27,411,2900,30624
2025-07-10,argo,com.grab.sample.dummy,KMPDummyClass12,method4,1,2,0.0,0,0.0,0,0,1,0,5,0,1,0,0.0,0,0,0,5,0.0,0,2.4,0,0,0.0,0,0.0,0.9,68,57,0.1,10,0,0,0,0,1,9,0,0,0,0,0,0,0,0,0,10,0.19999999999999996,10,1.0,10,0,0,0,10,0,0,10,0,1,0,0,0,0,0,10,10,37,3466,3389,290,0,9,46,1.0,2900,0,23177,27,411,2900,30624
2025-07-10,argo,com.grab.sample.dummy,KMPDummyClass12,method5,1,2,0.0,0,0.0,0,0,1,0,5,0,1,0,0.0,0,0,0,5,0.0,0,2.4,0,0,0.0,0,0.0,0.9,68,57,0.1,10,0,0,0,0,1,9,0,0,0,0,0,0,0,0,0,10,0.19999999999999996,10,1.0,10,0,0,0,10,0,0,10,0,1,0,0,0,0,0,10,10,37,3466,3389,290,0,9,46,1.0,2900,0,23177,27,411,2900,30624
2025-07-10,argo,com.grab.sample.dummy,KMPDummyClass12,method6,1,2,0.0,0,0.0,0,0,1,0,5,0,1,0,0.0,0,0,0,5,0.0,0,2.4,0,0,0.0,0,0.0,0.9,68,57,0.1,10,0,0,0,0,1,9,0,0,0,0,0,0,0,0,0,10,0.19999999999999996,10,1.0,10,0,0,0,10,0,0,10,0,1,0,0,0,0,0,10,10,37,3466,3389,290,0,9,46,1.0,2900,0,23177,27,411,2900,30624
2025-07-10,argo,com.grab.sample.dummy,KMPDummyClass12,method7,1,2,0.0,0,0.0,0,0,1,0,5,0,1,0,0.0,0,0,0,5,0.0,0,2.4,0,0,0.0,0,0.0,0.9,68,57,0.1,10,0,0,0,0,1,9,0,0,0,0,0,0,0,0,0,10,0.19999999999999996,10,1.0,10,0,0,0,10,0,0,10,0,1,0,0,0,0,0,10,10,37,3466,3389,290,0,9,46,1.0,2900,0,23177,27,411,2900,30624
2025-07-10,argo,com.grab.sample.dummy,KMPDummyClass12,method8,1,2,0.0,0,0.0,0,0,1,0,5,0,1,0,0.0,0,0,0,5,0.0,0,2.4,0,0,0.0,0,0.0,0.9,68,57,0.1,10,0,0,0,0,1,9,0,0,0,0,0,0,0,0,0,10,0.19999999999999996,10,1.0,10,0,0,0,10,0,0,10,0,1,0,0,0,0,0,10,10,37,3466,3389,290,0,9,46,1.0,2900,0,23177,27,411,2900,30624
2025-07-10,argo,com.grab.sample.dummy,KMPDummyClass12,method9,1,2,0.0,0,0.0,0,0,1,0,5,0,1,0,0.0,0,0,0,5,0.0,0,2.4,0,0,0.0,0,0.0,0.9,68,57,0.1,10,0,0,0,0,1,9,0,0,0,0,0,0,0,0,0,10,0.19999999999999996,10,1.0,10,0,0,0,10,0,0,10,0,1,0,0,0,0,0,10,10,37,3466,3389,290,0,9,46,1.0,2900,0,23177,27,411,2900,30624
2025-07-10,argo,com.grab.sample.dummy,KMPDummyClass12,method10,1,2,0.0,0,0.0,0,0,1,0,5,0,1,0,0.0,0,0,0,5,0.0,0,2.4,0,0,0.0,0,0.0,0.9,68,57,0.1,10,0,0,0,0,1,9,0,0,0,0,0,0,0,0,0,10,0.19999999999999996,10,1.0,10,0,0,0,10,0,0,10,0,1,0,0,0,0,0,10,10,37,3466,3389,290,0,9,46,1.0,2900,0,23177,27,411,2900,30624
2025-07-10,argo,com.grab.sample.dummy,KMPDummyClass13,method1,1,0,9.0,0,0.0,0,0,1,0,12,0,1,10,0.0,10,0,9,1,0.0,1,2.0,0,9,0.0,0,0.0,0.9,68,57,0.1,10,0,0,0,0,1,9,0,0,0,0,0,0,0,0,0,10,0.19999999999999996,10,1.0,10,0,0,0,10,0,0,10,0,1,0,0,0,0,0,10,10,37,3466,3389,290,0,9,46,1.0,2900,0,23177,27,411,2900,30624
2025-07-10,argo,com.grab.sample.dummy,KMPDummyClass13,method2,1,2,0.0,0,0.0,0,0,1,0,5,0,1,0,0.0,0,0,0,5,0.0,0,2.4,0,0,0.0,0,0.0,0.9,68,57,0.1,10,0,0,0,0,1,9,0,0,0,0,0,0,0,0,0,10,0.19999999999999996,10,1.0,10,0,0,0,10,0,0,10,0,1,0,0,0,0,0,10,10,37,3466,3389,290,0,9,46,1.0,2900,0,23177,27,411,2900,30624
2025-07-10,argo,com.grab.sample.dummy,KMPDummyClass13,method3,1,2,0.0,0,0.0,0,0,1,0,5,0,1,0,0.0,0,0,0,5,0.0,0,2.4,0,0,0.0,0,0.0,0.9,68,57,0.1,10,0,0,0,0,1,9,0,0,0,0,0,0,0,0,0,10,0.19999999999999996,10,1.0,10,0,0,0,10,0,0,10,0,1,0,0,0,0,0,10,10,37,3466,3389,290,0,9,46,1.0,2900,0,23177,27,411,2900,30624
2025-07-10,argo,com.grab.sample.dummy,KMPDummyClass13,method4,1,2,0.0,0,0.0,0,0,1,0,5,0,1,0,0.0,0,0,0,5,0.0,0,2.4,0,0,0.0,0,0.0,0.9,68,57,0.1,10,0,0,0,0,1,9,0,0,0,0,0,0,0,0,0,10,0.19999999999999996,10,1.0,10,0,0,0,10,0,0,10,0,1,0,0,0,0,0,10,10,37,3466,3389,290,0,9,46,1.0,2900,0,23177,27,411,2900,30624
2025-07-10,argo,com.grab.sample.dummy,KMPDummyClass13,method5,1,2,0.0,0,0.0,0,0,1,0,5,0,1,0,0.0,0,0,0,5,0.0,0,2.4,0,0,0.0,0,0.0,0.9,68,57,0.1,10,0,0,0,0,1,9,0,0,0,0,0,0,0,0,0,10,0.19999999999999996,10,1.0,10,0,0,0,10,0,0,10,0,1,0,0,0,0,0,10,10,37,3466,3389,290,0,9,46,1.0,2900,0,23177,27,411,2900,30624
2025-07-10,argo,com.grab.sample.dummy,KMPDummyClass13,method6,1,2,0.0,0,0.0,0,0,1,0,5,0,1,0,0.0,0,0,0,5,0.0,0,2.4,0,0,0.0,0,0.0,0.9,68,57,0.1,10,0,0,0,0,1,9,0,0,0,0,0,0,0,0,0,10,0.19999999999999996,10,1.0,10,0,0,0,10,0,0,10,0,1,0,0,0,0,0,10,10,37,3466,3389,290,0,9,46,1.0,2900,0,23177,27,411,2900,30624
2025-07-10,argo,com.grab.sample.dummy,KMPDummyClass13,method7,1,2,0.0,0,0.0,0,0,1,0,5,0,1,0,0.0,0,0,0,5,0.0,0,2.4,0,0,0.0,0,0.0,0.9,68,57,0.1,10,0,0,0,0,1,9,0,0,0,0,0,0,0,0,0,10,0.19999999999999996,10,1.0,10,0,0,0,10,0,0,10,0,1,0,0,0,0,0,10,10,37,3466,3389,290,0,9,46,1.0,2900,0,23177,27,411,2900,30624
2025-07-10,argo,com.grab.sample.dummy,KMPDummyClass13,method8,1,2,0.0,0,0.0,0,0,1,0,5,0,1,0,0.0,0,0,0,5,0.0,0,2.4,0,0,0.0,0,0.0,0.9,68,57,0.1,10,0,0,0,0,1,9,0,0,0,0,0,0,0,0,0,10,0.19999999999999996,10,1.0,10,0,0,0,10,0,0,10,0,1,0,0,0,0,0,10,10,37,3466,3389,290,0,9,46,1.0,2900,0,23177,27,411,2900,30624
2025-07-10,argo,com.grab.sample.dummy,KMPDummyClass13,method9,1,2,0.0,0,0.0,0,0,1,0,5,0,1,0,0.0,0,0,0,5,0.0,0,2.4,0,0,0.0,0,0.0,0.9,68,57,0.1,10,0,0,0,0,1,9,0,0,0,0,0,0,0,0,0,10,0.19999999999999996,10,1.0,10,0,0,0,10,0,0,10,0,1,0,0,0,0,0,10,10,37,3466,3389,290,0,9,46,1.0,2900,0,23177,27,411,2900,30624
2025-07-10,argo,com.grab.sample.dummy,KMPDummyClass13,method10,1,2,0.0,0,0.0,0,0,1,0,5,0,1,0,0.0,0,0,0,5,0.0,0,2.4,0,0,0.0,0,0.0,0.9,68,57,0.1,10,0,0,0,0,1,9,0,0,0,0,0,0,0,0,0,10,0.19999999999999996,10,1.0,10,0,0,0,10,0,0,10,0,1,0,0,0,0,0,10,10,37,3466,3389,290,0,9,46,1.0,2900,0,23177,27,411,2900,30624
2025-07-10,argo,com.grab.sample.dummy,KMPDummyClass14,method1,1,0,9.0,0,0.0,0,0,1,0,12,0,1,10,0.0,10,0,9,1,0.0,1,2.0,0,9,0.0,0,0.0,0.9,68,57,0.1,10,0,0,0,0,1,9,0,0,0,0,0,0,0,0,0,10,0.19999999999999996,10,1.0,10,0,0,0,10,0,0,10,0,1,0,0,0,0,0,10,10,37,3466,3389,290,0,9,46,1.0,2900,0,23177,27,411,2900,30624
2025-07-10,argo,com.grab.sample.dummy,KMPDummyClass14,method2,1,2,0.0,0,0.0,0,0,1,0,5,0,1,0,0.0,0,0,0,5,0.0,0,2.4,0,0,0.0,0,0.0,0.9,68,57,0.1,10,0,0,0,0,1,9,0,0,0,0,0,0,0,0,0,10,0.19999999999999996,10,1.0,10,0,0,0,10,0,0,10,0,1,0,0,0,0,0,10,10,37,3466,3389,290,0,9,46,1.0,2900,0,23177,27,411,2900,30624
2025-07-10,argo,com.grab.sample.dummy,KMPDummyClass14,method3,1,2,0.0,0,0.0,0,0,1,0,5,0,1,0,0.0,0,0,0,5,0.0,0,2.4,0,0,0.0,0,0.0,0.9,68,57,0.1,10,0,0,0,0,1,9,0,0,0,0,0,0,0,0,0,10,0.19999999999999996,10,1.0,10,0,0,0,10,0,0,10,0,1,0,0,0,0,0,10,10,37,3466,3389,290,0,9,46,1.0,2900,0,23177,27,411,2900,30624
2025-07-10,argo,com.grab.sample.dummy,KMPDummyClass14,method4,1,2,0.0,0,0.0,0,0,1,0,5,0,1,0,0.0,0,0,0,5,0.0,0,2.4,0,0,0.0,0,0.0,0.9,68,57,0.1,10,0,0,0,0,1,9,0,0,0,0,0,0,0,0,0,10,0.19999999999999996,10,1.0,10,0,0,0,10,0,0,10,0,1,0,0,0,0,0,10,10,37,3466,3389,290,0,9,46,1.0,2900,0,23177,27,411,2900,30624
2025-07-10,argo,com.grab.sample.dummy,KMPDummyClass14,method5,1,2,0.0,0,0.0,0,0,1,0,5,0,1,0,0.0,0,0,0,5,0.0,0,2.4,0,0,0.0,0,0.0,0.9,68,57,0.1,10,0,0,0,0,1,9,0,0,0,0,0,0,0,0,0,10,0.19999999999999996,10,1.0,10,0,0,0,10,0,0,10,0,1,0,0,0,0,0,10,10,37,3466,3389,290,0,9,46,1.0,2900,0,23177,27,411,2900,30624
2025-07-10,argo,com.grab.sample.dummy,KMPDummyClass14,method6,1,2,0.0,0,0.0,0,0,1,0,5,0,1,0,0.0,0,0,0,5,0.0,0,2.4,0,0,0.0,0,0.0,0.9,68,57,0.1,10,0,0,0,0,1,9,0,0,0,0,0,0,0,0,0,10,0.19999999999999996,10,1.0,10,0,0,0,10,0,0,10,0,1,0,0,0,0,0,10,10,37,3466,3389,290,0,9,46,1.0,2900,0,23177,27,411,2900,30624
2025-07-10,argo,com.grab.sample.dummy,KMPDummyClass14,method7,1,2,0.0,0,0.0,0,0,1,0,5,0,1,0,0.0,0,0,0,5,0.0,0,2.4,0,0,0.0,0,0.0,0.9,68,57,0.1,10,0,0,0,0,1,9,0,0,0,0,0,0,0,0,0,10,0.19999999999999996,10,1.0,10,0,0,0,10,0,0,10,0,1,0,0,0,0,0,10,10,37,3466,3389,290,0,9,46,1.0,2900,0,23177,27,411,2900,30624
2025-07-10,argo,com.grab.sample.dummy,KMPDummyClass14,method8,1,2,0.0,0,0.0,0,0,1,0,5,0,1,0,0.0,0,0,0,5,0.0,0,2.4,0,0,0.0,0,0.0,0.9,68,57,0.1,10,0,0,0,0,1,9,0,0,0,0,0,0,0,0,0,10,0.19999999999999996,10,1.0,10,0,0,0,10,0,0,10,0,1,0,0,0,0,0,10,10,37,3466,3389,290,0,9,46,1.0,2900,0,23177,27,411,2900,30624
2025-07-10,argo,com.grab.sample.dummy,KMPDummyClass14,method9,1,2,0.0,0,0.0,0,0,1,0,5,0,1,0,0.0,0,0,0,5,0.0,0,2.4,0,0,0.0,0,0.0,0.9,68,57,0.1,10,0,0,0,0,1,9,0,0,0,0,0,0,0,0,0,10,0.19999999999999996,10,1.0,10,0,0,0,10,0,0,10,0,1,0,0,0,0,0,10,10,37,3466,3389,290,0,9,46,1.0,2900,0,23177,27,411,2900,30624
2025-07-10,argo,com.grab.sample.dummy,KMPDummyClass14,method10,1,2,0.0,0,0.0,0,0,1,0,5,0,1,0,0.0,0,0,0,5,0.0,0,2.4,0,0,0.0,0,0.0,0.9,68,57,0.1,10,0,0,0,0,1,9,0,0,0,0,0,0,0,0,0,10,0.19999999999999996,10,1.0,10,0,0,0,10,0,0,10,0,1,0,0,0,0,0,10,10,37,3466,3389,290,0,9,46,1.0,2900,0,23177,27,411,2900,30624
2025-07-10,argo,com.grab.sample.dummy,KMPDummyClass15,method1,1,0,9.0,0,0.0,0,0,1,0,12,0,1,10,0.0,10,0,9,1,0.0,1,2.0,0,9,0.0,0,0.0,0.9,68,57,0.1,10,0,0,0,0,1,9,0,0,0,0,0,0,0,0,0,10,0.19999999999999996,10,1.0,10,0,0,0,10,0,0,10,0,1,0,0,0,0,0,10,10,37,3466,3389,290,0,9,46,1.0,2900,0,23177,27,411,2900,30624
2025-07-10,argo,com.grab.sample.dummy,KMPDummyClass15,method2,1,2,0.0,0,0.0,0,0,1,0,5,0,1,0,0.0,0,0,0,5,0.0,0,2.4,0,0,0.0,0,0.0,0.9,68,57,0.1,10,0,0,0,0,1,9,0,0,0,0,0,0,0,0,0,10,0.19999999999999996,10,1.0,10,0,0,0,10,0,0,10,0,1,0,0,0,0,0,10,10,37,3466,3389,290,0,9,46,1.0,2900,0,23177,27,411,2900,30624
2025-07-10,argo,com.grab.sample.dummy,KMPDummyClass15,method3,1,2,0.0,0,0.0,0,0,1,0,5,0,1,0,0.0,0,0,0,5,0.0,0,2.4,0,0,0.0,0,0.0,0.9,68,57,0.1,10,0,0,0,0,1,9,0,0,0,0,0,0,0,0,0,10,0.19999999999999996,10,1.0,10,0,0,0,10,0,0,10,0,1,0,0,0,0,0,10,10,37,3466,3389,290,0,9,46,1.0,2900,0,23177,27,411,2900,30624
2025-07-10,argo,com.grab.sample.dummy,KMPDummyClass15,method4,1,2,0.0,0,0.0,0,0,1,0,5,0,1,0,0.0,0,0,0,5,0.0,0,2.4,0,0,0.0,0,0.0,0.9,68,57,0.1,10,0,0,0,0,1,9,0,0,0,0,0,0,0,0,0,10,0.19999999999999996,10,1.0,10,0,0,0,10,0,0,10,0,1,0,0,0,0,0,10,10,37,3466,3389,290,0,9,46,1.0,2900,0,23177,27,411,2900,30624
2025-07-10,argo,com.grab.sample.dummy,KMPDummyClass15,method5,1,2,0.0,0,0.0,0,0,1,0,5,0,1,0,0.0,0,0,0,5,0.0,0,2.4,0,0,0.0,0,0.0,0.9,68,57,0.1,10,0,0,0,0,1,9,0,0,0,0,0,0,0,0,0,10,0.19999999999999996,10,1.0,10,0,0,0,10,0,0,10,0,1,0,0,0,0,0,10,10,37,3466,3389,290,0,9,46,1.0,2900,0,23177,27,411,2900,30624
2025-07-10,argo,com.grab.sample.dummy,KMPDummyClass15,method6,1,2,0.0,0,0.0,0,0,1,0,5,0,1,0,0.0,0,0,0,5,0.0,0,2.4,0,0,0.0,0,0.0,0.9,68,57,0.1,10,0,0,0,0,1,9,0,0,0,0,0,0,0,0,0,10,0.19999999999999996,10,1.0,10,0,0,0,10,0,0,10,0,1,0,0,0,0,0,10,10,37,3466,3389,290,0,9,46,1.0,2900,0,23177,27,411,2900,30624
2025-07-10,argo,com.grab.sample.dummy,KMPDummyClass15,method7,1,2,0.0,0,0.0,0,0,1,0,5,0,1,0,0.0,0,0,0,5,0.0,0,2.4,0,0,0.0,0,0.0,0.9,68,57,0.1,10,0,0,0,0,1,9,0,0,0,0,0,0,0,0,0,10,0.19999999999999996,10,1.0,10,0,0,0,10,0,0,10,0,1,0,0,0,0,0,10,10,37,3466,3389,290,0,9,46,1.0,2900,0,23177,27,411,2900,30624
2025-07-10,argo,com.grab.sample.dummy,KMPDummyClass15,method8,1,2,0.0,0,0.0,0,0,1,0,5,0,1,0,0.0,0,0,0,5,0.0,0,2.4,0,0,0.0,0,0.0,0.9,68,57,0.1,10,0,0,0,0,1,9,0,0,0,0,0,0,0,0,0,10,0.19999999999999996,10,1.0,10,0,0,0,10,0,0,10,0,1,0,0,0,0,0,10,10,37,3466,3389,290,0,9,46,1.0,2900,0,23177,27,411,2900,30624
2025-07-10,argo,com.grab.sample.dummy,KMPDummyClass15,method9,1,2,0.0,0,0.0,0,0,1,0,5,0,1,0,0.0,0,0,0,5,0.0,0,2.4,0,0,0.0,0,0.0,0.9,68,57,0.1,10,0,0,0,0,1,9,0,0,0,0,0,0,0,0,0,10,0.19999999999999996,10,1.0,10,0,0,0,10,0,0,10,0,1,0,0,0,0,0,10,10,37,3466,3389,290,0,9,46,1.0,2900,0,23177,27,411,2900,30624
2025-07-10,argo,com.grab.sample.dummy,KMPDummyClass15,method10,1,2,0.0,0,0.0,0,0,1,0,5,0,1,0,0.0,0,0,0,5,0.0,0,2.4,0,0,0.0,0,0.0,0.9,68,57,0.1,10,0,0,0,0,1,9,0,0,0,0,0,0,0,0,0,10,0.19999999999999996,10,1.0,10,0,0,0,10,0,0,10,0,1,0,0,0,0,0,10,10,37,3466,3389,290,0,9,46,1.0,2900,0,23177,27,411,2900,30624
2025-07-10,argo,com.grab.sample.dummy,KMPDummyClass16,method1,1,0,9.0,0,0.0,0,0,1,0,12,0,1,10,0.0,10,0,9,1,0.0,1,2.0,0,9,0.0,0,0.0,0.9,68,57,0.1,10,0,0,0,0,1,9,0,0,0,0,0,0,0,0,0,10,0.19999999999999996,10,1.0,10,0,0,0,10,0,0,10,0,1,0,0,0,0,0,10,10,37,3466,3389,290,0,9,46,1.0,2900,0,23177,27,411,2900,30624
2025-07-10,argo,com.grab.sample.dummy,KMPDummyClass16,method2,1,2,0.0,0,0.0,0,0,1,0,5,0,1,0,0.0,0,0,0,5,0.0,0,2.4,0,0,0.0,0,0.0,0.9,68,57,0.1,10,0,0,0,0,1,9,0,0,0,0,0,0,0,0,0,10,0.19999999999999996,10,1.0,10,0,0,0,10,0,0,10,0,1,0,0,0,0,0,10,10,37,3466,3389,290,0,9,46,1.0,2900,0,23177,27,411,2900,30624
2025-07-10,argo,com.grab.sample.dummy,KMPDummyClass16,method3,1,2,0.0,0,0.0,0,0,1,0,5,0,1,0,0.0,0,0,0,5,0.0,0,2.4,0,0,0.0,0,0.0,0.9,68,57,0.1,10,0,0,0,0,1,9,0,0,0,0,0,0,0,0,0,10,0.19999999999999996,10,1.0,10,0,0,0,10,0,0,10,0,1,0,0,0,0,0,10,10,37,3466,3389,290,0,9,46,1.0,2900,0,23177,27,411,2900,30624
2025-07-10,argo,com.grab.sample.dummy,KMPDummyClass16,method4,1,2,0.0,0,0.0,0,0,1,0,5,0,1,0,0.0,0,0,0,5,0.0,0,2.4,0,0,0.0,0,0.0,0.9,68,57,0.1,10,0,0,0,0,1,9,0,0,0,0,0,0,0,0,0,10,0.19999999999999996,10,1.0,10,0,0,0,10,0,0,10,0,1,0,0,0,0,0,10,10,37,3466,3389,290,0,9,46,1.0,2900,0,23177,27,411,2900,30624
2025-07-10,argo,com.grab.sample.dummy,KMPDummyClass16,method5,1,2,0.0,0,0.0,0,0,1,0,5,0,1,0,0.0,0,0,0,5,0.0,0,2.4,0,0,0.0,0,0.0,0.9,68,57,0.1,10,0,0,0,0,1,9,0,0,0,0,0,0,0,0,0,10,0.19999999999999996,10,1.0,10,0,0,0,10,0,0,10,0,1,0,0,0,0,0,10,10,37,3466,3389,290,0,9,46,1.0,2900,0,23177,27,411,2900,30624
2025-07-10,argo,com.grab.sample.dummy,KMPDummyClass16,method6,1,2,0.0,0,0.0,0,0,1,0,5,0,1,0,0.0,0,0,0,5,0.0,0,2.4,0,0,0.0,0,0.0,0.9,68,57,0.1,10,0,0,0,0,1,9,0,0,0,0,0,0,0,0,0,10,0.19999999999999996,10,1.0,10,0,0,0,10,0,0,10,0,1,0,0,0,0,0,10,10,37,3466,3389,290,0,9,46,1.0,2900,0,23177,27,411,2900,30624
2025-07-10,argo,com.grab.sample.dummy,KMPDummyClass16,method7,1,2,0.0,0,0.0,0,0,1,0,5,0,1,0,0.0,0,0,0,5,0.0,0,2.4,0,0,0.0,0,0.0,0.9,68,57,0.1,10,0,0,0,0,1,9,0,0,0,0,0,0,0,0,0,10,0.19999999999999996,10,1.0,10,0,0,0,10,0,0,10,0,1,0,0,0,0,0,10,10,37,3466,3389,290,0,9,46,1.0,2900,0,23177,27,411,2900,30624
2025-07-10,argo,com.grab.sample.dummy,KMPDummyClass16,method8,1,2,0.0,0,0.0,0,0,1,0,5,0,1,0,0.0,0,0,0,5,0.0,0,2.4,0,0,0.0,0,0.0,0.9,68,57,0.1,10,0,0,0,0,1,9,0,0,0,0,0,0,0,0,0,10,0.19999999999999996,10,1.0,10,0,0,0,10,0,0,10,0,1,0,0,0,0,0,10,10,37,3466,3389,290,0,9,46,1.0,2900,0,23177,27,411,2900,30624
2025-07-10,argo,com.grab.sample.dummy,KMPDummyClass16,method9,1,2,0.0,0,0.0,0,0,1,0,5,0,1,0,0.0,0,0,0,5,0.0,0,2.4,0,0,0.0,0,0.0,0.9,68,57,0.1,10,0,0,0,0,1,9,0,0,0,0,0,0,0,0,0,10,0.19999999999999996,10,1.0,10,0,0,0,10,0,0,10,0,1,0,0,0,0,0,10,10,37,3466,3389,290,0,9,46,1.0,2900,0,23177,27,411,2900,30624
2025-07-10,argo,com.grab.sample.dummy,KMPDummyClass16,method10,1,2,0.0,0,0.0,0,0,1,0,5,0,1,0,0.0,0,0,0,5,0.0,0,2.4,0,0,0.0,0,0.0,0.9,68,57,0.1,10,0,0,0,0,1,9,0,0,0,0,0,0,0,0,0,10,0.19999999999999996,10,1.0,10,0,0,0,10,0,0,10,0,1,0,0,0,0,0,10,10,37,3466,3389,290,0,9,46,1.0,2900,0,23177,27,411,2900,30624
2025-07-10,argo,com.grab.sample.dummy,KMPDummyClass17,method1,1,0,9.0,0,0.0,0,0,1,0,12,0,1,10,0.0,10,0,9,1,0.0,1,2.0,0,9,0.0,0,0.0,0.9,68,57,0.1,10,0,0,0,0,1,9,0,0,0,0,0,0,0,0,0,10,0.19999999999999996,10,1.0,10,0,0,0,10,0,0,10,0,1,0,0,0,0,0,10,10,37,3466,3389,290,0,9,46,1.0,2900,0,23177,27,411,2900,30624
2025-07-10,argo,com.grab.sample.dummy,KMPDummyClass17,method2,1,2,0.0,0,0.0,0,0,1,0,5,0,1,0,0.0,0,0,0,5,0.0,0,2.4,0,0,0.0,0,0.0,0.9,68,57,0.1,10,0,0,0,0,1,9,0,0,0,0,0,0,0,0,0,10,0.19999999999999996,10,1.0,10,0,0,0,10,0,0,10,0,1,0,0,0,0,0,10,10,37,3466,3389,290,0,9,46,1.0,2900,0,23177,27,411,2900,30624
2025-07-10,argo,com.grab.sample.dummy,KMPDummyClass17,method3,1,2,0.0,0,0.0,0,0,1,0,5,0,1,0,0.0,0,0,0,5,0.0,0,2.4,0,0,0.0,0,0.0,0.9,68,57,0.1,10,0,0,0,0,1,9,0,0,0,0,0,0,0,0,0,10,0.19999999999999996,10,1.0,10,0,0,0,10,0,0,10,0,1,0,0,0,0,0,10,10,37,3466,3389,290,0,9,46,1.0,2900,0,23177,27,411,2900,30624
2025-07-10,argo,com.grab.sample.dummy,KMPDummyClass17,method4,1,2,0.0,0,0.0,0,0,1,0,5,0,1,0,0.0,0,0,0,5,0.0,0,2.4,0,0,0.0,0,0.0,0.9,68,57,0.1,10,0,0,0,0,1,9,0,0,0,0,0,0,0,0,0,10,0.19999999999999996,10,1.0,10,0,0,0,10,0,0,10,0,1,0,0,0,0,0,10,10,37,3466,3389,290,0,9,46,1.0,2900,0,23177,27,411,2900,30624
2025-07-10,argo,com.grab.sample.dummy,KMPDummyClass17,method5,1,2,0.0,0,0.0,0,0,1,0,5,0,1,0,0.0,0,0,0,5,0.0,0,2.4,0,0,0.0,0,0.0,0.9,68,57,0.1,10,0,0,0,0,1,9,0,0,0,0,0,0,0,0,0,10,0.19999999999999996,10,1.0,10,0,0,0,10,0,0,10,0,1,0,0,0,0,0,10,10,37,3466,3389,290,0,9,46,1.0,2900,0,23177,27,411,2900,30624
2025-07-10,argo,com.grab.sample.dummy,KMPDummyClass17,method6,1,2,0.0,0,0.0,0,0,1,0,5,0,1,0,0.0,0,0,0,5,0.0,0,2.4,0,0,0.0,0,0.0,0.9,68,57,0.1,10,0,0,0,0,1,9,0,0,0,0,0,0,0,0,0,10,0.19999999999999996,10,1.0,10,0,0,0,10,0,0,10,0,1,0,0,0,0,0,10,10,37,3466,3389,290,0,9,46,1.0,2900,0,23177,27,411,2900,30624
2025-07-10,argo,com.grab.sample.dummy,KMPDummyClass17,method7,1,2,0.0,0,0.0,0,0,1,0,5,0,1,0,0.0,0,0,0,5,0.0,0,2.4,0,0,0.0,0,0.0,0.9,68,57,0.1,10,0,0,0,0,1,9,0,0,0,0,0,0,0,0,0,10,0.19999999999999996,10,1.0,10,0,0,0,10,0,0,10,0,1,0,0,0,0,0,10,10,37,3466,3389,290,0,9,46,1.0,2900,0,23177,27,411,2900,30624
2025-07-10,argo,com.grab.sample.dummy,KMPDummyClass17,method8,1,2,0.0,0,0.0,0,0,1,0,5,0,1,0,0.0,0,0,0,5,0.0,0,2.4,0,0,0.0,0,0.0,0.9,68,57,0.1,10,0,0,0,0,1,9,0,0,0,0,0,0,0,0,0,10,0.19999999999999996,10,1.0,10,0,0,0,10,0,0,10,0,1,0,0,0,0,0,10,10,37,3466,3389,290,0,9,46,1.0,2900,0,23177,27,411,2900,30624
2025-07-10,argo,com.grab.sample.dummy,KMPDummyClass17,method9,1,2,0.0,0,0.0,0,0,1,0,5,0,1,0,0.0,0,0,0,5,0.0,0,2.4,0,0,0.0,0,0.0,0.9,68,57,0.1,10,0,0,0,0,1,9,0,0,0,0,0,0,0,0,0,10,0.19999999999999996,10,1.0,10,0,0,0,10,0,0,10,0,1,0,0,0,0,0,10,10,37,3466,3389,290,0,9,46,1.0,2900,0,23177,27,411,2900,30624
2025-07-10,argo,com.grab.sample.dummy,KMPDummyClass17,method10,1,2,0.0,0,0.0,0,0,1,0,5,0,1,0,0.0,0,0,0,5,0.0,0,2.4,0,0,0.0,0,0.0,0.9,68,57,0.1,10,0,0,0,0,1,9,0,0,0,0,0,0,0,0,0,10,0.19999999999999996,10,1.0,10,0,0,0,10,0,0,10,0,1,0,0,0,0,0,10,10,37,3466,3389,290,0,9,46,1.0,2900,0,23177,27,411,2900,30624
2025-07-10,argo,com.grab.sample.dummy,KMPDummyClass18,method1,1,0,9.0,0,0.0,0,0,1,0,12,0,1,10,0.0,10,0,9,1,0.0,1,2.0,0,9,0.0,0,0.0,0.9,68,57,0.1,10,0,0,0,0,1,9,0,0,0,0,0,0,0,0,0,10,0.19999999999999996,10,1.0,10,0,0,0,10,0,0,10,0,1,0,0,0,0,0,10,10,37,3466,3389,290,0,9,46,1.0,2900,0,23177,27,411,2900,30624
2025-07-10,argo,com.grab.sample.dummy,KMPDummyClass18,method2,1,2,0.0,0,0.0,0,0,1,0,5,0,1,0,0.0,0,0,0,5,0.0,0,2.4,0,0,0.0,0,0.0,0.9,68,57,0.1,10,0,0,0,0,1,9,0,0,0,0,0,0,0,0,0,10,0.19999999999999996,10,1.0,10,0,0,0,10,0,0,10,0,1,0,0,0,0,0,10,10,37,3466,3389,290,0,9,46,1.0,2900,0,23177,27,411,2900,30624
2025-07-10,argo,com.grab.sample.dummy,KMPDummyClass18,method3,1,2,0.0,0,0.0,0,0,1,0,5,0,1,0,0.0,0,0,0,5,0.0,0,2.4,0,0,0.0,0,0.0,0.9,68,57,0.1,10,0,0,0,0,1,9,0,0,0,0,0,0,0,0,0,10,0.19999999999999996,10,1.0,10,0,0,0,10,0,0,10,0,1,0,0,0,0,0,10,10,37,3466,3389,290,0,9,46,1.0,2900,0,23177,27,411,2900,30624
2025-07-10,argo,com.grab.sample.dummy,KMPDummyClass18,method4,1,2,0.0,0,0.0,0,0,1,0,5,0,1,0,0.0,0,0,0,5,0.0,0,2.4,0,0,0.0,0,0.0,0.9,68,57,0.1,10,0,0,0,0,1,9,0,0,0,0,0,0,0,0,0,10,0.19999999999999996,10,1.0,10,0,0,0,10,0,0,10,0,1,0,0,0,0,0,10,10,37,3466,3389,290,0,9,46,1.0,2900,0,23177,27,411,2900,30624
2025-07-10,argo,com.grab.sample.dummy,KMPDummyClass18,method5,1,2,0.0,0,0.0,0,0,1,0,5,0,1,0,0.0,0,0,0,5,0.0,0,2.4,0,0,0.0,0,0.0,0.9,68,57,0.1,10,0,0,0,0,1,9,0,0,0,0,0,0,0,0,0,10,0.19999999999999996,10,1.0,10,0,0,0,10,0,0,10,0,1,0,0,0,0,0,10,10,37,3466,3389,290,0,9,46,1.0,2900,0,23177,27,411,2900,30624
2025-07-10,argo,com.grab.sample.dummy,KMPDummyClass18,method6,1,2,0.0,0,0.0,0,0,1,0,5,0,1,0,0.0,0,0,0,5,0.0,0,2.4,0,0,0.0,0,0.0,0.9,68,57,0.1,10,0,0,0,0,1,9,0,0,0,0,0,0,0,0,0,10,0.19999999999999996,10,1.0,10,0,0,0,10,0,0,10,0,1,0,0,0,0,0,10,10,37,3466,3389,290,0,9,46,1.0,2900,0,23177,27,411,2900,30624
2025-07-10,argo,com.grab.sample.dummy,KMPDummyClass18,method7,1,2,0.0,0,0.0,0,0,1,0,5,0,1,0,0.0,0,0,0,5,0.0,0,2.4,0,0,0.0,0,0.0,0.9,68,57,0.1,10,0,0,0,0,1,9,0,0,0,0,0,0,0,0,0,10,0.19999999999999996,10,1.0,10,0,0,0,10,0,0,10,0,1,0,0,0,0,0,10,10,37,3466,3389,290,0,9,46,1.0,2900,0,23177,27,411,2900,30624
2025-07-10,argo,com.grab.sample.dummy,KMPDummyClass18,method8,1,2,0.0,0,0.0,0,0,1,0,5,0,1,0,0.0,0,0,0,5,0.0,0,2.4,0,0,0.0,0,0.0,0.9,68,57,0.1,10,0,0,0,0,1,9,0,0,0,0,0,0,0,0,0,10,0.19999999999999996,10,1.0,10,0,0,0,10,0,0,10,0,1,0,0,0,0,0,10,10,37,3466,3389,290,0,9,46,1.0,2900,0,23177,27,411,2900,30624
2025-07-10,argo,com.grab.sample.dummy,KMPDummyClass18,method9,1,2,0.0,0,0.0,0,0,1,0,5,0,1,0,0.0,0,0,0,5,0.0,0,2.4,0,0,0.0,0,0.0,0.9,68,57,0.1,10,0,0,0,0,1,9,0,0,0,0,0,0,0,0,0,10,0.19999999999999996,10,1.0,10,0,0,0,10,0,0,10,0,1,0,0,0,0,0,10,10,37,3466,3389,290,0,9,46,1.0,2900,0,23177,27,411,2900,30624
2025-07-10,argo,com.grab.sample.dummy,KMPDummyClass18,method10,1,2,0.0,0,0.0,0,0,1,0,5,0,1,0,0.0,0,0,0,5,0.0,0,2.4,0,0,0.0,0,0.0,0.9,68,57,0.1,10,0,0,0,0,1,9,0,0,0,0,0,0,0,0,0,10,0.19999999999999996,10,1.0,10,0,0,0,10,0,0,10,0,1,0,0,0,0,0,10,10,37,3466,3389,290,0,9,46,1.0,2900,0,23177,27,411,2900,30624
2025-07-10,argo,com.grab.sample.dummy,KMPDummyClass19,method1,1,0,9.0,0,0.0,0,0,1,0,12,0,1,10,0.0,10,0,9,1,0.0,1,2.0,0,9,0.0,0,0.0,0.9,68,57,0.1,10,0,0,0,0,1,9,0,0,0,0,0,0,0,0,0,10,0.19999999999999996,10,1.0,10,0,0,0,10,0,0,10,0,1,0,0,0,0,0,10,10,37,3466,3389,290,0,9,46,1.0,2900,0,23177,27,411,2900,30624
2025-07-10,argo,com.grab.sample.dummy,KMPDummyClass19,method2,1,2,0.0,0,0.0,0,0,1,0,5,0,1,0,0.0,0,0,0,5,0.0,0,2.4,0,0,0.0,0,0.0,0.9,68,57,0.1,10,0,0,0,0,1,9,0,0,0,0,0,0,0,0,0,10,0.19999999999999996,10,1.0,10,0,0,0,10,0,0,10,0,1,0,0,0,0,0,10,10,37,3466,3389,290,0,9,46,1.0,2900,0,23177,27,411,2900,30624
2025-07-10,argo,com.grab.sample.dummy,KMPDummyClass19,method3,1,2,0.0,0,0.0,0,0,1,0,5,0,1,0,0.0,0,0,0,5,0.0,0,2.4,0,0,0.0,0,0.0,0.9,68,57,0.1,10,0,0,0,0,1,9,0,0,0,0,0,0,0,0,0,10,0.19999999999999996,10,1.0,10,0,0,0,10,0,0,10,0,1,0,0,0,0,0,10,10,37,3466,3389,290,0,9,46,1.0,2900,0,23177,27,411,2900,30624
2025-07-10,argo,com.grab.sample.dummy,KMPDummyClass19,method4,1,2,0.0,0,0.0,0,0,1,0,5,0,1,0,0.0,0,0,0,5,0.0,0,2.4,0,0,0.0,0,0.0,0.9,68,57,0.1,10,0,0,0,0,1,9,0,0,0,0,0,0,0,0,0,10,0.19999999999999996,10,1.0,10,0,0,0,10,0,0,10,0,1,0,0,0,0,0,10,10,37,3466,3389,290,0,9,46,1.0,2900,0,23177,27,411,2900,30624
2025-07-10,argo,com.grab.sample.dummy,KMPDummyClass19,method5,1,2,0.0,0,0.0,0,0,1,0,5,0,1,0,0.0,0,0,0,5,0.0,0,2.4,0,0,0.0,0,0.0,0.9,68,57,0.1,10,0,0,0,0,1,9,0,0,0,0,0,0,0,0,0,10,0.19999999999999996,10,1.0,10,0,0,0,10,0,0,10,0,1,0,0,0,0,0,10,10,37,3466,3389,290,0,9,46,1.0,2900,0,23177,27,411,2900,30624
2025-07-10,argo,com.grab.sample.dummy,KMPDummyClass19,method6,1,2,0.0,0,0.0,0,0,1,0,5,0,1,0,0.0,0,0,0,5,0.0,0,2.4,0,0,0.0,0,0.0,0.9,68,57,0.1,10,0,0,0,0,1,9,0,0,0,0,0,0,0,0,0,10,0.19999999999999996,10,1.0,10,0,0,0,10,0,0,10,0,1,0,0,0,0,0,10,10,37,3466,3389,290,0,9,46,1.0,2900,0,23177,27,411,2900,30624
2025-07-10,argo,com.grab.sample.dummy,KMPDummyClass19,method7,1,2,0.0,0,0.0,0,0,1,0,5,0,1,0,0.0,0,0,0,5,0.0,0,2.4,0,0,0.0,0,0.0,0.9,68,57,0.1,10,0,0,0,0,1,9,0,0,0,0,0,0,0,0,0,10,0.19999999999999996,10,1.0,10,0,0,0,10,0,0,10,0,1,0,0,0,0,0,10,10,37,3466,3389,290,0,9,46,1.0,2900,0,23177,27,411,2900,30624
2025-07-10,argo,com.grab.sample.dummy,KMPDummyClass19,method8,1,2,0.0,0,0.0,0,0,1,0,5,0,1,0,0.0,0,0,0,5,0.0,0,2.4,0,0,0.0,0,0.0,0.9,68,57,0.1,10,0,0,0,0,1,9,0,0,0,0,0,0,0,0,0,10,0.19999999999999996,10,1.0,10,0,0,0,10,0,0,10,0,1,0,0,0,0,0,10,10,37,3466,3389,290,0,9,46,1.0,2900,0,23177,27,411,2900,30624
2025-07-10,argo,com.grab.sample.dummy,KMPDummyClass19,method9,1,2,0.0,0,0.0,0,0,1,0,5,0,1,0,0.0,0,0,0,5,0.0,0,2.4,0,0,0.0,0,0.0,0.9,68,57,0.1,10,0,0,0,0,1,9,0,0,0,0,0,0,0,0,0,10,0.19999999999999996,10,1.0,10,0,0,0,10,0,0,10,0,1,0,0,0,0,0,10,10,37,3466,3389,290,0,9,46,1.0,2900,0,23177,27,411,2900,30624
2025-07-10,argo,com.grab.sample.dummy,KMPDummyClass19,method10,1,2,0.0,0,0.0,0,0,1,0,5,0,1,0,0.0,0,0,0,5,0.0,0,2.4,0,0,0.0,0,0.0,0.9,68,57,0.1,10,0,0,0,0,1,9,0,0,0,0,0,0,0,0,0,10,0.19999999999999996,10,1.0,10,0,0,0,10,0,0,10,0,1,0,0,0,0,0,10,10,37,3466,3389,290,0,9,46,1.0,2900,0,23177,27,411,2900,30624
2025-07-10,argo,com.grab.sample.dummy,KMPDummyClass2,method1,1,0,9.0,0,0.0,0,0,1,0,12,0,1,10,0.0,10,0,9,1,0.0,1,2.0,0,9,0.0,0,0.0,0.9,68,57,0.1,10,0,0,0,0,1,9,0,0,0,0,0,0,0,0,0,10,0.19999999999999996,10,1.0,10,0,0,0,10,0,0,10,0,1,0,0,0,0,0,10,10,37,3466,3389,290,0,9,46,1.0,2900,0,23177,27,411,2900,30624
2025-07-10,argo,com.grab.sample.dummy,KMPDummyClass2,method2,1,2,0.0,0,0.0,0,0,1,0,5,0,1,0,0.0,0,0,0,5,0.0,0,2.4,0,0,0.0,0,0.0,0.9,68,57,0.1,10,0,0,0,0,1,9,0,0,0,0,0,0,0,0,0,10,0.19999999999999996,10,1.0,10,0,0,0,10,0,0,10,0,1,0,0,0,0,0,10,10,37,3466,3389,290,0,9,46,1.0,2900,0,23177,27,411,2900,30624
2025-07-10,argo,com.grab.sample.dummy,KMPDummyClass2,method3,1,2,0.0,0,0.0,0,0,1,0,5,0,1,0,0.0,0,0,0,5,0.0,0,2.4,0,0,0.0,0,0.0,0.9,68,57,0.1,10,0,0,0,0,1,9,0,0,0,0,0,0,0,0,0,10,0.19999999999999996,10,1.0,10,0,0,0,10,0,0,10,0,1,0,0,0,0,0,10,10,37,3466,3389,290,0,9,46,1.0,2900,0,23177,27,411,2900,30624
2025-07-10,argo,com.grab.sample.dummy,KMPDummyClass2,method4,1,2,0.0,0,0.0,0,0,1,0,5,0,1,0,0.0,0,0,0,5,0.0,0,2.4,0,0,0.0,0,0.0,0.9,68,57,0.1,10,0,0,0,0,1,9,0,0,0,0,0,0,0,0,0,10,0.19999999999999996,10,1.0,10,0,0,0,10,0,0,10,0,1,0,0,0,0,0,10,10,37,3466,3389,290,0,9,46,1.0,2900,0,23177,27,411,2900,30624
2025-07-10,argo,com.grab.sample.dummy,KMPDummyClass2,method5,1,2,0.0,0,0.0,0,0,1,0,5,0,1,0,0.0,0,0,0,5,0.0,0,2.4,0,0,0.0,0,0.0,0.9,68,57,0.1,10,0,0,0,0,1,9,0,0,0,0,0,0,0,0,0,10,0.19999999999999996,10,1.0,10,0,0,0,10,0,0,10,0,1,0,0,0,0,0,10,10,37,3466,3389,290,0,9,46,1.0,2900,0,23177,27,411,2900,30624
2025-07-10,argo,com.grab.sample.dummy,KMPDummyClass2,method6,1,2,0.0,0,0.0,0,0,1,0,5,0,1,0,0.0,0,0,0,5,0.0,0,2.4,0,0,0.0,0,0.0,0.9,68,57,0.1,10,0,0,0,0,1,9,0,0,0,0,0,0,0,0,0,10,0.19999999999999996,10,1.0,10,0,0,0,10,0,0,10,0,1,0,0,0,0,0,10,10,37,3466,3389,290,0,9,46,1.0,2900,0,23177,27,411,2900,30624
2025-07-10,argo,com.grab.sample.dummy,KMPDummyClass2,method7,1,2,0.0,0,0.0,0,0,1,0,5,0,1,0,0.0,0,0,0,5,0.0,0,2.4,0,0,0.0,0,0.0,0.9,68,57,0.1,10,0,0,0,0,1,9,0,0,0,0,0,0,0,0,0,10,0.19999999999999996,10,1.0,10,0,0,0,10,0,0,10,0,1,0,0,0,0,0,10,10,37,3466,3389,290,0,9,46,1.0,2900,0,23177,27,411,2900,30624
2025-07-10,argo,com.grab.sample.dummy,KMPDummyClass2,method8,1,2,0.0,0,0.0,0,0,1,0,5,0,1,0,0.0,0,0,0,5,0.0,0,2.4,0,0,0.0,0,0.0,0.9,68,57,0.1,10,0,0,0,0,1,9,0,0,0,0,0,0,0,0,0,10,0.19999999999999996,10,1.0,10,0,0,0,10,0,0,10,0,1,0,0,0,0,0,10,10,37,3466,3389,290,0,9,46,1.0,2900,0,23177,27,411,2900,30624
2025-07-10,argo,com.grab.sample.dummy,KMPDummyClass2,method9,1,2,0.0,0,0.0,0,0,1,0,5,0,1,0,0.0,0,0,0,5,0.0,0,2.4,0,0,0.0,0,0.0,0.9,68,57,0.1,10,0,0,0,0,1,9,0,0,0,0,0,0,0,0,0,10,0.19999999999999996,10,1.0,10,0,0,0,10,0,0,10,0,1,0,0,0,0,0,10,10,37,3466,3389,290,0,9,46,1.0,2900,0,23177,27,411,2900,30624
2025-07-10,argo,com.grab.sample.dummy,KMPDummyClass2,method10,1,2,0.0,0,0.0,0,0,1,0,5,0,1,0,0.0,0,0,0,5,0.0,0,2.4,0,0,0.0,0,0.0,0.9,68,57,0.1,10,0,0,0,0,1,9,0,0,0,0,0,0,0,0,0,10,0.19999999999999996,10,1.0,10,0,0,0,10,0,0,10,0,1,0,0,0,0,0,10,10,37,3466,3389,290,0,9,46,1.0,2900,0,23177,27,411,2900,30624
2025-07-10,argo,com.grab.sample.dummy,KMPDummyClass20,method1,1,0,9.0,0,0.0,0,0,1,0,12,0,1,10,0.0,10,0,9,1,0.0,1,2.0,0,9,0.0,0,0.0,0.9,68,57,0.1,10,0,0,0,0,1,9,0,0,0,0,0,0,0,0,0,10,0.19999999999999996,10,1.0,10,0,0,0,10,0,0,10,0,1,0,0,0,0,0,10,10,37,3466,3389,290,0,9,46,1.0,2900,0,23177,27,411,2900,30624
2025-07-10,argo,com.grab.sample.dummy,KMPDummyClass20,method2,1,2,0.0,0,0.0,0,0,1,0,5,0,1,0,0.0,0,0,0,5,0.0,0,2.4,0,0,0.0,0,0.0,0.9,68,57,0.1,10,0,0,0,0,1,9,0,0,0,0,0,0,0,0,0,10,0.19999999999999996,10,1.0,10,0,0,0,10,0,0,10,0,1,0,0,0,0,0,10,10,37,3466,3389,290,0,9,46,1.0,2900,0,23177,27,411,2900,30624
2025-07-10,argo,com.grab.sample.dummy,KMPDummyClass20,method3,1,2,0.0,0,0.0,0,0,1,0,5,0,1,0,0.0,0,0,0,5,0.0,0,2.4,0,0,0.0,0,0.0,0.9,68,57,0.1,10,0,0,0,0,1,9,0,0,0,0,0,0,0,0,0,10,0.19999999999999996,10,1.0,10,0,0,0,10,0,0,10,0,1,0,0,0,0,0,10,10,37,3466,3389,290,0,9,46,1.0,2900,0,23177,27,411,2900,30624
2025-07-10,argo,com.grab.sample.dummy,KMPDummyClass20,method4,1,2,0.0,0,0.0,0,0,1,0,5,0,1,0,0.0,0,0,0,5,0.0,0,2.4,0,0,0.0,0,0.0,0.9,68,57,0.1,10,0,0,0,0,1,9,0,0,0,0,0,0,0,0,0,10,0.19999999999999996,10,1.0,10,0,0,0,10,0,0,10,0,1,0,0,0,0,0,10,10,37,3466,3389,290,0,9,46,1.0,2900,0,23177,27,411,2900,30624
2025-07-10,argo,com.grab.sample.dummy,KMPDummyClass20,method5,1,2,0.0,0,0.0,0,0,1,0,5,0,1,0,0.0,0,0,0,5,0.0,0,2.4,0,0,0.0,0,0.0,0.9,68,57,0.1,10,0,0,0,0,1,9,0,0,0,0,0,0,0,0,0,10,0.19999999999999996,10,1.0,10,0,0,0,10,0,0,10,0,1,0,0,0,0,0,10,10,37,3466,3389,290,0,9,46,1.0,2900,0,23177,27,411,2900,30624
2025-07-10,argo,com.grab.sample.dummy,KMPDummyClass20,method6,1,2,0.0,0,0.0,0,0,1,0,5,0,1,0,0.0,0,0,0,5,0.0,0,2.4,0,0,0.0,0,0.0,0.9,68,57,0.1,10,0,0,0,0,1,9,0,0,0,0,0,0,0,0,0,10,0.19999999999999996,10,1.0,10,0,0,0,10,0,0,10,0,1,0,0,0,0,0,10,10,37,3466,3389,290,0,9,46,1.0,2900,0,23177,27,411,2900,30624
2025-07-10,argo,com.grab.sample.dummy,KMPDummyClass20,method7,1,2,0.0,0,0.0,0,0,1,0,5,0,1,0,0.0,0,0,0,5,0.0,0,2.4,0,0,0.0,0,0.0,0.9,68,57,0.1,10,0,0,0,0,1,9,0,0,0,0,0,0,0,0,0,10,0.19999999999999996,10,1.0,10,0,0,0,10,0,0,10,0,1,0,0,0,0,0,10,10,37,3466,3389,290,0,9,46,1.0,2900,0,23177,27,411,2900,30624
2025-07-10,argo,com.grab.sample.dummy,KMPDummyClass20,method8,1,2,0.0,0,0.0,0,0,1,0,5,0,1,0,0.0,0,0,0,5,0.0,0,2.4,0,0,0.0,0,0.0,0.9,68,57,0.1,10,0,0,0,0,1,9,0,0,0,0,0,0,0,0,0,10,0.19999999999999996,10,1.0,10,0,0,0,10,0,0,10,0,1,0,0,0,0,0,10,10,37,3466,3389,290,0,9,46,1.0,2900,0,23177,27,411,2900,30624
2025-07-10,argo,com.grab.sample.dummy,KMPDummyClass20,method9,1,2,0.0,0,0.0,0,0,1,0,5,0,1,0,0.0,0,0,0,5,0.0,0,2.4,0,0,0.0,0,0.0,0.9,68,57,0.1,10,0,0,0,0,1,9,0,0,0,0,0,0,0,0,0,10,0.19999999999999996,10,1.0,10,0,0,0,10,0,0,10,0,1,0,0,0,0,0,10,10,37,3466,3389,290,0,9,46,1.0,2900,0,23177,27,411,2900,30624
2025-07-10,argo,com.grab.sample.dummy,KMPDummyClass20,method10,1,2,0.0,0,0.0,0,0,1,0,5,0,1,0,0.0,0,0,0,5,0.0,0,2.4,0,0,0.0,0,0.0,0.9,68,57,0.1,10,0,0,0,0,1,9,0,0,0,0,0,0,0,0,0,10,0.19999999999999996,10,1.0,10,0,0,0,10,0,0,10,0,1,0,0,0,0,0,10,10,37,3466,3389,290,0,9,46,1.0,2900,0,23177,27,411,2900,30624
2025-07-10,argo,com.grab.sample.dummy,KMPDummyClass21,method1,1,0,9.0,0,0.0,0,0,1,0,12,0,1,10,0.0,10,0,9,1,0.0,1,2.0,0,9,0.0,0,0.0,0.9,68,57,0.1,10,0,0,0,0,1,9,0,0,0,0,0,0,0,0,0,10,0.19999999999999996,10,1.0,10,0,0,0,10,0,0,10,0,1,0,0,0,0,0,10,10,37,3466,3389,290,0,9,46,1.0,2900,0,23177,27,411,2900,30624
2025-07-10,argo,com.grab.sample.dummy,KMPDummyClass21,method2,1,2,0.0,0,0.0,0,0,1,0,5,0,1,0,0.0,0,0,0,5,0.0,0,2.4,0,0,0.0,0,0.0,0.9,68,57,0.1,10,0,0,0,0,1,9,0,0,0,0,0,0,0,0,0,10,0.19999999999999996,10,1.0,10,0,0,0,10,0,0,10,0,1,0,0,0,0,0,10,10,37,3466,3389,290,0,9,46,1.0,2900,0,23177,27,411,2900,30624
2025-07-10,argo,com.grab.sample.dummy,KMPDummyClass21,method3,1,2,0.0,0,0.0,0,0,1,0,5,0,1,0,0.0,0,0,0,5,0.0,0,2.4,0,0,0.0,0,0.0,0.9,68,57,0.1,10,0,0,0,0,1,9,0,0,0,0,0,0,0,0,0,10,0.19999999999999996,10,1.0,10,0,0,0,10,0,0,10,0,1,0,0,0,0,0,10,10,37,3466,3389,290,0,9,46,1.0,2900,0,23177,27,411,2900,30624
2025-07-10,argo,com.grab.sample.dummy,KMPDummyClass21,method4,1,2,0.0,0,0.0,0,0,1,0,5,0,1,0,0.0,0,0,0,5,0.0,0,2.4,0,0,0.0,0,0.0,0.9,68,57,0.1,10,0,0,0,0,1,9,0,0,0,0,0,0,0,0,0,10,0.19999999999999996,10,1.0,10,0,0,0,10,0,0,10,0,1,0,0,0,0,0,10,10,37,3466,3389,290,0,9,46,1.0,2900,0,23177,27,411,2900,30624
2025-07-10,argo,com.grab.sample.dummy,KMPDummyClass21,method5,1,2,0.0,0,0.0,0,0,1,0,5,0,1,0,0.0,0,0,0,5,0.0,0,2.4,0,0,0.0,0,0.0,0.9,68,57,0.1,10,0,0,0,0,1,9,0,0,0,0,0,0,0,0,0,10,0.19999999999999996,10,1.0,10,0,0,0,10,0,0,10,0,1,0,0,0,0,0,10,10,37,3466,3389,290,0,9,46,1.0,2900,0,23177,27,411,2900,30624
2025-07-10,argo,com.grab.sample.dummy,KMPDummyClass21,method6,1,2,0.0,0,0.0,0,0,1,0,5,0,1,0,0.0,0,0,0,5,0.0,0,2.4,0,0,0.0,0,0.0,0.9,68,57,0.1,10,0,0,0,0,1,9,0,0,0,0,0,0,0,0,0,10,0.19999999999999996,10,1.0,10,0,0,0,10,0,0,10,0,1,0,0,0,0,0,10,10,37,3466,3389,290,0,9,46,1.0,2900,0,23177,27,411,2900,30624
2025-07-10,argo,com.grab.sample.dummy,KMPDummyClass21,method7,1,2,0.0,0,0.0,0,0,1,0,5,0,1,0,0.0,0,0,0,5,0.0,0,2.4,0,0,0.0,0,0.0,0.9,68,57,0.1,10,0,0,0,0,1,9,0,0,0,0,0,0,0,0,0,10,0.19999999999999996,10,1.0,10,0,0,0,10,0,0,10,0,1,0,0,0,0,0,10,10,37,3466,3389,290,0,9,46,1.0,2900,0,23177,27,411,2900,30624
2025-07-10,argo,com.grab.sample.dummy,KMPDummyClass21,method8,1,2,0.0,0,0.0,0,0,1,0,5,0,1,0,0.0,0,0,0,5,0.0,0,2.4,0,0,0.0,0,0.0,0.9,68,57,0.1,10,0,0,0,0,1,9,0,0,0,0,0,0,0,0,0,10,0.19999999999999996,10,1.0,10,0,0,0,10,0,0,10,0,1,0,0,0,0,0,10,10,37,3466,3389,290,0,9,46,1.0,2900,0,23177,27,411,2900,30624
2025-07-10,argo,com.grab.sample.dummy,KMPDummyClass21,method9,1,2,0.0,0,0.0,0,0,1,0,5,0,1,0,0.0,0,0,0,5,0.0,0,2.4,0,0,0.0,0,0.0,0.9,68,57,0.1,10,0,0,0,0,1,9,0,0,0,0,0,0,0,0,0,10,0.19999999999999996,10,1.0,10,0,0,0,10,0,0,10,0,1,0,0,0,0,0,10,10,37,3466,3389,290,0,9,46,1.0,2900,0,23177,27,411,2900,30624
2025-07-10,argo,com.grab.sample.dummy,KMPDummyClass21,method10,1,2,0.0,0,0.0,0,0,1,0,5,0,1,0,0.0,0,0,0,5,0.0,0,2.4,0,0,0.0,0,0.0,0.9,68,57,0.1,10,0,0,0,0,1,9,0,0,0,0,0,0,0,0,0,10,0.19999999999999996,10,1.0,10,0,0,0,10,0,0,10,0,1,0,0,0,0,0,10,10,37,3466,3389,290,0,9,46,1.0,2900,0,23177,27,411,2900,30624
2025-07-10,argo,com.grab.sample.dummy,KMPDummyClass22,method1,1,0,9.0,0,0.0,0,0,1,0,12,0,1,10,0.0,10,0,9,1,0.0,1,2.0,0,9,0.0,0,0.0,0.9,68,57,0.1,10,0,0,0,0,1,9,0,0,0,0,0,0,0,0,0,10,0.19999999999999996,10,1.0,10,0,0,0,10,0,0,10,0,1,0,0,0,0,0,10,10,37,3466,3389,290,0,9,46,1.0,2900,0,23177,27,411,2900,30624
2025-07-10,argo,com.grab.sample.dummy,KMPDummyClass22,method2,1,2,0.0,0,0.0,0,0,1,0,5,0,1,0,0.0,0,0,0,5,0.0,0,2.4,0,0,0.0,0,0.0,0.9,68,57,0.1,10,0,0,0,0,1,9,0,0,0,0,0,0,0,0,0,10,0.19999999999999996,10,1.0,10,0,0,0,10,0,0,10,0,1,0,0,0,0,0,10,10,37,3466,3389,290,0,9,46,1.0,2900,0,23177,27,411,2900,30624
2025-07-10,argo,com.grab.sample.dummy,KMPDummyClass22,method3,1,2,0.0,0,0.0,0,0,1,0,5,0,1,0,0.0,0,0,0,5,0.0,0,2.4,0,0,0.0,0,0.0,0.9,68,57,0.1,10,0,0,0,0,1,9,0,0,0,0,0,0,0,0,0,10,0.19999999999999996,10,1.0,10,0,0,0,10,0,0,10,0,1,0,0,0,0,0,10,10,37,3466,3389,290,0,9,46,1.0,2900,0,23177,27,411,2900,30624
2025-07-10,argo,com.grab.sample.dummy,KMPDummyClass22,method4,1,2,0.0,0,0.0,0,0,1,0,5,0,1,0,0.0,0,0,0,5,0.0,0,2.4,0,0,0.0,0,0.0,0.9,68,57,0.1,10,0,0,0,0,1,9,0,0,0,0,0,0,0,0,0,10,0.19999999999999996,10,1.0,10,0,0,0,10,0,0,10,0,1,0,0,0,0,0,10,10,37,3466,3389,290,0,9,46,1.0,2900,0,23177,27,411,2900,30624
2025-07-10,argo,com.grab.sample.dummy,KMPDummyClass22,method5,1,2,0.0,0,0.0,0,0,1,0,5,0,1,0,0.0,0,0,0,5,0.0,0,2.4,0,0,0.0,0,0.0,0.9,68,57,0.1,10,0,0,0,0,1,9,0,0,0,0,0,0,0,0,0,10,0.19999999999999996,10,1.0,10,0,0,0,10,0,0,10,0,1,0,0,0,0,0,10,10,37,3466,3389,290,0,9,46,1.0,2900,0,23177,27,411,2900,30624
2025-07-10,argo,com.grab.sample.dummy,KMPDummyClass22,method6,1,2,0.0,0,0.0,0,0,1,0,5,0,1,0,0.0,0,0,0,5,0.0,0,2.4,0,0,0.0,0,0.0,0.9,68,57,0.1,10,0,0,0,0,1,9,0,0,0,0,0,0,0,0,0,10,0.19999999999999996,10,1.0,10,0,0,0,10,0,0,10,0,1,0,0,0,0,0,10,10,37,3466,3389,290,0,9,46,1.0,2900,0,23177,27,411,2900,30624
2025-07-10,argo,com.grab.sample.dummy,KMPDummyClass22,method7,1,2,0.0,0,0.0,0,0,1,0,5,0,1,0,0.0,0,0,0,5,0.0,0,2.4,0,0,0.0,0,0.0,0.9,68,57,0.1,10,0,0,0,0,1,9,0,0,0,0,0,0,0,0,0,10,0.19999999999999996,10,1.0,10,0,0,0,10,0,0,10,0,1,0,0,0,0,0,10,10,37,3466,3389,290,0,9,46,1.0,2900,0,23177,27,411,2900,30624
2025-07-10,argo,com.grab.sample.dummy,KMPDummyClass22,method8,1,2,0.0,0,0.0,0,0,1,0,5,0,1,0,0.0,0,0,0,5,0.0,0,2.4,0,0,0.0,0,0.0,0.9,68,57,0.1,10,0,0,0,0,1,9,0,0,0,0,0,0,0,0,0,10,0.19999999999999996,10,1.0,10,0,0,0,10,0,0,10,0,1,0,0,0,0,0,10,10,37,3466,3389,290,0,9,46,1.0,2900,0,23177,27,411,2900,30624
2025-07-10,argo,com.grab.sample.dummy,KMPDummyClass22,method9,1,2,0.0,0,0.0,0,0,1,0,5,0,1,0,0.0,0,0,0,5,0.0,0,2.4,0,0,0.0,0,0.0,0.9,68,57,0.1,10,0,0,0,0,1,9,0,0,0,0,0,0,0,0,0,10,0.19999999999999996,10,1.0,10,0,0,0,10,0,0,10,0,1,0,0,0,0,0,10,10,37,3466,3389,290,0,9,46,1.0,2900,0,23177,27,411,2900,30624
2025-07-10,argo,com.grab.sample.dummy,KMPDummyClass22,method10,1,2,0.0,0,0.0,0,0,1,0,5,0,1,0,0.0,0,0,0,5,0.0,0,2.4,0,0,0.0,0,0.0,0.9,68,57,0.1,10,0,0,0,0,1,9,0,0,0,0,0,0,0,0,0,10,0.19999999999999996,10,1.0,10,0,0,0,10,0,0,10,0,1,0,0,0,0,0,10,10,37,3466,3389,290,0,9,46,1.0,2900,0,23177,27,411,2900,30624
2025-07-10,argo,com.grab.sample.dummy,KMPDummyClass23,method1,1,0,9.0,0,0.0,0,0,1,0,12,0,1,10,0.0,10,0,9,1,0.0,1,2.0,0,9,0.0,0,0.0,0.9,68,57,0.1,10,0,0,0,0,1,9,0,0,0,0,0,0,0,0,0,10,0.19999999999999996,10,1.0,10,0,0,0,10,0,0,10,0,1,0,0,0,0,0,10,10,37,3466,3389,290,0,9,46,1.0,2900,0,23177,27,411,2900,30624
2025-07-10,argo,com.grab.sample.dummy,KMPDummyClass23,method2,1,2,0.0,0,0.0,0,0,1,0,5,0,1,0,0.0,0,0,0,5,0.0,0,2.4,0,0,0.0,0,0.0,0.9,68,57,0.1,10,0,0,0,0,1,9,0,0,0,0,0,0,0,0,0,10,0.19999999999999996,10,1.0,10,0,0,0,10,0,0,10,0,1,0,0,0,0,0,10,10,37,3466,3389,290,0,9,46,1.0,2900,0,23177,27,411,2900,30624
2025-07-10,argo,com.grab.sample.dummy,KMPDummyClass23,method3,1,2,0.0,0,0.0,0,0,1,0,5,0,1,0,0.0,0,0,0,5,0.0,0,2.4,0,0,0.0,0,0.0,0.9,68,57,0.1,10,0,0,0,0,1,9,0,0,0,0,0,0,0,0,0,10,0.19999999999999996,10,1.0,10,0,0,0,10,0,0,10,0,1,0,0,0,0,0,10,10,37,3466,3389,290,0,9,46,1.0,2900,0,23177,27,411,2900,30624
2025-07-10,argo,com.grab.sample.dummy,KMPDummyClass23,method4,1,2,0.0,0,0.0,0,0,1,0,5,0,1,0,0.0,0,0,0,5,0.0,0,2.4,0,0,0.0,0,0.0,0.9,68,57,0.1,10,0,0,0,0,1,9,0,0,0,0,0,0,0,0,0,10,0.19999999999999996,10,1.0,10,0,0,0,10,0,0,10,0,1,0,0,0,0,0,10,10,37,3466,3389,290,0,9,46,1.0,2900,0,23177,27,411,2900,30624
2025-07-10,argo,com.grab.sample.dummy,KMPDummyClass23,method5,1,2,0.0,0,0.0,0,0,1,0,5,0,1,0,0.0,0,0,0,5,0.0,0,2.4,0,0,0.0,0,0.0,0.9,68,57,0.1,10,0,0,0,0,1,9,0,0,0,0,0,0,0,0,0,10,0.19999999999999996,10,1.0,10,0,0,0,10,0,0,10,0,1,0,0,0,0,0,10,10,37,3466,3389,290,0,9,46,1.0,2900,0,23177,27,411,2900,30624
2025-07-10,argo,com.grab.sample.dummy,KMPDummyClass23,method6,1,2,0.0,0,0.0,0,0,1,0,5,0,1,0,0.0,0,0,0,5,0.0,0,2.4,0,0,0.0,0,0.0,0.9,68,57,0.1,10,0,0,0,0,1,9,0,0,0,0,0,0,0,0,0,10,0.19999999999999996,10,1.0,10,0,0,0,10,0,0,10,0,1,0,0,0,0,0,10,10,37,3466,3389,290,0,9,46,1.0,2900,0,23177,27,411,2900,30624
2025-07-10,argo,com.grab.sample.dummy,KMPDummyClass23,method7,1,2,0.0,0,0.0,0,0,1,0,5,0,1,0,0.0,0,0,0,5,0.0,0,2.4,0,0,0.0,0,0.0,0.9,68,57,0.1,10,0,0,0,0,1,9,0,0,0,0,0,0,0,0,0,10,0.19999999999999996,10,1.0,10,0,0,0,10,0,0,10,0,1,0,0,0,0,0,10,10,37,3466,3389,290,0,9,46,1.0,2900,0,23177,27,411,2900,30624
2025-07-10,argo,com.grab.sample.dummy,KMPDummyClass23,method8,1,2,0.0,0,0.0,0,0,1,0,5,0,1,0,0.0,0,0,0,5,0.0,0,2.4,0,0,0.0,0,0.0,0.9,68,57,0.1,10,0,0,0,0,1,9,0,0,0,0,0,0,0,0,0,10,0.19999999999999996,10,1.0,10,0,0,0,10,0,0,10,0,1,0,0,0,0,0,10,10,37,3466,3389,290,0,9,46,1.0,2900,0,23177,27,411,2900,30624
2025-07-10,argo,com.grab.sample.dummy,KMPDummyClass23,method9,1,2,0.0,0,0.0,0,0,1,0,5,0,1,0,0.0,0,0,0,5,0.0,0,2.4,0,0,0.0,0,0.0,0.9,68,57,0.1,10,0,0,0,0,1,9,0,0,0,0,0,0,0,0,0,10,0.19999999999999996,10,1.0,10,0,0,0,10,0,0,10,0,1,0,0,0,0,0,10,10,37,3466,3389,290,0,9,46,1.0,2900,0,23177,27,411,2900,30624
2025-07-10,argo,com.grab.sample.dummy,KMPDummyClass23,method10,1,2,0.0,0,0.0,0,0,1,0,5,0,1,0,0.0,0,0,0,5,0.0,0,2.4,0,0,0.0,0,0.0,0.9,68,57,0.1,10,0,0,0,0,1,9,0,0,0,0,0,0,0,0,0,10,0.19999999999999996,10,1.0,10,0,0,0,10,0,0,10,0,1,0,0,0,0,0,10,10,37,3466,3389,290,0,9,46,1.0,2900,0,23177,27,411,2900,30624
2025-07-10,argo,com.grab.sample.dummy,KMPDummyClass24,method1,1,0,9.0,0,0.0,0,0,1,0,12,0,1,10,0.0,10,0,9,1,0.0,1,2.0,0,9,0.0,0,0.0,0.9,68,57,0.1,10,0,0,0,0,1,9,0,0,0,0,0,0,0,0,0,10,0.19999999999999996,10,1.0,10,0,0,0,10,0,0,10,0,1,0,0,0,0,0,10,10,37,3466,3389,290,0,9,46,1.0,2900,0,23177,27,411,2900,30624
2025-07-10,argo,com.grab.sample.dummy,KMPDummyClass24,method2,1,2,0.0,0,0.0,0,0,1,0,5,0,1,0,0.0,0,0,0,5,0.0,0,2.4,0,0,0.0,0,0.0,0.9,68,57,0.1,10,0,0,0,0,1,9,0,0,0,0,0,0,0,0,0,10,0.19999999999999996,10,1.0,10,0,0,0,10,0,0,10,0,1,0,0,0,0,0,10,10,37,3466,3389,290,0,9,46,1.0,2900,0,23177,27,411,2900,30624
2025-07-10,argo,com.grab.sample.dummy,KMPDummyClass24,method3,1,2,0.0,0,0.0,0,0,1,0,5,0,1,0,0.0,0,0,0,5,0.0,0,2.4,0,0,0.0,0,0.0,0.9,68,57,0.1,10,0,0,0,0,1,9,0,0,0,0,0,0,0,0,0,10,0.19999999999999996,10,1.0,10,0,0,0,10,0,0,10,0,1,0,0,0,0,0,10,10,37,3466,3389,290,0,9,46,1.0,2900,0,23177,27,411,2900,30624
2025-07-10,argo,com.grab.sample.dummy,KMPDummyClass24,method4,1,2,0.0,0,0.0,0,0,1,0,5,0,1,0,0.0,0,0,0,5,0.0,0,2.4,0,0,0.0,0,0.0,0.9,68,57,0.1,10,0,0,0,0,1,9,0,0,0,0,0,0,0,0,0,10,0.19999999999999996,10,1.0,10,0,0,0,10,0,0,10,0,1,0,0,0,0,0,10,10,37,3466,3389,290,0,9,46,1.0,2900,0,23177,27,411,2900,30624
2025-07-10,argo,com.grab.sample.dummy,KMPDummyClass24,method5,1,2,0.0,0,0.0,0,0,1,0,5,0,1,0,0.0,0,0,0,5,0.0,0,2.4,0,0,0.0,0,0.0,0.9,68,57,0.1,10,0,0,0,0,1,9,0,0,0,0,0,0,0,0,0,10,0.19999999999999996,10,1.0,10,0,0,0,10,0,0,10,0,1,0,0,0,0,0,10,10,37,3466,3389,290,0,9,46,1.0,2900,0,23177,27,411,2900,30624
2025-07-10,argo,com.grab.sample.dummy,KMPDummyClass24,method6,1,2,0.0,0,0.0,0,0,1,0,5,0,1,0,0.0,0,0,0,5,0.0,0,2.4,0,0,0.0,0,0.0,0.9,68,57,0.1,10,0,0,0,0,1,9,0,0,0,0,0,0,0,0,0,10,0.19999999999999996,10,1.0,10,0,0,0,10,0,0,10,0,1,0,0,0,0,0,10,10,37,3466,3389,290,0,9,46,1.0,2900,0,23177,27,411,2900,30624
2025-07-10,argo,com.grab.sample.dummy,KMPDummyClass24,method7,1,2,0.0,0,0.0,0,0,1,0,5,0,1,0,0.0,0,0,0,5,0.0,0,2.4,0,0,0.0,0,0.0,0.9,68,57,0.1,10,0,0,0,0,1,9,0,0,0,0,0,0,0,0,0,10,0.19999999999999996,10,1.0,10,0,0,0,10,0,0,10,0,1,0,0,0,0,0,10,10,37,3466,3389,290,0,9,46,1.0,2900,0,23177,27,411,2900,30624
2025-07-10,argo,com.grab.sample.dummy,KMPDummyClass24,method8,1,2,0.0,0,0.0,0,0,1,0,5,0,1,0,0.0,0,0,0,5,0.0,0,2.4,0,0,0.0,0,0.0,0.9,68,57,0.1,10,0,0,0,0,1,9,0,0,0,0,0,0,0,0,0,10,0.19999999999999996,10,1.0,10,0,0,0,10,0,0,10,0,1,0,0,0,0,0,10,10,37,3466,3389,290,0,9,46,1.0,2900,0,23177,27,411,2900,30624
2025-07-10,argo,com.grab.sample.dummy,KMPDummyClass24,method9,1,2,0.0,0,0.0,0,0,1,0,5,0,1,0,0.0,0,0,0,5,0.0,0,2.4,0,0,0.0,0,0.0,0.9,68,57,0.1,10,0,0,0,0,1,9,0,0,0,0,0,0,0,0,0,10,0.19999999999999996,10,1.0,10,0,0,0,10,0,0,10,0,1,0,0,0,0,0,10,10,37,3466,3389,290,0,9,46,1.0,2900,0,23177,27,411,2900,30624
2025-07-10,argo,com.grab.sample.dummy,KMPDummyClass24,method10,1,2,0.0,0,0.0,0,0,1,0,5,0,1,0,0.0,0,0,0,5,0.0,0,2.4,0,0,0.0,0,0.0,0.9,68,57,0.1,10,0,0,0,0,1,9,0,0,0,0,0,0,0,0,0,10,0.19999999999999996,10,1.0,10,0,0,0,10,0,0,10,0,1,0,0,0,0,0,10,10,37,3466,3389,290,0,9,46,1.0,2900,0,23177,27,411,2900,30624
2025-07-10,argo,com.grab.sample.dummy,KMPDummyClass25,method1,1,0,9.0,0,0.0,0,0,1,0,12,0,1,10,0.0,10,0,9,1,0.0,1,2.0,0,9,0.0,0,0.0,0.9,68,57,0.1,10,0,0,0,0,1,9,0,0,0,0,0,0,0,0,0,10,0.19999999999999996,10,1.0,10,0,0,0,10,0,0,10,0,1,0,0,0,0,0,10,10,37,3466,3389,290,0,9,46,1.0,2900,0,23177,27,411,2900,30624
2025-07-10,argo,com.grab.sample.dummy,KMPDummyClass25,method2,1,2,0.0,0,0.0,0,0,1,0,5,0,1,0,0.0,0,0,0,5,0.0,0,2.4,0,0,0.0,0,0.0,0.9,68,57,0.1,10,0,0,0,0,1,9,0,0,0,0,0,0,0,0,0,10,0.19999999999999996,10,1.0,10,0,0,0,10,0,0,10,0,1,0,0,0,0,0,10,10,37,3466,3389,290,0,9,46,1.0,2900,0,23177,27,411,2900,30624
2025-07-10,argo,com.grab.sample.dummy,KMPDummyClass25,method3,1,2,0.0,0,0.0,0,0,1,0,5,0,1,0,0.0,0,0,0,5,0.0,0,2.4,0,0,0.0,0,0.0,0.9,68,57,0.1,10,0,0,0,0,1,9,0,0,0,0,0,0,0,0,0,10,0.19999999999999996,10,1.0,10,0,0,0,10,0,0,10,0,1,0,0,0,0,0,10,10,37,3466,3389,290,0,9,46,1.0,2900,0,23177,27,411,2900,30624
2025-07-10,argo,com.grab.sample.dummy,KMPDummyClass25,method4,1,2,0.0,0,0.0,0,0,1,0,5,0,1,0,0.0,0,0,0,5,0.0,0,2.4,0,0,0.0,0,0.0,0.9,68,57,0.1,10,0,0,0,0,1,9,0,0,0,0,0,0,0,0,0,10,0.19999999999999996,10,1.0,10,0,0,0,10,0,0,10,0,1,0,0,0,0,0,10,10,37,3466,3389,290,0,9,46,1.0,2900,0,23177,27,411,2900,30624
2025-07-10,argo,com.grab.sample.dummy,KMPDummyClass25,method5,1,2,0.0,0,0.0,0,0,1,0,5,0,1,0,0.0,0,0,0,5,0.0,0,2.4,0,0,0.0,0,0.0,0.9,68,57,0.1,10,0,0,0,0,1,9,0,0,0,0,0,0,0,0,0,10,0.19999999999999996,10,1.0,10,0,0,0,10,0,0,10,0,1,0,0,0,0,0,10,10,37,3466,3389,290,0,9,46,1.0,2900,0,23177,27,411,2900,30624
2025-07-10,argo,com.grab.sample.dummy,KMPDummyClass25,method6,1,2,0.0,0,0.0,0,0,1,0,5,0,1,0,0.0,0,0,0,5,0.0,0,2.4,0,0,0.0,0,0.0,0.9,68,57,0.1,10,0,0,0,0,1,9,0,0,0,0,0,0,0,0,0,10,0.19999999999999996,10,1.0,10,0,0,0,10,0,0,10,0,1,0,0,0,0,0,10,10,37,3466,3389,290,0,9,46,1.0,2900,0,23177,27,411,2900,30624
2025-07-10,argo,com.grab.sample.dummy,KMPDummyClass25,method7,1,2,0.0,0,0.0,0,0,1,0,5,0,1,0,0.0,0,0,0,5,0.0,0,2.4,0,0,0.0,0,0.0,0.9,68,57,0.1,10,0,0,0,0,1,9,0,0,0,0,0,0,0,0,0,10,0.19999999999999996,10,1.0,10,0,0,0,10,0,0,10,0,1,0,0,0,0,0,10,10,37,3466,3389,290,0,9,46,1.0,2900,0,23177,27,411,2900,30624
2025-07-10,argo,com.grab.sample.dummy,KMPDummyClass25,method8,1,2,0.0,0,0.0,0,0,1,0,5,0,1,0,0.0,0,0,0,5,0.0,0,2.4,0,0,0.0,0,0.0,0.9,68,57,0.1,10,0,0,0,0,1,9,0,0,0,0,0,0,0,0,0,10,0.19999999999999996,10,1.0,10,0,0,0,10,0,0,10,0,1,0,0,0,0,0,10,10,37,3466,3389,290,0,9,46,1.0,2900,0,23177,27,411,2900,30624
2025-07-10,argo,com.grab.sample.dummy,KMPDummyClass25,method9,1,2,0.0,0,0.0,0,0,1,0,5,0,1,0,0.0,0,0,0,5,0.0,0,2.4,0,0,0.0,0,0.0,0.9,68,57,0.1,10,0,0,0,0,1,9,0,0,0,0,0,0,0,0,0,10,0.19999999999999996,10,1.0,10,0,0,0,10,0,0,10,0,1,0,0,0,0,0,10,10,37,3466,3389,290,0,9,46,1.0,2900,0,23177,27,411,2900,30624
2025-07-10,argo,com.grab.sample.dummy,KMPDummyClass25,method10,1,2,0.0,0,0.0,0,0,1,0,5,0,1,0,0.0,0,0,0,5,0.0,0,2.4,0,0,0.0,0,0.0,0.9,68,57,0.1,10,0,0,0,0,1,9,0,0,0,0,0,0,0,0,0,10,0.19999999999999996,10,1.0,10,0,0,0,10,0,0,10,0,1,0,0,0,0,0,10,10,37,3466,3389,290,0,9,46,1.0,2900,0,23177,27,411,2900,30624
2025-07-10,argo,com.grab.sample.dummy,KMPDummyClass26,method1,1,0,9.0,0,0.0,0,0,1,0,12,0,1,10,0.0,10,0,9,1,0.0,1,2.0,0,9,0.0,0,0.0,0.9,68,57,0.1,10,0,0,0,0,1,9,0,0,0,0,0,0,0,0,0,10,0.19999999999999996,10,1.0,10,0,0,0,10,0,0,10,0,1,0,0,0,0,0,10,10,37,3466,3389,290,0,9,46,1.0,2900,0,23177,27,411,2900,30624
2025-07-10,argo,com.grab.sample.dummy,KMPDummyClass26,method2,1,2,0.0,0,0.0,0,0,1,0,5,0,1,0,0.0,0,0,0,5,0.0,0,2.4,0,0,0.0,0,0.0,0.9,68,57,0.1,10,0,0,0,0,1,9,0,0,0,0,0,0,0,0,0,10,0.19999999999999996,10,1.0,10,0,0,0,10,0,0,10,0,1,0,0,0,0,0,10,10,37,3466,3389,290,0,9,46,1.0,2900,0,23177,27,411,2900,30624
2025-07-10,argo,com.grab.sample.dummy,KMPDummyClass26,method3,1,2,0.0,0,0.0,0,0,1,0,5,0,1,0,0.0,0,0,0,5,0.0,0,2.4,0,0,0.0,0,0.0,0.9,68,57,0.1,10,0,0,0,0,1,9,0,0,0,0,0,0,0,0,0,10,0.19999999999999996,10,1.0,10,0,0,0,10,0,0,10,0,1,0,0,0,0,0,10,10,37,3466,3389,290,0,9,46,1.0,2900,0,23177,27,411,2900,30624
2025-07-10,argo,com.grab.sample.dummy,KMPDummyClass26,method4,1,2,0.0,0,0.0,0,0,1,0,5,0,1,0,0.0,0,0,0,5,0.0,0,2.4,0,0,0.0,0,0.0,0.9,68,57,0.1,10,0,0,0,0,1,9,0,0,0,0,0,0,0,0,0,10,0.19999999999999996,10,1.0,10,0,0,0,10,0,0,10,0,1,0,0,0,0,0,10,10,37,3466,3389,290,0,9,46,1.0,2900,0,23177,27,411,2900,30624
2025-07-10,argo,com.grab.sample.dummy,KMPDummyClass26,method5,1,2,0.0,0,0.0,0,0,1,0,5,0,1,0,0.0,0,0,0,5,0.0,0,2.4,0,0,0.0,0,0.0,0.9,68,57,0.1,10,0,0,0,0,1,9,0,0,0,0,0,0,0,0,0,10,0.19999999999999996,10,1.0,10,0,0,0,10,0,0,10,0,1,0,0,0,0,0,10,10,37,3466,3389,290,0,9,46,1.0,2900,0,23177,27,411,2900,30624
2025-07-10,argo,com.grab.sample.dummy,KMPDummyClass26,method6,1,2,0.0,0,0.0,0,0,1,0,5,0,1,0,0.0,0,0,0,5,0.0,0,2.4,0,0,0.0,0,0.0,0.9,68,57,0.1,10,0,0,0,0,1,9,0,0,0,0,0,0,0,0,0,10,0.19999999999999996,10,1.0,10,0,0,0,10,0,0,10,0,1,0,0,0,0,0,10,10,37,3466,3389,290,0,9,46,1.0,2900,0,23177,27,411,2900,30624
2025-07-10,argo,com.grab.sample.dummy,KMPDummyClass26,method7,1,2,0.0,0,0.0,0,0,1,0,5,0,1,0,0.0,0,0,0,5,0.0,0,2.4,0,0,0.0,0,0.0,0.9,68,57,0.1,10,0,0,0,0,1,9,0,0,0,0,0,0,0,0,0,10,0.19999999999999996,10,1.0,10,0,0,0,10,0,0,10,0,1,0,0,0,0,0,10,10,37,3466,3389,290,0,9,46,1.0,2900,0,23177,27,411,2900,30624
2025-07-10,argo,com.grab.sample.dummy,KMPDummyClass26,method8,1,2,0.0,0,0.0,0,0,1,0,5,0,1,0,0.0,0,0,0,5,0.0,0,2.4,0,0,0.0,0,0.0,0.9,68,57,0.1,10,0,0,0,0,1,9,0,0,0,0,0,0,0,0,0,10,0.19999999999999996,10,1.0,10,0,0,0,10,0,0,10,0,1,0,0,0,0,0,10,10,37,3466,3389,290,0,9,46,1.0,2900,0,23177,27,411,2900,30624
2025-07-10,argo,com.grab.sample.dummy,KMPDummyClass26,method9,1,2,0.0,0,0.0,0,0,1,0,5,0,1,0,0.0,0,0,0,5,0.0,0,2.4,0,0,0.0,0,0.0,0.9,68,57,0.1,10,0,0,0,0,1,9,0,0,0,0,0,0,0,0,0,10,0.19999999999999996,10,1.0,10,0,0,0,10,0,0,10,0,1,0,0,0,0,0,10,10,37,3466,3389,290,0,9,46,1.0,2900,0,23177,27,411,2900,30624
2025-07-10,argo,com.grab.sample.dummy,KMPDummyClass26,method10,1,2,0.0,0,0.0,0,0,1,0,5,0,1,0,0.0,0,0,0,5,0.0,0,2.4,0,0,0.0,0,0.0,0.9,68,57,0.1,10,0,0,0,0,1,9,0,0,0,0,0,0,0,0,0,10,0.19999999999999996,10,1.0,10,0,0,0,10,0,0,10,0,1,0,0,0,0,0,10,10,37,3466,3389,290,0,9,46,1.0,2900,0,23177,27,411,2900,30624
2025-07-10,argo,com.grab.sample.dummy,KMPDummyClass27,method1,1,0,9.0,0,0.0,0,0,1,0,12,0,1,10,0.0,10,0,9,1,0.0,1,2.0,0,9,0.0,0,0.0,0.9,68,57,0.1,10,0,0,0,0,1,9,0,0,0,0,0,0,0,0,0,10,0.19999999999999996,10,1.0,10,0,0,0,10,0,0,10,0,1,0,0,0,0,0,10,10,37,3466,3389,290,0,9,46,1.0,2900,0,23177,27,411,2900,30624
2025-07-10,argo,com.grab.sample.dummy,KMPDummyClass27,method2,1,2,0.0,0,0.0,0,0,1,0,5,0,1,0,0.0,0,0,0,5,0.0,0,2.4,0,0,0.0,0,0.0,0.9,68,57,0.1,10,0,0,0,0,1,9,0,0,0,0,0,0,0,0,0,10,0.19999999999999996,10,1.0,10,0,0,0,10,0,0,10,0,1,0,0,0,0,0,10,10,37,3466,3389,290,0,9,46,1.0,2900,0,23177,27,411,2900,30624
2025-07-10,argo,com.grab.sample.dummy,KMPDummyClass27,method3,1,2,0.0,0,0.0,0,0,1,0,5,0,1,0,0.0,0,0,0,5,0.0,0,2.4,0,0,0.0,0,0.0,0.9,68,57,0.1,10,0,0,0,0,1,9,0,0,0,0,0,0,0,0,0,10,0.19999999999999996,10,1.0,10,0,0,0,10,0,0,10,0,1,0,0,0,0,0,10,10,37,3466,3389,290,0,9,46,1.0,2900,0,23177,27,411,2900,30624
2025-07-10,argo,com.grab.sample.dummy,KMPDummyClass27,method4,1,2,0.0,0,0.0,0,0,1,0,5,0,1,0,0.0,0,0,0,5,0.0,0,2.4,0,0,0.0,0,0.0,0.9,68,57,0.1,10,0,0,0,0,1,9,0,0,0,0,0,0,0,0,0,10,0.19999999999999996,10,1.0,10,0,0,0,10,0,0,10,0,1,0,0,0,0,0,10,10,37,3466,3389,290,0,9,46,1.0,2900,0,23177,27,411,2900,30624
2025-07-10,argo,com.grab.sample.dummy,KMPDummyClass27,method5,1,2,0.0,0,0.0,0,0,1,0,5,0,1,0,0.0,0,0,0,5,0.0,0,2.4,0,0,0.0,0,0.0,0.9,68,57,0.1,10,0,0,0,0,1,9,0,0,0,0,0,0,0,0,0,10,0.19999999999999996,10,1.0,10,0,0,0,10,0,0,10,0,1,0,0,0,0,0,10,10,37,3466,3389,290,0,9,46,1.0,2900,0,23177,27,411,2900,30624
2025-07-10,argo,com.grab.sample.dummy,KMPDummyClass27,method6,1,2,0.0,0,0.0,0,0,1,0,5,0,1,0,0.0,0,0,0,5,0.0,0,2.4,0,0,0.0,0,0.0,0.9,68,57,0.1,10,0,0,0,0,1,9,0,0,0,0,0,0,0,0,0,10,0.19999999999999996,10,1.0,10,0,0,0,10,0,0,10,0,1,0,0,0,0,0,10,10,37,3466,3389,290,0,9,46,1.0,2900,0,23177,27,411,2900,30624
2025-07-10,argo,com.grab.sample.dummy,KMPDummyClass27,method7,1,2,0.0,0,0.0,0,0,1,0,5,0,1,0,0.0,0,0,0,5,0.0,0,2.4,0,0,0.0,0,0.0,0.9,68,57,0.1,10,0,0,0,0,1,9,0,0,0,0,0,0,0,0,0,10,0.19999999999999996,10,1.0,10,0,0,0,10,0,0,10,0,1,0,0,0,0,0,10,10,37,3466,3389,290,0,9,46,1.0,2900,0,23177,27,411,2900,30624
2025-07-10,argo,com.grab.sample.dummy,KMPDummyClass27,method8,1,2,0.0,0,0.0,0,0,1,0,5,0,1,0,0.0,0,0,0,5,0.0,0,2.4,0,0,0.0,0,0.0,0.9,68,57,0.1,10,0,0,0,0,1,9,0,0,0,0,0,0,0,0,0,10,0.19999999999999996,10,1.0,10,0,0,0,10,0,0,10,0,1,0,0,0,0,0,10,10,37,3466,3389,290,0,9,46,1.0,2900,0,23177,27,411,2900,30624
2025-07-10,argo,com.grab.sample.dummy,KMPDummyClass27,method9,1,2,0.0,0,0.0,0,0,1,0,5,0,1,0,0.0,0,0,0,5,0.0,0,2.4,0,0,0.0,0,0.0,0.9,68,57,0.1,10,0,0,0,0,1,9,0,0,0,0,0,0,0,0,0,10,0.19999999999999996,10,1.0,10,0,0,0,10,0,0,10,0,1,0,0,0,0,0,10,10,37,3466,3389,290,0,9,46,1.0,2900,0,23177,27,411,2900,30624
2025-07-10,argo,com.grab.sample.dummy,KMPDummyClass27,method10,1,2,0.0,0,0.0,0,0,1,0,5,0,1,0,0.0,0,0,0,5,0.0,0,2.4,0,0,0.0,0,0.0,0.9,68,57,0.1,10,0,0,0,0,1,9,0,0,0,0,0,0,0,0,0,10,0.19999999999999996,10,1.0,10,0,0,0,10,0,0,10,0,1,0,0,0,0,0,10,10,37,3466,3389,290,0,9,46,1.0,2900,0,23177,27,411,2900,30624
2025-07-10,argo,com.grab.sample.dummy,KMPDummyClass28,method1,1,0,9.0,0,0.0,0,0,1,0,12,0,1,10,0.0,10,0,9,1,0.0,1,2.0,0,9,0.0,0,0.0,0.9,68,57,0.1,10,0,0,0,0,1,9,0,0,0,0,0,0,0,0,0,10,0.19999999999999996,10,1.0,10,0,0,0,10,0,0,10,0,1,0,0,0,0,0,10,10,37,3466,3389,290,0,9,46,1.0,2900,0,23177,27,411,2900,30624
2025-07-10,argo,com.grab.sample.dummy,KMPDummyClass28,method2,1,2,0.0,0,0.0,0,0,1,0,5,0,1,0,0.0,0,0,0,5,0.0,0,2.4,0,0,0.0,0,0.0,0.9,68,57,0.1,10,0,0,0,0,1,9,0,0,0,0,0,0,0,0,0,10,0.19999999999999996,10,1.0,10,0,0,0,10,0,0,10,0,1,0,0,0,0,0,10,10,37,3466,3389,290,0,9,46,1.0,2900,0,23177,27,411,2900,30624
2025-07-10,argo,com.grab.sample.dummy,KMPDummyClass28,method3,1,2,0.0,0,0.0,0,0,1,0,5,0,1,0,0.0,0,0,0,5,0.0,0,2.4,0,0,0.0,0,0.0,0.9,68,57,0.1,10,0,0,0,0,1,9,0,0,0,0,0,0,0,0,0,10,0.19999999999999996,10,1.0,10,0,0,0,10,0,0,10,0,1,0,0,0,0,0,10,10,37,3466,3389,290,0,9,46,1.0,2900,0,23177,27,411,2900,30624
2025-07-10,argo,com.grab.sample.dummy,KMPDummyClass28,method4,1,2,0.0,0,0.0,0,0,1,0,5,0,1,0,0.0,0,0,0,5,0.0,0,2.4,0,0,0.0,0,0.0,0.9,68,57,0.1,10,0,0,0,0,1,9,0,0,0,0,0,0,0,0,0,10,0.19999999999999996,10,1.0,10,0,0,0,10,0,0,10,0,1,0,0,0,0,0,10,10,37,3466,3389,290,0,9,46,1.0,2900,0,23177,27,411,2900,30624
2025-07-10,argo,com.grab.sample.dummy,KMPDummyClass28,method5,1,2,0.0,0,0.0,0,0,1,0,5,0,1,0,0.0,0,0,0,5,0.0,0,2.4,0,0,0.0,0,0.0,0.9,68,57,0.1,10,0,0,0,0,1,9,0,0,0,0,0,0,0,0,0,10,0.19999999999999996,10,1.0,10,0,0,0,10,0,0,10,0,1,0,0,0,0,0,10,10,37,3466,3389,290,0,9,46,1.0,2900,0,23177,27,411,2900,30624
2025-07-10,argo,com.grab.sample.dummy,KMPDummyClass28,method6,1,2,0.0,0,0.0,0,0,1,0,5,0,1,0,0.0,0,0,0,5,0.0,0,2.4,0,0,0.0,0,0.0,0.9,68,57,0.1,10,0,0,0,0,1,9,0,0,0,0,0,0,0,0,0,10,0.19999999999999996,10,1.0,10,0,0,0,10,0,0,10,0,1,0,0,0,0,0,10,10,37,3466,3389,290,0,9,46,1.0,2900,0,23177,27,411,2900,30624
2025-07-10,argo,com.grab.sample.dummy,KMPDummyClass28,method7,1,2,0.0,0,0.0,0,0,1,0,5,0,1,0,0.0,0,0,0,5,0.0,0,2.4,0,0,0.0,0,0.0,0.9,68,57,0.1,10,0,0,0,0,1,9,0,0,0,0,0,0,0,0,0,10,0.19999999999999996,10,1.0,10,0,0,0,10,0,0,10,0,1,0,0,0,0,0,10,10,37,3466,3389,290,0,9,46,1.0,2900,0,23177,27,411,2900,30624
2025-07-10,argo,com.grab.sample.dummy,KMPDummyClass28,method8,1,2,0.0,0,0.0,0,0,1,0,5,0,1,0,0.0,0,0,0,5,0.0,0,2.4,0,0,0.0,0,0.0,0.9,68,57,0.1,10,0,0,0,0,1,9,0,0,0,0,0,0,0,0,0,10,0.19999999999999996,10,1.0,10,0,0,0,10,0,0,10,0,1,0,0,0,0,0,10,10,37,3466,3389,290,0,9,46,1.0,2900,0,23177,27,411,2900,30624
2025-07-10,argo,com.grab.sample.dummy,KMPDummyClass28,method9,1,2,0.0,0,0.0,0,0,1,0,5,0,1,0,0.0,0,0,0,5,0.0,0,2.4,0,0,0.0,0,0.0,0.9,68,57,0.1,10,0,0,0,0,1,9,0,0,0,0,0,0,0,0,0,10,0.19999999999999996,10,1.0,10,0,0,0,10,0,0,10,0,1,0,0,0,0,0,10,10,37,3466,3389,290,0,9,46,1.0,2900,0,23177,27,411,2900,30624
2025-07-10,argo,com.grab.sample.dummy,KMPDummyClass28,method10,1,2,0.0,0,0.0,0,0,1,0,5,0,1,0,0.0,0,0,0,5,0.0,0,2.4,0,0,0.0,0,0.0,0.9,68,57,0.1,10,0,0,0,0,1,9,0,0,0,0,0,0,0,0,0,10,0.19999999999999996,10,1.0,10,0,0,0,10,0,0,10,0,1,0,0,0,0,0,10,10,37,3466,3389,290,0,9,46,1.0,2900,0,23177,27,411,2900,30624
2025-07-10,argo,com.grab.sample.dummy,KMPDummyClass29,method1,1,0,9.0,0,0.0,0,0,1,0,12,0,1,10,0.0,10,0,9,1,0.0,1,2.0,0,9,0.0,0,0.0,0.9,68,57,0.1,10,0,0,0,0,1,9,0,0,0,0,0,0,0,0,0,10,0.19999999999999996,10,1.0,10,0,0,0,10,0,0,10,0,1,0,0,0,0,0,10,10,37,3466,3389,290,0,9,46,1.0,2900,0,23177,27,411,2900,30624
2025-07-10,argo,com.grab.sample.dummy,KMPDummyClass29,method2,1,2,0.0,0,0.0,0,0,1,0,5,0,1,0,0.0,0,0,0,5,0.0,0,2.4,0,0,0.0,0,0.0,0.9,68,57,0.1,10,0,0,0,0,1,9,0,0,0,0,0,0,0,0,0,10,0.19999999999999996,10,1.0,10,0,0,0,10,0,0,10,0,1,0,0,0,0,0,10,10,37,3466,3389,290,0,9,46,1.0,2900,0,23177,27,411,2900,30624
2025-07-10,argo,com.grab.sample.dummy,KMPDummyClass29,method3,1,2,0.0,0,0.0,0,0,1,0,5,0,1,0,0.0,0,0,0,5,0.0,0,2.4,0,0,0.0,0,0.0,0.9,68,57,0.1,10,0,0,0,0,1,9,0,0,0,0,0,0,0,0,0,10,0.19999999999999996,10,1.0,10,0,0,0,10,0,0,10,0,1,0,0,0,0,0,10,10,37,3466,3389,290,0,9,46,1.0,2900,0,23177,27,411,2900,30624
2025-07-10,argo,com.grab.sample.dummy,KMPDummyClass29,method4,1,2,0.0,0,0.0,0,0,1,0,5,0,1,0,0.0,0,0,0,5,0.0,0,2.4,0,0,0.0,0,0.0,0.9,68,57,0.1,10,0,0,0,0,1,9,0,0,0,0,0,0,0,0,0,10,0.19999999999999996,10,1.0,10,0,0,0,10,0,0,10,0,1,0,0,0,0,0,10,10,37,3466,3389,290,0,9,46,1.0,2900,0,23177,27,411,2900,30624
2025-07-10,argo,com.grab.sample.dummy,KMPDummyClass29,method5,1,2,0.0,0,0.0,0,0,1,0,5,0,1,0,0.0,0,0,0,5,0.0,0,2.4,0,0,0.0,0,0.0,0.9,68,57,0.1,10,0,0,0,0,1,9,0,0,0,0,0,0,0,0,0,10,0.19999999999999996,10,1.0,10,0,0,0,10,0,0,10,0,1,0,0,0,0,0,10,10,37,3466,3389,290,0,9,46,1.0,2900,0,23177,27,411,2900,30624
2025-07-10,argo,com.grab.sample.dummy,KMPDummyClass29,method6,1,2,0.0,0,0.0,0,0,1,0,5,0,1,0,0.0,0,0,0,5,0.0,0,2.4,0,0,0.0,0,0.0,0.9,68,57,0.1,10,0,0,0,0,1,9,0,0,0,0,0,0,0,0,0,10,0.19999999999999996,10,1.0,10,0,0,0,10,0,0,10,0,1,0,0,0,0,0,10,10,37,3466,3389,290,0,9,46,1.0,2900,0,23177,27,411,2900,30624
2025-07-10,argo,com.grab.sample.dummy,KMPDummyClass29,method7,1,2,0.0,0,0.0,0,0,1,0,5,0,1,0,0.0,0,0,0,5,0.0,0,2.4,0,0,0.0,0,0.0,0.9,68,57,0.1,10,0,0,0,0,1,9,0,0,0,0,0,0,0,0,0,10,0.19999999999999996,10,1.0,10,0,0,0,10,0,0,10,0,1,0,0,0,0,0,10,10,37,3466,3389,290,0,9,46,1.0,2900,0,23177,27,411,2900,30624
2025-07-10,argo,com.grab.sample.dummy,KMPDummyClass29,method8,1,2,0.0,0,0.0,0,0,1,0,5,0,1,0,0.0,0,0,0,5,0.0,0,2.4,0,0,0.0,0,0.0,0.9,68,57,0.1,10,0,0,0,0,1,9,0,0,0,0,0,0,0,0,0,10,0.19999999999999996,10,1.0,10,0,0,0,10,0,0,10,0,1,0,0,0,0,0,10,10,37,3466,3389,290,0,9,46,1.0,2900,0,23177,27,411,2900,30624
2025-07-10,argo,com.grab.sample.dummy,KMPDummyClass29,method9,1,2,0.0,0,0.0,0,0,1,0,5,0,1,0,0.0,0,0,0,5,0.0,0,2.4,0,0,0.0,0,0.0,0.9,68,57,0.1,10,0,0,0,0,1,9,0,0,0,0,0,0,0,0,0,10,0.19999999999999996,10,1.0,10,0,0,0,10,0,0,10,0,1,0,0,0,0,0,10,10,37,3466,3389,290,0,9,46,1.0,2900,0,23177,27,411,2900,30624
2025-07-10,argo,com.grab.sample.dummy,KMPDummyClass29,method10,1,2,0.0,0,0.0,0,0,1,0,5,0,1,0,0.0,0,0,0,5,0.0,0,2.4,0,0,0.0,0,0.0,0.9,68,57,0.1,10,0,0,0,0,1,9,0,0,0,0,0,0,0,0,0,10,0.19999999999999996,10,1.0,10,0,0,0,10,0,0,10,0,1,0,0,0,0,0,10,10,37,3466,3389,290,0,9,46,1.0,2900,0,23177,27,411,2900,30624
2025-07-10,argo,com.grab.sample.dummy,KMPDummyClass3,method1,1,0,9.0,0,0.0,0,0,1,0,12,0,1,10,0.0,10,0,9,1,0.0,1,2.0,0,9,0.0,0,0.0,0.9,68,57,0.1,10,0,0,0,0,1,9,0,0,0,0,0,0,0,0,0,10,0.19999999999999996,10,1.0,10,0,0,0,10,0,0,10,0,1,0,0,0,0,0,10,10,37,3466,3389,290,0,9,46,1.0,2900,0,23177,27,411,2900,30624
2025-07-10,argo,com.grab.sample.dummy,KMPDummyClass3,method2,1,2,0.0,0,0.0,0,0,1,0,5,0,1,0,0.0,0,0,0,5,0.0,0,2.4,0,0,0.0,0,0.0,0.9,68,57,0.1,10,0,0,0,0,1,9,0,0,0,0,0,0,0,0,0,10,0.19999999999999996,10,1.0,10,0,0,0,10,0,0,10,0,1,0,0,0,0,0,10,10,37,3466,3389,290,0,9,46,1.0,2900,0,23177,27,411,2900,30624
2025-07-10,argo,com.grab.sample.dummy,KMPDummyClass3,method3,1,2,0.0,0,0.0,0,0,1,0,5,0,1,0,0.0,0,0,0,5,0.0,0,2.4,0,0,0.0,0,0.0,0.9,68,57,0.1,10,0,0,0,0,1,9,0,0,0,0,0,0,0,0,0,10,0.19999999999999996,10,1.0,10,0,0,0,10,0,0,10,0,1,0,0,0,0,0,10,10,37,3466,3389,290,0,9,46,1.0,2900,0,23177,27,411,2900,30624
2025-07-10,argo,com.grab.sample.dummy,KMPDummyClass3,method4,1,2,0.0,0,0.0,0,0,1,0,5,0,1,0,0.0,0,0,0,5,0.0,0,2.4,0,0,0.0,0,0.0,0.9,68,57,0.1,10,0,0,0,0,1,9,0,0,0,0,0,0,0,0,0,10,0.19999999999999996,10,1.0,10,0,0,0,10,0,0,10,0,1,0,0,0,0,0,10,10,37,3466,3389,290,0,9,46,1.0,2900,0,23177,27,411,2900,30624
2025-07-10,argo,com.grab.sample.dummy,KMPDummyClass3,method5,1,2,0.0,0,0.0,0,0,1,0,5,0,1,0,0.0,0,0,0,5,0.0,0,2.4,0,0,0.0,0,0.0,0.9,68,57,0.1,10,0,0,0,0,1,9,0,0,0,0,0,0,0,0,0,10,0.19999999999999996,10,1.0,10,0,0,0,10,0,0,10,0,1,0,0,0,0,0,10,10,37,3466,3389,290,0,9,46,1.0,2900,0,23177,27,411,2900,30624
2025-07-10,argo,com.grab.sample.dummy,KMPDummyClass3,method6,1,2,0.0,0,0.0,0,0,1,0,5,0,1,0,0.0,0,0,0,5,0.0,0,2.4,0,0,0.0,0,0.0,0.9,68,57,0.1,10,0,0,0,0,1,9,0,0,0,0,0,0,0,0,0,10,0.19999999999999996,10,1.0,10,0,0,0,10,0,0,10,0,1,0,0,0,0,0,10,10,37,3466,3389,290,0,9,46,1.0,2900,0,23177,27,411,2900,30624
2025-07-10,argo,com.grab.sample.dummy,KMPDummyClass3,method7,1,2,0.0,0,0.0,0,0,1,0,5,0,1,0,0.0,0,0,0,5,0.0,0,2.4,0,0,0.0,0,0.0,0.9,68,57,0.1,10,0,0,0,0,1,9,0,0,0,0,0,0,0,0,0,10,0.19999999999999996,10,1.0,10,0,0,0,10,0,0,10,0,1,0,0,0,0,0,10,10,37,3466,3389,290,0,9,46,1.0,2900,0,23177,27,411,2900,30624
2025-07-10,argo,com.grab.sample.dummy,KMPDummyClass3,method8,1,2,0.0,0,0.0,0,0,1,0,5,0,1,0,0.0,0,0,0,5,0.0,0,2.4,0,0,0.0,0,0.0,0.9,68,57,0.1,10,0,0,0,0,1,9,0,0,0,0,0,0,0,0,0,10,0.19999999999999996,10,1.0,10,0,0,0,10,0,0,10,0,1,0,0,0,0,0,10,10,37,3466,3389,290,0,9,46,1.0,2900,0,23177,27,411,2900,30624
2025-07-10,argo,com.grab.sample.dummy,KMPDummyClass3,method9,1,2,0.0,0,0.0,0,0,1,0,5,0,1,0,0.0,0,0,0,5,0.0,0,2.4,0,0,0.0,0,0.0,0.9,68,57,0.1,10,0,0,0,0,1,9,0,0,0,0,0,0,0,0,0,10,0.19999999999999996,10,1.0,10,0,0,0,10,0,0,10,0,1,0,0,0,0,0,10,10,37,3466,3389,290,0,9,46,1.0,2900,0,23177,27,411,2900,30624
2025-07-10,argo,com.grab.sample.dummy,KMPDummyClass3,method10,1,2,0.0,0,0.0,0,0,1,0,5,0,1,0,0.0,0,0,0,5,0.0,0,2.4,0,0,0.0,0,0.0,0.9,68,57,0.1,10,0,0,0,0,1,9,0,0,0,0,0,0,0,0,0,10,0.19999999999999996,10,1.0,10,0,0,0,10,0,0,10,0,1,0,0,0,0,0,10,10,37,3466,3389,290,0,9,46,1.0,2900,0,23177,27,411,2900,30624
2025-07-10,argo,com.grab.sample.dummy,KMPDummyClass30,method1,1,0,9.0,0,0.0,0,0,1,0,12,0,1,10,0.0,10,0,9,1,0.0,1,2.0,0,9,0.0,0,0.0,0.9,68,57,0.1,10,0,0,0,0,1,9,0,0,0,0,0,0,0,0,0,10,0.19999999999999996,10,1.0,10,0,0,0,10,0,0,10,0,1,0,0,0,0,0,10,10,37,3466,3389,290,0,9,46,1.0,2900,0,23177,27,411,2900,30624
2025-07-10,argo,com.grab.sample.dummy,KMPDummyClass30,method2,1,2,0.0,0,0.0,0,0,1,0,5,0,1,0,0.0,0,0,0,5,0.0,0,2.4,0,0,0.0,0,0.0,0.9,68,57,0.1,10,0,0,0,0,1,9,0,0,0,0,0,0,0,0,0,10,0.19999999999999996,10,1.0,10,0,0,0,10,0,0,10,0,1,0,0,0,0,0,10,10,37,3466,3389,290,0,9,46,1.0,2900,0,23177,27,411,2900,30624
2025-07-10,argo,com.grab.sample.dummy,KMPDummyClass30,method3,1,2,0.0,0,0.0,0,0,1,0,5,0,1,0,0.0,0,0,0,5,0.0,0,2.4,0,0,0.0,0,0.0,0.9,68,57,0.1,10,0,0,0,0,1,9,0,0,0,0,0,0,0,0,0,10,0.19999999999999996,10,1.0,10,0,0,0,10,0,0,10,0,1,0,0,0,0,0,10,10,37,3466,3389,290,0,9,46,1.0,2900,0,23177,27,411,2900,30624
2025-07-10,argo,com.grab.sample.dummy,KMPDummyClass30,method4,1,2,0.0,0,0.0,0,0,1,0,5,0,1,0,0.0,0,0,0,5,0.0,0,2.4,0,0,0.0,0,0.0,0.9,68,57,0.1,10,0,0,0,0,1,9,0,0,0,0,0,0,0,0,0,10,0.19999999999999996,10,1.0,10,0,0,0,10,0,0,10,0,1,0,0,0,0,0,10,10,37,3466,3389,290,0,9,46,1.0,2900,0,23177,27,411,2900,30624
2025-07-10,argo,com.grab.sample.dummy,KMPDummyClass30,method5,1,2,0.0,0,0.0,0,0,1,0,5,0,1,0,0.0,0,0,0,5,0.0,0,2.4,0,0,0.0,0,0.0,0.9,68,57,0.1,10,0,0,0,0,1,9,0,0,0,0,0,0,0,0,0,10,0.19999999999999996,10,1.0,10,0,0,0,10,0,0,10,0,1,0,0,0,0,0,10,10,37,3466,3389,290,0,9,46,1.0,2900,0,23177,27,411,2900,30624
2025-07-10,argo,com.grab.sample.dummy,KMPDummyClass30,method6,1,2,0.0,0,0.0,0,0,1,0,5,0,1,0,0.0,0,0,0,5,0.0,0,2.4,0,0,0.0,0,0.0,0.9,68,57,0.1,10,0,0,0,0,1,9,0,0,0,0,0,0,0,0,0,10,0.19999999999999996,10,1.0,10,0,0,0,10,0,0,10,0,1,0,0,0,0,0,10,10,37,3466,3389,290,0,9,46,1.0,2900,0,23177,27,411,2900,30624
2025-07-10,argo,com.grab.sample.dummy,KMPDummyClass30,method7,1,2,0.0,0,0.0,0,0,1,0,5,0,1,0,0.0,0,0,0,5,0.0,0,2.4,0,0,0.0,0,0.0,0.9,68,57,0.1,10,0,0,0,0,1,9,0,0,0,0,0,0,0,0,0,10,0.19999999999999996,10,1.0,10,0,0,0,10,0,0,10,0,1,0,0,0,0,0,10,10,37,3466,3389,290,0,9,46,1.0,2900,0,23177,27,411,2900,30624
2025-07-10,argo,com.grab.sample.dummy,KMPDummyClass30,method8,1,2,0.0,0,0.0,0,0,1,0,5,0,1,0,0.0,0,0,0,5,0.0,0,2.4,0,0,0.0,0,0.0,0.9,68,57,0.1,10,0,0,0,0,1,9,0,0,0,0,0,0,0,0,0,10,0.19999999999999996,10,1.0,10,0,0,0,10,0,0,10,0,1,0,0,0,0,0,10,10,37,3466,3389,290,0,9,46,1.0,2900,0,23177,27,411,2900,30624
2025-07-10,argo,com.grab.sample.dummy,KMPDummyClass30,method9,1,2,0.0,0,0.0,0,0,1,0,5,0,1,0,0.0,0,0,0,5,0.0,0,2.4,0,0,0.0,0,0.0,0.9,68,57,0.1,10,0,0,0,0,1,9,0,0,0,0,0,0,0,0,0,10,0.19999999999999996,10,1.0,10,0,0,0,10,0,0,10,0,1,0,0,0,0,0,10,10,37,3466,3389,290,0,9,46,1.0,2900,0,23177,27,411,2900,30624
2025-07-10,argo,com.grab.sample.dummy,KMPDummyClass30,method10,1,2,0.0,0,0.0,0,0,1,0,5,0,1,0,0.0,0,0,0,5,0.0,0,2.4,0,0,0.0,0,0.0,0.9,68,57,0.1,10,0,0,0,0,1,9,0,0,0,0,0,0,0,0,0,10,0.19999999999999996,10,1.0,10,0,0,0,10,0,0,10,0,1,0,0,0,0,0,10,10,37,3466,3389,290,0,9,46,1.0,2900,0,23177,27,411,2900,30624
2025-07-10,argo,com.grab.sample.dummy,KMPDummyClass31,method1,1,0,9.0,0,0.0,0,0,1,0,12,0,1,10,0.0,10,0,9,1,0.0,1,2.0,0,9,0.0,0,0.0,0.9,68,57,0.1,10,0,0,0,0,1,9,0,0,0,0,0,0,0,0,0,10,0.19999999999999996,10,1.0,10,0,0,0,10,0,0,10,0,1,0,0,0,0,0,10,10,37,3466,3389,290,0,9,46,1.0,2900,0,23177,27,411,2900,30624
2025-07-10,argo,com.grab.sample.dummy,KMPDummyClass31,method2,1,2,0.0,0,0.0,0,0,1,0,5,0,1,0,0.0,0,0,0,5,0.0,0,2.4,0,0,0.0,0,0.0,0.9,68,57,0.1,10,0,0,0,0,1,9,0,0,0,0,0,0,0,0,0,10,0.19999999999999996,10,1.0,10,0,0,0,10,0,0,10,0,1,0,0,0,0,0,10,10,37,3466,3389,290,0,9,46,1.0,2900,0,23177,27,411,2900,30624
2025-07-10,argo,com.grab.sample.dummy,KMPDummyClass31,method3,1,2,0.0,0,0.0,0,0,1,0,5,0,1,0,0.0,0,0,0,5,0.0,0,2.4,0,0,0.0,0,0.0,0.9,68,57,0.1,10,0,0,0,0,1,9,0,0,0,0,0,0,0,0,0,10,0.19999999999999996,10,1.0,10,0,0,0,10,0,0,10,0,1,0,0,0,0,0,10,10,37,3466,3389,290,0,9,46,1.0,2900,0,23177,27,411,2900,30624
2025-07-10,argo,com.grab.sample.dummy,KMPDummyClass31,method4,1,2,0.0,0,0.0,0,0,1,0,5,0,1,0,0.0,0,0,0,5,0.0,0,2.4,0,0,0.0,0,0.0,0.9,68,57,0.1,10,0,0,0,0,1,9,0,0,0,0,0,0,0,0,0,10,0.19999999999999996,10,1.0,10,0,0,0,10,0,0,10,0,1,0,0,0,0,0,10,10,37,3466,3389,290,0,9,46,1.0,2900,0,23177,27,411,2900,30624
2025-07-10,argo,com.grab.sample.dummy,KMPDummyClass31,method5,1,2,0.0,0,0.0,0,0,1,0,5,0,1,0,0.0,0,0,0,5,0.0,0,2.4,0,0,0.0,0,0.0,0.9,68,57,0.1,10,0,0,0,0,1,9,0,0,0,0,0,0,0,0,0,10,0.19999999999999996,10,1.0,10,0,0,0,10,0,0,10,0,1,0,0,0,0,0,10,10,37,3466,3389,290,0,9,46,1.0,2900,0,23177,27,411,2900,30624
2025-07-10,argo,com.grab.sample.dummy,KMPDummyClass31,method6,1,2,0.0,0,0.0,0,0,1,0,5,0,1,0,0.0,0,0,0,5,0.0,0,2.4,0,0,0.0,0,0.0,0.9,68,57,0.1,10,0,0,0,0,1,9,0,0,0,0,0,0,0,0,0,10,0.19999999999999996,10,1.0,10,0,0,0,10,0,0,10,0,1,0,0,0,0,0,10,10,37,3466,3389,290,0,9,46,1.0,2900,0,23177,27,411,2900,30624
2025-07-10,argo,com.grab.sample.dummy,KMPDummyClass31,method7,1,2,0.0,0,0.0,0,0,1,0,5,0,1,0,0.0,0,0,0,5,0.0,0,2.4,0,0,0.0,0,0.0,0.9,68,57,0.1,10,0,0,0,0,1,9,0,0,0,0,0,0,0,0,0,10,0.19999999999999996,10,1.0,10,0,0,0,10,0,0,10,0,1,0,0,0,0,0,10,10,37,3466,3389,290,0,9,46,1.0,2900,0,23177,27,411,2900,30624
2025-07-10,argo,com.grab.sample.dummy,KMPDummyClass31,method8,1,2,0.0,0,0.0,0,0,1,0,5,0,1,0,0.0,0,0,0,5,0.0,0,2.4,0,0,0.0,0,0.0,0.9,68,57,0.1,10,0,0,0,0,1,9,0,0,0,0,0,0,0,0,0,10,0.19999999999999996,10,1.0,10,0,0,0,10,0,0,10,0,1,0,0,0,0,0,10,10,37,3466,3389,290,0,9,46,1.0,2900,0,23177,27,411,2900,30624
2025-07-10,argo,com.grab.sample.dummy,KMPDummyClass31,method9,1,2,0.0,0,0.0,0,0,1,0,5,0,1,0,0.0,0,0,0,5,0.0,0,2.4,0,0,0.0,0,0.0,0.9,68,57,0.1,10,0,0,0,0,1,9,0,0,0,0,0,0,0,0,0,10,0.19999999999999996,10,1.0,10,0,0,0,10,0,0,10,0,1,0,0,0,0,0,10,10,37,3466,3389,290,0,9,46,1.0,2900,0,23177,27,411,2900,30624
2025-07-10,argo,com.grab.sample.dummy,KMPDummyClass31,method10,1,2,0.0,0,0.0,0,0,1,0,5,0,1,0,0.0,0,0,0,5,0.0,0,2.4,0,0,0.0,0,0.0,0.9,68,57,0.1,10,0,0,0,0,1,9,0,0,0,0,0,0,0,0,0,10,0.19999999999999996,10,1.0,10,0,0,0,10,0,0,10,0,1,0,0,0,0,0,10,10,37,3466,3389,290,0,9,46,1.0,2900,0,23177,27,411,2900,30624
2025-07-10,argo,com.grab.sample.dummy,KMPDummyClass32,method1,1,0,9.0,0,0.0,0,0,1,0,12,0,1,10,0.0,10,0,9,1,0.0,1,2.0,0,9,0.0,0,0.0,0.9,68,57,0.1,10,0,0,0,0,1,9,0,0,0,0,0,0,0,0,0,10,0.19999999999999996,10,1.0,10,0,0,0,10,0,0,10,0,1,0,0,0,0,0,10,10,37,3466,3389,290,0,9,46,1.0,2900,0,23177,27,411,2900,30624
2025-07-10,argo,com.grab.sample.dummy,KMPDummyClass32,method2,1,2,0.0,0,0.0,0,0,1,0,5,0,1,0,0.0,0,0,0,5,0.0,0,2.4,0,0,0.0,0,0.0,0.9,68,57,0.1,10,0,0,0,0,1,9,0,0,0,0,0,0,0,0,0,10,0.19999999999999996,10,1.0,10,0,0,0,10,0,0,10,0,1,0,0,0,0,0,10,10,37,3466,3389,290,0,9,46,1.0,2900,0,23177,27,411,2900,30624
2025-07-10,argo,com.grab.sample.dummy,KMPDummyClass32,method3,1,2,0.0,0,0.0,0,0,1,0,5,0,1,0,0.0,0,0,0,5,0.0,0,2.4,0,0,0.0,0,0.0,0.9,68,57,0.1,10,0,0,0,0,1,9,0,0,0,0,0,0,0,0,0,10,0.19999999999999996,10,1.0,10,0,0,0,10,0,0,10,0,1,0,0,0,0,0,10,10,37,3466,3389,290,0,9,46,1.0,2900,0,23177,27,411,2900,30624
2025-07-10,argo,com.grab.sample.dummy,KMPDummyClass32,method4,1,2,0.0,0,0.0,0,0,1,0,5,0,1,0,0.0,0,0,0,5,0.0,0,2.4,0,0,0.0,0,0.0,0.9,68,57,0.1,10,0,0,0,0,1,9,0,0,0,0,0,0,0,0,0,10,0.19999999999999996,10,1.0,10,0,0,0,10,0,0,10,0,1,0,0,0,0,0,10,10,37,3466,3389,290,0,9,46,1.0,2900,0,23177,27,411,2900,30624
2025-07-10,argo,com.grab.sample.dummy,KMPDummyClass32,method5,1,2,0.0,0,0.0,0,0,1,0,5,0,1,0,0.0,0,0,0,5,0.0,0,2.4,0,0,0.0,0,0.0,0.9,68,57,0.1,10,0,0,0,0,1,9,0,0,0,0,0,0,0,0,0,10,0.19999999999999996,10,1.0,10,0,0,0,10,0,0,10,0,1,0,0,0,0,0,10,10,37,3466,3389,290,0,9,46,1.0,2900,0,23177,27,411,2900,30624
2025-07-10,argo,com.grab.sample.dummy,KMPDummyClass32,method6,1,2,0.0,0,0.0,0,0,1,0,5,0,1,0,0.0,0,0,0,5,0.0,0,2.4,0,0,0.0,0,0.0,0.9,68,57,0.1,10,0,0,0,0,1,9,0,0,0,0,0,0,0,0,0,10,0.19999999999999996,10,1.0,10,0,0,0,10,0,0,10,0,1,0,0,0,0,0,10,10,37,3466,3389,290,0,9,46,1.0,2900,0,23177,27,411,2900,30624
2025-07-10,argo,com.grab.sample.dummy,KMPDummyClass32,method7,1,2,0.0,0,0.0,0,0,1,0,5,0,1,0,0.0,0,0,0,5,0.0,0,2.4,0,0,0.0,0,0.0,0.9,68,57,0.1,10,0,0,0,0,1,9,0,0,0,0,0,0,0,0,0,10,0.19999999999999996,10,1.0,10,0,0,0,10,0,0,10,0,1,0,0,0,0,0,10,10,37,3466,3389,290,0,9,46,1.0,2900,0,23177,27,411,2900,30624
2025-07-10,argo,com.grab.sample.dummy,KMPDummyClass32,method8,1,2,0.0,0,0.0,0,0,1,0,5,0,1,0,0.0,0,0,0,5,0.0,0,2.4,0,0,0.0,0,0.0,0.9,68,57,0.1,10,0,0,0,0,1,9,0,0,0,0,0,0,0,0,0,10,0.19999999999999996,10,1.0,10,0,0,0,10,0,0,10,0,1,0,0,0,0,0,10,10,37,3466,3389,290,0,9,46,1.0,2900,0,23177,27,411,2900,30624
2025-07-10,argo,com.grab.sample.dummy,KMPDummyClass32,method9,1,2,0.0,0,0.0,0,0,1,0,5,0,1,0,0.0,0,0,0,5,0.0,0,2.4,0,0,0.0,0,0.0,0.9,68,57,0.1,10,0,0,0,0,1,9,0,0,0,0,0,0,0,0,0,10,0.19999999999999996,10,1.0,10,0,0,0,10,0,0,10,0,1,0,0,0,0,0,10,10,37,3466,3389,290,0,9,46,1.0,2900,0,23177,27,411,2900,30624
2025-07-10,argo,com.grab.sample.dummy,KMPDummyClass32,method10,1,2,0.0,0,0.0,0,0,1,0,5,0,1,0,0.0,0,0,0,5,0.0,0,2.4,0,0,0.0,0,0.0,0.9,68,57,0.1,10,0,0,0,0,1,9,0,0,0,0,0,0,0,0,0,10,0.19999999999999996,10,1.0,10,0,0,0,10,0,0,10,0,1,0,0,0,0,0,10,10,37,3466,3389,290,0,9,46,1.0,2900,0,23177,27,411,2900,30624
2025-07-10,argo,com.grab.sample.dummy,KMPDummyClass33,method1,1,0,9.0,0,0.0,0,0,1,0,12,0,1,10,0.0,10,0,9,1,0.0,1,2.0,0,9,0.0,0,0.0,0.9,68,57,0.1,10,0,0,0,0,1,9,0,0,0,0,0,0,0,0,0,10,0.19999999999999996,10,1.0,10,0,0,0,10,0,0,10,0,1,0,0,0,0,0,10,10,37,3466,3389,290,0,9,46,1.0,2900,0,23177,27,411,2900,30624
2025-07-10,argo,com.grab.sample.dummy,KMPDummyClass33,method2,1,2,0.0,0,0.0,0,0,1,0,5,0,1,0,0.0,0,0,0,5,0.0,0,2.4,0,0,0.0,0,0.0,0.9,68,57,0.1,10,0,0,0,0,1,9,0,0,0,0,0,0,0,0,0,10,0.19999999999999996,10,1.0,10,0,0,0,10,0,0,10,0,1,0,0,0,0,0,10,10,37,3466,3389,290,0,9,46,1.0,2900,0,23177,27,411,2900,30624
2025-07-10,argo,com.grab.sample.dummy,KMPDummyClass33,method3,1,2,0.0,0,0.0,0,0,1,0,5,0,1,0,0.0,0,0,0,5,0.0,0,2.4,0,0,0.0,0,0.0,0.9,68,57,0.1,10,0,0,0,0,1,9,0,0,0,0,0,0,0,0,0,10,0.19999999999999996,10,1.0,10,0,0,0,10,0,0,10,0,1,0,0,0,0,0,10,10,37,3466,3389,290,0,9,46,1.0,2900,0,23177,27,411,2900,30624
2025-07-10,argo,com.grab.sample.dummy,KMPDummyClass33,method4,1,2,0.0,0,0.0,0,0,1,0,5,0,1,0,0.0,0,0,0,5,0.0,0,2.4,0,0,0.0,0,0.0,0.9,68,57,0.1,10,0,0,0,0,1,9,0,0,0,0,0,0,0,0,0,10,0.19999999999999996,10,1.0,10,0,0,0,10,0,0,10,0,1,0,0,0,0,0,10,10,37,3466,3389,290,0,9,46,1.0,2900,0,23177,27,411,2900,30624
2025-07-10,argo,com.grab.sample.dummy,KMPDummyClass33,method5,1,2,0.0,0,0.0,0,0,1,0,5,0,1,0,0.0,0,0,0,5,0.0,0,2.4,0,0,0.0,0,0.0,0.9,68,57,0.1,10,0,0,0,0,1,9,0,0,0,0,0,0,0,0,0,10,0.19999999999999996,10,1.0,10,0,0,0,10,0,0,10,0,1,0,0,0,0,0,10,10,37,3466,3389,290,0,9,46,1.0,2900,0,23177,27,411,2900,30624
2025-07-10,argo,com.grab.sample.dummy,KMPDummyClass33,method6,1,2,0.0,0,0.0,0,0,1,0,5,0,1,0,0.0,0,0,0,5,0.0,0,2.4,0,0,0.0,0,0.0,0.9,68,57,0.1,10,0,0,0,0,1,9,0,0,0,0,0,0,0,0,0,10,0.19999999999999996,10,1.0,10,0,0,0,10,0,0,10,0,1,0,0,0,0,0,10,10,37,3466,3389,290,0,9,46,1.0,2900,0,23177,27,411,2900,30624
2025-07-10,argo,com.grab.sample.dummy,KMPDummyClass33,method7,1,2,0.0,0,0.0,0,0,1,0,5,0,1,0,0.0,0,0,0,5,0.0,0,2.4,0,0,0.0,0,0.0,0.9,68,57,0.1,10,0,0,0,0,1,9,0,0,0,0,0,0,0,0,0,10,0.19999999999999996,10,1.0,10,0,0,0,10,0,0,10,0,1,0,0,0,0,0,10,10,37,3466,3389,290,0,9,46,1.0,2900,0,23177,27,411,2900,30624
2025-07-10,argo,com.grab.sample.dummy,KMPDummyClass33,method8,1,2,0.0,0,0.0,0,0,1,0,5,0,1,0,0.0,0,0,0,5,0.0,0,2.4,0,0,0.0,0,0.0,0.9,68,57,0.1,10,0,0,0,0,1,9,0,0,0,0,0,0,0,0,0,10,0.19999999999999996,10,1.0,10,0,0,0,10,0,0,10,0,1,0,0,0,0,0,10,10,37,3466,3389,290,0,9,46,1.0,2900,0,23177,27,411,2900,30624
2025-07-10,argo,com.grab.sample.dummy,KMPDummyClass33,method9,1,2,0.0,0,0.0,0,0,1,0,5,0,1,0,0.0,0,0,0,5,0.0,0,2.4,0,0,0.0,0,0.0,0.9,68,57,0.1,10,0,0,0,0,1,9,0,0,0,0,0,0,0,0,0,10,0.19999999999999996,10,1.0,10,0,0,0,10,0,0,10,0,1,0,0,0,0,0,10,10,37,3466,3389,290,0,9,46,1.0,2900,0,23177,27,411,2900,30624
2025-07-10,argo,com.grab.sample.dummy,KMPDummyClass33,method10,1,2,0.0,0,0.0,0,0,1,0,5,0,1,0,0.0,0,0,0,5,0.0,0,2.4,0,0,0.0,0,0.0,0.9,68,57,0.1,10,0,0,0,0,1,9,0,0,0,0,0,0,0,0,0,10,0.19999999999999996,10,1.0,10,0,0,0,10,0,0,10,0,1,0,0,0,0,0,10,10,37,3466,3389,290,0,9,46,1.0,2900,0,23177,27,411,2900,30624
2025-07-10,argo,com.grab.sample.dummy,KMPDummyClass34,method1,1,0,9.0,0,0.0,0,0,1,0,12,0,1,10,0.0,10,0,9,1,0.0,1,2.0,0,9,0.0,0,0.0,0.9,68,57,0.1,10,0,0,0,0,1,9,0,0,0,0,0,0,0,0,0,10,0.19999999999999996,10,1.0,10,0,0,0,10,0,0,10,0,1,0,0,0,0,0,10,10,37,3466,3389,290,0,9,46,1.0,2900,0,23177,27,411,2900,30624
2025-07-10,argo,com.grab.sample.dummy,KMPDummyClass34,method2,1,2,0.0,0,0.0,0,0,1,0,5,0,1,0,0.0,0,0,0,5,0.0,0,2.4,0,0,0.0,0,0.0,0.9,68,57,0.1,10,0,0,0,0,1,9,0,0,0,0,0,0,0,0,0,10,0.19999999999999996,10,1.0,10,0,0,0,10,0,0,10,0,1,0,0,0,0,0,10,10,37,3466,3389,290,0,9,46,1.0,2900,0,23177,27,411,2900,30624
2025-07-10,argo,com.grab.sample.dummy,KMPDummyClass34,method3,1,2,0.0,0,0.0,0,0,1,0,5,0,1,0,0.0,0,0,0,5,0.0,0,2.4,0,0,0.0,0,0.0,0.9,68,57,0.1,10,0,0,0,0,1,9,0,0,0,0,0,0,0,0,0,10,0.19999999999999996,10,1.0,10,0,0,0,10,0,0,10,0,1,0,0,0,0,0,10,10,37,3466,3389,290,0,9,46,1.0,2900,0,23177,27,411,2900,30624
2025-07-10,argo,com.grab.sample.dummy,KMPDummyClass34,method4,1,2,0.0,0,0.0,0,0,1,0,5,0,1,0,0.0,0,0,0,5,0.0,0,2.4,0,0,0.0,0,0.0,0.9,68,57,0.1,10,0,0,0,0,1,9,0,0,0,0,0,0,0,0,0,10,0.19999999999999996,10,1.0,10,0,0,0,10,0,0,10,0,1,0,0,0,0,0,10,10,37,3466,3389,290,0,9,46,1.0,2900,0,23177,27,411,2900,30624
2025-07-10,argo,com.grab.sample.dummy,KMPDummyClass34,method5,1,2,0.0,0,0.0,0,0,1,0,5,0,1,0,0.0,0,0,0,5,0.0,0,2.4,0,0,0.0,0,0.0,0.9,68,57,0.1,10,0,0,0,0,1,9,0,0,0,0,0,0,0,0,0,10,0.19999999999999996,10,1.0,10,0,0,0,10,0,0,10,0,1,0,0,0,0,0,10,10,37,3466,3389,290,0,9,46,1.0,2900,0,23177,27,411,2900,30624
2025-07-10,argo,com.grab.sample.dummy,KMPDummyClass34,method6,1,2,0.0,0,0.0,0,0,1,0,5,0,1,0,0.0,0,0,0,5,0.0,0,2.4,0,0,0.0,0,0.0,0.9,68,57,0.1,10,0,0,0,0,1,9,0,0,0,0,0,0,0,0,0,10,0.19999999999999996,10,1.0,10,0,0,0,10,0,0,10,0,1,0,0,0,0,0,10,10,37,3466,3389,290,0,9,46,1.0,2900,0,23177,27,411,2900,30624
2025-07-10,argo,com.grab.sample.dummy,KMPDummyClass34,method7,1,2,0.0,0,0.0,0,0,1,0,5,0,1,0,0.0,0,0,0,5,0.0,0,2.4,0,0,0.0,0,0.0,0.9,68,57,0.1,10,0,0,0,0,1,9,0,0,0,0,0,0,0,0,0,10,0.19999999999999996,10,1.0,10,0,0,0,10,0,0,10,0,1,0,0,0,0,0,10,10,37,3466,3389,290,0,9,46,1.0,2900,0,23177,27,411,2900,30624
2025-07-10,argo,com.grab.sample.dummy,KMPDummyClass34,method8,1,2,0.0,0,0.0,0,0,1,0,5,0,1,0,0.0,0,0,0,5,0.0,0,2.4,0,0,0.0,0,0.0,0.9,68,57,0.1,10,0,0,0,0,1,9,0,0,0,0,0,0,0,0,0,10,0.19999999999999996,10,1.0,10,0,0,0,10,0,0,10,0,1,0,0,0,0,0,10,10,37,3466,3389,290,0,9,46,1.0,2900,0,23177,27,411,2900,30624
2025-07-10,argo,com.grab.sample.dummy,KMPDummyClass34,method9,1,2,0.0,0,0.0,0,0,1,0,5,0,1,0,0.0,0,0,0,5,0.0,0,2.4,0,0,0.0,0,0.0,0.9,68,57,0.1,10,0,0,0,0,1,9,0,0,0,0,0,0,0,0,0,10,0.19999999999999996,10,1.0,10,0,0,0,10,0,0,10,0,1,0,0,0,0,0,10,10,37,3466,3389,290,0,9,46,1.0,2900,0,23177,27,411,2900,30624
2025-07-10,argo,com.grab.sample.dummy,KMPDummyClass34,method10,1,2,0.0,0,0.0,0,0,1,0,5,0,1,0,0.0,0,0,0,5,0.0,0,2.4,0,0,0.0,0,0.0,0.9,68,57,0.1,10,0,0,0,0,1,9,0,0,0,0,0,0,0,0,0,10,0.19999999999999996,10,1.0,10,0,0,0,10,0,0,10,0,1,0,0,0,0,0,10,10,37,3466,3389,290,0,9,46,1.0,2900,0,23177,27,411,2900,30624
2025-07-10,argo,com.grab.sample.dummy,KMPDummyClass35,method1,1,0,9.0,0,0.0,0,0,1,0,12,0,1,10,0.0,10,0,9,1,0.0,1,2.0,0,9,0.0,0,0.0,0.9,68,57,0.1,10,0,0,0,0,1,9,0,0,0,0,0,0,0,0,0,10,0.19999999999999996,10,1.0,10,0,0,0,10,0,0,10,0,1,0,0,0,0,0,10,10,37,3466,3389,290,0,9,46,1.0,2900,0,23177,27,411,2900,30624
2025-07-10,argo,com.grab.sample.dummy,KMPDummyClass35,method2,1,2,0.0,0,0.0,0,0,1,0,5,0,1,0,0.0,0,0,0,5,0.0,0,2.4,0,0,0.0,0,0.0,0.9,68,57,0.1,10,0,0,0,0,1,9,0,0,0,0,0,0,0,0,0,10,0.19999999999999996,10,1.0,10,0,0,0,10,0,0,10,0,1,0,0,0,0,0,10,10,37,3466,3389,290,0,9,46,1.0,2900,0,23177,27,411,2900,30624
2025-07-10,argo,com.grab.sample.dummy,KMPDummyClass35,method3,1,2,0.0,0,0.0,0,0,1,0,5,0,1,0,0.0,0,0,0,5,0.0,0,2.4,0,0,0.0,0,0.0,0.9,68,57,0.1,10,0,0,0,0,1,9,0,0,0,0,0,0,0,0,0,10,0.19999999999999996,10,1.0,10,0,0,0,10,0,0,10,0,1,0,0,0,0,0,10,10,37,3466,3389,290,0,9,46,1.0,2900,0,23177,27,411,2900,30624
2025-07-10,argo,com.grab.sample.dummy,KMPDummyClass35,method4,1,2,0.0,0,0.0,0,0,1,0,5,0,1,0,0.0,0,0,0,5,0.0,0,2.4,0,0,0.0,0,0.0,0.9,68,57,0.1,10,0,0,0,0,1,9,0,0,0,0,0,0,0,0,0,10,0.19999999999999996,10,1.0,10,0,0,0,10,0,0,10,0,1,0,0,0,0,0,10,10,37,3466,3389,290,0,9,46,1.0,2900,0,23177,27,411,2900,30624
2025-07-10,argo,com.grab.sample.dummy,KMPDummyClass35,method5,1,2,0.0,0,0.0,0,0,1,0,5,0,1,0,0.0,0,0,0,5,0.0,0,2.4,0,0,0.0,0,0.0,0.9,68,57,0.1,10,0,0,0,0,1,9,0,0,0,0,0,0,0,0,0,10,0.19999999999999996,10,1.0,10,0,0,0,10,0,0,10,0,1,0,0,0,0,0,10,10,37,3466,3389,290,0,9,46,1.0,2900,0,23177,27,411,2900,30624
2025-07-10,argo,com.grab.sample.dummy,KMPDummyClass35,method6,1,2,0.0,0,0.0,0,0,1,0,5,0,1,0,0.0,0,0,0,5,0.0,0,2.4,0,0,0.0,0,0.0,0.9,68,57,0.1,10,0,0,0,0,1,9,0,0,0,0,0,0,0,0,0,10,0.19999999999999996,10,1.0,10,0,0,0,10,0,0,10,0,1,0,0,0,0,0,10,10,37,3466,3389,290,0,9,46,1.0,2900,0,23177,27,411,2900,30624
2025-07-10,argo,com.grab.sample.dummy,KMPDummyClass35,method7,1,2,0.0,0,0.0,0,0,1,0,5,0,1,0,0.0,0,0,0,5,0.0,0,2.4,0,0,0.0,0,0.0,0.9,68,57,0.1,10,0,0,0,0,1,9,0,0,0,0,0,0,0,0,0,10,0.19999999999999996,10,1.0,10,0,0,0,10,0,0,10,0,1,0,0,0,0,0,10,10,37,3466,3389,290,0,9,46,1.0,2900,0,23177,27,411,2900,30624
2025-07-10,argo,com.grab.sample.dummy,KMPDummyClass35,method8,1,2,0.0,0,0.0,0,0,1,0,5,0,1,0,0.0,0,0,0,5,0.0,0,2.4,0,0,0.0,0,0.0,0.9,68,57,0.1,10,0,0,0,0,1,9,0,0,0,0,0,0,0,0,0,10,0.19999999999999996,10,1.0,10,0,0,0,10,0,0,10,0,1,0,0,0,0,0,10,10,37,3466,3389,290,0,9,46,1.0,2900,0,23177,27,411,2900,30624
2025-07-10,argo,com.grab.sample.dummy,KMPDummyClass35,method9,1,2,0.0,0,0.0,0,0,1,0,5,0,1,0,0.0,0,0,0,5,0.0,0,2.4,0,0,0.0,0,0.0,0.9,68,57,0.1,10,0,0,0,0,1,9,0,0,0,0,0,0,0,0,0,10,0.19999999999999996,10,1.0,10,0,0,0,10,0,0,10,0,1,0,0,0,0,0,10,10,37,3466,3389,290,0,9,46,1.0,2900,0,23177,27,411,2900,30624
2025-07-10,argo,com.grab.sample.dummy,KMPDummyClass35,method10,1,2,0.0,0,0.0,0,0,1,0,5,0,1,0,0.0,0,0,0,5,0.0,0,2.4,0,0,0.0,0,0.0,0.9,68,57,0.1,10,0,0,0,0,1,9,0,0,0,0,0,0,0,0,0,10,0.19999999999999996,10,1.0,10,0,0,0,10,0,0,10,0,1,0,0,0,0,0,10,10,37,3466,3389,290,0,9,46,1.0,2900,0,23177,27,411,2900,30624
2025-07-10,argo,com.grab.sample.dummy,KMPDummyClass36,method1,1,0,9.0,0,0.0,0,0,1,0,12,0,1,10,0.0,10,0,9,1,0.0,1,2.0,0,9,0.0,0,0.0,0.9,68,57,0.1,10,0,0,0,0,1,9,0,0,0,0,0,0,0,0,0,10,0.19999999999999996,10,1.0,10,0,0,0,10,0,0,10,0,1,0,0,0,0,0,10,10,37,3466,3389,290,0,9,46,1.0,2900,0,23177,27,411,2900,30624
2025-07-10,argo,com.grab.sample.dummy,KMPDummyClass36,method2,1,2,0.0,0,0.0,0,0,1,0,5,0,1,0,0.0,0,0,0,5,0.0,0,2.4,0,0,0.0,0,0.0,0.9,68,57,0.1,10,0,0,0,0,1,9,0,0,0,0,0,0,0,0,0,10,0.19999999999999996,10,1.0,10,0,0,0,10,0,0,10,0,1,0,0,0,0,0,10,10,37,3466,3389,290,0,9,46,1.0,2900,0,23177,27,411,2900,30624
2025-07-10,argo,com.grab.sample.dummy,KMPDummyClass36,method3,1,2,0.0,0,0.0,0,0,1,0,5,0,1,0,0.0,0,0,0,5,0.0,0,2.4,0,0,0.0,0,0.0,0.9,68,57,0.1,10,0,0,0,0,1,9,0,0,0,0,0,0,0,0,0,10,0.19999999999999996,10,1.0,10,0,0,0,10,0,0,10,0,1,0,0,0,0,0,10,10,37,3466,3389,290,0,9,46,1.0,2900,0,23177,27,411,2900,30624
2025-07-10,argo,com.grab.sample.dummy,KMPDummyClass36,method4,1,2,0.0,0,0.0,0,0,1,0,5,0,1,0,0.0,0,0,0,5,0.0,0,2.4,0,0,0.0,0,0.0,0.9,68,57,0.1,10,0,0,0,0,1,9,0,0,0,0,0,0,0,0,0,10,0.19999999999999996,10,1.0,10,0,0,0,10,0,0,10,0,1,0,0,0,0,0,10,10,37,3466,3389,290,0,9,46,1.0,2900,0,23177,27,411,2900,30624
2025-07-10,argo,com.grab.sample.dummy,KMPDummyClass36,method5,1,2,0.0,0,0.0,0,0,1,0,5,0,1,0,0.0,0,0,0,5,0.0,0,2.4,0,0,0.0,0,0.0,0.9,68,57,0.1,10,0,0,0,0,1,9,0,0,0,0,0,0,0,0,0,10,0.19999999999999996,10,1.0,10,0,0,0,10,0,0,10,0,1,0,0,0,0,0,10,10,37,3466,3389,290,0,9,46,1.0,2900,0,23177,27,411,2900,30624
2025-07-10,argo,com.grab.sample.dummy,KMPDummyClass36,method6,1,2,0.0,0,0.0,0,0,1,0,5,0,1,0,0.0,0,0,0,5,0.0,0,2.4,0,0,0.0,0,0.0,0.9,68,57,0.1,10,0,0,0,0,1,9,0,0,0,0,0,0,0,0,0,10,0.19999999999999996,10,1.0,10,0,0,0,10,0,0,10,0,1,0,0,0,0,0,10,10,37,3466,3389,290,0,9,46,1.0,2900,0,23177,27,411,2900,30624
2025-07-10,argo,com.grab.sample.dummy,KMPDummyClass36,method7,1,2,0.0,0,0.0,0,0,1,0,5,0,1,0,0.0,0,0,0,5,0.0,0,2.4,0,0,0.0,0,0.0,0.9,68,57,0.1,10,0,0,0,0,1,9,0,0,0,0,0,0,0,0,0,10,0.19999999999999996,10,1.0,10,0,0,0,10,0,0,10,0,1,0,0,0,0,0,10,10,37,3466,3389,290,0,9,46,1.0,2900,0,23177,27,411,2900,30624
2025-07-10,argo,com.grab.sample.dummy,KMPDummyClass36,method8,1,2,0.0,0,0.0,0,0,1,0,5,0,1,0,0.0,0,0,0,5,0.0,0,2.4,0,0,0.0,0,0.0,0.9,68,57,0.1,10,0,0,0,0,1,9,0,0,0,0,0,0,0,0,0,10,0.19999999999999996,10,1.0,10,0,0,0,10,0,0,10,0,1,0,0,0,0,0,10,10,37,3466,3389,290,0,9,46,1.0,2900,0,23177,27,411,2900,30624
2025-07-10,argo,com.grab.sample.dummy,KMPDummyClass36,method9,1,2,0.0,0,0.0,0,0,1,0,5,0,1,0,0.0,0,0,0,5,0.0,0,2.4,0,0,0.0,0,0.0,0.9,68,57,0.1,10,0,0,0,0,1,9,0,0,0,0,0,0,0,0,0,10,0.19999999999999996,10,1.0,10,0,0,0,10,0,0,10,0,1,0,0,0,0,0,10,10,37,3466,3389,290,0,9,46,1.0,2900,0,23177,27,411,2900,30624
2025-07-10,argo,com.grab.sample.dummy,KMPDummyClass36,method10,1,2,0.0,0,0.0,0,0,1,0,5,0,1,0,0.0,0,0,0,5,0.0,0,2.4,0,0,0.0,0,0.0,0.9,68,57,0.1,10,0,0,0,0,1,9,0,0,0,0,0,0,0,0,0,10,0.19999999999999996,10,1.0,10,0,0,0,10,0,0,10,0,1,0,0,0,0,0,10,10,37,3466,3389,290,0,9,46,1.0,2900,0,23177,27,411,2900,30624
2025-07-10,argo,com.grab.sample.dummy,KMPDummyClass37,method1,1,0,9.0,0,0.0,0,0,1,0,12,0,1,10,0.0,10,0,9,1,0.0,1,2.0,0,9,0.0,0,0.0,0.9,68,57,0.1,10,0,0,0,0,1,9,0,0,0,0,0,0,0,0,0,10,0.19999999999999996,10,1.0,10,0,0,0,10,0,0,10,0,1,0,0,0,0,0,10,10,37,3466,3389,290,0,9,46,1.0,2900,0,23177,27,411,2900,30624
2025-07-10,argo,com.grab.sample.dummy,KMPDummyClass37,method2,1,2,0.0,0,0.0,0,0,1,0,5,0,1,0,0.0,0,0,0,5,0.0,0,2.4,0,0,0.0,0,0.0,0.9,68,57,0.1,10,0,0,0,0,1,9,0,0,0,0,0,0,0,0,0,10,0.19999999999999996,10,1.0,10,0,0,0,10,0,0,10,0,1,0,0,0,0,0,10,10,37,3466,3389,290,0,9,46,1.0,2900,0,23177,27,411,2900,30624
2025-07-10,argo,com.grab.sample.dummy,KMPDummyClass37,method3,1,2,0.0,0,0.0,0,0,1,0,5,0,1,0,0.0,0,0,0,5,0.0,0,2.4,0,0,0.0,0,0.0,0.9,68,57,0.1,10,0,0,0,0,1,9,0,0,0,0,0,0,0,0,0,10,0.19999999999999996,10,1.0,10,0,0,0,10,0,0,10,0,1,0,0,0,0,0,10,10,37,3466,3389,290,0,9,46,1.0,2900,0,23177,27,411,2900,30624
2025-07-10,argo,com.grab.sample.dummy,KMPDummyClass37,method4,1,2,0.0,0,0.0,0,0,1,0,5,0,1,0,0.0,0,0,0,5,0.0,0,2.4,0,0,0.0,0,0.0,0.9,68,57,0.1,10,0,0,0,0,1,9,0,0,0,0,0,0,0,0,0,10,0.19999999999999996,10,1.0,10,0,0,0,10,0,0,10,0,1,0,0,0,0,0,10,10,37,3466,3389,290,0,9,46,1.0,2900,0,23177,27,411,2900,30624
2025-07-10,argo,com.grab.sample.dummy,KMPDummyClass37,method5,1,2,0.0,0,0.0,0,0,1,0,5,0,1,0,0.0,0,0,0,5,0.0,0,2.4,0,0,0.0,0,0.0,0.9,68,57,0.1,10,0,0,0,0,1,9,0,0,0,0,0,0,0,0,0,10,0.19999999999999996,10,1.0,10,0,0,0,10,0,0,10,0,1,0,0,0,0,0,10,10,37,3466,3389,290,0,9,46,1.0,2900,0,23177,27,411,2900,30624
2025-07-10,argo,com.grab.sample.dummy,KMPDummyClass37,method6,1,2,0.0,0,0.0,0,0,1,0,5,0,1,0,0.0,0,0,0,5,0.0,0,2.4,0,0,0.0,0,0.0,0.9,68,57,0.1,10,0,0,0,0,1,9,0,0,0,0,0,0,0,0,0,10,0.19999999999999996,10,1.0,10,0,0,0,10,0,0,10,0,1,0,0,0,0,0,10,10,37,3466,3389,290,0,9,46,1.0,2900,0,23177,27,411,2900,30624
2025-07-10,argo,com.grab.sample.dummy,KMPDummyClass37,method7,1,2,0.0,0,0.0,0,0,1,0,5,0,1,0,0.0,0,0,0,5,0.0,0,2.4,0,0,0.0,0,0.0,0.9,68,57,0.1,10,0,0,0,0,1,9,0,0,0,0,0,0,0,0,0,10,0.19999999999999996,10,1.0,10,0,0,0,10,0,0,10,0,1,0,0,0,0,0,10,10,37,3466,3389,290,0,9,46,1.0,2900,0,23177,27,411,2900,30624
2025-07-10,argo,com.grab.sample.dummy,KMPDummyClass37,method8,1,2,0.0,0,0.0,0,0,1,0,5,0,1,0,0.0,0,0,0,5,0.0,0,2.4,0,0,0.0,0,0.0,0.9,68,57,0.1,10,0,0,0,0,1,9,0,0,0,0,0,0,0,0,0,10,0.19999999999999996,10,1.0,10,0,0,0,10,0,0,10,0,1,0,0,0,0,0,10,10,37,3466,3389,290,0,9,46,1.0,2900,0,23177,27,411,2900,30624
2025-07-10,argo,com.grab.sample.dummy,KMPDummyClass37,method9,1,2,0.0,0,0.0,0,0,1,0,5,0,1,0,0.0,0,0,0,5,0.0,0,2.4,0,0,0.0,0,0.0,0.9,68,57,0.1,10,0,0,0,0,1,9,0,0,0,0,0,0,0,0,0,10,0.19999999999999996,10,1.0,10,0,0,0,10,0,0,10,0,1,0,0,0,0,0,10,10,37,3466,3389,290,0,9,46,1.0,2900,0,23177,27,411,2900,30624
2025-07-10,argo,com.grab.sample.dummy,KMPDummyClass37,method10,1,2,0.0,0,0.0,0,0,1,0,5,0,1,0,0.0,0,0,0,5,0.0,0,2.4,0,0,0.0,0,0.0,0.9,68,57,0.1,10,0,0,0,0,1,9,0,0,0,0,0,0,0,0,0,10,0.19999999999999996,10,1.0,10,0,0,0,10,0,0,10,0,1,0,0,0,0,0,10,10,37,3466,3389,290,0,9,46,1.0,2900,0,23177,27,411,2900,30624
2025-07-10,argo,com.grab.sample.dummy,KMPDummyClass38,method1,1,0,9.0,0,0.0,0,0,1,0,12,0,1,10,0.0,10,0,9,1,0.0,1,2.0,0,9,0.0,0,0.0,0.9,68,57,0.1,10,0,0,0,0,1,9,0,0,0,0,0,0,0,0,0,10,0.19999999999999996,10,1.0,10,0,0,0,10,0,0,10,0,1,0,0,0,0,0,10,10,37,3466,3389,290,0,9,46,1.0,2900,0,23177,27,411,2900,30624
2025-07-10,argo,com.grab.sample.dummy,KMPDummyClass38,method2,1,2,0.0,0,0.0,0,0,1,0,5,0,1,0,0.0,0,0,0,5,0.0,0,2.4,0,0,0.0,0,0.0,0.9,68,57,0.1,10,0,0,0,0,1,9,0,0,0,0,0,0,0,0,0,10,0.19999999999999996,10,1.0,10,0,0,0,10,0,0,10,0,1,0,0,0,0,0,10,10,37,3466,3389,290,0,9,46,1.0,2900,0,23177,27,411,2900,30624
2025-07-10,argo,com.grab.sample.dummy,KMPDummyClass38,method3,1,2,0.0,0,0.0,0,0,1,0,5,0,1,0,0.0,0,0,0,5,0.0,0,2.4,0,0,0.0,0,0.0,0.9,68,57,0.1,10,0,0,0,0,1,9,0,0,0,0,0,0,0,0,0,10,0.19999999999999996,10,1.0,10,0,0,0,10,0,0,10,0,1,0,0,0,0,0,10,10,37,3466,3389,290,0,9,46,1.0,2900,0,23177,27,411,2900,30624
2025-07-10,argo,com.grab.sample.dummy,KMPDummyClass38,method4,1,2,0.0,0,0.0,0,0,1,0,5,0,1,0,0.0,0,0,0,5,0.0,0,2.4,0,0,0.0,0,0.0,0.9,68,57,0.1,10,0,0,0,0,1,9,0,0,0,0,0,0,0,0,0,10,0.19999999999999996,10,1.0,10,0,0,0,10,0,0,10,0,1,0,0,0,0,0,10,10,37,3466,3389,290,0,9,46,1.0,2900,0,23177,27,411,2900,30624
2025-07-10,argo,com.grab.sample.dummy,KMPDummyClass38,method5,1,2,0.0,0,0.0,0,0,1,0,5,0,1,0,0.0,0,0,0,5,0.0,0,2.4,0,0,0.0,0,0.0,0.9,68,57,0.1,10,0,0,0,0,1,9,0,0,0,0,0,0,0,0,0,10,0.19999999999999996,10,1.0,10,0,0,0,10,0,0,10,0,1,0,0,0,0,0,10,10,37,3466,3389,290,0,9,46,1.0,2900,0,23177,27,411,2900,30624
2025-07-10,argo,com.grab.sample.dummy,KMPDummyClass38,method6,1,2,0.0,0,0.0,0,0,1,0,5,0,1,0,0.0,0,0,0,5,0.0,0,2.4,0,0,0.0,0,0.0,0.9,68,57,0.1,10,0,0,0,0,1,9,0,0,0,0,0,0,0,0,0,10,0.19999999999999996,10,1.0,10,0,0,0,10,0,0,10,0,1,0,0,0,0,0,10,10,37,3466,3389,290,0,9,46,1.0,2900,0,23177,27,411,2900,30624
2025-07-10,argo,com.grab.sample.dummy,KMPDummyClass38,method7,1,2,0.0,0,0.0,0,0,1,0,5,0,1,0,0.0,0,0,0,5,0.0,0,2.4,0,0,0.0,0,0.0,0.9,68,57,0.1,10,0,0,0,0,1,9,0,0,0,0,0,0,0,0,0,10,0.19999999999999996,10,1.0,10,0,0,0,10,0,0,10,0,1,0,0,0,0,0,10,10,37,3466,3389,290,0,9,46,1.0,2900,0,23177,27,411,2900,30624
2025-07-10,argo,com.grab.sample.dummy,KMPDummyClass38,method8,1,2,0.0,0,0.0,0,0,1,0,5,0,1,0,0.0,0,0,0,5,0.0,0,2.4,0,0,0.0,0,0.0,0.9,68,57,0.1,10,0,0,0,0,1,9,0,0,0,0,0,0,0,0,0,10,0.19999999999999996,10,1.0,10,0,0,0,10,0,0,10,0,1,0,0,0,0,0,10,10,37,3466,3389,290,0,9,46,1.0,2900,0,23177,27,411,2900,30624
2025-07-10,argo,com.grab.sample.dummy,KMPDummyClass38,method9,1,2,0.0,0,0.0,0,0,1,0,5,0,1,0,0.0,0,0,0,5,0.0,0,2.4,0,0,0.0,0,0.0,0.9,68,57,0.1,10,0,0,0,0,1,9,0,0,0,0,0,0,0,0,0,10,0.19999999999999996,10,1.0,10,0,0,0,10,0,0,10,0,1,0,0,0,0,0,10,10,37,3466,3389,290,0,9,46,1.0,2900,0,23177,27,411,2900,30624
2025-07-10,argo,com.grab.sample.dummy,KMPDummyClass38,method10,1,2,0.0,0,0.0,0,0,1,0,5,0,1,0,0.0,0,0,0,5,0.0,0,2.4,0,0,0.0,0,0.0,0.9,68,57,0.1,10,0,0,0,0,1,9,0,0,0,0,0,0,0,0,0,10,0.19999999999999996,10,1.0,10,0,0,0,10,0,0,10,0,1,0,0,0,0,0,10,10,37,3466,3389,290,0,9,46,1.0,2900,0,23177,27,411,2900,30624
2025-07-10,argo,com.grab.sample.dummy,KMPDummyClass39,method1,1,0,9.0,0,0.0,0,0,1,0,12,0,1,10,0.0,10,0,9,1,0.0,1,2.0,0,9,0.0,0,0.0,0.9,68,57,0.1,10,0,0,0,0,1,9,0,0,0,0,0,0,0,0,0,10,0.19999999999999996,10,1.0,10,0,0,0,10,0,0,10,0,1,0,0,0,0,0,10,10,37,3466,3389,290,0,9,46,1.0,2900,0,23177,27,411,2900,30624
2025-07-10,argo,com.grab.sample.dummy,KMPDummyClass39,method2,1,2,0.0,0,0.0,0,0,1,0,5,0,1,0,0.0,0,0,0,5,0.0,0,2.4,0,0,0.0,0,0.0,0.9,68,57,0.1,10,0,0,0,0,1,9,0,0,0,0,0,0,0,0,0,10,0.19999999999999996,10,1.0,10,0,0,0,10,0,0,10,0,1,0,0,0,0,0,10,10,37,3466,3389,290,0,9,46,1.0,2900,0,23177,27,411,2900,30624
2025-07-10,argo,com.grab.sample.dummy,KMPDummyClass39,method3,1,2,0.0,0,0.0,0,0,1,0,5,0,1,0,0.0,0,0,0,5,0.0,0,2.4,0,0,0.0,0,0.0,0.9,68,57,0.1,10,0,0,0,0,1,9,0,0,0,0,0,0,0,0,0,10,0.19999999999999996,10,1.0,10,0,0,0,10,0,0,10,0,1,0,0,0,0,0,10,10,37,3466,3389,290,0,9,46,1.0,2900,0,23177,27,411,2900,30624
2025-07-10,argo,com.grab.sample.dummy,KMPDummyClass39,method4,1,2,0.0,0,0.0,0,0,1,0,5,0,1,0,0.0,0,0,0,5,0.0,0,2.4,0,0,0.0,0,0.0,0.9,68,57,0.1,10,0,0,0,0,1,9,0,0,0,0,0,0,0,0,0,10,0.19999999999999996,10,1.0,10,0,0,0,10,0,0,10,0,1,0,0,0,0,0,10,10,37,3466,3389,290,0,9,46,1.0,2900,0,23177,27,411,2900,30624
2025-07-10,argo,com.grab.sample.dummy,KMPDummyClass39,method5,1,2,0.0,0,0.0,0,0,1,0,5,0,1,0,0.0,0,0,0,5,0.0,0,2.4,0,0,0.0,0,0.0,0.9,68,57,0.1,10,0,0,0,0,1,9,0,0,0,0,0,0,0,0,0,10,0.19999999999999996,10,1.0,10,0,0,0,10,0,0,10,0,1,0,0,0,0,0,10,10,37,3466,3389,290,0,9,46,1.0,2900,0,23177,27,411,2900,30624
2025-07-10,argo,com.grab.sample.dummy,KMPDummyClass39,method6,1,2,0.0,0,0.0,0,0,1,0,5,0,1,0,0.0,0,0,0,5,0.0,0,2.4,0,0,0.0,0,0.0,0.9,68,57,0.1,10,0,0,0,0,1,9,0,0,0,0,0,0,0,0,0,10,0.19999999999999996,10,1.0,10,0,0,0,10,0,0,10,0,1,0,0,0,0,0,10,10,37,3466,3389,290,0,9,46,1.0,2900,0,23177,27,411,2900,30624
2025-07-10,argo,com.grab.sample.dummy,KMPDummyClass39,method7,1,2,0.0,0,0.0,0,0,1,0,5,0,1,0,0.0,0,0,0,5,0.0,0,2.4,0,0,0.0,0,0.0,0.9,68,57,0.1,10,0,0,0,0,1,9,0,0,0,0,0,0,0,0,0,10,0.19999999999999996,10,1.0,10,0,0,0,10,0,0,10,0,1,0,0,0,0,0,10,10,37,3466,3389,290,0,9,46,1.0,2900,0,23177,27,411,2900,30624
2025-07-10,argo,com.grab.sample.dummy,KMPDummyClass39,method8,1,2,0.0,0,0.0,0,0,1,0,5,0,1,0,0.0,0,0,0,5,0.0,0,2.4,0,0,0.0,0,0.0,0.9,68,57,0.1,10,0,0,0,0,1,9,0,0,0,0,0,0,0,0,0,10,0.19999999999999996,10,1.0,10,0,0,0,10,0,0,10,0,1,0,0,0,0,0,10,10,37,3466,3389,290,0,9,46,1.0,2900,0,23177,27,411,2900,30624
2025-07-10,argo,com.grab.sample.dummy,KMPDummyClass39,method9,1,2,0.0,0,0.0,0,0,1,0,5,0,1,0,0.0,0,0,0,5,0.0,0,2.4,0,0,0.0,0,0.0,0.9,68,57,0.1,10,0,0,0,0,1,9,0,0,0,0,0,0,0,0,0,10,0.19999999999999996,10,1.0,10,0,0,0,10,0,0,10,0,1,0,0,0,0,0,10,10,37,3466,3389,290,0,9,46,1.0,2900,0,23177,27,411,2900,30624
2025-07-10,argo,com.grab.sample.dummy,KMPDummyClass39,method10,1,2,0.0,0,0.0,0,0,1,0,5,0,1,0,0.0,0,0,0,5,0.0,0,2.4,0,0,0.0,0,0.0,0.9,68,57,0.1,10,0,0,0,0,1,9,0,0,0,0,0,0,0,0,0,10,0.19999999999999996,10,1.0,10,0,0,0,10,0,0,10,0,1,0,0,0,0,0,10,10,37,3466,3389,290,0,9,46,1.0,2900,0,23177,27,411,2900,30624
2025-07-10,argo,com.grab.sample.dummy,KMPDummyClass4,method1,1,0,9.0,0,0.0,0,0,1,0,12,0,1,10,0.0,10,0,9,1,0.0,1,2.0,0,9,0.0,0,0.0,0.9,68,57,0.1,10,0,0,0,0,1,9,0,0,0,0,0,0,0,0,0,10,0.19999999999999996,10,1.0,10,0,0,0,10,0,0,10,0,1,0,0,0,0,0,10,10,37,3466,3389,290,0,9,46,1.0,2900,0,23177,27,411,2900,30624
2025-07-10,argo,com.grab.sample.dummy,KMPDummyClass4,method2,1,2,0.0,0,0.0,0,0,1,0,5,0,1,0,0.0,0,0,0,5,0.0,0,2.4,0,0,0.0,0,0.0,0.9,68,57,0.1,10,0,0,0,0,1,9,0,0,0,0,0,0,0,0,0,10,0.19999999999999996,10,1.0,10,0,0,0,10,0,0,10,0,1,0,0,0,0,0,10,10,37,3466,3389,290,0,9,46,1.0,2900,0,23177,27,411,2900,30624
2025-07-10,argo,com.grab.sample.dummy,KMPDummyClass4,method3,1,2,0.0,0,0.0,0,0,1,0,5,0,1,0,0.0,0,0,0,5,0.0,0,2.4,0,0,0.0,0,0.0,0.9,68,57,0.1,10,0,0,0,0,1,9,0,0,0,0,0,0,0,0,0,10,0.19999999999999996,10,1.0,10,0,0,0,10,0,0,10,0,1,0,0,0,0,0,10,10,37,3466,3389,290,0,9,46,1.0,2900,0,23177,27,411,2900,30624
2025-07-10,argo,com.grab.sample.dummy,KMPDummyClass4,method4,1,2,0.0,0,0.0,0,0,1,0,5,0,1,0,0.0,0,0,0,5,0.0,0,2.4,0,0,0.0,0,0.0,0.9,68,57,0.1,10,0,0,0,0,1,9,0,0,0,0,0,0,0,0,0,10,0.19999999999999996,10,1.0,10,0,0,0,10,0,0,10,0,1,0,0,0,0,0,10,10,37,3466,3389,290,0,9,46,1.0,2900,0,23177,27,411,2900,30624
2025-07-10,argo,com.grab.sample.dummy,KMPDummyClass4,method5,1,2,0.0,0,0.0,0,0,1,0,5,0,1,0,0.0,0,0,0,5,0.0,0,2.4,0,0,0.0,0,0.0,0.9,68,57,0.1,10,0,0,0,0,1,9,0,0,0,0,0,0,0,0,0,10,0.19999999999999996,10,1.0,10,0,0,0,10,0,0,10,0,1,0,0,0,0,0,10,10,37,3466,3389,290,0,9,46,1.0,2900,0,23177,27,411,2900,30624
2025-07-10,argo,com.grab.sample.dummy,KMPDummyClass4,method6,1,2,0.0,0,0.0,0,0,1,0,5,0,1,0,0.0,0,0,0,5,0.0,0,2.4,0,0,0.0,0,0.0,0.9,68,57,0.1,10,0,0,0,0,1,9,0,0,0,0,0,0,0,0,0,10,0.19999999999999996,10,1.0,10,0,0,0,10,0,0,10,0,1,0,0,0,0,0,10,10,37,3466,3389,290,0,9,46,1.0,2900,0,23177,27,411,2900,30624
2025-07-10,argo,com.grab.sample.dummy,KMPDummyClass4,method7,1,2,0.0,0,0.0,0,0,1,0,5,0,1,0,0.0,0,0,0,5,0.0,0,2.4,0,0,0.0,0,0.0,0.9,68,57,0.1,10,0,0,0,0,1,9,0,0,0,0,0,0,0,0,0,10,0.19999999999999996,10,1.0,10,0,0,0,10,0,0,10,0,1,0,0,0,0,0,10,10,37,3466,3389,290,0,9,46,1.0,2900,0,23177,27,411,2900,30624
2025-07-10,argo,com.grab.sample.dummy,KMPDummyClass4,method8,1,2,0.0,0,0.0,0,0,1,0,5,0,1,0,0.0,0,0,0,5,0.0,0,2.4,0,0,0.0,0,0.0,0.9,68,57,0.1,10,0,0,0,0,1,9,0,0,0,0,0,0,0,0,0,10,0.19999999999999996,10,1.0,10,0,0,0,10,0,0,10,0,1,0,0,0,0,0,10,10,37,3466,3389,290,0,9,46,1.0,2900,0,23177,27,411,2900,30624
2025-07-10,argo,com.grab.sample.dummy,KMPDummyClass4,method9,1,2,0.0,0,0.0,0,0,1,0,5,0,1,0,0.0,0,0,0,5,0.0,0,2.4,0,0,0.0,0,0.0,0.9,68,57,0.1,10,0,0,0,0,1,9,0,0,0,0,0,0,0,0,0,10,0.19999999999999996,10,1.0,10,0,0,0,10,0,0,10,0,1,0,0,0,0,0,10,10,37,3466,3389,290,0,9,46,1.0,2900,0,23177,27,411,2900,30624
2025-07-10,argo,com.grab.sample.dummy,KMPDummyClass4,method10,1,2,0.0,0,0.0,0,0,1,0,5,0,1,0,0.0,0,0,0,5,0.0,0,2.4,0,0,0.0,0,0.0,0.9,68,57,0.1,10,0,0,0,0,1,9,0,0,0,0,0,0,0,0,0,10,0.19999999999999996,10,1.0,10,0,0,0,10,0,0,10,0,1,0,0,0,0,0,10,10,37,3466,3389,290,0,9,46,1.0,2900,0,23177,27,411,2900,30624
2025-07-10,argo,com.grab.sample.dummy,KMPDummyClass40,method1,1,0,9.0,0,0.0,0,0,1,0,12,0,1,10,0.0,10,0,9,1,0.0,1,2.0,0,9,0.0,0,0.0,0.9,68,57,0.1,10,0,0,0,0,1,9,0,0,0,0,0,0,0,0,0,10,0.19999999999999996,10,1.0,10,0,0,0,10,0,0,10,0,1,0,0,0,0,0,10,10,37,3466,3389,290,0,9,46,1.0,2900,0,23177,27,411,2900,30624
2025-07-10,argo,com.grab.sample.dummy,KMPDummyClass40,method2,1,2,0.0,0,0.0,0,0,1,0,5,0,1,0,0.0,0,0,0,5,0.0,0,2.4,0,0,0.0,0,0.0,0.9,68,57,0.1,10,0,0,0,0,1,9,0,0,0,0,0,0,0,0,0,10,0.19999999999999996,10,1.0,10,0,0,0,10,0,0,10,0,1,0,0,0,0,0,10,10,37,3466,3389,290,0,9,46,1.0,2900,0,23177,27,411,2900,30624
2025-07-10,argo,com.grab.sample.dummy,KMPDummyClass40,method3,1,2,0.0,0,0.0,0,0,1,0,5,0,1,0,0.0,0,0,0,5,0.0,0,2.4,0,0,0.0,0,0.0,0.9,68,57,0.1,10,0,0,0,0,1,9,0,0,0,0,0,0,0,0,0,10,0.19999999999999996,10,1.0,10,0,0,0,10,0,0,10,0,1,0,0,0,0,0,10,10,37,3466,3389,290,0,9,46,1.0,2900,0,23177,27,411,2900,30624
2025-07-10,argo,com.grab.sample.dummy,KMPDummyClass40,method4,1,2,0.0,0,0.0,0,0,1,0,5,0,1,0,0.0,0,0,0,5,0.0,0,2.4,0,0,0.0,0,0.0,0.9,68,57,0.1,10,0,0,0,0,1,9,0,0,0,0,0,0,0,0,0,10,0.19999999999999996,10,1.0,10,0,0,0,10,0,0,10,0,1,0,0,0,0,0,10,10,37,3466,3389,290,0,9,46,1.0,2900,0,23177,27,411,2900,30624
2025-07-10,argo,com.grab.sample.dummy,KMPDummyClass40,method5,1,2,0.0,0,0.0,0,0,1,0,5,0,1,0,0.0,0,0,0,5,0.0,0,2.4,0,0,0.0,0,0.0,0.9,68,57,0.1,10,0,0,0,0,1,9,0,0,0,0,0,0,0,0,0,10,0.19999999999999996,10,1.0,10,0,0,0,10,0,0,10,0,1,0,0,0,0,0,10,10,37,3466,3389,290,0,9,46,1.0,2900,0,23177,27,411,2900,30624
2025-07-10,argo,com.grab.sample.dummy,KMPDummyClass40,method6,1,2,0.0,0,0.0,0,0,1,0,5,0,1,0,0.0,0,0,0,5,0.0,0,2.4,0,0,0.0,0,0.0,0.9,68,57,0.1,10,0,0,0,0,1,9,0,0,0,0,0,0,0,0,0,10,0.19999999999999996,10,1.0,10,0,0,0,10,0,0,10,0,1,0,0,0,0,0,10,10,37,3466,3389,290,0,9,46,1.0,2900,0,23177,27,411,2900,30624
2025-07-10,argo,com.grab.sample.dummy,KMPDummyClass40,method7,1,2,0.0,0,0.0,0,0,1,0,5,0,1,0,0.0,0,0,0,5,0.0,0,2.4,0,0,0.0,0,0.0,0.9,68,57,0.1,10,0,0,0,0,1,9,0,0,0,0,0,0,0,0,0,10,0.19999999999999996,10,1.0,10,0,0,0,10,0,0,10,0,1,0,0,0,0,0,10,10,37,3466,3389,290,0,9,46,1.0,2900,0,23177,27,411,2900,30624
2025-07-10,argo,com.grab.sample.dummy,KMPDummyClass40,method8,1,2,0.0,0,0.0,0,0,1,0,5,0,1,0,0.0,0,0,0,5,0.0,0,2.4,0,0,0.0,0,0.0,0.9,68,57,0.1,10,0,0,0,0,1,9,0,0,0,0,0,0,0,0,0,10,0.19999999999999996,10,1.0,10,0,0,0,10,0,0,10,0,1,0,0,0,0,0,10,10,37,3466,3389,290,0,9,46,1.0,2900,0,23177,27,411,2900,30624
2025-07-10,argo,com.grab.sample.dummy,KMPDummyClass40,method9,1,2,0.0,0,0.0,0,0,1,0,5,0,1,0,0.0,0,0,0,5,0.0,0,2.4,0,0,0.0,0,0.0,0.9,68,57,0.1,10,0,0,0,0,1,9,0,0,0,0,0,0,0,0,0,10,0.19999999999999996,10,1.0,10,0,0,0,10,0,0,10,0,1,0,0,0,0,0,10,10,37,3466,3389,290,0,9,46,1.0,2900,0,23177,27,411,2900,30624
2025-07-10,argo,com.grab.sample.dummy,KMPDummyClass40,method10,1,2,0.0,0,0.0,0,0,1,0,5,0,1,0,0.0,0,0,0,5,0.0,0,2.4,0,0,0.0,0,0.0,0.9,68,57,0.1,10,0,0,0,0,1,9,0,0,0,0,0,0,0,0,0,10,0.19999999999999996,10,1.0,10,0,0,0,10,0,0,10,0,1,0,0,0,0,0,10,10,37,3466,3389,290,0,9,46,1.0,2900,0,23177,27,411,2900,30624
2025-07-10,argo,com.grab.sample.dummy,KMPDummyClass41,method1,1,0,9.0,0,0.0,0,0,1,0,12,0,1,10,0.0,10,0,9,1,0.0,1,2.0,0,9,0.0,0,0.0,0.9,68,57,0.1,10,0,0,0,0,1,9,0,0,0,0,0,0,0,0,0,10,0.19999999999999996,10,1.0,10,0,0,0,10,0,0,10,0,1,0,0,0,0,0,10,10,37,3466,3389,290,0,9,46,1.0,2900,0,23177,27,411,2900,30624
2025-07-10,argo,com.grab.sample.dummy,KMPDummyClass41,method2,1,2,0.0,0,0.0,0,0,1,0,5,0,1,0,0.0,0,0,0,5,0.0,0,2.4,0,0,0.0,0,0.0,0.9,68,57,0.1,10,0,0,0,0,1,9,0,0,0,0,0,0,0,0,0,10,0.19999999999999996,10,1.0,10,0,0,0,10,0,0,10,0,1,0,0,0,0,0,10,10,37,3466,3389,290,0,9,46,1.0,2900,0,23177,27,411,2900,30624
2025-07-10,argo,com.grab.sample.dummy,KMPDummyClass41,method3,1,2,0.0,0,0.0,0,0,1,0,5,0,1,0,0.0,0,0,0,5,0.0,0,2.4,0,0,0.0,0,0.0,0.9,68,57,0.1,10,0,0,0,0,1,9,0,0,0,0,0,0,0,0,0,10,0.19999999999999996,10,1.0,10,0,0,0,10,0,0,10,0,1,0,0,0,0,0,10,10,37,3466,3389,290,0,9,46,1.0,2900,0,23177,27,411,2900,30624
2025-07-10,argo,com.grab.sample.dummy,KMPDummyClass41,method4,1,2,0.0,0,0.0,0,0,1,0,5,0,1,0,0.0,0,0,0,5,0.0,0,2.4,0,0,0.0,0,0.0,0.9,68,57,0.1,10,0,0,0,0,1,9,0,0,0,0,0,0,0,0,0,10,0.19999999999999996,10,1.0,10,0,0,0,10,0,0,10,0,1,0,0,0,0,0,10,10,37,3466,3389,290,0,9,46,1.0,2900,0,23177,27,411,2900,30624
2025-07-10,argo,com.grab.sample.dummy,KMPDummyClass41,method5,1,2,0.0,0,0.0,0,0,1,0,5,0,1,0,0.0,0,0,0,5,0.0,0,2.4,0,0,0.0,0,0.0,0.9,68,57,0.1,10,0,0,0,0,1,9,0,0,0,0,0,0,0,0,0,10,0.19999999999999996,10,1.0,10,0,0,0,10,0,0,10,0,1,0,0,0,0,0,10,10,37,3466,3389,290,0,9,46,1.0,2900,0,23177,27,411,2900,30624
2025-07-10,argo,com.grab.sample.dummy,KMPDummyClass41,method6,1,2,0.0,0,0.0,0,0,1,0,5,0,1,0,0.0,0,0,0,5,0.0,0,2.4,0,0,0.0,0,0.0,0.9,68,57,0.1,10,0,0,0,0,1,9,0,0,0,0,0,0,0,0,0,10,0.19999999999999996,10,1.0,10,0,0,0,10,0,0,10,0,1,0,0,0,0,0,10,10,37,3466,3389,290,0,9,46,1.0,2900,0,23177,27,411,2900,30624
2025-07-10,argo,com.grab.sample.dummy,KMPDummyClass41,method7,1,2,0.0,0,0.0,0,0,1,0,5,0,1,0,0.0,0,0,0,5,0.0,0,2.4,0,0,0.0,0,0.0,0.9,68,57,0.1,10,0,0,0,0,1,9,0,0,0,0,0,0,0,0,0,10,0.19999999999999996,10,1.0,10,0,0,0,10,0,0,10,0,1,0,0,0,0,0,10,10,37,3466,3389,290,0,9,46,1.0,2900,0,23177,27,411,2900,30624
2025-07-10,argo,com.grab.sample.dummy,KMPDummyClass41,method8,1,2,0.0,0,0.0,0,0,1,0,5,0,1,0,0.0,0,0,0,5,0.0,0,2.4,0,0,0.0,0,0.0,0.9,68,57,0.1,10,0,0,0,0,1,9,0,0,0,0,0,0,0,0,0,10,0.19999999999999996,10,1.0,10,0,0,0,10,0,0,10,0,1,0,0,0,0,0,10,10,37,3466,3389,290,0,9,46,1.0,2900,0,23177,27,411,2900,30624
2025-07-10,argo,com.grab.sample.dummy,KMPDummyClass41,method9,1,2,0.0,0,0.0,0,0,1,0,5,0,1,0,0.0,0,0,0,5,0.0,0,2.4,0,0,0.0,0,0.0,0.9,68,57,0.1,10,0,0,0,0,1,9,0,0,0,0,0,0,0,0,0,10,0.19999999999999996,10,1.0,10,0,0,0,10,0,0,10,0,1,0,0,0,0,0,10,10,37,3466,3389,290,0,9,46,1.0,2900,0,23177,27,411,2900,30624
2025-07-10,argo,com.grab.sample.dummy,KMPDummyClass41,method10,1,2,0.0,0,0.0,0,0,1,0,5,0,1,0,0.0,0,0,0,5,0.0,0,2.4,0,0,0.0,0,0.0,0.9,68,57,0.1,10,0,0,0,0,1,9,0,0,0,0,0,0,0,0,0,10,0.19999999999999996,10,1.0,10,0,0,0,10,0,0,10,0,1,0,0,0,0,0,10,10,37,3466,3389,290,0,9,46,1.0,2900,0,23177,27,411,2900,30624
2025-07-10,argo,com.grab.sample.dummy,KMPDummyClass42,method1,1,0,9.0,0,0.0,0,0,1,0,12,0,1,10,0.0,10,0,9,1,0.0,1,2.0,0,9,0.0,0,0.0,0.9,68,57,0.1,10,0,0,0,0,1,9,0,0,0,0,0,0,0,0,0,10,0.19999999999999996,10,1.0,10,0,0,0,10,0,0,10,0,1,0,0,0,0,0,10,10,37,3466,3389,290,0,9,46,1.0,2900,0,23177,27,411,2900,30624
2025-07-10,argo,com.grab.sample.dummy,KMPDummyClass42,method2,1,2,0.0,0,0.0,0,0,1,0,5,0,1,0,0.0,0,0,0,5,0.0,0,2.4,0,0,0.0,0,0.0,0.9,68,57,0.1,10,0,0,0,0,1,9,0,0,0,0,0,0,0,0,0,10,0.19999999999999996,10,1.0,10,0,0,0,10,0,0,10,0,1,0,0,0,0,0,10,10,37,3466,3389,290,0,9,46,1.0,2900,0,23177,27,411,2900,30624
2025-07-10,argo,com.grab.sample.dummy,KMPDummyClass42,method3,1,2,0.0,0,0.0,0,0,1,0,5,0,1,0,0.0,0,0,0,5,0.0,0,2.4,0,0,0.0,0,0.0,0.9,68,57,0.1,10,0,0,0,0,1,9,0,0,0,0,0,0,0,0,0,10,0.19999999999999996,10,1.0,10,0,0,0,10,0,0,10,0,1,0,0,0,0,0,10,10,37,3466,3389,290,0,9,46,1.0,2900,0,23177,27,411,2900,30624
2025-07-10,argo,com.grab.sample.dummy,KMPDummyClass42,method4,1,2,0.0,0,0.0,0,0,1,0,5,0,1,0,0.0,0,0,0,5,0.0,0,2.4,0,0,0.0,0,0.0,0.9,68,57,0.1,10,0,0,0,0,1,9,0,0,0,0,0,0,0,0,0,10,0.19999999999999996,10,1.0,10,0,0,0,10,0,0,10,0,1,0,0,0,0,0,10,10,37,3466,3389,290,0,9,46,1.0,2900,0,23177,27,411,2900,30624
2025-07-10,argo,com.grab.sample.dummy,KMPDummyClass42,method5,1,2,0.0,0,0.0,0,0,1,0,5,0,1,0,0.0,0,0,0,5,0.0,0,2.4,0,0,0.0,0,0.0,0.9,68,57,0.1,10,0,0,0,0,1,9,0,0,0,0,0,0,0,0,0,10,0.19999999999999996,10,1.0,10,0,0,0,10,0,0,10,0,1,0,0,0,0,0,10,10,37,3466,3389,290,0,9,46,1.0,2900,0,23177,27,411,2900,30624
2025-07-10,argo,com.grab.sample.dummy,KMPDummyClass42,method6,1,2,0.0,0,0.0,0,0,1,0,5,0,1,0,0.0,0,0,0,5,0.0,0,2.4,0,0,0.0,0,0.0,0.9,68,57,0.1,10,0,0,0,0,1,9,0,0,0,0,0,0,0,0,0,10,0.19999999999999996,10,1.0,10,0,0,0,10,0,0,10,0,1,0,0,0,0,0,10,10,37,3466,3389,290,0,9,46,1.0,2900,0,23177,27,411,2900,30624
2025-07-10,argo,com.grab.sample.dummy,KMPDummyClass42,method7,1,2,0.0,0,0.0,0,0,1,0,5,0,1,0,0.0,0,0,0,5,0.0,0,2.4,0,0,0.0,0,0.0,0.9,68,57,0.1,10,0,0,0,0,1,9,0,0,0,0,0,0,0,0,0,10,0.19999999999999996,10,1.0,10,0,0,0,10,0,0,10,0,1,0,0,0,0,0,10,10,37,3466,3389,290,0,9,46,1.0,2900,0,23177,27,411,2900,30624
2025-07-10,argo,com.grab.sample.dummy,KMPDummyClass42,method8,1,2,0.0,0,0.0,0,0,1,0,5,0,1,0,0.0,0,0,0,5,0.0,0,2.4,0,0,0.0,0,0.0,0.9,68,57,0.1,10,0,0,0,0,1,9,0,0,0,0,0,0,0,0,0,10,0.19999999999999996,10,1.0,10,0,0,0,10,0,0,10,0,1,0,0,0,0,0,10,10,37,3466,3389,290,0,9,46,1.0,2900,0,23177,27,411,2900,30624
2025-07-10,argo,com.grab.sample.dummy,KMPDummyClass42,method9,1,2,0.0,0,0.0,0,0,1,0,5,0,1,0,0.0,0,0,0,5,0.0,0,2.4,0,0,0.0,0,0.0,0.9,68,57,0.1,10,0,0,0,0,1,9,0,0,0,0,0,0,0,0,0,10,0.19999999999999996,10,1.0,10,0,0,0,10,0,0,10,0,1,0,0,0,0,0,10,10,37,3466,3389,290,0,9,46,1.0,2900,0,23177,27,411,2900,30624
2025-07-10,argo,com.grab.sample.dummy,KMPDummyClass42,method10,1,2,0.0,0,0.0,0,0,1,0,5,0,1,0,0.0,0,0,0,5,0.0,0,2.4,0,0,0.0,0,0.0,0.9,68,57,0.1,10,0,0,0,0,1,9,0,0,0,0,0,0,0,0,0,10,0.19999999999999996,10,1.0,10,0,0,0,10,0,0,10,0,1,0,0,0,0,0,10,10,37,3466,3389,290,0,9,46,1.0,2900,0,23177,27,411,2900,30624
2025-07-10,argo,com.grab.sample.dummy,KMPDummyClass43,method1,1,0,9.0,0,0.0,0,0,1,0,12,0,1,10,0.0,10,0,9,1,0.0,1,2.0,0,9,0.0,0,0.0,0.9,68,57,0.1,10,0,0,0,0,1,9,0,0,0,0,0,0,0,0,0,10,0.19999999999999996,10,1.0,10,0,0,0,10,0,0,10,0,1,0,0,0,0,0,10,10,37,3466,3389,290,0,9,46,1.0,2900,0,23177,27,411,2900,30624
2025-07-10,argo,com.grab.sample.dummy,KMPDummyClass43,method2,1,2,0.0,0,0.0,0,0,1,0,5,0,1,0,0.0,0,0,0,5,0.0,0,2.4,0,0,0.0,0,0.0,0.9,68,57,0.1,10,0,0,0,0,1,9,0,0,0,0,0,0,0,0,0,10,0.19999999999999996,10,1.0,10,0,0,0,10,0,0,10,0,1,0,0,0,0,0,10,10,37,3466,3389,290,0,9,46,1.0,2900,0,23177,27,411,2900,30624
2025-07-10,argo,com.grab.sample.dummy,KMPDummyClass43,method3,1,2,0.0,0,0.0,0,0,1,0,5,0,1,0,0.0,0,0,0,5,0.0,0,2.4,0,0,0.0,0,0.0,0.9,68,57,0.1,10,0,0,0,0,1,9,0,0,0,0,0,0,0,0,0,10,0.19999999999999996,10,1.0,10,0,0,0,10,0,0,10,0,1,0,0,0,0,0,10,10,37,3466,3389,290,0,9,46,1.0,2900,0,23177,27,411,2900,30624
2025-07-10,argo,com.grab.sample.dummy,KMPDummyClass43,method4,1,2,0.0,0,0.0,0,0,1,0,5,0,1,0,0.0,0,0,0,5,0.0,0,2.4,0,0,0.0,0,0.0,0.9,68,57,0.1,10,0,0,0,0,1,9,0,0,0,0,0,0,0,0,0,10,0.19999999999999996,10,1.0,10,0,0,0,10,0,0,10,0,1,0,0,0,0,0,10,10,37,3466,3389,290,0,9,46,1.0,2900,0,23177,27,411,2900,30624
2025-07-10,argo,com.grab.sample.dummy,KMPDummyClass43,method5,1,2,0.0,0,0.0,0,0,1,0,5,0,1,0,0.0,0,0,0,5,0.0,0,2.4,0,0,0.0,0,0.0,0.9,68,57,0.1,10,0,0,0,0,1,9,0,0,0,0,0,0,0,0,0,10,0.19999999999999996,10,1.0,10,0,0,0,10,0,0,10,0,1,0,0,0,0,0,10,10,37,3466,3389,290,0,9,46,1.0,2900,0,23177,27,411,2900,30624
2025-07-10,argo,com.grab.sample.dummy,KMPDummyClass43,method6,1,2,0.0,0,0.0,0,0,1,0,5,0,1,0,0.0,0,0,0,5,0.0,0,2.4,0,0,0.0,0,0.0,0.9,68,57,0.1,10,0,0,0,0,1,9,0,0,0,0,0,0,0,0,0,10,0.19999999999999996,10,1.0,10,0,0,0,10,0,0,10,0,1,0,0,0,0,0,10,10,37,3466,3389,290,0,9,46,1.0,2900,0,23177,27,411,2900,30624
2025-07-10,argo,com.grab.sample.dummy,KMPDummyClass43,method7,1,2,0.0,0,0.0,0,0,1,0,5,0,1,0,0.0,0,0,0,5,0.0,0,2.4,0,0,0.0,0,0.0,0.9,68,57,0.1,10,0,0,0,0,1,9,0,0,0,0,0,0,0,0,0,10,0.19999999999999996,10,1.0,10,0,0,0,10,0,0,10,0,1,0,0,0,0,0,10,10,37,3466,3389,290,0,9,46,1.0,2900,0,23177,27,411,2900,30624
2025-07-10,argo,com.grab.sample.dummy,KMPDummyClass43,method8,1,2,0.0,0,0.0,0,0,1,0,5,0,1,0,0.0,0,0,0,5,0.0,0,2.4,0,0,0.0,0,0.0,0.9,68,57,0.1,10,0,0,0,0,1,9,0,0,0,0,0,0,0,0,0,10,0.19999999999999996,10,1.0,10,0,0,0,10,0,0,10,0,1,0,0,0,0,0,10,10,37,3466,3389,290,0,9,46,1.0,2900,0,23177,27,411,2900,30624
2025-07-10,argo,com.grab.sample.dummy,KMPDummyClass43,method9,1,2,0.0,0,0.0,0,0,1,0,5,0,1,0,0.0,0,0,0,5,0.0,0,2.4,0,0,0.0,0,0.0,0.9,68,57,0.1,10,0,0,0,0,1,9,0,0,0,0,0,0,0,0,0,10,0.19999999999999996,10,1.0,10,0,0,0,10,0,0,10,0,1,0,0,0,0,0,10,10,37,3466,3389,290,0,9,46,1.0,2900,0,23177,27,411,2900,30624
2025-07-10,argo,com.grab.sample.dummy,KMPDummyClass43,method10,1,2,0.0,0,0.0,0,0,1,0,5,0,1,0,0.0,0,0,0,5,0.0,0,2.4,0,0,0.0,0,0.0,0.9,68,57,0.1,10,0,0,0,0,1,9,0,0,0,0,0,0,0,0,0,10,0.19999999999999996,10,1.0,10,0,0,0,10,0,0,10,0,1,0,0,0,0,0,10,10,37,3466,3389,290,0,9,46,1.0,2900,0,23177,27,411,2900,30624
2025-07-10,argo,com.grab.sample.dummy,KMPDummyClass44,method1,1,0,9.0,0,0.0,0,0,1,0,12,0,1,10,0.0,10,0,9,1,0.0,1,2.0,0,9,0.0,0,0.0,0.9,68,57,0.1,10,0,0,0,0,1,9,0,0,0,0,0,0,0,0,0,10,0.19999999999999996,10,1.0,10,0,0,0,10,0,0,10,0,1,0,0,0,0,0,10,10,37,3466,3389,290,0,9,46,1.0,2900,0,23177,27,411,2900,30624
2025-07-10,argo,com.grab.sample.dummy,KMPDummyClass44,method2,1,2,0.0,0,0.0,0,0,1,0,5,0,1,0,0.0,0,0,0,5,0.0,0,2.4,0,0,0.0,0,0.0,0.9,68,57,0.1,10,0,0,0,0,1,9,0,0,0,0,0,0,0,0,0,10,0.19999999999999996,10,1.0,10,0,0,0,10,0,0,10,0,1,0,0,0,0,0,10,10,37,3466,3389,290,0,9,46,1.0,2900,0,23177,27,411,2900,30624
2025-07-10,argo,com.grab.sample.dummy,KMPDummyClass44,method3,1,2,0.0,0,0.0,0,0,1,0,5,0,1,0,0.0,0,0,0,5,0.0,0,2.4,0,0,0.0,0,0.0,0.9,68,57,0.1,10,0,0,0,0,1,9,0,0,0,0,0,0,0,0,0,10,0.19999999999999996,10,1.0,10,0,0,0,10,0,0,10,0,1,0,0,0,0,0,10,10,37,3466,3389,290,0,9,46,1.0,2900,0,23177,27,411,2900,30624
2025-07-10,argo,com.grab.sample.dummy,KMPDummyClass44,method4,1,2,0.0,0,0.0,0,0,1,0,5,0,1,0,0.0,0,0,0,5,0.0,0,2.4,0,0,0.0,0,0.0,0.9,68,57,0.1,10,0,0,0,0,1,9,0,0,0,0,0,0,0,0,0,10,0.19999999999999996,10,1.0,10,0,0,0,10,0,0,10,0,1,0,0,0,0,0,10,10,37,3466,3389,290,0,9,46,1.0,2900,0,23177,27,411,2900,30624
2025-07-10,argo,com.grab.sample.dummy,KMPDummyClass44,method5,1,2,0.0,0,0.0,0,0,1,0,5,0,1,0,0.0,0,0,0,5,0.0,0,2.4,0,0,0.0,0,0.0,0.9,68,57,0.1,10,0,0,0,0,1,9,0,0,0,0,0,0,0,0,0,10,0.19999999999999996,10,1.0,10,0,0,0,10,0,0,10,0,1,0,0,0,0,0,10,10,37,3466,3389,290,0,9,46,1.0,2900,0,23177,27,411,2900,30624
2025-07-10,argo,com.grab.sample.dummy,KMPDummyClass44,method6,1,2,0.0,0,0.0,0,0,1,0,5,0,1,0,0.0,0,0,0,5,0.0,0,2.4,0,0,0.0,0,0.0,0.9,68,57,0.1,10,0,0,0,0,1,9,0,0,0,0,0,0,0,0,0,10,0.19999999999999996,10,1.0,10,0,0,0,10,0,0,10,0,1,0,0,0,0,0,10,10,37,3466,3389,290,0,9,46,1.0,2900,0,23177,27,411,2900,30624
2025-07-10,argo,com.grab.sample.dummy,KMPDummyClass44,method7,1,2,0.0,0,0.0,0,0,1,0,5,0,1,0,0.0,0,0,0,5,0.0,0,2.4,0,0,0.0,0,0.0,0.9,68,57,0.1,10,0,0,0,0,1,9,0,0,0,0,0,0,0,0,0,10,0.19999999999999996,10,1.0,10,0,0,0,10,0,0,10,0,1,0,0,0,0,0,10,10,37,3466,3389,290,0,9,46,1.0,2900,0,23177,27,411,2900,30624
2025-07-10,argo,com.grab.sample.dummy,KMPDummyClass44,method8,1,2,0.0,0,0.0,0,0,1,0,5,0,1,0,0.0,0,0,0,5,0.0,0,2.4,0,0,0.0,0,0.0,0.9,68,57,0.1,10,0,0,0,0,1,9,0,0,0,0,0,0,0,0,0,10,0.19999999999999996,10,1.0,10,0,0,0,10,0,0,10,0,1,0,0,0,0,0,10,10,37,3466,3389,290,0,9,46,1.0,2900,0,23177,27,411,2900,30624
2025-07-10,argo,com.grab.sample.dummy,KMPDummyClass44,method9,1,2,0.0,0,0.0,0,0,1,0,5,0,1,0,0.0,0,0,0,5,0.0,0,2.4,0,0,0.0,0,0.0,0.9,68,57,0.1,10,0,0,0,0,1,9,0,0,0,0,0,0,0,0,0,10,0.19999999999999996,10,1.0,10,0,0,0,10,0,0,10,0,1,0,0,0,0,0,10,10,37,3466,3389,290,0,9,46,1.0,2900,0,23177,27,411,2900,30624
2025-07-10,argo,com.grab.sample.dummy,KMPDummyClass44,method10,1,2,0.0,0,0.0,0,0,1,0,5,0,1,0,0.0,0,0,0,5,0.0,0,2.4,0,0,0.0,0,0.0,0.9,68,57,0.1,10,0,0,0,0,1,9,0,0,0,0,0,0,0,0,0,10,0.19999999999999996,10,1.0,10,0,0,0,10,0,0,10,0,1,0,0,0,0,0,10,10,37,3466,3389,290,0,9,46,1.0,2900,0,23177,27,411,2900,30624
2025-07-10,argo,com.grab.sample.dummy,KMPDummyClass45,method1,1,0,9.0,0,0.0,0,0,1,0,12,0,1,10,0.0,10,0,9,1,0.0,1,2.0,0,9,0.0,0,0.0,0.9,68,57,0.1,10,0,0,0,0,1,9,0,0,0,0,0,0,0,0,0,10,0.19999999999999996,10,1.0,10,0,0,0,10,0,0,10,0,1,0,0,0,0,0,10,10,37,3466,3389,290,0,9,46,1.0,2900,0,23177,27,411,2900,30624
2025-07-10,argo,com.grab.sample.dummy,KMPDummyClass45,method2,1,2,0.0,0,0.0,0,0,1,0,5,0,1,0,0.0,0,0,0,5,0.0,0,2.4,0,0,0.0,0,0.0,0.9,68,57,0.1,10,0,0,0,0,1,9,0,0,0,0,0,0,0,0,0,10,0.19999999999999996,10,1.0,10,0,0,0,10,0,0,10,0,1,0,0,0,0,0,10,10,37,3466,3389,290,0,9,46,1.0,2900,0,23177,27,411,2900,30624
2025-07-10,argo,com.grab.sample.dummy,KMPDummyClass45,method3,1,2,0.0,0,0.0,0,0,1,0,5,0,1,0,0.0,0,0,0,5,0.0,0,2.4,0,0,0.0,0,0.0,0.9,68,57,0.1,10,0,0,0,0,1,9,0,0,0,0,0,0,0,0,0,10,0.19999999999999996,10,1.0,10,0,0,0,10,0,0,10,0,1,0,0,0,0,0,10,10,37,3466,3389,290,0,9,46,1.0,2900,0,23177,27,411,2900,30624
2025-07-10,argo,com.grab.sample.dummy,KMPDummyClass45,method4,1,2,0.0,0,0.0,0,0,1,0,5,0,1,0,0.0,0,0,0,5,0.0,0,2.4,0,0,0.0,0,0.0,0.9,68,57,0.1,10,0,0,0,0,1,9,0,0,0,0,0,0,0,0,0,10,0.19999999999999996,10,1.0,10,0,0,0,10,0,0,10,0,1,0,0,0,0,0,10,10,37,3466,3389,290,0,9,46,1.0,2900,0,23177,27,411,2900,30624
2025-07-10,argo,com.grab.sample.dummy,KMPDummyClass45,method5,1,2,0.0,0,0.0,0,0,1,0,5,0,1,0,0.0,0,0,0,5,0.0,0,2.4,0,0,0.0,0,0.0,0.9,68,57,0.1,10,0,0,0,0,1,9,0,0,0,0,0,0,0,0,0,10,0.19999999999999996,10,1.0,10,0,0,0,10,0,0,10,0,1,0,0,0,0,0,10,10,37,3466,3389,290,0,9,46,1.0,2900,0,23177,27,411,2900,30624
2025-07-10,argo,com.grab.sample.dummy,KMPDummyClass45,method6,1,2,0.0,0,0.0,0,0,1,0,5,0,1,0,0.0,0,0,0,5,0.0,0,2.4,0,0,0.0,0,0.0,0.9,68,57,0.1,10,0,0,0,0,1,9,0,0,0,0,0,0,0,0,0,10,0.19999999999999996,10,1.0,10,0,0,0,10,0,0,10,0,1,0,0,0,0,0,10,10,37,3466,3389,290,0,9,46,1.0,2900,0,23177,27,411,2900,30624
2025-07-10,argo,com.grab.sample.dummy,KMPDummyClass45,method7,1,2,0.0,0,0.0,0,0,1,0,5,0,1,0,0.0,0,0,0,5,0.0,0,2.4,0,0,0.0,0,0.0,0.9,68,57,0.1,10,0,0,0,0,1,9,0,0,0,0,0,0,0,0,0,10,0.19999999999999996,10,1.0,10,0,0,0,10,0,0,10,0,1,0,0,0,0,0,10,10,37,3466,3389,290,0,9,46,1.0,2900,0,23177,27,411,2900,30624
2025-07-10,argo,com.grab.sample.dummy,KMPDummyClass45,method8,1,2,0.0,0,0.0,0,0,1,0,5,0,1,0,0.0,0,0,0,5,0.0,0,2.4,0,0,0.0,0,0.0,0.9,68,57,0.1,10,0,0,0,0,1,9,0,0,0,0,0,0,0,0,0,10,0.19999999999999996,10,1.0,10,0,0,0,10,0,0,10,0,1,0,0,0,0,0,10,10,37,3466,3389,290,0,9,46,1.0,2900,0,23177,27,411,2900,30624
2025-07-10,argo,com.grab.sample.dummy,KMPDummyClass45,method9,1,2,0.0,0,0.0,0,0,1,0,5,0,1,0,0.0,0,0,0,5,0.0,0,2.4,0,0,0.0,0,0.0,0.9,68,57,0.1,10,0,0,0,0,1,9,0,0,0,0,0,0,0,0,0,10,0.19999999999999996,10,1.0,10,0,0,0,10,0,0,10,0,1,0,0,0,0,0,10,10,37,3466,3389,290,0,9,46,1.0,2900,0,23177,27,411,2900,30624
2025-07-10,argo,com.grab.sample.dummy,KMPDummyClass45,method10,1,2,0.0,0,0.0,0,0,1,0,5,0,1,0,0.0,0,0,0,5,0.0,0,2.4,0,0,0.0,0,0.0,0.9,68,57,0.1,10,0,0,0,0,1,9,0,0,0,0,0,0,0,0,0,10,0.19999999999999996,10,1.0,10,0,0,0,10,0,0,10,0,1,0,0,0,0,0,10,10,37,3466,3389,290,0,9,46,1.0,2900,0,23177,27,411,2900,30624
2025-07-10,argo,com.grab.sample.dummy,KMPDummyClass46,method1,1,0,9.0,0,0.0,0,0,1,0,12,0,1,10,0.0,10,0,9,1,0.0,1,2.0,0,9,0.0,0,0.0,0.9,68,57,0.1,10,0,0,0,0,1,9,0,0,0,0,0,0,0,0,0,10,0.19999999999999996,10,1.0,10,0,0,0,10,0,0,10,0,1,0,0,0,0,0,10,10,37,3466,3389,290,0,9,46,1.0,2900,0,23177,27,411,2900,30624
2025-07-10,argo,com.grab.sample.dummy,KMPDummyClass46,method2,1,2,0.0,0,0.0,0,0,1,0,5,0,1,0,0.0,0,0,0,5,0.0,0,2.4,0,0,0.0,0,0.0,0.9,68,57,0.1,10,0,0,0,0,1,9,0,0,0,0,0,0,0,0,0,10,0.19999999999999996,10,1.0,10,0,0,0,10,0,0,10,0,1,0,0,0,0,0,10,10,37,3466,3389,290,0,9,46,1.0,2900,0,23177,27,411,2900,30624
2025-07-10,argo,com.grab.sample.dummy,KMPDummyClass46,method3,1,2,0.0,0,0.0,0,0,1,0,5,0,1,0,0.0,0,0,0,5,0.0,0,2.4,0,0,0.0,0,0.0,0.9,68,57,0.1,10,0,0,0,0,1,9,0,0,0,0,0,0,0,0,0,10,0.19999999999999996,10,1.0,10,0,0,0,10,0,0,10,0,1,0,0,0,0,0,10,10,37,3466,3389,290,0,9,46,1.0,2900,0,23177,27,411,2900,30624
2025-07-10,argo,com.grab.sample.dummy,KMPDummyClass46,method4,1,2,0.0,0,0.0,0,0,1,0,5,0,1,0,0.0,0,0,0,5,0.0,0,2.4,0,0,0.0,0,0.0,0.9,68,57,0.1,10,0,0,0,0,1,9,0,0,0,0,0,0,0,0,0,10,0.19999999999999996,10,1.0,10,0,0,0,10,0,0,10,0,1,0,0,0,0,0,10,10,37,3466,3389,290,0,9,46,1.0,2900,0,23177,27,411,2900,30624
2025-07-10,argo,com.grab.sample.dummy,KMPDummyClass46,method5,1,2,0.0,0,0.0,0,0,1,0,5,0,1,0,0.0,0,0,0,5,0.0,0,2.4,0,0,0.0,0,0.0,0.9,68,57,0.1,10,0,0,0,0,1,9,0,0,0,0,0,0,0,0,0,10,0.19999999999999996,10,1.0,10,0,0,0,10,0,0,10,0,1,0,0,0,0,0,10,10,37,3466,3389,290,0,9,46,1.0,2900,0,23177,27,411,2900,30624
2025-07-10,argo,com.grab.sample.dummy,KMPDummyClass46,method6,1,2,0.0,0,0.0,0,0,1,0,5,0,1,0,0.0,0,0,0,5,0.0,0,2.4,0,0,0.0,0,0.0,0.9,68,57,0.1,10,0,0,0,0,1,9,0,0,0,0,0,0,0,0,0,10,0.19999999999999996,10,1.0,10,0,0,0,10,0,0,10,0,1,0,0,0,0,0,10,10,37,3466,3389,290,0,9,46,1.0,2900,0,23177,27,411,2900,30624
2025-07-10,argo,com.grab.sample.dummy,KMPDummyClass46,method7,1,2,0.0,0,0.0,0,0,1,0,5,0,1,0,0.0,0,0,0,5,0.0,0,2.4,0,0,0.0,0,0.0,0.9,68,57,0.1,10,0,0,0,0,1,9,0,0,0,0,0,0,0,0,0,10,0.19999999999999996,10,1.0,10,0,0,0,10,0,0,10,0,1,0,0,0,0,0,10,10,37,3466,3389,290,0,9,46,1.0,2900,0,23177,27,411,2900,30624
2025-07-10,argo,com.grab.sample.dummy,KMPDummyClass46,method8,1,2,0.0,0,0.0,0,0,1,0,5,0,1,0,0.0,0,0,0,5,0.0,0,2.4,0,0,0.0,0,0.0,0.9,68,57,0.1,10,0,0,0,0,1,9,0,0,0,0,0,0,0,0,0,10,0.19999999999999996,10,1.0,10,0,0,0,10,0,0,10,0,1,0,0,0,0,0,10,10,37,3466,3389,290,0,9,46,1.0,2900,0,23177,27,411,2900,30624
2025-07-10,argo,com.grab.sample.dummy,KMPDummyClass46,method9,1,2,0.0,0,0.0,0,0,1,0,5,0,1,0,0.0,0,0,0,5,0.0,0,2.4,0,0,0.0,0,0.0,0.9,68,57,0.1,10,0,0,0,0,1,9,0,0,0,0,0,0,0,0,0,10,0.19999999999999996,10,1.0,10,0,0,0,10,0,0,10,0,1,0,0,0,0,0,10,10,37,3466,3389,290,0,9,46,1.0,2900,0,23177,27,411,2900,30624
2025-07-10,argo,com.grab.sample.dummy,KMPDummyClass46,method10,1,2,0.0,0,0.0,0,0,1,0,5,0,1,0,0.0,0,0,0,5,0.0,0,2.4,0,0,0.0,0,0.0,0.9,68,57,0.1,10,0,0,0,0,1,9,0,0,0,0,0,0,0,0,0,10,0.19999999999999996,10,1.0,10,0,0,0,10,0,0,10,0,1,0,0,0,0,0,10,10,37,3466,3389,290,0,9,46,1.0,2900,0,23177,27,411,2900,30624
2025-07-10,argo,com.grab.sample.dummy,KMPDummyClass47,method1,1,0,9.0,0,0.0,0,0,1,0,12,0,1,10,0.0,10,0,9,1,0.0,1,2.0,0,9,0.0,0,0.0,0.9,68,57,0.1,10,0,0,0,0,1,9,0,0,0,0,0,0,0,0,0,10,0.19999999999999996,10,1.0,10,0,0,0,10,0,0,10,0,1,0,0,0,0,0,10,10,37,3466,3389,290,0,9,46,1.0,2900,0,23177,27,411,2900,30624
2025-07-10,argo,com.grab.sample.dummy,KMPDummyClass47,method2,1,2,0.0,0,0.0,0,0,1,0,5,0,1,0,0.0,0,0,0,5,0.0,0,2.4,0,0,0.0,0,0.0,0.9,68,57,0.1,10,0,0,0,0,1,9,0,0,0,0,0,0,0,0,0,10,0.19999999999999996,10,1.0,10,0,0,0,10,0,0,10,0,1,0,0,0,0,0,10,10,37,3466,3389,290,0,9,46,1.0,2900,0,23177,27,411,2900,30624
2025-07-10,argo,com.grab.sample.dummy,KMPDummyClass47,method3,1,2,0.0,0,0.0,0,0,1,0,5,0,1,0,0.0,0,0,0,5,0.0,0,2.4,0,0,0.0,0,0.0,0.9,68,57,0.1,10,0,0,0,0,1,9,0,0,0,0,0,0,0,0,0,10,0.19999999999999996,10,1.0,10,0,0,0,10,0,0,10,0,1,0,0,0,0,0,10,10,37,3466,3389,290,0,9,46,1.0,2900,0,23177,27,411,2900,30624
2025-07-10,argo,com.grab.sample.dummy,KMPDummyClass47,method4,1,2,0.0,0,0.0,0,0,1,0,5,0,1,0,0.0,0,0,0,5,0.0,0,2.4,0,0,0.0,0,0.0,0.9,68,57,0.1,10,0,0,0,0,1,9,0,0,0,0,0,0,0,0,0,10,0.19999999999999996,10,1.0,10,0,0,0,10,0,0,10,0,1,0,0,0,0,0,10,10,37,3466,3389,290,0,9,46,1.0,2900,0,23177,27,411,2900,30624
2025-07-10,argo,com.grab.sample.dummy,KMPDummyClass47,method5,1,2,0.0,0,0.0,0,0,1,0,5,0,1,0,0.0,0,0,0,5,0.0,0,2.4,0,0,0.0,0,0.0,0.9,68,57,0.1,10,0,0,0,0,1,9,0,0,0,0,0,0,0,0,0,10,0.19999999999999996,10,1.0,10,0,0,0,10,0,0,10,0,1,0,0,0,0,0,10,10,37,3466,3389,290,0,9,46,1.0,2900,0,23177,27,411,2900,30624
2025-07-10,argo,com.grab.sample.dummy,KMPDummyClass47,method6,1,2,0.0,0,0.0,0,0,1,0,5,0,1,0,0.0,0,0,0,5,0.0,0,2.4,0,0,0.0,0,0.0,0.9,68,57,0.1,10,0,0,0,0,1,9,0,0,0,0,0,0,0,0,0,10,0.19999999999999996,10,1.0,10,0,0,0,10,0,0,10,0,1,0,0,0,0,0,10,10,37,3466,3389,290,0,9,46,1.0,2900,0,23177,27,411,2900,30624
2025-07-10,argo,com.grab.sample.dummy,KMPDummyClass47,method7,1,2,0.0,0,0.0,0,0,1,0,5,0,1,0,0.0,0,0,0,5,0.0,0,2.4,0,0,0.0,0,0.0,0.9,68,57,0.1,10,0,0,0,0,1,9,0,0,0,0,0,0,0,0,0,10,0.19999999999999996,10,1.0,10,0,0,0,10,0,0,10,0,1,0,0,0,0,0,10,10,37,3466,3389,290,0,9,46,1.0,2900,0,23177,27,411,2900,30624
2025-07-10,argo,com.grab.sample.dummy,KMPDummyClass47,method8,1,2,0.0,0,0.0,0,0,1,0,5,0,1,0,0.0,0,0,0,5,0.0,0,2.4,0,0,0.0,0,0.0,0.9,68,57,0.1,10,0,0,0,0,1,9,0,0,0,0,0,0,0,0,0,10,0.19999999999999996,10,1.0,10,0,0,0,10,0,0,10,0,1,0,0,0,0,0,10,10,37,3466,3389,290,0,9,46,1.0,2900,0,23177,27,411,2900,30624
2025-07-10,argo,com.grab.sample.dummy,KMPDummyClass47,method9,1,2,0.0,0,0.0,0,0,1,0,5,0,1,0,0.0,0,0,0,5,0.0,0,2.4,0,0,0.0,0,0.0,0.9,68,57,0.1,10,0,0,0,0,1,9,0,0,0,0,0,0,0,0,0,10,0.19999999999999996,10,1.0,10,0,0,0,10,0,0,10,0,1,0,0,0,0,0,10,10,37,3466,3389,290,0,9,46,1.0,2900,0,23177,27,411,2900,30624
2025-07-10,argo,com.grab.sample.dummy,KMPDummyClass47,method10,1,2,0.0,0,0.0,0,0,1,0,5,0,1,0,0.0,0,0,0,5,0.0,0,2.4,0,0,0.0,0,0.0,0.9,68,57,0.1,10,0,0,0,0,1,9,0,0,0,0,0,0,0,0,0,10,0.19999999999999996,10,1.0,10,0,0,0,10,0,0,10,0,1,0,0,0,0,0,10,10,37,3466,3389,290,0,9,46,1.0,2900,0,23177,27,411,2900,30624
2025-07-10,argo,com.grab.sample.dummy,KMPDummyClass48,method1,1,0,9.0,0,0.0,0,0,1,0,12,0,1,10,0.0,10,0,9,1,0.0,1,2.0,0,9,0.0,0,0.0,0.9,68,57,0.1,10,0,0,0,0,1,9,0,0,0,0,0,0,0,0,0,10,0.19999999999999996,10,1.0,10,0,0,0,10,0,0,10,0,1,0,0,0,0,0,10,10,37,3466,3389,290,0,9,46,1.0,2900,0,23177,27,411,2900,30624
2025-07-10,argo,com.grab.sample.dummy,KMPDummyClass48,method2,1,2,0.0,0,0.0,0,0,1,0,5,0,1,0,0.0,0,0,0,5,0.0,0,2.4,0,0,0.0,0,0.0,0.9,68,57,0.1,10,0,0,0,0,1,9,0,0,0,0,0,0,0,0,0,10,0.19999999999999996,10,1.0,10,0,0,0,10,0,0,10,0,1,0,0,0,0,0,10,10,37,3466,3389,290,0,9,46,1.0,2900,0,23177,27,411,2900,30624
2025-07-10,argo,com.grab.sample.dummy,KMPDummyClass48,method3,1,2,0.0,0,0.0,0,0,1,0,5,0,1,0,0.0,0,0,0,5,0.0,0,2.4,0,0,0.0,0,0.0,0.9,68,57,0.1,10,0,0,0,0,1,9,0,0,0,0,0,0,0,0,0,10,0.19999999999999996,10,1.0,10,0,0,0,10,0,0,10,0,1,0,0,0,0,0,10,10,37,3466,3389,290,0,9,46,1.0,2900,0,23177,27,411,2900,30624
2025-07-10,argo,com.grab.sample.dummy,KMPDummyClass48,method4,1,2,0.0,0,0.0,0,0,1,0,5,0,1,0,0.0,0,0,0,5,0.0,0,2.4,0,0,0.0,0,0.0,0.9,68,57,0.1,10,0,0,0,0,1,9,0,0,0,0,0,0,0,0,0,10,0.19999999999999996,10,1.0,10,0,0,0,10,0,0,10,0,1,0,0,0,0,0,10,10,37,3466,3389,290,0,9,46,1.0,2900,0,23177,27,411,2900,30624
2025-07-10,argo,com.grab.sample.dummy,KMPDummyClass48,method5,1,2,0.0,0,0.0,0,0,1,0,5,0,1,0,0.0,0,0,0,5,0.0,0,2.4,0,0,0.0,0,0.0,0.9,68,57,0.1,10,0,0,0,0,1,9,0,0,0,0,0,0,0,0,0,10,0.19999999999999996,10,1.0,10,0,0,0,10,0,0,10,0,1,0,0,0,0,0,10,10,37,3466,3389,290,0,9,46,1.0,2900,0,23177,27,411,2900,30624
2025-07-10,argo,com.grab.sample.dummy,KMPDummyClass48,method6,1,2,0.0,0,0.0,0,0,1,0,5,0,1,0,0.0,0,0,0,5,0.0,0,2.4,0,0,0.0,0,0.0,0.9,68,57,0.1,10,0,0,0,0,1,9,0,0,0,0,0,0,0,0,0,10,0.19999999999999996,10,1.0,10,0,0,0,10,0,0,10,0,1,0,0,0,0,0,10,10,37,3466,3389,290,0,9,46,1.0,2900,0,23177,27,411,2900,30624
2025-07-10,argo,com.grab.sample.dummy,KMPDummyClass48,method7,1,2,0.0,0,0.0,0,0,1,0,5,0,1,0,0.0,0,0,0,5,0.0,0,2.4,0,0,0.0,0,0.0,0.9,68,57,0.1,10,0,0,0,0,1,9,0,0,0,0,0,0,0,0,0,10,0.19999999999999996,10,1.0,10,0,0,0,10,0,0,10,0,1,0,0,0,0,0,10,10,37,3466,3389,290,0,9,46,1.0,2900,0,23177,27,411,2900,30624
2025-07-10,argo,com.grab.sample.dummy,KMPDummyClass48,method8,1,2,0.0,0,0.0,0,0,1,0,5,0,1,0,0.0,0,0,0,5,0.0,0,2.4,0,0,0.0,0,0.0,0.9,68,57,0.1,10,0,0,0,0,1,9,0,0,0,0,0,0,0,0,0,10,0.19999999999999996,10,1.0,10,0,0,0,10,0,0,10,0,1,0,0,0,0,0,10,10,37,3466,3389,290,0,9,46,1.0,2900,0,23177,27,411,2900,30624
2025-07-10,argo,com.grab.sample.dummy,KMPDummyClass48,method9,1,2,0.0,0,0.0,0,0,1,0,5,0,1,0,0.0,0,0,0,5,0.0,0,2.4,0,0,0.0,0,0.0,0.9,68,57,0.1,10,0,0,0,0,1,9,0,0,0,0,0,0,0,0,0,10,0.19999999999999996,10,1.0,10,0,0,0,10,0,0,10,0,1,0,0,0,0,0,10,10,37,3466,3389,290,0,9,46,1.0,2900,0,23177,27,411,2900,30624
2025-07-10,argo,com.grab.sample.dummy,KMPDummyClass48,method10,1,2,0.0,0,0.0,0,0,1,0,5,0,1,0,0.0,0,0,0,5,0.0,0,2.4,0,0,0.0,0,0.0,0.9,68,57,0.1,10,0,0,0,0,1,9,0,0,0,0,0,0,0,0,0,10,0.19999999999999996,10,1.0,10,0,0,0,10,0,0,10,0,1,0,0,0,0,0,10,10,37,3466,3389,290,0,9,46,1.0,2900,0,23177,27,411,2900,30624
2025-07-10,argo,com.grab.sample.dummy,KMPDummyClass49,method1,1,0,9.0,0,0.0,0,0,1,0,12,0,1,10,0.0,10,0,9,1,0.0,1,2.0,0,9,0.0,0,0.0,0.9,68,57,0.1,10,0,0,0,0,1,9,0,0,0,0,0,0,0,0,0,10,0.19999999999999996,10,1.0,10,0,0,0,10,0,0,10,0,1,0,0,0,0,0,10,10,37,3466,3389,290,0,9,46,1.0,2900,0,23177,27,411,2900,30624
2025-07-10,argo,com.grab.sample.dummy,KMPDummyClass49,method2,1,2,0.0,0,0.0,0,0,1,0,5,0,1,0,0.0,0,0,0,5,0.0,0,2.4,0,0,0.0,0,0.0,0.9,68,57,0.1,10,0,0,0,0,1,9,0,0,0,0,0,0,0,0,0,10,0.19999999999999996,10,1.0,10,0,0,0,10,0,0,10,0,1,0,0,0,0,0,10,10,37,3466,3389,290,0,9,46,1.0,2900,0,23177,27,411,2900,30624
2025-07-10,argo,com.grab.sample.dummy,KMPDummyClass49,method3,1,2,0.0,0,0.0,0,0,1,0,5,0,1,0,0.0,0,0,0,5,0.0,0,2.4,0,0,0.0,0,0.0,0.9,68,57,0.1,10,0,0,0,0,1,9,0,0,0,0,0,0,0,0,0,10,0.19999999999999996,10,1.0,10,0,0,0,10,0,0,10,0,1,0,0,0,0,0,10,10,37,3466,3389,290,0,9,46,1.0,2900,0,23177,27,411,2900,30624
2025-07-10,argo,com.grab.sample.dummy,KMPDummyClass49,method4,1,2,0.0,0,0.0,0,0,1,0,5,0,1,0,0.0,0,0,0,5,0.0,0,2.4,0,0,0.0,0,0.0,0.9,68,57,0.1,10,0,0,0,0,1,9,0,0,0,0,0,0,0,0,0,10,0.19999999999999996,10,1.0,10,0,0,0,10,0,0,10,0,1,0,0,0,0,0,10,10,37,3466,3389,290,0,9,46,1.0,2900,0,23177,27,411,2900,30624
2025-07-10,argo,com.grab.sample.dummy,KMPDummyClass49,method5,1,2,0.0,0,0.0,0,0,1,0,5,0,1,0,0.0,0,0,0,5,0.0,0,2.4,0,0,0.0,0,0.0,0.9,68,57,0.1,10,0,0,0,0,1,9,0,0,0,0,0,0,0,0,0,10,0.19999999999999996,10,1.0,10,0,0,0,10,0,0,10,0,1,0,0,0,0,0,10,10,37,3466,3389,290,0,9,46,1.0,2900,0,23177,27,411,2900,30624
2025-07-10,argo,com.grab.sample.dummy,KMPDummyClass49,method6,1,2,0.0,0,0.0,0,0,1,0,5,0,1,0,0.0,0,0,0,5,0.0,0,2.4,0,0,0.0,0,0.0,0.9,68,57,0.1,10,0,0,0,0,1,9,0,0,0,0,0,0,0,0,0,10,0.19999999999999996,10,1.0,10,0,0,0,10,0,0,10,0,1,0,0,0,0,0,10,10,37,3466,3389,290,0,9,46,1.0,2900,0,23177,27,411,2900,30624
2025-07-10,argo,com.grab.sample.dummy,KMPDummyClass49,method7,1,2,0.0,0,0.0,0,0,1,0,5,0,1,0,0.0,0,0,0,5,0.0,0,2.4,0,0,0.0,0,0.0,0.9,68,57,0.1,10,0,0,0,0,1,9,0,0,0,0,0,0,0,0,0,10,0.19999999999999996,10,1.0,10,0,0,0,10,0,0,10,0,1,0,0,0,0,0,10,10,37,3466,3389,290,0,9,46,1.0,2900,0,23177,27,411,2900,30624
2025-07-10,argo,com.grab.sample.dummy,KMPDummyClass49,method8,1,2,0.0,0,0.0,0,0,1,0,5,0,1,0,0.0,0,0,0,5,0.0,0,2.4,0,0,0.0,0,0.0,0.9,68,57,0.1,10,0,0,0,0,1,9,0,0,0,0,0,0,0,0,0,10,0.19999999999999996,10,1.0,10,0,0,0,10,0,0,10,0,1,0,0,0,0,0,10,10,37,3466,3389,290,0,9,46,1.0,2900,0,23177,27,411,2900,30624
2025-07-10,argo,com.grab.sample.dummy,KMPDummyClass49,method9,1,2,0.0,0,0.0,0,0,1,0,5,0,1,0,0.0,0,0,0,5,0.0,0,2.4,0,0,0.0,0,0.0,0.9,68,57,0.1,10,0,0,0,0,1,9,0,0,0,0,0,0,0,0,0,10,0.19999999999999996,10,1.0,10,0,0,0,10,0,0,10,0,1,0,0,0,0,0,10,10,37,3466,3389,290,0,9,46,1.0,2900,0,23177,27,411,2900,30624
2025-07-10,argo,com.grab.sample.dummy,KMPDummyClass49,method10,1,2,0.0,0,0.0,0,0,1,0,5,0,1,0,0.0,0,0,0,5,0.0,0,2.4,0,0,0.0,0,0.0,0.9,68,57,0.1,10,0,0,0,0,1,9,0,0,0,0,0,0,0,0,0,10,0.19999999999999996,10,1.0,10,0,0,0,10,0,0,10,0,1,0,0,0,0,0,10,10,37,3466,3389,290,0,9,46,1.0,2900,0,23177,27,411,2900,30624
2025-07-10,argo,com.grab.sample.dummy,KMPDummyClass5,method1,1,0,9.0,0,0.0,0,0,1,0,12,0,1,10,0.0,10,0,9,1,0.0,1,2.0,0,9,0.0,0,0.0,0.9,68,57,0.1,10,0,0,0,0,1,9,0,0,0,0,0,0,0,0,0,10,0.19999999999999996,10,1.0,10,0,0,0,10,0,0,10,0,1,0,0,0,0,0,10,10,37,3466,3389,290,0,9,46,1.0,2900,0,23177,27,411,2900,30624
2025-07-10,argo,com.grab.sample.dummy,KMPDummyClass5,method2,1,2,0.0,0,0.0,0,0,1,0,5,0,1,0,0.0,0,0,0,5,0.0,0,2.4,0,0,0.0,0,0.0,0.9,68,57,0.1,10,0,0,0,0,1,9,0,0,0,0,0,0,0,0,0,10,0.19999999999999996,10,1.0,10,0,0,0,10,0,0,10,0,1,0,0,0,0,0,10,10,37,3466,3389,290,0,9,46,1.0,2900,0,23177,27,411,2900,30624
2025-07-10,argo,com.grab.sample.dummy,KMPDummyClass5,method3,1,2,0.0,0,0.0,0,0,1,0,5,0,1,0,0.0,0,0,0,5,0.0,0,2.4,0,0,0.0,0,0.0,0.9,68,57,0.1,10,0,0,0,0,1,9,0,0,0,0,0,0,0,0,0,10,0.19999999999999996,10,1.0,10,0,0,0,10,0,0,10,0,1,0,0,0,0,0,10,10,37,3466,3389,290,0,9,46,1.0,2900,0,23177,27,411,2900,30624
2025-07-10,argo,com.grab.sample.dummy,KMPDummyClass5,method4,1,2,0.0,0,0.0,0,0,1,0,5,0,1,0,0.0,0,0,0,5,0.0,0,2.4,0,0,0.0,0,0.0,0.9,68,57,0.1,10,0,0,0,0,1,9,0,0,0,0,0,0,0,0,0,10,0.19999999999999996,10,1.0,10,0,0,0,10,0,0,10,0,1,0,0,0,0,0,10,10,37,3466,3389,290,0,9,46,1.0,2900,0,23177,27,411,2900,30624
2025-07-10,argo,com.grab.sample.dummy,KMPDummyClass5,method5,1,2,0.0,0,0.0,0,0,1,0,5,0,1,0,0.0,0,0,0,5,0.0,0,2.4,0,0,0.0,0,0.0,0.9,68,57,0.1,10,0,0,0,0,1,9,0,0,0,0,0,0,0,0,0,10,0.19999999999999996,10,1.0,10,0,0,0,10,0,0,10,0,1,0,0,0,0,0,10,10,37,3466,3389,290,0,9,46,1.0,2900,0,23177,27,411,2900,30624
2025-07-10,argo,com.grab.sample.dummy,KMPDummyClass5,method6,1,2,0.0,0,0.0,0,0,1,0,5,0,1,0,0.0,0,0,0,5,0.0,0,2.4,0,0,0.0,0,0.0,0.9,68,57,0.1,10,0,0,0,0,1,9,0,0,0,0,0,0,0,0,0,10,0.19999999999999996,10,1.0,10,0,0,0,10,0,0,10,0,1,0,0,0,0,0,10,10,37,3466,3389,290,0,9,46,1.0,2900,0,23177,27,411,2900,30624
2025-07-10,argo,com.grab.sample.dummy,KMPDummyClass5,method7,1,2,0.0,0,0.0,0,0,1,0,5,0,1,0,0.0,0,0,0,5,0.0,0,2.4,0,0,0.0,0,0.0,0.9,68,57,0.1,10,0,0,0,0,1,9,0,0,0,0,0,0,0,0,0,10,0.19999999999999996,10,1.0,10,0,0,0,10,0,0,10,0,1,0,0,0,0,0,10,10,37,3466,3389,290,0,9,46,1.0,2900,0,23177,27,411,2900,30624
2025-07-10,argo,com.grab.sample.dummy,KMPDummyClass5,method8,1,2,0.0,0,0.0,0,0,1,0,5,0,1,0,0.0,0,0,0,5,0.0,0,2.4,0,0,0.0,0,0.0,0.9,68,57,0.1,10,0,0,0,0,1,9,0,0,0,0,0,0,0,0,0,10,0.19999999999999996,10,1.0,10,0,0,0,10,0,0,10,0,1,0,0,0,0,0,10,10,37,3466,3389,290,0,9,46,1.0,2900,0,23177,27,411,2900,30624
2025-07-10,argo,com.grab.sample.dummy,KMPDummyClass5,method9,1,2,0.0,0,0.0,0,0,1,0,5,0,1,0,0.0,0,0,0,5,0.0,0,2.4,0,0,0.0,0,0.0,0.9,68,57,0.1,10,0,0,0,0,1,9,0,0,0,0,0,0,0,0,0,10,0.19999999999999996,10,1.0,10,0,0,0,10,0,0,10,0,1,0,0,0,0,0,10,10,37,3466,3389,290,0,9,46,1.0,2900,0,23177,27,411,2900,30624
2025-07-10,argo,com.grab.sample.dummy,KMPDummyClass5,method10,1,2,0.0,0,0.0,0,0,1,0,5,0,1,0,0.0,0,0,0,5,0.0,0,2.4,0,0,0.0,0,0.0,0.9,68,57,0.1,10,0,0,0,0,1,9,0,0,0,0,0,0,0,0,0,10,0.19999999999999996,10,1.0,10,0,0,0,10,0,0,10,0,1,0,0,0,0,0,10,10,37,3466,3389,290,0,9,46,1.0,2900,0,23177,27,411,2900,30624
2025-07-10,argo,com.grab.sample.dummy,KMPDummyClass50,method1,1,0,9.0,0,0.0,0,0,1,0,12,0,1,10,0.0,10,0,9,1,0.0,1,2.0,0,9,0.0,0,0.0,0.9,68,57,0.1,10,0,0,0,0,1,9,0,0,0,0,0,0,0,0,0,10,0.19999999999999996,10,1.0,10,0,0,0,10,0,0,10,0,1,0,0,0,0,0,10,10,37,3466,3389,290,0,9,46,1.0,2900,0,23177,27,411,2900,30624
2025-07-10,argo,com.grab.sample.dummy,KMPDummyClass50,method2,1,2,0.0,0,0.0,0,0,1,0,5,0,1,0,0.0,0,0,0,5,0.0,0,2.4,0,0,0.0,0,0.0,0.9,68,57,0.1,10,0,0,0,0,1,9,0,0,0,0,0,0,0,0,0,10,0.19999999999999996,10,1.0,10,0,0,0,10,0,0,10,0,1,0,0,0,0,0,10,10,37,3466,3389,290,0,9,46,1.0,2900,0,23177,27,411,2900,30624
2025-07-10,argo,com.grab.sample.dummy,KMPDummyClass50,method3,1,2,0.0,0,0.0,0,0,1,0,5,0,1,0,0.0,0,0,0,5,0.0,0,2.4,0,0,0.0,0,0.0,0.9,68,57,0.1,10,0,0,0,0,1,9,0,0,0,0,0,0,0,0,0,10,0.19999999999999996,10,1.0,10,0,0,0,10,0,0,10,0,1,0,0,0,0,0,10,10,37,3466,3389,290,0,9,46,1.0,2900,0,23177,27,411,2900,30624
2025-07-10,argo,com.grab.sample.dummy,KMPDummyClass50,method4,1,2,0.0,0,0.0,0,0,1,0,5,0,1,0,0.0,0,0,0,5,0.0,0,2.4,0,0,0.0,0,0.0,0.9,68,57,0.1,10,0,0,0,0,1,9,0,0,0,0,0,0,0,0,0,10,0.19999999999999996,10,1.0,10,0,0,0,10,0,0,10,0,1,0,0,0,0,0,10,10,37,3466,3389,290,0,9,46,1.0,2900,0,23177,27,411,2900,30624
2025-07-10,argo,com.grab.sample.dummy,KMPDummyClass50,method5,1,2,0.0,0,0.0,0,0,1,0,5,0,1,0,0.0,0,0,0,5,0.0,0,2.4,0,0,0.0,0,0.0,0.9,68,57,0.1,10,0,0,0,0,1,9,0,0,0,0,0,0,0,0,0,10,0.19999999999999996,10,1.0,10,0,0,0,10,0,0,10,0,1,0,0,0,0,0,10,10,37,3466,3389,290,0,9,46,1.0,2900,0,23177,27,411,2900,30624
2025-07-10,argo,com.grab.sample.dummy,KMPDummyClass50,method6,1,2,0.0,0,0.0,0,0,1,0,5,0,1,0,0.0,0,0,0,5,0.0,0,2.4,0,0,0.0,0,0.0,0.9,68,57,0.1,10,0,0,0,0,1,9,0,0,0,0,0,0,0,0,0,10,0.19999999999999996,10,1.0,10,0,0,0,10,0,0,10,0,1,0,0,0,0,0,10,10,37,3466,3389,290,0,9,46,1.0,2900,0,23177,27,411,2900,30624
2025-07-10,argo,com.grab.sample.dummy,KMPDummyClass50,method7,1,2,0.0,0,0.0,0,0,1,0,5,0,1,0,0.0,0,0,0,5,0.0,0,2.4,0,0,0.0,0,0.0,0.9,68,57,0.1,10,0,0,0,0,1,9,0,0,0,0,0,0,0,0,0,10,0.19999999999999996,10,1.0,10,0,0,0,10,0,0,10,0,1,0,0,0,0,0,10,10,37,3466,3389,290,0,9,46,1.0,2900,0,23177,27,411,2900,30624
2025-07-10,argo,com.grab.sample.dummy,KMPDummyClass50,method8,1,2,0.0,0,0.0,0,0,1,0,5,0,1,0,0.0,0,0,0,5,0.0,0,2.4,0,0,0.0,0,0.0,0.9,68,57,0.1,10,0,0,0,0,1,9,0,0,0,0,0,0,0,0,0,10,0.19999999999999996,10,1.0,10,0,0,0,10,0,0,10,0,1,0,0,0,0,0,10,10,37,3466,3389,290,0,9,46,1.0,2900,0,23177,27,411,2900,30624
2025-07-10,argo,com.grab.sample.dummy,KMPDummyClass50,method9,1,2,0.0,0,0.0,0,0,1,0,5,0,1,0,0.0,0,0,0,5,0.0,0,2.4,0,0,0.0,0,0.0,0.9,68,57,0.1,10,0,0,0,0,1,9,0,0,0,0,0,0,0,0,0,10,0.19999999999999996,10,1.0,10,0,0,0,10,0,0,10,0,1,0,0,0,0,0,10,10,37,3466,3389,290,0,9,46,1.0,2900,0,23177,27,411,2900,30624
2025-07-10,argo,com.grab.sample.dummy,KMPDummyClass50,method10,1,2,0.0,0,0.0,0,0,1,0,5,0,1,0,0.0,0,0,0,5,0.0,0,2.4,0,0,0.0,0,0.0,0.9,68,57,0.1,10,0,0,0,0,1,9,0,0,0,0,0,0,0,0,0,10,0.19999999999999996,10,1.0,10,0,0,0,10,0,0,10,0,1,0,0,0,0,0,10,10,37,3466,3389,290,0,9,46,1.0,2900,0,23177,27,411,2900,30624
2025-07-10,argo,com.grab.sample.dummy,KMPDummyClass51,method1,1,0,9.0,0,0.0,0,0,1,0,12,0,1,10,0.0,10,0,9,1,0.0,1,2.0,0,9,0.0,0,0.0,0.9,68,57,0.1,10,0,0,0,0,1,9,0,0,0,0,0,0,0,0,0,10,0.19999999999999996,10,1.0,10,0,0,0,10,0,0,10,0,1,0,0,0,0,0,10,10,37,3466,3389,290,0,9,46,1.0,2900,0,23177,27,411,2900,30624
2025-07-10,argo,com.grab.sample.dummy,KMPDummyClass51,method2,1,2,0.0,0,0.0,0,0,1,0,5,0,1,0,0.0,0,0,0,5,0.0,0,2.4,0,0,0.0,0,0.0,0.9,68,57,0.1,10,0,0,0,0,1,9,0,0,0,0,0,0,0,0,0,10,0.19999999999999996,10,1.0,10,0,0,0,10,0,0,10,0,1,0,0,0,0,0,10,10,37,3466,3389,290,0,9,46,1.0,2900,0,23177,27,411,2900,30624
2025-07-10,argo,com.grab.sample.dummy,KMPDummyClass51,method3,1,2,0.0,0,0.0,0,0,1,0,5,0,1,0,0.0,0,0,0,5,0.0,0,2.4,0,0,0.0,0,0.0,0.9,68,57,0.1,10,0,0,0,0,1,9,0,0,0,0,0,0,0,0,0,10,0.19999999999999996,10,1.0,10,0,0,0,10,0,0,10,0,1,0,0,0,0,0,10,10,37,3466,3389,290,0,9,46,1.0,2900,0,23177,27,411,2900,30624
2025-07-10,argo,com.grab.sample.dummy,KMPDummyClass51,method4,1,2,0.0,0,0.0,0,0,1,0,5,0,1,0,0.0,0,0,0,5,0.0,0,2.4,0,0,0.0,0,0.0,0.9,68,57,0.1,10,0,0,0,0,1,9,0,0,0,0,0,0,0,0,0,10,0.19999999999999996,10,1.0,10,0,0,0,10,0,0,10,0,1,0,0,0,0,0,10,10,37,3466,3389,290,0,9,46,1.0,2900,0,23177,27,411,2900,30624
2025-07-10,argo,com.grab.sample.dummy,KMPDummyClass51,method5,1,2,0.0,0,0.0,0,0,1,0,5,0,1,0,0.0,0,0,0,5,0.0,0,2.4,0,0,0.0,0,0.0,0.9,68,57,0.1,10,0,0,0,0,1,9,0,0,0,0,0,0,0,0,0,10,0.19999999999999996,10,1.0,10,0,0,0,10,0,0,10,0,1,0,0,0,0,0,10,10,37,3466,3389,290,0,9,46,1.0,2900,0,23177,27,411,2900,30624
2025-07-10,argo,com.grab.sample.dummy,KMPDummyClass51,method6,1,2,0.0,0,0.0,0,0,1,0,5,0,1,0,0.0,0,0,0,5,0.0,0,2.4,0,0,0.0,0,0.0,0.9,68,57,0.1,10,0,0,0,0,1,9,0,0,0,0,0,0,0,0,0,10,0.19999999999999996,10,1.0,10,0,0,0,10,0,0,10,0,1,0,0,0,0,0,10,10,37,3466,3389,290,0,9,46,1.0,2900,0,23177,27,411,2900,30624
2025-07-10,argo,com.grab.sample.dummy,KMPDummyClass51,method7,1,2,0.0,0,0.0,0,0,1,0,5,0,1,0,0.0,0,0,0,5,0.0,0,2.4,0,0,0.0,0,0.0,0.9,68,57,0.1,10,0,0,0,0,1,9,0,0,0,0,0,0,0,0,0,10,0.19999999999999996,10,1.0,10,0,0,0,10,0,0,10,0,1,0,0,0,0,0,10,10,37,3466,3389,290,0,9,46,1.0,2900,0,23177,27,411,2900,30624
2025-07-10,argo,com.grab.sample.dummy,KMPDummyClass51,method8,1,2,0.0,0,0.0,0,0,1,0,5,0,1,0,0.0,0,0,0,5,0.0,0,2.4,0,0,0.0,0,0.0,0.9,68,57,0.1,10,0,0,0,0,1,9,0,0,0,0,0,0,0,0,0,10,0.19999999999999996,10,1.0,10,0,0,0,10,0,0,10,0,1,0,0,0,0,0,10,10,37,3466,3389,290,0,9,46,1.0,2900,0,23177,27,411,2900,30624
2025-07-10,argo,com.grab.sample.dummy,KMPDummyClass51,method9,1,2,0.0,0,0.0,0,0,1,0,5,0,1,0,0.0,0,0,0,5,0.0,0,2.4,0,0,0.0,0,0.0,0.9,68,57,0.1,10,0,0,0,0,1,9,0,0,0,0,0,0,0,0,0,10,0.19999999999999996,10,1.0,10,0,0,0,10,0,0,10,0,1,0,0,0,0,0,10,10,37,3466,3389,290,0,9,46,1.0,2900,0,23177,27,411,2900,30624
2025-07-10,argo,com.grab.sample.dummy,KMPDummyClass51,method10,1,2,0.0,0,0.0,0,0,1,0,5,0,1,0,0.0,0,0,0,5,0.0,0,2.4,0,0,0.0,0,0.0,0.9,68,57,0.1,10,0,0,0,0,1,9,0,0,0,0,0,0,0,0,0,10,0.19999999999999996,10,1.0,10,0,0,0,10,0,0,10,0,1,0,0,0,0,0,10,10,37,3466,3389,290,0,9,46,1.0,2900,0,23177,27,411,2900,30624
2025-07-10,argo,com.grab.sample.dummy,KMPDummyClass52,method1,1,0,9.0,0,0.0,0,0,1,0,12,0,1,10,0.0,10,0,9,1,0.0,1,2.0,0,9,0.0,0,0.0,0.9,68,57,0.1,10,0,0,0,0,1,9,0,0,0,0,0,0,0,0,0,10,0.19999999999999996,10,1.0,10,0,0,0,10,0,0,10,0,1,0,0,0,0,0,10,10,37,3466,3389,290,0,9,46,1.0,2900,0,23177,27,411,2900,30624
2025-07-10,argo,com.grab.sample.dummy,KMPDummyClass52,method2,1,2,0.0,0,0.0,0,0,1,0,5,0,1,0,0.0,0,0,0,5,0.0,0,2.4,0,0,0.0,0,0.0,0.9,68,57,0.1,10,0,0,0,0,1,9,0,0,0,0,0,0,0,0,0,10,0.19999999999999996,10,1.0,10,0,0,0,10,0,0,10,0,1,0,0,0,0,0,10,10,37,3466,3389,290,0,9,46,1.0,2900,0,23177,27,411,2900,30624
2025-07-10,argo,com.grab.sample.dummy,KMPDummyClass52,method3,1,2,0.0,0,0.0,0,0,1,0,5,0,1,0,0.0,0,0,0,5,0.0,0,2.4,0,0,0.0,0,0.0,0.9,68,57,0.1,10,0,0,0,0,1,9,0,0,0,0,0,0,0,0,0,10,0.19999999999999996,10,1.0,10,0,0,0,10,0,0,10,0,1,0,0,0,0,0,10,10,37,3466,3389,290,0,9,46,1.0,2900,0,23177,27,411,2900,30624
2025-07-10,argo,com.grab.sample.dummy,KMPDummyClass52,method4,1,2,0.0,0,0.0,0,0,1,0,5,0,1,0,0.0,0,0,0,5,0.0,0,2.4,0,0,0.0,0,0.0,0.9,68,57,0.1,10,0,0,0,0,1,9,0,0,0,0,0,0,0,0,0,10,0.19999999999999996,10,1.0,10,0,0,0,10,0,0,10,0,1,0,0,0,0,0,10,10,37,3466,3389,290,0,9,46,1.0,2900,0,23177,27,411,2900,30624
2025-07-10,argo,com.grab.sample.dummy,KMPDummyClass52,method5,1,2,0.0,0,0.0,0,0,1,0,5,0,1,0,0.0,0,0,0,5,0.0,0,2.4,0,0,0.0,0,0.0,0.9,68,57,0.1,10,0,0,0,0,1,9,0,0,0,0,0,0,0,0,0,10,0.19999999999999996,10,1.0,10,0,0,0,10,0,0,10,0,1,0,0,0,0,0,10,10,37,3466,3389,290,0,9,46,1.0,2900,0,23177,27,411,2900,30624
2025-07-10,argo,com.grab.sample.dummy,KMPDummyClass52,method6,1,2,0.0,0,0.0,0,0,1,0,5,0,1,0,0.0,0,0,0,5,0.0,0,2.4,0,0,0.0,0,0.0,0.9,68,57,0.1,10,0,0,0,0,1,9,0,0,0,0,0,0,0,0,0,10,0.19999999999999996,10,1.0,10,0,0,0,10,0,0,10,0,1,0,0,0,0,0,10,10,37,3466,3389,290,0,9,46,1.0,2900,0,23177,27,411,2900,30624
2025-07-10,argo,com.grab.sample.dummy,KMPDummyClass52,method7,1,2,0.0,0,0.0,0,0,1,0,5,0,1,0,0.0,0,0,0,5,0.0,0,2.4,0,0,0.0,0,0.0,0.9,68,57,0.1,10,0,0,0,0,1,9,0,0,0,0,0,0,0,0,0,10,0.19999999999999996,10,1.0,10,0,0,0,10,0,0,10,0,1,0,0,0,0,0,10,10,37,3466,3389,290,0,9,46,1.0,2900,0,23177,27,411,2900,30624
2025-07-10,argo,com.grab.sample.dummy,KMPDummyClass52,method8,1,2,0.0,0,0.0,0,0,1,0,5,0,1,0,0.0,0,0,0,5,0.0,0,2.4,0,0,0.0,0,0.0,0.9,68,57,0.1,10,0,0,0,0,1,9,0,0,0,0,0,0,0,0,0,10,0.19999999999999996,10,1.0,10,0,0,0,10,0,0,10,0,1,0,0,0,0,0,10,10,37,3466,3389,290,0,9,46,1.0,2900,0,23177,27,411,2900,30624
2025-07-10,argo,com.grab.sample.dummy,KMPDummyClass52,method9,1,2,0.0,0,0.0,0,0,1,0,5,0,1,0,0.0,0,0,0,5,0.0,0,2.4,0,0,0.0,0,0.0,0.9,68,57,0.1,10,0,0,0,0,1,9,0,0,0,0,0,0,0,0,0,10,0.19999999999999996,10,1.0,10,0,0,0,10,0,0,10,0,1,0,0,0,0,0,10,10,37,3466,3389,290,0,9,46,1.0,2900,0,23177,27,411,2900,30624
2025-07-10,argo,com.grab.sample.dummy,KMPDummyClass52,method10,1,2,0.0,0,0.0,0,0,1,0,5,0,1,0,0.0,0,0,0,5,0.0,0,2.4,0,0,0.0,0,0.0,0.9,68,57,0.1,10,0,0,0,0,1,9,0,0,0,0,0,0,0,0,0,10,0.19999999999999996,10,1.0,10,0,0,0,10,0,0,10,0,1,0,0,0,0,0,10,10,37,3466,3389,290,0,9,46,1.0,2900,0,23177,27,411,2900,30624
2025-07-10,argo,com.grab.sample.dummy,KMPDummyClass53,method1,1,0,9.0,0,0.0,0,0,1,0,12,0,1,10,0.0,10,0,9,1,0.0,1,2.0,0,9,0.0,0,0.0,0.9,68,57,0.1,10,0,0,0,0,1,9,0,0,0,0,0,0,0,0,0,10,0.19999999999999996,10,1.0,10,0,0,0,10,0,0,10,0,1,0,0,0,0,0,10,10,37,3466,3389,290,0,9,46,1.0,2900,0,23177,27,411,2900,30624
2025-07-10,argo,com.grab.sample.dummy,KMPDummyClass53,method2,1,2,0.0,0,0.0,0,0,1,0,5,0,1,0,0.0,0,0,0,5,0.0,0,2.4,0,0,0.0,0,0.0,0.9,68,57,0.1,10,0,0,0,0,1,9,0,0,0,0,0,0,0,0,0,10,0.19999999999999996,10,1.0,10,0,0,0,10,0,0,10,0,1,0,0,0,0,0,10,10,37,3466,3389,290,0,9,46,1.0,2900,0,23177,27,411,2900,30624
2025-07-10,argo,com.grab.sample.dummy,KMPDummyClass53,method3,1,2,0.0,0,0.0,0,0,1,0,5,0,1,0,0.0,0,0,0,5,0.0,0,2.4,0,0,0.0,0,0.0,0.9,68,57,0.1,10,0,0,0,0,1,9,0,0,0,0,0,0,0,0,0,10,0.19999999999999996,10,1.0,10,0,0,0,10,0,0,10,0,1,0,0,0,0,0,10,10,37,3466,3389,290,0,9,46,1.0,2900,0,23177,27,411,2900,30624
2025-07-10,argo,com.grab.sample.dummy,KMPDummyClass53,method4,1,2,0.0,0,0.0,0,0,1,0,5,0,1,0,0.0,0,0,0,5,0.0,0,2.4,0,0,0.0,0,0.0,0.9,68,57,0.1,10,0,0,0,0,1,9,0,0,0,0,0,0,0,0,0,10,0.19999999999999996,10,1.0,10,0,0,0,10,0,0,10,0,1,0,0,0,0,0,10,10,37,3466,3389,290,0,9,46,1.0,2900,0,23177,27,411,2900,30624
2025-07-10,argo,com.grab.sample.dummy,KMPDummyClass53,method5,1,2,0.0,0,0.0,0,0,1,0,5,0,1,0,0.0,0,0,0,5,0.0,0,2.4,0,0,0.0,0,0.0,0.9,68,57,0.1,10,0,0,0,0,1,9,0,0,0,0,0,0,0,0,0,10,0.19999999999999996,10,1.0,10,0,0,0,10,0,0,10,0,1,0,0,0,0,0,10,10,37,3466,3389,290,0,9,46,1.0,2900,0,23177,27,411,2900,30624
2025-07-10,argo,com.grab.sample.dummy,KMPDummyClass53,method6,1,2,0.0,0,0.0,0,0,1,0,5,0,1,0,0.0,0,0,0,5,0.0,0,2.4,0,0,0.0,0,0.0,0.9,68,57,0.1,10,0,0,0,0,1,9,0,0,0,0,0,0,0,0,0,10,0.19999999999999996,10,1.0,10,0,0,0,10,0,0,10,0,1,0,0,0,0,0,10,10,37,3466,3389,290,0,9,46,1.0,2900,0,23177,27,411,2900,30624
2025-07-10,argo,com.grab.sample.dummy,KMPDummyClass53,method7,1,2,0.0,0,0.0,0,0,1,0,5,0,1,0,0.0,0,0,0,5,0.0,0,2.4,0,0,0.0,0,0.0,0.9,68,57,0.1,10,0,0,0,0,1,9,0,0,0,0,0,0,0,0,0,10,0.19999999999999996,10,1.0,10,0,0,0,10,0,0,10,0,1,0,0,0,0,0,10,10,37,3466,3389,290,0,9,46,1.0,2900,0,23177,27,411,2900,30624
2025-07-10,argo,com.grab.sample.dummy,KMPDummyClass53,method8,1,2,0.0,0,0.0,0,0,1,0,5,0,1,0,0.0,0,0,0,5,0.0,0,2.4,0,0,0.0,0,0.0,0.9,68,57,0.1,10,0,0,0,0,1,9,0,0,0,0,0,0,0,0,0,10,0.19999999999999996,10,1.0,10,0,0,0,10,0,0,10,0,1,0,0,0,0,0,10,10,37,3466,3389,290,0,9,46,1.0,2900,0,23177,27,411,2900,30624
2025-07-10,argo,com.grab.sample.dummy,KMPDummyClass53,method9,1,2,0.0,0,0.0,0,0,1,0,5,0,1,0,0.0,0,0,0,5,0.0,0,2.4,0,0,0.0,0,0.0,0.9,68,57,0.1,10,0,0,0,0,1,9,0,0,0,0,0,0,0,0,0,10,0.19999999999999996,10,1.0,10,0,0,0,10,0,0,10,0,1,0,0,0,0,0,10,10,37,3466,3389,290,0,9,46,1.0,2900,0,23177,27,411,2900,30624
2025-07-10,argo,com.grab.sample.dummy,KMPDummyClass53,method10,1,2,0.0,0,0.0,0,0,1,0,5,0,1,0,0.0,0,0,0,5,0.0,0,2.4,0,0,0.0,0,0.0,0.9,68,57,0.1,10,0,0,0,0,1,9,0,0,0,0,0,0,0,0,0,10,0.19999999999999996,10,1.0,10,0,0,0,10,0,0,10,0,1,0,0,0,0,0,10,10,37,3466,3389,290,0,9,46,1.0,2900,0,23177,27,411,2900,30624
2025-07-10,argo,com.grab.sample.dummy,KMPDummyClass54,method1,1,0,9.0,0,0.0,0,0,1,0,12,0,1,10,0.0,10,0,9,1,0.0,1,2.0,0,9,0.0,0,0.0,0.9,68,57,0.1,10,0,0,0,0,1,9,0,0,0,0,0,0,0,0,0,10,0.19999999999999996,10,1.0,10,0,0,0,10,0,0,10,0,1,0,0,0,0,0,10,10,37,3466,3389,290,0,9,46,1.0,2900,0,23177,27,411,2900,30624
2025-07-10,argo,com.grab.sample.dummy,KMPDummyClass54,method2,1,2,0.0,0,0.0,0,0,1,0,5,0,1,0,0.0,0,0,0,5,0.0,0,2.4,0,0,0.0,0,0.0,0.9,68,57,0.1,10,0,0,0,0,1,9,0,0,0,0,0,0,0,0,0,10,0.19999999999999996,10,1.0,10,0,0,0,10,0,0,10,0,1,0,0,0,0,0,10,10,37,3466,3389,290,0,9,46,1.0,2900,0,23177,27,411,2900,30624
2025-07-10,argo,com.grab.sample.dummy,KMPDummyClass54,method3,1,2,0.0,0,0.0,0,0,1,0,5,0,1,0,0.0,0,0,0,5,0.0,0,2.4,0,0,0.0,0,0.0,0.9,68,57,0.1,10,0,0,0,0,1,9,0,0,0,0,0,0,0,0,0,10,0.19999999999999996,10,1.0,10,0,0,0,10,0,0,10,0,1,0,0,0,0,0,10,10,37,3466,3389,290,0,9,46,1.0,2900,0,23177,27,411,2900,30624
2025-07-10,argo,com.grab.sample.dummy,KMPDummyClass54,method4,1,2,0.0,0,0.0,0,0,1,0,5,0,1,0,0.0,0,0,0,5,0.0,0,2.4,0,0,0.0,0,0.0,0.9,68,57,0.1,10,0,0,0,0,1,9,0,0,0,0,0,0,0,0,0,10,0.19999999999999996,10,1.0,10,0,0,0,10,0,0,10,0,1,0,0,0,0,0,10,10,37,3466,3389,290,0,9,46,1.0,2900,0,23177,27,411,2900,30624
2025-07-10,argo,com.grab.sample.dummy,KMPDummyClass54,method5,1,2,0.0,0,0.0,0,0,1,0,5,0,1,0,0.0,0,0,0,5,0.0,0,2.4,0,0,0.0,0,0.0,0.9,68,57,0.1,10,0,0,0,0,1,9,0,0,0,0,0,0,0,0,0,10,0.19999999999999996,10,1.0,10,0,0,0,10,0,0,10,0,1,0,0,0,0,0,10,10,37,3466,3389,290,0,9,46,1.0,2900,0,23177,27,411,2900,30624
2025-07-10,argo,com.grab.sample.dummy,KMPDummyClass54,method6,1,2,0.0,0,0.0,0,0,1,0,5,0,1,0,0.0,0,0,0,5,0.0,0,2.4,0,0,0.0,0,0.0,0.9,68,57,0.1,10,0,0,0,0,1,9,0,0,0,0,0,0,0,0,0,10,0.19999999999999996,10,1.0,10,0,0,0,10,0,0,10,0,1,0,0,0,0,0,10,10,37,3466,3389,290,0,9,46,1.0,2900,0,23177,27,411,2900,30624
2025-07-10,argo,com.grab.sample.dummy,KMPDummyClass54,method7,1,2,0.0,0,0.0,0,0,1,0,5,0,1,0,0.0,0,0,0,5,0.0,0,2.4,0,0,0.0,0,0.0,0.9,68,57,0.1,10,0,0,0,0,1,9,0,0,0,0,0,0,0,0,0,10,0.19999999999999996,10,1.0,10,0,0,0,10,0,0,10,0,1,0,0,0,0,0,10,10,37,3466,3389,290,0,9,46,1.0,2900,0,23177,27,411,2900,30624
2025-07-10,argo,com.grab.sample.dummy,KMPDummyClass54,method8,1,2,0.0,0,0.0,0,0,1,0,5,0,1,0,0.0,0,0,0,5,0.0,0,2.4,0,0,0.0,0,0.0,0.9,68,57,0.1,10,0,0,0,0,1,9,0,0,0,0,0,0,0,0,0,10,0.19999999999999996,10,1.0,10,0,0,0,10,0,0,10,0,1,0,0,0,0,0,10,10,37,3466,3389,290,0,9,46,1.0,2900,0,23177,27,411,2900,30624
2025-07-10,argo,com.grab.sample.dummy,KMPDummyClass54,method9,1,2,0.0,0,0.0,0,0,1,0,5,0,1,0,0.0,0,0,0,5,0.0,0,2.4,0,0,0.0,0,0.0,0.9,68,57,0.1,10,0,0,0,0,1,9,0,0,0,0,0,0,0,0,0,10,0.19999999999999996,10,1.0,10,0,0,0,10,0,0,10,0,1,0,0,0,0,0,10,10,37,3466,3389,290,0,9,46,1.0,2900,0,23177,27,411,2900,30624
2025-07-10,argo,com.grab.sample.dummy,KMPDummyClass54,method10,1,2,0.0,0,0.0,0,0,1,0,5,0,1,0,0.0,0,0,0,5,0.0,0,2.4,0,0,0.0,0,0.0,0.9,68,57,0.1,10,0,0,0,0,1,9,0,0,0,0,0,0,0,0,0,10,0.19999999999999996,10,1.0,10,0,0,0,10,0,0,10,0,1,0,0,0,0,0,10,10,37,3466,3389,290,0,9,46,1.0,2900,0,23177,27,411,2900,30624
2025-07-10,argo,com.grab.sample.dummy,KMPDummyClass55,method1,1,0,9.0,0,0.0,0,0,1,0,12,0,1,10,0.0,10,0,9,1,0.0,1,2.0,0,9,0.0,0,0.0,0.9,68,57,0.1,10,0,0,0,0,1,9,0,0,0,0,0,0,0,0,0,10,0.19999999999999996,10,1.0,10,0,0,0,10,0,0,10,0,1,0,0,0,0,0,10,10,37,3466,3389,290,0,9,46,1.0,2900,0,23177,27,411,2900,30624
2025-07-10,argo,com.grab.sample.dummy,KMPDummyClass55,method2,1,2,0.0,0,0.0,0,0,1,0,5,0,1,0,0.0,0,0,0,5,0.0,0,2.4,0,0,0.0,0,0.0,0.9,68,57,0.1,10,0,0,0,0,1,9,0,0,0,0,0,0,0,0,0,10,0.19999999999999996,10,1.0,10,0,0,0,10,0,0,10,0,1,0,0,0,0,0,10,10,37,3466,3389,290,0,9,46,1.0,2900,0,23177,27,411,2900,30624
2025-07-10,argo,com.grab.sample.dummy,KMPDummyClass55,method3,1,2,0.0,0,0.0,0,0,1,0,5,0,1,0,0.0,0,0,0,5,0.0,0,2.4,0,0,0.0,0,0.0,0.9,68,57,0.1,10,0,0,0,0,1,9,0,0,0,0,0,0,0,0,0,10,0.19999999999999996,10,1.0,10,0,0,0,10,0,0,10,0,1,0,0,0,0,0,10,10,37,3466,3389,290,0,9,46,1.0,2900,0,23177,27,411,2900,30624
2025-07-10,argo,com.grab.sample.dummy,KMPDummyClass55,method4,1,2,0.0,0,0.0,0,0,1,0,5,0,1,0,0.0,0,0,0,5,0.0,0,2.4,0,0,0.0,0,0.0,0.9,68,57,0.1,10,0,0,0,0,1,9,0,0,0,0,0,0,0,0,0,10,0.19999999999999996,10,1.0,10,0,0,0,10,0,0,10,0,1,0,0,0,0,0,10,10,37,3466,3389,290,0,9,46,1.0,2900,0,23177,27,411,2900,30624
2025-07-10,argo,com.grab.sample.dummy,KMPDummyClass55,method5,1,2,0.0,0,0.0,0,0,1,0,5,0,1,0,0.0,0,0,0,5,0.0,0,2.4,0,0,0.0,0,0.0,0.9,68,57,0.1,10,0,0,0,0,1,9,0,0,0,0,0,0,0,0,0,10,0.19999999999999996,10,1.0,10,0,0,0,10,0,0,10,0,1,0,0,0,0,0,10,10,37,3466,3389,290,0,9,46,1.0,2900,0,23177,27,411,2900,30624
2025-07-10,argo,com.grab.sample.dummy,KMPDummyClass55,method6,1,2,0.0,0,0.0,0,0,1,0,5,0,1,0,0.0,0,0,0,5,0.0,0,2.4,0,0,0.0,0,0.0,0.9,68,57,0.1,10,0,0,0,0,1,9,0,0,0,0,0,0,0,0,0,10,0.19999999999999996,10,1.0,10,0,0,0,10,0,0,10,0,1,0,0,0,0,0,10,10,37,3466,3389,290,0,9,46,1.0,2900,0,23177,27,411,2900,30624
2025-07-10,argo,com.grab.sample.dummy,KMPDummyClass55,method7,1,2,0.0,0,0.0,0,0,1,0,5,0,1,0,0.0,0,0,0,5,0.0,0,2.4,0,0,0.0,0,0.0,0.9,68,57,0.1,10,0,0,0,0,1,9,0,0,0,0,0,0,0,0,0,10,0.19999999999999996,10,1.0,10,0,0,0,10,0,0,10,0,1,0,0,0,0,0,10,10,37,3466,3389,290,0,9,46,1.0,2900,0,23177,27,411,2900,30624
2025-07-10,argo,com.grab.sample.dummy,KMPDummyClass55,method8,1,2,0.0,0,0.0,0,0,1,0,5,0,1,0,0.0,0,0,0,5,0.0,0,2.4,0,0,0.0,0,0.0,0.9,68,57,0.1,10,0,0,0,0,1,9,0,0,0,0,0,0,0,0,0,10,0.19999999999999996,10,1.0,10,0,0,0,10,0,0,10,0,1,0,0,0,0,0,10,10,37,3466,3389,290,0,9,46,1.0,2900,0,23177,27,411,2900,30624
2025-07-10,argo,com.grab.sample.dummy,KMPDummyClass55,method9,1,2,0.0,0,0.0,0,0,1,0,5,0,1,0,0.0,0,0,0,5,0.0,0,2.4,0,0,0.0,0,0.0,0.9,68,57,0.1,10,0,0,0,0,1,9,0,0,0,0,0,0,0,0,0,10,0.19999999999999996,10,1.0,10,0,0,0,10,0,0,10,0,1,0,0,0,0,0,10,10,37,3466,3389,290,0,9,46,1.0,2900,0,23177,27,411,2900,30624
2025-07-10,argo,com.grab.sample.dummy,KMPDummyClass55,method10,1,2,0.0,0,0.0,0,0,1,0,5,0,1,0,0.0,0,0,0,5,0.0,0,2.4,0,0,0.0,0,0.0,0.9,68,57,0.1,10,0,0,0,0,1,9,0,0,0,0,0,0,0,0,0,10,0.19999999999999996,10,1.0,10,0,0,0,10,0,0,10,0,1,0,0,0,0,0,10,10,37,3466,3389,290,0,9,46,1.0,2900,0,23177,27,411,2900,30624
2025-07-10,argo,com.grab.sample.dummy,KMPDummyClass56,method1,1,0,9.0,0,0.0,0,0,1,0,12,0,1,10,0.0,10,0,9,1,0.0,1,2.0,0,9,0.0,0,0.0,0.9,68,57,0.1,10,0,0,0,0,1,9,0,0,0,0,0,0,0,0,0,10,0.19999999999999996,10,1.0,10,0,0,0,10,0,0,10,0,1,0,0,0,0,0,10,10,37,3466,3389,290,0,9,46,1.0,2900,0,23177,27,411,2900,30624
2025-07-10,argo,com.grab.sample.dummy,KMPDummyClass56,method2,1,2,0.0,0,0.0,0,0,1,0,5,0,1,0,0.0,0,0,0,5,0.0,0,2.4,0,0,0.0,0,0.0,0.9,68,57,0.1,10,0,0,0,0,1,9,0,0,0,0,0,0,0,0,0,10,0.19999999999999996,10,1.0,10,0,0,0,10,0,0,10,0,1,0,0,0,0,0,10,10,37,3466,3389,290,0,9,46,1.0,2900,0,23177,27,411,2900,30624
2025-07-10,argo,com.grab.sample.dummy,KMPDummyClass56,method3,1,2,0.0,0,0.0,0,0,1,0,5,0,1,0,0.0,0,0,0,5,0.0,0,2.4,0,0,0.0,0,0.0,0.9,68,57,0.1,10,0,0,0,0,1,9,0,0,0,0,0,0,0,0,0,10,0.19999999999999996,10,1.0,10,0,0,0,10,0,0,10,0,1,0,0,0,0,0,10,10,37,3466,3389,290,0,9,46,1.0,2900,0,23177,27,411,2900,30624
2025-07-10,argo,com.grab.sample.dummy,KMPDummyClass56,method4,1,2,0.0,0,0.0,0,0,1,0,5,0,1,0,0.0,0,0,0,5,0.0,0,2.4,0,0,0.0,0,0.0,0.9,68,57,0.1,10,0,0,0,0,1,9,0,0,0,0,0,0,0,0,0,10,0.19999999999999996,10,1.0,10,0,0,0,10,0,0,10,0,1,0,0,0,0,0,10,10,37,3466,3389,290,0,9,46,1.0,2900,0,23177,27,411,2900,30624
2025-07-10,argo,com.grab.sample.dummy,KMPDummyClass56,method5,1,2,0.0,0,0.0,0,0,1,0,5,0,1,0,0.0,0,0,0,5,0.0,0,2.4,0,0,0.0,0,0.0,0.9,68,57,0.1,10,0,0,0,0,1,9,0,0,0,0,0,0,0,0,0,10,0.19999999999999996,10,1.0,10,0,0,0,10,0,0,10,0,1,0,0,0,0,0,10,10,37,3466,3389,290,0,9,46,1.0,2900,0,23177,27,411,2900,30624
2025-07-10,argo,com.grab.sample.dummy,KMPDummyClass56,method6,1,2,0.0,0,0.0,0,0,1,0,5,0,1,0,0.0,0,0,0,5,0.0,0,2.4,0,0,0.0,0,0.0,0.9,68,57,0.1,10,0,0,0,0,1,9,0,0,0,0,0,0,0,0,0,10,0.19999999999999996,10,1.0,10,0,0,0,10,0,0,10,0,1,0,0,0,0,0,10,10,37,3466,3389,290,0,9,46,1.0,2900,0,23177,27,411,2900,30624
2025-07-10,argo,com.grab.sample.dummy,KMPDummyClass56,method7,1,2,0.0,0,0.0,0,0,1,0,5,0,1,0,0.0,0,0,0,5,0.0,0,2.4,0,0,0.0,0,0.0,0.9,68,57,0.1,10,0,0,0,0,1,9,0,0,0,0,0,0,0,0,0,10,0.19999999999999996,10,1.0,10,0,0,0,10,0,0,10,0,1,0,0,0,0,0,10,10,37,3466,3389,290,0,9,46,1.0,2900,0,23177,27,411,2900,30624
2025-07-10,argo,com.grab.sample.dummy,KMPDummyClass56,method8,1,2,0.0,0,0.0,0,0,1,0,5,0,1,0,0.0,0,0,0,5,0.0,0,2.4,0,0,0.0,0,0.0,0.9,68,57,0.1,10,0,0,0,0,1,9,0,0,0,0,0,0,0,0,0,10,0.19999999999999996,10,1.0,10,0,0,0,10,0,0,10,0,1,0,0,0,0,0,10,10,37,3466,3389,290,0,9,46,1.0,2900,0,23177,27,411,2900,30624
2025-07-10,argo,com.grab.sample.dummy,KMPDummyClass56,method9,1,2,0.0,0,0.0,0,0,1,0,5,0,1,0,0.0,0,0,0,5,0.0,0,2.4,0,0,0.0,0,0.0,0.9,68,57,0.1,10,0,0,0,0,1,9,0,0,0,0,0,0,0,0,0,10,0.19999999999999996,10,1.0,10,0,0,0,10,0,0,10,0,1,0,0,0,0,0,10,10,37,3466,3389,290,0,9,46,1.0,2900,0,23177,27,411,2900,30624
2025-07-10,argo,com.grab.sample.dummy,KMPDummyClass56,method10,1,2,0.0,0,0.0,0,0,1,0,5,0,1,0,0.0,0,0,0,5,0.0,0,2.4,0,0,0.0,0,0.0,0.9,68,57,0.1,10,0,0,0,0,1,9,0,0,0,0,0,0,0,0,0,10,0.19999999999999996,10,1.0,10,0,0,0,10,0,0,10,0,1,0,0,0,0,0,10,10,37,3466,3389,290,0,9,46,1.0,2900,0,23177,27,411,2900,30624
2025-07-10,argo,com.grab.sample.dummy,KMPDummyClass57,method1,1,0,9.0,0,0.0,0,0,1,0,12,0,1,10,0.0,10,0,9,1,0.0,1,2.0,0,9,0.0,0,0.0,0.9,68,57,0.1,10,0,0,0,0,1,9,0,0,0,0,0,0,0,0,0,10,0.19999999999999996,10,1.0,10,0,0,0,10,0,0,10,0,1,0,0,0,0,0,10,10,37,3466,3389,290,0,9,46,1.0,2900,0,23177,27,411,2900,30624
2025-07-10,argo,com.grab.sample.dummy,KMPDummyClass57,method2,1,2,0.0,0,0.0,0,0,1,0,5,0,1,0,0.0,0,0,0,5,0.0,0,2.4,0,0,0.0,0,0.0,0.9,68,57,0.1,10,0,0,0,0,1,9,0,0,0,0,0,0,0,0,0,10,0.19999999999999996,10,1.0,10,0,0,0,10,0,0,10,0,1,0,0,0,0,0,10,10,37,3466,3389,290,0,9,46,1.0,2900,0,23177,27,411,2900,30624
2025-07-10,argo,com.grab.sample.dummy,KMPDummyClass57,method3,1,2,0.0,0,0.0,0,0,1,0,5,0,1,0,0.0,0,0,0,5,0.0,0,2.4,0,0,0.0,0,0.0,0.9,68,57,0.1,10,0,0,0,0,1,9,0,0,0,0,0,0,0,0,0,10,0.19999999999999996,10,1.0,10,0,0,0,10,0,0,10,0,1,0,0,0,0,0,10,10,37,3466,3389,290,0,9,46,1.0,2900,0,23177,27,411,2900,30624
2025-07-10,argo,com.grab.sample.dummy,KMPDummyClass57,method4,1,2,0.0,0,0.0,0,0,1,0,5,0,1,0,0.0,0,0,0,5,0.0,0,2.4,0,0,0.0,0,0.0,0.9,68,57,0.1,10,0,0,0,0,1,9,0,0,0,0,0,0,0,0,0,10,0.19999999999999996,10,1.0,10,0,0,0,10,0,0,10,0,1,0,0,0,0,0,10,10,37,3466,3389,290,0,9,46,1.0,2900,0,23177,27,411,2900,30624
2025-07-10,argo,com.grab.sample.dummy,KMPDummyClass57,method5,1,2,0.0,0,0.0,0,0,1,0,5,0,1,0,0.0,0,0,0,5,0.0,0,2.4,0,0,0.0,0,0.0,0.9,68,57,0.1,10,0,0,0,0,1,9,0,0,0,0,0,0,0,0,0,10,0.19999999999999996,10,1.0,10,0,0,0,10,0,0,10,0,1,0,0,0,0,0,10,10,37,3466,3389,290,0,9,46,1.0,2900,0,23177,27,411,2900,30624
2025-07-10,argo,com.grab.sample.dummy,KMPDummyClass57,method6,1,2,0.0,0,0.0,0,0,1,0,5,0,1,0,0.0,0,0,0,5,0.0,0,2.4,0,0,0.0,0,0.0,0.9,68,57,0.1,10,0,0,0,0,1,9,0,0,0,0,0,0,0,0,0,10,0.19999999999999996,10,1.0,10,0,0,0,10,0,0,10,0,1,0,0,0,0,0,10,10,37,3466,3389,290,0,9,46,1.0,2900,0,23177,27,411,2900,30624
2025-07-10,argo,com.grab.sample.dummy,KMPDummyClass57,method7,1,2,0.0,0,0.0,0,0,1,0,5,0,1,0,0.0,0,0,0,5,0.0,0,2.4,0,0,0.0,0,0.0,0.9,68,57,0.1,10,0,0,0,0,1,9,0,0,0,0,0,0,0,0,0,10,0.19999999999999996,10,1.0,10,0,0,0,10,0,0,10,0,1,0,0,0,0,0,10,10,37,3466,3389,290,0,9,46,1.0,2900,0,23177,27,411,2900,30624
2025-07-10,argo,com.grab.sample.dummy,KMPDummyClass57,method8,1,2,0.0,0,0.0,0,0,1,0,5,0,1,0,0.0,0,0,0,5,0.0,0,2.4,0,0,0.0,0,0.0,0.9,68,57,0.1,10,0,0,0,0,1,9,0,0,0,0,0,0,0,0,0,10,0.19999999999999996,10,1.0,10,0,0,0,10,0,0,10,0,1,0,0,0,0,0,10,10,37,3466,3389,290,0,9,46,1.0,2900,0,23177,27,411,2900,30624
2025-07-10,argo,com.grab.sample.dummy,KMPDummyClass57,method9,1,2,0.0,0,0.0,0,0,1,0,5,0,1,0,0.0,0,0,0,5,0.0,0,2.4,0,0,0.0,0,0.0,0.9,68,57,0.1,10,0,0,0,0,1,9,0,0,0,0,0,0,0,0,0,10,0.19999999999999996,10,1.0,10,0,0,0,10,0,0,10,0,1,0,0,0,0,0,10,10,37,3466,3389,290,0,9,46,1.0,2900,0,23177,27,411,2900,30624
2025-07-10,argo,com.grab.sample.dummy,KMPDummyClass57,method10,1,2,0.0,0,0.0,0,0,1,0,5,0,1,0,0.0,0,0,0,5,0.0,0,2.4,0,0,0.0,0,0.0,0.9,68,57,0.1,10,0,0,0,0,1,9,0,0,0,0,0,0,0,0,0,10,0.19999999999999996,10,1.0,10,0,0,0,10,0,0,10,0,1,0,0,0,0,0,10,10,37,3466,3389,290,0,9,46,1.0,2900,0,23177,27,411,2900,30624
2025-07-10,argo,com.grab.sample.dummy,KMPDummyClass58,method1,1,0,9.0,0,0.0,0,0,1,0,12,0,1,10,0.0,10,0,9,1,0.0,1,2.0,0,9,0.0,0,0.0,0.9,68,57,0.1,10,0,0,0,0,1,9,0,0,0,0,0,0,0,0,0,10,0.19999999999999996,10,1.0,10,0,0,0,10,0,0,10,0,1,0,0,0,0,0,10,10,37,3466,3389,290,0,9,46,1.0,2900,0,23177,27,411,2900,30624
2025-07-10,argo,com.grab.sample.dummy,KMPDummyClass58,method2,1,2,0.0,0,0.0,0,0,1,0,5,0,1,0,0.0,0,0,0,5,0.0,0,2.4,0,0,0.0,0,0.0,0.9,68,57,0.1,10,0,0,0,0,1,9,0,0,0,0,0,0,0,0,0,10,0.19999999999999996,10,1.0,10,0,0,0,10,0,0,10,0,1,0,0,0,0,0,10,10,37,3466,3389,290,0,9,46,1.0,2900,0,23177,27,411,2900,30624
2025-07-10,argo,com.grab.sample.dummy,KMPDummyClass58,method3,1,2,0.0,0,0.0,0,0,1,0,5,0,1,0,0.0,0,0,0,5,0.0,0,2.4,0,0,0.0,0,0.0,0.9,68,57,0.1,10,0,0,0,0,1,9,0,0,0,0,0,0,0,0,0,10,0.19999999999999996,10,1.0,10,0,0,0,10,0,0,10,0,1,0,0,0,0,0,10,10,37,3466,3389,290,0,9,46,1.0,2900,0,23177,27,411,2900,30624
2025-07-10,argo,com.grab.sample.dummy,KMPDummyClass58,method4,1,2,0.0,0,0.0,0,0,1,0,5,0,1,0,0.0,0,0,0,5,0.0,0,2.4,0,0,0.0,0,0.0,0.9,68,57,0.1,10,0,0,0,0,1,9,0,0,0,0,0,0,0,0,0,10,0.19999999999999996,10,1.0,10,0,0,0,10,0,0,10,0,1,0,0,0,0,0,10,10,37,3466,3389,290,0,9,46,1.0,2900,0,23177,27,411,2900,30624
2025-07-10,argo,com.grab.sample.dummy,KMPDummyClass58,method5,1,2,0.0,0,0.0,0,0,1,0,5,0,1,0,0.0,0,0,0,5,0.0,0,2.4,0,0,0.0,0,0.0,0.9,68,57,0.1,10,0,0,0,0,1,9,0,0,0,0,0,0,0,0,0,10,0.19999999999999996,10,1.0,10,0,0,0,10,0,0,10,0,1,0,0,0,0,0,10,10,37,3466,3389,290,0,9,46,1.0,2900,0,23177,27,411,2900,30624
2025-07-10,argo,com.grab.sample.dummy,KMPDummyClass58,method6,1,2,0.0,0,0.0,0,0,1,0,5,0,1,0,0.0,0,0,0,5,0.0,0,2.4,0,0,0.0,0,0.0,0.9,68,57,0.1,10,0,0,0,0,1,9,0,0,0,0,0,0,0,0,0,10,0.19999999999999996,10,1.0,10,0,0,0,10,0,0,10,0,1,0,0,0,0,0,10,10,37,3466,3389,290,0,9,46,1.0,2900,0,23177,27,411,2900,30624
2025-07-10,argo,com.grab.sample.dummy,KMPDummyClass58,method7,1,2,0.0,0,0.0,0,0,1,0,5,0,1,0,0.0,0,0,0,5,0.0,0,2.4,0,0,0.0,0,0.0,0.9,68,57,0.1,10,0,0,0,0,1,9,0,0,0,0,0,0,0,0,0,10,0.19999999999999996,10,1.0,10,0,0,0,10,0,0,10,0,1,0,0,0,0,0,10,10,37,3466,3389,290,0,9,46,1.0,2900,0,23177,27,411,2900,30624
2025-07-10,argo,com.grab.sample.dummy,KMPDummyClass58,method8,1,2,0.0,0,0.0,0,0,1,0,5,0,1,0,0.0,0,0,0,5,0.0,0,2.4,0,0,0.0,0,0.0,0.9,68,57,0.1,10,0,0,0,0,1,9,0,0,0,0,0,0,0,0,0,10,0.19999999999999996,10,1.0,10,0,0,0,10,0,0,10,0,1,0,0,0,0,0,10,10,37,3466,3389,290,0,9,46,1.0,2900,0,23177,27,411,2900,30624
2025-07-10,argo,com.grab.sample.dummy,KMPDummyClass58,method9,1,2,0.0,0,0.0,0,0,1,0,5,0,1,0,0.0,0,0,0,5,0.0,0,2.4,0,0,0.0,0,0.0,0.9,68,57,0.1,10,0,0,0,0,1,9,0,0,0,0,0,0,0,0,0,10,0.19999999999999996,10,1.0,10,0,0,0,10,0,0,10,0,1,0,0,0,0,0,10,10,37,3466,3389,290,0,9,46,1.0,2900,0,23177,27,411,2900,30624
2025-07-10,argo,com.grab.sample.dummy,KMPDummyClass58,method10,1,2,0.0,0,0.0,0,0,1,0,5,0,1,0,0.0,0,0,0,5,0.0,0,2.4,0,0,0.0,0,0.0,0.9,68,57,0.1,10,0,0,0,0,1,9,0,0,0,0,0,0,0,0,0,10,0.19999999999999996,10,1.0,10,0,0,0,10,0,0,10,0,1,0,0,0,0,0,10,10,37,3466,3389,290,0,9,46,1.0,2900,0,23177,27,411,2900,30624
2025-07-10,argo,com.grab.sample.dummy,KMPDummyClass59,method1,1,0,9.0,0,0.0,0,0,1,0,12,0,1,10,0.0,10,0,9,1,0.0,1,2.0,0,9,0.0,0,0.0,0.9,68,57,0.1,10,0,0,0,0,1,9,0,0,0,0,0,0,0,0,0,10,0.19999999999999996,10,1.0,10,0,0,0,10,0,0,10,0,1,0,0,0,0,0,10,10,37,3466,3389,290,0,9,46,1.0,2900,0,23177,27,411,2900,30624
2025-07-10,argo,com.grab.sample.dummy,KMPDummyClass59,method2,1,2,0.0,0,0.0,0,0,1,0,5,0,1,0,0.0,0,0,0,5,0.0,0,2.4,0,0,0.0,0,0.0,0.9,68,57,0.1,10,0,0,0,0,1,9,0,0,0,0,0,0,0,0,0,10,0.19999999999999996,10,1.0,10,0,0,0,10,0,0,10,0,1,0,0,0,0,0,10,10,37,3466,3389,290,0,9,46,1.0,2900,0,23177,27,411,2900,30624
2025-07-10,argo,com.grab.sample.dummy,KMPDummyClass59,method3,1,2,0.0,0,0.0,0,0,1,0,5,0,1,0,0.0,0,0,0,5,0.0,0,2.4,0,0,0.0,0,0.0,0.9,68,57,0.1,10,0,0,0,0,1,9,0,0,0,0,0,0,0,0,0,10,0.19999999999999996,10,1.0,10,0,0,0,10,0,0,10,0,1,0,0,0,0,0,10,10,37,3466,3389,290,0,9,46,1.0,2900,0,23177,27,411,2900,30624
2025-07-10,argo,com.grab.sample.dummy,KMPDummyClass59,method4,1,2,0.0,0,0.0,0,0,1,0,5,0,1,0,0.0,0,0,0,5,0.0,0,2.4,0,0,0.0,0,0.0,0.9,68,57,0.1,10,0,0,0,0,1,9,0,0,0,0,0,0,0,0,0,10,0.19999999999999996,10,1.0,10,0,0,0,10,0,0,10,0,1,0,0,0,0,0,10,10,37,3466,3389,290,0,9,46,1.0,2900,0,23177,27,411,2900,30624
2025-07-10,argo,com.grab.sample.dummy,KMPDummyClass59,method5,1,2,0.0,0,0.0,0,0,1,0,5,0,1,0,0.0,0,0,0,5,0.0,0,2.4,0,0,0.0,0,0.0,0.9,68,57,0.1,10,0,0,0,0,1,9,0,0,0,0,0,0,0,0,0,10,0.19999999999999996,10,1.0,10,0,0,0,10,0,0,10,0,1,0,0,0,0,0,10,10,37,3466,3389,290,0,9,46,1.0,2900,0,23177,27,411,2900,30624
2025-07-10,argo,com.grab.sample.dummy,KMPDummyClass59,method6,1,2,0.0,0,0.0,0,0,1,0,5,0,1,0,0.0,0,0,0,5,0.0,0,2.4,0,0,0.0,0,0.0,0.9,68,57,0.1,10,0,0,0,0,1,9,0,0,0,0,0,0,0,0,0,10,0.19999999999999996,10,1.0,10,0,0,0,10,0,0,10,0,1,0,0,0,0,0,10,10,37,3466,3389,290,0,9,46,1.0,2900,0,23177,27,411,2900,30624
2025-07-10,argo,com.grab.sample.dummy,KMPDummyClass59,method7,1,2,0.0,0,0.0,0,0,1,0,5,0,1,0,0.0,0,0,0,5,0.0,0,2.4,0,0,0.0,0,0.0,0.9,68,57,0.1,10,0,0,0,0,1,9,0,0,0,0,0,0,0,0,0,10,0.19999999999999996,10,1.0,10,0,0,0,10,0,0,10,0,1,0,0,0,0,0,10,10,37,3466,3389,290,0,9,46,1.0,2900,0,23177,27,411,2900,30624
2025-07-10,argo,com.grab.sample.dummy,KMPDummyClass59,method8,1,2,0.0,0,0.0,0,0,1,0,5,0,1,0,0.0,0,0,0,5,0.0,0,2.4,0,0,0.0,0,0.0,0.9,68,57,0.1,10,0,0,0,0,1,9,0,0,0,0,0,0,0,0,0,10,0.19999999999999996,10,1.0,10,0,0,0,10,0,0,10,0,1,0,0,0,0,0,10,10,37,3466,3389,290,0,9,46,1.0,2900,0,23177,27,411,2900,30624
2025-07-10,argo,com.grab.sample.dummy,KMPDummyClass59,method9,1,2,0.0,0,0.0,0,0,1,0,5,0,1,0,0.0,0,0,0,5,0.0,0,2.4,0,0,0.0,0,0.0,0.9,68,57,0.1,10,0,0,0,0,1,9,0,0,0,0,0,0,0,0,0,10,0.19999999999999996,10,1.0,10,0,0,0,10,0,0,10,0,1,0,0,0,0,0,10,10,37,3466,3389,290,0,9,46,1.0,2900,0,23177,27,411,2900,30624
2025-07-10,argo,com.grab.sample.dummy,KMPDummyClass59,method10,1,2,0.0,0,0.0,0,0,1,0,5,0,1,0,0.0,0,0,0,5,0.0,0,2.4,0,0,0.0,0,0.0,0.9,68,57,0.1,10,0,0,0,0,1,9,0,0,0,0,0,0,0,0,0,10,0.19999999999999996,10,1.0,10,0,0,0,10,0,0,10,0,1,0,0,0,0,0,10,10,37,3466,3389,290,0,9,46,1.0,2900,0,23177,27,411,2900,30624
2025-07-10,argo,com.grab.sample.dummy,KMPDummyClass6,method1,1,0,9.0,0,0.0,0,0,1,0,12,0,1,10,0.0,10,0,9,1,0.0,1,2.0,0,9,0.0,0,0.0,0.9,68,57,0.1,10,0,0,0,0,1,9,0,0,0,0,0,0,0,0,0,10,0.19999999999999996,10,1.0,10,0,0,0,10,0,0,10,0,1,0,0,0,0,0,10,10,37,3466,3389,290,0,9,46,1.0,2900,0,23177,27,411,2900,30624
2025-07-10,argo,com.grab.sample.dummy,KMPDummyClass6,method2,1,2,0.0,0,0.0,0,0,1,0,5,0,1,0,0.0,0,0,0,5,0.0,0,2.4,0,0,0.0,0,0.0,0.9,68,57,0.1,10,0,0,0,0,1,9,0,0,0,0,0,0,0,0,0,10,0.19999999999999996,10,1.0,10,0,0,0,10,0,0,10,0,1,0,0,0,0,0,10,10,37,3466,3389,290,0,9,46,1.0,2900,0,23177,27,411,2900,30624
2025-07-10,argo,com.grab.sample.dummy,KMPDummyClass6,method3,1,2,0.0,0,0.0,0,0,1,0,5,0,1,0,0.0,0,0,0,5,0.0,0,2.4,0,0,0.0,0,0.0,0.9,68,57,0.1,10,0,0,0,0,1,9,0,0,0,0,0,0,0,0,0,10,0.19999999999999996,10,1.0,10,0,0,0,10,0,0,10,0,1,0,0,0,0,0,10,10,37,3466,3389,290,0,9,46,1.0,2900,0,23177,27,411,2900,30624
2025-07-10,argo,com.grab.sample.dummy,KMPDummyClass6,method4,1,2,0.0,0,0.0,0,0,1,0,5,0,1,0,0.0,0,0,0,5,0.0,0,2.4,0,0,0.0,0,0.0,0.9,68,57,0.1,10,0,0,0,0,1,9,0,0,0,0,0,0,0,0,0,10,0.19999999999999996,10,1.0,10,0,0,0,10,0,0,10,0,1,0,0,0,0,0,10,10,37,3466,3389,290,0,9,46,1.0,2900,0,23177,27,411,2900,30624
2025-07-10,argo,com.grab.sample.dummy,KMPDummyClass6,method5,1,2,0.0,0,0.0,0,0,1,0,5,0,1,0,0.0,0,0,0,5,0.0,0,2.4,0,0,0.0,0,0.0,0.9,68,57,0.1,10,0,0,0,0,1,9,0,0,0,0,0,0,0,0,0,10,0.19999999999999996,10,1.0,10,0,0,0,10,0,0,10,0,1,0,0,0,0,0,10,10,37,3466,3389,290,0,9,46,1.0,2900,0,23177,27,411,2900,30624
2025-07-10,argo,com.grab.sample.dummy,KMPDummyClass6,method6,1,2,0.0,0,0.0,0,0,1,0,5,0,1,0,0.0,0,0,0,5,0.0,0,2.4,0,0,0.0,0,0.0,0.9,68,57,0.1,10,0,0,0,0,1,9,0,0,0,0,0,0,0,0,0,10,0.19999999999999996,10,1.0,10,0,0,0,10,0,0,10,0,1,0,0,0,0,0,10,10,37,3466,3389,290,0,9,46,1.0,2900,0,23177,27,411,2900,30624
2025-07-10,argo,com.grab.sample.dummy,KMPDummyClass6,method7,1,2,0.0,0,0.0,0,0,1,0,5,0,1,0,0.0,0,0,0,5,0.0,0,2.4,0,0,0.0,0,0.0,0.9,68,57,0.1,10,0,0,0,0,1,9,0,0,0,0,0,0,0,0,0,10,0.19999999999999996,10,1.0,10,0,0,0,10,0,0,10,0,1,0,0,0,0,0,10,10,37,3466,3389,290,0,9,46,1.0,2900,0,23177,27,411,2900,30624
2025-07-10,argo,com.grab.sample.dummy,KMPDummyClass6,method8,1,2,0.0,0,0.0,0,0,1,0,5,0,1,0,0.0,0,0,0,5,0.0,0,2.4,0,0,0.0,0,0.0,0.9,68,57,0.1,10,0,0,0,0,1,9,0,0,0,0,0,0,0,0,0,10,0.19999999999999996,10,1.0,10,0,0,0,10,0,0,10,0,1,0,0,0,0,0,10,10,37,3466,3389,290,0,9,46,1.0,2900,0,23177,27,411,2900,30624
2025-07-10,argo,com.grab.sample.dummy,KMPDummyClass6,method9,1,2,0.0,0,0.0,0,0,1,0,5,0,1,0,0.0,0,0,0,5,0.0,0,2.4,0,0,0.0,0,0.0,0.9,68,57,0.1,10,0,0,0,0,1,9,0,0,0,0,0,0,0,0,0,10,0.19999999999999996,10,1.0,10,0,0,0,10,0,0,10,0,1,0,0,0,0,0,10,10,37,3466,3389,290,0,9,46,1.0,2900,0,23177,27,411,2900,30624
2025-07-10,argo,com.grab.sample.dummy,KMPDummyClass6,method10,1,2,0.0,0,0.0,0,0,1,0,5,0,1,0,0.0,0,0,0,5,0.0,0,2.4,0,0,0.0,0,0.0,0.9,68,57,0.1,10,0,0,0,0,1,9,0,0,0,0,0,0,0,0,0,10,0.19999999999999996,10,1.0,10,0,0,0,10,0,0,10,0,1,0,0,0,0,0,10,10,37,3466,3389,290,0,9,46,1.0,2900,0,23177,27,411,2900,30624
2025-07-10,argo,com.grab.sample.dummy,KMPDummyClass60,method1,1,0,9.0,0,0.0,0,0,1,0,12,0,1,10,0.0,10,0,9,1,0.0,1,2.0,0,9,0.0,0,0.0,0.9,68,57,0.1,10,0,0,0,0,1,9,0,0,0,0,0,0,0,0,0,10,0.19999999999999996,10,1.0,10,0,0,0,10,0,0,10,0,1,0,0,0,0,0,10,10,37,3466,3389,290,0,9,46,1.0,2900,0,23177,27,411,2900,30624
2025-07-10,argo,com.grab.sample.dummy,KMPDummyClass60,method2,1,2,0.0,0,0.0,0,0,1,0,5,0,1,0,0.0,0,0,0,5,0.0,0,2.4,0,0,0.0,0,0.0,0.9,68,57,0.1,10,0,0,0,0,1,9,0,0,0,0,0,0,0,0,0,10,0.19999999999999996,10,1.0,10,0,0,0,10,0,0,10,0,1,0,0,0,0,0,10,10,37,3466,3389,290,0,9,46,1.0,2900,0,23177,27,411,2900,30624
2025-07-10,argo,com.grab.sample.dummy,KMPDummyClass60,method3,1,2,0.0,0,0.0,0,0,1,0,5,0,1,0,0.0,0,0,0,5,0.0,0,2.4,0,0,0.0,0,0.0,0.9,68,57,0.1,10,0,0,0,0,1,9,0,0,0,0,0,0,0,0,0,10,0.19999999999999996,10,1.0,10,0,0,0,10,0,0,10,0,1,0,0,0,0,0,10,10,37,3466,3389,290,0,9,46,1.0,2900,0,23177,27,411,2900,30624
2025-07-10,argo,com.grab.sample.dummy,KMPDummyClass60,method4,1,2,0.0,0,0.0,0,0,1,0,5,0,1,0,0.0,0,0,0,5,0.0,0,2.4,0,0,0.0,0,0.0,0.9,68,57,0.1,10,0,0,0,0,1,9,0,0,0,0,0,0,0,0,0,10,0.19999999999999996,10,1.0,10,0,0,0,10,0,0,10,0,1,0,0,0,0,0,10,10,37,3466,3389,290,0,9,46,1.0,2900,0,23177,27,411,2900,30624
2025-07-10,argo,com.grab.sample.dummy,KMPDummyClass60,method5,1,2,0.0,0,0.0,0,0,1,0,5,0,1,0,0.0,0,0,0,5,0.0,0,2.4,0,0,0.0,0,0.0,0.9,68,57,0.1,10,0,0,0,0,1,9,0,0,0,0,0,0,0,0,0,10,0.19999999999999996,10,1.0,10,0,0,0,10,0,0,10,0,1,0,0,0,0,0,10,10,37,3466,3389,290,0,9,46,1.0,2900,0,23177,27,411,2900,30624
2025-07-10,argo,com.grab.sample.dummy,KMPDummyClass60,method6,1,2,0.0,0,0.0,0,0,1,0,5,0,1,0,0.0,0,0,0,5,0.0,0,2.4,0,0,0.0,0,0.0,0.9,68,57,0.1,10,0,0,0,0,1,9,0,0,0,0,0,0,0,0,0,10,0.19999999999999996,10,1.0,10,0,0,0,10,0,0,10,0,1,0,0,0,0,0,10,10,37,3466,3389,290,0,9,46,1.0,2900,0,23177,27,411,2900,30624
2025-07-10,argo,com.grab.sample.dummy,KMPDummyClass60,method7,1,2,0.0,0,0.0,0,0,1,0,5,0,1,0,0.0,0,0,0,5,0.0,0,2.4,0,0,0.0,0,0.0,0.9,68,57,0.1,10,0,0,0,0,1,9,0,0,0,0,0,0,0,0,0,10,0.19999999999999996,10,1.0,10,0,0,0,10,0,0,10,0,1,0,0,0,0,0,10,10,37,3466,3389,290,0,9,46,1.0,2900,0,23177,27,411,2900,30624
2025-07-10,argo,com.grab.sample.dummy,KMPDummyClass60,method8,1,2,0.0,0,0.0,0,0,1,0,5,0,1,0,0.0,0,0,0,5,0.0,0,2.4,0,0,0.0,0,0.0,0.9,68,57,0.1,10,0,0,0,0,1,9,0,0,0,0,0,0,0,0,0,10,0.19999999999999996,10,1.0,10,0,0,0,10,0,0,10,0,1,0,0,0,0,0,10,10,37,3466,3389,290,0,9,46,1.0,2900,0,23177,27,411,2900,30624
2025-07-10,argo,com.grab.sample.dummy,KMPDummyClass60,method9,1,2,0.0,0,0.0,0,0,1,0,5,0,1,0,0.0,0,0,0,5,0.0,0,2.4,0,0,0.0,0,0.0,0.9,68,57,0.1,10,0,0,0,0,1,9,0,0,0,0,0,0,0,0,0,10,0.19999999999999996,10,1.0,10,0,0,0,10,0,0,10,0,1,0,0,0,0,0,10,10,37,3466,3389,290,0,9,46,1.0,2900,0,23177,27,411,2900,30624
2025-07-10,argo,com.grab.sample.dummy,KMPDummyClass60,method10,1,2,0.0,0,0.0,0,0,1,0,5,0,1,0,0.0,0,0,0,5,0.0,0,2.4,0,0,0.0,0,0.0,0.9,68,57,0.1,10,0,0,0,0,1,9,0,0,0,0,0,0,0,0,0,10,0.19999999999999996,10,1.0,10,0,0,0,10,0,0,10,0,1,0,0,0,0,0,10,10,37,3466,3389,290,0,9,46,1.0,2900,0,23177,27,411,2900,30624
2025-07-10,argo,com.grab.sample.dummy,KMPDummyClass61,method1,1,0,9.0,0,0.0,0,0,1,0,12,0,1,10,0.0,10,0,9,1,0.0,1,2.0,0,9,0.0,0,0.0,0.9,68,57,0.1,10,0,0,0,0,1,9,0,0,0,0,0,0,0,0,0,10,0.19999999999999996,10,1.0,10,0,0,0,10,0,0,10,0,1,0,0,0,0,0,10,10,37,3466,3389,290,0,9,46,1.0,2900,0,23177,27,411,2900,30624
2025-07-10,argo,com.grab.sample.dummy,KMPDummyClass61,method2,1,2,0.0,0,0.0,0,0,1,0,5,0,1,0,0.0,0,0,0,5,0.0,0,2.4,0,0,0.0,0,0.0,0.9,68,57,0.1,10,0,0,0,0,1,9,0,0,0,0,0,0,0,0,0,10,0.19999999999999996,10,1.0,10,0,0,0,10,0,0,10,0,1,0,0,0,0,0,10,10,37,3466,3389,290,0,9,46,1.0,2900,0,23177,27,411,2900,30624
2025-07-10,argo,com.grab.sample.dummy,KMPDummyClass61,method3,1,2,0.0,0,0.0,0,0,1,0,5,0,1,0,0.0,0,0,0,5,0.0,0,2.4,0,0,0.0,0,0.0,0.9,68,57,0.1,10,0,0,0,0,1,9,0,0,0,0,0,0,0,0,0,10,0.19999999999999996,10,1.0,10,0,0,0,10,0,0,10,0,1,0,0,0,0,0,10,10,37,3466,3389,290,0,9,46,1.0,2900,0,23177,27,411,2900,30624
2025-07-10,argo,com.grab.sample.dummy,KMPDummyClass61,method4,1,2,0.0,0,0.0,0,0,1,0,5,0,1,0,0.0,0,0,0,5,0.0,0,2.4,0,0,0.0,0,0.0,0.9,68,57,0.1,10,0,0,0,0,1,9,0,0,0,0,0,0,0,0,0,10,0.19999999999999996,10,1.0,10,0,0,0,10,0,0,10,0,1,0,0,0,0,0,10,10,37,3466,3389,290,0,9,46,1.0,2900,0,23177,27,411,2900,30624
2025-07-10,argo,com.grab.sample.dummy,KMPDummyClass61,method5,1,2,0.0,0,0.0,0,0,1,0,5,0,1,0,0.0,0,0,0,5,0.0,0,2.4,0,0,0.0,0,0.0,0.9,68,57,0.1,10,0,0,0,0,1,9,0,0,0,0,0,0,0,0,0,10,0.19999999999999996,10,1.0,10,0,0,0,10,0,0,10,0,1,0,0,0,0,0,10,10,37,3466,3389,290,0,9,46,1.0,2900,0,23177,27,411,2900,30624
2025-07-10,argo,com.grab.sample.dummy,KMPDummyClass61,method6,1,2,0.0,0,0.0,0,0,1,0,5,0,1,0,0.0,0,0,0,5,0.0,0,2.4,0,0,0.0,0,0.0,0.9,68,57,0.1,10,0,0,0,0,1,9,0,0,0,0,0,0,0,0,0,10,0.19999999999999996,10,1.0,10,0,0,0,10,0,0,10,0,1,0,0,0,0,0,10,10,37,3466,3389,290,0,9,46,1.0,2900,0,23177,27,411,2900,30624
2025-07-10,argo,com.grab.sample.dummy,KMPDummyClass61,method7,1,2,0.0,0,0.0,0,0,1,0,5,0,1,0,0.0,0,0,0,5,0.0,0,2.4,0,0,0.0,0,0.0,0.9,68,57,0.1,10,0,0,0,0,1,9,0,0,0,0,0,0,0,0,0,10,0.19999999999999996,10,1.0,10,0,0,0,10,0,0,10,0,1,0,0,0,0,0,10,10,37,3466,3389,290,0,9,46,1.0,2900,0,23177,27,411,2900,30624
2025-07-10,argo,com.grab.sample.dummy,KMPDummyClass61,method8,1,2,0.0,0,0.0,0,0,1,0,5,0,1,0,0.0,0,0,0,5,0.0,0,2.4,0,0,0.0,0,0.0,0.9,68,57,0.1,10,0,0,0,0,1,9,0,0,0,0,0,0,0,0,0,10,0.19999999999999996,10,1.0,10,0,0,0,10,0,0,10,0,1,0,0,0,0,0,10,10,37,3466,3389,290,0,9,46,1.0,2900,0,23177,27,411,2900,30624
2025-07-10,argo,com.grab.sample.dummy,KMPDummyClass61,method9,1,2,0.0,0,0.0,0,0,1,0,5,0,1,0,0.0,0,0,0,5,0.0,0,2.4,0,0,0.0,0,0.0,0.9,68,57,0.1,10,0,0,0,0,1,9,0,0,0,0,0,0,0,0,0,10,0.19999999999999996,10,1.0,10,0,0,0,10,0,0,10,0,1,0,0,0,0,0,10,10,37,3466,3389,290,0,9,46,1.0,2900,0,23177,27,411,2900,30624
2025-07-10,argo,com.grab.sample.dummy,KMPDummyClass61,method10,1,2,0.0,0,0.0,0,0,1,0,5,0,1,0,0.0,0,0,0,5,0.0,0,2.4,0,0,0.0,0,0.0,0.9,68,57,0.1,10,0,0,0,0,1,9,0,0,0,0,0,0,0,0,0,10,0.19999999999999996,10,1.0,10,0,0,0,10,0,0,10,0,1,0,0,0,0,0,10,10,37,3466,3389,290,0,9,46,1.0,2900,0,23177,27,411,2900,30624
2025-07-10,argo,com.grab.sample.dummy,KMPDummyClass62,method1,1,0,9.0,0,0.0,0,0,1,0,12,0,1,10,0.0,10,0,9,1,0.0,1,2.0,0,9,0.0,0,0.0,0.9,68,57,0.1,10,0,0,0,0,1,9,0,0,0,0,0,0,0,0,0,10,0.19999999999999996,10,1.0,10,0,0,0,10,0,0,10,0,1,0,0,0,0,0,10,10,37,3466,3389,290,0,9,46,1.0,2900,0,23177,27,411,2900,30624
2025-07-10,argo,com.grab.sample.dummy,KMPDummyClass62,method2,1,2,0.0,0,0.0,0,0,1,0,5,0,1,0,0.0,0,0,0,5,0.0,0,2.4,0,0,0.0,0,0.0,0.9,68,57,0.1,10,0,0,0,0,1,9,0,0,0,0,0,0,0,0,0,10,0.19999999999999996,10,1.0,10,0,0,0,10,0,0,10,0,1,0,0,0,0,0,10,10,37,3466,3389,290,0,9,46,1.0,2900,0,23177,27,411,2900,30624
2025-07-10,argo,com.grab.sample.dummy,KMPDummyClass62,method3,1,2,0.0,0,0.0,0,0,1,0,5,0,1,0,0.0,0,0,0,5,0.0,0,2.4,0,0,0.0,0,0.0,0.9,68,57,0.1,10,0,0,0,0,1,9,0,0,0,0,0,0,0,0,0,10,0.19999999999999996,10,1.0,10,0,0,0,10,0,0,10,0,1,0,0,0,0,0,10,10,37,3466,3389,290,0,9,46,1.0,2900,0,23177,27,411,2900,30624
2025-07-10,argo,com.grab.sample.dummy,KMPDummyClass62,method4,1,2,0.0,0,0.0,0,0,1,0,5,0,1,0,0.0,0,0,0,5,0.0,0,2.4,0,0,0.0,0,0.0,0.9,68,57,0.1,10,0,0,0,0,1,9,0,0,0,0,0,0,0,0,0,10,0.19999999999999996,10,1.0,10,0,0,0,10,0,0,10,0,1,0,0,0,0,0,10,10,37,3466,3389,290,0,9,46,1.0,2900,0,23177,27,411,2900,30624
2025-07-10,argo,com.grab.sample.dummy,KMPDummyClass62,method5,1,2,0.0,0,0.0,0,0,1,0,5,0,1,0,0.0,0,0,0,5,0.0,0,2.4,0,0,0.0,0,0.0,0.9,68,57,0.1,10,0,0,0,0,1,9,0,0,0,0,0,0,0,0,0,10,0.19999999999999996,10,1.0,10,0,0,0,10,0,0,10,0,1,0,0,0,0,0,10,10,37,3466,3389,290,0,9,46,1.0,2900,0,23177,27,411,2900,30624
2025-07-10,argo,com.grab.sample.dummy,KMPDummyClass62,method6,1,2,0.0,0,0.0,0,0,1,0,5,0,1,0,0.0,0,0,0,5,0.0,0,2.4,0,0,0.0,0,0.0,0.9,68,57,0.1,10,0,0,0,0,1,9,0,0,0,0,0,0,0,0,0,10,0.19999999999999996,10,1.0,10,0,0,0,10,0,0,10,0,1,0,0,0,0,0,10,10,37,3466,3389,290,0,9,46,1.0,2900,0,23177,27,411,2900,30624
2025-07-10,argo,com.grab.sample.dummy,KMPDummyClass62,method7,1,2,0.0,0,0.0,0,0,1,0,5,0,1,0,0.0,0,0,0,5,0.0,0,2.4,0,0,0.0,0,0.0,0.9,68,57,0.1,10,0,0,0,0,1,9,0,0,0,0,0,0,0,0,0,10,0.19999999999999996,10,1.0,10,0,0,0,10,0,0,10,0,1,0,0,0,0,0,10,10,37,3466,3389,290,0,9,46,1.0,2900,0,23177,27,411,2900,30624
2025-07-10,argo,com.grab.sample.dummy,KMPDummyClass62,method8,1,2,0.0,0,0.0,0,0,1,0,5,0,1,0,0.0,0,0,0,5,0.0,0,2.4,0,0,0.0,0,0.0,0.9,68,57,0.1,10,0,0,0,0,1,9,0,0,0,0,0,0,0,0,0,10,0.19999999999999996,10,1.0,10,0,0,0,10,0,0,10,0,1,0,0,0,0,0,10,10,37,3466,3389,290,0,9,46,1.0,2900,0,23177,27,411,2900,30624
2025-07-10,argo,com.grab.sample.dummy,KMPDummyClass62,method9,1,2,0.0,0,0.0,0,0,1,0,5,0,1,0,0.0,0,0,0,5,0.0,0,2.4,0,0,0.0,0,0.0,0.9,68,57,0.1,10,0,0,0,0,1,9,0,0,0,0,0,0,0,0,0,10,0.19999999999999996,10,1.0,10,0,0,0,10,0,0,10,0,1,0,0,0,0,0,10,10,37,3466,3389,290,0,9,46,1.0,2900,0,23177,27,411,2900,30624
2025-07-10,argo,com.grab.sample.dummy,KMPDummyClass62,method10,1,2,0.0,0,0.0,0,0,1,0,5,0,1,0,0.0,0,0,0,5,0.0,0,2.4,0,0,0.0,0,0.0,0.9,68,57,0.1,10,0,0,0,0,1,9,0,0,0,0,0,0,0,0,0,10,0.19999999999999996,10,1.0,10,0,0,0,10,0,0,10,0,1,0,0,0,0,0,10,10,37,3466,3389,290,0,9,46,1.0,2900,0,23177,27,411,2900,30624
2025-07-10,argo,com.grab.sample.dummy,KMPDummyClass63,method1,1,0,9.0,0,0.0,0,0,1,0,12,0,1,10,0.0,10,0,9,1,0.0,1,2.0,0,9,0.0,0,0.0,0.9,68,57,0.1,10,0,0,0,0,1,9,0,0,0,0,0,0,0,0,0,10,0.19999999999999996,10,1.0,10,0,0,0,10,0,0,10,0,1,0,0,0,0,0,10,10,37,3466,3389,290,0,9,46,1.0,2900,0,23177,27,411,2900,30624
2025-07-10,argo,com.grab.sample.dummy,KMPDummyClass63,method2,1,2,0.0,0,0.0,0,0,1,0,5,0,1,0,0.0,0,0,0,5,0.0,0,2.4,0,0,0.0,0,0.0,0.9,68,57,0.1,10,0,0,0,0,1,9,0,0,0,0,0,0,0,0,0,10,0.19999999999999996,10,1.0,10,0,0,0,10,0,0,10,0,1,0,0,0,0,0,10,10,37,3466,3389,290,0,9,46,1.0,2900,0,23177,27,411,2900,30624
2025-07-10,argo,com.grab.sample.dummy,KMPDummyClass63,method3,1,2,0.0,0,0.0,0,0,1,0,5,0,1,0,0.0,0,0,0,5,0.0,0,2.4,0,0,0.0,0,0.0,0.9,68,57,0.1,10,0,0,0,0,1,9,0,0,0,0,0,0,0,0,0,10,0.19999999999999996,10,1.0,10,0,0,0,10,0,0,10,0,1,0,0,0,0,0,10,10,37,3466,3389,290,0,9,46,1.0,2900,0,23177,27,411,2900,30624
2025-07-10,argo,com.grab.sample.dummy,KMPDummyClass63,method4,1,2,0.0,0,0.0,0,0,1,0,5,0,1,0,0.0,0,0,0,5,0.0,0,2.4,0,0,0.0,0,0.0,0.9,68,57,0.1,10,0,0,0,0,1,9,0,0,0,0,0,0,0,0,0,10,0.19999999999999996,10,1.0,10,0,0,0,10,0,0,10,0,1,0,0,0,0,0,10,10,37,3466,3389,290,0,9,46,1.0,2900,0,23177,27,411,2900,30624
2025-07-10,argo,com.grab.sample.dummy,KMPDummyClass63,method5,1,2,0.0,0,0.0,0,0,1,0,5,0,1,0,0.0,0,0,0,5,0.0,0,2.4,0,0,0.0,0,0.0,0.9,68,57,0.1,10,0,0,0,0,1,9,0,0,0,0,0,0,0,0,0,10,0.19999999999999996,10,1.0,10,0,0,0,10,0,0,10,0,1,0,0,0,0,0,10,10,37,3466,3389,290,0,9,46,1.0,2900,0,23177,27,411,2900,30624
2025-07-10,argo,com.grab.sample.dummy,KMPDummyClass63,method6,1,2,0.0,0,0.0,0,0,1,0,5,0,1,0,0.0,0,0,0,5,0.0,0,2.4,0,0,0.0,0,0.0,0.9,68,57,0.1,10,0,0,0,0,1,9,0,0,0,0,0,0,0,0,0,10,0.19999999999999996,10,1.0,10,0,0,0,10,0,0,10,0,1,0,0,0,0,0,10,10,37,3466,3389,290,0,9,46,1.0,2900,0,23177,27,411,2900,30624
2025-07-10,argo,com.grab.sample.dummy,KMPDummyClass63,method7,1,2,0.0,0,0.0,0,0,1,0,5,0,1,0,0.0,0,0,0,5,0.0,0,2.4,0,0,0.0,0,0.0,0.9,68,57,0.1,10,0,0,0,0,1,9,0,0,0,0,0,0,0,0,0,10,0.19999999999999996,10,1.0,10,0,0,0,10,0,0,10,0,1,0,0,0,0,0,10,10,37,3466,3389,290,0,9,46,1.0,2900,0,23177,27,411,2900,30624
2025-07-10,argo,com.grab.sample.dummy,KMPDummyClass63,method8,1,2,0.0,0,0.0,0,0,1,0,5,0,1,0,0.0,0,0,0,5,0.0,0,2.4,0,0,0.0,0,0.0,0.9,68,57,0.1,10,0,0,0,0,1,9,0,0,0,0,0,0,0,0,0,10,0.19999999999999996,10,1.0,10,0,0,0,10,0,0,10,0,1,0,0,0,0,0,10,10,37,3466,3389,290,0,9,46,1.0,2900,0,23177,27,411,2900,30624
2025-07-10,argo,com.grab.sample.dummy,KMPDummyClass63,method9,1,2,0.0,0,0.0,0,0,1,0,5,0,1,0,0.0,0,0,0,5,0.0,0,2.4,0,0,0.0,0,0.0,0.9,68,57,0.1,10,0,0,0,0,1,9,0,0,0,0,0,0,0,0,0,10,0.19999999999999996,10,1.0,10,0,0,0,10,0,0,10,0,1,0,0,0,0,0,10,10,37,3466,3389,290,0,9,46,1.0,2900,0,23177,27,411,2900,30624
2025-07-10,argo,com.grab.sample.dummy,KMPDummyClass63,method10,1,2,0.0,0,0.0,0,0,1,0,5,0,1,0,0.0,0,0,0,5,0.0,0,2.4,0,0,0.0,0,0.0,0.9,68,57,0.1,10,0,0,0,0,1,9,0,0,0,0,0,0,0,0,0,10,0.19999999999999996,10,1.0,10,0,0,0,10,0,0,10,0,1,0,0,0,0,0,10,10,37,3466,3389,290,0,9,46,1.0,2900,0,23177,27,411,2900,30624
2025-07-10,argo,com.grab.sample.dummy,KMPDummyClass64,method1,1,0,9.0,0,0.0,0,0,1,0,12,0,1,10,0.0,10,0,9,1,0.0,1,2.0,0,9,0.0,0,0.0,0.9,68,57,0.1,10,0,0,0,0,1,9,0,0,0,0,0,0,0,0,0,10,0.19999999999999996,10,1.0,10,0,0,0,10,0,0,10,0,1,0,0,0,0,0,10,10,37,3466,3389,290,0,9,46,1.0,2900,0,23177,27,411,2900,30624
2025-07-10,argo,com.grab.sample.dummy,KMPDummyClass64,method2,1,2,0.0,0,0.0,0,0,1,0,5,0,1,0,0.0,0,0,0,5,0.0,0,2.4,0,0,0.0,0,0.0,0.9,68,57,0.1,10,0,0,0,0,1,9,0,0,0,0,0,0,0,0,0,10,0.19999999999999996,10,1.0,10,0,0,0,10,0,0,10,0,1,0,0,0,0,0,10,10,37,3466,3389,290,0,9,46,1.0,2900,0,23177,27,411,2900,30624
2025-07-10,argo,com.grab.sample.dummy,KMPDummyClass64,method3,1,2,0.0,0,0.0,0,0,1,0,5,0,1,0,0.0,0,0,0,5,0.0,0,2.4,0,0,0.0,0,0.0,0.9,68,57,0.1,10,0,0,0,0,1,9,0,0,0,0,0,0,0,0,0,10,0.19999999999999996,10,1.0,10,0,0,0,10,0,0,10,0,1,0,0,0,0,0,10,10,37,3466,3389,290,0,9,46,1.0,2900,0,23177,27,411,2900,30624
2025-07-10,argo,com.grab.sample.dummy,KMPDummyClass64,method4,1,2,0.0,0,0.0,0,0,1,0,5,0,1,0,0.0,0,0,0,5,0.0,0,2.4,0,0,0.0,0,0.0,0.9,68,57,0.1,10,0,0,0,0,1,9,0,0,0,0,0,0,0,0,0,10,0.19999999999999996,10,1.0,10,0,0,0,10,0,0,10,0,1,0,0,0,0,0,10,10,37,3466,3389,290,0,9,46,1.0,2900,0,23177,27,411,2900,30624
2025-07-10,argo,com.grab.sample.dummy,KMPDummyClass64,method5,1,2,0.0,0,0.0,0,0,1,0,5,0,1,0,0.0,0,0,0,5,0.0,0,2.4,0,0,0.0,0,0.0,0.9,68,57,0.1,10,0,0,0,0,1,9,0,0,0,0,0,0,0,0,0,10,0.19999999999999996,10,1.0,10,0,0,0,10,0,0,10,0,1,0,0,0,0,0,10,10,37,3466,3389,290,0,9,46,1.0,2900,0,23177,27,411,2900,30624
2025-07-10,argo,com.grab.sample.dummy,KMPDummyClass64,method6,1,2,0.0,0,0.0,0,0,1,0,5,0,1,0,0.0,0,0,0,5,0.0,0,2.4,0,0,0.0,0,0.0,0.9,68,57,0.1,10,0,0,0,0,1,9,0,0,0,0,0,0,0,0,0,10,0.19999999999999996,10,1.0,10,0,0,0,10,0,0,10,0,1,0,0,0,0,0,10,10,37,3466,3389,290,0,9,46,1.0,2900,0,23177,27,411,2900,30624
2025-07-10,argo,com.grab.sample.dummy,KMPDummyClass64,method7,1,2,0.0,0,0.0,0,0,1,0,5,0,1,0,0.0,0,0,0,5,0.0,0,2.4,0,0,0.0,0,0.0,0.9,68,57,0.1,10,0,0,0,0,1,9,0,0,0,0,0,0,0,0,0,10,0.19999999999999996,10,1.0,10,0,0,0,10,0,0,10,0,1,0,0,0,0,0,10,10,37,3466,3389,290,0,9,46,1.0,2900,0,23177,27,411,2900,30624
2025-07-10,argo,com.grab.sample.dummy,KMPDummyClass64,method8,1,2,0.0,0,0.0,0,0,1,0,5,0,1,0,0.0,0,0,0,5,0.0,0,2.4,0,0,0.0,0,0.0,0.9,68,57,0.1,10,0,0,0,0,1,9,0,0,0,0,0,0,0,0,0,10,0.19999999999999996,10,1.0,10,0,0,0,10,0,0,10,0,1,0,0,0,0,0,10,10,37,3466,3389,290,0,9,46,1.0,2900,0,23177,27,411,2900,30624
2025-07-10,argo,com.grab.sample.dummy,KMPDummyClass64,method9,1,2,0.0,0,0.0,0,0,1,0,5,0,1,0,0.0,0,0,0,5,0.0,0,2.4,0,0,0.0,0,0.0,0.9,68,57,0.1,10,0,0,0,0,1,9,0,0,0,0,0,0,0,0,0,10,0.19999999999999996,10,1.0,10,0,0,0,10,0,0,10,0,1,0,0,0,0,0,10,10,37,3466,3389,290,0,9,46,1.0,2900,0,23177,27,411,2900,30624
2025-07-10,argo,com.grab.sample.dummy,KMPDummyClass64,method10,1,2,0.0,0,0.0,0,0,1,0,5,0,1,0,0.0,0,0,0,5,0.0,0,2.4,0,0,0.0,0,0.0,0.9,68,57,0.1,10,0,0,0,0,1,9,0,0,0,0,0,0,0,0,0,10,0.19999999999999996,10,1.0,10,0,0,0,10,0,0,10,0,1,0,0,0,0,0,10,10,37,3466,3389,290,0,9,46,1.0,2900,0,23177,27,411,2900,30624
2025-07-10,argo,com.grab.sample.dummy,KMPDummyClass65,method1,1,0,9.0,0,0.0,0,0,1,0,12,0,1,10,0.0,10,0,9,1,0.0,1,2.0,0,9,0.0,0,0.0,0.9,68,57,0.1,10,0,0,0,0,1,9,0,0,0,0,0,0,0,0,0,10,0.19999999999999996,10,1.0,10,0,0,0,10,0,0,10,0,1,0,0,0,0,0,10,10,37,3466,3389,290,0,9,46,1.0,2900,0,23177,27,411,2900,30624
2025-07-10,argo,com.grab.sample.dummy,KMPDummyClass65,method2,1,2,0.0,0,0.0,0,0,1,0,5,0,1,0,0.0,0,0,0,5,0.0,0,2.4,0,0,0.0,0,0.0,0.9,68,57,0.1,10,0,0,0,0,1,9,0,0,0,0,0,0,0,0,0,10,0.19999999999999996,10,1.0,10,0,0,0,10,0,0,10,0,1,0,0,0,0,0,10,10,37,3466,3389,290,0,9,46,1.0,2900,0,23177,27,411,2900,30624
2025-07-10,argo,com.grab.sample.dummy,KMPDummyClass65,method3,1,2,0.0,0,0.0,0,0,1,0,5,0,1,0,0.0,0,0,0,5,0.0,0,2.4,0,0,0.0,0,0.0,0.9,68,57,0.1,10,0,0,0,0,1,9,0,0,0,0,0,0,0,0,0,10,0.19999999999999996,10,1.0,10,0,0,0,10,0,0,10,0,1,0,0,0,0,0,10,10,37,3466,3389,290,0,9,46,1.0,2900,0,23177,27,411,2900,30624
2025-07-10,argo,com.grab.sample.dummy,KMPDummyClass65,method4,1,2,0.0,0,0.0,0,0,1,0,5,0,1,0,0.0,0,0,0,5,0.0,0,2.4,0,0,0.0,0,0.0,0.9,68,57,0.1,10,0,0,0,0,1,9,0,0,0,0,0,0,0,0,0,10,0.19999999999999996,10,1.0,10,0,0,0,10,0,0,10,0,1,0,0,0,0,0,10,10,37,3466,3389,290,0,9,46,1.0,2900,0,23177,27,411,2900,30624
2025-07-10,argo,com.grab.sample.dummy,KMPDummyClass65,method5,1,2,0.0,0,0.0,0,0,1,0,5,0,1,0,0.0,0,0,0,5,0.0,0,2.4,0,0,0.0,0,0.0,0.9,68,57,0.1,10,0,0,0,0,1,9,0,0,0,0,0,0,0,0,0,10,0.19999999999999996,10,1.0,10,0,0,0,10,0,0,10,0,1,0,0,0,0,0,10,10,37,3466,3389,290,0,9,46,1.0,2900,0,23177,27,411,2900,30624
2025-07-10,argo,com.grab.sample.dummy,KMPDummyClass65,method6,1,2,0.0,0,0.0,0,0,1,0,5,0,1,0,0.0,0,0,0,5,0.0,0,2.4,0,0,0.0,0,0.0,0.9,68,57,0.1,10,0,0,0,0,1,9,0,0,0,0,0,0,0,0,0,10,0.19999999999999996,10,1.0,10,0,0,0,10,0,0,10,0,1,0,0,0,0,0,10,10,37,3466,3389,290,0,9,46,1.0,2900,0,23177,27,411,2900,30624
2025-07-10,argo,com.grab.sample.dummy,KMPDummyClass65,method7,1,2,0.0,0,0.0,0,0,1,0,5,0,1,0,0.0,0,0,0,5,0.0,0,2.4,0,0,0.0,0,0.0,0.9,68,57,0.1,10,0,0,0,0,1,9,0,0,0,0,0,0,0,0,0,10,0.19999999999999996,10,1.0,10,0,0,0,10,0,0,10,0,1,0,0,0,0,0,10,10,37,3466,3389,290,0,9,46,1.0,2900,0,23177,27,411,2900,30624
2025-07-10,argo,com.grab.sample.dummy,KMPDummyClass65,method8,1,2,0.0,0,0.0,0,0,1,0,5,0,1,0,0.0,0,0,0,5,0.0,0,2.4,0,0,0.0,0,0.0,0.9,68,57,0.1,10,0,0,0,0,1,9,0,0,0,0,0,0,0,0,0,10,0.19999999999999996,10,1.0,10,0,0,0,10,0,0,10,0,1,0,0,0,0,0,10,10,37,3466,3389,290,0,9,46,1.0,2900,0,23177,27,411,2900,30624
2025-07-10,argo,com.grab.sample.dummy,KMPDummyClass65,method9,1,2,0.0,0,0.0,0,0,1,0,5,0,1,0,0.0,0,0,0,5,0.0,0,2.4,0,0,0.0,0,0.0,0.9,68,57,0.1,10,0,0,0,0,1,9,0,0,0,0,0,0,0,0,0,10,0.19999999999999996,10,1.0,10,0,0,0,10,0,0,10,0,1,0,0,0,0,0,10,10,37,3466,3389,290,0,9,46,1.0,2900,0,23177,27,411,2900,30624
2025-07-10,argo,com.grab.sample.dummy,KMPDummyClass65,method10,1,2,0.0,0,0.0,0,0,1,0,5,0,1,0,0.0,0,0,0,5,0.0,0,2.4,0,0,0.0,0,0.0,0.9,68,57,0.1,10,0,0,0,0,1,9,0,0,0,0,0,0,0,0,0,10,0.19999999999999996,10,1.0,10,0,0,0,10,0,0,10,0,1,0,0,0,0,0,10,10,37,3466,3389,290,0,9,46,1.0,2900,0,23177,27,411,2900,30624
2025-07-10,argo,com.grab.sample.dummy,KMPDummyClass66,method1,1,0,9.0,0,0.0,0,0,1,0,12,0,1,10,0.0,10,0,9,1,0.0,1,2.0,0,9,0.0,0,0.0,0.9,68,57,0.1,10,0,0,0,0,1,9,0,0,0,0,0,0,0,0,0,10,0.19999999999999996,10,1.0,10,0,0,0,10,0,0,10,0,1,0,0,0,0,0,10,10,37,3466,3389,290,0,9,46,1.0,2900,0,23177,27,411,2900,30624
2025-07-10,argo,com.grab.sample.dummy,KMPDummyClass66,method2,1,2,0.0,0,0.0,0,0,1,0,5,0,1,0,0.0,0,0,0,5,0.0,0,2.4,0,0,0.0,0,0.0,0.9,68,57,0.1,10,0,0,0,0,1,9,0,0,0,0,0,0,0,0,0,10,0.19999999999999996,10,1.0,10,0,0,0,10,0,0,10,0,1,0,0,0,0,0,10,10,37,3466,3389,290,0,9,46,1.0,2900,0,23177,27,411,2900,30624
2025-07-10,argo,com.grab.sample.dummy,KMPDummyClass66,method3,1,2,0.0,0,0.0,0,0,1,0,5,0,1,0,0.0,0,0,0,5,0.0,0,2.4,0,0,0.0,0,0.0,0.9,68,57,0.1,10,0,0,0,0,1,9,0,0,0,0,0,0,0,0,0,10,0.19999999999999996,10,1.0,10,0,0,0,10,0,0,10,0,1,0,0,0,0,0,10,10,37,3466,3389,290,0,9,46,1.0,2900,0,23177,27,411,2900,30624
2025-07-10,argo,com.grab.sample.dummy,KMPDummyClass66,method4,1,2,0.0,0,0.0,0,0,1,0,5,0,1,0,0.0,0,0,0,5,0.0,0,2.4,0,0,0.0,0,0.0,0.9,68,57,0.1,10,0,0,0,0,1,9,0,0,0,0,0,0,0,0,0,10,0.19999999999999996,10,1.0,10,0,0,0,10,0,0,10,0,1,0,0,0,0,0,10,10,37,3466,3389,290,0,9,46,1.0,2900,0,23177,27,411,2900,30624
2025-07-10,argo,com.grab.sample.dummy,KMPDummyClass66,method5,1,2,0.0,0,0.0,0,0,1,0,5,0,1,0,0.0,0,0,0,5,0.0,0,2.4,0,0,0.0,0,0.0,0.9,68,57,0.1,10,0,0,0,0,1,9,0,0,0,0,0,0,0,0,0,10,0.19999999999999996,10,1.0,10,0,0,0,10,0,0,10,0,1,0,0,0,0,0,10,10,37,3466,3389,290,0,9,46,1.0,2900,0,23177,27,411,2900,30624
2025-07-10,argo,com.grab.sample.dummy,KMPDummyClass66,method6,1,2,0.0,0,0.0,0,0,1,0,5,0,1,0,0.0,0,0,0,5,0.0,0,2.4,0,0,0.0,0,0.0,0.9,68,57,0.1,10,0,0,0,0,1,9,0,0,0,0,0,0,0,0,0,10,0.19999999999999996,10,1.0,10,0,0,0,10,0,0,10,0,1,0,0,0,0,0,10,10,37,3466,3389,290,0,9,46,1.0,2900,0,23177,27,411,2900,30624
2025-07-10,argo,com.grab.sample.dummy,KMPDummyClass66,method7,1,2,0.0,0,0.0,0,0,1,0,5,0,1,0,0.0,0,0,0,5,0.0,0,2.4,0,0,0.0,0,0.0,0.9,68,57,0.1,10,0,0,0,0,1,9,0,0,0,0,0,0,0,0,0,10,0.19999999999999996,10,1.0,10,0,0,0,10,0,0,10,0,1,0,0,0,0,0,10,10,37,3466,3389,290,0,9,46,1.0,2900,0,23177,27,411,2900,30624
2025-07-10,argo,com.grab.sample.dummy,KMPDummyClass66,method8,1,2,0.0,0,0.0,0,0,1,0,5,0,1,0,0.0,0,0,0,5,0.0,0,2.4,0,0,0.0,0,0.0,0.9,68,57,0.1,10,0,0,0,0,1,9,0,0,0,0,0,0,0,0,0,10,0.19999999999999996,10,1.0,10,0,0,0,10,0,0,10,0,1,0,0,0,0,0,10,10,37,3466,3389,290,0,9,46,1.0,2900,0,23177,27,411,2900,30624
2025-07-10,argo,com.grab.sample.dummy,KMPDummyClass66,method9,1,2,0.0,0,0.0,0,0,1,0,5,0,1,0,0.0,0,0,0,5,0.0,0,2.4,0,0,0.0,0,0.0,0.9,68,57,0.1,10,0,0,0,0,1,9,0,0,0,0,0,0,0,0,0,10,0.19999999999999996,10,1.0,10,0,0,0,10,0,0,10,0,1,0,0,0,0,0,10,10,37,3466,3389,290,0,9,46,1.0,2900,0,23177,27,411,2900,30624
2025-07-10,argo,com.grab.sample.dummy,KMPDummyClass66,method10,1,2,0.0,0,0.0,0,0,1,0,5,0,1,0,0.0,0,0,0,5,0.0,0,2.4,0,0,0.0,0,0.0,0.9,68,57,0.1,10,0,0,0,0,1,9,0,0,0,0,0,0,0,0,0,10,0.19999999999999996,10,1.0,10,0,0,0,10,0,0,10,0,1,0,0,0,0,0,10,10,37,3466,3389,290,0,9,46,1.0,2900,0,23177,27,411,2900,30624
2025-07-10,argo,com.grab.sample.dummy,KMPDummyClass67,method1,1,0,9.0,0,0.0,0,0,1,0,12,0,1,10,0.0,10,0,9,1,0.0,1,2.0,0,9,0.0,0,0.0,0.9,68,57,0.1,10,0,0,0,0,1,9,0,0,0,0,0,0,0,0,0,10,0.19999999999999996,10,1.0,10,0,0,0,10,0,0,10,0,1,0,0,0,0,0,10,10,37,3466,3389,290,0,9,46,1.0,2900,0,23177,27,411,2900,30624
2025-07-10,argo,com.grab.sample.dummy,KMPDummyClass67,method2,1,2,0.0,0,0.0,0,0,1,0,5,0,1,0,0.0,0,0,0,5,0.0,0,2.4,0,0,0.0,0,0.0,0.9,68,57,0.1,10,0,0,0,0,1,9,0,0,0,0,0,0,0,0,0,10,0.19999999999999996,10,1.0,10,0,0,0,10,0,0,10,0,1,0,0,0,0,0,10,10,37,3466,3389,290,0,9,46,1.0,2900,0,23177,27,411,2900,30624
2025-07-10,argo,com.grab.sample.dummy,KMPDummyClass67,method3,1,2,0.0,0,0.0,0,0,1,0,5,0,1,0,0.0,0,0,0,5,0.0,0,2.4,0,0,0.0,0,0.0,0.9,68,57,0.1,10,0,0,0,0,1,9,0,0,0,0,0,0,0,0,0,10,0.19999999999999996,10,1.0,10,0,0,0,10,0,0,10,0,1,0,0,0,0,0,10,10,37,3466,3389,290,0,9,46,1.0,2900,0,23177,27,411,2900,30624
2025-07-10,argo,com.grab.sample.dummy,KMPDummyClass67,method4,1,2,0.0,0,0.0,0,0,1,0,5,0,1,0,0.0,0,0,0,5,0.0,0,2.4,0,0,0.0,0,0.0,0.9,68,57,0.1,10,0,0,0,0,1,9,0,0,0,0,0,0,0,0,0,10,0.19999999999999996,10,1.0,10,0,0,0,10,0,0,10,0,1,0,0,0,0,0,10,10,37,3466,3389,290,0,9,46,1.0,2900,0,23177,27,411,2900,30624
2025-07-10,argo,com.grab.sample.dummy,KMPDummyClass67,method5,1,2,0.0,0,0.0,0,0,1,0,5,0,1,0,0.0,0,0,0,5,0.0,0,2.4,0,0,0.0,0,0.0,0.9,68,57,0.1,10,0,0,0,0,1,9,0,0,0,0,0,0,0,0,0,10,0.19999999999999996,10,1.0,10,0,0,0,10,0,0,10,0,1,0,0,0,0,0,10,10,37,3466,3389,290,0,9,46,1.0,2900,0,23177,27,411,2900,30624
2025-07-10,argo,com.grab.sample.dummy,KMPDummyClass67,method6,1,2,0.0,0,0.0,0,0,1,0,5,0,1,0,0.0,0,0,0,5,0.0,0,2.4,0,0,0.0,0,0.0,0.9,68,57,0.1,10,0,0,0,0,1,9,0,0,0,0,0,0,0,0,0,10,0.19999999999999996,10,1.0,10,0,0,0,10,0,0,10,0,1,0,0,0,0,0,10,10,37,3466,3389,290,0,9,46,1.0,2900,0,23177,27,411,2900,30624
2025-07-10,argo,com.grab.sample.dummy,KMPDummyClass67,method7,1,2,0.0,0,0.0,0,0,1,0,5,0,1,0,0.0,0,0,0,5,0.0,0,2.4,0,0,0.0,0,0.0,0.9,68,57,0.1,10,0,0,0,0,1,9,0,0,0,0,0,0,0,0,0,10,0.19999999999999996,10,1.0,10,0,0,0,10,0,0,10,0,1,0,0,0,0,0,10,10,37,3466,3389,290,0,9,46,1.0,2900,0,23177,27,411,2900,30624
2025-07-10,argo,com.grab.sample.dummy,KMPDummyClass67,method8,1,2,0.0,0,0.0,0,0,1,0,5,0,1,0,0.0,0,0,0,5,0.0,0,2.4,0,0,0.0,0,0.0,0.9,68,57,0.1,10,0,0,0,0,1,9,0,0,0,0,0,0,0,0,0,10,0.19999999999999996,10,1.0,10,0,0,0,10,0,0,10,0,1,0,0,0,0,0,10,10,37,3466,3389,290,0,9,46,1.0,2900,0,23177,27,411,2900,30624
2025-07-10,argo,com.grab.sample.dummy,KMPDummyClass67,method9,1,2,0.0,0,0.0,0,0,1,0,5,0,1,0,0.0,0,0,0,5,0.0,0,2.4,0,0,0.0,0,0.0,0.9,68,57,0.1,10,0,0,0,0,1,9,0,0,0,0,0,0,0,0,0,10,0.19999999999999996,10,1.0,10,0,0,0,10,0,0,10,0,1,0,0,0,0,0,10,10,37,3466,3389,290,0,9,46,1.0,2900,0,23177,27,411,2900,30624
2025-07-10,argo,com.grab.sample.dummy,KMPDummyClass67,method10,1,2,0.0,0,0.0,0,0,1,0,5,0,1,0,0.0,0,0,0,5,0.0,0,2.4,0,0,0.0,0,0.0,0.9,68,57,0.1,10,0,0,0,0,1,9,0,0,0,0,0,0,0,0,0,10,0.19999999999999996,10,1.0,10,0,0,0,10,0,0,10,0,1,0,0,0,0,0,10,10,37,3466,3389,290,0,9,46,1.0,2900,0,23177,27,411,2900,30624
2025-07-10,argo,com.grab.sample.dummy,KMPDummyClass68,method1,1,0,9.0,0,0.0,0,0,1,0,12,0,1,10,0.0,10,0,9,1,0.0,1,2.0,0,9,0.0,0,0.0,0.9,68,57,0.1,10,0,0,0,0,1,9,0,0,0,0,0,0,0,0,0,10,0.19999999999999996,10,1.0,10,0,0,0,10,0,0,10,0,1,0,0,0,0,0,10,10,37,3466,3389,290,0,9,46,1.0,2900,0,23177,27,411,2900,30624
2025-07-10,argo,com.grab.sample.dummy,KMPDummyClass68,method2,1,2,0.0,0,0.0,0,0,1,0,5,0,1,0,0.0,0,0,0,5,0.0,0,2.4,0,0,0.0,0,0.0,0.9,68,57,0.1,10,0,0,0,0,1,9,0,0,0,0,0,0,0,0,0,10,0.19999999999999996,10,1.0,10,0,0,0,10,0,0,10,0,1,0,0,0,0,0,10,10,37,3466,3389,290,0,9,46,1.0,2900,0,23177,27,411,2900,30624
2025-07-10,argo,com.grab.sample.dummy,KMPDummyClass68,method3,1,2,0.0,0,0.0,0,0,1,0,5,0,1,0,0.0,0,0,0,5,0.0,0,2.4,0,0,0.0,0,0.0,0.9,68,57,0.1,10,0,0,0,0,1,9,0,0,0,0,0,0,0,0,0,10,0.19999999999999996,10,1.0,10,0,0,0,10,0,0,10,0,1,0,0,0,0,0,10,10,37,3466,3389,290,0,9,46,1.0,2900,0,23177,27,411,2900,30624
2025-07-10,argo,com.grab.sample.dummy,KMPDummyClass68,method4,1,2,0.0,0,0.0,0,0,1,0,5,0,1,0,0.0,0,0,0,5,0.0,0,2.4,0,0,0.0,0,0.0,0.9,68,57,0.1,10,0,0,0,0,1,9,0,0,0,0,0,0,0,0,0,10,0.19999999999999996,10,1.0,10,0,0,0,10,0,0,10,0,1,0,0,0,0,0,10,10,37,3466,3389,290,0,9,46,1.0,2900,0,23177,27,411,2900,30624
2025-07-10,argo,com.grab.sample.dummy,KMPDummyClass68,method5,1,2,0.0,0,0.0,0,0,1,0,5,0,1,0,0.0,0,0,0,5,0.0,0,2.4,0,0,0.0,0,0.0,0.9,68,57,0.1,10,0,0,0,0,1,9,0,0,0,0,0,0,0,0,0,10,0.19999999999999996,10,1.0,10,0,0,0,10,0,0,10,0,1,0,0,0,0,0,10,10,37,3466,3389,290,0,9,46,1.0,2900,0,23177,27,411,2900,30624
2025-07-10,argo,com.grab.sample.dummy,KMPDummyClass68,method6,1,2,0.0,0,0.0,0,0,1,0,5,0,1,0,0.0,0,0,0,5,0.0,0,2.4,0,0,0.0,0,0.0,0.9,68,57,0.1,10,0,0,0,0,1,9,0,0,0,0,0,0,0,0,0,10,0.19999999999999996,10,1.0,10,0,0,0,10,0,0,10,0,1,0,0,0,0,0,10,10,37,3466,3389,290,0,9,46,1.0,2900,0,23177,27,411,2900,30624
2025-07-10,argo,com.grab.sample.dummy,KMPDummyClass68,method7,1,2,0.0,0,0.0,0,0,1,0,5,0,1,0,0.0,0,0,0,5,0.0,0,2.4,0,0,0.0,0,0.0,0.9,68,57,0.1,10,0,0,0,0,1,9,0,0,0,0,0,0,0,0,0,10,0.19999999999999996,10,1.0,10,0,0,0,10,0,0,10,0,1,0,0,0,0,0,10,10,37,3466,3389,290,0,9,46,1.0,2900,0,23177,27,411,2900,30624
2025-07-10,argo,com.grab.sample.dummy,KMPDummyClass68,method8,1,2,0.0,0,0.0,0,0,1,0,5,0,1,0,0.0,0,0,0,5,0.0,0,2.4,0,0,0.0,0,0.0,0.9,68,57,0.1,10,0,0,0,0,1,9,0,0,0,0,0,0,0,0,0,10,0.19999999999999996,10,1.0,10,0,0,0,10,0,0,10,0,1,0,0,0,0,0,10,10,37,3466,3389,290,0,9,46,1.0,2900,0,23177,27,411,2900,30624
2025-07-10,argo,com.grab.sample.dummy,KMPDummyClass68,method9,1,2,0.0,0,0.0,0,0,1,0,5,0,1,0,0.0,0,0,0,5,0.0,0,2.4,0,0,0.0,0,0.0,0.9,68,57,0.1,10,0,0,0,0,1,9,0,0,0,0,0,0,0,0,0,10,0.19999999999999996,10,1.0,10,0,0,0,10,0,0,10,0,1,0,0,0,0,0,10,10,37,3466,3389,290,0,9,46,1.0,2900,0,23177,27,411,2900,30624
2025-07-10,argo,com.grab.sample.dummy,KMPDummyClass68,method10,1,2,0.0,0,0.0,0,0,1,0,5,0,1,0,0.0,0,0,0,5,0.0,0,2.4,0,0,0.0,0,0.0,0.9,68,57,0.1,10,0,0,0,0,1,9,0,0,0,0,0,0,0,0,0,10,0.19999999999999996,10,1.0,10,0,0,0,10,0,0,10,0,1,0,0,0,0,0,10,10,37,3466,3389,290,0,9,46,1.0,2900,0,23177,27,411,2900,30624
2025-07-10,argo,com.grab.sample.dummy,KMPDummyClass69,method1,1,0,9.0,0,0.0,0,0,1,0,12,0,1,10,0.0,10,0,9,1,0.0,1,2.0,0,9,0.0,0,0.0,0.9,68,57,0.1,10,0,0,0,0,1,9,0,0,0,0,0,0,0,0,0,10,0.19999999999999996,10,1.0,10,0,0,0,10,0,0,10,0,1,0,0,0,0,0,10,10,37,3466,3389,290,0,9,46,1.0,2900,0,23177,27,411,2900,30624
2025-07-10,argo,com.grab.sample.dummy,KMPDummyClass69,method2,1,2,0.0,0,0.0,0,0,1,0,5,0,1,0,0.0,0,0,0,5,0.0,0,2.4,0,0,0.0,0,0.0,0.9,68,57,0.1,10,0,0,0,0,1,9,0,0,0,0,0,0,0,0,0,10,0.19999999999999996,10,1.0,10,0,0,0,10,0,0,10,0,1,0,0,0,0,0,10,10,37,3466,3389,290,0,9,46,1.0,2900,0,23177,27,411,2900,30624
2025-07-10,argo,com.grab.sample.dummy,KMPDummyClass69,method3,1,2,0.0,0,0.0,0,0,1,0,5,0,1,0,0.0,0,0,0,5,0.0,0,2.4,0,0,0.0,0,0.0,0.9,68,57,0.1,10,0,0,0,0,1,9,0,0,0,0,0,0,0,0,0,10,0.19999999999999996,10,1.0,10,0,0,0,10,0,0,10,0,1,0,0,0,0,0,10,10,37,3466,3389,290,0,9,46,1.0,2900,0,23177,27,411,2900,30624
2025-07-10,argo,com.grab.sample.dummy,KMPDummyClass69,method4,1,2,0.0,0,0.0,0,0,1,0,5,0,1,0,0.0,0,0,0,5,0.0,0,2.4,0,0,0.0,0,0.0,0.9,68,57,0.1,10,0,0,0,0,1,9,0,0,0,0,0,0,0,0,0,10,0.19999999999999996,10,1.0,10,0,0,0,10,0,0,10,0,1,0,0,0,0,0,10,10,37,3466,3389,290,0,9,46,1.0,2900,0,23177,27,411,2900,30624
2025-07-10,argo,com.grab.sample.dummy,KMPDummyClass69,method5,1,2,0.0,0,0.0,0,0,1,0,5,0,1,0,0.0,0,0,0,5,0.0,0,2.4,0,0,0.0,0,0.0,0.9,68,57,0.1,10,0,0,0,0,1,9,0,0,0,0,0,0,0,0,0,10,0.19999999999999996,10,1.0,10,0,0,0,10,0,0,10,0,1,0,0,0,0,0,10,10,37,3466,3389,290,0,9,46,1.0,2900,0,23177,27,411,2900,30624
2025-07-10,argo,com.grab.sample.dummy,KMPDummyClass69,method6,1,2,0.0,0,0.0,0,0,1,0,5,0,1,0,0.0,0,0,0,5,0.0,0,2.4,0,0,0.0,0,0.0,0.9,68,57,0.1,10,0,0,0,0,1,9,0,0,0,0,0,0,0,0,0,10,0.19999999999999996,10,1.0,10,0,0,0,10,0,0,10,0,1,0,0,0,0,0,10,10,37,3466,3389,290,0,9,46,1.0,2900,0,23177,27,411,2900,30624
2025-07-10,argo,com.grab.sample.dummy,KMPDummyClass69,method7,1,2,0.0,0,0.0,0,0,1,0,5,0,1,0,0.0,0,0,0,5,0.0,0,2.4,0,0,0.0,0,0.0,0.9,68,57,0.1,10,0,0,0,0,1,9,0,0,0,0,0,0,0,0,0,10,0.19999999999999996,10,1.0,10,0,0,0,10,0,0,10,0,1,0,0,0,0,0,10,10,37,3466,3389,290,0,9,46,1.0,2900,0,23177,27,411,2900,30624
2025-07-10,argo,com.grab.sample.dummy,KMPDummyClass69,method8,1,2,0.0,0,0.0,0,0,1,0,5,0,1,0,0.0,0,0,0,5,0.0,0,2.4,0,0,0.0,0,0.0,0.9,68,57,0.1,10,0,0,0,0,1,9,0,0,0,0,0,0,0,0,0,10,0.19999999999999996,10,1.0,10,0,0,0,10,0,0,10,0,1,0,0,0,0,0,10,10,37,3466,3389,290,0,9,46,1.0,2900,0,23177,27,411,2900,30624
2025-07-10,argo,com.grab.sample.dummy,KMPDummyClass69,method9,1,2,0.0,0,0.0,0,0,1,0,5,0,1,0,0.0,0,0,0,5,0.0,0,2.4,0,0,0.0,0,0.0,0.9,68,57,0.1,10,0,0,0,0,1,9,0,0,0,0,0,0,0,0,0,10,0.19999999999999996,10,1.0,10,0,0,0,10,0,0,10,0,1,0,0,0,0,0,10,10,37,3466,3389,290,0,9,46,1.0,2900,0,23177,27,411,2900,30624
2025-07-10,argo,com.grab.sample.dummy,KMPDummyClass69,method10,1,2,0.0,0,0.0,0,0,1,0,5,0,1,0,0.0,0,0,0,5,0.0,0,2.4,0,0,0.0,0,0.0,0.9,68,57,0.1,10,0,0,0,0,1,9,0,0,0,0,0,0,0,0,0,10,0.19999999999999996,10,1.0,10,0,0,0,10,0,0,10,0,1,0,0,0,0,0,10,10,37,3466,3389,290,0,9,46,1.0,2900,0,23177,27,411,2900,30624
2025-07-10,argo,com.grab.sample.dummy,KMPDummyClass7,method1,1,0,9.0,0,0.0,0,0,1,0,12,0,1,10,0.0,10,0,9,1,0.0,1,2.0,0,9,0.0,0,0.0,0.9,68,57,0.1,10,0,0,0,0,1,9,0,0,0,0,0,0,0,0,0,10,0.19999999999999996,10,1.0,10,0,0,0,10,0,0,10,0,1,0,0,0,0,0,10,10,37,3466,3389,290,0,9,46,1.0,2900,0,23177,27,411,2900,30624
2025-07-10,argo,com.grab.sample.dummy,KMPDummyClass7,method2,1,2,0.0,0,0.0,0,0,1,0,5,0,1,0,0.0,0,0,0,5,0.0,0,2.4,0,0,0.0,0,0.0,0.9,68,57,0.1,10,0,0,0,0,1,9,0,0,0,0,0,0,0,0,0,10,0.19999999999999996,10,1.0,10,0,0,0,10,0,0,10,0,1,0,0,0,0,0,10,10,37,3466,3389,290,0,9,46,1.0,2900,0,23177,27,411,2900,30624
2025-07-10,argo,com.grab.sample.dummy,KMPDummyClass7,method3,1,2,0.0,0,0.0,0,0,1,0,5,0,1,0,0.0,0,0,0,5,0.0,0,2.4,0,0,0.0,0,0.0,0.9,68,57,0.1,10,0,0,0,0,1,9,0,0,0,0,0,0,0,0,0,10,0.19999999999999996,10,1.0,10,0,0,0,10,0,0,10,0,1,0,0,0,0,0,10,10,37,3466,3389,290,0,9,46,1.0,2900,0,23177,27,411,2900,30624
2025-07-10,argo,com.grab.sample.dummy,KMPDummyClass7,method4,1,2,0.0,0,0.0,0,0,1,0,5,0,1,0,0.0,0,0,0,5,0.0,0,2.4,0,0,0.0,0,0.0,0.9,68,57,0.1,10,0,0,0,0,1,9,0,0,0,0,0,0,0,0,0,10,0.19999999999999996,10,1.0,10,0,0,0,10,0,0,10,0,1,0,0,0,0,0,10,10,37,3466,3389,290,0,9,46,1.0,2900,0,23177,27,411,2900,30624
2025-07-10,argo,com.grab.sample.dummy,KMPDummyClass7,method5,1,2,0.0,0,0.0,0,0,1,0,5,0,1,0,0.0,0,0,0,5,0.0,0,2.4,0,0,0.0,0,0.0,0.9,68,57,0.1,10,0,0,0,0,1,9,0,0,0,0,0,0,0,0,0,10,0.19999999999999996,10,1.0,10,0,0,0,10,0,0,10,0,1,0,0,0,0,0,10,10,37,3466,3389,290,0,9,46,1.0,2900,0,23177,27,411,2900,30624
2025-07-10,argo,com.grab.sample.dummy,KMPDummyClass7,method6,1,2,0.0,0,0.0,0,0,1,0,5,0,1,0,0.0,0,0,0,5,0.0,0,2.4,0,0,0.0,0,0.0,0.9,68,57,0.1,10,0,0,0,0,1,9,0,0,0,0,0,0,0,0,0,10,0.19999999999999996,10,1.0,10,0,0,0,10,0,0,10,0,1,0,0,0,0,0,10,10,37,3466,3389,290,0,9,46,1.0,2900,0,23177,27,411,2900,30624
2025-07-10,argo,com.grab.sample.dummy,KMPDummyClass7,method7,1,2,0.0,0,0.0,0,0,1,0,5,0,1,0,0.0,0,0,0,5,0.0,0,2.4,0,0,0.0,0,0.0,0.9,68,57,0.1,10,0,0,0,0,1,9,0,0,0,0,0,0,0,0,0,10,0.19999999999999996,10,1.0,10,0,0,0,10,0,0,10,0,1,0,0,0,0,0,10,10,37,3466,3389,290,0,9,46,1.0,2900,0,23177,27,411,2900,30624
2025-07-10,argo,com.grab.sample.dummy,KMPDummyClass7,method8,1,2,0.0,0,0.0,0,0,1,0,5,0,1,0,0.0,0,0,0,5,0.0,0,2.4,0,0,0.0,0,0.0,0.9,68,57,0.1,10,0,0,0,0,1,9,0,0,0,0,0,0,0,0,0,10,0.19999999999999996,10,1.0,10,0,0,0,10,0,0,10,0,1,0,0,0,0,0,10,10,37,3466,3389,290,0,9,46,1.0,2900,0,23177,27,411,2900,30624
2025-07-10,argo,com.grab.sample.dummy,KMPDummyClass7,method9,1,2,0.0,0,0.0,0,0,1,0,5,0,1,0,0.0,0,0,0,5,0.0,0,2.4,0,0,0.0,0,0.0,0.9,68,57,0.1,10,0,0,0,0,1,9,0,0,0,0,0,0,0,0,0,10,0.19999999999999996,10,1.0,10,0,0,0,10,0,0,10,0,1,0,0,0,0,0,10,10,37,3466,3389,290,0,9,46,1.0,2900,0,23177,27,411,2900,30624
2025-07-10,argo,com.grab.sample.dummy,KMPDummyClass7,method10,1,2,0.0,0,0.0,0,0,1,0,5,0,1,0,0.0,0,0,0,5,0.0,0,2.4,0,0,0.0,0,0.0,0.9,68,57,0.1,10,0,0,0,0,1,9,0,0,0,0,0,0,0,0,0,10,0.19999999999999996,10,1.0,10,0,0,0,10,0,0,10,0,1,0,0,0,0,0,10,10,37,3466,3389,290,0,9,46,1.0,2900,0,23177,27,411,2900,30624
2025-07-10,argo,com.grab.sample.dummy,KMPDummyClass70,method1,1,0,9.0,0,0.0,0,0,1,0,12,0,1,10,0.0,10,0,9,1,0.0,1,2.0,0,9,0.0,0,0.0,0.9,68,57,0.1,10,0,0,0,0,1,9,0,0,0,0,0,0,0,0,0,10,0.19999999999999996,10,1.0,10,0,0,0,10,0,0,10,0,1,0,0,0,0,0,10,10,37,3466,3389,290,0,9,46,1.0,2900,0,23177,27,411,2900,30624
2025-07-10,argo,com.grab.sample.dummy,KMPDummyClass70,method2,1,2,0.0,0,0.0,0,0,1,0,5,0,1,0,0.0,0,0,0,5,0.0,0,2.4,0,0,0.0,0,0.0,0.9,68,57,0.1,10,0,0,0,0,1,9,0,0,0,0,0,0,0,0,0,10,0.19999999999999996,10,1.0,10,0,0,0,10,0,0,10,0,1,0,0,0,0,0,10,10,37,3466,3389,290,0,9,46,1.0,2900,0,23177,27,411,2900,30624
2025-07-10,argo,com.grab.sample.dummy,KMPDummyClass70,method3,1,2,0.0,0,0.0,0,0,1,0,5,0,1,0,0.0,0,0,0,5,0.0,0,2.4,0,0,0.0,0,0.0,0.9,68,57,0.1,10,0,0,0,0,1,9,0,0,0,0,0,0,0,0,0,10,0.19999999999999996,10,1.0,10,0,0,0,10,0,0,10,0,1,0,0,0,0,0,10,10,37,3466,3389,290,0,9,46,1.0,2900,0,23177,27,411,2900,30624
2025-07-10,argo,com.grab.sample.dummy,KMPDummyClass70,method4,1,2,0.0,0,0.0,0,0,1,0,5,0,1,0,0.0,0,0,0,5,0.0,0,2.4,0,0,0.0,0,0.0,0.9,68,57,0.1,10,0,0,0,0,1,9,0,0,0,0,0,0,0,0,0,10,0.19999999999999996,10,1.0,10,0,0,0,10,0,0,10,0,1,0,0,0,0,0,10,10,37,3466,3389,290,0,9,46,1.0,2900,0,23177,27,411,2900,30624
2025-07-10,argo,com.grab.sample.dummy,KMPDummyClass70,method5,1,2,0.0,0,0.0,0,0,1,0,5,0,1,0,0.0,0,0,0,5,0.0,0,2.4,0,0,0.0,0,0.0,0.9,68,57,0.1,10,0,0,0,0,1,9,0,0,0,0,0,0,0,0,0,10,0.19999999999999996,10,1.0,10,0,0,0,10,0,0,10,0,1,0,0,0,0,0,10,10,37,3466,3389,290,0,9,46,1.0,2900,0,23177,27,411,2900,30624
2025-07-10,argo,com.grab.sample.dummy,KMPDummyClass70,method6,1,2,0.0,0,0.0,0,0,1,0,5,0,1,0,0.0,0,0,0,5,0.0,0,2.4,0,0,0.0,0,0.0,0.9,68,57,0.1,10,0,0,0,0,1,9,0,0,0,0,0,0,0,0,0,10,0.19999999999999996,10,1.0,10,0,0,0,10,0,0,10,0,1,0,0,0,0,0,10,10,37,3466,3389,290,0,9,46,1.0,2900,0,23177,27,411,2900,30624
2025-07-10,argo,com.grab.sample.dummy,KMPDummyClass70,method7,1,2,0.0,0,0.0,0,0,1,0,5,0,1,0,0.0,0,0,0,5,0.0,0,2.4,0,0,0.0,0,0.0,0.9,68,57,0.1,10,0,0,0,0,1,9,0,0,0,0,0,0,0,0,0,10,0.19999999999999996,10,1.0,10,0,0,0,10,0,0,10,0,1,0,0,0,0,0,10,10,37,3466,3389,290,0,9,46,1.0,2900,0,23177,27,411,2900,30624
2025-07-10,argo,com.grab.sample.dummy,KMPDummyClass70,method8,1,2,0.0,0,0.0,0,0,1,0,5,0,1,0,0.0,0,0,0,5,0.0,0,2.4,0,0,0.0,0,0.0,0.9,68,57,0.1,10,0,0,0,0,1,9,0,0,0,0,0,0,0,0,0,10,0.19999999999999996,10,1.0,10,0,0,0,10,0,0,10,0,1,0,0,0,0,0,10,10,37,3466,3389,290,0,9,46,1.0,2900,0,23177,27,411,2900,30624
2025-07-10,argo,com.grab.sample.dummy,KMPDummyClass70,method9,1,2,0.0,0,0.0,0,0,1,0,5,0,1,0,0.0,0,0,0,5,0.0,0,2.4,0,0,0.0,0,0.0,0.9,68,57,0.1,10,0,0,0,0,1,9,0,0,0,0,0,0,0,0,0,10,0.19999999999999996,10,1.0,10,0,0,0,10,0,0,10,0,1,0,0,0,0,0,10,10,37,3466,3389,290,0,9,46,1.0,2900,0,23177,27,411,2900,30624
2025-07-10,argo,com.grab.sample.dummy,KMPDummyClass70,method10,1,2,0.0,0,0.0,0,0,1,0,5,0,1,0,0.0,0,0,0,5,0.0,0,2.4,0,0,0.0,0,0.0,0.9,68,57,0.1,10,0,0,0,0,1,9,0,0,0,0,0,0,0,0,0,10,0.19999999999999996,10,1.0,10,0,0,0,10,0,0,10,0,1,0,0,0,0,0,10,10,37,3466,3389,290,0,9,46,1.0,2900,0,23177,27,411,2900,30624
2025-07-10,argo,com.grab.sample.dummy,KMPDummyClass71,method1,1,0,9.0,0,0.0,0,0,1,0,12,0,1,10,0.0,10,0,9,1,0.0,1,2.0,0,9,0.0,0,0.0,0.9,68,57,0.1,10,0,0,0,0,1,9,0,0,0,0,0,0,0,0,0,10,0.19999999999999996,10,1.0,10,0,0,0,10,0,0,10,0,1,0,0,0,0,0,10,10,37,3466,3389,290,0,9,46,1.0,2900,0,23177,27,411,2900,30624
2025-07-10,argo,com.grab.sample.dummy,KMPDummyClass71,method2,1,2,0.0,0,0.0,0,0,1,0,5,0,1,0,0.0,0,0,0,5,0.0,0,2.4,0,0,0.0,0,0.0,0.9,68,57,0.1,10,0,0,0,0,1,9,0,0,0,0,0,0,0,0,0,10,0.19999999999999996,10,1.0,10,0,0,0,10,0,0,10,0,1,0,0,0,0,0,10,10,37,3466,3389,290,0,9,46,1.0,2900,0,23177,27,411,2900,30624
2025-07-10,argo,com.grab.sample.dummy,KMPDummyClass71,method3,1,2,0.0,0,0.0,0,0,1,0,5,0,1,0,0.0,0,0,0,5,0.0,0,2.4,0,0,0.0,0,0.0,0.9,68,57,0.1,10,0,0,0,0,1,9,0,0,0,0,0,0,0,0,0,10,0.19999999999999996,10,1.0,10,0,0,0,10,0,0,10,0,1,0,0,0,0,0,10,10,37,3466,3389,290,0,9,46,1.0,2900,0,23177,27,411,2900,30624
2025-07-10,argo,com.grab.sample.dummy,KMPDummyClass71,method4,1,2,0.0,0,0.0,0,0,1,0,5,0,1,0,0.0,0,0,0,5,0.0,0,2.4,0,0,0.0,0,0.0,0.9,68,57,0.1,10,0,0,0,0,1,9,0,0,0,0,0,0,0,0,0,10,0.19999999999999996,10,1.0,10,0,0,0,10,0,0,10,0,1,0,0,0,0,0,10,10,37,3466,3389,290,0,9,46,1.0,2900,0,23177,27,411,2900,30624
2025-07-10,argo,com.grab.sample.dummy,KMPDummyClass71,method5,1,2,0.0,0,0.0,0,0,1,0,5,0,1,0,0.0,0,0,0,5,0.0,0,2.4,0,0,0.0,0,0.0,0.9,68,57,0.1,10,0,0,0,0,1,9,0,0,0,0,0,0,0,0,0,10,0.19999999999999996,10,1.0,10,0,0,0,10,0,0,10,0,1,0,0,0,0,0,10,10,37,3466,3389,290,0,9,46,1.0,2900,0,23177,27,411,2900,30624
2025-07-10,argo,com.grab.sample.dummy,KMPDummyClass71,method6,1,2,0.0,0,0.0,0,0,1,0,5,0,1,0,0.0,0,0,0,5,0.0,0,2.4,0,0,0.0,0,0.0,0.9,68,57,0.1,10,0,0,0,0,1,9,0,0,0,0,0,0,0,0,0,10,0.19999999999999996,10,1.0,10,0,0,0,10,0,0,10,0,1,0,0,0,0,0,10,10,37,3466,3389,290,0,9,46,1.0,2900,0,23177,27,411,2900,30624
2025-07-10,argo,com.grab.sample.dummy,KMPDummyClass71,method7,1,2,0.0,0,0.0,0,0,1,0,5,0,1,0,0.0,0,0,0,5,0.0,0,2.4,0,0,0.0,0,0.0,0.9,68,57,0.1,10,0,0,0,0,1,9,0,0,0,0,0,0,0,0,0,10,0.19999999999999996,10,1.0,10,0,0,0,10,0,0,10,0,1,0,0,0,0,0,10,10,37,3466,3389,290,0,9,46,1.0,2900,0,23177,27,411,2900,30624
2025-07-10,argo,com.grab.sample.dummy,KMPDummyClass71,method8,1,2,0.0,0,0.0,0,0,1,0,5,0,1,0,0.0,0,0,0,5,0.0,0,2.4,0,0,0.0,0,0.0,0.9,68,57,0.1,10,0,0,0,0,1,9,0,0,0,0,0,0,0,0,0,10,0.19999999999999996,10,1.0,10,0,0,0,10,0,0,10,0,1,0,0,0,0,0,10,10,37,3466,3389,290,0,9,46,1.0,2900,0,23177,27,411,2900,30624
2025-07-10,argo,com.grab.sample.dummy,KMPDummyClass71,method9,1,2,0.0,0,0.0,0,0,1,0,5,0,1,0,0.0,0,0,0,5,0.0,0,2.4,0,0,0.0,0,0.0,0.9,68,57,0.1,10,0,0,0,0,1,9,0,0,0,0,0,0,0,0,0,10,0.19999999999999996,10,1.0,10,0,0,0,10,0,0,10,0,1,0,0,0,0,0,10,10,37,3466,3389,290,0,9,46,1.0,2900,0,23177,27,411,2900,30624
2025-07-10,argo,com.grab.sample.dummy,KMPDummyClass71,method10,1,2,0.0,0,0.0,0,0,1,0,5,0,1,0,0.0,0,0,0,5,0.0,0,2.4,0,0,0.0,0,0.0,0.9,68,57,0.1,10,0,0,0,0,1,9,0,0,0,0,0,0,0,0,0,10,0.19999999999999996,10,1.0,10,0,0,0,10,0,0,10,0,1,0,0,0,0,0,10,10,37,3466,3389,290,0,9,46,1.0,2900,0,23177,27,411,2900,30624
2025-07-10,argo,com.grab.sample.dummy,KMPDummyClass72,method1,1,0,9.0,0,0.0,0,0,1,0,12,0,1,10,0.0,10,0,9,1,0.0,1,2.0,0,9,0.0,0,0.0,0.9,68,57,0.1,10,0,0,0,0,1,9,0,0,0,0,0,0,0,0,0,10,0.19999999999999996,10,1.0,10,0,0,0,10,0,0,10,0,1,0,0,0,0,0,10,10,37,3466,3389,290,0,9,46,1.0,2900,0,23177,27,411,2900,30624
2025-07-10,argo,com.grab.sample.dummy,KMPDummyClass72,method2,1,2,0.0,0,0.0,0,0,1,0,5,0,1,0,0.0,0,0,0,5,0.0,0,2.4,0,0,0.0,0,0.0,0.9,68,57,0.1,10,0,0,0,0,1,9,0,0,0,0,0,0,0,0,0,10,0.19999999999999996,10,1.0,10,0,0,0,10,0,0,10,0,1,0,0,0,0,0,10,10,37,3466,3389,290,0,9,46,1.0,2900,0,23177,27,411,2900,30624
2025-07-10,argo,com.grab.sample.dummy,KMPDummyClass72,method3,1,2,0.0,0,0.0,0,0,1,0,5,0,1,0,0.0,0,0,0,5,0.0,0,2.4,0,0,0.0,0,0.0,0.9,68,57,0.1,10,0,0,0,0,1,9,0,0,0,0,0,0,0,0,0,10,0.19999999999999996,10,1.0,10,0,0,0,10,0,0,10,0,1,0,0,0,0,0,10,10,37,3466,3389,290,0,9,46,1.0,2900,0,23177,27,411,2900,30624
2025-07-10,argo,com.grab.sample.dummy,KMPDummyClass72,method4,1,2,0.0,0,0.0,0,0,1,0,5,0,1,0,0.0,0,0,0,5,0.0,0,2.4,0,0,0.0,0,0.0,0.9,68,57,0.1,10,0,0,0,0,1,9,0,0,0,0,0,0,0,0,0,10,0.19999999999999996,10,1.0,10,0,0,0,10,0,0,10,0,1,0,0,0,0,0,10,10,37,3466,3389,290,0,9,46,1.0,2900,0,23177,27,411,2900,30624
2025-07-10,argo,com.grab.sample.dummy,KMPDummyClass72,method5,1,2,0.0,0,0.0,0,0,1,0,5,0,1,0,0.0,0,0,0,5,0.0,0,2.4,0,0,0.0,0,0.0,0.9,68,57,0.1,10,0,0,0,0,1,9,0,0,0,0,0,0,0,0,0,10,0.19999999999999996,10,1.0,10,0,0,0,10,0,0,10,0,1,0,0,0,0,0,10,10,37,3466,3389,290,0,9,46,1.0,2900,0,23177,27,411,2900,30624
2025-07-10,argo,com.grab.sample.dummy,KMPDummyClass72,method6,1,2,0.0,0,0.0,0,0,1,0,5,0,1,0,0.0,0,0,0,5,0.0,0,2.4,0,0,0.0,0,0.0,0.9,68,57,0.1,10,0,0,0,0,1,9,0,0,0,0,0,0,0,0,0,10,0.19999999999999996,10,1.0,10,0,0,0,10,0,0,10,0,1,0,0,0,0,0,10,10,37,3466,3389,290,0,9,46,1.0,2900,0,23177,27,411,2900,30624
2025-07-10,argo,com.grab.sample.dummy,KMPDummyClass72,method7,1,2,0.0,0,0.0,0,0,1,0,5,0,1,0,0.0,0,0,0,5,0.0,0,2.4,0,0,0.0,0,0.0,0.9,68,57,0.1,10,0,0,0,0,1,9,0,0,0,0,0,0,0,0,0,10,0.19999999999999996,10,1.0,10,0,0,0,10,0,0,10,0,1,0,0,0,0,0,10,10,37,3466,3389,290,0,9,46,1.0,2900,0,23177,27,411,2900,30624
2025-07-10,argo,com.grab.sample.dummy,KMPDummyClass72,method8,1,2,0.0,0,0.0,0,0,1,0,5,0,1,0,0.0,0,0,0,5,0.0,0,2.4,0,0,0.0,0,0.0,0.9,68,57,0.1,10,0,0,0,0,1,9,0,0,0,0,0,0,0,0,0,10,0.19999999999999996,10,1.0,10,0,0,0,10,0,0,10,0,1,0,0,0,0,0,10,10,37,3466,3389,290,0,9,46,1.0,2900,0,23177,27,411,2900,30624
2025-07-10,argo,com.grab.sample.dummy,KMPDummyClass72,method9,1,2,0.0,0,0.0,0,0,1,0,5,0,1,0,0.0,0,0,0,5,0.0,0,2.4,0,0,0.0,0,0.0,0.9,68,57,0.1,10,0,0,0,0,1,9,0,0,0,0,0,0,0,0,0,10,0.19999999999999996,10,1.0,10,0,0,0,10,0,0,10,0,1,0,0,0,0,0,10,10,37,3466,3389,290,0,9,46,1.0,2900,0,23177,27,411,2900,30624
2025-07-10,argo,com.grab.sample.dummy,KMPDummyClass72,method10,1,2,0.0,0,0.0,0,0,1,0,5,0,1,0,0.0,0,0,0,5,0.0,0,2.4,0,0,0.0,0,0.0,0.9,68,57,0.1,10,0,0,0,0,1,9,0,0,0,0,0,0,0,0,0,10,0.19999999999999996,10,1.0,10,0,0,0,10,0,0,10,0,1,0,0,0,0,0,10,10,37,3466,3389,290,0,9,46,1.0,2900,0,23177,27,411,2900,30624
2025-07-10,argo,com.grab.sample.dummy,KMPDummyClass73,method1,1,0,9.0,0,0.0,0,0,1,0,12,0,1,10,0.0,10,0,9,1,0.0,1,2.0,0,9,0.0,0,0.0,0.9,68,57,0.1,10,0,0,0,0,1,9,0,0,0,0,0,0,0,0,0,10,0.19999999999999996,10,1.0,10,0,0,0,10,0,0,10,0,1,0,0,0,0,0,10,10,37,3466,3389,290,0,9,46,1.0,2900,0,23177,27,411,2900,30624
2025-07-10,argo,com.grab.sample.dummy,KMPDummyClass73,method2,1,2,0.0,0,0.0,0,0,1,0,5,0,1,0,0.0,0,0,0,5,0.0,0,2.4,0,0,0.0,0,0.0,0.9,68,57,0.1,10,0,0,0,0,1,9,0,0,0,0,0,0,0,0,0,10,0.19999999999999996,10,1.0,10,0,0,0,10,0,0,10,0,1,0,0,0,0,0,10,10,37,3466,3389,290,0,9,46,1.0,2900,0,23177,27,411,2900,30624
2025-07-10,argo,com.grab.sample.dummy,KMPDummyClass73,method3,1,2,0.0,0,0.0,0,0,1,0,5,0,1,0,0.0,0,0,0,5,0.0,0,2.4,0,0,0.0,0,0.0,0.9,68,57,0.1,10,0,0,0,0,1,9,0,0,0,0,0,0,0,0,0,10,0.19999999999999996,10,1.0,10,0,0,0,10,0,0,10,0,1,0,0,0,0,0,10,10,37,3466,3389,290,0,9,46,1.0,2900,0,23177,27,411,2900,30624
2025-07-10,argo,com.grab.sample.dummy,KMPDummyClass73,method4,1,2,0.0,0,0.0,0,0,1,0,5,0,1,0,0.0,0,0,0,5,0.0,0,2.4,0,0,0.0,0,0.0,0.9,68,57,0.1,10,0,0,0,0,1,9,0,0,0,0,0,0,0,0,0,10,0.19999999999999996,10,1.0,10,0,0,0,10,0,0,10,0,1,0,0,0,0,0,10,10,37,3466,3389,290,0,9,46,1.0,2900,0,23177,27,411,2900,30624
2025-07-10,argo,com.grab.sample.dummy,KMPDummyClass73,method5,1,2,0.0,0,0.0,0,0,1,0,5,0,1,0,0.0,0,0,0,5,0.0,0,2.4,0,0,0.0,0,0.0,0.9,68,57,0.1,10,0,0,0,0,1,9,0,0,0,0,0,0,0,0,0,10,0.19999999999999996,10,1.0,10,0,0,0,10,0,0,10,0,1,0,0,0,0,0,10,10,37,3466,3389,290,0,9,46,1.0,2900,0,23177,27,411,2900,30624
2025-07-10,argo,com.grab.sample.dummy,KMPDummyClass73,method6,1,2,0.0,0,0.0,0,0,1,0,5,0,1,0,0.0,0,0,0,5,0.0,0,2.4,0,0,0.0,0,0.0,0.9,68,57,0.1,10,0,0,0,0,1,9,0,0,0,0,0,0,0,0,0,10,0.19999999999999996,10,1.0,10,0,0,0,10,0,0,10,0,1,0,0,0,0,0,10,10,37,3466,3389,290,0,9,46,1.0,2900,0,23177,27,411,2900,30624
2025-07-10,argo,com.grab.sample.dummy,KMPDummyClass73,method7,1,2,0.0,0,0.0,0,0,1,0,5,0,1,0,0.0,0,0,0,5,0.0,0,2.4,0,0,0.0,0,0.0,0.9,68,57,0.1,10,0,0,0,0,1,9,0,0,0,0,0,0,0,0,0,10,0.19999999999999996,10,1.0,10,0,0,0,10,0,0,10,0,1,0,0,0,0,0,10,10,37,3466,3389,290,0,9,46,1.0,2900,0,23177,27,411,2900,30624
2025-07-10,argo,com.grab.sample.dummy,KMPDummyClass73,method8,1,2,0.0,0,0.0,0,0,1,0,5,0,1,0,0.0,0,0,0,5,0.0,0,2.4,0,0,0.0,0,0.0,0.9,68,57,0.1,10,0,0,0,0,1,9,0,0,0,0,0,0,0,0,0,10,0.19999999999999996,10,1.0,10,0,0,0,10,0,0,10,0,1,0,0,0,0,0,10,10,37,3466,3389,290,0,9,46,1.0,2900,0,23177,27,411,2900,30624
2025-07-10,argo,com.grab.sample.dummy,KMPDummyClass73,method9,1,2,0.0,0,0.0,0,0,1,0,5,0,1,0,0.0,0,0,0,5,0.0,0,2.4,0,0,0.0,0,0.0,0.9,68,57,0.1,10,0,0,0,0,1,9,0,0,0,0,0,0,0,0,0,10,0.19999999999999996,10,1.0,10,0,0,0,10,0,0,10,0,1,0,0,0,0,0,10,10,37,3466,3389,290,0,9,46,1.0,2900,0,23177,27,411,2900,30624
2025-07-10,argo,com.grab.sample.dummy,KMPDummyClass73,method10,1,2,0.0,0,0.0,0,0,1,0,5,0,1,0,0.0,0,0,0,5,0.0,0,2.4,0,0,0.0,0,0.0,0.9,68,57,0.1,10,0,0,0,0,1,9,0,0,0,0,0,0,0,0,0,10,0.19999999999999996,10,1.0,10,0,0,0,10,0,0,10,0,1,0,0,0,0,0,10,10,37,3466,3389,290,0,9,46,1.0,2900,0,23177,27,411,2900,30624
2025-07-10,argo,com.grab.sample.dummy,KMPDummyClass74,method1,1,0,9.0,0,0.0,0,0,1,0,12,0,1,10,0.0,10,0,9,1,0.0,1,2.0,0,9,0.0,0,0.0,0.9,68,57,0.1,10,0,0,0,0,1,9,0,0,0,0,0,0,0,0,0,10,0.19999999999999996,10,1.0,10,0,0,0,10,0,0,10,0,1,0,0,0,0,0,10,10,37,3466,3389,290,0,9,46,1.0,2900,0,23177,27,411,2900,30624
2025-07-10,argo,com.grab.sample.dummy,KMPDummyClass74,method2,1,2,0.0,0,0.0,0,0,1,0,5,0,1,0,0.0,0,0,0,5,0.0,0,2.4,0,0,0.0,0,0.0,0.9,68,57,0.1,10,0,0,0,0,1,9,0,0,0,0,0,0,0,0,0,10,0.19999999999999996,10,1.0,10,0,0,0,10,0,0,10,0,1,0,0,0,0,0,10,10,37,3466,3389,290,0,9,46,1.0,2900,0,23177,27,411,2900,30624
2025-07-10,argo,com.grab.sample.dummy,KMPDummyClass74,method3,1,2,0.0,0,0.0,0,0,1,0,5,0,1,0,0.0,0,0,0,5,0.0,0,2.4,0,0,0.0,0,0.0,0.9,68,57,0.1,10,0,0,0,0,1,9,0,0,0,0,0,0,0,0,0,10,0.19999999999999996,10,1.0,10,0,0,0,10,0,0,10,0,1,0,0,0,0,0,10,10,37,3466,3389,290,0,9,46,1.0,2900,0,23177,27,411,2900,30624
2025-07-10,argo,com.grab.sample.dummy,KMPDummyClass74,method4,1,2,0.0,0,0.0,0,0,1,0,5,0,1,0,0.0,0,0,0,5,0.0,0,2.4,0,0,0.0,0,0.0,0.9,68,57,0.1,10,0,0,0,0,1,9,0,0,0,0,0,0,0,0,0,10,0.19999999999999996,10,1.0,10,0,0,0,10,0,0,10,0,1,0,0,0,0,0,10,10,37,3466,3389,290,0,9,46,1.0,2900,0,23177,27,411,2900,30624
2025-07-10,argo,com.grab.sample.dummy,KMPDummyClass74,method5,1,2,0.0,0,0.0,0,0,1,0,5,0,1,0,0.0,0,0,0,5,0.0,0,2.4,0,0,0.0,0,0.0,0.9,68,57,0.1,10,0,0,0,0,1,9,0,0,0,0,0,0,0,0,0,10,0.19999999999999996,10,1.0,10,0,0,0,10,0,0,10,0,1,0,0,0,0,0,10,10,37,3466,3389,290,0,9,46,1.0,2900,0,23177,27,411,2900,30624
2025-07-10,argo,com.grab.sample.dummy,KMPDummyClass74,method6,1,2,0.0,0,0.0,0,0,1,0,5,0,1,0,0.0,0,0,0,5,0.0,0,2.4,0,0,0.0,0,0.0,0.9,68,57,0.1,10,0,0,0,0,1,9,0,0,0,0,0,0,0,0,0,10,0.19999999999999996,10,1.0,10,0,0,0,10,0,0,10,0,1,0,0,0,0,0,10,10,37,3466,3389,290,0,9,46,1.0,2900,0,23177,27,411,2900,30624
2025-07-10,argo,com.grab.sample.dummy,KMPDummyClass74,method7,1,2,0.0,0,0.0,0,0,1,0,5,0,1,0,0.0,0,0,0,5,0.0,0,2.4,0,0,0.0,0,0.0,0.9,68,57,0.1,10,0,0,0,0,1,9,0,0,0,0,0,0,0,0,0,10,0.19999999999999996,10,1.0,10,0,0,0,10,0,0,10,0,1,0,0,0,0,0,10,10,37,3466,3389,290,0,9,46,1.0,2900,0,23177,27,411,2900,30624
2025-07-10,argo,com.grab.sample.dummy,KMPDummyClass74,method8,1,2,0.0,0,0.0,0,0,1,0,5,0,1,0,0.0,0,0,0,5,0.0,0,2.4,0,0,0.0,0,0.0,0.9,68,57,0.1,10,0,0,0,0,1,9,0,0,0,0,0,0,0,0,0,10,0.19999999999999996,10,1.0,10,0,0,0,10,0,0,10,0,1,0,0,0,0,0,10,10,37,3466,3389,290,0,9,46,1.0,2900,0,23177,27,411,2900,30624
2025-07-10,argo,com.grab.sample.dummy,KMPDummyClass74,method9,1,2,0.0,0,0.0,0,0,1,0,5,0,1,0,0.0,0,0,0,5,0.0,0,2.4,0,0,0.0,0,0.0,0.9,68,57,0.1,10,0,0,0,0,1,9,0,0,0,0,0,0,0,0,0,10,0.19999999999999996,10,1.0,10,0,0,0,10,0,0,10,0,1,0,0,0,0,0,10,10,37,3466,3389,290,0,9,46,1.0,2900,0,23177,27,411,2900,30624
2025-07-10,argo,com.grab.sample.dummy,KMPDummyClass74,method10,1,2,0.0,0,0.0,0,0,1,0,5,0,1,0,0.0,0,0,0,5,0.0,0,2.4,0,0,0.0,0,0.0,0.9,68,57,0.1,10,0,0,0,0,1,9,0,0,0,0,0,0,0,0,0,10,0.19999999999999996,10,1.0,10,0,0,0,10,0,0,10,0,1,0,0,0,0,0,10,10,37,3466,3389,290,0,9,46,1.0,2900,0,23177,27,411,2900,30624
2025-07-10,argo,com.grab.sample.dummy,KMPDummyClass75,method1,1,0,9.0,0,0.0,0,0,1,0,12,0,1,10,0.0,10,0,9,1,0.0,1,2.0,0,9,0.0,0,0.0,0.9,68,57,0.1,10,0,0,0,0,1,9,0,0,0,0,0,0,0,0,0,10,0.19999999999999996,10,1.0,10,0,0,0,10,0,0,10,0,1,0,0,0,0,0,10,10,37,3466,3389,290,0,9,46,1.0,2900,0,23177,27,411,2900,30624
2025-07-10,argo,com.grab.sample.dummy,KMPDummyClass75,method2,1,2,0.0,0,0.0,0,0,1,0,5,0,1,0,0.0,0,0,0,5,0.0,0,2.4,0,0,0.0,0,0.0,0.9,68,57,0.1,10,0,0,0,0,1,9,0,0,0,0,0,0,0,0,0,10,0.19999999999999996,10,1.0,10,0,0,0,10,0,0,10,0,1,0,0,0,0,0,10,10,37,3466,3389,290,0,9,46,1.0,2900,0,23177,27,411,2900,30624
2025-07-10,argo,com.grab.sample.dummy,KMPDummyClass75,method3,1,2,0.0,0,0.0,0,0,1,0,5,0,1,0,0.0,0,0,0,5,0.0,0,2.4,0,0,0.0,0,0.0,0.9,68,57,0.1,10,0,0,0,0,1,9,0,0,0,0,0,0,0,0,0,10,0.19999999999999996,10,1.0,10,0,0,0,10,0,0,10,0,1,0,0,0,0,0,10,10,37,3466,3389,290,0,9,46,1.0,2900,0,23177,27,411,2900,30624
2025-07-10,argo,com.grab.sample.dummy,KMPDummyClass75,method4,1,2,0.0,0,0.0,0,0,1,0,5,0,1,0,0.0,0,0,0,5,0.0,0,2.4,0,0,0.0,0,0.0,0.9,68,57,0.1,10,0,0,0,0,1,9,0,0,0,0,0,0,0,0,0,10,0.19999999999999996,10,1.0,10,0,0,0,10,0,0,10,0,1,0,0,0,0,0,10,10,37,3466,3389,290,0,9,46,1.0,2900,0,23177,27,411,2900,30624
2025-07-10,argo,com.grab.sample.dummy,KMPDummyClass75,method5,1,2,0.0,0,0.0,0,0,1,0,5,0,1,0,0.0,0,0,0,5,0.0,0,2.4,0,0,0.0,0,0.0,0.9,68,57,0.1,10,0,0,0,0,1,9,0,0,0,0,0,0,0,0,0,10,0.19999999999999996,10,1.0,10,0,0,0,10,0,0,10,0,1,0,0,0,0,0,10,10,37,3466,3389,290,0,9,46,1.0,2900,0,23177,27,411,2900,30624
2025-07-10,argo,com.grab.sample.dummy,KMPDummyClass75,method6,1,2,0.0,0,0.0,0,0,1,0,5,0,1,0,0.0,0,0,0,5,0.0,0,2.4,0,0,0.0,0,0.0,0.9,68,57,0.1,10,0,0,0,0,1,9,0,0,0,0,0,0,0,0,0,10,0.19999999999999996,10,1.0,10,0,0,0,10,0,0,10,0,1,0,0,0,0,0,10,10,37,3466,3389,290,0,9,46,1.0,2900,0,23177,27,411,2900,30624
2025-07-10,argo,com.grab.sample.dummy,KMPDummyClass75,method7,1,2,0.0,0,0.0,0,0,1,0,5,0,1,0,0.0,0,0,0,5,0.0,0,2.4,0,0,0.0,0,0.0,0.9,68,57,0.1,10,0,0,0,0,1,9,0,0,0,0,0,0,0,0,0,10,0.19999999999999996,10,1.0,10,0,0,0,10,0,0,10,0,1,0,0,0,0,0,10,10,37,3466,3389,290,0,9,46,1.0,2900,0,23177,27,411,2900,30624
2025-07-10,argo,com.grab.sample.dummy,KMPDummyClass75,method8,1,2,0.0,0,0.0,0,0,1,0,5,0,1,0,0.0,0,0,0,5,0.0,0,2.4,0,0,0.0,0,0.0,0.9,68,57,0.1,10,0,0,0,0,1,9,0,0,0,0,0,0,0,0,0,10,0.19999999999999996,10,1.0,10,0,0,0,10,0,0,10,0,1,0,0,0,0,0,10,10,37,3466,3389,290,0,9,46,1.0,2900,0,23177,27,411,2900,30624
2025-07-10,argo,com.grab.sample.dummy,KMPDummyClass75,method9,1,2,0.0,0,0.0,0,0,1,0,5,0,1,0,0.0,0,0,0,5,0.0,0,2.4,0,0,0.0,0,0.0,0.9,68,57,0.1,10,0,0,0,0,1,9,0,0,0,0,0,0,0,0,0,10,0.19999999999999996,10,1.0,10,0,0,0,10,0,0,10,0,1,0,0,0,0,0,10,10,37,3466,3389,290,0,9,46,1.0,2900,0,23177,27,411,2900,30624
2025-07-10,argo,com.grab.sample.dummy,KMPDummyClass75,method10,1,2,0.0,0,0.0,0,0,1,0,5,0,1,0,0.0,0,0,0,5,0.0,0,2.4,0,0,0.0,0,0.0,0.9,68,57,0.1,10,0,0,0,0,1,9,0,0,0,0,0,0,0,0,0,10,0.19999999999999996,10,1.0,10,0,0,0,10,0,0,10,0,1,0,0,0,0,0,10,10,37,3466,3389,290,0,9,46,1.0,2900,0,23177,27,411,2900,30624
2025-07-10,argo,com.grab.sample.dummy,KMPDummyClass76,method1,1,0,9.0,0,0.0,0,0,1,0,12,0,1,10,0.0,10,0,9,1,0.0,1,2.0,0,9,0.0,0,0.0,0.9,68,57,0.1,10,0,0,0,0,1,9,0,0,0,0,0,0,0,0,0,10,0.19999999999999996,10,1.0,10,0,0,0,10,0,0,10,0,1,0,0,0,0,0,10,10,37,3466,3389,290,0,9,46,1.0,2900,0,23177,27,411,2900,30624
2025-07-10,argo,com.grab.sample.dummy,KMPDummyClass76,method2,1,2,0.0,0,0.0,0,0,1,0,5,0,1,0,0.0,0,0,0,5,0.0,0,2.4,0,0,0.0,0,0.0,0.9,68,57,0.1,10,0,0,0,0,1,9,0,0,0,0,0,0,0,0,0,10,0.19999999999999996,10,1.0,10,0,0,0,10,0,0,10,0,1,0,0,0,0,0,10,10,37,3466,3389,290,0,9,46,1.0,2900,0,23177,27,411,2900,30624
2025-07-10,argo,com.grab.sample.dummy,KMPDummyClass76,method3,1,2,0.0,0,0.0,0,0,1,0,5,0,1,0,0.0,0,0,0,5,0.0,0,2.4,0,0,0.0,0,0.0,0.9,68,57,0.1,10,0,0,0,0,1,9,0,0,0,0,0,0,0,0,0,10,0.19999999999999996,10,1.0,10,0,0,0,10,0,0,10,0,1,0,0,0,0,0,10,10,37,3466,3389,290,0,9,46,1.0,2900,0,23177,27,411,2900,30624
2025-07-10,argo,com.grab.sample.dummy,KMPDummyClass76,method4,1,2,0.0,0,0.0,0,0,1,0,5,0,1,0,0.0,0,0,0,5,0.0,0,2.4,0,0,0.0,0,0.0,0.9,68,57,0.1,10,0,0,0,0,1,9,0,0,0,0,0,0,0,0,0,10,0.19999999999999996,10,1.0,10,0,0,0,10,0,0,10,0,1,0,0,0,0,0,10,10,37,3466,3389,290,0,9,46,1.0,2900,0,23177,27,411,2900,30624
2025-07-10,argo,com.grab.sample.dummy,KMPDummyClass76,method5,1,2,0.0,0,0.0,0,0,1,0,5,0,1,0,0.0,0,0,0,5,0.0,0,2.4,0,0,0.0,0,0.0,0.9,68,57,0.1,10,0,0,0,0,1,9,0,0,0,0,0,0,0,0,0,10,0.19999999999999996,10,1.0,10,0,0,0,10,0,0,10,0,1,0,0,0,0,0,10,10,37,3466,3389,290,0,9,46,1.0,2900,0,23177,27,411,2900,30624
2025-07-10,argo,com.grab.sample.dummy,KMPDummyClass76,method6,1,2,0.0,0,0.0,0,0,1,0,5,0,1,0,0.0,0,0,0,5,0.0,0,2.4,0,0,0.0,0,0.0,0.9,68,57,0.1,10,0,0,0,0,1,9,0,0,0,0,0,0,0,0,0,10,0.19999999999999996,10,1.0,10,0,0,0,10,0,0,10,0,1,0,0,0,0,0,10,10,37,3466,3389,290,0,9,46,1.0,2900,0,23177,27,411,2900,30624
2025-07-10,argo,com.grab.sample.dummy,KMPDummyClass76,method7,1,2,0.0,0,0.0,0,0,1,0,5,0,1,0,0.0,0,0,0,5,0.0,0,2.4,0,0,0.0,0,0.0,0.9,68,57,0.1,10,0,0,0,0,1,9,0,0,0,0,0,0,0,0,0,10,0.19999999999999996,10,1.0,10,0,0,0,10,0,0,10,0,1,0,0,0,0,0,10,10,37,3466,3389,290,0,9,46,1.0,2900,0,23177,27,411,2900,30624
2025-07-10,argo,com.grab.sample.dummy,KMPDummyClass76,method8,1,2,0.0,0,0.0,0,0,1,0,5,0,1,0,0.0,0,0,0,5,0.0,0,2.4,0,0,0.0,0,0.0,0.9,68,57,0.1,10,0,0,0,0,1,9,0,0,0,0,0,0,0,0,0,10,0.19999999999999996,10,1.0,10,0,0,0,10,0,0,10,0,1,0,0,0,0,0,10,10,37,3466,3389,290,0,9,46,1.0,2900,0,23177,27,411,2900,30624
2025-07-10,argo,com.grab.sample.dummy,KMPDummyClass76,method9,1,2,0.0,0,0.0,0,0,1,0,5,0,1,0,0.0,0,0,0,5,0.0,0,2.4,0,0,0.0,0,0.0,0.9,68,57,0.1,10,0,0,0,0,1,9,0,0,0,0,0,0,0,0,0,10,0.19999999999999996,10,1.0,10,0,0,0,10,0,0,10,0,1,0,0,0,0,0,10,10,37,3466,3389,290,0,9,46,1.0,2900,0,23177,27,411,2900,30624
2025-07-10,argo,com.grab.sample.dummy,KMPDummyClass76,method10,1,2,0.0,0,0.0,0,0,1,0,5,0,1,0,0.0,0,0,0,5,0.0,0,2.4,0,0,0.0,0,0.0,0.9,68,57,0.1,10,0,0,0,0,1,9,0,0,0,0,0,0,0,0,0,10,0.19999999999999996,10,1.0,10,0,0,0,10,0,0,10,0,1,0,0,0,0,0,10,10,37,3466,3389,290,0,9,46,1.0,2900,0,23177,27,411,2900,30624
2025-07-10,argo,com.grab.sample.dummy,KMPDummyClass77,method1,1,0,9.0,0,0.0,0,0,1,0,12,0,1,10,0.0,10,0,9,1,0.0,1,2.0,0,9,0.0,0,0.0,0.9,68,57,0.1,10,0,0,0,0,1,9,0,0,0,0,0,0,0,0,0,10,0.19999999999999996,10,1.0,10,0,0,0,10,0,0,10,0,1,0,0,0,0,0,10,10,37,3466,3389,290,0,9,46,1.0,2900,0,23177,27,411,2900,30624
2025-07-10,argo,com.grab.sample.dummy,KMPDummyClass77,method2,1,2,0.0,0,0.0,0,0,1,0,5,0,1,0,0.0,0,0,0,5,0.0,0,2.4,0,0,0.0,0,0.0,0.9,68,57,0.1,10,0,0,0,0,1,9,0,0,0,0,0,0,0,0,0,10,0.19999999999999996,10,1.0,10,0,0,0,10,0,0,10,0,1,0,0,0,0,0,10,10,37,3466,3389,290,0,9,46,1.0,2900,0,23177,27,411,2900,30624
2025-07-10,argo,com.grab.sample.dummy,KMPDummyClass77,method3,1,2,0.0,0,0.0,0,0,1,0,5,0,1,0,0.0,0,0,0,5,0.0,0,2.4,0,0,0.0,0,0.0,0.9,68,57,0.1,10,0,0,0,0,1,9,0,0,0,0,0,0,0,0,0,10,0.19999999999999996,10,1.0,10,0,0,0,10,0,0,10,0,1,0,0,0,0,0,10,10,37,3466,3389,290,0,9,46,1.0,2900,0,23177,27,411,2900,30624
2025-07-10,argo,com.grab.sample.dummy,KMPDummyClass77,method4,1,2,0.0,0,0.0,0,0,1,0,5,0,1,0,0.0,0,0,0,5,0.0,0,2.4,0,0,0.0,0,0.0,0.9,68,57,0.1,10,0,0,0,0,1,9,0,0,0,0,0,0,0,0,0,10,0.19999999999999996,10,1.0,10,0,0,0,10,0,0,10,0,1,0,0,0,0,0,10,10,37,3466,3389,290,0,9,46,1.0,2900,0,23177,27,411,2900,30624
2025-07-10,argo,com.grab.sample.dummy,KMPDummyClass77,method5,1,2,0.0,0,0.0,0,0,1,0,5,0,1,0,0.0,0,0,0,5,0.0,0,2.4,0,0,0.0,0,0.0,0.9,68,57,0.1,10,0,0,0,0,1,9,0,0,0,0,0,0,0,0,0,10,0.19999999999999996,10,1.0,10,0,0,0,10,0,0,10,0,1,0,0,0,0,0,10,10,37,3466,3389,290,0,9,46,1.0,2900,0,23177,27,411,2900,30624
2025-07-10,argo,com.grab.sample.dummy,KMPDummyClass77,method6,1,2,0.0,0,0.0,0,0,1,0,5,0,1,0,0.0,0,0,0,5,0.0,0,2.4,0,0,0.0,0,0.0,0.9,68,57,0.1,10,0,0,0,0,1,9,0,0,0,0,0,0,0,0,0,10,0.19999999999999996,10,1.0,10,0,0,0,10,0,0,10,0,1,0,0,0,0,0,10,10,37,3466,3389,290,0,9,46,1.0,2900,0,23177,27,411,2900,30624
2025-07-10,argo,com.grab.sample.dummy,KMPDummyClass77,method7,1,2,0.0,0,0.0,0,0,1,0,5,0,1,0,0.0,0,0,0,5,0.0,0,2.4,0,0,0.0,0,0.0,0.9,68,57,0.1,10,0,0,0,0,1,9,0,0,0,0,0,0,0,0,0,10,0.19999999999999996,10,1.0,10,0,0,0,10,0,0,10,0,1,0,0,0,0,0,10,10,37,3466,3389,290,0,9,46,1.0,2900,0,23177,27,411,2900,30624
2025-07-10,argo,com.grab.sample.dummy,KMPDummyClass77,method8,1,2,0.0,0,0.0,0,0,1,0,5,0,1,0,0.0,0,0,0,5,0.0,0,2.4,0,0,0.0,0,0.0,0.9,68,57,0.1,10,0,0,0,0,1,9,0,0,0,0,0,0,0,0,0,10,0.19999999999999996,10,1.0,10,0,0,0,10,0,0,10,0,1,0,0,0,0,0,10,10,37,3466,3389,290,0,9,46,1.0,2900,0,23177,27,411,2900,30624
2025-07-10,argo,com.grab.sample.dummy,KMPDummyClass77,method9,1,2,0.0,0,0.0,0,0,1,0,5,0,1,0,0.0,0,0,0,5,0.0,0,2.4,0,0,0.0,0,0.0,0.9,68,57,0.1,10,0,0,0,0,1,9,0,0,0,0,0,0,0,0,0,10,0.19999999999999996,10,1.0,10,0,0,0,10,0,0,10,0,1,0,0,0,0,0,10,10,37,3466,3389,290,0,9,46,1.0,2900,0,23177,27,411,2900,30624
2025-07-10,argo,com.grab.sample.dummy,KMPDummyClass77,method10,1,2,0.0,0,0.0,0,0,1,0,5,0,1,0,0.0,0,0,0,5,0.0,0,2.4,0,0,0.0,0,0.0,0.9,68,57,0.1,10,0,0,0,0,1,9,0,0,0,0,0,0,0,0,0,10,0.19999999999999996,10,1.0,10,0,0,0,10,0,0,10,0,1,0,0,0,0,0,10,10,37,3466,3389,290,0,9,46,1.0,2900,0,23177,27,411,2900,30624
2025-07-10,argo,com.grab.sample.dummy,KMPDummyClass78,method1,1,0,9.0,0,0.0,0,0,1,0,12,0,1,10,0.0,10,0,9,1,0.0,1,2.0,0,9,0.0,0,0.0,0.9,68,57,0.1,10,0,0,0,0,1,9,0,0,0,0,0,0,0,0,0,10,0.19999999999999996,10,1.0,10,0,0,0,10,0,0,10,0,1,0,0,0,0,0,10,10,37,3466,3389,290,0,9,46,1.0,2900,0,23177,27,411,2900,30624
2025-07-10,argo,com.grab.sample.dummy,KMPDummyClass78,method2,1,2,0.0,0,0.0,0,0,1,0,5,0,1,0,0.0,0,0,0,5,0.0,0,2.4,0,0,0.0,0,0.0,0.9,68,57,0.1,10,0,0,0,0,1,9,0,0,0,0,0,0,0,0,0,10,0.19999999999999996,10,1.0,10,0,0,0,10,0,0,10,0,1,0,0,0,0,0,10,10,37,3466,3389,290,0,9,46,1.0,2900,0,23177,27,411,2900,30624
2025-07-10,argo,com.grab.sample.dummy,KMPDummyClass78,method3,1,2,0.0,0,0.0,0,0,1,0,5,0,1,0,0.0,0,0,0,5,0.0,0,2.4,0,0,0.0,0,0.0,0.9,68,57,0.1,10,0,0,0,0,1,9,0,0,0,0,0,0,0,0,0,10,0.19999999999999996,10,1.0,10,0,0,0,10,0,0,10,0,1,0,0,0,0,0,10,10,37,3466,3389,290,0,9,46,1.0,2900,0,23177,27,411,2900,30624
2025-07-10,argo,com.grab.sample.dummy,KMPDummyClass78,method4,1,2,0.0,0,0.0,0,0,1,0,5,0,1,0,0.0,0,0,0,5,0.0,0,2.4,0,0,0.0,0,0.0,0.9,68,57,0.1,10,0,0,0,0,1,9,0,0,0,0,0,0,0,0,0,10,0.19999999999999996,10,1.0,10,0,0,0,10,0,0,10,0,1,0,0,0,0,0,10,10,37,3466,3389,290,0,9,46,1.0,2900,0,23177,27,411,2900,30624
2025-07-10,argo,com.grab.sample.dummy,KMPDummyClass78,method5,1,2,0.0,0,0.0,0,0,1,0,5,0,1,0,0.0,0,0,0,5,0.0,0,2.4,0,0,0.0,0,0.0,0.9,68,57,0.1,10,0,0,0,0,1,9,0,0,0,0,0,0,0,0,0,10,0.19999999999999996,10,1.0,10,0,0,0,10,0,0,10,0,1,0,0,0,0,0,10,10,37,3466,3389,290,0,9,46,1.0,2900,0,23177,27,411,2900,30624
2025-07-10,argo,com.grab.sample.dummy,KMPDummyClass78,method6,1,2,0.0,0,0.0,0,0,1,0,5,0,1,0,0.0,0,0,0,5,0.0,0,2.4,0,0,0.0,0,0.0,0.9,68,57,0.1,10,0,0,0,0,1,9,0,0,0,0,0,0,0,0,0,10,0.19999999999999996,10,1.0,10,0,0,0,10,0,0,10,0,1,0,0,0,0,0,10,10,37,3466,3389,290,0,9,46,1.0,2900,0,23177,27,411,2900,30624
2025-07-10,argo,com.grab.sample.dummy,KMPDummyClass78,method7,1,2,0.0,0,0.0,0,0,1,0,5,0,1,0,0.0,0,0,0,5,0.0,0,2.4,0,0,0.0,0,0.0,0.9,68,57,0.1,10,0,0,0,0,1,9,0,0,0,0,0,0,0,0,0,10,0.19999999999999996,10,1.0,10,0,0,0,10,0,0,10,0,1,0,0,0,0,0,10,10,37,3466,3389,290,0,9,46,1.0,2900,0,23177,27,411,2900,30624
2025-07-10,argo,com.grab.sample.dummy,KMPDummyClass78,method8,1,2,0.0,0,0.0,0,0,1,0,5,0,1,0,0.0,0,0,0,5,0.0,0,2.4,0,0,0.0,0,0.0,0.9,68,57,0.1,10,0,0,0,0,1,9,0,0,0,0,0,0,0,0,0,10,0.19999999999999996,10,1.0,10,0,0,0,10,0,0,10,0,1,0,0,0,0,0,10,10,37,3466,3389,290,0,9,46,1.0,2900,0,23177,27,411,2900,30624
2025-07-10,argo,com.grab.sample.dummy,KMPDummyClass78,method9,1,2,0.0,0,0.0,0,0,1,0,5,0,1,0,0.0,0,0,0,5,0.0,0,2.4,0,0,0.0,0,0.0,0.9,68,57,0.1,10,0,0,0,0,1,9,0,0,0,0,0,0,0,0,0,10,0.19999999999999996,10,1.0,10,0,0,0,10,0,0,10,0,1,0,0,0,0,0,10,10,37,3466,3389,290,0,9,46,1.0,2900,0,23177,27,411,2900,30624
2025-07-10,argo,com.grab.sample.dummy,KMPDummyClass78,method10,1,2,0.0,0,0.0,0,0,1,0,5,0,1,0,0.0,0,0,0,5,0.0,0,2.4,0,0,0.0,0,0.0,0.9,68,57,0.1,10,0,0,0,0,1,9,0,0,0,0,0,0,0,0,0,10,0.19999999999999996,10,1.0,10,0,0,0,10,0,0,10,0,1,0,0,0,0,0,10,10,37,3466,3389,290,0,9,46,1.0,2900,0,23177,27,411,2900,30624
2025-07-10,argo,com.grab.sample.dummy,KMPDummyClass79,method1,1,0,9.0,0,0.0,0,0,1,0,12,0,1,10,0.0,10,0,9,1,0.0,1,2.0,0,9,0.0,0,0.0,0.9,68,57,0.1,10,0,0,0,0,1,9,0,0,0,0,0,0,0,0,0,10,0.19999999999999996,10,1.0,10,0,0,0,10,0,0,10,0,1,0,0,0,0,0,10,10,37,3466,3389,290,0,9,46,1.0,2900,0,23177,27,411,2900,30624
2025-07-10,argo,com.grab.sample.dummy,KMPDummyClass79,method2,1,2,0.0,0,0.0,0,0,1,0,5,0,1,0,0.0,0,0,0,5,0.0,0,2.4,0,0,0.0,0,0.0,0.9,68,57,0.1,10,0,0,0,0,1,9,0,0,0,0,0,0,0,0,0,10,0.19999999999999996,10,1.0,10,0,0,0,10,0,0,10,0,1,0,0,0,0,0,10,10,37,3466,3389,290,0,9,46,1.0,2900,0,23177,27,411,2900,30624
2025-07-10,argo,com.grab.sample.dummy,KMPDummyClass79,method3,1,2,0.0,0,0.0,0,0,1,0,5,0,1,0,0.0,0,0,0,5,0.0,0,2.4,0,0,0.0,0,0.0,0.9,68,57,0.1,10,0,0,0,0,1,9,0,0,0,0,0,0,0,0,0,10,0.19999999999999996,10,1.0,10,0,0,0,10,0,0,10,0,1,0,0,0,0,0,10,10,37,3466,3389,290,0,9,46,1.0,2900,0,23177,27,411,2900,30624
2025-07-10,argo,com.grab.sample.dummy,KMPDummyClass79,method4,1,2,0.0,0,0.0,0,0,1,0,5,0,1,0,0.0,0,0,0,5,0.0,0,2.4,0,0,0.0,0,0.0,0.9,68,57,0.1,10,0,0,0,0,1,9,0,0,0,0,0,0,0,0,0,10,0.19999999999999996,10,1.0,10,0,0,0,10,0,0,10,0,1,0,0,0,0,0,10,10,37,3466,3389,290,0,9,46,1.0,2900,0,23177,27,411,2900,30624
2025-07-10,argo,com.grab.sample.dummy,KMPDummyClass79,method5,1,2,0.0,0,0.0,0,0,1,0,5,0,1,0,0.0,0,0,0,5,0.0,0,2.4,0,0,0.0,0,0.0,0.9,68,57,0.1,10,0,0,0,0,1,9,0,0,0,0,0,0,0,0,0,10,0.19999999999999996,10,1.0,10,0,0,0,10,0,0,10,0,1,0,0,0,0,0,10,10,37,3466,3389,290,0,9,46,1.0,2900,0,23177,27,411,2900,30624
2025-07-10,argo,com.grab.sample.dummy,KMPDummyClass79,method6,1,2,0.0,0,0.0,0,0,1,0,5,0,1,0,0.0,0,0,0,5,0.0,0,2.4,0,0,0.0,0,0.0,0.9,68,57,0.1,10,0,0,0,0,1,9,0,0,0,0,0,0,0,0,0,10,0.19999999999999996,10,1.0,10,0,0,0,10,0,0,10,0,1,0,0,0,0,0,10,10,37,3466,3389,290,0,9,46,1.0,2900,0,23177,27,411,2900,30624
2025-07-10,argo,com.grab.sample.dummy,KMPDummyClass79,method7,1,2,0.0,0,0.0,0,0,1,0,5,0,1,0,0.0,0,0,0,5,0.0,0,2.4,0,0,0.0,0,0.0,0.9,68,57,0.1,10,0,0,0,0,1,9,0,0,0,0,0,0,0,0,0,10,0.19999999999999996,10,1.0,10,0,0,0,10,0,0,10,0,1,0,0,0,0,0,10,10,37,3466,3389,290,0,9,46,1.0,2900,0,23177,27,411,2900,30624
2025-07-10,argo,com.grab.sample.dummy,KMPDummyClass79,method8,1,2,0.0,0,0.0,0,0,1,0,5,0,1,0,0.0,0,0,0,5,0.0,0,2.4,0,0,0.0,0,0.0,0.9,68,57,0.1,10,0,0,0,0,1,9,0,0,0,0,0,0,0,0,0,10,0.19999999999999996,10,1.0,10,0,0,0,10,0,0,10,0,1,0,0,0,0,0,10,10,37,3466,3389,290,0,9,46,1.0,2900,0,23177,27,411,2900,30624
2025-07-10,argo,com.grab.sample.dummy,KMPDummyClass79,method9,1,2,0.0,0,0.0,0,0,1,0,5,0,1,0,0.0,0,0,0,5,0.0,0,2.4,0,0,0.0,0,0.0,0.9,68,57,0.1,10,0,0,0,0,1,9,0,0,0,0,0,0,0,0,0,10,0.19999999999999996,10,1.0,10,0,0,0,10,0,0,10,0,1,0,0,0,0,0,10,10,37,3466,3389,290,0,9,46,1.0,2900,0,23177,27,411,2900,30624
2025-07-10,argo,com.grab.sample.dummy,KMPDummyClass79,method10,1,2,0.0,0,0.0,0,0,1,0,5,0,1,0,0.0,0,0,0,5,0.0,0,2.4,0,0,0.0,0,0.0,0.9,68,57,0.1,10,0,0,0,0,1,9,0,0,0,0,0,0,0,0,0,10,0.19999999999999996,10,1.0,10,0,0,0,10,0,0,10,0,1,0,0,0,0,0,10,10,37,3466,3389,290,0,9,46,1.0,2900,0,23177,27,411,2900,30624
2025-07-10,argo,com.grab.sample.dummy,KMPDummyClass8,method1,1,0,9.0,0,0.0,0,0,1,0,12,0,1,10,0.0,10,0,9,1,0.0,1,2.0,0,9,0.0,0,0.0,0.9,68,57,0.1,10,0,0,0,0,1,9,0,0,0,0,0,0,0,0,0,10,0.19999999999999996,10,1.0,10,0,0,0,10,0,0,10,0,1,0,0,0,0,0,10,10,37,3466,3389,290,0,9,46,1.0,2900,0,23177,27,411,2900,30624
2025-07-10,argo,com.grab.sample.dummy,KMPDummyClass8,method2,1,2,0.0,0,0.0,0,0,1,0,5,0,1,0,0.0,0,0,0,5,0.0,0,2.4,0,0,0.0,0,0.0,0.9,68,57,0.1,10,0,0,0,0,1,9,0,0,0,0,0,0,0,0,0,10,0.19999999999999996,10,1.0,10,0,0,0,10,0,0,10,0,1,0,0,0,0,0,10,10,37,3466,3389,290,0,9,46,1.0,2900,0,23177,27,411,2900,30624
2025-07-10,argo,com.grab.sample.dummy,KMPDummyClass8,method3,1,2,0.0,0,0.0,0,0,1,0,5,0,1,0,0.0,0,0,0,5,0.0,0,2.4,0,0,0.0,0,0.0,0.9,68,57,0.1,10,0,0,0,0,1,9,0,0,0,0,0,0,0,0,0,10,0.19999999999999996,10,1.0,10,0,0,0,10,0,0,10,0,1,0,0,0,0,0,10,10,37,3466,3389,290,0,9,46,1.0,2900,0,23177,27,411,2900,30624
2025-07-10,argo,com.grab.sample.dummy,KMPDummyClass8,method4,1,2,0.0,0,0.0,0,0,1,0,5,0,1,0,0.0,0,0,0,5,0.0,0,2.4,0,0,0.0,0,0.0,0.9,68,57,0.1,10,0,0,0,0,1,9,0,0,0,0,0,0,0,0,0,10,0.19999999999999996,10,1.0,10,0,0,0,10,0,0,10,0,1,0,0,0,0,0,10,10,37,3466,3389,290,0,9,46,1.0,2900,0,23177,27,411,2900,30624
2025-07-10,argo,com.grab.sample.dummy,KMPDummyClass8,method5,1,2,0.0,0,0.0,0,0,1,0,5,0,1,0,0.0,0,0,0,5,0.0,0,2.4,0,0,0.0,0,0.0,0.9,68,57,0.1,10,0,0,0,0,1,9,0,0,0,0,0,0,0,0,0,10,0.19999999999999996,10,1.0,10,0,0,0,10,0,0,10,0,1,0,0,0,0,0,10,10,37,3466,3389,290,0,9,46,1.0,2900,0,23177,27,411,2900,30624
2025-07-10,argo,com.grab.sample.dummy,KMPDummyClass8,method6,1,2,0.0,0,0.0,0,0,1,0,5,0,1,0,0.0,0,0,0,5,0.0,0,2.4,0,0,0.0,0,0.0,0.9,68,57,0.1,10,0,0,0,0,1,9,0,0,0,0,0,0,0,0,0,10,0.19999999999999996,10,1.0,10,0,0,0,10,0,0,10,0,1,0,0,0,0,0,10,10,37,3466,3389,290,0,9,46,1.0,2900,0,23177,27,411,2900,30624
2025-07-10,argo,com.grab.sample.dummy,KMPDummyClass8,method7,1,2,0.0,0,0.0,0,0,1,0,5,0,1,0,0.0,0,0,0,5,0.0,0,2.4,0,0,0.0,0,0.0,0.9,68,57,0.1,10,0,0,0,0,1,9,0,0,0,0,0,0,0,0,0,10,0.19999999999999996,10,1.0,10,0,0,0,10,0,0,10,0,1,0,0,0,0,0,10,10,37,3466,3389,290,0,9,46,1.0,2900,0,23177,27,411,2900,30624
2025-07-10,argo,com.grab.sample.dummy,KMPDummyClass8,method8,1,2,0.0,0,0.0,0,0,1,0,5,0,1,0,0.0,0,0,0,5,0.0,0,2.4,0,0,0.0,0,0.0,0.9,68,57,0.1,10,0,0,0,0,1,9,0,0,0,0,0,0,0,0,0,10,0.19999999999999996,10,1.0,10,0,0,0,10,0,0,10,0,1,0,0,0,0,0,10,10,37,3466,3389,290,0,9,46,1.0,2900,0,23177,27,411,2900,30624
2025-07-10,argo,com.grab.sample.dummy,KMPDummyClass8,method9,1,2,0.0,0,0.0,0,0,1,0,5,0,1,0,0.0,0,0,0,5,0.0,0,2.4,0,0,0.0,0,0.0,0.9,68,57,0.1,10,0,0,0,0,1,9,0,0,0,0,0,0,0,0,0,10,0.19999999999999996,10,1.0,10,0,0,0,10,0,0,10,0,1,0,0,0,0,0,10,10,37,3466,3389,290,0,9,46,1.0,2900,0,23177,27,411,2900,30624
2025-07-10,argo,com.grab.sample.dummy,KMPDummyClass8,method10,1,2,0.0,0,0.0,0,0,1,0,5,0,1,0,0.0,0,0,0,5,0.0,0,2.4,0,0,0.0,0,0.0,0.9,68,57,0.1,10,0,0,0,0,1,9,0,0,0,0,0,0,0,0,0,10,0.19999999999999996,10,1.0,10,0,0,0,10,0,0,10,0,1,0,0,0,0,0,10,10,37,3466,3389,290,0,9,46,1.0,2900,0,23177,27,411,2900,30624
2025-07-10,argo,com.grab.sample.dummy,KMPDummyClass80,method1,1,0,9.0,0,0.0,0,0,1,0,12,0,1,10,0.0,10,0,9,1,0.0,1,2.0,0,9,0.0,0,0.0,0.9,68,57,0.1,10,0,0,0,0,1,9,0,0,0,0,0,0,0,0,0,10,0.19999999999999996,10,1.0,10,0,0,0,10,0,0,10,0,1,0,0,0,0,0,10,10,37,3466,3389,290,0,9,46,1.0,2900,0,23177,27,411,2900,30624
2025-07-10,argo,com.grab.sample.dummy,KMPDummyClass80,method2,1,2,0.0,0,0.0,0,0,1,0,5,0,1,0,0.0,0,0,0,5,0.0,0,2.4,0,0,0.0,0,0.0,0.9,68,57,0.1,10,0,0,0,0,1,9,0,0,0,0,0,0,0,0,0,10,0.19999999999999996,10,1.0,10,0,0,0,10,0,0,10,0,1,0,0,0,0,0,10,10,37,3466,3389,290,0,9,46,1.0,2900,0,23177,27,411,2900,30624
2025-07-10,argo,com.grab.sample.dummy,KMPDummyClass80,method3,1,2,0.0,0,0.0,0,0,1,0,5,0,1,0,0.0,0,0,0,5,0.0,0,2.4,0,0,0.0,0,0.0,0.9,68,57,0.1,10,0,0,0,0,1,9,0,0,0,0,0,0,0,0,0,10,0.19999999999999996,10,1.0,10,0,0,0,10,0,0,10,0,1,0,0,0,0,0,10,10,37,3466,3389,290,0,9,46,1.0,2900,0,23177,27,411,2900,30624
2025-07-10,argo,com.grab.sample.dummy,KMPDummyClass80,method4,1,2,0.0,0,0.0,0,0,1,0,5,0,1,0,0.0,0,0,0,5,0.0,0,2.4,0,0,0.0,0,0.0,0.9,68,57,0.1,10,0,0,0,0,1,9,0,0,0,0,0,0,0,0,0,10,0.19999999999999996,10,1.0,10,0,0,0,10,0,0,10,0,1,0,0,0,0,0,10,10,37,3466,3389,290,0,9,46,1.0,2900,0,23177,27,411,2900,30624
2025-07-10,argo,com.grab.sample.dummy,KMPDummyClass80,method5,1,2,0.0,0,0.0,0,0,1,0,5,0,1,0,0.0,0,0,0,5,0.0,0,2.4,0,0,0.0,0,0.0,0.9,68,57,0.1,10,0,0,0,0,1,9,0,0,0,0,0,0,0,0,0,10,0.19999999999999996,10,1.0,10,0,0,0,10,0,0,10,0,1,0,0,0,0,0,10,10,37,3466,3389,290,0,9,46,1.0,2900,0,23177,27,411,2900,30624
2025-07-10,argo,com.grab.sample.dummy,KMPDummyClass80,method6,1,2,0.0,0,0.0,0,0,1,0,5,0,1,0,0.0,0,0,0,5,0.0,0,2.4,0,0,0.0,0,0.0,0.9,68,57,0.1,10,0,0,0,0,1,9,0,0,0,0,0,0,0,0,0,10,0.19999999999999996,10,1.0,10,0,0,0,10,0,0,10,0,1,0,0,0,0,0,10,10,37,3466,3389,290,0,9,46,1.0,2900,0,23177,27,411,2900,30624
2025-07-10,argo,com.grab.sample.dummy,KMPDummyClass80,method7,1,2,0.0,0,0.0,0,0,1,0,5,0,1,0,0.0,0,0,0,5,0.0,0,2.4,0,0,0.0,0,0.0,0.9,68,57,0.1,10,0,0,0,0,1,9,0,0,0,0,0,0,0,0,0,10,0.19999999999999996,10,1.0,10,0,0,0,10,0,0,10,0,1,0,0,0,0,0,10,10,37,3466,3389,290,0,9,46,1.0,2900,0,23177,27,411,2900,30624
2025-07-10,argo,com.grab.sample.dummy,KMPDummyClass80,method8,1,2,0.0,0,0.0,0,0,1,0,5,0,1,0,0.0,0,0,0,5,0.0,0,2.4,0,0,0.0,0,0.0,0.9,68,57,0.1,10,0,0,0,0,1,9,0,0,0,0,0,0,0,0,0,10,0.19999999999999996,10,1.0,10,0,0,0,10,0,0,10,0,1,0,0,0,0,0,10,10,37,3466,3389,290,0,9,46,1.0,2900,0,23177,27,411,2900,30624
2025-07-10,argo,com.grab.sample.dummy,KMPDummyClass80,method9,1,2,0.0,0,0.0,0,0,1,0,5,0,1,0,0.0,0,0,0,5,0.0,0,2.4,0,0,0.0,0,0.0,0.9,68,57,0.1,10,0,0,0,0,1,9,0,0,0,0,0,0,0,0,0,10,0.19999999999999996,10,1.0,10,0,0,0,10,0,0,10,0,1,0,0,0,0,0,10,10,37,3466,3389,290,0,9,46,1.0,2900,0,23177,27,411,2900,30624
2025-07-10,argo,com.grab.sample.dummy,KMPDummyClass80,method10,1,2,0.0,0,0.0,0,0,1,0,5,0,1,0,0.0,0,0,0,5,0.0,0,2.4,0,0,0.0,0,0.0,0.9,68,57,0.1,10,0,0,0,0,1,9,0,0,0,0,0,0,0,0,0,10,0.19999999999999996,10,1.0,10,0,0,0,10,0,0,10,0,1,0,0,0,0,0,10,10,37,3466,3389,290,0,9,46,1.0,2900,0,23177,27,411,2900,30624
2025-07-10,argo,com.grab.sample.dummy,KMPDummyClass81,method1,1,0,9.0,0,0.0,0,0,1,0,12,0,1,10,0.0,10,0,9,1,0.0,1,2.0,0,9,0.0,0,0.0,0.9,68,57,0.1,10,0,0,0,0,1,9,0,0,0,0,0,0,0,0,0,10,0.19999999999999996,10,1.0,10,0,0,0,10,0,0,10,0,1,0,0,0,0,0,10,10,37,3466,3389,290,0,9,46,1.0,2900,0,23177,27,411,2900,30624
2025-07-10,argo,com.grab.sample.dummy,KMPDummyClass81,method2,1,2,0.0,0,0.0,0,0,1,0,5,0,1,0,0.0,0,0,0,5,0.0,0,2.4,0,0,0.0,0,0.0,0.9,68,57,0.1,10,0,0,0,0,1,9,0,0,0,0,0,0,0,0,0,10,0.19999999999999996,10,1.0,10,0,0,0,10,0,0,10,0,1,0,0,0,0,0,10,10,37,3466,3389,290,0,9,46,1.0,2900,0,23177,27,411,2900,30624
2025-07-10,argo,com.grab.sample.dummy,KMPDummyClass81,method3,1,2,0.0,0,0.0,0,0,1,0,5,0,1,0,0.0,0,0,0,5,0.0,0,2.4,0,0,0.0,0,0.0,0.9,68,57,0.1,10,0,0,0,0,1,9,0,0,0,0,0,0,0,0,0,10,0.19999999999999996,10,1.0,10,0,0,0,10,0,0,10,0,1,0,0,0,0,0,10,10,37,3466,3389,290,0,9,46,1.0,2900,0,23177,27,411,2900,30624
2025-07-10,argo,com.grab.sample.dummy,KMPDummyClass81,method4,1,2,0.0,0,0.0,0,0,1,0,5,0,1,0,0.0,0,0,0,5,0.0,0,2.4,0,0,0.0,0,0.0,0.9,68,57,0.1,10,0,0,0,0,1,9,0,0,0,0,0,0,0,0,0,10,0.19999999999999996,10,1.0,10,0,0,0,10,0,0,10,0,1,0,0,0,0,0,10,10,37,3466,3389,290,0,9,46,1.0,2900,0,23177,27,411,2900,30624
2025-07-10,argo,com.grab.sample.dummy,KMPDummyClass81,method5,1,2,0.0,0,0.0,0,0,1,0,5,0,1,0,0.0,0,0,0,5,0.0,0,2.4,0,0,0.0,0,0.0,0.9,68,57,0.1,10,0,0,0,0,1,9,0,0,0,0,0,0,0,0,0,10,0.19999999999999996,10,1.0,10,0,0,0,10,0,0,10,0,1,0,0,0,0,0,10,10,37,3466,3389,290,0,9,46,1.0,2900,0,23177,27,411,2900,30624
2025-07-10,argo,com.grab.sample.dummy,KMPDummyClass81,method6,1,2,0.0,0,0.0,0,0,1,0,5,0,1,0,0.0,0,0,0,5,0.0,0,2.4,0,0,0.0,0,0.0,0.9,68,57,0.1,10,0,0,0,0,1,9,0,0,0,0,0,0,0,0,0,10,0.19999999999999996,10,1.0,10,0,0,0,10,0,0,10,0,1,0,0,0,0,0,10,10,37,3466,3389,290,0,9,46,1.0,2900,0,23177,27,411,2900,30624
2025-07-10,argo,com.grab.sample.dummy,KMPDummyClass81,method7,1,2,0.0,0,0.0,0,0,1,0,5,0,1,0,0.0,0,0,0,5,0.0,0,2.4,0,0,0.0,0,0.0,0.9,68,57,0.1,10,0,0,0,0,1,9,0,0,0,0,0,0,0,0,0,10,0.19999999999999996,10,1.0,10,0,0,0,10,0,0,10,0,1,0,0,0,0,0,10,10,37,3466,3389,290,0,9,46,1.0,2900,0,23177,27,411,2900,30624
2025-07-10,argo,com.grab.sample.dummy,KMPDummyClass81,method8,1,2,0.0,0,0.0,0,0,1,0,5,0,1,0,0.0,0,0,0,5,0.0,0,2.4,0,0,0.0,0,0.0,0.9,68,57,0.1,10,0,0,0,0,1,9,0,0,0,0,0,0,0,0,0,10,0.19999999999999996,10,1.0,10,0,0,0,10,0,0,10,0,1,0,0,0,0,0,10,10,37,3466,3389,290,0,9,46,1.0,2900,0,23177,27,411,2900,30624
2025-07-10,argo,com.grab.sample.dummy,KMPDummyClass81,method9,1,2,0.0,0,0.0,0,0,1,0,5,0,1,0,0.0,0,0,0,5,0.0,0,2.4,0,0,0.0,0,0.0,0.9,68,57,0.1,10,0,0,0,0,1,9,0,0,0,0,0,0,0,0,0,10,0.19999999999999996,10,1.0,10,0,0,0,10,0,0,10,0,1,0,0,0,0,0,10,10,37,3466,3389,290,0,9,46,1.0,2900,0,23177,27,411,2900,30624
2025-07-10,argo,com.grab.sample.dummy,KMPDummyClass81,method10,1,2,0.0,0,0.0,0,0,1,0,5,0,1,0,0.0,0,0,0,5,0.0,0,2.4,0,0,0.0,0,0.0,0.9,68,57,0.1,10,0,0,0,0,1,9,0,0,0,0,0,0,0,0,0,10,0.19999999999999996,10,1.0,10,0,0,0,10,0,0,10,0,1,0,0,0,0,0,10,10,37,3466,3389,290,0,9,46,1.0,2900,0,23177,27,411,2900,30624
2025-07-10,argo,com.grab.sample.dummy,KMPDummyClass82,method1,1,0,9.0,0,0.0,0,0,1,0,12,0,1,10,0.0,10,0,9,1,0.0,1,2.0,0,9,0.0,0,0.0,0.9,68,57,0.1,10,0,0,0,0,1,9,0,0,0,0,0,0,0,0,0,10,0.19999999999999996,10,1.0,10,0,0,0,10,0,0,10,0,1,0,0,0,0,0,10,10,37,3466,3389,290,0,9,46,1.0,2900,0,23177,27,411,2900,30624
2025-07-10,argo,com.grab.sample.dummy,KMPDummyClass82,method2,1,2,0.0,0,0.0,0,0,1,0,5,0,1,0,0.0,0,0,0,5,0.0,0,2.4,0,0,0.0,0,0.0,0.9,68,57,0.1,10,0,0,0,0,1,9,0,0,0,0,0,0,0,0,0,10,0.19999999999999996,10,1.0,10,0,0,0,10,0,0,10,0,1,0,0,0,0,0,10,10,37,3466,3389,290,0,9,46,1.0,2900,0,23177,27,411,2900,30624
2025-07-10,argo,com.grab.sample.dummy,KMPDummyClass82,method3,1,2,0.0,0,0.0,0,0,1,0,5,0,1,0,0.0,0,0,0,5,0.0,0,2.4,0,0,0.0,0,0.0,0.9,68,57,0.1,10,0,0,0,0,1,9,0,0,0,0,0,0,0,0,0,10,0.19999999999999996,10,1.0,10,0,0,0,10,0,0,10,0,1,0,0,0,0,0,10,10,37,3466,3389,290,0,9,46,1.0,2900,0,23177,27,411,2900,30624
2025-07-10,argo,com.grab.sample.dummy,KMPDummyClass82,method4,1,2,0.0,0,0.0,0,0,1,0,5,0,1,0,0.0,0,0,0,5,0.0,0,2.4,0,0,0.0,0,0.0,0.9,68,57,0.1,10,0,0,0,0,1,9,0,0,0,0,0,0,0,0,0,10,0.19999999999999996,10,1.0,10,0,0,0,10,0,0,10,0,1,0,0,0,0,0,10,10,37,3466,3389,290,0,9,46,1.0,2900,0,23177,27,411,2900,30624
2025-07-10,argo,com.grab.sample.dummy,KMPDummyClass82,method5,1,2,0.0,0,0.0,0,0,1,0,5,0,1,0,0.0,0,0,0,5,0.0,0,2.4,0,0,0.0,0,0.0,0.9,68,57,0.1,10,0,0,0,0,1,9,0,0,0,0,0,0,0,0,0,10,0.19999999999999996,10,1.0,10,0,0,0,10,0,0,10,0,1,0,0,0,0,0,10,10,37,3466,3389,290,0,9,46,1.0,2900,0,23177,27,411,2900,30624
2025-07-10,argo,com.grab.sample.dummy,KMPDummyClass82,method6,1,2,0.0,0,0.0,0,0,1,0,5,0,1,0,0.0,0,0,0,5,0.0,0,2.4,0,0,0.0,0,0.0,0.9,68,57,0.1,10,0,0,0,0,1,9,0,0,0,0,0,0,0,0,0,10,0.19999999999999996,10,1.0,10,0,0,0,10,0,0,10,0,1,0,0,0,0,0,10,10,37,3466,3389,290,0,9,46,1.0,2900,0,23177,27,411,2900,30624
2025-07-10,argo,com.grab.sample.dummy,KMPDummyClass82,method7,1,2,0.0,0,0.0,0,0,1,0,5,0,1,0,0.0,0,0,0,5,0.0,0,2.4,0,0,0.0,0,0.0,0.9,68,57,0.1,10,0,0,0,0,1,9,0,0,0,0,0,0,0,0,0,10,0.19999999999999996,10,1.0,10,0,0,0,10,0,0,10,0,1,0,0,0,0,0,10,10,37,3466,3389,290,0,9,46,1.0,2900,0,23177,27,411,2900,30624
2025-07-10,argo,com.grab.sample.dummy,KMPDummyClass82,method8,1,2,0.0,0,0.0,0,0,1,0,5,0,1,0,0.0,0,0,0,5,0.0,0,2.4,0,0,0.0,0,0.0,0.9,68,57,0.1,10,0,0,0,0,1,9,0,0,0,0,0,0,0,0,0,10,0.19999999999999996,10,1.0,10,0,0,0,10,0,0,10,0,1,0,0,0,0,0,10,10,37,3466,3389,290,0,9,46,1.0,2900,0,23177,27,411,2900,30624
2025-07-10,argo,com.grab.sample.dummy,KMPDummyClass82,method9,1,2,0.0,0,0.0,0,0,1,0,5,0,1,0,0.0,0,0,0,5,0.0,0,2.4,0,0,0.0,0,0.0,0.9,68,57,0.1,10,0,0,0,0,1,9,0,0,0,0,0,0,0,0,0,10,0.19999999999999996,10,1.0,10,0,0,0,10,0,0,10,0,1,0,0,0,0,0,10,10,37,3466,3389,290,0,9,46,1.0,2900,0,23177,27,411,2900,30624
2025-07-10,argo,com.grab.sample.dummy,KMPDummyClass82,method10,1,2,0.0,0,0.0,0,0,1,0,5,0,1,0,0.0,0,0,0,5,0.0,0,2.4,0,0,0.0,0,0.0,0.9,68,57,0.1,10,0,0,0,0,1,9,0,0,0,0,0,0,0,0,0,10,0.19999999999999996,10,1.0,10,0,0,0,10,0,0,10,0,1,0,0,0,0,0,10,10,37,3466,3389,290,0,9,46,1.0,2900,0,23177,27,411,2900,30624
2025-07-10,argo,com.grab.sample.dummy,KMPDummyClass83,method1,1,0,9.0,0,0.0,0,0,1,0,12,0,1,10,0.0,10,0,9,1,0.0,1,2.0,0,9,0.0,0,0.0,0.9,68,57,0.1,10,0,0,0,0,1,9,0,0,0,0,0,0,0,0,0,10,0.19999999999999996,10,1.0,10,0,0,0,10,0,0,10,0,1,0,0,0,0,0,10,10,37,3466,3389,290,0,9,46,1.0,2900,0,23177,27,411,2900,30624
2025-07-10,argo,com.grab.sample.dummy,KMPDummyClass83,method2,1,2,0.0,0,0.0,0,0,1,0,5,0,1,0,0.0,0,0,0,5,0.0,0,2.4,0,0,0.0,0,0.0,0.9,68,57,0.1,10,0,0,0,0,1,9,0,0,0,0,0,0,0,0,0,10,0.19999999999999996,10,1.0,10,0,0,0,10,0,0,10,0,1,0,0,0,0,0,10,10,37,3466,3389,290,0,9,46,1.0,2900,0,23177,27,411,2900,30624
2025-07-10,argo,com.grab.sample.dummy,KMPDummyClass83,method3,1,2,0.0,0,0.0,0,0,1,0,5,0,1,0,0.0,0,0,0,5,0.0,0,2.4,0,0,0.0,0,0.0,0.9,68,57,0.1,10,0,0,0,0,1,9,0,0,0,0,0,0,0,0,0,10,0.19999999999999996,10,1.0,10,0,0,0,10,0,0,10,0,1,0,0,0,0,0,10,10,37,3466,3389,290,0,9,46,1.0,2900,0,23177,27,411,2900,30624
2025-07-10,argo,com.grab.sample.dummy,KMPDummyClass83,method4,1,2,0.0,0,0.0,0,0,1,0,5,0,1,0,0.0,0,0,0,5,0.0,0,2.4,0,0,0.0,0,0.0,0.9,68,57,0.1,10,0,0,0,0,1,9,0,0,0,0,0,0,0,0,0,10,0.19999999999999996,10,1.0,10,0,0,0,10,0,0,10,0,1,0,0,0,0,0,10,10,37,3466,3389,290,0,9,46,1.0,2900,0,23177,27,411,2900,30624
2025-07-10,argo,com.grab.sample.dummy,KMPDummyClass83,method5,1,2,0.0,0,0.0,0,0,1,0,5,0,1,0,0.0,0,0,0,5,0.0,0,2.4,0,0,0.0,0,0.0,0.9,68,57,0.1,10,0,0,0,0,1,9,0,0,0,0,0,0,0,0,0,10,0.19999999999999996,10,1.0,10,0,0,0,10,0,0,10,0,1,0,0,0,0,0,10,10,37,3466,3389,290,0,9,46,1.0,2900,0,23177,27,411,2900,30624
2025-07-10,argo,com.grab.sample.dummy,KMPDummyClass83,method6,1,2,0.0,0,0.0,0,0,1,0,5,0,1,0,0.0,0,0,0,5,0.0,0,2.4,0,0,0.0,0,0.0,0.9,68,57,0.1,10,0,0,0,0,1,9,0,0,0,0,0,0,0,0,0,10,0.19999999999999996,10,1.0,10,0,0,0,10,0,0,10,0,1,0,0,0,0,0,10,10,37,3466,3389,290,0,9,46,1.0,2900,0,23177,27,411,2900,30624
2025-07-10,argo,com.grab.sample.dummy,KMPDummyClass83,method7,1,2,0.0,0,0.0,0,0,1,0,5,0,1,0,0.0,0,0,0,5,0.0,0,2.4,0,0,0.0,0,0.0,0.9,68,57,0.1,10,0,0,0,0,1,9,0,0,0,0,0,0,0,0,0,10,0.19999999999999996,10,1.0,10,0,0,0,10,0,0,10,0,1,0,0,0,0,0,10,10,37,3466,3389,290,0,9,46,1.0,2900,0,23177,27,411,2900,30624
2025-07-10,argo,com.grab.sample.dummy,KMPDummyClass83,method8,1,2,0.0,0,0.0,0,0,1,0,5,0,1,0,0.0,0,0,0,5,0.0,0,2.4,0,0,0.0,0,0.0,0.9,68,57,0.1,10,0,0,0,0,1,9,0,0,0,0,0,0,0,0,0,10,0.19999999999999996,10,1.0,10,0,0,0,10,0,0,10,0,1,0,0,0,0,0,10,10,37,3466,3389,290,0,9,46,1.0,2900,0,23177,27,411,2900,30624
2025-07-10,argo,com.grab.sample.dummy,KMPDummyClass83,method9,1,2,0.0,0,0.0,0,0,1,0,5,0,1,0,0.0,0,0,0,5,0.0,0,2.4,0,0,0.0,0,0.0,0.9,68,57,0.1,10,0,0,0,0,1,9,0,0,0,0,0,0,0,0,0,10,0.19999999999999996,10,1.0,10,0,0,0,10,0,0,10,0,1,0,0,0,0,0,10,10,37,3466,3389,290,0,9,46,1.0,2900,0,23177,27,411,2900,30624
2025-07-10,argo,com.grab.sample.dummy,KMPDummyClass83,method10,1,2,0.0,0,0.0,0,0,1,0,5,0,1,0,0.0,0,0,0,5,0.0,0,2.4,0,0,0.0,0,0.0,0.9,68,57,0.1,10,0,0,0,0,1,9,0,0,0,0,0,0,0,0,0,10,0.19999999999999996,10,1.0,10,0,0,0,10,0,0,10,0,1,0,0,0,0,0,10,10,37,3466,3389,290,0,9,46,1.0,2900,0,23177,27,411,2900,30624
2025-07-10,argo,com.grab.sample.dummy,KMPDummyClass84,method1,1,0,9.0,0,0.0,0,0,1,0,12,0,1,10,0.0,10,0,9,1,0.0,1,2.0,0,9,0.0,0,0.0,0.9,68,57,0.1,10,0,0,0,0,1,9,0,0,0,0,0,0,0,0,0,10,0.19999999999999996,10,1.0,10,0,0,0,10,0,0,10,0,1,0,0,0,0,0,10,10,37,3466,3389,290,0,9,46,1.0,2900,0,23177,27,411,2900,30624
2025-07-10,argo,com.grab.sample.dummy,KMPDummyClass84,method2,1,2,0.0,0,0.0,0,0,1,0,5,0,1,0,0.0,0,0,0,5,0.0,0,2.4,0,0,0.0,0,0.0,0.9,68,57,0.1,10,0,0,0,0,1,9,0,0,0,0,0,0,0,0,0,10,0.19999999999999996,10,1.0,10,0,0,0,10,0,0,10,0,1,0,0,0,0,0,10,10,37,3466,3389,290,0,9,46,1.0,2900,0,23177,27,411,2900,30624
2025-07-10,argo,com.grab.sample.dummy,KMPDummyClass84,method3,1,2,0.0,0,0.0,0,0,1,0,5,0,1,0,0.0,0,0,0,5,0.0,0,2.4,0,0,0.0,0,0.0,0.9,68,57,0.1,10,0,0,0,0,1,9,0,0,0,0,0,0,0,0,0,10,0.19999999999999996,10,1.0,10,0,0,0,10,0,0,10,0,1,0,0,0,0,0,10,10,37,3466,3389,290,0,9,46,1.0,2900,0,23177,27,411,2900,30624
2025-07-10,argo,com.grab.sample.dummy,KMPDummyClass84,method4,1,2,0.0,0,0.0,0,0,1,0,5,0,1,0,0.0,0,0,0,5,0.0,0,2.4,0,0,0.0,0,0.0,0.9,68,57,0.1,10,0,0,0,0,1,9,0,0,0,0,0,0,0,0,0,10,0.19999999999999996,10,1.0,10,0,0,0,10,0,0,10,0,1,0,0,0,0,0,10,10,37,3466,3389,290,0,9,46,1.0,2900,0,23177,27,411,2900,30624
2025-07-10,argo,com.grab.sample.dummy,KMPDummyClass84,method5,1,2,0.0,0,0.0,0,0,1,0,5,0,1,0,0.0,0,0,0,5,0.0,0,2.4,0,0,0.0,0,0.0,0.9,68,57,0.1,10,0,0,0,0,1,9,0,0,0,0,0,0,0,0,0,10,0.19999999999999996,10,1.0,10,0,0,0,10,0,0,10,0,1,0,0,0,0,0,10,10,37,3466,3389,290,0,9,46,1.0,2900,0,23177,27,411,2900,30624
2025-07-10,argo,com.grab.sample.dummy,KMPDummyClass84,method6,1,2,0.0,0,0.0,0,0,1,0,5,0,1,0,0.0,0,0,0,5,0.0,0,2.4,0,0,0.0,0,0.0,0.9,68,57,0.1,10,0,0,0,0,1,9,0,0,0,0,0,0,0,0,0,10,0.19999999999999996,10,1.0,10,0,0,0,10,0,0,10,0,1,0,0,0,0,0,10,10,37,3466,3389,290,0,9,46,1.0,2900,0,23177,27,411,2900,30624
2025-07-10,argo,com.grab.sample.dummy,KMPDummyClass84,method7,1,2,0.0,0,0.0,0,0,1,0,5,0,1,0,0.0,0,0,0,5,0.0,0,2.4,0,0,0.0,0,0.0,0.9,68,57,0.1,10,0,0,0,0,1,9,0,0,0,0,0,0,0,0,0,10,0.19999999999999996,10,1.0,10,0,0,0,10,0,0,10,0,1,0,0,0,0,0,10,10,37,3466,3389,290,0,9,46,1.0,2900,0,23177,27,411,2900,30624
2025-07-10,argo,com.grab.sample.dummy,KMPDummyClass84,method8,1,2,0.0,0,0.0,0,0,1,0,5,0,1,0,0.0,0,0,0,5,0.0,0,2.4,0,0,0.0,0,0.0,0.9,68,57,0.1,10,0,0,0,0,1,9,0,0,0,0,0,0,0,0,0,10,0.19999999999999996,10,1.0,10,0,0,0,10,0,0,10,0,1,0,0,0,0,0,10,10,37,3466,3389,290,0,9,46,1.0,2900,0,23177,27,411,2900,30624
2025-07-10,argo,com.grab.sample.dummy,KMPDummyClass84,method9,1,2,0.0,0,0.0,0,0,1,0,5,0,1,0,0.0,0,0,0,5,0.0,0,2.4,0,0,0.0,0,0.0,0.9,68,57,0.1,10,0,0,0,0,1,9,0,0,0,0,0,0,0,0,0,10,0.19999999999999996,10,1.0,10,0,0,0,10,0,0,10,0,1,0,0,0,0,0,10,10,37,3466,3389,290,0,9,46,1.0,2900,0,23177,27,411,2900,30624
2025-07-10,argo,com.grab.sample.dummy,KMPDummyClass84,method10,1,2,0.0,0,0.0,0,0,1,0,5,0,1,0,0.0,0,0,0,5,0.0,0,2.4,0,0,0.0,0,0.0,0.9,68,57,0.1,10,0,0,0,0,1,9,0,0,0,0,0,0,0,0,0,10,0.19999999999999996,10,1.0,10,0,0,0,10,0,0,10,0,1,0,0,0,0,0,10,10,37,3466,3389,290,0,9,46,1.0,2900,0,23177,27,411,2900,30624
2025-07-10,argo,com.grab.sample.dummy,KMPDummyClass85,method1,1,0,9.0,0,0.0,0,0,1,0,12,0,1,10,0.0,10,0,9,1,0.0,1,2.0,0,9,0.0,0,0.0,0.9,68,57,0.1,10,0,0,0,0,1,9,0,0,0,0,0,0,0,0,0,10,0.19999999999999996,10,1.0,10,0,0,0,10,0,0,10,0,1,0,0,0,0,0,10,10,37,3466,3389,290,0,9,46,1.0,2900,0,23177,27,411,2900,30624
2025-07-10,argo,com.grab.sample.dummy,KMPDummyClass85,method2,1,2,0.0,0,0.0,0,0,1,0,5,0,1,0,0.0,0,0,0,5,0.0,0,2.4,0,0,0.0,0,0.0,0.9,68,57,0.1,10,0,0,0,0,1,9,0,0,0,0,0,0,0,0,0,10,0.19999999999999996,10,1.0,10,0,0,0,10,0,0,10,0,1,0,0,0,0,0,10,10,37,3466,3389,290,0,9,46,1.0,2900,0,23177,27,411,2900,30624
2025-07-10,argo,com.grab.sample.dummy,KMPDummyClass85,method3,1,2,0.0,0,0.0,0,0,1,0,5,0,1,0,0.0,0,0,0,5,0.0,0,2.4,0,0,0.0,0,0.0,0.9,68,57,0.1,10,0,0,0,0,1,9,0,0,0,0,0,0,0,0,0,10,0.19999999999999996,10,1.0,10,0,0,0,10,0,0,10,0,1,0,0,0,0,0,10,10,37,3466,3389,290,0,9,46,1.0,2900,0,23177,27,411,2900,30624
2025-07-10,argo,com.grab.sample.dummy,KMPDummyClass85,method4,1,2,0.0,0,0.0,0,0,1,0,5,0,1,0,0.0,0,0,0,5,0.0,0,2.4,0,0,0.0,0,0.0,0.9,68,57,0.1,10,0,0,0,0,1,9,0,0,0,0,0,0,0,0,0,10,0.19999999999999996,10,1.0,10,0,0,0,10,0,0,10,0,1,0,0,0,0,0,10,10,37,3466,3389,290,0,9,46,1.0,2900,0,23177,27,411,2900,30624
2025-07-10,argo,com.grab.sample.dummy,KMPDummyClass85,method5,1,2,0.0,0,0.0,0,0,1,0,5,0,1,0,0.0,0,0,0,5,0.0,0,2.4,0,0,0.0,0,0.0,0.9,68,57,0.1,10,0,0,0,0,1,9,0,0,0,0,0,0,0,0,0,10,0.19999999999999996,10,1.0,10,0,0,0,10,0,0,10,0,1,0,0,0,0,0,10,10,37,3466,3389,290,0,9,46,1.0,2900,0,23177,27,411,2900,30624
2025-07-10,argo,com.grab.sample.dummy,KMPDummyClass85,method6,1,2,0.0,0,0.0,0,0,1,0,5,0,1,0,0.0,0,0,0,5,0.0,0,2.4,0,0,0.0,0,0.0,0.9,68,57,0.1,10,0,0,0,0,1,9,0,0,0,0,0,0,0,0,0,10,0.19999999999999996,10,1.0,10,0,0,0,10,0,0,10,0,1,0,0,0,0,0,10,10,37,3466,3389,290,0,9,46,1.0,2900,0,23177,27,411,2900,30624
2025-07-10,argo,com.grab.sample.dummy,KMPDummyClass85,method7,1,2,0.0,0,0.0,0,0,1,0,5,0,1,0,0.0,0,0,0,5,0.0,0,2.4,0,0,0.0,0,0.0,0.9,68,57,0.1,10,0,0,0,0,1,9,0,0,0,0,0,0,0,0,0,10,0.19999999999999996,10,1.0,10,0,0,0,10,0,0,10,0,1,0,0,0,0,0,10,10,37,3466,3389,290,0,9,46,1.0,2900,0,23177,27,411,2900,30624
2025-07-10,argo,com.grab.sample.dummy,KMPDummyClass85,method8,1,2,0.0,0,0.0,0,0,1,0,5,0,1,0,0.0,0,0,0,5,0.0,0,2.4,0,0,0.0,0,0.0,0.9,68,57,0.1,10,0,0,0,0,1,9,0,0,0,0,0,0,0,0,0,10,0.19999999999999996,10,1.0,10,0,0,0,10,0,0,10,0,1,0,0,0,0,0,10,10,37,3466,3389,290,0,9,46,1.0,2900,0,23177,27,411,2900,30624
2025-07-10,argo,com.grab.sample.dummy,KMPDummyClass85,method9,1,2,0.0,0,0.0,0,0,1,0,5,0,1,0,0.0,0,0,0,5,0.0,0,2.4,0,0,0.0,0,0.0,0.9,68,57,0.1,10,0,0,0,0,1,9,0,0,0,0,0,0,0,0,0,10,0.19999999999999996,10,1.0,10,0,0,0,10,0,0,10,0,1,0,0,0,0,0,10,10,37,3466,3389,290,0,9,46,1.0,2900,0,23177,27,411,2900,30624
2025-07-10,argo,com.grab.sample.dummy,KMPDummyClass85,method10,1,2,0.0,0,0.0,0,0,1,0,5,0,1,0,0.0,0,0,0,5,0.0,0,2.4,0,0,0.0,0,0.0,0.9,68,57,0.1,10,0,0,0,0,1,9,0,0,0,0,0,0,0,0,0,10,0.19999999999999996,10,1.0,10,0,0,0,10,0,0,10,0,1,0,0,0,0,0,10,10,37,3466,3389,290,0,9,46,1.0,2900,0,23177,27,411,2900,30624
2025-07-10,argo,com.grab.sample.dummy,KMPDummyClass86,method1,1,0,9.0,0,0.0,0,0,1,0,12,0,1,10,0.0,10,0,9,1,0.0,1,2.0,0,9,0.0,0,0.0,0.9,68,57,0.1,10,0,0,0,0,1,9,0,0,0,0,0,0,0,0,0,10,0.19999999999999996,10,1.0,10,0,0,0,10,0,0,10,0,1,0,0,0,0,0,10,10,37,3466,3389,290,0,9,46,1.0,2900,0,23177,27,411,2900,30624
2025-07-10,argo,com.grab.sample.dummy,KMPDummyClass86,method2,1,2,0.0,0,0.0,0,0,1,0,5,0,1,0,0.0,0,0,0,5,0.0,0,2.4,0,0,0.0,0,0.0,0.9,68,57,0.1,10,0,0,0,0,1,9,0,0,0,0,0,0,0,0,0,10,0.19999999999999996,10,1.0,10,0,0,0,10,0,0,10,0,1,0,0,0,0,0,10,10,37,3466,3389,290,0,9,46,1.0,2900,0,23177,27,411,2900,30624
2025-07-10,argo,com.grab.sample.dummy,KMPDummyClass86,method3,1,2,0.0,0,0.0,0,0,1,0,5,0,1,0,0.0,0,0,0,5,0.0,0,2.4,0,0,0.0,0,0.0,0.9,68,57,0.1,10,0,0,0,0,1,9,0,0,0,0,0,0,0,0,0,10,0.19999999999999996,10,1.0,10,0,0,0,10,0,0,10,0,1,0,0,0,0,0,10,10,37,3466,3389,290,0,9,46,1.0,2900,0,23177,27,411,2900,30624
2025-07-10,argo,com.grab.sample.dummy,KMPDummyClass86,method4,1,2,0.0,0,0.0,0,0,1,0,5,0,1,0,0.0,0,0,0,5,0.0,0,2.4,0,0,0.0,0,0.0,0.9,68,57,0.1,10,0,0,0,0,1,9,0,0,0,0,0,0,0,0,0,10,0.19999999999999996,10,1.0,10,0,0,0,10,0,0,10,0,1,0,0,0,0,0,10,10,37,3466,3389,290,0,9,46,1.0,2900,0,23177,27,411,2900,30624
2025-07-10,argo,com.grab.sample.dummy,KMPDummyClass86,method5,1,2,0.0,0,0.0,0,0,1,0,5,0,1,0,0.0,0,0,0,5,0.0,0,2.4,0,0,0.0,0,0.0,0.9,68,57,0.1,10,0,0,0,0,1,9,0,0,0,0,0,0,0,0,0,10,0.19999999999999996,10,1.0,10,0,0,0,10,0,0,10,0,1,0,0,0,0,0,10,10,37,3466,3389,290,0,9,46,1.0,2900,0,23177,27,411,2900,30624
2025-07-10,argo,com.grab.sample.dummy,KMPDummyClass86,method6,1,2,0.0,0,0.0,0,0,1,0,5,0,1,0,0.0,0,0,0,5,0.0,0,2.4,0,0,0.0,0,0.0,0.9,68,57,0.1,10,0,0,0,0,1,9,0,0,0,0,0,0,0,0,0,10,0.19999999999999996,10,1.0,10,0,0,0,10,0,0,10,0,1,0,0,0,0,0,10,10,37,3466,3389,290,0,9,46,1.0,2900,0,23177,27,411,2900,30624
2025-07-10,argo,com.grab.sample.dummy,KMPDummyClass86,method7,1,2,0.0,0,0.0,0,0,1,0,5,0,1,0,0.0,0,0,0,5,0.0,0,2.4,0,0,0.0,0,0.0,0.9,68,57,0.1,10,0,0,0,0,1,9,0,0,0,0,0,0,0,0,0,10,0.19999999999999996,10,1.0,10,0,0,0,10,0,0,10,0,1,0,0,0,0,0,10,10,37,3466,3389,290,0,9,46,1.0,2900,0,23177,27,411,2900,30624
2025-07-10,argo,com.grab.sample.dummy,KMPDummyClass86,method8,1,2,0.0,0,0.0,0,0,1,0,5,0,1,0,0.0,0,0,0,5,0.0,0,2.4,0,0,0.0,0,0.0,0.9,68,57,0.1,10,0,0,0,0,1,9,0,0,0,0,0,0,0,0,0,10,0.19999999999999996,10,1.0,10,0,0,0,10,0,0,10,0,1,0,0,0,0,0,10,10,37,3466,3389,290,0,9,46,1.0,2900,0,23177,27,411,2900,30624
2025-07-10,argo,com.grab.sample.dummy,KMPDummyClass86,method9,1,2,0.0,0,0.0,0,0,1,0,5,0,1,0,0.0,0,0,0,5,0.0,0,2.4,0,0,0.0,0,0.0,0.9,68,57,0.1,10,0,0,0,0,1,9,0,0,0,0,0,0,0,0,0,10,0.19999999999999996,10,1.0,10,0,0,0,10,0,0,10,0,1,0,0,0,0,0,10,10,37,3466,3389,290,0,9,46,1.0,2900,0,23177,27,411,2900,30624
2025-07-10,argo,com.grab.sample.dummy,KMPDummyClass86,method10,1,2,0.0,0,0.0,0,0,1,0,5,0,1,0,0.0,0,0,0,5,0.0,0,2.4,0,0,0.0,0,0.0,0.9,68,57,0.1,10,0,0,0,0,1,9,0,0,0,0,0,0,0,0,0,10,0.19999999999999996,10,1.0,10,0,0,0,10,0,0,10,0,1,0,0,0,0,0,10,10,37,3466,3389,290,0,9,46,1.0,2900,0,23177,27,411,2900,30624
2025-07-10,argo,com.grab.sample.dummy,KMPDummyClass87,method1,1,0,9.0,0,0.0,0,0,1,0,12,0,1,10,0.0,10,0,9,1,0.0,1,2.0,0,9,0.0,0,0.0,0.9,68,57,0.1,10,0,0,0,0,1,9,0,0,0,0,0,0,0,0,0,10,0.19999999999999996,10,1.0,10,0,0,0,10,0,0,10,0,1,0,0,0,0,0,10,10,37,3466,3389,290,0,9,46,1.0,2900,0,23177,27,411,2900,30624
2025-07-10,argo,com.grab.sample.dummy,KMPDummyClass87,method2,1,2,0.0,0,0.0,0,0,1,0,5,0,1,0,0.0,0,0,0,5,0.0,0,2.4,0,0,0.0,0,0.0,0.9,68,57,0.1,10,0,0,0,0,1,9,0,0,0,0,0,0,0,0,0,10,0.19999999999999996,10,1.0,10,0,0,0,10,0,0,10,0,1,0,0,0,0,0,10,10,37,3466,3389,290,0,9,46,1.0,2900,0,23177,27,411,2900,30624
2025-07-10,argo,com.grab.sample.dummy,KMPDummyClass87,method3,1,2,0.0,0,0.0,0,0,1,0,5,0,1,0,0.0,0,0,0,5,0.0,0,2.4,0,0,0.0,0,0.0,0.9,68,57,0.1,10,0,0,0,0,1,9,0,0,0,0,0,0,0,0,0,10,0.19999999999999996,10,1.0,10,0,0,0,10,0,0,10,0,1,0,0,0,0,0,10,10,37,3466,3389,290,0,9,46,1.0,2900,0,23177,27,411,2900,30624
2025-07-10,argo,com.grab.sample.dummy,KMPDummyClass87,method4,1,2,0.0,0,0.0,0,0,1,0,5,0,1,0,0.0,0,0,0,5,0.0,0,2.4,0,0,0.0,0,0.0,0.9,68,57,0.1,10,0,0,0,0,1,9,0,0,0,0,0,0,0,0,0,10,0.19999999999999996,10,1.0,10,0,0,0,10,0,0,10,0,1,0,0,0,0,0,10,10,37,3466,3389,290,0,9,46,1.0,2900,0,23177,27,411,2900,30624
2025-07-10,argo,com.grab.sample.dummy,KMPDummyClass87,method5,1,2,0.0,0,0.0,0,0,1,0,5,0,1,0,0.0,0,0,0,5,0.0,0,2.4,0,0,0.0,0,0.0,0.9,68,57,0.1,10,0,0,0,0,1,9,0,0,0,0,0,0,0,0,0,10,0.19999999999999996,10,1.0,10,0,0,0,10,0,0,10,0,1,0,0,0,0,0,10,10,37,3466,3389,290,0,9,46,1.0,2900,0,23177,27,411,2900,30624
2025-07-10,argo,com.grab.sample.dummy,KMPDummyClass87,method6,1,2,0.0,0,0.0,0,0,1,0,5,0,1,0,0.0,0,0,0,5,0.0,0,2.4,0,0,0.0,0,0.0,0.9,68,57,0.1,10,0,0,0,0,1,9,0,0,0,0,0,0,0,0,0,10,0.19999999999999996,10,1.0,10,0,0,0,10,0,0,10,0,1,0,0,0,0,0,10,10,37,3466,3389,290,0,9,46,1.0,2900,0,23177,27,411,2900,30624
2025-07-10,argo,com.grab.sample.dummy,KMPDummyClass87,method7,1,2,0.0,0,0.0,0,0,1,0,5,0,1,0,0.0,0,0,0,5,0.0,0,2.4,0,0,0.0,0,0.0,0.9,68,57,0.1,10,0,0,0,0,1,9,0,0,0,0,0,0,0,0,0,10,0.19999999999999996,10,1.0,10,0,0,0,10,0,0,10,0,1,0,0,0,0,0,10,10,37,3466,3389,290,0,9,46,1.0,2900,0,23177,27,411,2900,30624
2025-07-10,argo,com.grab.sample.dummy,KMPDummyClass87,method8,1,2,0.0,0,0.0,0,0,1,0,5,0,1,0,0.0,0,0,0,5,0.0,0,2.4,0,0,0.0,0,0.0,0.9,68,57,0.1,10,0,0,0,0,1,9,0,0,0,0,0,0,0,0,0,10,0.19999999999999996,10,1.0,10,0,0,0,10,0,0,10,0,1,0,0,0,0,0,10,10,37,3466,3389,290,0,9,46,1.0,2900,0,23177,27,411,2900,30624
2025-07-10,argo,com.grab.sample.dummy,KMPDummyClass87,method9,1,2,0.0,0,0.0,0,0,1,0,5,0,1,0,0.0,0,0,0,5,0.0,0,2.4,0,0,0.0,0,0.0,0.9,68,57,0.1,10,0,0,0,0,1,9,0,0,0,0,0,0,0,0,0,10,0.19999999999999996,10,1.0,10,0,0,0,10,0,0,10,0,1,0,0,0,0,0,10,10,37,3466,3389,290,0,9,46,1.0,2900,0,23177,27,411,2900,30624
2025-07-10,argo,com.grab.sample.dummy,KMPDummyClass87,method10,1,2,0.0,0,0.0,0,0,1,0,5,0,1,0,0.0,0,0,0,5,0.0,0,2.4,0,0,0.0,0,0.0,0.9,68,57,0.1,10,0,0,0,0,1,9,0,0,0,0,0,0,0,0,0,10,0.19999999999999996,10,1.0,10,0,0,0,10,0,0,10,0,1,0,0,0,0,0,10,10,37,3466,3389,290,0,9,46,1.0,2900,0,23177,27,411,2900,30624
2025-07-10,argo,com.grab.sample.dummy,KMPDummyClass88,method1,1,0,9.0,0,0.0,0,0,1,0,12,0,1,10,0.0,10,0,9,1,0.0,1,2.0,0,9,0.0,0,0.0,0.9,68,57,0.1,10,0,0,0,0,1,9,0,0,0,0,0,0,0,0,0,10,0.19999999999999996,10,1.0,10,0,0,0,10,0,0,10,0,1,0,0,0,0,0,10,10,37,3466,3389,290,0,9,46,1.0,2900,0,23177,27,411,2900,30624
2025-07-10,argo,com.grab.sample.dummy,KMPDummyClass88,method2,1,2,0.0,0,0.0,0,0,1,0,5,0,1,0,0.0,0,0,0,5,0.0,0,2.4,0,0,0.0,0,0.0,0.9,68,57,0.1,10,0,0,0,0,1,9,0,0,0,0,0,0,0,0,0,10,0.19999999999999996,10,1.0,10,0,0,0,10,0,0,10,0,1,0,0,0,0,0,10,10,37,3466,3389,290,0,9,46,1.0,2900,0,23177,27,411,2900,30624
2025-07-10,argo,com.grab.sample.dummy,KMPDummyClass88,method3,1,2,0.0,0,0.0,0,0,1,0,5,0,1,0,0.0,0,0,0,5,0.0,0,2.4,0,0,0.0,0,0.0,0.9,68,57,0.1,10,0,0,0,0,1,9,0,0,0,0,0,0,0,0,0,10,0.19999999999999996,10,1.0,10,0,0,0,10,0,0,10,0,1,0,0,0,0,0,10,10,37,3466,3389,290,0,9,46,1.0,2900,0,23177,27,411,2900,30624
2025-07-10,argo,com.grab.sample.dummy,KMPDummyClass88,method4,1,2,0.0,0,0.0,0,0,1,0,5,0,1,0,0.0,0,0,0,5,0.0,0,2.4,0,0,0.0,0,0.0,0.9,68,57,0.1,10,0,0,0,0,1,9,0,0,0,0,0,0,0,0,0,10,0.19999999999999996,10,1.0,10,0,0,0,10,0,0,10,0,1,0,0,0,0,0,10,10,37,3466,3389,290,0,9,46,1.0,2900,0,23177,27,411,2900,30624
2025-07-10,argo,com.grab.sample.dummy,KMPDummyClass88,method5,1,2,0.0,0,0.0,0,0,1,0,5,0,1,0,0.0,0,0,0,5,0.0,0,2.4,0,0,0.0,0,0.0,0.9,68,57,0.1,10,0,0,0,0,1,9,0,0,0,0,0,0,0,0,0,10,0.19999999999999996,10,1.0,10,0,0,0,10,0,0,10,0,1,0,0,0,0,0,10,10,37,3466,3389,290,0,9,46,1.0,2900,0,23177,27,411,2900,30624
2025-07-10,argo,com.grab.sample.dummy,KMPDummyClass88,method6,1,2,0.0,0,0.0,0,0,1,0,5,0,1,0,0.0,0,0,0,5,0.0,0,2.4,0,0,0.0,0,0.0,0.9,68,57,0.1,10,0,0,0,0,1,9,0,0,0,0,0,0,0,0,0,10,0.19999999999999996,10,1.0,10,0,0,0,10,0,0,10,0,1,0,0,0,0,0,10,10,37,3466,3389,290,0,9,46,1.0,2900,0,23177,27,411,2900,30624
2025-07-10,argo,com.grab.sample.dummy,KMPDummyClass88,method7,1,2,0.0,0,0.0,0,0,1,0,5,0,1,0,0.0,0,0,0,5,0.0,0,2.4,0,0,0.0,0,0.0,0.9,68,57,0.1,10,0,0,0,0,1,9,0,0,0,0,0,0,0,0,0,10,0.19999999999999996,10,1.0,10,0,0,0,10,0,0,10,0,1,0,0,0,0,0,10,10,37,3466,3389,290,0,9,46,1.0,2900,0,23177,27,411,2900,30624
2025-07-10,argo,com.grab.sample.dummy,KMPDummyClass88,method8,1,2,0.0,0,0.0,0,0,1,0,5,0,1,0,0.0,0,0,0,5,0.0,0,2.4,0,0,0.0,0,0.0,0.9,68,57,0.1,10,0,0,0,0,1,9,0,0,0,0,0,0,0,0,0,10,0.19999999999999996,10,1.0,10,0,0,0,10,0,0,10,0,1,0,0,0,0,0,10,10,37,3466,3389,290,0,9,46,1.0,2900,0,23177,27,411,2900,30624
2025-07-10,argo,com.grab.sample.dummy,KMPDummyClass88,method9,1,2,0.0,0,0.0,0,0,1,0,5,0,1,0,0.0,0,0,0,5,0.0,0,2.4,0,0,0.0,0,0.0,0.9,68,57,0.1,10,0,0,0,0,1,9,0,0,0,0,0,0,0,0,0,10,0.19999999999999996,10,1.0,10,0,0,0,10,0,0,10,0,1,0,0,0,0,0,10,10,37,3466,3389,290,0,9,46,1.0,2900,0,23177,27,411,2900,30624
2025-07-10,argo,com.grab.sample.dummy,KMPDummyClass88,method10,1,2,0.0,0,0.0,0,0,1,0,5,0,1,0,0.0,0,0,0,5,0.0,0,2.4,0,0,0.0,0,0.0,0.9,68,57,0.1,10,0,0,0,0,1,9,0,0,0,0,0,0,0,0,0,10,0.19999999999999996,10,1.0,10,0,0,0,10,0,0,10,0,1,0,0,0,0,0,10,10,37,3466,3389,290,0,9,46,1.0,2900,0,23177,27,411,2900,30624
2025-07-10,argo,com.grab.sample.dummy,KMPDummyClass89,method1,1,0,9.0,0,0.0,0,0,1,0,12,0,1,10,0.0,10,0,9,1,0.0,1,2.0,0,9,0.0,0,0.0,0.9,68,57,0.1,10,0,0,0,0,1,9,0,0,0,0,0,0,0,0,0,10,0.19999999999999996,10,1.0,10,0,0,0,10,0,0,10,0,1,0,0,0,0,0,10,10,37,3466,3389,290,0,9,46,1.0,2900,0,23177,27,411,2900,30624
2025-07-10,argo,com.grab.sample.dummy,KMPDummyClass89,method2,1,2,0.0,0,0.0,0,0,1,0,5,0,1,0,0.0,0,0,0,5,0.0,0,2.4,0,0,0.0,0,0.0,0.9,68,57,0.1,10,0,0,0,0,1,9,0,0,0,0,0,0,0,0,0,10,0.19999999999999996,10,1.0,10,0,0,0,10,0,0,10,0,1,0,0,0,0,0,10,10,37,3466,3389,290,0,9,46,1.0,2900,0,23177,27,411,2900,30624
2025-07-10,argo,com.grab.sample.dummy,KMPDummyClass89,method3,1,2,0.0,0,0.0,0,0,1,0,5,0,1,0,0.0,0,0,0,5,0.0,0,2.4,0,0,0.0,0,0.0,0.9,68,57,0.1,10,0,0,0,0,1,9,0,0,0,0,0,0,0,0,0,10,0.19999999999999996,10,1.0,10,0,0,0,10,0,0,10,0,1,0,0,0,0,0,10,10,37,3466,3389,290,0,9,46,1.0,2900,0,23177,27,411,2900,30624
2025-07-10,argo,com.grab.sample.dummy,KMPDummyClass89,method4,1,2,0.0,0,0.0,0,0,1,0,5,0,1,0,0.0,0,0,0,5,0.0,0,2.4,0,0,0.0,0,0.0,0.9,68,57,0.1,10,0,0,0,0,1,9,0,0,0,0,0,0,0,0,0,10,0.19999999999999996,10,1.0,10,0,0,0,10,0,0,10,0,1,0,0,0,0,0,10,10,37,3466,3389,290,0,9,46,1.0,2900,0,23177,27,411,2900,30624
2025-07-10,argo,com.grab.sample.dummy,KMPDummyClass89,method5,1,2,0.0,0,0.0,0,0,1,0,5,0,1,0,0.0,0,0,0,5,0.0,0,2.4,0,0,0.0,0,0.0,0.9,68,57,0.1,10,0,0,0,0,1,9,0,0,0,0,0,0,0,0,0,10,0.19999999999999996,10,1.0,10,0,0,0,10,0,0,10,0,1,0,0,0,0,0,10,10,37,3466,3389,290,0,9,46,1.0,2900,0,23177,27,411,2900,30624
2025-07-10,argo,com.grab.sample.dummy,KMPDummyClass89,method6,1,2,0.0,0,0.0,0,0,1,0,5,0,1,0,0.0,0,0,0,5,0.0,0,2.4,0,0,0.0,0,0.0,0.9,68,57,0.1,10,0,0,0,0,1,9,0,0,0,0,0,0,0,0,0,10,0.19999999999999996,10,1.0,10,0,0,0,10,0,0,10,0,1,0,0,0,0,0,10,10,37,3466,3389,290,0,9,46,1.0,2900,0,23177,27,411,2900,30624
2025-07-10,argo,com.grab.sample.dummy,KMPDummyClass89,method7,1,2,0.0,0,0.0,0,0,1,0,5,0,1,0,0.0,0,0,0,5,0.0,0,2.4,0,0,0.0,0,0.0,0.9,68,57,0.1,10,0,0,0,0,1,9,0,0,0,0,0,0,0,0,0,10,0.19999999999999996,10,1.0,10,0,0,0,10,0,0,10,0,1,0,0,0,0,0,10,10,37,3466,3389,290,0,9,46,1.0,2900,0,23177,27,411,2900,30624
2025-07-10,argo,com.grab.sample.dummy,KMPDummyClass89,method8,1,2,0.0,0,0.0,0,0,1,0,5,0,1,0,0.0,0,0,0,5,0.0,0,2.4,0,0,0.0,0,0.0,0.9,68,57,0.1,10,0,0,0,0,1,9,0,0,0,0,0,0,0,0,0,10,0.19999999999999996,10,1.0,10,0,0,0,10,0,0,10,0,1,0,0,0,0,0,10,10,37,3466,3389,290,0,9,46,1.0,2900,0,23177,27,411,2900,30624
2025-07-10,argo,com.grab.sample.dummy,KMPDummyClass89,method9,1,2,0.0,0,0.0,0,0,1,0,5,0,1,0,0.0,0,0,0,5,0.0,0,2.4,0,0,0.0,0,0.0,0.9,68,57,0.1,10,0,0,0,0,1,9,0,0,0,0,0,0,0,0,0,10,0.19999999999999996,10,1.0,10,0,0,0,10,0,0,10,0,1,0,0,0,0,0,10,10,37,3466,3389,290,0,9,46,1.0,2900,0,23177,27,411,2900,30624
2025-07-10,argo,com.grab.sample.dummy,KMPDummyClass89,method10,1,2,0.0,0,0.0,0,0,1,0,5,0,1,0,0.0,0,0,0,5,0.0,0,2.4,0,0,0.0,0,0.0,0.9,68,57,0.1,10,0,0,0,0,1,9,0,0,0,0,0,0,0,0,0,10,0.19999999999999996,10,1.0,10,0,0,0,10,0,0,10,0,1,0,0,0,0,0,10,10,37,3466,3389,290,0,9,46,1.0,2900,0,23177,27,411,2900,30624
2025-07-10,argo,com.grab.sample.dummy,KMPDummyClass9,method1,1,0,9.0,0,0.0,0,0,1,0,12,0,1,10,0.0,10,0,9,1,0.0,1,2.0,0,9,0.0,0,0.0,0.9,68,57,0.1,10,0,0,0,0,1,9,0,0,0,0,0,0,0,0,0,10,0.19999999999999996,10,1.0,10,0,0,0,10,0,0,10,0,1,0,0,0,0,0,10,10,37,3466,3389,290,0,9,46,1.0,2900,0,23177,27,411,2900,30624
2025-07-10,argo,com.grab.sample.dummy,KMPDummyClass9,method2,1,2,0.0,0,0.0,0,0,1,0,5,0,1,0,0.0,0,0,0,5,0.0,0,2.4,0,0,0.0,0,0.0,0.9,68,57,0.1,10,0,0,0,0,1,9,0,0,0,0,0,0,0,0,0,10,0.19999999999999996,10,1.0,10,0,0,0,10,0,0,10,0,1,0,0,0,0,0,10,10,37,3466,3389,290,0,9,46,1.0,2900,0,23177,27,411,2900,30624
2025-07-10,argo,com.grab.sample.dummy,KMPDummyClass9,method3,1,2,0.0,0,0.0,0,0,1,0,5,0,1,0,0.0,0,0,0,5,0.0,0,2.4,0,0,0.0,0,0.0,0.9,68,57,0.1,10,0,0,0,0,1,9,0,0,0,0,0,0,0,0,0,10,0.19999999999999996,10,1.0,10,0,0,0,10,0,0,10,0,1,0,0,0,0,0,10,10,37,3466,3389,290,0,9,46,1.0,2900,0,23177,27,411,2900,30624
2025-07-10,argo,com.grab.sample.dummy,KMPDummyClass9,method4,1,2,0.0,0,0.0,0,0,1,0,5,0,1,0,0.0,0,0,0,5,0.0,0,2.4,0,0,0.0,0,0.0,0.9,68,57,0.1,10,0,0,0,0,1,9,0,0,0,0,0,0,0,0,0,10,0.19999999999999996,10,1.0,10,0,0,0,10,0,0,10,0,1,0,0,0,0,0,10,10,37,3466,3389,290,0,9,46,1.0,2900,0,23177,27,411,2900,30624
2025-07-10,argo,com.grab.sample.dummy,KMPDummyClass9,method5,1,2,0.0,0,0.0,0,0,1,0,5,0,1,0,0.0,0,0,0,5,0.0,0,2.4,0,0,0.0,0,0.0,0.9,68,57,0.1,10,0,0,0,0,1,9,0,0,0,0,0,0,0,0,0,10,0.19999999999999996,10,1.0,10,0,0,0,10,0,0,10,0,1,0,0,0,0,0,10,10,37,3466,3389,290,0,9,46,1.0,2900,0,23177,27,411,2900,30624
2025-07-10,argo,com.grab.sample.dummy,KMPDummyClass9,method6,1,2,0.0,0,0.0,0,0,1,0,5,0,1,0,0.0,0,0,0,5,0.0,0,2.4,0,0,0.0,0,0.0,0.9,68,57,0.1,10,0,0,0,0,1,9,0,0,0,0,0,0,0,0,0,10,0.19999999999999996,10,1.0,10,0,0,0,10,0,0,10,0,1,0,0,0,0,0,10,10,37,3466,3389,290,0,9,46,1.0,2900,0,23177,27,411,2900,30624
2025-07-10,argo,com.grab.sample.dummy,KMPDummyClass9,method7,1,2,0.0,0,0.0,0,0,1,0,5,0,1,0,0.0,0,0,0,5,0.0,0,2.4,0,0,0.0,0,0.0,0.9,68,57,0.1,10,0,0,0,0,1,9,0,0,0,0,0,0,0,0,0,10,0.19999999999999996,10,1.0,10,0,0,0,10,0,0,10,0,1,0,0,0,0,0,10,10,37,3466,3389,290,0,9,46,1.0,2900,0,23177,27,411,2900,30624
2025-07-10,argo,com.grab.sample.dummy,KMPDummyClass9,method8,1,2,0.0,0,0.0,0,0,1,0,5,0,1,0,0.0,0,0,0,5,0.0,0,2.4,0,0,0.0,0,0.0,0.9,68,57,0.1,10,0,0,0,0,1,9,0,0,0,0,0,0,0,0,0,10,0.19999999999999996,10,1.0,10,0,0,0,10,0,0,10,0,1,0,0,0,0,0,10,10,37,3466,3389,290,0,9,46,1.0,2900,0,23177,27,411,2900,30624
2025-07-10,argo,com.grab.sample.dummy,KMPDummyClass9,method9,1,2,0.0,0,0.0,0,0,1,0,5,0,1,0,0.0,0,0,0,5,0.0,0,2.4,0,0,0.0,0,0.0,0.9,68,57,0.1,10,0,0,0,0,1,9,0,0,0,0,0,0,0,0,0,10,0.19999999999999996,10,1.0,10,0,0,0,10,0,0,10,0,1,0,0,0,0,0,10,10,37,3466,3389,290,0,9,46,1.0,2900,0,23177,27,411,2900,30624
2025-07-10,argo,com.grab.sample.dummy,KMPDummyClass9,method10,1,2,0.0,0,0.0,0,0,1,0,5,0,1,0,0.0,0,0,0,5,0.0,0,2.4,0,0,0.0,0,0.0,0.9,68,57,0.1,10,0,0,0,0,1,9,0,0,0,0,0,0,0,0,0,10,0.19999999999999996,10,1.0,10,0,0,0,10,0,0,10,0,1,0,0,0,0,0,10,10,37,3466,3389,290,0,9,46,1.0,2900,0,23177,27,411,2900,30624
2025-07-10,argo,com.grab.sample.dummy,KMPDummyClass90,method1,1,0,9.0,0,0.0,0,0,1,0,12,0,1,10,0.0,9,0,9,0,0.0,0,2.0,0,9,0.0,0,0.0,0.9,68,57,0.1,10,0,0,0,0,1,9,0,0,0,0,0,0,0,0,0,10,0.19999999999999996,10,1.0,10,0,0,0,10,0,0,10,0,1,0,0,0,0,0,10,10,37,3466,3389,290,0,9,45,1.0,2900,0,23177,27,411,2900,30624
2025-07-10,argo,com.grab.sample.dummy,KMPDummyClass90,method2,1,2,0.0,0,0.0,0,0,1,0,5,0,1,0,0.0,0,0,0,5,0.0,0,2.4,0,0,0.0,0,0.0,0.9,68,57,0.1,10,0,0,0,0,1,9,0,0,0,0,0,0,0,0,0,10,0.19999999999999996,10,1.0,10,0,0,0,10,0,0,10,0,1,0,0,0,0,0,10,10,37,3466,3389,290,0,9,45,1.0,2900,0,23177,27,411,2900,30624
2025-07-10,argo,com.grab.sample.dummy,KMPDummyClass90,method3,1,2,0.0,0,0.0,0,0,1,0,5,0,1,0,0.0,0,0,0,5,0.0,0,2.4,0,0,0.0,0,0.0,0.9,68,57,0.1,10,0,0,0,0,1,9,0,0,0,0,0,0,0,0,0,10,0.19999999999999996,10,1.0,10,0,0,0,10,0,0,10,0,1,0,0,0,0,0,10,10,37,3466,3389,290,0,9,45,1.0,2900,0,23177,27,411,2900,30624
2025-07-10,argo,com.grab.sample.dummy,KMPDummyClass90,method4,1,2,0.0,0,0.0,0,0,1,0,5,0,1,0,0.0,0,0,0,5,0.0,0,2.4,0,0,0.0,0,0.0,0.9,68,57,0.1,10,0,0,0,0,1,9,0,0,0,0,0,0,0,0,0,10,0.19999999999999996,10,1.0,10,0,0,0,10,0,0,10,0,1,0,0,0,0,0,10,10,37,3466,3389,290,0,9,45,1.0,2900,0,23177,27,411,2900,30624
2025-07-10,argo,com.grab.sample.dummy,KMPDummyClass90,method5,1,2,0.0,0,0.0,0,0,1,0,5,0,1,0,0.0,0,0,0,5,0.0,0,2.4,0,0,0.0,0,0.0,0.9,68,57,0.1,10,0,0,0,0,1,9,0,0,0,0,0,0,0,0,0,10,0.19999999999999996,10,1.0,10,0,0,0,10,0,0,10,0,1,0,0,0,0,0,10,10,37,3466,3389,290,0,9,45,1.0,2900,0,23177,27,411,2900,30624
2025-07-10,argo,com.grab.sample.dummy,KMPDummyClass90,method6,1,2,0.0,0,0.0,0,0,1,0,5,0,1,0,0.0,0,0,0,5,0.0,0,2.4,0,0,0.0,0,0.0,0.9,68,57,0.1,10,0,0,0,0,1,9,0,0,0,0,0,0,0,0,0,10,0.19999999999999996,10,1.0,10,0,0,0,10,0,0,10,0,1,0,0,0,0,0,10,10,37,3466,3389,290,0,9,45,1.0,2900,0,23177,27,411,2900,30624
2025-07-10,argo,com.grab.sample.dummy,KMPDummyClass90,method7,1,2,0.0,0,0.0,0,0,1,0,5,0,1,0,0.0,0,0,0,5,0.0,0,2.4,0,0,0.0,0,0.0,0.9,68,57,0.1,10,0,0,0,0,1,9,0,0,0,0,0,0,0,0,0,10,0.19999999999999996,10,1.0,10,0,0,0,10,0,0,10,0,1,0,0,0,0,0,10,10,37,3466,3389,290,0,9,45,1.0,2900,0,23177,27,411,2900,30624
2025-07-10,argo,com.grab.sample.dummy,KMPDummyClass90,method8,1,2,0.0,0,0.0,0,0,1,0,5,0,1,0,0.0,0,0,0,5,0.0,0,2.4,0,0,0.0,0,0.0,0.9,68,57,0.1,10,0,0,0,0,1,9,0,0,0,0,0,0,0,0,0,10,0.19999999999999996,10,1.0,10,0,0,0,10,0,0,10,0,1,0,0,0,0,0,10,10,37,3466,3389,290,0,9,45,1.0,2900,0,23177,27,411,2900,30624
2025-07-10,argo,com.grab.sample.dummy,KMPDummyClass90,method9,1,2,0.0,0,0.0,0,0,1,0,5,0,1,0,0.0,0,0,0,5,0.0,0,2.4,0,0,0.0,0,0.0,0.9,68,57,0.1,10,0,0,0,0,1,9,0,0,0,0,0,0,0,0,0,10,0.19999999999999996,10,1.0,10,0,0,0,10,0,0,10,0,1,0,0,0,0,0,10,10,37,3466,3389,290,0,9,45,1.0,2900,0,23177,27,411,2900,30624
2025-07-10,argo,com.grab.sample.dummy,KMPDummyClass90,method10,1,2,0.0,0,0.0,0,0,1,0,5,0,1,0,0.0,0,0,0,5,0.0,0,2.4,0,0,0.0,0,0.0,0.9,68,57,0.1,10,0,0,0,0,1,9,0,0,0,0,0,0,0,0,0,10,0.19999999999999996,10,1.0,10,0,0,0,10,0,0,10,0,1,0,0,0,0,0,10,10,37,3466,3389,290,0,9,45,1.0,2900,0,23177,27,411,2900,30624
2025-07-10,argo,com.grab.sample.dummy,DummyClass1,method1,1,0,9.0,0,0.0,0,0,1,0,12,0,1,10,0.0,10,0,9,1,0.0,1,2.0,0,9,0.0,0,0.0,0.9,68,57,0.1,10,0,0,0,0,1,9,0,0,0,0,0,0,0,0,0,10,0.19999999999999996,10,1.0,10,0,0,0,10,0,0,10,0,1,0,0,0,0,0,10,10,37,3466,3389,290,0,9,46,1.0,2900,0,23177,27,411,2900,30624
2025-07-10,argo,com.grab.sample.dummy,DummyClass1,method2,1,2,0.0,0,0.0,0,0,1,0,5,0,1,0,0.0,0,0,0,5,0.0,0,2.4,0,0,0.0,0,0.0,0.9,68,57,0.1,10,0,0,0,0,1,9,0,0,0,0,0,0,0,0,0,10,0.19999999999999996,10,1.0,10,0,0,0,10,0,0,10,0,1,0,0,0,0,0,10,10,37,3466,3389,290,0,9,46,1.0,2900,0,23177,27,411,2900,30624
2025-07-10,argo,com.grab.sample.dummy,DummyClass1,method3,1,2,0.0,0,0.0,0,0,1,0,5,0,1,0,0.0,0,0,0,5,0.0,0,2.4,0,0,0.0,0,0.0,0.9,68,57,0.1,10,0,0,0,0,1,9,0,0,0,0,0,0,0,0,0,10,0.19999999999999996,10,1.0,10,0,0,0,10,0,0,10,0,1,0,0,0,0,0,10,10,37,3466,3389,290,0,9,46,1.0,2900,0,23177,27,411,2900,30624
2025-07-10,argo,com.grab.sample.dummy,DummyClass1,method4,1,2,0.0,0,0.0,0,0,1,0,5,0,1,0,0.0,0,0,0,5,0.0,0,2.4,0,0,0.0,0,0.0,0.9,68,57,0.1,10,0,0,0,0,1,9,0,0,0,0,0,0,0,0,0,10,0.19999999999999996,10,1.0,10,0,0,0,10,0,0,10,0,1,0,0,0,0,0,10,10,37,3466,3389,290,0,9,46,1.0,2900,0,23177,27,411,2900,30624
2025-07-10,argo,com.grab.sample.dummy,DummyClass1,method5,1,2,0.0,0,0.0,0,0,1,0,5,0,1,0,0.0,0,0,0,5,0.0,0,2.4,0,0,0.0,0,0.0,0.9,68,57,0.1,10,0,0,0,0,1,9,0,0,0,0,0,0,0,0,0,10,0.19999999999999996,10,1.0,10,0,0,0,10,0,0,10,0,1,0,0,0,0,0,10,10,37,3466,3389,290,0,9,46,1.0,2900,0,23177,27,411,2900,30624
2025-07-10,argo,com.grab.sample.dummy,DummyClass1,method6,1,2,0.0,0,0.0,0,0,1,0,5,0,1,0,0.0,0,0,0,5,0.0,0,2.4,0,0,0.0,0,0.0,0.9,68,57,0.1,10,0,0,0,0,1,9,0,0,0,0,0,0,0,0,0,10,0.19999999999999996,10,1.0,10,0,0,0,10,0,0,10,0,1,0,0,0,0,0,10,10,37,3466,3389,290,0,9,46,1.0,2900,0,23177,27,411,2900,30624
2025-07-10,argo,com.grab.sample.dummy,DummyClass1,method7,1,2,0.0,0,0.0,0,0,1,0,5,0,1,0,0.0,0,0,0,5,0.0,0,2.4,0,0,0.0,0,0.0,0.9,68,57,0.1,10,0,0,0,0,1,9,0,0,0,0,0,0,0,0,0,10,0.19999999999999996,10,1.0,10,0,0,0,10,0,0,10,0,1,0,0,0,0,0,10,10,37,3466,3389,290,0,9,46,1.0,2900,0,23177,27,411,2900,30624
2025-07-10,argo,com.grab.sample.dummy,DummyClass1,method8,1,2,0.0,0,0.0,0,0,1,0,5,0,1,0,0.0,0,0,0,5,0.0,0,2.4,0,0,0.0,0,0.0,0.9,68,57,0.1,10,0,0,0,0,1,9,0,0,0,0,0,0,0,0,0,10,0.19999999999999996,10,1.0,10,0,0,0,10,0,0,10,0,1,0,0,0,0,0,10,10,37,3466,3389,290,0,9,46,1.0,2900,0,23177,27,411,2900,30624
2025-07-10,argo,com.grab.sample.dummy,DummyClass1,method9,1,2,0.0,0,0.0,0,0,1,0,5,0,1,0,0.0,0,0,0,5,0.0,0,2.4,0,0,0.0,0,0.0,0.9,68,57,0.1,10,0,0,0,0,1,9,0,0,0,0,0,0,0,0,0,10,0.19999999999999996,10,1.0,10,0,0,0,10,0,0,10,0,1,0,0,0,0,0,10,10,37,3466,3389,290,0,9,46,1.0,2900,0,23177,27,411,2900,30624
2025-07-10,argo,com.grab.sample.dummy,DummyClass1,method10,1,2,0.0,0,0.0,0,0,1,0,5,0,1,0,0.0,0,0,0,5,0.0,0,2.4,0,0,0.0,0,0.0,0.9,68,57,0.1,10,0,0,0,0,1,9,0,0,0,0,0,0,0,0,0,10,0.19999999999999996,10,1.0,10,0,0,0,10,0,0,10,0,1,0,0,0,0,0,10,10,37,3466,3389,290,0,9,46,1.0,2900,0,23177,27,411,2900,30624
2025-07-10,argo,com.grab.sample.dummy,DummyClass10,method1,1,0,9.0,0,0.0,0,0,1,0,12,0,1,10,0.0,10,0,9,1,0.0,1,2.0,0,9,0.0,0,0.0,0.9,68,57,0.1,10,0,0,0,0,1,9,0,0,0,0,0,0,0,0,0,10,0.19999999999999996,10,1.0,10,0,0,0,10,0,0,10,0,1,0,0,0,0,0,10,10,37,3466,3389,290,0,9,46,1.0,2900,0,23177,27,411,2900,30624
2025-07-10,argo,com.grab.sample.dummy,DummyClass10,method2,1,2,0.0,0,0.0,0,0,1,0,5,0,1,0,0.0,0,0,0,5,0.0,0,2.4,0,0,0.0,0,0.0,0.9,68,57,0.1,10,0,0,0,0,1,9,0,0,0,0,0,0,0,0,0,10,0.19999999999999996,10,1.0,10,0,0,0,10,0,0,10,0,1,0,0,0,0,0,10,10,37,3466,3389,290,0,9,46,1.0,2900,0,23177,27,411,2900,30624
2025-07-10,argo,com.grab.sample.dummy,DummyClass10,method3,1,2,0.0,0,0.0,0,0,1,0,5,0,1,0,0.0,0,0,0,5,0.0,0,2.4,0,0,0.0,0,0.0,0.9,68,57,0.1,10,0,0,0,0,1,9,0,0,0,0,0,0,0,0,0,10,0.19999999999999996,10,1.0,10,0,0,0,10,0,0,10,0,1,0,0,0,0,0,10,10,37,3466,3389,290,0,9,46,1.0,2900,0,23177,27,411,2900,30624
2025-07-10,argo,com.grab.sample.dummy,DummyClass10,method4,1,2,0.0,0,0.0,0,0,1,0,5,0,1,0,0.0,0,0,0,5,0.0,0,2.4,0,0,0.0,0,0.0,0.9,68,57,0.1,10,0,0,0,0,1,9,0,0,0,0,0,0,0,0,0,10,0.19999999999999996,10,1.0,10,0,0,0,10,0,0,10,0,1,0,0,0,0,0,10,10,37,3466,3389,290,0,9,46,1.0,2900,0,23177,27,411,2900,30624
2025-07-10,argo,com.grab.sample.dummy,DummyClass10,method5,1,2,0.0,0,0.0,0,0,1,0,5,0,1,0,0.0,0,0,0,5,0.0,0,2.4,0,0,0.0,0,0.0,0.9,68,57,0.1,10,0,0,0,0,1,9,0,0,0,0,0,0,0,0,0,10,0.19999999999999996,10,1.0,10,0,0,0,10,0,0,10,0,1,0,0,0,0,0,10,10,37,3466,3389,290,0,9,46,1.0,2900,0,23177,27,411,2900,30624
2025-07-10,argo,com.grab.sample.dummy,DummyClass10,method6,1,2,0.0,0,0.0,0,0,1,0,5,0,1,0,0.0,0,0,0,5,0.0,0,2.4,0,0,0.0,0,0.0,0.9,68,57,0.1,10,0,0,0,0,1,9,0,0,0,0,0,0,0,0,0,10,0.19999999999999996,10,1.0,10,0,0,0,10,0,0,10,0,1,0,0,0,0,0,10,10,37,3466,3389,290,0,9,46,1.0,2900,0,23177,27,411,2900,30624
2025-07-10,argo,com.grab.sample.dummy,DummyClass10,method7,1,2,0.0,0,0.0,0,0,1,0,5,0,1,0,0.0,0,0,0,5,0.0,0,2.4,0,0,0.0,0,0.0,0.9,68,57,0.1,10,0,0,0,0,1,9,0,0,0,0,0,0,0,0,0,10,0.19999999999999996,10,1.0,10,0,0,0,10,0,0,10,0,1,0,0,0,0,0,10,10,37,3466,3389,290,0,9,46,1.0,2900,0,23177,27,411,2900,30624
2025-07-10,argo,com.grab.sample.dummy,DummyClass10,method8,1,2,0.0,0,0.0,0,0,1,0,5,0,1,0,0.0,0,0,0,5,0.0,0,2.4,0,0,0.0,0,0.0,0.9,68,57,0.1,10,0,0,0,0,1,9,0,0,0,0,0,0,0,0,0,10,0.19999999999999996,10,1.0,10,0,0,0,10,0,0,10,0,1,0,0,0,0,0,10,10,37,3466,3389,290,0,9,46,1.0,2900,0,23177,27,411,2900,30624
2025-07-10,argo,com.grab.sample.dummy,DummyClass10,method9,1,2,0.0,0,0.0,0,0,1,0,5,0,1,0,0.0,0,0,0,5,0.0,0,2.4,0,0,0.0,0,0.0,0.9,68,57,0.1,10,0,0,0,0,1,9,0,0,0,0,0,0,0,0,0,10,0.19999999999999996,10,1.0,10,0,0,0,10,0,0,10,0,1,0,0,0,0,0,10,10,37,3466,3389,290,0,9,46,1.0,2900,0,23177,27,411,2900,30624
2025-07-10,argo,com.grab.sample.dummy,DummyClass10,method10,1,2,0.0,0,0.0,0,0,1,0,5,0,1,0,0.0,0,0,0,5,0.0,0,2.4,0,0,0.0,0,0.0,0.9,68,57,0.1,10,0,0,0,0,1,9,0,0,0,0,0,0,0,0,0,10,0.19999999999999996,10,1.0,10,0,0,0,10,0,0,10,0,1,0,0,0,0,0,10,10,37,3466,3389,290,0,9,46,1.0,2900,0,23177,27,411,2900,30624
2025-07-10,argo,com.grab.sample.dummy,DummyClass11,method1,1,0,9.0,0,0.0,0,0,1,0,12,0,1,10,0.0,10,0,9,1,0.0,1,2.0,0,9,0.0,0,0.0,0.9,68,57,0.1,10,0,0,0,0,1,9,0,0,0,0,0,0,0,0,0,10,0.19999999999999996,10,1.0,10,0,0,0,10,0,0,10,0,1,0,0,0,0,0,10,10,37,3466,3389,290,0,9,46,1.0,2900,0,23177,27,411,2900,30624
2025-07-10,argo,com.grab.sample.dummy,DummyClass11,method2,1,2,0.0,0,0.0,0,0,1,0,5,0,1,0,0.0,0,0,0,5,0.0,0,2.4,0,0,0.0,0,0.0,0.9,68,57,0.1,10,0,0,0,0,1,9,0,0,0,0,0,0,0,0,0,10,0.19999999999999996,10,1.0,10,0,0,0,10,0,0,10,0,1,0,0,0,0,0,10,10,37,3466,3389,290,0,9,46,1.0,2900,0,23177,27,411,2900,30624
2025-07-10,argo,com.grab.sample.dummy,DummyClass11,method3,1,2,0.0,0,0.0,0,0,1,0,5,0,1,0,0.0,0,0,0,5,0.0,0,2.4,0,0,0.0,0,0.0,0.9,68,57,0.1,10,0,0,0,0,1,9,0,0,0,0,0,0,0,0,0,10,0.19999999999999996,10,1.0,10,0,0,0,10,0,0,10,0,1,0,0,0,0,0,10,10,37,3466,3389,290,0,9,46,1.0,2900,0,23177,27,411,2900,30624
2025-07-10,argo,com.grab.sample.dummy,DummyClass11,method4,1,2,0.0,0,0.0,0,0,1,0,5,0,1,0,0.0,0,0,0,5,0.0,0,2.4,0,0,0.0,0,0.0,0.9,68,57,0.1,10,0,0,0,0,1,9,0,0,0,0,0,0,0,0,0,10,0.19999999999999996,10,1.0,10,0,0,0,10,0,0,10,0,1,0,0,0,0,0,10,10,37,3466,3389,290,0,9,46,1.0,2900,0,23177,27,411,2900,30624
2025-07-10,argo,com.grab.sample.dummy,DummyClass11,method5,1,2,0.0,0,0.0,0,0,1,0,5,0,1,0,0.0,0,0,0,5,0.0,0,2.4,0,0,0.0,0,0.0,0.9,68,57,0.1,10,0,0,0,0,1,9,0,0,0,0,0,0,0,0,0,10,0.19999999999999996,10,1.0,10,0,0,0,10,0,0,10,0,1,0,0,0,0,0,10,10,37,3466,3389,290,0,9,46,1.0,2900,0,23177,27,411,2900,30624
2025-07-10,argo,com.grab.sample.dummy,DummyClass11,method6,1,2,0.0,0,0.0,0,0,1,0,5,0,1,0,0.0,0,0,0,5,0.0,0,2.4,0,0,0.0,0,0.0,0.9,68,57,0.1,10,0,0,0,0,1,9,0,0,0,0,0,0,0,0,0,10,0.19999999999999996,10,1.0,10,0,0,0,10,0,0,10,0,1,0,0,0,0,0,10,10,37,3466,3389,290,0,9,46,1.0,2900,0,23177,27,411,2900,30624
2025-07-10,argo,com.grab.sample.dummy,DummyClass11,method7,1,2,0.0,0,0.0,0,0,1,0,5,0,1,0,0.0,0,0,0,5,0.0,0,2.4,0,0,0.0,0,0.0,0.9,68,57,0.1,10,0,0,0,0,1,9,0,0,0,0,0,0,0,0,0,10,0.19999999999999996,10,1.0,10,0,0,0,10,0,0,10,0,1,0,0,0,0,0,10,10,37,3466,3389,290,0,9,46,1.0,2900,0,23177,27,411,2900,30624
2025-07-10,argo,com.grab.sample.dummy,DummyClass11,method8,1,2,0.0,0,0.0,0,0,1,0,5,0,1,0,0.0,0,0,0,5,0.0,0,2.4,0,0,0.0,0,0.0,0.9,68,57,0.1,10,0,0,0,0,1,9,0,0,0,0,0,0,0,0,0,10,0.19999999999999996,10,1.0,10,0,0,0,10,0,0,10,0,1,0,0,0,0,0,10,10,37,3466,3389,290,0,9,46,1.0,2900,0,23177,27,411,2900,30624
2025-07-10,argo,com.grab.sample.dummy,DummyClass11,method9,1,2,0.0,0,0.0,0,0,1,0,5,0,1,0,0.0,0,0,0,5,0.0,0,2.4,0,0,0.0,0,0.0,0.9,68,57,0.1,10,0,0,0,0,1,9,0,0,0,0,0,0,0,0,0,10,0.19999999999999996,10,1.0,10,0,0,0,10,0,0,10,0,1,0,0,0,0,0,10,10,37,3466,3389,290,0,9,46,1.0,2900,0,23177,27,411,2900,30624
2025-07-10,argo,com.grab.sample.dummy,DummyClass11,method10,1,2,0.0,0,0.0,0,0,1,0,5,0,1,0,0.0,0,0,0,5,0.0,0,2.4,0,0,0.0,0,0.0,0.9,68,57,0.1,10,0,0,0,0,1,9,0,0,0,0,0,0,0,0,0,10,0.19999999999999996,10,1.0,10,0,0,0,10,0,0,10,0,1,0,0,0,0,0,10,10,37,3466,3389,290,0,9,46,1.0,2900,0,23177,27,411,2900,30624
2025-07-10,argo,com.grab.sample.dummy,DummyClass12,method1,1,0,9.0,0,0.0,0,0,1,0,12,0,1,10,0.0,10,0,9,1,0.0,1,2.0,0,9,0.0,0,0.0,0.9,68,57,0.1,10,0,0,0,0,1,9,0,0,0,0,0,0,0,0,0,10,0.19999999999999996,10,1.0,10,0,0,0,10,0,0,10,0,1,0,0,0,0,0,10,10,37,3466,3389,290,0,9,46,1.0,2900,0,23177,27,411,2900,30624
2025-07-10,argo,com.grab.sample.dummy,DummyClass12,method2,1,2,0.0,0,0.0,0,0,1,0,5,0,1,0,0.0,0,0,0,5,0.0,0,2.4,0,0,0.0,0,0.0,0.9,68,57,0.1,10,0,0,0,0,1,9,0,0,0,0,0,0,0,0,0,10,0.19999999999999996,10,1.0,10,0,0,0,10,0,0,10,0,1,0,0,0,0,0,10,10,37,3466,3389,290,0,9,46,1.0,2900,0,23177,27,411,2900,30624
2025-07-10,argo,com.grab.sample.dummy,DummyClass12,method3,1,2,0.0,0,0.0,0,0,1,0,5,0,1,0,0.0,0,0,0,5,0.0,0,2.4,0,0,0.0,0,0.0,0.9,68,57,0.1,10,0,0,0,0,1,9,0,0,0,0,0,0,0,0,0,10,0.19999999999999996,10,1.0,10,0,0,0,10,0,0,10,0,1,0,0,0,0,0,10,10,37,3466,3389,290,0,9,46,1.0,2900,0,23177,27,411,2900,30624
2025-07-10,argo,com.grab.sample.dummy,DummyClass12,method4,1,2,0.0,0,0.0,0,0,1,0,5,0,1,0,0.0,0,0,0,5,0.0,0,2.4,0,0,0.0,0,0.0,0.9,68,57,0.1,10,0,0,0,0,1,9,0,0,0,0,0,0,0,0,0,10,0.19999999999999996,10,1.0,10,0,0,0,10,0,0,10,0,1,0,0,0,0,0,10,10,37,3466,3389,290,0,9,46,1.0,2900,0,23177,27,411,2900,30624
2025-07-10,argo,com.grab.sample.dummy,DummyClass12,method5,1,2,0.0,0,0.0,0,0,1,0,5,0,1,0,0.0,0,0,0,5,0.0,0,2.4,0,0,0.0,0,0.0,0.9,68,57,0.1,10,0,0,0,0,1,9,0,0,0,0,0,0,0,0,0,10,0.19999999999999996,10,1.0,10,0,0,0,10,0,0,10,0,1,0,0,0,0,0,10,10,37,3466,3389,290,0,9,46,1.0,2900,0,23177,27,411,2900,30624
2025-07-10,argo,com.grab.sample.dummy,DummyClass12,method6,1,2,0.0,0,0.0,0,0,1,0,5,0,1,0,0.0,0,0,0,5,0.0,0,2.4,0,0,0.0,0,0.0,0.9,68,57,0.1,10,0,0,0,0,1,9,0,0,0,0,0,0,0,0,0,10,0.19999999999999996,10,1.0,10,0,0,0,10,0,0,10,0,1,0,0,0,0,0,10,10,37,3466,3389,290,0,9,46,1.0,2900,0,23177,27,411,2900,30624
2025-07-10,argo,com.grab.sample.dummy,DummyClass12,method7,1,2,0.0,0,0.0,0,0,1,0,5,0,1,0,0.0,0,0,0,5,0.0,0,2.4,0,0,0.0,0,0.0,0.9,68,57,0.1,10,0,0,0,0,1,9,0,0,0,0,0,0,0,0,0,10,0.19999999999999996,10,1.0,10,0,0,0,10,0,0,10,0,1,0,0,0,0,0,10,10,37,3466,3389,290,0,9,46,1.0,2900,0,23177,27,411,2900,30624
2025-07-10,argo,com.grab.sample.dummy,DummyClass12,method8,1,2,0.0,0,0.0,0,0,1,0,5,0,1,0,0.0,0,0,0,5,0.0,0,2.4,0,0,0.0,0,0.0,0.9,68,57,0.1,10,0,0,0,0,1,9,0,0,0,0,0,0,0,0,0,10,0.19999999999999996,10,1.0,10,0,0,0,10,0,0,10,0,1,0,0,0,0,0,10,10,37,3466,3389,290,0,9,46,1.0,2900,0,23177,27,411,2900,30624
2025-07-10,argo,com.grab.sample.dummy,DummyClass12,method9,1,2,0.0,0,0.0,0,0,1,0,5,0,1,0,0.0,0,0,0,5,0.0,0,2.4,0,0,0.0,0,0.0,0.9,68,57,0.1,10,0,0,0,0,1,9,0,0,0,0,0,0,0,0,0,10,0.19999999999999996,10,1.0,10,0,0,0,10,0,0,10,0,1,0,0,0,0,0,10,10,37,3466,3389,290,0,9,46,1.0,2900,0,23177,27,411,2900,30624
2025-07-10,argo,com.grab.sample.dummy,DummyClass12,method10,1,2,0.0,0,0.0,0,0,1,0,5,0,1,0,0.0,0,0,0,5,0.0,0,2.4,0,0,0.0,0,0.0,0.9,68,57,0.1,10,0,0,0,0,1,9,0,0,0,0,0,0,0,0,0,10,0.19999999999999996,10,1.0,10,0,0,0,10,0,0,10,0,1,0,0,0,0,0,10,10,37,3466,3389,290,0,9,46,1.0,2900,0,23177,27,411,2900,30624
2025-07-10,argo,com.grab.sample.dummy,DummyClass13,method1,1,0,9.0,0,0.0,0,0,1,0,12,0,1,10,0.0,10,0,9,1,0.0,1,2.0,0,9,0.0,0,0.0,0.9,68,57,0.1,10,0,0,0,0,1,9,0,0,0,0,0,0,0,0,0,10,0.19999999999999996,10,1.0,10,0,0,0,10,0,0,10,0,1,0,0,0,0,0,10,10,37,3466,3389,290,0,9,46,1.0,2900,0,23177,27,411,2900,30624
2025-07-10,argo,com.grab.sample.dummy,DummyClass13,method2,1,2,0.0,0,0.0,0,0,1,0,5,0,1,0,0.0,0,0,0,5,0.0,0,2.4,0,0,0.0,0,0.0,0.9,68,57,0.1,10,0,0,0,0,1,9,0,0,0,0,0,0,0,0,0,10,0.19999999999999996,10,1.0,10,0,0,0,10,0,0,10,0,1,0,0,0,0,0,10,10,37,3466,3389,290,0,9,46,1.0,2900,0,23177,27,411,2900,30624
2025-07-10,argo,com.grab.sample.dummy,DummyClass13,method3,1,2,0.0,0,0.0,0,0,1,0,5,0,1,0,0.0,0,0,0,5,0.0,0,2.4,0,0,0.0,0,0.0,0.9,68,57,0.1,10,0,0,0,0,1,9,0,0,0,0,0,0,0,0,0,10,0.19999999999999996,10,1.0,10,0,0,0,10,0,0,10,0,1,0,0,0,0,0,10,10,37,3466,3389,290,0,9,46,1.0,2900,0,23177,27,411,2900,30624
2025-07-10,argo,com.grab.sample.dummy,DummyClass13,method4,1,2,0.0,0,0.0,0,0,1,0,5,0,1,0,0.0,0,0,0,5,0.0,0,2.4,0,0,0.0,0,0.0,0.9,68,57,0.1,10,0,0,0,0,1,9,0,0,0,0,0,0,0,0,0,10,0.19999999999999996,10,1.0,10,0,0,0,10,0,0,10,0,1,0,0,0,0,0,10,10,37,3466,3389,290,0,9,46,1.0,2900,0,23177,27,411,2900,30624
2025-07-10,argo,com.grab.sample.dummy,DummyClass13,method5,1,2,0.0,0,0.0,0,0,1,0,5,0,1,0,0.0,0,0,0,5,0.0,0,2.4,0,0,0.0,0,0.0,0.9,68,57,0.1,10,0,0,0,0,1,9,0,0,0,0,0,0,0,0,0,10,0.19999999999999996,10,1.0,10,0,0,0,10,0,0,10,0,1,0,0,0,0,0,10,10,37,3466,3389,290,0,9,46,1.0,2900,0,23177,27,411,2900,30624
2025-07-10,argo,com.grab.sample.dummy,DummyClass13,method6,1,2,0.0,0,0.0,0,0,1,0,5,0,1,0,0.0,0,0,0,5,0.0,0,2.4,0,0,0.0,0,0.0,0.9,68,57,0.1,10,0,0,0,0,1,9,0,0,0,0,0,0,0,0,0,10,0.19999999999999996,10,1.0,10,0,0,0,10,0,0,10,0,1,0,0,0,0,0,10,10,37,3466,3389,290,0,9,46,1.0,2900,0,23177,27,411,2900,30624
2025-07-10,argo,com.grab.sample.dummy,DummyClass13,method7,1,2,0.0,0,0.0,0,0,1,0,5,0,1,0,0.0,0,0,0,5,0.0,0,2.4,0,0,0.0,0,0.0,0.9,68,57,0.1,10,0,0,0,0,1,9,0,0,0,0,0,0,0,0,0,10,0.19999999999999996,10,1.0,10,0,0,0,10,0,0,10,0,1,0,0,0,0,0,10,10,37,3466,3389,290,0,9,46,1.0,2900,0,23177,27,411,2900,30624
2025-07-10,argo,com.grab.sample.dummy,DummyClass13,method8,1,2,0.0,0,0.0,0,0,1,0,5,0,1,0,0.0,0,0,0,5,0.0,0,2.4,0,0,0.0,0,0.0,0.9,68,57,0.1,10,0,0,0,0,1,9,0,0,0,0,0,0,0,0,0,10,0.19999999999999996,10,1.0,10,0,0,0,10,0,0,10,0,1,0,0,0,0,0,10,10,37,3466,3389,290,0,9,46,1.0,2900,0,23177,27,411,2900,30624
2025-07-10,argo,com.grab.sample.dummy,DummyClass13,method9,1,2,0.0,0,0.0,0,0,1,0,5,0,1,0,0.0,0,0,0,5,0.0,0,2.4,0,0,0.0,0,0.0,0.9,68,57,0.1,10,0,0,0,0,1,9,0,0,0,0,0,0,0,0,0,10,0.19999999999999996,10,1.0,10,0,0,0,10,0,0,10,0,1,0,0,0,0,0,10,10,37,3466,3389,290,0,9,46,1.0,2900,0,23177,27,411,2900,30624
2025-07-10,argo,com.grab.sample.dummy,DummyClass13,method10,1,2,0.0,0,0.0,0,0,1,0,5,0,1,0,0.0,0,0,0,5,0.0,0,2.4,0,0,0.0,0,0.0,0.9,68,57,0.1,10,0,0,0,0,1,9,0,0,0,0,0,0,0,0,0,10,0.19999999999999996,10,1.0,10,0,0,0,10,0,0,10,0,1,0,0,0,0,0,10,10,37,3466,3389,290,0,9,46,1.0,2900,0,23177,27,411,2900,30624
2025-07-10,argo,com.grab.sample.dummy,DummyClass14,method1,1,0,9.0,0,0.0,0,0,1,0,12,0,1,10,0.0,10,0,9,1,0.0,1,2.0,0,9,0.0,0,0.0,0.9,68,57,0.1,10,0,0,0,0,1,9,0,0,0,0,0,0,0,0,0,10,0.19999999999999996,10,1.0,10,0,0,0,10,0,0,10,0,1,0,0,0,0,0,10,10,37,3466,3389,290,0,9,46,1.0,2900,0,23177,27,411,2900,30624
2025-07-10,argo,com.grab.sample.dummy,DummyClass14,method2,1,2,0.0,0,0.0,0,0,1,0,5,0,1,0,0.0,0,0,0,5,0.0,0,2.4,0,0,0.0,0,0.0,0.9,68,57,0.1,10,0,0,0,0,1,9,0,0,0,0,0,0,0,0,0,10,0.19999999999999996,10,1.0,10,0,0,0,10,0,0,10,0,1,0,0,0,0,0,10,10,37,3466,3389,290,0,9,46,1.0,2900,0,23177,27,411,2900,30624
2025-07-10,argo,com.grab.sample.dummy,DummyClass14,method3,1,2,0.0,0,0.0,0,0,1,0,5,0,1,0,0.0,0,0,0,5,0.0,0,2.4,0,0,0.0,0,0.0,0.9,68,57,0.1,10,0,0,0,0,1,9,0,0,0,0,0,0,0,0,0,10,0.19999999999999996,10,1.0,10,0,0,0,10,0,0,10,0,1,0,0,0,0,0,10,10,37,3466,3389,290,0,9,46,1.0,2900,0,23177,27,411,2900,30624
2025-07-10,argo,com.grab.sample.dummy,DummyClass14,method4,1,2,0.0,0,0.0,0,0,1,0,5,0,1,0,0.0,0,0,0,5,0.0,0,2.4,0,0,0.0,0,0.0,0.9,68,57,0.1,10,0,0,0,0,1,9,0,0,0,0,0,0,0,0,0,10,0.19999999999999996,10,1.0,10,0,0,0,10,0,0,10,0,1,0,0,0,0,0,10,10,37,3466,3389,290,0,9,46,1.0,2900,0,23177,27,411,2900,30624
2025-07-10,argo,com.grab.sample.dummy,DummyClass14,method5,1,2,0.0,0,0.0,0,0,1,0,5,0,1,0,0.0,0,0,0,5,0.0,0,2.4,0,0,0.0,0,0.0,0.9,68,57,0.1,10,0,0,0,0,1,9,0,0,0,0,0,0,0,0,0,10,0.19999999999999996,10,1.0,10,0,0,0,10,0,0,10,0,1,0,0,0,0,0,10,10,37,3466,3389,290,0,9,46,1.0,2900,0,23177,27,411,2900,30624
2025-07-10,argo,com.grab.sample.dummy,DummyClass14,method6,1,2,0.0,0,0.0,0,0,1,0,5,0,1,0,0.0,0,0,0,5,0.0,0,2.4,0,0,0.0,0,0.0,0.9,68,57,0.1,10,0,0,0,0,1,9,0,0,0,0,0,0,0,0,0,10,0.19999999999999996,10,1.0,10,0,0,0,10,0,0,10,0,1,0,0,0,0,0,10,10,37,3466,3389,290,0,9,46,1.0,2900,0,23177,27,411,2900,30624
2025-07-10,argo,com.grab.sample.dummy,DummyClass14,method7,1,2,0.0,0,0.0,0,0,1,0,5,0,1,0,0.0,0,0,0,5,0.0,0,2.4,0,0,0.0,0,0.0,0.9,68,57,0.1,10,0,0,0,0,1,9,0,0,0,0,0,0,0,0,0,10,0.19999999999999996,10,1.0,10,0,0,0,10,0,0,10,0,1,0,0,0,0,0,10,10,37,3466,3389,290,0,9,46,1.0,2900,0,23177,27,411,2900,30624
2025-07-10,argo,com.grab.sample.dummy,DummyClass14,method8,1,2,0.0,0,0.0,0,0,1,0,5,0,1,0,0.0,0,0,0,5,0.0,0,2.4,0,0,0.0,0,0.0,0.9,68,57,0.1,10,0,0,0,0,1,9,0,0,0,0,0,0,0,0,0,10,0.19999999999999996,10,1.0,10,0,0,0,10,0,0,10,0,1,0,0,0,0,0,10,10,37,3466,3389,290,0,9,46,1.0,2900,0,23177,27,411,2900,30624
2025-07-10,argo,com.grab.sample.dummy,DummyClass14,method9,1,2,0.0,0,0.0,0,0,1,0,5,0,1,0,0.0,0,0,0,5,0.0,0,2.4,0,0,0.0,0,0.0,0.9,68,57,0.1,10,0,0,0,0,1,9,0,0,0,0,0,0,0,0,0,10,0.19999999999999996,10,1.0,10,0,0,0,10,0,0,10,0,1,0,0,0,0,0,10,10,37,3466,3389,290,0,9,46,1.0,2900,0,23177,27,411,2900,30624
2025-07-10,argo,com.grab.sample.dummy,DummyClass14,method10,1,2,0.0,0,0.0,0,0,1,0,5,0,1,0,0.0,0,0,0,5,0.0,0,2.4,0,0,0.0,0,0.0,0.9,68,57,0.1,10,0,0,0,0,1,9,0,0,0,0,0,0,0,0,0,10,0.19999999999999996,10,1.0,10,0,0,0,10,0,0,10,0,1,0,0,0,0,0,10,10,37,3466,3389,290,0,9,46,1.0,2900,0,23177,27,411,2900,30624
2025-07-10,argo,com.grab.sample.dummy,DummyClass15,method1,1,0,9.0,0,0.0,0,0,1,0,12,0,1,10,0.0,10,0,9,1,0.0,1,2.0,0,9,0.0,0,0.0,0.9,68,57,0.1,10,0,0,0,0,1,9,0,0,0,0,0,0,0,0,0,10,0.19999999999999996,10,1.0,10,0,0,0,10,0,0,10,0,1,0,0,0,0,0,10,10,37,3466,3389,290,0,9,46,1.0,2900,0,23177,27,411,2900,30624
2025-07-10,argo,com.grab.sample.dummy,DummyClass15,method2,1,2,0.0,0,0.0,0,0,1,0,5,0,1,0,0.0,0,0,0,5,0.0,0,2.4,0,0,0.0,0,0.0,0.9,68,57,0.1,10,0,0,0,0,1,9,0,0,0,0,0,0,0,0,0,10,0.19999999999999996,10,1.0,10,0,0,0,10,0,0,10,0,1,0,0,0,0,0,10,10,37,3466,3389,290,0,9,46,1.0,2900,0,23177,27,411,2900,30624
2025-07-10,argo,com.grab.sample.dummy,DummyClass15,method3,1,2,0.0,0,0.0,0,0,1,0,5,0,1,0,0.0,0,0,0,5,0.0,0,2.4,0,0,0.0,0,0.0,0.9,68,57,0.1,10,0,0,0,0,1,9,0,0,0,0,0,0,0,0,0,10,0.19999999999999996,10,1.0,10,0,0,0,10,0,0,10,0,1,0,0,0,0,0,10,10,37,3466,3389,290,0,9,46,1.0,2900,0,23177,27,411,2900,30624
2025-07-10,argo,com.grab.sample.dummy,DummyClass15,method4,1,2,0.0,0,0.0,0,0,1,0,5,0,1,0,0.0,0,0,0,5,0.0,0,2.4,0,0,0.0,0,0.0,0.9,68,57,0.1,10,0,0,0,0,1,9,0,0,0,0,0,0,0,0,0,10,0.19999999999999996,10,1.0,10,0,0,0,10,0,0,10,0,1,0,0,0,0,0,10,10,37,3466,3389,290,0,9,46,1.0,2900,0,23177,27,411,2900,30624
2025-07-10,argo,com.grab.sample.dummy,DummyClass15,method5,1,2,0.0,0,0.0,0,0,1,0,5,0,1,0,0.0,0,0,0,5,0.0,0,2.4,0,0,0.0,0,0.0,0.9,68,57,0.1,10,0,0,0,0,1,9,0,0,0,0,0,0,0,0,0,10,0.19999999999999996,10,1.0,10,0,0,0,10,0,0,10,0,1,0,0,0,0,0,10,10,37,3466,3389,290,0,9,46,1.0,2900,0,23177,27,411,2900,30624
2025-07-10,argo,com.grab.sample.dummy,DummyClass15,method6,1,2,0.0,0,0.0,0,0,1,0,5,0,1,0,0.0,0,0,0,5,0.0,0,2.4,0,0,0.0,0,0.0,0.9,68,57,0.1,10,0,0,0,0,1,9,0,0,0,0,0,0,0,0,0,10,0.19999999999999996,10,1.0,10,0,0,0,10,0,0,10,0,1,0,0,0,0,0,10,10,37,3466,3389,290,0,9,46,1.0,2900,0,23177,27,411,2900,30624
2025-07-10,argo,com.grab.sample.dummy,DummyClass15,method7,1,2,0.0,0,0.0,0,0,1,0,5,0,1,0,0.0,0,0,0,5,0.0,0,2.4,0,0,0.0,0,0.0,0.9,68,57,0.1,10,0,0,0,0,1,9,0,0,0,0,0,0,0,0,0,10,0.19999999999999996,10,1.0,10,0,0,0,10,0,0,10,0,1,0,0,0,0,0,10,10,37,3466,3389,290,0,9,46,1.0,2900,0,23177,27,411,2900,30624
2025-07-10,argo,com.grab.sample.dummy,DummyClass15,method8,1,2,0.0,0,0.0,0,0,1,0,5,0,1,0,0.0,0,0,0,5,0.0,0,2.4,0,0,0.0,0,0.0,0.9,68,57,0.1,10,0,0,0,0,1,9,0,0,0,0,0,0,0,0,0,10,0.19999999999999996,10,1.0,10,0,0,0,10,0,0,10,0,1,0,0,0,0,0,10,10,37,3466,3389,290,0,9,46,1.0,2900,0,23177,27,411,2900,30624
2025-07-10,argo,com.grab.sample.dummy,DummyClass15,method9,1,2,0.0,0,0.0,0,0,1,0,5,0,1,0,0.0,0,0,0,5,0.0,0,2.4,0,0,0.0,0,0.0,0.9,68,57,0.1,10,0,0,0,0,1,9,0,0,0,0,0,0,0,0,0,10,0.19999999999999996,10,1.0,10,0,0,0,10,0,0,10,0,1,0,0,0,0,0,10,10,37,3466,3389,290,0,9,46,1.0,2900,0,23177,27,411,2900,30624
2025-07-10,argo,com.grab.sample.dummy,DummyClass15,method10,1,2,0.0,0,0.0,0,0,1,0,5,0,1,0,0.0,0,0,0,5,0.0,0,2.4,0,0,0.0,0,0.0,0.9,68,57,0.1,10,0,0,0,0,1,9,0,0,0,0,0,0,0,0,0,10,0.19999999999999996,10,1.0,10,0,0,0,10,0,0,10,0,1,0,0,0,0,0,10,10,37,3466,3389,290,0,9,46,1.0,2900,0,23177,27,411,2900,30624
2025-07-10,argo,com.grab.sample.dummy,DummyClass16,method1,1,0,9.0,0,0.0,0,0,1,0,12,0,1,10,0.0,10,0,9,1,0.0,1,2.0,0,9,0.0,0,0.0,0.9,68,57,0.1,10,0,0,0,0,1,9,0,0,0,0,0,0,0,0,0,10,0.19999999999999996,10,1.0,10,0,0,0,10,0,0,10,0,1,0,0,0,0,0,10,10,37,3466,3389,290,0,9,46,1.0,2900,0,23177,27,411,2900,30624
2025-07-10,argo,com.grab.sample.dummy,DummyClass16,method2,1,2,0.0,0,0.0,0,0,1,0,5,0,1,0,0.0,0,0,0,5,0.0,0,2.4,0,0,0.0,0,0.0,0.9,68,57,0.1,10,0,0,0,0,1,9,0,0,0,0,0,0,0,0,0,10,0.19999999999999996,10,1.0,10,0,0,0,10,0,0,10,0,1,0,0,0,0,0,10,10,37,3466,3389,290,0,9,46,1.0,2900,0,23177,27,411,2900,30624
2025-07-10,argo,com.grab.sample.dummy,DummyClass16,method3,1,2,0.0,0,0.0,0,0,1,0,5,0,1,0,0.0,0,0,0,5,0.0,0,2.4,0,0,0.0,0,0.0,0.9,68,57,0.1,10,0,0,0,0,1,9,0,0,0,0,0,0,0,0,0,10,0.19999999999999996,10,1.0,10,0,0,0,10,0,0,10,0,1,0,0,0,0,0,10,10,37,3466,3389,290,0,9,46,1.0,2900,0,23177,27,411,2900,30624
2025-07-10,argo,com.grab.sample.dummy,DummyClass16,method4,1,2,0.0,0,0.0,0,0,1,0,5,0,1,0,0.0,0,0,0,5,0.0,0,2.4,0,0,0.0,0,0.0,0.9,68,57,0.1,10,0,0,0,0,1,9,0,0,0,0,0,0,0,0,0,10,0.19999999999999996,10,1.0,10,0,0,0,10,0,0,10,0,1,0,0,0,0,0,10,10,37,3466,3389,290,0,9,46,1.0,2900,0,23177,27,411,2900,30624
2025-07-10,argo,com.grab.sample.dummy,DummyClass16,method5,1,2,0.0,0,0.0,0,0,1,0,5,0,1,0,0.0,0,0,0,5,0.0,0,2.4,0,0,0.0,0,0.0,0.9,68,57,0.1,10,0,0,0,0,1,9,0,0,0,0,0,0,0,0,0,10,0.19999999999999996,10,1.0,10,0,0,0,10,0,0,10,0,1,0,0,0,0,0,10,10,37,3466,3389,290,0,9,46,1.0,2900,0,23177,27,411,2900,30624
2025-07-10,argo,com.grab.sample.dummy,DummyClass16,method6,1,2,0.0,0,0.0,0,0,1,0,5,0,1,0,0.0,0,0,0,5,0.0,0,2.4,0,0,0.0,0,0.0,0.9,68,57,0.1,10,0,0,0,0,1,9,0,0,0,0,0,0,0,0,0,10,0.19999999999999996,10,1.0,10,0,0,0,10,0,0,10,0,1,0,0,0,0,0,10,10,37,3466,3389,290,0,9,46,1.0,2900,0,23177,27,411,2900,30624
2025-07-10,argo,com.grab.sample.dummy,DummyClass16,method7,1,2,0.0,0,0.0,0,0,1,0,5,0,1,0,0.0,0,0,0,5,0.0,0,2.4,0,0,0.0,0,0.0,0.9,68,57,0.1,10,0,0,0,0,1,9,0,0,0,0,0,0,0,0,0,10,0.19999999999999996,10,1.0,10,0,0,0,10,0,0,10,0,1,0,0,0,0,0,10,10,37,3466,3389,290,0,9,46,1.0,2900,0,23177,27,411,2900,30624
2025-07-10,argo,com.grab.sample.dummy,DummyClass16,method8,1,2,0.0,0,0.0,0,0,1,0,5,0,1,0,0.0,0,0,0,5,0.0,0,2.4,0,0,0.0,0,0.0,0.9,68,57,0.1,10,0,0,0,0,1,9,0,0,0,0,0,0,0,0,0,10,0.19999999999999996,10,1.0,10,0,0,0,10,0,0,10,0,1,0,0,0,0,0,10,10,37,3466,3389,290,0,9,46,1.0,2900,0,23177,27,411,2900,30624
2025-07-10,argo,com.grab.sample.dummy,DummyClass16,method9,1,2,0.0,0,0.0,0,0,1,0,5,0,1,0,0.0,0,0,0,5,0.0,0,2.4,0,0,0.0,0,0.0,0.9,68,57,0.1,10,0,0,0,0,1,9,0,0,0,0,0,0,0,0,0,10,0.19999999999999996,10,1.0,10,0,0,0,10,0,0,10,0,1,0,0,0,0,0,10,10,37,3466,3389,290,0,9,46,1.0,2900,0,23177,27,411,2900,30624
2025-07-10,argo,com.grab.sample.dummy,DummyClass16,method10,1,2,0.0,0,0.0,0,0,1,0,5,0,1,0,0.0,0,0,0,5,0.0,0,2.4,0,0,0.0,0,0.0,0.9,68,57,0.1,10,0,0,0,0,1,9,0,0,0,0,0,0,0,0,0,10,0.19999999999999996,10,1.0,10,0,0,0,10,0,0,10,0,1,0,0,0,0,0,10,10,37,3466,3389,290,0,9,46,1.0,2900,0,23177,27,411,2900,30624
2025-07-10,argo,com.grab.sample.dummy,DummyClass17,method1,1,0,9.0,0,0.0,0,0,1,0,12,0,1,10,0.0,10,0,9,1,0.0,1,2.0,0,9,0.0,0,0.0,0.9,68,57,0.1,10,0,0,0,0,1,9,0,0,0,0,0,0,0,0,0,10,0.19999999999999996,10,1.0,10,0,0,0,10,0,0,10,0,1,0,0,0,0,0,10,10,37,3466,3389,290,0,9,46,1.0,2900,0,23177,27,411,2900,30624
2025-07-10,argo,com.grab.sample.dummy,DummyClass17,method2,1,2,0.0,0,0.0,0,0,1,0,5,0,1,0,0.0,0,0,0,5,0.0,0,2.4,0,0,0.0,0,0.0,0.9,68,57,0.1,10,0,0,0,0,1,9,0,0,0,0,0,0,0,0,0,10,0.19999999999999996,10,1.0,10,0,0,0,10,0,0,10,0,1,0,0,0,0,0,10,10,37,3466,3389,290,0,9,46,1.0,2900,0,23177,27,411,2900,30624
2025-07-10,argo,com.grab.sample.dummy,DummyClass17,method3,1,2,0.0,0,0.0,0,0,1,0,5,0,1,0,0.0,0,0,0,5,0.0,0,2.4,0,0,0.0,0,0.0,0.9,68,57,0.1,10,0,0,0,0,1,9,0,0,0,0,0,0,0,0,0,10,0.19999999999999996,10,1.0,10,0,0,0,10,0,0,10,0,1,0,0,0,0,0,10,10,37,3466,3389,290,0,9,46,1.0,2900,0,23177,27,411,2900,30624
2025-07-10,argo,com.grab.sample.dummy,DummyClass17,method4,1,2,0.0,0,0.0,0,0,1,0,5,0,1,0,0.0,0,0,0,5,0.0,0,2.4,0,0,0.0,0,0.0,0.9,68,57,0.1,10,0,0,0,0,1,9,0,0,0,0,0,0,0,0,0,10,0.19999999999999996,10,1.0,10,0,0,0,10,0,0,10,0,1,0,0,0,0,0,10,10,37,3466,3389,290,0,9,46,1.0,2900,0,23177,27,411,2900,30624
2025-07-10,argo,com.grab.sample.dummy,DummyClass17,method5,1,2,0.0,0,0.0,0,0,1,0,5,0,1,0,0.0,0,0,0,5,0.0,0,2.4,0,0,0.0,0,0.0,0.9,68,57,0.1,10,0,0,0,0,1,9,0,0,0,0,0,0,0,0,0,10,0.19999999999999996,10,1.0,10,0,0,0,10,0,0,10,0,1,0,0,0,0,0,10,10,37,3466,3389,290,0,9,46,1.0,2900,0,23177,27,411,2900,30624
2025-07-10,argo,com.grab.sample.dummy,DummyClass17,method6,1,2,0.0,0,0.0,0,0,1,0,5,0,1,0,0.0,0,0,0,5,0.0,0,2.4,0,0,0.0,0,0.0,0.9,68,57,0.1,10,0,0,0,0,1,9,0,0,0,0,0,0,0,0,0,10,0.19999999999999996,10,1.0,10,0,0,0,10,0,0,10,0,1,0,0,0,0,0,10,10,37,3466,3389,290,0,9,46,1.0,2900,0,23177,27,411,2900,30624
2025-07-10,argo,com.grab.sample.dummy,DummyClass17,method7,1,2,0.0,0,0.0,0,0,1,0,5,0,1,0,0.0,0,0,0,5,0.0,0,2.4,0,0,0.0,0,0.0,0.9,68,57,0.1,10,0,0,0,0,1,9,0,0,0,0,0,0,0,0,0,10,0.19999999999999996,10,1.0,10,0,0,0,10,0,0,10,0,1,0,0,0,0,0,10,10,37,3466,3389,290,0,9,46,1.0,2900,0,23177,27,411,2900,30624
2025-07-10,argo,com.grab.sample.dummy,DummyClass17,method8,1,2,0.0,0,0.0,0,0,1,0,5,0,1,0,0.0,0,0,0,5,0.0,0,2.4,0,0,0.0,0,0.0,0.9,68,57,0.1,10,0,0,0,0,1,9,0,0,0,0,0,0,0,0,0,10,0.19999999999999996,10,1.0,10,0,0,0,10,0,0,10,0,1,0,0,0,0,0,10,10,37,3466,3389,290,0,9,46,1.0,2900,0,23177,27,411,2900,30624
2025-07-10,argo,com.grab.sample.dummy,DummyClass17,method9,1,2,0.0,0,0.0,0,0,1,0,5,0,1,0,0.0,0,0,0,5,0.0,0,2.4,0,0,0.0,0,0.0,0.9,68,57,0.1,10,0,0,0,0,1,9,0,0,0,0,0,0,0,0,0,10,0.19999999999999996,10,1.0,10,0,0,0,10,0,0,10,0,1,0,0,0,0,0,10,10,37,3466,3389,290,0,9,46,1.0,2900,0,23177,27,411,2900,30624
2025-07-10,argo,com.grab.sample.dummy,DummyClass17,method10,1,2,0.0,0,0.0,0,0,1,0,5,0,1,0,0.0,0,0,0,5,0.0,0,2.4,0,0,0.0,0,0.0,0.9,68,57,0.1,10,0,0,0,0,1,9,0,0,0,0,0,0,0,0,0,10,0.19999999999999996,10,1.0,10,0,0,0,10,0,0,10,0,1,0,0,0,0,0,10,10,37,3466,3389,290,0,9,46,1.0,2900,0,23177,27,411,2900,30624
2025-07-10,argo,com.grab.sample.dummy,DummyClass18,method1,1,0,9.0,0,0.0,0,0,1,0,12,0,1,10,0.0,10,0,9,1,0.0,1,2.0,0,9,0.0,0,0.0,0.9,68,57,0.1,10,0,0,0,0,1,9,0,0,0,0,0,0,0,0,0,10,0.19999999999999996,10,1.0,10,0,0,0,10,0,0,10,0,1,0,0,0,0,0,10,10,37,3466,3389,290,0,9,46,1.0,2900,0,23177,27,411,2900,30624
2025-07-10,argo,com.grab.sample.dummy,DummyClass18,method2,1,2,0.0,0,0.0,0,0,1,0,5,0,1,0,0.0,0,0,0,5,0.0,0,2.4,0,0,0.0,0,0.0,0.9,68,57,0.1,10,0,0,0,0,1,9,0,0,0,0,0,0,0,0,0,10,0.19999999999999996,10,1.0,10,0,0,0,10,0,0,10,0,1,0,0,0,0,0,10,10,37,3466,3389,290,0,9,46,1.0,2900,0,23177,27,411,2900,30624
2025-07-10,argo,com.grab.sample.dummy,DummyClass18,method3,1,2,0.0,0,0.0,0,0,1,0,5,0,1,0,0.0,0,0,0,5,0.0,0,2.4,0,0,0.0,0,0.0,0.9,68,57,0.1,10,0,0,0,0,1,9,0,0,0,0,0,0,0,0,0,10,0.19999999999999996,10,1.0,10,0,0,0,10,0,0,10,0,1,0,0,0,0,0,10,10,37,3466,3389,290,0,9,46,1.0,2900,0,23177,27,411,2900,30624
2025-07-10,argo,com.grab.sample.dummy,DummyClass18,method4,1,2,0.0,0,0.0,0,0,1,0,5,0,1,0,0.0,0,0,0,5,0.0,0,2.4,0,0,0.0,0,0.0,0.9,68,57,0.1,10,0,0,0,0,1,9,0,0,0,0,0,0,0,0,0,10,0.19999999999999996,10,1.0,10,0,0,0,10,0,0,10,0,1,0,0,0,0,0,10,10,37,3466,3389,290,0,9,46,1.0,2900,0,23177,27,411,2900,30624
2025-07-10,argo,com.grab.sample.dummy,DummyClass18,method5,1,2,0.0,0,0.0,0,0,1,0,5,0,1,0,0.0,0,0,0,5,0.0,0,2.4,0,0,0.0,0,0.0,0.9,68,57,0.1,10,0,0,0,0,1,9,0,0,0,0,0,0,0,0,0,10,0.19999999999999996,10,1.0,10,0,0,0,10,0,0,10,0,1,0,0,0,0,0,10,10,37,3466,3389,290,0,9,46,1.0,2900,0,23177,27,411,2900,30624
2025-07-10,argo,com.grab.sample.dummy,DummyClass18,method6,1,2,0.0,0,0.0,0,0,1,0,5,0,1,0,0.0,0,0,0,5,0.0,0,2.4,0,0,0.0,0,0.0,0.9,68,57,0.1,10,0,0,0,0,1,9,0,0,0,0,0,0,0,0,0,10,0.19999999999999996,10,1.0,10,0,0,0,10,0,0,10,0,1,0,0,0,0,0,10,10,37,3466,3389,290,0,9,46,1.0,2900,0,23177,27,411,2900,30624
2025-07-10,argo,com.grab.sample.dummy,DummyClass18,method7,1,2,0.0,0,0.0,0,0,1,0,5,0,1,0,0.0,0,0,0,5,0.0,0,2.4,0,0,0.0,0,0.0,0.9,68,57,0.1,10,0,0,0,0,1,9,0,0,0,0,0,0,0,0,0,10,0.19999999999999996,10,1.0,10,0,0,0,10,0,0,10,0,1,0,0,0,0,0,10,10,37,3466,3389,290,0,9,46,1.0,2900,0,23177,27,411,2900,30624
2025-07-10,argo,com.grab.sample.dummy,DummyClass18,method8,1,2,0.0,0,0.0,0,0,1,0,5,0,1,0,0.0,0,0,0,5,0.0,0,2.4,0,0,0.0,0,0.0,0.9,68,57,0.1,10,0,0,0,0,1,9,0,0,0,0,0,0,0,0,0,10,0.19999999999999996,10,1.0,10,0,0,0,10,0,0,10,0,1,0,0,0,0,0,10,10,37,3466,3389,290,0,9,46,1.0,2900,0,23177,27,411,2900,30624
2025-07-10,argo,com.grab.sample.dummy,DummyClass18,method9,1,2,0.0,0,0.0,0,0,1,0,5,0,1,0,0.0,0,0,0,5,0.0,0,2.4,0,0,0.0,0,0.0,0.9,68,57,0.1,10,0,0,0,0,1,9,0,0,0,0,0,0,0,0,0,10,0.19999999999999996,10,1.0,10,0,0,0,10,0,0,10,0,1,0,0,0,0,0,10,10,37,3466,3389,290,0,9,46,1.0,2900,0,23177,27,411,2900,30624
2025-07-10,argo,com.grab.sample.dummy,DummyClass18,method10,1,2,0.0,0,0.0,0,0,1,0,5,0,1,0,0.0,0,0,0,5,0.0,0,2.4,0,0,0.0,0,0.0,0.9,68,57,0.1,10,0,0,0,0,1,9,0,0,0,0,0,0,0,0,0,10,0.19999999999999996,10,1.0,10,0,0,0,10,0,0,10,0,1,0,0,0,0,0,10,10,37,3466,3389,290,0,9,46,1.0,2900,0,23177,27,411,2900,30624
2025-07-10,argo,com.grab.sample.dummy,DummyClass19,method1,1,0,9.0,0,0.0,0,0,1,0,12,0,1,10,0.0,10,0,9,1,0.0,1,2.0,0,9,0.0,0,0.0,0.9,68,57,0.1,10,0,0,0,0,1,9,0,0,0,0,0,0,0,0,0,10,0.19999999999999996,10,1.0,10,0,0,0,10,0,0,10,0,1,0,0,0,0,0,10,10,37,3466,3389,290,0,9,46,1.0,2900,0,23177,27,411,2900,30624
2025-07-10,argo,com.grab.sample.dummy,DummyClass19,method2,1,2,0.0,0,0.0,0,0,1,0,5,0,1,0,0.0,0,0,0,5,0.0,0,2.4,0,0,0.0,0,0.0,0.9,68,57,0.1,10,0,0,0,0,1,9,0,0,0,0,0,0,0,0,0,10,0.19999999999999996,10,1.0,10,0,0,0,10,0,0,10,0,1,0,0,0,0,0,10,10,37,3466,3389,290,0,9,46,1.0,2900,0,23177,27,411,2900,30624
2025-07-10,argo,com.grab.sample.dummy,DummyClass19,method3,1,2,0.0,0,0.0,0,0,1,0,5,0,1,0,0.0,0,0,0,5,0.0,0,2.4,0,0,0.0,0,0.0,0.9,68,57,0.1,10,0,0,0,0,1,9,0,0,0,0,0,0,0,0,0,10,0.19999999999999996,10,1.0,10,0,0,0,10,0,0,10,0,1,0,0,0,0,0,10,10,37,3466,3389,290,0,9,46,1.0,2900,0,23177,27,411,2900,30624
2025-07-10,argo,com.grab.sample.dummy,DummyClass19,method4,1,2,0.0,0,0.0,0,0,1,0,5,0,1,0,0.0,0,0,0,5,0.0,0,2.4,0,0,0.0,0,0.0,0.9,68,57,0.1,10,0,0,0,0,1,9,0,0,0,0,0,0,0,0,0,10,0.19999999999999996,10,1.0,10,0,0,0,10,0,0,10,0,1,0,0,0,0,0,10,10,37,3466,3389,290,0,9,46,1.0,2900,0,23177,27,411,2900,30624
2025-07-10,argo,com.grab.sample.dummy,DummyClass19,method5,1,2,0.0,0,0.0,0,0,1,0,5,0,1,0,0.0,0,0,0,5,0.0,0,2.4,0,0,0.0,0,0.0,0.9,68,57,0.1,10,0,0,0,0,1,9,0,0,0,0,0,0,0,0,0,10,0.19999999999999996,10,1.0,10,0,0,0,10,0,0,10,0,1,0,0,0,0,0,10,10,37,3466,3389,290,0,9,46,1.0,2900,0,23177,27,411,2900,30624
2025-07-10,argo,com.grab.sample.dummy,DummyClass19,method6,1,2,0.0,0,0.0,0,0,1,0,5,0,1,0,0.0,0,0,0,5,0.0,0,2.4,0,0,0.0,0,0.0,0.9,68,57,0.1,10,0,0,0,0,1,9,0,0,0,0,0,0,0,0,0,10,0.19999999999999996,10,1.0,10,0,0,0,10,0,0,10,0,1,0,0,0,0,0,10,10,37,3466,3389,290,0,9,46,1.0,2900,0,23177,27,411,2900,30624
2025-07-10,argo,com.grab.sample.dummy,DummyClass19,method7,1,2,0.0,0,0.0,0,0,1,0,5,0,1,0,0.0,0,0,0,5,0.0,0,2.4,0,0,0.0,0,0.0,0.9,68,57,0.1,10,0,0,0,0,1,9,0,0,0,0,0,0,0,0,0,10,0.19999999999999996,10,1.0,10,0,0,0,10,0,0,10,0,1,0,0,0,0,0,10,10,37,3466,3389,290,0,9,46,1.0,2900,0,23177,27,411,2900,30624
2025-07-10,argo,com.grab.sample.dummy,DummyClass19,method8,1,2,0.0,0,0.0,0,0,1,0,5,0,1,0,0.0,0,0,0,5,0.0,0,2.4,0,0,0.0,0,0.0,0.9,68,57,0.1,10,0,0,0,0,1,9,0,0,0,0,0,0,0,0,0,10,0.19999999999999996,10,1.0,10,0,0,0,10,0,0,10,0,1,0,0,0,0,0,10,10,37,3466,3389,290,0,9,46,1.0,2900,0,23177,27,411,2900,30624
2025-07-10,argo,com.grab.sample.dummy,DummyClass19,method9,1,2,0.0,0,0.0,0,0,1,0,5,0,1,0,0.0,0,0,0,5,0.0,0,2.4,0,0,0.0,0,0.0,0.9,68,57,0.1,10,0,0,0,0,1,9,0,0,0,0,0,0,0,0,0,10,0.19999999999999996,10,1.0,10,0,0,0,10,0,0,10,0,1,0,0,0,0,0,10,10,37,3466,3389,290,0,9,46,1.0,2900,0,23177,27,411,2900,30624
2025-07-10,argo,com.grab.sample.dummy,DummyClass19,method10,1,2,0.0,0,0.0,0,0,1,0,5,0,1,0,0.0,0,0,0,5,0.0,0,2.4,0,0,0.0,0,0.0,0.9,68,57,0.1,10,0,0,0,0,1,9,0,0,0,0,0,0,0,0,0,10,0.19999999999999996,10,1.0,10,0,0,0,10,0,0,10,0,1,0,0,0,0,0,10,10,37,3466,3389,290,0,9,46,1.0,2900,0,23177,27,411,2900,30624
2025-07-10,argo,com.grab.sample.dummy,DummyClass2,method1,1,0,9.0,0,0.0,0,0,1,0,12,0,1,10,0.0,10,0,9,1,0.0,1,2.0,0,9,0.0,0,0.0,0.9,68,57,0.1,10,0,0,0,0,1,9,0,0,0,0,0,0,0,0,0,10,0.19999999999999996,10,1.0,10,0,0,0,10,0,0,10,0,1,0,0,0,0,0,10,10,37,3466,3389,290,0,9,46,1.0,2900,0,23177,27,411,2900,30624
2025-07-10,argo,com.grab.sample.dummy,DummyClass2,method2,1,2,0.0,0,0.0,0,0,1,0,5,0,1,0,0.0,0,0,0,5,0.0,0,2.4,0,0,0.0,0,0.0,0.9,68,57,0.1,10,0,0,0,0,1,9,0,0,0,0,0,0,0,0,0,10,0.19999999999999996,10,1.0,10,0,0,0,10,0,0,10,0,1,0,0,0,0,0,10,10,37,3466,3389,290,0,9,46,1.0,2900,0,23177,27,411,2900,30624
2025-07-10,argo,com.grab.sample.dummy,DummyClass2,method3,1,2,0.0,0,0.0,0,0,1,0,5,0,1,0,0.0,0,0,0,5,0.0,0,2.4,0,0,0.0,0,0.0,0.9,68,57,0.1,10,0,0,0,0,1,9,0,0,0,0,0,0,0,0,0,10,0.19999999999999996,10,1.0,10,0,0,0,10,0,0,10,0,1,0,0,0,0,0,10,10,37,3466,3389,290,0,9,46,1.0,2900,0,23177,27,411,2900,30624
2025-07-10,argo,com.grab.sample.dummy,DummyClass2,method4,1,2,0.0,0,0.0,0,0,1,0,5,0,1,0,0.0,0,0,0,5,0.0,0,2.4,0,0,0.0,0,0.0,0.9,68,57,0.1,10,0,0,0,0,1,9,0,0,0,0,0,0,0,0,0,10,0.19999999999999996,10,1.0,10,0,0,0,10,0,0,10,0,1,0,0,0,0,0,10,10,37,3466,3389,290,0,9,46,1.0,2900,0,23177,27,411,2900,30624
2025-07-10,argo,com.grab.sample.dummy,DummyClass2,method5,1,2,0.0,0,0.0,0,0,1,0,5,0,1,0,0.0,0,0,0,5,0.0,0,2.4,0,0,0.0,0,0.0,0.9,68,57,0.1,10,0,0,0,0,1,9,0,0,0,0,0,0,0,0,0,10,0.19999999999999996,10,1.0,10,0,0,0,10,0,0,10,0,1,0,0,0,0,0,10,10,37,3466,3389,290,0,9,46,1.0,2900,0,23177,27,411,2900,30624
2025-07-10,argo,com.grab.sample.dummy,DummyClass2,method6,1,2,0.0,0,0.0,0,0,1,0,5,0,1,0,0.0,0,0,0,5,0.0,0,2.4,0,0,0.0,0,0.0,0.9,68,57,0.1,10,0,0,0,0,1,9,0,0,0,0,0,0,0,0,0,10,0.19999999999999996,10,1.0,10,0,0,0,10,0,0,10,0,1,0,0,0,0,0,10,10,37,3466,3389,290,0,9,46,1.0,2900,0,23177,27,411,2900,30624
2025-07-10,argo,com.grab.sample.dummy,DummyClass2,method7,1,2,0.0,0,0.0,0,0,1,0,5,0,1,0,0.0,0,0,0,5,0.0,0,2.4,0,0,0.0,0,0.0,0.9,68,57,0.1,10,0,0,0,0,1,9,0,0,0,0,0,0,0,0,0,10,0.19999999999999996,10,1.0,10,0,0,0,10,0,0,10,0,1,0,0,0,0,0,10,10,37,3466,3389,290,0,9,46,1.0,2900,0,23177,27,411,2900,30624
2025-07-10,argo,com.grab.sample.dummy,DummyClass2,method8,1,2,0.0,0,0.0,0,0,1,0,5,0,1,0,0.0,0,0,0,5,0.0,0,2.4,0,0,0.0,0,0.0,0.9,68,57,0.1,10,0,0,0,0,1,9,0,0,0,0,0,0,0,0,0,10,0.19999999999999996,10,1.0,10,0,0,0,10,0,0,10,0,1,0,0,0,0,0,10,10,37,3466,3389,290,0,9,46,1.0,2900,0,23177,27,411,2900,30624
2025-07-10,argo,com.grab.sample.dummy,DummyClass2,method9,1,2,0.0,0,0.0,0,0,1,0,5,0,1,0,0.0,0,0,0,5,0.0,0,2.4,0,0,0.0,0,0.0,0.9,68,57,0.1,10,0,0,0,0,1,9,0,0,0,0,0,0,0,0,0,10,0.19999999999999996,10,1.0,10,0,0,0,10,0,0,10,0,1,0,0,0,0,0,10,10,37,3466,3389,290,0,9,46,1.0,2900,0,23177,27,411,2900,30624
2025-07-10,argo,com.grab.sample.dummy,DummyClass2,method10,1,2,0.0,0,0.0,0,0,1,0,5,0,1,0,0.0,0,0,0,5,0.0,0,2.4,0,0,0.0,0,0.0,0.9,68,57,0.1,10,0,0,0,0,1,9,0,0,0,0,0,0,0,0,0,10,0.19999999999999996,10,1.0,10,0,0,0,10,0,0,10,0,1,0,0,0,0,0,10,10,37,3466,3389,290,0,9,46,1.0,2900,0,23177,27,411,2900,30624
2025-07-10,argo,com.grab.sample.dummy,DummyClass20,method1,1,0,9.0,0,0.0,0,0,1,0,12,0,1,10,0.0,10,0,9,1,0.0,1,2.0,0,9,0.0,0,0.0,0.9,68,57,0.1,10,0,0,0,0,1,9,0,0,0,0,0,0,0,0,0,10,0.19999999999999996,10,1.0,10,0,0,0,10,0,0,10,0,1,0,0,0,0,0,10,10,37,3466,3389,290,0,9,46,1.0,2900,0,23177,27,411,2900,30624
2025-07-10,argo,com.grab.sample.dummy,DummyClass20,method2,1,2,0.0,0,0.0,0,0,1,0,5,0,1,0,0.0,0,0,0,5,0.0,0,2.4,0,0,0.0,0,0.0,0.9,68,57,0.1,10,0,0,0,0,1,9,0,0,0,0,0,0,0,0,0,10,0.19999999999999996,10,1.0,10,0,0,0,10,0,0,10,0,1,0,0,0,0,0,10,10,37,3466,3389,290,0,9,46,1.0,2900,0,23177,27,411,2900,30624
2025-07-10,argo,com.grab.sample.dummy,DummyClass20,method3,1,2,0.0,0,0.0,0,0,1,0,5,0,1,0,0.0,0,0,0,5,0.0,0,2.4,0,0,0.0,0,0.0,0.9,68,57,0.1,10,0,0,0,0,1,9,0,0,0,0,0,0,0,0,0,10,0.19999999999999996,10,1.0,10,0,0,0,10,0,0,10,0,1,0,0,0,0,0,10,10,37,3466,3389,290,0,9,46,1.0,2900,0,23177,27,411,2900,30624
2025-07-10,argo,com.grab.sample.dummy,DummyClass20,method4,1,2,0.0,0,0.0,0,0,1,0,5,0,1,0,0.0,0,0,0,5,0.0,0,2.4,0,0,0.0,0,0.0,0.9,68,57,0.1,10,0,0,0,0,1,9,0,0,0,0,0,0,0,0,0,10,0.19999999999999996,10,1.0,10,0,0,0,10,0,0,10,0,1,0,0,0,0,0,10,10,37,3466,3389,290,0,9,46,1.0,2900,0,23177,27,411,2900,30624
2025-07-10,argo,com.grab.sample.dummy,DummyClass20,method5,1,2,0.0,0,0.0,0,0,1,0,5,0,1,0,0.0,0,0,0,5,0.0,0,2.4,0,0,0.0,0,0.0,0.9,68,57,0.1,10,0,0,0,0,1,9,0,0,0,0,0,0,0,0,0,10,0.19999999999999996,10,1.0,10,0,0,0,10,0,0,10,0,1,0,0,0,0,0,10,10,37,3466,3389,290,0,9,46,1.0,2900,0,23177,27,411,2900,30624
2025-07-10,argo,com.grab.sample.dummy,DummyClass20,method6,1,2,0.0,0,0.0,0,0,1,0,5,0,1,0,0.0,0,0,0,5,0.0,0,2.4,0,0,0.0,0,0.0,0.9,68,57,0.1,10,0,0,0,0,1,9,0,0,0,0,0,0,0,0,0,10,0.19999999999999996,10,1.0,10,0,0,0,10,0,0,10,0,1,0,0,0,0,0,10,10,37,3466,3389,290,0,9,46,1.0,2900,0,23177,27,411,2900,30624
2025-07-10,argo,com.grab.sample.dummy,DummyClass20,method7,1,2,0.0,0,0.0,0,0,1,0,5,0,1,0,0.0,0,0,0,5,0.0,0,2.4,0,0,0.0,0,0.0,0.9,68,57,0.1,10,0,0,0,0,1,9,0,0,0,0,0,0,0,0,0,10,0.19999999999999996,10,1.0,10,0,0,0,10,0,0,10,0,1,0,0,0,0,0,10,10,37,3466,3389,290,0,9,46,1.0,2900,0,23177,27,411,2900,30624
2025-07-10,argo,com.grab.sample.dummy,DummyClass20,method8,1,2,0.0,0,0.0,0,0,1,0,5,0,1,0,0.0,0,0,0,5,0.0,0,2.4,0,0,0.0,0,0.0,0.9,68,57,0.1,10,0,0,0,0,1,9,0,0,0,0,0,0,0,0,0,10,0.19999999999999996,10,1.0,10,0,0,0,10,0,0,10,0,1,0,0,0,0,0,10,10,37,3466,3389,290,0,9,46,1.0,2900,0,23177,27,411,2900,30624
2025-07-10,argo,com.grab.sample.dummy,DummyClass20,method9,1,2,0.0,0,0.0,0,0,1,0,5,0,1,0,0.0,0,0,0,5,0.0,0,2.4,0,0,0.0,0,0.0,0.9,68,57,0.1,10,0,0,0,0,1,9,0,0,0,0,0,0,0,0,0,10,0.19999999999999996,10,1.0,10,0,0,0,10,0,0,10,0,1,0,0,0,0,0,10,10,37,3466,3389,290,0,9,46,1.0,2900,0,23177,27,411,2900,30624
2025-07-10,argo,com.grab.sample.dummy,DummyClass20,method10,1,2,0.0,0,0.0,0,0,1,0,5,0,1,0,0.0,0,0,0,5,0.0,0,2.4,0,0,0.0,0,0.0,0.9,68,57,0.1,10,0,0,0,0,1,9,0,0,0,0,0,0,0,0,0,10,0.19999999999999996,10,1.0,10,0,0,0,10,0,0,10,0,1,0,0,0,0,0,10,10,37,3466,3389,290,0,9,46,1.0,2900,0,23177,27,411,2900,30624
2025-07-10,argo,com.grab.sample.dummy,DummyClass21,method1,1,0,9.0,0,0.0,0,0,1,0,12,0,1,10,0.0,10,0,9,1,0.0,1,2.0,0,9,0.0,0,0.0,0.9,68,57,0.1,10,0,0,0,0,1,9,0,0,0,0,0,0,0,0,0,10,0.19999999999999996,10,1.0,10,0,0,0,10,0,0,10,0,1,0,0,0,0,0,10,10,37,3466,3389,290,0,9,46,1.0,2900,0,23177,27,411,2900,30624
2025-07-10,argo,com.grab.sample.dummy,DummyClass21,method2,1,2,0.0,0,0.0,0,0,1,0,5,0,1,0,0.0,0,0,0,5,0.0,0,2.4,0,0,0.0,0,0.0,0.9,68,57,0.1,10,0,0,0,0,1,9,0,0,0,0,0,0,0,0,0,10,0.19999999999999996,10,1.0,10,0,0,0,10,0,0,10,0,1,0,0,0,0,0,10,10,37,3466,3389,290,0,9,46,1.0,2900,0,23177,27,411,2900,30624
2025-07-10,argo,com.grab.sample.dummy,DummyClass21,method3,1,2,0.0,0,0.0,0,0,1,0,5,0,1,0,0.0,0,0,0,5,0.0,0,2.4,0,0,0.0,0,0.0,0.9,68,57,0.1,10,0,0,0,0,1,9,0,0,0,0,0,0,0,0,0,10,0.19999999999999996,10,1.0,10,0,0,0,10,0,0,10,0,1,0,0,0,0,0,10,10,37,3466,3389,290,0,9,46,1.0,2900,0,23177,27,411,2900,30624
2025-07-10,argo,com.grab.sample.dummy,DummyClass21,method4,1,2,0.0,0,0.0,0,0,1,0,5,0,1,0,0.0,0,0,0,5,0.0,0,2.4,0,0,0.0,0,0.0,0.9,68,57,0.1,10,0,0,0,0,1,9,0,0,0,0,0,0,0,0,0,10,0.19999999999999996,10,1.0,10,0,0,0,10,0,0,10,0,1,0,0,0,0,0,10,10,37,3466,3389,290,0,9,46,1.0,2900,0,23177,27,411,2900,30624
2025-07-10,argo,com.grab.sample.dummy,DummyClass21,method5,1,2,0.0,0,0.0,0,0,1,0,5,0,1,0,0.0,0,0,0,5,0.0,0,2.4,0,0,0.0,0,0.0,0.9,68,57,0.1,10,0,0,0,0,1,9,0,0,0,0,0,0,0,0,0,10,0.19999999999999996,10,1.0,10,0,0,0,10,0,0,10,0,1,0,0,0,0,0,10,10,37,3466,3389,290,0,9,46,1.0,2900,0,23177,27,411,2900,30624
2025-07-10,argo,com.grab.sample.dummy,DummyClass21,method6,1,2,0.0,0,0.0,0,0,1,0,5,0,1,0,0.0,0,0,0,5,0.0,0,2.4,0,0,0.0,0,0.0,0.9,68,57,0.1,10,0,0,0,0,1,9,0,0,0,0,0,0,0,0,0,10,0.19999999999999996,10,1.0,10,0,0,0,10,0,0,10,0,1,0,0,0,0,0,10,10,37,3466,3389,290,0,9,46,1.0,2900,0,23177,27,411,2900,30624
2025-07-10,argo,com.grab.sample.dummy,DummyClass21,method7,1,2,0.0,0,0.0,0,0,1,0,5,0,1,0,0.0,0,0,0,5,0.0,0,2.4,0,0,0.0,0,0.0,0.9,68,57,0.1,10,0,0,0,0,1,9,0,0,0,0,0,0,0,0,0,10,0.19999999999999996,10,1.0,10,0,0,0,10,0,0,10,0,1,0,0,0,0,0,10,10,37,3466,3389,290,0,9,46,1.0,2900,0,23177,27,411,2900,30624
2025-07-10,argo,com.grab.sample.dummy,DummyClass21,method8,1,2,0.0,0,0.0,0,0,1,0,5,0,1,0,0.0,0,0,0,5,0.0,0,2.4,0,0,0.0,0,0.0,0.9,68,57,0.1,10,0,0,0,0,1,9,0,0,0,0,0,0,0,0,0,10,0.19999999999999996,10,1.0,10,0,0,0,10,0,0,10,0,1,0,0,0,0,0,10,10,37,3466,3389,290,0,9,46,1.0,2900,0,23177,27,411,2900,30624
2025-07-10,argo,com.grab.sample.dummy,DummyClass21,method9,1,2,0.0,0,0.0,0,0,1,0,5,0,1,0,0.0,0,0,0,5,0.0,0,2.4,0,0,0.0,0,0.0,0.9,68,57,0.1,10,0,0,0,0,1,9,0,0,0,0,0,0,0,0,0,10,0.19999999999999996,10,1.0,10,0,0,0,10,0,0,10,0,1,0,0,0,0,0,10,10,37,3466,3389,290,0,9,46,1.0,2900,0,23177,27,411,2900,30624
2025-07-10,argo,com.grab.sample.dummy,DummyClass21,method10,1,2,0.0,0,0.0,0,0,1,0,5,0,1,0,0.0,0,0,0,5,0.0,0,2.4,0,0,0.0,0,0.0,0.9,68,57,0.1,10,0,0,0,0,1,9,0,0,0,0,0,0,0,0,0,10,0.19999999999999996,10,1.0,10,0,0,0,10,0,0,10,0,1,0,0,0,0,0,10,10,37,3466,3389,290,0,9,46,1.0,2900,0,23177,27,411,2900,30624
2025-07-10,argo,com.grab.sample.dummy,DummyClass22,method1,1,0,9.0,0,0.0,0,0,1,0,12,0,1,10,0.0,10,0,9,1,0.0,1,2.0,0,9,0.0,0,0.0,0.9,68,57,0.1,10,0,0,0,0,1,9,0,0,0,0,0,0,0,0,0,10,0.19999999999999996,10,1.0,10,0,0,0,10,0,0,10,0,1,0,0,0,0,0,10,10,37,3466,3389,290,0,9,46,1.0,2900,0,23177,27,411,2900,30624
2025-07-10,argo,com.grab.sample.dummy,DummyClass22,method2,1,2,0.0,0,0.0,0,0,1,0,5,0,1,0,0.0,0,0,0,5,0.0,0,2.4,0,0,0.0,0,0.0,0.9,68,57,0.1,10,0,0,0,0,1,9,0,0,0,0,0,0,0,0,0,10,0.19999999999999996,10,1.0,10,0,0,0,10,0,0,10,0,1,0,0,0,0,0,10,10,37,3466,3389,290,0,9,46,1.0,2900,0,23177,27,411,2900,30624
2025-07-10,argo,com.grab.sample.dummy,DummyClass22,method3,1,2,0.0,0,0.0,0,0,1,0,5,0,1,0,0.0,0,0,0,5,0.0,0,2.4,0,0,0.0,0,0.0,0.9,68,57,0.1,10,0,0,0,0,1,9,0,0,0,0,0,0,0,0,0,10,0.19999999999999996,10,1.0,10,0,0,0,10,0,0,10,0,1,0,0,0,0,0,10,10,37,3466,3389,290,0,9,46,1.0,2900,0,23177,27,411,2900,30624
2025-07-10,argo,com.grab.sample.dummy,DummyClass22,method4,1,2,0.0,0,0.0,0,0,1,0,5,0,1,0,0.0,0,0,0,5,0.0,0,2.4,0,0,0.0,0,0.0,0.9,68,57,0.1,10,0,0,0,0,1,9,0,0,0,0,0,0,0,0,0,10,0.19999999999999996,10,1.0,10,0,0,0,10,0,0,10,0,1,0,0,0,0,0,10,10,37,3466,3389,290,0,9,46,1.0,2900,0,23177,27,411,2900,30624
2025-07-10,argo,com.grab.sample.dummy,DummyClass22,method5,1,2,0.0,0,0.0,0,0,1,0,5,0,1,0,0.0,0,0,0,5,0.0,0,2.4,0,0,0.0,0,0.0,0.9,68,57,0.1,10,0,0,0,0,1,9,0,0,0,0,0,0,0,0,0,10,0.19999999999999996,10,1.0,10,0,0,0,10,0,0,10,0,1,0,0,0,0,0,10,10,37,3466,3389,290,0,9,46,1.0,2900,0,23177,27,411,2900,30624
2025-07-10,argo,com.grab.sample.dummy,DummyClass22,method6,1,2,0.0,0,0.0,0,0,1,0,5,0,1,0,0.0,0,0,0,5,0.0,0,2.4,0,0,0.0,0,0.0,0.9,68,57,0.1,10,0,0,0,0,1,9,0,0,0,0,0,0,0,0,0,10,0.19999999999999996,10,1.0,10,0,0,0,10,0,0,10,0,1,0,0,0,0,0,10,10,37,3466,3389,290,0,9,46,1.0,2900,0,23177,27,411,2900,30624
2025-07-10,argo,com.grab.sample.dummy,DummyClass22,method7,1,2,0.0,0,0.0,0,0,1,0,5,0,1,0,0.0,0,0,0,5,0.0,0,2.4,0,0,0.0,0,0.0,0.9,68,57,0.1,10,0,0,0,0,1,9,0,0,0,0,0,0,0,0,0,10,0.19999999999999996,10,1.0,10,0,0,0,10,0,0,10,0,1,0,0,0,0,0,10,10,37,3466,3389,290,0,9,46,1.0,2900,0,23177,27,411,2900,30624
2025-07-10,argo,com.grab.sample.dummy,DummyClass22,method8,1,2,0.0,0,0.0,0,0,1,0,5,0,1,0,0.0,0,0,0,5,0.0,0,2.4,0,0,0.0,0,0.0,0.9,68,57,0.1,10,0,0,0,0,1,9,0,0,0,0,0,0,0,0,0,10,0.19999999999999996,10,1.0,10,0,0,0,10,0,0,10,0,1,0,0,0,0,0,10,10,37,3466,3389,290,0,9,46,1.0,2900,0,23177,27,411,2900,30624
2025-07-10,argo,com.grab.sample.dummy,DummyClass22,method9,1,2,0.0,0,0.0,0,0,1,0,5,0,1,0,0.0,0,0,0,5,0.0,0,2.4,0,0,0.0,0,0.0,0.9,68,57,0.1,10,0,0,0,0,1,9,0,0,0,0,0,0,0,0,0,10,0.19999999999999996,10,1.0,10,0,0,0,10,0,0,10,0,1,0,0,0,0,0,10,10,37,3466,3389,290,0,9,46,1.0,2900,0,23177,27,411,2900,30624
2025-07-10,argo,com.grab.sample.dummy,DummyClass22,method10,1,2,0.0,0,0.0,0,0,1,0,5,0,1,0,0.0,0,0,0,5,0.0,0,2.4,0,0,0.0,0,0.0,0.9,68,57,0.1,10,0,0,0,0,1,9,0,0,0,0,0,0,0,0,0,10,0.19999999999999996,10,1.0,10,0,0,0,10,0,0,10,0,1,0,0,0,0,0,10,10,37,3466,3389,290,0,9,46,1.0,2900,0,23177,27,411,2900,30624
2025-07-10,argo,com.grab.sample.dummy,DummyClass23,method1,1,0,9.0,0,0.0,0,0,1,0,12,0,1,10,0.0,10,0,9,1,0.0,1,2.0,0,9,0.0,0,0.0,0.9,68,57,0.1,10,0,0,0,0,1,9,0,0,0,0,0,0,0,0,0,10,0.19999999999999996,10,1.0,10,0,0,0,10,0,0,10,0,1,0,0,0,0,0,10,10,37,3466,3389,290,0,9,46,1.0,2900,0,23177,27,411,2900,30624
2025-07-10,argo,com.grab.sample.dummy,DummyClass23,method2,1,2,0.0,0,0.0,0,0,1,0,5,0,1,0,0.0,0,0,0,5,0.0,0,2.4,0,0,0.0,0,0.0,0.9,68,57,0.1,10,0,0,0,0,1,9,0,0,0,0,0,0,0,0,0,10,0.19999999999999996,10,1.0,10,0,0,0,10,0,0,10,0,1,0,0,0,0,0,10,10,37,3466,3389,290,0,9,46,1.0,2900,0,23177,27,411,2900,30624
2025-07-10,argo,com.grab.sample.dummy,DummyClass23,method3,1,2,0.0,0,0.0,0,0,1,0,5,0,1,0,0.0,0,0,0,5,0.0,0,2.4,0,0,0.0,0,0.0,0.9,68,57,0.1,10,0,0,0,0,1,9,0,0,0,0,0,0,0,0,0,10,0.19999999999999996,10,1.0,10,0,0,0,10,0,0,10,0,1,0,0,0,0,0,10,10,37,3466,3389,290,0,9,46,1.0,2900,0,23177,27,411,2900,30624
2025-07-10,argo,com.grab.sample.dummy,DummyClass23,method4,1,2,0.0,0,0.0,0,0,1,0,5,0,1,0,0.0,0,0,0,5,0.0,0,2.4,0,0,0.0,0,0.0,0.9,68,57,0.1,10,0,0,0,0,1,9,0,0,0,0,0,0,0,0,0,10,0.19999999999999996,10,1.0,10,0,0,0,10,0,0,10,0,1,0,0,0,0,0,10,10,37,3466,3389,290,0,9,46,1.0,2900,0,23177,27,411,2900,30624
2025-07-10,argo,com.grab.sample.dummy,DummyClass23,method5,1,2,0.0,0,0.0,0,0,1,0,5,0,1,0,0.0,0,0,0,5,0.0,0,2.4,0,0,0.0,0,0.0,0.9,68,57,0.1,10,0,0,0,0,1,9,0,0,0,0,0,0,0,0,0,10,0.19999999999999996,10,1.0,10,0,0,0,10,0,0,10,0,1,0,0,0,0,0,10,10,37,3466,3389,290,0,9,46,1.0,2900,0,23177,27,411,2900,30624
2025-07-10,argo,com.grab.sample.dummy,DummyClass23,method6,1,2,0.0,0,0.0,0,0,1,0,5,0,1,0,0.0,0,0,0,5,0.0,0,2.4,0,0,0.0,0,0.0,0.9,68,57,0.1,10,0,0,0,0,1,9,0,0,0,0,0,0,0,0,0,10,0.19999999999999996,10,1.0,10,0,0,0,10,0,0,10,0,1,0,0,0,0,0,10,10,37,3466,3389,290,0,9,46,1.0,2900,0,23177,27,411,2900,30624
2025-07-10,argo,com.grab.sample.dummy,DummyClass23,method7,1,2,0.0,0,0.0,0,0,1,0,5,0,1,0,0.0,0,0,0,5,0.0,0,2.4,0,0,0.0,0,0.0,0.9,68,57,0.1,10,0,0,0,0,1,9,0,0,0,0,0,0,0,0,0,10,0.19999999999999996,10,1.0,10,0,0,0,10,0,0,10,0,1,0,0,0,0,0,10,10,37,3466,3389,290,0,9,46,1.0,2900,0,23177,27,411,2900,30624
2025-07-10,argo,com.grab.sample.dummy,DummyClass23,method8,1,2,0.0,0,0.0,0,0,1,0,5,0,1,0,0.0,0,0,0,5,0.0,0,2.4,0,0,0.0,0,0.0,0.9,68,57,0.1,10,0,0,0,0,1,9,0,0,0,0,0,0,0,0,0,10,0.19999999999999996,10,1.0,10,0,0,0,10,0,0,10,0,1,0,0,0,0,0,10,10,37,3466,3389,290,0,9,46,1.0,2900,0,23177,27,411,2900,30624
2025-07-10,argo,com.grab.sample.dummy,DummyClass23,method9,1,2,0.0,0,0.0,0,0,1,0,5,0,1,0,0.0,0,0,0,5,0.0,0,2.4,0,0,0.0,0,0.0,0.9,68,57,0.1,10,0,0,0,0,1,9,0,0,0,0,0,0,0,0,0,10,0.19999999999999996,10,1.0,10,0,0,0,10,0,0,10,0,1,0,0,0,0,0,10,10,37,3466,3389,290,0,9,46,1.0,2900,0,23177,27,411,2900,30624
2025-07-10,argo,com.grab.sample.dummy,DummyClass23,method10,1,2,0.0,0,0.0,0,0,1,0,5,0,1,0,0.0,0,0,0,5,0.0,0,2.4,0,0,0.0,0,0.0,0.9,68,57,0.1,10,0,0,0,0,1,9,0,0,0,0,0,0,0,0,0,10,0.19999999999999996,10,1.0,10,0,0,0,10,0,0,10,0,1,0,0,0,0,0,10,10,37,3466,3389,290,0,9,46,1.0,2900,0,23177,27,411,2900,30624
2025-07-10,argo,com.grab.sample.dummy,DummyClass24,method1,1,0,9.0,0,0.0,0,0,1,0,12,0,1,10,0.0,10,0,9,1,0.0,1,2.0,0,9,0.0,0,0.0,0.9,68,57,0.1,10,0,0,0,0,1,9,0,0,0,0,0,0,0,0,0,10,0.19999999999999996,10,1.0,10,0,0,0,10,0,0,10,0,1,0,0,0,0,0,10,10,37,3466,3389,290,0,9,46,1.0,2900,0,23177,27,411,2900,30624
2025-07-10,argo,com.grab.sample.dummy,DummyClass24,method2,1,2,0.0,0,0.0,0,0,1,0,5,0,1,0,0.0,0,0,0,5,0.0,0,2.4,0,0,0.0,0,0.0,0.9,68,57,0.1,10,0,0,0,0,1,9,0,0,0,0,0,0,0,0,0,10,0.19999999999999996,10,1.0,10,0,0,0,10,0,0,10,0,1,0,0,0,0,0,10,10,37,3466,3389,290,0,9,46,1.0,2900,0,23177,27,411,2900,30624
2025-07-10,argo,com.grab.sample.dummy,DummyClass24,method3,1,2,0.0,0,0.0,0,0,1,0,5,0,1,0,0.0,0,0,0,5,0.0,0,2.4,0,0,0.0,0,0.0,0.9,68,57,0.1,10,0,0,0,0,1,9,0,0,0,0,0,0,0,0,0,10,0.19999999999999996,10,1.0,10,0,0,0,10,0,0,10,0,1,0,0,0,0,0,10,10,37,3466,3389,290,0,9,46,1.0,2900,0,23177,27,411,2900,30624
2025-07-10,argo,com.grab.sample.dummy,DummyClass24,method4,1,2,0.0,0,0.0,0,0,1,0,5,0,1,0,0.0,0,0,0,5,0.0,0,2.4,0,0,0.0,0,0.0,0.9,68,57,0.1,10,0,0,0,0,1,9,0,0,0,0,0,0,0,0,0,10,0.19999999999999996,10,1.0,10,0,0,0,10,0,0,10,0,1,0,0,0,0,0,10,10,37,3466,3389,290,0,9,46,1.0,2900,0,23177,27,411,2900,30624
2025-07-10,argo,com.grab.sample.dummy,DummyClass24,method5,1,2,0.0,0,0.0,0,0,1,0,5,0,1,0,0.0,0,0,0,5,0.0,0,2.4,0,0,0.0,0,0.0,0.9,68,57,0.1,10,0,0,0,0,1,9,0,0,0,0,0,0,0,0,0,10,0.19999999999999996,10,1.0,10,0,0,0,10,0,0,10,0,1,0,0,0,0,0,10,10,37,3466,3389,290,0,9,46,1.0,2900,0,23177,27,411,2900,30624
2025-07-10,argo,com.grab.sample.dummy,DummyClass24,method6,1,2,0.0,0,0.0,0,0,1,0,5,0,1,0,0.0,0,0,0,5,0.0,0,2.4,0,0,0.0,0,0.0,0.9,68,57,0.1,10,0,0,0,0,1,9,0,0,0,0,0,0,0,0,0,10,0.19999999999999996,10,1.0,10,0,0,0,10,0,0,10,0,1,0,0,0,0,0,10,10,37,3466,3389,290,0,9,46,1.0,2900,0,23177,27,411,2900,30624
2025-07-10,argo,com.grab.sample.dummy,DummyClass24,method7,1,2,0.0,0,0.0,0,0,1,0,5,0,1,0,0.0,0,0,0,5,0.0,0,2.4,0,0,0.0,0,0.0,0.9,68,57,0.1,10,0,0,0,0,1,9,0,0,0,0,0,0,0,0,0,10,0.19999999999999996,10,1.0,10,0,0,0,10,0,0,10,0,1,0,0,0,0,0,10,10,37,3466,3389,290,0,9,46,1.0,2900,0,23177,27,411,2900,30624
2025-07-10,argo,com.grab.sample.dummy,DummyClass24,method8,1,2,0.0,0,0.0,0,0,1,0,5,0,1,0,0.0,0,0,0,5,0.0,0,2.4,0,0,0.0,0,0.0,0.9,68,57,0.1,10,0,0,0,0,1,9,0,0,0,0,0,0,0,0,0,10,0.19999999999999996,10,1.0,10,0,0,0,10,0,0,10,0,1,0,0,0,0,0,10,10,37,3466,3389,290,0,9,46,1.0,2900,0,23177,27,411,2900,30624
2025-07-10,argo,com.grab.sample.dummy,DummyClass24,method9,1,2,0.0,0,0.0,0,0,1,0,5,0,1,0,0.0,0,0,0,5,0.0,0,2.4,0,0,0.0,0,0.0,0.9,68,57,0.1,10,0,0,0,0,1,9,0,0,0,0,0,0,0,0,0,10,0.19999999999999996,10,1.0,10,0,0,0,10,0,0,10,0,1,0,0,0,0,0,10,10,37,3466,3389,290,0,9,46,1.0,2900,0,23177,27,411,2900,30624
2025-07-10,argo,com.grab.sample.dummy,DummyClass24,method10,1,2,0.0,0,0.0,0,0,1,0,5,0,1,0,0.0,0,0,0,5,0.0,0,2.4,0,0,0.0,0,0.0,0.9,68,57,0.1,10,0,0,0,0,1,9,0,0,0,0,0,0,0,0,0,10,0.19999999999999996,10,1.0,10,0,0,0,10,0,0,10,0,1,0,0,0,0,0,10,10,37,3466,3389,290,0,9,46,1.0,2900,0,23177,27,411,2900,30624
2025-07-10,argo,com.grab.sample.dummy,DummyClass25,method1,1,0,9.0,0,0.0,0,0,1,0,12,0,1,10,0.0,10,0,9,1,0.0,1,2.0,0,9,0.0,0,0.0,0.9,68,57,0.1,10,0,0,0,0,1,9,0,0,0,0,0,0,0,0,0,10,0.19999999999999996,10,1.0,10,0,0,0,10,0,0,10,0,1,0,0,0,0,0,10,10,37,3466,3389,290,0,9,46,1.0,2900,0,23177,27,411,2900,30624
2025-07-10,argo,com.grab.sample.dummy,DummyClass25,method2,1,2,0.0,0,0.0,0,0,1,0,5,0,1,0,0.0,0,0,0,5,0.0,0,2.4,0,0,0.0,0,0.0,0.9,68,57,0.1,10,0,0,0,0,1,9,0,0,0,0,0,0,0,0,0,10,0.19999999999999996,10,1.0,10,0,0,0,10,0,0,10,0,1,0,0,0,0,0,10,10,37,3466,3389,290,0,9,46,1.0,2900,0,23177,27,411,2900,30624
2025-07-10,argo,com.grab.sample.dummy,DummyClass25,method3,1,2,0.0,0,0.0,0,0,1,0,5,0,1,0,0.0,0,0,0,5,0.0,0,2.4,0,0,0.0,0,0.0,0.9,68,57,0.1,10,0,0,0,0,1,9,0,0,0,0,0,0,0,0,0,10,0.19999999999999996,10,1.0,10,0,0,0,10,0,0,10,0,1,0,0,0,0,0,10,10,37,3466,3389,290,0,9,46,1.0,2900,0,23177,27,411,2900,30624
2025-07-10,argo,com.grab.sample.dummy,DummyClass25,method4,1,2,0.0,0,0.0,0,0,1,0,5,0,1,0,0.0,0,0,0,5,0.0,0,2.4,0,0,0.0,0,0.0,0.9,68,57,0.1,10,0,0,0,0,1,9,0,0,0,0,0,0,0,0,0,10,0.19999999999999996,10,1.0,10,0,0,0,10,0,0,10,0,1,0,0,0,0,0,10,10,37,3466,3389,290,0,9,46,1.0,2900,0,23177,27,411,2900,30624
2025-07-10,argo,com.grab.sample.dummy,DummyClass25,method5,1,2,0.0,0,0.0,0,0,1,0,5,0,1,0,0.0,0,0,0,5,0.0,0,2.4,0,0,0.0,0,0.0,0.9,68,57,0.1,10,0,0,0,0,1,9,0,0,0,0,0,0,0,0,0,10,0.19999999999999996,10,1.0,10,0,0,0,10,0,0,10,0,1,0,0,0,0,0,10,10,37,3466,3389,290,0,9,46,1.0,2900,0,23177,27,411,2900,30624
2025-07-10,argo,com.grab.sample.dummy,DummyClass25,method6,1,2,0.0,0,0.0,0,0,1,0,5,0,1,0,0.0,0,0,0,5,0.0,0,2.4,0,0,0.0,0,0.0,0.9,68,57,0.1,10,0,0,0,0,1,9,0,0,0,0,0,0,0,0,0,10,0.19999999999999996,10,1.0,10,0,0,0,10,0,0,10,0,1,0,0,0,0,0,10,10,37,3466,3389,290,0,9,46,1.0,2900,0,23177,27,411,2900,30624
2025-07-10,argo,com.grab.sample.dummy,DummyClass25,method7,1,2,0.0,0,0.0,0,0,1,0,5,0,1,0,0.0,0,0,0,5,0.0,0,2.4,0,0,0.0,0,0.0,0.9,68,57,0.1,10,0,0,0,0,1,9,0,0,0,0,0,0,0,0,0,10,0.19999999999999996,10,1.0,10,0,0,0,10,0,0,10,0,1,0,0,0,0,0,10,10,37,3466,3389,290,0,9,46,1.0,2900,0,23177,27,411,2900,30624
2025-07-10,argo,com.grab.sample.dummy,DummyClass25,method8,1,2,0.0,0,0.0,0,0,1,0,5,0,1,0,0.0,0,0,0,5,0.0,0,2.4,0,0,0.0,0,0.0,0.9,68,57,0.1,10,0,0,0,0,1,9,0,0,0,0,0,0,0,0,0,10,0.19999999999999996,10,1.0,10,0,0,0,10,0,0,10,0,1,0,0,0,0,0,10,10,37,3466,3389,290,0,9,46,1.0,2900,0,23177,27,411,2900,30624
2025-07-10,argo,com.grab.sample.dummy,DummyClass25,method9,1,2,0.0,0,0.0,0,0,1,0,5,0,1,0,0.0,0,0,0,5,0.0,0,2.4,0,0,0.0,0,0.0,0.9,68,57,0.1,10,0,0,0,0,1,9,0,0,0,0,0,0,0,0,0,10,0.19999999999999996,10,1.0,10,0,0,0,10,0,0,10,0,1,0,0,0,0,0,10,10,37,3466,3389,290,0,9,46,1.0,2900,0,23177,27,411,2900,30624
2025-07-10,argo,com.grab.sample.dummy,DummyClass25,method10,1,2,0.0,0,0.0,0,0,1,0,5,0,1,0,0.0,0,0,0,5,0.0,0,2.4,0,0,0.0,0,0.0,0.9,68,57,0.1,10,0,0,0,0,1,9,0,0,0,0,0,0,0,0,0,10,0.19999999999999996,10,1.0,10,0,0,0,10,0,0,10,0,1,0,0,0,0,0,10,10,37,3466,3389,290,0,9,46,1.0,2900,0,23177,27,411,2900,30624
2025-07-10,argo,com.grab.sample.dummy,DummyClass26,method1,1,0,9.0,0,0.0,0,0,1,0,12,0,1,10,0.0,10,0,9,1,0.0,1,2.0,0,9,0.0,0,0.0,0.9,68,57,0.1,10,0,0,0,0,1,9,0,0,0,0,0,0,0,0,0,10,0.19999999999999996,10,1.0,10,0,0,0,10,0,0,10,0,1,0,0,0,0,0,10,10,37,3466,3389,290,0,9,46,1.0,2900,0,23177,27,411,2900,30624
2025-07-10,argo,com.grab.sample.dummy,DummyClass26,method2,1,2,0.0,0,0.0,0,0,1,0,5,0,1,0,0.0,0,0,0,5,0.0,0,2.4,0,0,0.0,0,0.0,0.9,68,57,0.1,10,0,0,0,0,1,9,0,0,0,0,0,0,0,0,0,10,0.19999999999999996,10,1.0,10,0,0,0,10,0,0,10,0,1,0,0,0,0,0,10,10,37,3466,3389,290,0,9,46,1.0,2900,0,23177,27,411,2900,30624
2025-07-10,argo,com.grab.sample.dummy,DummyClass26,method3,1,2,0.0,0,0.0,0,0,1,0,5,0,1,0,0.0,0,0,0,5,0.0,0,2.4,0,0,0.0,0,0.0,0.9,68,57,0.1,10,0,0,0,0,1,9,0,0,0,0,0,0,0,0,0,10,0.19999999999999996,10,1.0,10,0,0,0,10,0,0,10,0,1,0,0,0,0,0,10,10,37,3466,3389,290,0,9,46,1.0,2900,0,23177,27,411,2900,30624
2025-07-10,argo,com.grab.sample.dummy,DummyClass26,method4,1,2,0.0,0,0.0,0,0,1,0,5,0,1,0,0.0,0,0,0,5,0.0,0,2.4,0,0,0.0,0,0.0,0.9,68,57,0.1,10,0,0,0,0,1,9,0,0,0,0,0,0,0,0,0,10,0.19999999999999996,10,1.0,10,0,0,0,10,0,0,10,0,1,0,0,0,0,0,10,10,37,3466,3389,290,0,9,46,1.0,2900,0,23177,27,411,2900,30624
2025-07-10,argo,com.grab.sample.dummy,DummyClass26,method5,1,2,0.0,0,0.0,0,0,1,0,5,0,1,0,0.0,0,0,0,5,0.0,0,2.4,0,0,0.0,0,0.0,0.9,68,57,0.1,10,0,0,0,0,1,9,0,0,0,0,0,0,0,0,0,10,0.19999999999999996,10,1.0,10,0,0,0,10,0,0,10,0,1,0,0,0,0,0,10,10,37,3466,3389,290,0,9,46,1.0,2900,0,23177,27,411,2900,30624
2025-07-10,argo,com.grab.sample.dummy,DummyClass26,method6,1,2,0.0,0,0.0,0,0,1,0,5,0,1,0,0.0,0,0,0,5,0.0,0,2.4,0,0,0.0,0,0.0,0.9,68,57,0.1,10,0,0,0,0,1,9,0,0,0,0,0,0,0,0,0,10,0.19999999999999996,10,1.0,10,0,0,0,10,0,0,10,0,1,0,0,0,0,0,10,10,37,3466,3389,290,0,9,46,1.0,2900,0,23177,27,411,2900,30624
2025-07-10,argo,com.grab.sample.dummy,DummyClass26,method7,1,2,0.0,0,0.0,0,0,1,0,5,0,1,0,0.0,0,0,0,5,0.0,0,2.4,0,0,0.0,0,0.0,0.9,68,57,0.1,10,0,0,0,0,1,9,0,0,0,0,0,0,0,0,0,10,0.19999999999999996,10,1.0,10,0,0,0,10,0,0,10,0,1,0,0,0,0,0,10,10,37,3466,3389,290,0,9,46,1.0,2900,0,23177,27,411,2900,30624
2025-07-10,argo,com.grab.sample.dummy,DummyClass26,method8,1,2,0.0,0,0.0,0,0,1,0,5,0,1,0,0.0,0,0,0,5,0.0,0,2.4,0,0,0.0,0,0.0,0.9,68,57,0.1,10,0,0,0,0,1,9,0,0,0,0,0,0,0,0,0,10,0.19999999999999996,10,1.0,10,0,0,0,10,0,0,10,0,1,0,0,0,0,0,10,10,37,3466,3389,290,0,9,46,1.0,2900,0,23177,27,411,2900,30624
2025-07-10,argo,com.grab.sample.dummy,DummyClass26,method9,1,2,0.0,0,0.0,0,0,1,0,5,0,1,0,0.0,0,0,0,5,0.0,0,2.4,0,0,0.0,0,0.0,0.9,68,57,0.1,10,0,0,0,0,1,9,0,0,0,0,0,0,0,0,0,10,0.19999999999999996,10,1.0,10,0,0,0,10,0,0,10,0,1,0,0,0,0,0,10,10,37,3466,3389,290,0,9,46,1.0,2900,0,23177,27,411,2900,30624
2025-07-10,argo,com.grab.sample.dummy,DummyClass26,method10,1,2,0.0,0,0.0,0,0,1,0,5,0,1,0,0.0,0,0,0,5,0.0,0,2.4,0,0,0.0,0,0.0,0.9,68,57,0.1,10,0,0,0,0,1,9,0,0,0,0,0,0,0,0,0,10,0.19999999999999996,10,1.0,10,0,0,0,10,0,0,10,0,1,0,0,0,0,0,10,10,37,3466,3389,290,0,9,46,1.0,2900,0,23177,27,411,2900,30624
2025-07-10,argo,com.grab.sample.dummy,DummyClass27,method1,1,0,9.0,0,0.0,0,0,1,0,12,0,1,10,0.0,10,0,9,1,0.0,1,2.0,0,9,0.0,0,0.0,0.9,68,57,0.1,10,0,0,0,0,1,9,0,0,0,0,0,0,0,0,0,10,0.19999999999999996,10,1.0,10,0,0,0,10,0,0,10,0,1,0,0,0,0,0,10,10,37,3466,3389,290,0,9,46,1.0,2900,0,23177,27,411,2900,30624
2025-07-10,argo,com.grab.sample.dummy,DummyClass27,method2,1,2,0.0,0,0.0,0,0,1,0,5,0,1,0,0.0,0,0,0,5,0.0,0,2.4,0,0,0.0,0,0.0,0.9,68,57,0.1,10,0,0,0,0,1,9,0,0,0,0,0,0,0,0,0,10,0.19999999999999996,10,1.0,10,0,0,0,10,0,0,10,0,1,0,0,0,0,0,10,10,37,3466,3389,290,0,9,46,1.0,2900,0,23177,27,411,2900,30624
2025-07-10,argo,com.grab.sample.dummy,DummyClass27,method3,1,2,0.0,0,0.0,0,0,1,0,5,0,1,0,0.0,0,0,0,5,0.0,0,2.4,0,0,0.0,0,0.0,0.9,68,57,0.1,10,0,0,0,0,1,9,0,0,0,0,0,0,0,0,0,10,0.19999999999999996,10,1.0,10,0,0,0,10,0,0,10,0,1,0,0,0,0,0,10,10,37,3466,3389,290,0,9,46,1.0,2900,0,23177,27,411,2900,30624
2025-07-10,argo,com.grab.sample.dummy,DummyClass27,method4,1,2,0.0,0,0.0,0,0,1,0,5,0,1,0,0.0,0,0,0,5,0.0,0,2.4,0,0,0.0,0,0.0,0.9,68,57,0.1,10,0,0,0,0,1,9,0,0,0,0,0,0,0,0,0,10,0.19999999999999996,10,1.0,10,0,0,0,10,0,0,10,0,1,0,0,0,0,0,10,10,37,3466,3389,290,0,9,46,1.0,2900,0,23177,27,411,2900,30624
2025-07-10,argo,com.grab.sample.dummy,DummyClass27,method5,1,2,0.0,0,0.0,0,0,1,0,5,0,1,0,0.0,0,0,0,5,0.0,0,2.4,0,0,0.0,0,0.0,0.9,68,57,0.1,10,0,0,0,0,1,9,0,0,0,0,0,0,0,0,0,10,0.19999999999999996,10,1.0,10,0,0,0,10,0,0,10,0,1,0,0,0,0,0,10,10,37,3466,3389,290,0,9,46,1.0,2900,0,23177,27,411,2900,30624
2025-07-10,argo,com.grab.sample.dummy,DummyClass27,method6,1,2,0.0,0,0.0,0,0,1,0,5,0,1,0,0.0,0,0,0,5,0.0,0,2.4,0,0,0.0,0,0.0,0.9,68,57,0.1,10,0,0,0,0,1,9,0,0,0,0,0,0,0,0,0,10,0.19999999999999996,10,1.0,10,0,0,0,10,0,0,10,0,1,0,0,0,0,0,10,10,37,3466,3389,290,0,9,46,1.0,2900,0,23177,27,411,2900,30624
2025-07-10,argo,com.grab.sample.dummy,DummyClass27,method7,1,2,0.0,0,0.0,0,0,1,0,5,0,1,0,0.0,0,0,0,5,0.0,0,2.4,0,0,0.0,0,0.0,0.9,68,57,0.1,10,0,0,0,0,1,9,0,0,0,0,0,0,0,0,0,10,0.19999999999999996,10,1.0,10,0,0,0,10,0,0,10,0,1,0,0,0,0,0,10,10,37,3466,3389,290,0,9,46,1.0,2900,0,23177,27,411,2900,30624
2025-07-10,argo,com.grab.sample.dummy,DummyClass27,method8,1,2,0.0,0,0.0,0,0,1,0,5,0,1,0,0.0,0,0,0,5,0.0,0,2.4,0,0,0.0,0,0.0,0.9,68,57,0.1,10,0,0,0,0,1,9,0,0,0,0,0,0,0,0,0,10,0.19999999999999996,10,1.0,10,0,0,0,10,0,0,10,0,1,0,0,0,0,0,10,10,37,3466,3389,290,0,9,46,1.0,2900,0,23177,27,411,2900,30624
2025-07-10,argo,com.grab.sample.dummy,DummyClass27,method9,1,2,0.0,0,0.0,0,0,1,0,5,0,1,0,0.0,0,0,0,5,0.0,0,2.4,0,0,0.0,0,0.0,0.9,68,57,0.1,10,0,0,0,0,1,9,0,0,0,0,0,0,0,0,0,10,0.19999999999999996,10,1.0,10,0,0,0,10,0,0,10,0,1,0,0,0,0,0,10,10,37,3466,3389,290,0,9,46,1.0,2900,0,23177,27,411,2900,30624
2025-07-10,argo,com.grab.sample.dummy,DummyClass27,method10,1,2,0.0,0,0.0,0,0,1,0,5,0,1,0,0.0,0,0,0,5,0.0,0,2.4,0,0,0.0,0,0.0,0.9,68,57,0.1,10,0,0,0,0,1,9,0,0,0,0,0,0,0,0,0,10,0.19999999999999996,10,1.0,10,0,0,0,10,0,0,10,0,1,0,0,0,0,0,10,10,37,3466,3389,290,0,9,46,1.0,2900,0,23177,27,411,2900,30624
2025-07-10,argo,com.grab.sample.dummy,DummyClass28,method1,1,0,9.0,0,0.0,0,0,1,0,12,0,1,10,0.0,10,0,9,1,0.0,1,2.0,0,9,0.0,0,0.0,0.9,68,57,0.1,10,0,0,0,0,1,9,0,0,0,0,0,0,0,0,0,10,0.19999999999999996,10,1.0,10,0,0,0,10,0,0,10,0,1,0,0,0,0,0,10,10,37,3466,3389,290,0,9,46,1.0,2900,0,23177,27,411,2900,30624
2025-07-10,argo,com.grab.sample.dummy,DummyClass28,method2,1,2,0.0,0,0.0,0,0,1,0,5,0,1,0,0.0,0,0,0,5,0.0,0,2.4,0,0,0.0,0,0.0,0.9,68,57,0.1,10,0,0,0,0,1,9,0,0,0,0,0,0,0,0,0,10,0.19999999999999996,10,1.0,10,0,0,0,10,0,0,10,0,1,0,0,0,0,0,10,10,37,3466,3389,290,0,9,46,1.0,2900,0,23177,27,411,2900,30624
2025-07-10,argo,com.grab.sample.dummy,DummyClass28,method3,1,2,0.0,0,0.0,0,0,1,0,5,0,1,0,0.0,0,0,0,5,0.0,0,2.4,0,0,0.0,0,0.0,0.9,68,57,0.1,10,0,0,0,0,1,9,0,0,0,0,0,0,0,0,0,10,0.19999999999999996,10,1.0,10,0,0,0,10,0,0,10,0,1,0,0,0,0,0,10,10,37,3466,3389,290,0,9,46,1.0,2900,0,23177,27,411,2900,30624
2025-07-10,argo,com.grab.sample.dummy,DummyClass28,method4,1,2,0.0,0,0.0,0,0,1,0,5,0,1,0,0.0,0,0,0,5,0.0,0,2.4,0,0,0.0,0,0.0,0.9,68,57,0.1,10,0,0,0,0,1,9,0,0,0,0,0,0,0,0,0,10,0.19999999999999996,10,1.0,10,0,0,0,10,0,0,10,0,1,0,0,0,0,0,10,10,37,3466,3389,290,0,9,46,1.0,2900,0,23177,27,411,2900,30624
2025-07-10,argo,com.grab.sample.dummy,DummyClass28,method5,1,2,0.0,0,0.0,0,0,1,0,5,0,1,0,0.0,0,0,0,5,0.0,0,2.4,0,0,0.0,0,0.0,0.9,68,57,0.1,10,0,0,0,0,1,9,0,0,0,0,0,0,0,0,0,10,0.19999999999999996,10,1.0,10,0,0,0,10,0,0,10,0,1,0,0,0,0,0,10,10,37,3466,3389,290,0,9,46,1.0,2900,0,23177,27,411,2900,30624
2025-07-10,argo,com.grab.sample.dummy,DummyClass28,method6,1,2,0.0,0,0.0,0,0,1,0,5,0,1,0,0.0,0,0,0,5,0.0,0,2.4,0,0,0.0,0,0.0,0.9,68,57,0.1,10,0,0,0,0,1,9,0,0,0,0,0,0,0,0,0,10,0.19999999999999996,10,1.0,10,0,0,0,10,0,0,10,0,1,0,0,0,0,0,10,10,37,3466,3389,290,0,9,46,1.0,2900,0,23177,27,411,2900,30624
2025-07-10,argo,com.grab.sample.dummy,DummyClass28,method7,1,2,0.0,0,0.0,0,0,1,0,5,0,1,0,0.0,0,0,0,5,0.0,0,2.4,0,0,0.0,0,0.0,0.9,68,57,0.1,10,0,0,0,0,1,9,0,0,0,0,0,0,0,0,0,10,0.19999999999999996,10,1.0,10,0,0,0,10,0,0,10,0,1,0,0,0,0,0,10,10,37,3466,3389,290,0,9,46,1.0,2900,0,23177,27,411,2900,30624
2025-07-10,argo,com.grab.sample.dummy,DummyClass28,method8,1,2,0.0,0,0.0,0,0,1,0,5,0,1,0,0.0,0,0,0,5,0.0,0,2.4,0,0,0.0,0,0.0,0.9,68,57,0.1,10,0,0,0,0,1,9,0,0,0,0,0,0,0,0,0,10,0.19999999999999996,10,1.0,10,0,0,0,10,0,0,10,0,1,0,0,0,0,0,10,10,37,3466,3389,290,0,9,46,1.0,2900,0,23177,27,411,2900,30624
2025-07-10,argo,com.grab.sample.dummy,DummyClass28,method9,1,2,0.0,0,0.0,0,0,1,0,5,0,1,0,0.0,0,0,0,5,0.0,0,2.4,0,0,0.0,0,0.0,0.9,68,57,0.1,10,0,0,0,0,1,9,0,0,0,0,0,0,0,0,0,10,0.19999999999999996,10,1.0,10,0,0,0,10,0,0,10,0,1,0,0,0,0,0,10,10,37,3466,3389,290,0,9,46,1.0,2900,0,23177,27,411,2900,30624
2025-07-10,argo,com.grab.sample.dummy,DummyClass28,method10,1,2,0.0,0,0.0,0,0,1,0,5,0,1,0,0.0,0,0,0,5,0.0,0,2.4,0,0,0.0,0,0.0,0.9,68,57,0.1,10,0,0,0,0,1,9,0,0,0,0,0,0,0,0,0,10,0.19999999999999996,10,1.0,10,0,0,0,10,0,0,10,0,1,0,0,0,0,0,10,10,37,3466,3389,290,0,9,46,1.0,2900,0,23177,27,411,2900,30624
2025-07-10,argo,com.grab.sample.dummy,DummyClass29,method1,1,0,9.0,0,0.0,0,0,1,0,12,0,1,10,0.0,10,0,9,1,0.0,1,2.0,0,9,0.0,0,0.0,0.9,68,57,0.1,10,0,0,0,0,1,9,0,0,0,0,0,0,0,0,0,10,0.19999999999999996,10,1.0,10,0,0,0,10,0,0,10,0,1,0,0,0,0,0,10,10,37,3466,3389,290,0,9,46,1.0,2900,0,23177,27,411,2900,30624
2025-07-10,argo,com.grab.sample.dummy,DummyClass29,method2,1,2,0.0,0,0.0,0,0,1,0,5,0,1,0,0.0,0,0,0,5,0.0,0,2.4,0,0,0.0,0,0.0,0.9,68,57,0.1,10,0,0,0,0,1,9,0,0,0,0,0,0,0,0,0,10,0.19999999999999996,10,1.0,10,0,0,0,10,0,0,10,0,1,0,0,0,0,0,10,10,37,3466,3389,290,0,9,46,1.0,2900,0,23177,27,411,2900,30624
2025-07-10,argo,com.grab.sample.dummy,DummyClass29,method3,1,2,0.0,0,0.0,0,0,1,0,5,0,1,0,0.0,0,0,0,5,0.0,0,2.4,0,0,0.0,0,0.0,0.9,68,57,0.1,10,0,0,0,0,1,9,0,0,0,0,0,0,0,0,0,10,0.19999999999999996,10,1.0,10,0,0,0,10,0,0,10,0,1,0,0,0,0,0,10,10,37,3466,3389,290,0,9,46,1.0,2900,0,23177,27,411,2900,30624
2025-07-10,argo,com.grab.sample.dummy,DummyClass29,method4,1,2,0.0,0,0.0,0,0,1,0,5,0,1,0,0.0,0,0,0,5,0.0,0,2.4,0,0,0.0,0,0.0,0.9,68,57,0.1,10,0,0,0,0,1,9,0,0,0,0,0,0,0,0,0,10,0.19999999999999996,10,1.0,10,0,0,0,10,0,0,10,0,1,0,0,0,0,0,10,10,37,3466,3389,290,0,9,46,1.0,2900,0,23177,27,411,2900,30624
2025-07-10,argo,com.grab.sample.dummy,DummyClass29,method5,1,2,0.0,0,0.0,0,0,1,0,5,0,1,0,0.0,0,0,0,5,0.0,0,2.4,0,0,0.0,0,0.0,0.9,68,57,0.1,10,0,0,0,0,1,9,0,0,0,0,0,0,0,0,0,10,0.19999999999999996,10,1.0,10,0,0,0,10,0,0,10,0,1,0,0,0,0,0,10,10,37,3466,3389,290,0,9,46,1.0,2900,0,23177,27,411,2900,30624
2025-07-10,argo,com.grab.sample.dummy,DummyClass29,method6,1,2,0.0,0,0.0,0,0,1,0,5,0,1,0,0.0,0,0,0,5,0.0,0,2.4,0,0,0.0,0,0.0,0.9,68,57,0.1,10,0,0,0,0,1,9,0,0,0,0,0,0,0,0,0,10,0.19999999999999996,10,1.0,10,0,0,0,10,0,0,10,0,1,0,0,0,0,0,10,10,37,3466,3389,290,0,9,46,1.0,2900,0,23177,27,411,2900,30624
2025-07-10,argo,com.grab.sample.dummy,DummyClass29,method7,1,2,0.0,0,0.0,0,0,1,0,5,0,1,0,0.0,0,0,0,5,0.0,0,2.4,0,0,0.0,0,0.0,0.9,68,57,0.1,10,0,0,0,0,1,9,0,0,0,0,0,0,0,0,0,10,0.19999999999999996,10,1.0,10,0,0,0,10,0,0,10,0,1,0,0,0,0,0,10,10,37,3466,3389,290,0,9,46,1.0,2900,0,23177,27,411,2900,30624
2025-07-10,argo,com.grab.sample.dummy,DummyClass29,method8,1,2,0.0,0,0.0,0,0,1,0,5,0,1,0,0.0,0,0,0,5,0.0,0,2.4,0,0,0.0,0,0.0,0.9,68,57,0.1,10,0,0,0,0,1,9,0,0,0,0,0,0,0,0,0,10,0.19999999999999996,10,1.0,10,0,0,0,10,0,0,10,0,1,0,0,0,0,0,10,10,37,3466,3389,290,0,9,46,1.0,2900,0,23177,27,411,2900,30624
2025-07-10,argo,com.grab.sample.dummy,DummyClass29,method9,1,2,0.0,0,0.0,0,0,1,0,5,0,1,0,0.0,0,0,0,5,0.0,0,2.4,0,0,0.0,0,0.0,0.9,68,57,0.1,10,0,0,0,0,1,9,0,0,0,0,0,0,0,0,0,10,0.19999999999999996,10,1.0,10,0,0,0,10,0,0,10,0,1,0,0,0,0,0,10,10,37,3466,3389,290,0,9,46,1.0,2900,0,23177,27,411,2900,30624
2025-07-10,argo,com.grab.sample.dummy,DummyClass29,method10,1,2,0.0,0,0.0,0,0,1,0,5,0,1,0,0.0,0,0,0,5,0.0,0,2.4,0,0,0.0,0,0.0,0.9,68,57,0.1,10,0,0,0,0,1,9,0,0,0,0,0,0,0,0,0,10,0.19999999999999996,10,1.0,10,0,0,0,10,0,0,10,0,1,0,0,0,0,0,10,10,37,3466,3389,290,0,9,46,1.0,2900,0,23177,27,411,2900,30624
2025-07-10,argo,com.grab.sample.dummy,DummyClass3,method1,1,0,9.0,0,0.0,0,0,1,0,12,0,1,10,0.0,10,0,9,1,0.0,1,2.0,0,9,0.0,0,0.0,0.9,68,57,0.1,10,0,0,0,0,1,9,0,0,0,0,0,0,0,0,0,10,0.19999999999999996,10,1.0,10,0,0,0,10,0,0,10,0,1,0,0,0,0,0,10,10,37,3466,3389,290,0,9,46,1.0,2900,0,23177,27,411,2900,30624
2025-07-10,argo,com.grab.sample.dummy,DummyClass3,method2,1,2,0.0,0,0.0,0,0,1,0,5,0,1,0,0.0,0,0,0,5,0.0,0,2.4,0,0,0.0,0,0.0,0.9,68,57,0.1,10,0,0,0,0,1,9,0,0,0,0,0,0,0,0,0,10,0.19999999999999996,10,1.0,10,0,0,0,10,0,0,10,0,1,0,0,0,0,0,10,10,37,3466,3389,290,0,9,46,1.0,2900,0,23177,27,411,2900,30624
2025-07-10,argo,com.grab.sample.dummy,DummyClass3,method3,1,2,0.0,0,0.0,0,0,1,0,5,0,1,0,0.0,0,0,0,5,0.0,0,2.4,0,0,0.0,0,0.0,0.9,68,57,0.1,10,0,0,0,0,1,9,0,0,0,0,0,0,0,0,0,10,0.19999999999999996,10,1.0,10,0,0,0,10,0,0,10,0,1,0,0,0,0,0,10,10,37,3466,3389,290,0,9,46,1.0,2900,0,23177,27,411,2900,30624
2025-07-10,argo,com.grab.sample.dummy,DummyClass3,method4,1,2,0.0,0,0.0,0,0,1,0,5,0,1,0,0.0,0,0,0,5,0.0,0,2.4,0,0,0.0,0,0.0,0.9,68,57,0.1,10,0,0,0,0,1,9,0,0,0,0,0,0,0,0,0,10,0.19999999999999996,10,1.0,10,0,0,0,10,0,0,10,0,1,0,0,0,0,0,10,10,37,3466,3389,290,0,9,46,1.0,2900,0,23177,27,411,2900,30624
2025-07-10,argo,com.grab.sample.dummy,DummyClass3,method5,1,2,0.0,0,0.0,0,0,1,0,5,0,1,0,0.0,0,0,0,5,0.0,0,2.4,0,0,0.0,0,0.0,0.9,68,57,0.1,10,0,0,0,0,1,9,0,0,0,0,0,0,0,0,0,10,0.19999999999999996,10,1.0,10,0,0,0,10,0,0,10,0,1,0,0,0,0,0,10,10,37,3466,3389,290,0,9,46,1.0,2900,0,23177,27,411,2900,30624
2025-07-10,argo,com.grab.sample.dummy,DummyClass3,method6,1,2,0.0,0,0.0,0,0,1,0,5,0,1,0,0.0,0,0,0,5,0.0,0,2.4,0,0,0.0,0,0.0,0.9,68,57,0.1,10,0,0,0,0,1,9,0,0,0,0,0,0,0,0,0,10,0.19999999999999996,10,1.0,10,0,0,0,10,0,0,10,0,1,0,0,0,0,0,10,10,37,3466,3389,290,0,9,46,1.0,2900,0,23177,27,411,2900,30624
2025-07-10,argo,com.grab.sample.dummy,DummyClass3,method7,1,2,0.0,0,0.0,0,0,1,0,5,0,1,0,0.0,0,0,0,5,0.0,0,2.4,0,0,0.0,0,0.0,0.9,68,57,0.1,10,0,0,0,0,1,9,0,0,0,0,0,0,0,0,0,10,0.19999999999999996,10,1.0,10,0,0,0,10,0,0,10,0,1,0,0,0,0,0,10,10,37,3466,3389,290,0,9,46,1.0,2900,0,23177,27,411,2900,30624
2025-07-10,argo,com.grab.sample.dummy,DummyClass3,method8,1,2,0.0,0,0.0,0,0,1,0,5,0,1,0,0.0,0,0,0,5,0.0,0,2.4,0,0,0.0,0,0.0,0.9,68,57,0.1,10,0,0,0,0,1,9,0,0,0,0,0,0,0,0,0,10,0.19999999999999996,10,1.0,10,0,0,0,10,0,0,10,0,1,0,0,0,0,0,10,10,37,3466,3389,290,0,9,46,1.0,2900,0,23177,27,411,2900,30624
2025-07-10,argo,com.grab.sample.dummy,DummyClass3,method9,1,2,0.0,0,0.0,0,0,1,0,5,0,1,0,0.0,0,0,0,5,0.0,0,2.4,0,0,0.0,0,0.0,0.9,68,57,0.1,10,0,0,0,0,1,9,0,0,0,0,0,0,0,0,0,10,0.19999999999999996,10,1.0,10,0,0,0,10,0,0,10,0,1,0,0,0,0,0,10,10,37,3466,3389,290,0,9,46,1.0,2900,0,23177,27,411,2900,30624
2025-07-10,argo,com.grab.sample.dummy,DummyClass3,method10,1,2,0.0,0,0.0,0,0,1,0,5,0,1,0,0.0,0,0,0,5,0.0,0,2.4,0,0,0.0,0,0.0,0.9,68,57,0.1,10,0,0,0,0,1,9,0,0,0,0,0,0,0,0,0,10,0.19999999999999996,10,1.0,10,0,0,0,10,0,0,10,0,1,0,0,0,0,0,10,10,37,3466,3389,290,0,9,46,1.0,2900,0,23177,27,411,2900,30624
2025-07-10,argo,com.grab.sample.dummy,DummyClass30,method1,1,0,9.0,0,0.0,0,0,1,0,12,0,1,10,0.0,10,0,9,1,0.0,1,2.0,0,9,0.0,0,0.0,0.9,68,57,0.1,10,0,0,0,0,1,9,0,0,0,0,0,0,0,0,0,10,0.19999999999999996,10,1.0,10,0,0,0,10,0,0,10,0,1,0,0,0,0,0,10,10,37,3466,3389,290,0,9,46,1.0,2900,0,23177,27,411,2900,30624
2025-07-10,argo,com.grab.sample.dummy,DummyClass30,method2,1,2,0.0,0,0.0,0,0,1,0,5,0,1,0,0.0,0,0,0,5,0.0,0,2.4,0,0,0.0,0,0.0,0.9,68,57,0.1,10,0,0,0,0,1,9,0,0,0,0,0,0,0,0,0,10,0.19999999999999996,10,1.0,10,0,0,0,10,0,0,10,0,1,0,0,0,0,0,10,10,37,3466,3389,290,0,9,46,1.0,2900,0,23177,27,411,2900,30624
2025-07-10,argo,com.grab.sample.dummy,DummyClass30,method3,1,2,0.0,0,0.0,0,0,1,0,5,0,1,0,0.0,0,0,0,5,0.0,0,2.4,0,0,0.0,0,0.0,0.9,68,57,0.1,10,0,0,0,0,1,9,0,0,0,0,0,0,0,0,0,10,0.19999999999999996,10,1.0,10,0,0,0,10,0,0,10,0,1,0,0,0,0,0,10,10,37,3466,3389,290,0,9,46,1.0,2900,0,23177,27,411,2900,30624
2025-07-10,argo,com.grab.sample.dummy,DummyClass30,method4,1,2,0.0,0,0.0,0,0,1,0,5,0,1,0,0.0,0,0,0,5,0.0,0,2.4,0,0,0.0,0,0.0,0.9,68,57,0.1,10,0,0,0,0,1,9,0,0,0,0,0,0,0,0,0,10,0.19999999999999996,10,1.0,10,0,0,0,10,0,0,10,0,1,0,0,0,0,0,10,10,37,3466,3389,290,0,9,46,1.0,2900,0,23177,27,411,2900,30624
2025-07-10,argo,com.grab.sample.dummy,DummyClass30,method5,1,2,0.0,0,0.0,0,0,1,0,5,0,1,0,0.0,0,0,0,5,0.0,0,2.4,0,0,0.0,0,0.0,0.9,68,57,0.1,10,0,0,0,0,1,9,0,0,0,0,0,0,0,0,0,10,0.19999999999999996,10,1.0,10,0,0,0,10,0,0,10,0,1,0,0,0,0,0,10,10,37,3466,3389,290,0,9,46,1.0,2900,0,23177,27,411,2900,30624
2025-07-10,argo,com.grab.sample.dummy,DummyClass30,method6,1,2,0.0,0,0.0,0,0,1,0,5,0,1,0,0.0,0,0,0,5,0.0,0,2.4,0,0,0.0,0,0.0,0.9,68,57,0.1,10,0,0,0,0,1,9,0,0,0,0,0,0,0,0,0,10,0.19999999999999996,10,1.0,10,0,0,0,10,0,0,10,0,1,0,0,0,0,0,10,10,37,3466,3389,290,0,9,46,1.0,2900,0,23177,27,411,2900,30624
2025-07-10,argo,com.grab.sample.dummy,DummyClass30,method7,1,2,0.0,0,0.0,0,0,1,0,5,0,1,0,0.0,0,0,0,5,0.0,0,2.4,0,0,0.0,0,0.0,0.9,68,57,0.1,10,0,0,0,0,1,9,0,0,0,0,0,0,0,0,0,10,0.19999999999999996,10,1.0,10,0,0,0,10,0,0,10,0,1,0,0,0,0,0,10,10,37,3466,3389,290,0,9,46,1.0,2900,0,23177,27,411,2900,30624
2025-07-10,argo,com.grab.sample.dummy,DummyClass30,method8,1,2,0.0,0,0.0,0,0,1,0,5,0,1,0,0.0,0,0,0,5,0.0,0,2.4,0,0,0.0,0,0.0,0.9,68,57,0.1,10,0,0,0,0,1,9,0,0,0,0,0,0,0,0,0,10,0.19999999999999996,10,1.0,10,0,0,0,10,0,0,10,0,1,0,0,0,0,0,10,10,37,3466,3389,290,0,9,46,1.0,2900,0,23177,27,411,2900,30624
2025-07-10,argo,com.grab.sample.dummy,DummyClass30,method9,1,2,0.0,0,0.0,0,0,1,0,5,0,1,0,0.0,0,0,0,5,0.0,0,2.4,0,0,0.0,0,0.0,0.9,68,57,0.1,10,0,0,0,0,1,9,0,0,0,0,0,0,0,0,0,10,0.19999999999999996,10,1.0,10,0,0,0,10,0,0,10,0,1,0,0,0,0,0,10,10,37,3466,3389,290,0,9,46,1.0,2900,0,23177,27,411,2900,30624
2025-07-10,argo,com.grab.sample.dummy,DummyClass30,method10,1,2,0.0,0,0.0,0,0,1,0,5,0,1,0,0.0,0,0,0,5,0.0,0,2.4,0,0,0.0,0,0.0,0.9,68,57,0.1,10,0,0,0,0,1,9,0,0,0,0,0,0,0,0,0,10,0.19999999999999996,10,1.0,10,0,0,0,10,0,0,10,0,1,0,0,0,0,0,10,10,37,3466,3389,290,0,9,46,1.0,2900,0,23177,27,411,2900,30624
2025-07-10,argo,com.grab.sample.dummy,DummyClass31,method1,1,0,9.0,0,0.0,0,0,1,0,12,0,1,10,0.0,10,0,9,1,0.0,1,2.0,0,9,0.0,0,0.0,0.9,68,57,0.1,10,0,0,0,0,1,9,0,0,0,0,0,0,0,0,0,10,0.19999999999999996,10,1.0,10,0,0,0,10,0,0,10,0,1,0,0,0,0,0,10,10,37,3466,3389,290,0,9,46,1.0,2900,0,23177,27,411,2900,30624
2025-07-10,argo,com.grab.sample.dummy,DummyClass31,method2,1,2,0.0,0,0.0,0,0,1,0,5,0,1,0,0.0,0,0,0,5,0.0,0,2.4,0,0,0.0,0,0.0,0.9,68,57,0.1,10,0,0,0,0,1,9,0,0,0,0,0,0,0,0,0,10,0.19999999999999996,10,1.0,10,0,0,0,10,0,0,10,0,1,0,0,0,0,0,10,10,37,3466,3389,290,0,9,46,1.0,2900,0,23177,27,411,2900,30624
2025-07-10,argo,com.grab.sample.dummy,DummyClass31,method3,1,2,0.0,0,0.0,0,0,1,0,5,0,1,0,0.0,0,0,0,5,0.0,0,2.4,0,0,0.0,0,0.0,0.9,68,57,0.1,10,0,0,0,0,1,9,0,0,0,0,0,0,0,0,0,10,0.19999999999999996,10,1.0,10,0,0,0,10,0,0,10,0,1,0,0,0,0,0,10,10,37,3466,3389,290,0,9,46,1.0,2900,0,23177,27,411,2900,30624
2025-07-10,argo,com.grab.sample.dummy,DummyClass31,method4,1,2,0.0,0,0.0,0,0,1,0,5,0,1,0,0.0,0,0,0,5,0.0,0,2.4,0,0,0.0,0,0.0,0.9,68,57,0.1,10,0,0,0,0,1,9,0,0,0,0,0,0,0,0,0,10,0.19999999999999996,10,1.0,10,0,0,0,10,0,0,10,0,1,0,0,0,0,0,10,10,37,3466,3389,290,0,9,46,1.0,2900,0,23177,27,411,2900,30624
2025-07-10,argo,com.grab.sample.dummy,DummyClass31,method5,1,2,0.0,0,0.0,0,0,1,0,5,0,1,0,0.0,0,0,0,5,0.0,0,2.4,0,0,0.0,0,0.0,0.9,68,57,0.1,10,0,0,0,0,1,9,0,0,0,0,0,0,0,0,0,10,0.19999999999999996,10,1.0,10,0,0,0,10,0,0,10,0,1,0,0,0,0,0,10,10,37,3466,3389,290,0,9,46,1.0,2900,0,23177,27,411,2900,30624
2025-07-10,argo,com.grab.sample.dummy,DummyClass31,method6,1,2,0.0,0,0.0,0,0,1,0,5,0,1,0,0.0,0,0,0,5,0.0,0,2.4,0,0,0.0,0,0.0,0.9,68,57,0.1,10,0,0,0,0,1,9,0,0,0,0,0,0,0,0,0,10,0.19999999999999996,10,1.0,10,0,0,0,10,0,0,10,0,1,0,0,0,0,0,10,10,37,3466,3389,290,0,9,46,1.0,2900,0,23177,27,411,2900,30624
2025-07-10,argo,com.grab.sample.dummy,DummyClass31,method7,1,2,0.0,0,0.0,0,0,1,0,5,0,1,0,0.0,0,0,0,5,0.0,0,2.4,0,0,0.0,0,0.0,0.9,68,57,0.1,10,0,0,0,0,1,9,0,0,0,0,0,0,0,0,0,10,0.19999999999999996,10,1.0,10,0,0,0,10,0,0,10,0,1,0,0,0,0,0,10,10,37,3466,3389,290,0,9,46,1.0,2900,0,23177,27,411,2900,30624
2025-07-10,argo,com.grab.sample.dummy,DummyClass31,method8,1,2,0.0,0,0.0,0,0,1,0,5,0,1,0,0.0,0,0,0,5,0.0,0,2.4,0,0,0.0,0,0.0,0.9,68,57,0.1,10,0,0,0,0,1,9,0,0,0,0,0,0,0,0,0,10,0.19999999999999996,10,1.0,10,0,0,0,10,0,0,10,0,1,0,0,0,0,0,10,10,37,3466,3389,290,0,9,46,1.0,2900,0,23177,27,411,2900,30624
2025-07-10,argo,com.grab.sample.dummy,DummyClass31,method9,1,2,0.0,0,0.0,0,0,1,0,5,0,1,0,0.0,0,0,0,5,0.0,0,2.4,0,0,0.0,0,0.0,0.9,68,57,0.1,10,0,0,0,0,1,9,0,0,0,0,0,0,0,0,0,10,0.19999999999999996,10,1.0,10,0,0,0,10,0,0,10,0,1,0,0,0,0,0,10,10,37,3466,3389,290,0,9,46,1.0,2900,0,23177,27,411,2900,30624
2025-07-10,argo,com.grab.sample.dummy,DummyClass31,method10,1,2,0.0,0,0.0,0,0,1,0,5,0,1,0,0.0,0,0,0,5,0.0,0,2.4,0,0,0.0,0,0.0,0.9,68,57,0.1,10,0,0,0,0,1,9,0,0,0,0,0,0,0,0,0,10,0.19999999999999996,10,1.0,10,0,0,0,10,0,0,10,0,1,0,0,0,0,0,10,10,37,3466,3389,290,0,9,46,1.0,2900,0,23177,27,411,2900,30624
2025-07-10,argo,com.grab.sample.dummy,DummyClass32,method1,1,0,9.0,0,0.0,0,0,1,0,12,0,1,10,0.0,10,0,9,1,0.0,1,2.0,0,9,0.0,0,0.0,0.9,68,57,0.1,10,0,0,0,0,1,9,0,0,0,0,0,0,0,0,0,10,0.19999999999999996,10,1.0,10,0,0,0,10,0,0,10,0,1,0,0,0,0,0,10,10,37,3466,3389,290,0,9,46,1.0,2900,0,23177,27,411,2900,30624
2025-07-10,argo,com.grab.sample.dummy,DummyClass32,method2,1,2,0.0,0,0.0,0,0,1,0,5,0,1,0,0.0,0,0,0,5,0.0,0,2.4,0,0,0.0,0,0.0,0.9,68,57,0.1,10,0,0,0,0,1,9,0,0,0,0,0,0,0,0,0,10,0.19999999999999996,10,1.0,10,0,0,0,10,0,0,10,0,1,0,0,0,0,0,10,10,37,3466,3389,290,0,9,46,1.0,2900,0,23177,27,411,2900,30624
2025-07-10,argo,com.grab.sample.dummy,DummyClass32,method3,1,2,0.0,0,0.0,0,0,1,0,5,0,1,0,0.0,0,0,0,5,0.0,0,2.4,0,0,0.0,0,0.0,0.9,68,57,0.1,10,0,0,0,0,1,9,0,0,0,0,0,0,0,0,0,10,0.19999999999999996,10,1.0,10,0,0,0,10,0,0,10,0,1,0,0,0,0,0,10,10,37,3466,3389,290,0,9,46,1.0,2900,0,23177,27,411,2900,30624
2025-07-10,argo,com.grab.sample.dummy,DummyClass32,method4,1,2,0.0,0,0.0,0,0,1,0,5,0,1,0,0.0,0,0,0,5,0.0,0,2.4,0,0,0.0,0,0.0,0.9,68,57,0.1,10,0,0,0,0,1,9,0,0,0,0,0,0,0,0,0,10,0.19999999999999996,10,1.0,10,0,0,0,10,0,0,10,0,1,0,0,0,0,0,10,10,37,3466,3389,290,0,9,46,1.0,2900,0,23177,27,411,2900,30624
2025-07-10,argo,com.grab.sample.dummy,DummyClass32,method5,1,2,0.0,0,0.0,0,0,1,0,5,0,1,0,0.0,0,0,0,5,0.0,0,2.4,0,0,0.0,0,0.0,0.9,68,57,0.1,10,0,0,0,0,1,9,0,0,0,0,0,0,0,0,0,10,0.19999999999999996,10,1.0,10,0,0,0,10,0,0,10,0,1,0,0,0,0,0,10,10,37,3466,3389,290,0,9,46,1.0,2900,0,23177,27,411,2900,30624
2025-07-10,argo,com.grab.sample.dummy,DummyClass32,method6,1,2,0.0,0,0.0,0,0,1,0,5,0,1,0,0.0,0,0,0,5,0.0,0,2.4,0,0,0.0,0,0.0,0.9,68,57,0.1,10,0,0,0,0,1,9,0,0,0,0,0,0,0,0,0,10,0.19999999999999996,10,1.0,10,0,0,0,10,0,0,10,0,1,0,0,0,0,0,10,10,37,3466,3389,290,0,9,46,1.0,2900,0,23177,27,411,2900,30624
2025-07-10,argo,com.grab.sample.dummy,DummyClass32,method7,1,2,0.0,0,0.0,0,0,1,0,5,0,1,0,0.0,0,0,0,5,0.0,0,2.4,0,0,0.0,0,0.0,0.9,68,57,0.1,10,0,0,0,0,1,9,0,0,0,0,0,0,0,0,0,10,0.19999999999999996,10,1.0,10,0,0,0,10,0,0,10,0,1,0,0,0,0,0,10,10,37,3466,3389,290,0,9,46,1.0,2900,0,23177,27,411,2900,30624
2025-07-10,argo,com.grab.sample.dummy,DummyClass32,method8,1,2,0.0,0,0.0,0,0,1,0,5,0,1,0,0.0,0,0,0,5,0.0,0,2.4,0,0,0.0,0,0.0,0.9,68,57,0.1,10,0,0,0,0,1,9,0,0,0,0,0,0,0,0,0,10,0.19999999999999996,10,1.0,10,0,0,0,10,0,0,10,0,1,0,0,0,0,0,10,10,37,3466,3389,290,0,9,46,1.0,2900,0,23177,27,411,2900,30624
2025-07-10,argo,com.grab.sample.dummy,DummyClass32,method9,1,2,0.0,0,0.0,0,0,1,0,5,0,1,0,0.0,0,0,0,5,0.0,0,2.4,0,0,0.0,0,0.0,0.9,68,57,0.1,10,0,0,0,0,1,9,0,0,0,0,0,0,0,0,0,10,0.19999999999999996,10,1.0,10,0,0,0,10,0,0,10,0,1,0,0,0,0,0,10,10,37,3466,3389,290,0,9,46,1.0,2900,0,23177,27,411,2900,30624
2025-07-10,argo,com.grab.sample.dummy,DummyClass32,method10,1,2,0.0,0,0.0,0,0,1,0,5,0,1,0,0.0,0,0,0,5,0.0,0,2.4,0,0,0.0,0,0.0,0.9,68,57,0.1,10,0,0,0,0,1,9,0,0,0,0,0,0,0,0,0,10,0.19999999999999996,10,1.0,10,0,0,0,10,0,0,10,0,1,0,0,0,0,0,10,10,37,3466,3389,290,0,9,46,1.0,2900,0,23177,27,411,2900,30624
2025-07-10,argo,com.grab.sample.dummy,DummyClass33,method1,1,0,9.0,0,0.0,0,0,1,0,12,0,1,10,0.0,10,0,9,1,0.0,1,2.0,0,9,0.0,0,0.0,0.9,68,57,0.1,10,0,0,0,0,1,9,0,0,0,0,0,0,0,0,0,10,0.19999999999999996,10,1.0,10,0,0,0,10,0,0,10,0,1,0,0,0,0,0,10,10,37,3466,3389,290,0,9,46,1.0,2900,0,23177,27,411,2900,30624
2025-07-10,argo,com.grab.sample.dummy,DummyClass33,method2,1,2,0.0,0,0.0,0,0,1,0,5,0,1,0,0.0,0,0,0,5,0.0,0,2.4,0,0,0.0,0,0.0,0.9,68,57,0.1,10,0,0,0,0,1,9,0,0,0,0,0,0,0,0,0,10,0.19999999999999996,10,1.0,10,0,0,0,10,0,0,10,0,1,0,0,0,0,0,10,10,37,3466,3389,290,0,9,46,1.0,2900,0,23177,27,411,2900,30624
2025-07-10,argo,com.grab.sample.dummy,DummyClass33,method3,1,2,0.0,0,0.0,0,0,1,0,5,0,1,0,0.0,0,0,0,5,0.0,0,2.4,0,0,0.0,0,0.0,0.9,68,57,0.1,10,0,0,0,0,1,9,0,0,0,0,0,0,0,0,0,10,0.19999999999999996,10,1.0,10,0,0,0,10,0,0,10,0,1,0,0,0,0,0,10,10,37,3466,3389,290,0,9,46,1.0,2900,0,23177,27,411,2900,30624
2025-07-10,argo,com.grab.sample.dummy,DummyClass33,method4,1,2,0.0,0,0.0,0,0,1,0,5,0,1,0,0.0,0,0,0,5,0.0,0,2.4,0,0,0.0,0,0.0,0.9,68,57,0.1,10,0,0,0,0,1,9,0,0,0,0,0,0,0,0,0,10,0.19999999999999996,10,1.0,10,0,0,0,10,0,0,10,0,1,0,0,0,0,0,10,10,37,3466,3389,290,0,9,46,1.0,2900,0,23177,27,411,2900,30624
2025-07-10,argo,com.grab.sample.dummy,DummyClass33,method5,1,2,0.0,0,0.0,0,0,1,0,5,0,1,0,0.0,0,0,0,5,0.0,0,2.4,0,0,0.0,0,0.0,0.9,68,57,0.1,10,0,0,0,0,1,9,0,0,0,0,0,0,0,0,0,10,0.19999999999999996,10,1.0,10,0,0,0,10,0,0,10,0,1,0,0,0,0,0,10,10,37,3466,3389,290,0,9,46,1.0,2900,0,23177,27,411,2900,30624
2025-07-10,argo,com.grab.sample.dummy,DummyClass33,method6,1,2,0.0,0,0.0,0,0,1,0,5,0,1,0,0.0,0,0,0,5,0.0,0,2.4,0,0,0.0,0,0.0,0.9,68,57,0.1,10,0,0,0,0,1,9,0,0,0,0,0,0,0,0,0,10,0.19999999999999996,10,1.0,10,0,0,0,10,0,0,10,0,1,0,0,0,0,0,10,10,37,3466,3389,290,0,9,46,1.0,2900,0,23177,27,411,2900,30624
2025-07-10,argo,com.grab.sample.dummy,DummyClass33,method7,1,2,0.0,0,0.0,0,0,1,0,5,0,1,0,0.0,0,0,0,5,0.0,0,2.4,0,0,0.0,0,0.0,0.9,68,57,0.1,10,0,0,0,0,1,9,0,0,0,0,0,0,0,0,0,10,0.19999999999999996,10,1.0,10,0,0,0,10,0,0,10,0,1,0,0,0,0,0,10,10,37,3466,3389,290,0,9,46,1.0,2900,0,23177,27,411,2900,30624
2025-07-10,argo,com.grab.sample.dummy,DummyClass33,method8,1,2,0.0,0,0.0,0,0,1,0,5,0,1,0,0.0,0,0,0,5,0.0,0,2.4,0,0,0.0,0,0.0,0.9,68,57,0.1,10,0,0,0,0,1,9,0,0,0,0,0,0,0,0,0,10,0.19999999999999996,10,1.0,10,0,0,0,10,0,0,10,0,1,0,0,0,0,0,10,10,37,3466,3389,290,0,9,46,1.0,2900,0,23177,27,411,2900,30624
2025-07-10,argo,com.grab.sample.dummy,DummyClass33,method9,1,2,0.0,0,0.0,0,0,1,0,5,0,1,0,0.0,0,0,0,5,0.0,0,2.4,0,0,0.0,0,0.0,0.9,68,57,0.1,10,0,0,0,0,1,9,0,0,0,0,0,0,0,0,0,10,0.19999999999999996,10,1.0,10,0,0,0,10,0,0,10,0,1,0,0,0,0,0,10,10,37,3466,3389,290,0,9,46,1.0,2900,0,23177,27,411,2900,30624
2025-07-10,argo,com.grab.sample.dummy,DummyClass33,method10,1,2,0.0,0,0.0,0,0,1,0,5,0,1,0,0.0,0,0,0,5,0.0,0,2.4,0,0,0.0,0,0.0,0.9,68,57,0.1,10,0,0,0,0,1,9,0,0,0,0,0,0,0,0,0,10,0.19999999999999996,10,1.0,10,0,0,0,10,0,0,10,0,1,0,0,0,0,0,10,10,37,3466,3389,290,0,9,46,1.0,2900,0,23177,27,411,2900,30624
2025-07-10,argo,com.grab.sample.dummy,DummyClass34,method1,1,0,9.0,0,0.0,0,0,1,0,12,0,1,10,0.0,10,0,9,1,0.0,1,2.0,0,9,0.0,0,0.0,0.9,68,57,0.1,10,0,0,0,0,1,9,0,0,0,0,0,0,0,0,0,10,0.19999999999999996,10,1.0,10,0,0,0,10,0,0,10,0,1,0,0,0,0,0,10,10,37,3466,3389,290,0,9,46,1.0,2900,0,23177,27,411,2900,30624
2025-07-10,argo,com.grab.sample.dummy,DummyClass34,method2,1,2,0.0,0,0.0,0,0,1,0,5,0,1,0,0.0,0,0,0,5,0.0,0,2.4,0,0,0.0,0,0.0,0.9,68,57,0.1,10,0,0,0,0,1,9,0,0,0,0,0,0,0,0,0,10,0.19999999999999996,10,1.0,10,0,0,0,10,0,0,10,0,1,0,0,0,0,0,10,10,37,3466,3389,290,0,9,46,1.0,2900,0,23177,27,411,2900,30624
2025-07-10,argo,com.grab.sample.dummy,DummyClass34,method3,1,2,0.0,0,0.0,0,0,1,0,5,0,1,0,0.0,0,0,0,5,0.0,0,2.4,0,0,0.0,0,0.0,0.9,68,57,0.1,10,0,0,0,0,1,9,0,0,0,0,0,0,0,0,0,10,0.19999999999999996,10,1.0,10,0,0,0,10,0,0,10,0,1,0,0,0,0,0,10,10,37,3466,3389,290,0,9,46,1.0,2900,0,23177,27,411,2900,30624
2025-07-10,argo,com.grab.sample.dummy,DummyClass34,method4,1,2,0.0,0,0.0,0,0,1,0,5,0,1,0,0.0,0,0,0,5,0.0,0,2.4,0,0,0.0,0,0.0,0.9,68,57,0.1,10,0,0,0,0,1,9,0,0,0,0,0,0,0,0,0,10,0.19999999999999996,10,1.0,10,0,0,0,10,0,0,10,0,1,0,0,0,0,0,10,10,37,3466,3389,290,0,9,46,1.0,2900,0,23177,27,411,2900,30624
2025-07-10,argo,com.grab.sample.dummy,DummyClass34,method5,1,2,0.0,0,0.0,0,0,1,0,5,0,1,0,0.0,0,0,0,5,0.0,0,2.4,0,0,0.0,0,0.0,0.9,68,57,0.1,10,0,0,0,0,1,9,0,0,0,0,0,0,0,0,0,10,0.19999999999999996,10,1.0,10,0,0,0,10,0,0,10,0,1,0,0,0,0,0,10,10,37,3466,3389,290,0,9,46,1.0,2900,0,23177,27,411,2900,30624
2025-07-10,argo,com.grab.sample.dummy,DummyClass34,method6,1,2,0.0,0,0.0,0,0,1,0,5,0,1,0,0.0,0,0,0,5,0.0,0,2.4,0,0,0.0,0,0.0,0.9,68,57,0.1,10,0,0,0,0,1,9,0,0,0,0,0,0,0,0,0,10,0.19999999999999996,10,1.0,10,0,0,0,10,0,0,10,0,1,0,0,0,0,0,10,10,37,3466,3389,290,0,9,46,1.0,2900,0,23177,27,411,2900,30624
2025-07-10,argo,com.grab.sample.dummy,DummyClass34,method7,1,2,0.0,0,0.0,0,0,1,0,5,0,1,0,0.0,0,0,0,5,0.0,0,2.4,0,0,0.0,0,0.0,0.9,68,57,0.1,10,0,0,0,0,1,9,0,0,0,0,0,0,0,0,0,10,0.19999999999999996,10,1.0,10,0,0,0,10,0,0,10,0,1,0,0,0,0,0,10,10,37,3466,3389,290,0,9,46,1.0,2900,0,23177,27,411,2900,30624
2025-07-10,argo,com.grab.sample.dummy,DummyClass34,method8,1,2,0.0,0,0.0,0,0,1,0,5,0,1,0,0.0,0,0,0,5,0.0,0,2.4,0,0,0.0,0,0.0,0.9,68,57,0.1,10,0,0,0,0,1,9,0,0,0,0,0,0,0,0,0,10,0.19999999999999996,10,1.0,10,0,0,0,10,0,0,10,0,1,0,0,0,0,0,10,10,37,3466,3389,290,0,9,46,1.0,2900,0,23177,27,411,2900,30624
2025-07-10,argo,com.grab.sample.dummy,DummyClass34,method9,1,2,0.0,0,0.0,0,0,1,0,5,0,1,0,0.0,0,0,0,5,0.0,0,2.4,0,0,0.0,0,0.0,0.9,68,57,0.1,10,0,0,0,0,1,9,0,0,0,0,0,0,0,0,0,10,0.19999999999999996,10,1.0,10,0,0,0,10,0,0,10,0,1,0,0,0,0,0,10,10,37,3466,3389,290,0,9,46,1.0,2900,0,23177,27,411,2900,30624
2025-07-10,argo,com.grab.sample.dummy,DummyClass34,method10,1,2,0.0,0,0.0,0,0,1,0,5,0,1,0,0.0,0,0,0,5,0.0,0,2.4,0,0,0.0,0,0.0,0.9,68,57,0.1,10,0,0,0,0,1,9,0,0,0,0,0,0,0,0,0,10,0.19999999999999996,10,1.0,10,0,0,0,10,0,0,10,0,1,0,0,0,0,0,10,10,37,3466,3389,290,0,9,46,1.0,2900,0,23177,27,411,2900,30624
2025-07-10,argo,com.grab.sample.dummy,DummyClass35,method1,1,0,9.0,0,0.0,0,0,1,0,12,0,1,10,0.0,10,0,9,1,0.0,1,2.0,0,9,0.0,0,0.0,0.9,68,57,0.1,10,0,0,0,0,1,9,0,0,0,0,0,0,0,0,0,10,0.19999999999999996,10,1.0,10,0,0,0,10,0,0,10,0,1,0,0,0,0,0,10,10,37,3466,3389,290,0,9,46,1.0,2900,0,23177,27,411,2900,30624
2025-07-10,argo,com.grab.sample.dummy,DummyClass35,method2,1,2,0.0,0,0.0,0,0,1,0,5,0,1,0,0.0,0,0,0,5,0.0,0,2.4,0,0,0.0,0,0.0,0.9,68,57,0.1,10,0,0,0,0,1,9,0,0,0,0,0,0,0,0,0,10,0.19999999999999996,10,1.0,10,0,0,0,10,0,0,10,0,1,0,0,0,0,0,10,10,37,3466,3389,290,0,9,46,1.0,2900,0,23177,27,411,2900,30624
2025-07-10,argo,com.grab.sample.dummy,DummyClass35,method3,1,2,0.0,0,0.0,0,0,1,0,5,0,1,0,0.0,0,0,0,5,0.0,0,2.4,0,0,0.0,0,0.0,0.9,68,57,0.1,10,0,0,0,0,1,9,0,0,0,0,0,0,0,0,0,10,0.19999999999999996,10,1.0,10,0,0,0,10,0,0,10,0,1,0,0,0,0,0,10,10,37,3466,3389,290,0,9,46,1.0,2900,0,23177,27,411,2900,30624
2025-07-10,argo,com.grab.sample.dummy,DummyClass35,method4,1,2,0.0,0,0.0,0,0,1,0,5,0,1,0,0.0,0,0,0,5,0.0,0,2.4,0,0,0.0,0,0.0,0.9,68,57,0.1,10,0,0,0,0,1,9,0,0,0,0,0,0,0,0,0,10,0.19999999999999996,10,1.0,10,0,0,0,10,0,0,10,0,1,0,0,0,0,0,10,10,37,3466,3389,290,0,9,46,1.0,2900,0,23177,27,411,2900,30624
2025-07-10,argo,com.grab.sample.dummy,DummyClass35,method5,1,2,0.0,0,0.0,0,0,1,0,5,0,1,0,0.0,0,0,0,5,0.0,0,2.4,0,0,0.0,0,0.0,0.9,68,57,0.1,10,0,0,0,0,1,9,0,0,0,0,0,0,0,0,0,10,0.19999999999999996,10,1.0,10,0,0,0,10,0,0,10,0,1,0,0,0,0,0,10,10,37,3466,3389,290,0,9,46,1.0,2900,0,23177,27,411,2900,30624
2025-07-10,argo,com.grab.sample.dummy,DummyClass35,method6,1,2,0.0,0,0.0,0,0,1,0,5,0,1,0,0.0,0,0,0,5,0.0,0,2.4,0,0,0.0,0,0.0,0.9,68,57,0.1,10,0,0,0,0,1,9,0,0,0,0,0,0,0,0,0,10,0.19999999999999996,10,1.0,10,0,0,0,10,0,0,10,0,1,0,0,0,0,0,10,10,37,3466,3389,290,0,9,46,1.0,2900,0,23177,27,411,2900,30624
2025-07-10,argo,com.grab.sample.dummy,DummyClass35,method7,1,2,0.0,0,0.0,0,0,1,0,5,0,1,0,0.0,0,0,0,5,0.0,0,2.4,0,0,0.0,0,0.0,0.9,68,57,0.1,10,0,0,0,0,1,9,0,0,0,0,0,0,0,0,0,10,0.19999999999999996,10,1.0,10,0,0,0,10,0,0,10,0,1,0,0,0,0,0,10,10,37,3466,3389,290,0,9,46,1.0,2900,0,23177,27,411,2900,30624
2025-07-10,argo,com.grab.sample.dummy,DummyClass35,method8,1,2,0.0,0,0.0,0,0,1,0,5,0,1,0,0.0,0,0,0,5,0.0,0,2.4,0,0,0.0,0,0.0,0.9,68,57,0.1,10,0,0,0,0,1,9,0,0,0,0,0,0,0,0,0,10,0.19999999999999996,10,1.0,10,0,0,0,10,0,0,10,0,1,0,0,0,0,0,10,10,37,3466,3389,290,0,9,46,1.0,2900,0,23177,27,411,2900,30624
2025-07-10,argo,com.grab.sample.dummy,DummyClass35,method9,1,2,0.0,0,0.0,0,0,1,0,5,0,1,0,0.0,0,0,0,5,0.0,0,2.4,0,0,0.0,0,0.0,0.9,68,57,0.1,10,0,0,0,0,1,9,0,0,0,0,0,0,0,0,0,10,0.19999999999999996,10,1.0,10,0,0,0,10,0,0,10,0,1,0,0,0,0,0,10,10,37,3466,3389,290,0,9,46,1.0,2900,0,23177,27,411,2900,30624
2025-07-10,argo,com.grab.sample.dummy,DummyClass35,method10,1,2,0.0,0,0.0,0,0,1,0,5,0,1,0,0.0,0,0,0,5,0.0,0,2.4,0,0,0.0,0,0.0,0.9,68,57,0.1,10,0,0,0,0,1,9,0,0,0,0,0,0,0,0,0,10,0.19999999999999996,10,1.0,10,0,0,0,10,0,0,10,0,1,0,0,0,0,0,10,10,37,3466,3389,290,0,9,46,1.0,2900,0,23177,27,411,2900,30624
2025-07-10,argo,com.grab.sample.dummy,DummyClass36,method1,1,0,9.0,0,0.0,0,0,1,0,12,0,1,10,0.0,10,0,9,1,0.0,1,2.0,0,9,0.0,0,0.0,0.9,68,57,0.1,10,0,0,0,0,1,9,0,0,0,0,0,0,0,0,0,10,0.19999999999999996,10,1.0,10,0,0,0,10,0,0,10,0,1,0,0,0,0,0,10,10,37,3466,3389,290,0,9,46,1.0,2900,0,23177,27,411,2900,30624
2025-07-10,argo,com.grab.sample.dummy,DummyClass36,method2,1,2,0.0,0,0.0,0,0,1,0,5,0,1,0,0.0,0,0,0,5,0.0,0,2.4,0,0,0.0,0,0.0,0.9,68,57,0.1,10,0,0,0,0,1,9,0,0,0,0,0,0,0,0,0,10,0.19999999999999996,10,1.0,10,0,0,0,10,0,0,10,0,1,0,0,0,0,0,10,10,37,3466,3389,290,0,9,46,1.0,2900,0,23177,27,411,2900,30624
2025-07-10,argo,com.grab.sample.dummy,DummyClass36,method3,1,2,0.0,0,0.0,0,0,1,0,5,0,1,0,0.0,0,0,0,5,0.0,0,2.4,0,0,0.0,0,0.0,0.9,68,57,0.1,10,0,0,0,0,1,9,0,0,0,0,0,0,0,0,0,10,0.19999999999999996,10,1.0,10,0,0,0,10,0,0,10,0,1,0,0,0,0,0,10,10,37,3466,3389,290,0,9,46,1.0,2900,0,23177,27,411,2900,30624
2025-07-10,argo,com.grab.sample.dummy,DummyClass36,method4,1,2,0.0,0,0.0,0,0,1,0,5,0,1,0,0.0,0,0,0,5,0.0,0,2.4,0,0,0.0,0,0.0,0.9,68,57,0.1,10,0,0,0,0,1,9,0,0,0,0,0,0,0,0,0,10,0.19999999999999996,10,1.0,10,0,0,0,10,0,0,10,0,1,0,0,0,0,0,10,10,37,3466,3389,290,0,9,46,1.0,2900,0,23177,27,411,2900,30624
2025-07-10,argo,com.grab.sample.dummy,DummyClass36,method5,1,2,0.0,0,0.0,0,0,1,0,5,0,1,0,0.0,0,0,0,5,0.0,0,2.4,0,0,0.0,0,0.0,0.9,68,57,0.1,10,0,0,0,0,1,9,0,0,0,0,0,0,0,0,0,10,0.19999999999999996,10,1.0,10,0,0,0,10,0,0,10,0,1,0,0,0,0,0,10,10,37,3466,3389,290,0,9,46,1.0,2900,0,23177,27,411,2900,30624
2025-07-10,argo,com.grab.sample.dummy,DummyClass36,method6,1,2,0.0,0,0.0,0,0,1,0,5,0,1,0,0.0,0,0,0,5,0.0,0,2.4,0,0,0.0,0,0.0,0.9,68,57,0.1,10,0,0,0,0,1,9,0,0,0,0,0,0,0,0,0,10,0.19999999999999996,10,1.0,10,0,0,0,10,0,0,10,0,1,0,0,0,0,0,10,10,37,3466,3389,290,0,9,46,1.0,2900,0,23177,27,411,2900,30624
2025-07-10,argo,com.grab.sample.dummy,DummyClass36,method7,1,2,0.0,0,0.0,0,0,1,0,5,0,1,0,0.0,0,0,0,5,0.0,0,2.4,0,0,0.0,0,0.0,0.9,68,57,0.1,10,0,0,0,0,1,9,0,0,0,0,0,0,0,0,0,10,0.19999999999999996,10,1.0,10,0,0,0,10,0,0,10,0,1,0,0,0,0,0,10,10,37,3466,3389,290,0,9,46,1.0,2900,0,23177,27,411,2900,30624
2025-07-10,argo,com.grab.sample.dummy,DummyClass36,method8,1,2,0.0,0,0.0,0,0,1,0,5,0,1,0,0.0,0,0,0,5,0.0,0,2.4,0,0,0.0,0,0.0,0.9,68,57,0.1,10,0,0,0,0,1,9,0,0,0,0,0,0,0,0,0,10,0.19999999999999996,10,1.0,10,0,0,0,10,0,0,10,0,1,0,0,0,0,0,10,10,37,3466,3389,290,0,9,46,1.0,2900,0,23177,27,411,2900,30624
2025-07-10,argo,com.grab.sample.dummy,DummyClass36,method9,1,2,0.0,0,0.0,0,0,1,0,5,0,1,0,0.0,0,0,0,5,0.0,0,2.4,0,0,0.0,0,0.0,0.9,68,57,0.1,10,0,0,0,0,1,9,0,0,0,0,0,0,0,0,0,10,0.19999999999999996,10,1.0,10,0,0,0,10,0,0,10,0,1,0,0,0,0,0,10,10,37,3466,3389,290,0,9,46,1.0,2900,0,23177,27,411,2900,30624
2025-07-10,argo,com.grab.sample.dummy,DummyClass36,method10,1,2,0.0,0,0.0,0,0,1,0,5,0,1,0,0.0,0,0,0,5,0.0,0,2.4,0,0,0.0,0,0.0,0.9,68,57,0.1,10,0,0,0,0,1,9,0,0,0,0,0,0,0,0,0,10,0.19999999999999996,10,1.0,10,0,0,0,10,0,0,10,0,1,0,0,0,0,0,10,10,37,3466,3389,290,0,9,46,1.0,2900,0,23177,27,411,2900,30624
2025-07-10,argo,com.grab.sample.dummy,DummyClass37,method1,1,0,9.0,0,0.0,0,0,1,0,12,0,1,10,0.0,10,0,9,1,0.0,1,2.0,0,9,0.0,0,0.0,0.9,68,57,0.1,10,0,0,0,0,1,9,0,0,0,0,0,0,0,0,0,10,0.19999999999999996,10,1.0,10,0,0,0,10,0,0,10,0,1,0,0,0,0,0,10,10,37,3466,3389,290,0,9,46,1.0,2900,0,23177,27,411,2900,30624
2025-07-10,argo,com.grab.sample.dummy,DummyClass37,method2,1,2,0.0,0,0.0,0,0,1,0,5,0,1,0,0.0,0,0,0,5,0.0,0,2.4,0,0,0.0,0,0.0,0.9,68,57,0.1,10,0,0,0,0,1,9,0,0,0,0,0,0,0,0,0,10,0.19999999999999996,10,1.0,10,0,0,0,10,0,0,10,0,1,0,0,0,0,0,10,10,37,3466,3389,290,0,9,46,1.0,2900,0,23177,27,411,2900,30624
2025-07-10,argo,com.grab.sample.dummy,DummyClass37,method3,1,2,0.0,0,0.0,0,0,1,0,5,0,1,0,0.0,0,0,0,5,0.0,0,2.4,0,0,0.0,0,0.0,0.9,68,57,0.1,10,0,0,0,0,1,9,0,0,0,0,0,0,0,0,0,10,0.19999999999999996,10,1.0,10,0,0,0,10,0,0,10,0,1,0,0,0,0,0,10,10,37,3466,3389,290,0,9,46,1.0,2900,0,23177,27,411,2900,30624
2025-07-10,argo,com.grab.sample.dummy,DummyClass37,method4,1,2,0.0,0,0.0,0,0,1,0,5,0,1,0,0.0,0,0,0,5,0.0,0,2.4,0,0,0.0,0,0.0,0.9,68,57,0.1,10,0,0,0,0,1,9,0,0,0,0,0,0,0,0,0,10,0.19999999999999996,10,1.0,10,0,0,0,10,0,0,10,0,1,0,0,0,0,0,10,10,37,3466,3389,290,0,9,46,1.0,2900,0,23177,27,411,2900,30624
2025-07-10,argo,com.grab.sample.dummy,DummyClass37,method5,1,2,0.0,0,0.0,0,0,1,0,5,0,1,0,0.0,0,0,0,5,0.0,0,2.4,0,0,0.0,0,0.0,0.9,68,57,0.1,10,0,0,0,0,1,9,0,0,0,0,0,0,0,0,0,10,0.19999999999999996,10,1.0,10,0,0,0,10,0,0,10,0,1,0,0,0,0,0,10,10,37,3466,3389,290,0,9,46,1.0,2900,0,23177,27,411,2900,30624
2025-07-10,argo,com.grab.sample.dummy,DummyClass37,method6,1,2,0.0,0,0.0,0,0,1,0,5,0,1,0,0.0,0,0,0,5,0.0,0,2.4,0,0,0.0,0,0.0,0.9,68,57,0.1,10,0,0,0,0,1,9,0,0,0,0,0,0,0,0,0,10,0.19999999999999996,10,1.0,10,0,0,0,10,0,0,10,0,1,0,0,0,0,0,10,10,37,3466,3389,290,0,9,46,1.0,2900,0,23177,27,411,2900,30624
2025-07-10,argo,com.grab.sample.dummy,DummyClass37,method7,1,2,0.0,0,0.0,0,0,1,0,5,0,1,0,0.0,0,0,0,5,0.0,0,2.4,0,0,0.0,0,0.0,0.9,68,57,0.1,10,0,0,0,0,1,9,0,0,0,0,0,0,0,0,0,10,0.19999999999999996,10,1.0,10,0,0,0,10,0,0,10,0,1,0,0,0,0,0,10,10,37,3466,3389,290,0,9,46,1.0,2900,0,23177,27,411,2900,30624
2025-07-10,argo,com.grab.sample.dummy,DummyClass37,method8,1,2,0.0,0,0.0,0,0,1,0,5,0,1,0,0.0,0,0,0,5,0.0,0,2.4,0,0,0.0,0,0.0,0.9,68,57,0.1,10,0,0,0,0,1,9,0,0,0,0,0,0,0,0,0,10,0.19999999999999996,10,1.0,10,0,0,0,10,0,0,10,0,1,0,0,0,0,0,10,10,37,3466,3389,290,0,9,46,1.0,2900,0,23177,27,411,2900,30624
2025-07-10,argo,com.grab.sample.dummy,DummyClass37,method9,1,2,0.0,0,0.0,0,0,1,0,5,0,1,0,0.0,0,0,0,5,0.0,0,2.4,0,0,0.0,0,0.0,0.9,68,57,0.1,10,0,0,0,0,1,9,0,0,0,0,0,0,0,0,0,10,0.19999999999999996,10,1.0,10,0,0,0,10,0,0,10,0,1,0,0,0,0,0,10,10,37,3466,3389,290,0,9,46,1.0,2900,0,23177,27,411,2900,30624
2025-07-10,argo,com.grab.sample.dummy,DummyClass37,method10,1,2,0.0,0,0.0,0,0,1,0,5,0,1,0,0.0,0,0,0,5,0.0,0,2.4,0,0,0.0,0,0.0,0.9,68,57,0.1,10,0,0,0,0,1,9,0,0,0,0,0,0,0,0,0,10,0.19999999999999996,10,1.0,10,0,0,0,10,0,0,10,0,1,0,0,0,0,0,10,10,37,3466,3389,290,0,9,46,1.0,2900,0,23177,27,411,2900,30624
2025-07-10,argo,com.grab.sample.dummy,DummyClass38,method1,1,0,9.0,0,0.0,0,0,1,0,12,0,1,10,0.0,10,0,9,1,0.0,1,2.0,0,9,0.0,0,0.0,0.9,68,57,0.1,10,0,0,0,0,1,9,0,0,0,0,0,0,0,0,0,10,0.19999999999999996,10,1.0,10,0,0,0,10,0,0,10,0,1,0,0,0,0,0,10,10,37,3466,3389,290,0,9,46,1.0,2900,0,23177,27,411,2900,30624
2025-07-10,argo,com.grab.sample.dummy,DummyClass38,method2,1,2,0.0,0,0.0,0,0,1,0,5,0,1,0,0.0,0,0,0,5,0.0,0,2.4,0,0,0.0,0,0.0,0.9,68,57,0.1,10,0,0,0,0,1,9,0,0,0,0,0,0,0,0,0,10,0.19999999999999996,10,1.0,10,0,0,0,10,0,0,10,0,1,0,0,0,0,0,10,10,37,3466,3389,290,0,9,46,1.0,2900,0,23177,27,411,2900,30624
2025-07-10,argo,com.grab.sample.dummy,DummyClass38,method3,1,2,0.0,0,0.0,0,0,1,0,5,0,1,0,0.0,0,0,0,5,0.0,0,2.4,0,0,0.0,0,0.0,0.9,68,57,0.1,10,0,0,0,0,1,9,0,0,0,0,0,0,0,0,0,10,0.19999999999999996,10,1.0,10,0,0,0,10,0,0,10,0,1,0,0,0,0,0,10,10,37,3466,3389,290,0,9,46,1.0,2900,0,23177,27,411,2900,30624
2025-07-10,argo,com.grab.sample.dummy,DummyClass38,method4,1,2,0.0,0,0.0,0,0,1,0,5,0,1,0,0.0,0,0,0,5,0.0,0,2.4,0,0,0.0,0,0.0,0.9,68,57,0.1,10,0,0,0,0,1,9,0,0,0,0,0,0,0,0,0,10,0.19999999999999996,10,1.0,10,0,0,0,10,0,0,10,0,1,0,0,0,0,0,10,10,37,3466,3389,290,0,9,46,1.0,2900,0,23177,27,411,2900,30624
2025-07-10,argo,com.grab.sample.dummy,DummyClass38,method5,1,2,0.0,0,0.0,0,0,1,0,5,0,1,0,0.0,0,0,0,5,0.0,0,2.4,0,0,0.0,0,0.0,0.9,68,57,0.1,10,0,0,0,0,1,9,0,0,0,0,0,0,0,0,0,10,0.19999999999999996,10,1.0,10,0,0,0,10,0,0,10,0,1,0,0,0,0,0,10,10,37,3466,3389,290,0,9,46,1.0,2900,0,23177,27,411,2900,30624
2025-07-10,argo,com.grab.sample.dummy,DummyClass38,method6,1,2,0.0,0,0.0,0,0,1,0,5,0,1,0,0.0,0,0,0,5,0.0,0,2.4,0,0,0.0,0,0.0,0.9,68,57,0.1,10,0,0,0,0,1,9,0,0,0,0,0,0,0,0,0,10,0.19999999999999996,10,1.0,10,0,0,0,10,0,0,10,0,1,0,0,0,0,0,10,10,37,3466,3389,290,0,9,46,1.0,2900,0,23177,27,411,2900,30624
2025-07-10,argo,com.grab.sample.dummy,DummyClass38,method7,1,2,0.0,0,0.0,0,0,1,0,5,0,1,0,0.0,0,0,0,5,0.0,0,2.4,0,0,0.0,0,0.0,0.9,68,57,0.1,10,0,0,0,0,1,9,0,0,0,0,0,0,0,0,0,10,0.19999999999999996,10,1.0,10,0,0,0,10,0,0,10,0,1,0,0,0,0,0,10,10,37,3466,3389,290,0,9,46,1.0,2900,0,23177,27,411,2900,30624
2025-07-10,argo,com.grab.sample.dummy,DummyClass38,method8,1,2,0.0,0,0.0,0,0,1,0,5,0,1,0,0.0,0,0,0,5,0.0,0,2.4,0,0,0.0,0,0.0,0.9,68,57,0.1,10,0,0,0,0,1,9,0,0,0,0,0,0,0,0,0,10,0.19999999999999996,10,1.0,10,0,0,0,10,0,0,10,0,1,0,0,0,0,0,10,10,37,3466,3389,290,0,9,46,1.0,2900,0,23177,27,411,2900,30624
2025-07-10,argo,com.grab.sample.dummy,DummyClass38,method9,1,2,0.0,0,0.0,0,0,1,0,5,0,1,0,0.0,0,0,0,5,0.0,0,2.4,0,0,0.0,0,0.0,0.9,68,57,0.1,10,0,0,0,0,1,9,0,0,0,0,0,0,0,0,0,10,0.19999999999999996,10,1.0,10,0,0,0,10,0,0,10,0,1,0,0,0,0,0,10,10,37,3466,3389,290,0,9,46,1.0,2900,0,23177,27,411,2900,30624
2025-07-10,argo,com.grab.sample.dummy,DummyClass38,method10,1,2,0.0,0,0.0,0,0,1,0,5,0,1,0,0.0,0,0,0,5,0.0,0,2.4,0,0,0.0,0,0.0,0.9,68,57,0.1,10,0,0,0,0,1,9,0,0,0,0,0,0,0,0,0,10,0.19999999999999996,10,1.0,10,0,0,0,10,0,0,10,0,1,0,0,0,0,0,10,10,37,3466,3389,290,0,9,46,1.0,2900,0,23177,27,411,2900,30624
2025-07-10,argo,com.grab.sample.dummy,DummyClass39,method1,1,0,9.0,0,0.0,0,0,1,0,12,0,1,10,0.0,10,0,9,1,0.0,1,2.0,0,9,0.0,0,0.0,0.9,68,57,0.1,10,0,0,0,0,1,9,0,0,0,0,0,0,0,0,0,10,0.19999999999999996,10,1.0,10,0,0,0,10,0,0,10,0,1,0,0,0,0,0,10,10,37,3466,3389,290,0,9,46,1.0,2900,0,23177,27,411,2900,30624
2025-07-10,argo,com.grab.sample.dummy,DummyClass39,method2,1,2,0.0,0,0.0,0,0,1,0,5,0,1,0,0.0,0,0,0,5,0.0,0,2.4,0,0,0.0,0,0.0,0.9,68,57,0.1,10,0,0,0,0,1,9,0,0,0,0,0,0,0,0,0,10,0.19999999999999996,10,1.0,10,0,0,0,10,0,0,10,0,1,0,0,0,0,0,10,10,37,3466,3389,290,0,9,46,1.0,2900,0,23177,27,411,2900,30624
2025-07-10,argo,com.grab.sample.dummy,DummyClass39,method3,1,2,0.0,0,0.0,0,0,1,0,5,0,1,0,0.0,0,0,0,5,0.0,0,2.4,0,0,0.0,0,0.0,0.9,68,57,0.1,10,0,0,0,0,1,9,0,0,0,0,0,0,0,0,0,10,0.19999999999999996,10,1.0,10,0,0,0,10,0,0,10,0,1,0,0,0,0,0,10,10,37,3466,3389,290,0,9,46,1.0,2900,0,23177,27,411,2900,30624
2025-07-10,argo,com.grab.sample.dummy,DummyClass39,method4,1,2,0.0,0,0.0,0,0,1,0,5,0,1,0,0.0,0,0,0,5,0.0,0,2.4,0,0,0.0,0,0.0,0.9,68,57,0.1,10,0,0,0,0,1,9,0,0,0,0,0,0,0,0,0,10,0.19999999999999996,10,1.0,10,0,0,0,10,0,0,10,0,1,0,0,0,0,0,10,10,37,3466,3389,290,0,9,46,1.0,2900,0,23177,27,411,2900,30624
2025-07-10,argo,com.grab.sample.dummy,DummyClass39,method5,1,2,0.0,0,0.0,0,0,1,0,5,0,1,0,0.0,0,0,0,5,0.0,0,2.4,0,0,0.0,0,0.0,0.9,68,57,0.1,10,0,0,0,0,1,9,0,0,0,0,0,0,0,0,0,10,0.19999999999999996,10,1.0,10,0,0,0,10,0,0,10,0,1,0,0,0,0,0,10,10,37,3466,3389,290,0,9,46,1.0,2900,0,23177,27,411,2900,30624
2025-07-10,argo,com.grab.sample.dummy,DummyClass39,method6,1,2,0.0,0,0.0,0,0,1,0,5,0,1,0,0.0,0,0,0,5,0.0,0,2.4,0,0,0.0,0,0.0,0.9,68,57,0.1,10,0,0,0,0,1,9,0,0,0,0,0,0,0,0,0,10,0.19999999999999996,10,1.0,10,0,0,0,10,0,0,10,0,1,0,0,0,0,0,10,10,37,3466,3389,290,0,9,46,1.0,2900,0,23177,27,411,2900,30624
2025-07-10,argo,com.grab.sample.dummy,DummyClass39,method7,1,2,0.0,0,0.0,0,0,1,0,5,0,1,0,0.0,0,0,0,5,0.0,0,2.4,0,0,0.0,0,0.0,0.9,68,57,0.1,10,0,0,0,0,1,9,0,0,0,0,0,0,0,0,0,10,0.19999999999999996,10,1.0,10,0,0,0,10,0,0,10,0,1,0,0,0,0,0,10,10,37,3466,3389,290,0,9,46,1.0,2900,0,23177,27,411,2900,30624
2025-07-10,argo,com.grab.sample.dummy,DummyClass39,method8,1,2,0.0,0,0.0,0,0,1,0,5,0,1,0,0.0,0,0,0,5,0.0,0,2.4,0,0,0.0,0,0.0,0.9,68,57,0.1,10,0,0,0,0,1,9,0,0,0,0,0,0,0,0,0,10,0.19999999999999996,10,1.0,10,0,0,0,10,0,0,10,0,1,0,0,0,0,0,10,10,37,3466,3389,290,0,9,46,1.0,2900,0,23177,27,411,2900,30624
2025-07-10,argo,com.grab.sample.dummy,DummyClass39,method9,1,2,0.0,0,0.0,0,0,1,0,5,0,1,0,0.0,0,0,0,5,0.0,0,2.4,0,0,0.0,0,0.0,0.9,68,57,0.1,10,0,0,0,0,1,9,0,0,0,0,0,0,0,0,0,10,0.19999999999999996,10,1.0,10,0,0,0,10,0,0,10,0,1,0,0,0,0,0,10,10,37,3466,3389,290,0,9,46,1.0,2900,0,23177,27,411,2900,30624
2025-07-10,argo,com.grab.sample.dummy,DummyClass39,method10,1,2,0.0,0,0.0,0,0,1,0,5,0,1,0,0.0,0,0,0,5,0.0,0,2.4,0,0,0.0,0,0.0,0.9,68,57,0.1,10,0,0,0,0,1,9,0,0,0,0,0,0,0,0,0,10,0.19999999999999996,10,1.0,10,0,0,0,10,0,0,10,0,1,0,0,0,0,0,10,10,37,3466,3389,290,0,9,46,1.0,2900,0,23177,27,411,2900,30624
2025-07-10,argo,com.grab.sample.dummy,DummyClass4,method1,1,0,9.0,0,0.0,0,0,1,0,12,0,1,10,0.0,10,0,9,1,0.0,1,2.0,0,9,0.0,0,0.0,0.9,68,57,0.1,10,0,0,0,0,1,9,0,0,0,0,0,0,0,0,0,10,0.19999999999999996,10,1.0,10,0,0,0,10,0,0,10,0,1,0,0,0,0,0,10,10,37,3466,3389,290,0,9,46,1.0,2900,0,23177,27,411,2900,30624
2025-07-10,argo,com.grab.sample.dummy,DummyClass4,method2,1,2,0.0,0,0.0,0,0,1,0,5,0,1,0,0.0,0,0,0,5,0.0,0,2.4,0,0,0.0,0,0.0,0.9,68,57,0.1,10,0,0,0,0,1,9,0,0,0,0,0,0,0,0,0,10,0.19999999999999996,10,1.0,10,0,0,0,10,0,0,10,0,1,0,0,0,0,0,10,10,37,3466,3389,290,0,9,46,1.0,2900,0,23177,27,411,2900,30624
2025-07-10,argo,com.grab.sample.dummy,DummyClass4,method3,1,2,0.0,0,0.0,0,0,1,0,5,0,1,0,0.0,0,0,0,5,0.0,0,2.4,0,0,0.0,0,0.0,0.9,68,57,0.1,10,0,0,0,0,1,9,0,0,0,0,0,0,0,0,0,10,0.19999999999999996,10,1.0,10,0,0,0,10,0,0,10,0,1,0,0,0,0,0,10,10,37,3466,3389,290,0,9,46,1.0,2900,0,23177,27,411,2900,30624
2025-07-10,argo,com.grab.sample.dummy,DummyClass4,method4,1,2,0.0,0,0.0,0,0,1,0,5,0,1,0,0.0,0,0,0,5,0.0,0,2.4,0,0,0.0,0,0.0,0.9,68,57,0.1,10,0,0,0,0,1,9,0,0,0,0,0,0,0,0,0,10,0.19999999999999996,10,1.0,10,0,0,0,10,0,0,10,0,1,0,0,0,0,0,10,10,37,3466,3389,290,0,9,46,1.0,2900,0,23177,27,411,2900,30624
2025-07-10,argo,com.grab.sample.dummy,DummyClass4,method5,1,2,0.0,0,0.0,0,0,1,0,5,0,1,0,0.0,0,0,0,5,0.0,0,2.4,0,0,0.0,0,0.0,0.9,68,57,0.1,10,0,0,0,0,1,9,0,0,0,0,0,0,0,0,0,10,0.19999999999999996,10,1.0,10,0,0,0,10,0,0,10,0,1,0,0,0,0,0,10,10,37,3466,3389,290,0,9,46,1.0,2900,0,23177,27,411,2900,30624
2025-07-10,argo,com.grab.sample.dummy,DummyClass4,method6,1,2,0.0,0,0.0,0,0,1,0,5,0,1,0,0.0,0,0,0,5,0.0,0,2.4,0,0,0.0,0,0.0,0.9,68,57,0.1,10,0,0,0,0,1,9,0,0,0,0,0,0,0,0,0,10,0.19999999999999996,10,1.0,10,0,0,0,10,0,0,10,0,1,0,0,0,0,0,10,10,37,3466,3389,290,0,9,46,1.0,2900,0,23177,27,411,2900,30624
2025-07-10,argo,com.grab.sample.dummy,DummyClass4,method7,1,2,0.0,0,0.0,0,0,1,0,5,0,1,0,0.0,0,0,0,5,0.0,0,2.4,0,0,0.0,0,0.0,0.9,68,57,0.1,10,0,0,0,0,1,9,0,0,0,0,0,0,0,0,0,10,0.19999999999999996,10,1.0,10,0,0,0,10,0,0,10,0,1,0,0,0,0,0,10,10,37,3466,3389,290,0,9,46,1.0,2900,0,23177,27,411,2900,30624
2025-07-10,argo,com.grab.sample.dummy,DummyClass4,method8,1,2,0.0,0,0.0,0,0,1,0,5,0,1,0,0.0,0,0,0,5,0.0,0,2.4,0,0,0.0,0,0.0,0.9,68,57,0.1,10,0,0,0,0,1,9,0,0,0,0,0,0,0,0,0,10,0.19999999999999996,10,1.0,10,0,0,0,10,0,0,10,0,1,0,0,0,0,0,10,10,37,3466,3389,290,0,9,46,1.0,2900,0,23177,27,411,2900,30624
2025-07-10,argo,com.grab.sample.dummy,DummyClass4,method9,1,2,0.0,0,0.0,0,0,1,0,5,0,1,0,0.0,0,0,0,5,0.0,0,2.4,0,0,0.0,0,0.0,0.9,68,57,0.1,10,0,0,0,0,1,9,0,0,0,0,0,0,0,0,0,10,0.19999999999999996,10,1.0,10,0,0,0,10,0,0,10,0,1,0,0,0,0,0,10,10,37,3466,3389,290,0,9,46,1.0,2900,0,23177,27,411,2900,30624
2025-07-10,argo,com.grab.sample.dummy,DummyClass4,method10,1,2,0.0,0,0.0,0,0,1,0,5,0,1,0,0.0,0,0,0,5,0.0,0,2.4,0,0,0.0,0,0.0,0.9,68,57,0.1,10,0,0,0,0,1,9,0,0,0,0,0,0,0,0,0,10,0.19999999999999996,10,1.0,10,0,0,0,10,0,0,10,0,1,0,0,0,0,0,10,10,37,3466,3389,290,0,9,46,1.0,2900,0,23177,27,411,2900,30624
2025-07-10,argo,com.grab.sample.dummy,DummyClass40,method1,1,0,9.0,0,0.0,0,0,1,0,12,0,1,10,0.0,10,0,9,1,0.0,1,2.0,0,9,0.0,0,0.0,0.9,68,57,0.1,10,0,0,0,0,1,9,0,0,0,0,0,0,0,0,0,10,0.19999999999999996,10,1.0,10,0,0,0,10,0,0,10,0,1,0,0,0,0,0,10,10,37,3466,3389,290,0,9,46,1.0,2900,0,23177,27,411,2900,30624
2025-07-10,argo,com.grab.sample.dummy,DummyClass40,method2,1,2,0.0,0,0.0,0,0,1,0,5,0,1,0,0.0,0,0,0,5,0.0,0,2.4,0,0,0.0,0,0.0,0.9,68,57,0.1,10,0,0,0,0,1,9,0,0,0,0,0,0,0,0,0,10,0.19999999999999996,10,1.0,10,0,0,0,10,0,0,10,0,1,0,0,0,0,0,10,10,37,3466,3389,290,0,9,46,1.0,2900,0,23177,27,411,2900,30624
2025-07-10,argo,com.grab.sample.dummy,DummyClass40,method3,1,2,0.0,0,0.0,0,0,1,0,5,0,1,0,0.0,0,0,0,5,0.0,0,2.4,0,0,0.0,0,0.0,0.9,68,57,0.1,10,0,0,0,0,1,9,0,0,0,0,0,0,0,0,0,10,0.19999999999999996,10,1.0,10,0,0,0,10,0,0,10,0,1,0,0,0,0,0,10,10,37,3466,3389,290,0,9,46,1.0,2900,0,23177,27,411,2900,30624
2025-07-10,argo,com.grab.sample.dummy,DummyClass40,method4,1,2,0.0,0,0.0,0,0,1,0,5,0,1,0,0.0,0,0,0,5,0.0,0,2.4,0,0,0.0,0,0.0,0.9,68,57,0.1,10,0,0,0,0,1,9,0,0,0,0,0,0,0,0,0,10,0.19999999999999996,10,1.0,10,0,0,0,10,0,0,10,0,1,0,0,0,0,0,10,10,37,3466,3389,290,0,9,46,1.0,2900,0,23177,27,411,2900,30624
2025-07-10,argo,com.grab.sample.dummy,DummyClass40,method5,1,2,0.0,0,0.0,0,0,1,0,5,0,1,0,0.0,0,0,0,5,0.0,0,2.4,0,0,0.0,0,0.0,0.9,68,57,0.1,10,0,0,0,0,1,9,0,0,0,0,0,0,0,0,0,10,0.19999999999999996,10,1.0,10,0,0,0,10,0,0,10,0,1,0,0,0,0,0,10,10,37,3466,3389,290,0,9,46,1.0,2900,0,23177,27,411,2900,30624
2025-07-10,argo,com.grab.sample.dummy,DummyClass40,method6,1,2,0.0,0,0.0,0,0,1,0,5,0,1,0,0.0,0,0,0,5,0.0,0,2.4,0,0,0.0,0,0.0,0.9,68,57,0.1,10,0,0,0,0,1,9,0,0,0,0,0,0,0,0,0,10,0.19999999999999996,10,1.0,10,0,0,0,10,0,0,10,0,1,0,0,0,0,0,10,10,37,3466,3389,290,0,9,46,1.0,2900,0,23177,27,411,2900,30624
2025-07-10,argo,com.grab.sample.dummy,DummyClass40,method7,1,2,0.0,0,0.0,0,0,1,0,5,0,1,0,0.0,0,0,0,5,0.0,0,2.4,0,0,0.0,0,0.0,0.9,68,57,0.1,10,0,0,0,0,1,9,0,0,0,0,0,0,0,0,0,10,0.19999999999999996,10,1.0,10,0,0,0,10,0,0,10,0,1,0,0,0,0,0,10,10,37,3466,3389,290,0,9,46,1.0,2900,0,23177,27,411,2900,30624
2025-07-10,argo,com.grab.sample.dummy,DummyClass40,method8,1,2,0.0,0,0.0,0,0,1,0,5,0,1,0,0.0,0,0,0,5,0.0,0,2.4,0,0,0.0,0,0.0,0.9,68,57,0.1,10,0,0,0,0,1,9,0,0,0,0,0,0,0,0,0,10,0.19999999999999996,10,1.0,10,0,0,0,10,0,0,10,0,1,0,0,0,0,0,10,10,37,3466,3389,290,0,9,46,1.0,2900,0,23177,27,411,2900,30624
2025-07-10,argo,com.grab.sample.dummy,DummyClass40,method9,1,2,0.0,0,0.0,0,0,1,0,5,0,1,0,0.0,0,0,0,5,0.0,0,2.4,0,0,0.0,0,0.0,0.9,68,57,0.1,10,0,0,0,0,1,9,0,0,0,0,0,0,0,0,0,10,0.19999999999999996,10,1.0,10,0,0,0,10,0,0,10,0,1,0,0,0,0,0,10,10,37,3466,3389,290,0,9,46,1.0,2900,0,23177,27,411,2900,30624
2025-07-10,argo,com.grab.sample.dummy,DummyClass40,method10,1,2,0.0,0,0.0,0,0,1,0,5,0,1,0,0.0,0,0,0,5,0.0,0,2.4,0,0,0.0,0,0.0,0.9,68,57,0.1,10,0,0,0,0,1,9,0,0,0,0,0,0,0,0,0,10,0.19999999999999996,10,1.0,10,0,0,0,10,0,0,10,0,1,0,0,0,0,0,10,10,37,3466,3389,290,0,9,46,1.0,2900,0,23177,27,411,2900,30624
2025-07-10,argo,com.grab.sample.dummy,DummyClass41,method1,1,0,9.0,0,0.0,0,0,1,0,12,0,1,10,0.0,10,0,9,1,0.0,1,2.0,0,9,0.0,0,0.0,0.9,68,57,0.1,10,0,0,0,0,1,9,0,0,0,0,0,0,0,0,0,10,0.19999999999999996,10,1.0,10,0,0,0,10,0,0,10,0,1,0,0,0,0,0,10,10,37,3466,3389,290,0,9,46,1.0,2900,0,23177,27,411,2900,30624
2025-07-10,argo,com.grab.sample.dummy,DummyClass41,method2,1,2,0.0,0,0.0,0,0,1,0,5,0,1,0,0.0,0,0,0,5,0.0,0,2.4,0,0,0.0,0,0.0,0.9,68,57,0.1,10,0,0,0,0,1,9,0,0,0,0,0,0,0,0,0,10,0.19999999999999996,10,1.0,10,0,0,0,10,0,0,10,0,1,0,0,0,0,0,10,10,37,3466,3389,290,0,9,46,1.0,2900,0,23177,27,411,2900,30624
2025-07-10,argo,com.grab.sample.dummy,DummyClass41,method3,1,2,0.0,0,0.0,0,0,1,0,5,0,1,0,0.0,0,0,0,5,0.0,0,2.4,0,0,0.0,0,0.0,0.9,68,57,0.1,10,0,0,0,0,1,9,0,0,0,0,0,0,0,0,0,10,0.19999999999999996,10,1.0,10,0,0,0,10,0,0,10,0,1,0,0,0,0,0,10,10,37,3466,3389,290,0,9,46,1.0,2900,0,23177,27,411,2900,30624
2025-07-10,argo,com.grab.sample.dummy,DummyClass41,method4,1,2,0.0,0,0.0,0,0,1,0,5,0,1,0,0.0,0,0,0,5,0.0,0,2.4,0,0,0.0,0,0.0,0.9,68,57,0.1,10,0,0,0,0,1,9,0,0,0,0,0,0,0,0,0,10,0.19999999999999996,10,1.0,10,0,0,0,10,0,0,10,0,1,0,0,0,0,0,10,10,37,3466,3389,290,0,9,46,1.0,2900,0,23177,27,411,2900,30624
2025-07-10,argo,com.grab.sample.dummy,DummyClass41,method5,1,2,0.0,0,0.0,0,0,1,0,5,0,1,0,0.0,0,0,0,5,0.0,0,2.4,0,0,0.0,0,0.0,0.9,68,57,0.1,10,0,0,0,0,1,9,0,0,0,0,0,0,0,0,0,10,0.19999999999999996,10,1.0,10,0,0,0,10,0,0,10,0,1,0,0,0,0,0,10,10,37,3466,3389,290,0,9,46,1.0,2900,0,23177,27,411,2900,30624
2025-07-10,argo,com.grab.sample.dummy,DummyClass41,method6,1,2,0.0,0,0.0,0,0,1,0,5,0,1,0,0.0,0,0,0,5,0.0,0,2.4,0,0,0.0,0,0.0,0.9,68,57,0.1,10,0,0,0,0,1,9,0,0,0,0,0,0,0,0,0,10,0.19999999999999996,10,1.0,10,0,0,0,10,0,0,10,0,1,0,0,0,0,0,10,10,37,3466,3389,290,0,9,46,1.0,2900,0,23177,27,411,2900,30624
2025-07-10,argo,com.grab.sample.dummy,DummyClass41,method7,1,2,0.0,0,0.0,0,0,1,0,5,0,1,0,0.0,0,0,0,5,0.0,0,2.4,0,0,0.0,0,0.0,0.9,68,57,0.1,10,0,0,0,0,1,9,0,0,0,0,0,0,0,0,0,10,0.19999999999999996,10,1.0,10,0,0,0,10,0,0,10,0,1,0,0,0,0,0,10,10,37,3466,3389,290,0,9,46,1.0,2900,0,23177,27,411,2900,30624
2025-07-10,argo,com.grab.sample.dummy,DummyClass41,method8,1,2,0.0,0,0.0,0,0,1,0,5,0,1,0,0.0,0,0,0,5,0.0,0,2.4,0,0,0.0,0,0.0,0.9,68,57,0.1,10,0,0,0,0,1,9,0,0,0,0,0,0,0,0,0,10,0.19999999999999996,10,1.0,10,0,0,0,10,0,0,10,0,1,0,0,0,0,0,10,10,37,3466,3389,290,0,9,46,1.0,2900,0,23177,27,411,2900,30624
2025-07-10,argo,com.grab.sample.dummy,DummyClass41,method9,1,2,0.0,0,0.0,0,0,1,0,5,0,1,0,0.0,0,0,0,5,0.0,0,2.4,0,0,0.0,0,0.0,0.9,68,57,0.1,10,0,0,0,0,1,9,0,0,0,0,0,0,0,0,0,10,0.19999999999999996,10,1.0,10,0,0,0,10,0,0,10,0,1,0,0,0,0,0,10,10,37,3466,3389,290,0,9,46,1.0,2900,0,23177,27,411,2900,30624
2025-07-10,argo,com.grab.sample.dummy,DummyClass41,method10,1,2,0.0,0,0.0,0,0,1,0,5,0,1,0,0.0,0,0,0,5,0.0,0,2.4,0,0,0.0,0,0.0,0.9,68,57,0.1,10,0,0,0,0,1,9,0,0,0,0,0,0,0,0,0,10,0.19999999999999996,10,1.0,10,0,0,0,10,0,0,10,0,1,0,0,0,0,0,10,10,37,3466,3389,290,0,9,46,1.0,2900,0,23177,27,411,2900,30624
2025-07-10,argo,com.grab.sample.dummy,DummyClass42,method1,1,0,9.0,0,0.0,0,0,1,0,12,0,1,10,0.0,10,0,9,1,0.0,1,2.0,0,9,0.0,0,0.0,0.9,68,57,0.1,10,0,0,0,0,1,9,0,0,0,0,0,0,0,0,0,10,0.19999999999999996,10,1.0,10,0,0,0,10,0,0,10,0,1,0,0,0,0,0,10,10,37,3466,3389,290,0,9,46,1.0,2900,0,23177,27,411,2900,30624
2025-07-10,argo,com.grab.sample.dummy,DummyClass42,method2,1,2,0.0,0,0.0,0,0,1,0,5,0,1,0,0.0,0,0,0,5,0.0,0,2.4,0,0,0.0,0,0.0,0.9,68,57,0.1,10,0,0,0,0,1,9,0,0,0,0,0,0,0,0,0,10,0.19999999999999996,10,1.0,10,0,0,0,10,0,0,10,0,1,0,0,0,0,0,10,10,37,3466,3389,290,0,9,46,1.0,2900,0,23177,27,411,2900,30624
2025-07-10,argo,com.grab.sample.dummy,DummyClass42,method3,1,2,0.0,0,0.0,0,0,1,0,5,0,1,0,0.0,0,0,0,5,0.0,0,2.4,0,0,0.0,0,0.0,0.9,68,57,0.1,10,0,0,0,0,1,9,0,0,0,0,0,0,0,0,0,10,0.19999999999999996,10,1.0,10,0,0,0,10,0,0,10,0,1,0,0,0,0,0,10,10,37,3466,3389,290,0,9,46,1.0,2900,0,23177,27,411,2900,30624
2025-07-10,argo,com.grab.sample.dummy,DummyClass42,method4,1,2,0.0,0,0.0,0,0,1,0,5,0,1,0,0.0,0,0,0,5,0.0,0,2.4,0,0,0.0,0,0.0,0.9,68,57,0.1,10,0,0,0,0,1,9,0,0,0,0,0,0,0,0,0,10,0.19999999999999996,10,1.0,10,0,0,0,10,0,0,10,0,1,0,0,0,0,0,10,10,37,3466,3389,290,0,9,46,1.0,2900,0,23177,27,411,2900,30624
2025-07-10,argo,com.grab.sample.dummy,DummyClass42,method5,1,2,0.0,0,0.0,0,0,1,0,5,0,1,0,0.0,0,0,0,5,0.0,0,2.4,0,0,0.0,0,0.0,0.9,68,57,0.1,10,0,0,0,0,1,9,0,0,0,0,0,0,0,0,0,10,0.19999999999999996,10,1.0,10,0,0,0,10,0,0,10,0,1,0,0,0,0,0,10,10,37,3466,3389,290,0,9,46,1.0,2900,0,23177,27,411,2900,30624
2025-07-10,argo,com.grab.sample.dummy,DummyClass42,method6,1,2,0.0,0,0.0,0,0,1,0,5,0,1,0,0.0,0,0,0,5,0.0,0,2.4,0,0,0.0,0,0.0,0.9,68,57,0.1,10,0,0,0,0,1,9,0,0,0,0,0,0,0,0,0,10,0.19999999999999996,10,1.0,10,0,0,0,10,0,0,10,0,1,0,0,0,0,0,10,10,37,3466,3389,290,0,9,46,1.0,2900,0,23177,27,411,2900,30624
2025-07-10,argo,com.grab.sample.dummy,DummyClass42,method7,1,2,0.0,0,0.0,0,0,1,0,5,0,1,0,0.0,0,0,0,5,0.0,0,2.4,0,0,0.0,0,0.0,0.9,68,57,0.1,10,0,0,0,0,1,9,0,0,0,0,0,0,0,0,0,10,0.19999999999999996,10,1.0,10,0,0,0,10,0,0,10,0,1,0,0,0,0,0,10,10,37,3466,3389,290,0,9,46,1.0,2900,0,23177,27,411,2900,30624
2025-07-10,argo,com.grab.sample.dummy,DummyClass42,method8,1,2,0.0,0,0.0,0,0,1,0,5,0,1,0,0.0,0,0,0,5,0.0,0,2.4,0,0,0.0,0,0.0,0.9,68,57,0.1,10,0,0,0,0,1,9,0,0,0,0,0,0,0,0,0,10,0.19999999999999996,10,1.0,10,0,0,0,10,0,0,10,0,1,0,0,0,0,0,10,10,37,3466,3389,290,0,9,46,1.0,2900,0,23177,27,411,2900,30624
2025-07-10,argo,com.grab.sample.dummy,DummyClass42,method9,1,2,0.0,0,0.0,0,0,1,0,5,0,1,0,0.0,0,0,0,5,0.0,0,2.4,0,0,0.0,0,0.0,0.9,68,57,0.1,10,0,0,0,0,1,9,0,0,0,0,0,0,0,0,0,10,0.19999999999999996,10,1.0,10,0,0,0,10,0,0,10,0,1,0,0,0,0,0,10,10,37,3466,3389,290,0,9,46,1.0,2900,0,23177,27,411,2900,30624
2025-07-10,argo,com.grab.sample.dummy,DummyClass42,method10,1,2,0.0,0,0.0,0,0,1,0,5,0,1,0,0.0,0,0,0,5,0.0,0,2.4,0,0,0.0,0,0.0,0.9,68,57,0.1,10,0,0,0,0,1,9,0,0,0,0,0,0,0,0,0,10,0.19999999999999996,10,1.0,10,0,0,0,10,0,0,10,0,1,0,0,0,0,0,10,10,37,3466,3389,290,0,9,46,1.0,2900,0,23177,27,411,2900,30624
2025-07-10,argo,com.grab.sample.dummy,DummyClass43,method1,1,0,9.0,0,0.0,0,0,1,0,12,0,1,10,0.0,10,0,9,1,0.0,1,2.0,0,9,0.0,0,0.0,0.9,68,57,0.1,10,0,0,0,0,1,9,0,0,0,0,0,0,0,0,0,10,0.19999999999999996,10,1.0,10,0,0,0,10,0,0,10,0,1,0,0,0,0,0,10,10,37,3466,3389,290,0,9,46,1.0,2900,0,23177,27,411,2900,30624
2025-07-10,argo,com.grab.sample.dummy,DummyClass43,method2,1,2,0.0,0,0.0,0,0,1,0,5,0,1,0,0.0,0,0,0,5,0.0,0,2.4,0,0,0.0,0,0.0,0.9,68,57,0.1,10,0,0,0,0,1,9,0,0,0,0,0,0,0,0,0,10,0.19999999999999996,10,1.0,10,0,0,0,10,0,0,10,0,1,0,0,0,0,0,10,10,37,3466,3389,290,0,9,46,1.0,2900,0,23177,27,411,2900,30624
2025-07-10,argo,com.grab.sample.dummy,DummyClass43,method3,1,2,0.0,0,0.0,0,0,1,0,5,0,1,0,0.0,0,0,0,5,0.0,0,2.4,0,0,0.0,0,0.0,0.9,68,57,0.1,10,0,0,0,0,1,9,0,0,0,0,0,0,0,0,0,10,0.19999999999999996,10,1.0,10,0,0,0,10,0,0,10,0,1,0,0,0,0,0,10,10,37,3466,3389,290,0,9,46,1.0,2900,0,23177,27,411,2900,30624
2025-07-10,argo,com.grab.sample.dummy,DummyClass43,method4,1,2,0.0,0,0.0,0,0,1,0,5,0,1,0,0.0,0,0,0,5,0.0,0,2.4,0,0,0.0,0,0.0,0.9,68,57,0.1,10,0,0,0,0,1,9,0,0,0,0,0,0,0,0,0,10,0.19999999999999996,10,1.0,10,0,0,0,10,0,0,10,0,1,0,0,0,0,0,10,10,37,3466,3389,290,0,9,46,1.0,2900,0,23177,27,411,2900,30624
2025-07-10,argo,com.grab.sample.dummy,DummyClass43,method5,1,2,0.0,0,0.0,0,0,1,0,5,0,1,0,0.0,0,0,0,5,0.0,0,2.4,0,0,0.0,0,0.0,0.9,68,57,0.1,10,0,0,0,0,1,9,0,0,0,0,0,0,0,0,0,10,0.19999999999999996,10,1.0,10,0,0,0,10,0,0,10,0,1,0,0,0,0,0,10,10,37,3466,3389,290,0,9,46,1.0,2900,0,23177,27,411,2900,30624
2025-07-10,argo,com.grab.sample.dummy,DummyClass43,method6,1,2,0.0,0,0.0,0,0,1,0,5,0,1,0,0.0,0,0,0,5,0.0,0,2.4,0,0,0.0,0,0.0,0.9,68,57,0.1,10,0,0,0,0,1,9,0,0,0,0,0,0,0,0,0,10,0.19999999999999996,10,1.0,10,0,0,0,10,0,0,10,0,1,0,0,0,0,0,10,10,37,3466,3389,290,0,9,46,1.0,2900,0,23177,27,411,2900,30624
2025-07-10,argo,com.grab.sample.dummy,DummyClass43,method7,1,2,0.0,0,0.0,0,0,1,0,5,0,1,0,0.0,0,0,0,5,0.0,0,2.4,0,0,0.0,0,0.0,0.9,68,57,0.1,10,0,0,0,0,1,9,0,0,0,0,0,0,0,0,0,10,0.19999999999999996,10,1.0,10,0,0,0,10,0,0,10,0,1,0,0,0,0,0,10,10,37,3466,3389,290,0,9,46,1.0,2900,0,23177,27,411,2900,30624
2025-07-10,argo,com.grab.sample.dummy,DummyClass43,method8,1,2,0.0,0,0.0,0,0,1,0,5,0,1,0,0.0,0,0,0,5,0.0,0,2.4,0,0,0.0,0,0.0,0.9,68,57,0.1,10,0,0,0,0,1,9,0,0,0,0,0,0,0,0,0,10,0.19999999999999996,10,1.0,10,0,0,0,10,0,0,10,0,1,0,0,0,0,0,10,10,37,3466,3389,290,0,9,46,1.0,2900,0,23177,27,411,2900,30624
2025-07-10,argo,com.grab.sample.dummy,DummyClass43,method9,1,2,0.0,0,0.0,0,0,1,0,5,0,1,0,0.0,0,0,0,5,0.0,0,2.4,0,0,0.0,0,0.0,0.9,68,57,0.1,10,0,0,0,0,1,9,0,0,0,0,0,0,0,0,0,10,0.19999999999999996,10,1.0,10,0,0,0,10,0,0,10,0,1,0,0,0,0,0,10,10,37,3466,3389,290,0,9,46,1.0,2900,0,23177,27,411,2900,30624
2025-07-10,argo,com.grab.sample.dummy,DummyClass43,method10,1,2,0.0,0,0.0,0,0,1,0,5,0,1,0,0.0,0,0,0,5,0.0,0,2.4,0,0,0.0,0,0.0,0.9,68,57,0.1,10,0,0,0,0,1,9,0,0,0,0,0,0,0,0,0,10,0.19999999999999996,10,1.0,10,0,0,0,10,0,0,10,0,1,0,0,0,0,0,10,10,37,3466,3389,290,0,9,46,1.0,2900,0,23177,27,411,2900,30624
2025-07-10,argo,com.grab.sample.dummy,DummyClass44,method1,1,0,9.0,0,0.0,0,0,1,0,12,0,1,10,0.0,10,0,9,1,0.0,1,2.0,0,9,0.0,0,0.0,0.9,68,57,0.1,10,0,0,0,0,1,9,0,0,0,0,0,0,0,0,0,10,0.19999999999999996,10,1.0,10,0,0,0,10,0,0,10,0,1,0,0,0,0,0,10,10,37,3466,3389,290,0,9,46,1.0,2900,0,23177,27,411,2900,30624
2025-07-10,argo,com.grab.sample.dummy,DummyClass44,method2,1,2,0.0,0,0.0,0,0,1,0,5,0,1,0,0.0,0,0,0,5,0.0,0,2.4,0,0,0.0,0,0.0,0.9,68,57,0.1,10,0,0,0,0,1,9,0,0,0,0,0,0,0,0,0,10,0.19999999999999996,10,1.0,10,0,0,0,10,0,0,10,0,1,0,0,0,0,0,10,10,37,3466,3389,290,0,9,46,1.0,2900,0,23177,27,411,2900,30624
2025-07-10,argo,com.grab.sample.dummy,DummyClass44,method3,1,2,0.0,0,0.0,0,0,1,0,5,0,1,0,0.0,0,0,0,5,0.0,0,2.4,0,0,0.0,0,0.0,0.9,68,57,0.1,10,0,0,0,0,1,9,0,0,0,0,0,0,0,0,0,10,0.19999999999999996,10,1.0,10,0,0,0,10,0,0,10,0,1,0,0,0,0,0,10,10,37,3466,3389,290,0,9,46,1.0,2900,0,23177,27,411,2900,30624
2025-07-10,argo,com.grab.sample.dummy,DummyClass44,method4,1,2,0.0,0,0.0,0,0,1,0,5,0,1,0,0.0,0,0,0,5,0.0,0,2.4,0,0,0.0,0,0.0,0.9,68,57,0.1,10,0,0,0,0,1,9,0,0,0,0,0,0,0,0,0,10,0.19999999999999996,10,1.0,10,0,0,0,10,0,0,10,0,1,0,0,0,0,0,10,10,37,3466,3389,290,0,9,46,1.0,2900,0,23177,27,411,2900,30624
2025-07-10,argo,com.grab.sample.dummy,DummyClass44,method5,1,2,0.0,0,0.0,0,0,1,0,5,0,1,0,0.0,0,0,0,5,0.0,0,2.4,0,0,0.0,0,0.0,0.9,68,57,0.1,10,0,0,0,0,1,9,0,0,0,0,0,0,0,0,0,10,0.19999999999999996,10,1.0,10,0,0,0,10,0,0,10,0,1,0,0,0,0,0,10,10,37,3466,3389,290,0,9,46,1.0,2900,0,23177,27,411,2900,30624
2025-07-10,argo,com.grab.sample.dummy,DummyClass44,method6,1,2,0.0,0,0.0,0,0,1,0,5,0,1,0,0.0,0,0,0,5,0.0,0,2.4,0,0,0.0,0,0.0,0.9,68,57,0.1,10,0,0,0,0,1,9,0,0,0,0,0,0,0,0,0,10,0.19999999999999996,10,1.0,10,0,0,0,10,0,0,10,0,1,0,0,0,0,0,10,10,37,3466,3389,290,0,9,46,1.0,2900,0,23177,27,411,2900,30624
2025-07-10,argo,com.grab.sample.dummy,DummyClass44,method7,1,2,0.0,0,0.0,0,0,1,0,5,0,1,0,0.0,0,0,0,5,0.0,0,2.4,0,0,0.0,0,0.0,0.9,68,57,0.1,10,0,0,0,0,1,9,0,0,0,0,0,0,0,0,0,10,0.19999999999999996,10,1.0,10,0,0,0,10,0,0,10,0,1,0,0,0,0,0,10,10,37,3466,3389,290,0,9,46,1.0,2900,0,23177,27,411,2900,30624
2025-07-10,argo,com.grab.sample.dummy,DummyClass44,method8,1,2,0.0,0,0.0,0,0,1,0,5,0,1,0,0.0,0,0,0,5,0.0,0,2.4,0,0,0.0,0,0.0,0.9,68,57,0.1,10,0,0,0,0,1,9,0,0,0,0,0,0,0,0,0,10,0.19999999999999996,10,1.0,10,0,0,0,10,0,0,10,0,1,0,0,0,0,0,10,10,37,3466,3389,290,0,9,46,1.0,2900,0,23177,27,411,2900,30624
2025-07-10,argo,com.grab.sample.dummy,DummyClass44,method9,1,2,0.0,0,0.0,0,0,1,0,5,0,1,0,0.0,0,0,0,5,0.0,0,2.4,0,0,0.0,0,0.0,0.9,68,57,0.1,10,0,0,0,0,1,9,0,0,0,0,0,0,0,0,0,10,0.19999999999999996,10,1.0,10,0,0,0,10,0,0,10,0,1,0,0,0,0,0,10,10,37,3466,3389,290,0,9,46,1.0,2900,0,23177,27,411,2900,30624
2025-07-10,argo,com.grab.sample.dummy,DummyClass44,method10,1,2,0.0,0,0.0,0,0,1,0,5,0,1,0,0.0,0,0,0,5,0.0,0,2.4,0,0,0.0,0,0.0,0.9,68,57,0.1,10,0,0,0,0,1,9,0,0,0,0,0,0,0,0,0,10,0.19999999999999996,10,1.0,10,0,0,0,10,0,0,10,0,1,0,0,0,0,0,10,10,37,3466,3389,290,0,9,46,1.0,2900,0,23177,27,411,2900,30624
2025-07-10,argo,com.grab.sample.dummy,DummyClass45,method1,1,0,9.0,0,0.0,0,0,1,0,12,0,1,10,0.0,10,0,9,1,0.0,1,2.0,0,9,0.0,0,0.0,0.9,68,57,0.1,10,0,0,0,0,1,9,0,0,0,0,0,0,0,0,0,10,0.19999999999999996,10,1.0,10,0,0,0,10,0,0,10,0,1,0,0,0,0,0,10,10,37,3466,3389,290,0,9,46,1.0,2900,0,23177,27,411,2900,30624
2025-07-10,argo,com.grab.sample.dummy,DummyClass45,method2,1,2,0.0,0,0.0,0,0,1,0,5,0,1,0,0.0,0,0,0,5,0.0,0,2.4,0,0,0.0,0,0.0,0.9,68,57,0.1,10,0,0,0,0,1,9,0,0,0,0,0,0,0,0,0,10,0.19999999999999996,10,1.0,10,0,0,0,10,0,0,10,0,1,0,0,0,0,0,10,10,37,3466,3389,290,0,9,46,1.0,2900,0,23177,27,411,2900,30624
2025-07-10,argo,com.grab.sample.dummy,DummyClass45,method3,1,2,0.0,0,0.0,0,0,1,0,5,0,1,0,0.0,0,0,0,5,0.0,0,2.4,0,0,0.0,0,0.0,0.9,68,57,0.1,10,0,0,0,0,1,9,0,0,0,0,0,0,0,0,0,10,0.19999999999999996,10,1.0,10,0,0,0,10,0,0,10,0,1,0,0,0,0,0,10,10,37,3466,3389,290,0,9,46,1.0,2900,0,23177,27,411,2900,30624
2025-07-10,argo,com.grab.sample.dummy,DummyClass45,method4,1,2,0.0,0,0.0,0,0,1,0,5,0,1,0,0.0,0,0,0,5,0.0,0,2.4,0,0,0.0,0,0.0,0.9,68,57,0.1,10,0,0,0,0,1,9,0,0,0,0,0,0,0,0,0,10,0.19999999999999996,10,1.0,10,0,0,0,10,0,0,10,0,1,0,0,0,0,0,10,10,37,3466,3389,290,0,9,46,1.0,2900,0,23177,27,411,2900,30624
2025-07-10,argo,com.grab.sample.dummy,DummyClass45,method5,1,2,0.0,0,0.0,0,0,1,0,5,0,1,0,0.0,0,0,0,5,0.0,0,2.4,0,0,0.0,0,0.0,0.9,68,57,0.1,10,0,0,0,0,1,9,0,0,0,0,0,0,0,0,0,10,0.19999999999999996,10,1.0,10,0,0,0,10,0,0,10,0,1,0,0,0,0,0,10,10,37,3466,3389,290,0,9,46,1.0,2900,0,23177,27,411,2900,30624
2025-07-10,argo,com.grab.sample.dummy,DummyClass45,method6,1,2,0.0,0,0.0,0,0,1,0,5,0,1,0,0.0,0,0,0,5,0.0,0,2.4,0,0,0.0,0,0.0,0.9,68,57,0.1,10,0,0,0,0,1,9,0,0,0,0,0,0,0,0,0,10,0.19999999999999996,10,1.0,10,0,0,0,10,0,0,10,0,1,0,0,0,0,0,10,10,37,3466,3389,290,0,9,46,1.0,2900,0,23177,27,411,2900,30624
2025-07-10,argo,com.grab.sample.dummy,DummyClass45,method7,1,2,0.0,0,0.0,0,0,1,0,5,0,1,0,0.0,0,0,0,5,0.0,0,2.4,0,0,0.0,0,0.0,0.9,68,57,0.1,10,0,0,0,0,1,9,0,0,0,0,0,0,0,0,0,10,0.19999999999999996,10,1.0,10,0,0,0,10,0,0,10,0,1,0,0,0,0,0,10,10,37,3466,3389,290,0,9,46,1.0,2900,0,23177,27,411,2900,30624
2025-07-10,argo,com.grab.sample.dummy,DummyClass45,method8,1,2,0.0,0,0.0,0,0,1,0,5,0,1,0,0.0,0,0,0,5,0.0,0,2.4,0,0,0.0,0,0.0,0.9,68,57,0.1,10,0,0,0,0,1,9,0,0,0,0,0,0,0,0,0,10,0.19999999999999996,10,1.0,10,0,0,0,10,0,0,10,0,1,0,0,0,0,0,10,10,37,3466,3389,290,0,9,46,1.0,2900,0,23177,27,411,2900,30624
2025-07-10,argo,com.grab.sample.dummy,DummyClass45,method9,1,2,0.0,0,0.0,0,0,1,0,5,0,1,0,0.0,0,0,0,5,0.0,0,2.4,0,0,0.0,0,0.0,0.9,68,57,0.1,10,0,0,0,0,1,9,0,0,0,0,0,0,0,0,0,10,0.19999999999999996,10,1.0,10,0,0,0,10,0,0,10,0,1,0,0,0,0,0,10,10,37,3466,3389,290,0,9,46,1.0,2900,0,23177,27,411,2900,30624
2025-07-10,argo,com.grab.sample.dummy,DummyClass45,method10,1,2,0.0,0,0.0,0,0,1,0,5,0,1,0,0.0,0,0,0,5,0.0,0,2.4,0,0,0.0,0,0.0,0.9,68,57,0.1,10,0,0,0,0,1,9,0,0,0,0,0,0,0,0,0,10,0.19999999999999996,10,1.0,10,0,0,0,10,0,0,10,0,1,0,0,0,0,0,10,10,37,3466,3389,290,0,9,46,1.0,2900,0,23177,27,411,2900,30624
2025-07-10,argo,com.grab.sample.dummy,DummyClass46,method1,1,0,9.0,0,0.0,0,0,1,0,12,0,1,10,0.0,10,0,9,1,0.0,1,2.0,0,9,0.0,0,0.0,0.9,68,57,0.1,10,0,0,0,0,1,9,0,0,0,0,0,0,0,0,0,10,0.19999999999999996,10,1.0,10,0,0,0,10,0,0,10,0,1,0,0,0,0,0,10,10,37,3466,3389,290,0,9,46,1.0,2900,0,23177,27,411,2900,30624
2025-07-10,argo,com.grab.sample.dummy,DummyClass46,method2,1,2,0.0,0,0.0,0,0,1,0,5,0,1,0,0.0,0,0,0,5,0.0,0,2.4,0,0,0.0,0,0.0,0.9,68,57,0.1,10,0,0,0,0,1,9,0,0,0,0,0,0,0,0,0,10,0.19999999999999996,10,1.0,10,0,0,0,10,0,0,10,0,1,0,0,0,0,0,10,10,37,3466,3389,290,0,9,46,1.0,2900,0,23177,27,411,2900,30624
2025-07-10,argo,com.grab.sample.dummy,DummyClass46,method3,1,2,0.0,0,0.0,0,0,1,0,5,0,1,0,0.0,0,0,0,5,0.0,0,2.4,0,0,0.0,0,0.0,0.9,68,57,0.1,10,0,0,0,0,1,9,0,0,0,0,0,0,0,0,0,10,0.19999999999999996,10,1.0,10,0,0,0,10,0,0,10,0,1,0,0,0,0,0,10,10,37,3466,3389,290,0,9,46,1.0,2900,0,23177,27,411,2900,30624
2025-07-10,argo,com.grab.sample.dummy,DummyClass46,method4,1,2,0.0,0,0.0,0,0,1,0,5,0,1,0,0.0,0,0,0,5,0.0,0,2.4,0,0,0.0,0,0.0,0.9,68,57,0.1,10,0,0,0,0,1,9,0,0,0,0,0,0,0,0,0,10,0.19999999999999996,10,1.0,10,0,0,0,10,0,0,10,0,1,0,0,0,0,0,10,10,37,3466,3389,290,0,9,46,1.0,2900,0,23177,27,411,2900,30624
2025-07-10,argo,com.grab.sample.dummy,DummyClass46,method5,1,2,0.0,0,0.0,0,0,1,0,5,0,1,0,0.0,0,0,0,5,0.0,0,2.4,0,0,0.0,0,0.0,0.9,68,57,0.1,10,0,0,0,0,1,9,0,0,0,0,0,0,0,0,0,10,0.19999999999999996,10,1.0,10,0,0,0,10,0,0,10,0,1,0,0,0,0,0,10,10,37,3466,3389,290,0,9,46,1.0,2900,0,23177,27,411,2900,30624
2025-07-10,argo,com.grab.sample.dummy,DummyClass46,method6,1,2,0.0,0,0.0,0,0,1,0,5,0,1,0,0.0,0,0,0,5,0.0,0,2.4,0,0,0.0,0,0.0,0.9,68,57,0.1,10,0,0,0,0,1,9,0,0,0,0,0,0,0,0,0,10,0.19999999999999996,10,1.0,10,0,0,0,10,0,0,10,0,1,0,0,0,0,0,10,10,37,3466,3389,290,0,9,46,1.0,2900,0,23177,27,411,2900,30624
2025-07-10,argo,com.grab.sample.dummy,DummyClass46,method7,1,2,0.0,0,0.0,0,0,1,0,5,0,1,0,0.0,0,0,0,5,0.0,0,2.4,0,0,0.0,0,0.0,0.9,68,57,0.1,10,0,0,0,0,1,9,0,0,0,0,0,0,0,0,0,10,0.19999999999999996,10,1.0,10,0,0,0,10,0,0,10,0,1,0,0,0,0,0,10,10,37,3466,3389,290,0,9,46,1.0,2900,0,23177,27,411,2900,30624
2025-07-10,argo,com.grab.sample.dummy,DummyClass46,method8,1,2,0.0,0,0.0,0,0,1,0,5,0,1,0,0.0,0,0,0,5,0.0,0,2.4,0,0,0.0,0,0.0,0.9,68,57,0.1,10,0,0,0,0,1,9,0,0,0,0,0,0,0,0,0,10,0.19999999999999996,10,1.0,10,0,0,0,10,0,0,10,0,1,0,0,0,0,0,10,10,37,3466,3389,290,0,9,46,1.0,2900,0,23177,27,411,2900,30624
2025-07-10,argo,com.grab.sample.dummy,DummyClass46,method9,1,2,0.0,0,0.0,0,0,1,0,5,0,1,0,0.0,0,0,0,5,0.0,0,2.4,0,0,0.0,0,0.0,0.9,68,57,0.1,10,0,0,0,0,1,9,0,0,0,0,0,0,0,0,0,10,0.19999999999999996,10,1.0,10,0,0,0,10,0,0,10,0,1,0,0,0,0,0,10,10,37,3466,3389,290,0,9,46,1.0,2900,0,23177,27,411,2900,30624
2025-07-10,argo,com.grab.sample.dummy,DummyClass46,method10,1,2,0.0,0,0.0,0,0,1,0,5,0,1,0,0.0,0,0,0,5,0.0,0,2.4,0,0,0.0,0,0.0,0.9,68,57,0.1,10,0,0,0,0,1,9,0,0,0,0,0,0,0,0,0,10,0.19999999999999996,10,1.0,10,0,0,0,10,0,0,10,0,1,0,0,0,0,0,10,10,37,3466,3389,290,0,9,46,1.0,2900,0,23177,27,411,2900,30624
2025-07-10,argo,com.grab.sample.dummy,DummyClass47,method1,1,0,9.0,0,0.0,0,0,1,0,12,0,1,10,0.0,10,0,9,1,0.0,1,2.0,0,9,0.0,0,0.0,0.9,68,57,0.1,10,0,0,0,0,1,9,0,0,0,0,0,0,0,0,0,10,0.19999999999999996,10,1.0,10,0,0,0,10,0,0,10,0,1,0,0,0,0,0,10,10,37,3466,3389,290,0,9,46,1.0,2900,0,23177,27,411,2900,30624
2025-07-10,argo,com.grab.sample.dummy,DummyClass47,method2,1,2,0.0,0,0.0,0,0,1,0,5,0,1,0,0.0,0,0,0,5,0.0,0,2.4,0,0,0.0,0,0.0,0.9,68,57,0.1,10,0,0,0,0,1,9,0,0,0,0,0,0,0,0,0,10,0.19999999999999996,10,1.0,10,0,0,0,10,0,0,10,0,1,0,0,0,0,0,10,10,37,3466,3389,290,0,9,46,1.0,2900,0,23177,27,411,2900,30624
2025-07-10,argo,com.grab.sample.dummy,DummyClass47,method3,1,2,0.0,0,0.0,0,0,1,0,5,0,1,0,0.0,0,0,0,5,0.0,0,2.4,0,0,0.0,0,0.0,0.9,68,57,0.1,10,0,0,0,0,1,9,0,0,0,0,0,0,0,0,0,10,0.19999999999999996,10,1.0,10,0,0,0,10,0,0,10,0,1,0,0,0,0,0,10,10,37,3466,3389,290,0,9,46,1.0,2900,0,23177,27,411,2900,30624
2025-07-10,argo,com.grab.sample.dummy,DummyClass47,method4,1,2,0.0,0,0.0,0,0,1,0,5,0,1,0,0.0,0,0,0,5,0.0,0,2.4,0,0,0.0,0,0.0,0.9,68,57,0.1,10,0,0,0,0,1,9,0,0,0,0,0,0,0,0,0,10,0.19999999999999996,10,1.0,10,0,0,0,10,0,0,10,0,1,0,0,0,0,0,10,10,37,3466,3389,290,0,9,46,1.0,2900,0,23177,27,411,2900,30624
2025-07-10,argo,com.grab.sample.dummy,DummyClass47,method5,1,2,0.0,0,0.0,0,0,1,0,5,0,1,0,0.0,0,0,0,5,0.0,0,2.4,0,0,0.0,0,0.0,0.9,68,57,0.1,10,0,0,0,0,1,9,0,0,0,0,0,0,0,0,0,10,0.19999999999999996,10,1.0,10,0,0,0,10,0,0,10,0,1,0,0,0,0,0,10,10,37,3466,3389,290,0,9,46,1.0,2900,0,23177,27,411,2900,30624
2025-07-10,argo,com.grab.sample.dummy,DummyClass47,method6,1,2,0.0,0,0.0,0,0,1,0,5,0,1,0,0.0,0,0,0,5,0.0,0,2.4,0,0,0.0,0,0.0,0.9,68,57,0.1,10,0,0,0,0,1,9,0,0,0,0,0,0,0,0,0,10,0.19999999999999996,10,1.0,10,0,0,0,10,0,0,10,0,1,0,0,0,0,0,10,10,37,3466,3389,290,0,9,46,1.0,2900,0,23177,27,411,2900,30624
2025-07-10,argo,com.grab.sample.dummy,DummyClass47,method7,1,2,0.0,0,0.0,0,0,1,0,5,0,1,0,0.0,0,0,0,5,0.0,0,2.4,0,0,0.0,0,0.0,0.9,68,57,0.1,10,0,0,0,0,1,9,0,0,0,0,0,0,0,0,0,10,0.19999999999999996,10,1.0,10,0,0,0,10,0,0,10,0,1,0,0,0,0,0,10,10,37,3466,3389,290,0,9,46,1.0,2900,0,23177,27,411,2900,30624
2025-07-10,argo,com.grab.sample.dummy,DummyClass47,method8,1,2,0.0,0,0.0,0,0,1,0,5,0,1,0,0.0,0,0,0,5,0.0,0,2.4,0,0,0.0,0,0.0,0.9,68,57,0.1,10,0,0,0,0,1,9,0,0,0,0,0,0,0,0,0,10,0.19999999999999996,10,1.0,10,0,0,0,10,0,0,10,0,1,0,0,0,0,0,10,10,37,3466,3389,290,0,9,46,1.0,2900,0,23177,27,411,2900,30624
2025-07-10,argo,com.grab.sample.dummy,DummyClass47,method9,1,2,0.0,0,0.0,0,0,1,0,5,0,1,0,0.0,0,0,0,5,0.0,0,2.4,0,0,0.0,0,0.0,0.9,68,57,0.1,10,0,0,0,0,1,9,0,0,0,0,0,0,0,0,0,10,0.19999999999999996,10,1.0,10,0,0,0,10,0,0,10,0,1,0,0,0,0,0,10,10,37,3466,3389,290,0,9,46,1.0,2900,0,23177,27,411,2900,30624
2025-07-10,argo,com.grab.sample.dummy,DummyClass47,method10,1,2,0.0,0,0.0,0,0,1,0,5,0,1,0,0.0,0,0,0,5,0.0,0,2.4,0,0,0.0,0,0.0,0.9,68,57,0.1,10,0,0,0,0,1,9,0,0,0,0,0,0,0,0,0,10,0.19999999999999996,10,1.0,10,0,0,0,10,0,0,10,0,1,0,0,0,0,0,10,10,37,3466,3389,290,0,9,46,1.0,2900,0,23177,27,411,2900,30624
2025-07-10,argo,com.grab.sample.dummy,DummyClass48,method1,1,0,9.0,0,0.0,0,0,1,0,12,0,1,10,0.0,10,0,9,1,0.0,1,2.0,0,9,0.0,0,0.0,0.9,68,57,0.1,10,0,0,0,0,1,9,0,0,0,0,0,0,0,0,0,10,0.19999999999999996,10,1.0,10,0,0,0,10,0,0,10,0,1,0,0,0,0,0,10,10,37,3466,3389,290,0,9,46,1.0,2900,0,23177,27,411,2900,30624
2025-07-10,argo,com.grab.sample.dummy,DummyClass48,method2,1,2,0.0,0,0.0,0,0,1,0,5,0,1,0,0.0,0,0,0,5,0.0,0,2.4,0,0,0.0,0,0.0,0.9,68,57,0.1,10,0,0,0,0,1,9,0,0,0,0,0,0,0,0,0,10,0.19999999999999996,10,1.0,10,0,0,0,10,0,0,10,0,1,0,0,0,0,0,10,10,37,3466,3389,290,0,9,46,1.0,2900,0,23177,27,411,2900,30624
2025-07-10,argo,com.grab.sample.dummy,DummyClass48,method3,1,2,0.0,0,0.0,0,0,1,0,5,0,1,0,0.0,0,0,0,5,0.0,0,2.4,0,0,0.0,0,0.0,0.9,68,57,0.1,10,0,0,0,0,1,9,0,0,0,0,0,0,0,0,0,10,0.19999999999999996,10,1.0,10,0,0,0,10,0,0,10,0,1,0,0,0,0,0,10,10,37,3466,3389,290,0,9,46,1.0,2900,0,23177,27,411,2900,30624
2025-07-10,argo,com.grab.sample.dummy,DummyClass48,method4,1,2,0.0,0,0.0,0,0,1,0,5,0,1,0,0.0,0,0,0,5,0.0,0,2.4,0,0,0.0,0,0.0,0.9,68,57,0.1,10,0,0,0,0,1,9,0,0,0,0,0,0,0,0,0,10,0.19999999999999996,10,1.0,10,0,0,0,10,0,0,10,0,1,0,0,0,0,0,10,10,37,3466,3389,290,0,9,46,1.0,2900,0,23177,27,411,2900,30624
2025-07-10,argo,com.grab.sample.dummy,DummyClass48,method5,1,2,0.0,0,0.0,0,0,1,0,5,0,1,0,0.0,0,0,0,5,0.0,0,2.4,0,0,0.0,0,0.0,0.9,68,57,0.1,10,0,0,0,0,1,9,0,0,0,0,0,0,0,0,0,10,0.19999999999999996,10,1.0,10,0,0,0,10,0,0,10,0,1,0,0,0,0,0,10,10,37,3466,3389,290,0,9,46,1.0,2900,0,23177,27,411,2900,30624
2025-07-10,argo,com.grab.sample.dummy,DummyClass48,method6,1,2,0.0,0,0.0,0,0,1,0,5,0,1,0,0.0,0,0,0,5,0.0,0,2.4,0,0,0.0,0,0.0,0.9,68,57,0.1,10,0,0,0,0,1,9,0,0,0,0,0,0,0,0,0,10,0.19999999999999996,10,1.0,10,0,0,0,10,0,0,10,0,1,0,0,0,0,0,10,10,37,3466,3389,290,0,9,46,1.0,2900,0,23177,27,411,2900,30624
2025-07-10,argo,com.grab.sample.dummy,DummyClass48,method7,1,2,0.0,0,0.0,0,0,1,0,5,0,1,0,0.0,0,0,0,5,0.0,0,2.4,0,0,0.0,0,0.0,0.9,68,57,0.1,10,0,0,0,0,1,9,0,0,0,0,0,0,0,0,0,10,0.19999999999999996,10,1.0,10,0,0,0,10,0,0,10,0,1,0,0,0,0,0,10,10,37,3466,3389,290,0,9,46,1.0,2900,0,23177,27,411,2900,30624
2025-07-10,argo,com.grab.sample.dummy,DummyClass48,method8,1,2,0.0,0,0.0,0,0,1,0,5,0,1,0,0.0,0,0,0,5,0.0,0,2.4,0,0,0.0,0,0.0,0.9,68,57,0.1,10,0,0,0,0,1,9,0,0,0,0,0,0,0,0,0,10,0.19999999999999996,10,1.0,10,0,0,0,10,0,0,10,0,1,0,0,0,0,0,10,10,37,3466,3389,290,0,9,46,1.0,2900,0,23177,27,411,2900,30624
2025-07-10,argo,com.grab.sample.dummy,DummyClass48,method9,1,2,0.0,0,0.0,0,0,1,0,5,0,1,0,0.0,0,0,0,5,0.0,0,2.4,0,0,0.0,0,0.0,0.9,68,57,0.1,10,0,0,0,0,1,9,0,0,0,0,0,0,0,0,0,10,0.19999999999999996,10,1.0,10,0,0,0,10,0,0,10,0,1,0,0,0,0,0,10,10,37,3466,3389,290,0,9,46,1.0,2900,0,23177,27,411,2900,30624
2025-07-10,argo,com.grab.sample.dummy,DummyClass48,method10,1,2,0.0,0,0.0,0,0,1,0,5,0,1,0,0.0,0,0,0,5,0.0,0,2.4,0,0,0.0,0,0.0,0.9,68,57,0.1,10,0,0,0,0,1,9,0,0,0,0,0,0,0,0,0,10,0.19999999999999996,10,1.0,10,0,0,0,10,0,0,10,0,1,0,0,0,0,0,10,10,37,3466,3389,290,0,9,46,1.0,2900,0,23177,27,411,2900,30624
2025-07-10,argo,com.grab.sample.dummy,DummyClass49,method1,1,0,9.0,0,0.0,0,0,1,0,12,0,1,10,0.0,10,0,9,1,0.0,1,2.0,0,9,0.0,0,0.0,0.9,68,57,0.1,10,0,0,0,0,1,9,0,0,0,0,0,0,0,0,0,10,0.19999999999999996,10,1.0,10,0,0,0,10,0,0,10,0,1,0,0,0,0,0,10,10,37,3466,3389,290,0,9,46,1.0,2900,0,23177,27,411,2900,30624
2025-07-10,argo,com.grab.sample.dummy,DummyClass49,method2,1,2,0.0,0,0.0,0,0,1,0,5,0,1,0,0.0,0,0,0,5,0.0,0,2.4,0,0,0.0,0,0.0,0.9,68,57,0.1,10,0,0,0,0,1,9,0,0,0,0,0,0,0,0,0,10,0.19999999999999996,10,1.0,10,0,0,0,10,0,0,10,0,1,0,0,0,0,0,10,10,37,3466,3389,290,0,9,46,1.0,2900,0,23177,27,411,2900,30624
2025-07-10,argo,com.grab.sample.dummy,DummyClass49,method3,1,2,0.0,0,0.0,0,0,1,0,5,0,1,0,0.0,0,0,0,5,0.0,0,2.4,0,0,0.0,0,0.0,0.9,68,57,0.1,10,0,0,0,0,1,9,0,0,0,0,0,0,0,0,0,10,0.19999999999999996,10,1.0,10,0,0,0,10,0,0,10,0,1,0,0,0,0,0,10,10,37,3466,3389,290,0,9,46,1.0,2900,0,23177,27,411,2900,30624
2025-07-10,argo,com.grab.sample.dummy,DummyClass49,method4,1,2,0.0,0,0.0,0,0,1,0,5,0,1,0,0.0,0,0,0,5,0.0,0,2.4,0,0,0.0,0,0.0,0.9,68,57,0.1,10,0,0,0,0,1,9,0,0,0,0,0,0,0,0,0,10,0.19999999999999996,10,1.0,10,0,0,0,10,0,0,10,0,1,0,0,0,0,0,10,10,37,3466,3389,290,0,9,46,1.0,2900,0,23177,27,411,2900,30624
2025-07-10,argo,com.grab.sample.dummy,DummyClass49,method5,1,2,0.0,0,0.0,0,0,1,0,5,0,1,0,0.0,0,0,0,5,0.0,0,2.4,0,0,0.0,0,0.0,0.9,68,57,0.1,10,0,0,0,0,1,9,0,0,0,0,0,0,0,0,0,10,0.19999999999999996,10,1.0,10,0,0,0,10,0,0,10,0,1,0,0,0,0,0,10,10,37,3466,3389,290,0,9,46,1.0,2900,0,23177,27,411,2900,30624
2025-07-10,argo,com.grab.sample.dummy,DummyClass49,method6,1,2,0.0,0,0.0,0,0,1,0,5,0,1,0,0.0,0,0,0,5,0.0,0,2.4,0,0,0.0,0,0.0,0.9,68,57,0.1,10,0,0,0,0,1,9,0,0,0,0,0,0,0,0,0,10,0.19999999999999996,10,1.0,10,0,0,0,10,0,0,10,0,1,0,0,0,0,0,10,10,37,3466,3389,290,0,9,46,1.0,2900,0,23177,27,411,2900,30624
2025-07-10,argo,com.grab.sample.dummy,DummyClass49,method7,1,2,0.0,0,0.0,0,0,1,0,5,0,1,0,0.0,0,0,0,5,0.0,0,2.4,0,0,0.0,0,0.0,0.9,68,57,0.1,10,0,0,0,0,1,9,0,0,0,0,0,0,0,0,0,10,0.19999999999999996,10,1.0,10,0,0,0,10,0,0,10,0,1,0,0,0,0,0,10,10,37,3466,3389,290,0,9,46,1.0,2900,0,23177,27,411,2900,30624
2025-07-10,argo,com.grab.sample.dummy,DummyClass49,method8,1,2,0.0,0,0.0,0,0,1,0,5,0,1,0,0.0,0,0,0,5,0.0,0,2.4,0,0,0.0,0,0.0,0.9,68,57,0.1,10,0,0,0,0,1,9,0,0,0,0,0,0,0,0,0,10,0.19999999999999996,10,1.0,10,0,0,0,10,0,0,10,0,1,0,0,0,0,0,10,10,37,3466,3389,290,0,9,46,1.0,2900,0,23177,27,411,2900,30624
2025-07-10,argo,com.grab.sample.dummy,DummyClass49,method9,1,2,0.0,0,0.0,0,0,1,0,5,0,1,0,0.0,0,0,0,5,0.0,0,2.4,0,0,0.0,0,0.0,0.9,68,57,0.1,10,0,0,0,0,1,9,0,0,0,0,0,0,0,0,0,10,0.19999999999999996,10,1.0,10,0,0,0,10,0,0,10,0,1,0,0,0,0,0,10,10,37,3466,3389,290,0,9,46,1.0,2900,0,23177,27,411,2900,30624
2025-07-10,argo,com.grab.sample.dummy,DummyClass49,method10,1,2,0.0,0,0.0,0,0,1,0,5,0,1,0,0.0,0,0,0,5,0.0,0,2.4,0,0,0.0,0,0.0,0.9,68,57,0.1,10,0,0,0,0,1,9,0,0,0,0,0,0,0,0,0,10,0.19999999999999996,10,1.0,10,0,0,0,10,0,0,10,0,1,0,0,0,0,0,10,10,37,3466,3389,290,0,9,46,1.0,2900,0,23177,27,411,2900,30624
2025-07-10,argo,com.grab.sample.dummy,DummyClass5,method1,1,0,9.0,0,0.0,0,0,1,0,12,0,1,10,0.0,10,0,9,1,0.0,1,2.0,0,9,0.0,0,0.0,0.9,68,57,0.1,10,0,0,0,0,1,9,0,0,0,0,0,0,0,0,0,10,0.19999999999999996,10,1.0,10,0,0,0,10,0,0,10,0,1,0,0,0,0,0,10,10,37,3466,3389,290,0,9,46,1.0,2900,0,23177,27,411,2900,30624
2025-07-10,argo,com.grab.sample.dummy,DummyClass5,method2,1,2,0.0,0,0.0,0,0,1,0,5,0,1,0,0.0,0,0,0,5,0.0,0,2.4,0,0,0.0,0,0.0,0.9,68,57,0.1,10,0,0,0,0,1,9,0,0,0,0,0,0,0,0,0,10,0.19999999999999996,10,1.0,10,0,0,0,10,0,0,10,0,1,0,0,0,0,0,10,10,37,3466,3389,290,0,9,46,1.0,2900,0,23177,27,411,2900,30624
2025-07-10,argo,com.grab.sample.dummy,DummyClass5,method3,1,2,0.0,0,0.0,0,0,1,0,5,0,1,0,0.0,0,0,0,5,0.0,0,2.4,0,0,0.0,0,0.0,0.9,68,57,0.1,10,0,0,0,0,1,9,0,0,0,0,0,0,0,0,0,10,0.19999999999999996,10,1.0,10,0,0,0,10,0,0,10,0,1,0,0,0,0,0,10,10,37,3466,3389,290,0,9,46,1.0,2900,0,23177,27,411,2900,30624
2025-07-10,argo,com.grab.sample.dummy,DummyClass5,method4,1,2,0.0,0,0.0,0,0,1,0,5,0,1,0,0.0,0,0,0,5,0.0,0,2.4,0,0,0.0,0,0.0,0.9,68,57,0.1,10,0,0,0,0,1,9,0,0,0,0,0,0,0,0,0,10,0.19999999999999996,10,1.0,10,0,0,0,10,0,0,10,0,1,0,0,0,0,0,10,10,37,3466,3389,290,0,9,46,1.0,2900,0,23177,27,411,2900,30624
2025-07-10,argo,com.grab.sample.dummy,DummyClass5,method5,1,2,0.0,0,0.0,0,0,1,0,5,0,1,0,0.0,0,0,0,5,0.0,0,2.4,0,0,0.0,0,0.0,0.9,68,57,0.1,10,0,0,0,0,1,9,0,0,0,0,0,0,0,0,0,10,0.19999999999999996,10,1.0,10,0,0,0,10,0,0,10,0,1,0,0,0,0,0,10,10,37,3466,3389,290,0,9,46,1.0,2900,0,23177,27,411,2900,30624
2025-07-10,argo,com.grab.sample.dummy,DummyClass5,method6,1,2,0.0,0,0.0,0,0,1,0,5,0,1,0,0.0,0,0,0,5,0.0,0,2.4,0,0,0.0,0,0.0,0.9,68,57,0.1,10,0,0,0,0,1,9,0,0,0,0,0,0,0,0,0,10,0.19999999999999996,10,1.0,10,0,0,0,10,0,0,10,0,1,0,0,0,0,0,10,10,37,3466,3389,290,0,9,46,1.0,2900,0,23177,27,411,2900,30624
2025-07-10,argo,com.grab.sample.dummy,DummyClass5,method7,1,2,0.0,0,0.0,0,0,1,0,5,0,1,0,0.0,0,0,0,5,0.0,0,2.4,0,0,0.0,0,0.0,0.9,68,57,0.1,10,0,0,0,0,1,9,0,0,0,0,0,0,0,0,0,10,0.19999999999999996,10,1.0,10,0,0,0,10,0,0,10,0,1,0,0,0,0,0,10,10,37,3466,3389,290,0,9,46,1.0,2900,0,23177,27,411,2900,30624
2025-07-10,argo,com.grab.sample.dummy,DummyClass5,method8,1,2,0.0,0,0.0,0,0,1,0,5,0,1,0,0.0,0,0,0,5,0.0,0,2.4,0,0,0.0,0,0.0,0.9,68,57,0.1,10,0,0,0,0,1,9,0,0,0,0,0,0,0,0,0,10,0.19999999999999996,10,1.0,10,0,0,0,10,0,0,10,0,1,0,0,0,0,0,10,10,37,3466,3389,290,0,9,46,1.0,2900,0,23177,27,411,2900,30624
2025-07-10,argo,com.grab.sample.dummy,DummyClass5,method9,1,2,0.0,0,0.0,0,0,1,0,5,0,1,0,0.0,0,0,0,5,0.0,0,2.4,0,0,0.0,0,0.0,0.9,68,57,0.1,10,0,0,0,0,1,9,0,0,0,0,0,0,0,0,0,10,0.19999999999999996,10,1.0,10,0,0,0,10,0,0,10,0,1,0,0,0,0,0,10,10,37,3466,3389,290,0,9,46,1.0,2900,0,23177,27,411,2900,30624
2025-07-10,argo,com.grab.sample.dummy,DummyClass5,method10,1,2,0.0,0,0.0,0,0,1,0,5,0,1,0,0.0,0,0,0,5,0.0,0,2.4,0,0,0.0,0,0.0,0.9,68,57,0.1,10,0,0,0,0,1,9,0,0,0,0,0,0,0,0,0,10,0.19999999999999996,10,1.0,10,0,0,0,10,0,0,10,0,1,0,0,0,0,0,10,10,37,3466,3389,290,0,9,46,1.0,2900,0,23177,27,411,2900,30624
2025-07-10,argo,com.grab.sample.dummy,DummyClass50,method1,1,0,9.0,0,0.0,0,0,1,0,12,0,1,10,0.0,9,0,9,0,0.0,0,0.0,0,9,0.0,0,0.0,0.9,68,57,0.1,10,0,0,0,0,1,9,0,0,0,0,0,0,0,0,0,10,0.19999999999999996,10,1.0,10,0,0,0,10,0,0,10,0,1,0,0,0,0,0,10,10,37,3466,3389,290,0,9,45,1.0,2900,0,23177,27,411,2900,30624
2025-07-10,argo,com.grab.sample.dummy,DummyClass50,method2,1,2,0.0,0,0.0,0,0,1,0,5,0,1,0,0.0,0,0,0,5,0.0,0,2.4,0,0,0.0,0,0.0,0.9,68,57,0.1,10,0,0,0,0,1,9,0,0,0,0,0,0,0,0,0,10,0.19999999999999996,10,1.0,10,0,0,0,10,0,0,10,0,1,0,0,0,0,0,10,10,37,3466,3389,290,0,9,45,1.0,2900,0,23177,27,411,2900,30624
2025-07-10,argo,com.grab.sample.dummy,DummyClass50,method3,1,2,0.0,0,0.0,0,0,1,0,5,0,1,0,0.0,0,0,0,5,0.0,0,2.4,0,0,0.0,0,0.0,0.9,68,57,0.1,10,0,0,0,0,1,9,0,0,0,0,0,0,0,0,0,10,0.19999999999999996,10,1.0,10,0,0,0,10,0,0,10,0,1,0,0,0,0,0,10,10,37,3466,3389,290,0,9,45,1.0,2900,0,23177,27,411,2900,30624
2025-07-10,argo,com.grab.sample.dummy,DummyClass50,method4,1,2,0.0,0,0.0,0,0,1,0,5,0,1,0,0.0,0,0,0,5,0.0,0,2.4,0,0,0.0,0,0.0,0.9,68,57,0.1,10,0,0,0,0,1,9,0,0,0,0,0,0,0,0,0,10,0.19999999999999996,10,1.0,10,0,0,0,10,0,0,10,0,1,0,0,0,0,0,10,10,37,3466,3389,290,0,9,45,1.0,2900,0,23177,27,411,2900,30624
2025-07-10,argo,com.grab.sample.dummy,DummyClass50,method5,1,2,0.0,0,0.0,0,0,1,0,5,0,1,0,0.0,0,0,0,5,0.0,0,2.4,0,0,0.0,0,0.0,0.9,68,57,0.1,10,0,0,0,0,1,9,0,0,0,0,0,0,0,0,0,10,0.19999999999999996,10,1.0,10,0,0,0,10,0,0,10,0,1,0,0,0,0,0,10,10,37,3466,3389,290,0,9,45,1.0,2900,0,23177,27,411,2900,30624
2025-07-10,argo,com.grab.sample.dummy,DummyClass50,method6,1,2,0.0,0,0.0,0,0,1,0,5,0,1,0,0.0,0,0,0,5,0.0,0,2.4,0,0,0.0,0,0.0,0.9,68,57,0.1,10,0,0,0,0,1,9,0,0,0,0,0,0,0,0,0,10,0.19999999999999996,10,1.0,10,0,0,0,10,0,0,10,0,1,0,0,0,0,0,10,10,37,3466,3389,290,0,9,45,1.0,2900,0,23177,27,411,2900,30624
2025-07-10,argo,com.grab.sample.dummy,DummyClass50,method7,1,2,0.0,0,0.0,0,0,1,0,5,0,1,0,0.0,0,0,0,5,0.0,0,2.4,0,0,0.0,0,0.0,0.9,68,57,0.1,10,0,0,0,0,1,9,0,0,0,0,0,0,0,0,0,10,0.19999999999999996,10,1.0,10,0,0,0,10,0,0,10,0,1,0,0,0,0,0,10,10,37,3466,3389,290,0,9,45,1.0,2900,0,23177,27,411,2900,30624
2025-07-10,argo,com.grab.sample.dummy,DummyClass50,method8,1,2,0.0,0,0.0,0,0,1,0,5,0,1,0,0.0,0,0,0,5,0.0,0,2.4,0,0,0.0,0,0.0,0.9,68,57,0.1,10,0,0,0,0,1,9,0,0,0,0,0,0,0,0,0,10,0.19999999999999996,10,1.0,10,0,0,0,10,0,0,10,0,1,0,0,0,0,0,10,10,37,3466,3389,290,0,9,45,1.0,2900,0,23177,27,411,2900,30624
2025-07-10,argo,com.grab.sample.dummy,DummyClass50,method9,1,2,0.0,0,0.0,0,0,1,0,5,0,1,0,0.0,0,0,0,5,0.0,0,2.4,0,0,0.0,0,0.0,0.9,68,57,0.1,10,0,0,0,0,1,9,0,0,0,0,0,0,0,0,0,10,0.19999999999999996,10,1.0,10,0,0,0,10,0,0,10,0,1,0,0,0,0,0,10,10,37,3466,3389,290,0,9,45,1.0,2900,0,23177,27,411,2900,30624
2025-07-10,argo,com.grab.sample.dummy,DummyClass50,method10,1,2,0.0,0,0.0,0,0,1,0,5,0,1,0,0.0,0,0,0,5,0.0,0,2.4,0,0,0.0,0,0.0,0.9,68,57,0.1,10,0,0,0,0,1,9,0,0,0,0,0,0,0,0,0,10,0.19999999999999996,10,1.0,10,0,0,0,10,0,0,10,0,1,0,0,0,0,0,10,10,37,3466,3389,290,0,9,45,1.0,2900,0,23177,27,411,2900,30624
2025-07-10,argo,com.grab.sample.dummy,DummyClass6,method1,1,0,9.0,0,0.0,0,0,1,0,12,0,1,10,0.0,10,0,9,1,0.0,1,2.0,0,9,0.0,0,0.0,0.9,68,57,0.1,10,0,0,0,0,1,9,0,0,0,0,0,0,0,0,0,10,0.19999999999999996,10,1.0,10,0,0,0,10,0,0,10,0,1,0,0,0,0,0,10,10,37,3466,3389,290,0,9,46,1.0,2900,0,23177,27,411,2900,30624
2025-07-10,argo,com.grab.sample.dummy,DummyClass6,method2,1,2,0.0,0,0.0,0,0,1,0,5,0,1,0,0.0,0,0,0,5,0.0,0,2.4,0,0,0.0,0,0.0,0.9,68,57,0.1,10,0,0,0,0,1,9,0,0,0,0,0,0,0,0,0,10,0.19999999999999996,10,1.0,10,0,0,0,10,0,0,10,0,1,0,0,0,0,0,10,10,37,3466,3389,290,0,9,46,1.0,2900,0,23177,27,411,2900,30624
2025-07-10,argo,com.grab.sample.dummy,DummyClass6,method3,1,2,0.0,0,0.0,0,0,1,0,5,0,1,0,0.0,0,0,0,5,0.0,0,2.4,0,0,0.0,0,0.0,0.9,68,57,0.1,10,0,0,0,0,1,9,0,0,0,0,0,0,0,0,0,10,0.19999999999999996,10,1.0,10,0,0,0,10,0,0,10,0,1,0,0,0,0,0,10,10,37,3466,3389,290,0,9,46,1.0,2900,0,23177,27,411,2900,30624
2025-07-10,argo,com.grab.sample.dummy,DummyClass6,method4,1,2,0.0,0,0.0,0,0,1,0,5,0,1,0,0.0,0,0,0,5,0.0,0,2.4,0,0,0.0,0,0.0,0.9,68,57,0.1,10,0,0,0,0,1,9,0,0,0,0,0,0,0,0,0,10,0.19999999999999996,10,1.0,10,0,0,0,10,0,0,10,0,1,0,0,0,0,0,10,10,37,3466,3389,290,0,9,46,1.0,2900,0,23177,27,411,2900,30624
2025-07-10,argo,com.grab.sample.dummy,DummyClass6,method5,1,2,0.0,0,0.0,0,0,1,0,5,0,1,0,0.0,0,0,0,5,0.0,0,2.4,0,0,0.0,0,0.0,0.9,68,57,0.1,10,0,0,0,0,1,9,0,0,0,0,0,0,0,0,0,10,0.19999999999999996,10,1.0,10,0,0,0,10,0,0,10,0,1,0,0,0,0,0,10,10,37,3466,3389,290,0,9,46,1.0,2900,0,23177,27,411,2900,30624
2025-07-10,argo,com.grab.sample.dummy,DummyClass6,method6,1,2,0.0,0,0.0,0,0,1,0,5,0,1,0,0.0,0,0,0,5,0.0,0,2.4,0,0,0.0,0,0.0,0.9,68,57,0.1,10,0,0,0,0,1,9,0,0,0,0,0,0,0,0,0,10,0.19999999999999996,10,1.0,10,0,0,0,10,0,0,10,0,1,0,0,0,0,0,10,10,37,3466,3389,290,0,9,46,1.0,2900,0,23177,27,411,2900,30624
2025-07-10,argo,com.grab.sample.dummy,DummyClass6,method7,1,2,0.0,0,0.0,0,0,1,0,5,0,1,0,0.0,0,0,0,5,0.0,0,2.4,0,0,0.0,0,0.0,0.9,68,57,0.1,10,0,0,0,0,1,9,0,0,0,0,0,0,0,0,0,10,0.19999999999999996,10,1.0,10,0,0,0,10,0,0,10,0,1,0,0,0,0,0,10,10,37,3466,3389,290,0,9,46,1.0,2900,0,23177,27,411,2900,30624
2025-07-10,argo,com.grab.sample.dummy,DummyClass6,method8,1,2,0.0,0,0.0,0,0,1,0,5,0,1,0,0.0,0,0,0,5,0.0,0,2.4,0,0,0.0,0,0.0,0.9,68,57,0.1,10,0,0,0,0,1,9,0,0,0,0,0,0,0,0,0,10,0.19999999999999996,10,1.0,10,0,0,0,10,0,0,10,0,1,0,0,0,0,0,10,10,37,3466,3389,290,0,9,46,1.0,2900,0,23177,27,411,2900,30624
2025-07-10,argo,com.grab.sample.dummy,DummyClass6,method9,1,2,0.0,0,0.0,0,0,1,0,5,0,1,0,0.0,0,0,0,5,0.0,0,2.4,0,0,0.0,0,0.0,0.9,68,57,0.1,10,0,0,0,0,1,9,0,0,0,0,0,0,0,0,0,10,0.19999999999999996,10,1.0,10,0,0,0,10,0,0,10,0,1,0,0,0,0,0,10,10,37,3466,3389,290,0,9,46,1.0,2900,0,23177,27,411,2900,30624
2025-07-10,argo,com.grab.sample.dummy,DummyClass6,method10,1,2,0.0,0,0.0,0,0,1,0,5,0,1,0,0.0,0,0,0,5,0.0,0,2.4,0,0,0.0,0,0.0,0.9,68,57,0.1,10,0,0,0,0,1,9,0,0,0,0,0,0,0,0,0,10,0.19999999999999996,10,1.0,10,0,0,0,10,0,0,10,0,1,0,0,0,0,0,10,10,37,3466,3389,290,0,9,46,1.0,2900,0,23177,27,411,2900,30624
2025-07-10,argo,com.grab.sample.dummy,DummyClass7,method1,1,0,9.0,0,0.0,0,0,1,0,12,0,1,10,0.0,10,0,9,1,0.0,1,2.0,0,9,0.0,0,0.0,0.9,68,57,0.1,10,0,0,0,0,1,9,0,0,0,0,0,0,0,0,0,10,0.19999999999999996,10,1.0,10,0,0,0,10,0,0,10,0,1,0,0,0,0,0,10,10,37,3466,3389,290,0,9,46,1.0,2900,0,23177,27,411,2900,30624
2025-07-10,argo,com.grab.sample.dummy,DummyClass7,method2,1,2,0.0,0,0.0,0,0,1,0,5,0,1,0,0.0,0,0,0,5,0.0,0,2.4,0,0,0.0,0,0.0,0.9,68,57,0.1,10,0,0,0,0,1,9,0,0,0,0,0,0,0,0,0,10,0.19999999999999996,10,1.0,10,0,0,0,10,0,0,10,0,1,0,0,0,0,0,10,10,37,3466,3389,290,0,9,46,1.0,2900,0,23177,27,411,2900,30624
2025-07-10,argo,com.grab.sample.dummy,DummyClass7,method3,1,2,0.0,0,0.0,0,0,1,0,5,0,1,0,0.0,0,0,0,5,0.0,0,2.4,0,0,0.0,0,0.0,0.9,68,57,0.1,10,0,0,0,0,1,9,0,0,0,0,0,0,0,0,0,10,0.19999999999999996,10,1.0,10,0,0,0,10,0,0,10,0,1,0,0,0,0,0,10,10,37,3466,3389,290,0,9,46,1.0,2900,0,23177,27,411,2900,30624
2025-07-10,argo,com.grab.sample.dummy,DummyClass7,method4,1,2,0.0,0,0.0,0,0,1,0,5,0,1,0,0.0,0,0,0,5,0.0,0,2.4,0,0,0.0,0,0.0,0.9,68,57,0.1,10,0,0,0,0,1,9,0,0,0,0,0,0,0,0,0,10,0.19999999999999996,10,1.0,10,0,0,0,10,0,0,10,0,1,0,0,0,0,0,10,10,37,3466,3389,290,0,9,46,1.0,2900,0,23177,27,411,2900,30624
2025-07-10,argo,com.grab.sample.dummy,DummyClass7,method5,1,2,0.0,0,0.0,0,0,1,0,5,0,1,0,0.0,0,0,0,5,0.0,0,2.4,0,0,0.0,0,0.0,0.9,68,57,0.1,10,0,0,0,0,1,9,0,0,0,0,0,0,0,0,0,10,0.19999999999999996,10,1.0,10,0,0,0,10,0,0,10,0,1,0,0,0,0,0,10,10,37,3466,3389,290,0,9,46,1.0,2900,0,23177,27,411,2900,30624
2025-07-10,argo,com.grab.sample.dummy,DummyClass7,method6,1,2,0.0,0,0.0,0,0,1,0,5,0,1,0,0.0,0,0,0,5,0.0,0,2.4,0,0,0.0,0,0.0,0.9,68,57,0.1,10,0,0,0,0,1,9,0,0,0,0,0,0,0,0,0,10,0.19999999999999996,10,1.0,10,0,0,0,10,0,0,10,0,1,0,0,0,0,0,10,10,37,3466,3389,290,0,9,46,1.0,2900,0,23177,27,411,2900,30624
2025-07-10,argo,com.grab.sample.dummy,DummyClass7,method7,1,2,0.0,0,0.0,0,0,1,0,5,0,1,0,0.0,0,0,0,5,0.0,0,2.4,0,0,0.0,0,0.0,0.9,68,57,0.1,10,0,0,0,0,1,9,0,0,0,0,0,0,0,0,0,10,0.19999999999999996,10,1.0,10,0,0,0,10,0,0,10,0,1,0,0,0,0,0,10,10,37,3466,3389,290,0,9,46,1.0,2900,0,23177,27,411,2900,30624
2025-07-10,argo,com.grab.sample.dummy,DummyClass7,method8,1,2,0.0,0,0.0,0,0,1,0,5,0,1,0,0.0,0,0,0,5,0.0,0,2.4,0,0,0.0,0,0.0,0.9,68,57,0.1,10,0,0,0,0,1,9,0,0,0,0,0,0,0,0,0,10,0.19999999999999996,10,1.0,10,0,0,0,10,0,0,10,0,1,0,0,0,0,0,10,10,37,3466,3389,290,0,9,46,1.0,2900,0,23177,27,411,2900,30624
2025-07-10,argo,com.grab.sample.dummy,DummyClass7,method9,1,2,0.0,0,0.0,0,0,1,0,5,0,1,0,0.0,0,0,0,5,0.0,0,2.4,0,0,0.0,0,0.0,0.9,68,57,0.1,10,0,0,0,0,1,9,0,0,0,0,0,0,0,0,0,10,0.19999999999999996,10,1.0,10,0,0,0,10,0,0,10,0,1,0,0,0,0,0,10,10,37,3466,3389,290,0,9,46,1.0,2900,0,23177,27,411,2900,30624
2025-07-10,argo,com.grab.sample.dummy,DummyClass7,method10,1,2,0.0,0,0.0,0,0,1,0,5,0,1,0,0.0,0,0,0,5,0.0,0,2.4,0,0,0.0,0,0.0,0.9,68,57,0.1,10,0,0,0,0,1,9,0,0,0,0,0,0,0,0,0,10,0.19999999999999996,10,1.0,10,0,0,0,10,0,0,10,0,1,0,0,0,0,0,10,10,37,3466,3389,290,0,9,46,1.0,2900,0,23177,27,411,2900,30624
2025-07-10,argo,com.grab.sample.dummy,DummyClass8,method1,1,0,9.0,0,0.0,0,0,1,0,12,0,1,10,0.0,10,0,9,1,0.0,1,2.0,0,9,0.0,0,0.0,0.9,68,57,0.1,10,0,0,0,0,1,9,0,0,0,0,0,0,0,0,0,10,0.19999999999999996,10,1.0,10,0,0,0,10,0,0,10,0,1,0,0,0,0,0,10,10,37,3466,3389,290,0,9,46,1.0,2900,0,23177,27,411,2900,30624
2025-07-10,argo,com.grab.sample.dummy,DummyClass8,method2,1,2,0.0,0,0.0,0,0,1,0,5,0,1,0,0.0,0,0,0,5,0.0,0,2.4,0,0,0.0,0,0.0,0.9,68,57,0.1,10,0,0,0,0,1,9,0,0,0,0,0,0,0,0,0,10,0.19999999999999996,10,1.0,10,0,0,0,10,0,0,10,0,1,0,0,0,0,0,10,10,37,3466,3389,290,0,9,46,1.0,2900,0,23177,27,411,2900,30624
2025-07-10,argo,com.grab.sample.dummy,DummyClass8,method3,1,2,0.0,0,0.0,0,0,1,0,5,0,1,0,0.0,0,0,0,5,0.0,0,2.4,0,0,0.0,0,0.0,0.9,68,57,0.1,10,0,0,0,0,1,9,0,0,0,0,0,0,0,0,0,10,0.19999999999999996,10,1.0,10,0,0,0,10,0,0,10,0,1,0,0,0,0,0,10,10,37,3466,3389,290,0,9,46,1.0,2900,0,23177,27,411,2900,30624
2025-07-10,argo,com.grab.sample.dummy,DummyClass8,method4,1,2,0.0,0,0.0,0,0,1,0,5,0,1,0,0.0,0,0,0,5,0.0,0,2.4,0,0,0.0,0,0.0,0.9,68,57,0.1,10,0,0,0,0,1,9,0,0,0,0,0,0,0,0,0,10,0.19999999999999996,10,1.0,10,0,0,0,10,0,0,10,0,1,0,0,0,0,0,10,10,37,3466,3389,290,0,9,46,1.0,2900,0,23177,27,411,2900,30624
2025-07-10,argo,com.grab.sample.dummy,DummyClass8,method5,1,2,0.0,0,0.0,0,0,1,0,5,0,1,0,0.0,0,0,0,5,0.0,0,2.4,0,0,0.0,0,0.0,0.9,68,57,0.1,10,0,0,0,0,1,9,0,0,0,0,0,0,0,0,0,10,0.19999999999999996,10,1.0,10,0,0,0,10,0,0,10,0,1,0,0,0,0,0,10,10,37,3466,3389,290,0,9,46,1.0,2900,0,23177,27,411,2900,30624
2025-07-10,argo,com.grab.sample.dummy,DummyClass8,method6,1,2,0.0,0,0.0,0,0,1,0,5,0,1,0,0.0,0,0,0,5,0.0,0,2.4,0,0,0.0,0,0.0,0.9,68,57,0.1,10,0,0,0,0,1,9,0,0,0,0,0,0,0,0,0,10,0.19999999999999996,10,1.0,10,0,0,0,10,0,0,10,0,1,0,0,0,0,0,10,10,37,3466,3389,290,0,9,46,1.0,2900,0,23177,27,411,2900,30624
2025-07-10,argo,com.grab.sample.dummy,DummyClass8,method7,1,2,0.0,0,0.0,0,0,1,0,5,0,1,0,0.0,0,0,0,5,0.0,0,2.4,0,0,0.0,0,0.0,0.9,68,57,0.1,10,0,0,0,0,1,9,0,0,0,0,0,0,0,0,0,10,0.19999999999999996,10,1.0,10,0,0,0,10,0,0,10,0,1,0,0,0,0,0,10,10,37,3466,3389,290,0,9,46,1.0,2900,0,23177,27,411,2900,30624
2025-07-10,argo,com.grab.sample.dummy,DummyClass8,method8,1,2,0.0,0,0.0,0,0,1,0,5,0,1,0,0.0,0,0,0,5,0.0,0,2.4,0,0,0.0,0,0.0,0.9,68,57,0.1,10,0,0,0,0,1,9,0,0,0,0,0,0,0,0,0,10,0.19999999999999996,10,1.0,10,0,0,0,10,0,0,10,0,1,0,0,0,0,0,10,10,37,3466,3389,290,0,9,46,1.0,2900,0,23177,27,411,2900,30624
2025-07-10,argo,com.grab.sample.dummy,DummyClass8,method9,1,2,0.0,0,0.0,0,0,1,0,5,0,1,0,0.0,0,0,0,5,0.0,0,2.4,0,0,0.0,0,0.0,0.9,68,57,0.1,10,0,0,0,0,1,9,0,0,0,0,0,0,0,0,0,10,0.19999999999999996,10,1.0,10,0,0,0,10,0,0,10,0,1,0,0,0,0,0,10,10,37,3466,3389,290,0,9,46,1.0,2900,0,23177,27,411,2900,30624
2025-07-10,argo,com.grab.sample.dummy,DummyClass8,method10,1,2,0.0,0,0.0,0,0,1,0,5,0,1,0,0.0,0,0,0,5,0.0,0,2.4,0,0,0.0,0,0.0,0.9,68,57,0.1,10,0,0,0,0,1,9,0,0,0,0,0,0,0,0,0,10,0.19999999999999996,10,1.0,10,0,0,0,10,0,0,10,0,1,0,0,0,0,0,10,10,37,3466,3389,290,0,9,46,1.0,2900,0,23177,27,411,2900,30624
2025-07-10,argo,com.grab.sample.dummy,DummyClass9,method1,1,0,9.0,0,0.0,0,0,1,0,12,0,1,10,0.0,10,0,9,1,0.0,1,2.0,0,9,0.0,0,0.0,0.9,68,57,0.1,10,0,0,0,0,1,9,0,0,0,0,0,0,0,0,0,10,0.19999999999999996,10,1.0,10,0,0,0,10,0,0,10,0,1,0,0,0,0,0,10,10,37,3466,3389,290,0,9,46,1.0,2900,0,23177,27,411,2900,30624
2025-07-10,argo,com.grab.sample.dummy,DummyClass9,method2,1,2,0.0,0,0.0,0,0,1,0,5,0,1,0,0.0,0,0,0,5,0.0,0,2.4,0,0,0.0,0,0.0,0.9,68,57,0.1,10,0,0,0,0,1,9,0,0,0,0,0,0,0,0,0,10,0.19999999999999996,10,1.0,10,0,0,0,10,0,0,10,0,1,0,0,0,0,0,10,10,37,3466,3389,290,0,9,46,1.0,2900,0,23177,27,411,2900,30624
2025-07-10,argo,com.grab.sample.dummy,DummyClass9,method3,1,2,0.0,0,0.0,0,0,1,0,5,0,1,0,0.0,0,0,0,5,0.0,0,2.4,0,0,0.0,0,0.0,0.9,68,57,0.1,10,0,0,0,0,1,9,0,0,0,0,0,0,0,0,0,10,0.19999999999999996,10,1.0,10,0,0,0,10,0,0,10,0,1,0,0,0,0,0,10,10,37,3466,3389,290,0,9,46,1.0,2900,0,23177,27,411,2900,30624
2025-07-10,argo,com.grab.sample.dummy,DummyClass9,method4,1,2,0.0,0,0.0,0,0,1,0,5,0,1,0,0.0,0,0,0,5,0.0,0,2.4,0,0,0.0,0,0.0,0.9,68,57,0.1,10,0,0,0,0,1,9,0,0,0,0,0,0,0,0,0,10,0.19999999999999996,10,1.0,10,0,0,0,10,0,0,10,0,1,0,0,0,0,0,10,10,37,3466,3389,290,0,9,46,1.0,2900,0,23177,27,411,2900,30624
2025-07-10,argo,com.grab.sample.dummy,DummyClass9,method5,1,2,0.0,0,0.0,0,0,1,0,5,0,1,0,0.0,0,0,0,5,0.0,0,2.4,0,0,0.0,0,0.0,0.9,68,57,0.1,10,0,0,0,0,1,9,0,0,0,0,0,0,0,0,0,10,0.19999999999999996,10,1.0,10,0,0,0,10,0,0,10,0,1,0,0,0,0,0,10,10,37,3466,3389,290,0,9,46,1.0,2900,0,23177,27,411,2900,30624
2025-07-10,argo,com.grab.sample.dummy,DummyClass9,method6,1,2,0.0,0,0.0,0,0,1,0,5,0,1,0,0.0,0,0,0,5,0.0,0,2.4,0,0,0.0,0,0.0,0.9,68,57,0.1,10,0,0,0,0,1,9,0,0,0,0,0,0,0,0,0,10,0.19999999999999996,10,1.0,10,0,0,0,10,0,0,10,0,1,0,0,0,0,0,10,10,37,3466,3389,290,0,9,46,1.0,2900,0,23177,27,411,2900,30624
2025-07-10,argo,com.grab.sample.dummy,DummyClass9,method7,1,2,0.0,0,0.0,0,0,1,0,5,0,1,0,0.0,0,0,0,5,0.0,0,2.4,0,0,0.0,0,0.0,0.9,68,57,0.1,10,0,0,0,0,1,9,0,0,0,0,0,0,0,0,0,10,0.19999999999999996,10,1.0,10,0,0,0,10,0,0,10,0,1,0,0,0,0,0,10,10,37,3466,3389,290,0,9,46,1.0,2900,0,23177,27,411,2900,30624
2025-07-10,argo,com.grab.sample.dummy,DummyClass9,method8,1,2,0.0,0,0.0,0,0,1,0,5,0,1,0,0.0,0,0,0,5,0.0,0,2.4,0,0,0.0,0,0.0,0.9,68,57,0.1,10,0,0,0,0,1,9,0,0,0,0,0,0,0,0,0,10,0.19999999999999996,10,1.0,10,0,0,0,10,0,0,10,0,1,0,0,0,0,0,10,10,37,3466,3389,290,0,9,46,1.0,2900,0,23177,27,411,2900,30624
2025-07-10,argo,com.grab.sample.dummy,DummyClass9,method9,1,2,0.0,0,0.0,0,0,1,0,5,0,1,0,0.0,0,0,0,5,0.0,0,2.4,0,0,0.0,0,0.0,0.9,68,57,0.1,10,0,0,0,0,1,9,0,0,0,0,0,0,0,0,0,10,0.19999999999999996,10,1.0,10,0,0,0,10,0,0,10,0,1,0,0,0,0,0,10,10,37,3466,3389,290,0,9,46,1.0,2900,0,23177,27,411,2900,30624
2025-07-10,argo,com.grab.sample.dummy,DummyClass9,method10,1,2,0.0,0,0.0,0,0,1,0,5,0,1,0,0.0,0,0,0,5,0.0,0,2.4,0,0,0.0,0,0.0,0.9,68,57,0.1,10,0,0,0,0,1,9,0,0,0,0,0,0,0,0,0,10,0.19999999999999996,10,1.0,10,0,0,0,10,0,0,10,0,1,0,0,0,0,0,10,10,37,3466,3389,290,0,9,46,1.0,2900,0,23177,27,411,2900,30624
2025-07-10,argo,com.grab.plugin.sizer,AppSizePluginExtension,projectInput,1,0,0.0,1,1.0,0,0,1,0,3,0,1,0,0.5,0,1,1,1,1.0,1,2.0,1,1,0.0,0,0.0,0.0,23,12,0.0,4,3,0,0,3,4,2,0,0,0,3,0,0,0,3,0,4,1.0,4,1.0,4,0,3,0,4,0,0,4,0,1,0,0,0,0,0,4,4,37,3466,3389,6,0,2,2,1.0,17,1,387,27,411,12,30624
2025-07-10,argo,com.grab.plugin.sizer,AppSizePluginExtension,projectInput,1,0,0.0,0,0.0,0,0,1,0,3,0,1,0,0.5,0,1,1,1,1.0,0,0.0,1,1,0.0,0,0.0,0.0,23,12,0.0,4,3,0,0,3,4,2,0,0,0,3,0,0,0,3,0,4,1.0,4,1.0,4,0,3,0,4,0,0,4,0,1,0,0,0,0,0,4,4,37,3466,3389,6,0,2,2,1.0,17,1,387,27,411,12,30624
2025-07-10,argo,com.grab.plugin.sizer,AppSizePluginExtension,metrics,1,0,0.0,0,0.0,0,0,1,0,3,0,1,0,0.5,0,1,1,1,1.0,0,0.0,1,1,0.0,0,0.0,0.0,23,12,0.0,4,3,0,0,3,4,2,0,0,0,3,0,0,0,3,0,4,1.0,4,1.0,4,0,3,0,4,0,0,4,0,1,0,0,0,0,0,4,4,37,3466,3389,6,0,2,2,1.0,17,1,387,27,411,12,30624
2025-07-10,argo,com.grab.plugin.sizer,AppSizePluginExtension,metrics,1,0,0.0,1,1.0,0,0,1,0,3,0,1,0,0.5,0,1,1,1,1.0,1,2.0,1,1,0.0,0,0.0,0.0,23,12,0.0,4,3,0,0,3,4,2,0,0,0,3,0,0,0,3,0,4,1.0,4,1.0,4,0,3,0,4,0,0,4,0,1,0,0,0,0,0,4,4,37,3466,3389,6,0,2,2,1.0,17,1,387,27,411,12,30624
2025-07-10,argo,com.grab.plugin.sizer,TaskManager,configTasks,2,0,1.0,1,1.0,0,0,1,0,5,0,2,1,0.0,1,0,1,5,0.0,0,2.6666666666666665,0,1,0.0,0,0.0,1.0,53,47,0.8,5,0,0,0,0,7,6,0,0,0,0,0,0,0,0,0,9,0.7,9,1.8,5,0,0,0,1,4,0,1,0,1,0,0,0,0,0,5,5,37,3466,3389,6,0,6,49,2.0,17,1,387,27,411,12,30624
2025-07-10,argo,com.grab.plugin.sizer,TaskManager,configAppSizeTask,2,4,1.0,4,1.0,0,0,1,0,12,1,2,1,0.0,1,0,1,13,0.0,1,2.3,1,1,0.0,0,0.0,1.0,53,47,0.8,5,0,0,0,0,7,6,0,0,0,0,0,0,0,0,0,9,0.7,9,1.8,5,0,0,0,1,4,0,1,0,1,0,0,0,0,0,5,5,37,3466,3389,6,0,6,49,2.0,17,1,387,27,411,12,30624
2025-07-10,argo,com.grab.plugin.sizer,TaskManager,registerAppSizeTaskDep,1,2,1.0,1,1.0,0,0,1,0,5,0,1,1,0.0,1,0,1,10,0.0,0,2.8,4,1,0.0,0,0.0,1.0,53,47,0.8,5,0,0,0,0,7,6,0,0,0,0,0,0,0,0,0,9,0.7,9,1.8,5,0,0,0,1,4,0,1,0,1,0,0,0,0,0,5,5,37,3466,3389,6,0,6,49,2.0,17,1,387,27,411,12,30624
2025-07-10,argo,com.grab.plugin.sizer,TaskManager,dfs,2,0,1.0,4,1.0,0,0,1,0,6,1,2,2,0.0,2,0,3,13,0.0,1,2.857142857142857,4,3,0.0,0,0.0,1.0,53,47,0.8,5,0,0,0,0,7,6,0,0,0,0,0,0,0,0,0,9,0.7,9,1.8,5,0,0,0,1,4,0,1,0,1,0,0,0,0,0,5,5,37,3466,3389,6,0,6,49,2.0,17,1,387,27,411,12,30624
2025-07-10,argo,com.grab.plugin.sizer,TaskManager,handleSubProject,3,1,0.0,2,1.0,0,0,1,0,19,2,3,0,0.0,0,0,0,8,0.0,1,3.111111111111111,3,0,0.0,0,0.0,1.0,53,47,0.8,5,0,0,0,0,7,6,0,0,0,0,0,0,0,0,0,9,0.7,9,1.8,5,0,0,0,1,4,0,1,0,1,0,0,0,0,0,5,5,37,3466,3389,6,0,6,49,2.0,17,1,387,27,411,12,30624
2025-07-10,argo,com.grab.plugin.sizer.configuration,MetricExtension,influxDB,1,0,0.0,1,1.0,0,0,1,4,4,0,1,2,0.3333333333333333,0,1,1,1,1.0,1,2.0,1,1,0.0,0,0.0,0.5,25,14,0.0,4,3,0,0,3,3,2,0,0,0,3,3,0,0,0,0,4,0.8333333333333334,4,1.0,4,0,15,0,6,0,0,6,0,4,0,0,0,0,0,4,4,37,3466,3389,8,0,2,3,0.0,9,1,216,27,411,6,30624
2025-07-10,argo,com.grab.plugin.sizer.configuration,MetricExtension,influxDB,1,0,0.0,0,0.0,0,0,1,4,3,0,1,0,0.5,0,1,1,1,1.0,0,0.0,1,1,0.0,0,0.0,0.5,25,14,0.0,4,3,0,0,3,3,2,0,0,0,3,3,0,0,0,0,4,0.8333333333333334,4,1.0,4,0,15,0,6,0,0,6,0,4,0,0,0,0,0,4,4,37,3466,3389,8,0,2,3,0.0,9,1,216,27,411,6,30624
2025-07-10,argo,com.grab.plugin.sizer.configuration,MetricExtension,local,1,0,0.0,0,0.0,0,0,1,4,3,0,1,0,0.5,0,1,1,1,1.0,0,0.0,1,1,0.0,0,0.0,0.5,25,14,0.0,4,3,0,0,3,3,2,0,0,0,3,3,0,0,0,0,4,0.8333333333333334,4,1.0,4,0,15,0,6,0,0,6,0,4,0,0,0,0,0,4,4,37,3466,3389,8,0,2,3,0.0,9,1,216,27,411,6,30624
2025-07-10,argo,com.grab.plugin.sizer.configuration,MetricExtension,local,1,0,0.0,1,1.0,0,0,1,4,4,0,1,2,0.3333333333333333,0,1,1,1,1.0,1,2.0,1,1,0.0,0,0.0,0.5,25,14,0.0,4,3,0,0,3,3,2,0,0,0,3,3,0,0,0,0,4,0.8333333333333334,4,1.0,4,0,15,0,6,0,0,6,0,4,0,0,0,0,0,4,4,37,3466,3389,8,0,2,3,0.0,9,1,216,27,411,6,30624
2025-07-10,argo,com.grab.plugin.sizer.configuration,InfluxDBExtension,retentionPolicy,1,0,0.0,1,1.0,0,0,1,4,4,0,1,2,0.3333333333333333,0,1,1,1,1.0,1,2.0,1,1,0.0,0,0.0,0.5,22,7,0.0,2,6,0,0,6,2,2,0,0,0,6,6,0,0,0,0,2,1.0,2,1.0,2,0,15,0,6,0,0,6,0,4,0,0,0,0,0,2,2,37,3466,3389,8,0,2,3,0.0,9,1,216,27,411,6,30624
2025-07-10,argo,com.grab.plugin.sizer.configuration,InfluxDBExtension,retentionPolicy,1,0,0.0,1,1.0,0,0,1,4,3,0,1,2,0.5,0,1,0,1,1.0,1,2.0,1,0,0.0,0,0.0,0.5,22,7,0.0,2,6,0,0,6,2,2,0,0,0,6,6,0,0,0,0,2,1.0,2,1.0,2,0,15,0,6,0,0,6,0,4,0,0,0,0,0,2,2,37,3466,3389,8,0,2,3,0.0,9,1,216,27,411,6,30624
2025-07-10,argo,com.grab.plugin.sizer.dependencies,ExternalDependency,hashCode,1,0,0.0,0,0.0,0,0,1,0,1,0,1,0,0.0,1,0,0,1,0.0,1,2.0,0,0,0.0,0,0.0,0.0,10,7,0.0,2,0,2,1,0,3,0,0,0,0,0,0,0,0,0,0,4,1.0,4,2.0,2,2,2,0,8,0,0,8,0,5,0,0,0,0,0,2,2,37,3466,3389,27,0,0,3,2.0,72,8,1413,27,411,46,30624
2025-07-10,argo,com.grab.plugin.sizer.dependencies,ExternalDependency,equals,3,0,0.0,1,1.0,0,0,1,0,6,2,3,0,0.0,0,0,0,2,0.0,0,2.0,1,0,0.0,0,0.0,0.0,10,7,0.0,2,0,2,1,0,3,0,0,0,0,0,0,0,0,0,0,4,1.0,4,2.0,2,2,2,0,8,0,0,8,0,5,0,0,0,0,0,2,2,37,3466,3389,27,0,0,3,2.0,72,8,1413,27,411,46,30624
2025-07-10,argo,com.grab.plugin.sizer.dependencies,ModuleDependency,equals,3,0,0.0,1,1.0,0,0,1,0,6,2,3,0,0.0,0,0,0,2,0.0,0,2.0,1,0,0.0,0,0.0,0.0,10,7,0.0,2,0,2,1,0,3,0,0,0,0,0,0,0,0,0,0,4,1.0,4,2.0,2,2,2,0,8,0,0,8,0,5,0,0,0,0,0,2,2,37,3466,3389,27,0,0,3,2.0,72,8,1413,27,411,46,30624
2025-07-10,argo,com.grab.plugin.sizer.dependencies,ModuleDependency,hashCode,1,0,0.0,0,0.0,0,0,1,0,1,0,1,0,0.0,1,0,0,1,0.0,1,2.0,0,0,0.0,0,0.0,0.0,10,7,0.0,2,0,2,1,0,3,0,0,0,0,0,0,0,0,0,0,4,1.0,4,2.0,2,2,2,0,8,0,0,8,0,5,0,0,0,0,0,2,2,37,3466,3389,27,0,0,3,2.0,72,8,1413,27,411,46,30624
2025-07-10,argo,com.grab.plugin.sizer.dependencies,JavaModuleDependency,equals,3,0,0.0,1,1.0,0,0,1,0,6,2,3,0,0.0,0,0,0,2,0.0,0,2.0,1,0,0.0,0,0.0,0.0,10,7,0.0,2,0,2,1,0,3,0,0,0,0,0,0,0,0,0,0,4,1.0,4,2.0,2,2,2,0,8,0,0,8,0,5,0,0,0,0,0,2,2,37,3466,3389,27,0,0,3,2.0,72,8,1413,27,411,46,30624
2025-07-10,argo,com.grab.plugin.sizer.dependencies,JavaModuleDependency,hashCode,1,0,0.0,0,0.0,0,0,1,0,1,0,1,0,0.0,1,0,0,1,0.0,1,2.0,0,0,0.0,0,0.0,0.0,10,7,0.0,2,0,2,1,0,3,0,0,0,0,0,0,0,0,0,0,4,1.0,4,2.0,2,2,2,0,8,0,0,8,0,5,0,0,0,0,0,2,2,37,3466,3389,27,0,0,3,2.0,72,8,1413,27,411,46,30624
2025-07-10,argo,com.grab.plugin.sizer.dependencies,AppDependency,equals,3,0,0.0,1,1.0,0,0,1,0,6,2,3,0,0.0,0,0,0,2,0.0,0,2.0,1,0,0.0,0,0.0,0.0,10,7,0.0,2,0,2,1,0,3,0,0,0,0,0,0,0,0,0,0,4,1.0,4,2.0,2,2,2,0,8,0,0,8,0,5,0,0,0,0,0,2,2,37,3466,3389,27,0,0,3,2.0,72,8,1413,27,411,46,30624
2025-07-10,argo,com.grab.plugin.sizer.dependencies,AppDependency,hashCode,1,0,0.0,0,0.0,0,0,1,0,1,0,1,0,0.0,1,0,0,1,0.0,1,2.0,0,0,0.0,0,0.0,0.0,10,7,0.0,2,0,2,1,0,3,0,0,0,0,0,0,0,0,0,0,4,1.0,4,2.0,2,2,2,0,8,0,0,8,0,5,0,0,0,0,0,2,2,37,3466,3389,27,0,0,3,2.0,72,8,1413,27,411,46,30624
2025-07-10,argo,com.grab.plugin.sizer.dependencies,ArchiveDependencyManager,createGson,1,0,0.0,1,1.0,0,0,1,0,1,0,1,0,0.0,0,0,0,3,0.0,0,2.5,0,0,0.0,0,0.0,0.3333333333333333,12,8,0.6666666666666666,3,0,0,0,0,3,1,0,0,0,0,0,0,0,0,0,3,1.0,3,1.0,3,0,0,0,2,1,0,2,2,1,0,0,0,0,0,3,3,37,3466,3389,27,0,1,8,1.0,72,8,1413,27,411,46,30624
2025-07-10,argo,com.grab.plugin.sizer.dependencies,ArchiveDependencyManager,writeToJsonFile,1,0,1.0,1,1.0,0,0,1,0,3,0,1,0,0.0,1,0,1,2,0.0,2,3.0,2,1,0.0,0,0.0,0.3333333333333333,12,8,0.6666666666666666,3,0,0,0,0,3,1,0,0,0,0,0,0,0,0,0,3,1.0,3,1.0,3,0,0,0,2,1,0,2,2,1,0,0,0,0,0,3,3,37,3466,3389,27,0,1,8,1.0,72,8,1413,27,411,46,30624
2025-07-10,argo,com.grab.plugin.sizer.dependencies,ArchiveDependencyManager,readFromJsonFile,1,1,1.0,2,1.0,0,0,1,0,4,0,1,1,0.0,1,0,0,3,0.0,0,2.5,1,0,0.0,0,0.0,0.3333333333333333,12,8,0.6666666666666666,3,0,0,0,0,3,1,0,0,0,0,0,0,0,0,0,3,1.0,3,1.0,3,0,0,0,2,1,0,2,2,1,0,0,0,0,0,3,3,37,3466,3389,27,0,1,8,1.0,72,8,1413,27,411,46,30624
2025-07-10,argo,com.grab.plugin.sizer.tasks,AppSizeAnalysisTask,run,1,2,3.0,3,1.0,1,0,1,0,8,0,1,3,1.0,3,5,1,12,2.5,0,2.75,0,1,0.0,0,0.16666666666666666,0.75,76,14,0.25,4,11,0,1,0,4,3,1,0,0,0,11,0,0,0,0,4,0.8333333333333334,4,1.0,4,0,11,0,1,3,0,1,2,0,0,0,1,0,1,4,5,37,3466,3389,4,0,2,27,1.5,14,0,599,27,411,6,30624
2025-07-10,argo,com.grab.plugin.sizer.tasks,AppSizeAnalysisTask,validateInputs,1,0,0.0,2,1.0,1,0,1,0,4,0,1,0,1.0,0,2,1,5,2.0,0,3.5,0,1,0.0,0,0.16666666666666666,0.75,76,14,0.25,4,11,0,1,0,4,3,1,0,0,0,11,0,0,0,0,4,0.8333333333333334,4,1.0,4,0,11,0,1,3,0,1,2,0,0,0,1,0,1,4,5,37,3466,3389,4,0,2,27,1.5,14,0,599,27,411,6,30624
2025-07-10,argo,com.grab.plugin.sizer.tasks,AppSizeAnalysisTask,createInputProvider,3,0,0.0,1,1.0,1,0,1,0,1,0,3,0,0.6363636363636364,0,3,0,6,1.5,0,2.5,2,0,0.0,0,0.16666666666666666,0.75,76,14,0.25,4,11,0,1,0,4,3,1,0,0,0,11,0,0,0,0,4,0.8333333333333334,4,1.0,4,0,11,0,1,3,0,1,2,0,0,0,1,0,1,4,5,37,3466,3389,4,0,2,27,1.5,14,0,599,27,411,6,30624
2025-07-10,argo,com.grab.plugin.sizer.tasks,AppSizeAnalysisTask,registerTask,1,0,0.0,1,1.0,1,0,1,0,1,0,1,0,0.7142857142857143,0,11,0,4,11.0,0,2.3333333333333335,0,0,0.0,0,0.16666666666666666,0.75,76,14,0.25,4,11,0,1,0,4,3,1,0,0,0,11,0,0,0,0,4,0.8333333333333334,4,1.0,4,0,11,0,1,3,0,1,2,0,0,0,1,0,1,4,5,37,3466,3389,4,1,2,27,1.5,14,0,599,27,411,6,30624
2025-07-10,argo,com.grab.plugin.sizer.tasks,GenerateArchivesListTask,run,4,2,1.0,5,1.0,1,0,1,0,11,1,4,3,1.0,1,3,1,16,1.5,3,2.6666666666666665,0,1,0.0,0,1.0,0.5,43,12,0.5,2,5,0,1,0,2,1,1,0,0,0,5,0,0,0,0,3,1.0,3,1.5,2,0,5,0,1,1,0,1,1,0,0,0,1,0,1,2,3,37,3466,3389,4,0,1,21,2.5,14,0,599,27,411,6,30624
2025-07-10,argo,com.grab.plugin.sizer.tasks,GenerateArchivesListTask,registerTask,1,0,0.0,1,1.0,1,0,1,0,1,0,1,0,1.0,0,4,0,5,4.0,0,2.25,0,0,0.0,0,1.0,0.5,43,12,0.5,2,5,0,1,0,2,1,1,0,0,0,5,0,0,0,0,3,1.0,3,1.5,2,0,5,0,1,1,0,1,1,0,0,0,1,0,1,2,3,37,3466,3389,4,1,1,21,2.5,14,0,599,27,411,6,30624
2025-07-10,argo,com.grab.plugin.sizer.utils,PluginLogger,log,1,0,0.0,1,1.0,0,0,1,1,1,0,1,0,0.0,2,0,0,3,0.0,0,4.0,2,0,0.0,0,0.0,0.0,7,3,0.3333333333333333,3,0,3,1,0,2,0,0,0,0,0,0,0,0,0,0,3,0.33333333333333337,3,1.0,3,3,0,0,3,0,0,3,0,1,0,0,0,0,0,3,3,37,3466,3389,3,0,0,6,1.0,16,0,278,27,411,7,30624
2025-07-10,argo,com.grab.plugin.sizer.utils,PluginLogger,logDebug,1,0,1.0,1,1.0,0,0,1,1,1,0,1,0,0.0,2,0,0,3,0.0,0,4.0,2,0,0.0,0,0.0,0.0,7,3,0.3333333333333333,3,0,3,1,0,2,0,0,0,0,0,0,0,0,0,0,3,0.33333333333333337,3,1.0,3,3,0,0,3,0,0,3,0,1,0,0,0,0,0,3,3,37,3466,3389,3,0,0,6,1.0,16,0,278,27,411,7,30624
2025-07-10,argo,com.grab.plugin.sizer.utils,PluginLogger,log,1,0,0.0,1,1.0,0,0,1,1,1,0,1,0,0.0,2,0,0,3,0.0,0,4.0,2,0,0.0,0,0.0,0.0,7,3,0.3333333333333333,3,0,3,1,0,2,0,0,0,0,0,0,0,0,0,0,3,0.33333333333333337,3,1.0,3,3,0,0,3,0,0,3,0,1,0,0,0,0,0,3,3,37,3466,3389,3,0,0,6,1.0,16,0,278,27,411,7,30624
2025-07-10,argo,com.grab.plugin.sizer.utils,PluginOutputProvider,provideInfluxDbConfig,1,0,0.0,0,0.0,0,0,1,0,1,0,1,0,0.0,0,0,0,0,0.0,0,0.0,0,0,0.0,0,0.0,0.0,9,4,0.0,4,0,4,1,0,4,0,0,0,0,0,0,0,0,0,0,4,1.0,4,1.0,4,4,0,0,4,0,0,4,0,1,0,0,0,0,0,4,4,37,3466,3389,3,0,0,0,1.0,16,0,278,27,411,7,30624
2025-07-10,argo,com.grab.plugin.sizer.utils,PluginOutputProvider,provideOutPutDirectory,1,0,0.0,0,0.0,0,0,1,0,1,0,1,0,0.0,0,0,0,0,0.0,0,0.0,0,0,0.0,0,0.0,0.0,9,4,0.0,4,0,4,1,0,4,0,0,0,0,0,0,0,0,0,0,4,1.0,4,1.0,4,4,0,0,4,0,0,4,0,1,0,0,0,0,0,4,4,37,3466,3389,3,0,0,0,1.0,16,0,278,27,411,7,30624
2025-07-10,argo,com.grab.plugin.sizer.utils,PluginOutputProvider,provideCustomProperties,1,0,0.0,0,0.0,0,0,1,0,1,0,1,0,0.0,0,0,0,0,0.0,0,0.0,0,0,0.0,0,0.0,0.0,9,4,0.0,4,0,4,1,0,4,0,0,0,0,0,0,0,0,0,0,4,1.0,4,1.0,4,4,0,0,4,0,0,4,0,1,0,0,0,0,0,4,4,37,3466,3389,3,0,0,0,1.0,16,0,278,27,411,7,30624
2025-07-10,argo,com.grab.plugin.sizer.utils,PluginOutputProvider,provideProjectInfo,1,0,0.0,0,0.0,0,0,1,0,1,0,1,0,0.0,0,0,0,0,0.0,0,0.0,0,0,0.0,0,0.0,0.0,9,4,0.0,4,0,4,1,0,4,0,0,0,0,0,0,0,0,0,0,4,1.0,4,1.0,4,4,0,0,4,0,0,4,0,1,0,0,0,0,0,4,4,37,3466,3389,3,0,0,0,1.0,16,0,278,27,411,7,30624
2025-07-10,argo,com.grab.plugin.sizer,AppSizerPluginTest,setup,1,0,0.0,2,1.0,0,1,1,0,5,0,1,0,1.0,0,1,1,8,1.0,2,4.333333333333333,0,0,0.0,0,1.0,0.6666666666666666,19,8,0.0,2,1,0,0,0,0,3,0,1,0,0,0,0,0,1,0,3,1.0,3,1.0,3,0,1,0,3,0,0,3,1,1,0,0,0,0,0,3,3,37,3466,3389,6,0,4,15,1.0,17,1,387,27,411,12,30624
2025-07-10,argo,com.grab.plugin.sizer,AppSizerPluginTest,`plugin applies correctly`,1,0,0.0,1,1.0,0,1,1,0,3,0,1,0,1.0,0,1,1,3,1.0,0,4.0,0,1,0.0,0,1.0,0.6666666666666666,19,8,0.0,2,1,0,0,0,0,3,0,1,0,0,0,0,0,1,0,3,1.0,3,1.0,3,0,1,0,3,0,0,3,1,1,0,0,0,0,0,3,3,37,3466,3389,6,0,4,15,1.0,17,1,387,27,411,12,30624
2025-07-10,argo,com.grab.plugin.sizer,AppSizerPluginTest,`plugin creates extension`,1,1,0.0,1,1.0,0,1,1,0,5,0,1,0,1.0,0,1,2,4,1.0,0,3.0,0,2,0.0,0,1.0,0.6666666666666666,19,8,0.0,2,1,0,0,0,0,3,0,1,0,0,0,0,0,1,0,3,1.0,3,1.0,3,0,1,0,3,0,0,3,1,1,0,0,0,0,0,3,3,37,3466,3389,6,0,4,15,1.0,17,1,387,27,411,12,30624
2025-07-10,argo,com.grab.plugin.sizer.dependencies,DefaultDependencyExtractorTest,setup,1,0,0.0,0,0.0,0,1,1,0,5,0,1,1,1.0,1,3,3,3,3.0,0,0.0,0,0,0.0,0,0.7142857142857143,1.0,62,43,0.0,6,3,0,0,0,1,3,0,3,0,0,0,0,0,3,0,7,0.5238095238095238,7,1.0,7,0,8,0,20,2,0,20,15,3,0,0,0,0,0,8,8,37,3466,3389,27,0,8,74,1.0,72,8,1413,27,411,46,30624
2025-07-10,argo,com.grab.plugin.sizer.dependencies,DefaultDependencyExtractorTest,`extract method successfully extracts internal dependencies`,1,3,0.0,4,1.0,0,1,1,0,7,0,1,0,1.0,0,3,1,9,1.0,1,2.2222222222222223,0,1,0.0,0,0.7142857142857143,1.0,62,43,0.0,6,3,0,0,0,1,3,0,3,0,0,0,0,0,3,0,7,0.5238095238095238,7,1.0,7,0,8,0,20,2,0,20,15,3,0,0,0,0,0,8,8,37,3466,3389,27,0,8,74,1.0,72,8,1413,27,411,46,30624
2025-07-10,argo,com.grab.plugin.sizer.dependencies,DefaultDependencyExtractorTest,`extract method successfully extracts external dependencies`,1,3,0.0,4,1.0,0,1,1,0,6,0,1,0,1.0,0,3,0,9,1.0,1,2.5,0,0,0.0,0,0.7142857142857143,1.0,62,43,0.0,6,3,0,0,0,1,3,0,3,0,0,0,0,0,3,0,7,0.5238095238095238,7,1.0,7,0,8,0,20,2,0,20,15,3,0,0,0,0,0,8,8,37,3466,3389,27,0,8,74,1.0,72,8,1413,27,411,46,30624
2025-07-10,argo,com.grab.plugin.sizer.dependencies,DefaultDependencyExtractorTest,`extract method handles non-resolvable configurations`,1,4,0.0,5,1.0,0,1,1,0,7,0,1,0,1.0,0,3,1,7,0.75,1,2.4,0,1,0.0,0,0.7142857142857143,1.0,62,43,0.0,6,3,0,0,0,1,3,0,3,0,0,0,0,0,3,0,7,0.5238095238095238,7,1.0,7,0,8,0,20,2,0,20,15,3,0,0,0,0,0,8,8,37,3466,3389,27,0,8,74,1.0,72,8,1413,27,411,46,30624
2025-07-10,argo,com.grab.plugin.sizer.dependencies,DefaultDependencyExtractorTest,`extract method handles AmbiguousVariantSelectionException`,1,4,0.0,6,1.0,0,1,1,0,8,0,1,0,1.0,0,3,2,9,0.75,1,2.2857142857142856,0,2,0.0,0,0.7142857142857143,1.0,62,43,0.0,6,3,0,0,0,1,3,0,3,0,0,0,0,0,3,0,7,0.5238095238095238,7,1.0,7,0,8,0,20,2,0,20,15,3,0,0,0,0,0,8,8,37,3466,3389,27,0,8,74,1.0,72,8,1413,27,411,46,30624
2025-07-10,argo,com.grab.plugin.sizer.dependencies,DefaultDependencyExtractorTest,`extract method handles dependencies with unspecified version`,1,4,0.0,6,1.0,0,1,1,0,8,0,1,0,1.0,0,3,1,9,0.75,1,2.5,0,1,0.0,0,0.7142857142857143,1.0,62,43,0.0,6,3,0,0,0,1,3,0,3,0,0,0,0,0,3,0,7,0.5238095238095238,7,1.0,7,0,8,0,20,2,0,20,15,3,0,0,0,0,0,8,8,37,3466,3389,27,0,8,74,1.0,72,8,1413,27,411,46,30624
2025-07-10,argo,com.grab.plugin.sizer.dependencies,DefaultDependencyExtractorTest,createMockArchiveExtractor,1,0,0.0,1,1.0,0,1,1,0,7,0,1,0,0.0,0,0,0,4,0.0,0,2.5,0,0,0.0,0,0.7142857142857143,1.0,62,43,0.0,6,3,0,0,0,1,3,0,3,0,0,0,0,0,3,0,7,0.5238095238095238,7,1.0,7,0,8,0,20,2,0,20,15,3,0,0,0,0,0,8,8,37,3466,3389,27,0,8,74,1.0,72,8,1413,27,411,46,30624
2025-07-10,argo,com.grab.plugin.sizer.dependencies,TestProject,createAppDependencies,1,0,1.0,0,0.0,0,0,1,0,1,0,1,1,1.0,1,4,0,0,4.0,0,0.0,0,0,0.0,0,0.47619047619047616,1.0,48,23,0.7857142857142857,14,5,0,0,5,7,0,0,0,0,5,5,0,0,0,0,15,0.9340659340659341,15,1.0714285714285714,14,0,8,0,20,2,0,20,15,3,0,0,0,0,0,14,14,37,3466,3389,27,0,8,74,1.0,72,8,1413,27,411,46,30624
2025-07-10,argo,com.grab.plugin.sizer.dependencies,TestProject,createModule1Dependencies,1,0,1.0,0,0.0,0,0,1,0,1,0,1,1,1.0,1,3,0,0,3.0,0,0.0,0,0,0.0,0,0.47619047619047616,1.0,48,23,0.7857142857142857,14,5,0,0,5,7,0,0,0,0,5,5,0,0,0,0,15,0.9340659340659341,15,1.0714285714285714,14,0,8,0,20,2,0,20,15,3,0,0,0,0,0,14,14,37,3466,3389,27,0,8,74,1.0,72,8,1413,27,411,46,30624
2025-07-10,argo,com.grab.plugin.sizer.dependencies,TestProject,createModule2Dependencies,1,0,1.0,0,0.0,0,0,1,0,1,0,1,1,1.0,1,2,0,0,2.0,0,0.0,0,0,0.0,0,0.47619047619047616,1.0,48,23,0.7857142857142857,14,5,0,0,5,7,0,0,0,0,5,5,0,0,0,0,15,0.9340659340659341,15,1.0714285714285714,14,0,8,0,20,2,0,20,15,3,0,0,0,0,0,14,14,37,3466,3389,27,0,8,74,1.0,72,8,1413,27,411,46,30624
2025-07-10,argo,com.grab.plugin.sizer.dependencies,TestProject,createAppConfiguration,1,0,1.0,0,0.0,0,0,1,0,1,0,1,0,0.0,1,0,0,1,0.0,0,0.0,0,0,0.0,0,0.47619047619047616,1.0,48,23,0.7857142857142857,14,5,0,0,5,7,0,0,0,0,5,5,0,0,0,0,15,0.9340659340659341,15,1.0714285714285714,14,0,8,0,20,2,0,20,15,3,0,0,0,0,0,14,14,37,3466,3389,27,0,8,74,1.0,72,8,1413,27,411,46,30624
2025-07-10,argo,com.grab.plugin.sizer.dependencies,TestProject,createModule1Configuration,1,0,1.0,0,0.0,0,0,1,0,1,0,1,0,0.0,1,0,0,1,0.0,0,0.0,0,0,0.0,0,0.47619047619047616,1.0,48,23,0.7857142857142857,14,5,0,0,5,7,0,0,0,0,5,5,0,0,0,0,15,0.9340659340659341,15,1.0714285714285714,14,0,8,0,20,2,0,20,15,3,0,0,0,0,0,14,14,37,3466,3389,27,0,8,74,1.0,72,8,1413,27,411,46,30624
2025-07-10,argo,com.grab.plugin.sizer.dependencies,TestProject,createModule2Configuration,1,0,1.0,0,0.0,0,0,1,0,1,0,1,0,0.0,1,0,0,1,0.0,0,0.0,0,0,0.0,0,0.47619047619047616,1.0,48,23,0.7857142857142857,14,5,0,0,5,7,0,0,0,0,5,5,0,0,0,0,15,0.9340659340659341,15,1.0714285714285714,14,0,8,0,20,2,0,20,15,3,0,0,0,0,0,14,14,37,3466,3389,27,0,8,74,1.0,72,8,1413,27,411,46,30624
2025-07-10,argo,com.grab.plugin.sizer.dependencies,TestProject,createConfigurationExtractor,1,0,3.0,0,0.0,0,0,1,0,1,0,1,0,1.0,3,3,0,1,3.0,0,0.0,0,0,0.0,0,0.47619047619047616,1.0,48,23,0.7857142857142857,14,5,0,0,5,7,0,0,0,0,5,5,0,0,0,0,15,0.9340659340659341,15,1.0714285714285714,14,0,8,0,20,2,0,20,15,3,0,0,0,0,0,14,14,37,3466,3389,27,0,8,74,1.0,72,8,1413,27,411,46,30624
2025-07-10,argo,com.grab.plugin.sizer.dependencies,TestProject,createDependency,3,0,0.0,1,1.0,0,0,1,0,5,2,3,0,0.0,0,0,0,6,0.0,0,2.6666666666666665,2,0,0.0,0,0.47619047619047616,1.0,48,23,0.7857142857142857,14,5,0,0,5,7,0,0,0,0,5,5,0,0,0,0,15,0.9340659340659341,15,1.0714285714285714,14,0,8,0,20,2,0,20,15,3,0,0,0,0,0,14,14,37,3466,3389,27,0,8,74,1.0,72,8,1413,27,411,46,30624
2025-07-10,argo,com.grab.plugin.sizer.dependencies,TestProject,createDependencies,1,0,1.0,1,1.0,0,0,1,0,1,0,1,1,0.0,1,0,0,1,0.0,1,2.0,2,0,0.0,0,0.47619047619047616,1.0,48,23,0.7857142857142857,14,5,0,0,5,7,0,0,0,0,5,5,0,0,0,0,15,0.9340659340659341,15,1.0714285714285714,14,0,8,0,20,2,0,20,15,3,0,0,0,0,0,14,14,37,3466,3389,27,0,8,74,1.0,72,8,1413,27,411,46,30624
2025-07-10,argo,com.grab.plugin.sizer.dependencies,TestProject,createExternalDependency,1,0,0.0,1,1.0,0,0,1,0,1,0,1,0,0.0,0,0,0,2,0.0,0,3.0,2,0,0.0,0,0.47619047619047616,1.0,48,23,0.7857142857142857,14,5,0,0,5,7,0,0,0,0,5,5,0,0,0,0,15,0.9340659340659341,15,1.0714285714285714,14,0,8,0,20,2,0,20,15,3,0,0,0,0,0,14,14,37,3466,3389,27,0,8,74,1.0,72,8,1413,27,411,46,30624
2025-07-10,argo,com.grab.plugin.sizer.dependencies,TestProject,createProjectDependency,1,0,0.0,1,1.0,0,0,1,0,1,0,1,0,0.0,0,0,0,3,0.0,0,2.5,2,0,0.0,0,0.47619047619047616,1.0,48,23,0.7857142857142857,14,5,0,0,5,7,0,0,0,0,5,5,0,0,0,0,15,0.9340659340659341,15,1.0714285714285714,14,0,8,0,20,2,0,20,15,3,0,0,0,0,0,14,14,37,3466,3389,27,0,8,74,1.0,72,8,1413,27,411,46,30624
2025-07-10,argo,com.grab.plugin.sizer.dependencies,TestProject,createNonResolvableConfiguration,1,0,1.0,0,0.0,0,0,1,0,1,0,1,0,0.6666666666666666,1,1,0,1,1.0,0,0.0,1,0,0.0,0,0.47619047619047616,1.0,48,23,0.7857142857142857,14,5,0,0,5,7,0,0,0,0,5,5,0,0,0,0,15,0.9340659340659341,15,1.0714285714285714,14,0,8,0,20,2,0,20,15,3,0,0,0,0,0,14,14,37,3466,3389,27,0,8,74,1.0,72,8,1413,27,411,46,30624
2025-07-10,argo,com.grab.plugin.sizer.dependencies,TestProject,createAmbiguousConfiguration,1,0,1.0,0,0.0,0,0,1,0,1,0,1,0,0.6666666666666666,1,1,0,1,1.0,0,0.0,1,0,0.0,0,0.47619047619047616,1.0,48,23,0.7857142857142857,14,5,0,0,5,7,0,0,0,0,5,5,0,0,0,0,15,0.9340659340659341,15,1.0714285714285714,14,0,8,0,20,2,0,20,15,3,0,0,0,0,0,14,14,37,3466,3389,27,0,8,74,1.0,72,8,1413,27,411,46,30624
2025-07-10,argo,com.grab.plugin.sizer.dependencies,TestProject,createVersionedModuleConfiguration,1,2,2.0,1,1.0,0,0,1,0,6,0,1,2,0.5,2,1,0,5,0.33,0,3.0,1,0,0.0,0,0.47619047619047616,1.0,48,23,0.7857142857142857,14,5,0,0,5,7,0,0,0,0,5,5,0,0,0,0,15,0.9340659340659341,15,1.0714285714285714,14,0,8,0,20,2,0,20,15,3,0,0,0,0,0,14,14,37,3466,3389,27,0,8,74,1.0,72,8,1413,27,411,46,30624
2025-07-10,argo,com.grab.plugin.sizer.dependencies,MockConfigurationExtractor,runtimeConfigurations,1,0,0.0,1,1.0,0,0,1,0,3,0,1,0,0.0,0,0,0,1,0.0,1,2.0,1,0,0.0,0,0.0,1.0,5,3,0.0,1,0,1,1,0,2,0,0,0,0,0,0,0,0,0,0,1,0.0,1,1.0,1,1,8,0,20,2,0,20,15,3,0,0,0,0,0,1,1,37,3466,3389,27,0,8,74,1.0,72,8,1413,27,411,46,30624
2025-07-10,argo,com.grab.plugin.sizer.dependencies,DefaultVariantExtractorTest,setup,1,0,0.0,2,1.0,0,1,1,0,5,0,1,0,1.0,0,3,3,3,3.0,1,2.0,0,0,0.0,0,0.7948717948717948,0.8461538461538461,95,70,0.6666666666666666,12,3,0,0,0,5,4,0,3,0,0,0,0,0,3,0,13,0.28205128205128205,13,1.0,13,0,3,0,11,2,0,11,4,1,0,0,0,0,0,13,13,37,3466,3389,27,0,15,45,1.0,72,8,1413,27,411,46,30624
2025-07-10,argo,com.grab.plugin.sizer.dependencies,DefaultVariantExtractorTest,`findMatchVariant for Android library`,1,2,1.0,2,1.0,0,1,1,0,5,0,1,1,1.0,1,2,1,2,1.0,1,2.0,0,1,0.0,0,0.7948717948717948,0.8461538461538461,95,70,0.6666666666666666,12,3,0,0,0,5,4,0,3,0,0,0,0,0,3,0,13,0.28205128205128205,13,1.0,13,0,3,0,11,2,0,11,4,1,0,0,0,0,0,13,13,37,3466,3389,27,0,15,45,1.0,72,8,1413,27,411,46,30624
2025-07-10,argo,com.grab.plugin.sizer.dependencies,DefaultVariantExtractorTest,`findMatchVariant for Android application`,1,2,1.0,2,1.0,0,1,1,0,5,0,1,1,1.0,1,2,1,2,1.0,1,2.0,0,1,0.0,0,0.7948717948717948,0.8461538461538461,95,70,0.6666666666666666,12,3,0,0,0,5,4,0,3,0,0,0,0,0,3,0,13,0.28205128205128205,13,1.0,13,0,3,0,11,2,0,11,4,1,0,0,0,0,0,13,13,37,3466,3389,27,0,15,45,1.0,72,8,1413,27,411,46,30624
2025-07-10,argo,com.grab.plugin.sizer.dependencies,DefaultVariantExtractorTest,`findMatchVariant for Java project`,1,2,0.0,3,1.0,0,1,1,0,5,0,1,0,1.0,0,2,1,3,1.0,1,2.0,0,1,0.0,0,0.7948717948717948,0.8461538461538461,95,70,0.6666666666666666,12,3,0,0,0,5,4,0,3,0,0,0,0,0,3,0,13,0.28205128205128205,13,1.0,13,0,3,0,11,2,0,11,4,1,0,0,0,0,0,13,13,37,3466,3389,27,0,15,45,1.0,72,8,1413,27,411,46,30624
2025-07-10,argo,com.grab.plugin.sizer.dependencies,DefaultVariantExtractorTest,`findMatchVariant for unsupported project type`,1,1,0.0,3,1.0,0,1,1,0,5,0,1,0,1.0,0,2,2,6,2.0,3,2.5,0,2,0.0,0,0.7948717948717948,0.8461538461538461,95,70,0.6666666666666666,12,3,0,0,0,5,4,0,3,0,0,0,0,0,3,0,13,0.28205128205128205,13,1.0,13,0,3,0,11,2,0,11,4,1,0,0,0,0,0,13,13,37,3466,3389,27,0,15,45,1.0,72,8,1413,27,411,46,30624
2025-07-10,argo,com.grab.plugin.sizer.dependencies,DefaultVariantExtractorTest,`findMatchVariant with enableMatchDebugVariant true for library`,1,4,1.0,3,1.0,0,1,1,0,7,0,1,1,1.0,1,1,1,4,0.75,1,2.0,0,1,0.0,0,0.7948717948717948,0.8461538461538461,95,70,0.6666666666666666,12,3,0,0,0,5,4,0,3,0,0,0,0,0,3,0,13,0.28205128205128205,13,1.0,13,0,3,0,11,2,0,11,4,1,0,0,0,0,0,13,13,37,3466,3389,27,0,15,45,1.0,72,8,1413,27,411,46,30624
2025-07-10,argo,com.grab.plugin.sizer.dependencies,DefaultVariantExtractorTest,`extractVariant returns full match when available for library`,1,4,2.0,3,1.0,0,1,1,0,7,0,1,2,1.0,2,1,1,4,0.75,1,2.0,0,1,0.0,0,0.7948717948717948,0.8461538461538461,95,70,0.6666666666666666,12,3,0,0,0,5,4,0,3,0,0,0,0,0,3,0,13,0.28205128205128205,13,1.0,13,0,3,0,11,2,0,11,4,1,0,0,0,0,0,13,13,37,3466,3389,27,0,15,45,1.0,72,8,1413,27,411,46,30624
2025-07-10,argo,com.grab.plugin.sizer.dependencies,DefaultVariantExtractorTest,`extractVariant matches flavor and build type separately when no full match for library`,1,4,2.0,3,1.0,0,1,1,0,7,0,1,2,1.0,2,1,1,4,0.75,1,2.0,0,1,0.0,0,0.7948717948717948,0.8461538461538461,95,70,0.6666666666666666,12,3,0,0,0,5,4,0,3,0,0,0,0,0,3,0,13,0.28205128205128205,13,1.0,13,0,3,0,11,2,0,11,4,1,0,0,0,0,0,13,13,37,3466,3389,27,0,15,45,1.0,72,8,1413,27,411,46,30624
2025-07-10,argo,com.grab.plugin.sizer.dependencies,DefaultVariantExtractorTest,`extractVariant uses build type fallback when flavor matches but build type doesn't for library`,1,4,2.0,3,1.0,0,1,1,0,7,0,1,2,1.0,2,1,1,4,0.75,1,2.0,0,1,0.0,0,0.7948717948717948,0.8461538461538461,95,70,0.6666666666666666,12,3,0,0,0,5,4,0,3,0,0,0,0,0,3,0,13,0.28205128205128205,13,1.0,13,0,3,0,11,2,0,11,4,1,0,0,0,0,0,13,13,37,3466,3389,27,0,15,45,1.0,72,8,1413,27,411,46,30624
2025-07-10,argo,com.grab.plugin.sizer.dependencies,DefaultVariantExtractorTest,`extractVariant uses flavor fallback when build type matches but flavor doesn't for library`,1,4,2.0,3,1.0,0,1,1,0,7,0,1,2,1.0,2,1,1,4,0.75,1,2.0,0,1,0.0,0,0.7948717948717948,0.8461538461538461,95,70,0.6666666666666666,12,3,0,0,0,5,4,0,3,0,0,0,0,0,3,0,13,0.28205128205128205,13,1.0,13,0,3,0,11,2,0,11,4,1,0,0,0,0,0,13,13,37,3466,3389,27,0,15,45,1.0,72,8,1413,27,411,46,30624
2025-07-10,argo,com.grab.plugin.sizer.dependencies,DefaultVariantExtractorTest,`extractVariant falls back to debug when no match found for library`,1,4,2.0,3,1.0,0,1,1,0,7,0,1,2,1.0,2,1,1,4,0.75,1,2.0,0,1,0.0,0,0.7948717948717948,0.8461538461538461,95,70,0.6666666666666666,12,3,0,0,0,5,4,0,3,0,0,0,0,0,3,0,13,0.28205128205128205,13,1.0,13,0,3,0,11,2,0,11,4,1,0,0,0,0,0,13,13,37,3466,3389,27,0,15,45,1.0,72,8,1413,27,411,46,30624
2025-07-10,argo,com.grab.plugin.sizer.dependencies,DefaultVariantExtractorTest,createExtractor,1,0,0.0,0,0.0,0,1,1,0,3,0,1,0,0.3333333333333333,0,0,0,1,0.33,0,0.0,3,0,0.0,0,0.7948717948717948,0.8461538461538461,95,70,0.6666666666666666,12,3,0,0,0,5,4,0,3,0,0,0,0,0,3,0,13,0.28205128205128205,13,1.0,13,0,3,0,11,2,0,11,4,1,0,0,0,0,0,13,13,37,3466,3389,27,0,15,45,1.0,72,8,1413,27,411,46,30624
2025-07-10,argo,com.grab.plugin.sizer.dependencies,DefaultVariantExtractorTest,assertAndroidVariant,1,0,0.0,2,0.5,0,1,1,0,5,0,1,0,0.0,0,0,1,4,0.0,1,2.0,3,1,0.0,0,0.7948717948717948,0.8461538461538461,95,70,0.6666666666666666,12,3,0,0,0,5,4,0,3,0,0,0,0,0,3,0,13,0.28205128205128205,13,1.0,13,0,3,0,11,2,0,11,4,1,0,0,0,0,0,13,13,37,3466,3389,27,0,15,45,1.0,72,8,1413,27,411,46,30624
2025-07-10,argo,com.grab.plugin.sizer.fake,FakeConfiguration,getName,1,0,0.0,0,0.0,0,39,1,0,1,0,1,0,0.0,0,0,0,0,0.0,0,0.0,0,0,0.0,0,0.0,0.014285714285714285,275,93,0.0,69,1,70,1,0,34,1,0,1,0,0,1,0,0,0,0,70,0.11180124223602483,70,1.0,70,70,1,0,70,0,0,70,14,1,0,0,0,0,0,70,70,37,3466,3389,7,0,55,57,1.0,60,0,694,27,411,127,30624
2025-07-10,argo,com.grab.plugin.sizer.fake,FakeConfiguration,isCanBeResolved,1,0,0.0,0,0.0,0,39,1,0,1,0,1,0,0.0,0,0,0,0,0.0,0,0.0,0,0,0.0,0,0.0,0.014285714285714285,275,93,0.0,69,1,70,1,0,34,1,0,1,0,0,1,0,0,0,0,70,0.11180124223602483,70,1.0,70,70,1,0,70,0,0,70,14,1,0,0,0,0,0,70,70,37,3466,3389,7,0,55,57,1.0,60,0,694,27,411,127,30624
2025-07-10,argo,com.grab.plugin.sizer.fake,FakeConfiguration,getResolvedConfiguration,1,0,0.0,0,0.0,0,39,1,0,1,0,1,0,0.0,0,0,0,1,0.0,0,0.0,0,0,0.0,0,0.0,0.014285714285714285,275,93,0.0,69,1,70,1,0,34,1,0,1,0,0,1,0,0,0,0,70,0.11180124223602483,70,1.0,70,70,1,0,70,0,0,70,14,1,0,0,0,0,0,70,70,37,3466,3389,7,0,55,57,1.0,60,0,694,27,411,127,30624
2025-07-10,argo,com.grab.plugin.sizer.fake,FakeConfiguration,getDependencies,1,0,0.0,1,1.0,0,39,1,0,1,0,1,0,1.0,0,1,0,1,1.0,1,2.0,0,0,0.0,0,0.0,0.014285714285714285,275,93,0.0,69,1,70,1,0,34,1,0,1,0,0,1,0,0,0,0,70,0.11180124223602483,70,1.0,70,70,1,0,70,0,0,70,14,1,0,0,0,0,0,70,70,37,3466,3389,7,0,55,57,1.0,60,0,694,27,411,127,30624
2025-07-10,argo,com.grab.plugin.sizer.fake,FakeConfiguration,iterator,1,0,0.0,0,0.0,0,39,1,0,3,0,1,0,0.0,0,0,1,1,0.0,0,0.0,0,1,0.0,0,0.0,0.014285714285714285,275,93,0.0,69,1,70,1,0,34,1,0,1,0,0,1,0,0,0,0,70,0.11180124223602483,70,1.0,70,70,1,0,70,0,0,70,14,1,0,0,0,0,0,70,70,37,3466,3389,7,0,55,57,1.0,60,0,694,27,411,127,30624
2025-07-10,argo,com.grab.plugin.sizer.fake,FakeConfiguration,addToAntBuilder,1,0,0.0,0,0.0,0,39,1,0,3,0,1,0,0.0,0,0,1,1,0.0,0,0.0,3,1,0.0,0,0.0,0.014285714285714285,275,93,0.0,69,1,70,1,0,34,1,0,1,0,0,1,0,0,0,0,70,0.11180124223602483,70,1.0,70,70,1,0,70,0,0,70,14,1,0,0,0,0,0,70,70,37,3466,3389,7,0,55,57,1.0,60,0,694,27,411,127,30624
2025-07-10,argo,com.grab.plugin.sizer.fake,FakeConfiguration,addToAntBuilder,1,0,0.0,0,0.0,0,39,1,0,3,0,1,0,0.0,0,0,1,1,0.0,0,0.0,2,1,0.0,0,0.0,0.014285714285714285,275,93,0.0,69,1,70,1,0,34,1,0,1,0,0,1,0,0,0,0,70,0.11180124223602483,70,1.0,70,70,1,0,70,0,0,70,14,1,0,0,0,0,0,70,70,37,3466,3389,7,0,55,57,1.0,60,0,694,27,411,127,30624
2025-07-10,argo,com.grab.plugin.sizer.fake,FakeConfiguration,getBuildDependencies,1,0,0.0,0,0.0,0,39,1,0,3,0,1,0,0.0,0,0,1,1,0.0,0,0.0,0,1,0.0,0,0.0,0.014285714285714285,275,93,0.0,69,1,70,1,0,34,1,0,1,0,0,1,0,0,0,0,70,0.11180124223602483,70,1.0,70,70,1,0,70,0,0,70,14,1,0,0,0,0,0,70,70,37,3466,3389,7,0,55,57,1.0,60,0,694,27,411,127,30624
2025-07-10,argo,com.grab.plugin.sizer.fake,FakeConfiguration,getSingleFile,1,0,0.0,0,0.0,0,39,1,0,3,0,1,0,0.0,0,0,1,1,0.0,0,0.0,0,1,0.0,0,0.0,0.014285714285714285,275,93,0.0,69,1,70,1,0,34,1,0,1,0,0,1,0,0,0,0,70,0.11180124223602483,70,1.0,70,70,1,0,70,0,0,70,14,1,0,0,0,0,0,70,70,37,3466,3389,7,0,55,57,1.0,60,0,694,27,411,127,30624
2025-07-10,argo,com.grab.plugin.sizer.fake,FakeConfiguration,getFiles,1,0,0.0,0,0.0,0,39,1,0,3,0,1,0,0.0,0,0,1,1,0.0,0,0.0,0,1,0.0,0,0.0,0.014285714285714285,275,93,0.0,69,1,70,1,0,34,1,0,1,0,0,1,0,0,0,0,70,0.11180124223602483,70,1.0,70,70,1,0,70,0,0,70,14,1,0,0,0,0,0,70,70,37,3466,3389,7,0,55,57,1.0,60,0,694,27,411,127,30624
2025-07-10,argo,com.grab.plugin.sizer.fake,FakeConfiguration,contains,1,0,0.0,0,0.0,0,39,1,0,3,0,1,0,0.0,0,0,1,1,0.0,0,0.0,1,1,0.0,0,0.0,0.014285714285714285,275,93,0.0,69,1,70,1,0,34,1,0,1,0,0,1,0,0,0,0,70,0.11180124223602483,70,1.0,70,70,1,0,70,0,0,70,14,1,0,0,0,0,0,70,70,37,3466,3389,7,0,55,57,1.0,60,0,694,27,411,127,30624
2025-07-10,argo,com.grab.plugin.sizer.fake,FakeConfiguration,getAsPath,1,0,0.0,0,0.0,0,39,1,0,3,0,1,0,0.0,0,0,1,1,0.0,0,0.0,0,1,0.0,0,0.0,0.014285714285714285,275,93,0.0,69,1,70,1,0,34,1,0,1,0,0,1,0,0,0,0,70,0.11180124223602483,70,1.0,70,70,1,0,70,0,0,70,14,1,0,0,0,0,0,70,70,37,3466,3389,7,0,55,57,1.0,60,0,694,27,411,127,30624
2025-07-10,argo,com.grab.plugin.sizer.fake,FakeConfiguration,plus,1,0,0.0,0,0.0,0,39,1,0,3,0,1,0,0.0,0,0,1,1,0.0,0,0.0,1,1,0.0,0,0.0,0.014285714285714285,275,93,0.0,69,1,70,1,0,34,1,0,1,0,0,1,0,0,0,0,70,0.11180124223602483,70,1.0,70,70,1,0,70,0,0,70,14,1,0,0,0,0,0,70,70,37,3466,3389,7,0,55,57,1.0,60,0,694,27,411,127,30624
2025-07-10,argo,com.grab.plugin.sizer.fake,FakeConfiguration,minus,1,0,0.0,0,0.0,0,39,1,0,3,0,1,0,0.0,0,0,1,1,0.0,0,0.0,1,1,0.0,0,0.0,0.014285714285714285,275,93,0.0,69,1,70,1,0,34,1,0,1,0,0,1,0,0,0,0,70,0.11180124223602483,70,1.0,70,70,1,0,70,0,0,70,14,1,0,0,0,0,0,70,70,37,3466,3389,7,0,55,57,1.0,60,0,694,27,411,127,30624
2025-07-10,argo,com.grab.plugin.sizer.fake,FakeConfiguration,filter,1,0,0.0,0,0.0,0,39,1,0,3,0,1,0,0.0,0,0,1,1,0.0,0,0.0,1,1,0.0,0,0.0,0.014285714285714285,275,93,0.0,69,1,70,1,0,34,1,0,1,0,0,1,0,0,0,0,70,0.11180124223602483,70,1.0,70,70,1,0,70,0,0,70,14,1,0,0,0,0,0,70,70,37,3466,3389,7,0,55,57,1.0,60,0,694,27,411,127,30624
2025-07-10,argo,com.grab.plugin.sizer.fake,FakeConfiguration,filter,1,0,0.0,0,0.0,0,39,1,0,3,0,1,0,0.0,0,0,1,1,0.0,0,0.0,1,1,0.0,0,0.0,0.014285714285714285,275,93,0.0,69,1,70,1,0,34,1,0,1,0,0,1,0,0,0,0,70,0.11180124223602483,70,1.0,70,70,1,0,70,0,0,70,14,1,0,0,0,0,0,70,70,37,3466,3389,7,0,55,57,1.0,60,0,694,27,411,127,30624
2025-07-10,argo,com.grab.plugin.sizer.fake,FakeConfiguration,isEmpty,1,0,0.0,0,0.0,0,39,1,0,3,0,1,0,0.0,0,0,1,1,0.0,0,0.0,0,1,0.0,0,0.0,0.014285714285714285,275,93,0.0,69,1,70,1,0,34,1,0,1,0,0,1,0,0,0,0,70,0.11180124223602483,70,1.0,70,70,1,0,70,0,0,70,14,1,0,0,0,0,0,70,70,37,3466,3389,7,0,55,57,1.0,60,0,694,27,411,127,30624
2025-07-10,argo,com.grab.plugin.sizer.fake,FakeConfiguration,getAsFileTree,1,0,0.0,0,0.0,0,39,1,0,3,0,1,0,0.0,0,0,1,1,0.0,0,0.0,0,1,0.0,0,0.0,0.014285714285714285,275,93,0.0,69,1,70,1,0,34,1,0,1,0,0,1,0,0,0,0,70,0.11180124223602483,70,1.0,70,70,1,0,70,0,0,70,14,1,0,0,0,0,0,70,70,37,3466,3389,7,0,55,57,1.0,60,0,694,27,411,127,30624
2025-07-10,argo,com.grab.plugin.sizer.fake,FakeConfiguration,getElements,1,0,0.0,0,0.0,0,39,1,0,3,0,1,0,0.0,0,0,1,1,0.0,0,0.0,0,1,0.0,0,0.0,0.014285714285714285,275,93,0.0,69,1,70,1,0,34,1,0,1,0,0,1,0,0,0,0,70,0.11180124223602483,70,1.0,70,70,1,0,70,0,0,70,14,1,0,0,0,0,0,70,70,37,3466,3389,7,0,55,57,1.0,60,0,694,27,411,127,30624
2025-07-10,argo,com.grab.plugin.sizer.fake,FakeConfiguration,getAttributes,1,0,0.0,0,0.0,0,39,1,0,3,0,1,0,0.0,0,0,1,1,0.0,0,0.0,0,1,0.0,0,0.0,0.014285714285714285,275,93,0.0,69,1,70,1,0,34,1,0,1,0,0,1,0,0,0,0,70,0.11180124223602483,70,1.0,70,70,1,0,70,0,0,70,14,1,0,0,0,0,0,70,70,37,3466,3389,7,0,55,57,1.0,60,0,694,27,411,127,30624
2025-07-10,argo,com.grab.plugin.sizer.fake,FakeConfiguration,attributes,1,0,0.0,0,0.0,0,39,1,0,3,0,1,0,0.0,0,0,1,1,0.0,0,0.0,1,1,0.0,0,0.0,0.014285714285714285,275,93,0.0,69,1,70,1,0,34,1,0,1,0,0,1,0,0,0,0,70,0.11180124223602483,70,1.0,70,70,1,0,70,0,0,70,14,1,0,0,0,0,0,70,70,37,3466,3389,7,0,55,57,1.0,60,0,694,27,411,127,30624
2025-07-10,argo,com.grab.plugin.sizer.fake,FakeConfiguration,getResolutionStrategy,1,0,0.0,0,0.0,0,39,1,0,3,0,1,0,0.0,0,0,1,1,0.0,0,0.0,0,1,0.0,0,0.0,0.014285714285714285,275,93,0.0,69,1,70,1,0,34,1,0,1,0,0,1,0,0,0,0,70,0.11180124223602483,70,1.0,70,70,1,0,70,0,0,70,14,1,0,0,0,0,0,70,70,37,3466,3389,7,0,55,57,1.0,60,0,694,27,411,127,30624
2025-07-10,argo,com.grab.plugin.sizer.fake,FakeConfiguration,resolutionStrategy,1,0,0.0,0,0.0,0,39,1,0,3,0,1,0,0.0,0,0,1,1,0.0,0,0.0,1,1,0.0,0,0.0,0.014285714285714285,275,93,0.0,69,1,70,1,0,34,1,0,1,0,0,1,0,0,0,0,70,0.11180124223602483,70,1.0,70,70,1,0,70,0,0,70,14,1,0,0,0,0,0,70,70,37,3466,3389,7,0,55,57,1.0,60,0,694,27,411,127,30624
2025-07-10,argo,com.grab.plugin.sizer.fake,FakeConfiguration,resolutionStrategy,1,0,0.0,0,0.0,0,39,1,0,3,0,1,0,0.0,0,0,1,1,0.0,0,0.0,1,1,0.0,0,0.0,0.014285714285714285,275,93,0.0,69,1,70,1,0,34,1,0,1,0,0,1,0,0,0,0,70,0.11180124223602483,70,1.0,70,70,1,0,70,0,0,70,14,1,0,0,0,0,0,70,70,37,3466,3389,7,0,55,57,1.0,60,0,694,27,411,127,30624
2025-07-10,argo,com.grab.plugin.sizer.fake,FakeConfiguration,getState,1,0,0.0,0,0.0,0,39,1,0,3,0,1,0,0.0,0,0,1,1,0.0,0,0.0,0,1,0.0,0,0.0,0.014285714285714285,275,93,0.0,69,1,70,1,0,34,1,0,1,0,0,1,0,0,0,0,70,0.11180124223602483,70,1.0,70,70,1,0,70,0,0,70,14,1,0,0,0,0,0,70,70,37,3466,3389,7,0,55,57,1.0,60,0,694,27,411,127,30624
2025-07-10,argo,com.grab.plugin.sizer.fake,FakeConfiguration,isVisible,1,0,0.0,0,0.0,0,39,1,0,3,0,1,0,0.0,0,0,1,1,0.0,0,0.0,0,1,0.0,0,0.0,0.014285714285714285,275,93,0.0,69,1,70,1,0,34,1,0,1,0,0,1,0,0,0,0,70,0.11180124223602483,70,1.0,70,70,1,0,70,0,0,70,14,1,0,0,0,0,0,70,70,37,3466,3389,7,0,55,57,1.0,60,0,694,27,411,127,30624
2025-07-10,argo,com.grab.plugin.sizer.fake,FakeConfiguration,setVisible,1,0,0.0,0,0.0,0,39,1,0,3,0,1,0,0.0,0,0,1,1,0.0,0,0.0,1,1,0.0,0,0.0,0.014285714285714285,275,93,0.0,69,1,70,1,0,34,1,0,1,0,0,1,0,0,0,0,70,0.11180124223602483,70,1.0,70,70,1,0,70,0,0,70,14,1,0,0,0,0,0,70,70,37,3466,3389,7,0,55,57,1.0,60,0,694,27,411,127,30624
2025-07-10,argo,com.grab.plugin.sizer.fake,FakeConfiguration,getExtendsFrom,1,0,0.0,0,0.0,0,39,1,0,3,0,1,0,0.0,0,0,1,1,0.0,0,0.0,0,1,0.0,0,0.0,0.014285714285714285,275,93,0.0,69,1,70,1,0,34,1,0,1,0,0,1,0,0,0,0,70,0.11180124223602483,70,1.0,70,70,1,0,70,0,0,70,14,1,0,0,0,0,0,70,70,37,3466,3389,7,0,55,57,1.0,60,0,694,27,411,127,30624
2025-07-10,argo,com.grab.plugin.sizer.fake,FakeConfiguration,setExtendsFrom,1,0,0.0,0,0.0,0,39,1,0,3,0,1,0,0.0,0,0,1,1,0.0,0,0.0,1,1,0.0,0,0.0,0.014285714285714285,275,93,0.0,69,1,70,1,0,34,1,0,1,0,0,1,0,0,0,0,70,0.11180124223602483,70,1.0,70,70,1,0,70,0,0,70,14,1,0,0,0,0,0,70,70,37,3466,3389,7,0,55,57,1.0,60,0,694,27,411,127,30624
2025-07-10,argo,com.grab.plugin.sizer.fake,FakeConfiguration,extendsFrom,1,0,0.0,0,0.0,0,39,1,0,3,0,1,0,0.0,0,0,1,1,0.0,0,0.0,1,1,0.0,0,0.0,0.014285714285714285,275,93,0.0,69,1,70,1,0,34,1,0,1,0,0,1,0,0,0,0,70,0.11180124223602483,70,1.0,70,70,1,0,70,0,0,70,14,1,0,0,0,0,0,70,70,37,3466,3389,7,0,55,57,1.0,60,0,694,27,411,127,30624
2025-07-10,argo,com.grab.plugin.sizer.fake,FakeConfiguration,isTransitive,1,0,0.0,0,0.0,0,39,1,0,3,0,1,0,0.0,0,0,1,1,0.0,0,0.0,0,1,0.0,0,0.0,0.014285714285714285,275,93,0.0,69,1,70,1,0,34,1,0,1,0,0,1,0,0,0,0,70,0.11180124223602483,70,1.0,70,70,1,0,70,0,0,70,14,1,0,0,0,0,0,70,70,37,3466,3389,7,0,55,57,1.0,60,0,694,27,411,127,30624
2025-07-10,argo,com.grab.plugin.sizer.fake,FakeConfiguration,setTransitive,1,0,0.0,0,0.0,0,39,1,0,3,0,1,0,0.0,0,0,1,1,0.0,0,0.0,1,1,0.0,0,0.0,0.014285714285714285,275,93,0.0,69,1,70,1,0,34,1,0,1,0,0,1,0,0,0,0,70,0.11180124223602483,70,1.0,70,70,1,0,70,0,0,70,14,1,0,0,0,0,0,70,70,37,3466,3389,7,0,55,57,1.0,60,0,694,27,411,127,30624
2025-07-10,argo,com.grab.plugin.sizer.fake,FakeConfiguration,getDescription,1,0,0.0,0,0.0,0,39,1,0,3,0,1,0,0.0,0,0,1,1,0.0,0,0.0,0,1,0.0,0,0.0,0.014285714285714285,275,93,0.0,69,1,70,1,0,34,1,0,1,0,0,1,0,0,0,0,70,0.11180124223602483,70,1.0,70,70,1,0,70,0,0,70,14,1,0,0,0,0,0,70,70,37,3466,3389,7,0,55,57,1.0,60,0,694,27,411,127,30624
2025-07-10,argo,com.grab.plugin.sizer.fake,FakeConfiguration,setDescription,1,0,0.0,0,0.0,0,39,1,0,3,0,1,0,0.0,0,0,1,1,0.0,0,0.0,1,1,0.0,0,0.0,0.014285714285714285,275,93,0.0,69,1,70,1,0,34,1,0,1,0,0,1,0,0,0,0,70,0.11180124223602483,70,1.0,70,70,1,0,70,0,0,70,14,1,0,0,0,0,0,70,70,37,3466,3389,7,0,55,57,1.0,60,0,694,27,411,127,30624
2025-07-10,argo,com.grab.plugin.sizer.fake,FakeConfiguration,getHierarchy,1,0,0.0,0,0.0,0,39,1,0,3,0,1,0,0.0,0,0,1,1,0.0,0,0.0,0,1,0.0,0,0.0,0.014285714285714285,275,93,0.0,69,1,70,1,0,34,1,0,1,0,0,1,0,0,0,0,70,0.11180124223602483,70,1.0,70,70,1,0,70,0,0,70,14,1,0,0,0,0,0,70,70,37,3466,3389,7,0,55,57,1.0,60,0,694,27,411,127,30624
2025-07-10,argo,com.grab.plugin.sizer.fake,FakeConfiguration,resolve,1,0,0.0,0,0.0,0,39,1,0,3,0,1,0,0.0,0,0,1,1,0.0,0,0.0,0,1,0.0,0,0.0,0.014285714285714285,275,93,0.0,69,1,70,1,0,34,1,0,1,0,0,1,0,0,0,0,70,0.11180124223602483,70,1.0,70,70,1,0,70,0,0,70,14,1,0,0,0,0,0,70,70,37,3466,3389,7,0,55,57,1.0,60,0,694,27,411,127,30624
2025-07-10,argo,com.grab.plugin.sizer.fake,FakeConfiguration,files,1,0,0.0,0,0.0,0,39,1,0,3,0,1,0,0.0,0,0,1,1,0.0,0,0.0,1,1,0.0,0,0.0,0.014285714285714285,275,93,0.0,69,1,70,1,0,34,1,0,1,0,0,1,0,0,0,0,70,0.11180124223602483,70,1.0,70,70,1,0,70,0,0,70,14,1,0,0,0,0,0,70,70,37,3466,3389,7,0,55,57,1.0,60,0,694,27,411,127,30624
2025-07-10,argo,com.grab.plugin.sizer.fake,FakeConfiguration,files,1,0,0.0,0,0.0,0,39,1,0,3,0,1,0,0.0,0,0,1,1,0.0,0,0.0,1,1,0.0,0,0.0,0.014285714285714285,275,93,0.0,69,1,70,1,0,34,1,0,1,0,0,1,0,0,0,0,70,0.11180124223602483,70,1.0,70,70,1,0,70,0,0,70,14,1,0,0,0,0,0,70,70,37,3466,3389,7,0,55,57,1.0,60,0,694,27,411,127,30624
2025-07-10,argo,com.grab.plugin.sizer.fake,FakeConfiguration,files,1,0,0.0,0,0.0,0,39,1,0,3,0,1,0,0.0,0,0,1,1,0.0,0,0.0,1,1,0.0,0,0.0,0.014285714285714285,275,93,0.0,69,1,70,1,0,34,1,0,1,0,0,1,0,0,0,0,70,0.11180124223602483,70,1.0,70,70,1,0,70,0,0,70,14,1,0,0,0,0,0,70,70,37,3466,3389,7,0,55,57,1.0,60,0,694,27,411,127,30624
2025-07-10,argo,com.grab.plugin.sizer.fake,FakeConfiguration,fileCollection,1,0,0.0,0,0.0,0,39,1,0,3,0,1,0,0.0,0,0,1,1,0.0,0,0.0,1,1,0.0,0,0.0,0.014285714285714285,275,93,0.0,69,1,70,1,0,34,1,0,1,0,0,1,0,0,0,0,70,0.11180124223602483,70,1.0,70,70,1,0,70,0,0,70,14,1,0,0,0,0,0,70,70,37,3466,3389,7,0,55,57,1.0,60,0,694,27,411,127,30624
2025-07-10,argo,com.grab.plugin.sizer.fake,FakeConfiguration,fileCollection,1,0,0.0,0,0.0,0,39,1,0,3,0,1,0,0.0,0,0,1,1,0.0,0,0.0,1,1,0.0,0,0.0,0.014285714285714285,275,93,0.0,69,1,70,1,0,34,1,0,1,0,0,1,0,0,0,0,70,0.11180124223602483,70,1.0,70,70,1,0,70,0,0,70,14,1,0,0,0,0,0,70,70,37,3466,3389,7,0,55,57,1.0,60,0,694,27,411,127,30624
2025-07-10,argo,com.grab.plugin.sizer.fake,FakeConfiguration,fileCollection,1,0,0.0,0,0.0,0,39,1,0,3,0,1,0,0.0,0,0,1,1,0.0,0,0.0,1,1,0.0,0,0.0,0.014285714285714285,275,93,0.0,69,1,70,1,0,34,1,0,1,0,0,1,0,0,0,0,70,0.11180124223602483,70,1.0,70,70,1,0,70,0,0,70,14,1,0,0,0,0,0,70,70,37,3466,3389,7,0,55,57,1.0,60,0,694,27,411,127,30624
2025-07-10,argo,com.grab.plugin.sizer.fake,FakeConfiguration,getUploadTaskName,1,0,0.0,0,0.0,0,39,1,0,3,0,1,0,0.0,0,0,1,1,0.0,0,0.0,0,1,0.0,0,0.0,0.014285714285714285,275,93,0.0,69,1,70,1,0,34,1,0,1,0,0,1,0,0,0,0,70,0.11180124223602483,70,1.0,70,70,1,0,70,0,0,70,14,1,0,0,0,0,0,70,70,37,3466,3389,7,0,55,57,1.0,60,0,694,27,411,127,30624
2025-07-10,argo,com.grab.plugin.sizer.fake,FakeConfiguration,getTaskDependencyFromProjectDependency,1,0,0.0,0,0.0,0,39,1,0,3,0,1,0,0.0,0,0,1,1,0.0,0,0.0,2,1,0.0,0,0.0,0.014285714285714285,275,93,0.0,69,1,70,1,0,34,1,0,1,0,0,1,0,0,0,0,70,0.11180124223602483,70,1.0,70,70,1,0,70,0,0,70,14,1,0,0,0,0,0,70,70,37,3466,3389,7,0,55,57,1.0,60,0,694,27,411,127,30624
2025-07-10,argo,com.grab.plugin.sizer.fake,FakeConfiguration,getAllDependencies,1,0,0.0,0,0.0,0,39,1,0,3,0,1,0,0.0,0,0,1,1,0.0,0,0.0,0,1,0.0,0,0.0,0.014285714285714285,275,93,0.0,69,1,70,1,0,34,1,0,1,0,0,1,0,0,0,0,70,0.11180124223602483,70,1.0,70,70,1,0,70,0,0,70,14,1,0,0,0,0,0,70,70,37,3466,3389,7,0,55,57,1.0,60,0,694,27,411,127,30624
2025-07-10,argo,com.grab.plugin.sizer.fake,FakeConfiguration,getDependencyConstraints,1,0,0.0,0,0.0,0,39,1,0,3,0,1,0,0.0,0,0,1,1,0.0,0,0.0,0,1,0.0,0,0.0,0.014285714285714285,275,93,0.0,69,1,70,1,0,34,1,0,1,0,0,1,0,0,0,0,70,0.11180124223602483,70,1.0,70,70,1,0,70,0,0,70,14,1,0,0,0,0,0,70,70,37,3466,3389,7,0,55,57,1.0,60,0,694,27,411,127,30624
2025-07-10,argo,com.grab.plugin.sizer.fake,FakeConfiguration,getAllDependencyConstraints,1,0,0.0,0,0.0,0,39,1,0,3,0,1,0,0.0,0,0,1,1,0.0,0,0.0,0,1,0.0,0,0.0,0.014285714285714285,275,93,0.0,69,1,70,1,0,34,1,0,1,0,0,1,0,0,0,0,70,0.11180124223602483,70,1.0,70,70,1,0,70,0,0,70,14,1,0,0,0,0,0,70,70,37,3466,3389,7,0,55,57,1.0,60,0,694,27,411,127,30624
2025-07-10,argo,com.grab.plugin.sizer.fake,FakeConfiguration,getArtifacts,1,0,0.0,0,0.0,0,39,1,0,3,0,1,0,0.0,0,0,1,1,0.0,0,0.0,0,1,0.0,0,0.0,0.014285714285714285,275,93,0.0,69,1,70,1,0,34,1,0,1,0,0,1,0,0,0,0,70,0.11180124223602483,70,1.0,70,70,1,0,70,0,0,70,14,1,0,0,0,0,0,70,70,37,3466,3389,7,0,55,57,1.0,60,0,694,27,411,127,30624
2025-07-10,argo,com.grab.plugin.sizer.fake,FakeConfiguration,getAllArtifacts,1,0,0.0,0,0.0,0,39,1,0,3,0,1,0,0.0,0,0,1,1,0.0,0,0.0,0,1,0.0,0,0.0,0.014285714285714285,275,93,0.0,69,1,70,1,0,34,1,0,1,0,0,1,0,0,0,0,70,0.11180124223602483,70,1.0,70,70,1,0,70,0,0,70,14,1,0,0,0,0,0,70,70,37,3466,3389,7,0,55,57,1.0,60,0,694,27,411,127,30624
2025-07-10,argo,com.grab.plugin.sizer.fake,FakeConfiguration,getExcludeRules,1,0,0.0,0,0.0,0,39,1,0,3,0,1,0,0.0,0,0,1,1,0.0,0,0.0,0,1,0.0,0,0.0,0.014285714285714285,275,93,0.0,69,1,70,1,0,34,1,0,1,0,0,1,0,0,0,0,70,0.11180124223602483,70,1.0,70,70,1,0,70,0,0,70,14,1,0,0,0,0,0,70,70,37,3466,3389,7,0,55,57,1.0,60,0,694,27,411,127,30624
2025-07-10,argo,com.grab.plugin.sizer.fake,FakeConfiguration,exclude,1,0,0.0,0,0.0,0,39,1,0,3,0,1,0,0.0,0,0,1,1,0.0,0,0.0,1,1,0.0,0,0.0,0.014285714285714285,275,93,0.0,69,1,70,1,0,34,1,0,1,0,0,1,0,0,0,0,70,0.11180124223602483,70,1.0,70,70,1,0,70,0,0,70,14,1,0,0,0,0,0,70,70,37,3466,3389,7,0,55,57,1.0,60,0,694,27,411,127,30624
2025-07-10,argo,com.grab.plugin.sizer.fake,FakeConfiguration,defaultDependencies,1,0,0.0,0,0.0,0,39,1,0,3,0,1,0,0.0,0,0,1,1,0.0,0,0.0,1,1,0.0,0,0.0,0.014285714285714285,275,93,0.0,69,1,70,1,0,34,1,0,1,0,0,1,0,0,0,0,70,0.11180124223602483,70,1.0,70,70,1,0,70,0,0,70,14,1,0,0,0,0,0,70,70,37,3466,3389,7,0,55,57,1.0,60,0,694,27,411,127,30624
2025-07-10,argo,com.grab.plugin.sizer.fake,FakeConfiguration,withDependencies,1,0,0.0,0,0.0,0,39,1,0,3,0,1,0,0.0,0,0,1,1,0.0,0,0.0,1,1,0.0,0,0.0,0.014285714285714285,275,93,0.0,69,1,70,1,0,34,1,0,1,0,0,1,0,0,0,0,70,0.11180124223602483,70,1.0,70,70,1,0,70,0,0,70,14,1,0,0,0,0,0,70,70,37,3466,3389,7,0,55,57,1.0,60,0,694,27,411,127,30624
2025-07-10,argo,com.grab.plugin.sizer.fake,FakeConfiguration,getAll,1,0,0.0,0,0.0,0,39,1,0,3,0,1,0,0.0,0,0,1,1,0.0,0,0.0,0,1,0.0,0,0.0,0.014285714285714285,275,93,0.0,69,1,70,1,0,34,1,0,1,0,0,1,0,0,0,0,70,0.11180124223602483,70,1.0,70,70,1,0,70,0,0,70,14,1,0,0,0,0,0,70,70,37,3466,3389,7,0,55,57,1.0,60,0,694,27,411,127,30624
2025-07-10,argo,com.grab.plugin.sizer.fake,FakeConfiguration,getIncoming,1,0,0.0,0,0.0,0,39,1,0,3,0,1,0,0.0,0,0,1,1,0.0,0,0.0,0,1,0.0,0,0.0,0.014285714285714285,275,93,0.0,69,1,70,1,0,34,1,0,1,0,0,1,0,0,0,0,70,0.11180124223602483,70,1.0,70,70,1,0,70,0,0,70,14,1,0,0,0,0,0,70,70,37,3466,3389,7,0,55,57,1.0,60,0,694,27,411,127,30624
2025-07-10,argo,com.grab.plugin.sizer.fake,FakeConfiguration,getOutgoing,1,0,0.0,0,0.0,0,39,1,0,3,0,1,0,0.0,0,0,1,1,0.0,0,0.0,0,1,0.0,0,0.0,0.014285714285714285,275,93,0.0,69,1,70,1,0,34,1,0,1,0,0,1,0,0,0,0,70,0.11180124223602483,70,1.0,70,70,1,0,70,0,0,70,14,1,0,0,0,0,0,70,70,37,3466,3389,7,0,55,57,1.0,60,0,694,27,411,127,30624
2025-07-10,argo,com.grab.plugin.sizer.fake,FakeConfiguration,outgoing,1,0,0.0,0,0.0,0,39,1,0,3,0,1,0,0.0,0,0,1,1,0.0,0,0.0,1,1,0.0,0,0.0,0.014285714285714285,275,93,0.0,69,1,70,1,0,34,1,0,1,0,0,1,0,0,0,0,70,0.11180124223602483,70,1.0,70,70,1,0,70,0,0,70,14,1,0,0,0,0,0,70,70,37,3466,3389,7,0,55,57,1.0,60,0,694,27,411,127,30624
2025-07-10,argo,com.grab.plugin.sizer.fake,FakeConfiguration,copy,1,0,0.0,0,0.0,0,39,1,0,3,0,1,0,0.0,0,0,1,1,0.0,0,0.0,0,1,0.0,0,0.0,0.014285714285714285,275,93,0.0,69,1,70,1,0,34,1,0,1,0,0,1,0,0,0,0,70,0.11180124223602483,70,1.0,70,70,1,0,70,0,0,70,14,1,0,0,0,0,0,70,70,37,3466,3389,7,0,55,57,1.0,60,0,694,27,411,127,30624
2025-07-10,argo,com.grab.plugin.sizer.fake,FakeConfiguration,copy,1,0,0.0,0,0.0,0,39,1,0,3,0,1,0,0.0,0,0,1,1,0.0,0,0.0,1,1,0.0,0,0.0,0.014285714285714285,275,93,0.0,69,1,70,1,0,34,1,0,1,0,0,1,0,0,0,0,70,0.11180124223602483,70,1.0,70,70,1,0,70,0,0,70,14,1,0,0,0,0,0,70,70,37,3466,3389,7,0,55,57,1.0,60,0,694,27,411,127,30624
2025-07-10,argo,com.grab.plugin.sizer.fake,FakeConfiguration,copy,1,0,0.0,0,0.0,0,39,1,0,3,0,1,0,0.0,0,0,1,1,0.0,0,0.0,1,1,0.0,0,0.0,0.014285714285714285,275,93,0.0,69,1,70,1,0,34,1,0,1,0,0,1,0,0,0,0,70,0.11180124223602483,70,1.0,70,70,1,0,70,0,0,70,14,1,0,0,0,0,0,70,70,37,3466,3389,7,0,55,57,1.0,60,0,694,27,411,127,30624
2025-07-10,argo,com.grab.plugin.sizer.fake,FakeConfiguration,copyRecursive,1,0,0.0,0,0.0,0,39,1,0,3,0,1,0,0.0,0,0,1,1,0.0,0,0.0,0,1,0.0,0,0.0,0.014285714285714285,275,93,0.0,69,1,70,1,0,34,1,0,1,0,0,1,0,0,0,0,70,0.11180124223602483,70,1.0,70,70,1,0,70,0,0,70,14,1,0,0,0,0,0,70,70,37,3466,3389,7,0,55,57,1.0,60,0,694,27,411,127,30624
2025-07-10,argo,com.grab.plugin.sizer.fake,FakeConfiguration,copyRecursive,1,0,0.0,0,0.0,0,39,1,0,3,0,1,0,0.0,0,0,1,1,0.0,0,0.0,1,1,0.0,0,0.0,0.014285714285714285,275,93,0.0,69,1,70,1,0,34,1,0,1,0,0,1,0,0,0,0,70,0.11180124223602483,70,1.0,70,70,1,0,70,0,0,70,14,1,0,0,0,0,0,70,70,37,3466,3389,7,0,55,57,1.0,60,0,694,27,411,127,30624
2025-07-10,argo,com.grab.plugin.sizer.fake,FakeConfiguration,copyRecursive,1,0,0.0,0,0.0,0,39,1,0,3,0,1,0,0.0,0,0,1,1,0.0,0,0.0,1,1,0.0,0,0.0,0.014285714285714285,275,93,0.0,69,1,70,1,0,34,1,0,1,0,0,1,0,0,0,0,70,0.11180124223602483,70,1.0,70,70,1,0,70,0,0,70,14,1,0,0,0,0,0,70,70,37,3466,3389,7,0,55,57,1.0,60,0,694,27,411,127,30624
2025-07-10,argo,com.grab.plugin.sizer.fake,FakeConfiguration,setCanBeConsumed,1,0,0.0,0,0.0,0,39,1,0,3,0,1,0,0.0,0,0,1,1,0.0,0,0.0,1,1,0.0,0,0.0,0.014285714285714285,275,93,0.0,69,1,70,1,0,34,1,0,1,0,0,1,0,0,0,0,70,0.11180124223602483,70,1.0,70,70,1,0,70,0,0,70,14,1,0,0,0,0,0,70,70,37,3466,3389,7,0,55,57,1.0,60,0,694,27,411,127,30624
2025-07-10,argo,com.grab.plugin.sizer.fake,FakeConfiguration,isCanBeConsumed,1,0,0.0,0,0.0,0,39,1,0,3,0,1,0,0.0,0,0,1,1,0.0,0,0.0,0,1,0.0,0,0.0,0.014285714285714285,275,93,0.0,69,1,70,1,0,34,1,0,1,0,0,1,0,0,0,0,70,0.11180124223602483,70,1.0,70,70,1,0,70,0,0,70,14,1,0,0,0,0,0,70,70,37,3466,3389,7,0,55,57,1.0,60,0,694,27,411,127,30624
2025-07-10,argo,com.grab.plugin.sizer.fake,FakeConfiguration,setCanBeResolved,1,0,0.0,0,0.0,0,39,1,0,3,0,1,0,0.0,0,0,1,1,0.0,0,0.0,1,1,0.0,0,0.0,0.014285714285714285,275,93,0.0,69,1,70,1,0,34,1,0,1,0,0,1,0,0,0,0,70,0.11180124223602483,70,1.0,70,70,1,0,70,0,0,70,14,1,0,0,0,0,0,70,70,37,3466,3389,7,0,55,57,1.0,60,0,694,27,411,127,30624
2025-07-10,argo,com.grab.plugin.sizer.fake,FakeConfiguration,setCanBeDeclared,1,0,0.0,0,0.0,0,39,1,0,3,0,1,0,0.0,0,0,1,1,0.0,0,0.0,1,1,0.0,0,0.0,0.014285714285714285,275,93,0.0,69,1,70,1,0,34,1,0,1,0,0,1,0,0,0,0,70,0.11180124223602483,70,1.0,70,70,1,0,70,0,0,70,14,1,0,0,0,0,0,70,70,37,3466,3389,7,0,55,57,1.0,60,0,694,27,411,127,30624
2025-07-10,argo,com.grab.plugin.sizer.fake,FakeConfiguration,isCanBeDeclared,1,0,0.0,0,0.0,0,39,1,0,3,0,1,0,0.0,0,0,1,1,0.0,0,0.0,0,1,0.0,0,0.0,0.014285714285714285,275,93,0.0,69,1,70,1,0,34,1,0,1,0,0,1,0,0,0,0,70,0.11180124223602483,70,1.0,70,70,1,0,70,0,0,70,14,1,0,0,0,0,0,70,70,37,3466,3389,7,0,55,57,1.0,60,0,694,27,411,127,30624
2025-07-10,argo,com.grab.plugin.sizer.fake,FakeConfiguration,shouldResolveConsistentlyWith,1,0,0.0,0,0.0,0,39,1,0,3,0,1,0,0.0,0,0,1,1,0.0,0,0.0,1,1,0.0,0,0.0,0.014285714285714285,275,93,0.0,69,1,70,1,0,34,1,0,1,0,0,1,0,0,0,0,70,0.11180124223602483,70,1.0,70,70,1,0,70,0,0,70,14,1,0,0,0,0,0,70,70,37,3466,3389,7,0,55,57,1.0,60,0,694,27,411,127,30624
2025-07-10,argo,com.grab.plugin.sizer.fake,FakeConfiguration,disableConsistentResolution,1,0,0.0,0,0.0,0,39,1,0,3,0,1,0,0.0,0,0,1,1,0.0,0,0.0,0,1,0.0,0,0.0,0.014285714285714285,275,93,0.0,69,1,70,1,0,34,1,0,1,0,0,1,0,0,0,0,70,0.11180124223602483,70,1.0,70,70,1,0,70,0,0,70,14,1,0,0,0,0,0,70,70,37,3466,3389,7,0,55,57,1.0,60,0,694,27,411,127,30624
2025-07-10,argo,com.grab.plugin.sizer.fake,FakeDependencySet,iterator,2,1,1.0,2,1.0,0,2,1,0,13,0,2,2,0.0,2,0,0,5,0.0,1,2.0,0,0,0.0,0,0.0,0.038461538461538464,117,82,0.041666666666666664,26,1,26,1,0,16,1,0,0,0,0,1,0,0,0,0,26,0.07692307692307687,26,1.0,26,26,1,0,26,0,0,26,1,1,0,0,0,0,0,29,29,37,3466,3389,7,0,19,24,1.05,60,0,694,27,411,127,30624
2025-07-10,argo,com.grab.plugin.sizer.fake,FakeDependencySet,contains,1,0,0.0,0,0.0,0,2,1,0,3,0,1,0,0.0,0,0,1,1,0.0,0,0.0,1,1,0.0,0,0.0,0.038461538461538464,117,82,0.041666666666666664,26,1,26,1,0,16,1,0,0,0,0,1,0,0,0,0,26,0.07692307692307687,26,1.0,26,26,1,0,26,0,0,26,1,1,0,0,0,0,0,29,29,37,3466,3389,7,0,19,24,1.05,60,0,694,27,411,127,30624
2025-07-10,argo,com.grab.plugin.sizer.fake,FakeDependencySet,add,1,0,0.0,0,0.0,0,2,1,0,3,0,1,0,0.0,0,0,1,1,0.0,0,0.0,1,1,0.0,0,0.0,0.038461538461538464,117,82,0.041666666666666664,26,1,26,1,0,16,1,0,0,0,0,1,0,0,0,0,26,0.07692307692307687,26,1.0,26,26,1,0,26,0,0,26,1,1,0,0,0,0,0,29,29,37,3466,3389,7,0,19,24,1.05,60,0,694,27,411,127,30624
2025-07-10,argo,com.grab.plugin.sizer.fake,FakeDependencySet,addAll,1,0,0.0,0,0.0,0,2,1,0,3,0,1,0,0.0,0,0,1,1,0.0,0,0.0,1,1,0.0,0,0.0,0.038461538461538464,117,82,0.041666666666666664,26,1,26,1,0,16,1,0,0,0,0,1,0,0,0,0,26,0.07692307692307687,26,1.0,26,26,1,0,26,0,0,26,1,1,0,0,0,0,0,29,29,37,3466,3389,7,0,19,24,1.05,60,0,694,27,411,127,30624
2025-07-10,argo,com.grab.plugin.sizer.fake,FakeDependencySet,clear,1,0,0.0,0,0.0,0,2,1,0,3,0,1,0,0.0,0,0,1,1,0.0,0,0.0,0,1,0.0,0,0.0,0.038461538461538464,117,82,0.041666666666666664,26,1,26,1,0,16,1,0,0,0,0,1,0,0,0,0,26,0.07692307692307687,26,1.0,26,26,1,0,26,0,0,26,1,1,0,0,0,0,0,29,29,37,3466,3389,7,0,19,24,1.05,60,0,694,27,411,127,30624
2025-07-10,argo,com.grab.plugin.sizer.fake,FakeDependencySet,remove,1,0,0.0,0,0.0,0,2,1,0,3,0,1,0,0.0,0,0,1,1,0.0,0,0.0,1,1,0.0,0,0.0,0.038461538461538464,117,82,0.041666666666666664,26,1,26,1,0,16,1,0,0,0,0,1,0,0,0,0,26,0.07692307692307687,26,1.0,26,26,1,0,26,0,0,26,1,1,0,0,0,0,0,29,29,37,3466,3389,7,0,19,24,1.05,60,0,694,27,411,127,30624
2025-07-10,argo,com.grab.plugin.sizer.fake,FakeDependencySet,removeAll,1,0,0.0,0,0.0,0,2,1,0,3,0,1,0,0.0,0,0,1,1,0.0,0,0.0,1,1,0.0,0,0.0,0.038461538461538464,117,82,0.041666666666666664,26,1,26,1,0,16,1,0,0,0,0,1,0,0,0,0,26,0.07692307692307687,26,1.0,26,26,1,0,26,0,0,26,1,1,0,0,0,0,0,29,29,37,3466,3389,7,0,19,24,1.05,60,0,694,27,411,127,30624
2025-07-10,argo,com.grab.plugin.sizer.fake,FakeDependencySet,retainAll,1,0,0.0,0,0.0,0,2,1,0,3,0,1,0,0.0,0,0,1,1,0.0,0,0.0,1,1,0.0,0,0.0,0.038461538461538464,117,82,0.041666666666666664,26,1,26,1,0,16,1,0,0,0,0,1,0,0,0,0,26,0.07692307692307687,26,1.0,26,26,1,0,26,0,0,26,1,1,0,0,0,0,0,29,29,37,3466,3389,7,0,19,24,1.05,60,0,694,27,411,127,30624
2025-07-10,argo,com.grab.plugin.sizer.fake,FakeDependencySet,containsAll,1,0,0.0,0,0.0,0,2,1,0,3,0,1,0,0.0,0,0,1,1,0.0,0,0.0,1,1,0.0,0,0.0,0.038461538461538464,117,82,0.041666666666666664,26,1,26,1,0,16,1,0,0,0,0,1,0,0,0,0,26,0.07692307692307687,26,1.0,26,26,1,0,26,0,0,26,1,1,0,0,0,0,0,29,29,37,3466,3389,7,0,19,24,1.05,60,0,694,27,411,127,30624
2025-07-10,argo,com.grab.plugin.sizer.fake,FakeDependencySet,isEmpty,1,0,0.0,0,0.0,0,2,1,0,3,0,1,0,0.0,0,0,1,1,0.0,0,0.0,0,1,0.0,0,0.0,0.038461538461538464,117,82,0.041666666666666664,26,1,26,1,0,16,1,0,0,0,0,1,0,0,0,0,26,0.07692307692307687,26,1.0,26,26,1,0,26,0,0,26,1,1,0,0,0,0,0,29,29,37,3466,3389,7,0,19,24,1.05,60,0,694,27,411,127,30624
2025-07-10,argo,com.grab.plugin.sizer.fake,FakeDependencySet,addLater,1,0,0.0,0,0.0,0,2,1,0,3,0,1,0,0.0,0,0,1,1,0.0,0,0.0,1,1,0.0,0,0.0,0.038461538461538464,117,82,0.041666666666666664,26,1,26,1,0,16,1,0,0,0,0,1,0,0,0,0,26,0.07692307692307687,26,1.0,26,26,1,0,26,0,0,26,1,1,0,0,0,0,0,29,29,37,3466,3389,7,0,19,24,1.05,60,0,694,27,411,127,30624
2025-07-10,argo,com.grab.plugin.sizer.fake,FakeDependencySet,addAllLater,1,0,0.0,0,0.0,0,2,1,0,3,0,1,0,0.0,0,0,1,1,0.0,0,0.0,1,1,0.0,0,0.0,0.038461538461538464,117,82,0.041666666666666664,26,1,26,1,0,16,1,0,0,0,0,1,0,0,0,0,26,0.07692307692307687,26,1.0,26,26,1,0,26,0,0,26,1,1,0,0,0,0,0,29,29,37,3466,3389,7,0,19,24,1.05,60,0,694,27,411,127,30624
2025-07-10,argo,com.grab.plugin.sizer.fake,FakeDependencySet,withType,1,0,0.0,0,0.0,0,2,1,0,3,0,1,0,0.0,0,0,1,1,0.0,0,0.0,1,1,0.0,0,0.0,0.038461538461538464,117,82,0.041666666666666664,26,1,26,1,0,16,1,0,0,0,0,1,0,0,0,0,26,0.07692307692307687,26,1.0,26,26,1,0,26,0,0,26,1,1,0,0,0,0,0,29,29,37,3466,3389,7,0,19,24,1.05,60,0,694,27,411,127,30624
2025-07-10,argo,com.grab.plugin.sizer.fake,FakeDependencySet,withType,1,0,0.0,0,0.0,0,2,1,0,3,0,1,0,0.0,0,0,1,1,0.0,0,0.0,2,1,0.0,0,0.0,0.038461538461538464,117,82,0.041666666666666664,26,1,26,1,0,16,1,0,0,0,0,1,0,0,0,0,26,0.07692307692307687,26,1.0,26,26,1,0,26,0,0,26,1,1,0,0,0,0,0,29,29,37,3466,3389,7,0,19,24,1.05,60,0,694,27,411,127,30624
2025-07-10,argo,com.grab.plugin.sizer.fake,FakeDependencySet,withType,1,0,0.0,0,0.0,0,2,1,0,3,0,1,0,0.0,0,0,1,1,0.0,0,0.0,2,1,0.0,0,0.0,0.038461538461538464,117,82,0.041666666666666664,26,1,26,1,0,16,1,0,0,0,0,1,0,0,0,0,26,0.07692307692307687,26,1.0,26,26,1,0,26,0,0,26,1,1,0,0,0,0,0,29,29,37,3466,3389,7,0,19,24,1.05,60,0,694,27,411,127,30624
2025-07-10,argo,com.grab.plugin.sizer.fake,FakeDependencySet,matching,1,0,0.0,0,0.0,0,2,1,0,3,0,1,0,0.0,0,0,1,1,0.0,0,0.0,1,1,0.0,0,0.0,0.038461538461538464,117,82,0.041666666666666664,26,1,26,1,0,16,1,0,0,0,0,1,0,0,0,0,26,0.07692307692307687,26,1.0,26,26,1,0,26,0,0,26,1,1,0,0,0,0,0,29,29,37,3466,3389,7,0,19,24,1.05,60,0,694,27,411,127,30624
2025-07-10,argo,com.grab.plugin.sizer.fake,FakeDependencySet,matching,1,0,0.0,0,0.0,0,2,1,0,3,0,1,0,0.0,0,0,1,1,0.0,0,0.0,1,1,0.0,0,0.0,0.038461538461538464,117,82,0.041666666666666664,26,1,26,1,0,16,1,0,0,0,0,1,0,0,0,0,26,0.07692307692307687,26,1.0,26,26,1,0,26,0,0,26,1,1,0,0,0,0,0,29,29,37,3466,3389,7,0,19,24,1.05,60,0,694,27,411,127,30624
2025-07-10,argo,com.grab.plugin.sizer.fake,FakeDependencySet,whenObjectAdded,1,0,0.0,0,0.0,0,2,1,0,3,0,1,0,0.0,0,0,1,1,0.0,0,0.0,1,1,0.0,0,0.0,0.038461538461538464,117,82,0.041666666666666664,26,1,26,1,0,16,1,0,0,0,0,1,0,0,0,0,26,0.07692307692307687,26,1.0,26,26,1,0,26,0,0,26,1,1,0,0,0,0,0,29,29,37,3466,3389,7,0,19,24,1.05,60,0,694,27,411,127,30624
2025-07-10,argo,com.grab.plugin.sizer.fake,FakeDependencySet,whenObjectAdded,1,0,0.0,0,0.0,0,2,1,0,3,0,1,0,0.0,0,0,1,1,0.0,0,0.0,1,1,0.0,0,0.0,0.038461538461538464,117,82,0.041666666666666664,26,1,26,1,0,16,1,0,0,0,0,1,0,0,0,0,26,0.07692307692307687,26,1.0,26,26,1,0,26,0,0,26,1,1,0,0,0,0,0,29,29,37,3466,3389,7,0,19,24,1.05,60,0,694,27,411,127,30624
2025-07-10,argo,com.grab.plugin.sizer.fake,FakeDependencySet,whenObjectRemoved,1,0,0.0,0,0.0,0,2,1,0,3,0,1,0,0.0,0,0,1,1,0.0,0,0.0,1,1,0.0,0,0.0,0.038461538461538464,117,82,0.041666666666666664,26,1,26,1,0,16,1,0,0,0,0,1,0,0,0,0,26,0.07692307692307687,26,1.0,26,26,1,0,26,0,0,26,1,1,0,0,0,0,0,29,29,37,3466,3389,7,0,19,24,1.05,60,0,694,27,411,127,30624
2025-07-10,argo,com.grab.plugin.sizer.fake,FakeDependencySet,whenObjectRemoved,1,0,0.0,0,0.0,0,2,1,0,3,0,1,0,0.0,0,0,1,1,0.0,0,0.0,1,1,0.0,0,0.0,0.038461538461538464,117,82,0.041666666666666664,26,1,26,1,0,16,1,0,0,0,0,1,0,0,0,0,26,0.07692307692307687,26,1.0,26,26,1,0,26,0,0,26,1,1,0,0,0,0,0,29,29,37,3466,3389,7,0,19,24,1.05,60,0,694,27,411,127,30624
2025-07-10,argo,com.grab.plugin.sizer.fake,FakeDependencySet,all,1,0,0.0,0,0.0,0,2,1,0,3,0,1,0,0.0,0,0,1,1,0.0,0,0.0,1,1,0.0,0,0.0,0.038461538461538464,117,82,0.041666666666666664,26,1,26,1,0,16,1,0,0,0,0,1,0,0,0,0,26,0.07692307692307687,26,1.0,26,26,1,0,26,0,0,26,1,1,0,0,0,0,0,29,29,37,3466,3389,7,0,19,24,1.05,60,0,694,27,411,127,30624
2025-07-10,argo,com.grab.plugin.sizer.fake,FakeDependencySet,all,1,0,0.0,0,0.0,0,2,1,0,3,0,1,0,0.0,0,0,1,1,0.0,0,0.0,1,1,0.0,0,0.0,0.038461538461538464,117,82,0.041666666666666664,26,1,26,1,0,16,1,0,0,0,0,1,0,0,0,0,26,0.07692307692307687,26,1.0,26,26,1,0,26,0,0,26,1,1,0,0,0,0,0,29,29,37,3466,3389,7,0,19,24,1.05,60,0,694,27,411,127,30624
2025-07-10,argo,com.grab.plugin.sizer.fake,FakeDependencySet,configureEach,1,0,0.0,0,0.0,0,2,1,0,3,0,1,0,0.0,0,0,1,1,0.0,0,0.0,1,1,0.0,0,0.0,0.038461538461538464,117,82,0.041666666666666664,26,1,26,1,0,16,1,0,0,0,0,1,0,0,0,0,26,0.07692307692307687,26,1.0,26,26,1,0,26,0,0,26,1,1,0,0,0,0,0,29,29,37,3466,3389,7,0,19,24,1.05,60,0,694,27,411,127,30624
2025-07-10,argo,com.grab.plugin.sizer.fake,FakeDependencySet,findAll,1,0,0.0,0,0.0,0,2,1,0,3,0,1,0,0.0,0,0,1,1,0.0,0,0.0,1,1,0.0,0,0.0,0.038461538461538464,117,82,0.041666666666666664,26,1,26,1,0,16,1,0,0,0,0,1,0,0,0,0,26,0.07692307692307687,26,1.0,26,26,1,0,26,0,0,26,1,1,0,0,0,0,0,29,29,37,3466,3389,7,0,19,24,1.05,60,0,694,27,411,127,30624
2025-07-10,argo,com.grab.plugin.sizer.fake,FakeDependencySet,getBuildDependencies,1,0,0.0,0,0.0,0,2,1,0,3,0,1,0,0.0,0,0,1,1,0.0,0,0.0,0,1,0.0,0,0.0,0.038461538461538464,117,82,0.041666666666666664,26,1,26,1,0,16,1,0,0,0,0,1,0,0,0,0,26,0.07692307692307687,26,1.0,26,26,1,0,26,0,0,26,1,1,0,0,0,0,0,29,29,37,3466,3389,7,0,19,24,1.05,60,0,694,27,411,127,30624
2025-07-10,argo,com.grab.plugin.sizer.fake,FakeResolvedConfiguration,getFirstLevelModuleDependencies,1,0,0.0,1,1.0,0,6,1,0,3,0,1,0,0.0,0,0,0,2,0.0,2,2.0,0,0,0.0,0,0.0,0.125,33,6,0.0,8,0,8,1,0,7,1,0,0,0,0,0,0,0,0,0,8,0.25,8,1.0,8,8,0,0,0,0,0,0,0,4,0,0,0,0,0,8,8,37,3466,3389,7,0,18,25,1.0769230769230769,60,0,694,27,411,127,30624
2025-07-10,argo,com.grab.plugin.sizer.fake,FakeResolvedConfiguration,hasError,1,0,0.0,0,0.0,0,6,1,0,3,0,1,0,0.0,0,0,1,1,0.0,0,0.0,0,1,0.0,0,0.0,0.125,33,6,0.0,8,0,8,1,0,7,1,0,0,0,0,0,0,0,0,0,8,0.25,8,1.0,8,8,0,0,0,0,0,0,0,4,0,0,0,0,0,8,8,37,3466,3389,7,0,18,25,1.0769230769230769,60,0,694,27,411,127,30624
2025-07-10,argo,com.grab.plugin.sizer.fake,FakeResolvedConfiguration,getLenientConfiguration,1,0,0.0,0,0.0,0,6,1,0,3,0,1,0,0.0,0,0,1,1,0.0,0,0.0,0,1,0.0,0,0.0,0.125,33,6,0.0,8,0,8,1,0,7,1,0,0,0,0,0,0,0,0,0,8,0.25,8,1.0,8,8,0,0,0,0,0,0,0,4,0,0,0,0,0,8,8,37,3466,3389,7,0,18,25,1.0769230769230769,60,0,694,27,411,127,30624
2025-07-10,argo,com.grab.plugin.sizer.fake,FakeResolvedConfiguration,rethrowFailure,1,0,0.0,0,0.0,0,6,1,0,3,0,1,0,0.0,0,0,1,1,0.0,0,0.0,0,1,0.0,0,0.0,0.125,33,6,0.0,8,0,8,1,0,7,1,0,0,0,0,0,0,0,0,0,8,0.25,8,1.0,8,8,0,0,0,0,0,0,0,4,0,0,0,0,0,8,8,37,3466,3389,7,0,18,25,1.0769230769230769,60,0,694,27,411,127,30624
2025-07-10,argo,com.grab.plugin.sizer.fake,FakeResolvedConfiguration,getFiles,1,0,0.0,0,0.0,0,6,1,0,3,0,1,0,0.0,0,0,1,1,0.0,0,0.0,0,1,0.0,0,0.0,0.125,33,6,0.0,8,0,8,1,0,7,1,0,0,0,0,0,0,0,0,0,8,0.25,8,1.0,8,8,0,0,0,0,0,0,0,4,0,0,0,0,0,8,8,37,3466,3389,7,0,18,25,1.0769230769230769,60,0,694,27,411,127,30624
2025-07-10,argo,com.grab.plugin.sizer.fake,FakeResolvedConfiguration,getFiles,1,0,0.0,0,0.0,0,6,1,0,3,0,1,0,0.0,0,0,1,1,0.0,0,0.0,1,1,0.0,0,0.0,0.125,33,6,0.0,8,0,8,1,0,7,1,0,0,0,0,0,0,0,0,0,8,0.25,8,1.0,8,8,0,0,0,0,0,0,0,4,0,0,0,0,0,8,8,37,3466,3389,7,0,18,25,1.0769230769230769,60,0,694,27,411,127,30624
2025-07-10,argo,com.grab.plugin.sizer.fake,FakeResolvedConfiguration,getFirstLevelModuleDependencies,1,0,0.0,0,0.0,0,6,1,0,3,0,1,0,0.0,0,0,1,1,0.0,0,0.0,1,1,0.0,0,0.0,0.125,33,6,0.0,8,0,8,1,0,7,1,0,0,0,0,0,0,0,0,0,8,0.25,8,1.0,8,8,0,0,0,0,0,0,0,4,0,0,0,0,0,8,8,37,3466,3389,7,0,18,25,1.0769230769230769,60,0,694,27,411,127,30624
2025-07-10,argo,com.grab.plugin.sizer.fake,FakeResolvedConfiguration,getResolvedArtifacts,1,0,0.0,0,0.0,0,6,1,0,3,0,1,0,0.0,0,0,1,1,0.0,0,0.0,0,1,0.0,0,0.0,0.125,33,6,0.0,8,0,8,1,0,7,1,0,0,0,0,0,0,0,0,0,8,0.25,8,1.0,8,8,0,0,0,0,0,0,0,4,0,0,0,0,0,8,8,37,3466,3389,7,0,18,25,1.0769230769230769,60,0,694,27,411,127,30624
2025-07-10,argo,com.grab.plugin.sizer.fake,FakeResolvedArtifact,getFile,1,0,0.0,1,1.0,0,7,1,0,3,0,1,0,0.0,0,0,0,2,0.0,0,3.0,0,0,0.0,0,0.0,0.125,39,0,0.0,7,0,7,1,0,5,1,0,0,0,0,0,0,0,0,0,7,0.5238095238095238,7,1.0,7,7,0,0,0,0,0,0,0,4,0,0,0,0,0,11,11,37,3466,3389,7,0,18,25,1.0769230769230769,60,0,694,27,411,127,30624
2025-07-10,argo,com.grab.plugin.sizer.fake,FakeResolvedArtifact,getModuleVersion,1,0,0.0,0,0.0,0,7,1,0,3,0,1,0,0.0,0,0,1,1,0.0,0,0.0,0,1,0.0,0,0.0,0.125,39,0,0.0,7,0,7,1,0,5,1,0,0,0,0,0,0,0,0,0,7,0.5238095238095238,7,1.0,7,7,0,0,0,0,0,0,0,4,0,0,0,0,0,11,11,37,3466,3389,7,0,18,25,1.0769230769230769,60,0,694,27,411,127,30624
2025-07-10,argo,com.grab.plugin.sizer.fake,FakeResolvedArtifact,getName,1,0,0.0,0,0.0,0,7,1,0,3,0,1,0,0.0,0,0,1,1,0.0,0,0.0,0,1,0.0,0,0.0,0.125,39,0,0.0,7,0,7,1,0,5,1,0,0,0,0,0,0,0,0,0,7,0.5238095238095238,7,1.0,7,7,0,0,0,0,0,0,0,4,0,0,0,0,0,11,11,37,3466,3389,7,0,18,25,1.0769230769230769,60,0,694,27,411,127,30624
2025-07-10,argo,com.grab.plugin.sizer.fake,FakeResolvedArtifact,getType,1,0,0.0,0,0.0,0,7,1,0,3,0,1,0,0.0,0,0,1,1,0.0,0,0.0,0,1,0.0,0,0.0,0.125,39,0,0.0,7,0,7,1,0,5,1,0,0,0,0,0,0,0,0,0,7,0.5238095238095238,7,1.0,7,7,0,0,0,0,0,0,0,4,0,0,0,0,0,11,11,37,3466,3389,7,0,18,25,1.0769230769230769,60,0,694,27,411,127,30624
2025-07-10,argo,com.grab.plugin.sizer.fake,FakeResolvedArtifact,getExtension,1,0,0.0,0,0.0,0,7,1,0,3,0,1,0,0.0,0,0,1,1,0.0,0,0.0,0,1,0.0,0,0.0,0.125,39,0,0.0,7,0,7,1,0,5,1,0,0,0,0,0,0,0,0,0,7,0.5238095238095238,7,1.0,7,7,0,0,0,0,0,0,0,4,0,0,0,0,0,11,11,37,3466,3389,7,0,18,25,1.0769230769230769,60,0,694,27,411,127,30624
2025-07-10,argo,com.grab.plugin.sizer.fake,FakeResolvedArtifact,getClassifier,1,0,0.0,0,0.0,0,7,1,0,3,0,1,0,0.0,0,0,1,1,0.0,0,0.0,0,1,0.0,0,0.0,0.125,39,0,0.0,7,0,7,1,0,5,1,0,0,0,0,0,0,0,0,0,7,0.5238095238095238,7,1.0,7,7,0,0,0,0,0,0,0,4,0,0,0,0,0,11,11,37,3466,3389,7,0,18,25,1.0769230769230769,60,0,694,27,411,127,30624
2025-07-10,argo,com.grab.plugin.sizer.fake,FakeResolvedArtifact,getId,1,0,0.0,1,1.0,0,7,1,0,13,0,1,0,0.0,0,0,0,2,0.0,0,2.0,0,0,0.0,0,0.0,0.125,39,0,0.0,7,0,7,1,0,5,1,0,0,0,0,0,0,0,0,0,7,0.5238095238095238,7,1.0,7,7,0,0,0,0,0,0,0,4,0,0,0,0,0,11,11,37,3466,3389,7,0,18,25,1.0769230769230769,60,0,694,27,411,127,30624
2025-07-10,argo,com.grab.plugin.sizer.fake,FakeResolvedDependency,getModuleVersion,1,0,0.0,0,0.0,0,13,1,0,1,0,1,0,0.0,0,0,0,0,0.0,0,2.0,0,0,0.0,0,0.0,0.125,50,0,0.0,13,0,13,1,0,6,1,0,0,0,0,0,0,0,0,0,14,0.5384615384615384,14,1.0769230769230769,13,13,0,0,0,0,0,0,0,4,0,0,0,0,0,13,13,37,3466,3389,7,0,18,25,1.0769230769230769,60,0,694,27,411,127,30624
2025-07-10,argo,com.grab.plugin.sizer.fake,FakeResolvedDependency,getAllModuleArtifacts,2,0,0.0,0,0.0,0,13,1,0,6,1,2,0,0.0,0,0,0,3,0.0,0,0.0,0,0,0.0,0,0.0,0.125,50,0,0.0,13,0,13,1,0,6,1,0,0,0,0,0,0,0,0,0,14,0.5384615384615384,14,1.0769230769230769,13,13,0,0,0,0,0,0,0,4,0,0,0,0,0,13,13,37,3466,3389,7,0,18,25,1.0769230769230769,60,0,694,27,411,127,30624
2025-07-10,argo,com.grab.plugin.sizer.fake,FakeResolvedDependency,getModuleGroup,1,0,0.0,0,0.0,0,13,1,0,1,0,1,0,0.0,0,0,0,0,0.0,0,2.0,0,0,0.0,0,0.0,0.125,50,0,0.0,13,0,13,1,0,6,1,0,0,0,0,0,0,0,0,0,14,0.5384615384615384,14,1.0769230769230769,13,13,0,0,0,0,0,0,0,4,0,0,0,0,0,13,13,37,3466,3389,7,0,18,25,1.0769230769230769,60,0,694,27,411,127,30624
2025-07-10,argo,com.grab.plugin.sizer.fake,FakeResolvedDependency,getName,1,0,0.0,0,0.0,0,13,1,0,1,0,1,0,0.0,0,0,0,0,0.0,0,2.0,0,0,0.0,0,0.0,0.125,50,0,0.0,13,0,13,1,0,6,1,0,0,0,0,0,0,0,0,0,14,0.5384615384615384,14,1.0769230769230769,13,13,0,0,0,0,0,0,0,4,0,0,0,0,0,13,13,37,3466,3389,7,0,18,25,1.0769230769230769,60,0,694,27,411,127,30624
2025-07-10,argo,com.grab.plugin.sizer.fake,FakeResolvedDependency,getModuleName,1,0,0.0,0,0.0,0,13,1,0,3,0,1,0,0.0,0,0,1,1,0.0,0,0.0,0,1,0.0,0,0.0,0.125,50,0,0.0,13,0,13,1,0,6,1,0,0,0,0,0,0,0,0,0,14,0.5384615384615384,14,1.0769230769230769,13,13,0,0,0,0,0,0,0,4,0,0,0,0,0,13,13,37,3466,3389,7,0,18,25,1.0769230769230769,60,0,694,27,411,127,30624
2025-07-10,argo,com.grab.plugin.sizer.fake,FakeResolvedDependency,getConfiguration,1,0,0.0,0,0.0,0,13,1,0,3,0,1,0,0.0,0,0,1,1,0.0,0,0.0,0,1,0.0,0,0.0,0.125,50,0,0.0,13,0,13,1,0,6,1,0,0,0,0,0,0,0,0,0,14,0.5384615384615384,14,1.0769230769230769,13,13,0,0,0,0,0,0,0,4,0,0,0,0,0,13,13,37,3466,3389,7,0,18,25,1.0769230769230769,60,0,694,27,411,127,30624
2025-07-10,argo,com.grab.plugin.sizer.fake,FakeResolvedDependency,getModule,1,0,0.0,0,0.0,0,13,1,0,3,0,1,0,0.0,0,0,1,1,0.0,0,0.0,0,1,0.0,0,0.0,0.125,50,0,0.0,13,0,13,1,0,6,1,0,0,0,0,0,0,0,0,0,14,0.5384615384615384,14,1.0769230769230769,13,13,0,0,0,0,0,0,0,4,0,0,0,0,0,13,13,37,3466,3389,7,0,18,25,1.0769230769230769,60,0,694,27,411,127,30624
2025-07-10,argo,com.grab.plugin.sizer.fake,FakeResolvedDependency,getChildren,1,0,0.0,0,0.0,0,13,1,0,3,0,1,0,0.0,0,0,1,1,0.0,0,0.0,0,1,0.0,0,0.0,0.125,50,0,0.0,13,0,13,1,0,6,1,0,0,0,0,0,0,0,0,0,14,0.5384615384615384,14,1.0769230769230769,13,13,0,0,0,0,0,0,0,4,0,0,0,0,0,13,13,37,3466,3389,7,0,18,25,1.0769230769230769,60,0,694,27,411,127,30624
2025-07-10,argo,com.grab.plugin.sizer.fake,FakeResolvedDependency,getParents,1,0,0.0,0,0.0,0,13,1,0,3,0,1,0,0.0,0,0,1,1,0.0,0,0.0,0,1,0.0,0,0.0,0.125,50,0,0.0,13,0,13,1,0,6,1,0,0,0,0,0,0,0,0,0,14,0.5384615384615384,14,1.0769230769230769,13,13,0,0,0,0,0,0,0,4,0,0,0,0,0,13,13,37,3466,3389,7,0,18,25,1.0769230769230769,60,0,694,27,411,127,30624
2025-07-10,argo,com.grab.plugin.sizer.fake,FakeResolvedDependency,getModuleArtifacts,1,0,0.0,0,0.0,0,13,1,0,3,0,1,0,0.0,0,0,1,1,0.0,0,0.0,0,1,0.0,0,0.0,0.125,50,0,0.0,13,0,13,1,0,6,1,0,0,0,0,0,0,0,0,0,14,0.5384615384615384,14,1.0769230769230769,13,13,0,0,0,0,0,0,0,4,0,0,0,0,0,13,13,37,3466,3389,7,0,18,25,1.0769230769230769,60,0,694,27,411,127,30624
2025-07-10,argo,com.grab.plugin.sizer.fake,FakeResolvedDependency,getParentArtifacts,1,0,0.0,0,0.0,0,13,1,0,3,0,1,0,0.0,0,0,1,1,0.0,0,0.0,1,1,0.0,0,0.0,0.125,50,0,0.0,13,0,13,1,0,6,1,0,0,0,0,0,0,0,0,0,14,0.5384615384615384,14,1.0769230769230769,13,13,0,0,0,0,0,0,0,4,0,0,0,0,0,13,13,37,3466,3389,7,0,18,25,1.0769230769230769,60,0,694,27,411,127,30624
2025-07-10,argo,com.grab.plugin.sizer.fake,FakeResolvedDependency,getArtifacts,1,0,0.0,0,0.0,0,13,1,0,3,0,1,0,0.0,0,0,1,1,0.0,0,0.0,1,1,0.0,0,0.0,0.125,50,0,0.0,13,0,13,1,0,6,1,0,0,0,0,0,0,0,0,0,14,0.5384615384615384,14,1.0769230769230769,13,13,0,0,0,0,0,0,0,4,0,0,0,0,0,13,13,37,3466,3389,7,0,18,25,1.0769230769230769,60,0,694,27,411,127,30624
2025-07-10,argo,com.grab.plugin.sizer.fake,FakeResolvedDependency,getAllArtifacts,1,0,0.0,0,0.0,0,13,1,0,3,0,1,0,0.0,0,0,1,1,0.0,0,0.0,1,1,0.0,0,0.0,0.125,50,0,0.0,13,0,13,1,0,6,1,0,0,0,0,0,0,0,0,0,14,0.5384615384615384,14,1.0769230769230769,13,13,0,0,0,0,0,0,0,4,0,0,0,0,0,13,13,37,3466,3389,7,0,18,25,1.0769230769230769,60,0,694,27,411,127,30624
2025-07-10,argo,com.grab.plugin.sizer.fake,MockLogger,log,1,0,0.0,1,1.0,1,0,1,0,3,0,1,2,1.0,0,1,0,1,0.5,1,2.0,2,0,0.0,0,0.3333333333333333,0.3333333333333333,15,9,0.0,3,1,3,1,1,2,1,0,0,0,1,1,0,0,0,0,3,0.33333333333333337,3,1.0,3,3,1,0,3,0,0,3,0,1,0,0,0,0,0,3,3,37,3466,3389,7,0,0,3,1.0,60,0,694,27,411,127,30624
2025-07-10,argo,com.grab.plugin.sizer.fake,MockLogger,log,1,0,0.0,1,1.0,1,0,1,0,3,0,1,2,1.0,0,1,0,2,0.5,0,2.0,2,0,0.0,0,0.3333333333333333,0.3333333333333333,15,9,0.0,3,1,3,1,1,2,1,0,0,0,1,1,0,0,0,0,3,0.33333333333333337,3,1.0,3,3,1,0,3,0,0,3,0,1,0,0,0,0,0,3,3,37,3466,3389,7,0,0,3,1.0,60,0,694,27,411,127,30624
2025-07-10,argo,com.grab.plugin.sizer.fake,MockLogger,logDebug,1,0,0.0,1,1.0,1,0,1,0,3,0,1,2,1.0,0,1,0,1,0.5,1,2.0,2,0,0.0,0,0.3333333333333333,0.3333333333333333,15,9,0.0,3,1,3,1,1,2,1,0,0,0,1,1,0,0,0,0,3,0.33333333333333337,3,1.0,3,3,1,0,3,0,0,3,0,1,0,0,0,0,0,3,3,37,3466,3389,7,0,0,3,1.0,60,0,694,27,411,127,30624
